/*---------------------------------------------------------------------------*\
| =========                 |                                                 |
| \\      /  F ield         | OpenFOAM: The Open Source CFD Toolbox           |
|  \\    /   O peration     | Version:  2506                                  |
|   \\  /    A nd           | Website:  www.openfoam.com                      |
|    \\/     M anipulation  |                                                 |
\*---------------------------------------------------------------------------*/
Build  : 95a5dfacc7-20250714 OPENFOAM=2506 version=v2506
Arch   : "LSB;label=32;scalar=64"
Exec   : dsmcFoam+
Date   : Jun 05 2026
Time   : 02:49:49
Host   : SuperXCX-ROG
PID    : 73954
I/O    : uncollated
Case   : /home/superxcx/code/DSMC/dsmcFoam++/hyStrath_xcx/case/pal-phd-ch3.3.1-cylinder-react/timecompare/ourmesh/mpi8replicatedmesh
nProcs : 1
trapFpe: Floating point exception trapping enabled (FOAM_SIGFPE).
/*---------------------------------------------------------------------------*\
| =========                 |                                                 |
| \\      /  F ield         | OpenFOAM: The Open Source CFD Toolbox           |
|  \\    /   O peration     | Version:  2506                                  |
|   \\  /    A nd           | Website:  www.openfoam.com                      |
|    \\/     M anipulation  |                                                 |
\*---------------------------------------------------------------------------*/
Build  : 95a5dfacc7-20250714 OPENFOAM=2506 version=v2506
Arch   : "LSB;label=32;scalar=64"
Exec   : dsmcFoam+
Date   : Jun 05 2026
Time   : 02:49:49
Host   : SuperXCX-ROG
PID    : 73955
I/O    : uncollated
Case   : /home/superxcx/code/DSMC/dsmcFoam++/hyStrath_xcx/case/pal-phd-ch3.3.1-cylinder-react/timecompare/ourmesh/mpi8replicatedmesh
nProcs : 1
trapFpe: Floating point exception trapping enabled (FOAM_SIGFPE).
fileModificationChecking : Monitoring run-time modified files using timeStampMaster (fileModificationSkew 5, maxFileModificationPolls 20)
allowSystemOperations : Allowing user-supplied system call operations

// * * * * * * * * * * * * * * * * * * * * * * * * * * * * * * * * * * * * * //
Create time

/*---------------------------------------------------------------------------*\
| =========                 |                                                 |
| \\      /  F ield         | OpenFOAM: The Open Source CFD Toolbox           |
|  \\    /   O peration     | Version:  2506                                  |
|   \\  /    A nd           | Website:  www.openfoam.com                      |
|    \\/     M anipulation  |                                                 |
\*---------------------------------------------------------------------------*/
Build  : 95a5dfacc7-20250714 OPENFOAM=2506 version=v2506
Arch   : "LSB;label=32;scalar=64"
Exec   : dsmcFoam+
Date   : Jun 05 2026
Time   : 02:49:49
Host   : SuperXCX-ROG
PID    : 73956
I/O    : uncollated
Case   : /home/superxcx/code/DSMC/dsmcFoam++/hyStrath_xcx/case/pal-phd-ch3.3.1-cylinder-react/timecompare/ourmesh/mpi8replicatedmesh
nProcs : 1
trapFpe: Floating point exception trapping enabled (FOAM_SIGFPE).
fileModificationChecking : Monitoring run-time modified files using timeStampMaster (fileModificationSkew 5, maxFileModificationPolls 20)
allowSystemOperations : Allowing user-supplied system call operations

// * * * * * * * * * * * * * * * * * * * * * * * * * * * * * * * * * * * * * //
Create time

/*---------------------------------------------------------------------------*\
| =========                 |                                                 |
| \\      /  F ield         | OpenFOAM: The Open Source CFD Toolbox           |
|  \\    /   O peration     | Version:  2506                                  |
|   \\  /    A nd           | Website:  www.openfoam.com                      |
|    \\/     M anipulation  |                                                 |
\*---------------------------------------------------------------------------*/
Build  : 95a5dfacc7-20250714 OPENFOAM=2506 version=v2506
Arch   : "LSB;label=32;scalar=64"
Exec   : dsmcFoam+
Date   : Jun 05 2026
Time   : 02:49:49
Host   : SuperXCX-ROG
PID    : 73957
I/O    : uncollated
Case   : /home/superxcx/code/DSMC/dsmcFoam++/hyStrath_xcx/case/pal-phd-ch3.3.1-cylinder-react/timecompare/ourmesh/mpi8replicatedmesh
nProcs : 1
trapFpe: Floating point exception trapping enabled (FOAM_SIGFPE).
fileModificationChecking : Monitoring run-time modified files using timeStampMaster (fileModificationSkew 5, maxFileModificationPolls 20)
allowSystemOperations : Allowing user-supplied system call operations

// * * * * * * * * * * * * * * * * * * * * * * * * * * * * * * * * * * * * * //
Create time

/*---------------------------------------------------------------------------*\
| =========                 |                                                 |
| \\      /  F ield         | OpenFOAM: The Open Source CFD Toolbox           |
|  \\    /   O peration     | Version:  2506                                  |
|   \\  /    A nd           | Website:  www.openfoam.com                      |
|    \\/     M anipulation  |                                                 |
\*---------------------------------------------------------------------------*/
Build  : 95a5dfacc7-20250714 OPENFOAM=2506 version=v2506
Arch   : "LSB;label=32;scalar=64"
Exec   : dsmcFoam+
Date   : Jun 05 2026
Time   : 02:49:49
Host   : SuperXCX-ROG
PID    : 73958
I/O    : uncollated
Case   : /home/superxcx/code/DSMC/dsmcFoam++/hyStrath_xcx/case/pal-phd-ch3.3.1-cylinder-react/timecompare/ourmesh/mpi8replicatedmesh
nProcs : 1
trapFpe: Floating point exception trapping enabled (FOAM_SIGFPE).
fileModificationChecking : Monitoring run-time modified files using timeStampMaster (fileModificationSkew 5, maxFileModificationPolls 20)
allowSystemOperations : Allowing user-supplied system call operations

// * * * * * * * * * * * * * * * * * * * * * * * * * * * * * * * * * * * * * //
Create time

/*---------------------------------------------------------------------------*\
| =========                 |                                                 |
| \\      /  F ield         | OpenFOAM: The Open Source CFD Toolbox           |
|  \\    /   O peration     | Version:  2506                                  |
|   \\  /    A nd           | Website:  www.openfoam.com                      |
|    \\/     M anipulation  |                                                 |
\*---------------------------------------------------------------------------*/
Build  : 95a5dfacc7-20250714 OPENFOAM=2506 version=v2506
Arch   : "LSB;label=32;scalar=64"
Exec   : dsmcFoam+
Date   : Jun 05 2026
Time   : 02:49:49
Host   : SuperXCX-ROG
PID    : 73959
I/O    : uncollated
Case   : /home/superxcx/code/DSMC/dsmcFoam++/hyStrath_xcx/case/pal-phd-ch3.3.1-cylinder-react/timecompare/ourmesh/mpi8replicatedmesh
nProcs : 1
trapFpe: Floating point exception trapping enabled (FOAM_SIGFPE).
fileModificationChecking : Monitoring run-time modified files using timeStampMaster (fileModificationSkew 5, maxFileModificationPolls 20)
allowSystemOperations : Allowing user-supplied system call operations

// * * * * * * * * * * * * * * * * * * * * * * * * * * * * * * * * * * * * * //
Create time

/*---------------------------------------------------------------------------*\
| =========                 |                                                 |
| \\      /  F ield         | OpenFOAM: The Open Source CFD Toolbox           |
|  \\    /   O peration     | Version:  2506                                  |
|   \\  /    A nd           | Website:  www.openfoam.com                      |
|    \\/     M anipulation  |                                                 |
\*---------------------------------------------------------------------------*/
Build  : 95a5dfacc7-20250714 OPENFOAM=2506 version=v2506
Arch   : "LSB;label=32;scalar=64"
Exec   : dsmcFoam+
Date   : Jun 05 2026
Time   : 02:49:49
Host   : SuperXCX-ROG
PID    : 73953
I/O    : uncollated
Case   : /home/superxcx/code/DSMC/dsmcFoam++/hyStrath_xcx/case/pal-phd-ch3.3.1-cylinder-react/timecompare/ourmesh/mpi8replicatedmesh
nProcs : 1
trapFpe: Floating point exception trapping enabled (FOAM_SIGFPE).
fileModificationChecking : Monitoring run-time modified files using timeStampMaster (fileModificationSkew 5, maxFileModificationPolls 20)
allowSystemOperations : Allowing user-supplied system call operations

// * * * * * * * * * * * * * * * * * * * * * * * * * * * * * * * * * * * * * //
Create time

fileModificationChecking : Monitoring run-time modified files using timeStampMaster (fileModificationSkew 5, maxFileModificationPolls 20)
allowSystemOperations : Allowing user-supplied system call operations

// * * * * * * * * * * * * * * * * * * * * * * * * * * * * * * * * * * * * * //
Create time

/*---------------------------------------------------------------------------*\
| =========                 |                                                 |
| \\      /  F ield         | OpenFOAM: The Open Source CFD Toolbox           |
|  \\    /   O peration     | Version:  2506                                  |
|   \\  /    A nd           | Website:  www.openfoam.com                      |
|    \\/     M anipulation  |                                                 |
\*---------------------------------------------------------------------------*/
Build  : 95a5dfacc7-20250714 OPENFOAM=2506 version=v2506
Arch   : "LSB;label=32;scalar=64"
Exec   : dsmcFoam+
Date   : Jun 05 2026
Time   : 02:49:49
Host   : SuperXCX-ROG
PID    : 73960
I/O    : uncollated
Case   : /home/superxcx/code/DSMC/dsmcFoam++/hyStrath_xcx/case/pal-phd-ch3.3.1-cylinder-react/timecompare/ourmesh/mpi8replicatedmesh
nProcs : 1
trapFpe: Floating point exception trapping enabled (FOAM_SIGFPE).
fileModificationChecking : Monitoring run-time modified files using timeStampMaster (fileModificationSkew 5, maxFileModificationPolls 20)
allowSystemOperations : Allowing user-supplied system call operations

// * * * * * * * * * * * * * * * * * * * * * * * * * * * * * * * * * * * * * //
Create time

--> FOAM Warning : 
    From static Foam::IOstreamOption::compressionType Foam::IOstreamOption::compressionEnum(const word &, const compressionType)
    in file db/options/IOstreamOption.C at line 189
    Unknown compression specifier 'uncompressed' using compression off
Create mesh for time = 0


Constructing dsmcCloud
--> FOAM Warning : 
    From static Foam::IOstreamOption::compressionType Foam::IOstreamOption::compressionEnum(const word &, const compressionType)
    in file db/options/IOstreamOption.C at line 189
    Unknown compression specifier 'uncompressed' using compression off
Create mesh for time = 0


Constructing dsmcCloud
--> FOAM Warning : 
    From static Foam::IOstreamOption::compressionType Foam::IOstreamOption::compressionEnum(const word &, const compressionType)
    in file db/options/IOstreamOption.C at line 189
    Unknown compression specifier 'uncompressed' using compression off
Create mesh for time = 0


Constructing dsmcCloud
--> FOAM Warning : 
    From static Foam::IOstreamOption::compressionType Foam::IOstreamOption::compressionEnum(const word &, const compressionType)
    in file db/options/IOstreamOption.C at line 189
    Unknown compression specifier 'uncompressed' using compression off
Create mesh for time = 0


Constructing dsmcCloud
--> FOAM Warning : 
    From static Foam::IOstreamOption::compressionType Foam::IOstreamOption::compressionEnum(const word &, const compressionType)
    in file db/options/IOstreamOption.C at line 189
    Unknown compression specifier 'uncompressed' using compression off
Create mesh for time = 0


Constructing dsmcCloud
--> FOAM Warning : 
    From static Foam::IOstreamOption::compressionType Foam::IOstreamOption::compressionEnum(const word &, const compressionType)
    in file db/options/IOstreamOption.C at line 189
    Unknown compression specifier 'uncompressed' using compression off
Create mesh for time = 0


Constructing dsmcCloud
--> FOAM Warning : 
    From static Foam::IOstreamOption::compressionType Foam::IOstreamOption::compressionEnum(const word &, const compressionType)
    in file db/options/IOstreamOption.C at line 189
    Unknown compression specifier 'uncompressed' using compression off
Create mesh for time = 0


Constructing dsmcCloud
--> FOAM Warning : 
    From static Foam::IOstreamOption::compressionType Foam::IOstreamOption::compressionEnum(const word &, const compressionType)
    in file db/options/IOstreamOption.C at line 189
    Unknown compression specifier 'uncompressed' using compression off
Create mesh for time = 0


Constructing dsmcCloud
Selecting the coordinate system model:	dsmcCartesian

Selecting the time-step model:	dsmcConstantTimeStepModel

Constant time-step model:
- time-step [sec]	1e-07

Selecting the coordinate system model:	dsmcCartesian

Selecting the time-step model:	dsmcConstantTimeStepModel

Constant time-step model:
- time-step [sec]	1e-07

Selecting the porous measurement model:	dsmcNoPorousMediumMeasurements


Creating dsmcControllers

Selecting the porous measurement model:	dsmcNoPorousMediumMeasurements


Creating dsmcControllers

Creating fields: 

Selecting field: dsmcVolFields

TimeData Statistics: 
 measurement option: write
 nSamples: 1, time interval: 1e-07
 nAverages: 10000, time interval: 0.001
 total no. of sampling steps: 0
 total no. of averaging Steps: 0


Creating fields: 

Selecting field: dsmcVolFields

TimeData Statistics: 
 measurement option: write
 nSamples: 1, time interval: 1e-07
 nAverages: 10000, time interval: 0.001
 total no. of sampling steps: 0
 total no. of averaging Steps: 0


Selecting the coordinate system model:	dsmcCartesian

Selecting the time-step model:	dsmcConstantTimeStepModel

Constant time-step model:
- time-step [sec]	1e-07

Selecting the porous measurement model:	dsmcNoPorousMediumMeasurements


Creating dsmcControllers

Creating fields: 

Selecting field: dsmcVolFields

TimeData Statistics: 
 measurement option: write
 nSamples: 1, time interval: 1e-07
 nAverages: 10000, time interval: 0.001
 total no. of sampling steps: 0
 total no. of averaging Steps: 0


Selecting the coordinate system model:	dsmcCartesian

Selecting the time-step model:	dsmcConstantTimeStepModel

Constant time-step model:
- time-step [sec]	1e-07

Selecting the coordinate system model:	dsmcCartesian

Selecting the time-step model:	dsmcConstantTimeStepModel

Constant time-step model:
- time-step [sec]	1e-07

Selecting the porous measurement model:	dsmcNoPorousMediumMeasurements


Creating dsmcControllers

Selecting the porous measurement model:	dsmcNoPorousMediumMeasurements


Creating dsmcControllers

Creating fields: 

Selecting field: dsmcVolFields

TimeData Statistics: 
 measurement option: write
 nSamples: 1, time interval: 1e-07
 nAverages: 10000, time interval: 0.001
 total no. of sampling steps: 0
 total no. of averaging Steps: 0


Creating fields: 

Selecting field: dsmcVolFields

TimeData Statistics: 
 measurement option: write
 nSamples: 1, time interval: 1e-07
 nAverages: 10000, time interval: 0.001
 total no. of sampling steps: 0
 total no. of averaging Steps: 0


Selecting the coordinate system model:	dsmcCartesian

Selecting the time-step model:	dsmcConstantTimeStepModel

Constant time-step model:
- time-step [sec]	1e-07

Selecting the porous measurement model:	dsmcNoPorousMediumMeasurements


Creating dsmcControllers

Selecting the coordinate system model:	dsmcCartesian

Selecting the time-step model:	dsmcConstantTimeStepModel

Creating fields: 

Selecting field: dsmcVolFields

TimeData Statistics: 
 measurement option: write
 nSamples: 1, time interval: 1e-07
 nAverages: 10000, time interval: 0.001
 total no. of sampling steps: 0
 total no. of averaging Steps: 0


Constant time-step model:
- time-step [sec]	1e-07

Selecting the porous measurement model:	dsmcNoPorousMediumMeasurements


Creating dsmcControllers

Selecting the coordinate system model:	dsmcCartesian

Selecting the time-step model:	dsmcConstantTimeStepModel

Constant time-step model:
- time-step [sec]	1e-07

Creating fields: 

Selecting field: dsmcVolFields

TimeData Statistics: 
 measurement option: write
 nSamples: 1, time interval: 1e-07
 nAverages: 10000, time interval: 0.001
 total no. of sampling steps: 0
 total no. of averaging Steps: 0


Selecting the porous measurement model:	dsmcNoPorousMediumMeasurements


Creating dsmcControllers

Creating fields: 

Selecting field: dsmcVolFields

TimeData Statistics: 
 measurement option: write
 nSamples: 1, time interval: 1e-07
 nAverages: 10000, time interval: 0.001
 total no. of sampling steps: 0
 total no. of averaging Steps: 0


Creating the boundary models: 

Selecting dsmcPatchBoundaryModel dsmcDeletionPatch
Selecting dsmcPatchBoundaryModel dsmcDeletionPatch
Selecting dsmcPatchBoundaryModel dsmcDiffuseWallPatch
Selecting dsmcGeneralBoundaryModel dsmcFreeStreamInflowPatch
Creating the boundary models: 

Selecting dsmcPatchBoundaryModel dsmcDeletionPatch
Selecting dsmcPatchBoundaryModel dsmcDeletionPatch
Selecting dsmcPatchBoundaryModel dsmcDiffuseWallPatch
Selecting dsmcGeneralBoundaryModel dsmcFreeStreamInflowPatch
Creating the boundary models: 

Selecting dsmcPatchBoundaryModel dsmcDeletionPatch
Selecting dsmcPatchBoundaryModel dsmcDeletionPatch
Selecting dsmcPatchBoundaryModel dsmcDiffuseWallPatch
Selecting dsmcGeneralBoundaryModel dsmcFreeStreamInflowPatch
Selecting BinaryCollisionModel LarsenBorgnakkeVariableHardSphere

Constructing constant properties for
    N2
    O2
    NO
    N
    O
Selecting BinaryCollisionModel LarsenBorgnakkeVariableHardSphere

Constructing constant properties for
    N2
    O2
    NO
    N
    O
Creating the boundary models: 

Selecting dsmcPatchBoundaryModel dsmcDeletionPatch
Selecting dsmcPatchBoundaryModel dsmcDeletionPatch
Selecting dsmcPatchBoundaryModel dsmcDiffuseWallPatch
Selecting dsmcGeneralBoundaryModel dsmcFreeStreamInflowPatch
Creating the boundary models: 

Selecting dsmcPatchBoundaryModel dsmcDeletionPatch
Selecting dsmcPatchBoundaryModel dsmcDeletionPatch
Selecting dsmcPatchBoundaryModel dsmcDiffuseWallPatch
Selecting dsmcGeneralBoundaryModel dsmcFreeStreamInflowPatch
Selecting BinaryCollisionModel LarsenBorgnakkeVariableHardSphere

Constructing constant properties for
    N2
    O2
    NO
    N
    O
Creating the boundary models: 

Selecting dsmcPatchBoundaryModel dsmcDeletionPatch
Selecting dsmcPatchBoundaryModel dsmcDeletionPatch
Selecting dsmcPatchBoundaryModel dsmcDiffuseWallPatch
Selecting dsmcGeneralBoundaryModel dsmcFreeStreamInflowPatch
Selecting BinaryCollisionModel LarsenBorgnakkeVariableHardSphere

Constructing constant properties for
    N2
    O2
    NO
    N
    O
Selecting BinaryCollisionModel LarsenBorgnakkeVariableHardSphere

Constructing constant properties for
    N2
    O2
    NO
    N
    O
Creating the boundary models: 

Selecting dsmcPatchBoundaryModel dsmcDeletionPatch
Selecting dsmcPatchBoundaryModel dsmcDeletionPatch
Selecting dsmcPatchBoundaryModel dsmcDiffuseWallPatch
Selecting dsmcGeneralBoundaryModel dsmcFreeStreamInflowPatch
Creating the boundary models: 

Selecting dsmcPatchBoundaryModel dsmcDeletionPatch
Selecting dsmcPatchBoundaryModel dsmcDeletionPatch
Selecting dsmcPatchBoundaryModel dsmcDiffuseWallPatch
Selecting dsmcGeneralBoundaryModel dsmcFreeStreamInflowPatch
Selecting BinaryCollisionModel LarsenBorgnakkeVariableHardSphere

Constructing constant properties for
    N2
    O2
    NO
    N
    O
Selecting BinaryCollisionModel LarsenBorgnakkeVariableHardSphere

Constructing constant properties for
    N2
    O2
    NO
    N
    O
Selecting BinaryCollisionModel LarsenBorgnakkeVariableHardSphere

Constructing constant properties for
    N2
    O2
    NO
    N
    O
Replicated mesh: METIS decomposition complete, 104151 cells -> 8 ranks
Replicated mesh: rank 0 owns 13019 / 104151 cells
Replicated mesh: rank 3 owns 13016 / 104151 cells
Replicated mesh: rank 4 owns 13019 / 104151 cells
Replicated mesh: rank 5 owns 13020 / 104151 cells
Replicated mesh: rank 6 owns 13021 / 104151 cells
Replicated mesh: rank 7 owns 13021 / 104151 cells
Replicated mesh: rank 1 owns 13018 / 104151 cells
Replicated mesh: rank 2 owns 13017 / 104151 cells
Local mesh: 13019 owned + 310 halo = 13329 / 104151 cells
Replicated mesh: no-Alltoall async migration enabled
Replicated mesh: flatTransfer=1 found=1
Replicated mesh: flat POD transfer enabled
Phase C auto DLB: enabled (ParMETIS AdaptiveRepart), imbalanceThreshold=1.5, dlbSteps=50, sarSteps=10, triggerMode=legacyWindow, minGapSteps=50, checkCollective=allgather, skipFixedKPostDiag=0
Replicated mesh: initialized with 8 MPI ranks, migrate interval 10
Replicated mesh: rank 0 starts with 2058337 parcels

Creating dsmcReactions

There are no chemical reactions defined.
Selecting collisionPartnerSelectionModel noTimeCounter

Initialising the measurement fields

Initialising dsmcVolFields field
Local mesh: 13021 owned + 154 halo = 13175 / 104151 cells
Replicated mesh: no-Alltoall async migration enabled
Replicated mesh: flatTransfer=1 found=1
Replicated mesh: flat POD transfer enabled
Phase C auto DLB: enabled (ParMETIS AdaptiveRepart), imbalanceThreshold=1.5, dlbSteps=50, sarSteps=10, triggerMode=legacyWindow, minGapSteps=50, checkCollective=allgather, skipFixedKPostDiag=0
Replicated mesh: initialized with 8 MPI ranks, migrate interval 10
Local mesh: 13017 owned + 327 halo = 13344 / 104151 cells
Replicated mesh: no-Alltoall async migration enabled
Replicated mesh: flatTransfer=1 found=1
Replicated mesh: flat POD transfer enabled
Phase C auto DLB: enabled (ParMETIS AdaptiveRepart), imbalanceThreshold=1.5, dlbSteps=50, sarSteps=10, triggerMode=legacyWindow, minGapSteps=50, checkCollective=allgather, skipFixedKPostDiag=0
Replicated mesh: initialized with 8 MPI ranks, migrate interval 10
Local mesh: 13019 owned + 307 halo = 13326 / 104151 cells
Replicated mesh: no-Alltoall async migration enabled
Replicated mesh: flatTransfer=1 found=1
Replicated mesh: flat POD transfer enabled
Phase C auto DLB: enabled (ParMETIS AdaptiveRepart), imbalanceThreshold=1.5, dlbSteps=50, sarSteps=10, triggerMode=legacyWindow, minGapSteps=50, checkCollective=allgather, skipFixedKPostDiag=0
Replicated mesh: initialized with 8 MPI ranks, migrate interval 10
Local mesh: 13021 owned + 321 halo = 13342 / 104151 cells
Replicated mesh: no-Alltoall async migration enabled
Replicated mesh: flatTransfer=1 found=1
Replicated mesh: flat POD transfer enabled
Phase C auto DLB: enabled (ParMETIS AdaptiveRepart), imbalanceThreshold=1.5, dlbSteps=50, sarSteps=10, triggerMode=legacyWindow, minGapSteps=50, checkCollective=allgather, skipFixedKPostDiag=0
Replicated mesh: initialized with 8 MPI ranks, migrate interval 10
Local mesh: 13016 owned + 157 halo = 13173 / 104151 cells
Local mesh: 13018 owned + 327 halo = 13345 / 104151 cells
Replicated mesh: no-Alltoall async migration enabled
Replicated mesh: flatTransfer=1 found=1
Replicated mesh: flat POD transfer enabled
Phase C auto DLB: enabled (ParMETIS AdaptiveRepart), imbalanceThreshold=1.5, dlbSteps=50, sarSteps=10, triggerMode=legacyWindow, minGapSteps=50, checkCollective=allgather, skipFixedKPostDiag=Replicated mesh: no-Alltoall async migration enabled
Replicated mesh: flatTransfer=0
Replicated mesh: initialized with 8 MPI ranks, migrate interval 10
1 found=1
Replicated mesh: flat POD transfer enabled
Phase C auto DLB: enabled (ParMETIS AdaptiveRepart), imbalanceThreshold=1.5, dlbSteps=50, sarSteps=10, triggerMode=legacyWindow, minGapSteps=50, checkCollective=allgather, skipFixedKPostDiag=0
Replicated mesh: initialized with 8 MPI ranks, migrate interval 10
Local mesh: 13020 owned + 321 halo = 13341 / 104151 cells
Replicated mesh: no-Alltoall async migration enabled
Replicated mesh: flatTransfer=1 found=1
Replicated mesh: flat POD transfer enabled
Phase C auto DLB: enabled (ParMETIS AdaptiveRepart), imbalanceThreshold=1.5, dlbSteps=50, sarSteps=10, triggerMode=legacyWindow, minGapSteps=50, checkCollective=allgather, skipFixedKPostDiag=0
Replicated mesh: initialized with 8 MPI ranks, migrate interval 10
Replicated mesh: rank 1 starts with 0 parcels
Replicated mesh: rank 4 starts with 0 parcels

Creating dsmcReactions

There are no chemical reactions defined.
Selecting collisionPartnerSelectionModel noTimeCounter

Initialising the measurement fields

Initialising dsmcVolFields field

Creating dsmcReactions

There are no chemical reactions defined.
Selecting collisionPartnerSelectionModel noTimeCounter

Initialising the measurement fields

Initialising dsmcVolFields field
Replicated mesh: rank 6 starts with 0 parcels
Replicated mesh: rank 7 starts with 0 parcels

Creating dsmcReactions

There are no chemical reactions defined.
Selecting collisionPartnerSelectionModel noTimeCounter

Creating dsmcReactions

There are no chemical reactions defined.
Selecting collisionPartnerSelectionModel noTimeCounter

Initialising the measurement fields

Initialising dsmcVolFields field

Initialising the measurement fields

Initialising dsmcVolFields field
Replicated mesh: rank 5 starts with 0 parcels

Creating dsmcReactions

There are no chemical reactions defined.
Selecting collisionPartnerSelectionModel noTimeCounter

Initialising the measurement fields

Initialising dsmcVolFields field
Replicated mesh: rank 2 starts with 0 parcels

Creating dsmcReactions

There are no chemical reactions defined.
Selecting collisionPartnerSelectionModel noTimeCounter

Initialising the measurement fields

Initialising dsmcVolFields field
Replicated mesh: rank 3 starts with 0 parcels

Creating dsmcReactions

There are no chemical reactions defined.
Selecting collisionPartnerSelectionModel noTimeCounter

Initialising the measurement fields

Initialising dsmcVolFields field
DSMC dynamic load balancing: disabled, mode external-repartition, check interval 1, cooldown 0, max imbalance 0.1, timer gate off

Starting time loop

DSMC dynamic load balancing: disabled, mode external-repartition, check interval 1, cooldown 0, max imbalance 0.1, timer gate off

Starting time loop

DSMC dynamic load balancing: disabled, mode external-repartition, check interval 1, cooldown 0, max imbalance 0.1, timer gate off

Starting time loop

DSMC dynamic load balancing: disabled, mode external-repartition, check interval 1, cooldown 0, max imbalance 0.1, timer gate off

Starting time loop

DSMC dynamic load balancing: disabled, mode external-repartition, check interval 1, cooldown 0, max imbalance 0.1, timer gate off

Starting time loop

DSMC dynamic load balancing: disabled, mode external-repartition, check interval 1, cooldown 0, max imbalance 0.1, timer gate off

Starting time loop

DSMC dynamic load balancing: disabled, mode external-repartition, check interval 1, cooldown 0, max imbalance 0.1, timer gate off

Starting time loop

DSMC dynamic load balancing: disabled, mode external-repartition, check interval 1, cooldown 0, max imbalance 0.1, timer gate off

Starting time loop


Start sample at time 1e-07 and step 1


Start sample at time 1e-07 and step 1


Start sample at time 1e-07 and step 1


Start sample at time 1e-07 and step 1


Start sample at time 1e-07 and step 1

ExecutionTime = 7.29 s  ClockTime = 8 s


Start sample at time 1e-07 and step 1


Start sample at time 1e-07 and step 1


Start sample at time 1e-07 and step 1

ExecutionTime = 7.36 s  ClockTime = 8 s

ExecutionTime = 7.32 s  ClockTime = 8 s

ExecutionTime = 7.33 s  ClockTime = 8 s

ExecutionTime = 7.38 s  ClockTime = 8 s

ExecutionTime = 7.33 s  ClockTime = 8 s

ExecutionTime = 7.39 s  ClockTime = 8 s

ExecutionTime = 7.37 s  ClockTime = 8 s

ExecutionTime = 7.41 s  ClockTime = 8 s

ExecutionTime = 7.46 s  ClockTime = 8 s

ExecutionTime = 7.43 s  ClockTime = 8 s

ExecutionTime = 7.49 s  ClockTime = 8 s

ExecutionTime = 7.45 s  ClockTime = 8 s

ExecutionTime = 7.54 s  ClockTime = 8 s

ExecutionTime = 7.52 s  ClockTime = 8 s

ExecutionTime = 7.5 s  ClockTime = 8 s

ExecutionTime = 7.54 s  ClockTime = 8 s

ExecutionTime = 7.57 s  ClockTime = 8 s

ExecutionTime = 7.54 s  ClockTime = 9 s

ExecutionTime = 7.56 s  ClockTime = 9 s

ExecutionTime = 7.63 s  ClockTime = 9 s

ExecutionTime = 7.66 s  ClockTime = 9 s

ExecutionTime = 7.68 s  ClockTime = 9 s

ExecutionTime = 7.67 s  ClockTime = 9 s

ExecutionTime = 7.67 s  ClockTime = 9 s

ExecutionTime = 7.66 s  ClockTime = 9 s

ExecutionTime = 7.66 s  ClockTime = 9 s

ExecutionTime = 7.75 s  ClockTime = 9 s

ExecutionTime = 7.71 s  ClockTime = 9 s

ExecutionTime = 7.79 s  ClockTime = 9 s

ExecutionTime = 7.78 s  ClockTime = 9 s

ExecutionTime = 7.82 s  ClockTime = 9 s

ExecutionTime = 7.78 s  ClockTime = 9 s

ExecutionTime = 7.82 s  ClockTime = 9 s

ExecutionTime = 7.83 s  ClockTime = 9 s

ExecutionTime = 7.89 s  ClockTime = 9 s

ExecutionTime = 7.91 s  ClockTime = 9 s

ExecutionTime = 7.87 s  ClockTime = 9 s

ExecutionTime = 7.92 s  ClockTime = 9 s

ExecutionTime = 7.9 s  ClockTime = 9 s

ExecutionTime = 7.98 s  ClockTime = 9 s

ExecutionTime = 7.98 s  ClockTime = 9 s

ExecutionTime = 8.01 s  ClockTime = 9 s

ExecutionTime = 7.99 s  ClockTime = 9 s

ExecutionTime = 8.04 s  ClockTime = 9 s

ExecutionTime = 8.02 s  ClockTime = 9 s

ExecutionTime = 8.01 s  ClockTime = 9 s

ExecutionTime = 8.02 s  ClockTime = 9 s

ExecutionTime = 8.11 s  ClockTime = 9 s

ExecutionTime = 8.13 s  ClockTime = 9 s

ExecutionTime = 8.13 s  ClockTime = 9 s

ExecutionTime = 8.15 s  ClockTime = 9 s

ExecutionTime = 8.15 s  ClockTime = 9 s

ExecutionTime = 8.14 s  ClockTime = 9 s

ExecutionTime = 8.17 s  ClockTime = 9 s

ExecutionTime = 8.16 s  ClockTime = 9 s

ExecutionTime = 8.24 s  ClockTime = 9 s

Time = 1e-06

ExecutionTime = 8.25 s  ClockTime = 9 s

ExecutionTime = 8.28 s  ClockTime = 9 s

ExecutionTime = 8.24 s  ClockTime = 9 s

Time = 1e-06

ExecutionTime = 8.28 s  ClockTime = 9 s

Time = 1e-06

ExecutionTime = 8.28 s  ClockTime = 9 s

    Collisions [rank 2]              = 557
    Collision candidates           = 1575
    Collision acceptance rate      = 0.3536507937

Cloud name: dsmc [rank 2]
    Number of dsmc particles        = 209021
    Number of molecules             = 1.045105e+17
    Mass in system                  = 5.00711269e-09
    Average linear kinetic energy   = 1.107886621e-18
    Average rotational energy       = 2.68083341e-21
    Average vibrational energy      = 2.164911088e-20
    Average electronic energy       = 0
    Average total energy            = 1.132216565e-18
ExecutionTime = 8.34 s  ClockTime = 9 s

    Collisions [rank 1]              = 512
    Collision candidates           = 1608
    Collision acceptance rate      = 0.3184079602

ExecutionTime = 8.32 s  ClockTime = 9 s

ExecutionTime = 8.32 s  ClockTime = 9 s

    Collisions [rank 3]              = 520
    Collision candidates           = 1586
    Collision acceptance rate      = 0.3278688525

Cloud name: dsmc [rank 1]
    Number of dsmc particles        = 202535
    Number of molecules             = 1.012675e+17
    Mass in system                  = 4.85086493e-09
    Average linear kinetic energy   = 1.106148735e-18
    Average rotational energy       = 2.698543681e-21
    Average vibrational energy      = 2.166823996e-20
    Average electronic energy       = 0
    Average total energy            = 1.130515519e-18
ExecutionTime = 8.34 s  ClockTime = 9 s

ExecutionTime = 8.42 s  ClockTime = 9 s

ExecutionTime = 8.42 s  ClockTime = 9 s

Time = 1e-06

Cloud name: dsmc [rank 3]
    Number of dsmc particles        = 207454
    Number of molecules             = 1.03727e+17
    Mass in system                  = 4.96837949e-09
    Average linear kinetic energy   = 1.108158524e-18
    Average rotational energy       = 2.659426625e-21
    Average vibrational energy      = 2.165898374e-20
    Average electronic energy       = 0
    Average total energy            = 1.132476935e-18
ExecutionTime = 8.42 s  ClockTime = 9 s

ExecutionTime = 8.43 s  ClockTime = 9 s

ExecutionTime = 8.44 s  ClockTime = 9 s

Time = 1e-06

    Collisions [rank 0]              = 588
    Collision candidates           = 1819
    Collision acceptance rate      = 0.3232545355

ExecutionTime = 8.49 s  ClockTime = 9 s

Cloud name: dsmc [rank 0]
    Number of dsmc particles        = 254085
    Number of molecules             = 1.270425e+17
    Mass in system                  = 6.08496176e-09
    Average linear kinetic energy   = 1.111072878e-18
    Average rotational energy       = 2.640447527e-21
    Average vibrational energy      = 2.165664013e-20
    Average electronic energy       = 0
    Average total energy            = 1.135369965e-18
ExecutionTime = 8.54 s  ClockTime = 9 s

ExecutionTime = 8.56 s  ClockTime = 10 s

Time = 1e-06

    Collisions [rank 4]              = 616
    Collision candidates           = 1947
    Collision acceptance rate      = 0.3163841808

ExecutionTime = 8.58 s  ClockTime = 10 s

Time = 1e-06

Cloud name: dsmc [rank 4]
    Number of dsmc particles        = 267062
    Number of molecules             = 1.33531e+17
    Mass in system                  = 6.39548161e-09
    Average linear kinetic energy   = 1.110803068e-18
    Average rotational energy       = 2.651591534e-21
    Average vibrational energy      = 2.165875968e-20
    Average electronic energy       = 0
    Average total energy            = 1.135113419e-18
ExecutionTime = 8.57 s  ClockTime = 10 s

ExecutionTime = 8.61 s  ClockTime = 10 s

Time = 1e-06

    Collisions [rank 6]              = 682
    Collision candidates           = 2234
    Collision acceptance rate      = 0.3052820054

    Collisions [rank 7]              = 730
    Collision candidates           = 2212
    Collision acceptance rate      = 0.3300180832

Cloud name: dsmc [rank 6]
    Number of dsmc particles        = 320878
    Number of molecules             = 1.60439e+17
    Mass in system                  = 7.68573513e-09
    Average linear kinetic energy   = 1.115155304e-18
    Average rotational energy       = 2.591206146e-21
    Average vibrational energy      = 2.163886072e-20
    Average electronic energy       = 0
    Average total energy            = 1.139385371e-18
ExecutionTime = 8.69 s  ClockTime = 10 s

    Collisions [rank 5]              = 638
    Collision candidates           = 2165
    Collision acceptance rate      = 0.2946882217

Cloud name: dsmc [rank 7]
    Number of dsmc particles        = 310997
    Number of molecules             = 1.554985e+17
    Mass in system                  = 7.44984859e-09
    Average linear kinetic energy   = 1.114579341e-18
    Average rotational energy       = 2.608526258e-21
    Average vibrational energy      = 2.163626985e-20
    Average electronic energy       = 0
    Average total energy            = 1.138824137e-18
ExecutionTime = 8.71 s  ClockTime = 10 s

Cloud name: dsmc [rank 5]
    Number of dsmc particles        = 294533
    Number of molecules             = 1.472665e+17
    Mass in system                  = 7.05366171e-09
    Average linear kinetic energy   = 1.113014269e-18
    Average rotational energy       = 2.60782426e-21
    Average vibrational energy      = 2.165289495e-20
    Average electronic energy       = 0
    Average total energy            = 1.137274988e-18
ExecutionTime = 8.73 s  ClockTime = 10 s

ExecutionTime = 8.85 s  ClockTime = 10 s

ExecutionTime = 8.92 s  ClockTime = 10 s

ExecutionTime = 8.9 s  ClockTime = 10 s

ExecutionTime = 8.89 s  ClockTime = 10 s

ExecutionTime = 8.92 s  ClockTime = 10 s

ExecutionTime = 8.88 s  ClockTime = 10 s

ExecutionTime = 8.93 s  ClockTime = 10 s

ExecutionTime = 8.92 s  ClockTime = 10 s

ExecutionTime = 9.01 s  ClockTime = 10 s

ExecutionTime = 9.03 s  ClockTime = 10 s

ExecutionTime = 8.99 s  ClockTime = 10 s

ExecutionTime = 9.06 s  ClockTime = 10 s

ExecutionTime = 9.02 s  ClockTime = 10 s

ExecutionTime = 9.04 s  ClockTime = 10 s

ExecutionTime = 9.1 s  ClockTime = 10 s

ExecutionTime = 9.09 s  ClockTime = 10 s

ExecutionTime = 9.11 s  ClockTime = 10 s

ExecutionTime = 9.14 s  ClockTime = 10 s

ExecutionTime = 9.1 s  ClockTime = 10 s

ExecutionTime = 9.19 s  ClockTime = 10 s

ExecutionTime = 9.16 s  ClockTime = 10 s

ExecutionTime = 9.16 s  ClockTime = 10 s

ExecutionTime = 9.21 s  ClockTime = 10 s

ExecutionTime = 9.25 s  ClockTime = 10 s

ExecutionTime = 9.26 s  ClockTime = 10 s

ExecutionTime = 9.23 s  ClockTime = 10 s

ExecutionTime = 9.26 s  ClockTime = 10 s

ExecutionTime = 9.32 s  ClockTime = 10 s

ExecutionTime = 9.31 s  ClockTime = 10 s

ExecutionTime = 9.31 s  ClockTime = 10 s

ExecutionTime = 9.34 s  ClockTime = 10 s

ExecutionTime = 9.34 s  ClockTime = 10 s

ExecutionTime = 9.39 s  ClockTime = 10 s

ExecutionTime = 9.41 s  ClockTime = 10 s

ExecutionTime = 9.43 s  ClockTime = 10 s

ExecutionTime = 9.44 s  ClockTime = 10 s

ExecutionTime = 9.48 s  ClockTime = 10 s

ExecutionTime = 9.46 s  ClockTime = 10 s

ExecutionTime = 9.47 s  ClockTime = 10 s

ExecutionTime = 9.46 s  ClockTime = 10 s

ExecutionTime = 9.52 s  ClockTime = 10 s

ExecutionTime = 9.54 s  ClockTime = 11 s

ExecutionTime = 9.55 s  ClockTime = 11 s

ExecutionTime = 9.59 s  ClockTime = 11 s

ExecutionTime = 9.61 s  ClockTime = 11 s

ExecutionTime = 9.58 s  ClockTime = 11 s

ExecutionTime = 9.64 s  ClockTime = 11 s

ExecutionTime = 9.6 s  ClockTime = 11 s

ExecutionTime = 9.63 s  ClockTime = 11 s

ExecutionTime = 9.66 s  ClockTime = 11 s

ExecutionTime = 9.71 s  ClockTime = 11 s

ExecutionTime = 9.74 s  ClockTime = 11 s

ExecutionTime = 9.7 s  ClockTime = 11 s

ExecutionTime = 9.74 s  ClockTime = 11 s

ExecutionTime = 9.79 s  ClockTime = 11 s

ExecutionTime = 9.77 s  ClockTime = 11 s

Time = 2e-06

ExecutionTime = 9.75 s  ClockTime = 11 s

ExecutionTime = 9.78 s  ClockTime = 11 s

    Collisions [rank 3]              = 611
    Collision candidates           = 1786
    Collision acceptance rate      = 0.3421052632

ExecutionTime = 9.84 s  ClockTime = 11 s

Time = 2e-06

ExecutionTime = 9.81 s  ClockTime = 11 s

Time = 2e-06

Cloud name: dsmc [rank 3]
    Number of dsmc particles        = 208791
    Number of molecules             = 1.043955e+17
    Mass in system                  = 5.00039485e-09
    Average linear kinetic energy   = 1.101577259e-18
    Average rotational energy       = 2.780794953e-21
    Average vibrational energy      = 2.167628194e-20
    Average electronic energy       = 0
    Average total energy            = 1.126034336e-18
ExecutionTime = 9.87 s  ClockTime = 11 s

ExecutionTime = 9.9 s  ClockTime = 11 s

ExecutionTime = 9.9 s  ClockTime = 11 s

ExecutionTime = 9.92 s  ClockTime = 11 s

    Collisions [rank 2]              = 614
    Collision candidates           = 1731
    Collision acceptance rate      = 0.3547082611

    Collisions [rank 1]              = 604
    Collision candidates           = 1726
    Collision acceptance rate      = 0.3499420626

ExecutionTime = 9.91 s  ClockTime = 11 s

Cloud name: dsmc [rank 2]
    Number of dsmc particles        = 210588
    Number of molecules             = 1.05294e+17
    Mass in system                  = 5.04467415e-09
    Average linear kinetic energy   = 1.099792716e-18
    Average rotational energy       = 2.805995355e-21
    Average vibrational energy      = 2.166480071e-20
    Average electronic energy       = 0
    Average total energy            = 1.124263512e-18
ExecutionTime = 9.96 s  ClockTime = 11 s

ExecutionTime = 9.94 s  ClockTime = 11 s

Cloud name: dsmc [rank 1]
    Number of dsmc particles        = 204307
    Number of molecules             = 1.021535e+17
    Mass in system                  = 4.89324891e-09
    Average linear kinetic energy   = 1.097024151e-18
    Average rotational energy       = 2.849388347e-21
    Average vibrational energy      = 2.168798597e-20
    Average electronic energy       = 0
    Average total energy            = 1.121561526e-18
ExecutionTime = 9.94 s  ClockTime = 11 s

ExecutionTime = 10.04 s  ClockTime = 11 s

ExecutionTime = 10.02 s  ClockTime = 11 s

ExecutionTime = 10.05 s  ClockTime = 11 s

Time = 2e-06

ExecutionTime = 10.04 s  ClockTime = 11 s

Time = 2e-06

ExecutionTime = 10.06 s  ClockTime = 11 s

Time = 2e-06

    Collisions [rank 0]              = 652
    Collision candidates           = 1967
    Collision acceptance rate      = 0.3314692425

Cloud name: dsmc [rank 0]
    Number of dsmc particles        = 255076
    Number of molecules             = 1.27538e+17
    Mass in system                  = 6.10867113e-09
    Average linear kinetic energy   = 1.106554702e-18
    Average rotational energy       = 2.73390247e-21
    Average vibrational energy      = 2.166899049e-20
    Average electronic energy       = 0
    Average total energy            = 1.130957595e-18
    Collisions [rank 4]              = 690
    Collision candidates           = 2007
    Collision acceptance rate      = 0.3437967115

ExecutionTime = 10.16 s  ClockTime = 11 s

ExecutionTime = 10.16 s  ClockTime = 11 s

Time = 2e-06

    Collisions [rank 5]              = 667
    Collision candidates           = 2131
    Collision acceptance rate      = 0.3129985922

ExecutionTime = 10.16 s  ClockTime = 11 s

Time = 2e-06

Cloud name: dsmc [rank 4]
    Number of dsmc particles        = 268219
    Number of molecules             = 1.341095e+17
    Mass in system                  = 6.42339141e-09
    Average linear kinetic energy   = 1.106501578e-18
    Average rotational energy       = 2.725154696e-21
    Average vibrational energy      = 2.167183719e-20
    Average electronic energy       = 0
    Average total energy            = 1.13089857e-18
ExecutionTime = 10.16 s  ClockTime = 11 s

Cloud name: dsmc [rank 5]
    Number of dsmc particles        = 295210
    Number of molecules             = 1.47605e+17
    Mass in system                  = 7.0697131e-09
    Average linear kinetic energy   = 1.11032325e-18
    Average rotational energy       = 2.661526013e-21
    Average vibrational energy      = 2.166620189e-20
    Average electronic energy       = 0
    Average total energy            = 1.134650977e-18
ExecutionTime = 10.18 s  ClockTime = 11 s

    Collisions [rank 6]              = 694
    Collision candidates           = 2218
    Collision acceptance rate      = 0.3128944995

    Collisions [rank 7]              = 711
    Collision candidates           = 2199
    Collision acceptance rate      = 0.3233287858

Cloud name: dsmc [rank 6]
    Number of dsmc particles        = 320992
    Number of molecules             = 1.60496e+17
    Mass in system                  = 7.68853789e-09
    Average linear kinetic energy   = 1.114641799e-18
    Average rotational energy       = 2.601257946e-21
    Average vibrational energy      = 2.163993332e-20
    Average electronic energy       = 0
    Average total energy            = 1.13888299e-18
ExecutionTime = 10.3 s  ClockTime = 11 s

Cloud name: dsmc [rank 7]
    Number of dsmc particles        = 311428
    Number of molecules             = 1.55714e+17
    Mass in system                  = 7.46011097e-09
    Average linear kinetic energy   = 1.113180953e-18
    Average rotational energy       = 2.641206633e-21
    Average vibrational energy      = 2.164256541e-20
    Average electronic energy       = 0
    Average total energy            = 1.137464725e-18
ExecutionTime = 10.29 s  ClockTime = 11 s

ExecutionTime = 10.44 s  ClockTime = 11 s

ExecutionTime = 10.4 s  ClockTime = 11 s

ExecutionTime = 10.45 s  ClockTime = 11 s

ExecutionTime = 10.47 s  ClockTime = 11 s

ExecutionTime = 10.43 s  ClockTime = 11 s

ExecutionTime = 10.45 s  ClockTime = 11 s

ExecutionTime = 10.42 s  ClockTime = 11 s

ExecutionTime = 10.47 s  ClockTime = 11 s

ExecutionTime = 10.52 s  ClockTime = 12 s

ExecutionTime = 10.55 s  ClockTime = 12 s

ExecutionTime = 10.57 s  ClockTime = 12 s

ExecutionTime = 10.56 s  ClockTime = 12 s

ExecutionTime = 10.61 s  ClockTime = 12 s

ExecutionTime = 10.6 s  ClockTime = 12 s

ExecutionTime = 10.59 s  ClockTime = 12 s

ExecutionTime = 10.65 s  ClockTime = 12 s

ExecutionTime = 10.66 s  ClockTime = 12 s

ExecutionTime = 10.68 s  ClockTime = 12 s

ExecutionTime = 10.64 s  ClockTime = 12 s

ExecutionTime = 10.69 s  ClockTime = 12 s

ExecutionTime = 10.74 s  ClockTime = 12 s

ExecutionTime = 10.75 s  ClockTime = 12 s

ExecutionTime = 10.73 s  ClockTime = 12 s

ExecutionTime = 10.78 s  ClockTime = 12 s

ExecutionTime = 10.77 s  ClockTime = 12 s

ExecutionTime = 10.82 s  ClockTime = 12 s

ExecutionTime = 10.84 s  ClockTime = 12 s

ExecutionTime = 10.86 s  ClockTime = 12 s

ExecutionTime = 10.86 s  ClockTime = 12 s

ExecutionTime = 10.9 s  ClockTime = 12 s

ExecutionTime = 10.9 s  ClockTime = 12 s

ExecutionTime = 10.89 s  ClockTime = 12 s

ExecutionTime = 10.94 s  ClockTime = 12 s

ExecutionTime = 10.9 s  ClockTime = 12 s

ExecutionTime = 11.01 s  ClockTime = 12 s

ExecutionTime = 11.02 s  ClockTime = 12 s

ExecutionTime = 11.01 s  ClockTime = 12 s

ExecutionTime = 11.06 s  ClockTime = 12 s

ExecutionTime = 11.02 s  ClockTime = 12 s

ExecutionTime = 11.03 s  ClockTime = 12 s

ExecutionTime = 11.07 s  ClockTime = 12 s

ExecutionTime = 11.05 s  ClockTime = 12 s

ExecutionTime = 11.14 s  ClockTime = 12 s

ExecutionTime = 11.13 s  ClockTime = 12 s

ExecutionTime = 11.18 s  ClockTime = 12 s

ExecutionTime = 11.19 s  ClockTime = 12 s

ExecutionTime = 11.14 s  ClockTime = 12 s

ExecutionTime = 11.18 s  ClockTime = 12 s

ExecutionTime = 11.23 s  ClockTime = 12 s

ExecutionTime = 11.25 s  ClockTime = 12 s

ExecutionTime = 11.22 s  ClockTime = 12 s

ExecutionTime = 11.28 s  ClockTime = 12 s

ExecutionTime = 11.3 s  ClockTime = 12 s

ExecutionTime = 11.28 s  ClockTime = 12 s

ExecutionTime = 11.35 s  ClockTime = 12 s

ExecutionTime = 11.35 s  ClockTime = 12 s

Time = 3e-06

ExecutionTime = 11.39 s  ClockTime = 12 s

ExecutionTime = 11.36 s  ClockTime = 12 s

ExecutionTime = 11.41 s  ClockTime = 12 s

ExecutionTime = 11.43 s  ClockTime = 12 s

Time = 3e-06

ExecutionTime = 11.38 s  ClockTime = 12 s

    Collisions [rank 3]              = 700
    Collision candidates           = 1941
    Collision acceptance rate      = 0.360638846

ExecutionTime = 11.42 s  ClockTime = 12 s

Time = 3e-06

    Collisions [rank 2]              = 703
    Collision candidates           = 1990
    Collision acceptance rate      = 0.3532663317

ExecutionTime = 11.52 s  ClockTime = 13 s

ExecutionTime = 11.53 s  ClockTime = 13 s

Time = 3e-06

    Collisions [rank 1]              = 747
    Collision candidates           = 1883
    Collision acceptance rate      = 0.3967073818

ExecutionTime = 11.5 s  ClockTime = 13 s

ExecutionTime = 11.53 s  ClockTime = 13 s

ExecutionTime = 11.57 s  ClockTime = 13 s

    Collisions [rank 0]              = 757
    Collision candidates           = 2049
    Collision acceptance rate      = 0.3694485115

ExecutionTime = 11.68 s  ClockTime = 13 s

ExecutionTime = 11.63 s  ClockTime = 13 s

Time = 3e-06

ExecutionTime = 11.65 s  ClockTime = 13 s

Time = 3e-06

ExecutionTime = 11.71 s  ClockTime = 13 s

Time = 3e-06

    Collisions [rank 4]              = 742
    Collision candidates           = 2123
    Collision acceptance rate      = 0.3495054169

    Collisions [rank 5]              = 722
    Collision candidates           = 2172
    Collision acceptance rate      = 0.332412523

    Collisions [rank 7]              = 759
    Collision candidates           = 2239
    Collision acceptance rate      = 0.3389906208

ExecutionTime = 11.81 s  ClockTime = 13 s

Time = 3e-06

    Collisions [rank 6]              = 775
    Collision candidates           = 2400
    Collision acceptance rate      = 0.3229166667

Cloud name: dsmc [rank 2]
    Number of dsmc particles        = 212141
    Number of molecules             = 1.060705e+17
    Mass in system                  = 5.08185053e-09
    Average linear kinetic energy   = 1.092250871e-18
    Average rotational energy       = 2.982786723e-21
    Average vibrational energy      = 2.16898677e-20
    Average electronic energy       = 0
    Average total energy            = 1.116923526e-18
Cloud name: dsmc [rank 3]
    Number of dsmc particles        = 210119
    Number of molecules             = 1.050595e+17
    Mass in system                  = 5.03220427e-09
    Average linear kinetic energy   = 1.094753466e-18
    Average rotational energy       = 2.910094624e-21
    Average vibrational energy      = 2.168941872e-20
    Average electronic energy       = 0
    Average total energy            = 1.119352979e-18
ExecutionTime = 11.92 s  ClockTime = 13 s

ExecutionTime = 11.94 s  ClockTime = 13 s

Cloud name: dsmc [rank 1]
    Number of dsmc particles        = 206033
    Number of molecules             = 1.030165e+17
    Mass in system                  = 4.93455015e-09
    Average linear kinetic energy   = 1.088150834e-18
    Average rotational energy       = 3.082091616e-21
    Average vibrational energy      = 2.172314786e-20
    Average electronic energy       = 0
    Average total energy            = 1.112956074e-18
ExecutionTime = 11.89 s  ClockTime = 13 s

Cloud name: dsmc [rank 4]
    Number of dsmc particles        = 269336
    Number of molecules             = 1.34668e+17
    Mass in system                  = 6.45007331e-09
    Average linear kinetic energy   = 1.102362181e-18
    Average rotational energy       = 2.834347036e-21
    Average vibrational energy      = 2.168431553e-20
    Average electronic energy       = 0
    Average total energy            = 1.126880843e-18
ExecutionTime = 11.88 s  ClockTime = 13 s

Cloud name: dsmc [rank 0]
    Number of dsmc particles        = 256156
    Number of molecules             = 1.28078e+17
    Mass in system                  = 6.13462187e-09
    Average linear kinetic energy   = 1.102424617e-18
    Average rotational energy       = 2.825506095e-21
    Average vibrational energy      = 2.168030074e-20
    Average electronic energy       = 0
    Average total energy            = 1.126930424e-18
ExecutionTime = 11.94 s  ClockTime = 13 s

Cloud name: dsmc [rank 6]
    Number of dsmc particles        = 321117
    Number of molecules             = 1.605585e+17
    Mass in system                  = 7.69134153e-09
    Average linear kinetic energy   = 1.114136595e-18
    Average rotational energy       = 2.610121964e-21
    Average vibrational energy      = 2.164290668e-20
    Average electronic energy       = 0
    Average total energy            = 1.138389623e-18
ExecutionTime = 11.94 s  ClockTime = 13 s

Cloud name: dsmc [rank 5]
    Number of dsmc particles        = 295959
    Number of molecules             = 1.479795e+17
    Mass in system                  = 7.08762716e-09
    Average linear kinetic energy   = 1.107810878e-18
    Average rotational energy       = 2.709768247e-21
    Average vibrational energy      = 2.167027447e-20
    Average electronic energy       = 0
    Average total energy            = 1.132190921e-18
ExecutionTime = 11.9 s  ClockTime = 13 s

Cloud name: dsmc [rank 7]
    Number of dsmc particles        = 311904
    Number of molecules             = 1.55952e+17
    Mass in system                  = 7.47168771e-09
    Average linear kinetic energy   = 1.111884507e-18
    Average rotational energy       = 2.677197408e-21
    Average vibrational energy      = 2.164732546e-20
    Average electronic energy       = 0
    Average total energy            = 1.13620903e-18
ExecutionTime = 11.92 s  ClockTime = 13 s

ExecutionTime = 12.04 s  ClockTime = 13 s

ExecutionTime = 12.11 s  ClockTime = 13 s

ExecutionTime = 12.09 s  ClockTime = 13 s

ExecutionTime = 12.06 s  ClockTime = 13 s

ExecutionTime = 12.12 s  ClockTime = 13 s

ExecutionTime = 12.1 s  ClockTime = 13 s

ExecutionTime = 12.12 s  ClockTime = 13 s

ExecutionTime = 12.09 s  ClockTime = 13 s

ExecutionTime = 12.21 s  ClockTime = 13 s

ExecutionTime = 12.17 s  ClockTime = 13 s

ExecutionTime = 12.2 s  ClockTime = 13 s

ExecutionTime = 12.2 s  ClockTime = 13 s

ExecutionTime = 12.24 s  ClockTime = 13 s

ExecutionTime = 12.27 s  ClockTime = 13 s

ExecutionTime = 12.27 s  ClockTime = 13 s

ExecutionTime = 12.26 s  ClockTime = 13 s

ExecutionTime = 12.33 s  ClockTime = 13 s

ExecutionTime = 12.3 s  ClockTime = 13 s

ExecutionTime = 12.34 s  ClockTime = 13 s

ExecutionTime = 12.34 s  ClockTime = 13 s

ExecutionTime = 12.43 s  ClockTime = 14 s

ExecutionTime = 12.44 s  ClockTime = 14 s

ExecutionTime = 12.43 s  ClockTime = 14 s

ExecutionTime = 12.45 s  ClockTime = 14 s

ExecutionTime = 12.45 s  ClockTime = 14 s

ExecutionTime = 12.43 s  ClockTime = 14 s

ExecutionTime = 12.43 s  ClockTime = 14 s

ExecutionTime = 12.49 s  ClockTime = 14 s

ExecutionTime = 12.54 s  ClockTime = 14 s

ExecutionTime = 12.55 s  ClockTime = 14 s

ExecutionTime = 12.57 s  ClockTime = 14 s

ExecutionTime = 12.55 s  ClockTime = 14 s

ExecutionTime = 12.59 s  ClockTime = 14 s

ExecutionTime = 12.59 s  ClockTime = 14 s

ExecutionTime = 12.63 s  ClockTime = 14 s

ExecutionTime = 12.67 s  ClockTime = 14 s

ExecutionTime = 12.66 s  ClockTime = 14 s

ExecutionTime = 12.65 s  ClockTime = 14 s

ExecutionTime = 12.67 s  ClockTime = 14 s

ExecutionTime = 12.72 s  ClockTime = 14 s

ExecutionTime = 12.75 s  ClockTime = 14 s

ExecutionTime = 12.76 s  ClockTime = 14 s

ExecutionTime = 12.75 s  ClockTime = 14 s

ExecutionTime = 12.81 s  ClockTime = 14 s

ExecutionTime = 12.81 s  ClockTime = 14 s

ExecutionTime = 12.81 s  ClockTime = 14 s

ExecutionTime = 12.86 s  ClockTime = 14 s

ExecutionTime = 12.82 s  ClockTime = 14 s

ExecutionTime = 12.87 s  ClockTime = 14 s

ExecutionTime = 12.94 s  ClockTime = 14 s

ExecutionTime = 12.92 s  ClockTime = 14 s

ExecutionTime = 12.92 s  ClockTime = 14 s

ExecutionTime = 12.94 s  ClockTime = 14 s

ExecutionTime = 12.99 s  ClockTime = 14 s

ExecutionTime = 13 s  ClockTime = 14 s

ExecutionTime = 12.99 s  ClockTime = 14 s

Time = 4e-06

ExecutionTime = 12.97 s  ClockTime = 14 s

ExecutionTime = 13.05 s  ClockTime = 14 s

Time = 4e-06

    Collisions [rank 3]              = 767
    Collision candidates           = 2111
    Collision acceptance rate      = 0.3633349124

ExecutionTime = 13.04 s  ClockTime = 14 s

Time = 4e-06

ExecutionTime = 13.08 s  ClockTime = 14 s

ExecutionTime = 13.08 s  ClockTime = 14 s

    Collisions [rank 2]              = 821
    Collision candidates           = 2185
    Collision acceptance rate      = 0.3757437071

ExecutionTime = 13.13 s  ClockTime = 14 s

    Collisions [rank 1]              = 840
    Collision candidates           = 2189
    Collision acceptance rate      = 0.3837368661

ExecutionTime = 13.13 s  ClockTime = 14 s

ExecutionTime = 13.18 s  ClockTime = 14 s

ExecutionTime = 13.24 s  ClockTime = 14 s

ExecutionTime = 13.22 s  ClockTime = 14 s

ExecutionTime = 13.26 s  ClockTime = 14 s

Time = 4e-06

ExecutionTime = 13.26 s  ClockTime = 14 s

Time = 4e-06

    Collisions [rank 0]              = 780
    Collision candidates           = 2137
    Collision acceptance rate      = 0.3649976603

ExecutionTime = 13.34 s  ClockTime = 15 s

ExecutionTime = 13.34 s  ClockTime = 15 s

Time = 4e-06

    Collisions [rank 4]              = 754
    Collision candidates           = 2282
    Collision acceptance rate      = 0.3304119194

ExecutionTime = 13.38 s  ClockTime = 15 s

Time = 4e-06

ExecutionTime = 13.46 s  ClockTime = 15 s

Time = 4e-06

    Collisions [rank 5]              = 742
    Collision candidates           = 2173
    Collision acceptance rate      = 0.3414634146

    Collisions [rank 7]              = 747
    Collision candidates           = 2225
    Collision acceptance rate      = 0.3357303371

    Collisions [rank 6]              = 713
    Collision candidates           = 2154
    Collision acceptance rate      = 0.3310120706

Cloud name: dsmc [rank 2]
    Number of dsmc particles        = 213655
    Number of molecules             = 1.068275e+17
    Mass in system                  = 5.11807051e-09
    Average linear kinetic energy   = 1.084949545e-18
    Average rotational energy       = 3.156103017e-21
    Average vibrational energy      = 2.171542155e-20
    Average electronic energy       = 0
    Average total energy            = 1.10982107e-18
Cloud name: dsmc [rank 3]
    Number of dsmc particles        = 211524
    Number of molecules             = 1.05762e+17
    Mass in system                  = 5.06592972e-09
    Average linear kinetic energy   = 1.087964023e-18
    Average rotational energy       = 3.082747875e-21
    Average vibrational energy      = 2.172976292e-20
    Average electronic energy       = 0
    Average total energy            = 1.112776534e-18
ExecutionTime = 13.56 s  ClockTime = 15 s

ExecutionTime = 13.58 s  ClockTime = 15 s

Cloud name: dsmc [rank 1]
    Number of dsmc particles        = 207736
    Number of molecules             = 1.03868e+17
    Mass in system                  = 4.97533319e-09
    Average linear kinetic energy   = 1.07983396e-18
    Average rotational energy       = 3.278935994e-21
    Average vibrational energy      = 2.174863333e-20
    Average electronic energy       = 0
    Average total energy            = 1.104861529e-18
ExecutionTime = 13.53 s  ClockTime = 15 s

Cloud name: dsmc [rank 4]
    Number of dsmc particles        = 270447
    Number of molecules             = 1.352235e+17
    Mass in system                  = 6.47658923e-09
    Average linear kinetic energy   = 1.098140933e-18
    Average rotational energy       = 2.956253067e-21
    Average vibrational energy      = 2.170653928e-20
    Average electronic energy       = 0
    Average total energy            = 1.122803725e-18
ExecutionTime = 13.53 s  ClockTime = 15 s

Cloud name: dsmc [rank 5]
    Number of dsmc particles        = 296740
    Number of molecules             = 1.4837e+17
    Mass in system                  = 7.10640107e-09
    Average linear kinetic energy   = 1.105422011e-18
    Average rotational energy       = 2.8123428e-21
    Average vibrational energy      = 2.169393945e-20
    Average electronic energy       = 0
    Average total energy            = 1.129928293e-18
ExecutionTime = 13.54 s  ClockTime = 15 s

Cloud name: dsmc [rank 0]
    Number of dsmc particles        = 257211
    Number of molecules             = 1.286055e+17
    Mass in system                  = 6.15985896e-09
    Average linear kinetic energy   = 1.098190558e-18
    Average rotational energy       = 2.949050866e-21
    Average vibrational energy      = 2.169062058e-20
    Average electronic energy       = 0
    Average total energy            = 1.122830229e-18
ExecutionTime = 13.59 s  ClockTime = 15 s

Cloud name: dsmc [rank 7]
    Number of dsmc particles        = 312284
    Number of molecules             = 1.56142e+17
    Mass in system                  = 7.48087357e-09
    Average linear kinetic energy   = 1.110488172e-18
    Average rotational energy       = 2.728791829e-21
    Average vibrational energy      = 2.16523552e-20
    Average electronic energy       = 0
    Average total energy            = 1.134869319e-18
ExecutionTime = 13.57 s  ClockTime = 15 s

Cloud name: dsmc [rank 6]
    Number of dsmc particles        = 321249
    Number of molecules             = 1.606245e+17
    Mass in system                  = 7.69436088e-09
    Average linear kinetic energy   = 1.113822204e-18
    Average rotational energy       = 2.623167393e-21
    Average vibrational energy      = 2.164364524e-20
    Average electronic energy       = 0
    Average total energy            = 1.138089016e-18
ExecutionTime = 13.59 s  ClockTime = 15 s

ExecutionTime = 13.71 s  ClockTime = 15 s

ExecutionTime = 13.74 s  ClockTime = 15 s

ExecutionTime = 13.71 s  ClockTime = 15 s

ExecutionTime = 13.71 s  ClockTime = 15 s

ExecutionTime = 13.72 s  ClockTime = 15 s

ExecutionTime = 13.77 s  ClockTime = 15 s

ExecutionTime = 13.77 s  ClockTime = 15 s

ExecutionTime = 13.75 s  ClockTime = 15 s

ExecutionTime = 13.82 s  ClockTime = 15 s

ExecutionTime = 13.87 s  ClockTime = 15 s

ExecutionTime = 13.88 s  ClockTime = 15 s

ExecutionTime = 13.85 s  ClockTime = 15 s

ExecutionTime = 13.86 s  ClockTime = 15 s

ExecutionTime = 13.88 s  ClockTime = 15 s

ExecutionTime = 13.93 s  ClockTime = 15 s

ExecutionTime = 13.93 s  ClockTime = 15 s

ExecutionTime = 13.94 s  ClockTime = 15 s

ExecutionTime = 14 s  ClockTime = 15 s

ExecutionTime = 13.97 s  ClockTime = 15 s

ExecutionTime = 14.03 s  ClockTime = 15 s

ExecutionTime = 14.03 s  ClockTime = 15 s

ExecutionTime = 14.01 s  ClockTime = 15 s

ExecutionTime = 14.03 s  ClockTime = 15 s

ExecutionTime = 14.11 s  ClockTime = 15 s

ExecutionTime = 14.08 s  ClockTime = 15 s

ExecutionTime = 14.11 s  ClockTime = 15 s

ExecutionTime = 14.15 s  ClockTime = 15 s

ExecutionTime = 14.15 s  ClockTime = 15 s

ExecutionTime = 14.19 s  ClockTime = 15 s

ExecutionTime = 14.15 s  ClockTime = 15 s

ExecutionTime = 14.19 s  ClockTime = 15 s

ExecutionTime = 14.19 s  ClockTime = 15 s

ExecutionTime = 14.27 s  ClockTime = 16 s

ExecutionTime = 14.28 s  ClockTime = 16 s

ExecutionTime = 14.27 s  ClockTime = 16 s

ExecutionTime = 14.29 s  ClockTime = 16 s

ExecutionTime = 14.28 s  ClockTime = 16 s

ExecutionTime = 14.34 s  ClockTime = 16 s

ExecutionTime = 14.32 s  ClockTime = 16 s

ExecutionTime = 14.35 s  ClockTime = 16 s

ExecutionTime = 14.39 s  ClockTime = 16 s

ExecutionTime = 14.42 s  ClockTime = 16 s

ExecutionTime = 14.46 s  ClockTime = 16 s

ExecutionTime = 14.47 s  ClockTime = 16 s

ExecutionTime = 14.49 s  ClockTime = 16 s

ExecutionTime = 14.45 s  ClockTime = 16 s

ExecutionTime = 14.45 s  ClockTime = 16 s

ExecutionTime = 14.5 s  ClockTime = 16 s

ExecutionTime = 14.55 s  ClockTime = 16 s

ExecutionTime = 14.53 s  ClockTime = 16 s

ExecutionTime = 14.57 s  ClockTime = 16 s

ExecutionTime = 14.62 s  ClockTime = 16 s

ExecutionTime = 14.64 s  ClockTime = 16 s

ExecutionTime = 14.62 s  ClockTime = 16 s

Time = 5e-06

ExecutionTime = 14.61 s  ClockTime = 16 s

ExecutionTime = 14.65 s  ClockTime = 16 s

ExecutionTime = 14.68 s  ClockTime = 16 s

    Collisions [rank 3]              = 873
    Collision candidates           = 2378
    Collision acceptance rate      = 0.3671152229

ExecutionTime = 14.72 s  ClockTime = 16 s

ExecutionTime = 14.73 s  ClockTime = 16 s

Time = 5e-06

ExecutionTime = 14.77 s  ClockTime = 16 s

ExecutionTime = 14.79 s  ClockTime = 16 s

Time = 5e-06

ExecutionTime = 14.82 s  ClockTime = 16 s

ExecutionTime = 14.78 s  ClockTime = 16 s

ExecutionTime = 14.82 s  ClockTime = 16 s

    Collisions [rank 1]              = 888
    Collision candidates           = 2385
    Collision acceptance rate      = 0.372327044

    Collisions [rank 2]              = 979
    Collision candidates           = 2472
    Collision acceptance rate      = 0.3960355987

ExecutionTime = 14.91 s  ClockTime = 16 s

Time = 5e-06

ExecutionTime = 14.88 s  ClockTime = 16 s

ExecutionTime = 14.92 s  ClockTime = 16 s

Time = 5e-06

ExecutionTime = 14.97 s  ClockTime = 16 s

ExecutionTime = 14.97 s  ClockTime = 16 s

    Collisions [rank 0]              = 829
    Collision candidates           = 2264
    Collision acceptance rate      = 0.3661660777

    Collisions [rank 4]              = 802
    Collision candidates           = 2369
    Collision acceptance rate      = 0.3385394681

ExecutionTime = 15.01 s  ClockTime = 16 s

Time = 5e-06

ExecutionTime = 15.12 s  ClockTime = 16 s

Time = 5e-06

ExecutionTime = 15.11 s  ClockTime = 16 s

Time = 5e-06

    Collisions [rank 5]              = 780
    Collision candidates           = 2294
    Collision acceptance rate      = 0.3400174368

    Collisions [rank 6]              = 719
    Collision candidates           = 2268
    Collision acceptance rate      = 0.3170194004

    Collisions [rank 7]              = 719
    Collision candidates           = 2221
    Collision acceptance rate      = 0.3237280504

Cloud name: dsmc [rank 2]
    Number of dsmc particles        = 215219
    Number of molecules             = 1.076095e+17
    Mass in system                  = 5.15564497e-09
    Average linear kinetic energy   = 1.077879148e-18
    Average rotational energy       = 3.443245326e-21
    Average vibrational energy      = 2.175427428e-20
    Average electronic energy       = 0
    Average total energy            = 1.103076668e-18
ExecutionTime = 15.26 s  ClockTime = 17 s

Cloud name: dsmc [rank 3]
    Number of dsmc particles        = 212816
    Number of molecules             = 1.06408e+17
    Mass in system                  = 5.09671678e-09
    Average linear kinetic energy   = 1.081642764e-18
    Average rotational energy       = 3.304944106e-21
    Average vibrational energy      = 2.174333815e-20
    Average electronic energy       = 0
    Average total energy            = 1.106691046e-18
ExecutionTime = 15.24 s  ClockTime = 17 s

Cloud name: dsmc [rank 1]
    Number of dsmc particles        = 209626
    Number of molecules             = 1.04813e+17
    Mass in system                  = 5.02057321e-09
    Average linear kinetic energy   = 1.072022808e-18
    Average rotational energy       = 3.586906757e-21
    Average vibrational energy      = 2.178869344e-20
    Average electronic energy       = 0
    Average total energy            = Cloud name: dsmc [rank 0]
    Number of dsmc particles        = 258233
    Number of molecules             = 1.291165e+17
    Mass in system                  = 6.18437183e-09
    Average linear kinetic energy   = 1.097398409e-18
ExecutionTime = 15.21 s  ClockTime = 17 s

1.093886338e-18
    Average rotational energy       = 3.112687652e-21
    Average vibrational energy      = 2.171482797e-20
    Average electronic energy       = 0
    Average total energy            = 1.118713853e-18
ExecutionTime = 15.26 s  ClockTime = 17 s

Cloud name: dsmc [rank 4]
    Number of dsmc particles        = 271587
    Number of molecules             = 1.357935e+17
    Mass in system                  = 6.50399124e-09
    Average linear kinetic energy   = 1.094444311e-18
    Average rotational energy       = 3.113696934e-21
    Average vibrational energy      = 2.17133727e-20
    Average electronic energy       = 0
    Average total energy            = 1.119271381e-18
ExecutionTime = 15.21 s  ClockTime = 17 s

Cloud name: dsmc [rank 5]
    Number of dsmc particles        = 297410
    Number of molecules             = 1.48705e+17
    Mass in system                  = 7.12247838e-09
    Average linear kinetic energy   = 1.103053566e-18
    Average rotational energy       = 2.908536458e-21
    Average vibrational energy      = 2.169990979e-20
    Average electronic energy       = 0
    Average total energy            = 1.127662012e-18
ExecutionTime = 15.23 s  ClockTime = 17 s

Cloud name: dsmc [rank 6]
    Number of dsmc particles        = 321214
    Number of molecules             = 1.60607e+17Cloud name: dsmc [rank 7]
    Number of dsmc particles        = 312793
    Number of molecules             = 1.563965e+17
    Mass in system                  = 7.49295276e-09
    Average linear kinetic energy   = 1.109088172e-18
    Average rotational energy       = 2.779959881e-21
    Average vibrational energy      = 2.166314865e-20
    Average electronic energy       = 0
    Average total energy            = 1.133531281e-18
ExecutionTime = 15.25 s  ClockTime = 17 s


    Mass in system                  = 7.69349417e-09
    Average linear kinetic energy   = 1.113450699e-18
    Average rotational energy       = 2.632166609e-21
    Average vibrational energy      = 2.164481766e-20
    Average electronic energy       = 0
    Average total energy            = 1.137727683e-18
ExecutionTime = 15.27 s  ClockTime = 17 s

ExecutionTime = 15.42 s  ClockTime = 17 s

ExecutionTime = 15.42 s  ClockTime = 17 s

ExecutionTime = 15.4 s  ClockTime = 17 s

ExecutionTime = 15.4 s  ClockTime = 17 s

ExecutionTime = 15.41 s  ClockTime = 17 s

ExecutionTime = 15.46 s  ClockTime = 17 s

ExecutionTime = 15.46 s  ClockTime = 17 s

ExecutionTime = 15.44 s  ClockTime = 17 s

ExecutionTime = 15.52 s  ClockTime = 17 s

ExecutionTime = 15.53 s  ClockTime = 17 s

ExecutionTime = 15.52 s  ClockTime = 17 s

ExecutionTime = 15.6 s  ClockTime = 17 s

ExecutionTime = 15.55 s  ClockTime = 17 s

ExecutionTime = 15.58 s  ClockTime = 17 s

ExecutionTime = 15.6 s  ClockTime = 17 s

ExecutionTime = 15.63 s  ClockTime = 17 s

ExecutionTime = 15.65 s  ClockTime = 17 s

ExecutionTime = 15.66 s  ClockTime = 17 s

ExecutionTime = 15.66 s  ClockTime = 17 s

ExecutionTime = 15.68 s  ClockTime = 17 s

ExecutionTime = 15.75 s  ClockTime = 17 s

ExecutionTime = 15.75 s  ClockTime = 17 s

ExecutionTime = 15.79 s  ClockTime = 17 s

ExecutionTime = 15.8 s  ClockTime = 17 s

ExecutionTime = 15.76 s  ClockTime = 17 s

ExecutionTime = 15.8 s  ClockTime = 17 s

ExecutionTime = 15.8 s  ClockTime = 17 s

ExecutionTime = 15.83 s  ClockTime = 17 s

ExecutionTime = 15.86 s  ClockTime = 17 s

ExecutionTime = 15.9 s  ClockTime = 17 s

ExecutionTime = 15.9 s  ClockTime = 17 s

ExecutionTime = 15.94 s  ClockTime = 17 s

ExecutionTime = 15.91 s  ClockTime = 17 s

ExecutionTime = 15.97 s  ClockTime = 17 s

ExecutionTime = 15.98 s  ClockTime = 17 s

ExecutionTime = 15.94 s  ClockTime = 17 s

ExecutionTime = 15.98 s  ClockTime = 17 s

ExecutionTime = 16.04 s  ClockTime = 17 s

ExecutionTime = 16.06 s  ClockTime = 17 s

ExecutionTime = 16.1 s  ClockTime = 17 s

ExecutionTime = 16.09 s  ClockTime = 17 s

ExecutionTime = 16.06 s  ClockTime = 17 s

ExecutionTime = 16.1 s  ClockTime = 17 s

ExecutionTime = 16.12 s  ClockTime = 17 s

ExecutionTime = 16.15 s  ClockTime = 18 s

ExecutionTime = 16.15 s  ClockTime = 18 s

ExecutionTime = 16.2 s  ClockTime = 18 s

ExecutionTime = 16.23 s  ClockTime = 18 s

ExecutionTime = 16.19 s  ClockTime = 18 s

ExecutionTime = 16.26 s  ClockTime = 18 s

ExecutionTime = 16.29 s  ClockTime = 18 s

ExecutionTime = 16.29 s  ClockTime = 18 s

ExecutionTime = 16.31 s  ClockTime = 18 s

Time = 6e-06

ExecutionTime = 16.29 s  ClockTime = 18 s

ExecutionTime = 16.3 s  ClockTime = 18 s

ExecutionTime = 16.33 s  ClockTime = 18 s

ExecutionTime = 16.38 s  ClockTime = 18 s

    Collisions [rank 3]              = 991
    Collision candidates           = 2512
    Collision acceptance rate      = 0.3945063694

ExecutionTime = 16.42 s  ClockTime = 18 s

ExecutionTime = 16.43 s  ClockTime = 18 s

Time = 6e-06

ExecutionTime = 16.45 s  ClockTime = 18 s

ExecutionTime = 16.45 s  ClockTime = 18 s

    Collisions [rank 2]              = 1073
    Collision candidates           = 2714
    Collision acceptance rate      = 0.395357406

ExecutionTime = 16.47 s  ClockTime = 18 s

Time = 6e-06

ExecutionTime = 16.46 s  ClockTime = 18 s

ExecutionTime = 16.52 s  ClockTime = 18 s

    Collisions [rank 1]              = 1076
    Collision candidates           = 2584
    Collision acceptance rate      = 0.4164086687

ExecutionTime = 16.59 s  ClockTime = 18 s

ExecutionTime = 16.6 s  ClockTime = 18 s

ExecutionTime = 16.63 s  ClockTime = 18 s

ExecutionTime = 16.66 s  ClockTime = 18 s

Time = 6e-06

ExecutionTime = 16.61 s  ClockTime = 18 s

Time = 6e-06

ExecutionTime = 16.73 s  ClockTime = 18 s

Time = 6e-06

    Collisions [rank 0]              = 978
    Collision candidates           = 2492
    Collision acceptance rate      = 0.3924558587

    Collisions [rank 4]              = 896
    Collision candidates           = 2365
    Collision acceptance rate      = 0.378858351

ExecutionTime = 16.74 s  ClockTime = 18 s

Time = 6e-06

ExecutionTime = 16.78 s  ClockTime = 18 s

Time = 6e-06

    Collisions [rank 6]              = 732
    Collision candidates           = 2266
    Collision acceptance rate      = 0.3230361871

    Collisions [rank 5]              = 834
    Collision candidates           = 2353
    Collision acceptance rate      = 0.354441139

    Collisions [rank 7]              = 747
    Collision candidates           = 2239
    Collision acceptance rate      = 0.3336310853

Cloud name: dsmc [rank 3]
    Number of dsmc particles        = 214111
    Number of molecules             = 1.070555e+17
    Mass in system                  = 5.12763979e-09
    Average linear kinetic energy   = 1.075462318e-18
    Average rotational energy       = 3.569149151e-21
    Average vibrational energy      = 2.178674144e-20
    Average electronic energy       = 0
    Average total energy            = 1.100818209e-18
ExecutionTime = 16.92 s  ClockTime = 18 s

Cloud name: dsmc [rank 2]
    Number of dsmc particles        = 216765
    Number of molecules             = 1.083825e+17
    Mass in system                  = 5.19257585e-09
    Average linear kinetic energy   = 1.070857629e-18
    Average rotational energy       = 3.736061814e-21
    Average vibrational energy      = 2.177634679e-20
    Average electronic energy       = 0
    Average total energy            = 1.096370037e-18
ExecutionTime = 16.94 s  ClockTime = 18 s

Cloud name: dsmc [rank 1]
    Number of dsmc particles        = 211454
    Number of molecules             = 1.05727e+17
    Mass in system                  = 5.06454054e-09
    Average linear kinetic energy   = 1.064369666e-18
    Average rotational energy       = 3.972742243e-21
    Average vibrational energy      = 2.184073195e-20
    Average electronic energy       = 0
    Average total energy            = 1.090183141e-18
ExecutionTime = 16.89 s  ClockTime = 18 s

Cloud name: dsmc [rank 0]
    Number of dsmc particles        = 259323
    Number of molecules             = 1.296615e+17
    Mass in system                  = 6.21047563e-09
    Average linear kinetic energy   = 1.089757901e-18
Cloud name: dsmc [rank 4]
    Number of dsmc particles        = 272590
    Number of molecules             = 1.36295e+17
    Mass in system                  = 6.52804912e-09
    Average linear kinetic energy   = 1.090710844e-18
    Average rotational energy       = 3.292759215e-21
    Average vibrational energy      = 2.174270833e-20
    Average electronic energy       = 0
    Average total energy            = 1.115746311e-18
ExecutionTime = 16.89 s  ClockTime = 18 s

    Average rotational energy       = 3.317440181e-21
    Average vibrational energy      = 2.174395608e-20
    Average electronic energy       = 0
    Average total energy            = 1.114819298e-18
ExecutionTime = 16.94 s  ClockTime = 18 s

Cloud name: dsmc [rank 5]
    Number of dsmc particles        = 298166
    Number of molecules             = 1.49083e+17
    Mass in system                  = 7.14061477e-09
    Average linear kinetic energy   = 1.100807327e-18
    Average rotational energy       = 3.024208057e-21
    Average vibrational energy      = 2.17278588e-20
    Average electronic energy       = 0
    Average total energy            = 1.125559393e-18
ExecutionTime = 16.91 s  ClockTime = 18 s

Cloud name: dsmc [rank 6]
    Number of dsmc particles        = 321271
    Number of molecules             = 1.606355e+17
    Mass in system                  = 7.69481611e-09
    Average linear kinetic energy   = 1.113039289e-18
    Average rotational energy       = Cloud name: dsmc [rank 7]
    Number of dsmc particles        = 313306
    Number of molecules             = 1.56653e+17
    Mass in system                  = 7.50527721e-09
    Average linear kinetic energy   = 1.107796171e-18
    Average rotational energy       = 2.845742203e-21
    Average vibrational energy      = 2.16676883e-20
    Average electronic energy       = 0
    Average total energy            = 1.132309601e-18
ExecutionTime = 16.93 s  ClockTime = 18 s

2.649967997e-21
    Average vibrational energy      = 2.165300646e-20
    Average electronic energy       = 0
    Average total energy            = 1.137342263e-18
ExecutionTime = 16.94 s  ClockTime = 18 s

ExecutionTime = 17.1 s  ClockTime = 18 s

ExecutionTime = 17.13 s  ClockTime = 18 s

ExecutionTime = 17.08 s  ClockTime = 18 s

ExecutionTime = 17.14 s  ClockTime = 18 s

ExecutionTime = 17.1 s  ClockTime = 18 s

ExecutionTime = 17.14 s  ClockTime = 18 s

ExecutionTime = 17.1 s  ClockTime = 18 s

ExecutionTime = 17.13 s  ClockTime = 18 s

ExecutionTime = 17.24 s  ClockTime = 19 s

ExecutionTime = 17.2 s  ClockTime = 19 s

ExecutionTime = 17.24 s  ClockTime = 19 s

ExecutionTime = 17.27 s  ClockTime = 19 s

ExecutionTime = 17.27 s  ClockTime = 19 s

ExecutionTime = 17.27 s  ClockTime = 19 s

ExecutionTime = 17.33 s  ClockTime = 19 s

ExecutionTime = 17.29 s  ClockTime = 19 s

ExecutionTime = 17.38 s  ClockTime = 19 s

ExecutionTime = 17.38 s  ClockTime = 19 s

ExecutionTime = 17.36 s  ClockTime = 19 s

ExecutionTime = 17.42 s  ClockTime = 19 s

ExecutionTime = 17.44 s  ClockTime = 19 s

ExecutionTime = 17.44 s  ClockTime = 19 s

ExecutionTime = 17.44 s  ClockTime = 19 s

ExecutionTime = 17.5 s  ClockTime = 19 s

ExecutionTime = 17.51 s  ClockTime = 19 s

ExecutionTime = 17.52 s  ClockTime = 19 s

ExecutionTime = 17.5 s  ClockTime = 19 s

ExecutionTime = 17.58 s  ClockTime = 19 s

ExecutionTime = 17.62 s  ClockTime = 19 s

ExecutionTime = 17.61 s  ClockTime = 19 s

ExecutionTime = 17.63 s  ClockTime = 19 s

ExecutionTime = 17.61 s  ClockTime = 19 s

ExecutionTime = 17.62 s  ClockTime = 19 s

ExecutionTime = 17.62 s  ClockTime = 19 s

ExecutionTime = 17.7 s  ClockTime = 19 s

ExecutionTime = 17.73 s  ClockTime = 19 s

ExecutionTime = 17.73 s  ClockTime = 19 s

ExecutionTime = 17.77 s  ClockTime = 19 s

ExecutionTime = 17.75 s  ClockTime = 19 s

ExecutionTime = 17.79 s  ClockTime = 19 s

ExecutionTime = 17.78 s  ClockTime = 19 s

ExecutionTime = 17.82 s  ClockTime = 19 s

ExecutionTime = 17.85 s  ClockTime = 19 s

ExecutionTime = 17.89 s  ClockTime = 19 s

ExecutionTime = 17.89 s  ClockTime = 19 s

ExecutionTime = 17.9 s  ClockTime = 19 s

ExecutionTime = 17.89 s  ClockTime = 19 s

ExecutionTime = 17.95 s  ClockTime = 19 s

ExecutionTime = 17.93 s  ClockTime = 19 s

ExecutionTime = 17.98 s  ClockTime = 19 s

ExecutionTime = 17.98 s  ClockTime = 19 s

ExecutionTime = 18.03 s  ClockTime = 19 s

ExecutionTime = 18.05 s  ClockTime = 19 s

ExecutionTime = 18.02 s  ClockTime = 19 s

ExecutionTime = 18.08 s  ClockTime = 19 s

ExecutionTime = 18.09 s  ClockTime = 19 s

Time = 7e-06

ExecutionTime = 18.15 s  ClockTime = 19 s

Time = 7e-06

ExecutionTime = 18.12 s  ClockTime = 20 s

ExecutionTime = 18.15 s  ClockTime = 20 s

    Collisions [rank 3]              = 1085
    Collision candidates           = 2750
    Collision acceptance rate      = 0.3945454545

ExecutionTime = 18.14 s  ClockTime = 20 s

Time = 7e-06

ExecutionTime = 18.2 s  ClockTime = 20 s

ExecutionTime = 18.18 s  ClockTime = 20 s

    Collisions [rank 2]              = 1225
    Collision candidates           = 2980
    Collision acceptance rate      = 0.4110738255

ExecutionTime = 18.26 s  ClockTime = 20 s

    Collisions [rank 1]              = 1137
    Collision candidates           = 2838
    Collision acceptance rate      = 0.4006342495

ExecutionTime = 18.28 s  ClockTime = 20 s

ExecutionTime = 18.32 s  ClockTime = 20 s

ExecutionTime = 18.33 s  ClockTime = 20 s

Time = 7e-06

ExecutionTime = 18.33 s  ClockTime = 20 s

ExecutionTime = 18.41 s  ClockTime = 20 s

    Collisions [rank 0]              = 905
    Collision candidates           = 2496
    Collision acceptance rate      = 0.3625801282

ExecutionTime = 18.45 s  ClockTime = 20 s

Time = 7e-06

ExecutionTime = 18.43 s  ClockTime = 20 s

Time = 7e-06

ExecutionTime = 18.47 s  ClockTime = 20 s

Time = 7e-06

ExecutionTime = 18.55 s  ClockTime = 20 s

Time = 7e-06

    Collisions [rank 7]              = 728
    Collision candidates           = 2334
    Collision acceptance rate      = 0.3119108826

    Collisions [rank 4]              = 924
    Collision candidates           = 2505
    Collision acceptance rate      = 0.3688622754

    Collisions [rank 5]              = 820
    Collision candidates           = 2358
    Collision acceptance rate      = 0.3477523325

    Collisions [rank 6]              = 687
    Collision candidates           = 2297
    Collision acceptance rate      = 0.299085764

Cloud name: dsmc [rank 2]
    Number of dsmc particles        = 218235
    Number of molecules             = 1.091175e+17
    Mass in system                  = 5.22774635e-09
    Average linear kinetic energy   = 1.063817829e-18
    Average rotational energy       = 4.055733668e-21
    Average vibrational energy      = 2.183461826e-20
    Average electronic energy       = 0
    Average total energy            = 1.089708181e-18
ExecutionTime = 18.69 s  ClockTime = 20 s

Cloud name: dsmc [rank 1]
    Number of dsmc particles        = 213218
    Number of molecules             = 1.06609e+17
    Mass in system                  = 5.10673852e-09
    Average linear kinetic energy   = 1.05677138e-18
    Average rotational energy       = 4.383615034e-21
    Average vibrational energy      = 2.188967711e-20
    Average electronic energy       = 0
    Average total energy            = 1.083044673e-18
ExecutionTime = 18.64 s  ClockTime = 20 s

Cloud name: dsmc [rank 3]
    Number of dsmc particles        = 215485
    Number of molecules             = 1.077425e+17
    Mass in system                  = 5.16055843e-09
    Average linear kinetic energy   = 1.069402479e-18
    Average rotational energy       = 3.895837602e-21
    Average vibrational energy      = 2.182167967e-20
    Average electronic energy       = 0
    Average total energy            = 1.095119996e-18
ExecutionTime = 18.67 s  ClockTime = 20 s

Cloud name: dsmc [rank 4]
    Number of dsmc particles        = 273619
    Number of molecules             = 1.368095e+17
    Mass in system                  = 6.55260889e-09
    Average linear kinetic energy   = 1.087298486e-18
    Average rotational energy       = 3.515473043e-21
    Average vibrational energy      = 2.176335977e-20
    Average electronic energy       = 0
    Average total energy            = 1.112577319e-18
ExecutionTime = 18.64 s  ClockTime = 20 s

Cloud name: dsmc [rank 6]
    Number of dsmc particles        = 321405
    Number of molecules             = 1.607025e+17
    Mass in system                  = 7.69790513e-09
    Average linear kinetic energy   = 1.112643022e-18
    Average rotational energy       = 2.669602881e-21
    Average vibrational energy      = 2.165561136e-20
    Average electronic energy       = 0
    Average total energy            = 1.136968236e-18
ExecutionTime = 18.69 s  ClockTime = 20 s

Cloud name: dsmc [rank 0]
    Number of dsmc particles        = 260436
    Number of molecules             = Cloud name: dsmc [rank 5]
    Number of dsmc particles        = 298942
    Number of molecules             = 1.49471e+17
    Mass in system                  = 7.15931546e-09
    Average linear kinetic energy   = 1.098664309e-18
    Average rotational energy       = 3.149674262e-21
    Average vibrational energy      = 2.172787922e-20
    Average electronic energy       = 0
    Average total energy            = 1.123541862e-18
ExecutionTime = 18.65 s  ClockTime = 20 s

1.30218e+17
    Mass in system                  = 6.23723334e-09
    Average linear kinetic energy   = 1.085941681e-18
    Average rotational energy       = 3.512913557e-21
    Average vibrational energy      = 2.176186249e-20
    Average electronic energy       = 0
    Average total energy            = 1.111216457e-18
ExecutionTime = 18.7 s  ClockTime = 20 s

Cloud name: dsmc [rank 7]
    Number of dsmc particles        = 313780
    Number of molecules             = 1.5689e+17
    Mass in system                  = 7.51668829e-09
    Average linear kinetic energy   = 1.106699938e-18
    Average rotational energy       = 2.918002865e-21
    Average vibrational energy      = 2.167325122e-20
    Average electronic energy       = 0
    Average total energy            = 1.131291192e-18
ExecutionTime = 18.67 s  ClockTime = 20 s

ExecutionTime = 18.88 s  ClockTime = 20 s

ExecutionTime = 18.87 s  ClockTime = 20 s

ExecutionTime = 18.9 s  ClockTime = 20 s

ExecutionTime = 18.84 s  ClockTime = 20 s

ExecutionTime = 18.85 s  ClockTime = 20 s

ExecutionTime = 18.9 s  ClockTime = 20 s

ExecutionTime = 18.88 s  ClockTime = 20 s

ExecutionTime = 18.87 s  ClockTime = 20 s

ExecutionTime = 18.98 s  ClockTime = 20 s

ExecutionTime = 18.97 s  ClockTime = 20 s

ExecutionTime = 19.03 s  ClockTime = 20 s

ExecutionTime = 19.05 s  ClockTime = 20 s

ExecutionTime = 19.01 s  ClockTime = 20 s

ExecutionTime = 19.06 s  ClockTime = 20 s

ExecutionTime = 19.05 s  ClockTime = 20 s

ExecutionTime = 19.09 s  ClockTime = 20 s

ExecutionTime = 19.11 s  ClockTime = 21 s

ExecutionTime = 19.15 s  ClockTime = 21 s

ExecutionTime = 19.11 s  ClockTime = 21 s

ExecutionTime = 19.18 s  ClockTime = 21 s

ExecutionTime = 19.17 s  ClockTime = 21 s

ExecutionTime = 19.22 s  ClockTime = 21 s

ExecutionTime = 19.24 s  ClockTime = 21 s

ExecutionTime = 19.26 s  ClockTime = 21 s

ExecutionTime = 19.24 s  ClockTime = 21 s

ExecutionTime = 19.28 s  ClockTime = 21 s

ExecutionTime = 19.24 s  ClockTime = 21 s

ExecutionTime = 19.33 s  ClockTime = 21 s

ExecutionTime = 19.33 s  ClockTime = 21 s

ExecutionTime = 19.39 s  ClockTime = 21 s

ExecutionTime = 19.34 s  ClockTime = 21 s

ExecutionTime = 19.36 s  ClockTime = 21 s

ExecutionTime = 19.42 s  ClockTime = 21 s

ExecutionTime = 19.46 s  ClockTime = 21 s

ExecutionTime = 19.43 s  ClockTime = 21 s

ExecutionTime = 19.45 s  ClockTime = 21 s

ExecutionTime = 19.49 s  ClockTime = 21 s

ExecutionTime = 19.52 s  ClockTime = 21 s

ExecutionTime = 19.49 s  ClockTime = 21 s

ExecutionTime = 19.51 s  ClockTime = 21 s

ExecutionTime = 19.58 s  ClockTime = 21 s

ExecutionTime = 19.58 s  ClockTime = 21 s

ExecutionTime = 19.64 s  ClockTime = 21 s

ExecutionTime = 19.64 s  ClockTime = 21 s

ExecutionTime = 19.62 s  ClockTime = 21 s

ExecutionTime = 19.67 s  ClockTime = 21 s

ExecutionTime = 19.67 s  ClockTime = 21 s

ExecutionTime = 19.71 s  ClockTime = 21 s

ExecutionTime = 19.68 s  ClockTime = 21 s

ExecutionTime = 19.77 s  ClockTime = 21 s

ExecutionTime = 19.75 s  ClockTime = 21 s

ExecutionTime = 19.81 s  ClockTime = 21 s

ExecutionTime = 19.81 s  ClockTime = 21 s

ExecutionTime = 19.82 s  ClockTime = 21 s

Time = 8e-06

ExecutionTime = 19.83 s  ClockTime = 21 s

ExecutionTime = 19.81 s  ClockTime = 21 s

ExecutionTime = 19.84 s  ClockTime = 21 s

ExecutionTime = 19.9 s  ClockTime = 21 s

Time = 8e-06

    Collisions [rank 3]              = 1205
    Collision candidates           = 2968
    Collision acceptance rate      = 0.4059973046

ExecutionTime = 19.94 s  ClockTime = 21 s

ExecutionTime = 19.92 s  ClockTime = 21 s

ExecutionTime = 19.93 s  ClockTime = 21 s

Time = 8e-06

    Collisions [rank 2]              = 1348
    Collision candidates           = 3192
    Collision acceptance rate      = 0.4223057644

ExecutionTime = 20 s  ClockTime = 21 s

ExecutionTime = 20.02 s  ClockTime = 22 s

ExecutionTime = 20.01 s  ClockTime = 22 s

    Collisions [rank 1]              = 1359
    Collision candidates           = 3131
    Collision acceptance rate      = 0.4340466305

ExecutionTime = 20.09 s  ClockTime = 22 s

Time = 8e-06

ExecutionTime = 20.09 s  ClockTime = 22 s

ExecutionTime = 20.13 s  ClockTime = 22 s

    Collisions [rank 0]              = 1059
    Collision candidates           = 2739
    Collision acceptance rate      = 0.3866374589

ExecutionTime = 20.14 s  ClockTime = 22 s

Time = 8e-06

ExecutionTime = 20.19 s  ClockTime = 22 s

ExecutionTime = 20.25 s  ClockTime = 22 s

Time = 8e-06

ExecutionTime = 20.28 s  ClockTime = 22 s

Time = 8e-06

    Collisions [rank 4]              = 940
    Collision candidates           = 2582
    Collision acceptance rate      = 0.3640588691

ExecutionTime = 20.33 s  ClockTime = 22 s

Time = 8e-06

    Collisions [rank 6]              = 745
    Collision candidates           = 2352
    Collision acceptance rate      = 0.3167517007

    Collisions [rank 5]              = 830
    Collision candidates           = 2366
    Collision acceptance rate      = 0.3508030431

    Collisions [rank 7]              = 770
    Collision candidates           = 2327
    Collision acceptance rate      = 0.3308981521

Cloud name: dsmc [rank 1]
    Number of dsmc particles        = 214942
    Number of molecules             = 1.07471e+17
    Mass in system                  = 5.14816207e-09
    Average linear kinetic energy   = 1.049140525e-18
    Average rotational energy       = 4.846498716e-21
    Average vibrational energy      = 2.194539189e-20
    Average electronic energy       = 0
    Average total energy            = 1.075932416e-18
Cloud name: dsmc [rank 2]
    Number of dsmc particles        = 219815
    Number of molecules             = 1.099075e+17
    Mass in system                  = 5.26554055e-09
    Average linear kinetic energy   = 1.05740949e-18
    Average rotational energy       = 4.459871918e-21
    Average vibrational energy      = 2.189322011e-20
    Average electronic energy       = 0
    Average total energy            = 1.083762582e-18
ExecutionTime = 20.49 s  ClockTime = 22 s

Cloud name: dsmc [rank 3]
    Number of dsmc particles        = 216811
    Number of molecules             = 1.084055e+17
    Mass in system                  = 5.19233128e-09
    Average linear kinetic energy   = 1.063558611e-18
    Average rotational energy       = 4.23782196e-21
    Average vibrational energy      = 2.187046986e-20
    Average electronic energy       = 0
    Average total energy            = 1.089666903e-18
ExecutionTime = 20.47 s  ClockTime = 22 s

ExecutionTime = 20.44 s  ClockTime = 22 s

Cloud name: dsmc [rank 4]
    Number of dsmc particles        = 274690
    Number of molecules             = 1.37345e+17
    Mass in system                  = 6.57829411e-09
    Average linear kinetic energy   = 1.083874766e-18
    Average rotational energy       = 3.73774666e-21
    Average vibrational energy      = 2.179605046e-20
    Average electronic energy       = 0
    Average total energy            = 1.109408563e-18
ExecutionTime = 20.44 s  ClockTime = 22 s

Cloud name: dsmc [rank 5]
    Number of dsmc particles        = 299722
    Number of molecules             = 1.49861e+17
    Mass in system                  = 7.17795027e-09
    Average linear kinetic energy   = 1.09642329e-18
    Average rotational energy       = 3.303065076e-21
    Average vibrational energy      = 2.174185262e-20
    Average electronic energy       = 0
    Average total energy            = 1.121468207e-18
ExecutionTime = 20.45 s  ClockTime = 22 s

Cloud name: dsmc [rank 0]
    Number of dsmc particles        = 261496
    Number of molecules             = 1.30748e+17
    Mass in system                  = 6.26252379e-09
    Average linear kinetic energy   = 1.082147763e-18
    Average rotational energy       = 3.748953053e-21
    Average vibrational energy      = 2.180743626e-20
    Average electronic energy       = 0
    Average total energy            = 1.107704153e-18
ExecutionTime = 20.49 s  ClockTime = 22 s

Cloud name: dsmc [rank 6]
    Number of dsmc particles        = 321579
    Number of molecules             = 1.607895e+17
    Mass in system                  = 7.70207641e-09
    Average linear kinetic energy   = 1.112203809e-18
    Average rotational energy       = 2.702883606e-21
    Average vibrational energy      = 2.165552346e-20
    Average electronic energy       = 0
    Average total energy            = 1.136562216e-18
ExecutionTime = 20.49 s  ClockTime = 22 s

Cloud name: dsmc [rank 7]
    Number of dsmc particles        = 314099
    Number of molecules             = 1.570495e+17
    Mass in system                  = 7.52428047e-09
    Average linear kinetic energy   = 1.105324229e-18
    Average rotational energy       = 2.995656789e-21
    Average vibrational energy      = 2.168559202e-20
    Average electronic energy       = 0
    Average total energy            = 1.130005478e-18
ExecutionTime = 20.48 s  ClockTime = 22 s

ExecutionTime = 20.64 s  ClockTime = 22 s

ExecutionTime = 20.68 s  ClockTime = 22 s

ExecutionTime = 20.64 s  ClockTime = 22 s

ExecutionTime = 20.64 s  ClockTime = 22 s

ExecutionTime = 20.66 s  ClockTime = 22 s

ExecutionTime = 20.7 s  ClockTime = 22 s

ExecutionTime = 20.71 s  ClockTime = 22 s

ExecutionTime = 20.69 s  ClockTime = 22 s

ExecutionTime = 20.77 s  ClockTime = 22 s

ExecutionTime = 20.81 s  ClockTime = 22 s

ExecutionTime = 20.78 s  ClockTime = 22 s

ExecutionTime = 20.85 s  ClockTime = 22 s

ExecutionTime = 20.8 s  ClockTime = 22 s

ExecutionTime = 20.87 s  ClockTime = 22 s

ExecutionTime = 20.85 s  ClockTime = 22 s

ExecutionTime = 20.89 s  ClockTime = 22 s

ExecutionTime = 20.9 s  ClockTime = 22 s

ExecutionTime = 20.94 s  ClockTime = 22 s

ExecutionTime = 20.91 s  ClockTime = 22 s

ExecutionTime = 21 s  ClockTime = 23 s

ExecutionTime = 20.96 s  ClockTime = 23 s

ExecutionTime = 21 s  ClockTime = 23 s

ExecutionTime = 21.04 s  ClockTime = 23 s

ExecutionTime = 21.05 s  ClockTime = 23 s

ExecutionTime = 21.09 s  ClockTime = 23 s

ExecutionTime = 21.06 s  ClockTime = 23 s

ExecutionTime = 21.1 s  ClockTime = 23 s

ExecutionTime = 21.16 s  ClockTime = 23 s

ExecutionTime = 21.16 s  ClockTime = 23 s

ExecutionTime = 21.14 s  ClockTime = 23 s

ExecutionTime = 21.16 s  ClockTime = 23 s

ExecutionTime = 21.23 s  ClockTime = 23 s

ExecutionTime = 21.2 s  ClockTime = 23 s

ExecutionTime = 21.25 s  ClockTime = 23 s

ExecutionTime = 21.29 s  ClockTime = 23 s

ExecutionTime = 21.29 s  ClockTime = 23 s

ExecutionTime = 21.34 s  ClockTime = 23 s

ExecutionTime = 21.36 s  ClockTime = 23 s

ExecutionTime = 21.31 s  ClockTime = 23 s

ExecutionTime = 21.33 s  ClockTime = 23 s

ExecutionTime = 21.35 s  ClockTime = 23 s

ExecutionTime = 21.41 s  ClockTime = 23 s

ExecutionTime = 21.41 s  ClockTime = 23 s

ExecutionTime = 21.5 s  ClockTime = 23 s

ExecutionTime = 21.49 s  ClockTime = 23 s

ExecutionTime = 21.5 s  ClockTime = 23 s

ExecutionTime = 21.49 s  ClockTime = 23 s

ExecutionTime = 21.49 s  ClockTime = 23 s

ExecutionTime = 21.53 s  ClockTime = 23 s

ExecutionTime = 21.54 s  ClockTime = 23 s

ExecutionTime = 21.59 s  ClockTime = 23 s

ExecutionTime = 21.63 s  ClockTime = 23 s

ExecutionTime = 21.65 s  ClockTime = 23 s

ExecutionTime = 21.65 s  ClockTime = 23 s

Time = 9e-06

ExecutionTime = 21.62 s  ClockTime = 23 s

ExecutionTime = 21.7 s  ClockTime = 23 s

ExecutionTime = 21.66 s  ClockTime = 23 s

    Collisions [rank 3]              = 1460
    Collision candidates           = 3443
    Collision acceptance rate      = 0.4240487947

ExecutionTime = 21.75 s  ClockTime = 23 s

Time = 9e-06

ExecutionTime = 21.72 s  ClockTime = 23 s

ExecutionTime = 21.81 s  ClockTime = 23 s

ExecutionTime = 21.76 s  ClockTime = 23 s

Time = 9e-06

ExecutionTime = 21.8 s  ClockTime = 23 s

    Collisions [rank 2]              = 1559
    Collision candidates           = 3598
    Collision acceptance rate      = 0.4332962757

ExecutionTime = 21.8 s  ClockTime = 23 s

ExecutionTime = 21.88 s  ClockTime = 23 s

    Collisions [rank 1]              = 1517
    Collision candidates           = 3513
    Collision acceptance rate      = 0.4318246513

ExecutionTime = 21.89 s  ClockTime = 24 s

ExecutionTime = 21.97 s  ClockTime = 24 s

Time = 9e-06

ExecutionTime = 21.97 s  ClockTime = 24 s

ExecutionTime = 21.96 s  ClockTime = 24 s

Time = 9e-06

ExecutionTime = 22.04 s  ClockTime = 24 s

    Collisions [rank 0]              = 1117
    Collision candidates           = 2839
    Collision acceptance rate      = 0.3934483973

ExecutionTime = 22.02 s  ClockTime = 24 s

Time = 9e-06

    Collisions [rank 4]              = 1015
    Collision candidates           = 2706
    Collision acceptance rate      = 0.3750923873

ExecutionTime = 22.12 s  ClockTime = 22 s

Time = 9e-06

    Collisions [rank 5]              = 881
    Collision candidates           = 2469
    Collision acceptance rate      = 0.3568246254

ExecutionTime = 22.18 s  ClockTime = 22 s

Time = 9e-06

    Collisions [rank 7]              = 740
    Collision candidates           = 2319
    Collision acceptance rate      = 0.3191030617

    Collisions [rank 6]              = 718
    Collision candidates           = 2296
    Collision acceptance rate      = 0.31271777

Cloud name: dsmc [rank 1]
    Number of dsmc particles        = 216648
    Number of molecules             = 1.08324e+17
    Mass in system                  = 5.18902148e-09
    Average linear kinetic energy   = 1.04197293e-18
    Average rotational energy       = 5.32228719e-21
    Average vibrational energy      = 2.200224139e-20
    Average electronic energy       = 0
    Average total energy            = 1.069297458e-18
ExecutionTime = 22.28 s  ClockTime = 22 s

Cloud name: dsmc [rank 3]
    Number of dsmc particles        = 218043
    Number of molecules             = 1.090215e+17
    Mass in system                  = 5.2218425e-09
    Average linear kinetic energy   = 1.057611506e-18
    Average rotational energy       = 4.720851169e-21
    Average vibrational energy      = 2.192788389e-20
    Average electronic energy       = 0
    Average total energy            = 1.084260241e-18
ExecutionTime = 22.31 s  ClockTime = 22 s

Cloud name: dsmc [rank 2]
    Number of dsmc particles        = 221412
    Number of molecules             = 1.10706e+17
    Mass in system                  = 5.30367373e-09
    Average linear kinetic energy   = 1.051049062e-18
    Average rotational energy       = 4.879002248e-21
    Average vibrational energy      = 2.193733858e-20
    Average electronic energy       = 0
    Average total energy            = 1.077865402e-18
ExecutionTime = 22.34 s  ClockTime = 22 s

Cloud name: dsmc [rank 0]
    Number of dsmc particles        = 262708
    Number of molecules             = 1.31354e+17
    Mass in system                  = 6.29171896e-09
    Average linear kinetic energy   = 1.078591244e-18Cloud name: dsmc [rank 4]
    Number of dsmc particles        = 275688
    Number of molecules             = 1.37844e+17
    Mass in system                  = 6.60197425e-09
    Average linear kinetic energy   = 1.080678559e-18
    Average rotational energy       = 3.971262752e-21
    Average vibrational energy      = 2.182913572e-20
    Average electronic energy       = 0
    Average total energy            = 1.106478958e-18
ExecutionTime = 22.28 s  ClockTime = 22 s


    Average rotational energy       = 4.012665445e-21
    Average vibrational energy      = 2.183592363e-20
    Average electronic energy       = 0
    Average total energy            = 1.104439833e-18
ExecutionTime = 22.34 s  ClockTime = 22 s

Cloud name: dsmc [rank 7]
    Number of dsmc particles        = 314597
    Number of molecules             = 1.572985e+17
    Mass in system                  = 7.53617673e-09
    Average linear kinetic energy   = 1.104247198e-18
    Average rotational energy       = 3.106602938e-21
    Average vibrational energy      = 2.16954166e-20
    Average electronic energy       = 0
    Average total energy            = 1.129049217e-18
ExecutionTime = 22.32 s  ClockTime = 22 s

Cloud name: dsmc [rank 5]
    Number of dsmc particles        = 300465
    Number of molecules             = 1.502325e+17
    Mass in system                  = 7.19588371e-09
    Average linear kinetic energy   = 1.094229175e-18
    Average rotational energy       = 3.431948864e-21
    Average vibrational energy      = 2.176943043e-20
    Average electronic energy       = 0
    Average total energy            = 1.119430555e-18
ExecutionTime = 22.29 s  ClockTime = 22 s

Cloud name: dsmc [rank 6]
    Number of dsmc particles        = 321776
    Number of molecules             = 1.60888e+17
    Mass in system                  = 7.70687512e-09
    Average linear kinetic energy   = 1.111719276e-18
    Average rotational energy       = 2.729418981e-21
    Average vibrational energy      = 2.165686515e-20
    Average electronic energy       = 0
    Average total energy            = 1.136105561e-18
ExecutionTime = 22.33 s  ClockTime = 22 s

ExecutionTime = 22.47 s  ClockTime = 23 s

ExecutionTime = 22.46 s  ClockTime = 23 s

ExecutionTime = 22.52 s  ClockTime = 23 s

ExecutionTime = 22.47 s  ClockTime = 23 s

ExecutionTime = 22.5 s  ClockTime = 23 s

ExecutionTime = 22.53 s  ClockTime = 23 s

ExecutionTime = 22.53 s  ClockTime = 23 s

ExecutionTime = 22.52 s  ClockTime = 23 s

ExecutionTime = 22.59 s  ClockTime = 23 s

ExecutionTime = 22.58 s  ClockTime = 23 s

ExecutionTime = 22.64 s  ClockTime = 23 s

ExecutionTime = 22.62 s  ClockTime = 23 s

ExecutionTime = 22.68 s  ClockTime = 23 s

ExecutionTime = 22.68 s  ClockTime = 23 s

ExecutionTime = 22.67 s  ClockTime = 23 s

ExecutionTime = 22.72 s  ClockTime = 23 s

ExecutionTime = 22.73 s  ClockTime = 23 s

ExecutionTime = 22.72 s  ClockTime = 23 s

ExecutionTime = 22.79 s  ClockTime = 23 s

ExecutionTime = 22.78 s  ClockTime = 23 s

ExecutionTime = 22.84 s  ClockTime = 23 s

ExecutionTime = 22.84 s  ClockTime = 23 s

ExecutionTime = 22.85 s  ClockTime = 23 s

ExecutionTime = 22.87 s  ClockTime = 23 s

ExecutionTime = 22.9 s  ClockTime = 23 s

ExecutionTime = 22.85 s  ClockTime = 23 s

ExecutionTime = 22.93 s  ClockTime = 23 s

ExecutionTime = 22.96 s  ClockTime = 23 s

ExecutionTime = 23 s  ClockTime = 23 s

ExecutionTime = 22.96 s  ClockTime = 23 s

ExecutionTime = 22.97 s  ClockTime = 23 s

ExecutionTime = 23.04 s  ClockTime = 23 s

ExecutionTime = 23.03 s  ClockTime = 23 s

ExecutionTime = 23.07 s  ClockTime = 23 s

ExecutionTime = 23.1 s  ClockTime = 23 s

ExecutionTime = 23.1 s  ClockTime = 23 s

ExecutionTime = 23.1 s  ClockTime = 23 s

ExecutionTime = 23.17 s  ClockTime = 23 s

ExecutionTime = 23.13 s  ClockTime = 23 s

ExecutionTime = 23.19 s  ClockTime = 23 s

ExecutionTime = 23.22 s  ClockTime = 23 s

ExecutionTime = 23.22 s  ClockTime = 23 s

ExecutionTime = 23.25 s  ClockTime = 23 s

ExecutionTime = 23.29 s  ClockTime = 23 s

ExecutionTime = 23.26 s  ClockTime = 23 s

ExecutionTime = 23.32 s  ClockTime = 23 s

ExecutionTime = 23.33 s  ClockTime = 23 s

ExecutionTime = 23.3 s  ClockTime = 23 s

ExecutionTime = 23.35 s  ClockTime = 23 s

ExecutionTime = 23.39 s  ClockTime = 24 s

ExecutionTime = 23.41 s  ClockTime = 24 s

ExecutionTime = 23.43 s  ClockTime = 24 s

ExecutionTime = 23.46 s  ClockTime = 24 s

ExecutionTime = 23.47 s  ClockTime = 24 s

ExecutionTime = 23.47 s  ClockTime = 24 s

Time = 1e-05

ExecutionTime = 23.5 s  ClockTime = 24 s

ExecutionTime = 23.48 s  ClockTime = 24 s

    Collisions [rank 3]              = 1580
    Collision candidates           = 3714
    Collision acceptance rate      = 0.4254173398

ExecutionTime = 23.51 s  ClockTime = 24 s

Time = 1e-05

ExecutionTime = 23.59 s  ClockTime = 24 s

Time = 1e-05

ExecutionTime = 23.6 s  ClockTime = 24 s

ExecutionTime = 23.61 s  ClockTime = 24 s

ExecutionTime = 23.64 s  ClockTime = 24 s

    Collisions [rank 1]              = 1681
    Collision candidates           = 3852
    Collision acceptance rate      = 0.4363966771

    Collisions [rank 2]              = 1663
    Collision candidates           = 3807
    Collision acceptance rate      = 0.4368268978

ExecutionTime = 23.68 s  ClockTime = 24 s

ExecutionTime = 23.64 s  ClockTime = 24 s

ExecutionTime = 23.75 s  ClockTime = 24 s

ExecutionTime = 23.79 s  ClockTime = 24 s

ExecutionTime = 23.81 s  ClockTime = 24 s

Time = 1e-05

ExecutionTime = 23.78 s  ClockTime = 24 s

Time = 1e-05

ExecutionTime = 23.84 s  ClockTime = 24 s

    Collisions [rank 0]              = 1151
    Collision candidates           = 2874
    Collision acceptance rate      = 0.400487126

    Collisions [rank 4]              = 1101
    Collision candidates           = 2800
    Collision acceptance rate      = 0.3932142857

ExecutionTime = 23.9 s  ClockTime = 24 s

Time = 1e-05

ExecutionTime = 23.92 s  ClockTime = 24 s

Time = 1e-05

ExecutionTime = 24 s  ClockTime = 24 s

Time = 1e-05

    Collisions [rank 7]              = 829
    Collision candidates           = 2407
    Collision acceptance rate      = 0.3444121313

    Collisions [rank 5]              = 913
    Collision candidates           = 2485
    Collision acceptance rate      = 0.3674044266

    Collisions [rank 6]              = 697
    Collision candidates           = 2253
    Collision acceptance rate      = 0.3093652907

Cloud name: dsmc [rank 3]
    Number of dsmc particles        = 219416
    Number of molecules             = 1.09708e+17
    Mass in system                  = 5.25472796e-09
    Average linear kinetic energy   = 1.05192532e-18
    Average rotational energy       = 5.159912257e-21
    Average vibrational energy      = 2.199703736e-20
    Average electronic energy       = 0
    Average total energy            = 1.079082269e-18
ExecutionTime = 24.15 s  ClockTime = 24 s

Cloud name: dsmc [rank 2]
    Number of dsmc particles        = 222954
    Number of molecules             = 1.11477e+17
    Mass in system                  = 5.34055133e-09
    Average linear kinetic energy   = 1.044997432e-18
    Average rotational energy       = 5.325571626e-21
    Average vibrational energy      = 2.201197457e-20
    Average electronic energy       = 0
    Average total energy            = 1.072334978e-18
ExecutionTime = 24.18 s  ClockTime = 24 s

Cloud name: dsmc [rank 1]
    Number of dsmc particles        = 218337
    Number of molecules             = 1.091685e+17
    Mass in system                  = 5.22955515e-09
    Average linear kinetic energy   = 1.034873937e-18
    Average rotational energy       = 5.835744214e-21
    Average vibrational energy      = 2.208473324e-20
    Average electronic energy       = 0
    Average total energy            = 1.062794415e-18
ExecutionTime = 24.12 s  ClockTime = 24 s

Cloud name: dsmc [rank 4]
    Number of dsmc particles        = 276887
    Number of molecules             = 1.384435e+17
    Mass in system                  = 6.63069836e-09
    Average linear kinetic energy   = 1.077359653e-18
    Average rotational energy       = 4.221747875e-21
    Average vibrational energy      = 2.186514498e-20
    Average electronic energy       = 0
    Average total energy            = 1.103446546e-18
Cloud name: dsmc [rank 0]
    Number of dsmc particles        = 263759
    Number of molecules             = 1.318795e+17
    Mass in system                  = 6.31692263e-09
    Average linear kinetic energy   = 1.075029007e-18
    Average rotational energy       = 4.269348336e-21
    Average vibrational energy      = 2.187245217e-20
    Average electronic energy       = 0
    Average total energy            = 1.101170807e-18
ExecutionTime = 24.18 s  ClockTime = 24 s

ExecutionTime = 24.12 s  ClockTime = 24 s

Cloud name: dsmc [rank 5]
    Number of dsmc particles        = 301077
    Number of molecules             = 1.505385e+17
    Mass in system                  = 7.21045033e-09
    Average linear kinetic energy   = 1.092278336e-18
    Average rotational energy       = 3.604957744e-21
    Average vibrational energy      = 2.178676717e-20
    Average electronic energy       = 0
    Average total energy            = 1.117670061e-18
ExecutionTime = 24.14 s  ClockTime = 24 s

Cloud name: dsmc [rank 7]
    Number of dsmc particles        = 315115
    Number of molecules             = 1.575575e+17
    Mass in system                  = 7.54842545e-09
    Average linear kinetic energy   = 1.102958184e-18
    Average rotational energy       = 3.18299625e-21
    Average vibrational energy      = 2.171048119e-20
    Average electronic energy       = 0
    Average total energy            = 1.127851661e-18
ExecutionTime = 24.16 s  ClockTime = 24 s

Cloud name: dsmc [rank 6]
    Number of dsmc particles        = 321932
    Number of molecules             = 1.60966e+17
    Mass in system                  = 7.71072058e-09
    Average linear kinetic energy   = 1.111367322e-18
    Average rotational energy       = 2.775725906e-21
    Average vibrational energy      = 2.16578052e-20
    Average electronic energy       = 0
    Average total energy            = 1.135800854e-18
ExecutionTime = 24.17 s  ClockTime = 24 s

ExecutionTime = 24.34 s  ClockTime = 25 s

ExecutionTime = 24.35 s  ClockTime = 25 s

ExecutionTime = 24.32 s  ClockTime = 25 s

ExecutionTime = 24.32 s  ClockTime = 25 s

ExecutionTime = 24.34 s  ClockTime = 25 s

ExecutionTime = 24.38 s  ClockTime = 25 s

ExecutionTime = 24.37 s  ClockTime = 25 s

ExecutionTime = 24.38 s  ClockTime = 25 s

ExecutionTime = 24.45 s  ClockTime = 25 s

ExecutionTime = 24.49 s  ClockTime = 25 s

ExecutionTime = 24.45 s  ClockTime = 25 s

ExecutionTime = 24.53 s  ClockTime = 25 s

ExecutionTime = 24.52 s  ClockTime = 25 s

ExecutionTime = 24.55 s  ClockTime = 25 s

ExecutionTime = 24.52 s  ClockTime = 25 s

ExecutionTime = 24.58 s  ClockTime = 25 s

ExecutionTime = 24.58 s  ClockTime = 25 s

ExecutionTime = 24.64 s  ClockTime = 25 s

ExecutionTime = 24.61 s  ClockTime = 25 s

ExecutionTime = 24.68 s  ClockTime = 25 s

ExecutionTime = 24.68 s  ClockTime = 25 s

ExecutionTime = 24.71 s  ClockTime = 25 s

ExecutionTime = 24.7 s  ClockTime = 25 s

ExecutionTime = 24.72 s  ClockTime = 25 s

ExecutionTime = 24.77 s  ClockTime = 25 s

ExecutionTime = 24.78 s  ClockTime = 25 s

ExecutionTime = 24.76 s  ClockTime = 25 s

ExecutionTime = 24.8 s  ClockTime = 25 s

ExecutionTime = 24.86 s  ClockTime = 25 s

ExecutionTime = 24.89 s  ClockTime = 25 s

ExecutionTime = 24.89 s  ClockTime = 25 s

ExecutionTime = 24.87 s  ClockTime = 25 s

ExecutionTime = 24.92 s  ClockTime = 25 s

ExecutionTime = 24.96 s  ClockTime = 25 s

ExecutionTime = 24.91 s  ClockTime = 25 s

ExecutionTime = 24.93 s  ClockTime = 25 s

ExecutionTime = 25.03 s  ClockTime = 25 s

ExecutionTime = 25.04 s  ClockTime = 25 s

ExecutionTime = 25.07 s  ClockTime = 25 s

ExecutionTime = 25.04 s  ClockTime = 25 s

ExecutionTime = 25.05 s  ClockTime = 25 s

ExecutionTime = 25.1 s  ClockTime = 25 s

ExecutionTime = 25.16 s  ClockTime = 25 s

ExecutionTime = 25.12 s  ClockTime = 25 s

ExecutionTime = 25.19 s  ClockTime = 25 s

ExecutionTime = 25.18 s  ClockTime = 25 s

ExecutionTime = 25.2 s  ClockTime = 25 s

ExecutionTime = 25.18 s  ClockTime = 25 s

ExecutionTime = 25.22 s  ClockTime = 25 s

ExecutionTime = 25.3 s  ClockTime = 25 s

Time = 1.1e-05

ExecutionTime = 25.3 s  ClockTime = 25 s

ExecutionTime = 25.33 s  ClockTime = 26 s

ExecutionTime = 25.34 s  ClockTime = 26 s

ExecutionTime = 25.37 s  ClockTime = 26 s

ExecutionTime = 25.33 s  ClockTime = 26 s

ExecutionTime = 25.33 s  ClockTime = 26 s

    Collisions [rank 3]              = 1725
    Collision candidates           = 4028
    Collision acceptance rate      = 0.4282522344

ExecutionTime = 25.46 s  ClockTime = 26 s

Time = 1.1e-05

ExecutionTime = 25.41 s  ClockTime = 26 s

ExecutionTime = 25.47 s  ClockTime = 26 s

ExecutionTime = 25.53 s  ClockTime = 26 s

ExecutionTime = 25.48 s  ClockTime = 26 s

Time = 1.1e-05

ExecutionTime = 25.53 s  ClockTime = 26 s

ExecutionTime = 25.5 s  ClockTime = 26 s

    Collisions [rank 2]              = 1792
    Collision candidates           = 4132
    Collision acceptance rate      = 0.4336882865

    Collisions [rank 1]              = 1779
    Collision candidates           = 4059
    Collision acceptance rate      = 0.4382852919

ExecutionTime = 25.59 s  ClockTime = 26 s

ExecutionTime = 25.66 s  ClockTime = 26 s

Time = 1.1e-05

ExecutionTime = 25.67 s  ClockTime = 26 s

ExecutionTime = 25.65 s  ClockTime = 26 s

ExecutionTime = 25.7 s  ClockTime = 26 s

    Collisions [rank 0]              = 1267
    Collision candidates           = 3127
    Collision acceptance rate      = 0.4051806844

ExecutionTime = 25.73 s  ClockTime = 26 s

Time = 1.1e-05

ExecutionTime = 25.83 s  ClockTime = 26 s

Time = 1.1e-05

ExecutionTime = 25.85 s  ClockTime = 26 s

Time = 1.1e-05

ExecutionTime = 25.82 s  ClockTime = 26 s

Time = 1.1e-05

    Collisions [rank 4]              = 1183
    Collision candidates           = 2845
    Collision acceptance rate      = 0.4158172232

    Collisions [rank 6]              = 713
    Collision candidates           = 2267
    Collision acceptance rate      = 0.3145125717

    Collisions [rank 7]              = 840
    Collision candidates           = 2446
    Collision acceptance rate      = 0.343417825

    Collisions [rank 5]              = 953
    Collision candidates           = 2511
    Collision acceptance rate      = 0.3795300677

Cloud name: dsmc [rank 3]
    Number of dsmc particles        = 220763
    Number of molecules             = 1.103815e+17
    Mass in system                  = 5.28691955e-09
    Average linear kinetic energy   = 1.046498184e-18
    Average rotational energy       = 5.617760708e-21
    Average vibrational energy      = 2.20428812e-20
    Average electronic energy       = 0
    Average total energy            = 1.074158826e-18
ExecutionTime = 26.01 s  ClockTime = 26 s

Cloud name: dsmc [rank 2]
    Number of dsmc particles        = 224387
    Number of molecules             = 1.121935e+17
    Mass in system                  = 5.37494433e-09
    Average linear kinetic energy   = 1.038841066e-18
    Average rotational energy       = 5.979586607e-21
    Average vibrational energy      = 2.208374668e-20
    Average electronic energy       = 0
    Average total energy            = 1.066904399e-18
ExecutionTime = 26.03 s  ClockTime = 26 s

Cloud name: dsmc [rank 1]
    Number of dsmc particles        = 220163
    Number of molecules             = 1.100815e+17
    Mass in system                  = 5.27323766e-09
    Average linear kinetic energy   = 1.028217304e-18
    Average rotational energy       = 6.444861037e-21
    Average vibrational energy      = 2.213934738e-20
    Average electronic energy       = 0
    Average total energy            = 1.056801513e-18
ExecutionTime = 25.98 s  ClockTime = 26 s

Cloud name: dsmc [rank 4]
    Number of dsmc particles        = 277888
    Number of molecules             = 1.38944e+17
    Mass in system                  = 6.6547296e-09
Cloud name: dsmc [rank     Average linear kinetic energy   = 1.074195177e-18
    Average rotational energy       = 4.518398835e-21
    Average vibrational energy      = 2.190719896e-20
    Average electronic energy       = 0
    Average total energy            = 1.100620775e-18
ExecutionTime = 25.98 s  ClockTime = 26 s

0]
    Number of dsmc particles        = 264899
    Number of molecules             = 1.324495e+17
    Mass in system                  = 6.34410287e-09
    Average linear kinetic energy   = 1.071685528e-18
    Average rotational energy       = 4.52790418e-21
    Average vibrational energy      = 2.192255806e-20
    Average electronic energy       = 0
    Average total energy            = 1.09813599e-18
ExecutionTime = 26.02 s  ClockTime = 26 s

Cloud name: dsmc [rank 6]
    Number of dsmc particles        = 322128
    Number of molecules             = 1.61064e+17
    Mass in system                  = 7.71544308e-09
    Average linear kinetic energy   = 1.110982227e-18
    Average rotational energy       = 2.818124006e-21
    Average vibrational energy      = 2.166327564e-20
    Average electronic energy       = 0
    Average total energy            = 1.135463627e-18
ExecutionTime = 26.03 s  ClockTime = 26 s

Cloud name: dsmc [rank 5]
    Number of dsmc particles        = 301906
    Number of molecules             = 1.50953e+17
    Mass in system                  = 7.2303601e-09
    Average linear kinetic energy   = 1.090297067e-18
    Average rotational energy       = 3.768004334e-21
    Average vibrational energy      = 2.18049291e-20
    Average electronic energy       = 0
    Average total energy            = 1.115870001e-18
ExecutionTime = 25.99 s  ClockTime = 26 s

Cloud name: dsmc [rank 7]
    Number of dsmc particles        = 315441
    Number of molecules             = 1.577205e+17
    Mass in system                  = 7.55619362e-09
    Average linear kinetic energy   = 1.101940465e-18
    Average rotational energy       = 3.26619181e-21
    Average vibrational energy      = 2.172532922e-20
    Average electronic energy       = 0
    Average total energy            = 1.126931986e-18
ExecutionTime = 26.02 s  ClockTime = 26 s

ExecutionTime = 26.2 s  ClockTime = 26 s

ExecutionTime = 26.2 s  ClockTime = 26 s

ExecutionTime = 26.23 s  ClockTime = 26 s

ExecutionTime = 26.18 s  ClockTime = 26 s

ExecutionTime = 26.19 s  ClockTime = 26 s

ExecutionTime = 26.21 s  ClockTime = 26 s

ExecutionTime = 26.25 s  ClockTime = 26 s

ExecutionTime = 26.23 s  ClockTime = 26 s

ExecutionTime = 26.32 s  ClockTime = 27 s

ExecutionTime = 26.36 s  ClockTime = 27 s

ExecutionTime = 26.32 s  ClockTime = 27 s

ExecutionTime = 26.39 s  ClockTime = 27 s

ExecutionTime = 26.35 s  ClockTime = 27 s

ExecutionTime = 26.42 s  ClockTime = 27 s

ExecutionTime = 26.45 s  ClockTime = 27 s

ExecutionTime = 26.41 s  ClockTime = 27 s

ExecutionTime = 26.44 s  ClockTime = 27 s

ExecutionTime = 26.51 s  ClockTime = 27 s

ExecutionTime = 26.48 s  ClockTime = 27 s

ExecutionTime = 26.56 s  ClockTime = 27 s

ExecutionTime = 26.51 s  ClockTime = 27 s

ExecutionTime = 26.58 s  ClockTime = 27 s

ExecutionTime = 26.63 s  ClockTime = 27 s

ExecutionTime = 26.61 s  ClockTime = 27 s

ExecutionTime = 26.6 s  ClockTime = 27 s

ExecutionTime = 26.67 s  ClockTime = 27 s

ExecutionTime = 26.63 s  ClockTime = 27 s

ExecutionTime = 26.71 s  ClockTime = 27 s

ExecutionTime = 26.72 s  ClockTime = 27 s

ExecutionTime = 26.7 s  ClockTime = 27 s

ExecutionTime = 26.78 s  ClockTime = 27 s

ExecutionTime = 26.78 s  ClockTime = 27 s

ExecutionTime = 26.84 s  ClockTime = 27 s

ExecutionTime = 26.83 s  ClockTime = 27 s

ExecutionTime = 26.85 s  ClockTime = 27 s

ExecutionTime = 26.86 s  ClockTime = 27 s

ExecutionTime = 26.91 s  ClockTime = 27 s

ExecutionTime = 26.88 s  ClockTime = 27 s

ExecutionTime = 27.01 s  ClockTime = 27 s

ExecutionTime = 26.98 s  ClockTime = 27 s

ExecutionTime = 26.98 s  ClockTime = 27 s

ExecutionTime = 27.03 s  ClockTime = 27 s

ExecutionTime = 27.07 s  ClockTime = 27 s

ExecutionTime = 27.06 s  ClockTime = 27 s

ExecutionTime = 27.13 s  ClockTime = 27 s

ExecutionTime = 27.11 s  ClockTime = 27 s

ExecutionTime = 27.18 s  ClockTime = 27 s

ExecutionTime = 27.18 s  ClockTime = 27 s

ExecutionTime = 27.16 s  ClockTime = 27 s

ExecutionTime = 27.22 s  ClockTime = 27 s

ExecutionTime = 27.3 s  ClockTime = 27 s

ExecutionTime = 27.3 s  ClockTime = 27 s

ExecutionTime = 27.33 s  ClockTime = 27 s

ExecutionTime = 27.33 s  ClockTime = 28 s

Time = 1.2e-05

ExecutionTime = 27.37 s  ClockTime = 28 s

ExecutionTime = 27.33 s  ClockTime = 28 s

ExecutionTime = 27.34 s  ClockTime = 28 s

    Collisions [rank 3]              = 1883
    Collision candidates           = 4287
    Collision acceptance rate      = 0.4392348962

ExecutionTime = 27.42 s  ClockTime = 28 s

ExecutionTime = 27.51 s  ClockTime = 28 s

Time = 1.2e-05

ExecutionTime = 27.51 s  ClockTime = 28 s

ExecutionTime = 27.52 s  ClockTime = 28 s

ExecutionTime = 27.51 s  ClockTime = 28 s

Time = 1.2e-05

ExecutionTime = 27.53 s  ClockTime = 28 s

ExecutionTime = 27.6 s  ClockTime = 28 s

    Collisions [rank 2]              = 2002
    Collision candidates           = 4490
    Collision acceptance rate      = 0.4458797327

ExecutionTime = 27.61 s  ClockTime = 28 s

    Collisions [rank 1]              = 2010
    Collision candidates           = 4410
    Collision acceptance rate      = 0.4557823129

ExecutionTime = 27.7 s  ClockTime = 28 s

ExecutionTime = 27.72 s  ClockTime = 28 s

ExecutionTime = 27.75 s  ClockTime = 28 s

Time = 1.2e-05

ExecutionTime = 27.72 s  ClockTime = 28 s

Time = 1.2e-05

ExecutionTime = 27.76 s  ClockTime = 28 s

Time = 1.2e-05

    Collisions [rank 0]              = 1333
    Collision candidates           = 3217
    Collision acceptance rate      = 0.4143612061

ExecutionTime = 27.85 s  ClockTime = 28 s

Time = 1.2e-05

    Collisions [rank 4]              = 1251
    Collision candidates           = 3042
    Collision acceptance rate      = 0.4112426036

ExecutionTime = 27.89 s  ClockTime = 28 s

Time = 1.2e-05

    Collisions [rank 5]              = 944
    Collision candidates           = 2597
    Collision acceptance rate      = 0.3634963419

    Collisions [rank 6]              = 767
    Collision candidates           = 2349
    Collision acceptance rate      = 0.3265219242

    Collisions [rank 7]              = 852
    Collision candidates           = 2455
    Collision acceptance rate      = 0.3470468432


Phase C auto DLB triggered (SAR) at step 120: sar=0.002686934244 loadImbalance=1.47898189 threshold=1.5

Phase C auto DLB triggered (SAR) at step 120: sar=0.002686934244 loadImbalance=1.47898189 threshold=1.5

Phase C auto DLB triggered (SAR) at step 120: sar=0.002686934244 loadImbalance=1.47898189 threshold=1.5

Phase C auto DLB triggered (SAR) at step 120: sar=0.002686934244 loadImbalance=1.47898189 threshold=1.5

Phase C auto DLB triggered (SAR) at step 120: sar=0.002686934244 loadImbalance=1.47898189 threshold=1.5

Phase C auto DLB triggered (SAR) at step 120: sar=0.002686934244 loadImbalance=1.47898189 threshold=1.5

Phase C auto DLB triggered (SAR) at step 120: sar=0.002686934244 loadImbalance=1.47898189 threshold=1.5

Phase C auto DLB triggered (SAR) at step 120: sar=0.002686934244 loadImbalance=1.47898189 threshold=1.5
Phase C ParMETIS: alpha=0.8 ncon=2 ubvec=[1.049999952,1.5] moveRatio=0.8514828195 (moveT=12.7657597s, collT=2.226627002s)
Phase C ParMETIS: AdaptiveRepart (104151 cells, 2 constraints, collScale=26.20164534, ubvec=1.049999952)
Phase C ParMETIS: alpha=0.8 ncon=2Phase C ParMETIS: alpha=0.8 ncon=2 ubvec=[1.049999952,1.5] moveRatio=0.8570138949 (moveT=12.484728s, collT=2.082979799s)
Phase C ParMETIS: AdaptiveRepart (104151 cells, 2 constraints, collScale=23.4364255, ubvec=1.049999952)
 ubvec=[1.049999952,1.5] moveRatio=0.8651037766 (moveT=10.33008208s, collT=1.610776761s)
Phase C ParMETIS: AdaptiveRepart (104151 cells, 2 constraints, collScale=20.8383717, ubvec=1.049999952)
Phase C ParMETIS: alpha=0.8 ncon=2 ubvec=[1.049999952,1.5] moveRatio=0.8537191753 (moveT=12.81796316s, collT=2.196298591s)
Phase C ParMETIS: alpha=0.8 ncon=2 ubvec=[Phase C ParMETIS: AdaptiveRepart (104151 cells, 2 constraints, collScale=7.493949068, ubvec=1.049999952)
1.049999952,1.5] moveRatio=0.8646241977 (moveT=11.97567861s, collT=1.875054046s)
Phase C ParMETIS: AdaptiveRepart (104151 cells, 2 constraints, collScale=22.7266823, ubvec=1.049999952)
Phase C ParMETIS: alpha=0.8 ncon=2 ubvec=[1.049999952,1.5] moveRatio=0.8386212734 (moveT=9.030884164s, collT=1.737843569s)
Phase C ParMETIS: AdaptiveRepart (104151 cells, 2 constraints, collScale=26.65967681, ubvec=1.049999952)
Phase C ParMETIS: alpha=0.8Phase C ParMETIS: alpha= ncon=2 ubvec=[1.049999952,1.5] moveRatio=0.8737487345 (moveT=10.11755135s, collT=1.461923332s)
Phase C ParMETIS: AdaptiveRepart (104151 cells, 2 constraints, collScale=19.28806838, ubvec=1.049999952)
0.8 ncon=2 ubvec=[1.049999952,1.5] moveRatio=0.8675755754 (moveT=9.254944732s, collT=1.412650109s)
Phase C ParMETIS: AdaptiveRepart (104151 cells, 2 constraints, collScale=21.13625427, ubvec=1.049999952)
Replicated mesh: rank 1 owns 13383 / 104151 cells
Replicated mesh: rank 3 owns 11398 / 104151 cells
Replicated mesh: rank 4 owns 13363 / 104151 cells
Replicated mesh: rank 5 owns 11834 / 104151 cells
Replicated mesh: rank 6 owns 10545 / 104151 cells
Replicated mesh: rank 0 owns 15705 / 104151 cells
Replicated mesh: rank 2 owns 12610 / 104151 cells
Replicated mesh: rank 7 owns 15313 / 104151 cells
Local mesh: 11834 owned + 340 halo = 12174 / 104151 cells
Phase C ParMETIS AdaptiveRepart: 97789 / 104151 cells changed (0.9389156129)
Local mesh: 11398 owned + 347 halo = 11745 / 104151 cells
Phase C ParMETIS AdaptiveRepart: 97789 / 104151 cells changed (0.9389156129)
Local mesh: 13383 owned + 293 halo = 13676 / 104151 cells
Phase C ParMETIS AdaptiveRepart: 97789 / 104151 cells changed (0.9389156129)
Local mesh: 13363 owned + 460 halo = 13823 / 104151 cells
Phase C ParMETIS AdaptiveRepart: 97789 / 104151 cells changed (0.9389156129)
Local mesh: 10545 owned + 349 halo = 10894 / 104151 cells
Phase C ParMETIS AdaptiveRepart: 97789 / 104151 cells changed (0.9389156129)
Local mesh: 12610 owned + 157 halo = 12767 / 104151 cells
Phase C ParMETIS AdaptiveRepart: 97789 / 104151 cells changed (0.9389156129)
Local mesh: 15313 owned + 384 halo = 15697 / 104151 cells
Phase C ParMETIS AdaptiveRepart: 97789 / 104151 cells changed (Local mesh: 15705 owned + 459 halo = 16164 / 104151 cells
Phase C ParMETIS AdaptiveRepart: 97789 / 104151 cells changed (0.9389156129)
0.9389156129)
Replicated mesh migration[14]: rank 0 sent 231185 parcels, received 464709 (global 2036201) wall 0.2074482s [pack 0.021942695s MPI 0.13546706s deser 0.001106711s]
Replicated mesh migration[14]: rank 1 sent 182871 parcels, received 318098 (global 2036201) wall 0.208107643s [pack 0.011607676s MPI 0.133185632s deser 0.038645814s]
Replicated mesh migration[14]: rank 2 sent 225170 parcels, received 214196 (global 2036201) wall 0.207643294s [pack 0.018658942s MPI 0.045898301s deser 0.106535131s]
Replicated mesh migration[14]: rank 3 sent 214196 parcels, received 185310 (global 2036201) wall 0.208233659s [pack 0.018539504s MPI 0.064270368s deser 0.096906921s]
Replicated mesh migration[14]: rank 4 sent 278896 parcels, received 209584 (global 2036201) wall 0.208115946s [pack 0.030136121s MPI 0.03677112s deser 0.097842637s]
Replicated mesh migration[14]: rank 5 sent 269719 parcels, received 210393 (global 2036201) wall 0.208284667s [pack 0.024443422s MPI 0.089801622s deser 0.048954433s]
Replicated mesh migration[14]: rank 6 sent 318328 parcels, received 144313 (global 2036201) wall 0.208113327s [pack 0.022496728s MPI 0.043623981s deser 0.083366419s]
Replicated mesh migration[14]: rank 7 sent 315836 parcels, received 289598 (global 2036201) wall 0.207523809s [pack 0.027498785s MPI 0.096904566s deser 0.03184997s]
Phase C auto DLB complete: rebalance #1

Phase C auto DLB complete: rebalance #1

Phase C auto DLB complete: rebalance #1

Phase C auto DLB complete: rebalance #1

Phase C auto DLB complete: rebalance #1

Phase C auto DLB complete: rebalance #1

Phase C auto DLB complete: rebalance #1

Phase C auto DLB complete: rebalance #1

Written cellOwner field at time 1.2e-05
Cloud name: dsmc [rank 4]
    Number of dsmc particles        = 209584
    Number of molecules             = 1.04792e+17
    Mass in system                  = 5.01971256e-09
    Average linear kinetic energy   = 1.021021302e-18
    Average rotational energy       = 7.12853451e-21
    Average vibrational energy      = 2.221246622e-20
    Average electronic energy       = 0
    Average total energy            = 1.050362302e-18
ExecutionTime = 28.26 s  ClockTime = 29 s

Cloud name: dsmc [rank 2]
    Number of dsmc particles        = 215015
    Number of molecules             = 1.075075e+17
    Mass in system                  = 5.14936282e-09
    Average linear kinetic energy   = 1.038659109e-18
    Average rotational energy       = 6.235595913e-21
    Average vibrational energy      = 2.213505995e-20
    Average electronic energy       = Cloud name: dsmc [rank 7]
    Number of dsmc particles        = 289598
    Number of molecules             = 1.44799e+17
    Mass in system                  = 6.93596051e-09
    Average linear kinetic energy   = 1.045956922e-18
    Average rotational energy       = 6.016944021e-21
    Average vibrational energy      = 2.210625754e-20
    Average electronic energy       = 0
    Average total energy            = 1.074080123e-18
ExecutionTime = 28.3 s  ClockTime = 29 s

0
    Average total energy            = 1.067029765e-18
ExecutionTime = 28.32 s  ClockTime = 29 s

Cloud name: dsmc [rank 6]
    Number of dsmc particles        = 148397
    Number of molecules             = 7.41985e+16
    Mass in system                  = 3.5542801e-09
    Average linear kinetic energy   = 1.045186008e-18
    Average rotational energy       = 6.252870159e-21
    Average vibrational energy      = 2.211449078e-20
    Average electronic energy       = 0
    Average total energy            = 1.073553369e-18
ExecutionTime = 28.32 s  ClockTime = 29 s

Cloud name: dsmc [rank 3]
    Number of dsmc particles        = 193204
    Number of molecules             = 9.6602e+16
    Mass in system                  = 4.62794463e-09
    Average linear kinetic energy   = 1.019318131e-18
    Average rotational energy       = 7.305836658e-21
    Average vibrational energy      = 2.223143373e-20
    Average electronic energy       = 0
    Average total energy            = 1.048855401e-18
ExecutionTime = 28.3 s  ClockTime = 29 s

Cloud name: dsmc [rank 1]
    Number of dsmc particles        = 357053
    Number of molecules             = 1.785265e+17
    Mass in system                  = 8.55199298e-09
    Average linear kinetic energy   = 1.112980107e-18
    Average rotational energy       = 2.735237027e-21
    Average vibrational energy      = 2.165749904e-20
    Average electronic energy       = 0
    Average total energy            = 1.137372843e-18
Cloud name: dsmc [rank 5]
    Number of dsmc particles        = 243377
    Number of molecules             = 1.216885e+17
    Mass in system                  = 5.82821564e-09
    Average linear kinetic energy   = 1.078525053e-18
    Average rotational energy       = 4.397410313e-21
    Average vibrational energy      = 2.189016335e-20
    Average electronic energy       = 0
    Average total energy            = 1.104812627e-18
ExecutionTime = 28.29 s  ClockTime = 29 s

ExecutionTime = 28.28 s  ClockTime = 29 s

Cloud name: dsmc [rank 0]
    Number of dsmc particles        = 499524
    Number of molecules             = 2.49762e+17
    Mass in system                  = 1.196428657e-08
    Average linear kinetic energy   = 1.115703892e-18
    Average rotational energy       = 2.579750095e-21
    Average vibrational energy      = 2.163993049e-20
    Average electronic energy       = 0
    Average total energy            = 1.139923573e-18
ExecutionTime = 28.32 s  ClockTime = 29 s

ExecutionTime = 28.49 s  ClockTime = 29 s

ExecutionTime = 28.51 s  ClockTime = 29 s

ExecutionTime = 28.5 s  ClockTime = 29 s

ExecutionTime = 28.48 s  ClockTime = 29 s

ExecutionTime = 28.5 s  ClockTime = 29 s

ExecutionTime = 28.46 s  ClockTime = 29 s

ExecutionTime = 28.48 s  ClockTime = 29 s

ExecutionTime = 28.53 s  ClockTime = 29 s

ExecutionTime = 28.61 s  ClockTime = 29 s

ExecutionTime = 28.61 s  ClockTime = 29 s

ExecutionTime = 28.64 s  ClockTime = 29 s

ExecutionTime = 28.6 s  ClockTime = 29 s

ExecutionTime = 28.64 s  ClockTime = 29 s

ExecutionTime = 28.67 s  ClockTime = 29 s

ExecutionTime = 28.66 s  ClockTime = 29 s

ExecutionTime = 28.72 s  ClockTime = 29 s

ExecutionTime = 28.74 s  ClockTime = 29 s

ExecutionTime = 28.76 s  ClockTime = 29 s

ExecutionTime = 28.74 s  ClockTime = 29 s

ExecutionTime = 28.81 s  ClockTime = 29 s

ExecutionTime = 28.81 s  ClockTime = 29 s

ExecutionTime = 28.8 s  ClockTime = 29 s

ExecutionTime = 28.83 s  ClockTime = 29 s

ExecutionTime = 28.88 s  ClockTime = 29 s

ExecutionTime = 28.88 s  ClockTime = 29 s

ExecutionTime = 28.91 s  ClockTime = 29 s

ExecutionTime = 28.86 s  ClockTime = 29 s

ExecutionTime = 28.87 s  ClockTime = 29 s

ExecutionTime = 28.93 s  ClockTime = 29 s

ExecutionTime = 28.97 s  ClockTime = 29 s

ExecutionTime = 29.01 s  ClockTime = 29 s

ExecutionTime = 29.01 s  ClockTime = 29 s

ExecutionTime = 29.01 s  ClockTime = 29 s

ExecutionTime = 29 s  ClockTime = 29 s

ExecutionTime = 29.07 s  ClockTime = 29 s

ExecutionTime = 29.1 s  ClockTime = 29 s

ExecutionTime = 29.05 s  ClockTime = 29 s

ExecutionTime = 29.09 s  ClockTime = 29 s

ExecutionTime = 29.13 s  ClockTime = 29 s

ExecutionTime = 29.13 s  ClockTime = 29 s

ExecutionTime = 29.17 s  ClockTime = 29 s

ExecutionTime = 29.14 s  ClockTime = 29 s

ExecutionTime = 29.22 s  ClockTime = 30 s

ExecutionTime = 29.25 s  ClockTime = 30 s

ExecutionTime = 29.27 s  ClockTime = 30 s

ExecutionTime = 29.25 s  ClockTime = 30 s

ExecutionTime = 29.26 s  ClockTime = 30 s

ExecutionTime = 29.27 s  ClockTime = 30 s

ExecutionTime = 29.33 s  ClockTime = 30 s

Time = 1.3e-05

ExecutionTime = 29.35 s  ClockTime = 30 s

ExecutionTime = 29.36 s  ClockTime = 30 s

ExecutionTime = 29.39 s  ClockTime = 30 s

    Collisions [rank 6]              = 639
    Collision candidates           = 1404
    Collision acceptance rate      = 0.4551282051

ExecutionTime = 29.39 s  ClockTime = 30 s

ExecutionTime = 29.4 s  ClockTime = 30 s

ExecutionTime = 29.42 s  ClockTime = 30 s

ExecutionTime = 29.46 s  ClockTime = 30 s

ExecutionTime = 29.51 s  ClockTime = 30 s

Time = 1.3e-05

ExecutionTime = 29.51 s  ClockTime = 30 s

Time = 1.3e-05

ExecutionTime = 29.52 s  ClockTime = 30 s

ExecutionTime = 29.52 s  ClockTime = 30 s

Time = 1.3e-05

    Collisions [rank 2]              = 2042
    Collision candidates           = 4320
    Collision acceptance rate      = 0.4726851852

ExecutionTime = 29.55 s  ClockTime = 30 s

    Collisions [rank 3]              = 2097
    Collision candidates           = 4308
    Collision acceptance rate      = 0.4867688022

ExecutionTime = 29.61 s  ClockTime = 30 s

    Collisions [rank 4]              = 2027
    Collision candidates           = 4100
    Collision acceptance rate      = 0.4943902439

ExecutionTime = 29.63 s  ClockTime = 30 s

ExecutionTime = 29.69 s  ClockTime = 30 s

ExecutionTime = 29.69 s  ClockTime = 30 s

Time = 1.3e-05

    Collisions [rank 5]              = 967
    Collision candidates           = 2390
    Collision acceptance rate      = 0.4046025105

ExecutionTime = 29.76 s  ClockTime = 30 s

ExecutionTime = 29.82 s  ClockTime = 30 s

ExecutionTime = 29.84 s  ClockTime = 30 s

Time = 1.3e-05

    Collisions [rank 7]              = 1968
    Collision candidates           = 4119
    Collision acceptance rate      = 0.4777858704

ExecutionTime = 29.9 s  ClockTime = 30 s

Time = 1.3e-05

ExecutionTime = 30.03 s  ClockTime = 30 s

    Collisions [rank 1]              = 789
    Collision candidates           = 2514
    Collision acceptance rate      = 0.3138424821

ExecutionTime = 30.19 s  ClockTime = 31 s

ExecutionTime = 30.36 s  ClockTime = 31 s

Time = 1.3e-05

    Collisions [rank 0]              = 1092
    Collision candidates           = 3509
    Collision acceptance rate      = 0.311199772

Cloud name: dsmc [rank 4]
    Number of dsmc particles        = 209762
    Number of molecules             = 1.04881e+17
    Mass in system                  = 5.02399339e-09
    Average linear kinetic energy   = 1.01377668e-18
    Average rotational energy       = 7.733573307e-21
    Average vibrational energy      = 2.233240179e-20
    Average electronic energy       = 0
    Average total energy            = 1.043842655e-18
ExecutionTime = 30.49 s  ClockTime = 31 s

Cloud name: dsmc [rank 2]
    Number of dsmc particles        = 217984
    Number of molecules             = Cloud name: dsmc [rank 7]
    Number of dsmc particles        = 290668
    Number of molecules             = 1.45334e+17
    Mass in system                  = 6.96161917e-09
    Average linear kinetic energy   = 1.04088537e-18
    Average rotational energy       = 6.45531596e-21
    Average vibrational energy      = 2.216885926e-20
    Average electronic energy       = 0
    Average total energy            = 1.069509545e-18
ExecutionTime = 30.52 s  ClockTime = 31 s

1.08992e+17
    Mass in system                  = 5.22054026e-09
    Average linear kinetic energy   = 1.034040311e-18
    Average rotational energy       = 6.768153022e-21
    Average vibrational energy      = 2.221458256e-20
    Average electronic energy       = 0
    Average total energy            = 1.063023046e-18
ExecutionTime = 30.55 s  ClockTime = 31 s

Cloud name: dsmc [rank 6]
    Number of dsmc particles        = 149549
    Number of molecules             = 7.47745e+16
    Mass in system                  = 3.5818585e-09
    Average linear kinetic energy   = 1.040965177e-18
    Average rotational energy       = 6.665363816e-21
    Average vibrational energy      = 2.214283052e-20
    Average electronic energy       = 0
    Average total energy            = 1.069773371e-18
ExecutionTime = 30.54 s  ClockTime = 31 s

Cloud name: dsmc [rank 3]
    Number of dsmc particles        = 196374
    Number of molecules             = 9.8187e+16
    Mass in system                  = 4.70399392e-09
    Average linear kinetic energy   = 1.013475902e-18
    Average rotational energy       = 7.79403493e-21
    Average vibrational energy      = 2.234188277e-20
    Average electronic energy       = 0
    Average total energy            = 1.04361182e-18
ExecutionTime = 30.52 s  ClockTime = 31 s

Cloud name: dsmc [rank 5]
    Number of dsmc particles        = 245187
    Number of molecules             = 1.225935e+17
    Mass in system                  = 5.87168503e-09
    Average linear kinetic energy   = 1.076058408e-18
    Average rotational energy       = 4.627911762e-21
    Average vibrational energy      = 2.193702741e-20
    Average electronic energy       = 0
    Average total energy            = 1.102623347e-18
ExecutionTime = 30.51 s  ClockTime = 31 s

Cloud name: dsmc [rank 1]
    Number of dsmc particles        = 351383
    Number of molecules             = 1.756915e+17
    Mass in system                  = 8.41631926e-09
    Average linear kinetic energy   = 1.112746517e-18
    Average rotational energy       = 2.755828391e-21
    Average vibrational energy      = 2.166076565e-20
    Average electronic energy       = 0
    Average total energy            = 1.137163111e-18
ExecutionTime = 30.5 s  ClockTime = 31 s

Cloud name: dsmc [rank 0]
    Number of dsmc particles        = 503449
    Number of molecules             = 2.517245e+17
    Mass in system                  = 1.205843907e-08
    Average linear kinetic energy   = 1.115731149e-18
    Average rotational energy       = 2.579964405e-21
    Average vibrational energy      = 2.163926786e-20
    Average electronic energy       = 0
    Average total energy            = 1.139950381e-18
ExecutionTime = 30.55 s  ClockTime = 31 s

ExecutionTime = 30.74 s  ClockTime = 31 s

ExecutionTime = 30.74 s  ClockTime = 31 s

ExecutionTime = 30.73 s  ClockTime = 31 s

ExecutionTime = 30.75 s  ClockTime = 31 s

ExecutionTime = 30.71 s  ClockTime = 31 s

ExecutionTime = 30.72 s  ClockTime = 31 s

ExecutionTime = 30.76 s  ClockTime = 31 s

ExecutionTime = 30.78 s  ClockTime = 31 s

ExecutionTime = 30.84 s  ClockTime = 31 s

ExecutionTime = 30.85 s  ClockTime = 31 s

ExecutionTime = 30.87 s  ClockTime = 31 s

ExecutionTime = 30.83 s  ClockTime = 31 s

ExecutionTime = 30.88 s  ClockTime = 31 s

ExecutionTime = 30.95 s  ClockTime = 31 s

ExecutionTime = 30.91 s  ClockTime = 31 s

ExecutionTime = 30.96 s  ClockTime = 31 s

ExecutionTime = 30.95 s  ClockTime = 31 s

ExecutionTime = 30.96 s  ClockTime = 31 s

ExecutionTime = 31.01 s  ClockTime = 31 s

ExecutionTime = 31.04 s  ClockTime = 32 s

ExecutionTime = 31.02 s  ClockTime = 32 s

ExecutionTime = 31.06 s  ClockTime = 32 s

ExecutionTime = 31.1 s  ClockTime = 32 s

ExecutionTime = 31.11 s  ClockTime = 32 s

ExecutionTime = 31.11 s  ClockTime = 32 s

ExecutionTime = 31.11 s  ClockTime = 32 s

ExecutionTime = 31.15 s  ClockTime = 32 s

ExecutionTime = 31.17 s  ClockTime = 32 s

ExecutionTime = 31.16 s  ClockTime = 32 s

ExecutionTime = 31.23 s  ClockTime = 32 s

ExecutionTime = 31.24 s  ClockTime = 32 s

ExecutionTime = 31.27 s  ClockTime = 32 s

ExecutionTime = 31.24 s  ClockTime = 32 s

ExecutionTime = 31.31 s  ClockTime = 32 s

ExecutionTime = 31.31 s  ClockTime = 32 s

ExecutionTime = 31.31 s  ClockTime = 32 s

ExecutionTime = 31.31 s  ClockTime = 32 s

ExecutionTime = 31.36 s  ClockTime = 32 s

ExecutionTime = 31.37 s  ClockTime = 32 s

ExecutionTime = 31.37 s  ClockTime = 32 s

ExecutionTime = 31.38 s  ClockTime = 32 s

ExecutionTime = 31.47 s  ClockTime = 32 s

ExecutionTime = 31.48 s  ClockTime = 32 s

ExecutionTime = 31.45 s  ClockTime = 32 s

ExecutionTime = 31.49 s  ClockTime = 32 s

ExecutionTime = 31.5 s  ClockTime = 32 s

ExecutionTime = 31.57 s  ClockTime = 32 s

Time = 1.4e-05

ExecutionTime = 31.52 s  ClockTime = 32 s

ExecutionTime = 31.53 s  ClockTime = 32 s

ExecutionTime = 31.59 s  ClockTime = 32 s

ExecutionTime = 31.6 s  ClockTime = 32 s

    Collisions [rank 6]              = 662
    Collision candidates           = 1550
    Collision acceptance rate      = 0.4270967742

ExecutionTime = 31.61 s  ClockTime = 32 s

ExecutionTime = 31.63 s  ClockTime = 32 s

ExecutionTime = 31.65 s  ClockTime = 32 s

ExecutionTime = 31.71 s  ClockTime = 32 s

Time = 1.4e-05

ExecutionTime = 31.67 s  ClockTime = 32 s

ExecutionTime = 31.74 s  ClockTime = 32 s

Time = 1.4e-05

ExecutionTime = 31.73 s  ClockTime = 32 s

    Collisions [rank 2]              = 2263
    Collision candidates           = 4772
    Collision acceptance rate      = 0.4742246438

ExecutionTime = 31.77 s  ClockTime = 32 s

    Collisions [rank 3]              = 2219
    Collision candidates           = 4785
    Collision acceptance rate      = 0.4637408568

ExecutionTime = 31.78 s  ClockTime = 32 s

Time = 1.4e-05

ExecutionTime = 31.82 s  ClockTime = 32 s

ExecutionTime = 31.86 s  ClockTime = 32 s

    Collisions [rank 4]              = 2151
    Collision candidates           = 4484
    Collision acceptance rate      = 0.47970562

ExecutionTime = 31.9 s  ClockTime = 32 s

ExecutionTime = 31.92 s  ClockTime = 32 s

Time = 1.4e-05

ExecutionTime = 31.96 s  ClockTime = 33 s

    Collisions [rank 5]              = 971
    Collision candidates           = 2427
    Collision acceptance rate      = 0.4000824063

ExecutionTime = 32.07 s  ClockTime = 33 s

ExecutionTime = 32.05 s  ClockTime = 33 s

ExecutionTime = 32.09 s  ClockTime = 33 s

Time = 1.4e-05

    Collisions [rank 7]              = 2069
    Collision candidates           = 4485
    Collision acceptance rate      = 0.4613154961

ExecutionTime = 32.19 s  ClockTime = 33 s

Time = 1.4e-05

ExecutionTime = 32.27 s  ClockTime = 33 s

    Collisions [rank 1]              = 802
    Collision candidates           = 2483
    Collision acceptance rate      = 0.3229963754

ExecutionTime = 32.47 s  ClockTime = 33 s

ExecutionTime = 32.66 s  ClockTime = 33 s

Time = 1.4e-05

    Collisions [rank 0]              = 1129
    Collision candidates           = 3646
    Collision acceptance rate      = 0.3096544158

Cloud name: dsmc [rank 4]
    Number of dsmc particles        = 211396
    Number of molecules             = 1.05698e+17
    Mass in system                  = 5.06319204e-09
    Average linear kinetic energy   = 1.007625168e-18
    Average rotational energy       = 8.475082955e-21
    Average vibrational energy      = 2.242618128e-20
    Average electronic energy       = 0
    Average total energy            = 1.038526433e-18
ExecutionTime = 32.82 s  ClockTime = 33 s

Cloud name: dsmc [rank 2]
    Number of dsmc particles        = 219335
    Number of molecules             = 1.096675e+17
    Mass in system                  = 5.25281492e-09
    Average linear kinetic energy   = 1.028702369e-18
    Average rotational energy       = 7.39426725e-21
    Average vibrational energy      = 2.226283342e-20
    Average electronic energy       = 0
    Average total energy            = 1.058359469e-18
ExecutionTime = 32.88 s  ClockTime = 33 s

Cloud name: dsmc [rank 7]
    Number of dsmc particles        = 292420
    Number of molecules             = 1.4621e+17
    Mass in system                  = 7.00351829e-09
    Average linear kinetic energy   = 1.036188578e-18
    Average rotational energy       = 6.985146194e-21
    Average vibrational energy      = 2.226349865e-20
    Average electronic energy       = 0
    Average total energy            = 1.065437223e-18
ExecutionTime = 32.86 s  ClockTime = 33 s

Cloud name: dsmc [rank 6]
    Number of dsmc particles        = 150562
    Number of molecules             = 7.5281e+16
    Mass in system                  = 3.60606613e-09
    Average linear kinetic energy   = 1.036779094e-18
    Average rotational energy       = 7.139889e-21
    Average vibrational energy      = 2.221355705e-20
    Average electronic energy       = 0
    Average total energy            = 1.06613254e-18
ExecutionTime = 32.88 s  ClockTime = 33 s

Cloud name: dsmc [rank 3]
    Number of dsmc particles        = 197875
    Number of molecules             = 9.89375e+16
    Mass in system                  = 4.74001095e-09
    Average linear kinetic energy   = 1.007046045e-18
    Average rotational energy       = 8.581075555e-21
    Average vibrational energy      = 2.245346741e-20
    Average electronic energy       = 0
    Average total energy            = 1.038080588e-18
ExecutionTime = 32.86 s  ClockTime = 33 s

Cloud name: dsmc [rank 5]
    Number of dsmc particles        = 245950
    Number of molecules             = 1.22975e+17
    Mass in system                  = 5.88989149e-09
    Average linear kinetic energy   = 1.073537535e-18
    Average rotational energy       = 4.950823408e-21
    Average vibrational energy      = 2.197728193e-20
    Average electronic energy       = 0
    Average total energy            = 1.10046564e-18
ExecutionTime = 32.84 s  ClockTime = 33 s

Cloud name: dsmc [rank 1]
    Number of dsmc particles        = 351486
    Number of molecules             = 1.75743e+17
    Mass in system                  = 8.4190086e-09
    Average linear kinetic energy   = 1.112485942e-18
    Average rotational energy       = 2.790490541e-21
    Average vibrational energy      = 2.166282395e-20
    Average electronic energy       = 0
    Average total energy            = 1.136939257e-18
ExecutionTime = 32.83 s  ClockTime = 33 s

Cloud name: dsmc [rank 0]
    Number of dsmc particles        = 503483
    Number of molecules             = 2.517415e+17
    Mass in system                  = 1.205916337e-08
    Average linear kinetic energy   = 1.115718716e-18
    Average rotational energy       = 2.581385214e-21
    Average vibrational energy      = 2.163968379e-20
    Average electronic energy       = 0
    Average total energy            = 1.139939785e-18
ExecutionTime = 32.88 s  ClockTime = 33 s

ExecutionTime = 33.09 s  ClockTime = 34 s

ExecutionTime = 33.12 s  ClockTime = 34 s

ExecutionTime = 33.07ExecutionTime = 33.1 s  ClockTime = 34 s

 s  ClockTime = 34 s

ExecutionTime = 33.09 s  ClockTime = 34 s

ExecutionTime = 33.11 s  ClockTime = 34 s

ExecutionTime = 33.09 s  ClockTime = 34 s

ExecutionTime = 33.15 s  ClockTime = 34 s

ExecutionTime = 33.22 s  ClockTime = 34 s

ExecutionTime = 33.23 s  ClockTime = 34 s

ExecutionTime = 33.23 s  ClockTime = 34 s

ExecutionTime = 33.22 s  ClockTime = 34 s

ExecutionTime = 33.24 s  ClockTime = 34 s

ExecutionTime = 33.29 s  ClockTime = 34 s

ExecutionTime = 33.31 s  ClockTime = 34 s

ExecutionTime = 33.29 s  ClockTime = 34 s

ExecutionTime = 33.35 s  ClockTime = 34 s

ExecutionTime = 33.35 s  ClockTime = 34 s

ExecutionTime = 33.36 s  ClockTime = 34 s

ExecutionTime = 33.41 s  ClockTime = 34 s

ExecutionTime = 33.39 s  ClockTime = 34 s

ExecutionTime = 33.43 s  ClockTime = 34 s

ExecutionTime = 33.47 s  ClockTime = 34 s

ExecutionTime = 33.47 s  ClockTime = 34 s

ExecutionTime = 33.48 s  ClockTime = 34 s

ExecutionTime = 33.49 s  ClockTime = 34 s

ExecutionTime = 33.55 s  ClockTime = 34 s

ExecutionTime = 33.5 s  ClockTime = 34 s

ExecutionTime = 33.52 s  ClockTime = 34 s

ExecutionTime = 33.61 s  ClockTime = 34 s

ExecutionTime = 33.6 s  ClockTime = 34 s

ExecutionTime = 33.64 s  ClockTime = 34 s

ExecutionTime = 33.66 s  ClockTime = 34 s

ExecutionTime = 33.61 s  ClockTime = 34 s

ExecutionTime = 33.7 s  ClockTime = 34 s

ExecutionTime = 33.67 s  ClockTime = 34 s

ExecutionTime = 33.72 s  ClockTime = 34 s

ExecutionTime = 33.75 s  ClockTime = 34 s

ExecutionTime = 33.77 s  ClockTime = 34 s

ExecutionTime = 33.73 s  ClockTime = 34 s

ExecutionTime = 33.74 s  ClockTime = 34 s

ExecutionTime = 33.81 s  ClockTime = 35 s

ExecutionTime = 33.82 s  ClockTime = 35 s

ExecutionTime = 33.87 s  ClockTime = 35 s

ExecutionTime = 33.87 s  ClockTime = 35 s

ExecutionTime = 33.85 s  ClockTime = 35 s

ExecutionTime = 33.9 s  ClockTime = 35 s

ExecutionTime = 33.97 s  ClockTime = 35 s

ExecutionTime = 33.98 s  ClockTime = 35 s

Time = 1.5e-05

ExecutionTime = 33.95 s  ClockTime = 35 s

ExecutionTime = 33.99 s  ClockTime = 35 s

ExecutionTime = 34.01 s  ClockTime = 35 s

ExecutionTime = 34.03 s  ClockTime = 35 s

ExecutionTime = 34 s  ClockTime = 35 s

ExecutionTime = 34.01 s  ClockTime = 35 s

    Collisions [rank 6]              = 732
    Collision candidates           = 1600
    Collision acceptance rate      = 0.4575

ExecutionTime = 34.13 s  ClockTime = 35 s

Time = 1.5e-05

ExecutionTime = 34.16 s  ClockTime = 35 s

Time = 1.5e-05

ExecutionTime = 34.15 s  ClockTime = 35 s

ExecutionTime = 34.14 s  ClockTime = 35 s

Time = 1.5e-05

ExecutionTime = 34.14 s  ClockTime = 35 s

ExecutionTime = 34.17 s  ClockTime = 35 s

    Collisions [rank 2]              = 2309
    Collision candidates           = 5051
    Collision acceptance rate      = 0.4571372006

    Collisions [rank 3]              = 2429
    Collision candidates           = 5114
    Collision acceptance rate      = 0.4749706688

ExecutionTime = 34.26 s  ClockTime = 35 s

    Collisions [rank 4]              = 2332
    Collision candidates           = 4921
    Collision acceptance rate      = 0.4738874213

ExecutionTime = 34.31 s  ClockTime = 35 s

ExecutionTime = 34.3 s  ClockTime = 35 s

Time = 1.5e-05

ExecutionTime = 34.32 s  ClockTime = 35 s

    Collisions [rank 5]              = 1086
    Collision candidates           = 2583
    Collision acceptance rate      = 0.4204413473

ExecutionTime = 34.44 s  ClockTime = 35 s

Time = 1.5e-05

ExecutionTime = 34.5 s  ClockTime = 35 s

ExecutionTime = 34.48 s  ClockTime = 35 s

    Collisions [rank 7]              = 2265
    Collision candidates           = 4780
    Collision acceptance rate      = 0.4738493724

ExecutionTime = 34.61 s  ClockTime = 35 s

Time = 1.5e-05

ExecutionTime = 34.71 s  ClockTime = 35 s

    Collisions [rank 1]              = 780
    Collision candidates           = 2531
    Collision acceptance rate      = 0.3081785855

ExecutionTime = 34.89 s  ClockTime = 36 s

ExecutionTime = 35.08 s  ClockTime = 36 s

Time = 1.5e-05

    Collisions [rank 0]              = 1153
    Collision candidates           = 3604
    Collision acceptance rate      = 0.3199223085

Cloud name: dsmc [rank 2]
    Number of dsmc particles        = 220688
    Number of molecules             = 1.10344e+17
    Mass in system                  = 5.28523538e-09
    Average linear kinetic energy   = 1.023551135e-18
    Average rotational energy       = 8.03923417e-21
    Average vibrational energy      = 2.237701976e-20
    Average electronic energy       = 0
    Average total energy            = 1.053967389e-18
ExecutionTime = 35.3 s  ClockTime = 36 s

Cloud name: dsmc [rank 4]
    Number of dsmc particles        = 213085
    Number of molecules             = 1.065425e+17
    Mass in system                  = 5.10385149e-09
    Average linear kinetic energy   = 1.00152054e-18
    Average rotational energy       = 9.292578327e-21
    Average vibrational energy      = 2.255475821e-20
    Average electronic energy       = 0
    Average total energy            = 1.033367876e-18
ExecutionTime = 35.24 s  ClockTime = 36 s

Cloud name: dsmc [rank 3]
    Number of dsmc particles        = 199273
    Number of molecules             = 9.96365e+16
    Mass in system                  = 4.77344125e-09
    Average linear kinetic energy   = 1.000731526e-18
    Average rotational energy       = 9.424135042e-21
    Average vibrational energy      = 2.258379806e-20
    Average electronic energy       = 0
    Average total energy            = 1.032739459e-18
ExecutionTime = 35.28 s  ClockTime = 36 s

Cloud name: dsmc [rank 6]
    Number of dsmc particles        = 151489
    Number of molecules             = 7.57445e+16
    Mass in system                  = 3.62785058e-09
    Average linear kinetic energy   = 1.032117847e-18
    Average rotational energy       = 7.726055724e-21
    Average vibrational energy      = 2.226189292e-20
    Average electronic energy       = 0
    Average total energy            = 1.062105796e-18
ExecutionTime = Cloud name: dsmc [rank 7]
    Number of dsmc particles        = 294202
    Number of molecules             = 1.47101e+17
    Mass in system                  = 7.046244e-09
    Average linear kinetic energy   = 1.031734978e-18
    Average rotational energy       = 7.51474223e-21
    Average vibrational energy      = 2.23336197e-20
    Average electronic energy       = 0
    Average total energy            = 1.06158334e-18
ExecutionTime = 35.28 s  ClockTime = 36 s

35.3 s  ClockTime = 36 s

Cloud name: dsmc [rank 5]
    Number of dsmc particles        = 246617
    Number of molecules             = 1.233085e+17
    Mass in system                  = 5.90583947e-09
    Average linear kinetic energy   = 1.071070133e-18
    Average rotational energy       = 5.258616201e-21
    Average vibrational energy      = 2.201215554e-20
    Average electronic energy       = 0
    Average total energy            = 1.098340905e-18
ExecutionTime = 35.27 s  ClockTime = 36 s

Cloud name: dsmc [rank 1]
    Number of dsmc particles        = 351538
    Number of molecules             = 1.75769e+17
    Mass in system                  = 8.42032352e-09
    Average linear kinetic energy   = 1.112254204e-18
    Average rotational energy       = 2.812985565e-21
    Average vibrational energy      = 2.166452325e-20
    Average electronic energy       = 0
    Average total energy            = 1.136731713e-18
ExecutionTime = 35.25 s  ClockTime = 36 s

Cloud name: dsmc [rank 0]
    Number of dsmc particles        = 503611
    Number of molecules             = 2.518055e+17
    Mass in system                  = 1.206242072e-08
    Average linear kinetic energy   = 1.115697076e-18
    Average rotational energy       = 2.580144889e-21
    Average vibrational energy      = 2.163879925e-20
    Average electronic energy       = 0
    Average total energy            = 1.13991602e-18
ExecutionTime = 35.3 s  ClockTime = 36 s

ExecutionTime = 35.51 s  ClockTime = 36 s

ExecutionTime = 35.54 s  ClockTime = 36 s

ExecutionTime = 35.52 s  ClockTime = 36 s

ExecutionTime = 35.49 s  ClockTime = 36 s

ExecutionTime = 35.5 s  ClockTime = 36 s

ExecutionTime = 35.53 s  ClockTime = 36 s

ExecutionTime = 35.51 s  ClockTime = 36 s

ExecutionTime = 35.56 s  ClockTime = 36 s

ExecutionTime = 35.62 s  ClockTime = 36 s

ExecutionTime = 35.63 s  ClockTime = 36 s

ExecutionTime = 35.65 s  ClockTime = 36 s

ExecutionTime = 35.62 s  ClockTime = 36 s

ExecutionTime = 35.66 s  ClockTime = 36 s

ExecutionTime = 35.7 s  ClockTime = 36 s

ExecutionTime = 35.73 s  ClockTime = 36 s

ExecutionTime = 35.7 s  ClockTime = 37 s

ExecutionTime = 35.77 s  ClockTime = 37 s

ExecutionTime = 35.8 s  ClockTime = 37 s

ExecutionTime = 35.82 s  ClockTime = 37 s

ExecutionTime = 35.78 s  ClockTime = 37 s

ExecutionTime = 35.85 s  ClockTime = 37 s

ExecutionTime = 35.83 s  ClockTime = 37 s

ExecutionTime = 35.89 s  ClockTime = 37 s

ExecutionTime = 35.92 s  ClockTime = 37 s

ExecutionTime = 35.91 s  ClockTime = 37 s

ExecutionTime = 35.96 s  ClockTime = 37 s

ExecutionTime = 35.91 s  ClockTime = 37 s

ExecutionTime = 35.92 s  ClockTime = 37 s

ExecutionTime = 36 s  ClockTime = 37 s

ExecutionTime = 36.05 s  ClockTime = 37 s

ExecutionTime = 36.04 s  ClockTime = 37 s

ExecutionTime = 36.08 s  ClockTime = 37 s

ExecutionTime = 36.08 s  ClockTime = 37 s

ExecutionTime = 36.06 s  ClockTime = 37 s

ExecutionTime = 36.13 s  ClockTime = 37 s

ExecutionTime = 36.16 s  ClockTime = 37 s

ExecutionTime = 36.12 s  ClockTime = 37 s

ExecutionTime = 36.18 s  ClockTime = 37 s

ExecutionTime = 36.16 s  ClockTime = 37 s

ExecutionTime = 36.21 s  ClockTime = 37 s

ExecutionTime = 36.2 s  ClockTime = 37 s

ExecutionTime = 36.26 s  ClockTime = 37 s

ExecutionTime = 36.3 s  ClockTime = 37 s

ExecutionTime = 36.31 s  ClockTime = 37 s

ExecutionTime = 36.33 s  ClockTime = 37 s

ExecutionTime = 36.32 s  ClockTime = 37 s

ExecutionTime = 36.33 s  ClockTime = 37 s

ExecutionTime = 36.35 s  ClockTime = 37 s

ExecutionTime = 36.42 s  ClockTime = 37 s

Time = 1.6e-05

ExecutionTime = 36.42 s  ClockTime = 37 s

ExecutionTime = 36.44 s  ClockTime = 37 s

ExecutionTime = 36.45 s  ClockTime = 37 s

    Collisions [rank 6]              = 763
    Collision candidates           = 1621
    Collision acceptance rate      = 0.4706971006

ExecutionTime = 36.47 s  ClockTime = 37 s

ExecutionTime = 36.48 s  ClockTime = 37 s

ExecutionTime = 36.48 s  ClockTime = 37 s

ExecutionTime = 36.57 s  ClockTime = 37 s

Time = 1.6e-05

ExecutionTime = 36.54 s  ClockTime = 37 s

ExecutionTime = 36.61 s  ClockTime = 37 s

Time = 1.6e-05

ExecutionTime = 36.62 s  ClockTime = 37 s

    Collisions [rank 2]              = 2551
    Collision candidates           = 5452
    Collision acceptance rate      = 0.4679016875

ExecutionTime = 36.61 s  ClockTime = 37 s

Time = 1.6e-05

ExecutionTime = 36.63 s  ClockTime = 38 s

ExecutionTime = 36.7 s  ClockTime = 38 s

    Collisions [rank 3]              = 2656
    Collision candidates           = 5505
    Collision acceptance rate      = 0.4824704814

    Collisions [rank 4]              = 2494
    Collision candidates           = 5145
    Collision acceptance rate      = 0.4847424684

ExecutionTime = 36.71 s  ClockTime = 38 s

ExecutionTime = 36.8 s  ClockTime = 38 s

ExecutionTime = 36.78 s  ClockTime = 38 s

Time = 1.6e-05

    Collisions [rank 5]              = 1077
    Collision candidates           = 2587
    Collision acceptance rate      = 0.4163123309

ExecutionTime = 36.92 s  ClockTime = 38 s

ExecutionTime = 36.88 s  ClockTime = 38 s

ExecutionTime = 36.96 s  ClockTime = 38 s

Time = 1.6e-05

    Collisions [rank 7]              = 2378
    Collision candidates           = 5074
    Collision acceptance rate      = 0.4686637761

ExecutionTime = 37.02 s  ClockTime = 38 s

Time = 1.6e-05

ExecutionTime = 37.15 s  ClockTime = 38 s

    Collisions [rank 1]              = 750
    Collision candidates           = 2453
    Collision acceptance rate      = 0.3057480636

ExecutionTime = 37.35 s  ClockTime = 38 s

ExecutionTime = 37.55 s  ClockTime = 38 s

Time = 1.6e-05

    Collisions [rank 0]              = 1142
    Collision candidates           = 3593
    Collision acceptance rate      = 0.3178402449

Cloud name: dsmc [rank 2]
    Number of dsmc particles        = 222075
    Number of molecules             = 1.110375e+17
    Mass in system                  = 5.31849268e-09
    Average linear kinetic energy   = 1.018699613e-18
    Average rotational energy       = 8.724483606e-21
    Average vibrational energy      = 2.248184609e-20
    Average electronic energy       = 0
    Average total energy            = 1.049905943e-18
ExecutionTime = 37.75 s  ClockTime = 39 s

Cloud name: dsmc [rank 4]
    Number of dsmc particles        = 214713
    Number of molecules             = 1.073565e+17
    Mass in system                  = 5.14293712e-09
    Average linear kinetic energy   = 9.95620608e-19
    Average rotational energy       = 1.009258334e-20
    Average vibrational energy      = 2.264286551e-20
    Average electronic energy       = 0
    Average total energy            = 1.028356057e-18
ExecutionTime = 37.7 s  ClockTime = 39 s

Cloud name: dsmc [rank 6]
    Number of dsmc particles        = 152388
    Number of molecules             = 7.6194e+16
    Mass in system                  = 3.64948384e-09
    Average linear kinetic energy   = 1.028051847e-18
    Average rotational energy       = 8.172120505e-21
    Average vibrational energy      = 2.233516757e-20
    Average electronic energy       = 0
    Average total energy            = 1.058559135e-18
ExecutionTime = 37.75 s  ClockTime = 39 s

Cloud name: dsmc [rank 3]
    Number of dsmc particles        = 200832
    Number of molecules             = 1.00416e+17
    Mass in system                  = 4.81059494e-09
    Average linear kinetic energy   = 9.946747358e-19
    Average rotational energy       = 1.021970024e-20
    Average vibrational energy      = 2.272899517e-20
    Average electronic energy       = 0
    Average total energy            = 1.027623431e-18
ExecutionTime = 37.73 s  ClockTime = 39 s

Cloud name: dsmc [rank 7]
    Number of dsmc particles        = 295951
    Number of molecules             = 1.479755e+17
    Mass in system                  = 7.08807337e-09
    Average linear kinetic energy   = 1.02731667e-18
    Average rotational energy       = 8.140684197e-21
    Average vibrational energy      = 2.241187308e-20
    Average electronic energy       = 0
    Average total energy            = 1.057869227e-18
ExecutionTime = 37.74 s  ClockTime = 39 s

Cloud name: dsmc [rank 5]
    Number of dsmc particles        = 247462
    Number of molecules             = 1.23731e+17
    Mass in system                  = 5.92600539e-09
    Average linear kinetic energy   = 1.06867414e-18
    Average rotational energy       = 5.58056412e-21
    Average vibrational energy      = 2.20504891e-20
    Average electronic energy       = 0
    Average total energy            = 1.096305193e-18
ExecutionTime = 37.72 s  ClockTime = 39 s

Cloud name: dsmc [rank 1]
    Number of dsmc particles        = 351769
    Number of molecules             = 1.758845e+17
    Mass in system                  = 8.42585646e-09
    Average linear kinetic energy   = 1.111949553e-18
    Average rotational energy       = 2.828022747e-21
    Average vibrational energy      = 2.16654789e-20
    Average electronic energy       = 0
    Average total energy            = 1.136443055e-18
ExecutionTime = 37.71 s  ClockTime = 39 s

Cloud name: dsmc [rank 0]
    Number of dsmc particles        = 503628
    Number of molecules             = 2.51814e+17
    Mass in system                  = 1.206287886e-08
    Average linear kinetic energy   = 1.115759014e-18
    Average rotational energy       = 2.580086853e-21
    Average vibrational energy      = 2.163856396e-20
    Average electronic energy       = 0
    Average total energy            = 1.139977665e-18
ExecutionTime = 37.76 s  ClockTime = 39 s

ExecutionTime = 37.97 s  ClockTime = 39 s

ExecutionTime = 38 s  ClockTime = 39 s

ExecutionTime = 37.95 s  ClockTime = 39 s

ExecutionTime = 37.99 s  ClockTime = 39 s

ExecutionTime = 37.99 s  ClockTime = 39 s

ExecutionTime = 37.97 s  ClockTime = 39 s

ExecutionTime = 37.96 s  ClockTime = 39 s

ExecutionTime = 38.02 s  ClockTime = 39 s

ExecutionTime = 38.08 s  ClockTime = 39 s

ExecutionTime = 38.12 s  ClockTime = 39 s

ExecutionTime = 38.11 s  ClockTime = 39 s

ExecutionTime = 38.1 s  ClockTime = 39 s

ExecutionTime = 38.15 s  ClockTime = 39 s

ExecutionTime = 38.13 s  ClockTime = 39 s

ExecutionTime = 38.19 s  ClockTime = 39 s

ExecutionTime = 38.16 s  ClockTime = 39 s

ExecutionTime = 38.23 s  ClockTime = 39 s

ExecutionTime = 38.27 s  ClockTime = 39 s

ExecutionTime = 38.28 s  ClockTime = 39 s

ExecutionTime = 38.25 s  ClockTime = 39 s

ExecutionTime = 38.31 s  ClockTime = 39 s

ExecutionTime = 38.3 s  ClockTime = 39 s

ExecutionTime = 38.33 s  ClockTime = 39 s

ExecutionTime = 38.36 s  ClockTime = 39 s

ExecutionTime = 38.41 s  ClockTime = 39 s

ExecutionTime = 38.41 s  ClockTime = 39 s

ExecutionTime = 38.39 s  ClockTime = 39 s

ExecutionTime = 38.4 s  ClockTime = 39 s

ExecutionTime = 38.44 s  ClockTime = 39 s

ExecutionTime = 38.48 s  ClockTime = 39 s

ExecutionTime = 38.52 s  ClockTime = 39 s

ExecutionTime = 38.52 s  ClockTime = 40 s

ExecutionTime = 38.55 s  ClockTime = 40 s

ExecutionTime = 38.57 s  ClockTime = 40 s

ExecutionTime = 38.54 s  ClockTime = 40 s

ExecutionTime = 38.62 s  ClockTime = 40 s

ExecutionTime = 38.59 s  ClockTime = 40 s

ExecutionTime = 38.62 s  ClockTime = 40 s

ExecutionTime = 38.67 s  ClockTime = 40 s

ExecutionTime = 38.63 s  ClockTime = 40 s

ExecutionTime = 38.69 s  ClockTime = 40 s

ExecutionTime = 38.67 s  ClockTime = 40 s

ExecutionTime = 38.73 s  ClockTime = 40 s

ExecutionTime = 38.75 s  ClockTime = 40 s

ExecutionTime = 38.75 s  ClockTime = 40 s

ExecutionTime = 38.81 s  ClockTime = 40 s

ExecutionTime = 38.82 s  ClockTime = 40 s

Time = 1.7e-05

ExecutionTime = 38.8 s  ClockTime = 40 s

ExecutionTime = 38.86 s  ClockTime = 40 s

    Collisions [rank 6]              = 799
    Collision candidates           = 1732
    Collision acceptance rate      = 0.4613163972

ExecutionTime = 38.83 s  ClockTime = 40 s

ExecutionTime = 38.89 s  ClockTime = 40 s

ExecutionTime = 38.91 s  ClockTime = 40 s

ExecutionTime = 38.94 s  ClockTime = 40 s

ExecutionTime = 38.91 s  ClockTime = 40 s

ExecutionTime = 38.93 s  ClockTime = 40 s

ExecutionTime = 39.02 s  ClockTime = 40 s

Time = 1.7e-05

ExecutionTime = 39.06 s  ClockTime = 40 s

Time = 1.7e-05

ExecutionTime = 39.02 s  ClockTime = 40 s

ExecutionTime = 39.08 s  ClockTime = 40 s

ExecutionTime = 39.07 s  ClockTime = 40 s

Time = 1.7e-05

ExecutionTime = 39.08 s  ClockTime = 40 s

ExecutionTime = 39.12 s  ClockTime = 40 s

    Collisions [rank 3]              = 2823
    Collision candidates           = 5869
    Collision acceptance rate      = 0.4810018743

    Collisions [rank 2]              = 2753
    Collision candidates           = 5770
    Collision acceptance rate      = 0.4771230503

    Collisions [rank 4]              = 2650
    Collision candidates           = 5564
    Collision acceptance rate      = 0.4762760604

ExecutionTime = 39.21 s  ClockTime = 40 s

Time = 1.7e-05

ExecutionTime = 39.21 s  ClockTime = 40 s

ExecutionTime = 39.26 s  ClockTime = 40 s

    Collisions [rank 5]              = 1126
    Collision candidates           = 2640
    Collision acceptance rate      = 0.4265151515

ExecutionTime = 39.37 s  ClockTime = 40 s

ExecutionTime = 39.39 s  ClockTime = 40 s

Time = 1.7e-05

ExecutionTime = 39.39 s  ClockTime = 41 s

    Collisions [rank 7]              = 2430
    Collision candidates           = 5189
    Collision acceptance rate      = 0.4682983234

ExecutionTime = 39.58 s  ClockTime = 41 s

ExecutionTime = 39.54 s  ClockTime = 41 s

Time = 1.7e-05

    Collisions [rank 1]              = 795
    Collision candidates           = 2545
    Collision acceptance rate      = 0.3123772102

ExecutionTime = 39.77 s  ClockTime = 41 s

ExecutionTime = 39.98 s  ClockTime = 41 s

Time = 1.7e-05

    Collisions [rank 0]              = 1177
    Collision candidates           = 3633
    Collision acceptance rate      = 0.3239746766


Phase C auto DLB triggered (SAR+threshold) at step 170: sar=0.0034723481 loadImbalance=2.261357296 threshold=1.5

Phase C auto DLB triggered (SAR+threshold) at step 170: sar=0.0034732761 loadImbalance=2.261357296 threshold=1.5

Phase C auto DLB triggered (SAR+threshold) at step 170: sar=0.00347244225 loadImbalance=2.261357296 threshold=1.5

Phase C auto DLB triggered (SAR+threshold) at step 170: sar=0.0034732769 loadImbalance=2.261357296 threshold=1.5

Phase C auto DLB triggered (SAR+threshold) at step 170: sar=0.00347253345 loadImbalance=2.261357296 threshold=1.5

Phase C auto DLB triggered (SAR+threshold) at step 170: sar=0.0034732623 loadImbalance=2.261357296 threshold=1.5

Phase C auto DLB triggered (SAR+threshold) at step 170: sar=0.00347233925 loadImbalance=2.261357296 threshold=1.5

Phase C auto DLB triggered (SAR+threshold) at step 170: sar=0.00347407915 loadImbalance=2.261357296 threshold=1.5
Phase C ParMETIS: alpha=0.8 ncon=2 ubvec=[1.049999952,1.5] moveRatio=0.8213330263 (moveT=15.34316481s, collT=3.337643485s)
Phase C ParMETIS: AdaptiveRepart (104151 cells, 2 constraints, collScale=29.73645869, ubvec=1.049999952)
Phase C ParMETIS: alpha=0.8 ncon=2 ubvec=[1.049999952,1.5] moveRatio=0.8495713947 (moveT=13.04151893s, collT=2.30918498s)
Phase C ParMETIS: AdaptiveRepart (104151 cells, 2 constraints, collScale=27.23720086, ubvec=1.049999952)
Phase C ParMETIS: alpha=0.8 ncon=2 ubvec=[1.049999952,1.5] moveRatio=0.845872685 (moveT=12.40495524s, collT=2.260319405s)
Phase C ParMETIS: AdaptiveRepart (104151 cells, 2 constraints, collScale=23.46334552, ubvec=1.049999952)
Phase C ParMETIS: alpha=0.8 ncon=2 ubvec=[1.049999952,1.5] moveRatio=0.8457739474 (moveT=15.12262802s, collT=2.757596438s)
Phase C ParMETIS: AdaptiveRepart (104151 cells, 2 constraints, collScale=27.07266015, ubvec=1.049999952)
Phase C ParMETIS: alpha=0.8 ncon=2 ubvec=[1.049999952,1.5] moveRatio=0.8492804943 (moveT=16.31632629s, collT=2.89561417s)
Phase C ParMETIS: AdaptiveRepart (104151 cells, 2 constraints, collScale=25.32414909, ubvec=1.049999952)
Phase C ParMETIS: alpha=0.8 ncon=2 ubvec=[1.049999952,1.5] moveRatio=0.8391369616 (moveT=17.04489136s, collT=3.267515482s)
Phase C ParMETIS: AdaptiveRepart (104151 cells, 2 constraints, collScale=2.056271945, ubvec=1.049999952)
Phase C ParMETIS: alpha=0.8 ncon=2 ubvec=[1.049999952,1.5] moveRatio=0.8437970215 (moveT=15.08875058s, collT=2.793216523s)
Phase C ParMETIS: AdaptiveRepart (104151 cells, 2 constraints, collScale=24.79939594, ubvec=1.049999952)
Phase C ParMETIS: alpha=0.8 ncon=2 ubvec=[1.049999952,1.5] moveRatio=0.8539053806 (moveT=15.54455069s, collT=2.659516228s)
Phase C ParMETIS: AdaptiveRepart (104151 cells, 2 constraints, collScale=21.97650265, ubvec=1.049999952)
Replicated mesh: rank 0 owns 14382 / 104151 cells
Replicated mesh: rank 2 owns 12443 / 104151 cells
Replicated mesh: rank 4 owns 14113 / 104151 cells
Replicated mesh: rank 5 owns 9142 / 104151 cells
Replicated mesh: rank 6 owns 16973 / 104151 cells
Replicated mesh: rank 7 owns 11905 / 104151 cells
Replicated mesh: rank 1 owns 12806 / 104151 cells
Replicated mesh: rank 3 owns 12387 / 104151 cells
Local mesh: 9142 owned + 371 halo = 9513 / 104151 cells
Phase C ParMETIS AdaptiveRepart: 88562 / 104151 cells changed (0.8503230886)
Local mesh: 11905 owned + 388 halo = 12293 / 104151 cells
Phase C ParMETIS AdaptiveRepart: 88562 / 104151 cells changed (0.8503230886)
Local mesh: 12806 owned + 327 halo = 13133 / 104151 cells
Phase C ParMETIS AdaptiveRepart: 88562 / 104151 cells changed (0.8503230886)
Local mesh: 12387 owned + 343 halo = 12730 / 104151 cells
Phase C ParMETIS AdaptiveRepart: 88562 / 104151 cells changed (0.8503230886)
Local mesh: 14113 owned + 206 halo = 14319 / 104151 cells
Phase C ParMETIS AdaptiveRepart: 88562 / 104151 cells changed (Local mesh: 12443 owned + 428 halo = 128710.8503230886)
 / 104151 cells
Phase C ParMETIS AdaptiveRepart: 88562 / 104151 cells changed (0.8503230886)
Local mesh: 14382 owned + 392Local mesh: 16973 owned + 317 halo = 17290 /  halo = 14774 / 104151 cells
Phase C ParMETIS AdaptiveRepart: 88562 / 104151 cells changed (104151 cells
Phase C ParMETIS AdaptiveRepart: 88562 / 104151 cells changed (0.8503230886)
0.8503230886)
Replicated mesh migration[20]: rank 0 sent 503632 parcels, received 289523 (global 1968610) wall 0.182256909s [pack 0.029800652s MPI 0.06057367s deser 0.005620584s]
Replicated mesh migration[20]: rank 1 sent 311815 parcels, received 287924 (global 1968610) wall 0.182551994s [pack 0.022635821s MPI 0.090314178s deser 0.027600334s]
Replicated mesh migration[20]: rank 2 sent 223407 parcels, received 308760 (global 1968610) wall 0.182386995s [pack 0.018362198s MPI 0.114077047s deser 0.025583303s]
Replicated mesh migration[20]: rank 3 sent 202254 parcels, received 360096 (global 1968610) wall 0.182436637s [pack 0.027226234s MPI 0.127624878s deser 0.001176875s]
Replicated mesh migration[20]: rank 4 sent 216487 parcels, received 247461 (global 1968610) wall 0.182410472s [pack 0.022982455s MPI 0.103958005s deser 0.02943778s]
Replicated mesh migration[20]: rank 5 sent 199899 parcels, received 83750 (global 1968610) wall 0.182616325s [pack 0.023258048s MPI 0.088683686s deser 0.037016244s]
Replicated mesh migration[20]: rank 6 sent 64938 parcels, received 258176 (global 1968610) wall 0.182248943s [pack 0.013485348s MPI 0.110928932s deser 0.037479288s]
Replicated mesh migration[20]: rank 7 sent 246178 parcels, received 132920 (global 1968610) wall 0.182579163s [pack 0.029289124s MPI 0.079118347s deser 0.046910556s]
Phase C auto DLB complete: rebalance #2

Phase C auto DLB complete: rebalance #2

Phase C auto DLB complete: rebalance #2

Phase C auto DLB complete: rebalance #2

Phase C auto DLB complete: rebalance #2

Phase C auto DLB complete: rebalance #2

Phase C auto DLB complete: rebalance #2

Phase C auto DLB complete: rebalance #2

Written cellOwner field at time 1.7e-05
Cloud name: dsmc [rank 4]
    Number of dsmc particles        = 247461
    Number of molecules             = 1.237305e+17
    Mass in system                  = 5.92654484e-09
    Average linear kinetic energy   = 1.006701914e-18
    Average rotational energy       = 9.852463736e-21
    Average vibrational energy      = 2.264061185e-20
    Average electronic energy       = 0
    Average total energy            = 1.03919499e-18
ExecutionTime = 40.35 s  ClockTime = 42 s

Cloud name: dsmc [rank 0]
    Number of dsmc particles        = 289523
    Number of molecules             = 1.447615e+17
    Mass in system                  = 6.93515018e-09
    Average linear kinetic energy   = 1.041929139e-18
    Average rotational energy       = 7.632202899e-21
    Average vibrational energy      = 2.235026652e-20
    Average electronic energy       = 0
    Average total energy            = 1.071911608e-18
ExecutionTime = 40.39 s  ClockTime = 42 s

Cloud name: dsmc [rank 5]
    Number of dsmc particles        = 132072
    Number of molecules             = 6.6036e+16
    Mass in system                  = 3.16274165e-09
    Average linear kinetic energy   = 9.463542454e-19
    Average rotational energy       = 1.386714577e-20
    Average vibrational energy      = 2.319251851e-20
    Average electronic energy       = 0
    Average total energy            = 9.834139097e-19
ExecutionTime = 40.37 s  ClockTime = 42 s

Cloud name: dsmc [rank 7]
    Number of dsmc particles        = 184414
    Number of molecules             = 9.2207e+16
    Mass in system                  = 4.41714249e-09
    Average linear kinetic energy   = 8.950941269e-19
    Average rotational energy       = 1.739884652e-20
    Average vibrational energy      = 2.366247071e-20
    Average electronic energy       = 0
    Average total energy            = 9.361554441e-19
ExecutionTime = 40.4 s  ClockTime = 42 s

Cloud name: dsmc [rank 2]
    Number of dsmc particles        = 308760
    Number of molecules             = 1.5438e+17
    Mass in system                  = 7.3947468e-09
    Average linear kinetic energy   = 1.080989301e-18
    Average rotational energy       = 4.928630638e-21
    Average vibrational energy      = 2.192435895e-20
    Average electronic energy       = 0
    Average total energy            = 1.10784229e-18
ExecutionTime = 40.41 s  ClockTime = 42 s

Cloud name: dsmc [rank 3]
    Number of dsmc particles        = 360096
    Number of molecules             = 1.80048e+17
    Mass in system                  = 8.62402039e-09
    Average linear kinetic energy   = 1.115480894e-18
    Average rotational energy       = 2.588427411e-21
    Average vibrational energy      = 2.164486572e-20
    Average electronic energy       = 0
    Average total energy            = 1.139714187e-18
ExecutionTime = 40.39 s  ClockTime = 42 s

Cloud name: dsmc [rank 6]
    Number of dsmc particles        = 346645
    Number of molecules             = 1.733225e+17
    Mass in system                  = 8.30354586e-09
    Average linear kinetic energy   = 1.090835581e-18
    Average rotational energy       = 4.244536459e-21
    Average vibrational energy      = 2.184540145e-20
    Average electronic energy       = 0
    Average total energy            = 1.116925519e-18
ExecutionTime = 40.41 s  ClockTime = 42 s

Cloud name: dsmc [rank 1]
    Number of dsmc particles        = 327953
    Number of molecules             = 1.639765e+17
    Mass in system                  = 7.85455836e-09
    Average linear kinetic energy   = 1.115553198e-18
    Average rotational energy       = 2.578810337e-21
    Average vibrational energy      = 2.164246954e-20
    Average electronic energy       = 0
    Average total energy            = 1.139774478e-18
ExecutionTime = 40.36 s  ClockTime = 42 s

ExecutionTime = 40.51 s  ClockTime = 42 s

ExecutionTime = 40.52 s  ClockTime = 42 s

ExecutionTime = 40.59 s  ClockTime = 42 s

ExecutionTime = 40.57 s  ClockTime = 42 s

ExecutionTime = 40.58 s  ClockTime = 42 s

ExecutionTime = 40.58 s  ClockTime = 42 s

ExecutionTime = 40.55 s  ClockTime = 42 s

ExecutionTime = 40.6 s  ClockTime = 42 s

ExecutionTime = 40.62 s  ClockTime = 42 s

ExecutionTime = 40.68 s  ClockTime = 42 s

ExecutionTime = 40.65 s  ClockTime = 42 s

ExecutionTime = 40.73 s  ClockTime = 42 s

ExecutionTime = 40.73 s  ClockTime = 42 s

ExecutionTime = 40.72 s  ClockTime = 42 s

ExecutionTime = 40.76 s  ClockTime = 42 s

ExecutionTime = 40.75 s  ClockTime = 42 s

ExecutionTime = 40.8 s  ClockTime = 42 s

ExecutionTime = 40.83 s  ClockTime = 42 s

ExecutionTime = 40.82 s  ClockTime = 42 s

ExecutionTime = 40.85 s  ClockTime = 42 s

ExecutionTime = 40.89 s  ClockTime = 42 s

ExecutionTime = 40.89 s  ClockTime = 42 s

ExecutionTime = 40.92 s  ClockTime = 42 s

ExecutionTime = 40.95 s  ClockTime = 42 s

ExecutionTime = 40.97 s  ClockTime = 42 s

ExecutionTime = 40.96 s  ClockTime = 42 s

ExecutionTime = 41.01 s  ClockTime = 42 s

ExecutionTime = 40.98 s  ClockTime = 42 s

ExecutionTime = 41.07 s  ClockTime = 42 s

ExecutionTime = 41.09 s  ClockTime = 42 s

ExecutionTime = 41.07 s  ClockTime = 42 s

ExecutionTime = 41.08 s  ClockTime = 42 s

ExecutionTime = 41.11 s  ClockTime = 42 s

ExecutionTime = 41.12 s  ClockTime = 42 s

ExecutionTime = 41.15 s  ClockTime = 42 s

ExecutionTime = 41.2 s  ClockTime = 42 s

ExecutionTime = 41.17 s  ClockTime = 42 s

ExecutionTime = 41.24 s  ClockTime = 42 s

ExecutionTime = 41.26 s  ClockTime = 42 s

ExecutionTime = 41.26 s  ClockTime = 42 s

ExecutionTime = 41.25 s  ClockTime = 42 s

ExecutionTime = 41.27 s  ClockTime = 42 s

ExecutionTime = 41.27 s  ClockTime = 42 s

ExecutionTime = 41.33 s  ClockTime = 42 s

ExecutionTime = 41.37 s  ClockTime = 43 s

ExecutionTime = 41.41 s  ClockTime = 43 s

ExecutionTime = 41.38 s  ClockTime = 43 s

Time = 1.8e-05

ExecutionTime = 41.42 s  ClockTime = 43 s

ExecutionTime = 41.43 s  ClockTime = 43 s

ExecutionTime = 41.41 s  ClockTime = 43 s

    Collisions [rank 5]              = 1613
    Collision candidates           = 2962
    Collision acceptance rate      = 0.5445644835

ExecutionTime = 41.45 s  ClockTime = 43 s

ExecutionTime = 41.51 s  ClockTime = 43 s

ExecutionTime = 41.52 s  ClockTime = 43 s

ExecutionTime = 41.56 s  ClockTime = 43 s

ExecutionTime = 41.58 s  ClockTime = 43 s

ExecutionTime = 41.55 s  ClockTime = 43 s

ExecutionTime = 41.62 s  ClockTime = 43 s

ExecutionTime = 41.61 s  ClockTime = 43 s

ExecutionTime = 41.65 s  ClockTime = 43 s

Time = 1.8e-05

ExecutionTime = 41.71 s  ClockTime = 43 s

ExecutionTime = 41.71 s  ClockTime = 43 s

ExecutionTime = 41.73 s  ClockTime = 43 s

    Collisions [rank 7]              = 3741
    Collision candidates           = 6968
    Collision acceptance rate      = 0.5368828932

ExecutionTime = 41.71 s  ClockTime = 43 s

Time = 1.8e-05

ExecutionTime = 41.82 s  ClockTime = 43 s

ExecutionTime = 41.78 s  ClockTime = 43 s

    Collisions [rank 4]              = 3320
    Collision candidates           = 6620
    Collision acceptance rate      = 0.501510574

ExecutionTime = 41.88 s  ClockTime = 43 s

Time = 1.8e-05

ExecutionTime = 41.87 s  ClockTime = 43 s

Time = 1.8e-05

ExecutionTime = 41.91 s  ClockTime = 43 s

    Collisions [rank 2]              = 1167
    Collision candidates           = 2773
    Collision acceptance rate      = 0.4208438514

    Collisions [rank 0]              = 2792
    Collision candidates           = 5644
    Collision acceptance rate      = 0.4946846208

ExecutionTime = 41.93 s  ClockTime = 43 s

Time = 1.8e-05

ExecutionTime = 42 s  ClockTime = 43 s

    Collisions [rank 1]              = 714
    Collision candidates           = 2301
    Collision acceptance rate      = 0.3102998696

ExecutionTime = 42.07 s  ClockTime = 43 s

Time = 1.8e-05

    Collisions [rank 3]              = 853
    Collision candidates           = 2694
    Collision acceptance rate      = 0.3166295471

ExecutionTime = 42.18 s  ClockTime = 43 s

Time = 1.8e-05

    Collisions [rank 6]              = 986
    Collision candidates           = 2668
    Collision acceptance rate      = 0.3695652174

Cloud name: dsmc [rank 4]
    Number of dsmc particles        = 250408
    Number of molecules             = 1.25204e+17
    Mass in system                  = 5.99714127e-09
    Average linear kinetic energy   = 1.00237371e-18
    Average rotational energy       = 1.047145357e-20
    Average vibrational energy      = 2.274681483e-20
    Average electronic energy       = 0
    Average total energy            = 1.035591978e-18
ExecutionTime = 42.28 s  ClockTime = 43 s

Cloud name: dsmc [rank 7]
    Number of dsmc particles        = 185033
    Number of molecules             = 9.25165e+16
    Mass in system                  = 4.43204729e-09
    Average linear kinetic energy   = 8.840708954e-19
    Average rotational energy       = 1.889128173e-20
    Average vibrational energy      = 2.388737646e-20
    Average electronic energy       = 0
    Average total energy            = 9.268495536e-19
ExecutionTime = 42.32 s  ClockTime = 43 s

Cloud name: dsmc [rank 2]
    Number of dsmc particles        = 309537
    Number of molecules             = 1.547685e+17
    Mass in system                  = 7.41327545e-09
    Average linear kinetic energy   = 1.07941149e-18
    Average rotational energy       = 5.087626659e-21
    Average vibrational energy      = 2.196072672e-20
    Average electronic energy       = 0
    Average total energy            = 1.106459843e-18
ExecutionTime = 42.34 s  ClockTime = 43 s

Cloud name: dsmc [rank 3]
    Number of dsmc particles        = 363028
    Number of molecules             = 1.81514e+17
    Mass in system                  = 8.69438392e-09
    Average linear kinetic energy   = 1.115530351e-18
    Average rotational energy       = 2.588444747e-21
    Average vibrational energy      = 2.164394075e-20
    Average electronic energy       = 0
    Average total energy            = 1.139762737e-18
ExecutionTime = 42.32 s  ClockTime = 43 s

Cloud name: dsmc [rank 5]
    Number of dsmc particles        = 132681
    Number of molecules             = 6.63405e+16
    Mass in system                  = 3.17745036e-09
    Average linear kinetic energy   = 9.383098679e-19
    Average rotational energy       = 1.487986367e-20
    Average vibrational energy      = 2.333102341e-20
    Average electronic energy       = 0
    Average total energy            = 9.76520755e-19
ExecutionTime = 42.29 s  ClockTime = 43 s

Cloud name: dsmc [rank 0]
    Number of dsmc particles        = 290825
    Number of molecules             = 1.454125e+17
    Mass in system                  = 6.96645109e-09
    Average linear kinetic energy   = 1.038345128e-18
    Average rotational energy       = 8.13189666e-21
    Average vibrational energy      = 2.243037157e-20
    Average electronic energy       = 0
    Average total energy            = 1.068907396e-18
ExecutionTime = 42.32 s  ClockTime = 43 s

Cloud name: dsmc [rank 6]
    Number of dsmc particles        = 341614
    Number of molecules             = 1.70807e+17
    Mass in system                  = 8.18306982e-09
    Average linear kinetic energy   = 1.08902638e-18
    Average rotational energy       = 4.377432674e-21
    Average vibrational energy      = 2.186513412e-20
    Average electronic energy       = 0
    Average total energy            = 1.115268947e-18
ExecutionTime = 42.34 s  ClockTime = 43 s

Cloud name: dsmc [rank 1]
    Number of dsmc particles        = 332427
    Number of molecules             = 1.662135e+17
    Mass in system                  = 7.96180611e-09
    Average linear kinetic energy   = 1.115611485e-18
    Average rotational energy       = 2.578853362e-21
    Average vibrational energy      = 2.164180986e-20
    Average electronic energy       = 0
    Average total energy            = 1.139832149e-18
ExecutionTime = 42.29 s  ClockTime = 43 s

ExecutionTime = 42.47 s  ClockTime = 44 s

ExecutionTime = 42.49 s  ClockTime = 44 s

ExecutionTime = 42.53 s  ClockTime = 44 s

ExecutionTime = 42.5 s  ClockTime = 44 s

ExecutionTime = 42.54 s  ClockTime = 44 s

ExecutionTime = 42.56 s  ClockTime = 44 s

ExecutionTime = 42.53 s  ClockTime = 44 s

ExecutionTime = 42.56 s  ClockTime = 44 s

ExecutionTime = 42.58 s  ClockTime = 44 s

ExecutionTime = 42.6 s  ClockTime = 44 s

ExecutionTime = 42.65 s  ClockTime = 44 s

ExecutionTime = 42.69 s  ClockTime = 44 s

ExecutionTime = 42.67 s  ClockTime = 44 s

ExecutionTime = 42.71 s  ClockTime = 44 s

ExecutionTime = 42.69 s  ClockTime = 44 s

ExecutionTime = 42.74 s  ClockTime = 44 s

ExecutionTime = 42.75 s  ClockTime = 44 s

ExecutionTime = 42.74 s  ClockTime = 44 s

ExecutionTime = 42.78 s  ClockTime = 44 s

ExecutionTime = 42.79 s  ClockTime = 44 s

ExecutionTime = 42.86 s  ClockTime = 44 s

ExecutionTime = 42.9 s  ClockTime = 44 s

ExecutionTime = 42.85 s  ClockTime = 44 s

ExecutionTime = 42.9 s  ClockTime = 44 s

ExecutionTime = 42.89 s  ClockTime = 44 s

ExecutionTime = 42.93 s  ClockTime = 44 s

ExecutionTime = 42.91 s  ClockTime = 44 s

ExecutionTime = 42.96 s  ClockTime = 44 s

ExecutionTime = 42.99 s  ClockTime = 44 s

ExecutionTime = 43.03 s  ClockTime = 44 s

ExecutionTime = 43.04 s  ClockTime = 44 s

ExecutionTime = 43.08 s  ClockTime = 44 s

ExecutionTime = 43.05 s  ClockTime = 44 s

ExecutionTime = 43.09 s  ClockTime = 44 s

ExecutionTime = 43.06 s  ClockTime = 44 s

ExecutionTime = 43.1 s  ClockTime = 44 s

ExecutionTime = 43.17 s  ClockTime = 44 s

ExecutionTime = 43.19 s  ClockTime = 44 s

ExecutionTime = 43.2 s  ClockTime = 44 s

ExecutionTime = 43.2 s  ClockTime = 44 s

ExecutionTime = 43.25 s  ClockTime = 44 s

ExecutionTime = 43.24 s  ClockTime = 44 s

ExecutionTime = 43.22 s  ClockTime = 44 s

ExecutionTime = 43.24 s  ClockTime = 44 s

ExecutionTime = 43.32 s  ClockTime = 45 s

Time = 1.9e-05

ExecutionTime = 43.34 s  ClockTime = 45 s

ExecutionTime = 43.38 s  ClockTime = 45 s

ExecutionTime = 43.37 s  ClockTime = 45 s

ExecutionTime = 43.42 s  ClockTime = 45 s

ExecutionTime = 43.37 s  ClockTime = 45 s

    Collisions [rank 5]              = 1740
    Collision candidates           = 3250
    Collision acceptance rate      = 0.5353846154

ExecutionTime = 43.44 s  ClockTime = 45 s

ExecutionTime = 43.41 s  ClockTime = 45 s

ExecutionTime = 43.49 s  ClockTime = 45 s

ExecutionTime = 43.53 s  ClockTime = 45 s

ExecutionTime = 43.51 s  ClockTime = 45 s

ExecutionTime = 43.58 s  ClockTime = 45 s

ExecutionTime = 43.59 s  ClockTime = 45 s

ExecutionTime = 43.58 s  ClockTime = 45 s

ExecutionTime = 43.63 s  ClockTime = 45 s

ExecutionTime = 43.64 s  ClockTime = 45 s

Time = 1.9e-05

ExecutionTime = 43.66 s  ClockTime = 45 s

Time = 1.9e-05

ExecutionTime = 43.69 s  ClockTime = 45 s

ExecutionTime = 43.73 s  ClockTime = 45 s

    Collisions [rank 7]              = 3978
    Collision candidates           = 7562
    Collision acceptance rate      = 0.5260513092

ExecutionTime = 43.76 s  ClockTime = 45 s

    Collisions [rank 4]              = 3569
    Collision candidates           = 7246
    Collision acceptance rate      = 0.4925476125

ExecutionTime = 43.8 s  ClockTime = 45 s

ExecutionTime = 43.78 s  ClockTime = 45 s

ExecutionTime = 43.84 s  ClockTime = 45 s

Time = 1.9e-05

ExecutionTime = 43.9 s  ClockTime = 45 s

Time = 1.9e-05

ExecutionTime = 43.93 s  ClockTime = 45 s

    Collisions [rank 0]              = 2937
    Collision candidates           = 6173
    Collision acceptance rate      = 0.4757816297

ExecutionTime = 43.93 s  ClockTime = 45 s

Time = 1.9e-05

ExecutionTime = 43.97 s  ClockTime = 45 s

Time = 1.9e-05

    Collisions [rank 2]              = 1157
    Collision candidates           = 2853
    Collision acceptance rate      = 0.4055380301

    Collisions [rank 1]              = 737
    Collision candidates           = 2359
    Collision acceptance rate      = 0.3124205172

ExecutionTime = 44.08 s  ClockTime = 45 s

Time = 1.9e-05

    Collisions [rank 3]              = 806
    Collision candidates           = 2599
    Collision acceptance rate      = 0.3101192766

    Collisions [rank 6]              = 1000
    Collision candidates           = 2718
    Collision acceptance rate      = 0.3679175865

Cloud name: dsmc [rank 4]
    Number of dsmc particles        = 251971
    Number of molecules             = 1.259855e+17
    Mass in system                  = 6.03470241e-09
    Average linear kinetic energy   = 9.973305293e-19
    Average rotational energy       = 1.126719064e-20
    Average vibrational energy      = 2.291194291e-20
    Average electronic energy       = 0
    Average total energy            = 1.031509663e-18
ExecutionTime = 44.18 s  ClockTime = 45 s

Cloud name: dsmc [rank 5]
    Number of dsmc particles        = 134093
    Number of molecules             = 6.70465e+16
    Mass in system                  = 3.21106383e-09
    Average linear kinetic energy   = 9.319012056e-19
    Average rotational energy       = 1.605145494e-20
    Average vibrational energy      = 2.347545755e-20
    Average electronic energy       = 0
    Average total energy            = 9.714281181e-19
ExecutionTime = 44.2 s  ClockTime = 45 s

Cloud name: dsmc [rank 7]
    Number of dsmc particles        = 187448
    Number of molecules             = 9.3724e+16
    Mass in system                  = 4.48999668e-09
    Average linear kinetic energy   = 8.762097445e-19
    Average rotational energy       = 2.033288947e-20
    Average vibrational energy      = 2.410913851e-20
    Average electronic energy       = 0
    Average total energy            = 9.206517725e-19
ExecutionTime = 44.22 s  ClockTime = 45 s

Cloud name: dsmc [rank 0]
    Number of dsmc particles        = 292132
    Number of molecules             = 1.46066e+17
    Mass in system                  = 6.99749091e-09
    Average linear kinetic energy   = 1.034723802e-18
    Average rotational energy       = 8.631394178e-21
    Average vibrational energy      = 2.250049342e-20
    Average electronic energy       = 0
    Average total energy            = 1.065855689e-18
ExecutionTime = 44.23 s  ClockTime = 45 s

Cloud name: dsmc [rank 3]
    Number of dsmc particles        = 363131
    Number of molecules             = 1.815655e+17
    Mass in system                  = 8.69686473e-09
    Average linear kinetic energy   = 1.115540677e-18
    Average rotational energy       = 2.588112238e-21
    Average vibrational energy      = 2.16438511e-20
    Average electronic energy       = 0
    Average total energy            = 1.139772641e-18
ExecutionTime = 44.22 s  ClockTime = 45 s

Cloud name: dsmc [rank 2]
    Number of dsmc particles        = 310344
    Number of molecules             = 1.55172e+17
    Mass in system                  = 7.4327664e-09
    Average linear kinetic energy   = 1.077733666e-18
    Average rotational energy       = 5.300281713e-21
    Average vibrational energy      = 2.1984129e-20
    Average electronic energy       = 0
    Average total energy            = 1.105018076e-18
ExecutionTime = 44.25 s  ClockTime = 45 s

Cloud name: dsmc [rank 6]
    Number of dsmc particles        = 342229
    Number of molecules             = 1.711145e+17
    Mass in system                  = 8.19773929e-09
    Average linear kinetic energy   = 1.087815709e-18
    Average rotational energy       = 4.532425299e-21
    Average vibrational energy      = 2.189081521e-20
    Average electronic energy       = 0
    Average total energy            = 1.114238949e-18
ExecutionTime = 44.25 s  ClockTime = 45 s

Cloud name: dsmc [rank 1]
    Number of dsmc particles        = 332372
    Number of molecules             = 1.66186e+17
    Mass in system                  = 7.96062004e-09
    Average linear kinetic energy   = 1.115630846e-18
    Average rotational energy       = 2.579220723e-21
    Average vibrational energy      = 2.164089186e-20
    Average electronic energy       = 0
    Average total energy            = 1.139850958e-18
ExecutionTime = 44.2 s  ClockTime = 45 s

ExecutionTime = 44.38 s  ClockTime = 46 s

ExecutionTime = 44.38 s  ClockTime = 46 s

ExecutionTime = 44.44 s  ClockTime = 46 s

ExecutionTime = 44.46 s  ClockTime = 46 s

ExecutionTime = 44.44 s  ClockTime = 46 s

ExecutionTime = 44.42 s  ClockTime = 46 s

ExecutionTime = 44.45 s  ClockTime = 46 s

ExecutionTime = 44.47 s  ClockTime = 46 s

ExecutionTime = 44.51 s  ClockTime = 46 s

ExecutionTime = 44.52 s  ClockTime = 46 s

ExecutionTime = 44.57 s  ClockTime = 46 s

ExecutionTime = 44.61 s  ClockTime = 46 s

ExecutionTime = 44.61 s  ClockTime = 46 s

ExecutionTime = 44.63 s  ClockTime = 46 s

ExecutionTime = 44.6 s  ClockTime = 46 s

ExecutionTime = 44.69 s  ClockTime = 46 s

ExecutionTime = 44.64 s  ClockTime = 46 s

ExecutionTime = 44.72 s  ClockTime = 46 s

ExecutionTime = 44.69 s  ClockTime = 46 s

ExecutionTime = 44.74 s  ClockTime = 46 s

ExecutionTime = 44.79 s  ClockTime = 46 s

ExecutionTime = 44.81 s  ClockTime = 46 s

ExecutionTime = 44.82 s  ClockTime = 46 s

ExecutionTime = 44.81 s  ClockTime = 46 s

ExecutionTime = 44.85 s  ClockTime = 46 s

ExecutionTime = 44.84 s  ClockTime = 46 s

ExecutionTime = 44.9 s  ClockTime = 46 s

ExecutionTime = 44.87 s  ClockTime = 46 s

ExecutionTime = 44.96 s  ClockTime = 46 s

ExecutionTime = 44.96 s  ClockTime = 46 s

ExecutionTime = 44.97 s  ClockTime = 46 s

ExecutionTime = 44.99 s  ClockTime = 46 s

ExecutionTime = 44.99 s  ClockTime = 46 s

ExecutionTime = 45.02 s  ClockTime = 46 s

ExecutionTime = 45.03 s  ClockTime = 46 s

ExecutionTime = 45.1 s  ClockTime = 46 s

ExecutionTime = 45.13 s  ClockTime = 46 s

ExecutionTime = 45.12 s  ClockTime = 46 s

ExecutionTime = 45.11 s  ClockTime = 46 s

ExecutionTime = 45.14 s  ClockTime = 46 s

ExecutionTime = 45.14 s  ClockTime = 47 s

ExecutionTime = 45.2 s  ClockTime = 47 s

ExecutionTime = 45.22 s  ClockTime = 47 s

ExecutionTime = 45.24 s  ClockTime = 47 s

ExecutionTime = 45.23 s  ClockTime = 47 s

ExecutionTime = 45.3 s  ClockTime = 47 s

ExecutionTime = 45.32 s  ClockTime = 47 s

ExecutionTime = 45.31 s  ClockTime = 47 s

ExecutionTime = 45.3 s  ClockTime = 47 s

ExecutionTime = 45.34 s  ClockTime = 47 s

Time = 2e-05

ExecutionTime = 45.4 s  ClockTime = 47 s

ExecutionTime = 45.4 s  ClockTime = 47 s

    Collisions [rank 5]              = 1785
    Collision candidates           = 3366
    Collision acceptance rate      = 0.5303030303

ExecutionTime = 45.41 s  ClockTime = 47 s

ExecutionTime = 45.47 s  ClockTime = 47 s

ExecutionTime = 45.47 s  ClockTime = 47 s

ExecutionTime = 45.45 s  ClockTime = 47 s

ExecutionTime = 45.53 s  ClockTime = 47 s

ExecutionTime = 45.54 s  ClockTime = 47 s

Time = 2e-05

ExecutionTime = 45.57 s  ClockTime = 47 s

ExecutionTime = 45.6 s  ClockTime = 47 s

ExecutionTime = 45.59 s  ClockTime = 47 s

Time = 2e-05

ExecutionTime = 45.65 s  ClockTime = 47 s

    Collisions [rank 7]              = 4193
    Collision candidates           = 8053
    Collision acceptance rate      = 0.5206755246

ExecutionTime = 45.66 s  ClockTime = 47 s

ExecutionTime = 45.73 s  ClockTime = 47 s

    Collisions [rank 4]              = 3719
    Collision candidates           = 7692
    Collision acceptance rate      = 0.4834893396

ExecutionTime = 45.76 s  ClockTime = 47 s

ExecutionTime = 45.75 s  ClockTime = 47 s

ExecutionTime = 45.82 s  ClockTime = 47 s

Time = 2e-05

ExecutionTime = 45.82 s  ClockTime = 47 s

Time = 2e-05

ExecutionTime = 45.9 s  ClockTime = 47 s

    Collisions [rank 2]              = 1135
    Collision candidates           = 2888
    Collision acceptance rate      = 0.3930055402

    Collisions [rank 0]              = 3057
    Collision candidates           = 6467
    Collision acceptance rate      = 0.4727075924

ExecutionTime = 45.93 s  ClockTime = 47 s

Time = 2e-05

ExecutionTime = 45.91 s  ClockTime = 47 s

Time = 2e-05

ExecutionTime = 46.05 s  ClockTime = 47 s

Time = 2e-05

    Collisions [rank 3]              = 815
    Collision candidates           = 2586
    Collision acceptance rate      = 0.315158546

    Collisions [rank 1]              = 751
    Collision candidates           = 2413
    Collision acceptance rate      = 0.311230833

    Collisions [rank 6]              = 1038
    Collision candidates           = 2761
    Collision acceptance rate      = 0.3759507425

Cloud name: dsmc [rank 4]
    Number of dsmc particles        = 253459
    Number of molecules             = 1.267295e+17
    Mass in system                  = 6.07025169e-09
    Average linear kinetic energy   = 9.923616842e-19
    Average rotational energy       = 1.216937561e-20
    Average vibrational energy      = 2.30679859e-20
    Average electronic energy       = 0
    Average total energy            = 1.027599046e-18
ExecutionTime = 46.16 s  ClockTime = 48 s

Cloud name: dsmc [rank 5]
    Number of dsmc particles        = 135511
    Number of molecules             = 6.77555e+16
    Mass in system                  = 3.24479694e-09
    Average linear kinetic energy   = 9.260054432e-19
    Average rotational energy       = 1.715517072e-20
    Average vibrational energy      = 2.360485866e-20
    Average electronic energy       = 0
    Average total energy            = 9.667654726e-19
ExecutionTime = 46.18 s  ClockTime = 48 s

Cloud name: dsmc [rank 7]
    Number of dsmc particles        = 189981
    Number of molecules             = 9.49905e+16
    Mass in system                  = 4.55082528e-09
    Average linear kinetic energy   = 8.687621519e-19
    Average rotational energy       = 2.177266514e-20
    Average vibrational energy      = 2.436177452e-20
    Average electronic energy       = 0
    Average total energy            = 9.148965916e-19
ExecutionTime = 46.2 s  ClockTime = 48 s

Cloud name: dsmc [rank 0]
    Number of dsmc particles        = 293416
    Number of molecules             = 1.46708e+17
    Mass in system                  = 7.02835346e-09
    Average linear kinetic energy   = 1.031367408e-18
    Average rotational energy       = 9.255706917e-21
    Average vibrational energy      = 2.258807573e-20
    Average electronic energy       = 0
    Average total energy            = 1.06321119e-18
ExecutionTime = 46.2 s  ClockTime = 48 s

Cloud name: dsmc [rank 2]
    Number of dsmc particles        = 311143
    Number of molecules             = 1.555715e+17
    Mass in system                  = 7.45194226e-09
    Average linear kinetic energy   = 1.076070967e-18
    Average rotational energy       = 5.5552861e-21
    Average vibrational energy      = 2.201647377e-20
    Average electronic energy       = 0
    Average total energy            = 1.103642726e-18
ExecutionTime = 46.22 s  ClockTime = 48 s

Cloud name: dsmc [rank 3]
    Number of dsmc particles        = 363071
    Number of molecules             = 1.815355e+17
    Mass in system                  = 8.69549952e-09
    Average linear kinetic energy   = 1.115555006e-18
    Average rotational energy       = 2.587379534e-21
    Average vibrational energy      = 2.164339143e-20
    Average electronic energy       = 0
    Average total energy            = 1.139785777e-18
ExecutionTime = 46.2 s  ClockTime = 48 s

Cloud name: dsmc [rank 6]
    Number of dsmc particles        = 342666
    Number of molecules             = 1.71333e+17
    Mass in system                  = 8.20800215e-09
    Average linear kinetic energy   = 1.086416556e-18
    Average rotational energy       = 4.715103044e-21
    Average vibrational energy      = 2.190894857e-20
    Average electronic energy       = 0
    Average total energy            = 1.113040607e-18
ExecutionTime = 46.22 s  ClockTime = 48 s

Cloud name: dsmc [rank 1]
    Number of dsmc particles        = 332488
    Number of molecules             = 1.66244e+17
    Mass in system                  = 7.96347923e-09
    Average linear kinetic energy   = 1.11564577e-18
    Average rotational energy       = 2.579563877e-21
    Average vibrational energy      = 2.164032618e-20
    Average electronic energy       = 0
    Average total energy            = 1.13986566e-18
ExecutionTime = 46.17 s  ClockTime = 48 s

ExecutionTime = 46.35 s  ClockTime = 48 s

ExecutionTime = 46.34 s  ClockTime = 48 s

ExecutionTime = 46.4 s  ClockTime = 48 s

ExecutionTime = 46.43 s  ClockTime = 48 s

ExecutionTime = 46.43 s  ClockTime = 48 s

ExecutionTime = 46.42 s  ClockTime = 48 s

ExecutionTime = 46.39 s  ClockTime = 48 s

ExecutionTime = 46.42 s  ClockTime = 48 s

ExecutionTime = 46.46 s  ClockTime = 48 s

ExecutionTime = 46.53 s  ClockTime = 48 s

ExecutionTime = 46.52 s  ClockTime = 48 s

ExecutionTime = 46.6 s  ClockTime = 48 s

ExecutionTime = 46.58 s  ClockTime = 48 s

ExecutionTime = 46.58 s  ClockTime = 48 s

ExecutionTime = 46.61 s  ClockTime = 48 s

ExecutionTime = 46.58 s  ClockTime = 48 s

ExecutionTime = 46.65 s  ClockTime = 48 s

ExecutionTime = 46.68 s  ClockTime = 48 s

ExecutionTime = 46.68 s  ClockTime = 48 s

ExecutionTime = 46.69 s  ClockTime = 48 s

ExecutionTime = 46.78 s  ClockTime = 48 s

ExecutionTime = 46.75 s  ClockTime = 48 s

ExecutionTime = 46.79 s  ClockTime = 48 s

ExecutionTime = 46.79 s  ClockTime = 48 s

ExecutionTime = 46.79 s  ClockTime = 48 s

ExecutionTime = 46.82 s  ClockTime = 48 s

ExecutionTime = 46.89 s  ClockTime = 48 s

ExecutionTime = 46.84 s  ClockTime = 48 s

ExecutionTime = 46.88 s  ClockTime = 48 s

ExecutionTime = 46.95 s  ClockTime = 48 s

ExecutionTime = 46.93 s  ClockTime = 48 s

ExecutionTime = 46.97 s  ClockTime = 48 s

ExecutionTime = 46.99 s  ClockTime = 48 s

ExecutionTime = 46.98 s  ClockTime = 48 s

ExecutionTime = 46.99 s  ClockTime = 48 s

ExecutionTime = 47.01 s  ClockTime = 48 s

ExecutionTime = 47.1 s  ClockTime = 49 s

ExecutionTime = 47.12 s  ClockTime = 49 s

ExecutionTime = 47.13 s  ClockTime = 49 s

ExecutionTime = 47.16 s  ClockTime = 49 s

ExecutionTime = 47.15 s  ClockTime = 49 s

ExecutionTime = 47.14 s  ClockTime = 49 s

ExecutionTime = 47.15 s  ClockTime = 49 s

ExecutionTime = 47.16 s  ClockTime = 49 s

ExecutionTime = 47.26 s  ClockTime = 49 s

ExecutionTime = 47.24 s  ClockTime = 49 s

Time = 2.1e-05

ExecutionTime = 47.3 s  ClockTime = 49 s

ExecutionTime = 47.32 s  ClockTime = 49 s

ExecutionTime = 47.34 s  ClockTime = 49 s

ExecutionTime = 47.3 s  ClockTime = 49 s

    Collisions [rank 5]              = 1870
    Collision candidates           = 3559
    Collision acceptance rate      = 0.5254284911

ExecutionTime = 47.35 s  ClockTime = 49 s

ExecutionTime = 47.38 s  ClockTime = 49 s

ExecutionTime = 47.43 s  ClockTime = 49 s

ExecutionTime = 47.47 s  ClockTime = 49 s

ExecutionTime = 47.45 s  ClockTime = 49 s

ExecutionTime = 47.51 s  ClockTime = 49 s

ExecutionTime = 47.54 s  ClockTime = 49 s

ExecutionTime = 47.52 s  ClockTime = 49 s

ExecutionTime = 47.58 s  ClockTime = 49 s

Time = 2.1e-05

ExecutionTime = 47.58 s  ClockTime = 49 s

ExecutionTime = 47.59 s  ClockTime = 49 s

Time = 2.1e-05

ExecutionTime = 47.65 s  ClockTime = 49 s

ExecutionTime = 47.69 s  ClockTime = 49 s

    Collisions [rank 7]              = 4479
    Collision candidates           = 8642
    Collision acceptance rate      = 0.5182828049

ExecutionTime = 47.72 s  ClockTime = 49 s

    Collisions [rank 4]              = 3955
    Collision candidates           = 8199
    Collision acceptance rate      = 0.4823758995

ExecutionTime = 47.71 s  ClockTime = 49 s

ExecutionTime = 47.75 s  ClockTime = 49 s

ExecutionTime = 47.82 s  ClockTime = 49 s

Time = 2.1e-05

ExecutionTime = 47.85 s  ClockTime = 49 s

Time = 2.1e-05

ExecutionTime = 47.88 s  ClockTime = 49 s

    Collisions [rank 0]              = 3196
    Collision candidates           = 6886
    Collision acceptance rate      = 0.4641301191

ExecutionTime = 47.88 s  ClockTime = 49 s

Time = 2.1e-05

ExecutionTime = 47.92 s  ClockTime = 49 s

Time = 2.1e-05

    Collisions [rank 2]              = 1202
    Collision candidates           = 2918
    Collision acceptance rate      = 0.4119259767

    Collisions [rank 1]              = 713
    Collision candidates           = 2374
    Collision acceptance rate      = 0.300336984

    Collisions [rank 3]              = 798
    Collision candidates           = 2590
    Collision acceptance rate      = 0.3081081081

ExecutionTime = 48.06 s  ClockTime = 49 s

Time = 2.1e-05

    Collisions [rank 6]              = 1014
    Collision candidates           = 2758
    Collision acceptance rate      = 0.367657723

Cloud name: dsmc [rank 4]
    Number of dsmc particles        = 254971
    Number of molecules             = 1.274855e+17
    Mass in system                  = 6.10640862e-09
    Average linear kinetic energy   = 9.877813136e-19
    Average rotational energy       = 1.290452445e-20
    Average vibrational energy      = 2.325307282e-20
    Average electronic energy       = 0
    Average total energy            = 1.023938911e-18
ExecutionTime = 48.17 s  ClockTime = 50 s

Cloud name: dsmc [rank 7]
    Number of dsmc particles        = 192423
    Number of molecules             = 9.62115e+16
    Mass in system                  = 4.60907804e-09
    Average linear kinetic energy   = 8.610804175e-19
    Average rotational energy       = 2.345401594e-20
    Average vibrational energy      = 2.45574177e-20
    Average electronic energy       = 0
    Average total energy            = 9.090918512e-19
ExecutionTime = 48.21 sCloud name: dsmc [rank 5]
    Number of dsmc particles        = 136920
    Number of molecules             = 6.846e+16
    Mass in system                  = 3.27885702e-09
    Average linear kinetic energy   = 9.201329016e-19
    Average rotational energy       = 1.815454379e-20
    Average vibrational energy      = 2.376987461e-20
    Average electronic energy       = 0
    Average total energy            = 9.6205732e-19
ExecutionTime = 48.18 s  ClockTime = 50 s

  ClockTime = 50 s

Cloud name: dsmc [rank 3]
    Number of dsmc particles        = 363024
    Number of molecules             = 1.81512e+17
    Mass in system                  = 8.69455572e-09
    Average linear kinetic energy   = 1.115618736e-18
    Average rotational energy       = 2.58716028e-21
    Average vibrational energy      = 2.16422266e-20
    Average electronic energy       = 0
    Average total energy            = 1.139848122e-18
ExecutionTime = 48.21 s  ClockTime = 50 s

Cloud name: dsmc [rank 0]
    Number of dsmc particles        = 294709
    Number of molecules             = 1.473545e+17
    Mass in system                  = 7.05961393e-09
    Average linear kinetic energy   = 1.028031477e-18
    Average rotational energy       = 9.853153858e-21
    Average vibrational energy      = 2.270092144e-20
    Average electronic energy       = 0
    Average total energy            = 1.060585552e-18
ExecutionTime = 48.21 s  ClockTime = 50 s

Cloud name: dsmc [rank 2]
    Number of dsmc particles        = 311784
    Number of molecules             = 1.55892e+17
    Mass in system                  = 7.46706397e-09
    Average linear kinetic energy   = 1.074388999e-18
    Average rotational energy       = 5.773606181e-21
    Average vibrational energy      = 2.207108561e-20
    Average electronic energy       = 0
    Average total energy            = 1.102233691e-18
ExecutionTime = 48.22 s  ClockTime = 50 s

Cloud name: dsmc [rank 6]
    Number of dsmc particles        = 343511
    Number of molecules             = 1.717555e+17
    Mass in system                  = 8.22822765e-09
    Average linear kinetic energy   = 1.085195926e-18
    Average rotational energy       = 4.878131586e-21
    Average vibrational energy      = 2.192203472e-20
    Average electronic energy       = 0
    Average total energy            = 1.111996092e-18
ExecutionTime = 48.23 s  ClockTime = 50 s

Cloud name: dsmc [rank 1]
    Number of dsmc particles        = 332664
    Number of molecules             = 1.66332e+17
    Mass in system                  = 7.96737925e-09
    Average linear kinetic energy   = 1.115573754e-18
    Average rotational energy       = 2.579509676e-21
    Average vibrational energy      = 2.164253082e-20
    Average electronic energy       = 0
    Average total energy            = 1.139795794e-18
ExecutionTime = 48.18 s  ClockTime = 50 s

ExecutionTime = 48.37 s  ClockTime = 50 s

ExecutionTime = 48.37 s  ClockTime = 50 s

ExecutionTime = 48.42 s  ClockTime = 50 s

ExecutionTime = 48.44 s  ClockTime = 50 s

ExecutionTime = 48.45 s  ClockTime = 50 s

ExecutionTime = 48.4 s  ClockTime = 50 s

ExecutionTime = 48.43 s  ClockTime = 50 s

ExecutionTime = 48.43 s  ClockTime = 50 s

ExecutionTime = 48.5 s  ClockTime = 50 s

ExecutionTime = 48.51 s  ClockTime = 50 s

ExecutionTime = 48.55 s  ClockTime = 50 s

ExecutionTime = 48.61 s  ClockTime = 50 s

ExecutionTime = 48.61 s  ClockTime = 50 s

ExecutionTime = 48.58 s  ClockTime = 50 s

ExecutionTime = 48.63 s  ClockTime = 50 s

ExecutionTime = 48.67 s  ClockTime = 50 s

ExecutionTime = 48.63 s  ClockTime = 50 s

ExecutionTime = 48.71 s  ClockTime = 50 s

ExecutionTime = 48.68 s  ClockTime = 50 s

ExecutionTime = 48.74 s  ClockTime = 50 s

ExecutionTime = 48.78 s  ClockTime = 50 s

ExecutionTime = 48.82 s  ClockTime = 50 s

ExecutionTime = 48.77 s  ClockTime = 50 s

ExecutionTime = 48.82 s  ClockTime = 50 s

ExecutionTime = 48.85 s  ClockTime = 50 s

ExecutionTime = 48.82 s  ClockTime = 50 s

ExecutionTime = 48.85 s  ClockTime = 50 s

ExecutionTime = 48.91 s  ClockTime = 50 s

ExecutionTime = 48.96 s  ClockTime = 50 s

ExecutionTime = 48.97 s  ClockTime = 50 s

ExecutionTime = 49.01 s  ClockTime = 50 s

ExecutionTime = 49.01 s  ClockTime = 50 s

ExecutionTime = 49.03 s  ClockTime = 50 s

ExecutionTime = 48.98 s  ClockTime = 50 s

ExecutionTime = 49 s  ClockTime = 50 s

ExecutionTime = 49.08 s  ClockTime = 51 s

ExecutionTime = 49.12 s  ClockTime = 51 s

ExecutionTime = 49.14 s  ClockTime = 51 s

ExecutionTime = 49.16 s  ClockTime = 51 s

ExecutionTime = 49.15 s  ClockTime = 51 s

ExecutionTime = 49.19 s  ClockTime = 51 s

ExecutionTime = 49.17 s  ClockTime = 51 s

ExecutionTime = 49.24 s  ClockTime = 51 s

ExecutionTime = 49.23 s  ClockTime = 51 s

ExecutionTime = 49.31 s  ClockTime = 51 s

ExecutionTime = 49.29 s  ClockTime = 51 s

ExecutionTime = 49.3 s  ClockTime = 51 s

Time = 2.2e-05

ExecutionTime = 49.35 s  ClockTime = 51 s

ExecutionTime = 49.34 s  ClockTime = 51 s

    Collisions [rank 5]              = 1948
    Collision candidates           = 3731
    Collision acceptance rate      = 0.5221120343

ExecutionTime = 49.38 s  ClockTime = 51 s

ExecutionTime = 49.41 s  ClockTime = 51 s

ExecutionTime = 49.44 s  ClockTime = 51 s

ExecutionTime = 49.47 s  ClockTime = 51 s

ExecutionTime = 49.44 s  ClockTime = 51 s

ExecutionTime = 49.52 s  ClockTime = 51 s

ExecutionTime = 49.55 s  ClockTime = 51 s

ExecutionTime = 49.59 s  ClockTime = 51 s

ExecutionTime = 49.62 s  ClockTime = 51 s

ExecutionTime = 49.58 s  ClockTime = 51 s

ExecutionTime = 49.62 s  ClockTime = 51 s

Time = 2.2e-05

ExecutionTime = 49.6 s  ClockTime = 51 s

Time = 2.2e-05

ExecutionTime = 49.7 s  ClockTime = 51 s

    Collisions [rank 7]              = 4698
    Collision candidates           = 9156
    Collision acceptance rate      = 0.5131061599

    Collisions [rank 4]              = 4120
    Collision candidates           = 8519
    Collision acceptance rate      = 0.4836248386

ExecutionTime = 49.74 s  ClockTime = 51 s

ExecutionTime = 49.8 s  ClockTime = 51 s

ExecutionTime = 49.78 s  ClockTime = 51 s

ExecutionTime = 49.79 s  ClockTime = 51 s

ExecutionTime = 49.88 s  ClockTime = 51 s

Time = 2.2e-05

ExecutionTime = 49.92 s  ClockTime = 51 s

ExecutionTime = 49.95 s  ClockTime = 51 s

Time = 2.2e-05

ExecutionTime = 49.98 s  ClockTime = 51 s

Time = 2.2e-05

ExecutionTime = 49.95 s  ClockTime = 51 s

Time = 2.2e-05

    Collisions [rank 0]              = 3259
    Collision candidates           = 7136
    Collision acceptance rate      = 0.4566984305

    Collisions [rank 3]              = 804
    Collision candidates           = 2548
    Collision acceptance rate      = 0.3155416013

    Collisions [rank 2]              = 1163
    Collision candidates           = 2912
    Collision acceptance rate      = 0.3993818681

ExecutionTime = 50.08 s  ClockTime = 52 s

Time = 2.2e-05

    Collisions [rank 1]              = 703
    Collision candidates           = 2353
    Collision acceptance rate      = 0.2987675308

    Collisions [rank 6]              = 1025
    Collision candidates           = 2744
    Collision acceptance rate      = 0.3735422741


Phase C auto DLB triggered (threshold) at step 220: sar=-0.0277170716 loadImbalance=1.734109429 threshold=1.5

Phase C auto DLB triggered (threshold) at step 220: sar=-0.0277153794 loadImbalance=1.734109429 threshold=1.5

Phase C auto DLB triggered (threshold) at step 220: sar=-0.0277171337 loadImbalance=1.734109429 threshold=1.5

Phase C auto DLB triggered (threshold) at step 220: sar=-0.02771544375 loadImbalance=1.734109429 threshold=1.5

Phase C auto DLB triggered (threshold) at step 220: sar=-0.027716731 loadImbalance=1.734109429 threshold=1.5

Phase C auto DLB triggered (threshold) at step 220: sar=-0.0277155035 loadImbalance=1.734109429 threshold=1.5

Phase C auto DLB triggered (threshold) at step 220: sar=-0.02771736405 loadImbalance=1.734109429 threshold=1.5

Phase C auto DLB triggered (threshold) at step 220: sar=-0.02771468205 loadImbalance=1.734109429 threshold=1.5
Phase C ParMETIS: alpha=0.8 ncon=2 ubvec=[1.049999952,1.5] moveRatio=0.813968258 (moveT=19.46308275s, collT=4.448270745s)
Phase C ParMETIS: AdaptiveRepart (104151 cells, 2 constraints, collScale=32.46991101, ubvec=1.049999952)
Phase C ParMETIS: alpha=0.8 ncon=2 ubvec=[1.049999952,1.5] moveRatio=0.8256624802 (moveT=18.34560529s, collT=3.87364983s)
Phase C ParMETIS: AdaptiveRepart (104151 cells, 2 constraints, collScale=28.88275647, ubvec=1.049999952)
Phase C ParMETIS: alpha=0.8 ncon=2 ubvec=[1.049999952,1.5] moveRatio=0.8405808249 (moveT=17.31688783s, collT=3.284210026s)
Phase C ParMETIS: AdaptiveRepart (104151 cells, 2 constraints, collScale=28.79374809, ubvec=1.049999952)
Phase C ParMETIS: alpha=0.8 ncon=2 ubvec=[1.049999952,1.5] moveRatio=0.8357736567 (moveT=16.84954969s, collT=3.310872401s)
Phase C ParMETIS: AdaptiveRepart (104151 cells, 2 constraints, collScale=27.37315259, ubvec=1.049999952)
Phase C ParMETIS: alpha=0.8 ncon=2 ubvec=[1.049999952,1.5] moveRatio=0.8483059037 (moveT=20.60158344s, collT=3.68397599s)Phase C ParMETIS: alpha=0.8 ncon=2 ubvec=[1.049999952,1.5] moveRatio=0.843910162 (moveT=18.9815249s, collT=3.510827668s)
Phase C ParMETIS: AdaptiveRepart (104151 cells, 2 constraints, collScale=24.61182028, ubvec=1.049999952)

Phase C ParMETIS: AdaptiveRepart (104151 cells, 2 constraints, collScale=22.83132901, ubvec=1.049999952)
Phase C ParMETIS: alpha=0.8 ncon=2 ubvec=[1.049999952,1.5] moveRatio=0.8232997764 (moveT=20.46048141s, collT=4.391318623s)
Phase C ParMETIS: AdaptiveRepart (104151 cells, 2 constraints, collScale=1.566145237, ubvec=1.049999952)
Phase C ParMETIS: alpha=0.8 ncon=2 ubvec=[1.049999952,1.5] moveRatio=0.8407478124 (moveT=19.55911166s, collT=3.704834282s)
Phase C ParMETIS: AdaptiveRepart (104151 cells, 2 constraints, collScale=27.06382474, ubvec=1.049999952)
Replicated mesh: rank 2 owns 13730 / 104151 cells
Replicated mesh: rank 3 owns 12100 / 104151 cells
Replicated mesh: rank 4 owns 9669 / 104151 cells
Replicated mesh: rank 5 owns 12123 / 104151 cells
Replicated mesh: rank 6 owns 14444 / 104151 cells
Replicated mesh: rank 7 owns 12832 / 104151 cells
Replicated mesh: rank 0 owns 11824 / 104151 cells
Replicated mesh: rank 1 owns 17429 / 104151 cells
Local mesh: 12123 owned + 321 halo = 12444 / 104151 cells
Phase C ParMETIS AdaptiveRepart: 97061 / 104151 cells changed (0.9319257616Local mesh: 9669 owned + 332 halo = 10001 / 104151 cells
Phase C ParMETIS AdaptiveRepart: 97061 / 104151 cells changed (0.9319257616)
)
Local mesh: 13730 owned + 370 halo = 14100 / 104151 cells
Phase C ParMETIS AdaptiveRepart: 97061 / 104151 cells changed (0.9319257616)
Local mesh: 12100 owned + 351 halo = 12451 / 104151 cells
Phase C ParMETIS AdaptiveRepart: 97061 / 104151 cells changed (0.9319257616)
Local mesh: 12832 owned + 369 halo = 13201 / 104151 cells
Phase C ParMETIS AdaptiveRepart: 97061 / 104151 cells changed (0.9319257616)
Local mesh: 11824 owned + 272 halo = 12096 / 104151 cells
Phase C ParMETIS AdaptiveRepart: 97061 / 104151 cells changed (0.9319257616Local mesh: 14444 owned + 428 halo = 14872 / 104151 cells
Phase C ParMETIS AdaptiveRepart: 97061 / 104151 cells changed (0.9319257616)
)
Local mesh: 17429 owned + 269 halo = 17698 / 104151 cells
Phase C ParMETIS AdaptiveRepart: 97061 / 104151 cells changed (0.9319257616)
Replicated mesh migration[26]: rank 0 sent 188348 parcels, received 159715 (global 2082929) wall 0.191140415s [pack 0.021150505s MPI 0.051149654s deser 0.085429675s]
Replicated mesh migration[26]: rank 1 sent 332586 parcels, received 486946 (global 2082929) wall 0.190144639s [pack 0.026929702s MPI 0.118565349s deser 0.000388517s]
Replicated mesh migration[26]: rank 2 sent 272045 parcels, received 309090 (global 2082929) wall 0.19147061s [pack 0.021395841s MPI 0.076716336s deser 0.06191354s]
Replicated mesh migration[26]: rank 3 sent 363076 parcels, received 238306 (global 2082929) wall 0.191460159s [pack 0.014938198s MPI 0.028553993s deser 0.08168735s]
Replicated mesh migration[26]: rank 4 sent 256598 parcels, received 183440 (global 2082929) wall 0.191566688s [pack 0.025983153s MPI 0.05257282s deser 0.092055188s]
Replicated mesh migration[26]: rank 5 sent 138386 parcels, received 220313 (global 2082929) wall 0.19159719s [pack 0.026124424s MPI 0.065290738s deser 0.078175316s]
Replicated mesh migration[26]: rank 6 sent 344213 parcels, received 256595 (global 2082929) wall 0.191151945s [pack 0.03021523s MPI 0.096315976s deser 0.02778678s]
Replicated mesh migration[26]: rank 7 sent 187677 parcels, received 228524 (global 2082929) wall 0.191252406s [pack 0.022745525s MPI 0.077176921s deser 0.062069806s]
Phase C auto DLB complete: rebalance #3

Phase C auto DLB complete: rebalance #3

Phase C auto DLB complete: rebalance #3

Phase C auto DLB complete: rebalance #3

Phase C auto DLB complete: rebalance #3

Phase C auto DLB complete: rebalance #3

Phase C auto DLB complete: rebalance #3

Phase C auto DLB complete: rebalance #3

Written cellOwner field at time 2.2e-05
Cloud name: dsmc [rank 4]
    Number of dsmc particles        = 183440
    Number of molecules             = 9.172e+16
    Mass in system                  = 4.39298432e-09
    Average linear kinetic energy   = 1.005134948e-18
    Average rotational energy       = 1.157678061e-20
    Average vibrational energy      = 2.289277509e-20
    Average electronic energy       = 0
    Average total energy            = 1.039604504e-18
ExecutionTime = 50.43 s  ClockTime = 52 s

Cloud name: dsmc [rank 5]
    Number of dsmc particles        = 220313
    Number of molecules             = 1.101565e+17
    Mass in system                  = 5.27751625e-09
    Average linear kinetic energy   = 9.597280862e-19
    Average rotational energy       = 1.565093048e-20
    Average vibrational energy      = 2.358397076e-20
    Average electronic energy       = 0
    Average total energy            = 9.989629874e-19
ExecutionTime = 50.45 s  ClockTime = 52 s

Cloud name: dsmc [rank 3]
    Number of dsmc particles        = 238306
    Number of molecules             = 1.19153e+17
    Mass in system                  = 5.70743519e-09
    Average linear kinetic energy   = 1.035365381e-18
    Average rotational energy       = 9.556390023e-21
    Average vibrational energy      = 2.266188291e-20
    Average electronic energy       = 0
    Average total energy            = 1.067583654e-18
ExecutionTime = 50.46 s  ClockTime = 52 s

Cloud name: dsmc [rank 7]
    Number of dsmc particles        = 235860
    Number of molecules             = 1.1793e+17
    Mass in system                  = 5.64779853e-09
    Average linear kinetic energy   = 1.022688227e-18
    Average rotational energy       = 1.003723189e-20
    Average vibrational energy      = 2.266784679e-20
    Average electronic energy       = 0
    Average total energy            = 1.055393306e-18
ExecutionTime = 50.47 s  ClockTime = 52 s

Cloud name: dsmc [rank 6]
    Number of dsmc particles        = 256595
    Number of molecules             = 1.282975e+17
    Mass in system                  = 6.14602022e-09
    Average linear kinetic energy   = 9.110071555e-19
    Average rotational energy       = 2.016280153e-20
    Average vibrational energy      = 2.436518002e-20
    Average electronic energy       = 0
    Average total energy            = 9.55535137e-19
ExecutionTime = 50.49 s  ClockTime = 52 s

Cloud name: dsmc [rank 1]
    Number of dsmc particles        = 486947
    Number of molecules             = 2.434735e+17
    Mass in system                  = 1.166482433e-08
    Average linear kinetic energy   = 1.109181761e-18
    Average rotational energy       = 3.129621756e-21
    Average vibrational energy      = 2.169532368e-20
    Average electronic energy       = 0
    Average total energy            = 1.134006707e-18
ExecutionTime = 50.44 s  ClockTime = 52 s

Cloud name: dsmc [rank 0]
    Number of dsmc particles        = 267268
    Number of molecules             = 1.33634e+17
    Mass in system                  = 6.40096621e-09
    Average linear kinetic energy   = 1.115391414e-18
    Average rotational energy       = 2.587241148e-21
    Average vibrational energy      = 2.164395609e-20
    Average electronic energy       = 0
    Average total energy            = 1.139622611e-18
ExecutionTime = 50.48 s  ClockTime = 52 s

Cloud name: dsmc [rank 2]
    Number of dsmc particles        = 349475
    Number of molecules             = 1.747375e+17
    Mass in system                  = 8.37002853e-09
    Average linear kinetic energy   = 1.07970055e-18
    Average rotational energy       = 5.585852466e-21
    Average vibrational energy      = 2.203687256e-20
    Average electronic energy       = 0
    Average total energy            = 1.107323275e-18
ExecutionTime = 50.5 s  ClockTime = 52 s

ExecutionTime = 50.59 s  ClockTime = 52 s

ExecutionTime = 50.64 s  ClockTime = 52 s

ExecutionTime = 50.64 s  ClockTime = 52 s

ExecutionTime = 50.65 s  ClockTime = 52 s

ExecutionTime = 50.63 s  ClockTime = 52 s

ExecutionTime = 50.68 s  ClockTime = 52 s

ExecutionTime = 50.64 s  ClockTime = 52 s

ExecutionTime = 50.69 s  ClockTime = 52 s

ExecutionTime = 50.72 s  ClockTime = 52 s

ExecutionTime = 50.77 s  ClockTime = 52 s

ExecutionTime = 50.75 s  ClockTime = 52 s

ExecutionTime = 50.79 s  ClockTime = 52 s

ExecutionTime = 50.81 s  ClockTime = 52 s

ExecutionTime = 50.84 s  ClockTime = 52 s

ExecutionTime = 50.82 s  ClockTime = 52 s

ExecutionTime = 50.89 s  ClockTime = 52 s

ExecutionTime = 50.9 s  ClockTime = 52 s

ExecutionTime = 50.89 s  ClockTime = 52 s

ExecutionTime = 50.9 s  ClockTime = 52 s

ExecutionTime = 50.94 s  ClockTime = 52 s

ExecutionTime = 50.97 s  ClockTime = 52 s

ExecutionTime = 50.95 s  ClockTime = 52 s

ExecutionTime = 51.02 s  ClockTime = 53 s

ExecutionTime = 51.06 s  ClockTime = 53 s

ExecutionTime = 51.05 s  ClockTime = 53 s

ExecutionTime = 51.1 s  ClockTime = 53 s

ExecutionTime = 51.13 s  ClockTime = 53 s

ExecutionTime = 51.09 s  ClockTime = 53 s

ExecutionTime = 51.15 s  ClockTime = 53 s

ExecutionTime = 51.19 s  ClockTime = 53 s

ExecutionTime = 51.17 s  ClockTime = 53 s

ExecutionTime = 51.19 s  ClockTime = 53 s

ExecutionTime = 51.22 s  ClockTime = 53 s

ExecutionTime = 51.21 s  ClockTime = 53 s

ExecutionTime = 51.24 s  ClockTime = 53 s

ExecutionTime = 51.31 s  ClockTime = 53 s

ExecutionTime = 51.33 s  ClockTime = 53 s

ExecutionTime = 51.35 s  ClockTime = 53 s

ExecutionTime = 51.33 s  ClockTime = 53 s

ExecutionTime = 51.33 s  ClockTime = 53 s

ExecutionTime = 51.37 s  ClockTime = 53 s

ExecutionTime = 51.39 s  ClockTime = 53 s

ExecutionTime = 51.45 s  ClockTime = 53 s

ExecutionTime = 51.43 s  ClockTime = 53 s

ExecutionTime = 51.44 s  ClockTime = 53 s

ExecutionTime = 51.51 s  ClockTime = 53 s

ExecutionTime = 51.48 s  ClockTime = 53 s

ExecutionTime = 51.55 s  ClockTime = 53 s

ExecutionTime = 51.53 s  ClockTime = 53 s

ExecutionTime = 51.54 s  ClockTime = 53 s

ExecutionTime = 51.56 s  ClockTime = 53 s

Time = 2.3e-05

ExecutionTime = 51.61 s  ClockTime = 53 s

ExecutionTime = 51.61 s  ClockTime = 53 s

ExecutionTime = 51.67 s  ClockTime = 53 s

ExecutionTime = 51.67 s  ClockTime = 53 s

    Collisions [rank 4]              = 1710
    Collision candidates           = 3380
    Collision acceptance rate      = 0.5059171598

ExecutionTime = 51.68 s  ClockTime = 53 s

ExecutionTime = 51.68 s  ClockTime = 53 s

ExecutionTime = 51.75 s  ClockTime = 53 s

ExecutionTime = 51.78 s  ClockTime = 53 s

ExecutionTime = 51.75 s  ClockTime = 53 s

Time = 2.3e-05

ExecutionTime = 51.8 s  ClockTime = 53 s

Time = 2.3e-05

ExecutionTime = 51.84 s  ClockTime = 53 s

ExecutionTime = 51.83 s  ClockTime = 53 s

Time = 2.3e-05

    Collisions [rank 5]              = 3878
    Collision candidates           = 7033
    Collision acceptance rate      = 0.5514005403

ExecutionTime = 51.87 s  ClockTime = 53 s

Time = 2.3e-05

    Collisions [rank 7]              = 1507
    Collision candidates           = 3222
    Collision acceptance rate      = 0.4677219119

    Collisions [rank 3]              = 2072
    Collision candidates           = 4139
    Collision acceptance rate      = 0.5006040106

ExecutionTime = 51.9 s  ClockTime = 54 s

    Collisions [rank 0]              = 584
    Collision candidates           = 1921
    Collision acceptance rate      = 0.304008329

ExecutionTime = 51.99 s  ClockTime = 54 s

Time = 2.3e-05

ExecutionTime = 52 s  ClockTime = 54 s

    Collisions [rank 6]              = 6314
    Collision candidates           = 11586
    Collision acceptance rate      = 0.5449680649

ExecutionTime = 52.09 s  ClockTime = 54 s

ExecutionTime = 52.17 s  ClockTime = 54 s

ExecutionTime = 52.26 s  ClockTime = 54 s

ExecutionTime = 52.33 s  ClockTime = 54 s

Time = 2.3e-05

    Collisions [rank 2]              = 1390
    Collision candidates           = 3386
    Collision acceptance rate      = 0.4105138807

ExecutionTime = 52.42 s  ClockTime = 54 s

Time = 2.3e-05

    Collisions [rank 1]              = 1103
    Collision candidates           = 3488
    Collision acceptance rate      = 0.3162270642

Cloud name: dsmc [rank 4]
    Number of dsmc particles        = 183562
    Number of molecules             = 9.1781e+16
    Mass in system                  = 4.39589695e-09
    Average linear kinetic energy   = 1.001082824e-18
    Average rotational energy       = 1.227097566e-20
    Average vibrational energy      = 2.301690515e-20
    Average electronic energy       = 0
    Average total energy            = 1.036370705e-18
ExecutionTime = 52.6 s  ClockTime = 54 s

Cloud name: dsmc [rank 5]
    Number of dsmc particles        = 221848
    Number of molecules             = 1.10924e+17
    Mass in system                  = Cloud name: dsmc [rank 7]
    Number of dsmc particles        = 236044
    Number of molecules             = 1.18022e+17
    Mass in system                  = 5.65217583e-09
    Average linear kinetic energy   = 1.019265299e-18
    Average rotational energy       = 1.054414864e-20
    Average vibrational energy      = 2.273156118e-20
    Average electronic energy       = 0
    Average total energy            = 1.052541008e-18
ExecutionTime = 52.62 s  ClockTime = 54 s

5.31438336e-09
    Average linear kinetic energy   = 9.546098819e-19
    Average rotational energy       = 1.657036464e-20
    Average vibrational energy      = 2.375397241e-20
    Average electronic energy       = 0
    Average total energy            = 9.94934219e-19
ExecutionTime = 52.6 s  ClockTime = 54 s

Cloud name: dsmc [rank 3]
    Number of dsmc particles        = 240064
    Number of molecules             = 1.20032e+17
    Mass in system                  = 5.74955987e-09
    Average linear kinetic energy   = 1.032998739e-18
    Average rotational energy       = 1.001134718e-20
    Average vibrational energy      = 2.272912313e-20
    Average electronic energy       = 0
    Average total energy            = 1.06573921e-18
ExecutionTime = Cloud name: dsmc [rank 6]
    Number of dsmc particles        = 259626
    Number of molecules             = 1.29813e+17
    Mass in system                  = 6.21866233e-09
    Average linear kinetic energy   = 9.051512938e-19
    Average rotational energy       = 2.128031584e-20
    Average vibrational energy      = 2.455942671e-20
    Average electronic energy       = 0
    Average total energy            = 9.509910364e-19
ExecutionTime = 52.65 s  ClockTime = 54 s

52.63 s  ClockTime = 54 s

Cloud name: dsmc [rank 1]
    Number of dsmc particles        = 482337
    Number of molecules             = 2.411685e+17
    Mass in system                  = 1.15545867e-08
    Average linear kinetic energy   = 1.108893451e-18
    Average rotational energy       = 3.156290847e-21
    Average vibrational energy      = 2.169898486e-20
    Average electronic energy       = 0
    Average total energy            = 1.133748727e-18
ExecutionTime = 52.6 s  ClockTime = 54 s

Cloud name: dsmc [rank 0]
    Number of dsmc particles        = 271166
    Number of molecules             = 1.35583e+17
    Mass in system                  = 6.49444462e-09
    Average linear kinetic energy   = 1.115463193e-18
    Average rotational energy       = 2.586665328e-21
    Average vibrational energy      = 2.164290298e-20
    Average electronic energy       = 0
    Average total energy            = 1.139692761e-18
ExecutionTime = 52.64 s  ClockTime = 54 s

Cloud name: dsmc [rank 2]
    Number of dsmc particles        = 352040
    Number of molecules             = 1.7602e+17
    Mass in system                  = 8.43158127e-09
    Average linear kinetic energy   = 1.078774742e-18
    Average rotational energy       = 5.744699519e-21
    Average vibrational energy      = 2.206453487e-20
    Average electronic energy       = 0
    Average total energy            = 1.106583976e-18
ExecutionTime = 52.66 s  ClockTime = 54 s

ExecutionTime = 52.79 s  ClockTime = 54 s

ExecutionTime = 52.86 s  ClockTime = 55 s

ExecutionTime = 52.86 s  ClockTime = 55 s

ExecutionTime = 52.86 s  ClockTime = 55 s

ExecutionTime = 52.85 s  ClockTime = 55 s

ExecutionTime = 52.89 s  ClockTime = 55 s

ExecutionTime = 52.88 s  ClockTime = 55 s

ExecutionTime = 52.84 s  ClockTime = 55 s

ExecutionTime = 52.94 s  ClockTime = 53 s

ExecutionTime = 52.99 s  ClockTime = 53 s

ExecutionTime = 53.01 s  ClockTime = 53 s

ExecutionTime = 53.02 s  ClockTime = 53 s

ExecutionTime = 53.04 s  ClockTime = 53 s

ExecutionTime = 53.06 s  ClockTime = 53 s

ExecutionTime = 53.09 s  ClockTime = 53 s

ExecutionTime = 53.07 s  ClockTime = 53 s

ExecutionTime = 53.1 s  ClockTime = 53 s

ExecutionTime = 53.13 s  ClockTime = 53 s

ExecutionTime = 53.15 s  ClockTime = 53 s

ExecutionTime = 53.15 s  ClockTime = 53 s

ExecutionTime = 53.2 s  ClockTime = 53 s

ExecutionTime = 53.21 s  ClockTime = 53 s

ExecutionTime = 53.2 s  ClockTime = 53 s

ExecutionTime = 53.29 s  ClockTime = 53 s

ExecutionTime = 53.28 s  ClockTime = 53 s

ExecutionTime = 53.3 s  ClockTime = 53 s

ExecutionTime = 53.29 s  ClockTime = 53 s

ExecutionTime = 53.34 s  ClockTime = 53 s

ExecutionTime = 53.38 s  ClockTime = 53 s

ExecutionTime = 53.33 s  ClockTime = 53 s

ExecutionTime = 53.37 s  ClockTime = 53 s

ExecutionTime = 53.42 s  ClockTime = 54 s

ExecutionTime = 53.45 s  ClockTime = 54 s

ExecutionTime = 53.43 s  ClockTime = 54 s

ExecutionTime = 53.49 s  ClockTime = 54 s

ExecutionTime = 53.45 s  ClockTime = 54 s

ExecutionTime = 53.53 s  ClockTime = 54 s

ExecutionTime = 53.55 s  ClockTime = 54 s

ExecutionTime = 53.56 s  ClockTime = 54 s

ExecutionTime = 53.56 s  ClockTime = 54 s

ExecutionTime = 53.59 s  ClockTime = 54 s

ExecutionTime = 53.57 s  ClockTime = 54 s

ExecutionTime = 53.64 s  ClockTime = 54 s

ExecutionTime = 53.65 s  ClockTime = 54 s

ExecutionTime = 53.71 s  ClockTime = 54 s

ExecutionTime = 53.71 s  ClockTime = 54 s

ExecutionTime = 53.71 s  ClockTime = 54 s

ExecutionTime = 53.75 s  ClockTime = 54 s

ExecutionTime = 53.71 s  ClockTime = 54 s

ExecutionTime = 53.75 s  ClockTime = 54 s

ExecutionTime = 53.8 s  ClockTime = 54 s

ExecutionTime = 53.81 s  ClockTime = 54 s

Time = 2.4e-05

ExecutionTime = 53.87 s  ClockTime = 54 s

ExecutionTime = 53.89 s  ClockTime = 54 s

ExecutionTime = 53.88 s  ClockTime = 54 s

ExecutionTime = 53.87 s  ClockTime = 54 s

ExecutionTime = 53.93 s  ClockTime = 54 s

    Collisions [rank 4]              = 1721
    Collision candidates           = 3545
    Collision acceptance rate      = 0.4854724965

ExecutionTime = 53.91 s  ClockTime = 54 s

ExecutionTime = 53.98 s  ClockTime = 54 s

ExecutionTime = 54 s  ClockTime = 54 s

Time = 2.4e-05

ExecutionTime = 54.02 s  ClockTime = 54 s

Time = 2.4e-05

ExecutionTime = 54.03 s  ClockTime = 54 s

Time = 2.4e-05

ExecutionTime = 54.07 s  ClockTime = 54 s

ExecutionTime = 54.08 s  ClockTime = 54 s

Time = 2.4e-05

    Collisions [rank 5]              = 3944
    Collision candidates           = 7599
    Collision acceptance rate      = 0.51901566

    Collisions [rank 3]              = 2195
    Collision candidates           = 4553
    Collision acceptance rate      = 0.4820997145

    Collisions [rank 7]              = 1545
    Collision candidates           = 3258
    Collision acceptance rate      = 0.4742173112

    Collisions [rank 0]              = 590
    Collision candidates           = 1950
    Collision acceptance rate      = 0.3025641026

ExecutionTime = 54.2 s  ClockTime = 54 s

ExecutionTime = 54.15 s  ClockTime = 54 s

ExecutionTime = 54.22 s  ClockTime = 54 s

Time = 2.4e-05

    Collisions [rank 6]              = 6557
    Collision candidates           = 12563
    Collision acceptance rate      = 0.5219294754

ExecutionTime = 54.36 s  ClockTime = 55 s

ExecutionTime = 54.34 s  ClockTime = 55 s

ExecutionTime = 54.53 s  ClockTime = 55 s

Time = 2.4e-05

ExecutionTime = 54.53 s  ClockTime = 55 s

    Collisions [rank 2]              = 1404
    Collision candidates           = 3404
    Collision acceptance rate      = 0.4124559342

ExecutionTime = 54.72 s  ClockTime = 55 s

Time = 2.4e-05

    Collisions [rank 1]              = 1167
    Collision candidates           = 3563
    Collision acceptance rate      = 0.3275329778

Cloud name: dsmc [rank 4]
    Number of dsmc particles        = 184535
    Number of molecules             = 9.22675e+16
    Mass in system                  = 4.41935663e-09
    Average linear kinetic energy   = 9.975859043e-19
    Average rotational energy       = 1.290746781e-20
    Average vibrational energy      = 2.31125375e-20
    Average electronic energy       = 0
    Average total energy            = 1.03360591e-18
ExecutionTime = 54.9 s  ClockTime = 55 s

Cloud name: dsmc [rank 5]
    Number of dsmc particles        = 223430
    Number of molecules             = 1.11715e+17
    Mass in system                  = 5.35218103e-09
    Average linear kinetic energy   = 9.49780623e-19
    Average rotational energy       = 1.763327002e-20
    Average vibrational energy      = 2.395339957e-20
    Average electronic energy       = 0
    Average total energy            = 9.913672925e-19
ExecutionTime = 54.92 s  ClockTime = 55 s

Cloud name: dsmc [rank 7]
    Number of dsmc particles        = 237190
    Number of molecules             = 1.18595e+17
    Mass in system                  = 5.67976368e-09
    Average linear kinetic energy   = 1.01627878e-18
    Average rotational energy       = 1.103992739e-20
    Average vibrational energy      = 2.280602112e-20
    Average electronic energy       = 0
    Average total energy            = 1.050124728e-18
ExecutionTime = 54.95 s  ClockTime = 55 s

Cloud name: dsmc [rank 3]
    Number of dsmc particles        = 241010
    Number of molecules             = 1.20505e+17
    Mass in system                  = 5.77230243e-09
    Average linear kinetic energy   = 1.029935317e-18
    Average rotational energy       = 1.046011196e-20
    Average vibrational energy      = 2.284391986e-20
    Average electronic energy       = 0
    Average total energy            = 1.063239349e-18
ExecutionTime = 54.95 s  ClockTime = 55 s

Cloud name: dsmc [rank 6]
    Number of dsmc particles        = 262072
    Number of molecules             = 1.31036e+17
    Mass in system                  = 6.27721993e-09
    Average linear kinetic energy   = 8.992210987e-19
    Average rotational energy       = 2.259712987e-20
    Average vibrational energy      = 2.478412751e-20
    Average electronic energy       = 0
    Average total energy            = 9.466023561e-19
ExecutionTime = 54.96 s  ClockTime = 55 s

Cloud name: dsmc [rank 1]
    Number of dsmc particles        = 482461
    Number of molecules             = 2.412305e+17
    Mass in system                  = 1.15575028e-08
    Average linear kinetic energy   = 1.108618418e-18
    Average rotational energy       = 3.196228095e-21
    Average vibrational energy      = 2.170566593e-20
    Average electronic energy       = 0
    Average total energy            = 1.133520312e-18
ExecutionTime = 54.91 s  ClockTime = 55 s

Cloud name: dsmc [rank 0]
    Number of dsmc particles        = 271307
    Number of molecules             = 1.356535e+17
    Mass in system                  = 6.49778576e-09
    Average linear kinetic energy   = 1.115488319e-18
    Average rotational energy       = 2.58661911e-21
    Average vibrational energy      = 2.164321e-20
    Average electronic energy       = 0
    Average total energy            = 1.139718148e-18
ExecutionTime = 54.95 s  ClockTime = 55 s

Cloud name: dsmc [rank 2]
    Number of dsmc particles        = 352850
    Number of molecules             = 1.76425e+17
    Mass in system                  = 8.45086393e-09
    Average linear kinetic energy   = 1.077383163e-18
    Average rotational energy       = 5.9740677e-21
    Average vibrational energy      = 2.211295562e-20
    Average electronic energy       = 0
    Average total energy            = 1.105470186e-18
ExecutionTime = 54.97 s  ClockTime = 55 s

ExecutionTime = 55.15 s  ClockTime = 55 s

ExecutionTime = 55.15 s  ClockTime = 55 s

ExecutionTime = 55.12 s  ClockTime = 55 s

ExecutionTime = 55.17 s  ClockTime = 55 s

ExecutionTime = 55.15 s  ClockTime = 55 s

ExecutionTime = 55.2 s  ClockTime = 55 s

ExecutionTime = 55.2 s  ClockTime = 55 s

ExecutionTime = 55.16 s  ClockTime = 55 s

ExecutionTime = 55.28 s  ClockTime = 56 s

ExecutionTime = 55.25 s  ClockTime = 56 s

ExecutionTime = 55.3 s  ClockTime = 56 s

ExecutionTime = 55.3 s  ClockTime = 56 s

ExecutionTime = 55.32 s  ClockTime = 56 s

ExecutionTime = 55.37 s  ClockTime = 56 s

ExecutionTime = 55.42 s  ClockTime = 56 s

ExecutionTime = 55.38 s  ClockTime = 56 s

ExecutionTime = 55.43 s  ClockTime = 56 s

ExecutionTime = 55.4 s  ClockTime = 56 s

ExecutionTime = 55.46 s  ClockTime = 56 s

ExecutionTime = 55.44 s  ClockTime = 56 s

ExecutionTime = 55.48 s  ClockTime = 56 s

ExecutionTime = 55.5 s  ClockTime = 56 s

ExecutionTime = 55.56 s  ClockTime = 56 s

ExecutionTime = 55.57 s  ClockTime = 56 s

ExecutionTime = 55.57 s  ClockTime = 56 s

ExecutionTime = 55.6 s  ClockTime = 56 s

ExecutionTime = 55.63 s  ClockTime = 56 s

ExecutionTime = 55.66 s  ClockTime = 56 s

ExecutionTime = 55.62 s  ClockTime = 56 s

ExecutionTime = 55.71 s  ClockTime = 56 s

ExecutionTime = 55.71 s  ClockTime = 56 s

ExecutionTime = 55.69 s  ClockTime = 56 s

ExecutionTime = 55.72 s  ClockTime = 56 s

ExecutionTime = 55.75 s  ClockTime = 56 s

ExecutionTime = 55.74 s  ClockTime = 56 s

ExecutionTime = 55.79 s  ClockTime = 56 s

ExecutionTime = 55.89 s  ClockTime = 56 s

ExecutionTime = 55.89 s  ClockTime = 56 s

ExecutionTime = 55.87 s  ClockTime = 56 s

ExecutionTime = 55.89 s  ClockTime = 56 s

ExecutionTime = 55.88 s  ClockTime = 56 s

ExecutionTime = 55.87 s  ClockTime = 56 s

ExecutionTime = 55.98 s  ClockTime = 56 s

ExecutionTime = 55.95 s  ClockTime = 56 s

ExecutionTime = 56.02 s  ClockTime = 56 s

ExecutionTime = 55.99 s  ClockTime = 56 s

ExecutionTime = 56.06 s  ClockTime = 56 s

ExecutionTime = 56.04 s  ClockTime = 56 s

ExecutionTime = 56.04 s  ClockTime = 56 s

ExecutionTime = 56.12 s  ClockTime = 56 s

ExecutionTime = 56.1 s  ClockTime = 56 s

Time = 2.5e-05

ExecutionTime = 56.16 s  ClockTime = 56 s

ExecutionTime = 56.17 s  ClockTime = 56 s

ExecutionTime = 56.21 s  ClockTime = 57 s

ExecutionTime = 56.18 s  ClockTime = 57 s

ExecutionTime = 56.2 s  ClockTime = 57 s

    Collisions [rank 4]              = 1823
    Collision candidates           = 3768
    Collision acceptance rate      = 0.4838110403

ExecutionTime = 56.22 s  ClockTime = 57 s

ExecutionTime = 56.31 s  ClockTime = 57 s

Time = 2.5e-05

ExecutionTime = 56.34 s  ClockTime = 57 s

ExecutionTime = 56.33 s  ClockTime = 57 s

ExecutionTime = 56.31 s  ClockTime = 57 s

Time = 2.5e-05

ExecutionTime = 56.36 s  ClockTime = 57 s

Time = 2.5e-05

ExecutionTime = 56.39 s  ClockTime = 57 s

    Collisions [rank 3]              = 2253
    Collision candidates           = 4684
    Collision acceptance rate      = 0.480999146

    Collisions [rank 5]              = 4196
    Collision candidates           = 8126
    Collision acceptance rate      = 0.5163672163

    Collisions [rank 7]              = 1551
    Collision candidates           = 3302
    Collision acceptance rate      = 0.469715324

ExecutionTime = 56.48 s  ClockTime = 57 s

Time = 2.5e-05

ExecutionTime = 56.47 s  ClockTime = 57 s

ExecutionTime = 56.55 s  ClockTime = 57 s

ExecutionTime = 56.55 s  ClockTime = 57 s

Time = 2.5e-05

    Collisions [rank 0]              = 605
    Collision candidates           = 1886
    Collision acceptance rate      = 0.3207847296

    Collisions [rank 6]              = 6877
    Collision candidates           = 13294
    Collision acceptance rate      = 0.5173010381

ExecutionTime = 56.67 s  ClockTime = 57 s

ExecutionTime = 56.73 s  ClockTime = 57 s

ExecutionTime = 56.89 s  ClockTime = 57 s

Time = 2.5e-05

ExecutionTime = 56.86 s  ClockTime = 57 s

    Collisions [rank 2]              = 1513
    Collision candidates           = 3556
    Collision acceptance rate      = 0.4254780652

ExecutionTime = 57.05 s  ClockTime = 57 s

Time = 2.5e-05

    Collisions [rank 1]              = 1154
    Collision candidates           = 3456
    Collision acceptance rate      = 0.333912037

Cloud name: dsmc [rank 4]
    Number of dsmc particles        = 185578
    Number of molecules             = 9.2789e+16
    Mass in system                  = 4.44419887e-09
    Average linear kinetic energy   = 9.94004672e-19
    Average rotational energy       = 1.362734533e-20
    Average vibrational energy      = 2.327127018e-20
    Average electronic energy       = 0
    Average total energy            = 1.030903288e-18
ExecutionTime = 57.22 s  ClockTime = 58 s

Cloud name: dsmc [rank 5]
    Number of dsmc particles        = 225034
    Number of molecules             = 1.12517e+17
    Mass in system                  = 5.3905564e-09
    Average linear kinetic energy   = 9.45121762e-19
    Average rotational energy       = 1.857260359e-20
    Average vibrational energy      = 2.416282784e-20
    Average electronic energy       = 0
    Average total energy            = 9.878571934e-19
ExecutionTime = 57.23 s  ClockTime = 58 s

Cloud name: dsmc [rank 7]
    Number of dsmc particles        = 238277
    Number of molecules             = 1.191385e+17
    Mass in system                  = 5.70602281e-09
    Average linear kinetic energy   = 1.013504414e-18
    Average rotational energy       = 1.147009631e-20
    Average vibrational energy      = 2.286609527e-20
    Average electronic energy       = 0
    Average total energy            = 1.047840606e-18
ExecutionTime = 57.25 s  ClockTime = 58 s

Cloud name: dsmc [rank 3]
    Number of dsmc particles        = 241954
    Number of molecules             = 1.20977e+17
    Mass in system                  = 5.79490912e-09
    Average linear kinetic energy   = 1.026985337e-18
    Average rotational energy       = 1.107979078e-20
    Average vibrational energy      = 2.295289546e-20
    Average electronic energy       = 0
    Average total energy            = 1.061018023e-18
ExecutionTime = 57.25 s  ClockTime = 58 s

Cloud name: dsmc [rank 6]
    Number of dsmc particles        = 264467
    Number of molecules             = 1.322335e+17
    Mass in system                  = 6.33457854e-09
    Average linear kinetic energy   = 8.933911614e-19
    Average rotational energy       = 2.400763527e-20
    Average vibrational energy      = 2.508508595e-20
    Average electronic energy       = 0
    Average total energy            = 9.424838826e-19
ExecutionTime = 57.27 s  ClockTime = 58 s

Cloud name: dsmc [rank 1]
    Number of dsmc particles        = 482851
    Number of molecules             = 2.414255e+17
    Mass in system                  = 1.156699067e-08
    Average linear kinetic energy   = 1.108365331e-18
    Average rotational energy       = 3.232479628e-21
    Average vibrational energy      = 2.171136893e-20
    Average electronic energy       = 0
    Average total energy            = 1.133309179e-18
ExecutionTime = 57.23 s  ClockTime = 58 s

Cloud name: dsmc [rank 0]
    Number of dsmc particles        = 271257
    Number of molecules             = 1.356285e+17
    Mass in system                  = 6.49649086e-09
    Average linear kinetic energy   = 1.115514327e-18
    Average rotational energy       = 2.585786424e-21
    Average vibrational energy      = 2.164404501e-20
    Average electronic energy       = 0
    Average total energy            = 1.139744159e-18
ExecutionTime = 57.26 s  ClockTime = 58 s

Cloud name: dsmc [rank 2]
    Number of dsmc particles        = 353520
    Number of molecules             = 1.7676e+17
    Mass in system                  = 8.46701406e-09
    Average linear kinetic energy   = 1.076059603e-18
    Average rotational energy       = 6.248324056e-21
    Average vibrational energy      = 2.214560499e-20
    Average electronic energy       = 0
    Average total energy            = 1.104453532e-18
ExecutionTime = 57.29 s  ClockTime = 58 s

ExecutionTime = 57.44 s  ClockTime = 58 s

ExecutionTime = 57.49 s  ClockTime = 58 s

ExecutionTime = 57.5 s  ClockTime = 58 s

ExecutionTime = 57.5 s  ClockTime = 58 s

ExecutionTime = 57.48 s  ClockTime = 58 s

ExecutionTime = 57.52 s  ClockTime = 58 s

ExecutionTime = 57.53 s  ClockTime = 58 s

ExecutionTime = 57.49 s  ClockTime = 58 s

ExecutionTime = 57.55 s  ClockTime = 58 s

ExecutionTime = 57.6 s  ClockTime = 58 s

ExecutionTime = 57.63 s  ClockTime = 58 s

ExecutionTime = 57.65 s  ClockTime = 58 s

ExecutionTime = 57.66 s  ClockTime = 58 s

ExecutionTime = 57.72 s  ClockTime = 58 s

ExecutionTime = 57.73 s  ClockTime = 58 s

ExecutionTime = 57.67 s  ClockTime = 58 s

ExecutionTime = 57.78 s  ClockTime = 58 s

ExecutionTime = 57.75 s  ClockTime = 58 s

ExecutionTime = 57.76 s  ClockTime = 58 s

ExecutionTime = 57.81 s  ClockTime = 58 s

ExecutionTime = 57.82 s  ClockTime = 58 s

ExecutionTime = 57.82 s  ClockTime = 58 s

ExecutionTime = 57.91 s  ClockTime = 58 s

ExecutionTime = 57.9 s  ClockTime = 58 s

ExecutionTime = 57.96 s  ClockTime = 58 s

ExecutionTime = 57.94 s  ClockTime = 58 s

ExecutionTime = 57.96 s  ClockTime = 58 s

ExecutionTime = 57.96 s  ClockTime = 58 s

ExecutionTime = 57.99 s  ClockTime = 58 s

ExecutionTime = 57.99 s  ClockTime = 58 s

ExecutionTime = 58.09 s  ClockTime = 58 s

ExecutionTime = 58.06 s  ClockTime = 58 s

ExecutionTime = 58.1 s  ClockTime = 58 s

ExecutionTime = 58.1 s  ClockTime = 58 s

ExecutionTime = 58.08 s  ClockTime = 58 s

ExecutionTime = 58.14 s  ClockTime = 58 s

ExecutionTime = 58.18 s  ClockTime = 58 s

ExecutionTime = 58.18 s  ClockTime = 59 s

ExecutionTime = 58.22 s  ClockTime = 59 s

ExecutionTime = 58.25 s  ClockTime = 59 s

ExecutionTime = 58.26 s  ClockTime = 59 s

ExecutionTime = 58.3 s  ClockTime = 59 s

ExecutionTime = 58.29 s  ClockTime = 59 s

ExecutionTime = 58.26 s  ClockTime = 59 s

ExecutionTime = 58.31 s  ClockTime = 59 s

ExecutionTime = 58.39 s  ClockTime = 59 s

ExecutionTime = 58.38 s  ClockTime = 59 s

ExecutionTime = 58.41 s  ClockTime = 59 s

ExecutionTime = 58.41 s  ClockTime = 59 s

ExecutionTime = 58.45 s  ClockTime = 59 s

ExecutionTime = 58.48 s  ClockTime = 59 s

ExecutionTime = 58.45 s  ClockTime = 59 s

Time = 2.6e-05

ExecutionTime = 58.49 s  ClockTime = 59 s

    Collisions [rank 4]              = 1939
    Collision candidates           = 3914
    Collision acceptance rate      = 0.4954011242

ExecutionTime = 58.53 s  ClockTime = 59 s

ExecutionTime = 58.55 s  ClockTime = 59 s

ExecutionTime = 58.56 s  ClockTime = 59 s

ExecutionTime = 58.62 s  ClockTime = 59 s

ExecutionTime = 58.64 s  ClockTime = 59 s

ExecutionTime = 58.63 s  ClockTime = 59 s

ExecutionTime = 58.67 s  ClockTime = 59 s

Time = 2.6e-05

ExecutionTime = 58.7 s  ClockTime = 59 s

Time = 2.6e-05

ExecutionTime = 58.72 s  ClockTime = 59 s

Time = 2.6e-05

ExecutionTime = 58.74 s  ClockTime = 59 s

    Collisions [rank 5]              = 4303
    Collision candidates           = 8560
    Collision acceptance rate      = 0.5026869159

ExecutionTime = 58.79 s  ClockTime = 59 s

ExecutionTime = 58.81 s  ClockTime = 59 s

ExecutionTime = 58.79 s  ClockTime = 59 s

Time = 2.6e-05

    Collisions [rank 7]              = 1682
    Collision candidates           = 3497
    Collision acceptance rate      = 0.4809837003

    Collisions [rank 3]              = 2275
    Collision candidates           = 4871
    Collision acceptance rate      = 0.4670498871

    Collisions [rank 0]              = 604
    Collision candidates           = 1932
    Collision acceptance rate      = 0.3126293996

ExecutionTime = 58.96 s  ClockTime = 59 s

Time = 2.6e-05

ExecutionTime = 59 s  ClockTime = 59 s

ExecutionTime = 58.96 s  ClockTime = 59 s

    Collisions [rank 6]              = 7064
    Collision candidates           = 14041
    Collision acceptance rate      = 0.5030980699

ExecutionTime = 59.17 s  ClockTime = 59 s

Time = 2.6e-05

ExecutionTime = 59.15 s  ClockTime = 59 s

    Collisions [rank 2]              = 1497
    Collision candidates           = 3607
    Collision acceptance rate      = 0.4150263377

ExecutionTime = 59.31 s  ClockTime = 60 s

Time = 2.6e-05

    Collisions [rank 1]              = 1138
    Collision candidates           = 3542
    Collision acceptance rate      = 0.3212874082

Cloud name: dsmc [rank 4]
    Number of dsmc particles        = 186577
    Number of molecules             = 9.32885e+16
    Mass in system                  = 4.46803797e-09
    Average linear kinetic energy   = 9.90590907e-19
    Average rotational energy       = 1.426350547e-20
    Average vibrational energy      = 2.336117893e-20
    Average electronic energy       = 0
    Average total energy            = 1.028215591e-18
ExecutionTime = 59.49 s  ClockTime = 60 s

Cloud name: dsmc [rank 5]
    Number of dsmc particles        = 226575
    Number of molecules             = 1.132875e+17
    Mass in system                  = 5.42759942e-09
    Average linear kinetic energy   = 9.404242343e-19
    Average rotational energy       = 1.966647431e-20
    Average vibrational energy      = 2.439602146e-20
    Average electronic energy       = 0
    Average total energy            = 9.8448673e-19
ExecutionTime = 59.51 s  ClockTime = 60 s

Cloud name: dsmc [rank 7]
    Number of dsmc particles        = 239464
    Number of molecules             = 1.19732e+17
    Mass in system                  = 5.7345937e-09
    Average linear kinetic energy   = 1.010532809e-18
    Average rotational energy       = 1.202666245e-20
    Average vibrational energy      = 2.292708068e-20
    Average electronic energy       = 0
    Average total energy            = 1.045486552e-18
ExecutionTime = 59.53 s  ClockTime = 60 s

Cloud name: dsmc [rank 3]
    Number of dsmc particles        = 242952
    Number of molecules             = 1.21476e+17
    Mass in system                  = 5.81872166e-09
    Average linear kinetic energy   = 1.024214216e-18
    Average rotational energy       = 1.169763821e-20
    Average vibrational energy      = 2.306565597e-20
    Average electronic energy       = 0
    Average total energy            = 1.05897751e-18
ExecutionTime = 59.54 s  ClockTime = 60 s

Cloud name: dsmc [rank 6]
    Number of dsmc particles        = 266901
    Number of molecules             = 1.334505e+17
    Mass in system                  = 6.39306898e-09
    Average linear kinetic energy   = 8.87690789e-19
    Average rotational energy       = 2.531360803e-20
    Average vibrational energy      = 2.545289054e-20
    Average electronic energy       = 0
    Average total energy            = 9.384572876e-19
ExecutionTime = 59.55 s  ClockTime = 60 s

Cloud name: dsmc [rank 1]
    Number of dsmc particles        = 482916
    Number of molecules             = 2.41458e+17
    Mass in system                  = 1.156843241e-08
    Average linear kinetic energy   = 1.108010723e-18
    Average rotational energy       = 3.277450169e-21
    Average vibrational energy      = 2.171448532e-20
    Average electronic energy       = 0
    Average total energy            = 1.133002659e-18
ExecutionTime = 59.51 s  ClockTime = 60 s

Cloud name: dsmc [rank 0]
    Number of dsmc particles        = 271262
    Number of molecules             = 1.35631e+17
    Mass in system                  = 6.49640189e-09
    Average linear kinetic energy   = 1.115428116e-18
    Average rotational energy       = 2.586079151e-21
    Average vibrational energy      = 2.164583426e-20
    Average electronic energy       = 0
    Average total energy            = 1.13966003e-18
ExecutionTime = 59.54 s  ClockTime = 60 s

Cloud name: dsmc [rank 2]
    Number of dsmc particles        = 354396
    Number of molecules             = 1.77198e+17
    Mass in system                  = 8.48800996e-09
    Average linear kinetic energy   = 1.074676914e-18
    Average rotational energy       = 6.48702953e-21
    Average vibrational energy      = 2.219646531e-20
    Average electronic energy       = 0
    Average total energy            = 1.103360409e-18
ExecutionTime = 59.57 s  ClockTime = 60 s

ExecutionTime = 59.7 s  ClockTime = 60 s

ExecutionTime = 59.74 s  ClockTime = 60 s

ExecutionTime = 59.76 s  ClockTime = 60 s

ExecutionTime = 59.75 s  ClockTime = 60 s

ExecutionTime = 59.74 s  ClockTime = 60 s

ExecutionTime = 59.78 s  ClockTime = 60 s

ExecutionTime = 59.79 s  ClockTime = 60 s

ExecutionTime = 59.75 s  ClockTime = 60 s

ExecutionTime = 59.82 s  ClockTime = 60 s

ExecutionTime = 59.88 s  ClockTime = 60 s

ExecutionTime = 59.88 s  ClockTime = 60 s

ExecutionTime = 59.91 s  ClockTime = 60 s

ExecutionTime = 59.91 s  ClockTime = 60 s

ExecutionTime = 59.95 s  ClockTime = 60 s

ExecutionTime = 59.96 s  ClockTime = 60 s

ExecutionTime = 60.02 s  ClockTime = 60 s

ExecutionTime = 60.03 s  ClockTime = 60 s

ExecutionTime = 60.01 s  ClockTime = 60 s

ExecutionTime = 60.05 s  ClockTime = 60 s

ExecutionTime = 60.07 s  ClockTime = 60 s

ExecutionTime = 60.09 s  ClockTime = 60 s

ExecutionTime = 60.08 s  ClockTime = 60 s

ExecutionTime = 60.15 s  ClockTime = 60 s

ExecutionTime = 60.18 s  ClockTime = 61 s

ExecutionTime = 60.2 s  ClockTime = 61 s

ExecutionTime = 60.23 s  ClockTime = 61 s

ExecutionTime = 60.25 s  ClockTime = 61 s

ExecutionTime = 60.21 s  ClockTime = 61 s

ExecutionTime = 60.26 s  ClockTime = 61 s

ExecutionTime = 60.32 s  ClockTime = 61 s

ExecutionTime = 60.28 s  ClockTime = 61 s

ExecutionTime = 60.33 s  ClockTime = 61 s

ExecutionTime = 60.36 s  ClockTime = 61 s

ExecutionTime = 60.34 s  ClockTime = 61 s

ExecutionTime = 60.36 s  ClockTime = 61 s

ExecutionTime = 60.41 s  ClockTime = 61 s

ExecutionTime = 60.48 s  ClockTime = 61 s

ExecutionTime = 60.48 s  ClockTime = 61 s

ExecutionTime = 60.49 s  ClockTime = 61 s

ExecutionTime = 60.47 s  ClockTime = 61 s

ExecutionTime = 60.52 s  ClockTime = 61 s

ExecutionTime = 60.5 s  ClockTime = 61 s

ExecutionTime = 60.56 s  ClockTime = 61 s

ExecutionTime = 60.56 s  ClockTime = 61 s

ExecutionTime = 60.6 s  ClockTime = 61 s

ExecutionTime = 60.67 s  ClockTime = 61 s

ExecutionTime = 60.66 s  ClockTime = 61 s

ExecutionTime = 60.67 s  ClockTime = 61 s

ExecutionTime = 60.71 s  ClockTime = 61 s

ExecutionTime = 60.68 s  ClockTime = 61 s

ExecutionTime = 60.74 s  ClockTime = 61 s

ExecutionTime = 60.74 s  ClockTime = 61 s

Time = 2.7e-05

ExecutionTime = 60.79 s  ClockTime = 61 s

ExecutionTime = 60.8 s  ClockTime = 61 s

ExecutionTime = 60.81 s  ClockTime = 61 s

ExecutionTime = 60.86 s  ClockTime = 61 s

    Collisions [rank 4]              = 1945
    Collision candidates           = 4035
    Collision acceptance rate      = 0.4820322181

ExecutionTime = 60.84 s  ClockTime = 61 s

ExecutionTime = 60.89 s  ClockTime = 61 s

ExecutionTime = 60.93 s  ClockTime = 61 s

ExecutionTime = 60.94 s  ClockTime = 61 s

Time = 2.7e-05

ExecutionTime = 60.96 s  ClockTime = 61 s

Time = 2.7e-05

ExecutionTime = 60.97 s  ClockTime = 61 s

Time = 2.7e-05

    Collisions [rank 3]              = 2404
    Collision candidates           = 5053
    Collision acceptance rate      = 0.4757569761

ExecutionTime = 61.05 s  ClockTime = 61 s

ExecutionTime = 61.04 s  ClockTime = 61 s

Time = 2.7e-05

    Collisions [rank 7]              = 1673
    Collision candidates           = 3519
    Collision acceptance rate      = 0.4754191532

    Collisions [rank 5]              = 4400
    Collision candidates           = 8866
    Collision acceptance rate      = 0.4962779156

ExecutionTime = 61.09 s  ClockTime = 62 s

ExecutionTime = 61.15 s  ClockTime = 62 s

    Collisions [rank 0]              = 623
    Collision candidates           = 1959
    Collision acceptance rate      = 0.3180193977

ExecutionTime = 61.24 s  ClockTime = 62 s

Time = 2.7e-05

ExecutionTime = 61.33 s  ClockTime = 62 s

    Collisions [rank 6]              = 7451
    Collision candidates           = 14671
    Collision acceptance rate      = 0.507872674

ExecutionTime = 61.31 s  ClockTime = 62 s

ExecutionTime = 61.49 s  ClockTime = 62 s

Time = 2.7e-05

ExecutionTime = 61.51 s  ClockTime = 62 s

    Collisions [rank 2]              = 1504
    Collision candidates           = 3671
    Collision acceptance rate      = 0.4096976301

ExecutionTime = 61.71 s  ClockTime = 62 s

Time = 2.7e-05

    Collisions [rank 1]              = 1130
    Collision candidates           = 3480
    Collision acceptance rate      = 0.3247126437


Phase C auto DLB triggered (threshold) at step 270: sar=-0.01171593135 loadImbalance=1.849008154 threshold=1.5

Phase C auto DLB triggered (threshold) at step 270: sar=-0.01171461075 loadImbalance=1.849008154 threshold=1.5

Phase C auto DLB triggered (threshold) at step 270: sar=-0.0117159319 loadImbalance=1.849008154 threshold=1.5

Phase C auto DLB triggered (threshold) at step 270: sar=-0.01171456625 loadImbalance=1.849008154 threshold=1.5

Phase C auto DLB triggered (threshold) at step 270: sar=-0.0117157135 loadImbalance=1.849008154 threshold=1.5

Phase C auto DLB triggered (threshold) at step 270: sar=-0.01171473625 loadImbalance=1.849008154 threshold=1.5

Phase C auto DLB triggered (threshold) at step 270: sar=-0.011716353 loadImbalance=1.849008154 threshold=1.5

Phase C auto DLB triggered (threshold) at step 270: sar=-0.01171394795 loadImbalance=1.849008154 threshold=1.5
Phase C ParMETIS: alpha=0.8 ncon=2 ubvec=[1.049999952,1.5] moveRatio=0.8297137309 (moveT=25.57314625s, collT=5.248503796s)
Phase C ParMETIS: AdaptiveRepart (104151 cells, 2 constraints, collScale=29.09993274, ubvec=Phase C ParMETIS: alpha=0.8 ncon=2 ubvec=[1.049999952,1.5] moveRatio=0.8283660038 (moveT=22.36062236s, collT=4.6330281s)
Phase C ParMETIS: AdaptiveRepart (104151 cells, 2 constraints, collScale=28.3138881, ubvec=1.049999952)
Phase C ParMETIS: alpha=0.8 ncon=2 ubvec=[1.049999952,1.5] moveRatio=0.8226615317 (moveT=24.65752873s, collT=5.315343199s)
Phase C ParMETIS: AdaptiveRepart (104151 cells, 2 constraints, collScale=15.34264604, ubvec=1.049999952)
Phase C ParMETIS: alpha=0.8 ncon=2 ubvec=[1.049999952,1.5] moveRatio=0.8234830929 (moveT=24.33353994s, collT=5.215991981s)
Phase C ParMETIS: AdaptiveRepart (104151 cells, 2 constraints, collScale=3.766413746, ubvec=1.049999952)
1.049999952)
Phase C ParMETIS: alpha=0.8 ncon=2 ubvec=[1.049999952,1.5] moveRatio=0.8288451046 (moveT=20.32949982s, collT=4.19800201s)
Phase C ParMETIS: AdaptiveRepart (104151 cells, 2 constraints, collScale=31.8413731, ubvec=1.049999952)
Phase C ParMETIS: alpha=0.8 ncon=2 ubvec=[1.049999952,1.5] moveRatio=0.82176115 (moveT=21.41941916s, collT=4.645842212s)
Phase C ParMETIS: AdaptiveRepart (104151 cells, 2 constraints, collScale=30.57396964, ubvec=1.049999952)
Phase C ParMETIS: alpha=0.8 ncon=2 ubvec=[1.049999952,1.5] moveRatio=0.8345628471 (moveT=22.77288215s, collT=Phase C ParMETIS: alpha=4.514316445s)
0.8 ncon=2 ubvec=[Phase C ParMETIS: AdaptiveRepart (104151 cells, 2 constraints, collScale=29.41328016, ubvec=1.049999952,1.5] moveRatio=0.8166161466 (moveT=1.049999952)
23.27905889s, collT=5.227674642s)
Phase C ParMETIS: AdaptiveRepart (104151 cells, 2 constraints, collScale=31.53363407, ubvec=1.049999952)
Replicated mesh: rank 0 owns 12549 / 104151 cells
Replicated mesh: rank 1 owns 8511 / 104151 cells
Replicated mesh: rank 2 owns 13623 / 104151 cells
Replicated mesh: rank 3 owns 16114 / 104151 cells
Replicated mesh: rank 4 owns 13799 / 104151 cells
Replicated mesh: rank 7 owns 13753 / 104151 cells
Replicated mesh: rank 5 owns 12943 / 104151 cells
Replicated mesh: rank 6 owns 12859 / 104151 cells
Local mesh: 8511 owned + 276 halo = 8787 / 104151 cells
Phase C ParMETIS AdaptiveRepart: 93133 / 104151 cells changed (0.8942112894)
Local mesh: 16114 owned + 275 halo = 16389 / 104151 cells
Local mesh: 13799 owned + 504 halo = 14303 / 104151 cells
Phase C ParMETIS AdaptiveRepart: 93133 / 104151 cells changed (0.8942112894)
Local mesh: 13753 owned + 399 halo = 14152 / 104151 cells
Phase C ParMETIS AdaptiveRepart: 93133 / 104151 cells changed (0.8942112894)
Phase C ParMETIS AdaptiveRepart: 93133 / 104151 cells changed (0.8942112894)
Local mesh: 12549 owned + 325 halo = 12874 / 104151 cells
Phase C ParMETIS AdaptiveRepart: 93133 / 104151 cells changed (0.8942112894)
Local mesh: 13623 owned + 486 halo = 14109 / 104151 cells
Phase C ParMETIS AdaptiveRepart: 93133 / 104151 cells changed (0.8942112894)
Local mesh: 12943 owned + 454 halo = 13397 / 104151 cells
Phase C ParMETIS AdaptiveRepart: 93133 / 104151 cells changed (0.8942112894)Local mesh: 12859 owned + 298 halo = 13157 / 104151 cells
Phase C ParMETIS AdaptiveRepart: 93133 / 104151 cells changed (0.8942112894)

Replicated mesh migration[32]: rank 0 sent 271269 parcels, received 347528 (global 2107568) wall 0.183444447s [pack 0.01816118s MPI 0.100275943s deser 0.00026069s]
Replicated mesh migration[32]: rank 1 sent 472191 parcels, received 184329 (global 2107568) wall 0.183826056s [pack 0.029662059s MPI 0.052045654s deser 0.028174491s]
Replicated mesh migration[32]: rank 2 sent 354976 parcels, received 297766 (global 2107568) wall 0.183379248s [pack 0.030125622s MPI 0.095239389s deser 0.005233371s]
Replicated mesh migration[32]: rank 3 sent 243962 parcels, received 358403 (global 2107568) wall 0.183739085s [pack 0.024381345s MPI 0.10742227s deser 0.017356501s]
Replicated mesh migration[32]: rank 4 sent 187117 parcels, received 275473 (global 2107568) wall 0.183793596s [pack 0.028606723s MPI 0.084003455s deser 0.047896398s]
Replicated mesh migration[32]: rank 5 sent 228107 parcels, received 329252 (global 2107568) wall 0.183171179s [pack 0.025314495s MPI 0.11480239s deser 0.012816176s]
Replicated mesh migration[32]: rank 6 sent 117645 parcels, received 70437 (global 2107568) wall 0.183175927s [pack 0.011812547s MPI 0.099913011s deser 0.040663544s]
Replicated mesh migration[32]: rank 7 sent 232301 parcels, received 244380 (global 2107568) wall 0.183796563s [pack 0.027962401s MPI 0.077796723s deser 0.045632399s]
Phase C auto DLB complete: rebalance #4

Phase C auto DLB complete: rebalance #4

Phase C auto DLB complete: rebalance #4

Phase C auto DLB complete: rebalance #4

Phase C auto DLB complete: rebalance #4

Phase C auto DLB complete: rebalance #4

Phase C auto DLB complete: rebalance #4

Phase C auto DLB complete: rebalance #4

Written cellOwner field at time 2.7e-05
Cloud name: dsmc [rank 4]
    Number of dsmc particles        = 275954
    Number of molecules             = 1.37977e+17
    Mass in system                  = 6.60937683e-09
    Average linear kinetic energy   = 9.88126028e-19
    Average rotational energy       = 1.536559379e-20
    Average vibrational energy      = 2.366855171e-20
    Average electronic energy       = 0
    Average total energy            = 1.027160174e-18
ExecutionTime = 62.13 s  ClockTime = 63 s

Cloud name: dsmc [rank 5]
    Number of dsmc particles        = 329252
    Number of molecules             = 1.64626e+17
    Mass in system                  = 7.88547176e-09
    Average linear kinetic energy   = 1.078804405e-18
    Average rotational energy       = 6.013298203e-21
    Average vibrational energy      = 2.210265133e-20
    Average electronic energy       = 0
    Average total energy            = 1.106920354e-18
ExecutionTime = 62.14 s  ClockTime = 63 s

Cloud name: dsmc [rank 2]
    Number of dsmc particles        = 297766
    Number of molecules             = 1.48883e+17
    Mass in system                  = 7.13310217e-09
    Average linear kinetic energy   = 1.025876071e-18
    Average rotational energy       = 1.187064746e-20
    Average vibrational energy      = 2.319330502e-20
    Average electronic energy       = 0
    Average total energy            = 1.060940024e-18
ExecutionTime = 62.18 s  ClockTime = 63 s

Cloud name: dsmc [rank 7]
    Number of dsmc particles        = 252752
    Number of molecules             = 1.26376e+17
    Mass in system                  = 6.053569e-09
    Average linear kinetic energy   = 9.411048106e-19
    Average rotational energy       = 1.95747255e-20
    Average vibrational energy      = 2.410398472e-20
    Average electronic energy       = 0
    Average total energy            = 9.847835209e-19
ExecutionTime = 62.17 s  ClockTime = 63 s

Cloud name: dsmc [rank 1]
    Number of dsmc particles        = 195394
    Number of molecules             = 9.7697e+16
    Mass in system                  = 4.67957378e-09
    Average linear kinetic energy   = 1.115343524e-18
    Average rotational energy       = 2.584006966e-21
    Average vibrational energy      = 2.164440435e-20
    Average electronic energy       = 0
    Average total energy            = 1.139571936e-18
ExecutionTime = 62.13 s  ClockTime = 63 s

Cloud name: dsmc [rank 0]
    Number of dsmc particles        = 347528
    Number of molecules             = 1.73764e+17
    Mass in system                  = 8.32293035e-09
    Average linear kinetic energy   = 1.115501436e-18
    Average rotational energy       = 2.583932653e-21
    Average vibrational energy      = 2.164550923e-20
    Average electronic energy       = 0
    Average total energy            = 1.139730878e-18
ExecutionTime = 62.17 s  ClockTime = 63 s

Cloud name: dsmc [rank 3]
    Number of dsmc particles        = 358403
    Number of molecules             = 1.792015e+17
    Mass in system                  = 8.58498914e-09
    Average linear kinetic energy   = 1.085389954e-18
    Average rotational energy       = 5.396379519e-21
    Average vibrational energy      = 2.19757582e-20
    Average electronic energy       = 0
    Average total energy            = 1.112762092e-18
ExecutionTime = 62.17 s  ClockTime = 63 s

Cloud name: dsmc [rank 6]
    Number of dsmc particles        = 222079
    Number of molecules             = 1.110395e+17
    Mass in system                  = 5.31940325e-09
    Average linear kinetic energy   = 8.155253171e-19
    Average rotational energy       = 3.343153731e-20
    Average vibrational energy      = 2.691425619e-20
    Average electronic energy       = 0
    Average total energy            = 8.758711106e-19
ExecutionTime = 62.19 s  ClockTime = 63 s

ExecutionTime = 62.28 s  ClockTime = 63 s

ExecutionTime = 62.32 s  ClockTime = 63 s

ExecutionTime = 62.31 s  ClockTime = 63 s

ExecutionTime = 62.34 s  ClockTime = 63 s

ExecutionTime = 62.32 s  ClockTime = 63 s

ExecutionTime = 62.38 s  ClockTime = 63 s

ExecutionTime = 62.36 s  ClockTime = 63 s

ExecutionTime = 62.39 s  ClockTime = 63 s

ExecutionTime = 62.4 s  ClockTime = 63 s

ExecutionTime = 62.5 s  ClockTime = 63 s

ExecutionTime = 62.48 s  ClockTime = 63 s

ExecutionTime = 62.52 s  ClockTime = 63 s

ExecutionTime = 62.49 s  ClockTime = 63 s

ExecutionTime = 62.55 s  ClockTime = 63 s

ExecutionTime = 62.51 s  ClockTime = 63 s

ExecutionTime = 62.57 s  ClockTime = 63 s

ExecutionTime = 62.57 s  ClockTime = 63 s

ExecutionTime = 62.61 s  ClockTime = 63 s

ExecutionTime = 62.64 s  ClockTime = 63 s

ExecutionTime = 62.69 s  ClockTime = 63 s

ExecutionTime = 62.69 s  ClockTime = 63 s

ExecutionTime = 62.72 s  ClockTime = 63 s

ExecutionTime = 62.74 s  ClockTime = 63 s

ExecutionTime = 62.76 s  ClockTime = 63 s

ExecutionTime = 62.72 s  ClockTime = 63 s

ExecutionTime = 62.8 s  ClockTime = 63 s

ExecutionTime = 62.81 s  ClockTime = 63 s

ExecutionTime = 62.82 s  ClockTime = 63 s

ExecutionTime = 62.9 s  ClockTime = 63 s

ExecutionTime = 62.89 s  ClockTime = 63 s

ExecutionTime = 62.9 s  ClockTime = 63 s

ExecutionTime = 62.88 s  ClockTime = 63 s

ExecutionTime = 62.94 s  ClockTime = 64 s

ExecutionTime = 62.93 s  ClockTime = 64 s

ExecutionTime = 63 s  ClockTime = 64 s

ExecutionTime = 62.99 s  ClockTime = 64 s

ExecutionTime = 63.08 s  ClockTime = 64 s

ExecutionTime = 63.06 s  ClockTime = 64 s

ExecutionTime = 63.04 s  ClockTime = 64 s

ExecutionTime = 63.08 s  ClockTime = 64 s

ExecutionTime = 63.07 s  ClockTime = 64 s

ExecutionTime = 63.12 s  ClockTime = 64 s

ExecutionTime = 63.15 s  ClockTime = 64 s

Time = 2.8e-05

ExecutionTime = 63.17 s  ClockTime = 64 s

ExecutionTime = 63.22 s  ClockTime = 64 s

ExecutionTime = 63.26 s  ClockTime = 64 s

ExecutionTime = 63.28 s  ClockTime = 64 s

ExecutionTime = 63.25 s  ClockTime = 64 s

ExecutionTime = 63.27 s  ClockTime = 64 s

    Collisions [rank 1]              = 447
    Collision candidates           = 1397
    Collision acceptance rate      = 0.3199713672

ExecutionTime = 63.26 s  ClockTime = 64 s

ExecutionTime = 63.34 s  ClockTime = 64 s

ExecutionTime = 63.38 s  ClockTime = 64 s

ExecutionTime = 63.41 s  ClockTime = 64 s

ExecutionTime = 63.44 s  ClockTime = 64 s

ExecutionTime = 63.44 s  ClockTime = 64 s

ExecutionTime = 63.45 s  ClockTime = 64 s

ExecutionTime = 63.44 s  ClockTime = 64 s

ExecutionTime = 63.57 s  ClockTime = 64 s

ExecutionTime = 63.55 s  ClockTime = 64 s

ExecutionTime = 63.53 s  ClockTime = 64 s

ExecutionTime = 63.59 s  ClockTime = 64 s

ExecutionTime = 63.61 s  ClockTime = 64 s

ExecutionTime = 63.63 s  ClockTime = 64 s

ExecutionTime = 63.63 s  ClockTime = 64 s

ExecutionTime = 63.72 s  ClockTime = 64 s

Time = 2.8e-05

ExecutionTime = 63.7 s  ClockTime = 64 s

Time = 2.8e-05

ExecutionTime = 63.69 s  ClockTime = 64 s

Time = 2.8e-05

ExecutionTime = 63.76 s  ClockTime = 64 s

Time = 2.8e-05

ExecutionTime = 63.79 s  ClockTime = 64 s

Time = 2.8e-05

ExecutionTime = 63.78 s  ClockTime = 64 s

Time = 2.8e-05

ExecutionTime = 63.81 s  ClockTime = 64 s

    Collisions [rank 6]              = 8138
    Collision candidates           = 15943
    Collision acceptance rate      = 0.5104434548

    Collisions [rank 7]              = 3443
    Collision candidates           = 6350
    Collision acceptance rate      = 0.5422047244

    Collisions [rank 4]              = 3700
    Collision candidates           = 7227
    Collision acceptance rate      = 0.5119690051

    Collisions [rank 2]              = 3267
    Collision candidates           = 6427
    Collision acceptance rate      = 0.508324257

    Collisions [rank 0]              = 785
    Collision candidates           = 2609
    Collision acceptance rate      = 0.3008815638

    Collisions [rank 5]              = 1157
    Collision candidates           = 2982
    Collision acceptance rate      = 0.3879946345

ExecutionTime = 63.98 s  ClockTime = 65 s

Time = 2.8e-05

    Collisions [rank 3]              = 1054
    Collision candidates           = 2775
    Collision acceptance rate      = 0.3798198198

Cloud name: dsmc [rank 1]
    Number of dsmc particles        = 199832
    Number of molecules             = 9.9916e+16
    Mass in system                  = 4.78596467e-09
    Average linear kinetic energy   = 1.115435154e-18
    Average rotational energy       = 2.585997919e-21
    Average vibrational energy      = 2.164320173e-20
    Average electronic energy       = 0
    Average total energy            = 1.139664354e-18
ExecutionTime = 64.1 s  ClockTime = 65 s

Cloud name: dsmc [rank 5]
    Number of dsmc particles        = 331233
    Number of molecules             = 1.656165e+17
    Mass in system                  = 7.93284739e-09
    Average linear kinetic energy   = 1.078046296e-18
    Average rotational energy       = 6.127660255e-21
    Average vibrational energy      = 2.212086825e-20
    Average electronic energy       = 0
    Average total energy            = 1.106294824e-18
ExecutionTime = 64.11 s  ClockTime = 65 s

Cloud name: dsmc [rank 4]
    Number of dsmc particles        = 277886
    Number of molecules             = 1.38943e+17
    Mass in system                  = 6.65565293e-09
    Average linear kinetic energy   = 9.850349012e-19
    Average rotational energy       = 1.613724261e-20
    Average vibrational energy      = 2.381178006e-20
    Average electronic energy       = 0
    Average total energy            = 1.024983924e-18
ExecutionTime = 64.1 s  ClockTime = 65 s

Cloud name: dsmc [rank 7]
    Number of dsmc particles        = 252947
    Number of molecules             = 1.264735e+17
    Mass in system                  = 6.05825501e-09
    Average linear kinetic energy   = 9.358963891e-19
    Average rotational energy       = 2.047557904e-20
    Average vibrational energy      = 2.427670709e-20
    Average electronic energy       = 0
    Average total energy            = 9.806486753e-19
ExecutionTime = 64.14 s  ClockTime = 65 s

Cloud name: dsmc [rank 2]
    Number of dsmc particles        = 300346
    Number of molecules             = 1.50173e+17
    Mass in system                  = 7.19502021e-09
    Average linear kinetic energy   = 1.023922264e-18
    Average rotational energy       = 1.227744368e-20
    Average vibrational energy      = 2.332076633e-20
    Average electronic energy       = 0
    Average total energy            = 1.059520474e-18
ExecutionTime = 64.16 s  ClockTime = 65 s

Cloud name: dsmc [rank 3]
    Number of dsmc particles        = 353275
    Number of molecules             = 1.766375e+17
    Mass in system                  = 8.46211221e-09
    Average linear kinetic energy   = 1.084176777e-18
    Average rotational energy       = 5.5473743e-21
    Average vibrational energy      = 2.199712572e-20
    Average electronic energy       = 0
    Average total energy            = 1.111721277e-18
ExecutionTime = 64.13 s  ClockTime = 65 s

Cloud name: dsmc [rank 0]
    Number of dsmc particles        = 351784
    Number of molecules             = 1.75892e+17
    Mass in system                  = 8.42494079e-09
    Average linear kinetic energy   = 1.115545365e-18
    Average rotational energy       = 2.583449566e-21
    Average vibrational energy      = 2.164495585e-20
    Average electronic energy       = 0
    Average total energy            = 1.13977377e-18
ExecutionTime = 64.13 s  ClockTime = 65 s

Cloud name: dsmc [rank 6]
    Number of dsmc particles        = 220364
    Number of molecules             = 1.10182e+17
    Mass in system                  = 5.27842727e-09
    Average linear kinetic energy   = 8.029619647e-19
    Average rotational energy       = 3.592266681e-20
    Average vibrational energy      = 2.738707507e-20
    Average electronic energy       = 0
    Average total energy            = 8.662717066e-19
ExecutionTime = 64.15 s  ClockTime = 65 s

ExecutionTime = 64.27 s  ClockTime = 65 s

ExecutionTime = 64.36 s  ClockTime = 65 s

ExecutionTime = 64.34 s  ClockTime = 65 s

ExecutionTime = 64.33 s  ClockTime = 65 s

ExecutionTime = 64.36 s  ClockTime = 65 s

ExecutionTime = 64.32 s  ClockTime = 65 s

ExecutionTime = 64.36 s  ClockTime = 65 s

ExecutionTime = 64.38 s  ClockTime = 65 s

ExecutionTime = 64.4 s  ClockTime = 65 s

ExecutionTime = 64.49 s  ClockTime = 65 s

ExecutionTime = 64.5 s  ClockTime = 65 s

ExecutionTime = 64.53 s  ClockTime = 65 s

ExecutionTime = 64.55 s  ClockTime = 65 s

ExecutionTime = 64.52 s  ClockTime = 65 s

ExecutionTime = 64.52 s  ClockTime = 65 s

ExecutionTime = 64.55 s  ClockTime = 65 s

ExecutionTime = 64.58 s  ClockTime = 65 s

ExecutionTime = 64.61 s  ClockTime = 65 s

ExecutionTime = 64.69 s  ClockTime = 65 s

ExecutionTime = 64.71 s  ClockTime = 65 s

ExecutionTime = 64.67 s  ClockTime = 65 s

ExecutionTime = 64.72 s  ClockTime = 65 s

ExecutionTime = 64.7 s  ClockTime = 65 s

ExecutionTime = 64.77 s  ClockTime = 65 s

ExecutionTime = 64.75 s  ClockTime = 66 s

ExecutionTime = 64.74 s  ClockTime = 66 s

ExecutionTime = 64.82 s  ClockTime = 66 s

ExecutionTime = 64.87 s  ClockTime = 66 s

ExecutionTime = 64.9 s  ClockTime = 66 s

ExecutionTime = 64.85 s  ClockTime = 66 s

ExecutionTime = 64.88 s  ClockTime = 66 s

ExecutionTime = 64.91 s  ClockTime = 66 s

ExecutionTime = 64.95 s  ClockTime = 66 s

ExecutionTime = 64.97 s  ClockTime = 66 s

ExecutionTime = 64.94 s  ClockTime = 66 s

ExecutionTime = 65.06 s  ClockTime = 66 s

ExecutionTime = 65.05 s  ClockTime = 66 s

ExecutionTime = 65.02 s  ClockTime = 66 s

ExecutionTime = 65.05 s  ClockTime = 66 s

ExecutionTime = 65.07 s  ClockTime = 66 s

ExecutionTime = 65.11 s  ClockTime = 66 s

ExecutionTime = 65.13 s  ClockTime = 66 s

ExecutionTime = 65.17 s  ClockTime = 66 s

ExecutionTime = 65.23 s  ClockTime = 66 s

ExecutionTime = 65.19 s  ClockTime = 66 s

Time = 2.9e-05

ExecutionTime = 65.23 s  ClockTime = 66 s

ExecutionTime = 65.21 s  ClockTime = 66 s

ExecutionTime = 65.24 s  ClockTime = 66 s

ExecutionTime = 65.28 s  ClockTime = 66 s

ExecutionTime = 65.31 s  ClockTime = 66 s

    Collisions [rank 1]              = 438
    Collision candidates           = 1418
    Collision acceptance rate      = 0.3088857546

ExecutionTime = 65.39 s  ClockTime = 66 s

ExecutionTime = 65.38 s  ClockTime = 66 s

ExecutionTime = 65.39 s  ClockTime = 66 s

ExecutionTime = 65.39 s  ClockTime = 66 s

ExecutionTime = 65.45 s  ClockTime = 66 s

ExecutionTime = 65.44 s  ClockTime = 66 s

ExecutionTime = 65.47 s  ClockTime = 66 s

ExecutionTime = 65.56 s  ClockTime = 66 s

ExecutionTime = 65.55 s  ClockTime = 66 s

ExecutionTime = 65.55 s  ClockTime = 66 s

ExecutionTime = 65.59 s  ClockTime = 66 s

ExecutionTime = 65.61 s  ClockTime = 66 s

ExecutionTime = 65.61 s  ClockTime = 66 s

ExecutionTime = 65.64 s  ClockTime = 66 s

ExecutionTime = 65.71 s  ClockTime = 67 s

Time = 2.9e-05

ExecutionTime = 65.71 s  ClockTime = 67 s

Time = 2.9e-05

ExecutionTime = 65.76 s  ClockTime = 67 s

Time = 2.9e-05

ExecutionTime = 65.72 s  ClockTime = 67 s

Time = 2.9e-05

ExecutionTime = 65.79 s  ClockTime = 67 s

ExecutionTime = 65.79 s  ClockTime = 67 s

Time = 2.9e-05

ExecutionTime = 65.82 s  ClockTime = 67 s

Time = 2.9e-05

    Collisions [rank 2]              = 3476
    Collision candidates           = 6905
    Collision acceptance rate      = 0.5034033309

    Collisions [rank 7]              = 3499
    Collision candidates           = 6645
    Collision acceptance rate      = 0.5265613243

    Collisions [rank 4]              = 3828
    Collision candidates           = 7555
    Collision acceptance rate      = 0.506684315

    Collisions [rank 6]              = 8424
    Collision candidates           = 16584
    Collision acceptance rate      = 0.507959479

    Collisions [rank 0]              = 780
    Collision candidates           = 2515
    Collision acceptance rate      = 0.310139165

    Collisions [rank 5]              = 1200
    Collision candidates           = 3044
    Collision acceptance rate      = 0.394218134

ExecutionTime = 65.98 s  ClockTime = 67 s

Time = 2.9e-05

    Collisions [rank 3]              = 1090
    Collision candidates           = 2773
    Collision acceptance rate      = 0.3930760909

Cloud name: dsmc [rank 4]
    Number of dsmc particles        = 279344
    Number of molecules             = 1.39672e+17
    Mass in system                  = 6.69067352e-09
    Average linear kinetic energy   = 9.816426485e-19
    Average rotational energy       = 1.697945693e-20
    Average vibrational energy      = 2.397428191e-20
    Average electronic energy       = 0
    Average total energy            = 1.022596387e-18
ExecutionTime = 66.1 s  ClockTime = 67 s

Cloud name: dsmc [rank 7]
    Number of dsmc particles        = 254913
    Number of molecules             = 1.274565e+17
    Mass in system                  = 6.10538119e-09
    Average linear kinetic energy   = 9.319950122e-19
    Average rotational energy       = 2.132332263e-20
    Average vibrational energy      = 2.440450782e-20
    Average electronic energy       = 0
    Average total energy            = 9.777228426e-19
ExecutionTime = 66.14 s  ClockTime = 67 s

Cloud name: dsmc [rank 1]
    Number of dsmc particles        = 199874
    Number of molecules             = 9.9937e+16
    Mass in system                  = 4.7868849e-09
    Average linear kinetic energy   = 1.115414277e-18
    Average rotational energy       = 2.587503011e-21
    Average vibrational energy      = 2.164419842e-20
    Average electronic energy       = 0
    Average total energy            = 1.139645978e-18
ExecutionTime = 66.11 s  ClockTime = 67 s

Cloud name: dsmc [rank 2]
    Number of dsmc particles        = 301552
    Number of molecules             = 1.50776e+17
    Mass in system                  = 7.22382763e-09
    Average linear kinetic energy   = 1.021338657e-18
    Average rotational energy       = 1.289770056e-20
    Average vibrational energy      = 2.34367274e-20
    Average electronic energy       = 0
    Average total energy            = 1.057673085e-18
ExecutionTime = 66.16 s  ClockTime = 67 s

Cloud name: dsmc [rank 5]
    Number of dsmc particles        = 331791
    Number of molecules             = 1.658955e+17
    Mass in system                  = 7.94624457e-09
    Average linear kinetic energy   = 1.077022126e-18
    Average rotational energy       = 6.317348956e-21
    Average vibrational energy      = 2.215048173e-20
    Average electronic energy       = 0
    Average total energy            = 1.105489957e-18
ExecutionTime = 66.12 s  ClockTime = 67 s

Cloud name: dsmc [rank 6]
    Number of dsmc particles        = 222858
    Number of molecules             = 1.11429e+17
    Mass in system                  = 5.33824651e-09
    Average linear kinetic energy   = 7.969219499e-19
    Average rotational energy       = 3.773778127e-20
    Average vibrational energy      = 2.779038962e-20
    Average electronic energy       = 0
    Average total energy            = 8.624501208e-19
ExecutionTime = 66.16 s  ClockTime = 67 s

Cloud name: dsmc [rank 0]
    Number of dsmc particles        = 351773
    Number of molecules             = 1.758865e+17
    Mass in system                  = 8.42464863e-09
    Average linear kinetic energy   = 1.115575106e-18
    Average rotational energy       = 2.582641784e-21
    Average vibrational energy      = 2.16451457e-20
    Average electronic energy       = 0
    Average total energy            = 1.139802893e-18
ExecutionTime = 66.14 s  ClockTime = 67 s

Cloud name: dsmc [rank 3]
    Number of dsmc particles        = 353713
    Number of molecules             = 1.768565e+17
    Mass in system                  = 8.47267305e-09
    Average linear kinetic energy   = 1.08312616e-18
    Average rotational energy       = 5.727310094e-21
    Average vibrational energy      = 2.202103839e-20
    Average electronic energy       = 0
    Average total energy            = 1.110874509e-18
ExecutionTime = 66.14 s  ClockTime = 67 s

ExecutionTime = 66.28 s  ClockTime = 67 s

ExecutionTime = 66.3 s  ClockTime = 67 s

ExecutionTime = 66.34 s  ClockTime = 67 s

ExecutionTime = 66.37 s  ClockTime = 67 s

ExecutionTime = 66.36 s  ClockTime = 67 s

ExecutionTime = 66.34 s  ClockTime = 67 s

ExecutionTime = 66.36 s  ClockTime = 67 s

ExecutionTime = 66.38 s  ClockTime = 67 s

ExecutionTime = 66.39 s  ClockTime = 67 s

ExecutionTime = 66.47 s  ClockTime = 67 s

ExecutionTime = 66.48 s  ClockTime = 67 s

ExecutionTime = 66.52 s  ClockTime = 67 s

ExecutionTime = 66.53 s  ClockTime = 67 s

ExecutionTime = 66.55 s  ClockTime = 67 s

ExecutionTime = 66.57 s  ClockTime = 67 s

ExecutionTime = 66.54 s  ClockTime = 67 s

ExecutionTime = 66.58 s  ClockTime = 67 s

ExecutionTime = 66.59 s  ClockTime = 67 s

ExecutionTime = 66.68 s  ClockTime = 67 s

ExecutionTime = 66.69 s  ClockTime = 68 s

ExecutionTime = 66.67 s  ClockTime = 68 s

ExecutionTime = 66.74 s  ClockTime = 68 s

ExecutionTime = 66.75 s  ClockTime = 68 s

ExecutionTime = 66.72 s  ClockTime = 68 s

ExecutionTime = 66.72 s  ClockTime = 68 s

ExecutionTime = 66.8 s  ClockTime = 68 s

ExecutionTime = 66.83 s  ClockTime = 68 s

ExecutionTime = 66.81 s  ClockTime = 68 s

ExecutionTime = 66.86 s  ClockTime = 68 s

ExecutionTime = 66.84 s  ClockTime = 68 s

ExecutionTime = 66.93 s  ClockTime = 68 s

ExecutionTime = 66.89 s  ClockTime = 68 s

ExecutionTime = 66.95 s  ClockTime = 68 s

ExecutionTime = 66.93 s  ClockTime = 68 s

ExecutionTime = 67.01 s  ClockTime = 68 s

ExecutionTime = 67 s  ClockTime = 68 s

ExecutionTime = 67.01 s  ClockTime = 68 s

ExecutionTime = 67.05 s  ClockTime = 68 s

ExecutionTime = 67.08 s  ClockTime = 68 s

ExecutionTime = 67.04 s  ClockTime = 68 s

ExecutionTime = 67.08 s  ClockTime = 68 s

ExecutionTime = 67.13 s  ClockTime = 68 s

ExecutionTime = 67.13 s  ClockTime = 68 s

Time = 3e-05

ExecutionTime = 67.19 s  ClockTime = 68 s

ExecutionTime = 67.19 s  ClockTime = 68 s

ExecutionTime = 67.22 s  ClockTime = 68 s

ExecutionTime = 67.2 s  ClockTime = 68 s

    Collisions [rank 1]              = 429
    Collision candidates           = 1389
    Collision acceptance rate      = 0.3088552916

ExecutionTime = 67.27 s  ClockTime = 68 s

ExecutionTime = 67.3 s  ClockTime = 68 s

ExecutionTime = 67.27 s  ClockTime = 68 s

ExecutionTime = 67.37 s  ClockTime = 68 s

ExecutionTime = 67.39 s  ClockTime = 68 s

ExecutionTime = 67.39 s  ClockTime = 68 s

ExecutionTime = 67.37 s  ClockTime = 68 s

ExecutionTime = 67.46 s  ClockTime = 68 s

ExecutionTime = 67.46 s  ClockTime = 68 s

ExecutionTime = 67.45 s  ClockTime = 68 s

ExecutionTime = 67.54 s  ClockTime = 68 s

ExecutionTime = 67.57 s  ClockTime = 68 s

ExecutionTime = 67.55 s  ClockTime = 68 s

ExecutionTime = 67.58 s  ClockTime = 68 s

ExecutionTime = 67.62 s  ClockTime = 68 s

ExecutionTime = 67.64 s  ClockTime = 68 s

ExecutionTime = 67.61 s  ClockTime = 68 s

ExecutionTime = 67.69 s  ClockTime = 69 s

Time = 3e-05

ExecutionTime = 67.7 s  ClockTime = 69 s

Time = 3e-05

ExecutionTime = 67.75 s  ClockTime = 69 s

Time = 3e-05

ExecutionTime = 67.8 s  ClockTime = 69 s

Time = 3e-05

ExecutionTime = 67.78 s  ClockTime = 69 s

ExecutionTime = 67.81 s  ClockTime = 69 s

Time = 3e-05

ExecutionTime = 67.78 s  ClockTime = 69 s

Time = 3e-05

    Collisions [rank 7]              = 3624
    Collision candidates           = 6917
    Collision acceptance rate      = 0.5239265578

    Collisions [rank 4]              = 3854
    Collision candidates           = 7850
    Collision acceptance rate      = 0.490955414

    Collisions [rank 0]              = 771
    Collision candidates           = 2515
    Collision acceptance rate      = 0.3065606362

    Collisions [rank 2]              = 3510
    Collision candidates           = 7212
    Collision acceptance rate      = 0.4866888519

    Collisions [rank 6]              = 8521
    Collision candidates           = 17163
    Collision acceptance rate      = 0.4964749752

    Collisions [rank 5]              = 1272
    Collision candidates           = 3052
    Collision acceptance rate      = 0.4167758847

ExecutionTime = 67.98 s  ClockTime = 69 s

Time = 3e-05

    Collisions [rank 3]              = 1084
    Collision candidates           = 2748
    Collision acceptance rate      = 0.3944687045

Cloud name: dsmc [rank 1]
    Number of dsmc particles        = 199769
    Number of molecules             = 9.98845e+16
    Mass in system                  = 4.7846257e-09
    Average linear kinetic energy   = 1.115476005e-18
    Average rotational energy       = 2.588382596e-21
    Average vibrational energy      = 2.164122428e-20
    Average electronic energy       = 0
    Average total energy            = 1.139705612e-18
ExecutionTime = 68.12 s  ClockTime = 69 s

Cloud name: dsmc [rank 4]
    Number of dsmc particles        = 280758
    Number of molecules             = 1.40379e+17
    Mass in system                  = 6.72480682e-09
    Average linear kinetic energy   = 9.785052617e-19
    Average rotational energy       = 1.762743253e-20
    Average vibrational energy      = 2.414964574e-20
    Average electronic energy       = 0
    Average total energy            = 1.02028234e-18
ExecutionTime = 68.12 s  ClockTime = 69 s

Cloud name: dsmc [rank 7]
    Number of dsmc particles        = 256803
    Number of molecules             = 1.284015e+17
    Mass in system                  = 6.15034648e-09
    Average linear kinetic energy   = 9.27861346e-19
    Average rotational energy       = 2.22333493e-20
    Average vibrational energy      = 2.457396168e-20
    Average electronic energy       = 0
    Average total energy            = 9.746686569e-19
ExecutionTime = 68.16 s  ClockTime = 69 s

Cloud name: dsmc [rank 2]
    Number of dsmc particles        = 302648
    Number of molecules             = 1.51324e+17
    Mass in system                  = 7.24998818e-09
    Average linear kinetic energy   = 1.018724012e-18
    Average rotational energy       = 1.354852314e-20
    Average vibrational energy      = 2.357038497e-20
    Average electronic energy       = 0
    Average total energy            = 1.05584292e-18
ExecutionTime = 68.17 s  ClockTime = 69 s

Cloud name: dsmc [rank 5]
    Number of dsmc particles        = 332322
    Number of molecules             = 1.66161e+17
    Mass in system                  = 7.95899083e-09
    Average linear kinetic energy   = 1.075864618e-18
    Average rotational energy       = 6.525443504e-21
    Average vibrational energy      = 2.217935714e-20
    Average electronic energy       = 0
    Average total energy            = 1.104569419e-18
ExecutionTime = 68.13 s  ClockTime = 69 s

Cloud name: dsmc [rank 0]
    Number of dsmc particles        = 351858
    Number of molecules             = 1.75929e+17
    Mass in system                  = 8.42674073e-09
    Average linear kinetic energy   = 1.115579545e-18
    Average rotational energy       = 2.584100074e-21
    Average vibrational energy      = 2.164477279e-20
    Average electronic energy       = 0
    Average total energy            = 1.139808418e-18
ExecutionTime = 68.15 s  ClockTime = 69 s

Cloud name: dsmc [rank 3]
    Number of dsmc particles        = 354472
    Number of molecules             = 1.77236e+17
    Mass in system                  = 8.49086595e-09
    Average linear kinetic energy   = 1.082174009e-18
    Average rotational energy       = 5.904208575e-21
    Average vibrational energy      = 2.204221211e-20
    Average electronic energy       = 0
    Average total energy            = 1.11012043e-18
ExecutionTime = 68.15 s  ClockTime = 69 s

Cloud name: dsmc [rank 6]
    Number of dsmc particles        = 225265
    Number of molecules             = 1.126325e+17
    Mass in system                  = 5.39560277e-09
    Average linear kinetic energy   = 7.911611238e-19
    Average rotational energy       = 3.948230445e-20
    Average vibrational energy      = 2.818709504e-20
    Average electronic energy       = 0
    Average total energy            = 8.588305233e-19
ExecutionTime = 68.18 s  ClockTime = 69 s

ExecutionTime = 68.3 s  ClockTime = 69 s

ExecutionTime = 68.36 s  ClockTime = 69 s

ExecutionTime = 68.37 s  ClockTime = 69 s

ExecutionTime = 68.35 s  ClockTime = 69 s

ExecutionTime = 68.4 s  ClockTime = 69 s

ExecutionTime = 68.38 s  ClockTime = 69 s

ExecutionTime = 68.36 s  ClockTime = 69 s

ExecutionTime = 68.4 s  ClockTime = 69 s

ExecutionTime = 68.44 s  ClockTime = 69 s

ExecutionTime = 68.51 s  ClockTime = 69 s

ExecutionTime = 68.56 s  ClockTime = 69 s

ExecutionTime = 68.58 s  ClockTime = 70 s

ExecutionTime = 68.56 s  ClockTime = 70 s

ExecutionTime = 68.58 s  ClockTime = 70 s

ExecutionTime = 68.56 s  ClockTime = 70 s

ExecutionTime = 68.56 s  ClockTime = 70 s

ExecutionTime = 68.57 s  ClockTime = 70 s

ExecutionTime = 68.69 s  ClockTime = 70 s

ExecutionTime = 68.67 s  ClockTime = 70 s

ExecutionTime = 68.76 s  ClockTime = 70 s

ExecutionTime = 68.74 s  ClockTime = 70 s

ExecutionTime = 68.74 s  ClockTime = 70 s

ExecutionTime = 68.77 s  ClockTime = 70 s

ExecutionTime = 68.8 s  ClockTime = 70 s

ExecutionTime = 68.79 s  ClockTime = 70 s

ExecutionTime = 68.81 s  ClockTime = 70 s

ExecutionTime = 68.87 s  ClockTime = 70 s

ExecutionTime = 68.9 s  ClockTime = 70 s

ExecutionTime = 68.94 s  ClockTime = 70 s

ExecutionTime = 68.92 s  ClockTime = 70 s

ExecutionTime = 68.96 s  ClockTime = 70 s

ExecutionTime = 68.93 s  ClockTime = 70 s

ExecutionTime = 69.01 s  ClockTime = 70 s

ExecutionTime = 69 s  ClockTime = 70 s

ExecutionTime = 69.06 s  ClockTime = 70 s

ExecutionTime = 69.04 s  ClockTime = 70 s

ExecutionTime = 69.11 s  ClockTime = 70 s

ExecutionTime = 69.1 s  ClockTime = 70 s

ExecutionTime = 69.11 s  ClockTime = 70 s

ExecutionTime = 69.15 s  ClockTime = 70 s

ExecutionTime = 69.19 s  ClockTime = 70 s

ExecutionTime = 69.16 s  ClockTime = 70 s

ExecutionTime = 69.19 s  ClockTime = 70 s

ExecutionTime = 69.25 s  ClockTime = 70 s

ExecutionTime = 69.29 s  ClockTime = 70 s

ExecutionTime = 69.27 s  ClockTime = 70 s

Time = 3.1e-05

ExecutionTime = 69.3 s  ClockTime = 70 s

ExecutionTime = 69.3 s  ClockTime = 70 s

ExecutionTime = 69.34 s  ClockTime = 70 s

ExecutionTime = 69.39 s  ClockTime = 70 s

    Collisions [rank 1]              = 419
    Collision candidates           = 1411
    Collision acceptance rate      = 0.2969525159

ExecutionTime = 69.41 s  ClockTime = 70 s

ExecutionTime = 69.43 s  ClockTime = 70 s

ExecutionTime = 69.49 s  ClockTime = 70 s

ExecutionTime = 69.5 s  ClockTime = 71 s

ExecutionTime = 69.53 s  ClockTime = 71 s

ExecutionTime = 69.51 s  ClockTime = 71 s

ExecutionTime = 69.58 s  ClockTime = 71 s

ExecutionTime = 69.58 s  ClockTime = 71 s

ExecutionTime = 69.67 s  ClockTime = 71 s

ExecutionTime = 69.65 s  ClockTime = 71 s

ExecutionTime = 69.67 s  ClockTime = 71 s

ExecutionTime = 69.7 s  ClockTime = 71 s

ExecutionTime = 69.68 s  ClockTime = 71 s

ExecutionTime = 69.76 s  ClockTime = 71 s

ExecutionTime = 69.75 s  ClockTime = 71 s

Time = 3.1e-05

ExecutionTime = 69.84 s  ClockTime = 71 s

Time = 3.1e-05

    Collisions [rank 7]              = 3712
    Collision candidates           = 7110
    Collision acceptance rate      = 0.5220815752

ExecutionTime = 69.84 s  ClockTime = 71 s

Time = 3.1e-05

ExecutionTime = 69.87 s  ClockTime = 71 s

ExecutionTime = 69.87 s  ClockTime = 71 s

Time = 3.1e-05

ExecutionTime = 69.87 s  ClockTime = 71 s

Time = 3.1e-05

ExecutionTime = 69.94 s  ClockTime = 71 s

Time = 3.1e-05

    Collisions [rank 6]              = 9004
    Collision candidates           = 17900
    Collision acceptance rate      = 0.5030167598

    Collisions [rank 4]              = 4020
    Collision candidates           = 8130
    Collision acceptance rate      = 0.4944649446

    Collisions [rank 0]              = 830
    Collision candidates           = 2564
    Collision acceptance rate      = 0.3237129485

    Collisions [rank 5]              = 1250
    Collision candidates           = 3114
    Collision acceptance rate      = 0.4014129737

    Collisions [rank 2]              = 3702
    Collision candidates           = 7499
    Collision acceptance rate      = 0.4936658221

ExecutionTime = 70.05 s  ClockTime = 71 s

Time = 3.1e-05

    Collisions [rank 3]              = 1117
    Collision candidates           = 2854
    Collision acceptance rate      = 0.3913805186

Cloud name: dsmc [rank 1]
    Number of dsmc particles        = 199737
    Number of molecules             = 9.98685e+16
    Mass in system                  = 4.78359704e-09
    Average linear kinetic energy   = 1.115409324e-18
    Average rotational energy       = 2.587672947e-21
    Average vibrational energy      = 2.164427732e-20
    Average electronic energy       = 0
    Average total energy            = 1.139641274e-18
ExecutionTime = 70.19 s  ClockTime = 71 s

Cloud name: dsmc [rank 2]
    Number of dsmc particles        = 303748
    Number of molecules             = 1.51874e+17
    Mass in system                  = 7.27653632e-09
    Average linear kinetic energy   = 1.016196899e-18
    Average rotational energy       = 1.416254701e-20
    Average vibrational energy      = 2.371208381e-20
    Average electronic energy       = 0
    Average total energy            = 1.05407153e-18
ExecutionTime = 70.24 s  ClockTime = 71 s

Cloud name: dsmc [rank 6]
    Number of dsmc particles        = 227785
    Number of molecules             = 1.138925e+17
    Mass in system                  = 5.45604306e-09
    Average linear kinetic energy   = 7.857472826e-19
    Average rotational energy       = 4.11243532e-20
    Average vibrational energy      = 2.855292071e-20
    Average electronic energy       = 0
    Average total energy            = 8.554245565e-19
ExecutionTime = 70.24 s  ClockTime = 71 s

Cloud name: dsmc [rank 7]
    Number of dsmc particles        = 258628
    Number of molecules             = 1.29314e+17
    Mass in system                  = 6.19381045e-09
    Average linear kinetic energy   = 9.242917321e-19
    Average rotational energy       = 2.308457998e-20
    Average vibrational energy      = 2.476135241e-20
    Average electronic energy       = 0
    Average total energy            = 9.721376645e-19
ExecutionTime = 70.23 s  ClockTime = 71 s

Cloud name: dsmc [rank 4]
    Number of dsmc particles        = 282110
    Number of molecules             = 1.41055e+17
    Mass in system                  = 6.75720403e-09
    Average linear kinetic energy   = 9.754002086e-19
    Average rotational energy       = 1.835012817e-20
    Average vibrational energy      = 2.431255211e-20
    Average electronic energy       = 0
    Average total energy            = 1.018062889e-18
ExecutionTime = 70.19 s  ClockTime = 71 s

Cloud name: dsmc [rank 0]
    Number of dsmc particles        = 351887
    Number of molecules             = 1.759435e+17
    Mass in system                  = 8.42754407e-09
    Average linear kinetic energy   = 1.115556421e-18
    Average rotational energy       = 2.583830458e-21
    Average vibrational energy      = 2.164405372e-20
    Average electronic energy       = 0
    Average total energy            = 1.139784305e-18
ExecutionTime = 70.22 s  ClockTime = 71 s

Cloud name: dsmc [rank 5]
    Number of dsmc particles        = 333035
    Number of molecules             = 1.665175e+17
    Mass in system                  = 7.97614071e-09
    Average linear kinetic energy   = 1.07472715e-18
    Average rotational energy       = 6.745742988e-21
    Average vibrational energy      = 2.221099707e-20
    Average electronic energy       = 0
    Average total energy            = 1.10368389e-18
ExecutionTime = 70.21 s  ClockTime = 71 s

Cloud name: dsmc [rank 3]
    Number of dsmc particles        = 355083
    Number of molecules             = 1.775415e+17
    Mass in system                  = 8.50541594e-09
    Average linear kinetic energy   = 1.081221992e-18
    Average rotational energy       = 6.07084621e-21
    Average vibrational energy      = 2.206607638e-20
    Average electronic energy       = 0
    Average total energy            = 1.109358915e-18
ExecutionTime = 70.22 s  ClockTime = 71 s

ExecutionTime = 70.37 s  ClockTime = 71 s

ExecutionTime = 70.42 s  ClockTime = 72 s

ExecutionTime = 70.4 s  ClockTime = 72 s

ExecutionTime = 70.44 s  ClockTime = 72 s

ExecutionTime = 70.46 s  ClockTime = 72 s

ExecutionTime = 70.43 s  ClockTime = 72 s

ExecutionTime = 70.46 s  ClockTime = 72 s

ExecutionTime = 70.48 s  ClockTime = 72 s

ExecutionTime = 70.5 s  ClockTime = 72 s

ExecutionTime = 70.62 s  ClockTime = 72 s

ExecutionTime = 70.59 s  ClockTime = 72 s

ExecutionTime = 70.62 s  ClockTime = 72 s

ExecutionTime = 70.66 s  ClockTime = 72 s

ExecutionTime = 70.65 s  ClockTime = 72 s

ExecutionTime = 70.67 s  ClockTime = 72 s

ExecutionTime = 70.64 s  ClockTime = 72 s

ExecutionTime = 70.67 s  ClockTime = 72 s

ExecutionTime = 70.74 s  ClockTime = 72 s

ExecutionTime = 70.77 s  ClockTime = 72 s

ExecutionTime = 70.82 s  ClockTime = 72 s

ExecutionTime = 70.84 s  ClockTime = 72 s

ExecutionTime = 70.86 s  ClockTime = 72 s

ExecutionTime = 70.85 s  ClockTime = 72 s

ExecutionTime = 70.86 s  ClockTime = 72 s

ExecutionTime = 70.85 s  ClockTime = 72 s

ExecutionTime = 70.88 s  ClockTime = 72 s

ExecutionTime = 71 s  ClockTime = 72 s

ExecutionTime = 70.95 s  ClockTime = 72 s

ExecutionTime = 70.97 s  ClockTime = 72 s

ExecutionTime = 71.02 s  ClockTime = 72 s

ExecutionTime = 71.03 s  ClockTime = 72 s

ExecutionTime = 71.06 s  ClockTime = 72 s

ExecutionTime = 71.05 s  ClockTime = 72 s

ExecutionTime = 71.09 s  ClockTime = 72 s

ExecutionTime = 71.08 s  ClockTime = 72 s

ExecutionTime = 71.12 s  ClockTime = 72 s

ExecutionTime = 71.18 s  ClockTime = 72 s

ExecutionTime = 71.23 s  ClockTime = 72 s

ExecutionTime = 71.18 s  ClockTime = 72 s

ExecutionTime = 71.22 s  ClockTime = 72 s

ExecutionTime = 71.24 s  ClockTime = 72 s

ExecutionTime = 71.24 s  ClockTime = 72 s

ExecutionTime = 71.31 s  ClockTime = 72 s

ExecutionTime = 71.29 s  ClockTime = 72 s

Time = 3.2e-05

ExecutionTime = 71.37 s  ClockTime = 73 s

ExecutionTime = 71.32 s  ClockTime = 73 s

ExecutionTime = 71.4 s  ClockTime = 73 s

    Collisions [rank 1]              = 441
    Collision candidates           = 1398
    Collision acceptance rate      = 0.3154506438

ExecutionTime = 71.41 s  ClockTime = 73 s

ExecutionTime = 71.41 s  ClockTime = 73 s

ExecutionTime = 71.44 s  ClockTime = 73 s

ExecutionTime = 71.51 s  ClockTime = 73 s

ExecutionTime = 71.55 s  ClockTime = 73 s

ExecutionTime = 71.51 s  ClockTime = 73 s

ExecutionTime = 71.6 s  ClockTime = 73 s

ExecutionTime = 71.59 s  ClockTime = 73 s

ExecutionTime = 71.61 s  ClockTime = 73 s

ExecutionTime = 71.64 s  ClockTime = 73 s

ExecutionTime = 71.71 s  ClockTime = 73 s

ExecutionTime = 71.68 s  ClockTime = 73 s

ExecutionTime = 71.71 s  ClockTime = 73 s

ExecutionTime = 71.77 s  ClockTime = 73 s

ExecutionTime = 71.77 s  ClockTime = 73 s

ExecutionTime = 71.81 s  ClockTime = 73 s

ExecutionTime = 71.83 s  ClockTime = 73 s

ExecutionTime = 71.87 s  ClockTime = 73 s

Time = 3.2e-05

ExecutionTime = 71.86 s  ClockTime = 73 s

Time = 3.2e-05

ExecutionTime = 71.93 s  ClockTime = 73 s

Time = 3.2e-05

ExecutionTime = 71.92 s  ClockTime = 73 s

ExecutionTime = 71.94 s  ClockTime = 73 s

Time = 3.2e-05

    Collisions [rank 2]              = 3702
    Collision candidates           = 7767
    Collision acceptance rate      = 0.4766319042

    Collisions [rank 4]              = 4168
    Collision candidates           = 8447
    Collision acceptance rate      = 0.49342962

    Collisions [rank 6]              = 9194
    Collision candidates           = 18539
    Collision acceptance rate      = 0.4959275042

ExecutionTime = 72.03 s  ClockTime = 73 s

Time = 3.2e-05

ExecutionTime = 72.02 s  ClockTime = 73 s

Time = 3.2e-05

    Collisions [rank 7]              = 3794
    Collision candidates           = 7334
    Collision acceptance rate      = 0.5173166076

ExecutionTime = 72.12 s  ClockTime = 73 s

Time = 3.2e-05

    Collisions [rank 0]              = 803
    Collision candidates           = 2547
    Collision acceptance rate      = 0.31527287

    Collisions [rank 5]              = 1269
    Collision candidates           = 3198
    Collision acceptance rate      = 0.3968105066

    Collisions [rank 3]              = 1110
    Collision candidates           = 2968
    Collision acceptance rate      = 0.3739892183


Phase C auto DLB triggered (threshold) at step 320: sar=-0.0424629623 loadImbalance=1.766427217 threshold=1.5

Phase C auto DLB triggered (threshold) at step 320: sar=-0.04246113315 loadImbalance=1.766427217 threshold=1.5

Phase C auto DLB triggered (threshold) at step 320: sar=-0.0424630638 loadImbalance=1.766427217 threshold=1.5

Phase C auto DLB triggered (threshold) at step 320: sar=-0.04246109045 loadImbalance=1.766427217 threshold=1.5

Phase C auto DLB triggered (threshold) at step 320: sar=-0.0424634222 loadImbalance=1.766427217 threshold=1.5

Phase C auto DLB triggered (threshold) at step 320: sar=-0.042461186 loadImbalance=1.766427217 threshold=1.5

Phase C auto DLB triggered (threshold) at step 320: sar=-0.0424634836 loadImbalance=1.766427217 threshold=1.5

Phase C auto DLB triggered (threshold) at step 320: sar=-0.0424605074 loadImbalance=1.766427217 threshold=1.5
Phase C ParMETIS: alpha=0.8 ncon=2 ubvec=[1.049999952,1.5] moveRatio=0.8190789976 (moveT=27.96939976s, collT=6.177977774s)
Phase C ParMETIS: AdaptiveRepart (104151 cells, 2 constraints, collScale=31.50708642, ubvec=1.049999952)
Phase C ParMETIS: alpha=0.8 ncon=2 ubvec=[1.049999952,1.5] moveRatio=0.8235981042 (moveT=26.95859704s, collT=5.774111912s)
Phase C ParMETIS: alpha=0.8 ncon=2 ubvec=[1.049999952,1.5] moveRatio=0.8262890557 (moveT=Phase C ParMETIS: alpha=0.8 ncon=2 ubvec=[1.049999952,1.5] moveRatio=0.8282501644 (moveT=25.69649861s, collT=5.328546375s)
Phase C ParMETIS: AdaptiveRepart (104151 cells, 2 constraints, collScale=27.83592573, ubvec=1.049999952)
Phase C ParMETIS: AdaptiveRepart (104151 cells, 2 constraints, collScale=31.14218297, ubvec=1.049999952)
Phase C ParMETIS: alpha=0.8 ncon=2 ubvec=[1.049999952,1.5] moveRatio=0.801214332 (moveT=28.85695304s, collT=7.159568243s)
Phase C ParMETIS: AdaptiveRepart (104151 cells, 2 constraints, collScale=12.33237939, ubvec=1.049999952)
27.15010367s, collT=5.707772739s)
Phase C ParMETIS: AdaptiveRepart (104151 cells, 2 constraints, collScale=29.47301065, ubvec=1.049999952)
Phase C ParMETIS: alpha=0.8 ncon=2 ubvec=[1.049999952,1.5] moveRatio=0.8314789969 (moveT=28.35384311s, collT=5.746649165s)Phase C ParMETIS: alpha=0.8 ncon=2 ubvec=[1.049999952,1.5] moveRatio=0.8159324203 (moveT=25.89717305s, collT=5.842187228s)
Phase C ParMETIS: AdaptiveRepart (104151 cells, 2 constraints, collScale=30.32286624, ubvec=1.049999952)
Phase C ParMETIS: alpha=0.8 ncon=2 ubvec=[1.049999952,1.5] moveRatio=0.8150612102 (moveT=28.85062618s, collT=6.546256678s)
Phase C ParMETIS: AdaptiveRepart (104151 cells, 2 constraints, collScale=2.417097471, ubvec=1.049999952)

Phase C ParMETIS: AdaptiveRepart (104151 cells, 2 constraints, collScale=28.77508704, ubvec=1.049999952)
Replicated mesh: rank 0 owns 15210 / 104151 cells
Replicated mesh: rank 1 owns 12226 / 104151 cells
Replicated mesh: rank 5 owns 13630 / 104151 cells
Replicated mesh: rank 6 owns 14982 / 104151 cells
Replicated mesh: rank 2 owns 11454 / 104151 cells
Replicated mesh: rank 3 owns 13176 / 104151 cells
Replicated mesh: rank 4 owns 14480 / 104151 cells
Replicated mesh: rank 7 owns 8993 / 104151 cells
Local mesh: 14982 owned + 316 halo = 15298 / 104151 cells
Phase C ParMETIS AdaptiveRepart: 87581 / 104151 cells changed (0.840904072)
Local mesh: 12226 owned + 355 halo = 12581 / 104151 cells
Phase C ParMETIS AdaptiveRepart: 87581 / 104151 cells changed (0.840904072)
Local mesh: 13630 owned + 412 halo = 14042 / 104151 cells
Phase C ParMETIS AdaptiveRepart: 87581 / 104151 cells changed (0.840904072)
Local mesh: 15210 owned + 366 halo = 15576 / 104151 cells
Phase C ParMETIS AdaptiveRepart: 87581 / 104151 cells changed (0.840904072)
Local mesh: 11454 owned + 221 halo = 11675 / 104151 cellsLocal mesh: 8993 owned + 315 halo = 9308 / 104151 cells
Phase C ParMETIS AdaptiveRepart: 87581 / 104151 cells changed (0.840904072)

Phase C ParMETIS AdaptiveRepart: 87581 / 104151 cells changed (0.840904072)
Local mesh: 13176 owned + 433 halo = 13609 / 104151 cells
Phase C ParMETIS AdaptiveRepart: 87581 / 104151 cells changed (0.840904072)
Local mesh: 14480 owned + 446 halo = 14926 / 104151 cells
Phase C ParMETIS AdaptiveRepart: 87581 / 104151 cells changed (0.840904072)
Replicated mesh migration[38]: rank 0 sent 310082 parcels, received 440384 (global 2024204) wall 0.160773831s [pack 0.017067263s MPI 0.083042236s deser 0.000350355s]
Replicated mesh migration[38]: rank 1 sent 185106 parcels, received 287752 (global 2024204) wall 0.160921611s [pack 0.021915496s MPI 0.053669183s deser 0.056839736s]
Replicated mesh migration[38]: rank 2 sent 304700 parcels, received 233205 (global 2024204) wall 0.160647597s [pack 0.028154106s MPI 0.042375734s deser 0.052627163s]
Replicated mesh migration[38]: rank 3 sent 355854 parcels, received 324164 (global 2024204) wall 0.160552212s [pack 0.024586496s MPI 0.07577883s deser 0.021194579s]
Replicated mesh migration[38]: rank 4 sent 184670 parcels, received 154260 (global 2024204) wall 0.160399548s [pack 0.023968438s MPI 0.071467313s deser 0.033202469s]
Replicated mesh migration[38]: rank 5 sent 333606 parcels, received 342830 (global 2024204) wall 0.160870139s [pack 0.031277467s MPI 0.084023271s deser 0.008706213s]
Replicated mesh migration[38]: rank 6 sent 230357 parcels, received 236472 (global 2024204) wall 0.160946174s [pack 0.027880966s MPI 0.045538155s deser 0.05716921s]
Replicated mesh migration[38]: rank 7 sent 119829 parcels, received 5137 (global 2024204) wall 0.160651257s [pack 0.01453884s MPI 0.042509776s deser 0.071867817s]
Phase C auto DLB complete: rebalance #5

Phase C auto DLB complete: rebalance #5

Phase C auto DLB complete: rebalance #5

Phase C auto DLB complete: rebalance #5

Phase C auto DLB complete: rebalance #5

Phase C auto DLB complete: rebalance #5

Phase C auto DLB complete: rebalance #5

Phase C auto DLB complete: rebalance #5

Written cellOwner field at time 3.2e-05
Cloud name: dsmc [rank 7]
    Number of dsmc particles        = 145790
    Number of molecules             = 7.2895e+16
    Mass in system                  = 3.49139007e-09
    Average linear kinetic energy   = 7.995221373e-19
    Average rotational energy       = 3.71065505e-20
    Average vibrational energy      = 2.693924701e-20
    Average electronic energy       = 0
    Average total energy            = 8.635679348e-19
ExecutionTime = 72.53 s  ClockTime = 74 s

Cloud name: dsmc [rank 2]
    Number of dsmc particles        = 233205
    Number of molecules             = 1.166025e+17
    Mass in system                  = 5.58481198e-09
    Average linear kinetic energy   = 1.060140495e-18
    Average rotational energy       = 9.621721825e-21
    Average vibrational energy      = 2.287201012e-20
    Average electronic energy       = 0
    Average total energy            = 1.092634227e-18
ExecutionTime = 72.55 s  ClockTime = 74 s

Cloud name: dsmc [rank 5]
    Number of dsmc particles        = 342830
    Number of molecules             = 1.71415e+17
    Mass in system                  = 8.21275519e-09
    Average linear kinetic energy   = 9.291741774e-19
    Average rotational energy       = 2.476188614e-20
    Average vibrational energy      = 2.564459222e-20
    Average electronic energy       = 0
    Average total energy            = 9.795806558e-19
ExecutionTime = 72.51 s  ClockTime = 74 s

Cloud name: dsmc [rank 6]
    Number of dsmc particles        = 236472
    Number of molecules             = 1.18236e+17
    Mass in system                  = 5.66342104e-09
    Average linear kinetic energy   = 1.003276792e-18
    Average rotational energy       = 1.427900944e-20
    Average vibrational energy      = 2.319797075e-20
    Average electronic energy       = 0
    Average total energy            = 1.040753772e-18
ExecutionTime = 72.55 s  ClockTime = 74 s

Cloud name: dsmc [rank 3]
    Number of dsmc particles        = 324164
    Number of molecules             = 1.62082e+17
    Mass in system                  = 7.76339243e-09
    Average linear kinetic energy   = 1.11428427e-18
    Average rotational energy       = 2.848324759e-21
    Average vibrational energy      = 2.167596741e-20
    Average electronic energy       = 0
    Average total energy            = 1.138808562e-18
ExecutionTime = 72.54 s  ClockTime = 74 s

Cloud name: dsmc [rank 1]
    Number of dsmc particles        = 302340
    Number of molecules             = 1.5117e+17
    Mass in system                  = 7.2418077e-09
    Average linear kinetic energy   = 1.115680751e-18
    Average rotational energy       = 2.585745665e-21
    Average vibrational energy      = 2.163718362e-20
    Average electronic energy       = 0
    Average total energy            = 1.13990368e-18
ExecutionTime = 72.51 s  ClockTime = 74 s

Cloud name: dsmc [rank 4]
    Number of dsmc particles        = 253071
    Number of molecules             = 1.265355e+17
    Mass in system                  = 6.06202178e-09
    Average linear kinetic energy   = 8.133557456e-19
    Average rotational energy       = 3.794211464e-20
    Average vibrational energy      = 2.785261873e-20
    Average electronic energy       = 0
    Average total energy            = 8.791504789e-19
ExecutionTime = 72.51 s  ClockTime = 74 s

Cloud name: dsmc [rank 0]
    Number of dsmc particles        = 482350
    Number of molecules             = 2.41175e+17
    Mass in system                  = 1.155327698e-08
    Average linear kinetic energy   = 1.115694498e-18
    Average rotational energy       = 2.586436868e-21
    Average vibrational energy      = 2.163872136e-20
    Average electronic energy       = 0
    Average total energy            = 1.139919657e-18
ExecutionTime = 72.54 s  ClockTime = 74 s

ExecutionTime = 72.73 s  ClockTime = 74 s

ExecutionTime = 72.73 s  ClockTime = 74 s

ExecutionTime = 72.72 s  ClockTime = 74 s

ExecutionTime = 72.72 s  ClockTime = 74 s

ExecutionTime = 72.69 s  ClockTime = 74 s

ExecutionTime = 72.71 s  ClockTime = 74 s

ExecutionTime = 72.75 s  ClockTime = 74 s

ExecutionTime = 72.74 s  ClockTime = 74 s

ExecutionTime = 72.84 s  ClockTime = 74 s

ExecutionTime = 72.86 s  ClockTime = 74 s

ExecutionTime = 72.89 s  ClockTime = 74 s

ExecutionTime = 72.85 s  ClockTime = 74 s

ExecutionTime = 72.9 s  ClockTime = 74 s

ExecutionTime = 72.91 s  ClockTime = 74 s

ExecutionTime = 72.97 s  ClockTime = 74 s

ExecutionTime = 72.99 s  ClockTime = 74 s

ExecutionTime = 72.95 s  ClockTime = 74 s

ExecutionTime = 73.01 s  ClockTime = 74 s

ExecutionTime = 73.07 s  ClockTime = 74 s

ExecutionTime = 73.06 s  ClockTime = 74 s

ExecutionTime = 73.04 s  ClockTime = 74 s

ExecutionTime = 73.1 s  ClockTime = 74 s

ExecutionTime = 73.12 s  ClockTime = 74 s

ExecutionTime = 73.1 s  ClockTime = 74 s

ExecutionTime = 73.17 s  ClockTime = 74 s

ExecutionTime = 73.22 s  ClockTime = 74 s

ExecutionTime = 73.21 s  ClockTime = 74 s

ExecutionTime = 73.23 s  ClockTime = 74 s

ExecutionTime = 73.26 s  ClockTime = 74 s

ExecutionTime = 73.21 s  ClockTime = 74 s

ExecutionTime = 73.27 s  ClockTime = 74 s

ExecutionTime = 73.33 s  ClockTime = 75 s

ExecutionTime = 73.36 s  ClockTime = 75 s

ExecutionTime = 73.32 s  ClockTime = 75 s

ExecutionTime = 73.4 s  ClockTime = 75 s

ExecutionTime = 73.37 s  ClockTime = 75 s

ExecutionTime = 73.36 s  ClockTime = 75 s

ExecutionTime = 73.41 s  ClockTime = 75 s

ExecutionTime = 73.46 s  ClockTime = 75 s

ExecutionTime = 73.5 s  ClockTime = 75 s

ExecutionTime = 73.5 s  ClockTime = 75 s

ExecutionTime = 73.56 s  ClockTime = 75 s

ExecutionTime = 73.55 s  ClockTime = 75 s

ExecutionTime = 73.54 s  ClockTime = 75 s

ExecutionTime = 73.58 s  ClockTime = 75 s

ExecutionTime = 73.59 s  ClockTime = 75 s

ExecutionTime = 73.59 s  ClockTime = 75 s

ExecutionTime = 73.64 s  ClockTime = 75 s

ExecutionTime = 73.65 s  ClockTime = 75 s

ExecutionTime = 73.71 s  ClockTime = 75 s

Time = 3.3e-05

ExecutionTime = 73.72 s  ClockTime = 75 s

ExecutionTime = 73.76 s  ClockTime = 75 s

Time = 3.3e-05

ExecutionTime = 73.75 s  ClockTime = 75 s

ExecutionTime = 73.74 s  ClockTime = 75 s

    Collisions [rank 7]              = 3258
    Collision candidates           = 5962
    Collision acceptance rate      = 0.5464609192

ExecutionTime = 73.8 s  ClockTime = 75 s

ExecutionTime = 73.79 s  ClockTime = 75 s

    Collisions [rank 2]              = 1942
    Collision candidates           = 4358
    Collision acceptance rate      = 0.4456172556

ExecutionTime = 73.81 s  ClockTime = 75 s

ExecutionTime = 73.88 s  ClockTime = 75 s

ExecutionTime = 73.91 s  ClockTime = 75 s

ExecutionTime = 73.93 s  ClockTime = 75 s

ExecutionTime = 73.96 s  ClockTime = 75 s

Time = 3.3e-05

ExecutionTime = 74.02 s  ClockTime = 75 s

Time = 3.3e-05

ExecutionTime = 74 s  ClockTime = 75 s

ExecutionTime = 74.04 s  ClockTime = 75 s

ExecutionTime = 74.07 s  ClockTime = 75 s

Time = 3.3e-05

    Collisions [rank 1]              = 659
    Collision candidates           = 2161
    Collision acceptance rate      = 0.3049514114

    Collisions [rank 6]              = 1412
    Collision candidates           = 2833
    Collision acceptance rate      = 0.4984115778

ExecutionTime = 74.13 s  ClockTime = 75 s

    Collisions [rank 3]              = 706
    Collision candidates           = 2288
    Collision acceptance rate      = 0.3085664336

ExecutionTime = 74.17 s  ClockTime = 75 s

ExecutionTime = 74.26 s  ClockTime = 75 s

ExecutionTime = 74.27 s  ClockTime = 76 s

Time = 3.3e-05

ExecutionTime = 74.35 s  ClockTime = 76 s

Time = 3.3e-05

    Collisions [rank 4]              = 7890
    Collision candidates           = 14910
    Collision acceptance rate      = 0.5291750503

ExecutionTime = 74.43 s  ClockTime = 76 s

    Collisions [rank 5]              = 8309
    Collision candidates           = 15217
    Collision acceptance rate      = 0.5460340409

ExecutionTime = 74.62 s  ClockTime = 76 s

Time = 3.3e-05

    Collisions [rank 0]              = 1055
    Collision candidates           = 3485
    Collision acceptance rate      = 0.3027259684

Cloud name: dsmc [rank 7]
    Number of dsmc particles        = 146338
    Number of molecules             = 7.3169e+16
    Mass in system                  = 3.50454151e-09
    Average linear kinetic energy   = 7.92693875e-19
    Average rotational energy       = 3.853297455e-20
    Average vibrational energy      = 2.724403776e-20
    Average electronic energy       = 0
    Average total energy            = 8.584708873e-19
ExecutionTime = 74.79 s  ClockTime = 76 s

Cloud name: dsmc [rank 2]
    Number of dsmc particles        = 237004
    Number of molecules             = 1.18502e+17
    Mass in system                  = 5.67582976e-09
    Average linear kinetic energy   = 1.059584602e-18
    Average rotational energy       = 9.928859143e-21
    Average vibrational energy      = 2.295755316e-20
    Average electronic energy       = 0
    Average total energy            = 1.092471015e-18
ExecutionTime = 74.81 s  ClockTime = 76 s

Cloud name: dsmc [rank 5]
    Number of dsmc particles        = 339884
    Number of molecules             = 1.69942e+17
    Mass in system                  = 8.14239716e-09
    Average linear kinetic energy   = 9.222775563e-19
    Average rotational energy       = 2.582746442e-20
    Average vibrational energy      = 2.590795912e-20
    Average electronic energy       = 0
    Average total energy            = 9.740129798e-19
ExecutionTime = 74.77 s  ClockTime = 76 s

Cloud name: dsmc [rank 6]
    Number of dsmc particles        = 233760
    Number of molecules             = 1.1688e+17
    Mass in system                  = 5.59837442e-09
    Average linear kinetic energy   = 9.994669683e-19
    Average rotational energy       = 1.491598038e-20
    Average vibrational energy      = 2.328189876e-20
    Average electronic energy       = 0
    Average total energy            = 1.037664847e-18
ExecutionTime = 74.81 s  ClockTime = 76 s

Cloud name: dsmc [rank 3]
    Number of dsmc particles        = 325870
    Number of molecules             = 1.62935e+17
    Mass in system                  = 7.8042386e-09
    Average linear kinetic energy   = 1.114272087e-18
    Average rotational energy       = 2.876951475e-21
    Average vibrational energy      = 2.167736334e-20
    Average electronic energy       = 0
    Average total energy            = 1.138826402e-18
ExecutionTime = 74.8 s  ClockTime = 76 s

Cloud name: dsmc [rank 1]
    Number of dsmc particles        = 307726
    Number of molecules             = 1.53863e+17
    Mass in system                  = 7.37070299e-09
    Average linear kinetic energy   = 1.115704645e-18
    Average rotational energy       = 2.585077761e-21
    Average vibrational energy      = Cloud name: dsmc [rank 4]
    Number of dsmc particles        = 252401
    Number of molecules             = 1.262005e+17
    Mass in system                  = 6.04594447e-09
    Average linear kinetic energy   = 8.041003448e-19
    Average rotational energy       = 4.008174694e-20
    Average vibrational energy      = 2.82927172e-20
    Average electronic energy       = 0
    Average total energy            = 8.72474809e-19
ExecutionTime = 74.77 s  ClockTime = 76 s

2.163803778e-20
    Average electronic energy       = 0
    Average total energy            = 1.139927761e-18
ExecutionTime = 74.77 s  ClockTime = 76 s

Cloud name: dsmc [rank 0]
    Number of dsmc particles        = 485365
    Number of molecules             = 2.426825e+17
    Mass in system                  = 1.162545772e-08
    Average linear kinetic energy   = 1.115700752e-18
    Average rotational energy       = 2.585199471e-21
    Average vibrational energy      = 2.163888494e-20
    Average electronic energy       = 0
    Average total energy            = 1.139924836e-18
ExecutionTime = 74.8 s  ClockTime = 76 s

ExecutionTime = 75.04 s  ClockTime = 76 s

ExecutionTime = 75.06 s  ClockTime = 76 s

ExecutionTime = 75.04 s  ClockTime = 76 s

ExecutionTime = 75 s  ClockTime = 76 s

ExecutionTime = 75.04 s  ClockTime = 76 s

ExecutionTime = 75.05 s  ClockTime = 76 s

ExecutionTime = 75.03 s  ClockTime = 76 s

ExecutionTime = 75.05 s  ClockTime = 76 s

ExecutionTime = 75.16 s  ClockTime = 76 s

ExecutionTime = 75.18 s  ClockTime = 76 s

ExecutionTime = 75.23 s  ClockTime = 76 s

ExecutionTime = 75.21 s  ClockTime = 76 s

ExecutionTime = 75.19 s  ClockTime = 76 s

ExecutionTime = 75.23 s  ClockTime = 77 s

ExecutionTime = 75.26 s  ClockTime = 77 s

ExecutionTime = 75.3 s  ClockTime = 77 s

ExecutionTime = 75.3 s  ClockTime = 77 s

ExecutionTime = 75.34 s  ClockTime = 77 s

ExecutionTime = 75.34 s  ClockTime = 77 s

ExecutionTime = 75.41 s  ClockTime = 77 s

ExecutionTime = 75.4 s  ClockTime = 77 s

ExecutionTime = 75.41 s  ClockTime = 77 s

ExecutionTime = 75.46 s  ClockTime = 77 s

ExecutionTime = 75.45 s  ClockTime = 77 s

ExecutionTime = 75.47 s  ClockTime = 77 s

ExecutionTime = 75.53 s  ClockTime = 77 s

ExecutionTime = 75.51 s  ClockTime = 77 s

ExecutionTime = 75.61 s  ClockTime = 77 s

ExecutionTime = 75.58 s  ClockTime = 77 s

ExecutionTime = 75.59 s  ClockTime = 77 s

ExecutionTime = 75.61 s  ClockTime = 77 s

ExecutionTime = 75.66 s  ClockTime = 77 s

ExecutionTime = 75.66 s  ClockTime = 77 s

ExecutionTime = 75.7 s  ClockTime = 77 s

ExecutionTime = 75.75 s  ClockTime = 77 s

ExecutionTime = 75.7 s  ClockTime = 77 s

ExecutionTime = 75.79 s  ClockTime = 77 s

ExecutionTime = 75.78 s  ClockTime = 77 s

ExecutionTime = 75.79 s  ClockTime = 77 s

ExecutionTime = 75.83 s  ClockTime = 77 s

ExecutionTime = 75.88 s  ClockTime = 77 s

ExecutionTime = 75.89 s  ClockTime = 77 s

ExecutionTime = 75.93 s  ClockTime = 77 s

ExecutionTime = 75.89 s  ClockTime = 77 s

ExecutionTime = 75.95 s  ClockTime = 77 s

ExecutionTime = 75.93 s  ClockTime = 77 s

ExecutionTime = 75.97 s  ClockTime = 77 s

ExecutionTime = 76.01 s  ClockTime = 77 s

ExecutionTime = 76.04 s  ClockTime = 77 s

Time = 3.4e-05

ExecutionTime = 76.03 s  ClockTime = 77 s

ExecutionTime = 76.1 s  ClockTime = 77 s

ExecutionTime = 76.1 s  ClockTime = 77 s

ExecutionTime = 76.08 s  ClockTime = 77 s

ExecutionTime = 76.14 s  ClockTime = 77 s

Time = 3.4e-05

    Collisions [rank 7]              = 3338
    Collision candidates           = 6164
    Collision acceptance rate      = 0.5415314731

ExecutionTime = 76.12 s  ClockTime = 77 s

ExecutionTime = 76.17 s  ClockTime = 78 s

    Collisions [rank 2]              = 1975
    Collision candidates           = 4488
    Collision acceptance rate      = 0.4400623886

ExecutionTime = 76.18 s  ClockTime = 78 s

ExecutionTime = 76.27 s  ClockTime = 78 s

ExecutionTime = 76.26 s  ClockTime = 78 s

ExecutionTime = 76.32 s  ClockTime = 78 s

ExecutionTime = 76.34 s  ClockTime = 78 s

ExecutionTime = 76.34 s  ClockTime = 78 s

ExecutionTime = 76.35 s  ClockTime = 78 s

Time = 3.4e-05

ExecutionTime = 76.42 s  ClockTime = 78 s

Time = 3.4e-05

ExecutionTime = 76.43 s  ClockTime = 78 s

    Collisions [rank 1]              = 692
    Collision candidates           = 2225
    Collision acceptance rate      = 0.311011236

    Collisions [rank 6]              = 1444
    Collision candidates           = 2906
    Collision acceptance rate      = 0.4969029594

ExecutionTime = 76.49 s  ClockTime = 78 s

Time = 3.4e-05

ExecutionTime = 76.52 s  ClockTime = 78 s

ExecutionTime = 76.55 s  ClockTime = 78 s

    Collisions [rank 3]              = 732
    Collision candidates           = 2289
    Collision acceptance rate      = 0.3197903014

ExecutionTime = 76.59 s  ClockTime = 78 s

Time = 3.4e-05

ExecutionTime = 76.68 s  ClockTime = 78 s

Time = 3.4e-05

ExecutionTime = 76.74 s  ClockTime = 78 s

    Collisions [rank 4]              = 7959
    Collision candidates           = 15427
    Collision acceptance rate      = 0.5159136579

    Collisions [rank 5]              = 8355
    Collision candidates           = 16176
    Collision acceptance rate      = 0.5165059347

ExecutionTime = 76.92 s  ClockTime = 78 s

Time = 3.4e-05

    Collisions [rank 0]              = 1065
    Collision candidates           = 3497
    Collision acceptance rate      = 0.3045467544

Cloud name: dsmc [rank 7]
    Number of dsmc particles        = 148119
    Number of molecules             = 7.40595e+16
    Mass in system                  = 3.54714798e-09
    Average linear kinetic energy   = 7.887481471e-19
    Average rotational energy       = 3.999601461e-20
    Average vibrational energy      = 2.750701203e-20
    Average electronic energy       = 0
    Average total energy            = 8.562511737e-19
ExecutionTime = 77.1 s  ClockTime = 79 s

Cloud name: dsmc [rank 2]
    Number of dsmc particles        = 237483
    Number of molecules             = 1.187415e+17
    Mass in system                  = 5.68738688e-09
    Average linear kinetic energy   = 1.058185478e-18
    Average rotational energy       = 1.032794721e-20
    Average vibrational energy      = 2.303000179e-20
    Average electronic energy       = 0
    Average total energy            = 1.091543427e-18
ExecutionTime = 77.12 s  ClockTime = 79 s

Cloud name: dsmc [rank 6]
    Number of dsmc particles        = 234955
    Number of molecules             = 1.174775e+17
    Mass in system                  = 5.62711476e-09
    Average linear kinetic energy   = 9.969973067e-19
    Average rotational energy       = 1.551936402e-20
    Average vibrational energy      = 2.335709729e-20
    Average electronic energy       = 0
    Average total energy            = 1.035873768e-18
ExecutionTime = 77.12 s  ClockTime = 79 s

Cloud name: dsmc [rank 5]
    Number of dsmc particles        = 341699
    Number of molecules             = 1.708495e+17
    Mass in system                  = 8.18566504e-09
    Average linear kinetic energy   = 9.18263453e-19
    Average rotational energy       = 2.683449403e-20
    Average vibrational energy      = 2.617340181e-20
    Average electronic energy       = 0
    Average total energy            = 9.712713489e-19
ExecutionTime = 77.09 s  ClockTime = 79 s

Cloud name: dsmc [rank 1]
    Number of dsmc particles        = 307781
    Number of molecules             = 1.538905e+17
    Mass in system                  = 7.37223992e-09
    Average linear kinetic energy   = 1.115750167e-18
    Average rotational energy       = 2.585543119e-21
    Average vibrational energy      = 2.163637891e-20
    Average electronic energy       = 0
    Average total energy            = 1.139972089e-18
ExecutionTime = 77.08 s  ClockTime = 79 s

Cloud name: dsmc [rank 3]
    Number of dsmc particles        = 325836
    Number of molecules             = 1.62918e+17
    Mass in system                  = 7.80352092e-09
    Average linear kinetic energy   = 1.114178421e-18
    Average rotational energy       = 2.905244715e-21
    Average vibrational energy      = 2.16780596e-20
    Average electronic energy       = 0
    Average total energy            = 1.138761726e-18
ExecutionTime = 77.1 s  ClockTime = 79 s

Cloud name: dsmc [rank 4]
    Number of dsmc particles        = 255142
    Number of molecules             = 1.27571e+17
    Mass in system                  = 6.11155611e-09
    Average linear kinetic energy   = 7.993163202e-19
    Average rotational energy       = 4.146037071e-20
    Average vibrational energy      = 2.863107748e-20
    Average electronic energy       = 0
    Average total energy            = 8.694077684e-19
ExecutionTime = 77.07 s  ClockTime = 79 s

Cloud name: dsmc [rank 0]
    Number of dsmc particles        = 485494
    Number of molecules             = 2.42747e+17
    Mass in system                  = 1.162837753e-08
    Average linear kinetic energy   = 1.115696262e-18
    Average rotational energy       = 2.587697422e-21
    Average vibrational energy      = 2.163969907e-20
    Average electronic energy       = 0
    Average total energy            = 1.139923658e-18
ExecutionTime = 77.1 s  ClockTime = 79 s

ExecutionTime = 77.34 s  ClockTime = 79 s

ExecutionTime = 77.34 s  ClockTime = 79 s

ExecutionTime = 77.34 s  ClockTime = 79 s

ExecutionTime = 77.34 s  ClockTime = 79 s

ExecutionTime = 77.31 s  ClockTime = 79 s

ExecutionTime = 77.36 s  ClockTime = 79 s

ExecutionTime = 77.33 s  ClockTime = 79 s

ExecutionTime = 77.35 s  ClockTime = 79 s

ExecutionTime = 77.45 s  ClockTime = 79 s

ExecutionTime = 77.49 s  ClockTime = 79 s

ExecutionTime = 77.51 s  ClockTime = 79 s

ExecutionTime = 77.48 s  ClockTime = 79 s

ExecutionTime = 77.52 s  ClockTime = 79 s

ExecutionTime = 77.53 s  ClockTime = 79 s

ExecutionTime = 77.55 s  ClockTime = 79 s

ExecutionTime = 77.59 s  ClockTime = 79 s

ExecutionTime = 77.63 s  ClockTime = 79 s

ExecutionTime = 77.63 s  ClockTime = 79 s

ExecutionTime = 77.67 s  ClockTime = 79 s

ExecutionTime = 77.65 s  ClockTime = 79 s

ExecutionTime = 77.72 s  ClockTime = 79 s

ExecutionTime = 77.73 s  ClockTime = 79 s

ExecutionTime = 77.76 s  ClockTime = 79 s

ExecutionTime = 77.74 s  ClockTime = 79 s

ExecutionTime = 77.83 s  ClockTime = 79 s

ExecutionTime = 77.79 s  ClockTime = 79 s

ExecutionTime = 77.84 s  ClockTime = 79 s

ExecutionTime = 77.88 s  ClockTime = 79 s

ExecutionTime = 77.84 s  ClockTime = 79 s

ExecutionTime = 77.9 s  ClockTime = 79 s

ExecutionTime = 77.93 s  ClockTime = 79 s

ExecutionTime = 77.98 s  ClockTime = 79 s

ExecutionTime = 77.99 s  ClockTime = 79 s

ExecutionTime = 78.01 s  ClockTime = 79 s

ExecutionTime = 77.97 s  ClockTime = 79 s

ExecutionTime = 78.01 s  ClockTime = 80 s

ExecutionTime = 78.02 s  ClockTime = 80 s

ExecutionTime = 78.09 s  ClockTime = 80 s

ExecutionTime = 78.11 s  ClockTime = 80 s

ExecutionTime = 78.14 s  ClockTime = 80 s

ExecutionTime = 78.15 s  ClockTime = 80 s

ExecutionTime = 78.17 s  ClockTime = 80 s

ExecutionTime = 78.2 s  ClockTime = 80 s

ExecutionTime = 78.18 s  ClockTime = 80 s

ExecutionTime = 78.2 s  ClockTime = 80 s

ExecutionTime = 78.22 s  ClockTime = 80 s

ExecutionTime = 78.28 s  ClockTime = 80 s

ExecutionTime = 78.31 s  ClockTime = 80 s

ExecutionTime = 78.3 s  ClockTime = 80 s

ExecutionTime = 78.33 s  ClockTime = 80 s

Time = 3.5e-05

ExecutionTime = 78.41 s  ClockTime = 80 s

Time = 3.5e-05

    Collisions [rank 7]              = 3354
    Collision candidates           = 6295
    Collision acceptance rate      = 0.5328038125

ExecutionTime = 78.41 s  ClockTime = 80 s

ExecutionTime = 78.38 s  ClockTime = 80 s

ExecutionTime = 78.39 s  ClockTime = 80 s

ExecutionTime = 78.42 s  ClockTime = 80 s

ExecutionTime = 78.47 s  ClockTime = 80 s

    Collisions [rank 2]              = 2056
    Collision candidates           = 4548
    Collision acceptance rate      = 0.4520668426

ExecutionTime = 78.5 s  ClockTime = 80 s

ExecutionTime = 78.53 s  ClockTime = 80 s

ExecutionTime = 78.64 s  ClockTime = 80 s

Time = 3.5e-05

ExecutionTime = 78.63 s  ClockTime = 80 s

ExecutionTime = 78.59 s  ClockTime = 80 s

ExecutionTime = 78.63 s  ClockTime = 80 s

ExecutionTime = 78.66 s  ClockTime = 80 s

    Collisions [rank 6]              = 1556
    Collision candidates           = 2991
    Collision acceptance rate      = 0.5202273487

ExecutionTime = 78.7 s  ClockTime = 80 s

Time = 3.5e-05

ExecutionTime = 78.78 s  ClockTime = 80 s

Time = 3.5e-05

ExecutionTime = 78.78 s  ClockTime = 80 s

    Collisions [rank 1]              = 704
    Collision candidates           = 2167
    Collision acceptance rate      = 0.3248730964

ExecutionTime = 78.83 s  ClockTime = 80 s

ExecutionTime = 78.88 s  ClockTime = 80 s

    Collisions [rank 3]              = 747
    Collision candidates           = 2375
    Collision acceptance rate      = 0.3145263158

ExecutionTime = 78.95 s  ClockTime = 81 s

Time = 3.5e-05

ExecutionTime = 79.01 s  ClockTime = 81 s

Time = 3.5e-05

ExecutionTime = 79.08 s  ClockTime = 81 s

    Collisions [rank 4]              = 8419
    Collision candidates           = 16108
    Collision acceptance rate      = 0.5226595481

    Collisions [rank 5]              = 8601
    Collision candidates           = 16915
    Collision acceptance rate      = 0.5084835944

ExecutionTime = 79.27 s  ClockTime = 81 s

Time = 3.5e-05

    Collisions [rank 0]              = 1116
    Collision candidates           = 3476
    Collision acceptance rate      = 0.3210586881

Cloud name: dsmc [rank 7]
    Number of dsmc particles        = 149844
    Number of molecules             = 7.4922e+16
    Mass in system                  = 3.58853189e-09
    Average linear kinetic energy   = 7.849505194e-19
    Average rotational energy       = 4.130718882e-20
    Average vibrational energy      = 2.776179944e-20
    Average electronic energy       = 0
    Average total energy            = 8.540195077e-19
ExecutionTime = 79.48 s  ClockTime = 81 s

Cloud name: dsmc [rank 2]
    Number of dsmc particles        = 237990
    Number of molecules             = 1.18995e+17
    Mass in system                  = 5.69953542e-09
    Average linear kinetic energy   = 1.056815666e-18
    Average rotational energy       = 1.064428883e-20
    Average vibrational energy      = 2.31159869e-20
    Average electronic energy       = 0
    Average total energy            = 1.090575942e-18
ExecutionTime = 79.5 s  ClockTime = 81 s

Cloud name: dsmc [rank 6]
    Number of dsmc particles        = 236356
    Number of molecules             = 1.18178e+17
    Mass in system                  = 5.66032022e-09
    Average linear kinetic energy   = 9.944223111e-19
    Average rotational energy       = 1.605508402e-20
    Average vibrational energy      = 2.346139358e-20
    Average electronic energy       = 0
    Average total energy            = 1.033938789e-18
ExecutionTime = 79.5 s  ClockTime = 81 s

Cloud name: dsmc [rank 5]
    Number of dsmc particles        = 343624
    Number of molecules             = 1.71812e+17
    Mass in system                  = 8.23188762e-09
    Average linear kinetic energy   = 9.145146522e-19
    Average rotational energy       = 2.802046903e-20
    Average vibrational energy      = 2.642717809e-20
    Average electronic energy       = 0
    Average total energy            = 9.689622993e-19
ExecutionTime = 79.46 s  ClockTime = 81 s

Cloud name: dsmc [rank 3]
    Number of dsmc particles        = 325934
    Number of molecules             = 1.62967e+17
    Mass in system                  = 7.80591196e-09
    Average linear kinetic energy   = 1.114022297e-18
    Average rotational energy       = 2.991006061e-21
    Average vibrational energy      = 2.168726222e-20
    Average electronic energy       = 0
    Average total energy            = 1.138700565e-18
ExecutionTime = 79.48 s  ClockTime = 81 s

Cloud name: dsmc [rank 4]
    Number of dsmc particles        = 257617
    Number of molecules             = 1.288085e+17
    Mass in system                  = 6.17074162e-09
    Average linear kinetic energy   = 7.944632179e-19
    Average rotational energy       = 4.305350752e-20
    Average vibrational energy      = 2.8968249e-20
    Average electronic energy       = 0
    Average total energy            = 8.664849744e-19
ExecutionTime = 79.45 s  ClockTime = 81 s

Cloud name: dsmc [rank 1]
    Number of dsmc particles        = 307629
    Number of molecules             = 1.538145e+17
    Mass in system                  = 7.36854704e-09
    Average linear kinetic energy   = 1.115745769e-18
    Average rotational energy       = 2.585620157e-21
    Average vibrational energy      = 2.163677231e-20
    Average electronic energy       = 0
    Average total energy            = 1.139968162e-18
ExecutionTime = 79.45 s  ClockTime = 81 s

Cloud name: dsmc [rank 0]
    Number of dsmc particles        = 485572
    Number of molecules             = 2.42786e+17
    Mass in system                  = 1.163027709e-08
    Average linear kinetic energy   = 1.115682619e-18
    Average rotational energy       = 2.589167716e-21
    Average vibrational energy      = 2.164069914e-20
    Average electronic energy       = 0
    Average total energy            = 1.139912486e-18
ExecutionTime = 79.48 s  ClockTime = 81 s

ExecutionTime = 79.73 s  ClockTime = 81 s

ExecutionTime = 79.74 s  ClockTime = 81 s

ExecutionTime = 79.69 s  ClockTime = 81 s

ExecutionTime = 79.73 s  ClockTime = 81 s

ExecutionTime = 79.73 s  ClockTime = 81 s

ExecutionTime = 79.74 s  ClockTime = 81 s

ExecutionTime = 79.74 s  ClockTime = 81 s

ExecutionTime = 79.73 s  ClockTime = 81 s

ExecutionTime = 79.86 s  ClockTime = 81 s

ExecutionTime = 79.85 s  ClockTime = 81 s

ExecutionTime = 79.84 s  ClockTime = 81 s

ExecutionTime = 79.9 s  ClockTime = 81 s

ExecutionTime = 79.93 s  ClockTime = 82 s

ExecutionTime = 79.94 s  ClockTime = 82 s

ExecutionTime = 79.98 s  ClockTime = 82 s

ExecutionTime = 79.94 s  ClockTime = 82 s

ExecutionTime = 80 s  ClockTime = 82 s

ExecutionTime = 80.01 s  ClockTime = 82 s

ExecutionTime = 80.01 s  ClockTime = 82 s

ExecutionTime = 80.07 s  ClockTime = 82 s

ExecutionTime = 80.11 s  ClockTime = 82 s

ExecutionTime = 80.11 s  ClockTime = 82 s

ExecutionTime = 80.11 s  ClockTime = 82 s

ExecutionTime = 80.12 s  ClockTime = 82 s

ExecutionTime = 80.18 s  ClockTime = 82 s

ExecutionTime = 80.22 s  ClockTime = 82 s

ExecutionTime = 80.19 s  ClockTime = 82 s

ExecutionTime = 80.25 s  ClockTime = 82 s

ExecutionTime = 80.23 s  ClockTime = 82 s

ExecutionTime = 80.27 s  ClockTime = 82 s

ExecutionTime = 80.31 s  ClockTime = 82 s

ExecutionTime = 80.38 s  ClockTime = 82 s

ExecutionTime = 80.36 s  ClockTime = 82 s

ExecutionTime = 80.34 s  ClockTime = 82 s

ExecutionTime = 80.36 s  ClockTime = 82 s

ExecutionTime = 80.42 s  ClockTime = 82 s

ExecutionTime = 80.4 s  ClockTime = 82 s

ExecutionTime = 80.48 s  ClockTime = 82 s

ExecutionTime = 80.51 s  ClockTime = 82 s

ExecutionTime = 80.51 s  ClockTime = 82 s

ExecutionTime = 80.53 s  ClockTime = 82 s

ExecutionTime = 80.58 s  ClockTime = 82 s

ExecutionTime = 80.54 s  ClockTime = 82 s

ExecutionTime = 80.56 s  ClockTime = 82 s

ExecutionTime = 80.61 s  ClockTime = 82 s

ExecutionTime = 80.65 s  ClockTime = 82 s

ExecutionTime = 80.62 s  ClockTime = 82 s

ExecutionTime = 80.71 s  ClockTime = 82 s

ExecutionTime = 80.74 s  ClockTime = 82 s

ExecutionTime = 80.74 s  ClockTime = 82 s

Time = 3.6e-05

ExecutionTime = 80.71 s  ClockTime = 82 s

ExecutionTime = 80.78 s  ClockTime = 82 s

Time = 3.6e-05

ExecutionTime = 80.79 s  ClockTime = 82 s

ExecutionTime = 80.77 s  ClockTime = 82 s

    Collisions [rank 7]              = 3560
    Collision candidates           = 6544
    Collision acceptance rate      = 0.54400978

    Collisions [rank 2]              = 2130
    Collision candidates           = 4668
    Collision acceptance rate      = 0.4562982005

ExecutionTime = 80.83 s  ClockTime = 82 s

ExecutionTime = 80.92 s  ClockTime = 82 s

ExecutionTime = 80.9 s  ClockTime = 82 s

ExecutionTime = 80.89 s  ClockTime = 83 s

ExecutionTime = 80.96 s  ClockTime = 83 s

ExecutionTime = 81.01 s  ClockTime = 83 s

ExecutionTime = 81.05 s  ClockTime = 83 s

Time = 3.6e-05

ExecutionTime = 81.03 s  ClockTime = 83 s

ExecutionTime = 81.04 s  ClockTime = 83 s

Time = 3.6e-05

ExecutionTime = 81.08 s  ClockTime = 83 s

    Collisions [rank 6]              = 1576
    Collision candidates           = 3094
    Collision acceptance rate      = 0.50937298

    Collisions [rank 1]              = 683
    Collision candidates           = 2195
    Collision acceptance rate      = 0.3111617312

ExecutionTime = 81.15 s  ClockTime = 83 s

ExecutionTime = 81.24 s  ClockTime = 83 s

Time = 3.6e-05

ExecutionTime = 81.23 s  ClockTime = 83 s

ExecutionTime = 81.26 s  ClockTime = 83 s

ExecutionTime = 81.3 s  ClockTime = 83 s

Time = 3.6e-05

    Collisions [rank 3]              = 729
    Collision candidates           = 2273
    Collision acceptance rate      = 0.3207215134

ExecutionTime = 81.41 s  ClockTime = 83 s

Time = 3.6e-05

    Collisions [rank 4]              = 8787
    Collision candidates           = 16683
    Collision acceptance rate      = 0.5267038302

ExecutionTime = 81.46 s  ClockTime = 83 s

    Collisions [rank 5]              = 8922
    Collision candidates           = 17446
    Collision acceptance rate      = 0.5114066262

ExecutionTime = 81.66 s  ClockTime = 83 s

Time = 3.6e-05

    Collisions [rank 0]              = 1115
    Collision candidates           = 3512
    Collision acceptance rate      = 0.3174829157

Cloud name: dsmc [rank 7]
    Number of dsmc particles        = 151623
    Number of molecules             = 7.58115e+16
    Mass in system                  = 3.63108193e-09
    Average linear kinetic energy   = 7.813254851e-19
    Average rotational energy       = 4.259370635e-20
    Average vibrational energy      = 2.803416035e-20
    Average electronic energy       = 0
    Average total energy            = 8.519533518e-19
ExecutionTime = 81.84 s  ClockTime = 83 s

Cloud name: dsmc [rank 2]
    Number of dsmc particles        = 238423
    Number of molecules             = 1.192115e+17
    Mass in system                  = 5.70992043e-09
    Average linear kinetic energy   = 1.055423949e-18
    Average rotational energy       = 1.116938218e-20
    Average vibrational energy      = 2.321573213e-20
    Average electronic energy       = 0
    Average total energy            = 1.089809063e-18
ExecutionTime = 81.87 s  ClockTime = 83 s

Cloud name: dsmc [rank 6]
    Number of dsmc particles        = 237576
    Number of molecules             = 1.18788e+17
    Mass in system                  = 5.68957892e-09
    Average linear kinetic energy   = 9.91897074e-19
    Average rotational energy       = 1.66232812e-20
    Average vibrational energy      = 2.356014643e-20
    Average electronic energy       = 0
    Average total energy            = 1.032080502e-18
ExecutionTime = 81.86 s  ClockTime = 83 s

Cloud name: dsmc [rank 4]
    Number of dsmc particles        = 260286
    Number of molecules             = 1.30143e+17
    Mass in system                  = 6.23467264e-09
    Average linear kinetic energy   = 7.901056697e-19
    Average rotational energy       = 4.441370832e-20
    Average vibrational energy      = 2.924636338e-20
    Average electronic energy       = 0
    Average total energy            = 8.637657414e-19
ExecutionTime = 81.81 s  ClockTime = 83 s

Cloud name: dsmc [rank 5]
    Number of dsmc particles        = 345500
    Number of molecules             = 1.7275e+17
    Mass in system                  = 8.27668298e-09
    Average linear kinetic energy   = 9.108696078e-19
    Average rotational energy       = 2.913010198e-20
    Average vibrational energy      = 2.667852769e-20
    Average electronic energy       = 0
    Average total energy            = 9.666782374e-19
ExecutionTime = 81.82 s  ClockTime = 83 s

Cloud name: dsmc [rank 1]
    Number of dsmc particles        = 307649
    Number of molecules             = 1.538245e+17
    Mass in system                  = 7.36905507e-09
    Average linear kinetic energy   = 1.115785307e-18
    Average rotational energy       = 2.583326413e-21
    Average vibrational energy      = 2.163655329e-20
    Average electronic energy       = 0
    Average total energy            = 1.140005186e-18
ExecutionTime = 81.81 s  ClockTime = 83 s

Cloud name: dsmc [rank 3]
    Number of dsmc particles        = 326034
    Number of molecules             = 1.63017e+17
    Mass in system                  = 7.80834619e-09
    Average linear kinetic energy   = 1.113866135e-18
    Average rotational energy       = 3.050516355e-21
    Average vibrational energy      = 2.168768592e-20
    Average electronic energy       = 0
    Average total energy            = 1.138604337e-18
ExecutionTime = 81.85 s  ClockTime = 83 s

Cloud name: dsmc [rank 0]
    Number of dsmc particles        = 485529
    Number of molecules             = 2.427645e+17
    Mass in system                  = 1.16293634e-08
    Average linear kinetic energy   = 1.115674965e-18
    Average rotational energy       = 2.591071457e-21
    Average vibrational energy      = 2.164014259e-20
    Average electronic energy       = 0
    Average total energy            = 1.139906179e-18
ExecutionTime = 81.85 s  ClockTime = 83 s

ExecutionTime = 82.1 s  ClockTime = 84 s

ExecutionTime = 82.1 s  ClockTime = 84 s

ExecutionTime = 82.09 s  ClockTime = 84 s

ExecutionTime = 82.07 s  ClockTime = 84 s

ExecutionTime = 82.1 s  ClockTime = 84 s

ExecutionTime = 82.11 s  ClockTime = 84 s

ExecutionTime = 82.08 s  ClockTime = 84 s

ExecutionTime = 82.11 s  ClockTime = 84 s

ExecutionTime = 82.23 s  ClockTime = 84 s

ExecutionTime = 82.24 s  ClockTime = 84 s

ExecutionTime = 82.23 s  ClockTime = 84 s

ExecutionTime = 82.28 s  ClockTime = 84 s

ExecutionTime = 82.28 s  ClockTime = 84 s

ExecutionTime = 82.29 s  ClockTime = 84 s

ExecutionTime = 82.38 s  ClockTime = 84 s

ExecutionTime = 82.34 s  ClockTime = 84 s

ExecutionTime = 82.37 s  ClockTime = 84 s

ExecutionTime = 82.38 s  ClockTime = 84 s

ExecutionTime = 82.41 s  ClockTime = 84 s

ExecutionTime = 82.45 s  ClockTime = 84 s

ExecutionTime = 82.48 s  ClockTime = 84 s

ExecutionTime = 82.52 s  ClockTime = 84 s

ExecutionTime = 82.51 s  ClockTime = 84 s

ExecutionTime = 82.51 s  ClockTime = 84 s

ExecutionTime = 82.56 s  ClockTime = 84 s

ExecutionTime = 82.6 s  ClockTime = 84 s

ExecutionTime = 82.63 s  ClockTime = 84 s

ExecutionTime = 82.6 s  ClockTime = 84 s

ExecutionTime = 82.66 s  ClockTime = 84 s

ExecutionTime = 82.65 s  ClockTime = 84 s

ExecutionTime = 82.67 s  ClockTime = 84 s

ExecutionTime = 82.73 s  ClockTime = 84 s

ExecutionTime = 82.79 s  ClockTime = 84 s

ExecutionTime = 82.78 s  ClockTime = 84 s

ExecutionTime = 82.78 s  ClockTime = 84 s

ExecutionTime = 82.83 s  ClockTime = 84 s

ExecutionTime = 82.8 s  ClockTime = 84 s

ExecutionTime = 82.85 s  ClockTime = 84 s

ExecutionTime = 82.87 s  ClockTime = 84 s

ExecutionTime = 82.92 s  ClockTime = 85 s

ExecutionTime = 82.91 s  ClockTime = 85 s

ExecutionTime = 82.94 s  ClockTime = 85 s

ExecutionTime = 82.94 s  ClockTime = 85 s

ExecutionTime = 83 s  ClockTime = 85 s

ExecutionTime = 83.05 s  ClockTime = 85 s

ExecutionTime = 83.01 s  ClockTime = 85 s

ExecutionTime = 83.04 s  ClockTime = 85 s

ExecutionTime = 83.08 s  ClockTime = 85 s

ExecutionTime = 83.11 s  ClockTime = 85 s

ExecutionTime = 83.11 s  ClockTime = 85 s

ExecutionTime = 83.16 s  ClockTime = 85 s

Time = 3.7e-05

ExecutionTime = 83.19 s  ClockTime = 85 s

Time = 3.7e-05

ExecutionTime = 83.15 s  ClockTime = 85 s

ExecutionTime = 83.2 s  ClockTime = 85 s

    Collisions [rank 7]              = 3536
    Collision candidates           = 6660
    Collision acceptance rate      = 0.5309309309

ExecutionTime = 83.23 s  ClockTime = 85 s

    Collisions [rank 2]              = 2130
    Collision candidates           = 4807
    Collision acceptance rate      = 0.4431038069

ExecutionTime = 83.27 s  ClockTime = 85 s

ExecutionTime = 83.3 s  ClockTime = 85 s

ExecutionTime = 83.37 s  ClockTime = 85 s

ExecutionTime = 83.38 s  ClockTime = 85 s

ExecutionTime = 83.36 s  ClockTime = 85 s

ExecutionTime = 83.45 s  ClockTime = 85 s

ExecutionTime = 83.45 s  ClockTime = 85 s

ExecutionTime = 83.51 s  ClockTime = 85 s

Time = 3.7e-05

ExecutionTime = 83.48 s  ClockTime = 85 s

Time = 3.7e-05

    Collisions [rank 6]              = 1564
    Collision candidates           = 3075
    Collision acceptance rate      = 0.5086178862

ExecutionTime = 83.57 s  ClockTime = 85 s

ExecutionTime = 83.61 s  ClockTime = 85 s

    Collisions [rank 1]              = 698
    Collision candidates           = 2243
    Collision acceptance rate      = 0.31119037

ExecutionTime = 83.63 s  ClockTime = 85 s

Time = 3.7e-05

ExecutionTime = 83.64 s  ClockTime = 85 s

    Collisions [rank 3]              = 737
    Collision candidates           = 2335
    Collision acceptance rate      = 0.3156316916

ExecutionTime = 83.74 s  ClockTime = 85 s

Time = 3.7e-05

ExecutionTime = 83.83 s  ClockTime = 86 s

ExecutionTime = 83.82 s  ClockTime = 86 s

Time = 3.7e-05

    Collisions [rank 4]              = 8790
    Collision candidates           = 17118
    Collision acceptance rate      = 0.5134945671

    Collisions [rank 5]              = 9116
    Collision candidates           = 18010
    Collision acceptance rate      = 0.5061632426

ExecutionTime = 84.03 s  ClockTime = 84 s

Time = 3.7e-05

    Collisions [rank 0]              = 1124
    Collision candidates           = 3500
    Collision acceptance rate      = 0.3211428571


Phase C auto DLB triggered (threshold) at step 370: sar=-0.05021007245 loadImbalance=1.805775104 threshold=1.5

Phase C auto DLB triggered (threshold) at step 370: sar=-0.0502079891 loadImbalance=1.805775104 threshold=1.5

Phase C auto DLB triggered (threshold) at step 370: sar=-0.0502102627 loadImbalance=1.805775104 threshold=1.5

Phase C auto DLB triggered (threshold) at step 370: sar=-0.0502081849 loadImbalance=1.805775104 threshold=1.5

Phase C auto DLB triggered (threshold) at step 370: sar=-0.0502105456 loadImbalance=1.805775104 threshold=1.5

Phase C auto DLB triggered (threshold) at step 370: sar=-0.0502081547 loadImbalance=1.805775104 threshold=1.5

Phase C auto DLB triggered (threshold) at step 370: sar=-0.0502105914 loadImbalance=1.805775104 threshold=1.5

Phase C auto DLB triggered (threshold) at step 370: sar=-0.05020748485 loadImbalance=1.805775104 threshold=1.5
Phase C ParMETIS: alpha=0.8 ncon=2 ubvec=[1.049999952,1.5] moveRatio=0.7995744257 (moveT=31.80268809s, collT=7.971830792s)
Phase C ParMETIS: AdaptiveRepart (104151 cells, 2 constraints, collScale=34.61024458, ubvec=1.049999952)
Phase C ParMETIS: alpha=0.8 ncon=2 ubvec=[1.049999952,1.5] moveRatio=0.8235318174 (moveT=30.26871427s, collT=6.486045692s)
Phase C ParMETIS: AdaptiveRepart (104151 cells, 2 constraints, collScale=29.8886873, ubvec=1.049999952)
Phase C ParMETIS: alpha=0.8 ncon=2 ubvec=[1.049999952,1.5] moveRatio=0.8166215747 (moveT=34.07013885s, collT=7.650702119s)
Phase C ParMETIS: alpha=0.8 ncon=2 ubvec=[1.049999952,1.5] moveRatio=0.8293003864 (moveT=30.26745036s, collT=6.230121395s)
Phase C ParMETIS: AdaptiveRepart (104151 cells, 2 constraints, collScale=26.50738261, ubvec=1.049999952)
Phase C ParMETIS: alpha=0.8 ncon=2 ubvec=[1.049999952,1.5] moveRatio=0.7966123818 (moveT=30.71053471s, collT=7.84088052s)
Phase C ParMETIS: AdaptiveRepart (104151 cells, 2 constraints, collScale=34.06275677, ubvec=1.049999952)
Phase C ParMETIS: alpha=0.8 ncon=2 ubvec=[1.049999952,1.5] moveRatio=0.8077083374 (moveT=33.29877844s, collT=7.927462393s)
Phase C ParMETIS: AdaptiveRepart (104151 cells, 2 constraints, collScale=19.70526881, ubvec=1.049999952)
Phase C ParMETIS: AdaptiveRepart (104151 cells, 2 constraints, collScale=30.25678707, ubvec=1.049999952)
Phase C ParMETIS: alpha=0.8 ncon=2 ubvec=[1.049999952,1.5] moveRatio=0.833514549 (moveT=32.70373209s, collT=6.532214215s)
Phase C ParMETIS: AdaptiveRepart (104151 cells, 2 constraints, collScale=27.00964204, ubvec=1.049999952)
Phase C ParMETIS: alpha=0.8 ncon=2 ubvec=[1.049999952,1.5] moveRatio=0.8073719935 (moveT=31.85307089s, collT=7.59971066s)
Phase C ParMETIS: AdaptiveRepart (104151 cells, 2 constraints, collScale=2.48356357, ubvec=1.049999952)
Replicated mesh: rank 0 owns 9779 / 104151 cells
Replicated mesh: rank 1 owns 10989 / 104151 cells
Replicated mesh: rank 2 owns 13066 / 104151 cells
Replicated mesh: rank 3 owns 13069 / 104151 cells
Replicated mesh: rank 4 owns 17128 / 104151 cells
Replicated mesh: rank 5 owns 13654 / 104151 cells
Replicated mesh: rank 6 owns 13183 / 104151 cells
Replicated mesh: rank 7 owns 13283 / 104151 cells
Local mesh: 13654 owned + 329 halo = 13983 / 104151 cells
Phase C ParMETIS AdaptiveRepart: 97092 / 104151 cells changed (0.9322234064)
Local mesh: 13183 owned + 321 halo = 13504 / 104151 cells
Phase C ParMETIS AdaptiveRepart: 97092 / 104151 cells changed (0.9322234064)
Local mesh: 13283 owned + 345 halo = 13628 / 104151 cells
Phase C ParMETIS AdaptiveRepart: 97092 / 104151 cells changed (0.9322234064)
Local mesh: 9779 owned + 363 halo = 10142 / 104151 cells
Phase C ParMETIS AdaptiveRepart: 97092 / 104151 cells changed (0.9322234064)
Local mesh: 10989 owned + 289 halo = 11278 / 104151 cells
Phase C ParMETIS AdaptiveRepart: 97092 / 104151 cells changed (0.9322234064)
Local mesh: 13069 owned + 388 halo = 13457 / 104151 cells
Phase C ParMETIS AdaptiveRepart: 97092 / 104151 cells changed (0.9322234064)Local mesh: 13066 owned + 471 halo = 13537 / 104151 cells
Phase C ParMETIS AdaptiveRepart: 97092 / 104151 cells changed (0.9322234064)

Local mesh: 17128 owned + 187 halo = 17315 / 104151 cells
Phase C ParMETIS AdaptiveRepart: 97092 / 104151 cells changed (0.9322234064)
Replicated mesh migration[44]: rank 0 sent 485473 parcels, received 206876 (global 2165068) wall 0.231763566s [pack Replicated mesh migration[44]: rank 1 sent 251956 parcels, received 190020 (global 2165068) wall 0.23172936s [pack 0.027685344s MPI 0.112738543s deser 0.050975891s]
Replicated mesh migration[44]: rank 2 sent 238776 parcels, received 325210 (global 2165068) wall 0.231589534s [pack 0.025591704s MPI 0.102441502s deser 0.072155541s]
Replicated mesh migration[44]: rank 3 sent 195061 parcels, received 178924 (global 2165068) wall 0.231604491s [pack 0.02127801s MPI 0.096832056s deser 0.070243896s]
Replicated mesh migration[44]: rank 4 sent 254116 parcels, received 458465 (global 2165068) wall 0.231425374s [pack 0.032902758s MPI 0.156095422s deser 0.003504528s]
Replicated mesh migration[44]: rank 5 sent 347553 parcels, received 287733 (global 2165068) wall 0.231818759s [pack 0.029343366s MPI 0.118553694s deser 0.040715454s]
Replicated mesh migration[44]: rank 6 sent 238954 parcels, received 265799 (global 2165068) wall 0.231803498s [pack 0.030797799s MPI 0.090844863s deser 0.072371203s]
Replicated mesh migration[44]: rank 7 sent 153179 parcels, received 252041 (global 2165068) wall 0.231803846s [pack 0.023991022s MPI 0.117230995s deser 0.06947922s]
0.031435262s MPI 0.051953006s deser 0.062556073s]
Phase C auto DLB complete: rebalance #6

Phase C auto DLB complete: rebalance #6

Phase C auto DLB complete: rebalance #6

Phase C auto DLB complete: rebalance #6

Phase C auto DLB complete: rebalance #6

Phase C auto DLB complete: rebalance #6

Phase C auto DLB complete: rebalance #6

Phase C auto DLB complete: rebalance #6

Written cellOwner field at time 3.7e-05
Cloud name: dsmc [rank 7]
    Number of dsmc particles        = 252041
    Number of molecules             = 1.260205e+17
    Mass in system                  = 6.03666422e-09
    Average linear kinetic energy   = 7.696698461e-19
    Average rotational energy       = 4.928976031e-20
    Average vibrational energy      = 3.051640143e-20
    Average electronic energy       = 0
    Average total energy            = 8.494760078e-19
ExecutionTime = 84.51 s  ClockTime = 85 s

Cloud name: dsmc [rank 0]
    Number of dsmc particles        = 206877
    Number of molecules             = 1.034385e+17
    Mass in system                  = 4.95423604e-09
    Average linear kinetic energy   = 9.477300532e-19
    Average rotational energy       = 2.361555745e-20
    Average vibrational energy      = 2.511060152e-20
    Average electronic energy       = 0
    Average total energy            = 9.964562122e-19
ExecutionTime = 84.51 s  ClockTime = 85 s

Cloud name: dsmc [rank 6]
    Number of dsmc particles        = 265799
    Number of molecules             = 1.328995e+17
    Mass in system                  = 6.36722571e-09
    Average linear kinetic energy   = 9.212884575e-19
    Average rotational energy       = 2.806432908e-20
    Average vibrational energy      = 2.644321529e-20
    Average electronic energy       = 0
    Average total energy            = 9.757960018e-19
ExecutionTime = 84.53 s  ClockTime = 85 s

Cloud name: dsmc [rank 5]
    Number of dsmc particles        = 287733
    Number of molecules             = 1.438665e+17
    Mass in system                  = 6.89134808e-09
    Average linear kinetic energy   = 9.695003112e-19
    Average rotational energy       = 2.15574137e-20
    Average vibrational energy      = 2.4937371e-20
    Average electronic energy       = 0
    Average total energy            = 1.015995096e-18
ExecutionTime = 84.5 s  ClockTime = 85 s

Cloud name: dsmc [rank 2]
    Number of dsmc particles        = 325210
    Number of molecules             = 1.62605e+17
    Mass in system                  = 7.78829449e-09
    Average linear kinetic energy   = 1.066867161e-18
    Average rotational energy       = 8.156689747e-21
    Average vibrational energy      = 2.239876767e-20
    Average electronic energy       = 0
    Average total energy            = 1.097422618e-18
ExecutionTime = 84.54 s  ClockTime = 85 s

Cloud name: dsmc [rank 4]
    Number of dsmc particles        = 467075
    Number of molecules             = 2.335375e+17
    Mass in system                  = 1.118854085e-08
    Average linear kinetic energy   = 1.104725707e-18
    Average rotational energy       = 3.960205577e-21
    Average vibrational energy      = 2.181119051e-20
    Average electronic energy       = 0
    Average total energy            = 1.130497103e-18
ExecutionTime = 84.48 s  ClockTime = 85 s

Cloud name: dsmc [rank 1]
    Number of dsmc particles        = 245823
    Number of molecules             = 1.229115e+17
    Mass in system                  = 5.88794167e-09
    Average linear kinetic energy   = 1.115469724e-18
    Average rotational energy       = 2.583113604e-21
    Average vibrational energy      = 2.163851681e-20
    Average electronic energy       = 0
    Average total energy            = 1.139691354e-18
ExecutionTime = 84.49 s  ClockTime = 85 s

Cloud name: dsmc [rank 3]
    Number of dsmc particles        = 310203
    Number of molecules             = 1.551015e+17
    Mass in system                  = 7.42943188e-09
    Average linear kinetic energy   = 1.05191878e-18
    Average rotational energy       = 1.006511781e-20
    Average vibrational energy      = 2.276277735e-20
    Average electronic energy       = 0
    Average total energy            = 1.084746675e-18
ExecutionTime = 84.52 s  ClockTime = 85 s

ExecutionTime = 84.63 s  ClockTime = 85 s

ExecutionTime = 84.67 s  ClockTime = 85 s

ExecutionTime = 84.7 s  ClockTime = 85 s

ExecutionTime = 84.73 s  ClockTime = 85 s

ExecutionTime = 84.69 s  ClockTime = 85 s

ExecutionTime = 84.73 s  ClockTime = 85 s

ExecutionTime = 84.68 s  ClockTime = 85 s

ExecutionTime = 84.71 s  ClockTime = 85 s

ExecutionTime = 84.8 s  ClockTime = 85 s

ExecutionTime = 84.79 s  ClockTime = 85 s

ExecutionTime = 84.88 s  ClockTime = 85 s

ExecutionTime = 84.85 s  ClockTime = 85 s

ExecutionTime = 84.89 s  ClockTime = 85 s

ExecutionTime = 84.91 s  ClockTime = 85 s

ExecutionTime = 84.9 s  ClockTime = 85 s

ExecutionTime = 84.91 s  ClockTime = 85 s

ExecutionTime = 84.95 s  ClockTime = 85 s

ExecutionTime = 84.94 s  ClockTime = 85 s

ExecutionTime = 85.01 s  ClockTime = 85 s

ExecutionTime = 85.06 s  ClockTime = 85 s

ExecutionTime = 85.07 s  ClockTime = 85 s

ExecutionTime = 85.08 s  ClockTime = 85 s

ExecutionTime = 85.09 s  ClockTime = 85 s

ExecutionTime = 85.09 s  ClockTime = 85 s

ExecutionTime = 85.08 s  ClockTime = 85 s

ExecutionTime = 85.18 s  ClockTime = 85 s

ExecutionTime = 85.17 s  ClockTime = 85 s

ExecutionTime = 85.22 s  ClockTime = 85 s

ExecutionTime = 85.23 s  ClockTime = 85 s

ExecutionTime = 85.26 s  ClockTime = 85 s

ExecutionTime = 85.24 s  ClockTime = 85 s

ExecutionTime = 85.28 s  ClockTime = 85 s

ExecutionTime = 85.29 s  ClockTime = 85 s

ExecutionTime = 85.35 s  ClockTime = 86 s

ExecutionTime = 85.37 s  ClockTime = 86 s

ExecutionTime = 85.41 s  ClockTime = 86 s

ExecutionTime = 85.44 s  ClockTime = 86 s

ExecutionTime = 85.39 s  ClockTime = 86 s

ExecutionTime = 85.44 s  ClockTime = 86 s

ExecutionTime = 85.44 s  ClockTime = 86 s

ExecutionTime = 85.47 s  ClockTime = 86 s

ExecutionTime = 85.52 s  ClockTime = 86 s

ExecutionTime = 85.54 s  ClockTime = 86 s

ExecutionTime = 85.58 s  ClockTime = 86 s

ExecutionTime = 85.55 s  ClockTime = 86 s

ExecutionTime = 85.6 s  ClockTime = 86 s

ExecutionTime = 85.62 s  ClockTime = 86 s

ExecutionTime = 85.65 s  ClockTime = 86 s

ExecutionTime = 85.68 s  ClockTime = 86 s

ExecutionTime = 85.67 s  ClockTime = 86 s

ExecutionTime = 85.69 s  ClockTime = 86 s

ExecutionTime = 85.76 s  ClockTime = 86 s

ExecutionTime = 85.73 s  ClockTime = 86 s

ExecutionTime = 85.77 s  ClockTime = 86 s

ExecutionTime = 85.78 s  ClockTime = 86 s

Time = 3.8e-05

ExecutionTime = 85.8 s  ClockTime = 86 s

ExecutionTime = 85.85 s  ClockTime = 86 s

    Collisions [rank 0]              = 2684
    Collision candidates           = 4641
    Collision acceptance rate      = 0.5783236371

ExecutionTime = 85.85 s  ClockTime = 86 s

Time = 3.8e-05

ExecutionTime = 85.95 s  ClockTime = 86 s

ExecutionTime = 85.96 s  ClockTime = 86 s

ExecutionTime = 85.92 s  ClockTime = 86 s

ExecutionTime = 85.92 s  ClockTime = 86 s

ExecutionTime = 85.98 s  ClockTime = 86 s

    Collisions [rank 1]              = 585
    Collision candidates           = 1840
    Collision acceptance rate      = 0.3179347826

ExecutionTime = 86.06 s  ClockTime = 86 s

ExecutionTime = 86.14 s  ClockTime = 86 s

Time = 3.8e-05

ExecutionTime = 86.11 s  ClockTime = 86 s

Time = 3.8e-05

ExecutionTime = 86.16 s  ClockTime = 86 s

Time = 3.8e-05

ExecutionTime = 86.17 s  ClockTime = 86 s

Time = 3.8e-05

ExecutionTime = 86.17 s  ClockTime = 86 s

    Collisions [rank 2]              = 1284
    Collision candidates           = 2871
    Collision acceptance rate      = 0.44723093

ExecutionTime = 86.25 s  ClockTime = 86 s

Time = 3.8e-05

    Collisions [rank 5]              = 4188
    Collision candidates           = 7640
    Collision acceptance rate      = 0.5481675393

    Collisions [rank 6]              = 5982
    Collision candidates           = 10468
    Collision acceptance rate      = 0.5714558655

    Collisions [rank 7]              = 10632
    Collision candidates           = 18657
    Collision acceptance rate      = 0.569866538

    Collisions [rank 3]              = 1618
    Collision candidates           = 3386
    Collision acceptance rate      = 0.4778499705

ExecutionTime = 86.4 s  ClockTime = 87 s

ExecutionTime = 86.6 s  ClockTime = 87 s

Time = 3.8e-05

    Collisions [rank 4]              = 1147
    Collision candidates           = 3356
    Collision acceptance rate      = 0.3417759237

Cloud name: dsmc [rank 7]
    Number of dsmc particles        = 253388
    Number of molecules             = 1.26694e+17
    Mass in system                  = 6.06893194e-09
    Average linear kinetic energy   = 7.633465517e-19
    Average rotational energy       = 5.112299915e-20
    Average vibrational energy      = 3.098145019e-20
    Average electronic energy       = 0
    Average total energy            = 8.454510011e-19
ExecutionTime = 86.84 s  ClockTime = 87 s

Cloud name: dsmc [rank 0]
    Number of dsmc particles        = 208290
    Number of molecules             = 1.04145e+17
    Mass in system                  = 4.98821038e-09
    Average linear kinetic energy   = 9.456567368e-19
    Average rotational energy       = 2.420803861e-20
    Average vibrational energy      = 2.524045124e-20
    Average electronic energy       = 0
    Average total energy            = 9.951052267e-19
ExecutionTime = 86.83 s  ClockTime = 87 s

Cloud name: dsmc [rank 6]
    Number of dsmc particles        = 268000
    Number of molecules             = 1.34e+17
    Mass in system                  = 6.41997783e-09
    Average linear kinetic energy   = 9.183436481e-19
    Average rotational energy       = 2.896363496e-20
    Average vibrational energy      = 2.665822754e-20
    Average electronic energy       = 0
    Average total energy            = 9.739655106e-19
ExecutionTime = 86.86 s  ClockTime = 87 s

Cloud name: dsmc [rank 5]
    Number of dsmc particles        = 289881
    Number of molecules             = 1.449405e+17
    Mass in system                  = 6.94276203e-09
    Average linear kinetic energy   = 9.674429205e-19
    Average rotational energy       = 2.211616172e-20
    Average vibrational energy      = 2.507915709e-20
    Average electronic energy       = 0
    Average total energy            = 1.014638239e-18
ExecutionTime = 86.82 s  ClockTime = 87 s

Cloud name: dsmc [rank 2]
    Number of dsmc particles        = 326075
    Number of molecules             = 1.630375e+17
    Mass in system                  = 7.80893865e-09
    Average linear kinetic energy   = 1.066140251e-18
    Average rotational energy       = 8.321986251e-21
    Average vibrational energy      = 2.242391146e-20
    Average electronic energy       = 0
    Average total energy            = 1.096886149e-18
ExecutionTime = 86.85 s  ClockTime = 87 s

Cloud name: dsmc [rank 4]
    Number of dsmc particles        = 460847
    Number of molecules             = 2.304235e+17
    Mass in system                  = 1.103932431e-08
    Average linear kinetic energy   = 1.104327537e-18
    Average rotational energy       = 4.012983643e-21
    Average vibrational energy      = 2.181610497e-20
    Average electronic energy       = 0
    Average total energy            = 1.130156626e-18
ExecutionTime = 86.81 s  ClockTime = 87 s

Cloud name: dsmc [rank 1]
    Number of dsmc particles        = 250919
    Number of molecules             = 1.254595e+17
    Mass in system                  = 6.00999185e-09
    Average linear kinetic energy   = 1.115512295e-18
    Average rotational energy       = 2.584819183e-21
    Average vibrational energy      = 2.16386001e-20
    Average electronic energy       = 0
    Average total energy            = 1.139735715e-18
ExecutionTime = 86.81 s  ClockTime = 87 s

Cloud name: dsmc [rank 3]
    Number of dsmc particles        = 311724
    Number of molecules             = 1.55862e+17
    Mass in system                  = 7.46592053e-09
    Average linear kinetic energy   = 1.051044107e-18
    Average rotational energy       = 1.024415115e-20
    Average vibrational energy      = 2.278713315e-20
    Average electronic energy       = 0
    Average total energy            = 1.084075391e-18
ExecutionTime = 86.85 s  ClockTime = 87 s

ExecutionTime = 87.02 s  ClockTime = 87 s

ExecutionTime = 87.08 s  ClockTime = 87 s

ExecutionTime = 87.11 s  ClockTime = 87 s

ExecutionTime = 87.08 s  ClockTime = 87 s

ExecutionTime = 87.12 s  ClockTime = 87 s

ExecutionTime = 87.11 s  ClockTime = 87 s

ExecutionTime = 87.12 s  ClockTime = 87 s

ExecutionTime = 87.09 s  ClockTime = 87 s

ExecutionTime = 87.18 s  ClockTime = 88 s

ExecutionTime = 87.24 s  ClockTime = 88 s

ExecutionTime = 87.28 s  ClockTime = 88 s

ExecutionTime = 87.27 s  ClockTime = 88 s

ExecutionTime = 87.31 s  ClockTime = 88 s

ExecutionTime = 87.34 s  ClockTime = 88 s

ExecutionTime = 87.34 s  ClockTime = 88 s

ExecutionTime = 87.34 s  ClockTime = 88 s

ExecutionTime = 87.36 s  ClockTime = 88 s

ExecutionTime = 87.41 s  ClockTime = 88 s

ExecutionTime = 87.48 s  ClockTime = 88 s

ExecutionTime = 87.48 s  ClockTime = 88 s

ExecutionTime = 87.52 s  ClockTime = 88 s

ExecutionTime = 87.53 s  ClockTime = 88 s

ExecutionTime = 87.52 s  ClockTime = 88 s

ExecutionTime = 87.52 s  ClockTime = 88 s

ExecutionTime = 87.57 s  ClockTime = 88 s

ExecutionTime = 87.61 s  ClockTime = 88 s

ExecutionTime = 87.66 s  ClockTime = 88 s

ExecutionTime = 87.67 s  ClockTime = 88 s

ExecutionTime = 87.67 s  ClockTime = 88 s

ExecutionTime = 87.74 s  ClockTime = 88 s

ExecutionTime = 87.73 s  ClockTime = 88 s

ExecutionTime = 87.73 s  ClockTime = 88 s

ExecutionTime = 87.75 s  ClockTime = 88 s

ExecutionTime = 87.83 s  ClockTime = 88 s

ExecutionTime = 87.82 s  ClockTime = 88 s

ExecutionTime = 87.85 s  ClockTime = 88 s

ExecutionTime = 87.91 s  ClockTime = 88 s

ExecutionTime = 87.87 s  ClockTime = 88 s

ExecutionTime = 87.87 s  ClockTime = 88 s

ExecutionTime = 87.95 s  ClockTime = 88 s

ExecutionTime = 87.95 s  ClockTime = 88 s

ExecutionTime = 87.96 s  ClockTime = 88 s

ExecutionTime = 87.99 s  ClockTime = 88 s

ExecutionTime = 88.05 s  ClockTime = 88 s

ExecutionTime = 88.07 s  ClockTime = 88 s

ExecutionTime = 88.06 s  ClockTime = 88 s

ExecutionTime = 88.09 s  ClockTime = 88 s

ExecutionTime = 88.14 s  ClockTime = 88 s

ExecutionTime = 88.15 s  ClockTime = 88 s

ExecutionTime = 88.15 s  ClockTime = 89 s

ExecutionTime = 88.13 s  ClockTime = 89 s

ExecutionTime = 88.24 s  ClockTime = 89 s

ExecutionTime = 88.26 s  ClockTime = 89 s

ExecutionTime = 88.26 s  ClockTime = 89 s

ExecutionTime = 88.26 s  ClockTime = 89 s

Time = 3.9e-05

ExecutionTime = 88.29 s  ClockTime = 89 s

Time = 3.9e-05

ExecutionTime = 88.34 s  ClockTime = 89 s

ExecutionTime = 88.34 s  ClockTime = 89 s

    Collisions [rank 0]              = 2815
    Collision candidates           = 4991
    Collision acceptance rate      = 0.5640152274

    Collisions [rank 1]              = 547
    Collision candidates           = 1780
    Collision acceptance rate      = 0.3073033708

ExecutionTime = 88.37 s  ClockTime = 89 s

ExecutionTime = 88.45 s  ClockTime = 89 s

ExecutionTime = 88.47 s  ClockTime = 89 s

ExecutionTime = 88.44 s  ClockTime = 89 s

ExecutionTime = 88.54 s  ClockTime = 89 s

ExecutionTime = 88.54 s  ClockTime = 89 s

ExecutionTime = 88.6 s  ClockTime = 89 s

Time = 3.9e-05

ExecutionTime = 88.58 s  ClockTime = 89 s

Time = 3.9e-05

ExecutionTime = 88.63 s  ClockTime = 89 s

Time = 3.9e-05

ExecutionTime = 88.62 s  ClockTime = 89 s

    Collisions [rank 7]              = 10990
    Collision candidates           = 20180
    Collision acceptance rate      = 0.5445986125

ExecutionTime = 88.74 s  ClockTime = 89 s

Time = 3.9e-05

    Collisions [rank 5]              = 4334
    Collision candidates           = 8147
    Collision acceptance rate      = 0.5319749601

    Collisions [rank 6]              = 5985
    Collision candidates           = 11059
    Collision acceptance rate      = 0.5411881725

ExecutionTime = 88.72 s  ClockTime = 89 s

Time = 3.9e-05

    Collisions [rank 3]              = 1668
    Collision candidates           = 3494
    Collision acceptance rate      = 0.4773898111

    Collisions [rank 2]              = 1218
    Collision candidates           = 2884
    Collision acceptance rate      = 0.4223300971

ExecutionTime = 88.83 s  ClockTime = 89 s

ExecutionTime = 89.02 s  ClockTime = 89 s

Time = 3.9e-05

    Collisions [rank 4]              = 1159
    Collision candidates           = 3369
    Collision acceptance rate      = 0.3440189967

Cloud name: dsmc [rank 7]
    Number of dsmc particles        = 255769
    Number of molecules             = 1.278845e+17
    Mass in system                  = 6.12603125e-09
    Average linear kinetic energy   = 7.587090928e-19
    Average rotational energy       = 5.271245785e-20
    Average vibrational energy      = 3.138006865e-20
    Average electronic energy       = 0
    Average total energy            = 8.428016193e-19
ExecutionTime = 89.22 s  ClockTime = 90 s

Cloud name: dsmc [rank 6]
    Number of dsmc particles        = 269588
    Number of molecules             = 1.34794e+17
    Mass in system                  = 6.45806726e-09
    Average linear kinetic energy   = 9.150873053e-19
    Average rotational energy       = 2.990423575e-20
    Average vibrational energy      = 2.691894626e-20
    Average electronic energy       = 0
    Average total energy            = 9.719104873e-19
ExecutionTime = 89.24 s  ClockTime = 90 s

Cloud name: dsmc [rank 5]
    Number of dsmc particles        = 291162
    Number of molecules             = 1.45581e+17
    Mass in system                  = 6.97347539e-09
    Average linear kinetic energy   = 9.649444632e-19
    Average rotational energy       = 2.279659642e-20
    Average vibrational energy      = 2.527033772e-20
    Average electronic energy       = 0
    Average total energy            = 1.013011397e-18
ExecutionTime = 89.2 s  ClockTime = 90 s

Cloud name: dsmc [rank 0]
    Number of dsmc particles        = 209360
    Number of molecules             = 1.0468e+17
    Mass in system                  = 5.01385249e-09
    Average linear kinetic energy   = 9.429346193e-19
    Average rotational energy       = 2.496832509e-20
    Average vibrational energy      = 2.536074587e-20
    Average electronic energy       = 0
    Average total energy            = 9.932636902e-19
ExecutionTime = 89.22 s  ClockTime = 90 s

Cloud name: dsmc [rank 2]
    Number of dsmc particles        = 326752
    Number of molecules             = 1.63376e+17
    Mass in system                  = 7.82511251e-09
    Average linear kinetic energy   = 1.065149447e-18
    Average rotational energy       = 8.528068239e-21
    Average vibrational energy      = 2.246296691e-20
    Average electronic energy       = 0
    Average total energy            = 1.096140482e-18
ExecutionTime = 89.25 s  ClockTime = 90 s

Cloud name: dsmc [rank 4]
    Number of dsmc particles        = 461239
    Number of molecules             = 2.306195e+17
    Mass in system                  = 1.104892819e-08
    Average linear kinetic energy   = 1.104000715e-18
    Average rotational energy       = 4.093053395e-21
    Average vibrational energy      = 2.182241387e-20
    Average electronic energy       = 0
    Average total energy            = 1.129916182e-18
ExecutionTime = 89.19 s  ClockTime = 90 s

Cloud name: dsmc [rank 1]
    Number of dsmc particles        = 250942
    Number of molecules             = 1.25471e+17
    Mass in system                  = 6.01034455e-09
    Average linear kinetic energy   = 1.115485991e-18
    Average rotational energy       = 2.584821246e-21
    Average vibrational energy      = 2.164043672e-20
    Average electronic energy       = 0
    Average total energy            = 1.139711249e-18
ExecutionTime = 89.2 s  ClockTime = 90 s

Cloud name: dsmc [rank 3]
    Number of dsmc particles        = 312444
    Number of molecules             = 1.56222e+17
    Mass in system                  = 7.48309083e-09
    Average linear kinetic energy   = 1.049796797e-18
    Average rotational energy       = 1.049491283e-20
    Average vibrational energy      = 2.283175009e-20
    Average electronic energy       = 0
    Average total energy            = 1.08312346e-18
ExecutionTime = 89.23 s  ClockTime = 90 s

ExecutionTime = 89.4 s  ClockTime = 90 s

ExecutionTime = 89.44 s  ClockTime = 90 s

ExecutionTime = 89.47 s  ClockTime = 90 s

ExecutionTime = 89.45 s  ClockTime = 90 s

ExecutionTime = 89.47 s  ClockTime = 90 s

ExecutionTime = 89.5 s  ClockTime = 90 s

ExecutionTime = 89.45 s  ClockTime = 90 s

ExecutionTime = 89.49 s  ClockTime = 90 s

ExecutionTime = 89.58 s  ClockTime = 90 s

ExecutionTime = 89.56 s  ClockTime = 90 s

ExecutionTime = 89.6 s  ClockTime = 90 s

ExecutionTime = 89.64 s  ClockTime = 90 s

ExecutionTime = 89.67 s  ClockTime = 90 s

ExecutionTime = 89.68 s  ClockTime = 90 s

ExecutionTime = 89.68 s  ClockTime = 90 s

ExecutionTime = 89.74 s  ClockTime = 90 s

ExecutionTime = 89.71 s  ClockTime = 90 s

ExecutionTime = 89.73 s  ClockTime = 90 s

ExecutionTime = 89.81 s  ClockTime = 90 s

ExecutionTime = 89.78 s  ClockTime = 90 s

ExecutionTime = 89.86 s  ClockTime = 90 s

ExecutionTime = 89.87 s  ClockTime = 90 s

ExecutionTime = 89.87 s  ClockTime = 90 s

ExecutionTime = 89.87 s  ClockTime = 90 s

ExecutionTime = 89.91 s  ClockTime = 90 s

ExecutionTime = 89.94 s  ClockTime = 90 s

ExecutionTime = 90 s  ClockTime = 90 s

ExecutionTime = 89.98 s  ClockTime = 90 s

ExecutionTime = 90.04 s  ClockTime = 90 s

ExecutionTime = 90.06 s  ClockTime = 90 s

ExecutionTime = 90.06 s  ClockTime = 90 s

ExecutionTime = 90.07 s  ClockTime = 90 s

ExecutionTime = 90.04 s  ClockTime = 90 s

ExecutionTime = 90.13 s  ClockTime = 90 s

ExecutionTime = 90.2 s  ClockTime = 91 s

ExecutionTime = 90.19 s  ClockTime = 91 s

ExecutionTime = 90.22 s  ClockTime = 91 s

ExecutionTime = 90.2 s  ClockTime = 91 s

ExecutionTime = 90.26 s  ClockTime = 91 s

ExecutionTime = 90.21 s  ClockTime = 91 s

ExecutionTime = 90.27 s  ClockTime = 91 s

ExecutionTime = 90.31 s  ClockTime = 91 s

ExecutionTime = 90.39 s  ClockTime = 91 s

ExecutionTime = 90.37 s  ClockTime = 91 s

ExecutionTime = 90.36 s  ClockTime = 91 s

ExecutionTime = 90.38 s  ClockTime = 91 s

ExecutionTime = 90.45 s  ClockTime = 91 s

ExecutionTime = 90.46 s  ClockTime = 91 s

ExecutionTime = 90.46 s  ClockTime = 91 s

ExecutionTime = 90.49 s  ClockTime = 91 s

ExecutionTime = 90.5 s  ClockTime = 91 s

ExecutionTime = 90.54 s  ClockTime = 91 s

ExecutionTime = 90.55 s  ClockTime = 91 s

ExecutionTime = 90.58 s  ClockTime = 91 s

ExecutionTime = 90.61 s  ClockTime = 91 s

ExecutionTime = 90.63 s  ClockTime = 91 s

ExecutionTime = 90.63 s  ClockTime = 91 s

Time = 4e-05

ExecutionTime = 90.7 s  ClockTime = 91 s

ExecutionTime = 90.7 s  ClockTime = 91 s

Time = 4e-05

ExecutionTime = 90.69 s  ClockTime = 91 s

ExecutionTime = 90.75 s  ClockTime = 91 s

ExecutionTime = 90.73 s  ClockTime = 91 s

    Collisions [rank 1]              = 529
    Collision candidates           = 1740
    Collision acceptance rate      = 0.3040229885

ExecutionTime = 90.82 s  ClockTime = 91 s

ExecutionTime = 90.82 s  ClockTime = 91 s

    Collisions [rank 0]              = 2770
    Collision candidates           = 5233
    Collision acceptance rate      = 0.5293330785

ExecutionTime = 90.86 s  ClockTime = 91 s

Time = 4e-05

ExecutionTime = 90.89 s  ClockTime = 91 s

Time = 4e-05

ExecutionTime = 90.93 s  ClockTime = 91 s

Time = 4e-05

ExecutionTime = 91 s  ClockTime = 91 s

Time = 4e-05

    Collisions [rank 5]              = 4333
    Collision candidates           = 8427
    Collision acceptance rate      = 0.5141806099

ExecutionTime = 90.99 s  ClockTime = 91 s

Time = 4e-05

ExecutionTime = 90.98 s  ClockTime = 91 s

    Collisions [rank 7]              = 11243
    Collision candidates           = 21144
    Collision acceptance rate      = 0.5317347711

    Collisions [rank 6]              = 6106
    Collision candidates           = 11576
    Collision acceptance rate      = 0.5274706289

    Collisions [rank 2]              = 1235
    Collision candidates           = 2965
    Collision acceptance rate      = 0.4165261383

    Collisions [rank 3]              = 1670
    Collision candidates           = 3572
    Collision acceptance rate      = 0.467525196

ExecutionTime = 91.16 s  ClockTime = 92 s

ExecutionTime = 91.34 s  ClockTime = 92 s

Time = 4e-05

    Collisions [rank 4]              = 1143
    Collision candidates           = 3430
    Collision acceptance rate      = 0.3332361516

Cloud name: dsmc [rank 7]
    Number of dsmc particles        = 258127
    Number of molecules             = 1.290635e+17
    Mass in system                  = 6.18247665e-09
    Average linear kinetic energy   = 7.543369365e-19
    Average rotational energy       = 5.432792885e-20
    Average vibrational energy      = 3.174258506e-20
    Average electronic energy       = 0
    Average total energy            = 8.404074504e-19
ExecutionTime = 91.58 s  ClockTime = 92 s

Cloud name: dsmc [rank 5]
    Number of dsmc particles        = 292587
    Number of molecules             = 1.462935e+17
    Mass in system                  = 7.00769563e-09
    Average linear kinetic energy   = 9.626270763e-19
    Average rotational energy       = 2.342322348e-20
    Average vibrational energy      = 2.545072461e-20
    Average electronic energy       = 0
    Average total energy            = 1.011501024e-18
ExecutionTime = 91.56 s  ClockTime = 92 s

Cloud name: dsmc [rank 6]
    Number of dsmc particles        = 270959
    Number of molecules             = 1.354795e+17
    Mass in system                  = 6.49084333e-09
    Average linear kinetic energy   = 9.117286348e-19
    Average rotational energy       = 3.089946258e-20
    Average vibrational energy      = 2.712039573e-20
    Average electronic energy       = 0
    Average total energy            = 9.697484931e-19
ExecutionTime = 91.6 s  ClockTime = 92 s

Cloud name: dsmc [rank 0]
    Number of dsmc particles        = 210567
    Number of molecules             = 1.052835e+17
    Mass in system                  = 5.04270302e-09
    Average linear kinetic energy   = 9.403841964e-19
    Average rotational energy       = 2.570707001e-20
    Average vibrational energy      = 2.552491452e-20
    Average electronic energy       = 0
    Average total energy            = 9.916161809e-19
ExecutionTime = 91.58 s  ClockTime = 92 s

Cloud name: dsmc [rank 2]
    Number of dsmc particles        = 327368
    Number of molecules             = 1.63684e+17
    Mass in system                  = 7.8399608e-09
    Average linear kinetic energy   = 1.063996262e-18
    Average rotational energy       = 8.76241566e-21
    Average vibrational energy      = 2.251355699e-20
    Average electronic energy       = 0
    Average total energy            = 1.095272235e-18
ExecutionTime = 91.59 s  ClockTime = 92 s

Cloud name: dsmc [rank 4]
    Number of dsmc particles        = 461530
    Number of molecules             = 2.30765e+17
    Mass in system                  = 1.10559786e-08
    Average linear kinetic energy   = 1.103769495e-18
    Average rotational energy       = 4.156778972e-21
    Average vibrational energy      = 2.183151635e-20
    Average electronic energy       = 0
    Average total energy            = 1.12975779e-18
ExecutionTime = 91.55 s  ClockTime = 92 s

Cloud name: dsmc [rank 1]
    Number of dsmc particles        = 250964
    Number of molecules             = 1.25482e+17
    Mass in system                  = 6.01092887e-09
    Average linear kinetic energy   = 1.115474742e-18
    Average rotational energy       = 2.586093138e-21
    Average vibrational energy      = 2.16399049e-20
    Average electronic energy       = 0
    Average total energy            = 1.13970074e-18
ExecutionTime = 91.55 s  ClockTime = 92 s

Cloud name: dsmc [rank 3]
    Number of dsmc particles        = 313246
    Number of molecules             = 1.56623e+17
    Mass in system                  = 7.50209481e-09
    Average linear kinetic energy   = 1.048570699e-18
    Average rotational energy       = 1.080358199e-20
    Average vibrational energy      = 2.289218604e-20
    Average electronic energy       = 0
    Average total energy            = 1.082266467e-18
ExecutionTime = 91.58 s  ClockTime = 92 s

ExecutionTime = 91.76 s  ClockTime = 92 s

ExecutionTime = 91.8 s  ClockTime = 92 s

ExecutionTime = 91.84 s  ClockTime = 92 s

ExecutionTime = 91.83 s  ClockTime = 92 s

ExecutionTime = 91.81 s  ClockTime = 92 s

ExecutionTime = 91.8 s  ClockTime = 92 s

ExecutionTime = 91.86 s  ClockTime = 92 s

ExecutionTime = 91.85 s  ClockTime = 92 s

ExecutionTime = 91.91 s  ClockTime = 92 s

ExecutionTime = 91.95 s  ClockTime = 92 s

ExecutionTime = 92.01 s  ClockTime = 92 s

ExecutionTime = 92.02 s  ClockTime = 92 s

ExecutionTime = 92.01 s  ClockTime = 92 s

ExecutionTime = 92.06 s  ClockTime = 92 s

ExecutionTime = 92.04 s  ClockTime = 92 s

ExecutionTime = 92.05 s  ClockTime = 92 s

ExecutionTime = 92.06 s  ClockTime = 92 s

ExecutionTime = 92.11 s  ClockTime = 92 s

ExecutionTime = 92.18 s  ClockTime = 93 s

ExecutionTime = 92.17 s  ClockTime = 93 s

ExecutionTime = 92.24 s  ClockTime = 93 s

ExecutionTime = 92.23 s  ClockTime = 93 s

ExecutionTime = 92.2 s  ClockTime = 93 s

ExecutionTime = 92.24 s  ClockTime = 93 s

ExecutionTime = 92.26 s  ClockTime = 93 s

ExecutionTime = 92.3 s  ClockTime = 93 s

ExecutionTime = 92.37 s  ClockTime = 93 s

ExecutionTime = 92.34 s  ClockTime = 93 s

ExecutionTime = 92.41 s  ClockTime = 93 s

ExecutionTime = 92.36 s  ClockTime = 93 s

ExecutionTime = 92.41 s  ClockTime = 93 s

ExecutionTime = 92.43 s  ClockTime = 93 s

ExecutionTime = 92.46 s  ClockTime = 93 s

ExecutionTime = 92.54 s  ClockTime = 93 s

ExecutionTime = 92.51 s  ClockTime = 93 s

ExecutionTime = 92.56 s  ClockTime = 93 s

ExecutionTime = 92.53 s  ClockTime = 93 s

ExecutionTime = 92.61 s  ClockTime = 93 s

ExecutionTime = 92.6 s  ClockTime = 93 s

ExecutionTime = 92.58 s  ClockTime = 93 s

ExecutionTime = 92.66 s  ClockTime = 93 s

ExecutionTime = 92.71 s  ClockTime = 93 s

ExecutionTime = 92.7 s  ClockTime = 93 s

ExecutionTime = 92.72 s  ClockTime = 93 s

ExecutionTime = 92.7 s  ClockTime = 93 s

ExecutionTime = 92.8 s  ClockTime = 93 s

ExecutionTime = 92.79 s  ClockTime = 93 s

ExecutionTime = 92.88 s  ClockTime = 93 s

ExecutionTime = 92.86 s  ClockTime = 93 s

ExecutionTime = 92.84 s  ClockTime = 93 s

ExecutionTime = 92.87 s  ClockTime = 93 s

ExecutionTime = 92.86 s  ClockTime = 93 s

ExecutionTime = 92.89 s  ClockTime = 93 s

ExecutionTime = 93 s  ClockTime = 93 s

ExecutionTime = 93 s  ClockTime = 93 s

ExecutionTime = 93.01 s  ClockTime = 93 s

Time = 4.1e-05

ExecutionTime = 93.06 s  ClockTime = 93 s

ExecutionTime = 93.01 s  ClockTime = 94 s

Time = 4.1e-05

ExecutionTime = 93.06 s  ClockTime = 94 s

ExecutionTime = 93.07 s  ClockTime = 94 s

    Collisions [rank 0]              = 2922
    Collision candidates           = 5365
    Collision acceptance rate      = 0.5446411929

ExecutionTime = 93.09 s  ClockTime = 94 s

ExecutionTime = 93.17 s  ClockTime = 94 s

    Collisions [rank 1]              = 597
    Collision candidates           = 1781
    Collision acceptance rate      = 0.335204941

ExecutionTime = 93.19 s  ClockTime = 94 s

ExecutionTime = 93.24 s  ClockTime = 94 s

Time = 4.1e-05

ExecutionTime = 93.24 s  ClockTime = 94 s

ExecutionTime = 93.25 s  ClockTime = 94 s

Time = 4.1e-05

ExecutionTime = 93.35 s  ClockTime = 94 s

Time = 4.1e-05

    Collisions [rank 6]              = 6376
    Collision candidates           = 12104
    Collision acceptance rate      = 0.5267680106

ExecutionTime = 93.35 s  ClockTime = 94 s

Time = 4.1e-05

ExecutionTime = 93.33 s  ClockTime = 94 s

    Collisions [rank 5]              = 4625
    Collision candidates           = 8798
    Collision acceptance rate      = 0.5256876563

ExecutionTime = 93.42 s  ClockTime = 94 s

Time = 4.1e-05

    Collisions [rank 2]              = 1362
    Collision candidates           = 3043
    Collision acceptance rate      = 0.4475846204

    Collisions [rank 7]              = 11694
    Collision candidates           = 22051
    Collision acceptance rate      = 0.5303160854

    Collisions [rank 3]              = 1716
    Collision candidates           = 3655
    Collision acceptance rate      = 0.469493844

ExecutionTime = 93.53 s  ClockTime = 94 s

ExecutionTime = 93.71 s  ClockTime = 94 s

Time = 4.1e-05

    Collisions [rank 4]              = 1209
    Collision candidates           = 3504
    Collision acceptance rate      = 0.3450342466

Cloud name: dsmc [rank 7]
    Number of dsmc particles        = 260357
    Number of molecules             = 1.301785e+17
    Mass in system                  = 6.23601887e-09
    Average linear kinetic energy   = 7.502209793e-19
    Average rotational energy       = 5.577938026e-20
    Average vibrational energy      = 3.22377577e-20
    Average electronic energy       = 0
    Average total energy            = 8.382381173e-19
ExecutionTime = 93.95 s  ClockTime = 94 s

Cloud name: dsmc [rank 5]
    Number of dsmc particles        = 294009
    Number of molecules             = 1.470045e+17
    Mass in system                  = 7.04173358e-09
    Average linear kinetic energy   = 9.600680866e-19
    Average rotational energy       = 2.424086547e-20
    Average vibrational energy      = 2.558860018e-20
    Average electronic energy       = 0
    Average total energy            = 1.009897552e-18
ExecutionTime = 93.94 s  ClockTime = 94 s

Cloud name: dsmc [rank 6]
    Number of dsmc particles        = 272490
    Number of molecules             = 1.36245e+17
    Mass in system                  = 6.52743208e-09
    Average linear kinetic energy   = 9.084975575e-19
    Average rotational energy       = 3.202758987e-20
    Average vibrational energy      = 2.73976453e-20
    Average electronic energy       = 0
    Average total energy            = 9.679227926e-19
ExecutionTime = 93.97 s  ClockTime = 94 s

Cloud name: dsmc [rank 0]
    Number of dsmc particles        = 211583
    Number of molecules             = 1.057915e+17
    Mass in system                  = 5.06705653e-09
    Average linear kinetic energy   = 9.379284653e-19
    Average rotational energy       = 2.64475086e-20
    Average vibrational energy      = 2.569043791e-20
    Average electronic energy       = 0
    Average total energy            = 9.900664118e-19
ExecutionTime = 93.96 s  ClockTime = 94 s

Cloud name: dsmc [rank 2]
    Number of dsmc particles        = 328186
    Number of molecules             = 1.64093e+17
    Mass in system                  = 7.85972736e-09
    Average linear kinetic energy   = 1.063033197e-18
    Average rotational energy       = 8.982817831e-21
    Average vibrational energy      = 2.254434006e-20
    Average electronic energy       = 0
    Average total energy            = 1.094560355e-18
ExecutionTime = 93.98 s  ClockTime = 94 s

Cloud name: dsmc [rank 4]
    Number of dsmc particles        = 461900
    Number of molecules             = 2.3095e+17
    Mass in system                  = 1.10646473e-08
    Average linear kinetic energy   = 1.103393399e-18
    Average rotational energy       = 4.216902288e-21
    Average vibrational energy      = 2.184282456e-20
    Average electronic energy       = 0
    Average total energy            = 1.129453125e-18
ExecutionTime = 93.92 s  ClockTime = 94 s

Cloud name: dsmc [rank 3]
    Number of dsmc particles        = 314017
    Number of molecules             = 1.570085e+17
    Mass in system                  = 7.52064615e-09
    Average linear kinetic energy   = 1.047183138e-18
    Average rotational energy       = 1.115009474e-20
    Average vibrational energy      = 2.294899437e-20
    Average electronic energy       = 0
    Average total energy            = 1.081282227e-18
ExecutionTime = 93.96 s  ClockTime = 94 s

Cloud name: dsmc [rank 1]
    Number of dsmc particles        = 250938
    Number of molecules             = 1.25469e+17
    Mass in system                  = 6.01022176e-09
    Average linear kinetic energy   = 1.115423332e-18
    Average rotational energy       = 2.588380518e-21
    Average vibrational energy      = 2.164068679e-20
    Average electronic energy       = 0
    Average total energy            = 1.139652399e-18
ExecutionTime = 93.93 s  ClockTime = 94 s

ExecutionTime = 94.14 s  ClockTime = 95 s

ExecutionTime = 94.17 s  ClockTime = 95 s

ExecutionTime = 94.21 s  ClockTime = 95 s

ExecutionTime = 94.18 s  ClockTime = 95 s

ExecutionTime = 94.2 s  ClockTime = 95 s

ExecutionTime = 94.22 s  ClockTime = 95 s

ExecutionTime = 94.18 s  ClockTime = 95 s

ExecutionTime = 94.22 s  ClockTime = 95 s

ExecutionTime = 94.33 s  ClockTime = 95 s

ExecutionTime = 94.31 s  ClockTime = 95 s

ExecutionTime = 94.34 s  ClockTime = 95 s

ExecutionTime = 94.38 s  ClockTime = 95 s

ExecutionTime = 94.39 s  ClockTime = 95 s

ExecutionTime = 94.41 s  ClockTime = 95 s

ExecutionTime = 94.44 s  ClockTime = 95 s

ExecutionTime = 94.42 s  ClockTime = 95 s

ExecutionTime = 94.48 s  ClockTime = 95 s

ExecutionTime = 94.49 s  ClockTime = 95 s

ExecutionTime = 94.54 s  ClockTime = 95 s

ExecutionTime = 94.52 s  ClockTime = 95 s

ExecutionTime = 94.58 s  ClockTime = 95 s

ExecutionTime = 94.61 s  ClockTime = 95 s

ExecutionTime = 94.64 s  ClockTime = 95 s

ExecutionTime = 94.63 s  ClockTime = 95 s

ExecutionTime = 94.66 s  ClockTime = 95 s

ExecutionTime = 94.71 s  ClockTime = 95 s

ExecutionTime = 94.71 s  ClockTime = 95 s

ExecutionTime = 94.7 s  ClockTime = 95 s

ExecutionTime = 94.76 s  ClockTime = 95 s

ExecutionTime = 94.8 s  ClockTime = 95 s

ExecutionTime = 94.8 s  ClockTime = 95 s

ExecutionTime = 94.84 s  ClockTime = 95 s

ExecutionTime = 94.83 s  ClockTime = 95 s

ExecutionTime = 94.9 s  ClockTime = 95 s

ExecutionTime = 94.88 s  ClockTime = 96 s

ExecutionTime = 94.94 s  ClockTime = 96 s

ExecutionTime = 94.96 s  ClockTime = 96 s

ExecutionTime = 94.96 s  ClockTime = 96 s

ExecutionTime = 95.03 s  ClockTime = 96 s

ExecutionTime = 94.98 s  ClockTime = 96 s

ExecutionTime = 95.03 s  ClockTime = 96 s

ExecutionTime = 95.07 s  ClockTime = 96 s

ExecutionTime = 95.1 s  ClockTime = 96 s

ExecutionTime = 95.12 s  ClockTime = 96 s

ExecutionTime = 95.14 s  ClockTime = 96 s

ExecutionTime = 95.15 s  ClockTime = 96 s

ExecutionTime = 95.22 s  ClockTime = 96 s

ExecutionTime = 95.23 s  ClockTime = 96 s

ExecutionTime = 95.22 s  ClockTime = 96 s

ExecutionTime = 95.27 s  ClockTime = 96 s

ExecutionTime = 95.24 s  ClockTime = 96 s

ExecutionTime = 95.28 s  ClockTime = 96 s

ExecutionTime = 95.35 s  ClockTime = 96 s

ExecutionTime = 95.32 s  ClockTime = 96 s

ExecutionTime = 95.4 s  ClockTime = 96 s

ExecutionTime = 95.41 s  ClockTime = 96 s

ExecutionTime = 95.4 s  ClockTime = 96 s

ExecutionTime = 95.42 s  ClockTime = 96 s

Time = 4.2e-05

ExecutionTime = 95.47 s  ClockTime = 96 s

ExecutionTime = 95.48 s  ClockTime = 96 s

Time = 4.2e-05

ExecutionTime = 95.49 s  ClockTime = 96 s

    Collisions [rank 0]              = 2981
    Collision candidates           = 5543
    Collision acceptance rate      = 0.5377954176

ExecutionTime = 95.55 s  ClockTime = 96 s

ExecutionTime = 95.59 s  ClockTime = 96 s

ExecutionTime = 95.6 s  ClockTime = 96 s

ExecutionTime = 95.59 s  ClockTime = 96 s

Time = 4.2e-05

    Collisions [rank 1]              = 529
    Collision candidates           = 1782
    Collision acceptance rate      = 0.2968574635

ExecutionTime = 95.66 s  ClockTime = 96 s

Time = 4.2e-05

    Collisions [rank 5]              = 4606
    Collision candidates           = 9014
    Collision acceptance rate      = 0.5109829155

ExecutionTime = 95.73 s  ClockTime = 96 s

Time = 4.2e-05

ExecutionTime = 95.77 s  ClockTime = 96 s

Time = 4.2e-05

ExecutionTime = 95.74 s  ClockTime = 96 s

    Collisions [rank 6]              = 6371
    Collision candidates           = 12389
    Collision acceptance rate      = 0.514246509

ExecutionTime = 95.78 s  ClockTime = 96 s

Time = 4.2e-05

    Collisions [rank 7]              = 11824
    Collision candidates           = 22833
    Collision acceptance rate      = 0.5178469759

    Collisions [rank 2]              = 1246
    Collision candidates           = 3070
    Collision acceptance rate      = 0.4058631922

    Collisions [rank 3]              = 1705
    Collision candidates           = 3813
    Collision acceptance rate      = 0.4471544715

ExecutionTime = 95.96 s  ClockTime = 97 s

ExecutionTime = 96.16 s  ClockTime = 97 s

Time = 4.2e-05

    Collisions [rank 4]              = 1195
    Collision candidates           = 3433
    Collision acceptance rate      = 0.3480920478


Phase C auto DLB triggered (threshold) at step 420: sar=-0.06651291675 loadImbalance=1.565074414 threshold=1.5

Phase C auto DLB triggered (threshold) at step 420: sar=-0.06651030755 loadImbalance=1.565074414 threshold=1.5

Phase C auto DLB triggered (threshold) at step 420: sar=-0.0665130257 loadImbalance=1.565074414 threshold=1.5

Phase C auto DLB triggered (threshold) at step 420: sar=-0.0665131639 loadImbalance=1.565074414 threshold=1.5

Phase C auto DLB triggered (threshold) at step 420: sar=-0.06651051915 loadImbalance=1.565074414 threshold=1.5

Phase C auto DLB triggered (threshold) at step 420: sar=-0.0665128588 loadImbalance=1.565074414 threshold=1.5

Phase C auto DLB triggered (threshold) at step 420: sar=-0.06650989645 loadImbalance=1.565074414 threshold=1.5

Phase C auto DLB triggered (threshold) at step 420: sar=-0.06651056145 loadImbalance=1.565074414 threshold=1.5
Phase C ParMETIS: alpha=0.8 ncon=2 ubvec=[1.049999952,1.5] moveRatio=0.8116924711 (moveT=37.80407578s, collT=8.770306912s)
Phase C ParMETIS: AdaptiveRepart (104151 cells, 2 constraints, collScale=34.29555023, ubvec=1.049999952)
Phase C ParMETIS: alpha=0.8 ncon=2 ubvec=[1.049999952,1.5] moveRatio=0.7987884999 (moveT=36.91391759s, collT=9.298462274s)
Phase C ParMETIS: AdaptiveRepart (104151 cells, 2 constraints, collScale=37.13541275, ubvec=1.049999952)
Phase C ParMETIS: alpha=0.8 ncon=2 ubvec=[1.049999952,1.5] moveRatio=0.7990927009 (moveT=37.6863717s, collT=9.475079851s)
Phase C ParMETIS: AdaptiveRepart (104151 cells, 2 constraints, collScale=10.32367433, ubvec=1.049999952)
Phase C ParMETIS: alpha=0.8 ncon=2 ubvec=[1.049999952,1.5] moveRatio=0.826223105 (moveT=35.31943649s, collT=7.428625476s)
Phase C ParMETIS: AdaptiveRepart (104151 cells, 2 constraints, collScale=29.79118493, ubvec=1.049999952)
Phase C ParMETIS: alpha=0.8 ncon=2 ubvec=[1.049999952,1.5] moveRatio=0.7938083361 (moveT=36.26805826s, collT=9.420625786s)
Phase C ParMETIS: AdaptiveRepart (104151 cells, 2 constraints, collScale=30.73329475, ubvec=1.049999952)
Phase C ParMETIS: alpha=0.8 ncon=2 ubvec=[1.049999952,1.5] moveRatio=0.784005784 (moveT=36.00706231s, collT=9.919974256s)
Phase C ParMETIS: AdaptiveRepart (104151 cells, 2 constraints, collScale=1.235001729, ubvec=1.049999952)
Phase C ParMETIS: alpha=0.8 ncon=2 ubvec=[1.049999952,1.5] moveRatio=0.8222473711 (moveT=35.14657418s, collT=7.597951878s)
Phase C ParMETIS: AdaptiveRepart (104151 cells, 2 constraints, collScale=30.42024289, ubvec=1.049999952)
Phase C ParMETIS: alpha=0.8 ncon=2 ubvec=[1.049999952,1.5] moveRatio=0.8368319609 (moveT=36.81596994s, collT=7.178489712s)
Phase C ParMETIS: AdaptiveRepart (104151 cells, 2 constraints, collScale=27.84350697, ubvec=1.049999952)
Replicated mesh: rank 0 owns 16095 / 104151 cells
Replicated mesh: rank 1 owns 10048 / 104151 cells
Replicated mesh: rank 2 owns 15871 / 104151 cells
Replicated mesh: rank 3 owns 12378 / 104151 cells
Replicated mesh: rank 6 owns 11231 / 104151 cells
Replicated mesh: rank 4 owns 12628 / 104151 cells
Replicated mesh: rank 5 owns 11596 / 104151 cells
Replicated mesh: rank 7 owns 14304 / 104151 cells
Local mesh: 15871 owned + 458 halo = 16329 / 104151 cellsLocal mesh: 12378 owned + 312 halo = 12690 / 104151 cells
Phase C ParMETIS AdaptiveRepart: 78412 / 104151 cells changed (0.7528684314)
Local mesh: 11231 owned + 312 halo = 11543 / 104151 cells
Phase C ParMETIS AdaptiveRepart: 78412 / 104151 cells changed (0.7528684314)

Phase C ParMETIS AdaptiveRepart: 78412 / 104151 cells changed (0.7528684314)
Local mesh: 10048 owned + 339 halo = 10387 / 104151 cells
Phase C ParMETIS AdaptiveRepart: 78412 / 104151 cells changed (0.7528684314)
Local mesh: 16095 owned + 292 halo = 16387 / 104151 cells
Phase C ParMETIS AdaptiveRepart: 78412 / 104151 cells changed (0.7528684314)
Local mesh: 12628 owned + 355 halo = 12983 / 104151 cells
Phase C ParMETIS AdaptiveRepart: 78412 / 104151 cells changed (0.7528684314)
Local mesh: 11596 owned + 239 halo = 11835 / 104151 cells
Phase C ParMETIS AdaptiveRepart: 78412 / 104151 cells changed (0.7528684314)
Local mesh: 14304 owned + 423 halo = 14727 / 104151 cells
Phase C ParMETIS AdaptiveRepart: 78412 / 104151 cells changed (0.7528684314)
Replicated mesh migration[50]: rank 0 sent 212825 parcels, received 499548 (global 1829480) wall 0.210438168s [pack 0.029236807s MPI 0.143419786s deser 0.00197277s]
Replicated mesh migration[50]: rank 1 sent 87648 parcels, received 63206 (global 1829480) wall 0.210538654s [pack 0.012060373s MPI 0.082647852s deser 0.074537951s]
Replicated mesh migration[50]: rank 2 sent 328843 parcels, received 366402 (global 1829480) wall 0.210654968s [pack 0.034245533s MPI 0.134237994s deser 0.000289355s]
Replicated mesh migration[50]: rank 3 sent 135266 parcels, received 175588 (global 1829480) wall 0.210659538s [pack 0.012668969s MPI 0.134472168s deser 0.021254626s]
Replicated mesh migration[50]: rank 4 sent 387628 parcels, received 173217 (global 1829480) wall 0.210446385s [pack 0.023396407s MPI 0.06974223s deser 0.021508287s]
Replicated mesh migration[50]: rank 5 sent 295372 parcels, received 213435 (global 1829480) wall 0.210411383s [pack 0.022657709s MPI 0.08697179s deser 0.063554116s]
Replicated mesh migration[50]: rank 6 sent 119319 parcels, received 58831 (global 1829480) wall 0.210671504s [pack 0.022049241s MPI 0.083479793s deser 0.069130046s]
Replicated mesh migration[50]: rank 7 sent 262579 parcels, received 279253 (global 1829480) wall 0.210405619s [pack 0.033433907s MPI 0.119132849s deser 0.026639589s]
Phase C auto DLB complete: rebalance #7

Phase C auto DLB complete: rebalance #7

Phase C auto DLB complete: rebalance #7

Phase C auto DLB complete: rebalance #7

Phase C auto DLB complete: rebalance #7

Phase C auto DLB complete: rebalance #7

Phase C auto DLB complete: rebalance #7

Phase C auto DLB complete: rebalance #7

Written cellOwner field at time 4.2e-05
Cloud name: dsmc [rank 7]
    Number of dsmc particles        = 279440
    Number of molecules             = 1.3972e+17
    Mass in system                  = 6.69223028e-09
    Average linear kinetic energy   = 8.478820545e-19
    Average rotational energy       = 3.827125399e-20
    Average vibrational energy      = 2.763351548e-20
    Average electronic energy       = 0
    Average total energy            = 9.13786824e-19
ExecutionTime = 96.63 s  ClockTime = 97 s

Cloud name: dsmc [rank 5]
    Number of dsmc particles        = 213435
    Number of molecules             = 1.067175e+17
    Mass in system                  = 5.11106219e-09
    Average linear kinetic energy   = 9.658618892e-19
    Average rotational energy       = 3.33059537e-20
    Average vibrational energy      = 2.728084437e-20
    Average electronic energy       = 0
    Average total energy            = 1.026448687e-18
ExecutionTime = 96.61 s  ClockTime = 97 s

Cloud name: dsmc [rank 6]
    Number of dsmc particles        = 213504
    Number of molecules             = 1.06752e+17
    Mass in system                  = 5.11420559e-09
    Average linear kinetic energy   = 6.773919255e-19
    Average rotational energy       = 6.690786984e-20
    Average vibrational energy      = 3.457928526e-20
    Average electronic energy       = 0
    Average total energy            = 7.788790806e-19
ExecutionTime = 96.65 s  ClockTime = 97 s

Cloud name: dsmc [rank 2]
    Number of dsmc particles        = 366402
    Number of molecules             = 1.83201e+17
    Mass in system                  = 8.77661937e-09
    Average linear kinetic energy   = 9.601088006e-19
    Average rotational energy       = 2.105252981e-20
    Average vibrational energy      = 2.542193629e-20
    Average electronic energy       = 0
    Average total energy            = 1.006583267e-18
ExecutionTime = 96.65 s  ClockTime = 97 s

Cloud name: dsmc [rank 4]
    Number of dsmc particles        = 247812
    Number of molecules             = 1.23906e+17
    Mass in system                  = 5.9346427e-09
    Average linear kinetic energy   = 1.031326e-18
    Average rotational energy       = 1.309640561e-20
    Average vibrational energy      = 2.310286402e-20
    Average electronic energy       = 0
    Average total energy            = 1.06752527e-18
ExecutionTime = 96.6 s  ClockTime = 97 s

Cloud name: dsmc [rank 0]
    Number of dsmc particles        = 499548
    Number of molecules             = 2.49774e+17
    Mass in system                  = 1.19667081e-08
    Average linear kinetic energy   = 1.110287681e-18
    Average rotational energy       = 3.36920122e-21
    Average vibrational energy      = 2.17361558e-20
    Average electronic energy       = 0
    Average total energy            = 1.135393038e-18
ExecutionTime = 96.63 s  ClockTime = 97 s

Cloud name: dsmc [rank 1]
    Number of dsmc particles        = 226413
    Number of molecules             = 1.132065e+17
    Mass in system                  = 5.42313451e-09
    Average linear kinetic energy   = 1.096561701e-18
    Average rotational energy       = 4.233917873e-21
    Average vibrational energy      = 2.205121743e-20
    Average electronic energy       = 0
    Average total energy            = 1.122846836e-18
ExecutionTime = 96.61 s  ClockTime = 97 s

Cloud name: dsmc [rank 3]
    Number of dsmc particles        = 354945
    Number of molecules             = 1.774725e+17
    Mass in system                  = 8.50085696e-09
    Average linear kinetic energy   = 1.115489513e-18
    Average rotational energy       = 2.581584414e-21
    Average vibrational energy      = 2.164356177e-20
    Average electronic energy       = 0
    Average total energy            = 1.139714659e-18
ExecutionTime = 96.64 s  ClockTime = 97 s

ExecutionTime = 96.79 s  ClockTime = 98 s

ExecutionTime = 96.8 s  ClockTime = 98 s

ExecutionTime = 96.81 s  ClockTime = 98 s

ExecutionTime = 96.86 s  ClockTime = 98 s

ExecutionTime = 96.86 s  ClockTime = 98 s

ExecutionTime = 96.86 s  ClockTime = 98 s

ExecutionTime = 96.89 s  ClockTime = 98 s

ExecutionTime = 96.9 s  ClockTime = 98 s

ExecutionTime = 96.98 s  ClockTime = 98 s

ExecutionTime = 96.99 s  ClockTime = 98 s

ExecutionTime = 97.01 s  ClockTime = 98 s

ExecutionTime = 97.08 s  ClockTime = 98 s

ExecutionTime = 97.12 s  ClockTime = 98 s

ExecutionTime = 97.1 s  ClockTime = 98 s

ExecutionTime = 97.15 s  ClockTime = 98 s

ExecutionTime = 97.13 s  ClockTime = 98 s

ExecutionTime = 97.17 s  ClockTime = 98 s

ExecutionTime = 97.16 s  ClockTime = 98 s

ExecutionTime = 97.17 s  ClockTime = 98 s

ExecutionTime = 97.26 s  ClockTime = 98 s

ExecutionTime = 97.31 s  ClockTime = 98 s

ExecutionTime = 97.27 s  ClockTime = 98 s

ExecutionTime = 97.31 s  ClockTime = 98 s

ExecutionTime = 97.32 s  ClockTime = 98 s

ExecutionTime = 97.39 s  ClockTime = 98 s

ExecutionTime = 97.35 s  ClockTime = 98 s

ExecutionTime = 97.44 s  ClockTime = 98 s

ExecutionTime = 97.45 s  ClockTime = 98 s

ExecutionTime = 97.43 s  ClockTime = 98 s

ExecutionTime = 97.5 s  ClockTime = 98 s

ExecutionTime = 97.48 s  ClockTime = 98 s

ExecutionTime = 97.56 s  ClockTime = 98 s

ExecutionTime = 97.6 s  ClockTime = 98 s

ExecutionTime = 97.54 s  ClockTime = 98 s

ExecutionTime = 97.57 s  ClockTime = 98 s

ExecutionTime = 97.64 s  ClockTime = 98 s

ExecutionTime = 97.64 s  ClockTime = 99 s

ExecutionTime = 97.71 s  ClockTime = 99 s

ExecutionTime = 97.71 s  ClockTime = 99 s

ExecutionTime = 97.73 s  ClockTime = 99 s

ExecutionTime = 97.74 s  ClockTime = 99 s

ExecutionTime = 97.83 s  ClockTime = 99 s

ExecutionTime = 97.8 s  ClockTime = 99 s

ExecutionTime = 97.81 s  ClockTime = 99 s

ExecutionTime = 97.86 s  ClockTime = 99 s

ExecutionTime = 97.85 s  ClockTime = 99 s

ExecutionTime = 97.92 s  ClockTime = 99 s

ExecutionTime = 97.92 s  ClockTime = 99 s

ExecutionTime = 98.01 s  ClockTime = 99 s

ExecutionTime = 97.98 s  ClockTime = 99 s

ExecutionTime = 98 s  ClockTime = 99 s

Time = 4.3e-05

ExecutionTime = 98.03 s  ClockTime = 99 s

ExecutionTime = 98.06 s  ClockTime = 99 s

ExecutionTime = 98.08 s  ClockTime = 99 s

ExecutionTime = 98.11 s  ClockTime = 99 s

    Collisions [rank 5]              = 3109
    Collision candidates           = 5528
    Collision acceptance rate      = 0.5624095514

ExecutionTime = 98.1 s  ClockTime = 99 s

ExecutionTime = 98.16 s  ClockTime = 99 s

Time = 4.3e-05

ExecutionTime = 98.23 s  ClockTime = 99 s

ExecutionTime = 98.26 s  ClockTime = 99 s

ExecutionTime = 98.29 s  ClockTime = 99 s

ExecutionTime = 98.28 s  ClockTime = 99 s

ExecutionTime = 98.31 s  ClockTime = 99 s

    Collisions [rank 1]              = 1057
    Collision candidates           = 2552
    Collision acceptance rate      = 0.414184953

ExecutionTime = 98.29 s  ClockTime = 99 s

Time = 4.3e-05

    Collisions [rank 4]              = 1206
    Collision candidates           = 2484
    Collision acceptance rate      = 0.4855072464

ExecutionTime = 98.44 s  ClockTime = 99 s

ExecutionTime = 98.48 s  ClockTime = 99 s

Time = 4.3e-05

ExecutionTime = 98.47 s  ClockTime = 99 s

Time = 4.3e-05

ExecutionTime = 98.5 s  ClockTime = 99 s

ExecutionTime = 98.51 s  ClockTime = 99 s

    Collisions [rank 7]              = 5464
    Collision candidates           = 10238
    Collision acceptance rate      = 0.5336979879

    Collisions [rank 6]              = 10633
    Collision candidates           = 19977
    Collision acceptance rate      = 0.5322621014

ExecutionTime = 98.65 s  ClockTime = 100 s

Time = 4.3e-05

ExecutionTime = 98.7 s  ClockTime = 100 s

Time = 4.3e-05

ExecutionTime = 98.72 s  ClockTime = 100 s

    Collisions [rank 3]              = 850
    Collision candidates           = 2620
    Collision acceptance rate      = 0.3244274809

    Collisions [rank 2]              = 7214
    Collision candidates           = 14301
    Collision acceptance rate      = 0.5044402489

ExecutionTime = 98.91 s  ClockTime = 100 s

Time = 4.3e-05

    Collisions [rank 0]              = 1194
    Collision candidates           = 3520
    Collision acceptance rate      = 0.3392045455

Cloud name: dsmc [rank 7]
    Number of dsmc particles        = 279731
    Number of molecules             = 1.398655e+17
    Mass in system                  = 6.69918801e-09
    Average linear kinetic energy   = 8.429485575e-19
    Average rotational energy       = 3.950480797e-20
    Average vibrational energy      = 2.78601541e-20
    Average electronic energy       = 0
    Average total energy            = 9.103135196e-19
ExecutionTime = 99.09 s  ClockTime = 100 s

Cloud name: dsmc [rank 5]
    Number of dsmc particles        = 215590
    Number of molecules             = 1.07795e+17
    Mass in system                  = 5.16271502e-09
    Average linear kinetic energy   = 9.639523683e-19
    Average rotational energy       = 3.470732003e-20
    Average vibrational energy      = 2.758107483e-20
    Average electronic energy       = 0
    Average total energy            = 1.026240763e-18
ExecutionTime = 99.07 s  ClockTime = 100 s

Cloud name: dsmc [rank 2]
    Number of dsmc particles        = 369588
    Number of molecules             = 1.84794e+17
    Mass in system                  = 8.85297446e-09
    Average linear kinetic energy   = 9.585404511e-19
    Average rotational energy       = 2.105407396e-20
    Average vibrational energy      = 2.550468225e-20
    Average electronic energy       = 0
    Average total energy            = 1.005099207e-18
ExecutionTime = 99.12 s  ClockTime = 100 s

Cloud name: dsmc [rank 6]
    Number of dsmc particles        = 213756
    Number of molecules             = 1.06878e+17
    Mass in system                  = 5.12031946e-09
    Average linear kinetic energy   = 6.686800149e-19
    Average rotational energy       = 6.943027421e-20
    Average vibrational energy      = 3.528166869e-20
    Average electronic energy       = 0
    Average total energy            = 7.733919578e-19
ExecutionTime = 99.11 s  ClockTime = 100 s

Cloud name: dsmc [rank 4]
    Number of dsmc particles        = 247909
    Number of molecules             = 1.239545e+17
    Mass in system                  = 5.93705683e-09
    Average linear kinetic energy   = 1.029961807e-18
    Average rotational energy       = 1.339136279e-20
    Average vibrational energy      = 2.314452952e-20
    Average electronic energy       = 0
    Average total energy            = 1.0664977e-18
ExecutionTime = Cloud name: dsmc [rank 0]
    Number of dsmc particles        = 494166
    Number of molecules             = 2.47083e+17
    Mass in system                  = 1.183758805e-08
    Average linear kinetic energy   = 1.110127207e-18
    Average rotational energy       = 3.373318723e-21
    Average vibrational energy      = 2.173629407e-20
    Average electronic energy       = 0
    Average total energy            = 1.13523682e-18
ExecutionTime = 99.1 s  ClockTime = 100 s

99.07 s  ClockTime = 100 s

Cloud name: dsmc [rank 1]
    Number of dsmc particles        = 230527
    Number of molecules             = 1.152635e+17
    Mass in system                  = 5.52172429e-09
    Average linear kinetic energy   = 1.096547941e-18
    Average rotational energy       = 4.083883618e-21
    Average vibrational energy      = 2.203607162e-20
    Average electronic energy       = 0
    Average total energy            = 1.122667896e-18
ExecutionTime = 99.07 s  ClockTime = 100 s

Cloud name: dsmc [rank 3]
    Number of dsmc particles        = 358598
    Number of molecules             = 1.79299e+17
    Mass in system                  = 8.58829488e-09
    Average linear kinetic energy   = 1.115517118e-18
    Average rotational energy       = 2.580929813e-21
    Average vibrational energy      = 2.164389022e-20
    Average electronic energy       = 0
    Average total energy            = 1.139741938e-18
ExecutionTime = 99.1 s  ClockTime = 100 s

ExecutionTime = 99.3 s  ClockTime = 100 s

ExecutionTime = 99.3 s  ClockTime = 100 s

ExecutionTime = 99.3 s  ClockTime = 100 s

ExecutionTime = 99.34 s  ClockTime = 100 s

ExecutionTime = 99.36 s  ClockTime = 100 s

ExecutionTime = 99.39 s  ClockTime = 100 s

ExecutionTime = 99.38 s  ClockTime = 100 s

ExecutionTime = 99.39 s  ClockTime = 100 s

ExecutionTime = 99.44 s  ClockTime = 100 s

ExecutionTime = 99.45 s  ClockTime = 100 s

ExecutionTime = 99.49 s  ClockTime = 100 s

ExecutionTime = 99.57 s  ClockTime = 100 s

ExecutionTime = 99.56 s  ClockTime = 100 s

ExecutionTime = 99.59 s  ClockTime = 100 s

ExecutionTime = 99.63 s  ClockTime = 101 s

ExecutionTime = 99.61 s  ClockTime = 101 s

ExecutionTime = 99.63 s  ClockTime = 101 s

ExecutionTime = 99.62 s  ClockTime = 101 s

ExecutionTime = 99.68 s  ClockTime = 101 s

ExecutionTime = 99.77 s  ClockTime = 101 s

ExecutionTime = 99.76 s  ClockTime = 101 s

ExecutionTime = 99.76 s  ClockTime = 101 s

ExecutionTime = 99.78 s  ClockTime = 101 s

ExecutionTime = 99.83 s  ClockTime = 101 s

ExecutionTime = 99.87 s  ClockTime = 101 s

ExecutionTime = 99.86 s  ClockTime = 101 s

ExecutionTime = 99.91 s  ClockTime = 101 s

ExecutionTime = 99.9 s  ClockTime = 101 s

ExecutionTime = 99.98 s  ClockTime = 101 s

ExecutionTime = 99.97 s  ClockTime = 101 s

ExecutionTime = 99.97 s  ClockTime = 101 s

ExecutionTime = 100.09 s  ClockTime = 101 s

ExecutionTime = 100.05 s  ClockTime = 101 s

ExecutionTime = 100.08 s  ClockTime = 101 s

ExecutionTime = 100.05 s  ClockTime = 101 s

ExecutionTime = 100.16 s  ClockTime = 101 s

ExecutionTime = 100.14 s  ClockTime = 101 s

ExecutionTime = 100.18 s  ClockTime = 101 s

ExecutionTime = 100.19 s  ClockTime = 101 s

ExecutionTime = 100.2 s  ClockTime = 101 s

ExecutionTime = 100.22 s  ClockTime = 101 s

ExecutionTime = 100.32 s  ClockTime = 101 s

ExecutionTime = 100.32 s  ClockTime = 101 s

ExecutionTime = 100.31 s  ClockTime = 101 s

ExecutionTime = 100.36 s  ClockTime = 101 s

ExecutionTime = 100.33 s  ClockTime = 101 s

ExecutionTime = 100.39 s  ClockTime = 101 s

ExecutionTime = 100.41 s  ClockTime = 101 s

ExecutionTime = 100.46 s  ClockTime = 101 s

ExecutionTime = 100.47 s  ClockTime = 101 s

Time = 4.4e-05

ExecutionTime = 100.48 s  ClockTime = 101 s

ExecutionTime = 100.56 s  ClockTime = 102 s

ExecutionTime = 100.56 s  ClockTime = 102 s

ExecutionTime = 100.56 s  ClockTime = 102 s

    Collisions [rank 5]              = 3145
    Collision candidates           = 5917
    Collision acceptance rate      = 0.531519351

ExecutionTime = 100.6 s  ClockTime = 102 s

ExecutionTime = 100.59 s  ClockTime = 102 s

ExecutionTime = 100.63 s  ClockTime = 102 s

Time = 4.4e-05

ExecutionTime = 100.74 s  ClockTime = 102 s

ExecutionTime = 100.73 s  ClockTime = 102 s

ExecutionTime = 100.77 s  ClockTime = 102 s

ExecutionTime = 100.78 s  ClockTime = 102 s

    Collisions [rank 1]              = 1056
    Collision candidates           = 2650
    Collision acceptance rate      = 0.398490566

ExecutionTime = 100.76 s  ClockTime = 102 s

Time = 4.4e-05

ExecutionTime = 100.81 s  ClockTime = 102 s

    Collisions [rank 4]              = 1222
    Collision candidates           = 2514
    Collision acceptance rate      = 0.4860779634

ExecutionTime = 100.92 s  ClockTime = 102 s

Time = 4.4e-05

ExecutionTime = 100.97 s  ClockTime = 102 s

Time = 4.4e-05

ExecutionTime = 100.97 s  ClockTime = 102 s

ExecutionTime = 101.01 s  ClockTime = 102 s

ExecutionTime = 101 s  ClockTime = 102 s

    Collisions [rank 6]              = 10718
    Collision candidates           = 20409
    Collision acceptance rate      = 0.5251604684

    Collisions [rank 7]              = 5607
    Collision candidates           = 10499
    Collision acceptance rate      = 0.534050862

ExecutionTime = 101.19 s  ClockTime = 102 s

Time = 4.4e-05

ExecutionTime = 101.2 s  ClockTime = 102 s

Time = 4.4e-05

ExecutionTime = 101.21 s  ClockTime = 102 s

    Collisions [rank 2]              = 7342
    Collision candidates           = 14945
    Collision acceptance rate      = 0.4912679826

    Collisions [rank 3]              = 793
    Collision candidates           = 2518
    Collision acceptance rate      = 0.3149324861

ExecutionTime = 101.41 s  ClockTime = 102 s

Time = 4.4e-05

    Collisions [rank 0]              = 1223
    Collision candidates           = 3628
    Collision acceptance rate      = 0.3371003308

Cloud name: dsmc [rank 7]
    Number of dsmc particles        = 282018
    Number of molecules             = 1.41009e+17
    Mass in system                  = 6.75403562e-09
    Average linear kinetic energy   = 8.403481074e-19
    Average rotational energy       = 4.039775409e-20
    Average vibrational energy      = 2.811173522e-20
    Average electronic energy       = 0
    Average total energy            = 9.088575967e-19
ExecutionTime = 101.61 s  ClockTime = 103 s

Cloud name: dsmc [rank 5]
    Number of dsmc particles        = 216794
    Number of molecules             = 1.08397e+17
    Mass in system                  = 5.19146601e-09
    Average linear kinetic energy   = 9.603168915e-19
    Average rotational energy       = 3.562306376e-20
    Average vibrational energy      = 2.785731192e-20
    Average electronic energy       = 0
    Average total energy            = 1.023797267e-18
ExecutionTime = 101.6 s  ClockTime = 103 s

Cloud name: dsmc [rank 6]
    Number of dsmc particles        = 216224
    Number of molecules             = 1.08112e+17
    Mass in system                  = 5.17937201e-09
    Average linear kinetic energy   = 6.650531897e-19
    Average rotational energy       = 7.117202913e-20
    Average vibrational energy      = 3.581387497e-20
    Average electronic energy       = 0
    Average total energy            = 7.720390938e-19
ExecutionTime = 101.63 s  ClockTime = 103 s

Cloud name: dsmc [rank 2]
    Number of dsmc particles        = 370658
    Number of molecules             = 1.85329e+17
    Mass in system                  = 8.87861988e-09
    Average linear kinetic energy   = 9.568133067e-19
    Average rotational energy       = 2.138189135e-20
    Average vibrational energy      = 2.562058957e-20
    Average electronic energy       = 0
    Average total energy            = 1.003815788e-18
ExecutionTime = 101.64 s  ClockTime = 103 s

Cloud name: dsmc [rank 4]
    Number of dsmc particles        = 248683
    Number of molecules             = 1.243415e+17
    Mass in system                  = 5.95554552e-09
    Average linear kinetic energy   = 1.028379211e-18
    Average rotational energy       = 1.374148826e-20
    Average vibrational energy      = 2.320030357e-20
    Average electronic energy       = 0
    Average total energy            = 1.065321003e-18
ExecutionTime = 101.58 s  ClockTime = 103 s

Cloud name: dsmc [rank 0]
    Number of dsmc particles        = 494386
    Number of molecules             = 2.47193e+17
    Mass in system                  = 1.184297778e-08
    Average linear kinetic energy   = 1.110005472e-18
    Average rotational energy       = 3.400826055e-21
    Average vibrational energy      = 2.173901295e-20
    Average electronic energy       = 0
    Average total energy            = 1.135145311e-18
ExecutionTime = 101.61 s  ClockTime = 103 s

Cloud name: dsmc [rank 1]
    Number of dsmc particles        = 230476
    Number of molecules             = 1.15238e+17
    Mass in system                  = 5.52044255e-09
    Average linear kinetic energy   = 1.096265391e-18
    Average rotational energy       = 4.024210226e-21
    Average vibrational energy      = 2.202282854e-20
    Average electronic energy       = 0
    Average total energy            = 1.12231243e-18
ExecutionTime = 101.59 s  ClockTime = 103 s

Cloud name: dsmc [rank 3]
    Number of dsmc particles        = 358648
    Number of molecules             = 1.79324e+17
    Mass in system                  = 8.58967253e-09
    Average linear kinetic energy   = 1.115535798e-18
    Average rotational energy       = 2.580636173e-21
    Average vibrational energy      = 2.164272204e-20
    Average electronic energy       = 0
    Average total energy            = 1.139759156e-18
ExecutionTime = 101.62 s  ClockTime = 103 s

ExecutionTime = 101.81 s  ClockTime = 103 s

ExecutionTime = 101.83 s  ClockTime = 103 s

ExecutionTime = 101.82 s  ClockTime = 103 s

ExecutionTime = 101.87 s  ClockTime = 103 s

ExecutionTime = 101.88 s  ClockTime = 103 s

ExecutionTime = 101.91 s  ClockTime = 103 s

ExecutionTime = 101.89 s  ClockTime = 103 s

ExecutionTime = 101.91 s  ClockTime = 103 s

ExecutionTime = 101.98 s  ClockTime = 103 s

ExecutionTime = 102 s  ClockTime = 103 s

ExecutionTime = 102.01 s  ClockTime = 103 s

ExecutionTime = 102.07 s  ClockTime = 103 s

ExecutionTime = 102.1 s  ClockTime = 103 s

ExecutionTime = 102.11 s  ClockTime = 103 s

ExecutionTime = 102.15 s  ClockTime = 103 s

ExecutionTime = 102.14 s  ClockTime = 103 s

ExecutionTime = 102.17 s  ClockTime = 103 s

ExecutionTime = 102.18 s  ClockTime = 103 s

ExecutionTime = 102.2 s  ClockTime = 103 s

ExecutionTime = 102.29 s  ClockTime = 103 s

ExecutionTime = 102.32 s  ClockTime = 103 s

ExecutionTime = 102.3 s  ClockTime = 103 s

ExecutionTime = 102.38 s  ClockTime = 103 s

ExecutionTime = 102.36 s  ClockTime = 103 s

ExecutionTime = 102.35 s  ClockTime = 104 s

ExecutionTime = 102.37 s  ClockTime = 104 s

ExecutionTime = 102.45 s  ClockTime = 104 s

ExecutionTime = 102.44 s  ClockTime = 104 s

ExecutionTime = 102.52 s  ClockTime = 104 s

ExecutionTime = 102.51 s  ClockTime = 104 s

ExecutionTime = 102.51 s  ClockTime = 104 s

ExecutionTime = 102.61 s  ClockTime = 104 s

ExecutionTime = 102.56 s  ClockTime = 104 s

ExecutionTime = 102.6 s  ClockTime = 104 s

ExecutionTime = 102.6 s  ClockTime = 104 s

ExecutionTime = 102.67 s  ClockTime = 104 s

ExecutionTime = 102.71 s  ClockTime = 104 s

ExecutionTime = 102.74 s  ClockTime = 104 s

ExecutionTime = 102.74 s  ClockTime = 104 s

ExecutionTime = 102.74 s  ClockTime = 104 s

ExecutionTime = 102.74 s  ClockTime = 104 s

ExecutionTime = 102.83 s  ClockTime = 104 s

ExecutionTime = 102.86 s  ClockTime = 104 s

ExecutionTime = 102.85 s  ClockTime = 104 s

ExecutionTime = 102.89 s  ClockTime = 104 s

ExecutionTime = 102.92 s  ClockTime = 104 s

ExecutionTime = 102.96 s  ClockTime = 104 s

ExecutionTime = 102.93 s  ClockTime = 104 s

ExecutionTime = 103.01 s  ClockTime = 104 s

ExecutionTime = 103.01 s  ClockTime = 104 s

ExecutionTime = 103.1 s  ClockTime = 104 s

ExecutionTime = 103.08 s  ClockTime = 104 s

ExecutionTime = 103.06 s  ClockTime = 104 s

Time = 4.5e-05

ExecutionTime = 103.13 s  ClockTime = 104 s

ExecutionTime = 103.16 s  ClockTime = 104 s

ExecutionTime = 103.12 s  ClockTime = 104 s

    Collisions [rank 5]              = 3157
    Collision candidates           = 5996
    Collision acceptance rate      = 0.5265176785

ExecutionTime = 103.18 s  ClockTime = 104 s

Time = 4.5e-05

ExecutionTime = 103.27 s  ClockTime = 104 s

ExecutionTime = 103.31 s  ClockTime = 105 s

ExecutionTime = 103.34 s  ClockTime = 105 s

    Collisions [rank 1]              = 995
    Collision candidates           = 2699
    Collision acceptance rate      = 0.3686550574

ExecutionTime = 103.34 s  ClockTime = 105 s

ExecutionTime = 103.31 s  ClockTime = 105 s

Time = 4.5e-05

ExecutionTime = 103.37 s  ClockTime = 105 s

    Collisions [rank 4]              = 1250
    Collision candidates           = 2536
    Collision acceptance rate      = 0.4929022082

ExecutionTime = 103.52 s  ClockTime = 105 s

ExecutionTime = 103.52 s  ClockTime = 105 s

Time = 4.5e-05

ExecutionTime = 103.53 s  ClockTime = 105 s

ExecutionTime = 103.58 s  ClockTime = 105 s

ExecutionTime = 103.57 s  ClockTime = 105 s

Time = 4.5e-05

    Collisions [rank 7]              = 5782
    Collision candidates           = 10792
    Collision acceptance rate      = 0.535767235

    Collisions [rank 6]              = 11010
    Collision candidates           = 21039
    Collision acceptance rate      = 0.5233138457

ExecutionTime = 103.73 s  ClockTime = 105 s

Time = 4.5e-05

ExecutionTime = 103.8 s  ClockTime = 105 s

Time = 4.5e-05

ExecutionTime = 103.78 s  ClockTime = 105 s

    Collisions [rank 3]              = 791
    Collision candidates           = 2570
    Collision acceptance rate      = 0.3077821012

    Collisions [rank 2]              = 7271
    Collision candidates           = 15151
    Collision acceptance rate      = 0.4799023167

ExecutionTime = 103.99 s  ClockTime = 105 s

Time = 4.5e-05

    Collisions [rank 0]              = 1170
    Collision candidates           = 3575
    Collision acceptance rate      = 0.3272727273

Cloud name: dsmc [rank 7]
    Number of dsmc particles        = 284285
    Number of molecules             = 1.421425e+17
    Mass in system                  = 6.80815343e-09
    Average linear kinetic energy   = 8.374562683e-19
    Average rotational energy       = 4.138756755e-20
    Average vibrational energy      = 2.833841792e-20
    Average electronic energy       = 0
    Average total energy            = 9.071822538e-19
ExecutionTime = 104.19 s  ClockTime = 105 s

Cloud name: dsmc [rank 5]
    Number of dsmc particles        = 217927
    Number of molecules             = 1.089635e+17
    Mass in system                  = 5.21853977e-09
    Average linear kinetic energy   = 9.563535842e-19
    Average rotational energy       = 3.679050525e-20
    Average vibrational energy      = 2.823916152e-20
    Average electronic energy       = 0
    Average total energy            = 1.021383251e-18
ExecutionTime = 104.17 s  ClockTime = 105 s

Cloud name: dsmc [rank 6]
    Number of dsmc particles        = 218484
    Number of molecules             = 1.09242e+17
    Mass in system                  = 5.23362828e-09
    Average linear kinetic energy   = 6.612635511e-19
    Average rotational energy       = 7.284165879e-20
    Average vibrational energy      = 3.635427769e-20
    Average electronic energy       = 0
    Average total energy            = 7.704594876e-19
ExecutionTime = 104.21 s  ClockTime = 105 s

Cloud name: dsmc [rank 2]
    Number of dsmc particles        = 371763
    Number of molecules             = 1.858815e+17
    Mass in system                  = 8.90505919e-09
    Average linear kinetic energy   = 9.55184603e-19
    Average rotational energy       = 2.180068105e-20
    Average vibrational energy      = 2.570543404e-20
    Average electronic energy       = 0
    Average total energy            = 1.002690718e-18
ExecutionTime = 104.21 s  ClockTime = 105 s

Cloud name: dsmc [rank 4]
    Number of dsmc particles        = 249733
    Number of molecules             = 1.248665e+17
    Mass in system                  = 5.98059023e-09
    Average linear kinetic energy   = 1.026840305e-18
    Average rotational energy       = 1.411823349e-20
    Average vibrational energy      = 2.325552897e-20
    Average electronic energy       = 0
    Average total energy            = 1.064214067e-18
ExecutionTime = 104.16 s  ClockTime = 105 s

Cloud name: dsmc [rank 0]
    Number of dsmc particles        = 494596
    Number of molecules             = 2.47298e+17
    Mass in system                  = 1.184794303e-08
    Average linear kinetic energy   = 1.109829077e-18
    Average rotational energy       = 3.434457019e-21
    Average vibrational energy      = 2.174118235e-20
    Average electronic energy       = 0
    Average total energy            = 1.135004717e-18
ExecutionTime = 104.19 s  ClockTime = 105 s

Cloud name: dsmc [rank 1]
    Number of dsmc particles        = 230657
    Number of molecules             = 1.153285e+17
    Mass in system                  = 5.52489574e-09
    Average linear kinetic energy   = 1.095927198e-18
    Average rotational energy       = 4.032724881e-21
    Average vibrational energy      = 2.201766754e-20
    Average electronic energy       = 0
    Average total energy            = 1.121977591e-18
ExecutionTime = 104.16 s  ClockTime = 105 s

Cloud name: dsmc [rank 3]
    Number of dsmc particles        = 358638
    Number of molecules             = 1.79319e+17
    Mass in system                  = 8.58951947e-09
    Average linear kinetic energy   = 1.115522536e-18
    Average rotational energy       = 2.582208509e-21
    Average vibrational energy      = 2.164216155e-20
    Average electronic energy       = 0
    Average total energy            = 1.139746906e-18
ExecutionTime = 104.21 s  ClockTime = 105 s

ExecutionTime = 104.4 s  ClockTime = 106 s

ExecutionTime = 104.39 s  ClockTime = 106 s

ExecutionTime = 104.39 s  ClockTime = 106 s

ExecutionTime = 104.44 s  ClockTime = 106 s

ExecutionTime = 104.45 s  ClockTime = 106 s

ExecutionTime = 104.46 s  ClockTime = 106 s

ExecutionTime = 104.48 s  ClockTime = 106 s

ExecutionTime = 104.48 s  ClockTime = 106 s

ExecutionTime = 104.55 s  ClockTime = 106 s

ExecutionTime = 104.56 s  ClockTime = 106 s

ExecutionTime = 104.58 s  ClockTime = 106 s

ExecutionTime = 104.65 s  ClockTime = 106 s

ExecutionTime = 104.67 s  ClockTime = 106 s

ExecutionTime = 104.67 s  ClockTime = 106 s

ExecutionTime = 104.73 s  ClockTime = 106 s

ExecutionTime = 104.71 s  ClockTime = 106 s

ExecutionTime = 104.75 s  ClockTime = 106 s

ExecutionTime = 104.73 s  ClockTime = 106 s

ExecutionTime = 104.77 s  ClockTime = 106 s

ExecutionTime = 104.86 s  ClockTime = 106 s

ExecutionTime = 104.88 s  ClockTime = 106 s

ExecutionTime = 104.86 s  ClockTime = 106 s

ExecutionTime = 104.9 s  ClockTime = 106 s

ExecutionTime = 104.89 s  ClockTime = 106 s

ExecutionTime = 104.98 s  ClockTime = 106 s

ExecutionTime = 104.96 s  ClockTime = 106 s

ExecutionTime = 105.01 s  ClockTime = 106 s

ExecutionTime = 105.02 s  ClockTime = 106 s

ExecutionTime = 105.08 s  ClockTime = 106 s

ExecutionTime = 105.06 s  ClockTime = 106 s

ExecutionTime = 105.1 s  ClockTime = 106 s

ExecutionTime = 105.14 s  ClockTime = 106 s

ExecutionTime = 105.13 s  ClockTime = 106 s

ExecutionTime = 105.16 s  ClockTime = 106 s

ExecutionTime = 105.23 s  ClockTime = 106 s

ExecutionTime = 105.27 s  ClockTime = 107 s

ExecutionTime = 105.24 s  ClockTime = 107 s

ExecutionTime = 105.29 s  ClockTime = 107 s

ExecutionTime = 105.31 s  ClockTime = 107 s

ExecutionTime = 105.31 s  ClockTime = 107 s

ExecutionTime = 105.32 s  ClockTime = 107 s

ExecutionTime = 105.38 s  ClockTime = 107 s

ExecutionTime = 105.42 s  ClockTime = 107 s

ExecutionTime = 105.47 s  ClockTime = 107 s

ExecutionTime = 105.5 s  ClockTime = 107 s

ExecutionTime = 105.46 s  ClockTime = 107 s

ExecutionTime = 105.53 s  ClockTime = 107 s

ExecutionTime = 105.5 s  ClockTime = 107 s

ExecutionTime = 105.59 s  ClockTime = 107 s

ExecutionTime = 105.6 s  ClockTime = 107 s

Time = 4.6e-05

ExecutionTime = 105.62 s  ClockTime = 107 s

ExecutionTime = 105.6 s  ClockTime = 107 s

ExecutionTime = 105.68 s  ClockTime = 107 s

ExecutionTime = 105.68 s  ClockTime = 107 s

    Collisions [rank 5]              = 3344
    Collision candidates           = 6341
    Collision acceptance rate      = 0.5273616149

ExecutionTime = 105.76 s  ClockTime = 107 s

ExecutionTime = 105.76 s  ClockTime = 107 s

ExecutionTime = 105.77 s  ClockTime = 107 s

Time = 4.6e-05

ExecutionTime = 105.85 s  ClockTime = 107 s

ExecutionTime = 105.88 s  ClockTime = 107 s

ExecutionTime = 105.87 s  ClockTime = 107 s

ExecutionTime = 105.87 s  ClockTime = 107 s

Time = 4.6e-05

    Collisions [rank 1]              = 1013
    Collision candidates           = 2694
    Collision acceptance rate      = 0.3760207869

ExecutionTime = 105.98 s  ClockTime = 107 s

ExecutionTime = 106.01 s  ClockTime = 107 s

    Collisions [rank 4]              = 1296
    Collision candidates           = 2565
    Collision acceptance rate      = 0.5052631579

ExecutionTime = 106.07 s  ClockTime = 107 s

Time = 4.6e-05

ExecutionTime = 106.06 s  ClockTime = 107 s

ExecutionTime = 106.12 s  ClockTime = 107 s

ExecutionTime = 106.16 s  ClockTime = 107 s

Time = 4.6e-05

    Collisions [rank 6]              = 11299
    Collision candidates           = 21580
    Collision acceptance rate      = 0.5235866543

ExecutionTime = 106.22 s  ClockTime = 107 s

ExecutionTime = 106.27 s  ClockTime = 108 s

Time = 4.6e-05

    Collisions [rank 7]              = 5828
    Collision candidates           = 10939
    Collision acceptance rate      = 0.5327726483

ExecutionTime = 106.37 s  ClockTime = 108 s

ExecutionTime = 106.41 s  ClockTime = 108 s

Time = 4.6e-05

    Collisions [rank 3]              = 822
    Collision candidates           = 2545
    Collision acceptance rate      = 0.3229862475

    Collisions [rank 2]              = 7622
    Collision candidates           = 15564
    Collision acceptance rate      = 0.4897198664

ExecutionTime = 106.59 s  ClockTime = 108 s

Time = 4.6e-05

    Collisions [rank 0]              = 1244
    Collision candidates           = 3646
    Collision acceptance rate      = 0.341195831

Cloud name: dsmc [rank 7]
    Number of dsmc particles        = 286389
    Number of molecules             = 1.431945e+17
    Mass in system                  = 6.8585179e-09
    Average linear kinetic energy   = 8.343910531e-19
    Average rotational energy       = 4.247547287e-20
    Average vibrational energy      = 2.858798884e-20
    Average electronic energy       = 0
    Average total energy            = 9.054545149e-19
ExecutionTime = 106.8 s  ClockTime = 108 s

Cloud name: dsmc [rank 5]
    Number of dsmc particles        = 219304
    Number of molecules             = 1.09652e+17
    Mass in system                  = 5.25156788e-09
    Average linear kinetic energy   = 9.521019195e-19
    Average rotational energy       = 3.793538741e-20
    Average vibrational energy      = 2.853148997e-20
    Average electronic energy       = 0
    Average total energy            = 1.018568797e-18
ExecutionTime = 106.79 s  ClockTime = 108 s

Cloud name: dsmc [rank 6]
    Number of dsmc particles        = 220875
    Number of molecules             = 1.104375e+17
    Mass in system                  = 5.29081776e-09
    Average linear kinetic energy   = 6.571870616e-19
    Average rotational energy       = 7.487691951e-20
    Average vibrational energy      = 3.686339913e-20
    Average electronic energy       = 0
    Average total energy            = 7.689273803e-19
ExecutionTime = 106.82 s  ClockTime = 108 s

Cloud name: dsmc [rank 2]
    Number of dsmc particles        = 372702
    Number of molecules             = 1.86351e+17
    Mass in system                  = 8.92779457e-09
    Average linear kinetic energy   = 9.534743857e-19
    Average rotational energy       = 2.224364921e-20
    Average vibrational energy      = 2.582727256e-20
    Average electronic energy       = 0
    Average total energy            = 1.001545307e-18
ExecutionTime = 106.83 s  ClockTime = 108 s

Cloud name: dsmc [rank 4]
    Number of dsmc particles        = 250520
    Number of molecules             = 1.2526e+17
    Mass in system                  = 5.99967907e-09
    Average linear kinetic energy   = 1.025455503e-18
    Average rotational energy       = 1.451597695e-20
    Average vibrational energy      = 2.331534796e-20
    Average electronic energy       = 0
    Average total energy            = 1.063286828e-18
ExecutionTime = 106.78 s  ClockTime = 108 s

Cloud name: dsmc [rank 0]
    Number of dsmc particles        = 494900
    Number of molecules             = 2.4745e+17
    Mass in system                  = 1.185509378e-08
    Average linear kinetic energy   = 1.109679708e-18
    Average rotational energy       = 3.483396133e-21
    Average vibrational energy      = 2.174731422e-20
    Average electronic energy       = 0
    Average total energy            = 1.134910418e-18
ExecutionTime = 106.81 s  ClockTime = 108 s

Cloud name: dsmc [rank 1]
    Number of dsmc particles        = 230746
    Number of molecules             = 1.15373e+17
    Mass in system                  = 5.52689879e-09
    Average linear kinetic energy   = 1.096018949e-18
    Average rotational energy       = 3.936510207e-21
    Average vibrational energy      = 2.200834342e-20
    Average electronic energy       = 0
    Average total energy            = 1.121963802e-18
ExecutionTime = 106.79 s  ClockTime = 108 s

Cloud name: dsmc [rank 3]
    Number of dsmc particles        = 358681
    Number of molecules             = 1.793405e+17
    Mass in system                  = 8.59040668e-09
    Average linear kinetic energy   = 1.115491732e-18
    Average rotational energy       = 2.583387902e-21
    Average vibrational energy      = 2.164308643e-20
    Average electronic energy       = 0
    Average total energy            = 1.139718206e-18
ExecutionTime = 106.82 s  ClockTime = 108 s

ExecutionTime = 107.04 s  ClockTime = 108 s

ExecutionTime = 107.03 s  ClockTime = 108 s

ExecutionTime = 107.05 s  ClockTime = 108 s

ExecutionTime = 107.09 s  ClockTime = 108 s

ExecutionTime = 107.09 s  ClockTime = 108 s

ExecutionTime = 107.12 s  ClockTime = 108 s

ExecutionTime = 107.11 s  ClockTime = 108 s

ExecutionTime = 107.14 s  ClockTime = 108 s

ExecutionTime = 107.21 s  ClockTime = 109 s

ExecutionTime = 107.22 s  ClockTime = 109 s

ExecutionTime = 107.23 s  ClockTime = 109 s

ExecutionTime = 107.31 s  ClockTime = 109 s

ExecutionTime = 107.33 s  ClockTime = 109 s

ExecutionTime = 107.32 s  ClockTime = 109 s

ExecutionTime = 107.33 s  ClockTime = 109 s

ExecutionTime = 107.37 s  ClockTime = 109 s

ExecutionTime = 107.37 s  ClockTime = 109 s

ExecutionTime = 107.4 s  ClockTime = 109 s

ExecutionTime = 107.42 s  ClockTime = 109 s

ExecutionTime = 107.53 s  ClockTime = 109 s

ExecutionTime = 107.53 s  ClockTime = 109 s

ExecutionTime = 107.52 s  ClockTime = 109 s

ExecutionTime = 107.57 s  ClockTime = 109 s

ExecutionTime = 107.59 s  ClockTime = 109 s

ExecutionTime = 107.58 s  ClockTime = 109 s

ExecutionTime = 107.61 s  ClockTime = 109 s

ExecutionTime = 107.66 s  ClockTime = 109 s

ExecutionTime = 107.68 s  ClockTime = 109 s

ExecutionTime = 107.74 s  ClockTime = 109 s

ExecutionTime = 107.75 s  ClockTime = 109 s

ExecutionTime = 107.75 s  ClockTime = 109 s

ExecutionTime = 107.8 s  ClockTime = 109 s

ExecutionTime = 107.84 s  ClockTime = 109 s

ExecutionTime = 107.81 s  ClockTime = 109 s

ExecutionTime = 107.84 s  ClockTime = 109 s

ExecutionTime = 107.95 s  ClockTime = 109 s

ExecutionTime = 107.92 s  ClockTime = 109 s

ExecutionTime = 107.95 s  ClockTime = 109 s

ExecutionTime = 107.97 s  ClockTime = 109 s

ExecutionTime = 107.98 s  ClockTime = 109 s

ExecutionTime = 108.04 s  ClockTime = 109 s

ExecutionTime = 108.02 s  ClockTime = 109 s

ExecutionTime = 108.08 s  ClockTime = 109 s

ExecutionTime = 108.09 s  ClockTime = 109 s

ExecutionTime = 108.16 s  ClockTime = 110 s

ExecutionTime = 108.17 s  ClockTime = 110 s

ExecutionTime = 108.19 s  ClockTime = 110 s

ExecutionTime = 108.21 s  ClockTime = 110 s

ExecutionTime = 108.25 s  ClockTime = 110 s

ExecutionTime = 108.27 s  ClockTime = 110 s

ExecutionTime = 108.25 s  ClockTime = 110 s

ExecutionTime = 108.34 s  ClockTime = 110 s

ExecutionTime = 108.37 s  ClockTime = 110 s

ExecutionTime = 108.34 s  ClockTime = 110 s

Time = 4.7e-05

ExecutionTime = 108.36 s  ClockTime = 110 s

ExecutionTime = 108.42 s  ClockTime = 110 s

ExecutionTime = 108.42 s  ClockTime = 110 s

Time = 4.7e-05

    Collisions [rank 5]              = 3421
    Collision candidates           = 6597
    Collision acceptance rate      = 0.5185690465

ExecutionTime = 108.51 s  ClockTime = 110 s

ExecutionTime = 108.55 s  ClockTime = 110 s

ExecutionTime = 108.58 s  ClockTime = 110 s

ExecutionTime = 108.59 s  ClockTime = 110 s

    Collisions [rank 1]              = 958
    Collision candidates           = 2659
    Collision acceptance rate      = 0.3602858217

ExecutionTime = 108.56 s  ClockTime = 110 s

Time = 4.7e-05

ExecutionTime = 108.63 s  ClockTime = 110 s

    Collisions [rank 4]              = 1246
    Collision candidates           = 2620
    Collision acceptance rate      = 0.4755725191

ExecutionTime = 108.74 s  ClockTime = 110 s

ExecutionTime = 108.79 s  ClockTime = 110 s

Time = 4.7e-05

ExecutionTime = 108.8 s  ClockTime = 110 s

ExecutionTime = 108.8 s  ClockTime = 110 s

ExecutionTime = 108.83 s  ClockTime = 110 s

Time = 4.7e-05

    Collisions [rank 6]              = 11332
    Collision candidates           = 22082
    Collision acceptance rate      = 0.5131781542

ExecutionTime = 108.96 s  ClockTime = 110 s

Time = 4.7e-05

    Collisions [rank 7]              = 5871
    Collision candidates           = 11143
    Collision acceptance rate      = 0.5268778605

ExecutionTime = 109 s  ClockTime = 110 s

Time = 4.7e-05

ExecutionTime = 109.05 s  ClockTime = 110 s

    Collisions [rank 3]              = 781
    Collision candidates           = 2592
    Collision acceptance rate      = 0.3013117284

    Collisions [rank 2]              = 7341
    Collision candidates           = 15642
    Collision acceptance rate      = 0.469313387

ExecutionTime = 109.26 s  ClockTime = 111 s

Time = 4.7e-05

    Collisions [rank 0]              = 1122
    Collision candidates           = 3602
    Collision acceptance rate      = 0.3114936147


Phase C auto DLB triggered (threshold) at step 470: sar=-0.06833155505 loadImbalance=1.678411469 threshold=1.5

Phase C auto DLB triggered (threshold) at step 470: sar=-0.06832856745 loadImbalance=1.678411469 threshold=1.5

Phase C auto DLB triggered (threshold) at step 470: sar=-0.0683315016 loadImbalance=1.678411469 threshold=1.5

Phase C auto DLB triggered (threshold) at step 470: sar=-0.0683205485 loadImbalance=1.678411469 threshold=1.5

Phase C auto DLB triggered (threshold) at step 470: sar=-0.068331757 loadImbalance=1.678411469 threshold=1.5

Phase C auto DLB triggered (threshold) at step 470: sar=-0.06832870265 loadImbalance=1.678411469 threshold=1.5

Phase C auto DLB triggered (threshold) at step 470: sar=-0.0683313468 loadImbalance=1.678411469 threshold=1.5

Phase C auto DLB triggered (threshold) at step 470: sar=-0.0683281424 loadImbalance=1.678411469 threshold=1.5
Phase C ParMETIS: alpha=0.8 ncon=2 ubvec=[1.049999952,1.5] moveRatio=0.7733201537 (moveT=41.07315143s, collT=12.0395875s)
Phase C ParMETIS: AdaptiveRepart (104151 cells, 2 constraints, collScale=2.874155527, ubvec=1.049999952)
Phase C ParMETIS: alpha=0.8 ncon=2 ubvec=[1.049999952,1.5] moveRatio=0.808644219 (moveT=40.85557232s, collT=9.667972349s)
Phase C ParMETIS: AdaptiveRepart (104151 cells, 2 constraints, collScale=32.79633539, ubvec=1.049999952)
Phase C ParMETIS: alpha=0.8 ncon=2 ubvec=[1.049999952,1.5] moveRatio=0.8036874278 (moveT=41.90224231s, collT=10.23524406s)
Phase C ParMETIS: AdaptiveRepart (104151 cells, 2 constraints, collScale=35.38389644, ubvec=1.049999952)
Phase C ParMETIS: alpha=0.8 ncon=2 ubvec=[1.049999952,1.5] moveRatio=0.7912466511 (moveT=39.89250651s, collT=10.52477671s)
Phase C ParMETIS: AdaptiveRepart (104151 cells, 2 constraints, collScale=30.03664383, ubvec=1.049999952)
Phase C ParMETIS: alpha=0.8 ncon=2 ubvec=[1.049999952,1.5] moveRatio=0.8102641881 (moveT=44.52219367Phase C ParMETIS: alpha=0.8 ncon=2 ubvec=[1.049999952,1.5] moveRatio=0.839982656 (moveT=41.37545425s, collT=7.882055955s)
Phase C ParMETIS: AdaptiveRepart (104151 cells, 2 constraints, collScale=26.79248267, ubvec=1.049999952)
s, collT=10.42555587s)
Phase C ParMETIS: AdaptiveRepart (104151 cells, 2 constraints, collScale=34.21166253, ubvec=1.049999952)
Phase C ParMETIS: alpha=0.8 ncon=2 ubvec=[1.049999952,1.5] moveRatio=0.8289483458 (moveT=41.45864762s, collT=8.554900062s)
Phase C ParMETIS: AdaptiveRepart (104151 cells, 2 constraints, collScale=29.9707574, ubvec=1.049999952)
Phase C ParMETIS: alpha=0.8 ncon=2 ubvec=[1.049999952,1.5] moveRatio=0.7794669015 (moveT=42.39386453s, collT=11.99441603s)
Phase C ParMETIS: AdaptiveRepart (104151 cells, 2 constraints, collScale=8.634888977, ubvec=1.049999952)
Replicated mesh: rank 0 owns 12884 / 104151 cells
Replicated mesh: rank 1 owns 12114 / 104151 cells
Replicated mesh: rank 2 owns 14078 / 104151 cells
Replicated mesh: rank 3 owns 15289 / 104151 cells
Replicated mesh: rank 4 owns 14151 / 104151 cells
Replicated mesh: rank 5 owns 12680 / 104151 cells
Replicated mesh: rank 6 owns 12595 / 104151 cells
Replicated mesh: rank 7 owns 10360 / 104151 cells
Local mesh: 12884 owned + 354 halo = 13238 / 104151 cells
Local mesh: 12114 owned + 345 halo = 12459 / 104151 cells
Phase C ParMETIS AdaptiveRepart: 82057 / 104151 cells changed (0.787865695)
Local mesh: 14078 owned + 322 halo = 14400 / 104151 cells
Phase C ParMETIS AdaptiveRepart: 82057 / 104151 cells changed (0.787865695)
Local mesh: 10360 owned + 435 halo = 10795 / 104151 cells
Phase C ParMETIS AdaptiveRepart: 82057 / 104151 cells changed (0.787865695)
Phase C ParMETIS AdaptiveRepart: 82057 / 104151 cells changed (0.787865695)
Local mesh: 15289 owned + 283 halo = 15572 / 104151 cells
Phase C ParMETIS AdaptiveRepart: 82057 / 104151 cells changed (0.787865695)
Local mesh: 12680 owned + 317 halo = 12997 / 104151 cells
Phase C ParMETIS AdaptiveRepart: 82057 / 104151 cells changed (0.787865695)
Local mesh: 14151 owned + 340 halo = 14491 / 104151 cells
Phase C ParMETIS AdaptiveRepart: 82057 / 104151 cells changed (Local mesh: 12595 owned + 346 halo = 12941 / 104151 cells
Phase C ParMETIS AdaptiveRepart: 82057 / 104151 cells changed (0.787865695)
0.787865695)
Replicated mesh migration[56]: rank 0 sent 476149 parcels, received 277078 (global 1974876) wall 0.242955905s [pack 0.030006632s MPI 0.086260214s deser 0.018141599s]
Replicated mesh migration[56]: rank 1 sent 230772 parcels, received 281654 (global 1974876) wall 0.242978274s [pack 0.030859688s MPI 0.111181289s deser 0.057761757s]
Replicated mesh migration[56]: rank 2 sent 66857 parcels, received 14473 (global 1974876) wall 0.242975336s [pack 0.011580164s MPI 0.103282407s deser 0.091690382s]
Replicated mesh migration[56]: rank 3 sent 358751 parcels, received 404659 (global 1974876) wall 0.242931288s [pack 0.039977435s MPI 0.14897834s deser 0.000435884s]
Replicated mesh migration[56]: rank 4 sent 251410 parcels, received 364473 (global 1974876) wall 0.242753109s [pack 0.025711456s MPI 0.174313691s deser 0.003943749s]
Replicated mesh migration[56]: rank 5 sent 86603 parcels, received 123582 (global 1974876) wall 0.242900452s [pack 0.015578809s MPI 0.155322173s deser 0.047979743s]
Replicated mesh migration[56]: rank 6 sent 223216 parcels, received 291768 (global 1974876) wall 0.242751233s [pack 0.026925068s MPI 0.14363888s deser 0.041118468s]
Replicated mesh migration[56]: rank 7 sent 281118 parcels, received 217189 (global 1974876) wall 0.242985124s [pack 0.032444884s MPI 0.149239909s deser 0.029591262s]
Phase C auto DLB complete: rebalance #8

Phase C auto DLB complete: rebalance #8

Phase C auto DLB complete: rebalance #8

Phase C auto DLB complete: rebalance #8

Phase C auto DLB complete: rebalance #8

Phase C auto DLB complete: rebalance #8

Phase C auto DLB complete: rebalance #8

Phase C auto DLB complete: rebalance #8

Written cellOwner field at time 4.7e-05
Cloud name: dsmc [rank 7]
    Number of dsmc particles        = 224713
    Number of molecules             = 1.123565e+17
    Mass in system                  = 5.38303026e-09
    Average linear kinetic energy   = 7.479603273e-19
    Average rotational energy       = 5.865396335e-20
    Average vibrational energy      = 3.366716503e-20
    Average electronic energy       = 0
    Average total energy            = 8.402814556e-19
ExecutionTime = 109.75 s  ClockTime = 111 s

Cloud name: dsmc [rank 4]
    Number of dsmc particles        = 364485
    Number of molecules             = 1.822425e+17
    Mass in system                  = 8.72966592e-09
    Average linear kinetic energy   = 1.051623175e-18
    Average rotational energy       = 1.164044413e-20
    Average vibrational energy      = 2.309365408e-20
    Average electronic energy       = 0
    Average total energy            = 1.086357274e-18
ExecutionTime = 109.72 s  ClockTime = 111 s

Cloud name: dsmc [rank 6]
    Number of dsmc particles        = 291768
    Number of molecules             = 1.45884e+17
    Mass in system                  = 6.98753841e-09
    Average linear kinetic energy   = 1.025583443e-18
    Average rotational energy       = 1.494308273e-20
    Average vibrational energy      = 2.350413962e-20
    Average electronic energy       = 0
    Average total energy            = 1.064030665e-18
ExecutionTime = 109.78 s  ClockTime = 111 s

Cloud name: dsmc [rank 1]
    Number of dsmc particles        = 281654
    Number of molecules             = 1.40827e+17
    Mass in system                  = 6.74499006e-09
    Average linear kinetic energy   = 9.874602613e-19
    Average rotational energy       = 2.242216623e-20
    Average vibrational energy      = 2.518971744e-20
    Average electronic energy       = 0
    Average total energy            = 1.035072145e-18
ExecutionTime = 109.74 s  ClockTime = 111 s

Cloud name: dsmc [rank 5]
    Number of dsmc particles        = 257658
    Number of molecules             = 1.28829e+17
    Mass in system                  = 6.17162867e-09
    Average linear kinetic energy   = 7.540219046e-19
    Average rotational energy       = 6.008570925e-20
    Average vibrational energy      = 3.389321828e-20
    Average electronic energy       = 0
    Average total energy            = 8.480008321e-19
ExecutionTime = 109.74 s  ClockTime = 111 s

Cloud name: dsmc [rank 3]
    Number of dsmc particles        = 404659
    Number of molecules             = 2.023295e+17
    Mass in system                  = 9.69274674e-09
    Average linear kinetic energy   = 1.095652706e-18
    Average rotational energy       = 5.484456564e-21
    Average vibrational energy      = 2.199640912e-20
    Average electronic energy       = 0
    Average total energy            = 1.123133572e-18
ExecutionTime = 109.76 s  ClockTime = 111 s

Cloud name: dsmc [rank 0]
    Number of dsmc particles        = 296180
    Number of molecules             = 1.4809e+17
    Mass in system                  = 7.09400335e-09
    Average linear kinetic energy   = 1.11547832e-18
    Average rotational energy       = 2.581392236e-21
    Average vibrational energy      = 2.163919961e-20
    Average electronic energy       = 0
    Average total energy            = 1.139698912e-18
ExecutionTime = 109.76 s  ClockTime = 111 s

Cloud name: dsmc [rank 2]
    Number of dsmc particles        = 321196
    Number of molecules             = 1.60598e+17
    Mass in system                  = 7.69344639e-09
    Average linear kinetic energy   = 9.775450875e-19
    Average rotational energy       = 2.351731595e-20
    Average vibrational energy      = 2.573895252e-20
    Average electronic energy       = 0
    Average total energy            = 1.026801356e-18
ExecutionTime = 109.79 s  ClockTime = 111 s

ExecutionTime = 109.94 s  ClockTime = 111 s

ExecutionTime = 109.99 s  ClockTime = 111 s

ExecutionTime = 109.95 s  ClockTime = 111 s

ExecutionTime = 109.95 s  ClockTime = 111 s

ExecutionTime = 109.98 s  ClockTime = 112 s

ExecutionTime = 110.01 s  ClockTime = 112 s

ExecutionTime = 110.03 s  ClockTime = 112 s

ExecutionTime = 109.99 s  ClockTime = 112 s

ExecutionTime = 110.12 s  ClockTime = 112 s

ExecutionTime = 110.14 s  ClockTime = 112 s

ExecutionTime = 110.14 s  ClockTime = 112 s

ExecutionTime = 110.18 s  ClockTime = 112 s

ExecutionTime = 110.18 s  ClockTime = 112 s

ExecutionTime = 110.18 s  ClockTime = 112 s

ExecutionTime = 110.25 s  ClockTime = 112 s

ExecutionTime = 110.24 s  ClockTime = 112 s

ExecutionTime = 110.29 s  ClockTime = 112 s

ExecutionTime = 110.34 s  ClockTime = 112 s

ExecutionTime = 110.32 s  ClockTime = 112 s

ExecutionTime = 110.39 s  ClockTime = 112 s

ExecutionTime = 110.39 s  ClockTime = 112 s

ExecutionTime = 110.41 s  ClockTime = 112 s

ExecutionTime = 110.47 s  ClockTime = 112 s

ExecutionTime = 110.46 s  ClockTime = 112 s

ExecutionTime = 110.48 s  ClockTime = 112 s

ExecutionTime = 110.52 s  ClockTime = 112 s

ExecutionTime = 110.56 s  ClockTime = 112 s

ExecutionTime = 110.52 s  ClockTime = 112 s

ExecutionTime = 110.6 s  ClockTime = 112 s

ExecutionTime = 110.62 s  ClockTime = 112 s

ExecutionTime = 110.6 s  ClockTime = 112 s

ExecutionTime = 110.7 s  ClockTime = 112 s

ExecutionTime = 110.73 s  ClockTime = 112 s

ExecutionTime = 110.72 s  ClockTime = 112 s

ExecutionTime = 110.72 s  ClockTime = 112 s

ExecutionTime = 110.72 s  ClockTime = 112 s

ExecutionTime = 110.79 s  ClockTime = 112 s

ExecutionTime = 110.81 s  ClockTime = 112 s

ExecutionTime = 110.81 s  ClockTime = 112 s

ExecutionTime = 110.9 s  ClockTime = 112 s

ExecutionTime = 110.92 s  ClockTime = 112 s

ExecutionTime = 110.91 s  ClockTime = 112 s

ExecutionTime = 110.91 s  ClockTime = 113 s

ExecutionTime = 110.94 s  ClockTime = 113 s

ExecutionTime = 110.98 s  ClockTime = 113 s

ExecutionTime = 111.04 s  ClockTime = 113 s

ExecutionTime = 111.05 s  ClockTime = 113 s

ExecutionTime = 111.09 s  ClockTime = 113 s

ExecutionTime = 111.1 s  ClockTime = 113 s

ExecutionTime = 111.12 s  ClockTime = 113 s

ExecutionTime = 111.16 s  ClockTime = 113 s

ExecutionTime = 111.12 s  ClockTime = 113 s

ExecutionTime = 111.19 s  ClockTime = 113 s

ExecutionTime = 111.25 s  ClockTime = 113 s

ExecutionTime = 111.27 s  ClockTime = 113 s

Time = 4.8e-05

ExecutionTime = 111.29 s  ClockTime = 113 s

ExecutionTime = 111.28 s  ClockTime = 113 s

ExecutionTime = 111.26 s  ClockTime = 113 s

ExecutionTime = 111.3 s  ClockTime = 113 s

ExecutionTime = 111.39 s  ClockTime = 113 s

    Collisions [rank 0]              = 654
    Collision candidates           = 2147
    Collision acceptance rate      = 0.3046110852

ExecutionTime = 111.44 s  ClockTime = 113 s

Time = 4.8e-05

ExecutionTime = 111.43 s  ClockTime = 113 s

ExecutionTime = 111.47 s  ClockTime = 113 s

Time = 4.8e-05

ExecutionTime = 111.49 s  ClockTime = 113 s

ExecutionTime = 111.5 s  ClockTime = 113 s

Time = 4.8e-05

ExecutionTime = 111.49 s  ClockTime = 113 s

    Collisions [rank 6]              = 1606
    Collision candidates           = 3359
    Collision acceptance rate      = 0.4781184876

ExecutionTime = 111.6 s  ClockTime = 113 s

    Collisions [rank 7]              = 9246
    Collision candidates           = 17372
    Collision acceptance rate      = 0.5322357817

    Collisions [rank 1]              = 3042
    Collision candidates           = 5388
    Collision acceptance rate      = 0.5645879733

ExecutionTime = 111.67 s  ClockTime = 113 s

ExecutionTime = 111.69 s  ClockTime = 113 s

Time = 4.8e-05

ExecutionTime = 111.71 s  ClockTime = 113 s

Time = 4.8e-05

ExecutionTime = 111.82 s  ClockTime = 113 s

Time = 4.8e-05

    Collisions [rank 5]              = 11309
    Collision candidates           = 21930
    Collision acceptance rate      = 0.5156862745

ExecutionTime = 111.87 s  ClockTime = 113 s

Time = 4.8e-05

    Collisions [rank 4]              = 2060
    Collision candidates           = 4290
    Collision acceptance rate      = 0.4801864802

    Collisions [rank 2]              = 4658
    Collision candidates           = 9078
    Collision acceptance rate      = 0.5131086142

    Collisions [rank 3]              = 1087
    Collision candidates           = 2970
    Collision acceptance rate      = 0.365993266

Cloud name: dsmc [rank 7]
    Number of dsmc particles        = 225469
    Number of molecules             = 1.127345e+17
    Mass in system                  = 5.40110707e-09
    Average linear kinetic energy   = 7.428650063e-19
    Average rotational energy       = 5.98689323e-20
    Average vibrational energy      = 3.411544593e-20
    Average electronic energy       = 0
    Average total energy            = 8.368493845e-19
ExecutionTime = 112.06 s  ClockTime = 114 s

Cloud name: dsmc [rank 6]
    Number of dsmc particles        = 292291
    Number of molecules             = 1.461455e+17
    Mass in system                  = 7.00003909e-09
    Average linear kinetic energy   = 1.024451292e-18
    Average rotational energy       = 1.529313924e-20
    Average vibrational energy      = 2.354745636e-20
    Average electronic energy       = 0
    Average total energy            = 1.063291887e-18
ExecutionTime = 112.09 s  ClockTime = 114 s

Cloud name: dsmc [rank 4]
    Number of dsmc particles        = 366335
    Number of molecules             = 1.831675e+17
    Mass in system                  = 8.77399249e-09
    Average linear kinetic energy   = 1.050886155e-18
    Average rotational energy       = 1.182682966e-20
    Average vibrational energy      = 2.314331623e-20
    Average electronic energy       = 0
    Average total energy            = 1.085856301e-18
ExecutionTime = 112.03 s  ClockTime = 114 s

Cloud name: dsmc [rank 1]
    Number of dsmc particles        = 284317
    Number of molecules             = 1.421585e+17
    Mass in system                  = 6.80878158e-09
    Average linear kinetic energy   = 9.867091419e-19
    Average rotational energy       = 2.272547324e-20
    Average vibrational energy      = 2.528359472e-20
    Average electronic energy       = 0
    Average total energy            = 1.03471821e-18
ExecutionTime = 112.04 s  ClockTime = 114 s

Cloud name: dsmc [rank 5]
    Number of dsmc particles        = 257007
    Number of molecules             = 1.285035e+17
    Mass in system                  = 6.1560229e-09
    Average linear kinetic energy   = 7.459694595e-19
    Average rotational energy       = 6.220402402e-20
    Average vibrational energy      = 3.450987872e-20
    Average electronic energy       = 0
    Average total energy            = 8.426833622e-19
ExecutionTime = 112.05 s  ClockTime = 114 s

Cloud name: dsmc [rank 3]
    Number of dsmc particles        = 398614
    Number of molecules             = 1.99307e+17
    Mass in system                  = 9.54799679e-09
    Average linear kinetic energy   = 1.09509569e-18
    Average rotational energy       = 5.536822912e-21
    Average vibrational energy      = 2.200885527e-20
    Average electronic energy       = 0
    Average total energy            = 1.122641369e-18
ExecutionTime = 112.06 s  ClockTime = 114 s

Cloud name: dsmc [rank 0]
    Number of dsmc particles        = 302337
    Number of molecules             = 1.511685e+17
    Mass in system                  = 7.24145991e-09
    Average linear kinetic energy   = 1.115505984e-18
    Average rotational energy       = 2.580644518e-21
    Average vibrational energy      = 2.163930595e-20
    Average electronic energy       = 0
    Average total energy            = 1.139725934e-18
ExecutionTime = 112.07 s  ClockTime = 114 s

Cloud name: dsmc [rank 2]
    Number of dsmc particles        = 323935
    Number of molecules             = 1.619675e+17
    Mass in system                  = 7.75905787e-09
    Average linear kinetic energy   = 9.762382861e-19
    Average rotational energy       = 2.396458218e-20
    Average vibrational energy      = 2.591207754e-20
    Average electronic energy       = 0
    Average total energy            = 1.026114946e-18
ExecutionTime = 112.09 s  ClockTime = 114 s

ExecutionTime = 112.27 s  ClockTime = 114 s

ExecutionTime = 112.26 s  ClockTime = 114 s

ExecutionTime = 112.31 s  ClockTime = 114 s

ExecutionTime = 112.28 s  ClockTime = 114 s

ExecutionTime = 112.31 s  ClockTime = 114 s

ExecutionTime = 112.34 s  ClockTime = 114 s

ExecutionTime = 112.33 s  ClockTime = 114 s

ExecutionTime = 112.31 s  ClockTime = 114 s

ExecutionTime = 112.43 s  ClockTime = 114 s

ExecutionTime = 112.43 s  ClockTime = 114 s

ExecutionTime = 112.5 s  ClockTime = 114 s

ExecutionTime = 112.5 s  ClockTime = 114 s

ExecutionTime = 112.5 s  ClockTime = 114 s

ExecutionTime = 112.57 s  ClockTime = 114 s

ExecutionTime = 112.55 s  ClockTime = 114 s

ExecutionTime = 112.53 s  ClockTime = 114 s

ExecutionTime = 112.61 s  ClockTime = 114 s

ExecutionTime = 112.61 s  ClockTime = 114 s

ExecutionTime = 112.68 s  ClockTime = 114 s

ExecutionTime = 112.7 s  ClockTime = 114 s

ExecutionTime = 112.71 s  ClockTime = 114 s

ExecutionTime = 112.73 s  ClockTime = 114 s

ExecutionTime = 112.78 s  ClockTime = 114 s

ExecutionTime = 112.77 s  ClockTime = 114 s

ExecutionTime = 112.8 s  ClockTime = 114 s

ExecutionTime = 112.79 s  ClockTime = 114 s

ExecutionTime = 112.89 s  ClockTime = 114 s

ExecutionTime = 112.89 s  ClockTime = 115 s

ExecutionTime = 112.92 s  ClockTime = 115 s

ExecutionTime = 112.94 s  ClockTime = 115 s

ExecutionTime = 112.93 s  ClockTime = 115 s

ExecutionTime = 113.01 s  ClockTime = 115 s

ExecutionTime = 113.01 s  ClockTime = 115 s

ExecutionTime = 113 s  ClockTime = 115 s

ExecutionTime = 113.07 s  ClockTime = 115 s

ExecutionTime = 113.08 s  ClockTime = 115 s

ExecutionTime = 113.12 s  ClockTime = 115 s

ExecutionTime = 113.13 s  ClockTime = 115 s

ExecutionTime = 113.22 s  ClockTime = 115 s

ExecutionTime = 113.18 s  ClockTime = 115 s

ExecutionTime = 113.19 s  ClockTime = 115 s

ExecutionTime = 113.25 s  ClockTime = 115 s

ExecutionTime = 113.25 s  ClockTime = 115 s

ExecutionTime = 113.29 s  ClockTime = 115 s

ExecutionTime = 113.29 s  ClockTime = 115 s

ExecutionTime = 113.35 s  ClockTime = 115 s

ExecutionTime = 113.36 s  ClockTime = 115 s

ExecutionTime = 113.45 s  ClockTime = 115 s

ExecutionTime = 113.45 s  ClockTime = 115 s

ExecutionTime = 113.45 s  ClockTime = 115 s

ExecutionTime = 113.43 s  ClockTime = 115 s

ExecutionTime = 113.46 s  ClockTime = 115 s

ExecutionTime = 113.48 s  ClockTime = 115 s

ExecutionTime = 113.54 s  ClockTime = 115 s

ExecutionTime = 113.57 s  ClockTime = 115 s

ExecutionTime = 113.65 s  ClockTime = 115 s

ExecutionTime = 113.63 s  ClockTime = 115 s

ExecutionTime = 113.67 s  ClockTime = 115 s

ExecutionTime = 113.64 s  ClockTime = 115 s

Time = 4.9e-05

ExecutionTime = 113.64 s  ClockTime = 115 s

ExecutionTime = 113.73 s  ClockTime = 115 s

    Collisions [rank 0]              = 696
    Collision candidates           = 2196
    Collision acceptance rate      = 0.3169398907

ExecutionTime = 113.75 s  ClockTime = 115 s

Time = 4.9e-05

ExecutionTime = 113.76 s  ClockTime = 115 s

ExecutionTime = 113.81 s  ClockTime = 115 s

Time = 4.9e-05

ExecutionTime = 113.85 s  ClockTime = 115 s

Time = 4.9e-05

ExecutionTime = 113.89 s  ClockTime = 115 s

ExecutionTime = 113.86 s  ClockTime = 116 s

    Collisions [rank 1]              = 3139
    Collision candidates           = 5792
    Collision acceptance rate      = 0.5419544199

    Collisions [rank 7]              = 9553
    Collision candidates           = 17995
    Collision acceptance rate      = 0.530869686

    Collisions [rank 6]              = 1690
    Collision candidates           = 3447
    Collision acceptance rate      = 0.4902814041

ExecutionTime = 113.97 s  ClockTime = 116 s

ExecutionTime = 113.97 s  ClockTime = 116 s

Time = 4.9e-05

ExecutionTime = 114.1 s  ClockTime = 116 s

Time = 4.9e-05

ExecutionTime = 114.07 s  ClockTime = 116 s

Time = 4.9e-05

    Collisions [rank 5]              = 11603
    Collision candidates           = 22294
    Collision acceptance rate      = 0.5204539338

ExecutionTime = 114.17 s  ClockTime = 116 s

Time = 4.9e-05

    Collisions [rank 2]              = 4889
    Collision candidates           = 9435
    Collision acceptance rate      = 0.5181770005

    Collisions [rank 4]              = 2091
    Collision candidates           = 4487
    Collision acceptance rate      = 0.4660129262

    Collisions [rank 3]              = 1151
    Collision candidates           = 3100
    Collision acceptance rate      = 0.3712903226

Cloud name: dsmc [rank 7]
    Number of dsmc particles        = 227493
    Number of molecules             = 1.137465e+17
    Mass in system                  = 5.44964133e-09
    Average linear kinetic energy   = 7.398626209e-19
    Average rotational energy       = 6.091961214e-20
    Average vibrational energy      = 3.461486036e-20
    Average electronic energy       = 0
    Average total energy            = 8.353970934e-19
ExecutionTime = 114.37 s  ClockTime = 116 s

Cloud name: dsmc [rank 6]
    Number of dsmc particles        = 293098
    Number of molecules             = 1.46549e+17
    Mass in system                  = 7.01939102e-09
    Average linear kinetic energy   = 1.023043079e-18
    Average rotational energy       = 1.559911136e-20
    Average vibrational energy      = 2.362620852e-20
    Average electronic energy       = 0
    Average total energy            = 1.062268399e-18
ExecutionTime = 114.39 s  ClockTime = 116 s

Cloud name: dsmc [rank 4]
    Number of dsmc particles        = 367089
    Number of molecules             = 1.835445e+17
    Mass in system                  = 8.79209562e-09
    Average linear kinetic energy   = 1.049851429e-18
    Average rotational energy       = 1.20496599e-20
    Average vibrational energy      = 2.319481014e-20
    Average electronic energy       = 0
    Average total energy            = 1.085095899e-18
ExecutionTime = 114.35 s  ClockTime = 116 s

Cloud name: dsmc [rank 5]
    Number of dsmc particles        = 259004
    Number of molecules             = 1.29502e+17
    Mass in system                  = 6.203893e-09
    Average linear kinetic energy   = 7.425901846e-19
    Average rotational energy       = 6.375860667e-20
    Average vibrational energy      = 3.504584024e-20
    Average electronic energy       = 0
    Average total energy            = 8.413946315e-19
ExecutionTime = 114.36 s  ClockTime = 116 s

Cloud name: dsmc [rank 1]
    Number of dsmc particles        = 285285
    Number of molecules             = 1.426425e+17
    Mass in system                  = 6.8320555e-09
    Average linear kinetic energy   = 9.850626361e-19
    Average rotational energy       = 2.320426281e-20
    Average vibrational energy      = 2.539604942e-20
    Average electronic energy       = 0
    Average total energy            = 1.033662948e-18
ExecutionTime = 114.35 s  ClockTime = 116 s

Cloud name: dsmc [rank 3]
    Number of dsmc particles        = 399162
    Number of molecules             = 1.99581e+17
    Mass in system                  = 9.56103238e-09
    Average linear kinetic energy   = 1.094664489e-18
    Average rotational energy       = 5.650587263e-21
    Average vibrational energy      = 2.20219029e-20
    Average electronic energy       = 0
    Average total energy            = 1.12233698e-18
ExecutionTime = 114.38 s  ClockTime = 116 s

Cloud name: dsmc [rank 0]
    Number of dsmc particles        = 302364
    Number of molecules             = 1.51182e+17
    Mass in system                  = 7.24209759e-09
    Average linear kinetic energy   = 1.115576665e-18
    Average rotational energy       = 2.579988159e-21
    Average vibrational energy      = 2.163937527e-20
    Average electronic energy       = 0
    Average total energy            = 1.139796028e-18
ExecutionTime = 114.38 s  ClockTime = 116 s

Cloud name: dsmc [rank 2]
    Number of dsmc particles        = 324939
    Number of molecules             = 1.624695e+17
    Mass in system                  = 7.78300329e-09
    Average linear kinetic energy   = 9.743286576e-19
    Average rotational energy       = 2.448503236e-20
    Average vibrational energy      = 2.607740101e-20
    Average electronic energy       = 0
    Average total energy            = 1.024891091e-18
ExecutionTime = 114.4 s  ClockTime = 116 s

ExecutionTime = 114.57 s  ClockTime = 116 s

ExecutionTime = 114.62 s  ClockTime = 116 s

ExecutionTime = 114.59 s  ClockTime = 116 s

ExecutionTime = 114.58 s  ClockTime = 116 s

ExecutionTime = 114.58 s  ClockTime = 116 s

ExecutionTime = 114.63 s  ClockTime = 116 s

ExecutionTime = 114.65 s  ClockTime = 116 s

ExecutionTime = 114.61 s  ClockTime = 115 s

ExecutionTime = 114.76 s  ClockTime = 115 s

ExecutionTime = 114.8 s  ClockTime = 115 s

ExecutionTime = 114.76 s  ClockTime = 115 s

ExecutionTime = 114.82 s  ClockTime = 115 s

ExecutionTime = 114.81 s  ClockTime = 115 s

ExecutionTime = 114.81 s  ClockTime = 115 s

ExecutionTime = 114.87 s  ClockTime = 115 s

ExecutionTime = 114.87 s  ClockTime = 115 s

ExecutionTime = 114.93 s  ClockTime = 115 s

ExecutionTime = 115 s  ClockTime = 115 s

ExecutionTime = 114.99 s  ClockTime = 115 s

ExecutionTime = 114.98 s  ClockTime = 115 s

ExecutionTime = 115.02 s  ClockTime = 115 s

ExecutionTime = 115.04 s  ClockTime = 115 s

ExecutionTime = 115.1 s  ClockTime = 115 s

ExecutionTime = 115.1 s  ClockTime = 115 s

ExecutionTime = 115.12 s  ClockTime = 115 s

ExecutionTime = 115.19 s  ClockTime = 115 s

ExecutionTime = 115.18 s  ClockTime = 115 s

ExecutionTime = 115.18 s  ClockTime = 115 s

ExecutionTime = 115.22 s  ClockTime = 115 s

ExecutionTime = 115.29 s  ClockTime = 115 s

ExecutionTime = 115.27 s  ClockTime = 115 s

ExecutionTime = 115.33 s  ClockTime = 115 s

ExecutionTime = 115.37 s  ClockTime = 115 s

ExecutionTime = 115.37 s  ClockTime = 115 s

ExecutionTime = 115.36 s  ClockTime = 115 s

ExecutionTime = 115.37 s  ClockTime = 116 s

ExecutionTime = 115.44 s  ClockTime = 116 s

ExecutionTime = 115.45 s  ClockTime = 116 s

ExecutionTime = 115.48 s  ClockTime = 116 s

ExecutionTime = 115.53 s  ClockTime = 116 s

ExecutionTime = 115.55 s  ClockTime = 116 s

ExecutionTime = 115.58 s  ClockTime = 116 s

ExecutionTime = 115.56 s  ClockTime = 116 s

ExecutionTime = 115.6 s  ClockTime = 116 s

ExecutionTime = 115.63 s  ClockTime = 116 s

ExecutionTime = 115.66 s  ClockTime = 116 s

ExecutionTime = 115.7 s  ClockTime = 116 s

ExecutionTime = 115.71 s  ClockTime = 116 s

ExecutionTime = 115.77 s  ClockTime = 116 s

ExecutionTime = 115.78 s  ClockTime = 116 s

ExecutionTime = 115.76 s  ClockTime = 116 s

ExecutionTime = 115.81 s  ClockTime = 116 s

ExecutionTime = 115.84 s  ClockTime = 116 s

ExecutionTime = 115.9 s  ClockTime = 116 s

ExecutionTime = 115.9 s  ClockTime = 116 s

ExecutionTime = 115.97 s  ClockTime = 116 s

ExecutionTime = 115.94 s  ClockTime = 116 s

ExecutionTime = 115.95 s  ClockTime = 116 s

ExecutionTime = 115.99 s  ClockTime = 116 s

Time = 5e-05

ExecutionTime = 116.02 s  ClockTime = 116 s

ExecutionTime = 116.09 s  ClockTime = 116 s

Time = 5e-05

ExecutionTime = 116.1 s  ClockTime = 116 s

    Collisions [rank 0]              = 684
    Collision candidates           = 2171
    Collision acceptance rate      = 0.3150621833

ExecutionTime = 116.17 s  ClockTime = 116 s

Time = 5e-05

ExecutionTime = 116.13 s  ClockTime = 116 s

ExecutionTime = 116.14 s  ClockTime = 116 s

Time = 5e-05

ExecutionTime = 116.24 s  ClockTime = 116 s

ExecutionTime = 116.2 s  ClockTime = 116 s

    Collisions [rank 7]              = 9649
    Collision candidates           = 18374
    Collision acceptance rate      = 0.5251442255

    Collisions [rank 6]              = 1751
    Collision candidates           = 3549
    Collision acceptance rate      = 0.4933784165

    Collisions [rank 1]              = 3236
    Collision candidates           = 5932
    Collision acceptance rate      = 0.5455158463

ExecutionTime = 116.33 s  ClockTime = 117 s

ExecutionTime = 116.37 s  ClockTime = 117 s

Time = 5e-05

ExecutionTime = 116.46 s  ClockTime = 117 s

Time = 5e-05

ExecutionTime = 116.42 s  ClockTime = 117 s

Time = 5e-05

    Collisions [rank 5]              = 11701
    Collision candidates           = 22767
    Collision acceptance rate      = 0.5139456231

ExecutionTime = 116.53 s  ClockTime = 117 s

Time = 5e-05

    Collisions [rank 4]              = 2096
    Collision candidates           = 4526
    Collision acceptance rate      = 0.4631020769

    Collisions [rank 2]              = 4917
    Collision candidates           = 9608
    Collision acceptance rate      = 0.5117610325

    Collisions [rank 3]              = 1124
    Collision candidates           = 3189
    Collision acceptance rate      = 0.3524615867

Cloud name: dsmc [rank 7]
    Number of dsmc particles        = 228979
    Number of molecules             = 1.144895e+17
    Mass in system                  = 5.48522686e-09
    Average linear kinetic energy   = 7.36766584e-19
    Average rotational energy       = 6.203968393e-20
    Average vibrational energy      = 3.501587938e-20
    Average electronic energy       = 0
    Average total energy            = 8.338221473e-19
ExecutionTime = 116.75 s  ClockTime = 117 s


Main loop profiling summary:
    main loop wall time [s]      = 118.3146081
    solver profile steps          = 500
    runTime.loop [s]              = 0.013351458
    loop header/output [s]        = 0.00027483
    dsmc.evolve call [s]          = 117.6088839
    loadBalancer.update [s]       = 0.007405382
    loadBalancer.perform [s]      = 0.000706299
    dsmc.info [s]                 = 0.629496925
    runTime.write/print [s]       = 0.054129679
    step residual [s]             = 0.000286597
    solver accounted [s]          = 118.3145351
    main-accounted residual [s]   = 7.3003e-05

Cloud name: dsmc [rank 6]
    Number of dsmc particles        = 294008
    Number of molecules             = 1.47004e+17
    Mass in system                  = 7.04129658e-09
    Average linear kinetic energy   = 1.021714482e-18
    Average rotational energy       = 1.595614756e-20
    Average vibrational energy      = 2.368657102e-20
    Average electronic energy       = 0
    Average total energy            = 1.061357201e-18
ExecutionTime = 116.77 s  ClockTime = 117 s


Main loop profiling summary:
    main loop wall time [s]      = 118.249769
    solver profile steps          = 500
    runTime.loop [s]              = 0.012761548
    loop header/output [s]        = 0.000221629
    dsmc.evolve call [s]          = 117.4228817
    loadBalancer.update [s]       = 0.007778722
    loadBalancer.perform [s]      = 0.000645011
    dsmc.info [s]                 = 0.751255422
    runTime.write/print [s]       = 0.053855602
    step residual [s]             = 0.000301969
    solver accounted [s]          = 118.2497016
    main-accounted residual [s]   = 6.743099996e-05

Cloud name: dsmc [rank 4]
    Number of dsmc particles        = 367866
    Number of molecules             = 1.83933e+17
    Mass in system                  = 8.81041243e-09
    Average linear kinetic energy   = 1.048831411e-18
    Average rotational energy       = 1.229245552e-20
    Average vibrational energy      = 2.326295306e-20
    Average electronic energy       = 0
    Average total energy            = 1.08438682e-18
ExecutionTime = 116.72 s  ClockTime = 117 s


Main loop profiling summary:
    main loop wall time [s]      = 118.2743109
    solver profile steps          = 500
    runTime.loop [s]              = 0.013105455
    loop header/output [s]        = 0.000244809
    dsmc.evolve call [s]          = 117.4946024
    loadBalancer.update [s]       = 0.00762374
    loadBalancer.perform [s]      = 0.000611631
    dsmc.info [s]                 = 0.701852876
    runTime.write/print [s]       = 0.055910944
    step residual [s]             = 0.000285171
    solver accounted [s]          = 118.2742371
    main-accounted residual [s]   = 7.380400001e-05

Cloud name: dsmc [rank 5]
    Number of dsmc particles        = 261099
    Number of molecules             = 1.305495e+17
    Mass in system                  = 6.2542071e-09
    Average linear kinetic energy   = 7.389297003e-19
    Average rotational energy       = 6.572273975e-20
    Average vibrational energy      = 3.556118026e-20
    Average electronic energy       = 0
    Average total energy            = 8.402136203e-19
ExecutionTime = 116.73 s  ClockTime = 117 s


Main loop profiling summary:
    main loop wall time [s]      = 118.2521633
    solver profile steps          = 500
    runTime.loop [s]              = 0.013052979
    loop header/output [s]        = 0.000361361
    dsmc.evolve call [s]          = 117.444917
    loadBalancer.update [s]       = 0.007740255
    loadBalancer.perform [s]      = 0.000710578
    dsmc.info [s]                 = 0.731125309
    runTime.write/print [s]       = 0.053832054
    step residual [s]             = 0.000334662
    solver accounted [s]          = 118.2520742
    main-accounted residual [s]   = 8.913800002e-05

Cloud name: dsmc [rank 1]
    Number of dsmc particles        = 286359
    Number of molecules             = 1.431795e+17
    Mass in system                  = 6.85789322e-09
    Average linear kinetic energy   = 9.832841902e-19
    Average rotational energy       = 2.373270624e-20
    Average vibrational energy      = 2.553666481e-20
    Average electronic energy       = 0
    Average total energy            = 1.032553561e-18
ExecutionTime = 116.72 s  ClockTime = 117 s


Main loop profiling summary:
    main loop wall time [s]      = 118.3613899
    solver profile steps          = 500
    runTime.loop [s]              = 0.012638993
    loop header/output [s]        = 0.000266337
    dsmc.evolve call [s]          = 117.4182962
    loadBalancer.update [s]       = 0.007890419
    loadBalancer.perform [s]      = 0.000691965
    dsmc.info [s]                 = 0.868755137
    runTime.write/print [s]       = 0.052513586
    step residual [s]             = 0.000269988
    solver accounted [s]          = 118.3613226
    main-accounted residual [s]   = 6.729899989e-05

Cloud name: dsmc [rank 3]
    Number of dsmc particles        = 399388
    Number of molecules             = 1.99694e+17
    Mass in system                  = 9.56643914e-09
    Average linear kinetic energy   = 1.094166365e-18
    Average rotational energy       = 5.775897588e-21
    Average vibrational energy      = 2.203318814e-20
    Average electronic energy       = 0
    Average total energy            = 1.12197545e-18
Cloud name: dsmc [rank 0]ExecutionTime = 116.75 s  ClockTime = 117 s


Main loop profiling summary:
    main loop wall time [s]      = 118.3285193
    solver profile steps          = 500
    runTime.loop [s]              = 0.013018292
    loop header/output [s]        = 0.000271685
    dsmc.evolve call [s]          = 117.4284569
    loadBalancer.update [s]       = 0.00751606
    loadBalancer.perform [s]      = 0.000666228
    dsmc.info [s]                 = 0.823909839
    runTime.write/print [s]       = 0.054284291
    step residual [s]             = 0.000297754
    solver accounted [s]          = 118.328421
    main-accounted residual [s]   = 9.823999999e-05


    Number of dsmc particles        = 302448
    Number of molecules             = 1.51224e+17
    Mass in system                  = 7.24386523e-09
    Average linear kinetic energy   = 1.1155535e-18
    Average rotational energy       = 2.580431917e-21
    Average vibrational energy      = 2.164125355e-20
    Average electronic energy       = 0
    Average total energy            = 1.139775185e-18
ExecutionTime = 116.75 s  ClockTime = 117 s


Main loop profiling summary:
    main loop wall time [s]      = 115.8841389
    solver profile steps          = 500
    runTime.loop [s]              = 0.012364499
    loop header/output [s]        = 0.000246487
    dsmc.evolve call [s]          = 114.9218645
    loadBalancer.update [s]       = 0.007460005
    loadBalancer.perform [s]      = 0.000627087
    dsmc.info [s]                 = 0.88787732
    runTime.write/print [s]       = 0.053365712
    step residual [s]             = 0.000297235
    solver accounted [s]          = 115.8841028
    main-accounted residual [s]   = 3.607000009e-05

Move profiling summary:
    move calls                    = 1000
    move pre-control/partition [s]= 0.908775299
    move reset/setup [s]          = 0.003225924
    move extract parcels [s]      = 0
    move parallel kernel wall [s] = 45.76155029
    move commit/survivor rebuild [s] = 0
    move transfer/delete finalize [s] = 0
    total profiled [s]            = 46.67355151

BuildCellOccupancy profiling summary:
    buildCellOccupancy calls      = 501
    extract parcels [s]           = 6.555911452
    count/reduce [s]              = 0
    allocate/fill [s]             = 0
    total profiled [s]            = 6.555911452

Collision profiling summary:
    collision calls               = 500
    precompute candidates [s]     = 0.144046012
    rebuild partition [s]         = 3.0658e-05
    selection/collide [s]         = 10.75108695
    total profiled [s]            = 10.89516362

Evolve profiling summary:
    evolve calls                  = 500
    pre/update setup [s]          = 0.004431067
    move only [s]                 = 47.1652636
    buildCellOccupancy [s]        = 10.7084157
    coordSystem [s]               = 0.000765566
    collision phase [s]           = 10.89824478
    reaction/output [s]           = 0.000543622
    post fields/output [s]        = 30.35563996
    rank-time bookkeeping [s]     = 0.000191681
    auto DLB/rebalance [s]        = 15.78659015
    post-profile residual [s]     = 0.000676667
    total profiled [s]            = 99.12887323
    full evolve accounted [s]     = 114.9207628
    full evolve wall [s]          = 114.9207628
    evolve residual [s]           = -8.526512829e-14

Cloud name: dsmc [rank 2]
    Number of dsmc particles        = 326195
    Number of molecules             = 1.630975e+17
    Mass in system                  = 7.81317181e-09
    Average linear kinetic energy   = 9.724189151e-19
    Average rotational energy       = 2.504833022e-20
    Average vibrational energy      = 2.62660155e-20
    Average electronic energy       = 0
    Average total energy            = 1.023733261e-18
ExecutionTime = 116.78 s  ClockTime = 117 s


Main loop profiling summary:
    main loop wall time [s]      = 118.3501321
    solver profile steps          = 500
    runTime.loop [s]              = 0.013595954
    loop header/output [s]        = 0.000232635
    dsmc.evolve call [s]          = 117.5099787
    loadBalancer.update [s]       = 0.008113161
    loadBalancer.perform [s]      = 0.000678244
    dsmc.info [s]                 = 0.761740302
    runTime.write/print [s]       = 0.055440943
    step residual [s]             = 0.000281089
    solver accounted [s]          = 118.3500611
    main-accounted residual [s]   = 7.09920001e-05

Replicated mesh final summary:
    total dsmc particles            = 2466342
    last-step collisions            = 35158
    last-step candidates            = 70116
    last-step acceptance rate       = 0.501426208
    rank 0: particles=302448 collisions=684 candidates=2171
    rank 1: particles=286359 collisions=3236 candidates=5932
    rank 2: particles=326195 collisions=4917 candidates=9608
    rank 3: particles=399388 collisions=1124 candidates=3189
    rank 4: particles=367866 collisions=2096 candidates=4526
    rank 5: particles=261099 collisions=11701 candidates=22767
    rank 6: particles=294008 collisions=1751 candidates=3549
    rank 7: particles=228979 collisions=9649 candidates=18374


Replicated mesh profiling summary:
    migration calls             = 59
    migration wall time [s]     = 4.406303137
    local particles (final)     = 296197
    particles per rank          = min 228405 max 405542 max/min 1.775539064
    rank wall time (evolve, 500 steps): min 91.74169362 max 99.13380862 max/min 1.080575306
    Phase C auto DLB checks      = 500
    Phase C auto DLB rebalances = 8
    Phase C auto DLB triggered checks = 8
    Phase C auto DLB wall max [s]= 25.67342357
    Phase C auto DLB check max [s]= 23.55898278
    Phase C ParMETIS max [s]     = 0.320407026
    Phase C migration max [s]    = 1.637910673
    Phase C cellOwner write max [s] = 0.156311066
    Phase C post-diagnostic max [s] = End

--> FOAM Warning : 
    From static void Foam::UPstream::shutdown(int)
    in file UPstream.C at line 680
    Finalizing MPI, but was initialized elsewhere
End

--> FOAM Warning : 
    From static void Foam::UPstream::shutdown(int)
    in file UPstream.C at line 680
    Finalizing MPI, but was initialized elsewhere
End

--> FOAM Warning : 
    From static void Foam::UPstream::shutdown(int)
    in file UPstream.C at line 680
    Finalizing MPI, but was initialized elsewhere
End

--> FOAM Warning : 
    From static void Foam::UPstream::shutdown(int)
    in file UPstream.C at line 680
    Finalizing MPI, but was initialized elsewhere
End

--> FOAM Warning : 
    From static void Foam::UPstream::shutdown(int)
    in file UPstream.C at line 680
    Finalizing MPI, but was initialized elsewhere
End

--> FOAM Warning : 
    From static void Foam::UPstream::shutdown(int)
    in file UPstream.C at line 680
    Finalizing MPI, but was initialized elsewhere
End

--> FOAM Warning : 
    From static void Foam::UPstream::shutdown(int)
    in file UPstream.C at line 680
    Finalizing MPI, but was initialized elsewhere
0.156833341
    Phase C auto DLB accounted max [s] = 25.83044489
    Phase C auto DLB residual max [s] = -0.157021317

End

--> FOAM Warning : 
    From static void Foam::UPstream::shutdown(int)
    in file UPstream.C at line 680
    Finalizing MPI, but was initialized elsewhere
External wall seconds: 117.31
