/*--------------------------------*- C++ -*----------------------------------*\
| =========                 |                                                 |
| \\      /  F ield         | OpenFOAM: The Open Source CFD Toolbox           |
|  \\    /   O peration     | Version:  2506                                  |
|   \\  /    A nd           | Website:  www.openfoam.com                      |
|    \\/     M anipulation  |                                                 |
\*---------------------------------------------------------------------------*/
FoamFile
{
    version     2.0;
    format      ascii;
    arch        "LSB;label=32;scalar=64";
    class       volScalarField;
    location    "0";
    object      rhoM_N2;
}
// * * * * * * * * * * * * * * * * * * * * * * * * * * * * * * * * * * * * * //

dimensions      [1 -3 0 0 0 0 0];

internalField   nonuniform List<scalar> 
60000
(
7.247051411e-05
6.207946374e-05
8.264230513e-05
8.254841605e-05
7.203240291e-05
0.0001027296745
9.210181365e-05
9.189320272e-05
7.112336709e-05
5.065715507e-05
7.050373892e-05
9.03336175e-05
3.987561373e-05
7.942626479e-05
5.911407756e-05
4.903101024e-05
8.751086088e-05
6.77042742e-05
4.791679313e-05
6.668946999e-05
3.773354438e-05
5.623554709e-05
7.419825613e-05
0.0001013091673
5.465288601e-05
6.328255394e-05
8.043055463e-05
7.978659198e-05
6.131810391e-05
5.211344173e-05
7.721070958e-05
5.951892853e-05
6.716423388e-05
7.485878612e-05
5.747297178e-05
7.318244883e-05
8.02458453e-05
7.150348889e-05
5.487199725e-05
7.758808719e-05
7.654004236e-05
6.816639851e-05
8.964847417e-05
6.652065482e-05
7.289560084e-05
7.210789623e-05
7.822193609e-05
7.033344927e-05
7.629298891e-05
6.17333343e-05
6.087476079e-05
6.019991057e-05
7.914965345e-05
6.522481633e-05
7.718163411e-05
6.360284214e-05
7.526469255e-05
7.442948865e-05
6.728393833e-05
7.258951557e-05
7.159085884e-05
7.670488608e-05
6.983616244e-05
8.05875801e-05
6.813705129e-05
6.740141972e-05
7.203480394e-05
7.12654328e-05
7.031467209e-05
6.422088277e-05
7.921650913e-05
7.316523191e-05
7.221097593e-05
6.636415963e-05
6.047081059e-05
8.479948678e-05
7.387418094e-05
8.776457292e-05
8.185455072e-05
6.674714212e-05
7.063836687e-05
7.928176372e-05
6.91139717e-05
7.301829244e-05
6.76498576e-05
6.701360093e-05
7.949330778e-05
7.438029722e-05
6.922244642e-05
9.002164696e-05
7.208349687e-05
8.823698272e-05
6.65215148e-05
7.416445571e-05
8.564770718e-05
6.871559516e-05
6.404323902e-05
7.140944237e-05
6.681359356e-05
7.011780101e-05
5.134109684e-05
5.13097148e-05
7.172116103e-05
7.163990511e-05
6.123875936e-05
6.113560928e-05
5.075194812e-05
4.05098159e-05
0.0001007827654
5.024765343e-05
8.991799152e-05
6.969451172e-05
7.911305151e-05
7.87914832e-05
8.796629147e-05
6.809858258e-05
8.682038684e-05
0.0001055543831
4.754175279e-05
2.835791878e-05
4.680093053e-05
5.580007936e-05
4.601733601e-05
6.397486661e-05
6.327609881e-05
9.868846698e-05
7.095471711e-05
7.03879638e-05
6.955477072e-05
6.896730366e-05
5.96091868e-05
6.75205196e-05
9.167582667e-05
6.605609937e-05
8.151048633e-05
7.265462837e-05
4.780299523e-05
7.888133947e-05
7.783356054e-05
7.70401524e-05
7.600374461e-05
8.273214859e-05
8.160783337e-05
7.340040829e-05
6.515556273e-05
8.593658599e-05
6.356455968e-05
6.985608533e-05
7.577902035e-05
6.813127267e-05
8.062441152e-05
4.650999426e-05
7.207350115e-05
7.127294552e-05
7.028516121e-05
7.582276301e-05
7.477406858e-05
7.394485057e-05
7.292551946e-05
7.212008109e-05
7.113040988e-05
7.034949021e-05
6.938963045e-05
8.007264303e-05
7.334565529e-05
7.81351013e-05
6.607272599e-05
8.170897183e-05
6.98713533e-05
8.508808539e-05
7.871878509e-05
7.7898809e-05
8.713537369e-05
7.609422736e-05
8.012367657e-05
7.435521004e-05
6.851883508e-05
6.783511023e-05
6.698921064e-05
8.054443281e-05
6.55180518e-05
6.488359231e-05
8.699826746e-05
5.895712834e-05
5.82637571e-05
6.659495989e-05
6.144137613e-05
6.087106265e-05
7.308769734e-05
8.093733651e-05
7.163017924e-05
8.350666308e-05
6.197030336e-05
7.779060905e-05
6.484177502e-05
6.426366271e-05
7.15897338e-05
8.672256577e-05
5.857560579e-05
8.128060783e-05
5.092441586e-05
8.1429456e-05
8.130272283e-05
4.060543167e-05
6.074359821e-05
0.0001212830621
8.054867665e-05
5.022943738e-05
8.997652408e-05
6.978260709e-05
6.937775599e-05
5.926162003e-05
6.867438195e-05
7.816676762e-05
5.818172214e-05
8.68658548e-05
5.742714893e-05
7.616686151e-05
7.547606027e-05
5.627619551e-05
0.0001114573606
7.382840535e-05
7.306592571e-05
8.162716429e-05
6.279783793e-05
9.794431488e-05
7.922663717e-05
7.859528725e-05
6.04095265e-05
5.990045548e-05
9.298473589e-05
5.864839396e-05
5.791585372e-05
7.377533516e-05
8.092525345e-05
4.808957806e-05
7.119506768e-05
6.265791449e-05
7.728635746e-05
6.884991223e-05
7.547490999e-05
6.722009532e-05
6.631015888e-05
8.01856076e-05
6.471122885e-05
7.823911886e-05
6.31352324e-05
7.632367335e-05
7.527193044e-05
6.767611547e-05
6.674138682e-05
7.260309659e-05
7.159947181e-05
7.724162638e-05
6.982655504e-05
6.905125396e-05
7.428979959e-05
7.346648297e-05
7.245649075e-05
7.165667924e-05
7.067584597e-05
6.990028116e-05
6.894877243e-05
6.819792416e-05
6.727579017e-05
7.764152844e-05
6.565708279e-05
7.036912383e-05
6.409254419e-05
7.927039616e-05
7.301212472e-05
6.709078834e-05
6.621804821e-05
7.057903972e-05
6.96726356e-05
6.896694771e-05
8.268529779e-05
7.704477216e-05
6.65740029e-05
8.475356651e-05
7.441377828e-05
5.987555772e-05
6.825705914e-05
6.309852374e-05
6.681020974e-05
7.05936181e-05
6.978220846e-05
7.345521508e-05
5.981482885e-05
6.773295474e-05
6.280811261e-05
7.468624075e-05
5.747618253e-05
7.323414886e-05
7.248753511e-05
7.184135892e-05
7.113663272e-05
6.267196671e-05
7.372360524e-05
7.691787802e-05
7.072022151e-05
8.077409004e-05
6.04868146e-05
0.0001006977636
8.034184042e-05
8.020716634e-05
7.990470064e-05
6.975937046e-05
9.917794563e-05
5.93378353e-05
5.899555252e-05
0.0001077864877
6.81335002e-05
7.75518805e-05
5.772648706e-05
4.788175716e-05
7.597477211e-05
9.447025516e-05
8.425622357e-05
7.445775593e-05
6.451999464e-05
9.158177993e-05
7.251262262e-05
6.300808288e-05
8.01343961e-05
6.186173714e-05
6.116296168e-05
5.200858445e-05
5.996526063e-05
6.795549997e-05
6.713301215e-05
5.822260679e-05
5.749864381e-05
8.138365109e-05
6.427869155e-05
7.162150375e-05
8.640234764e-05
7.777131232e-05
8.442147429e-05
7.596717688e-05
5.996270703e-05
6.675672843e-05
7.317395998e-05
8.687818874e-05
6.427291427e-05
7.771028096e-05
6.967962859e-05
7.581259044e-05
7.477158199e-05
6.722699934e-05
7.956196361e-05
6.556857132e-05
7.113163715e-05
7.673761305e-05
6.937389482e-05
7.484091687e-05
7.38117629e-05
7.299426495e-05
7.199345671e-05
7.119919447e-05
7.022705502e-05
6.945677245e-05
7.422293765e-05
6.776765297e-05
6.685327317e-05
7.164314128e-05
7.612107566e-05
7.53085536e-05
6.369348652e-05
7.352513783e-05
7.255907644e-05
9.23185472e-05
6.580829812e-05
7.515243644e-05
7.913420949e-05
6.854102593e-05
6.767395547e-05
7.17840352e-05
7.088990408e-05
7.019275757e-05
8.31999354e-05
6.408410354e-05
6.783652211e-05
7.614738294e-05
7.082469726e-05
7.892781113e-05
7.368553823e-05
7.300124975e-05
6.369046507e-05
6.73134149e-05
7.490163857e-05
7.009885833e-05
6.935749549e-05
6.873448792e-05
6.403006666e-05
7.535800593e-05
6.676205153e-05
6.227799284e-05
7.711306797e-05
7.26102799e-05
7.015542846e-05
6.009689172e-05
7.000514105e-05
5.993697369e-05
5.977691608e-05
3.978463426e-05
0.0001089975425
7.909306887e-05
7.871564013e-05
0.0001177390364
7.804248323e-05
5.833100403e-05
8.691566384e-05
9.618323964e-05
4.773193378e-05
4.751055229e-05
6.596553319e-05
7.49946371e-05
8.361188732e-05
0.0001015979195
8.232522453e-05
8.179983408e-05
7.19676365e-05
8.040287098e-05
8.837526041e-05
7.894569092e-05
6.938509302e-05
6.883469709e-05
5.952748153e-05
5.902806876e-05
8.33098454e-05
4.954539213e-05
7.339808809e-05
8.080310989e-05
7.180167789e-05
7.111588168e-05
6.239789192e-05
8.495072543e-05
4.57288282e-05
8.298600145e-05
5.955121243e-05
7.366634004e-05
8.721217675e-05
6.471694746e-05
6.384049749e-05
8.420568454e-05
7.613679883e-05
6.846209699e-05
6.077277937e-05
7.34621853e-05
7.904117142e-05
7.165400456e-05
6.424534228e-05
6.988679006e-05
7.519316254e-05
6.816284573e-05
6.722818573e-05
7.252807868e-05
7.153630314e-05
7.074751417e-05
6.978392774e-05
7.477042764e-05
6.808365112e-05
6.734277703e-05
6.643603017e-05
7.119622387e-05
6.484128958e-05
7.484085611e-05
7.912420922e-05
6.263166103e-05
7.726244562e-05
7.136053969e-05
6.03725426e-05
6.473153212e-05
8.35641206e-05
7.298607068e-05
6.245504683e-05
6.65877864e-05
6.106177946e-05
8.371544861e-05
6.890890136e-05
7.279051694e-05
6.742113528e-05
7.568091581e-05
6.599114922e-05
6.101185343e-05
7.754093469e-05
6.40172304e-05
7.59581978e-05
8.780499045e-05
7.030380271e-05
7.786213533e-05
8.10916151e-05
7.23268921e-05
5.965479935e-05
5.912318565e-05
7.415005644e-05
7.73611766e-05
7.279708275e-05
7.595197219e-05
5.965678727e-05
8.943131714e-05
6.945123799e-05
6.937339368e-05
7.90733625e-05
8.880911684e-05
6.88162593e-05
5.885331139e-05
6.833640353e-05
5.840853554e-05
7.743387262e-05
9.646095182e-05
5.7494486e-05
6.680684347e-05
6.630990238e-05
4.714505871e-05
7.481254755e-05
7.442195215e-05
6.453792427e-05
8.249585315e-05
9.078404317e-05
7.21648324e-05
8.035962887e-05
6.207008409e-05
6.140547169e-05
6.965651177e-05
6.887720422e-05
5.124904814e-05
6.753834075e-05
5.860133555e-05
7.444091457e-05
7.378626122e-05
6.477942934e-05
6.418463398e-05
7.129702282e-05
7.846372064e-05
6.970931643e-05
6.1353674e-05
6.812096355e-05
7.492367852e-05
7.393165888e-05
5.853235442e-05
7.21863776e-05
7.142355702e-05
8.45518137e-05
7.667376638e-05
7.563276917e-05
6.120874416e-05
8.049881324e-05
7.961569866e-05
6.543929403e-05
7.118870326e-05
7.021407236e-05
7.574906479e-05
6.848595562e-05
7.388417396e-05
6.680108537e-05
7.206780932e-05
7.108491873e-05
7.030152857e-05
6.934635759e-05
8.001749878e-05
7.3297446e-05
6.69231955e-05
7.152595997e-05
7.619752831e-05
6.981102727e-05
7.437893195e-05
7.33951116e-05
6.743378391e-05
7.678890042e-05
7.598913446e-05
7.000411912e-05
7.423367293e-05
7.328332749e-05
7.254082727e-05
6.684965784e-05
7.090943909e-05
7.469565493e-05
8.320586828e-05
7.762164495e-05
6.78257972e-05
7.594557855e-05
7.964484237e-05
7.870692485e-05
7.36342833e-05
7.706773456e-05
7.635170864e-05
6.291132627e-05
7.48009533e-05
7.398267461e-05
7.331155818e-05
8.059239982e-05
5.990136787e-05
7.509563496e-05
7.442652377e-05
5.817591756e-05
8.456899051e-05
6.853500004e-05
6.793025366e-05
7.89171206e-05
8.872851898e-05
3.93748751e-05
6.882899837e-05
7.845402642e-05
5.874257697e-05
9.754138444e-05
7.785880111e-05
8.717787859e-05
8.693207442e-05
7.683468099e-05
7.65722187e-05
8.557816498e-05
5.682294297e-05
7.520339286e-05
4.67851456e-05
9.280583551e-05
5.539346053e-05
6.40518155e-05
7.27783155e-05
8.109530961e-05
8.058019949e-05
7.976461068e-05
9.681804044e-05
7.83706754e-05
8.643331368e-05
9.401795801e-05
5.935712873e-05
8.381546217e-05
6.649226063e-05
5.748604744e-05
8.140221307e-05
7.236297867e-05
7.16998728e-05
7.079941213e-05
9.350100853e-05
6.922775115e-05
6.093090985e-05
6.765514381e-05
6.697134564e-05
8.077428857e-05
7.267131174e-05
6.453226438e-05
7.094587086e-05
6.299288752e-05
7.616580933e-05
7.513536902e-05
8.107592842e-05
7.330966737e-05
7.250619005e-05
7.151812852e-05
6.429946004e-05
6.976411019e-05
7.526428053e-05
6.805045559e-05
6.72970075e-05
6.637937749e-05
7.161334494e-05
7.652579453e-05
6.986113065e-05
6.891424069e-05
7.951928097e-05
6.723997067e-05
6.650881004e-05
7.655313875e-05
8.113720433e-05
6.938264682e-05
6.336229275e-05
7.294651289e-05
7.217721588e-05
7.123304965e-05
7.049117272e-05
7.45487529e-05
7.870150842e-05
7.769499742e-05
7.690771545e-05
7.119106464e-05
6.108273991e-05
6.96036396e-05
7.810787332e-05
6.353717245e-05
6.741550933e-05
7.548616343e-05
7.036698266e-05
8.692257073e-05
6.888302619e-05
8.085584573e-05
8.432047987e-05
7.086604352e-05
6.195507204e-05
6.536141965e-05
7.691253586e-05
6.808439945e-05
7.144183926e-05
8.249050203e-05
6.618311606e-05
7.70890744e-05
7.640655087e-05
7.946130249e-05
7.501002447e-05
7.830161156e-05
7.82548272e-05
7.813636362e-05
8.780538938e-05
9.730539594e-05
5.82862768e-05
7.742857579e-05
6.759900104e-05
5.767014021e-05
7.667719303e-05
7.624469137e-05
7.598482818e-05
6.605257107e-05
0.000103380914
7.463283114e-05
8.357523502e-05
8.28960137e-05
5.497682016e-05
8.173668198e-05
8.126461384e-05
8.04940309e-05
6.220971541e-05
7.038074603e-05
8.73708622e-05
8.644432843e-05
5.148314991e-05
5.939798446e-05
7.576706569e-05
7.489501016e-05
7.427071965e-05
8.154205757e-05
8.082791097e-05
7.185629567e-05
3.95550699e-05
7.030869936e-05
7.737884578e-05
7.639199302e-05
6.807817354e-05
8.212801846e-05
5.173592134e-05
6.564367315e-05
8.662057204e-05
7.834760754e-05
6.342707868e-05
6.953051907e-05
6.190734953e-05
8.143032922e-05
7.383492012e-05
7.283498378e-05
5.89397422e-05
6.459909557e-05
7.666472449e-05
6.931987841e-05
7.478566192e-05
7.376777369e-05
7.29515837e-05
7.195959338e-05
7.116457641e-05
7.019902598e-05
6.942621605e-05
6.848747573e-05
6.77376248e-05
7.239475015e-05
7.160781843e-05
7.608413854e-05
6.451228804e-05
6.895949163e-05
8.396797857e-05
7.250336464e-05
8.198722813e-05
6.574447831e-05
7.00643846e-05
6.915868906e-05
7.822624265e-05
7.240014681e-05
6.688867823e-05
6.132768493e-05
6.538550489e-05
5.996050247e-05
6.850424569e-05
6.315528381e-05
5.807546801e-05
6.179128377e-05
6.120074117e-05
6.479953331e-05
6.846825343e-05
7.613845186e-05
7.543074324e-05
7.458122378e-05
6.56859718e-05
6.090498898e-05
8.046986253e-05
7.165096612e-05
7.100738613e-05
7.417852702e-05
7.351778809e-05
6.51237137e-05
7.214111784e-05
7.521069098e-05
8.572992176e-05
6.798367579e-05
6.794320371e-05
5.814934395e-05
6.776544396e-05
8.689951213e-05
5.783701088e-05
6.722917143e-05
7.666246357e-05
8.584284322e-05
7.609054719e-05
7.566369341e-05
7.540638088e-05
9.364578488e-05
7.461706107e-05
6.481200411e-05
8.294680308e-05
6.399258856e-05
8.184960074e-05
9.915909234e-05
7.170015481e-05
7.990160289e-05
5.293093338e-05
8.73340258e-05
8.673472419e-05
0.0001029831596
5.963037344e-05
8.424648909e-05
9.19424883e-05
6.610111085e-05
8.193910002e-05
5.667854474e-05
5.618315894e-05
9.514221183e-05
8.641761908e-05
4.654982803e-05
6.147806487e-05
6.06971636e-05
8.264110602e-05
8.157399369e-05
8.075220682e-05
6.52052282e-05
7.170280536e-05
7.075399511e-05
8.401129721e-05
8.288998675e-05
7.516982221e-05
7.415994089e-05
7.335651999e-05
7.236640785e-05
4.554757246e-05
7.060573898e-05
6.982836495e-05
6.888126823e-05
7.431309208e-05
7.330457764e-05
7.24940618e-05
7.151098445e-05
7.072139731e-05
6.976430862e-05
6.8996683e-05
7.941029121e-05
7.293114114e-05
6.641694376e-05
8.759366123e-05
7.021936067e-05
6.946295512e-05
6.326904616e-05
8.345914277e-05
7.721310868e-05
6.621246042e-05
7.540246458e-05
7.46172143e-05
7.856409791e-05
6.317730456e-05
7.196649145e-05
8.073538583e-05
6.565018695e-05
6.499433463e-05
6.877175187e-05
8.625333086e-05
7.174623818e-05
8.881286256e-05
8.335837435e-05
7.387083054e-05
8.158832309e-05
7.231209866e-05
6.30684701e-05
6.248211851e-05
7.82517744e-05
6.937204136e-05
6.457399539e-05
7.19865661e-05
7.517441619e-05
7.057818507e-05
6.984788422e-05
7.691756989e-05
6.853406465e-05
6.038015827e-05
7.84871566e-05
6.668203895e-05
8.673632418e-05
7.705322088e-05
8.655504409e-05
6.724589789e-05
4.790805789e-05
4.782884817e-05
2.859269392e-05
6.656822935e-05
6.625931082e-05
7.551280987e-05
4.693217693e-05
7.48366741e-05
0.0001115298107
8.331362115e-05
7.35172923e-05
9.147527934e-05
5.444370482e-05
8.124309489e-05
6.26364556e-05
6.227634485e-05
7.050473919e-05
6.130246002e-05
6.936113473e-05
6.888622602e-05
7.668292008e-05
8.457611273e-05
9.201209513e-05
8.299106773e-05
8.204441451e-05
8.136338364e-05
7.236416732e-05
6.37626233e-05
6.299015318e-05
6.241628969e-05
6.934740165e-05
8.39559179e-05
6.782216571e-05
6.715897496e-05
7.36612669e-05
7.292038434e-05
6.477260128e-05
6.410535184e-05
6.326017516e-05
8.346047512e-05
7.548792771e-05
6.789230297e-05
6.698333003e-05
7.951012294e-05
7.190382244e-05
6.465268805e-05
6.378019882e-05
6.307854443e-05
6.844817362e-05
7.384645708e-05
7.284716222e-05
7.20422429e-05
7.106793427e-05
7.028370387e-05
7.511285409e-05
6.857243222e-05
7.892454357e-05
6.690957424e-05
7.701509646e-05
7.073720592e-05
6.979437149e-05
6.904274452e-05
7.860978373e-05
6.740210488e-05
7.163302692e-05
8.606593227e-05
6.495786112e-05
8.900502014e-05
7.809535498e-05
7.729272595e-05
7.15380001e-05
6.609202394e-05
6.525987173e-05
7.383750502e-05
7.292076866e-05
6.769009101e-05
7.577763958e-05
6.179963771e-05
6.977945709e-05
6.479272737e-05
6.829732948e-05
5.919682535e-05
8.359034748e-05
8.281303409e-05
8.187849478e-05
7.70704219e-05
7.622248451e-05
7.155548152e-05
6.292442144e-05
7.015414141e-05
6.556949142e-05
8.409902457e-05
7.190307788e-05
8.251978267e-05
7.057955867e-05
8.100412106e-05
6.694745298e-05
9.55826879e-05
6.680819882e-05
5.720079235e-05
7.607075295e-05
9.49315684e-05
8.512864262e-05
8.494012604e-05
6.575961806e-05
9.367972461e-05
7.452786255e-05
7.427551121e-05
5.534864826e-05
6.431635113e-05
0.0001003364115
9.987739855e-05
6.304972036e-05
5.376367422e-05
8.882638213e-05
6.182178818e-05
3.499667939e-05
9.563507473e-05
8.607790974e-05
5.129390353e-05
7.613637394e-05
5.878225889e-05
8.305669072e-05
7.416576947e-05
8.147058132e-05
5.655699067e-05
7.186296041e-05
7.123735631e-05
6.255817251e-05
7.748665539e-05
7.652949266e-05
5.306464834e-05
7.485137315e-05
8.153275972e-05
8.048806991e-05
5.794895064e-05
8.579423647e-05
6.368379701e-05
6.983024173e-05
6.909735744e-05
8.181792434e-05
6.070872031e-05
7.986492516e-05
7.241808005e-05
7.794230554e-05
7.709121898e-05
6.971633573e-05
7.521817341e-05
7.420417221e-05
6.727017531e-05
6.636246821e-05
7.756235612e-05
7.063034018e-05
6.985139485e-05
6.891082861e-05
9.087115583e-05
6.723831632e-05
6.650309465e-05
7.108163959e-05
6.4901345e-05
7.471099537e-05
7.39066326e-05
6.772043879e-05
6.699854729e-05
7.120564702e-05
7.548753375e-05
6.95386131e-05
6.881447489e-05
9.218820458e-05
5.762570487e-05
6.637360898e-05
7.508659528e-05
7.877577812e-05
7.798855544e-05
7.702078296e-05
7.626225819e-05
6.646786503e-05
7.898738754e-05
6.936731513e-05
6.870388094e-05
6.365018862e-05
7.14567094e-05
6.647626768e-05
8.643858169e-05
5.697477688e-05
7.258062653e-05
7.178098259e-05
7.508116974e-05
7.818576817e-05
6.586098704e-05
6.517630925e-05
7.219554442e-05
7.146992544e-05
6.710964904e-05
7.753660628e-05
7.685425034e-05
6.644109774e-05
6.640196319e-05
7.577548424e-05
6.623034444e-05
6.606021515e-05
6.595146694e-05
8.448896359e-05
6.556842063e-05
9.323915105e-05
9.297907659e-05
7.39726398e-05
8.293803912e-05
8.240783913e-05
8.208047583e-05
6.338028404e-05
7.210396547e-05
8.047109474e-05
8.895183849e-05
6.172712824e-05
7.014150751e-05
6.948934318e-05
7.768451153e-05
7.691697442e-05
6.790456155e-05
5.039837568e-05
6.670535393e-05
6.597944453e-05
5.72809533e-05
8.090471936e-05
7.221229648e-05
7.136864863e-05
8.647046522e-05
7.766509555e-05
6.926418073e-05
6.841203613e-05
6.023733928e-05
6.691639494e-05
6.626426793e-05
4.361229725e-05
7.915421803e-05
7.102704932e-05
7.029750025e-05
6.937735167e-05
8.238021933e-05
8.129222551e-05
7.37237423e-05
7.935641335e-05
7.195780685e-05
7.745036671e-05
7.660541326e-05
7.557816459e-05
7.47480447e-05
7.374340378e-05
7.293054988e-05
7.194924571e-05
7.115529284e-05
7.019810199e-05
6.942437152e-05
6.849187194e-05
7.902929121e-05
6.683199475e-05
7.160998434e-05
7.065445799e-05
6.451154681e-05
6.895964155e-05
6.821739318e-05
7.249550751e-05
7.684591545e-05
7.58392892e-05
7.003725056e-05
7.406520548e-05
7.329395339e-05
7.235104822e-05
7.160740015e-05
6.598306846e-05
6.997941733e-05
7.370628697e-05
7.296961248e-05
5.855247508e-05
7.581440255e-05
7.929328904e-05
8.288603166e-05
5.603001063e-05
8.110662616e-05
6.749448623e-05
6.68579379e-05
8.673645753e-05
8.592954448e-05
7.686670056e-05
8.016920592e-05
7.135627628e-05
7.07086181e-05
6.994942861e-05
6.932115887e-05
7.240991015e-05
7.554242409e-05
5.982480882e-05
7.041397756e-05
7.33999173e-05
7.639201304e-05
7.536267956e-05
6.590363835e-05
7.520738904e-05
6.573398424e-05
7.493260305e-05
4.675594487e-05
3.727058946e-05
9.297099235e-05
8.329179484e-05
6.460218192e-05
8.260383213e-05
6.403080221e-05
9.089083791e-05
8.147749167e-05
4.494071272e-05
8.052482381e-05
6.21342332e-05
6.181492725e-05
9.630074789e-05
7.83415226e-05
7.761660123e-05
6.856015079e-05
5.940019017e-05
6.7424147e-05
8.34070286e-05
7.451734017e-05
7.371002788e-05
8.126146557e-05
8.838133004e-05
5.577864131e-05
7.088109068e-05
7.807381175e-05
8.485365014e-05
6.115268124e-05
7.550416913e-05
8.227287548e-05
8.124419338e-05
7.313977208e-05
7.220970747e-05
6.433815055e-05
8.467799104e-05
8.38094723e-05
8.271635791e-05
8.185051058e-05
8.077323901e-05
6.659454625e-05
7.885433611e-05
7.150334749e-05
7.696459875e-05
7.6125692e-05
7.510806646e-05
7.428375628e-05
7.328832228e-05
7.248106368e-05
7.150853743e-05
7.071995749e-05
8.139964232e-05
6.900253751e-05
6.807797875e-05
7.294128485e-05
7.750231358e-05
7.118017176e-05
8.103736179e-05
7.481413675e-05
7.90958302e-05
8.346101336e-05
7.206645119e-05
7.129850853e-05
6.533986266e-05
6.465122401e-05
6.38126069e-05
8.257833274e-05
6.713183437e-05
6.169596214e-05
6.559709692e-05
7.420799889e-05
7.327575423e-05
5.894140889e-05
7.612173753e-05
8.423904413e-05
7.883060344e-05
7.372828671e-05
6.427262457e-05
7.214530757e-05
7.548761406e-05
7.477551589e-05
6.980428771e-05
7.729061357e-05
7.641584143e-05
8.368379863e-05
7.487748646e-05
7.419780691e-05
6.953659702e-05
7.274048846e-05
7.198085554e-05
8.260439455e-05
6.318550188e-05
6.631108806e-05
6.566468957e-05
7.231933592e-05
5.610087743e-05
5.606806056e-05
6.531677999e-05
6.524500859e-05
8.367323039e-05
9.281785544e-05
5.549201254e-05
7.382651471e-05
9.186394337e-05
8.244788293e-05
7.288664798e-05
3.63207031e-05
8.120451917e-05
8.088330226e-05
8.922919331e-05
7.994126878e-05
6.168638748e-05
8.767152022e-05
9.561172573e-05
7.77819586e-05
8.562847379e-05
8.509298116e-05
9.268606003e-05
5.021286182e-05
8.282500229e-05
8.222053853e-05
7.320032858e-05
7.263075743e-05
8.777587923e-05
7.913920798e-05
6.257791028e-05
7.754536158e-05
7.662132954e-05
6.07427718e-05
8.250191574e-05
6.686734675e-05
7.337166513e-05
7.265898496e-05
5.739078749e-05
7.812357053e-05
8.413069029e-05
6.939083837e-05
6.848896941e-05
6.777297535e-05
7.357243402e-05
5.955562439e-05
7.835857208e-05
7.10545925e-05
7.011114576e-05
7.565194161e-05
7.464378023e-05
7.38252e-05
7.283882309e-05
7.203708409e-05
7.699596145e-05
7.02899166e-05
6.934930479e-05
6.858579881e-05
7.330814593e-05
7.250354566e-05
6.603390811e-05
7.075548797e-05
6.981531533e-05
6.905798303e-05
6.290274657e-05
7.259704478e-05
7.675976103e-05
8.100474784e-05
7.994693431e-05
6.427235146e-05
7.319974285e-05
9.175422859e-05
6.674063675e-05
7.077278946e-05
6.987387283e-05
7.377636626e-05
6.374394418e-05
6.761426764e-05
6.232473874e-05
7.493428846e-05
6.966514327e-05
8.192398964e-05
7.241956619e-05
5.484963769e-05
6.671029872e-05
7.434096181e-05
6.531588709e-05
7.279649746e-05
7.197180674e-05
8.715739189e-05
7.052176448e-05
7.764618398e-05
8.065004475e-05
7.231370996e-05
6.779070529e-05
7.465265525e-05
7.389602589e-05
6.591889218e-05
6.527415483e-05
6.829506647e-05
8.352896145e-05
9.275585063e-05
9.262046933e-05
4.625946708e-05
9.228501061e-05
5.52804284e-05
7.344563153e-05
7.328431826e-05
6.383400844e-05
6.365704509e-05
8.139996283e-05
4.507035409e-05
3.582930748e-05
8.921968507e-05
4.429317947e-05
4.409228379e-05
7.8743509e-05
6.093155839e-05
6.041158665e-05
6.864918348e-05
5.101494589e-05
8.449431773e-05
6.693683691e-05
7.479385487e-05
5.757572984e-05
7.348680468e-05
6.46201155e-05
9.617748013e-05
7.132800043e-05
6.288162827e-05
7.769521115e-05
6.932161533e-05
6.849890725e-05
8.296519145e-05
7.450595645e-05
5.904570264e-05
6.560221032e-05
6.496602974e-05
6.41460344e-05
5.644963384e-05
5.572694591e-05
6.894622149e-05
6.805325586e-05
5.387417995e-05
6.646241275e-05
7.890790931e-05
7.137991935e-05
7.703065654e-05
7.601111677e-05
6.891871369e-05
7.418519877e-05
7.337227036e-05
7.239480411e-05
7.159851054e-05
7.064312158e-05
6.986507417e-05
6.893255732e-05
7.385523563e-05
7.287043831e-05
6.652710378e-05
7.111213443e-05
7.574629109e-05
6.940317457e-05
6.336974859e-05
6.774432402e-05
8.763593303e-05
7.122339624e-05
7.549789752e-05
7.948106949e-05
5.898267103e-05
6.307127864e-05
7.201680805e-05
8.057268026e-05
6.098103927e-05
7.410119286e-05
6.876536793e-05
8.148330388e-05
6.722378035e-05
6.639126936e-05
7.888431175e-05
7.359228632e-05
6.859056419e-05
6.353091441e-05
7.131242651e-05
7.461562369e-05
6.98052388e-05
6.087941601e-05
7.639608762e-05
7.155455321e-05
7.877452082e-05
7.790198415e-05
7.333498867e-05
6.108922857e-05
6.810812544e-05
6.739372561e-05
5.937246788e-05
8.080747625e-05
7.281256477e-05
7.209804218e-05
7.146482969e-05
4.606430256e-05
5.524504532e-05
6.435895191e-05
9.184080206e-05
7.328783411e-05
7.316819283e-05
8.202357658e-05
7.275002774e-05
6.337009884e-05
6.319477196e-05
7.183208167e-05
6.264244988e-05
8.003583522e-05
7.086271028e-05
7.036217655e-05
7.879916999e-05
9.555823902e-05
7.778478169e-05
8.569349402e-05
4.260359632e-05
8.442979489e-05
9.229442104e-05
7.478119378e-05
7.427569727e-05
6.534798644e-05
8.109128039e-05
6.417936774e-05
7.164223586e-05
6.297420137e-05
6.245768469e-05
7.717509265e-05
5.355674504e-05
7.56052465e-05
7.492402586e-05
7.401668286e-05
6.599126121e-05
7.965899955e-05
7.171612747e-05
6.373282587e-05
7.711941766e-05
5.537136148e-05
8.220871925e-05
8.114766133e-05
8.030148345e-05
6.604607679e-05
6.534547202e-05
6.448792771e-05
7.655320513e-05
7.554318045e-05
6.849508692e-05
7.373221759e-05
7.292486442e-05
7.195616573e-05
7.116524489e-05
7.021822153e-05
7.523244788e-05
6.852078874e-05
7.341451267e-05
6.686577839e-05
7.164364225e-05
7.61304338e-05
6.992114393e-05
8.491799536e-05
7.874759776e-05
6.216801398e-05
6.662450673e-05
7.080922248e-05
8.006294054e-05
6.420423959e-05
7.330127743e-05
7.717789091e-05
8.11477168e-05
6.597176171e-05
7.462123736e-05
6.907050876e-05
9.115998923e-05
6.301208741e-05
6.238192562e-05
6.601045233e-05
7.843169012e-05
6.886612194e-05
6.819707271e-05
8.001082658e-05
7.507392988e-05
6.594412416e-05
7.756943366e-05
7.263511515e-05
6.396340597e-05
7.509444926e-05
7.048831246e-05
8.132430398e-05
7.674848536e-05
8.351057155e-05
6.018947581e-05
6.700136826e-05
7.378360251e-05
7.668332934e-05
6.876760306e-05
7.525800047e-05
6.749284934e-05
4.572859215e-05
7.312337651e-05
6.389049564e-05
5.470352314e-05
8.184994523e-05
8.171659685e-05
9.047727584e-05
9.027933936e-05
6.291288346e-05
8.962737773e-05
7.131615989e-05
6.219294889e-05
6.180534716e-05
8.794624394e-05
6.986246607e-05
6.954690794e-05
6.900658946e-05
6.007308144e-05
5.956527483e-05
9.307249296e-05
6.707436228e-05
8.332191125e-05
6.601391436e-05
5.737252086e-05
7.301399541e-05
5.637674303e-05
6.374459157e-05
7.906444153e-05
7.818935979e-05
8.530420143e-05
6.899570239e-05
6.080166337e-05
6.759651978e-05
6.698853588e-05
5.88270347e-05
8.013105365e-05
8.633919186e-05
5.700305264e-05
7.036100755e-05
7.662695949e-05
7.565289341e-05
8.168863748e-05
6.719825134e-05
7.979808849e-05
6.563492441e-05
7.143340794e-05
7.690799052e-05
7.608163594e-05
7.508097026e-05
6.807663619e-05
7.328473472e-05
7.248288175e-05
7.152281074e-05
7.073719136e-05
6.979840225e-05
6.903061214e-05
7.946622874e-05
6.73652478e-05
7.20105188e-05
7.122129439e-05
7.027787933e-05
8.555237852e-05
6.859332065e-05
7.828842772e-05
8.7559983e-05
6.114262231e-05
7.542839767e-05
6.965017667e-05
7.365510025e-05
6.802052596e-05
7.673474091e-05
6.644383274e-05
7.496449076e-05
8.346807059e-05
5.95189526e-05
7.251107889e-05
8.055311785e-05
7.08865943e-05
6.563397908e-05
6.065440341e-05
7.703262601e-05
6.780807026e-05
6.280612772e-05
7.879250418e-05
8.195949861e-05
8.524493243e-05
7.22197369e-05
7.552203043e-05
7.859377096e-05
7.008424252e-05
7.700662709e-05
7.249200654e-05
5.661073024e-05
7.854320786e-05
5.921204709e-05
6.602095791e-05
6.171606712e-05
7.196628321e-05
7.838103051e-05
6.709876685e-05
6.355683537e-05
6.352014946e-05
5.436755116e-05
8.146253685e-05
8.125971412e-05
6.309923817e-05
4.491336787e-05
6.274142242e-05
5.353904437e-05
5.339149656e-05
7.965854583e-05
9.70354831e-05
4.383350727e-05
6.112614111e-05
7.804102883e-05
5.179283016e-05
6.85231478e-05
6.81746868e-05
5.070081354e-05
5.881665793e-05
5.828494865e-05
7.447304232e-05
8.195241457e-05
8.954076501e-05
5.640314441e-05
6.399409726e-05
5.540120815e-05
4.7120174e-05
8.543481564e-05
8.473673801e-05
6.853992367e-05
5.285084869e-05
8.953891143e-05
8.134039644e-05
6.575144746e-05
7.237537274e-05
7.14873895e-05
7.079742645e-05
8.389623498e-05
7.614075075e-05
8.201045192e-05
7.441050355e-05
8.013450641e-05
7.269255179e-05
7.175174535e-05
5.80846191e-05
7.643632494e-05
6.931452086e-05
7.462438173e-05
7.381447334e-05
7.284265065e-05
7.204622434e-05
8.294375163e-05
7.617377783e-05
7.516553757e-05
7.433921279e-05
9.028244739e-05
6.696799426e-05
6.608134626e-05
7.080389694e-05
6.449358396e-05
6.910624761e-05
7.34412432e-05
6.226766512e-05
7.681280906e-05
6.585563719e-05
6.499550543e-05
6.924993382e-05
5.858661858e-05
6.280024997e-05
6.199102889e-05
7.078340889e-05
6.056180029e-05
7.377131168e-05
7.739012886e-05
6.759272446e-05
7.119639436e-05
7.488944197e-05
8.266491589e-05
5.600244893e-05
5.957456877e-05
7.58514155e-05
7.077655412e-05
7.422199215e-05
5.297122102e-05
6.457964963e-05
7.579847595e-05
7.114022462e-05
8.596050775e-05
7.742753199e-05
7.656662247e-05
6.449061079e-05
7.504826461e-05
7.437423893e-05
7.726856822e-05
7.658127825e-05
6.135932576e-05
7.512800073e-05
7.084154425e-05
7.022027331e-05
9.014328019e-05
8.108227488e-05
7.196999811e-05
8.08782913e-05
8.067793454e-05
6.264768007e-05
8.918548376e-05
5.339467471e-05
7.087767315e-05
7.951805692e-05
7.030623459e-05
8.759003703e-05
6.093464978e-05
7.803777883e-05
9.471555567e-05
6.857415665e-05
6.804643274e-05
6.77010959e-05
6.713411149e-05
7.50999068e-05
7.442406612e-05
7.39634356e-05
8.953463216e-05
8.084824868e-05
5.602282475e-05
8.739981896e-05
7.861559383e-05
6.240790813e-05
6.943821748e-05
7.652434045e-05
6.052455742e-05
6.00055232e-05
7.413066536e-05
8.081284864e-05
6.532800601e-05
7.910142417e-05
5.682507693e-05
7.034684635e-05
7.641887714e-05
6.878243021e-05
7.470557032e-05
6.722330718e-05
5.309157152e-05
7.880999825e-05
7.131056672e-05
7.055663055e-05
6.963954196e-05
7.51557147e-05
7.417331292e-05
7.336896874e-05
7.240586828e-05
7.161479652e-05
7.067157364e-05
6.989634893e-05
7.472144959e-05
6.821584832e-05
7.292401973e-05
6.657539847e-05
7.117065782e-05
7.580608361e-05
6.411966596e-05
7.927601666e-05
8.344879855e-05
6.706783784e-05
7.637192936e-05
6.5477819e-05
7.456618647e-05
6.885426466e-05
7.767066704e-05
8.645912477e-05
7.586353481e-05
7.976582572e-05
6.948332281e-05
7.335356813e-05
5.884624418e-05
6.721068057e-05
7.521926674e-05
6.570591577e-05
8.21987753e-05
6.853729994e-05
6.347003904e-05
7.542363219e-05
8.279692242e-05
7.38032332e-05
8.103412741e-05
7.22418138e-05
6.346939712e-05
7.46677474e-05
8.935860693e-05
6.928984295e-05
7.99381984e-05
7.166818424e-05
6.715843961e-05
7.39503112e-05
6.585123672e-05
7.976904169e-05
7.536119899e-05
7.113944785e-05
6.691076835e-05
7.679649827e-05
6.265026891e-05
0.0001073388662
7.145733719e-05
6.245739612e-05
7.120393445e-05
6.220253903e-05
6.198732566e-05
7.95246352e-05
7.037712497e-05
8.772989162e-05
6.108543252e-05
7.8277289e-05
8.644062337e-05
6.888225068e-05
3.420251669e-05
6.809791453e-05
6.757630486e-05
5.042552957e-05
8.334193188e-05
9.116010446e-05
7.39173367e-05
7.346075578e-05
8.084535397e-05
7.227292498e-05
7.15469138e-05
7.8923335e-05
8.59029919e-05
6.974377766e-05
8.431049632e-05
6.081757323e-05
6.764619566e-05
7.451902599e-05
6.628665409e-05
8.759138155e-05
7.933442441e-05
6.43062016e-05
7.763919292e-05
8.388235834e-05
7.59389763e-05
6.835146517e-05
7.424075017e-05
8.016713946e-05
7.914633866e-05
7.179798344e-05
7.731794212e-05
7.012626383e-05
6.92176278e-05
6.847605819e-05
7.372766434e-05
7.292880954e-05
7.197429279e-05
7.11885049e-05
7.025350846e-05
7.527366129e-05
7.428257824e-05
6.781563654e-05
7.249857376e-05
7.721860883e-05
7.620095671e-05
7.536696365e-05
7.96875734e-05
7.88193772e-05
7.259901152e-05
9.233099256e-05
6.074886542e-05
6.009628728e-05
6.425677329e-05
7.335331204e-05
7.240395001e-05
7.164138553e-05
7.543530829e-05
7.931559529e-05
7.830438109e-05
7.74993121e-05
6.301675729e-05
8.019951737e-05
7.479715581e-05
5.662548632e-05
6.883188404e-05
7.66719792e-05
7.573706133e-05
7.916734962e-05
7.821594906e-05
7.338917301e-05
6.849234874e-05
6.784523376e-05
6.705709163e-05
7.815559229e-05
7.726534615e-05
7.655484272e-05
7.191645114e-05
6.376185979e-05
7.419756133e-05
6.985462936e-05
6.911417225e-05
7.931529897e-05
7.493056227e-05
7.426976995e-05
6.652653387e-05
7.288509351e-05
7.10932747e-05
7.105263127e-05
7.982091928e-05
7.973458578e-05
5.302600941e-05
7.941044473e-05
7.913705366e-05
0.0001052869873
6.114814746e-05
7.840361257e-05
7.799007767e-05
6.909446213e-05
6.867216447e-05
8.550539063e-05
8.491580267e-05
6.762824171e-05
6.711262856e-05
7.512005594e-05
8.277406972e-05
6.584726328e-05
8.157495659e-05
7.29648626e-05
7.227266808e-05
4.785932986e-05
5.527736737e-05
6.271947253e-05
6.206283967e-05
5.38881628e-05
6.853038637e-05
8.307876022e-05
6.720801538e-05
6.663370833e-05
8.781498768e-05
7.97780192e-05
7.1663641e-05
7.099810826e-05
7.715014468e-05
6.946267581e-05
6.860460481e-05
8.151104044e-05
7.378167851e-05
6.639374229e-05
7.210622639e-05
5.83845589e-05
7.684831391e-05
7.603758045e-05
6.880079522e-05
7.425205959e-05
7.328733887e-05
7.249390009e-05
7.154783163e-05
7.076725831e-05
6.984036041e-05
6.907526161e-05
6.816815276e-05
7.303843445e-05
7.207806318e-05
7.128751097e-05
6.493861074e-05
6.422820151e-05
6.338468815e-05
7.836796822e-05
7.218509848e-05
6.630353139e-05
7.047150194e-05
6.9714659e-05
7.372346412e-05
7.780152841e-05
6.719653961e-05
6.17396803e-05
8.438837519e-05
7.423098249e-05
6.412490929e-05
8.15986298e-05
6.714066031e-05
7.089003111e-05
7.4379756e-05
7.79668809e-05
6.84480753e-05
6.777272937e-05
7.1130679e-05
6.62954486e-05
6.140505957e-05
7.297973292e-05
7.612294794e-05
7.937219649e-05
6.668218824e-05
6.994665e-05
6.146596907e-05
6.470695876e-05
7.151245615e-05
6.713325086e-05
6.640146111e-05
6.946095095e-05
7.957420867e-05
7.528183951e-05
7.095697064e-05
7.384796584e-05
7.310949628e-05
7.592015499e-05
7.059337261e-05
7.937228393e-05
5.284021386e-05
9.676917284e-05
7.020580256e-05
3.50462678e-05
7.858395807e-05
6.098840267e-05
7.807156073e-05
7.785802307e-05
5.163289713e-05
7.719281549e-05
6.819845703e-05
5.944134084e-05
6.746673062e-05
8.395625401e-05
8.331908995e-05
5.802912162e-05
6.577111489e-05
5.722706772e-05
8.102700078e-05
5.63699263e-05
8.774458478e-05
7.92350024e-05
7.844575568e-05
7.009403249e-05
6.165617618e-05
9.177571443e-05
6.80853147e-05
7.503675042e-05
7.419497246e-05
8.827447883e-05
7.998375372e-05
7.927047969e-05
7.121087236e-05
7.055059494e-05
8.363696606e-05
6.902887317e-05
8.181494471e-05
7.425608979e-05
7.999445383e-05
7.258524973e-05
7.166705788e-05
7.737290716e-05
7.638435629e-05
7.557937194e-05
7.460613052e-05
6.765763799e-05
7.285224171e-05
7.206414704e-05
7.112639443e-05
7.035096771e-05
7.521804685e-05
6.867190982e-05
6.777242037e-05
7.820066041e-05
7.166240261e-05
8.178094074e-05
6.994696725e-05
6.918211024e-05
9.453522271e-05
6.233736028e-05
6.15221815e-05
7.09992486e-05
7.00738661e-05
7.42730021e-05
7.819648633e-05
6.769392855e-05
6.20474397e-05
6.13940729e-05
9.324149576e-05
6.920312816e-05
6.376787817e-05
7.663626551e-05
7.566990091e-05
7.490203315e-05
7.396698887e-05
6.030430061e-05
7.657708847e-05
6.318450516e-05
7.489729344e-05
7.004826548e-05
7.327740659e-05
7.660677137e-05
7.171613826e-05
7.893142137e-05
7.801347479e-05
6.569332905e-05
6.876396004e-05
7.570160644e-05
7.111297473e-05
7.417575845e-05
7.336592803e-05
7.270703681e-05
8.272323704e-05
7.12937502e-05
7.055608261e-05
7.343092583e-05
6.577115336e-05
6.176408803e-05
7.886300815e-05
6.130304682e-05
8.74528242e-05
6.115104774e-05
8.714644673e-05
5.220366767e-05
6.936759118e-05
8.652192546e-05
8.61462746e-05
7.731997431e-05
8.546228918e-05
5.110784643e-05
9.313045524e-05
7.590156842e-05
8.375895801e-05
6.670806769e-05
6.620410671e-05
8.233843943e-05
8.982737342e-05
8.932472252e-05
6.438908585e-05
8.799131451e-05
8.716370283e-05
8.658261271e-05
8.572376695e-05
5.416036648e-05
7.65685091e-05
6.838467593e-05
5.261354528e-05
5.964292539e-05
7.372051885e-05
5.847419486e-05
6.502658778e-05
7.876935719e-05
8.491654675e-05
6.309781902e-05
6.926391027e-05
7.546050071e-05
7.453476968e-05
6.038133786e-05
5.962938487e-05
7.214284243e-05
7.770895262e-05
7.049666542e-05
7.592596717e-05
6.886609836e-05
7.416219488e-05
7.336987699e-05
7.242228029e-05
7.163945922e-05
7.070989292e-05
6.993954616e-05
6.902847273e-05
6.827324128e-05
7.299636078e-05
6.664268965e-05
7.67323939e-05
7.047082468e-05
6.954836814e-05
7.407960655e-05
7.833296112e-05
7.231512051e-05
6.627332398e-05
6.555644877e-05
6.470350009e-05
7.87802155e-05
6.31796336e-05
7.212406284e-05
6.644828904e-05
6.574864506e-05
7.881534924e-05
7.34069568e-05
7.247405801e-05
8.517801771e-05
6.197201049e-05
6.572473754e-05
5.625083002e-05
7.710609872e-05
7.192397929e-05
7.959222194e-05
7.448435447e-05
6.966192595e-05
7.287324962e-05
7.618409645e-05
6.735798533e-05
7.457073897e-05
6.594481848e-05
8.070176105e-05
7.598108209e-05
7.151797698e-05
7.443992807e-05
6.638728202e-05
7.295706336e-05
7.591694266e-05
7.510740537e-05
6.735026979e-05
7.015969895e-05
7.64956444e-05
7.22840553e-05
7.165160519e-05
6.091257088e-05
4.348433577e-05
6.079299316e-05
6.072765792e-05
5.192645049e-05
8.640497905e-05
8.611182325e-05
6.014812171e-05
6.844368883e-05
7.678931104e-05
6.790228318e-05
0.0001015173073
5.045278606e-05
6.700948052e-05
7.487304827e-05
6.625730739e-05
7.397888394e-05
6.542852556e-05
6.489278696e-05
6.453035822e-05
4.797172847e-05
6.357027176e-05
7.871860121e-05
6.255584224e-05
7.742235819e-05
5.38078028e-05
6.085863024e-05
8.304185648e-05
6.721229213e-05
7.407674367e-05
8.057730412e-05
6.53664348e-05
7.179682716e-05
6.404279789e-05
8.438674126e-05
7.663951035e-05
7.571928047e-05
7.499505447e-05
7.407817034e-05
8.00163479e-05
5.926737882e-05
7.822450408e-05
7.080457646e-05
7.64436136e-05
7.54730469e-05
7.467932484e-05
7.372351117e-05
7.293660012e-05
7.199736421e-05
7.121974761e-05
7.029824092e-05
6.953290872e-05
7.434869713e-05
7.353577279e-05
8.374322665e-05
7.1782395e-05
6.539566126e-05
6.467950032e-05
9.575208858e-05
7.366020534e-05
6.75060536e-05
7.190795788e-05
7.097120155e-05
7.020373819e-05
6.43424843e-05
7.834085144e-05
6.28285674e-05
8.128654001e-05
7.080040514e-05
7.939567209e-05
7.376967895e-05
7.300176661e-05
6.306561173e-05
7.133386288e-05
7.924039373e-05
7.407858993e-05
8.606476181e-05
5.538201934e-05
8.415238513e-05
7.498949806e-05
7.819127415e-05
7.743039223e-05
7.24735264e-05
8.374143487e-05
6.698816822e-05
7.025795664e-05
6.943999271e-05
8.025787647e-05
8.689679343e-05
7.486717987e-05
7.40286878e-05
8.435950226e-05
5.078691142e-05
8.268632775e-05
7.113295171e-05
7.402576301e-05
6.627935697e-05
7.606847688e-05
7.872383626e-05
7.124966826e-05
9.506059264e-05
8.636992141e-05
7.762479677e-05
5.169436338e-05
8.594999154e-05
0.0001029745139
5.131340414e-05
6.827040535e-05
4.248550964e-05
9.321385605e-05
7.587122204e-05
9.242603376e-05
7.516772083e-05
6.655709208e-05
5.784324707e-05
6.581259796e-05
7.34848359e-05
5.686817307e-05
8.057795218e-05
7.211589504e-05
6.35411437e-05
7.894053296e-05
7.820428232e-05
8.545336585e-05
7.692060792e-05
7.637114221e-05
6.802598809e-05
6.750765838e-05
5.936366498e-05
5.888471468e-05
6.551062709e-05
7.938902235e-05
7.134758335e-05
7.778588248e-05
5.590900388e-05
7.616540344e-05
6.157149359e-05
7.453531486e-05
8.032050676e-05
7.290270594e-05
7.200079539e-05
6.479455621e-05
7.677935332e-05
7.598728787e-05
7.502549818e-05
7.423729245e-05
7.328998674e-05
7.250841053e-05
7.157740518e-05
7.67053357e-05
6.98913542e-05
8.065280116e-05
6.823524438e-05
7.873790331e-05
7.771437236e-05
6.588300968e-05
7.586244201e-05
7.50320725e-05
6.347505698e-05
7.324552627e-05
7.229150623e-05
7.150535456e-05
8.065781864e-05
7.479924719e-05
8.367331315e-05
7.303721339e-05
7.69001614e-05
7.60823456e-05
8.449266714e-05
7.431394838e-05
6.419411379e-05
7.260102499e-05
7.616030018e-05
7.537714489e-05
7.442909337e-05
7.367362066e-05
5.563673084e-05
7.626411567e-05
6.695470909e-05
6.215029365e-05
8.185776415e-05
7.295494463e-05
7.608250683e-05
7.931851204e-05
7.446031798e-05
6.987418884e-05
8.057030223e-05
7.221705311e-05
8.266320073e-05
6.701114424e-05
7.730306463e-05
7.660066058e-05
6.493756933e-05
6.792963201e-05
7.073944365e-05
7.361633382e-05
6.244213002e-05
7.220759666e-05
7.828438312e-05
7.422613061e-05
6.007937563e-05
6.00455515e-05
6.852846141e-05
7.701200552e-05
6.829119981e-05
8.522729166e-05
7.644678572e-05
5.933068037e-05
8.439533527e-05
9.258277224e-05
5.861284803e-05
7.511158541e-05
6.636722603e-05
8.263846366e-05
6.566528657e-05
7.354554568e-05
7.299734281e-05
9.684247651e-05
6.403760881e-05
7.164146266e-05
7.101617938e-05
7.058254285e-05
8.54663046e-05
7.718156085e-05
5.349772341e-05
6.07043072e-05
6.759163567e-05
8.198364964e-05
7.373486083e-05
7.314099092e-05
8.679945662e-05
7.172003343e-05
8.508471185e-05
7.730329737e-05
6.251003925e-05
6.881556936e-05
6.799499727e-05
7.408117754e-05
7.318155129e-05
7.246247473e-05
7.80751931e-05
7.728806966e-05
6.996260735e-05
7.553637783e-05
6.836795719e-05
7.380046212e-05
7.28615311e-05
7.208521916e-05
7.116231697e-05
8.212739176e-05
7.527991304e-05
6.873365623e-05
6.784542758e-05
7.828862234e-05
6.623439453e-05
6.550962775e-05
7.004662012e-05
6.395103514e-05
7.889927319e-05
7.283549003e-05
6.67538155e-05
6.602814621e-05
7.018436706e-05
6.446686706e-05
5.873760476e-05
7.747666338e-05
8.603724578e-05
8.039337845e-05
7.936164004e-05
7.390706322e-05
8.66449236e-05
7.220465907e-05
7.128987967e-05
7.055678327e-05
7.40244845e-05
6.034251592e-05
6.384771013e-05
5.899443077e-05
6.659149403e-05
7.417564711e-05
6.920172377e-05
7.255912306e-05
6.770447629e-05
7.099920105e-05
8.185130987e-05
6.563378015e-05
6.486884175e-05
6.426372132e-05
6.726493148e-05
5.924075826e-05
7.321968955e-05
7.980977038e-05
7.534523085e-05
7.822423534e-05
8.090280522e-05
7.66976663e-05
6.899682764e-05
7.522829611e-05
7.108026037e-05
6.710397384e-05
8.524466802e-05
7.667713653e-05
7.657143722e-05
8.498849943e-05
3.391437771e-05
6.772032421e-05
5.062035553e-05
7.576744568e-05
5.029643962e-05
8.360016018e-05
6.653723541e-05
5.802898561e-05
7.416526709e-05
4.925279686e-05
6.522985736e-05
6.494085084e-05
7.251627508e-05
8.017096385e-05
7.157071886e-05
6.326509495e-05
5.487583888e-05
7.012462578e-05
6.175643736e-05
7.668472361e-05
7.593636787e-05
6.785630345e-05
8.208786034e-05
5.924697874e-05
6.594394479e-05
7.268192437e-05
7.188187067e-05
6.414646491e-05
7.046575318e-05
7.682666327e-05
6.212719671e-05
7.523457206e-05
6.758229531e-05
6.024480608e-05
7.935418046e-05
7.202752839e-05
6.467473503e-05
5.762115753e-05
7.587173192e-05
7.509078763e-05
7.414613767e-05
7.336874255e-05
7.243805588e-05
7.166693899e-05
7.664801659e-05
7.582207807e-05
7.484917856e-05
7.403595433e-05
8.432504926e-05
7.228412239e-05
7.134912851e-05
7.59971965e-05
8.036999476e-05
6.889233157e-05
6.276774306e-05
7.243001908e-05
8.680977869e-05
7.071352288e-05
6.481192369e-05
7.397501243e-05
5.841527134e-05
8.186740985e-05
8.081328438e-05
7.054775107e-05
7.892941e-05
6.431653319e-05
6.803244473e-05
6.732431023e-05
6.647222475e-05
7.894637768e-05
7.362425089e-05
7.287682165e-05
8.043707772e-05
7.963145159e-05
6.623219844e-05
7.377531034e-05
5.668222781e-05
6.815826378e-05
8.714473957e-05
7.061592453e-05
6.977931573e-05
7.679899419e-05
5.692759702e-05
7.143551705e-05
7.433370105e-05
6.260204931e-05
7.282178505e-05
7.576799685e-05
6.422956435e-05
7.072527978e-05
7.696188052e-05
7.627810024e-05
6.86177231e-05
7.481512738e-05
7.742003305e-05
6.673377728e-05
9.313647608e-05
6.769770906e-05
8.45060063e-05
7.597433178e-05
7.57940984e-05
6.726502081e-05
8.380134078e-05
6.689732566e-05
4.99602337e-05
6.643338024e-05
7.435612645e-05
6.587777361e-05
9.004600062e-05
8.154481089e-05
9.720024723e-05
7.257777818e-05
8.805073019e-05
7.168212771e-05
8.690643104e-05
6.285429486e-05
7.009908076e-05
6.193121071e-05
8.43709624e-05
6.85748178e-05
8.299899653e-05
7.491754908e-05
7.415484589e-05
7.359279365e-05
8.737564464e-05
6.500572605e-05
7.858009527e-05
7.083318362e-05
7.703625844e-05
6.941442799e-05
6.861001674e-05
8.15756034e-05
7.38920303e-05
7.318930517e-05
7.230637745e-05
6.508888391e-05
7.714968913e-05
6.364482528e-05
7.542592079e-05
7.46504237e-05
7.371414249e-05
7.294204457e-05
7.201947474e-05
7.125348502e-05
8.207082088e-05
6.958895407e-05
6.869847246e-05
7.361528319e-05
6.70790048e-05
7.187632075e-05
8.73216878e-05
7.557132113e-05
6.926574773e-05
7.377859552e-05
6.762162837e-05
7.202903761e-05
9.648807625e-05
7.534730061e-05
7.437298717e-05
8.337895887e-05
7.746194178e-05
7.184187491e-05
7.091823373e-05
7.484200599e-05
7.388410597e-05
7.7675672e-05
6.766501458e-05
7.142477078e-05
6.611408844e-05
6.979645154e-05
7.75358703e-05
8.101248005e-05
8.421587355e-05
8.337229335e-05
7.411135411e-05
6.930264551e-05
7.248612823e-05
6.779243653e-05
6.303781615e-05
6.633472146e-05
7.326023963e-05
5.728969565e-05
7.549508314e-05
7.479058761e-05
7.393295737e-05
8.057755376e-05
6.156395463e-05
7.176992066e-05
7.452820658e-05
7.034182199e-05
6.61053849e-05
6.551813145e-05
7.165489988e-05
6.087802277e-05
7.699497628e-05
6.304926072e-05
6.728167069e-05
5.043309312e-05
7.554628285e-05
5.869570862e-05
9.201830636e-05
8.35197485e-05
6.659437111e-05
5.814534637e-05
7.4442739e-05
7.424163126e-05
6.565729113e-05
6.544253458e-05
7.318919935e-05
6.480701468e-05
7.242310835e-05
6.409189596e-05
9.543055226e-05
3.956473129e-05
7.064581969e-05
6.244879526e-05
6.191053954e-05
4.615092549e-05
7.621250251e-05
6.056799586e-05
5.998159788e-05
8.188976048e-05
7.369025942e-05
7.313268987e-05
7.236071508e-05
7.178086482e-05
7.099651598e-05
7.039793289e-05
6.960545509e-05
8.278997801e-05
7.501438965e-05
8.108314659e-05
6.677174074e-05
6.613761256e-05
7.841082927e-05
7.764339723e-05
7.030385713e-05
6.327059548e-05
7.49853181e-05
7.421519461e-05
7.3287152e-05
6.647692431e-05
7.160570333e-05
7.08447742e-05
6.994544428e-05
6.919285864e-05
6.830984278e-05
7.319936554e-05
6.670225042e-05
6.597516429e-05
7.598023985e-05
6.978232134e-05
7.947900481e-05
7.861074128e-05
7.242202203e-05
6.139926125e-05
7.070686597e-05
7.493468166e-05
6.41051291e-05
6.341291204e-05
5.778110246e-05
7.145207629e-05
7.053481942e-05
6.513281065e-05
6.889316659e-05
7.271270914e-05
7.627506954e-05
7.104111043e-05
7.01437766e-05
9.111689716e-05
7.283662861e-05
6.785606909e-05
7.120109771e-05
6.634145443e-05
6.142979493e-05
6.082288534e-05
6.809376452e-05
7.933001805e-05
7.445776065e-05
7.374285616e-05
8.437435818e-05
8.357573407e-05
6.758196699e-05
7.067071551e-05
7.721333703e-05
8.743132034e-05
7.924269185e-05
7.495324088e-05
6.706665537e-05
6.296624984e-05
7.266840698e-05
7.202292702e-05
7.465906377e-05
6.72747793e-05
6.991590387e-05
5.940495371e-05
7.518798722e-05
6.679657697e-05
6.670571641e-05
9.162297205e-05
8.309781522e-05
4.148283571e-05
4.961518727e-05
6.601221754e-05
8.216854693e-05
5.736285937e-05
4.891949212e-05
4.875975663e-05
7.271073681e-05
8.047972724e-05
4.79681566e-05
7.163514911e-05
7.111037838e-05
6.289503526e-05
7.799141869e-05
6.9804556e-05
7.689485208e-05
7.642871533e-05
8.330334091e-05
6.770867758e-05
8.940761455e-05
7.397884253e-05
5.858516644e-05
7.994613386e-05
5.033978461e-05
7.847252761e-05
6.350577041e-05
6.996799849e-05
6.918313561e-05
8.228878503e-05
7.456325322e-05
7.388021652e-05
5.973633998e-05
7.231865205e-05
7.145188856e-05
7.075346368e-05
7.624586998e-05
7.548088906e-05
7.45498331e-05
6.763626015e-05
7.286507972e-05
7.210336695e-05
7.119665921e-05
7.044072539e-05
6.954901585e-05
7.453468402e-05
6.792558535e-05
7.278812125e-05
7.738465529e-05
8.200888557e-05
7.555873206e-05
6.939560723e-05
6.850209357e-05
9.381337083e-05
7.202514988e-05
7.124024811e-05
6.529853721e-05
5.962124582e-05
8.337516788e-05
6.306921036e-05
7.183644207e-05
6.632871911e-05
7.483256386e-05
8.329200621e-05
7.766051456e-05
7.684331859e-05
7.140472913e-05
7.949424345e-05
7.849112367e-05
7.336810278e-05
5.966396739e-05
6.749498654e-05
7.498881174e-05
7.423747016e-05
7.739792991e-05
6.45331689e-05
7.570079129e-05
7.890875058e-05
7.40623592e-05
8.493286743e-05
7.24814497e-05
7.179526331e-05
6.348766177e-05
7.39941296e-05
7.680150927e-05
6.884720078e-05
6.448824335e-05
7.810251297e-05
7.372871142e-05
6.610788442e-05
7.227722488e-05
7.845770415e-05
7.088025011e-05
7.360241027e-05
6.953621596e-05
7.877675519e-05
6.639178624e-05
8.29436847e-05
4.969881053e-05
6.619485707e-05
5.778496183e-05
4.94513385e-05
6.571859173e-05
8.1972986e-05
4.897805414e-05
7.326927381e-05
7.290035698e-05
7.266272022e-05
7.223848938e-05
6.396604102e-05
7.943049428e-05
4.744863825e-05
6.280336213e-05
7.811467458e-05
6.974452025e-05
5.394663086e-05
6.876700146e-05
6.8350871e-05
8.277959863e-05
6.728376088e-05
7.404156553e-05
6.616643015e-05
8.005616784e-05
7.222952865e-05
7.86199955e-05
7.799206042e-05
7.714597595e-05
4.868029852e-05
7.564250093e-05
8.179362378e-05
7.411751061e-05
6.67632145e-05
7.917647841e-05
7.842659724e-05
7.748964342e-05
5.754987238e-05
7.580185543e-05
7.504222224e-05
7.411937714e-05
7.335978585e-05
7.244784116e-05
7.169121905e-05
7.079226184e-05
7.004125925e-05
6.915705575e-05
6.84140428e-05
6.75456268e-05
6.681366647e-05
7.145807179e-05
7.068006443e-05
6.440732158e-05
7.43218599e-05
6.812654633e-05
6.738300332e-05
7.163260373e-05
6.579141827e-05
6.994031507e-05
7.412285443e-05
7.316951983e-05
7.720518691e-05
9.050421218e-05
7.068503259e-05
6.512827548e-05
7.364145916e-05
7.270265167e-05
7.643379571e-05
7.990338898e-05
7.467889981e-05
7.807495902e-05
7.72719645e-05
6.358736445e-05
6.71377265e-05
7.873648607e-05
6.97424983e-05
6.078090814e-05
6.820424893e-05
6.737462693e-05
6.279354687e-05
6.203885057e-05
6.144295538e-05
6.450894359e-05
7.141554313e-05
7.058109728e-05
6.62420053e-05
7.275623931e-05
6.487755028e-05
6.770886963e-05
6.003090282e-05
6.635104173e-05
6.921599765e-05
6.162019867e-05
7.464475683e-05
7.049917242e-05
7.320686097e-05
5.598717641e-05
7.508689806e-05
6.59556134e-05
7.415900989e-05
8.228778525e-05
5.7540524e-05
9.021017797e-05
4.912756995e-05
7.345044406e-05
7.329400316e-05
8.109864469e-05
4.852838954e-05
4.82851238e-05
7.219198474e-05
7.974704082e-05
7.149789692e-05
6.313655207e-05
7.857410172e-05
5.46023431e-05
6.985528104e-05
7.700271106e-05
6.892097963e-05
6.074147071e-05
9.056181973e-05
8.974080101e-05
6.686414418e-05
7.358254837e-05
8.036970546e-05
6.509770535e-05
7.178626198e-05
6.393316526e-05
7.751744097e-05
6.970863491e-05
7.603606313e-05
7.518905511e-05
6.097828951e-05
8.037498073e-05
7.964081602e-05
6.559172011e-05
7.146846983e-05
7.703711981e-05
6.992883581e-05
6.908273381e-05
6.83912393e-05
6.755270831e-05
7.293943373e-05
7.203535376e-05
7.12837561e-05
7.039243247e-05
7.545015647e-05
7.45002796e-05
7.370043708e-05
7.276738666e-05
6.644246881e-05
7.652978589e-05
7.029011222e-05
6.93917646e-05
6.863489643e-05
6.775509435e-05
6.701594845e-05
8.65109518e-05
7.046854752e-05
7.453204157e-05
6.880860155e-05
7.762877087e-05
7.679121777e-05
6.63311285e-05
6.093329968e-05
7.403632457e-05
7.782790241e-05
6.779736149e-05
6.26118003e-05
7.506536218e-05
7.86537757e-05
7.334856282e-05
6.405366719e-05
7.16862932e-05
6.678422861e-05
7.832251462e-05
8.161850466e-05
6.449235031e-05
7.183674351e-05
6.702072432e-05
6.246359756e-05
6.942696855e-05
6.875998207e-05
6.794435689e-05
6.356194282e-05
6.651412454e-05
6.955373328e-05
6.875366588e-05
7.887622188e-05
7.444018846e-05
7.376344033e-05
6.947255928e-05
7.229112319e-05
7.491247317e-05
6.412266163e-05
7.680047239e-05
7.612533771e-05
7.534041976e-05
7.143666018e-05
7.371577596e-05
7.367510231e-05
6.540104576e-05
6.533200124e-05
7.332803711e-05
7.321202009e-05
6.486554802e-05
5.663666399e-05
4.834444455e-05
8.035784156e-05
8.795246089e-05
7.17273092e-05
7.131216167e-05
6.314661369e-05
7.057564942e-05
7.026623839e-05
6.200707383e-05
8.483814362e-05
9.182123822e-05
8.370697725e-05
7.545191396e-05
5.249783995e-05
8.175162588e-05
8.121633537e-05
6.58162687e-05
5.80912608e-05
6.469983344e-05
6.421356243e-05
7.766688762e-05
7.704856316e-05
6.928966203e-05
8.245096409e-05
6.115173818e-05
7.408588555e-05
5.992512915e-05
7.257376031e-05
6.520759401e-05
7.750999746e-05
7.658985079e-05
6.320335305e-05
7.492916191e-05
7.418000905e-05
7.327320788e-05
6.648021544e-05
7.162753682e-05
7.088089868e-05
6.999709416e-05
6.925576668e-05
7.408509521e-05
6.765256409e-05
6.679832095e-05
7.158165398e-05
7.067300973e-05
7.52817038e-05
7.963051028e-05
7.876241663e-05
6.738767099e-05
7.690715864e-05
6.579876605e-05
7.509528532e-05
6.919020666e-05
7.332842903e-05
7.238861503e-05
7.638166431e-05
7.069149365e-05
6.993428253e-05
5.983617694e-05
7.741615768e-05
7.643177198e-05
5.783295221e-05
7.467060854e-05
7.824017127e-05
6.867175999e-05
6.796543424e-05
5.87266073e-05
6.228228163e-05
8.611422857e-05
8.119152594e-05
7.61844096e-05
5.955099299e-05
7.451411083e-05
6.990423475e-05
6.139027928e-05
6.840043915e-05
6.75888853e-05
8.182613597e-05
7.719324284e-05
5.826459886e-05
7.559196933e-05
7.132914153e-05
7.757454075e-05
6.988113342e-05
7.25611213e-05
7.533378346e-05
7.790269356e-05
7.049703662e-05
6.974917913e-05
7.57205803e-05
7.49378322e-05
6.782540688e-05
5.696270811e-05
8.946357327e-05
4.873306741e-05
5.679533497e-05
8.904372537e-05
8.082097861e-05
6.444727716e-05
6.431045428e-05
7.205062171e-05
7.185757434e-05
6.355599645e-05
8.710603895e-05
7.085784992e-05
7.843090348e-05
8.571251168e-05
8.533737365e-05
7.702056767e-05
6.897633676e-05
7.603875757e-05
7.562165783e-05
6.748460454e-05
7.453149457e-05
7.386104963e-05
7.337824338e-05
7.994951675e-05
8.660433042e-05
5.716159601e-05
7.800743772e-05
7.018086123e-05
8.354762556e-05
7.576326494e-05
6.829952254e-05
8.105266861e-05
7.364798904e-05
6.619245043e-05
7.214848258e-05
7.131073492e-05
6.421640447e-05
7.614774539e-05
6.283928043e-05
7.45003074e-05
7.375628995e-05
7.285732722e-05
7.211301745e-05
7.122431148e-05
7.048256913e-05
7.540668595e-05
6.886959036e-05
6.800724255e-05
6.727814626e-05
7.196673781e-05
7.118833707e-05
6.488022654e-05
6.952297545e-05
6.863856327e-05
7.311304271e-05
7.217991963e-05
9.179128543e-05
7.551452722e-05
7.967244167e-05
6.882115394e-05
7.293756809e-05
7.680467214e-05
8.072498476e-05
6.563005098e-05
6.492719915e-05
5.952119169e-05
8.606859921e-05
6.708598791e-05
7.52310047e-05
6.991057415e-05
6.91830169e-05
7.258294393e-05
7.183636752e-05
7.093937889e-05
6.195776625e-05
8.974552054e-05
6.461519309e-05
7.57883152e-05
7.503896513e-05
6.632395693e-05
6.954074221e-05
6.870493401e-05
4.914334875e-05
7.844329951e-05
8.140012266e-05
7.313420172e-05
7.245104202e-05
6.445475257e-05
7.450438819e-05
7.716841943e-05
6.603948119e-05
7.218009936e-05
7.493820769e-05
6.738449931e-05
7.346492814e-05
7.268395078e-05
6.877053002e-05
6.805782652e-05
6.746514277e-05
7.276591851e-05
6.464532342e-05
7.262915986e-05
7.25527696e-05
8.042885311e-05
8.833222145e-05
7.203866173e-05
7.188596465e-05
7.954503183e-05
7.139901942e-05
8.683369036e-05
7.868408421e-05
7.823254459e-05
6.234791513e-05
7.742980032e-05
6.938233137e-05
6.888456576e-05
7.616123018e-05
6.800919743e-05
9.018236574e-05
5.961573511e-05
6.666463435e-05
7.340806463e-05
8.022192532e-05
5.779121699e-05
7.890505321e-05
7.8122616e-05
6.343966379e-05
7.673661195e-05
8.304831348e-05
7.531331041e-05
8.147371595e-05
6.714614549e-05
7.321523863e-05
6.580598999e-05
7.824890183e-05
7.089795122e-05
6.384547953e-05
6.940148846e-05
7.497525378e-05
6.173027836e-05
7.333738396e-05
7.244614078e-05
7.170679234e-05
7.082560062e-05
7.008869155e-05
6.921959136e-05
6.848769687e-05
6.763242106e-05
7.248350415e-05
8.258421266e-05
7.624542026e-05
8.065962708e-05
7.446454863e-05
6.301667181e-05
6.752459511e-05
6.666465083e-05
6.59383915e-05
7.010429477e-05
7.429483176e-05
6.84560173e-05
8.222429876e-05
5.729936215e-05
6.140511388e-05
6.994825764e-05
7.842588738e-05
5.920950533e-05
6.308696576e-05
8.898116006e-05
6.603392005e-05
8.258677157e-05
5.591868848e-05
6.795867959e-05
7.987083105e-05
7.057172818e-05
7.396393806e-05
8.116454007e-05
6.829820711e-05
6.745986366e-05
7.072174585e-05
6.986221199e-05
7.302439979e-05
6.834951944e-05
6.017112601e-05
7.060503985e-05
7.729768038e-05
8.003050305e-05
7.928280159e-05
7.480655494e-05
6.705845836e-05
7.676652826e-05
7.952613959e-05
7.864144452e-05
6.776978594e-05
7.03828319e-05
7.307989658e-05
7.558783e-05
6.840872544e-05
7.092171387e-05
7.669564072e-05
8.033345611e-05
5.620264501e-05
5.612812726e-05
8.810874376e-05
7.192395252e-05
8.776865068e-05
4.77200341e-05
7.142856403e-05
7.904030479e-05
6.306335988e-05
7.844082805e-05
4.691232944e-05
8.551445682e-05
6.195609487e-05
8.463980386e-05
8.427059055e-05
6.084979551e-05
8.325684404e-05
5.256904805e-05
7.468808351e-05
7.406213206e-05
7.361777277e-05
5.836848161e-05
6.523674249e-05
7.180201564e-05
6.416887676e-05
7.76537342e-05
7.006629757e-05
7.627978133e-05
7.567535625e-05
8.167491147e-05
8.099372781e-05
6.00777517e-05
7.278754413e-05
7.19664176e-05
7.779567982e-05
7.048991883e-05
7.617457803e-05
7.527867182e-05
5.591121746e-05
6.751906234e-05
6.68462754e-05
7.203956955e-05
7.130511826e-05
7.630060624e-05
6.969919172e-05
7.457372147e-05
6.811001535e-05
6.726170858e-05
7.208674155e-05
7.665917114e-05
7.041452914e-05
6.952723586e-05
6.877240275e-05
7.834792773e-05
7.232877577e-05
6.120824106e-05
6.054172182e-05
6.973235318e-05
6.404750749e-05
8.268646362e-05
6.25457861e-05
7.124801878e-05
6.578145225e-05
6.958246966e-05
5.965924479e-05
6.796276879e-05
7.172391049e-05
6.196342852e-05
6.131172873e-05
7.78350408e-05
7.702505216e-05
6.760766412e-05
6.691222222e-05
6.607799398e-05
6.949461279e-05
6.459727394e-05
6.394958396e-05
7.500835538e-05
7.817525779e-05
6.950279443e-05
7.264859112e-05
7.55530701e-05
7.482669151e-05
6.654444276e-05
6.957563941e-05
7.237971582e-05
6.094787645e-05
6.024471055e-05
7.022295364e-05
6.248356485e-05
7.911406447e-05
7.14299353e-05
7.415938958e-05
7.001580769e-05
6.608989083e-05
7.519208111e-05
7.777223758e-05
7.054871743e-05
6.99348314e-05
7.982247583e-05
7.977890902e-05
7.967356889e-05
3.97950371e-05
7.14677976e-05
7.135545733e-05
6.322421585e-05
6.309061987e-05
7.068774829e-05
9.399899435e-05
6.235856309e-05
6.992692475e-05
6.180355108e-05
5.387302251e-05
9.176013402e-05
6.852038612e-05
7.559197036e-05
7.522069345e-05
8.956469429e-05
8.907586473e-05
5.152712554e-05
8.780311445e-05
6.526670526e-05
6.484219509e-05
7.850729209e-05
8.504500348e-05
7.017313378e-05
8.357892932e-05
8.272184483e-05
7.522843377e-05
7.44292467e-05
8.051936208e-05
5.972809055e-05
7.894343722e-05
7.805574095e-05
7.734767775e-05
7.008655619e-05
6.311633799e-05
7.485153187e-05
6.794898135e-05
6.713914266e-05
7.251368694e-05
7.163753624e-05
7.090791916e-05
7.587820762e-05
6.931399705e-05
6.845917127e-05
6.773647649e-05
6.689503791e-05
6.617935286e-05
7.624428376e-05
6.464667643e-05
7.447302446e-05
7.366494282e-05
6.753892823e-05
7.194291812e-05
7.610420876e-05
7.02574571e-05
7.431893299e-05
7.841201341e-05
6.773724557e-05
7.657556538e-05
7.08757658e-05
7.011208471e-05
7.844988581e-05
6.847962985e-05
8.564005058e-05
6.689280198e-05
7.925578144e-05
6.970868928e-05
7.313225721e-05
7.662835661e-05
7.566778811e-05
7.488941399e-05
7.39564325e-05
8.133893079e-05
7.229963438e-05
5.56691585e-05
7.06967666e-05
6.999744623e-05
6.914705611e-05
6.466856433e-05
7.140792039e-05
6.327692571e-05
7.355936851e-05
8.014828898e-05
5.76066245e-05
7.846884315e-05
6.346053764e-05
7.335490006e-05
7.252175766e-05
7.186221711e-05
6.767682891e-05
7.712947516e-05
7.62861716e-05
6.574710513e-05
6.829606726e-05
7.414369611e-05
7.017962384e-05
7.589366102e-05
7.138615941e-05
7.134730023e-05
8.708758535e-05
7.117894184e-05
8.679903499e-05
7.090593647e-05
8.638682229e-05
6.269422721e-05
7.024484288e-05
7.784201103e-05
8.520790148e-05
7.721206952e-05
8.445195068e-05
7.648380643e-05
7.599419493e-05
8.323014939e-05
6.76147282e-05
8.223499112e-05
7.418148527e-05
5.902182292e-05
6.584733819e-05
6.545356493e-05
6.487366036e-05
5.729101457e-05
7.094367667e-05
7.749282897e-05
6.278126345e-05
5.53894853e-05
7.53822458e-05
6.118916658e-05
8.072176648e-05
6.670876712e-05
7.917663467e-05
7.194697255e-05
7.760786217e-05
7.690480596e-05
7.602303664e-05
7.530957249e-05
6.822677753e-05
7.370878668e-05
6.676347455e-05
7.210873827e-05
7.123996531e-05
7.051512067e-05
7.546046003e-05
6.893303656e-05
7.94327243e-05
6.736701253e-05
7.207670525e-05
6.582102104e-05
7.041715854e-05
6.96573627e-05
6.349274358e-05
7.850522699e-05
6.718017135e-05
7.156115556e-05
7.06555773e-05
5.990302015e-05
6.900018579e-05
6.825060065e-05
6.738349034e-05
8.56979069e-05
7.050738246e-05
6.974786582e-05
7.804388563e-05
7.720875622e-05
7.174612833e-05
6.65480289e-05
7.446805276e-05
6.068173093e-05
5.991795982e-05
6.776509002e-05
7.528095022e-05
7.450653347e-05
6.540356768e-05
7.283139769e-05
5.594643499e-05
7.912193506e-05
8.205947357e-05
6.190296137e-05
7.643882313e-05
7.569311557e-05
7.104416824e-05
6.295448362e-05
8.050276398e-05
7.611499993e-05
7.522267012e-05
6.742244941e-05
7.365856597e-05
5.212827083e-05
7.558558483e-05
7.149367293e-05
6.396232714e-05
7.673280195e-05
7.259279683e-05
7.84894283e-05
7.117754355e-05
7.696662678e-05
7.616113327e-05
7.235313931e-05
7.093779443e-05
7.877697835e-05
6.293904608e-05
6.28733232e-05
7.057262847e-05
7.829115986e-05
7.804288664e-05
7.009063251e-05
7.756383678e-05
7.735763095e-05
6.928315911e-05
7.673356136e-05
6.104039098e-05
5.320843122e-05
4.53164502e-05
6.767959418e-05
8.213552022e-05
8.173341357e-05
7.373125756e-05
8.066317164e-05
6.545035997e-05
5.783075066e-05
6.448532107e-05
7.83044122e-05
7.757437276e-05
6.302720828e-05
6.934569229e-05
7.571240269e-05
7.494135225e-05
8.110935328e-05
8.025348798e-05
7.958710726e-05
6.560093136e-05
7.803700945e-05
6.430424489e-05
7.009472876e-05
7.559293431e-05
7.48843951e-05
7.401163065e-05
6.718807856e-05
7.242762224e-05
7.17082873e-05
7.084678286e-05
7.012665008e-05
6.927441884e-05
7.426926089e-05
8.464409624e-05
6.700155713e-05
6.617356044e-05
8.183318591e-05
7.542783723e-05
7.994406136e-05
6.84180206e-05
7.288232701e-05
6.682520566e-05
6.6098893e-05
7.530482025e-05
6.952014582e-05
7.844552871e-05
6.789444583e-05
6.703341087e-05
7.104414279e-05
7.481899599e-05
6.938741148e-05
7.764206614e-05
6.777476282e-05
6.69170001e-05
6.620679159e-05
6.537119619e-05
7.762058008e-05
7.238660883e-05
6.32059158e-05
8.322005277e-05
9.060033654e-05
6.913845916e-05
8.051283605e-05
7.156636443e-05
8.26566444e-05
7.386805853e-05
6.92878321e-05
6.844639349e-05
6.401307117e-05
7.812453514e-05
7.368860121e-05
7.645375299e-05
7.933490684e-05
7.127673075e-05
8.120194736e-05
5.932489432e-05
6.91505518e-05
7.519997011e-05
7.45159796e-05
6.698426379e-05
7.302104939e-05
7.222007917e-05
6.832569628e-05
7.402931383e-05
7.018921056e-05
7.576680297e-05
7.51082798e-05
7.832780725e-05
7.828539144e-05
8.600160493e-05
7.810177889e-05
7.013340089e-05
7.002367452e-05
8.531422866e-05
7.739524932e-05
8.479224913e-05
6.919131762e-05
6.120541609e-05
6.863485285e-05
7.58322941e-05
4.532764011e-05
7.506633823e-05
8.968918512e-05
7.421540395e-05
8.12379175e-05
6.595781579e-05
6.559957827e-05
7.951550401e-05
7.904152466e-05
7.122400375e-05
7.783927183e-05
7.010561687e-05
8.354083535e-05
7.583317081e-05
6.158414132e-05
7.450558609e-05
7.391878808e-05
5.984295843e-05
6.594085709e-05
7.827081194e-05
6.465963059e-05
7.033340331e-05
7.603410471e-05
7.516767123e-05
6.825865899e-05
7.359870893e-05
7.288798048e-05
7.202684811e-05
7.131225953e-05
7.045791664e-05
6.974243623e-05
7.463861403e-05
6.81835419e-05
7.296180624e-05
6.664004541e-05
7.678839743e-05
7.596851957e-05
6.430811666e-05
7.951881535e-05
6.282102046e-05
7.249722204e-05
6.136058896e-05
7.080965764e-05
6.492320519e-05
7.409706765e-05
7.803798136e-05
7.719084434e-05
8.574036447e-05
7.067719339e-05
6.512985344e-05
6.442861937e-05
6.36130049e-05
7.64181086e-05
6.213715749e-05
6.586903594e-05
8.671827201e-05
6.006454831e-05
7.201945763e-05
7.965477008e-05
6.209918348e-05
6.55576877e-05
6.069634629e-05
8.010604937e-05
7.120527898e-05
7.832334297e-05
7.736381602e-05
7.276830396e-05
5.675113346e-05
7.492974425e-05
6.292475696e-05
6.965104769e-05
6.520105124e-05
7.534644929e-05
6.737067656e-05
8.079143842e-05
7.291261638e-05
7.568035898e-05
6.801660908e-05
7.75076013e-05
7.663976011e-05
6.934708686e-05
7.18511693e-05
7.121373172e-05
7.04475155e-05
7.617753486e-05
7.537653499e-05
6.538144674e-05
7.005775152e-05
7.001991155e-05
6.215906066e-05
7.76179729e-05
7.744400754e-05
6.185842305e-05
6.166389698e-05
7.691797793e-05
7.660979265e-05
7.640673312e-05
9.124567969e-05
7.579412002e-05
6.029584824e-05
6.757719074e-05
7.461085487e-05
8.914558173e-05
8.114438483e-05
8.074839296e-05
8.741640101e-05
8.694236959e-05
7.185621354e-05
8.571428322e-05
7.788296421e-05
7.737962484e-05
8.363276207e-05
7.61302672e-05
7.53912905e-05
7.483176095e-05
7.407485838e-05
7.349231417e-05
5.949978251e-05
6.556349392e-05
7.134015963e-05
7.072189721e-05
6.357878563e-05
6.300508825e-05
6.851823567e-05
7.404828212e-05
7.319036916e-05
7.248439467e-05
7.16304849e-05
7.092058207e-05
7.59127373e-05
6.936240954e-05
6.852403178e-05
6.781487335e-05
7.256965692e-05
6.628241388e-05
7.092310278e-05
7.016634723e-05
6.396744938e-05
6.855166016e-05
7.290553753e-05
7.211616541e-05
6.612640998e-05
6.54083826e-05
6.955391383e-05
7.371230265e-05
6.30781505e-05
5.759414764e-05
6.160519148e-05
7.968921718e-05
7.40531799e-05
7.325606969e-05
7.233008336e-05
7.155654236e-05
7.948502283e-05
7.427267013e-05
8.196546416e-05
6.402925834e-05
6.322589302e-05
6.673920978e-05
7.414380975e-05
6.522757982e-05
8.052169035e-05
6.774784969e-05
7.084781893e-05
6.234404946e-05
7.312692859e-05
6.478176901e-05
7.528865329e-05
8.200918398e-05
6.997481256e-05
6.930146888e-05
7.568590851e-05
6.068835255e-05
6.703190061e-05
5.941504374e-05
7.945435295e-05
7.529899364e-05
6.767311379e-05
7.376325274e-05
7.956687565e-05
7.228137418e-05
7.47353732e-05
6.119025798e-05
7.327391064e-05
7.578902551e-05
6.874107798e-05
7.124152924e-05
6.962586783e-05
6.185631716e-05
6.949830702e-05
7.714012393e-05
7.696793997e-05
8.453267557e-05
7.660722127e-05
6.880190114e-05
6.852736613e-05
8.353399686e-05
7.557507058e-05
6.779967568e-05
7.491293347e-05
8.955725199e-05
7.416086569e-05
6.645639612e-05
6.599269097e-05
5.837435102e-05
8.689533446e-05
7.922279713e-05
7.143070509e-05
7.810688666e-05
5.630907258e-05
7.692537448e-05
6.928712595e-05
7.568666591e-05
7.495453004e-05
7.439907799e-05
7.364908225e-05
7.30707331e-05
7.230730234e-05
7.170946781e-05
7.738548096e-05
7.671573548e-05
7.586659183e-05
5.638717392e-05
6.813706145e-05
7.36371884e-05
6.672099086e-05
7.208525362e-05
7.717499852e-05
7.641094892e-05
6.969285168e-05
7.47353771e-05
7.951405187e-05
6.745017014e-05
7.773413895e-05
7.142265044e-05
7.597340277e-05
6.442567528e-05
7.95379655e-05
7.343630233e-05
7.770420197e-05
6.661487264e-05
7.084265369e-05
7.007377938e-05
7.907918571e-05
6.844274543e-05
7.240824372e-05
7.63976458e-05
7.543390037e-05
7.461818695e-05
7.828087841e-05
8.654887719e-05
7.196334674e-05
7.564348992e-05
6.150939852e-05
6.955067588e-05
7.726051709e-05
6.795405004e-05
8.387790161e-05
7.055437487e-05
6.967389445e-05
7.301337718e-05
7.611303828e-05
7.137421584e-05
8.224291828e-05
6.978663942e-05
7.659148704e-05
6.824998381e-05
6.367597923e-05
7.04725357e-05
7.328997757e-05
6.16969204e-05
7.530774112e-05
8.169738435e-05
7.020685759e-05
6.607270456e-05
7.218162396e-05
7.151593197e-05
7.406637754e-05
7.005653782e-05
7.586733049e-05
7.845504842e-05
7.112454185e-05
7.049368235e-05
6.656265992e-05
7.226260644e-05
7.14992734e-05
6.779686845e-05
6.151046789e-05
6.916208909e-05
6.907294221e-05
9.200174718e-05
8.414745861e-05
7.637854868e-05
6.091226601e-05
7.598087907e-05
9.081471966e-05
6.793103586e-05
6.760591109e-05
7.487740343e-05
7.446156225e-05
8.159997305e-05
8.108789906e-05
4.403895338e-05
8.017688443e-05
5.077343843e-05
6.478533224e-05
7.875403588e-05
7.101020641e-05
6.353002454e-05
7.69723403e-05
7.647642628e-05
6.888500587e-05
6.840745844e-05
6.774800087e-05
6.724669989e-05
7.988527941e-05
7.925886673e-05
7.189735011e-05
7.778589394e-05
7.695028379e-05
7.628519768e-05
6.91564638e-05
7.476440267e-05
7.392011433e-05
7.323063402e-05
7.238713371e-05
7.16904843e-05
7.675492836e-05
7.014999445e-05
6.931651613e-05
6.861464682e-05
6.778972703e-05
7.268014936e-05
6.627495688e-05
7.104342284e-05
7.557235866e-05
6.408603387e-05
7.38463008e-05
6.261583604e-05
6.699297465e-05
6.626837702e-05
7.551008972e-05
7.469094238e-05
6.88383609e-05
7.781827978e-05
7.203783496e-05
7.125668282e-05
7.504997484e-05
6.031890978e-05
7.788431226e-05
7.251423555e-05
6.26502715e-05
7.526203987e-05
8.742893101e-05
7.352628537e-05
7.260271147e-05
5.493610602e-05
6.676707367e-05
7.846094341e-05
6.932657724e-05
7.668547004e-05
6.776224895e-05
7.101898589e-05
7.793728754e-05
8.101299182e-05
6.858996885e-05
7.545656585e-05
8.572204867e-05
5.905050162e-05
7.657220655e-05
7.222393039e-05
7.850158799e-05
7.068789526e-05
7.335020173e-05
6.574367031e-05
6.840152078e-05
7.79362093e-05
8.039571288e-05
7.302558121e-05
6.892284476e-05
6.830396422e-05
7.398338038e-05
7.013909057e-05
7.253376817e-05
7.189778464e-05
6.804369623e-05
7.358529339e-05
5.349390703e-05
7.637890204e-05
8.390891988e-05
6.096148988e-05
8.363646565e-05
7.591490853e-05
9.081492032e-05
6.04166723e-05
6.769974145e-05
5.251639769e-05
7.46657905e-05
5.954184864e-05
5.181091842e-05
7.373792029e-05
8.060467466e-05
6.566520198e-05
7.970173474e-05
7.21041711e-05
7.155968123e-05
5.693875587e-05
7.059462954e-05
7.719409388e-05
6.956815212e-05
6.912062538e-05
8.21850317e-05
6.801344865e-05
6.736001528e-05
7.35485513e-05
7.943132405e-05
7.224191653e-05
6.499274563e-05
7.090256983e-05
7.651995414e-05
7.585946537e-05
6.877285522e-05
6.815466167e-05
7.351341393e-05
7.28285442e-05
7.19920913e-05
7.130001527e-05
7.046714437e-05
7.558519186e-05
7.468957503e-05
6.8246779e-05
6.742844483e-05
6.673240657e-05
7.141809994e-05
7.610421656e-05
8.054520679e-05
7.437494722e-05
8.395568622e-05
7.267132034e-05
7.689916225e-05
7.099665712e-05
7.011328783e-05
8.421440425e-05
6.359421459e-05
7.25816156e-05
7.167119661e-05
7.089429653e-05
6.533619535e-05
6.9246535e-05
8.205008169e-05
6.313030875e-05
7.124091831e-05
6.607448614e-05
6.95933679e-05
8.176559506e-05
6.374188345e-05
7.148147335e-05
7.88917516e-05
8.217990933e-05
6.086709312e-05
6.425690596e-05
6.742671453e-05
7.459323407e-05
6.204146956e-05
6.525752929e-05
6.445926217e-05
7.508354133e-05
7.788121257e-05
7.712069432e-05
6.893717136e-05
6.108679305e-05
7.456263132e-05
6.682117938e-05
7.298683906e-05
6.541789693e-05
7.486824539e-05
7.417761529e-05
6.999629045e-05
6.935942117e-05
6.857898389e-05
7.767222346e-05
7.681359705e-05
7.296023223e-05
7.530707051e-05
7.464691617e-05
7.077757047e-05
7.016355918e-05
9.1148781e-05
6.073336073e-05
9.098352586e-05
9.088948672e-05
6.801679746e-05
8.30025496e-05
5.265639564e-05
6.755970502e-05
5.981633841e-05
8.948806393e-05
8.164123703e-05
5.918607752e-05
6.621744901e-05
5.863946177e-05
8.012717546e-05
6.527662776e-05
5.762340625e-05
7.167991086e-05
7.114062613e-05
8.490868442e-05
6.316549972e-05
6.279189668e-05
7.608276469e-05
8.246625737e-05
7.490406848e-05
6.762395166e-05
7.367409311e-05
6.648230809e-05
7.898249883e-05
7.836493006e-05
7.755407438e-05
7.050589235e-05
6.3412009e-05
6.915192033e-05
6.217588991e-05
6.777946453e-05
7.311116428e-05
7.24308458e-05
7.160133727e-05
7.091377666e-05
7.008771615e-05
6.939597248e-05
7.429056681e-05
7.353973758e-05
7.26602425e-05
6.637922296e-05
6.557753199e-05
7.029692204e-05
6.409957697e-05
7.398694587e-05
6.786013487e-05
7.229477495e-05
6.12022924e-05
7.063117188e-05
7.971909484e-05
7.392664277e-05
7.300433669e-05
8.665486688e-05
7.130827139e-05
7.053557752e-05
6.96503716e-05
6.889787471e-05
7.710311294e-05
6.730057059e-05
5.75941569e-05
6.574461692e-05
7.357501396e-05
6.423066403e-05
5.919733748e-05
7.11269748e-05
7.023818657e-05
6.133006012e-05
7.268000646e-05
7.193220333e-05
7.104122113e-05
7.031902931e-05
6.945316218e-05
8.021543759e-05
7.546148033e-05
7.471418681e-05
5.904630164e-05
7.674137373e-05
7.220852207e-05
7.15132145e-05
8.126182396e-05
8.399006043e-05
6.571019598e-05
7.194747682e-05
7.111221055e-05
7.381120805e-05
7.296645384e-05
6.901603972e-05
7.148799121e-05
7.728664017e-05
7.643099479e-05
7.259688873e-05
7.493053417e-05
7.427382421e-05
6.736032231e-05
7.284672915e-05
6.040026681e-05
6.791405408e-05
6.029113412e-05
7.52861508e-05
5.258455659e-05
7.500431225e-05
5.234123932e-05
6.715554777e-05
7.432429904e-05
7.4128715e-05
5.16446912e-05
8.825179907e-05
7.313950481e-05
6.557932872e-05
8.689669126e-05
6.489262526e-05
7.876813263e-05
5.700849128e-05
7.072645044e-05
8.441504242e-05
4.884452972e-05
5.549264674e-05
6.87687666e-05
6.149493998e-05
6.093555452e-05
7.396277943e-05
5.327777987e-05
7.932791037e-05
7.199382416e-05
6.493790096e-05
7.069491807e-05
7.6487595e-05
6.936744315e-05
6.25184158e-05
7.420174382e-05
7.353640992e-05
7.271329272e-05
7.203746727e-05
7.121480215e-05
7.640934175e-05
6.971235209e-05
6.902500758e-05
7.389579912e-05
7.31496474e-05
7.227708713e-05
6.602975815e-05
7.610667761e-05
6.992952389e-05
6.908036052e-05
6.834561666e-05
7.270299835e-05
7.705940527e-05
8.118467456e-05
8.030792039e-05
6.93987874e-05
6.37436183e-05
7.263451858e-05
8.142648675e-05
6.621906963e-05
6.082307435e-05
6.468113203e-05
6.855270788e-05
6.317982643e-05
6.696490666e-05
7.053285041e-05
6.105682335e-05
8.182374379e-05
5.539102538e-05
6.732018659e-05
7.493926768e-05
6.578113306e-05
6.102818945e-05
7.634098917e-05
7.15788926e-05
7.462028326e-05
6.219928861e-05
6.91130354e-05
6.841930324e-05
6.382835711e-05
7.434844839e-05
7.344673968e-05
7.272930122e-05
6.466958509e-05
7.11630762e-05
6.680049097e-05
7.661361951e-05
6.194640682e-05
7.500372088e-05
7.413240118e-05
7.344840282e-05
7.260703659e-05
7.848690459e-05
6.790145371e-05
7.049612738e-05
7.288334402e-05
6.909640072e-05
7.455774447e-05
6.466638779e-05
7.311682589e-05
7.248297891e-05
6.00390523e-05
6.750799184e-05
8.240504271e-05
7.483649875e-05
5.227094547e-05
5.964572576e-05
8.919399954e-05
8.159090779e-05
8.127181388e-05
8.105824649e-05
6.600795127e-05
6.579803178e-05
7.998010907e-05
5.070632669e-05
7.198995497e-05
6.451311428e-05
7.830948576e-05
8.501543308e-05
7.734877639e-05
8.392710711e-05
7.631423867e-05
5.517397671e-05
8.205110832e-05
8.152564433e-05
6.73221421e-05
6.017237054e-05
7.284449872e-05
7.230860849e-05
7.159157025e-05
7.10333556e-05
7.030299554e-05
6.972570576e-05
7.525736713e-05
7.461031008e-05
7.379688643e-05
7.313599445e-05
6.629308416e-05
7.164833862e-05
7.083241799e-05
7.015371862e-05
6.934098724e-05
8.010098561e-05
7.350520472e-05
6.716646816e-05
7.742856316e-05
6.56839537e-05
7.030251859e-05
6.421471946e-05
7.929605023e-05
6.799275097e-05
7.749613305e-05
6.133137472e-05
6.562608067e-05
5.992403596e-05
6.411504396e-05
6.829930484e-05
6.745053314e-05
6.671941934e-05
6.118089205e-05
6.982892092e-05
8.73436807e-05
7.730577991e-05
6.28661182e-05
6.663257439e-05
7.01840685e-05
7.377395005e-05
6.85647172e-05
7.20776328e-05
7.117640021e-05
7.871411927e-05
5.727655962e-05
6.882651265e-05
6.397294896e-05
7.914337294e-05
7.034797777e-05
7.736970611e-05
6.495532241e-05
5.673816697e-05
7.472648627e-05
6.65876459e-05
7.308911914e-05
6.875631127e-05
5.005357692e-05
7.789798482e-05
6.997353173e-05
7.970548552e-05
7.534270344e-05
7.124489214e-05
7.041670053e-05
7.308914675e-05
6.896699996e-05
7.810214492e-05
7.0785193e-05
6.696098977e-05
6.937068577e-05
6.875569265e-05
7.418864577e-05
7.353871803e-05
6.972192649e-05
7.21228433e-05
5.968213249e-05
7.456306277e-05
8.191565855e-05
6.695296738e-05
5.938406044e-05
8.152683239e-05
7.388872906e-05
8.11085835e-05
6.61030504e-05
7.32550934e-05
8.020246068e-05
8.721573653e-05
7.951230011e-05
5.041001294e-05
7.157093583e-05
7.839090902e-05
7.785614915e-05
7.043656665e-05
7.690364039e-05
7.649104843e-05
7.587783665e-05
6.171631396e-05
7.478629769e-05
7.430806045e-05
8.033093324e-05
7.312995283e-05
6.585151675e-05
5.883098151e-05
7.119378642e-05
7.70612052e-05
7.627133954e-05
6.934205173e-05
6.860857041e-05
7.420301706e-05
7.339642301e-05
7.273991599e-05
7.193040106e-05
7.126339133e-05
7.045411829e-05
6.977976679e-05
7.472135452e-05
6.829485014e-05
7.311871776e-05
7.238175207e-05
7.702452444e-05
7.078689845e-05
6.993836285e-05
7.452967777e-05
7.362901522e-05
7.284685718e-05
6.682024457e-05
7.627306415e-05
7.031556905e-05
6.955695064e-05
6.869870252e-05
6.795513997e-05
7.190600995e-05
6.164332197e-05
7.02412189e-05
6.948087585e-05
7.776173236e-05
7.239748978e-05
6.255550989e-05
6.630352441e-05
7.420363899e-05
6.477447967e-05
6.396427312e-05
5.906710793e-05
6.666215153e-05
6.596166275e-05
7.328234089e-05
6.849104631e-05
6.366180547e-05
7.482050327e-05
7.389564985e-05
8.084368567e-05
7.224504999e-05
7.151972925e-05
7.064611573e-05
7.36276095e-05
6.546146789e-05
6.482183557e-05
7.471644396e-05
7.752028437e-05
7.311578698e-05
7.242142619e-05
6.816065664e-05
6.414646138e-05
7.341088072e-05
7.273338801e-05
6.863059727e-05
7.124437759e-05
7.68424914e-05
7.615252277e-05
7.530571985e-05
6.219848008e-05
7.382318351e-05
7.317659472e-05
7.239339994e-05
7.17662687e-05
8.157796793e-05
6.671026246e-05
6.662622497e-05
8.134842972e-05
8.117184915e-05
6.631078816e-05
5.876343564e-05
8.063192821e-05
7.301730746e-05
7.282595922e-05
6.523696799e-05
7.94812099e-05
7.186357438e-05
7.875550919e-05
7.115676628e-05
4.251150353e-05
8.444512482e-05
7.003164872e-05
7.646359852e-05
7.605396817e-05
7.544639737e-05
6.818436483e-05
7.436390527e-05
7.388905941e-05
5.991030506e-05
7.272053343e-05
7.858186833e-05
7.150494845e-05
7.080039857e-05
7.024986547e-05
6.321094918e-05
6.896259659e-05
6.823532665e-05
7.380014668e-05
7.300028242e-05
7.234810446e-05
7.154524332e-05
7.678943823e-05
7.007983794e-05
6.940978049e-05
6.86100022e-05
7.92581227e-05
6.714117583e-05
6.646506335e-05
7.662468056e-05
7.042002311e-05
6.422580942e-05
6.885001564e-05
7.32522787e-05
6.729783888e-05
7.670845481e-05
6.070870489e-05
7.495769948e-05
8.403598036e-05
5.858908308e-05
6.761442625e-05
7.154720838e-05
8.492675916e-05
6.057358328e-05
6.913628306e-05
6.372280099e-05
6.753765088e-05
7.558680348e-05
8.357176391e-05
6.515320465e-05
7.734891826e-05
7.213915889e-05
7.557300452e-05
7.877629736e-05
7.384601435e-05
8.102985903e-05
6.815883429e-05
7.127288317e-05
7.053948239e-05
6.966813344e-05
7.662189808e-05
7.189637338e-05
8.990460561e-05
6.290482101e-05
6.960878608e-05
6.514580257e-05
7.88445276e-05
6.373374294e-05
7.363958215e-05
6.929791146e-05
6.520771905e-05
7.800583769e-05
7.055589657e-05
6.641396529e-05
7.238107578e-05
7.805424047e-05
7.089851335e-05
7.646844946e-05
7.262426734e-05
7.181554061e-05
6.808425807e-05
7.040041655e-05
6.978393612e-05
7.203702878e-05
7.141320255e-05
8.109870196e-05
6.631842621e-05
7.359465778e-05
5.881536184e-05
7.336023127e-05
5.859769578e-05
6.572244488e-05
7.287349324e-05
7.259179893e-05
7.240182356e-05
7.927112238e-05
7.902007496e-05
7.144809985e-05
7.118236408e-05
7.074736262e-05
6.340075599e-05
7.696504199e-05
7.659449563e-05
7.602856383e-05
7.562185459e-05
6.81998515e-05
7.457938743e-05
7.394625739e-05
7.347475712e-05
6.619575459e-05
7.231567278e-05
6.512232356e-05
7.757430601e-05
7.041133424e-05
7.621589041e-05
6.286624959e-05
6.858727177e-05
6.786612196e-05
7.340162727e-05
7.260839502e-05
7.196049128e-05
7.116418834e-05
7.050577413e-05
6.970951323e-05
6.904369699e-05
6.825025884e-05
8.447497307e-05
7.235780976e-05
6.611982588e-05
7.622896651e-05
6.466793635e-05
6.389654116e-05
7.376659024e-05
7.287937785e-05
6.695568245e-05
6.614451121e-05
7.046910185e-05
8.452525985e-05
6.885877395e-05
7.287064423e-05
7.208262003e-05
6.644583846e-05
7.042120698e-05
0.0001020028779
7.338143088e-05
6.34096369e-05
6.272554931e-05
6.636794046e-05
6.565507875e-05
7.780288138e-05
8.124839869e-05
7.601178633e-05
7.938430166e-05
7.839501667e-05
7.34886507e-05
6.854290183e-05
5.585985956e-05
6.698904275e-05
7.019968822e-05
7.318495483e-05
7.244071944e-05
7.155104624e-05
7.083254689e-05
7.365045425e-05
7.656664476e-05
6.483316701e-05
7.489939838e-05
7.047531738e-05
7.328595843e-05
7.241321886e-05
7.855629674e-05
7.425532405e-05
7.690364564e-05
6.609388162e-05
7.530634931e-05
7.120409168e-05
7.376308145e-05
7.292727998e-05
6.598791214e-05
6.835928511e-05
7.391283771e-05
7.310295549e-05
7.246294287e-05
7.168414905e-05
7.106359334e-05
7.329548584e-05
6.593116613e-05
8.779829632e-05
8.770841869e-05
8.022620031e-05
8.738473376e-05
7.260057314e-05
6.520518778e-05
7.217122097e-05
5.038781972e-05
4.298919146e-05
6.427984909e-05
7.103740178e-05
7.077356082e-05
4.923985014e-05
8.405126065e-05
8.348410287e-05
6.923562058e-05
7.559845134e-05
7.519462353e-05
8.137971514e-05
7.416072731e-05
7.353327456e-05
7.970735453e-05
6.58286216e-05
7.191529518e-05
7.771649946e-05
7.714795233e-05
7.639257003e-05
6.94834704e-05
7.503034684e-05
7.441746567e-05
6.750089112e-05
7.300738875e-05
7.22206927e-05
7.157700933e-05
7.07871709e-05
7.597738893e-05
6.934308178e-05
6.868145485e-05
6.78942683e-05
7.843281314e-05
7.752043793e-05
6.577815638e-05
6.500341599e-05
6.969756406e-05
6.357063183e-05
6.814867094e-05
6.733095049e-05
8.711452226e-05
8.60615112e-05
7.011497659e-05
7.915550808e-05
6.85149153e-05
6.284075967e-05
8.128810668e-05
7.084024134e-05
6.540200885e-05
6.920563019e-05
8.214870108e-05
6.760664554e-05
7.133598172e-05
6.60448198e-05
7.840270692e-05
6.452134318e-05
7.234356467e-05
7.144204436e-05
6.236908364e-05
7.801740904e-05
7.313472917e-05
7.222618374e-05
6.750398561e-05
6.274627345e-05
8.150701064e-05
7.666811488e-05
6.450514626e-05
7.870470692e-05
7.049388402e-05
6.230383587e-05
7.257218361e-05
6.452351781e-05
7.099196518e-05
5.961782118e-05
7.293571473e-05
6.52034525e-05
6.798309788e-05
7.389980576e-05
7.653534724e-05
6.906571189e-05
7.49450739e-05
6.764079581e-05
7.660010423e-05
7.257571845e-05
7.505120847e-05
7.421309845e-05
7.355542961e-05
7.274808587e-05
6.910667353e-05
7.133470969e-05
7.366394847e-05
8.744385577e-05
5.82652467e-05
5.819265446e-05
7.993311667e-05
7.976159061e-05
7.239904146e-05
7.939922233e-05
7.203181293e-05
7.893103722e-05
7.15682025e-05
7.123742347e-05
6.391118739e-05
6.356825844e-05
7.036942629e-05
6.994252765e-05
8.357366984e-05
7.609410244e-05
6.195991888e-05
7.517317798e-05
8.156966475e-05
7.418102361e-05
7.374674134e-05
7.312487905e-05
7.265993614e-05
5.891898467e-05
7.802108353e-05
7.085001291e-05
7.672625957e-05
7.597733901e-05
6.282409965e-05
6.840680767e-05
7.401681409e-05
6.713957031e-05
7.26173625e-05
7.183710877e-05
7.119759292e-05
7.041412718e-05
6.976409628e-05
6.898048252e-05
6.832299392e-05
6.754197216e-05
6.687991748e-05
6.610391574e-05
7.089333316e-05
6.467114968e-05
8.534383397e-05
6.324803028e-05
6.780332965e-05
8.760446212e-05
6.118310963e-05
6.5482308e-05
8.47139054e-05
5.90713399e-05
6.817447384e-05
7.215007379e-05
6.661248058e-05
7.989090078e-05
7.902661936e-05
6.886718656e-05
6.358119813e-05
7.624797873e-05
8.429947244e-05
7.44881409e-05
7.368841962e-05
7.277131764e-05
6.775961713e-05
7.528078081e-05
6.620721152e-05
7.355692577e-05
6.469706692e-05
5.590733876e-05
6.322941873e-05
7.805864992e-05
6.566705887e-05
7.630294723e-05
7.175055797e-05
7.087024916e-05
7.015844415e-05
6.200762913e-05
6.861571371e-05
7.491961444e-05
7.065441084e-05
7.678562201e-05
7.60454125e-05
6.830859444e-05
6.427650893e-05
8.023382787e-05
7.28587962e-05
7.200917001e-05
7.134432448e-05
7.372833574e-05
7.305717893e-05
7.222753022e-05
7.15790173e-05
6.770124458e-05
7.015140051e-05
7.239664495e-05
7.176307631e-05
7.098866064e-05
7.330681727e-05
6.520426919e-05
7.965229258e-05
7.232128501e-05
7.224747862e-05
7.930233127e-05
5.758585954e-05
6.458982161e-05
6.44563997e-05
5.707561432e-05
6.404269445e-05
6.374779929e-05
6.354673031e-05
7.725301022e-05
4.198192859e-05
7.650163212e-05
6.925122986e-05
7.566598277e-05
7.530323401e-05
6.795696594e-05
8.111397996e-05
7.37686122e-05
7.333735169e-05
7.272099485e-05
7.882828956e-05
7.812772643e-05
6.466154048e-05
6.405831869e-05
6.995005574e-05
7.556659756e-05
7.498212757e-05
7.422521306e-05
7.36204535e-05
7.285319683e-05
7.223148136e-05
7.145757794e-05
7.082217773e-05
7.004499467e-05
6.939907824e-05
7.434012694e-05
7.363227658e-05
6.71933132e-05
7.207990607e-05
7.672612257e-05
6.510530235e-05
6.970411811e-05
6.89897783e-05
7.34168008e-05
6.746147073e-05
7.691047743e-05
6.594977469e-05
6.515615385e-05
6.941729726e-05
8.327021002e-05
6.299187037e-05
8.136778704e-05
8.522365509e-05
6.547063493e-05
8.326622907e-05
7.310083954e-05
6.779142743e-05
7.587870434e-05
6.623009596e-05
7.848951166e-05
7.333329447e-05
7.242183566e-05
5.900503603e-05
9.156953103e-05
7.412676818e-05
7.320600252e-05
6.841273684e-05
7.551321029e-05
7.866070629e-05
6.215040921e-05
6.535524168e-05
5.695593124e-05
6.38935027e-05
7.795938966e-05
7.717630586e-05
6.171422554e-05
7.188521739e-05
6.036228621e-05
7.735205648e-05
7.294850347e-05
6.880492899e-05
7.478357656e-05
7.070588138e-05
6.654444108e-05
7.251317933e-05
7.492466039e-05
7.100530931e-05
7.018695442e-05
7.270927008e-05
6.875733361e-05
6.813998289e-05
7.350212988e-05
6.981543016e-05
7.204858327e-05
7.141818828e-05
7.064595278e-05
7.003500691e-05
5.762666061e-05
6.479605513e-05
7.909721987e-05
7.18332916e-05
6.451227032e-05
7.157037705e-05
6.422090608e-05
5.696748259e-05
6.384440535e-05
6.367820332e-05
8.451475968e-05
7.722782996e-05
6.284984096e-05
7.653233186e-05
6.91557986e-05
6.88621564e-05
6.840241229e-05
6.126744629e-05
8.109471885e-05
7.394141169e-05
7.336076106e-05
7.293248223e-05
5.917217533e-05
6.532999032e-05
6.475125694e-05
7.074032819e-05
7.645360189e-05
6.957184153e-05
7.516027326e-05
7.457970201e-05
7.382909137e-05
7.322831532e-05
6.642841032e-05
7.184967961e-05
7.108203633e-05
7.045070079e-05
6.96797122e-05
7.479101499e-05
6.826654257e-05
6.761718133e-05
7.241892166e-05
6.619421166e-05
7.088253529e-05
7.556967962e-05
6.401670426e-05
7.392134499e-05
6.783026369e-05
7.228635267e-05
7.652676732e-05
7.571671752e-05
7.480757609e-05
5.920597587e-05
7.311185437e-05
7.714701792e-05
6.668070669e-05
7.067234193e-05
7.445931124e-05
7.365439403e-05
5.910678268e-05
7.645846232e-05
7.995493012e-05
7.469922399e-05
7.377327243e-05
6.439550806e-05
7.631544111e-05
7.550116305e-05
7.042127367e-05
6.557672607e-05
7.285841172e-05
7.609830086e-05
6.328892186e-05
7.045938088e-05
6.185670096e-05
7.269888612e-05
6.802465423e-05
7.481412958e-05
7.020228534e-05
6.583931159e-05
6.864988965e-05
7.154658841e-05
7.421407755e-05
6.998884153e-05
7.606228458e-05
7.190478609e-05
7.443105438e-05
7.372355011e-05
7.616490502e-05
7.545131803e-05
6.808600726e-05
7.709400086e-05
7.302953275e-05
7.236465912e-05
7.465156306e-05
7.089874045e-05
7.010374087e-05
7.250364788e-05
7.170385234e-05
7.40381244e-05
7.323597706e-05
6.969872985e-05
7.162221043e-05
7.158480101e-05
8.579588554e-05
5.713906119e-05
6.414504397e-05
5.693049433e-05
7.804644328e-05
7.080512655e-05
7.053653968e-05
7.738846822e-05
7.003158028e-05
6.283014555e-05
6.944076378e-05
8.302109857e-05
5.501522715e-05
7.53251734e-05
6.802184974e-05
7.446631147e-05
8.064609771e-05
8.021771557e-05
7.958988542e-05
5.934441151e-05
7.846523416e-05
6.497366908e-05
7.083992242e-05
7.035715824e-05
6.970489886e-05
6.919769528e-05
7.475829522e-05
7.4181573e-05
7.343717524e-05
7.284033245e-05
7.208558199e-05
7.14718929e-05
7.071042136e-05
7.008310047e-05
6.931821983e-05
7.440374773e-05
7.923426696e-05
7.287552512e-05
6.650668381e-05
7.683270543e-05
7.052306863e-05
7.518708676e-05
7.431016085e-05
6.82962233e-05
6.749120763e-05
7.192552919e-05
6.599395132e-05
7.03185478e-05
7.940122641e-05
8.346194401e-05
8.245401302e-05
7.676931496e-05
8.05749536e-05
6.095123914e-05
7.409856936e-05
6.413561692e-05
7.239619199e-05
7.161432637e-05
7.515078315e-05
6.559512255e-05
8.205871901e-05
6.836067277e-05
7.173284613e-05
5.426933437e-05
7.421026046e-05
6.934508787e-05
7.251410613e-05
7.972498723e-05
7.480135034e-05
7.791920711e-05
5.771789592e-05
6.474040762e-05
7.522802163e-05
5.95702113e-05
6.251795008e-05
7.281158838e-05
7.552053365e-05
7.121113483e-05
6.683138616e-05
6.26946634e-05
7.57057024e-05
7.497556969e-05
6.734712738e-05
7.337755057e-05
7.25111358e-05
7.509676687e-05
7.099251922e-05
7.673111304e-05
6.952485464e-05
7.202329936e-05
7.120272665e-05
6.442747777e-05
6.673759981e-05
7.215970653e-05
7.136240458e-05
7.07382626e-05
7.288580102e-05
7.225590278e-05
8.545891341e-05
7.829651163e-05
7.820035067e-05
8.52228036e-05
7.086886078e-05
5.660837394e-05
7.055063885e-05
7.744600954e-05
7.013937471e-05
7.695297834e-05
6.96386534e-05
7.636185287e-05
6.905275602e-05
8.255761402e-05
8.206388556e-05
6.128728136e-05
6.764549834e-05
6.059028096e-05
7.351887845e-05
6.648080831e-05
5.936599665e-05
7.21360077e-05
7.803891795e-05
7.1083335e-05
7.045763329e-05
6.361646988e-05
6.933137584e-05
7.508460185e-05
7.436059409e-05
7.378767208e-05
7.304939806e-05
7.245643918e-05
7.170780874e-05
7.109805823e-05
7.034267177e-05
6.97193164e-05
6.896045889e-05
6.8326588e-05
7.882843457e-05
7.250295267e-05
6.616860472e-05
6.552242394e-05
6.47697503e-05
6.94648949e-05
6.337537158e-05
6.795464888e-05
6.198971475e-05
7.156828998e-05
7.071933841e-05
6.997161668e-05
7.407334441e-05
7.81673473e-05
6.757214092e-05
7.162058658e-05
6.603413164e-05
6.53218498e-05
8.295896934e-05
6.838569103e-05
6.754587944e-05
7.572551126e-05
7.919156636e-05
6.093003453e-05
6.017693692e-05
6.378367385e-05
6.299403896e-05
7.063173744e-05
6.975681238e-05
7.30779024e-05
8.420187929e-05
6.744755079e-05
7.836887343e-05
6.204294021e-05
6.893722628e-05
7.959902797e-05
7.113259131e-05
7.782041781e-05
7.320715293e-05
6.16008526e-05
7.874762987e-05
7.79666934e-05
7.70227387e-05
6.933569461e-05
5.480178034e-05
7.462561355e-05
7.373588742e-05
7.303478356e-05
7.545263413e-05
7.7995338e-05
7.708362004e-05
7.318947444e-05
7.2343852e-05
6.856839958e-05
7.394875562e-05
7.328480596e-05
7.246085699e-05
7.181901294e-05
7.102419329e-05
7.333659541e-05
6.963739944e-05
7.191226199e-05
7.789528892e-05
8.493249083e-05
7.775950015e-05
7.768061692e-05
6.342299235e-05
7.739858257e-05
8.418535865e-05
7.701131505e-05
7.6721323e-05
8.347894071e-05
8.310013333e-05
6.903282414e-05
7.553596625e-05
7.525766945e-05
7.480917323e-05
8.12648788e-05
7.400061745e-05
6.025728077e-05
7.3116618e-05
6.61175343e-05
7.872417297e-05
7.826646387e-05
7.114910845e-05
7.712707369e-05
7.645030699e-05
6.96031377e-05
6.896183463e-05
7.46851057e-05
6.780317681e-05
6.728143791e-05
7.26656946e-05
7.207657119e-05
7.133397438e-05
7.07281139e-05
6.997872756e-05
7.513923023e-05
7.432356955e-05
6.797641983e-05
7.28248284e-05
6.658538803e-05
7.680626965e-05
7.605688721e-05
6.444458146e-05
6.911673456e-05
7.356941664e-05
7.281774138e-05
7.196340702e-05
7.121458191e-05
7.539827043e-05
6.962809206e-05
6.879749987e-05
6.806277939e-05
7.204734802e-05
8.552800866e-05
6.57155236e-05
6.965032381e-05
7.79741883e-05
6.352063566e-05
7.17049995e-05
7.093108733e-05
9.195121206e-05
6.930368958e-05
7.700435159e-05
7.194637546e-05
7.523665683e-05
6.616380956e-05
6.534518758e-05
6.465319603e-05
7.981685113e-05
6.318291372e-05
6.63024931e-05
7.719155694e-05
7.242799922e-05
7.168256735e-05
6.334886264e-05
8.483531857e-05
6.922361924e-05
7.934823018e-05
7.838193846e-05
6.7022098e-05
7.318034098e-05
7.59150385e-05
7.500247489e-05
6.077365294e-05
7.339315081e-05
5.947789416e-05
6.857090843e-05
7.116289099e-05
7.033055157e-05
7.284817856e-05
7.513650522e-05
6.824797066e-05
6.746876683e-05
6.990222912e-05
7.212029133e-05
7.148152132e-05
7.363455487e-05
7.007116107e-05
6.930758392e-05
7.729762431e-05
7.74582014e-05
6.334200913e-05
7.029417483e-05
6.320067185e-05
7.007558698e-05
6.297181469e-05
8.371526013e-05
7.658147309e-05
7.629414438e-05
6.226080446e-05
7.575246848e-05
8.23800887e-05
5.463168395e-05
6.803833213e-05
5.410741451e-05
6.734862018e-05
7.359566773e-05
7.324523663e-05
7.932952969e-05
6.575820882e-05
6.524861743e-05
7.784371786e-05
6.433336139e-05
7.032041629e-05
6.970530104e-05
6.923215578e-05
6.859621189e-05
6.809901833e-05
7.35777524e-05
7.301228795e-05
7.2286001e-05
7.17006655e-05
7.096401763e-05
7.622549947e-05
6.961852996e-05
6.900296171e-05
6.825590254e-05
6.762982251e-05
7.245560696e-05
6.624841906e-05
7.09612088e-05
7.567482396e-05
6.946621637e-05
6.348188936e-05
6.797565824e-05
7.763267142e-05
7.672393454e-05
7.086435286e-05
7.502946475e-05
7.423706145e-05
6.846315982e-05
7.740842205e-05
8.125928353e-05
7.565807514e-05
7.474282892e-05
7.855834682e-05
7.760182951e-05
6.773308565e-05
7.136432903e-05
7.941862514e-05
7.408471656e-05
6.466516778e-05
7.238392416e-05
8.00322516e-05
7.488380785e-05
5.762192245e-05
6.910477295e-05
6.837305036e-05
6.752819462e-05
7.074961684e-05
6.987635485e-05
7.683280455e-05
7.209207155e-05
6.383954507e-05
7.047381346e-05
7.342819495e-05
7.978292222e-05
7.898113825e-05
7.092693435e-05
7.373455529e-05
7.284213212e-05
7.899881934e-05
6.786885243e-05
7.729611189e-05
7.305358566e-05
6.906973268e-05
7.800371654e-05
6.761345184e-05
7.63681916e-05
7.566266187e-05
6.855480005e-05
7.101827366e-05
7.325905793e-05
6.95762547e-05
7.1782912e-05
7.707611897e-05
7.328885188e-05
6.974230652e-05
7.185508105e-05
7.123469391e-05
7.002362881e-05
7.698611238e-05
6.291208187e-05
6.284844557e-05
5.574845814e-05
6.957939864e-05
6.243778695e-05
6.230978415e-05
5.517941558e-05
5.503667505e-05
6.848589001e-05
7.509869904e-05
7.470575225e-05
7.443122412e-05
6.053786057e-05
8.037669006e-05
6.654102351e-05
5.297968169e-05
6.575014547e-05
7.848332141e-05
7.13873333e-05
7.097338794e-05
7.038837538e-05
6.994506532e-05
7.56383213e-05
7.512557185e-05
7.443757706e-05
7.389873251e-05
7.31924803e-05
7.263067493e-05
7.191025474e-05
7.132866044e-05
7.059787846e-05
6.999965587e-05
7.503385655e-05
6.865027648e-05
6.790899567e-05
6.728674172e-05
6.654471742e-05
8.239355441e-05
7.060590409e-05
6.453992573e-05
6.912093636e-05
6.316687377e-05
6.243710962e-05
7.210013209e-05
7.634794038e-05
7.051755176e-05
7.466424949e-05
6.402598763e-05
5.839890316e-05
7.221980533e-05
6.184076849e-05
7.529477655e-05
6.973654594e-05
6.898524355e-05
6.360365542e-05
7.639962252e-05
5.770934026e-05
6.58694644e-05
6.939863594e-05
7.294248358e-05
5.933095032e-05
5.450242681e-05
7.039346122e-05
6.964298257e-05
8.092153305e-05
7.205830459e-05
7.907646847e-05
7.042152716e-05
6.955308891e-05
7.265350281e-05
7.553604803e-05
7.849652156e-05
7.384103082e-05
7.674418246e-05
7.219599447e-05
6.432334957e-05
7.060059197e-05
7.689021734e-05
7.94124669e-05
7.521636754e-05
7.093436476e-05
7.024984521e-05
5.949584848e-05
7.529931413e-05
7.117369291e-05
7.050643093e-05
7.60154344e-05
7.217504772e-05
7.133913779e-05
7.376292444e-05
6.9880719e-05
7.226431972e-05
7.144867451e-05
7.081596511e-05
7.294637977e-05
6.941652428e-05
6.865723734e-05
7.657272957e-05
6.963507146e-05
6.959909619e-05
6.256331663e-05
7.63890399e-05
6.236988811e-05
6.919442205e-05
6.209297967e-05
7.573602533e-05
8.231334652e-05
6.841722973e-05
6.811007001e-05
6.78971667e-05
8.105176527e-05
6.056572174e-05
6.0208503e-05
7.993983675e-05
7.279892027e-05
6.586653974e-05
6.539620168e-05
6.505114871e-05
7.100532018e-05
7.701177985e-05
7.637899286e-05
6.95737001e-05
6.269896869e-05
7.472937896e-05
6.787647517e-05
6.738574635e-05
7.281122194e-05
7.225303032e-05
7.153839457e-05
7.09604956e-05
7.608845627e-05
6.964102505e-05
6.890914558e-05
6.830117817e-05
7.319606367e-05
6.694712421e-05
7.172828303e-05
7.651537881e-05
6.484997511e-05
6.957051995e-05
6.348837395e-05
6.285496915e-05
7.248558218e-05
8.199612046e-05
6.584553166e-05
8.019900404e-05
7.925607731e-05
7.351871014e-05
7.749043973e-05
7.666409187e-05
7.101339517e-05
7.961838468e-05
6.940487497e-05
6.865744385e-05
6.330279529e-05
8.498423634e-05
7.952918383e-05
6.555968264e-05
7.33906513e-05
7.260100448e-05
6.749053254e-05
7.511308073e-05
7.418794651e-05
6.524190187e-05
8.054683564e-05
7.570943922e-05
6.690469358e-05
7.399071448e-05
6.538653354e-05
6.470642984e-05
7.894837118e-05
7.069427275e-05
7.350223775e-05
7.275430678e-05
7.905163255e-05
6.402849604e-05
6.676337696e-05
6.957997037e-05
6.530119669e-05
6.806530231e-05
7.397179296e-05
6.992795666e-05
7.238379524e-05
7.169515133e-05
6.762668732e-05
7.656296925e-05
6.620768097e-05
7.496673991e-05
7.101040603e-05
7.342298657e-05
6.955785211e-05
7.193044411e-05
7.111753516e-05
7.048781316e-05
7.260709346e-05
7.197267864e-05
7.6878697e-05
6.774698395e-05
7.617588274e-05
8.305812232e-05
6.913155219e-05
6.906182359e-05
8.270210966e-05
8.257641851e-05
8.233594641e-05
7.532026324e-05
6.139692131e-05
6.804276021e-05
5.419068174e-05
7.427955958e-05
7.389358957e-05
6.692975719e-05
6.653634421e-05
7.288206422e-05
7.898943372e-05
7.861479417e-05
6.504604816e-05
6.470329013e-05
7.704804414e-05
7.660244377e-05
6.964373789e-05
7.549773546e-05
6.860645247e-05
7.433734298e-05
6.752224105e-05
6.70346843e-05
7.243391494e-05
7.187929253e-05
7.117036052e-05
7.059611184e-05
7.569988718e-05
7.505988778e-05
7.998648835e-05
6.795561235e-05
6.722565429e-05
7.216182761e-05
7.137006949e-05
7.613394802e-05
6.45284889e-05
6.922622876e-05
7.370523161e-05
6.77583071e-05
6.697912546e-05
7.139652867e-05
7.056644034e-05
7.482217936e-05
7.887400802e-05
6.828707453e-05
7.711926546e-05
7.152868969e-05
8.481036914e-05
6.991738764e-05
7.368143354e-05
7.288826096e-05
8.55064709e-05
8.903626975e-05
6.596387532e-05
8.265354797e-05
9.023634865e-05
7.651345525e-05
7.977292658e-05
7.061094304e-05
6.153736929e-05
7.305781732e-05
7.215803299e-05
5.552884814e-05
6.267975614e-05
8.527981326e-05
7.274408382e-05
6.062102411e-05
7.110272874e-05
7.777832932e-05
6.219155844e-05
6.517978197e-05
7.153726548e-05
7.789996298e-05
6.995683427e-05
6.926266382e-05
7.526724413e-05
7.791818674e-05
7.363449854e-05
6.629428999e-05
7.205348474e-05
7.136788699e-05
7.372890862e-05
7.303751569e-05
7.218129021e-05
7.15142427e-05
7.068468998e-05
7.308616754e-05
7.224830082e-05
7.159963945e-05
7.078945108e-05
7.016268841e-05
6.938011074e-05
7.163958969e-05
7.085310659e-05
7.305162665e-05
6.887075128e-05
6.195178944e-05
7.562776177e-05
6.181493547e-05
7.539526505e-05
6.843710923e-05
6.141466531e-05
7.490904097e-05
7.463196352e-05
6.767236756e-05
7.410773665e-05
6.044453557e-05
6.681281318e-05
7.322503825e-05
6.617824821e-05
7.908022291e-05
6.547203567e-05
7.819428783e-05
6.469962435e-05
7.079504528e-05
6.386675416e-05
6.984764978e-05
7.55752322e-05
6.258425064e-05
7.445217627e-05
7.394939884e-05
7.327820193e-05
7.274973946e-05
7.206049818e-05
7.150940126e-05
7.080609384e-05
7.02354512e-05
7.531526663e-05
6.893467587e-05
7.389857805e-05
7.324798613e-05
7.246320784e-05
7.180124395e-05
7.101541603e-05
6.49339725e-05
7.491187016e-05
7.418419987e-05
6.810538821e-05
7.26136953e-05
7.690777999e-05
6.597486224e-05
7.524174875e-05
5.956904588e-05
9.321353064e-05
6.79598526e-05
6.715767627e-05
8.0679811e-05
7.50297856e-05
8.814280206e-05
6.875090851e-05
6.347702869e-05
6.718878625e-05
7.089551144e-05
7.441050236e-05
6.927869763e-05
6.415541479e-05
6.769651678e-05
6.686676601e-05
7.028479529e-05
7.758850423e-05
8.080179783e-05
7.581736747e-05
8.291122766e-05
8.189086009e-05
6.945526512e-05
6.478982536e-05
6.788747957e-05
7.450416271e-05
7.005041148e-05
7.647558807e-05
7.569730913e-05
7.47730077e-05
7.049647203e-05
7.660327172e-05
7.584306199e-05
7.151999046e-05
7.756451587e-05
5.330928446e-05
7.589227712e-05
7.172617517e-05
7.104359678e-05
7.020254659e-05
6.32219452e-05
7.185243017e-05
7.428350302e-05
7.036194833e-05
7.275242463e-05
7.191755139e-05
7.127186358e-05
7.340039601e-05
6.984054916e-05
7.481541812e-05
6.845718682e-05
6.770428426e-05
6.991715416e-05
7.534433365e-05
7.530565482e-05
6.153984273e-05
8.197059266e-05
6.135118511e-05
6.806463541e-05
6.786781717e-05
7.450228458e-05
8.097564391e-05
7.403658412e-05
6.70069572e-05
6.679826987e-05
5.980818748e-05
6.621056095e-05
7.898878331e-05
6.554775971e-05
6.512329835e-05
7.777825608e-05
7.722824518e-05
7.04204774e-05
6.988342427e-05
7.579668861e-05
6.264971862e-05
7.47086118e-05
7.406501866e-05
7.356548281e-05
7.289972762e-05
7.237464075e-05
7.169091181e-05
7.114329743e-05
7.044553698e-05
7.570166164e-05
6.917033975e-05
6.858684739e-05
7.91837284e-05
7.288110466e-05
6.655592829e-05
7.693995718e-05
7.609998291e-05
6.461347069e-05
7.986873123e-05
6.327486385e-05
8.341350313e-05
7.22603781e-05
7.653559123e-05
6.565605896e-05
7.488010726e-05
8.39844196e-05
6.835571309e-05
6.28046266e-05
8.116170078e-05
7.085067608e-05
6.534145241e-05
8.311029157e-05
7.755232845e-05
6.317964189e-05
6.687541458e-05
8.379607472e-05
6.97084058e-05
7.757709221e-05
7.237359941e-05
8.001848328e-05
5.82392883e-05
5.761547367e-05
6.503828432e-05
7.641008213e-05
7.547111413e-05
7.467241733e-05
7.375435146e-05
6.913904348e-05
6.828939193e-05
7.884232267e-05
8.158308137e-05
6.239255803e-05
7.97546843e-05
7.53546695e-05
7.089044852e-05
6.315993447e-05
6.23922394e-05
7.55003198e-05
7.458725006e-05
7.385690889e-05
7.296905423e-05
7.226449996e-05
6.815628828e-05
6.750759304e-05
7.623784782e-05
7.237596792e-05
6.530685286e-05
7.394653359e-05
7.308745097e-05
7.24217159e-05
7.158981647e-05
7.094707507e-05
7.014228113e-05
7.821152379e-05
7.160791087e-05
7.098257617e-05
6.739248477e-05
7.516297741e-05
7.493533015e-05
6.127931542e-05
7.480743814e-05
6.79384532e-05
7.457874403e-05
7.446581348e-05
8.100134779e-05
7.409992172e-05
6.711612747e-05
6.694354943e-05
7.331186583e-05
7.308381641e-05
7.270792459e-05
7.902807356e-05
7.856819595e-05
6.519908308e-05
7.773390774e-05
5.157775193e-05
7.682127603e-05
7.641802062e-05
6.31975418e-05
6.911678984e-05
7.478821184e-05
7.432020392e-05
6.754171117e-05
7.318553247e-05
7.252514279e-05
7.200339022e-05
7.132509719e-05
7.078092315e-05
7.008863355e-05
6.952507333e-05
6.882243027e-05
7.961626332e-05
6.753288064e-05
7.25178801e-05
6.622604452e-05
8.202782355e-05
7.031657916e-05
6.965412697e-05
7.947859347e-05
6.296630959e-05
7.263283347e-05
7.191048252e-05
7.616698748e-05
7.539267912e-05
7.452192552e-05
6.391658573e-05
6.803088877e-05
7.693111708e-05
6.65234283e-05
7.521756444e-05
7.432542737e-05
6.893380465e-05
8.173098119e-05
6.737681633e-05
7.1002616e-05
7.023778489e-05
7.372305026e-05
5.576926805e-05
6.780312232e-05
6.707432749e-05
6.625442394e-05
7.373801202e-05
7.283431386e-05
7.606166305e-05
8.699032626e-05
7.433302779e-05
6.569160666e-05
6.500203888e-05
6.420390964e-05
7.101099712e-05
7.752334851e-05
7.307176056e-05
7.578647351e-05
7.501511777e-05
7.762854719e-05
7.684798847e-05
7.591420445e-05
6.832787405e-05
7.087675618e-05
7.352468807e-05
6.933896652e-05
6.866936978e-05
6.138761533e-05
7.680412148e-05
7.589422512e-05
7.518226207e-05
6.810780918e-05
7.361260752e-05
6.972522671e-05
6.909008347e-05
7.126505503e-05
7.062523329e-05
7.273240976e-05
7.208860852e-05
6.842969599e-05
7.348491064e-05
6.987869164e-05
7.75896727e-05
7.453074319e-05
6.77205817e-05
7.440391378e-05
6.081486652e-05
6.743370901e-05
7.40648921e-05
6.042453335e-05
6.700171052e-05
7.343209338e-05
6.658499575e-05
6.629118777e-05
7.930226702e-05
7.232111336e-05
7.860798802e-05
7.163939183e-05
6.485409634e-05
7.08805367e-05
7.695933371e-05
6.368214466e-05
7.601793587e-05
7.544180082e-05
6.875706561e-05
7.440081669e-05
7.393581379e-05
6.108554886e-05
7.280948669e-05
7.215438778e-05
7.163592896e-05
7.096299687e-05
7.042222174e-05
6.97353283e-05
6.917524598e-05
7.989100359e-05
6.790161561e-05
7.279714153e-05
6.660762283e-05
8.237426845e-05
7.074079514e-05
7.535477732e-05
6.398186589e-05
6.327379889e-05
6.788247916e-05
7.74452879e-05
7.156395911e-05
6.064153375e-05
8.00339779e-05
6.427820025e-05
6.850599422e-05
6.770913695e-05
6.221125502e-05
7.566945789e-05
6.550636907e-05
6.473091128e-05
6.861206466e-05
7.231226052e-05
5.812221084e-05
7.067451699e-05
7.86526616e-05
7.770077539e-05
5.978324471e-05
8.014767972e-05
7.511343982e-05
6.595243945e-05
7.747996862e-05
6.847561173e-05
6.376118486e-05
7.085179846e-05
7.010214571e-05
6.154840226e-05
7.612795619e-05
7.519400925e-05
7.441196603e-05
6.615008124e-05
7.274348792e-05
7.544655251e-05
7.467861239e-05
5.971693987e-05
6.954874164e-05
7.557429876e-05
7.142295252e-05
7.727940687e-05
7.319544264e-05
7.888966867e-05
6.836177025e-05
7.71947439e-05
7.327399688e-05
7.240561585e-05
6.860776206e-05
7.088358717e-05
7.328168376e-05
7.242904468e-05
7.176923693e-05
7.09432268e-05
7.32357274e-05
7.240295527e-05
7.463260869e-05
6.811865117e-05
7.315100436e-05
6.955981537e-05
6.896054592e-05
6.73913651e-05
7.409268016e-05
6.727701766e-05
7.393058755e-05
6.707247196e-05
6.697114973e-05
8.013539481e-05
6.664372259e-05
6.640060411e-05
6.623026248e-05
6.593900699e-05
7.23078149e-05
7.847825026e-05
7.819234493e-05
7.77403165e-05
7.096401535e-05
7.050892907e-05
6.379692121e-05
6.968506521e-05
7.562201856e-05
7.505065005e-05
7.461934519e-05
7.401741418e-05
6.742576444e-05
7.292733378e-05
7.243728559e-05
7.178740415e-05
7.127219926e-05
7.060455458e-05
7.006713762e-05
6.93855671e-05
7.456466489e-05
7.381508999e-05
7.319445105e-05
6.686515958e-05
7.180218523e-05
6.557599109e-05
8.122412191e-05
8.570013817e-05
8.489422865e-05
7.870964164e-05
6.755465349e-05
6.679685231e-05
7.122075935e-05
6.035226382e-05
5.973957341e-05
6.889469497e-05
6.818183925e-05
6.739041425e-05
7.620769728e-05
7.060826585e-05
7.451457963e-05
6.90320351e-05
6.829331408e-05
6.29806461e-05
5.785368519e-05
7.034943628e-05
7.394165953e-05
6.875123211e-05
6.376050233e-05
7.978250987e-05
6.646347094e-05
7.796316944e-05
6.495038764e-05
6.816608419e-05
7.934133808e-05
8.228802856e-05
7.75404427e-05
6.127191658e-05
6.82074224e-05
6.737134892e-05
7.40785293e-05
6.951281728e-05
6.517633644e-05
6.795636552e-05
7.434511255e-05
6.994186078e-05
7.962423923e-05
7.865730623e-05
6.771857386e-05
7.693498793e-05
7.618136611e-05
6.87207222e-05
7.453852504e-05
7.364824027e-05
6.660377261e-05
7.521618946e-05
7.451041596e-05
6.74983144e-05
7.2953722e-05
7.210427002e-05
7.144738652e-05
7.356697105e-05
6.999023091e-05
6.91934131e-05
6.858103958e-05
7.063585547e-05
7.28201188e-05
7.478334302e-05
7.41392645e-05
8.043767542e-05
7.369699237e-05
6.691798705e-05
8.022125245e-05
6.671508453e-05
6.661442059e-05
7.306688086e-05
7.291849375e-05
7.265338656e-05
7.246721777e-05
6.559054844e-05
7.846468492e-05
7.806513609e-05
7.1299318e-05
7.088847797e-05
7.700995283e-05
7.01411976e-05
6.981102006e-05
6.932356134e-05
6.269183661e-05
7.466353445e-05
7.423498332e-05
7.363794292e-05
7.317883998e-05
7.255583283e-05
7.206887051e-05
7.142413466e-05
7.091214455e-05
7.024971515e-05
7.552525106e-05
6.903929687e-05
7.419321797e-05
6.779938847e-05
6.72299403e-05
7.762559722e-05
7.144960929e-05
7.069370375e-05
7.543960503e-05
7.462402497e-05
7.9203112e-05
7.310867064e-05
7.240151579e-05
7.670485093e-05
7.594375248e-05
7.007669727e-05
6.936576984e-05
6.85698061e-05
6.301354194e-05
6.228362967e-05
7.58510655e-05
7.02795052e-05
6.95324924e-05
7.329334188e-05
6.797751144e-05
7.164658017e-05
6.644726459e-05
6.565062414e-05
7.36033737e-05
6.416061465e-05
6.347019604e-05
6.270051514e-05
8.270274517e-05
6.535665444e-05
7.273930243e-05
7.584279438e-05
7.503521341e-05
5.461264403e-05
6.947348271e-05
7.243501079e-05
6.413007873e-05
6.707079528e-05
7.374806746e-05
7.648789038e-05
6.488614114e-05
7.833652823e-05
8.106358558e-05
6.963128119e-05
6.548440464e-05
6.809412536e-05
7.415977874e-05
6.993331012e-05
7.584325217e-05
6.515782478e-05
6.7754765e-05
7.01332417e-05
7.262288699e-05
6.864155336e-05
7.108818505e-05
7.330651587e-05
7.262868266e-05
7.178239495e-05
7.112840992e-05
7.03082124e-05
6.967699261e-05
7.462303665e-05
6.827322848e-05
7.313038219e-05
6.970405113e-05
7.168794319e-05
7.380419569e-05
6.000772712e-05
7.996964555e-05
7.987532172e-05
7.314589515e-05
7.299763406e-05
7.28876188e-05
7.268044767e-05
6.593910171e-05
7.884021141e-05
7.86384186e-05
5.872117809e-05
7.154811936e-05
7.118498608e-05
7.092626488e-05
7.05188935e-05
7.660883867e-05
6.977728195e-05
7.576278137e-05
6.269617168e-05
6.860555948e-05
7.428039187e-05
7.385456084e-05
7.326234275e-05
7.280613605e-05
7.218809764e-05
7.170418398e-05
7.106452319e-05
7.055570942e-05
6.989842454e-05
7.514823833e-05
6.869646563e-05
6.814657242e-05
7.308719176e-05
7.247398299e-05
6.621051323e-05
8.203901422e-05
7.576167088e-05
6.971121444e-05
7.4263938e-05
6.831204975e-05
6.236434111e-05
6.690841031e-05
6.616126101e-05
8.062187579e-05
7.472740614e-05
6.903848848e-05
8.287253138e-05
5.789369656e-05
6.676188672e-05
7.077914631e-05
7.928096411e-05
7.843865171e-05
5.927646857e-05
7.217559043e-05
6.686092026e-05
7.055262682e-05
6.97081647e-05
6.895827682e-05
5.961163884e-05
6.318252135e-05
7.490090157e-05
7.409659536e-05
8.13284754e-05
6.838947379e-05
5.563381663e-05
7.469919236e-05
7.378622789e-05
7.300576956e-05
7.211251803e-05
7.135573028e-05
6.306330518e-05
7.342054089e-05
7.252272118e-05
6.459851856e-05
7.798983462e-05
7.017806648e-05
6.585727531e-05
7.20574629e-05
8.135193027e-05
7.383204869e-05
6.630893801e-05
7.222516424e-05
6.811340531e-05
7.387959988e-05
7.617066314e-05
6.915810205e-05
7.144390486e-05
7.077336808e-05
7.298141625e-05
7.230652684e-05
7.146338084e-05
7.081226879e-05
6.999494923e-05
7.514709105e-05
7.143225962e-05
7.080017512e-05
7.280244249e-05
7.494291076e-05
6.862041221e-05
7.619333236e-05
7.958744757e-05
6.62892379e-05
7.283243049e-05
7.275976246e-05
7.261277646e-05
7.25034674e-05
7.229808049e-05
7.215158426e-05
6.53554745e-05
7.170722254e-05
6.49045645e-05
7.117422657e-05
7.725181974e-05
7.697137661e-05
5.73980259e-05
7.621188135e-05
7.572777059e-05
6.909114329e-05
7.484911665e-05
7.445863021e-05
7.390116149e-05
7.347801748e-05
7.289055473e-05
7.243720928e-05
7.182407124e-05
7.134316967e-05
7.070851479e-05
8.190331283e-05
8.114240141e-05
7.47749709e-05
7.405344091e-05
9.041392845e-05
6.713409198e-05
7.21190417e-05
7.686930259e-05
8.164008932e-05
7.000986572e-05
7.471116007e-05
7.918640297e-05
6.275499007e-05
6.723921813e-05
6.658990324e-05
7.091320896e-05
7.52256756e-05
6.941757526e-05
7.362244389e-05
5.822497285e-05
6.242555673e-05
8.069171318e-05
7.045099007e-05
6.963108366e-05
7.348439971e-05
7.262106279e-05
6.286428203e-05
7.099304405e-05
7.901001946e-05
7.372888649e-05
6.006494436e-05
8.477498562e-05
6.709060546e-05
5.799440802e-05
6.556776686e-05
7.691620039e-05
5.606874859e-05
6.725406667e-05
7.436616743e-05
6.572579198e-05
7.650666106e-05
7.557145697e-05
8.599517785e-05
7.755727205e-05
6.944111512e-05
7.220268225e-05
7.14593718e-05
8.117556877e-05
7.685568928e-05
7.937107262e-05
7.174024374e-05
7.424457898e-05
7.350720253e-05
6.601731143e-05
6.537039037e-05
7.427220733e-05
7.675250794e-05
6.635590007e-05
6.885354027e-05
7.422155135e-05
7.352486315e-05
7.26591874e-05
7.198721635e-05
7.114718969e-05
7.049892551e-05
6.968446521e-05
7.481375708e-05
7.111445265e-05
7.048523103e-05
7.526502431e-05
7.737173458e-05
6.558037541e-05
6.772505801e-05
7.257161854e-05
7.253488692e-05
7.244987745e-05
7.237768511e-05
7.879849709e-05
7.212334407e-05
7.845787142e-05
6.524922479e-05
7.151580804e-05
7.133317154e-05
6.456692535e-05
7.08042212e-05
7.685148375e-05
7.019174871e-05
6.979116644e-05
6.950076519e-05
7.533890508e-05
7.498553865e-05
6.826120927e-05
6.790551911e-05
5.514433775e-05
7.310529422e-05
7.252252113e-05
6.606600233e-05
7.146369781e-05
7.09857724e-05
7.035605555e-05
7.567460525e-05
6.920627894e-05
6.868190145e-05
6.802091715e-05
7.310075478e-05
7.237350911e-05
7.176756011e-05
6.556856128e-05
7.041235525e-05
7.503233664e-05
9.028479927e-05
7.355408969e-05
8.847874945e-05
7.206782623e-05
6.62744142e-05
6.553765136e-05
7.487170547e-05
6.41574534e-05
8.793399112e-05
7.244278722e-05
6.691532607e-05
6.14203339e-05
5.610069015e-05
8.779436299e-05
8.686242747e-05
7.68076224e-05
5.363791023e-05
7.508764711e-05
7.428208093e-05
6.044366874e-05
7.68778272e-05
6.751515489e-05
7.513790986e-05
6.185882424e-05
6.93541985e-05
6.045270919e-05
6.379314171e-05
6.695545995e-05
6.624282515e-05
8.468049101e-05
6.474294081e-05
7.523796971e-05
6.700362616e-05
6.986195675e-05
6.185801771e-05
7.188545554e-05
8.181720473e-05
7.73055728e-05
7.304037728e-05
7.5587462e-05
7.142580533e-05
7.391942834e-05
7.318520237e-05
7.558747457e-05
7.484668145e-05
7.073181099e-05
6.686420316e-05
7.235695108e-05
6.855164922e-05
7.081683263e-05
7.320211387e-05
7.233979147e-05
7.167071365e-05
7.08337842e-05
7.311285738e-05
6.937672352e-05
6.875387744e-05
6.796748261e-05
6.736615343e-05
7.215530815e-05
6.877497947e-05
7.072843845e-05
7.551384101e-05
5.906625418e-05
7.871522209e-05
7.862326052e-05
7.199959953e-05
6.53228259e-05
7.826965724e-05
7.154529011e-05
6.490967145e-05
7.114449044e-05
7.096300267e-05
7.707933705e-05
7.68415014e-05
7.008400265e-05
7.617836319e-05
7.574498879e-05
6.914433294e-05
7.495401286e-05
7.460286702e-05
7.408831716e-05
7.37027226e-05
7.315420001e-05
6.667497211e-05
7.215818534e-05
7.171045986e-05
7.703249952e-05
7.063193809e-05
7.000709268e-05
6.950758384e-05
6.886532112e-05
7.403945091e-05
7.896945111e-05
6.714804445e-05
6.648172535e-05
7.141948789e-05
7.068991679e-05
7.007326416e-05
7.46729101e-05
6.871117341e-05
6.797535653e-05
6.733894802e-05
8.19742091e-05
8.118387755e-05
7.024794461e-05
8.942526109e-05
6.385854127e-05
6.80749159e-05
7.210749117e-05
8.563630592e-05
7.524659984e-05
6.98037224e-05
7.359415236e-05
7.736412437e-05
7.19610045e-05
7.119250902e-05
7.474828051e-05
6.089723705e-05
6.446988971e-05
6.377702428e-05
6.721304932e-05
7.480192054e-05
6.979436127e-05
5.686093323e-05
6.018450345e-05
7.93878064e-05
5.881719981e-05
6.982952873e-05
6.897877502e-05
7.204101971e-05
8.239815407e-05
7.782750181e-05
6.955575616e-05
7.970070551e-05
7.157100415e-05
7.083416605e-05
6.647229875e-05
6.925839786e-05
6.841606427e-05
7.788688378e-05
7.025178992e-05
6.624182815e-05
7.198585526e-05
7.776029817e-05
7.042335503e-05
6.974264937e-05
7.517339795e-05
7.445715699e-05
7.357294581e-05
6.984542798e-05
7.202319125e-05
7.135698187e-05
7.052312772e-05
6.98804852e-05
7.194967499e-05
7.415588266e-05
7.330673747e-05
6.706912763e-05
6.907311167e-05
7.394842978e-05
7.312252771e-05
6.712376779e-05
7.181650737e-05
7.178029912e-05
7.821458425e-05
7.813684747e-05
7.148217307e-05
7.786356096e-05
7.117474319e-05
7.103099723e-05
7.077700877e-05
7.701453359e-05
7.029228481e-05
7.007563273e-05
7.606313184e-05
6.947228999e-05
6.907830568e-05
7.504531411e-05
7.457303333e-05
7.422408131e-05
7.371368791e-05
7.333049524e-05
7.278635328e-05
7.237107778e-05
7.179749193e-05
7.135252637e-05
7.075369208e-05
7.028161371e-05
6.966157441e-05
8.069261041e-05
7.423834861e-05
6.800962204e-05
7.297173621e-05
7.795861837e-05
7.167362963e-05
7.654206611e-05
7.035051622e-05
8.583067497e-05
6.90085599e-05
7.364449302e-05
6.765356278e-05
7.217615188e-05
8.158884582e-05
7.575267724e-05
6.492568774e-05
8.900839867e-05
7.8230648e-05
6.775967452e-05
7.17752846e-05
7.103523398e-05
7.958350852e-05
7.411683012e-05
6.410187436e-05
6.342202673e-05
6.268102267e-05
6.20118971e-05
7.441196771e-05
6.495372784e-05
5.990255837e-05
7.61901208e-05
6.273153313e-05
7.446892268e-05
6.131013989e-05
6.873937665e-05
7.589697826e-05
7.508544274e-05
8.198169165e-05
8.110937633e-05
6.486084621e-05
7.172507776e-05
7.830873515e-05
4.796821109e-05
7.289708209e-05
6.85320678e-05
7.838522099e-05
7.05256478e-05
8.359986938e-05
7.930075105e-05
7.833668763e-05
8.092014376e-05
7.327759677e-05
6.59541743e-05
6.515762213e-05
7.742266895e-05
7.01175777e-05
6.628338835e-05
7.484675399e-05
7.413353453e-05
7.325287556e-05
6.954149848e-05
7.17093502e-05
7.104598479e-05
7.021518425e-05
6.957531615e-05
6.876932307e-05
7.099160117e-05
6.737066458e-05
6.955698914e-05
7.427033006e-05
6.544246707e-05
7.010291182e-05
7.484636193e-05
7.144481402e-05
6.491714755e-05
7.132595665e-05
6.477741463e-05
7.757791507e-05
7.746165692e-05
7.724510701e-05
7.066516343e-05
7.041330388e-05
7.661898766e-05
7.628971339e-05
7.605483567e-05
6.936874102e-05
6.911806321e-05
7.497524567e-05
7.466435431e-05
7.419590713e-05
7.384912263e-05
7.334282824e-05
7.296200877e-05
7.242218738e-05
7.200947237e-05
7.144038655e-05
7.099814829e-05
7.040395361e-05
6.99347473e-05
7.509607081e-05
6.882596403e-05
7.387616805e-05
7.331825979e-05
7.261815642e-05
7.758153507e-05
7.681556782e-05
6.529234619e-05
6.462863924e-05
6.940478647e-05
7.396428953e-05
8.376648427e-05
6.73348014e-05
7.183666068e-05
7.105620269e-05
7.539880659e-05
6.462397171e-05
7.875147082e-05
7.300268736e-05
8.190034061e-05
8.097227501e-05
6.599589498e-05
7.456079109e-05
6.916823998e-05
6.836948551e-05
7.215433434e-05
8.468399366e-05
7.937084878e-05
8.279380506e-05
7.759564955e-05
8.519374305e-05
7.163692421e-05
5.828976748e-05
7.413887651e-05
6.510872715e-05
7.246168461e-05
7.954022498e-05
8.655888031e-05
6.607534035e-05
6.921780759e-05
7.597360917e-05
6.765337409e-05
7.796768368e-05
7.347588876e-05
6.895133737e-05
6.105175826e-05
7.804531118e-05
6.670881513e-05
6.242841888e-05
6.865856064e-05
6.443301313e-05
6.042755462e-05
6.964444068e-05
7.223590869e-05
7.136361441e-05
7.06639624e-05
7.298782808e-05
6.913945082e-05
6.831269171e-05
7.073718338e-05
7.29355781e-05
7.225064617e-05
7.139823241e-05
7.073768679e-05
7.282283166e-05
7.793190098e-05
7.702829309e-05
7.068218982e-05
8.10503707e-05
6.925298445e-05
6.572851756e-05
6.515553492e-05
7.247867475e-05
7.185570546e-05
7.753848909e-05
6.458295435e-05
7.740984613e-05
6.444425235e-05
7.074779636e-05
7.064189051e-05
7.68491412e-05
7.669426762e-05
7.642180129e-05
7.622748401e-05
6.957585937e-05
7.566751218e-05
7.529078973e-05
7.501901497e-05
7.459621121e-05
7.428724278e-05
7.38225761e-05
6.735477217e-05
7.297568155e-05
7.259720708e-05
7.206164734e-05
7.165146256e-05
7.108681591e-05
7.06472729e-05
7.005765566e-05
6.95912879e-05
6.898066964e-05
7.419765475e-05
6.786231157e-05
7.296290733e-05
7.782706249e-05
6.617835607e-05
7.098715671e-05
6.498022014e-05
6.432129174e-05
6.376182252e-05
8.938964147e-05
8.33715923e-05
7.732964968e-05
6.639318049e-05
7.577708216e-05
7.504822671e-05
6.432504692e-05
6.369005176e-05
7.266725333e-05
8.632011897e-05
6.163730792e-05
7.038750761e-05
6.958364378e-05
6.42644969e-05
8.167343628e-05
6.733997557e-05
6.211897292e-05
6.584610772e-05
7.374834012e-05
6.008328197e-05
7.633420767e-05
7.551460899e-05
7.046791071e-05
7.381174296e-05
8.102813809e-05
6.412739741e-05
6.731317483e-05
7.051096358e-05
7.739657237e-05
6.508728478e-05
6.05145911e-05
7.858579668e-05
7.393294289e-05
6.949945052e-05
6.86530501e-05
6.436339993e-05
7.417613949e-05
8.040409481e-05
7.597244914e-05
7.519877372e-05
6.753212767e-05
6.016726331e-05
7.264681511e-05
6.865561169e-05
6.782666919e-05
7.355795845e-05
6.951392055e-05
6.571257712e-05
7.42019087e-05
7.349465648e-05
7.262101756e-05
7.193896301e-05
7.108980259e-05
7.336672177e-05
7.250759935e-05
7.184677592e-05
7.385350486e-05
7.319048242e-05
7.513226614e-05
7.170969058e-05
7.36216794e-05
6.757407072e-05
7.483361048e-05
7.419057937e-05
7.071285147e-05
6.425218439e-05
7.059585056e-05
7.693739949e-05
7.678498646e-05
7.667016858e-05
7.645721421e-05
5.722747001e-05
7.603308429e-05
7.583996099e-05
7.551610395e-05
6.901043758e-05
6.242539226e-05
7.464036774e-05
7.422098987e-05
7.39139215e-05
7.345298323e-05
6.701791864e-05
7.261219234e-05
7.223603517e-05
7.170467927e-05
7.723841123e-05
7.07367278e-05
7.029984854e-05
6.971474774e-05
8.656398197e-05
7.436561663e-05
7.383738145e-05
7.316230612e-05
6.702552263e-05
7.192117766e-05
6.586132049e-05
7.06488279e-05
7.544957478e-05
6.401685364e-05
7.932570278e-05
7.850249108e-05
7.779413068e-05
8.723119233e-05
6.608380078e-05
6.034064468e-05
5.976071352e-05
7.387947093e-05
9.265752018e-05
7.233488771e-05
6.68312282e-05
7.551656599e-05
7.006805397e-05
6.92694099e-05
7.311383876e-05
6.775567605e-05
8.044559474e-05
7.951077132e-05
6.555248371e-05
7.773982458e-05
7.263465832e-05
8.866322672e-05
7.100458486e-05
7.428508638e-05
8.573539759e-05
8.470717393e-05
5.985645401e-05
7.490441446e-05
6.630351908e-05
6.550133677e-05
6.861671098e-05
7.15499429e-05
7.451964531e-05
6.993304295e-05
7.284149449e-05
7.555284121e-05
7.120685627e-05
7.737425943e-05
7.65776111e-05
7.564632161e-05
7.147247564e-05
7.396678975e-05
6.989407226e-05
7.233547921e-05
6.836131002e-05
6.753603684e-05
6.687375329e-05
7.550833421e-05
6.543084244e-05
7.388363496e-05
7.013019038e-05
7.230915867e-05
7.162995744e-05
7.078402604e-05
7.012904873e-05
7.508288778e-05
6.867559433e-05
6.787790585e-05
7.287424402e-05
7.480668869e-05
6.865287807e-05
7.330158442e-05
6.997158276e-05
7.184606123e-05
7.122887225e-05
6.395678712e-05
7.670974238e-05
7.662149903e-05
6.378810422e-05
7.639456968e-05
6.35670492e-05
7.606926454e-05
6.326357091e-05
7.564830168e-05
6.288029849e-05
7.513515309e-05
7.490458096e-05
7.453397462e-05
7.426552365e-05
6.769539736e-05
7.354433362e-05
7.308707266e-05
6.668441767e-05
7.225230624e-05
7.187843914e-05
7.135123037e-05
7.094601731e-05
7.039007102e-05
7.578547658e-05
6.937518029e-05
7.465725729e-05
7.400569256e-05
7.9132943e-05
7.281052379e-05
7.782108596e-05
6.607170595e-05
7.647185936e-05
6.490496195e-05
6.972857219e-05
7.964410479e-05
7.368915787e-05
6.25081902e-05
6.710670983e-05
7.66111025e-05
7.083708261e-05
7.007258655e-05
6.939964017e-05
7.84435908e-05
6.310712939e-05
6.240480879e-05
8.078324039e-05
7.987338323e-05
6.510138779e-05
8.274960163e-05
6.368732447e-05
7.644660397e-05
7.56372069e-05
6.596454985e-05
6.961223121e-05
6.449686301e-05
6.806014476e-05
7.566286051e-05
7.485097027e-05
7.806884869e-05
6.503649854e-05
6.827365807e-05
7.151491636e-05
6.672885089e-05
5.824929535e-05
5.754534585e-05
7.970673754e-05
7.499104364e-05
7.048854397e-05
6.596753453e-05
8.34076459e-05
7.522879912e-05
7.09014659e-05
7.704304242e-05
6.585209015e-05
6.847543823e-05
7.116693845e-05
7.365095941e-05
6.628150051e-05
6.54789095e-05
7.455233221e-05
7.685472518e-05
7.293009698e-05
6.265506245e-05
7.135641926e-05
7.050274323e-05
7.286669596e-05
7.199996678e-05
7.132359512e-05
7.048086869e-05
7.273816718e-05
7.188525184e-05
7.407923891e-05
7.040195855e-05
6.976992946e-05
7.448392077e-05
6.835670818e-05
7.568738159e-05
7.234834399e-05
6.358566906e-05
7.091953897e-05
6.363248632e-05
6.360070588e-05
7.62333164e-05
6.981151679e-05
6.334008583e-05
6.95701336e-05
7.568523198e-05
7.553318282e-05
7.526739401e-05
6.882023173e-05
7.475802645e-05
7.45288557e-05
7.41612441e-05
6.773655688e-05
7.348175865e-05
6.708022146e-05
7.272478964e-05
7.238642123e-05
7.189596994e-05
7.152436615e-05
7.100124883e-05
7.059847826e-05
7.004679536e-05
7.541641381e-05
6.903890475e-05
6.858085716e-05
6.798390989e-05
7.875240148e-05
7.803611651e-05
8.298140915e-05
7.671725462e-05
7.610898825e-05
6.459854206e-05
8.007686756e-05
6.870125379e-05
6.286650202e-05
6.7401884e-05
6.679476705e-05
7.117302576e-05
6.547361139e-05
6.975073825e-05
6.908139368e-05
6.344463793e-05
6.765193224e-05
6.212196887e-05
8.041761498e-05
7.015913317e-05
7.4066952e-05
7.780263093e-05
7.246012418e-05
7.162964254e-05
7.973050642e-05
5.691636481e-05
7.796762675e-05
6.849392927e-05
7.199596976e-05
8.370177315e-05
6.624311638e-05
7.363767101e-05
6.47532778e-05
7.197610764e-05
6.724897872e-05
6.644047673e-05
6.573070216e-05
5.729754721e-05
7.936362524e-05
6.72022308e-05
7.388004603e-05
5.83868009e-05
6.860706317e-05
6.420644979e-05
6.706874965e-05
7.322761952e-05
7.247363539e-05
6.818399534e-05
7.086400241e-05
7.00042777e-05
7.259959934e-05
7.498077882e-05
6.455258261e-05
7.33395312e-05
7.577756719e-05
6.862767515e-05
7.414235299e-05
7.325520881e-05
7.255672269e-05
7.169340783e-05
7.397900236e-05
7.018029702e-05
6.953079496e-05
7.730431265e-05
6.808859691e-05
7.290438623e-05
7.224989532e-05
6.867030202e-05
7.35081293e-05
7.266967277e-05
6.936857817e-05
6.594851426e-05
6.799758894e-05
7.597374929e-05
7.5935875e-05
7.58490472e-05
6.945970101e-05
6.302127231e-05
7.551280556e-05
7.530505748e-05
6.889110039e-05
6.864944446e-05
7.470067772e-05
7.438466674e-05
6.797714087e-05
7.379222295e-05
7.352701796e-05
7.311763767e-05
7.281613626e-05
7.236608048e-05
7.202975477e-05
7.750505877e-05
7.117376438e-05
7.065468389e-05
7.025432756e-05
6.970685161e-05
7.505092818e-05
6.870587348e-05
6.825053593e-05
8.457253412e-05
6.717900206e-05
6.65695488e-05
7.157528824e-05
7.635431906e-05
7.033886287e-05
7.501083546e-05
6.907441453e-05
6.312058844e-05
7.300256048e-05
7.741094412e-05
6.648571096e-05
6.578501442e-05
7.018600932e-05
7.439124963e-05
6.385419174e-05
8.25892686e-05
5.772441288e-05
7.611283844e-05
7.534614994e-05
8.381351696e-05
8.295222895e-05
6.834350927e-05
7.664623299e-05
7.576939928e-05
7.055796314e-05
8.281907216e-05
7.331206521e-05
8.524232141e-05
6.324778157e-05
7.917006469e-05
7.007673354e-05
8.146464085e-05
6.44725131e-05
7.564656792e-05
6.301987874e-05
7.782892271e-05
8.084751618e-05
7.987262294e-05
6.773438936e-05
6.31974989e-05
6.988612873e-05
6.903879559e-05
7.550568972e-05
7.103712649e-05
7.732832451e-05
7.291681403e-05
6.872953854e-05
8.147402735e-05
7.72839806e-05
7.302732161e-05
7.557818187e-05
7.466351941e-05
7.070732071e-05
6.98540796e-05
6.916882563e-05
6.833726049e-05
7.075232525e-05
7.294498763e-05
7.224937549e-05
7.138944832e-05
7.071866569e-05
6.988227809e-05
7.212029113e-05
7.697537664e-05
7.627370081e-05
7.538546561e-05
7.470870474e-05
6.564148384e-05
7.59046052e-05
7.7717621e-05
7.438410712e-05
7.091757945e-05
7.030886325e-05
7.559238253e-05
6.296230596e-05
6.917957983e-05
6.91114134e-05
7.524678254e-05
6.887351516e-05
6.868462627e-05
7.477846205e-05
7.451697172e-05
7.432848519e-05
6.784709964e-05
6.763955075e-05
7.342685605e-05
7.316324571e-05
7.275710751e-05
7.245741861e-05
7.201089255e-05
7.167658584e-05
7.119373869e-05
7.67287983e-05
7.031148576e-05
6.991351588e-05
6.937019147e-05
6.894366269e-05
6.837603974e-05
6.792338144e-05
7.294652523e-05
6.68590232e-05
8.28175219e-05
7.12365913e-05
7.59948013e-05
7.539348017e-05
7.999287604e-05
6.875191694e-05
6.282738441e-05
7.266403756e-05
7.191688895e-05
6.617950167e-05
7.052077698e-05
6.487458736e-05
5.924214048e-05
9.290128368e-05
6.770719467e-05
7.661843919e-05
6.6299597e-05
7.969620404e-05
6.026182017e-05
6.881871923e-05
7.257637532e-05
7.18179958e-05
6.212316877e-05
7.463757356e-05
6.943654848e-05
6.869729663e-05
6.789640275e-05
7.556655756e-05
6.63801715e-05
6.977281514e-05
7.300144295e-05
7.623058e-05
8.324972429e-05
8.627980724e-05
5.812159564e-05
7.666787994e-05
6.438273727e-05
6.744530309e-05
6.663021176e-05
6.592619936e-05
7.236397237e-05
6.444451118e-05
7.073632245e-05
8.050093397e-05
5.87784194e-05
6.843904375e-05
6.760848932e-05
7.026580207e-05
7.271944649e-05
7.198734121e-05
7.111637114e-05
7.040933357e-05
7.588342226e-05
7.200814765e-05
6.804929341e-05
7.351731935e-05
7.263738281e-05
7.194462113e-05
7.108805533e-05
7.042003274e-05
7.248622866e-05
7.468788379e-05
7.381036776e-05
6.751154905e-05
7.506527341e-05
7.439139062e-05
7.080870354e-05
8.098000179e-05
6.938009777e-05
6.613065191e-05
6.538277363e-05
6.74145837e-05
6.894692324e-05
6.891267682e-05
7.509201472e-05
6.876660117e-05
6.863249527e-05
7.476044881e-05
7.455605245e-05
7.440672938e-05
6.796839873e-05
6.779665122e-05
6.137418713e-05
7.342396054e-05
7.306508941e-05
7.280305524e-05
6.033342944e-05
7.210221796e-05
7.165917428e-05
7.132686326e-05
7.084774226e-05
7.048277232e-05
6.997160562e-05
6.957599488e-05
7.478983158e-05
7.433048226e-05
7.372013753e-05
6.759934839e-05
6.701554587e-05
7.76324244e-05
7.143658523e-05
7.090108471e-05
6.483313139e-05
7.504074745e-05
6.369639944e-05
7.896048085e-05
7.295970702e-05
7.232863969e-05
7.669995519e-05
7.601088465e-05
7.019911518e-05
7.451442348e-05
6.880269153e-05
6.81439292e-05
6.740246545e-05
7.627411735e-05
6.128862587e-05
6.067201753e-05
8.306869392e-05
7.30808703e-05
7.6771855e-05
7.597000438e-05
7.510408731e-05
7.431020839e-05
6.913339088e-05
8.122219713e-05
5.915134054e-05
7.10587231e-05
5.783165124e-05
6.129840133e-05
6.461105238e-05
7.590289235e-05
7.894587116e-05
6.248034222e-05
7.330660205e-05
6.870684405e-05
6.788015118e-05
7.462074881e-05
5.897585644e-05
7.294097165e-05
7.205813552e-05
7.843266567e-05
7.748186067e-05
8.016150628e-05
7.230305147e-05
7.155854396e-05
7.405680057e-05
6.997047327e-05
7.24141564e-05
6.516824403e-05
6.759898845e-05
7.330084061e-05
6.926799688e-05
7.482364112e-05
7.084391321e-05
7.320873781e-05
7.233236141e-05
7.164242693e-05
7.078919649e-05
7.012391135e-05
7.218100986e-05
6.865231083e-05
7.067206633e-05
7.282890061e-05
7.197935302e-05
6.858959314e-05
7.59320898e-05
6.719714882e-05
6.908486265e-05
6.58493364e-05
7.03118099e-05
7.487221568e-05
6.860426922e-05
7.480391366e-05
6.84925424e-05
7.464568641e-05
7.450056208e-05
7.438986453e-05
7.418710965e-05
7.403867428e-05
7.378136527e-05
7.359511695e-05
7.328663308e-05
7.306290642e-05
7.270687007e-05
7.244639391e-05
7.20466093e-05
7.175048286e-05
7.725344797e-05
7.098053682e-05
7.050509259e-05
7.014228337e-05
6.963499557e-05
7.50118602e-05
8.015762252e-05
7.397542142e-05
7.336959765e-05
6.727839229e-05
7.225709756e-05
7.1747134e-05
7.657048487e-05
7.599708697e-05
6.990826873e-05
6.935620707e-05
6.868469697e-05
7.85952373e-05
8.299876397e-05
7.713891838e-05
6.107946876e-05
6.55754676e-05
6.488891909e-05
6.923153462e-05
7.338468979e-05
7.268257469e-05
7.668624792e-05
7.118707165e-05
6.57093136e-05
8.363395196e-05
6.432317475e-05
7.275798532e-05
6.744203454e-05
7.563634506e-05
7.477579362e-05
7.83378025e-05
8.173903184e-05
7.661315879e-05
7.57228629e-05
5.410424641e-05
7.403504454e-05
8.137978681e-05
7.639700997e-05
7.160021987e-05
7.074826836e-05
7.776752946e-05
6.915333302e-05
6.461425645e-05
7.885826536e-05
7.430496743e-05
7.707915656e-05
7.989655249e-05
6.099164201e-05
6.74522618e-05
7.364940729e-05
6.59423326e-05
7.200002862e-05
7.465189524e-05
7.709900964e-05
6.635963489e-05
6.883362716e-05
7.13853235e-05
6.411099822e-05
7.616817957e-05
7.211402027e-05
7.140635638e-05
7.361517729e-05
7.290273592e-05
7.2029891e-05
7.134276077e-05
7.049283998e-05
7.273986453e-05
6.900321662e-05
7.121291153e-05
7.882015834e-05
6.69441999e-05
6.616264905e-05
6.83007229e-05
7.021057164e-05
7.494298549e-05
6.879212953e-05
7.343885265e-05
7.26058557e-05
8.226645015e-05
7.447091369e-05
6.823121769e-05
6.195828704e-05
7.427694194e-05
6.795522676e-05
6.785435806e-05
7.382180031e-05
7.367424244e-05
7.341898153e-05
7.323383307e-05
7.292779045e-05
7.270538581e-05
7.23521461e-05
7.20932101e-05
7.169653861e-05
7.140216283e-05
7.096594526e-05
7.06375573e-05
7.016574137e-05
6.980506828e-05
6.930160866e-05
6.891063605e-05
6.837944384e-05
6.796037221e-05
6.740526982e-05
6.696046954e-05
8.851353558e-05
6.591711798e-05
7.076887893e-05
7.564249967e-05
8.028887009e-05
6.90347282e-05
6.836791057e-05
6.258668573e-05
6.196389138e-05
7.678612248e-05
6.586832001e-05
6.025621536e-05
6.459562112e-05
7.384191352e-05
7.305519572e-05
7.71805274e-05
7.634418578e-05
7.559467524e-05
7.476353831e-05
6.013496721e-05
5.946560552e-05
7.696531223e-05
8.057616554e-05
5.758663818e-05
7.882979031e-05
7.36640182e-05
6.425151411e-05
6.356821929e-05
7.958554712e-05
7.459129287e-05
6.55269781e-05
7.697981179e-05
7.607119813e-05
7.921673333e-05
5.870652189e-05
6.582183847e-05
7.268640237e-05
6.434104591e-05
7.104719525e-05
7.399184746e-05
6.579021166e-05
6.871166961e-05
6.430873707e-05
7.424009559e-05
6.635655335e-05
6.912275319e-05
7.511379869e-05
6.758210868e-05
7.010137927e-05
7.269135368e-05
7.18112022e-05
7.431935098e-05
7.022867046e-05
7.269072002e-05
7.181401542e-05
7.420092214e-05
7.025430706e-05
7.259928147e-05
7.172993973e-05
7.104559106e-05
7.019895449e-05
7.243653908e-05
7.157821898e-05
6.807888415e-05
7.568715709e-05
6.666408625e-05
8.235645698e-05
7.073484668e-05
7.260432834e-05
6.663199758e-05
7.113655392e-05
7.5740837e-05
7.229838676e-05
7.423841917e-05
6.792907819e-05
7.406783709e-05
7.398438221e-05
7.391182272e-05
7.376899678e-05
6.138300799e-05
7.346007103e-05
7.331338064e-05
7.306014016e-05
7.2876079e-05
7.257244479e-05
7.235134709e-05
7.20008666e-05
7.17434532e-05
7.729567453e-05
7.105720837e-05
7.062433625e-05
7.029787641e-05
6.98296412e-05
7.526033673e-05
7.471901537e-05
6.858270608e-05
7.372674148e-05
7.891194743e-05
6.708777656e-05
7.775312688e-05
7.708677808e-05
7.107643785e-05
7.043968471e-05
6.99132626e-05
6.926210619e-05
6.343035305e-05
6.805403291e-05
8.306644716e-05
6.168131088e-05
7.643653893e-05
6.556994347e-05
7.497964626e-05
6.925149821e-05
7.351019026e-05
5.81829178e-05
8.163833215e-05
9.500645207e-05
7.996319044e-05
6.04773449e-05
6.447537566e-05
6.831329506e-05
8.564333101e-05
7.576803461e-05
6.174637611e-05
6.976728642e-05
7.334511923e-05
5.970964618e-05
7.173378592e-05
6.256133397e-05
7.427177481e-05
8.155929171e-05
6.051445901e-05
6.378791872e-05
6.31044358e-05
8.184157932e-05
7.32546659e-05
6.857073595e-05
6.783896761e-05
7.074896111e-05
7.368135537e-05
8.371348143e-05
7.562674393e-05
6.048255047e-05
8.097127939e-05
6.955815687e-05
7.227668867e-05
7.480161272e-05
7.40313339e-05
6.981044567e-05
7.238963463e-05
7.151347484e-05
7.722904519e-05
7.311665975e-05
7.23894527e-05
7.462590924e-05
7.389343347e-05
6.996316902e-05
7.229834278e-05
7.143247625e-05
7.075088673e-05
7.282032215e-05
6.925030355e-05
7.983425332e-05
6.779574809e-05
6.978871417e-05
7.191849924e-05
6.560999991e-05
6.773022105e-05
6.426688627e-05
7.962356625e-05
6.821404313e-05
7.282191761e-05
7.199351096e-05
7.137637167e-05
6.75964421e-05
7.370520449e-05
6.748719739e-05
7.355027553e-05
7.340857556e-05
7.329983233e-05
7.310186943e-05
7.295603665e-05
7.270478946e-05
7.252180326e-05
7.222054523e-05
6.600067801e-05
7.762406344e-05
7.139707357e-05
7.100650485e-05
7.071557093e-05
7.02860003e-05
7.579156735e-05
6.949674557e-05
6.91402726e-05
6.864432081e-05
7.394603927e-05
6.773451924e-05
7.854032736e-05
7.79021369e-05
7.186134981e-05
7.124704905e-05
6.530378786e-05
7.550688808e-05
6.959007705e-05
7.424682858e-05
6.840062901e-05
6.253202225e-05
8.268746989e-05
7.675162005e-05
6.594477416e-05
6.025316121e-05
7.464209027e-05
6.89412857e-05
6.830267182e-05
5.792400405e-05
6.215193407e-05
6.621049334e-05
7.492723105e-05
7.410667054e-05
6.877770124e-05
8.615240541e-05
5.834255802e-05
7.98768381e-05
7.904406022e-05
7.380791005e-05
6.014150426e-05
6.794677762e-05
6.722470562e-05
6.644722403e-05
7.395498244e-05
7.30915466e-05
6.427475402e-05
7.542784093e-05
6.676511797e-05
8.149695497e-05
6.142851764e-05
7.966362032e-05
7.130755663e-05
5.562096339e-05
6.603611241e-05
6.161733108e-05
7.172538903e-05
7.794623095e-05
7.011721553e-05
7.619669453e-05
8.225942019e-05
7.4492011e-05
8.042717033e-05
6.621134948e-05
7.864408353e-05
6.798101485e-05
7.691011928e-05
7.281494747e-05
7.209067228e-05
7.431801632e-05
7.358848275e-05
7.270375724e-05
7.199988869e-05
7.113746974e-05
7.045861722e-05
6.961847401e-05
7.183741462e-05
7.098541266e-05
7.31412038e-05
6.671918432e-05
7.437468718e-05
6.805950324e-05
7.554235273e-05
7.999855806e-05
6.871932423e-05
7.315390718e-05
7.251732083e-05
6.657039594e-05
7.361526283e-05
7.338223403e-05
7.334610546e-05
7.326393704e-05
6.709289419e-05
7.305165911e-05
7.294355251e-05
6.668488215e-05
6.655197936e-05
7.235287875e-05
7.217095537e-05
7.187204188e-05
7.165351383e-05
7.725081244e-05
7.105402254e-05
7.655531538e-05
7.037720291e-05
6.995089058e-05
6.962822198e-05
6.916700888e-05
6.88126007e-05
7.40136912e-05
6.793612111e-05
8.427074688e-05
6.700473517e-05
7.200015232e-05
7.702855689e-05
6.54614882e-05
7.041816498e-05
6.979039943e-05
6.394141451e-05
7.918589911e-05
6.80879277e-05
7.262214077e-05
7.202294309e-05
7.64047651e-05
6.564725694e-05
7.497833916e-05
7.430755999e-05
7.353625713e-05
7.28556054e-05
7.208423053e-05
7.615631907e-05
6.59190586e-05
7.45979093e-05
6.455972786e-05
6.391213758e-05
6.771941149e-05
6.255767111e-05
6.627642237e-05
8.307527625e-05
8.213680589e-05
8.554768645e-05
6.765646185e-05
8.367216375e-05
5.375888393e-05
6.954972097e-05
7.682583356e-05
6.400306815e-05
6.720388637e-05
6.257332484e-05
7.342615214e-05
6.881745568e-05
6.799787329e-05
6.353510332e-05
8.123782719e-05
7.306812365e-05
6.497112747e-05
7.142779775e-05
7.762361881e-05
7.331839685e-05
7.243285343e-05
7.850641671e-05
7.75570053e-05
8.009564141e-05
6.59388223e-05
7.505699638e-05
6.447760495e-05
7.340240759e-05
7.251571496e-05
7.17943481e-05
7.092879302e-05
7.328603869e-05
6.938807242e-05
7.170388857e-05
7.084488988e-05
7.309245051e-05
6.933181897e-05
7.440321576e-05
7.069267651e-05
7.003800307e-05
7.474893781e-05
6.858087068e-05
6.777761117e-05
6.985593765e-05
7.435520538e-05
8.422639726e-05
6.764559153e-05
7.737349452e-05
7.394110181e-05
6.825189539e-05
7.302637995e-05
7.29904886e-05
7.290895062e-05
6.676788214e-05
7.269819657e-05
7.25907194e-05
6.63628578e-05
7.225169839e-05
6.600399512e-05
7.182348581e-05
7.152688582e-05
7.130962095e-05
7.09672004e-05
7.071425235e-05
7.619042897e-05
7.004205759e-05
6.961896117e-05
6.929815641e-05
7.457708525e-05
7.419535497e-05
6.799938386e-05
7.325216068e-05
6.710164626e-05
7.780748968e-05
6.615299226e-05
7.119479021e-05
8.687904776e-05
6.470176606e-05
6.947022484e-05
6.364854251e-05
6.831495293e-05
6.777807248e-05
6.712945717e-05
6.6576084e-05
8.620250186e-05
7.037952085e-05
7.464324896e-05
6.411254626e-05
6.34484725e-05
6.286164322e-05
5.741302856e-05
6.160450594e-05
6.563017821e-05
7.427146977e-05
7.346124464e-05
6.36341927e-05
7.641650183e-05
8.453270102e-05
7.918954525e-05
6.965747445e-05
7.317645536e-05
6.38865675e-05
6.736861639e-05
6.248737134e-05
7.412031832e-05
6.518172127e-05
7.24757953e-05
6.771702376e-05
8.266846139e-05
7.399444056e-05
6.542275189e-05
7.233748245e-05
6.771501644e-05
7.443638111e-05
6.251445306e-05
6.912705377e-05
7.908097134e-05
6.757603241e-05
7.378986318e-05
7.99701553e-05
7.213496891e-05
6.798570998e-05
7.388043305e-05
6.647236206e-05
7.223538231e-05
6.824935162e-05
7.705627991e-05
7.310176727e-05
7.221893176e-05
7.150044999e-05
7.370978997e-05
7.29860705e-05
7.21085792e-05
7.141031226e-05
7.055470685e-05
6.988126298e-05
7.192449465e-05
7.409804439e-05
6.758625106e-05
7.533033335e-05
6.617008511e-05
6.829863259e-05
7.289788816e-05
6.689211696e-05
6.875853708e-05
7.601450077e-05
7.772873517e-05
6.677887189e-05
7.363319408e-05
7.048515401e-05
7.267396052e-05
7.26383035e-05
7.255738766e-05
7.248654956e-05
7.234813804e-05
7.224128322e-05
7.204792215e-05
7.190460467e-05
7.165917939e-05
7.147934604e-05
7.118502905e-05
7.096901326e-05
7.062920898e-05
7.037771616e-05
6.999600406e-05
6.971008916e-05
6.929016701e-05
7.471880581e-05
6.851683415e-05
7.384702746e-05
7.332155857e-05
7.291008188e-05
6.678962405e-05
7.744617545e-05
7.682168626e-05
6.54148856e-05
7.026484925e-05
8.050612312e-05
7.447243411e-05
7.39180647e-05
7.32361168e-05
7.266110349e-05
7.710787251e-05
7.647281833e-05
7.06723509e-05
7.006483524e-05
6.935706455e-05
6.873758759e-05
6.802710223e-05
7.22125754e-05
7.621454219e-05
6.605242246e-05
8.40134812e-05
7.394787478e-05
7.314272937e-05
7.240989125e-05
8.056291776e-05
7.53089842e-05
7.008916901e-05
7.802931899e-05
7.28647625e-05
6.361470381e-05
7.966131168e-05
7.466745366e-05
6.970747502e-05
7.707731593e-05
7.217179382e-05
6.346652906e-05
6.272248717e-05
6.205107934e-05
6.898309604e-05
7.203683723e-05
6.74345031e-05
7.783456354e-05
6.591850956e-05
6.884176446e-05
8.233528331e-05
7.438196064e-05
6.998758211e-05
7.617923352e-05
6.841859475e-05
7.447799723e-05
7.692286693e-05
6.951062659e-05
7.194048768e-05
7.12073962e-05
7.354443419e-05
7.280357961e-05
7.505172307e-05
7.120894828e-05
7.340939492e-05
7.268854792e-05
7.181462953e-05
7.408242721e-05
7.026689132e-05
7.249595793e-05
7.163076342e-05
6.811879955e-05
7.011438821e-05
7.502216554e-05
7.139048684e-05
7.346020467e-05
6.990960581e-05
7.461141997e-05
7.11089733e-05
6.26494587e-05
6.966678722e-05
7.41764379e-05
8.344202496e-05
7.019300669e-05
7.232492625e-05
7.228950072e-05
7.220919886e-05
7.213877886e-05
6.600131502e-05
7.189519514e-05
7.170332756e-05
7.156082985e-05
7.131729416e-05
7.11384884e-05
7.084642448e-05
7.06316439e-05
7.029442176e-05
7.004436802e-05
7.54709926e-05
7.51630237e-05
6.896446389e-05
6.864732496e-05
7.387933487e-05
6.784795871e-05
6.736645291e-05
6.698878446e-05
6.648049021e-05
8.259450147e-05
6.554414181e-05
9.224524633e-05
7.532370436e-05
6.411074269e-05
6.883860863e-05
7.358256983e-05
6.769777878e-05
7.750009186e-05
6.140945072e-05
7.105483133e-05
6.533172418e-05
6.975295119e-05
7.39819744e-05
7.332172199e-05
6.289004281e-05
7.189529827e-05
7.588131915e-05
6.106663699e-05
7.435422544e-05
9.203385914e-05
8.648202003e-05
8.110991941e-05
8.021723753e-05
7.498623671e-05
7.851397899e-05
6.90638551e-05
7.255571368e-05
6.33451441e-05
7.515023774e-05
7.022202964e-05
6.941490388e-05
7.271438399e-05
6.388473954e-05
6.715171998e-05
6.636552149e-05
6.56552878e-05
6.488090492e-05
7.551440076e-05
8.207992742e-05
5.536685435e-05
6.92945752e-05
7.57755382e-05
7.130243064e-05
6.349469251e-05
7.318653587e-05
7.241930344e-05
7.836044176e-05
7.417421207e-05
7.660967065e-05
7.582070126e-05
7.164799102e-05
7.091784575e-05
7.324571334e-05
6.935530105e-05
6.851813342e-05
7.400328394e-05
7.311143837e-05
6.937704776e-05
7.15230667e-05
7.083031298e-05
6.998141444e-05
7.50894016e-05
7.133942157e-05
7.066841411e-05
6.982877755e-05
7.194923071e-05
7.109911283e-05
7.857963965e-05
6.962360463e-05
7.430618693e-05
7.344012516e-05
7.019155179e-05
7.965862415e-05
6.622942442e-05
6.798880081e-05
6.990327116e-05
7.19792286e-05
7.194403177e-05
7.186433588e-05
7.179432925e-05
7.165803817e-05
7.155240727e-05
7.136201356e-05
7.122032655e-05
7.09786557e-05
7.080086618e-05
7.051102594e-05
7.029746691e-05
6.996279339e-05
6.971416283e-05
6.933816507e-05
6.905550394e-05
6.864180843e-05
7.402034482e-05
7.353533305e-05
7.3160093e-05
6.70543854e-05
6.66788496e-05
7.168872189e-05
7.673352135e-05
7.068089175e-05
6.481644739e-05
8.569225514e-05
7.977407707e-05
6.852708799e-05
6.278580569e-05
7.257745888e-05
7.715215387e-05
7.641884664e-05
6.063247303e-05
6.504172021e-05
5.952328411e-05
6.383494995e-05
6.813230355e-05
8.188049738e-05
6.20366907e-05
7.082905991e-05
7.015524152e-05
6.940556954e-05
8.705452181e-05
5.891755494e-05
6.730143877e-05
7.543703827e-05
6.58819798e-05
5.646369441e-05
6.877082343e-05
8.074919013e-05
7.569343104e-05
7.067706492e-05
7.404066274e-05
7.319094183e-05
7.241071069e-05
7.157137807e-05
7.867363853e-05
7.775375945e-05
7.692184892e-05
7.601568628e-05
6.392266824e-05
8.545827786e-05
6.616736993e-05
7.990729318e-05
6.109101426e-05
7.101135874e-05
5.620937906e-05
7.635944056e-05
7.555898521e-05
7.804210718e-05
6.71571773e-05
6.634696906e-05
6.566367859e-05
6.811432396e-05
7.063064057e-05
7.61211228e-05
7.221444322e-05
7.134298104e-05
7.370401854e-05
6.978189531e-05
7.210072087e-05
7.123386175e-05
7.054383215e-05
7.260234148e-05
6.903275736e-05
6.820842244e-05
7.038208458e-05
7.510912306e-05
7.165728325e-05
6.80866419e-05
7.01643141e-05
6.933993398e-05
7.400344113e-05
7.31400832e-05
6.731575678e-05
6.397754329e-05
6.342122824e-05
7.523241459e-05
7.210220046e-05
7.163681994e-05
7.160184909e-05
7.152275129e-05
7.145315337e-05
7.131790174e-05
7.121287264e-05
7.102393354e-05
7.08830483e-05
7.064321798e-05
7.046643352e-05
7.017878809e-05
7.579697361e-05
7.5437136e-05
6.938705636e-05
6.901386079e-05
7.446053307e-05
6.832215804e-05
6.800860466e-05
6.756417222e-05
6.721975019e-05
6.67451958e-05
7.743373103e-05
8.782763827e-05
7.092622654e-05
6.494639647e-05
6.452131563e-05
7.464085147e-05
6.882462067e-05
6.821837413e-05
6.771201749e-05
6.193075956e-05
7.680732606e-05
6.086314476e-05
6.53934859e-05
6.97353779e-05
7.901421652e-05
8.310995541e-05
7.267890159e-05
7.672782422e-05
6.176649717e-05
7.052206757e-05
6.519485433e-05
7.371375991e-05
7.755590195e-05
7.220354311e-05
6.701375862e-05
6.186032286e-05
7.434897029e-05
7.784984175e-05
5.992023439e-05
7.61774979e-05
6.700034181e-05
8.280164694e-05
6.553884174e-05
8.098478592e-05
6.409738957e-05
7.127490093e-05
6.65957764e-05
6.581813635e-05
7.660481778e-05
7.948865603e-05
6.366026795e-05
6.66067364e-05
7.321860731e-05
7.596410358e-05
7.515773174e-05
6.718652094e-05
7.347493654e-05
6.913618525e-05
7.1832059e-05
7.434694211e-05
7.357401616e-05
7.268691671e-05
7.193831954e-05
7.753099153e-05
6.714821808e-05
7.581442749e-05
7.192343615e-05
7.414507873e-05
7.034853199e-05
7.252272299e-05
7.181035828e-05
7.094698619e-05
7.318714519e-05
7.520214382e-05
6.875448265e-05
6.793323868e-05
7.009806595e-05
6.926448042e-05
6.587787276e-05
6.781100224e-05
8.331874279e-05
7.702686152e-05
6.843864139e-05
7.284248293e-05
6.704189547e-05
6.37164099e-05
7.326843833e-05
7.742173782e-05
6.9330917e-05
7.129765358e-05
7.1262906e-05
7.118439858e-05
7.111520478e-05
7.098097908e-05
7.087654515e-05
7.068904175e-05
7.054894949e-05
7.031093584e-05
7.597974089e-05
6.984966647e-05
6.963851047e-05
7.508457241e-05
7.481825563e-05
7.441695734e-05
7.411418908e-05
7.367259351e-05
6.769368104e-05
6.725247813e-05
7.806165301e-05
7.197541485e-05
6.606750477e-05
7.103419197e-05
6.517188278e-05
8.620212494e-05
6.422885936e-05
7.430404691e-05
6.32441793e-05
6.268839628e-05
7.777940616e-05
6.679264689e-05
7.136786246e-05
8.584096258e-05
8.012845775e-05
6.942855033e-05
7.375043488e-05
7.301174316e-05
6.753758639e-05
7.161991043e-05
8.515197282e-05
6.553654326e-05
6.955063434e-05
8.71597058e-05
8.630893615e-05
7.638930661e-05
7.562566437e-05
8.799752177e-05
6.967941809e-05
7.752196876e-05
7.671617681e-05
6.74297404e-05
6.671999961e-05
6.184252791e-05
7.750343551e-05
7.25841982e-05
6.38319203e-05
7.886763324e-05
6.632124234e-05
7.711507765e-05
7.247586972e-05
6.785444845e-05
7.085883822e-05
8.107649213e-05
6.562832791e-05
6.484764869e-05
6.772377276e-05
5.987084355e-05
6.620820613e-05
6.885697092e-05
6.81352322e-05
7.741313477e-05
6.661595089e-05
7.239453867e-05
7.490570962e-05
7.721956354e-05
7.006315293e-05
7.236393557e-05
7.163476504e-05
7.384771221e-05
7.006632864e-05
7.223190643e-05
7.152232499e-05
7.360667916e-05
7.28935072e-05
6.913873407e-05
7.133171084e-05
6.766026642e-05
7.260898357e-05
6.898573821e-05
6.834657588e-05
6.753758536e-05
7.495217555e-05
7.142483555e-05
7.340529056e-05
7.772924429e-05
6.933834011e-05
8.122547142e-05
6.793823019e-05
7.213133684e-05
6.904824033e-05
7.096168366e-05
7.092715671e-05
7.675333476e-05
7.07804379e-05
7.064722486e-05
8.230060949e-05
7.035729329e-05
7.021798537e-05
6.998176495e-05
6.980695779e-05
7.531725224e-05
6.931364336e-05
6.898642059e-05
6.874196673e-05
6.837426877e-05
6.809635581e-05
6.769170611e-05
6.738166058e-05
7.252228395e-05
7.215332387e-05
7.164656691e-05
6.576601701e-05
6.527205104e-05
7.028245445e-05
6.435945517e-05
7.459554942e-05
6.340308707e-05
6.296050729e-05
6.760921643e-05
8.259485914e-05
6.138119166e-05
7.612683567e-05
9.048970965e-05
6.980378797e-05
6.418695302e-05
8.811346558e-05
6.300143482e-05
6.72441043e-05
6.655617531e-05
7.53638276e-05
6.991599781e-05
7.848585151e-05
6.39487045e-05
7.237129441e-05
6.711628569e-05
7.087542819e-05
7.010104977e-05
6.938582977e-05
7.290813227e-05
8.063892195e-05
7.134529704e-05
7.474724286e-05
7.800889174e-05
5.687108143e-05
7.630039335e-05
6.754168099e-05
7.46164357e-05
6.993419555e-05
8.447962087e-05
7.217960464e-05
7.508670409e-05
8.542724618e-05
7.340676692e-05
6.899331414e-05
6.099727297e-05
7.809991398e-05
6.664461771e-05
7.288244401e-05
7.200900293e-05
7.464732191e-05
5.363647664e-05
6.634859591e-05
7.538198077e-05
7.460560029e-05
7.050140849e-05
7.295476121e-05
7.520839172e-05
7.445050631e-05
7.048802467e-05
7.282057082e-05
7.194341291e-05
7.123659309e-05
7.917762552e-05
6.969812739e-05
7.173159626e-05
7.388832732e-05
7.300526905e-05
7.509979841e-05
7.420596895e-05
7.079548549e-05
6.995701905e-05
6.665281251e-05
7.113734013e-05
7.049876146e-05
7.741552414e-05
6.905852703e-05
7.078454483e-05
7.016930847e-05
7.679265198e-05
7.859183927e-05
7.062886522e-05
7.05945563e-05
7.051720701e-05
7.044880801e-05
7.031659459e-05
7.021333152e-05
7.002864413e-05
6.989011204e-05
7.54603003e-05
6.948182725e-05
6.920059819e-05
6.89917932e-05
7.438924013e-05
7.412589073e-05
6.805889786e-05
6.778253342e-05
6.738082329e-05
6.707250331e-05
6.663763872e-05
6.629895095e-05
7.132071024e-05
6.546726833e-05
8.122096829e-05
8.61106844e-05
6.40699449e-05
6.365182907e-05
7.36394749e-05
6.790264936e-05
7.766388353e-05
7.708903229e-05
7.129505735e-05
7.073835275e-05
7.007194931e-05
7.942614896e-05
7.373884775e-05
7.798202679e-05
7.72042001e-05
7.651789919e-05
7.573667468e-05
6.565984494e-05
7.425797616e-05
7.355344991e-05
6.367679995e-05
6.75600105e-05
8.465470215e-05
7.498732597e-05
7.416948813e-05
6.045786696e-05
8.541604312e-05
6.762314792e-05
9.194573487e-05
8.270786855e-05
7.768660007e-05
6.068177414e-05
7.598673326e-05
7.913440558e-05
7.040002615e-05
6.577890912e-05
7.648680284e-05
7.566921245e-05
6.356475838e-05
7.028416917e-05
6.579904515e-05
6.148144226e-05
7.504602048e-05
6.010688603e-05
6.288340835e-05
7.258976669e-05
7.513577925e-05
8.110724e-05
8.01330987e-05
6.938754726e-05
7.508118191e-05
7.753866379e-05
7.0220474e-05
6.950471166e-05
6.866657666e-05
7.10643191e-05
7.326007793e-05
7.253077591e-05
6.867149742e-05
7.09531351e-05
7.01000578e-05
6.942071392e-05
7.144597078e-05
7.076349849e-05
6.712085066e-05
6.648921508e-05
6.569753333e-05
7.322483871e-05
7.235709831e-05
7.435253279e-05
7.347630355e-05
7.281673185e-05
7.967447041e-05
6.623352015e-05
6.546347105e-05
7.238239972e-05
7.154760936e-05
7.338187098e-05
7.029915412e-05
7.026506067e-05
7.603730268e-05
7.012027122e-05
7.5821465e-05
7.571022058e-05
6.970305103e-05
7.53623936e-05
6.933258376e-05
6.91597113e-05
6.888056666e-05
8.011840455e-05
6.835050569e-05
8.513595172e-05
7.339195808e-05
6.747159027e-05
6.707278296e-05
6.676617e-05
6.63344156e-05
6.599759836e-05
6.553643466e-05
6.517122156e-05
6.468415773e-05
6.429255122e-05
6.378302759e-05
6.864778327e-05
6.807508218e-05
6.760079038e-05
7.216552153e-05
6.651529811e-05
7.098150685e-05
7.042774412e-05
7.474897889e-05
6.919464222e-05
7.341863211e-05
7.279118474e-05
6.726218851e-05
7.142649221e-05
8.012520485e-05
7.471859198e-05
6.007755559e-05
6.86630139e-05
6.340719784e-05
6.727436845e-05
6.655142055e-05
8.784962451e-05
7.820388898e-05
6.020526153e-05
8.080775314e-05
5.471552893e-05
7.491717328e-05
7.001117924e-05
7.329501523e-05
6.848995674e-05
7.567564143e-05
6.698907839e-05
8.569385558e-05
5.780387216e-05
7.998531333e-05
6.405804175e-05
6.703190565e-05
8.105299744e-05
7.64565086e-05
7.204003753e-05
6.762634209e-05
7.395185618e-05
7.655002607e-05
6.197094052e-05
7.823760223e-05
7.405167079e-05
7.316287323e-05
6.911128629e-05
7.153134912e-05
7.401253859e-05
7.630011225e-05
7.552234481e-05
7.150313602e-05
7.385998913e-05
7.296975392e-05
7.224327837e-05
7.137328451e-05
7.0671924e-05
7.273148328e-05
7.490762502e-05
7.400911535e-05
7.330208448e-05
7.521114971e-05
6.898454978e-05
6.816281199e-05
7.293362354e-05
7.20688382e-05
7.141142739e-05
7.318291256e-05
6.993576415e-05
6.655620415e-05
7.104286696e-05
7.021599307e-05
7.706364462e-05
6.634484153e-05
7.795871266e-05
7.580354929e-05
8.159506431e-05
6.98624061e-05
6.979478445e-05
7.546990976e-05
6.956241462e-05
6.938047156e-05
6.924346614e-05
6.901248888e-05
7.457728223e-05
6.85634816e-05
7.405339202e-05
7.937641186e-05
6.779651314e-05
6.743680402e-05
7.276044414e-05
7.23315085e-05
6.646262214e-05
6.603393951e-05
7.664880169e-05
7.067780893e-05
6.487784022e-05
6.976034494e-05
6.933841433e-05
7.408178e-05
7.35992536e-05
7.29866853e-05
7.247864974e-05
7.69795481e-05
8.659891367e-05
7.067070223e-05
6.511129049e-05
6.450056135e-05
7.38150416e-05
7.797459793e-05
7.247695595e-05
7.654080753e-05
7.586144554e-05
7.039688706e-05
7.440009969e-05
6.902617678e-05
6.381401017e-05
6.764985969e-05
7.592328249e-05
8.394521551e-05
6.998557506e-05
7.355155373e-05
8.136717184e-05
6.776678817e-05
6.706355595e-05
8.289842377e-05
7.792577438e-05
6.893942044e-05
6.419722458e-05
7.536708645e-05
7.848959315e-05
6.982861142e-05
7.292129999e-05
6.828181443e-05
6.004645569e-05
6.676213843e-05
6.971874633e-05
7.614994285e-05
7.175129974e-05
5.672091056e-05
6.313406513e-05
7.27793214e-05
6.858229313e-05
7.115042321e-05
6.034696023e-05
7.28727257e-05
7.53931418e-05
7.124817546e-05
7.051433263e-05
7.599847497e-05
7.208942497e-05
7.122073579e-05
7.35682295e-05
7.268172188e-05
7.1958051e-05
7.109159551e-05
7.039293316e-05
7.244435805e-05
7.461183128e-05
7.371674942e-05
7.020426711e-05
6.658996775e-05
7.146014354e-05
7.060856288e-05
6.995417049e-05
6.646561644e-05
6.585929335e-05
7.289185527e-05
7.223753612e-05
7.139008451e-05
7.581386207e-05
7.243281167e-05
6.932753419e-05
7.097325375e-05
7.521952308e-05
6.964888147e-05
6.961521148e-05
6.953954479e-05
7.526166423e-05
6.934301496e-05
6.924146106e-05
6.906086407e-05
7.466832725e-05
7.441994739e-05
6.852435702e-05
6.824930251e-05
7.371425757e-05
7.337005801e-05
8.43588936e-05
7.272416925e-05
6.68581846e-05
7.200383149e-05
7.167530707e-05
6.573617328e-05
7.08532908e-05
7.577304563e-05
6.996934585e-05
6.410675999e-05
7.964924414e-05
6.848490325e-05
6.280546524e-05
7.266461143e-05
7.215928773e-05
6.642296532e-05
6.593266227e-05
6.031080648e-05
6.981463882e-05
7.410128865e-05
7.349575282e-05
6.793404085e-05
6.254337132e-05
6.668669717e-05
8.025851354e-05
6.542445471e-05
7.408431107e-05
6.873458173e-05
6.808374742e-05
6.287478494e-05
6.671026973e-05
7.039571639e-05
6.533803322e-05
7.755504532e-05
7.676528249e-05
7.170522141e-05
7.096141986e-05
7.843043917e-05
6.535275765e-05
6.865808602e-05
6.393546555e-05
6.320929467e-05
5.862833366e-05
6.568268136e-05
6.498183849e-05
7.178518631e-05
6.72805667e-05
7.018867462e-05
6.21300188e-05
7.945753173e-05
6.789162388e-05
7.061891792e-05
7.685680489e-05
7.594240182e-05
6.489465441e-05
6.749405881e-05
7.680478912e-05
7.918349498e-05
7.183032653e-05
7.741880179e-05
7.342883138e-05
6.939094546e-05
7.180552336e-05
7.402492952e-05
7.327876581e-05
6.937945668e-05
7.167506702e-05
7.081212124e-05
7.011613639e-05
7.504587053e-05
7.431836439e-05
7.060258108e-05
6.9927953e-05
6.909131574e-05
7.665386782e-05
7.033001646e-05
7.503801649e-05
6.885103703e-05
7.609480411e-05
7.001013595e-05
7.70907641e-05
6.602748975e-05
6.796149955e-05
6.965650191e-05
6.905141298e-05
7.800222913e-05
6.766874215e-05
6.932823569e-05
6.929477375e-05
7.498795837e-05
6.915279268e-05
6.902445193e-05
6.892345559e-05
7.447286999e-05
7.432606621e-05
6.838108489e-05
7.389529063e-05
7.359948874e-05
7.337821516e-05
6.741831545e-05
7.277890506e-05
6.682597968e-05
7.76482529e-05
7.167910998e-05
7.684102086e-05
6.544108043e-05
6.510975652e-05
7.004639461e-05
6.429893112e-05
7.977738689e-05
7.400940462e-05
7.342707134e-05
6.773901727e-05
6.717784129e-05
6.671110436e-05
8.648145635e-05
7.574441e-05
6.505310273e-05
6.951207183e-05
6.886285886e-05
5.854337146e-05
7.247445728e-05
6.706612973e-05
6.640262868e-05
7.991716961e-05
7.910769409e-05
6.916049234e-05
7.757149862e-05
7.23176149e-05
6.261191737e-05
7.528932012e-05
6.572172819e-05
7.374244086e-05
6.865301717e-05
8.494279102e-05
7.981192569e-05
7.067022123e-05
6.16658017e-05
7.728963224e-05
7.240133485e-05
7.163531151e-05
8.656127403e-05
8.174796426e-05
7.311453123e-05
6.09133399e-05
7.149744937e-05
6.701104752e-05
6.254967344e-05
7.644259551e-05
6.834944919e-05
6.762167692e-05
7.737282902e-05
7.307254154e-05
6.876562974e-05
7.144219217e-05
7.058932151e-05
7.650198018e-05
6.24402875e-05
6.829554653e-05
7.390161505e-05
6.360036244e-05
7.226053661e-05
7.463358167e-05
7.373486075e-05
7.299157106e-05
6.910774162e-05
7.139430006e-05
7.05348357e-05
6.984150793e-05
6.900178108e-05
7.402719702e-05
7.032585866e-05
6.686765321e-05
6.882022587e-05
7.362614368e-05
7.544240211e-05
6.940431536e-05
7.121767576e-05
7.056795022e-05
7.231663129e-05
7.166748171e-05
7.588415784e-05
7.019980283e-05
6.938008665e-05
6.877748254e-05
7.526377342e-05
6.980655328e-05
6.901052871e-05
6.897727244e-05
7.464458362e-05
6.883620543e-05
6.87088025e-05
6.860835778e-05
6.843040226e-05
6.829562635e-05
6.806969576e-05
7.355895103e-05
6.762950386e-05
6.742635941e-05
7.27059778e-05
6.68767136e-05
6.652469832e-05
7.729847042e-05
7.135730418e-05
6.556831644e-05
7.60067293e-05
6.481909391e-05
8.046334532e-05
6.40133336e-05
6.883454416e-05
6.841939894e-05
6.788232052e-05
6.744141859e-05
8.746368434e-05
8.174735218e-05
7.597536256e-05
7.541555183e-05
6.477194985e-05
8.404328384e-05
7.34647263e-05
6.315000531e-05
7.697611291e-05
7.155033921e-05
8.028974933e-05
7.489761589e-05
6.950668453e-05
7.346070826e-05
6.815872063e-05
7.651606273e-05
6.680489855e-05
6.615555233e-05
6.98130584e-05
7.343765123e-05
6.837055977e-05
6.344528742e-05
7.111852931e-05
8.280165032e-05
6.960354674e-05
6.48214233e-05
6.810225e-05
6.738194322e-05
7.445633607e-05
7.366474763e-05
6.898867261e-05
7.962842218e-05
7.870801094e-05
8.157560775e-05
6.963047102e-05
7.25131225e-05
6.807864759e-05
6.735386815e-05
8.0570339e-05
6.931815728e-05
7.534434778e-05
7.793817853e-05
7.366027044e-05
7.288843871e-05
7.528937998e-05
6.80278958e-05
7.361249182e-05
6.651910609e-05
6.571924186e-05
6.81467945e-05
7.038676238e-05
7.270661867e-05
7.183110943e-05
7.111572417e-05
7.318720134e-05
7.246773165e-05
7.446028212e-05
7.373830224e-05
7.005129697e-05
7.215707098e-05
7.129330522e-05
6.790585711e-05
8.051476742e-05
7.445051017e-05
7.093840524e-05
7.810133521e-05
6.945982436e-05
8.158378872e-05
6.550710924e-05
6.49286954e-05
7.157392279e-05
7.584561515e-05
6.771057008e-05
6.473467397e-05
6.869572034e-05
6.866266738e-05
7.43043392e-05
7.423271234e-05
6.839602685e-05
6.829612792e-05
7.379609075e-05
7.365087167e-05
7.340789055e-05
6.759291628e-05
6.732380694e-05
6.712175892e-05
6.68108542e-05
7.212360458e-05
6.622612139e-05
7.14552662e-05
7.650286535e-05
6.527553892e-05
6.485877212e-05
6.990859949e-05
6.408568811e-05
7.435197226e-05
7.380302515e-05
6.287856951e-05
7.278383348e-05
6.714642337e-05
6.6592706e-05
8.139184893e-05
8.573262158e-05
6.007162953e-05
6.945423342e-05
8.368218181e-05
7.802723077e-05
7.73911971e-05
8.143950196e-05
7.124670986e-05
7.524764653e-05
6.525903902e-05
7.382926132e-05
6.400872382e-05
6.787439342e-05
7.171514091e-05
7.539830474e-05
8.345007581e-05
6.083466502e-05
6.453120945e-05
8.085737027e-05
8.003512444e-05
8.332796332e-05
8.65878614e-05
6.116602018e-05
6.052404648e-05
6.383782898e-05
7.500587405e-05
7.41576244e-05
7.72309876e-05
8.398275772e-05
6.420385346e-05
6.719574361e-05
7.386492854e-05
6.935468553e-05
7.944867038e-05
7.494787635e-05
8.121199802e-05
7.327485737e-05
7.249785749e-05
7.504883921e-05
7.088190474e-05
7.003700042e-05
7.26033185e-05
7.173478942e-05
7.744266826e-05
7.332562203e-05
6.94150999e-05
6.858078688e-05
7.096707857e-05
7.011309463e-05
7.242388248e-05
7.155197916e-05
7.083931379e-05
6.998672876e-05
7.796098661e-05
7.131817465e-05
6.780152635e-05
7.257002563e-05
6.634743243e-05
7.101575356e-05
7.03470918e-05
7.485413293e-05
6.621445844e-05
6.804423062e-05
7.001661534e-05
7.175041496e-05
6.856684125e-05
7.277882702e-05
6.467387556e-05
7.620883408e-05
7.067309375e-05
7.4669133e-05
7.641964352e-05
7.408241866e-05
7.404682904e-05
6.827739924e-05
7.958025624e-05
7.375992642e-05
6.798672704e-05
7.346229299e-05
7.895768873e-05
6.745534861e-05
6.728803773e-05
6.702086118e-05
7.795654783e-05
6.651121023e-05
7.180035975e-05
7.69185814e-05
7.660827504e-05
7.072228397e-05
6.498536441e-05
8.609531584e-05
6.424548523e-05
6.912014665e-05
7.402462992e-05
6.298234665e-05
7.303707122e-05
6.729024928e-05
7.199661277e-05
7.14042477e-05
6.584453225e-05
7.532033497e-05
6.479748473e-05
6.915663172e-05
6.861990433e-05
7.283900749e-05
7.224574975e-05
6.678397468e-05
7.094564656e-05
6.556476069e-05
7.426855472e-05
8.271074333e-05
9.105939516e-05
6.759242853e-05
5.356323951e-05
7.067010205e-05
7.435798205e-05
6.923996644e-05
7.712001367e-05
7.205084577e-05
7.131848894e-05
6.22423764e-05
6.981079058e-05
7.310298611e-05
7.63546576e-05
7.947687232e-05
8.650047024e-05
6.608642628e-05
6.923035616e-05
7.98464916e-05
6.771033356e-05
6.321129161e-05
7.725117417e-05
6.180938382e-05
7.553833274e-05
6.043359643e-05
7.385872905e-05
7.29877597e-05
6.533637841e-05
6.795967237e-05
7.396718864e-05
7.308616694e-05
6.903312841e-05
7.145583666e-05
7.392729978e-05
7.304097943e-05
6.914562584e-05
7.142014535e-05
7.06919313e-05
6.98415467e-05
7.214333674e-05
7.127500986e-05
7.64454641e-05
6.971585732e-05
6.903038048e-05
6.820039544e-05
6.753897678e-05
7.506923974e-05
7.159787451e-05
6.529878885e-05
7.007422557e-05
6.923746634e-05
6.859555123e-05
6.777948069e-05
7.232728319e-05
7.912818511e-05
7.082907219e-05
7.499407742e-05
7.680971113e-05
7.101255754e-05
7.282347666e-05
7.917373041e-05
7.136164995e-05
6.807464213e-05
7.938232039e-05
7.363307171e-05
6.79036004e-05
7.90754316e-05
6.768011687e-05
7.313150133e-05
7.298783393e-05
7.834436731e-05
6.698589715e-05
7.228068209e-05
7.206413528e-05
7.724994905e-05
7.147999944e-05
7.110668115e-05
6.537238187e-05
6.499291703e-05
8.087219793e-05
6.964396336e-05
6.396247118e-05
7.940401966e-05
6.843586031e-05
7.315860941e-05
7.271861288e-05
6.18443722e-05
6.144379181e-05
6.601767604e-05
8.069003851e-05
6.999723596e-05
6.451977186e-05
7.869893657e-05
7.808866593e-05
6.769478632e-05
7.193986456e-05
6.650251676e-05
8.006673253e-05
6.529015044e-05
6.471322388e-05
7.77905436e-05
7.707878938e-05
8.526287573e-05
6.667745843e-05
7.477822245e-05
5.662848585e-05
7.32667428e-05
7.253821413e-05
5.90948425e-05
7.938532298e-05
7.025627408e-05
5.725912716e-05
7.685408126e-05
6.804295278e-05
6.332721702e-05
7.440643404e-05
6.969536928e-05
6.895503093e-05
6.438155015e-05
6.744225606e-05
7.777648903e-05
6.229010007e-05
6.518805809e-05
7.165871169e-05
7.081996485e-05
7.00663368e-05
7.6164946e-05
7.19321422e-05
7.784948212e-05
7.367940073e-05
7.942086334e-05
7.858878331e-05
7.117904502e-05
7.043916464e-05
6.64317088e-05
7.200906482e-05
7.114434205e-05
7.348060106e-05
7.259696773e-05
6.887058293e-05
7.100017652e-05
7.029288939e-05
6.944707451e-05
6.876417532e-05
7.076811199e-05
7.008172159e-05
7.754916523e-05
6.857837879e-05
6.775681093e-05
6.980346799e-05
6.896961215e-05
6.833013563e-05
6.751678299e-05
6.947382863e-05
7.119299634e-05
7.307372837e-05
6.723180536e-05
6.9106358e-05
7.317430776e-05
7.253909488e-05
6.691441367e-05
6.871268867e-05
6.776829546e-05
6.773583872e-05
6.766335295e-05
6.759832241e-05
6.74745555e-05
7.299094814e-05
7.280367535e-05
8.383935199e-05
7.242299086e-05
8.335807227e-05
7.195833227e-05
7.174293658e-05
6.591991396e-05
7.116248522e-05
6.534625786e-05
7.050670347e-05
6.470627664e-05
6.978041069e-05
6.933819138e-05
7.429559627e-05
6.324566592e-05
8.386116195e-05
7.284060326e-05
7.240291959e-05
7.183983353e-05
7.13749305e-05
7.079032057e-05
6.02577393e-05
7.467650558e-05
6.42444293e-05
7.836458788e-05
7.775741837e-05
7.703878133e-05
7.163655864e-05
8.514439877e-05
7.504116173e-05
7.895022329e-05
6.904684916e-05
6.835418903e-05
6.321391663e-05
7.150450014e-05
7.525689574e-05
5.69491691e-05
6.941156343e-05
7.296846977e-05
6.374406868e-05
6.726359604e-05
6.658051624e-05
6.585739601e-05
7.332284792e-05
6.848886912e-05
7.574380776e-05
6.701714709e-05
6.240866756e-05
7.713231495e-05
7.249754733e-05
7.167189544e-05
6.717629294e-05
6.64035963e-05
7.664440657e-05
7.936243272e-05
8.208511972e-05
7.759812771e-05
7.67724909e-05
7.242026113e-05
7.506461022e-05
6.743278176e-05
7.339384356e-05
6.922453678e-05
6.523744221e-05
7.412731626e-05
7.335679973e-05
7.24782729e-05
7.173167451e-05
7.395199377e-05
7.014798817e-05
7.231796095e-05
7.158871558e-05
7.072745453e-05
7.00228262e-05
6.918035628e-05
6.850001543e-05
6.767640031e-05
6.981242795e-05
6.621519271e-05
7.104727862e-05
7.289575821e-05
7.488362505e-05
6.870382244e-05
6.544881352e-05
6.984288735e-05
6.920557896e-05
6.838475369e-05
6.526087861e-05
6.697098059e-05
7.375531988e-05
7.288958224e-05
7.225692553e-05
7.141411347e-05
7.316487247e-05
6.746469365e-05
6.743243119e-05
7.297382413e-05
7.290375846e-05
7.277063226e-05
6.707511897e-05
7.247877533e-05
6.677227163e-05
7.21005378e-05
6.638968366e-05
7.163884485e-05
6.593038931e-05
7.109720683e-05
8.174743767e-05
7.590116625e-05
7.559578677e-05
6.97906663e-05
7.481846911e-05
7.434548439e-05
7.397116784e-05
7.346561944e-05
8.349676726e-05
6.734496764e-05
6.694067296e-05
6.642125755e-05
6.599180545e-05
6.545249186e-05
7.000019907e-05
7.435870085e-05
6.397142685e-05
8.291013486e-05
8.710759035e-05
7.671483997e-05
6.658007957e-05
6.123618297e-05
7.472803393e-05
7.39974556e-05
7.792856249e-05
7.261014641e-05
6.295334916e-05
8.901388925e-05
7.494855283e-05
7.85310948e-05
6.912885079e-05
6.412289599e-05
6.771833433e-05
6.699243329e-05
6.631241092e-05
6.559337398e-05
7.302918928e-05
7.624113902e-05
5.955950006e-05
7.067779715e-05
6.604634156e-05
7.298636722e-05
7.981271476e-05
7.1390173e-05
6.319506263e-05
6.614368132e-05
7.270912682e-05
6.827304896e-05
6.754519312e-05
6.324271765e-05
6.952213195e-05
6.526935042e-05
6.1178732e-05
7.724824661e-05
7.643369545e-05
7.552530624e-05
6.498618212e-05
7.063184536e-05
7.625200585e-05
7.220015846e-05
7.456321367e-05
7.366860198e-05
6.987914362e-05
7.204109054e-05
7.13145906e-05
7.045681965e-05
6.975483022e-05
7.465865216e-05
6.823787733e-05
7.022646943e-05
6.954519594e-05
7.14584318e-05
7.077514411e-05
7.261631957e-05
6.926818171e-05
6.58077629e-05
7.562912112e-05
6.957427452e-05
7.659932537e-05
6.812116582e-05
6.250897526e-05
6.424135056e-05
7.347033283e-05
7.744753483e-05
7.437617433e-05
7.113638933e-05
7.05294952e-05
7.835776664e-05
7.832035124e-05
7.264860736e-05
7.257892176e-05
6.687391248e-05
7.234137956e-05
7.215676228e-05
7.201536269e-05
8.282416542e-05
7.160350088e-05
8.229482523e-05
7.110905302e-05
8.167379812e-05
8.681334724e-05
6.477255663e-05
6.451218165e-05
6.414051462e-05
6.917084887e-05
6.873463225e-05
6.838887758e-05
7.314740932e-05
6.754761456e-05
6.705475525e-05
7.690680572e-05
6.613655992e-05
7.076389262e-05
6.517351325e-05
6.970226027e-05
7.897982897e-05
7.840090435e-05
7.284782014e-05
6.746537272e-05
7.63936115e-05
8.050922932e-05
7.505394238e-05
7.441750848e-05
6.908566124e-05
7.760670996e-05
7.231163269e-05
7.165133827e-05
7.535262794e-05
7.90334749e-05
7.386698953e-05
6.454540478e-05
7.237915058e-05
8.009119444e-05
7.506387908e-05
6.604645614e-05
7.758110926e-05
8.081985939e-05
6.394805868e-05
7.118777761e-05
8.213156849e-05
5.804607333e-05
6.122047253e-05
7.192770866e-05
7.859598892e-05
7.035342219e-05
5.49048276e-05
6.880451576e-05
7.874597891e-05
6.728299112e-05
6.299796723e-05
6.925318738e-05
7.528349648e-05
6.432850964e-05
7.025969816e-05
6.951889494e-05
7.196439504e-05
7.121053506e-05
6.716314353e-05
7.279503739e-05
6.566989457e-05
6.808833199e-05
7.032956662e-05
7.263897592e-05
7.176633205e-05
7.104255695e-05
7.311275835e-05
7.238424772e-05
7.151356157e-05
7.081014365e-05
6.99587455e-05
6.928000198e-05
6.571000056e-05
7.592855457e-05
7.233901516e-05
6.900360543e-05
7.080058559e-05
7.014399687e-05
6.674076733e-05
7.121877417e-05
7.037292074e-05
7.223199717e-05
6.891666497e-05
6.830837035e-05
6.750494537e-05
7.886903381e-05
7.086081691e-05
6.557264597e-05
6.686557837e-05
6.683369801e-05
6.676271674e-05
7.225696695e-05
6.657758329e-05
6.648084148e-05
6.631162883e-05
6.618178965e-05
7.696141353e-05
7.677132148e-05
7.100830604e-05
7.079629327e-05
7.04734581e-05
7.562869434e-05
7.523771159e-05
6.42304569e-05
7.450488212e-05
6.887004419e-05
7.896551066e-05
6.80928277e-05
7.803422562e-05
8.277739627e-05
6.676703337e-05
7.147207451e-05
7.092000725e-05
7.046228027e-05
7.488104161e-05
6.444921501e-05
7.37311379e-05
7.319114298e-05
8.705066948e-05
7.198155505e-05
7.13203706e-05
8.017403374e-05
6.072858592e-05
6.9477706e-05
7.338781013e-05
6.819485741e-05
7.651653613e-05
6.243860587e-05
7.063149792e-05
6.996648043e-05
6.491308272e-05
5.999899376e-05
7.63285196e-05
6.717429261e-05
6.645661425e-05
7.400545439e-05
6.913860708e-05
7.244887253e-05
7.165695443e-05
7.090639727e-05
7.012137631e-05
6.938132761e-05
6.47919248e-05
7.918783389e-05
7.083332055e-05
7.007922265e-05
7.656822608e-05
7.93591532e-05
7.487581441e-05
7.407785027e-05
7.670068253e-05
7.933426296e-05
7.84030234e-05
7.419949528e-05
7.332334724e-05
6.925255921e-05
5.539628656e-05
7.738730867e-05
7.32790401e-05
6.621151208e-05
7.165028393e-05
7.09121797e-05
7.310828475e-05
7.236270224e-05
7.14936614e-05
7.077259079e-05
6.992171612e-05
7.210931841e-05
7.694139808e-05
7.05412233e-05
6.96930551e-05
7.177749576e-05
7.091530798e-05
7.293850797e-05
6.939479021e-05
6.874104261e-05
6.791860416e-05
7.76408072e-05
6.137173332e-05
7.601457409e-05
7.511115491e-05
7.691817584e-05
7.110425039e-05
7.290691513e-05
7.20485469e-05
7.142343686e-05
6.11757218e-05
7.465111918e-05
7.211749283e-05
6.653830092e-05
7.754577731e-05
7.193785587e-05
6.628386868e-05
6.618763424e-05
7.152124454e-05
6.589044775e-05
6.56770889e-05
6.551500118e-05
6.525893605e-05
7.048627269e-05
6.476831077e-05
6.992014382e-05
7.491031479e-05
7.993897755e-05
6.888327373e-05
6.329708714e-05
6.81414899e-05
8.344532914e-05
6.733924587e-05
7.211954677e-05
7.15957524e-05
8.641717944e-05
7.06186106e-05
7.016322808e-05
6.959360184e-05
8.886076339e-05
6.852655792e-05
6.802510132e-05
8.668701866e-05
6.212380028e-05
8.04941054e-05
7.514505197e-05
7.443437544e-05
7.841689442e-05
7.308673896e-05
8.602631707e-05
8.068714726e-05
6.662611929e-05
7.03452151e-05
7.403850014e-05
6.465153476e-05
6.829436388e-05
6.335230078e-05
7.52687288e-05
7.032890025e-05
7.371100747e-05
7.696645698e-05
7.617116787e-05
7.13745859e-05
7.455096771e-05
6.984643838e-05
8.062776611e-05
7.972475374e-05
6.38544678e-05
7.05581393e-05
8.08293341e-05
7.264000325e-05
7.18657373e-05
6.3931932e-05
6.676464707e-05
6.946011764e-05
7.559364204e-05
6.79155555e-05
6.383614642e-05
7.636360657e-05
7.22734115e-05
7.141632398e-05
6.745607596e-05
7.300057932e-05
7.538276197e-05
6.827506364e-05
7.064315999e-05
6.97966724e-05
7.208852214e-05
7.419068218e-05
7.050466864e-05
7.255958419e-05
7.758338723e-05
7.381146557e-05
7.308531134e-05
6.942937515e-05
6.875563567e-05
7.336401616e-05
6.997110689e-05
7.179071192e-05
7.374819884e-05
7.02631781e-05
6.961148513e-05
7.132812453e-05
6.815298031e-05
5.985995981e-05
6.920975705e-05
7.327512177e-05
7.020748657e-05
7.416491488e-05
7.114986398e-05
7.031602801e-05
7.204040856e-05
8.284626278e-05
7.176596221e-05
6.61754954e-05
6.611220093e-05
7.699152323e-05
7.13884188e-05
6.573015253e-05
7.106846463e-05
6.538978768e-05
7.609996298e-05
7.038876993e-05
8.097571785e-05
7.523444784e-05
8.032650773e-05
6.393064712e-05
6.367432525e-05
8.441357574e-05
6.302419923e-05
7.828700896e-05
6.75083514e-05
7.220910641e-05
7.181152558e-05
7.129115971e-05
9.111175097e-05
7.534260523e-05
6.986670361e-05
6.930071764e-05
6.390750718e-05
6.823980721e-05
7.257949771e-05
6.714275048e-05
6.662465165e-05
5.658440012e-05
7.483477349e-05
6.949538632e-05
6.890739918e-05
6.368961198e-05
6.763844873e-05
7.143063906e-05
7.077967085e-05
7.006124363e-05
6.940239119e-05
7.297769746e-05
6.376936944e-05
7.151280646e-05
7.080385543e-05
8.653220412e-05
7.749772177e-05
7.666276871e-05
7.986411767e-05
6.714474324e-05
7.425860507e-05
6.18432427e-05
6.883982145e-05
6.428821357e-05
7.483110649e-05
6.288665759e-05
7.319703797e-05
5.788804871e-05
6.800949174e-05
6.722463212e-05
6.650845853e-05
7.611382997e-05
7.530456486e-05
6.427373149e-05
6.359278041e-05
5.953555723e-05
7.199862833e-05
7.437928925e-05
6.400020254e-05
7.588614974e-05
7.509740136e-05
7.110872176e-05
7.343600736e-05
7.255642664e-05
7.181641192e-05
7.095448918e-05
7.609199799e-05
7.517756926e-05
7.156567796e-05
7.353332656e-05
7.00094642e-05
7.470109756e-05
6.849641791e-05
6.767344035e-05
6.970713882e-05
7.151966548e-05
8.134145574e-05
6.22200197e-05
6.677979609e-05
7.867130818e-05
7.292406027e-05
7.205622021e-05
7.633422557e-05
6.56966351e-05
7.476380873e-05
7.388184212e-05
7.087837884e-05
7.238165494e-05
7.40796619e-05
6.598659467e-05
7.145154447e-05
6.588574151e-05
7.130801549e-05
6.570414599e-05
8.201113861e-05
6.544322184e-05
7.075834128e-05
7.595582059e-05
7.57686678e-05
6.469203534e-05
6.98743064e-05
6.955808944e-05
6.931509879e-05
6.895942434e-05
6.339985525e-05
7.354452123e-05
7.844206772e-05
6.236168949e-05
6.204910137e-05
6.676583215e-05
8.172128492e-05
7.098914772e-05
8.064555469e-05
8.002678608e-05
6.957267494e-05
6.90102883e-05
6.364005384e-05
7.280940677e-05
7.70959922e-05
8.596875633e-05
7.108826606e-05
7.513515609e-05
8.850086807e-05
7.843901336e-05
7.320079193e-05
7.702269384e-05
7.185454442e-05
5.780265206e-05
6.608794592e-05
6.977955563e-05
7.344397774e-05
7.268600609e-05
6.351482126e-05
5.865885986e-05
7.052282683e-05
6.156446824e-05
7.312908727e-05
7.636146756e-05
6.364043246e-05
7.475072127e-05
6.618236587e-05
7.315314577e-05
6.476265771e-05
7.157331694e-05
8.199572454e-05
6.632918687e-05
8.02065579e-05
7.929049474e-05
6.774855089e-05
7.401675455e-05
7.322835787e-05
7.237722398e-05
7.160779517e-05
6.402955472e-05
7.668837093e-05
7.249001695e-05
7.17259267e-05
7.08765379e-05
7.332211952e-05
7.559995699e-05
6.857967697e-05
7.084099912e-05
7.011119794e-05
6.927179303e-05
7.154634822e-05
7.068794125e-05
6.997486422e-05
6.913412914e-05
7.414879692e-05
7.325727588e-05
7.253644296e-05
6.890795602e-05
7.096871327e-05
7.011592791e-05
7.478708991e-05
7.125065803e-05
6.273711475e-05
6.715113164e-05
7.420455319e-05
7.078982593e-05
7.51539974e-05
7.425903335e-05
6.623323212e-05
7.756748281e-05
6.727261964e-05
7.360092201e-05
7.296258954e-05
6.51275819e-05
7.379720164e-05
7.117360589e-05
7.113986973e-05
6.559851398e-05
7.645853721e-05
7.086957671e-05
7.076693847e-05
6.515878533e-05
6.503161178e-05
7.022454892e-05
7.005165574e-05
6.441226248e-05
7.492400556e-05
6.925822802e-05
6.370752565e-05
7.394500009e-05
7.890967665e-05
6.79991735e-05
6.248542194e-05
6.209605426e-05
7.208257908e-05
6.136871248e-05
7.628926036e-05
7.068968377e-05
8.030577381e-05
7.471028327e-05
7.917841222e-05
7.853975212e-05
6.824981667e-05
6.767344551e-05
7.197799055e-05
6.183238405e-05
7.079540974e-05
7.950368121e-05
6.958297549e-05
6.892872171e-05
8.657207986e-05
7.671055233e-05
6.261830974e-05
8.414047861e-05
7.021024687e-05
6.950012367e-05
6.884732489e-05
8.517251438e-05
7.591475659e-05
8.34666758e-05
7.850802266e-05
6.541028485e-05
6.879480586e-05
6.405265305e-05
7.527744548e-05
7.05406766e-05
6.204690991e-05
7.670490023e-05
6.451188571e-05
7.129724731e-05
7.054154792e-05
6.607447242e-05
7.263523161e-05
7.898725973e-05
7.459377368e-05
7.373476507e-05
6.600193477e-05
6.866899044e-05
7.133603869e-05
7.385889348e-05
6.975489652e-05
6.893386844e-05
6.820731563e-05
7.060969324e-05
6.987018263e-05
7.53159148e-05
7.142756645e-05
7.057528486e-05
7.28850887e-05
7.201283752e-05
7.127830805e-05
7.042338846e-05
6.971293672e-05
7.174534185e-05
7.10301733e-05
7.57903397e-05
7.226508869e-05
6.865017239e-05
6.798380221e-05
7.522680063e-05
7.184609955e-05
7.624171601e-05
7.812746898e-05
6.947219152e-05
7.137688114e-05
7.052371199e-05
7.98628825e-05
7.397927316e-05
7.331523388e-05
7.727451684e-05
6.941209162e-05
6.859167008e-05
7.268629611e-05
7.414866364e-05
6.662467903e-05
7.086444362e-05
6.538237132e-05
7.075659489e-05
7.068910831e-05
7.599022196e-05
6.504022015e-05
6.487681062e-05
7.554200133e-05
7.529989843e-05
6.438399114e-05
7.482404891e-05
8.525892296e-05
6.896094089e-05
7.400662261e-05
7.362873345e-05
6.809611602e-05
7.291791784e-05
6.740442908e-05
8.244356322e-05
6.152327173e-05
7.638704025e-05
7.090304893e-05
8.044884086e-05
5.997663306e-05
7.935795818e-05
7.391997859e-05
7.332500552e-05
8.738557918e-05
7.220761663e-05
7.168096031e-05
7.105191566e-05
7.990561729e-05
7.91789339e-05
7.391912384e-05
7.322543014e-05
6.353132847e-05
7.640093058e-05
7.127536436e-05
7.49815322e-05
6.118783728e-05
6.922292075e-05
5.142983097e-05
7.210956322e-05
6.721255796e-05
6.235319691e-05
6.996740952e-05
6.922594484e-05
6.046356931e-05
7.576591492e-05
7.893071616e-05
6.636329692e-05
7.339511568e-05
6.494747411e-05
7.938376552e-05
7.476136757e-05
7.02707024e-05
7.679199123e-05
6.873967258e-05
7.868633525e-05
8.492542808e-05
6.296135664e-05
6.575155516e-05
6.840927097e-05
7.106633708e-05
7.358041841e-05
7.611025637e-05
7.848535367e-05
7.765818997e-05
7.354234353e-05
7.277215087e-05
7.503399901e-05
7.116021436e-05
7.031155647e-05
6.656165775e-05
7.174408596e-05
7.397111328e-05
7.600754252e-05
6.945296279e-05
7.719621146e-05
6.793479844e-05
7.271134609e-05
7.476482467e-05
6.839431029e-05
7.043957531e-05
7.226959701e-05
6.627601039e-05
7.595708861e-05
7.52412149e-05
7.177589698e-05
6.603071208e-05
7.778740467e-05
6.96182889e-05
6.878817211e-05
7.304006873e-05
6.976652848e-05
7.630449642e-05
8.011435602e-05
6.774033974e-05
7.386794684e-05
7.323869423e-05
7.598549064e-05
6.509963718e-05
7.587009143e-05
6.496953794e-05
6.485332934e-05
7.01561855e-05
8.612968784e-05
7.521661636e-05
7.497616728e-05
7.479186632e-05
6.918157361e-05
9.019941739e-05
6.338418003e-05
7.369052219e-05
6.807836349e-05
7.30222049e-05
7.260860319e-05
7.228174136e-05
7.183343465e-05
8.168491318e-05
7.099485194e-05
7.060530993e-05
6.509125267e-05
6.470321794e-05
7.408848666e-05
7.361277061e-05
8.275773002e-05
6.285095881e-05
7.191043668e-05
7.138637149e-05
8.491340625e-05
7.489800179e-05
7.885682879e-05
6.901768727e-05
6.83712235e-05
7.231404799e-05
7.161769242e-05
7.986291932e-05
7.46818924e-05
8.27092703e-05
6.89479203e-05
7.683870011e-05
7.182475689e-05
7.113165544e-05
6.624888054e-05
6.149379594e-05
8.518043511e-05
6.825805337e-05
7.149941874e-05
7.076197076e-05
7.777275443e-05
8.080770293e-05
6.850346694e-05
7.154743172e-05
7.447520865e-05
7.737055284e-05
7.285651961e-05
7.208198359e-05
7.126154089e-05
6.345246871e-05
7.666181109e-05
6.89505979e-05
6.474393328e-05
7.417003222e-05
7.663603697e-05
7.912117085e-05
7.167541564e-05
6.769643728e-05
7.326753161e-05
6.934806412e-05
7.475418584e-05
7.397724125e-05
7.004979175e-05
7.23423745e-05
7.147733291e-05
7.369604999e-05
6.990017934e-05
7.207804234e-05
7.406109429e-05
7.33227281e-05
6.686900415e-05
7.448721124e-05
7.35915762e-05
6.747880217e-05
6.666766221e-05
6.602969904e-05
7.045564202e-05
6.462181723e-05
7.150856465e-05
7.084510247e-05
7.249735023e-05
6.688141931e-05
6.60834263e-05
7.519252673e-05
7.669517417e-05
7.364292196e-05
7.277083478e-05
7.213993963e-05
7.128968042e-05
7.524267993e-05
7.025410727e-05
6.481933778e-05
7.014763529e-05
7.008085212e-05
8.609946582e-05
6.985474535e-05
6.968012983e-05
7.489402246e-05
6.932269295e-05
6.915242163e-05
7.418515664e-05
7.924812519e-05
7.889302845e-05
6.813588838e-05
7.300424749e-05
6.232523641e-05
7.746632319e-05
7.197669422e-05
7.153131438e-05
6.609013601e-05
7.069764245e-05
7.031006103e-05
6.48201002e-05
6.939047128e-05
6.886269e-05
8.308251961e-05
6.302447597e-05
6.25922578e-05
6.684131334e-05
8.057342e-05
7.047279783e-05
6.52690654e-05
6.929764742e-05
7.33210384e-05
7.263556541e-05
7.6524673e-05
5.795638991e-05
6.186726573e-05
6.563350402e-05
6.937308493e-05
6.438290268e-05
7.228312397e-05
6.733382726e-05
7.085218153e-05
6.598972787e-05
6.942067246e-05
7.2727771e-05
7.599195945e-05
7.122275998e-05
6.657240451e-05
7.74733648e-05
7.283052669e-05
7.203221541e-05
7.502480974e-05
7.4191232e-05
6.606492945e-05
5.443494426e-05
7.539893348e-05
7.454170787e-05
6.672450855e-05
7.290154284e-05
6.869100204e-05
7.129046571e-05
7.725043508e-05
7.634925361e-05
7.225641052e-05
6.167048944e-05
7.386708179e-05
7.299476587e-05
7.223037112e-05
7.447645184e-05
7.370240321e-05
6.67556224e-05
7.207403701e-05
7.121255615e-05
7.342302478e-05
6.964147937e-05
6.893878884e-05
7.094917108e-05
7.024177587e-05
6.662168575e-05
7.146307213e-05
7.060379604e-05
7.260743361e-05
6.907770654e-05
7.631084561e-05
6.759476596e-05
6.953289138e-05
6.869881572e-05
8.066534119e-05
7.471847234e-05
7.156854118e-05
6.583724884e-05
6.766282949e-05
7.879652165e-05
7.336793214e-05
6.782097564e-05
6.723306672e-05
7.102181555e-05
7.041705901e-05
6.995286469e-05
6.991989528e-05
6.984706936e-05
8.051611452e-05
6.965644294e-05
6.955588451e-05
7.471956539e-05
6.924745645e-05
7.964676915e-05
6.356103267e-05
6.859337136e-05
7.365065392e-05
7.855868985e-05
6.784732832e-05
6.75033916e-05
7.240595805e-05
6.171238307e-05
6.655462452e-05
8.140768551e-05
7.08761992e-05
7.543169039e-05
6.501603747e-05
8.441310438e-05
6.910295652e-05
5.878156381e-05
8.274007887e-05
6.276577045e-05
6.713072987e-05
8.083313608e-05
6.608410546e-05
7.018676468e-05
6.96477224e-05
7.361921616e-05
7.302561042e-05
7.686569388e-05
5.828446421e-05
8.436769207e-05
7.482538507e-05
7.844796034e-05
7.773575607e-05
8.123025192e-05
7.199862184e-05
7.545371359e-05
6.227196627e-05
6.573259481e-05
8.135352433e-05
6.439639271e-05
7.569780139e-05
5.518195975e-05
7.021699256e-05
6.945864423e-05
6.873297823e-05
7.553403144e-05
8.22126051e-05
5.91275302e-05
7.312684498e-05
6.869015273e-05
7.153709982e-05
7.072469438e-05
7.347050812e-05
6.571102149e-05
7.869835662e-05
6.425967962e-05
7.026933102e-05
6.945029483e-05
6.871496256e-05
7.11424436e-05
7.679217722e-05
7.58859376e-05
7.196249514e-05
7.110907502e-05
6.731046643e-05
6.953206629e-05
7.180768284e-05
7.094973379e-05
7.315201509e-05
7.805777314e-05
6.868454624e-05
7.351520086e-05
7.27821657e-05
6.637619005e-05
6.846122566e-05
7.304908405e-05
7.233974929e-05
7.411700971e-05
7.340763165e-05
6.734521446e-05
7.440769574e-05
7.097982994e-05
7.785560212e-05
6.947896742e-05
7.37622022e-05
6.559289872e-05
6.741170636e-05
7.13666754e-05
6.602127981e-05
7.921755177e-05
7.160173541e-05
7.303840629e-05
7.467962485e-05
6.429617951e-05
8.568789127e-05
6.954906814e-05
7.482781848e-05
7.469497677e-05
6.925957002e-05
6.908730988e-05
7.425706543e-05
6.873421534e-05
8.438849133e-05
6.830300516e-05
7.333905018e-05
7.30120282e-05
7.275821765e-05
6.204879913e-05
6.180147317e-05
7.169620656e-05
7.137425955e-05
7.093463428e-05
7.562237929e-05
6.51027249e-05
7.470740315e-05
6.428451656e-05
8.356448906e-05
7.317495897e-05
7.755336415e-05
7.693437555e-05
7.640762171e-05
6.156227551e-05
7.991921707e-05
6.058263816e-05
7.399103075e-05
7.332333928e-05
6.364098439e-05
7.205512801e-05
6.251746436e-05
7.076427348e-05
7.014457057e-05
6.945616165e-05
6.882598063e-05
7.239436658e-05
6.32791328e-05
6.680816789e-05
8.684089309e-05
6.956979895e-05
7.698622712e-05
6.414781191e-05
6.746844746e-05
7.852868458e-05
7.383361923e-05
8.072552019e-05
7.988240571e-05
6.772219044e-05
6.700934474e-05
6.258526744e-05
6.920780405e-05
7.203299073e-05
7.126773548e-05
7.045929299e-05
6.622400937e-05
7.235644495e-05
7.158651222e-05
7.412872112e-05
7.000762015e-05
7.578207817e-05
6.8459806e-05
7.087891893e-05
7.65077826e-05
7.245528218e-05
7.481384215e-05
7.084683231e-05
7.011052467e-05
7.228806554e-05
7.154329007e-05
7.068884429e-05
6.996767872e-05
7.489059706e-05
7.128351251e-05
7.042813543e-05
6.972582928e-05
7.439905909e-05
7.366660453e-05
7.00852401e-05
6.673521434e-05
7.120735025e-05
6.791369388e-05
6.451682578e-05
6.646491602e-05
6.566707075e-05
7.256434625e-05
6.922259998e-05
6.61410057e-05
6.777073922e-05
6.956109895e-05
7.110212529e-05
6.81257409e-05
7.428052909e-05
6.903448411e-05
7.276601768e-05
6.538291282e-05
6.935806381e-05
7.999092186e-05
7.458079888e-05
8.515427032e-05
6.906531855e-05
8.488094705e-05
6.879466654e-05
6.337939936e-05
7.370860794e-05
7.352797995e-05
6.801508693e-05
6.781363831e-05
6.231875402e-05
7.245266974e-05
6.69380505e-05
6.667145214e-05
7.649694505e-05
6.599989331e-05
7.064001165e-05
6.526745286e-05
5.984636525e-05
7.935879589e-05
7.386926548e-05
7.343037432e-05
7.773379784e-05
6.275451517e-05
6.704350068e-05
6.658483674e-05
7.546216785e-05
7.023183818e-05
6.962160795e-05
6.448187264e-05
6.84654667e-05
7.244183947e-05
6.279732744e-05
7.116461075e-05
7.488957135e-05
6.550074026e-05
7.350690471e-05
7.284038002e-05
7.635310483e-05
7.143628381e-05
5.822985352e-05
7.414600533e-05
6.114777544e-05
6.861640237e-05
8.786407144e-05
7.906975236e-05
5.475981955e-05
6.968034458e-05
7.275942478e-05
7.578920417e-05
7.496190013e-05
7.04644182e-05
7.701975628e-05
7.257587857e-05
7.176260277e-05
7.455041164e-05
6.668608223e-05
7.29214665e-05
7.551965295e-05
7.132000246e-05
7.385355554e-05
6.974785148e-05
6.2370919e-05
7.470239806e-05
7.061733933e-05
7.304942473e-05
7.218851971e-05
7.143266001e-05
7.058651674e-05
7.289000686e-05
7.202289133e-05
7.128083713e-05
7.042986639e-05
7.552059176e-05
7.461647121e-05
6.818164563e-05
7.85909341e-05
7.502834294e-05
7.412691007e-05
6.796025205e-05
7.520025489e-05
7.181025861e-05
7.882961096e-05
7.286999279e-05
7.456524483e-05
6.876825586e-05
7.045885678e-05
6.7311933e-05
6.89681175e-05
7.566047238e-05
6.510959972e-05
6.213536734e-05
6.611689398e-05
7.255514824e-05
7.400541548e-05
7.565676054e-05
7.249565321e-05
7.187872395e-05
7.437708973e-05
7.43421807e-05
7.42652935e-05
6.889521149e-05
6.87735028e-05
6.867445102e-05
7.377406824e-05
7.363085138e-05
6.815564475e-05
7.321865467e-05
6.251961769e-05
7.791823543e-05
8.274396078e-05
7.214967741e-05
7.178652513e-05
8.171525289e-05
7.617918788e-05
9.100520455e-05
6.532298154e-05
6.499775774e-05
6.953327911e-05
7.409287706e-05
6.866215035e-05
7.800517975e-05
7.257835403e-05
6.730663636e-05
6.677164546e-05
6.157840558e-05
7.985522152e-05
7.927555197e-05
7.858808616e-05
7.339848887e-05
7.72848299e-05
5.862467007e-05
9.382261051e-05
6.645275469e-05
7.020653803e-05
7.394205561e-05
6.460492247e-05
6.828743819e-05
8.02810021e-05
7.115839605e-05
8.700648121e-05
7.38591956e-05
6.497307992e-05
7.237316929e-05
7.161340904e-05
6.695211487e-05
7.01372086e-05
6.941508496e-05
7.629850702e-05
6.417680051e-05
7.467907241e-05
7.01987685e-05
8.038432194e-05
6.868832223e-05
6.791952526e-05
6.719829451e-05
6.643770028e-05
6.573096275e-05
7.865938463e-05
7.105546971e-05
7.023586044e-05
7.279905126e-05
7.522326734e-05
7.766301229e-05
6.715960684e-05
7.278088021e-05
7.505083235e-05
7.117065746e-05
7.338585093e-05
6.959720784e-05
7.175965548e-05
7.102030274e-05
7.602051076e-05
7.235085833e-05
7.434434484e-05
7.359402581e-05
7.271128459e-05
7.475479953e-05
7.385674481e-05
6.771250468e-05
7.225017831e-05
7.419835045e-05
7.330592001e-05
7.519711998e-05
7.173114803e-05
7.105477122e-05
7.020122757e-05
6.954968859e-05
7.116962424e-05
7.295159716e-05
7.448107209e-05
6.905044792e-05
6.587360803e-05
6.762445209e-05
7.373233224e-05
7.766183465e-05
7.222729039e-05
7.161276827e-05
7.935379927e-05
7.931660531e-05
7.395244629e-05
6.860504334e-05
6.321613167e-05
6.838558333e-05
7.346419764e-05
7.855895186e-05
8.353230368e-05
7.29119211e-05
6.744647157e-05
7.241986082e-05
7.724920081e-05
6.671712237e-05
8.680736182e-05
6.611813938e-05
6.574885167e-05
7.552423039e-05
6.004975548e-05
7.468878727e-05
6.430185951e-05
6.395080441e-05
6.838195851e-05
5.826542997e-05
7.228368489e-05
8.139808678e-05
7.12521279e-05
5.661235729e-05
6.549898929e-05
6.966846341e-05
8.287857602e-05
7.767487284e-05
5.433735619e-05
7.635903589e-05
8.455197079e-05
7.501620481e-05
6.118958497e-05
6.931974485e-05
6.435279478e-05
7.652397948e-05
7.996949652e-05
6.671309353e-05
7.42892508e-05
6.539964105e-05
7.281426794e-05
6.40851728e-05
7.53034748e-05
6.669690088e-05
8.151613355e-05
6.915183726e-05
6.840930523e-05
7.897805901e-05
7.439837086e-05
6.257352329e-05
7.28032254e-05
7.56348101e-05
7.478926472e-05
6.342450984e-05
6.270741637e-05
7.927395755e-05
7.496124199e-05
7.079289207e-05
6.664482517e-05
6.923405489e-05
7.168837838e-05
6.448150535e-05
7.328629033e-05
7.566709868e-05
7.166084461e-05
6.782750159e-05
7.311817322e-05
7.235828645e-05
7.149833682e-05
7.076166595e-05
6.991756199e-05
7.497119921e-05
7.407419614e-05
7.614681285e-05
6.96607745e-05
8.000052076e-05
6.541203708e-05
7.016521934e-05
6.932153273e-05
7.128846281e-05
6.521382799e-05
7.49237496e-05
6.636516657e-05
7.07962097e-05
7.24435282e-05
6.929626994e-05
7.824539986e-05
7.268534018e-05
6.463337067e-05
6.879792365e-05
7.500812106e-05
6.737656401e-05
7.575692124e-05
7.282484087e-05
6.29657937e-05
6.911912426e-05
6.848458936e-05
6.845253347e-05
6.312190611e-05
7.357248678e-05
6.295126819e-05
7.333753066e-05
6.7931425e-05
8.344584093e-05
7.278571258e-05
6.742147916e-05
8.266549455e-05
8.242121523e-05
7.692862142e-05
7.155123223e-05
7.119277179e-05
7.090990605e-05
6.044122223e-05
7.019914587e-05
8.970511805e-05
7.438269142e-05
5.91131678e-05
6.858915317e-05
7.783319333e-05
7.253613884e-05
6.239254563e-05
8.106936324e-05
6.623449592e-05
7.048118896e-05
5.591740136e-05
6.476414175e-05
7.337678347e-05
6.826440196e-05
6.314283339e-05
6.263554133e-05
7.978685106e-05
8.351239837e-05
6.965752552e-05
6.904909682e-05
7.692315281e-05
8.046174408e-05
7.546774641e-05
7.476253027e-05
6.989241113e-05
6.514860589e-05
7.656574058e-05
8.379068499e-05
6.712066244e-05
7.426052228e-05
7.347378981e-05
8.037234181e-05
7.193812282e-05
8.242786438e-05
8.153174876e-05
7.33404559e-05
6.527864974e-05
7.535306309e-05
6.386713438e-05
7.37207754e-05
7.288817731e-05
7.211311962e-05
7.468512187e-05
7.053224793e-05
6.308015611e-05
7.226474602e-05
6.49327282e-05
7.709468764e-05
7.619351787e-05
6.596709116e-05
7.45042324e-05
7.37242187e-05
7.285244113e-05
7.209532478e-05
7.123891448e-05
7.050490609e-05
6.966419452e-05
7.18264323e-05
6.812861875e-05
7.306103232e-05
6.940869004e-05
7.146499937e-05
7.332227947e-05
7.260018082e-05
7.172721231e-05
7.366115375e-05
7.797319756e-05
6.950392104e-05
6.612459539e-05
6.550098575e-05
6.720259515e-05
6.904469136e-05
7.065205186e-05
7.483505367e-05
6.916807086e-05
7.091093759e-05
7.006325155e-05
7.407501975e-05
7.319216759e-05
7.482560033e-05
7.393699652e-05
7.108671783e-05
8.393636896e-05
6.292285006e-05
7.857277835e-05
6.803197844e-05
7.313671739e-05
8.346471086e-05
6.7648472e-05
7.271108631e-05
6.212845302e-05
7.230609984e-05
7.717763629e-05
6.155979643e-05
8.682545071e-05
7.125571712e-05
7.08995632e-05
7.566223271e-05
7.022545639e-05
6.491771804e-05
6.452233828e-05
7.901770056e-05
8.3403055e-05
6.343117123e-05
7.267326389e-05
7.224288078e-05
8.126166257e-05
5.699525937e-05
6.596914902e-05
5.615936467e-05
7.425946884e-05
6.911405509e-05
7.308604397e-05
7.252725952e-05
6.738649327e-05
7.575822321e-05
7.505906401e-05
7.005114256e-05
6.50495875e-05
7.307933859e-05
6.385439739e-05
7.593214887e-05
7.935368171e-05
7.447505818e-05
6.962481693e-05
7.706814501e-05
8.028864543e-05
7.154744831e-05
6.68664716e-05
7.78732539e-05
6.93445157e-05
6.481843751e-05
7.166846041e-05
7.092107531e-05
8.12275762e-05
7.306705573e-05
7.226245655e-05
6.792355904e-05
7.423610209e-05
7.344831822e-05
7.607777547e-05
7.184763852e-05
7.102870899e-05
7.696623184e-05
6.946515792e-05
6.87277727e-05
7.116553724e-05
6.401136094e-05
7.275323131e-05
7.511683211e-05
6.495466887e-05
7.345675415e-05
7.258863355e-05
7.183426748e-05
7.393892489e-05
7.317708625e-05
6.941265673e-05
7.156705991e-05
7.636819794e-05
7.5597321e-05
7.192476039e-05
7.394600743e-05
7.576378661e-05
7.501758118e-05
7.411554173e-05
7.601672836e-05
7.510211847e-05
7.181800006e-05
7.855610088e-05
7.028469115e-05
7.9359453e-05
7.370885664e-05
7.282352941e-05
6.975332748e-05
6.891695072e-05
6.829837593e-05
7.678908522e-05
7.380546231e-05
6.836722723e-05
6.777508216e-05
7.81309288e-05
7.082658019e-05
6.791439382e-05
6.266094473e-05
6.781312752e-05
6.774902121e-05
6.763048962e-05
6.753337945e-05
6.736786638e-05
6.723747006e-05
7.733912368e-05
6.686359541e-05
7.685902399e-05
6.130579494e-05
6.612266201e-05
6.58938735e-05
6.556527703e-05
7.535212903e-05
6.494290927e-05
6.46526966e-05
7.90889857e-05
7.377796535e-05
7.817902581e-05
6.803408613e-05
7.238029041e-05
8.154558234e-05
6.665293699e-05
7.568924009e-05
6.570591968e-05
6.991947005e-05
6.471916537e-05
7.342948984e-05
6.369789945e-05
8.57866955e-05
8.50212542e-05
8.877805704e-05
7.476618342e-05
6.105592377e-05
6.91170329e-05
8.56426148e-05
8.057023784e-05
6.303304435e-05
7.072833652e-05
6.594647855e-05
7.343922067e-05
6.465227307e-05
7.19856922e-05
7.127637916e-05
8.620661019e-05
6.206381278e-05
6.524623761e-05
6.837393941e-05
6.764287464e-05
7.065643935e-05
8.092566477e-05
7.279568636e-05
6.479556618e-05
7.835752541e-05
8.452866055e-05
7.666252786e-05
7.579857252e-05
7.499287186e-05
7.076898774e-05
7.001667539e-05
6.921200204e-05
6.521656969e-05
6.768392227e-05
7.334567786e-05
7.248959923e-05
7.484468919e-05
7.088363935e-05
7.319122326e-05
6.931311589e-05
7.157509394e-05
7.07256768e-05
6.999693603e-05
7.204471757e-05
8.271908267e-05
7.045711813e-05
7.253570357e-05
7.166635336e-05
6.822248631e-05
8.088388209e-05
7.74176097e-05
6.593681725e-05
7.051983405e-05
7.999293622e-05
7.411543547e-05
6.564864774e-05
7.003169377e-05
6.91892793e-05
7.344318727e-05
7.256064113e-05
6.95015008e-05
7.577119714e-05
7.039790966e-05
7.187362024e-05
7.123980147e-05
7.26598599e-05
7.428156539e-05
7.339758692e-05
7.497886075e-05
6.763284183e-05
7.28014124e-05
6.753219426e-05
6.746840797e-05
6.735064828e-05
7.7600783e-05
7.741105275e-05
6.180906006e-05
7.702033105e-05
7.17102631e-05
6.6337294e-05
7.122952773e-05
8.104816166e-05
7.571994641e-05
6.529745145e-05
7.504455691e-05
6.965391426e-05
6.438983021e-05
7.876848163e-05
9.307374792e-05
6.326419472e-05
8.227988828e-05
7.208966963e-05
8.599610559e-05
7.587045675e-05
7.06755286e-05
7.946866467e-05
7.892754882e-05
7.367238193e-05
7.313962759e-05
8.157535041e-05
6.746047514e-05
7.131697047e-05
6.190206352e-05
7.009466314e-05
6.950737335e-05
6.454679982e-05
8.531210793e-05
7.603639274e-05
6.697724653e-05
7.045809151e-05
6.980076808e-05
6.096681968e-05
7.245779835e-05
6.772958189e-05
7.889706248e-05
8.197883937e-05
6.183078555e-05
6.117860783e-05
6.811851478e-05
7.862306658e-05
8.150857692e-05
8.795562476e-05
6.890000899e-05
7.172966194e-05
7.452027729e-05
7.018196388e-05
7.290940119e-05
7.208861999e-05
6.452987877e-05
7.051115895e-05
7.972766325e-05
6.896068464e-05
7.147783369e-05
7.06502673e-05
6.990282496e-05
7.536821308e-05
6.214542588e-05
7.369909959e-05
6.988895492e-05
7.206670884e-05
7.131778384e-05
7.04718212e-05
7.265175625e-05
7.178644945e-05
7.389605035e-05
7.301295313e-05
6.949602114e-05
6.866326583e-05
7.341646589e-05
6.447549285e-05
7.182040769e-05
7.095680596e-05
7.286978692e-05
6.427932709e-05
7.130331244e-05
6.792912762e-05
6.978051125e-05
6.894083436e-05
6.342216932e-05
7.229964404e-05
6.925148589e-05
7.785740215e-05
7.248230839e-05
7.392405624e-05
7.098243444e-05
6.334702416e-05
7.401250382e-05
7.53469084e-05
7.250922439e-05
7.253466193e-05
8.285816116e-05
6.725357907e-05
8.269551965e-05
7.223258349e-05
6.697694624e-05
7.195308765e-05
6.668444377e-05
7.159054538e-05
7.14160121e-05
7.622962674e-05
6.08040287e-05
6.558281347e-05
6.032883316e-05
6.503180504e-05
6.97568531e-05
7.432673331e-05
5.919608557e-05
6.864424413e-05
7.806185893e-05
7.270383505e-05
6.748793087e-05
7.658813152e-05
8.565259627e-05
6.612248156e-05
7.978059781e-05
6.518571313e-05
6.011774937e-05
7.338230586e-05
7.740529759e-05
6.771326906e-05
6.719669089e-05
7.103927486e-05
7.927890878e-05
7.855118053e-05
6.49112271e-05
6.858486337e-05
7.648572797e-05
7.153725797e-05
7.506137051e-05
5.780345018e-05
6.953543536e-05
6.883418904e-05
8.020430708e-05
6.747461097e-05
7.860039605e-05
7.389359406e-05
8.08493459e-05
7.618837848e-05
7.540554604e-05
7.833162289e-05
7.751547447e-05
7.667722861e-05
7.948484521e-05
7.861282006e-05
7.778231745e-05
7.342153235e-05
7.610208311e-05
6.498541486e-05
7.106279537e-05
7.694617363e-05
6.61986529e-05
7.852706944e-05
7.121932422e-05
7.039542032e-05
6.331885985e-05
7.196802568e-05
6.811408681e-05
7.037480113e-05
6.963813421e-05
7.180855095e-05
7.106231716e-05
7.607142986e-05
6.949623322e-05
7.725242852e-05
7.363206421e-05
7.275237672e-05
7.20178754e-05
7.11550699e-05
7.586395609e-05
6.424553219e-05
7.421471802e-05
7.332232279e-05
7.260976313e-05
7.942184088e-05
7.104872516e-05
6.267259867e-05
6.704786968e-05
6.869416727e-05
6.562579746e-05
6.963916722e-05
7.138268614e-05
6.817441297e-05
6.989225174e-05
7.365791854e-05
7.300843385e-05
6.537256033e-05
7.151067577e-05
6.844987022e-05
7.224676256e-05
6.191693873e-05
6.704549477e-05
7.728144621e-05
7.720857452e-05
7.193615275e-05
6.670215403e-05
7.677674453e-05
6.641132812e-05
7.129786135e-05
6.604386848e-05
7.085752607e-05
7.06489153e-05
6.53161814e-05
6.509069377e-05
6.97504891e-05
6.947442539e-05
6.415648592e-05
6.87835705e-05
6.348485308e-05
6.317054515e-05
6.275782071e-05
6.721812837e-05
7.151537367e-05
6.635363801e-05
7.526903714e-05
7.946478348e-05
7.420421327e-05
7.830594541e-05
7.766291167e-05
5.896045567e-05
7.194576636e-05
8.03219538e-05
7.960920014e-05
6.58098728e-05
7.390109681e-05
7.759347872e-05
7.686206991e-05
6.772695072e-05
7.126446374e-05
6.646713987e-05
5.758426467e-05
7.742177248e-05
7.664222413e-05
7.191201768e-05
7.51299705e-05
7.83059523e-05
6.974330162e-05
7.28768056e-05
7.21103312e-05
6.761334821e-05
7.060972886e-05
6.619665778e-05
6.548174831e-05
5.759483144e-05
6.764443314e-05
7.045260797e-05
7.315396708e-05
6.893174764e-05
7.497312578e-05
7.417664316e-05
7.000109661e-05
6.595932945e-05
7.498381772e-05
6.773710161e-05
7.651898759e-05
6.940047825e-05
7.171004342e-05
7.095496614e-05
7.012311174e-05
7.240602509e-05
7.155223601e-05
7.080867415e-05
6.996953802e-05
6.924855846e-05
7.127542874e-05
7.054803604e-05
6.97054362e-05
6.62415914e-05
6.817514822e-05
7.559424934e-05
7.201935682e-05
7.130979863e-05
6.784298497e-05
6.976760314e-05
7.913934025e-05
7.332437617e-05
6.994339218e-05
7.918115793e-05
7.57831082e-05
7.265754689e-05
7.896156664e-05
7.349866296e-05
7.495773064e-05
7.428494622e-05
6.651303177e-05
6.592657849e-05
7.636799416e-05
7.125351385e-05
7.480316311e-05
7.416759376e-05
6.680202052e-05
6.67709998e-05
7.183420363e-05
7.689270521e-05
6.140755292e-05
8.175951684e-05
6.626834298e-05
8.140361909e-05
7.100756073e-05
6.071545337e-05
7.5610454e-05
7.538801168e-05
7.005568616e-05
7.480073155e-05
7.939316207e-05
7.907917189e-05
7.372910804e-05
7.829403288e-05
7.782236812e-05
7.74373755e-05
6.731594304e-05
8.60791815e-05
7.598041961e-05
7.081145433e-05
7.965763183e-05
6.98395232e-05
6.929322753e-05
6.882247142e-05
8.191007212e-05
7.680133655e-05
7.166623487e-05
7.556529814e-05
7.049032129e-05
7.429675784e-05
8.227800928e-05
6.870736604e-05
6.806082615e-05
7.168536013e-05
6.681763962e-05
7.03534261e-05
7.37572309e-05
6.49513185e-05
7.233565171e-05
8.358256556e-05
6.303095077e-05
7.411302102e-05
6.562385993e-05
6.11420861e-05
6.806244265e-05
7.110598452e-05
7.40525427e-05
6.961735439e-05
6.886647895e-05
7.1730071e-05
8.15867961e-05
6.668610754e-05
7.288834487e-05
5.83793702e-05
7.470195758e-05
7.726797837e-05
7.307019523e-05
7.22939032e-05
6.82175652e-05
6.10658917e-05
6.989120251e-05
7.229527559e-05
6.834721263e-05
6.7627592e-05
7.291118215e-05
7.214802287e-05
7.129774435e-05
7.055683536e-05
7.553116121e-05
6.900264279e-05
7.386354252e-05
7.029779824e-05
6.945842711e-05
6.600681999e-05
6.793368266e-05
6.994599253e-05
7.442224664e-05
7.368895551e-05
6.760267057e-05
6.952041308e-05
6.61396741e-05
6.298657671e-05
7.218436314e-05
7.643455167e-05
7.55138863e-05
6.998607574e-05
7.391205798e-05
7.08746052e-05
6.302006105e-05
6.939380614e-05
7.770206026e-05
7.022137116e-05
7.385620638e-05
7.099819487e-05
7.014985681e-05
6.955393759e-05
6.652959761e-05
8.184460715e-05
7.665156754e-05
8.168470388e-05
7.644699736e-05
6.615927904e-05
7.10758971e-05
9.120704372e-05
7.071961454e-05
6.550845956e-05
8.534524085e-05
9.51054389e-05
7.475696409e-05
7.946588389e-05
6.424767803e-05
6.399377745e-05
7.343388488e-05
6.335939795e-05
6.297852235e-05
7.230831158e-05
7.662706275e-05
7.144815396e-05
6.14901348e-05
7.523407909e-05
6.067512537e-05
7.420291471e-05
6.902214289e-05
8.226429514e-05
6.345992038e-05
7.650287663e-05
8.477427969e-05
7.084541016e-05
6.583032542e-05
6.530400457e-05
6.902156139e-05
6.416697531e-05
6.780179912e-05
6.721216167e-05
7.072506953e-05
7.833313416e-05
6.93974521e-05
6.470720378e-05
6.806131556e-05
7.533964192e-05
6.672108777e-05
6.217890692e-05
7.307272495e-05
7.995214023e-05
7.911364526e-05
6.338697361e-05
6.640295425e-05
7.666364001e-05
7.58378329e-05
7.861537647e-05
7.068730012e-05
7.343811435e-05
7.262464463e-05
6.501162088e-05
6.766613079e-05
7.029491374e-05
7.611725211e-05
7.530871202e-05
6.797340502e-05
7.04548946e-05
6.964179259e-05
6.890530012e-05
7.429522236e-05
7.351302694e-05
7.265227354e-05
7.189185278e-05
7.104505659e-05
7.323623084e-05
6.947436415e-05
6.875846753e-05
7.077163214e-05
7.004932938e-05
6.921316246e-05
7.673599131e-05
7.852494899e-05
7.50605483e-05
7.945673528e-05
8.391869475e-05
6.995497775e-05
7.440644761e-05
7.351062707e-05
6.527463029e-05
6.448822405e-05
6.879354461e-05
7.039195302e-05
7.935736436e-05
7.127416526e-05
6.591504956e-05
6.744770543e-05
7.145214792e-05
7.287088019e-05
7.448557438e-05
7.359243372e-05
7.51662428e-05
7.208287984e-05
7.363643244e-05
7.135626355e-05
6.622869805e-05
6.107237035e-05
7.118408006e-05
6.090966945e-05
7.602824062e-05
6.573193147e-05
6.560524125e-05
7.043399424e-05
7.026276635e-05
7.000117473e-05
6.979553006e-05
6.45291366e-05
6.430685816e-05
5.906814242e-05
6.373779222e-05
6.3388881e-05
6.310692249e-05
6.272837368e-05
7.202137905e-05
6.201327842e-05
6.167711718e-05
6.124809918e-05
7.493828459e-05
6.973553948e-05
6.467354879e-05
6.416962629e-05
7.283923213e-05
7.675977079e-05
7.620672744e-05
7.555824042e-05
5.734028318e-05
6.120606337e-05
6.939090739e-05
6.875840027e-05
7.244569216e-05
6.754473624e-05
7.95122577e-05
6.631380975e-05
6.982365822e-05
8.133795649e-05
7.252303181e-05
6.381885507e-05
6.320763628e-05
8.211449583e-05
8.51792811e-05
7.280313979e-05
7.586426713e-05
6.380930164e-05
5.943954887e-05
7.351156113e-05
7.638384044e-05
8.275849428e-05
6.764843365e-05
6.690985479e-05
7.317246675e-05
7.580869537e-05
7.500542228e-05
7.753662103e-05
7.004262773e-05
7.254729519e-05
7.830195625e-05
6.450570131e-05
6.701264027e-05
6.93941564e-05
7.490220162e-05
7.403173143e-05
7.020017905e-05
7.23951972e-05
7.163749537e-05
7.079415362e-05
7.005849397e-05
7.211395438e-05
7.708051605e-05
7.052239518e-05
7.25947152e-05
7.172840877e-05
7.100408731e-05
6.745584686e-05
6.411129756e-05
7.125959533e-05
7.839706067e-05
6.454530125e-05
6.647453785e-05
6.820005705e-05
7.004830002e-05
7.414735943e-05
7.099940529e-05
7.256239407e-05
7.668110613e-05
7.102232485e-05
7.037370588e-05
6.720890022e-05
8.26829036e-05
7.488139146e-05
7.422125589e-05
7.555267598e-05
7.049300709e-05
6.964903763e-05
7.553174442e-05
7.614388108e-05
7.610865827e-05
7.09630819e-05
6.076833308e-05
7.077436691e-05
7.572134931e-05
7.050288979e-05
8.544576171e-05
7.015067177e-05
7.497884055e-05
7.470032741e-05
6.951563138e-05
6.921490849e-05
7.390356693e-05
7.35407863e-05
7.813396527e-05
7.285047495e-05
6.769156281e-05
7.209254344e-05
8.130161002e-05
7.12719323e-05
7.561160123e-05
6.100796148e-05
6.531420604e-05
7.409435598e-05
6.44215268e-05
6.392053485e-05
7.709165619e-05
6.296983711e-05
8.93092497e-05
7.526805572e-05
5.712037046e-05
6.532745273e-05
7.344663458e-05
6.849723826e-05
8.066160825e-05
6.308401429e-05
7.087421056e-05
7.019377924e-05
7.36536229e-05
8.508584536e-05
6.823846558e-05
6.7555637e-05
6.297311686e-05
6.233225397e-05
7.714991185e-05
6.871787665e-05
6.802712972e-05
6.357594321e-05
7.032656246e-05
8.423062716e-05
6.160968043e-05
7.17032112e-05
7.449866631e-05
7.017739782e-05
8.332426751e-05
7.896987268e-05
7.813327688e-05
8.061828655e-05
6.979214614e-05
7.228864162e-05
6.501909316e-05
7.070411407e-05
6.677458459e-05
7.22913785e-05
7.152700812e-05
7.069634858e-05
6.691074187e-05
7.213993375e-05
7.138493149e-05
7.054501659e-05
6.981195382e-05
7.186057262e-05
7.112006756e-05
7.027490753e-05
6.955762398e-05
6.872779303e-05
6.531238554e-05
6.453066326e-05
7.98582111e-05
7.62698832e-05
7.551820859e-05
7.461012353e-05
6.624149237e-05
7.04779444e-05
7.478847903e-05
7.634997229e-05
6.831045742e-05
7.712782102e-05
7.641152542e-05
7.313133315e-05
7.480096204e-05
7.159052353e-05
7.552525959e-05
7.00943575e-05
7.171763072e-05
7.749901578e-05
7.024309964e-05
6.723250949e-05
7.096244778e-05
7.078130687e-05
8.590902175e-05
7.572576876e-05
7.061101319e-05
8.055972611e-05
8.044472063e-05
6.018843161e-05
7.008468275e-05
7.486030663e-05
6.969999881e-05
6.944168133e-05
6.429239948e-05
6.401489354e-05
6.870199049e-05
5.859898625e-05
7.295990408e-05
6.288726816e-05
7.223995413e-05
7.180845098e-05
7.621791126e-05
8.045793265e-05
6.59008401e-05
7.011888399e-05
7.435361892e-05
7.841929188e-05
7.333881299e-05
6.822146759e-05
6.775936369e-05
6.272762313e-05
7.562125473e-05
7.498009143e-05
7.441048833e-05
7.809466377e-05
6.025564341e-05
7.676780924e-05
8.458612904e-05
7.5415966e-05
7.476129675e-05
6.99311162e-05
8.560811714e-05
8.073258162e-05
6.798485589e-05
6.334645185e-05
6.274033128e-05
6.598420864e-05
7.686621549e-05
6.846621461e-05
6.777825346e-05
7.824882313e-05
7.37584615e-05
6.568058375e-05
6.499742059e-05
6.78721765e-05
7.069520344e-05
6.992519538e-05
7.26468957e-05
6.842368512e-05
7.10839114e-05
7.363662064e-05
7.285504251e-05
7.203182586e-05
7.126702838e-05
7.365618538e-05
7.604367345e-05
7.203613597e-05
7.437342751e-05
7.351031698e-05
7.2736535e-05
7.188646408e-05
7.113414221e-05
7.029762692e-05
7.246577371e-05
7.447332381e-05
7.087104313e-05
7.002915085e-05
7.208692487e-05
6.84876522e-05
6.77959824e-05
7.770223595e-05
8.223190482e-05
7.338274333e-05
6.746950448e-05
7.434953077e-05
6.854892424e-05
7.273991019e-05
7.204281366e-05
6.872002811e-05
7.050257239e-05
7.6857661e-05
7.138484396e-05
6.817314751e-05
6.755050909e-05
7.594133787e-05
7.297913962e-05
6.534106282e-05
7.369820699e-05
7.060586712e-05
7.218230028e-05
6.699421502e-05
7.071104484e-05
7.049728914e-05
6.543156341e-05
6.536583641e-05
7.032792599e-05
7.522225029e-05
8.012260249e-05
6.49434014e-05
8.476263809e-05
7.953235463e-05
6.942198215e-05
8.892678233e-05
6.896251524e-05
6.376083338e-05
6.842949738e-05
7.782292248e-05
6.782674616e-05
7.709467945e-05
7.195549189e-05
6.675814951e-05
7.117408393e-05
7.54291632e-05
7.033237918e-05
6.053329122e-05
6.48066072e-05
7.352065838e-05
6.392332978e-05
8.155042554e-05
7.649852539e-05
7.587739367e-05
7.976316597e-05
7.030053851e-05
6.540642346e-05
6.915435157e-05
7.289061207e-05
7.647842377e-05
6.320078808e-05
7.513325051e-05
7.034356616e-05
6.967041159e-05
6.498239889e-05
6.836827175e-05
7.570172716e-05
6.705741716e-05
7.032291794e-05
6.574218599e-05
6.126767832e-05
7.579598794e-05
7.878639019e-05
7.425212903e-05
6.614182585e-05
7.271474842e-05
8.275242642e-05
6.406869881e-05
6.691907873e-05
7.66422791e-05
7.238693128e-05
7.158865213e-05
7.757633068e-05
7.67102454e-05
7.589618782e-05
6.851424528e-05
7.101485164e-05
6.70139953e-05
7.577544166e-05
7.4903676e-05
6.793584442e-05
7.325235438e-05
7.248133681e-05
7.163476935e-05
7.383865512e-05
7.00519663e-05
7.221254445e-05
7.42134781e-05
7.627365703e-05
7.536791561e-05
7.183568437e-05
7.916905306e-05
7.296467666e-05
7.743181589e-05
7.401543925e-05
6.529231163e-05
6.982062399e-05
7.920045907e-05
7.084029003e-05
6.998704604e-05
7.426743954e-05
6.358901048e-05
7.025675437e-05
6.940913195e-05
6.876444724e-05
6.793479088e-05
7.659904215e-05
7.10889051e-05
7.045085957e-05
6.960206339e-05
7.789031233e-05
6.595992605e-05
6.102999267e-05
6.891107487e-05
7.25966114e-05
7.021554161e-05
7.519626807e-05
7.512089456e-05
7.505046383e-05
5.993773663e-05
7.980305373e-05
7.463624473e-05
6.456041346e-05
6.931421736e-05
7.902419951e-05
6.397027061e-05
7.85019941e-05
6.839407277e-05
6.329064607e-05
8.720583603e-05
8.686247314e-05
7.199253666e-05
7.167326113e-05
8.074652137e-05
6.616966079e-05
7.513551759e-05
7.940004076e-05
5.566035251e-05
6.916688035e-05
7.781444876e-05
6.367710971e-05
7.67243149e-05
6.724003188e-05
6.669508133e-05
7.945910412e-05
5.690231752e-05
7.819011439e-05
6.889321148e-05
7.688726038e-05
6.349267653e-05
7.555652466e-05
7.901112714e-05
8.24484854e-05
8.166075716e-05
8.497304433e-05
7.21225363e-05
7.542245593e-05
8.646136254e-05
6.617237814e-05
6.93549871e-05
6.86745327e-05
6.041633797e-05
7.476213815e-05
7.398352683e-05
6.956404226e-05
6.883032052e-05
7.169978288e-05
7.093233158e-05
7.72077759e-05
7.289749937e-05
6.182470352e-05
7.133425587e-05
7.393991909e-05
7.311526621e-05
7.562765407e-05
7.477470406e-05
6.754788719e-05
7.631812541e-05
7.23628832e-05
7.464106455e-05
6.769772794e-05
7.299619593e-05
7.22279231e-05
7.138483097e-05
7.063781321e-05
6.980801666e-05
7.483952199e-05
6.826655939e-05
7.037818958e-05
6.676104793e-05
6.607955912e-05
7.617385444e-05
7.001844499e-05
6.918086414e-05
7.112445454e-05
7.287380571e-05
7.730939357e-05
7.383376844e-05
7.059452396e-05
6.725328981e-05
7.647662061e-05
8.286599229e-05
7.242687367e-05
7.155279308e-05
7.561403748e-05
7.70357635e-05
6.707975649e-05
7.312590733e-05
7.926360469e-05
6.935850041e-05
6.652952593e-05
6.572848728e-05
7.167589366e-05
7.510622676e-05
7.446891172e-05
6.494060594e-05
7.489697987e-05
6.983392893e-05
7.475197176e-05
6.467454582e-05
6.458241052e-05
7.434016344e-05
7.914385952e-05
6.90398144e-05
8.363095337e-05
6.86190119e-05
6.84181316e-05
6.325871525e-05
6.789094486e-05
7.721208163e-05
7.210151899e-05
5.736882416e-05
8.091233381e-05
6.150685736e-05
6.591219588e-05
6.081087142e-05
7.90924535e-05
7.392732338e-05
6.430683728e-05
8.207524863e-05
7.249460473e-05
7.643104276e-05
7.591445182e-05
5.758260282e-05
7.475972102e-05
6.976872381e-05
6.491230734e-05
8.150291799e-05
7.659841232e-05
8.434016564e-05
7.527422894e-05
7.04311239e-05
6.571370231e-05
6.915479069e-05
7.256488137e-05
7.984122889e-05
9.096528767e-05
6.656649221e-05
7.368697258e-05
7.294147853e-05
6.842475751e-05
6.772216809e-05
8.566533004e-05
7.371686093e-05
7.660969122e-05
5.414480072e-05
7.144278967e-05
6.714508989e-05
6.644151706e-05
6.917934841e-05
7.529504653e-05
7.785134325e-05
6.698023328e-05
6.623395241e-05
6.880788221e-05
7.775150358e-05
7.372107876e-05
6.971315523e-05
7.524461519e-05
6.818193074e-05
7.359411801e-05
7.274182277e-05
7.197627521e-05
7.706468319e-05
7.039223699e-05
6.956576019e-05
7.457981283e-05
6.80300204e-05
7.013432446e-05
7.207417037e-05
6.859463538e-05
7.591045743e-05
6.709259164e-05
7.954818977e-05
7.087859002e-05
6.743469108e-05
7.447410362e-05
6.850417784e-05
7.286297361e-05
6.950293886e-05
6.637824884e-05
7.772152917e-05
6.97702252e-05
8.081206966e-05
7.535189454e-05
6.513673133e-05
7.376202165e-05
7.287150163e-05
6.544707444e-05
7.357577393e-05
6.850747452e-05
7.423182257e-05
7.358975004e-05
7.484282595e-05
6.784718697e-05
6.965874912e-05
6.962672697e-05
6.458885931e-05
7.445584463e-05
7.432913745e-05
6.432687814e-05
6.417356571e-05
6.40503809e-05
5.894363614e-05
6.370100484e-05
6.346702451e-05
7.301694653e-05
8.239849025e-05
7.245518038e-05
7.691024306e-05
7.660785232e-05
6.666960222e-05
8.533846785e-05
7.069412396e-05
6.096696059e-05
7.921472187e-05
6.488360955e-05
8.284842747e-05
7.321123631e-05
6.359200603e-05
9.027188058e-05
7.614000409e-05
7.117717355e-05
7.060242108e-05
7.009589547e-05
6.950582243e-05
6.035683581e-05
7.265035387e-05
5.935356499e-05
6.301934286e-05
7.082769954e-05
5.778708488e-05
6.547043091e-05
6.889983171e-05
7.229770675e-05
7.954846917e-05
6.698899188e-05
7.022511047e-05
6.569028272e-05
6.885175195e-05
7.196439223e-05
6.747773331e-05
7.051184579e-05
7.345211046e-05
6.906481584e-05
7.553177544e-05
7.118763215e-05
7.042755487e-05
7.317426038e-05
7.927439438e-05
6.820769784e-05
6.745795158e-05
7.341843958e-05
6.600112941e-05
7.183119299e-05
7.425085258e-05
7.02689168e-05
6.946974063e-05
7.185773194e-05
7.412132745e-05
7.028221629e-05
7.248921631e-05
7.172637476e-05
7.089015027e-05
7.014836236e-05
7.221372846e-05
6.860483071e-05
6.779511492e-05
7.268782926e-05
6.906307561e-05
7.109236174e-05
6.484189346e-05
7.755917797e-05
6.870431184e-05
7.063441947e-05
8.012600869e-05
7.421757298e-05
6.321130388e-05
7.010807239e-05
7.173708051e-05
7.104937363e-05
7.261256163e-05
6.952947881e-05
7.816430066e-05
6.805172891e-05
7.650266842e-05
7.580386729e-05
7.488819933e-05
6.971811807e-05
6.665463175e-05
7.48761578e-05
6.962181142e-05
7.11765431e-05
6.818858624e-05
6.761017931e-05
5.947170104e-05
7.430549419e-05
7.423148707e-05
7.910619138e-05
7.403612745e-05
6.90020799e-05
7.867199221e-05
6.870594198e-05
6.360479835e-05
8.297426309e-05
7.780721114e-05
6.303354133e-05
7.242051197e-05
7.21722891e-05
7.182258301e-05
8.107911556e-05
6.64109325e-05
8.028499139e-05
7.042092513e-05
7.941820834e-05
7.890989911e-05
6.925091769e-05
6.419082934e-05
7.29311046e-05
7.692447819e-05
7.643892164e-05
7.585117348e-05
6.64757908e-05
6.593997449e-05
8.292515221e-05
6.058928306e-05
7.731072107e-05
7.237908529e-05
8.025091061e-05
7.115668772e-05
7.05650345e-05
8.6360484e-05
8.561300218e-05
6.057065805e-05
7.203249232e-05
7.133206371e-05
8.637532318e-05
7.385713878e-05
6.545185966e-05
6.860286305e-05
7.547846498e-05
7.844089948e-05
7.02585133e-05
6.952979212e-05
7.606186742e-05
7.884670084e-05
7.448100528e-05
7.017785108e-05
7.638715324e-05
7.212543879e-05
6.796706335e-05
7.058180085e-05
7.316044853e-05
7.563542812e-05
7.808695772e-05
7.720869882e-05
6.684084467e-05
6.608129178e-05
7.160779188e-05
6.463114327e-05
7.003843907e-05
7.223835821e-05
7.147820361e-05
7.064537206e-05
6.990617171e-05
6.908625673e-05
7.121708147e-05
6.756182611e-05
6.965162938e-05
6.882570727e-05
7.084799425e-05
7.269662305e-05
6.929698608e-05
7.110189272e-05
6.778481709e-05
7.212349929e-05
7.396280354e-05
6.80338586e-05
7.236261457e-05
6.409509127e-05
7.080527989e-05
7.23629181e-05
7.406903559e-05
7.553476139e-05
7.015595997e-05
7.161834007e-05
7.554246511e-05
7.236796403e-05
7.844205231e-05
7.528031362e-05
7.461689344e-05
7.154819572e-05
6.87800901e-05
7.00745838e-05
7.158574809e-05
6.911071762e-05
5.921059275e-05
6.901036766e-05
7.38705736e-05
6.391269603e-05
6.382183211e-05
6.856812519e-05
7.332501204e-05
5.848241851e-05
6.806451662e-05
8.719149399e-05
7.244730266e-05
6.252019315e-05
8.147714469e-05
7.631359072e-05
6.651222396e-05
6.615426223e-05
7.527054504e-05
7.014982973e-05
6.980537565e-05
6.473551684e-05
7.818382619e-05
7.308100197e-05
7.265310848e-05
7.663232801e-05
7.166961078e-05
8.0009498e-05
7.505487507e-05
7.883046905e-05
8.696187841e-05
8.623239895e-05
5.990597611e-05
7.635158995e-05
6.732866193e-05
6.672321526e-05
7.030431045e-05
6.965361169e-05
7.311290841e-05
6.437224692e-05
7.575639528e-05
7.502087654e-05
7.041379884e-05
6.584343606e-05
6.905134701e-05
8.734348014e-05
7.144656103e-05
7.443791039e-05
7.737615196e-05
6.563544648e-05
7.579088311e-05
7.499565381e-05
6.714860881e-05
6.643341611e-05
7.265758996e-05
7.529416889e-05
7.78873389e-05
7.368375956e-05
7.290426428e-05
7.537141353e-05
7.457225624e-05
6.732261257e-05
7.295210276e-05
7.525960974e-05
7.446217515e-05
7.360877831e-05
7.283097089e-05
7.198923037e-05
7.123174387e-05
7.040227843e-05
7.256838298e-05
6.884897533e-05
7.665028847e-05
7.29409821e-05
6.941276489e-05
6.584636641e-05
6.788971245e-05
7.781433657e-05
7.702822995e-05
7.348307086e-05
7.274927926e-05
7.18768188e-05
7.116806078e-05
6.780111245e-05
6.714155476e-05
6.38756917e-05
7.299605958e-05
6.730731957e-05
7.381520759e-05
7.29232642e-05
7.224575108e-05
7.367457045e-05
7.072026203e-05
7.662622054e-05
6.700454832e-05
6.398808792e-05
7.217237662e-05
7.130062366e-05
7.710992961e-05
6.983138788e-05
6.714109708e-05
7.867419757e-05
5.897862209e-05
6.383013645e-05
6.867595003e-05
6.855985136e-05
6.846244613e-05
6.342176739e-05
7.303876727e-05
7.281813228e-05
7.264218126e-05
6.272682836e-05
6.735474746e-05
7.185904183e-05
6.683887677e-05
7.601872266e-05
7.57204688e-05
8.002090439e-05
8.903992594e-05
6.522209266e-05
6.490206501e-05
8.291354579e-05
7.33040678e-05
7.735338359e-05
8.142437658e-05
7.185165979e-05
6.247392348e-05
7.528003668e-05
7.037426727e-05
7.417213086e-05
6.930926002e-05
7.30244279e-05
7.673536642e-05
8.452068284e-05
5.869453452e-05
7.89417428e-05
7.416582984e-05
7.348049124e-05
8.093913133e-05
8.418049023e-05
7.150785836e-05
7.081463847e-05
7.405644777e-05
7.718340635e-05
7.262489395e-05
8.324609907e-05
7.119043001e-05
7.417211405e-05
8.07715762e-05
6.903569011e-05
6.473299097e-05
7.473043692e-05
5.986803233e-05
7.3167904e-05
5.516341426e-05
6.820928906e-05
6.749085237e-05
8.010162471e-05
7.595213464e-05
7.510923567e-05
7.431299337e-05
7.028396875e-05
7.586017044e-05
7.49995529e-05
7.420496544e-05
7.33551528e-05
7.258009356e-05
7.174181495e-05
7.394476863e-05
7.30842209e-05
7.81051197e-05
6.861331827e-05
6.790038865e-05
7.828337085e-05
6.64085118e-05
7.109006545e-05
6.765794681e-05
6.685253264e-05
6.882421689e-05
6.800166773e-05
6.991189833e-05
7.674837855e-05
6.585932352e-05
7.507772593e-05
7.186908073e-05
6.855454204e-05
6.789719e-05
7.665999527e-05
7.119010969e-05
7.736258645e-05
6.967617223e-05
7.34222717e-05
7.502503223e-05
7.187133749e-05
7.790374718e-05
7.036471257e-05
6.756515102e-05
7.1054759e-05
7.470954495e-05
6.958987416e-05
7.318170608e-05
7.346918779e-05
6.853987226e-05
7.825375332e-05
7.329443203e-05
6.829274311e-05
6.819578208e-05
7.289430821e-05
7.760506527e-05
6.769975642e-05
7.236029946e-05
7.690328393e-05
6.70940463e-05
6.203735108e-05
7.133671594e-05
6.152747616e-05
8.014355173e-05
7.971400547e-05
7.46936547e-05
7.425477634e-05
7.389068747e-05
6.883177579e-05
6.846139834e-05
8.159340532e-05
7.66098902e-05
6.263322863e-05
6.668434493e-05
8.382093821e-05
7.011064214e-05
6.95485595e-05
7.336664188e-05
7.275334439e-05
6.795634541e-05
7.157729956e-05
6.683211193e-05
7.86518129e-05
7.389381166e-05
7.727941243e-05
6.048290085e-05
7.988061433e-05
6.333190824e-05
5.487901271e-05
6.990552227e-05
6.92153603e-05
7.617277991e-05
6.409649485e-05
7.84030898e-05
7.390820912e-05
7.316770668e-05
7.603244883e-05
7.167111055e-05
7.801314114e-05
7.369421983e-05
8.332710228e-05
7.214816462e-05
6.797101016e-05
7.061800261e-05
6.984505438e-05
7.239724079e-05
6.508597865e-05
6.761591595e-05
7.322486513e-05
7.559822909e-05
6.851284652e-05
7.086829626e-05
7.310326906e-05
7.233093865e-05
7.149609436e-05
7.074388828e-05
7.283445401e-05
7.495532526e-05
7.122840513e-05
7.048831089e-05
6.96578067e-05
6.893991741e-05
7.0848224e-05
6.742775822e-05
6.929030784e-05
7.386641567e-05
7.29837618e-05
6.967433153e-05
6.883889691e-05
7.320888294e-05
7.482262787e-05
7.409465147e-05
7.076152585e-05
7.733292045e-05
7.401165447e-05
7.331273515e-05
6.775365841e-05
7.869722833e-05
7.088507958e-05
7.930041727e-05
7.162557157e-05
7.541914554e-05
7.450626594e-05
7.384976229e-05
7.29563594e-05
7.232565345e-05
7.565457299e-05
7.084588397e-05
6.830465017e-05
6.82734397e-05
7.307786221e-05
7.30097183e-05
7.288683008e-05
6.793118731e-05
7.745265065e-05
6.764140172e-05
7.225496056e-05
6.246985059e-05
8.139453816e-05
6.683535548e-05
8.081370555e-05
7.10624745e-05
8.486524142e-05
7.044395001e-05
7.940945162e-05
7.440851293e-05
7.39721856e-05
5.980791308e-05
5.942813267e-05
6.82022106e-05
6.773797374e-05
7.632117299e-05
7.576904209e-05
7.086318254e-05
7.471743659e-05
7.421454629e-05
8.661248958e-05
6.449491149e-05
7.674804645e-05
6.770534419e-05
7.970384952e-05
7.90715559e-05
7.423958355e-05
7.771399164e-05
7.699814652e-05
6.428060054e-05
7.561187e-05
7.887867918e-05
6.639885096e-05
6.578445215e-05
7.279896833e-05
7.590026695e-05
7.889588575e-05
8.184421246e-05
6.628155793e-05
6.197227309e-05
7.576419907e-05
7.498939282e-05
7.067199158e-05
8.042950933e-05
7.265631974e-05
7.189612139e-05
6.773439026e-05
7.707445833e-05
7.291730106e-05
7.214636451e-05
7.13472569e-05
6.738246124e-05
6.980005361e-05
6.905991625e-05
7.448479392e-05
7.062518021e-05
6.981756299e-05
7.208348851e-05
7.125205125e-05
7.050245787e-05
6.968293293e-05
6.895390482e-05
7.382571181e-05
7.024869058e-05
7.497507172e-05
7.969884549e-05
7.060802242e-05
6.988709585e-05
6.905558288e-05
7.624529958e-05
7.013890595e-05
7.201016544e-05
7.114679901e-05
7.296098002e-05
7.705489938e-05
6.892077704e-05
6.808998381e-05
7.225391327e-05
7.376065264e-05
7.306405554e-05
6.752358677e-05
7.150966574e-05
6.83651465e-05
7.45146395e-05
6.692013817e-05
7.074082731e-05
6.551627229e-05
7.14329115e-05
7.056808169e-05
6.783814371e-05
7.330041937e-05
7.060264949e-05
7.290013209e-05
6.80090705e-05
8.250104185e-05
5.818176636e-05
5.808404762e-05
8.216906022e-05
6.268737986e-05
6.256751539e-05
6.717818686e-05
7.65899181e-05
7.154272907e-05
7.133426983e-05
8.997509894e-05
7.079033353e-05
6.105745253e-05
7.485340781e-05
6.51471191e-05
7.412553993e-05
6.908600402e-05
7.333091924e-05
6.375790259e-05
7.247464318e-05
6.748337146e-05
8.050724869e-05
8.880657205e-05
7.501079035e-05
6.1302935e-05
6.523994356e-05
6.903333932e-05
5.997257377e-05
8.496137744e-05
6.745619033e-05
7.941169825e-05
7.048925947e-05
6.575014356e-05
7.743103546e-05
8.479459641e-05
7.205378097e-05
8.326957377e-05
5.894590129e-05
7.783602655e-05
6.940453102e-05
7.253914653e-05
7.184821205e-05
7.8615752e-05
7.784693177e-05
7.705529296e-05
6.901867395e-05
7.549783548e-05
7.116760302e-05
6.690345429e-05
6.620945052e-05
6.550765803e-05
6.482242035e-05
7.087438268e-05
7.012836382e-05
7.596831635e-05
7.516527644e-05
6.786974738e-05
6.715061306e-05
6.956058633e-05
7.195141365e-05
6.18583793e-05
7.038372649e-05
7.260465562e-05
6.884448712e-05
7.100966849e-05
7.026266973e-05
7.234000696e-05
7.158320629e-05
7.357558869e-05
7.001069389e-05
6.918651842e-05
7.395134601e-05
7.036944408e-05
7.5008694e-05
7.146945987e-05
6.812703585e-05
7.766913475e-05
6.920400889e-05
6.83743596e-05
7.522215553e-05
6.936309076e-05
7.35944222e-05
7.513077825e-05
7.441020244e-05
7.114001374e-05
7.046811996e-05
7.657715129e-05
7.356658155e-05
7.2675638e-05
7.201167365e-05
7.113904788e-05
6.829742962e-05
7.18225755e-05
7.3347045e-05
7.245836288e-05
6.971938319e-05
7.096238233e-05
7.036107948e-05
7.26188972e-05
6.290768788e-05
6.768009956e-05
7.727666723e-05
6.26820646e-05
7.703784e-05
7.205347955e-05
5.753263466e-05
6.69204042e-05
6.199061165e-05
7.126886093e-05
7.579875722e-05
8.019673041e-05
7.522162027e-05
7.954054604e-05
7.456878339e-05
7.880727241e-05
5.999882773e-05
7.341340811e-05
7.305420358e-05
7.712911573e-05
6.317703321e-05
8.067681111e-05
7.129432301e-05
7.520424334e-05
7.473154398e-05
7.416318323e-05
6.499826782e-05
5.158393594e-05
5.975153822e-05
8.464945501e-05
7.981052542e-05
7.495738191e-05
7.43634781e-05
6.141683832e-05
8.121066556e-05
8.046496049e-05
5.9828147e-05
7.111740009e-05
8.61436738e-05
6.980198561e-05
8.068283839e-05
7.6085445e-05
7.15929966e-05
7.833760055e-05
5.91023247e-05
8.044040733e-05
6.877593863e-05
6.448571848e-05
7.091849292e-05
6.316119956e-05
7.986901489e-05
7.215183973e-05
7.479715178e-05
7.399266445e-05
7.321399051e-05
7.570672293e-05
6.513617471e-05
7.729931848e-05
7.329372202e-05
6.932275654e-05
6.858788511e-05
7.397705287e-05
7.014391811e-05
6.934297878e-05
7.159363299e-05
7.07689292e-05
7.002450717e-05
6.92114807e-05
7.419472064e-05
7.33271547e-05
7.256527655e-05
6.895325769e-05
7.097230723e-05
7.282987537e-05
6.941635518e-05
6.595276127e-05
6.789777043e-05
6.966712862e-05
7.408019998e-05
6.814443412e-05
7.746812029e-05
7.159870895e-05
6.356725432e-05
7.970876494e-05
6.21984795e-05
7.562706789e-05
7.25717234e-05
7.400617864e-05
7.331841957e-05
7.469356451e-05
6.952562033e-05
7.311382673e-05
7.684900138e-05
7.157891602e-05
7.309824426e-05
6.796414628e-05
7.369335282e-05
7.280031494e-05
7.218354389e-05
7.233982388e-05
6.266596799e-05
7.223590345e-05
6.735744953e-05
6.244160345e-05
8.15387764e-05
7.177749743e-05
8.119248136e-05
7.142634895e-05
6.650402663e-05
5.679766523e-05
6.135174983e-05
6.579321588e-05
7.493574104e-05
6.525567538e-05
6.500052589e-05
7.389138325e-05
6.896812689e-05
7.313717316e-05
6.823084541e-05
7.232009736e-05
7.642779562e-05
8.037583895e-05
6.215006192e-05
6.611028515e-05
6.131536273e-05
7.388912873e-05
7.339282613e-05
7.709140864e-05
6.803671541e-05
6.325486091e-05
6.69633437e-05
6.638633615e-05
6.174437338e-05
6.935380977e-05
8.496297142e-05
6.414021088e-05
7.550984384e-05
7.873635232e-05
8.193396152e-05
7.341740556e-05
7.27390401e-05
7.581581827e-05
6.758487271e-05
7.062699038e-05
6.993683623e-05
5.100977377e-05
7.574910519e-05
7.140065503e-05
6.36040086e-05
8.042552517e-05
6.921016257e-05
7.190221772e-05
7.115044803e-05
7.708945996e-05
6.964546821e-05
7.216662381e-05
7.14040606e-05
7.382523808e-05
7.304325809e-05
7.222684513e-05
7.146129386e-05
7.372576936e-05
7.294511823e-05
7.211279787e-05
7.135119345e-05
7.052981672e-05
6.97879537e-05
7.760040613e-05
7.110058126e-05
6.74588241e-05
7.510266629e-05
6.872156454e-05
7.073382079e-05
7.258544142e-05
6.918335495e-05
6.836085373e-05
7.287543084e-05
6.686199671e-05
6.87399933e-05
6.791604982e-05
7.720843266e-05
7.135869392e-05
7.310090194e-05
7.221946386e-05
6.914248225e-05
6.8306936e-05
6.766171213e-05
7.375740951e-05
7.078842852e-05
6.76746202e-05
7.599714987e-05
6.845099259e-05
7.440148354e-05
7.566035293e-05
7.285112573e-05
7.408379884e-05
7.134522072e-05
7.255281307e-05
6.988286501e-05
6.725869481e-05
6.242609859e-05
8.155415144e-05
6.230695852e-05
7.655751406e-05
6.689302663e-05
8.103743758e-05
6.185153597e-05
6.641072881e-05
8.517969653e-05
5.658189369e-05
7.992457426e-05
7.958910453e-05
7.465202654e-05
7.429628233e-05
6.475523173e-05
6.90124918e-05
7.786997571e-05
8.652482344e-05
8.157036427e-05
7.655324901e-05
7.614276433e-05
6.228219205e-05
6.191931739e-05
7.025675534e-05
6.108878797e-05
6.928667502e-05
7.742429811e-05
7.254183123e-05
6.778779343e-05
6.722594489e-05
8.339951396e-05
6.201154351e-05
7.382497489e-05
7.316860943e-05
6.853182821e-05
6.790449843e-05
7.919928474e-05
7.453262123e-05
6.997882879e-05
6.545608488e-05
7.248116319e-05
6.42158814e-05
7.482943865e-05
6.667470938e-05
7.702733328e-05
6.172390715e-05
7.548456005e-05
7.115225224e-05
7.746801497e-05
7.317770981e-05
8.276481213e-05
7.506642732e-05
7.428175924e-05
6.680415876e-05
7.271157743e-05
7.191982105e-05
7.116000879e-05
7.037483259e-05
7.279450012e-05
6.885194272e-05
7.121872942e-05
7.041467939e-05
7.269826492e-05
7.186935961e-05
7.111039033e-05
7.322116105e-05
7.245103446e-05
6.874636498e-05
7.369616904e-05
7.003392893e-05
7.485078479e-05
7.123108015e-05
7.32083522e-05
7.770135702e-05
6.895191365e-05
7.337332511e-05
7.003783165e-05
7.432770409e-05
7.104773008e-05
6.768919126e-05
7.198593314e-05
7.112028268e-05
7.285661566e-05
7.917584305e-05
7.604004835e-05
7.042591191e-05
6.510991911e-05
6.891591303e-05
7.51029311e-05
7.194403652e-05
7.574211682e-05
7.482287584e-05
7.415134479e-05
7.540540356e-05
6.83347505e-05
7.59430443e-05
7.528685485e-05
7.024107442e-05
6.964618719e-05
6.700219213e-05
7.175545211e-05
6.690627424e-05
7.161869676e-05
7.626606003e-05
6.663842563e-05
8.547819292e-05
7.109596585e-05
7.561004731e-05
6.599964349e-05
6.576238125e-05
7.025491934e-05
6.529660233e-05
6.507414576e-05
6.013862483e-05
8.294371966e-05
6.417018194e-05
6.388799215e-05
6.805396225e-05
8.126600244e-05
7.178214432e-05
7.585985115e-05
7.534832704e-05
7.931607415e-05
7.437265863e-05
7.390614186e-05
7.766158387e-05
6.856945676e-05
5.952228215e-05
7.598327203e-05
7.535455209e-05
7.478735229e-05
7.826420109e-05
5.721227354e-05
6.075473051e-05
6.42690693e-05
6.766177058e-05
6.707907297e-05
8.208524862e-05
6.585641831e-05
7.673477842e-05
7.222510829e-05
6.775403164e-05
7.456643611e-05
6.275010188e-05
7.310281475e-05
7.236339219e-05
7.522185627e-05
7.090557184e-05
7.018151749e-05
7.29251735e-05
6.873284263e-05
7.480850644e-05
6.729701575e-05
6.99043585e-05
6.916917746e-05
6.190087781e-05
5.802350693e-05
7.013585421e-05
7.254743076e-05
6.861892589e-05
7.097780611e-05
6.712593169e-05
7.245307673e-05
7.162755942e-05
7.382417408e-05
7.297542361e-05
7.509624339e-05
7.137098284e-05
7.344939734e-05
6.979982506e-05
7.73635719e-05
6.553230547e-05
7.566636442e-05
7.210146297e-05
6.607886123e-05
7.312890856e-05
6.980449165e-05
6.897124373e-05
6.828215876e-05
7.745848663e-05
7.174622988e-05
6.8439202e-05
7.261395664e-05
7.652077138e-05
6.868164625e-05
7.019105317e-05
7.184554137e-05
7.784390855e-05
6.804738608e-05
7.39441639e-05
6.882801418e-05
7.237886216e-05
6.955565396e-05
6.871055232e-05
7.023357729e-05
7.148249095e-05
7.5033429e-05
7.000388604e-05
7.145261025e-05
6.674763846e-05
8.101392745e-05
7.617399977e-05
6.183391839e-05
7.122826566e-05
7.586943468e-05
7.096209189e-05
7.082682803e-05
7.532429517e-05
6.575031011e-05
6.08348344e-05
6.065814394e-05
9.757664452e-05
6.019893275e-05
6.45219321e-05
6.886088127e-05
6.393050867e-05
7.274235661e-05
8.136090209e-05
7.196791421e-05
7.151615785e-05
6.668738165e-05
5.740673395e-05
7.463355853e-05
6.538194315e-05
6.930357151e-05
8.597527593e-05
8.112899774e-05
5.930581865e-05
7.150133496e-05
6.673946984e-05
5.795775165e-05
6.56694651e-05
7.736611557e-05
7.264462673e-05
6.003679674e-05
6.345484408e-05
5.897687965e-05
7.010949647e-05
7.720397825e-05
8.028753414e-05
6.439497655e-05
6.751645496e-05
7.430527585e-05
7.35660978e-05
8.377526051e-05
7.932339737e-05
6.425226402e-05
7.066059598e-05
6.644228851e-05
7.26743742e-05
6.849664312e-05
7.11636086e-05
7.377342076e-05
7.961827102e-05
6.565092066e-05
6.493749579e-05
7.067687605e-05
6.989849337e-05
6.915846621e-05
6.838748094e-05
7.381409459e-05
6.994113908e-05
7.220953687e-05
7.138738082e-05
7.063362751e-05
7.273133008e-05
6.908778647e-05
7.113276967e-05
7.320427275e-05
7.234997229e-05
6.884449689e-05
7.07571635e-05
6.7334502e-05
7.984653997e-05
7.639675862e-05
7.288611498e-05
7.214946801e-05
6.619634781e-05
6.553494606e-05
7.222073063e-05
7.643971201e-05
6.577591753e-05
6.996047838e-05
6.911666659e-05
7.553492326e-05
7.462160604e-05
7.16066995e-05
7.302103666e-05
7.008159464e-05
6.699790383e-05
6.638572198e-05
6.995117247e-05
7.148972411e-05
6.634055345e-05
6.999852702e-05
7.333798747e-05
7.2704434e-05
7.182030278e-05
7.324687973e-05
7.124465534e-05
8.070734725e-05
6.640014699e-05
6.633854949e-05
8.515097891e-05
7.558285018e-05
6.126847261e-05
7.055972019e-05
6.566060792e-05
6.55028535e-05
8.391645703e-05
6.507890738e-05
7.406563381e-05
9.226703546e-05
7.346400471e-05
7.317752342e-05
7.734103747e-05
6.794239816e-05
6.754941851e-05
6.722003522e-05
7.125213531e-05
7.087085679e-05
7.039473444e-05
7.435951881e-05
7.382841117e-05
7.768157206e-05
7.709597996e-05
6.807067594e-05
7.17532647e-05
7.124257728e-05
6.234268411e-05
7.424881225e-05
7.361317827e-05
8.114631815e-05
7.238543964e-05
6.381106817e-05
5.927777981e-05
6.268569012e-05
6.59807482e-05
8.077833829e-05
6.857618208e-05
6.794373582e-05
7.849396167e-05
6.664134471e-05
6.964482029e-05
5.4446295e-05
6.108329909e-05
6.758743008e-05
7.393817241e-05
6.969865149e-05
6.897647052e-05
7.167516451e-05
7.767512486e-05
6.683804699e-05
6.281692775e-05
7.197075491e-05
7.442532196e-05
6.723604506e-05
7.282922161e-05
6.579235131e-05
7.125566439e-05
7.050081668e-05
7.273747759e-05
7.196762876e-05
7.114880755e-05
7.039763545e-05
6.958930948e-05
7.172657191e-05
7.373198702e-05
7.296077885e-05
7.488318389e-05
7.684981271e-05
6.78101559e-05
7.24801397e-05
6.897115894e-05
6.82667884e-05
6.745600481e-05
6.93424452e-05
7.359017736e-05
8.039156453e-05
7.198188665e-05
6.881394004e-05
7.284259922e-05
6.492011018e-05
7.12633536e-05
6.822691253e-05
7.437440412e-05
6.906720036e-05
7.505317426e-05
7.210230685e-05
8.013039505e-05
7.278168003e-05
7.189704014e-05
7.557006407e-05
7.251788248e-05
7.187913704e-05
7.309270949e-05
7.453166145e-05
7.15794086e-05
7.097348986e-05
7.097602492e-05
6.148470723e-05
7.087494008e-05
7.08092387e-05
8.011766623e-05
8.0004574e-05
7.042870324e-05
6.092200354e-05
7.943167327e-05
7.924094953e-05
7.431327498e-05
6.02043876e-05
7.840106319e-05
7.813447724e-05
7.31907071e-05
7.746207039e-05
6.798910002e-05
5.866528681e-05
5.832661618e-05
6.250719533e-05
7.542693348e-05
6.619728239e-05
7.013692933e-05
6.972939686e-05
7.78862791e-05
7.309877352e-05
6.401354686e-05
6.358499701e-05
6.308312229e-05
6.681005713e-05
6.625998488e-05
7.809257587e-05
6.927509651e-05
8.085670208e-05
7.613521188e-05
8.345466519e-05
7.088176405e-05
7.027231923e-05
7.348374829e-05
8.049450811e-05
7.213262353e-05
7.899059872e-05
6.704626512e-05
7.378840525e-05
7.30563487e-05
7.234381853e-05
7.161495038e-05
6.380965954e-05
7.719325648e-05
7.640567178e-05
7.217791543e-05
7.483198913e-05
7.741096364e-05
7.32719925e-05
7.2489045e-05
6.520650666e-05
6.772429652e-05
6.700933854e-05
6.942855909e-05
7.493862686e-05
6.484155062e-05
7.331970578e-05
6.947392537e-05
7.172733606e-05
7.091182357e-05
7.016321507e-05
7.224800925e-05
7.148829332e-05
6.783463888e-05
6.712513791e-05
6.910681071e-05
6.838882455e-05
7.028951132e-05
7.759176732e-05
7.13874768e-05
7.065840696e-05
6.981942774e-05
7.423324211e-05
7.081835014e-05
7.511858767e-05
8.164042652e-05
7.348614157e-05
6.776227708e-05
6.949906273e-05
6.866065962e-05
6.800179628e-05
7.412883463e-05
7.113374831e-05
7.027141614e-05
6.961816225e-05
7.320965138e-05
7.034247045e-05
7.165852675e-05
7.53193679e-05
7.015098457e-05
7.164017902e-05
6.868626289e-05
7.221986127e-05
6.93018357e-05
6.871529312e-05
7.54233735e-05
6.125377906e-05
7.531613676e-05
7.524636821e-05
6.103670812e-05
7.501612764e-05
7.016500458e-05
7.003150332e-05
6.982486192e-05
6.501348647e-05
6.015443281e-05
6.459389537e-05
7.351489333e-05
7.326508055e-05
6.836197067e-05
6.809573235e-05
7.676970732e-05
8.542512823e-05
5.811199416e-05
7.117416381e-05
6.630927719e-05
8.354290405e-05
6.988100564e-05
7.815963459e-05
6.466947466e-05
7.711788332e-05
6.378212916e-05
8.025018016e-05
7.542742206e-05
6.240938832e-05
8.252852096e-05
7.781341569e-05
8.12098886e-05
6.042685949e-05
5.989381219e-05
7.919943572e-05
6.670796741e-05
6.613471316e-05
7.708013318e-05
7.63930148e-05
6.053140573e-05
8.246379025e-05
6.310174987e-05
7.720928999e-05
6.916390838e-05
7.209431008e-05
7.493734333e-05
7.065626237e-05
7.692929288e-05
7.268350378e-05
6.850687712e-05
6.779768554e-05
7.044001977e-05
7.634309063e-05
7.552819771e-05
7.473453059e-05
7.392482563e-05
7.632474937e-05
6.919595358e-05
7.468768702e-05
7.077980267e-05
7.003019545e-05
6.92426515e-05
7.148864265e-05
7.36212636e-05
6.993035073e-05
7.77694497e-05
7.695172004e-05
7.887888569e-05
6.969097925e-05
7.438916223e-05
6.816324294e-05
7.275253401e-05
6.933589496e-05
6.588204946e-05
7.042591985e-05
7.732211996e-05
7.654052804e-05
7.310657077e-05
7.237599307e-05
7.397473126e-05
7.568614788e-05
6.753960139e-05
7.643655703e-05
6.843490515e-05
7.011533865e-05
7.619378398e-05
7.547377607e-05
7.455857263e-05
7.834212231e-05
6.85457401e-05
7.011030898e-05
6.709300938e-05
7.078059644e-05
6.779977364e-05
7.560296951e-05
7.468152973e-05
6.992341798e-05
7.110243585e-05
7.25150593e-05
7.044479588e-05
7.980137263e-05
8.910342149e-05
7.496500187e-05
8.419663686e-05
8.407793412e-05
6.524305501e-05
7.442170616e-05
6.956490349e-05
7.865114937e-05
7.376123309e-05
6.895081101e-05
7.782024457e-05
7.755596852e-05
7.719080254e-05
8.141333689e-05
5.849020868e-05
8.063148375e-05
5.789894583e-05
7.534554802e-05
7.928059068e-05
6.571433425e-05
6.527525892e-05
7.787577464e-05
6.873111813e-05
7.683909563e-05
6.778920388e-05
7.99614567e-05
6.680626639e-05
7.87688819e-05
7.401075798e-05
7.345538929e-05
8.092172334e-05
6.021272095e-05
7.161885781e-05
7.102819857e-05
6.647370355e-05
7.365602959e-05
6.912976244e-05
7.232014311e-05
6.786114996e-05
7.097149978e-05
7.398064318e-05
7.694260951e-05
6.167057293e-05
6.825419095e-05
6.401207825e-05
7.745602474e-05
6.621251997e-05
7.243601779e-05
7.168819354e-05
7.770303769e-05
7.354503871e-05
6.946927385e-05
7.20013273e-05
7.124487588e-05
7.367709331e-05
6.973002796e-05
7.523443794e-05
7.443842216e-05
7.36113885e-05
6.979723318e-05
7.201347371e-05
7.125153262e-05
7.044256038e-05
6.969902697e-05
7.464191242e-05
7.385711239e-05
7.581125778e-05
6.946146163e-05
6.865239606e-05
7.065671039e-05
6.71423079e-05
7.442428182e-05
7.354593074e-05
7.019495763e-05
6.936189225e-05
7.628970178e-05
7.035448312e-05
6.965136602e-05
6.88169906e-05
7.543825074e-05
7.933952446e-05
6.66628766e-05
6.115435825e-05
6.522647428e-05
7.134119963e-05
7.066700366e-05
6.980984725e-05
7.139181288e-05
7.052415019e-05
6.551219526e-05
6.902905812e-05
6.413394226e-05
7.179932916e-05
7.32601449e-05
7.236662171e-05
7.379146809e-05
7.289107746e-05
7.227435803e-05
7.018215227e-05
7.482718515e-05
9.344360338e-05
6.068215717e-05
7.45628968e-05
6.049699537e-05
7.892928556e-05
7.414521199e-05
7.392733177e-05
6.453137727e-05
6.430224187e-05
6.411605916e-05
8.209381819e-05
6.817933657e-05
7.690681016e-05
7.660767826e-05
8.965500739e-05
7.587296364e-05
6.656244685e-05
7.507056887e-05
7.021525579e-05
6.984052599e-05
7.804656082e-05
6.897241695e-05
8.132387585e-05
8.932270241e-05
7.176751433e-05
8.386821403e-05
5.824669566e-05
5.78331829e-05
6.965063392e-05
6.506192873e-05
6.854025651e-05
6.40001011e-05
7.533175521e-05
6.684652225e-05
7.403414746e-05
7.726168799e-05
6.506192071e-05
6.448250591e-05
7.1383114e-05
7.072598213e-05
7.741198798e-05
7.667776491e-05
7.230483423e-05
7.160042104e-05
7.79700153e-05
7.368324749e-05
6.251460926e-05
6.875258233e-05
6.123927104e-05
6.73395851e-05
5.997064036e-05
6.923556977e-05
7.175992128e-05
7.746126447e-05
7.023836296e-05
6.317933336e-05
7.498405875e-05
7.109953159e-05
7.336722221e-05
7.259041641e-05
7.177533137e-05
7.101599025e-05
7.021025013e-05
8.104743333e-05
7.153495342e-05
7.078286267e-05
6.996516464e-05
7.200278885e-05
6.569032551e-05
6.771651497e-05
6.692260566e-05
6.888211819e-05
7.068749251e-05
6.996550534e-05
6.913536588e-05
7.097114648e-05
7.012482096e-05
7.686223876e-05
7.349182994e-05
6.306423473e-05
6.70986118e-05
7.119128224e-05
7.033222836e-05
7.197908543e-05
7.340176056e-05
7.270804721e-05
7.182588818e-05
6.893439291e-05
7.02929335e-05
7.400371289e-05
7.525253276e-05
7.457716098e-05
6.945817226e-05
6.467397214e-05
7.212778756e-05
7.150499351e-05
7.264982848e-05
7.003427025e-05
7.924432117e-05
6.523061635e-05
7.913221717e-05
6.975800153e-05
6.500060393e-05
6.954543889e-05
7.401133339e-05
6.46369191e-05
7.825751742e-05
7.347770753e-05
5.948908265e-05
6.387978239e-05
6.815997214e-05
7.245737733e-05
7.662489978e-05
8.979653399e-05
8.039473997e-05
6.670235929e-05
7.958423282e-05
7.039773132e-05
7.433327999e-05
5.653993094e-05
6.912431936e-05
6.442849639e-05
6.397236636e-05
7.204932811e-05
6.309780761e-05
8.774706079e-05
8.291342056e-05
6.586012453e-05
7.756915197e-05
8.103977176e-05
7.231633626e-05
7.573268898e-05
8.69204849e-05
7.836765528e-05
8.154186045e-05
7.314297072e-05
7.627788058e-05
6.803902011e-05
6.73926886e-05
7.048215731e-05
6.612526218e-05
7.641473731e-05
7.205775351e-05
7.49238057e-05
7.417282266e-05
6.993610599e-05
7.268684528e-05
7.879807417e-05
6.781435459e-05
7.046849099e-05
6.641047397e-05
6.900343283e-05
6.501829875e-05
7.720258548e-05
7.63686017e-05
7.241451121e-05
7.162136803e-05
7.394485077e-05
7.312467034e-05
7.23505333e-05
7.153875888e-05
7.078200006e-05
6.997946711e-05
7.212597967e-05
7.415240111e-05
6.772877066e-05
6.973622833e-05
7.17672093e-05
7.366023188e-05
7.55947804e-05
7.204068347e-05
7.657946334e-05
7.828578331e-05
7.748616469e-05
7.911924975e-05
6.821365405e-05
6.989665331e-05
6.42553129e-05
6.836922012e-05
7.494729641e-05
6.926885056e-05
7.095957204e-05
7.244001112e-05
6.943033788e-05
7.544889174e-05
7.020634417e-05
7.382877342e-05
7.314231226e-05
7.006322795e-05
7.159239579e-05
7.286312403e-05
6.796159873e-05
6.713237899e-05
7.277943901e-05
7.394453968e-05
6.923355775e-05
7.241017116e-05
7.179771766e-05
8.823941615e-05
7.891551213e-05
6.956431095e-05
6.95000513e-05
7.401195517e-05
7.852703928e-05
6.912966532e-05
6.899844527e-05
6.879651383e-05
6.863182032e-05
7.75076528e-05
8.637568375e-05
8.149232658e-05
7.670409134e-05
7.185416339e-05
6.710159819e-05
7.565200136e-05
7.975171623e-05
7.929563777e-05
6.575875435e-05
6.099454461e-05
6.933651385e-05
7.318045152e-05
6.847682891e-05
7.649198971e-05
6.334558073e-05
6.287295196e-05
6.661694183e-05
8.261937639e-05
7.793188107e-05
6.915906305e-05
8.075416009e-05
6.405549489e-05
7.54671334e-05
7.874260274e-05
8.590369051e-05
6.578068126e-05
7.672538138e-05
6.841274515e-05
6.40371862e-05
6.7160875e-05
8.133053542e-05
6.956000443e-05
7.252715054e-05
7.540297348e-05
7.466891546e-05
7.040136881e-05
6.621433984e-05
7.589124744e-05
7.170356978e-05
7.096594539e-05
7.692077883e-05
6.618839833e-05
7.204774484e-05
6.480175747e-05
6.732742487e-05
7.611522723e-05
7.531240915e-05
7.138458909e-05
7.370051147e-05
7.288371694e-05
7.211223042e-05
7.130374075e-05
7.054954676e-05
7.556271265e-05
7.188973737e-05
7.106735124e-05
6.750744912e-05
7.228913676e-05
7.703571752e-05
7.070114451e-05
6.458458023e-05
7.180648551e-05
7.633050114e-05
6.762736072e-05
6.951107171e-05
7.123067586e-05
7.051052454e-05
6.718175259e-05
7.390025001e-05
7.301519241e-05
7.711402099e-05
7.142501099e-05
6.601407424e-05
6.288815796e-05
6.920496895e-05
6.608820579e-05
6.99782593e-05
6.912875207e-05
7.290440917e-05
7.419970747e-05
7.35215874e-05
7.476138942e-05
7.197356035e-05
6.900385013e-05
7.461405667e-05
7.165481765e-05
7.306583226e-05
7.016730954e-05
7.156174727e-05
8.28234447e-05
6.207946374e-05
5.165144071e-05
3.095565602e-05
7.203240291e-05
5.136483723e-05
8.18682788e-05
5.105177929e-05
8.12838481e-05
9.118287913e-05
9.064766433e-05
5.018534305e-05
9.968903433e-05
6.949798169e-05
5.911407756e-05
7.844961638e-05
9.723428987e-05
8.704835254e-05
3.83334345e-05
4.763533571e-05
8.490047485e-05
6.560813827e-05
9.274782017e-05
7.36793944e-05
0.0001001969577
9.944401334e-05
4.468364146e-05
3.546070755e-05
4.379864565e-05
4.342786811e-05
6.005277412e-05
7.652433668e-05
7.555976312e-05
7.485878612e-05
7.389382086e-05
5.691968242e-05
9.629501436e-05
7.150348889e-05
9.406628099e-05
8.534689591e-05
7.654004236e-05
7.574044279e-05
6.723635563e-05
8.130302256e-05
6.560604075e-05
5.768631699e-05
8.533302119e-05
7.033344927e-05
6.242153638e-05
8.23111124e-05
6.76386231e-05
6.688878952e-05
7.914965345e-05
7.826977959e-05
7.718163411e-05
7.632341057e-05
6.272057713e-05
7.442948865e-05
7.340066e-05
7.258951557e-05
7.159085884e-05
7.080451023e-05
6.983616244e-05
6.907506866e-05
6.813705129e-05
6.740141972e-05
6.649366518e-05
7.12654328e-05
7.031467209e-05
7.492436323e-05
7.393540852e-05
6.271305592e-05
7.221097593e-05
6.636415963e-05
7.054927902e-05
7.482307657e-05
6.894923555e-05
7.80129537e-05
8.185455072e-05
7.151479513e-05
6.592914241e-05
6.99544974e-05
6.91139717e-05
7.758193572e-05
6.76498576e-05
7.148117433e-05
7.50770129e-05
7.875560882e-05
8.220165512e-05
7.716141168e-05
7.632370257e-05
7.983346056e-05
7.483670415e-05
7.828470325e-05
5.709847145e-05
7.275768899e-05
7.20486439e-05
8.33110161e-05
7.467401633e-05
7.011780101e-05
7.187753558e-05
0.0001026194296
8.196704117e-05
5.117136079e-05
0.0001020645989
4.075707285e-05
5.075194812e-05
8.10196318e-05
5.039138271e-05
7.03467148e-05
6.993621563e-05
6.969451172e-05
6.922392007e-05
7.87914832e-05
8.796629147e-05
5.837021364e-05
5.78802579e-05
6.717097104e-05
6.65584539e-05
6.616847715e-05
4.680093053e-05
4.650006613e-05
6.442427041e-05
8.225339993e-05
7.23155415e-05
9.868846698e-05
7.095471711e-05
7.03879638e-05
7.824911706e-05
6.03463907e-05
5.109358869e-05
7.596058455e-05
7.500749455e-05
4.954207453e-05
8.151048633e-05
7.265462837e-05
6.373732697e-05
6.310507157e-05
6.226684843e-05
7.70401524e-05
7.600374461e-05
7.521104417e-05
5.935115154e-05
6.606036746e-05
7.23950697e-05
6.44524395e-05
7.062728853e-05
6.985608533e-05
6.88900185e-05
6.813127267e-05
6.71870096e-05
7.308713384e-05
7.207350115e-05
6.479358684e-05
7.028516121e-05
6.318563584e-05
7.477406858e-05
7.394485057e-05
7.292551946e-05
7.212008109e-05
7.113040988e-05
7.034949021e-05
7.517209966e-05
6.863369403e-05
7.334565529e-05
7.255402264e-05
6.607272599e-05
6.536717746e-05
6.98713533e-05
6.913406938e-05
7.347086609e-05
6.23190472e-05
7.175854304e-05
8.116717585e-05
8.012367657e-05
6.939819604e-05
7.830724009e-05
7.752584027e-05
7.177415425e-05
6.159280156e-05
7.955763432e-05
7.415267692e-05
8.241941128e-05
5.895712834e-05
6.722741204e-05
6.21552959e-05
7.021871558e-05
7.391486179e-05
6.878842103e-05
7.667747669e-05
6.320309933e-05
7.933132993e-05
7.436436403e-05
5.731939614e-05
7.29469969e-05
6.426366271e-05
7.556694124e-05
6.307095692e-05
7.029072695e-05
6.579858729e-05
8.147906537e-05
9.1608138e-05
7.113988248e-05
5.075678959e-05
7.086753124e-05
7.074845289e-05
7.048009207e-05
6.027532485e-05
8.997652408e-05
7.975155096e-05
6.937775599e-05
6.913855671e-05
5.886375596e-05
3.908338381e-05
5.818172214e-05
6.756233151e-05
5.742714893e-05
8.56877192e-05
7.547606027e-05
4.689682959e-05
8.359302046e-05
7.382840535e-05
6.3932685e-05
8.162716429e-05
7.176895764e-05
5.342417175e-05
8.802959686e-05
6.112966786e-05
6.903945885e-05
7.701487133e-05
7.607842027e-05
5.864839396e-05
6.618954711e-05
8.197259462e-05
8.90177788e-05
8.014929677e-05
7.119506768e-05
6.265791449e-05
9.274362895e-05
7.649990248e-05
6.792741899e-05
8.962679376e-05
7.367795431e-05
7.289600691e-05
6.471122885e-05
6.401382452e-05
7.015025822e-05
6.938515759e-05
6.842902767e-05
6.090850392e-05
6.674138682e-05
6.600281508e-05
7.159947181e-05
7.080482418e-05
6.982655504e-05
5.649648052e-05
7.428979959e-05
7.346648297e-05
7.245649075e-05
7.165667924e-05
7.067584597e-05
6.990028116e-05
6.894877243e-05
7.38810845e-05
6.727579017e-05
7.209570498e-05
7.659992993e-05
6.495611431e-05
6.943358954e-05
6.870101001e-05
7.822727649e-05
6.709078834e-05
7.131174423e-05
6.553767974e-05
7.962586926e-05
6.404073716e-05
6.809377465e-05
7.704477216e-05
8.083986066e-05
6.591944062e-05
6.046119485e-05
6.908718198e-05
6.825705914e-05
6.760556115e-05
7.57182377e-05
6.176941584e-05
6.542082043e-05
6.913432007e-05
7.263229218e-05
7.196626441e-05
7.118252762e-05
7.053700515e-05
6.158162414e-05
6.102845738e-05
7.248753511e-05
7.184135892e-05
7.113663272e-05
7.050596255e-05
7.760379499e-05
6.922609022e-05
5.051444393e-05
5.048380627e-05
8.064908613e-05
5.034888181e-05
6.025638032e-05
9.023306213e-05
6.991661306e-05
7.972499481e-05
4.958897281e-05
6.922747452e-05
8.849332878e-05
9.798771605e-05
8.760021454e-05
8.724586556e-05
4.810540589e-05
9.576351432e-05
6.64779256e-05
6.612917861e-05
6.553261833e-05
9.307219491e-05
9.217142092e-05
9.158177993e-05
7.251262262e-05
8.101039227e-05
8.01343961e-05
4.41869551e-05
6.990052764e-05
6.934477927e-05
8.566465804e-05
5.096662498e-05
8.391626519e-05
7.48576373e-05
6.571273579e-05
8.95220162e-05
7.231352799e-05
7.162150375e-05
7.069282988e-05
8.554844355e-05
5.372275636e-05
6.837045919e-05
7.495338378e-05
7.41741427e-05
5.122177199e-05
7.963833968e-05
7.85557841e-05
7.064570997e-05
6.967962859e-05
7.581259044e-05
7.477158199e-05
8.067239921e-05
7.293179998e-05
7.868228559e-05
7.759814962e-05
6.394801088e-05
6.937389482e-05
6.236743073e-05
6.766078266e-05
6.082855412e-05
7.199345671e-05
7.119919447e-05
7.022705502e-05
6.945677245e-05
7.422293765e-05
7.341495738e-05
6.685327317e-05
7.164314128e-05
7.068385597e-05
6.99293712e-05
6.369348652e-05
8.402872895e-05
7.774186761e-05
7.693212266e-05
6.580829812e-05
8.016259887e-05
6.924243331e-05
6.364523837e-05
7.250780943e-05
8.135523989e-05
7.561589769e-05
7.487227474e-05
7.395549814e-05
6.86615395e-05
6.33140873e-05
7.166812512e-05
7.525124084e-05
7.015805434e-05
7.801998166e-05
6.441286743e-05
6.793649608e-05
5.46921496e-05
7.906284071e-05
7.009885833e-05
6.527764281e-05
6.469128275e-05
7.203382499e-05
6.742558426e-05
7.068923103e-05
6.227799284e-05
6.554610777e-05
7.643187358e-05
5.011102033e-05
7.011304035e-05
4.000293774e-05
9.989495615e-05
7.970255478e-05
5.967695138e-05
5.945320498e-05
6.920643526e-05
7.871564013e-05
4.905793185e-05
6.828717283e-05
4.860917002e-05
6.760107187e-05
9.618323964e-05
4.773193378e-05
8.551899413e-05
6.596553319e-05
7.49946371e-05
8.361188732e-05
6.465322148e-05
7.317797736e-05
6.362209317e-05
8.096359106e-05
8.933652331e-05
7.070020833e-05
6.140220405e-05
5.203881977e-05
4.302168568e-05
5.952748153e-05
6.746065001e-05
7.497886086e-05
8.257565356e-05
5.708740185e-05
7.27227989e-05
6.382371368e-05
7.901764631e-05
8.57971014e-05
7.722793221e-05
7.621471366e-05
8.298600145e-05
5.210731087e-05
6.629970603e-05
7.267681396e-05
7.909849134e-05
7.09338861e-05
6.31542634e-05
6.921527167e-05
7.530830669e-05
7.427784145e-05
6.678380482e-05
7.904117142e-05
7.816800497e-05
5.782080805e-05
7.624013462e-05
6.892706566e-05
7.435946807e-05
7.333983898e-05
7.252807868e-05
7.153630314e-05
7.074751417e-05
6.978392774e-05
6.901885628e-05
6.808365112e-05
6.734277703e-05
7.197236602e-05
7.119622387e-05
7.564817118e-05
8.018663154e-05
7.384926194e-05
6.785096611e-05
6.69607862e-05
7.645772109e-05
6.03725426e-05
7.469022937e-05
7.86485841e-05
7.298607068e-05
8.167198431e-05
7.134405686e-05
7.515295934e-05
8.371544861e-05
6.43149746e-05
7.279051694e-05
8.090536233e-05
7.568091581e-05
7.918937907e-05
7.844381155e-05
6.461744557e-05
8.53563072e-05
7.59581978e-05
7.526142038e-05
6.61682849e-05
6.966612108e-05
7.298245359e-05
7.23268921e-05
6.76087726e-05
7.488936849e-05
7.024742189e-05
7.73611766e-05
6.513423194e-05
7.595197219e-05
6.959958515e-05
6.955769111e-05
7.937284341e-05
7.928387849e-05
5.930502188e-05
8.880911684e-05
6.88162593e-05
7.847108186e-05
3.904937345e-05
7.787804738e-05
3.871693631e-05
5.787657109e-05
6.707690033e-05
9.543834781e-05
6.630990238e-05
6.600308219e-05
8.4164116e-05
8.372469617e-05
9.219703467e-05
7.332964725e-05
7.262723454e-05
5.41236243e-05
7.143078122e-05
4.433577435e-05
9.649431265e-05
6.09494478e-05
7.748685475e-05
6.833206419e-05
5.065375556e-05
5.860133555e-05
7.444091457e-05
7.378626122e-05
5.668200068e-05
7.220771323e-05
6.33751314e-05
8.63100927e-05
9.294575524e-05
6.1353674e-05
8.325895545e-05
6.743131067e-05
5.914532711e-05
7.316544302e-05
6.496773984e-05
7.856591272e-05
5.63678758e-05
7.667376638e-05
6.875706288e-05
7.48106873e-05
6.708234436e-05
6.634641555e-05
7.198322344e-05
7.118870326e-05
5.744787738e-05
6.943664272e-05
6.848595562e-05
7.388417396e-05
6.680108537e-05
7.206780932e-05
7.108491873e-05
7.030152857e-05
7.512522073e-05
6.858642753e-05
7.3297446e-05
7.250012846e-05
6.602396305e-05
7.619752831e-05
6.981102727e-05
7.437893195e-05
8.912263551e-05
6.743378391e-05
7.166964039e-05
7.092319216e-05
7.500441334e-05
7.918258446e-05
8.305443782e-05
8.704899272e-05
8.117458452e-05
6.618214315e-05
7.936413336e-05
6.009312709e-05
8.218762406e-05
7.686923682e-05
6.70108046e-05
7.964484237e-05
6.558910404e-05
6.063999802e-05
6.422311214e-05
6.786818546e-05
7.549359152e-05
6.233412775e-05
8.220297179e-05
7.738442252e-05
8.462201981e-05
5.990136787e-05
7.90480368e-05
7.834370923e-05
6.981110108e-05
7.303685544e-05
7.995750005e-05
6.793025366e-05
8.878176068e-05
7.886979465e-05
4.921859388e-05
7.866171243e-05
7.845402642e-05
8.811386545e-05
8.778724599e-05
7.785880111e-05
8.717787859e-05
5.795471628e-05
4.802167562e-05
4.785763669e-05
9.508684998e-05
4.735245248e-05
2.820127232e-05
0.0001122843494
7.424466841e-05
0.0001015546776
6.40518155e-05
8.187560494e-05
5.406353974e-05
7.162684399e-05
7.090187616e-05
4.40082002e-05
6.095496976e-05
6.914665095e-05
7.692378383e-05
6.783671855e-05
5.867082352e-05
7.48037932e-05
7.391063243e-05
8.954243438e-05
8.040330964e-05
7.966652534e-05
7.866601348e-05
7.791750711e-05
6.15357788e-05
4.569818239e-05
6.013790561e-05
6.697134564e-05
8.077428857e-05
7.993844292e-05
7.170251598e-05
8.513504504e-05
6.299288752e-05
8.308997381e-05
7.513536902e-05
8.107592842e-05
6.664515215e-05
7.909766187e-05
7.151812852e-05
7.072940604e-05
7.610630203e-05
7.526428053e-05
6.805045559e-05
7.341491728e-05
7.241386635e-05
7.161334494e-05
7.652579453e-05
6.986113065e-05
7.465709409e-05
6.815938369e-05
7.284330156e-05
7.759361171e-05
7.108505742e-05
7.572805737e-05
6.938264682e-05
6.864248382e-05
6.252558248e-05
6.186618504e-05
7.123304965e-05
8.056134026e-05
6.957883604e-05
6.886381986e-05
7.769499742e-05
7.690771545e-05
8.542927757e-05
7.048008451e-05
6.96036396e-05
6.891871175e-05
7.261391137e-05
7.190987662e-05
6.660543832e-05
7.036698266e-05
6.953805659e-05
8.610378274e-05
6.808913324e-05
7.167240789e-05
7.503463432e-05
8.673710086e-05
7.353159711e-05
6.881647946e-05
7.60943288e-05
7.144183926e-05
6.677802545e-05
7.007624054e-05
6.938016696e-05
7.640655087e-05
6.43258163e-05
6.750902202e-05
7.830161156e-05
7.82548272e-05
7.813636362e-05
3.90246175e-05
5.838323756e-05
0.0001068581741
9.678571974e-05
8.691300133e-05
7.689352028e-05
9.584649128e-05
9.530586422e-05
8.54829317e-05
5.661648949e-05
9.398264913e-05
8.396193503e-05
7.42890978e-05
0.0001013173501
8.246523023e-05
8.173668198e-05
7.22352123e-05
8.04940309e-05
7.998391982e-05
5.278555952e-05
8.73708622e-05
7.779989559e-05
6.00636749e-05
8.485426351e-05
5.892993998e-05
6.657334236e-05
8.252302183e-05
7.338785181e-05
8.082791097e-05
6.387226282e-05
7.91101398e-05
4.687246624e-05
9.285461494e-05
7.639199302e-05
8.320665654e-05
8.212801846e-05
8.129930497e-05
5.834993169e-05
7.218381003e-05
8.547011732e-05
8.456943823e-05
5.562441525e-05
6.878594392e-05
6.785860768e-05
6.712265465e-05
5.959225946e-05
7.203746268e-05
7.751891468e-05
7.666472449e-05
7.562168553e-05
7.478566192e-05
6.762045922e-05
6.687228506e-05
7.195959338e-05
7.116457641e-05
7.019902598e-05
6.942621605e-05
6.848747573e-05
6.77376248e-05
6.682592322e-05
6.60995247e-05
7.608413854e-05
6.451228804e-05
7.956864418e-05
7.871997991e-05
7.250336464e-05
6.661462285e-05
7.080174588e-05
8.00735824e-05
7.409859542e-05
7.333710249e-05
7.722682326e-05
8.122196642e-05
6.132768493e-05
6.538550489e-05
7.840988784e-05
6.393729597e-05
6.315528381e-05
8.041218647e-05
7.061861002e-05
6.994370419e-05
7.343947109e-05
8.130605095e-05
7.613845186e-05
6.704954955e-05
7.458122378e-05
6.56859718e-05
6.090498898e-05
6.437589003e-05
6.368974767e-05
7.100738613e-05
7.027439402e-05
7.738714536e-05
7.661613377e-05
7.973491972e-05
6.392908733e-05
7.082037015e-05
6.798367579e-05
7.764937567e-05
5.814934395e-05
4.840388854e-05
9.655501348e-05
5.783701088e-05
6.722917143e-05
7.666246357e-05
6.676665583e-05
6.657922879e-05
7.566369341e-05
5.655478566e-05
6.555204942e-05
7.461706107e-05
5.555314638e-05
7.373049163e-05
7.313438692e-05
6.366080058e-05
9.01446294e-05
8.066267416e-05
5.326773526e-05
6.175275561e-05
6.113381806e-05
6.938777935e-05
8.581929971e-05
7.666762299e-05
8.424648909e-05
5.850885619e-05
7.436374971e-05
8.193910002e-05
6.47754797e-05
5.618315894e-05
7.928517653e-05
4.713688313e-05
5.43081327e-05
6.147806487e-05
6.06971636e-05
6.010262256e-05
8.157399369e-05
7.341109711e-05
6.52052282e-05
7.88730859e-05
8.490479413e-05
6.300847291e-05
6.907498896e-05
7.516982221e-05
8.09017537e-05
6.00189709e-05
5.920887915e-05
7.157475672e-05
6.418703543e-05
6.348033177e-05
6.888126823e-05
7.431309208e-05
7.330457764e-05
7.24940618e-05
7.151098445e-05
7.072139731e-05
6.976430862e-05
6.8996683e-05
6.806596389e-05
6.732105336e-05
7.195168908e-05
6.569524592e-05
7.021936067e-05
6.411965088e-05
6.326904616e-05
6.78105535e-05
7.20655681e-05
6.621246042e-05
7.540246458e-05
6.964273335e-05
6.874358567e-05
7.289688988e-05
7.196649145e-05
7.598624549e-05
6.565018695e-05
7.892169205e-05
6.418696841e-05
6.809473489e-05
6.72620983e-05
7.105029005e-05
6.580924291e-05
7.387083054e-05
7.729420082e-05
6.80584458e-05
7.147759944e-05
8.330949134e-05
6.589623108e-05
7.345274968e-05
6.860987011e-05
7.998507344e-05
7.517441619e-05
7.449919535e-05
6.59674462e-05
8.076344838e-05
6.472661661e-05
6.792767805e-05
6.353722201e-05
6.668203895e-05
4.818684677e-05
6.742156827e-05
7.693781697e-05
8.645901157e-05
6.707128105e-05
5.73946178e-05
8.577808177e-05
6.656822935e-05
8.519054248e-05
9.439101234e-05
6.57050477e-05
7.48366741e-05
7.435320714e-05
4.628534508e-05
6.432763077e-05
4.573763967e-05
7.259160642e-05
6.31890738e-05
7.158452069e-05
7.117296554e-05
8.813092399e-05
9.633243717e-05
6.069099289e-05
8.610778252e-05
7.668292008e-05
6.766089018e-05
6.691788736e-05
8.299106773e-05
7.383997306e-05
7.322704528e-05
6.432370429e-05
7.970327912e-05
7.086392233e-05
6.241628969e-05
5.393686795e-05
8.39559179e-05
9.042955429e-05
6.715897496e-05
7.36612669e-05
6.562834591e-05
7.196955698e-05
6.410535184e-05
6.326017516e-05
6.259535634e-05
7.548792771e-05
8.147076356e-05
8.037999603e-05
6.625843578e-05
6.536711131e-05
7.111795685e-05
7.01582187e-05
7.569425331e-05
7.467073486e-05
7.384645708e-05
7.284716222e-05
6.603872266e-05
7.106793427e-05
7.028370387e-05
6.933494223e-05
8.000117092e-05
6.764960877e-05
6.690957424e-05
6.601293983e-05
7.617852945e-05
6.979437149e-05
7.435372487e-05
7.860978373e-05
7.777165948e-05
7.163302692e-05
6.581512468e-05
6.995461967e-05
7.911557346e-05
6.345247592e-05
7.246193058e-05
7.15380001e-05
7.081288279e-05
6.525987173e-05
6.460781689e-05
8.659341278e-05
7.671543648e-05
7.577763958e-05
8.38709369e-05
6.541824103e-05
5.615369705e-05
6.829732948e-05
6.765351468e-05
6.269276061e-05
7.453173068e-05
7.778457004e-05
6.895774591e-05
6.418735538e-05
7.155548152e-05
8.258830315e-05
7.794904601e-05
7.714057815e-05
7.64536587e-05
6.811870536e-05
7.876888346e-05
6.686484506e-05
7.732211556e-05
3.825568742e-05
7.646615032e-05
6.680819882e-05
7.626772314e-05
9.508844119e-05
5.695894104e-05
8.512864262e-05
6.606454248e-05
7.515384922e-05
6.557580723e-05
6.521187973e-05
7.427551121e-05
3.689909884e-05
8.269245145e-05
7.297193561e-05
8.171787154e-05
7.205682326e-05
4.480306185e-05
5.329582928e-05
7.948515623e-05
7.874252863e-05
7.824687933e-05
8.607790974e-05
8.548983922e-05
0.0001015151653
6.717972444e-05
7.475102165e-05
5.768448736e-05
4.888234879e-05
5.655699067e-05
6.387818703e-05
7.123735631e-05
8.60174872e-05
5.424065877e-05
7.652949266e-05
7.580664048e-05
8.233651047e-05
8.153275972e-05
8.048806991e-05
7.24361883e-05
5.719615765e-05
7.783575191e-05
8.379629008e-05
8.291682893e-05
6.818160362e-05
7.419954704e-05
7.986492516e-05
7.241808005e-05
7.144711341e-05
7.709121898e-05
7.605418443e-05
7.521817341e-05
6.80204912e-05
7.338564579e-05
7.239541987e-05
7.159602103e-05
7.063034018e-05
6.985139485e-05
7.465339766e-05
6.815336687e-05
6.723831632e-05
6.650309465e-05
7.108163959e-05
7.030979042e-05
9.072049437e-05
7.918567778e-05
6.772043879e-05
6.699854729e-05
6.611952938e-05
7.548753375e-05
7.947270069e-05
7.372979453e-05
6.792815074e-05
6.722998902e-05
7.585555312e-05
7.508659528e-05
7.414190882e-05
7.340099335e-05
7.249014867e-05
7.177624301e-05
6.646786503e-05
7.898738754e-05
7.803822952e-05
5.582190327e-05
6.789353453e-05
6.725337355e-05
6.647626768e-05
7.820633581e-05
6.511403072e-05
7.258062653e-05
6.380531786e-05
7.903281025e-05
6.254861453e-05
6.973516275e-05
6.517630925e-05
6.459601343e-05
8.275465051e-05
6.338133521e-05
7.753660628e-05
6.953479792e-05
7.593268313e-05
0.0001043459422
6.630354871e-05
7.569182221e-05
9.437173593e-05
9.421638134e-05
6.571363835e-05
7.493533786e-05
7.459132084e-05
4.648953829e-05
4.623289988e-05
7.372270144e-05
8.240783913e-05
5.472031722e-05
6.338028404e-05
9.012995683e-05
8.047109474e-05
7.11614708e-05
3.527264471e-05
5.260613063e-05
6.948934318e-05
5.178967435e-05
5.982431344e-05
5.941649135e-05
9.239702208e-05
5.002901545e-05
9.072173622e-05
9.819591995e-05
8.090471936e-05
8.023588497e-05
7.929849848e-05
7.074856245e-05
9.319811466e-05
6.156816065e-05
6.841203613e-05
7.52966741e-05
6.691639494e-05
7.362696436e-05
7.268716209e-05
7.915421803e-05
7.812975426e-05
7.029750025e-05
7.631508683e-05
6.865018278e-05
6.774352125e-05
8.042590069e-05
7.274337891e-05
7.849942565e-05
7.099616948e-05
7.660541326e-05
7.557816459e-05
7.47480447e-05
7.374340378e-05
6.685300406e-05
7.194924571e-05
7.115529284e-05
7.019810199e-05
6.942437152e-05
6.849187194e-05
6.773939246e-05
7.240132765e-05
7.160998434e-05
8.695933291e-05
6.451154681e-05
6.895964155e-05
7.871237675e-05
8.285200859e-05
6.659979339e-05
7.078333659e-05
8.504523282e-05
7.406520548e-05
6.352142627e-05
6.752764501e-05
6.683357348e-05
7.069614478e-05
7.464471182e-05
6.44930011e-05
9.12120156e-05
7.206458471e-05
8.473374402e-05
6.607774086e-05
6.107391807e-05
6.896001308e-05
6.830031677e-05
7.593129701e-05
7.521518014e-05
7.434553502e-05
7.365389527e-05
7.282108474e-05
5.210998385e-05
6.739203871e-05
7.856513122e-05
7.383550797e-05
7.702350986e-05
6.859886225e-05
6.043393927e-05
8.225911212e-05
7.78259752e-05
7.33999173e-05
7.275429813e-05
7.536267956e-05
4.707402739e-05
9.400923629e-05
6.573398424e-05
7.493260305e-05
6.545832282e-05
7.454117892e-05
7.437679388e-05
9.254643871e-05
9.228883131e-05
7.342562856e-05
5.488354475e-05
6.362358654e-05
8.147749167e-05
8.988142543e-05
7.157762116e-05
8.876319029e-05
7.947633504e-05
8.754613444e-05
6.093229535e-05
6.899253442e-05
6.856015079e-05
5.091444872e-05
8.428018376e-05
8.34070286e-05
8.279704464e-05
7.371002788e-05
7.313531902e-05
8.838133004e-05
7.171539597e-05
3.937838371e-05
7.026643058e-05
8.485365014e-05
6.87967664e-05
6.795375222e-05
7.479352316e-05
5.170085034e-05
7.313977208e-05
7.943067822e-05
5.718946716e-05
7.762149178e-05
6.984122692e-05
6.893029826e-05
6.820875882e-05
8.077323901e-05
7.991345549e-05
7.228314144e-05
7.800365181e-05
7.055088219e-05
6.978188434e-05
6.884906092e-05
7.428375628e-05
7.328832228e-05
7.248106368e-05
7.150853743e-05
7.071995749e-05
7.558538215e-05
8.050296043e-05
6.807797875e-05
6.733041679e-05
6.64305545e-05
7.665556958e-05
7.023238021e-05
8.015800366e-05
6.854971951e-05
6.259576002e-05
8.236165851e-05
8.148400975e-05
7.036600594e-05
6.465122401e-05
6.872126897e-05
6.31481368e-05
7.19269654e-05
6.644180539e-05
6.559709692e-05
7.884599882e-05
7.785548887e-05
8.161118153e-05
7.164398826e-05
6.650450852e-05
6.131269157e-05
7.372828671e-05
7.712714948e-05
8.063299081e-05
7.96813704e-05
8.308390654e-05
7.391042229e-05
6.915475951e-05
7.239395503e-05
6.774402747e-05
5.123196442e-05
6.638751145e-05
7.726288558e-05
8.039738199e-05
5.682699122e-05
6.383066851e-05
7.433588456e-05
6.999503739e-05
8.025684281e-05
7.231933592e-05
6.545102367e-05
8.410209084e-05
8.397871713e-05
7.45657241e-05
6.507917919e-05
7.425428435e-05
6.47406813e-05
9.228314339e-05
5.511836602e-05
8.244788293e-05
7.288664798e-05
8.172158197e-05
9.022724352e-05
7.189626867e-05
3.569167732e-05
7.994126878e-05
7.931106962e-05
7.890436819e-05
7.82277756e-05
6.913951875e-05
7.706562641e-05
8.509298116e-05
6.740804366e-05
5.021286182e-05
6.626000183e-05
6.577643082e-05
8.133369842e-05
8.877092575e-05
6.383700308e-05
7.913920798e-05
7.822238785e-05
8.529989773e-05
5.363493068e-05
8.352131122e-05
8.250191574e-05
5.943764155e-05
7.337166513e-05
7.265898496e-05
7.89123328e-05
6.391928498e-05
7.711979943e-05
8.326900605e-05
7.533786635e-05
6.099567781e-05
6.019562784e-05
7.279020759e-05
7.835857208e-05
7.10545925e-05
7.648488628e-05
6.304328467e-05
7.464378023e-05
7.38252e-05
7.283882309e-05
7.203708409e-05
7.107319519e-05
7.02899166e-05
6.934930479e-05
6.858579881e-05
6.766905778e-05
6.692634984e-05
6.603390811e-05
6.531275813e-05
7.51857242e-05
6.374583049e-05
7.338653767e-05
6.222603838e-05
6.652512623e-05
6.581635762e-05
6.995356752e-05
8.404845961e-05
6.831976e-05
6.760837896e-05
8.580939011e-05
7.077278946e-05
7.453213101e-05
7.838738915e-05
7.74033608e-05
6.31066498e-05
6.677650579e-05
6.611848981e-05
6.966514327e-05
6.467683393e-05
7.667954067e-05
7.172644929e-05
6.671029872e-05
8.673112211e-05
6.939813003e-05
6.066374788e-05
5.597807191e-05
7.5272293e-05
6.268601287e-05
6.211694718e-05
7.680956643e-05
7.61196947e-05
7.532300588e-05
6.718738972e-05
8.498042977e-05
7.690537421e-05
6.890049676e-05
6.470058928e-05
8.352896145e-05
6.492909544e-05
7.409637547e-05
5.55113605e-05
5.537100636e-05
9.213404733e-05
7.344563153e-05
5.49632387e-05
8.207229656e-05
7.275090868e-05
7.235552251e-05
7.211256654e-05
8.95732687e-05
4.460984254e-05
8.858635895e-05
8.818456758e-05
7.8743509e-05
7.834057507e-05
6.904181331e-05
4.290573968e-05
5.951743687e-05
8.449431773e-05
7.530394152e-05
5.817299823e-05
5.757572984e-05
8.16520052e-05
7.269762994e-05
8.014790011e-05
8.717866719e-05
7.860203534e-05
7.769521115e-05
8.472641874e-05
9.133187633e-05
7.542290132e-05
8.195655209e-05
5.904570264e-05
7.28913448e-05
7.218447749e-05
6.41460344e-05
6.350583807e-05
8.359041887e-05
6.894622149e-05
7.485858144e-05
8.081126993e-05
5.981617147e-05
7.890790931e-05
7.137991935e-05
7.061143516e-05
6.967685704e-05
7.518405129e-05
7.418519877e-05
6.725791449e-05
7.239480411e-05
7.159851054e-05
7.064312158e-05
6.986507417e-05
7.46769371e-05
6.817406366e-05
6.726501998e-05
7.20710291e-05
7.658229862e-05
7.033584173e-05
6.406446883e-05
6.336974859e-05
6.774432402e-05
7.217076838e-05
7.122339624e-05
8.053109068e-05
6.95459358e-05
7.372833879e-05
6.307127864e-05
7.681792859e-05
8.057268026e-05
6.098103927e-05
6.483854375e-05
7.793408365e-05
7.695645367e-05
8.515012177e-05
6.639126936e-05
7.011938822e-05
7.359228632e-05
6.859056419e-05
6.77663087e-05
7.131242651e-05
7.876093612e-05
7.391142932e-05
6.087941601e-05
6.433354747e-05
7.552980617e-05
7.483579478e-05
8.179708336e-05
7.719472492e-05
6.872538214e-05
7.945947968e-05
7.862601322e-05
7.050480561e-05
6.978827494e-05
7.281256477e-05
6.849314007e-05
6.789158821e-05
4.606430256e-05
8.286756798e-05
6.435895191e-05
4.592040103e-05
5.496587558e-05
4.573012052e-05
9.113730731e-05
8.184378121e-05
4.526435631e-05
5.416694739e-05
6.285307147e-05
6.264244988e-05
9.782157638e-05
9.743622664e-05
6.156690448e-05
7.004370666e-05
5.212267583e-05
9.507028873e-05
5.998544582e-05
6.816575412e-05
8.442979489e-05
6.71232153e-05
9.139923684e-05
9.078140778e-05
5.717948813e-05
8.109128039e-05
8.022420967e-05
7.164223586e-05
6.297420137e-05
7.807210586e-05
6.174007412e-05
6.120770862e-05
7.56052465e-05
7.492402586e-05
6.661501457e-05
7.332362357e-05
7.965899955e-05
8.605935296e-05
7.789567607e-05
7.711941766e-05
8.305704221e-05
6.850726604e-05
6.762305111e-05
6.691790288e-05
5.944146911e-05
5.881092482e-05
7.738551325e-05
7.655320513e-05
6.295265037e-05
6.849508692e-05
7.373221759e-05
7.292486442e-05
7.195616573e-05
7.116524489e-05
7.606973999e-05
6.94453365e-05
6.852078874e-05
6.776724247e-05
6.686577839e-05
6.613259284e-05
8.156832192e-05
6.992114393e-05
7.961062065e-05
7.874759776e-05
6.734868182e-05
6.662450673e-05
7.586702409e-05
7.505900675e-05
6.914302725e-05
6.84145256e-05
7.235427273e-05
6.205413637e-05
6.597176171e-05
6.995741002e-05
6.907050876e-05
6.836999192e-05
7.201381418e-05
8.020533294e-05
6.601045233e-05
6.971705789e-05
8.17785198e-05
7.245938976e-05
7.579973044e-05
7.090315599e-05
7.418713968e-05
6.940423012e-05
6.052926262e-05
7.595654459e-05
7.509444926e-05
6.265627774e-05
6.970654627e-05
6.907363682e-05
6.45308962e-05
7.523684476e-05
6.327907003e-05
6.640524226e-05
7.303174223e-05
6.514825553e-05
7.167428616e-05
7.814961503e-05
5.487431058e-05
9.140422064e-05
6.389049564e-05
3.646901543e-05
7.275550687e-05
8.171659685e-05
6.333409309e-05
7.222347149e-05
6.291288346e-05
8.962737773e-05
7.131615989e-05
8.884706985e-05
7.063468247e-05
6.156237076e-05
9.606089085e-05
6.954690794e-05
6.038076578e-05
5.149121266e-05
6.807459981e-05
8.461135723e-05
7.545865756e-05
5.832533787e-05
7.426565365e-05
7.376466968e-05
4.867599694e-05
4.83229226e-05
7.171266552e-05
7.906444153e-05
7.037042381e-05
8.530420143e-05
6.899570239e-05
5.320145545e-05
9.012869304e-05
5.210219457e-05
6.618041403e-05
6.556177117e-05
5.036452858e-05
7.837919737e-05
7.73971083e-05
6.269478504e-05
6.189782188e-05
6.126647811e-05
6.719825134e-05
7.979808849e-05
7.219841685e-05
7.143340794e-05
7.049899131e-05
7.608163594e-05
6.882422274e-05
7.42654213e-05
7.328473472e-05
7.248288175e-05
7.152281074e-05
7.073719136e-05
6.979840225e-05
6.903061214e-05
7.379006954e-05
6.73652478e-05
6.647124812e-05
7.66998555e-05
6.487188861e-05
6.951130755e-05
6.859332065e-05
6.263074218e-05
8.240939577e-05
6.114262231e-05
6.537127798e-05
7.960020191e-05
5.89240802e-05
6.316191696e-05
8.153066222e-05
7.593580885e-05
7.027921009e-05
6.028249542e-05
6.867571454e-05
8.157496375e-05
7.160277142e-05
7.08865943e-05
7.438517629e-05
7.365177557e-05
7.275303567e-05
6.780807026e-05
8.374150362e-05
6.635158247e-05
6.146962396e-05
6.900780244e-05
7.22197369e-05
7.552203043e-05
6.680470532e-05
6.229710446e-05
8.085695844e-05
5.341516271e-05
7.170692497e-05
7.854320786e-05
6.661355298e-05
7.702445089e-05
7.623749467e-05
6.476965489e-05
7.48182564e-05
7.416179494e-05
6.355683537e-05
9.074307066e-05
6.342880969e-05
7.241114386e-05
7.2230857e-05
9.014176882e-05
8.982673575e-05
7.170448277e-05
7.13853925e-05
4.44929138e-05
5.310569722e-05
7.939266799e-05
8.766701454e-05
6.112614111e-05
0.0001040547051
6.905710688e-05
7.708854128e-05
7.669652265e-05
6.760108471e-05
7.562141734e-05
8.326421236e-05
9.102260728e-05
9.014765602e-05
8.140069547e-05
5.640314441e-05
7.999262158e-05
7.914458307e-05
9.4240348e-05
8.543481564e-05
6.933005837e-05
7.615547075e-05
6.795109118e-05
7.461575953e-05
6.655123345e-05
8.766859662e-05
7.237537274e-05
7.14873895e-05
6.37176838e-05
7.690488207e-05
6.921886432e-05
8.201045192e-05
6.764591232e-05
5.342300428e-05
7.269255179e-05
7.827463129e-05
7.099231223e-05
7.643632494e-05
7.561584094e-05
7.462438173e-05
6.766326723e-05
7.284265065e-05
7.204622434e-05
7.109464425e-05
7.031425646e-05
8.0947502e-05
6.862081181e-05
7.33544885e-05
6.696799426e-05
7.158812511e-05
7.625035055e-05
6.98680493e-05
7.442211282e-05
6.294963703e-05
7.264560931e-05
6.657110118e-05
7.092145543e-05
6.999515969e-05
6.924993382e-05
7.811549144e-05
7.729261535e-05
7.629665094e-05
8.022119674e-05
7.453760035e-05
7.838201866e-05
6.828540782e-05
5.85803612e-05
7.5646169e-05
6.607891938e-05
7.831413084e-05
6.892609099e-05
6.808522146e-05
7.163744797e-05
6.244990069e-05
7.009854814e-05
8.556889549e-05
6.861587774e-05
7.579847595e-05
7.509245933e-05
7.814591614e-05
6.968477879e-05
8.422328471e-05
6.828417613e-05
6.379102492e-05
5.949939115e-05
7.358911259e-05
8.022800579e-05
6.496869787e-05
6.43954292e-05
7.792569867e-05
7.373128698e-05
9.014328019e-05
9.009141653e-05
8.096624787e-05
5.391886087e-05
8.964214949e-05
5.369801149e-05
5.351129025e-05
8.009201206e-05
7.973738229e-05
5.301203795e-05
7.909451392e-05
6.131302592e-05
7.834454972e-05
6.936691452e-05
6.888404049e-05
7.714592624e-05
9.356384502e-05
7.616373289e-05
7.552587543e-05
8.344434089e-05
8.26934068e-05
6.574527608e-05
8.953463216e-05
7.276342381e-05
8.803586746e-05
7.945438087e-05
7.075403445e-05
7.800988516e-05
4.629214499e-05
8.41767745e-05
6.80901271e-05
8.25075944e-05
6.671759883e-05
8.815947124e-05
8.710400801e-05
7.910142417e-05
8.52376154e-05
8.441621562e-05
6.252453584e-05
7.566067323e-05
7.470557032e-05
7.39456379e-05
7.300091083e-05
7.22424984e-05
7.131056672e-05
7.055663055e-05
7.597040941e-05
7.51557147e-05
6.18110941e-05
7.336896874e-05
7.240586828e-05
7.161479652e-05
7.067157364e-05
7.572104467e-05
8.04692534e-05
6.821584832e-05
7.853355971e-05
7.212334835e-05
8.759465577e-05
7.039136335e-05
6.946297145e-05
6.87058811e-05
7.823324864e-05
7.738596674e-05
7.12804674e-05
8.058808492e-05
7.456618647e-05
5.901794114e-05
7.281625035e-05
7.685255536e-05
7.112206388e-05
7.976582571e-05
7.411554433e-05
5.95997741e-05
5.884624418e-05
7.617210464e-05
6.19452785e-05
7.446670454e-05
7.787252397e-05
6.853729994e-05
6.770137498e-05
7.961383398e-05
7.037738405e-05
7.38032332e-05
7.293071467e-05
7.22418138e-05
7.536990908e-05
5.894822163e-05
6.993282281e-05
7.698871439e-05
6.471187489e-05
6.789617454e-05
6.715843961e-05
7.764782676e-05
6.585123672e-05
7.614317616e-05
7.536119899e-05
7.113944785e-05
5.986752958e-05
7.679649827e-05
5.37002305e-05
4.472452757e-05
7.145733719e-05
7.137988128e-05
8.010442625e-05
9.774684705e-05
9.74086546e-05
8.836070578e-05
6.157998435e-05
2.631896749e-05
7.853841324e-05
5.218485933e-05
0.000103728748
7.749253202e-05
5.985440421e-05
8.512239317e-05
8.447038107e-05
7.563829435e-05
6.66735455e-05
9.116010446e-05
7.39173367e-05
7.346075578e-05
5.659174778e-05
7.227292498e-05
6.359725671e-05
7.8923335e-05
7.02842661e-05
9.299170355e-05
7.664590575e-05
7.602196653e-05
6.764619566e-05
8.197092859e-05
8.838220545e-05
7.299281796e-05
6.490998361e-05
7.145133511e-05
7.763919292e-05
6.291176876e-05
6.21318897e-05
6.835146517e-05
8.098990928e-05
8.016713946e-05
7.914633866e-05
7.832507285e-05
7.087478028e-05
7.012626383e-05
6.292511618e-05
6.847605819e-05
6.143972028e-05
7.292880954e-05
7.197429279e-05
7.11885049e-05
7.025350846e-05
6.948337965e-05
7.428257824e-05
6.781563654e-05
7.249857376e-05
6.6187379e-05
7.075803123e-05
6.460025456e-05
6.375005872e-05
7.88193772e-05
6.222772416e-05
6.668349463e-05
7.087367633e-05
9.014443092e-05
5.931394458e-05
6.357287044e-05
6.757702001e-05
7.64174779e-05
8.015001506e-05
6.998434878e-05
6.909210096e-05
6.838174597e-05
7.652034814e-05
7.574398862e-05
6.599749042e-05
7.404871288e-05
6.883188404e-05
7.66719792e-05
7.152944681e-05
6.666724178e-05
7.409932016e-05
6.523482045e-05
6.849234874e-05
6.385433766e-05
7.100162643e-05
6.252447383e-05
8.112861345e-05
6.889935845e-05
6.056122202e-05
6.001116215e-05
6.67778052e-05
8.088430768e-05
7.275176027e-05
7.571005811e-05
6.779431825e-05
7.780642566e-05
6.652653387e-05
7.288509351e-05
6.220661536e-05
7.993421018e-05
6.208293722e-05
8.85939842e-05
9.721435058e-05
8.823382747e-05
7.913705366e-05
7.896524046e-05
6.98835971e-05
8.711512508e-05
8.665564186e-05
6.045765437e-05
6.867216447e-05
5.130323438e-05
8.491580267e-05
9.298883236e-05
5.033447142e-05
6.677338305e-05
6.621925578e-05
7.407817119e-05
7.341746093e-05
7.29648626e-05
8.030296453e-05
7.178899479e-05
7.896766767e-05
6.271947253e-05
7.757854958e-05
6.928478075e-05
6.853038637e-05
6.042091652e-05
6.720801538e-05
7.40374537e-05
7.31791564e-05
7.97780192e-05
7.88300051e-05
5.679848661e-05
6.312284565e-05
8.335521097e-05
7.546506529e-05
7.471845374e-05
7.378167851e-05
6.639374229e-05
7.866133788e-05
6.487173211e-05
5.763623543e-05
7.603758045e-05
7.505541297e-05
7.425205959e-05
7.328733887e-05
7.249390009e-05
7.154783163e-05
7.076725831e-05
6.984036041e-05
6.907526161e-05
7.384883216e-05
7.303843445e-05
7.207806318e-05
7.128751097e-05
6.493861074e-05
6.422820151e-05
6.866674549e-05
7.836796822e-05
7.218509848e-05
7.140380304e-05
6.040414452e-05
7.46942775e-05
6.38936689e-05
6.807633736e-05
7.199629244e-05
6.17396803e-05
7.501188906e-05
6.959154608e-05
6.412490929e-05
7.253211538e-05
6.714066031e-05
7.532065806e-05
6.562919647e-05
6.930389413e-05
7.700408471e-05
5.506534261e-05
6.276236382e-05
6.62954486e-05
6.549873021e-05
8.919745135e-05
6.009706417e-05
7.143497684e-05
7.844963323e-05
7.77185e-05
6.91492152e-05
6.851325045e-05
6.774864267e-05
5.967400076e-05
6.271249105e-05
5.849343238e-05
6.872318021e-05
7.169699001e-05
7.095697064e-05
7.033139604e-05
6.266528253e-05
7.592015499e-05
7.059337261e-05
7.055314127e-05
8.80670231e-05
5.278318518e-05
7.898152788e-05
7.00925356e-05
9.604705986e-05
7.841366057e-05
6.939694287e-05
6.920713162e-05
7.74493457e-05
8.576979499e-05
8.524807128e-05
6.793296096e-05
8.433341327e-05
8.395625401e-05
8.331908995e-05
4.97392471e-05
7.399250425e-05
8.992824927e-05
7.29243007e-05
7.247561953e-05
7.179102391e-05
6.338800192e-05
4.706745341e-05
5.451758082e-05
7.707022022e-05
8.412773823e-05
6.80853147e-05
7.503675042e-05
7.419497246e-05
8.091827226e-05
7.998375372e-05
6.48576652e-05
8.545304683e-05
8.466071393e-05
8.363696606e-05
6.902887317e-05
8.181494471e-05
6.750553617e-05
7.332824935e-05
6.598659066e-05
7.166705788e-05
7.737290716e-05
7.001899327e-05
6.928109095e-05
6.838895297e-05
7.380833235e-05
7.285224171e-05
7.206414704e-05
7.112639443e-05
7.621354836e-05
6.943204325e-05
7.439456897e-05
6.777242037e-05
6.702913749e-05
6.61499101e-05
6.54247526e-05
6.994696725e-05
7.450381103e-05
7.352739544e-05
7.792170035e-05
6.664902996e-05
7.60706235e-05
7.00738661e-05
7.42730021e-05
6.842192554e-05
8.703505099e-05
6.682031967e-05
6.13940729e-05
6.993112182e-05
6.920312816e-05
6.832272661e-05
5.409618742e-05
7.566990091e-05
7.93080351e-05
8.266898756e-05
7.753410079e-05
7.657708847e-05
8.845830722e-05
7.07363327e-05
6.592777928e-05
7.327740659e-05
8.467064204e-05
5.976344855e-05
6.31451371e-05
7.411280106e-05
6.569332905e-05
7.258418004e-05
6.056128515e-05
7.111297473e-05
7.417575845e-05
8.070252084e-05
7.270703681e-05
7.552991208e-05
8.198781273e-05
6.702827848e-05
6.993421508e-05
6.577115336e-05
7.548944093e-05
7.010045169e-05
8.757578117e-05
6.121697694e-05
8.735863963e-05
7.843180206e-05
7.830550151e-05
7.803854007e-05
7.786973291e-05
6.891701968e-05
6.872886606e-05
6.836983134e-05
6.814379524e-05
5.926483515e-05
8.433507602e-05
7.538306221e-05
7.504657615e-05
5.792859337e-05
6.587075154e-05
6.532899885e-05
5.684300524e-05
6.438908585e-05
8.799131451e-05
5.546781089e-05
4.722687966e-05
8.572376695e-05
6.189756169e-05
8.422536001e-05
5.318808128e-05
9.019464904e-05
6.709829106e-05
7.372051885e-05
5.847419486e-05
8.670211704e-05
6.444765588e-05
8.491654675e-05
6.309781902e-05
7.61903013e-05
8.232054623e-05
6.098299337e-05
6.70903754e-05
6.625487208e-05
5.902596199e-05
7.123320656e-05
7.049666542e-05
6.327163931e-05
7.512665276e-05
7.416219488e-05
6.725572057e-05
7.242228029e-05
7.163945922e-05
7.070989292e-05
6.993954616e-05
6.902847273e-05
6.827324128e-05
7.299636078e-05
7.219624713e-05
7.125150862e-05
6.504999201e-05
8.024811708e-05
7.407960655e-05
6.788856631e-05
6.714975476e-05
6.627332398e-05
7.059925252e-05
8.958946167e-05
5.908516162e-05
7.775954905e-05
7.212406284e-05
7.594090176e-05
7.514130864e-05
7.417915223e-05
6.8819022e-05
6.794442938e-05
8.069496415e-05
7.082515484e-05
6.572473754e-05
6.057781695e-05
7.282242657e-05
5.923151236e-05
7.540315763e-05
7.034633478e-05
8.1955207e-05
7.287324962e-05
6.415502859e-05
7.528245419e-05
7.457073897e-05
7.370303242e-05
8.454470205e-05
7.598108209e-05
5.646156077e-05
6.699593527e-05
6.269909969e-05
6.930921019e-05
6.868675764e-05
7.510740537e-05
7.798452292e-05
7.015969895e-05
7.301856965e-05
7.22840553e-05
7.165160519e-05
6.961436672e-05
6.957493723e-05
6.079299316e-05
9.542917673e-05
7.788967573e-05
4.320248952e-05
6.027827628e-05
7.733329934e-05
5.133276662e-05
5.119287403e-05
8.487785398e-05
6.76782049e-05
5.886158374e-05
0.0001005142208
7.487304827e-05
7.453947081e-05
7.397888394e-05
8.178565695e-05
5.678118859e-05
6.453035822e-05
7.995288078e-05
6.357027176e-05
6.297488097e-05
7.037532252e-05
6.968012237e-05
6.149463177e-05
7.60732878e-05
6.794333712e-05
8.961638951e-05
6.66690693e-05
8.057730412e-05
6.53664348e-05
6.461714445e-05
7.827453076e-05
7.735451282e-05
8.360673856e-05
6.195213857e-05
8.18127867e-05
6.06094121e-05
8.00163479e-05
6.585264314e-05
7.822450408e-05
7.724135614e-05
7.007331247e-05
6.918362633e-05
7.467932484e-05
7.372351117e-05
6.685855011e-05
7.199736421e-05
7.121974761e-05
7.029824092e-05
6.953290872e-05
6.862956658e-05
6.787917488e-05
6.699458132e-05
6.62606723e-05
6.539566126e-05
7.006945868e-05
6.91542862e-05
7.892164858e-05
7.78916003e-05
7.704424059e-05
6.590183001e-05
7.521829092e-05
6.929190617e-05
6.854824501e-05
7.732746757e-05
8.128654001e-05
7.552043215e-05
7.472533844e-05
6.454846908e-05
6.84391562e-05
5.856092518e-05
6.687549645e-05
7.483814963e-05
7.407858993e-05
6.454857136e-05
6.816248534e-05
7.573714662e-05
6.249124838e-05
6.584528349e-05
7.743039223e-05
8.455244746e-05
5.981531062e-05
7.486912919e-05
8.196761608e-05
8.101332483e-05
7.643607283e-05
7.934055053e-05
7.861053887e-05
7.032725341e-05
7.702389337e-05
7.25527306e-05
6.471103911e-05
8.180289447e-05
6.3450654e-05
7.67445186e-05
6.91531608e-05
7.187828528e-05
6.107114422e-05
6.049310441e-05
7.773292927e-05
8.624977419e-05
6.892581783e-05
8.594999154e-05
8.581209489e-05
5.986563816e-05
6.827040535e-05
7.647391736e-05
5.93179084e-05
7.587122204e-05
9.242603376e-05
8.351968982e-05
7.487672859e-05
9.089653111e-05
4.935944847e-05
7.34848359e-05
7.311622252e-05
9.669354262e-05
8.814164949e-05
8.736907259e-05
7.894053296e-05
7.820428232e-05
8.545336585e-05
8.461266871e-05
6.873402799e-05
6.046754497e-05
7.500850931e-05
7.420458122e-05
8.096648269e-05
7.278958566e-05
6.495465465e-05
7.134758335e-05
7.071443862e-05
8.386350583e-05
6.924127585e-05
6.841277065e-05
8.131125257e-05
6.024038007e-05
7.290270594e-05
6.545526853e-05
5.831510059e-05
7.677935332e-05
6.332273989e-05
7.502549818e-05
6.805085142e-05
6.718248784e-05
7.250841053e-05
7.157740518e-05
7.67053357e-05
7.571563372e-05
7.489188679e-05
7.392151475e-05
6.748963141e-05
7.216334576e-05
8.23537621e-05
6.502495029e-05
6.4313205e-05
7.405423314e-05
6.278187966e-05
6.196414819e-05
6.639782923e-05
7.561670497e-05
7.479924719e-05
7.382939396e-05
7.790636095e-05
6.248138114e-05
6.65720524e-05
6.102248182e-05
5.573546128e-05
7.336470148e-05
8.167615311e-05
7.168028253e-05
7.537714489e-05
8.31854573e-05
6.933987827e-05
6.847597641e-05
6.779032504e-05
6.695470909e-05
7.043699947e-05
6.957909952e-05
7.295494463e-05
7.608250683e-05
7.535258643e-05
7.054135388e-05
7.76379876e-05
7.673362117e-05
7.601795065e-05
7.139094608e-05
7.445682693e-05
7.362196631e-05
6.930535957e-05
6.854521207e-05
7.508011959e-05
7.781338801e-05
7.361633382e-05
7.284915169e-05
6.876913968e-05
7.147704546e-05
7.085221558e-05
6.866214358e-05
5.146761557e-05
7.709451909e-05
7.701200552e-05
6.829119981e-05
0.00010227275
6.795269842e-05
9.32339263e-05
8.439533527e-05
6.733292527e-05
7.535937604e-05
7.511158541e-05
3.318361302e-05
6.611077093e-05
7.387344739e-05
7.354554568e-05
6.488652694e-05
7.263185739e-05
9.605641322e-05
5.572113762e-05
9.468823917e-05
4.705502856e-05
7.769664054e-05
5.402709259e-05
8.406785107e-05
7.588038401e-05
8.261199915e-05
5.962447246e-05
8.110834691e-05
7.314099092e-05
7.233288052e-05
6.454803009e-05
5.672314124e-05
7.730329737e-05
6.251003925e-05
8.257868323e-05
7.4794497e-05
7.408117754e-05
7.318155129e-05
7.246247473e-05
7.156892701e-05
7.728806966e-05
7.632284438e-05
7.553637783e-05
6.836795719e-05
7.380046212e-05
7.28615311e-05
7.208521916e-05
7.709251005e-05
7.039490722e-05
6.94891505e-05
6.873365623e-05
6.784542758e-05
6.710453343e-05
6.623439453e-05
6.550962775e-05
7.004662012e-05
7.4609541e-05
6.83793701e-05
6.243042002e-05
6.67538155e-05
7.110723438e-05
7.018436706e-05
7.438484661e-05
6.363240515e-05
6.779208046e-05
6.691785783e-05
6.14772894e-05
7.936164004e-05
7.390706322e-05
6.840388705e-05
7.220465907e-05
7.574549715e-05
8.378618013e-05
6.967010306e-05
7.327305505e-05
7.661725215e-05
6.742220659e-05
7.491543078e-05
7.005477782e-05
6.10603445e-05
7.255912306e-05
7.566970879e-05
7.494360111e-05
7.795362845e-05
8.107702254e-05
8.013209863e-05
7.938459692e-05
6.726493148e-05
7.034840043e-05
6.955870508e-05
7.980977038e-05
7.175736271e-05
7.822423534e-05
7.738529195e-05
7.321140874e-05
6.899682764e-05
5.813095608e-05
6.769548607e-05
6.710397384e-05
7.672020122e-05
8.519681836e-05
6.806349975e-05
9.348734938e-05
5.087156656e-05
9.311544579e-05
7.593053329e-05
6.734884061e-05
8.382739936e-05
0.0001003201922
4.158577213e-05
8.289855088e-05
7.416526709e-05
5.746159634e-05
8.15373217e-05
6.494085084e-05
6.445891119e-05
8.818806023e-05
7.952302096e-05
6.326509495e-05
7.839405555e-05
7.791625086e-05
5.403688269e-05
6.901625125e-05
8.353000466e-05
6.031671418e-05
8.208786034e-05
6.665285109e-05
5.861683981e-05
7.268192437e-05
7.188187067e-05
7.12738499e-05
8.455890382e-05
5.587393692e-05
6.903021857e-05
7.523457206e-05
6.758229531e-05
7.363254076e-05
7.274133209e-05
7.202752839e-05
5.820726152e-05
7.682821004e-05
7.587173192e-05
7.509078763e-05
7.414613767e-05
7.336874255e-05
7.243805588e-05
7.166693899e-05
7.075201531e-05
7.582207807e-05
6.909154944e-05
7.403595433e-05
7.308170935e-05
7.228412239e-05
7.134912851e-05
7.056882532e-05
7.501199511e-05
7.949115181e-05
6.276774306e-05
6.725644629e-05
6.638394841e-05
7.57644888e-05
6.481192369e-05
6.411167744e-05
6.328321062e-05
8.668313985e-05
7.130583916e-05
7.054775107e-05
6.500069059e-05
6.891057128e-05
6.803244473e-05
6.732431023e-05
7.09037064e-05
6.578864807e-05
8.228592747e-05
6.430307793e-05
7.197001691e-05
6.286693547e-05
7.037171084e-05
6.147942528e-05
6.477968892e-05
6.414895415e-05
6.733911694e-05
7.061592453e-05
6.590268707e-05
7.679899419e-05
7.590346269e-05
7.143551705e-05
7.061701599e-05
8.101441675e-05
8.010396356e-05
6.49439973e-05
6.066125522e-05
7.426154377e-05
6.646707863e-05
6.934372749e-05
8.234126772e-05
7.141443977e-05
8.078612144e-05
7.3407155e-05
7.620257134e-05
5.923549543e-05
9.295660693e-05
8.44159242e-05
6.737253191e-05
5.044876561e-05
9.218147485e-05
5.853515995e-05
5.828693932e-05
6.643338024e-05
7.435612645e-05
9.058193872e-05
7.367400051e-05
8.154481089e-05
8.910022663e-05
8.064197575e-05
9.605534203e-05
8.761148942e-05
8.690643104e-05
7.856786858e-05
7.009908076e-05
5.418980937e-05
6.903078742e-05
6.85748178e-05
5.281754325e-05
6.742579417e-05
8.898581507e-05
5.887423492e-05
8.737564464e-05
7.22285845e-05
7.858009527e-05
8.499982034e-05
8.403955466e-05
8.329731358e-05
6.174901507e-05
6.79796695e-05
6.04571157e-05
7.318930517e-05
6.573307041e-05
7.15977723e-05
7.714968913e-05
7.637379034e-05
7.542592079e-05
7.46504237e-05
7.371414249e-05
7.294204457e-05
7.201947474e-05
7.125348502e-05
7.03464179e-05
7.538803358e-05
6.869847246e-05
6.79525691e-05
6.70790048e-05
6.6347373e-05
6.549126585e-05
6.477541811e-05
6.393761329e-05
7.904849521e-05
7.802495581e-05
7.202903761e-05
6.601815743e-05
6.530099386e-05
6.445658888e-05
7.847431423e-05
7.262057042e-05
6.705241658e-05
7.091823373e-05
6.548675524e-05
6.464859272e-05
6.396820047e-05
6.766501458e-05
7.588881896e-05
6.170648255e-05
6.979645154e-05
6.89207736e-05
7.248485058e-05
8.421587355e-05
7.920367869e-05
7.822865156e-05
7.745589793e-05
7.248612823e-05
5.981685576e-05
7.091754317e-05
7.413880634e-05
7.326023963e-05
7.638626087e-05
6.794557482e-05
6.731152885e-05
7.762960524e-05
6.592708944e-05
7.967100011e-05
7.176992066e-05
7.452820658e-05
7.737600419e-05
5.566769255e-05
7.586309958e-05
6.824276179e-05
7.778858465e-05
7.029976095e-05
7.63227893e-05
7.569187952e-05
6.724412416e-05
8.394031428e-05
6.708080985e-05
7.528770521e-05
0.0001002236982
9.156726027e-05
8.306478052e-05
7.4442739e-05
6.599256112e-05
7.386445252e-05
6.544253458e-05
7.318919935e-05
8.100876835e-05
8.851713242e-05
8.011486995e-05
6.362036818e-05
7.912946259e-05
8.634489074e-05
8.586709348e-05
6.191053954e-05
7.691820915e-05
8.383375276e-05
7.570999483e-05
5.248389815e-05
8.188976048e-05
8.105928536e-05
7.313268987e-05
8.68328581e-05
7.895895131e-05
7.099651598e-05
7.743772618e-05
7.65660006e-05
6.899164834e-05
7.501438965e-05
6.756928882e-05
6.677174074e-05
5.95238513e-05
7.841082927e-05
6.470283102e-05
6.391259739e-05
7.592471458e-05
6.873654159e-05
7.421519461e-05
7.3287152e-05
7.252028107e-05
6.563856138e-05
7.08447742e-05
6.994544428e-05
6.919285864e-05
6.830984278e-05
7.319936554e-05
7.226077129e-05
6.597516429e-05
7.598023985e-05
6.978232134e-05
6.888180417e-05
6.812930911e-05
7.242202203e-05
6.651586636e-05
6.565637555e-05
6.494339077e-05
7.889862043e-05
7.804666097e-05
6.741128621e-05
7.621554804e-05
7.053481942e-05
7.90898415e-05
8.726467768e-05
7.725725346e-05
8.076183833e-05
7.548117983e-05
7.01437766e-05
6.942239783e-05
6.855212104e-05
8.482008636e-05
7.538939757e-05
7.878047714e-05
7.781107358e-05
6.082288534e-05
8.01103112e-05
7.139701625e-05
6.662010164e-05
6.98616532e-05
6.519836768e-05
7.217904306e-05
7.133652072e-05
7.067071551e-05
7.721333703e-05
6.557349026e-05
7.203881077e-05
6.06764331e-05
8.118595124e-05
8.04568748e-05
7.612880731e-05
6.173393745e-05
7.126546996e-05
6.391104033e-05
7.990389014e-05
6.930577933e-05
8.354220802e-05
8.349572122e-05
8.338214551e-05
9.162297205e-05
9.140759674e-05
8.296567143e-05
8.269197878e-05
4.950916315e-05
6.573483755e-05
9.014163615e-05
8.153248687e-05
7.313963494e-05
7.271073681e-05
8.047972724e-05
5.596284936e-05
7.163514911e-05
7.111037838e-05
9.434255289e-05
7.019227682e-05
6.9804556e-05
7.689485208e-05
6.87858438e-05
8.330334091e-05
8.275505038e-05
6.705571091e-05
8.137672678e-05
7.323145805e-05
8.721396421e-05
7.910537581e-05
7.133866147e-05
7.761816384e-05
8.396159818e-05
6.918313561e-05
6.857398753e-05
7.456325322e-05
7.388021652e-05
5.973633998e-05
7.231865205e-05
6.495626233e-05
7.718559674e-05
6.989204748e-05
7.548088906e-05
7.45498331e-05
7.378501107e-05
7.286507972e-05
6.609475304e-05
7.119665921e-05
7.044072539e-05
7.534476717e-05
6.880124678e-05
7.358605079e-05
6.7189035e-05
7.738465529e-05
7.654162653e-05
6.476462748e-05
6.939560723e-05
6.323270176e-05
7.296595509e-05
7.202514988e-05
7.124024811e-05
7.032150161e-05
7.949499443e-05
5.885305968e-05
7.27721658e-05
5.746915365e-05
8.054201606e-05
6.080145813e-05
6.47826715e-05
7.766051456e-05
8.136351381e-05
7.58675247e-05
6.624520288e-05
8.285174165e-05
6.473656127e-05
7.671081521e-05
6.327654988e-05
7.498881174e-05
6.186455847e-05
6.517720414e-05
7.663313807e-05
7.968504347e-05
6.707243799e-05
5.457226467e-05
7.335111278e-05
6.866663655e-05
6.423786717e-05
7.095679845e-05
6.659471664e-05
6.217265036e-05
6.522366389e-05
6.807092354e-05
6.74521703e-05
7.372871142e-05
5.56697974e-05
6.883545226e-05
7.504649962e-05
6.750500011e-05
6.691128206e-05
7.615871272e-05
7.22120256e-05
8.29897328e-05
7.464931623e-05
7.45482158e-05
6.619485707e-05
4.952996728e-05
6.5935118e-05
5.750376776e-05
5.73810902e-05
7.346708121e-05
5.698721297e-05
6.480031731e-05
4.844181348e-05
8.02649882e-05
7.995755128e-05
7.148744485e-05
6.3264851e-05
8.635462292e-05
4.686880475e-05
7.749391139e-05
7.706661551e-05
9.168933528e-05
5.316178855e-05
6.020334446e-05
6.728376088e-05
8.884987864e-05
8.822190687e-05
6.550050096e-05
6.500657578e-05
7.86199955e-05
8.508224773e-05
7.714597595e-05
7.649761196e-05
6.188931895e-05
8.179362378e-05
6.73795551e-05
7.343953595e-05
5.93823588e-05
7.842659724e-05
7.748964342e-05
7.673316318e-05
7.580185543e-05
7.504222224e-05
6.176614762e-05
7.335978585e-05
6.641052106e-05
7.169121905e-05
7.079226184e-05
7.004125925e-05
7.492014373e-05
7.411521303e-05
6.75456268e-05
7.238147201e-05
7.695484654e-05
6.52431364e-05
7.514187518e-05
7.43218599e-05
6.288604277e-05
6.738300332e-05
7.674921829e-05
8.097405326e-05
6.494457828e-05
6.423980717e-05
7.316951983e-05
7.237986273e-05
6.668731424e-05
6.126036158e-05
6.512827548e-05
7.364145916e-05
6.361482021e-05
6.294547882e-05
7.102523465e-05
7.467889981e-05
6.939996358e-05
6.868619067e-05
7.630483734e-05
6.71377265e-05
7.459246049e-05
7.79474981e-05
6.483296868e-05
5.6168205e-05
6.341141358e-05
7.064274023e-05
7.754856321e-05
8.832424836e-05
6.071429985e-05
7.141554313e-05
6.686630269e-05
7.360222811e-05
7.275623931e-05
7.208616698e-05
6.770886963e-05
7.415582113e-05
6.984320182e-05
7.613759741e-05
7.531357615e-05
6.107298286e-05
7.385627587e-05
6.655169179e-05
7.904071963e-05
6.529295483e-05
7.420006507e-05
9.063878986e-05
8.228778525e-05
9.042082343e-05
6.560740216e-05
7.369135493e-05
6.528928361e-05
8.143778129e-05
8.109864469e-05
8.088064924e-05
6.438016507e-05
8.021331638e-05
8.772174491e-05
5.560947538e-05
7.102862107e-05
7.857410172e-05
8.580368201e-05
6.209358314e-05
7.700271106e-05
7.657886626e-05
6.833415454e-05
6.037454649e-05
6.730560076e-05
5.943479483e-05
6.622429353e-05
8.767604232e-05
7.233078372e-05
8.614351437e-05
6.393316526e-05
7.047040088e-05
6.273777142e-05
6.912369375e-05
6.835368646e-05
6.775365501e-05
7.367706567e-05
7.300408135e-05
7.871006414e-05
7.796560345e-05
7.061735982e-05
6.992883581e-05
6.908273381e-05
7.460862469e-05
6.755270831e-05
7.293943373e-05
7.203535376e-05
7.12837561e-05
7.039243247e-05
6.964629828e-05
6.876948886e-05
7.370043708e-05
6.716989538e-05
6.644246881e-05
7.106337261e-05
7.569704392e-05
8.00674207e-05
8.447371868e-05
7.296702468e-05
7.732609436e-05
6.615543373e-05
8.556895056e-05
6.459443603e-05
6.389370144e-05
6.307337633e-05
6.719231555e-05
7.106906625e-05
7.499483038e-05
6.940905429e-05
6.409356669e-05
7.231718559e-05
5.813952885e-05
7.506536218e-05
9.176273831e-05
7.766318416e-05
6.832391167e-05
7.590313397e-05
8.765430005e-05
6.183356417e-05
7.753757943e-05
7.658466599e-05
7.183674351e-05
6.702072432e-05
7.41755221e-05
7.714107617e-05
6.875998207e-05
6.41696704e-05
7.851769407e-05
7.020935368e-05
6.589301047e-05
6.15164379e-05
7.170565625e-05
7.798495934e-05
7.376344033e-05
6.947255928e-05
5.852138544e-05
7.150736076e-05
8.099704626e-05
6.678301947e-05
6.950574312e-05
6.878907891e-05
7.793090202e-05
5.733449241e-05
8.186122478e-05
8.17513072e-05
6.533200124e-05
8.147559678e-05
6.507735119e-05
8.919012853e-05
6.472761599e-05
7.251666682e-05
7.23220574e-05
7.196110436e-05
5.578790716e-05
7.131216167e-05
7.103994041e-05
8.625912707e-05
7.026623839e-05
6.200707383e-05
9.255070213e-05
7.651769852e-05
6.848752684e-05
9.054229675e-05
7.499691421e-05
5.945572791e-05
6.644972894e-05
8.044210619e-05
7.98754836e-05
6.469983344e-05
7.13484027e-05
7.766688762e-05
7.004414833e-05
6.928966203e-05
8.245096409e-05
6.794637575e-05
6.735080505e-05
7.324182452e-05
6.597614574e-05
6.520759401e-05
7.750999746e-05
7.658985079e-05
6.952368835e-05
6.244096826e-05
7.418000905e-05
7.327320788e-05
7.252387139e-05
6.565857542e-05
7.088089868e-05
6.999709416e-05
6.925576668e-05
6.838624173e-05
6.765256409e-05
7.793137444e-05
7.158165398e-05
7.61093951e-05
7.52817038e-05
6.901310891e-05
6.826076108e-05
6.738767099e-05
7.178001473e-05
8.098309668e-05
7.008893296e-05
7.413236427e-05
7.332842903e-05
8.686633803e-05
7.160781029e-05
8.482979239e-05
6.993428253e-05
5.52333941e-05
7.286226605e-05
6.294381222e-05
8.452508399e-05
7.02782198e-05
7.389349509e-05
8.583969999e-05
7.221327388e-05
6.711612263e-05
6.643443373e-05
8.201355102e-05
6.901279705e-05
8.019411537e-05
6.749112539e-05
7.059231552e-05
7.378780335e-05
7.290095665e-05
7.220046355e-05
6.75888853e-05
7.810676615e-05
8.086911155e-05
7.6472286e-05
8.639082209e-05
7.132914153e-05
8.110065623e-05
7.686924677e-05
7.25611213e-05
6.848525769e-05
7.11285463e-05
7.385403836e-05
6.642778965e-05
6.584398287e-05
6.842149896e-05
7.751475072e-05
8.951282703e-05
6.506441692e-05
4.873306741e-05
6.490895425e-05
5.666418887e-05
4.849258717e-05
5.639136751e-05
7.234926106e-05
4.002812317e-05
6.387339941e-05
8.738949511e-05
8.710603895e-05
7.873094435e-05
7.058781314e-05
9.350455819e-05
7.757943059e-05
8.472262443e-05
6.897633676e-05
7.603875757e-05
6.805949205e-05
7.498289394e-05
8.198464403e-05
8.12471546e-05
8.071606772e-05
7.268137887e-05
7.217027535e-05
8.574239402e-05
6.382426723e-05
7.719894735e-05
6.96230213e-05
8.265083448e-05
7.51294748e-05
6.754389051e-05
8.034326077e-05
7.281169547e-05
7.870743554e-05
7.131073492e-05
5.137312358e-05
6.980209994e-05
7.540713651e-05
7.45003074e-05
7.375628995e-05
6.678588328e-05
7.211301745e-05
7.122431148e-05
7.048256913e-05
7.540668595e-05
6.886959036e-05
7.367451276e-05
6.727814626e-05
6.64308349e-05
7.118833707e-05
7.028691208e-05
6.952297545e-05
8.447823172e-05
7.311304271e-05
7.217991963e-05
7.649273786e-05
8.054882904e-05
5.975433125e-05
6.390535723e-05
6.321255901e-05
9.120554816e-05
5.698234218e-05
8.438149412e-05
6.956485623e-05
6.867829811e-05
7.700874666e-05
6.708598791e-05
7.080565148e-05
8.30188068e-05
6.053513979e-05
6.831335899e-05
6.761069884e-05
7.511228354e-05
6.6088284e-05
6.934881133e-05
6.461519309e-05
7.97771739e-05
7.898838435e-05
7.022536616e-05
7.340411677e-05
6.870493401e-05
7.560515193e-05
7.097250908e-05
8.140012266e-05
7.313420172e-05
6.882848992e-05
7.519721133e-05
7.095656018e-05
7.366076401e-05
7.299100553e-05
6.874295177e-05
7.493820769e-05
5.727682441e-05
7.346492814e-05
5.9468687e-05
7.53201043e-05
6.481697764e-05
6.425251693e-05
7.276591851e-05
8.080665427e-05
8.069906651e-05
6.449135076e-05
8.847173842e-05
8.833222145e-05
8.004295748e-05
7.987329406e-05
7.954503183e-05
7.139901942e-05
7.104574666e-05
7.081567579e-05
7.823254459e-05
7.793489391e-05
4.645788019e-05
8.480062723e-05
7.65384064e-05
6.854510717e-05
6.045261994e-05
9.018236574e-05
6.7067702e-05
7.407181594e-05
8.074887109e-05
7.292902302e-05
7.223902124e-05
6.45586799e-05
6.3918504e-05
7.753736686e-05
5.580844506e-05
8.304831348e-05
8.215997499e-05
5.431581063e-05
8.057537459e-05
6.655930784e-05
7.238658898e-05
7.824890183e-05
7.734321951e-05
5.746093158e-05
7.571071469e-05
7.497525378e-05
7.407633403e-05
7.333738396e-05
7.244614078e-05
7.170679234e-05
7.082560062e-05
7.008869155e-05
8.075618992e-05
7.419500494e-05
6.763242106e-05
7.248350415e-05
8.258421266e-05
7.079931881e-05
7.52823186e-05
7.446454863e-05
8.402222909e-05
6.752459511e-05
6.666465083e-05
7.101057546e-05
8.011919403e-05
6.438885419e-05
7.334573282e-05
7.738757531e-05
7.639914954e-05
8.029899508e-05
6.994825764e-05
6.45860249e-05
6.831865999e-05
6.308696576e-05
7.563398605e-05
7.483844272e-05
8.258677157e-05
6.882300121e-05
8.070093201e-05
7.56671031e-05
6.226917193e-05
6.163661505e-05
8.522276708e-05
7.231574871e-05
6.349163639e-05
7.072174585e-05
6.986221199e-05
7.302439979e-05
6.834951944e-05
7.145321214e-05
7.80371493e-05
7.361683846e-05
6.911725263e-05
7.928280159e-05
6.768212113e-05
6.352906581e-05
8.025591591e-05
7.606848134e-05
7.864144452e-05
6.776978594e-05
7.03828319e-05
6.97580831e-05
7.558783e-05
7.16662838e-05
7.092171387e-05
7.669564072e-05
6.426676488e-05
7.226054358e-05
8.018303894e-05
7.208897217e-05
7.192395252e-05
6.383174595e-05
8.748672919e-05
6.349205691e-05
7.113627431e-05
7.882919985e-05
7.059674525e-05
7.818721574e-05
6.219233223e-05
9.293414231e-05
8.463980386e-05
6.8948665e-05
6.845601995e-05
8.325684404e-05
8.260850408e-05
7.468808351e-05
7.406213206e-05
6.625599549e-05
6.566454181e-05
7.973379638e-05
7.180201564e-05
8.555850235e-05
7.059430382e-05
7.006629757e-05
7.627978133e-05
6.191620057e-05
7.486866885e-05
8.099372781e-05
8.010366894e-05
7.940459359e-05
7.19664176e-05
7.779567982e-05
7.689809327e-05
7.617457803e-05
7.527867182e-05
6.833593245e-05
6.751906234e-05
7.292320953e-05
7.203956955e-05
7.130511826e-05
7.043132884e-05
6.969919172e-05
7.457372147e-05
7.378584996e-05
6.726170858e-05
7.208674155e-05
7.118351606e-05
7.583103138e-05
6.417898695e-05
8.464295724e-05
6.267834218e-05
7.232877577e-05
6.120824106e-05
7.567715228e-05
6.475147081e-05
7.390097019e-05
6.809473475e-05
7.216821474e-05
6.649815086e-05
7.987747774e-05
7.422130097e-05
7.801593549e-05
6.796276879e-05
8.51721437e-05
7.524130606e-05
7.007054712e-05
7.78350408e-05
8.130422172e-05
6.760766412e-05
6.691222222e-05
7.433774323e-05
5.723085759e-05
7.670926281e-05
6.794643295e-05
7.500835538e-05
7.035773201e-05
6.950279443e-05
7.264859112e-05
6.799776309e-05
7.856802608e-05
7.763518322e-05
6.591376365e-05
7.599870161e-05
6.811821485e-05
7.087613006e-05
7.022295364e-05
6.942618316e-05
7.567432254e-05
7.823278628e-05
7.753027092e-05
6.334763553e-05
7.269887991e-05
6.865363928e-05
6.805070788e-05
7.054871743e-05
7.629254335e-05
8.780472341e-05
7.180101812e-05
7.967356889e-05
7.163106677e-05
5.55860648e-05
7.928384148e-05
8.693329679e-05
7.886327484e-05
7.854194254e-05
7.049924576e-05
4.676892232e-05
6.992692475e-05
6.952899497e-05
4.617687644e-05
6.117342268e-05
9.136051482e-05
7.559197036e-05
7.522069345e-05
5.970979619e-05
8.907586473e-05
6.62491614e-05
7.316926204e-05
5.801484912e-05
7.925157177e-05
7.137026553e-05
6.378375261e-05
7.719044716e-05
7.661401854e-05
8.272184483e-05
6.838948525e-05
6.089665639e-05
8.051936208e-05
7.963745407e-05
7.236481745e-05
5.854180571e-05
7.090203794e-05
7.008655619e-05
6.942797178e-05
6.861390421e-05
6.794898135e-05
7.324270108e-05
6.647087969e-05
7.163753624e-05
7.090791916e-05
7.004142242e-05
7.509016347e-05
7.986903314e-05
6.773647649e-05
6.689503791e-05
7.720924501e-05
7.07982635e-05
6.464667643e-05
6.915352271e-05
6.840316119e-05
7.792953257e-05
8.222047785e-05
7.610420876e-05
6.022067751e-05
5.945514639e-05
8.331276425e-05
7.741399494e-05
7.657556538e-05
8.505091896e-05
7.011208471e-05
6.922048748e-05
7.304493851e-05
6.761056624e-05
8.027136238e-05
5.72402866e-05
7.842227544e-05
6.022656476e-05
6.385696385e-05
6.305649009e-05
6.240784499e-05
6.573905112e-05
6.507114463e-05
6.828298802e-05
7.555100083e-05
6.676916845e-05
6.999744623e-05
8.451306858e-05
8.368873031e-05
7.516623199e-05
6.699909781e-05
8.091530536e-05
7.650518493e-05
6.84078666e-05
7.133531196e-05
7.403729391e-05
6.63687191e-05
7.942859172e-05
7.186221711e-05
7.44445118e-05
6.371565339e-05
7.62861716e-05
7.889652616e-05
6.829606726e-05
6.769641819e-05
7.336960674e-05
6.956918927e-05
8.724975039e-05
7.134730023e-05
7.917053214e-05
7.908771315e-05
7.890821363e-05
7.878437385e-05
5.497343237e-05
7.053100562e-05
8.585480796e-05
7.005780993e-05
8.520790148e-05
8.493327647e-05
6.909705055e-05
7.648380643e-05
7.599419493e-05
8.323014939e-05
6.76147282e-05
7.475908284e-05
8.159963379e-05
8.115500652e-05
8.048008001e-05
7.999880158e-05
7.929002933e-05
7.877514503e-05
7.803804434e-05
7.044802634e-05
7.673265533e-05
7.616054229e-05
7.53822458e-05
8.158555544e-05
7.399495261e-05
6.670876712e-05
5.938247601e-05
6.540633868e-05
7.760786217e-05
6.40873383e-05
7.602303664e-05
7.530957249e-05
7.442921185e-05
7.370878668e-05
7.283288133e-05
7.210873827e-05
7.123996531e-05
7.051512067e-05
7.546046003e-05
6.893303656e-05
6.808519226e-05
8.420876566e-05
6.653234331e-05
6.582102104e-05
7.041715854e-05
6.429910403e-05
7.936592947e-05
6.803786339e-05
7.234787684e-05
8.689568889e-05
6.05619234e-05
6.48949385e-05
7.885735518e-05
7.312564355e-05
6.738349034e-05
6.665392759e-05
7.050738246e-05
6.50980081e-05
6.886225203e-05
5.904199005e-05
8.071439437e-05
6.65480289e-05
6.132663169e-05
7.801936834e-05
7.703737692e-05
6.352977189e-05
7.946322523e-05
7.036728161e-05
7.357901364e-05
8.496996397e-05
6.393878285e-05
8.307803182e-05
7.033669163e-05
6.964083154e-05
6.879494082e-05
8.326242713e-05
7.478333499e-05
7.406409838e-05
7.318433089e-05
7.249047613e-05
7.164063821e-05
6.387389944e-05
6.313591369e-05
7.297957916e-05
7.902129323e-05
7.149367293e-05
7.069520368e-05
7.339659316e-05
7.9192142e-05
7.521903545e-05
6.794220067e-05
6.734579844e-05
7.298775271e-05
7.549892797e-05
7.881977159e-05
7.877697835e-05
6.293904608e-05
6.28733232e-05
7.057262847e-05
7.046204388e-05
5.463002065e-05
6.230278446e-05
7.756383678e-05
6.188610476e-05
6.158503032e-05
7.673356136e-05
6.867043986e-05
6.841084014e-05
6.04219336e-05
7.519954909e-05
7.466865475e-05
5.94424826e-05
7.373125756e-05
8.066317164e-05
7.272262219e-05
6.505959449e-05
7.881539242e-05
8.542299513e-05
6.346994135e-05
7.003023142e-05
6.241112306e-05
7.571240269e-05
6.812850205e-05
7.435024051e-05
8.025348798e-05
7.295484833e-05
7.872111763e-05
6.503084121e-05
5.78738204e-05
7.646697683e-05
7.559293431e-05
7.48843951e-05
7.401163065e-05
6.718807856e-05
7.242762224e-05
7.17082873e-05
7.084678286e-05
7.012665008e-05
6.927441884e-05
7.426926089e-05
7.335821674e-05
7.258502022e-05
7.168802381e-05
7.092209446e-05
7.542783723e-05
8.527366545e-05
6.84180206e-05
7.288232701e-05
7.196560609e-05
7.626795346e-05
6.526417755e-05
6.952014582e-05
6.863983762e-05
6.304484256e-05
6.703341087e-05
7.578041898e-05
7.481899599e-05
7.401323891e-05
7.764206614e-05
7.681139786e-05
6.245586676e-05
6.620679159e-05
7.844543542e-05
7.762058008e-05
8.516071627e-05
6.741964352e-05
7.489804749e-05
6.589115384e-05
8.947330009e-05
7.246155244e-05
7.95181827e-05
7.872061371e-05
7.775585108e-05
6.543850809e-05
6.844639349e-05
6.777854594e-05
6.32436713e-05
7.000417115e-05
6.917244318e-05
7.572877471e-05
7.484056729e-05
7.061038901e-05
6.630429365e-05
7.260807939e-05
7.861815057e-05
7.112888962e-05
7.033347698e-05
7.6340188e-05
7.550281004e-05
7.157930086e-05
6.759198219e-05
7.657004788e-05
7.260985284e-05
7.51082798e-05
7.832780725e-05
5.479977401e-05
7.036494949e-05
5.467124522e-05
7.792600099e-05
5.446285796e-05
7.755838969e-05
6.191619946e-05
6.937547656e-05
6.919131762e-05
5.355473908e-05
6.863485285e-05
8.341552351e-05
6.043685349e-05
6.005307058e-05
8.968918512e-05
7.421540395e-05
6.646738705e-05
8.061510819e-05
7.28884203e-05
7.951550401e-05
7.185593151e-05
7.122400375e-05
7.076297439e-05
6.309505518e-05
6.265562651e-05
6.893924619e-05
6.158414132e-05
8.127882119e-05
7.391878808e-05
5.984295843e-05
7.912902851e-05
7.827081194e-05
6.465963059e-05
7.033340331e-05
6.969792932e-05
6.890369863e-05
7.446399163e-05
7.359870893e-05
6.681398211e-05
7.202684811e-05
7.131225953e-05
7.045791664e-05
6.974243623e-05
6.889718218e-05
7.386550372e-05
6.73493596e-05
7.774671964e-05
7.13035119e-05
8.13948424e-05
6.430811666e-05
6.891630663e-05
6.80561055e-05
7.767559504e-05
7.158735379e-05
7.080965764e-05
6.99172979e-05
8.397667666e-05
6.828323369e-05
5.789313325e-05
8.574036447e-05
6.59653805e-05
6.978198583e-05
6.442861937e-05
7.270057703e-05
7.192292574e-05
7.545226267e-05
8.343411219e-05
8.238235841e-05
6.864519807e-05
7.625589632e-05
6.28853448e-05
7.451902018e-05
6.965504319e-05
7.688203863e-05
6.809014197e-05
7.911697665e-05
6.657484153e-05
6.962743442e-05
6.893839322e-05
6.810136016e-05
7.118325704e-05
7.402912584e-05
6.965104769e-05
7.606789311e-05
6.817059698e-05
6.737067656e-05
7.376609595e-05
6.596855768e-05
7.91203753e-05
6.121494817e-05
7.076780988e-05
7.663976011e-05
6.604484463e-05
7.511713154e-05
7.445071953e-05
7.36496753e-05
6.982940695e-05
6.909515708e-05
7.472165342e-05
5.448936229e-05
7.779990172e-05
5.438917808e-05
6.209437832e-05
9.293280905e-05
6.959072593e-05
7.707987123e-05
5.384258455e-05
6.894881338e-05
5.348471318e-05
6.083045313e-05
7.579412002e-05
7.53698103e-05
6.757719074e-05
7.461085487e-05
5.943038782e-05
6.639086031e-05
6.606686697e-05
7.284700084e-05
7.245197466e-05
8.622745625e-05
6.428571242e-05
7.080269474e-05
8.441413619e-05
6.272457155e-05
6.228840044e-05
6.853753682e-05
7.483176095e-05
6.734078035e-05
7.349231417e-05
7.27219564e-05
7.86761927e-05
7.134015963e-05
7.072189721e-05
7.629454275e-05
6.930559707e-05
7.474716618e-05
7.404828212e-05
6.709117173e-05
7.248439467e-05
7.16304849e-05
7.092058207e-05
7.59127373e-05
6.936240954e-05
7.423436776e-05
7.346611279e-05
7.256965692e-05
7.732948286e-05
8.183434936e-05
8.096116988e-05
6.929807016e-05
6.327845553e-05
8.332061432e-05
6.181385606e-05
6.612640998e-05
8.050262474e-05
6.458577713e-05
6.879814914e-05
7.278248135e-05
6.719317225e-05
7.108291324e-05
7.031401516e-05
6.479653241e-05
6.409906098e-05
7.685071357e-05
7.602882626e-05
6.623751903e-05
6.553470894e-05
6.902354877e-05
7.683511e-05
6.744095255e-05
7.508161101e-05
6.178650812e-05
6.522757982e-05
6.039126777e-05
7.173301732e-05
5.510385917e-05
6.624055255e-05
8.852207145e-05
8.383523048e-05
7.905308595e-05
7.455380362e-05
8.102346717e-05
8.024380607e-05
7.208181763e-05
7.139806182e-05
6.703190061e-05
7.339505403e-05
7.945435295e-05
8.214435669e-05
7.444042517e-05
7.041037761e-05
6.96210162e-05
6.571034016e-05
7.148600915e-05
7.085187766e-05
7.327391064e-05
6.947327338e-05
7.499026688e-05
7.433898704e-05
8.509828291e-05
7.732039645e-05
7.722034113e-05
7.714012393e-05
8.466473396e-05
9.221746426e-05
6.128577701e-05
6.115724545e-05
6.852736613e-05
8.353399686e-05
6.046005647e-05
7.533297298e-05
7.491293347e-05
6.716793899e-05
6.674477912e-05
6.645639612e-05
6.599269097e-05
7.296793877e-05
6.517150084e-05
5.761657973e-05
7.85737756e-05
7.810688666e-05
7.74249748e-05
6.293894276e-05
6.928712595e-05
6.880605992e-05
6.132643367e-05
8.116263053e-05
8.034445336e-05
6.642793919e-05
7.230730234e-05
7.822851034e-05
7.093669088e-05
7.032275752e-05
6.954437585e-05
7.518289856e-05
6.813706145e-05
7.36371884e-05
7.278653548e-05
7.208525362e-05
7.123846017e-05
7.053318362e-05
6.969285168e-05
6.898650194e-05
6.81549016e-05
7.307101765e-05
6.662926196e-05
6.59286004e-05
9.225341765e-05
6.979448155e-05
6.36303724e-05
6.819085217e-05
8.288448211e-05
6.149065167e-05
6.072227459e-05
7.007377938e-05
7.41367366e-05
7.333151296e-05
6.275381122e-05
6.207308721e-05
8.014851915e-05
7.461818695e-05
8.288563596e-05
8.199367313e-05
8.095876508e-05
7.564348992e-05
6.590292698e-05
6.08568414e-05
7.296826614e-05
7.220117816e-05
6.710232129e-05
7.055437487e-05
7.78708232e-05
8.112597465e-05
7.611303828e-05
7.137421584e-05
7.441025939e-05
7.754071047e-05
7.659148704e-05
7.962498112e-05
6.367597923e-05
7.418161652e-05
7.328997757e-05
6.895538162e-05
6.81355753e-05
7.459326397e-05
7.371720047e-05
6.25951938e-05
6.874440378e-05
6.81104114e-05
7.069972402e-05
6.672051221e-05
6.927017131e-05
7.518608807e-05
7.435747557e-05
7.049368235e-05
6.973231039e-05
7.226260644e-05
7.14992734e-05
7.396022013e-05
5.38216594e-05
6.916208909e-05
8.442248493e-05
6.900131038e-05
5.354838275e-05
7.637854868e-05
8.375436576e-05
8.357896698e-05
6.811103975e-05
6.793103586e-05
7.511767899e-05
5.990192274e-05
8.190771848e-05
8.159997305e-05
7.371627187e-05
6.605843007e-05
8.746569211e-05
7.253348347e-05
4.31902215e-05
7.159457808e-05
8.521224769e-05
7.764780777e-05
6.997485482e-05
6.25716215e-05
7.577350646e-05
4.788522091e-05
8.129760104e-05
8.069603986e-05
7.988527941e-05
6.604905561e-05
5.882510464e-05
7.778589394e-05
7.053776014e-05
7.628519768e-05
6.286951255e-05
7.476440267e-05
7.392011433e-05
7.323063402e-05
7.238713371e-05
7.16904843e-05
7.08507031e-05
7.014999445e-05
6.931651613e-05
6.861464682e-05
7.908801487e-05
7.268014936e-05
7.179786995e-05
8.19731802e-05
7.017433304e-05
8.544804516e-05
8.439577234e-05
6.783382237e-05
7.729958614e-05
6.626837702e-05
7.047608374e-05
6.971154622e-05
7.375538668e-05
6.80909948e-05
6.723531263e-05
9.500891043e-05
7.035935141e-05
8.351849046e-05
5.955859173e-05
6.344995611e-05
7.607532968e-05
6.640768224e-05
7.431459136e-05
7.352628537e-05
6.833196374e-05
7.606537757e-05
5.842118946e-05
5.781332672e-05
6.932657724e-05
7.264939267e-05
5.580420502e-05
7.890998432e-05
7.014355879e-05
6.943970727e-05
7.240052267e-05
7.922939415e-05
7.454091189e-05
8.119443973e-05
6.56333199e-05
7.58351269e-05
7.493333399e-05
7.068789526e-05
7.684306848e-05
6.920386349e-05
7.182159682e-05
6.777061678e-05
6.364660603e-05
7.634492581e-05
6.564080454e-05
7.155653395e-05
6.755004295e-05
7.332723105e-05
6.938012607e-05
7.502377528e-05
7.113659151e-05
7.05192395e-05
7.641986718e-05
8.401679225e-05
6.865275263e-05
6.096148988e-05
6.842983553e-05
6.073192682e-05
8.324701029e-05
8.307292441e-05
5.265535446e-05
7.502342527e-05
6.719921145e-05
6.698457972e-05
7.401559774e-05
8.111171232e-05
8.060467466e-05
6.566520198e-05
8.694734699e-05
7.21041711e-05
5.724774499e-05
6.405610036e-05
7.765409249e-05
8.421173877e-05
7.652496733e-05
4.838443777e-05
7.533627906e-05
7.481479352e-05
7.40960168e-05
7.35485513e-05
7.281204705e-05
7.880936349e-05
7.799129476e-05
7.7348258e-05
7.651995414e-05
7.585946537e-05
6.877285522e-05
7.435054001e-05
7.351341393e-05
6.675949885e-05
6.599275036e-05
7.130001527e-05
7.046714437e-05
6.977094633e-05
6.894422311e-05
7.962124217e-05
6.742844483e-05
7.229344045e-05
6.592439994e-05
7.066820109e-05
8.054520679e-05
8.499993968e-05
7.870845583e-05
6.228970315e-05
6.664594061e-05
8.62102265e-05
7.512137982e-05
6.93530388e-05
7.826980258e-05
6.290406685e-05
6.689311683e-05
6.616801009e-05
7.466993754e-05
6.463009933e-05
6.38167302e-05
6.313030875e-05
6.678836092e-05
7.047945188e-05
7.829253889e-05
8.176559506e-05
6.799134235e-05
7.989105845e-05
5.813076434e-05
6.574392747e-05
6.898270553e-05
7.630507583e-05
6.34604372e-05
6.67413147e-05
8.14294288e-05
7.677356387e-05
7.962614739e-05
7.132936426e-05
7.046395423e-05
7.712069432e-05
7.619371571e-05
7.186681536e-05
7.101202983e-05
7.033808356e-05
7.298683906e-05
7.230399134e-05
6.806204126e-05
7.417761529e-05
7.666260383e-05
7.92679099e-05
7.184464978e-05
7.119953817e-05
7.361303051e-05
6.978804822e-05
6.90314813e-05
6.531605165e-05
7.385485615e-05
7.321414871e-05
7.59573175e-05
5.314169064e-05
6.82376444e-05
8.331536283e-05
7.55742194e-05
7.545686327e-05
8.274576458e-05
6.005307113e-05
6.729338071e-05
5.965870929e-05
8.164123703e-05
5.918607752e-05
8.093243768e-05
8.062925994e-05
5.099002075e-05
7.25295864e-05
7.202925781e-05
8.601589303e-05
8.536875135e-05
4.245434221e-05
8.42206663e-05
6.976877408e-05
7.608276469e-05
6.184969303e-05
7.490406848e-05
8.1148742e-05
7.367409311e-05
7.313053889e-05
7.898249883e-05
6.530410839e-05
7.755407438e-05
7.050589235e-05
6.97532099e-05
7.543845854e-05
6.83934789e-05
7.394123404e-05
7.311116428e-05
7.24308458e-05
7.160133727e-05
7.091377666e-05
7.008771615e-05
6.939597248e-05
8.571988479e-05
6.788283469e-05
6.707099308e-05
6.637922296e-05
7.650712066e-05
6.48894665e-05
7.47828398e-05
7.398694587e-05
6.786013487e-05
8.262259995e-05
7.140267446e-05
6.558608817e-05
6.477176456e-05
8.378352847e-05
7.300433669e-05
8.665486688e-05
7.130827139e-05
7.053557752e-05
7.893708781e-05
6.430468306e-05
7.25676357e-05
7.178727529e-05
8.417607547e-05
7.451056584e-05
8.223089796e-05
8.13588411e-05
7.611086248e-05
7.11269748e-05
7.023818657e-05
7.359607215e-05
7.671778459e-05
7.193220333e-05
6.709448662e-05
6.250580384e-05
6.559465317e-05
6.875608937e-05
7.168840631e-05
6.724276813e-05
7.749827091e-05
6.577832034e-05
6.859809597e-05
7.508887522e-05
7.772870118e-05
6.299254532e-05
7.262705871e-05
7.879961747e-05
6.772591481e-05
6.374604332e-05
6.964979684e-05
6.244308355e-05
7.148799121e-05
7.40663635e-05
6.687712044e-05
7.575327519e-05
7.180842858e-05
7.427382421e-05
7.348398798e-05
6.981144877e-05
8.305036687e-05
7.546006009e-05
7.536391765e-05
6.775753572e-05
6.760871561e-05
5.250301857e-05
7.477319903e-05
7.46172753e-05
7.432429904e-05
6.67158435e-05
8.853375634e-05
8.825179907e-05
8.045345529e-05
7.28659208e-05
5.068973657e-05
5.768233356e-05
7.16073933e-05
5.700849128e-05
7.072645044e-05
7.034586868e-05
6.280010964e-05
6.242922759e-05
6.87687666e-05
4.782939776e-05
8.124740603e-05
6.723889039e-05
7.325694732e-05
7.932791037e-05
7.199382416e-05
7.792548115e-05
7.069491807e-05
7.6487595e-05
6.936744315e-05
7.502209895e-05
7.420174382e-05
7.353640992e-05
7.271329272e-05
7.203746727e-05
7.121480215e-05
7.053170008e-05
6.971235209e-05
7.477709154e-05
7.958009136e-05
6.752275145e-05
7.227708713e-05
6.602975815e-05
8.154286887e-05
6.992952389e-05
7.439423441e-05
7.360297179e-05
7.270299835e-05
6.67848179e-05
7.103659024e-05
7.528867537e-05
6.444173115e-05
7.355032881e-05
7.747681982e-05
7.184690007e-05
8.040887027e-05
7.018047041e-05
6.468113203e-05
7.312288841e-05
7.220551592e-05
7.589356088e-05
8.816606301e-05
6.541802501e-05
7.321071813e-05
7.243441781e-05
7.152769825e-05
6.661268238e-05
6.989245388e-05
8.137091926e-05
8.035893597e-05
7.953210289e-05
6.283813327e-05
7.774911076e-05
6.527342232e-05
7.982252044e-05
6.758296635e-05
7.063102597e-05
7.711907666e-05
6.54563711e-05
7.544784927e-05
7.472123001e-05
7.383212159e-05
7.313118226e-05
6.194640682e-05
6.81852008e-05
7.413240118e-05
7.344840282e-05
6.60063969e-05
6.213546613e-05
7.113485627e-05
7.049612738e-05
7.288334402e-05
7.223714621e-05
7.455774447e-05
7.390444319e-05
7.311682589e-05
7.248297891e-05
9.005857845e-05
7.500887983e-05
8.240504271e-05
6.735284887e-05
7.467277924e-05
5.219001004e-05
8.176116625e-05
7.417355254e-05
6.649512045e-05
7.368931499e-05
7.334216807e-05
6.579803178e-05
6.543827106e-05
7.968137052e-05
6.479095948e-05
8.60174857e-05
7.11904416e-05
7.084619423e-05
6.32853625e-05
7.693318152e-05
6.243892255e-05
6.896747089e-05
7.521351596e-05
6.793803694e-05
7.405435631e-05
6.017237054e-05
5.960004441e-05
6.573509862e-05
7.809989481e-05
6.457577782e-05
7.669417695e-05
7.606440629e-05
7.525736713e-05
7.461031008e-05
6.76471459e-05
7.313599445e-05
7.231972817e-05
7.164833862e-05
7.083241799e-05
7.599986183e-05
7.511940284e-05
7.437948664e-05
6.78509582e-05
6.716646816e-05
7.18979515e-05
6.56839537e-05
7.571040463e-05
6.956594608e-05
6.872324353e-05
7.84531742e-05
7.749613305e-05
7.15532705e-05
7.067424072e-05
7.490504495e-05
7.891082334e-05
6.829930484e-05
8.190421881e-05
7.625076496e-05
8.000578191e-05
6.982892092e-05
7.355257322e-05
8.185317872e-05
7.184699223e-05
6.219040276e-05
7.895707707e-05
9.113252654e-05
7.285001203e-05
7.20776328e-05
7.117640021e-05
6.214272574e-05
7.364129093e-05
6.072927587e-05
6.797125827e-05
8.310054158e-05
5.86233148e-05
6.576425019e-05
7.641802637e-05
8.321597822e-05
6.351751333e-05
7.768558689e-05
6.212575127e-05
6.513755804e-05
6.792985439e-05
6.373471485e-05
7.347220831e-05
7.624002963e-05
7.19180351e-05
7.463750605e-05
7.712305296e-05
6.976691281e-05
7.553528567e-05
6.183086473e-05
7.400270177e-05
6.377237121e-05
7.567711175e-05
6.875569265e-05
7.418864577e-05
7.047460478e-05
6.972192649e-05
7.21228433e-05
8.206293217e-05
5.965045021e-05
7.44687805e-05
5.207453018e-05
7.423007555e-05
4.44691813e-05
6.649985616e-05
6.636156832e-05
3.672391689e-05
7.32550934e-05
8.020246068e-05
7.267978044e-05
5.782712735e-05
7.921573462e-05
6.441384225e-05
7.126446274e-05
7.077831741e-05
7.043656665e-05
6.292116032e-05
7.649104843e-05
7.587783665e-05
5.485894574e-05
7.478629769e-05
6.755278223e-05
7.363668881e-05
6.64817753e-05
6.585151675e-05
7.844130868e-05
6.472162402e-05
7.70612052e-05
7.627133954e-05
7.564587462e-05
6.237142764e-05
7.420301706e-05
7.339642301e-05
7.273991599e-05
7.193040106e-05
7.126339133e-05
7.632529481e-05
6.977976679e-05
6.897355802e-05
6.829485014e-05
7.311871776e-05
7.238175207e-05
7.702452444e-05
7.078689845e-05
6.993836285e-05
7.452967777e-05
6.836979985e-05
6.24401633e-05
6.682024457e-05
7.627306415e-05
6.529302841e-05
7.452530426e-05
6.379165234e-05
6.795513997e-05
7.190600995e-05
6.638511597e-05
6.555847097e-05
7.411293424e-05
5.946485416e-05
8.597201911e-05
7.149201131e-05
7.514399434e-05
6.547379911e-05
7.341107696e-05
7.249284287e-05
8.86006619e-05
7.0828536e-05
7.42068706e-05
7.328234089e-05
7.251993139e-05
6.366180547e-05
6.30067396e-05
6.611716039e-05
5.389579045e-05
6.844267894e-05
7.151972925e-05
7.064611573e-05
7.36276095e-05
6.90982161e-05
7.562547483e-05
7.471644396e-05
8.104393366e-05
7.659749113e-05
7.587006553e-05
6.475262381e-05
6.414646138e-05
5.672658964e-05
7.273338801e-05
6.863059727e-05
7.448275839e-05
6.40354095e-05
7.297950099e-05
7.216798152e-05
7.15282521e-05
6.767125155e-05
7.317659472e-05
7.239339994e-05
7.17662687e-05
7.416178902e-05
7.412251385e-05
7.402913886e-05
8.874374151e-05
7.379259014e-05
5.157505746e-05
7.345429455e-05
6.597157763e-05
6.571557672e-05
4.369557553e-05
7.248551998e-05
7.225564536e-05
5.74908595e-05
7.159591744e-05
6.404108965e-05
7.085250589e-05
7.740803109e-05
7.003164872e-05
7.646359852e-05
6.913997106e-05
6.858763397e-05
6.136592835e-05
6.760355025e-05
6.717187219e-05
7.322370618e-05
7.933149101e-05
5.893640125e-05
7.800539831e-05
5.792759883e-05
7.024986547e-05
7.585313901e-05
6.896259659e-05
6.823532665e-05
7.380014668e-05
6.691692555e-05
7.234810446e-05
7.750734693e-05
7.088255837e-05
7.007983794e-05
8.097807724e-05
6.86100022e-05
6.793553374e-05
7.273627381e-05
6.646506335e-05
7.115148909e-05
7.042002311e-05
6.95779602e-05
7.944232574e-05
7.848458433e-05
7.247459571e-05
7.670845481e-05
7.588588111e-05
5.996615959e-05
9.392256628e-05
6.835393026e-05
6.761442625e-05
6.677739449e-05
6.133599272e-05
6.523308968e-05
6.452719753e-05
5.917117235e-05
6.303514082e-05
8.447936859e-05
7.477473613e-05
7.38402986e-05
7.305175614e-05
6.365219902e-05
7.557300452e-05
8.706853918e-05
7.794857071e-05
7.292687313e-05
7.216817748e-05
7.127288317e-05
6.662062226e-05
7.353858529e-05
6.512861337e-05
7.946441268e-05
7.866652991e-05
6.66051046e-05
6.228154544e-05
7.962264758e-05
7.88445276e-05
6.373374294e-05
7.363958215e-05
7.276280703e-05
7.550367469e-05
7.461427953e-05
7.391570117e-05
6.973466356e-05
6.580097798e-05
7.154972043e-05
7.412117304e-05
7.009607867e-05
7.578184418e-05
7.493795542e-05
7.427373608e-05
6.733952888e-05
7.28180203e-05
7.203702878e-05
7.141320255e-05
6.635348342e-05
6.631842621e-05
8.831358934e-05
7.35192023e-05
7.336023127e-05
7.324711973e-05
5.8419951e-05
8.016084256e-05
7.985097883e-05
7.964200592e-05
6.485819104e-05
7.183643179e-05
6.430328986e-05
7.830060048e-05
7.782209888e-05
7.748981288e-05
6.297139799e-05
7.659449563e-05
6.220518859e-05
6.874714054e-05
5.45598812e-05
7.457938743e-05
6.050148332e-05
7.347475712e-05
7.281533005e-05
7.231567278e-05
6.512232356e-05
7.757430601e-05
7.041133424e-05
7.621589041e-05
7.543949951e-05
6.858727177e-05
6.786612196e-05
7.340162727e-05
7.260839502e-05
7.196049128e-05
7.116418834e-05
7.050577413e-05
6.970951323e-05
6.904369699e-05
7.393778041e-05
7.88433082e-05
7.235780976e-05
6.611982588e-05
6.533911415e-05
6.466793635e-05
6.389654116e-05
8.430467455e-05
6.7673708e-05
7.210611956e-05
9.158470782e-05
7.550260912e-05
6.463696342e-05
7.869574165e-05
7.772868718e-05
6.727711202e-05
8.068423242e-05
7.511595411e-05
6.954741678e-05
7.338143088e-05
8.152667602e-05
8.512753121e-05
7.079246982e-05
6.12780735e-05
6.483573449e-05
6.841970416e-05
6.756603229e-05
9.191866507e-05
7.839501667e-05
6.940594788e-05
7.660677264e-05
6.782982946e-05
6.304851082e-05
8.189963625e-05
6.93331151e-05
6.481538055e-05
7.155104624e-05
8.201663324e-05
6.260288612e-05
7.292061406e-05
6.843500962e-05
7.133276036e-05
7.399908325e-05
7.328595843e-05
6.551672183e-05
7.855629674e-05
6.750484004e-05
7.690364564e-05
7.600796387e-05
6.875797111e-05
7.120409168e-05
7.697017195e-05
7.292727998e-05
7.22724752e-05
7.457376557e-05
6.775343457e-05
7.310295549e-05
7.246294287e-05
7.168414905e-05
7.106359334e-05
7.329548584e-05
6.593116613e-05
7.316524693e-05
8.03993838e-05
6.563961843e-05
8.010267262e-05
5.808045851e-05
5.796016691e-05
7.938834307e-05
7.19825996e-05
5.731892194e-05
6.427984909e-05
7.814114195e-05
7.077356082e-05
7.034264305e-05
6.303844549e-05
6.957008573e-05
8.308274469e-05
6.185327837e-05
7.519462353e-05
6.781642928e-05
6.741884301e-05
8.021811771e-05
7.306507498e-05
5.924575944e-05
7.845304929e-05
7.12401245e-05
6.428996027e-05
7.639257003e-05
7.580014953e-05
6.877781793e-05
6.82160102e-05
6.750089112e-05
7.300738875e-05
7.22206927e-05
7.157700933e-05
7.07871709e-05
7.013297439e-05
6.934308178e-05
8.585181856e-05
6.78942683e-05
7.843281314e-05
6.644608965e-05
7.674118244e-05
6.500341599e-05
8.042026622e-05
6.886818448e-05
6.290646548e-05
7.251025437e-05
6.149260395e-05
6.581174386e-05
7.512318921e-05
7.915550808e-05
6.85149153e-05
6.767466426e-05
7.650645334e-05
6.611755858e-05
7.007358092e-05
5.536450415e-05
8.214870108e-05
7.211375524e-05
7.133598172e-05
7.044780779e-05
6.969129504e-05
6.452134318e-05
6.383255706e-05
7.984699076e-05
6.236908364e-05
8.622976789e-05
7.313472917e-05
6.821361797e-05
7.147480829e-05
7.058955763e-05
7.762572442e-05
7.283470914e-05
6.07107259e-05
7.120902054e-05
7.049388402e-05
6.596876739e-05
6.531496524e-05
7.886207732e-05
6.03431704e-05
7.715247447e-05
8.335510255e-05
6.52034525e-05
7.138225278e-05
7.725888784e-05
6.988009965e-05
7.235455531e-05
6.516962948e-05
7.086178608e-05
7.340843322e-05
6.942025243e-05
6.87969411e-05
7.421309845e-05
7.355542961e-05
7.274808587e-05
7.211131151e-05
7.133470969e-05
7.071739053e-05
6.558289183e-05
6.554840254e-05
7.274081808e-05
5.813317576e-05
7.976159061e-05
7.963894561e-05
7.218111121e-05
7.203181293e-05
5.74043907e-05
5.7254562e-05
5.698993878e-05
7.811367347e-05
7.063139827e-05
8.444331155e-05
6.994252765e-05
6.964472487e-05
7.609410244e-05
7.572878974e-05
6.833925271e-05
8.156966475e-05
6.743729419e-05
8.045099056e-05
7.312487905e-05
7.265993614e-05
6.546553852e-05
7.802108353e-05
7.729092318e-05
6.393854964e-05
6.96458941e-05
7.538891959e-05
7.462560837e-05
6.784874625e-05
7.324316762e-05
7.26173625e-05
7.183710877e-05
7.119759292e-05
7.041412718e-05
7.557777097e-05
7.472885606e-05
7.401657674e-05
6.754197216e-05
7.245324394e-05
6.610391574e-05
7.634666648e-05
6.467114968e-05
7.467585472e-05
7.906003784e-05
7.301897039e-05
6.699164751e-05
6.62817021e-05
8.059360985e-05
7.474756359e-05
6.891656322e-05
6.817447384e-05
6.253006395e-05
7.612854923e-05
7.519143603e-05
7.902661936e-05
7.345833233e-05
5.903968398e-05
6.727762829e-05
7.098902942e-05
7.44881409e-05
6.93538067e-05
6.420998616e-05
6.352464106e-05
8.364531202e-05
7.034516225e-05
6.538393402e-05
8.087133364e-05
6.788748278e-05
7.113309607e-05
7.025278493e-05
7.339259521e-05
7.630294723e-05
7.552690313e-05
7.460026228e-05
7.385099384e-05
8.024516711e-05
7.222706707e-05
8.205481581e-05
8.125257247e-05
7.678562201e-05
6.913219318e-05
7.513945388e-05
7.104245724e-05
7.020459938e-05
6.954703273e-05
7.85554582e-05
7.458724832e-05
7.372833574e-05
7.305717893e-05
6.908720282e-05
7.15790173e-05
7.385590318e-05
7.32014614e-05
7.239664495e-05
6.877294813e-05
7.098866064e-05
7.330681727e-05
7.969410679e-05
8.689341008e-05
7.955341352e-05
7.224747862e-05
8.651163412e-05
7.918055687e-05
6.458982161e-05
7.161822189e-05
8.561342148e-05
6.404269445e-05
8.499706572e-05
7.766822593e-05
7.023000929e-05
6.297289288e-05
6.954693829e-05
6.925122986e-05
6.878725707e-05
5.476598837e-05
6.116126935e-05
6.75949833e-05
6.035613725e-05
6.000328775e-05
6.610999532e-05
7.882828956e-05
7.812772643e-05
5.172923238e-05
7.046415056e-05
6.995005574e-05
7.556659756e-05
7.498212757e-05
6.803977864e-05
6.748541571e-05
7.285319683e-05
7.223148136e-05
7.145757794e-05
7.082217773e-05
7.004499467e-05
7.518233476e-05
6.862165564e-05
7.363227658e-05
7.839219873e-05
6.653529791e-05
7.124568524e-05
6.510530235e-05
6.434226287e-05
7.429668432e-05
7.34168008e-05
7.784015853e-05
7.691047743e-05
7.609589387e-05
6.515615385e-05
5.950054051e-05
8.327021002e-05
6.783739886e-05
6.70087658e-05
7.575436008e-05
7.482358277e-05
7.401442584e-05
6.853203707e-05
6.779142743e-05
5.802489155e-05
8.830679461e-05
7.412898323e-05
7.764701767e-05
7.242183566e-05
6.743432689e-05
6.659602257e-05
7.412676818e-05
7.320600252e-05
6.43884582e-05
7.15388308e-05
7.866070629e-05
7.768801151e-05
7.304409364e-05
6.834711749e-05
7.141038537e-05
7.053468588e-05
7.350124368e-05
7.623521978e-05
6.829095652e-05
6.746373164e-05
6.328804621e-05
7.989597999e-05
6.192443609e-05
6.458581612e-05
7.070588138e-05
6.987166314e-05
6.592107211e-05
6.840947253e-05
6.777779525e-05
6.38063222e-05
7.587054269e-05
6.250666692e-05
7.433452679e-05
7.043954113e-05
7.285088365e-05
7.204858327e-05
7.141818828e-05
7.064595278e-05
7.295313219e-05
6.482999319e-05
8.639474018e-05
8.628787622e-05
7.18332916e-05
6.451227032e-05
7.872741476e-05
8.562787478e-05
7.120935324e-05
7.803205099e-05
7.782891517e-05
6.338606976e-05
5.616569452e-05
8.379978795e-05
6.261736243e-05
6.91557986e-05
6.197594076e-05
6.156217106e-05
8.168992838e-05
7.433682562e-05
6.721946517e-05
8.002992115e-05
7.293248223e-05
7.232154762e-05
7.186298935e-05
5.827613124e-05
7.717126711e-05
7.00824684e-05
7.58965544e-05
7.516027326e-05
7.457970201e-05
7.382909137e-05
7.322831532e-05
7.246735671e-05
7.184967961e-05
7.108203633e-05
7.632159252e-05
6.96797122e-05
6.903785999e-05
6.826654257e-05
6.761718133e-05
7.241892166e-05
7.171039596e-05
7.088253529e-05
8.096751388e-05
8.002088033e-05
6.864124892e-05
6.783026369e-05
7.228635267e-05
7.142498283e-05
7.066893636e-05
6.982040435e-05
7.894130116e-05
7.7985978e-05
6.750364068e-05
6.191779907e-05
5.653787355e-05
7.911301819e-05
7.825779366e-05
7.274680945e-05
7.196090571e-05
6.662910843e-05
7.909329598e-05
6.075445965e-05
9.015371128e-05
8.055518783e-05
5.872312681e-05
7.042127367e-05
6.147818069e-05
6.881072218e-05
6.007760594e-05
7.51555947e-05
6.654497084e-05
6.572274477e-05
7.269888612e-05
6.802465423e-05
8.603624902e-05
7.759199958e-05
7.681253019e-05
6.503673757e-05
7.512391783e-05
6.361206647e-05
6.648939945e-05
8.297703772e-05
6.848074866e-05
6.428136515e-05
6.702140919e-05
7.285338741e-05
7.217082595e-05
7.132819808e-05
7.709400086e-05
6.66791386e-05
6.921836959e-05
7.154108127e-05
7.398129438e-05
7.010374087e-05
7.250364788e-05
7.170385234e-05
7.107659942e-05
7.030653798e-05
6.969872985e-05
6.445998939e-05
8.590176121e-05
7.149657129e-05
7.142382649e-05
7.127227107e-05
7.116311791e-05
7.804644328e-05
7.080512655e-05
7.053653968e-05
8.442378351e-05
8.403789634e-05
6.981127284e-05
6.944076378e-05
5.534739905e-05
7.564593733e-05
7.53251734e-05
6.802184974e-05
6.769664679e-05
5.376406514e-05
6.684809631e-05
7.295739497e-05
7.253205851e-05
7.192646464e-05
7.147103599e-05
7.083992242e-05
7.675326354e-05
7.604170785e-05
6.919769528e-05
7.475829522e-05
7.4181573e-05
6.119764604e-05
7.284033245e-05
7.208558199e-05
7.14718929e-05
7.071042136e-05
7.008310047e-05
6.931821983e-05
8.012711294e-05
7.357467646e-05
6.72697155e-05
6.650668381e-05
7.134465504e-05
7.594792006e-05
6.444607437e-05
6.369442358e-05
6.304266766e-05
6.749120763e-05
7.192552919e-05
7.107040911e-05
6.529579439e-05
8.436380306e-05
6.382383954e-05
7.27535409e-05
6.23750684e-05
5.687643783e-05
7.501690972e-05
6.946740877e-05
7.329784791e-05
7.239619199e-05
7.161432637e-05
7.957141746e-05
8.746016339e-05
6.046431927e-05
6.836067277e-05
6.751326695e-05
6.679302692e-05
8.245584495e-05
7.75033335e-05
7.251410613e-05
6.377998979e-05
5.511678446e-05
7.01272864e-05
7.695719456e-05
6.854866689e-05
8.275082379e-05
7.446276413e-05
6.987300303e-05
6.188985012e-05
7.911674954e-05
7.833224831e-05
5.979650341e-05
7.662681082e-05
7.914687069e-05
7.497556969e-05
7.408184012e-05
7.004220737e-05
6.591921436e-05
6.530153641e-05
7.099251922e-05
7.033685362e-05
7.26850753e-05
7.202329936e-05
7.429849737e-05
7.363140317e-05
7.280465434e-05
7.215970653e-05
7.136240458e-05
7.07382626e-05
7.288580102e-05
7.225590278e-05
7.121576118e-05
7.117864693e-05
7.109122788e-05
7.81209033e-05
8.504263294e-05
7.076046742e-05
4.233038331e-05
6.33649169e-05
7.715331218e-05
6.296152773e-05
6.96386534e-05
6.247787962e-05
7.595803162e-05
8.255761402e-05
8.206388556e-05
6.809697929e-05
7.441004818e-05
5.385802752e-05
7.351887845e-05
7.312888915e-05
7.255844035e-05
7.869382658e-05
7.153567478e-05
7.1083335e-05
7.686287268e-05
7.633976386e-05
6.302852349e-05
6.882755169e-05
7.436059409e-05
7.378767208e-05
6.696194822e-05
7.245643918e-05
7.170780874e-05
7.109805823e-05
7.034267177e-05
6.97193164e-05
6.896045889e-05
7.402047034e-05
6.756722963e-05
6.692580247e-05
7.168265511e-05
6.552242394e-05
8.096218787e-05
6.412144145e-05
7.393793351e-05
7.840921025e-05
7.748714343e-05
8.690435212e-05
6.061657578e-05
6.497364406e-05
7.901156737e-05
6.839642889e-05
8.20518854e-05
7.162058658e-05
6.603413164e-05
7.465354263e-05
8.295896934e-05
6.838569103e-05
7.65519967e-05
5.790774391e-05
6.599297196e-05
7.398647051e-05
6.017693692e-05
6.378367385e-05
7.559284675e-05
7.063173744e-05
8.206683809e-05
7.713778586e-05
7.217303939e-05
7.141505378e-05
7.053198609e-05
7.755367526e-05
6.127753447e-05
7.959902797e-05
6.738877072e-05
7.411468363e-05
7.320715293e-05
6.884801172e-05
7.516819215e-05
7.087881218e-05
8.052377228e-05
7.97360488e-05
7.877755924e-05
8.140976024e-05
6.703262493e-05
7.635454645e-05
7.217208482e-05
6.4996115e-05
6.102453254e-05
7.63716255e-05
7.548923687e-05
6.856839958e-05
7.394875562e-05
6.71777388e-05
7.246085699e-05
7.481147181e-05
7.102419329e-05
7.04031316e-05
7.253895775e-05
7.478875247e-05
7.789528892e-05
8.493249083e-05
6.362140922e-05
7.061874265e-05
8.45639898e-05
7.036234779e-05
6.313901899e-05
5.600822913e-05
6.277199154e-05
7.652236232e-05
7.617512222e-05
6.903282414e-05
6.866906023e-05
5.473285051e-05
6.80083393e-05
7.449280557e-05
7.400061745e-05
7.364778761e-05
7.976358327e-05
5.950578087e-05
6.560347748e-05
7.174425855e-05
7.114910845e-05
7.712707369e-05
7.645030699e-05
6.96031377e-05
7.523109232e-05
7.46851057e-05
7.396710197e-05
6.728143791e-05
7.26656946e-05
7.207657119e-05
7.133397438e-05
7.662212339e-05
6.997872756e-05
7.513923023e-05
6.86063719e-05
6.797641983e-05
7.842673828e-05
6.658538803e-05
7.132010753e-05
7.605688721e-05
7.518534504e-05
6.380006267e-05
6.831445831e-05
7.281774138e-05
6.682316367e-05
7.121458191e-05
7.539827043e-05
8.45483975e-05
6.388339274e-05
6.806277939e-05
8.165366109e-05
7.127334055e-05
6.57155236e-05
7.893703365e-05
6.421403742e-05
6.352063566e-05
6.274187456e-05
6.649789438e-05
6.567943719e-05
6.930368958e-05
7.700435159e-05
8.041065493e-05
7.941647109e-05
7.029904766e-05
6.126111336e-05
7.273484553e-05
6.784432346e-05
7.502971005e-05
6.63024931e-05
6.947240125e-05
7.623999918e-05
8.300086746e-05
7.45280737e-05
8.483531857e-05
7.286696762e-05
6.13145415e-05
7.481912308e-05
7.407705569e-05
8.014989727e-05
7.246435494e-05
7.500247489e-05
7.427890915e-05
7.339315081e-05
6.608654907e-05
7.836675249e-05
7.116289099e-05
6.713370832e-05
7.284817856e-05
7.513650522e-05
7.135015115e-05
6.44020047e-05
7.294145647e-05
7.212029133e-05
7.148152132e-05
7.068917268e-05
7.007116107e-05
6.930758392e-05
7.157187436e-05
7.74582014e-05
7.038001014e-05
8.43530098e-05
7.724526559e-05
7.708314568e-05
8.396241959e-05
6.27864451e-05
6.961952099e-05
8.322997569e-05
6.917867163e-05
6.886588044e-05
6.865007392e-05
7.511856543e-05
6.803833213e-05
7.439769495e-05
8.081834422e-05
8.028618298e-05
6.658657875e-05
6.610794141e-05
7.23340297e-05
7.177347918e-05
7.784371786e-05
7.720003367e-05
7.032041629e-05
6.336845549e-05
6.923215578e-05
7.483223116e-05
7.428983818e-05
7.35777524e-05
6.692793062e-05
7.2286001e-05
7.17006655e-05
7.096401763e-05
7.622549947e-05
6.961852996e-05
6.900296171e-05
7.394389442e-05
7.326564106e-05
7.802911519e-05
6.624841906e-05
7.641976332e-05
6.486413482e-05
7.480977147e-05
7.93523617e-05
7.320455503e-05
6.210613714e-05
7.672393454e-05
6.074087388e-05
6.502553612e-05
5.938964916e-05
7.335338552e-05
7.257039567e-05
6.691940997e-05
7.092944545e-05
7.941425573e-05
6.007402992e-05
7.303701601e-05
7.224862469e-05
7.136432903e-05
6.618218762e-05
6.972679206e-05
6.466516778e-05
6.812604627e-05
6.739558029e-05
7.072359631e-05
6.996947726e-05
7.723474624e-05
6.837305036e-05
7.150044137e-05
6.28885483e-05
7.764039428e-05
6.91495241e-05
7.209207155e-05
7.135007979e-05
8.531040576e-05
7.342819495e-05
7.615642575e-05
7.180103477e-05
7.092693435e-05
7.022338599e-05
7.631080508e-05
6.525989424e-05
7.465573768e-05
6.721401034e-05
7.969482072e-05
7.564780246e-05
7.150340683e-05
7.405282821e-05
7.000417564e-05
6.935744005e-05
7.167092732e-05
7.101827366e-05
7.020659718e-05
7.260130925e-05
7.1782912e-05
7.114718674e-05
7.328885188e-05
7.264823596e-05
6.898087781e-05
7.123469391e-05
7.002362881e-05
6.998737489e-05
7.68925445e-05
8.379792743e-05
6.968557267e-05
6.262145878e-05
6.243778695e-05
6.92330935e-05
7.587169643e-05
6.191625943e-05
5.478871201e-05
6.144439013e-05
6.791432023e-05
6.76647492e-05
7.399071848e-05
8.037669006e-05
7.984922822e-05
7.284706233e-05
6.575014547e-05
7.848332141e-05
7.13873333e-05
6.452126177e-05
7.038837538e-05
6.358642302e-05
6.933512786e-05
7.512557185e-05
6.823444564e-05
7.389873251e-05
7.31924803e-05
7.263067493e-05
7.191025474e-05
7.132866044e-05
7.059787846e-05
6.999965587e-05
7.503385655e-05
6.865027648e-05
6.790899567e-05
7.28939702e-05
7.209011053e-05
6.591484353e-05
6.51746807e-05
7.529658002e-05
7.443793146e-05
7.369468607e-05
7.804638703e-05
6.695012266e-05
7.125807769e-05
7.051755176e-05
7.466424949e-05
8.372629152e-05
6.813205368e-05
7.221980533e-05
6.659775068e-05
8.941254715e-05
8.368385513e-05
5.978721107e-05
6.814677366e-05
6.741143164e-05
7.546606033e-05
7.465205966e-05
5.63863917e-05
6.865174925e-05
6.356887534e-05
7.965739304e-05
6.625266938e-05
8.193292067e-05
6.473722644e-05
7.205830459e-05
6.72149982e-05
7.042152716e-05
5.796090743e-05
5.353415997e-05
6.798244323e-05
7.475859196e-05
8.12251339e-05
6.578072782e-05
7.58057942e-05
7.504390784e-05
7.766065116e-05
7.689021734e-05
7.595975095e-05
7.863529334e-05
6.755653786e-05
6.690461448e-05
7.602247306e-05
6.875154768e-05
7.764402863e-05
7.37112687e-05
7.60154344e-05
7.217504772e-05
6.823743614e-05
7.376292444e-05
6.9880719e-05
7.226431972e-05
7.144867451e-05
7.081596511e-05
7.002852458e-05
6.941652428e-05
7.151795556e-05
7.090067553e-05
6.963507146e-05
6.263918657e-05
6.951479625e-05
4.861120721e-05
6.929987568e-05
7.611386425e-05
8.279063956e-05
4.819565248e-05
7.545390098e-05
7.525895271e-05
6.129906301e-05
6.78971667e-05
8.105176527e-05
7.402477101e-05
7.358817033e-05
7.327818368e-05
7.941700393e-05
6.586653974e-05
7.193582185e-05
7.806137845e-05
7.100532018e-05
7.701177985e-05
7.637899286e-05
6.95737001e-05
7.523876242e-05
7.472937896e-05
6.787647517e-05
7.351172329e-05
7.281122194e-05
7.225303032e-05
7.153839457e-05
7.09604956e-05
7.023549809e-05
6.964102505e-05
8.039400317e-05
6.830117817e-05
6.756559724e-05
6.694712421e-05
6.62107228e-05
6.558461041e-05
7.02541397e-05
7.492209841e-05
7.406976961e-05
6.809288325e-05
6.213049901e-05
7.687136293e-05
7.597561345e-05
6.516169078e-05
6.439556281e-05
7.351871014e-05
8.233359222e-05
7.666409187e-05
7.101339517e-05
7.493495028e-05
6.47778833e-05
6.408028092e-05
7.686767999e-05
6.261996362e-05
6.185603187e-05
6.993032815e-05
7.770774844e-05
7.68716518e-05
6.749053254e-05
7.511308073e-05
7.830949909e-05
7.747475847e-05
7.651949385e-05
6.774002457e-05
7.084026379e-05
5.841372196e-05
8.077160025e-05
6.470642984e-05
6.767003244e-05
7.813577514e-05
6.982712586e-05
8.002973746e-05
6.827186447e-05
7.114277338e-05
6.676337696e-05
7.305896888e-05
7.217500687e-05
6.806530231e-05
7.397179296e-05
6.992795666e-05
7.567396776e-05
6.843628082e-05
6.762668732e-05
7.018272181e-05
7.25131744e-05
6.871951158e-05
7.409781499e-05
7.342298657e-05
7.258210655e-05
7.193044411e-05
7.111753516e-05
7.342480538e-05
7.260709346e-05
6.90937715e-05
7.403133785e-05
7.621535694e-05
7.617588274e-05
6.229359174e-05
8.295786262e-05
8.287418831e-05
5.513473977e-05
7.56950503e-05
7.547461754e-05
8.216755989e-05
7.50406816e-05
6.804276021e-05
4.741684652e-05
6.752687235e-05
6.717599052e-05
6.692975719e-05
5.988270979e-05
7.288206422e-05
6.58245281e-05
7.206356132e-05
7.805525779e-05
7.117361914e-05
5.136536276e-05
7.660244377e-05
6.964373789e-05
6.920625751e-05
7.48434027e-05
7.433734298e-05
6.752224105e-05
7.312874651e-05
6.639775536e-05
7.187929253e-05
7.117036052e-05
7.059611184e-05
7.569988718e-05
6.928605026e-05
7.998648835e-05
7.361858004e-05
6.722565429e-05
6.661091779e-05
7.686007484e-05
6.525766974e-05
6.45284889e-05
7.455132328e-05
7.896989101e-05
6.77583071e-05
6.697912546e-05
7.649628072e-05
7.560690036e-05
6.484588878e-05
6.901475702e-05
8.292001907e-05
8.193921955e-05
5.722295175e-05
8.481036914e-05
6.525622846e-05
7.368143354e-05
8.199929358e-05
6.750510861e-05
7.568082929e-05
7.036146701e-05
8.265354797e-05
6.875150373e-05
8.076420277e-05
7.977292658e-05
7.891811281e-05
8.204982572e-05
7.305781732e-05
7.215803299e-05
7.536057961e-05
6.65972409e-05
7.365074781e-05
7.274408382e-05
7.198746613e-05
6.361823097e-05
7.777832932e-05
6.950821238e-05
7.604307897e-05
6.438353893e-05
7.081814816e-05
6.995683427e-05
6.233639744e-05
7.868848249e-05
7.114269224e-05
7.028747588e-05
7.292371899e-05
6.877832634e-05
7.136788699e-05
6.731769918e-05
7.303751569e-05
7.531960717e-05
7.46235576e-05
7.068468998e-05
7.308616754e-05
7.224830082e-05
7.159963945e-05
7.078945108e-05
7.016268841e-05
7.516178664e-05
7.450517328e-05
7.085310659e-05
7.58613046e-05
8.264490153e-05
7.571885376e-05
8.250301284e-05
6.868326163e-05
6.854115004e-05
8.212453107e-05
6.141466531e-05
6.809912816e-05
7.463196352e-05
8.120684107e-05
7.410773665e-05
6.716059508e-05
7.349409449e-05
7.322503825e-05
7.941389785e-05
7.249020434e-05
7.201923924e-05
7.819428783e-05
6.469962435e-05
6.435913207e-05
7.664010499e-05
6.984764978e-05
6.927729618e-05
6.258425064e-05
7.445217627e-05
5.546204913e-05
6.71716851e-05
7.274973946e-05
7.206049818e-05
7.150940126e-05
7.080609384e-05
7.02354512e-05
6.952178458e-05
6.893467587e-05
6.821407204e-05
7.888244661e-05
7.246320784e-05
6.627807134e-05
6.555269172e-05
6.49339725e-05
6.956102229e-05
7.418419987e-05
7.858314024e-05
7.26136953e-05
7.178059466e-05
7.612484104e-05
8.527398191e-05
6.949722019e-05
7.358962945e-05
6.79598526e-05
6.23606994e-05
8.0679811e-05
6.56510624e-05
6.958642268e-05
6.416751461e-05
7.707924913e-05
8.06265435e-05
6.203357251e-05
7.003341399e-05
6.927869763e-05
7.270947009e-05
6.769651678e-05
6.268759313e-05
7.855359473e-05
6.125408228e-05
6.868152816e-05
6.783659194e-05
6.317045917e-05
7.409173056e-05
6.173801344e-05
7.622332395e-05
6.411595293e-05
7.822937084e-05
7.373727524e-05
7.647558807e-05
7.569730913e-05
6.765176887e-05
6.697164843e-05
6.615737103e-05
7.584306199e-05
7.151999046e-05
7.419214561e-05
6.33047753e-05
7.589227712e-05
6.19453331e-05
7.104359678e-05
7.020254659e-05
7.586633424e-05
7.497644887e-05
7.118835706e-05
7.342116347e-05
7.275242463e-05
7.191755139e-05
7.127186358e-05
7.046438017e-05
6.984054916e-05
7.193790204e-05
7.130956961e-05
6.770428426e-05
6.991715416e-05
6.164536389e-05
8.215162343e-05
8.205312364e-05
8.197059266e-05
8.180158014e-05
6.806463541e-05
8.14413806e-05
6.772934962e-05
6.747970326e-05
7.403658412e-05
7.370765292e-05
7.347809685e-05
7.309889581e-05
5.958950485e-05
7.24063847e-05
7.865731166e-05
6.512329835e-05
7.777825608e-05
7.079255808e-05
7.682233898e-05
7.623646284e-05
7.579668861e-05
6.264971862e-05
7.47086118e-05
6.789293378e-05
6.743502591e-05
7.289972762e-05
6.634342068e-05
7.169091181e-05
7.114329743e-05
7.63159984e-05
6.98784569e-05
6.917033975e-05
6.858684739e-05
7.35277478e-05
7.288110466e-05
7.7648583e-05
8.243566841e-05
7.609998291e-05
6.461347069e-05
8.519331331e-05
6.854776917e-05
7.820015918e-05
6.193746694e-05
7.653559123e-05
7.070652503e-05
6.988810011e-05
7.904415962e-05
7.323826403e-05
6.28046266e-05
8.116170078e-05
7.557405449e-05
7.000869901e-05
6.925857631e-05
6.84285251e-05
7.220530502e-05
7.133377555e-05
7.056511555e-05
6.535163043e-05
6.89574153e-05
8.088814051e-05
7.159548504e-05
6.655918662e-05
7.819242855e-05
7.723296263e-05
7.641008213e-05
7.944327803e-05
7.467241733e-05
5.43453116e-05
6.913904348e-05
5.31139715e-05
6.757913372e-05
7.045811573e-05
7.340300944e-05
7.97546843e-05
7.17663519e-05
6.734592609e-05
5.965104922e-05
6.932471045e-05
7.55003198e-05
6.780659096e-05
7.049977667e-05
7.296905423e-05
7.883399996e-05
7.140182581e-05
7.393688762e-05
6.353153985e-05
7.552274913e-05
7.152655313e-05
6.778432246e-05
7.308745097e-05
7.24217159e-05
7.158981647e-05
7.094707507e-05
7.306487617e-05
7.241807758e-05
7.160791087e-05
6.814327312e-05
6.739248477e-05
7.516297741e-05
8.174763289e-05
8.170575389e-05
6.800676195e-05
6.79384532e-05
6.779885821e-05
6.092657467e-05
8.100134779e-05
8.083627824e-05
6.040451472e-05
7.363790437e-05
6.664715075e-05
5.979584979e-05
6.609811327e-05
5.927105517e-05
6.547349662e-05
7.171899139e-05
7.12560821e-05
7.09194089e-05
5.761595702e-05
7.641802062e-05
7.583705016e-05
6.911678984e-05
6.855586085e-05
7.432020392e-05
6.140155561e-05
7.318553247e-05
7.252514279e-05
7.200339022e-05
7.132509719e-05
7.667933342e-05
7.008863355e-05
6.952507333e-05
6.882243027e-05
7.392938737e-05
7.878836074e-05
7.25178801e-05
6.622604452e-05
7.655930198e-05
7.031657916e-05
7.501213674e-05
7.947859347e-05
6.296630959e-05
7.7820893e-05
8.21834086e-05
6.601138915e-05
8.041885773e-05
7.452192552e-05
7.374990661e-05
6.317153957e-05
7.693111708e-05
6.65234283e-05
7.991866222e-05
7.432542737e-05
6.893380465e-05
5.902793086e-05
7.186860409e-05
7.9877943e-05
6.584792333e-05
8.239635029e-05
8.150893022e-05
8.47539029e-05
6.707432749e-05
5.797262095e-05
9.012423691e-05
7.283431386e-05
7.606166305e-05
7.117390331e-05
7.042076317e-05
6.955581882e-05
6.117838954e-05
7.931071191e-05
6.727357622e-05
7.014017246e-05
7.307176056e-05
7.217759382e-05
7.144296931e-05
7.762854719e-05
7.684798847e-05
7.591420445e-05
7.857705515e-05
6.412658893e-05
7.352468807e-05
6.603711097e-05
7.193933977e-05
6.461854246e-05
6.400343457e-05
7.273196574e-05
7.204966782e-05
6.810780918e-05
7.361260752e-05
7.275675831e-05
7.209400014e-05
7.126505503e-05
7.062523329e-05
6.982311337e-05
7.208860852e-05
7.128093332e-05
6.783222521e-05
7.267383931e-05
7.204755322e-05
5.420417686e-05
7.449263987e-05
7.440391378e-05
6.757207391e-05
7.417707991e-05
6.059854809e-05
8.056604447e-05
7.370188157e-05
7.343209338e-05
7.324349533e-05
7.292030655e-05
7.269374477e-05
7.889576003e-05
7.860798802e-05
7.163939183e-05
6.485409634e-05
7.732422186e-05
7.695933371e-05
7.005035913e-05
7.601793587e-05
7.544180082e-05
7.500770794e-05
7.440081669e-05
7.393581379e-05
7.330265863e-05
7.280948669e-05
7.215438778e-05
7.163592896e-05
7.096299687e-05
7.042222174e-05
6.97353283e-05
8.070445364e-05
6.847800308e-05
7.356008358e-05
7.839692165e-05
6.660762283e-05
6.589941476e-05
8.706559401e-05
6.458980913e-05
6.931368805e-05
6.327379889e-05
7.310420832e-05
6.195623032e-05
6.645224775e-05
6.569499489e-05
7.503185428e-05
7.911163107e-05
8.807913543e-05
8.705460465e-05
7.178221733e-05
7.566945789e-05
6.082734271e-05
7.397818432e-05
6.403792702e-05
6.327322796e-05
7.153502873e-05
6.625735968e-05
6.117429236e-05
7.770077539e-05
7.259394001e-05
5.905618506e-05
6.676750206e-05
6.595243945e-05
7.340207553e-05
6.847561173e-05
6.774625891e-05
7.478800948e-05
7.010214571e-05
7.308872768e-05
6.470876276e-05
7.519400925e-05
7.069136773e-05
6.982508575e-05
6.910631352e-05
6.826116656e-05
6.401023919e-05
7.025522337e-05
7.302617872e-05
6.870390796e-05
6.802185954e-05
7.727940687e-05
6.986837706e-05
7.560259914e-05
7.487241503e-05
7.397829624e-05
7.645982283e-05
7.240561585e-05
7.17262967e-05
7.088358717e-05
7.328168376e-05
7.242904468e-05
7.176923693e-05
7.09432268e-05
7.03062983e-05
7.240295527e-05
7.463260869e-05
7.09569283e-05
7.033750419e-05
7.234220799e-05
7.723581143e-05
8.086963813e-05
7.409268016e-05
8.073242119e-05
7.393058755e-05
8.048696636e-05
6.027403475e-05
8.013539481e-05
6.664372259e-05
7.304066452e-05
7.285328873e-05
6.593900699e-05
6.573437718e-05
7.847825026e-05
5.212822995e-05
7.77403165e-05
7.096401535e-05
7.691883172e-05
7.655630545e-05
6.335005928e-05
6.932018368e-05
6.254220838e-05
7.461934519e-05
7.401741418e-05
6.742576444e-05
6.685005596e-05
7.243728559e-05
7.178740415e-05
7.72115492e-05
7.060455458e-05
7.006713762e-05
6.93855671e-05
6.882892144e-05
7.381508999e-05
6.756410866e-05
6.686515958e-05
7.180218523e-05
7.650532294e-05
6.497929753e-05
6.427510363e-05
9.020011794e-05
7.34623322e-05
7.275116529e-05
6.16586329e-05
7.122075935e-05
7.041097445e-05
7.965276455e-05
8.365784389e-05
8.279223337e-05
8.183121731e-05
6.191875404e-05
8.472991902e-05
7.451457963e-05
7.363417077e-05
8.19519769e-05
7.197788126e-05
7.120453562e-05
7.914311582e-05
6.089313138e-05
7.304818412e-05
7.226190264e-05
7.978250987e-05
7.061743788e-05
6.565319532e-05
7.712858532e-05
7.217585385e-05
5.553893666e-05
6.269564081e-05
7.366342057e-05
6.127191658e-05
7.199672365e-05
6.737134892e-05
8.519030869e-05
7.317138661e-05
7.603905918e-05
7.153301633e-05
7.7885356e-05
6.994186078e-05
7.270039234e-05
7.523742335e-05
7.449043125e-05
6.68999895e-05
7.949359942e-05
7.526555289e-05
6.805691417e-05
6.404194806e-05
6.977538082e-05
7.208218156e-05
7.14058153e-05
7.36345248e-05
6.991398358e-05
7.210427002e-05
7.144738652e-05
7.356697105e-05
6.999023091e-05
8.072564862e-05
6.858103958e-05
7.346128969e-05
6.72185712e-05
7.201358957e-05
7.139336582e-05
8.043767542e-05
6.699726579e-05
6.691798705e-05
7.353614808e-05
6.671508453e-05
7.327586265e-05
7.970932457e-05
7.954744773e-05
7.925823988e-05
7.905514666e-05
7.214960329e-05
5.884851369e-05
7.155970808e-05
5.833580563e-05
7.088847797e-05
7.700995283e-05
7.01411976e-05
6.346456369e-05
6.932356134e-05
7.523020393e-05
6.844157324e-05
6.804873471e-05
7.363794292e-05
6.708060332e-05
7.255583283e-05
7.206887051e-05
7.142413466e-05
7.091214455e-05
7.610385808e-05
6.971561636e-05
6.903929687e-05
6.848604735e-05
6.779938847e-05
6.72299403e-05
7.762559722e-05
6.59534855e-05
7.613168096e-05
7.005106182e-05
6.929373747e-05
7.9203112e-05
7.310867064e-05
7.240151579e-05
7.15911942e-05
7.088083565e-05
6.507121889e-05
6.4411072e-05
7.836549268e-05
7.755512855e-05
7.665677498e-05
8.533244869e-05
7.965010589e-05
6.026149341e-05
6.871250801e-05
7.250934554e-05
8.508031396e-05
6.201744695e-05
6.565062414e-05
8.226259414e-05
8.127011189e-05
8.039558165e-05
7.106058383e-05
5.789192162e-05
6.535665444e-05
7.273930243e-05
7.983452041e-05
7.108599165e-05
7.021625661e-05
7.719275857e-05
7.624737978e-05
7.167479388e-05
7.824926116e-05
8.112287421e-05
7.284560988e-05
6.128135552e-05
7.833652823e-05
6.69655707e-05
7.311284525e-05
7.927059509e-05
8.171295043e-05
7.753067777e-05
7.659362537e-05
7.254571946e-05
7.167360726e-05
6.7754765e-05
7.332111632e-05
7.262288699e-05
7.176162397e-05
6.79973944e-05
6.719763955e-05
7.262868266e-05
7.178239495e-05
7.112840992e-05
7.323772125e-05
6.967699261e-05
7.175291986e-05
6.827322848e-05
7.313038219e-05
7.528037522e-05
6.617348602e-05
7.380419569e-05
7.334277759e-05
7.330550842e-05
5.990649129e-05
6.649626832e-05
7.963378261e-05
7.28876188e-05
7.268044767e-05
6.593910171e-05
7.22701938e-05
5.897881395e-05
5.872117809e-05
7.154811936e-05
7.765634845e-05
5.803058035e-05
7.05188935e-05
7.660883867e-05
7.612067122e-05
7.576278137e-05
7.523540602e-05
7.484242852e-05
7.428039187e-05
7.385456084e-05
6.715714752e-05
7.280613605e-05
7.218809764e-05
7.170418398e-05
7.106452319e-05
7.055570942e-05
6.989842454e-05
7.514823833e-05
6.869646563e-05
7.382545346e-05
7.308719176e-05
6.689906122e-05
6.621051323e-05
7.110047899e-05
7.035012296e-05
6.434881333e-05
7.9568505e-05
6.305727669e-05
7.795542639e-05
6.690841031e-05
6.616126101e-05
7.558300856e-05
6.974557906e-05
6.903848848e-05
7.312282181e-05
6.271817127e-05
6.676188672e-05
7.077914631e-05
6.062661962e-05
7.382461337e-05
8.663483868e-05
7.668656483e-05
5.79461309e-05
5.732400929e-05
6.97081647e-05
7.326816912e-05
7.238556145e-05
5.897035326e-05
6.657857918e-05
8.23295504e-05
7.726205163e-05
8.045820445e-05
6.755534876e-05
6.683611948e-05
6.990274221e-05
7.684817848e-05
5.693093529e-05
6.008903602e-05
6.677291136e-05
6.60784868e-05
7.252272118e-05
6.818732514e-05
7.798983462e-05
7.719587313e-05
7.278962008e-05
6.862615514e-05
6.779327522e-05
7.71880509e-05
6.962438491e-05
7.550812625e-05
7.13569008e-05
7.066744336e-05
6.664933024e-05
6.915810205e-05
7.144390486e-05
7.385047104e-05
7.298141625e-05
7.230652684e-05
7.146338084e-05
7.081226879e-05
7.291140545e-05
7.225681831e-05
6.857496923e-05
7.363218213e-05
7.000234855e-05
7.21672474e-05
7.13652287e-05
7.075095147e-05
7.958744757e-05
5.303139032e-05
7.945356053e-05
6.61452386e-05
7.261277646e-05
7.25034674e-05
4.60078694e-05
7.215158426e-05
7.189102194e-05
7.170722254e-05
7.78854774e-05
7.117422657e-05
7.725181974e-05
7.055709522e-05
7.65307012e-05
6.350990112e-05
6.941712304e-05
6.909114329e-05
6.861169026e-05
6.825374436e-05
6.774273136e-05
6.735484936e-05
6.074212895e-05
6.640077517e-05
7.182407124e-05
7.134316967e-05
7.070851479e-05
7.60530762e-05
7.53465156e-05
6.902305006e-05
6.835702238e-05
6.781044634e-05
7.272859965e-05
7.21190417e-05
7.137863812e-05
8.164008932e-05
7.000986572e-05
7.471116007e-05
7.918640297e-05
7.844373759e-05
6.206697058e-05
8.195680399e-05
6.584797975e-05
7.52256756e-05
6.941757526e-05
6.380611804e-05
6.7929135e-05
6.722752263e-05
8.069171318e-05
7.045099007e-05
7.891522815e-05
8.266994967e-05
8.169869564e-05
7.633519961e-05
6.211891354e-05
8.778891051e-05
7.806587981e-05
8.580706337e-05
8.90137349e-05
7.128376831e-05
7.870669659e-05
6.556776686e-05
7.691620039e-05
7.208839104e-05
7.121018824e-05
6.65381498e-05
6.959201504e-05
6.885599496e-05
6.801431128e-05
7.103949474e-05
8.863688234e-05
7.309591065e-05
7.581281636e-05
6.788640321e-05
7.411682366e-05
6.637536801e-05
7.246924022e-05
7.857264791e-05
7.424457898e-05
7.350720253e-05
6.601731143e-05
6.210187085e-05
7.427220733e-05
7.035646561e-05
6.951570484e-05
7.198324665e-05
7.112898671e-05
7.352486315e-05
6.963172126e-05
7.198721635e-05
7.114718969e-05
7.049892551e-05
6.968446521e-05
7.193630488e-05
6.826987454e-05
7.048523103e-05
7.247743082e-05
7.460845834e-05
6.831289105e-05
7.585206497e-05
6.597419867e-05
7.912896755e-05
6.586352496e-05
7.895747466e-05
5.909887282e-05
7.868001172e-05
7.191971547e-05
6.524922479e-05
7.151580804e-05
7.781800532e-05
7.748031042e-05
7.724096858e-05
7.044719343e-05
7.657281677e-05
6.979116644e-05
6.950076519e-05
6.906066299e-05
7.498553865e-05
6.826120927e-05
7.407874812e-05
7.352578367e-05
6.701318637e-05
7.252252113e-05
7.207200254e-05
7.146369781e-05
7.09857724e-05
7.035605555e-05
6.985348177e-05
6.920627894e-05
8.012888503e-05
7.368932691e-05
6.74776198e-05
7.237350911e-05
6.624697856e-05
7.103260806e-05
7.041235525e-05
8.039178926e-05
6.904131709e-05
7.355408969e-05
9.368338177e-05
6.692012435e-05
6.117638234e-05
8.066172475e-05
7.487170547e-05
7.896301957e-05
6.350788248e-05
7.244278722e-05
7.169499222e-05
7.086961604e-05
7.012586268e-05
7.393209515e-05
7.314730735e-05
6.32533361e-05
5.363791023e-05
7.067072669e-05
7.428208093e-05
7.339588347e-05
7.68778272e-05
6.329545771e-05
6.678925321e-05
6.185882424e-05
6.527453976e-05
7.254325103e-05
6.379314171e-05
6.695545995e-05
7.013946193e-05
8.083137778e-05
7.616816566e-05
7.147607123e-05
7.444847351e-05
6.986195675e-05
7.641284541e-05
6.829118276e-05
6.758812565e-05
7.73055728e-05
6.608415088e-05
6.871587454e-05
7.142580533e-05
8.063937637e-05
6.653200216e-05
6.572823876e-05
6.508407082e-05
7.394689331e-05
7.641623218e-05
6.606504229e-05
7.166763327e-05
7.389582535e-05
7.320211387e-05
7.233979147e-05
7.167071365e-05
7.08337842e-05
7.018834309e-05
6.937672352e-05
6.875387744e-05
6.796748261e-05
6.736615343e-05
6.660489984e-05
7.152597865e-05
6.528778934e-05
6.742307233e-05
7.875500557e-05
7.871522209e-05
7.207132215e-05
6.54541814e-05
7.185510849e-05
7.174718581e-05
7.154529011e-05
6.490967145e-05
7.114449044e-05
7.741418473e-05
7.707933705e-05
6.40345845e-05
7.008400265e-05
5.713377239e-05
6.943290639e-05
6.914433294e-05
7.495401286e-05
6.838596143e-05
6.791429073e-05
7.37027226e-05
7.315420001e-05
7.273633321e-05
7.215818534e-05
7.171045986e-05
7.110692263e-05
7.651793293e-05
7.000709268e-05
6.950758384e-05
7.460409788e-05
6.834410853e-05
7.332877603e-05
7.274371482e-05
6.648172535e-05
7.141948789e-05
8.15652886e-05
7.007326416e-05
6.400535152e-05
7.399664829e-05
7.320423011e-05
7.25188671e-05
7.172743296e-05
7.103589286e-05
7.024794461e-05
8.445719103e-05
8.35073232e-05
6.32124219e-05
7.691465725e-05
9.515145102e-05
8.465242482e-05
7.911088538e-05
6.899451784e-05
6.371163183e-05
8.095613006e-05
7.564204083e-05
6.595436516e-05
7.829644763e-05
7.306587501e-05
8.078423075e-05
7.141386491e-05
7.895758279e-05
5.747770928e-05
7.716840938e-05
7.222140414e-05
6.747963544e-05
7.058063977e-05
6.207069221e-05
5.365015835e-05
6.82493871e-05
8.239815407e-05
7.041535878e-05
8.053824398e-05
7.245518682e-05
6.799245394e-05
7.437587435e-05
7.346938282e-05
7.272131775e-05
7.52576707e-05
6.095495252e-05
7.694243658e-05
6.624182815e-05
6.871377093e-05
7.452028574e-05
7.362441663e-05
6.974264937e-05
6.890894812e-05
7.445715699e-05
7.05074064e-05
7.288218572e-05
7.202319125e-05
7.135698187e-05
7.052312772e-05
6.98804852e-05
7.194967499e-05
6.845158399e-05
6.766775766e-05
6.986367461e-05
7.183603614e-05
7.394842978e-05
7.041428594e-05
6.980871851e-05
7.834528077e-05
7.178029912e-05
7.821458425e-05
7.162544351e-05
7.798055245e-05
6.48863008e-05
7.764517439e-05
7.748836062e-05
7.721128229e-05
7.059665579e-05
6.39020771e-05
7.64461448e-05
6.33859432e-05
6.947228999e-05
7.535815165e-05
6.879153793e-05
6.835861388e-05
7.422408131e-05
6.757088058e-05
7.333049524e-05
7.278635328e-05
6.634015463e-05
7.179749193e-05
7.135252637e-05
7.075369208e-05
7.028161371e-05
8.127183681e-05
6.916509464e-05
7.423834861e-05
7.367709054e-05
7.297173621e-05
6.682167289e-05
6.616027351e-05
7.107477567e-05
7.576209439e-05
6.437300622e-05
7.431691066e-05
7.364449302e-05
8.326592342e-05
8.248703071e-05
7.139024009e-05
7.575267724e-05
8.490282243e-05
6.428384348e-05
6.8451817e-05
8.227960477e-05
8.134532254e-05
7.577091625e-05
7.022074281e-05
7.411683012e-05
6.868057967e-05
6.795217149e-05
7.163545449e-05
8.41590032e-05
7.878914228e-05
7.361422488e-05
8.129632922e-05
6.772455182e-05
7.945994196e-05
8.274324742e-05
7.357216787e-05
8.086985488e-05
8.388613387e-05
7.508544274e-05
7.807780157e-05
7.338467382e-05
6.86761901e-05
6.417506957e-05
8.576670993e-05
8.117697262e-05
7.289708209e-05
6.85320678e-05
7.125929181e-05
7.05256478e-05
5.921657414e-05
7.585289231e-05
7.493074469e-05
6.743345313e-05
6.661599706e-05
7.584730044e-05
7.167338435e-05
7.742266895e-05
7.649190295e-05
7.2596092e-05
7.172813924e-05
7.413353453e-05
7.325287556e-05
7.256504189e-05
7.17093502e-05
7.400623415e-05
7.314081693e-05
6.957531615e-05
6.876932307e-05
7.383126522e-05
6.737066458e-05
6.955698914e-05
6.876882413e-05
7.907631437e-05
7.819170934e-05
7.217327757e-05
7.144481402e-05
7.790057706e-05
7.132595665e-05
7.773289756e-05
7.757791507e-05
7.100651885e-05
7.080801476e-05
7.066516343e-05
5.761088499e-05
7.023407202e-05
6.993223727e-05
7.605483567e-05
6.936874102e-05
6.911806321e-05
6.872730853e-05
7.466435431e-05
6.801291487e-05
7.384912263e-05
7.334282824e-05
7.296200877e-05
7.242218738e-05
7.200947237e-05
7.144038655e-05
7.099814829e-05
7.627094974e-05
6.99347473e-05
6.931944998e-05
6.882596403e-05
6.819338589e-05
7.331825979e-05
7.820416845e-05
7.758153507e-05
7.132874154e-05
6.529234619e-05
7.540007911e-05
6.940478647e-05
7.396428953e-05
7.329567374e-05
6.73348014e-05
9.236142087e-05
7.613164574e-05
8.04253937e-05
7.45661212e-05
7.875147082e-05
6.813584154e-05
7.708267351e-05
6.191997501e-05
7.070988748e-05
6.990074165e-05
6.916823998e-05
6.381151981e-05
7.215433434e-05
7.131283677e-05
6.173288239e-05
7.407866768e-05
7.328478013e-05
6.815499444e-05
7.163692421e-05
7.078043194e-05
7.002005004e-05
6.91780226e-05
7.648733375e-05
7.954022498e-05
7.082090207e-05
6.607534035e-05
7.69086751e-05
7.217492871e-05
7.141189488e-05
7.796768368e-05
8.449727207e-05
6.895133737e-05
8.259943765e-05
7.449779704e-05
7.02198054e-05
7.283315536e-05
6.865856064e-05
7.121543556e-05
7.049881372e-05
5.969523486e-05
7.551935909e-05
6.811981376e-05
6.745196411e-05
7.298782808e-05
6.913945082e-05
7.452293641e-05
7.381271309e-05
7.29355781e-05
7.225064617e-05
7.139823241e-05
7.073768679e-05
6.990991839e-05
7.215916757e-05
7.417539334e-05
8.481862779e-05
7.546068996e-05
6.648286507e-05
7.120589402e-05
7.058516283e-05
7.247867475e-05
7.451702788e-05
7.107694833e-05
7.104124979e-05
7.095902562e-05
7.733310283e-05
7.074779636e-05
7.064189051e-05
6.4040951e-05
7.669426762e-05
7.005331785e-05
7.622748401e-05
7.590093749e-05
7.566751218e-05
7.529078973e-05
6.876743039e-05
7.459621121e-05
7.428724278e-05
7.38225761e-05
6.735477217e-05
6.689437475e-05
7.259720708e-05
7.206164734e-05
7.165146256e-05
7.108681591e-05
7.06472729e-05
7.005765566e-05
6.95912879e-05
7.472905877e-05
8.561267855e-05
7.917269684e-05
8.418797e-05
7.22679866e-05
6.617835607e-05
7.098715671e-05
7.039523849e-05
6.968139938e-05
7.438879294e-05
8.938964147e-05
6.773941875e-05
8.248495966e-05
9.703618687e-05
7.072527669e-05
7.004501159e-05
7.422120798e-05
6.369005176e-05
6.297828622e-05
7.193343247e-05
7.586130205e-05
6.100250659e-05
7.422255337e-05
7.344513931e-05
7.259861003e-05
6.733997557e-05
7.099311191e-05
8.340506978e-05
7.808647778e-05
7.724993396e-05
5.937105041e-05
5.453832872e-05
6.632273949e-05
6.971109057e-05
7.292532428e-05
7.214332209e-05
7.523237187e-05
7.442823934e-05
6.965691513e-05
7.657327621e-05
6.429675305e-05
6.73592543e-05
7.393294289e-05
6.949945052e-05
8.310632381e-05
7.509063325e-05
6.357954814e-05
7.69082646e-05
7.251915599e-05
7.178064764e-05
8.10385532e-05
8.022301775e-05
6.934468715e-05
7.192492653e-05
7.428635197e-05
7.675613055e-05
7.267364421e-05
7.19709178e-05
7.111016251e-05
7.349465648e-05
7.262101756e-05
6.894150621e-05
7.108980259e-05
7.336672177e-05
7.250759935e-05
6.897290489e-05
6.817246602e-05
7.037546386e-05
6.956691309e-05
6.895162556e-05
7.36216794e-05
6.487110789e-05
7.483361048e-05
7.154091582e-05
7.714129252e-05
5.782696595e-05
6.417804597e-05
7.693739949e-05
7.678498646e-05
7.028098787e-05
7.645721421e-05
6.994468557e-05
6.969699394e-05
6.319996749e-05
7.551610395e-05
7.528411373e-05
7.491047071e-05
7.464036774e-05
7.422098987e-05
7.39139215e-05
7.345298323e-05
7.31104567e-05
7.261219234e-05
6.621636557e-05
7.170467927e-05
7.129699498e-05
7.07367278e-05
7.029984854e-05
7.552431005e-05
6.925118558e-05
6.864518458e-05
7.383738145e-05
7.316230612e-05
6.702552263e-05
6.638877938e-05
7.683820724e-05
7.06488279e-05
7.006031944e-05
8.535580485e-05
7.40373226e-05
6.803549227e-05
7.26078553e-05
7.183745251e-05
7.116717007e-05
6.536903174e-05
6.972083244e-05
6.895417287e-05
5.852053906e-05
7.233488771e-05
7.160488735e-05
7.551656599e-05
8.875286837e-05
6.465144924e-05
6.854422384e-05
5.420454084e-05
6.256879591e-05
6.184171102e-05
6.992264929e-05
6.046430801e-05
6.836203136e-05
6.333087623e-05
6.265110429e-05
7.428508638e-05
6.532220769e-05
7.663982403e-05
6.384688427e-05
6.307740165e-05
7.020372608e-05
6.550133677e-05
6.099263198e-05
7.15499429e-05
6.706768077e-05
6.625235648e-05
7.284149449e-05
6.835733253e-05
6.052582783e-05
6.682322405e-05
6.613520958e-05
6.533091412e-05
7.147247564e-05
6.388040933e-05
7.322236142e-05
7.562345554e-05
6.836131002e-05
6.753603684e-05
7.005821774e-05
7.236215361e-05
7.166235124e-05
7.080515017e-05
7.317932909e-05
6.929627706e-05
6.864537588e-05
7.078402604e-05
7.012904873e-05
6.930728103e-05
7.439856053e-05
7.070615193e-05
6.726853294e-05
7.480668869e-05
6.865287807e-05
7.058671092e-05
6.997158276e-05
7.184606123e-05
7.386697863e-05
7.674814455e-05
7.670974238e-05
7.023637411e-05
7.654572506e-05
6.36621414e-05
7.628045904e-05
5.705194841e-05
7.59162851e-05
7.564830168e-05
6.916832834e-05
7.513515309e-05
7.490458096e-05
6.832281007e-05
7.426552365e-05
7.384952439e-05
6.741563915e-05
7.308707266e-05
7.274663746e-05
7.225230624e-05
7.187843914e-05
7.135123037e-05
7.094601731e-05
7.039007102e-05
6.995582454e-05
6.937518029e-05
8.040012323e-05
6.831294698e-05
7.348058993e-05
7.281052379e-05
6.670378796e-05
7.157768144e-05
7.647185936e-05
6.490496195e-05
6.972857219e-05
7.43344978e-05
6.84256466e-05
7.29262219e-05
7.226876443e-05
8.171850934e-05
7.083708261e-05
7.007258655e-05
7.435675732e-05
7.354086638e-05
6.310712939e-05
6.240480879e-05
6.652737444e-05
7.987338323e-05
7.440158605e-05
7.815240154e-05
5.458913526e-05
6.745288586e-05
7.118795943e-05
6.596454985e-05
7.831376011e-05
6.879665388e-05
6.380638572e-05
7.566286051e-05
7.485097027e-05
6.985107515e-05
8.129562317e-05
7.630585314e-05
6.754186545e-05
8.242975698e-05
6.989915442e-05
6.521805863e-05
6.452450182e-05
7.124149146e-05
6.67786206e-05
6.963239756e-05
7.615480713e-05
8.239344666e-05
7.09014659e-05
7.704304242e-05
7.278388911e-05
7.189921014e-05
6.777803662e-05
6.360764677e-05
7.290965057e-05
6.875285497e-05
7.131092647e-05
7.365244496e-05
7.293009698e-05
7.518607494e-05
6.825396625e-05
7.356807989e-05
6.983058362e-05
7.199996678e-05
7.132359512e-05
7.341757155e-05
6.982864049e-05
7.188525184e-05
6.838083591e-05
7.321803689e-05
7.256072664e-05
7.448392077e-05
7.109097651e-05
6.757801928e-05
6.69892074e-05
7.683268345e-05
7.354618856e-05
7.635898359e-05
7.632084705e-05
7.62333164e-05
6.981151679e-05
7.6008103e-05
6.95701336e-05
6.937812931e-05
6.923875092e-05
6.272282834e-05
6.882023173e-05
7.475802645e-05
7.45288557e-05
7.41612441e-05
7.389442568e-05
7.348175865e-05
7.317842341e-05
7.272478964e-05
7.238642123e-05
7.189596994e-05
7.152436615e-05
7.100124883e-05
7.648168479e-05
7.004679536e-05
6.961515121e-05
7.479214682e-05
7.429592859e-05
6.798390989e-05
6.750205841e-05
6.688809986e-05
8.298140915e-05
7.123745072e-05
7.610898825e-05
6.99817539e-05
6.406149405e-05
7.398596562e-05
7.334425235e-05
7.258664431e-05
7.193282605e-05
7.117302576e-05
7.554647468e-05
6.975073825e-05
7.401577895e-05
6.832499469e-05
6.281965137e-05
8.123642083e-05
6.622627116e-05
6.548185762e-05
7.86961365e-05
7.780263093e-05
8.15176397e-05
7.162964254e-05
6.644208868e-05
7.880727435e-05
7.796762675e-05
6.849392927e-05
7.62310268e-05
7.114650718e-05
7.452350592e-05
6.954668929e-05
6.880035766e-05
7.597478029e-05
6.724897872e-05
6.644047673e-05
6.959721405e-05
8.021656609e-05
6.046752399e-05
6.346877353e-05
7.018604373e-05
6.933432607e-05
6.860706317e-05
6.777347478e-05
5.647894708e-05
6.974059002e-05
7.592476089e-05
6.818399534e-05
7.086400241e-05
7.667135177e-05
6.269965398e-05
7.498077882e-05
7.423547e-05
7.33395312e-05
6.946276992e-05
6.862767515e-05
7.414235299e-05
7.020290844e-05
7.255672269e-05
7.169340783e-05
7.101984227e-05
7.018029702e-05
7.242791141e-05
7.157806727e-05
7.376264666e-05
8.13164308e-05
7.224989532e-05
7.416392618e-05
6.806308269e-05
6.728673405e-05
6.936857817e-05
7.650027654e-05
7.061288082e-05
7.597374929e-05
5.695190625e-05
6.320753934e-05
6.945970101e-05
6.932339954e-05
7.551280556e-05
7.530505748e-05
7.51539277e-05
7.489030305e-05
6.847562124e-05
7.438466674e-05
6.179740079e-05
7.379222295e-05
6.739976647e-05
7.311763767e-05
7.281613626e-05
7.236608048e-05
7.202975477e-05
7.154313117e-05
7.117376438e-05
7.065468389e-05
7.025432756e-05
7.551575591e-05
7.505092818e-05
7.443136293e-05
6.825053593e-05
6.76580273e-05
7.277725224e-05
6.65695488e-05
6.606949683e-05
7.090043913e-05
7.033886287e-05
7.501083546e-05
8.501466404e-05
6.838063748e-05
7.300256048e-05
6.19287553e-05
7.159999642e-05
6.07246287e-05
7.018600932e-05
8.431008291e-05
5.894233084e-05
6.801469179e-05
8.658661932e-05
6.659873364e-05
6.59278812e-05
6.984459747e-05
7.834377179e-05
6.378727532e-05
7.213763105e-05
7.131237579e-05
7.937770853e-05
6.974237655e-05
7.762453963e-05
7.24559732e-05
7.589733788e-05
8.33369102e-05
6.595457274e-05
6.924494472e-05
6.44725131e-05
7.166516961e-05
7.877484842e-05
7.782892271e-05
6.159810757e-05
6.465879e-05
7.149741099e-05
7.063249877e-05
6.252969413e-05
7.993965805e-05
7.550568972e-05
7.458898281e-05
7.381340067e-05
6.944458479e-05
6.529306161e-05
6.789502279e-05
7.72839806e-05
7.634674532e-05
6.243415024e-05
7.790975938e-05
7.392128983e-05
6.98540796e-05
7.545690069e-05
7.454973872e-05
7.382851331e-05
7.294498763e-05
7.224937549e-05
7.138944832e-05
7.366527676e-05
6.988227809e-05
7.212029113e-05
7.127349688e-05
7.344874893e-05
6.980135705e-05
6.917472661e-05
7.11116075e-05
7.861548396e-05
6.699794913e-05
6.37578061e-05
8.142388752e-05
8.072499114e-05
7.559238253e-05
6.925853656e-05
6.289052712e-05
6.91114134e-05
7.524678254e-05
7.513474381e-05
6.868462627e-05
7.477846205e-05
7.451697172e-05
7.432848519e-05
7.401501779e-05
6.763955075e-05
7.342685605e-05
7.316324571e-05
6.669401522e-05
7.245741861e-05
7.201089255e-05
7.167658584e-05
7.119373869e-05
7.082658304e-05
7.031148576e-05
6.991351588e-05
6.937019147e-05
7.468896791e-05
6.837603974e-05
6.792338144e-05
7.294652523e-05
6.68590232e-05
7.177518565e-05
7.671632909e-05
6.513840112e-05
6.4622983e-05
7.466001764e-05
7.932913493e-05
6.806299978e-05
6.747374916e-05
7.705380959e-05
7.636096347e-05
7.052077698e-05
6.487458736e-05
6.911583056e-05
7.823265994e-05
7.737965105e-05
7.182978674e-05
7.103528249e-05
7.032018003e-05
6.953286942e-05
7.340663384e-05
8.618444569e-05
6.732937106e-05
7.987264557e-05
8.341846457e-05
6.50967642e-05
7.728445871e-05
7.213992793e-05
5.877398922e-05
7.052893222e-05
6.977281514e-05
6.489017151e-05
7.221844421e-05
7.135690653e-05
8.235799782e-05
7.362068781e-05
6.133430395e-05
6.438273727e-05
6.744530309e-05
8.143692548e-05
6.592619936e-05
7.96003696e-05
7.160501243e-05
6.012587408e-05
5.950069033e-05
7.606618982e-05
6.843904375e-05
7.098891378e-05
7.026580207e-05
6.94140171e-05
7.198734121e-05
7.434893347e-05
6.080806081e-05
7.2721613e-05
7.513893667e-05
7.114244311e-05
7.045409771e-05
7.263738281e-05
7.194462113e-05
7.108805533e-05
7.042003274e-05
7.538567781e-05
7.468788379e-05
6.813264716e-05
7.876347389e-05
7.22850781e-05
7.439139062e-05
6.808529186e-05
7.018266822e-05
6.938009777e-05
7.93567823e-05
7.584401741e-05
8.037892672e-05
7.521482536e-05
7.517746562e-05
7.509201472e-05
6.876660117e-05
7.487181303e-05
7.476044881e-05
6.834304808e-05
7.440672938e-05
7.414734407e-05
6.779665122e-05
6.751160584e-05
6.730529716e-05
7.306508941e-05
7.280305524e-05
7.240011533e-05
7.210221796e-05
7.165917428e-05
7.132686326e-05
7.084774226e-05
7.048277232e-05
6.997160562e-05
6.957599488e-05
6.903676761e-05
6.861275285e-05
7.372013753e-05
7.323262742e-05
7.260017469e-05
7.208725123e-05
7.143658523e-05
7.090108471e-05
7.023589234e-05
7.504074745e-05
6.900443273e-05
7.896048085e-05
6.774829938e-05
6.716230829e-05
6.135996415e-05
6.587610003e-05
7.019911518e-05
7.451442348e-05
6.880269153e-05
7.301135271e-05
7.221692727e-05
6.673985268e-05
7.543215492e-05
6.533909581e-05
6.460898416e-05
6.394576151e-05
7.6771855e-05
8.937647575e-05
6.185042484e-05
6.993901966e-05
7.345422781e-05
8.122219713e-05
6.337643629e-05
7.10587231e-05
8.674747686e-05
7.764464169e-05
7.67256247e-05
5.992333606e-05
6.710399048e-05
6.638536361e-05
7.716484426e-05
7.634093783e-05
6.410903167e-05
7.462074881e-05
7.740581158e-05
7.658802023e-05
6.845522874e-05
6.773730217e-05
7.748186067e-05
7.319094052e-05
8.263205882e-05
7.837364339e-05
7.742301878e-05
6.997047327e-05
6.253949871e-05
7.168506843e-05
7.08179879e-05
7.011384754e-05
7.556508751e-05
6.858833769e-05
7.392408335e-05
7.015837374e-05
7.233236141e-05
7.164242693e-05
7.078919649e-05
7.012391135e-05
6.929376946e-05
6.865231083e-05
7.632583164e-05
7.282890061e-05
6.921091637e-05
7.133317686e-05
6.779650875e-05
7.257292073e-05
7.439908285e-05
7.375125677e-05
6.770766879e-05
7.745401622e-05
7.484102097e-05
6.857025419e-05
7.471913717e-05
6.842521254e-05
6.208380173e-05
6.199155377e-05
7.418710965e-05
7.403867428e-05
6.763291816e-05
7.359511695e-05
7.328663308e-05
7.306290642e-05
7.270687007e-05
6.640919442e-05
7.20466093e-05
7.175048286e-05
7.131087505e-05
7.098053682e-05
7.050509259e-05
7.014228337e-05
6.963499557e-05
6.924171711e-05
6.870653359e-05
7.397542142e-05
6.772578245e-05
6.727839229e-05
7.781533584e-05
8.278515462e-05
6.563184417e-05
7.056872361e-05
6.990826873e-05
7.469129992e-05
7.925157343e-05
6.811587232e-05
6.224907298e-05
7.713891838e-05
7.634933595e-05
8.070826782e-05
6.988037441e-05
8.406686346e-05
8.806162774e-05
7.268257469e-05
7.668624792e-05
6.644126687e-05
7.50963584e-05
6.040229863e-05
6.891768724e-05
6.366323716e-05
7.193817018e-05
6.673795153e-05
7.037721753e-05
6.963360223e-05
6.883286892e-05
7.235687219e-05
6.310238575e-05
6.658984173e-05
8.22611606e-05
7.731079747e-05
8.041790523e-05
6.762242987e-05
6.681780901e-05
6.999077652e-05
6.531148119e-05
7.221593368e-05
7.134795437e-05
8.173546418e-05
6.606784848e-05
7.626489101e-05
6.816712931e-05
7.455249989e-05
7.364940729e-05
7.288363077e-05
7.200002862e-05
7.125862727e-05
7.039474793e-05
7.631358012e-05
6.883362716e-05
7.787489836e-05
7.052209805e-05
6.982083127e-05
7.524941246e-05
7.451098057e-05
7.361517729e-05
7.290273592e-05
7.2029891e-05
7.43153758e-05
7.049283998e-05
7.273986453e-05
6.900321662e-05
6.836439507e-05
7.882015834e-05
7.531222489e-05
7.443298018e-05
7.376478073e-05
7.021057164e-05
6.423684471e-05
7.672968294e-05
7.081603649e-05
6.741972315e-05
6.684149074e-05
7.447091369e-05
6.823121769e-05
7.434994445e-05
7.427694194e-05
6.795522676e-05
7.402293607e-05
6.151816692e-05
6.139520203e-05
7.341898153e-05
7.323383307e-05
7.292779045e-05
7.270538581e-05
6.632280059e-05
7.20932101e-05
7.169653861e-05
7.140216283e-05
7.096594526e-05
7.06375573e-05
7.016574137e-05
6.980506828e-05
6.930160866e-05
6.891063605e-05
7.407773082e-05
6.796037221e-05
6.740526982e-05
6.696046954e-05
6.638515168e-05
6.591711798e-05
7.076887893e-05
6.483642829e-05
7.493627875e-05
6.372436449e-05
7.362698061e-05
7.301780002e-05
7.229120662e-05
6.654797282e-05
7.093511386e-05
6.527756664e-05
6.956451505e-05
7.384191352e-05
5.844415658e-05
6.270917851e-05
7.157267417e-05
7.559467524e-05
7.476353831e-05
8.326380075e-05
7.318843756e-05
6.791056962e-05
6.714680462e-05
7.973534518e-05
5.693262633e-05
6.499766311e-05
7.710181693e-05
7.204398186e-05
6.28306951e-05
7.873525358e-05
7.371785036e-05
6.077353562e-05
6.806370359e-05
7.921673333e-05
6.262029002e-05
7.743745702e-05
7.268640237e-05
6.05562785e-05
7.852584738e-05
7.399184746e-05
8.406527046e-05
6.871166961e-05
8.574498276e-05
7.777533824e-05
7.683390388e-05
7.257889085e-05
5.804248081e-05
6.758210868e-05
7.343954019e-05
7.269135368e-05
7.18112022e-05
7.108807485e-05
7.022867046e-05
7.585118611e-05
7.181401542e-05
7.110921705e-05
7.330884215e-05
7.259928147e-05
7.172993973e-05
7.104559106e-05
7.019895449e-05
7.533400064e-05
6.871509022e-05
7.091550433e-05
7.568715709e-05
7.221942678e-05
7.137559605e-05
7.345541771e-05
7.529337754e-05
7.196255739e-05
7.37712411e-05
7.0517331e-05
6.713421628e-05
6.655858271e-05
6.792907819e-05
7.406783709e-05
6.781901702e-05
7.391182272e-05
7.376899678e-05
7.365960959e-05
7.346007103e-05
7.331338064e-05
7.306014016e-05
7.2876079e-05
7.257244479e-05
7.235134709e-05
7.20008666e-05
7.17434532e-05
7.134985341e-05
7.105720837e-05
7.062433625e-05
7.029787641e-05
8.146791473e-05
7.526033673e-05
7.471901537e-05
7.429793158e-05
6.805545367e-05
7.327537975e-05
6.708777656e-05
6.664553733e-05
6.607438121e-05
7.107643785e-05
8.127655929e-05
6.99132626e-05
6.926210619e-05
7.928794131e-05
6.805403291e-05
7.787479421e-05
6.682142012e-05
7.134076966e-05
6.052610167e-05
6.998100318e-05
7.914456939e-05
6.860951091e-05
7.757722374e-05
8.644058699e-05
7.600516165e-05
7.525947335e-05
6.512944835e-05
6.908075964e-05
6.831329506e-05
9.465841848e-05
7.576803461e-05
7.938819786e-05
6.976728642e-05
6.903070046e-05
7.250457036e-05
7.173378592e-05
7.924435636e-05
6.189314567e-05
7.340336254e-05
7.261735081e-05
7.973489841e-05
5.916040856e-05
6.625270706e-05
6.939915716e-05
6.857073595e-05
6.783896761e-05
7.819622017e-05
7.736542314e-05
7.279433168e-05
6.482292337e-05
7.115594173e-05
6.688931775e-05
7.303606471e-05
7.227668867e-05
7.140153941e-05
7.066627327e-05
7.313475261e-05
7.568007256e-05
7.476408734e-05
7.40111683e-05
6.993767455e-05
6.924208519e-05
7.462590924e-05
6.773564735e-05
6.996316902e-05
7.229834278e-05
7.440882943e-05
7.075088673e-05
6.990750926e-05
7.213573286e-05
7.128058332e-05
7.344539376e-05
7.816335987e-05
7.468459536e-05
6.834374991e-05
7.585784757e-05
6.962246013e-05
7.696944737e-05
7.346127722e-05
6.762035207e-05
7.199351096e-05
7.647468393e-05
7.37415732e-05
6.756310412e-05
7.362239715e-05
6.129189627e-05
7.340857556e-05
7.329983233e-05
7.310186943e-05
7.295603665e-05
7.270478946e-05
7.252180326e-05
7.222054523e-05
7.200073964e-05
7.165298164e-05
7.139707357e-05
7.100650485e-05
7.660853518e-05
7.614316699e-05
7.579156735e-05
6.949674557e-05
7.490196199e-05
8.008504095e-05
7.394603927e-05
7.337906251e-05
6.73202806e-05
7.233769855e-05
6.633355367e-05
7.124704905e-05
7.074577018e-05
7.550688808e-05
6.42369942e-05
6.364013878e-05
7.366221585e-05
7.295402595e-05
9.302340363e-05
7.163484538e-05
7.10174491e-05
7.531645151e-05
6.966595092e-05
6.89412857e-05
6.830267182e-05
7.723200541e-05
7.171377008e-05
8.03984562e-05
7.024427911e-05
6.947500363e-05
6.877770124e-05
6.348071978e-05
8.078200341e-05
7.100163386e-05
7.026138686e-05
8.249119359e-05
7.73247912e-05
7.219345123e-05
8.403088202e-05
7.475312704e-05
7.395498244e-05
7.715218808e-05
5.624040977e-05
5.954829547e-05
7.069247785e-05
6.209291807e-05
8.446421175e-05
6.828310313e-05
6.380149804e-05
7.045322029e-05
8.071080406e-05
7.611552663e-05
5.738031123e-05
7.086020996e-05
7.362307631e-05
6.234275007e-05
7.54044685e-05
6.772001e-05
7.707603824e-05
6.952191695e-05
6.881357309e-05
7.121820604e-05
7.050094267e-05
7.281494747e-05
6.895629523e-05
6.812484829e-05
7.358848275e-05
6.967443402e-05
7.199988869e-05
7.113746974e-05
7.045861722e-05
6.961847401e-05
7.47109112e-05
6.814599616e-05
7.032808058e-05
6.671918432e-05
7.437468718e-05
7.350426349e-05
7.554235273e-05
7.199870226e-05
7.400542609e-05
7.054126764e-05
6.73375122e-05
7.681199532e-05
6.853834815e-05
7.338223403e-05
6.723393001e-05
7.326393704e-05
7.319224821e-05
7.305165911e-05
7.294355251e-05
7.274714417e-05
6.655197936e-05
7.235287875e-05
6.615670909e-05
7.187204188e-05
7.165351383e-05
7.130844225e-05
8.289635963e-05
7.655531538e-05
7.037720291e-05
6.995089058e-05
6.962822198e-05
7.493092629e-05
7.454698409e-05
7.40136912e-05
8.492015139e-05
6.741659751e-05
7.25884631e-05
7.200015232e-05
7.702855689e-05
7.091661222e-05
6.500138305e-05
9.126436848e-05
6.394141451e-05
6.862777923e-05
8.38005264e-05
6.7434845e-05
6.687844716e-05
6.621746309e-05
7.069704593e-05
6.498122727e-05
6.439988532e-05
6.373142285e-05
6.799856504e-05
6.24729998e-05
6.187700925e-05
6.59190586e-05
6.527317064e-05
7.378254612e-05
7.760759563e-05
5.869015662e-05
7.149448127e-05
7.953170685e-05
7.433051033e-05
6.916783654e-05
5.988338051e-05
5.919940412e-05
6.6937731e-05
8.684127405e-05
6.954972097e-05
6.873890371e-05
7.600364343e-05
7.115705615e-05
7.430582325e-05
7.342615214e-05
6.49942637e-05
6.799787329e-05
7.848453939e-05
7.385257017e-05
6.576131129e-05
6.497112747e-05
7.857057752e-05
6.703857988e-05
7.331839685e-05
7.243285343e-05
6.485312684e-05
7.081291788e-05
6.007173106e-05
6.59388223e-05
6.526695337e-05
6.447760495e-05
7.340240759e-05
6.936285778e-05
7.49158415e-05
7.092879302e-05
7.023245374e-05
7.240494513e-05
7.170388857e-05
7.084488988e-05
7.016875249e-05
6.933181897e-05
7.440321576e-05
7.352038357e-05
6.723648295e-05
7.474893781e-05
7.955380999e-05
7.048871562e-05
7.254270448e-05
7.169966233e-05
8.159432234e-05
7.024734505e-05
6.963614507e-05
7.394110181e-05
6.825189539e-05
7.302637995e-05
7.29904886e-05
7.290895062e-05
7.283768961e-05
7.269819657e-05
7.25907194e-05
7.239584487e-05
7.225169839e-05
7.200435831e-05
7.182348581e-05
7.152688582e-05
7.130962095e-05
7.09672004e-05
7.071425235e-05
7.032962675e-05
7.004205759e-05
6.961896117e-05
6.929815641e-05
7.457708525e-05
7.419535497e-05
7.366599918e-05
7.325216068e-05
7.828525396e-05
7.224981184e-05
6.615299226e-05
8.214783485e-05
6.515928582e-05
7.00935799e-05
6.947022484e-05
6.364854251e-05
6.305995655e-05
7.820546824e-05
7.745706596e-05
6.145484677e-05
6.591956024e-05
8.043373811e-05
6.966703237e-05
6.904428059e-05
7.809042769e-05
7.253266525e-05
7.17662857e-05
6.160450594e-05
7.500591795e-05
7.427146977e-05
6.427858906e-05
6.817949218e-05
8.091159018e-05
5.783816385e-05
7.039070689e-05
6.53038823e-05
6.887195798e-05
6.8145672e-05
7.157915491e-05
7.081902085e-05
7.000252286e-05
7.740329401e-05
7.24757953e-05
5.576696074e-05
6.692208779e-05
7.399444056e-05
8.081634057e-05
6.472301061e-05
7.900085252e-05
7.443638111e-05
7.354641537e-05
6.548878778e-05
6.829720252e-05
7.824593227e-05
7.730366619e-05
7.301622875e-05
6.526497187e-05
7.138499547e-05
6.716403004e-05
7.311959826e-05
7.551880878e-05
6.824935162e-05
5.779220993e-05
6.356675415e-05
7.535888532e-05
7.150044999e-05
7.370978997e-05
6.994498423e-05
7.21085792e-05
7.438574194e-05
7.34944863e-05
6.988126298e-05
6.904751486e-05
7.124811961e-05
7.040234486e-05
7.533033335e-05
7.444134575e-05
7.103057789e-05
7.289788816e-05
6.956780164e-05
7.404765532e-05
7.601450077e-05
6.995586166e-05
7.705254449e-05
7.363319408e-05
7.551980787e-05
7.267396052e-05
7.26383035e-05
7.255738766e-05
7.248654956e-05
7.234813804e-05
7.224128322e-05
7.204792215e-05
7.190460467e-05
7.165917939e-05
7.147934604e-05
7.118502905e-05
7.096901326e-05
7.062920898e-05
7.037771616e-05
6.999600406e-05
7.551926325e-05
6.929016701e-05
7.471880581e-05
6.851683415e-05
6.816648688e-05
7.332155857e-05
8.412701756e-05
7.235542605e-05
7.191430577e-05
7.682168626e-05
7.086612607e-05
7.026484925e-05
7.513904824e-05
6.383351495e-05
7.39180647e-05
6.80049656e-05
6.747102467e-05
8.224839734e-05
7.647281833e-05
7.06723509e-05
6.506020415e-05
8.421929266e-05
6.873758759e-05
6.31680235e-05
6.73984037e-05
7.14511333e-05
8.492454316e-05
6.534381871e-05
6.932613261e-05
7.314272937e-05
8.146112766e-05
7.161148246e-05
5.758922321e-05
5.694744982e-05
6.50244325e-05
7.28647625e-05
7.209666432e-05
7.966131168e-05
6.222287805e-05
7.380791472e-05
6.896391425e-05
7.618133792e-05
7.536650326e-05
6.272248717e-05
7.756384917e-05
8.048027871e-05
7.203683723e-05
6.368814181e-05
6.300893239e-05
8.056706724e-05
7.246501523e-05
7.159589853e-05
8.14659569e-05
7.348696122e-05
7.271654108e-05
5.47348758e-05
7.786336074e-05
7.692286693e-05
7.282065643e-05
7.194048768e-05
7.12073962e-05
7.034685009e-05
7.280357961e-05
6.879741282e-05
7.430498951e-05
7.340939492e-05
6.965985842e-05
7.181462953e-05
7.408242721e-05
7.026689132e-05
6.959611961e-05
6.876553289e-05
7.663364949e-05
7.85281148e-05
6.946496809e-05
6.864469889e-05
7.346020467e-05
7.259843681e-05
6.928203283e-05
7.11089733e-05
7.048064103e-05
6.708653584e-05
7.673424611e-05
7.332784012e-05
6.51792205e-05
7.232492625e-05
7.228950072e-05
7.220919886e-05
7.213877886e-05
7.200143457e-05
7.189519514e-05
7.170332756e-05
7.156082985e-05
7.131729416e-05
7.706669577e-05
7.084642448e-05
7.06316439e-05
8.201015872e-05
7.004436802e-05
6.966553163e-05
6.938125264e-05
6.896446389e-05
6.864732496e-05
7.387933487e-05
7.350195527e-05
6.736645291e-05
6.698878446e-05
6.648049021e-05
7.708820137e-05
7.646816545e-05
6.511429153e-05
6.456317516e-05
7.479586647e-05
6.354333105e-05
7.358256983e-05
7.811282167e-05
6.716674628e-05
8.187926763e-05
9.135621171e-05
6.533172418e-05
7.473530485e-05
7.891410603e-05
8.309795159e-05
6.772773841e-05
6.710227839e-05
6.639615426e-05
7.515893784e-05
7.435422544e-05
8.283047323e-05
7.73786495e-05
6.759159951e-05
6.684769794e-05
7.057528161e-05
6.979020355e-05
6.90638551e-05
7.255571368e-05
6.756815371e-05
8.350026416e-05
7.435273727e-05
8.16645928e-05
6.463500799e-05
7.58631282e-05
7.505192233e-05
7.807708411e-05
7.337943931e-05
6.869742874e-05
7.92901208e-05
7.834902162e-05
7.382247246e-05
6.92945752e-05
7.57755382e-05
6.060706604e-05
6.702217543e-05
6.62163896e-05
7.241930344e-05
6.813951458e-05
7.080265697e-05
7.660967065e-05
6.593104457e-05
7.164799102e-05
7.41413842e-05
7.643030957e-05
6.305027368e-05
6.851813342e-05
7.091981378e-05
7.006512844e-05
7.239344114e-05
7.450319448e-05
7.083031298e-05
6.998141444e-05
6.931329378e-05
6.848584471e-05
7.632188724e-05
7.262192865e-05
6.918195261e-05
6.56299503e-05
7.045071141e-05
6.962360463e-05
6.634480976e-05
6.819440193e-05
6.759186468e-05
7.194972504e-05
7.132399553e-05
6.798880081e-05
6.740672577e-05
7.19792286e-05
7.194403177e-05
7.186433588e-05
7.179432925e-05
7.165803817e-05
7.155240727e-05
7.136201356e-05
7.122032655e-05
7.09786557e-05
7.080086618e-05
7.638694476e-05
7.029746691e-05
6.996279339e-05
6.971416283e-05
7.511634549e-05
7.481012927e-05
7.436195913e-05
7.97142175e-05
7.353533305e-05
6.753239353e-05
8.381798175e-05
6.66788496e-05
6.617420482e-05
7.125255554e-05
6.524390008e-05
7.0217818e-05
6.962495731e-05
6.913753346e-05
6.852708799e-05
6.278580569e-05
7.257745888e-05
6.686520002e-05
6.622966709e-05
6.568517911e-05
7.004492945e-05
6.944383146e-05
7.365571149e-05
6.813230355e-05
6.2614498e-05
7.158079696e-05
7.555099724e-05
7.015524152e-05
6.940556954e-05
8.247270487e-05
5.891755494e-05
7.627496394e-05
8.431198395e-05
6.58819798e-05
8.252386106e-05
8.166535283e-05
8.074919013e-05
6.30778592e-05
7.067706492e-05
6.992729259e-05
6.91247784e-05
5.631944164e-05
7.952375341e-05
7.080627468e-05
6.99783835e-05
6.922966403e-05
7.221490197e-05
7.520313911e-05
7.059596867e-05
7.719526491e-05
7.990729318e-05
7.905895963e-05
8.166306256e-05
7.72878962e-05
6.247590591e-05
6.868998656e-05
7.464897209e-05
7.723075389e-05
7.629901442e-05
7.551323038e-05
7.13578632e-05
7.70516079e-05
7.294940935e-05
7.535420162e-05
6.513924356e-05
7.370401854e-05
6.978189531e-05
7.210072087e-05
7.123386175e-05
7.054383215e-05
6.969824782e-05
7.190912225e-05
7.673447525e-05
7.319736797e-05
7.232730369e-05
6.89012339e-05
7.625703893e-05
7.556156903e-05
7.200685452e-05
7.136046109e-05
6.269149989e-05
6.213762165e-05
7.421395021e-05
7.103177563e-05
7.021692029e-05
7.707476601e-05
7.163681994e-05
7.160184909e-05
7.152275129e-05
7.145315337e-05
7.131790174e-05
7.121287264e-05
7.102393354e-05
7.08830483e-05
7.064321798e-05
7.046643352e-05
7.017878809e-05
6.996643718e-05
8.123999262e-05
6.938705636e-05
6.901386079e-05
7.446053307e-05
6.832215804e-05
6.800860466e-05
6.756417222e-05
7.282139604e-05
7.230729545e-05
7.190275024e-05
7.135995609e-05
6.547036296e-05
7.035859618e-05
7.527486823e-05
6.397787269e-05
6.882462067e-05
6.821837413e-05
6.771201749e-05
8.257434608e-05
7.168683766e-05
6.593507349e-05
7.042375405e-05
6.475427948e-05
5.926066239e-05
6.844349269e-05
7.267890159e-05
7.672782422e-05
6.176649717e-05
6.58205964e-05
8.382195557e-05
6.910664991e-05
5.930745443e-05
7.671626455e-05
7.594892644e-05
6.186032286e-05
6.997550145e-05
6.919985934e-05
7.704030136e-05
7.61774979e-05
7.118786317e-05
6.21012352e-05
6.963501934e-05
5.668935014e-05
6.409738957e-05
7.127490093e-05
7.443057363e-05
6.968979142e-05
7.660481778e-05
6.813313374e-05
6.74049896e-05
7.400748489e-05
6.955767695e-05
6.872942705e-05
7.157879213e-05
7.072265362e-05
6.997613003e-05
7.604980378e-05
7.525263324e-05
6.420872273e-05
8.026256308e-05
7.268691671e-05
7.520824315e-05
7.107007557e-05
6.714821808e-05
6.949655853e-05
7.505054207e-05
7.105570045e-05
7.034853199e-05
6.950094287e-05
7.181035828e-05
7.390311061e-05
7.318714519e-05
7.230975367e-05
7.161925276e-05
7.076379029e-05
7.009806595e-05
7.203505963e-05
7.411260685e-05
6.509856215e-05
6.988023589e-05
7.702686152e-05
7.107089683e-05
7.284248293e-05
7.47774988e-05
7.136237909e-05
7.326843833e-05
6.743183617e-05
7.675922954e-05
7.129765358e-05
7.1262906e-05
7.118439858e-05
7.111520478e-05
7.689606067e-05
7.087654515e-05
7.068904175e-05
7.642802861e-05
7.617018049e-05
7.013514544e-05
6.984966647e-05
6.963851047e-05
6.930883607e-05
6.90630052e-05
6.869257601e-05
6.841309762e-05
6.800547094e-05
7.333482113e-05
7.285685131e-05
7.248582065e-05
7.751198523e-05
6.606750477e-05
7.103419197e-05
6.517188278e-05
7.003922652e-05
7.493366925e-05
6.899661499e-05
6.32441793e-05
7.313646233e-05
7.259411241e-05
6.679264689e-05
8.156327138e-05
6.564308903e-05
7.512042914e-05
6.942855033e-05
6.883373922e-05
7.301174316e-05
7.718581302e-05
6.207058904e-05
6.622931219e-05
6.553654326e-05
7.41873433e-05
6.881029405e-05
7.268120939e-05
6.740232936e-05
6.227995889e-05
7.47978935e-05
7.403438172e-05
7.752196876e-05
7.245416699e-05
8.428717551e-05
6.671999961e-05
7.008819829e-05
7.342430733e-05
6.855174274e-05
7.181091034e-05
7.098086992e-05
8.582749009e-05
7.325932377e-05
7.247586972e-05
7.539383161e-05
7.085883822e-05
5.896472155e-05
6.562832791e-05
6.484764869e-05
6.772377276e-05
7.043628653e-05
7.317749099e-05
6.885697092e-05
7.154199381e-05
7.741313477e-05
6.661595089e-05
6.910387782e-05
7.164893964e-05
7.400208173e-05
7.32478417e-05
7.551019363e-05
6.540565503e-05
7.384771221e-05
6.701996653e-05
7.223190643e-05
7.450242186e-05
7.066241199e-05
7.580924749e-05
7.201951465e-05
7.133171084e-05
7.047944419e-05
6.702367714e-05
7.174516774e-05
7.108043891e-05
7.56420956e-05
6.959844873e-05
7.142483555e-05
6.291882048e-05
6.736534505e-05
7.447451345e-05
6.853399151e-05
7.045446094e-05
5.969489945e-05
7.891227466e-05
7.096168366e-05
7.092715671e-05
7.084923208e-05
7.07804379e-05
7.064722486e-05
7.054337957e-05
7.035729329e-05
7.021798537e-05
6.998176495e-05
6.980695779e-05
6.952361745e-05
6.931364336e-05
6.898642059e-05
6.874196673e-05
6.837426877e-05
7.377105213e-05
7.897365713e-05
6.738166058e-05
6.694364672e-05
6.660306819e-05
6.613529253e-05
6.576601701e-05
7.615072621e-05
7.028245445e-05
6.97227431e-05
6.926729589e-05
6.868667766e-05
8.394734305e-05
7.801063434e-05
6.710832305e-05
8.184158888e-05
7.612683567e-05
8.546250356e-05
5.983181826e-05
6.912441094e-05
7.342788799e-05
7.269396325e-05
7.685040491e-05
7.606420036e-05
7.53638276e-05
7.923813085e-05
8.77194811e-05
7.308423371e-05
7.689450032e-05
5.81674476e-05
9.302399949e-05
7.448236538e-05
6.938582977e-05
7.719684593e-05
7.215061438e-05
7.554207922e-05
7.059461825e-05
6.979742945e-05
6.499552163e-05
6.8268773e-05
7.151472105e-05
6.676207405e-05
7.381942864e-05
6.527970704e-05
7.977745776e-05
6.006936327e-05
7.42845619e-05
7.340676692e-05
6.899331414e-05
6.458534785e-05
6.389992962e-05
7.015222917e-05
7.288244401e-05
7.543800307e-05
6.107508156e-05
6.70455958e-05
6.634859591e-05
6.55495485e-05
7.460560029e-05
7.370601797e-05
6.343892279e-05
6.894102575e-05
7.445050631e-05
7.355272139e-05
7.282057082e-05
7.194341291e-05
7.123659309e-05
7.038011158e-05
7.260221603e-05
6.886233241e-05
7.104646858e-05
7.300526905e-05
7.231832439e-05
7.420596895e-05
6.807258221e-05
7.264767363e-05
6.931892501e-05
6.586790753e-05
6.788769622e-05
6.451293678e-05
7.417397348e-05
7.078454483e-05
7.26753552e-05
6.936110502e-05
7.367984932e-05
7.062886522e-05
7.05945563e-05
7.051720701e-05
7.631954201e-05
7.031659459e-05
7.021333152e-05
7.586436448e-05
6.989011204e-05
6.965566182e-05
6.948182725e-05
7.496731471e-05
6.89917932e-05
6.866699089e-05
6.842389914e-05
7.373047269e-05
6.778253342e-05
7.29958919e-05
7.266187858e-05
7.219077529e-05
7.734877611e-05
7.132071024e-05
7.092287402e-05
7.039150585e-05
6.996493108e-05
6.940910697e-05
6.365182907e-05
7.889943739e-05
8.357249152e-05
7.766388353e-05
6.167122583e-05
7.129505735e-05
6.568561327e-05
8.008222779e-05
6.453374603e-05
7.373884775e-05
7.310815012e-05
7.72042001e-05
7.651789919e-05
7.100313251e-05
6.565984494e-05
6.033460563e-05
6.435926867e-05
6.367679995e-05
7.656801189e-05
6.683265959e-05
8.380936432e-05
7.85323992e-05
7.773154324e-05
7.687443881e-05
7.607604141e-05
7.940768012e-05
8.270786855e-05
8.177536849e-05
8.090903218e-05
6.398882801e-05
6.330752447e-05
7.822225127e-05
6.964825672e-05
7.26624627e-05
7.188575183e-05
7.852117211e-05
8.878000316e-05
7.676555268e-05
6.871455312e-05
6.432516041e-05
6.717828439e-05
6.288340835e-05
6.221980002e-05
6.830525387e-05
7.434830334e-05
7.011646136e-05
6.608337834e-05
6.528798427e-05
7.753866379e-05
7.341231373e-05
7.266401673e-05
6.866657666e-05
7.10643191e-05
7.326007793e-05
7.253077591e-05
7.16572147e-05
7.09531351e-05
7.302089354e-05
7.231324366e-05
7.144597078e-05
6.793295855e-05
6.991755277e-05
7.2029983e-05
7.117232777e-05
7.051280765e-05
7.503699084e-05
7.169708519e-05
6.822799616e-05
7.541732942e-05
6.939389358e-05
6.878096324e-05
6.798129686e-05
6.988645491e-05
7.154760936e-05
7.338187098e-05
7.029915412e-05
7.026506067e-05
7.01882794e-05
7.596362715e-05
6.998904462e-05
6.988635745e-05
6.970305103e-05
6.95652864e-05
7.511029908e-05
6.91597113e-05
7.462061388e-05
7.439566137e-05
6.835050569e-05
7.378449149e-05
7.339195808e-05
6.747159027e-05
6.707278296e-05
6.676617e-05
7.739015154e-05
6.599759836e-05
7.645917376e-05
7.060215669e-05
8.085519716e-05
6.965026383e-05
7.441353219e-05
7.392838199e-05
7.331162697e-05
8.320097278e-05
6.701084142e-05
8.186498228e-05
7.098150685e-05
6.539719097e-05
6.976571363e-05
6.919464222e-05
6.852405664e-05
7.279118474e-05
6.726218851e-05
8.095002451e-05
7.069871016e-05
7.471859198e-05
6.469890603e-05
5.950794538e-05
7.699445452e-05
8.072924214e-05
7.542494329e-05
7.467218084e-05
6.516990748e-05
7.740676483e-05
7.230167386e-05
7.575996313e-05
7.907923846e-05
7.41294839e-05
7.329501523e-05
7.251877773e-05
7.965856993e-05
7.092961241e-05
7.011315456e-05
6.936464659e-05
6.475001555e-05
7.536240205e-05
6.703190565e-05
7.736877029e-05
8.009729472e-05
6.483603377e-05
7.118562326e-05
7.395185618e-05
7.307047943e-05
7.574226064e-05
6.122942783e-05
7.068568576e-05
7.648845837e-05
7.569331356e-05
7.153134912e-05
7.401253859e-05
6.994176956e-05
6.922881608e-05
6.528547202e-05
7.385998913e-05
7.296975392e-05
6.923314177e-05
7.434717137e-05
7.0671924e-05
6.982222394e-05
7.490762502e-05
7.400911535e-05
7.894070636e-05
6.68543553e-05
6.622516779e-05
6.816281199e-05
6.75311329e-05
7.20688382e-05
6.876655971e-05
7.579658801e-05
8.288683158e-05
6.911605816e-05
7.35801122e-05
7.272370711e-05
7.209179658e-05
7.125927424e-05
6.821387358e-05
6.997250704e-05
6.993862656e-05
7.568427328e-05
7.561101649e-05
7.546990976e-05
6.956241462e-05
7.516217752e-05
6.924346614e-05
6.901248888e-05
6.884056821e-05
7.999072854e-05
6.835697725e-05
6.803692445e-05
7.344622257e-05
6.743680402e-05
8.955131587e-05
6.67675463e-05
7.200117399e-05
8.804525268e-05
6.569897288e-05
6.52410544e-05
6.487784022e-05
6.439416456e-05
6.933841433e-05
6.879022429e-05
6.834216406e-05
7.29866853e-05
7.247864974e-05
8.211151797e-05
7.131675243e-05
7.067070223e-05
6.511129049e-05
6.450056135e-05
8.365704715e-05
8.772142267e-05
7.247695595e-05
7.175700706e-05
6.637876485e-05
7.978313866e-05
6.510008723e-05
5.982268654e-05
7.293029734e-05
6.764985969e-05
6.699113161e-05
7.952704627e-05
6.123737818e-05
6.922499174e-05
7.708468911e-05
6.353136391e-05
6.706355595e-05
7.460858139e-05
6.562170474e-05
8.110520051e-05
6.018489804e-05
7.933377521e-05
6.671615418e-05
8.146671333e-05
7.675926315e-05
6.828181443e-05
6.379935917e-05
7.047114612e-05
5.871052322e-05
7.614994285e-05
7.175129974e-05
8.153630893e-05
6.313406513e-05
7.624500337e-05
7.886963709e-05
7.115042321e-05
6.705217803e-05
7.28727257e-05
7.53931418e-05
6.800962203e-05
6.730913569e-05
7.283187185e-05
6.895510215e-05
7.431728952e-05
7.050288661e-05
7.268172188e-05
7.1958051e-05
7.109159551e-05
7.332597204e-05
6.954658372e-05
7.174214546e-05
7.088148983e-05
7.020426711e-05
7.768829571e-05
6.596320942e-05
7.060856288e-05
6.726362547e-05
6.646561644e-05
6.585929335e-05
8.07016969e-05
6.965762412e-05
7.139008451e-05
7.328673334e-05
6.993512851e-05
6.932753419e-05
7.097325375e-05
7.521952308e-05
7.545295493e-05
6.961521148e-05
8.112946892e-05
6.947230544e-05
6.934301496e-05
7.501158282e-05
6.906086407e-05
6.892460977e-05
7.441994739e-05
6.852435702e-05
7.962418626e-05
6.804393007e-05
6.772620739e-05
6.748711488e-05
7.272416925e-05
6.68581846e-05
7.754258776e-05
6.616182191e-05
8.21702166e-05
6.540303766e-05
6.494832482e-05
8.073386059e-05
7.479121999e-05
6.902934492e-05
7.375297273e-05
6.803925402e-05
8.30452702e-05
6.185081805e-05
7.664188306e-05
7.100440553e-05
7.538850809e-05
6.981463882e-05
6.916120274e-05
7.349575282e-05
6.793404085e-05
7.697645702e-05
6.668669717e-05
7.081633548e-05
5.607810404e-05
7.871458051e-05
7.789919263e-05
6.808374742e-05
7.185689708e-05
7.560497236e-05
5.719651956e-05
6.533803322e-05
6.893781806e-05
7.676528249e-05
6.326931301e-05
7.513562103e-05
7.017460347e-05
6.943730501e-05
6.865808602e-05
6.793143214e-05
7.506103742e-05
6.644544482e-05
7.341005564e-05
6.880429957e-05
7.178518631e-05
5.980494818e-05
7.018867462e-05
6.578472579e-05
6.501070778e-05
6.074513716e-05
7.414986382e-05
8.384378715e-05
6.903854711e-05
7.855668692e-05
7.424346469e-05
7.346545046e-05
7.588418269e-05
7.509534137e-05
7.096723497e-05
7.662138926e-05
7.569921323e-05
7.492750264e-05
7.094055745e-05
7.327876581e-05
7.23959548e-05
7.167506702e-05
7.376262629e-05
7.888065344e-05
7.504587053e-05
7.145996576e-05
7.342668432e-05
7.272507112e-05
6.909131574e-05
7.117859155e-05
7.033001646e-05
7.503801649e-05
7.414727065e-05
7.347084535e-05
7.519607194e-05
6.938168769e-05
7.61855651e-05
6.29273144e-05
8.209516297e-05
7.151753487e-05
7.068952015e-05
7.008548294e-05
7.510558866e-05
8.661846718e-05
7.498795837e-05
6.915279268e-05
6.902445193e-05
7.466707689e-05
7.447286999e-05
6.86086765e-05
7.977793237e-05
7.389529063e-05
7.359948874e-05
7.337821516e-05
6.741831545e-05
6.718052774e-05
6.682597968e-05
7.210194913e-05
7.167910998e-05
7.135237652e-05
7.08945038e-05
6.510975652e-05
6.465821041e-05
6.965717538e-05
6.914040197e-05
7.400940462e-05
6.293748972e-05
7.294971091e-05
6.201031504e-05
7.697435119e-05
7.122002288e-05
7.069478267e-05
7.005718755e-05
6.454692385e-05
7.378163449e-05
7.317921433e-05
7.247445728e-05
7.185656757e-05
7.588871849e-05
7.521615963e-05
7.910769409e-05
7.377119183e-05
5.93193813e-05
8.58771677e-05
7.602875681e-05
6.643175305e-05
7.448462528e-05
6.072906894e-05
6.865301717e-05
7.644851192e-05
6.721004268e-05
7.482729307e-05
6.577685514e-05
7.322175686e-05
8.044592761e-05
5.969609293e-05
8.262667066e-05
6.617692345e-05
8.465893089e-05
7.614167488e-05
8.278652032e-05
7.07338835e-05
7.358785111e-05
7.644259551e-05
6.834944919e-05
7.473974818e-05
7.033893547e-05
7.655218637e-05
7.564219271e-05
6.804018302e-05
6.722792525e-05
7.317580713e-05
7.887194211e-05
6.829554653e-05
7.390161505e-05
6.678038056e-05
6.911877415e-05
7.15238491e-05
7.373486075e-05
7.299157106e-05
7.211242604e-05
7.139430006e-05
7.347378719e-05
7.275157076e-05
6.900178108e-05
7.117999714e-05
6.751282432e-05
7.243995765e-05
6.882022587e-05
7.089924947e-05
7.27480306e-05
7.741250559e-05
7.649305915e-05
6.795432244e-05
7.231663129e-05
6.398882295e-05
6.32367982e-05
7.270693864e-05
7.433580712e-05
6.877748254e-05
7.04080461e-05
7.221367581e-05
7.476140611e-05
6.897727244e-05
7.464458362e-05
6.883620543e-05
6.87088025e-05
6.860835778e-05
7.413293578e-05
6.829562635e-05
6.806969576e-05
7.355895103e-05
7.326529585e-05
7.866408598e-05
7.27059778e-05
7.244977307e-05
6.652469832e-05
7.729847042e-05
6.586828078e-05
7.103234281e-05
8.143578139e-05
7.022068507e-05
7.50991223e-05
6.934777807e-05
6.353957923e-05
6.841939894e-05
6.266060356e-05
7.262922002e-05
7.717383912e-05
6.131051414e-05
7.091033838e-05
7.038784838e-05
5.978949217e-05
7.415583868e-05
6.366942946e-05
7.286539074e-05
8.659812702e-05
7.155033921e-05
7.55668229e-05
6.085431291e-05
6.950668453e-05
6.886941399e-05
7.270263534e-05
8.101700759e-05
5.789757875e-05
7.497629264e-05
6.544974225e-05
6.911778939e-05
7.691687975e-05
5.075622993e-05
8.785230091e-05
6.210123774e-05
6.550922046e-05
6.077008434e-05
7.21082647e-05
7.927287438e-05
7.053758154e-05
6.203347168e-05
7.665408067e-05
7.204476292e-05
7.870801094e-05
6.303569689e-05
6.596570938e-05
6.888746637e-05
7.16617343e-05
7.798868944e-05
6.655810613e-05
7.278406514e-05
7.534434778e-05
7.454956207e-05
6.696388221e-05
6.957532786e-05
6.219557477e-05
7.450674302e-05
7.361249182e-05
7.285425905e-05
7.510770498e-05
7.434195764e-05
7.34470564e-05
6.967717622e-05
7.183110943e-05
7.111572417e-05
7.611468939e-05
6.956902238e-05
7.159642511e-05
7.373830224e-05
7.285334885e-05
7.215707098e-05
7.403535542e-05
7.333832568e-05
7.783094184e-05
6.64736698e-05
6.83110569e-05
7.029120169e-05
7.975016871e-05
7.393530853e-05
7.306562184e-05
6.992321043e-05
6.663779019e-05
6.605908416e-05
8.463821261e-05
6.713225449e-05
6.869572034e-05
6.866266738e-05
6.85886208e-05
6.85225037e-05
7.409569575e-05
7.398747191e-05
6.811946839e-05
6.798542001e-05
7.340789055e-05
8.449114535e-05
7.854444143e-05
6.712175892e-05
7.237842539e-05
6.6575635e-05
6.622612139e-05
7.14552662e-05
8.743184612e-05
6.527553892e-05
6.485877212e-05
6.990859949e-05
7.476663612e-05
6.90411171e-05
7.907466981e-05
7.859821188e-05
8.318152398e-05
6.714642337e-05
8.196025354e-05
8.139184893e-05
7.564643081e-05
7.508953692e-05
7.44152501e-05
6.891473796e-05
5.852042307e-05
8.222814692e-05
7.664894302e-05
8.549605183e-05
7.054466862e-05
6.525903902e-05
6.921493249e-05
7.772487892e-05
6.787439342e-05
7.171514091e-05
7.539830474e-05
7.027374805e-05
7.821599789e-05
6.883329008e-05
7.234606814e-05
5.897324958e-05
6.249597249e-05
6.597170392e-05
6.116602018e-05
8.473366508e-05
6.78276933e-05
6.711051889e-05
7.025459154e-05
6.564633946e-05
8.016535964e-05
7.175724799e-05
5.972954988e-05
7.386492854e-05
8.030542535e-05
6.861476079e-05
7.137892986e-05
7.768104158e-05
7.327485737e-05
5.523646285e-05
6.822621746e-05
7.425723353e-05
8.00422862e-05
7.590346935e-05
6.847411717e-05
6.776233472e-05
7.01375515e-05
6.310463627e-05
6.858078688e-05
7.096707857e-05
7.316149005e-05
6.940622071e-05
7.155197916e-05
7.083931379e-05
6.998672876e-05
6.929865476e-05
6.846544766e-05
7.345165355e-05
7.257002563e-05
7.187638513e-05
7.647850384e-05
7.305274918e-05
7.485413293e-05
7.151161512e-05
6.804423062e-05
7.001661534e-05
6.40628705e-05
7.364586653e-05
6.775959757e-05
6.716133231e-05
6.883378562e-05
7.554710022e-05
6.744308787e-05
7.403152966e-05
7.408241866e-05
6.835091911e-05
6.827739924e-05
7.958025624e-05
6.808608593e-05
6.798672704e-05
8.476418422e-05
7.895768873e-05
6.745534861e-05
6.728803773e-05
7.819100471e-05
6.681989814e-05
6.651121023e-05
6.627725516e-05
7.142439702e-05
7.113625539e-05
6.528210828e-05
7.040081144e-05
6.995244412e-05
6.959927567e-05
7.4437081e-05
6.873715635e-05
6.823087554e-05
8.347093854e-05
6.729024928e-05
7.199661277e-05
6.630394429e-05
7.597446029e-05
6.527762364e-05
6.978190663e-05
6.421687231e-05
7.352132607e-05
7.283900749e-05
6.261298312e-05
7.155425858e-05
8.04050661e-05
7.024795788e-05
6.498498538e-05
6.892561944e-05
6.374157661e-05
8.561707613e-05
7.141765268e-05
7.508698343e-05
6.123598522e-05
6.058497064e-05
6.426667806e-05
7.205084577e-05
7.551369417e-05
7.469085168e-05
6.570427349e-05
7.716426312e-05
7.233599141e-05
7.152918509e-05
6.29094329e-05
6.219898944e-05
6.923035616e-05
6.843984994e-05
7.523370395e-05
8.180284797e-05
7.357254683e-05
7.635276825e-05
7.553833274e-05
7.465326618e-05
6.682456438e-05
6.95121521e-05
7.565264869e-05
8.155160685e-05
7.396718864e-05
6.311987145e-05
6.574583658e-05
6.820784409e-05
7.392729978e-05
7.304097943e-05
7.543159182e-05
7.452536906e-05
7.376549353e-05
7.287813569e-05
7.214333674e-05
7.127500986e-05
7.056504379e-05
6.971585732e-05
7.478291219e-05
7.104207858e-05
7.035310081e-05
7.228889753e-05
7.435163892e-05
7.618192033e-05
7.815971314e-05
7.190044582e-05
7.123384166e-05
7.29932869e-05
7.232728319e-05
7.402314091e-05
7.588829163e-05
6.749466968e-05
7.433197851e-05
6.611513977e-05
7.282347666e-05
7.43753225e-05
7.611909328e-05
9.076618951e-05
7.371215465e-05
6.796898927e-05
6.79036004e-05
6.777894137e-05
7.332012661e-05
6.750600123e-05
6.737338517e-05
7.274834107e-05
7.256805524e-05
6.672062962e-05
7.206413528e-05
7.173209555e-05
6.598153795e-05
7.110668115e-05
7.626777885e-05
6.499291703e-05
7.008923821e-05
6.428673541e-05
7.462288305e-05
6.881681704e-05
6.843586031e-05
6.793299445e-05
6.752442625e-05
8.245916294e-05
6.65641078e-05
6.093939327e-05
7.06037837e-05
6.499743339e-05
6.451977186e-05
6.88615695e-05
6.344704107e-05
5.802410256e-05
7.673585553e-05
7.125269653e-05
7.064711694e-05
8.860806131e-05
8.320271642e-05
7.321462927e-05
6.347665008e-05
6.731279663e-05
7.556778622e-05
7.037950349e-05
7.405263534e-05
7.32667428e-05
7.253821413e-05
6.331590267e-05
6.68507983e-05
8.26544401e-05
7.770881543e-05
8.494398455e-05
6.804295278e-05
6.332721702e-05
7.049030593e-05
7.74392992e-05
7.278586599e-05
7.953015018e-05
7.493584007e-05
7.40728467e-05
7.328247067e-05
6.880961688e-05
8.240751844e-05
6.373796836e-05
7.707297048e-05
7.6164946e-05
7.19321422e-05
7.784948212e-05
6.698127339e-05
6.618405278e-05
7.531425068e-05
7.117904502e-05
6.723738443e-05
6.95951235e-05
7.513989373e-05
7.423757432e-05
7.348060106e-05
7.259696773e-05
7.18649561e-05
7.395851721e-05
7.029288939e-05
7.523433072e-05
6.876417532e-05
7.642956094e-05
6.727845272e-05
7.477955218e-05
7.406464909e-05
7.046708336e-05
7.517296552e-05
6.896961215e-05
6.833013563e-05
6.751678299e-05
7.20469334e-05
6.610778232e-05
7.55935121e-05
7.221193909e-05
7.157444221e-05
7.561345135e-05
7.253909488e-05
6.452461318e-05
6.871268867e-05
6.776829546e-05
6.773583872e-05
7.33019657e-05
6.759832241e-05
6.74745555e-05
8.422032477e-05
7.840395807e-05
7.266077172e-05
6.685199156e-05
8.335807227e-05
7.749358859e-05
7.174293658e-05
7.690656629e-05
6.568844789e-05
7.079177934e-05
7.050670347e-05
7.549065608e-05
6.441268679e-05
6.933819138e-05
6.898876797e-05
7.90570824e-05
8.910248458e-05
7.284060326e-05
6.723128248e-05
7.183983353e-05
8.157134915e-05
6.57338691e-05
7.030069585e-05
5.974120446e-05
8.401194601e-05
6.85690144e-05
7.289757972e-05
8.185370516e-05
6.686078807e-05
7.568391002e-05
7.504116173e-05
6.501783094e-05
6.904684916e-05
7.746808091e-05
7.224447615e-05
7.59735314e-05
6.64031433e-05
6.571057973e-05
6.941156343e-05
6.867620684e-05
6.374406868e-05
7.567154554e-05
7.490308077e-05
6.997348326e-05
6.517586482e-05
6.848886912e-05
6.777077536e-05
6.701714709e-05
8.191137618e-05
6.941908345e-05
7.249754733e-05
8.29885105e-05
6.717629294e-05
7.378177366e-05
7.299467292e-05
7.575504941e-05
6.780944673e-05
7.759812771e-05
7.328283222e-05
6.897167727e-05
7.506461022e-05
6.743278176e-05
6.672167596e-05
6.922453678e-05
7.176118643e-05
6.768146267e-05
6.697794758e-05
6.617581438e-05
7.485044297e-05
7.395199377e-05
7.31979007e-05
7.231796095e-05
7.158871558e-05
7.072745453e-05
7.294044396e-05
6.918035628e-05
7.135418274e-05
7.049625032e-05
6.701993083e-05
7.173312544e-05
6.558210334e-05
7.289575821e-05
6.953479469e-05
7.134627715e-05
8.639243385e-05
7.242966095e-05
7.433191814e-05
7.091752234e-05
6.526087861e-05
7.193179397e-05
7.375531988e-05
7.531923498e-05
7.70740539e-05
6.665317257e-05
7.316487247e-05
7.308675145e-05
6.743243119e-05
7.858719521e-05
6.729577704e-05
6.717289132e-05
6.707511897e-05
6.690348492e-05
6.677227163e-05
7.764673301e-05
7.745463094e-05
6.612816447e-05
6.593038931e-05
7.656622274e-05
7.084777931e-05
7.590116625e-05
6.479638866e-05
6.442215351e-05
6.947429275e-05
6.903509265e-05
6.8687513e-05
6.821807519e-05
6.78411234e-05
7.252534977e-05
7.208995549e-05
7.663991256e-05
6.091551272e-05
6.041768479e-05
8.500024173e-05
7.435870085e-05
6.889230583e-05
6.827893459e-05
6.775034805e-05
6.233080748e-05
7.133579954e-05
6.594665858e-05
6.071652757e-05
6.937261463e-05
7.792856249e-05
6.353387811e-05
7.644335255e-05
7.566180586e-05
6.613107603e-05
7.85310948e-05
6.912885079e-05
5.984803626e-05
7.618312612e-05
7.117946037e-05
8.289051364e-05
5.739420223e-05
8.520072082e-05
6.420306444e-05
7.147140007e-05
6.282470858e-05
6.216126265e-05
6.914497947e-05
6.46102929e-05
6.763279548e-05
7.43471325e-05
8.084227717e-05
6.907367048e-05
7.905300406e-05
7.110020329e-05
7.378317059e-05
6.952213195e-05
6.870457939e-05
7.817282422e-05
6.045514952e-05
7.31104913e-05
7.552530624e-05
7.473410944e-05
7.384238379e-05
6.989767203e-05
7.220015846e-05
7.14564131e-05
7.05990769e-05
7.291736726e-05
7.204109054e-05
7.13145906e-05
7.045681965e-05
7.266128148e-05
7.465865216e-05
6.823787733e-05
7.022646943e-05
7.232700378e-05
6.596162935e-05
7.077514411e-05
7.530581289e-05
6.926818171e-05
7.107238393e-05
7.562912112e-05
7.730474946e-05
6.638608199e-05
6.812116582e-05
7.001005229e-05
6.424135056e-05
6.612329955e-05
7.260706391e-05
7.19769429e-05
6.876517635e-05
6.817851203e-05
7.276078331e-05
7.272604044e-05
8.94136706e-05
7.257892176e-05
7.801956456e-05
6.677665806e-05
6.660624211e-05
6.64757194e-05
7.178094336e-05
7.160350088e-05
7.132218187e-05
6.563912587e-05
6.53390385e-05
7.053584463e-05
6.477255663e-05
7.526421193e-05
6.94855575e-05
6.917084887e-05
7.402191166e-05
6.838887758e-05
6.792259437e-05
6.754761456e-05
6.705475525e-05
7.690680572e-05
6.613655992e-05
7.076389262e-05
7.018686042e-05
6.970226027e-05
5.923487173e-05
6.860079131e-05
7.284782014e-05
7.228432792e-05
9.071741366e-05
7.57733923e-05
7.974481377e-05
6.97664142e-05
7.829708274e-05
8.217181055e-05
6.779215565e-05
7.612954691e-05
7.092012042e-05
6.586122908e-05
6.083163844e-05
6.884843177e-05
5.96063593e-05
8.009119444e-05
6.255323257e-05
7.430226315e-05
5.716502787e-05
7.677886642e-05
6.394805868e-05
7.118777761e-05
6.648746021e-05
6.965528799e-05
6.88730316e-05
7.949904642e-05
6.362532436e-05
7.405623388e-05
7.32064368e-05
7.242580606e-05
7.874597891e-05
7.082420118e-05
5.949808016e-05
7.617850612e-05
7.186151937e-05
6.432850964e-05
6.356829833e-05
7.613974207e-05
7.196439504e-05
7.444737756e-05
6.39648986e-05
6.646503414e-05
7.192417024e-05
6.808833199e-05
7.032956662e-05
6.961235192e-05
7.176633205e-05
7.104255695e-05
7.018824802e-05
7.238424772e-05
6.865301911e-05
7.36425494e-05
7.275709532e-05
7.205120206e-05
7.666166732e-05
6.77933523e-05
7.233901516e-05
7.165759025e-05
6.817834168e-05
7.274192268e-05
7.187467251e-05
7.376230182e-05
7.791287653e-05
6.974123864e-05
7.630059336e-05
7.0747955e-05
6.509405446e-05
6.930915093e-05
7.79468986e-05
7.259828661e-05
6.686557837e-05
7.240317285e-05
8.901695566e-05
7.225696695e-05
6.657758329e-05
6.648084148e-05
6.631162883e-05
7.721208793e-05
7.696141353e-05
6.580398984e-05
7.100830604e-05
7.079629327e-05
8.131552857e-05
7.022664474e-05
6.986358933e-05
7.493553305e-05
6.918310483e-05
7.416773989e-05
7.370114329e-05
8.380655717e-05
6.762966221e-05
6.20830472e-05
6.163110772e-05
7.147207451e-05
6.585429244e-05
7.046228027e-05
8.985724993e-05
5.949158309e-05
6.881572871e-05
6.831173344e-05
5.803377965e-05
8.637786606e-05
6.181098786e-05
6.602567484e-05
7.474287498e-05
6.484585894e-05
6.880107199e-05
7.728750507e-05
6.75145907e-05
7.581830713e-05
7.946043516e-05
7.433938546e-05
6.491308272e-05
8.999849064e-05
6.360709966e-05
8.396786576e-05
6.645661425e-05
6.1671212e-05
6.913860708e-05
7.64738099e-05
6.767601252e-05
7.878488585e-05
7.401700833e-05
8.094488221e-05
7.622579388e-05
7.541698466e-05
7.456139005e-05
7.007922265e-05
8.750654409e-05
6.853745049e-05
7.131029944e-05
7.760536695e-05
7.321428787e-05
7.24356314e-05
7.158536919e-05
7.082679095e-05
7.665622666e-05
6.59548183e-05
7.168931201e-05
7.093836628e-05
7.32790401e-05
6.936444123e-05
6.541982446e-05
7.399531795e-05
7.310828475e-05
7.236270224e-05
7.14936614e-05
7.372144874e-05
7.57485258e-05
6.922494567e-05
7.409171667e-05
7.336287224e-05
6.690533289e-05
7.453816868e-05
7.637033167e-05
7.023708175e-05
6.939479021e-05
7.402881512e-05
7.575536618e-05
6.987672648e-05
6.648604443e-05
7.094693582e-05
7.260744975e-05
6.699324992e-05
7.355612109e-05
7.776737614e-05
7.445016513e-05
7.142343686e-05
7.058737131e-05
6.531972928e-05
7.211749283e-05
6.653830092e-05
7.200679321e-05
6.640417465e-05
7.18075244e-05
7.170327042e-05
7.152124454e-05
7.687218904e-05
7.662327038e-05
6.551500118e-05
6.525893605e-05
7.048627269e-05
6.476831077e-05
6.992014382e-05
7.491031479e-05
6.928044721e-05
7.41819871e-05
7.384660166e-05
8.386644911e-05
7.3014663e-05
7.251918786e-05
6.181675438e-05
8.182371703e-05
7.625045245e-05
6.557442413e-05
6.515156893e-05
7.953554496e-05
7.898734523e-05
6.363180378e-05
7.288403713e-05
7.223918222e-05
8.123881575e-05
7.102421065e-05
6.575192048e-05
8.373867237e-05
5.996586044e-05
6.851881778e-05
5.886011168e-05
6.275667009e-05
7.106786057e-05
7.474179104e-05
6.968329425e-05
6.465153476e-05
5.975756839e-05
7.602276094e-05
7.108713275e-05
7.032890025e-05
6.96159515e-05
7.696645698e-05
7.216215903e-05
6.740933113e-05
7.062723257e-05
7.760715376e-05
7.678834868e-05
7.972475374e-05
6.38544678e-05
7.427172558e-05
6.613309154e-05
6.900800309e-05
7.545902417e-05
7.103548e-05
7.730643345e-05
7.293312353e-05
8.246579132e-05
7.131133328e-05
7.727533514e-05
7.304344976e-05
7.22734115e-05
6.817012744e-05
7.066827005e-05
6.665270286e-05
6.595991672e-05
7.448188761e-05
7.064315999e-05
7.283131033e-05
7.208852214e-05
7.122305489e-05
7.050466864e-05
7.255958419e-05
7.183646966e-05
6.813366052e-05
6.746336431e-05
7.220655016e-05
6.600541024e-05
7.608120195e-05
6.997110689e-05
7.444962717e-05
6.584660611e-05
6.766083817e-05
7.218968828e-05
7.132812453e-05
6.815298031e-05
7.482494976e-05
7.415331113e-05
7.083261771e-05
7.50493822e-05
6.938008166e-05
8.063651251e-05
6.797216041e-05
6.971652441e-05
6.627701022e-05
7.728642084e-05
6.61754954e-05
6.611220093e-05
7.149212871e-05
7.687983563e-05
7.120766524e-05
7.65352696e-05
6.538978768e-05
6.52285397e-05
9.204685298e-05
7.017895547e-05
6.98605587e-05
6.96163067e-05
7.458575498e-05
6.367432525e-05
7.913772726e-05
6.827621583e-05
9.394441076e-05
7.270130151e-05
7.220910641e-05
6.155273621e-05
7.129115971e-05
6.580293126e-05
7.031976488e-05
7.485718244e-05
6.930071764e-05
6.390750718e-05
6.823980721e-05
7.257949771e-05
8.632639348e-05
7.138355534e-05
8.959196685e-05
7.951194684e-05
6.486236057e-05
6.890739918e-05
7.278812798e-05
6.763844873e-05
7.143063906e-05
6.193221199e-05
7.881889908e-05
7.807769009e-05
6.439208599e-05
7.652324333e-05
5.889289944e-05
7.913372077e-05
7.417046067e-05
7.341889431e-05
6.859300358e-05
7.18777059e-05
6.714474324e-05
7.425860507e-05
7.730405337e-05
6.883982145e-05
7.563319243e-05
7.483110649e-05
7.02850879e-05
8.051674177e-05
7.959606698e-05
6.44300448e-05
6.722463212e-05
6.650845853e-05
6.573467134e-05
6.845869533e-05
7.442221541e-05
6.359278041e-05
7.276568106e-05
7.854395818e-05
7.761317139e-05
7.04002228e-05
7.588614974e-05
7.196834297e-05
7.420040531e-05
7.343600736e-05
7.255642664e-05
7.181641192e-05
7.095448918e-05
7.316538269e-05
6.939467931e-05
6.870305084e-05
7.07051217e-05
8.121097847e-05
6.640097561e-05
7.671598805e-05
7.038037797e-05
8.043131402e-05
6.622191249e-05
6.82218661e-05
6.481252052e-05
7.962206457e-05
7.613352405e-05
7.795330581e-05
7.702561471e-05
7.140943682e-05
8.029588735e-05
7.717554449e-05
7.149855689e-05
7.324099147e-05
7.004676284e-05
7.40796619e-05
7.148547756e-05
7.694781712e-05
7.686669843e-05
6.582278353e-05
7.117949149e-05
7.654372937e-05
7.635042548e-05
7.620129061e-05
7.595582059e-05
6.49445724e-05
7.008303828e-05
8.599914634e-05
8.025933396e-05
6.931509879e-05
7.426399544e-05
7.924981906e-05
7.879770131e-05
7.321259654e-05
6.755849695e-05
7.756137671e-05
6.162999891e-05
6.129096369e-05
8.113045453e-05
8.568590186e-05
7.502511195e-05
7.454215172e-05
7.886890092e-05
6.85354426e-05
7.766336723e-05
6.745899318e-05
6.686458825e-05
7.108826606e-05
7.043920883e-05
8.850086807e-05
6.921089414e-05
5.947564344e-05
7.249194714e-05
6.736363539e-05
5.780265206e-05
6.608794592e-05
6.54183334e-05
7.344397774e-05
7.268600609e-05
7.621778551e-05
6.703869698e-05
8.296803156e-05
7.387736189e-05
7.312908727e-05
6.832341835e-05
7.955054057e-05
7.475072127e-05
8.175468725e-05
6.93029802e-05
6.476265771e-05
7.157331694e-05
7.454156776e-05
8.4753961e-05
6.92693e-05
7.208226795e-05
7.48799773e-05
6.344293247e-05
7.671542253e-05
6.893068951e-05
7.160779517e-05
8.087943754e-05
7.335409393e-05
7.249001695e-05
7.49861961e-05
7.409819871e-05
7.013420128e-05
7.244995879e-05
7.481419306e-05
7.084099912e-05
7.011119794e-05
7.228361012e-05
7.154634822e-05
7.068794125e-05
6.997486422e-05
7.201471785e-05
7.129692011e-05
7.043968835e-05
7.811616934e-05
6.615163778e-05
7.096871327e-05
7.550946083e-05
7.478708991e-05
7.388957129e-05
7.05792541e-05
6.715113164e-05
7.420455319e-05
7.331803399e-05
7.51539974e-05
7.673433447e-05
7.113939746e-05
6.787154746e-05
6.967521319e-05
6.885247543e-05
7.296258954e-05
6.51275819e-05
7.149103909e-05
6.569871313e-05
7.66121674e-05
8.199814247e-05
7.099721312e-05
7.086957671e-05
6.532332782e-05
7.05886841e-05
7.045091276e-05
7.022454892e-05
7.005165574e-05
6.977995102e-05
6.957229088e-05
7.991334003e-05
7.432544659e-05
7.394500009e-05
7.364903154e-05
6.276846784e-05
7.810677743e-05
6.727072544e-05
6.693382344e-05
7.159683123e-05
7.628926036e-05
7.068968377e-05
8.030577381e-05
7.471028327e-05
8.412706299e-05
6.872228311e-05
7.799979048e-05
7.734108059e-05
7.677652325e-05
6.658872128e-05
7.551510372e-05
7.015030695e-05
6.494411046e-05
6.892872171e-05
6.834637884e-05
7.21981669e-05
7.156378256e-05
8.414047861e-05
7.021024687e-05
6.950012367e-05
7.74532405e-05
7.239663722e-05
7.169727011e-05
7.094667443e-05
8.677202504e-05
7.358657046e-05
6.474805258e-05
7.205923468e-05
6.339153303e-05
7.837852956e-05
7.755863738e-05
7.286965522e-05
6.830670251e-05
6.754476061e-05
7.796697402e-05
6.607447242e-05
7.263523161e-05
7.539692975e-05
7.104168922e-05
6.671240649e-05
6.947572081e-05
6.866899044e-05
6.454213024e-05
7.721611591e-05
7.971988174e-05
6.893386844e-05
6.820731563e-05
7.702875626e-05
7.304610003e-05
7.53159148e-05
7.453311282e-05
7.057528486e-05
7.28850887e-05
7.201283752e-05
7.127830805e-05
7.335769631e-05
7.261764242e-05
8.035478287e-05
7.671258717e-05
7.57903397e-05
6.94856622e-05
6.590416549e-05
7.07031543e-05
6.985345773e-05
7.184609955e-05
7.361269132e-05
7.812746898e-05
6.947219152e-05
6.627853249e-05
7.052371199e-05
7.237573727e-05
7.891122471e-05
7.575907501e-05
7.244485954e-05
6.941209162e-05
7.095690008e-05
7.034157688e-05
6.256293495e-05
7.121948448e-05
6.541333257e-05
8.172796415e-05
8.164222487e-05
8.156435575e-05
7.599022196e-05
7.04602385e-05
7.02832115e-05
6.475028685e-05
6.992133425e-05
6.974932373e-05
6.947947399e-05
7.993024027e-05
6.896094089e-05
6.872043528e-05
6.836953821e-05
7.333427879e-05
7.291791784e-05
6.2219473e-05
7.729084052e-05
6.152327173e-05
8.14795096e-05
7.090304893e-05
6.033663065e-05
6.497468582e-05
6.94382134e-05
7.391997859e-05
6.843667182e-05
6.796656158e-05
6.739377552e-05
7.168096031e-05
7.578871003e-05
7.520528686e-05
7.452134956e-05
7.391912384e-05
6.864884076e-05
6.353132847e-05
8.538927535e-05
8.018478491e-05
7.49815322e-05
7.86700765e-05
6.922292075e-05
7.285892721e-05
6.78678242e-05
7.141334284e-05
7.898071609e-05
7.819886946e-05
6.515383043e-05
6.852537855e-05
7.975359466e-05
7.498418035e-05
6.636329692e-05
6.566931403e-05
7.258835341e-05
7.18234069e-05
6.728523081e-05
7.396916042e-05
6.947846826e-05
7.235755008e-05
7.868633525e-05
7.430974957e-05
7.345491608e-05
6.921216333e-05
6.498880742e-05
6.42981145e-05
6.354672499e-05
6.618283163e-05
7.848535367e-05
6.147940039e-05
7.673983673e-05
7.277215087e-05
7.190758239e-05
7.425413673e-05
6.725453227e-05
7.261271754e-05
7.174408596e-05
7.101226875e-05
7.016080848e-05
6.945296279e-05
7.433709251e-05
7.642664825e-05
6.991475585e-05
8.030295984e-05
7.660162753e-05
7.043957531e-05
7.494624875e-05
7.157809122e-05
6.809945876e-05
6.745764095e-05
6.921247209e-05
6.857035485e-05
7.025959132e-05
6.96182889e-05
7.124489254e-05
7.060539978e-05
6.736078611e-05
7.153546539e-05
7.540174684e-05
7.474796109e-05
6.925120016e-05
7.552740342e-05
7.055795559e-05
7.052460695e-05
6.503150694e-05
7.03836661e-05
7.566221756e-05
7.555281515e-05
8.074658235e-05
6.447138546e-05
6.962072676e-05
8.547641865e-05
6.918157361e-05
7.428187314e-05
7.394821003e-05
7.369052219e-05
6.28415663e-05
6.259046134e-05
6.742227439e-05
7.744472288e-05
6.670247503e-05
7.657960611e-05
6.592379109e-05
7.060530993e-05
7.510529154e-05
7.465755916e-05
8.890618399e-05
6.379773453e-05
6.815342472e-05
7.252033709e-05
6.232237846e-05
6.662728006e-05
6.132634896e-05
7.489800179e-05
6.030228084e-05
7.361886642e-05
6.381314193e-05
6.779441999e-05
6.714158664e-05
7.986291932e-05
6.589578741e-05
7.400303132e-05
7.325716532e-05
6.403225009e-05
6.759977119e-05
7.113165544e-05
6.624888054e-05
6.559338233e-05
5.678695674e-05
7.227323298e-05
6.752722881e-05
6.683075017e-05
7.777275443e-05
8.080770293e-05
7.992071143e-05
7.531308602e-05
7.447520865e-05
7.737055284e-05
7.285651961e-05
7.208198359e-05
6.769846384e-05
7.050274301e-05
7.666181109e-05
7.584565769e-05
7.155908415e-05
7.417003222e-05
7.330403536e-05
7.912117085e-05
6.515946876e-05
7.414371702e-05
7.008198676e-05
7.250024886e-05
7.16394281e-05
7.397724125e-05
7.309543487e-05
7.23423745e-05
7.147733291e-05
7.074820799e-05
6.990017934e-05
6.919492065e-05
6.836408703e-05
7.050262317e-05
6.965521265e-05
7.448721124e-05
6.54147344e-05
6.477965009e-05
7.466778168e-05
6.867088701e-05
7.828404669e-05
6.979156261e-05
6.895468734e-05
6.831492024e-05
6.749753297e-05
6.688141931e-05
7.587356353e-05
7.276696135e-05
6.95050016e-05
7.364292196e-05
7.511828107e-05
7.213993963e-05
6.66903462e-05
7.752276114e-05
7.025410727e-05
6.481933778e-05
7.554360723e-05
6.469001734e-05
7.53370326e-05
6.985474535e-05
6.968012983e-05
6.954444943e-05
7.46552078e-05
7.447183868e-05
6.888621688e-05
7.396491684e-05
7.889302845e-05
7.861833275e-05
7.821883659e-05
6.232523641e-05
6.197305856e-05
7.197669422e-05
7.664069398e-05
7.117399263e-05
7.069764245e-05
6.528791381e-05
6.980626176e-05
6.443400905e-05
6.886269e-05
6.84208985e-05
6.302447597e-05
8.185141404e-05
7.639007239e-05
6.635458118e-05
7.517098435e-05
6.99311415e-05
7.391749058e-05
6.41559086e-05
6.809584258e-05
6.75217703e-05
7.133094143e-05
6.186726573e-05
7.000907096e-05
8.671635616e-05
7.29672897e-05
7.653507244e-05
6.733382726e-05
7.91877323e-05
6.186536988e-05
8.575494833e-05
6.464690756e-05
7.199238263e-05
8.309321997e-05
7.048842831e-05
5.81050236e-05
6.899734107e-05
7.582338464e-05
7.502480974e-05
6.67721088e-05
6.606492945e-05
7.257992567e-05
6.462765727e-05
6.389289246e-05
7.725995727e-05
6.94300408e-05
7.556010224e-05
7.129046571e-05
7.053300594e-05
7.634925361e-05
7.225641052e-05
6.816211991e-05
7.386708179e-05
6.982108039e-05
7.223037112e-05
7.447645184e-05
7.370240321e-05
6.978996887e-05
7.207403701e-05
7.121255615e-05
7.342302478e-05
7.544493599e-05
7.181123838e-05
7.094917108e-05
7.024177587e-05
7.217349289e-05
7.146307213e-05
6.788826543e-05
6.99182694e-05
6.907770654e-05
6.84166202e-05
6.759476596e-05
7.210818365e-05
6.869881572e-05
7.310296545e-05
7.471847234e-05
7.897218337e-05
7.559091534e-05
6.524629987e-05
7.402097488e-05
6.863451716e-05
7.24982843e-05
6.49146851e-05
6.414873662e-05
7.041705901e-05
6.995286469e-05
7.529834876e-05
6.984706936e-05
6.441289162e-05
6.965644294e-05
7.490633717e-05
7.471956539e-05
7.457418387e-05
6.371741532e-05
6.88577854e-05
7.386978454e-05
6.312913193e-05
6.808419787e-05
7.306635358e-05
6.75033916e-05
7.240595805e-05
8.228317743e-05
6.655462452e-05
6.614374447e-05
7.593878486e-05
8.046046975e-05
6.501603747e-05
6.951667419e-05
6.416703105e-05
7.347695476e-05
6.327182502e-05
7.725017901e-05
7.672083413e-05
7.132335536e-05
7.080439871e-05
7.486588233e-05
8.357726688e-05
6.441681414e-05
6.846150977e-05
7.234418248e-05
7.173472518e-05
7.548688238e-05
7.042389183e-05
6.537330028e-05
6.477979672e-05
6.840442267e-05
8.046904794e-05
7.126184061e-05
6.642343069e-05
6.573259481e-05
7.32181719e-05
7.24459418e-05
6.772961177e-05
7.488980251e-05
7.801888062e-05
6.945864423e-05
8.01884746e-05
6.420392672e-05
7.84756685e-05
6.651847147e-05
5.850147598e-05
7.230542393e-05
7.511395481e-05
7.42609291e-05
6.297472124e-05
7.954492075e-05
7.527668894e-05
6.764176802e-05
7.026933102e-05
6.945029483e-05
6.544282149e-05
7.437619104e-05
7.359250317e-05
6.64001954e-05
7.196249514e-05
7.420077393e-05
7.342959975e-05
7.255519961e-05
7.180768284e-05
7.094973379e-05
7.315201509e-05
7.227571587e-05
7.154640233e-05
7.068769314e-05
7.558147977e-05
7.46732138e-05
6.846122566e-05
6.763804078e-05
7.769824924e-05
7.146997365e-05
6.816422939e-05
6.734521446e-05
6.927613052e-05
7.351482387e-05
7.534413109e-05
7.196035912e-05
7.130346213e-05
6.559289872e-05
6.98192673e-05
6.660889704e-05
7.073708551e-05
7.222776779e-05
6.698226861e-05
7.532085649e-05
6.789056805e-05
7.501220943e-05
6.426591845e-05
8.024892478e-05
6.94829743e-05
7.469497677e-05
6.925957002e-05
8.503053524e-05
7.425706543e-05
6.344696801e-05
7.911421063e-05
6.304892784e-05
7.333905018e-05
6.779688333e-05
6.236418655e-05
6.204879913e-05
7.210171869e-05
7.681736418e-05
7.137425955e-05
7.093463428e-05
7.058088734e-05
6.51027249e-05
8.466839024e-05
7.417444219e-05
6.881781452e-05
8.780995076e-05
6.301210838e-05
7.693437555e-05
7.163214536e-05
6.629783516e-05
7.051695624e-05
6.058263816e-05
6.011771248e-05
6.415792187e-05
6.818676899e-05
6.755168251e-05
8.931066337e-05
7.518704057e-05
7.452860623e-05
6.945616165e-05
8.1730852e-05
6.813587443e-05
6.32791328e-05
7.515918888e-05
7.857033185e-05
7.775448118e-05
7.698622712e-05
7.617552665e-05
7.143717966e-05
7.852868458e-05
6.994763927e-05
6.919330302e-05
7.227455754e-05
7.524687826e-05
7.445482749e-05
7.731121272e-05
6.920780405e-05
8.283793934e-05
7.483112225e-05
7.750522228e-05
7.66804319e-05
7.580198994e-05
6.476874915e-05
6.738974648e-05
7.334131635e-05
7.578207817e-05
7.823977829e-05
7.410068797e-05
7.331995832e-05
6.930505252e-05
7.481384215e-05
7.392712937e-05
7.315880836e-05
7.228806554e-05
7.154329007e-05
7.068884429e-05
6.996767872e-05
7.201018949e-05
6.843217201e-05
6.761101001e-05
7.251486245e-05
7.164353838e-05
6.820981901e-05
7.278082626e-05
7.741284864e-05
7.648196879e-05
7.574988933e-05
7.48395179e-05
7.157760186e-05
7.071838389e-05
7.256434625e-05
7.169483569e-05
6.61410057e-05
7.503188985e-05
6.956109895e-05
7.347219613e-05
7.282406786e-05
6.731672948e-05
7.363678305e-05
6.821814157e-05
7.665582882e-05
7.469329949e-05
6.399273749e-05
6.925359896e-05
6.386570274e-05
7.437803536e-05
7.957588786e-05
6.350276912e-05
7.922424921e-05
6.844370737e-05
6.827598138e-05
6.801508693e-05
6.781363831e-05
7.270521302e-05
7.245266974e-05
7.208713131e-05
7.180002538e-05
7.649694505e-05
7.615372305e-05
6.559429653e-05
9.037031934e-05
7.979515367e-05
5.951909692e-05
6.402003008e-05
7.343037432e-05
6.315871074e-05
6.758178557e-05
7.662114363e-05
7.609695627e-05
6.602939687e-05
6.554971564e-05
6.962160795e-05
6.448187264e-05
7.759419559e-05
6.338660954e-05
8.073942099e-05
6.671682258e-05
6.607903354e-05
7.860088832e-05
7.350690471e-05
8.14098365e-05
7.211126567e-05
7.143628381e-05
7.070767927e-05
9.062289541e-05
6.522429381e-05
6.45801434e-05
5.990732143e-05
7.511626474e-05
6.258265091e-05
6.968034458e-05
8.424775501e-05
6.442082354e-05
7.496190013e-05
8.159037897e-05
6.96845414e-05
7.62046725e-05
7.535073291e-05
7.455041164e-05
7.721546363e-05
7.639391728e-05
6.522151846e-05
7.132000246e-05
8.056751513e-05
7.306917774e-05
7.550163878e-05
7.145446771e-05
7.382721839e-05
6.987336278e-05
7.218851971e-05
7.453842784e-05
7.365549573e-05
7.289000686e-05
6.902193752e-05
7.128083713e-05
7.042986639e-05
6.971131547e-05
7.748633549e-05
7.386344944e-05
7.017047688e-05
7.224951543e-05
6.863602784e-05
6.796025205e-05
7.520025489e-05
6.91506194e-05
7.620195726e-05
7.547249253e-05
6.942281416e-05
7.13152283e-05
7.297524452e-05
7.229800212e-05
7.143126455e-05
7.566047238e-05
6.993253303e-05
7.408447644e-05
7.792348219e-05
7.021465959e-05
6.938007701e-05
6.877887322e-05
7.476114237e-05
6.738630371e-05
7.437708973e-05
7.965233646e-05
6.896062968e-05
6.359557984e-05
7.406377225e-05
8.452240126e-05
6.323491564e-05
7.889019791e-05
7.339838666e-05
7.321865467e-05
7.293955397e-05
6.752913738e-05
7.240096568e-05
7.730322579e-05
7.691413406e-05
7.660804959e-05
6.094335031e-05
7.583767046e-05
7.034782628e-05
6.999758526e-05
6.953327911e-05
6.421382679e-05
7.356658966e-05
6.825453228e-05
7.257835403e-05
6.730663636e-05
7.631045196e-05
7.578880687e-05
6.106575764e-05
7.927555197e-05
6.009677177e-05
8.257329998e-05
6.36463305e-05
7.666303009e-05
6.701615036e-05
9.303385657e-05
7.898235528e-05
8.264112097e-05
6.460492247e-05
7.682336796e-05
7.18303703e-05
7.952997205e-05
7.043381812e-05
7.38591956e-05
6.903389741e-05
7.639390092e-05
7.559193177e-05
7.876719396e-05
6.624069701e-05
6.555869135e-05
6.866865631e-05
7.550211825e-05
7.094511879e-05
7.01987685e-05
7.673048912e-05
6.868832223e-05
7.506894897e-05
6.719829451e-05
7.692786348e-05
7.956906017e-05
6.839946489e-05
6.428828212e-05
6.689129566e-05
6.618095569e-05
7.19526905e-05
7.766301229e-05
7.035768336e-05
6.961649411e-05
6.879659632e-05
7.117065746e-05
7.338585093e-05
6.657124229e-05
7.175965548e-05
7.102030274e-05
7.017277917e-05
7.235085833e-05
7.148494696e-05
7.076348635e-05
7.550787246e-05
7.198610325e-05
7.112130982e-05
7.312950505e-05
7.225017831e-05
7.419835045e-05
7.330592001e-05
6.741810757e-05
6.916932132e-05
7.613011203e-05
7.521560096e-05
6.954968859e-05
6.871549926e-05
7.295159716e-05
6.727322641e-05
7.381254777e-05
7.528412346e-05
7.228820741e-05
6.681992609e-05
7.994600625e-05
7.222729039e-05
7.161276827e-05
6.87732927e-05
6.874105793e-05
6.867012869e-05
6.860504334e-05
7.375215361e-05
7.364601282e-05
6.821675495e-05
8.379621532e-05
7.309076572e-05
6.770392673e-05
8.301104193e-05
6.724701362e-05
6.179936064e-05
8.211338137e-05
6.127578481e-05
6.611813938e-05
6.574885167e-05
8.055917908e-05
6.505390177e-05
5.975102981e-05
5.935556263e-05
7.378938971e-05
8.303523534e-05
7.768723997e-05
7.228368489e-05
6.703371852e-05
6.175184418e-05
7.076544662e-05
6.082049006e-05
7.431302764e-05
7.827421069e-05
8.681309318e-05
7.244980825e-05
7.18673279e-05
7.565176334e-05
7.501620481e-05
6.556026961e-05
6.931974485e-05
7.293316741e-05
7.652397948e-05
7.155165478e-05
7.922179857e-05
7.42892508e-05
8.174955131e-05
8.090474215e-05
7.20958194e-05
8.323015636e-05
7.45435951e-05
7.375269226e-05
6.146829979e-05
8.361137306e-05
7.521719906e-05
7.067845232e-05
8.465829622e-05
6.552290286e-05
7.923646772e-05
7.835065828e-05
6.342450984e-05
7.664239779e-05
7.238056994e-05
7.836857117e-05
8.090616236e-05
7.330930769e-05
5.934347562e-05
6.842981573e-05
7.092965589e-05
7.328629033e-05
6.936150712e-05
7.477653351e-05
7.091056985e-05
7.311817322e-05
7.235828645e-05
7.149833682e-05
7.076166595e-05
7.574402548e-05
7.208769155e-05
7.12251886e-05
7.05063082e-05
6.687434352e-05
7.172460482e-05
6.813753862e-05
7.016521934e-05
7.198774553e-05
7.128846281e-05
7.825659359e-05
7.750732717e-05
7.402268578e-05
7.332464576e-05
6.994547551e-05
7.177113673e-05
7.335506236e-05
7.02624955e-05
7.899634193e-05
7.354260804e-05
6.563210593e-05
7.20232236e-05
7.575692124e-05
7.737639343e-05
6.971212874e-05
7.35784226e-05
6.321654402e-05
6.845253347e-05
6.312190611e-05
7.357248678e-05
6.295126819e-05
6.809913561e-05
7.315691923e-05
6.779974576e-05
7.278571258e-05
8.816654967e-05
7.749890114e-05
8.242121523e-05
6.154289713e-05
6.644042993e-05
6.610757381e-05
6.584491276e-05
7.051475927e-05
7.521337057e-05
6.977064737e-05
7.934153752e-05
7.389145976e-05
8.328682885e-05
7.296861874e-05
7.737188143e-05
6.239254563e-05
7.15317911e-05
8.515863761e-05
7.048118896e-05
6.98967517e-05
6.939015188e-05
6.87907345e-05
7.736632223e-05
7.216323816e-05
7.158347581e-05
7.092164539e-05
6.153545143e-05
6.965752552e-05
6.473352827e-05
6.837613583e-05
8.046174408e-05
8.385305157e-05
8.306947807e-05
7.400372943e-05
7.329218162e-05
8.05955164e-05
5.985048928e-05
7.896548522e-05
6.253517665e-05
6.573970667e-05
7.271783306e-05
7.193812282e-05
7.118770105e-05
7.41197716e-05
7.700747869e-05
7.61584247e-05
6.458833979e-05
6.741530851e-05
7.021026229e-05
7.288817731e-05
7.211311962e-05
7.807990013e-05
5.709753404e-05
6.640016432e-05
6.897998484e-05
6.817936461e-05
7.388240899e-05
7.301878796e-05
7.224967127e-05
7.139988938e-05
7.065237625e-05
7.285244113e-05
7.209532478e-05
7.123891448e-05
7.344261051e-05
6.966419452e-05
6.895337501e-05
7.096731119e-05
7.587107202e-05
6.940869004e-05
7.971096084e-05
7.603791945e-05
7.260018082e-05
7.704033915e-05
6.839964277e-05
7.277498439e-05
7.207814034e-05
7.375435639e-05
6.550098575e-05
7.218056516e-05
6.904469136e-05
6.577949656e-05
7.000698569e-05
7.393828264e-05
8.036572927e-05
6.539236812e-05
6.481564228e-05
6.861765712e-05
7.25581579e-05
7.393699652e-05
7.55296377e-05
6.819829978e-05
6.81664209e-05
8.381096358e-05
6.803197844e-05
6.791266615e-05
6.781507757e-05
6.7648472e-05
7.271108631e-05
6.730582411e-05
7.230609984e-05
7.203246054e-05
7.694974554e-05
7.66106918e-05
6.107632896e-05
6.583530869e-05
6.557393502e-05
7.524156042e-05
6.491771804e-05
7.941210865e-05
7.407909428e-05
8.830911705e-05
7.318981296e-05
8.236303241e-05
7.224288078e-05
7.170146697e-05
7.124407421e-05
8.481747731e-05
7.955909994e-05
6.497703523e-05
6.911405509e-05
6.851816622e-05
7.706021324e-05
8.086379192e-05
8.021458928e-05
6.622858589e-05
8.318573179e-05
6.50495875e-05
7.307933859e-05
7.236831704e-05
6.327679072e-05
7.517717215e-05
7.861256141e-05
6.552923946e-05
7.301192685e-05
6.423091634e-05
7.154744831e-05
7.473311532e-05
7.008592851e-05
6.54920426e-05
8.006983458e-05
6.789643618e-05
7.092107531e-05
7.015108854e-05
6.941370294e-05
7.226245655e-05
7.864833152e-05
6.363094465e-05
6.295570133e-05
7.261969477e-05
7.526895464e-05
7.441102846e-05
8.031258974e-05
7.277302259e-05
6.87277727e-05
7.116553724e-05
7.681363313e-05
7.591641528e-05
7.19869641e-05
7.114082781e-05
7.345675415e-05
7.258863355e-05
7.183426748e-05
7.09813679e-05
7.02500028e-05
6.941265673e-05
7.442974231e-05
6.788284262e-05
6.999751945e-05
6.915842345e-05
7.120726641e-05
7.576378661e-05
7.233838185e-05
6.882157446e-05
7.339546186e-05
6.992266202e-05
7.181800006e-05
7.348796534e-05
7.279485869e-05
6.943952137e-05
6.633797098e-05
7.282352941e-05
8.177976325e-05
7.604629045e-05
6.829837593e-05
7.213520127e-05
6.688620022e-05
7.064613481e-05
7.003425156e-05
7.143399205e-05
7.525324146e-05
6.791439382e-05
7.310443552e-05
7.302952194e-05
7.296048438e-05
6.763048962e-05
6.753337945e-05
7.255000995e-05
7.758169622e-05
6.702724052e-05
7.20069489e-05
6.661115413e-05
7.152342743e-05
7.120902062e-05
7.0962633e-05
8.573920842e-05
8.03756043e-05
6.494290927e-05
6.962598095e-05
6.425980088e-05
7.377796535e-05
6.840664759e-05
6.317450855e-05
7.720564311e-05
7.195198442e-05
6.665293699e-05
7.095866258e-05
8.917231957e-05
7.924206605e-05
6.934196289e-05
7.801883296e-05
8.189729929e-05
7.675651702e-05
7.60716485e-05
6.214463993e-05
5.717414026e-05
6.541706119e-05
7.775666201e-05
6.851409184e-05
7.632969901e-05
7.143745026e-05
7.48888269e-05
7.418978837e-05
7.751917737e-05
7.677457427e-05
7.19856922e-05
8.315577569e-05
6.26957165e-05
8.145875428e-05
6.908425158e-05
6.077683503e-05
8.267462456e-05
6.693767938e-05
7.724722547e-05
6.551611772e-05
6.839531986e-05
7.123411401e-05
8.100663303e-05
6.620854679e-05
7.924396218e-05
7.158410496e-05
7.750889133e-05
7.001667539e-05
6.591619242e-05
7.173822666e-05
6.768392227e-05
6.696779283e-05
7.564132093e-05
7.172616047e-05
7.088363935e-05
7.014158896e-05
7.232672963e-05
7.157509394e-05
7.07256768e-05
6.999693603e-05
6.916292887e-05
7.130955403e-05
6.76388334e-05
7.253570357e-05
7.717914977e-05
6.822248631e-05
7.279549388e-05
7.474803696e-05
7.384923532e-05
6.529614264e-05
6.967126703e-05
6.644832146e-05
7.57484397e-05
6.753056185e-05
6.424718792e-05
7.099508103e-05
7.256064113e-05
6.95015008e-05
7.340334723e-05
7.743770063e-05
6.723661248e-05
6.664368525e-05
7.038923928e-05
7.653252192e-05
7.117341762e-05
7.718412136e-05
6.763284183e-05
6.760131151e-05
8.311654678e-05
7.265828551e-05
6.216982918e-05
7.242739747e-05
6.708957905e-05
6.180906006e-05
7.702033105e-05
7.17102631e-05
7.144016277e-05
7.631735114e-05
6.585163135e-05
6.562395355e-05
7.534321321e-05
7.004158644e-05
6.467863467e-05
5.943676635e-05
7.384545153e-05
6.858065636e-05
6.326419472e-05
8.227988828e-05
7.208966963e-05
6.688585991e-05
6.638664965e-05
6.59638267e-05
7.479403734e-05
7.428475183e-05
7.367238193e-05
8.228208104e-05
7.251142259e-05
8.095257017e-05
7.131697047e-05
7.516679141e-05
7.009466314e-05
5.647474085e-05
8.175927977e-05
7.251529174e-05
7.18121487e-05
7.953548026e-05
7.045809151e-05
6.569484054e-05
7.316018362e-05
7.245779835e-05
6.772958189e-05
7.495220936e-05
6.636382235e-05
5.410193736e-05
6.882593381e-05
7.190287671e-05
6.364724437e-05
6.668883566e-05
5.863708317e-05
7.252632525e-05
7.172966194e-05
5.677735412e-05
7.018196388e-05
7.290940119e-05
7.552141142e-05
6.792618818e-05
6.043813624e-05
7.640567728e-05
7.224452676e-05
7.472682613e-05
7.06502673e-05
7.308022609e-05
6.908752865e-05
7.146723976e-05
6.448671214e-05
6.988895492e-05
7.206670884e-05
7.131778384e-05
7.340814708e-05
6.9745686e-05
6.891499147e-05
6.821173878e-05
7.301295313e-05
6.949602114e-05
7.140979646e-05
7.613559426e-05
6.447549285e-05
6.916039259e-05
7.358483581e-05
6.766480214e-05
6.685050017e-05
7.384985932e-05
6.541323401e-05
5.981186678e-05
7.386517967e-05
7.805805454e-05
6.988965591e-05
7.641543271e-05
7.313877171e-05
7.482044737e-05
7.161392949e-05
6.640292254e-05
7.013420532e-05
7.625530696e-05
6.648256623e-05
6.811472594e-05
7.771570922e-05
6.214362087e-05
7.24269313e-05
7.23585797e-05
7.739205374e-05
7.212901903e-05
6.681358138e-05
8.207316156e-05
7.159054538e-05
6.121372466e-05
7.114765162e-05
7.093803349e-05
7.567247708e-05
7.038363869e-05
7.503669812e-05
7.473948547e-05
6.937161776e-05
7.89281141e-05
6.864424413e-05
6.342526038e-05
7.755075739e-05
6.748793087e-05
7.658813152e-05
6.661868599e-05
6.612248156e-05
7.978059781e-05
7.449795786e-05
7.399107614e-05
7.796869997e-05
6.8298792e-05
7.222748699e-05
6.719669089e-05
6.21593655e-05
6.606575731e-05
7.418722606e-05
7.356605738e-05
7.287141733e-05
7.648572797e-05
7.153725797e-05
7.923144665e-05
7.431872166e-05
5.726447618e-05
7.288325898e-05
7.218387637e-05
6.350551621e-05
6.681033665e-05
7.389359406e-05
6.544947049e-05
6.856954063e-05
7.540554604e-05
7.460154561e-05
7.013304833e-05
8.032852521e-05
7.58718977e-05
7.503951005e-05
7.424675757e-05
6.992526891e-05
7.610208311e-05
7.866655483e-05
7.106279537e-05
6.021874458e-05
6.61986529e-05
6.543922453e-05
7.121932422e-05
6.399583666e-05
7.281668883e-05
6.883898108e-05
7.430627652e-05
7.037480113e-05
6.963813421e-05
7.180855095e-05
7.402324704e-05
7.021978141e-05
6.949623322e-05
6.866882535e-05
7.929606915e-05
6.995420838e-05
7.20178754e-05
7.11550699e-05
6.773567508e-05
7.495312088e-05
6.891366673e-05
7.332232279e-05
7.779617478e-05
6.917386141e-05
7.104872516e-05
6.768640657e-05
6.953112411e-05
6.869416727e-05
7.777872292e-05
6.963916722e-05
7.852095476e-05
6.347272932e-05
7.688147691e-05
6.675248867e-05
6.844540673e-05
7.43894652e-05
6.480654992e-05
7.065793055e-05
7.662535423e-05
6.707668362e-05
8.251753202e-05
6.182515697e-05
9.265028943e-05
7.193615275e-05
6.15712191e-05
6.653984526e-05
6.641132812e-05
6.111245258e-05
8.128476121e-05
6.073502235e-05
7.06489153e-05
6.029185975e-05
6.509069377e-05
6.97504891e-05
7.443688434e-05
6.415648592e-05
6.387045832e-05
7.813520379e-05
7.288909055e-05
7.724039472e-05
7.201942325e-05
6.674768209e-05
7.583272916e-05
7.056472232e-05
7.479038446e-05
6.956644994e-05
6.909348125e-05
8.223131824e-05
6.803129501e-05
8.093898716e-05
7.585962304e-05
7.51864668e-05
7.45845225e-05
7.390109681e-05
6.466123226e-05
6.832183992e-05
6.772695072e-05
6.707243646e-05
7.062133612e-05
7.403691172e-05
7.334694235e-05
8.06760254e-05
7.590712977e-05
6.722155255e-05
7.047535707e-05
7.361792949e-05
6.136994156e-05
7.590561179e-05
7.136964534e-05
7.432603038e-05
7.722943408e-05
6.911962322e-05
6.839386233e-05
8.188536643e-05
7.397523837e-05
7.663748932e-05
5.85919855e-05
7.156525643e-05
7.417664316e-05
7.666786771e-05
7.915119534e-05
7.498381772e-05
7.418825414e-05
7.651898759e-05
7.570961264e-05
7.171004342e-05
7.095496614e-05
7.317194268e-05
7.240602509e-05
7.155223601e-05
7.080867415e-05
6.996953802e-05
6.924855846e-05
7.127542874e-05
7.054803604e-05
7.528187109e-05
6.900165771e-05
7.090215415e-05
7.559424934e-05
6.935197324e-05
6.602759132e-05
7.56710217e-05
7.235158844e-05
6.892781248e-05
7.332437617e-05
7.493934877e-05
7.175792438e-05
7.089387541e-05
7.265754689e-05
6.939046765e-05
7.586958757e-05
6.558801431e-05
7.660635079e-05
7.339369023e-05
7.501989966e-05
7.412187669e-05
6.680016923e-05
7.700325614e-05
6.980479413e-05
6.166340356e-05
7.190723055e-05
8.209623272e-05
7.176652486e-05
7.164214507e-05
7.153957724e-05
8.156103751e-05
8.140361909e-05
7.607952935e-05
7.589431671e-05
7.056975706e-05
6.533627679e-05
7.005568616e-05
5.984058524e-05
6.450694418e-05
7.413672365e-05
7.372910804e-05
8.318740994e-05
6.32306741e-05
8.227721147e-05
7.212422469e-05
6.216829775e-05
7.123164338e-05
6.609069071e-05
8.434337488e-05
7.449549141e-05
8.315187304e-05
7.341063618e-05
6.825839343e-05
7.680133655e-05
7.166623487e-05
8.445533321e-05
7.930161145e-05
6.992636032e-05
7.361716619e-05
8.158999718e-05
8.507603269e-05
5.903500246e-05
8.352204953e-05
7.03534261e-05
7.37572309e-05
6.49513185e-05
6.831700439e-05
5.970183254e-05
7.878868846e-05
6.631165039e-05
6.176363287e-05
6.11420861e-05
6.428119584e-05
8.233324524e-05
7.40525427e-05
7.694549696e-05
7.6115582e-05
6.097056035e-05
6.385053607e-05
7.721549294e-05
7.288834487e-05
7.55497732e-05
7.130641405e-05
7.054902373e-05
6.642745021e-05
7.557998971e-05
7.471447617e-05
7.39218689e-05
6.989120251e-05
7.543854844e-05
7.145390411e-05
6.7627592e-05
7.291118215e-05
7.214802287e-05
7.129774435e-05
7.34967035e-05
6.972107189e-05
7.762797314e-05
7.386354252e-05
6.748588631e-05
7.501510128e-05
6.875710415e-05
7.608572458e-05
7.532645349e-05
6.910637188e-05
7.368895551e-05
7.2802876e-05
7.20952432e-05
7.377117496e-05
6.802550285e-05
7.218436314e-05
7.396892097e-05
7.064202267e-05
7.239938869e-05
6.675927817e-05
7.08746052e-05
7.23563664e-05
7.402005989e-05
7.313135084e-05
7.47517822e-05
6.266587208e-05
6.656080769e-05
7.234203983e-05
6.520681649e-05
7.164725896e-05
6.138345537e-05
7.665156754e-05
6.126352791e-05
7.135053086e-05
7.124845435e-05
7.10758971e-05
8.107292775e-05
8.082241661e-05
7.054757184e-05
6.526400771e-05
6.507214241e-05
6.478936888e-05
6.953264841e-05
6.424767803e-05
6.399377745e-05
6.853829256e-05
6.335939795e-05
6.782302407e-05
6.266720337e-05
6.704867991e-05
7.621136423e-05
8.514018665e-05
6.582981921e-05
7.000976004e-05
6.956523254e-05
6.902214289e-05
5.941310205e-05
6.345992038e-05
7.200270742e-05
6.246525872e-05
7.52732483e-05
7.460770214e-05
6.965760487e-05
7.333540897e-05
7.700037038e-05
6.780179912e-05
7.561368188e-05
7.488536774e-05
7.008754109e-05
7.347965517e-05
7.279560425e-05
6.806131556e-05
5.947866467e-05
6.27963179e-05
6.606508861e-05
7.307272495e-05
6.091591636e-05
7.157901237e-05
6.711561911e-05
7.378106028e-05
7.666364001e-05
6.861518215e-05
6.789509786e-05
6.715293512e-05
7.693516741e-05
7.262464463e-05
7.18549494e-05
6.766613079e-05
7.364229058e-05
6.618891488e-05
7.858300384e-05
7.444706264e-05
7.04548946e-05
6.647625656e-05
6.890530012e-05
7.429522236e-05
7.044998416e-05
7.265227354e-05
7.189185278e-05
7.104505659e-05
7.03067816e-05
6.947436415e-05
7.448833982e-05
7.360249743e-05
7.565327573e-05
7.475021545e-05
7.399542019e-05
7.581719212e-05
7.774128217e-05
7.151106176e-05
7.34288579e-05
6.995497775e-05
7.184070804e-05
7.097577786e-05
7.782744381e-05
6.696854036e-05
7.862119384e-05
7.281926175e-05
7.935736436e-05
7.127416526e-05
6.591504956e-05
7.209927132e-05
6.684233192e-05
7.514809519e-05
7.6742713e-05
7.136235997e-05
7.958778649e-05
6.771422045e-05
7.147065501e-05
6.625938759e-05
7.132321328e-05
8.142982713e-05
6.101492577e-05
7.106128102e-05
8.616533937e-05
7.078823389e-05
7.065179827e-05
6.540299465e-05
8.03003044e-05
6.500109082e-05
6.979553006e-05
7.942047581e-05
7.420022095e-05
8.367986843e-05
7.35436064e-05
8.289315208e-05
6.796130114e-05
8.202941174e-05
7.202137905e-05
8.109428716e-05
6.642151081e-05
6.124809918e-05
7.025464181e-05
7.903361141e-05
6.929308798e-05
6.416962629e-05
6.828678012e-05
6.772920952e-05
6.275848142e-05
7.555824042e-05
6.61618652e-05
9.180909505e-05
6.939090739e-05
7.305580029e-05
7.670720346e-05
8.020937429e-05
7.114254637e-05
8.289226218e-05
8.625275427e-05
7.320416084e-05
7.252303181e-05
7.179621195e-05
7.900954535e-05
7.429406766e-05
6.969213908e-05
6.897139559e-05
7.207105377e-05
8.25767433e-05
8.54443515e-05
6.616040502e-05
6.547186324e-05
6.476751726e-05
7.120887753e-05
7.39529974e-05
7.317246675e-05
6.891699579e-05
6.477741015e-05
6.068083385e-05
6.670726451e-05
5.276166923e-05
7.503937474e-05
7.418155651e-05
6.701264027e-05
6.93941564e-05
7.178127655e-05
7.403173143e-05
7.020017905e-05
6.937873065e-05
7.163749537e-05
7.079415362e-05
7.005849397e-05
6.922939621e-05
6.851601427e-05
6.770149937e-05
6.701050634e-05
7.724597867e-05
6.827316087e-05
7.015408074e-05
6.945390569e-05
6.598110679e-05
7.578382532e-05
6.970892535e-05
7.670138983e-05
7.325191313e-05
8.005520003e-05
6.920420214e-05
7.099940529e-05
7.256239407e-05
6.46996833e-05
7.102232485e-05
7.271949608e-05
7.647909336e-05
7.119916699e-05
6.807399223e-05
7.422125589e-05
7.555267598e-05
7.049300709e-05
7.400210248e-05
7.337369458e-05
6.091510486e-05
6.596083717e-05
7.09630819e-05
8.102444411e-05
7.582967883e-05
6.057707945e-05
7.050288979e-05
7.036709788e-05
7.015067177e-05
6.498166181e-05
7.470032741e-05
7.944643586e-05
7.415883052e-05
7.88304714e-05
7.35407863e-05
8.790071093e-05
7.285047495e-05
7.736178607e-05
9.131722169e-05
7.173671472e-05
7.12719323e-05
7.561160123e-05
7.508672182e-05
6.531420604e-05
7.409435598e-05
7.822613968e-05
7.761779232e-05
6.802204958e-05
7.196552812e-05
6.698193728e-05
8.41231211e-05
7.908974372e-05
6.968261624e-05
6.912624431e-05
8.134047043e-05
6.792556484e-05
5.467281239e-05
7.921235298e-05
7.432282508e-05
7.36536229e-05
7.29307246e-05
6.021041081e-05
8.3451081e-05
7.084475647e-05
7.791531746e-05
6.557742507e-05
7.635319628e-05
7.558569969e-05
7.105546594e-05
7.402796048e-05
6.958182244e-05
6.885787812e-05
7.528837176e-05
6.385599969e-05
5.965078815e-05
5.902135616e-05
6.86694545e-05
7.473617788e-05
7.054100073e-05
7.311558167e-05
7.557448897e-05
7.477195714e-05
7.391793744e-05
7.313406884e-05
7.22913785e-05
7.463687803e-05
7.069634858e-05
7.299353658e-05
6.913410318e-05
7.138493149e-05
7.054501659e-05
7.272078523e-05
6.898614971e-05
7.396487027e-05
7.308590383e-05
6.677531902e-05
6.872779303e-05
7.347643373e-05
6.990821853e-05
7.453433036e-05
8.152987514e-05
7.551820859e-05
6.689183489e-05
6.624149237e-05
7.802915273e-05
7.229552973e-05
7.388706996e-05
7.5629435e-05
7.712782102e-05
7.402366525e-05
7.313133315e-05
7.246343198e-05
7.620926699e-05
7.323661536e-05
7.23554658e-05
7.84411586e-05
7.0856243e-05
6.585290591e-05
7.5907672e-05
7.096244778e-05
6.572549924e-05
8.085554988e-05
7.572576876e-05
7.565465699e-05
7.048976035e-05
6.536133551e-05
9.028264741e-05
7.509073152e-05
7.486030663e-05
8.463571284e-05
6.944168133e-05
7.418353786e-05
7.878756128e-05
6.870199049e-05
6.348223511e-05
6.809591048e-05
8.707467899e-05
6.742395719e-05
8.138291111e-05
6.669067235e-05
7.572511308e-05
6.59008401e-05
7.479347625e-05
6.970651774e-05
6.458059331e-05
7.79224888e-05
7.276956543e-05
6.775936369e-05
6.720816764e-05
7.562125473e-05
7.939068505e-05
6.565631323e-05
6.507888647e-05
7.747154153e-05
6.823805266e-05
8.035682259e-05
7.122619011e-05
8.30681075e-05
6.581752113e-05
6.522523211e-05
6.862269438e-05
5.998663755e-05
6.730560509e-05
8.234668481e-05
6.986563268e-05
7.686621549e-05
7.607357179e-05
6.777825346e-05
7.45226887e-05
6.269469227e-05
7.662734771e-05
7.583032403e-05
7.144439632e-05
6.716044327e-05
7.342145515e-05
7.956564767e-05
7.526605363e-05
6.769896324e-05
6.359526328e-05
7.616663535e-05
7.530599977e-05
7.450643876e-05
7.045374253e-05
7.604367345e-05
7.516814189e-05
6.817564188e-05
7.044738711e-05
6.970584604e-05
7.188646408e-05
7.113414221e-05
7.029762692e-05
7.246577371e-05
7.447332381e-05
7.087104313e-05
7.002915085e-05
7.208692487e-05
8.218518264e-05
7.05078217e-05
7.234346106e-05
6.896869437e-05
7.600355559e-05
7.265946636e-05
7.691330769e-05
6.854892424e-05
7.273991019e-05
7.204281366e-05
7.117431483e-05
7.293369558e-05
7.925946291e-05
6.900534916e-05
7.287474389e-05
6.987983699e-05
7.594133787e-05
7.069854151e-05
7.210048311e-05
7.369820699e-05
7.501873381e-05
7.655698514e-05
6.699421502e-05
7.071104484e-05
7.55328098e-05
6.543156341e-05
6.536583641e-05
9.042161913e-05
6.017780023e-05
6.509961453e-05
7.493469392e-05
6.481848795e-05
7.456158246e-05
7.438069516e-05
6.916527515e-05
6.40366213e-05
6.866551287e-05
7.331731862e-05
7.295898983e-05
7.267151375e-05
7.227626198e-05
7.675252468e-05
6.198971026e-05
7.117408393e-05
7.54291632e-05
7.971002974e-05
6.518969824e-05
9.258086743e-05
7.352065838e-05
6.392332978e-05
6.795868795e-05
7.199861213e-05
7.587739367e-05
7.976316597e-05
7.469432216e-05
6.976685169e-05
8.644293947e-05
7.717829514e-05
8.497602641e-05
6.741417395e-05
6.261104209e-05
6.620570932e-05
7.78669306e-05
6.904379882e-05
7.641159784e-05
6.77331243e-05
8.283563296e-05
8.204340426e-05
6.574218599e-05
7.275536801e-05
6.063679035e-05
6.377945873e-05
6.311430968e-05
7.349091762e-05
6.544327357e-05
7.555656326e-05
7.118744312e-05
6.339702195e-05
7.315853914e-05
7.5833928e-05
7.499763557e-05
7.420344673e-05
6.670456122e-05
6.929651931e-05
7.50394115e-05
7.747074724e-05
7.65874232e-05
6.630351146e-05
7.17826895e-05
7.411183027e-05
7.325235438e-05
7.248133681e-05
7.163476935e-05
7.088510892e-05
7.588963016e-05
7.510104623e-05
6.850474901e-05
6.779880625e-05
6.978510704e-05
6.907277343e-05
7.370911836e-05
7.026228123e-05
7.209169065e-05
7.401543925e-05
7.051569656e-05
7.240657303e-05
6.387133796e-05
6.578026931e-05
7.24865834e-05
7.426743954e-05
6.848047282e-05
7.267940107e-05
7.898280532e-05
7.587801074e-05
7.261994887e-05
7.195667596e-05
6.650252413e-05
7.272346795e-05
6.735683554e-05
6.676312486e-05
6.815859025e-05
7.410784824e-05
7.106454596e-05
7.68670003e-05
7.021554161e-05
9.023552168e-05
6.510477529e-05
7.004709958e-05
6.493254801e-05
7.980305373e-05
7.463624473e-05
6.952659911e-05
6.931421736e-05
6.42071621e-05
5.904948056e-05
8.340836873e-05
6.839407277e-05
7.302766854e-05
5.813722402e-05
7.721108724e-05
7.679203911e-05
7.167326113e-05
7.5996726e-05
7.089606514e-05
7.513551759e-05
6.538826886e-05
7.421380335e-05
7.37780057e-05
7.323712825e-05
6.367710971e-05
7.221111991e-05
7.172270067e-05
8.448043635e-05
7.504470944e-05
7.003362156e-05
7.819011439e-05
7.750486292e-05
6.407271698e-05
7.619121184e-05
5.876618584e-05
7.069416639e-05
7.420363686e-05
6.532860573e-05
8.497304433e-05
6.811572873e-05
6.35136471e-05
7.467117674e-05
6.227988531e-05
7.706109678e-05
6.86745327e-05
6.041633797e-05
6.354781743e-05
7.768270318e-05
7.688657303e-05
6.883032052e-05
7.886976117e-05
6.383909843e-05
6.667944283e-05
7.289749937e-05
6.869411502e-05
7.133425587e-05
7.73008245e-05
6.979184502e-05
7.891581294e-05
7.477470406e-05
7.076445325e-05
6.995828162e-05
7.23628832e-05
7.464106455e-05
7.385206685e-05
6.995468777e-05
6.92184263e-05
7.138483097e-05
7.063781321e-05
6.980801666e-05
7.483952199e-05
7.111099937e-05
7.319331716e-05
7.788788925e-05
7.433950401e-05
7.073286484e-05
7.540447922e-05
7.450246907e-05
7.639293265e-05
7.027116979e-05
7.2155434e-05
6.874178441e-05
7.059452396e-05
6.974415239e-05
7.647662061e-05
7.555428708e-05
6.51841863e-05
6.916769997e-05
7.561403748e-05
7.003251227e-05
7.63321367e-05
6.169998431e-05
6.794023259e-05
7.830798434e-05
6.874717679e-05
7.230133601e-05
7.384789044e-05
7.510622676e-05
6.808586215e-05
7.493146839e-05
7.989011186e-05
7.482206671e-05
6.976850698e-05
6.964951088e-05
6.955028825e-05
6.442814165e-05
7.41973683e-05
6.90398144e-05
7.379201768e-05
5.881629591e-05
7.3305141e-05
6.325871525e-05
7.274029807e-05
8.686359183e-05
6.729475105e-05
8.605323624e-05
8.567188285e-05
6.623815408e-05
6.120418189e-05
7.01663901e-05
6.048246444e-05
6.930686567e-05
8.727356487e-05
8.207524863e-05
7.249460473e-05
6.743915537e-05
7.144889583e-05
7.087089578e-05
7.036209037e-05
7.848981429e-05
6.491230734e-05
7.721329073e-05
6.808747762e-05
8.012315736e-05
7.109232733e-05
7.04311239e-05
6.571370231e-05
5.288307523e-05
7.256488137e-05
7.984122889e-05
7.910025015e-05
6.26508162e-05
8.144349601e-05
5.37463526e-05
6.842475751e-05
6.772216809e-05
7.076701177e-05
5.897348874e-05
8.025777175e-05
8.302202777e-05
8.215920812e-05
7.774694618e-05
6.644151706e-05
7.263831583e-05
6.502754018e-05
7.785134325e-05
7.032924495e-05
6.954565004e-05
6.880788221e-05
7.127221162e-05
7.051581447e-05
7.605071479e-05
7.210942289e-05
6.818193074e-05
7.359411801e-05
7.274182277e-05
7.197627521e-05
7.113663063e-05
7.039223699e-05
7.246433353e-05
6.884290415e-05
6.80300204e-05
7.013432446e-05
7.484625385e-05
7.682599163e-05
7.04882819e-05
8.051110996e-05
7.159337079e-05
6.825345706e-05
6.743469108e-05
6.933795854e-05
7.104136961e-05
7.035045727e-05
6.950293886e-05
7.129515617e-05
6.314874245e-05
6.97702252e-05
6.655111619e-05
7.535189454e-05
7.444197866e-05
7.376202165e-05
7.059426721e-05
6.770387011e-05
7.134620503e-05
7.071739305e-05
6.986524478e-05
7.142534563e-05
7.484282595e-05
7.632808535e-05
7.960999899e-05
7.460006461e-05
8.446235448e-05
8.438329058e-05
6.937386162e-05
7.917154232e-05
6.910999384e-05
7.883123803e-05
6.385560582e-05
6.370100484e-05
7.323118212e-05
5.841355722e-05
7.755152024e-05
6.279448966e-05
8.171713326e-05
7.660785232e-05
6.666960222e-05
8.533846785e-05
7.069412396e-05
6.096696059e-05
6.989534283e-05
6.951815309e-05
6.904035623e-05
6.405983177e-05
7.267657832e-05
8.575828655e-05
7.614000409e-05
6.228002686e-05
7.501507239e-05
7.009589547e-05
5.647348072e-05
7.760164604e-05
7.265035387e-05
7.207218606e-05
7.562321143e-05
6.249502901e-05
6.604238272e-05
6.547043091e-05
7.700569426e-05
7.631424601e-05
7.557104571e-05
5.516740508e-05
7.802790052e-05
7.341855128e-05
6.502665462e-05
7.575199182e-05
7.497525924e-05
7.051184579e-05
7.712471598e-05
7.633479646e-05
6.833827302e-05
7.830639537e-05
7.394893262e-05
7.665874897e-05
7.582768158e-05
7.502846762e-05
7.420374674e-05
6.006963238e-05
7.590129882e-05
7.509624721e-05
6.77942567e-05
7.346295848e-05
7.57851716e-05
7.498198116e-05
7.10329388e-05
6.722646775e-05
6.94688323e-05
7.172637476e-05
7.089015027e-05
7.014836236e-05
7.51022776e-05
7.432189994e-05
7.344470783e-05
8.107488649e-05
6.906307561e-05
6.835804013e-05
7.024538458e-05
6.953581473e-05
7.39892589e-05
7.325050908e-05
6.978716886e-05
6.909911967e-05
6.573975604e-05
6.760421267e-05
7.173708051e-05
7.349935203e-05
7.503298035e-05
6.713191058e-05
7.105845515e-05
7.509156293e-05
6.954788038e-05
7.35067804e-05
7.261885996e-05
7.196708962e-05
7.554191598e-05
7.047167793e-05
7.179749303e-05
7.333340805e-05
7.031947956e-05
6.761017931e-05
7.433962631e-05
7.430549419e-05
7.423148707e-05
7.910619138e-05
7.897186928e-05
6.407335991e-05
7.375499269e-05
7.361350927e-05
7.339015194e-05
7.321258508e-05
6.808130975e-05
6.303354133e-05
6.276444371e-05
7.21722891e-05
9.097527181e-05
7.154039608e-05
6.64109325e-05
6.611705173e-05
7.042092513e-05
7.007488971e-05
8.355165788e-05
8.310110123e-05
8.253106629e-05
7.29311046e-05
7.239950889e-05
5.845329302e-05
6.246567227e-05
6.64757908e-05
6.154397619e-05
7.419618882e-05
6.058928306e-05
8.160576113e-05
7.237908529e-05
6.75797142e-05
6.27853127e-05
8.301768765e-05
8.224808e-05
7.33825733e-05
8.076087739e-05
6.803068719e-05
7.133206371e-05
7.459687002e-05
6.996992095e-05
6.160175027e-05
7.241413322e-05
5.283492549e-05
7.470561856e-05
7.395632979e-05
7.684871761e-05
6.881788005e-05
7.526275989e-05
6.384086167e-05
7.368674363e-05
7.638715324e-05
7.555998349e-05
6.796706335e-05
7.058180085e-05
7.316044853e-05
7.234693125e-05
5.856521829e-05
7.720869882e-05
7.002374204e-05
6.922801996e-05
7.472117414e-05
7.078649025e-05
7.003843907e-05
7.223835821e-05
7.44564621e-05
7.064537206e-05
6.990617171e-05
7.196485076e-05
6.836839821e-05
7.037690219e-05
6.686556421e-05
6.882570727e-05
7.35729171e-05
7.269662305e-05
7.729279216e-05
7.373529615e-05
7.821325049e-05
7.985101707e-05
6.886192054e-05
7.307340369e-05
7.236261457e-05
6.902548291e-05
6.592215714e-05
7.718711264e-05
7.167971186e-05
8.025568397e-05
7.015595997e-05
7.392860911e-05
7.554246511e-05
7.010646515e-05
7.620085082e-05
7.306618675e-05
7.242227893e-05
7.588445001e-05
6.663071229e-05
6.795111157e-05
6.948028491e-05
6.417423779e-05
6.907902487e-05
7.393967964e-05
6.894586869e-05
6.391269603e-05
7.854994722e-05
5.877267873e-05
5.866000963e-05
7.310302314e-05
5.834101425e-05
7.265957832e-05
6.761748248e-05
7.213868441e-05
7.668437147e-05
6.677439188e-05
7.12630971e-05
8.033017556e-05
8.467936317e-05
7.482648505e-05
6.049799223e-05
7.398344782e-05
6.898572899e-05
6.394587673e-05
6.81122892e-05
6.761676001e-05
6.719026011e-05
6.667458167e-05
7.063988242e-05
7.007152804e-05
6.956950273e-05
6.467429921e-05
6.84639727e-05
7.635158995e-05
7.574474467e-05
8.340401907e-05
6.20332151e-05
6.145906914e-05
6.905108017e-05
6.034898149e-05
7.176921658e-05
5.92270078e-05
7.041379884e-05
6.197029277e-05
6.521516106e-05
8.354593753e-05
6.768621571e-05
6.699411936e-05
6.632241596e-05
7.292827387e-05
7.579088311e-05
6.785321059e-05
7.068274611e-05
8.041939845e-05
6.919770472e-05
7.871663111e-05
7.450093286e-05
7.368375956e-05
7.621809447e-05
6.554035959e-05
7.132998423e-05
6.732261257e-05
7.295210276e-05
7.212379267e-05
7.135958451e-05
7.054174588e-05
6.676172332e-05
7.198923037e-05
7.123174387e-05
7.040227843e-05
6.966564766e-05
6.884897533e-05
6.813358975e-05
7.29409821e-05
7.218927548e-05
7.133356361e-05
6.517412395e-05
7.24478306e-05
7.437208409e-05
7.348307086e-05
7.274927926e-05
6.930978956e-05
7.116806078e-05
7.282341708e-05
7.460172751e-05
7.124596382e-05
6.569645362e-05
6.490348673e-05
6.905293614e-05
6.821853748e-05
6.991524298e-05
6.676757947e-05
6.615766448e-05
7.437250817e-05
7.370500315e-05
6.84010595e-05
7.217237662e-05
7.346124862e-05
7.068410214e-05
7.194749054e-05
7.343557493e-05
6.883992287e-05
6.389350727e-05
6.874014694e-05
6.377052503e-05
6.855985136e-05
7.335262085e-05
7.805755987e-05
6.816951612e-05
6.796359013e-05
7.264218126e-05
5.790168772e-05
6.735474746e-05
8.144024741e-05
6.206467129e-05
7.126755249e-05
7.09879395e-05
8.002090439e-05
7.498099026e-05
7.453953447e-05
6.026620322e-05
7.370092959e-05
7.33040678e-05
7.735338359e-05
6.785364715e-05
8.083311727e-05
8.03236159e-05
7.528003668e-05
7.037426727e-05
6.980906434e-05
6.930926002e-05
7.30244279e-05
5.968306277e-05
7.184258041e-05
7.965686828e-05
6.232242853e-05
6.18048582e-05
6.12337427e-05
6.475130506e-05
7.215470591e-05
7.548051715e-05
7.081463847e-05
7.405644777e-05
6.174672508e-05
6.880253111e-05
8.324609907e-05
8.243102423e-05
7.046350835e-05
7.342870564e-05
7.630260486e-05
7.911810007e-05
6.049606798e-05
7.747627713e-05
8.013627581e-05
7.58496946e-05
7.844068241e-05
7.086539499e-05
7.342648931e-05
7.264986792e-05
6.531237885e-05
7.431299337e-05
7.028396875e-05
7.269933e-05
7.187457153e-05
7.420496544e-05
7.33551528e-05
6.955592299e-05
7.174181495e-05
7.098697789e-05
7.016085206e-05
7.521233749e-05
6.861331827e-05
6.790038865e-05
6.989586683e-05
6.917553312e-05
7.382429873e-05
6.765794681e-05
8.022303916e-05
7.147130216e-05
8.107891153e-05
6.991189833e-05
7.419009926e-05
7.345847623e-05
7.00725442e-05
7.930381322e-05
7.100291854e-05
6.547229036e-05
6.468187101e-05
6.407109872e-05
7.032962405e-05
6.967617223e-05
7.112782571e-05
7.502503223e-05
7.187133749e-05
6.677464044e-05
7.036471257e-05
6.974467202e-05
7.1054759e-05
7.257498653e-05
7.169865822e-05
6.272717664e-05
8.32650795e-05
6.36441671e-05
7.825375332e-05
7.81807275e-05
6.341469003e-05
7.306690937e-05
6.317506711e-05
6.305411553e-05
7.73711502e-05
8.683235935e-05
5.767746295e-05
7.188647818e-05
7.158155893e-05
7.6092497e-05
6.626035894e-05
6.128624544e-05
6.564682804e-05
6.535694786e-05
7.425477634e-05
7.389068747e-05
7.342056084e-05
7.758958478e-05
8.159340532e-05
7.66098902e-05
8.500223886e-05
8.002121392e-05
7.940930988e-05
6.134681187e-05
7.389534447e-05
6.905095706e-05
6.41941274e-05
7.220361699e-05
7.999815833e-05
7.100911892e-05
7.45122438e-05
6.97885999e-05
7.727941243e-05
7.661167441e-05
7.189255289e-05
6.729015251e-05
7.055873063e-05
7.767280252e-05
8.459655148e-05
7.236414091e-05
6.409649485e-05
7.093612886e-05
7.021279866e-05
6.585093601e-05
6.879126323e-05
7.525466608e-05
7.446708927e-05
7.72034684e-05
7.29112145e-05
7.55837915e-05
7.476811118e-05
7.061800261e-05
6.984505438e-05
6.910645712e-05
6.834027759e-05
7.083572147e-05
7.640855492e-05
6.929837666e-05
7.474128711e-05
7.394952654e-05
7.310326906e-05
7.233093865e-05
7.149609436e-05
7.074388828e-05
7.574783217e-05
7.783822238e-05
7.407754134e-05
7.330784333e-05
7.801674351e-05
7.169751411e-05
6.812329231e-05
7.012486855e-05
6.929030784e-05
7.386641567e-05
7.29837618e-05
7.483539313e-05
7.138848568e-05
7.068443871e-05
7.482262787e-05
7.656447319e-05
7.564163108e-05
6.76663054e-05
7.401165447e-05
7.331273515e-05
5.840832621e-05
7.40679796e-05
6.859846411e-05
7.703469106e-05
6.938727245e-05
7.76373557e-05
7.231490517e-05
7.819386595e-05
7.29563594e-05
7.019842835e-05
7.145154116e-05
6.667847903e-05
6.830465017e-05
7.802678823e-05
7.794971969e-05
8.27443474e-05
6.802770808e-05
7.763564264e-05
7.745265065e-05
7.247293042e-05
6.262096582e-05
5.766447747e-05
7.181871014e-05
7.160930944e-05
7.130621078e-05
6.63249762e-05
7.072103451e-05
6.574768667e-05
6.539601898e-05
7.440851293e-05
7.39721856e-05
8.281095657e-05
6.399952749e-05
8.184265272e-05
6.322210882e-05
6.734221146e-05
6.685503714e-05
7.086318254e-05
7.911257992e-05
5.67523001e-05
7.362061614e-05
7.309423302e-05
7.248426609e-05
7.19369282e-05
6.711903117e-05
7.074823423e-05
7.836400486e-05
7.362378155e-05
7.294561249e-05
7.633321315e-05
7.16322979e-05
7.493474522e-05
6.639885096e-05
7.352379946e-05
6.896744369e-05
7.21052536e-05
7.889588575e-05
6.324325508e-05
6.99638667e-05
7.290855658e-05
7.576419907e-05
7.498939282e-05
7.420559116e-05
8.042950933e-05
8.303579399e-05
7.189612139e-05
6.434767075e-05
7.037233152e-05
6.960287829e-05
7.542574472e-05
6.810419977e-05
7.37998385e-05
7.614551302e-05
7.219900335e-05
7.448479392e-05
7.062518021e-05
7.285310921e-05
7.208348851e-05
7.125205125e-05
7.050245787e-05
6.968293293e-05
7.182698418e-05
7.098626136e-05
7.024869058e-05
6.94213627e-05
7.145413734e-05
7.332371559e-05
7.257506108e-05
6.905558288e-05
7.887444785e-05
7.793211772e-05
7.458195706e-05
6.352392769e-05
6.289739657e-05
6.711233172e-05
6.645932072e-05
7.781712436e-05
6.984544949e-05
6.424314907e-05
6.363643547e-05
6.519518722e-05
7.381642915e-05
6.83651465e-05
7.225662012e-05
7.138148072e-05
6.853017646e-05
7.6435651e-05
7.14329115e-05
7.484493513e-05
7.419796969e-05
6.911182397e-05
6.852610097e-05
7.290013209e-05
7.7724652e-05
7.279503693e-05
7.272720796e-05
7.744539683e-05
6.766863783e-05
7.715369829e-05
8.181905858e-05
7.197662878e-05
6.701617834e-05
7.154272907e-05
7.133426983e-05
7.576850437e-05
6.607097797e-05
7.9844361e-05
8.421008379e-05
6.980048475e-05
7.875838618e-05
6.908600402e-05
6.874773679e-05
6.831203849e-05
6.341531278e-05
7.648115432e-05
8.050724869e-05
7.992591485e-05
6.618599149e-05
7.443927822e-05
5.654128442e-05
7.334792303e-05
7.710759485e-05
7.64652397e-05
7.167220223e-05
6.269344599e-05
7.878211352e-05
7.39689115e-05
7.33557178e-05
6.056756887e-05
8.005975663e-05
7.137392037e-05
7.073508155e-05
7.394422523e-05
6.554872374e-05
6.108559708e-05
6.806672721e-05
6.738493029e-05
7.043293827e-05
6.604739397e-05
7.628379753e-05
7.549783548e-05
7.828436332e-05
7.394592317e-05
7.666357428e-05
7.240320099e-05
7.505753936e-05
7.424935329e-05
6.678891792e-05
7.266534608e-05
6.862916544e-05
6.140596191e-05
7.354590954e-05
7.272243116e-05
7.507973598e-05
7.113713619e-05
7.344388851e-05
7.260465562e-05
7.183772569e-05
7.100966849e-05
7.026266973e-05
6.944640668e-05
7.158320629e-05
7.074575836e-05
6.721026613e-05
7.47214399e-05
7.395134601e-05
6.7662927e-05
6.697204822e-05
7.41164769e-05
6.812703585e-05
7.766913475e-05
6.664089745e-05
6.584197591e-05
7.020734516e-05
7.431759725e-05
6.623497998e-05
7.755435174e-05
7.200987333e-05
6.876867995e-05
7.986386928e-05
6.497455261e-05
6.89686702e-05
6.813341062e-05
6.976130885e-05
7.113904788e-05
7.490685829e-05
6.964613382e-05
7.3347045e-05
7.245836288e-05
7.183209177e-05
7.304951122e-05
7.243052299e-05
7.746015702e-05
7.258579371e-05
6.768009956e-05
7.244687553e-05
6.750376187e-05
8.1852705e-05
7.685704485e-05
6.232702088e-05
7.648046194e-05
7.152762883e-05
8.077137572e-05
7.579875722e-05
8.491418514e-05
7.0520269e-05
7.486169039e-05
6.990823443e-05
8.344299431e-05
7.846000549e-05
6.88250701e-05
7.76200913e-05
7.712911573e-05
6.317703321e-05
6.274863086e-05
7.129432301e-05
7.078046432e-05
7.912751716e-05
6.543810285e-05
7.366470352e-05
8.597322657e-05
8.10913733e-05
7.618450951e-05
7.140941748e-05
8.74502789e-05
7.43634781e-05
6.96057501e-05
6.902906573e-05
6.839521642e-05
8.37594058e-05
5.53135334e-05
8.61436738e-05
6.592409752e-05
7.299875854e-05
6.84769005e-05
6.782494415e-05
6.714651476e-05
7.757180116e-05
6.581487872e-05
6.515615238e-05
6.80682584e-05
7.801034221e-05
7.017911062e-05
6.250618556e-05
6.871603783e-05
7.139728124e-05
6.726605859e-05
7.986980783e-05
7.899831958e-05
7.490660092e-05
7.085770861e-05
6.692035489e-05
7.247379093e-05
6.547025397e-05
7.089467566e-05
7.319365368e-05
6.934297878e-05
7.159363299e-05
7.07689292e-05
7.294219497e-05
7.209529239e-05
7.134107754e-05
6.768660434e-05
6.69833322e-05
7.1711388e-05
7.097230723e-05
7.282987537e-05
7.2086215e-05
6.859087172e-05
7.050922314e-05
6.708686459e-05
7.152571032e-05
7.571603791e-05
6.74722338e-05
7.900547194e-05
7.090193751e-05
7.246251358e-05
6.698297792e-05
7.326372202e-05
7.491274674e-05
7.400617864e-05
6.873601835e-05
7.469356451e-05
7.401114422e-05
6.868268571e-05
7.245762987e-05
6.940985796e-05
7.309824426e-05
7.008802586e-05
7.369335282e-05
6.864029695e-05
7.424593085e-05
8.198513373e-05
7.712734522e-05
7.705163035e-05
7.697994232e-05
6.724480372e-05
6.235318196e-05
6.220716444e-05
8.119248136e-05
7.142634895e-05
7.600460186e-05
7.573022031e-05
8.494857669e-05
7.519224672e-05
7.961922485e-05
7.457791472e-05
6.964342059e-05
5.541853744e-05
7.816387714e-05
8.22793198e-05
6.823084541e-05
8.136010953e-05
6.294053757e-05
6.697986579e-05
6.215006192e-05
7.05176375e-05
6.56950315e-05
7.388912873e-05
7.77100512e-05
6.424284054e-05
7.228901012e-05
8.012282382e-05
8.370417963e-05
7.468462817e-05
7.820953962e-05
7.751308151e-05
6.473369251e-05
6.414021088e-05
5.961303461e-05
7.873635232e-05
7.022910987e-05
7.728147954e-05
6.125392851e-05
6.444344553e-05
7.509430301e-05
8.177862044e-05
7.361772235e-05
8.015821592e-05
7.935620544e-05
7.497068778e-05
7.773823274e-05
8.042552517e-05
6.921016257e-05
7.532613285e-05
6.776233146e-05
6.368259736e-05
7.627836995e-05
6.560602165e-05
6.491278236e-05
7.061544512e-05
7.621905192e-05
7.222684513e-05
7.456830664e-05
7.065386231e-05
7.294511823e-05
7.211279787e-05
7.135119345e-05
7.052981672e-05
6.97879537e-05
6.897813879e-05
6.825655801e-05
7.308039277e-05
7.788424652e-05
6.597270196e-05
7.88954155e-05
7.258544142e-05
6.386155842e-05
7.887790816e-05
7.287543084e-05
6.686199671e-05
6.87399933e-05
7.797768683e-05
8.218962186e-05
7.381933853e-05
6.822750848e-05
6.499751747e-05
6.914248225e-05
7.066234758e-05
7.232803711e-05
7.375740951e-05
7.535542391e-05
7.444208223e-05
6.9291519e-05
7.507528219e-05
7.221320462e-05
7.78220773e-05
6.856576539e-05
7.196711887e-05
6.714844303e-05
7.255281307e-05
7.193824339e-05
7.206288729e-05
6.242609859e-05
8.155415144e-05
6.230695852e-05
6.220298018e-05
6.689302663e-05
6.196980521e-05
6.660934643e-05
7.589797579e-05
7.098308044e-05
6.601220931e-05
7.522312872e-05
7.490739249e-05
6.998627488e-05
7.429628233e-05
8.788210021e-05
6.441165901e-05
7.786997571e-05
7.286300921e-05
6.797530356e-05
7.205011672e-05
6.718479206e-05
7.562837606e-05
6.634212577e-05
6.147466093e-05
7.417924253e-05
7.361709221e-05
7.312294822e-05
6.827466469e-05
7.626126761e-05
7.142756644e-05
7.505956257e-05
7.854795512e-05
6.152081241e-05
7.723353218e-05
6.853182821e-05
6.790449843e-05
7.919928474e-05
5.884154308e-05
6.609111608e-05
6.545608488e-05
6.485156707e-05
6.799328619e-05
6.734649478e-05
7.03788599e-05
8.436326979e-05
7.624717942e-05
7.548456005e-05
6.759463962e-05
7.042546815e-05
7.317770981e-05
7.241921061e-05
8.189064799e-05
6.752887204e-05
7.01443667e-05
6.940650573e-05
7.518890382e-05
7.439455464e-05
7.357368862e-05
7.595947839e-05
7.198157648e-05
7.121872942e-05
7.041467939e-05
6.966917055e-05
7.186935961e-05
7.111039033e-05
7.029231461e-05
7.245103446e-05
7.161079685e-05
7.369616904e-05
7.283528609e-05
6.930628222e-05
6.849142322e-05
7.32083522e-05
7.502199988e-05
7.425590701e-05
7.599380101e-05
8.300780047e-05
8.201677693e-05
7.104773008e-05
7.270320543e-05
6.453911247e-05
6.866785914e-05
7.04280618e-05
7.437730711e-05
7.366379683e-05
7.042591191e-05
6.976062762e-05
6.891591303e-05
7.28270847e-05
7.644053881e-05
7.574211682e-05
7.262220303e-05
7.415134479e-05
7.109652336e-05
7.260567241e-05
7.172398628e-05
7.110425181e-05
7.024107442e-05
7.169460446e-05
7.1788063e-05
6.21880585e-05
6.212725465e-05
6.684411698e-05
6.673280252e-05
7.139831317e-05
7.598061593e-05
8.057542796e-05
6.61587914e-05
6.128538324e-05
7.045969419e-05
7.025491934e-05
6.529660233e-05
7.437045229e-05
6.013862483e-05
6.911976639e-05
7.333735078e-05
7.301484817e-05
6.805396225e-05
6.77216687e-05
8.075491236e-05
6.247281859e-05
7.091607251e-05
6.609672845e-05
7.874752091e-05
7.390614186e-05
6.9032519e-05
8.14262299e-05
6.802546532e-05
6.754068625e-05
7.116818809e-05
7.063249938e-05
6.178752718e-05
6.538545548e-05
8.100630735e-05
6.42690693e-05
7.164187473e-05
8.286238426e-05
7.426760589e-05
6.973032526e-05
6.138782274e-05
7.602642978e-05
7.151814451e-05
7.456643611e-05
7.382364927e-05
6.944767401e-05
8.321790102e-05
6.805786996e-05
6.736029325e-05
7.018151749e-05
7.639780081e-05
7.216948476e-05
6.800773312e-05
7.402671733e-05
6.657557952e-05
7.246294781e-05
7.819058249e-05
7.414114774e-05
6.694786083e-05
7.254743076e-05
7.485701006e-05
7.406379768e-05
7.322828912e-05
7.245307673e-05
7.162755942e-05
7.087120711e-05
7.005640666e-05
6.931960928e-05
7.708066147e-05
7.344939734e-05
6.979982506e-05
6.907461777e-05
7.645435638e-05
6.755925395e-05
6.676061386e-05
7.400832458e-05
7.312890856e-05
6.980449165e-05
7.663471526e-05
7.586906529e-05
7.745848663e-05
6.679821403e-05
6.599494479e-05
6.535256097e-05
6.217312674e-05
7.104997888e-05
7.721015849e-05
6.952794326e-05
8.013343527e-05
6.577913988e-05
7.170343166e-05
7.548878975e-05
6.799226445e-05
7.172926815e-05
6.656334756e-05
6.810528707e-05
7.148249095e-05
7.5033429e-05
7.412176169e-05
7.34941134e-05
6.674763846e-05
5.718630173e-05
6.66522498e-05
8.56161947e-05
6.173116357e-05
7.112759502e-05
8.515451027e-05
6.610503949e-05
7.061652672e-05
6.575031011e-05
6.551443704e-05
6.532415501e-05
6.505109634e-05
7.872168129e-05
7.373935097e-05
5.967943043e-05
9.132929811e-05
7.274235661e-05
6.780075174e-05
7.646590885e-05
7.598591772e-05
7.11332071e-05
5.299083134e-05
7.02433492e-05
6.102314694e-05
7.363504473e-05
6.448145695e-05
6.8319156e-05
7.625033827e-05
7.150133496e-05
7.925312043e-05
7.037726986e-05
7.387814824e-05
6.515041311e-05
6.457300154e-05
7.60466092e-05
6.742077183e-05
6.68404636e-05
7.789944053e-05
7.720397825e-05
7.646431823e-05
7.575879595e-05
6.751645496e-05
7.430527585e-05
8.460101247e-05
6.556324735e-05
7.932339737e-05
6.425226402e-05
7.066059598e-05
7.693317617e-05
7.26743742e-05
6.849664312e-05
7.11636086e-05
6.036007153e-05
7.29834151e-05
6.893346669e-05
7.143124537e-05
7.388946132e-05
7.625290186e-05
6.915846621e-05
6.838748094e-05
7.073850732e-05
6.994113908e-05
7.220953687e-05
7.138738082e-05
7.063362751e-05
6.982207688e-05
7.484510201e-05
6.828745888e-05
7.03887238e-05
8.069804602e-05
6.884449689e-05
6.803573413e-05
6.464112192e-05
7.186188597e-05
6.585927467e-05
7.548919052e-05
6.95727013e-05
7.383438794e-05
7.309667061e-05
7.222073063e-05
7.150811768e-05
6.577591753e-05
7.237290867e-05
6.911666659e-05
7.081399055e-05
7.228968085e-05
7.622648657e-05
6.617531448e-05
6.329950483e-05
7.593095767e-05
7.745000898e-05
6.995117247e-05
7.582243466e-05
7.062058915e-05
7.424086199e-05
7.333798747e-05
6.854989492e-05
7.182030278e-05
7.324687973e-05
6.649501165e-05
7.595985624e-05
6.165727934e-05
7.581548513e-05
7.568975903e-05
6.613499391e-05
7.069439148e-05
7.055972019e-05
6.566060792e-05
7.953917925e-05
6.526835547e-05
7.437589415e-05
6.94365317e-05
7.842698014e-05
7.8055505e-05
8.689830906e-05
8.189051026e-05
7.700138458e-05
5.854282937e-05
7.17013709e-05
6.679887686e-05
7.530028534e-05
7.039473444e-05
6.998542946e-05
6.948556346e-05
7.336592917e-05
7.281286996e-05
6.38162587e-05
6.331170414e-05
7.124257728e-05
6.649886305e-05
7.424881225e-05
7.770279929e-05
7.303168634e-05
8.444967958e-05
5.982287641e-05
5.927777981e-05
7.443925702e-05
6.59807482e-05
6.15454006e-05
7.619575787e-05
7.54930398e-05
7.849396167e-05
6.664134471e-05
7.331033715e-05
7.259506e-05
7.186270481e-05
8.181636273e-05
7.393817241e-05
7.318358406e-05
7.242529404e-05
7.850137065e-05
8.10523042e-05
6.683804699e-05
6.942923593e-05
7.524215286e-05
6.471767127e-05
7.043776149e-05
7.599570951e-05
7.519125864e-05
7.125566439e-05
6.743556378e-05
7.273747759e-05
7.196762876e-05
7.114880755e-05
7.626410507e-05
6.958930948e-05
7.172657191e-05
7.089614137e-05
7.015459505e-05
6.656283013e-05
6.861590421e-05
7.323496837e-05
6.711124047e-05
6.897115894e-05
7.614372552e-05
6.226708136e-05
7.704716133e-05
6.343980807e-05
7.285485535e-05
7.694615469e-05
7.618686219e-05
6.555833929e-05
7.934680133e-05
6.888790848e-05
7.763752115e-05
6.972600387e-05
7.59739204e-05
6.823015842e-05
7.210230685e-05
7.345286213e-05
7.278168003e-05
7.625443652e-05
6.909263001e-05
6.825212468e-05
7.399322931e-05
7.100434636e-05
7.453166145e-05
7.15794086e-05
7.097348986e-05
7.570775992e-05
7.094389296e-05
7.087494008e-05
7.552985461e-05
8.011766623e-05
6.588611976e-05
8.451444389e-05
7.96672354e-05
6.074186779e-05
7.45797172e-05
6.502411561e-05
8.335992129e-05
6.456558145e-05
8.273062296e-05
6.861628791e-05
5.923570089e-05
8.158692002e-05
7.220342992e-05
6.729994174e-05
7.590159433e-05
7.542693348e-05
6.619728239e-05
7.013692933e-05
6.972939686e-05
7.78862791e-05
6.019898996e-05
6.828111665e-05
8.054099621e-05
7.149420526e-05
8.351257141e-05
7.868373204e-05
7.398244029e-05
6.520009083e-05
7.277103188e-05
8.01423283e-05
6.358450681e-05
7.088176405e-05
6.636830149e-05
6.188105119e-05
6.132914904e-05
7.213262353e-05
6.770622747e-05
5.58718876e-05
7.747782551e-05
7.30563487e-05
7.957820038e-05
7.877644542e-05
6.380965954e-05
7.368447209e-05
7.987865687e-05
7.561495902e-05
7.823344318e-05
6.731388143e-05
7.993308273e-05
6.589913182e-05
7.172715732e-05
7.094926302e-05
7.33911803e-05
7.574024628e-05
7.181618408e-05
7.410462927e-05
7.026471804e-05
7.249453082e-05
7.172733606e-05
7.091182357e-05
7.016321507e-05
7.224800925e-05
7.148829332e-05
7.066108216e-05
7.27188994e-05
6.910681071e-05
7.385993051e-05
6.488262583e-05
7.491618913e-05
7.403145743e-05
7.3275385e-05
6.723352301e-05
7.679300908e-05
6.828912335e-05
8.012649352e-05
6.67967126e-05
6.858706547e-05
7.260243973e-05
7.668862094e-05
6.629305067e-05
7.738135438e-05
7.181230854e-05
7.342838535e-05
7.48050559e-05
6.737241508e-05
7.320965138e-05
6.814426825e-05
6.297264472e-05
7.53193679e-05
7.652834681e-05
7.585430719e-05
7.28490667e-05
6.809301205e-05
7.134012499e-05
7.275736918e-05
6.128149096e-05
6.596560822e-05
7.531613676e-05
6.584057218e-05
7.51221023e-05
7.501612764e-05
6.548733761e-05
7.47002702e-05
7.913484351e-05
7.43011274e-05
8.329075312e-05
7.382159471e-05
6.432553166e-05
7.784414808e-05
6.380450596e-05
6.809573235e-05
6.322211191e-05
6.744089071e-05
8.493291455e-05
6.672577858e-05
5.746804023e-05
7.474891415e-05
6.988100564e-05
7.381743266e-05
6.898077297e-05
7.711788332e-05
5.952998721e-05
6.757909908e-05
6.704659738e-05
7.489126598e-05
7.427566887e-05
7.371797276e-05
6.902840531e-05
8.459760328e-05
6.787965382e-05
7.127949215e-05
6.670796741e-05
7.780554489e-05
6.937211986e-05
7.257336406e-05
5.674819287e-05
7.121872794e-05
8.166108806e-05
7.353265713e-05
7.280411409e-05
7.930374109e-05
7.493734333e-05
6.359063613e-05
7.343250684e-05
5.537790764e-05
6.850687712e-05
7.457745409e-05
7.044001977e-05
6.63852962e-05
7.224436302e-05
7.148520317e-05
7.713894848e-05
7.632474937e-05
7.234122419e-05
7.157570006e-05
7.077980267e-05
6.698540434e-05
7.225320156e-05
7.148864265e-05
7.36212636e-05
7.284411534e-05
8.064979968e-05
7.125159263e-05
7.324467957e-05
6.690334008e-05
7.714431638e-05
7.361630238e-05
7.005799571e-05
7.466942534e-05
7.37878954e-05
7.303428725e-05
7.732211996e-05
7.143782617e-05
6.554382207e-05
6.988026917e-05
6.904308251e-05
6.592019332e-05
7.718811588e-05
7.404791462e-05
7.551437809e-05
7.011533865e-05
6.926707635e-05
7.547377607e-05
7.455857263e-05
7.386542961e-05
7.517919882e-05
7.011030898e-05
7.575017188e-05
7.2925463e-05
7.203725949e-05
7.140280453e-05
7.26070428e-05
7.19799891e-05
6.907093768e-05
7.05007521e-05
6.574847615e-05
7.041297585e-05
6.565515268e-05
6.090906402e-05
6.548627311e-05
7.00649451e-05
7.456349144e-05
8.372441943e-05
7.420256372e-05
6.939807297e-05
7.837131016e-05
7.354753175e-05
6.866492168e-05
5.930750534e-05
7.26501671e-05
6.784444741e-05
7.648719597e-05
6.719290313e-05
6.680647596e-05
7.534554802e-05
7.487611342e-05
7.009528987e-05
6.527525892e-05
7.787577464e-05
6.013972836e-05
7.257025698e-05
7.202602912e-05
6.733596353e-05
7.098165803e-05
7.462315127e-05
7.401075798e-05
7.345538929e-05
7.2829551e-05
8.028362794e-05
7.957650868e-05
7.102819857e-05
7.820435712e-05
7.753266272e-05
8.449193187e-05
7.993278975e-05
7.540127773e-05
7.470684187e-05
6.658257886e-05
6.228687437e-05
6.529825369e-05
6.825419095e-05
7.468075796e-05
6.689383955e-05
7.666712838e-05
7.588535197e-05
6.144702303e-05
7.094625181e-05
6.68591261e-05
7.939345583e-05
7.20013273e-05
7.448327933e-05
7.367709331e-05
7.606912141e-05
7.209966969e-05
7.133682124e-05
6.747710613e-05
7.28318955e-05
7.201347371e-05
7.125153262e-05
7.337766706e-05
7.26031531e-05
6.890022685e-05
6.817579605e-05
7.300343341e-05
7.223992009e-05
7.13984919e-05
7.609184196e-05
7.519938484e-05
7.442428182e-05
6.829264997e-05
7.019495763e-05
6.936189225e-05
7.374671172e-05
8.291778368e-05
6.965136602e-05
6.635924094e-05
6.57042829e-05
6.731838439e-05
7.142451064e-05
7.526690246e-05
7.221502509e-05
7.364252865e-05
7.522616518e-05
7.431370836e-05
7.139181288e-05
7.272802989e-05
6.76959351e-05
7.550053232e-05
7.268513456e-05
6.546409423e-05
7.11669979e-05
6.823138618e-05
7.174170509e-05
7.289107746e-05
7.227435803e-05
7.486096242e-05
7.015048608e-05
6.073834219e-05
7.935359015e-05
7.922307785e-05
7.445784045e-05
6.964348725e-05
6.951113624e-05
7.392733177e-05
8.296891364e-05
7.80812937e-05
5.953634065e-05
6.841151516e-05
7.272462568e-05
6.785895014e-05
8.562034629e-05
8.068950665e-05
6.248361711e-05
6.656244685e-05
7.065465305e-05
7.460370927e-05
6.984052599e-05
6.503880069e-05
6.466164089e-05
6.420305988e-05
7.230885433e-05
7.598913282e-05
7.548139262e-05
8.320956523e-05
6.609506617e-05
6.145644169e-05
6.912829928e-05
7.25720363e-05
7.600012005e-05
7.136692599e-05
7.077867062e-05
7.013761338e-05
8.112477239e-05
6.506192071e-05
7.206868308e-05
6.3869102e-05
7.072598213e-05
7.00394177e-05
7.302644277e-05
7.230483423e-05
6.444037893e-05
7.088183209e-05
7.719197356e-05
6.598764311e-05
6.531495322e-05
5.783708931e-05
7.744052287e-05
7.662915157e-05
6.923556977e-05
6.849810668e-05
7.10061591e-05
7.023836296e-05
6.633830003e-05
7.185972297e-05
7.419081557e-05
7.031025462e-05
7.259041641e-05
7.177533137e-05
7.101599025e-05
7.021025013e-05
6.946922857e-05
7.153495342e-05
6.795154816e-05
6.716655806e-05
7.477212688e-05
7.390161619e-05
7.313383617e-05
7.495331834e-05
7.418074267e-05
7.330554779e-05
6.737419032e-05
6.657479677e-05
6.843646267e-05
7.012482096e-05
7.190338464e-05
7.349182994e-05
7.276642469e-05
7.428774877e-05
6.407215401e-05
7.033222836e-05
6.501336749e-05
7.110795554e-05
7.043592073e-05
7.182588818e-05
6.893439291e-05
6.809627932e-05
6.529739373e-05
6.880231566e-05
7.457716098e-05
7.366775846e-05
7.510525797e-05
7.212778756e-05
7.354799333e-05
7.264982848e-05
7.20352494e-05
7.924432117e-05
6.988994609e-05
7.447738087e-05
7.440853496e-05
7.892930477e-05
6.490907629e-05
6.475991671e-05
7.387076469e-05
6.905075067e-05
7.807006425e-05
7.321733249e-05
8.213114879e-05
7.724796843e-05
7.698596342e-05
7.211755273e-05
6.734740049e-05
7.146199109e-05
6.225553534e-05
7.074154029e-05
6.159801491e-05
6.99607341e-05
7.828605823e-05
6.048377944e-05
6.872372948e-05
6.823719079e-05
6.781113234e-05
8.833693065e-05
6.267647199e-05
6.633073645e-05
5.351135118e-05
7.348656502e-05
6.8883806e-05
7.633391049e-05
6.776082699e-05
7.111676037e-05
8.228603805e-05
7.765891472e-05
8.469186084e-05
6.865009252e-05
7.181896567e-05
6.364865034e-05
6.677257008e-05
7.714613922e-05
7.277594029e-05
8.286641654e-05
7.49238057e-05
6.710874432e-05
6.643930069e-05
7.614812362e-05
6.852006449e-05
8.13772255e-05
7.717977584e-05
7.637204507e-05
7.228931059e-05
7.477104356e-05
7.720258548e-05
7.318657663e-05
6.92660542e-05
7.162136803e-05
7.394485077e-05
7.312467034e-05
7.23505333e-05
7.153875888e-05
7.078200006e-05
6.997946711e-05
7.501101886e-05
6.844837025e-05
6.772877066e-05
7.252567746e-05
7.17672093e-05
7.366023188e-05
7.289496681e-05
6.670433655e-05
7.393879219e-05
7.306673109e-05
7.748616469e-05
7.401478202e-05
7.831938058e-05
7.239296236e-05
7.661210384e-05
6.836922012e-05
7.736495114e-05
7.643459372e-05
7.095957204e-05
7.010323657e-05
7.174468247e-05
7.087623164e-05
7.700050651e-05
7.830324453e-05
7.092587856e-05
7.225270383e-05
7.159239579e-05
7.286312403e-05
7.220919865e-05
7.132815268e-05
6.654120138e-05
7.189052469e-05
7.126983886e-05
7.241017116e-05
6.980333662e-05
7.430687676e-05
7.427342318e-05
7.883955241e-05
7.413338805e-05
7.863770237e-05
8.314627689e-05
7.373830968e-05
6.439854892e-05
6.879651383e-05
6.863182032e-05
6.838910541e-05
8.182959514e-05
6.338292067e-05
9.024010746e-05
8.083593381e-05
6.710159819e-05
7.120188363e-05
7.089041443e-05
6.607969814e-05
7.014267131e-05
6.535129779e-05
6.933651385e-05
6.887571908e-05
7.703643252e-05
7.224243473e-05
8.446077431e-05
8.383060261e-05
6.661694183e-05
7.435743875e-05
8.203355902e-05
6.915906305e-05
8.479186809e-05
7.606590018e-05
6.355127024e-05
6.299408219e-05
6.638012449e-05
5.804177758e-05
8.056165045e-05
7.601416128e-05
7.157097282e-05
7.089203472e-05
6.654316535e-05
7.688211016e-05
6.527443548e-05
7.18123557e-05
7.111325282e-05
7.040136881e-05
6.96993051e-05
7.589124744e-05
7.170356978e-05
6.758661466e-05
6.688763377e-05
7.280723817e-05
7.532264233e-05
7.128193321e-05
7.053349273e-05
7.611522723e-05
7.531240915e-05
7.138458909e-05
7.370051147e-05
6.681007386e-05
7.211223042e-05
7.130374075e-05
7.054954676e-05
6.975019629e-05
6.901414788e-05
7.391004529e-05
7.03202595e-05
7.228913676e-05
7.153316627e-05
7.342041929e-05
7.265765276e-05
7.180648551e-05
7.369841489e-05
6.762736072e-05
6.436210343e-05
7.123067586e-05
7.302875756e-05
7.713460482e-05
7.143690835e-05
7.058135266e-05
7.470420784e-05
7.142501099e-05
7.544465628e-05
7.453411313e-05
7.151180124e-05
7.520382039e-05
6.77208961e-05
7.581863131e-05
7.511363369e-05
7.201736314e-05
6.919678814e-05
7.262534972e-05
7.409042977e-05
7.10948759e-05
7.04688313e-05
7.165481765e-05
7.103622581e-05
7.217208981e-05
7.156174727e-05
8.28234447e-05
5.173288645e-05
5.165144071e-05
5.159276003e-05
5.145171637e-05
7.191077212e-05
9.210181365e-05
7.147249101e-05
6.096288608e-05
9.118287913e-05
7.050373892e-05
7.025948027e-05
5.98134206e-05
8.935454789e-05
2.955703878e-05
6.864341433e-05
8.751086088e-05
0.0001063924309
5.750015176e-05
7.621653713e-05
8.490047485e-05
6.560813827e-05
7.419825613e-05
5.52595458e-05
8.197932902e-05
4.520182425e-05
8.936728292e-05
8.865176886e-05
8.759729129e-05
6.079901535e-05
7.721070958e-05
7.652433668e-05
9.235082159e-05
5.822350031e-05
8.21042454e-05
6.505106562e-05
7.222126077e-05
9.533798518e-05
7.054971074e-05
8.534689591e-05
8.41940466e-05
7.574044279e-05
6.723635563e-05
7.391183869e-05
5.831648067e-05
7.931868586e-05
4.977759569e-05
7.736679419e-05
6.935726265e-05
7.545185304e-05
8.116634772e-05
7.357766847e-05
7.914965345e-05
6.522481633e-05
7.074983127e-05
6.996312636e-05
7.526469255e-05
7.442948865e-05
6.116721667e-05
7.258951557e-05
7.159085884e-05
7.080451023e-05
6.983616244e-05
7.483132438e-05
6.813705129e-05
7.301820469e-05
6.649366518e-05
6.578347643e-05
7.572349302e-05
6.9572623e-05
7.393540852e-05
6.271305592e-05
8.252682964e-05
7.657403034e-05
6.55100448e-05
6.484666636e-05
7.879912634e-05
8.776457292e-05
5.777968286e-05
7.151479513e-05
7.534759133e-05
7.461813056e-05
7.832916793e-05
6.389100589e-05
7.666983861e-05
6.701360093e-05
6.182812827e-05
6.562967401e-05
7.354884932e-05
6.43011764e-05
8.904431966e-05
7.142993839e-05
7.899429882e-05
5.768346555e-05
7.749078269e-05
6.467350133e-05
6.404323902e-05
7.140944237e-05
6.681359356e-05
6.622236762e-05
9.241397432e-05
7.183360071e-05
8.196704117e-05
7.163990511e-05
7.144521926e-05
7.13248775e-05
8.120311699e-05
6.076472385e-05
8.062621234e-05
7.03467148e-05
4.995443974e-05
6.969451172e-05
4.944565719e-05
7.87914832e-05
7.819225909e-05
0.0001070120583
9.646709649e-05
8.636267705e-05
5.705010335e-05
6.616847715e-05
7.488148884e-05
1.860002645e-05
9.203467202e-05
9.139266659e-05
8.135498418e-05
8.971678816e-05
5.321603783e-05
7.03879638e-05
4.34717317e-05
6.896730366e-05
6.812478492e-05
5.908045465e-05
7.500749455e-05
9.908414906e-05
8.151048633e-05
6.458189188e-05
7.967165871e-05
8.676947341e-05
6.226684843e-05
8.474416764e-05
6.840337015e-05
6.016883534e-05
7.418893943e-05
7.340040829e-05
6.515556273e-05
7.877520383e-05
7.769001738e-05
8.382730239e-05
6.200101665e-05
6.13181454e-05
8.062441152e-05
7.308713384e-05
7.207350115e-05
6.479358684e-05
6.38956011e-05
7.582276301e-05
7.477406858e-05
7.394485057e-05
7.292551946e-05
7.212008109e-05
7.113040988e-05
7.034949021e-05
7.517209966e-05
6.863369403e-05
6.770368181e-05
7.81351013e-05
6.607272599e-05
7.081444225e-05
6.449663381e-05
6.381606404e-05
6.297502807e-05
7.7898809e-05
6.150732261e-05
8.116717585e-05
6.510048721e-05
6.444118203e-05
6.362463258e-05
7.752584027e-05
6.698921064e-05
7.5806525e-05
7.487777348e-05
7.415267692e-05
8.241941128e-05
6.802745578e-05
6.722741204e-05
5.327596791e-05
5.705270641e-05
7.391486179e-05
8.168624997e-05
6.815775706e-05
6.741663929e-05
7.515599677e-05
8.262707114e-05
6.55078813e-05
7.699960784e-05
6.828014162e-05
7.15897338e-05
8.672256577e-05
7.419576734e-05
6.579858729e-05
0.0001018488317
9.1608138e-05
8.130272283e-05
8.121086335e-05
5.061966517e-05
9.096229657e-05
0.0001107544304
6.027532485e-05
6.998174095e-05
4.984471935e-05
8.919997199e-05
8.889243005e-05
0.0001079168859
6.839592167e-05
4.848476845e-05
7.721409316e-05
5.742714893e-05
6.664600382e-05
5.66070452e-05
7.503492734e-05
5.572868031e-05
7.382840535e-05
8.219916642e-05
4.53484246e-05
4.485559852e-05
7.1232229e-05
5.281775812e-05
6.112966786e-05
7.766939121e-05
6.845766341e-05
7.607842027e-05
7.540507795e-05
6.618954711e-05
7.377533516e-05
8.90177788e-05
6.411943741e-05
7.910563076e-05
7.832239311e-05
6.182908597e-05
7.649990248e-05
7.547490999e-05
7.46889948e-05
6.631015888e-05
8.01856076e-05
5.752109231e-05
8.535176603e-05
6.31352324e-05
7.632367335e-05
7.527193044e-05
7.444372701e-05
6.674138682e-05
6.600281508e-05
6.509042892e-05
7.080482418e-05
7.617442368e-05
7.532864069e-05
7.428979959e-05
7.346648297e-05
7.245649075e-05
7.165667924e-05
7.65654998e-05
6.990028116e-05
6.894877243e-05
7.956424485e-05
7.288210602e-05
7.764152844e-05
6.565708279e-05
7.578213336e-05
7.477463489e-05
6.870101001e-05
6.258182119e-05
6.192995846e-05
6.621804821e-05
7.057903972e-05
7.464925243e-05
6.896694771e-05
6.809377465e-05
7.22294739e-05
6.65740029e-05
8.004503504e-05
7.441377828e-05
6.908718198e-05
6.825705914e-05
6.309852374e-05
6.681020974e-05
7.05936181e-05
6.978220846e-05
7.345521508e-05
6.408731663e-05
6.349964507e-05
7.118252762e-05
6.638776955e-05
6.568706575e-05
6.102845738e-05
6.443336454e-05
6.785017231e-05
7.113663272e-05
7.442296047e-05
6.984341549e-05
6.922609022e-05
8.082311029e-05
7.067732878e-05
7.056795036e-05
0.0001006977636
4.017092021e-05
8.020716634e-05
9.988087581e-05
9.965624351e-05
7.93423565e-05
7.911711374e-05
8.849332878e-05
7.839017284e-05
7.786685737e-05
7.75518805e-05
3.848432471e-05
7.661081145e-05
8.547161863e-05
8.502322965e-05
7.489442095e-05
7.445775593e-05
6.451999464e-05
7.326542394e-05
0.0001087689339
7.200923758e-05
7.123057431e-05
9.721130123e-05
8.737565955e-05
6.934477927e-05
5.996526063e-05
5.096662498e-05
8.391626519e-05
5.822260679e-05
4.107045987e-05
4.069182555e-05
8.034836444e-05
6.366355889e-05
5.498331213e-05
6.999418109e-05
6.907211533e-05
4.558030613e-05
6.745804541e-05
6.675672843e-05
6.585656398e-05
7.239849062e-05
4.999004443e-05
6.358113897e-05
7.664759145e-05
6.202848309e-05
6.797416544e-05
6.722699934e-05
7.293179998e-05
5.901171419e-05
6.466512468e-05
7.673761305e-05
6.937389482e-05
7.484091687e-05
7.38117629e-05
6.691140954e-05
7.199345671e-05
7.119919447e-05
7.022705502e-05
7.524483683e-05
6.851348091e-05
7.906226179e-05
7.242437927e-05
6.613213042e-05
7.068385597e-05
8.60669184e-05
7.43090676e-05
6.827334227e-05
6.219349409e-05
7.180331449e-05
7.593265167e-05
7.014227401e-05
8.408009759e-05
7.34368135e-05
7.250780943e-05
6.221283051e-05
8.034189129e-05
8.891082626e-05
7.395549814e-05
6.86615395e-05
6.783652211e-05
7.166812512e-05
7.967778441e-05
6.577317594e-05
6.93510948e-05
7.300124975e-05
8.91666511e-05
7.572759176e-05
7.906284071e-05
6.185193382e-05
6.119779014e-05
7.277769309e-05
7.603570416e-05
7.13917951e-05
7.068923103e-05
5.838561828e-05
6.940176117e-05
7.26102799e-05
5.011102033e-05
5.00807431e-05
7.000514105e-05
6.99264693e-05
7.970255478e-05
4.973079282e-05
5.945320498e-05
8.897970248e-05
7.871564013e-05
3.924634548e-05
0.0001073084144
8.749650604e-05
6.760107187e-05
5.770994378e-05
8.59174808e-05
6.651477321e-05
7.538918079e-05
9.374329637e-05
6.503146792e-05
8.312557048e-05
0.0001006197189
6.362209317e-05
7.19676365e-05
8.040287098e-05
7.953773437e-05
4.385871718e-05
6.071195639e-05
7.743903423e-05
6.803140746e-05
5.059548751e-05
5.831689178e-05
8.257565356e-05
6.524274497e-05
6.464248791e-05
5.584574947e-05
7.111588168e-05
7.799736491e-05
6.950513899e-05
6.85932423e-05
6.789763755e-05
5.210731087e-05
8.103297404e-05
5.814145117e-05
7.909849134e-05
7.802727471e-05
7.718854416e-05
7.613679883e-05
6.846209699e-05
7.427784145e-05
6.678380482e-05
7.245440714e-05
5.862600373e-05
7.06698765e-05
7.624013462e-05
6.892706566e-05
7.435946807e-05
6.722818573e-05
7.252807868e-05
7.153630314e-05
7.074751417e-05
7.559925505e-05
6.901885628e-05
6.808365112e-05
6.734277703e-05
7.197236602e-05
7.119622387e-05
7.564817118e-05
7.484085611e-05
6.857431465e-05
6.785096611e-05
6.69607862e-05
6.626335828e-05
6.540358782e-05
7.469022937e-05
7.86485841e-05
7.298607068e-05
5.765081246e-05
6.183151594e-05
7.045589938e-05
6.511201559e-05
6.890890136e-05
7.733992425e-05
8.090536233e-05
8.458455297e-05
7.918937907e-05
7.408582202e-05
8.184876439e-05
8.108849184e-05
7.173829792e-05
5.85366603e-05
6.61682849e-05
6.966612108e-05
7.703703434e-05
8.036321344e-05
6.76087726e-05
7.094782278e-05
7.415005644e-05
7.73611766e-05
7.662850816e-05
7.595197219e-05
6.959958515e-05
4.968406508e-05
5.952963256e-05
6.937339368e-05
7.90733625e-05
7.894143719e-05
7.864715348e-05
7.847108186e-05
6.833640353e-05
5.840853554e-05
6.775463854e-05
7.716876146e-05
0.0001054065577
5.726300869e-05
7.578274558e-05
5.657407045e-05
7.481254755e-05
5.581646412e-05
6.453792427e-05
7.332964725e-05
6.354883022e-05
7.21648324e-05
6.250193356e-05
4.433577435e-05
6.140547169e-05
6.09494478e-05
6.026755369e-05
7.687357221e-05
5.909604815e-05
8.371619365e-05
7.444091457e-05
7.378626122e-05
7.287685801e-05
5.616155473e-05
7.921891425e-05
5.492460445e-05
9.294575524e-05
6.902288325e-05
8.325895545e-05
6.743131067e-05
8.132482477e-05
7.316544302e-05
7.940501536e-05
7.142355702e-05
7.750582922e-05
5.576273919e-05
8.250847546e-05
6.120874416e-05
5.366587549e-05
6.634641555e-05
7.198322344e-05
7.766040355e-05
7.021407236e-05
7.574906479e-05
7.471195159e-05
6.157014497e-05
7.287391132e-05
7.206780932e-05
7.108491873e-05
7.030152857e-05
6.934635759e-05
8.001749878e-05
7.3297446e-05
7.250012846e-05
6.602396305e-05
7.075484772e-05
7.518110629e-05
7.437893195e-05
7.863761957e-05
6.224656977e-05
7.166964039e-05
8.612101905e-05
8.000470756e-05
6.92847614e-05
6.351221716e-05
7.737688242e-05
7.16246334e-05
6.618214315e-05
7.936413336e-05
8.320586828e-05
7.305566583e-05
7.686923682e-05
8.041296552e-05
7.964484237e-05
8.745213873e-05
8.229714016e-05
5.994157133e-05
7.635170864e-05
7.549359152e-05
6.648973627e-05
7.398267461e-05
6.923869384e-05
7.656277983e-05
7.587506597e-05
6.719083128e-05
5.875778192e-05
6.593270657e-05
6.53487654e-05
6.472750004e-05
6.793025366e-05
6.905248053e-05
7.886979465e-05
7.874975021e-05
7.866171243e-05
8.826077973e-05
6.853300646e-05
4.877069222e-05
5.839410083e-05
9.686430955e-05
6.761383566e-05
5.762601074e-05
8.614374604e-05
0.000104595535
6.629343347e-05
5.640254464e-05
8.421326208e-05
5.568350131e-05
7.385794737e-05
6.40518155e-05
8.187560494e-05
7.208471965e-05
6.267348849e-05
9.749007972e-05
7.041312032e-05
6.095496976e-05
5.185998821e-05
8.547087092e-05
7.631630836e-05
6.705236974e-05
5.818072805e-05
4.927375495e-05
7.326199177e-05
6.432264771e-05
7.16998728e-05
3.933300674e-05
7.01257564e-05
7.691972351e-05
6.093090985e-05
8.268962021e-05
6.697134564e-05
5.140182e-05
7.267131174e-05
7.170251598e-05
7.094587086e-05
4.899446807e-05
6.924164484e-05
6.830488093e-05
6.080694632e-05
7.330966737e-05
7.250619005e-05
7.151812852e-05
7.715935205e-05
7.610630203e-05
6.272023377e-05
6.805045559e-05
7.341491728e-05
7.241386635e-05
7.161334494e-05
7.652579453e-05
7.568289154e-05
7.465709409e-05
6.815938369e-05
6.723997067e-05
7.205121087e-05
7.655313875e-05
8.654635128e-05
6.938264682e-05
6.864248382e-05
6.252558248e-05
6.702170046e-05
7.123304965e-05
7.049117272e-05
6.957883604e-05
7.870150842e-05
6.798312274e-05
6.729425102e-05
7.119106464e-05
7.987742911e-05
7.888412488e-05
7.351329253e-05
8.622901975e-05
6.741550933e-05
8.436688854e-05
6.157110983e-05
6.953805659e-05
7.749340447e-05
7.66002749e-05
8.432047987e-05
7.503463432e-05
7.434608645e-05
6.127633093e-05
6.072042305e-05
6.407943477e-05
7.541083033e-05
8.249050203e-05
7.786248949e-05
7.70890744e-05
8.404720595e-05
6.43258163e-05
7.125952324e-05
7.830161156e-05
6.84729738e-05
7.813636362e-05
6.829308063e-05
7.784431675e-05
4.857189733e-05
7.742857579e-05
6.759900104e-05
6.728183024e-05
7.667719303e-05
5.718351853e-05
6.648672466e-05
5.661648949e-05
4.699132457e-05
8.396193503e-05
7.42890978e-05
6.447467732e-05
7.330242688e-05
5.449112132e-05
4.514700769e-05
8.04940309e-05
7.109681762e-05
7.917833928e-05
5.242251732e-05
5.186659706e-05
6.00636749e-05
7.636883716e-05
5.892993998e-05
7.489501016e-05
8.252302183e-05
7.338785181e-05
6.466232878e-05
8.782436137e-05
7.119912582e-05
5.468454394e-05
9.285461494e-05
7.639199302e-05
6.051393203e-05
6.719565147e-05
7.390845906e-05
7.293741461e-05
6.496542903e-05
7.122509777e-05
8.456943823e-05
6.257746716e-05
7.566453831e-05
6.785860768e-05
6.041038919e-05
6.621362162e-05
7.203746268e-05
7.751891468e-05
7.666472449e-05
7.562168553e-05
6.855352343e-05
7.376777369e-05
6.687228506e-05
7.195959338e-05
7.116457641e-05
7.019902598e-05
7.521173406e-05
7.419476538e-05
7.902722893e-05
7.239475015e-05
7.711611215e-05
7.608413854e-05
8.064036005e-05
7.426406791e-05
7.347198125e-05
7.250336464e-05
6.661462285e-05
8.0916281e-05
6.50597857e-05
8.89183145e-05
6.355882215e-05
8.688017617e-05
6.688867823e-05
7.548022761e-05
7.472629131e-05
7.37975415e-05
6.393729597e-05
8.119965061e-05
8.041218647e-05
6.62049469e-05
7.43151857e-05
7.343947109e-05
5.990972175e-05
6.344870989e-05
6.704954955e-05
6.629442114e-05
8.621283799e-05
7.308598678e-05
6.03523969e-05
7.165096612e-05
6.311767656e-05
8.198679302e-05
6.577907356e-05
7.278532708e-05
6.075041502e-05
6.392908733e-05
6.336559435e-05
5.82717221e-05
4.85308598e-05
3.87662293e-05
7.744622167e-05
4.827750674e-05
6.74765127e-05
3.841666939e-05
9.582807946e-05
9.538093691e-05
7.609054719e-05
4.728980838e-05
6.598058327e-05
8.428120639e-05
9.327132633e-05
7.407086184e-05
8.294680308e-05
9.141798366e-05
6.366080058e-05
6.310124058e-05
8.066267416e-05
8.877955876e-05
7.057457784e-05
6.986722064e-05
4.336736209e-05
8.581929971e-05
8.518624777e-05
5.897254236e-05
7.522567224e-05
8.262638856e-05
8.193910002e-05
6.47754797e-05
5.618315894e-05
8.721369418e-05
8.641761908e-05
5.43081327e-05
6.147806487e-05
6.06971636e-05
5.258979474e-05
8.157399369e-05
3.670554855e-05
7.245025355e-05
8.604336644e-05
6.36785956e-05
8.401129721e-05
5.525999117e-05
6.833620201e-05
8.09017537e-05
7.335651999e-05
7.236640785e-05
7.157475672e-05
7.702444252e-05
7.617639813e-05
6.888126823e-05
7.431309208e-05
6.719586284e-05
7.24940618e-05
7.151098445e-05
7.072139731e-05
6.976430862e-05
7.474640658e-05
7.373812755e-05
7.293114114e-05
6.641694376e-05
8.21190574e-05
7.021936067e-05
6.411965088e-05
6.854146668e-05
8.345914277e-05
7.20655681e-05
7.639899279e-05
7.540246458e-05
5.969377144e-05
6.383332955e-05
6.803709722e-05
7.196649145e-05
8.073538583e-05
7.033948601e-05
6.96367871e-05
6.418696841e-05
7.717403287e-05
7.174623818e-05
7.105029005e-05
7.458380863e-05
8.690685946e-05
7.300007856e-05
7.231209866e-05
7.147759944e-05
6.248211851e-05
9.472583217e-05
6.529133305e-05
8.071749424e-05
7.19865661e-05
7.121786797e-05
7.057818507e-05
8.148919825e-05
6.537993441e-05
6.472661661e-05
6.038015827e-05
7.474967295e-05
7.038659667e-05
7.709895483e-05
8.668487348e-05
7.693781697e-05
6.724589789e-05
7.665289263e-05
6.696038743e-05
5.718538785e-05
8.558772346e-05
9.465615832e-05
8.495191111e-05
8.447791847e-05
9.354584262e-05
4.647075446e-05
7.405655213e-05
7.35172923e-05
9.147527934e-05
9.073950803e-05
4.513505271e-05
8.948065086e-05
6.227634485e-05
7.931783159e-05
5.254496573e-05
6.936113473e-05
6.888622602e-05
7.668292008e-05
6.766089018e-05
8.36473592e-05
9.958928127e-05
8.204441451e-05
7.322704528e-05
8.040463036e-05
9.564393494e-05
7.873769148e-05
7.802036212e-05
6.16421348e-05
6.869120556e-05
9.042955429e-05
8.208319162e-05
6.629514021e-05
6.562834591e-05
7.196955698e-05
6.410535184e-05
7.731799187e-05
6.955039593e-05
8.235046659e-05
8.147076356e-05
7.368166303e-05
7.288427936e-05
6.536711131e-05
7.111795685e-05
7.01582187e-05
6.938639887e-05
7.467073486e-05
7.384645708e-05
7.284716222e-05
7.20422429e-05
7.106793427e-05
8.199765451e-05
6.933494223e-05
7.428680157e-05
6.764960877e-05
6.690957424e-05
6.601293983e-05
7.073720592e-05
6.442557369e-05
7.435372487e-05
7.860978373e-05
7.777165948e-05
8.698296126e-05
6.581512468e-05
7.994813676e-05
6.428140344e-05
6.833343561e-05
6.76311352e-05
5.723040008e-05
6.609202394e-05
7.458271054e-05
6.922266096e-05
6.380567258e-05
7.671543648e-05
5.794760673e-05
7.504241722e-05
6.541824103e-05
7.343175768e-05
5.976016329e-05
7.188185935e-05
6.687227799e-05
6.625042727e-05
6.140887109e-05
8.11267599e-05
6.819906509e-05
8.348139511e-05
7.078997413e-05
6.625668911e-05
6.556949142e-05
8.79217075e-05
7.190307788e-05
7.876888346e-05
6.315013144e-05
7.364011006e-05
9.563921854e-05
8.602441911e-05
7.635222723e-05
8.580118853e-05
6.656190883e-05
0.0001044247252
8.512864262e-05
6.606454248e-05
6.575961806e-05
6.557580723e-05
8.384384537e-05
6.49910723e-05
4.612387355e-05
5.512830097e-05
7.297193561e-05
6.355834453e-05
6.304972036e-05
6.272428659e-05
5.329582928e-05
8.831684026e-05
5.249501909e-05
0.0001043291724
8.607790974e-05
6.839187138e-05
5.075758263e-05
8.397465555e-05
5.813968351e-05
8.240641052e-05
6.517646506e-05
4.039785048e-05
7.186296041e-05
8.706787994e-05
7.037794407e-05
6.973798985e-05
7.652949266e-05
7.580664048e-05
6.736623584e-05
7.412069065e-05
7.317097264e-05
7.967980713e-05
7.864471677e-05
7.783575191e-05
6.983024173e-05
6.21876217e-05
5.454528289e-05
7.419954704e-05
6.65541043e-05
7.241808005e-05
6.495192128e-05
7.709121898e-05
6.971633573e-05
7.521817341e-05
6.80204912e-05
6.727017531e-05
7.239541987e-05
7.159602103e-05
7.063034018e-05
7.567234442e-05
6.891082861e-05
7.383281411e-05
7.284150935e-05
7.20450192e-05
7.654945802e-05
7.030979042e-05
8.004749504e-05
6.862758741e-05
7.292970331e-05
7.21522817e-05
7.120564702e-05
6.542252925e-05
6.95386131e-05
8.35604338e-05
8.248418304e-05
8.163641524e-05
8.05965252e-05
7.039368308e-05
7.414190882e-05
7.798855544e-05
7.249014867e-05
6.280421263e-05
6.646786503e-05
7.459919935e-05
6.069640074e-05
6.870388094e-05
6.789353453e-05
7.14567094e-05
7.478580114e-05
6.5857967e-05
7.325328456e-05
7.661288356e-05
7.576881495e-05
6.717788871e-05
7.818576817e-05
7.748351416e-05
7.667801089e-05
6.459601343e-05
6.770835042e-05
6.338133521e-05
8.861326432e-05
8.051397654e-05
8.542426852e-05
6.640196319e-05
4.735967765e-05
8.515329999e-05
6.606021515e-05
7.537310507e-05
5.632597573e-05
5.62015034e-05
5.594349063e-05
7.438326127e-05
7.39726398e-05
7.372270144e-05
7.325141256e-05
7.296042296e-05
5.432595775e-05
5.40779741e-05
7.152986199e-05
8.005665465e-05
7.93634506e-05
8.767688439e-05
8.686167898e-05
7.768451153e-05
5.982431344e-05
6.790456155e-05
8.39972928e-05
5.836718469e-05
4.94845834e-05
9.819591995e-05
7.281424742e-05
7.221229648e-05
7.929849848e-05
7.860951384e-05
6.213207644e-05
7.696020081e-05
6.081069878e-05
6.776700669e-05
7.435154994e-05
7.362696436e-05
5.088101346e-05
7.915421803e-05
7.102704932e-05
6.326775022e-05
7.631508683e-05
8.238021933e-05
7.451787338e-05
7.37237423e-05
7.274337891e-05
7.195780685e-05
7.099616948e-05
7.660541326e-05
6.927998421e-05
6.229003725e-05
7.374340378e-05
6.685300406e-05
7.194924571e-05
7.115529284e-05
7.019810199e-05
6.942437152e-05
6.849187194e-05
6.773939246e-05
6.683199475e-05
6.610152401e-05
7.065445799e-05
6.988750905e-05
8.487340499e-05
8.395986853e-05
6.731725698e-05
6.659979339e-05
6.572738397e-05
6.003192905e-05
6.912752511e-05
6.840768983e-05
6.752764501e-05
6.20597468e-05
7.54092211e-05
8.39753008e-05
6.909964404e-05
9.12120156e-05
8.557669434e-05
5.79757196e-05
8.810365448e-05
6.543634079e-05
6.465001227e-05
7.256908656e-05
8.01497024e-05
7.103655902e-05
8.260615003e-05
7.365389527e-05
7.282108474e-05
7.215228533e-05
7.135627628e-05
8.249338779e-05
6.217726987e-05
6.932115887e-05
7.240991015e-05
6.798818168e-05
7.104196047e-05
5.92959811e-05
7.706991317e-05
6.911658322e-05
4.710167472e-05
0.0001035628603
4.700461815e-05
8.451512259e-05
2.809972614e-05
8.416070076e-05
6.522353156e-05
0.0001115651908
9.254643871e-05
7.383106505e-05
6.424742499e-05
6.403080221e-05
7.271267033e-05
8.147749167e-05
3.595257017e-05
6.263041852e-05
5.325791417e-05
5.298422336e-05
5.252768067e-05
6.093229535e-05
7.761660123e-05
6.856015079e-05
5.091444872e-05
7.585216538e-05
5.838492002e-05
9.10767491e-05
3.276001239e-05
6.500917246e-05
6.427733094e-05
7.171539597e-05
6.300541393e-05
6.24590494e-05
6.942571375e-05
7.644085155e-05
6.040333531e-05
5.983481853e-05
8.863002915e-05
7.313977208e-05
7.943067822e-05
7.148683395e-05
7.762149178e-05
6.984122692e-05
5.514423861e-05
6.138788294e-05
7.404213576e-05
5.993509162e-05
7.885433611e-05
7.150334749e-05
7.055088219e-05
7.6125692e-05
7.510806646e-05
7.428375628e-05
6.10736019e-05
7.248106368e-05
7.150853743e-05
7.071995749e-05
7.558538215e-05
6.900253751e-05
6.807797875e-05
7.294128485e-05
8.303819312e-05
6.570477393e-05
7.5634871e-05
6.412640293e-05
8.436888555e-05
6.781207336e-05
6.691884754e-05
7.129850853e-05
6.533986266e-05
6.465122401e-05
8.835591725e-05
7.286323477e-05
7.672209642e-05
6.169596214e-05
7.028260384e-05
9.275999861e-05
5.953655031e-05
7.254327248e-05
7.612173753e-05
7.537177632e-05
7.883060344e-05
6.505437063e-05
5.570294129e-05
5.94137827e-05
6.710010139e-05
7.062132056e-05
6.569815314e-05
6.101890545e-05
6.837206864e-05
6.774402747e-05
7.093656612e-05
6.248236372e-05
8.498917413e-05
6.125514818e-05
6.819238946e-05
7.509490413e-05
6.318550188e-05
7.367898673e-05
6.931272788e-05
7.231933592e-05
9.350146238e-05
9.344676761e-05
4.665484285e-05
5.592429308e-05
7.437620479e-05
6.497249881e-05
8.323801881e-05
9.228314339e-05
7.349115469e-05
7.328700705e-05
9.110830997e-05
7.264140619e-05
7.218179482e-05
8.987033584e-05
8.922919331e-05
8.882363198e-05
8.812341068e-05
8.767152022e-05
6.953580053e-05
7.77819586e-05
5.993993165e-05
5.956508681e-05
5.055603274e-05
6.695048243e-05
5.79775016e-05
9.044259238e-05
8.133369842e-05
8.070084159e-05
6.383700308e-05
7.122528718e-05
8.604462664e-05
5.42817531e-05
7.662132954e-05
7.592846475e-05
6.750156743e-05
5.943764155e-05
5.86973321e-05
7.992488345e-05
7.173848436e-05
7.812357053e-05
7.711979943e-05
6.245175454e-05
6.848896941e-05
7.455027288e-05
6.688403093e-05
6.617291599e-05
7.182869108e-05
7.751410091e-05
7.648488628e-05
6.934761314e-05
6.220315019e-05
7.38252e-05
7.283882309e-05
7.203708409e-05
7.107319519e-05
7.614740965e-05
6.934930479e-05
7.430128205e-05
6.766905778e-05
7.250354566e-05
7.153673379e-05
7.075548797e-05
6.981531533e-05
7.968228812e-05
7.862843322e-05
7.778254797e-05
7.164244363e-05
7.087915436e-05
5.996020073e-05
7.416040553e-05
6.831976e-05
8.209588874e-05
6.674063675e-05
6.60546035e-05
6.987387283e-05
6.916534337e-05
7.74033608e-05
8.564473902e-05
6.677650579e-05
7.052638913e-05
8.272735763e-05
7.330041178e-05
6.389961722e-05
6.750724639e-05
6.671029872e-05
6.608085494e-05
7.348037297e-05
7.279649746e-05
7.597024044e-05
6.33871941e-05
6.268601287e-05
6.599925638e-05
6.912860979e-05
6.850772523e-05
6.779070529e-05
8.211792077e-05
6.65064233e-05
5.859457082e-05
7.25268387e-05
7.188954365e-05
9.280995716e-05
7.420468051e-05
4.631023467e-05
5.55113605e-05
0.0001015135117
7.370723786e-05
7.344563153e-05
9.160539783e-05
5.471486438e-05
6.365704509e-05
9.948884345e-05
8.112663736e-05
7.165861496e-05
6.245377955e-05
7.086908716e-05
6.172919731e-05
8.749278778e-05
8.704508341e-05
6.904181331e-05
8.581147935e-05
8.502490982e-05
5.914602241e-05
8.367104614e-05
7.479385487e-05
7.402593836e-05
7.348680468e-05
8.885265881e-05
4.808874007e-05
7.132800043e-05
7.860203534e-05
6.215616892e-05
6.932161533e-05
6.849890725e-05
9.050748158e-05
5.960476516e-05
7.380712831e-05
7.28913448e-05
7.940292524e-05
7.840070871e-05
6.350583807e-05
6.965868239e-05
7.584084364e-05
7.485858144e-05
6.734272494e-05
5.981617147e-05
7.23322502e-05
7.786900293e-05
7.703065654e-05
7.601111677e-05
7.518405129e-05
6.182099897e-05
6.725791449e-05
7.239480411e-05
7.159851054e-05
7.064312158e-05
7.568716368e-05
7.46769371e-05
7.385523563e-05
7.287043831e-05
7.761495441e-05
8.752262699e-05
7.033584173e-05
6.406446883e-05
7.393137335e-05
7.295542587e-05
6.701571349e-05
8.648555257e-05
6.543151118e-05
6.95459358e-05
6.881311621e-05
7.762618909e-05
7.201680805e-05
7.10935414e-05
8.443528515e-05
6.483854375e-05
7.793408365e-05
6.790275324e-05
6.722378035e-05
7.081735399e-05
8.326677352e-05
9.09081184e-05
7.287747446e-05
6.77663087e-05
6.71175779e-05
7.461562369e-05
7.391142932e-05
6.087941601e-05
7.23752409e-05
5.962879434e-05
7.089706874e-05
7.011178574e-05
7.719472492e-05
6.872538214e-05
6.810812544e-05
7.113782148e-05
7.421558485e-05
7.346134204e-05
6.189068005e-05
7.209804218e-05
6.789158821e-05
8.291574461e-05
5.524504532e-05
6.435895191e-05
6.428856144e-05
4.580489632e-05
6.402216872e-05
5.468238439e-05
7.275002774e-05
6.337009884e-05
8.125042109e-05
6.285307147e-05
7.159137129e-05
7.114296464e-05
9.743622664e-05
8.795272068e-05
7.879916999e-05
8.687112638e-05
4.321376761e-05
5.141609641e-05
5.964503485e-05
7.598681541e-05
6.71232153e-05
8.309021531e-05
4.126427626e-05
6.534798644e-05
8.109128039e-05
6.417936774e-05
5.5721739e-05
7.084597654e-05
7.026489527e-05
8.489260191e-05
8.416059935e-05
6.04841972e-05
8.241642844e-05
5.1811678e-05
7.332362357e-05
6.517554508e-05
7.171612747e-05
7.789567607e-05
7.010856151e-05
6.921420185e-05
6.850726604e-05
7.438535622e-05
8.030148345e-05
6.604607679e-05
6.534547202e-05
5.803913494e-05
7.017377137e-05
7.554318045e-05
6.849508692e-05
6.758786612e-05
7.292486442e-05
7.195616573e-05
7.116524489e-05
7.021822153e-05
7.523244788e-05
6.852078874e-05
7.906178288e-05
7.243792659e-05
6.613259284e-05
6.525465754e-05
7.529969346e-05
6.368849652e-05
7.874759776e-05
7.771001748e-05
7.687443084e-05
6.575142087e-05
7.005507297e-05
7.902060257e-05
6.352777377e-05
7.235427273e-05
8.11477168e-05
6.597176171e-05
7.462123736e-05
6.907050876e-05
5.9253993e-05
6.751295079e-05
7.574948111e-05
6.601045233e-05
8.278900624e-05
6.886612194e-05
7.67217068e-05
8.001082658e-05
7.090315599e-05
7.830864744e-05
7.756943366e-05
7.667039932e-05
5.99656931e-05
7.509444926e-05
7.440432982e-05
6.970654627e-05
8.058590963e-05
7.212276634e-05
6.771316028e-05
7.07236665e-05
5.902688201e-05
8.033491646e-05
6.1528908e-05
7.525800047e-05
7.45973598e-05
6.402002901e-05
8.226379857e-05
7.30177093e-05
6.3820777e-05
8.184994523e-05
8.171659685e-05
7.238182067e-05
8.125140543e-05
8.088799302e-05
8.066463996e-05
7.131615989e-05
6.219294889e-05
7.946401778e-05
5.276774636e-05
0.0001047936991
5.216018096e-05
8.625823683e-05
6.007308144e-05
8.509324976e-05
7.615022151e-05
6.707436228e-05
5.832533787e-05
6.601391436e-05
6.556859527e-05
8.112666157e-05
5.637674303e-05
8.764881341e-05
8.697088569e-05
7.818935979e-05
7.754927403e-05
4.599713493e-05
7.600207921e-05
8.261796862e-05
7.443170653e-05
7.353379337e-05
6.556177117e-05
5.036452858e-05
8.550457895e-05
7.036100755e-05
6.966087226e-05
6.189782188e-05
4.76517052e-05
7.391807648e-05
6.649840708e-05
7.87619093e-05
7.143340794e-05
7.690799052e-05
7.608163594e-05
7.508097026e-05
6.807663619e-05
7.328473472e-05
7.248288175e-05
7.152281074e-05
7.073719136e-05
6.979840225e-05
6.903061214e-05
6.811391035e-05
7.85927891e-05
6.647124812e-05
7.66998555e-05
7.027787933e-05
7.485833121e-05
7.914613921e-05
6.263074218e-05
6.180704682e-05
7.642827788e-05
8.548551736e-05
9.452523977e-05
9.329646031e-05
6.316191696e-05
7.193881961e-05
6.169784469e-05
7.027921009e-05
6.955672549e-05
6.867571454e-05
6.797913646e-05
7.607794463e-05
6.202577001e-05
7.438517629e-05
6.931931818e-05
6.419385501e-05
8.052208343e-05
6.69932029e-05
7.464553027e-05
7.376354875e-05
7.306708494e-05
8.024415211e-05
7.154718672e-05
7.466408241e-05
6.229710446e-05
8.085695844e-05
7.63073753e-05
6.41588276e-05
7.854320786e-05
7.771581181e-05
7.702445089e-05
6.897678089e-05
7.196628321e-05
6.769270817e-05
6.709876685e-05
9.987502702e-05
7.259445653e-05
8.155132674e-05
9.051392983e-05
4.514428562e-05
6.309923817e-05
5.389604145e-05
8.066754311e-05
7.13853925e-05
7.118866208e-05
7.965854583e-05
7.939266799e-05
8.766701454e-05
9.605536461e-05
6.93698034e-05
9.495352196e-05
6.85231478e-05
8.52183585e-05
8.450135589e-05
6.721903764e-05
8.326421236e-05
5.792347736e-05
5.73666902e-05
5.698048683e-05
7.251832853e-05
7.199335942e-05
7.914458307e-05
4.7120174e-05
6.99012128e-05
6.933005837e-05
7.615547075e-05
6.795109118e-05
8.953891143e-05
8.134039644e-05
7.305716385e-05
8.685044729e-05
5.71899116e-05
6.37176838e-05
6.991352915e-05
5.537509145e-05
6.150783894e-05
6.764591232e-05
6.010087981e-05
7.269255179e-05
6.522885941e-05
7.744615879e-05
7.006663119e-05
6.931452086e-05
7.462438173e-05
7.381447334e-05
7.284265065e-05
7.204622434e-05
7.109464425e-05
7.031425646e-05
6.938357314e-05
6.862081181e-05
6.771183554e-05
8.370999283e-05
7.158812511e-05
6.535744333e-05
6.449358396e-05
6.379038241e-05
6.819544011e-05
7.78345814e-05
6.657110118e-05
8.105309192e-05
7.499481395e-05
7.419635767e-05
7.323327323e-05
7.729261535e-05
6.199102889e-05
8.965898459e-05
5.590320026e-05
6.91606047e-05
8.194248939e-05
8.561745098e-05
6.674661971e-05
6.607891938e-05
7.831413084e-05
6.46182103e-05
6.808522146e-05
6.742348044e-05
6.66132274e-05
7.422199215e-05
8.149418618e-05
6.861587774e-05
7.579847595e-05
5.928352052e-05
6.642402871e-05
7.355615539e-05
8.039495359e-05
7.587130681e-05
7.129585138e-05
7.437423893e-05
6.990965696e-05
6.199436811e-05
6.857806997e-05
6.43954292e-05
6.729946704e-05
7.724230064e-05
7.211462415e-05
7.207313323e-05
7.196999811e-05
6.290533768e-05
8.964214949e-05
7.159734865e-05
8.026693538e-05
6.229378716e-05
5.315825486e-05
7.068271726e-05
5.272967595e-05
6.131302592e-05
7.834454972e-05
6.06960502e-05
8.610505061e-05
8.571769582e-05
7.655223683e-05
7.616373289e-05
3.356705575e-05
5.006660453e-05
8.26934068e-05
9.039975462e-05
8.953463216e-05
6.467859894e-05
7.20293461e-05
7.150894279e-05
3.930779692e-05
7.800988516e-05
7.715357498e-05
8.41767745e-05
6.80901271e-05
7.5006904e-05
5.189146575e-05
5.877298083e-05
7.258667334e-05
5.752830849e-05
7.103134616e-05
7.738153098e-05
7.641887714e-05
5.502594417e-05
6.791415483e-05
6.050097646e-05
7.300091083e-05
7.22424984e-05
7.131056672e-05
7.055663055e-05
6.963954196e-05
7.51557147e-05
7.417331292e-05
7.336896874e-05
7.240586828e-05
7.161479652e-05
7.067157364e-05
6.989634893e-05
6.897364577e-05
6.821584832e-05
7.292401973e-05
7.212334835e-05
8.211998979e-05
8.122080386e-05
6.411966596e-05
7.399094888e-05
6.780214883e-05
6.190877339e-05
6.618900544e-05
7.555132962e-05
6.462402827e-05
6.885426466e-05
6.310741697e-05
7.204927065e-05
7.586353481e-05
7.038161092e-05
6.021887977e-05
6.876897012e-05
7.242614668e-05
7.16913926e-05
6.19452785e-05
6.570591577e-05
7.354627264e-05
5.997013745e-05
7.193271092e-05
6.704322861e-05
7.451723017e-05
8.200359245e-05
7.293071467e-05
8.42821161e-05
7.93367464e-05
7.46677474e-05
7.381797964e-05
6.544040723e-05
5.709871314e-05
6.035215515e-05
7.088946403e-05
7.39503112e-05
6.950963876e-05
7.976904169e-05
7.177257046e-05
6.758247546e-05
7.395400713e-05
8.028724819e-05
8.055034574e-05
8.944905513e-05
8.932167149e-05
7.137988128e-05
7.120393445e-05
7.108861604e-05
6.198732566e-05
7.068856462e-05
5.278284373e-05
8.772989162e-05
5.235894216e-05
8.697476555e-05
7.779656104e-05
7.749253202e-05
7.695566256e-05
8.512239317e-05
8.447038107e-05
7.563829435e-05
6.66735455e-05
5.801097556e-05
7.39173367e-05
6.529844958e-05
8.084535397e-05
7.227292498e-05
5.564759962e-05
7.8923335e-05
6.24749032e-05
6.974377766e-05
6.13167246e-05
8.362416319e-05
6.01299517e-05
8.197092859e-05
5.89214703e-05
7.299281796e-05
7.212220401e-05
7.859646862e-05
7.058108447e-05
6.291176876e-05
7.59389763e-05
6.835146517e-05
8.098990928e-05
8.016713946e-05
5.9359754e-05
7.179798344e-05
5.798845659e-05
7.650137873e-05
7.551013942e-05
6.225096199e-05
7.372766434e-05
7.292880954e-05
7.197429279e-05
7.11885049e-05
7.61079675e-05
7.527366129e-05
7.428257824e-05
6.781563654e-05
7.249857376e-05
7.170299391e-05
8.164388218e-05
6.460025456e-05
6.375005872e-05
6.831012691e-05
7.259901152e-05
7.69424938e-05
6.581127087e-05
7.51203591e-05
9.391374558e-05
6.846309124e-05
8.205781001e-05
7.64174779e-05
7.543530829e-05
6.531872553e-05
6.909210096e-05
6.838174597e-05
5.851556034e-05
5.346634491e-05
7.479715581e-05
6.969290624e-05
6.883188404e-05
7.24124248e-05
8.835990488e-05
6.666724178e-05
8.233257796e-05
6.931199673e-05
8.46081955e-05
7.183612987e-05
7.100162643e-05
7.815559229e-05
6.953881153e-05
7.272710058e-05
6.056122202e-05
7.501395269e-05
7.048768326e-05
8.088430768e-05
6.911417225e-05
6.849957638e-05
7.493056227e-05
6.719645852e-05
8.053211995e-05
7.635581224e-05
7.10932747e-05
7.105263127e-05
4.434495515e-05
5.315639052e-05
6.186367764e-05
7.941044473e-05
7.913705366e-05
4.386957803e-05
5.241269782e-05
7.840361257e-05
5.199338511e-05
6.909446213e-05
6.008814391e-05
7.695485157e-05
7.642422241e-05
7.608177193e-05
5.033447142e-05
6.677338305e-05
7.449666275e-05
6.584726328e-05
8.973245225e-05
6.485765564e-05
8.030296453e-05
7.976554977e-05
6.317413413e-05
3.919967033e-05
6.982069462e-05
8.468139869e-05
6.853038637e-05
8.307876022e-05
4.480534359e-05
8.144119908e-05
8.049707204e-05
5.07678304e-05
7.1663641e-05
6.389829743e-05
6.312284565e-05
7.640894339e-05
8.232552577e-05
7.471845374e-05
7.378167851e-05
6.639374229e-05
7.866133788e-05
7.135890533e-05
7.044428775e-05
6.336465037e-05
7.505541297e-05
6.806438796e-05
7.328733887e-05
7.249390009e-05
7.154783163e-05
7.076725831e-05
6.984036041e-05
6.907526161e-05
6.816815276e-05
6.742009334e-05
7.762252957e-05
7.128751097e-05
6.493861074e-05
6.958055163e-05
6.338468815e-05
7.836796822e-05
7.734117695e-05
7.140380304e-05
9.563989549e-05
6.47350405e-05
7.372346412e-05
8.752671946e-05
7.679604527e-05
7.598729883e-05
7.032364599e-05
7.88704189e-05
6.870525996e-05
7.706537259e-05
6.714066031e-05
7.089003111e-05
7.4379756e-05
7.363538752e-05
5.561406118e-05
8.048011613e-05
7.949899417e-05
6.62954486e-05
8.187341276e-05
6.08164441e-05
7.612294794e-05
7.143497684e-05
7.452715156e-05
7.77185e-05
6.530759214e-05
6.470695876e-05
5.645720222e-05
7.08628759e-05
6.640146111e-05
7.311679048e-05
6.148916124e-05
7.169699001e-05
7.80526677e-05
6.329825644e-05
7.659090087e-05
6.901832272e-05
7.941754419e-05
5.291485595e-05
8.80670231e-05
6.158038271e-05
4.38786266e-05
4.380783475e-05
6.985240717e-05
6.098840267e-05
6.072232501e-05
6.920713162e-05
8.605482855e-05
6.861583599e-05
7.672326415e-05
9.340782132e-05
5.060004796e-05
5.876937781e-05
4.165954497e-05
9.118861968e-05
8.221389362e-05
5.722706772e-05
6.482160062e-05
8.052846614e-05
8.774458478e-05
4.754100144e-05
7.060118011e-05
6.230580666e-05
7.707022022e-05
6.118380962e-05
7.565034967e-05
8.254042546e-05
6.677547522e-05
8.091827226e-05
5.81700027e-05
5.044485071e-05
7.83319596e-05
7.760565444e-05
7.666721889e-05
3.451443658e-05
7.499703265e-05
6.075498256e-05
5.999584037e-05
7.258524973e-05
7.818224496e-05
5.802968037e-05
7.638435629e-05
6.928109095e-05
7.460613052e-05
7.380833235e-05
7.285224171e-05
7.206414704e-05
7.112639443e-05
7.035096771e-05
7.521804685e-05
7.439456897e-05
7.342012207e-05
7.820066041e-05
8.819988013e-05
7.087681531e-05
7.532750319e-05
6.918211024e-05
6.30234818e-05
7.272692032e-05
8.202957534e-05
7.09992486e-05
7.00738661e-05
8.417606904e-05
7.819648633e-05
7.252920916e-05
7.159319965e-05
7.083931489e-05
6.993112182e-05
7.381667004e-05
7.287757505e-05
7.663626551e-05
6.231638898e-05
7.04960312e-05
6.091399083e-05
6.89192007e-05
7.657708847e-05
7.160910585e-05
5.825345046e-05
7.416875169e-05
6.920643955e-05
6.85429007e-05
7.171613826e-05
7.893142137e-05
6.631145358e-05
6.955764252e-05
7.640440005e-05
7.191652611e-05
7.111297473e-05
7.788454637e-05
6.969763163e-05
5.816562945e-05
7.552991208e-05
7.12937502e-05
7.761169087e-05
7.343092583e-05
7.615607231e-05
6.519542626e-05
7.010045169e-05
7.881820305e-05
6.121697694e-05
7.862277567e-05
6.100251271e-05
6.090427895e-05
6.069664228e-05
6.921754037e-05
8.61462746e-05
6.872886606e-05
5.982360242e-05
8.517974405e-05
8.466405021e-05
6.746806081e-05
7.538306221e-05
8.338508461e-05
7.447962005e-05
7.410459548e-05
7.349512371e-05
7.308386388e-05
7.243772158e-05
6.399368328e-05
9.508767581e-05
5.509802627e-05
5.455148806e-05
6.96347569e-05
6.125480728e-05
8.358127058e-05
8.267842829e-05
8.200902241e-05
8.109257074e-05
7.309274357e-05
7.22517642e-05
5.728680523e-05
7.076378896e-05
5.608695024e-05
7.61903013e-05
7.546050071e-05
8.131065783e-05
5.367230032e-05
7.950584649e-05
7.214284243e-05
6.475746051e-05
7.690545319e-05
6.959880324e-05
7.512665276e-05
7.416219488e-05
7.336987699e-05
7.242228029e-05
7.163945922e-05
7.070989292e-05
6.993954616e-05
6.902847273e-05
8.534155159e-05
7.861146546e-05
6.664268965e-05
7.125150862e-05
6.504999201e-05
6.419849367e-05
6.878820609e-05
7.311076372e-05
6.714975476e-05
6.627332398e-05
7.564205627e-05
7.963507704e-05
7.87802155e-05
6.803960542e-05
6.250752113e-05
7.594090176e-05
6.105231327e-05
6.027056118e-05
7.79948916e-05
6.794442938e-05
6.724580346e-05
6.639858266e-05
7.886968505e-05
7.355877772e-05
7.710609872e-05
6.346233467e-05
7.121409331e-05
7.448435447e-05
6.55641656e-05
7.287324962e-05
8.019378574e-05
5.943351647e-05
7.457073897e-05
6.982392545e-05
6.532999704e-05
7.598108209e-05
7.151797698e-05
8.188392088e-05
7.745182903e-05
7.660491653e-05
7.591694266e-05
7.510740537e-05
6.735026979e-05
7.36676839e-05
7.301856965e-05
7.916825104e-05
6.823962399e-05
8.70179584e-05
8.696867154e-05
6.947770647e-05
6.940303762e-05
7.788967573e-05
5.184298743e-05
6.027827628e-05
6.014812171e-05
7.699914994e-05
8.532145671e-05
7.639006858e-05
5.921842929e-05
6.727038142e-05
5.025711039e-05
9.151150344e-05
9.938596108e-05
5.753913195e-05
6.542852556e-05
8.11159837e-05
6.453035822e-05
7.19575927e-05
7.946283969e-05
8.659046134e-05
5.473636196e-05
8.516459401e-05
7.686828971e-05
7.60732878e-05
8.304185648e-05
8.214835705e-05
7.407674367e-05
5.860167573e-05
5.08405604e-05
5.743746173e-05
7.827453076e-05
8.438674126e-05
5.573782571e-05
8.260285143e-05
6.817732225e-05
6.734379122e-05
6.668028992e-05
7.243790745e-05
6.518708674e-05
7.080457646e-05
7.007331247e-05
6.918362633e-05
7.467932484e-05
7.372351117e-05
7.293660012e-05
7.199736421e-05
7.715472658e-05
7.029824092e-05
6.953290872e-05
6.862956658e-05
6.787917488e-05
6.699458132e-05
7.1782395e-05
6.539566126e-05
7.006945868e-05
7.447384667e-05
7.366020534e-05
7.269882695e-05
7.704424059e-05
7.604057309e-05
7.521829092e-05
6.929190617e-05
8.323715466e-05
7.732746757e-05
8.606810118e-05
7.080040514e-05
7.939567209e-05
6.454846908e-05
6.84391562e-05
8.108435794e-05
6.241713002e-05
6.603366144e-05
9.58664105e-05
7.315504754e-05
6.816248534e-05
8.836000439e-05
7.082341484e-05
6.584528349e-05
6.112925702e-05
8.052614044e-05
6.779068537e-05
7.092864871e-05
6.245151701e-05
7.329777008e-05
7.643607283e-05
7.178430762e-05
7.486717987e-05
6.662581902e-05
6.968828448e-05
7.618036713e-05
7.909127002e-05
7.113295171e-05
7.402576301e-05
6.976774418e-05
6.91531608e-05
7.187828528e-05
7.124966826e-05
6.913497647e-05
9.500691355e-05
9.487475161e-05
7.754154506e-05
6.016499408e-05
7.72308854e-05
6.841787219e-05
5.973660469e-05
8.497101929e-05
7.626588222e-05
8.430135783e-05
7.562130035e-05
5.846378287e-05
9.151600161e-05
8.26332101e-05
6.581259796e-05
5.715487236e-05
7.311622252e-05
7.252015696e-05
4.807726336e-05
4.765585778e-05
5.525837307e-05
7.038385409e-05
6.991639024e-05
5.384442554e-05
6.873402799e-05
8.314287433e-05
7.500850931e-05
6.67841231e-05
6.624530402e-05
5.823166853e-05
7.938902235e-05
7.848234168e-05
6.364299476e-05
6.289762937e-05
8.308953102e-05
6.157149359e-05
7.453531486e-05
8.032050676e-05
6.627518721e-05
7.200079539e-05
7.127401183e-05
7.677935332e-05
7.598728787e-05
7.502549818e-05
6.186441038e-05
7.328998674e-05
7.250841053e-05
7.157740518e-05
7.080492526e-05
6.98913542e-05
7.489188679e-05
7.392151475e-05
7.311376736e-05
7.216334576e-05
6.588300968e-05
6.502495029e-05
7.50320725e-05
6.876464506e-05
7.324552627e-05
6.712782721e-05
8.172040521e-05
7.057559131e-05
6.981263071e-05
7.382939396e-05
7.790636095e-05
7.69001614e-05
6.65720524e-05
7.041055595e-05
7.431394838e-05
7.336470148e-05
7.260102499e-05
7.168028253e-05
7.094319519e-05
7.880727533e-05
7.800736305e-05
7.275572494e-05
8.47379063e-05
8.369338636e-05
7.458035238e-05
8.185776415e-05
7.295494463e-05
8.00868493e-05
7.535258643e-05
6.662238977e-05
6.599228946e-05
6.906025905e-05
6.841615558e-05
6.011869144e-05
6.701114424e-05
7.730306463e-05
7.660066058e-05
7.93681403e-05
6.792963201e-05
6.366549928e-05
7.011079411e-05
7.284915169e-05
6.876913968e-05
6.466970779e-05
7.085221558e-05
8.582767947e-05
6.00455515e-05
8.566057677e-05
8.556889503e-05
8.536399977e-05
7.67045625e-05
8.494087302e-05
8.475811482e-05
8.439533527e-05
7.574954093e-05
7.535937604e-05
5.842012198e-05
7.466312929e-05
7.437461729e-05
6.566528657e-05
8.171727298e-05
8.110815868e-05
7.263185739e-05
8.004701101e-05
7.960162517e-05
9.468823917e-05
8.626755237e-05
6.992697649e-05
7.718156085e-05
6.114025532e-05
9.105646081e-05
6.759163567e-05
6.707753152e-05
8.110834691e-05
5.119869364e-05
7.956616857e-05
6.454803009e-05
8.508471185e-05
6.324815239e-05
6.945559916e-05
7.56971263e-05
7.4794497e-05
6.061187254e-05
6.652868299e-05
6.587497703e-05
7.156892701e-05
7.728806966e-05
7.632284438e-05
7.553637783e-05
7.458322603e-05
7.380046212e-05
7.28615311e-05
7.208521916e-05
7.709251005e-05
7.039490722e-05
7.527991304e-05
6.873365623e-05
9.046057011e-05
6.710453343e-05
7.727346029e-05
6.550962775e-05
7.543482166e-05
7.993879393e-05
8.415922473e-05
6.763295502e-05
7.702363327e-05
6.602814621e-05
7.519753614e-05
6.446686706e-05
7.342200595e-05
8.716124631e-05
8.603724578e-05
8.512240071e-05
6.535664474e-05
6.928787176e-05
7.296414619e-05
7.671745027e-05
6.237864471e-05
7.496658222e-05
6.967010306e-05
5.603233621e-05
8.087376616e-05
6.320831868e-05
7.075346241e-05
7.417564711e-05
6.513103414e-05
7.659018545e-05
7.168709254e-05
7.888800117e-05
7.795362845e-05
6.563378015e-05
8.394791285e-05
7.182415912e-05
7.100187212e-05
6.294330565e-05
7.688067403e-05
6.892661987e-05
6.816949458e-05
7.466858828e-05
6.683275214e-05
6.623889362e-05
6.899682764e-05
7.864776411e-05
7.108026037e-05
7.716956992e-05
7.672020122e-05
8.519681836e-05
5.104762481e-05
9.348734938e-05
5.935016099e-05
6.772032421e-05
8.436725921e-05
5.051163046e-05
7.544465942e-05
7.524014416e-05
6.653723541e-05
7.460869579e-05
8.240585232e-05
8.208799477e-05
8.969105388e-05
8.92936699e-05
7.251627508e-05
5.611967469e-05
4.771381257e-05
8.698950555e-05
7.839405555e-05
7.012462578e-05
7.71955467e-05
8.435319597e-05
8.353000466e-05
8.293548199e-05
7.462532758e-05
4.443523406e-05
5.861683981e-05
8.721830924e-05
7.907005774e-05
7.840123489e-05
7.75123285e-05
8.381090539e-05
7.593324043e-05
7.523457206e-05
6.758229531e-05
6.024480608e-05
6.612848372e-05
5.893161413e-05
7.760968203e-05
7.682821004e-05
7.587173192e-05
7.509078763e-05
7.414613767e-05
7.336874255e-05
7.243805588e-05
7.166693899e-05
7.075201531e-05
6.998961052e-05
7.484917856e-05
6.834088092e-05
6.74600394e-05
7.228412239e-05
6.586073401e-05
7.59971965e-05
6.965399546e-05
6.889233157e-05
6.799838832e-05
6.725644629e-05
7.149040598e-05
7.071352288e-05
7.976852147e-05
6.904334494e-05
7.301908917e-05
7.223594987e-05
6.655211655e-05
7.995411788e-05
6.964359706e-05
6.891057128e-05
7.710343736e-05
7.630088493e-05
7.97666697e-05
7.456046781e-05
6.496257432e-05
6.858994979e-05
7.197001691e-05
7.124919353e-05
7.451122324e-05
9.016982374e-05
6.073095836e-05
6.013964451e-05
6.337799241e-05
7.453903145e-05
6.977931573e-05
7.295904448e-05
7.210828956e-05
7.895504516e-05
7.80503861e-05
7.364946977e-05
6.18985173e-05
7.576799685e-05
7.493449174e-05
7.426154377e-05
6.996534593e-05
7.627810024e-05
6.175595079e-05
7.141443977e-05
7.068785626e-05
7.674384387e-05
7.620257134e-05
6.769770906e-05
9.295660693e-05
8.44159242e-05
8.421566489e-05
8.408127602e-05
8.380134078e-05
8.362165707e-05
8.326705616e-05
7.473755276e-05
5.78325428e-05
8.234721702e-05
7.367400051e-05
8.969929198e-05
8.910022663e-05
7.257777818e-05
8.805073019e-05
6.371744685e-05
7.110526176e-05
7.071108172e-05
7.009908076e-05
5.418980937e-05
7.670087491e-05
5.33359694e-05
9.054435985e-05
8.240930398e-05
7.415484589e-05
7.359279365e-05
8.009434092e-05
7.22285845e-05
7.143645025e-05
7.083318362e-05
6.3029666e-05
7.635587079e-05
8.233202009e-05
6.118170255e-05
7.38920303e-05
7.318930517e-05
7.230637745e-05
7.810666069e-05
7.714968913e-05
7.637379034e-05
6.285493399e-05
7.46504237e-05
7.371414249e-05
7.294204457e-05
7.201947474e-05
7.125348502e-05
7.03464179e-05
8.118711309e-05
6.869847246e-05
7.927799729e-05
6.70790048e-05
7.187632075e-05
6.549126585e-05
7.017336962e-05
6.926574773e-05
7.904849521e-05
7.282329209e-05
7.202903761e-05
6.601815743e-05
7.032414724e-05
5.949838973e-05
7.847431423e-05
6.777919906e-05
7.184187491e-05
6.619035148e-05
6.548675524e-05
6.464859272e-05
6.853735764e-05
7.668701652e-05
7.588881896e-05
6.611408844e-05
7.415872976e-05
6.89207736e-05
6.822103584e-05
7.158349252e-05
6.669783468e-05
7.411135411e-05
6.522601931e-05
7.248612823e-05
6.779243653e-05
8.273713369e-05
6.243267902e-05
6.169283337e-05
7.256694783e-05
6.794557482e-05
6.357199947e-05
6.284301376e-05
7.32523216e-05
7.604959101e-05
7.894691273e-05
7.097924436e-05
7.385891309e-05
7.306384647e-05
7.586309958e-05
6.48306237e-05
7.440647227e-05
7.029976095e-05
6.968602501e-05
6.728167069e-05
7.564963968e-05
7.554628285e-05
8.385101231e-05
6.692240463e-05
6.68157988e-05
8.324296388e-05
8.306478052e-05
7.4442739e-05
6.599256112e-05
4.924296835e-05
8.180316822e-05
8.132133261e-05
4.860526101e-05
8.851713242e-05
8.812635695e-05
9.543055226e-05
7.912946259e-05
8.634489074e-05
8.586709348e-05
6.964935699e-05
7.691820915e-05
6.859125226e-05
6.813899534e-05
8.247469709e-05
7.44452368e-05
7.369025942e-05
8.044595886e-05
8.68328581e-05
8.613703779e-05
8.519581918e-05
7.039793289e-05
7.65660006e-05
8.278997801e-05
6.819489968e-05
6.756928882e-05
6.677174074e-05
7.275137381e-05
6.534235772e-05
6.470283102e-05
7.030385713e-05
6.327059548e-05
7.49853181e-05
7.421519461e-05
6.717988933e-05
7.252028107e-05
7.160570333e-05
7.08447742e-05
6.994544428e-05
7.495893019e-05
6.830984278e-05
7.883008597e-05
7.226077129e-05
6.597516429e-05
7.598023985e-05
6.978232134e-05
6.358320385e-05
7.337002519e-05
7.242202203e-05
7.163247146e-05
7.57573564e-05
7.493468166e-05
6.903629288e-05
7.804666097e-05
8.185656182e-05
7.621554804e-05
6.113017683e-05
6.513281065e-05
6.889316659e-05
6.816816482e-05
6.730153195e-05
6.660104102e-05
7.01437766e-05
6.942239783e-05
6.426761348e-05
7.209707341e-05
7.120109771e-05
7.463413624e-05
6.142979493e-05
7.298746241e-05
8.01103112e-05
8.329651896e-05
6.662010164e-05
6.98616532e-05
6.903356578e-05
7.597794006e-05
6.758196699e-05
7.439022685e-05
6.985968588e-05
6.921646194e-05
7.564075131e-05
7.852244283e-05
7.059647934e-05
7.695874981e-05
7.266840698e-05
7.88822534e-05
6.108468854e-05
7.400225723e-05
7.324523262e-05
7.920660495e-05
6.683376641e-05
7.51461491e-05
5.836750186e-05
4.997616657e-05
9.140759674e-05
7.466910429e-05
6.615358303e-05
7.426374473e-05
8.216854693e-05
7.375224776e-05
5.707274081e-05
4.875975663e-05
5.655279529e-05
4.828783635e-05
7.195223489e-05
7.163514911e-05
5.530807207e-05
6.289503526e-05
9.358970243e-05
4.653637067e-05
7.689485208e-05
5.350010073e-05
8.330334091e-05
6.770867758e-05
6.705571091e-05
6.658095827e-05
5.858516644e-05
5.814264281e-05
7.910537581e-05
7.847252761e-05
7.761816384e-05
5.597439879e-05
6.918313561e-05
6.857398753e-05
6.100629809e-05
7.388021652e-05
6.637371109e-05
5.259538331e-05
7.145188856e-05
7.075346368e-05
7.624586998e-05
7.548088906e-05
7.45498331e-05
7.378501107e-05
7.286507972e-05
7.210336695e-05
7.119665921e-05
7.044072539e-05
6.954901585e-05
6.880124678e-05
6.792558535e-05
7.83872075e-05
7.185717992e-05
8.200888557e-05
7.016167977e-05
6.939560723e-05
6.850209357e-05
7.817780902e-05
7.202514988e-05
7.632883726e-05
6.529853721e-05
6.955812012e-05
6.866190296e-05
6.306921036e-05
7.183644207e-05
6.632871911e-05
6.547849337e-05
6.47826715e-05
7.766051456e-05
8.136351381e-05
6.247913799e-05
6.624520288e-05
7.413050569e-05
6.905233202e-05
5.966396739e-05
7.593185986e-05
8.748694703e-05
5.774025457e-05
8.147150517e-05
6.856649196e-05
6.773228695e-05
8.679962563e-05
7.016434029e-05
5.790877324e-05
7.24814497e-05
6.801656524e-05
6.348766177e-05
7.029442312e-05
7.314429454e-05
8.334134831e-05
7.88189641e-05
6.74521703e-05
6.670692938e-05
6.610788442e-05
7.227722488e-05
7.504649962e-05
6.750500011e-05
7.694797437e-05
7.615871272e-05
6.89296608e-05
9.958767936e-05
6.635494776e-05
8.283135089e-05
6.619485707e-05
7.429495093e-05
8.24188975e-05
6.571859173e-05
7.37756874e-05
7.346708121e-05
7.326927381e-05
7.290035698e-05
7.266272022e-05
9.631798584e-05
6.396604102e-05
8.73735437e-05
7.908106375e-05
7.065378239e-05
6.249173967e-05
5.424573797e-05
7.706661551e-05
7.64077794e-05
6.8350871e-05
8.277959863e-05
7.475973431e-05
6.663740898e-05
8.822190687e-05
8.005616784e-05
7.945248151e-05
8.576726781e-05
7.799206042e-05
6.311943486e-05
6.258895524e-05
8.251909193e-05
6.816135315e-05
7.411751061e-05
8.01158574e-05
7.257843854e-05
7.189104747e-05
7.748964342e-05
7.033873291e-05
7.580185543e-05
7.504222224e-05
7.411937714e-05
7.335978585e-05
7.244784116e-05
7.169121905e-05
7.079226184e-05
7.004125925e-05
7.492014373e-05
6.84140428e-05
6.75456268e-05
7.238147201e-05
7.695484654e-05
8.155392049e-05
7.514187518e-05
7.43218599e-05
6.812654633e-05
7.256631127e-05
6.651598918e-05
8.097405326e-05
6.994031507e-05
7.412285443e-05
7.804748782e-05
6.272921436e-05
6.668731424e-05
7.53973681e-05
6.978029516e-05
7.364145916e-05
6.361482021e-05
7.643379571e-05
6.658615748e-05
7.467889981e-05
6.939996358e-05
6.868619067e-05
6.782652208e-05
6.29416186e-05
7.459246049e-05
6.97424983e-05
6.888502923e-05
8.024029286e-05
7.530105363e-05
7.849193359e-05
6.591627873e-05
6.91233248e-05
7.589287481e-05
7.141554313e-05
7.058109728e-05
6.992211671e-05
6.911842734e-05
7.208616698e-05
7.127249434e-05
7.415582113e-05
7.6827522e-05
7.267679753e-05
7.189023178e-05
7.125181334e-05
7.049917242e-05
7.320686097e-05
7.574735632e-05
7.83515458e-05
6.59556134e-05
7.415900989e-05
7.405900672e-05
4.932044914e-05
7.380832743e-05
8.187928325e-05
8.161160451e-05
4.071889064e-05
8.109864469e-05
4.852838954e-05
7.242768571e-05
7.219198474e-05
7.177233674e-05
6.355368615e-05
5.524448306e-05
7.857410172e-05
7.800334728e-05
6.985528104e-05
7.700271106e-05
5.360520638e-05
9.111220606e-05
8.301500142e-05
7.478400084e-05
4.457609612e-05
8.094080321e-05
5.845069488e-05
7.233078372e-05
7.896488817e-05
6.393316526e-05
8.456448106e-05
7.66794984e-05
6.912369375e-05
5.468294917e-05
8.130438601e-05
6.697915061e-05
7.300408135e-05
7.215089212e-05
7.796560345e-05
6.419759984e-05
7.62860027e-05
7.536298234e-05
7.460862469e-05
7.369386361e-05
7.293943373e-05
7.203535376e-05
7.12837561e-05
7.039243247e-05
6.964629828e-05
6.876948886e-05
7.370043708e-05
6.716989538e-05
6.644246881e-05
6.559695934e-05
6.488318051e-05
7.472959265e-05
7.919411126e-05
7.296702468e-05
6.701594845e-05
7.633319277e-05
6.040161216e-05
7.453204157e-05
7.372350166e-05
7.277697269e-05
7.199176666e-05
6.63311285e-05
6.093329968e-05
7.403632457e-05
7.782790241e-05
5.875771329e-05
6.26118003e-05
6.181853356e-05
7.428412149e-05
6.903394148e-05
6.832391167e-05
5.903577087e-05
7.513225718e-05
7.832251462e-05
6.529480373e-05
7.25538941e-05
5.587302273e-05
6.702072432e-05
6.246359756e-05
8.099812997e-05
7.639998008e-05
6.41696704e-05
7.851769407e-05
8.12950411e-05
6.955373328e-05
7.599089387e-05
7.170565625e-05
7.089541758e-05
6.673835078e-05
6.947255928e-05
6.884868876e-05
7.491247317e-05
7.424729241e-05
6.678301947e-05
6.619594583e-05
7.861609018e-05
7.46837811e-05
4.914385064e-05
8.186122478e-05
5.722591504e-05
8.98315017e-05
8.147559678e-05
8.948135789e-05
4.864916102e-05
8.090951999e-05
5.640185197e-05
8.035784156e-05
5.596974784e-05
6.375760818e-05
8.715930871e-05
5.525328698e-05
8.625912707e-05
7.807359821e-05
8.525972652e-05
6.94130266e-05
6.886592867e-05
8.370697725e-05
8.299710536e-05
7.499691421e-05
8.175162588e-05
8.859963859e-05
7.312918745e-05
7.2614076e-05
7.907757421e-05
6.421356243e-05
7.766688762e-05
8.4052978e-05
6.928966203e-05
7.558005041e-05
8.15356509e-05
6.735080505e-05
6.658347684e-05
6.597614574e-05
7.172835341e-05
7.105083101e-05
7.658985079e-05
6.952368835e-05
7.492916191e-05
7.418000905e-05
7.327320788e-05
7.252387139e-05
7.162753682e-05
7.088089868e-05
6.999709416e-05
6.925576668e-05
6.838624173e-05
6.765256409e-05
7.23648477e-05
7.158165398e-05
7.067300973e-05
6.990443924e-05
7.43218096e-05
6.826076108e-05
7.257133799e-05
7.690715864e-05
6.579876605e-05
7.008893296e-05
6.919020666e-05
7.332842903e-05
6.273679969e-05
7.160781029e-05
8.482979239e-05
8.392113904e-05
7.364452546e-05
7.286226605e-05
6.294381222e-05
6.228164084e-05
6.588583106e-05
6.954681891e-05
7.296374499e-05
6.37175946e-05
7.550563796e-05
6.643443373e-05
6.971151836e-05
6.495322075e-05
5.613588076e-05
6.749112539e-05
7.451411083e-05
6.213709756e-05
7.290095665e-05
6.460041475e-05
7.509876145e-05
7.438739634e-05
6.616563672e-05
7.6472286e-05
7.199235174e-05
7.846205568e-05
6.699619428e-05
6.988113342e-05
7.601641279e-05
6.848525769e-05
6.774147266e-05
7.385403836e-05
7.307056862e-05
6.584398287e-05
7.167966558e-05
7.428496944e-05
5.696270811e-05
6.506441692e-05
5.685524531e-05
7.302257353e-05
8.094884125e-05
8.082097861e-05
6.444727716e-05
8.038806785e-05
7.205062171e-05
7.185757434e-05
9.533399467e-05
7.126857732e-05
5.511166105e-05
7.058781314e-05
7.012841864e-05
8.533737365e-05
6.93185109e-05
6.897633676e-05
7.603875757e-05
6.805949205e-05
8.997947273e-05
7.453149457e-05
8.863325956e-05
7.337824338e-05
6.541324098e-05
8.660433042e-05
7.145199502e-05
7.091585248e-05
4.912660286e-05
8.354762556e-05
6.88756954e-05
7.51294748e-05
7.429827956e-05
8.034326077e-05
7.943094051e-05
5.903057665e-05
7.131073492e-05
7.705968537e-05
6.980209994e-05
7.540713651e-05
7.45003074e-05
6.146357496e-05
7.285732722e-05
7.211301745e-05
7.122431148e-05
7.048256913e-05
6.960617165e-05
6.886959036e-05
6.800724255e-05
6.727814626e-05
7.196673781e-05
7.118833707e-05
7.569359763e-05
6.952297545e-05
7.919834224e-05
6.789068252e-05
6.186850254e-05
8.159225371e-05
7.551452722e-05
7.967244167e-05
6.882115394e-05
6.321255901e-05
6.240379611e-05
6.647939921e-05
7.500577255e-05
6.956485623e-05
6.867829811e-05
7.247882038e-05
5.814118952e-05
8.408171113e-05
6.117175238e-05
7.350695546e-05
5.977418912e-05
6.761069884e-05
5.424776033e-05
6.6088284e-05
6.526946948e-05
7.269209222e-05
6.382173912e-05
7.898838435e-05
7.022536616e-05
7.726749134e-05
7.252187479e-05
7.182489433e-05
7.47079043e-05
6.660010036e-05
8.410433197e-05
7.969614623e-05
6.803557215e-05
7.450438819e-05
7.015310858e-05
8.341829203e-05
6.874295177e-05
7.493820769e-05
7.075372427e-05
6.344698339e-05
7.929158267e-05
6.877053002e-05
6.805782652e-05
6.103989108e-05
7.276591851e-05
4.848399256e-05
8.069906651e-05
5.642993191e-05
4.825731187e-05
6.42416156e-05
6.403436598e-05
6.389863525e-05
6.363602546e-05
6.346579504e-05
7.893971851e-05
8.655249264e-05
7.040929013e-05
8.57283833e-05
6.968682028e-05
8.480062723e-05
8.419224704e-05
6.092898415e-05
6.045261994e-05
6.763677431e-05
5.961573511e-05
8.147899754e-05
6.606725816e-05
7.292902302e-05
7.946292336e-05
5.738549324e-05
7.102056e-05
6.343966379e-05
7.673661195e-05
6.92069279e-05
8.215997499e-05
5.431581063e-05
8.057537459e-05
7.987116941e-05
6.580598999e-05
7.172816001e-05
5.800741464e-05
7.661457544e-05
7.571071469e-05
7.497525378e-05
7.407633403e-05
7.333738396e-05
7.244614078e-05
7.170679234e-05
7.082560062e-05
7.008869155e-05
6.921959136e-05
7.419500494e-05
6.763242106e-05
7.248350415e-05
7.15729843e-05
7.624542026e-05
6.452770166e-05
7.446454863e-05
6.826806113e-05
8.310719398e-05
8.204880102e-05
7.101057546e-05
7.010429477e-05
6.438885419e-05
7.334573282e-05
6.771412839e-05
6.684925585e-05
7.085205448e-05
6.994825764e-05
7.842588738e-05
7.287323732e-05
8.561802496e-05
7.118492805e-05
7.043618138e-05
8.258677157e-05
8.172731393e-05
6.371126212e-05
6.72596472e-05
6.226917193e-05
7.396393806e-05
6.493163206e-05
5.624558233e-05
7.936454549e-05
6.679275997e-05
6.986221199e-05
7.686778925e-05
6.834951944e-05
7.521390752e-05
5.945687566e-05
6.993599653e-05
7.639275291e-05
7.567903788e-05
6.055768733e-05
7.05878509e-05
6.978775296e-05
7.952613959e-05
7.180305804e-05
7.454676454e-05
7.708595874e-05
7.972352355e-05
7.230140261e-05
6.189360873e-05
7.092171387e-05
7.030433733e-05
4.016672805e-05
8.028949287e-05
8.018303894e-05
9.611862956e-05
7.192395252e-05
6.383174595e-05
7.953339017e-05
7.936507114e-05
8.694433527e-05
4.729751991e-05
7.844082805e-05
7.036849416e-05
7.774041529e-05
6.970060673e-05
6.925074861e-05
8.427059055e-05
7.606224439e-05
6.811923603e-05
8.260850408e-05
8.215689186e-05
5.924970565e-05
7.361777277e-05
6.566454181e-05
6.523674249e-05
7.180201564e-05
7.129875196e-05
6.353487344e-05
6.305966781e-05
8.321430691e-05
6.191620057e-05
7.486866885e-05
6.749477317e-05
7.342836319e-05
7.940459359e-05
7.85088192e-05
6.482973318e-05
7.689809327e-05
7.617457803e-05
6.900544916e-05
7.454828995e-05
7.365715892e-05
7.292320953e-05
7.203956955e-05
7.130511826e-05
7.630060624e-05
6.969919172e-05
6.883728136e-05
7.378584996e-05
7.286685097e-05
6.654160759e-05
8.213482622e-05
7.583103138e-05
6.952723586e-05
6.877240275e-05
6.790153736e-05
6.199609351e-05
6.630892781e-05
6.558686531e-05
6.475147081e-05
6.404750749e-05
8.755037325e-05
6.735700042e-05
8.074775462e-05
7.987747774e-05
6.958246966e-05
6.883759014e-05
7.702447129e-05
7.172391049e-05
7.524130606e-05
8.320877471e-05
7.351087186e-05
5.99083739e-05
7.605862213e-05
7.109423611e-05
5.781824473e-05
6.949461279e-05
6.459727394e-05
7.993697995e-05
6.316493084e-05
8.990154645e-05
7.336406079e-05
7.647220118e-05
7.933072361e-05
6.734402236e-05
7.024135625e-05
7.689939092e-05
6.876073003e-05
7.528855326e-05
5.670090405e-05
7.373410132e-05
6.942618316e-05
7.223458061e-05
7.823278628e-05
7.415938958e-05
7.334989377e-05
5.948090175e-05
7.519208111e-05
6.805070788e-05
7.054871743e-05
6.99348314e-05
6.385798067e-05
8.775679992e-05
7.967356889e-05
7.959007419e-05
7.9408664e-05
3.171353659e-05
6.322421585e-05
8.674960232e-05
7.854194254e-05
7.833249529e-05
7.794820386e-05
6.992692475e-05
7.725443885e-05
6.926531466e-05
7.646677835e-05
5.329363365e-05
6.047357629e-05
9.026483214e-05
7.463724524e-05
6.680689855e-05
5.888814347e-05
8.780311445e-05
7.977041754e-05
8.645626012e-05
7.850729209e-05
8.504500348e-05
7.719044716e-05
6.964910777e-05
6.893487069e-05
8.20673823e-05
6.766295155e-05
6.70994684e-05
6.636454506e-05
5.920757792e-05
7.155109587e-05
6.445639813e-05
7.008655619e-05
7.573960558e-05
7.485153187e-05
7.412616148e-05
6.713914266e-05
7.251368694e-05
7.163753624e-05
7.681691242e-05
7.004142242e-05
6.931399705e-05
6.845917127e-05
7.338118287e-05
7.80442109e-05
7.720924501e-05
7.07982635e-05
7.54211225e-05
6.915352271e-05
7.366494282e-05
6.234362606e-05
6.680413826e-05
6.0883367e-05
6.022067751e-05
7.431893299e-05
6.37097609e-05
7.257562026e-05
7.178959255e-05
7.560081686e-05
8.413450165e-05
8.306458498e-05
5.934901254e-05
7.662530841e-05
6.689280198e-05
6.164338557e-05
7.406548236e-05
6.452846224e-05
6.811409477e-05
6.305649009e-05
7.072889099e-05
7.39564325e-05
6.507114463e-05
7.631628073e-05
6.75982639e-05
7.462436474e-05
7.388619324e-05
6.530555299e-05
7.227663072e-05
6.389129719e-05
7.072126991e-05
6.620343166e-05
7.650518493e-05
7.200828063e-05
7.133531196e-05
7.756287933e-05
7.684799054e-05
6.56149236e-05
7.186221711e-05
7.106067035e-05
7.712947516e-05
6.965259146e-05
6.245974988e-05
6.829606726e-05
7.736733507e-05
7.336960674e-05
6.956918927e-05
6.345436392e-05
7.134730023e-05
7.125347893e-05
8.699648447e-05
9.468985635e-05
7.090593647e-05
8.638682229e-05
6.269422721e-05
7.804982542e-05
7.784201103e-05
7.746172862e-05
7.721206952e-05
7.677450061e-05
7.648380643e-05
6.839477544e-05
8.323014939e-05
8.264022335e-05
6.728317455e-05
8.159963379e-05
6.639955079e-05
6.584733819e-05
5.81809466e-05
7.929002933e-05
7.877514503e-05
7.094367667e-05
6.34032237e-05
6.975695939e-05
7.616054229e-05
7.53822458e-05
8.158555544e-05
7.399495261e-05
6.670876712e-05
5.938247601e-05
6.540633868e-05
7.114054032e-05
7.690480596e-05
6.968778359e-05
7.530957249e-05
6.822677753e-05
7.370878668e-05
7.283288133e-05
7.210873827e-05
7.123996531e-05
7.051512067e-05
7.546046003e-05
6.893303656e-05
6.808519226e-05
6.736701253e-05
8.316542913e-05
7.679119121e-05
6.500045404e-05
6.96573627e-05
8.465699143e-05
6.280418159e-05
6.718017135e-05
6.644964445e-05
6.05619234e-05
7.487877519e-05
7.392877049e-05
6.337555774e-05
7.700970325e-05
7.617591724e-05
7.520787463e-05
6.50980081e-05
6.886225203e-05
5.904199005e-05
7.174612833e-05
7.542109942e-05
7.008757907e-05
8.235377769e-05
6.41978141e-05
8.470636252e-05
7.946322523e-05
7.864578533e-05
7.357901364e-05
8.092377521e-05
6.793495677e-05
7.912193506e-05
7.033669163e-05
6.577189645e-05
7.261688197e-05
7.569311557e-05
7.852250174e-05
5.92512787e-05
6.58658978e-05
7.611499993e-05
7.164063821e-05
7.097099938e-05
6.664346445e-05
6.2553925e-05
7.558558483e-05
7.149367293e-05
7.406164195e-05
7.006038438e-05
7.259279683e-05
7.521903545e-05
6.794220067e-05
6.734579844e-05
6.981437216e-05
6.606156198e-05
7.881977159e-05
3.938848917e-05
7.080642684e-05
7.07324886e-05
6.273122531e-05
5.480381191e-05
9.365146396e-05
6.230278446e-05
7.756383678e-05
6.188610476e-05
6.928315911e-05
9.208027363e-05
6.867043986e-05
7.60120446e-05
8.30801587e-05
8.2719504e-05
6.720178927e-05
7.430310325e-05
8.110438331e-05
7.333015604e-05
8.726714662e-05
7.951728215e-05
7.881539242e-05
4.983008049e-05
7.757437276e-05
7.703325456e-05
4.85419846e-05
6.194651129e-05
7.494135225e-05
8.110935328e-05
8.025348798e-05
7.958710726e-05
5.904083822e-05
7.153392533e-05
6.430424489e-05
7.009472876e-05
7.559293431e-05
6.864402884e-05
7.401163065e-05
7.32960857e-05
7.242762224e-05
7.17082873e-05
7.084678286e-05
7.597053758e-05
6.927441884e-05
6.855624082e-05
6.771527699e-05
6.700155713e-05
7.168802381e-05
6.546654873e-05
8.081553989e-05
6.395524909e-05
7.894386993e-05
6.247056601e-05
8.224640696e-05
7.118342323e-05
6.526417755e-05
6.952014582e-05
7.844552871e-05
7.759365238e-05
7.660961242e-05
6.630786661e-05
6.546662149e-05
6.476158405e-05
8.22092465e-05
6.325644529e-05
7.583926678e-05
6.179300548e-05
7.408735568e-05
7.330832563e-05
8.090268046e-05
7.163337124e-05
7.905905013e-05
5.765475961e-05
6.507149097e-05
6.441026884e-05
7.156636443e-05
7.872061371e-05
6.220468086e-05
6.92878321e-05
7.22489709e-05
7.154402071e-05
7.812453514e-05
6.631974109e-05
5.825047847e-05
7.572877471e-05
7.484056729e-05
7.767142791e-05
7.328369298e-05
6.91505518e-05
7.519997011e-05
6.774179964e-05
7.703190336e-05
6.638277217e-05
7.878554091e-05
6.507209169e-05
7.402931383e-05
7.018921056e-05
7.576680297e-05
7.197876814e-05
7.832780725e-05
7.04568523e-05
6.254662177e-05
7.810177889e-05
7.013340089e-05
7.002367452e-05
6.980255072e-05
6.965572439e-05
6.166709028e-05
7.68792418e-05
8.415744713e-05
6.100875808e-05
6.066583528e-05
9.065528023e-05
8.257297205e-05
6.726688884e-05
4.452924237e-05
7.385265227e-05
7.328646199e-05
8.017726233e-05
8.674418619e-05
5.029915206e-05
6.410160337e-05
6.368667695e-05
7.711617856e-05
8.354083535e-05
5.515139695e-05
7.526950606e-05
6.773235099e-05
7.391878808e-05
7.979061124e-05
7.25349428e-05
7.827081194e-05
7.759155671e-05
7.672734906e-05
7.603410471e-05
7.516767123e-05
6.825865899e-05
7.359870893e-05
7.288798048e-05
7.202684811e-05
7.131225953e-05
7.045791664e-05
6.974243623e-05
7.463861403e-05
7.386550372e-05
7.296180624e-05
7.774671964e-05
7.678839743e-05
7.596851957e-05
7.502613611e-05
7.421756099e-05
7.329119054e-05
7.767559504e-05
7.158735379e-05
6.575182496e-05
6.99172979e-05
7.903687215e-05
6.340585985e-05
7.236641657e-05
6.668695015e-05
6.12535676e-05
7.443411822e-05
6.903066361e-05
7.270057703e-05
7.64181086e-05
7.101389428e-05
7.465157407e-05
7.371053121e-05
8.15161727e-05
7.201945763e-05
7.546241376e-05
7.451902018e-05
7.375239867e-05
6.878919246e-05
6.40848395e-05
7.120527898e-05
6.657484153e-05
7.736381602e-05
6.893839322e-05
6.053454236e-05
7.492974425e-05
5.922330067e-05
8.064858153e-05
6.520105124e-05
6.817059698e-05
6.382485148e-05
5.9715411e-05
6.596855768e-05
5.848027739e-05
6.801660908e-05
7.75076013e-05
6.997543314e-05
6.934708686e-05
7.838309378e-05
7.445071953e-05
7.36496753e-05
6.982940695e-05
7.537653499e-05
7.472165342e-05
8.562614074e-05
7.779990172e-05
6.992894324e-05
7.76179729e-05
6.969960679e-05
6.959072593e-05
8.478785835e-05
7.691797793e-05
7.660979265e-05
6.876605981e-05
5.322664649e-05
7.579412002e-05
6.783282927e-05
6.757719074e-05
6.714976938e-05
6.68591863e-05
7.376762257e-05
8.074839296e-05
6.556230075e-05
6.520677719e-05
5.748497083e-05
6.428571242e-05
7.080269474e-05
7.737962484e-05
7.666336523e-05
7.61302672e-05
7.53912905e-05
8.163464831e-05
6.734078035e-05
5.344895576e-05
7.933304334e-05
6.556349392e-05
7.134015963e-05
6.429263382e-05
5.722090707e-05
6.930559707e-05
6.851823567e-05
7.404828212e-05
7.319036916e-05
7.248439467e-05
7.759969197e-05
7.092058207e-05
7.007329596e-05
6.936240954e-05
6.852403178e-05
6.781487335e-05
6.698737562e-05
7.180594837e-05
8.183434936e-05
6.47689359e-05
7.462869095e-05
6.855166016e-05
6.769799914e-05
6.181385606e-05
8.138635074e-05
7.043979665e-05
8.445832394e-05
6.879814914e-05
6.793031592e-05
6.719317225e-05
7.582177412e-05
7.500161617e-05
6.479653241e-05
6.867756533e-05
5.876819273e-05
8.050111016e-05
6.623751903e-05
7.427267013e-05
6.039560517e-05
6.402925834e-05
6.322589302e-05
7.925281162e-05
7.414380975e-05
6.522757982e-05
7.649560584e-05
7.173301732e-05
7.084781893e-05
7.793006182e-05
8.467328574e-05
7.24031536e-05
7.528865329e-05
7.082611344e-05
6.260904282e-05
7.294891461e-05
6.847772675e-05
7.8537868e-05
7.408789015e-05
7.339505403e-05
7.599981587e-05
7.187631211e-05
6.767311379e-05
7.376325274e-05
7.956687565e-05
7.885240819e-05
7.148600915e-05
7.085187766e-05
7.645973284e-05
7.263114945e-05
7.186567243e-05
7.433898704e-05
6.962586783e-05
7.732039645e-05
9.266440936e-05
9.256814872e-05
6.157435197e-05
7.684788688e-05
6.894649914e-05
9.173586818e-05
9.136982151e-05
8.353399686e-05
6.801756352e-05
6.779967568e-05
6.742164012e-05
8.955725199e-05
5.932869255e-05
7.384044014e-05
8.799025463e-05
8.026473265e-05
7.241277872e-05
7.922279713e-05
7.85737756e-05
7.10062606e-05
6.334770666e-05
6.293894276e-05
7.621583854e-05
6.880605992e-05
7.495453004e-05
7.439907799e-05
7.364908225e-05
7.971352702e-05
5.91605201e-05
6.519042528e-05
7.093669088e-05
7.032275752e-05
6.954437585e-05
7.518289856e-05
6.813706145e-05
6.750075603e-05
7.278653548e-05
7.208525362e-05
7.123846017e-05
7.053318362e-05
6.969285168e-05
7.47353771e-05
7.383447674e-05
6.745017014e-05
6.662926196e-05
7.691670047e-05
7.597340277e-05
7.516328782e-05
7.423543447e-05
6.2945402e-05
7.770420197e-05
6.149065167e-05
7.590284324e-05
7.507904933e-05
7.907918571e-05
7.333151296e-05
7.240824372e-05
6.207308721e-05
6.600466283e-05
6.529091358e-05
7.828087841e-05
7.2883265e-05
7.646105591e-05
8.009310697e-05
6.150939852e-05
6.955067588e-05
6.438376424e-05
8.069543442e-05
8.807179669e-05
7.055437487e-05
7.377235882e-05
6.490077972e-05
8.011898766e-05
7.137421584e-05
6.266127107e-05
6.978663942e-05
6.127318963e-05
7.583331535e-05
6.742162507e-05
7.418161652e-05
6.229648094e-05
7.621384285e-05
7.889382403e-05
7.104120378e-05
7.020685759e-05
6.607270456e-05
7.905606434e-05
7.492145254e-05
7.406637754e-05
7.005653782e-05
6.597159173e-05
7.518608807e-05
7.112454185e-05
6.728942406e-05
6.973231039e-05
7.540445889e-05
7.460793746e-05
7.087854429e-05
7.688808486e-05
6.147741252e-05
6.907294221e-05
8.433493491e-05
6.884792068e-05
5.346498408e-05
6.852629926e-05
6.078470326e-05
6.811103975e-05
7.547892873e-05
7.511767899e-05
8.236514377e-05
5.95692498e-05
8.159997305e-05
8.108789906e-05
7.339825563e-05
5.831046141e-05
8.704018017e-05
7.918207274e-05
7.159457808e-05
7.811122705e-05
7.058891615e-05
6.297736933e-05
6.25716215e-05
7.577350646e-05
7.524820428e-05
8.129760104e-05
6.724669989e-05
6.657106617e-05
6.604905561e-05
7.189735011e-05
6.482157828e-05
7.053776014e-05
7.628519768e-05
7.544341505e-05
6.853403578e-05
7.392011433e-05
7.323063402e-05
7.238713371e-05
7.16904843e-05
7.08507031e-05
7.014999445e-05
7.509289247e-05
7.433253406e-05
7.343887095e-05
6.708936864e-05
7.732078302e-05
7.650830152e-05
7.017433304e-05
6.94265367e-05
6.857156502e-05
7.305180871e-05
7.729958614e-05
6.626837702e-05
7.047608374e-05
5.97527539e-05
7.375538668e-05
7.295463729e-05
8.164287962e-05
6.65062373e-05
7.974059827e-05
7.887857433e-05
6.872145199e-05
7.704637527e-05
8.502536847e-05
6.640768224e-05
8.305748446e-05
6.920120976e-05
8.114420694e-05
7.183952326e-05
6.259413157e-05
7.846094341e-05
7.748264515e-05
7.264939267e-05
7.17482636e-05
7.101898589e-05
6.624669441e-05
6.558194576e-05
7.62110765e-05
7.168373756e-05
6.70868207e-05
7.381312703e-05
7.657220655e-05
6.500153735e-05
7.493333399e-05
7.775668479e-05
7.684306848e-05
6.920386349e-05
7.524167286e-05
6.438208594e-05
7.369607014e-05
7.966427041e-05
7.548692522e-05
7.155653395e-05
7.398338038e-05
7.651537153e-05
6.622648398e-05
7.189778464e-05
7.113659151e-05
7.358529339e-05
8.40618539e-05
7.637890204e-05
8.390891988e-05
7.620186235e-05
9.123978071e-05
4.554894512e-05
6.811119024e-05
6.796875634e-05
8.274412844e-05
6.001874022e-05
8.213236955e-05
8.931277296e-05
8.141715751e-05
7.373792029e-05
8.060467466e-05
6.566520198e-05
8.694734699e-05
7.93145882e-05
8.587161748e-05
8.540813381e-05
7.765409249e-05
8.421173877e-05
5.56545217e-05
5.529650031e-05
8.21850317e-05
8.161613838e-05
7.40960168e-05
8.023478324e-05
7.943132405e-05
7.224191653e-05
7.14920202e-05
7.7348258e-05
7.651995414e-05
7.585946537e-05
6.877285522e-05
7.435054001e-05
6.73872961e-05
7.28285442e-05
7.19920913e-05
7.130001527e-05
7.046714437e-05
7.558519186e-05
6.894422311e-05
6.8246779e-05
7.30474819e-05
6.673240657e-05
6.592439994e-05
6.523218562e-05
6.443616543e-05
6.906245099e-05
7.870845583e-05
7.267132034e-05
7.177255143e-05
6.592546732e-05
7.011328783e-05
8.421440425e-05
6.359421459e-05
7.25816156e-05
7.167119661e-05
8.507315583e-05
6.533619535e-05
6.001366367e-05
7.293340595e-05
8.116753982e-05
6.678836092e-05
6.607448614e-05
6.95933679e-05
6.455178557e-05
7.224080125e-05
7.148147335e-05
7.88917516e-05
7.39619184e-05
6.898270553e-05
6.425690596e-05
8.725810116e-05
6.67413147e-05
6.591906141e-05
7.293488567e-05
6.825098348e-05
7.132936426e-05
7.41725834e-05
7.344828031e-05
7.982198789e-05
6.827347459e-05
6.036022535e-05
7.385498774e-05
7.646240283e-05
7.574703855e-05
7.486824539e-05
6.743419572e-05
7.666260383e-05
7.266225074e-05
6.531331799e-05
7.443588082e-05
7.041246397e-05
7.296023223e-05
7.530707051e-05
7.464691617e-05
7.385485615e-05
7.016355918e-05
5.317012225e-05
6.832503082e-05
8.340156537e-05
8.331536283e-05
9.068906328e-05
8.30025496e-05
6.770108011e-05
9.007960669e-05
6.729338071e-05
8.948806393e-05
5.937544511e-05
6.658433721e-05
8.093243768e-05
7.329932722e-05
6.55585981e-05
7.25295864e-05
5.762340625e-05
6.451191977e-05
7.825468874e-05
7.075723701e-05
8.42206663e-05
6.976877408e-05
7.608276469e-05
6.184969303e-05
6.128514693e-05
6.762395166e-05
6.697644828e-05
7.97787697e-05
7.240062393e-05
6.530410839e-05
6.462839532e-05
7.050589235e-05
7.60944108e-05
7.543845854e-05
7.461106789e-05
7.394123404e-05
7.311116428e-05
6.639494198e-05
7.160133727e-05
7.091377666e-05
8.760964519e-05
7.517897019e-05
8.00052258e-05
7.353973758e-05
7.824949193e-05
6.637922296e-05
6.557753199e-05
6.48894665e-05
6.944120838e-05
7.398694587e-05
6.786013487e-05
6.196694996e-05
7.140267446e-05
7.567625558e-05
5.978932113e-05
6.899819992e-05
7.300433669e-05
6.73982298e-05
7.606215615e-05
7.994032119e-05
7.893708781e-05
7.808425801e-05
7.710311294e-05
7.627398e-05
7.531543595e-05
7.451056584e-05
6.924707196e-05
7.279475257e-05
5.919733748e-05
8.367879388e-05
7.850150264e-05
7.768474282e-05
7.268000646e-05
7.592843685e-05
7.498795564e-05
8.203886753e-05
8.102868921e-05
7.639565485e-05
7.546148033e-05
6.350705879e-05
7.01174832e-05
6.943267147e-05
6.498766986e-05
7.15132145e-05
7.41955784e-05
5.949295947e-05
6.571019598e-05
7.194747682e-05
7.111221055e-05
6.374604332e-05
7.296645384e-05
7.558899588e-05
6.823853707e-05
6.762581015e-05
7.006174523e-05
6.944050226e-05
7.180842858e-05
7.427382421e-05
7.348398798e-05
6.981144877e-05
7.550033352e-05
6.036804807e-05
7.536391765e-05
8.281476588e-05
6.760871561e-05
6.00034498e-05
6.729587912e-05
8.207900283e-05
5.945943923e-05
6.67158435e-05
8.115594331e-05
7.354316589e-05
5.851160385e-05
8.015251288e-05
5.793112751e-05
5.047204187e-05
6.444665397e-05
7.12606141e-05
7.072645044e-05
7.034586868e-05
8.373347952e-05
7.630238927e-05
8.252251992e-05
6.832771108e-05
7.447678886e-05
6.723889039e-05
6.659722483e-05
6.610659198e-05
7.199382416e-05
7.792548115e-05
6.426810734e-05
7.6487595e-05
6.306131196e-05
6.877025738e-05
6.801826517e-05
7.353640992e-05
6.665385166e-05
7.203746727e-05
7.121480215e-05
7.053170008e-05
6.971235209e-05
6.902500758e-05
7.389579912e-05
7.31496474e-05
7.227708713e-05
8.803967753e-05
7.067048636e-05
6.992952389e-05
6.376648664e-05
6.834561666e-05
6.750992704e-05
8.219669895e-05
7.103659024e-05
7.026943034e-05
6.93987874e-05
6.864697356e-05
6.779221734e-05
7.663669341e-05
7.567893673e-05
7.953786646e-05
6.930121289e-05
6.855270788e-05
7.220551592e-05
7.589356088e-05
7.053285041e-05
7.850163002e-05
7.751723096e-05
7.669526592e-05
6.732018659e-05
6.661268238e-05
7.811509551e-05
7.73023733e-05
6.428714878e-05
5.964907717e-05
6.283813327e-05
8.552402184e-05
7.679226156e-05
7.222037564e-05
6.758296635e-05
7.806587081e-05
7.344673968e-05
7.272930122e-05
7.904060399e-05
7.11630762e-05
7.031630628e-05
6.616630775e-05
6.882934091e-05
7.159446084e-05
7.413240118e-05
7.678696659e-05
7.260703659e-05
6.867604152e-05
7.760166139e-05
7.37004968e-05
6.654566193e-05
7.223714621e-05
6.83445991e-05
7.082509139e-05
7.007029148e-05
6.946285479e-05
9.005857845e-05
6.000710386e-05
8.989641023e-05
6.735284887e-05
6.720550131e-05
6.710144147e-05
8.176116625e-05
8.159090779e-05
6.649512045e-05
6.632038349e-05
7.334216807e-05
8.041981662e-05
8.725102807e-05
7.243760956e-05
6.479095948e-05
8.60174857e-05
7.11904416e-05
8.501543308e-05
7.734877639e-05
7.693318152e-05
7.631423867e-05
8.276096506e-05
7.521351596e-05
6.793803694e-05
8.078657052e-05
7.354400843e-05
7.946672588e-05
7.230860849e-05
6.508324568e-05
7.749093338e-05
7.669417695e-05
6.972570576e-05
7.525736713e-05
7.461031008e-05
6.76471459e-05
7.313599445e-05
7.231972817e-05
7.164833862e-05
7.083241799e-05
7.015371862e-05
6.934098724e-05
6.865798766e-05
6.78509582e-05
6.716646816e-05
7.18979515e-05
7.663127932e-05
6.489463254e-05
6.956594608e-05
6.343684018e-05
6.276253936e-05
6.199690644e-05
7.15532705e-05
6.562608067e-05
6.491770562e-05
6.411504396e-05
6.342078306e-05
8.190421881e-05
6.671941934e-05
5.647466959e-05
6.982892092e-05
7.355257322e-05
6.366358345e-05
7.184699223e-05
7.551691764e-05
7.895707707e-05
8.679288241e-05
7.713530685e-05
7.20776328e-05
6.698955314e-05
7.871411927e-05
6.95501081e-05
5.668065748e-05
7.99661862e-05
6.7271867e-05
6.643975678e-05
7.35012208e-05
7.641802637e-05
7.186834483e-05
7.472648627e-05
6.65876459e-05
6.943466318e-05
5.790005159e-05
7.508036538e-05
6.373471485e-05
6.297617855e-05
6.584366195e-05
7.876737178e-05
7.124489214e-05
6.706352432e-05
6.976691281e-05
7.225114281e-05
6.508512077e-05
6.756768422e-05
7.652684545e-05
6.937068577e-05
6.875569265e-05
7.418864577e-05
7.047460478e-05
7.27533146e-05
7.21228433e-05
7.460266561e-05
6.710675649e-05
6.702190245e-05
5.951374878e-05
7.423007555e-05
6.670377196e-05
7.388872906e-05
7.373507591e-05
8.079261716e-05
5.860407472e-05
8.020246068e-05
7.267978044e-05
7.228390919e-05
7.20143042e-05
7.157093583e-05
8.551735529e-05
7.785614915e-05
7.748022332e-05
6.292116032e-05
6.953731676e-05
7.587783665e-05
7.54310504e-05
8.158505203e-05
6.755278223e-05
7.363668881e-05
7.977813036e-05
7.243666843e-05
7.844130868e-05
7.766594882e-05
7.06394381e-05
7.627133954e-05
6.934205173e-05
6.860857041e-05
7.420301706e-05
7.339642301e-05
7.273991599e-05
7.193040106e-05
7.126339133e-05
7.632529481e-05
8.140972792e-05
6.897355802e-05
6.829485014e-05
7.311871776e-05
6.681392499e-05
6.602102095e-05
7.623204448e-05
7.531823691e-05
6.920612936e-05
7.362901522e-05
8.8456898e-05
7.71002822e-05
8.135793509e-05
7.031556905e-05
6.458859702e-05
5.888460216e-05
7.280907853e-05
6.231854196e-05
7.586870397e-05
6.555847097e-05
6.484881746e-05
8.233595191e-05
7.239748978e-05
8.936501414e-05
6.188328945e-05
6.110887917e-05
6.909277832e-05
6.396427312e-05
5.906710793e-05
6.666215153e-05
7.42068706e-05
6.921109973e-05
7.654881647e-05
8.355611968e-05
6.694466082e-05
7.000640512e-05
7.314428704e-05
5.703556579e-05
6.39913367e-05
5.949146588e-05
6.626484855e-05
7.637171253e-05
7.922668792e-05
6.404266625e-05
7.047298579e-05
6.61523787e-05
7.587006553e-05
7.156868947e-05
6.414646138e-05
6.673716429e-05
6.942732492e-05
7.189872094e-05
7.124437759e-05
7.364072092e-05
6.980647921e-05
7.530571985e-05
7.46381761e-05
7.382318351e-05
7.012756994e-05
7.239339994e-05
7.17662687e-05
7.416178902e-05
7.412251385e-05
7.402913886e-05
8.874374151e-05
8.855110816e-05
7.367865351e-05
7.345429455e-05
7.330175292e-05
5.111211522e-05
7.282595922e-05
4.349131199e-05
7.225564536e-05
7.186357438e-05
5.011714221e-05
7.827244291e-05
7.085250589e-05
8.444512482e-05
7.003164872e-05
6.256112606e-05
6.913997106e-05
7.544639737e-05
8.18212378e-05
8.11242603e-05
6.045468497e-05
6.656700562e-05
7.272053343e-05
7.20333793e-05
7.150494845e-05
7.723679844e-05
7.024986547e-05
6.321094918e-05
7.523192355e-05
6.823532665e-05
6.765013445e-05
7.300028242e-05
7.234810446e-05
7.154524332e-05
7.088255837e-05
7.007983794e-05
6.940978049e-05
6.86100022e-05
7.359682822e-05
6.714117583e-05
7.200381863e-05
6.567829762e-05
7.042002311e-05
7.493011099e-05
6.355386059e-05
7.32522787e-05
6.212108204e-05
6.648066083e-05
7.082682237e-05
6.496333955e-05
6.426280851e-05
6.347150667e-05
5.79552225e-05
8.108683617e-05
7.549045258e-05
6.523308968e-05
7.37453686e-05
7.737768692e-05
6.303514082e-05
8.003308603e-05
7.477473613e-05
6.515320465e-05
7.734891826e-05
6.789567895e-05
7.137450427e-05
7.463017644e-05
7.384601435e-05
7.697836608e-05
7.617752068e-05
6.731327855e-05
7.053948239e-05
7.353858529e-05
7.279080317e-05
7.189637338e-05
6.74284542e-05
7.770595537e-05
6.960878608e-05
7.962264758e-05
6.450915895e-05
7.789679693e-05
7.714622892e-05
6.236812032e-05
7.207168948e-05
7.800583769e-05
7.391570117e-05
7.637606008e-05
6.909102688e-05
7.154972043e-05
6.767585365e-05
7.009607867e-05
7.578184418e-05
6.86931258e-05
7.427373608e-05
7.346130423e-05
7.28180203e-05
6.903548591e-05
7.141320255e-05
5.898087415e-05
7.368714023e-05
5.887572623e-05
7.35192023e-05
8.06962544e-05
8.05718317e-05
6.572244488e-05
6.558614392e-05
7.985097883e-05
5.792145885e-05
7.206465671e-05
7.902007496e-05
7.859290983e-05
7.830060048e-05
7.074736262e-05
7.748981288e-05
6.996821999e-05
7.659449563e-05
8.294025145e-05
6.874714054e-05
8.18398218e-05
5.423955449e-05
6.722387036e-05
6.679523375e-05
7.943490551e-05
7.231567278e-05
7.163455592e-05
7.757430601e-05
7.681236462e-05
7.621589041e-05
6.915287455e-05
7.482247829e-05
7.403576941e-05
6.7284825e-05
6.655769544e-05
7.196049128e-05
7.116418834e-05
7.050577413e-05
7.551863933e-05
8.055097982e-05
6.825025884e-05
6.757997846e-05
6.679182439e-05
7.162981137e-05
6.533911415e-05
7.005693105e-05
6.922125293e-05
7.90356324e-05
6.246803816e-05
6.695568245e-05
8.140862918e-05
7.550260912e-05
7.458111163e-05
6.885877395e-05
6.801260128e-05
7.208262003e-05
7.119196978e-05
6.103171272e-05
7.418391123e-05
7.796777031e-05
5.888037712e-05
7.616673845e-05
6.194341109e-05
7.0032084e-05
6.483573449e-05
6.841970416e-05
6.334315528e-05
7.938430166e-05
9.07731772e-05
6.940594788e-05
8.467064344e-05
7.58098094e-05
5.91079789e-05
6.239972286e-05
6.93331151e-05
7.244071944e-05
6.77852017e-05
7.828860446e-05
6.628540883e-05
8.385870617e-05
7.563869485e-05
6.776612234e-05
7.399908325e-05
6.630634334e-05
7.93097159e-05
6.830982325e-05
6.750484004e-05
7.02163721e-05
7.600796387e-05
7.530634931e-05
6.796754206e-05
7.376308145e-05
7.609803129e-05
6.913019367e-05
6.835928511e-05
7.083313614e-05
7.310295549e-05
7.246294287e-05
7.168414905e-05
7.106359334e-05
8.062503442e-05
8.058253639e-05
7.316524693e-05
8.770841869e-05
8.751949124e-05
7.282061147e-05
7.260057314e-05
8.694025037e-05
7.938834307e-05
6.478433964e-05
6.448378718e-05
8.570646545e-05
7.814114195e-05
7.077356082e-05
7.737690736e-05
8.405126065e-05
5.565606858e-05
7.615918264e-05
6.185327837e-05
8.203049839e-05
8.137971514e-05
4.71931901e-05
8.021811771e-05
4.649595681e-05
7.241148376e-05
6.537754107e-05
7.12401245e-05
7.07189563e-05
7.002652253e-05
7.580014953e-05
7.503034684e-05
7.441746567e-05
7.363733576e-05
7.300738875e-05
7.22206927e-05
7.157700933e-05
7.07871709e-05
7.597738893e-05
6.934308178e-05
6.868145485e-05
7.3552124e-05
7.283046934e-05
7.752043793e-05
6.577815638e-05
9.208817265e-05
7.505891514e-05
7.946328979e-05
6.814867094e-05
8.286886214e-05
7.174137127e-05
7.08741857e-05
8.513961444e-05
6.431385032e-05
6.362099278e-05
6.767466426e-05
7.172480001e-05
8.028560685e-05
6.540200885e-05
5.997821283e-05
7.302106763e-05
7.211375524e-05
8.025297944e-05
7.485079577e-05
7.404700098e-05
7.312418894e-05
5.957705326e-05
6.723957117e-05
7.068496146e-05
8.212358847e-05
7.719776968e-05
7.62387495e-05
7.147480829e-05
7.451119972e-05
6.986315197e-05
8.050152063e-05
6.829956663e-05
7.495686373e-05
7.420408844e-05
7.329863044e-05
6.894357443e-05
6.810815769e-05
7.454156344e-05
7.364554381e-05
7.293571473e-05
7.893049513e-05
6.798309788e-05
6.382255952e-05
6.988009965e-05
5.919918162e-05
7.820355538e-05
7.086178608e-05
7.660010423e-05
7.573118447e-05
7.192407479e-05
7.112088601e-05
6.436100091e-05
7.274808587e-05
7.211131151e-05
7.133470969e-05
7.071739053e-05
6.558289183e-05
6.554840254e-05
7.274081808e-05
7.26664697e-05
8.701264431e-05
7.239904146e-05
7.939922233e-05
8.643817551e-05
7.893103722e-05
8.5881843e-05
7.836116582e-05
7.101243043e-05
5.650511862e-05
7.740636892e-05
6.994252765e-05
7.660919735e-05
7.609410244e-05
6.884435431e-05
6.150532744e-05
7.477219269e-05
8.092475303e-05
7.374674134e-05
7.312487905e-05
7.926538488e-05
7.201209237e-05
7.802108353e-05
7.729092318e-05
7.672625957e-05
6.96458941e-05
6.910650962e-05
7.462560837e-05
7.401681409e-05
7.324316762e-05
7.26173625e-05
7.183710877e-05
7.119759292e-05
7.041412718e-05
7.557777097e-05
6.898048252e-05
7.401657674e-05
6.754197216e-05
7.245324394e-05
7.161257538e-05
7.089333316e-05
7.544967463e-05
7.467585472e-05
7.906003784e-05
6.258768891e-05
7.729805482e-05
7.138029457e-05
6.5482308e-05
7.474756359e-05
6.891656322e-05
8.278328966e-05
6.253006395e-05
7.13705149e-05
5.639357702e-05
7.437799469e-05
7.80494781e-05
7.266422644e-05
7.176280351e-05
6.655221508e-05
6.134317486e-05
6.501919378e-05
8.561331487e-05
7.19945932e-05
6.273398401e-05
7.862106369e-05
6.538393402e-05
6.469706692e-05
7.188086412e-05
6.71812574e-05
6.634985243e-05
7.339259521e-05
8.011809459e-05
6.042152251e-05
7.460026228e-05
7.015844415e-05
6.565513673e-05
7.583842042e-05
8.205481581e-05
6.358896976e-05
7.678562201e-05
6.913219318e-05
6.830859444e-05
7.780840554e-05
7.354767554e-05
7.28587962e-05
7.200917001e-05
7.134432448e-05
7.372833574e-05
6.988077985e-05
6.908720282e-05
7.15790173e-05
7.385590318e-05
7.32014614e-05
7.239664495e-05
7.176307631e-05
7.098866064e-05
7.330681727e-05
5.79593504e-05
7.241117507e-05
7.955341352e-05
6.502273076e-05
7.209302843e-05
7.918055687e-05
4.305988108e-05
7.161822189e-05
7.13445179e-05
6.404269445e-05
5.666471048e-05
8.472897374e-05
7.023000929e-05
8.396385717e-05
6.954693829e-05
6.925122986e-05
8.254470848e-05
8.214898256e-05
5.436557276e-05
7.435448163e-05
6.706237472e-05
5.333625578e-05
7.272099485e-05
6.56902413e-05
7.812772643e-05
7.112769452e-05
7.686998243e-05
7.630915171e-05
7.556659756e-05
6.24851063e-05
7.422521306e-05
7.36204535e-05
6.678209709e-05
7.223148136e-05
7.145757794e-05
7.082217773e-05
7.004499467e-05
6.939907824e-05
7.434012694e-05
7.363227658e-05
7.279275596e-05
7.207990607e-05
6.576524792e-05
6.510530235e-05
6.970411811e-05
6.89897783e-05
8.39049152e-05
6.746147073e-05
7.691047743e-05
7.609589387e-05
8.019218935e-05
6.941729726e-05
7.837196237e-05
8.237398433e-05
8.136778704e-05
7.101971258e-05
8.417653062e-05
6.938852422e-05
6.39632346e-05
8.134971292e-05
6.695179795e-05
7.506077542e-05
6.540792638e-05
7.333329447e-05
6.816172768e-05
6.743432689e-05
7.90827768e-05
7.000861439e-05
7.727300266e-05
6.43884582e-05
8.743634876e-05
8.259374161e-05
8.157241209e-05
6.919966766e-05
7.594124165e-05
7.516882671e-05
7.795938966e-05
5.512593276e-05
6.53444741e-05
7.188521739e-05
6.746373164e-05
7.032005134e-05
6.947476521e-05
6.536468254e-05
7.818283004e-05
6.733893464e-05
7.652610725e-05
7.251317933e-05
7.492466039e-05
6.777779525e-05
7.018695442e-05
6.954799747e-05
7.188266696e-05
7.433452679e-05
7.350212988e-05
7.285088365e-05
7.204858327e-05
7.141818828e-05
7.064595278e-05
7.003500691e-05
8.643999092e-05
7.919517849e-05
5.752525081e-05
6.464996244e-05
6.451227032e-05
7.872741476e-05
6.422090608e-05
8.545122389e-05
8.51258738e-05
6.367820332e-05
8.451475968e-05
8.424854178e-05
6.983315662e-05
6.261736243e-05
6.224021874e-05
6.88621564e-05
7.524265352e-05
6.126744629e-05
6.757893238e-05
7.394141169e-05
6.669160096e-05
7.293248223e-05
6.574686147e-05
7.839598838e-05
7.122638263e-05
7.074032819e-05
7.645360189e-05
6.957184153e-05
7.516027326e-05
6.836472685e-05
7.382909137e-05
7.322831532e-05
7.246735671e-05
7.184967961e-05
7.700553936e-05
7.045070079e-05
6.96797122e-05
6.903785999e-05
7.395542112e-05
7.325194644e-05
7.241892166e-05
7.171039596e-05
7.088253529e-05
8.096751388e-05
6.935142962e-05
7.392134499e-05
6.783026369e-05
7.228635267e-05
7.652676732e-05
7.066893636e-05
6.483323261e-05
7.894130116e-05
6.336360712e-05
6.750364068e-05
7.144361431e-05
6.596085247e-05
6.980560428e-05
7.365439403e-05
6.820013386e-05
8.095601893e-05
7.995493012e-05
6.591107999e-05
6.943366817e-05
7.29815758e-05
6.783594765e-05
7.550116305e-05
6.213641794e-05
7.377381683e-05
8.500148034e-05
7.209312713e-05
8.306670994e-05
7.828820098e-05
7.345483239e-05
6.504637179e-05
6.802465423e-05
6.733271662e-05
7.020228534e-05
6.949705113e-05
7.948934591e-05
6.796925899e-05
7.421407755e-05
6.648939945e-05
6.569015486e-05
7.190478609e-05
7.781428413e-05
7.372355011e-05
7.616490502e-05
7.217082595e-05
7.132819808e-05
7.066950079e-05
6.985433567e-05
7.551094864e-05
7.465156306e-05
7.089874045e-05
7.31517296e-05
6.948266255e-05
7.170385234e-05
7.107659942e-05
7.030653798e-05
6.969872985e-05
5.729776834e-05
7.158480101e-05
7.864622841e-05
6.428144384e-05
4.989058975e-05
6.404680612e-05
8.514157448e-05
7.080512655e-05
8.464384762e-05
7.738846822e-05
6.302842225e-05
7.679240012e-05
8.332891654e-05
4.842897417e-05
7.564593733e-05
8.217291643e-05
7.482403471e-05
7.446631147e-05
8.064609771e-05
7.353290594e-05
7.958988542e-05
7.253205851e-05
7.192646464e-05
7.79684029e-05
5.795993653e-05
7.675326354e-05
6.970489886e-05
7.548839485e-05
7.475829522e-05
6.799977525e-05
7.343717524e-05
7.284033245e-05
7.208558199e-05
7.14718929e-05
7.071042136e-05
7.008310047e-05
6.931821983e-05
7.440374773e-05
6.791508596e-05
6.72697155e-05
7.204890746e-05
7.134465504e-05
7.052306863e-05
6.981658056e-05
7.431016085e-05
6.82962233e-05
7.268283898e-05
7.192552919e-05
7.61468669e-05
7.03185478e-05
7.940122641e-05
6.873336566e-05
7.27535409e-05
6.717315059e-05
8.05749536e-05
6.5639796e-05
6.02050876e-05
7.329784791e-05
7.239619199e-05
6.713843097e-05
7.073014885e-05
8.308715522e-05
7.342095911e-05
6.836067277e-05
6.329368777e-05
8.766584783e-05
8.245584495e-05
6.934508787e-05
7.654266759e-05
6.776623915e-05
7.086443717e-05
7.01272864e-05
7.695719456e-05
7.616518544e-05
7.146662054e-05
8.190904054e-05
7.722805598e-05
6.917100896e-05
7.192431777e-05
8.189280505e-05
7.034882754e-05
8.010984767e-05
7.57057024e-05
7.156758925e-05
6.734712738e-05
6.337152095e-05
7.580709652e-05
7.183169005e-05
7.421945191e-05
6.713972391e-05
6.636463397e-05
7.515474716e-05
7.429849737e-05
7.363140317e-05
7.280465434e-05
7.215970653e-05
7.136240458e-05
7.368569021e-05
6.997036898e-05
6.936566667e-05
5.697260894e-05
7.829651163e-05
7.109122788e-05
7.81209033e-05
7.795574686e-05
7.783651416e-05
6.349557496e-05
8.448655586e-05
7.715331218e-05
6.995725304e-05
6.267478806e-05
7.636185287e-05
8.286330722e-05
7.567781286e-05
6.83865713e-05
6.809697929e-05
7.441004818e-05
8.078704127e-05
7.351887845e-05
5.983272748e-05
5.936599665e-05
6.557818881e-05
7.803891795e-05
5.815909227e-05
7.045763329e-05
6.997811687e-05
6.933137584e-05
6.882755169e-05
6.816387792e-05
7.378767208e-05
7.304939806e-05
7.245643918e-05
7.170780874e-05
7.109805823e-05
7.034267177e-05
6.97193164e-05
6.896045889e-05
6.8326588e-05
7.31978321e-05
7.250295267e-05
6.616860472e-05
8.190302992e-05
7.556470868e-05
7.480834836e-05
6.865665255e-05
7.318192957e-05
6.715552431e-05
6.645626927e-05
6.566795709e-05
7.996756192e-05
6.913512145e-05
7.81673473e-05
6.757214092e-05
5.729646927e-05
6.603413164e-05
8.398523546e-05
6.452364282e-05
7.750378317e-05
8.105505533e-05
6.681662758e-05
8.359109782e-05
6.528217986e-05
6.877364219e-05
7.228816369e-05
5.879443636e-05
7.894135361e-05
6.975681238e-05
7.30779024e-05
6.014419949e-05
7.141505378e-05
7.445042976e-05
8.143135903e-05
6.893722628e-05
7.959902797e-05
8.61078737e-05
6.299748109e-05
6.222607999e-05
7.609517085e-05
7.516819215e-05
6.024699036e-05
7.70227387e-05
6.586890988e-05
6.850222542e-05
5.766524684e-05
7.373588742e-05
7.635454645e-05
7.873318344e-05
7.474553225e-05
7.708362004e-05
7.63716255e-05
7.2343852e-05
7.480189045e-05
7.086755747e-05
7.023127238e-05
7.246085699e-05
7.181901294e-05
7.102419329e-05
7.04031316e-05
7.253895775e-05
7.191226199e-05
6.373250911e-05
7.785478326e-05
7.775950015e-05
7.061874265e-05
6.342299235e-05
7.739858257e-05
7.015446555e-05
7.701131505e-05
6.974665727e-05
6.260920553e-05
6.925011111e-05
7.593610656e-05
7.553596625e-05
7.525766945e-05
6.120750537e-05
8.12648788e-05
6.727328859e-05
8.034304103e-05
7.976358327e-05
7.934104116e-05
7.216382522e-05
7.826646387e-05
7.114910845e-05
7.069981755e-05
7.645030699e-05
7.593069567e-05
7.523109232e-05
7.46851057e-05
7.396710197e-05
7.339793226e-05
7.26656946e-05
7.207657119e-05
7.133397438e-05
7.07281139e-05
6.997872756e-05
7.513923023e-05
6.86063719e-05
6.797641983e-05
8.402864816e-05
7.213417036e-05
7.680626965e-05
7.605688721e-05
6.981496325e-05
7.443340645e-05
7.882437497e-05
6.761647414e-05
6.682316367e-05
6.10410702e-05
6.53451677e-05
6.962809206e-05
6.388339274e-05
6.320115229e-05
6.724419149e-05
7.602489658e-05
7.040948957e-05
6.965032381e-05
6.421403742e-05
7.259501218e-05
8.066812444e-05
7.093108733e-05
7.881532463e-05
7.363517018e-05
6.417029299e-05
8.041065493e-05
7.105684256e-05
7.443428576e-05
7.351333603e-05
9.293896929e-05
7.981685113e-05
7.897864215e-05
7.41027864e-05
7.333197909e-05
7.242799922e-05
6.413703394e-05
7.45280737e-05
7.008135013e-05
6.922361924e-05
7.574149244e-05
7.125630769e-05
7.407705569e-05
7.318034098e-05
7.246435494e-05
7.500247489e-05
7.427890915e-05
6.67210462e-05
7.599953143e-05
7.183618978e-05
7.116289099e-05
7.352739482e-05
7.601549067e-05
7.513650522e-05
7.445233163e-05
7.053552896e-05
7.294145647e-05
7.212029133e-05
7.148152132e-05
7.068917268e-05
7.007116107e-05
7.219539992e-05
7.157187436e-05
7.041654672e-05
7.741801116e-05
6.326475735e-05
7.724526559e-05
7.708314568e-05
8.396241959e-05
5.581017342e-05
7.658147309e-05
6.242248177e-05
6.917867163e-05
7.575246848e-05
7.551508131e-05
7.511856543e-05
6.803833213e-05
7.439769495e-05
8.081834422e-05
8.028618298e-05
7.324523663e-05
7.932952969e-05
6.575820882e-05
7.829834092e-05
7.135674137e-05
7.076669753e-05
7.032041629e-05
7.604214659e-05
7.552598812e-05
7.483223116e-05
6.809901833e-05
7.35777524e-05
7.301228795e-05
7.2286001e-05
7.17006655e-05
7.096401763e-05
7.036199951e-05
7.542007413e-05
7.475320852e-05
6.825590254e-05
7.326564106e-05
8.917613164e-05
7.176912065e-05
6.550265427e-05
7.026947939e-05
8.015332658e-05
6.87720468e-05
6.797565824e-05
6.728164857e-05
7.160900557e-05
7.086435286e-05
6.00235718e-05
8.413533631e-05
6.846315982e-05
6.773236929e-05
6.691940997e-05
8.511533454e-05
7.474282892e-05
6.931618837e-05
7.303701601e-05
7.676416373e-05
7.58245996e-05
6.618218762e-05
7.408471656e-05
6.466516778e-05
6.386816838e-05
7.160780406e-05
7.488380785e-05
6.585362566e-05
7.31697596e-05
6.435110623e-05
6.752819462e-05
5.502747977e-05
7.375837457e-05
6.91495241e-05
7.209207155e-05
7.88606145e-05
8.160125769e-05
5.874255596e-05
7.252992929e-05
8.257118998e-05
7.801962778e-05
7.022338599e-05
6.937345916e-05
7.556408807e-05
7.465573768e-05
7.057471085e-05
6.973296813e-05
6.906973268e-05
7.475356168e-05
7.083314002e-05
7.318618362e-05
7.251005096e-05
7.167092732e-05
7.101827366e-05
7.325905793e-05
7.260130925e-05
7.1782912e-05
7.114718674e-05
7.328885188e-05
6.974230652e-05
6.898087781e-05
7.408408167e-05
5.601890305e-05
7.698611238e-05
6.291208187e-05
7.681476681e-05
7.665412994e-05
6.262145878e-05
6.243778695e-05
6.230978415e-05
8.276912337e-05
7.567542819e-05
6.163730101e-05
6.827154458e-05
6.791432023e-05
7.443122412e-05
7.399071848e-05
8.037669006e-05
7.319512587e-05
6.622460212e-05
7.890017457e-05
7.848332141e-05
7.13873333e-05
7.097338794e-05
7.67873186e-05
6.994506532e-05
6.933512786e-05
6.886510753e-05
7.443757706e-05
6.77405048e-05
7.31924803e-05
7.263067493e-05
7.191025474e-05
7.132866044e-05
7.059787846e-05
7.583296053e-05
6.926202143e-05
7.437113285e-05
6.790899567e-05
7.28939702e-05
6.654471742e-05
7.140774715e-05
7.060590409e-05
6.991825287e-05
6.380394125e-05
6.316687377e-05
8.32494795e-05
7.210013209e-05
7.125807769e-05
7.555451974e-05
6.968663286e-05
5.910091166e-05
6.813205368e-05
6.740515164e-05
6.659775068e-05
7.058885301e-05
6.508744288e-05
7.818327602e-05
9.086236488e-05
8.089371797e-05
7.990524035e-05
6.58694644e-05
8.241088018e-05
6.865174925e-05
7.204472539e-05
6.707990992e-05
6.625266938e-05
7.783627464e-05
6.069114979e-05
6.805506545e-05
7.116882162e-05
6.650922009e-05
7.72812099e-05
7.265350281e-05
6.798244323e-05
6.354480317e-05
8.12251339e-05
7.674418246e-05
6.497639502e-05
7.861742726e-05
7.060059197e-05
7.689021734e-05
6.905431905e-05
7.179744174e-05
7.431219165e-05
7.359507593e-05
7.602247306e-05
7.529931413e-05
6.793852505e-05
6.730159316e-05
7.60154344e-05
6.903700217e-05
6.823743614e-05
7.376292444e-05
7.291901114e-05
7.226431972e-05
7.144867451e-05
7.081596511e-05
7.002852458e-05
6.941652428e-05
7.437867378e-05
7.090067553e-05
6.267156432e-05
6.263918657e-05
6.256331663e-05
6.944458173e-05
6.929987568e-05
6.919442205e-05
6.209297967e-05
8.262111854e-05
7.545390098e-05
8.210067568e-05
8.173208402e-05
6.78971667e-05
7.429745149e-05
7.402477101e-05
7.358817033e-05
7.327818368e-05
7.279892027e-05
7.245319371e-05
7.847544202e-05
7.806137845e-05
6.455029107e-05
6.417648321e-05
7.001407679e-05
6.324881828e-05
6.896886556e-05
6.850193071e-05
6.787647517e-05
7.351172329e-05
7.281122194e-05
7.225303032e-05
7.153839457e-05
7.09604956e-05
7.023549809e-05
6.964102505e-05
6.890914558e-05
7.399294302e-05
6.756559724e-05
7.810497824e-05
7.172828303e-05
7.104999461e-05
7.565830429e-05
8.027367687e-05
6.877907178e-05
7.333079735e-05
6.73080406e-05
7.687136293e-05
7.597561345e-05
6.516169078e-05
7.925607731e-05
5.881496812e-05
7.264728725e-05
6.708108039e-05
6.627916883e-05
8.430181907e-05
7.86588583e-05
6.865744385e-05
8.138930823e-05
7.156567271e-05
7.511089584e-05
6.555968264e-05
6.475645703e-05
7.260100448e-05
8.436316568e-05
7.928602966e-05
7.006639392e-05
6.1164283e-05
6.846481029e-05
7.570943922e-05
7.084026379e-05
7.009646635e-05
8.077160025e-05
6.851269042e-05
6.015113994e-05
6.697352155e-05
6.982712586e-05
7.639202212e-05
7.905163255e-05
7.469991205e-05
7.379110085e-05
6.610097185e-05
6.18642916e-05
7.487183254e-05
7.397179296e-05
7.658776206e-05
6.909362273e-05
6.191853979e-05
7.084700576e-05
6.699259809e-05
6.936042768e-05
6.559589742e-05
7.409781499e-05
6.118582214e-05
7.258210655e-05
7.193044411e-05
7.111753516e-05
7.342480538e-05
6.970280972e-05
6.90937715e-05
7.118397871e-05
6.774698395e-05
6.232572224e-05
7.613661212e-05
8.295786262e-05
6.215564123e-05
6.891842471e-05
8.257641851e-05
6.175195981e-05
6.847296658e-05
7.50406816e-05
7.484703623e-05
7.451218739e-05
8.103224682e-05
8.061118862e-05
6.692975719e-05
7.318997863e-05
7.288206422e-05
7.898943372e-05
7.861479417e-05
6.504604816e-05
7.117361914e-05
7.704804414e-05
6.383536981e-05
6.964373789e-05
5.66233016e-05
7.48434027e-05
6.194778582e-05
7.36606266e-05
7.312874651e-05
7.243391494e-05
7.187929253e-05
7.117036052e-05
7.647912116e-05
6.987681894e-05
6.928605026e-05
6.855984716e-05
6.795561235e-05
6.722565429e-05
7.216182761e-05
6.588006415e-05
7.069580888e-05
7.528323705e-05
7.98764178e-05
6.844057221e-05
6.77583071e-05
7.72836063e-05
7.649628072e-05
7.056644034e-05
7.482217936e-05
6.901475702e-05
6.828707453e-05
7.229931136e-05
6.199153106e-05
6.125193327e-05
7.457854681e-05
7.368143354e-05
6.833274465e-05
5.850442746e-05
7.12290158e-05
8.795183376e-05
7.39531745e-05
7.73454417e-05
8.076420277e-05
7.137577641e-05
7.476452793e-05
6.974235186e-05
8.117535258e-05
6.414047377e-05
7.536057961e-05
7.051472566e-05
6.977439266e-05
7.657271981e-05
6.819865212e-05
6.736047986e-05
7.037086938e-05
6.950821238e-05
6.880088097e-05
7.869099203e-05
7.789996298e-05
6.645899256e-05
7.272579701e-05
7.526724413e-05
6.436719774e-05
7.028747588e-05
7.292371899e-05
6.550316794e-05
7.136788699e-05
7.05233039e-05
6.033533905e-05
7.531960717e-05
7.46235576e-05
7.068468998e-05
7.308616754e-05
7.224830082e-05
7.458295776e-05
7.373901154e-05
7.016268841e-05
7.227094869e-05
7.163958969e-05
7.085310659e-05
7.305162665e-05
6.887075128e-05
8.260238592e-05
6.187725963e-05
6.868326163e-05
7.539526505e-05
7.528082015e-05
7.506236871e-05
6.128921534e-05
8.141668747e-05
6.767236756e-05
6.737066969e-05
6.716059508e-05
6.013153186e-05
6.656821659e-05
6.617824821e-05
6.590018576e-05
7.201923924e-05
7.167809717e-05
7.763954922e-05
7.723095849e-05
7.664010499e-05
7.619743612e-05
6.927729618e-05
7.510110076e-05
7.445217627e-05
7.394939884e-05
6.71716851e-05
7.274973946e-05
7.206049818e-05
7.150940126e-05
7.080609384e-05
7.608840546e-05
7.531526663e-05
7.467923219e-05
6.821407204e-05
7.324798613e-05
7.246320784e-05
7.180124395e-05
7.647814034e-05
6.49339725e-05
7.491187016e-05
7.948307129e-05
6.286651219e-05
6.742700278e-05
6.665340932e-05
8.119983045e-05
6.520951558e-05
7.446130735e-05
8.340158004e-05
8.252267816e-05
6.23606994e-05
8.542568223e-05
7.97191472e-05
6.958642268e-05
8.708448411e-05
6.801110217e-05
6.718878625e-05
7.089551144e-05
7.003341399e-05
6.061886042e-05
6.843244244e-05
7.192754908e-05
7.522511176e-05
7.855359473e-05
7.350489874e-05
7.272161805e-05
6.783659194e-05
6.711861287e-05
6.629260102e-05
7.331389096e-05
7.622332395e-05
7.92020595e-05
6.705374644e-05
6.636354772e-05
6.919219873e-05
7.209267536e-05
7.121238828e-05
7.402129563e-05
7.660327172e-05
7.92904739e-05
6.47085628e-05
7.419214561e-05
7.663209642e-05
7.589227712e-05
6.846589448e-05
7.427285117e-05
7.020254659e-05
6.638304246e-05
7.185243017e-05
7.118835706e-05
7.342116347e-05
6.97210736e-05
7.191755139e-05
7.127186358e-05
7.046438017e-05
6.984054916e-05
7.193790204e-05
7.130956961e-05
7.334630795e-05
7.830721266e-05
8.219381852e-05
6.84596862e-05
8.205312364e-05
8.197059266e-05
7.49847818e-05
6.806463541e-05
7.465459888e-05
8.127521955e-05
6.747970326e-05
7.403658412e-05
6.70069572e-05
6.011844288e-05
6.645354165e-05
7.945267314e-05
7.898878331e-05
6.554775971e-05
7.814795802e-05
7.777825608e-05
6.435687098e-05
5.761675423e-05
7.623646284e-05
6.948029789e-05
6.891469048e-05
6.848289415e-05
6.172084889e-05
7.356548281e-05
7.289972762e-05
7.237464075e-05
7.169091181e-05
7.707190555e-05
7.044553698e-05
6.98784569e-05
7.493453473e-05
6.858684739e-05
6.78717672e-05
6.727486584e-05
7.210225564e-05
6.594853473e-05
6.522855678e-05
6.999792658e-05
6.921956706e-05
6.854776917e-05
7.298681524e-05
6.709892252e-05
7.653559123e-05
7.070652503e-05
6.489609296e-05
7.410389965e-05
6.347316216e-05
6.28046266e-05
6.68390477e-05
6.612729768e-05
8.401043881e-05
6.464133789e-05
6.84285251e-05
7.220530502e-05
5.795869264e-05
7.9385755e-05
8.713550725e-05
7.326725376e-05
8.088814051e-05
7.159548504e-05
7.071913579e-05
6.584625562e-05
7.316806986e-05
7.641008213e-05
6.752678633e-05
6.681216288e-05
7.763615943e-05
8.06622174e-05
7.587710215e-05
7.508792635e-05
8.158308137e-05
5.872240755e-05
6.525383261e-05
7.894298709e-05
6.734592609e-05
6.315993447e-05
7.625718149e-05
7.55003198e-05
6.441626142e-05
7.385690889e-05
5.970195346e-05
7.883399996e-05
7.464736335e-05
7.393688762e-05
7.306127083e-05
5.978884306e-05
7.152655313e-05
7.086542802e-05
7.308745097e-05
7.24217159e-05
7.158981647e-05
7.094707507e-05
7.014228113e-05
6.952135448e-05
7.160791087e-05
6.814327312e-05
7.300852517e-05
7.516297741e-05
6.131072467e-05
8.170575389e-05
6.120608575e-05
8.152614385e-05
6.779885821e-05
6.769619408e-05
7.425123547e-05
7.409992172e-05
8.053935296e-05
6.694354943e-05
7.331186583e-05
7.308381641e-05
6.609811327e-05
7.902807356e-05
7.856819595e-05
6.519908308e-05
7.12560821e-05
7.09194089e-05
7.041950302e-05
5.731351547e-05
7.583705016e-05
6.911678984e-05
6.855586085e-05
7.432020392e-05
7.368186673e-05
7.318553247e-05
6.648138089e-05
7.200339022e-05
7.132509719e-05
7.667933342e-05
7.008863355e-05
8.111258555e-05
8.029283532e-05
6.824251142e-05
6.753288064e-05
6.693958163e-05
8.278255565e-05
6.562225884e-05
7.031657916e-05
7.501213674e-05
7.418002057e-05
6.296630959e-05
7.263283347e-05
7.704694556e-05
7.108918831e-05
8.041885773e-05
8.445818226e-05
7.866656705e-05
8.746828556e-05
6.250653263e-05
7.60267752e-05
7.051646666e-05
6.968008816e-05
6.893380465e-05
8.173098119e-05
7.186860409e-05
6.65649525e-05
7.462764644e-05
7.372305026e-05
5.576926805e-05
8.051620776e-05
6.707432749e-05
6.625442394e-05
7.373801202e-05
6.069526155e-05
6.004868135e-05
7.117390331e-05
6.259623393e-05
6.18273945e-05
6.500203888e-05
7.553401134e-05
7.101099712e-05
7.383176049e-05
6.941817253e-05
5.774207506e-05
7.501511777e-05
7.409997686e-05
6.636871731e-05
6.901291313e-05
6.832787405e-05
7.762692344e-05
8.020875062e-05
7.264082207e-05
6.21294298e-05
7.10803967e-05
7.360394975e-05
7.273196574e-05
7.204966782e-05
7.120361869e-05
7.054541554e-05
6.972522671e-05
7.209400014e-05
7.126505503e-05
7.062523329e-05
7.564170615e-05
6.920506418e-05
7.128093332e-05
6.783222521e-05
6.708354398e-05
7.481861296e-05
6.775522108e-05
7.449263987e-05
8.116790594e-05
6.081486652e-05
7.417707991e-05
8.079806411e-05
4.699685928e-05
8.040205262e-05
7.343209338e-05
6.658499575e-05
7.954942532e-05
5.947670027e-05
7.232111336e-05
7.205732235e-05
5.210137588e-05
5.83686867e-05
6.443685155e-05
7.05460559e-05
7.641857359e-05
6.968310788e-05
6.286816735e-05
6.250642328e-05
7.440081669e-05
6.777449597e-05
7.330265863e-05
6.674202946e-05
7.215438778e-05
7.163592896e-05
7.096299687e-05
7.042222174e-05
6.97353283e-05
6.917524598e-05
6.847800308e-05
6.790161561e-05
7.279714153e-05
7.215825807e-05
6.589941476e-05
7.074079514e-05
6.458980913e-05
6.931368805e-05
7.381943204e-05
6.788247916e-05
6.711924951e-05
7.667567048e-05
6.569499489e-05
7.002973066e-05
7.416715413e-05
8.318585013e-05
7.73818708e-05
6.221125502e-05
6.621077565e-05
7.018539544e-05
7.397818432e-05
6.861206466e-05
6.779274424e-05
6.706408943e-05
8.392598892e-05
7.428306929e-05
7.338406564e-05
6.405347648e-05
6.749278292e-05
6.259453318e-05
7.007446691e-05
7.747996862e-05
6.444763457e-05
7.970148108e-05
7.085179846e-05
6.620758206e-05
8.078227797e-05
7.232155838e-05
7.895370971e-05
8.557376094e-05
7.717509478e-05
7.274348792e-05
7.185385953e-05
7.112248799e-05
6.322970104e-05
7.65036158e-05
6.183351717e-05
7.142295252e-05
5.375958739e-05
7.652250821e-05
6.902846008e-05
6.836177025e-05
7.71947439e-05
7.645982283e-05
7.555368611e-05
7.17262967e-05
7.396548226e-05
7.328168376e-05
7.242904468e-05
7.176923693e-05
7.09432268e-05
7.03062983e-05
6.950683706e-05
7.176212375e-05
7.663348257e-05
8.159150486e-05
7.234220799e-05
6.896054592e-05
5.391309208e-05
6.735698196e-05
6.727701766e-05
8.065155005e-05
7.377971916e-05
7.36682647e-05
7.345744524e-05
5.997935033e-05
7.968072494e-05
7.285328873e-05
7.912680838e-05
6.573437718e-05
6.539854188e-05
7.167631618e-05
7.77403165e-05
7.741528947e-05
6.409902643e-05
7.655630545e-05
6.968506521e-05
6.30183488e-05
7.505065005e-05
6.218278766e-05
7.401741418e-05
7.355537939e-05
7.292733378e-05
7.243728559e-05
7.178740415e-05
7.127219926e-05
8.237198034e-05
7.006713762e-05
6.93855671e-05
7.456466489e-05
7.381508999e-05
6.756410866e-05
7.243725621e-05
6.627894021e-05
7.104065701e-05
6.497929753e-05
6.427510363e-05
6.897656078e-05
6.821502275e-05
6.755465349e-05
7.707329113e-05
7.122075935e-05
8.046968509e-05
6.47178712e-05
7.381574461e-05
7.305197062e-05
5.776321222e-05
6.668173512e-05
6.590104813e-05
7.451457963e-05
6.442989942e-05
6.374042648e-05
7.647649884e-05
6.675425214e-05
8.353995558e-05
6.524264077e-05
6.01573281e-05
5.950980217e-05
7.138435094e-05
6.646347094e-05
6.565319532e-05
7.712858532e-05
8.420516282e-05
7.934133808e-05
7.445107346e-05
6.978639843e-05
7.276040093e-05
6.441812116e-05
7.859990707e-05
7.037460283e-05
8.048852527e-05
6.517633644e-05
7.510966715e-05
8.142559945e-05
7.343895382e-05
7.616231578e-05
5.813800896e-05
6.771857386e-05
7.024498898e-05
7.28691328e-05
7.526555289e-05
7.12977196e-05
7.044614286e-05
6.660377261e-05
7.208218156e-05
6.830121463e-05
7.36345248e-05
6.991398358e-05
7.210427002e-05
7.144738652e-05
7.062429221e-05
7.290649053e-05
8.072564862e-05
6.858103958e-05
7.346128969e-05
7.56208926e-05
7.478334302e-05
6.864746713e-05
6.703139618e-05
8.039671895e-05
8.030158446e-05
7.353614808e-05
6.004357608e-05
5.329153647e-05
6.642443714e-05
6.628953977e-05
6.604853323e-05
7.905514666e-05
7.214960329e-05
7.846468492e-05
7.155970808e-05
6.481756181e-05
7.088847797e-05
6.417496069e-05
6.376472509e-05
7.615747643e-05
6.932356134e-05
7.523020393e-05
5.599765083e-05
7.423498332e-05
6.750144768e-05
6.708060332e-05
7.255583283e-05
7.206887051e-05
7.142413466e-05
7.091214455e-05
7.610385808e-05
6.971561636e-05
7.479257161e-05
6.848604735e-05
7.344933751e-05
6.72299403e-05
6.653622619e-05
7.144960929e-05
7.613168096e-05
7.543960503e-05
6.929373747e-05
6.864269706e-05
7.310867064e-05
7.757305263e-05
7.670485093e-05
7.088083565e-05
7.508217565e-05
6.4411072e-05
7.346764939e-05
6.786073748e-05
6.228362967e-05
8.533244869e-05
7.496480555e-05
7.416799189e-05
6.413167414e-05
6.797751144e-05
8.060240269e-05
7.087708223e-05
7.44040407e-05
6.927376349e-05
6.843798896e-05
6.770154245e-05
5.85204808e-05
7.443247065e-05
6.944144534e-05
8.48625195e-05
7.584279438e-05
8.688287869e-05
5.071174088e-05
7.333312064e-05
5.718553484e-05
7.167479388e-05
7.079695058e-05
7.006066409e-05
6.920332939e-05
7.209571238e-05
6.765427438e-05
7.049007442e-05
6.266815308e-05
7.582404747e-05
6.809412536e-05
7.07888797e-05
7.326346775e-05
6.924818676e-05
6.841571602e-05
7.098118238e-05
7.332111632e-05
7.262288699e-05
7.176162397e-05
7.41789757e-05
7.025207771e-05
6.960248755e-05
6.879146183e-05
7.112840992e-05
7.323772125e-05
6.967699261e-05
6.888280307e-05
7.396266418e-05
7.59430892e-05
7.528037522e-05
7.168794319e-05
7.107070697e-05
6.667525235e-05
7.330550842e-05
7.321904491e-05
5.319701465e-05
6.63614855e-05
6.626147164e-05
7.268044767e-05
7.253301188e-05
7.884021141e-05
6.55320155e-05
7.177032878e-05
7.805249385e-05
7.765634845e-05
6.447842261e-05
7.6929702e-05
7.660883867e-05
6.977728195e-05
7.576278137e-05
7.523540602e-05
7.484242852e-05
6.809035922e-05
7.385456084e-05
6.715714752e-05
7.280613605e-05
7.218809764e-05
7.170418398e-05
7.106452319e-05
7.055570942e-05
6.989842454e-05
6.936760461e-05
6.869646563e-05
6.814657242e-05
7.308719176e-05
8.362382653e-05
7.724559877e-05
7.110047899e-05
8.658476672e-05
6.434881333e-05
6.8959371e-05
7.356682281e-05
7.275839796e-05
7.205521111e-05
7.125058878e-05
6.550527408e-05
6.476375199e-05
7.396980908e-05
7.312282181e-05
7.23671207e-05
6.676188672e-05
7.549775606e-05
7.461737799e-05
8.305269005e-05
8.207511032e-05
6.315364163e-05
6.686092026e-05
8.819078353e-05
7.842168529e-05
6.895827682e-05
7.238556145e-05
7.160685753e-05
6.657857918e-05
7.409659536e-05
6.912920409e-05
8.045820445e-05
9.139841303e-05
7.469919236e-05
8.93201706e-05
6.532095171e-05
6.831712234e-05
6.760016553e-05
6.677291136e-05
8.076259498e-05
6.889658512e-05
6.459851856e-05
7.798983462e-05
7.719587313e-05
7.278962008e-05
6.862615514e-05
7.796226651e-05
6.712004426e-05
6.630893801e-05
6.894220223e-05
6.811340531e-05
7.387959988e-05
7.299688551e-05
6.915810205e-05
7.144390486e-05
7.077336808e-05
7.298141625e-05
7.230652684e-05
7.146338084e-05
7.376277999e-05
6.999494923e-05
6.936654558e-05
7.143225962e-05
7.080017512e-05
7.000234855e-05
7.21672474e-05
6.862041221e-05
7.347214192e-05
7.958744757e-05
7.291816169e-05
7.945356053e-05
5.953071474e-05
7.261277646e-05
7.909469171e-05
7.229808049e-05
5.90331144e-05
6.53554745e-05
7.822606096e-05
7.139502095e-05
7.117422657e-05
7.725181974e-05
7.697137661e-05
7.65307012e-05
6.350990112e-05
6.941712304e-05
6.281013027e-05
7.484911665e-05
7.445863021e-05
7.390116149e-05
7.347801748e-05
7.289055473e-05
6.640077517e-05
7.182407124e-05
7.134316967e-05
7.070851479e-05
7.020283957e-05
6.955062978e-05
7.47749709e-05
6.835702238e-05
6.781044634e-05
7.832310731e-05
7.21190417e-05
7.137863812e-05
7.61974167e-05
6.462449143e-05
6.937464863e-05
6.334912237e-05
6.798457258e-05
7.241146568e-05
6.146760299e-05
7.091320896e-05
9.027081073e-05
6.941757526e-05
7.362244389e-05
6.7929135e-05
7.683145444e-05
7.119857045e-05
8.454118809e-05
6.498901142e-05
6.889162473e-05
6.808224637e-05
8.082550547e-05
7.099304405e-05
7.023112841e-05
6.939189316e-05
6.86456507e-05
7.205873777e-05
7.128376831e-05
6.213686573e-05
9.015567943e-05
7.286797932e-05
7.609330165e-05
6.32979451e-05
7.045215861e-05
7.34582381e-05
7.650666106e-05
6.801431128e-05
7.103949474e-05
7.386406861e-05
6.944111512e-05
8.303308459e-05
7.503234039e-05
7.05874511e-05
7.685568928e-05
7.246924022e-05
6.832404166e-05
7.424457898e-05
7.350720253e-05
7.591990814e-05
7.190742941e-05
6.781375451e-05
7.355448677e-05
7.583531437e-05
6.885354027e-05
7.422155135e-05
6.739779122e-05
7.26591874e-05
6.598828165e-05
7.114718969e-05
7.343638074e-05
7.549150398e-05
6.905885269e-05
6.826987454e-05
6.766582179e-05
6.968983733e-05
8.013501081e-05
7.104540669e-05
7.856106729e-05
7.91690384e-05
7.253488692e-05
7.244987745e-05
7.237768511e-05
7.879849709e-05
7.868001172e-05
7.191971547e-05
7.177414727e-05
5.201149676e-05
7.133317154e-05
7.748031042e-05
7.724096858e-05
7.044719343e-05
7.019174871e-05
7.613581793e-05
7.581901657e-05
7.533890508e-05
6.873674377e-05
7.446677375e-05
6.790551911e-05
6.739863503e-05
7.310529422e-05
7.252252113e-05
7.207200254e-05
7.146369781e-05
7.09857724e-05
7.035605555e-05
7.567460525e-05
6.920627894e-05
7.440539324e-05
7.368932691e-05
7.310075478e-05
7.237350911e-05
7.728814166e-05
7.103260806e-05
8.124502529e-05
8.575124187e-05
6.904131709e-05
6.830022614e-05
6.766022017e-05
7.72155281e-05
7.137244606e-05
8.066172475e-05
6.988025844e-05
7.402783085e-05
7.816354767e-05
7.727230637e-05
8.125432451e-05
7.559425711e-05
7.012586268e-05
6.006982731e-05
6.857560064e-05
5.873524066e-05
7.151721364e-05
5.300304502e-05
6.991254675e-05
6.907847856e-05
7.26068368e-05
6.329545771e-05
7.513790986e-05
7.010666747e-05
6.119488103e-05
7.657343165e-05
6.778021307e-05
6.695545995e-05
7.40360987e-05
5.773669841e-05
7.616816566e-05
7.523796971e-05
7.444847351e-05
7.353890184e-05
8.005155233e-05
6.110263721e-05
6.403085588e-05
5.973612443e-05
7.999660369e-05
6.871587454e-05
5.782089003e-05
6.383950629e-05
5.987880194e-05
7.230106263e-05
7.484668145e-05
7.716197562e-05
6.686420316e-05
6.921099668e-05
7.166763327e-05
7.081683263e-05
7.320211387e-05
7.233979147e-05
6.868443391e-05
7.378519187e-05
7.018834309e-05
7.226742034e-05
6.875387744e-05
7.929539637e-05
7.297999955e-05
6.9380104e-05
7.427697783e-05
7.072843845e-05
7.011999522e-05
7.219208844e-05
7.871522209e-05
6.551938377e-05
6.54541814e-05
7.185510849e-05
7.826965724e-05
6.504117283e-05
6.490967145e-05
7.114449044e-05
7.096300267e-05
7.065605896e-05
7.68415014e-05
7.008400265e-05
6.983016626e-05
7.574498879e-05
7.543018139e-05
5.621550964e-05
7.460286702e-05
7.408831716e-05
7.37027226e-05
7.315420001e-05
7.273633321e-05
7.215818534e-05
7.171045986e-05
7.110692263e-05
7.063193809e-05
7.584101708e-05
6.950758384e-05
6.886532112e-05
7.403945091e-05
8.461012619e-05
6.714804445e-05
6.648172535e-05
7.141948789e-05
8.700297451e-05
7.546351525e-05
7.46729101e-05
6.342569854e-05
7.843310369e-05
7.25188671e-05
7.172743296e-05
6.088790816e-05
7.526565494e-05
7.452105091e-05
8.35073232e-05
5.834992791e-05
7.210749117e-05
5.709087061e-05
7.054368735e-05
7.445730389e-05
5.979524879e-05
6.826246268e-05
6.296587894e-05
7.564204083e-05
5.276349212e-05
7.829644763e-05
6.446988971e-05
8.078423075e-05
7.981549607e-05
6.649059603e-05
7.389991194e-05
6.498392369e-05
6.018450345e-05
7.144902576e-05
6.273834647e-05
6.595011047e-05
6.514662085e-05
7.583265233e-05
6.367130087e-05
7.782750181e-05
7.321658544e-05
7.607794617e-05
7.157100415e-05
6.375074945e-05
7.696792486e-05
7.618423764e-05
6.499526106e-05
7.450049752e-05
7.359711325e-05
6.955391956e-05
6.54416866e-05
7.452028574e-05
7.362441663e-05
6.657252894e-05
7.204117304e-05
6.825239391e-05
7.357294581e-05
6.984542798e-05
7.202319125e-05
7.135698187e-05
7.346159138e-05
6.98804852e-05
7.770564899e-05
7.130373333e-05
7.048724757e-05
7.265822159e-05
7.459896061e-05
6.573193758e-05
6.770604417e-05
6.980871851e-05
7.834528077e-05
7.178029912e-05
7.169670223e-05
7.162544351e-05
6.49837937e-05
7.786356096e-05
7.764517439e-05
7.103099723e-05
6.434273524e-05
7.059665579e-05
7.668249252e-05
7.007563273e-05
7.606313184e-05
6.947228999e-05
7.535815165e-05
6.879153793e-05
7.457303333e-05
7.422408131e-05
7.371368791e-05
7.333049524e-05
7.278635328e-05
7.237107778e-05
7.179749193e-05
7.135252637e-05
7.075369208e-05
7.613841485e-05
6.966157441e-05
7.492885252e-05
7.994899081e-05
7.934455904e-05
6.735852573e-05
6.682167289e-05
6.616027351e-05
7.654206611e-05
7.035051622e-05
7.510184059e-05
6.90085599e-05
6.312385116e-05
7.80618032e-05
7.217615188e-05
7.139024009e-05
8.58530342e-05
7.491425508e-05
6.922875452e-05
6.8451817e-05
6.775967452e-05
6.699026562e-05
7.103523398e-05
6.085797711e-05
7.411683012e-05
7.325928498e-05
6.795217149e-05
7.611267039e-05
6.20118971e-05
7.003479314e-05
6.495372784e-05
7.701757505e-05
6.772455182e-05
6.273153313e-05
6.205743556e-05
7.765951053e-05
7.27828694e-05
6.790782266e-05
7.113357733e-05
7.807780157e-05
6.565997131e-05
7.630687789e-05
7.550008185e-05
7.457974776e-05
7.010738544e-05
7.654193619e-05
7.213901874e-05
7.125929181e-05
5.994680063e-05
6.966655782e-05
6.550931608e-05
7.152480174e-05
7.417679844e-05
7.660839662e-05
6.925188301e-05
7.818914656e-05
6.774483533e-05
7.649190295e-05
5.681433287e-05
7.172813924e-05
7.104463726e-05
7.325287556e-05
7.256504189e-05
7.17093502e-05
7.104598479e-05
7.021518425e-05
6.957531615e-05
7.163471153e-05
6.815193712e-05
6.737066458e-05
7.23392687e-05
6.876882413e-05
7.362277545e-05
7.010291182e-05
6.415402451e-05
7.144481402e-05
5.193371804e-05
7.781013453e-05
7.125515609e-05
7.757791507e-05
7.746165692e-05
6.437092251e-05
6.424105766e-05
7.041330388e-05
7.661898766e-05
6.993223727e-05
6.337902973e-05
6.936874102e-05
7.54015235e-05
6.872730853e-05
7.466435431e-05
7.419590713e-05
7.384912263e-05
7.334282824e-05
7.296200877e-05
6.638700509e-05
7.200947237e-05
7.144038655e-05
7.691466064e-05
7.627094974e-05
6.99347473e-05
8.664931248e-05
6.882596403e-05
6.819338589e-05
6.767839365e-05
7.261815642e-05
8.866461151e-05
7.681556782e-05
7.073337503e-05
7.001435917e-05
7.47436162e-05
7.396428953e-05
7.329567374e-05
7.25144015e-05
8.209904077e-05
7.105620269e-05
6.031904527e-05
7.45661212e-05
7.38295039e-05
7.300268736e-05
6.744733932e-05
7.620920001e-05
6.599589498e-05
6.990074165e-05
7.377945597e-05
7.748541691e-05
7.666398023e-05
7.131283677e-05
7.496135718e-05
6.9721099e-05
7.328478013e-05
7.24146816e-05
7.163692421e-05
5.828976748e-05
6.178239709e-05
7.324731804e-05
6.843603546e-05
7.158620248e-05
7.082090207e-05
7.773569453e-05
7.306324134e-05
7.597360917e-05
7.892893644e-05
6.682944315e-05
6.245450544e-05
7.620937289e-05
7.182559796e-05
6.38552546e-05
7.373079567e-05
6.936490986e-05
5.492684851e-05
7.460664678e-05
6.714172736e-05
6.632803874e-05
6.89524583e-05
7.136361441e-05
7.06639624e-05
7.298782808e-05
6.599674851e-05
6.831269171e-05
7.381271309e-05
7.29355781e-05
7.225064617e-05
7.139823241e-05
7.073768679e-05
6.990991839e-05
6.927280087e-05
7.417539334e-05
7.068218982e-05
6.707616886e-05
6.648286507e-05
7.394458225e-05
7.872960469e-05
7.247867475e-05
7.451702788e-05
7.107694833e-05
7.104124979e-05
7.095902562e-05
7.088867759e-05
7.717941421e-05
7.706388055e-05
7.04450461e-05
7.669426762e-05
6.368483441e-05
7.622748401e-05
6.957585937e-05
7.566751218e-05
7.529078973e-05
6.876743039e-05
7.459621121e-05
6.809663921e-05
7.38225761e-05
7.347793328e-05
7.297568155e-05
7.259720708e-05
7.206164734e-05
7.165146256e-05
7.108681591e-05
7.06472729e-05
7.005765566e-05
6.95912879e-05
7.472905877e-05
7.419765475e-05
7.351750421e-05
7.296290733e-05
6.670891071e-05
7.720808208e-05
7.098715671e-05
7.581025683e-05
6.432129174e-05
8.501576336e-05
8.413142727e-05
7.295014327e-05
6.701902973e-05
7.150034822e-05
7.072527669e-05
7.004501159e-05
6.432504692e-05
6.369005176e-05
6.782276977e-05
6.713787031e-05
7.111997067e-05
7.038750761e-05
7.422255337e-05
6.42644969e-05
6.352378378e-05
8.080797068e-05
7.54301814e-05
7.901532927e-05
8.242461543e-05
6.866660797e-05
6.785262904e-05
5.873358477e-05
6.217756828e-05
6.15097858e-05
6.887391738e-05
6.813535975e-05
6.335357631e-05
7.442823934e-05
6.578708652e-05
6.891594859e-05
6.429675305e-05
7.110143509e-05
7.393294289e-05
8.047304797e-05
7.226636853e-05
6.793914437e-05
7.417613949e-05
6.292494377e-05
6.215927657e-05
6.836252156e-05
7.766194682e-05
7.019514053e-05
7.264681511e-05
7.192492653e-05
7.428635197e-05
6.716161423e-05
6.951392055e-05
7.510008814e-05
6.492667011e-05
7.043237912e-05
6.959514182e-05
7.193896301e-05
7.108980259e-05
7.336672177e-05
6.960729537e-05
7.472064696e-05
7.669402427e-05
6.756044531e-05
6.956691309e-05
7.170969058e-05
6.816822167e-05
7.027703355e-05
7.483361048e-05
7.419057937e-05
6.428441043e-05
7.710262126e-05
7.701365516e-05
7.052594953e-05
7.038623759e-05
7.667016858e-05
7.645721421e-05
6.994468557e-05
6.969699394e-05
7.583996099e-05
6.922309528e-05
7.528411373e-05
7.491047071e-05
6.84203371e-05
7.422098987e-05
7.39139215e-05
7.345298323e-05
6.701791864e-05
7.261219234e-05
7.223603517e-05
7.170467927e-05
7.129699498e-05
7.07367278e-05
7.029984854e-05
6.971474774e-05
6.925118558e-05
7.436561663e-05
6.815758288e-05
7.316230612e-05
7.261098285e-05
7.192117766e-05
7.134976387e-05
7.06488279e-05
8.622808546e-05
7.468632925e-05
6.346056223e-05
7.326899168e-05
6.742157993e-05
7.696869912e-05
6.608380078e-05
7.039741879e-05
5.976071352e-05
7.387947093e-05
7.315067383e-05
7.233488771e-05
6.205756904e-05
6.135720987e-05
7.006805397e-05
6.465144924e-05
8.22530686e-05
6.323863098e-05
7.597639503e-05
8.392803639e-05
6.118231813e-05
8.205870373e-05
7.263465832e-05
8.021910989e-05
5.8474364e-05
6.60311879e-05
6.123956971e-05
7.260614909e-05
7.581817507e-05
7.490441446e-05
7.410393309e-05
7.320737639e-05
7.624078998e-05
6.401836996e-05
6.706768077e-05
7.361372942e-05
6.555734504e-05
6.116182384e-05
7.83275419e-05
6.682322405e-05
5.917360857e-05
5.845397579e-05
7.147247564e-05
7.732891655e-05
7.322236142e-05
6.904750288e-05
6.185070907e-05
7.396804034e-05
7.642714662e-05
7.236215361e-05
7.477810564e-05
7.080515017e-05
7.013019038e-05
7.230915867e-05
7.4614539e-05
7.373336046e-05
7.012904873e-05
7.21950844e-05
6.867559433e-05
7.070615193e-05
7.007138848e-05
7.203607059e-05
7.689122344e-05
6.515696392e-05
7.53540122e-05
7.716799169e-05
7.914319139e-05
7.674814455e-05
6.392478532e-05
7.023637411e-05
7.016691464e-05
7.002835554e-05
6.992375412e-05
6.339105379e-05
6.9589928e-05
6.934427654e-05
6.916832834e-05
7.513515309e-05
7.490458096e-05
7.453397462e-05
6.807673002e-05
6.769539736e-05
7.354433362e-05
7.308707266e-05
7.274663746e-05
7.225230624e-05
7.187843914e-05
7.135123037e-05
7.094601731e-05
7.039007102e-05
6.995582454e-05
6.937518029e-05
7.465725729e-05
7.969843814e-05
6.782823686e-05
7.281052379e-05
7.226243696e-05
7.157768144e-05
7.647185936e-05
7.572245561e-05
6.972857219e-05
6.371528383e-05
7.895266915e-05
6.771720605e-05
6.710670983e-05
7.66111025e-05
6.577729099e-05
7.50777713e-05
6.444252301e-05
6.373541753e-05
6.310712939e-05
6.72051787e-05
7.603128507e-05
7.047651462e-05
6.975148692e-05
7.815240154e-05
7.278551368e-05
5.845916775e-05
6.22894645e-05
6.596454985e-05
5.655993786e-05
7.739623562e-05
7.231390381e-05
5.884889151e-05
7.900935751e-05
6.985107515e-05
7.316606085e-05
7.630585314e-05
6.754186545e-05
6.672885089e-05
6.213258171e-05
6.905441502e-05
7.211561968e-05
7.499104364e-05
7.048854397e-05
7.329726059e-05
6.164912958e-05
6.448182782e-05
7.799161249e-05
6.6537173e-05
6.931798963e-05
6.847543823e-05
6.777803662e-05
7.030318853e-05
7.290965057e-05
6.54789095e-05
7.455233221e-05
7.685472518e-05
7.293009698e-05
6.89205687e-05
6.825396625e-05
7.356807989e-05
7.286669596e-05
6.899996817e-05
7.132359512e-05
7.341757155e-05
7.564769386e-05
7.188525184e-05
6.838083591e-05
7.321803689e-05
7.535152382e-05
7.448392077e-05
7.382524484e-05
7.298426082e-05
7.234834399e-05
7.418328057e-05
7.354618856e-05
6.363248632e-05
7.632084705e-05
6.988054004e-05
6.346501527e-05
6.334008583e-05
7.58946912e-05
7.568523198e-05
7.553318282e-05
7.526739401e-05
6.256384703e-05
7.475802645e-05
7.45288557e-05
6.798114043e-05
7.389442568e-05
7.348175865e-05
7.317842341e-05
7.272478964e-05
6.03220177e-05
7.189596994e-05
7.152436615e-05
7.100124883e-05
7.059847826e-05
7.004679536e-05
8.121767641e-05
7.479214682e-05
7.429592859e-05
7.931456154e-05
6.750205841e-05
6.688809986e-05
8.298140915e-05
8.219705852e-05
7.610898825e-05
6.459854206e-05
6.406149405e-05
7.927067745e-05
6.286650202e-05
7.777140461e-05
7.707088506e-05
7.117302576e-05
6.547361139e-05
7.971512943e-05
6.908139368e-05
8.296606498e-05
7.248421312e-05
8.123642083e-05
6.622627116e-05
7.951368426e-05
7.4066952e-05
7.322600559e-05
6.793136642e-05
6.715278988e-05
7.973050642e-05
7.005091054e-05
6.064148747e-05
5.565131753e-05
6.352585567e-05
7.533159583e-05
7.86637007e-05
8.181963445e-05
6.880035766e-05
7.597478029e-05
6.724897872e-05
6.644047673e-05
7.733023783e-05
7.639672961e-05
6.046752399e-05
7.093568807e-05
7.388004603e-05
8.028185124e-05
6.860706317e-05
7.847454974e-05
7.412861804e-05
8.020167852e-05
6.212025891e-05
7.841159464e-05
7.761295502e-05
7.00042777e-05
7.259959934e-05
7.172074496e-05
7.100784087e-05
7.33395312e-05
7.262016856e-05
7.48665547e-05
7.414235299e-05
7.325520881e-05
7.255672269e-05
7.169340783e-05
7.101984227e-05
7.018029702e-05
6.953079496e-05
7.444118996e-05
7.376264666e-05
7.290438623e-05
6.947105319e-05
7.14171141e-05
7.078560599e-05
6.728673405e-05
7.737264488e-05
7.386233597e-05
7.061288082e-05
6.964260352e-05
6.960788542e-05
7.58490472e-05
7.577421928e-05
6.302127231e-05
7.551280556e-05
7.530505748e-05
7.51539277e-05
7.489030305e-05
7.470067772e-05
7.438466674e-05
6.797714087e-05
7.379222295e-05
7.352701796e-05
7.311763767e-05
7.281613626e-05
6.030506706e-05
7.202975477e-05
7.154313117e-05
7.117376438e-05
8.243046454e-05
7.025432756e-05
6.970685161e-05
7.505092818e-05
6.870587348e-05
6.825053593e-05
6.76580273e-05
7.277725224e-05
7.21170112e-05
6.606949683e-05
7.635431906e-05
8.116022639e-05
6.965291864e-05
7.970124753e-05
7.364068651e-05
8.343149769e-05
7.225021451e-05
7.159999642e-05
7.084540014e-05
7.018600932e-05
8.431008291e-05
8.350163536e-05
8.744746087e-05
6.734514836e-05
6.659873364e-05
6.59278812e-05
7.915721047e-05
6.912685746e-05
7.289974322e-05
7.213763105e-05
6.68553523e-05
6.173821775e-05
6.538347802e-05
6.468711636e-05
7.671808927e-05
7.589733788e-05
7.500321918e-05
7.832105513e-05
7.331817676e-05
7.253157723e-05
6.76837713e-05
6.301987874e-05
8.172036885e-05
6.544798929e-05
6.465879e-05
7.902345426e-05
7.806749864e-05
6.252969413e-05
7.993965805e-05
7.550568972e-05
7.458898281e-05
8.084324835e-05
6.944458479e-05
6.872953854e-05
7.468452507e-05
7.72839806e-05
6.638847419e-05
7.229217396e-05
7.141727943e-05
7.070732071e-05
6.667889416e-05
7.545690069e-05
6.523102138e-05
7.382851331e-05
6.990561314e-05
6.923898485e-05
7.138944832e-05
7.071866569e-05
6.988227809e-05
7.500510277e-05
6.842255701e-05
7.344874893e-05
6.980135705e-05
7.747569381e-05
7.384666932e-05
6.777196893e-05
6.699794913e-05
7.704068237e-05
7.617073348e-05
7.030886325e-05
7.559238253e-05
7.555476716e-05
7.546863254e-05
6.91114134e-05
6.897621733e-05
6.887351516e-05
7.492868321e-05
7.477846205e-05
6.830722408e-05
6.194040433e-05
5.551126334e-05
7.378860082e-05
7.342685605e-05
7.316324571e-05
6.669401522e-05
7.245741861e-05
7.201089255e-05
7.167658584e-05
7.119373869e-05
7.082658304e-05
7.031148576e-05
6.991351588e-05
6.937019147e-05
6.894366269e-05
6.837603974e-05
6.792338144e-05
7.294652523e-05
7.800219374e-05
6.625401752e-05
7.12365913e-05
7.056660121e-05
7.000823159e-05
6.399430083e-05
6.875191694e-05
7.329861515e-05
6.747374916e-05
6.677996831e-05
7.636096347e-05
7.052077698e-05
7.48552931e-05
6.911583056e-05
7.334311869e-05
7.254342286e-05
7.661843919e-05
6.6299597e-05
7.032018003e-05
6.953286942e-05
6.881871923e-05
6.804035186e-05
8.079524527e-05
6.656053797e-05
6.585668255e-05
6.50967642e-05
7.728445871e-05
7.63834531e-05
7.556655756e-05
6.223141078e-05
7.798138163e-05
6.083453579e-05
6.820630842e-05
7.92854517e-05
7.451437898e-05
6.587114172e-05
7.283448594e-05
7.574439679e-05
6.744530309e-05
7.403356862e-05
6.592619936e-05
6.874577375e-05
6.802476181e-05
7.427313857e-05
6.650077154e-05
7.260863573e-05
7.186099593e-05
7.098891378e-05
7.026580207e-05
7.602487587e-05
7.198734121e-05
7.111637114e-05
7.040933357e-05
7.2721613e-05
7.200814765e-05
7.423559281e-05
6.432765444e-05
7.263738281e-05
7.194462113e-05
7.108805533e-05
7.042003274e-05
7.538567781e-05
6.894266196e-05
6.813264716e-05
6.751154905e-05
7.506527341e-05
7.163615393e-05
7.353211521e-05
6.478400143e-05
8.272242426e-05
7.142110407e-05
6.799808458e-05
7.00074523e-05
6.267902113e-05
7.517746562e-05
7.509201472e-05
7.501811036e-05
7.487181303e-05
6.85304114e-05
7.455605245e-05
6.82061686e-05
7.414734407e-05
7.395998314e-05
7.364902456e-05
7.342396054e-05
7.306508941e-05
7.280305524e-05
7.240011533e-05
7.210221796e-05
7.165917428e-05
7.132686326e-05
7.084774226e-05
7.048277232e-05
7.580257275e-05
7.537399445e-05
6.903676761e-05
6.861275285e-05
6.804935772e-05
7.886590645e-05
6.701554587e-05
6.654207806e-05
7.693170717e-05
6.544715512e-05
7.023589234e-05
8.576085423e-05
6.369639944e-05
6.316838468e-05
6.253689173e-05
6.199597688e-05
7.669995519e-05
6.587610003e-05
7.019911518e-05
6.457916702e-05
7.371716949e-05
7.787877623e-05
7.703138909e-05
8.580838202e-05
7.071764524e-05
7.467325235e-05
7.383883904e-05
6.394576151e-05
7.6771855e-05
8.490765196e-05
7.068619982e-05
7.431020839e-05
7.345422781e-05
7.267249217e-05
7.182662779e-05
7.523864799e-05
7.435498017e-05
7.764464169e-05
8.076381548e-05
7.590289235e-05
7.49985776e-05
5.857532083e-05
7.330660205e-05
7.634093783e-05
6.410903167e-05
8.208282369e-05
7.371982055e-05
7.658802023e-05
7.56610423e-05
6.4172181e-05
7.043805516e-05
7.319094052e-05
7.574605392e-05
7.155854396e-05
6.395814595e-05
6.663854597e-05
7.570570897e-05
6.516824403e-05
7.403698735e-05
6.692685447e-05
7.241654219e-05
7.170598941e-05
7.084391321e-05
6.710800966e-05
7.233236141e-05
7.164242693e-05
7.078919649e-05
7.012391135e-05
6.929376946e-05
7.437333673e-05
7.349894898e-05
7.282890061e-05
7.197935302e-05
7.407676059e-05
6.779650875e-05
6.988503477e-05
7.174197275e-05
7.375125677e-05
7.03118099e-05
7.487221568e-05
6.860426922e-05
7.480391366e-05
6.84925424e-05
7.464568641e-05
7.450056208e-05
7.438986453e-05
6.182259137e-05
7.403867428e-05
7.378136527e-05
7.359511695e-05
7.328663308e-05
7.306290642e-05
7.270687007e-05
7.244639391e-05
7.20466093e-05
7.175048286e-05
7.725344797e-05
7.098053682e-05
7.050509259e-05
7.014228337e-05
6.963499557e-05
6.924171711e-05
6.870653359e-05
6.828500439e-05
6.772578245e-05
6.727839229e-05
7.225709756e-05
7.1747134e-05
7.110116452e-05
7.056872361e-05
6.990826873e-05
6.402111422e-05
6.340125874e-05
7.335555481e-05
8.818618672e-05
6.17111347e-05
7.125938022e-05
8.575253456e-05
5.989746378e-05
6.923153462e-05
6.849237713e-05
7.268257469e-05
6.230757643e-05
7.593287642e-05
7.50963584e-05
8.363395196e-05
7.351219972e-05
6.821061124e-05
7.193817018e-05
8.008554183e-05
6.597864143e-05
6.092940195e-05
6.883286892e-05
7.235687219e-05
7.57228629e-05
5.826611152e-05
6.992198651e-05
7.731079747e-05
7.237611471e-05
7.557800986e-05
6.681780901e-05
6.999077652e-05
7.683703669e-05
7.981761091e-05
7.510310987e-05
8.173546418e-05
6.239741245e-05
6.536990658e-05
6.816712931e-05
7.100238084e-05
7.364940729e-05
6.941298168e-05
6.171431025e-05
6.786535931e-05
7.374687879e-05
6.635963489e-05
7.53892107e-05
7.787489836e-05
7.372764796e-05
7.299450542e-05
6.58432359e-05
7.140635638e-05
7.361517729e-05
7.290273592e-05
7.2029891e-05
7.134276077e-05
7.049283998e-05
6.983026994e-05
7.187835065e-05
7.690994445e-05
7.037514137e-05
7.531222489e-05
7.167620314e-05
6.556869398e-05
7.831179145e-05
7.761952069e-05
6.879212953e-05
7.606166882e-05
7.001278943e-05
6.684149074e-05
7.447091369e-05
7.443405566e-05
7.434994445e-05
7.427694194e-05
7.413297465e-05
7.402293607e-05
6.766998362e-05
6.753472224e-05
7.341898153e-05
7.323383307e-05
7.292779045e-05
6.664660366e-05
7.23521461e-05
7.20932101e-05
7.169653861e-05
7.140216283e-05
7.687977403e-05
7.06375573e-05
7.016574137e-05
6.980506828e-05
6.930160866e-05
6.891063605e-05
6.837944384e-05
6.796037221e-05
6.740526982e-05
6.696046954e-05
7.191724766e-05
7.141021114e-05
7.076887893e-05
7.023946398e-05
7.493627875e-05
6.372436449e-05
6.836791057e-05
7.301780002e-05
6.7127549e-05
7.678612248e-05
7.093511386e-05
6.527756664e-05
6.956451505e-05
7.876470775e-05
6.818484934e-05
7.235674444e-05
6.680116256e-05
7.087000803e-05
6.541809602e-05
7.401226733e-05
5.946560552e-05
8.149268354e-05
7.60997119e-05
6.201637958e-05
7.445035751e-05
6.499766311e-05
7.281838266e-05
8.051974443e-05
7.539683411e-05
7.873525358e-05
7.371785036e-05
7.292824275e-05
7.206745086e-05
7.525589667e-05
5.870652189e-05
7.743745702e-05
7.651200249e-05
6.434104591e-05
6.730786918e-05
7.029225509e-05
6.579021166e-05
6.871166961e-05
7.14541523e-05
7.424009559e-05
7.33414537e-05
7.603502851e-05
6.828527154e-05
8.109853041e-05
6.676321835e-05
7.269135368e-05
7.18112022e-05
7.108807485e-05
7.022867046e-05
6.953025393e-05
6.869166692e-05
7.110921705e-05
7.025430706e-05
6.957431141e-05
7.172993973e-05
7.400582402e-05
7.604886737e-05
6.953907751e-05
7.157821898e-05
7.091550433e-05
7.008070101e-05
7.221942678e-05
7.137559605e-05
6.801427566e-05
7.260432834e-05
7.462783729e-05
6.586717955e-05
6.7905578e-05
7.4880472e-05
7.423841917e-05
6.792907819e-05
7.406783709e-05
7.398438221e-05
7.391182272e-05
6.762158038e-05
7.365960959e-05
7.346007103e-05
7.331338064e-05
7.306014016e-05
7.2876079e-05
6.652474106e-05
6.632206816e-05
7.20008666e-05
7.17434532e-05
7.134985341e-05
7.105720837e-05
7.062433625e-05
8.201418915e-05
6.98296412e-05
6.947108006e-05
7.471901537e-05
7.429793158e-05
6.805545367e-05
6.763881208e-05
6.708777656e-05
6.664553733e-05
6.607438121e-05
7.107643785e-05
6.502124743e-05
8.604709243e-05
6.926210619e-05
7.400207855e-05
7.852388412e-05
7.787479421e-05
6.168131088e-05
7.134076966e-05
8.070146889e-05
6.998100318e-05
6.925149821e-05
5.880815221e-05
7.757722374e-05
6.723156766e-05
7.600516165e-05
7.055575627e-05
8.373786216e-05
6.908075964e-05
7.286751473e-05
8.113578727e-05
8.468192104e-05
7.938819786e-05
8.284865263e-05
7.765953801e-05
7.676954509e-05
6.751415145e-05
7.507360076e-05
7.427177481e-05
6.932539796e-05
8.472024261e-05
7.97348984e-05
7.493651751e-05
6.625270706e-05
7.32546659e-05
6.476125062e-05
7.160779915e-05
7.074896111e-05
6.99972876e-05
6.915461509e-05
7.202547041e-05
7.471373882e-05
7.745078898e-05
6.608024902e-05
7.571843575e-05
7.140153941e-05
6.3936152e-05
6.31618318e-05
7.238963463e-05
7.476408734e-05
7.40111683e-05
7.311665975e-05
6.609471768e-05
7.462590924e-05
6.773564735e-05
7.300504594e-05
7.229834278e-05
7.143247625e-05
7.075088673e-05
7.282032215e-05
7.213573286e-05
7.128058332e-05
7.062057092e-05
6.978871417e-05
6.915240311e-05
7.107749991e-05
7.043942989e-05
6.962246013e-05
7.166120962e-05
7.608489426e-05
7.022113484e-05
7.199351096e-05
7.137637167e-05
7.37415732e-05
7.370520449e-05
6.748719739e-05
7.355027553e-05
7.340857556e-05
7.329983233e-05
7.310186943e-05
7.295603665e-05
7.270478946e-05
6.647831965e-05
6.620216646e-05
7.200073964e-05
7.165298164e-05
7.139707357e-05
7.100650485e-05
7.071557093e-05
7.02860003e-05
7.579156735e-05
6.949674557e-05
6.91402726e-05
8.008504095e-05
6.825788241e-05
6.773451924e-05
7.293030398e-05
6.67732602e-05
7.738914595e-05
7.124704905e-05
7.61877525e-05
6.472018978e-05
6.42369942e-05
7.955017348e-05
6.840062901e-05
6.77430241e-05
8.785543676e-05
7.675162005e-05
9.130814884e-05
7.531645151e-05
6.966595092e-05
6.401690815e-05
6.830267182e-05
7.240500507e-05
7.171377008e-05
7.09398143e-05
7.024427911e-05
6.484333672e-05
7.336288132e-05
6.80150569e-05
7.629411433e-05
7.100163386e-05
8.34353969e-05
6.946626829e-05
7.73247912e-05
7.644012483e-05
7.562779382e-05
6.644722403e-05
6.98463723e-05
8.527347104e-05
7.230909828e-05
5.954829547e-05
7.854719761e-05
6.209291807e-05
6.526779999e-05
6.069609167e-05
7.506058593e-05
7.416128452e-05
7.704213115e-05
7.611552663e-05
7.531165848e-05
7.440322045e-05
7.712893709e-05
7.619669453e-05
6.854951682e-05
6.772001e-05
7.037377404e-05
6.952191695e-05
7.536724672e-05
6.798101485e-05
7.370553098e-05
6.964908019e-05
7.209067228e-05
7.122143231e-05
6.745610919e-05
7.270375724e-05
7.199988869e-05
7.410153098e-05
7.339439294e-05
6.961847401e-05
7.183741462e-05
6.814599616e-05
7.595432703e-05
7.227911635e-05
7.712930522e-05
7.350426349e-05
7.554235273e-05
6.666546505e-05
6.343322236e-05
7.315390718e-05
6.992741652e-05
6.913079578e-05
7.869217751e-05
7.338223403e-05
7.334610546e-05
7.326393704e-05
6.709289419e-05
7.305165911e-05
6.686492314e-05
7.274714417e-05
7.260215931e-05
7.235287875e-05
7.217095537e-05
7.187204188e-05
7.165351383e-05
7.130844225e-05
7.105402254e-05
7.066644497e-05
7.037720291e-05
6.995089058e-05
6.962822198e-05
6.916700888e-05
8.028136748e-05
6.832033033e-05
6.793612111e-05
6.741659751e-05
7.25884631e-05
6.646167907e-05
7.702855689e-05
7.637173623e-05
7.58349469e-05
6.979039943e-05
6.926986572e-05
7.918589911e-05
6.80879277e-05
7.262214077e-05
7.202294309e-05
7.64047651e-05
8.079662392e-05
7.497833916e-05
7.430755999e-05
7.353625713e-05
7.771264576e-05
8.169546127e-05
7.139654913e-05
7.062756279e-05
6.061080131e-05
5.994831872e-05
6.847729026e-05
6.320478405e-05
6.255767111e-05
7.953170685e-05
7.433051033e-05
6.916783654e-05
6.843814916e-05
6.342793299e-05
7.530494738e-05
7.443537775e-05
6.954972097e-05
7.682583356e-05
6.400306815e-05
7.115705615e-05
7.821665605e-05
7.342615214e-05
7.264064767e-05
7.555319254e-05
6.727246234e-05
7.385257017e-05
6.21079051e-05
7.219014163e-05
7.857057752e-05
7.40952725e-05
7.680974908e-05
6.898366994e-05
7.167977178e-05
6.744087417e-05
7.008368624e-05
6.59388223e-05
7.179364871e-05
7.41492457e-05
7.021099857e-05
7.251571496e-05
7.17943481e-05
6.784493245e-05
7.328603869e-05
7.240494513e-05
7.170388857e-05
7.084488988e-05
7.016875249e-05
7.510947055e-05
7.154155361e-05
6.786496945e-05
7.003800307e-05
6.921197945e-05
7.406734033e-05
7.048871562e-05
6.985593765e-05
7.435520538e-05
7.36980976e-05
7.024734505e-05
7.479437804e-05
7.394110181e-05
7.077974336e-05
7.302637995e-05
7.29904886e-05
7.290895062e-05
7.283768961e-05
7.269819657e-05
6.654149278e-05
6.63628578e-05
7.225169839e-05
7.200435831e-05
7.182348581e-05
7.152688582e-05
7.130962095e-05
7.09672004e-05
7.071425235e-05
7.032962675e-05
7.004205759e-05
6.961896117e-05
6.929815641e-05
7.457708525e-05
6.848801997e-05
7.366599918e-05
7.325216068e-05
7.269345011e-05
7.780748968e-05
6.615299226e-05
7.119479021e-05
7.05892263e-05
8.626902141e-05
7.481408828e-05
7.425663293e-05
7.356994931e-05
7.820546824e-05
6.712945717e-05
7.681855846e-05
6.591956024e-05
6.535241221e-05
6.966703237e-05
7.890774925e-05
7.320977596e-05
6.769715424e-05
7.655070475e-05
8.529854668e-05
6.563017821e-05
8.819737035e-05
6.886991685e-05
8.181539062e-05
7.192141349e-05
7.118543244e-05
6.599128771e-05
7.401106661e-05
6.887195798e-05
7.24047765e-05
6.736861639e-05
6.248737134e-05
7.000252286e-05
8.147715159e-05
8.455509452e-05
7.17003781e-05
6.692208779e-05
7.399444056e-05
7.69679434e-05
7.233748245e-05
7.14769618e-05
6.6992743e-05
6.98690946e-05
6.548878778e-05
6.829720252e-05
7.824593227e-05
6.324845415e-05
7.301622875e-05
6.869997039e-05
7.818356647e-05
7.052223154e-05
7.644321636e-05
7.223538231e-05
7.799925899e-05
7.384560158e-05
7.310176727e-05
7.535888532e-05
6.839173478e-05
7.063854872e-05
6.994498423e-05
7.21085792e-05
7.141031226e-05
7.055470685e-05
7.570470156e-05
6.904751486e-05
6.839819482e-05
7.040234486e-05
6.696029631e-05
7.444134575e-05
7.64944685e-05
7.019796637e-05
7.4919171e-05
7.14030962e-05
7.601450077e-05
7.254681949e-05
6.677887189e-05
7.617226974e-05
7.300248094e-05
7.267396052e-05
7.26383035e-05
7.255738766e-05
7.248654956e-05
7.234813804e-05
7.224128322e-05
7.204792215e-05
7.190460467e-05
7.165917939e-05
7.147934604e-05
7.118502905e-05
7.096901326e-05
7.651497639e-05
7.624252584e-05
6.999600406e-05
6.971008916e-05
6.929016701e-05
6.897120536e-05
7.422657033e-05
7.384702746e-05
6.768143868e-05
7.291008188e-05
6.678962405e-05
7.191430577e-05
6.584715965e-05
7.086612607e-05
8.647981446e-05
6.440489849e-05
6.915297453e-05
8.447778823e-05
7.8467268e-05
6.228094585e-05
7.196734767e-05
6.627644255e-05
7.06723509e-05
6.506020415e-05
6.935706455e-05
6.873758759e-05
7.288618096e-05
7.702674709e-05
7.621454219e-05
7.548848281e-05
6.067640309e-05
6.470439043e-05
6.39998882e-05
7.693550946e-05
7.608720011e-05
7.087904395e-05
6.132802288e-05
9.103420549e-05
8.14370875e-05
5.937372356e-05
7.966131168e-05
7.051926179e-05
7.380791472e-05
6.896391425e-05
6.816224972e-05
7.536650326e-05
7.448295352e-05
6.980746425e-05
7.281549027e-05
7.203683723e-05
7.492722566e-05
7.412815575e-05
8.056706724e-05
7.971151675e-05
7.517569346e-05
6.729796439e-05
7.698634032e-05
7.964192595e-05
7.183952449e-05
6.770727021e-05
7.357839445e-05
6.951062659e-05
7.521050984e-05
7.444409602e-05
7.674201828e-05
6.330746053e-05
7.192456794e-05
7.430498951e-05
7.340939492e-05
7.268854792e-05
6.88223533e-05
7.408242721e-05
7.61224656e-05
6.959611961e-05
7.163076342e-05
7.095708286e-05
7.011438821e-05
7.224356681e-05
7.41362748e-05
7.073945635e-05
7.259843681e-05
7.19467264e-05
7.11089733e-05
6.525985281e-05
7.22470386e-05
6.394520509e-05
7.838493254e-05
7.520679288e-05
7.232492625e-05
7.228950072e-05
7.220919886e-05
7.213877886e-05
7.200143457e-05
7.189519514e-05
7.170332756e-05
7.156082985e-05
7.131729416e-05
7.11384884e-05
7.084642448e-05
7.06316439e-05
7.029442176e-05
7.004436802e-05
6.966553163e-05
6.938125264e-05
6.896446389e-05
6.864732496e-05
6.819630911e-05
7.350195527e-05
6.736645291e-05
7.257118317e-05
6.648049021e-05
7.708820137e-05
6.554414181e-05
7.054048249e-05
8.070396896e-05
8.013842836e-05
7.413388622e-05
6.832667198e-05
6.769777878e-05
7.750009186e-05
7.164435918e-05
7.613017642e-05
7.538275867e-05
7.971765851e-05
6.904984278e-05
6.843360719e-05
6.772773841e-05
7.189529827e-05
8.06239016e-05
8.455380507e-05
6.970708635e-05
5.522031549e-05
5.917190844e-05
8.110991941e-05
7.130421114e-05
7.057528161e-05
7.851397899e-05
7.769683699e-05
6.401974736e-05
7.179116331e-05
6.680021132e-05
5.782990676e-05
5.716521496e-05
7.271438399e-05
5.989194331e-05
7.110182115e-05
6.636552149e-05
6.951736355e-05
6.488090492e-05
6.041152061e-05
7.461811583e-05
6.644022522e-05
7.29416581e-05
7.938389716e-05
6.417218757e-05
6.702217543e-05
6.970146274e-05
6.897076518e-05
7.495346603e-05
7.417421207e-05
7.660967065e-05
7.252414903e-05
7.164799102e-05
7.41413842e-05
7.643030957e-05
7.250781473e-05
6.851813342e-05
7.400328394e-05
7.311143837e-05
7.239344114e-05
7.15230667e-05
7.083031298e-05
6.998141444e-05
7.220134769e-05
7.133942157e-05
7.349515068e-05
7.541507976e-05
7.194923071e-05
7.383369409e-05
6.774106867e-05
7.230143558e-05
7.695997933e-05
7.344012516e-05
7.799061309e-05
6.9380092e-05
7.641856663e-05
6.798880081e-05
6.740672577e-05
7.19792286e-05
7.194403177e-05
7.186433588e-05
7.179432925e-05
7.165803817e-05
7.155240727e-05
7.136201356e-05
7.122032655e-05
7.09786557e-05
7.080086618e-05
7.638694476e-05
7.029746691e-05
7.579302618e-05
7.55236764e-05
6.933816507e-05
6.905550394e-05
7.436195913e-05
7.402034482e-05
6.787876897e-05
6.753239353e-05
6.70543854e-05
7.223542039e-05
7.720323896e-05
6.577158973e-05
7.611788343e-05
7.561918862e-05
6.962495731e-05
7.445580527e-05
8.434103137e-05
6.278580569e-05
7.257745888e-05
6.686520002e-05
6.622966709e-05
6.568517911e-05
7.004492945e-05
5.952328411e-05
6.383494995e-05
7.786548978e-05
6.743099784e-05
8.589695636e-05
7.555099724e-05
7.483225762e-05
6.940556954e-05
7.3309071e-05
6.344967455e-05
7.178820136e-05
6.212461975e-05
7.027411179e-05
6.949377773e-05
6.877082343e-05
7.649923276e-05
7.989862166e-05
7.067706492e-05
6.581392244e-05
6.099245153e-05
7.643352795e-05
6.75951904e-05
8.654100239e-05
6.220300756e-05
8.076794137e-05
6.841411765e-05
5.264219737e-05
6.688039137e-05
7.351929992e-05
6.901084411e-05
7.546537055e-05
6.391022287e-05
7.72878962e-05
7.288855689e-05
6.525548723e-05
7.804210718e-05
7.387289503e-05
6.302962061e-05
7.223004645e-05
7.460140244e-05
7.384112424e-05
7.294940935e-05
7.535420162e-05
7.444484978e-05
7.370401854e-05
7.281589076e-05
7.210072087e-05
7.123386175e-05
7.642248483e-05
6.969824782e-05
7.478548714e-05
7.389245765e-05
7.038208458e-05
7.232730369e-05
7.165728325e-05
7.898050461e-05
7.556156903e-05
7.200685452e-05
7.136046109e-05
6.791579155e-05
6.990482435e-05
7.421395021e-05
7.864232302e-05
6.770917313e-05
6.961591769e-05
7.163681994e-05
7.160184909e-05
7.152275129e-05
7.145315337e-05
7.131790174e-05
7.121287264e-05
7.102393354e-05
7.08830483e-05
7.064321798e-05
7.046643352e-05
7.017878809e-05
6.996643718e-05
7.5437136e-05
6.938705636e-05
6.901386079e-05
7.446053307e-05
7.401567121e-05
6.800860466e-05
6.756417222e-05
7.282139604e-05
6.67451958e-05
7.743373103e-05
6.58707287e-05
7.092622654e-05
7.577079589e-05
6.989809193e-05
7.997234086e-05
7.411882226e-05
6.297080689e-05
6.250340076e-05
6.193075956e-05
7.680732606e-05
7.607893095e-05
6.53934859e-05
6.475427948e-05
7.901421652e-05
5.866585088e-05
7.267890159e-05
7.193233521e-05
8.552284224e-05
7.522353874e-05
8.382195557e-05
6.910664991e-05
6.843167819e-05
7.220354311e-05
7.148134253e-05
7.953470082e-05
6.997550145e-05
6.919985934e-05
7.276028461e-05
8.464166433e-05
7.537538454e-05
7.452148224e-05
7.373119695e-05
6.883706803e-05
6.409738957e-05
6.731518422e-05
6.65957764e-05
5.807482619e-05
6.8944336e-05
6.434795965e-05
7.489443289e-05
5.550561367e-05
6.955767695e-05
7.958144185e-05
6.084197331e-05
7.072265362e-05
6.647732353e-05
6.222256673e-05
6.841148476e-05
7.772634857e-05
7.357401616e-05
6.938296595e-05
7.193831954e-05
7.753099153e-05
6.714821808e-05
7.581442749e-05
6.879633023e-05
7.414507873e-05
7.340716381e-05
6.950094287e-05
7.181035828e-05
7.094698619e-05
7.025965939e-05
6.941736352e-05
7.161925276e-05
7.076379029e-05
7.290198859e-05
7.203505963e-05
7.685751821e-05
7.052344233e-05
7.256793727e-05
6.90585655e-05
6.580638595e-05
6.763944844e-05
6.704189547e-05
6.881372269e-05
7.074194046e-05
6.992931158e-05
6.9330917e-05
7.129765358e-05
7.1262906e-05
7.118439858e-05
7.111520478e-05
7.098097908e-05
7.087654515e-05
7.068904175e-05
7.054894949e-05
7.031093584e-05
7.597974089e-05
6.984966647e-05
6.963851047e-05
6.930883607e-05
6.90630052e-05
6.869257601e-05
7.411418908e-05
7.367259351e-05
6.769368104e-05
7.285685131e-05
6.69099883e-05
6.643884448e-05
7.707875557e-05
6.557002336e-05
6.517188278e-05
7.542685932e-05
8.028607419e-05
6.899661499e-05
7.378487585e-05
7.313646233e-05
8.29646999e-05
7.706843872e-05
6.117245354e-05
6.564308903e-05
7.512042914e-05
7.43877325e-05
7.375043488e-05
5.840939452e-05
7.236169971e-05
6.207058904e-05
7.56906425e-05
7.021772492e-05
7.41873433e-05
6.881029405e-05
8.176636056e-05
6.740232936e-05
6.672852739e-05
7.039801742e-05
7.838934535e-05
7.752196876e-05
6.819215717e-05
5.900102285e-05
7.922999954e-05
6.59653631e-05
8.974082007e-05
7.25841982e-05
7.978990038e-05
7.098086992e-05
6.632124234e-05
6.5547816e-05
8.010490863e-05
7.539383161e-05
6.712942568e-05
6.265001664e-05
6.927434613e-05
6.845029584e-05
7.128818186e-05
7.043628653e-05
7.666213342e-05
7.574266801e-05
7.494875542e-05
6.39499809e-05
7.660834353e-05
7.568519952e-05
7.490570962e-05
6.75671181e-05
7.643253047e-05
6.292516136e-05
7.163476504e-05
7.07707242e-05
7.311269076e-05
7.223190643e-05
7.152232499e-05
7.066241199e-05
6.997776691e-05
7.490029524e-05
7.418497927e-05
7.893697749e-05
6.981633036e-05
6.622630869e-05
7.108043891e-05
7.56420956e-05
7.227531214e-05
6.877947127e-05
7.340529056e-05
7.254729467e-05
7.447451345e-05
7.361058348e-05
7.548692243e-05
6.964404936e-05
6.658223175e-05
7.096168366e-05
7.092715671e-05
7.084923208e-05
7.07804379e-05
7.064722486e-05
7.054337957e-05
7.035729329e-05
7.021798537e-05
7.581357869e-05
6.980695779e-05
6.952361745e-05
6.931364336e-05
7.473528898e-05
6.874196673e-05
6.837426877e-05
7.377105213e-05
7.897365713e-05
6.738166058e-05
6.694364672e-05
6.660306819e-05
7.164656691e-05
7.124651843e-05
8.15900638e-05
6.48761118e-05
6.97227431e-05
6.393904236e-05
7.397026825e-05
6.296050729e-05
6.760921643e-05
7.743268045e-05
6.649629096e-05
6.597659091e-05
7.038088529e-05
7.977575768e-05
5.924949509e-05
7.342788799e-05
6.300143482e-05
6.72441043e-05
7.131018783e-05
6.594334915e-05
7.457706433e-05
7.386903672e-05
8.678752753e-05
6.784808851e-05
7.159070473e-05
7.530514245e-05
6.133841855e-05
7.372244414e-05
7.290813227e-05
7.215061438e-05
6.295173268e-05
6.644199365e-05
7.800889174e-05
8.530662214e-05
7.228458318e-05
7.54877611e-05
6.676207405e-05
6.993419555e-05
7.679965534e-05
6.458175152e-05
7.133236889e-05
7.05703338e-05
7.707710527e-05
7.26245412e-05
7.176149761e-05
7.09999218e-05
6.313700626e-05
6.941185144e-05
6.172200251e-05
7.8040382e-05
7.710243517e-05
6.966602571e-05
7.210450335e-05
6.811815679e-05
7.370601797e-05
6.978281507e-05
6.894102575e-05
7.134840188e-05
7.048802467e-05
7.282057082e-05
7.194341291e-05
7.123659309e-05
7.331261622e-05
6.969812739e-05
7.173159626e-05
7.673018607e-05
6.738947912e-05
6.953685038e-05
6.870923051e-05
6.807258221e-05
8.071963737e-05
7.198503752e-05
6.850262383e-05
8.094302242e-05
6.967397173e-05
6.905852703e-05
7.078454483e-05
6.766326174e-05
7.679265198e-05
7.859183927e-05
7.062886522e-05
7.05945563e-05
7.051720701e-05
7.044880801e-05
7.031659459e-05
7.021333152e-05
7.002864413e-05
6.989011204e-05
6.965566182e-05
6.948182725e-05
8.073403122e-05
6.89917932e-05
7.438924013e-05
6.842389914e-05
8.507362233e-05
6.778253342e-05
7.29958919e-05
7.266187858e-05
7.774391185e-05
6.629895095e-05
7.680691872e-05
6.546726833e-05
6.497677463e-05
6.996493108e-05
7.474826905e-05
7.426046725e-05
6.311954991e-05
7.312593008e-05
6.730869906e-05
7.194976347e-05
6.620255325e-05
7.073835275e-05
7.507708855e-05
7.942614896e-05
7.373884775e-05
6.823427344e-05
7.23789376e-05
6.217079309e-05
6.626959035e-05
7.034983386e-05
7.425797616e-05
7.815054053e-05
7.732182851e-05
6.30560098e-05
6.237714895e-05
7.939834515e-05
7.416948813e-05
8.204996231e-05
8.114524096e-05
6.339670118e-05
7.104897695e-05
8.270786855e-05
7.359783164e-05
6.472722574e-05
7.198743151e-05
7.122096502e-05
7.040002615e-05
6.964825672e-05
7.26624627e-05
6.810229121e-05
6.730386181e-05
6.658500237e-05
6.945454766e-05
6.871455312e-05
7.86196405e-05
7.424968275e-05
6.637693104e-05
7.258976669e-05
7.172051656e-05
7.434830334e-05
7.011646136e-05
7.599588509e-05
7.508118191e-05
7.107710848e-05
7.341231373e-05
6.634540658e-05
7.178778469e-05
7.415407211e-05
7.326007793e-05
7.253077591e-05
7.16572147e-05
7.09531351e-05
7.594172928e-05
7.231324366e-05
7.430380961e-05
7.359403843e-05
7.271425488e-05
7.2029983e-05
7.3909725e-05
7.322483871e-05
6.967720578e-05
7.169708519e-05
7.347630355e-05
7.281673185e-05
6.939389358e-05
7.38758494e-05
6.294564524e-05
7.238239972e-05
6.908045042e-05
6.604368388e-05
7.029915412e-05
7.026506067e-05
7.01882794e-05
7.596362715e-05
7.5821465e-05
6.988635745e-05
6.970305103e-05
6.95652864e-05
6.933258376e-05
6.91597113e-05
6.888056666e-05
8.011840455e-05
6.835050569e-05
6.810876137e-05
7.339195808e-05
7.309422279e-05
7.266218154e-05
7.23300175e-05
6.63344156e-05
6.599759836e-05
7.099780421e-05
6.517122156e-05
6.468415773e-05
6.965026383e-05
6.378302759e-05
7.392838199e-05
6.807508218e-05
6.760079038e-05
6.701084142e-05
6.651529811e-05
7.098150685e-05
6.036663782e-05
7.973224415e-05
6.425216778e-05
7.341863211e-05
7.764393039e-05
6.245774647e-05
6.666472606e-05
7.069871016e-05
7.004867998e-05
6.932025646e-05
7.781808242e-05
6.340719784e-05
8.521420004e-05
6.211465918e-05
7.906466206e-05
7.820388898e-05
6.880601318e-05
7.65547135e-05
7.575996313e-05
6.659304292e-05
6.589287458e-05
6.922306994e-05
7.251877773e-05
7.567564143e-05
7.881068046e-05
7.400832982e-05
7.321823806e-05
8.379413777e-05
7.159428195e-05
6.330791089e-05
6.263186166e-05
6.917493635e-05
5.763203002e-05
6.762634209e-05
8.09948901e-05
6.959093279e-05
8.26279207e-05
7.483596735e-05
6.731970072e-05
6.651170293e-05
7.569331356e-05
7.153134912e-05
7.401253859e-05
7.630011225e-05
7.552234481e-05
7.461196803e-05
6.154999094e-05
7.296975392e-05
6.923314177e-05
7.137328451e-05
7.656125099e-05
6.982222394e-05
6.914550002e-05
7.116261092e-05
7.612139542e-05
7.521114971e-05
7.450331376e-05
6.816281199e-05
7.293362354e-05
7.20688382e-05
7.934603044e-05
7.056923711e-05
6.734555066e-05
7.935547418e-05
7.104286696e-05
6.770827903e-05
6.21481005e-05
6.880205789e-05
7.308629312e-05
6.997250704e-05
7.576684544e-05
6.98624061e-05
6.979478445e-05
7.546990976e-05
7.53592825e-05
6.938047156e-05
6.924346614e-05
7.476352962e-05
6.884056821e-05
6.85634816e-05
6.835697725e-05
7.370666815e-05
6.779651314e-05
6.743680402e-05
6.71634869e-05
7.789547069e-05
6.646262214e-05
7.703959609e-05
7.117388728e-05
6.52410544e-05
7.569081359e-05
6.439416456e-05
6.933841433e-05
6.879022429e-05
7.35992536e-05
6.256001597e-05
6.730160333e-05
7.69795481e-05
7.131675243e-05
7.067070223e-05
7.011985129e-05
6.450056135e-05
6.397303605e-05
8.28480103e-05
8.697234714e-05
6.697320659e-05
7.11201052e-05
6.101063545e-05
7.440009969e-05
6.442443166e-05
7.293029734e-05
6.313986905e-05
6.699113161e-05
6.627253856e-05
6.561147662e-05
6.922499174e-05
7.708468911e-05
7.62376367e-05
6.706355595e-05
7.04636602e-05
6.972306129e-05
8.516046054e-05
7.623420418e-05
7.140039769e-05
7.848959315e-05
6.982861142e-05
6.908333683e-05
7.58686827e-05
7.881097309e-05
7.047114612e-05
6.971874633e-05
7.252375509e-05
6.816373475e-05
8.153630893e-05
6.664151319e-05
6.931363943e-05
7.201140778e-05
6.098607703e-05
7.375739583e-05
6.956032908e-05
6.883721642e-05
7.124817546e-05
7.051433263e-05
7.283187185e-05
7.522374779e-05
7.122073579e-05
7.050288661e-05
7.268172188e-05
7.1958051e-05
7.109159551e-05
7.625901092e-05
6.954658372e-05
6.887245964e-05
7.371674942e-05
6.739609642e-05
7.213913173e-05
7.146014354e-05
7.332427684e-05
7.802580555e-05
7.975873973e-05
6.322492162e-05
6.768529418e-05
7.223753612e-05
7.139008451e-05
7.07596046e-05
6.743744535e-05
7.180351756e-05
7.097325375e-05
7.279308685e-05
6.964888147e-05
6.961521148e-05
7.533450685e-05
6.947230544e-05
7.512159954e-05
8.078170457e-05
6.906086407e-05
6.892460977e-05
7.441994739e-05
6.852435702e-05
6.824930251e-05
6.804393007e-05
6.772620739e-05
7.311104112e-05
7.831833612e-05
6.68581846e-05
7.200383149e-05
6.616182191e-05
7.121418772e-05
6.540303766e-05
7.036068523e-05
7.535160322e-05
6.944898999e-05
6.902934492e-05
7.902104221e-05
8.374062033e-05
6.228395265e-05
6.700505289e-05
7.664188306e-05
8.621963528e-05
7.538850809e-05
7.480139873e-05
8.398146047e-05
7.349575282e-05
6.308160936e-05
6.254337132e-05
6.668669717e-05
6.609524644e-05
7.009763005e-05
6.482377219e-05
7.789919263e-05
7.262266392e-05
6.287478494e-05
8.449967499e-05
7.919518094e-05
6.96939021e-05
6.893781806e-05
7.250054457e-05
7.170522141e-05
7.93098222e-05
7.430252132e-05
7.352185236e-05
6.461937508e-05
6.793143214e-05
7.901161834e-05
7.035400039e-05
6.568268136e-05
8.409414392e-05
7.934152171e-05
7.101837596e-05
7.018867462e-05
6.943943278e-05
6.862241376e-05
7.503811061e-05
6.355702613e-05
7.336331376e-05
6.903854711e-05
7.514117879e-05
6.074465293e-05
6.010809583e-05
7.918349498e-05
6.856531169e-05
7.419301838e-05
7.662138926e-05
7.569921323e-05
7.492750264e-05
7.402492952e-05
7.327876581e-05
7.23959548e-05
7.167506702e-05
7.081212124e-05
7.011613639e-05
6.927311126e-05
7.145996576e-05
7.060258108e-05
7.552218924e-05
7.185496837e-05
7.117859155e-05
7.033001646e-05
7.235808733e-05
7.149915384e-05
7.084688659e-05
7.260310394e-05
6.938168769e-05
7.872508394e-05
7.29956847e-05
7.214423413e-05
6.41191692e-05
8.043979879e-05
7.491896453e-05
7.510558866e-05
6.929477375e-05
7.498795837e-05
6.915279268e-05
6.902445193e-05
6.892345559e-05
7.447286999e-05
6.86086765e-05
7.977793237e-05
7.957954376e-05
7.359948874e-05
6.773373707e-05
6.741831545e-05
7.277890506e-05
7.796364296e-05
8.319455668e-05
8.270666537e-05
6.586373217e-05
7.08945038e-05
8.138719565e-05
6.465821041e-05
8.573190816e-05
6.382190951e-05
7.929579066e-05
6.818228053e-05
7.816040454e-05
7.75128938e-05
7.697435119e-05
6.10457339e-05
7.069478267e-05
6.505310273e-05
6.951207183e-05
6.394408323e-05
7.805782862e-05
6.281119631e-05
7.664700541e-05
6.165958377e-05
7.521615963e-05
6.980090655e-05
6.916049234e-05
6.844543996e-05
6.779776397e-05
7.1556477e-05
7.528932012e-05
6.134027964e-05
6.506685958e-05
8.152545789e-05
5.945995371e-05
7.141067035e-05
7.067022123e-05
8.222106893e-05
7.728963224e-05
5.631214932e-05
8.35745301e-05
7.475746393e-05
6.617692345e-05
6.9266398e-05
7.233459113e-05
7.149744937e-05
7.817955544e-05
7.358785111e-05
7.280247191e-05
6.475210976e-05
7.473974818e-05
7.385588225e-05
7.655218637e-05
7.220391123e-05
7.144219217e-05
7.058932151e-05
7.650198018e-05
7.558561119e-05
7.805205318e-05
7.068850135e-05
7.314041681e-05
6.597701169e-05
7.463358167e-05
7.373486075e-05
6.99502556e-05
7.211242604e-05
7.139430006e-05
7.05348357e-05
7.275157076e-05
7.187685529e-05
7.687439691e-05
7.032585866e-05
6.686765321e-05
7.157303491e-05
7.362614368e-05
8.083114512e-05
6.406552187e-05
7.121767576e-05
6.795432244e-05
7.231663129e-05
7.422703463e-05
7.841362976e-05
7.521407446e-05
7.185794689e-05
7.614649853e-05
7.04080461e-05
7.221367581e-05
6.901052871e-05
6.897727244e-05
6.890269257e-05
6.883620543e-05
7.443453604e-05
6.860835778e-05
7.413293578e-05
7.398692854e-05
7.374217041e-05
6.790057018e-05
6.762950386e-05
7.866408598e-05
7.27059778e-05
6.68767136e-05
6.652469832e-05
7.17771511e-05
7.135730418e-05
7.103234281e-05
6.514862511e-05
7.022068507e-05
7.50991223e-05
6.934777807e-05
7.942447404e-05
6.841939894e-05
7.310403749e-05
6.225361716e-05
7.717383912e-05
7.663814267e-05
7.091033838e-05
6.033244147e-05
6.975440753e-05
6.92121161e-05
5.877178104e-05
6.315000531e-05
8.659812702e-05
5.724027137e-05
6.612097004e-05
6.085431291e-05
7.41404635e-05
6.427811972e-05
6.361480592e-05
7.201511786e-05
7.125855846e-05
7.056592248e-05
6.98130584e-05
7.343765123e-05
7.264371976e-05
7.190465907e-05
6.693508641e-05
7.452148529e-05
6.550922046e-05
6.887276226e-05
7.21082647e-05
7.927287438e-05
6.270007248e-05
6.591056367e-05
6.898867261e-05
7.962842218e-05
7.496001042e-05
6.674367907e-05
7.329523265e-05
7.976443475e-05
8.241099445e-05
6.380892772e-05
7.006116435e-05
6.931815728e-05
7.19196047e-05
7.454956207e-05
6.696388221e-05
7.620154956e-05
7.201592868e-05
7.450674302e-05
7.361249182e-05
6.651910609e-05
7.197821727e-05
7.124437607e-05
7.34470564e-05
7.270661867e-05
7.183110943e-05
7.111572417e-05
7.025971328e-05
7.246773165e-05
6.873256811e-05
6.806612515e-05
7.565540073e-05
7.215707098e-05
6.855125502e-05
7.333832568e-05
6.97794651e-05
7.179156338e-05
7.093840524e-05
6.768782385e-05
7.203241045e-05
7.393530853e-05
6.550710924e-05
6.992321043e-05
6.910585649e-05
7.33989824e-05
7.012880473e-05
6.473467397e-05
6.869572034e-05
6.866266738e-05
7.43043392e-05
6.85225037e-05
7.409569575e-05
6.829612792e-05
6.811946839e-05
7.365087167e-05
6.776112974e-05
7.32256593e-05
7.293412418e-05
7.830871874e-05
7.794599657e-05
6.6575635e-05
6.622612139e-05
7.14552662e-05
8.196735574e-05
7.071516716e-05
7.02636698e-05
7.528618406e-05
6.408568811e-05
6.90411171e-05
7.380302515e-05
6.81184503e-05
6.758498823e-05
6.714642337e-05
7.171522185e-05
7.121786781e-05
8.068952619e-05
6.507759866e-05
6.945423342e-05
6.399225668e-05
8.290393269e-05
8.222814692e-05
6.22772662e-05
7.124670986e-05
7.054466862e-05
6.059767909e-05
7.382926132e-05
7.315282722e-05
6.787439342e-05
7.619733721e-05
7.539830474e-05
7.46658573e-05
7.387066467e-05
6.883329008e-05
7.66017192e-05
6.739799953e-05
6.249597249e-05
7.421816691e-05
7.339922422e-05
7.666379221e-05
7.580742192e-05
6.316284131e-05
8.196369013e-05
6.178479008e-05
6.871316541e-05
7.931064251e-05
6.719574361e-05
7.755817496e-05
6.570443892e-05
6.139215439e-05
7.494787635e-05
7.415008515e-05
6.978557845e-05
7.595013642e-05
7.163752833e-05
7.425723353e-05
6.670190516e-05
7.26033185e-05
7.173478942e-05
7.098911257e-05
7.332562203e-05
7.257033171e-05
7.481540387e-05
6.479602826e-05
7.011309463e-05
7.242388248e-05
7.155197916e-05
7.083931379e-05
6.998672876e-05
6.929865476e-05
6.846544766e-05
7.062658995e-05
6.977887079e-05
7.464086148e-05
7.101575356e-05
7.03470918e-05
7.485413293e-05
7.416019345e-05
7.32784022e-05
7.520303129e-05
6.662538532e-05
7.364586653e-05
7.277882702e-05
6.964878907e-05
6.883378562e-05
7.798410345e-05
7.4669133e-05
6.925530194e-05
7.408241866e-05
6.835091911e-05
6.827739924e-05
6.821164821e-05
6.808608593e-05
7.365228763e-05
7.911323861e-05
7.331785382e-05
7.869790671e-05
7.289537421e-05
7.260593294e-05
7.238822298e-05
6.651121023e-05
7.732346435e-05
7.142439702e-05
8.755231433e-05
7.616245966e-05
7.581625847e-05
7.533340136e-05
6.959927567e-05
6.380321229e-05
6.344968279e-05
6.298234665e-05
6.782013756e-05
7.764259532e-05
7.199661277e-05
7.14042477e-05
6.584453225e-05
8.034169063e-05
6.978190663e-05
7.903615054e-05
7.842274781e-05
8.255087516e-05
6.742936644e-05
7.632454249e-05
5.675651725e-05
7.024795788e-05
8.355212406e-05
7.352066074e-05
6.374157661e-05
7.209859043e-05
6.695404938e-05
6.625322067e-05
7.435798205e-05
7.356746435e-05
6.426667806e-05
7.628913081e-05
7.97088994e-05
7.054135992e-05
8.213034186e-05
7.716426312e-05
7.233599141e-05
7.550302871e-05
6.29094329e-05
6.997386312e-05
7.692261795e-05
8.364870549e-05
7.523370395e-05
6.321129161e-05
6.621529214e-05
6.908107603e-05
7.553833274e-05
7.465326618e-05
7.385872905e-05
7.29877597e-05
7.221389193e-05
6.456168875e-05
6.388075382e-05
7.308616694e-05
7.232042024e-05
7.470382924e-05
7.392729978e-05
7.304097943e-05
6.914562584e-05
6.831492164e-05
7.376549353e-05
7.287813569e-05
7.214333674e-05
7.127500986e-05
7.350525395e-05
6.971585732e-05
7.190664634e-05
7.672544487e-05
7.316722485e-05
6.950855531e-05
6.884411011e-05
7.074035459e-05
6.468390053e-05
6.923746634e-05
7.387213209e-05
7.03863838e-05
6.199481417e-05
7.147061881e-05
7.082907219e-05
7.249427484e-05
6.937651328e-05
7.835868418e-05
6.796857821e-05
7.677452645e-05
7.374037162e-05
7.374752898e-05
7.371215465e-05
6.796898927e-05
7.356223377e-05
7.342718649e-05
6.768011687e-05
7.313150133e-05
7.298783393e-05
6.715231484e-05
7.256805524e-05
8.896083949e-05
7.206413528e-05
7.173209555e-05
6.598153795e-05
7.657642585e-05
8.716317583e-05
7.040899345e-05
7.548071807e-05
6.964396336e-05
7.462288305e-05
8.469762097e-05
6.317156336e-05
7.838422437e-05
6.752442625e-05
7.215176757e-05
6.65641078e-05
7.109595881e-05
7.06037837e-05
6.999723596e-05
7.44458906e-05
7.869893657e-05
7.320812431e-05
7.25301282e-05
8.15318465e-05
7.125269653e-05
8.006673253e-05
6.995373262e-05
6.933559702e-05
6.863871494e-05
7.707878938e-05
6.282527685e-05
9.77936057e-05
7.477822245e-05
7.405263534e-05
7.32667428e-05
7.253821413e-05
7.175802303e-05
7.938532298e-05
7.852171809e-05
6.134906482e-05
8.089903291e-05
6.804295278e-05
7.520107021e-05
6.657417782e-05
6.195143936e-05
6.512419588e-05
8.331730019e-05
7.118904807e-05
7.40728467e-05
7.328247067e-05
7.967429322e-05
6.807577611e-05
7.436096309e-05
7.00663368e-05
7.9626989e-05
6.508146199e-05
6.769520185e-05
7.70284644e-05
7.280245806e-05
6.549065276e-05
7.441445616e-05
7.684272506e-05
6.95951235e-05
7.200906482e-05
7.423757432e-05
7.348060106e-05
6.957209407e-05
6.887058293e-05
7.100017652e-05
7.322175978e-05
6.944707451e-05
6.876417532e-05
7.359883646e-05
7.288499045e-05
7.200993914e-05
7.406464909e-05
7.31773558e-05
7.517296552e-05
7.162228954e-05
7.095821777e-05
7.530718103e-05
6.947382863e-05
6.865038933e-05
8.063307958e-05
7.221193909e-05
7.651061064e-05
7.561345135e-05
6.770315522e-05
7.647361562e-05
6.871268867e-05
6.776829546e-05
6.773583872e-05
7.33019657e-05
7.323151594e-05
6.74745555e-05
6.737625982e-05
6.720339263e-05
7.266077172e-05
6.685199156e-05
6.668645781e-05
7.195833227e-05
6.622424915e-05
7.141324012e-05
6.568844789e-05
7.079177934e-05
7.050670347e-05
7.549065608e-05
7.514813459e-05
6.933819138e-05
6.898876797e-05
6.851613808e-05
6.813719409e-05
6.243480279e-05
8.791783093e-05
6.670841685e-05
7.13749305e-05
6.067741763e-05
6.02577393e-05
7.965493929e-05
8.401194601e-05
6.85690144e-05
7.775741837e-05
7.222385749e-05
6.208501749e-05
8.04141544e-05
8.442130695e-05
6.966196172e-05
5.523747933e-05
5.924029716e-05
8.127503567e-05
6.256643763e-05
7.525689574e-05
5.69491691e-05
7.808800886e-05
6.867620684e-05
8.0742487e-05
7.146757079e-05
7.906436303e-05
6.585739601e-05
8.146983103e-05
7.251762612e-05
7.175729156e-05
6.307496196e-05
7.411029273e-05
7.713231495e-05
6.486622656e-05
6.412748539e-05
7.464032548e-05
5.533633025e-05
6.934493927e-05
7.575504941e-05
6.780944673e-05
7.407094008e-05
8.026214957e-05
7.586884499e-05
7.165258248e-05
6.743278176e-05
6.672167596e-05
7.252094329e-05
7.502305854e-05
7.090438946e-05
7.016737365e-05
7.562950215e-05
7.485044297e-05
7.395199377e-05
7.014798817e-05
7.231796095e-05
7.158871558e-05
7.072745453e-05
7.00228262e-05
7.206287112e-05
6.850001543e-05
7.049625032e-05
6.701993083e-05
6.897415908e-05
6.831469098e-05
7.019591531e-05
7.755804023e-05
7.134627715e-05
8.115652876e-05
6.984288735e-05
7.945825732e-05
7.851582831e-05
6.526087861e-05
7.193179397e-05
7.129680921e-05
6.560062402e-05
7.225692553e-05
7.141411347e-05
6.608440094e-05
7.308675145e-05
7.305180046e-05
6.736045304e-05
7.851173988e-05
6.717289132e-05
7.266471221e-05
6.690348492e-05
7.23366276e-05
6.655434258e-05
7.745463094e-05
7.714952522e-05
7.142458842e-05
6.562819092e-05
6.539795013e-05
6.50581425e-05
6.479638866e-05
8.052769189e-05
6.947429275e-05
6.903509265e-05
7.397116784e-05
7.346561944e-05
7.305967135e-05
6.216458551e-05
8.238852056e-05
9.196789507e-05
6.599180545e-05
7.552210599e-05
7.000019907e-05
5.948696068e-05
7.381318482e-05
7.315600135e-05
7.258965862e-05
8.630419497e-05
6.658007957e-05
5.652570736e-05
6.538702969e-05
6.474777365e-05
5.959243014e-05
6.807201226e-05
6.745001696e-05
6.676041694e-05
7.053981443e-05
8.28939334e-05
6.480829761e-05
6.412289599e-05
6.771833433e-05
7.117946037e-05
6.216788523e-05
6.559337398e-05
6.897201209e-05
6.019037291e-05
7.147140007e-05
7.067779715e-05
7.38164994e-05
7.298636722e-05
6.46102929e-05
7.514755053e-05
7.43471325e-05
7.349297925e-05
6.907367048e-05
6.827304896e-05
7.821022362e-05
8.081013921e-05
6.952213195e-05
6.526935042e-05
7.817282422e-05
7.053100777e-05
7.31104913e-05
7.552530624e-05
7.473410944e-05
6.742130694e-05
6.989767203e-05
6.592188381e-05
7.456321367e-05
6.446002673e-05
7.291736726e-05
7.204109054e-05
7.428603187e-05
7.339252047e-05
6.975483022e-05
6.891567892e-05
6.823787733e-05
7.30355282e-05
7.232700378e-05
6.596162935e-05
6.805302319e-05
7.261631957e-05
7.459650338e-05
6.844007341e-05
6.519751821e-05
7.21510995e-05
7.149270368e-05
7.064417196e-05
7.501077031e-05
7.165381408e-05
7.347033283e-05
7.018682844e-05
7.677540576e-05
7.35076023e-05
7.05294952e-05
7.276078331e-05
7.272604044e-05
7.823696177e-05
7.257892176e-05
7.244673852e-05
7.234137956e-05
6.660624211e-05
6.64757194e-05
6.625933233e-05
8.261942409e-05
7.680850355e-05
7.110905302e-05
6.53390385e-05
7.053584463e-05
6.477255663e-05
6.988819679e-05
7.483060039e-05
6.385001434e-05
7.930919106e-05
6.838887758e-05
6.792259437e-05
8.313552562e-05
6.705475525e-05
8.203392611e-05
8.139884298e-05
7.581845638e-05
6.016016607e-05
7.468099315e-05
6.417111104e-05
7.350084783e-05
7.284782014e-05
6.264641753e-05
6.206980934e-05
8.050922932e-05
6.567219958e-05
5.581313136e-05
6.908566124e-05
6.391140821e-05
9.038954087e-05
8.508596419e-05
5.762259784e-05
6.586122908e-05
7.821210656e-05
5.593935081e-05
6.812155348e-05
8.009119444e-05
8.340431009e-05
7.430226315e-05
7.758110926e-05
6.465588751e-05
7.593831968e-05
8.305240721e-05
8.213156849e-05
6.191581155e-05
7.269931113e-05
7.192770866e-05
5.613999209e-05
7.775904558e-05
6.588579312e-05
7.242580606e-05
6.800789088e-05
7.436541124e-05
5.949808016e-05
7.271584675e-05
6.843954225e-05
7.448564274e-05
7.360539807e-05
6.951889494e-05
7.196439504e-05
7.444737756e-05
6.39648986e-05
7.279503739e-05
6.87970324e-05
6.808833199e-05
7.338737387e-05
7.263897592e-05
7.176633205e-05
7.104255695e-05
7.018824802e-05
6.948887781e-05
7.151356157e-05
7.081014365e-05
8.115214478e-05
7.205120206e-05
7.392375063e-05
6.77933523e-05
6.965979237e-05
7.961954473e-05
7.080058559e-05
7.274192268e-05
7.187467251e-05
7.630582947e-05
7.539955793e-05
7.721351421e-05
7.38392839e-05
7.562712431e-05
6.750494537e-05
7.647906309e-05
6.849878968e-05
7.02564064e-05
7.24377099e-05
6.683369801e-05
6.676271674e-05
7.781519518e-05
6.657758329e-05
7.756098172e-05
6.631162883e-05
7.721208793e-05
6.596692588e-05
6.580398984e-05
7.100830604e-05
7.079629327e-05
7.589449334e-05
7.022664474e-05
6.986358933e-05
7.493553305e-05
6.918310483e-05
7.416773989e-05
6.317240853e-05
6.285491788e-05
6.24273805e-05
7.7603809e-05
6.676703337e-05
7.657722269e-05
7.598572205e-05
8.05283203e-05
6.988897217e-05
7.932211078e-05
7.37311379e-05
7.319114298e-05
7.254222456e-05
7.198155505e-05
7.607506198e-05
7.545791411e-05
7.941430467e-05
7.874140014e-05
8.714802452e-05
6.364853359e-05
7.651653613e-05
7.135840671e-05
6.62170293e-05
5.684776535e-05
6.924062157e-05
7.2855921e-05
6.784757297e-05
7.976947247e-05
7.891722942e-05
6.1671212e-05
7.727256085e-05
7.244887253e-05
8.359978017e-05
6.696715298e-05
7.012137631e-05
8.094488221e-05
6.860321449e-05
7.164613543e-05
7.828945955e-05
7.007922265e-05
6.562990807e-05
6.132298202e-05
7.131029944e-05
7.407785027e-05
7.321428787e-05
7.588494718e-05
8.181185051e-05
7.082679095e-05
7.332334724e-05
5.935933647e-05
7.168931201e-05
7.738730867e-05
6.372090443e-05
7.251737037e-05
7.476551367e-05
7.09121797e-05
7.006210622e-05
7.236270224e-05
7.14936614e-05
7.077259079e-05
7.283512096e-05
6.922494567e-05
7.124203526e-05
7.05412233e-05
7.24807773e-05
7.177749576e-05
7.364281982e-05
7.023708175e-05
7.740188139e-05
7.402881512e-05
7.575536618e-05
6.987672648e-05
7.927182221e-05
6.587929755e-05
7.260744975e-05
6.699324992e-05
7.355612109e-05
7.776737614e-05
7.20485469e-05
6.66618744e-05
7.058737131e-05
7.23182717e-05
6.656999339e-05
6.653830092e-05
7.200679321e-05
6.640417465e-05
7.18075244e-05
7.170327042e-05
7.702287874e-05
6.589044775e-05
6.56770889e-05
6.551500118e-05
7.069718072e-05
7.048627269e-05
6.476831077e-05
6.454167122e-05
6.955957802e-05
7.460971238e-05
7.41819871e-05
7.912135893e-05
6.289983683e-05
6.779932993e-05
7.251918786e-05
7.211954677e-05
8.182371703e-05
7.625045245e-05
6.557442413e-05
7.016322808e-05
6.462263028e-05
6.911392708e-05
7.342131205e-05
8.260190875e-05
7.223918222e-05
8.601756962e-05
8.04941054e-05
7.044848623e-05
7.908652391e-05
7.380413592e-05
7.308673896e-05
7.697091527e-05
8.068714726e-05
5.774263672e-05
7.474179104e-05
6.968329425e-05
6.896163707e-05
7.256276162e-05
7.602276094e-05
7.945032484e-05
7.032890025e-05
7.371100747e-05
7.291559082e-05
7.617116787e-05
6.740933113e-05
7.455096771e-05
7.760715376e-05
7.294893124e-05
6.833550321e-05
6.761061296e-05
5.941738047e-05
7.715527346e-05
6.900800309e-05
7.18657373e-05
6.3931932e-05
7.379250466e-05
7.293312353e-05
7.21575674e-05
7.810288883e-05
7.055574078e-05
7.636360657e-05
7.22734115e-05
7.466252053e-05
7.066827005e-05
7.300057932e-05
6.595991672e-05
6.827506364e-05
7.371460172e-05
7.283131033e-05
7.208852214e-05
7.419068218e-05
7.050466864e-05
7.546196756e-05
6.896301087e-05
7.948927061e-05
7.308531134e-05
7.498372516e-05
6.875563567e-05
7.336401616e-05
7.535349972e-05
6.913179666e-05
7.11143346e-05
7.546785796e-05
7.476789143e-05
7.132812453e-05
6.815298031e-05
6.983661978e-05
6.426620298e-05
7.327512177e-05
6.052369532e-05
7.416491488e-05
7.589318825e-05
7.031602801e-05
7.668817685e-05
6.627701022e-05
6.624550358e-05
6.61754954e-05
7.1621551e-05
6.59927342e-05
7.13884188e-05
7.120766524e-05
7.65352696e-05
6.538978768e-05
7.066425134e-05
6.497424916e-05
6.478057428e-05
6.448666957e-05
6.96163067e-05
6.393064712e-05
6.898051902e-05
6.858603029e-05
6.827621583e-05
6.262960717e-05
6.75083514e-05
7.736689972e-05
7.694092027e-05
6.619893401e-05
6.074116731e-05
7.031976488e-05
7.485718244e-05
6.930071764e-05
6.882346927e-05
8.286262304e-05
7.257949771e-05
6.714275048e-05
6.662465165e-05
7.073050014e-05
7.015760015e-05
7.412841208e-05
6.431357257e-05
6.823886998e-05
6.763844873e-05
6.696622412e-05
8.405085913e-05
7.006124363e-05
6.506474174e-05
6.868489173e-05
6.376936944e-05
7.571944214e-05
7.913372077e-05
7.417046067e-05
6.526123939e-05
8.069765128e-05
7.986411767e-05
6.714474324e-05
6.64419098e-05
8.116925604e-05
6.883982145e-05
6.428821357e-05
7.483110649e-05
7.02850879e-05
8.051674177e-05
7.236006089e-05
7.874783254e-05
6.722463212e-05
8.051023927e-05
7.957354952e-05
7.872749963e-05
6.765655946e-05
6.693976885e-05
6.945815011e-05
7.527129326e-05
7.437928925e-05
6.720021267e-05
6.640038102e-05
7.509740136e-05
7.110872176e-05
7.037617372e-05
7.255642664e-05
7.181641192e-05
7.095448918e-05
7.023876738e-05
7.228612428e-05
6.870305084e-05
7.636153143e-05
7.00094642e-05
6.916768292e-05
6.849641791e-05
7.850119081e-05
6.434505122e-05
7.151966548e-05
6.559794817e-05
7.777502463e-05
7.191670348e-05
7.359573991e-05
7.543868304e-05
6.957152296e-05
6.648464808e-05
8.272909606e-05
6.752860143e-05
6.196541597e-05
7.087837884e-05
6.771187075e-05
6.481970416e-05
7.698436045e-05
6.595527182e-05
7.137621997e-05
7.679324745e-05
6.570414599e-05
7.107632013e-05
7.089682366e-05
7.620129061e-05
6.510498908e-05
7.57686678e-05
7.008303828e-05
6.98743064e-05
6.955808944e-05
6.931509879e-05
6.365485323e-05
8.98164616e-05
6.829134114e-05
6.798312536e-05
6.236168949e-05
6.721985982e-05
6.676583215e-05
7.661370462e-05
7.605980112e-05
6.048416602e-05
6.002008956e-05
5.963372138e-05
6.90102883e-05
7.832622011e-05
7.280940677e-05
6.264049366e-05
7.641667229e-05
8.530591927e-05
5.635136707e-05
7.452704679e-05
7.382495375e-05
6.405069294e-05
8.155344053e-05
6.287272637e-05
7.114172562e-05
7.049380898e-05
5.233466672e-05
6.912374376e-05
6.413471126e-05
8.045210693e-05
7.122861555e-05
7.881962998e-05
7.387736189e-05
7.312908727e-05
6.832341835e-05
7.955054057e-05
7.475072127e-05
7.007544621e-05
6.545281464e-05
8.000093011e-05
6.403928358e-05
7.454156776e-05
8.843891582e-05
6.197779474e-05
6.847815455e-05
6.774855089e-05
8.106596927e-05
7.322835787e-05
7.237722398e-05
6.819790016e-05
6.739953128e-05
6.668553994e-05
7.578501772e-05
6.846565731e-05
6.765487709e-05
7.013420128e-05
6.614996237e-05
6.857967697e-05
7.392104256e-05
7.011119794e-05
7.228361012e-05
7.154634822e-05
7.363327213e-05
7.58061029e-05
7.201471785e-05
6.844504331e-05
7.607486341e-05
7.811616934e-05
7.166427426e-05
6.823914737e-05
7.011592791e-05
7.745805741e-05
6.597283151e-05
6.796520765e-05
7.231660331e-05
7.164577549e-05
7.331803399e-05
7.014373091e-05
6.435782891e-05
7.359248013e-05
6.302357978e-05
6.967521319e-05
7.360092201e-05
7.060895762e-05
6.977955203e-05
7.149103909e-05
7.117360589e-05
7.113986973e-05
6.559851398e-05
6.553588903e-05
7.086957671e-05
6.532332782e-05
6.515878533e-05
7.045091276e-05
8.102832568e-05
7.005165574e-05
7.514763956e-05
6.422057619e-05
6.393067202e-05
6.370752565e-05
6.866321437e-05
6.838838643e-05
7.322987915e-05
7.289965893e-05
6.727072544e-05
8.238009038e-05
6.648277185e-05
6.611735898e-05
7.57389469e-05
7.026755208e-05
7.969096882e-05
8.907571375e-05
8.344848663e-05
5.849984286e-05
6.767344551e-05
8.157505595e-05
8.561407022e-05
7.079540974e-05
6.547361982e-05
6.494411046e-05
5.973822548e-05
7.290280409e-05
6.768578147e-05
6.709104615e-05
7.971203237e-05
5.704582558e-05
7.818763912e-05
8.175619831e-05
7.239663722e-05
6.747978364e-05
6.677334064e-05
5.37160155e-05
6.949842765e-05
8.093506572e-05
7.205923468e-05
9.112532874e-05
7.445960308e-05
5.429104617e-05
8.054014524e-05
7.969115293e-05
7.504973401e-05
6.682883487e-05
6.974527644e-05
7.989875478e-05
7.898725973e-05
7.459377368e-05
7.022358578e-05
6.600193477e-05
7.553588948e-05
6.793908447e-05
7.721611591e-05
6.975489652e-05
7.549899876e-05
7.470325045e-05
7.060969324e-05
7.304610003e-05
6.276326234e-05
7.142756645e-05
7.057528486e-05
7.28850887e-05
7.201283752e-05
7.127830805e-05
7.335769631e-05
7.552234812e-05
6.887552817e-05
7.10301733e-05
7.017624046e-05
6.94856622e-05
7.139617928e-05
6.798380221e-05
7.254012918e-05
7.45070662e-05
7.098366663e-05
6.510622415e-05
7.976436804e-05
6.627853249e-05
6.800500799e-05
6.738430711e-05
6.411537007e-05
6.842755162e-05
7.003003089e-05
6.701857122e-05
7.332213008e-05
6.799685765e-05
7.646580938e-05
7.581428993e-05
6.541333257e-05
7.083090227e-05
7.075659489e-05
7.068910831e-05
7.056234896e-05
6.504022015e-05
7.02832115e-05
6.475028685e-05
7.529989843e-05
8.047998892e-05
6.413489907e-05
6.92728749e-05
6.896094089e-05
7.400662261e-05
6.836953821e-05
6.809611602e-05
7.812634055e-05
7.777434125e-05
6.698539511e-05
6.152327173e-05
7.12945709e-05
6.583854544e-05
6.53646832e-05
7.497079133e-05
6.94382134e-05
7.884797716e-05
7.821333922e-05
7.282131598e-05
7.702145774e-05
7.6459691e-05
6.631512128e-05
7.050495643e-05
6.986376521e-05
8.315901432e-05
7.322543014e-05
7.714518457e-05
7.640093058e-05
7.127536436e-05
7.057085383e-05
7.429951669e-05
6.057005565e-05
6.000146947e-05
8.059304124e-05
7.141334284e-05
7.06669565e-05
7.819886946e-05
6.922594484e-05
6.852537855e-05
5.981519599e-05
7.498418035e-05
6.245957358e-05
7.339511568e-05
6.494747411e-05
6.804322759e-05
6.728523081e-05
7.766761844e-05
7.313522975e-05
7.959330509e-05
7.868633525e-05
7.430974957e-05
7.345491608e-05
7.613337966e-05
6.840927097e-05
7.445044837e-05
7.358041841e-05
6.949197321e-05
7.848535367e-05
7.765818997e-05
7.673983673e-05
7.593615743e-05
7.503399901e-05
7.425413673e-05
7.031155647e-05
6.958718764e-05
6.875474905e-05
7.397111328e-05
7.016080848e-05
6.945296279e-05
7.147797357e-05
7.359603164e-05
7.550793632e-05
7.199575709e-05
7.386585512e-05
7.314878975e-05
7.494624875e-05
6.89270508e-05
8.119550852e-05
7.00521656e-05
7.433932188e-05
6.603071208e-05
6.524104908e-05
7.210465636e-05
7.61583334e-05
7.547473769e-05
7.217227084e-05
7.39199809e-05
7.775805143e-05
6.774033974e-05
7.617632018e-05
6.637256664e-05
7.055795559e-05
6.509963718e-05
7.045079919e-05
8.662605059e-05
6.485332934e-05
7.555281515e-05
6.459726588e-05
6.984400091e-05
7.497616728e-05
7.479186632e-05
6.918157361e-05
6.367017698e-05
6.866619503e-05
7.369052219e-05
7.331516068e-05
7.30222049e-05
7.779493199e-05
6.195577831e-05
8.209535389e-05
8.168491318e-05
7.60659128e-05
6.556207351e-05
8.511933041e-05
7.465755916e-05
7.408848666e-05
6.379773453e-05
8.275773002e-05
7.735502623e-05
7.191043668e-05
8.090455436e-05
8.491340625e-05
7.021687668e-05
7.42181918e-05
6.441650812e-05
6.83712235e-05
6.779441999e-05
8.056990397e-05
7.542609047e-05
6.589578741e-05
6.529679234e-05
6.89479203e-05
8.110751678e-05
6.337478549e-05
7.113165544e-05
5.796777047e-05
6.969296873e-05
7.706801272e-05
7.628841259e-05
6.355503888e-05
8.648685315e-05
7.388411671e-05
6.926374537e-05
6.850346694e-05
7.154743172e-05
7.819896908e-05
7.737055284e-05
7.285651961e-05
7.568608277e-05
7.482461793e-05
6.697760586e-05
6.969255554e-05
7.584565769e-05
7.837423502e-05
7.079866712e-05
6.664003215e-05
6.923102449e-05
6.84174422e-05
7.092007715e-05
6.68964419e-05
6.934806412e-05
7.16394281e-05
7.08948562e-05
7.309543487e-05
7.23423745e-05
7.147733291e-05
7.369604999e-05
6.990017934e-05
6.919492065e-05
6.836408703e-05
7.050262317e-05
7.522762967e-05
7.448721124e-05
7.086596227e-05
7.287710635e-05
6.666766221e-05
6.602969904e-05
7.045564202e-05
6.979156261e-05
7.150856465e-05
7.33752847e-05
6.749753297e-05
8.174395693e-05
7.587356353e-05
7.519252673e-05
8.148862256e-05
7.364292196e-05
7.277083478e-05
7.213993963e-05
7.818868175e-05
7.068251751e-05
6.484994517e-05
7.022094926e-05
6.475166334e-05
6.469001734e-05
8.071824921e-05
6.44813034e-05
6.968012983e-05
8.02435955e-05
6.399017811e-05
8.511067278e-05
7.418515664e-05
7.396491684e-05
6.837395799e-05
6.813588838e-05
8.864801481e-05
6.751900611e-05
7.746632319e-05
7.711788667e-05
8.175007358e-05
7.625784925e-05
7.574747405e-05
6.528791381e-05
6.980626176e-05
7.930339575e-05
7.378145357e-05
7.819531257e-05
6.302447597e-05
7.222183592e-05
6.684131334e-05
6.635458118e-05
7.986917088e-05
6.99311415e-05
7.391749058e-05
6.41559086e-05
6.355611974e-05
6.75217703e-05
5.795638991e-05
6.628635614e-05
6.563350402e-05
7.370890274e-05
6.867509619e-05
7.653507244e-05
7.154219146e-05
7.501995691e-05
7.423844385e-05
7.350424143e-05
6.868733928e-05
7.199238263e-05
7.913639997e-05
6.657240451e-05
6.585236008e-05
7.666371231e-05
7.961455387e-05
7.127356925e-05
6.30625472e-05
8.80865726e-05
7.257992567e-05
8.257978429e-05
7.809131301e-05
7.023632479e-05
5.901553468e-05
6.869100204e-05
8.147481796e-05
7.389172051e-05
7.634925361e-05
7.882517511e-05
6.167048944e-05
6.744385728e-05
6.982108039e-05
7.223037112e-05
7.447645184e-05
7.370240321e-05
7.282431534e-05
7.207403701e-05
7.121255615e-05
7.342302478e-05
7.254320768e-05
7.181123838e-05
6.811120424e-05
7.024177587e-05
6.939758932e-05
6.596591273e-05
7.331932666e-05
7.260743361e-05
7.17345414e-05
7.631084561e-05
7.019456465e-05
6.438230683e-05
7.633201746e-05
7.058217354e-05
7.471847234e-05
7.156854118e-05
7.315249871e-05
6.041324062e-05
7.402097488e-05
7.573463963e-05
6.548232131e-05
6.955144833e-05
6.414873662e-05
6.587402294e-05
6.995286469e-05
8.605525572e-05
7.521992085e-05
7.514837355e-05
6.429825502e-05
7.490633717e-05
7.471956539e-05
6.392072903e-05
6.902719993e-05
6.88577854e-05
6.859337136e-05
6.312913193e-05
7.332144386e-05
6.784732832e-05
6.75033916e-05
6.206224976e-05
6.685508166e-05
6.655462452e-05
7.123172482e-05
7.08761992e-05
7.543169039e-05
8.502097207e-05
7.448215092e-05
6.910295652e-05
8.327388206e-05
7.300595194e-05
6.276577045e-05
8.151588627e-05
8.558802644e-05
7.552469195e-05
6.550764704e-05
7.42909039e-05
6.901801515e-05
6.389740912e-05
7.234418248e-05
6.725130486e-05
6.216566784e-05
7.042389183e-05
6.97315203e-05
6.909844984e-05
6.840442267e-05
6.352819574e-05
7.545371359e-05
7.887782395e-05
6.984088198e-05
7.32181719e-05
6.842116725e-05
5.577732734e-05
7.094823396e-05
6.631604853e-05
6.945864423e-05
7.255147702e-05
7.175732987e-05
6.352792212e-05
7.760488338e-05
7.678318723e-05
6.869015273e-05
6.438338984e-05
7.779716382e-05
7.696910374e-05
6.225254668e-05
7.527668894e-05
7.440594482e-05
7.026933102e-05
6.945029483e-05
7.198710363e-05
6.790869617e-05
6.399348102e-05
7.272402353e-05
7.196249514e-05
7.420077393e-05
7.342959975e-05
7.255519961e-05
7.180768284e-05
7.094973379e-05
7.022593448e-05
6.938468724e-05
7.154640233e-05
7.351520086e-05
6.718353757e-05
6.637619005e-05
6.846122566e-05
7.846012731e-05
8.037749921e-05
7.941108183e-05
7.078593052e-05
6.47550139e-05
6.157878268e-05
6.590984209e-05
7.534413109e-05
7.196035912e-05
7.622094228e-05
7.53103652e-05
7.222682824e-05
6.898778622e-05
7.073708551e-05
6.75679118e-05
7.160173541e-05
7.760330668e-05
6.562754911e-05
7.501220943e-05
6.426591845e-05
7.489899646e-05
6.94829743e-05
8.003033226e-05
7.458722926e-05
7.440171833e-05
6.895298933e-05
7.402146268e-05
7.383992992e-05
7.88111598e-05
6.81005466e-05
6.779688333e-05
6.75612021e-05
6.721953239e-05
8.240196422e-05
6.657504895e-05
7.647242095e-05
7.600139388e-05
7.058088734e-05
8.513433256e-05
7.470740315e-05
6.922947938e-05
7.864893088e-05
6.341829777e-05
7.27062789e-05
7.693437555e-05
7.163214536e-05
7.576895447e-05
7.051695624e-05
7.92234499e-05
6.474215191e-05
8.248875669e-05
6.364098439e-05
6.755168251e-05
6.698299753e-05
6.19187393e-05
6.137649924e-05
7.813818185e-05
7.312760442e-05
6.813587443e-05
7.593495935e-05
7.515918888e-05
6.202920935e-05
7.366214007e-05
8.914194719e-05
8.419400313e-05
6.746844746e-05
6.67493819e-05
5.828969939e-05
8.072552019e-05
6.466670938e-05
7.148453435e-05
7.445482749e-05
7.36297264e-05
7.649283605e-05
7.203299073e-05
6.77043487e-05
7.750522228e-05
6.622400937e-05
7.235644495e-05
6.135986762e-05
7.07592338e-05
7.334131635e-05
6.589745928e-05
7.497978753e-05
7.087891893e-05
7.013213405e-05
6.930505252e-05
6.234486845e-05
7.392712937e-05
7.315880836e-05
7.228806554e-05
7.154329007e-05
7.068884429e-05
7.288299867e-05
7.201018949e-05
7.128351251e-05
7.324526084e-05
7.251486245e-05
7.164353838e-05
7.366660453e-05
7.278082626e-05
7.741284864e-05
6.857004099e-05
7.052575903e-05
6.709749881e-05
6.902125894e-05
7.071838389e-05
7.756878392e-05
6.922259998e-05
6.369133882e-05
6.050958858e-05
6.716244036e-05
7.110212529e-05
7.752239482e-05
6.963799602e-05
6.673333464e-05
7.276601768e-05
7.440124562e-05
6.402282814e-05
6.399273749e-05
6.925359896e-05
7.983212842e-05
6.906531855e-05
7.427082867e-05
6.350276912e-05
7.922424921e-05
6.844370737e-05
6.302398281e-05
7.324701669e-05
6.781363831e-05
8.828490153e-05
6.727747905e-05
7.208713131e-05
7.180002538e-05
6.629735238e-05
7.107680818e-05
7.064001165e-05
7.530859945e-05
5.984636525e-05
6.943894641e-05
7.879388318e-05
6.363965774e-05
5.830034838e-05
6.275451517e-05
7.183232215e-05
6.658483674e-05
6.131301138e-05
7.023183818e-05
6.962160795e-05
7.829941677e-05
7.302983115e-05
6.338660954e-05
7.176837421e-05
6.671682258e-05
7.929484025e-05
7.42341723e-05
7.350690471e-05
7.284038002e-05
5.93857482e-05
6.723414947e-05
8.734478028e-05
7.002678281e-05
7.74538489e-05
6.861640237e-05
5.990732143e-05
7.511626474e-05
6.64940666e-05
5.806695381e-05
7.275942478e-05
6.442082354e-05
8.245809014e-05
7.04644182e-05
8.068736373e-05
7.983346643e-05
7.176260277e-05
7.810043125e-05
7.370566983e-05
7.639391728e-05
7.551965295e-05
7.811238364e-05
7.385355554e-05
7.306917774e-05
7.550163878e-05
6.495860701e-05
6.740746027e-05
7.304942473e-05
7.5327151e-05
6.832689218e-05
7.058651674e-05
7.289000686e-05
7.202289133e-05
7.128083713e-05
7.336444416e-05
7.261595361e-05
6.887674266e-05
7.670435134e-05
7.017047688e-05
6.947068791e-05
6.589058673e-05
7.339707222e-05
6.714308472e-05
7.181025861e-05
7.094664986e-05
6.766499331e-05
6.428038348e-05
6.622128342e-05
6.542608129e-05
6.980496756e-05
7.143126455e-05
6.833849119e-05
7.475546634e-05
7.408447644e-05
7.083952926e-05
7.021465959e-05
6.938007701e-05
6.648624411e-05
7.023016404e-05
7.63711442e-05
6.906444046e-05
6.903202493e-05
6.896062968e-05
6.889521149e-05
6.87735028e-05
7.923975118e-05
8.431322085e-05
6.837150486e-05
6.291290285e-05
6.798875077e-05
7.293955397e-05
6.752913738e-05
6.722946814e-05
6.184258063e-05
7.178652513e-05
6.639364298e-05
7.110057536e-05
6.572598106e-05
7.537267101e-05
7.499741278e-05
5.959995352e-05
5.927430165e-05
7.356658966e-05
6.337920855e-05
8.709402483e-05
6.249901948e-05
7.154104871e-05
6.631520601e-05
7.515785555e-05
7.461228421e-05
7.858808616e-05
7.339848887e-05
7.273866343e-05
7.215344009e-05
7.148389372e-05
6.202257105e-05
6.58186294e-05
8.699065366e-05
8.18329018e-05
6.828743819e-05
6.76050544e-05
6.697260805e-05
6.214748658e-05
7.38591956e-05
7.309471491e-05
8.041463255e-05
7.161340904e-05
8.270555366e-05
7.403372018e-05
8.098426578e-05
6.485373096e-05
7.927722416e-05
6.721116517e-05
7.389344053e-05
6.211515786e-05
6.507314737e-05
7.149423712e-05
7.42717992e-05
7.692786348e-05
6.91904871e-05
7.523941138e-05
7.105546971e-05
7.023586044e-05
7.610809904e-05
6.868211366e-05
7.766301229e-05
7.675383639e-05
6.961649411e-05
7.505083235e-05
7.426503387e-05
7.338585093e-05
7.26231734e-05
7.175965548e-05
7.102030274e-05
7.017277917e-05
7.235085833e-05
6.862554908e-05
7.359402581e-05
6.711810886e-05
7.475479953e-05
7.112130982e-05
7.312950505e-05
7.760204337e-05
7.419835045e-05
7.854205715e-05
7.779012412e-05
6.66074946e-05
7.613011203e-05
7.020122757e-05
6.954968859e-05
6.871549926e-05
7.295159716e-05
7.207845687e-05
7.143149785e-05
7.998938118e-05
6.995632975e-05
7.373233224e-05
6.852514822e-05
6.771308474e-05
7.161276827e-05
6.87732927e-05
6.874105793e-05
8.451708147e-05
6.860504334e-05
6.848414264e-05
6.838558333e-05
7.346419764e-05
6.284716149e-05
7.83115347e-05
6.249593237e-05
8.301104193e-05
7.241986082e-05
7.724920081e-05
6.671712237e-05
7.148841561e-05
6.103212866e-05
6.574885167e-05
8.559412777e-05
8.006634064e-05
7.468878727e-05
6.92481564e-05
6.887009706e-05
7.815080973e-05
7.768723997e-05
6.746477257e-05
7.660996402e-05
7.12521279e-05
7.076544662e-05
7.017748853e-05
7.895759186e-05
8.748294136e-05
6.853665251e-05
7.697792126e-05
8.085074389e-05
7.120165962e-05
7.060348688e-05
6.118958497e-05
6.49872608e-05
6.006260846e-05
6.802131509e-05
6.313381304e-05
7.088266188e-05
8.2543612e-05
4.904973079e-05
6.472379372e-05
7.61011427e-05
6.737679324e-05
8.631363643e-05
6.210753033e-05
8.836068095e-05
7.98108561e-05
7.145633911e-05
7.439837086e-05
6.993511427e-05
6.916306413e-05
7.56348101e-05
7.478926472e-05
6.342450984e-05
7.664239779e-05
6.204048852e-05
7.15539128e-05
7.753507226e-05
7.664154894e-05
7.582777441e-05
6.517125308e-05
7.092965589e-05
7.009992988e-05
7.566709868e-05
7.166084461e-05
6.782750159e-05
7.311817322e-05
7.235828645e-05
7.149833682e-05
7.076166595e-05
7.574402548e-05
7.497119921e-05
7.12251886e-05
7.05063082e-05
7.244720548e-05
7.448324347e-05
7.086304017e-05
6.746655706e-05
6.932153273e-05
7.392877624e-05
6.521382799e-05
6.975659446e-05
6.891767297e-05
7.332464576e-05
7.993768629e-05
7.177113673e-05
7.580023111e-05
7.268534018e-05
7.18148563e-05
7.117026585e-05
7.032011349e-05
7.899321298e-05
7.116559268e-05
7.282484087e-05
7.196090709e-05
6.911912426e-05
6.848458936e-05
6.845253347e-05
7.890238264e-05
8.408284203e-05
6.295126819e-05
7.85759257e-05
7.838241346e-05
7.301511081e-05
6.758673311e-05
6.742147916e-05
7.233230773e-05
6.181591142e-05
8.205719618e-05
6.644042993e-05
8.136316777e-05
7.597489934e-05
6.547799075e-05
7.521337057e-05
8.472150038e-05
6.942384533e-05
6.896536244e-05
7.34883784e-05
8.269776791e-05
6.770039625e-05
6.719197222e-05
7.15317911e-05
8.042760219e-05
7.517993489e-05
6.98967517e-05
6.939015188e-05
6.420468554e-05
7.281536209e-05
7.667344054e-05
6.710950857e-05
8.42194539e-05
6.593084082e-05
7.401112086e-05
6.473352827e-05
5.982911885e-05
8.046174408e-05
5.86971361e-05
7.476253027e-05
7.400372943e-05
8.143575736e-05
6.447641312e-05
7.182058713e-05
6.712066244e-05
8.207741936e-05
8.507491451e-05
7.271783306e-05
7.572433981e-05
6.744097995e-05
7.41197716e-05
5.867236472e-05
6.89052414e-05
6.817658089e-05
7.451165677e-05
7.723128852e-05
6.941731172e-05
7.898103578e-05
7.12903436e-05
7.38909264e-05
7.304018075e-05
7.55495072e-05
7.467263743e-05
7.709468764e-05
6.984405805e-05
7.539096133e-05
7.45042324e-05
7.065237625e-05
6.981692275e-05
7.209532478e-05
7.123891448e-05
7.344261051e-05
7.256686929e-05
6.895337501e-05
6.812861875e-05
6.744095291e-05
6.663234244e-05
7.146499937e-05
6.517535953e-05
7.797797199e-05
6.907064889e-05
6.839964277e-05
7.277498439e-05
7.207814034e-05
7.375435639e-05
6.802025443e-05
7.715853517e-05
6.657880952e-05
6.821577421e-05
7.242101968e-05
7.393828264e-05
7.563833343e-05
7.239869327e-05
7.176017538e-05
6.404314664e-05
7.25581579e-05
7.617751156e-05
6.88652579e-05
6.819829978e-05
6.81664209e-05
6.80964079e-05
6.279874933e-05
6.791266615e-05
7.3031622e-05
6.244474339e-05
7.271108631e-05
7.24831952e-05
7.747082126e-05
8.232281204e-05
6.668977946e-05
7.150331235e-05
7.63454112e-05
6.077105417e-05
6.557393502e-05
8.025766445e-05
7.490505928e-05
6.948559507e-05
6.914048799e-05
6.868486882e-05
7.318981296e-05
6.298349537e-05
8.187526489e-05
6.692136917e-05
6.649446926e-05
6.125706694e-05
7.019920583e-05
6.961825203e-05
8.293686611e-05
6.851816622e-05
8.159316696e-05
7.637135904e-05
6.238912499e-05
7.505906401e-05
7.005114256e-05
6.071294833e-05
6.878055397e-05
7.662527687e-05
8.015060158e-05
6.682415302e-05
5.792504525e-05
6.962481693e-05
7.706814501e-05
6.824534862e-05
7.552230655e-05
6.68664716e-05
7.008592851e-05
6.54920426e-05
7.244413605e-05
6.789643618e-05
8.211913983e-05
7.753541365e-05
8.03737613e-05
6.864933372e-05
6.792355904e-05
6.716599713e-05
6.995077925e-05
7.607777547e-05
7.526895464e-05
7.102870899e-05
7.027351603e-05
7.277302259e-05
7.200052378e-05
7.763513154e-05
7.361306508e-05
7.591641528e-05
6.88570961e-05
6.804774834e-05
7.039605606e-05
7.258863355e-05
7.183426748e-05
7.09813679e-05
7.61041697e-05
7.519704479e-05
7.442974231e-05
6.788284262e-05
7.839722178e-05
6.915842345e-05
7.120726641e-05
7.035208757e-05
7.769678051e-05
6.882157446e-05
7.077419537e-05
8.028157491e-05
7.438292864e-05
7.348796534e-05
6.777452361e-05
7.191950428e-05
7.862278042e-05
7.282352941e-05
7.696918894e-05
7.366984387e-05
7.065349234e-05
7.213520127e-05
7.149904161e-05
7.97617651e-05
7.455259037e-05
6.696936754e-05
7.303991083e-05
6.791439382e-05
7.310443552e-05
7.302952194e-05
6.253755804e-05
6.763048962e-05
6.23385041e-05
7.773215352e-05
7.240958314e-05
7.21831821e-05
7.20069489e-05
9.223082879e-05
7.663224368e-05
7.120902062e-05
7.0962633e-05
8.069572557e-05
6.530517849e-05
6.993851768e-05
6.962598095e-05
7.414592409e-05
6.885943433e-05
6.840664759e-05
7.289366371e-05
8.20309958e-05
8.154558234e-05
7.141386106e-05
6.622808507e-05
7.039919966e-05
7.924206605e-05
6.934196289e-05
7.801883296e-05
7.279759937e-05
7.224142779e-05
6.264723994e-05
7.546134848e-05
7.476618342e-05
7.850047342e-05
6.91170329e-05
5.566769962e-05
6.360808251e-05
7.984185618e-05
8.320980767e-05
7.418978837e-05
6.527930726e-05
7.27338072e-05
6.798648708e-05
6.731658032e-05
7.836964563e-05
7.370077768e-05
8.827432147e-05
6.457538722e-05
7.891668708e-05
7.809395928e-05
6.989034685e-05
6.915590204e-05
6.479556618e-05
6.767240831e-05
6.691852294e-05
7.666252786e-05
7.579857252e-05
6.817533805e-05
7.076898774e-05
7.335080278e-05
7.250781166e-05
7.499905514e-05
7.090696619e-05
7.334567786e-05
7.564132093e-05
7.172616047e-05
7.088363935e-05
7.319122326e-05
7.232672963e-05
7.157509394e-05
7.07256768e-05
6.999693603e-05
7.204471757e-05
6.845717187e-05
7.045711813e-05
7.811537308e-05
7.993554798e-05
7.368028522e-05
7.279549388e-05
7.474803696e-05
7.121176263e-05
7.835537117e-05
7.225168432e-05
7.15597308e-05
7.069854372e-05
7.503395761e-05
7.166032499e-05
7.589129352e-05
7.256064113e-05
6.95015008e-05
7.103549732e-05
7.274450665e-05
6.955511636e-05
6.894174336e-05
6.584799804e-05
6.977965234e-05
7.562175622e-05
6.615781831e-05
7.803789442e-05
7.28014124e-05
7.272697843e-05
7.265828551e-05
7.253146738e-05
6.20806264e-05
7.741105275e-05
8.756283508e-05
7.188564231e-05
6.658810145e-05
6.123442523e-05
7.122952773e-05
7.598265155e-05
7.571994641e-05
6.529745145e-05
8.505049783e-05
7.462919385e-05
6.934289407e-05
6.892242142e-05
6.858065636e-05
7.299714776e-05
6.775990799e-05
8.170162558e-05
7.166342133e-05
6.164474611e-05
7.538723051e-05
5.6095528e-05
6.035636086e-05
9.209047742e-05
8.228208104e-05
6.797945868e-05
7.645520516e-05
8.468890243e-05
7.516679141e-05
6.571374669e-05
8.688421669e-05
6.884991981e-05
7.678089714e-05
8.448488082e-05
7.534940235e-05
6.631349789e-05
7.390669561e-05
7.316018362e-05
8.453409808e-05
7.5697768e-05
6.706250311e-05
7.417133086e-05
7.728848194e-05
6.117860783e-05
6.811851478e-05
7.862306658e-05
7.039377098e-05
7.696117166e-05
6.527369272e-05
8.607559433e-05
7.452027729e-05
7.018196388e-05
7.290940119e-05
6.865582856e-05
6.792618818e-05
7.386883319e-05
7.308369131e-05
7.552836889e-05
7.472682613e-05
6.743889151e-05
7.625762723e-05
7.222787087e-05
6.835996847e-05
7.369909959e-05
7.292760513e-05
7.206670884e-05
7.131778384e-05
7.04718212e-05
7.265175625e-05
7.465790743e-05
7.389605035e-05
7.020476262e-05
6.949602114e-05
6.866326583e-05
7.341646589e-05
7.253492946e-05
6.916039259e-05
7.621286566e-05
6.766480214e-05
6.685050017e-05
7.130331244e-05
6.289734039e-05
7.476483348e-05
7.140300702e-05
7.074011193e-05
6.988965591e-05
6.686350362e-05
7.313877171e-05
7.482044737e-05
7.161392949e-05
7.327219039e-05
7.465899276e-05
7.401250382e-05
7.091473731e-05
6.811472594e-05
6.735361465e-05
7.250089102e-05
7.760028354e-05
8.269551965e-05
7.223258349e-05
8.24331646e-05
6.681358138e-05
7.181401636e-05
6.6476935e-05
7.14160121e-05
6.60656765e-05
7.093803349e-05
7.567247708e-05
7.038363869e-05
7.503669812e-05
6.97568531e-05
7.432673331e-05
7.89281141e-05
8.335372502e-05
7.318299275e-05
9.20915244e-05
7.230849736e-05
7.18013733e-05
8.08941187e-05
8.029158475e-05
7.039464513e-05
7.915408023e-05
7.399107614e-05
7.796869997e-05
8.195855039e-05
8.125592287e-05
6.271691149e-05
6.21593655e-05
7.047014114e-05
7.855118053e-05
6.058381196e-05
6.858486337e-05
7.223652086e-05
7.995340597e-05
7.089129437e-05
7.018990379e-05
6.544511564e-05
7.288325898e-05
7.619409173e-05
7.54128005e-05
7.074035645e-05
8.167186712e-05
6.159950164e-05
6.476012171e-05
7.163526874e-05
6.341131377e-05
8.120668754e-05
6.937463541e-05
8.309779272e-05
7.861282006e-05
6.71756378e-05
6.992526891e-05
7.264289751e-05
7.182598484e-05
7.783068064e-05
7.025520201e-05
7.612845084e-05
7.852706944e-05
7.445656623e-05
7.359521216e-05
7.598263183e-05
6.570993649e-05
7.430627652e-05
6.731502716e-05
7.266587918e-05
7.180855095e-05
7.106231716e-05
7.314560564e-05
7.23919096e-05
7.439122746e-05
7.929606915e-05
6.995420838e-05
6.647803883e-05
6.568160298e-05
7.044510208e-05
6.959932654e-05
6.891366673e-05
7.332232279e-05
7.260976313e-05
7.429785114e-05
7.104872516e-05
6.517950262e-05
7.698088741e-05
7.850761974e-05
7.048696765e-05
7.6843219e-05
7.376210901e-05
6.817441297e-05
7.222199346e-05
6.905429863e-05
7.300843385e-05
6.762678654e-05
7.821480162e-05
7.728211154e-05
6.348957922e-05
7.739617341e-05
6.704549477e-05
7.212934979e-05
6.691409792e-05
6.679785612e-05
6.670215403e-05
7.165829489e-05
6.641132812e-05
6.620515697e-05
6.604386848e-05
7.085752607e-05
8.074161749e-05
7.034050305e-05
7.009767022e-05
7.971484468e-05
6.451196643e-05
7.402671452e-05
5.895734614e-05
6.836830331e-05
6.802981785e-05
7.724039472e-05
7.682071813e-05
7.151537367e-05
6.635363801e-05
6.58604075e-05
8.413918251e-05
6.492868661e-05
7.369971333e-05
8.223131824e-05
7.710213434e-05
7.194576636e-05
6.69349615e-05
6.191826678e-05
6.58098728e-05
7.390109681e-05
6.035048345e-05
9.394252988e-05
6.34940163e-05
5.86883819e-05
6.231294363e-05
6.992374995e-05
7.334694235e-05
6.857462159e-05
7.191201768e-05
6.326734358e-05
8.222124992e-05
8.136718522e-05
6.52055629e-05
7.970089238e-05
7.888223958e-05
6.689342734e-05
6.987424988e-05
8.367112285e-05
7.919289322e-05
7.476489979e-05
6.692997757e-05
6.61869226e-05
7.237833502e-05
6.815738707e-05
6.068998077e-05
8.000125326e-05
6.925729592e-05
7.172365173e-05
7.741383041e-05
6.376582299e-05
7.255504545e-05
7.482787139e-05
7.403996467e-05
7.012311174e-05
7.240602509e-05
7.155223601e-05
7.375903557e-05
6.996953802e-05
6.924855846e-05
7.412644589e-05
7.054803604e-05
7.249365364e-05
7.452179033e-05
7.090215415e-05
7.289445472e-05
7.201935682e-05
7.395090228e-05
7.306167612e-05
6.976760314e-05
8.16922222e-05
7.079594941e-05
6.994339218e-05
7.423233556e-05
7.57831082e-05
6.781371043e-05
6.939046765e-05
7.586958757e-05
7.027287247e-05
6.964213708e-05
7.798079586e-05
6.819990879e-05
7.412187669e-05
7.570685846e-05
7.480316311e-05
6.980479413e-05
7.707925445e-05
8.217969206e-05
6.157217454e-05
7.176652486e-05
7.164214507e-05
8.175951684e-05
8.665860235e-05
7.12281667e-05
8.62234666e-05
7.589431671e-05
7.5610454e-05
6.533627679e-05
6.505170858e-05
7.480073155e-05
6.450694418e-05
6.425182716e-05
6.881383417e-05
5.872052466e-05
8.268626613e-05
7.259753953e-05
5.769937975e-05
6.69504745e-05
8.547797206e-05
6.136992709e-05
7.497188878e-05
7.449549141e-05
6.467367903e-05
7.341063618e-05
6.825839343e-05
7.228361087e-05
7.614537455e-05
7.11202806e-05
7.049032129e-05
6.55559628e-05
7.361716619e-05
6.441315567e-05
7.231462778e-05
6.746857424e-05
7.09937421e-05
9.104561024e-05
7.37572309e-05
7.307023331e-05
7.635429903e-05
6.368195471e-05
5.909151634e-05
6.631165039e-05
8.106476815e-05
6.496346648e-05
6.049994902e-05
7.484840476e-05
6.664728843e-05
6.595328311e-05
6.886647895e-05
7.89030781e-05
6.385053607e-05
7.721549294e-05
7.288834487e-05
7.898385379e-05
7.470195758e-05
6.718954641e-05
7.639156774e-05
7.557998971e-05
7.146602068e-05
7.39218689e-05
6.671432967e-05
7.543854844e-05
7.45605956e-05
7.070157346e-05
7.291118215e-05
7.214802287e-05
7.129774435e-05
7.34967035e-05
7.262611655e-05
7.475286302e-05
6.818173156e-05
7.029779824e-05
7.501510128e-05
7.700795665e-05
7.065102997e-05
7.801668397e-05
7.97381214e-05
7.368895551e-05
6.760267057e-05
7.20952432e-05
6.868350772e-05
7.054496592e-05
6.72061312e-05
7.396892097e-05
7.55138863e-05
6.515944982e-05
7.152779804e-05
6.614963152e-05
6.768821372e-05
6.708067927e-05
6.62752867e-05
7.47517822e-05
7.83323401e-05
7.099819487e-05
7.453422286e-05
6.520681649e-05
8.188258167e-05
7.161403126e-05
6.643135854e-05
7.147411589e-05
7.135053086e-05
6.107010373e-05
7.61527469e-05
6.080469581e-05
7.071961454e-05
7.558668411e-05
6.526400771e-05
7.007769182e-05
6.977316648e-05
7.449926615e-05
7.907406527e-05
7.876157225e-05
7.343388488e-05
5.848559811e-05
7.266752579e-05
7.230831158e-05
8.141625418e-05
6.66849437e-05
8.514018665e-05
7.993620904e-05
6.53424427e-05
7.420291471e-05
7.362361909e-05
7.31238179e-05
7.705847475e-05
6.300236899e-05
8.031247549e-05
7.970108643e-05
7.460770214e-05
8.271840579e-05
6.902156139e-05
8.555596709e-05
6.780179912e-05
6.301140156e-05
8.320596416e-05
6.596474455e-05
8.164406129e-05
6.470720378e-05
8.807934955e-05
7.533964192e-05
8.242016724e-05
6.606508861e-05
7.691865784e-05
8.3759385e-05
7.534632882e-05
7.084426462e-05
6.640295425e-05
6.206104191e-05
7.58378329e-05
6.789509786e-05
6.715293512e-05
7.693516741e-05
6.570801181e-05
6.843328514e-05
7.443274387e-05
7.364229058e-05
6.949836062e-05
7.530871202e-05
6.473657621e-05
7.685988502e-05
5.697964848e-05
7.203735922e-05
7.429522236e-05
7.351302694e-05
7.265227354e-05
7.189185278e-05
7.400526728e-05
7.323623084e-05
7.236912932e-05
7.448833982e-05
7.077163214e-05
7.565327573e-05
7.198168895e-05
6.851427795e-05
7.581719212e-05
7.50605483e-05
7.680817744e-05
6.818393948e-05
6.477312754e-05
7.184070804e-05
6.590607944e-05
7.02957557e-05
7.192917298e-05
7.370736923e-05
7.524657047e-05
7.454782713e-05
6.889835975e-05
6.826915847e-05
7.907662016e-05
7.145214792e-05
6.831645018e-05
7.448557438e-05
6.913228622e-05
7.074469911e-05
7.208287984e-05
7.147065501e-05
6.116251162e-05
7.641772852e-05
9.160855552e-05
6.609950291e-05
7.106128102e-05
7.602824062e-05
7.078823389e-05
6.560524125e-05
8.049599342e-05
6.524399733e-05
7.000117473e-05
6.481013505e-05
7.445669608e-05
6.925353956e-05
6.891283283e-05
6.373779222e-05
7.801708431e-05
7.767005845e-05
8.685467125e-05
5.761710324e-05
7.155378279e-05
7.591029807e-05
6.595949143e-05
7.962192738e-05
7.438457545e-05
7.391262718e-05
6.416962629e-05
6.828678012e-05
7.675977079e-05
7.172397877e-05
7.111363804e-05
8.821582027e-05
6.557792504e-05
7.806477081e-05
7.73532003e-05
6.818418085e-05
8.020937429e-05
5.858797936e-05
6.631380975e-05
6.571638421e-05
7.320416084e-05
7.252303181e-05
8.376224728e-05
7.900954535e-05
8.602470992e-05
6.194856807e-05
6.897139559e-05
6.827784041e-05
7.506976664e-05
7.429943608e-05
7.351156113e-05
7.638384044e-05
7.196390807e-05
6.408798978e-05
6.338828349e-05
8.014127311e-05
6.891699579e-05
7.500542228e-05
7.753662103e-05
7.004262773e-05
7.584489952e-05
6.525163021e-05
6.773098638e-05
7.020371838e-05
7.254843623e-05
7.178127655e-05
7.403173143e-05
7.325236075e-05
7.23951972e-05
7.163749537e-05
7.374391002e-05
7.297759789e-05
6.922939621e-05
7.13708482e-05
7.052239518e-05
6.701050634e-05
6.896962381e-05
7.646594018e-05
6.745584686e-05
7.212520975e-05
6.598110679e-05
6.533088389e-05
7.487254945e-05
6.903125085e-05
6.820005705e-05
7.505175003e-05
6.920420214e-05
6.855114994e-05
7.01436476e-05
7.428482157e-05
7.338973568e-05
7.975686667e-05
6.952644851e-05
6.430892502e-05
7.034312531e-05
7.197212693e-05
7.110840092e-05
7.269591356e-05
7.400210248e-05
7.337369458e-05
7.614388108e-05
7.103474772e-05
6.589429033e-05
7.08963886e-05
7.077436691e-05
7.067325935e-05
7.553881049e-05
6.53408766e-05
7.015067177e-05
6.498166181e-05
6.972030559e-05
6.455022914e-05
6.921490849e-05
7.390356693e-05
7.844350539e-05
6.836721961e-05
8.256387161e-05
7.736178607e-05
7.209254344e-05
7.651916237e-05
8.07748566e-05
6.616015107e-05
7.508672182e-05
6.997950647e-05
7.409435598e-05
7.822613968e-05
7.761779232e-05
7.709165619e-05
6.746768261e-05
6.698193728e-05
7.084052303e-05
6.590811977e-05
7.403777976e-05
7.344663458e-05
7.277831565e-05
5.943486924e-05
6.728961525e-05
6.253606814e-05
7.432282508e-05
7.36536229e-05
7.698243152e-05
6.823846558e-05
7.5503359e-05
7.871639607e-05
6.233225397e-05
6.943492066e-05
6.871787665e-05
6.424784473e-05
8.227475003e-05
6.662516443e-05
5.859521889e-05
8.335427352e-05
7.528837176e-05
7.095111077e-05
8.070400749e-05
7.638057855e-05
7.553639995e-05
7.133907889e-05
5.710461964e-05
7.64390172e-05
7.886033632e-05
7.152100248e-05
7.070411407e-05
7.313406884e-05
7.543448191e-05
6.84171382e-05
7.377010287e-05
7.299353658e-05
6.913410318e-05
7.138493149e-05
7.348439228e-05
7.272078523e-05
7.186057262e-05
7.112006756e-05
6.746391123e-05
8.625145373e-05
6.597868131e-05
6.803373493e-05
7.259699617e-05
6.654850925e-05
6.574989931e-05
6.770598012e-05
7.203736065e-05
8.152799061e-05
6.796087496e-05
7.478847903e-05
7.388706996e-05
7.80690942e-05
6.507659899e-05
7.402366525e-05
7.313133315e-05
7.246343198e-05
6.928115181e-05
6.408203844e-05
7.00943575e-05
7.619998264e-05
7.528475819e-05
7.24381965e-05
6.723250949e-05
7.311282498e-05
6.06696916e-05
6.569513428e-05
7.572576876e-05
8.069830079e-05
7.048976035e-05
6.536133551e-05
7.523553951e-05
6.507863399e-05
7.985099374e-05
6.969999881e-05
7.440180142e-05
7.912910705e-05
8.371178386e-05
6.379470546e-05
7.324873282e-05
6.323191687e-05
7.256223249e-05
7.705595107e-05
6.702122092e-05
8.574515017e-05
9.465639135e-05
5.648643437e-05
8.414266078e-05
6.505941656e-05
8.30321914e-05
7.79224888e-05
6.822146759e-05
7.679394552e-05
7.168871215e-05
8.006956383e-05
6.615890421e-05
6.565631323e-05
8.24332562e-05
7.3167567e-05
7.250293095e-05
7.189820968e-05
6.703641422e-05
7.476129675e-05
8.227190142e-05
7.337838612e-05
7.265932346e-05
5.998663755e-05
7.126475833e-05
6.666160199e-05
7.374705672e-05
7.686621549e-05
6.846621461e-05
7.907462904e-05
7.079655426e-05
7.744638457e-05
7.297842639e-05
7.944129184e-05
7.501661614e-05
7.776472379e-05
7.342145515e-05
6.918751971e-05
6.842368512e-05
6.769896324e-05
6.69423824e-05
7.285504251e-05
7.530599977e-05
7.126702838e-05
7.685862822e-05
6.970670066e-05
6.577212415e-05
7.127453469e-05
7.351031698e-05
6.970584604e-05
7.188646408e-05
7.113414221e-05
7.029762692e-05
6.956714276e-05
7.447332381e-05
7.087104313e-05
7.283031689e-05
6.931435084e-05
7.670617046e-05
7.321966099e-05
6.698468616e-05
6.631605228e-05
6.552030654e-05
7.784942824e-05
6.922197692e-05
7.616547137e-05
7.023163742e-05
6.955857871e-05
7.117431483e-05
6.80714492e-05
7.205405719e-05
7.614383356e-05
6.817314751e-05
6.755050909e-05
7.594133787e-05
6.84179434e-05
7.435362321e-05
7.146492799e-05
7.281230047e-05
7.218230028e-05
7.563862986e-05
7.071104484e-05
7.049728914e-05
7.046476059e-05
7.039397767e-05
7.032792599e-05
7.02074336e-05
7.010727718e-05
7.493469392e-05
7.977660055e-05
6.462003813e-05
7.933940818e-05
6.916527515e-05
6.896251524e-05
7.847487185e-05
6.354167614e-05
6.809505717e-05
6.298197858e-05
7.227626198e-05
7.195549189e-05
8.583190652e-05
6.6429145e-05
6.60005178e-05
7.033237918e-05
6.053329122e-05
7.869373732e-05
7.811569953e-05
6.848928191e-05
7.248926714e-05
7.649852539e-05
8.034076977e-05
6.646930497e-05
7.030053851e-05
6.540642346e-05
8.212079249e-05
7.289061207e-05
8.497602641e-05
6.741417395e-05
6.261104209e-05
5.792999566e-05
6.147389258e-05
6.092099896e-05
6.836827175e-05
7.171742573e-05
7.100197111e-05
7.422974671e-05
7.734374822e-05
8.04138278e-05
7.200618854e-05
6.753119159e-05
7.053952258e-05
6.981637174e-05
6.9079011e-05
6.836070009e-05
8.186555959e-05
7.748524905e-05
7.66422791e-05
7.238693128e-05
7.499763557e-05
6.745767885e-05
6.336933315e-05
6.929651931e-05
7.177682839e-05
7.424279944e-05
7.65874232e-05
6.946082152e-05
7.4903676e-05
7.102383735e-05
7.325235438e-05
7.248133681e-05
7.163476935e-05
7.679220132e-05
7.00519663e-05
6.932404267e-05
7.42134781e-05
7.062375651e-05
7.257651133e-05
7.45985953e-05
7.370911836e-05
7.836946752e-05
6.942162804e-05
7.401543925e-05
6.79040041e-05
6.982062399e-05
7.664560555e-05
7.337030039e-05
6.498797132e-05
6.931627691e-05
7.826339751e-05
7.025675437e-05
7.419596864e-05
6.876444724e-05
6.793479088e-05
6.731430977e-05
7.10889051e-05
7.499607632e-05
6.960206339e-05
7.121399985e-05
7.475458285e-05
6.974856305e-05
7.106454596e-05
7.046141694e-05
6.520014578e-05
8.020935261e-05
6.510477529e-05
8.005382809e-05
6.99273594e-05
6.483998115e-05
6.966049509e-05
6.952659911e-05
7.426523289e-05
7.408518704e-05
6.889106066e-05
8.340836873e-05
8.304994551e-05
7.302766854e-05
6.782676136e-05
6.273400838e-05
6.719303422e-05
6.211682631e-05
8.074652137e-05
7.089606514e-05
6.104760804e-05
6.071767823e-05
7.421380335e-05
6.916688035e-05
6.865980773e-05
7.732220465e-05
6.318472992e-05
6.724003188e-05
8.00340976e-05
7.063031477e-05
8.754202695e-05
7.384621915e-05
6.889321148e-05
7.688726038e-05
6.349267653e-05
7.135893995e-05
6.237720564e-05
8.24484854e-05
6.532860573e-05
6.474136711e-05
6.010211358e-05
7.542245593e-05
6.681105287e-05
6.617237814e-05
6.93549871e-05
6.485928088e-05
6.796838022e-05
7.102403124e-05
5.918682147e-05
5.491898073e-05
6.883032052e-05
7.886976117e-05
7.093233158e-05
6.667944283e-05
6.248357089e-05
7.899823227e-05
7.133425587e-05
6.721810826e-05
6.979184502e-05
7.233949519e-05
6.502148179e-05
7.076445325e-05
6.677835973e-05
7.550909552e-05
7.464106455e-05
7.385206685e-05
6.995468777e-05
7.22279231e-05
7.138483097e-05
7.063781321e-05
7.271668402e-05
7.196107883e-05
7.111099937e-05
7.319331716e-05
7.232446859e-05
7.158618905e-05
7.073286484e-05
7.27114621e-05
6.918086414e-05
6.585597642e-05
6.766853387e-05
6.957845422e-05
7.383376844e-05
7.563698996e-05
7.223501498e-05
6.41416818e-05
7.067981695e-05
8.208379016e-05
6.439751377e-05
6.852522147e-05
7.236692935e-05
7.170594659e-05
7.084072273e-05
7.020490701e-05
7.159587139e-05
6.874717679e-05
6.572848728e-05
7.167589366e-05
7.081444237e-05
7.446891172e-05
6.494060594e-05
6.990384788e-05
8.978648006e-05
7.475197176e-05
7.959944101e-05
8.942179918e-05
6.938415255e-05
7.41973683e-05
7.397122971e-05
8.363095337e-05
6.86190119e-05
6.84181316e-05
9.732110038e-05
7.758965127e-05
7.238632653e-05
7.690828692e-05
6.214955951e-05
6.663368666e-05
6.623815408e-05
7.532822387e-05
7.01663901e-05
6.513496171e-05
7.854778109e-05
6.430683728e-05
6.839604053e-05
8.155643032e-05
7.193509906e-05
6.698333984e-05
7.530032676e-05
8.355498231e-05
6.540817857e-05
6.491230734e-05
6.86340362e-05
7.234294497e-05
6.325512423e-05
7.109232733e-05
8.286014577e-05
6.160659591e-05
8.135857728e-05
6.853349907e-05
7.1857106e-05
7.514523764e-05
6.656649221e-05
7.368697258e-05
6.142440297e-05
6.842475751e-05
7.524685344e-05
6.331785264e-05
7.740270398e-05
7.660969122e-05
7.5802721e-05
6.787065018e-05
6.361113779e-05
7.693228292e-05
7.263831583e-05
6.84500423e-05
6.09271382e-05
7.032924495e-05
6.954565004e-05
6.880788221e-05
6.479291965e-05
7.692634305e-05
6.337559566e-05
6.897423059e-05
6.508275207e-05
7.052769643e-05
7.274182277e-05
7.197627521e-05
7.113663063e-05
7.039223699e-05
7.246433353e-05
7.171135849e-05
7.369918876e-05
7.013432446e-05
7.761833733e-05
7.13384208e-05
7.04882819e-05
6.709259164e-05
6.894176447e-05
7.350372299e-05
7.262197501e-05
7.704217616e-05
7.611575316e-05
7.286297361e-05
6.453844323e-05
6.883670251e-05
7.043513581e-05
7.458196487e-05
6.892794177e-05
8.241613465e-05
6.746304316e-05
7.606708482e-05
7.514873606e-05
7.898784846e-05
7.357577393e-05
7.071739305e-05
6.986524478e-05
6.926094121e-05
7.056609304e-05
6.996741157e-05
5.970749924e-05
6.962672697e-05
7.452560689e-05
6.452839868e-05
8.919496494e-05
7.917154232e-05
7.89828501e-05
6.897733327e-05
8.841545421e-05
7.840123673e-05
5.85849457e-05
7.301694653e-05
7.755152024e-05
8.21158711e-05
5.76826823e-05
7.181986155e-05
6.666960222e-05
6.637436389e-05
7.069412396e-05
7.034649299e-05
6.523565331e-05
6.488360955e-05
6.443766581e-05
7.321123631e-05
6.359200603e-05
6.770391044e-05
7.614000409e-05
6.672860021e-05
7.060242108e-05
7.447688894e-05
6.950582243e-05
7.760164604e-05
5.128260273e-05
7.207218606e-05
6.722063238e-05
6.249502901e-05
7.429768056e-05
6.956233284e-05
7.700569426e-05
8.033078528e-05
7.557104571e-05
6.698899188e-05
7.412650549e-05
6.9554417e-05
7.267684928e-05
7.953959141e-05
6.747773331e-05
6.308954623e-05
8.079732151e-05
7.269980615e-05
7.912852666e-05
6.762825055e-05
7.394893262e-05
7.665874897e-05
6.548754318e-05
7.843885252e-05
6.4085054e-05
8.009284317e-05
6.930118588e-05
7.183119299e-05
6.77942567e-05
7.346295848e-05
6.946974063e-05
6.873348273e-05
7.10329388e-05
7.028221629e-05
7.248921631e-05
7.172637476e-05
7.089015027e-05
7.014836236e-05
7.221372846e-05
7.146336533e-05
6.779511492e-05
6.989214352e-05
7.182559863e-05
7.109236174e-05
7.56488757e-05
7.488472356e-05
7.663173243e-05
7.586659869e-05
7.237187882e-05
6.653989302e-05
7.079666035e-05
6.760421267e-05
6.926338808e-05
7.839930883e-05
7.019214291e-05
6.952947881e-05
6.632122481e-05
7.743817428e-05
7.186614306e-05
6.202134596e-05
6.808018121e-05
6.971811807e-05
6.887645281e-05
7.48761578e-05
6.744612981e-05
7.333340805e-05
7.245037288e-05
7.606145172e-05
6.938365122e-05
6.935179458e-05
6.433395546e-05
6.921791746e-05
6.910038562e-05
8.378823988e-05
7.867199221e-05
7.361350927e-05
7.339015194e-05
7.809342408e-05
7.294426044e-05
6.303354133e-05
6.276444371e-05
7.21722891e-05
7.661075521e-05
6.677103634e-05
7.115457053e-05
6.611705173e-05
7.511565347e-05
7.474654903e-05
7.426814034e-05
6.0017462e-05
7.794600705e-05
7.748929864e-05
6.334957028e-05
6.294970018e-05
7.585117348e-05
7.090751019e-05
8.352396768e-05
6.983170712e-05
7.790050679e-05
8.160576113e-05
6.812149204e-05
8.869837488e-05
7.115668772e-05
7.05650345e-05
6.9910868e-05
6.930576367e-05
7.672283353e-05
8.003610257e-05
7.925784856e-05
6.674456791e-05
6.219548528e-05
7.315207845e-05
7.241413322e-05
7.547846498e-05
7.470561856e-05
6.656069681e-05
6.587032938e-05
5.795189899e-05
8.243064179e-05
7.448100528e-05
8.070452874e-05
6.597072325e-05
6.525634938e-05
6.456871018e-05
7.394283899e-05
7.648592346e-05
6.905843437e-05
7.157971124e-05
6.755761147e-05
7.002374204e-05
7.237474814e-05
6.538102737e-05
7.078649025e-05
7.003843907e-05
6.922842662e-05
7.147820361e-05
7.358892923e-05
6.990617171e-05
6.908625673e-05
7.121708147e-05
7.600705437e-05
6.686556421e-05
7.983782044e-05
7.629783996e-05
7.538909057e-05
7.196225477e-05
7.373529615e-05
7.039192544e-05
6.697182077e-05
7.396280354e-05
6.80338586e-05
7.236261457e-05
6.409509127e-05
6.836371851e-05
6.753872356e-05
6.69010644e-05
7.08138388e-05
7.015595997e-05
7.392860911e-05
7.096413389e-05
7.236796403e-05
7.395964932e-05
7.528031362e-05
7.022766442e-05
7.371632287e-05
7.737760137e-05
7.432152828e-05
6.737482173e-05
8.885663694e-05
6.414480881e-05
7.886899161e-05
6.894586869e-05
7.37454185e-05
6.873120381e-05
7.346584842e-05
6.84366779e-05
8.772362777e-05
7.292626781e-05
5.812766266e-05
8.210694302e-05
6.732943878e-05
6.709882504e-05
8.108319014e-05
7.601397024e-05
6.615426223e-05
7.056613597e-05
8.417979568e-05
7.445906736e-05
6.011155135e-05
6.438668039e-05
5.93783141e-05
7.265310848e-05
8.114011201e-05
8.062831213e-05
7.111955378e-05
7.946986772e-05
6.569205754e-05
6.087331489e-05
8.623239895e-05
7.274297099e-05
7.210983495e-05
7.995278604e-05
7.089341621e-05
7.443985812e-05
7.375088297e-05
7.311290841e-05
7.241877778e-05
5.980768048e-05
6.712394217e-05
7.041379884e-05
7.358972266e-05
7.288753295e-05
7.59508523e-05
6.39258704e-05
5.955032832e-05
8.106073062e-05
7.657468756e-05
8.300906245e-05
6.428198898e-05
7.775102072e-05
6.99299117e-05
6.573781949e-05
6.160432e-05
6.772812078e-05
7.368375956e-05
6.959043408e-05
6.554035959e-05
7.781452825e-05
7.694012866e-05
6.97802722e-05
7.212379267e-05
7.135958451e-05
7.054174588e-05
7.283097089e-05
7.198923037e-05
7.123174387e-05
7.040227843e-05
6.966564766e-05
6.884897533e-05
6.813358975e-05
7.855182687e-05
6.941276489e-05
7.407716221e-05
6.517412395e-05
6.976457762e-05
6.374750065e-05
7.348307086e-05
7.274927926e-05
7.18768188e-05
7.116806078e-05
7.031226477e-05
6.714155476e-05
6.878920645e-05
7.299605958e-05
6.490348673e-05
7.619634332e-05
6.821853748e-05
6.758473488e-05
7.82792311e-05
7.30015608e-05
7.88799329e-05
6.700454832e-05
7.281403108e-05
7.654646005e-05
7.346124862e-05
7.496798712e-05
7.194749054e-05
7.133741565e-05
6.883992287e-05
6.880839244e-05
7.856016794e-05
6.377052503e-05
8.325124809e-05
7.335262085e-05
6.830036488e-05
6.330026497e-05
7.281813228e-05
7.264218126e-05
6.272682836e-05
6.735474746e-05
8.62308502e-05
6.683887677e-05
6.651638232e-05
6.62554102e-05
6.589956832e-05
7.966730215e-05
6.522209266e-05
7.417378858e-05
8.291354579e-05
5.497805085e-05
5.915258745e-05
6.333007067e-05
6.736093106e-05
6.693634659e-05
7.528003668e-05
6.597587557e-05
7.853519738e-05
7.364108877e-05
8.161553706e-05
7.247229051e-05
6.339051213e-05
7.546440153e-05
6.232242853e-05
7.828615372e-05
6.12337427e-05
6.879826163e-05
6.413751637e-05
6.753519956e-05
7.474878505e-05
6.236332444e-05
6.946506572e-05
7.644725679e-05
6.43265311e-05
8.243102423e-05
6.675490265e-05
6.608583507e-05
7.630260486e-05
7.911810007e-05
6.405466022e-05
7.747627713e-05
6.619953219e-05
7.240198121e-05
6.820928906e-05
7.086539499e-05
7.342648931e-05
6.604533447e-05
6.857799779e-05
7.108199366e-05
6.70892429e-05
6.953848957e-05
7.187457153e-05
7.111309188e-05
7.33551528e-05
7.258009356e-05
7.174181495e-05
7.098697789e-05
7.016085206e-05
6.942677306e-05
7.147220653e-05
7.072957151e-05
6.989586683e-05
7.470957577e-05
7.109006545e-05
7.307058256e-05
6.952663394e-05
6.617713163e-05
7.323256525e-05
6.991189833e-05
6.907354069e-05
7.345847623e-05
7.507772593e-05
7.682556905e-05
7.345129504e-05
8.002168822e-05
6.947312072e-05
7.830912066e-05
7.032962405e-05
6.503109408e-05
7.34222717e-05
6.820457475e-05
6.96253582e-05
7.567792583e-05
7.696140437e-05
7.192419302e-05
7.1054759e-05
7.04404281e-05
7.169865822e-05
7.109080019e-05
7.346918779e-05
6.853987226e-05
6.358117457e-05
6.352184109e-05
7.317079619e-05
7.306690937e-05
6.803468766e-05
5.820379895e-05
7.253545331e-05
7.236029946e-05
6.24839182e-05
8.147134193e-05
7.635366286e-05
8.084827806e-05
7.57261245e-05
7.071489858e-05
7.033588718e-05
6.535694786e-05
6.961385282e-05
6.92725195e-05
7.342056084e-05
7.758958478e-05
8.159340532e-05
7.210342607e-05
7.158083272e-05
7.112996793e-05
7.058605323e-05
6.572872701e-05
7.824212943e-05
7.336664188e-05
8.559216987e-05
6.795634541e-05
6.736687018e-05
7.936313292e-05
8.2791382e-05
8.210423518e-05
5.694272495e-05
6.854728763e-05
6.390449146e-05
7.124839677e-05
7.447866011e-05
7.37891624e-05
7.30606581e-05
6.093822393e-05
7.917802305e-05
7.466960933e-05
7.390820912e-05
7.682609202e-05
6.517067043e-05
7.525466608e-05
7.09210374e-05
5.965722558e-05
8.332710228e-05
7.214816462e-05
6.797101016e-05
7.398076464e-05
6.651909941e-05
7.239724079e-05
6.834027759e-05
7.405552699e-05
7.322486513e-05
7.244830287e-05
6.539862622e-05
7.086829626e-05
7.310326906e-05
7.233093865e-05
7.149609436e-05
7.074388828e-05
6.992107585e-05
7.495532526e-05
6.837926893e-05
7.330784333e-05
7.801674351e-05
6.893991741e-05
7.357315569e-05
7.012486855e-05
6.929030784e-05
7.650450195e-05
7.29837618e-05
7.225486233e-05
7.393807446e-05
7.320888294e-05
7.232854027e-05
8.150411662e-05
6.832147323e-05
7.491626669e-05
7.162418175e-05
6.858288127e-05
7.242632451e-05
7.175335524e-05
7.088507958e-05
7.476896485e-05
7.610216979e-05
7.098272521e-05
7.66976267e-05
6.950565862e-05
7.29563594e-05
7.232565345e-05
7.355305707e-05
7.084588397e-05
7.318355375e-05
7.315011396e-05
7.307786221e-05
6.327508919e-05
7.774595209e-05
7.278341498e-05
8.229344131e-05
6.764140172e-05
8.18889553e-05
5.766447747e-05
8.139453816e-05
8.115721737e-05
7.130621078e-05
7.10624745e-05
6.600629888e-05
5.635516001e-05
7.006716319e-05
5.58063847e-05
6.9348924e-05
8.281095657e-05
8.228510677e-05
7.729583868e-05
7.225383865e-05
8.530013452e-05
8.022604456e-05
7.529213144e-05
7.911257992e-05
7.421454629e-05
6.495936718e-05
6.879457226e-05
7.674804645e-05
6.770534419e-05
6.292409172e-05
7.074823423e-05
7.011516224e-05
8.180420173e-05
6.484054444e-05
7.633321315e-05
6.765272579e-05
6.704687731e-05
7.421048048e-05
6.965412581e-05
7.663049298e-05
7.21052536e-05
7.513893881e-05
7.068363804e-05
6.259924916e-05
6.926312875e-05
7.576419907e-05
8.213123976e-05
6.360479242e-05
7.343563895e-05
6.227684549e-05
6.847249657e-05
6.434767075e-05
7.037233152e-05
6.628845551e-05
7.542574472e-05
7.783337117e-05
7.37998385e-05
7.614551302e-05
7.219900335e-05
7.138126084e-05
7.062518021e-05
7.285310921e-05
7.208348851e-05
7.125205125e-05
7.344006028e-05
7.258638847e-05
6.895390482e-05
7.382571181e-05
7.867853344e-05
6.94213627e-05
7.145413734e-05
7.332371559e-05
7.52630263e-05
7.436755079e-05
6.83578548e-05
7.273664321e-05
6.943837382e-05
7.622871323e-05
6.792918829e-05
6.959797364e-05
6.892077704e-05
6.808998381e-05
7.466237704e-05
7.138127675e-05
7.306405554e-05
7.45087854e-05
6.920290233e-05
6.83651465e-05
6.774058136e-05
7.138148072e-05
7.737277987e-05
6.770014803e-05
6.493901046e-05
6.629122825e-05
7.207802769e-05
7.120612167e-05
7.475574652e-05
8.26201497e-05
7.286686125e-05
6.3089032e-05
6.303024689e-05
8.228573413e-05
7.250211196e-05
8.197580443e-05
7.219328699e-05
9.117039645e-05
7.65899181e-05
7.154272907e-05
7.608988782e-05
7.103297284e-05
7.55096891e-05
6.105745253e-05
6.549673183e-05
6.51471191e-05
8.339123242e-05
6.908600402e-05
8.249728415e-05
6.375790259e-05
6.794497798e-05
6.748337146e-05
6.708937391e-05
7.992591485e-05
7.942318978e-05
7.881805929e-05
7.39386027e-05
7.334792303e-05
6.854008431e-05
7.221717082e-05
6.745619033e-05
7.105257212e-05
7.048925947e-05
7.39689115e-05
7.33557178e-05
7.268108264e-05
7.205378097e-05
7.533913817e-05
7.859453506e-05
7.783602655e-05
7.711614558e-05
6.490344689e-05
7.184821205e-05
6.738493029e-05
7.784693177e-05
6.971669363e-05
7.265123574e-05
6.830756543e-05
8.184274348e-05
7.74671576e-05
6.620945052e-05
6.895542951e-05
6.482242035e-05
7.424935329e-05
5.677058023e-05
6.605940552e-05
6.862916544e-05
7.110164011e-05
7.354590954e-05
6.956058633e-05
6.882309132e-05
7.423005516e-05
7.038372649e-05
6.957946164e-05
7.183772569e-05
7.100966849e-05
7.026266973e-05
7.523360724e-05
7.444653454e-05
7.074575836e-05
7.001069389e-05
7.748890064e-05
7.395134601e-05
7.578247824e-05
6.965093014e-05
6.882244284e-05
7.074730646e-05
7.508016359e-05
7.176712033e-05
7.597151066e-05
7.020734516e-05
7.679485049e-05
7.35944222e-05
6.301291079e-05
7.441020244e-05
7.588268133e-05
7.046811996e-05
7.193611182e-05
7.356658155e-05
7.2675638e-05
6.976130885e-05
6.891595264e-05
7.711000118e-05
7.18225755e-05
6.471798088e-05
7.032723456e-05
7.183209177e-05
7.304951122e-05
7.243052299e-05
6.777763739e-05
6.290768788e-05
6.284580673e-05
7.727666723e-05
6.750376187e-05
6.740811e-05
8.166061015e-05
7.191579332e-05
7.648046194e-05
7.152762883e-05
6.651760353e-05
6.632391257e-05
7.076182095e-05
7.992297153e-05
7.486169039e-05
6.524768547e-05
7.41715505e-05
7.384471105e-05
7.341340811e-05
6.848831585e-05
6.351809531e-05
8.122761412e-05
7.171272098e-05
8.020611339e-05
6.63566853e-05
6.593959763e-05
7.852572342e-05
7.799792138e-05
7.307724258e-05
6.401950523e-05
6.348709126e-05
7.140941748e-05
6.662878392e-05
9.088869545e-05
7.370020598e-05
6.902906573e-05
7.241846444e-05
7.17937764e-05
5.926450007e-05
7.439680919e-05
8.531353797e-05
8.452487831e-05
7.6085445e-05
6.028883924e-05
7.087687669e-05
6.649011528e-05
6.947126087e-05
7.601551112e-05
7.881587815e-05
6.382664363e-05
6.667015509e-05
7.292388316e-05
8.24592454e-05
6.79974107e-05
7.399266445e-05
7.321399051e-05
7.570672293e-05
6.839298345e-05
7.085770861e-05
7.329372202e-05
7.247379093e-05
7.482314739e-05
6.781229846e-05
6.709418254e-05
7.23578909e-05
7.159363299e-05
7.371763458e-05
7.294219497e-05
6.92114807e-05
7.134107754e-05
7.33271547e-05
6.977430438e-05
6.619512738e-05
6.551289898e-05
7.552727816e-05
7.2086215e-05
7.914331352e-05
6.789777043e-05
7.482765666e-05
7.152571032e-05
7.066830205e-05
6.997120542e-05
7.406762994e-05
7.33468319e-05
7.48779307e-05
6.21984795e-05
6.853703027e-05
7.25717234e-05
7.400617864e-05
7.331841957e-05
7.695700586e-05
7.625390617e-05
7.532939723e-05
7.465331563e-05
7.157891602e-05
6.879834754e-05
6.796414628e-05
7.369335282e-05
6.864029695e-05
7.424593085e-05
9.163044358e-05
7.230688614e-05
6.742017655e-05
7.697994232e-05
7.204800399e-05
7.674237779e-05
7.177749743e-05
7.164042473e-05
6.666459236e-05
7.600460186e-05
6.1530804e-05
7.079048058e-05
7.989176214e-05
8.430270867e-05
5.593343604e-05
6.964342059e-05
8.312780616e-05
8.276175227e-05
6.399502651e-05
7.277956844e-05
7.684010345e-05
7.642779562e-05
8.930648772e-05
7.546793233e-05
7.05176375e-05
7.445436903e-05
6.084987072e-05
6.4758376e-05
7.280855261e-05
6.803671541e-05
7.168884237e-05
6.69633437e-05
6.638633615e-05
7.409324806e-05
6.935380977e-05
6.877954829e-05
7.616650042e-05
7.153564153e-05
7.086271708e-05
7.80323443e-05
7.341740556e-05
8.039578117e-05
5.307107279e-05
7.509430301e-05
7.806141042e-05
7.361772235e-05
6.922755011e-05
6.492780445e-05
6.069055677e-05
6.713756464e-05
7.343200124e-05
6.921016257e-05
7.190221772e-05
6.776233146e-05
7.038602866e-05
7.627836995e-05
6.560602165e-05
7.789533884e-05
6.740565216e-05
7.304325809e-05
6.908654751e-05
6.835428108e-05
7.372576936e-05
6.990573831e-05
7.211279787e-05
7.432415985e-05
7.052981672e-05
6.97879537e-05
7.18522279e-05
6.825655801e-05
6.74588241e-05
7.788424652e-05
7.696815229e-05
6.529275766e-05
7.258544142e-05
7.716604976e-05
7.624864455e-05
7.54781248e-05
7.457684248e-05
7.383184466e-05
7.043145908e-05
7.222724345e-05
7.135869392e-05
7.310090194e-05
7.703409478e-05
6.914248225e-05
7.066234758e-05
6.299538716e-05
7.606232856e-05
7.76389216e-05
6.76746202e-05
7.599714987e-05
7.728337873e-05
7.002492569e-05
7.566035293e-05
7.070844556e-05
6.561707897e-05
7.344360956e-05
7.462575058e-05
6.988286501e-05
7.206288729e-05
8.163412892e-05
6.236493934e-05
8.147833038e-05
6.220298018e-05
7.167109996e-05
6.67367133e-05
8.564058826e-05
7.589797579e-05
7.098308044e-05
6.12970515e-05
7.052168317e-05
6.08622564e-05
7.465202654e-05
7.893979998e-05
6.938060543e-05
7.361332459e-05
8.245056252e-05
8.197088536e-05
6.797530356e-05
8.105638131e-05
6.718479206e-05
6.673092005e-05
6.191931739e-05
6.147466093e-05
7.417924253e-05
8.227792658e-05
7.312294822e-05
6.827466469e-05
7.202453052e-05
8.403243111e-05
7.088958687e-05
5.787744061e-05
7.382497489e-05
6.503876394e-05
8.465696426e-05
7.988764521e-05
6.335942779e-05
7.453262123e-05
5.831569066e-05
7.315680075e-05
6.485156707e-05
7.177069097e-05
8.231238251e-05
7.03788599e-05
7.702733328e-05
7.624717942e-05
7.907906291e-05
8.538270268e-05
6.690419474e-05
6.620840411e-05
7.931627829e-05
7.506642732e-05
7.090531564e-05
7.682478258e-05
6.940650573e-05
7.191982105e-05
7.439455464e-05
7.037483259e-05
7.279450012e-05
7.511121024e-05
7.121872942e-05
6.735317159e-05
7.269826492e-05
7.186935961e-05
7.407332326e-05
7.029231461e-05
7.245103446e-05
6.874636498e-05
7.653063708e-05
8.123935756e-05
7.20785335e-05
7.397073708e-05
6.77855113e-05
7.502199988e-05
7.690790369e-05
7.337332511e-05
7.263182541e-05
7.689072837e-05
7.358514901e-05
7.270320543e-05
7.198593314e-05
7.602512976e-05
6.799950795e-05
7.197803914e-05
7.366379683e-05
6.338332071e-05
6.743527337e-05
7.121311013e-05
7.28270847e-05
6.969578538e-05
7.351440751e-05
6.822085739e-05
7.415134479e-05
7.109652336e-05
7.260567241e-05
7.383351529e-05
6.901295028e-05
7.230698837e-05
7.169460446e-05
7.1788063e-05
7.175545211e-05
6.690627424e-05
8.116785633e-05
6.196617377e-05
6.663842563e-05
6.648303894e-05
6.635623479e-05
6.143316344e-05
8.014242424e-05
7.515700714e-05
7.025491934e-05
6.996064535e-05
6.972229902e-05
6.47646729e-05
7.372775081e-05
7.333735078e-05
6.388799215e-05
7.259089306e-05
6.77216687e-05
6.280937628e-05
6.247281859e-05
7.978058158e-05
6.169027989e-05
7.437265863e-05
7.390614186e-05
6.9032519e-05
7.285504781e-05
8.078024007e-05
6.331939335e-05
7.116818809e-05
7.894220519e-05
7.414503261e-05
6.538545548e-05
6.480504588e-05
6.828588613e-05
7.562197888e-05
8.286238426e-05
7.035878453e-05
6.973032526e-05
7.28980395e-05
6.84237868e-05
6.775403164e-05
6.338147069e-05
5.905891941e-05
7.310281475e-05
7.236339219e-05
7.880384943e-05
6.381501465e-05
8.070874511e-05
7.639780081e-05
7.216948476e-05
7.140811978e-05
6.393216496e-05
5.991802157e-05
7.905048852e-05
7.493264155e-05
7.414114774e-05
7.332384758e-05
6.30847224e-05
7.173796797e-05
7.097780611e-05
7.017711041e-05
7.245307673e-05
7.162755942e-05
7.087120711e-05
7.005640666e-05
7.220792633e-05
7.137098284e-05
7.344939734e-05
7.259181806e-05
6.907461777e-05
7.372384365e-05
6.755925395e-05
6.40901893e-05
7.136517013e-05
7.051716183e-05
7.756054628e-05
6.641675322e-05
7.08111276e-05
6.996250405e-05
7.174622988e-05
7.821623086e-05
6.293209575e-05
6.217312674e-05
6.868164625e-05
7.721015849e-05
7.184554137e-05
7.097532838e-05
7.258387849e-05
7.170343166e-05
6.882801418e-05
7.676545986e-05
7.172926815e-05
6.871055232e-05
6.384870663e-05
6.727763854e-05
6.878064325e-05
7.000388604e-05
7.145261025e-05
6.674763846e-05
6.671735202e-05
9.521749972e-05
6.659037365e-05
6.173116357e-05
7.586943468e-05
7.096209189e-05
6.138325096e-05
8.473983206e-05
7.983966227e-05
6.551443704e-05
6.999016608e-05
7.434411011e-05
6.482961989e-05
7.834806041e-05
6.886088127e-05
6.393050867e-05
7.274235661e-05
7.232080186e-05
6.297192493e-05
7.598591772e-05
7.557903254e-05
5.740673395e-05
7.02433492e-05
6.974073936e-05
8.229799117e-05
6.878022075e-05
8.539894499e-05
6.777807846e-05
8.41192176e-05
7.09106867e-05
8.279678807e-05
6.56694651e-05
6.107851229e-05
6.860881413e-05
7.60466092e-05
7.138669959e-05
7.470404756e-05
7.789944053e-05
6.17631826e-05
6.117145458e-05
7.197085615e-05
8.252011162e-05
7.430527585e-05
7.35660978e-05
7.649045525e-05
7.571778839e-05
7.853054491e-05
7.419362578e-05
8.043013872e-05
7.613505868e-05
7.534630743e-05
7.11636086e-05
6.706674615e-05
7.961827102e-05
7.221601272e-05
7.143124537e-05
7.067687605e-05
7.625290186e-05
7.544559951e-05
7.14960028e-05
7.381409459e-05
6.690021999e-05
7.220953687e-05
7.138738082e-05
7.063362751e-05
6.982207688e-05
7.196644424e-05
6.828745888e-05
6.757317485e-05
7.234997229e-05
6.884449689e-05
7.347859286e-05
7.272126215e-05
6.920033464e-05
7.639675862e-05
7.288611498e-05
7.214946801e-05
7.383438794e-05
7.057609576e-05
6.474962057e-05
6.657652336e-05
6.821206262e-05
7.719776924e-05
6.911666659e-05
6.84535242e-05
6.762583048e-05
7.85363801e-05
7.073912927e-05
7.008159464e-05
7.593095767e-05
7.523715158e-05
6.995117247e-05
7.582243466e-05
7.276060701e-05
7.21196945e-05
7.543335854e-05
6.854989492e-05
7.387231143e-05
7.324687973e-05
7.124465534e-05
6.646487421e-05
7.588588227e-05
7.107701731e-05
7.095914909e-05
7.558285018e-05
6.598143205e-05
7.526370154e-05
6.566060792e-05
7.4860404e-05
7.925443164e-05
6.507890738e-05
6.94365317e-05
6.92002766e-05
7.8055505e-05
8.689830906e-05
7.279156468e-05
7.700138458e-05
6.754941851e-05
7.17013709e-05
7.125213531e-05
7.530028534e-05
7.919407625e-05
6.561134012e-05
6.079986803e-05
8.199721495e-05
6.852975997e-05
5.956184145e-05
8.019482525e-05
7.543331712e-05
7.896739987e-05
7.424881225e-05
8.17924203e-05
7.303168634e-05
7.238543964e-05
8.375202698e-05
6.718148378e-05
7.835711265e-05
7.374318917e-05
7.693175075e-05
7.619575787e-05
8.681699577e-05
7.475615397e-05
6.664134471e-05
8.430688772e-05
7.6224813e-05
7.186270481e-05
7.114466325e-05
8.097990312e-05
6.621371891e-05
6.552764699e-05
7.167516451e-05
6.754358684e-05
7.352185169e-05
7.604154411e-05
6.869935695e-05
7.442532196e-05
7.363947792e-05
7.282922161e-05
7.205828953e-05
7.435373675e-05
7.050081668e-05
7.273747759e-05
7.196762876e-05
7.114880755e-05
7.333087026e-05
6.958930948e-05
6.885750904e-05
7.373198702e-05
7.015459505e-05
7.210973264e-05
6.861590421e-05
7.052256214e-05
7.516458932e-05
7.42766327e-05
7.876937123e-05
7.005046653e-05
7.447892262e-05
6.851499271e-05
7.285485535e-05
6.949975263e-05
7.127158076e-05
7.284259922e-05
7.694235281e-05
7.12633536e-05
7.999017331e-05
8.134700451e-05
7.367168039e-05
7.277883565e-05
7.886189812e-05
7.122701782e-05
7.278168003e-05
7.189704014e-05
7.557006407e-05
6.825212468e-05
6.976504477e-05
7.100434636e-05
7.453166145e-05
7.15794086e-05
7.300130386e-05
6.624428993e-05
7.094389296e-05
6.142494807e-05
6.136800687e-05
6.597925454e-05
6.117996835e-05
7.042870324e-05
7.96672354e-05
7.47592219e-05
6.991848488e-05
6.966869529e-05
6.946660107e-05
6.456558145e-05
8.732676868e-05
6.404186871e-05
6.834888564e-05
7.252170669e-05
6.317800118e-05
7.178660453e-05
6.6971995e-05
6.211629816e-05
7.943673887e-05
6.575337125e-05
6.537130955e-05
7.78862791e-05
6.449891781e-05
7.681625624e-05
7.206299661e-05
7.569974675e-05
7.09856857e-05
7.454248299e-05
6.576216915e-05
6.927509651e-05
7.277103188e-05
7.613521188e-05
8.345466519e-05
8.269539139e-05
7.027231923e-05
7.348374829e-05
6.899529267e-05
6.453971579e-05
8.27520558e-05
7.449585013e-05
7.747782551e-05
6.940353126e-05
7.957820038e-05
7.877644542e-05
8.153456497e-05
7.719325648e-05
6.945970162e-05
6.874087184e-05
6.802908102e-05
7.741096364e-05
7.32719925e-05
6.589913182e-05
6.194618132e-05
7.094926302e-05
7.33911803e-05
7.258440269e-05
6.869374129e-05
7.101693639e-05
7.331970578e-05
6.947392537e-05
7.172733606e-05
7.091182357e-05
7.601014966e-05
7.224800925e-05
7.148829332e-05
7.066108216e-05
7.27188994e-05
6.910681071e-05
6.838882455e-05
7.56963968e-05
6.956503277e-05
7.13874768e-05
7.065840696e-05
6.981942774e-05
7.423324211e-05
6.323066976e-05
7.511858767e-05
7.174461724e-05
7.103660352e-05
7.018235841e-05
7.189558213e-05
7.813109543e-05
7.503646486e-05
6.717925638e-05
6.883911126e-05
6.800459627e-05
7.186390942e-05
6.655422853e-05
7.254067265e-05
7.817293827e-05
7.316738596e-05
7.015098457e-05
7.164017902e-05
6.868626289e-05
7.428328588e-05
7.134012499e-05
6.871529312e-05
6.599545181e-05
8.01010957e-05
6.119436111e-05
6.584057218e-05
6.573183952e-05
7.032761966e-05
7.952033852e-05
7.47002702e-05
6.516987113e-05
6.501348647e-05
7.866348905e-05
8.766314372e-05
7.351489333e-05
6.410694548e-05
6.836197067e-05
6.809573235e-05
5.419038164e-05
7.193695009e-05
6.705230096e-05
6.227739334e-05
7.072989567e-05
8.354290405e-05
7.42485685e-05
7.815963459e-05
7.760336959e-05
7.283355647e-05
7.653855499e-05
6.757909908e-05
7.123700972e-05
7.073064009e-05
6.602281677e-05
7.781341569e-05
8.12098886e-05
6.445531678e-05
7.187257463e-05
8.315940751e-05
7.063196549e-05
7.00249904e-05
7.322612652e-05
6.493406258e-05
7.18810443e-05
5.997366563e-05
7.423735279e-05
7.353265713e-05
7.644431979e-05
8.65131721e-05
7.493734333e-05
7.065626237e-05
8.392286496e-05
6.922238456e-05
6.850687712e-05
7.118756982e-05
7.044001977e-05
7.966235544e-05
6.567669366e-05
7.148520317e-05
7.071070278e-05
7.632474937e-05
6.919595358e-05
7.157570006e-05
7.385718539e-05
7.307498656e-05
7.225320156e-05
7.148864265e-05
7.067641305e-05
7.284411534e-05
7.200874972e-05
7.410165634e-05
7.324467957e-05
7.247861842e-05
6.887885391e-05
7.088977266e-05
7.275253401e-05
6.933589496e-05
6.588204946e-05
7.564265465e-05
7.216731196e-05
7.909187898e-05
7.310657077e-05
6.488882137e-05
7.397473126e-05
6.836168196e-05
6.995173001e-05
8.121384184e-05
7.315455378e-05
6.544098274e-05
7.388488144e-05
7.318669195e-05
7.229922195e-05
7.386542961e-05
7.739035173e-05
7.011030898e-05
6.92573e-05
7.2925463e-05
7.203725949e-05
6.930272205e-05
7.26070428e-05
7.403656022e-05
6.907093768e-05
7.25150593e-05
8.453375505e-05
7.980137263e-05
7.50344602e-05
8.433562711e-05
6.080868218e-05
7.00649451e-05
7.456349144e-05
8.837577607e-05
7.884022396e-05
6.477153477e-05
7.376123309e-05
7.354753175e-05
7.782024457e-05
5.930750534e-05
8.173143799e-05
7.236741057e-05
8.098644279e-05
8.063148375e-05
8.462153622e-05
6.64813659e-05
7.047163616e-05
6.571433425e-05
7.833031071e-05
6.922291079e-05
6.873111813e-05
7.257025698e-05
8.473650485e-05
7.154446126e-05
7.933244133e-05
6.633169002e-05
7.812246675e-05
7.345538929e-05
7.2829551e-05
6.422690235e-05
7.161885781e-05
6.708218754e-05
7.820435712e-05
7.753266272e-05
8.065138951e-05
7.612646643e-05
6.409108607e-05
6.350081559e-05
6.658257886e-05
6.961474194e-05
7.255361521e-05
6.466186511e-05
6.756830482e-05
7.041456795e-05
8.015199785e-05
6.553734943e-05
6.827447004e-05
7.432464475e-05
7.688799502e-05
7.277733451e-05
7.527411491e-05
7.124487588e-05
7.68804452e-05
7.606912141e-05
7.209966969e-05
6.823522031e-05
7.054424731e-05
7.28318955e-05
7.201347371e-05
7.125153262e-05
7.044256038e-05
6.969902697e-05
6.890022685e-05
7.101645422e-05
7.019560905e-05
6.668300316e-05
7.414458774e-05
6.793914461e-05
6.71423079e-05
7.442428182e-05
7.354593074e-05
7.019495763e-05
7.193085122e-05
6.357475148e-05
7.789246346e-05
7.462646359e-05
6.88169906e-05
8.030523466e-05
7.693529645e-05
7.142451064e-05
7.291481176e-05
7.221502509e-05
6.903987061e-05
6.382826137e-05
7.431370836e-05
7.585380118e-05
6.611639081e-05
6.987967494e-05
6.687190005e-05
7.054733649e-05
7.391107413e-05
7.32601449e-05
6.823138618e-05
6.969194209e-05
7.289107746e-05
7.227435803e-05
8.421858273e-05
6.547378701e-05
6.073834219e-05
6.068215717e-05
6.990271575e-05
6.980422542e-05
8.821508386e-05
6.024298474e-05
6.930687353e-05
7.835952955e-05
6.430224187e-05
6.411605916e-05
6.841151516e-05
6.363404747e-05
5.428716011e-05
7.210134424e-05
6.724125554e-05
7.587296364e-05
7.543743976e-05
7.507056887e-05
6.58268023e-05
7.857059174e-05
8.238248087e-05
9.052629725e-05
6.848326387e-05
7.656231635e-05
8.44323698e-05
7.128798192e-05
7.904908697e-05
7.435694944e-05
7.374773003e-05
7.319466982e-05
7.25720363e-05
6.40001011e-05
7.136692599e-05
6.291437388e-05
6.62410793e-05
8.498785679e-05
8.802495155e-05
8.344794883e-05
6.7626108e-05
8.561566258e-05
6.635313256e-05
7.302644277e-05
7.230483423e-05
7.160042104e-05
7.79700153e-05
5.964834321e-05
7.640674466e-05
7.562784057e-05
6.804363449e-05
7.744052287e-05
7.662915157e-05
7.253250166e-05
7.175992128e-05
7.746126447e-05
6.385305724e-05
7.265623336e-05
7.498405875e-05
7.109953159e-05
7.031025462e-05
7.259041641e-05
7.177533137e-05
7.101599025e-05
7.606110431e-05
6.946922857e-05
7.439635155e-05
7.078286267e-05
7.276377123e-05
6.923345082e-05
7.937580999e-05
7.042517557e-05
7.495331834e-05
6.888211819e-05
7.592360307e-05
7.514813536e-05
7.425650409e-05
6.843646267e-05
7.513373674e-05
6.694453053e-05
6.859237461e-05
7.03408772e-05
7.189136978e-05
6.644519675e-05
6.798782075e-05
6.965717945e-05
7.340176056e-05
6.816379426e-05
7.631500619e-05
7.115808301e-05
7.248958767e-05
6.747397352e-05
7.095238803e-05
7.031560892e-05
7.366775846e-05
7.510525797e-05
7.418858149e-05
7.354799333e-05
7.264982848e-05
7.20352494e-05
8.390575183e-05
6.523061635e-05
6.982254456e-05
6.510746809e-05
8.357220505e-05
6.954543889e-05
6.938562505e-05
6.925384189e-05
5.984398391e-05
6.888535081e-05
6.406516593e-05
6.387978239e-05
7.270397028e-05
6.792879125e-05
6.761020569e-05
5.836774709e-05
6.699561664e-05
5.780871139e-05
7.958423282e-05
6.599787311e-05
7.433327999e-05
7.393683277e-05
7.776485928e-05
6.872372948e-05
6.397236636e-05
7.204932811e-05
7.151084862e-05
7.521176639e-05
6.633073645e-05
7.409264009e-05
7.348656502e-05
7.293579459e-05
7.633391049e-05
6.776082699e-05
6.321489811e-05
6.661250699e-05
8.154186045e-05
6.159408061e-05
6.48361985e-05
7.937885679e-05
7.862480337e-05
6.677257008e-05
7.347251354e-05
7.641473731e-05
7.205775351e-05
7.49238057e-05
7.064078349e-05
6.294249539e-05
6.922556693e-05
7.194606772e-05
7.120507232e-05
7.046849099e-05
7.305152137e-05
6.571755508e-05
6.176738381e-05
7.398581108e-05
7.000455156e-05
7.241451121e-05
6.850739551e-05
7.086381532e-05
7.312467034e-05
7.23505333e-05
7.153875888e-05
7.078200006e-05
6.997946711e-05
7.212597967e-05
7.130038568e-05
7.055080277e-05
6.973622833e-05
7.17672093e-05
6.820391841e-05
7.289496681e-05
7.470885693e-05
7.922013449e-05
6.784767887e-05
7.490329253e-05
7.146254816e-05
7.326651732e-05
6.740034427e-05
6.672667108e-05
7.081097798e-05
7.252964169e-05
6.926885056e-05
6.859425297e-05
7.477678567e-05
8.100206086e-05
7.316256169e-05
7.247106495e-05
7.606600898e-05
7.314231226e-05
6.787375208e-05
7.376186233e-05
6.857705791e-05
7.008539869e-05
7.342603952e-05
6.654120138e-05
6.778249471e-05
6.923355775e-05
6.838738388e-05
6.780895557e-05
5.573015757e-05
7.427342318e-05
8.347717314e-05
7.413338805e-05
6.476046078e-05
6.928856407e-05
6.912966532e-05
7.359834162e-05
6.879651383e-05
6.863182032e-05
6.838910541e-05
7.27374179e-05
6.791027215e-05
7.670409134e-05
8.083593381e-05
6.710159819e-05
8.010211908e-05
7.089041443e-05
8.810626419e-05
6.575875435e-05
6.970805098e-05
8.667064231e-05
7.318045152e-05
6.41970271e-05
7.649198971e-05
8.446077431e-05
7.125601222e-05
7.078050069e-05
7.435743875e-05
7.383020312e-05
6.915906305e-05
7.671645208e-05
8.407283704e-05
8.341104218e-05
6.693121233e-05
7.028483769e-05
7.351958494e-05
6.905284324e-05
8.36155774e-05
6.40371862e-05
8.208551389e-05
6.654316535e-05
6.589895156e-05
7.252715054e-05
6.822173791e-05
7.466891546e-05
7.744150569e-05
6.96993051e-05
6.899204313e-05
7.170356978e-05
8.110393759e-05
7.023201546e-05
6.949781825e-05
6.549794985e-05
7.452202109e-05
7.373956058e-05
7.294375943e-05
7.531240915e-05
7.448826687e-05
7.370051147e-05
7.288371694e-05
7.211223042e-05
7.130374075e-05
7.054954676e-05
7.265645447e-05
7.476532687e-05
6.822465719e-05
7.313306988e-05
6.950878535e-05
6.878189065e-05
6.798186972e-05
7.534867694e-05
7.712548444e-05
6.580215615e-05
7.022841305e-05
6.951107171e-05
7.123067586e-05
6.54740585e-05
7.464639177e-05
7.636359168e-05
7.78828719e-05
6.988458152e-05
6.428250989e-05
6.601407424e-05
7.22049221e-05
6.920496895e-05
6.836710944e-05
7.223562251e-05
7.135871182e-05
7.511363369e-05
7.419970747e-05
7.135918777e-05
6.621723063e-05
6.985669093e-05
7.10948759e-05
7.04688313e-05
7.165481765e-05
6.900661936e-05
7.217208981e-05
7.156174727e-05
6.211758353e-05
9.311919561e-05
7.231201699e-05
6.191131203e-05
8.232274619e-05
0.0001027296745
6.14012091e-05
0.0001021035586
8.12838481e-05
0.0001013143101
6.043177622e-05
7.025948027e-05
9.968903433e-05
5.95696986e-05
5.911407756e-05
9.806202048e-05
4.861714493e-05
8.704835254e-05
2.875007588e-05
7.621653713e-05
7.546708876e-05
5.623554709e-05
7.419825613e-05
8.28893187e-05
8.197932902e-05
8.136328364e-05
7.149382633e-05
7.978659198e-05
5.255837478e-05
6.948458897e-05
8.578967732e-05
7.652433668e-05
6.716423388e-05
8.317642902e-05
5.747297178e-05
8.131383203e-05
8.02458453e-05
6.355865679e-05
5.487199725e-05
7.758808719e-05
6.888603813e-05
7.574044279e-05
8.217776799e-05
7.391183869e-05
7.289560084e-05
5.768631699e-05
6.399976589e-05
7.033344927e-05
6.935726265e-05
7.545185304e-05
7.440248541e-05
7.357766847e-05
7.2553849e-05
7.826977959e-05
7.718163411e-05
7.632341057e-05
7.526469255e-05
6.822703126e-05
7.340066e-05
6.654038927e-05
7.159085884e-05
7.080451023e-05
6.983616244e-05
7.483132438e-05
6.813705129e-05
6.740141972e-05
6.649366518e-05
8.771130191e-05
6.490585116e-05
6.9572623e-05
7.393540852e-05
7.83913199e-05
7.221097593e-05
7.657403034e-05
8.062774745e-05
7.981128167e-05
7.879912634e-05
6.338552488e-05
6.259465643e-05
6.674714212e-05
7.534759133e-05
6.99544974e-05
6.91139717e-05
8.2145579e-05
7.666983861e-05
8.041632112e-05
7.50770129e-05
8.313092042e-05
7.787525222e-05
7.287466659e-05
7.208349687e-05
7.563169948e-05
7.067910947e-05
7.416445571e-05
7.749078269e-05
8.084187666e-05
7.605134634e-05
8.727820734e-05
7.074380495e-05
7.011780101e-05
5.134109684e-05
8.209554367e-05
8.196704117e-05
8.187417727e-05
7.144521926e-05
3.056780464e-05
6.090233774e-05
6.076472385e-05
6.046965925e-05
8.039624549e-05
8.991799152e-05
5.97381529e-05
5.933478863e-05
6.89425478e-05
0.0001075143562
8.755532046e-05
7.717367719e-05
5.757511803e-05
7.606680446e-05
6.616847715e-05
8.424167495e-05
7.440010581e-05
0.0001012381392
9.139266659e-05
8.135498418e-05
8.074510934e-05
7.095471711e-05
6.158946833e-05
7.824911706e-05
7.758821662e-05
6.812478492e-05
5.908045465e-05
5.000499637e-05
8.257012421e-05
7.33594377e-05
8.880010134e-05
6.373732697e-05
4.732880368e-05
8.56169166e-05
6.163212192e-05
8.360411907e-05
8.273214859e-05
8.160783337e-05
6.606036746e-05
7.23950697e-05
7.877520383e-05
7.769001738e-05
6.28704768e-05
6.88900185e-05
6.813127267e-05
6.046830864e-05
7.308713384e-05
7.207350115e-05
6.479358684e-05
7.667472132e-05
6.318563584e-05
6.85428962e-05
6.16207088e-05
7.292551946e-05
7.212008109e-05
7.113040988e-05
7.034949021e-05
6.938963045e-05
6.863369403e-05
6.770368181e-05
6.697294397e-05
7.157878648e-05
7.081444225e-05
6.98713533e-05
6.913406938e-05
6.822294708e-05
6.751230113e-05
6.663293282e-05
7.102127887e-05
8.012367657e-05
7.435521004e-05
7.341303759e-05
6.298974522e-05
8.134404149e-05
7.106861719e-05
7.955763432e-05
6.488359231e-05
7.78405551e-05
7.256261949e-05
7.619106698e-05
7.103462389e-05
8.338472475e-05
6.956692875e-05
9.02848026e-05
6.389789724e-05
7.163017924e-05
7.515599677e-05
7.436436403e-05
5.731939614e-05
7.699960784e-05
6.828014162e-05
6.761252637e-05
7.489676134e-05
7.810080772e-05
5.805757702e-05
8.147906537e-05
7.1250774e-05
9.146556319e-05
0.0001015135792
9.111539731e-05
9.096229657e-05
5.034292291e-05
6.027532485e-05
4.998695782e-05
6.978260709e-05
5.9466648e-05
8.889243005e-05
8.829563394e-05
6.839592167e-05
5.818172214e-05
7.721409316e-05
5.742714893e-05
6.664600382e-05
7.547606027e-05
8.441429326e-05
1.857622677e-05
6.459985468e-05
6.3932685e-05
6.348779445e-05
5.382671823e-05
7.1232229e-05
9.683255654e-05
6.986247755e-05
9.492925592e-05
6.845766341e-05
7.607842027e-05
8.378341994e-05
7.44632405e-05
5.738081623e-05
8.092525345e-05
8.816422644e-05
7.119506768e-05
8.615463243e-05
7.728635746e-05
5.354993174e-05
6.792741899e-05
6.722009532e-05
6.631015888e-05
7.289600691e-05
7.909150193e-05
5.690117735e-05
7.716528404e-05
7.632367335e-05
6.15861249e-05
6.767611547e-05
8.008966418e-05
6.600281508e-05
7.159947181e-05
6.436802198e-05
7.617442368e-05
6.905125396e-05
7.428979959e-05
7.346648297e-05
7.245649075e-05
7.165667924e-05
7.067584597e-05
7.572530459e-05
8.618596554e-05
6.819792416e-05
7.288210602e-05
8.873317536e-05
7.112850636e-05
7.578213336e-05
7.477463489e-05
7.927039616e-05
8.344242825e-05
8.257327795e-05
8.149913626e-05
6.553767974e-05
6.469601877e-05
6.404073716e-05
6.809377465e-05
7.22294739e-05
6.181871698e-05
7.062797209e-05
7.906463942e-05
7.829880625e-05
8.190847096e-05
6.309852374e-05
6.681020974e-05
7.941782036e-05
7.414359649e-05
6.481342507e-05
7.690477996e-05
8.466619343e-05
6.699532011e-05
6.638776955e-05
7.389794896e-05
6.916558503e-05
6.846044982e-05
5.98677991e-05
6.718459756e-05
6.658896463e-05
7.760379499e-05
6.538019632e-05
5.051444393e-05
8.077409004e-05
6.04868146e-05
4.027910545e-05
9.038457048e-05
6.015537475e-05
7.990470064e-05
7.972499481e-05
6.942456194e-05
7.911711374e-05
7.866073669e-05
7.839017284e-05
6.81335002e-05
3.877594025e-05
7.696864942e-05
8.618716289e-05
6.64779256e-05
4.723512758e-05
5.617081571e-05
5.584331694e-05
7.373713673e-05
5.494906796e-05
6.344854479e-05
5.400692818e-05
8.01343961e-05
3.534956408e-05
8.737565955e-05
6.934477927e-05
9.423112385e-05
6.795549997e-05
7.552463867e-05
9.149266781e-05
7.392682776e-05
7.324528598e-05
6.427869155e-05
6.366355889e-05
7.069282988e-05
9.332557478e-05
7.674679481e-05
7.596717688e-05
7.495338378e-05
8.159155697e-05
6.585656398e-05
6.515864155e-05
7.85557841e-05
7.064570997e-05
7.664759145e-05
7.581259044e-05
7.477158199e-05
8.067239921e-05
7.293179998e-05
7.212542845e-05
6.466512468e-05
7.673761305e-05
7.568061253e-05
6.236743073e-05
7.38117629e-05
6.691140954e-05
7.199345671e-05
7.119919447e-05
7.022705502e-05
6.945677245e-05
7.422293765e-05
6.776765297e-05
6.685327317e-05
7.164314128e-05
7.612107566e-05
7.53085536e-05
7.43090676e-05
6.302154671e-05
7.774186761e-05
7.180331449e-05
7.087047489e-05
6.513211158e-05
6.429654521e-05
6.854102593e-05
7.250780943e-05
7.656963755e-05
7.561589769e-05
7.487227474e-05
6.93332795e-05
7.323897547e-05
7.235895692e-05
7.614738294e-05
7.082469726e-05
7.454293273e-05
6.068220795e-05
6.441286743e-05
7.218252708e-05
7.152050333e-05
7.906284071e-05
7.009885833e-05
7.751720084e-05
7.277769309e-05
7.603570416e-05
7.932421677e-05
6.676205153e-05
8.17398656e-05
6.554610777e-05
7.643187358e-05
7.015542846e-05
5.00807431e-05
7.000514105e-05
8.990546053e-05
7.970255478e-05
6.962310995e-05
7.927093997e-05
6.920643526e-05
5.90367301e-05
6.868110459e-05
7.804248323e-05
3.888733602e-05
5.794377589e-05
6.732826775e-05
5.727832053e-05
5.701266275e-05
8.481282839e-05
6.562030746e-05
9.290209702e-05
5.541704698e-05
9.14724717e-05
3.635548181e-05
7.19676365e-05
5.360191399e-05
7.070020833e-05
6.140220405e-05
6.938509302e-05
6.883469709e-05
7.653533339e-05
7.589323126e-05
5.831689178e-05
7.43180882e-05
8.970877433e-05
5.656217692e-05
7.97796421e-05
7.901764631e-05
6.239789192e-05
6.950513899e-05
6.85932423e-05
6.789763755e-05
6.699511398e-05
6.629970603e-05
7.994449535e-05
7.19077194e-05
6.384049749e-05
6.31542634e-05
6.921527167e-05
8.215451638e-05
7.427784145e-05
7.34621853e-05
7.904117142e-05
7.165400456e-05
7.06698765e-05
7.624013462e-05
7.519316254e-05
7.435946807e-05
6.722818573e-05
7.252807868e-05
7.153630314e-05
7.074751417e-05
7.559925505e-05
6.901885628e-05
6.808365112e-05
8.979036937e-05
6.643603017e-05
6.571959126e-05
7.024473038e-05
7.484085611e-05
8.967410378e-05
7.828957628e-05
7.726244562e-05
7.136053969e-05
7.043463303e-05
6.473153212e-05
6.390197458e-05
7.785180872e-05
7.206351557e-05
5.707524549e-05
7.045589938e-05
8.836630687e-05
6.43149746e-05
7.279051694e-05
8.090536233e-05
5.78736415e-05
7.478996912e-05
6.101185343e-05
7.323310498e-05
6.828504576e-05
6.329849816e-05
8.362380043e-05
7.030380271e-05
7.37641282e-05
6.892787283e-05
5.625424941e-05
7.158575922e-05
6.700627707e-05
6.634478734e-05
6.962505894e-05
8.429135898e-05
7.215437358e-05
6.959958515e-05
5.962087809e-05
5.952963256e-05
8.91943633e-05
8.895753281e-05
4.933839824e-05
6.88162593e-05
4.904442616e-05
7.80987469e-05
7.787804738e-05
7.743387262e-05
6.752266627e-05
5.7494486e-05
4.771917391e-05
5.683705918e-05
7.543209393e-05
8.4164116e-05
8.372469617e-05
8.29773312e-05
9.166205906e-05
9.078404317e-05
9.02060405e-05
7.143078122e-05
7.980439383e-05
9.649431265e-05
3.482825589e-05
8.609650528e-05
5.979055616e-05
6.753834075e-05
5.022971619e-05
6.616970184e-05
7.378626122e-05
7.287685801e-05
7.220771323e-05
8.714080567e-05
5.492460445e-05
7.745479604e-05
6.1353674e-05
5.298297165e-05
8.241604637e-05
6.653849299e-05
7.316544302e-05
5.774910208e-05
4.999648991e-05
6.341386027e-05
7.667376638e-05
7.563276917e-05
6.800971573e-05
7.37905788e-05
7.298105711e-05
6.543929403e-05
7.118870326e-05
7.659716984e-05
6.312422066e-05
7.471195159e-05
6.772715947e-05
7.287391132e-05
6.005650777e-05
7.108491873e-05
7.615998929e-05
7.512522073e-05
6.858642753e-05
7.3297446e-05
7.807706142e-05
6.602396305e-05
7.075484772e-05
6.981102727e-05
6.375337024e-05
6.815260363e-05
6.743378391e-05
7.166964039e-05
6.585724986e-05
8.000470756e-05
7.918258446e-05
6.839777232e-05
8.221293757e-05
6.684965784e-05
6.618214315e-05
6.535869806e-05
6.933822357e-05
8.218762406e-05
7.234751701e-05
7.594557855e-05
6.637070197e-05
6.996171098e-05
7.36342833e-05
8.134927537e-05
7.210994705e-05
7.12995031e-05
7.064534479e-05
6.987252602e-05
6.923869384e-05
7.656277983e-05
5.590794335e-05
7.509563496e-05
7.834370923e-05
6.981110108e-05
6.919281042e-05
7.995750005e-05
7.92519626e-05
7.89171206e-05
4.929362165e-05
6.890603143e-05
7.866171243e-05
8.826077973e-05
7.832343596e-05
8.778724599e-05
7.785880111e-05
6.780501668e-05
6.761383566e-05
8.643901611e-05
5.742916402e-05
7.606947999e-05
7.576392397e-05
5.640254464e-05
6.549920384e-05
7.424466841e-05
8.309019079e-05
4.575129679e-05
6.368102606e-05
6.307412969e-05
5.372013299e-05
6.203914164e-05
6.161148028e-05
5.224711693e-05
7.778998231e-05
4.273543546e-05
6.783671855e-05
7.543391596e-05
4.986919547e-05
5.748604744e-05
5.698154915e-05
5.628231675e-05
5.576656774e-05
5.506620944e-05
7.791750711e-05
8.461169586e-05
6.854727358e-05
6.765514381e-05
8.929512752e-05
6.608805429e-05
7.267131174e-05
6.453226438e-05
6.385128378e-05
6.999209724e-05
8.308997381e-05
7.513536902e-05
7.431960105e-05
7.330966737e-05
7.909766187e-05
7.151812852e-05
7.072940604e-05
5.707972652e-05
7.526428053e-05
6.805045559e-05
7.341491728e-05
7.241386635e-05
7.161334494e-05
7.652579453e-05
6.986113065e-05
6.891424069e-05
6.815938369e-05
8.965329423e-05
7.205121087e-05
7.108505742e-05
6.490976346e-05
8.005690017e-05
7.392267488e-05
6.773604769e-05
7.217721588e-05
6.10568997e-05
7.552625649e-05
7.951866977e-05
5.902613131e-05
7.283906008e-05
5.768078659e-05
6.644499367e-05
7.517875681e-05
6.032315432e-05
6.891871175e-05
6.807554191e-05
6.292114204e-05
6.660543832e-05
6.157110983e-05
6.953805659e-05
8.17985936e-05
6.808913324e-05
7.167240789e-05
7.920322511e-05
6.608541018e-05
6.127633093e-05
8.096056407e-05
7.60943288e-05
6.747284819e-05
6.677802545e-05
7.007624054e-05
7.323462068e-05
8.404720595e-05
7.18935594e-05
6.750902202e-05
6.851391012e-05
6.84729738e-05
8.790340908e-05
7.804923501e-05
8.757485635e-05
7.771503573e-05
4.839285987e-05
7.725600118e-05
6.728183024e-05
9.584649128e-05
6.671410495e-05
5.698862114e-05
7.548865265e-05
8.458438422e-05
6.530372725e-05
5.571682335e-05
8.28960137e-05
8.246523023e-05
8.173668198e-05
9.932341692e-05
8.943781211e-05
7.998391982e-05
7.038074603e-05
8.73708622e-05
7.779989559e-05
5.148314991e-05
8.485426351e-05
7.576706569e-05
6.657334236e-05
7.427071965e-05
7.338785181e-05
4.849674658e-05
5.588822996e-05
5.537709786e-05
7.812077706e-05
8.511673036e-05
7.639199302e-05
7.564241504e-05
5.226328447e-05
5.912676725e-05
7.293741461e-05
5.052866702e-05
7.122509777e-05
7.752198505e-05
6.953051907e-05
7.566453831e-05
6.785860768e-05
6.712265465e-05
7.283498378e-05
7.203746268e-05
7.751891468e-05
6.388727041e-05
7.562168553e-05
7.478566192e-05
7.376777369e-05
7.29515837e-05
7.195959338e-05
7.116457641e-05
7.604894481e-05
7.521173406e-05
6.848747573e-05
6.77376248e-05
7.239475015e-05
7.160781843e-05
6.521497589e-05
6.988831204e-05
7.426406791e-05
6.297598393e-05
6.214574112e-05
7.173882461e-05
7.080174588e-05
7.50689835e-05
6.915868906e-05
6.844796232e-05
6.27467939e-05
6.21109155e-05
8.019774184e-05
6.071511169e-05
7.840988784e-05
6.850424569e-05
6.315528381e-05
7.594484278e-05
8.38595994e-05
8.305814873e-05
6.479953331e-05
7.702678511e-05
7.190853787e-05
7.962134009e-05
6.629442114e-05
8.621283799e-05
7.714631938e-05
8.046986253e-05
6.368974767e-05
7.495224092e-05
7.808266002e-05
7.738714536e-05
6.51237137e-05
6.83442169e-05
7.145015643e-05
6.709298225e-05
3.884781473e-05
0.0001067678915
8.722401592e-05
6.776544396e-05
5.793300809e-05
6.74765127e-05
6.722917143e-05
6.707965562e-05
6.676665583e-05
7.609054719e-05
7.566369341e-05
7.540638088e-05
6.555204942e-05
9.327132633e-05
8.332971957e-05
6.451418017e-05
9.141798366e-05
6.366080058e-05
9.01446294e-05
8.066267416e-05
5.326773526e-05
7.057457784e-05
6.986722064e-05
6.938777935e-05
8.581929971e-05
5.963037344e-05
8.424648909e-05
6.686726422e-05
5.783847199e-05
7.374519001e-05
7.287241466e-05
7.223549007e-05
6.342814122e-05
8.641761908e-05
7.758304671e-05
5.379330676e-05
6.828430905e-05
5.258979474e-05
5.932654087e-05
5.872887769e-05
7.969527891e-05
7.170280536e-05
6.36785956e-05
4.900659004e-05
7.598248785e-05
6.833620201e-05
6.741812808e-05
7.335651999e-05
7.236640785e-05
7.157475672e-05
7.702444252e-05
7.617639813e-05
7.514320171e-05
6.192757674e-05
7.330457764e-05
7.24940618e-05
7.151098445e-05
7.072139731e-05
7.557800101e-05
6.8996683e-05
6.806596389e-05
7.293114114e-05
7.195168908e-05
7.116984975e-05
7.021936067e-05
8.01495636e-05
7.908630771e-05
7.302674992e-05
7.20655681e-05
6.621246042e-05
7.03756336e-05
7.959169526e-05
7.365384179e-05
7.289688988e-05
7.196649145e-05
6.173882446e-05
7.971808415e-05
6.96367871e-05
6.418696841e-05
6.35550859e-05
7.174623818e-05
7.549093318e-05
7.897109149e-05
6.083480162e-05
7.729420082e-05
6.80584458e-05
7.988672879e-05
7.497854221e-05
7.001474552e-05
6.121062473e-05
7.264574482e-05
7.598581977e-05
7.121786797e-05
6.665717479e-05
7.372832223e-05
5.768817742e-05
7.234151269e-05
7.547519784e-05
7.10121893e-05
6.668203895e-05
7.709895483e-05
9.631652609e-05
5.770336273e-05
8.645901157e-05
6.707128105e-05
4.782884817e-05
5.718538785e-05
8.558772346e-05
7.572492665e-05
5.663460741e-05
7.509148309e-05
0.0001029004269
4.647075446e-05
8.331362115e-05
6.432763077e-05
4.573763967e-05
7.259160642e-05
6.31890738e-05
7.158452069e-05
8.006958623e-05
7.931783159e-05
7.88174486e-05
7.803127657e-05
6.027544777e-05
4.260162227e-05
7.611850146e-05
9.201209513e-05
5.809374741e-05
7.383997306e-05
5.695436855e-05
6.432370429e-05
6.37626233e-05
6.299015318e-05
7.802036212e-05
4.62316011e-05
7.632356173e-05
8.28937581e-05
8.208319162e-05
8.102739359e-05
8.021242277e-05
7.916651268e-05
5.698253497e-05
6.326017516e-05
7.650543552e-05
7.548792771e-05
8.147076356e-05
7.368166303e-05
5.96325922e-05
6.536711131e-05
5.818741924e-05
5.740217894e-05
7.569425331e-05
6.844817362e-05
7.384645708e-05
7.284716222e-05
7.20422429e-05
7.106793427e-05
7.614067919e-05
6.933494223e-05
6.857243222e-05
6.764960877e-05
7.24853721e-05
7.151401815e-05
7.073720592e-05
7.51631693e-05
7.966470522e-05
7.336913149e-05
6.740210488e-05
6.651638214e-05
8.100323037e-05
7.495137821e-05
7.417085012e-05
6.345247592e-05
7.729272595e-05
9.061480013e-05
6.609202394e-05
6.992129113e-05
8.768203721e-05
7.292076866e-05
6.769009101e-05
6.686262315e-05
8.38709369e-05
7.414067316e-05
8.639030316e-05
8.110307876e-05
7.611020402e-05
6.687227799e-05
6.625042727e-05
6.140887109e-05
8.11267599e-05
6.819906509e-05
6.360487246e-05
7.078997413e-05
6.625668911e-05
5.785543361e-05
7.64536587e-05
6.433433284e-05
5.626348818e-05
7.057955867e-05
6.627609905e-05
1.912784371e-05
7.646615032e-05
6.680819882e-05
7.626772314e-05
9.508844119e-05
7.594525472e-05
7.566990455e-05
8.494012604e-05
8.454808037e-05
0.0001030476971
9.315982818e-05
2.78533167e-05
8.302297239e-05
8.269245145e-05
7.297193561e-05
5.447858103e-05
6.304972036e-05
8.064551134e-05
6.217846749e-05
7.065347221e-05
6.999335878e-05
4.347048852e-05
8.607790974e-05
7.69408553e-05
7.613637394e-05
6.717972444e-05
6.644535258e-05
6.592512841e-05
6.517646506e-05
7.271613086e-05
8.783250717e-05
7.915261813e-05
6.255817251e-05
6.973798985e-05
8.418244193e-05
8.338730453e-05
7.485137315e-05
8.153275972e-05
7.317097264e-05
8.692342596e-05
5.719615765e-05
8.491172935e-05
8.379629008e-05
6.21876217e-05
6.818160362e-05
6.745413367e-05
5.324328344e-05
7.241808005e-05
7.794230554e-05
7.066695073e-05
7.605418443e-05
7.521817341e-05
4.946944814e-05
7.338564579e-05
7.239541987e-05
7.159602103e-05
7.651620186e-05
7.567234442e-05
6.891082861e-05
6.815336687e-05
6.723831632e-05
6.650309465e-05
7.108163959e-05
7.030979042e-05
8.53839947e-05
8.446472297e-05
8.334823236e-05
6.184481289e-05
6.103341173e-05
7.04550315e-05
7.45056569e-05
8.847575343e-05
7.278016151e-05
7.683427316e-05
7.111458105e-05
7.039368308e-05
7.414190882e-05
6.881343127e-05
6.342888008e-05
7.626225819e-05
5.760548303e-05
7.021101115e-05
6.936731513e-05
8.587985118e-05
7.638022634e-05
7.14567094e-05
6.232150095e-05
8.232245875e-05
6.918365764e-05
6.85483695e-05
7.576881495e-05
7.508116974e-05
6.645790294e-05
6.586098704e-05
6.134240871e-05
6.079624793e-05
7.523150046e-05
6.710964904e-05
6.645994824e-05
6.953479792e-05
7.593268313e-05
8.537395267e-05
5.683161318e-05
9.461477777e-05
8.493456234e-05
4.710819067e-05
5.632597573e-05
5.62015034e-05
5.594349063e-05
6.508535361e-05
7.39726398e-05
8.293803912e-05
8.240783913e-05
6.384037009e-05
7.243461033e-05
9.914295252e-05
8.941232748e-05
6.226628695e-05
7.93634506e-05
6.137381907e-05
6.080317528e-05
6.042128675e-05
5.982431344e-05
6.790456155e-05
6.719783424e-05
8.338169241e-05
4.94845834e-05
7.364693996e-05
7.281424742e-05
7.221229648e-05
7.136864863e-05
7.074856245e-05
7.766509555e-05
6.926418073e-05
6.081069878e-05
7.52966741e-05
7.435154994e-05
5.890157149e-05
8.72245945e-05
8.635005603e-05
8.523245919e-05
7.732725027e-05
7.631508683e-05
6.865018278e-05
5.4194817e-05
7.37237423e-05
7.935641335e-05
7.849942565e-05
7.745036671e-05
7.022162882e-05
6.927998421e-05
7.47480447e-05
7.374340378e-05
7.293054988e-05
7.194924571e-05
7.115529284e-05
7.019810199e-05
6.942437152e-05
6.849187194e-05
6.773939246e-05
7.240132765e-05
7.711844468e-05
7.60894163e-05
8.063943351e-05
7.426422936e-05
8.395986853e-05
6.731725698e-05
6.659979339e-05
8.089524181e-05
7.503991131e-05
6.418984475e-05
7.329395339e-05
6.752764501e-05
6.683357348e-05
6.598306846e-05
6.531412285e-05
6.44930011e-05
6.384841092e-05
7.206458471e-05
6.689506107e-05
8.369847176e-05
7.852360895e-05
7.32700139e-05
8.110662616e-05
7.171289162e-05
7.521518014e-05
7.021522752e-05
8.183766141e-05
7.282108474e-05
7.215228533e-05
7.532051385e-05
7.463687466e-05
7.772158734e-05
6.546998338e-05
7.240991015e-05
6.421106047e-05
6.730290992e-05
7.411997638e-05
8.073990903e-05
6.911658322e-05
6.594234461e-05
7.531844383e-05
6.580646541e-05
5.634341506e-05
7.493260305e-05
8.416070076e-05
4.658823683e-05
5.578259541e-05
8.329179484e-05
7.383106505e-05
7.342562856e-05
7.317805967e-05
6.362358654e-05
8.147749167e-05
9.886956798e-05
6.263041852e-05
6.21342332e-05
7.064563114e-05
7.8791521e-05
6.093229535e-05
5.174440082e-05
7.713016964e-05
7.637167308e-05
8.428018376e-05
5.004421716e-05
6.623763571e-05
6.552002478e-05
7.313531902e-05
8.838133004e-05
7.171539597e-05
7.875676742e-05
8.588119293e-05
6.942571375e-05
7.644085155e-05
7.550416913e-05
6.731417084e-05
8.124419338e-05
7.313977208e-05
8.665164897e-05
6.433815055e-05
7.056499253e-05
7.682534961e-05
6.203726844e-05
6.820875882e-05
7.404213576e-05
7.991345549e-05
6.571194676e-05
7.800365181e-05
7.696459875e-05
7.6125692e-05
7.510806646e-05
6.809344326e-05
7.328832228e-05
7.248106368e-05
7.150853743e-05
7.071995749e-05
7.558538215e-05
7.475274897e-05
7.375114364e-05
7.294128485e-05
6.64305545e-05
6.570477393e-05
6.482988943e-05
6.412640293e-05
7.90958302e-05
7.302838669e-05
6.691884754e-05
6.111300731e-05
8.544443579e-05
6.465122401e-05
6.872126897e-05
6.800568578e-05
6.713183437e-05
8.067933511e-05
7.028260384e-05
6.02939991e-05
6.411628495e-05
8.614513606e-05
7.164398826e-05
7.093814242e-05
7.007164751e-05
7.372828671e-05
8.99816744e-05
7.638914919e-05
7.129385773e-05
7.477551589e-05
6.980428771e-05
7.322268654e-05
7.641584143e-05
8.368379863e-05
7.487748646e-05
7.419780691e-05
7.726288558e-05
7.656893523e-05
6.440392338e-05
7.509490413e-05
6.318550188e-05
6.999503739e-05
6.931272788e-05
6.870336912e-05
9.350146238e-05
7.475741408e-05
8.397871713e-05
6.524500859e-05
7.437620479e-05
5.569071326e-05
6.47406813e-05
8.305482905e-05
5.511836602e-05
7.328700705e-05
6.377581698e-05
7.264140619e-05
8.120451917e-05
8.088330226e-05
6.246043532e-05
8.882363198e-05
5.287404641e-05
5.260291213e-05
8.691975067e-05
5.185463906e-05
6.850277903e-05
6.807438493e-05
8.426005457e-05
7.531929273e-05
7.454250206e-05
8.222053853e-05
6.506695874e-05
7.263075743e-05
6.383700308e-05
7.913920798e-05
7.040014907e-05
6.979082542e-05
7.662132954e-05
6.833561827e-05
6.000139327e-05
7.429705194e-05
5.86973321e-05
7.265898496e-05
8.608618124e-05
7.812357053e-05
7.711979943e-05
7.632992221e-05
8.218676329e-05
7.455027288e-05
7.357243402e-05
7.940749919e-05
7.835857208e-05
6.459508409e-05
7.648488628e-05
6.304328467e-05
7.464378023e-05
6.76731e-05
7.283882309e-05
7.203708409e-05
7.107319519e-05
7.614740965e-05
6.934930479e-05
7.430128205e-05
7.894723408e-05
7.250354566e-05
7.703955947e-05
7.075548797e-05
6.981531533e-05
6.374583049e-05
6.290274657e-05
6.222603838e-05
7.164244363e-05
6.581635762e-05
6.995356752e-05
7.910443257e-05
7.807972571e-05
7.243754889e-05
6.674063675e-05
7.077278946e-05
7.91903892e-05
8.299841204e-05
7.74033608e-05
7.212188549e-05
6.677650579e-05
7.052638913e-05
6.531107181e-05
6.898862285e-05
5.537966826e-05
6.750724639e-05
7.921847973e-05
7.434096181e-05
6.531588709e-05
7.684074732e-05
7.597024044e-05
7.923399263e-05
7.052176448e-05
6.599925638e-05
6.912860979e-05
6.470174049e-05
7.908915617e-05
7.465265525e-05
7.02012246e-05
7.690537421e-05
7.615318063e-05
6.470058928e-05
0.0001113719486
8.348026557e-05
6.483432853e-05
6.476325392e-05
7.382800848e-05
5.52804284e-05
3.672281576e-05
7.328431826e-05
9.119144063e-05
6.365704509e-05
7.235552251e-05
7.211256654e-05
8.95732687e-05
8.921968507e-05
7.972772305e-05
7.936611082e-05
8.749278778e-05
5.222705004e-05
6.041158665e-05
6.006803555e-05
7.652241883e-05
5.069659064e-05
7.530394152e-05
6.648342655e-05
4.935062557e-05
8.981720572e-05
8.077514437e-05
5.610353008e-05
6.340266705e-05
8.646223887e-05
7.769521115e-05
8.472641874e-05
6.088791756e-05
5.279603092e-05
7.450595645e-05
7.380712831e-05
8.018047928e-05
6.496602974e-05
8.552804587e-05
5.644963384e-05
8.359041887e-05
7.584084364e-05
8.166390703e-05
6.734272494e-05
7.975489529e-05
6.575659109e-05
7.786900293e-05
7.061143516e-05
6.967685704e-05
6.891871369e-05
6.800309887e-05
7.337227036e-05
7.239480411e-05
7.159851054e-05
7.064312158e-05
6.986507417e-05
6.893255732e-05
6.817406366e-05
7.287043831e-05
7.20710291e-05
6.564197024e-05
7.033584173e-05
6.406446883e-05
7.921218574e-05
7.816652772e-05
7.217076838e-05
6.104862535e-05
7.549789752e-05
5.961080212e-05
6.881311621e-05
7.277455228e-05
8.161904912e-05
7.10935414e-05
7.036273762e-05
7.873251741e-05
6.418101007e-05
8.60101541e-05
6.722378035e-05
6.639126936e-05
6.573692646e-05
6.060541227e-05
9.00251155e-05
6.77663087e-05
7.131242651e-05
8.705156097e-05
7.391142932e-05
6.899667148e-05
6.835439418e-05
6.757930026e-05
7.089706874e-05
6.621668653e-05
8.105446116e-05
7.254345892e-05
7.567569493e-05
7.113782148e-05
7.792636409e-05
7.346134204e-05
7.281256477e-05
7.93078464e-05
7.146482969e-05
7.37028841e-05
7.366006043e-05
9.194135987e-05
8.265672185e-05
9.160979264e-05
5.487614462e-05
8.202357658e-05
7.275002774e-05
6.337009884e-05
8.125042109e-05
6.285307147e-05
7.159137129e-05
8.89287058e-05
7.086271028e-05
4.397636034e-05
4.377731666e-05
8.687112638e-05
5.185652113e-05
5.998544582e-05
7.668647338e-05
4.221489745e-05
5.034241147e-05
7.478119378e-05
8.252855253e-05
7.351648474e-05
6.487302431e-05
8.022420967e-05
6.368198743e-05
7.871775171e-05
7.026489527e-05
6.174007412e-05
4.590578147e-05
6.804472185e-05
7.492402586e-05
7.401668286e-05
5.865889886e-05
7.965899955e-05
7.888774021e-05
7.081425097e-05
8.413027381e-05
7.613562203e-05
6.850726604e-05
6.762305111e-05
6.691790288e-05
4.623225375e-05
7.188001923e-05
6.448792771e-05
7.655320513e-05
6.295265037e-05
7.4721913e-05
6.758786612e-05
7.292486442e-05
7.195616573e-05
7.116524489e-05
7.021822153e-05
6.94453365e-05
6.852078874e-05
6.776724247e-05
7.801007479e-05
8.266574106e-05
7.069254567e-05
7.529969346e-05
7.430324594e-05
8.924727746e-05
6.734868182e-05
7.174946879e-05
6.575142087e-05
8.506687432e-05
6.914302725e-05
6.352777377e-05
7.235427273e-05
7.160092659e-05
7.539629909e-05
7.928506469e-05
6.907050876e-05
6.836999192e-05
5.851122402e-05
6.683777745e-05
7.481184597e-05
6.535974177e-05
8.17785198e-05
8.098402385e-05
7.158863431e-05
7.924470376e-05
6.594412416e-05
7.348683189e-05
7.263511515e-05
7.595654459e-05
7.904678869e-05
7.832034718e-05
6.970654627e-05
7.291106109e-05
7.971463648e-05
7.8998687e-05
7.07236665e-05
6.640524226e-05
6.572856801e-05
7.238695059e-05
6.809057185e-05
7.814961503e-05
7.316574744e-05
8.226379857e-05
6.389049564e-05
7.293803085e-05
9.094438359e-05
7.263697498e-05
5.42863655e-05
6.319553755e-05
8.98755478e-05
8.066463996e-05
4.457259993e-05
7.996236286e-05
9.712268839e-05
8.794624394e-05
6.986246607e-05
7.824027144e-05
8.625823683e-05
8.581868777e-05
7.658392479e-05
7.615022151e-05
6.707436228e-05
9.165410237e-05
6.601391436e-05
9.015681849e-05
6.490132925e-05
7.24843839e-05
7.171266552e-05
4.743866492e-05
6.255148783e-05
8.530420143e-05
6.132951323e-05
7.600207921e-05
3.004289768e-05
8.187487718e-05
7.353379337e-05
8.74156949e-05
8.633919186e-05
6.412843422e-05
7.036100755e-05
7.662695949e-05
7.565289341e-05
8.168863748e-05
7.391807648e-05
6.649840708e-05
7.219841685e-05
7.792735411e-05
7.690799052e-05
6.974149961e-05
7.508097026e-05
7.42654213e-05
7.328473472e-05
7.248288175e-05
7.152281074e-05
7.073719136e-05
6.979840225e-05
6.903061214e-05
7.379006954e-05
7.85927891e-05
6.647124812e-05
6.574273329e-05
7.568387004e-05
6.416428389e-05
6.859332065e-05
6.263074218e-05
7.21082213e-05
6.623784083e-05
7.039983783e-05
7.960020191e-05
7.856544026e-05
6.316191696e-05
8.153066222e-05
8.06817969e-05
7.027921009e-05
7.419384052e-05
7.325409551e-05
6.344719403e-05
7.160277142e-05
9.303865501e-05
7.438517629e-05
6.498686079e-05
7.703262601e-05
7.204607465e-05
7.536735326e-05
8.708645199e-05
7.376354875e-05
6.900780244e-05
8.024415211e-05
7.154718672e-05
6.680470532e-05
7.397781155e-05
5.390463896e-05
7.63073753e-05
6.41588276e-05
7.106290235e-05
7.031430592e-05
7.33566199e-05
7.986785156e-05
7.556459737e-05
7.125548228e-05
7.769330899e-05
4.539773955e-05
8.166876359e-05
6.342880969e-05
7.241114386e-05
7.2230857e-05
8.112759194e-05
7.18613886e-05
8.066754311e-05
7.13853925e-05
6.229007932e-05
7.965854583e-05
8.821407555e-05
5.260020872e-05
6.985844699e-05
6.069857798e-05
8.63213836e-05
6.85231478e-05
6.81746868e-05
8.450135589e-05
6.721903764e-05
6.661136988e-05
9.102260728e-05
7.375717311e-05
8.140069547e-05
5.640314441e-05
6.399409726e-05
4.748674984e-05
7.853362334e-05
8.543481564e-05
7.703339819e-05
7.615547075e-05
6.040096994e-05
7.461575953e-05
6.655123345e-05
8.036288023e-05
6.513783547e-05
8.578486739e-05
7.079742645e-05
6.991352915e-05
7.614075075e-05
6.834204327e-05
7.441050355e-05
8.013450641e-05
7.269255179e-05
5.870597347e-05
5.80846191e-05
6.369693745e-05
7.561584094e-05
7.462438173e-05
6.766326723e-05
7.284265065e-05
7.204622434e-05
7.109464425e-05
7.031425646e-05
7.516553757e-05
6.862081181e-05
6.771183554e-05
7.812932664e-05
6.608134626e-05
6.535744333e-05
6.98680493e-05
6.910624761e-05
7.34412432e-05
7.78345814e-05
6.657110118e-05
6.585563719e-05
7.999446822e-05
5.935708614e-05
6.835105501e-05
7.246182689e-05
7.629665094e-05
6.606451496e-05
5.590320026e-05
6.91606047e-05
8.194248939e-05
6.759272446e-05
7.5646169e-05
5.72683968e-05
6.091099066e-05
7.754185236e-05
7.659587414e-05
7.58514155e-05
7.077655412e-05
8.246888016e-05
9.371831411e-05
7.265210584e-05
8.377726289e-05
5.928352052e-05
7.033132452e-05
6.968477879e-05
7.273829134e-05
6.828417613e-05
8.255309107e-05
8.181166283e-05
7.726856822e-05
7.658127825e-05
7.218744207e-05
6.43954292e-05
7.084154425e-05
8.075331431e-05
7.211462415e-05
9.009141653e-05
8.996249764e-05
7.189181449e-05
8.067793454e-05
6.264768007e-05
7.1348387e-05
6.229378716e-05
7.973738229e-05
5.301203795e-05
7.030623459e-05
8.759003703e-05
6.093464978e-05
5.202518589e-05
7.749454555e-05
6.857415665e-05
8.505804093e-05
6.77010959e-05
9.23094033e-05
8.344434089e-05
7.442406612e-05
7.39634356e-05
7.325560813e-05
7.276342381e-05
9.603912813e-05
7.150894279e-05
6.289247507e-05
7.800988516e-05
8.486893248e-05
8.41767745e-05
6.052455742e-05
7.5006904e-05
7.413066536e-05
5.877298083e-05
7.258667334e-05
7.910142417e-05
7.813448078e-05
6.331216171e-05
6.252453584e-05
7.566067323e-05
7.470557032e-05
6.722330718e-05
7.963735727e-05
7.22424984e-05
6.482778793e-05
7.697086969e-05
7.597040941e-05
7.51557147e-05
6.799220351e-05
6.725488801e-05
7.240586828e-05
7.161479652e-05
7.067157364e-05
6.989634893e-05
6.897364577e-05
6.821584832e-05
7.853355971e-05
7.212334835e-05
6.569599183e-05
7.039136335e-05
6.411966596e-05
7.399094888e-05
6.258659892e-05
6.706783784e-05
7.637192936e-05
7.051457431e-05
6.959510737e-05
8.360874995e-05
6.310741697e-05
6.724598594e-05
7.112206388e-05
7.507371832e-05
6.948332281e-05
5.95997741e-05
9.053268335e-05
6.721068057e-05
5.752061575e-05
7.446670454e-05
7.787252397e-05
6.853729994e-05
6.347003904e-05
5.866282504e-05
7.451723017e-05
7.790341283e-05
7.698242104e-05
7.22418138e-05
6.346939712e-05
7.073786596e-05
7.381797964e-05
6.928984295e-05
8.374477927e-05
6.789617454e-05
7.462048846e-05
5.916024896e-05
6.950963876e-05
7.251731063e-05
6.818394194e-05
6.402550306e-05
8.09972459e-05
6.283349858e-05
7.160030733e-05
7.15592441e-05
7.145733719e-05
5.353491096e-05
7.120393445e-05
6.220253903e-05
7.969799013e-05
7.95246352e-05
9.676854683e-05
9.650288078e-05
8.72649036e-05
8.697476555e-05
6.91524987e-05
7.749253202e-05
6.840503339e-05
8.512239317e-05
7.602334297e-05
7.563829435e-05
8.334193188e-05
6.629825779e-05
8.213037412e-05
7.346075578e-05
7.276081857e-05
7.227292498e-05
3.974828545e-05
3.94616675e-05
7.02842661e-05
8.524239492e-05
7.664590575e-05
6.841976988e-05
7.516243962e-05
5.961522079e-05
5.155628651e-05
7.299281796e-05
7.212220401e-05
7.145133511e-05
7.058108447e-05
6.990196528e-05
7.59389763e-05
8.202175821e-05
7.424075017e-05
7.348654451e-05
7.255081044e-05
7.832507285e-05
7.087478028e-05
7.650137873e-05
7.551013942e-05
7.470115438e-05
6.143972028e-05
7.292880954e-05
7.197429279e-05
7.11885049e-05
7.025350846e-05
6.948337965e-05
7.428257824e-05
6.781563654e-05
7.249857376e-05
6.6187379e-05
7.075803123e-05
7.536696365e-05
6.906256362e-05
6.831012691e-05
7.77846552e-05
6.668349463e-05
7.087367633e-05
7.011233516e-05
7.414243072e-05
7.335331204e-05
8.205781001e-05
8.596966263e-05
6.600589476e-05
7.931559529e-05
7.369824103e-05
8.205809517e-05
6.751795424e-05
7.128845988e-05
7.039732312e-05
6.969290624e-05
6.883188404e-05
5.96337616e-05
7.152944681e-05
6.666724178e-05
8.233257796e-05
7.338917301e-05
6.849234874e-05
7.183612987e-05
7.494616123e-05
8.206337191e-05
5.40857423e-05
6.889935845e-05
6.813137477e-05
6.751255742e-05
6.67778052e-05
7.720774824e-05
7.638934828e-05
6.849957638e-05
7.136244026e-05
7.426976995e-05
7.703072343e-05
7.982653098e-05
7.10932747e-05
7.105263127e-05
7.095192825e-05
3.543759368e-05
7.070134588e-05
7.941044473e-05
6.155104174e-05
9.651307167e-05
5.241269782e-05
6.969210006e-05
6.06589493e-05
7.77312699e-05
7.725618503e-05
5.985377344e-05
7.642422241e-05
9.298883236e-05
7.550170714e-05
6.677338305e-05
8.277406972e-05
6.584726328e-05
6.525996527e-05
8.917927651e-05
7.227266808e-05
3.988277488e-05
7.10709009e-05
6.271947253e-05
6.982069462e-05
8.468139869e-05
8.375936112e-05
6.797353109e-05
5.974045811e-05
8.144119908e-05
6.586124076e-05
7.2525472e-05
6.44972769e-05
6.389829743e-05
8.41637942e-05
7.640894339e-05
6.860460481e-05
7.471845374e-05
6.707425319e-05
7.303311652e-05
7.866133788e-05
6.487173211e-05
6.404026159e-05
7.603758045e-05
6.254617747e-05
7.425205959e-05
6.718006063e-05
7.249390009e-05
7.154783163e-05
7.666452984e-05
6.984036041e-05
7.483153341e-05
6.816815276e-05
7.303843445e-05
7.207806318e-05
6.580385628e-05
7.576171253e-05
6.958055163e-05
7.394880284e-05
7.3143437e-05
7.218509848e-05
7.650407468e-05
7.550518065e-05
6.9714659e-05
6.38936689e-05
6.321374183e-05
7.679604527e-05
7.598729883e-05
7.501188906e-05
6.959154608e-05
7.786596128e-05
7.253211538e-05
6.714066031e-05
7.089003111e-05
7.000447624e-05
7.363538752e-05
8.128208942e-05
7.200852496e-05
5.857820623e-05
7.458237967e-05
7.368607149e-05
6.892530331e-05
5.609059322e-05
7.143497684e-05
7.844963323e-05
7.3832575e-05
7.683246134e-05
7.993212553e-05
7.527626963e-05
5.594437571e-05
6.640146111e-05
7.311679048e-05
7.957420867e-05
6.452729101e-05
7.450481917e-05
7.033139604e-05
7.659090087e-05
6.901832272e-05
7.941754419e-05
7.937228393e-05
8.80670231e-05
6.158038271e-05
9.653297852e-05
0.0001051388034
7.858395807e-05
6.970103162e-05
5.204770715e-05
6.920713162e-05
7.74493457e-05
7.719281549e-05
7.672326415e-05
8.49162012e-05
8.433341327e-05
5.037375241e-05
6.665527196e-05
7.460887065e-05
5.754972553e-05
8.175295388e-05
9.723240093e-05
6.442277291e-05
9.572136522e-05
4.754100144e-05
7.844575568e-05
8.567048415e-05
6.93631982e-05
5.353583342e-05
6.052027974e-05
9.00441005e-05
5.935597797e-05
7.356206569e-05
5.81700027e-05
5.765125796e-05
7.83319596e-05
7.055059494e-05
7.666721889e-05
7.593176048e-05
5.454329647e-05
5.400442894e-05
7.999445383e-05
5.278927253e-05
7.166705788e-05
5.802968037e-05
7.001899327e-05
7.557937194e-05
7.460613052e-05
6.765763799e-05
6.678122157e-05
7.206414704e-05
7.112639443e-05
7.035096771e-05
7.521804685e-05
6.867190982e-05
6.777242037e-05
7.261489895e-05
6.61499101e-05
7.087681531e-05
6.45664313e-05
6.918211024e-05
7.877935225e-05
7.272692032e-05
7.177587842e-05
8.11419984e-05
8.00844184e-05
7.922453557e-05
5.864736474e-05
7.736448977e-05
7.159319965e-05
6.13940729e-05
6.993112182e-05
6.920312816e-05
6.832272661e-05
7.212824989e-05
6.676755963e-05
7.490203315e-05
7.831798821e-05
7.322665074e-05
7.232280578e-05
6.73968055e-05
8.321921494e-05
7.828923789e-05
6.513547252e-05
6.451096537e-05
8.366882797e-05
7.893142137e-05
7.801347479e-05
7.3421956e-05
7.640440005e-05
8.327176708e-05
8.234133916e-05
6.304939468e-05
7.703422444e-05
6.180098129e-05
6.833658712e-05
6.416437518e-05
7.761169087e-05
8.042434734e-05
7.269443266e-05
7.548944093e-05
7.010045169e-05
7.881820305e-05
6.996225936e-05
6.98869117e-05
6.971715739e-05
7.830550151e-05
7.803854007e-05
6.921754037e-05
6.891701968e-05
6.872886606e-05
8.546228918e-05
6.814379524e-05
5.926483515e-05
8.433507602e-05
8.375895801e-05
7.504657615e-05
6.620410671e-05
7.410459548e-05
7.349512371e-05
6.496343456e-05
7.243772158e-05
5.599447287e-05
7.131575686e-05
8.658261271e-05
7.01376275e-05
7.737195211e-05
6.125480728e-05
8.358127058e-05
8.267842829e-05
6.709829106e-05
7.372051885e-05
8.040201793e-05
7.947694062e-05
7.160850654e-05
5.661103117e-05
7.01086878e-05
8.311669233e-05
7.546050071e-05
6.775888152e-05
7.379941294e-05
7.950584649e-05
7.214284243e-05
7.123320656e-05
7.690545319e-05
7.592596717e-05
7.512665276e-05
6.180182906e-05
7.336987699e-05
7.242228029e-05
7.163945922e-05
7.6602384e-05
6.993954616e-05
7.478084546e-05
6.827324128e-05
7.299636078e-05
7.77498046e-05
7.125150862e-05
7.589165735e-05
8.024811708e-05
6.349680562e-05
7.833296112e-05
7.231512051e-05
7.137127197e-05
7.059925252e-05
6.470350009e-05
7.87802155e-05
6.803960542e-05
7.212406284e-05
7.11945954e-05
6.574864506e-05
6.49067582e-05
7.34069568e-05
7.247405801e-05
7.621191059e-05
7.96782992e-05
7.010638671e-05
7.355877772e-05
8.995711517e-05
7.192397929e-05
7.540315763e-05
7.448435447e-05
7.37596863e-05
6.882473575e-05
6.816471788e-05
7.528245419e-05
6.279641176e-05
6.206571151e-05
6.917293804e-05
6.458391978e-05
7.151797698e-05
6.699593527e-05
8.114001136e-05
8.02527697e-05
7.591694266e-05
7.510740537e-05
6.026076771e-05
6.665171401e-05
6.954149491e-05
7.916825104e-05
7.506358639e-05
6.961436672e-05
7.827180439e-05
6.947770647e-05
6.072765792e-05
6.923526731e-05
6.048348533e-05
5.166709395e-05
6.874071052e-05
6.844368883e-05
9.385360238e-05
6.790228318e-05
8.459775612e-05
6.727038142e-05
5.863329546e-05
5.82345931e-05
7.453947081e-05
9.041863593e-05
8.178565695e-05
7.300438533e-05
8.066294777e-05
9.594345694e-05
3.973141985e-05
8.659046134e-05
7.81948028e-05
6.193788655e-05
6.918146074e-05
7.60732878e-05
8.304185648e-05
6.721229213e-05
8.88920924e-05
7.325209466e-05
7.262937199e-05
5.743746173e-05
8.539039719e-05
7.735451282e-05
5.573782571e-05
6.883570952e-05
7.499505447e-05
7.407817034e-05
7.334831891e-05
7.902317176e-05
6.518708674e-05
7.724135614e-05
7.64436136e-05
7.54730469e-05
7.467932484e-05
7.372351117e-05
7.293660012e-05
7.199736421e-05
7.121974761e-05
7.029824092e-05
6.953290872e-05
7.434869713e-05
7.353577279e-05
6.699458132e-05
6.62606723e-05
7.629493813e-05
7.545941704e-05
6.91542862e-05
7.366020534e-05
7.78916003e-05
7.190795788e-05
7.097120155e-05
8.023284365e-05
6.929190617e-05
7.834085144e-05
7.249450085e-05
7.650497883e-05
7.080040514e-05
7.939567209e-05
6.454846908e-05
7.756437702e-05
7.207498483e-05
6.687549645e-05
6.603366144e-05
7.407858993e-05
7.315504754e-05
6.390233e-05
7.152952736e-05
6.665733161e-05
7.407594393e-05
6.927982463e-05
6.442091235e-05
6.380299799e-05
6.304768774e-05
6.635473683e-05
8.101332483e-05
6.49706619e-05
7.556242907e-05
7.112382088e-05
7.032725341e-05
6.602048003e-05
7.980800366e-05
8.268632775e-05
8.180289447e-05
7.050072667e-05
6.279096976e-05
7.261081884e-05
7.187828528e-05
6.446398557e-05
4.320936029e-05
8.636992141e-05
6.037484194e-05
5.169436338e-05
6.016499408e-05
5.148725694e-05
8.552234023e-05
7.680420602e-05
7.647391736e-05
5.93179084e-05
7.587122204e-05
7.562130035e-05
6.681575185e-05
7.487672859e-05
8.26332101e-05
8.226574745e-05
6.531985413e-05
8.936427197e-05
7.252015696e-05
9.615452672e-05
7.148378667e-05
7.104647967e-05
7.038385409e-05
8.545336585e-05
7.692060792e-05
8.400825643e-05
6.046754497e-05
6.000680745e-05
7.420458122e-05
7.360589335e-05
8.006854422e-05
6.495465465e-05
7.848234168e-05
8.485732634e-05
7.687488034e-05
8.308953102e-05
6.841277065e-05
7.453531486e-05
6.693375563e-05
7.290270594e-05
7.854632224e-05
7.775346745e-05
7.677935332e-05
6.332273989e-05
6.877337334e-05
6.805085142e-05
6.718248784e-05
7.250841053e-05
7.157740518e-05
7.080492526e-05
6.98913542e-05
6.913097243e-05
6.823524438e-05
7.311376736e-05
7.216334576e-05
7.137326049e-05
8.128118787e-05
7.50320725e-05
6.876464506e-05
7.847734957e-05
7.229150623e-05
7.150535456e-05
7.057559131e-05
6.482601423e-05
8.367331315e-05
6.816806583e-05
8.651268157e-05
8.55926388e-05
6.102248182e-05
6.96693266e-05
6.419411379e-05
6.806346093e-05
7.616030018e-05
6.207529579e-05
7.880727533e-05
8.234110544e-05
7.703547346e-05
8.47379063e-05
7.113937841e-05
5.386358783e-05
7.776487594e-05
7.295494463e-05
5.606079451e-05
7.138666083e-05
7.054135388e-05
6.599228946e-05
7.289694011e-05
5.701346299e-05
7.890578251e-05
7.073398558e-05
6.625976968e-05
6.930535957e-05
7.576049756e-05
7.15048758e-05
7.781338801e-05
7.361633382e-05
5.203510835e-05
7.908451063e-05
7.147704546e-05
7.085221558e-05
5.149660768e-05
6.00455515e-05
5.139634606e-05
5.989822652e-05
5.975479984e-05
8.522729166e-05
7.644678572e-05
6.780649186e-05
5.907673469e-05
5.049969395e-05
5.861284803e-05
6.67658537e-05
4.977541952e-05
7.437461729e-05
6.566528657e-05
5.720209109e-05
6.488652694e-05
7.263185739e-05
6.403760881e-05
7.960162517e-05
8.679755258e-05
7.058254285e-05
7.769664054e-05
5.402709259e-05
8.406785107e-05
9.105646081e-05
7.510181741e-05
7.453059058e-05
7.373486083e-05
7.314099092e-05
7.233288052e-05
6.454803009e-05
7.79943192e-05
7.730329737e-05
7.640115908e-05
6.881556936e-05
6.119549754e-05
6.734652504e-05
7.318155129e-05
6.587497703e-05
6.506266092e-05
6.440672471e-05
6.996260735e-05
6.924167967e-05
7.458322603e-05
6.765042361e-05
7.28615311e-05
7.208521916e-05
7.116231697e-05
7.039490722e-05
6.94891505e-05
6.873365623e-05
7.349921322e-05
7.828862234e-05
6.623439453e-05
7.09687634e-05
7.004662012e-05
6.928028807e-05
7.363932164e-05
7.803802503e-05
8.215854216e-05
7.618632255e-05
7.018436706e-05
6.942585684e-05
7.342200595e-05
7.263437192e-05
6.691785783e-05
7.566435619e-05
6.535664474e-05
7.852625467e-05
7.296414619e-05
6.317907669e-05
6.683426219e-05
6.173718536e-05
8.708762883e-05
6.896287534e-05
5.533468211e-05
7.584998241e-05
7.491543078e-05
7.829651639e-05
6.10603445e-05
8.465231023e-05
7.168709254e-05
6.705480099e-05
7.01582656e-05
6.949459075e-05
7.631628441e-05
7.560437802e-05
8.221269403e-05
6.664585304e-05
6.955870508e-05
7.618205354e-05
7.175736271e-05
7.466858828e-05
6.683275214e-05
8.018392386e-05
7.934635179e-05
7.18088281e-05
6.769548607e-05
7.716956992e-05
6.819573442e-05
6.815745469e-05
7.657143722e-05
8.498849943e-05
8.478594427e-05
5.925528369e-05
5.905708145e-05
8.418605076e-05
7.544465942e-05
8.360016018e-05
4.990292656e-05
7.460869579e-05
5.768409662e-05
8.208799477e-05
7.338358953e-05
8.92936699e-05
9.668836678e-05
7.215386746e-05
7.157071886e-05
7.908136869e-05
8.62334611e-05
7.791625086e-05
7.71955467e-05
7.668472361e-05
6.834273109e-05
7.539589272e-05
8.208786034e-05
6.665285109e-05
7.327104976e-05
8.721830924e-05
7.907005774e-05
6.414646491e-05
5.637260254e-05
6.285817904e-05
6.212719671e-05
6.155555896e-05
8.109875438e-05
8.03264081e-05
7.274133209e-05
7.857548551e-05
5.820726152e-05
7.682821004e-05
7.587173192e-05
7.509078763e-05
7.414613767e-05
7.336874255e-05
7.243805588e-05
7.166693899e-05
7.075201531e-05
6.998961052e-05
6.909154944e-05
6.834088092e-05
7.308170935e-05
6.672380528e-05
6.586073401e-05
7.056882532e-05
7.501199511e-05
6.889233157e-05
6.276774306e-05
7.243001908e-05
6.638394841e-05
6.061159104e-05
6.979745628e-05
8.877001492e-05
7.301908917e-05
6.742021988e-05
7.130583916e-05
6.114138426e-05
7.892941e-05
6.431653319e-05
7.710343736e-05
7.630088493e-05
6.20407431e-05
6.14027382e-05
7.362425089e-05
7.716369351e-05
7.197001691e-05
7.544032256e-05
7.865073564e-05
6.967668198e-05
8.097461115e-05
7.617688305e-05
6.733911694e-05
7.061592453e-05
6.977931573e-05
6.527914506e-05
7.590346269e-05
6.391598894e-05
7.80503861e-05
6.996699629e-05
7.646287431e-05
6.49439973e-05
7.850280087e-05
6.718901579e-05
6.996534593e-05
7.281091386e-05
7.204860926e-05
7.481512738e-05
6.732176787e-05
7.3407155e-05
6.773561897e-05
9.308434996e-05
8.45060063e-05
6.753273936e-05
6.737253191e-05
5.885689321e-05
5.866093854e-05
7.525949137e-05
7.494035055e-05
4.982503518e-05
7.435612645e-05
6.587777361e-05
6.548800045e-05
8.154481089e-05
8.100020603e-05
8.064197575e-05
8.004611835e-05
7.964680857e-05
7.90058464e-05
8.642465543e-05
8.567665427e-05
6.967261205e-05
6.136069993e-05
8.38136662e-05
8.299899653e-05
7.491754908e-05
5.932387671e-05
7.359279365e-05
7.28130372e-05
5.77828676e-05
7.143645025e-05
7.791650198e-05
7.003296222e-05
8.329731358e-05
7.547101842e-05
7.477763645e-05
7.38920303e-05
5.988215877e-05
7.230637745e-05
5.857999552e-05
6.429140761e-05
7.000930781e-05
6.914042739e-05
7.46504237e-05
7.371414249e-05
7.294204457e-05
7.201947474e-05
7.125348502e-05
7.03464179e-05
7.538803358e-05
6.869847246e-05
6.79525691e-05
6.70790048e-05
7.187632075e-05
7.094887133e-05
7.557132113e-05
6.926574773e-05
7.377859552e-05
6.762162837e-05
6.688410635e-05
7.109647724e-05
7.032414724e-05
6.445658888e-05
8.337895887e-05
7.262057042e-05
6.226295826e-05
6.619035148e-05
7.016438061e-05
6.464859272e-05
7.310651482e-05
7.217601555e-05
8.928096348e-05
7.052169434e-05
6.543417331e-05
6.89207736e-05
7.674866532e-05
7.579428619e-05
7.086644935e-05
6.175946176e-05
7.337927172e-05
7.651313535e-05
5.981685576e-05
7.485740668e-05
6.243267902e-05
8.09718438e-05
7.256694783e-05
7.172032898e-05
7.479058761e-05
7.762960524e-05
8.057755376e-05
7.242818192e-05
6.818142463e-05
5.678339549e-05
7.737600419e-05
7.306384647e-05
6.896645416e-05
6.824276179e-05
6.426013515e-05
7.364736862e-05
6.968602501e-05
5.887146185e-05
7.564963968e-05
8.394031428e-05
7.546591108e-05
5.855710405e-05
5.846382395e-05
6.659437111e-05
5.814534637e-05
6.617132355e-05
9.073977155e-05
9.027877531e-05
8.998348504e-05
6.505706609e-05
7.290789152e-05
8.047012038e-05
5.608040897e-05
7.952546022e-05
5.539062381e-05
7.064581969e-05
9.367319289e-05
5.41717221e-05
8.461003006e-05
6.0970002e-05
6.813899534e-05
5.998159788e-05
7.44452368e-05
7.369025942e-05
7.313268987e-05
8.68328581e-05
7.178086482e-05
7.099651598e-05
8.447751947e-05
6.264490958e-05
8.278997801e-05
7.501438965e-05
4.729850218e-05
6.677174074e-05
6.613761256e-05
7.18765935e-05
7.764339723e-05
7.030385713e-05
6.327059548e-05
7.49853181e-05
7.421519461e-05
7.3287152e-05
7.252028107e-05
7.160570333e-05
7.674850539e-05
7.577423131e-05
6.919285864e-05
7.969481658e-05
7.319936554e-05
7.226077129e-05
7.6971025e-05
7.598023985e-05
7.515019222e-05
7.947900481e-05
6.812930911e-05
6.207601888e-05
6.651586636e-05
9.090882768e-05
6.494339077e-05
6.41051291e-05
6.829082835e-05
8.667165369e-05
7.621554804e-05
6.583249812e-05
6.978515426e-05
8.26717999e-05
7.271270914e-05
7.627506954e-05
7.548117983e-05
7.452776264e-05
6.508349797e-05
5.998310591e-05
7.209707341e-05
7.538939757e-05
7.878047714e-05
6.962043425e-05
6.487774436e-05
8.01103112e-05
7.536351715e-05
6.270127213e-05
6.98616532e-05
8.053916008e-05
6.838014605e-05
7.884562816e-05
7.067071551e-05
7.721333703e-05
6.557349026e-05
7.564075131e-05
7.495324088e-05
8.471577521e-05
7.695874981e-05
6.920800664e-05
6.859326383e-05
7.126546996e-05
7.400225723e-05
6.991590387e-05
6.600550412e-05
6.683376641e-05
0.0001001948655
4.169107275e-05
6.663488877e-05
7.47880337e-05
8.296567143e-05
8.269197878e-05
7.426374473e-05
7.395169224e-05
8.194694196e-05
6.52259895e-05
4.875975663e-05
8.078970756e-05
8.852769997e-05
6.395754213e-05
5.571622708e-05
6.320922522e-05
7.861879407e-05
7.799141869e-05
6.9804556e-05
6.151588166e-05
8.407158686e-05
6.815727892e-05
8.275505038e-05
7.450634546e-05
8.137672678e-05
7.323145805e-05
8.721396421e-05
7.191397801e-05
3.566933073e-05
7.056196713e-05
5.597439879e-05
7.610144918e-05
7.543138628e-05
7.456325322e-05
7.388021652e-05
6.637371109e-05
6.574422914e-05
7.145188856e-05
7.075346368e-05
6.989204748e-05
5.032059271e-05
6.833734701e-05
6.763626015e-05
6.679298974e-05
6.609475304e-05
7.119665921e-05
7.044072539e-05
6.954901585e-05
6.880124678e-05
6.792558535e-05
7.278812125e-05
6.632970454e-05
8.200888557e-05
7.555873206e-05
6.939560723e-05
6.850209357e-05
8.338966296e-05
6.688049631e-05
7.632883726e-05
6.529853721e-05
7.452655728e-05
7.35663246e-05
8.247512124e-05
7.662553821e-05
6.632871911e-05
7.015552861e-05
6.941000518e-05
7.3092249e-05
7.232312338e-05
6.247913799e-05
7.507789659e-05
6.976988771e-05
9.063118578e-05
7.244910325e-05
7.17134232e-05
5.832463136e-05
6.598886237e-05
9.369223095e-05
7.259981502e-05
7.968504347e-05
6.312700046e-05
6.626632139e-05
7.721169766e-05
7.629626284e-05
8.313135751e-05
7.842593513e-05
7.029442312e-05
6.582986508e-05
6.884720078e-05
7.88189641e-05
6.74521703e-05
7.723960244e-05
7.306660909e-05
6.539367965e-05
7.163529509e-05
7.763075012e-05
7.360241027e-05
7.284746434e-05
6.89296608e-05
6.639178624e-05
8.29436847e-05
8.283135089e-05
7.44692142e-05
7.429495093e-05
7.417700775e-05
8.214823966e-05
8.1972986e-05
8.163009024e-05
8.141030424e-05
8.100039664e-05
6.458908464e-05
7.223848938e-05
6.396604102e-05
6.354439542e-05
3.954053187e-05
6.280336213e-05
8.592614204e-05
4.649634684e-05
6.165329241e-05
7.64077794e-05
6.075632977e-05
7.525418058e-05
8.223570774e-05
6.663740898e-05
6.616643015e-05
8.005616784e-05
7.222952865e-05
7.147272318e-05
6.38116858e-05
8.415924649e-05
6.95432836e-05
7.564250093e-05
7.497748846e-05
7.411751061e-05
7.343953595e-05
7.917647841e-05
7.189104747e-05
7.103217314e-05
7.673316318e-05
7.580185543e-05
6.878870372e-05
6.794276238e-05
7.335978585e-05
7.244784116e-05
7.169121905e-05
7.079226184e-05
7.004125925e-05
6.915705575e-05
7.411521303e-05
7.317442903e-05
7.238147201e-05
7.695484654e-05
7.068006443e-05
6.440732158e-05
7.43218599e-05
7.33670499e-05
6.219969537e-05
6.139937463e-05
7.591317493e-05
6.994031507e-05
8.400590169e-05
7.316951983e-05
6.755453854e-05
7.145069382e-05
8.01097036e-05
7.908433451e-05
5.983368557e-05
7.724656739e-05
7.193769008e-05
7.546431181e-05
7.028602335e-05
6.939996358e-05
6.439330375e-05
5.934820682e-05
7.972605022e-05
7.459246049e-05
6.97424983e-05
7.698915031e-05
7.622827822e-05
6.341141358e-05
5.886895019e-05
7.367113505e-05
7.296350951e-05
6.830358733e-05
6.765683033e-05
7.058109728e-05
5.888178249e-05
8.003186324e-05
7.208616698e-05
6.414524491e-05
7.062459155e-05
7.6827522e-05
7.959839729e-05
7.873692052e-05
7.125181334e-05
7.049917242e-05
6.655169179e-05
7.2453993e-05
6.529295483e-05
7.420006507e-05
6.59191199e-05
9.051656377e-05
7.398067371e-05
7.380832743e-05
7.369135493e-05
5.712812316e-05
7.329400316e-05
5.676905128e-05
8.088064924e-05
8.047520634e-05
6.41706531e-05
7.177233674e-05
5.560947538e-05
6.313655207e-05
9.428892206e-05
8.580368201e-05
7.761697893e-05
6.930243995e-05
7.657886626e-05
6.074147071e-05
8.301500142e-05
8.226240093e-05
8.172284289e-05
7.358254837e-05
5.845069488e-05
7.956386209e-05
6.460763578e-05
7.814053532e-05
7.751744097e-05
8.365036189e-05
7.603606313e-05
6.835368646e-05
7.452902051e-05
8.037498073e-05
7.300408135e-05
7.215089212e-05
5.847420259e-05
7.703711981e-05
6.992883581e-05
7.536298234e-05
6.83912393e-05
7.369386361e-05
7.293943373e-05
7.203535376e-05
7.12837561e-05
7.039243247e-05
6.964629828e-05
6.876948886e-05
7.370043708e-05
6.716989538e-05
7.197934122e-05
7.652978589e-05
7.029011222e-05
6.93917646e-05
7.391450384e-05
7.296702468e-05
6.701594845e-05
7.124431325e-05
6.543507984e-05
7.453204157e-05
6.880860155e-05
9.218416541e-05
7.199176666e-05
7.106906625e-05
6.093329968e-05
6.4781784e-05
6.86716786e-05
9.039648198e-05
7.15563432e-05
7.948097172e-05
6.554481308e-05
6.903394148e-05
6.832391167e-05
7.590313397e-05
7.513225718e-05
5.358908895e-05
6.937572896e-05
6.85231222e-05
7.58276737e-05
7.490551542e-05
7.027154725e-05
8.485518378e-05
7.257998108e-05
6.794435689e-05
7.477875625e-05
5.542843712e-05
7.687517888e-05
6.875366588e-05
7.887622188e-05
8.152973022e-05
6.3225806e-05
6.599893132e-05
7.573355763e-05
6.129202351e-05
6.07477847e-05
8.013962336e-05
6.950574312e-05
7.206474933e-05
7.143666018e-05
5.733449241e-05
8.186122478e-05
7.357617648e-05
7.349850139e-05
8.147559678e-05
8.134668899e-05
8.108193503e-05
8.090951999e-05
6.44592594e-05
6.428627325e-05
7.995678262e-05
7.17273092e-05
8.715930871e-05
7.103994041e-05
6.27339106e-05
7.807359821e-05
8.525972652e-05
7.712558511e-05
6.886592867e-05
7.609725204e-05
6.790672256e-05
7.499691421e-05
7.431965989e-05
8.121633537e-05
7.312918745e-05
7.2614076e-05
6.469983344e-05
7.13484027e-05
7.060626147e-05
7.704856316e-05
7.621862823e-05
5.496730939e-05
8.15356509e-05
7.408588555e-05
7.324182452e-05
6.597614574e-05
7.172835341e-05
7.750999746e-05
7.658985079e-05
6.320335305e-05
6.244096826e-05
7.418000905e-05
6.716710722e-05
7.252387139e-05
7.162753682e-05
7.088089868e-05
6.999709416e-05
6.925576668e-05
7.978394869e-05
6.765256409e-05
6.679832095e-05
7.708793506e-05
7.61093951e-05
6.990443924e-05
7.963051028e-05
7.876241663e-05
6.738767099e-05
7.690715864e-05
7.086020959e-05
7.008893296e-05
8.401667951e-05
6.355130516e-05
7.72145227e-05
7.638166431e-05
6.597872741e-05
6.527199703e-05
7.824730831e-05
5.920059117e-05
7.19357854e-05
7.11790181e-05
6.149344232e-05
6.954681891e-05
6.867175999e-05
8.070895316e-05
7.550563796e-05
7.889089006e-05
7.381219591e-05
7.307237335e-05
8.019411537e-05
6.749112539e-05
7.451411083e-05
6.990423475e-05
6.906406419e-05
6.080039036e-05
6.75888853e-05
7.438739634e-05
6.248976802e-05
6.554767372e-05
6.839273415e-05
7.846205568e-05
6.699619428e-05
7.686924677e-05
7.947170428e-05
7.190952057e-05
7.11285463e-05
6.714003487e-05
6.310640017e-05
7.242838115e-05
7.167966558e-05
7.428496944e-05
8.13752973e-05
8.133052115e-05
1.62443558e-05
7.302257353e-05
8.904372537e-05
9.698517433e-05
6.444727716e-05
4.823284071e-05
6.404499708e-05
5.588922449e-05
6.355599645e-05
8.710603895e-05
5.511166105e-05
7.058781314e-05
7.012841864e-05
7.757943059e-05
6.161645413e-05
5.364826193e-05
6.083100606e-05
8.318382361e-05
6.748460454e-05
7.453149457e-05
7.386104963e-05
5.136477037e-05
8.721765464e-05
6.495324781e-05
5.716159601e-05
7.800743772e-05
7.018086123e-05
6.266071917e-05
7.576326494e-05
7.51294748e-05
7.429827956e-05
6.025744558e-05
5.295396034e-05
5.903057665e-05
7.131073492e-05
7.705968537e-05
6.980209994e-05
6.283928043e-05
7.45003074e-05
7.375628995e-05
7.285732722e-05
7.211301745e-05
7.122431148e-05
7.048256913e-05
7.540668595e-05
7.460872289e-05
6.800724255e-05
6.727814626e-05
7.196673781e-05
7.118833707e-05
8.110028317e-05
7.487089664e-05
6.863856327e-05
6.266832233e-05
6.702421108e-05
6.629370614e-05
7.048022541e-05
6.473385886e-05
7.373695065e-05
7.293756809e-05
7.200438013e-05
6.647939921e-05
6.09421902e-05
8.347782748e-05
6.40997449e-05
7.247882038e-05
6.708598791e-05
7.965635792e-05
8.30188068e-05
6.91830169e-05
7.258294393e-05
7.183636752e-05
7.928518818e-05
7.847983725e-05
6.934881133e-05
6.461519309e-05
7.179945651e-05
7.108954592e-05
7.802818463e-05
7.726749134e-05
6.870493401e-05
6.804463674e-05
6.723711387e-05
6.660010036e-05
7.67909118e-05
7.607359412e-05
8.593967009e-05
7.80522162e-05
7.716841943e-05
6.951524336e-05
7.218009936e-05
7.493820769e-05
7.412294924e-05
7.346492814e-05
7.598776672e-05
6.877053002e-05
7.12986754e-05
7.067776862e-05
8.893612262e-05
8.080665427e-05
6.455925321e-05
4.836851307e-05
7.23859678e-05
7.227181755e-05
8.004295748e-05
6.389863525e-05
7.159052864e-05
7.139901942e-05
6.315177481e-05
5.507885895e-05
5.476278121e-05
5.455442573e-05
8.517278035e-05
8.480062723e-05
7.65384064e-05
8.37773532e-05
8.312235242e-05
6.763677431e-05
8.197163577e-05
8.888617913e-05
8.074887109e-05
7.292902302e-05
8.668682549e-05
7.173186656e-05
7.8122616e-05
5.639081226e-05
8.371266758e-05
7.612762069e-05
8.215997499e-05
7.468423962e-05
8.057537459e-05
5.990337706e-05
7.238658898e-05
6.520741819e-05
7.734321951e-05
7.661457544e-05
6.940148846e-05
6.872731596e-05
6.790330619e-05
6.722593529e-05
7.244614078e-05
7.170679234e-05
7.082560062e-05
7.008869155e-05
7.498789064e-05
7.419500494e-05
7.326845615e-05
7.248350415e-05
7.15729843e-05
6.535321737e-05
6.452770166e-05
7.978344497e-05
7.351945045e-05
7.271879474e-05
7.179270089e-05
8.115494338e-05
6.509684515e-05
7.429483176e-05
6.84560173e-05
7.255085185e-05
6.684925585e-05
6.612858418e-05
7.461147481e-05
5.997273741e-05
7.287323732e-05
6.75931776e-05
6.673587005e-05
7.043618138e-05
7.824009938e-05
7.312443878e-05
8.494834949e-05
8.827828695e-05
7.057172818e-05
7.396393806e-05
8.116454007e-05
6.428066552e-05
7.539631821e-05
7.465073173e-05
8.538714799e-05
6.918101033e-05
8.353830153e-05
6.769251676e-05
6.688898512e-05
7.361683846e-05
6.911725263e-05
7.928280159e-05
7.480655494e-05
6.352906581e-05
7.327714061e-05
7.606848134e-05
6.496467156e-05
7.454676454e-05
7.03828319e-05
7.307989658e-05
6.901497522e-05
7.492384215e-05
7.092171387e-05
7.669564072e-05
6.426676488e-05
8.028949287e-05
7.216473505e-05
4.805931478e-05
7.99155028e-05
7.978968243e-05
8.748672919e-05
7.936507114e-05
7.113627431e-05
6.306335988e-05
6.275266244e-05
7.036849416e-05
6.996637376e-05
6.970060673e-05
8.463980386e-05
6.128770222e-05
6.845601995e-05
5.298162802e-05
5.256904805e-05
7.468808351e-05
7.406213206e-05
5.889421821e-05
8.025666221e-05
8.698232332e-05
6.462181408e-05
4.990912637e-05
6.353487344e-05
6.305966781e-05
7.627978133e-05
7.567535625e-05
8.167491147e-05
6.749477317e-05
8.010366894e-05
7.940459359e-05
6.5424016e-05
7.779567982e-05
6.408174439e-05
6.982669653e-05
6.900544916e-05
7.454828995e-05
7.365715892e-05
7.292320953e-05
7.203956955e-05
7.130511826e-05
7.043132884e-05
7.550745769e-05
6.883728136e-05
7.946168457e-05
6.726170858e-05
7.208674155e-05
6.570786098e-05
7.041452914e-05
6.417898695e-05
6.348221793e-05
8.879431809e-05
7.232877577e-05
6.120824106e-05
6.054172182e-05
8.467500029e-05
6.897423884e-05
6.809473475e-05
8.660185768e-05
7.124801878e-05
6.578145225e-05
6.958246966e-05
8.719428085e-05
7.249362004e-05
7.172391049e-05
7.081534688e-05
5.693231954e-05
7.78350408e-05
7.702505216e-05
6.338218511e-05
6.691222222e-05
8.259749247e-05
7.767044959e-05
7.670926281e-05
6.394958396e-05
8.290397173e-05
5.863144334e-05
7.336406079e-05
6.117776094e-05
7.55530701e-05
7.482669151e-05
7.024135625e-05
7.323751516e-05
7.237971582e-05
6.453304565e-05
6.733232355e-05
8.075639669e-05
6.942618316e-05
6.535509674e-05
6.462708432e-05
7.415938958e-05
7.334989377e-05
7.269887991e-05
6.865363928e-05
7.453172768e-05
7.375547731e-05
7.311368737e-05
7.982247583e-05
8.775679992e-05
7.1706212e-05
7.959007419e-05
5.55860648e-05
5.549868903e-05
7.903026981e-05
9.463592981e-05
5.497935978e-05
7.833249529e-05
7.015338348e-05
4.661794984e-05
6.180355108e-05
6.156916859e-05
6.882010051e-05
6.852038612e-05
5.291437925e-05
7.522069345e-05
6.717352072e-05
7.422988728e-05
8.097119727e-05
8.780311445e-05
7.977041754e-05
7.925157177e-05
4.995918587e-05
7.795791986e-05
8.420776053e-05
6.964910777e-05
6.204138362e-05
7.522843377e-05
7.44292467e-05
8.051936208e-05
5.309163605e-05
7.236481745e-05
7.155109587e-05
7.734767775e-05
5.734354597e-05
6.942797178e-05
6.237627655e-05
6.794898135e-05
7.324270108e-05
7.251368694e-05
7.163753624e-05
7.090791916e-05
7.587820762e-05
7.509016347e-05
7.41641022e-05
7.338118287e-05
8.919338388e-05
6.617935286e-05
6.535224323e-05
7.54211225e-05
7.447302446e-05
7.366494282e-05
8.312483474e-05
6.680413826e-05
6.595698092e-05
7.527584689e-05
7.431893299e-05
6.861051173e-05
8.709074431e-05
6.221764687e-05
6.615071475e-05
8.413450165e-05
7.383518665e-05
6.391432119e-05
6.761056624e-05
7.581184225e-05
8.365888041e-05
6.53518962e-05
7.313225721e-05
6.811409477e-05
7.14640221e-05
7.072889099e-05
6.573905112e-05
7.320503771e-05
7.631628073e-05
8.350373775e-05
7.462436474e-05
6.999744623e-05
6.914705611e-05
6.086453113e-05
6.764960879e-05
7.072126991e-05
6.988140009e-05
7.650518493e-05
6.120703853e-05
7.846884315e-05
7.051170848e-05
8.034108101e-05
7.597517469e-05
7.870623779e-05
7.106067035e-05
7.377601972e-05
7.296938153e-05
7.232181565e-05
7.154826094e-05
6.447277923e-05
7.017962384e-05
6.956918927e-05
7.138615941e-05
6.341982243e-05
7.125347893e-05
7.117894184e-05
7.101739226e-05
4.727062431e-05
7.068012733e-05
7.053100562e-05
4.682989525e-05
7.784201103e-05
6.196938289e-05
6.176965562e-05
7.677450061e-05
9.178056772e-05
6.839477544e-05
6.809739495e-05
7.512747578e-05
7.475908284e-05
8.159963379e-05
7.377727865e-05
8.048008001e-05
7.999880158e-05
7.208184485e-05
8.593652185e-05
7.094367667e-05
7.749282897e-05
6.278126345e-05
7.616054229e-05
7.53822458e-05
7.478675915e-05
7.399495261e-05
6.670876712e-05
7.917663467e-05
6.540633868e-05
5.820589663e-05
7.049607213e-05
6.968778359e-05
6.275797708e-05
6.822677753e-05
6.14239889e-05
6.676347455e-05
7.210873827e-05
7.123996531e-05
7.051512067e-05
6.965580926e-05
6.893303656e-05
6.808519226e-05
7.298093024e-05
7.762106719e-05
7.679119121e-05
7.583386304e-05
6.429910403e-05
7.40748675e-05
7.327154519e-05
7.751558233e-05
7.156115556e-05
6.560875035e-05
7.987069354e-05
6.900018579e-05
6.825060065e-05
7.21965968e-05
7.617591724e-05
7.520787463e-05
7.439772355e-05
8.263470243e-05
8.175044776e-05
6.726199531e-05
7.985763468e-05
7.008757907e-05
7.801936834e-05
7.703737692e-05
7.200040815e-05
6.69164002e-05
8.278503719e-05
7.766673662e-05
6.878520893e-05
7.992347856e-05
7.516583831e-05
7.424428561e-05
6.190296137e-05
6.879494082e-05
7.190845979e-05
5.982666799e-05
6.665768854e-05
7.318433089e-05
7.611499993e-05
7.164063821e-05
7.451954935e-05
7.716611673e-05
7.993001528e-05
7.902129323e-05
7.489813355e-05
6.732876541e-05
7.673280195e-05
6.929312425e-05
7.194864261e-05
7.117754355e-05
7.055274122e-05
7.298775271e-05
7.235313931e-05
5.517384011e-05
7.877697835e-05
5.507166532e-05
9.43099848e-05
8.62554348e-05
7.829115986e-05
7.804288664e-05
6.230278446e-05
7.756383678e-05
6.962186786e-05
8.467941669e-05
6.906020522e-05
6.104039098e-05
7.60120446e-05
6.79746753e-05
7.519954909e-05
6.720178927e-05
8.173341357e-05
7.373125756e-05
5.866412483e-05
7.272262219e-05
6.505959449e-05
8.598042809e-05
7.83044122e-05
5.641772565e-05
8.40362777e-05
8.321483075e-05
7.571240269e-05
6.812850205e-05
8.110935328e-05
8.025348798e-05
7.295484833e-05
7.872111763e-05
5.852775709e-05
7.716509387e-05
7.009472876e-05
6.929352312e-05
7.48843951e-05
7.401163065e-05
7.32960857e-05
7.242762224e-05
7.17082873e-05
7.675068143e-05
7.012665008e-05
6.927441884e-05
7.998228096e-05
7.900115649e-05
7.816848331e-05
7.168802381e-05
7.092209446e-05
7.004013457e-05
8.527366545e-05
7.368094527e-05
6.247056601e-05
7.710600653e-05
6.6098893e-05
6.526417755e-05
7.448587053e-05
7.354268317e-05
6.789444583e-05
7.182151164e-05
7.104414279e-05
7.014280874e-05
8.326489378e-05
6.394052506e-05
6.325644529e-05
6.69170001e-05
8.386193601e-05
6.972927593e-05
7.330832563e-05
5.535446558e-05
6.741964352e-05
6.241503958e-05
7.824574519e-05
6.913845916e-05
6.843591064e-05
6.759045529e-05
7.478458303e-05
7.386805853e-05
6.92878321e-05
6.844639349e-05
7.154402071e-05
8.18447511e-05
7.737303127e-05
7.281309809e-05
6.851651045e-05
7.484056729e-05
7.061038901e-05
8.026309232e-05
7.606560698e-05
8.203633103e-05
7.45159796e-05
6.36350506e-05
6.638277217e-05
7.550281004e-05
7.483290545e-05
7.402931383e-05
7.657004788e-05
7.260985284e-05
7.51082798e-05
7.832780725e-05
6.262831315e-05
7.036494949e-05
7.810177889e-05
7.792600099e-05
8.558449108e-05
7.755838969e-05
5.417667452e-05
6.166709028e-05
5.381546926e-05
9.180812414e-05
6.863485285e-05
6.824906469e-05
8.310067354e-05
6.005307058e-05
6.726688884e-05
6.679386356e-05
6.646738705e-05
6.595781579e-05
7.28884203e-05
8.674418619e-05
7.185593151e-05
6.410160337e-05
7.783927183e-05
6.309505518e-05
6.961736279e-05
6.204532157e-05
7.526950606e-05
6.095911589e-05
6.047900843e-05
7.314139364e-05
7.912902851e-05
5.870310896e-05
7.112559365e-05
7.033340331e-05
7.603410471e-05
6.890369863e-05
7.446399163e-05
7.359870893e-05
7.288798048e-05
7.202684811e-05
7.131225953e-05
7.045791664e-05
6.974243623e-05
7.463861403e-05
6.81835419e-05
6.73493596e-05
6.664004541e-05
7.678839743e-05
7.596851957e-05
6.966712639e-05
7.421756099e-05
6.80561055e-05
7.767559504e-05
6.647397138e-05
6.575182496e-05
7.990548331e-05
8.397667666e-05
7.316060752e-05
7.236641657e-05
7.145030373e-05
7.067719339e-05
5.582558866e-05
7.823475209e-05
7.270057703e-05
7.192292574e-05
5.76987891e-05
6.586903594e-05
7.804644481e-05
6.006454831e-05
7.201945763e-05
8.38471264e-05
6.623912905e-05
6.965504319e-05
6.069634629e-05
8.010604937e-05
7.120527898e-05
7.049100867e-05
7.349562522e-05
6.893839322e-05
7.188476905e-05
7.118325704e-05
7.032766955e-05
7.33168923e-05
6.520105124e-05
7.175852314e-05
7.800815181e-05
6.674075348e-05
7.985667508e-05
6.536031003e-05
6.461577863e-05
7.413770559e-05
7.663976011e-05
7.595157132e-05
7.511713154e-05
5.82657805e-05
7.04475155e-05
7.300347091e-05
7.223584603e-05
7.472165342e-05
4.670516768e-05
7.001991155e-05
6.992894324e-05
5.433258103e-05
8.51884083e-05
5.412612017e-05
6.937188411e-05
6.922618014e-05
3.830489632e-05
6.876605981e-05
7.603806641e-05
7.579412002e-05
6.783282927e-05
6.757719074e-05
5.222759841e-05
5.943038782e-05
7.376762257e-05
5.872610397e-05
8.013170092e-05
6.520677719e-05
7.185621354e-05
7.857142629e-05
6.372242526e-05
8.441413619e-05
7.666336523e-05
7.61302672e-05
6.168378314e-05
6.122598623e-05
6.734078035e-05
8.017343364e-05
7.933304334e-05
7.211984331e-05
7.134015963e-05
7.072189721e-05
6.993666419e-05
6.930559707e-05
7.474716618e-05
6.787759194e-05
7.319036916e-05
7.248439467e-05
7.16304849e-05
7.092058207e-05
8.175217863e-05
6.936240954e-05
6.852403178e-05
6.781487335e-05
6.698737562e-05
7.180594837e-05
6.546747949e-05
7.016634723e-05
7.462869095e-05
6.327845553e-05
7.290553753e-05
6.696501073e-05
9.155964458e-05
6.54083826e-05
6.955391383e-05
6.879814914e-05
8.248681219e-05
5.759414764e-05
6.160519148e-05
7.968921718e-05
8.793815113e-05
6.409906098e-05
6.780945315e-05
6.708425847e-05
7.948502283e-05
7.427267013e-05
6.902354877e-05
6.402925834e-05
8.008613115e-05
7.09104104e-05
7.414380975e-05
6.522757982e-05
6.84434368e-05
7.173301732e-05
7.084781893e-05
6.624055255e-05
6.542935716e-05
8.764592278e-05
7.528865329e-05
7.82814938e-05
6.260904282e-05
8.024380607e-05
7.92899994e-05
7.139806182e-05
6.703190061e-05
7.339505403e-05
6.90907417e-05
7.529899364e-05
6.767311379e-05
7.041037761e-05
7.293630268e-05
6.899585717e-05
7.798473726e-05
7.407241756e-05
7.008808844e-05
6.947327338e-05
7.186567243e-05
7.124152924e-05
7.736207537e-05
9.278447574e-05
6.17762729e-05
6.942611154e-05
7.696793997e-05
5.379352082e-05
9.192866552e-05
5.351258977e-05
7.614151793e-05
6.075199772e-05
7.557507058e-05
6.779967568e-05
7.491293347e-05
7.463104333e-05
6.674477912e-05
6.645639612e-05
7.332521219e-05
7.296793877e-05
7.965405659e-05
6.48186522e-05
7.85737756e-05
6.390563454e-05
8.446360887e-05
6.993215862e-05
4.850098816e-05
7.568666591e-05
6.814048186e-05
6.08719729e-05
7.364908225e-05
5.978514527e-05
7.888069346e-05
7.822851034e-05
7.093669088e-05
5.753680161e-05
7.586659183e-05
6.891765701e-05
6.813706145e-05
6.136432367e-05
7.278653548e-05
7.208525362e-05
7.123846017e-05
7.053318362e-05
6.969285168e-05
7.47353771e-05
7.951405187e-05
8.993356018e-05
7.218170045e-05
7.142265044e-05
7.054673114e-05
7.516328782e-05
7.423543447e-05
6.2945402e-05
7.252392184e-05
7.686331459e-05
9.614360144e-05
6.506850942e-05
6.91942875e-05
7.822028049e-05
5.792659497e-05
7.63976458e-05
7.543390037e-05
6.06272769e-05
6.446660575e-05
6.832806094e-05
8.995418342e-05
7.119387286e-05
6.150939852e-05
6.520375864e-05
9.013726993e-05
6.370692191e-05
7.129621637e-05
6.225386018e-05
6.557543007e-05
7.301337718e-05
6.810113951e-05
6.344374742e-05
5.874494163e-05
6.978663942e-05
7.276191269e-05
6.445831805e-05
7.865856258e-05
7.789069735e-05
8.061897533e-05
6.16969204e-05
6.454949239e-05
6.748914359e-05
7.371720047e-05
6.955021533e-05
7.561884415e-05
6.81104114e-05
6.733307049e-05
6.672051221e-05
6.927017131e-05
6.537920702e-05
7.112454185e-05
7.049368235e-05
6.973231039e-05
6.912075398e-05
7.14992734e-05
7.396022013e-05
6.151046789e-05
6.147741252e-05
7.674771357e-05
6.900131038e-05
6.884792068e-05
7.637854868e-05
6.852629926e-05
7.598087907e-05
6.811103975e-05
6.038314299e-05
7.511767899e-05
7.487740343e-05
5.95692498e-05
6.676361431e-05
6.634464468e-05
7.339825563e-05
8.017688443e-05
5.802678678e-05
7.918207274e-05
6.443512027e-05
5.680816513e-05
7.764780777e-05
7.69723403e-05
7.647642628e-05
6.199650529e-05
7.524820428e-05
8.129760104e-05
6.724669989e-05
7.988527941e-05
7.925886673e-05
7.843347285e-05
7.130373611e-05
7.695028379e-05
7.628519768e-05
6.91564638e-05
7.476440267e-05
7.392011433e-05
7.323063402e-05
7.238713371e-05
7.16904843e-05
7.08507031e-05
7.014999445e-05
6.931651613e-05
7.433253406e-05
9.038630271e-05
7.268014936e-05
7.732078302e-05
6.557854416e-05
8.63684099e-05
8.010754234e-05
7.912103657e-05
7.826979505e-05
6.699297465e-05
6.626837702e-05
8.557810168e-05
7.967033854e-05
6.392133513e-05
6.322735232e-05
7.203783496e-05
6.65062373e-05
6.566872798e-05
6.495882592e-05
7.788431226e-05
6.798209583e-05
7.160031029e-05
7.968921868e-05
8.305748446e-05
7.785136098e-05
7.687345921e-05
7.183952326e-05
6.676707367e-05
7.020189673e-05
6.117050933e-05
6.86133153e-05
6.776224895e-05
7.49644851e-05
7.404042317e-05
6.943970727e-05
7.240052267e-05
7.545656585e-05
6.70868207e-05
7.381312703e-05
6.927961545e-05
6.500153735e-05
7.136507999e-05
7.422229003e-05
8.382880198e-05
6.228347714e-05
6.498144474e-05
7.79362093e-05
8.039571288e-05
7.302558121e-05
7.220488499e-05
6.830396422e-05
7.398338038e-05
7.332723105e-05
6.307284188e-05
7.502377528e-05
7.422948679e-05
7.05192395e-05
8.40618539e-05
6.874101184e-05
6.865275263e-05
5.334130365e-05
4.561989036e-05
6.832341767e-05
8.324701029e-05
6.796875634e-05
9.026632194e-05
7.502342527e-05
7.46657905e-05
7.44273108e-05
8.141715751e-05
6.636412826e-05
6.594927926e-05
8.025746909e-05
5.796489799e-05
8.652500531e-05
6.440371311e-05
8.540813381e-05
7.765409249e-05
7.719409388e-05
7.652496733e-05
6.912062538e-05
8.21850317e-05
8.161613838e-05
6.736001528e-05
5.348985549e-05
7.943132405e-05
7.224191653e-05
7.799129476e-05
7.7348258e-05
7.651995414e-05
7.585946537e-05
7.502493297e-05
7.435054001e-05
7.351341393e-05
7.28285442e-05
7.19920913e-05
7.130001527e-05
7.046714437e-05
6.977094633e-05
7.468957503e-05
7.962124217e-05
7.30474819e-05
7.229344045e-05
7.141809994e-05
7.066820109e-05
8.591488724e-05
7.968744345e-05
6.296676466e-05
6.748051174e-05
7.689916225e-05
7.606784691e-05
7.011328783e-05
7.430682728e-05
6.359421459e-05
7.25816156e-05
9.07835157e-05
6.616801009e-05
7.466993754e-05
8.3095842e-05
6.837506807e-05
7.214892429e-05
5.788324613e-05
7.488441762e-05
7.39429534e-05
6.885523794e-05
7.224080125e-05
7.148147335e-05
7.473955415e-05
7.807091387e-05
6.898270553e-05
7.630507583e-05
7.93255465e-05
6.281535501e-05
6.979665325e-05
7.293488567e-05
6.825098348e-05
7.508354133e-05
7.41725834e-05
6.243103826e-05
7.256544354e-05
7.186681536e-05
7.811323281e-05
7.385498774e-05
6.603571153e-05
8.263313296e-05
7.827134745e-05
7.754932508e-05
6.666313376e-05
6.275376201e-05
7.184464978e-05
7.443588082e-05
6.721189742e-05
6.978804822e-05
6.90314813e-05
7.1536628e-05
7.077757047e-05
7.016355918e-05
8.355304925e-05
8.350837101e-05
7.581960488e-05
9.088948672e-05
8.313164134e-05
6.791117694e-05
7.522342235e-05
7.506633891e-05
5.233929611e-05
7.457338661e-05
6.679737575e-05
7.39825969e-05
6.621744901e-05
7.329932722e-05
8.012717546e-05
7.25295864e-05
5.762340625e-05
8.601589303e-05
7.114062613e-05
7.783296072e-05
7.018388858e-05
8.37225289e-05
6.916614972e-05
6.184969303e-05
6.809460771e-05
6.762395166e-05
8.037173794e-05
7.97787697e-05
7.898249883e-05
6.530410839e-05
7.755407438e-05
7.050589235e-05
6.97532099e-05
7.543845854e-05
6.83934789e-05
6.777946453e-05
6.701856726e-05
7.24308458e-05
7.160133727e-05
7.091377666e-05
7.008771615e-05
6.939597248e-05
6.857590783e-05
6.788283469e-05
6.707099308e-05
7.191082488e-05
7.650712066e-05
7.570437758e-05
6.944120838e-05
7.398694587e-05
6.26401245e-05
7.229477495e-05
7.650286549e-05
7.063117188e-05
7.473665141e-05
6.406975707e-05
6.327042513e-05
6.73982298e-05
6.180050187e-05
7.994032119e-05
6.500701349e-05
5.971149142e-05
7.25676357e-05
7.178727529e-05
7.531543595e-05
5.6978668e-05
7.790295596e-05
7.707679684e-05
7.611086248e-05
7.531091449e-05
6.610652854e-05
6.950740147e-05
7.268000646e-05
7.592843685e-05
7.498795564e-05
6.641241658e-05
6.173614416e-05
7.257587211e-05
6.791533229e-05
6.350705879e-05
7.749827091e-05
7.30870226e-05
7.220852207e-05
5.363491087e-05
6.006308728e-05
7.349130288e-05
6.571019598e-05
7.537354715e-05
7.449850629e-05
7.381120805e-05
7.959976782e-05
6.901603972e-05
7.148799121e-05
7.40663635e-05
6.369249566e-05
6.944050226e-05
7.493053417e-05
7.427382421e-05
7.348398798e-05
7.284672915e-05
7.550033352e-05
6.791405408e-05
6.029113412e-05
6.022892064e-05
6.760871561e-05
4.500258735e-05
6.729587912e-05
8.207900283e-05
7.432429904e-05
8.15415865e-05
5.902250422e-05
8.089748248e-05
7.313950481e-05
7.28659208e-05
7.241390939e-05
7.931320865e-05
6.444665397e-05
8.551273692e-05
7.779909549e-05
7.034586868e-05
8.373347952e-05
7.630238927e-05
7.564564326e-05
7.516048219e-05
7.447678886e-05
6.723889039e-05
6.659722483e-05
7.271725117e-05
5.890403795e-05
6.493790096e-05
7.712172881e-05
7.011362875e-05
6.936744315e-05
7.502209895e-05
7.420174382e-05
6.12803416e-05
6.665385166e-05
7.203746727e-05
7.121480215e-05
8.228698342e-05
6.971235209e-05
6.902500758e-05
7.389579912e-05
7.877654336e-05
7.227708713e-05
8.253719769e-05
6.52342951e-05
6.992952389e-05
6.908036052e-05
6.308826153e-05
6.231685573e-05
6.67848179e-05
6.596254808e-05
6.525018532e-05
6.93987874e-05
6.864697356e-05
6.29499161e-05
6.22673134e-05
7.094900318e-05
7.018047041e-05
8.316145547e-05
7.312288841e-05
8.574405016e-05
6.250057955e-05
7.053285041e-05
7.414042835e-05
6.890420529e-05
8.095611402e-05
6.732018659e-05
7.493926768e-05
6.989245388e-05
7.323382734e-05
5.625125518e-05
6.362568232e-05
7.069289993e-05
5.831183307e-05
7.295264848e-05
7.602144804e-05
7.509218483e-05
7.063102597e-05
6.242972873e-05
7.636576629e-05
6.826233981e-05
7.827938382e-05
5.976886034e-05
7.661361951e-05
7.5712275e-05
7.500372088e-05
6.065378279e-05
7.678696659e-05
7.920767628e-05
7.52166169e-05
7.436825883e-05
7.37004968e-05
6.971450297e-05
7.223714621e-05
6.83445991e-05
6.466638779e-05
6.702375706e-05
6.946285479e-05
8.255369692e-05
8.250976781e-05
8.240504271e-05
6.735284887e-05
8.960733509e-05
7.455715719e-05
7.432833295e-05
6.675619729e-05
7.388346717e-05
8.842717799e-05
6.600795127e-05
8.041981662e-05
7.998010907e-05
6.519384861e-05
7.918895047e-05
8.60174857e-05
7.11904416e-05
7.084619423e-05
7.734877639e-05
7.693318152e-05
7.631423867e-05
8.276096506e-05
7.521351596e-05
8.152564433e-05
7.405435631e-05
8.022982738e-05
7.284449872e-05
7.230860849e-05
7.159157025e-05
7.10333556e-05
6.391181413e-05
6.338700524e-05
6.271447261e-05
7.461031008e-05
7.379688643e-05
6.704132824e-05
7.231972817e-05
7.164833862e-05
7.083241799e-05
7.015371862e-05
7.511940284e-05
6.865798766e-05
6.78509582e-05
6.716646816e-05
7.18979515e-05
7.663127932e-05
7.030251859e-05
7.49171727e-05
7.400964688e-05
7.322296259e-05
7.232972418e-05
6.644232261e-05
6.562608067e-05
7.989871461e-05
7.891082334e-05
6.829930484e-05
7.226842836e-05
7.148509215e-05
7.059333698e-05
6.517365952e-05
8.73436807e-05
6.821098227e-05
7.633742924e-05
6.219040276e-05
6.141105994e-05
7.811359417e-05
7.285001203e-05
8.479721506e-05
8.79237885e-05
6.628557412e-05
6.95501081e-05
6.477789426e-05
6.797125827e-05
5.93575297e-05
7.034797777e-05
7.736970611e-05
7.259712505e-05
7.186834483e-05
7.099016196e-05
8.138490055e-05
7.67435751e-05
7.237506449e-05
6.077934341e-05
7.081634984e-05
6.997353173e-05
7.277457374e-05
7.876737178e-05
7.803011996e-05
6.706352432e-05
7.308914675e-05
7.225114281e-05
7.484788888e-05
6.435017545e-05
7.333822689e-05
7.252389876e-05
7.188095141e-05
6.491506505e-05
7.047460478e-05
6.972192649e-05
7.21228433e-05
6.714239905e-05
8.201936904e-05
5.95750244e-05
7.439218597e-05
7.423007555e-05
6.670377196e-05
6.649985616e-05
6.636156832e-05
8.079261716e-05
5.127856538e-05
7.291132789e-05
8.721573653e-05
6.505551827e-05
6.481287378e-05
7.157093583e-05
7.839090902e-05
7.077831741e-05
7.748022332e-05
7.690364039e-05
6.258358508e-05
7.587783665e-05
6.857368218e-05
6.118878902e-05
8.106333868e-05
6.694244437e-05
5.983359777e-05
6.585151675e-05
6.536775724e-05
7.766594882e-05
7.70612052e-05
5.720350465e-05
7.564587462e-05
7.484571317e-05
6.801943231e-05
7.339642301e-05
7.273991599e-05
7.193040106e-05
7.126339133e-05
7.045411829e-05
7.559474735e-05
6.897355802e-05
7.398608766e-05
7.874323451e-05
6.681392499e-05
6.602102095e-05
6.534175241e-05
6.993836285e-05
6.920612936e-05
7.362901522e-05
6.764351024e-05
7.196026338e-05
7.627306415e-05
6.027048776e-05
6.458859702e-05
8.341985306e-05
7.280907853e-05
7.190600995e-05
6.164332197e-05
6.087572304e-05
6.021675907e-05
7.318751281e-05
6.787264667e-05
7.149201131e-05
7.072375938e-05
6.110887917e-05
7.341107696e-05
7.675712775e-05
7.172434535e-05
6.666215153e-05
5.771645491e-05
8.549606437e-05
6.849104631e-05
7.957725684e-05
6.694466082e-05
7.389564985e-05
8.084368567e-05
7.224504999e-05
6.39913367e-05
7.064611573e-05
7.730898998e-05
7.637171253e-05
6.482183557e-05
5.692681444e-05
7.752028437e-05
6.963408284e-05
7.242142619e-05
6.816065664e-05
6.752259093e-05
7.341088072e-05
7.273338801e-05
7.189872094e-05
7.772113919e-05
7.364072092e-05
6.980647921e-05
7.530571985e-05
7.15282521e-05
6.767125155e-05
6.707854516e-05
7.239339994e-05
7.17662687e-05
8.157796793e-05
6.671026246e-05
6.662622497e-05
8.134842972e-05
7.379259014e-05
6.631078816e-05
8.0799724e-05
6.597157763e-05
5.841384597e-05
7.282595922e-05
7.248551998e-05
7.94812099e-05
6.467721694e-05
6.44363257e-05
7.115676628e-05
7.793775648e-05
5.629674988e-05
7.703481359e-05
6.256112606e-05
6.913997106e-05
8.230516076e-05
7.500280132e-05
6.084319522e-05
7.388905941e-05
7.988040674e-05
7.933149101e-05
6.548489028e-05
7.800539831e-05
7.723679844e-05
5.747716265e-05
6.953204409e-05
6.896259659e-05
7.443853816e-05
6.765013445e-05
7.300028242e-05
7.234810446e-05
7.154524332e-05
7.088255837e-05
7.591982444e-05
6.940978049e-05
7.432750238e-05
7.359682822e-05
6.714117583e-05
7.200381863e-05
6.567829762e-05
7.042002311e-05
6.95779602e-05
6.885001564e-05
7.32522787e-05
7.247459571e-05
7.159455782e-05
6.576776363e-05
6.496333955e-05
6.426280851e-05
5.858908308e-05
6.761442625e-05
5.723776671e-05
8.020860587e-05
7.92116089e-05
7.37453686e-05
7.282605828e-05
6.753765088e-05
7.114052092e-05
7.477473613e-05
7.38402986e-05
6.016026976e-05
7.213915889e-05
7.137450427e-05
6.21918137e-05
7.384601435e-05
7.697836608e-05
6.41494911e-05
6.731327855e-05
6.270176213e-05
7.353858529e-05
6.512861337e-05
6.054431443e-05
6.74284542e-05
7.030538819e-05
7.693602672e-05
7.600343633e-05
7.167684328e-05
7.081526994e-05
7.013293538e-05
7.622770261e-05
6.177573384e-05
6.783116321e-05
7.391570117e-05
7.637606008e-05
7.238107578e-05
6.829746041e-05
7.412117304e-05
7.009607867e-05
6.94666905e-05
7.493795542e-05
7.117899708e-05
7.346130423e-05
6.978393612e-05
7.203702878e-05
7.141320255e-05
7.372609269e-05
5.894971218e-05
5.151626045e-05
6.616728207e-05
6.602420814e-05
6.592240775e-05
7.302493875e-05
6.558614392e-05
7.985097883e-05
7.240182356e-05
5.765172537e-05
8.620371814e-05
6.430328986e-05
6.406412767e-05
7.074736262e-05
7.044528444e-05
8.396186399e-05
7.659449563e-05
6.911687621e-05
6.874714054e-05
8.18398218e-05
7.457938743e-05
7.394625739e-05
7.347475712e-05
5.957617913e-05
7.231567278e-05
6.512232356e-05
7.757430601e-05
7.681236462e-05
7.621589041e-05
7.543949951e-05
7.482247829e-05
7.403576941e-05
7.340162727e-05
6.655769544e-05
7.196049128e-05
7.116418834e-05
7.050577413e-05
6.970951323e-05
7.47973384e-05
7.962530198e-05
7.88433082e-05
7.235780976e-05
7.162981137e-05
7.622896651e-05
7.005693105e-05
7.987067646e-05
6.849754808e-05
6.7673708e-05
6.695568245e-05
8.140862918e-05
7.046910185e-05
6.960903752e-05
6.394029009e-05
8.258673013e-05
6.247160402e-05
7.59381011e-05
7.042120698e-05
6.954741678e-05
7.796777031e-05
8.152667602e-05
7.616673845e-05
6.636794046e-05
7.0032084e-05
6.915811679e-05
5.559100963e-05
7.601178633e-05
7.938430166e-05
7.426896316e-05
6.532324507e-05
7.257483723e-05
6.383983949e-05
7.48701066e-05
8.579961893e-05
6.548127537e-05
7.625338888e-05
7.155104624e-05
6.71045181e-05
7.365045425e-05
8.385870617e-05
7.563869485e-05
7.489939838e-05
7.399908325e-05
7.328595843e-05
6.896497035e-05
7.514080558e-05
7.088008204e-05
7.690364564e-05
6.939857571e-05
6.875797111e-05
6.796754206e-05
7.376308145e-05
7.292727998e-05
6.913019367e-05
7.457376557e-05
7.083313614e-05
7.005699901e-05
7.246294287e-05
7.168414905e-05
7.402457639e-05
7.329548584e-05
8.058253639e-05
8.779829632e-05
7.309034891e-05
5.105303656e-05
7.282061147e-05
7.986063045e-05
7.245020864e-05
7.938834307e-05
6.478433964e-05
7.164865243e-05
8.570646545e-05
6.39336616e-05
8.492827298e-05
7.034264305e-05
7.704698893e-05
6.957008573e-05
6.923562058e-05
6.872586485e-05
7.519462353e-05
6.781642928e-05
6.741884301e-05
6.684843142e-05
7.970735453e-05
7.241148376e-05
7.191529518e-05
7.771649946e-05
7.07189563e-05
7.639257003e-05
7.580014953e-05
6.877781793e-05
7.441746567e-05
6.750089112e-05
7.300738875e-05
7.22206927e-05
7.157700933e-05
7.668610181e-05
7.013297439e-05
6.934308178e-05
6.868145485e-05
7.920997969e-05
6.722812555e-05
6.644608965e-05
6.577815638e-05
9.208817265e-05
7.505891514e-05
7.416573713e-05
7.33908764e-05
6.733095049e-05
6.661698761e-05
6.581174386e-05
7.011497659e-05
7.420828883e-05
7.830276035e-05
8.217637803e-05
7.172480001e-05
6.611755858e-05
7.474515298e-05
8.304675623e-05
6.389343417e-05
7.662086494e-05
7.133598172e-05
6.164183181e-05
8.275841286e-05
6.02199203e-05
7.234356467e-05
7.144204436e-05
6.652702255e-05
7.801740904e-05
7.719776968e-05
7.222618374e-05
7.147480829e-05
6.274627345e-05
7.37444382e-05
7.666811488e-05
6.07107259e-05
7.495686373e-05
6.307347517e-05
7.329863044e-05
6.894357443e-05
6.452351781e-05
6.389276866e-05
8.065940512e-05
6.598945619e-05
6.177169184e-05
7.818056256e-05
6.382255952e-05
6.988009965e-05
6.248802504e-05
7.820355538e-05
7.086178608e-05
7.660010423e-05
6.626478641e-05
7.192407479e-05
7.421309845e-05
7.049062004e-05
6.971691562e-05
7.211131151e-05
7.133470969e-05
7.071739053e-05
7.286987981e-05
8.011471421e-05
8.001489989e-05
6.539982273e-05
7.251053692e-05
8.687884975e-05
6.496300009e-05
7.203181293e-05
5.74043907e-05
7.872502275e-05
5.698993878e-05
7.101243043e-05
7.063139827e-05
7.036942629e-05
8.393103318e-05
6.268025238e-05
6.917645677e-05
6.884435431e-05
8.200710325e-05
7.477219269e-05
7.418102361e-05
6.704249213e-05
6.647716277e-05
7.265993614e-05
7.201209237e-05
7.802108353e-05
7.729092318e-05
7.672625957e-05
6.96458941e-05
6.910650962e-05
6.840680767e-05
6.784874625e-05
7.324316762e-05
7.26173625e-05
7.183710877e-05
7.119759292e-05
7.628197111e-05
6.976409628e-05
8.047722961e-05
7.401657674e-05
7.317046984e-05
6.687991748e-05
6.610391574e-05
6.543999984e-05
6.467114968e-05
8.000984435e-05
6.851869947e-05
7.301897039e-05
6.699164751e-05
7.647888704e-05
7.555650923e-05
7.474756359e-05
6.399395156e-05
7.791368439e-05
7.215007379e-05
7.13705149e-05
7.519143603e-05
7.902661936e-05
7.345833233e-05
7.720574059e-05
7.624797873e-05
7.098902942e-05
8.325145159e-05
7.802303254e-05
6.84906519e-05
6.352464106e-05
6.691624961e-05
7.448311297e-05
8.172991752e-05
8.087133364e-05
7.188086412e-05
7.508493474e-05
8.196158242e-05
8.111813154e-05
8.393324196e-05
7.930324829e-05
7.460026228e-05
6.646589446e-05
8.024516711e-05
6.139300701e-05
6.421681237e-05
7.065441084e-05
6.980511092e-05
7.60454125e-05
7.172402416e-05
7.442543139e-05
7.689075171e-05
7.28587962e-05
6.546288183e-05
7.134432448e-05
6.411159629e-05
7.305717893e-05
6.908720282e-05
7.15790173e-05
7.077857388e-05
7.015140051e-05
7.239664495e-05
7.176307631e-05
7.098866064e-05
7.037454458e-05
8.693902559e-05
7.965229258e-05
5.785702801e-05
8.669697435e-05
7.930233127e-05
5.03876271e-05
6.458982161e-05
8.594186627e-05
6.421006611e-05
7.827440432e-05
7.791397691e-05
5.64859825e-05
7.725301022e-05
8.396385717e-05
8.345632594e-05
6.232610688e-05
8.254470848e-05
8.214898256e-05
6.795696594e-05
8.111397996e-05
6.035613725e-05
7.333735169e-05
6.610999532e-05
7.882828956e-05
7.161708256e-05
7.112769452e-05
7.046415056e-05
7.630915171e-05
7.556659756e-05
6.873361693e-05
7.422521306e-05
7.36204535e-05
6.678209709e-05
7.223148136e-05
7.145757794e-05
7.082217773e-05
7.004499467e-05
6.939907824e-05
6.862165564e-05
6.79682553e-05
7.839219873e-05
7.207990607e-05
8.220655989e-05
7.053074421e-05
7.506597335e-05
7.429668432e-05
7.34168008e-05
6.227212683e-05
8.203784259e-05
7.102283428e-05
7.016816568e-05
6.941729726e-05
6.367721943e-05
7.752845584e-05
7.658144663e-05
6.155041757e-05
6.0794161e-05
6.476262261e-05
6.39632346e-05
7.683028442e-05
6.248834475e-05
7.064543569e-05
8.285004009e-05
6.470584806e-05
5.964151172e-05
8.007826318e-05
8.740727962e-05
7.824492197e-05
7.320600252e-05
7.243701547e-05
7.948758978e-05
7.866070629e-05
6.603480979e-05
6.919966766e-05
7.214417957e-05
7.892726805e-05
8.167174155e-05
6.615111931e-05
8.34957169e-05
7.547947826e-05
6.036228621e-05
6.328804621e-05
6.947476521e-05
5.504394319e-05
7.138432308e-05
7.407282811e-05
6.654444108e-05
6.262501851e-05
7.166706646e-05
7.423282337e-05
6.699663831e-05
7.270927008e-05
6.875733361e-05
7.433452679e-05
7.350212988e-05
6.981543016e-05
7.204858327e-05
7.141818828e-05
7.064595278e-05
7.003500691e-05
8.643999092e-05
7.919517849e-05
7.909721987e-05
8.619994992e-05
6.451227032e-05
8.588445246e-05
7.849221855e-05
7.120935324e-05
6.384440535e-05
4.952749147e-05
5.634317312e-05
7.722782996e-05
6.983315662e-05
7.653233186e-05
6.224021874e-05
7.574837204e-05
6.840241229e-05
6.807494032e-05
7.433682562e-05
6.049751865e-05
7.336076106e-05
7.956270789e-05
7.232154762e-05
7.186298935e-05
7.122638263e-05
7.717126711e-05
7.645360189e-05
7.58965544e-05
6.889691715e-05
7.457970201e-05
7.382909137e-05
6.712595571e-05
6.642841032e-05
7.184967961e-05
7.108203633e-05
7.632159252e-05
6.96797122e-05
6.903785999e-05
7.395542112e-05
7.325194644e-05
7.798960794e-05
7.722658027e-05
7.088253529e-05
7.556967962e-05
6.935142962e-05
6.336115284e-05
6.783026369e-05
6.195973086e-05
7.142498283e-05
8.076449869e-05
6.982040435e-05
7.894130116e-05
5.84894835e-05
8.196870654e-05
7.620652194e-05
7.53838314e-05
6.515189733e-05
7.365439403e-05
7.274680945e-05
6.74633491e-05
7.107104899e-05
5.712293599e-05
6.943366817e-05
6.868854193e-05
6.359620092e-05
7.130665399e-05
7.87061294e-05
6.967527145e-05
7.690610126e-05
7.209312713e-05
8.702226755e-05
6.263056079e-05
6.958878858e-05
7.269888612e-05
7.558294915e-05
7.855483606e-05
5.911771397e-05
6.218157206e-05
7.587619383e-05
7.870124726e-05
6.714607016e-05
6.998884153e-05
5.877540172e-05
7.190478609e-05
7.104782464e-05
7.037247965e-05
6.95418698e-05
7.217082595e-05
7.132819808e-05
7.388175082e-05
7.302953275e-05
7.236465912e-05
7.465156306e-05
7.089874045e-05
7.31517296e-05
7.250364788e-05
7.170385234e-05
7.107659942e-05
7.030653798e-05
6.969872985e-05
8.594665252e-05
7.874328111e-05
7.864622841e-05
7.856620914e-05
7.839949818e-05
6.404680612e-05
6.385618086e-05
8.496615186e-05
8.464384762e-05
7.738846822e-05
7.703473831e-05
8.37735274e-05
7.638484016e-05
6.918424881e-05
7.564593733e-05
7.53251734e-05
7.482403471e-05
6.769664679e-05
7.392558957e-05
8.021771557e-05
7.958988542e-05
7.912588201e-05
7.846523416e-05
6.497366908e-05
7.727991537e-05
7.035715824e-05
7.604170785e-05
6.919769528e-05
7.475829522e-05
7.4181573e-05
7.343717524e-05
7.284033245e-05
7.208558199e-05
7.14718929e-05
7.071042136e-05
7.008310047e-05
6.931821983e-05
6.868038252e-05
7.357467646e-05
8.408714437e-05
7.204890746e-05
7.683270543e-05
7.052306863e-05
7.518708676e-05
6.369442358e-05
7.880333458e-05
8.825773305e-05
7.706306699e-05
7.107040911e-05
7.03185478e-05
6.451349645e-05
8.346194401e-05
7.27535409e-05
8.156739714e-05
7.583525044e-05
6.5639796e-05
6.483624819e-05
6.871673242e-05
6.787143e-05
7.161432637e-05
7.073014885e-05
6.122211438e-05
6.478319922e-05
6.836067277e-05
6.329368777e-05
5.844389856e-05
8.65786372e-05
6.934508787e-05
6.848554468e-05
7.175248851e-05
7.086443717e-05
7.402324676e-05
7.310933484e-05
5.712388908e-05
8.275082379e-05
7.073962592e-05
7.35505295e-05
6.188985012e-05
7.911674954e-05
7.121113483e-05
7.386626891e-05
7.662681082e-05
7.226453411e-05
5.793566749e-05
7.744919648e-05
6.670686416e-05
5.932729292e-05
7.183169005e-05
6.776558653e-05
7.353398333e-05
7.26850753e-05
6.889185156e-05
7.120272665e-05
7.056342804e-05
6.977112708e-05
7.215970653e-05
7.136240458e-05
8.252797303e-05
6.997036898e-05
7.225590278e-05
6.409418506e-05
7.829651163e-05
7.109122788e-05
8.52228036e-05
7.086886078e-05
7.076046742e-05
7.055063885e-05
6.33649169e-05
6.312543724e-05
8.394870364e-05
6.96386534e-05
6.941986625e-05
7.595803162e-05
7.567781286e-05
6.83865713e-05
8.171637515e-05
6.088094851e-05
7.405478783e-05
7.351887845e-05
7.977696998e-05
7.255844035e-05
7.869382658e-05
7.153567478e-05
7.1083335e-05
7.686287268e-05
5.72548229e-05
6.933137584e-05
7.508460185e-05
6.196716174e-05
6.763869941e-05
7.304939806e-05
6.641840258e-05
7.170780874e-05
7.109805823e-05
7.034267177e-05
6.97193164e-05
7.47071638e-05
6.8326588e-05
7.31978321e-05
7.808010288e-05
6.616860472e-05
8.190302992e-05
7.016722949e-05
8.015180181e-05
7.393793351e-05
6.795464888e-05
7.232133387e-05
6.134424856e-05
7.577071972e-05
5.997567144e-05
6.913512145e-05
6.351096968e-05
7.239872241e-05
6.684588081e-05
8.490102639e-05
7.465354263e-05
6.913247445e-05
6.838569103e-05
9.456423121e-05
8.01799531e-05
7.479203489e-05
7.398647051e-05
6.447528956e-05
6.803591877e-05
6.299403896e-05
7.894135361e-05
5.744678666e-05
6.0898252e-05
7.217303939e-05
7.141505378e-05
7.053198609e-05
7.755367526e-05
7.276707218e-05
7.201816816e-05
5.990112953e-05
7.782041781e-05
7.686751058e-05
6.884801172e-05
8.232706759e-05
8.151063401e-05
7.70227387e-05
7.280247934e-05
7.192733669e-05
6.784146687e-05
7.038425617e-05
6.639525778e-05
7.545263413e-05
7.474553225e-05
7.065998504e-05
7.318947444e-05
5.976231252e-05
7.168514501e-05
7.394875562e-05
7.328480596e-05
7.246085699e-05
7.181901294e-05
7.102419329e-05
7.04031316e-05
7.253895775e-05
7.191226199e-05
7.789528892e-05
5.662166055e-05
7.775950015e-05
6.355686839e-05
7.04699915e-05
7.739858257e-05
3.507723277e-05
4.900720049e-05
8.369598872e-05
6.956578393e-05
7.617512222e-05
7.593610656e-05
7.553596625e-05
6.841606314e-05
7.480917323e-05
6.772073233e-05
7.400061745e-05
6.025728077e-05
5.982268746e-05
7.934104116e-05
7.872417297e-05
7.826646387e-05
7.761720921e-05
7.712707369e-05
7.007944807e-05
7.593069567e-05
6.896183463e-05
6.846134689e-05
7.396710197e-05
7.339793226e-05
7.26656946e-05
7.207657119e-05
7.133397438e-05
7.07281139e-05
6.997872756e-05
6.935928944e-05
6.86063719e-05
7.930582313e-05
6.722291852e-05
8.323173504e-05
6.583394542e-05
7.062425241e-05
7.518534504e-05
7.975007834e-05
6.305949998e-05
6.24152069e-05
6.168292031e-05
7.121458191e-05
6.53451677e-05
6.465465691e-05
6.879749987e-05
7.292440649e-05
6.724419149e-05
7.127334055e-05
7.979742152e-05
6.500696889e-05
8.256090526e-05
6.352063566e-05
7.618656197e-05
8.423066621e-05
8.319395377e-05
7.363517018e-05
8.983841019e-05
7.194637546e-05
7.105684256e-05
7.443428576e-05
8.168148448e-05
7.273484553e-05
7.981685113e-05
7.108077794e-05
8.580322636e-05
7.719155694e-05
6.861599926e-05
6.413703394e-05
7.080167001e-05
7.008135013e-05
6.558027086e-05
6.492127924e-05
7.125630769e-05
5.643966147e-05
5.924122841e-05
6.901367137e-05
7.159327149e-05
7.09025951e-05
7.339315081e-05
6.939087652e-05
6.857090843e-05
7.763224471e-05
7.672423808e-05
7.601549067e-05
6.887512979e-05
7.445233163e-05
7.360229109e-05
7.294145647e-05
7.212029133e-05
7.148152132e-05
7.068917268e-05
8.174968792e-05
6.930758392e-05
6.870899938e-05
7.74582014e-05
7.038001014e-05
7.732359232e-05
4.91560781e-05
7.007558698e-05
8.396241959e-05
6.976271678e-05
7.658147309e-05
4.855081915e-05
7.609653879e-05
6.886588044e-05
6.178506653e-05
6.146064444e-05
5.443066571e-05
6.763426814e-05
8.081834422e-05
7.359566773e-05
5.3269263e-05
7.932952969e-05
7.890985058e-05
5.872375569e-05
6.486976488e-05
7.720003367e-05
7.032041629e-05
7.604214659e-05
7.552598812e-05
6.859621189e-05
7.428983818e-05
7.35777524e-05
7.301228795e-05
7.2286001e-05
7.17006655e-05
7.687768576e-05
7.036199951e-05
6.961852996e-05
7.475320852e-05
6.825590254e-05
6.762982251e-05
7.802911519e-05
6.624841906e-05
7.641976332e-05
7.026947939e-05
6.412266126e-05
6.348188936e-05
6.797565824e-05
7.245715999e-05
7.672393454e-05
6.580261337e-05
7.502946475e-05
6.433878659e-05
6.846315982e-05
6.289434291e-05
7.169936782e-05
6.620081575e-05
7.474282892e-05
7.855834682e-05
6.847220251e-05
7.676416373e-05
6.690405847e-05
7.059433346e-05
6.536886755e-05
6.897617897e-05
7.664180205e-05
6.318335653e-05
7.90440194e-05
6.173777405e-05
7.31697596e-05
6.837305036e-05
8.341718159e-05
7.468015111e-05
6.211231542e-05
8.067444478e-05
7.968071066e-05
6.759481243e-05
6.676466538e-05
7.342819495e-05
8.340941868e-05
6.821098303e-05
6.738058763e-05
7.022338599e-05
6.243611325e-05
6.525989424e-05
7.126229506e-05
6.385330982e-05
7.637420319e-05
6.578069779e-05
7.800371654e-05
7.405282821e-05
7.000417564e-05
7.251005096e-05
7.167092732e-05
6.793052263e-05
7.325905793e-05
7.260130925e-05
7.1782912e-05
7.114718674e-05
7.035729781e-05
7.264823596e-05
7.760348754e-05
7.123469391e-05
7.70259917e-05
8.398484986e-05
6.990231318e-05
7.681476681e-05
8.362268721e-05
6.262145878e-05
6.243778695e-05
4.846316545e-05
7.587169643e-05
6.879584381e-05
6.848589001e-05
7.509869904e-05
8.149718427e-05
6.76647492e-05
8.071714743e-05
7.367863255e-05
6.654102351e-05
7.284706233e-05
7.890017457e-05
6.540276784e-05
7.13873333e-05
6.452126177e-05
7.67873186e-05
6.994506532e-05
6.933512786e-05
5.634417889e-05
6.823444564e-05
7.389873251e-05
7.31924803e-05
6.657811869e-05
7.191025474e-05
7.132866044e-05
7.059787846e-05
6.999965587e-05
6.926202143e-05
6.865027648e-05
7.922716162e-05
7.850119868e-05
6.654471742e-05
7.140774715e-05
7.603712748e-05
6.453992573e-05
7.975492656e-05
6.316687377e-05
7.284329456e-05
6.695012266e-05
7.125807769e-05
7.051755176e-05
7.964186613e-05
6.89510636e-05
6.326547842e-05
7.703445902e-05
7.611171507e-05
6.117700594e-05
7.438564901e-05
7.358425978e-05
6.360365542e-05
7.190552708e-05
7.546606033e-05
7.465205966e-05
6.50612212e-05
7.294248358e-05
7.628265041e-05
8.384988741e-05
7.039346122e-05
7.783627464e-05
6.473722644e-05
7.205830459e-05
7.116882162e-05
7.433383422e-05
5.409684693e-05
5.735802854e-05
7.175924563e-05
5.606894397e-05
7.384103082e-05
5.847175806e-05
7.58057942e-05
7.861742726e-05
6.707056237e-05
6.990019759e-05
7.595975095e-05
7.863529334e-05
6.417871097e-05
6.355938376e-05
6.610649831e-05
7.857319735e-05
7.117369291e-05
7.37112687e-05
7.284812464e-05
7.217504772e-05
6.823743614e-05
7.376292444e-05
7.291901114e-05
7.226431972e-05
7.144867451e-05
7.376663033e-05
7.002852458e-05
7.230887946e-05
6.865723734e-05
7.090067553e-05
7.659857861e-05
6.263918657e-05
6.951479625e-05
6.944458173e-05
7.622986325e-05
8.303330646e-05
7.589141959e-05
6.885093212e-05
6.173500989e-05
6.841722973e-05
5.448805601e-05
7.468688337e-05
8.105176527e-05
6.729524637e-05
7.358817033e-05
7.993983675e-05
5.956275295e-05
7.245319371e-05
7.847544202e-05
7.806137845e-05
7.746034928e-05
7.701177985e-05
7.001407679e-05
6.324881828e-05
7.523876242e-05
7.472937896e-05
7.404706382e-05
7.351172329e-05
7.281122194e-05
7.225303032e-05
7.153839457e-05
7.09604956e-05
7.023549809e-05
6.964102505e-05
6.890914558e-05
6.830117817e-05
7.319606367e-05
6.694712421e-05
8.828096373e-05
6.558461041e-05
8.106246889e-05
8.027367687e-05
6.877907178e-05
6.285496915e-05
7.248558218e-05
6.662184787e-05
7.597561345e-05
7.518656629e-05
7.430257247e-05
6.371621546e-05
7.264728725e-05
6.708108039e-05
7.101339517e-05
7.493495028e-05
6.940487497e-05
7.323460677e-05
8.138930823e-05
7.603852725e-05
6.185603187e-05
7.430097366e-05
6.04393599e-05
6.405970983e-05
5.905421598e-05
5.842128501e-05
5.770173617e-05
6.931952074e-05
6.846481029e-05
7.172473189e-05
6.690469358e-05
7.009646635e-05
6.538653354e-05
5.709390869e-05
7.518892493e-05
7.441502395e-05
6.247690209e-05
8.002973746e-05
7.905163255e-05
7.469991205e-05
5.622179112e-05
7.305896888e-05
8.248572213e-05
6.125877208e-05
7.060943873e-05
6.992795666e-05
7.238379524e-05
6.843628082e-05
7.406732421e-05
6.699259809e-05
6.936042768e-05
6.871951158e-05
7.101040603e-05
7.342298657e-05
7.258210655e-05
7.193044411e-05
7.111753516e-05
7.048781316e-05
6.970280972e-05
6.90937715e-05
7.118397871e-05
7.339256594e-05
6.232572224e-05
8.305812232e-05
7.60447074e-05
7.596800595e-05
6.202658224e-05
7.56950503e-05
7.547461754e-05
6.847296658e-05
6.139692131e-05
8.165131225e-05
7.451218739e-05
7.427955958e-05
7.389358957e-05
7.362273291e-05
7.318997863e-05
7.950770642e-05
7.240698091e-05
7.206356132e-05
5.854144335e-05
7.117361914e-05
7.06273738e-05
7.660244377e-05
6.964373789e-05
6.920625751e-05
7.48434027e-05
6.81425644e-05
6.752224105e-05
6.70346843e-05
7.243391494e-05
7.187929253e-05
7.117036052e-05
7.059611184e-05
6.987681894e-05
6.928605026e-05
7.427316775e-05
8.494451543e-05
7.282779214e-05
6.661091779e-05
6.588006415e-05
7.613394802e-05
6.990586297e-05
6.390113424e-05
7.370523161e-05
6.77583071e-05
7.213136588e-05
6.629677662e-05
6.552598031e-05
5.985774349e-05
6.901475702e-05
6.828707453e-05
7.711926546e-05
6.199153106e-05
6.596362044e-05
7.923970599e-05
6.447125435e-05
6.377722834e-05
7.200544918e-05
5.787357534e-05
7.47590587e-05
7.39531745e-05
7.73454417e-05
5.95104652e-05
6.297862625e-05
7.891811281e-05
8.615231701e-05
6.494028207e-05
8.017559221e-05
7.139423332e-05
8.61846647e-05
7.365074781e-05
6.125817585e-05
6.062102411e-05
7.85872265e-05
6.666713942e-05
7.682486631e-05
6.880088097e-05
7.511412875e-05
6.373633335e-05
7.69525177e-05
6.233639744e-05
7.526724413e-05
7.791818674e-05
7.69815212e-05
7.292371899e-05
7.205348474e-05
7.461188185e-05
7.693451335e-05
7.303751569e-05
7.218129021e-05
6.84049278e-05
7.068468998e-05
7.308616754e-05
6.923795496e-05
7.159963945e-05
7.078945108e-05
7.600957911e-05
7.227094869e-05
6.87740061e-05
7.085310659e-05
7.02419487e-05
7.57578264e-05
7.571885376e-05
8.250301284e-05
5.494660931e-05
8.224938005e-05
7.528082015e-05
6.823851701e-05
6.809912816e-05
8.141668747e-05
8.120684107e-05
6.737066969e-05
6.716059508e-05
6.681281318e-05
6.656821659e-05
7.279607303e-05
5.931016718e-05
7.201923924e-05
5.864571587e-05
7.116958679e-05
7.723095849e-05
7.664010499e-05
7.619743612e-05
7.55752322e-05
7.510110076e-05
7.445217627e-05
6.778694894e-05
7.327820193e-05
6.668726117e-05
7.206049818e-05
7.150940126e-05
7.080609384e-05
7.02354512e-05
6.952178458e-05
8.042378852e-05
6.821407204e-05
6.761352566e-05
6.688911492e-05
6.627807134e-05
7.647814034e-05
7.575630125e-05
6.956102229e-05
7.418419987e-05
6.810538821e-05
6.224031026e-05
7.178059466e-05
7.612484104e-05
8.527398191e-05
8.438948166e-05
7.849560475e-05
7.281412779e-05
7.195465315e-05
6.169632606e-05
6.09617008e-05
5.566913814e-05
6.416751461e-05
8.16133226e-05
5.823028142e-05
6.646454197e-05
7.003341399e-05
7.360861623e-05
7.270947009e-05
7.615858138e-05
7.104593889e-05
7.028479529e-05
7.350489874e-05
8.080179783e-05
5.985581642e-05
6.317045917e-05
8.189086009e-05
6.945526512e-05
6.860099156e-05
7.92020595e-05
7.077895457e-05
8.479786653e-05
7.28338934e-05
7.209267536e-05
7.833362711e-05
6.697164843e-05
6.615737103e-05
6.550082627e-05
7.151999046e-05
6.74474051e-05
7.663209642e-05
7.25926129e-05
7.498645586e-05
7.427285117e-05
7.658459628e-05
7.270523698e-05
6.872841147e-05
7.428350302e-05
6.730273318e-05
7.275242463e-05
7.191755139e-05
7.424152456e-05
7.340039601e-05
7.275057204e-05
7.193790204e-05
6.845718682e-05
7.334630795e-05
7.551052649e-05
8.219381852e-05
7.530565482e-05
7.521536334e-05
6.830882722e-05
7.49847818e-05
8.167756249e-05
7.465459888e-05
5.41834797e-05
7.422767358e-05
6.730598556e-05
8.040834864e-05
7.347809685e-05
7.974424998e-05
7.283161704e-05
7.24063847e-05
6.554775971e-05
7.814795802e-05
7.129673474e-05
6.435687098e-05
7.682233898e-05
7.623646284e-05
7.579668861e-05
6.891469048e-05
7.47086118e-05
7.406501866e-05
7.356548281e-05
7.289972762e-05
7.237464075e-05
7.169091181e-05
7.114329743e-05
7.63159984e-05
7.570166164e-05
7.493453473e-05
7.430241801e-05
7.35277478e-05
7.288110466e-05
7.210225564e-05
7.693995718e-05
7.609998291e-05
6.461347069e-05
7.454414914e-05
6.327486385e-05
7.820015918e-05
7.742183368e-05
7.653559123e-05
6.565605896e-05
7.488010726e-05
6.916363967e-05
6.835571309e-05
6.28046266e-05
7.638748308e-05
8.029743289e-05
6.067420581e-05
7.849305315e-05
6.84285251e-05
7.220530502e-05
7.579213653e-05
7.056511555e-05
7.842195652e-05
7.326725376e-05
7.237359941e-05
6.738398592e-05
6.655918662e-05
6.99616466e-05
6.097339155e-05
6.032374905e-05
7.547111413e-05
7.860254456e-05
6.210892755e-05
6.913904348e-05
7.587710215e-05
6.757913372e-05
7.787475949e-05
7.340300944e-05
6.887904553e-05
8.253130469e-05
7.443497095e-05
6.666881972e-05
7.625718149e-05
7.55003198e-05
6.441626142e-05
7.385690889e-05
5.970195346e-05
7.554924996e-05
6.815628828e-05
7.393688762e-05
6.988469384e-05
7.552274913e-05
7.463640327e-05
7.086542802e-05
7.004214051e-05
7.24217159e-05
7.158981647e-05
7.094707507e-05
7.014228113e-05
7.241807758e-05
7.160791087e-05
7.098257617e-05
7.300852517e-05
7.237916343e-05
6.812302741e-05
8.170575389e-05
7.480743814e-05
6.79384532e-05
8.135862985e-05
7.446581348e-05
5.400089853e-05
7.409992172e-05
7.382774022e-05
6.024919448e-05
7.331186583e-05
7.972779972e-05
6.609811327e-05
6.585672796e-05
6.547349662e-05
7.82388997e-05
7.773390774e-05
6.447218991e-05
6.401773002e-05
7.641802062e-05
7.583705016e-05
6.283344531e-05
7.478821184e-05
7.432020392e-05
7.368186673e-05
6.708673809e-05
7.252514279e-05
7.200339022e-05
7.132509719e-05
7.078092315e-05
7.008863355e-05
6.952507333e-05
6.882243027e-05
6.824251142e-05
6.753288064e-05
6.693958163e-05
7.174488157e-05
8.202782355e-05
6.490761153e-05
6.965412697e-05
7.418002057e-05
7.346069452e-05
7.263283347e-05
6.163755645e-05
6.601138915e-05
7.539267912e-05
6.955379716e-05
6.391658573e-05
7.289023796e-05
7.693111708e-05
7.127510175e-05
7.051646666e-05
6.503474895e-05
6.893380465e-05
8.173098119e-05
8.08521796e-05
7.54402795e-05
6.584792333e-05
6.938640024e-05
7.721898653e-05
6.356542718e-05
7.965076389e-05
6.211352245e-05
6.964145579e-05
6.474161232e-05
7.606166305e-05
8.303622053e-05
7.042076317e-05
5.796318235e-05
7.647298692e-05
7.175731077e-05
6.727357622e-05
8.490652456e-05
8.037893661e-05
7.217759382e-05
7.144296931e-05
6.704283621e-05
6.287562693e-05
6.901291313e-05
7.516066145e-05
7.762692344e-05
7.686671935e-05
6.603711097e-05
7.520930976e-05
7.754225095e-05
7.360394975e-05
7.589422512e-05
6.578447931e-05
6.810780918e-05
7.054541554e-05
6.972522671e-05
7.209400014e-05
7.126505503e-05
7.062523329e-05
7.273240976e-05
6.920506418e-05
6.842969599e-05
6.783222521e-05
7.546898698e-05
6.927649348e-05
7.453074319e-05
8.126469804e-05
6.763992162e-05
4.730045174e-05
6.743370901e-05
6.059854809e-05
7.385220743e-05
8.040205262e-05
7.343209338e-05
7.324349533e-05
7.292030655e-05
7.269374477e-05
6.574646669e-05
6.550665669e-05
7.163939183e-05
7.133950597e-05
7.732422186e-05
7.695933371e-05
7.005035913e-05
6.968310788e-05
6.915498408e-05
6.875706561e-05
7.440081669e-05
7.393581379e-05
7.330265863e-05
7.280948669e-05
7.215438778e-05
7.163592896e-05
7.096299687e-05
7.042222174e-05
6.97353283e-05
6.917524598e-05
6.847800308e-05
7.356008358e-05
7.279714153e-05
8.325952854e-05
6.589941476e-05
7.074079514e-05
6.458980913e-05
6.931368805e-05
6.327379889e-05
6.266074999e-05
6.711924951e-05
7.667567048e-05
7.074845604e-05
7.002973066e-05
6.922267719e-05
7.339927952e-05
7.254550387e-05
6.221125502e-05
6.621077565e-05
7.018539544e-05
7.860182084e-05
7.776033995e-05
6.779274424e-05
7.153502873e-05
7.950883161e-05
7.428306929e-05
8.201748513e-05
5.978324471e-05
8.436597866e-05
7.92864087e-05
8.244054931e-05
8.563575479e-05
8.458752037e-05
7.173133297e-05
7.085179846e-05
7.399670936e-05
6.924195254e-05
6.090236495e-05
6.391490786e-05
7.813256434e-05
7.717509478e-05
6.910631352e-05
6.10757806e-05
7.823473679e-05
7.025522337e-05
6.954874164e-05
6.183351717e-05
6.802185954e-05
7.391943266e-05
5.988718034e-05
6.245432103e-05
7.161709264e-05
7.397829624e-05
7.008817093e-05
6.610947535e-05
7.17262967e-05
7.396548226e-05
7.328168376e-05
7.242904468e-05
7.176923693e-05
7.09432268e-05
7.03062983e-05
6.950683706e-05
7.176212375e-05
6.811865117e-05
7.033750419e-05
7.234220799e-05
6.896054592e-05
6.065222859e-05
5.388558557e-05
7.400471943e-05
7.393058755e-05
7.377971916e-05
7.36682647e-05
8.013539481e-05
7.330809485e-05
7.968072494e-05
7.285328873e-05
7.912680838e-05
6.573437718e-05
7.193839607e-05
7.167631618e-05
7.126195679e-05
7.741528947e-05
7.050892907e-05
7.655630545e-05
7.602007113e-05
7.562201856e-05
7.505065005e-05
7.461934519e-05
7.401741418e-05
7.355537939e-05
7.292733378e-05
7.243728559e-05
7.178740415e-05
7.127219926e-05
7.648826746e-05
7.006713762e-05
6.93855671e-05
6.882892144e-05
7.381508999e-05
7.319445105e-05
7.800935284e-05
7.732543024e-05
7.650532294e-05
8.663906337e-05
6.427510363e-05
8.489422865e-05
7.34623322e-05
7.79476771e-05
6.16586329e-05
6.104636516e-05
7.544032977e-05
7.467446677e-05
6.889469497e-05
7.305197062e-05
8.183121731e-05
7.14447162e-05
8.00227013e-05
8.382890209e-05
8.744057779e-05
7.284620169e-05
7.647649884e-05
5.785368519e-05
7.034943628e-05
7.829116892e-05
8.593904014e-05
7.226190264e-05
7.978250987e-05
7.477140481e-05
7.796316944e-05
6.089098841e-05
6.014654487e-05
7.537427118e-05
7.053259591e-05
7.366342057e-05
6.510141136e-05
7.199672365e-05
7.485705435e-05
7.778245576e-05
7.682995594e-05
7.24181516e-05
6.795636552e-05
6.726462564e-05
6.994186078e-05
7.616231578e-05
6.497777472e-05
8.126228864e-05
7.024498898e-05
6.624466618e-05
7.526555289e-05
6.805691417e-05
7.044614286e-05
7.294698904e-05
6.268015788e-05
7.14058153e-05
7.36345248e-05
7.2953722e-05
7.210427002e-05
7.144738652e-05
7.062429221e-05
6.999023091e-05
6.91934131e-05
6.858103958e-05
7.346128969e-05
7.28201188e-05
7.478334302e-05
7.688516319e-05
8.043767542e-05
7.369699237e-05
6.691798705e-05
7.353614808e-05
8.005810144e-05
6.661442059e-05
7.306688086e-05
6.628953977e-05
6.604853323e-05
7.246721777e-05
5.247243875e-05
7.846468492e-05
7.155970808e-05
7.1299318e-05
7.733288506e-05
7.700995283e-05
7.01411976e-05
6.981102006e-05
6.932356134e-05
6.896102027e-05
7.466353445e-05
6.804873471e-05
6.750144768e-05
7.317883998e-05
7.255583283e-05
6.60631313e-05
7.142413466e-05
7.091214455e-05
7.024971515e-05
6.971561636e-05
7.479257161e-05
6.848604735e-05
7.909928655e-05
6.72299403e-05
7.20809117e-05
6.59534855e-05
8.156965817e-05
6.46625186e-05
7.462402497e-05
7.392290453e-05
6.266457484e-05
7.757305263e-05
6.136388074e-05
8.100666931e-05
8.008765402e-05
6.4411072e-05
6.36719628e-05
6.301354194e-05
6.70746781e-05
7.58510655e-05
7.965010589e-05
6.489699291e-05
8.703584348e-05
7.250934554e-05
7.164658017e-05
6.201744695e-05
5.689720759e-05
7.36033737e-05
8.127011189e-05
6.770154245e-05
7.106058383e-05
7.443247065e-05
7.352623624e-05
7.273930243e-05
7.584279438e-05
6.713676989e-05
7.80180629e-05
7.333312064e-05
7.624737978e-05
8.299186659e-05
7.452310587e-05
7.006066409e-05
6.920332939e-05
6.488614114e-05
7.477577695e-05
7.753908186e-05
7.311284525e-05
6.203785702e-05
7.490353789e-05
7.753067777e-05
7.9923783e-05
6.924818676e-05
7.49314985e-05
7.098118238e-05
7.01332417e-05
7.578040381e-05
7.176162397e-05
7.108818505e-05
7.330651587e-05
7.262868266e-05
7.178239495e-05
7.409209366e-05
7.323772125e-05
7.258020063e-05
7.749315345e-05
6.827322848e-05
7.313038219e-05
7.806853727e-05
7.168794319e-05
7.107070697e-05
7.334277759e-05
5.331309704e-05
7.321904491e-05
7.979552198e-05
7.299763406e-05
7.28876188e-05
7.268044767e-05
7.253301188e-05
7.22701938e-05
7.86384186e-05
7.177032878e-05
5.853937039e-05
7.118498608e-05
7.092626488e-05
7.05188935e-05
6.384069889e-05
7.612067122e-05
7.576278137e-05
6.896578885e-05
6.236869044e-05
7.428039187e-05
7.385456084e-05
7.326234275e-05
7.280613605e-05
7.218809764e-05
7.170418398e-05
7.106452319e-05
7.055570942e-05
7.572329326e-05
6.936760461e-05
6.869646563e-05
6.814657242e-05
7.308719176e-05
7.804890476e-05
7.1728056e-05
7.656974661e-05
7.035012296e-05
6.971121444e-05
6.8959371e-05
6.831204975e-05
6.756136954e-05
6.690841031e-05
8.651857208e-05
7.558300856e-05
6.974557906e-05
7.890112969e-05
8.287253138e-05
7.719159541e-05
7.153059291e-05
7.549775606e-05
7.928096411e-05
8.766672838e-05
6.383619692e-05
8.119753924e-05
6.686092026e-05
7.055262682e-05
6.97081647e-05
7.757806142e-05
7.664353566e-05
7.160685753e-05
6.241741798e-05
7.409659536e-05
6.506278032e-05
7.643529423e-05
7.550303685e-05
8.256226524e-05
7.766971357e-05
6.532095171e-05
7.211251803e-05
7.886685978e-05
7.419212374e-05
8.076259498e-05
7.614885723e-05
7.89537449e-05
5.671987973e-05
7.368696981e-05
6.932344769e-05
7.548877066e-05
7.118293898e-05
7.383204869e-05
7.293983181e-05
6.894220223e-05
7.460039629e-05
6.745528684e-05
6.982310787e-05
7.230165215e-05
7.144390486e-05
7.077336808e-05
7.298141625e-05
7.230652684e-05
7.146338084e-05
7.081226879e-05
7.291140545e-05
7.225681831e-05
7.428955e-05
7.080017512e-05
6.72022546e-05
6.939158404e-05
7.685486168e-05
7.075095147e-05
6.632287297e-05
6.62892379e-05
7.945356053e-05
7.937428632e-05
7.261277646e-05
7.909469171e-05
6.572552772e-05
6.559234933e-05
7.189102194e-05
7.170722254e-05
7.139502095e-05
7.76446108e-05
7.725181974e-05
7.055709522e-05
7.65307012e-05
6.986089124e-05
7.572777059e-05
7.537215632e-05
7.484911665e-05
6.825374436e-05
7.390116149e-05
7.347801748e-05
7.289055473e-05
6.640077517e-05
7.182407124e-05
7.134316967e-05
7.070851479e-05
7.020283957e-05
6.955062978e-05
7.47749709e-05
6.835702238e-05
7.911218739e-05
6.713409198e-05
8.321427888e-05
8.235996706e-05
6.531207146e-05
6.462449143e-05
7.471116007e-05
7.390730944e-05
7.321415508e-05
6.723921813e-05
6.658990324e-05
7.091320896e-05
7.021063056e-05
7.437597349e-05
6.871428097e-05
6.7929135e-05
6.722752263e-05
7.119857045e-05
7.045099007e-05
7.427315591e-05
8.726272466e-05
8.623751207e-05
6.735458789e-05
7.54301093e-05
6.584168289e-05
6.071790652e-05
6.435529753e-05
8.053623633e-05
7.128376831e-05
6.627932345e-05
7.376373772e-05
6.477153717e-05
6.00736592e-05
7.121018824e-05
7.828017624e-05
8.119068421e-05
7.650666106e-05
7.179288412e-05
7.477841552e-05
7.017086518e-05
6.213152405e-05
8.303308459e-05
7.503234039e-05
7.411682366e-05
6.986880843e-05
6.901832402e-05
6.490783958e-05
7.086982539e-05
7.350720253e-05
6.601731143e-05
7.190742941e-05
7.427220733e-05
7.355448677e-05
7.583531437e-05
7.511295302e-05
7.112898671e-05
7.352486315e-05
6.963172126e-05
7.198721635e-05
7.114718969e-05
7.049892551e-05
6.968446521e-05
8.344611367e-05
7.111445265e-05
7.330464027e-05
6.968983733e-05
8.013501081e-05
7.651043798e-05
7.314306265e-05
7.257161854e-05
7.253488692e-05
6.586352496e-05
7.895747466e-05
5.909887282e-05
7.212334407e-05
7.191971547e-05
7.177414727e-05
7.151580804e-05
7.133317154e-05
7.102361788e-05
5.149397905e-05
7.685148375e-05
7.657281677e-05
7.613581793e-05
6.318251381e-05
7.533890508e-05
6.248794888e-05
6.826120927e-05
6.790551911e-05
6.127148639e-05
7.310529422e-05
7.252252113e-05
7.207200254e-05
7.741900596e-05
7.09857724e-05
7.621906018e-05
7.567460525e-05
7.497346885e-05
6.868190145e-05
6.802091715e-05
6.74776198e-05
7.794070212e-05
6.624697856e-05
6.556856128e-05
7.041235525e-05
8.039178926e-05
6.904131709e-05
7.355408969e-05
8.327411713e-05
8.236322998e-05
6.62744142e-05
7.057900916e-05
7.487170547e-05
7.896301957e-05
6.839310421e-05
6.278374893e-05
8.125432451e-05
6.614497497e-05
6.545080517e-05
6.93113392e-05
6.857560064e-05
7.228952697e-05
7.151721364e-05
7.067072669e-05
6.554301258e-05
6.907847856e-05
8.5419808e-05
7.173485207e-05
7.513790986e-05
7.83545107e-05
6.93541985e-05
6.448288981e-05
7.575435578e-05
6.695545995e-05
7.013946193e-05
6.92840381e-05
8.378498222e-05
6.019037577e-05
8.189332086e-05
7.721584693e-05
6.913543156e-05
7.547972832e-05
5.691631634e-05
6.676390378e-05
6.956226408e-05
6.871587454e-05
7.822826298e-05
7.391942834e-05
7.318520237e-05
7.230106263e-05
7.484668145e-05
7.073181099e-05
7.323222251e-05
7.550290547e-05
7.478361733e-05
7.081683263e-05
7.320211387e-05
6.932563349e-05
7.167071365e-05
7.08337842e-05
7.603737168e-05
7.226742034e-05
7.448336723e-05
6.796748261e-05
7.297999955e-05
6.9380104e-05
6.877497947e-05
6.528778934e-05
6.472614943e-05
7.219208844e-05
5.247681473e-05
7.207132215e-05
7.854501767e-05
7.185510849e-05
6.522471437e-05
6.504117283e-05
6.490967145e-05
7.761217139e-05
7.096300267e-05
5.780950279e-05
7.68415014e-05
7.645527562e-05
6.983016626e-05
7.574498879e-05
5.028678759e-05
7.495401286e-05
7.460286702e-05
6.791429073e-05
7.37027226e-05
7.315420001e-05
7.273633321e-05
7.215818534e-05
7.171045986e-05
7.110692263e-05
7.651793293e-05
7.584101708e-05
7.529988249e-05
6.886532112e-05
6.834410853e-05
7.896945111e-05
7.833938519e-05
6.648172535e-05
7.141948789e-05
7.068991679e-05
7.546351525e-05
7.46729101e-05
6.342569854e-05
6.274648295e-05
6.215902894e-05
7.172743296e-05
7.610988521e-05
7.024794461e-05
5.961684073e-05
8.35073232e-05
6.32124219e-05
8.172182332e-05
7.136358826e-05
7.524659984e-05
6.98037224e-05
7.359415236e-05
6.826246268e-05
6.296587894e-05
6.674297721e-05
6.155740748e-05
6.524703969e-05
7.306587501e-05
6.802882589e-05
7.561468049e-05
6.649059603e-05
6.568881061e-05
6.904541892e-05
6.820910391e-05
5.557146448e-05
6.665949312e-05
6.982952873e-05
7.281092919e-05
6.82493871e-05
6.367130087e-05
7.041535878e-05
7.687741471e-05
7.607794617e-05
7.514955436e-05
7.437587435e-05
7.346938282e-05
7.272131775e-05
6.841606427e-05
6.434133877e-05
7.694243658e-05
6.955391956e-05
7.198585526e-05
6.480024847e-05
7.362441663e-05
7.608289022e-05
7.517339795e-05
7.135477545e-05
7.357294581e-05
6.680867025e-05
6.902222495e-05
7.135698187e-05
7.346159138e-05
7.279217208e-05
7.482766199e-05
6.845158399e-05
7.894571727e-05
6.706912763e-05
7.459896061e-05
7.120959905e-05
6.770604417e-05
6.980871851e-05
7.181650737e-05
7.830578086e-05
7.821458425e-05
7.813684747e-05
7.148217307e-05
7.786356096e-05
7.117474319e-05
7.103099723e-05
7.077700877e-05
7.701453359e-05
7.668249252e-05
7.007563273e-05
7.606313184e-05
7.578795271e-05
7.535815165e-05
6.253776176e-05
7.457303333e-05
7.422408131e-05
7.371368791e-05
7.333049524e-05
7.278635328e-05
6.634015463e-05
7.179749193e-05
7.135252637e-05
7.075369208e-05
7.028161371e-05
6.966157441e-05
6.916509464e-05
7.423834861e-05
6.800962204e-05
7.297173621e-05
6.682167289e-05
7.167362963e-05
6.560748524e-05
7.035051622e-05
6.973742341e-05
8.493361218e-05
7.364449302e-05
7.285768299e-05
8.764247013e-05
8.158884582e-05
6.565232027e-05
7.491425508e-05
6.922875452e-05
7.8230648e-05
6.291969777e-05
6.699026562e-05
7.103523398e-05
6.553935996e-05
7.411683012e-05
6.868057967e-05
6.79521715e-05
7.163545449e-05
6.20118971e-05
7.878914228e-05
9.093521898e-05
8.129632922e-05
6.772455182e-05
7.945994196e-05
7.860608505e-05
7.765951053e-05
8.491334763e-05
6.790782266e-05
6.322984651e-05
7.027002141e-05
7.724702507e-05
6.486084621e-05
7.550008185e-05
7.830873515e-05
7.010738544e-05
6.560737388e-05
6.85320678e-05
5.700743345e-05
7.757821258e-05
7.66332136e-05
7.930075105e-05
7.493074468e-05
6.743345313e-05
7.660839662e-05
6.925188301e-05
6.841550324e-05
7.097077987e-05
7.01175777e-05
7.575244383e-05
7.484675399e-05
7.104463726e-05
7.020067241e-05
6.651795506e-05
7.17093502e-05
7.104598479e-05
7.021518425e-05
7.247428766e-05
8.309626538e-05
7.099160117e-05
7.298488663e-05
6.677470957e-05
7.702108303e-05
6.816923653e-05
7.010291182e-05
6.415402451e-05
5.845484784e-05
7.14088623e-05
7.132595665e-05
6.477741463e-05
7.757791507e-05
7.746165692e-05
7.724510701e-05
7.708926919e-05
6.401209443e-05
7.661898766e-05
6.993223727e-05
7.605483567e-05
6.936874102e-05
6.911806321e-05
7.497524567e-05
7.466435431e-05
7.419590713e-05
6.769502908e-05
7.334282824e-05
6.688184137e-05
7.242218738e-05
7.200947237e-05
7.144038655e-05
7.099814829e-05
7.040395361e-05
6.99347473e-05
6.931944998e-05
6.882596403e-05
7.387616805e-05
7.331825979e-05
7.261815642e-05
6.649845863e-05
7.681556782e-05
8.161543273e-05
7.540007911e-05
7.47436162e-05
6.339796246e-05
7.329567374e-05
7.25144015e-05
7.696785072e-05
6.598075964e-05
7.037221948e-05
6.959504646e-05
6.398557004e-05
6.326899571e-05
7.708267351e-05
6.668305001e-05
8.013787248e-05
6.52406922e-05
7.839067197e-05
6.836948551e-05
7.666398023e-05
8.468399366e-05
7.496135718e-05
6.9721099e-05
6.897391071e-05
7.24146816e-05
5.478117734e-05
6.661687712e-05
7.413887651e-05
6.91780226e-05
6.441038632e-05
7.954022498e-05
7.475539663e-05
5.83017709e-05
8.459954261e-05
7.597360917e-05
5.261929096e-05
5.940394947e-05
8.082347763e-05
7.620937289e-05
7.541687785e-05
8.514033947e-05
7.02198054e-05
6.589666437e-05
7.895734474e-05
7.460664678e-05
8.057007283e-05
7.627724455e-05
7.223590869e-05
7.785121572e-05
7.387596069e-05
7.616121191e-05
6.913945082e-05
7.141781406e-05
6.766165367e-05
7.29355781e-05
7.225064617e-05
7.139823241e-05
7.368509041e-05
6.990991839e-05
7.215916757e-05
7.417539334e-05
6.785490223e-05
6.707616886e-05
7.479322321e-05
6.846720579e-05
7.329997678e-05
6.979427939e-05
7.185570546e-05
7.753848909e-05
7.104124979e-05
7.095902562e-05
6.444425235e-05
7.074779636e-05
6.421990046e-05
7.68491412e-05
7.030307865e-05
6.368483441e-05
6.352290334e-05
6.957585937e-05
6.936188616e-05
6.901655725e-05
6.251584581e-05
7.459621121e-05
6.190603565e-05
6.767069476e-05
7.347793328e-05
7.297568155e-05
7.259720708e-05
7.206164734e-05
7.165146256e-05
7.108681591e-05
7.06472729e-05
7.005765566e-05
6.95912879e-05
6.898066964e-05
6.849014284e-05
6.786231157e-05
6.7350376e-05
6.670891071e-05
7.720808208e-05
6.552660619e-05
7.039523849e-05
7.504150703e-05
6.376182252e-05
7.361499886e-05
7.816086778e-05
6.701902973e-05
6.128601276e-05
7.072527669e-05
7.004501159e-05
8.411736905e-05
5.879081701e-05
7.266725333e-05
6.713787031e-05
8.060263343e-05
7.508000811e-05
6.49447342e-05
5.967417569e-05
7.259861003e-05
7.182930728e-05
6.655604241e-05
7.023584824e-05
7.374834012e-05
8.154159696e-05
7.633420767e-05
6.292884083e-05
5.388722584e-05
7.791239535e-05
7.292532428e-05
6.813535975e-05
7.127277335e-05
5.875913632e-05
7.739657237e-05
7.657327621e-05
6.429675305e-05
7.858579668e-05
7.393294289e-05
7.681518216e-05
6.142641325e-05
7.509063325e-05
6.004735102e-05
7.341243439e-05
7.597244914e-05
7.519877372e-05
7.428534043e-05
7.019514053e-05
6.934468715e-05
7.192492653e-05
7.751619336e-05
7.675613055e-05
7.267364421e-05
6.884174746e-05
7.111016251e-05
7.349465648e-05
7.262101756e-05
7.193896301e-05
7.108980259e-05
7.04320529e-05
7.250759935e-05
7.184677592e-05
7.101298544e-05
7.037546386e-05
7.234958961e-05
7.170969058e-05
7.36216794e-05
7.297999637e-05
7.750623942e-05
7.419057937e-05
7.714129252e-05
7.067740282e-05
5.134243677e-05
7.052594953e-05
7.678498646e-05
7.028098787e-05
7.008577969e-05
6.994468557e-05
6.969699394e-05
6.951996424e-05
6.922309528e-05
7.528411373e-05
7.491047071e-05
7.464036774e-05
7.422098987e-05
7.39139215e-05
7.345298323e-05
7.31104567e-05
7.261219234e-05
7.223603517e-05
7.170467927e-05
7.129699498e-05
7.07367278e-05
7.029984854e-05
6.971474774e-05
6.925118558e-05
7.436561663e-05
6.815758288e-05
7.316230612e-05
6.702552263e-05
7.745357594e-05
8.232665061e-05
7.06488279e-05
8.083883012e-05
6.935159144e-05
6.346056223e-05
6.803549227e-05
6.223530455e-05
7.183745251e-05
6.100043149e-05
7.039741879e-05
6.972083244e-05
6.895417287e-05
6.827396224e-05
7.233488771e-05
7.160488735e-05
7.551656599e-05
7.473925757e-05
7.388737056e-05
7.768345368e-05
6.775567605e-05
7.597639503e-05
7.067624117e-05
7.866298045e-05
7.342094544e-05
7.690728528e-05
6.333087623e-05
5.8474364e-05
7.428508638e-05
7.757012163e-05
8.067349898e-05
6.783731454e-05
6.701973925e-05
7.410393309e-05
7.320737639e-05
8.005282948e-05
7.531572937e-05
6.706768077e-05
7.361372942e-05
6.919941977e-05
7.915059556e-05
7.83275419e-05
6.682322405e-05
6.961601009e-05
6.533091412e-05
7.827937808e-05
7.732891655e-05
7.322236142e-05
7.891143186e-05
7.16166105e-05
7.396804034e-05
7.005821774e-05
7.236215361e-05
7.477810564e-05
7.080515017e-05
7.317932909e-05
7.230915867e-05
7.162995744e-05
7.078402604e-05
7.305109243e-05
6.930728103e-05
7.439856053e-05
7.070615193e-05
7.287424402e-05
7.203607059e-05
7.139899319e-05
7.058671092e-05
7.53540122e-05
8.248992215e-05
7.122887225e-05
7.674814455e-05
7.670974238e-05
7.023637411e-05
7.016691464e-05
7.639456968e-05
6.35670492e-05
6.973015917e-05
7.59162851e-05
7.564830168e-05
6.288029849e-05
7.513515309e-05
6.242048413e-05
6.832281007e-05
6.807673002e-05
7.384952439e-05
7.354433362e-05
7.308707266e-05
7.274663746e-05
7.225230624e-05
7.187843914e-05
7.135123037e-05
7.094601731e-05
7.039007102e-05
6.995582454e-05
6.937518029e-05
7.465725729e-05
7.969843814e-05
6.782823686e-05
7.841133331e-05
7.226243696e-05
7.157768144e-05
7.647185936e-05
7.572245561e-05
6.436483586e-05
6.902489082e-05
6.84256466e-05
7.813523775e-05
6.710670983e-05
6.639628884e-05
7.083708261e-05
8.008295605e-05
6.444252301e-05
7.354086638e-05
6.796152396e-05
8.160628842e-05
8.078324039e-05
6.577808031e-05
6.975148692e-05
6.436080127e-05
6.368732447e-05
7.194974492e-05
6.673871197e-05
7.475982316e-05
6.961223121e-05
9.029560822e-05
8.082142191e-05
7.145936826e-05
7.069258303e-05
8.217773547e-05
7.723084201e-05
7.228975561e-05
6.356881455e-05
6.280362437e-05
6.989915442e-05
6.138170224e-05
7.970673754e-05
5.624328273e-05
6.67786206e-05
7.696212362e-05
6.890196835e-05
7.164647535e-05
8.153668579e-05
7.704304242e-05
7.278388911e-05
7.189921014e-05
7.455584028e-05
6.695541765e-05
6.296742549e-05
6.875285497e-05
6.806952072e-05
7.045016475e-05
6.97592232e-05
7.205332182e-05
7.135641926e-05
6.743740656e-05
7.286669596e-05
6.899996817e-05
7.132359512e-05
7.341757155e-05
7.564769386e-05
6.900984177e-05
7.69284404e-05
7.040195855e-05
6.697913228e-05
7.448392077e-05
6.835670818e-05
7.028114005e-05
7.502791228e-05
7.153387769e-05
7.091953897e-05
7.635898359e-05
6.360070588e-05
7.62333164e-05
7.615801832e-05
7.6008103e-05
6.95701336e-05
6.937812931e-05
6.923875092e-05
7.526739401e-05
7.507661644e-05
7.475802645e-05
6.831811773e-05
6.180103675e-05
7.389442568e-05
7.348175865e-05
6.708022146e-05
7.272478964e-05
7.238642123e-05
7.189596994e-05
7.152436615e-05
7.100124883e-05
7.059847826e-05
7.004679536e-05
6.961515121e-05
7.479214682e-05
6.858085716e-05
7.364923571e-05
7.312722994e-05
7.246210818e-05
6.638512732e-05
7.671725462e-05
7.067263194e-05
8.074817757e-05
6.939995188e-05
7.398596562e-05
6.810537718e-05
6.221712369e-05
8.220894406e-05
6.100545065e-05
7.051004303e-05
8.967952061e-05
5.921262316e-05
6.344463793e-05
6.765193224e-05
6.690058186e-05
6.622627116e-05
6.080458208e-05
6.4808583e-05
6.407275489e-05
6.793136642e-05
8.506020051e-05
7.087156126e-05
7.005091054e-05
6.064148747e-05
7.705567043e-05
7.199596976e-05
7.533159583e-05
5.382253206e-05
8.591061618e-05
6.880035766e-05
6.7977435e-05
8.307226784e-05
7.034874006e-05
7.346372594e-05
7.639672961e-05
7.180518474e-05
8.213605987e-05
7.018604373e-05
7.663267619e-05
7.582885929e-05
6.777347478e-05
6.706874965e-05
7.322761952e-05
7.592476089e-05
6.818399534e-05
8.098743133e-05
7.00042777e-05
7.589958113e-05
7.498077882e-05
7.423547e-05
7.015085593e-05
7.262016856e-05
7.48665547e-05
6.796382357e-05
7.325520881e-05
7.255672269e-05
7.169340783e-05
7.101984227e-05
7.60286551e-05
7.242791141e-05
6.871494458e-05
6.808859691e-05
7.290438623e-05
6.947105319e-05
6.867030202e-05
7.078560599e-05
6.459526469e-05
6.936857817e-05
7.386233597e-05
7.584346459e-05
7.597374929e-05
6.327989584e-05
6.952829327e-05
6.945970101e-05
7.562552677e-05
5.663460417e-05
6.902963603e-05
6.889110039e-05
6.864944446e-05
7.470067772e-05
6.818594451e-05
6.797714087e-05
7.379222295e-05
6.739976647e-05
7.311763767e-05
7.281613626e-05
7.236608048e-05
7.202975477e-05
7.154313117e-05
7.117376438e-05
7.065468389e-05
7.025432756e-05
6.970685161e-05
8.08240765e-05
6.870587348e-05
6.825053593e-05
6.76580273e-05
6.717900206e-05
6.65695488e-05
6.606949683e-05
6.54465592e-05
7.574954463e-05
6.965291864e-05
6.376099803e-05
6.838063748e-05
7.821702909e-05
6.70894849e-05
6.648571096e-05
6.578501442e-05
7.519929571e-05
7.439124963e-05
7.858977445e-05
7.773107633e-05
7.21555161e-05
8.086989085e-05
5.650961245e-05
6.518829097e-05
7.373531462e-05
6.834350927e-05
6.762902911e-05
6.68553523e-05
8.819745392e-05
8.281907216e-05
6.899959078e-05
8.098020534e-05
6.324778157e-05
7.083637367e-05
6.595457274e-05
7.331817676e-05
6.44725131e-05
7.166516961e-05
5.908113632e-05
7.004603044e-05
8.469739791e-05
7.226570647e-05
6.397136773e-05
7.063249877e-05
6.988612873e-05
7.267241641e-05
7.550568972e-05
6.038155751e-05
7.732832451e-05
7.291681403e-05
6.185658468e-05
6.789502279e-05
7.392380753e-05
7.634674532e-05
6.572015815e-05
7.466351941e-05
7.070732071e-05
6.98540796e-05
6.916882563e-05
7.454973872e-05
6.76761372e-05
7.294498763e-05
7.224937549e-05
7.138944832e-05
7.071866569e-05
6.988227809e-05
6.923547948e-05
7.127349688e-05
7.627370081e-05
7.538546561e-05
7.194171568e-05
6.837654567e-05
7.319372645e-05
7.503770303e-05
6.641438135e-05
7.354415647e-05
7.030886325e-05
6.929301732e-05
7.555476716e-05
6.917957983e-05
7.539426917e-05
7.524678254e-05
7.513474381e-05
6.868462627e-05
7.477846205e-05
6.830722408e-05
7.432848519e-05
7.401501779e-05
6.763955075e-05
6.730795138e-05
6.706630857e-05
6.669401522e-05
7.245741861e-05
7.201089255e-05
7.167658584e-05
7.712655025e-05
7.082658304e-05
7.031148576e-05
6.991351588e-05
6.937019147e-05
6.894366269e-05
7.977204637e-05
6.792338144e-05
7.294652523e-05
6.68590232e-05
7.177518565e-05
7.12365913e-05
7.59948013e-05
7.000823159e-05
7.466001764e-05
6.346330794e-05
7.329861515e-05
6.747374916e-05
6.164304767e-05
7.636096347e-05
7.052077698e-05
7.48552931e-05
6.911583056e-05
6.845357745e-05
8.705210743e-05
7.182978674e-05
7.103528249e-05
7.032018003e-05
6.953286942e-05
7.799454846e-05
6.804035186e-05
7.18179958e-05
6.212316877e-05
6.585668255e-05
6.943654848e-05
7.299087767e-05
5.940935241e-05
7.136841548e-05
7.467769294e-05
6.156424865e-05
6.894580723e-05
6.018203684e-05
5.946408878e-05
7.451437898e-05
7.362068781e-05
6.516769795e-05
7.953161663e-05
8.61801095e-05
7.403356862e-05
6.9588766e-05
7.236397237e-05
8.234576429e-05
6.36626902e-05
5.950069033e-05
6.915108165e-05
8.21268525e-05
7.098891378e-05
7.695778322e-05
6.610858771e-05
7.198734121e-05
7.758149579e-05
7.681018207e-05
6.955980374e-05
7.200814765e-05
6.804929341e-05
7.045409771e-05
7.263738281e-05
7.194462113e-05
7.405005763e-05
7.042003274e-05
7.248622866e-05
6.894266196e-05
6.813264716e-05
7.313751147e-05
7.784546872e-05
6.888091724e-05
6.808529186e-05
7.288200161e-05
6.671163247e-05
7.406633014e-05
6.538277363e-05
6.74145837e-05
7.521482536e-05
7.517746562e-05
6.257667893e-05
6.876660117e-05
7.487181303e-05
7.476044881e-05
7.455605245e-05
6.82061686e-05
7.414734407e-05
6.779665122e-05
7.364902456e-05
7.342396054e-05
7.306508941e-05
7.280305524e-05
7.240011533e-05
7.210221796e-05
7.165917428e-05
7.132686326e-05
7.084774226e-05
7.048277232e-05
6.997160562e-05
6.957599488e-05
8.629595952e-05
6.861275285e-05
6.804935772e-05
7.323262742e-05
6.701554587e-05
6.654207806e-05
6.594146329e-05
6.544715512e-05
6.483313139e-05
6.432064067e-05
6.369639944e-05
6.316838468e-05
7.817111467e-05
7.232863969e-05
8.692661588e-05
7.094349234e-05
6.518489267e-05
6.954679525e-05
8.354612543e-05
8.274619974e-05
7.221692727e-05
8.104124969e-05
7.543215492e-05
7.467325235e-05
6.92239116e-05
7.30808703e-05
7.225586353e-05
7.597000438e-05
6.185042484e-05
6.11966422e-05
6.481255395e-05
6.839763969e-05
7.605172355e-05
7.941857288e-05
6.60933157e-05
8.173120178e-05
8.076381548e-05
7.590289235e-05
6.710399048e-05
6.638536361e-05
6.559011762e-05
7.634093783e-05
7.919350971e-05
7.088971137e-05
6.634783849e-05
6.19998259e-05
7.926394907e-05
7.130242333e-05
7.748186067e-05
8.016150628e-05
7.230305147e-05
7.496609368e-05
6.732436416e-05
7.996625517e-05
6.912260384e-05
6.842665623e-05
7.72559868e-05
6.692685447e-05
7.241654219e-05
6.858833769e-05
7.084391321e-05
7.320873781e-05
7.233236141e-05
7.164242693e-05
7.373874635e-05
7.012391135e-05
7.506825025e-05
7.151282378e-05
7.067206633e-05
6.722667748e-05
7.474778968e-05
7.133317686e-05
6.779650875e-05
7.257292073e-05
6.908486265e-05
7.111728332e-05
7.03118099e-05
6.970861459e-05
7.484102097e-05
7.480391366e-05
6.84925424e-05
6.842521254e-05
7.450056208e-05
7.438986453e-05
7.418710965e-05
5.552900571e-05
6.763291816e-05
6.746219054e-05
7.328663308e-05
6.697433088e-05
7.270687007e-05
7.244639391e-05
7.20466093e-05
7.175048286e-05
7.131087505e-05
7.098053682e-05
7.050509259e-05
7.598747365e-05
6.963499557e-05
7.50118602e-05
8.015762252e-05
7.397542142e-05
6.772578245e-05
6.727839229e-05
7.225709756e-05
7.1747134e-05
7.110116452e-05
6.514036026e-05
7.528582786e-05
7.469129992e-05
6.868469697e-05
6.811587232e-05
6.743649572e-05
6.17111347e-05
6.616942449e-05
7.061973434e-05
7.487182972e-05
7.417664423e-05
6.849237713e-05
8.237358465e-05
7.668624792e-05
7.118707165e-05
7.50963584e-05
6.50486293e-05
8.270122468e-05
6.366323716e-05
7.643430582e-05
7.118714829e-05
7.037721753e-05
6.092940195e-05
7.743697754e-05
8.512573199e-05
7.57228629e-05
7.491357195e-05
6.992198651e-05
7.324180813e-05
7.237611471e-05
7.557800986e-05
7.860918707e-05
7.776752946e-05
7.299518486e-05
7.221593368e-05
7.885826536e-05
6.687447069e-05
6.606784848e-05
7.989655249e-05
7.175487295e-05
6.74522618e-05
7.364940729e-05
7.982492894e-05
7.542860141e-05
7.125862727e-05
7.709900964e-05
6.967761663e-05
6.883362716e-05
7.13853235e-05
7.372764796e-05
6.347348297e-05
7.211402027e-05
6.830173219e-05
7.361517729e-05
6.986512193e-05
7.2029891e-05
7.134276077e-05
7.343004165e-05
7.273986453e-05
7.187835065e-05
6.836439507e-05
7.037514137e-05
7.252288323e-05
6.616264905e-05
7.103275182e-05
7.291097825e-05
7.494298549e-05
6.614627839e-05
6.819322032e-05
7.519892198e-05
7.455397045e-05
6.826500421e-05
6.823121769e-05
6.815411574e-05
6.808719678e-05
7.413297465e-05
6.785435806e-05
6.766998362e-05
7.367424244e-05
7.341898153e-05
6.713101365e-05
7.292779045e-05
7.270538581e-05
7.23521461e-05
7.20932101e-05
7.169653861e-05
7.140216283e-05
7.096594526e-05
7.06375573e-05
7.016574137e-05
6.980506828e-05
6.930160866e-05
7.465318906e-05
6.837944384e-05
6.796037221e-05
6.740526982e-05
7.254050867e-05
8.851353558e-05
6.591711798e-05
7.621263885e-05
7.023946398e-05
6.423109607e-05
6.90347282e-05
7.888605066e-05
7.823335717e-05
7.745486423e-05
6.654797282e-05
7.60019077e-05
7.029891792e-05
6.459562112e-05
5.907353082e-05
7.305519572e-05
6.270917851e-05
8.5887209e-05
6.142067363e-05
7.009081716e-05
6.476073391e-05
6.861416022e-05
6.338319831e-05
6.714680462e-05
7.087586238e-05
7.882979031e-05
8.666355082e-05
7.281838266e-05
6.356821929e-05
6.70194081e-05
6.630337144e-05
6.55269781e-05
7.292824275e-05
6.806370359e-05
7.921673333e-05
6.262029002e-05
7.356558417e-05
6.886080224e-05
7.191058072e-05
6.356854312e-05
6.659266271e-05
8.406527046e-05
6.147886229e-05
6.430873707e-05
8.131058089e-05
6.984900353e-05
7.603502851e-05
6.828527154e-05
7.434031955e-05
7.010137927e-05
7.929965856e-05
7.507534775e-05
7.431935098e-05
7.342088276e-05
6.636978784e-05
7.181401542e-05
7.110921705e-05
6.719977197e-05
7.259928147e-05
7.172993973e-05
7.104559106e-05
7.312391093e-05
7.243653908e-05
7.444134774e-05
7.37521245e-05
7.288392905e-05
6.666408625e-05
6.863038082e-05
6.529370463e-05
7.798242674e-05
7.462783729e-05
7.113655392e-05
7.3129084e-05
6.971630152e-05
7.167847369e-05
6.792907819e-05
7.406783709e-05
7.398438221e-05
7.391182272e-05
7.376899678e-05
6.752130879e-05
6.121672586e-05
7.331338064e-05
7.306014016e-05
7.2876079e-05
7.257244479e-05
7.235134709e-05
7.20008666e-05
7.17434532e-05
7.134985341e-05
7.105720837e-05
7.650969761e-05
7.029787641e-05
6.98296412e-05
6.947108006e-05
7.471901537e-05
7.429793158e-05
6.805545367e-05
6.763881208e-05
6.708777656e-05
7.775312688e-05
6.607438121e-05
8.201127444e-05
7.043968471e-05
6.99132626e-05
7.991781484e-05
6.87162158e-05
6.28191073e-05
6.749148831e-05
6.682142012e-05
9.172384671e-05
8.574531069e-05
5.998371701e-05
6.925149821e-05
8.821222831e-05
7.272864725e-05
6.723156766e-05
6.650451645e-05
6.585203918e-05
7.908575871e-05
7.829152759e-05
8.197595407e-05
7.662824353e-05
6.685414819e-05
8.37986533e-05
6.976728642e-05
6.903070046e-05
8.529949455e-05
6.751415145e-05
6.673208956e-05
6.189314567e-05
6.524743337e-05
8.068594534e-05
8.372164333e-05
7.099249027e-05
6.625270706e-05
7.32546659e-05
6.476125062e-05
6.783896761e-05
7.074896111e-05
8.104949091e-05
7.279433168e-05
7.922801746e-05
6.759814465e-05
7.393029857e-05
7.303606471e-05
6.883494159e-05
6.800146611e-05
7.066627327e-05
6.981044567e-05
6.580875875e-05
7.151347484e-05
7.722904519e-05
7.311665975e-05
7.553682021e-05
7.462590924e-05
7.081454041e-05
6.996316902e-05
7.229834278e-05
7.143247625e-05
7.075088673e-05
7.573313503e-05
7.213573286e-05
7.413180666e-05
7.062057092e-05
7.258026274e-05
7.468459536e-05
7.38112499e-05
7.314863873e-05
6.962246013e-05
6.635297187e-05
7.083766018e-05
6.762035207e-05
7.71359046e-05
7.137637167e-05
7.37415732e-05
7.370520449e-05
7.362239715e-05
7.355027553e-05
7.340857556e-05
7.329983233e-05
6.701004698e-05
7.295603665e-05
7.270478946e-05
6.647831965e-05
7.222054523e-05
7.200073964e-05
7.165298164e-05
7.139707357e-05
7.100650485e-05
7.071557093e-05
7.02860003e-05
6.996144679e-05
7.528814104e-05
7.490196199e-05
6.864432081e-05
6.825788241e-05
7.337906251e-05
8.415035074e-05
7.233769855e-05
7.186134981e-05
7.124704905e-05
7.074577018e-05
7.011353893e-05
6.42369942e-05
6.894348368e-05
7.89238027e-05
7.816502781e-05
6.201560242e-05
8.698516939e-05
7.10174491e-05
8.033754827e-05
6.966595092e-05
7.386566325e-05
7.31814341e-05
7.723200541e-05
6.215193407e-05
7.09398143e-05
7.024427911e-05
6.484333672e-05
6.419252115e-05
5.894638265e-05
7.629411433e-05
6.656403175e-05
6.587005018e-05
6.512462652e-05
7.302896946e-05
5.945343042e-05
6.722470562e-05
7.060017553e-05
7.806359257e-05
7.30915466e-05
6.829192615e-05
7.542784093e-05
7.069247785e-05
6.597372545e-05
7.678564705e-05
6.44895974e-05
7.506058593e-05
6.674515607e-05
7.337345824e-05
7.249097774e-05
6.813911958e-05
6.377418896e-05
7.712893709e-05
7.273320841e-05
6.854951682e-05
6.43340095e-05
6.702264194e-05
6.952191695e-05
5.898306265e-05
7.445539722e-05
7.370553098e-05
7.281494747e-05
6.895629523e-05
7.431801632e-05
7.358848275e-05
6.967443402e-05
7.199988869e-05
7.706559221e-05
7.045861722e-05
7.251924376e-05
6.896391803e-05
6.814599616e-05
7.032808058e-05
7.783904837e-05
6.886545109e-05
7.894902375e-05
7.014647039e-05
6.933208365e-05
7.400542609e-05
7.837918627e-05
7.251732083e-05
7.169119563e-05
7.361526283e-05
6.726704786e-05
7.334610546e-05
6.715860895e-05
7.319224821e-05
7.305165911e-05
7.294355251e-05
7.274714417e-05
7.260215931e-05
7.235287875e-05
7.217095537e-05
7.187204188e-05
7.165351383e-05
7.130844225e-05
7.105402254e-05
7.066644497e-05
7.037720291e-05
7.578013146e-05
6.962822198e-05
6.916700888e-05
6.88126007e-05
7.970705206e-05
7.359746454e-05
6.741659751e-05
6.700473517e-05
6.646167907e-05
6.602447734e-05
8.182686025e-05
8.125172882e-05
6.979039943e-05
7.459831693e-05
7.390683917e-05
7.85629935e-05
7.262214077e-05
7.202294309e-05
7.131111409e-05
8.079662392e-05
7.497833916e-05
7.430755999e-05
6.373142285e-05
6.314152468e-05
7.68898459e-05
7.139654913e-05
7.533606698e-05
7.45979093e-05
5.994831872e-05
6.391213758e-05
8.126329378e-05
6.702607619e-05
7.069485053e-05
6.558574441e-05
7.78138161e-05
8.554768645e-05
8.034204845e-05
8.785577194e-05
5.78941827e-05
7.364088103e-05
6.873890371e-05
8.000383519e-05
7.511022594e-05
6.648415765e-05
6.56970835e-05
8.411022361e-05
7.933085217e-05
7.474718038e-05
6.277468465e-05
7.306812365e-05
7.579964871e-05
7.857057752e-05
7.762361881e-05
7.331839685e-05
7.588203693e-05
7.509309424e-05
7.081291788e-05
7.342100463e-05
7.253270453e-05
7.179364871e-05
7.092536545e-05
7.340240759e-05
7.251571496e-05
7.17943481e-05
7.401265358e-05
7.023245374e-05
7.240494513e-05
7.170388857e-05
7.084488988e-05
7.309245051e-05
7.222064476e-05
6.867989147e-05
7.917579769e-05
7.283952319e-05
6.644350027e-05
6.583763585e-05
6.777761117e-05
6.985593765e-05
7.435520538e-05
7.896224743e-05
6.764559153e-05
7.479437804e-05
6.884171548e-05
7.330759134e-05
6.694084829e-05
7.29904886e-05
7.290895062e-05
7.283768961e-05
6.664001352e-05
7.25907194e-05
7.239584487e-05
7.225169839e-05
7.200435831e-05
7.182348581e-05
7.152688582e-05
7.130962095e-05
7.09672004e-05
7.071425235e-05
7.619042897e-05
7.004205759e-05
6.961896117e-05
6.929815641e-05
6.884038638e-05
7.419535497e-05
7.366599918e-05
7.325216068e-05
6.710164626e-05
7.224981184e-05
6.615299226e-05
8.214783485e-05
7.05892263e-05
6.470176606e-05
6.947022484e-05
7.425663293e-05
7.356994931e-05
7.820546824e-05
7.229326156e-05
6.6576084e-05
7.099029565e-05
7.037952085e-05
8.459568216e-05
5.918081193e-05
6.34484725e-05
7.736817627e-05
7.17662857e-05
8.529854668e-05
7.500591795e-05
6.498753605e-05
8.264390022e-05
6.36341927e-05
7.192141349e-05
8.008361149e-05
6.599128771e-05
6.53038823e-05
7.317645536e-05
5.9627463e-05
6.736861639e-05
9.164814463e-05
7.000252286e-05
8.147715159e-05
7.24757953e-05
6.771702376e-05
6.298549439e-05
7.78888848e-05
7.311954623e-05
7.614471837e-05
7.14769618e-05
7.443638111e-05
7.354641537e-05
6.912705377e-05
7.189179213e-05
7.824593227e-05
7.730366619e-05
6.60623022e-05
6.869997039e-05
7.478428097e-05
7.388043305e-05
6.647236206e-05
7.223538231e-05
7.474928987e-05
7.384560158e-05
6.992342956e-05
7.221893176e-05
7.150044999e-05
7.063854872e-05
6.994498423e-05
7.21085792e-05
7.141031226e-05
7.055470685e-05
6.988126298e-05
7.192449465e-05
6.839819482e-05
7.321843865e-05
6.975030866e-05
7.444134575e-05
6.829863259e-05
7.289788816e-05
6.689211696e-05
7.669221444e-05
7.07721214e-05
6.995586166e-05
8.218938079e-05
7.363319408e-05
7.551980787e-05
6.661779714e-05
6.658511154e-05
7.255738766e-05
7.248654956e-05
7.234813804e-05
7.224128322e-05
7.204792215e-05
7.190460467e-05
7.165917939e-05
7.147934604e-05
7.118502905e-05
7.096901326e-05
7.062920898e-05
7.624252584e-05
6.999600406e-05
6.971008916e-05
7.506434759e-05
7.471880581e-05
6.851683415e-05
7.952756803e-05
7.896167846e-05
6.730161405e-05
7.792122806e-05
7.744617545e-05
7.133442295e-05
6.54148856e-05
7.026484925e-05
8.050612312e-05
6.383351495e-05
7.39180647e-05
7.8467268e-05
8.304126113e-05
7.710787251e-05
8.157100622e-05
7.06723509e-05
7.006483524e-05
6.935706455e-05
6.873758759e-05
8.260433842e-05
7.22125754e-05
7.14511333e-05
6.133439228e-05
7.001123433e-05
8.319135913e-05
6.857130879e-05
6.335865485e-05
7.608720011e-05
7.53089842e-05
7.446974207e-05
7.802931899e-05
7.7150925e-05
7.209666432e-05
6.708320984e-05
7.051926179e-05
6.560703531e-05
6.896391425e-05
8.019088203e-05
6.743318713e-05
6.664264262e-05
8.919842655e-05
8.048027871e-05
7.582824972e-05
7.118086438e-05
6.671534018e-05
7.32427884e-05
6.884176446e-05
6.80161036e-05
7.083996252e-05
7.698634032e-05
7.271654108e-05
7.868138396e-05
7.786336074e-05
6.68894495e-05
6.951062659e-05
7.194048768e-05
7.444409602e-05
7.354443419e-05
7.596895264e-05
7.505172307e-05
6.811290705e-05
7.035067013e-05
7.268854792e-05
7.181462953e-05
7.111913012e-05
7.026689132e-05
6.959611961e-05
6.876553289e-05
7.095708286e-05
7.011438821e-05
6.946496809e-05
7.962785071e-05
6.529795971e-05
6.722077482e-05
6.928203283e-05
8.164363601e-05
6.525985281e-05
6.708653584e-05
7.41764379e-05
6.321365528e-05
6.51792205e-05
7.232492625e-05
7.228950072e-05
7.220919886e-05
7.213877886e-05
7.200143457e-05
7.189519514e-05
7.170332756e-05
7.156082985e-05
7.131729416e-05
7.11384884e-05
7.084642448e-05
7.06316439e-05
7.615229024e-05
7.004436802e-05
6.966553163e-05
6.938125264e-05
6.896446389e-05
7.436793537e-05
6.819630911e-05
7.915595183e-05
6.736645291e-05
7.257118317e-05
6.648049021e-05
7.158190127e-05
7.646816545e-05
7.596667345e-05
6.994343976e-05
7.479586647e-05
8.47244414e-05
6.832667198e-05
7.811282167e-05
8.266676465e-05
7.676181341e-05
7.105483133e-05
7.538275867e-05
6.477059754e-05
7.39819744e-05
7.332172199e-05
7.740312961e-05
7.189529827e-05
6.165357181e-05
7.046150422e-05
6.041280817e-05
8.743216619e-05
8.193033477e-05
6.308549287e-05
6.684769794e-05
7.057528161e-05
7.851397899e-05
6.90638551e-05
6.401974736e-05
5.912213449e-05
7.515023774e-05
7.022202964e-05
7.758136316e-05
7.271438399e-05
7.187033198e-05
7.505192233e-05
7.807708411e-05
8.110359081e-05
6.488090492e-05
7.551440076e-05
7.088721004e-05
7.382247246e-05
6.564749229e-05
7.57755382e-05
7.486755217e-05
7.407714127e-05
7.667160901e-05
6.897076518e-05
7.495346603e-05
7.754576716e-05
7.32788154e-05
6.92275968e-05
7.164799102e-05
7.091784575e-05
7.324571334e-05
7.250781473e-05
7.474705464e-05
7.400328394e-05
7.006512844e-05
7.239344114e-05
7.15230667e-05
7.083031298e-05
6.998141444e-05
7.220134769e-05
7.704657529e-05
7.066841411e-05
7.541507976e-05
6.918195261e-05
7.109911283e-05
6.503142592e-05
7.497926652e-05
6.899860215e-05
7.606298677e-05
7.539092599e-05
6.424082593e-05
7.132399553e-05
6.798880081e-05
7.239981656e-05
7.19792286e-05
7.194403177e-05
7.186433588e-05
7.179432925e-05
7.165803817e-05
7.155240727e-05
7.136201356e-05
7.122032655e-05
7.09786557e-05
7.080086618e-05
7.051102594e-05
7.615558915e-05
6.996279339e-05
6.971416283e-05
6.933816507e-05
6.905550394e-05
8.008210983e-05
7.402034482e-05
6.787876897e-05
7.3160093e-05
7.264225085e-05
7.779199119e-05
7.720323896e-05
7.125255554e-05
6.524390008e-05
7.561918862e-05
7.498072325e-05
6.913753346e-05
6.325577352e-05
7.325010663e-05
7.257745888e-05
7.200867695e-05
7.641884664e-05
6.063247303e-05
8.505455719e-05
8.928492616e-05
7.365571149e-05
7.299889667e-05
6.743099784e-05
6.680874383e-05
8.49948719e-05
7.950927372e-05
8.328668345e-05
7.3309071e-05
6.344967455e-05
6.281467619e-05
7.099956543e-05
7.027411179e-05
6.515041662e-05
5.587629404e-05
7.649923276e-05
7.569343104e-05
7.899201373e-05
6.992729259e-05
6.505861496e-05
6.436507617e-05
7.554756574e-05
5.507154697e-05
7.386607148e-05
6.538357159e-05
6.841411765e-05
6.76828252e-05
8.174270056e-05
8.087122991e-05
8.717159256e-05
7.187178148e-05
7.101135874e-05
7.026172382e-05
8.330120788e-05
6.868998656e-05
7.125583699e-05
7.051503616e-05
6.966431751e-05
7.223004645e-05
6.487078473e-05
7.063064057e-05
7.61211228e-05
7.535420162e-05
7.444484978e-05
7.370401854e-05
6.978189531e-05
7.210072087e-05
7.123386175e-05
7.054383215e-05
7.260234148e-05
7.478548714e-05
7.389245765e-05
7.319736797e-05
7.232730369e-05
6.614518454e-05
7.081010758e-05
7.01643141e-05
7.467377506e-05
7.664642117e-05
6.791579155e-05
6.731575678e-05
6.653664502e-05
7.864232302e-05
7.021692029e-05
7.210220046e-05
7.163681994e-05
7.160184909e-05
7.152275129e-05
7.145315337e-05
7.131790174e-05
7.121287264e-05
7.102393354e-05
7.08830483e-05
7.064321798e-05
7.633863631e-05
7.017878809e-05
6.996643718e-05
6.963427939e-05
6.938705636e-05
7.476501585e-05
6.873279976e-05
7.401567121e-05
7.367598838e-05
7.31945199e-05
6.721975019e-05
6.67451958e-05
7.190275024e-05
7.135995609e-05
7.638209012e-05
6.494639647e-05
8.065164453e-05
7.464085147e-05
6.882462067e-05
6.821837413e-05
7.292063422e-05
7.741344945e-05
7.168683766e-05
8.622278841e-05
7.545402219e-05
7.471647632e-05
6.419905092e-05
7.82211345e-05
6.298838138e-05
7.672782422e-05
7.12690352e-05
7.052206757e-05
7.916518026e-05
6.449953992e-05
6.843167819e-05
6.317810022e-05
6.701375862e-05
6.627891735e-05
6.560203261e-05
7.784984175e-05
6.848026787e-05
7.194541468e-05
7.537538454e-05
7.038139989e-05
8.192355217e-05
6.478782873e-05
6.409738957e-05
6.33554675e-05
7.443057363e-05
6.968979142e-05
6.8944336e-05
7.948865603e-05
7.489443289e-05
7.400748489e-05
7.321860731e-05
5.787741225e-05
7.873667134e-05
7.425878631e-05
7.347493654e-05
7.950661304e-05
7.525263324e-05
6.758812919e-05
7.02297427e-05
6.938296595e-05
7.520824315e-05
7.107007557e-05
7.674082066e-05
6.633762405e-05
7.192343615e-05
7.105570045e-05
7.340716381e-05
7.252272299e-05
7.181035828e-05
7.390311061e-05
7.025965939e-05
7.230975367e-05
6.875448265e-05
7.076379029e-05
7.570591123e-05
6.64939012e-05
6.587787276e-05
7.052344233e-05
6.719253451e-05
6.90585655e-05
6.843864139e-05
7.544400018e-05
7.993456768e-05
7.136237909e-05
6.821544259e-05
7.492426241e-05
7.923533371e-05
7.723912471e-05
7.1262906e-05
7.118439858e-05
7.111520478e-05
7.098097908e-05
7.087654515e-05
7.068904175e-05
7.054894949e-05
7.031093584e-05
7.013514544e-05
6.984966647e-05
8.124492889e-05
6.930883607e-05
6.90630052e-05
7.441695734e-05
7.411418908e-05
7.367259351e-05
8.46171013e-05
6.725247813e-05
6.69099883e-05
7.751198523e-05
8.258438096e-05
7.103419197e-05
7.060287301e-05
7.542685932e-05
6.95812643e-05
7.430404691e-05
6.851452758e-05
7.313646233e-05
7.259411241e-05
6.165475097e-05
6.6270158e-05
6.564308903e-05
7.512042914e-05
6.942855033e-05
7.375043488e-05
8.761409179e-05
7.236169971e-05
6.684524974e-05
7.095997735e-05
6.08553616e-05
7.41873433e-05
7.339764699e-05
5.451090704e-05
6.740232936e-05
8.007423286e-05
6.159826524e-05
6.096949083e-05
7.752196876e-05
8.524019646e-05
7.164409918e-05
7.505999956e-05
7.421103349e-05
6.118692277e-05
7.25841982e-05
8.37793954e-05
6.703748826e-05
6.632124234e-05
7.325932377e-05
7.629038918e-05
7.162414003e-05
6.712942568e-05
7.370590193e-05
6.562832791e-05
7.205294299e-05
7.485259095e-05
7.043628653e-05
7.666213342e-05
6.541412237e-05
7.494875542e-05
7.741313477e-05
7.660834353e-05
7.239453867e-05
7.816247961e-05
7.078459991e-05
7.006315293e-05
7.236393557e-05
6.540565503e-05
7.07707242e-05
7.311269076e-05
7.223190643e-05
7.152232499e-05
7.066241199e-05
7.28935072e-05
6.913873407e-05
7.133171084e-05
7.329862196e-05
7.260898357e-05
7.174516774e-05
7.108043891e-05
6.483608194e-05
6.692158531e-05
7.671556411e-05
7.340529056e-05
6.477437024e-05
7.190642678e-05
7.361058348e-05
7.548692243e-05
6.715676188e-05
6.904824033e-05
7.68751573e-05
7.092715671e-05
7.084923208e-05
7.07804379e-05
7.064722486e-05
7.054337957e-05
7.035729329e-05
7.021798537e-05
6.998176495e-05
6.980695779e-05
6.952361745e-05
7.50897803e-05
6.898642059e-05
7.447046396e-05
6.837426877e-05
6.809635581e-05
7.897365713e-05
7.299679896e-05
6.694364672e-05
7.215332387e-05
6.613529253e-05
7.672701985e-05
6.527205104e-05
7.56887971e-05
8.044931896e-05
8.525205648e-05
7.925385884e-05
7.345392517e-05
7.801063434e-05
6.194614436e-05
6.649629096e-05
8.120195804e-05
6.535367919e-05
6.481780312e-05
8.393678472e-05
6.363750292e-05
7.754022747e-05
7.20472546e-05
7.131018783e-05
6.123310992e-05
7.457706433e-05
7.386903672e-05
6.39487045e-05
8.141770622e-05
7.159070473e-05
7.530514245e-05
6.133841855e-05
5.637598669e-05
6.433070494e-05
7.639476816e-05
7.97388614e-05
6.644199365e-05
6.979742945e-05
6.905774173e-05
6.8268773e-05
7.54877611e-05
7.068925488e-05
6.604896247e-05
5.75997415e-05
6.078282496e-05
7.133236889e-05
6.685610571e-05
7.707710527e-05
7.26245412e-05
7.176149761e-05
6.744992571e-05
7.365984063e-05
6.941185144e-05
7.200900293e-05
7.464732191e-05
5.028419685e-05
6.966602571e-05
6.882702592e-05
7.460560029e-05
6.729679902e-05
7.295476121e-05
7.207470873e-05
7.134840188e-05
7.355272139e-05
7.282057082e-05
7.194341291e-05
7.420478447e-05
7.038011158e-05
6.969812739e-05
7.460086012e-05
7.388832732e-05
7.862105898e-05
7.788127242e-05
6.596086129e-05
7.351838878e-05
6.995701905e-05
7.198503752e-05
6.323319123e-05
8.094302242e-05
7.22544892e-05
7.161625025e-05
7.331256429e-05
6.766326174e-05
7.679265198e-05
7.367984932e-05
7.062886522e-05
7.647743599e-05
7.639364092e-05
7.044880801e-05
7.031659459e-05
7.606444248e-05
7.002864413e-05
6.989011204e-05
7.54603003e-05
6.948182725e-05
6.920059819e-05
7.47411093e-05
6.866699089e-05
6.842389914e-05
6.805889786e-05
7.343107787e-05
6.738082329e-05
7.825125386e-05
6.663763872e-05
6.629895095e-05
7.132071024e-05
6.546726833e-05
7.580623707e-05
7.534684885e-05
7.474826905e-05
8.486910543e-05
7.36394749e-05
7.312593008e-05
7.24862913e-05
7.708903229e-05
6.620255325e-05
6.568561327e-05
8.508736702e-05
6.949788034e-05
8.357069412e-05
6.823427344e-05
6.755367509e-05
6.695316179e-05
6.153604818e-05
6.565984494e-05
6.961685265e-05
7.815054053e-05
6.367679995e-05
9.008001399e-05
6.683265959e-05
7.05763068e-05
6.5443666e-05
7.341312417e-05
6.406203234e-05
6.339670118e-05
5.851092219e-05
7.030168827e-05
6.542029479e-05
7.686358057e-05
7.598673326e-05
6.726424474e-05
7.040002615e-05
7.738695191e-05
7.26624627e-05
6.431883059e-05
7.478206868e-05
7.398333597e-05
7.311005017e-05
7.233110855e-05
7.147240045e-05
7.424968275e-05
6.987045372e-05
5.530648891e-05
7.172051656e-05
6.758936667e-05
7.011646136e-05
6.938754726e-05
6.855238349e-05
6.13847755e-05
7.0220474e-05
7.266401673e-05
7.178778469e-05
7.415407211e-05
7.326007793e-05
7.253077591e-05
7.16572147e-05
7.390951573e-05
7.01000578e-05
6.942071392e-05
6.858813195e-05
7.076349849e-05
6.712085066e-05
7.2029983e-05
7.117232777e-05
6.780077658e-05
6.431742072e-05
7.169708519e-05
6.297968876e-05
7.541732942e-05
7.71043262e-05
7.38758494e-05
6.546347105e-05
7.987023418e-05
6.661329148e-05
7.093580861e-05
7.615741696e-05
7.026506067e-05
7.01882794e-05
7.012027122e-05
6.998904462e-05
6.988635745e-05
7.551163861e-05
6.95652864e-05
6.933258376e-05
6.91597113e-05
6.888056666e-05
6.867291819e-05
6.835050569e-05
6.810876137e-05
7.339195808e-05
6.747159027e-05
7.825158012e-05
7.23300175e-05
7.186228357e-05
6.599759836e-05
7.099780421e-05
6.517122156e-05
7.007450421e-05
7.500797643e-05
7.441353219e-05
6.336718456e-05
7.331162697e-05
6.240072958e-05
7.732020164e-05
7.16318595e-05
7.605161449e-05
7.042774412e-05
5.979918311e-05
7.907959111e-05
7.831320758e-05
6.793843909e-05
5.765330444e-05
6.190295992e-05
6.127221547e-05
6.537876798e-05
6.932025646e-05
6.408547964e-05
7.699445452e-05
8.072924214e-05
5.767789781e-05
7.906466206e-05
6.082524698e-05
6.020526153e-05
6.804863422e-05
6.734218945e-05
6.659304292e-05
6.177456992e-05
8.143890581e-05
8.05764197e-05
9.160735542e-05
7.487014644e-05
8.569385558e-05
6.165746363e-05
7.617648889e-05
7.159428195e-05
7.820388992e-05
7.736877029e-05
7.64565086e-05
7.56420394e-05
7.118562326e-05
6.690882226e-05
6.611138615e-05
7.918509067e-05
7.483596735e-05
7.405167079e-05
6.651170293e-05
7.569331356e-05
7.153134912e-05
7.401253859e-05
7.31209409e-05
6.922881608e-05
7.461196803e-05
7.078248958e-05
6.99293475e-05
7.224327837e-05
7.137328451e-05
7.0671924e-05
6.982222394e-05
6.914550002e-05
7.400911535e-05
7.048277354e-05
6.963995344e-05
7.726269575e-05
6.543629952e-05
7.563486885e-05
7.473805443e-05
6.876655971e-05
7.318291256e-05
7.252597763e-05
7.167591217e-05
7.104286696e-05
7.523142115e-05
6.960587256e-05
6.880205789e-05
7.065008335e-05
7.580354929e-05
6.993862656e-05
7.568427328e-05
7.561101649e-05
6.966453209e-05
6.956241462e-05
7.516217752e-05
8.078404383e-05
7.476352962e-05
6.884056821e-05
6.85634816e-05
7.405339202e-05
6.803692445e-05
6.779651314e-05
7.305653768e-05
8.955131587e-05
6.67675463e-05
7.200117399e-05
7.15367678e-05
7.117388728e-05
7.067780893e-05
7.569081359e-05
6.976034494e-05
8.533958687e-05
7.408178e-05
6.834216406e-05
7.820001997e-05
7.247864974e-05
7.184757822e-05
6.112864494e-05
7.571860953e-05
7.011985129e-05
6.450056135e-05
7.873604437e-05
5.848094845e-05
7.730875301e-05
7.654080753e-05
7.11201052e-05
7.039688706e-05
6.510008723e-05
6.442443166e-05
7.748844093e-05
5.86298784e-05
7.145720705e-05
7.06907078e-05
7.873377194e-05
7.787811571e-05
8.136717184e-05
8.047306096e-05
7.544650045e-05
7.460858139e-05
6.972306129e-05
7.299468046e-05
7.222187765e-05
7.536708645e-05
6.671615418e-05
8.534608063e-05
6.908333683e-05
6.44883803e-05
7.130516613e-05
7.78891615e-05
6.971874633e-05
7.97761306e-05
6.816373475e-05
7.09011382e-05
6.664151319e-05
7.624500337e-05
7.544052244e-05
7.115042321e-05
7.040478693e-05
6.956032908e-05
6.883721642e-05
7.124817546e-05
7.051433263e-05
6.966526872e-05
6.895510215e-05
7.431728952e-05
6.743754371e-05
6.965331681e-05
7.1958051e-05
7.109159551e-05
7.039293316e-05
7.244435805e-05
6.887245964e-05
8.22225282e-05
7.582060848e-05
7.213913173e-05
7.695707766e-05
6.789284892e-05
7.533526053e-05
7.178286576e-05
7.112803682e-05
6.768529418e-05
7.481744813e-05
7.139008451e-05
6.570534713e-05
6.743744535e-05
6.685155083e-05
7.097325375e-05
6.551377816e-05
6.964888147e-05
7.54164791e-05
6.953954479e-05
6.947230544e-05
6.934301496e-05
6.924146106e-05
6.906086407e-05
6.892460977e-05
8.014455872e-05
7.994508319e-05
7.393674438e-05
7.371425757e-05
7.337005801e-05
7.873496736e-05
7.272416925e-05
6.68581846e-05
7.200383149e-05
8.270227739e-05
6.573617328e-05
7.630354394e-05
7.036068523e-05
6.996934585e-05
6.410675999e-05
6.902934492e-05
7.902104221e-05
7.327304279e-05
6.747428204e-05
6.700505289e-05
6.131350645e-05
7.607614878e-05
8.041440863e-05
7.978815865e-05
5.928103092e-05
6.859603597e-05
7.763890382e-05
6.735439989e-05
6.668669717e-05
8.97006916e-05
7.009763005e-05
6.945404163e-05
6.415227629e-05
7.262266392e-05
8.083900921e-05
8.005232367e-05
7.039571639e-05
6.96939021e-05
8.186365895e-05
5.544159291e-05
8.014112981e-05
7.93098222e-05
7.843043917e-05
6.535275765e-05
7.269679696e-05
8.391529853e-05
8.691278017e-05
6.644544482e-05
6.95463685e-05
6.880429957e-05
6.422885091e-05
7.101837596e-05
7.757695616e-05
8.040355374e-05
6.862241376e-05
7.861135397e-05
7.768080971e-05
8.035029602e-05
7.594240182e-05
7.855668692e-05
6.411935587e-05
7.012611181e-05
7.588418269e-05
7.836035621e-05
7.419301838e-05
6.704371561e-05
7.254507935e-05
7.180552336e-05
7.402492952e-05
7.327876581e-05
7.23959548e-05
7.167506702e-05
7.081212124e-05
7.595914776e-05
7.793225017e-05
6.860156713e-05
7.342668432e-05
6.9927953e-05
7.738227362e-05
6.570331527e-05
7.033001646e-05
6.967815817e-05
7.149915384e-05
6.559896906e-05
7.001013595e-05
7.195137983e-05
7.364604626e-05
7.551277728e-05
6.468103749e-05
7.891590055e-05
7.312708981e-05
6.525200136e-05
7.510558866e-05
6.929477375e-05
6.921965388e-05
6.915279268e-05
7.47764896e-05
6.892345559e-05
7.447286999e-05
7.432606621e-05
6.838108489e-05
6.821103751e-05
6.793798961e-05
7.902269325e-05
7.865470136e-05
7.277890506e-05
6.682597968e-05
7.76482529e-05
7.167910998e-05
7.684102086e-05
7.08945038e-05
8.68130087e-05
7.543457881e-05
6.965717538e-05
7.977738689e-05
7.400940462e-05
7.342707134e-05
7.294971091e-05
7.234536754e-05
7.184272778e-05
7.630716737e-05
8.079403733e-05
8.506944203e-05
6.454692385e-05
7.378163449e-05
8.293644291e-05
7.247445728e-05
6.706612973e-05
6.165958377e-05
7.521615963e-05
8.376108786e-05
6.916049234e-05
6.844543996e-05
7.23176149e-05
6.708419719e-05
7.971810366e-05
7.010317674e-05
6.940465022e-05
6.865301717e-05
8.069565147e-05
6.721004268e-05
7.067022123e-05
7.811001548e-05
6.50860061e-05
7.642363123e-05
6.765557198e-05
7.475746393e-05
6.617692345e-05
6.9266398e-05
7.614167488e-05
7.526047302e-05
6.701104752e-05
6.990845855e-05
8.37228427e-05
6.475210976e-05
7.118071255e-05
6.68219887e-05
6.95928967e-05
6.876562974e-05
6.804018302e-05
7.058932151e-05
6.652346103e-05
6.901294935e-05
7.47998843e-05
6.747538765e-05
6.996039868e-05
7.540229907e-05
7.463358167e-05
6.759028902e-05
7.299157106e-05
7.211242604e-05
7.139430006e-05
7.05348357e-05
7.275157076e-05
7.187685529e-05
6.833279725e-05
7.313889301e-05
6.686765321e-05
6.606741684e-05
7.90799321e-05
7.813677361e-05
7.474310885e-05
6.594229237e-05
8.102246137e-05
7.489936813e-05
7.422703463e-05
7.335468591e-05
7.521407446e-05
6.442436617e-05
8.105917585e-05
7.526377342e-05
7.702792086e-05
6.901052871e-05
6.897727244e-05
6.890269257e-05
6.883620543e-05
8.588600312e-05
7.432572092e-05
6.843040226e-05
7.398692854e-05
7.374217041e-05
7.355895103e-05
6.762950386e-05
7.304522269e-05
6.711321028e-05
6.68767136e-05
7.206842318e-05
8.281978974e-05
6.586828078e-05
7.103234281e-05
6.514862511e-05
7.022068507e-05
6.973489928e-05
6.40133336e-05
6.353957923e-05
6.315636825e-05
7.310403749e-05
7.262922002e-05
7.202891651e-05
8.174735218e-05
7.597536256e-05
7.038784838e-05
6.975440753e-05
8.404328384e-05
6.856707788e-05
6.800769803e-05
8.178711997e-05
7.632036182e-05
8.501267576e-05
7.02165149e-05
7.41404635e-05
6.427811972e-05
7.724655004e-05
6.301322813e-05
8.461953817e-05
7.056592248e-05
7.853969071e-05
7.775751306e-05
7.264371976e-05
7.61343449e-05
7.948541511e-05
7.038140277e-05
6.550922046e-05
7.292410121e-05
5.608420588e-05
6.738194322e-05
6.661882701e-05
6.591056367e-05
6.898867261e-05
7.583659255e-05
7.12120099e-05
8.528358992e-05
7.329523265e-05
7.613877862e-05
7.16617343e-05
7.444374901e-05
6.655810613e-05
7.278406514e-05
8.219383394e-05
7.116094561e-05
6.36156881e-05
7.288843871e-05
6.874247738e-05
7.450674302e-05
7.361249182e-05
6.968668257e-05
7.197821727e-05
7.434195764e-05
7.34470564e-05
6.967717622e-05
7.183110943e-05
7.111572417e-05
7.025971328e-05
6.956902238e-05
7.732413912e-05
6.806612515e-05
7.565540073e-05
6.938179902e-05
6.580920482e-05
7.062209139e-05
7.246329068e-05
7.179156338e-05
6.83110569e-05
6.768782385e-05
7.460499654e-05
7.138581513e-05
7.558512604e-05
6.992321043e-05
7.89781217e-05
6.850571691e-05
7.738350867e-05
7.672257656e-05
7.44203637e-05
7.438455633e-05
6.85886208e-05
7.994292098e-05
7.409569575e-05
6.829612792e-05
6.811946839e-05
7.365087167e-05
6.776112974e-05
6.759291628e-05
7.293412418e-05
6.712175892e-05
7.237842539e-05
7.212360458e-05
7.174496483e-05
7.14552662e-05
7.103837497e-05
7.61547954e-05
8.647836283e-05
6.990859949e-05
6.942616212e-05
7.435197226e-05
6.325973585e-05
6.81184503e-05
6.758498823e-05
7.231153286e-05
7.171522185e-05
7.630485837e-05
8.068952619e-05
7.008356779e-05
6.945423342e-05
7.383721925e-05
7.802723077e-05
7.73911971e-05
7.185838408e-05
6.174714854e-05
6.113871281e-05
8.390447873e-05
7.382926132e-05
5.943667211e-05
7.692431254e-05
6.275074829e-05
8.426869353e-05
7.905796656e-05
6.952533146e-05
6.883329008e-05
8.085737027e-05
7.582274947e-05
7.082876882e-05
6.597170392e-05
6.932148954e-05
6.455898292e-05
6.78276933e-05
6.711051889e-05
7.41576244e-05
7.72309876e-05
7.253056349e-05
6.420385346e-05
8.586122795e-05
7.386492854e-05
7.300493214e-05
6.500345759e-05
7.851682284e-05
6.355721584e-05
6.978557845e-05
7.595013642e-05
6.481490659e-05
6.075591834e-05
7.670719094e-05
6.930316766e-05
7.173478942e-05
7.744266826e-05
6.694948098e-05
6.625986809e-05
6.858078688e-05
7.096707857e-05
7.316149005e-05
6.940622071e-05
7.155197916e-05
7.083931379e-05
7.581895616e-05
7.218609871e-05
7.417090163e-05
7.627671715e-05
7.536118046e-05
6.911190878e-05
7.101575356e-05
7.305274918e-05
7.485413293e-05
7.151161512e-05
7.32784022e-05
8.038944724e-05
7.175041496e-05
6.602732862e-05
6.775959757e-05
6.716133231e-05
7.866718357e-05
7.798410345e-05
7.4669133e-05
7.16434158e-05
6.838377107e-05
7.974273896e-05
6.827739924e-05
6.821164821e-05
6.808608593e-05
6.798672704e-05
6.781134738e-05
7.331785382e-05
7.307662766e-05
7.289537421e-05
7.260593294e-05
7.795654783e-05
7.205381109e-05
7.180035975e-05
7.69185814e-05
6.566423575e-05
7.616245966e-05
7.581625847e-05
7.533340136e-05
6.959927567e-05
7.4437081e-05
7.402462992e-05
6.823087554e-05
6.782013756e-05
6.729024928e-05
6.685399758e-05
7.14042477e-05
7.597446029e-05
7.02989793e-05
6.978190663e-05
7.409639113e-05
5.881706086e-05
6.798307366e-05
6.261298312e-05
7.155425858e-05
7.094564656e-05
6.556476069e-05
6.498498538e-05
6.892561944e-05
6.374157661e-05
6.308626662e-05
7.588125597e-05
7.508698343e-05
6.560998416e-05
7.356746435e-05
5.998223285e-05
7.628913081e-05
8.390410464e-05
6.639186816e-05
6.570427349e-05
6.49804321e-05
7.233599141e-05
6.755534148e-05
7.077311202e-05
6.219898944e-05
8.076874885e-05
7.98464916e-05
7.523370395e-05
7.064791415e-05
8.092980151e-05
6.908107603e-05
6.834420581e-05
7.109834874e-05
6.330748205e-05
7.646336731e-05
7.221389193e-05
6.456168875e-05
6.724289876e-05
7.973036393e-05
7.560771207e-05
7.470382924e-05
7.071306936e-05
6.986528468e-05
6.914562584e-05
7.142014535e-05
7.06919313e-05
6.376836873e-05
6.913736438e-05
7.127500986e-05
7.350525395e-05
6.971585732e-05
7.765917804e-05
6.820039544e-05
7.035310081e-05
6.67282131e-05
6.60903457e-05
8.434426894e-05
7.276938809e-05
6.657448687e-05
6.859555123e-05
7.03863838e-05
6.716104868e-05
6.38130525e-05
7.588829163e-05
6.999447226e-05
6.937651328e-05
7.346126642e-05
7.282347666e-05
7.197611855e-05
7.374037162e-05
7.942041582e-05
6.80419889e-05
7.363307171e-05
6.79036004e-05
6.777894137e-05
7.332012661e-05
7.313150133e-05
7.86022827e-05
6.715231484e-05
7.815021334e-05
7.228068209e-05
6.652074026e-05
6.621424205e-05
7.147999944e-05
7.110668115e-05
7.082008036e-05
6.499291703e-05
7.008923821e-05
7.500119132e-05
7.995308898e-05
6.352321573e-05
6.317156336e-05
8.360983932e-05
6.233023961e-05
6.699806989e-05
7.168442378e-05
7.617424158e-05
7.56469111e-05
6.999723596e-05
7.44458906e-05
7.869893657e-05
6.344704107e-05
7.736547008e-05
8.632783747e-05
5.700215722e-05
7.064711694e-05
7.461731479e-05
7.395797015e-05
8.236645793e-05
6.801069651e-05
5.833775708e-05
6.667745843e-05
8.357566039e-05
8.276471008e-05
6.89569344e-05
7.253821413e-05
6.753696285e-05
6.68507983e-05
7.438899609e-05
7.361887778e-05
6.876417797e-05
6.404042615e-05
8.70749234e-05
6.657417782e-05
6.969536928e-05
7.278586599e-05
7.195585017e-05
8.242942408e-05
6.666556203e-05
7.328247067e-05
6.880961688e-05
6.449284052e-05
7.790196133e-05
7.356965364e-05
6.924086e-05
7.535748231e-05
7.446472203e-05
7.70284644e-05
7.942086334e-05
7.203971804e-05
7.117904502e-05
7.043916464e-05
6.95951235e-05
7.513989373e-05
7.423757432e-05
7.348060106e-05
6.957209407e-05
7.18649561e-05
7.100017652e-05
7.029288939e-05
7.234070262e-05
7.162934929e-05
7.076811199e-05
7.008172159e-05
7.200993914e-05
6.583524364e-05
6.775681093e-05
7.785771429e-05
6.896961215e-05
7.358629991e-05
7.011358234e-05
7.20469334e-05
7.119299634e-05
6.803416089e-05
7.719207282e-05
7.651061064e-05
6.829602057e-05
7.012112505e-05
7.169401465e-05
7.582089785e-05
6.776829546e-05
8.466979839e-05
6.766335295e-05
7.323151594e-05
7.309743513e-05
6.737625982e-05
7.840395807e-05
7.825006185e-05
7.242299086e-05
6.668645781e-05
6.642307594e-05
7.174293658e-05
6.591991396e-05
6.568844789e-05
7.623730083e-05
7.050670347e-05
6.470627664e-05
6.441268679e-05
6.933819138e-05
6.898876797e-05
7.378661024e-05
7.861983933e-05
6.243480279e-05
6.205964537e-05
7.697125021e-05
6.627672118e-05
8.09032235e-05
6.527921757e-05
7.467650558e-05
7.412818766e-05
7.346680114e-05
7.289757972e-05
6.740893366e-05
6.686078807e-05
8.514439877e-05
7.035108913e-05
7.895022329e-05
6.904684916e-05
8.202502684e-05
5.869863687e-05
7.150450014e-05
7.525689574e-05
7.447199036e-05
7.808800886e-05
7.296846977e-05
6.799367326e-05
6.726359604e-05
6.658051624e-05
6.997348326e-05
6.924935637e-05
6.04313551e-05
7.574380776e-05
8.278588758e-05
6.240866756e-05
6.55624677e-05
6.868188694e-05
6.035528037e-05
7.837234176e-05
6.64035963e-05
7.299467292e-05
5.771813289e-05
7.137836498e-05
7.054375246e-05
7.328283222e-05
6.55230934e-05
7.165258248e-05
7.080442085e-05
7.339384356e-05
7.58173498e-05
7.176118643e-05
7.412731626e-05
7.335679973e-05
6.932704364e-05
7.485044297e-05
7.08706607e-05
7.014798817e-05
7.231796095e-05
7.158871558e-05
7.072745453e-05
7.294044396e-05
7.206287112e-05
7.135418274e-05
7.613595035e-05
6.981242795e-05
7.44920918e-05
7.377986626e-05
7.289575821e-05
7.220920987e-05
7.663118656e-05
7.330267114e-05
7.242966095e-05
7.689508773e-05
6.838475369e-05
7.530101379e-05
6.697098059e-05
7.129680921e-05
6.560062402e-05
7.225692553e-05
7.379458392e-05
6.844455812e-05
6.746469365e-05
6.743243119e-05
6.736045304e-05
6.729577704e-05
6.717289132e-05
7.825430546e-05
6.690348492e-05
6.677227163e-05
6.655434258e-05
7.19221573e-05
6.612816447e-05
6.593038931e-05
6.562819092e-05
6.539795013e-05
8.132267813e-05
7.559578677e-05
7.515917909e-05
6.413011638e-05
7.434548439e-05
6.8687513e-05
6.297053095e-05
7.827821931e-05
6.734496764e-05
8.238852056e-05
6.131193005e-05
6.091551272e-05
6.545249186e-05
7.500021329e-05
7.435870085e-05
7.381318482e-05
5.852480108e-05
7.74289692e-05
7.192016247e-05
7.133579954e-05
7.06571342e-05
7.939853605e-05
7.39974556e-05
7.792856249e-05
6.353387811e-05
7.194668475e-05
8.011250033e-05
7.053981443e-05
6.5442579e-05
6.048774444e-05
7.267261546e-05
6.348593844e-05
7.536648746e-05
7.460146228e-05
7.379254573e-05
6.491483491e-05
7.624113902e-05
8.338330008e-05
7.067779715e-05
7.770157831e-05
7.682775497e-05
7.601210929e-05
7.514755053e-05
5.9477706e-05
7.349297925e-05
7.270912682e-05
6.827304896e-05
7.110020329e-05
6.675620196e-05
7.299823854e-05
7.557503733e-05
7.477400577e-05
6.717238835e-05
6.6464083e-05
7.552530624e-05
6.823549123e-05
7.384238379e-05
6.989767203e-05
6.906102114e-05
7.456321367e-05
7.05990769e-05
7.291736726e-05
7.204109054e-05
7.13145906e-05
7.339252047e-05
7.266128148e-05
7.465865216e-05
7.108112222e-05
7.30355282e-05
7.510881161e-05
7.420683302e-05
7.349726504e-05
6.992682626e-05
6.926818171e-05
7.107238393e-05
6.780541894e-05
6.957427452e-05
6.893939283e-05
8.073619653e-05
6.750969328e-05
7.659545643e-05
6.612329955e-05
7.260706391e-05
7.19769429e-05
7.113638933e-05
7.523146155e-05
8.95517333e-05
7.272604044e-05
6.706025295e-05
6.699592778e-05
6.687391248e-05
7.234137956e-05
6.660624211e-05
7.201536269e-05
6.625933233e-05
7.711146248e-05
7.132218187e-05
7.657898018e-05
7.078395837e-05
7.596167883e-05
7.017026968e-05
6.451218165e-05
7.483060039e-05
6.917084887e-05
7.930919106e-05
6.838887758e-05
7.314740932e-05
6.235164421e-05
9.284504573e-05
6.665256496e-05
8.139884298e-05
6.065476511e-05
7.520020759e-05
7.965972603e-05
6.910735035e-05
6.860079131e-05
7.284782014e-05
7.228432792e-05
7.161901078e-05
6.156588125e-05
7.505394238e-05
6.511531992e-05
7.829708274e-05
6.847650879e-05
7.683110974e-05
8.508596419e-05
7.092012042e-05
6.147048048e-05
7.821210656e-05
7.745448574e-05
6.386395639e-05
6.322989035e-05
7.506387908e-05
6.191855263e-05
6.94146767e-05
6.061489454e-05
7.194156602e-05
7.118777761e-05
6.257643313e-05
7.739476444e-05
7.652559066e-05
7.192770866e-05
7.111065664e-05
7.035342219e-05
7.32064368e-05
7.242580606e-05
8.232534159e-05
8.144783135e-05
7.69975155e-05
7.271584675e-05
7.186151937e-05
7.10999317e-05
6.356829833e-05
6.951889494e-05
7.523550391e-05
7.444737756e-05
6.716314353e-05
7.596003902e-05
6.87970324e-05
7.427818036e-05
7.338737387e-05
6.961235192e-05
7.176633205e-05
7.400266349e-05
7.311275835e-05
6.948887781e-05
7.723464649e-05
7.36425494e-05
6.716039568e-05
7.205120206e-05
7.118583394e-05
7.050508639e-05
7.233901516e-05
7.69655599e-05
7.080058559e-05
7.274192268e-05
7.187467251e-05
6.867524652e-05
7.288623934e-05
6.725048012e-05
7.137797443e-05
7.562712431e-05
7.232672718e-05
7.169912165e-05
7.558487137e-05
6.791452619e-05
6.686557837e-05
7.240317285e-05
6.676271674e-05
7.225696695e-05
7.767384717e-05
6.648084148e-05
8.288953604e-05
6.618178965e-05
7.14641697e-05
7.128765566e-05
7.647048342e-05
7.079629327e-05
6.505242286e-05
6.482459514e-05
6.986358933e-05
6.42304569e-05
6.918310483e-05
7.416773989e-05
7.896551066e-05
8.9044467e-05
6.24273805e-05
7.243022173e-05
6.676703337e-05
7.657722269e-05
7.598572205e-05
7.046228027e-05
6.489690273e-05
7.436447886e-05
6.881572871e-05
7.807055251e-05
7.737837287e-05
7.198155505e-05
6.656567923e-05
7.074179448e-05
6.540001561e-05
6.484585894e-05
6.421433386e-05
8.638015273e-05
7.201556342e-05
6.689850629e-05
7.063149792e-05
7.871229048e-05
7.356816042e-05
7.2855921e-05
8.056899291e-05
7.976947247e-05
7.891722942e-05
6.989404026e-05
6.913860708e-05
6.439899781e-05
5.971412869e-05
5.908866439e-05
6.622574429e-05
7.323584581e-05
6.47919248e-05
6.410443696e-05
8.201752905e-05
8.483274321e-05
8.386043809e-05
6.853745049e-05
6.417926949e-05
7.055033359e-05
7.321428787e-05
7.24356314e-05
6.817654209e-05
7.082679095e-05
6.66575884e-05
7.584804104e-05
7.494791711e-05
7.093836628e-05
7.32790401e-05
6.621151208e-05
7.165028393e-05
6.166276495e-05
7.006210622e-05
7.236270224e-05
7.14936614e-05
7.077259079e-05
7.57485258e-05
7.210931841e-05
6.839235385e-05
7.05412233e-05
7.24807773e-05
7.453816868e-05
6.546028429e-05
7.56399342e-05
7.20638206e-05
6.34532701e-05
6.530635016e-05
7.246475339e-05
7.671466665e-05
6.841311668e-05
7.761486008e-05
6.94744814e-05
6.865237969e-05
6.804645412e-05
7.445016513e-05
7.380421809e-05
6.823445893e-05
7.698396665e-05
7.766499228e-05
6.653830092e-05
7.200679321e-05
6.640417465e-05
7.18075244e-05
8.825017898e-05
7.152124454e-05
7.138131839e-05
6.56770889e-05
7.643416804e-05
7.069718072e-05
7.048627269e-05
8.096038846e-05
7.529861643e-05
6.955957802e-05
7.460971238e-05
6.888327373e-05
6.85718444e-05
7.862479604e-05
6.258399686e-05
7.251918786e-05
7.727094297e-05
7.15957524e-05
6.608372545e-05
6.557442413e-05
8.018654638e-05
7.45645734e-05
6.4177218e-05
6.852655792e-05
5.83072297e-05
7.70551277e-05
6.690255415e-05
6.628926327e-05
5.635878898e-05
6.978222698e-05
7.841689442e-05
7.308673896e-05
6.791551347e-05
8.068714726e-05
7.550960186e-05
7.474179104e-05
6.968329425e-05
7.327173939e-05
6.829436388e-05
7.179927422e-05
7.108713275e-05
7.032890025e-05
7.371100747e-05
8.101732314e-05
7.216215903e-05
6.344407636e-05
7.847470285e-05
6.984643838e-05
7.294893124e-05
6.833550321e-05
7.512290329e-05
6.684455302e-05
6.980715218e-05
7.264000325e-05
6.108587671e-05
6.0380158e-05
7.730643345e-05
7.640612941e-05
6.872149276e-05
7.470711105e-05
8.063513232e-05
7.304344976e-05
6.570310137e-05
7.141632398e-05
7.709265824e-05
6.347876463e-05
6.595991672e-05
7.448188761e-05
7.371460172e-05
7.283131033e-05
7.208852214e-05
7.122305489e-05
7.050466864e-05
6.965720082e-05
7.758338723e-05
7.381146557e-05
7.308531134e-05
7.498372516e-05
6.875563567e-05
7.336401616e-05
6.997110689e-05
7.179071192e-05
7.374819884e-05
6.505849824e-05
7.218968828e-05
6.878069151e-05
7.067716476e-05
7.233078477e-05
7.168153409e-05
7.327512177e-05
7.747033001e-05
7.177249827e-05
6.877820185e-05
7.031602801e-05
7.668817685e-05
7.732317859e-05
6.624550358e-05
6.61754954e-05
6.611220093e-05
6.59927342e-05
7.687983563e-05
6.573015253e-05
7.106846463e-05
6.538978768e-05
7.609996298e-05
8.121781146e-05
7.017895547e-05
6.98605587e-05
6.96163067e-05
6.925820105e-05
6.898051902e-05
7.913772726e-05
6.827621583e-05
6.78487411e-05
7.789425162e-05
7.220910641e-05
6.66821309e-05
7.129115971e-05
7.08646952e-05
7.031976488e-05
7.485718244e-05
6.930071764e-05
6.390750718e-05
6.823980721e-05
7.741813089e-05
8.632639348e-05
5.710684427e-05
7.073050014e-05
7.483477349e-05
6.949538632e-05
7.80950524e-05
7.278812798e-05
6.763844873e-05
7.5895054e-05
7.077967085e-05
7.006124363e-05
7.807769009e-05
6.868489173e-05
6.802066074e-05
5.889289944e-05
6.663892276e-05
8.241162297e-05
8.157654923e-05
6.859300358e-05
7.986411767e-05
7.109443402e-05
7.425860507e-05
7.730405337e-05
7.266425598e-05
6.806987319e-05
6.360644052e-05
7.76835182e-05
6.587733417e-05
7.597806394e-05
6.44300448e-05
7.430090918e-05
6.650845853e-05
6.22749518e-05
7.18816301e-05
7.103938744e-05
7.698073418e-05
7.276568106e-05
7.199862833e-05
7.437928925e-05
7.360023292e-05
6.956230393e-05
5.945210941e-05
6.80170382e-05
7.343600736e-05
7.255642664e-05
7.181641192e-05
7.095448918e-05
7.316538269e-05
7.228612428e-05
6.870305084e-05
6.787691683e-05
6.720908563e-05
7.193439024e-05
7.397613134e-05
7.038037797e-05
7.506922642e-05
6.887078898e-05
7.084578403e-05
7.259002298e-05
7.705361087e-05
6.598238751e-05
6.789481474e-05
7.205622021e-05
7.140943682e-05
7.056305252e-05
6.752860143e-05
7.626512735e-05
7.087837884e-05
7.238165494e-05
7.40796619e-05
8.798212623e-05
6.595527182e-05
8.784765535e-05
7.130801549e-05
7.117949149e-05
7.107632013e-05
7.089682366e-05
7.075834128e-05
7.053040484e-05
6.49445724e-05
7.547404123e-05
8.062419969e-05
8.560995623e-05
6.398316812e-05
7.426399544e-05
6.868317652e-05
8.930406149e-05
7.321259654e-05
7.275530441e-05
7.239061827e-05
7.190166539e-05
6.6398544e-05
7.098914772e-05
6.552451319e-05
6.502176369e-05
6.460319816e-05
7.886890092e-05
6.85354426e-05
6.795544632e-05
7.227749269e-05
8.119271431e-05
8.056670154e-05
7.513515609e-05
8.850086807e-05
6.459683453e-05
6.405069294e-05
7.249194714e-05
6.287272637e-05
5.780265206e-05
7.049380898e-05
7.850200008e-05
7.344397774e-05
7.268600609e-05
6.774914268e-05
6.703869698e-05
7.467122841e-05
9.029455342e-05
8.937999555e-05
7.636146756e-05
7.159548652e-05
7.081647279e-05
8.175468725e-05
6.545281464e-05
6.857222581e-05
8.287436698e-05
7.826864615e-05
7.738405134e-05
6.562354737e-05
7.568638134e-05
7.48799773e-05
7.049214719e-05
7.322835787e-05
7.582375846e-05
7.501769018e-05
6.402955472e-05
7.668837093e-05
7.249001695e-05
6.194511851e-05
7.731985953e-05
6.694628304e-05
6.614996237e-05
7.169693502e-05
7.084099912e-05
7.315951089e-05
7.228361012e-05
7.154634822e-05
7.363327213e-05
6.997486422e-05
7.201471785e-05
6.844504331e-05
7.325727588e-05
6.695671657e-05
7.44205925e-05
7.096871327e-05
7.011592791e-05
8.01290249e-05
6.861174477e-05
7.05792541e-05
7.231660331e-05
7.420455319e-05
6.320520172e-05
7.765913065e-05
7.178373224e-05
7.359248013e-05
7.271951514e-05
6.487002608e-05
7.360092201e-05
6.354806186e-05
7.21055371e-05
7.610336419e-05
7.117360589e-05
6.566757206e-05
7.106505681e-05
7.645853721e-05
7.632108261e-05
7.621054912e-05
6.515878533e-05
7.045091276e-05
7.022454892e-05
7.544024464e-05
6.441226248e-05
8.562743493e-05
7.991334003e-05
7.963440706e-05
6.866321437e-05
6.838838643e-05
7.84605848e-05
7.289965893e-05
6.727072544e-05
7.208257908e-05
6.648277185e-05
7.628926036e-05
7.068968377e-05
7.528666294e-05
7.969096882e-05
7.917841222e-05
8.344848663e-05
6.337482976e-05
7.250726305e-05
7.197799055e-05
8.085773299e-05
7.079540974e-05
7.950368121e-05
6.494411046e-05
7.352396982e-05
5.923352833e-05
5.866101061e-05
7.603651896e-05
7.528358612e-05
7.45983873e-05
8.253139685e-05
8.175619831e-05
5.110350863e-05
6.747978364e-05
6.260000685e-05
5.37160155e-05
7.358657046e-05
6.879480586e-05
7.205923468e-05
7.527744548e-05
7.05406766e-05
6.980277364e-05
6.51991652e-05
7.969115293e-05
7.129724731e-05
7.796697402e-05
6.607447242e-05
6.173994687e-05
7.180659976e-05
7.459377368e-05
7.022358578e-05
7.64232929e-05
7.553588948e-05
7.473299291e-05
7.385889348e-05
7.639822e-05
7.878156393e-05
7.795121786e-05
7.060969324e-05
7.304610003e-05
7.217775169e-05
7.453311282e-05
7.057528486e-05
7.28850887e-05
7.201283752e-05
7.127830805e-05
7.335769631e-05
7.552234812e-05
7.461515552e-05
6.818896637e-05
6.736919085e-05
6.94856622e-05
7.139617928e-05
7.07031543e-05
6.985345773e-05
7.45070662e-05
6.572561725e-05
6.510622415e-05
7.204523565e-05
7.137688114e-05
7.304241599e-05
6.988002219e-05
6.904732162e-05
7.575907501e-05
6.520037358e-05
7.419913242e-05
6.622644007e-05
7.503101534e-05
7.878295512e-05
7.121948448e-05
7.086444362e-05
7.083090227e-05
7.619940988e-05
6.52514846e-05
7.599022196e-05
7.588025685e-05
7.02832115e-05
7.554200133e-05
6.992133425e-05
6.974932373e-05
6.947947399e-05
6.394419222e-05
7.426562865e-05
7.400662261e-05
7.362873345e-05
7.857244156e-05
6.250107244e-05
7.258938516e-05
8.759628592e-05
7.177715035e-05
7.12945709e-05
7.090304893e-05
7.039273576e-05
7.996884408e-05
6.447834102e-05
6.899198002e-05
7.821333922e-05
7.767607038e-05
6.257993441e-05
6.212349893e-05
7.578871003e-05
7.520528686e-05
7.91789339e-05
7.391912384e-05
6.407225137e-05
7.260723254e-05
5.842424103e-05
7.127536436e-05
7.939221056e-05
7.429951669e-05
7.354935329e-05
7.714474646e-05
7.635130223e-05
6.721255796e-05
7.898071609e-05
6.585167955e-05
6.922594484e-05
8.867990166e-05
7.576591492e-05
5.919803712e-05
6.636329692e-05
7.725801651e-05
7.640879307e-05
6.426304828e-05
8.223750433e-05
7.02707024e-05
8.410551421e-05
7.235755008e-05
6.795638044e-05
7.077119007e-05
6.645920979e-05
6.575155516e-05
6.156834387e-05
6.42981145e-05
7.692498289e-05
7.611025637e-05
7.521513061e-05
7.765818997e-05
6.714735714e-05
6.960814431e-05
7.503399901e-05
6.8066292e-05
7.336858066e-05
7.261271754e-05
7.174408596e-05
7.101226875e-05
7.016080848e-05
7.234683624e-05
7.147797357e-05
6.793479844e-05
6.991475585e-05
7.199575709e-05
7.386585512e-05
7.585800418e-05
7.494624875e-05
6.89270508e-05
6.54802488e-05
7.00521656e-05
7.177589698e-05
8.126856872e-05
6.77503202e-05
6.96182889e-05
7.370161297e-05
6.817073082e-05
7.217227084e-05
6.915094988e-05
7.304544225e-05
7.241208731e-05
7.386794684e-05
6.866127584e-05
6.513042055e-05
7.052460695e-05
7.045079919e-05
6.496953794e-05
8.647110579e-05
7.01561855e-05
8.074658235e-05
6.447138546e-05
8.03316078e-05
7.479186632e-05
6.38599141e-05
6.367017698e-05
6.338418003e-05
7.895413092e-05
6.807836349e-05
6.780633312e-05
7.260860319e-05
7.228174136e-05
6.670247503e-05
7.657960611e-05
7.099485194e-05
7.060530993e-05
8.011231097e-05
7.465755916e-05
6.914925421e-05
6.870525257e-05
7.302152649e-05
6.768564795e-05
7.191043668e-05
8.090455436e-05
6.604376041e-05
7.489800179e-05
7.885682879e-05
9.202358302e-05
5.925506037e-05
8.135330399e-05
8.056990397e-05
7.986291932e-05
6.150273492e-05
8.706238979e-05
8.187565536e-05
7.256988343e-05
6.759977119e-05
7.950008549e-05
7.038943558e-05
7.789214152e-05
7.706801272e-05
6.022769415e-05
6.355503888e-05
6.683075017e-05
8.166139215e-05
6.541575952e-05
6.469771877e-05
7.531308602e-05
7.819896908e-05
7.737055284e-05
6.192804167e-05
6.126968605e-05
7.482461793e-05
7.402788016e-05
6.272329998e-05
7.23981278e-05
6.815150871e-05
7.754139732e-05
6.997203376e-05
7.58244554e-05
6.84174422e-05
7.092007715e-05
6.68964419e-05
6.619587939e-05
7.16394281e-05
7.08948562e-05
7.309543487e-05
7.23423745e-05
7.147733291e-05
7.074820799e-05
6.990017934e-05
6.919492065e-05
7.121259066e-05
6.768251825e-05
8.080004668e-05
7.172842564e-05
7.631719014e-05
6.747880217e-05
7.200107519e-05
6.602969904e-05
6.523670557e-05
7.23764353e-05
7.150856465e-05
7.590546693e-05
7.249735023e-05
6.935850891e-05
8.076863215e-05
7.276696135e-05
7.669517417e-05
6.88917657e-05
7.981317363e-05
7.213993963e-05
7.588901464e-05
6.156219267e-05
6.484994517e-05
8.102417222e-05
7.554360723e-05
7.008085212e-05
8.609946582e-05
8.060162925e-05
6.432011984e-05
6.954444943e-05
6.399017811e-05
6.915242163e-05
6.358727712e-05
7.396491684e-05
7.363349322e-05
6.813588838e-05
6.257506927e-05
7.790654551e-05
6.71374801e-05
7.711788667e-05
8.175007358e-05
8.642556248e-05
7.574747405e-05
6.528791381e-05
8.975090797e-05
6.939047128e-05
6.394392643e-05
7.330810554e-05
6.302447597e-05
6.740704686e-05
6.206693382e-05
8.531303295e-05
7.517098435e-05
6.52690654e-05
6.467780426e-05
6.87384735e-05
7.717528825e-05
8.102612436e-05
7.133094143e-05
7.954362737e-05
7.876020483e-05
6.937308493e-05
7.725948321e-05
6.377922703e-05
7.154219146e-05
8.335550768e-05
7.423844385e-05
6.533710349e-05
7.2727771e-05
7.199238263e-05
5.143865998e-05
6.657240451e-05
6.972602832e-05
7.283052669e-05
7.203221541e-05
7.502480974e-05
6.67721088e-05
6.606492945e-05
6.895092939e-05
7.180850808e-05
6.74424976e-05
6.672450855e-05
6.248703672e-05
7.899465235e-05
7.129046571e-05
7.053300594e-05
7.302972084e-05
7.225641052e-05
7.140793514e-05
7.065546953e-05
6.982108039e-05
7.223037112e-05
6.516689536e-05
7.370240321e-05
7.282431534e-05
7.207403701e-05
7.121255615e-05
7.048610379e-05
7.254320768e-05
6.893878884e-05
7.094917108e-05
7.024177587e-05
6.939758932e-05
7.970881122e-05
6.788826543e-05
6.722910519e-05
6.907770654e-05
6.84166202e-05
7.539416203e-05
6.953289138e-05
7.378761688e-05
7.310296545e-05
6.973724085e-05
7.403642191e-05
6.583724884e-05
7.491241837e-05
7.402097488e-05
6.626780967e-05
7.717559297e-05
7.418821155e-05
7.560386816e-05
6.587402294e-05
8.071484387e-05
6.991989528e-05
6.984706936e-05
6.441289162e-05
6.965644294e-05
8.025678982e-05
7.471956539e-05
6.392072903e-05
7.433698454e-05
7.415453812e-05
6.331695818e-05
7.891141491e-05
6.808419787e-05
7.306635358e-05
7.269596019e-05
7.240595805e-05
7.199778025e-05
7.167421102e-05
7.123172482e-05
8.606395617e-05
6.537413167e-05
6.501603747e-05
7.448215092e-05
6.910295652e-05
7.347695476e-05
7.300595194e-05
6.759390664e-05
7.672083413e-05
7.132335536e-05
7.552469195e-05
7.018676468e-05
5.571817792e-05
8.742281919e-05
7.758971107e-05
8.138720529e-05
8.070156583e-05
7.104647753e-05
7.482538507e-05
7.408974032e-05
6.909844984e-05
6.840442267e-05
7.623383489e-05
6.287809466e-05
6.227196627e-05
7.805745633e-05
7.32181719e-05
8.049549088e-05
7.96818962e-05
7.883137107e-05
7.021699256e-05
8.103508493e-05
8.01884746e-05
6.042722515e-05
7.100179531e-05
8.499582466e-05
7.678318723e-05
6.869015273e-05
7.511395481e-05
6.718845966e-05
7.696910374e-05
7.262797112e-05
6.843335358e-05
6.764176802e-05
7.696164826e-05
6.945029483e-05
7.525924471e-05
7.437619104e-05
7.359250317e-05
7.58859376e-05
7.509129927e-05
7.420077393e-05
7.342959975e-05
7.255519961e-05
7.180768284e-05
7.094973379e-05
7.022593448e-05
6.938468724e-05
6.868454624e-05
6.786018541e-05
7.838079383e-05
7.190753922e-05
7.119967469e-05
7.034356242e-05
6.430199937e-05
6.352886547e-05
7.602933278e-05
6.993541502e-05
7.697347835e-05
6.844483601e-05
7.283266005e-05
7.196035912e-05
6.638598198e-05
8.016909844e-05
6.98192673e-05
7.374556458e-05
7.073708551e-05
7.455769578e-05
7.391146881e-05
7.075595609e-05
7.015358698e-05
6.429617951e-05
6.962141165e-05
7.489899646e-05
7.482781848e-05
7.469497677e-05
7.458722926e-05
7.440171833e-05
7.956114153e-05
6.873421534e-05
6.856564921e-05
8.406523712e-05
6.286204301e-05
6.779688333e-05
8.315224874e-05
7.239026565e-05
8.240196422e-05
7.169620656e-05
6.627609816e-05
6.586787469e-05
7.562237929e-05
9.014223448e-05
6.972690961e-05
7.417444219e-05
6.881781452e-05
6.829662837e-05
6.301210838e-05
7.693437555e-05
6.6856669e-05
7.103339482e-05
7.521808666e-05
7.456324697e-05
8.786434901e-05
5.957521316e-05
7.727833819e-05
6.755168251e-05
8.037959703e-05
7.076427348e-05
6.137649924e-05
6.945616165e-05
6.882598063e-05
8.091135088e-05
6.749774165e-05
7.098367839e-05
7.02997706e-05
7.366214007e-05
7.698622712e-05
6.815705016e-05
7.540591186e-05
6.282294767e-05
7.771959919e-05
6.534923063e-05
7.607848163e-05
7.148453435e-05
7.445482749e-05
7.36297264e-05
7.649283605e-05
7.563464026e-05
7.483112225e-05
7.750522228e-05
6.970948354e-05
5.857426496e-05
7.158651222e-05
7.412872112e-05
7.000762015e-05
6.260258631e-05
7.171979676e-05
7.087891893e-05
7.013213405e-05
7.245528218e-05
7.169659872e-05
7.392712937e-05
7.315880836e-05
7.228806554e-05
7.154329007e-05
7.068884429e-05
6.996767872e-05
6.912978191e-05
6.843217201e-05
7.887951168e-05
7.251486245e-05
7.164353838e-05
6.548142625e-05
7.00852401e-05
6.940462291e-05
6.593273172e-05
7.836195448e-05
7.48395179e-05
7.669028771e-05
6.566707075e-05
7.256434625e-05
6.675036426e-05
7.349000634e-05
6.777073922e-05
7.67570747e-05
6.873205445e-05
7.282406786e-05
7.195926255e-05
7.593793252e-05
7.276601768e-05
6.763749602e-05
6.935806381e-05
6.399273749e-05
6.925359896e-05
6.386570274e-05
6.906531855e-05
6.896576948e-05
6.350276912e-05
6.866101598e-05
7.370860794e-05
7.877997852e-05
6.278315716e-05
6.781363831e-05
6.231875402e-05
7.245266974e-05
6.69380505e-05
7.180002538e-05
7.649694505e-05
6.092297844e-05
6.559429653e-05
6.526745286e-05
5.984636525e-05
7.439887115e-05
7.879388318e-05
6.363965774e-05
7.773379784e-05
6.758178557e-05
7.183232215e-05
6.658483674e-05
8.489493883e-05
7.023183818e-05
7.426304848e-05
6.448187264e-05
6.84654667e-05
5.885899457e-05
6.728285082e-05
6.671682258e-05
6.167376464e-05
5.676730823e-05
6.918296914e-05
7.284038002e-05
6.362758736e-05
8.404268684e-05
7.486695452e-05
6.178833778e-05
7.337733053e-05
6.054388444e-05
7.188878572e-05
7.906975236e-05
7.040548228e-05
7.742260508e-05
6.892998137e-05
6.063136334e-05
6.746571012e-05
7.417307179e-05
6.96845414e-05
6.894708464e-05
6.817447263e-05
6.390035284e-05
6.668608223e-05
7.986636807e-05
7.208694146e-05
6.452762127e-05
8.056751513e-05
7.971183027e-05
7.878431873e-05
7.470239806e-05
7.061733933e-05
6.987336278e-05
7.218851971e-05
7.143266001e-05
7.365549573e-05
7.289000686e-05
7.202289133e-05
7.128083713e-05
7.042986639e-05
6.971131547e-05
7.174660694e-05
7.386344944e-05
7.85909341e-05
6.947068791e-05
7.687235118e-05
7.339707222e-05
7.25145315e-05
6.91506194e-05
7.357430356e-05
7.026749305e-05
6.942281416e-05
7.386220074e-05
7.549163226e-05
7.728407123e-05
6.650497044e-05
7.321981198e-05
7.234399969e-05
7.169465462e-05
6.611689398e-05
6.553368228e-05
7.631808471e-05
6.877887322e-05
6.796467488e-05
6.963251383e-05
7.437708973e-05
6.903202493e-05
6.896062968e-05
6.359557984e-05
7.406377225e-05
7.39571011e-05
7.377406824e-05
7.363085138e-05
6.815564475e-05
7.844855858e-05
6.772958583e-05
6.752913738e-05
7.240096568e-05
6.699612902e-05
6.665891619e-05
6.128643967e-05
7.110057536e-05
8.594935985e-05
7.537267101e-05
6.999758526e-05
7.44999419e-05
7.90324022e-05
7.356658966e-05
7.312985602e-05
7.257835403e-05
7.211425324e-05
7.154104871e-05
7.578880687e-05
7.046048958e-05
7.461228421e-05
8.321091476e-05
7.798589443e-05
7.72848299e-05
5.862467007e-05
8.48871238e-05
8.417348928e-05
6.143072078e-05
6.959252293e-05
7.321891214e-05
8.109133285e-05
7.60556862e-05
7.534418405e-05
7.043381812e-05
7.796248425e-05
6.497307992e-05
7.639390092e-05
6.763488632e-05
7.482883427e-05
6.234418542e-05
7.712787217e-05
7.248358167e-05
7.172701234e-05
6.347721155e-05
7.758811256e-05
6.942282349e-05
6.868832223e-05
7.864366083e-05
7.073504686e-05
6.643770028e-05
6.91904871e-05
7.181943814e-05
6.428828212e-05
7.023586044e-05
7.610809904e-05
7.849384418e-05
7.11910946e-05
7.355575988e-05
6.961649411e-05
7.505083235e-05
7.426503387e-05
7.338585093e-05
7.26231734e-05
7.175965548e-05
7.102030274e-05
7.017277917e-05
6.9456824e-05
7.148494696e-05
6.79329469e-05
7.550787246e-05
7.198610325e-05
7.112130982e-05
7.042100487e-05
7.760204337e-05
6.624852719e-05
6.806978286e-05
7.519711998e-05
7.173114803e-05
6.597943042e-05
7.270841427e-05
6.954968859e-05
7.362374921e-05
7.295159716e-05
6.727322641e-05
6.666939799e-05
7.057886575e-05
7.462008507e-05
7.373233224e-05
7.309349143e-05
7.222729039e-05
7.608856628e-05
6.87732927e-05
6.345328425e-05
7.395244629e-05
6.860504334e-05
7.375215361e-05
7.364601282e-05
7.346419764e-05
8.379621532e-05
6.786999674e-05
6.770392673e-05
6.744647157e-05
6.724701362e-05
6.694930737e-05
6.671712237e-05
7.659473101e-05
6.611813938e-05
6.574885167e-05
6.041938431e-05
8.006634064e-05
7.966803975e-05
5.935556263e-05
6.887009706e-05
6.838195851e-05
8.739814496e-05
7.710259722e-05
7.660996402e-05
7.600226976e-05
6.604775018e-05
7.017748853e-05
6.966846341e-05
5.985674935e-05
6.853665251e-05
7.244980825e-05
6.288391191e-05
7.565176334e-05
7.060348688e-05
6.556026961e-05
7.798471296e-05
7.293316741e-05
7.227264729e-05
7.155165478e-05
5.420438849e-05
7.84164314e-05
6.131216349e-05
6.876903083e-05
7.61011427e-05
6.737679324e-05
5.885020666e-05
7.763441291e-05
7.2993606e-05
7.220982219e-05
7.521719906e-05
7.067845232e-05
5.521193232e-05
6.916306413e-05
6.843149485e-05
7.835065828e-05
7.399526148e-05
6.619116173e-05
7.582726374e-05
6.814658362e-05
6.405071187e-05
6.997706643e-05
6.264033538e-05
7.494694104e-05
7.415373116e-05
6.691356943e-05
7.25143029e-05
7.166084461e-05
7.39936381e-05
7.311817322e-05
6.632842925e-05
7.149833682e-05
7.076166595e-05
6.991756199e-05
7.208769155e-05
7.977221123e-05
7.05063082e-05
7.244720548e-05
7.172460482e-05
7.086304017e-05
7.016521934e-05
7.465395833e-05
7.128846281e-05
7.043093423e-05
6.975659446e-05
7.147017938e-05
6.573933758e-05
6.744742281e-05
7.177113673e-05
6.846472487e-05
6.541680616e-05
7.18148563e-05
7.591495024e-05
7.266411727e-05
7.666988319e-05
7.116559268e-05
6.599751204e-05
7.420968543e-05
7.35784226e-05
7.375263469e-05
6.318695397e-05
7.364222379e-05
7.882766441e-05
6.819720721e-05
7.85759257e-05
7.838241346e-05
7.823047587e-05
6.758673311e-05
8.298028204e-05
7.233230773e-05
6.696723738e-05
6.667147189e-05
7.666203454e-05
8.644836575e-05
6.584491276e-05
7.051475927e-05
7.019914587e-05
6.47870297e-05
6.942384533e-05
6.896536244e-05
7.34883784e-05
7.783319333e-05
6.770039625e-05
7.19913988e-05
7.15317911e-05
7.096553134e-05
6.10836971e-05
6.98967517e-05
7.4016162e-05
6.87907345e-05
7.736632223e-05
6.765303577e-05
7.158347581e-05
6.205643971e-05
7.472161959e-05
6.965752552e-05
6.473352827e-05
6.837613583e-05
7.622691544e-05
8.385305157e-05
8.306947807e-05
6.578109283e-05
6.922039375e-05
6.850618894e-05
7.581061975e-05
7.501721096e-05
7.816897082e-05
6.573970667e-05
5.740881558e-05
7.572433981e-05
5.994753773e-05
7.782576018e-05
6.96734331e-05
6.527864974e-05
7.176482199e-05
6.741530851e-05
7.021026229e-05
7.63590429e-05
7.211311962e-05
6.789556533e-05
7.053224793e-05
7.636018897e-05
7.55495072e-05
6.817936461e-05
6.745785169e-05
7.619351787e-05
7.224967127e-05
6.829554636e-05
7.065237625e-05
7.285244113e-05
7.209532478e-05
7.420720258e-05
7.638031493e-05
7.256686929e-05
7.18264323e-05
6.812861875e-05
7.306103232e-05
6.940869004e-05
6.596769173e-05
7.603791945e-05
7.797797199e-05
7.172721231e-05
6.839964277e-05
7.277498439e-05
6.692970174e-05
6.866784906e-05
6.550098575e-05
6.969158016e-05
7.151057319e-05
7.065205186e-05
7.483505367e-05
6.916807086e-05
7.800203135e-05
7.006325155e-05
7.176017538e-05
7.319216759e-05
7.482560033e-05
6.721545138e-05
7.330817777e-05
7.86903459e-05
6.292285006e-05
7.333459313e-05
6.279874933e-05
7.836076863e-05
7.824816643e-05
7.285220062e-05
7.790473533e-05
7.766056628e-05
7.230609984e-05
6.174210903e-05
7.18197625e-05
7.150331235e-05
6.616602304e-05
7.08995632e-05
8.070638156e-05
7.524156042e-05
7.490505928e-05
7.941210865e-05
6.420188171e-05
6.377880676e-05
6.343117123e-05
7.267326389e-05
6.261049668e-05
7.170146697e-05
8.549288905e-05
6.596914902e-05
8.4239047e-05
6.961825203e-05
6.450645142e-05
6.851816622e-05
8.159316696e-05
7.187892615e-05
5.793275892e-05
6.622858589e-05
7.442933897e-05
8.239614417e-05
7.307933859e-05
8.513919652e-05
7.171369615e-05
7.100066258e-05
5.792504525e-05
7.781597186e-05
7.706814501e-05
7.627421316e-05
6.757259007e-05
6.293314974e-05
7.78732539e-05
6.163956951e-05
6.481843751e-05
7.921250887e-05
7.092107531e-05
7.015108854e-05
6.576035015e-05
6.142308807e-05
7.507340736e-05
7.070104961e-05
6.645324029e-05
7.607777547e-05
7.184763852e-05
6.088175056e-05
7.027351603e-05
6.28494286e-05
7.200052378e-05
6.793074009e-05
7.361306508e-05
7.591641528e-05
6.88570961e-05
7.114082781e-05
7.039605606e-05
7.258863355e-05
7.183426748e-05
7.393892489e-05
7.02500028e-05
6.941265673e-05
7.729242471e-05
6.788284262e-05
6.719761867e-05
6.639208652e-05
7.668474845e-05
7.305793709e-05
6.697998319e-05
7.411554173e-05
8.125926135e-05
7.510211847e-05
6.925307149e-05
7.602203311e-05
7.530502623e-05
7.687947009e-05
8.107974231e-05
7.282352941e-05
6.975332748e-05
6.891695072e-05
7.065349234e-05
7.678908522e-05
6.919262092e-05
7.520394995e-05
6.777508216e-05
6.696936754e-05
7.082658019e-05
7.83627621e-05
6.266094473e-05
6.781312752e-05
6.253755804e-05
8.323752569e-05
6.753337945e-05
7.255000995e-05
6.206535698e-05
6.187129894e-05
8.229365588e-05
7.173508906e-05
7.663224368e-05
7.120902062e-05
8.1100152e-05
7.565224272e-05
8.539907957e-05
6.993851768e-05
6.46526966e-05
6.920286249e-05
7.377796535e-05
8.306521493e-05
8.261281887e-05
7.720564311e-05
7.674878338e-05
7.617478513e-05
7.095866258e-05
8.447903959e-05
7.924206605e-05
7.396476042e-05
6.425080361e-05
6.824774941e-05
8.127160626e-05
6.264723994e-05
5.770573708e-05
6.597016184e-05
8.722274825e-05
6.91170329e-05
5.994983036e-05
8.481077667e-05
7.563965322e-05
7.072833652e-05
7.006813346e-05
7.343922067e-05
6.869304013e-05
7.998410244e-05
7.5236178e-05
7.053268106e-05
7.757976598e-05
7.676027954e-05
6.457538722e-05
7.51587496e-05
7.437519931e-05
6.253346823e-05
6.551611772e-05
7.919458088e-05
6.411070261e-05
7.74846055e-05
7.317786751e-05
7.235318286e-05
7.499287186e-05
7.413893954e-05
7.001667539e-05
7.250781166e-05
7.173822666e-05
7.41300101e-05
7.653462038e-05
7.248959923e-05
6.860763176e-05
7.396553672e-05
6.709195466e-05
7.232672963e-05
7.157509394e-05
7.07256768e-05
6.999693603e-05
7.204471757e-05
6.845717187e-05
7.327540285e-05
6.695603406e-05
7.717914977e-05
6.822248631e-05
6.740323508e-05
6.673931871e-05
7.384923532e-05
7.574352547e-05
6.451043243e-05
7.15597308e-05
7.827338769e-05
7.253282569e-05
6.424718792e-05
6.854697479e-05
7.256064113e-05
7.189810427e-05
7.577119714e-05
7.743770063e-05
7.187362024e-05
7.353785959e-05
7.493048052e-05
6.977965234e-05
6.450090972e-05
7.277360014e-05
7.803789442e-05
6.760131151e-05
7.79217626e-05
6.746840797e-05
6.216982918e-05
6.725401194e-05
6.708957905e-05
6.180906006e-05
6.675095358e-05
6.658810145e-05
7.654303154e-05
6.614170432e-05
6.585163135e-05
8.076794284e-05
8.03660941e-05
7.504455691e-05
7.462919385e-05
6.438983021e-05
6.892242142e-05
6.858065636e-05
5.83977182e-05
6.775990799e-05
6.728369165e-05
6.688585991e-05
6.638664965e-05
7.06755286e-05
7.011941e-05
7.428475183e-05
7.367238193e-05
8.228208104e-05
7.251142259e-05
8.095257017e-05
6.685965981e-05
7.516679141e-05
6.571374669e-05
6.081895168e-05
7.31530398e-05
5.971847555e-05
7.603639274e-05
7.116332444e-05
7.460268513e-05
7.390669561e-05
6.096681968e-05
7.245779835e-05
6.772958189e-05
6.706250311e-05
6.246006809e-05
7.342405784e-05
6.882593381e-05
7.190287671e-05
6.739119992e-05
6.668883566e-05
7.329635396e-05
7.252632525e-05
6.814317884e-05
5.677735412e-05
7.369106208e-05
7.290940119e-05
6.179024571e-05
7.4718807e-05
7.386883319e-05
7.308369131e-05
6.567684251e-05
6.822884125e-05
6.743889151e-05
6.990282496e-05
7.536821308e-05
7.146723976e-05
6.755750796e-05
7.292760513e-05
6.906392931e-05
7.428935817e-05
7.340814708e-05
6.9745686e-05
6.891499147e-05
7.105389457e-05
7.020476262e-05
6.949602114e-05
7.415632709e-05
7.341646589e-05
7.522140833e-05
6.384036239e-05
6.832877611e-05
6.766480214e-05
6.942167325e-05
7.130331244e-05
7.296091486e-05
5.981186678e-05
6.647866171e-05
7.074011193e-05
6.26596915e-05
7.163946816e-05
6.842014128e-05
7.248230839e-05
7.392405624e-05
7.327219039e-05
7.465899276e-05
7.176970067e-05
7.313082285e-05
7.250922439e-05
7.253466193e-05
6.732225595e-05
8.794698801e-05
6.719010972e-05
8.255152399e-05
8.758523739e-05
6.681358138e-05
6.668444377e-05
6.136332462e-05
6.121372466e-05
8.639357697e-05
6.08040287e-05
7.062764528e-05
8.043844422e-05
7.003425158e-05
7.473948547e-05
6.937161776e-05
8.386112123e-05
7.845056472e-05
6.830412657e-05
7.755075739e-05
6.748793087e-05
7.18013733e-05
6.661868599e-05
8.501461915e-05
7.978059781e-05
6.98418355e-05
6.474219162e-05
6.879591174e-05
7.740529759e-05
8.125592287e-05
7.167647028e-05
6.21593655e-05
7.047014114e-05
6.545931711e-05
7.356605738e-05
7.287141733e-05
7.648572797e-05
7.995340597e-05
6.672121823e-05
7.431872166e-05
6.953543536e-05
7.693232892e-05
6.817366102e-05
7.54128005e-05
7.467037625e-05
7.389359406e-05
7.699937705e-05
6.856954063e-05
6.786499143e-05
7.833162289e-05
6.275062219e-05
6.937463541e-05
6.503305517e-05
6.789289005e-05
7.071119768e-05
6.642900546e-05
7.95612687e-05
6.840569985e-05
7.106279537e-05
7.360068782e-05
6.950858555e-05
6.871118576e-05
7.769380824e-05
7.359521216e-05
7.598263183e-05
7.196802568e-05
7.430627652e-05
7.037480113e-05
7.266587918e-05
7.180855095e-05
7.402324704e-05
7.314560564e-05
6.949623322e-05
7.439122746e-05
7.080006174e-05
6.995420838e-05
7.20178754e-05
7.11550699e-05
7.044510208e-05
6.959932654e-05
7.156419237e-05
7.594097717e-05
7.520296895e-05
6.917386141e-05
7.358617963e-05
8.02209263e-05
7.201437855e-05
7.850761974e-05
7.291755274e-05
6.723781663e-05
6.424441753e-05
6.817441297e-05
7.455173519e-05
7.135610858e-05
7.757146096e-05
7.43894652e-05
7.821480162e-05
7.286599088e-05
6.567887506e-05
6.707668362e-05
7.220284052e-05
6.697725338e-05
7.720857452e-05
7.193615275e-05
6.670215403e-05
7.165829489e-05
6.130276442e-05
7.639056573e-05
6.604386848e-05
7.085752607e-05
7.569526639e-05
6.53161814e-05
8.01116231e-05
9.466137806e-05
7.443688434e-05
7.402671452e-05
6.387045832e-05
6.836830331e-05
6.802981785e-05
6.758534538e-05
6.721812837e-05
6.674768209e-05
7.583272916e-05
7.526903714e-05
7.479038446e-05
6.956644994e-05
7.830594541e-05
7.30945051e-05
6.349587534e-05
7.194576636e-05
7.585962304e-05
7.076373346e-05
7.019719765e-05
8.259534349e-05
6.466123226e-05
7.259195491e-05
7.195988514e-05
6.288040918e-05
6.231294363e-05
8.226323524e-05
7.742177248e-05
7.664222413e-05
8.389735396e-05
7.117576152e-05
8.222124992e-05
6.974330162e-05
6.904118425e-05
6.831505062e-05
7.888223958e-05
7.432603038e-05
8.826221038e-05
6.548174831e-05
6.479418537e-05
6.408419982e-05
6.692997757e-05
7.663748932e-05
7.582492241e-05
6.815738707e-05
7.754830876e-05
6.666771105e-05
7.255526239e-05
6.520331975e-05
7.096267787e-05
6.695411414e-05
6.940047825e-05
7.482787139e-05
6.786996761e-05
7.317194268e-05
7.240602509e-05
7.155223601e-05
7.080867415e-05
6.996953802e-05
7.213391506e-05
7.127542874e-05
7.336995748e-05
7.528187109e-05
7.176172402e-05
6.817514822e-05
6.479507087e-05
6.935197324e-05
6.602759132e-05
7.306167612e-05
6.976760314e-05
6.637493054e-05
7.332437617e-05
6.744541389e-05
6.928351319e-05
7.089387541e-05
7.265754689e-05
7.656879189e-05
6.875681374e-05
7.495773064e-05
6.964213708e-05
7.339369023e-05
7.501989966e-05
7.412187669e-05
7.793353077e-05
7.480316311e-05
7.416759376e-05
6.680202052e-05
6.67709998e-05
8.209623272e-05
6.664034452e-05
7.164214507e-05
7.153957724e-05
7.646347266e-05
7.12281667e-05
6.593559211e-05
7.08346956e-05
8.569184786e-05
7.036214423e-05
6.505170858e-05
8.976087786e-05
5.954487155e-05
7.413672365e-05
6.881383417e-05
6.850727877e-05
7.782236812e-05
6.291786759e-05
6.731594304e-05
7.173265125e-05
7.598041961e-05
6.609069071e-05
6.091465964e-05
7.915145962e-05
7.853232453e-05
7.341063618e-05
7.2808953e-05
9.035451359e-05
7.166623487e-05
7.556529814e-05
8.811290162e-05
6.992636032e-05
7.794758773e-05
7.300157642e-05
5.955322288e-05
6.746857424e-05
7.516984458e-05
7.449186293e-05
5.736673514e-05
6.901077591e-05
6.429835708e-05
7.164219905e-05
7.878868846e-05
6.631165039e-05
6.948408698e-05
7.260622725e-05
7.562493628e-05
7.110598452e-05
6.664728843e-05
6.228921183e-05
7.6115582e-05
7.531657455e-05
8.15867961e-05
6.668610754e-05
7.9830092e-05
7.21156926e-05
7.80975011e-05
8.062745569e-05
7.639156774e-05
6.900781669e-05
7.146602068e-05
7.71358632e-05
7.306807535e-05
7.543854844e-05
6.834721263e-05
7.377555491e-05
6.987321622e-05
7.214802287e-05
7.129774435e-05
7.055683536e-05
6.972107189e-05
6.900264279e-05
7.6704448e-05
7.310971017e-05
7.22367642e-05
6.875710415e-05
7.336837728e-05
7.801668397e-05
6.379049712e-05
7.10572071e-05
6.760267057e-05
7.467007331e-05
6.868350772e-05
7.306442899e-05
7.716259508e-05
7.396892097e-05
6.577015904e-05
6.998607574e-05
7.868057785e-05
7.323709204e-05
7.702451907e-05
6.939380614e-05
7.084599612e-05
7.47517822e-05
7.609427324e-05
7.321688846e-05
7.453422286e-05
6.955393759e-05
7.676492032e-05
7.672931921e-05
6.643135854e-05
6.126352791e-05
7.135053086e-05
7.633762966e-05
6.599904731e-05
7.093881178e-05
8.587381765e-05
8.566490866e-05
6.024369942e-05
7.508324124e-05
6.977316648e-05
6.456603066e-05
7.413193619e-05
6.891637572e-05
7.832947721e-05
6.82331978e-05
6.782302407e-05
6.748775748e-05
6.704867991e-05
6.192173344e-05
7.568016591e-05
6.582981921e-05
7.934439471e-05
6.956523254e-05
7.362361909e-05
7.31238179e-05
6.799277184e-05
7.650287663e-05
8.477427969e-05
5.313405762e-05
7.460770214e-05
6.095040426e-05
9.059079932e-05
7.700037038e-05
6.780179912e-05
7.141292177e-05
7.488536774e-05
7.008754109e-05
9.389067049e-05
8.492820496e-05
7.606852915e-05
6.740915329e-05
8.242016724e-05
7.772363365e-05
7.307272495e-05
7.614489546e-05
7.534632882e-05
7.084426462e-05
6.640295425e-05
8.761558858e-05
7.944915828e-05
7.861537647e-05
7.775603014e-05
6.644400822e-05
7.262464463e-05
6.843328514e-05
7.104943733e-05
7.698966743e-05
6.949836062e-05
6.548583654e-05
7.444706264e-05
7.685988502e-05
6.964179259e-05
6.890530012e-05
7.429522236e-05
7.351302694e-05
7.265227354e-05
7.189185278e-05
7.104505659e-05
7.323623084e-05
7.236912933e-05
7.448833982e-05
7.077163214e-05
7.004932938e-05
6.644463596e-05
7.125484907e-05
6.769392154e-05
7.50605483e-05
7.151106176e-05
6.556148027e-05
6.477312754e-05
7.184070804e-05
7.604547628e-05
7.531688111e-05
6.944885667e-05
7.125045692e-05
6.79646443e-05
7.935736436e-05
7.364997077e-05
7.29773763e-05
6.279613954e-05
7.836687191e-05
6.831645018e-05
7.222843577e-05
7.136235997e-05
7.074469911e-05
7.426720953e-05
7.147065501e-05
6.625938759e-05
7.132321328e-05
7.125109874e-05
6.101492577e-05
7.613708681e-05
8.109678999e-05
8.090083873e-05
7.569835529e-05
8.552699301e-05
6.524399733e-05
7.500125864e-05
8.475171507e-05
6.949291634e-05
6.925353956e-05
7.383517803e-05
6.373779222e-05
7.314101654e-05
7.767005845e-05
8.202941174e-05
6.721995378e-05
7.155378279e-05
5.693272355e-05
7.538227592e-05
7.493828459e-05
6.043746755e-05
6.929308798e-05
7.333671576e-05
6.828678012e-05
6.321392888e-05
8.517222479e-05
7.555824042e-05
7.939423824e-05
7.869351005e-05
6.071704396e-05
6.875840027e-05
6.818418085e-05
8.44309203e-05
5.440312369e-05
7.045842286e-05
7.393093223e-05
8.133795649e-05
7.252303181e-05
8.376224728e-05
6.320763628e-05
7.038385357e-05
6.969213908e-05
7.663488399e-05
7.207105377e-05
6.380930164e-05
6.315452067e-05
7.718713919e-05
7.274651471e-05
7.196390807e-05
7.476932141e-05
8.099614001e-05
7.665686993e-05
8.270039495e-05
6.136807278e-05
7.41654636e-05
7.004262773e-05
6.924969086e-05
6.851421172e-05
7.740684158e-05
7.339479649e-05
6.93941564e-05
6.866035148e-05
6.786242048e-05
7.020017905e-05
7.23951972e-05
7.163749537e-05
7.374391002e-05
7.297759789e-05
7.211395438e-05
6.851601427e-05
6.770149937e-05
6.980261077e-05
7.448719372e-05
6.827316087e-05
7.285231461e-05
6.678260162e-05
7.917732814e-05
7.578382532e-05
6.71271133e-05
6.391782486e-05
7.072598509e-05
6.754657502e-05
7.167578079e-05
7.5895916e-05
7.256239407e-05
7.1888537e-05
8.049196817e-05
7.271949608e-05
6.720890022e-05
7.119916699e-05
7.715052453e-05
7.197212693e-05
7.333053845e-05
7.049300709e-05
7.617863491e-05
7.768979427e-05
7.106762234e-05
6.596083717e-05
7.603187346e-05
7.596041635e-05
8.088499076e-05
7.067325935e-05
7.050288979e-05
6.53408766e-05
8.017219631e-05
6.498166181e-05
8.466037107e-05
6.455022914e-05
6.427098645e-05
6.897666247e-05
6.863806721e-05
6.836721961e-05
6.313707829e-05
6.769156281e-05
6.248020431e-05
6.217181943e-05
9.027778091e-05
6.1434426e-05
7.977964194e-05
7.931010734e-05
7.409435598e-05
5.521845154e-05
5.935478236e-05
6.802204958e-05
7.196552812e-05
6.698193728e-05
7.084052303e-05
8.787749302e-05
6.968261624e-05
7.344663458e-05
7.277831565e-05
6.792556484e-05
7.990641811e-05
7.921235298e-05
7.432282508e-05
7.774549083e-05
6.887901767e-05
6.823846558e-05
7.5503359e-05
8.658803568e-05
5.454072222e-05
6.557742507e-05
8.398851591e-05
7.18064147e-05
7.105546594e-05
8.143075653e-05
7.69062248e-05
6.523377928e-05
8.604385344e-05
7.449866631e-05
7.017739782e-05
7.290873407e-05
7.210292723e-05
6.794197989e-05
6.046371491e-05
7.311558167e-05
7.557448897e-05
6.827004782e-05
7.070411407e-05
7.313406884e-05
7.543448191e-05
7.152700812e-05
7.069634858e-05
7.299353658e-05
6.913410318e-05
7.138493149e-05
7.348439228e-05
6.981195382e-05
6.898614971e-05
7.680967297e-05
7.027490753e-05
7.233992894e-05
7.422601647e-05
7.347643373e-05
7.52857738e-05
6.921044962e-05
7.363988723e-05
7.291413244e-05
7.461012353e-05
7.133699178e-05
7.299501385e-05
8.226732694e-05
6.89612653e-05
6.831045742e-05
7.230733221e-05
7.163580509e-05
7.313133315e-05
7.713849211e-05
6.697178008e-05
7.094797113e-05
7.461657411e-05
7.395880668e-05
7.307050059e-05
7.024309964e-05
7.5907672e-05
7.096244778e-05
7.078130687e-05
7.580207802e-05
8.077415334e-05
6.556736939e-05
7.048976035e-05
6.536133551e-05
6.520413424e-05
7.509073152e-05
5.98882453e-05
6.969999881e-05
6.448156123e-05
6.429239948e-05
7.38633387e-05
6.870199049e-05
7.324873282e-05
7.295990408e-05
7.256223249e-05
7.705595107e-05
7.180845098e-05
7.14542918e-05
7.099229351e-05
6.59008401e-05
7.011888399e-05
6.041231537e-05
6.458059331e-05
5.958778555e-05
7.731766327e-05
5.872478187e-05
7.616925666e-05
6.227632742e-05
7.498009143e-05
6.565631323e-05
9.111044106e-05
7.3167567e-05
7.250293095e-05
7.189820968e-05
7.122619011e-05
8.30681075e-05
6.581752113e-05
7.337838612e-05
7.265932346e-05
7.99821834e-05
7.522391157e-05
7.058287269e-05
7.374705672e-05
7.686621549e-05
7.607357179e-05
8.284008757e-05
7.45226887e-05
6.638261535e-05
8.027626903e-05
7.944129184e-05
7.501661614e-05
7.069520344e-05
6.642893562e-05
6.572814372e-05
7.184486938e-05
7.10839114e-05
7.028950152e-05
6.954344967e-05
6.875765196e-05
6.478820762e-05
7.685862822e-05
7.287518705e-05
7.203613597e-05
7.437342751e-05
6.738445723e-05
6.970584604e-05
7.188646408e-05
7.409806481e-05
7.029762692e-05
6.956714276e-05
7.447332381e-05
7.654072658e-05
6.722798482e-05
7.208692487e-05
7.122715829e-05
6.77959824e-05
6.966407361e-05
6.896869437e-05
7.600355559e-05
7.265946636e-05
6.922197692e-05
6.601007519e-05
7.524818296e-05
7.452704862e-05
7.117431483e-05
7.536481876e-05
6.484865147e-05
7.376433876e-05
7.757634027e-05
7.220916489e-05
6.903757988e-05
7.297913962e-05
7.210048311e-05
7.593148599e-05
7.281230047e-05
7.655698514e-05
7.347752615e-05
7.499656271e-05
7.55328098e-05
8.053115496e-05
6.536583641e-05
7.535134927e-05
7.02074336e-05
7.010727718e-05
6.993904766e-05
5.983245042e-05
6.95908103e-05
6.446326914e-05
7.904602874e-05
6.896251524e-05
7.847487185e-05
6.842949738e-05
6.323112452e-05
6.298197858e-05
6.263942705e-05
6.23614263e-05
6.675814951e-05
7.591902286e-05
8.48578086e-05
7.971002974e-05
6.518969824e-05
6.943565057e-05
7.811569953e-05
6.392332978e-05
7.248926714e-05
6.749869887e-05
6.248726537e-05
7.976316597e-05
6.151297119e-05
6.976685169e-05
6.051005763e-05
8.14659782e-05
7.222962245e-05
6.741417395e-05
6.678511156e-05
7.861927982e-05
7.37686711e-05
6.498239889e-05
6.434660871e-05
7.570172716e-05
7.100197111e-05
7.032291794e-05
5.800781116e-05
7.65845979e-05
6.821638914e-05
8.253812306e-05
7.053952258e-05
7.71654635e-05
7.998622326e-05
6.836070009e-05
7.118744312e-05
6.691907873e-05
8.360975902e-05
7.238693128e-05
6.81796687e-05
7.420344673e-05
7.337501734e-05
7.259635357e-05
7.830199461e-05
7.424279944e-05
7.65874232e-05
6.946082152e-05
7.4903676e-05
6.793584442e-05
7.325235438e-05
7.248133681e-05
7.163476935e-05
7.088510892e-05
7.297079823e-05
6.932404267e-05
7.135911356e-05
6.779880625e-05
7.257651133e-05
6.630986249e-05
6.551921632e-05
7.296467666e-05
6.675156542e-05
7.401543925e-05
7.573908149e-05
7.240657303e-05
6.8981045e-05
7.590031075e-05
6.748750868e-05
7.179185823e-05
7.826339751e-05
7.510204777e-05
6.701571361e-05
7.113563507e-05
6.559221188e-05
6.963549286e-05
7.796847656e-05
7.272346795e-05
7.184729124e-05
7.343943734e-05
7.255591865e-05
6.756892046e-05
7.752495922e-05
7.046141694e-05
7.021554161e-05
7.519626807e-05
6.510477529e-05
6.504373532e-05
6.99273594e-05
6.982767201e-05
7.463624473e-05
5.959422781e-05
7.426523289e-05
6.42071621e-05
7.873264075e-05
6.868924484e-05
6.839407277e-05
7.302766854e-05
8.236106736e-05
6.755970133e-05
6.719303422e-05
6.211682631e-05
7.124693062e-05
7.089606514e-05
8.922342714e-05
7.940004076e-05
7.885216606e-05
7.37780057e-05
8.239176928e-05
7.277383967e-05
8.12375099e-05
5.82746943e-05
7.558775884e-05
7.504470944e-05
7.003362156e-05
8.687790488e-05
8.181068864e-05
7.261574591e-05
6.772552164e-05
7.555652466e-05
6.653568601e-05
7.008121259e-05
8.574379502e-05
7.688037344e-05
6.811572873e-05
6.748325004e-05
7.467117674e-05
7.006487097e-05
5.779582259e-05
6.104402907e-05
6.41923591e-05
5.980971052e-05
8.138187952e-05
7.688657303e-05
6.883032052e-05
6.452980459e-05
6.738571501e-05
7.018888718e-05
7.289749937e-05
6.869411502e-05
8.152486385e-05
6.385720285e-05
6.979184502e-05
7.891581294e-05
6.827255588e-05
6.754788719e-05
6.995828162e-05
7.23628832e-05
6.842097583e-05
7.07748974e-05
6.995468777e-05
7.22279231e-05
7.138483097e-05
7.652429765e-05
6.980801666e-05
6.908263568e-05
7.395543934e-05
7.037818958e-05
7.788788925e-05
7.433950401e-05
7.345335964e-05
7.27114621e-05
6.918086414e-05
6.585597642e-05
7.287380571e-05
6.700147443e-05
6.61957924e-05
6.555205797e-05
6.227156464e-05
7.400963285e-05
6.824258188e-05
7.001264455e-05
6.439751377e-05
7.797697615e-05
6.536367812e-05
8.09583268e-05
7.541109193e-05
7.246958143e-05
7.159587139e-05
7.096482766e-05
7.230133601e-05
6.950389689e-05
7.725211895e-05
7.659659492e-05
6.494060594e-05
7.489697987e-05
6.983392893e-05
7.475197176e-05
6.467454582e-05
6.458241052e-05
6.938415255e-05
6.925087708e-05
6.90398144e-05
7.871148553e-05
6.371765391e-05
6.35311222e-05
7.299082529e-05
6.789094486e-05
6.273481632e-05
6.729475105e-05
6.693029485e-05
7.139323571e-05
6.623815408e-05
7.062020988e-05
7.484414944e-05
6.978745897e-05
7.392732338e-05
7.349352832e-05
6.383630449e-05
8.155643032e-05
7.193509906e-05
8.03800078e-05
8.415918873e-05
7.036209037e-05
6.976872381e-05
7.789476881e-05
7.292366347e-05
7.234294497e-05
6.747213251e-05
7.109232733e-05
7.04311239e-05
7.803502149e-05
8.135857728e-05
7.256488137e-05
7.984122889e-05
7.514523764e-05
6.26508162e-05
6.593044915e-05
6.910245334e-05
7.602750834e-05
7.148451077e-05
6.704243221e-05
7.740270398e-05
7.296161069e-05
6.858341424e-05
7.144278967e-05
7.067904199e-05
6.993843901e-05
6.572038099e-05
7.187254441e-05
6.431197921e-05
7.367825661e-05
6.623395241e-05
7.536101385e-05
6.803256564e-05
7.372107876e-05
7.605071479e-05
7.210942289e-05
7.438028808e-05
7.052769643e-05
7.274182277e-05
7.197627521e-05
7.113663063e-05
7.039223699e-05
6.956576019e-05
7.171135849e-05
6.80300204e-05
7.574507042e-05
8.03904208e-05
7.682599163e-05
7.591045743e-05
6.97762953e-05
7.159337079e-05
6.56283241e-05
7.262197501e-05
6.933795854e-05
7.104136961e-05
7.788800627e-05
7.198518668e-05
7.867051715e-05
8.015032695e-05
6.736435536e-05
7.130476734e-05
7.064240113e-05
6.978935499e-05
6.684683212e-05
7.059426721e-05
7.221746145e-05
7.357577393e-05
7.513723012e-05
7.204853367e-05
7.142534563e-05
7.484282595e-05
7.208763616e-05
7.960999899e-05
6.465338933e-05
8.446235448e-05
7.445584463e-05
6.937386162e-05
5.937865674e-05
6.910999384e-05
7.390428565e-05
7.367954517e-05
6.370100484e-05
6.346702451e-05
8.27525394e-05
5.816364018e-05
7.245518038e-05
7.691024306e-05
7.181986155e-05
7.143171666e-05
6.637436389e-05
8.012000715e-05
7.972602539e-05
6.057596378e-05
6.951815309e-05
6.443766581e-05
7.321123631e-05
6.813429217e-05
6.770391044e-05
6.718235655e-05
8.007432025e-05
8.384037503e-05
7.88578824e-05
8.253816413e-05
8.622405115e-05
7.265035387e-05
5.935356499e-05
7.982450096e-05
7.082769954e-05
6.604238272e-05
7.365423477e-05
7.295276299e-05
7.229770675e-05
7.159362225e-05
7.487004975e-05
7.802790052e-05
7.341855128e-05
7.267684928e-05
6.060159346e-05
7.497525924e-05
7.422299556e-05
6.977950494e-05
6.906481584e-05
6.474152181e-05
6.406886894e-05
7.042755487e-05
7.665874897e-05
7.238096878e-05
6.820769784e-05
6.745795158e-05
7.341843958e-05
7.590129882e-05
6.856613876e-05
7.425085258e-05
7.665700015e-05
7.57851716e-05
7.185773194e-05
7.412132745e-05
6.722646775e-05
7.248921631e-05
6.873777582e-05
7.089015027e-05
7.014836236e-05
7.51022776e-05
7.432189994e-05
7.061991138e-05
6.989214352e-05
7.182559863e-05
7.109236174e-05
7.294713014e-05
7.221026914e-05
6.870431184e-05
7.325050908e-05
6.978716886e-05
7.421757298e-05
7.585356466e-05
7.261193212e-05
6.184231078e-05
7.104937363e-05
6.777172418e-05
6.713191058e-05
7.816430066e-05
7.509156293e-05
7.418440574e-05
7.810095417e-05
7.034952059e-05
7.421606117e-05
7.554191598e-05
6.386495812e-05
6.744612981e-05
7.333340805e-05
7.45812662e-05
6.972299741e-05
6.442767613e-05
6.935179458e-05
7.423148707e-05
7.416205442e-05
7.403612745e-05
7.393079989e-05
8.358899172e-05
7.361350927e-05
7.828282874e-05
6.345090707e-05
6.808130975e-05
8.242847712e-05
6.276444371e-05
6.736080316e-05
8.139892741e-05
6.200167661e-05
8.538548464e-05
8.97302845e-05
8.450511015e-05
7.474654903e-05
9.74769342e-05
6.925091769e-05
7.794600705e-05
8.204749268e-05
6.334957028e-05
8.543173596e-05
6.692750601e-05
6.64757908e-05
7.033597279e-05
6.546722543e-05
7.790050679e-05
6.872064095e-05
7.663667854e-05
8.025091061e-05
7.952806275e-05
6.641415012e-05
6.9910868e-05
7.745938292e-05
6.864674579e-05
7.603429745e-05
7.925784856e-05
7.852302108e-05
7.774435661e-05
7.315207845e-05
6.860286305e-05
7.925238823e-05
6.72350567e-05
7.765414628e-05
7.318925486e-05
7.606186742e-05
5.734305516e-05
7.448100528e-05
5.965117342e-05
7.638715324e-05
6.182180468e-05
7.476376968e-05
7.730387713e-05
7.648592346e-05
7.234693125e-05
6.8326088e-05
7.39916697e-05
7.320663941e-05
7.237474814e-05
6.538102737e-05
7.386416374e-05
7.003843907e-05
7.223835821e-05
7.44564621e-05
7.064537206e-05
7.281892887e-05
6.908625673e-05
6.836839821e-05
7.037690219e-05
6.965162938e-05
7.433176385e-05
7.084799425e-05
7.538909057e-05
7.462752347e-05
6.846848929e-05
6.517770874e-05
7.727517781e-05
7.651324505e-05
7.559317623e-05
7.236261457e-05
8.1351462e-05
7.812996401e-05
6.995082083e-05
7.406903559e-05
8.025568397e-05
7.717155596e-05
7.392860911e-05
6.638580267e-05
7.010646515e-05
7.395964932e-05
7.749444049e-05
6.583843539e-05
7.154819572e-05
7.522822355e-05
7.219805604e-05
6.737482173e-05
7.404719745e-05
8.388167306e-05
6.901036766e-05
7.38705736e-05
6.882905727e-05
6.382183211e-05
6.856812519e-05
5.866000963e-05
6.335595339e-05
5.834101425e-05
6.781560644e-05
7.244730266e-05
6.732943878e-05
7.189159825e-05
5.723519304e-05
6.651222396e-05
7.560487112e-05
7.056613597e-05
7.482648505e-05
7.445906736e-05
8.32313788e-05
6.898572899e-05
6.851343935e-05
6.81122892e-05
6.761676001e-05
7.614896145e-05
6.667458167e-05
6.180989711e-05
6.569205754e-05
6.522140881e-05
7.329753911e-05
7.274297099e-05
6.786807996e-05
5.891257919e-05
6.25530143e-05
6.616876278e-05
6.965361169e-05
6.498925192e-05
6.034898149e-05
7.974357398e-05
6.317547498e-05
7.432567656e-05
7.358972266e-05
7.288753295e-05
6.835576707e-05
7.896725166e-05
8.188170143e-05
7.000699463e-05
7.292827387e-05
8.300906245e-05
7.14244322e-05
7.775102072e-05
8.041939845e-05
7.265758996e-05
6.160432e-05
6.772812078e-05
6.698523597e-05
6.959043408e-05
7.864843151e-05
7.132998423e-05
7.052845127e-05
6.97802722e-05
6.89879756e-05
7.446217515e-05
7.360877831e-05
7.283097089e-05
7.198923037e-05
7.123174387e-05
7.040227843e-05
6.966564766e-05
7.171768264e-05
6.813358975e-05
7.013555971e-05
7.218927548e-05
7.407716221e-05
7.060530095e-05
7.513108359e-05
7.171593823e-05
8.135625702e-05
7.015109072e-05
6.930978956e-05
6.862634433e-05
7.282341708e-05
7.460172751e-05
7.124596382e-05
6.569645362e-05
7.211498526e-05
8.095861478e-05
7.998035428e-05
7.690676728e-05
7.597690078e-05
6.843896325e-05
6.761137106e-05
7.147151821e-05
7.502051687e-05
7.654646005e-05
7.346124862e-05
6.425827468e-05
6.983138788e-05
7.133741565e-05
6.392278552e-05
8.355304797e-05
6.383013645e-05
6.377052503e-05
7.345698361e-05
7.824279557e-05
8.293615736e-05
5.843101382e-05
7.281813228e-05
7.748499334e-05
8.202739093e-05
5.773264068e-05
7.664964462e-05
7.638728774e-05
8.076989282e-05
7.57204688e-05
7.531379237e-05
6.092205459e-05
7.453953447e-05
6.95379268e-05
6.448831339e-05
6.414105932e-05
6.825298552e-05
7.237722363e-05
6.736093106e-05
6.247392348e-05
7.528003668e-05
7.037426727e-05
6.980906434e-05
7.364108877e-05
7.30244279e-05
8.526151825e-05
7.184258041e-05
7.546440153e-05
7.063208566e-05
6.592518208e-05
6.531599221e-05
6.475130506e-05
7.215470591e-05
7.150785836e-05
8.65512248e-05
6.626103222e-05
6.56058954e-05
7.644725679e-05
6.43265311e-05
7.119043001e-05
7.417211405e-05
7.710014092e-05
7.266914749e-05
7.192554552e-05
6.761325245e-05
7.395462817e-05
7.665208991e-05
7.58496946e-05
7.503021796e-05
7.423993761e-05
7.676405701e-05
7.595213464e-05
7.184361673e-05
7.108199366e-05
7.34786946e-05
6.953848957e-05
6.562460879e-05
7.111309188e-05
6.72422234e-05
7.258009356e-05
7.174181495e-05
7.098697789e-05
7.016085206e-05
7.231955527e-05
7.433109479e-05
6.790038865e-05
6.989586683e-05
7.74765971e-05
7.109006545e-05
7.307058256e-05
7.754893786e-05
7.147130216e-05
8.107891153e-05
6.732256876e-05
7.674837855e-05
7.599152714e-05
7.257513506e-05
7.434732489e-05
7.345129504e-05
7.032208965e-05
7.186874557e-05
7.356311335e-05
7.267394485e-05
6.735363315e-05
6.653893373e-05
6.820457475e-05
7.411731679e-05
6.900046178e-05
7.47625071e-05
7.410371402e-05
7.751428254e-05
7.257498653e-05
7.169865822e-05
7.318170608e-05
6.367329609e-05
7.833128258e-05
6.358117457e-05
7.329443203e-05
6.829274311e-05
7.793803667e-05
7.775392876e-05
6.790443211e-05
7.73711502e-05
7.718431942e-05
7.690328393e-05
6.70940463e-05
7.635366286e-05
7.6092497e-05
8.045900728e-05
7.542922515e-05
7.033588718e-05
7.46936547e-05
6.961385282e-05
6.465435154e-05
8.259813094e-05
8.2153678e-05
7.252747139e-05
5.858403369e-05
6.710703068e-05
8.446683691e-05
6.61744249e-05
7.449255728e-05
5.650820459e-05
6.473527225e-05
7.275334439e-05
7.220361699e-05
7.578772895e-05
7.100911892e-05
7.03726747e-05
6.157817638e-05
6.507739994e-05
6.048290085e-05
6.789852218e-05
7.916488531e-05
7.447866011e-05
6.602188215e-05
7.690595589e-05
6.474686292e-05
7.5407641e-05
6.72026484e-05
7.760361957e-05
7.316770668e-05
6.879126323e-05
7.167111055e-05
7.801314114e-05
7.369421983e-05
6.249532671e-05
6.527691084e-05
6.457245966e-05
7.398076464e-05
6.319314444e-05
7.239724079e-05
6.183167972e-05
7.405552699e-05
7.322486513e-05
6.614845045e-05
7.162706682e-05
6.778706599e-05
7.310326906e-05
7.233093865e-05
7.149609436e-05
7.074388828e-05
7.283445401e-05
7.495532526e-05
7.122840513e-05
7.330784333e-05
7.244411897e-05
6.893991741e-05
6.812329231e-05
7.012486855e-05
7.195531968e-05
7.12283294e-05
7.29837618e-05
7.225486233e-05
7.138848568e-05
6.815999447e-05
7.482262787e-05
7.162482976e-05
7.076152585e-05
7.733292045e-05
6.923670902e-05
7.331273515e-05
6.541732536e-05
7.869722833e-05
7.088507958e-05
7.023751244e-05
6.938727245e-05
7.541914554e-05
7.231490517e-05
7.167771046e-05
7.081058413e-05
7.232565345e-05
7.145154116e-05
7.501328891e-05
6.830465017e-05
7.315011396e-05
7.794971969e-05
6.814240374e-05
7.774595209e-05
7.763564264e-05
6.777106931e-05
7.247293042e-05
6.262096582e-05
5.766447747e-05
7.181871014e-05
7.160930944e-05
7.605995817e-05
7.10624745e-05
7.543577015e-05
7.514021334e-05
5.605373055e-05
6.975798087e-05
7.39721856e-05
8.281095657e-05
6.399952749e-05
6.365539656e-05
6.773797374e-05
7.183169223e-05
6.239803466e-05
6.643423363e-05
6.15320066e-05
8.294566938e-05
7.795124062e-05
6.879457226e-05
7.674804645e-05
6.770534419e-05
7.131397062e-05
6.658657339e-05
6.599074094e-05
7.362378155e-05
7.294561249e-05
7.633321315e-05
6.765272579e-05
9.071048106e-05
7.421048048e-05
6.965412581e-05
7.663049298e-05
7.969528029e-05
7.889588575e-05
7.812402099e-05
6.99638667e-05
7.290855658e-05
7.215638007e-05
7.498939282e-05
8.127279031e-05
7.343563895e-05
7.265631974e-05
7.189612139e-05
7.78945488e-05
6.702126811e-05
7.623172384e-05
7.214636451e-05
7.783337117e-05
6.738246124e-05
6.980005361e-05
7.533809045e-05
6.827772776e-05
7.062518021e-05
7.285310921e-05
7.208348851e-05
7.125205125e-05
7.050245787e-05
7.258638847e-05
7.182698418e-05
6.81468109e-05
7.867853344e-05
7.497507172e-05
6.870590129e-05
7.060802242e-05
6.988709585e-05
6.905558288e-05
7.098700306e-05
6.754116869e-05
6.943837382e-05
7.368775612e-05
6.541329243e-05
7.208361555e-05
7.138223336e-05
7.295355408e-05
6.743698572e-05
7.376065264e-05
7.542096056e-05
6.519518722e-05
6.920290233e-05
6.83651465e-05
7.225662012e-05
7.807349454e-05
7.516212902e-05
6.988402377e-05
7.359754519e-05
7.056808169e-05
7.207802769e-05
7.120612167e-05
7.475574652e-05
7.77601409e-05
8.258244275e-05
6.3089032e-05
6.787872742e-05
7.260505953e-05
7.250211196e-05
6.7509486e-05
6.738040119e-05
6.717818686e-05
6.701617834e-05
6.200369852e-05
7.608988782e-05
7.103297284e-05
8.966775581e-05
8.454108812e-05
6.549673183e-05
6.049375345e-05
6.949269369e-05
7.369173762e-05
5.958137189e-05
6.375790259e-05
6.341531278e-05
8.547893718e-05
7.603462376e-05
6.660492904e-05
6.177359205e-05
7.443927822e-05
6.958927313e-05
7.334792303e-05
7.710759485e-05
7.64652397e-05
7.588821413e-05
7.523213519e-05
7.878211352e-05
7.39689115e-05
7.33557178e-05
8.075675849e-05
6.40478053e-05
6.740870258e-05
8.252426181e-05
5.837701992e-05
6.554872374e-05
8.017484616e-05
7.56296969e-05
8.235935924e-05
6.301894477e-05
6.23780943e-05
6.538611217e-05
7.549783548e-05
6.405084272e-05
7.042468873e-05
6.969415844e-05
7.585097246e-05
7.846924569e-05
7.762432389e-05
7.680725561e-05
6.93623758e-05
7.189722094e-05
6.786974738e-05
6.715061306e-05
6.63987415e-05
7.507973598e-05
7.113713619e-05
7.038372649e-05
6.655426765e-05
7.183772569e-05
7.100966849e-05
7.319028097e-05
7.523360724e-05
7.158320629e-05
7.357558869e-05
7.001069389e-05
6.918651842e-05
6.847346852e-05
6.7662927e-05
7.5008694e-05
7.41164769e-05
7.598784768e-05
6.990222127e-05
7.689334321e-05
7.343912697e-05
7.020734516e-05
7.679485049e-05
6.868812738e-05
7.755435174e-05
7.681053155e-05
7.588268133e-05
7.046811996e-05
6.961559208e-05
7.356658155e-05
6.813341062e-05
6.976130885e-05
7.113904788e-05
6.829742962e-05
6.964613382e-05
7.118977897e-05
7.032723456e-05
7.183209177e-05
7.513664012e-05
7.243052299e-05
6.777763739e-05
8.710295245e-05
7.251439238e-05
7.244687553e-05
7.232545915e-05
7.703784e-05
6.724991424e-05
7.671017954e-05
7.170043307e-05
7.152762883e-05
6.651760353e-05
7.579875722e-05
6.132691149e-05
6.581891773e-05
7.018283474e-05
6.990823443e-05
6.026438478e-05
6.461412217e-05
6.42367321e-05
6.848831585e-05
6.805510211e-05
6.317703321e-05
8.515885617e-05
7.129432301e-05
7.962802236e-05
7.473154398e-05
6.107556266e-05
6.499826782e-05
6.877858125e-05
5.975153822e-05
6.771956401e-05
7.140941748e-05
7.079308292e-05
6.196956508e-05
6.551129421e-05
6.902906573e-05
8.046496049e-05
7.578231954e-05
7.901933343e-05
6.656556612e-05
7.755776179e-05
7.684079846e-05
5.706408375e-05
7.912910151e-05
7.460723862e-05
7.018401058e-05
7.312764302e-05
7.963529736e-05
6.80682584e-05
8.155626686e-05
6.316119956e-05
7.639644902e-05
7.558764162e-05
7.479715178e-05
6.053945273e-05
7.321399051e-05
7.570672293e-05
7.164979218e-05
7.085770861e-05
7.648040559e-05
7.247379093e-05
7.170551625e-05
7.089467566e-05
7.319365368e-05
7.23578909e-05
7.159363299e-05
7.07689292e-05
7.294219497e-05
7.209529239e-05
6.848743444e-05
7.050687952e-05
6.69833322e-05
6.895325769e-05
7.097230723e-05
6.743506979e-05
6.941635518e-05
7.122898217e-05
7.050922314e-05
6.966712862e-05
7.408019998e-05
6.562056619e-05
6.997120542e-05
6.912978795e-05
6.601214871e-05
6.521626222e-05
6.459072871e-05
6.853703027e-05
6.788967673e-05
7.169348556e-05
7.102721896e-05
7.469356451e-05
7.401114422e-05
7.089825622e-05
7.465331563e-05
6.72407999e-05
7.309824426e-05
7.221190543e-05
6.948230408e-05
7.072030595e-05
7.218354389e-05
6.751716895e-05
6.748642707e-05
7.223590345e-05
6.735744953e-05
6.724480372e-05
7.194597918e-05
8.134783042e-05
6.686439641e-05
7.618810555e-05
6.175373901e-05
7.573022031e-05
6.60711152e-05
6.579321588e-05
6.556877341e-05
6.991679505e-05
7.42863153e-05
5.541853744e-05
6.896812689e-05
8.22793198e-05
8.18770145e-05
6.328008519e-05
6.294053757e-05
6.251454141e-05
8.43465126e-05
7.492498984e-05
7.007470026e-05
7.823554807e-05
6.4758376e-05
6.852569657e-05
6.37844207e-05
6.747185164e-05
7.114855268e-05
6.638633615e-05
8.644212273e-05
6.935380977e-05
6.473369251e-05
7.616650042e-05
6.756143923e-05
6.692589947e-05
6.242587544e-05
6.568925761e-05
7.656741063e-05
7.581581827e-05
6.758487271e-05
6.690978036e-05
5.521329176e-05
6.558399484e-05
6.13207042e-05
7.497068778e-05
7.773823274e-05
8.042552517e-05
6.921016257e-05
6.505438746e-05
7.115044803e-05
6.368259736e-05
7.959482082e-05
7.216662381e-05
7.14040606e-05
7.703503104e-05
7.621905192e-05
6.908654751e-05
6.835428108e-05
6.451004819e-05
7.294511823e-05
7.211279787e-05
7.729712624e-05
7.346855908e-05
7.560361651e-05
7.472631702e-05
7.678862776e-05
7.026960844e-05
7.510266629e-05
6.872156454e-05
6.529275766e-05
6.452039237e-05
7.450515149e-05
6.573159013e-05
7.027273688e-05
6.686199671e-05
6.619406762e-05
7.043145908e-05
6.724605425e-05
6.88980493e-05
7.553759867e-05
7.703409478e-05
7.391092931e-05
7.537317076e-05
7.232803711e-05
7.145249046e-05
7.078842852e-05
7.895372357e-05
6.9291519e-05
6.403479952e-05
7.221320462e-05
7.133690419e-05
6.856576539e-05
7.196711887e-05
6.924683187e-05
7.255281307e-05
7.399362178e-05
7.206288729e-05
6.722810617e-05
6.716224236e-05
7.189264445e-05
7.655751406e-05
6.689302663e-05
7.627052949e-05
8.564058826e-05
7.589797579e-05
7.57152858e-05
7.544252492e-05
6.582023763e-05
7.490739249e-05
6.998627488e-05
6.500924704e-05
6.475523173e-05
7.361332459e-05
6.87088021e-05
6.375513306e-05
5.891192975e-05
6.304385213e-05
6.718479206e-05
8.452583206e-05
8.403335931e-05
6.586570814e-05
7.854272739e-05
7.361709221e-05
6.021889853e-05
7.254183123e-05
8.04980047e-05
6.722594489e-05
7.922953827e-05
6.201154351e-05
6.97235874e-05
7.316860943e-05
7.659439624e-05
7.189888069e-05
7.52393205e-05
7.453262123e-05
6.609111608e-05
7.315680075e-05
7.248116319e-05
7.932550055e-05
7.482943865e-05
7.408301042e-05
7.335936503e-05
5.809308908e-05
6.110654861e-05
7.470986485e-05
7.394674156e-05
7.666236266e-05
7.931627829e-05
7.165431699e-05
7.090531564e-05
8.016499051e-05
7.271157743e-05
6.211257272e-05
6.792546293e-05
7.677254465e-05
6.962952185e-05
6.572230896e-05
7.121872942e-05
7.041467939e-05
6.966917055e-05
7.186935961e-05
7.111039033e-05
7.029231461e-05
7.824711722e-05
7.447522873e-05
7.369616904e-05
7.003392893e-05
7.20785335e-05
7.123108015e-05
7.049693175e-05
7.770135702e-05
7.425590701e-05
6.813237332e-05
6.744383788e-05
8.201677693e-05
6.343547328e-05
7.019619834e-05
7.446820669e-05
6.131058852e-05
7.771372337e-05
7.197803914e-05
7.604004835e-05
6.338332071e-05
7.441133613e-05
7.810470143e-05
7.28270847e-05
6.744753424e-05
7.128669819e-05
6.602018457e-05
7.415134479e-05
7.325096346e-05
7.474113336e-05
7.383351529e-05
7.528685485e-05
7.024107442e-05
7.374302173e-05
6.700219213e-05
6.69717553e-05
5.734823507e-05
6.684411698e-05
6.673280252e-05
8.091808826e-05
8.072940443e-05
8.531515902e-05
7.088441936e-05
7.542816399e-05
6.576238125e-05
7.493858062e-05
6.996064535e-05
8.366675883e-05
6.47646729e-05
8.294371966e-05
6.875376636e-05
7.301484817e-05
8.166475469e-05
7.223644661e-05
7.178214432e-05
6.247281859e-05
6.648381798e-05
7.050317702e-05
7.874752091e-05
6.955872175e-05
8.197611631e-05
7.285504781e-05
7.652864848e-05
6.754068625e-05
7.116818809e-05
7.894220519e-05
6.590669566e-05
6.947204645e-05
8.100630735e-05
7.631951979e-05
7.562197888e-05
8.680821208e-05
6.644996317e-05
8.135204614e-05
8.440825627e-05
6.082114382e-05
7.151814451e-05
6.338147069e-05
7.01324668e-05
7.310281475e-05
6.512705297e-05
7.163986312e-05
8.154140761e-05
7.369059336e-05
6.945254619e-05
7.216948476e-05
6.800773312e-05
7.066186654e-05
6.99043585e-05
7.575671817e-05
7.167470062e-05
7.736467591e-05
7.332384758e-05
7.254743076e-05
7.485701006e-05
7.097780611e-05
7.017711041e-05
7.245307673e-05
7.162755942e-05
7.382417408e-05
7.005640666e-05
7.220792633e-05
7.137098284e-05
7.344939734e-05
6.700783205e-05
6.907461777e-05
7.099333092e-05
7.566636442e-05
6.676061386e-05
6.607886123e-05
6.790541509e-05
7.756054628e-05
6.897124373e-05
6.575318992e-05
7.246116491e-05
7.174622988e-05
7.577197364e-05
7.745488708e-05
7.173822317e-05
7.578664413e-05
7.253075495e-05
6.952794326e-05
7.32648551e-05
7.258387849e-05
6.722196718e-05
6.882801418e-05
7.018556331e-05
6.955565396e-05
6.871055232e-05
7.023357729e-05
7.148249095e-05
7.294916708e-05
7.412176169e-05
7.145261025e-05
6.197994999e-05
7.624840231e-05
6.66522498e-05
7.610328418e-05
6.647971461e-05
8.061127435e-05
8.042370415e-05
7.082682803e-05
7.061652672e-05
6.575031011e-05
7.487364234e-05
6.999016608e-05
7.434411011e-05
6.019893275e-05
8.756547928e-05
8.263305752e-05
7.306343849e-05
7.72887539e-05
8.136090209e-05
7.196791421e-05
6.257663812e-05
7.11332071e-05
7.948624701e-05
6.585313988e-05
6.974073936e-05
6.064062507e-05
7.307898454e-05
6.404920875e-05
8.048646817e-05
6.729537408e-05
8.34243373e-05
8.279678807e-05
7.387814824e-05
6.515041311e-05
6.053718894e-05
7.204415608e-05
7.535262734e-05
6.290867163e-05
5.84245804e-05
6.948358043e-05
7.646431823e-05
6.060703676e-05
6.751645496e-05
6.687474826e-05
6.988779291e-05
7.284805262e-05
7.211217942e-05
5.711312357e-05
6.712756618e-05
7.343621362e-05
6.921368971e-05
6.849664312e-05
6.777486533e-05
7.042008345e-05
7.630084306e-05
7.549855876e-05
7.792499495e-05
7.388946132e-05
6.354408488e-05
7.230203286e-05
7.14960028e-05
7.381409459e-05
7.298205817e-05
7.220953687e-05
7.138738082e-05
7.063362751e-05
7.273133008e-05
7.196644424e-05
7.397808046e-05
6.757317485e-05
6.678458981e-05
6.609071701e-05
7.347859286e-05
7.541464223e-05
7.45234373e-05
6.849364566e-05
8.069534159e-05
6.699593458e-05
7.638040131e-05
7.309667061e-05
7.471110065e-05
7.890550917e-05
7.308435281e-05
6.996047838e-05
7.149999992e-05
7.081399055e-05
7.228968085e-05
7.85363801e-05
7.073912927e-05
7.234229124e-05
7.369769421e-05
7.081143678e-05
7.432312075e-05
7.582243466e-05
7.490062486e-05
6.787735953e-05
7.12426164e-05
6.854989492e-05
7.182030278e-05
7.324687973e-05
6.649501165e-05
8.070734725e-05
8.537161755e-05
6.633854949e-05
7.095914909e-05
8.503070645e-05
8.012031034e-05
7.526370154e-05
8.911082503e-05
7.018162875e-05
8.391645703e-05
6.507890738e-05
6.94365317e-05
6.458692482e-05
7.8055505e-05
6.403033299e-05
6.824209188e-05
8.153087779e-05
7.655600764e-05
6.722003522e-05
7.125213531e-05
6.201199969e-05
7.479440534e-05
7.873360815e-05
7.817125889e-05
6.905028627e-05
6.424664997e-05
6.807067594e-05
6.331170414e-05
6.705183744e-05
7.481122093e-05
7.837374626e-05
6.952355726e-05
7.303168634e-05
6.434261301e-05
6.779925993e-05
7.508518775e-05
7.052140139e-05
6.59807482e-05
8.077833829e-05
6.476639419e-05
8.304234378e-05
6.354273087e-05
7.034364164e-05
6.597930344e-05
6.5335554e-05
5.749016385e-05
6.758743008e-05
6.689644171e-05
8.015344921e-05
7.242529404e-05
6.826206144e-05
7.767512486e-05
6.349614464e-05
7.273539002e-05
6.5427959e-05
6.795355484e-05
7.684119435e-05
6.332975792e-05
6.892532042e-05
7.125566439e-05
7.356606958e-05
7.273747759e-05
7.196762876e-05
7.114880755e-05
7.333087026e-05
6.958930948e-05
6.885750904e-05
7.089614137e-05
6.734841124e-05
6.933628138e-05
6.587126804e-05
7.052256214e-05
7.24801397e-05
7.162389582e-05
7.614372552e-05
6.486154308e-05
7.191068391e-05
7.105258503e-05
7.034261896e-05
7.198188665e-05
8.110214362e-05
7.527068586e-05
6.972900723e-05
8.076513408e-05
6.822691253e-05
7.437440412e-05
7.136944038e-05
7.960185149e-05
7.886189812e-05
8.013039505e-05
6.837066912e-05
6.971834196e-05
7.557006407e-05
7.251788248e-05
6.976504477e-05
7.100434636e-05
7.246133752e-05
7.362453456e-05
7.097348986e-05
7.570775992e-05
6.621430009e-05
8.032493209e-05
6.608862278e-05
7.069205844e-05
6.588611976e-05
6.103820948e-05
7.498092743e-05
6.541431916e-05
6.525725255e-05
8.360243435e-05
8.335992129e-05
8.301289044e-05
6.89421858e-05
7.31907071e-05
7.290547801e-05
6.345649335e-05
7.671614429e-05
8.075993009e-05
5.804239567e-05
6.65531766e-05
7.943673887e-05
7.452048742e-05
6.537130955e-05
7.78862791e-05
8.599855709e-05
7.681625624e-05
7.630199641e-05
6.308312229e-05
7.516131427e-05
6.625998488e-05
8.220271144e-05
6.927509651e-05
7.681386698e-05
8.01423283e-05
5.961047514e-05
7.875751561e-05
7.417633696e-05
6.574861689e-05
6.516222085e-05
7.213262353e-05
6.770622747e-05
7.077105763e-05
7.378840525e-05
7.30563487e-05
6.87266276e-05
6.803420287e-05
6.380965954e-05
7.368447209e-05
6.598671654e-05
7.905200261e-05
7.823344318e-05
7.404526957e-05
7.660253762e-05
7.907895818e-05
7.498748265e-05
6.449933002e-05
7.658210119e-05
7.258440269e-05
7.493862686e-05
6.79292435e-05
7.026471804e-05
6.947392537e-05
7.172733606e-05
7.091182357e-05
7.601014966e-05
7.802784999e-05
7.720735679e-05
7.348752545e-05
7.27188994e-05
6.634253828e-05
7.385993051e-05
7.028951132e-05
7.224061095e-05
7.667543805e-05
7.065840696e-05
6.723352301e-05
6.911370817e-05
6.575989656e-05
7.511858767e-05
7.421856956e-05
6.613752742e-05
6.776227708e-05
7.908514035e-05
7.102826858e-05
7.03466858e-05
7.181230854e-05
7.113374831e-05
7.027141614e-05
6.737241508e-05
7.09911771e-05
6.814426825e-05
7.165852675e-05
7.101540402e-05
7.015098457e-05
6.953311493e-05
7.49304686e-05
6.396616284e-05
7.337841427e-05
7.275736918e-05
7.070941265e-05
7.067743738e-05
6.590161966e-05
7.524636821e-05
7.042697091e-05
6.095060371e-05
7.484267155e-05
8.403780398e-05
6.982486192e-05
7.43011274e-05
6.478169687e-05
6.459389537e-05
9.189361666e-05
6.868601301e-05
7.291943538e-05
7.717516333e-05
7.225384218e-05
6.294483133e-05
6.258214756e-05
7.562254905e-05
7.072989567e-05
7.91459091e-05
7.861613135e-05
7.815963459e-05
7.329207128e-05
6.854922962e-05
6.80342711e-05
7.180279277e-05
6.704659738e-05
8.321251776e-05
7.014924282e-05
6.552708689e-05
6.496791088e-05
6.848377408e-05
7.187257463e-05
7.127949215e-05
7.455596357e-05
7.780554489e-05
6.937211986e-05
8.021266554e-05
7.566425716e-05
7.496708204e-05
7.423735279e-05
6.985602428e-05
7.280411409e-05
6.488487907e-05
7.493734333e-05
7.772188861e-05
7.343250684e-05
6.576126533e-05
6.850687712e-05
7.118756982e-05
7.379430642e-05
6.63852962e-05
7.552819771e-05
7.148520317e-05
7.713894848e-05
7.632474937e-05
7.234122419e-05
7.468768702e-05
7.077980267e-05
7.003019545e-05
7.225320156e-05
7.148864265e-05
7.067641305e-05
6.993035073e-05
7.488909971e-05
6.840152893e-05
6.761047345e-05
6.969097925e-05
7.163400807e-05
7.088977266e-05
7.005799571e-05
6.666912977e-05
7.115261342e-05
7.042591985e-05
6.958990796e-05
6.888647524e-05
8.066931948e-05
7.237599307e-05
7.150890689e-05
7.324465924e-05
6.753960139e-05
7.165927222e-05
7.315455378e-05
7.478969456e-05
7.157597889e-05
7.089960782e-05
6.778052057e-05
7.386542961e-05
7.739035173e-05
6.791936182e-05
7.142159063e-05
6.863572988e-05
7.415600242e-05
7.560296951e-05
7.26070428e-05
6.786684687e-05
6.907093768e-05
7.25150593e-05
7.044479588e-05
7.041297585e-05
7.034480644e-05
7.496500187e-05
7.951904592e-05
7.473594144e-05
6.990327323e-05
6.511899289e-05
6.956490349e-05
7.402461117e-05
8.298138723e-05
7.354753175e-05
6.866492168e-05
6.843173693e-05
8.173143799e-05
7.236741057e-05
7.198794915e-05
7.167243e-05
7.126024103e-05
7.091345696e-05
7.047163616e-05
7.009528987e-05
7.397862678e-05
6.922291079e-05
8.591389766e-05
6.830141833e-05
5.93155534e-05
6.733596353e-05
7.515704968e-05
6.633169002e-05
7.401075798e-05
8.977880913e-05
7.687563717e-05
6.824108375e-05
7.161885781e-05
7.49742096e-05
7.038392141e-05
5.814949704e-05
6.528922008e-05
7.232014311e-05
6.786114996e-05
7.097149978e-05
7.398064318e-05
7.694260951e-05
6.167057293e-05
6.466186511e-05
8.17932111e-05
7.041456795e-05
8.015199785e-05
6.898668361e-05
6.486074653e-05
6.081107298e-05
7.020208241e-05
6.946927385e-05
6.545575209e-05
7.124487588e-05
7.047374143e-05
7.289957468e-05
7.209966969e-05
7.443842216e-05
7.054424731e-05
7.28318955e-05
7.201347371e-05
7.125153262e-05
7.044256038e-05
6.969902697e-05
7.464191242e-05
7.101645422e-05
7.300343341e-05
6.946146163e-05
6.865239606e-05
7.065671039e-05
8.057076948e-05
6.910826169e-05
7.617257112e-05
7.019495763e-05
7.44998102e-05
6.611774154e-05
7.035448312e-05
6.467626845e-05
6.390149128e-05
6.813777486e-05
6.731838439e-05
7.142451064e-05
7.056272106e-05
7.687405897e-05
8.054651571e-05
7.294658442e-05
6.530598614e-05
6.916081873e-05
6.391251111e-05
7.206341478e-05
6.471474199e-05
7.268513456e-05
6.968758418e-05
7.32601449e-05
6.823138618e-05
7.379146809e-05
7.086632531e-05
7.227435803e-05
7.018215227e-05
5.612038886e-05
6.541052236e-05
7.46857319e-05
8.38832589e-05
7.445784045e-05
7.892928556e-05
6.487706049e-05
7.392733177e-05
8.296891364e-05
7.80812937e-05
5.953634065e-05
7.297228284e-05
9.090578209e-05
7.238288015e-05
6.759501023e-05
6.724125554e-05
6.248361711e-05
7.543743976e-05
6.182282142e-05
7.021525579e-05
7.420555887e-05
6.503880069e-05
6.897241695e-05
7.276346786e-05
7.656231635e-05
6.332427735e-05
6.709457122e-05
6.656765218e-05
7.435694944e-05
7.374773003e-05
6.506192873e-05
7.25720363e-05
7.200011373e-05
6.740209676e-05
7.471081898e-05
7.403414746e-05
6.567243479e-05
8.419777974e-05
6.82755945e-05
7.514012e-05
7.444840225e-05
7.00394177e-05
7.667776491e-05
7.230483423e-05
6.444037893e-05
7.44259237e-05
7.017452142e-05
6.251460926e-05
6.875258233e-05
7.144581621e-05
6.397260585e-05
7.329744933e-05
6.923556977e-05
6.197447747e-05
7.10061591e-05
7.343101582e-05
7.581520003e-05
7.498405875e-05
7.109953159e-05
6.725328702e-05
7.259041641e-05
7.177533137e-05
7.101599025e-05
7.021025013e-05
7.236377976e-05
7.439635155e-05
7.078286267e-05
7.276377123e-05
6.923345082e-05
7.390161619e-05
7.584249677e-05
7.227641411e-05
7.947936715e-05
7.330554779e-05
7.255682035e-05
6.657479677e-05
7.350583028e-05
7.513373674e-05
7.190338464e-05
7.104210227e-05
7.03408772e-05
7.189136978e-05
6.169911127e-05
6.329900552e-05
6.965717945e-05
7.110795554e-05
7.043592073e-05
7.182588818e-05
7.782915329e-05
6.589962515e-05
7.400371289e-05
7.310246039e-05
7.457716098e-05
7.156296536e-05
7.093274364e-05
7.006699363e-05
7.354799333e-05
7.063177769e-05
7.20352494e-05
7.458289051e-05
6.988994609e-05
6.516770826e-05
6.045693466e-05
6.035770365e-05
7.418180148e-05
7.401133339e-05
7.848768748e-05
6.905075067e-05
7.347770753e-05
7.779341577e-05
6.387978239e-05
7.270397028e-05
6.792879125e-05
6.761020569e-05
7.632705389e-05
6.699561664e-05
7.114918324e-05
7.516288655e-05
7.479758953e-05
6.558818822e-05
7.828605823e-05
6.48040494e-05
7.731419567e-05
7.676683964e-05
7.628752388e-05
7.151084862e-05
7.103333492e-05
6.218506542e-05
6.997638231e-05
7.348656502e-05
6.483181741e-05
6.829876202e-05
7.971861998e-05
7.111676037e-05
8.228603805e-05
8.154186045e-05
7.314297072e-05
6.865009252e-05
6.803902011e-05
6.73926886e-05
7.048215731e-05
6.245163651e-05
6.913714328e-05
7.205775351e-05
7.849160597e-05
8.123690101e-05
6.993610599e-05
7.268684528e-05
6.852006449e-05
7.459579005e-05
7.046849099e-05
7.305152137e-05
7.228931059e-05
6.176738381e-05
7.398581108e-05
6.364050142e-05
7.241451121e-05
7.473534056e-05
7.086381532e-05
7.007780908e-05
7.23505333e-05
7.153875888e-05
7.078200006e-05
7.289527824e-05
7.501101886e-05
7.415240111e-05
7.055080277e-05
7.810457572e-05
7.452748658e-05
7.366023188e-05
6.749533964e-05
7.73770304e-05
6.865744989e-05
6.784767887e-05
6.715467606e-05
7.146254816e-05
6.821365405e-05
6.989665331e-05
6.672667108e-05
7.081097798e-05
6.769433224e-05
7.165743161e-05
7.095957204e-05
7.010323657e-05
7.405902707e-05
7.773522179e-05
7.020634417e-05
6.711706674e-05
7.535874597e-05
7.006322795e-05
7.593132887e-05
6.643402485e-05
7.008539869e-05
6.923026584e-05
7.277943901e-05
7.189052469e-05
7.330611997e-05
7.039877752e-05
7.179771766e-05
7.430687676e-05
6.963133423e-05
8.347717314e-05
7.413338805e-05
6.938620797e-05
7.390780168e-05
6.452102097e-05
7.819823797e-05
7.338294808e-05
7.3207275e-05
7.294837911e-05
6.819132928e-05
7.243762363e-05
8.121609672e-05
7.185416339e-05
7.157503807e-05
6.67517659e-05
7.975171623e-05
7.489032456e-05
7.014267131e-05
6.970805098e-05
7.367004596e-05
6.457098664e-05
8.131623433e-05
7.649198971e-05
6.334558073e-05
7.544754235e-05
6.661694183e-05
7.435743875e-05
7.383020312e-05
6.915906305e-05
6.864103607e-05
6.005202646e-05
7.943908779e-05
6.299408219e-05
7.41895509e-05
6.96501331e-05
5.754403603e-05
7.221345321e-05
7.157097282e-05
7.462319444e-05
6.284632283e-05
6.589895156e-05
6.164807796e-05
7.18123557e-05
8.178024074e-05
8.448164257e-05
7.318427035e-05
6.209283882e-05
7.170356978e-05
5.744862246e-05
7.357639714e-05
6.618839833e-05
6.877284734e-05
7.128193321e-05
6.732742487e-05
7.294375943e-05
7.21743921e-05
7.448826687e-05
7.370051147e-05
6.98468954e-05
7.211223042e-05
7.130374075e-05
7.348911121e-05
6.975019629e-05
6.901414788e-05
7.106735124e-05
7.03202595e-05
6.950878535e-05
7.42844419e-05
6.798186972e-05
7.265765276e-05
7.446598498e-05
7.369841489e-05
7.543051773e-05
7.208555584e-05
6.359881773e-05
7.554699058e-05
6.966996565e-05
7.390025001e-05
7.058135266e-05
6.506495521e-05
6.904417729e-05
8.01599473e-05
7.686330417e-05
7.151180124e-05
7.064601309e-05
7.223562251e-05
7.581863131e-05
6.627673561e-05
7.201736314e-05
7.784638666e-05
6.835327033e-05
6.985669093e-05
7.318590166e-05
6.839621861e-05
7.370209815e-05
7.103622581e-05
7.217208981e-05
7.156174727e-05
)
;

boundaryField
{
    BCSymmetryPlane
    {
        type            symmetry;
    }
    BCWall
    {
        type            calculated;
        value           uniform 0;
    }
    inlet
    {
        type            calculated;
        value           uniform 0;
    }
    outlet
    {
        type            calculated;
        value           uniform 0;
    }
}


// ************************************************************************* //
