/*---------------------------------------------------------------------------*\
| =========                 |                                                 |
| \\      /  F ield         | OpenFOAM: The Open Source CFD Toolbox           |
|  \\    /   O peration     | Version:  v1706                                 |
|   \\  /    A nd           | Web:      www.OpenFOAM.com                      |
|    \\/     M anipulation  |                                                 |
\*---------------------------------------------------------------------------*/
Build  : v1706
Arch   : "LSB;label=32;scalar=64"
Exec   : /publicfs01/fs1-m8/home/m8s000774/users/xiao_chen_xiang/611/dsmcFoamPar/v1706/dlb/platforms/linux64IccDPInt32Opt/bin/dsmcFoam+
Date   : Jun 23 2026
Time   : 00:27:31
Host   : "m4cm1004.para.bscc"
PID    : 15468
/*---------------------------------------------------------------------------*\
| =========                 |                                                 |
| \\      /  F ield         | OpenFOAM: The Open Source CFD Toolbox           |
|  \\    /   O peration     | Version:  v1706                                 |
|   \\  /    A nd           | Web:      www.OpenFOAM.com                      |
|    \\/     M anipulation  |                                                 |
\*---------------------------------------------------------------------------*/
Build  : v1706
Arch   : "LSB;label=32;scalar=64"
Exec   : /publicfs01/fs1-m8/home/m8s000774/users/xiao_chen_xiang/611/dsmcFoamPar/v1706/dlb/platforms/linux64IccDPInt32Opt/bin/dsmcFoam+
Date   : Jun 23 2026
Time   : 00:27:31
Host   : "m4cm1004.para.bscc"
PID    : 15469
/*---------------------------------------------------------------------------*\
| =========                 |                                                 |
| \\      /  F ield         | OpenFOAM: The Open Source CFD Toolbox           |
|  \\    /   O peration     | Version:  v1706                                 |
|   \\  /    A nd           | Web:      www.OpenFOAM.com                      |
|    \\/     M anipulation  |                                                 |
\*---------------------------------------------------------------------------*/
Build  : v1706
Arch   : "LSB;label=32;scalar=64"
Exec   : /publicfs01/fs1-m8/home/m8s000774/users/xiao_chen_xiang/611/dsmcFoamPar/v1706/dlb/platforms/linux64IccDPInt32Opt/bin/dsmcFoam+
Date   : Jun 23 2026
Time   : 00:27:31
Host   : "m4cm1004.para.bscc"
PID    : 15470
/*---------------------------------------------------------------------------*\
| =========                 |                                                 |
| \\      /  F ield         | OpenFOAM: The Open Source CFD Toolbox           |
|  \\    /   O peration     | Version:  v1706                                 |
|   \\  /    A nd           | Web:      www.OpenFOAM.com                      |
|    \\/     M anipulation  |                                                 |
\*---------------------------------------------------------------------------*/
Build  : v1706
Arch   : "LSB;label=32;scalar=64"
Exec   : /publicfs01/fs1-m8/home/m8s000774/users/xiao_chen_xiang/611/dsmcFoamPar/v1706/dlb/platforms/linux64IccDPInt32Opt/bin/dsmcFoam+
Date   : Jun 23 2026
Time   : 00:27:31
Host   : "m4cm1004.para.bscc"
PID    : 15471
/*---------------------------------------------------------------------------*\
| =========                 |                                                 |
| \\      /  F ield         | OpenFOAM: The Open Source CFD Toolbox           |
|  \\    /   O peration     | Version:  v1706                                 |
|   \\  /    A nd           | Web:      www.OpenFOAM.com                      |
|    \\/     M anipulation  |                                                 |
\*---------------------------------------------------------------------------*/
Build  : v1706
Arch   : "LSB;label=32;scalar=64"
Exec   : /publicfs01/fs1-m8/home/m8s000774/users/xiao_chen_xiang/611/dsmcFoamPar/v1706/dlb/platforms/linux64IccDPInt32Opt/bin/dsmcFoam+
Date   : Jun 23 2026
Time   : 00:27:31
Host   : "m4cm1004.para.bscc"
PID    : 15472
/*---------------------------------------------------------------------------*\
| =========                 |                                                 |
| \\      /  F ield         | OpenFOAM: The Open Source CFD Toolbox           |
|  \\    /   O peration     | Version:  v1706                                 |
|   \\  /    A nd           | Web:      www.OpenFOAM.com                      |
|    \\/     M anipulation  |                                                 |
\*---------------------------------------------------------------------------*/
Build  : v1706
Arch   : "LSB;label=32;scalar=64"
Exec   : /publicfs01/fs1-m8/home/m8s000774/users/xiao_chen_xiang/611/dsmcFoamPar/v1706/dlb/platforms/linux64IccDPInt32Opt/bin/dsmcFoam+
Date   : Jun 23 2026
Time   : 00:27:31
Host   : "m4cm1004.para.bscc"
PID    : 15473
/*---------------------------------------------------------------------------*\
| =========                 |                                                 |
| \\      /  F ield         | OpenFOAM: The Open Source CFD Toolbox           |
|  \\    /   O peration     | Version:  v1706                                 |
|   \\  /    A nd           | Web:      www.OpenFOAM.com                      |
|    \\/     M anipulation  |                                                 |
\*---------------------------------------------------------------------------*/
Build  : v1706
Arch   : "LSB;label=32;scalar=64"
Exec   : /publicfs01/fs1-m8/home/m8s000774/users/xiao_chen_xiang/611/dsmcFoamPar/v1706/dlb/platforms/linux64IccDPInt32Opt/bin/dsmcFoam+
Date   : Jun 23 2026
Time   : 00:27:31
Host   : "m4cm1004.para.bscc"
PID    : 15474
/*---------------------------------------------------------------------------*\
| =========                 |                                                 |
| \\      /  F ield         | OpenFOAM: The Open Source CFD Toolbox           |
|  \\    /   O peration     | Version:  v1706                                 |
|   \\  /    A nd           | Web:      www.OpenFOAM.com                      |
|    \\/     M anipulation  |                                                 |
\*---------------------------------------------------------------------------*/
Build  : v1706
Arch   : "LSB;label=32;scalar=64"
Exec   : /publicfs01/fs1-m8/home/m8s000774/users/xiao_chen_xiang/611/dsmcFoamPar/v1706/dlb/platforms/linux64IccDPInt32Opt/bin/dsmcFoam+
Date   : Jun 23 2026
Time   : 00:27:31
Host   : "m4cm1004.para.bscc"
PID    : 15475
/*---------------------------------------------------------------------------*\
| =========                 |                                                 |
| \\      /  F ield         | OpenFOAM: The Open Source CFD Toolbox           |
|  \\    /   O peration     | Version:  v1706                                 |
|   \\  /    A nd           | Web:      www.OpenFOAM.com                      |
|    \\/     M anipulation  |                                                 |
\*---------------------------------------------------------------------------*/
Build  : v1706
Arch   : "LSB;label=32;scalar=64"
Exec   : /publicfs01/fs1-m8/home/m8s000774/users/xiao_chen_xiang/611/dsmcFoamPar/v1706/dlb/platforms/linux64IccDPInt32Opt/bin/dsmcFoam+
Date   : Jun 23 2026
Time   : 00:27:31
Host   : "m4cm1004.para.bscc"
PID    : 15476
/*---------------------------------------------------------------------------*\
| =========                 |                                                 |
| \\      /  F ield         | OpenFOAM: The Open Source CFD Toolbox           |
|  \\    /   O peration     | Version:  v1706                                 |
|   \\  /    A nd           | Web:      www.OpenFOAM.com                      |
|    \\/     M anipulation  |                                                 |
\*---------------------------------------------------------------------------*/
Build  : v1706
Arch   : "LSB;label=32;scalar=64"
Exec   : /publicfs01/fs1-m8/home/m8s000774/users/xiao_chen_xiang/611/dsmcFoamPar/v1706/dlb/platforms/linux64IccDPInt32Opt/bin/dsmcFoam+
Date   : Jun 23 2026
Time   : 00:27:31
Host   : "m4cm1004.para.bscc"
PID    : 15477
/*---------------------------------------------------------------------------*\
| =========                 |                                                 |
| \\      /  F ield         | OpenFOAM: The Open Source CFD Toolbox           |
|  \\    /   O peration     | Version:  v1706                                 |
|   \\  /    A nd           | Web:      www.OpenFOAM.com                      |
|    \\/     M anipulation  |                                                 |
\*---------------------------------------------------------------------------*/
Build  : v1706
Arch   : "LSB;label=32;scalar=64"
Exec   : /publicfs01/fs1-m8/home/m8s000774/users/xiao_chen_xiang/611/dsmcFoamPar/v1706/dlb/platforms/linux64IccDPInt32Opt/bin/dsmcFoam+
Date   : Jun 23 2026
Time   : 00:27:31
Host   : "m4cm1004.para.bscc"
PID    : 15478
/*---------------------------------------------------------------------------*\
| =========                 |                                                 |
| \\      /  F ield         | OpenFOAM: The Open Source CFD Toolbox           |
|  \\    /   O peration     | Version:  v1706                                 |
|   \\  /    A nd           | Web:      www.OpenFOAM.com                      |
|    \\/     M anipulation  |                                                 |
\*---------------------------------------------------------------------------*/
Build  : v1706
Arch   : "LSB;label=32;scalar=64"
Exec   : /publicfs01/fs1-m8/home/m8s000774/users/xiao_chen_xiang/611/dsmcFoamPar/v1706/dlb/platforms/linux64IccDPInt32Opt/bin/dsmcFoam+
Date   : Jun 23 2026
Time   : 00:27:31
Host   : "m4cm1004.para.bscc"
PID    : 15479
/*---------------------------------------------------------------------------*\
| =========                 |                                                 |
| \\      /  F ield         | OpenFOAM: The Open Source CFD Toolbox           |
|  \\    /   O peration     | Version:  v1706                                 |
|   \\  /    A nd           | Web:      www.OpenFOAM.com                      |
|    \\/     M anipulation  |                                                 |
\*---------------------------------------------------------------------------*/
Build  : v1706
Arch   : "LSB;label=32;scalar=64"
Exec   : /publicfs01/fs1-m8/home/m8s000774/users/xiao_chen_xiang/611/dsmcFoamPar/v1706/dlb/platforms/linux64IccDPInt32Opt/bin/dsmcFoam+
Date   : Jun 23 2026
Time   : 00:27:31
Host   : "m4cm1004.para.bscc"
PID    : 15480
/*---------------------------------------------------------------------------*\
| =========                 |                                                 |
| \\      /  F ield         | OpenFOAM: The Open Source CFD Toolbox           |
|  \\    /   O peration     | Version:  v1706                                 |
|   \\  /    A nd           | Web:      www.OpenFOAM.com                      |
|    \\/     M anipulation  |                                                 |
\*---------------------------------------------------------------------------*/
Build  : v1706
Arch   : "LSB;label=32;scalar=64"
Exec   : /publicfs01/fs1-m8/home/m8s000774/users/xiao_chen_xiang/611/dsmcFoamPar/v1706/dlb/platforms/linux64IccDPInt32Opt/bin/dsmcFoam+
Date   : Jun 23 2026
Time   : 00:27:31
Host   : "m4cm1004.para.bscc"
PID    : 15481
/*---------------------------------------------------------------------------*\
| =========                 |                                                 |
| \\      /  F ield         | OpenFOAM: The Open Source CFD Toolbox           |
|  \\    /   O peration     | Version:  v1706                                 |
|   \\  /    A nd           | Web:      www.OpenFOAM.com                      |
|    \\/     M anipulation  |                                                 |
\*---------------------------------------------------------------------------*/
Build  : v1706
Arch   : "LSB;label=32;scalar=64"
Exec   : /publicfs01/fs1-m8/home/m8s000774/users/xiao_chen_xiang/611/dsmcFoamPar/v1706/dlb/platforms/linux64IccDPInt32Opt/bin/dsmcFoam+
Date   : Jun 23 2026
Time   : 00:27:31
Host   : "m4cm1004.para.bscc"
PID    : 15482
/*---------------------------------------------------------------------------*\
| =========                 |                                                 |
| \\      /  F ield         | OpenFOAM: The Open Source CFD Toolbox           |
|  \\    /   O peration     | Version:  v1706                                 |
|   \\  /    A nd           | Web:      www.OpenFOAM.com                      |
|    \\/     M anipulation  |                                                 |
\*---------------------------------------------------------------------------*/
Build  : v1706
Arch   : "LSB;label=32;scalar=64"
Exec   : /publicfs01/fs1-m8/home/m8s000774/users/xiao_chen_xiang/611/dsmcFoamPar/v1706/dlb/platforms/linux64IccDPInt32Opt/bin/dsmcFoam+
Date   : Jun 23 2026
Time   : 00:27:31
Host   : "m4cm1004.para.bscc"
PID    : 15483
Case   : /publicfs01/fs1-m8/home/m8s000774/users/xiao_chen_xiang/611/dsmcFoamPar/v1706/dlb/case/pal-phd-3.3.1-react/validate/mpi16_omp4
nProcs : 1
sigFpe : Enabling floating point exception trapping (FOAM_SIGFPE).
Case   : /publicfs01/fs1-m8/home/m8s000774/users/xiao_chen_xiang/611/dsmcFoamPar/v1706/dlb/case/pal-phd-3.3.1-react/validate/mpi16_omp4
nProcs : 1
sigFpe : Enabling floating point exception trapping (FOAM_SIGFPE).
fileModificationChecking : Monitoring run-time modified files using timeStampMaster (fileModificationSkew 10)
allowSystemOperations : Allowing user-supplied system call operations

fileModificationChecking : Monitoring run-time modified files using timeStampMaster (fileModificationSkew 10)
allowSystemOperations : Allowing user-supplied system call operations

// * * * * * * * * * * * * * * * * * * * * * * * * * * * * * * * * * * * * * //
Create time

// * * * * * * * * * * * * * * * * * * * * * * * * * * * * * * * * * * * * * //
Create time

Case   : /publicfs01/fs1-m8/home/m8s000774/users/xiao_chen_xiang/611/dsmcFoamPar/v1706/dlb/case/pal-phd-3.3.1-react/validate/mpi16_omp4
nProcs : 1
sigFpe : Enabling floating point exception trapping (FOAM_SIGFPE).
fileModificationChecking : Monitoring run-time modified files using timeStampMaster (fileModificationSkew 10)
allowSystemOperations : Allowing user-supplied system call operations

// * * * * * * * * * * * * * * * * * * * * * * * * * * * * * * * * * * * * * //
Create time

Case   : /publicfs01/fs1-m8/home/m8s000774/users/xiao_chen_xiang/611/dsmcFoamPar/v1706/dlb/case/pal-phd-3.3.1-react/validate/mpi16_omp4
nProcs : 1
sigFpe : Enabling floating point exception trapping (FOAM_SIGFPE).
fileModificationChecking : Monitoring run-time modified files using timeStampMaster (fileModificationSkew 10)
allowSystemOperations : Allowing user-supplied system call operations

// * * * * * * * * * * * * * * * * * * * * * * * * * * * * * * * * * * * * * //
Create time

Case   : /publicfs01/fs1-m8/home/m8s000774/users/xiao_chen_xiang/611/dsmcFoamPar/v1706/dlb/case/pal-phd-3.3.1-react/validate/mpi16_omp4
nProcs : 1
sigFpe : Enabling floating point exception trapping (FOAM_SIGFPE).
fileModificationChecking : Monitoring run-time modified files using timeStampMaster (fileModificationSkew 10)
allowSystemOperations : Allowing user-supplied system call operations

// * * * * * * * * * * * * * * * * * * * * * * * * * * * * * * * * * * * * * //
Create time

Case   : /publicfs01/fs1-m8/home/m8s000774/users/xiao_chen_xiang/611/dsmcFoamPar/v1706/dlb/case/pal-phd-3.3.1-react/validate/mpi16_omp4
nProcs : 1
sigFpe : Enabling floating point exception trapping (FOAM_SIGFPE).
fileModificationChecking : Monitoring run-time modified files using timeStampMaster (fileModificationSkew 10)
allowSystemOperations : Allowing user-supplied system call operations

// * * * * * * * * * * * * * * * * * * * * * * * * * * * * * * * * * * * * * //
Create time

Case   : /publicfs01/fs1-m8/home/m8s000774/users/xiao_chen_xiang/611/dsmcFoamPar/v1706/dlb/case/pal-phd-3.3.1-react/validate/mpi16_omp4
nProcs : 1
sigFpe : Enabling floating point exception trapping (FOAM_SIGFPE).
fileModificationChecking : Monitoring run-time modified files using timeStampMaster (fileModificationSkew 10)
allowSystemOperations : Allowing user-supplied system call operations

Case   : /publicfs01/fs1-m8/home/m8s000774/users/xiao_chen_xiang/611/dsmcFoamPar/v1706/dlb/case/pal-phd-3.3.1-react/validate/mpi16_omp4
nProcs : 1
// * * * * * * * * * * * * * * * * * * * * * * * * * * * * * * * * * * * * * //
Create time

sigFpe : Enabling floating point exception trapping (FOAM_SIGFPE).
fileModificationChecking : Monitoring run-time modified files using timeStampMaster (fileModificationSkew 10)
allowSystemOperations : Allowing user-supplied system call operations

// * * * * * * * * * * * * * * * * * * * * * * * * * * * * * * * * * * * * * //
Create time

Case   : /publicfs01/fs1-m8/home/m8s000774/users/xiao_chen_xiang/611/dsmcFoamPar/v1706/dlb/case/pal-phd-3.3.1-react/validate/mpi16_omp4
nProcs : 1
sigFpe : Enabling floating point exception trapping (FOAM_SIGFPE).
fileModificationChecking : Monitoring run-time modified files using timeStampMaster (fileModificationSkew 10)
allowSystemOperations : Allowing user-supplied system call operations

// * * * * * * * * * * * * * * * * * * * * * * * * * * * * * * * * * * * * * //
Create time

Case   : /publicfs01/fs1-m8/home/m8s000774/users/xiao_chen_xiang/611/dsmcFoamPar/v1706/dlb/case/pal-phd-3.3.1-react/validate/mpi16_omp4
nProcs : 1
sigFpe : Enabling floating point exception trapping (FOAM_SIGFPE).
fileModificationChecking : Monitoring run-time modified files using timeStampMaster (fileModificationSkew 10)
allowSystemOperations : Allowing user-supplied system call operations

// * * * * * * * * * * * * * * * * * * * * * * * * * * * * * * * * * * * * * //
Create time

Case   : /publicfs01/fs1-m8/home/m8s000774/users/xiao_chen_xiang/611/dsmcFoamPar/v1706/dlb/case/pal-phd-3.3.1-react/validate/mpi16_omp4
nProcs : 1
sigFpe : Enabling floating point exception trapping (FOAM_SIGFPE).
fileModificationChecking : Monitoring run-time modified files using timeStampMaster (fileModificationSkew 10)
allowSystemOperations : Allowing user-supplied system call operations

// * * * * * * * * * * * * * * * * * * * * * * * * * * * * * * * * * * * * * //
Create time

Case   : /publicfs01/fs1-m8/home/m8s000774/users/xiao_chen_xiang/611/dsmcFoamPar/v1706/dlb/case/pal-phd-3.3.1-react/validate/mpi16_omp4
nProcs : 1
sigFpe : Enabling floating point exception trapping (FOAM_SIGFPE).
fileModificationChecking : Monitoring run-time modified files using timeStampMaster (fileModificationSkew 10)
allowSystemOperations : Allowing user-supplied system call operations

// * * * * * * * * * * * * * * * * * * * * * * * * * * * * * * * * * * * * * //
Create time

Case   : /publicfs01/fs1-m8/home/m8s000774/users/xiao_chen_xiang/611/dsmcFoamPar/v1706/dlb/case/pal-phd-3.3.1-react/validate/mpi16_omp4
nProcs : 1
sigFpe : Enabling floating point exception trapping (FOAM_SIGFPE).
fileModificationChecking : Monitoring run-time modified files using timeStampMaster (fileModificationSkew 10)
allowSystemOperations : Allowing user-supplied system call operations

Case   : /publicfs01/fs1-m8/home/m8s000774/users/xiao_chen_xiang/611/dsmcFoamPar/v1706/dlb/case/pal-phd-3.3.1-react/validate/mpi16_omp4
nProcs : 1
// * * * * * * * * * * * * * * * * * * * * * * * * * * * * * * * * * * * * * //
Create time

sigFpe : Enabling floating point exception trapping (FOAM_SIGFPE).
fileModificationChecking : Monitoring run-time modified files using timeStampMaster (fileModificationSkew 10)
allowSystemOperations : Allowing user-supplied system call operations

// * * * * * * * * * * * * * * * * * * * * * * * * * * * * * * * * * * * * * //
Create time

Case   : /publicfs01/fs1-m8/home/m8s000774/users/xiao_chen_xiang/611/dsmcFoamPar/v1706/dlb/case/pal-phd-3.3.1-react/validate/mpi16_omp4
nProcs : 1
sigFpe : Enabling floating point exception trapping (FOAM_SIGFPE).
fileModificationChecking : Monitoring run-time modified files using timeStampMaster (fileModificationSkew 10)
allowSystemOperations : Allowing user-supplied system call operations

// * * * * * * * * * * * * * * * * * * * * * * * * * * * * * * * * * * * * * //
Create time

Case   : /publicfs01/fs1-m8/home/m8s000774/users/xiao_chen_xiang/611/dsmcFoamPar/v1706/dlb/case/pal-phd-3.3.1-react/validate/mpi16_omp4
nProcs : 1
sigFpe : Enabling floating point exception trapping (FOAM_SIGFPE).
fileModificationChecking : Monitoring run-time modified files using timeStampMaster (fileModificationSkew 10)
allowSystemOperations : Allowing user-supplied system call operations

// * * * * * * * * * * * * * * * * * * * * * * * * * * * * * * * * * * * * * //
Create time

Create mesh for time = 0

Create mesh for time = 0

Create mesh for time = 0

Create mesh for time = 0

Create mesh for time = 0

Create mesh for time = 0

Create mesh for time = 0

Create mesh for time = 0

Create mesh for time = 0

Create mesh for time = 0

Create mesh for time = 0

Create mesh for time = 0

Create mesh for time = 0

Create mesh for time = 0

Create mesh for time = 0

Create mesh for time = 0

Selecting dynamicFvMesh dynamicRefineFvMesh
Selecting dynamicFvMesh dynamicRefineFvMesh
Selecting dynamicFvMesh dynamicRefineFvMesh
Selecting dynamicFvMesh dynamicRefineFvMesh
Selecting dynamicFvMesh dynamicRefineFvMesh
Selecting dynamicFvMesh dynamicRefineFvMesh
Selecting dynamicFvMesh dynamicRefineFvMesh
Selecting dynamicFvMesh dynamicRefineFvMesh
Selecting dynamicFvMesh dynamicRefineFvMesh
Selecting dynamicFvMesh dynamicRefineFvMesh
Selecting dynamicFvMesh dynamicRefineFvMesh
Selecting dynamicFvMesh dynamicRefineFvMesh
Selecting dynamicFvMesh dynamicRefineFvMesh
Selecting dynamicFvMesh dynamicRefineFvMesh
Selecting dynamicFvMesh dynamicRefineFvMesh
Selecting dynamicFvMesh dynamicRefineFvMesh

Constructing dsmcCloud 

Constructing dsmcCloud 

Constructing dsmcCloud 

Constructing dsmcCloud 

Constructing dsmcCloud 

Constructing dsmcCloud 

Constructing dsmcCloud 

Constructing dsmcCloud 

Constructing dsmcCloud 

Constructing dsmcCloud 

Constructing dsmcCloud 

Constructing dsmcCloud 

Constructing dsmcCloud 

Constructing dsmcCloud 

Constructing dsmcCloud 

Constructing dsmcCloud 
Selecting the coordinate system model:	dsmcCartesian

Selecting the time-step model:	dsmcConstantTimeStepModel

Constant time-step model:
- time-step [sec]	4e-07

Selecting the porous measurement model:	dsmcNoPorousMediumMeasurements

Selecting the coordinate system model:	dsmcCartesian

Selecting the time-step model:	dsmcConstantTimeStepModel


Creating dsmcControllers

Constant time-step model:
- time-step [sec]	4e-07

Selecting the porous measurement model:	dsmcNoPorousMediumMeasurements

Selecting the coordinate system model:	dsmcCartesian

Selecting the time-step model:	dsmcConstantTimeStepModel

Constant time-step model:
- time-step [sec]	4e-07

Selecting the porous measurement model:	dsmcNoPorousMediumMeasurements

Creating fields: 

Selecting field: dsmcVolFields

TimeData Statistics: 
 measurement option: write
 nSamples: 1, time interval: 4e-07
 nAverages: 1250, time interval: 0.0005
 total no. of sampling steps: 0
 total no. of averaging Steps: 0


Selecting the coordinate system model:	dsmcCartesian

Selecting the time-step model:	dsmcConstantTimeStepModel

Selecting the coordinate system model:	dsmcCartesian

Selecting the time-step model:	dsmcConstantTimeStepModel

Selecting the coordinate system model:	dsmcCartesian

Selecting the time-step model:	dsmcConstantTimeStepModel

Constant time-step model:
- time-step [sec]	4e-07

Selecting the porous measurement model:	dsmcNoPorousMediumMeasurements

Constant time-step model:
- time-step [sec]	4e-07

Selecting the porous measurement model:	dsmcNoPorousMediumMeasurements

Constant time-step model:
- time-step [sec]	4e-07

Selecting the porous measurement model:	dsmcNoPorousMediumMeasurements


Creating dsmcControllers


Creating dsmcControllers

Creating fields: 

Selecting field: dsmcVolFields

TimeData Statistics: 
 measurement option: write
 nSamples: 1, time interval: 4e-07
 nAverages: 1250, time interval: 0.0005
 total no. of sampling steps: 0
 total no. of averaging Steps: 0


Selecting the coordinate system model:	dsmcCartesian

Selecting the time-step model:	dsmcConstantTimeStepModel

Selecting the coordinate system model:	dsmcCartesian

Selecting the time-step model:	dsmcConstantTimeStepModel

Creating fields: 

Selecting field: dsmcVolFields

TimeData Statistics: 
 measurement option: write
 nSamples: 1, time interval: 4e-07
 nAverages: 1250, time interval: 0.0005
 total no. of sampling steps: 0
 total no. of averaging Steps: 0


Constant time-step model:
- time-step [sec]	4e-07

Selecting the porous measurement model:	dsmcNoPorousMediumMeasurements

Constant time-step model:
- time-step [sec]	4e-07

Selecting the porous measurement model:	dsmcNoPorousMediumMeasurements


Creating dsmcControllers


Creating dsmcControllers


Creating dsmcControllers

Creating fields: 

Selecting field: dsmcVolFields
Creating fields: 

Selecting field: dsmcVolFields

TimeData Statistics: 

TimeData Statistics: 
 measurement option: write
 nSamples: 1, time interval: 4e-07
 nAverages: 1250, time interval: 0.0005
 total no. of sampling steps: 0
 total no. of averaging Steps: 0


 measurement option: write
 nSamples: 1, time interval: 4e-07
 nAverages: 1250, time interval: 0.0005
 total no. of sampling steps: 0
 total no. of averaging Steps: 0


Creating fields: 

Selecting field: dsmcVolFields

TimeData Statistics: 
 measurement option: write
 nSamples: 1, time interval: 4e-07
 nAverages: 1250, time interval: 0.0005
 total no. of sampling steps: 0
 total no. of averaging Steps: 0



Creating dsmcControllers


Creating dsmcControllers

Creating fields: 

Selecting field: dsmcVolFields

TimeData Statistics: 
 measurement option: write
 nSamples: 1, time interval: 4e-07
 nAverages: 1250, time interval: 0.0005
 total no. of sampling steps: 0
 total no. of averaging Steps: 0


Creating fields: 

Selecting field: dsmcVolFields

TimeData Statistics: 
 measurement option: write
 nSamples: 1, time interval: 4e-07
 nAverages: 1250, time interval: 0.0005
 total no. of sampling steps: 0
 total no. of averaging Steps: 0


Selecting the coordinate system model:	dsmcCartesian

Selecting the time-step model:	dsmcConstantTimeStepModel

Constant time-step model:
- time-step [sec]	4e-07

Selecting the porous measurement model:	dsmcNoPorousMediumMeasurements

Selecting the coordinate system model:	dsmcCartesian

Selecting the time-step model:	dsmcConstantTimeStepModel

Constant time-step model:
- time-step [sec]	4e-07

Selecting the porous measurement model:	dsmcNoPorousMediumMeasurements


Creating dsmcControllers

Selecting the coordinate system model:	dsmcCartesian

Creating fields: 

Selecting field: dsmcVolFields
Selecting the time-step model:	dsmcConstantTimeStepModel


TimeData Statistics: 
 measurement option: write
 nSamples: 1, time interval: 4e-07
 nAverages: 1250, time interval: 0.0005
 total no. of sampling steps: 0
 total no. of averaging Steps: 0


Constant time-step model:
- time-step [sec]	4e-07

Selecting the porous measurement model:	dsmcNoPorousMediumMeasurements

Selecting the coordinate system model:	dsmcCartesian

Selecting the time-step model:	dsmcConstantTimeStepModel


Creating dsmcControllers

Constant time-step model:
- time-step [sec]	4e-07

Selecting the porous measurement model:	dsmcNoPorousMediumMeasurements

Creating fields: 

Selecting field: dsmcVolFields

TimeData Statistics: 
 measurement option: write
 nSamples: 1, time interval: 4e-07
 nAverages: 1250, time interval: 0.0005
 total no. of sampling steps: 0
 total no. of averaging Steps: 0



Creating dsmcControllers

Creating fields: 

Selecting field: dsmcVolFields

TimeData Statistics: 
 measurement option: write
 nSamples: 1, time interval: 4e-07
 nAverages: 1250, time interval: 0.0005
 total no. of sampling steps: 0
 total no. of averaging Steps: 0


Selecting the coordinate system model:	dsmcCartesian

Selecting the time-step model:	dsmcConstantTimeStepModel


Creating dsmcControllers

Constant time-step model:
- time-step [sec]	4e-07

Selecting the porous measurement model:	dsmcNoPorousMediumMeasurements

Creating fields: 

Selecting field: dsmcVolFields

TimeData Statistics: 
 measurement option: write
 nSamples: 1, time interval: 4e-07
 nAverages: 1250, time interval: 0.0005
 total no. of sampling steps: 0
 total no. of averaging Steps: 0


Selecting the coordinate system model:	dsmcCartesian

Selecting the time-step model:	dsmcConstantTimeStepModel

Constant time-step model:
- time-step [sec]	4e-07

Selecting the porous measurement model:	dsmcNoPorousMediumMeasurements


Creating dsmcControllers

Creating fields: 

Selecting field: dsmcVolFields

TimeData Statistics: 
 measurement option: write
 nSamples: 1, time interval: 4e-07
 nAverages: 1250, time interval: 0.0005
 total no. of sampling steps: 0
 total no. of averaging Steps: 0



Creating dsmcControllers

Creating fields: 

Selecting field: dsmcVolFields

TimeData Statistics: 
 measurement option: write
 nSamples: 1, time interval: 4e-07
 nAverages: 1250, time interval: 0.0005
 total no. of sampling steps: 0
 total no. of averaging Steps: 0


Selecting field: dsmcVolFields

TimeData Statistics: 
 measurement option: write
 nSamples: 1, time interval: 4e-07
 nAverages: 1250, time interval: 0.0005
 total no. of sampling steps: 0
 total no. of averaging Steps: 0


Selecting the coordinate system model:	dsmcCartesian

Selecting the time-step model:	dsmcConstantTimeStepModel

Selecting the coordinate system model:	dsmcCartesian

Selecting the time-step model:	dsmcConstantTimeStepModel

Constant time-step model:
- time-step [sec]	4e-07

Selecting the porous measurement model:	dsmcNoPorousMediumMeasurements

Constant time-step model:
- time-step [sec]	4e-07

Selecting the porous measurement model:	dsmcNoPorousMediumMeasurements

Selecting field: dsmcVolFields

TimeData Statistics: 
 measurement option: write
 nSamples: 1, time interval: 4e-07
 nAverages: 1250, time interval: 0.0005
 total no. of sampling steps: 0
 total no. of averaging Steps: 0



Creating dsmcControllers


Creating dsmcControllers

Creating fields: 

Selecting field: dsmcVolFields

TimeData Statistics: 
 measurement option: write
 nSamples: 1, time interval: 4e-07
 nAverages: 1250, time interval: 0.0005
 total no. of sampling steps: 0
 total no. of averaging Steps: 0


Selecting field: dsmcVolFields

TimeData Statistics: 
 measurement option: write
 nSamples: 1, time interval: 4e-07
 nAverages: 1250, time interval: 0.0005
 total no. of sampling steps: 0
 total no. of averaging Steps: 0


Creating fields: 

Selecting field: dsmcVolFields

TimeData Statistics: 
 measurement option: write
 nSamples: 1, time interval: 4e-07
 nAverages: 1250, time interval: 0.0005
 total no. of sampling steps: 0
 total no. of averaging Steps: 0


Selecting field: dsmcVolFields

TimeData Statistics: 
 measurement option: write
 nSamples: 1, time interval: 4e-07
 nAverages: 1250, time interval: 0.0005
 total no. of sampling steps: 0
 total no. of averaging Steps: 0


Selecting field: dsmcVolFields

TimeData Statistics: 
 measurement option: write
 nSamples: 1, time interval: 4e-07
 nAverages: 1250, time interval: 0.0005
 total no. of sampling steps: 0
 total no. of averaging Steps: 0


Selecting field: dsmcVolFields

TimeData Statistics: 
 measurement option: write
 nSamples: 1, time interval: 4e-07
 nAverages: 1250, time interval: 0.0005
 total no. of sampling steps: 0
 total no. of averaging Steps: 0


Selecting field: dsmcVolFields

TimeData Statistics: 
 measurement option: write
 nSamples: 1, time interval: 4e-07
 nAverages: 1250, time interval: 0.0005
 total no. of sampling steps: 0
 total no. of averaging Steps: 0


Selecting field: dsmcVolFields

TimeData Statistics: 
 measurement option: write
 nSamples: 1, time interval: 4e-07
 nAverages: 1250, time interval: 0.0005
 total no. of sampling steps: 0
 total no. of averaging Steps: 0


Selecting field: dsmcVolFields

TimeData Statistics: 
 measurement option: write
 nSamples: 1, time interval: 4e-07
 nAverages: 1250, time interval: 0.0005
 total no. of sampling steps: 0
 total no. of averaging Steps: 0


Selecting field: dsmcVolFields

TimeData Statistics: 
 measurement option: write
 nSamples: 1, time interval: 4e-07
 nAverages: 1250, time interval: 0.0005
 total no. of sampling steps: 0
 total no. of averaging Steps: 0


Selecting field: dsmcVolFields

TimeData Statistics: 
 measurement option: write
 nSamples: 1, time interval: 4e-07
 nAverages: 1250, time interval: 0.0005
 total no. of sampling steps: 0
 total no. of averaging Steps: 0


Selecting field: dsmcVolFields

TimeData Statistics: 
 measurement option: write
 nSamples: 1, time interval: 4e-07
 nAverages: 1250, time interval: 0.0005
 total no. of sampling steps: 0
 total no. of averaging Steps: 0


Selecting field: dsmcVolFields

TimeData Statistics: 
 measurement option: write
 nSamples: 1, time interval: 4e-07
 nAverages: 1250, time interval: 0.0005
 total no. of sampling steps: 0
 total no. of averaging Steps: 0


Selecting field: dsmcVolFields

TimeData Statistics: 
 measurement option: write
 nSamples: 1, time interval: 4e-07
 nAverages: 1250, time interval: 0.0005
 total no. of sampling steps: 0
 total no. of averaging Steps: 0


Selecting field: dsmcVolFields

TimeData Statistics: 
 measurement option: write
 nSamples: 1, time interval: 4e-07
 nAverages: 1250, time interval: 0.0005
 total no. of sampling steps: 0
 total no. of averaging Steps: 0


Selecting field: dsmcVolFields

TimeData Statistics: 
 measurement option: write
 nSamples: 1, time interval: 4e-07
 nAverages: 1250, time interval: 0.0005
 total no. of sampling steps: 0
 total no. of averaging Steps: 0


Selecting field: dsmcVolFields

TimeData Statistics: 
 measurement option: write
 nSamples: 1, time interval: 4e-07
 nAverages: 1250, time interval: 0.0005
 total no. of sampling steps: 0
 total no. of averaging Steps: 0


Selecting field: dsmcVolFields
Selecting field: dsmcVolFields

TimeData Statistics: 
 measurement option: write
 nSamples: 1, time interval: 4e-07
 nAverages: 1250, time interval: 0.0005
 total no. of sampling steps: 0
 total no. of averaging Steps: 0



TimeData Statistics: 
 measurement option: write
 nSamples: 1, time interval: 4e-07
 nAverages: 1250, time interval: 0.0005
 total no. of sampling steps: 0
 total no. of averaging Steps: 0


Selecting field: dsmcVolFields

TimeData Statistics: 
 measurement option: write
 nSamples: 1, time interval: 4e-07
 nAverages: 1250, time interval: 0.0005
 total no. of sampling steps: 0
 total no. of averaging Steps: 0


Selecting field: dsmcVolFields

TimeData Statistics: 
 measurement option: write
 nSamples: 1, time interval: 4e-07
 nAverages: 1250, time interval: 0.0005
 total no. of sampling steps: 0
 total no. of averaging Steps: 0


Selecting field: dsmcVolFields

TimeData Statistics: 
 measurement option: write
 nSamples: 1, time interval: 4e-07
 nAverages: 1250, time interval: 0.0005
 total no. of sampling steps: 0
 total no. of averaging Steps: 0


Selecting field: dsmcVolFields

TimeData Statistics: 
 measurement option: write
 nSamples: 1, time interval: 4e-07
 nAverages: 1250, time interval: 0.0005
 total no. of sampling steps: 0
 total no. of averaging Steps: 0


Selecting field: dsmcVolFields

TimeData Statistics: 
 measurement option: write
 nSamples: 1, time interval: 4e-07
 nAverages: 1250, time interval: 0.0005
 total no. of sampling steps: 0
 total no. of averaging Steps: 0


Selecting field: dsmcVolFields

TimeData Statistics: 
 measurement option: write
 nSamples: 1, time interval: 4e-07
 nAverages: 1250, time interval: 0.0005
 total no. of sampling steps: 0
 total no. of averaging Steps: 0


Selecting field: dsmcVolFields

TimeData Statistics: 
 measurement option: write
 nSamples: 1, time interval: 4e-07
 nAverages: 1250, time interval: 0.0005
 total no. of sampling steps: 0
 total no. of averaging Steps: 0


Selecting field: dsmcVolFields

TimeData Statistics: 
 measurement option: write
 nSamples: 1, time interval: 4e-07
 nAverages: 1250, time interval: 0.0005
 total no. of sampling steps: 0
 total no. of averaging Steps: 0


Selecting field: dsmcVolFields

TimeData Statistics: 
 measurement option: write
 nSamples: 1, time interval: 4e-07
 nAverages: 1250, time interval: 0.0005
 total no. of sampling steps: 0
 total no. of averaging Steps: 0


Selecting field: dsmcVolFields

TimeData Statistics: 
 measurement option: write
 nSamples: 1, time interval: 4e-07
 nAverages: 1250, time interval: 0.0005
 total no. of sampling steps: 0
 total no. of averaging Steps: 0


Selecting field: dsmcVolFields

TimeData Statistics: 
 measurement option: write
 nSamples: 1, time interval: 4e-07
 nAverages: 1250, time interval: 0.0005
 total no. of sampling steps: 0
 total no. of averaging Steps: 0


Selecting field: dsmcVolFields

TimeData Statistics: 
 measurement option: write
 nSamples: 1, time interval: 4e-07
 nAverages: 1250, time interval: 0.0005
 total no. of sampling steps: 0
 total no. of averaging Steps: 0


Selecting field: dsmcVolFields

TimeData Statistics: 
 measurement option: write
 nSamples: 1, time interval: 4e-07
 nAverages: 1250, time interval: 0.0005
 total no. of sampling steps: 0
 total no. of averaging Steps: 0


Selecting field: dsmcVolFields

TimeData Statistics: 
 measurement option: write
 nSamples: 1, time interval: 4e-07
 nAverages: 1250, time interval: 0.0005
 total no. of sampling steps: 0
 total no. of averaging Steps: 0


Selecting field: dsmcVolFields

TimeData Statistics: 
 measurement option: write
 nSamples: 1, time interval: 4e-07
 nAverages: 1250, time interval: 0.0005
 total no. of sampling steps: 0
 total no. of averaging Steps: 0


Selecting field: dsmcVolFields

TimeData Statistics: 
 measurement option: write
 nSamples: 1, time interval: 4e-07
 nAverages: 1250, time interval: 0.0005
 total no. of sampling steps: 0
 total no. of averaging Steps: 0


Selecting field: dsmcVolFields

TimeData Statistics: 
 measurement option: write
 nSamples: 1, time interval: 4e-07
 nAverages: 1250, time interval: 0.0005
 total no. of sampling steps: 0
 total no. of averaging Steps: 0


Selecting field: dsmcVolFields

TimeData Statistics: 
 measurement option: write
 nSamples: 1, time interval: 4e-07
 nAverages: 1250, time interval: 0.0005
 total no. of sampling steps: 0
 total no. of averaging Steps: 0


Selecting field: dsmcVolFields

TimeData Statistics: 
 measurement option: write
 nSamples: 1, time interval: 4e-07
 nAverages: 1250, time interval: 0.0005
 total no. of sampling steps: 0
 total no. of averaging Steps: 0


Selecting field: dsmcVolFields

TimeData Statistics: 
 measurement option: write
 nSamples: 1, time interval: 4e-07
 nAverages: 1250, time interval: 0.0005
 total no. of sampling steps: 0
 total no. of averaging Steps: 0


Selecting field: dsmcVolFields

TimeData Statistics: 
 measurement option: write
 nSamples: 1, time interval: 4e-07
 nAverages: 1250, time interval: 0.0005
 total no. of sampling steps: 0
 total no. of averaging Steps: 0


Selecting field: dsmcVolFields

TimeData Statistics: 
 measurement option: write
 nSamples: 1, time interval: 4e-07
 nAverages: 1250, time interval: 0.0005
 total no. of sampling steps: 0
 total no. of averaging Steps: 0


Selecting field: dsmcVolFields

TimeData Statistics: 
 measurement option: write
 nSamples: 1, time interval: 4e-07
 nAverages: 1250, time interval: 0.0005
 total no. of sampling steps: 0
 total no. of averaging Steps: 0


Selecting field: dsmcVolFields

TimeData Statistics: 
 measurement option: write
 nSamples: 1, time interval: 4e-07
 nAverages: 1250, time interval: 0.0005
 total no. of sampling steps: 0
 total no. of averaging Steps: 0


Selecting field: dsmcVolFields

TimeData Statistics: 
 measurement option: write
 nSamples: 1, time interval: 4e-07
 nAverages: 1250, time interval: 0.0005
 total no. of sampling steps: 0
 total no. of averaging Steps: 0


Selecting field: dsmcVolFields

TimeData Statistics: 
 measurement option: write
 nSamples: 1, time interval: 4e-07
 nAverages: 1250, time interval: 0.0005
 total no. of sampling steps: 0
 total no. of averaging Steps: 0


Selecting field: dsmcVolFields

TimeData Statistics: 
 measurement option: write
 nSamples: 1, time interval: 4e-07
 nAverages: 1250, time interval: 0.0005
 total no. of sampling steps: 0
 total no. of averaging Steps: 0


Selecting field: dsmcVolFields

TimeData Statistics: 
 measurement option: write
 nSamples: 1, time interval: 4e-07
 nAverages: 1250, time interval: 0.0005
 total no. of sampling steps: 0
 total no. of averaging Steps: 0


Selecting field: dsmcVolFields

TimeData Statistics: 
 measurement option: write
 nSamples: 1, time interval: 4e-07
 nAverages: 1250, time interval: 0.0005
 total no. of sampling steps: 0
 total no. of averaging Steps: 0


Selecting field: dsmcVolFields

TimeData Statistics: 
 measurement option: write
 nSamples: 1, time interval: 4e-07
 nAverages: 1250, time interval: 0.0005
 total no. of sampling steps: 0
 total no. of averaging Steps: 0


Selecting field: dsmcVolFields

TimeData Statistics: 
 measurement option: write
 nSamples: 1, time interval: 4e-07
 nAverages: 1250, time interval: 0.0005
 total no. of sampling steps: 0
 total no. of averaging Steps: 0


Selecting field: dsmcVolFields

TimeData Statistics: 
 measurement option: write
 nSamples: 1, time interval: 4e-07
 nAverages: 1250, time interval: 0.0005
 total no. of sampling steps: 0
 total no. of averaging Steps: 0


Selecting field: dsmcVolFields

TimeData Statistics: 
 measurement option: write
 nSamples: 1, time interval: 4e-07
 nAverages: 1250, time interval: 0.0005
 total no. of sampling steps: 0
 total no. of averaging Steps: 0


Selecting field: dsmcVolFields

TimeData Statistics: 
 measurement option: write
 nSamples: 1, time interval: 4e-07
 nAverages: 1250, time interval: 0.0005
 total no. of sampling steps: 0
 total no. of averaging Steps: 0


Selecting field: dsmcVolFields

TimeData Statistics: 
 measurement option: write
 nSamples: 1, time interval: 4e-07
 nAverages: 1250, time interval: 0.0005
 total no. of sampling steps: 0
 total no. of averaging Steps: 0


Selecting field: dsmcVolFields

TimeData Statistics: 
 measurement option: write
 nSamples: 1, time interval: 4e-07
 nAverages: 1250, time interval: 0.0005
 total no. of sampling steps: 0
 total no. of averaging Steps: 0


Selecting field: dsmcVolFields

TimeData Statistics: 
 measurement option: write
 nSamples: 1, time interval: 4e-07
 nAverages: 1250, time interval: 0.0005
 total no. of sampling steps: 0
 total no. of averaging Steps: 0


Selecting field: dsmcVolFields

TimeData Statistics: 
 measurement option: write
 nSamples: 1, time interval: 4e-07
 nAverages: 1250, time interval: 0.0005
 total no. of sampling steps: 0
 total no. of averaging Steps: 0


Selecting field: dsmcVolFields

TimeData Statistics: 
 measurement option: write
 nSamples: 1, time interval: 4e-07
 nAverages: 1250, time interval: 0.0005
 total no. of sampling steps: 0
 total no. of averaging Steps: 0


Selecting field: dsmcVolFields

TimeData Statistics: 
 measurement option: write
 nSamples: 1, time interval: 4e-07
 nAverages: 1250, time interval: 0.0005
 total no. of sampling steps: 0
 total no. of averaging Steps: 0


Selecting field: dsmcVolFields

TimeData Statistics: 
 measurement option: write
 nSamples: 1, time interval: 4e-07
 nAverages: 1250, time interval: 0.0005
 total no. of sampling steps: 0
 total no. of averaging Steps: 0


Selecting field: dsmcVolFields

TimeData Statistics: 
 measurement option: write
 nSamples: 1, time interval: 4e-07
 nAverages: 1250, time interval: 0.0005
 total no. of sampling steps: 0
 total no. of averaging Steps: 0


Selecting field: dsmcVolFields

TimeData Statistics: 
 measurement option: write
 nSamples: 1, time interval: 4e-07
 nAverages: 1250, time interval: 0.0005
 total no. of sampling steps: 0
 total no. of averaging Steps: 0


Selecting field: dsmcVolFields

TimeData Statistics: 
 measurement option: write
 nSamples: 1, time interval: 4e-07
 nAverages: 1250, time interval: 0.0005
 total no. of sampling steps: 0
 total no. of averaging Steps: 0


Selecting field: dsmcVolFields

TimeData Statistics: 
 measurement option: write
 nSamples: 1, time interval: 4e-07
 nAverages: 1250, time interval: 0.0005
 total no. of sampling steps: 0
 total no. of averaging Steps: 0


Selecting field: dsmcVolFields

TimeData Statistics: 
 measurement option: write
 nSamples: 1, time interval: 4e-07
 nAverages: 1250, time interval: 0.0005
 total no. of sampling steps: 0
 total no. of averaging Steps: 0


Selecting field: dsmcVolFields

TimeData Statistics: 
 measurement option: write
 nSamples: 1, time interval: 4e-07
 nAverages: 1250, time interval: 0.0005
 total no. of sampling steps: 0
 total no. of averaging Steps: 0


Selecting field: dsmcVolFields

TimeData Statistics: 
 measurement option: write
 nSamples: 1, time interval: 4e-07
 nAverages: 1250, time interval: 0.0005
 total no. of sampling steps: 0
 total no. of averaging Steps: 0


Selecting field: dsmcVolFields

TimeData Statistics: 
 measurement option: write
 nSamples: 1, time interval: 4e-07
 nAverages: 1250, time interval: 0.0005
 total no. of sampling steps: 0
 total no. of averaging Steps: 0


Selecting field: dsmcVolFields

TimeData Statistics: 
 measurement option: write
 nSamples: 1, time interval: 4e-07
 nAverages: 1250, time interval: 0.0005
 total no. of sampling steps: 0
 total no. of averaging Steps: 0


Selecting field: dsmcVolFields

TimeData Statistics: 
 measurement option: write
 nSamples: 1, time interval: 4e-07
 nAverages: 1250, time interval: 0.0005
 total no. of sampling steps: 0
 total no. of averaging Steps: 0


Selecting field: dsmcVolFields

TimeData Statistics: 
 measurement option: write
 nSamples: 1, time interval: 4e-07
 nAverages: 1250, time interval: 0.0005
 total no. of sampling steps: 0
 total no. of averaging Steps: 0


Selecting field: dsmcVolFields

TimeData Statistics: 
 measurement option: write
 nSamples: 1, time interval: 4e-07
 nAverages: 1250, time interval: 0.0005
 total no. of sampling steps: 0
 total no. of averaging Steps: 0


Selecting field: dsmcVolFields

TimeData Statistics: 
 measurement option: write
 nSamples: 1, time interval: 4e-07
 nAverages: 1250, time interval: 0.0005
 total no. of sampling steps: 0
 total no. of averaging Steps: 0


Selecting field: dsmcVolFields

TimeData Statistics: 
 measurement option: write
 nSamples: 1, time interval: 4e-07
 nAverages: 1250, time interval: 0.0005
 total no. of sampling steps: 0
 total no. of averaging Steps: 0


Selecting field: dsmcVolFields

TimeData Statistics: 
 measurement option: write
 nSamples: 1, time interval: 4e-07
 nAverages: 1250, time interval: 0.0005
 total no. of sampling steps: 0
 total no. of averaging Steps: 0


Selecting field: dsmcVolFields

TimeData Statistics: 
 measurement option: write
 nSamples: 1, time interval: 4e-07
 nAverages: 1250, time interval: 0.0005
 total no. of sampling steps: 0
 total no. of averaging Steps: 0


Selecting field: dsmcVolFields

TimeData Statistics: 
 measurement option: write
 nSamples: 1, time interval: 4e-07
 nAverages: 1250, time interval: 0.0005
 total no. of sampling steps: 0
 total no. of averaging Steps: 0


Selecting field: dsmcVolFields

TimeData Statistics: 
 measurement option: write
 nSamples: 1, time interval: 4e-07
 nAverages: 1250, time interval: 0.0005
 total no. of sampling steps: 0
 total no. of averaging Steps: 0


Creating the boundary models: 

Selecting dsmcPatchBoundaryModel dsmcDeletionPatch
Selecting dsmcPatchBoundaryModel dsmcDeletionPatch
Selecting dsmcPatchBoundaryModel dsmcDiffuseWallPatch
Selecting dsmcGeneralBoundaryModel dsmcFreeStreamInflowPatch
Creating the boundary models: 

Selecting dsmcPatchBoundaryModel dsmcDeletionPatch
Selecting dsmcPatchBoundaryModel dsmcDeletionPatch
Selecting dsmcPatchBoundaryModel dsmcDiffuseWallPatch
Selecting dsmcGeneralBoundaryModel dsmcFreeStreamInflowPatch
Selecting field: dsmcVolFields

TimeData Statistics: 
 measurement option: write
 nSamples: 1, time interval: 4e-07
 nAverages: 1250, time interval: 0.0005
 total no. of sampling steps: 0
 total no. of averaging Steps: 0


Selecting field: dsmcVolFields

TimeData Statistics: 
 measurement option: write
 nSamples: 1, time interval: 4e-07
 nAverages: 1250, time interval: 0.0005
 total no. of sampling steps: 0
 total no. of averaging Steps: 0


Selecting BinaryCollisionModel LarsenBorgnakkeVariableHardSphere

Creating dsmcReactions

Selecting the reaction model dissociationQK
Selecting the reaction model dissociationExchangeQK
Selecting the reaction model dissociationQK
Selecting the reaction model dissociationQK
Selecting the reaction model dissociationQK
Selecting the reaction model dissociationQK
Selecting the reaction model dissociationQK
Selecting the reaction model dissociationExchangeQK
Selecting the reaction model dissociationQK
Selecting the reaction model dissociationExchangeQK
Selecting the reaction model dissociationExchangeQK
Selecting the reaction model dissociationQK
Number of reactions created: 12
Creating the boundary models: 

Selecting dsmcPatchBoundaryModel dsmcDeletionPatch
Selecting dsmcPatchBoundaryModel dsmcDeletionPatch
Selecting dsmcPatchBoundaryModel dsmcDiffuseWallPatch
Selecting dsmcGeneralBoundaryModel dsmcFreeStreamInflowPatch
Creating the boundary models: 

Selecting dsmcPatchBoundaryModel dsmcDeletionPatch
Selecting dsmcPatchBoundaryModel dsmcDeletionPatch
Selecting dsmcPatchBoundaryModel dsmcDiffuseWallPatch
Selecting dsmcGeneralBoundaryModel dsmcFreeStreamInflowPatch
Creating the boundary models: 

Selecting dsmcPatchBoundaryModel dsmcDeletionPatch
Selecting dsmcPatchBoundaryModel dsmcDeletionPatch
Selecting dsmcPatchBoundaryModel dsmcDiffuseWallPatch
Selecting dsmcGeneralBoundaryModel dsmcFreeStreamInflowPatch
Creating the boundary models: 

Selecting dsmcPatchBoundaryModel dsmcDeletionPatch
Selecting dsmcPatchBoundaryModel dsmcDeletionPatch
Selecting dsmcPatchBoundaryModel dsmcDiffuseWallPatch
Selecting dsmcGeneralBoundaryModel dsmcFreeStreamInflowPatch
Selecting BinaryCollisionModel LarsenBorgnakkeVariableHardSphere

Creating dsmcReactions

Selecting the reaction model dissociationQK
Selecting the reaction model dissociationExchangeQK
Selecting the reaction model dissociationQK
Selecting the reaction model dissociationQK
Selecting the reaction model dissociationQK
Selecting the reaction model dissociationQK
Selecting the reaction model dissociationQK
Selecting the reaction model dissociationExchangeQK
Selecting the reaction model dissociationQK
Selecting the reaction model dissociationExchangeQK
Selecting the reaction model dissociationExchangeQK
Selecting the reaction model dissociationQK
Number of reactions created: 12
Creating the boundary models: 

Selecting dsmcPatchBoundaryModel dsmcDeletionPatch
Selecting dsmcPatchBoundaryModel dsmcDeletionPatch
Selecting dsmcPatchBoundaryModel dsmcDiffuseWallPatch
Selecting dsmcGeneralBoundaryModel dsmcFreeStreamInflowPatch
Creating the boundary models: 

Selecting dsmcPatchBoundaryModel dsmcDeletionPatch
Selecting dsmcPatchBoundaryModel dsmcDeletionPatch
Selecting dsmcPatchBoundaryModel dsmcDiffuseWallPatch
Selecting dsmcGeneralBoundaryModel dsmcFreeStreamInflowPatch
Selecting BinaryCollisionModel LarsenBorgnakkeVariableHardSphere

Creating dsmcReactions

Selecting the reaction model dissociationQK
Selecting the reaction model dissociationExchangeQK
Selecting the reaction model dissociationQK
Selecting the reaction model dissociationQK
Selecting the reaction model dissociationQK
Selecting the reaction model dissociationQK
Selecting the reaction model dissociationQK
Selecting the reaction model dissociationExchangeQK
Selecting the reaction model dissociationQK
Selecting the reaction model dissociationExchangeQK
Selecting the reaction model dissociationExchangeQK
Selecting the reaction model dissociationQK
Number of reactions created: 12
Selecting BinaryCollisionModel LarsenBorgnakkeVariableHardSphere

Creating dsmcReactions

Selecting the reaction model dissociationQK
Selecting the reaction model dissociationExchangeQK
Selecting the reaction model dissociationQK
Selecting the reaction model dissociationQK
Selecting the reaction model dissociationQK
Selecting the reaction model dissociationQK
Selecting the reaction model dissociationQK
Selecting the reaction model dissociationExchangeQK
Selecting the reaction model dissociationQK
Selecting the reaction model dissociationExchangeQK
Selecting the reaction model dissociationExchangeQK
Selecting the reaction model dissociationQK
Number of reactions created: 12
Selecting BinaryCollisionModel LarsenBorgnakkeVariableHardSphere

Creating dsmcReactions

Selecting the reaction model dissociationQK
Selecting the reaction model dissociationExchangeQK
Selecting the reaction model dissociationQK
Selecting the reaction model dissociationQK
Selecting the reaction model dissociationQK
Selecting the reaction model dissociationQK
Selecting the reaction model dissociationQK
Selecting the reaction model dissociationExchangeQK
Selecting the reaction model dissociationQK
Selecting the reaction model dissociationExchangeQK
Selecting the reaction model dissociationExchangeQK
Selecting the reaction model dissociationQK
Number of reactions created: 12
Selecting BinaryCollisionModel LarsenBorgnakkeVariableHardSphere

Creating dsmcReactions

Selecting the reaction model dissociationQK
Selecting the reaction model dissociationExchangeQK
Selecting the reaction model dissociationQK
Selecting the reaction model dissociationQK
Selecting the reaction model dissociationQK
Selecting the reaction model dissociationQK
Selecting the reaction model dissociationQK
Selecting the reaction model dissociationExchangeQK
Selecting the reaction model dissociationQK
Selecting the reaction model dissociationExchangeQK
Selecting the reaction model dissociationExchangeQK
Selecting the reaction model dissociationQK
Number of reactions created: 12
Selecting BinaryCollisionModel LarsenBorgnakkeVariableHardSphere

Creating dsmcReactions

Selecting the reaction model dissociationQK
Selecting the reaction model dissociationExchangeQK
Selecting the reaction model dissociationQK
Selecting the reaction model dissociationQK
Selecting the reaction model dissociationQK
Selecting the reaction model dissociationQK
Selecting the reaction model dissociationQK
Selecting the reaction model dissociationExchangeQK
Selecting the reaction model dissociationQK
Selecting the reaction model dissociationExchangeQK
Selecting the reaction model dissociationExchangeQK
Selecting the reaction model dissociationQK
Number of reactions created: 12
Creating the boundary models: 

Selecting dsmcPatchBoundaryModel dsmcDeletionPatch
Selecting BinaryCollisionModel LarsenBorgnakkeVariableHardSphere
Selecting dsmcPatchBoundaryModel dsmcDeletionPatch
Selecting dsmcPatchBoundaryModel dsmcDiffuseWallPatch
Selecting dsmcGeneralBoundaryModel dsmcFreeStreamInflowPatch

Creating dsmcReactions

Selecting the reaction model dissociationQK
Selecting the reaction model dissociationExchangeQK
Selecting the reaction model dissociationQK
Selecting the reaction model dissociationQK
Selecting the reaction model dissociationQK
Selecting the reaction model dissociationQK
Selecting the reaction model dissociationQK
Selecting the reaction model dissociationExchangeQK
Selecting the reaction model dissociationQK
Selecting the reaction model dissociationExchangeQK
Selecting the reaction model dissociationExchangeQK
Selecting the reaction model dissociationQK
Number of reactions created: 12
Creating the boundary models: 

Selecting dsmcPatchBoundaryModel dsmcDeletionPatch
Selecting dsmcPatchBoundaryModel dsmcDeletionPatch
Selecting dsmcPatchBoundaryModel dsmcDiffuseWallPatch
Selecting dsmcGeneralBoundaryModel dsmcFreeStreamInflowPatch
Creating the boundary models: 

Selecting dsmcPatchBoundaryModel dsmcDeletionPatch
Selecting dsmcPatchBoundaryModel dsmcDeletionPatch
Selecting dsmcPatchBoundaryModel dsmcDiffuseWallPatch
Selecting dsmcGeneralBoundaryModel dsmcFreeStreamInflowPatch
Creating the boundary models: 

Selecting dsmcPatchBoundaryModel dsmcDeletionPatch
Selecting dsmcPatchBoundaryModel dsmcDeletionPatch
Selecting dsmcPatchBoundaryModel dsmcDiffuseWallPatch
Selecting dsmcGeneralBoundaryModel dsmcFreeStreamInflowPatch
Selecting BinaryCollisionModel LarsenBorgnakkeVariableHardSphere

Creating dsmcReactions

Selecting the reaction model dissociationQK
Selecting the reaction model dissociationExchangeQK
Selecting the reaction model dissociationQK
Selecting the reaction model dissociationQK
Selecting the reaction model dissociationQK
Selecting the reaction model dissociationQK
Selecting the reaction model dissociationQK
Selecting the reaction model dissociationExchangeQK
Selecting the reaction model dissociationQK
Selecting the reaction model dissociationExchangeQK
Selecting the reaction model dissociationExchangeQK
Selecting the reaction model dissociationQK
Number of reactions created: 12
Creating the boundary models: 

Selecting dsmcPatchBoundaryModel dsmcDeletionPatch
Selecting dsmcPatchBoundaryModel dsmcDeletionPatch
Selecting dsmcPatchBoundaryModel dsmcDiffuseWallPatch
Selecting dsmcGeneralBoundaryModel dsmcFreeStreamInflowPatch
Selecting BinaryCollisionModel LarsenBorgnakkeVariableHardSphere
Selecting BinaryCollisionModel LarsenBorgnakkeVariableHardSphere

Creating dsmcReactions

Selecting the reaction model dissociationQK
Selecting the reaction model dissociationExchangeQK
Selecting the reaction model dissociationQK
Selecting the reaction model dissociationQK
Selecting the reaction model dissociationQK
Selecting the reaction model dissociationQK
Selecting the reaction model dissociationQK
Selecting the reaction model dissociationExchangeQK
Selecting the reaction model dissociationQK
Selecting the reaction model dissociationExchangeQK
Selecting the reaction model dissociationExchangeQK
Selecting the reaction model dissociationQK
Number of reactions created: 12

Creating dsmcReactions

Selecting the reaction model dissociationQK
Selecting the reaction model dissociationExchangeQK
Selecting the reaction model dissociationQK
Selecting the reaction model dissociationQK
Selecting the reaction model dissociationQK
Selecting the reaction model dissociationQK
Selecting the reaction model dissociationQK
Selecting the reaction model dissociationExchangeQK
Selecting the reaction model dissociationQK
Selecting the reaction model dissociationExchangeQK
Selecting the reaction model dissociationExchangeQK
Selecting the reaction model dissociationQK
Number of reactions created: 12
Selecting BinaryCollisionModel LarsenBorgnakkeVariableHardSphere

Creating dsmcReactions

Selecting the reaction model dissociationQK
Selecting the reaction model dissociationExchangeQK
Selecting the reaction model dissociationQK
Selecting the reaction model dissociationQK
Selecting the reaction model dissociationQK
Selecting the reaction model dissociationQK
Selecting the reaction model dissociationQK
Selecting the reaction model dissociationExchangeQK
Selecting the reaction model dissociationQK
Selecting the reaction model dissociationExchangeQK
Selecting the reaction model dissociationExchangeQK
Selecting the reaction model dissociationQK
Number of reactions created: 12
Creating the boundary models: 

Selecting dsmcPatchBoundaryModel dsmcDeletionPatch
Selecting dsmcPatchBoundaryModel dsmcDeletionPatch
Selecting dsmcPatchBoundaryModel dsmcDiffuseWallPatch
Selecting dsmcGeneralBoundaryModel dsmcFreeStreamInflowPatch
Selecting BinaryCollisionModel LarsenBorgnakkeVariableHardSphere

Creating dsmcReactions

Selecting the reaction model dissociationQK
Selecting the reaction model dissociationExchangeQK
Selecting the reaction model dissociationQK
Selecting the reaction model dissociationQK
Selecting the reaction model dissociationQK
Selecting the reaction model dissociationQK
Selecting the reaction model dissociationQK
Selecting the reaction model dissociationExchangeQK
Selecting the reaction model dissociationQK
Selecting the reaction model dissociationExchangeQK
Selecting the reaction model dissociationExchangeQK
Selecting the reaction model dissociationQK
Number of reactions created: 12
Selecting BinaryCollisionModel LarsenBorgnakkeVariableHardSphere

Creating dsmcReactions

Selecting the reaction model dissociationQK
Selecting the reaction model dissociationExchangeQK
Selecting the reaction model dissociationQK
Selecting the reaction model dissociationQK
Selecting the reaction model dissociationQK
Selecting the reaction model dissociationQK
Selecting the reaction model dissociationQK
Selecting the reaction model dissociationExchangeQK
Selecting the reaction model dissociationQK
Selecting the reaction model dissociationExchangeQK
Selecting the reaction model dissociationExchangeQK
Selecting the reaction model dissociationQK
Number of reactions created: 12
Creating the boundary models: 

Selecting dsmcPatchBoundaryModel dsmcDeletionPatch
Selecting dsmcPatchBoundaryModel dsmcDeletionPatch
Selecting dsmcPatchBoundaryModel dsmcDiffuseWallPatch
Selecting dsmcGeneralBoundaryModel dsmcFreeStreamInflowPatch
Creating the boundary models: 

Selecting dsmcPatchBoundaryModel dsmcDeletionPatch
Selecting dsmcPatchBoundaryModel dsmcDeletionPatch
Selecting dsmcPatchBoundaryModel dsmcDiffuseWallPatch
Selecting dsmcGeneralBoundaryModel dsmcFreeStreamInflowPatch
Selecting BinaryCollisionModel LarsenBorgnakkeVariableHardSphere

Creating dsmcReactions

Selecting the reaction model dissociationQK
Selecting the reaction model dissociationExchangeQK
Selecting the reaction model dissociationQK
Selecting the reaction model dissociationQK
Selecting the reaction model dissociationQK
Selecting the reaction model dissociationQK
Selecting the reaction model dissociationQK
Selecting the reaction model dissociationExchangeQK
Selecting the reaction model dissociationQK
Selecting the reaction model dissociationExchangeQK
Selecting the reaction model dissociationExchangeQK
Selecting the reaction model dissociationQK
Number of reactions created: 12
Selecting BinaryCollisionModel LarsenBorgnakkeVariableHardSphere

Creating dsmcReactions

Selecting the reaction model dissociationQK
Selecting the reaction model dissociationExchangeQK
Selecting the reaction model dissociationQK
Selecting the reaction model dissociationQK
Selecting the reaction model dissociationQK
Selecting the reaction model dissociationQK
Selecting the reaction model dissociationQK
Selecting the reaction model dissociationExchangeQK
Selecting the reaction model dissociationQK
Selecting the reaction model dissociationExchangeQK
Selecting the reaction model dissociationExchangeQK
Selecting the reaction model dissociationQK
Number of reactions created: 12

Constructing constant properties for
	N2
	O2
	NO
	N
	O

Constructing constant properties for
	N2
	O2
	NO
	N
	O

Constructing constant properties for
	N2
	O2
	NO
	N
	O

Constructing constant properties for
	N2
	O2
	NO
	N
	O

Constructing constant properties for
	N2
	O2
	NO
	N
	O

Constructing constant properties for
	N2
	O2
	NO
	N
	O

Constructing constant properties for
	N2
	O2
	NO
	N
	O

Constructing constant properties for
	N2
	O2
	NO
	N
	O

Constructing constant properties for
	N2
	O2
	NO
	N
	O

Constructing constant properties for
	N2
	O2
	NO
	N
	O

Constructing constant properties for
	N2
	O2
	NO
	N
	O
Selecting collisionPartnerSelectionModel noTimeCounter
Collision profile: collisionReduceOnlyOnOutput defaulted to true for replicatedMesh run
Collision profile: collisionOutputGlobalReduce defaulted to false for replicatedMesh run

Initialising the measurement fields

Initialising dsmcVolFields field
Initialising dsmcVolFields field

Constructing constant properties for
	N2
	O2
	NO
	N
	O
Selecting collisionPartnerSelectionModel noTimeCounter
Collision profile: collisionReduceOnlyOnOutput defaulted to true for replicatedMesh run
Collision profile: collisionOutputGlobalReduce defaulted to false for replicatedMesh run

Initialising the measurement fields

Initialising dsmcVolFields field

Constructing constant properties for
	N2
	O2
	NO
	N
	O
Selecting collisionPartnerSelectionModel noTimeCounter
Collision profile: collisionReduceOnlyOnOutput defaulted to true for replicatedMesh run
Collision profile: collisionOutputGlobalReduce defaulted to false for replicatedMesh run

Initialising the measurement fields

Initialising dsmcVolFields field
Initialising dsmcVolFields field
Initialising dsmcVolFields field
Initialising dsmcVolFields field
Initialising dsmcVolFields field
Initialising dsmcVolFields field
Initialising dsmcVolFields field
Selecting collisionPartnerSelectionModel noTimeCounter
Collision profile: collisionReduceOnlyOnOutput defaulted to true for replicatedMesh run
Collision profile: collisionOutputGlobalReduce defaulted to false for replicatedMesh run

Initialising the measurement fields

Initialising dsmcVolFields field
Initialising dsmcVolFields field
Initialising dsmcVolFields field
Initialising dsmcVolFields field
Initialising dsmcVolFields field
Initialising dsmcVolFields field
Initialising dsmcVolFields field
Selecting collisionPartnerSelectionModel noTimeCounter
Collision profile: collisionReduceOnlyOnOutput defaulted to true for replicatedMesh run
Collision profile: collisionOutputGlobalReduce defaulted to false for replicatedMesh run

Initialising the measurement fields

Initialising dsmcVolFields field
Initialising dsmcVolFields field
Initialising dsmcVolFields field
Initialising dsmcVolFields field
Initialising dsmcVolFields field
Initialising dsmcVolFields field
Initialising dsmcVolFields field
Initialising dsmcVolFields field
Selecting collisionPartnerSelectionModel noTimeCounter
Collision profile: collisionReduceOnlyOnOutput defaulted to true for replicatedMesh run
Collision profile: collisionOutputGlobalReduce defaulted to false for replicatedMesh run

Initialising the measurement fields

Initialising dsmcVolFields field
Initialising dsmcVolFields field
Initialising dsmcVolFields field
Initialising dsmcVolFields field
Initialising dsmcVolFields field
Initialising dsmcVolFields field
Initialising dsmcVolFields field
Initialising dsmcVolFields field
Initialising dsmcVolFields field
Initialising dsmcVolFields field
Selecting collisionPartnerSelectionModel noTimeCounter
Collision profile: collisionReduceOnlyOnOutput defaulted to true for replicatedMesh run
Collision profile: collisionOutputGlobalReduce defaulted to false for replicatedMesh run

Initialising the measurement fields

Initialising dsmcVolFields field
Initialising dsmcVolFields field
Initialising dsmcVolFields field
Initialising dsmcVolFields field
Selecting collisionPartnerSelectionModel noTimeCounter
Collision profile: collisionReduceOnlyOnOutput defaulted to true for replicatedMesh run
Collision profile: collisionOutputGlobalReduce defaulted to false for replicatedMesh run

Initialising the measurement fields

Initialising dsmcVolFields field
Initialising dsmcVolFields field
Initialising dsmcVolFields field
Initialising dsmcVolFields field
Initialising dsmcVolFields field
Initialising dsmcVolFields field
Initialising dsmcVolFields field
Initialising dsmcVolFields field
Initialising dsmcVolFields field

Constructing constant properties for
	N2
	O2
	NO
	N
	O

Constructing constant properties for
	N2
	O2
	NO
	N
	O
Selecting collisionPartnerSelectionModel noTimeCounter
Collision profile: collisionReduceOnlyOnOutput defaulted to true for replicatedMesh run
Collision profile: collisionOutputGlobalReduce defaulted to false for replicatedMesh run

Initialising the measurement fields

Initialising dsmcVolFields field
Initialising dsmcVolFields field
Selecting collisionPartnerSelectionModel noTimeCounter
Collision profile: collisionReduceOnlyOnOutput defaulted to true for replicatedMesh run
Collision profile: collisionOutputGlobalReduce defaulted to false for replicatedMesh run

Initialising the measurement fields

Initialising dsmcVolFields field
Initialising dsmcVolFields field
Initialising dsmcVolFields field
Initialising dsmcVolFields field
Initialising dsmcVolFields field
Initialising dsmcVolFields field
Initialising dsmcVolFields field
Initialising dsmcVolFields field
Selecting collisionPartnerSelectionModel noTimeCounter
Collision profile: collisionReduceOnlyOnOutput defaulted to true for replicatedMesh run
Collision profile: collisionOutputGlobalReduce defaulted to false for replicatedMesh run

Initialising the measurement fields

Initialising dsmcVolFields field
Initialising dsmcVolFields field
Initialising dsmcVolFields field
Initialising dsmcVolFields field
Initialising dsmcVolFields field
Selecting collisionPartnerSelectionModel noTimeCounter
Collision profile: collisionReduceOnlyOnOutput defaulted to true for replicatedMesh run
Collision profile: collisionOutputGlobalReduce defaulted to false for replicatedMesh run

Initialising the measurement fields

Initialising dsmcVolFields field
Initialising dsmcVolFields field
Selecting collisionPartnerSelectionModel noTimeCounter
Collision profile: collisionReduceOnlyOnOutput defaulted to true for replicatedMesh run
Collision profile: collisionOutputGlobalReduce defaulted to false for replicatedMesh run

Initialising the measurement fields

Initialising dsmcVolFields field
Initialising dsmcVolFields field
Initialising dsmcVolFields field
Initialising dsmcVolFields field
Initialising dsmcVolFields field
Initialising dsmcVolFields field
Initialising dsmcVolFields field
Initialising dsmcVolFields field
Initialising dsmcVolFields field
Initialising dsmcVolFields field
Initialising dsmcVolFields field
Initialising dsmcVolFields field
Initialising dsmcVolFields field

Constructing constant properties for
	N2
	O2
	NO
	N
	O
Selecting collisionPartnerSelectionModel noTimeCounter
Collision profile: collisionReduceOnlyOnOutput defaulted to true for replicatedMesh run
Collision profile: collisionOutputGlobalReduce defaulted to false for replicatedMesh run

Initialising the measurement fields

Initialising dsmcVolFields field
Selecting collisionPartnerSelectionModel noTimeCounter
Collision profile: collisionReduceOnlyOnOutput defaulted to true for replicatedMesh run
Collision profile: collisionOutputGlobalReduce defaulted to false for replicatedMesh run

Initialising the measurement fields

Initialising dsmcVolFields field
Initialising dsmcVolFields field
Initialising dsmcVolFields field
Initialising dsmcVolFields field
Initialising dsmcVolFields field
Initialising dsmcVolFields field
Initialising dsmcVolFields field
Initialising dsmcVolFields field
Initialising dsmcVolFields field
Initialising dsmcVolFields field
Initialising dsmcVolFields field
Selecting collisionPartnerSelectionModel noTimeCounter
Collision profile: collisionReduceOnlyOnOutput defaulted to true for replicatedMesh run
Collision profile: collisionOutputGlobalReduce defaulted to false for replicatedMesh run

Initialising the measurement fields

Initialising dsmcVolFields field
Initialising dsmcVolFields field
Initialising dsmcVolFields field
Initialising dsmcVolFields field
Initialising dsmcVolFields field
Initialising dsmcVolFields field
[0] MPI startup(): Intel(R) MPI Library, Version 2021.5  Build 20211102 (id: 9279b7d62)
[0] MPI startup(): Copyright (C) 2003-2021 Intel Corporation.  All rights reserved.
[0] MPI startup(): library kind: release
[0] MPI startup(): libfabric version: 1.13.2rc1-impi
[0] MPI startup(): libfabric provider: mlx
[0] MPI startup(): Load tuning file: "/public1/soft/oneapi/2022.1.0.106/mpi/2021.5.0//etc/tuning_generic_shm-ofi_mlx_hcoll.dat"
[0] MPI startup(): Rank    Pid      Node name           Pin cpu
[0] MPI startup(): 0       15468    m4cm1004.para.bscc  {0}
[0] MPI startup(): 1       15469    m4cm1004.para.bscc  {4}
[0] MPI startup(): 2       15470    m4cm1004.para.bscc  {8}
[0] MPI startup(): 3       15471    m4cm1004.para.bscc  {12}
[0] MPI startup(): 4       15472    m4cm1004.para.bscc  {16}
[0] MPI startup(): 5       15473    m4cm1004.para.bscc  {20}
[0] MPI startup(): 6       15474    m4cm1004.para.bscc  {24}
[0] MPI startup(): 7       15475    m4cm1004.para.bscc  {28}
[0] MPI startup(): 8       15476    m4cm1004.para.bscc  {32}
[0] MPI startup(): 9       15477    m4cm1004.para.bscc  {36}
[0] MPI startup(): 10      15478    m4cm1004.para.bscc  {40}
[0] MPI startup(): 11      15479    m4cm1004.para.bscc  {44}
[0] MPI startup(): 12      15480    m4cm1004.para.bscc  {48}
[0] MPI startup(): 13      15481    m4cm1004.para.bscc  {52}
[0] MPI startup(): 14      15482    m4cm1004.para.bscc  {56}
[0] MPI startup(): 15      15483    m4cm1004.para.bscc  {60}
[0] MPI startup(): threading: mode: direct
[0] MPI startup(): threading: vcis: 1
[0] MPI startup(): threading: app_threads: 1
[0] MPI startup(): threading: runtime: generic
[0] MPI startup(): threading: is_threaded: 0
[0] MPI startup(): threading: async_progress: 0
[0] MPI startup(): threading: num_pools: 64
[0] MPI startup(): threading: lock_level: global
[0] MPI startup(): threading: enable_sep: 0
[0] MPI startup(): threading: direct_recv: 1
[0] MPI startup(): threading: zero_op_flags: 1
[0] MPI startup(): threading: num_am_buffers: 1
[0] MPI startup(): threading: library is built with per-vci thread granularity
Replicated mesh: METIS decomposition complete, 104151 cells -> 16 ranks
Replicated mesh: rank 0 owns 6507 / 104151 cells
Local mesh: 6507 owned + 342 halo = 6849 / 104151 cells
Replicated mesh: flatTransfer=1 found=1
Replicated mesh: flat POD transfer enabled
Replicated mesh: gatherCandidates=0
Replicated mesh: overlapSizeExchange=0
Replicated mesh: writeMode=processor
Phase C auto DLB: enabled (ParMETIS AdaptiveRepart), imbalanceThreshold=1.5, dlbSteps=50, sarSteps=50, triggerMode=legacyWindow, minGapSteps=50, checkCollective=allgather, particleGate=0, particleGateThreshold=1.5, skipPostDiag=0, adaptiveAlpha=0
Replicated mesh: initialized with 16 MPI ranks, migrate interval 1

Starting time loop

Replicated mesh: initial particle distribution

Replicated mesh: rank 0 kept 94785 parcels, deleted 1963835 non-owned parcels
Time = 4e-06

    Collision global reduction skipped (rank 0 local diagnostics)
    Collisions                      = 813
    Collision candidates           = 933
    Collision acceptance rate      = 0.8713826367

    Number of DSMC particles        = 2091310
    Number of stuck particles       = 0
    Number of free particles        = 2091310
    Average linear kinetic energy   = 1.099038494e-18
    Average rotational energy       = 2.848837136e-21
    Average vibrational energy      = 3.958016056e-23
    Average electronic energy       = 0
    Total energy                    = 23.04470769

Stage 1.0  ExecutionTime = 11.52 s  ClockTime = 10 s  Iteration 10 (0.28 s)

Time = 8e-06

    Collision global reduction skipped (rank 0 local diagnostics)
    Collisions                      = 1018
    Collision candidates           = 1349
    Collision acceptance rate      = 0.7546330615

    Number of DSMC particles        = 2124223
    Number of stuck particles       = 0
    Number of free particles        = 2124223
    Average linear kinetic energy   = 1.08366333e-18
    Average rotational energy       = 3.419721016e-21
    Average vibrational energy      = 1.135795394e-22
    Average electronic energy       = 0
    Total energy                    = 23.09448088

Stage 1.0  ExecutionTime = 13.97 s  ClockTime = 11 s  Iteration 20 (0.29 s)

Time = 1.2e-05

    Collision global reduction skipped (rank 0 local diagnostics)
    Collisions                      = 1244
    Collision candidates           = 1726
    Collision acceptance rate      = 0.7207415991

    Number of DSMC particles        = 2157805
    Number of stuck particles       = 0
    Number of free particles        = 2157805
    Average linear kinetic energy   = 1.069168159e-18
    Average rotational energy       = 4.340218942e-21
    Average vibrational energy      = 2.516757622e-22
    Average electronic energy       = 0
    Total energy                    = 23.16964812

Stage 1.0  ExecutionTime = 16.48 s  ClockTime = 11 s  Iteration 30 (0.32 s)

Time = 1.6e-05

    Collision global reduction skipped (rank 0 local diagnostics)
    Collisions                      = 1484
    Collision candidates           = 2153
    Collision acceptance rate      = 0.689270785

    Number of DSMC particles        = 2192376
    Number of stuck particles       = 0
    Number of free particles        = 2192376
    Average linear kinetic energy   = 1.055373263e-18
    Average rotational energy       = 5.51597194e-21
    Average vibrational energy      = 4.350749842e-22
    Average electronic energy       = 0
    Total energy                    = 23.26821945

Stage 1.0  ExecutionTime = 19.06 s  ClockTime = 12 s  Iteration 40 (0.32 s)

Time = 2e-05

    Collision global reduction skipped (rank 0 local diagnostics)
    Collisions                      = 1648
    Collision candidates           = 2506
    Collision acceptance rate      = 0.6576217079

    Number of DSMC particles        = 2227877
    Number of stuck particles       = 0
    Number of free particles        = 2227877
    Average linear kinetic energy   = 1.042146577e-18
    Average rotational energy       = 6.85606908e-21
    Average vibrational energy      = 6.631985077e-22
    Average electronic energy       = 0
    Total energy                    = 23.38526392

Stage 1.0  ExecutionTime = 21.67 s  ClockTime = 13 s  Iteration 50 (0.35 s)

Time = 2.4e-05

    Collision global reduction skipped (rank 0 local diagnostics)
    Collisions                      = 1827
    Collision candidates           = 2860
    Collision acceptance rate      = 0.6388111888

    Number of DSMC particles        = 2264040
    Number of stuck particles       = 0
    Number of free particles        = 2264040
    Average linear kinetic energy   = 1.029424135e-18
    Average rotational energy       = 8.316026742e-21
    Average vibrational energy      = 9.62919885e-22
    Average electronic energy       = 0
    Total energy                    = 23.51665326

Stage 1.0  ExecutionTime = 24.29 s  ClockTime = 13 s  Iteration 60 (0.33 s)

Time = 2.8e-05

    Collision global reduction skipped (rank 0 local diagnostics)
    Collisions                      = 2076
    Collision candidates           = 3269
    Collision acceptance rate      = 0.6350565922

    Number of DSMC particles        = 2300534
    Number of stuck particles       = 0
    Number of free particles        = 2300534
    Average linear kinetic energy   = 1.017365005e-18
    Average rotational energy       = 9.801332328e-21
    Average vibrational energy      = 1.295190186e-21
    Average electronic energy       = 0
    Total energy                    = 23.66010712

Stage 1.0  ExecutionTime = 27 s  ClockTime = 14 s  Iteration 70 (0.34 s)

Time = 3.2e-05

    Collision global reduction skipped (rank 0 local diagnostics)
    Collisions                      = 2272
    Collision candidates           = 3632
    Collision acceptance rate      = 0.6255506608

    Number of DSMC particles        = 2337424
    Number of stuck particles       = 0
    Number of free particles        = 2337424
    Average linear kinetic energy   = 1.005656965e-18
    Average rotational energy       = 1.126897598e-20
    Average vibrational energy      = 1.650289293e-21
    Average electronic energy       = 0
    Total energy                    = 23.80844528

Stage 1.0  ExecutionTime = 29.73 s  ClockTime = 15 s  Iteration 80 (0.35 s)

Time = 3.6e-05

    Collision global reduction skipped (rank 0 local diagnostics)
    Collisions                      = 2444
    Collision candidates           = 3973
    Collision acceptance rate      = 0.6151522779

    Number of DSMC particles        = 2374677
    Number of stuck particles       = 0
    Number of free particles        = 2374677
    Average linear kinetic energy   = 9.945476136e-19
    Average rotational energy       = 1.281549359e-20
    Average vibrational energy      = 2.036468393e-21
    Average electronic energy       = 0
    Total energy                    = 23.96997956

Stage 1.0  ExecutionTime = 32.51 s  ClockTime = 15 s  Iteration 90 (0.36 s)

Time = 4e-05

    Collision global reduction skipped (rank 0 local diagnostics)
    Collisions                      = 2694
    Collision candidates           = 4430
    Collision acceptance rate      = 0.6081264108

    Number of DSMC particles        = 2412133
    Number of stuck particles       = 0
    Number of free particles        = 2412133
    Average linear kinetic energy   = 9.838437665e-19
    Average rotational energy       = 1.431793548e-20
    Average vibrational energy      = 2.459772357e-21
    Average electronic energy       = 0
    Total energy                    = 24.13632079

Stage 1.0  ExecutionTime = 35.34 s  ClockTime = 16 s  Iteration 100 (0.39 s)

Time = 4.4e-05

    Collision global reduction skipped (rank 0 local diagnostics)
    Collisions                      = 2856
    Collision candidates           = 4784
    Collision acceptance rate      = 0.5969899666

    Number of DSMC particles        = 2450028
    Number of stuck particles       = 0
    Number of free particles        = 2450028
    Average linear kinetic energy   = 9.736369973e-19
    Average rotational energy       = 1.572128191e-20
    Average vibrational energy      = 2.893637802e-21
    Average electronic energy       = 0
    Total energy                    = 24.3104498

Stage 1.0  ExecutionTime = 38.22 s  ClockTime = 17 s  Iteration 110 (0.38 s)

Time = 4.8e-05

    Collision global reduction skipped (rank 0 local diagnostics)
    Collisions                      = 3166
    Collision candidates           = 5297
    Collision acceptance rate      = 0.5976968095

    Number of DSMC particles        = 2487800
    Number of stuck particles       = 0
    Number of free particles        = 2487800
    Average linear kinetic energy   = 9.635383713e-19
    Average rotational energy       = 1.712512425e-20
    Average vibrational energy      = 3.340294263e-21
    Average electronic energy       = 0
    Total energy                    = 24.48004628

Stage 1.0  ExecutionTime = 41.09 s  ClockTime = 17 s  Iteration 120 (0.41 s)

Time = 5.2e-05

    Collision global reduction skipped (rank 0 local diagnostics)
    Collisions                      = 3336
    Collision candidates           = 5723
    Collision acceptance rate      = 0.5829110606

    Number of DSMC particles        = 2525934
    Number of stuck particles       = 0
    Number of free particles        = 2525934
    Average linear kinetic energy   = 9.539612816e-19
    Average rotational energy       = 1.845200578e-20
    Average vibrational energy      = 3.790917365e-21
    Average electronic energy       = 0
    Total energy                    = 24.65827392

Stage 1.0  ExecutionTime = 43.99 s  ClockTime = 18 s  Iteration 130 (0.4 s)

Time = 5.6e-05

    Collision global reduction skipped (rank 0 local diagnostics)
    Collisions                      = 3549
    Collision candidates           = 6204
    Collision acceptance rate      = 0.5720502901

    Number of DSMC particles        = 2564064
    Number of stuck particles       = 0
    Number of free particles        = 2564064
    Average linear kinetic energy   = 9.446323757e-19
    Average rotational energy       = 1.971137874e-20
    Average vibrational energy      = 4.262789037e-21
    Average electronic energy       = 0
    Total energy                    = 24.83569168

Stage 1.0  ExecutionTime = 46.9 s  ClockTime = 19 s  Iteration 140 (0.41 s)

Time = 6e-05

    Collision global reduction skipped (rank 0 local diagnostics)
    Collisions                      = 3949
    Collision candidates           = 6737
    Collision acceptance rate      = 0.5861659492


Phase C auto DLB triggered (SAR) at step 150: sar=0.06725067183 loadImbalance=1.089687645 threshold=1.5 particleMaxMin=1
Phase C ParMETIS weights: particles=2602342 activeCells=104104 maxCellParticles=113
Phase C ParMETIS: alpha=1 ncon=1 ubvec=[1.05] moveRatio=0.9422005271 (moveT=3.270708967s, collT=0.200642272s)
Phase C ParMETIS: AdaptiveRepart (104151 cells, 1 constraints, ubvec=1.05)
Replicated mesh: rank 0 owns 5054 / 104151 cells
Local mesh: 5054 owned + 196 halo = 5250 / 104151 cells
Phase C ParMETIS AdaptiveRepart: 85743 / 104151 cells changed (0.8232566178)
Phase C auto DLB complete: rebalance #1

    Number of DSMC particles        = 2602342
    Number of stuck particles       = 0
    Number of free particles        = 2602342
    Average linear kinetic energy   = 9.357927964e-19
    Average rotational energy       = 2.094194979e-20
    Average vibrational energy      = 4.72808082e-21
    Average electronic energy       = 0
    Total energy                    = 25.02055096

Stage 1.0  ExecutionTime = 50.61 s  ClockTime = 20 s  Iteration 150 (1.1 s)

Time = 6.4e-05

    Collision global reduction skipped (rank 0 local diagnostics)
    Collisions                      = 1417
    Collision candidates           = 1707
    Collision acceptance rate      = 0.8301113064

    Number of DSMC particles        = 2639814
    Number of stuck particles       = 0
    Number of free particles        = 2639814
    Average linear kinetic energy   = 9.279015856e-19
    Average rotational energy       = 2.175321497e-20
    Average vibrational energy      = 5.11956274e-21
    Average electronic energy       = 0
    Total energy                    = 25.20426731

Stage 1.0  ExecutionTime = 53.61 s  ClockTime = 21 s  Iteration 160 (0.43 s)

Time = 6.8e-05

    Collision global reduction skipped (rank 0 local diagnostics)
    Collisions                      = 1481
    Collision candidates           = 1949
    Collision acceptance rate      = 0.7598768599

    Number of DSMC particles        = 2678409
    Number of stuck particles       = 0
    Number of free particles        = 2678409
    Average linear kinetic energy   = 9.191181496e-19
    Average rotational energy       = 2.298781705e-20
    Average vibrational energy      = 5.590719158e-21
    Average electronic energy       = 0
    Total energy                    = 25.38319333

Stage 1.0  ExecutionTime = 56.49 s  ClockTime = 21 s  Iteration 170 (0.42 s)

Time = 7.2e-05

    Collision global reduction skipped (rank 0 local diagnostics)
    Collisions                      = 1468
    Collision candidates           = 1995
    Collision acceptance rate      = 0.735839599

    Number of DSMC particles        = 2716949
    Number of stuck particles       = 0
    Number of free particles        = 2716949
    Average linear kinetic energy   = 9.106121948e-19
    Average rotational energy       = 2.411887953e-20
    Average vibrational energy      = 6.080318513e-21
    Average electronic energy       = 0
    Total energy                    = 25.56136573

Stage 1.0  ExecutionTime = 59.54 s  ClockTime = 22 s  Iteration 180 (0.43 s)

Time = 7.6e-05

    Collision global reduction skipped (rank 0 local diagnostics)
    Collisions                      = 1492
    Collision candidates           = 2068
    Collision acceptance rate      = 0.7214700193

    Number of DSMC particles        = 2755758
    Number of stuck particles       = 0
    Number of free particles        = 2755758
    Average linear kinetic energy   = 9.024554732e-19
    Average rotational energy       = 2.519092319e-20
    Average vibrational energy      = 6.569361718e-21
    Average electronic energy       = 0
    Total energy                    = 25.74472549

Stage 1.0  ExecutionTime = 62.58 s  ClockTime = 23 s  Iteration 190 (0.45 s)

Time = 8e-05

    Collision global reduction skipped (rank 0 local diagnostics)
    Collisions                      = 1519
    Collision candidates           = 2130
    Collision acceptance rate      = 0.7131455399

    Number of DSMC particles        = 2793925
    Number of stuck particles       = 0
    Number of free particles        = 2793925
    Average linear kinetic energy   = 8.945832221e-19
    Average rotational energy       = 2.615294509e-20
    Average vibrational energy      = 7.056334059e-21
    Average electronic energy       = 0
    Total energy                    = 25.92182664

Stage 1.0  ExecutionTime = 65.81 s  ClockTime = 24 s  Iteration 200 (0.49 s)

Time = 8.4e-05

    Collision global reduction skipped (rank 0 local diagnostics)
    Collisions                      = 1515
    Collision candidates           = 2165
    Collision acceptance rate      = 0.6997690531

    Number of DSMC particles        = 2832558
    Number of stuck particles       = 0
    Number of free particles        = 2832558
    Average linear kinetic energy   = 8.869389936e-19
    Average rotational energy       = 2.709275089e-20
    Average vibrational energy      = 7.492087083e-21
    Average electronic energy       = 0
    Total energy                    = 26.10269701

Stage 1.0  ExecutionTime = 69.02 s  ClockTime = 25 s  Iteration 210 (0.43 s)

Time = 8.8e-05

    Collision global reduction skipped (rank 0 local diagnostics)
    Collisions                      = 1540
    Collision candidates           = 2177
    Collision acceptance rate      = 0.7073954984

    Number of DSMC particles        = 2870997
    Number of stuck particles       = 0
    Number of free particles        = 2870997
    Average linear kinetic energy   = 8.797225439e-19
    Average rotational energy       = 2.792031201e-20
    Average vibrational energy      = 7.942636112e-21
    Average electronic energy       = 0
    Total energy                    = 26.28643201

Stage 1.0  ExecutionTime = 72.33 s  ClockTime = 25 s  Iteration 220 (0.47 s)

Time = 9.2e-05

    Collision global reduction skipped (rank 0 local diagnostics)
    Collisions                      = 1485
    Collision candidates           = 2177
    Collision acceptance rate      = 0.6821313734

    Number of DSMC particles        = 2909138
    Number of stuck particles       = 0
    Number of free particles        = 2909138
    Average linear kinetic energy   = 8.727201207e-19
    Average rotational energy       = 2.874396397e-20
    Average vibrational energy      = 8.397519528e-21
    Average electronic energy       = 0
    Total energy                    = 26.46912968

Stage 1.0  ExecutionTime = 75.73 s  ClockTime = 26 s  Iteration 230 (0.5 s)

Time = 9.6e-05

    Collision global reduction skipped (rank 0 local diagnostics)
    Collisions                      = 1549
    Collision candidates           = 2269
    Collision acceptance rate      = 0.6826795945

    Number of DSMC particles        = 2947521
    Number of stuck particles       = 0
    Number of free particles        = 2947521
    Average linear kinetic energy   = 8.656885095e-19
    Average rotational energy       = 2.95597131e-20
    Average vibrational energy      = 8.839756292e-21
    Average electronic energy       = 0
    Total energy                    = 26.64818304

Stage 1.0  ExecutionTime = 79.21 s  ClockTime = 27 s  Iteration 240 (0.51 s)

Time = 0.0001

    Collision global reduction skipped (rank 0 local diagnostics)
    Collisions                      = 1449
    Collision candidates           = 2173
    Collision acceptance rate      = 0.6668200644


Phase C auto DLB triggered (SAR) at step 250: sar=0.1216418545 loadImbalance=1.175304233 threshold=1.5 particleMaxMin=1
Phase C ParMETIS weights: particles=2985760 activeCells=104129 maxCellParticles=113
Phase C ParMETIS: alpha=1 ncon=1 ubvec=[1.05] moveRatio=0.943537861 (moveT=5.930201136s, collT=0.354868474s)
Phase C ParMETIS: AdaptiveRepart (104151 cells, 1 constraints, ubvec=1.05)
Replicated mesh: rank 0 owns 4877 / 104151 cells
Local mesh: 4877 owned + 155 halo = 5032 / 104151 cells
Phase C ParMETIS AdaptiveRepart: 64379 / 104151 cells changed (0.618131367)
Phase C auto DLB complete: rebalance #2

    Number of DSMC particles        = 2985760
    Number of stuck particles       = 0
    Number of free particles        = 2985760
    Average linear kinetic energy   = 8.589255047e-19
    Average rotational energy       = 3.034676401e-20
    Average vibrational energy      = 9.291796506e-21
    Average electronic energy       = 0
    Total energy                    = 26.82896643

Stage 1.0  ExecutionTime = 83.45 s  ClockTime = 28 s  Iteration 250 (1.18 s)

Time = 0.000104

    Collision global reduction skipped (rank 0 local diagnostics)
    Collisions                      = 1534
    Collision candidates           = 1837
    Collision acceptance rate      = 0.8350571584

    Number of DSMC particles        = 3023071
    Number of stuck particles       = 0
    Number of free particles        = 3023071
    Average linear kinetic energy   = 8.53087538e-19
    Average rotational energy       = 3.084693315e-20
    Average vibrational energy      = 9.654934846e-21
    Average electronic energy       = 0
    Total energy                    = 27.01384219

Stage 1.0  ExecutionTime = 86.62 s  ClockTime = 29 s  Iteration 260 (0.46 s)

Time = 0.000108

    Collision global reduction skipped (rank 0 local diagnostics)
    Collisions                      = 1637
    Collision candidates           = 2146
    Collision acceptance rate      = 0.7628145387

    Number of DSMC particles        = 3061178
    Number of stuck particles       = 0
    Number of free particles        = 3061178
    Average linear kinetic energy   = 8.465626024e-19
    Average rotational energy       = 3.156641374e-20
    Average vibrational energy      = 1.010093253e-20
    Average electronic energy       = 0
    Total energy                    = 27.19029978

Stage 1.0  ExecutionTime = 89.85 s  ClockTime = 30 s  Iteration 270 (0.47 s)

Time = 0.000112

    Collision global reduction skipped (rank 0 local diagnostics)
    Collisions                      = 1600
    Collision candidates           = 2172
    Collision acceptance rate      = 0.7366482505

    Number of DSMC particles        = 3098896
    Number of stuck particles       = 0
    Number of free particles        = 3098896
    Average linear kinetic energy   = 8.401141158e-19
    Average rotational energy       = 3.237535529e-20
    Average vibrational energy      = 1.053557151e-20
    Average electronic energy       = 0
    Total energy                    = 27.36402772

Stage 1.0  ExecutionTime = 93.13 s  ClockTime = 31 s  Iteration 280 (0.48 s)

Time = 0.000116

    Collision global reduction skipped (rank 0 local diagnostics)
    Collisions                      = 1565
    Collision candidates           = 2193
    Collision acceptance rate      = 0.7136342909

    Number of DSMC particles        = 3136620
    Number of stuck particles       = 0
    Number of free particles        = 3136620
    Average linear kinetic energy   = 8.339016787e-19
    Average rotational energy       = 3.308773989e-20
    Average vibrational energy      = 1.094716668e-20
    Average electronic energy       = 0
    Total energy                    = 27.53753452

Stage 1.0  ExecutionTime = 96.48 s  ClockTime = 31 s  Iteration 290 (0.49 s)

Time = 0.00012

    Collision global reduction skipped (rank 0 local diagnostics)
    Collisions                      = 1623
    Collision candidates           = 2312
    Collision acceptance rate      = 0.7019896194

    Number of DSMC particles        = 3174217
    Number of stuck particles       = 0
    Number of free particles        = 3174217
    Average linear kinetic energy   = 8.278673768e-19
    Average rotational energy       = 3.37156388e-20
    Average vibrational energy      = 1.137477956e-20
    Average electronic energy       = 0
    Total energy                    = 27.70957474

Stage 1.0  ExecutionTime = 99.92 s  ClockTime = 32 s  Iteration 300 (0.55 s)

Time = 0.000124

    Collision global reduction skipped (rank 0 local diagnostics)
    Collisions                      = 1676
    Collision candidates           = 2295
    Collision acceptance rate      = 0.7302832244

    Number of DSMC particles        = 3212059
    Number of stuck particles       = 0
    Number of free particles        = 3212059
    Average linear kinetic energy   = 8.219982775e-19
    Average rotational energy       = 3.425417418e-20
    Average vibrational energy      = 1.176316319e-20
    Average electronic energy       = 0
    Total energy                    = 27.88117368

Stage 1.0  ExecutionTime = 103.46 s  ClockTime = 33 s  Iteration 310 (0.54 s)

Time = 0.000128

    Collision global reduction skipped (rank 0 local diagnostics)
    Collisions                      = 1535
    Collision candidates           = 2267
    Collision acceptance rate      = 0.6771063079

    Number of DSMC particles        = 3249425
    Number of stuck particles       = 0
    Number of free particles        = 3249425
    Average linear kinetic energy   = 8.162691752e-19
    Average rotational energy       = 3.479586374e-20
    Average vibrational energy      = 1.217012964e-20
    Average electronic energy       = 0
    Total energy                    = 28.05017938

Stage 1.0  ExecutionTime = 107.02 s  ClockTime = 34 s  Iteration 320 (0.54 s)

Time = 0.000132

    Collision global reduction skipped (rank 0 local diagnostics)
    Collisions                      = 1602
    Collision candidates           = 2345
    Collision acceptance rate      = 0.6831556503

    Number of DSMC particles        = 3286673
    Number of stuck particles       = 0
    Number of free particles        = 3286673
    Average linear kinetic energy   = 8.106312389e-19
    Average rotational energy       = 3.528379209e-20
    Average vibrational energy      = 1.255643917e-20
    Average electronic energy       = 0
    Total energy                    = 28.21515002

Stage 1.0  ExecutionTime = 110.79 s  ClockTime = 35 s  Iteration 330 (0.56 s)

Time = 0.000136

    Collision global reduction skipped (rank 0 local diagnostics)
    Collisions                      = 1605
    Collision candidates           = 2382
    Collision acceptance rate      = 0.6738035264

    Number of DSMC particles        = 3323882
    Number of stuck particles       = 0
    Number of free particles        = 3323882
    Average linear kinetic energy   = 8.052099942e-19
    Average rotational energy       = 3.577938514e-20
    Average vibrational energy      = 1.293730696e-20
    Average electronic energy       = 0
    Total energy                    = 28.38351542

Stage 1.0  ExecutionTime = 114.57 s  ClockTime = 36 s  Iteration 340 (0.56 s)

Time = 0.00014

    Collision global reduction skipped (rank 0 local diagnostics)
    Collisions                      = 1676
    Collision candidates           = 2440
    Collision acceptance rate      = 0.6868852459

    Number of DSMC particles        = 3360963
    Number of stuck particles       = 0
    Number of free particles        = 3360963
    Average linear kinetic energy   = 7.9984067e-19
    Average rotational energy       = 3.629991732e-20
    Average vibrational energy      = 1.331373887e-20
    Average electronic energy       = 0
    Total energy                    = 28.54984561

Stage 1.0  ExecutionTime = 118.41 s  ClockTime = 37 s  Iteration 350 (0.63 s)

Time = 0.000144

    Collision global reduction skipped (rank 0 local diagnostics)
    Collisions                      = 1583
    Collision candidates           = 2398
    Collision acceptance rate      = 0.6601334445

    Number of DSMC particles        = 3397601
    Number of stuck particles       = 0
    Number of free particles        = 3397601
    Average linear kinetic energy   = 7.946415213e-19
    Average rotational energy       = 3.682678226e-20
    Average vibrational energy      = 1.367141493e-20
    Average electronic energy       = 0
    Total energy                    = 28.71447553

Stage 1.0  ExecutionTime = 122.24 s  ClockTime = 38 s  Iteration 360 (0.57 s)

Time = 0.000148

    Collision global reduction skipped (rank 0 local diagnostics)
    Collisions                      = 1607
    Collision candidates           = 2462
    Collision acceptance rate      = 0.6527213647

    Number of DSMC particles        = 3434221
    Number of stuck particles       = 0
    Number of free particles        = 3434221
    Average linear kinetic energy   = 7.895815418e-19
    Average rotational energy       = 3.7250889e-20
    Average vibrational energy      = 1.402464335e-20
    Average electronic energy       = 0
    Total energy                    = 28.87689022

Stage 1.0  ExecutionTime = 126.21 s  ClockTime = 39 s  Iteration 370 (0.59 s)

Time = 0.000152

    Collision global reduction skipped (rank 0 local diagnostics)
    Collisions                      = 1592
    Collision candidates           = 2441
    Collision acceptance rate      = 0.6521917247

    Number of DSMC particles        = 3470391
    Number of stuck particles       = 0
    Number of free particles        = 3470391
    Average linear kinetic energy   = 7.844918764e-19
    Average rotational energy       = 3.765289067e-20
    Average vibrational energy      = 1.441458663e-20
    Average electronic energy       = 0
    Total energy                    = 29.03188052

Stage 1.0  ExecutionTime = 130.2 s  ClockTime = 40 s  Iteration 380 (0.6 s)

Time = 0.000156

    Collision global reduction skipped (rank 0 local diagnostics)
    Collisions                      = 1684
    Collision candidates           = 2520
    Collision acceptance rate      = 0.6682539683

    Number of DSMC particles        = 3506638
    Number of stuck particles       = 0
    Number of free particles        = 3506638
    Average linear kinetic energy   = 7.795796676e-19
    Average rotational energy       = 3.80892834e-20
    Average vibrational energy      = 1.472886251e-20
    Average electronic energy       = 0
    Total energy                    = 29.18917804

Stage 1.0  ExecutionTime = 134.28 s  ClockTime = 41 s  Iteration 390 (0.64 s)

Time = 0.00016

    Collision global reduction skipped (rank 0 local diagnostics)
    Collisions                      = 1656
    Collision candidates           = 2522
    Collision acceptance rate      = 0.6566217288


Phase C auto DLB triggered (SAR) at step 400: sar=0.187741018 loadImbalance=1.2107482 threshold=1.5 particleMaxMin=1
Phase C ParMETIS weights: particles=3542610 activeCells=104135 maxCellParticles=130
Phase C ParMETIS: alpha=1 ncon=1 ubvec=[1.05] moveRatio=0.9439369575 (moveT=10.15446612s, collT=0.603101998s)
Phase C ParMETIS: AdaptiveRepart (104151 cells, 1 constraints, ubvec=1.05)
Replicated mesh: rank 0 owns 5911 / 104151 cells
Local mesh: 5911 owned + 175 halo = 6086 / 104151 cells
Phase C ParMETIS AdaptiveRepart: 79225 / 104151 cells changed (0.7606744054)
Phase C auto DLB complete: rebalance #3

    Number of DSMC particles        = 3542610
    Number of stuck particles       = 0
    Number of free particles        = 3542610
    Average linear kinetic energy   = 7.748593496e-19
    Average rotational energy       = 3.845346536e-20
    Average vibrational energy      = 1.5083115e-20
    Average electronic energy       = 0
    Total energy                    = 29.34683705

Stage 1.0  ExecutionTime = 139.09 s  ClockTime = 42 s  Iteration 400 (1.33 s)

Time = 0.000164

    Collision global reduction skipped (rank 0 local diagnostics)
    Collisions                      = 1907
    Collision candidates           = 2908
    Collision acceptance rate      = 0.6557771664

    Number of DSMC particles        = 3577737
    Number of stuck particles       = 0
    Number of free particles        = 3577737
    Average linear kinetic energy   = 7.708081343e-19
    Average rotational energy       = 3.86008691e-20
    Average vibrational energy      = 1.534757022e-20
    Average electronic energy       = 0
    Total energy                    = 29.50762109

Stage 1.0  ExecutionTime = 142.54 s  ClockTime = 43 s  Iteration 410 (0.48 s)

Time = 0.000168

    Collision global reduction skipped (rank 0 local diagnostics)
    Collisions                      = 1984
    Collision candidates           = 2938
    Collision acceptance rate      = 0.6752893125

    Number of DSMC particles        = 3613939
    Number of stuck particles       = 0
    Number of free particles        = 3613939
    Average linear kinetic energy   = 7.658900058e-19
    Average rotational energy       = 3.910438143e-20
    Average vibrational energy      = 1.56825694e-20
    Average electronic energy       = 0
    Total energy                    = 29.6587646

Stage 1.0  ExecutionTime = 146.1 s  ClockTime = 44 s  Iteration 420 (0.53 s)

Time = 0.000172

    Collision global reduction skipped (rank 0 local diagnostics)
    Collisions                      = 1907
    Collision candidates           = 2949
    Collision acceptance rate      = 0.6466598847

    Number of DSMC particles        = 3649343
    Number of stuck particles       = 0
    Number of free particles        = 3649343
    Average linear kinetic energy   = 7.610883354e-19
    Average rotational energy       = 3.953899974e-20
    Average vibrational energy      = 1.605780542e-20
    Average electronic energy       = 0
    Total energy                    = 29.80364201

Stage 1.0  ExecutionTime = 149.7 s  ClockTime = 45 s  Iteration 430 (0.53 s)

Time = 0.000176

    Collision global reduction skipped (rank 0 local diagnostics)
    Collisions                      = 2005
    Collision candidates           = 3091
    Collision acceptance rate      = 0.6486573924

    Number of DSMC particles        = 3684667
    Number of stuck particles       = 0
    Number of free particles        = 3684667
    Average linear kinetic energy   = 7.565219993e-19
    Average rotational energy       = 3.988620276e-20
    Average vibrational energy      = 1.638806141e-20
    Average electronic energy       = 0
    Total energy                    = 29.9488357

Stage 1.0  ExecutionTime = 153.35 s  ClockTime = 46 s  Iteration 440 (0.53 s)

Time = 0.00018

    Collision global reduction skipped (rank 0 local diagnostics)
    Collisions                      = 1895
    Collision candidates           = 3027
    Collision acceptance rate      = 0.6260323753

    Number of DSMC particles        = 3719734
    Number of stuck particles       = 0
    Number of free particles        = 3719734
    Average linear kinetic energy   = 7.520277074e-19
    Average rotational energy       = 4.025246095e-20
    Average vibrational energy      = 1.670642014e-20
    Average electronic energy       = 0
    Total energy                    = 30.09214919

Stage 1.0  ExecutionTime = 157.12 s  ClockTime = 47 s  Iteration 450 (0.61 s)

Time = 0.000184

    Collision global reduction skipped (rank 0 local diagnostics)
    Collisions                      = 2034
    Collision candidates           = 3142
    Collision acceptance rate      = 0.6473583705

    Number of DSMC particles        = 3754847
    Number of stuck particles       = 0
    Number of free particles        = 3754847
    Average linear kinetic energy   = 7.4769639e-19
    Average rotational energy       = 4.055760709e-20
    Average vibrational energy      = 1.700575048e-20
    Average electronic energy       = 0
    Total energy                    = 30.23627148

Stage 1.0  ExecutionTime = 160.91 s  ClockTime = 48 s  Iteration 460 (0.56 s)

Time = 0.000188

    Collision global reduction skipped (rank 0 local diagnostics)
    Collisions                      = 1962
    Collision candidates           = 3123
    Collision acceptance rate      = 0.6282420749

    Number of DSMC particles        = 3789801
    Number of stuck particles       = 0
    Number of free particles        = 3789801
    Average linear kinetic energy   = 7.434341845e-19
    Average rotational energy       = 4.081992706e-20
    Average vibrational energy      = 1.732526865e-20
    Average electronic energy       = 0
    Total energy                    = 30.37826337

Stage 1.0  ExecutionTime = 164.78 s  ClockTime = 49 s  Iteration 470 (0.58 s)

Time = 0.000192

    Collision global reduction skipped (rank 0 local diagnostics)
    Collisions                      = 1937
    Collision candidates           = 3166
    Collision acceptance rate      = 0.6118130133

    Number of DSMC particles        = 3824828
    Number of stuck particles       = 0
    Number of free particles        = 3824828
    Average linear kinetic energy   = 7.3922111e-19
    Average rotational energy       = 4.11351001e-20
    Average vibrational energy      = 1.759031884e-20
    Average electronic energy       = 0
    Total energy                    = 30.52008226

Stage 1.0  ExecutionTime = 168.71 s  ClockTime = 50 s  Iteration 480 (0.57 s)

Time = 0.000196

    Collision global reduction skipped (rank 0 local diagnostics)
    Collisions                      = 1946
    Collision candidates           = 3115
    Collision acceptance rate      = 0.6247191011

    Number of DSMC particles        = 3859328
    Number of stuck particles       = 0
    Number of free particles        = 3859328
    Average linear kinetic energy   = 7.350792665e-19
    Average rotational energy       = 4.141739198e-20
    Average vibrational energy      = 1.788468509e-20
    Average electronic energy       = 0
    Total energy                    = 30.65778162

Stage 1.0  ExecutionTime = 172.66 s  ClockTime = 51 s  Iteration 490 (0.59 s)

Time = 0.0002

    Collision global reduction skipped (rank 0 local diagnostics)
    Collisions                      = 1978
    Collision candidates           = 3185
    Collision acceptance rate      = 0.6210361068

    Number of DSMC particles        = 3893300
    Number of stuck particles       = 0
    Number of free particles        = 3893300
    Average linear kinetic energy   = 7.310411572e-19
    Average rotational energy       = 4.16840822e-20
    Average vibrational energy      = 1.817119022e-20
    Average electronic energy       = 0
    Total energy                    = 30.7919707

Stage 1.0  ExecutionTime = 176.71 s  ClockTime = 52 s  Iteration 500 (0.62 s)

Time = 0.000204

    Collision global reduction skipped (rank 0 local diagnostics)
    Collisions                      = 1943
    Collision candidates           = 3237
    Collision acceptance rate      = 0.6002471424

    Number of DSMC particles        = 3927328
    Number of stuck particles       = 0
    Number of free particles        = 3927328
    Average linear kinetic energy   = 7.270811414e-19
    Average rotational energy       = 4.189920564e-20
    Average vibrational energy      = 1.842758118e-20
    Average electronic energy       = 0
    Total energy                    = 30.92409204

Stage 1.0  ExecutionTime = 180.71 s  ClockTime = 53 s  Iteration 510 (0.61 s)

Time = 0.000208

    Collision global reduction skipped (rank 0 local diagnostics)
    Collisions                      = 1942
    Collision candidates           = 3214
    Collision acceptance rate      = 0.6042314872

    Number of DSMC particles        = 3961082
    Number of stuck particles       = 0
    Number of free particles        = 3961082
    Average linear kinetic energy   = 7.232477518e-19
    Average rotational energy       = 4.216418233e-20
    Average vibrational energy      = 1.870158591e-20
    Average electronic energy       = 0
    Total energy                    = 31.0593795

Stage 1.0  ExecutionTime = 184.73 s  ClockTime = 54 s  Iteration 520 (0.58 s)

Time = 0.000212

    Collision global reduction skipped (rank 0 local diagnostics)
    Collisions                      = 1984
    Collision candidates           = 3276
    Collision acceptance rate      = 0.6056166056

    Number of DSMC particles        = 3995386
    Number of stuck particles       = 0
    Number of free particles        = 3995386
    Average linear kinetic energy   = 7.194938963e-19
    Average rotational energy       = 4.237078397e-20
    Average vibrational energy      = 1.894819604e-20
    Average electronic energy       = 0
    Total energy                    = 31.19648835

Stage 1.0  ExecutionTime = 188.83 s  ClockTime = 55 s  Iteration 530 (0.61 s)

Time = 0.000216

    Collision global reduction skipped (rank 0 local diagnostics)
    Collisions                      = 1970
    Collision candidates           = 3235
    Collision acceptance rate      = 0.6089644513

    Number of DSMC particles        = 4028833
    Number of stuck particles       = 0
    Number of free particles        = 4028833
    Average linear kinetic energy   = 7.156343899e-19
    Average rotational energy       = 4.264641039e-20
    Average vibrational energy      = 1.921885994e-20
    Average electronic energy       = 0
    Total energy                    = 31.32416288

Stage 1.0  ExecutionTime = 193.02 s  ClockTime = 56 s  Iteration 540 (0.64 s)

Time = 0.00022

    Collision global reduction skipped (rank 0 local diagnostics)
    Collisions                      = 1940
    Collision candidates           = 3257
    Collision acceptance rate      = 0.5956401597

    Number of DSMC particles        = 4062297
    Number of stuck particles       = 0
    Number of free particles        = 4062297
    Average linear kinetic energy   = 7.119572942e-19
    Average rotational energy       = 4.283010269e-20
    Average vibrational energy      = 1.946818262e-20
    Average electronic energy       = 0
    Total energy                    = 31.45256118

Stage 1.0  ExecutionTime = 197.28 s  ClockTime = 57 s  Iteration 550 (0.67 s)

Time = 0.000224

    Collision global reduction skipped (rank 0 local diagnostics)
    Collisions                      = 1951
    Collision candidates           = 3272
    Collision acceptance rate      = 0.5962713936

    Number of DSMC particles        = 4095368
    Number of stuck particles       = 0
    Number of free particles        = 4095368
    Average linear kinetic energy   = 7.08370439e-19
    Average rotational energy       = 4.307322732e-20
    Average vibrational energy      = 1.970561089e-20
    Average electronic energy       = 0
    Total energy                    = 31.58140073

Stage 1.0  ExecutionTime = 201.52 s  ClockTime = 58 s  Iteration 560 (0.6 s)

Time = 0.000228

    Collision global reduction skipped (rank 0 local diagnostics)
    Collisions                      = 2026
    Collision candidates           = 3317
    Collision acceptance rate      = 0.6107928851

    Number of DSMC particles        = 4128329
    Number of stuck particles       = 0
    Number of free particles        = 4128329
    Average linear kinetic energy   = 7.047950956e-19
    Average rotational energy       = 4.328973673e-20
    Average vibrational energy      = 1.995436724e-20
    Average electronic energy       = 0
    Total energy                    = 31.70718501

Stage 1.0  ExecutionTime = 205.85 s  ClockTime = 59 s  Iteration 570 (0.65 s)

Time = 0.000232

    Collision global reduction skipped (rank 0 local diagnostics)
    Collisions                      = 1970
    Collision candidates           = 3349
    Collision acceptance rate      = 0.5882352941

    Number of DSMC particles        = 4161353
    Number of stuck particles       = 0
    Number of free particles        = 4161353
    Average linear kinetic energy   = 7.013021187e-19
    Average rotational energy       = 4.35021445e-20
    Average vibrational energy      = 2.016473436e-20
    Average electronic energy       = 0
    Total energy                    = 31.83306033

Stage 1.0  ExecutionTime = 210.23 s  ClockTime = 60 s  Iteration 580 (0.64 s)

Time = 0.000236

    Collision global reduction skipped (rank 0 local diagnostics)
    Collisions                      = 1948
    Collision candidates           = 3360
    Collision acceptance rate      = 0.5797619048

    Number of DSMC particles        = 4194542
    Number of stuck particles       = 0
    Number of free particles        = 4194542
    Average linear kinetic energy   = 6.97807344e-19
    Average rotational energy       = 4.367528438e-20
    Average vibrational energy      = 2.039367485e-20
    Average electronic energy       = 0
    Total energy                    = 31.95722153

Stage 1.0  ExecutionTime = 214.73 s  ClockTime = 61 s  Iteration 590 (0.64 s)

Time = 0.00024

    Collision global reduction skipped (rank 0 local diagnostics)
    Collisions                      = 1963
    Collision candidates           = 3365
    Collision acceptance rate      = 0.5833580981


Phase C auto DLB triggered (SAR) at step 600: sar=0.1733437067 loadImbalance=1.231453881 threshold=1.5 particleMaxMin=1
Phase C ParMETIS weights: particles=4227214 activeCells=104144 maxCellParticles=147
Phase C ParMETIS: alpha=1 ncon=1 ubvec=[1.05] moveRatio=0.944807266 (moveT=17.55062222s, collT=1.025253359s)
Phase C ParMETIS: AdaptiveRepart (104151 cells, 1 constraints, ubvec=1.05)
Replicated mesh: rank 0 owns 6662 / 104151 cells
Local mesh: 6662 owned + 209 halo = 6871 / 104151 cells
Phase C ParMETIS AdaptiveRepart: 55982 / 104151 cells changed (0.5375080412)
Phase C auto DLB complete: rebalance #4

    Number of DSMC particles        = 4227214
    Number of stuck particles       = 0
    Number of free particles        = 4227214
    Average linear kinetic energy   = 6.943562193e-19
    Average rotational energy       = 4.381948969e-20
    Average vibrational energy      = 2.06069877e-20
    Average electronic energy       = 0
    Total energy                    = 32.07536838

Stage 1.0  ExecutionTime = 219.97 s  ClockTime = 63 s  Iteration 600 (1.39 s)

Time = 0.000244

    Collision global reduction skipped (rank 0 local diagnostics)
    Collisions                      = 3886
    Collision candidates           = 6507
    Collision acceptance rate      = 0.5972030121

    Number of DSMC particles        = 4258695
    Number of stuck particles       = 0
    Number of free particles        = 4258695
    Average linear kinetic energy   = 6.913871547e-19
    Average rotational energy       = 4.387782629e-20
    Average vibrational energy      = 2.079653181e-20
    Average electronic energy       = 0
    Total energy                    = 32.19835384

Stage 1.0  ExecutionTime = 223.97 s  ClockTime = 64 s  Iteration 610 (0.59 s)

Time = 0.000248

    Collision global reduction skipped (rank 0 local diagnostics)
    Collisions                      = 4096
    Collision candidates           = 6953
    Collision acceptance rate      = 0.589098231

    Number of DSMC particles        = 4291000
    Number of stuck particles       = 0
    Number of free particles        = 4291000
    Average linear kinetic energy   = 6.879598199e-19
    Average rotational energy       = 4.409189086e-20
    Average vibrational energy      = 2.101967323e-20
    Average electronic energy       = 0
    Total energy                    = 32.31429309

Stage 1.0  ExecutionTime = 228.01 s  ClockTime = 65 s  Iteration 620 (0.58 s)

Time = 0.000252

    Collision global reduction skipped (rank 0 local diagnostics)
    Collisions                      = 4244
    Collision candidates           = 7342
    Collision acceptance rate      = 0.5780441297

    Number of DSMC particles        = 4323098
    Number of stuck particles       = 0
    Number of free particles        = 4323098
    Average linear kinetic energy   = 6.845596538e-19
    Average rotational energy       = 4.432131181e-20
    Average vibrational energy      = 2.125155554e-20
    Average electronic energy       = 0
    Total energy                    = 32.42896402

Stage 1.0  ExecutionTime = 232.12 s  ClockTime = 66 s  Iteration 630 (0.59 s)

Time = 0.000256

    Collision global reduction skipped (rank 0 local diagnostics)
    Collisions                      = 4353
    Collision candidates           = 7628
    Collision acceptance rate      = 0.5706607236

    Number of DSMC particles        = 4355528
    Number of stuck particles       = 0
    Number of free particles        = 4355528
    Average linear kinetic energy   = 6.814547277e-19
    Average rotational energy       = 4.444417126e-20
    Average vibrational energy      = 2.142096469e-20
    Average electronic energy       = 0
    Total energy                    = 32.54972591

Stage 1.0  ExecutionTime = 236.23 s  ClockTime = 67 s  Iteration 640 (0.59 s)

Time = 0.00026

    Collision global reduction skipped (rank 0 local diagnostics)
    Collisions                      = 4441
    Collision candidates           = 7871
    Collision acceptance rate      = 0.5642230974

    Number of DSMC particles        = 4387037
    Number of stuck particles       = 0
    Number of free particles        = 4387037
    Average linear kinetic energy   = 6.782727808e-19
    Average rotational energy       = 4.459659935e-20
    Average vibrational energy      = 2.160212892e-20
    Average electronic energy       = 0
    Total energy                    = 32.66024056

Stage 1.0  ExecutionTime = 240.42 s  ClockTime = 68 s  Iteration 650 (0.63 s)

Time = 0.000264

    Collision global reduction skipped (rank 0 local diagnostics)
    Collisions                      = 4694
    Collision candidates           = 8293
    Collision acceptance rate      = 0.5660195345

    Number of DSMC particles        = 4418305
    Number of stuck particles       = 0
    Number of free particles        = 4418305
    Average linear kinetic energy   = 6.750487997e-19
    Average rotational energy       = 4.480589689e-20
    Average vibrational energy      = 2.1812164e-20
    Average electronic energy       = 0
    Total energy                    = 32.76910398

Stage 1.0  ExecutionTime = 244.6 s  ClockTime = 69 s  Iteration 660 (0.6 s)

Time = 0.000268

    Collision global reduction skipped (rank 0 local diagnostics)
    Collisions                      = 4825
    Collision candidates           = 8618
    Collision acceptance rate      = 0.5598746809

    Number of DSMC particles        = 4449769
    Number of stuck particles       = 0
    Number of free particles        = 4449769
    Average linear kinetic energy   = 6.719378817e-19
    Average rotational energy       = 4.492351835e-20
    Average vibrational energy      = 2.198137132e-20
    Average electronic energy       = 0
    Total energy                    = 32.8767966

Stage 1.0  ExecutionTime = 248.81 s  ClockTime = 70 s  Iteration 670 (0.63 s)

Time = 0.000272

    Collision global reduction skipped (rank 0 local diagnostics)
    Collisions                      = 4918
    Collision candidates           = 8867
    Collision acceptance rate      = 0.554640803

    Number of DSMC particles        = 4481041
    Number of stuck particles       = 0
    Number of free particles        = 4481041
    Average linear kinetic energy   = 6.689315515e-19
    Average rotational energy       = 4.507043292e-20
    Average vibrational energy      = 2.216015601e-20
    Average electronic energy       = 0
    Total energy                    = 32.98772734

Stage 1.0  ExecutionTime = 253.06 s  ClockTime = 71 s  Iteration 680 (0.6 s)

Time = 0.000276

    Collision global reduction skipped (rank 0 local diagnostics)
    Collisions                      = 5116
    Collision candidates           = 9267
    Collision acceptance rate      = 0.5520664724

    Number of DSMC particles        = 4511984
    Number of stuck particles       = 0
    Number of free particles        = 4511984
    Average linear kinetic energy   = 6.659744335e-19
    Average rotational energy       = 4.522337517e-20
    Average vibrational energy      = 2.233606425e-20
    Average electronic energy       = 0
    Total energy                    = 33.09693098

Stage 1.0  ExecutionTime = 257.44 s  ClockTime = 72 s  Iteration 690 (0.64 s)

Time = 0.00028

    Collision global reduction skipped (rank 0 local diagnostics)
    Collisions                      = 5253
    Collision candidates           = 9614
    Collision acceptance rate      = 0.5463906803

    Number of DSMC particles        = 4542918
    Number of stuck particles       = 0
    Number of free particles        = 4542918
    Average linear kinetic energy   = 6.629771535e-19
    Average rotational energy       = 4.536714169e-20
    Average vibrational energy      = 2.250183202e-20
    Average electronic energy       = 0
    Total energy                    = 33.20174027

Stage 1.0  ExecutionTime = 261.91 s  ClockTime = 73 s  Iteration 700 (0.71 s)

Time = 0.000284

    Collision global reduction skipped (rank 0 local diagnostics)
    Collisions                      = 5525
    Collision candidates           = 10002
    Collision acceptance rate      = 0.5523895221

    Number of DSMC particles        = 4573865
    Number of stuck particles       = 0
    Number of free particles        = 4573865
    Average linear kinetic energy   = 6.602171439e-19
    Average rotational energy       = 4.545093145e-20
    Average vibrational energy      = 2.268184151e-20
    Average electronic energy       = 0
    Total energy                    = 33.31374192

Stage 1.0  ExecutionTime = 266.29 s  ClockTime = 74 s  Iteration 710 (0.64 s)

Time = 0.000288

    Collision global reduction skipped (rank 0 local diagnostics)
    Collisions                      = 5567
    Collision candidates           = 10248
    Collision acceptance rate      = 0.5432279469

    Number of DSMC particles        = 4604061
    Number of stuck particles       = 0
    Number of free particles        = 4604061
    Average linear kinetic energy   = 6.573425797e-19
    Average rotational energy       = 4.559161469e-20
    Average vibrational energy      = 2.285350448e-20
    Average electronic energy       = 0
    Total energy                    = 33.41570839

Stage 1.0  ExecutionTime = 270.83 s  ClockTime = 76 s  Iteration 720 (0.66 s)

Time = 0.000292

    Collision global reduction skipped (rank 0 local diagnostics)
    Collisions                      = 5863
    Collision candidates           = 10733
    Collision acceptance rate      = 0.5462592006

    Number of DSMC particles        = 4634327
    Number of stuck particles       = 0
    Number of free particles        = 4634327
    Average linear kinetic energy   = 6.545993899e-19
    Average rotational energy       = 4.574339512e-20
    Average vibrational energy      = 2.301207257e-20
    Average electronic energy       = 0
    Total energy                    = 33.52262947

Stage 1.0  ExecutionTime = 275.35 s  ClockTime = 77 s  Iteration 730 (0.66 s)

Time = 0.000296

    Collision global reduction skipped (rank 0 local diagnostics)
    Collisions                      = 6040
    Collision candidates           = 11076
    Collision acceptance rate      = 0.5453232214

    Number of DSMC particles        = 4664437
    Number of stuck particles       = 0
    Number of free particles        = 4664437
    Average linear kinetic energy   = 6.517972501e-19
    Average rotational energy       = 4.580514037e-20
    Average vibrational energy      = 2.31604073e-20
    Average electronic energy       = 0
    Total energy                    = 33.61952662

Stage 1.0  ExecutionTime = 279.93 s  ClockTime = 78 s  Iteration 740 (0.65 s)

Time = 0.0003

    Collision global reduction skipped (rank 0 local diagnostics)
    Collisions                      = 6188
    Collision candidates           = 11330
    Collision acceptance rate      = 0.5461606355


Phase C auto DLB triggered (SAR) at step 750: sar=0.0005750465001 loadImbalance=1.176814102 threshold=1.5 particleMaxMin=1
Phase C ParMETIS weights: particles=4694738 activeCells=104149 maxCellParticles=171
Phase C ParMETIS: alpha=1 ncon=1 ubvec=[1.05] moveRatio=0.9411906819 (moveT=24.45414853s, collT=1.527991966s)
Phase C ParMETIS: AdaptiveRepart (104151 cells, 1 constraints, ubvec=1.05)
Replicated mesh: rank 0 owns 7240 / 104151 cells
Local mesh: 7240 owned + 176 halo = 7416 / 104151 cells
Phase C ParMETIS AdaptiveRepart: 54262 / 104151 cells changed (0.5209935574)
Phase C auto DLB complete: rebalance #5

    Number of DSMC particles        = 4694738
    Number of stuck particles       = 0
    Number of free particles        = 4694738
    Average linear kinetic energy   = 6.491322589e-19
    Average rotational energy       = 4.584664442e-20
    Average vibrational energy      = 2.332322736e-20
    Average electronic energy       = 0
    Total energy                    = 33.72240308

Stage 1.0  ExecutionTime = 285.29 s  ClockTime = 79 s  Iteration 750 (1.4 s)

Time = 0.000304

    Collision global reduction skipped (rank 0 local diagnostics)
    Collisions                      = 5736
    Collision candidates           = 9935
    Collision acceptance rate      = 0.5773527932

    Number of DSMC particles        = 4723878
    Number of stuck particles       = 0
    Number of free particles        = 4723878
    Average linear kinetic energy   = 6.468483281e-19
    Average rotational energy       = 4.587075932e-20
    Average vibrational energy      = 2.342377994e-20
    Average electronic energy       = 0
    Total energy                    = 33.82971536

Stage 1.0  ExecutionTime = 289.92 s  ClockTime = 80 s  Iteration 760 (0.68 s)

Time = 0.000308

    Collision global reduction skipped (rank 0 local diagnostics)
    Collisions                      = 6225
    Collision candidates           = 10998
    Collision acceptance rate      = 0.5660120022

    Number of DSMC particles        = 4753613
    Number of stuck particles       = 0
    Number of free particles        = 4753613
    Average linear kinetic energy   = 6.441400888e-19
    Average rotational energy       = 4.602113716e-20
    Average vibrational energy      = 2.358702489e-20
    Average electronic energy       = 0
    Total energy                    = 33.92882964

Stage 1.0  ExecutionTime = 294.54 s  ClockTime = 82 s  Iteration 770 (0.66 s)

Time = 0.000312

    Collision global reduction skipped (rank 0 local diagnostics)
    Collisions                      = 6647
    Collision candidates           = 11938
    Collision acceptance rate      = 0.5567934327

    Number of DSMC particles        = 4782846
    Number of stuck particles       = 0
    Number of free particles        = 4782846
    Average linear kinetic energy   = 6.415065716e-19
    Average rotational energy       = 4.613549001e-20
    Average vibrational energy      = 2.374870963e-20
    Average electronic energy       = 0
    Total energy                    = 34.02472505

Stage 1.0  ExecutionTime = 299.24 s  ClockTime = 83 s  Iteration 780 (0.68 s)

Time = 0.000316

    Collision global reduction skipped (rank 0 local diagnostics)
    Collisions                      = 7157
    Collision candidates           = 12911
    Collision acceptance rate      = 0.5543335141

    Number of DSMC particles        = 4812697
    Number of stuck particles       = 0
    Number of free particles        = 4812697
    Average linear kinetic energy   = 6.388787519e-19
    Average rotational energy       = 4.621898558e-20
    Average vibrational energy      = 2.38513179e-20
    Average electronic energy       = 0
    Total energy                    = 34.11956992

Stage 1.0  ExecutionTime = 303.95 s  ClockTime = 84 s  Iteration 790 (0.67 s)

Time = 0.00032

    Collision global reduction skipped (rank 0 local diagnostics)
    Collisions                      = 7776
    Collision candidates           = 13924
    Collision acceptance rate      = 0.5584602126

    Number of DSMC particles        = 4841995
    Number of stuck particles       = 0
    Number of free particles        = 4841995
    Average linear kinetic energy   = 6.363522747e-19
    Average rotational energy       = 4.63128225e-20
    Average vibrational energy      = 2.397998693e-20
    Average electronic energy       = 0
    Total energy                    = 34.21571964

Stage 1.0  ExecutionTime = 308.78 s  ClockTime = 85 s  Iteration 800 (0.74 s)

Time = 0.000324

    Collision global reduction skipped (rank 0 local diagnostics)
    Collisions                      = 8125
    Collision candidates           = 14791
    Collision acceptance rate      = 0.5493205328

    Number of DSMC particles        = 4870889
    Number of stuck particles       = 0
    Number of free particles        = 4870889
    Average linear kinetic energy   = 6.337999848e-19
    Average rotational energy       = 4.644919308e-20
    Average vibrational energy      = 2.412324192e-20
    Average electronic energy       = 0
    Total energy                    = 34.30919872

Stage 1.0  ExecutionTime = 313.61 s  ClockTime = 86 s  Iteration 810 (0.69 s)

Time = 0.000328

    Collision global reduction skipped (rank 0 local diagnostics)
    Collisions                      = 8780
    Collision candidates           = 15800
    Collision acceptance rate      = 0.5556962025

    Number of DSMC particles        = 4899713
    Number of stuck particles       = 0
    Number of free particles        = 4899713
    Average linear kinetic energy   = 6.313820928e-19
    Average rotational energy       = 4.655680646e-20
    Average vibrational energy      = 2.427143879e-20
    Average electronic energy       = 0
    Total energy                    = 34.40629122

Stage 1.0  ExecutionTime = 318.46 s  ClockTime = 88 s  Iteration 820 (0.69 s)

Time = 0.000332

    Collision global reduction skipped (rank 0 local diagnostics)
    Collisions                      = 9297
    Collision candidates           = 16884
    Collision acceptance rate      = 0.5506396588

    Number of DSMC particles        = 4928268
    Number of stuck particles       = 0
    Number of free particles        = 4928268
    Average linear kinetic energy   = 6.290230228e-19
    Average rotational energy       = 4.661384173e-20
    Average vibrational energy      = 2.439485638e-20
    Average electronic energy       = 0
    Total energy                    = 34.49943929

Stage 1.0  ExecutionTime = 323.36 s  ClockTime = 89 s  Iteration 830 (0.69 s)

Time = 0.000336

    Collision global reduction skipped (rank 0 local diagnostics)
    Collisions                      = 9856
    Collision candidates           = 17888
    Collision acceptance rate      = 0.5509838998

    Number of DSMC particles        = 4956787
    Number of stuck particles       = 0
    Number of free particles        = 4956787
    Average linear kinetic energy   = 6.266641957e-19
    Average rotational energy       = 4.667283329e-20
    Average vibrational energy      = 2.451876112e-20
    Average electronic energy       = 0
    Total energy                    = 34.59122508

Stage 1.0  ExecutionTime = 328.32 s  ClockTime = 90 s  Iteration 840 (0.7 s)

Time = 0.00034

    Collision global reduction skipped (rank 0 local diagnostics)
    Collisions                      = 10287
    Collision candidates           = 18839
    Collision acceptance rate      = 0.5460480917

    Number of DSMC particles        = 4984864
    Number of stuck particles       = 0
    Number of free particles        = 4984864
    Average linear kinetic energy   = 6.243400253e-19
    Average rotational energy       = 4.672699669e-20
    Average vibrational energy      = 2.464141762e-20
    Average electronic energy       = 0
    Total energy                    = 34.68011955

Stage 1.0  ExecutionTime = 333.39 s  ClockTime = 91 s  Iteration 850 (0.75 s)

Time = 0.000344

    Collision global reduction skipped (rank 0 local diagnostics)
    Collisions                      = 10646
    Collision candidates           = 19732
    Collision acceptance rate      = 0.539529698

    Number of DSMC particles        = 5012571
    Number of stuck particles       = 0
    Number of free particles        = 5012571
    Average linear kinetic energy   = 6.219969821e-19
    Average rotational energy       = 4.677825838e-20
    Average vibrational energy      = 2.475453007e-20
    Average electronic energy       = 0
    Total energy                    = 34.76367216

Stage 1.0  ExecutionTime = 338.43 s  ClockTime = 93 s  Iteration 860 (0.7 s)

Time = 0.000348

    Collision global reduction skipped (rank 0 local diagnostics)
    Collisions                      = 11329
    Collision candidates           = 20857
    Collision acceptance rate      = 0.5431749533

    Number of DSMC particles        = 5040648
    Number of stuck particles       = 0
    Number of free particles        = 5040648
    Average linear kinetic energy   = 6.197110925e-19
    Average rotational energy       = 4.68901013e-20
    Average vibrational energy      = 2.487112583e-20
    Average electronic energy       = 0
    Total energy                    = 34.85468565

Stage 1.0  ExecutionTime = 343.5 s  ClockTime = 94 s  Iteration 870 (0.71 s)

Time = 0.000352

    Collision global reduction skipped (rank 0 local diagnostics)
    Collisions                      = 11627
    Collision candidates           = 21733
    Collision acceptance rate      = 0.534992868

    Number of DSMC particles        = 5068081
    Number of stuck particles       = 0
    Number of free particles        = 5068081
    Average linear kinetic energy   = 6.174251971e-19
    Average rotational energy       = 4.701554011e-20
    Average vibrational energy      = 2.500543443e-20
    Average electronic energy       = 0
    Total energy                    = 34.94169043

Stage 1.0  ExecutionTime = 348.62 s  ClockTime = 95 s  Iteration 880 (0.69 s)

Time = 0.000356

    Collision global reduction skipped (rank 0 local diagnostics)
    Collisions                      = 12392
    Collision candidates           = 22772
    Collision acceptance rate      = 0.5441770595

    Number of DSMC particles        = 5095529
    Number of stuck particles       = 0
    Number of free particles        = 5095529
    Average linear kinetic energy   = 6.152742152e-19
    Average rotational energy       = 4.706795892e-20
    Average vibrational energy      = 2.510862694e-20
    Average electronic energy       = 0
    Total energy                    = 35.02925493

Stage 1.0  ExecutionTime = 353.77 s  ClockTime = 96 s  Iteration 890 (0.7 s)

Time = 0.00036

    Collision global reduction skipped (rank 0 local diagnostics)
    Collisions                      = 12778
    Collision candidates           = 23687
    Collision acceptance rate      = 0.5394520201

    Number of DSMC particles        = 5122912
    Number of stuck particles       = 0
    Number of free particles        = 5122912
    Average linear kinetic energy   = 6.130818442e-19
    Average rotational energy       = 4.715767522e-20
    Average vibrational energy      = 2.519362407e-20
    Average electronic energy       = 0
    Total energy                    = 35.11413676

Stage 1.0  ExecutionTime = 359.08 s  ClockTime = 98 s  Iteration 900 (0.79 s)

Time = 0.000364

    Collision global reduction skipped (rank 0 local diagnostics)
    Collisions                      = 13336
    Collision candidates           = 24546
    Collision acceptance rate      = 0.543306445

    Number of DSMC particles        = 5150062
    Number of stuck particles       = 0
    Number of free particles        = 5150062
    Average linear kinetic energy   = 6.109419593e-19
    Average rotational energy       = 4.716921716e-20
    Average vibrational energy      = 2.530572784e-20
    Average electronic energy       = 0
    Total energy                    = 35.19639429

Stage 1.0  ExecutionTime = 364.34 s  ClockTime = 99 s  Iteration 910 (0.72 s)

Time = 0.000368

    Collision global reduction skipped (rank 0 local diagnostics)
    Collisions                      = 13624
    Collision candidates           = 25482
    Collision acceptance rate      = 0.5346519112

    Number of DSMC particles        = 5177528
    Number of stuck particles       = 0
    Number of free particles        = 5177528
    Average linear kinetic energy   = 6.088527932e-19
    Average rotational energy       = 4.72354837e-20
    Average vibrational energy      = 2.541175442e-20
    Average electronic energy       = 0
    Total energy                    = 35.28485494

Stage 1.0  ExecutionTime = 369.62 s  ClockTime = 100 s  Iteration 920 (0.72 s)

Time = 0.000372

    Collision global reduction skipped (rank 0 local diagnostics)
    Collisions                      = 14143
    Collision candidates           = 26392
    Collision acceptance rate      = 0.5358820855

    Number of DSMC particles        = 5204370
    Number of stuck particles       = 0
    Number of free particles        = 5204370
    Average linear kinetic energy   = 6.067674864e-19
    Average rotational energy       = 4.72961639e-20
    Average vibrational energy      = 2.549801577e-20
    Average electronic energy       = 0
    Total energy                    = 35.36690348

Stage 1.0  ExecutionTime = 374.91 s  ClockTime = 102 s  Iteration 930 (0.71 s)

Time = 0.000376

    Collision global reduction skipped (rank 0 local diagnostics)
    Collisions                      = 14691
    Collision candidates           = 27381
    Collision acceptance rate      = 0.5365399365

    Number of DSMC particles        = 5231161
    Number of stuck particles       = 0
    Number of free particles        = 5231161
    Average linear kinetic energy   = 6.046515324e-19
    Average rotational energy       = 4.736249334e-20
    Average vibrational energy      = 2.56132584e-20
    Average electronic energy       = 0
    Total energy                    = 35.44777421

Stage 1.0  ExecutionTime = 380.25 s  ClockTime = 103 s  Iteration 940 (0.73 s)

Time = 0.00038

    Collision global reduction skipped (rank 0 local diagnostics)
    Collisions                      = 15239
    Collision candidates           = 28408
    Collision acceptance rate      = 0.536433399

    Number of DSMC particles        = 5257943
    Number of stuck particles       = 0
    Number of free particles        = 5257943
    Average linear kinetic energy   = 6.027512811e-19
    Average rotational energy       = 4.73729231e-20
    Average vibrational energy      = 2.568341315e-20
    Average electronic energy       = 0
    Total energy                    = 35.53357931

Stage 1.0  ExecutionTime = 385.77 s  ClockTime = 105 s  Iteration 950 (0.81 s)

Time = 0.000384

    Collision global reduction skipped (rank 0 local diagnostics)
    Collisions                      = 15707
    Collision candidates           = 29266
    Collision acceptance rate      = 0.5366978747

    Number of DSMC particles        = 5284104
    Number of stuck particles       = 0
    Number of free particles        = 5284104
    Average linear kinetic energy   = 6.007546978e-19
    Average rotational energy       = 4.736981189e-20
    Average vibrational energy      = 2.576303885e-20
    Average electronic energy       = 0
    Total energy                    = 35.60891891

Stage 1.0  ExecutionTime = 391.22 s  ClockTime = 106 s  Iteration 960 (0.74 s)

Time = 0.000388

    Collision global reduction skipped (rank 0 local diagnostics)
    Collisions                      = 16134
    Collision candidates           = 30308
    Collision acceptance rate      = 0.5323346971

    Number of DSMC particles        = 5310436
    Number of stuck particles       = 0
    Number of free particles        = 5310436
    Average linear kinetic energy   = 5.987435604e-19
    Average rotational energy       = 4.742403419e-20
    Average vibrational energy      = 2.587210977e-20
    Average electronic energy       = 0
    Total energy                    = 35.68823839

Stage 1.0  ExecutionTime = 396.71 s  ClockTime = 107 s  Iteration 970 (0.74 s)

Time = 0.000392

    Collision global reduction skipped (rank 0 local diagnostics)
    Collisions                      = 16703
    Collision candidates           = 31473
    Collision acceptance rate      = 0.5307088616

    Number of DSMC particles        = 5336708
    Number of stuck particles       = 0
    Number of free particles        = 5336708
    Average linear kinetic energy   = 5.968115807e-19
    Average rotational energy       = 4.748763533e-20
    Average vibrational energy      = 2.595831182e-20
    Average electronic energy       = 0
    Total energy                    = 35.76968711

Stage 1.0  ExecutionTime = 402.22 s  ClockTime = 109 s  Iteration 980 (0.76 s)

Time = 0.000396

    Collision global reduction skipped (rank 0 local diagnostics)
    Collisions                      = 17159
    Collision candidates           = 32299
    Collision acceptance rate      = 0.5312548376

    Number of DSMC particles        = 5362549
    Number of stuck particles       = 0
    Number of free particles        = 5362549
    Average linear kinetic energy   = 5.949636918e-19
    Average rotational energy       = 4.750072557e-20
    Average vibrational energy      = 2.603660743e-20
    Average electronic energy       = 0
    Total energy                    = 35.84869502

Stage 1.0  ExecutionTime = 407.79 s  ClockTime = 110 s  Iteration 990 (0.76 s)

Time = 0.0004

    Collision global reduction skipped (rank 0 local diagnostics)
    Collisions                      = 17656
    Collision candidates           = 33331
    Collision acceptance rate      = 0.5297170802

    Number of DSMC particles        = 5388194
    Number of stuck particles       = 0
    Number of free particles        = 5388194
    Average linear kinetic energy   = 5.931112415e-19
    Average rotational energy       = 4.75777686e-20
    Average vibrational energy      = 2.610777772e-20
    Average electronic energy       = 0
    Total energy                    = 35.92830451

Stage 1.0  ExecutionTime = 413.57 s  ClockTime = 112 s  Iteration 1000 (0.84 s)

Time = 0.000404

    Collision global reduction skipped (rank 0 local diagnostics)
    Collisions                      = 18062
    Collision candidates           = 34215
    Collision acceptance rate      = 0.5278971211

    Number of DSMC particles        = 5413868
    Number of stuck particles       = 0
    Number of free particles        = 5413868
    Average linear kinetic energy   = 5.912516316e-19
    Average rotational energy       = 4.763015926e-20
    Average vibrational energy      = 2.618679986e-20
    Average electronic energy       = 0
    Total energy                    = 36.00593561

Stage 1.0  ExecutionTime = 419.18 s  ClockTime = 113 s  Iteration 1010 (0.75 s)

Time = 0.000408

    Collision global reduction skipped (rank 0 local diagnostics)
    Collisions                      = 18657
    Collision candidates           = 35161
    Collision acceptance rate      = 0.5306163078

    Number of DSMC particles        = 5439036
    Number of stuck particles       = 0
    Number of free particles        = 5439036
    Average linear kinetic energy   = 5.894432598e-19
    Average rotational energy       = 4.76518433e-20
    Average vibrational energy      = 2.62695157e-20
    Average electronic energy       = 0
    Total energy                    = 36.08064043

Stage 1.0  ExecutionTime = 424.86 s  ClockTime = 114 s  Iteration 1020 (0.78 s)

Time = 0.000412

    Collision global reduction skipped (rank 0 local diagnostics)
    Collisions                      = 19024
    Collision candidates           = 36129
    Collision acceptance rate      = 0.526557613

    Number of DSMC particles        = 5464189
    Number of stuck particles       = 0
    Number of free particles        = 5464189
    Average linear kinetic energy   = 5.876305383e-19
    Average rotational energy       = 4.772700118e-20
    Average vibrational energy      = 2.635964825e-20
    Average electronic energy       = 0
    Total energy                    = 36.15747778

Stage 1.0  ExecutionTime = 430.58 s  ClockTime = 116 s  Iteration 1030 (0.77 s)

Time = 0.000416

    Collision global reduction skipped (rank 0 local diagnostics)
    Collisions                      = 19704
    Collision candidates           = 36965
    Collision acceptance rate      = 0.5330447721

    Number of DSMC particles        = 5489397
    Number of stuck particles       = 0
    Number of free particles        = 5489397
    Average linear kinetic energy   = 5.859138653e-19
    Average rotational energy       = 4.777149125e-20
    Average vibrational energy      = 2.64425545e-20
    Average electronic energy       = 0
    Total energy                    = 36.23704174

Stage 1.0  ExecutionTime = 436.31 s  ClockTime = 117 s  Iteration 1040 (0.77 s)

Time = 0.00042

    Collision global reduction skipped (rank 0 local diagnostics)
    Collisions                      = 20062
    Collision candidates           = 37979
    Collision acceptance rate      = 0.5282392901


Phase C auto DLB triggered (SAR) at step 1050: sar=0.0494971122 loadImbalance=1.156712531 threshold=1.5 particleMaxMin=1
Phase C ParMETIS weights: particles=5514702 activeCells=104150 maxCellParticles=205
Phase C ParMETIS: alpha=1 ncon=1 ubvec=[1.05] moveRatio=0.9278670112 (moveT=42.50987827s, collT=3.304745761s)
Phase C ParMETIS: AdaptiveRepart (104151 cells, 1 constraints, ubvec=1.05)
Replicated mesh: rank 0 owns 6889 / 104151 cells
Local mesh: 6889 owned + 180 halo = 7069 / 104151 cells
Phase C ParMETIS AdaptiveRepart: 36830 / 104151 cells changed (0.3536211846)
Phase C auto DLB complete: rebalance #6

    Number of DSMC particles        = 5514702
    Number of stuck particles       = 0
    Number of free particles        = 5514702
    Average linear kinetic energy   = 5.841331511e-19
    Average rotational energy       = 4.782439987e-20
    Average vibrational energy      = 2.651621355e-20
    Average electronic energy       = 0
    Total energy                    = 36.31286586

Stage 1.0  ExecutionTime = 442.93 s  ClockTime = 119 s  Iteration 1050 (1.59 s)

Time = 0.000424

    Collision global reduction skipped (rank 0 local diagnostics)
    Collisions                      = 15808
    Collision candidates           = 29819
    Collision acceptance rate      = 0.5301317952

    Number of DSMC particles        = 5539187
    Number of stuck particles       = 0
    Number of free particles        = 5539187
    Average linear kinetic energy   = 5.826022513e-19
    Average rotational energy       = 4.78112629e-20
    Average vibrational energy      = 2.657174025e-20
    Average electronic energy       = 0
    Total energy                    = 36.39164181

Stage 1.0  ExecutionTime = 448.34 s  ClockTime = 120 s  Iteration 1060 (0.71 s)

Time = 0.000428

    Collision global reduction skipped (rank 0 local diagnostics)
    Collisions                      = 16349
    Collision candidates           = 30648
    Collision acceptance rate      = 0.5334442704

    Number of DSMC particles        = 5563531
    Number of stuck particles       = 0
    Number of free particles        = 5563531
    Average linear kinetic energy   = 5.809001329e-19
    Average rotational energy       = 4.783906173e-20
    Average vibrational energy      = 2.663716322e-20
    Average electronic energy       = 0
    Total energy                    = 36.46206684

Stage 1.0  ExecutionTime = 453.75 s  ClockTime = 122 s  Iteration 1070 (0.73 s)

Time = 0.000432

    Collision global reduction skipped (rank 0 local diagnostics)
    Collisions                      = 16648
    Collision candidates           = 31656
    Collision acceptance rate      = 0.5259034622

    Number of DSMC particles        = 5588178
    Number of stuck particles       = 0
    Number of free particles        = 5588178
    Average linear kinetic energy   = 5.791376414e-19
    Average rotational energy       = 4.790086042e-20
    Average vibrational energy      = 2.671738047e-20
    Average electronic energy       = 0
    Total energy                    = 36.53304239

Stage 1.0  ExecutionTime = 459.21 s  ClockTime = 123 s  Iteration 1080 (0.74 s)

Time = 0.000436

    Collision global reduction skipped (rank 0 local diagnostics)
    Collisions                      = 17092
    Collision candidates           = 32636
    Collision acceptance rate      = 0.5237161417

    Number of DSMC particles        = 5612538
    Number of stuck particles       = 0
    Number of free particles        = 5612538
    Average linear kinetic energy   = 5.774151197e-19
    Average rotational energy       = 4.80007721e-20
    Average vibrational energy      = 2.679124788e-20
    Average electronic energy       = 0
    Total energy                    = 36.60537355

Stage 1.0  ExecutionTime = 464.72 s  ClockTime = 124 s  Iteration 1090 (0.74 s)

Time = 0.00044

    Collision global reduction skipped (rank 0 local diagnostics)
    Collisions                      = 17774
    Collision candidates           = 33655
    Collision acceptance rate      = 0.5281236072

    Number of DSMC particles        = 5636854
    Number of stuck particles       = 0
    Number of free particles        = 5636854
    Average linear kinetic energy   = 5.757803119e-19
    Average rotational energy       = 4.800287378e-20
    Average vibrational energy      = 2.684594787e-20
    Average electronic energy       = 0
    Total energy                    = 36.67501434

Stage 1.0  ExecutionTime = 470.38 s  ClockTime = 126 s  Iteration 1100 (0.85 s)

Time = 0.000444

    Collision global reduction skipped (rank 0 local diagnostics)
    Collisions                      = 18234
    Collision candidates           = 34668
    Collision acceptance rate      = 0.52596054

    Number of DSMC particles        = 5661146
    Number of stuck particles       = 0
    Number of free particles        = 5661146
    Average linear kinetic energy   = 5.741458387e-19
    Average rotational energy       = 4.800764594e-20
    Average vibrational energy      = 2.691663076e-20
    Average electronic energy       = 0
    Total energy                    = 36.74480687

Stage 1.0  ExecutionTime = 476.03 s  ClockTime = 127 s  Iteration 1110 (0.78 s)

Time = 0.000448

    Collision global reduction skipped (rank 0 local diagnostics)
    Collisions                      = 18576
    Collision candidates           = 35509
    Collision acceptance rate      = 0.5231349799

    Number of DSMC particles        = 5685321
    Number of stuck particles       = 0
    Number of free particles        = 5685321
    Average linear kinetic energy   = 5.724869431e-19
    Average rotational energy       = 4.807805101e-20
    Average vibrational energy      = 2.697883749e-20
    Average electronic energy       = 0
    Total energy                    = 36.81494544

Stage 1.0  ExecutionTime = 481.72 s  ClockTime = 129 s  Iteration 1120 (0.78 s)

Time = 0.000452

    Collision global reduction skipped (rank 0 local diagnostics)
    Collisions                      = 19197
    Collision candidates           = 36540
    Collision acceptance rate      = 0.5253694581

    Number of DSMC particles        = 5708719
    Number of stuck particles       = 0
    Number of free particles        = 5708719
    Average linear kinetic energy   = 5.709410607e-19
    Average rotational energy       = 4.808935184e-20
    Average vibrational energy      = 2.702786104e-20
    Average electronic energy       = 0
    Total energy                    = 36.88165141

Stage 1.0  ExecutionTime = 487.45 s  ClockTime = 130 s  Iteration 1130 (0.8 s)

Time = 0.000456

    Collision global reduction skipped (rank 0 local diagnostics)
    Collisions                      = 19790
    Collision candidates           = 37443
    Collision acceptance rate      = 0.5285367091

    Number of DSMC particles        = 5732360
    Number of stuck particles       = 0
    Number of free particles        = 5732360
    Average linear kinetic energy   = 5.693877242e-19
    Average rotational energy       = 4.811297201e-20
    Average vibrational energy      = 2.707587967e-20
    Average electronic energy       = 0
    Total energy                    = 36.94944981

Stage 1.0  ExecutionTime = 493.21 s  ClockTime = 132 s  Iteration 1140 (0.81 s)

Time = 0.00046

    Collision global reduction skipped (rank 0 local diagnostics)
    Collisions                      = 20191
    Collision candidates           = 38422
    Collision acceptance rate      = 0.5255062204

    Number of DSMC particles        = 5755879
    Number of stuck particles       = 0
    Number of free particles        = 5755879
    Average linear kinetic energy   = 5.678244189e-19
    Average rotational energy       = 4.814843394e-20
    Average vibrational energy      = 2.713865783e-20
    Average electronic energy       = 0
    Total energy                    = 37.01672039

Stage 1.0  ExecutionTime = 499.04 s  ClockTime = 133 s  Iteration 1150 (0.88 s)

Time = 0.000464

    Collision global reduction skipped (rank 0 local diagnostics)
    Collisions                      = 20428
    Collision candidates           = 39292
    Collision acceptance rate      = 0.5199022702

    Number of DSMC particles        = 5779236
    Number of stuck particles       = 0
    Number of free particles        = 5779236
    Average linear kinetic energy   = 5.662971244e-19
    Average rotational energy       = 4.820324573e-20
    Average vibrational energy      = 2.721183815e-20
    Average electronic energy       = 0
    Total energy                    = 37.08606296

Stage 1.0  ExecutionTime = 504.78 s  ClockTime = 135 s  Iteration 1160 (0.78 s)

Time = 0.000468

    Collision global reduction skipped (rank 0 local diagnostics)
    Collisions                      = 21163
    Collision candidates           = 40245
    Collision acceptance rate      = 0.5258541434

    Number of DSMC particles        = 5802704
    Number of stuck particles       = 0
    Number of free particles        = 5802704
    Average linear kinetic energy   = 5.648137114e-19
    Average rotational energy       = 4.823910621e-20
    Average vibrational energy      = 2.727144061e-20
    Average electronic energy       = 0
    Total energy                    = 37.15612134

Stage 1.0  ExecutionTime = 510.61 s  ClockTime = 136 s  Iteration 1170 (0.78 s)

Time = 0.000472

    Collision global reduction skipped (rank 0 local diagnostics)
    Collisions                      = 21413
    Collision candidates           = 41088
    Collision acceptance rate      = 0.5211497274

    Number of DSMC particles        = 5825480
    Number of stuck particles       = 0
    Number of free particles        = 5825480
    Average linear kinetic energy   = 5.633643142e-19
    Average rotational energy       = 4.826464574e-20
    Average vibrational energy      = 2.733895002e-20
    Average electronic energy       = 0
    Total energy                    = 37.2229478

Stage 1.0  ExecutionTime = 516.45 s  ClockTime = 138 s  Iteration 1180 (0.82 s)

Time = 0.000476

    Collision global reduction skipped (rank 0 local diagnostics)
    Collisions                      = 21757
    Collision candidates           = 41886
    Collision acceptance rate      = 0.519433701

    Number of DSMC particles        = 5848342
    Number of stuck particles       = 0
    Number of free particles        = 5848342
    Average linear kinetic energy   = 5.618526486e-19
    Average rotational energy       = 4.832486841e-20
    Average vibrational energy      = 2.739530292e-20
    Average electronic energy       = 0
    Total energy                    = 37.28743901

Stage 1.0  ExecutionTime = 522.32 s  ClockTime = 139 s  Iteration 1190 (0.79 s)

Time = 0.00048

    Collision global reduction skipped (rank 0 local diagnostics)
    Collisions                      = 22107
    Collision candidates           = 42780
    Collision acceptance rate      = 0.5167601683

    Number of DSMC particles        = 5871096
    Number of stuck particles       = 0
    Number of free particles        = 5871096
    Average linear kinetic energy   = 5.604581913e-19
    Average rotational energy       = 4.831226011e-20
    Average vibrational energy      = 2.744049586e-20
    Average electronic energy       = 0
    Total energy                    = 37.35255548

Stage 1.0  ExecutionTime = 528.33 s  ClockTime = 141 s  Iteration 1200 (0.93 s)

Time = 0.000484

    Collision global reduction skipped (rank 0 local diagnostics)
    Collisions                      = 22789
    Collision candidates           = 43814
    Collision acceptance rate      = 0.5201305519

    Number of DSMC particles        = 5893972
    Number of stuck particles       = 0
    Number of free particles        = 5893972
    Average linear kinetic energy   = 5.590353049e-19
    Average rotational energy       = 4.83370148e-20
    Average vibrational energy      = 2.748548386e-20
    Average electronic energy       = 0
    Total energy                    = 37.41834118

Stage 1.0  ExecutionTime = 534.28 s  ClockTime = 142 s  Iteration 1210 (0.84 s)

Time = 0.000488

    Collision global reduction skipped (rank 0 local diagnostics)
    Collisions                      = 23190
    Collision candidates           = 44768
    Collision acceptance rate      = 0.5180039314

    Number of DSMC particles        = 5916147
    Number of stuck particles       = 0
    Number of free particles        = 5916147
    Average linear kinetic energy   = 5.576357204e-19
    Average rotational energy       = 4.837922863e-20
    Average vibrational energy      = 2.756211371e-20
    Average electronic energy       = 0
    Total energy                    = 37.48335039

Stage 1.0  ExecutionTime = 540.26 s  ClockTime = 144 s  Iteration 1220 (0.82 s)

Time = 0.000492

    Collision global reduction skipped (rank 0 local diagnostics)
    Collisions                      = 23614
    Collision candidates           = 45762
    Collision acceptance rate      = 0.5160176566

    Number of DSMC particles        = 5938730
    Number of stuck particles       = 0
    Number of free particles        = 5938730
    Average linear kinetic energy   = 5.561927957e-19
    Average rotational energy       = 4.840465465e-20
    Average vibrational energy      = 2.763160253e-20
    Average electronic energy       = 0
    Total energy                    = 37.54637643

Stage 1.0  ExecutionTime = 546.26 s  ClockTime = 145 s  Iteration 1230 (0.79 s)

Time = 0.000496

    Collision global reduction skipped (rank 0 local diagnostics)
    Collisions                      = 24305
    Collision candidates           = 46767
    Collision acceptance rate      = 0.5197040648

    Number of DSMC particles        = 5960804
    Number of stuck particles       = 0
    Number of free particles        = 5960804
    Average linear kinetic energy   = 5.548251333e-19
    Average rotational energy       = 4.841713976e-20
    Average vibrational energy      = 2.767999902e-20
    Average electronic energy       = 0
    Total energy                    = 37.60804003

Stage 1.0  ExecutionTime = 552.3 s  ClockTime = 147 s  Iteration 1240 (0.82 s)

Time = 0.0005

    Collision global reduction skipped (rank 0 local diagnostics)
    Collisions                      = 24375
    Collision candidates           = 47420
    Collision acceptance rate      = 0.5140236187

    Number of DSMC particles        = 5982970
    Number of stuck particles       = 0
    Number of free particles        = 5982970
    Average linear kinetic energy   = 5.534400614e-19
    Average rotational energy       = 4.842648873e-20
    Average vibrational energy      = 2.771791295e-20
    Average electronic energy       = 0
    Total energy                    = 37.66784955
Replicated mesh: processor output begin at time 0.0005 (read mesh instance "constant", processor mesh instance 0.0005)
Replicated mesh: constructing processor mesh/addressing

Using externally supplied distribution of cells

Calculating original mesh data

Distributing cells to processors

Distributing faces to processors

Distributing points to processors

Constructing processor meshes

Processor 0
    Number of cells = 6889
    Number of faces shared with processor 1 = 0
    Number of faces shared with processor 2 = 0
    Number of faces shared with processor 3 = 86
    Number of faces shared with processor 4 = 0
    Number of faces shared with processor 5 = 0
    Number of faces shared with processor 6 = 0
    Number of faces shared with processor 7 = 0
    Number of faces shared with processor 8 = 0
    Number of faces shared with processor 9 = 110
    Number of faces shared with processor 10 = 0
    Number of faces shared with processor 11 = 0
    Number of faces shared with processor 12 = 0
    Number of faces shared with processor 13 = 7
    Number of faces shared with processor 14 = 0
    Number of faces shared with processor 15 = 0
    Number of processor patches = 15
    Number of processor faces = 203
    Number of boundary faces = 13943

Number of processor faces = 101
Max number of cells = 6889 (5.830956976% above average 6509.4375)
Max number of processor patches = 15 (1500% above average 0.9375)
Max number of faces between processors = 203 (1500% above average 12.6875)

Replicated mesh: rank 0 wrote processor0 bootstrap mesh/addressing at instance constant

Using externally supplied distribution of cells

Calculating original mesh data

Distributing cells to processors

Distributing faces to processors

Distributing points to processors

Constructing processor meshes

Processor 0
    Number of cells = 6889
    Number of faces shared with processor 1 = 0
    Number of faces shared with processor 2 = 0
    Number of faces shared with processor 3 = 86
    Number of faces shared with processor 4 = 0
    Number of faces shared with processor 5 = 0
    Number of faces shared with processor 6 = 0
    Number of faces shared with processor 7 = 0
    Number of faces shared with processor 8 = 0
    Number of faces shared with processor 9 = 110
    Number of faces shared with processor 10 = 0
    Number of faces shared with processor 11 = 0
    Number of faces shared with processor 12 = 0
    Number of faces shared with processor 13 = 7
    Number of faces shared with processor 14 = 0
    Number of faces shared with processor 15 = 0
    Number of processor patches = 15
    Number of processor faces = 203
    Number of boundary faces = 13943

Number of processor faces = 101
Max number of cells = 6889 (5.830956976% above average 6509.4375)
Max number of processor patches = 15 (1500% above average 0.9375)
Max number of faces between processors = 203 (1500% above average 12.6875)

Replicated mesh: rank 0 wrote processor0 output mesh/addressing at instance 0.0005
Replicated mesh: rank 0 wrote processor0 mesh/addressing
Replicated mesh: processor mesh/addressing barrier complete
Replicated mesh: rank 0 loaded processor0 mesh from instance 0.0005
Replicated mesh: rank 0 loaded processor addressing with 6889 cells, 27740 faces, 20 patches
Replicated mesh: rank 0 wrote processor0 volume fields at output time 0.0005 (scalar=67, vector=12, sphericalTensor=0, symmTensor=0, tensor=0)
Replicated mesh: rank 0 writing processor0 lagrangian cloud
Replicated mesh: rank 0 wrote processor0 cloud at output time 0.0005 with 425101 parcels
Replicated mesh processor output timing:
    owner-align migrate [s] = 0.06
    processor fields/cloud write [s] = 2.55


Stage 1.0  ExecutionTime = 566.34 s  ClockTime = 156 s  Iteration 1250 (8.81 s)

    Maximum imbalance = 13.68293674%

Time = 0.000504

    Collision global reduction skipped (rank 0 local diagnostics)
    Collisions                      = 25166
    Collision candidates           = 48382
    Collision acceptance rate      = 0.5201521227

    Number of DSMC particles        = 6004868
    Number of stuck particles       = 0
    Number of free particles        = 6004868
    Average linear kinetic energy   = 5.521310508e-19
    Average rotational energy       = 4.845221158e-20
    Average vibrational energy      = 2.776069457e-20
    Average electronic energy       = 0
    Total energy                    = 37.7312252

Stage 1.0  ExecutionTime = 572.44 s  ClockTime = 158 s  Iteration 1260 (0.8 s)

Time = 0.000508

    Collision global reduction skipped (rank 0 local diagnostics)
    Collisions                      = 25617
    Collision candidates           = 49293
    Collision acceptance rate      = 0.5196883939

    Number of DSMC particles        = 6026979
    Number of stuck particles       = 0
    Number of free particles        = 6026979
    Average linear kinetic energy   = 5.508341878e-19
    Average rotational energy       = 4.842544473e-20
    Average vibrational energy      = 2.781152442e-20
    Average electronic energy       = 0
    Total energy                    = 37.79344694

Stage 1.0  ExecutionTime = 578.57 s  ClockTime = 160 s  Iteration 1270 (0.81 s)

Time = 0.000512

    Collision global reduction skipped (rank 0 local diagnostics)
    Collisions                      = 25934
    Collision candidates           = 50299
    Collision acceptance rate      = 0.5155967315

    Number of DSMC particles        = 6048731
    Number of stuck particles       = 0
    Number of free particles        = 6048731
    Average linear kinetic energy   = 5.49445658e-19
    Average rotational energy       = 4.848400752e-20
    Average vibrational energy      = 2.787697374e-20
    Average electronic energy       = 0
    Total energy                    = 37.85336019

Stage 1.0  ExecutionTime = 584.73 s  ClockTime = 161 s  Iteration 1280 (0.84 s)

Time = 0.000516

    Collision global reduction skipped (rank 0 local diagnostics)
    Collisions                      = 26481
    Collision candidates           = 51181
    Collision acceptance rate      = 0.5173990348

    Number of DSMC particles        = 6070606
    Number of stuck particles       = 0
    Number of free particles        = 6070606
    Average linear kinetic energy   = 5.480898731e-19
    Average rotational energy       = 4.850867868e-20
    Average vibrational energy      = 2.791771193e-20
    Average electronic energy       = 0
    Total energy                    = 37.91192178

Stage 1.0  ExecutionTime = 590.9 s  ClockTime = 163 s  Iteration 1290 (0.81 s)

Time = 0.00052

    Collision global reduction skipped (rank 0 local diagnostics)
    Collisions                      = 26706
    Collision candidates           = 51948
    Collision acceptance rate      = 0.5140910141

    Number of DSMC particles        = 6092330
    Number of stuck particles       = 0
    Number of free particles        = 6092330
    Average linear kinetic energy   = 5.468231533e-19
    Average rotational energy       = 4.852254525e-20
    Average vibrational energy      = 2.795852008e-20
    Average electronic energy       = 0
    Total energy                    = 37.97374991

Stage 1.0  ExecutionTime = 597.21 s  ClockTime = 164 s  Iteration 1300 (0.92 s)

Time = 0.000524

    Collision global reduction skipped (rank 0 local diagnostics)
    Collisions                      = 27200
    Collision candidates           = 52841
    Collision acceptance rate      = 0.5147518026

    Number of DSMC particles        = 6113784
    Number of stuck particles       = 0
    Number of free particles        = 6113784
    Average linear kinetic energy   = 5.455543154e-19
    Average rotational energy       = 4.854797396e-20
    Average vibrational energy      = 2.799894549e-20
    Average electronic energy       = 0
    Total energy                    = 38.03392576

Stage 1.0  ExecutionTime = 603.48 s  ClockTime = 166 s  Iteration 1310 (0.83 s)

Time = 0.000528

    Collision global reduction skipped (rank 0 local diagnostics)
    Collisions                      = 27389
    Collision candidates           = 53561
    Collision acceptance rate      = 0.5113608783

    Number of DSMC particles        = 6134983
    Number of stuck particles       = 0
    Number of free particles        = 6134983
    Average linear kinetic energy   = 5.442918259e-19
    Average rotational energy       = 4.855664812e-20
    Average vibrational energy      = 2.805659584e-20
    Average electronic energy       = 0
    Total energy                    = 38.09242048

Stage 1.0  ExecutionTime = 609.75 s  ClockTime = 167 s  Iteration 1320 (0.85 s)

Time = 0.000532

    Collision global reduction skipped (rank 0 local diagnostics)
    Collisions                      = 27964
    Collision candidates           = 54449
    Collision acceptance rate      = 0.5135815166

    Number of DSMC particles        = 6155897
    Number of stuck particles       = 0
    Number of free particles        = 6155897
    Average linear kinetic energy   = 5.430982528e-19
    Average rotational energy       = 4.85804749e-20
    Average vibrational energy      = 2.810564352e-20
    Average electronic energy       = 0
    Total energy                    = 38.15328751

Stage 1.0  ExecutionTime = 616.05 s  ClockTime = 169 s  Iteration 1330 (0.83 s)

Time = 0.000536

    Collision global reduction skipped (rank 0 local diagnostics)
    Collisions                      = 28388
    Collision candidates           = 55360
    Collision acceptance rate      = 0.5127890173

    Number of DSMC particles        = 6177078
    Number of stuck particles       = 0
    Number of free particles        = 6177078
    Average linear kinetic energy   = 5.419020676e-19
    Average rotational energy       = 4.858859235e-20
    Average vibrational energy      = 2.813079811e-20
    Average electronic energy       = 0
    Total energy                    = 38.21272999

Stage 1.0  ExecutionTime = 622.4 s  ClockTime = 171 s  Iteration 1340 (0.84 s)

Time = 0.00054

    Collision global reduction skipped (rank 0 local diagnostics)
    Collisions                      = 29200
    Collision candidates           = 56303
    Collision acceptance rate      = 0.5186224535

    Number of DSMC particles        = 6197575
    Number of stuck particles       = 0
    Number of free particles        = 6197575
    Average linear kinetic energy   = 5.406924722e-19
    Average rotational energy       = 4.860070254e-20
    Average vibrational energy      = 2.816668172e-20
    Average electronic energy       = 0
    Total energy                    = 38.2675377

Stage 1.0  ExecutionTime = 628.86 s  ClockTime = 172 s  Iteration 1350 (0.93 s)

Time = 0.000544

    Collision global reduction skipped (rank 0 local diagnostics)
    Collisions                      = 29280
    Collision candidates           = 57289
    Collision acceptance rate      = 0.51109288

    Number of DSMC particles        = 6218918
    Number of stuck particles       = 0
    Number of free particles        = 6218918
    Average linear kinetic energy   = 5.395023194e-19
    Average rotational energy       = 4.861414791e-20
    Average vibrational energy      = 2.821352863e-20
    Average electronic energy       = 0
    Total energy                    = 38.32905705

Stage 1.0  ExecutionTime = 635.27 s  ClockTime = 174 s  Iteration 1360 (0.85 s)

Time = 0.000548

    Collision global reduction skipped (rank 0 local diagnostics)
    Collisions                      = 29765
    Collision candidates           = 58036
    Collision acceptance rate      = 0.5128713212

    Number of DSMC particles        = 6239341
    Number of stuck particles       = 0
    Number of free particles        = 6239341
    Average linear kinetic energy   = 5.382873553e-19
    Average rotational energy       = 4.86452066e-20
    Average vibrational energy      = 2.824961408e-20
    Average electronic energy       = 0
    Total energy                    = 38.38331373

Stage 1.0  ExecutionTime = 641.81 s  ClockTime = 175 s  Iteration 1370 (0.88 s)

Time = 0.000552

    Collision global reduction skipped (rank 0 local diagnostics)
    Collisions                      = 29983
    Collision candidates           = 58706
    Collision acceptance rate      = 0.5107314414

    Number of DSMC particles        = 6259501
    Number of stuck particles       = 0
    Number of free particles        = 6259501
    Average linear kinetic energy   = 5.370990824e-19
    Average rotational energy       = 4.868997539e-20
    Average vibrational energy      = 2.827496446e-20
    Average electronic energy       = 0
    Total energy                    = 38.43734361

Stage 1.0  ExecutionTime = 648.33 s  ClockTime = 177 s  Iteration 1380 (0.86 s)

Time = 0.000556

    Collision global reduction skipped (rank 0 local diagnostics)
    Collisions                      = 30490
    Collision candidates           = 59634
    Collision acceptance rate      = 0.5112855083

    Number of DSMC particles        = 6279751
    Number of stuck particles       = 0
    Number of free particles        = 6279751
    Average linear kinetic energy   = 5.359341438e-19
    Average rotational energy       = 4.872611198e-20
    Average vibrational energy      = 2.831110756e-20
    Average electronic energy       = 0
    Total energy                    = 38.49307532

Stage 1.0  ExecutionTime = 654.88 s  ClockTime = 179 s  Iteration 1390 (0.87 s)

Time = 0.00056

    Collision global reduction skipped (rank 0 local diagnostics)
    Collisions                      = 30955
    Collision candidates           = 60593
    Collision acceptance rate      = 0.510867592


Phase C auto DLB triggered (SAR) at step 1400: sar=0.0173063546 loadImbalance=1.183213151 threshold=1.5 particleMaxMin=1
Phase C ParMETIS weights: particles=6300443 activeCells=104151 maxCellParticles=222
Phase C ParMETIS: alpha=1 ncon=1 ubvec=[1.05] moveRatio=0.9117907078 (moveT=67.08633533s, collT=6.490127727s)
Phase C ParMETIS: AdaptiveRepart (104151 cells, 1 constraints, ubvec=1.05)
Replicated mesh: rank 0 owns 5682 / 104151 cells
Local mesh: 5682 owned + 157 halo = 5839 / 104151 cells
Phase C ParMETIS AdaptiveRepart: 75223 / 104151 cells changed (0.7222494263)
Phase C auto DLB complete: rebalance #7

    Number of DSMC particles        = 6300443
    Number of stuck particles       = 0
    Number of free particles        = 6300443
    Average linear kinetic energy   = 5.348531613e-19
    Average rotational energy       = 4.872106885e-20
    Average vibrational energy      = 2.831353144e-20
    Average electronic energy       = 0
    Total energy                    = 38.55163964

Stage 1.0  ExecutionTime = 662.42 s  ClockTime = 181 s  Iteration 1400 (1.74 s)

Time = 0.000564

    Collision global reduction skipped (rank 0 local diagnostics)
    Collisions                      = 27513
    Collision candidates           = 52862
    Collision acceptance rate      = 0.5204683894

    Number of DSMC particles        = 6320149
    Number of stuck particles       = 0
    Number of free particles        = 6320149
    Average linear kinetic energy   = 5.340572654e-19
    Average rotational energy       = 4.862629096e-20
    Average vibrational energy      = 2.833333644e-20
    Average electronic energy       = 0
    Total energy                    = 38.61717804

Stage 1.0  ExecutionTime = 668.54 s  ClockTime = 182 s  Iteration 1410 (0.83 s)

Time = 0.000568

    Collision global reduction skipped (rank 0 local diagnostics)
    Collisions                      = 27632
    Collision candidates           = 53787
    Collision acceptance rate      = 0.5137300835

    Number of DSMC particles        = 6339970
    Number of stuck particles       = 0
    Number of free particles        = 6339970
    Average linear kinetic energy   = 5.328990477e-19
    Average rotational energy       = 4.867275172e-20
    Average vibrational energy      = 2.838609382e-20
    Average electronic energy       = 0
    Total energy                    = 38.67114744

Stage 1.0  ExecutionTime = 674.55 s  ClockTime = 184 s  Iteration 1420 (0.8 s)

Time = 0.000572

    Collision global reduction skipped (rank 0 local diagnostics)
    Collisions                      = 28399
    Collision candidates           = 54588
    Collision acceptance rate      = 0.5202425441

    Number of DSMC particles        = 6360194
    Number of stuck particles       = 0
    Number of free particles        = 6360194
    Average linear kinetic energy   = 5.317185893e-19
    Average rotational energy       = 4.870348248e-20
    Average vibrational energy      = 2.842225214e-20
    Average electronic energy       = 0
    Total energy                    = 38.72368016

Stage 1.0  ExecutionTime = 680.77 s  ClockTime = 185 s  Iteration 1430 (0.87 s)

Time = 0.000576

    Collision global reduction skipped (rank 0 local diagnostics)
    Collisions                      = 28592
    Collision candidates           = 55562
    Collision acceptance rate      = 0.5145963068

    Number of DSMC particles        = 6379871
    Number of stuck particles       = 0
    Number of free particles        = 6379871
    Average linear kinetic energy   = 5.30648804e-19
    Average rotational energy       = 4.8710838e-20
    Average vibrational energy      = 2.845878439e-20
    Average electronic energy       = 0
    Total energy                    = 38.77803152

Stage 1.0  ExecutionTime = 686.97 s  ClockTime = 187 s  Iteration 1440 (0.87 s)

Time = 0.00058

    Collision global reduction skipped (rank 0 local diagnostics)
    Collisions                      = 29022
    Collision candidates           = 56238
    Collision acceptance rate      = 0.5160567588

    Number of DSMC particles        = 6398981
    Number of stuck particles       = 0
    Number of free particles        = 6398981
    Average linear kinetic energy   = 5.295559189e-19
    Average rotational energy       = 4.871839169e-20
    Average vibrational energy      = 2.849156898e-20
    Average electronic energy       = 0
    Total energy                    = 38.82683335

Stage 1.0  ExecutionTime = 693.13 s  ClockTime = 189 s  Iteration 1450 (0.96 s)

Time = 0.000584

    Collision global reduction skipped (rank 0 local diagnostics)
    Collisions                      = 29362
    Collision candidates           = 56982
    Collision acceptance rate      = 0.5152855288

    Number of DSMC particles        = 6418409
    Number of stuck particles       = 0
    Number of free particles        = 6418409
    Average linear kinetic energy   = 5.284725297e-19
    Average rotational energy       = 4.878940453e-20
    Average vibrational energy      = 2.851368122e-20
    Average electronic energy       = 0
    Total energy                    = 38.88115662

Stage 1.0  ExecutionTime = 699.37 s  ClockTime = 190 s  Iteration 1460 (0.88 s)

Time = 0.000588

    Collision global reduction skipped (rank 0 local diagnostics)
    Collisions                      = 29644
    Collision candidates           = 57808
    Collision acceptance rate      = 0.5128009964

    Number of DSMC particles        = 6437849
    Number of stuck particles       = 0
    Number of free particles        = 6437849
    Average linear kinetic energy   = 5.273780952e-19
    Average rotational energy       = 4.880338501e-20
    Average vibrational energy      = 2.855871053e-20
    Average electronic energy       = 0
    Total energy                    = 38.93226032

Stage 1.0  ExecutionTime = 705.52 s  ClockTime = 192 s  Iteration 1470 (0.88 s)

Time = 0.000592

    Collision global reduction skipped (rank 0 local diagnostics)
    Collisions                      = 29921
    Collision candidates           = 58545
    Collision acceptance rate      = 0.5110769494

    Number of DSMC particles        = 6456584
    Number of stuck particles       = 0
    Number of free particles        = 6456584
    Average linear kinetic energy   = 5.263277746e-19
    Average rotational energy       = 4.879422475e-20
    Average vibrational energy      = 2.859488372e-20
    Average electronic energy       = 0
    Total energy                    = 38.97948767

Stage 1.0  ExecutionTime = 711.66 s  ClockTime = 193 s  Iteration 1480 (0.83 s)

Time = 0.000596

    Collision global reduction skipped (rank 0 local diagnostics)
    Collisions                      = 30164
    Collision candidates           = 59255
    Collision acceptance rate      = 0.5090540883

    Number of DSMC particles        = 6475981
    Number of stuck particles       = 0
    Number of free particles        = 6475981
    Average linear kinetic energy   = 5.252736756e-19
    Average rotational energy       = 4.879831907e-20
    Average vibrational energy      = 2.862873276e-20
    Average electronic energy       = 0
    Total energy                    = 39.0307846

Stage 1.0  ExecutionTime = 717.85 s  ClockTime = 195 s  Iteration 1490 (0.86 s)

Time = 0.0006

    Collision global reduction skipped (rank 0 local diagnostics)
    Collisions                      = 30519
    Collision candidates           = 59856
    Collision acceptance rate      = 0.5098736969

    Number of DSMC particles        = 6494694
    Number of stuck particles       = 0
    Number of free particles        = 6494694
    Average linear kinetic energy   = 5.242802683e-19
    Average rotational energy       = 4.878786057e-20
    Average vibrational energy      = 2.867108536e-20
    Average electronic energy       = 0
    Total energy                    = 39.08112064

Stage 1.0  ExecutionTime = 724.15 s  ClockTime = 196 s  Iteration 1500 (0.96 s)

Time = 0.000604

    Collision global reduction skipped (rank 0 local diagnostics)
    Collisions                      = 30781
    Collision candidates           = 60460
    Collision acceptance rate      = 0.5091134634

    Number of DSMC particles        = 6513632
    Number of stuck particles       = 0
    Number of free particles        = 6513632
    Average linear kinetic energy   = 5.233164622e-19
    Average rotational energy       = 4.881672948e-20
    Average vibrational energy      = 2.869876974e-20
    Average electronic energy       = 0
    Total energy                    = 39.1359829

Stage 1.0  ExecutionTime = 730.27 s  ClockTime = 198 s  Iteration 1510 (0.84 s)

Time = 0.000608

    Collision global reduction skipped (rank 0 local diagnostics)
    Collisions                      = 31167
    Collision candidates           = 61116
    Collision acceptance rate      = 0.5099646574

    Number of DSMC particles        = 6532491
    Number of stuck particles       = 0
    Number of free particles        = 6532491
    Average linear kinetic energy   = 5.222681973e-19
    Average rotational energy       = 4.88158212e-20
    Average vibrational energy      = 2.874779351e-20
    Average electronic energy       = 0
    Total energy                    = 39.18395913

Stage 1.0  ExecutionTime = 736.52 s  ClockTime = 199 s  Iteration 1520 (0.85 s)

Time = 0.000612

    Collision global reduction skipped (rank 0 local diagnostics)
    Collisions                      = 31358
    Collision candidates           = 61936
    Collision acceptance rate      = 0.5062968225

    Number of DSMC particles        = 6551336
    Number of stuck particles       = 0
    Number of free particles        = 6551336
    Average linear kinetic energy   = 5.212753748e-19
    Average rotational energy       = 4.881975582e-20
    Average vibrational energy      = 2.87772203e-20
    Average electronic energy       = 0
    Total energy                    = 39.23413992

Stage 1.0  ExecutionTime = 742.77 s  ClockTime = 201 s  Iteration 1530 (0.86 s)

Time = 0.000616

    Collision global reduction skipped (rank 0 local diagnostics)
    Collisions                      = 31749
    Collision candidates           = 62650
    Collision acceptance rate      = 0.5067677574

    Number of DSMC particles        = 6569706
    Number of stuck particles       = 0
    Number of free particles        = 6569706
    Average linear kinetic energy   = 5.202794762e-19
    Average rotational energy       = 4.884936647e-20
    Average vibrational energy      = 2.88001992e-20
    Average electronic energy       = 0
    Total energy                    = 39.28218014

Stage 1.0  ExecutionTime = 748.99 s  ClockTime = 203 s  Iteration 1540 (0.86 s)

Time = 0.00062

    Collision global reduction skipped (rank 0 local diagnostics)
    Collisions                      = 32207
    Collision candidates           = 63328
    Collision acceptance rate      = 0.5085744063

    Number of DSMC particles        = 6587860
    Number of stuck particles       = 0
    Number of free particles        = 6587860
    Average linear kinetic energy   = 5.193361027e-19
    Average rotational energy       = 4.88544462e-20
    Average vibrational energy      = 2.882272925e-20
    Average electronic energy       = 0
    Total energy                    = 39.33039894

Stage 1.0  ExecutionTime = 755.36 s  ClockTime = 204 s  Iteration 1550 (0.98 s)

Time = 0.000624

    Collision global reduction skipped (rank 0 local diagnostics)
    Collisions                      = 32348
    Collision candidates           = 63829
    Collision acceptance rate      = 0.5067915838

    Number of DSMC particles        = 6606132
    Number of stuck particles       = 0
    Number of free particles        = 6606132
    Average linear kinetic energy   = 5.183599311e-19
    Average rotational energy       = 4.890281737e-20
    Average vibrational energy      = 2.886259379e-20
    Average electronic energy       = 0
    Total energy                    = 39.38082699

Stage 1.0  ExecutionTime = 761.75 s  ClockTime = 206 s  Iteration 1560 (0.88 s)

Time = 0.000628

    Collision global reduction skipped (rank 0 local diagnostics)
    Collisions                      = 32773
    Collision candidates           = 64623
    Collision acceptance rate      = 0.5071414202

    Number of DSMC particles        = 6624369
    Number of stuck particles       = 0
    Number of free particles        = 6624369
    Average linear kinetic energy   = 5.174155684e-19
    Average rotational energy       = 4.893123462e-20
    Average vibrational energy      = 2.887703761e-20
    Average electronic energy       = 0
    Total energy                    = 39.42982358

Stage 1.0  ExecutionTime = 768.07 s  ClockTime = 207 s  Iteration 1570 (0.86 s)

Time = 0.000632

    Collision global reduction skipped (rank 0 local diagnostics)
    Collisions                      = 32926
    Collision candidates           = 65294
    Collision acceptance rate      = 0.5042729807

    Number of DSMC particles        = 6642347
    Number of stuck particles       = 0
    Number of free particles        = 6642347
    Average linear kinetic energy   = 5.164819391e-19
    Average rotational energy       = 4.891209586e-20
    Average vibrational energy      = 2.889206405e-20
    Average electronic energy       = 0
    Total energy                    = 39.47454487

Stage 1.0  ExecutionTime = 774.47 s  ClockTime = 209 s  Iteration 1580 (0.92 s)

Time = 0.000636

    Collision global reduction skipped (rank 0 local diagnostics)
    Collisions                      = 33274
    Collision candidates           = 66089
    Collision acceptance rate      = 0.50347259

    Number of DSMC particles        = 6660130
    Number of stuck particles       = 0
    Number of free particles        = 6660130
    Average linear kinetic energy   = 5.155569846e-19
    Average rotational energy       = 4.893097061e-20
    Average vibrational energy      = 2.890386338e-20
    Average electronic energy       = 0
    Total energy                    = 39.52066653

Stage 1.0  ExecutionTime = 780.83 s  ClockTime = 211 s  Iteration 1590 (0.87 s)

Time = 0.00064

    Collision global reduction skipped (rank 0 local diagnostics)
    Collisions                      = 33814
    Collision candidates           = 66937
    Collision acceptance rate      = 0.5051615698

    Number of DSMC particles        = 6678065
    Number of stuck particles       = 0
    Number of free particles        = 6678065
    Average linear kinetic energy   = 5.146635285e-19
    Average rotational energy       = 4.893460778e-20
    Average vibrational energy      = 2.893637165e-20
    Average electronic energy       = 0
    Total energy                    = 39.56983959

Stage 1.0  ExecutionTime = 787.24 s  ClockTime = 212 s  Iteration 1600 (0.95 s)

Time = 0.000644

    Collision global reduction skipped (rank 0 local diagnostics)
    Collisions                      = 34090
    Collision candidates           = 67583
    Collision acceptance rate      = 0.5044167912

    Number of DSMC particles        = 6695429
    Number of stuck particles       = 0
    Number of free particles        = 6695429
    Average linear kinetic energy   = 5.137808561e-19
    Average rotational energy       = 4.895412434e-20
    Average vibrational energy      = 2.897080596e-20
    Average electronic energy       = 0
    Total energy                    = 39.61724082

Stage 1.0  ExecutionTime = 793.58 s  ClockTime = 214 s  Iteration 1610 (0.89 s)

Time = 0.000648

    Collision global reduction skipped (rank 0 local diagnostics)
    Collisions                      = 34301
    Collision candidates           = 68225
    Collision acceptance rate      = 0.5027629168

    Number of DSMC particles        = 6713439
    Number of stuck particles       = 0
    Number of free particles        = 6713439
    Average linear kinetic energy   = 5.129200751e-19
    Average rotational energy       = 4.893994993e-20
    Average vibrational energy      = 2.90049639e-20
    Average electronic energy       = 0
    Total energy                    = 39.66736061

Stage 1.0  ExecutionTime = 800.03 s  ClockTime = 215 s  Iteration 1620 (0.9 s)

Time = 0.000652

    Collision global reduction skipped (rank 0 local diagnostics)
    Collisions                      = 34717
    Collision candidates           = 68695
    Collision acceptance rate      = 0.5053788485

    Number of DSMC particles        = 6730857
    Number of stuck particles       = 0
    Number of free particles        = 6730857
    Average linear kinetic energy   = 5.120268713e-19
    Average rotational energy       = 4.893981252e-20
    Average vibrational energy      = 2.903705471e-20
    Average electronic energy       = 0
    Total energy                    = 39.71230793

Stage 1.0  ExecutionTime = 806.47 s  ClockTime = 217 s  Iteration 1630 (0.89 s)

Time = 0.000656

    Collision global reduction skipped (rank 0 local diagnostics)
    Collisions                      = 34869
    Collision candidates           = 69146
    Collision acceptance rate      = 0.5042807972

    Number of DSMC particles        = 6747794
    Number of stuck particles       = 0
    Number of free particles        = 6747794
    Average linear kinetic energy   = 5.111597717e-19
    Average rotational energy       = 4.894047341e-20
    Average vibrational energy      = 2.907223497e-20
    Average electronic energy       = 0
    Total energy                    = 39.75614526

Stage 1.0  ExecutionTime = 812.94 s  ClockTime = 219 s  Iteration 1640 (0.92 s)

Time = 0.00066

    Collision global reduction skipped (rank 0 local diagnostics)
    Collisions                      = 35103
    Collision candidates           = 69868
    Collision acceptance rate      = 0.502418847

    Number of DSMC particles        = 6765650
    Number of stuck particles       = 0
    Number of free particles        = 6765650
    Average linear kinetic energy   = 5.102331593e-19
    Average rotational energy       = 4.895588524e-20
    Average vibrational energy      = 2.90775684e-20
    Average electronic energy       = 0
    Total energy                    = 39.8000601

Stage 1.0  ExecutionTime = 819.56 s  ClockTime = 220 s  Iteration 1650 (0.99 s)

Time = 0.000664

    Collision global reduction skipped (rank 0 local diagnostics)
    Collisions                      = 35309
    Collision candidates           = 70339
    Collision acceptance rate      = 0.5019832525

    Number of DSMC particles        = 6782268
    Number of stuck particles       = 0
    Number of free particles        = 6782268
    Average linear kinetic energy   = 5.094023282e-19
    Average rotational energy       = 4.897130586e-20
    Average vibrational energy      = 2.910962337e-20
    Average electronic energy       = 0
    Total energy                    = 39.84468898

Stage 1.0  ExecutionTime = 826.05 s  ClockTime = 222 s  Iteration 1660 (0.91 s)

Time = 0.000668

    Collision global reduction skipped (rank 0 local diagnostics)
    Collisions                      = 35685
    Collision candidates           = 70992
    Collision acceptance rate      = 0.5026622718

    Number of DSMC particles        = 6799561
    Number of stuck particles       = 0
    Number of free particles        = 6799561
    Average linear kinetic energy   = 5.085863733e-19
    Average rotational energy       = 4.894775844e-20
    Average vibrational energy      = 2.913963674e-20
    Average electronic energy       = 0
    Total energy                    = 39.89124076

Stage 1.0  ExecutionTime = 832.56 s  ClockTime = 224 s  Iteration 1670 (0.92 s)

Time = 0.000672

    Collision global reduction skipped (rank 0 local diagnostics)
    Collisions                      = 36089
    Collision candidates           = 71901
    Collision acceptance rate      = 0.5019262597

    Number of DSMC particles        = 6816615
    Number of stuck particles       = 0
    Number of free particles        = 6816615
    Average linear kinetic energy   = 5.077354399e-19
    Average rotational energy       = 4.895570699e-20
    Average vibrational energy      = 2.915195758e-20
    Average electronic energy       = 0
    Total energy                    = 39.93466893

Stage 1.0  ExecutionTime = 839.13 s  ClockTime = 225 s  Iteration 1680 (0.89 s)

Time = 0.000676

    Collision global reduction skipped (rank 0 local diagnostics)
    Collisions                      = 36618
    Collision candidates           = 72344
    Collision acceptance rate      = 0.5061649895

    Number of DSMC particles        = 6833728
    Number of stuck particles       = 0
    Number of free particles        = 6833728
    Average linear kinetic energy   = 5.068562307e-19
    Average rotational energy       = 4.895514436e-20
    Average vibrational energy      = 2.918470077e-20
    Average electronic energy       = 0
    Total energy                    = 39.97704064

Stage 1.0  ExecutionTime = 845.74 s  ClockTime = 227 s  Iteration 1690 (0.92 s)

Time = 0.00068

    Collision global reduction skipped (rank 0 local diagnostics)
    Collisions                      = 36696
    Collision candidates           = 73157
    Collision acceptance rate      = 0.5016061348

    Number of DSMC particles        = 6850681
    Number of stuck particles       = 0
    Number of free particles        = 6850681
    Average linear kinetic energy   = 5.060256948e-19
    Average rotational energy       = 4.897681851e-20
    Average vibrational energy      = 2.922225993e-20
    Average electronic energy       = 0
    Total energy                    = 40.02337554

Stage 1.0  ExecutionTime = 852.43 s  ClockTime = 229 s  Iteration 1700 (1.05 s)

Time = 0.000684

    Collision global reduction skipped (rank 0 local diagnostics)
    Collisions                      = 37158
    Collision candidates           = 73864
    Collision acceptance rate      = 0.5030596772

    Number of DSMC particles        = 6867656
    Number of stuck particles       = 0
    Number of free particles        = 6867656
    Average linear kinetic energy   = 5.052355347e-19
    Average rotational energy       = 4.899597144e-20
    Average vibrational energy      = 2.924391645e-20
    Average electronic energy       = 0
    Total energy                    = 40.07108487

Stage 1.0  ExecutionTime = 859.13 s  ClockTime = 230 s  Iteration 1710 (0.97 s)

Time = 0.000688

    Collision global reduction skipped (rank 0 local diagnostics)
    Collisions                      = 37163
    Collision candidates           = 74393
    Collision acceptance rate      = 0.4995496888

    Number of DSMC particles        = 6883777
    Number of stuck particles       = 0
    Number of free particles        = 6883777
    Average linear kinetic energy   = 5.044588182e-19
    Average rotational energy       = 4.898334649e-20
    Average vibrational energy      = 2.926322802e-20
    Average electronic energy       = 0
    Total energy                    = 40.1121398

Stage 1.0  ExecutionTime = 865.83 s  ClockTime = 232 s  Iteration 1720 (0.94 s)

Time = 0.000692

    Collision global reduction skipped (rank 0 local diagnostics)
    Collisions                      = 37676
    Collision candidates           = 74913
    Collision acceptance rate      = 0.5029300655

    Number of DSMC particles        = 6899942
    Number of stuck particles       = 0
    Number of free particles        = 6899942
    Average linear kinetic energy   = 5.03634931e-19
    Average rotational energy       = 4.90044717e-20
    Average vibrational energy      = 2.929448152e-20
    Average electronic energy       = 0
    Total energy                    = 40.15310049

Stage 1.0  ExecutionTime = 872.47 s  ClockTime = 234 s  Iteration 1730 (0.91 s)

Time = 0.000696

    Collision global reduction skipped (rank 0 local diagnostics)
    Collisions                      = 37810
    Collision candidates           = 75703
    Collision acceptance rate      = 0.4994518051

    Number of DSMC particles        = 6916845
    Number of stuck particles       = 0
    Number of free particles        = 6916845
    Average linear kinetic energy   = 5.028520386e-19
    Average rotational energy       = 4.90274002e-20
    Average vibrational energy      = 2.931189207e-20
    Average electronic energy       = 0
    Total energy                    = 40.20010351

Stage 1.0  ExecutionTime = 879.17 s  ClockTime = 235 s  Iteration 1740 (0.94 s)

Time = 0.0007

    Collision global reduction skipped (rank 0 local diagnostics)
    Collisions                      = 38294
    Collision candidates           = 76409
    Collision acceptance rate      = 0.501171328

    Number of DSMC particles        = 6933101
    Number of stuck particles       = 0
    Number of free particles        = 6933101
    Average linear kinetic energy   = 5.02103522e-19
    Average rotational energy       = 4.899575912e-20
    Average vibrational energy      = 2.932689775e-20
    Average electronic energy       = 0
    Total energy                    = 40.24153321

Stage 1.0  ExecutionTime = 885.99 s  ClockTime = 237 s  Iteration 1750 (1.03 s)

Time = 0.000704

    Collision global reduction skipped (rank 0 local diagnostics)
    Collisions                      = 38605
    Collision candidates           = 76903
    Collision acceptance rate      = 0.501996021

    Number of DSMC particles        = 6949438
    Number of stuck particles       = 0
    Number of free particles        = 6949438
    Average linear kinetic energy   = 5.013631847e-19
    Average rotational energy       = 4.899529843e-20
    Average vibrational energy      = 2.935579144e-20
    Average electronic energy       = 0
    Total energy                    = 40.28688409

Stage 1.0  ExecutionTime = 892.76 s  ClockTime = 239 s  Iteration 1760 (0.95 s)

Time = 0.000708

    Collision global reduction skipped (rank 0 local diagnostics)
    Collisions                      = 38764
    Collision candidates           = 77452
    Collision acceptance rate      = 0.5004906265

    Number of DSMC particles        = 6964948
    Number of stuck particles       = 0
    Number of free particles        = 6964948
    Average linear kinetic energy   = 5.005120637e-19
    Average rotational energy       = 4.903403911e-20
    Average vibrational energy      = 2.937617523e-20
    Average electronic energy       = 0
    Total energy                    = 40.32163563

Stage 1.0  ExecutionTime = 899.51 s  ClockTime = 240 s  Iteration 1770 (0.94 s)

Time = 0.000712

    Collision global reduction skipped (rank 0 local diagnostics)
    Collisions                      = 38975
    Collision candidates           = 78110
    Collision acceptance rate      = 0.4989758034

    Number of DSMC particles        = 6980546
    Number of stuck particles       = 0
    Number of free particles        = 6980546
    Average linear kinetic energy   = 4.998483444e-19
    Average rotational energy       = 4.901041172e-20
    Average vibrational energy      = 2.938271951e-20
    Average electronic energy       = 0
    Total energy                    = 40.36441219

Stage 1.0  ExecutionTime = 906.32 s  ClockTime = 242 s  Iteration 1780 (0.95 s)

Time = 0.000716

    Collision global reduction skipped (rank 0 local diagnostics)
    Collisions                      = 39356
    Collision candidates           = 78778
    Collision acceptance rate      = 0.4995811013

    Number of DSMC particles        = 6996309
    Number of stuck particles       = 0
    Number of free particles        = 6996309
    Average linear kinetic energy   = 4.991598681e-19
    Average rotational energy       = 4.898579777e-20
    Average vibrational energy      = 2.940997208e-20
    Average electronic energy       = 0
    Total energy                    = 40.40757708

Stage 1.0  ExecutionTime = 913.15 s  ClockTime = 244 s  Iteration 1790 (0.94 s)

Time = 0.00072

    Collision global reduction skipped (rank 0 local diagnostics)
    Collisions                      = 39677
    Collision candidates           = 79503
    Collision acceptance rate      = 0.4990629284

    Number of DSMC particles        = 7012609
    Number of stuck particles       = 0
    Number of free particles        = 7012609
    Average linear kinetic energy   = 4.984528832e-19
    Average rotational energy       = 4.896326694e-20
    Average vibrational energy      = 2.943466981e-20
    Average electronic energy       = 0
    Total energy                    = 40.45229252

Stage 1.0  ExecutionTime = 920.07 s  ClockTime = 246 s  Iteration 1800 (1.04 s)

Time = 0.000724

    Collision global reduction skipped (rank 0 local diagnostics)
    Collisions                      = 39962
    Collision candidates           = 80094
    Collision acceptance rate      = 0.498938747

    Number of DSMC particles        = 7028793
    Number of stuck particles       = 0
    Number of free particles        = 7028793
    Average linear kinetic energy   = 4.976606589e-19
    Average rotational energy       = 4.89864223e-20
    Average vibrational energy      = 2.944950859e-20
    Average electronic energy       = 0
    Total energy                    = 40.49263678

Stage 1.0  ExecutionTime = 926.96 s  ClockTime = 247 s  Iteration 1810 (0.97 s)

Time = 0.000728

    Collision global reduction skipped (rank 0 local diagnostics)
    Collisions                      = 40197
    Collision candidates           = 80708
    Collision acceptance rate      = 0.4980547158

    Number of DSMC particles        = 7044040
    Number of stuck particles       = 0
    Number of free particles        = 7044040
    Average linear kinetic energy   = 4.968758807e-19
    Average rotational energy       = 4.900494818e-20
    Average vibrational energy      = 2.946664026e-20
    Average electronic energy       = 0
    Total energy                    = 40.52770587

Stage 1.0  ExecutionTime = 933.81 s  ClockTime = 249 s  Iteration 1820 (0.95 s)

Time = 0.000732

    Collision global reduction skipped (rank 0 local diagnostics)
    Collisions                      = 40370
    Collision candidates           = 81210
    Collision acceptance rate      = 0.4971062677

    Number of DSMC particles        = 7060045
    Number of stuck particles       = 0
    Number of free particles        = 7060045
    Average linear kinetic energy   = 4.961236472e-19
    Average rotational energy       = 4.902246476e-20
    Average vibrational energy      = 2.947679329e-20
    Average electronic energy       = 0
    Total energy                    = 40.56863569

Stage 1.0  ExecutionTime = 940.69 s  ClockTime = 251 s  Iteration 1830 (0.96 s)

Time = 0.000736

    Collision global reduction skipped (rank 0 local diagnostics)
    Collisions                      = 40900
    Collision candidates           = 81697
    Collision acceptance rate      = 0.5006303781

    Number of DSMC particles        = 7074992
    Number of stuck particles       = 0
    Number of free particles        = 7074992
    Average linear kinetic energy   = 4.953910322e-19
    Average rotational energy       = 4.906649613e-20
    Average vibrational energy      = 2.949298137e-20
    Average electronic energy       = 0
    Total energy                    = 40.60695265

Stage 1.0  ExecutionTime = 947.68 s  ClockTime = 253 s  Iteration 1840 (0.96 s)

Time = 0.00074

    Collision global reduction skipped (rank 0 local diagnostics)
    Collisions                      = 41018
    Collision candidates           = 82272
    Collision acceptance rate      = 0.4985657332


Phase C auto DLB triggered (SAR) at step 1850: sar=0.01341101588 loadImbalance=1.204434075 threshold=1.5 particleMaxMin=1
Phase C ParMETIS weights: particles=7090352 activeCells=104149 maxCellParticles=272
Phase C ParMETIS: alpha=1 ncon=1 ubvec=[1.05] moveRatio=0.893510328 (moveT=101.8301213s, collT=12.13624048s)
Phase C ParMETIS: AdaptiveRepart (104151 cells, 1 constraints, ubvec=1.05)
Replicated mesh: rank 0 owns 6889 / 104151 cells
Local mesh: 6889 owned + 255 halo = 7144 / 104151 cells
Phase C ParMETIS AdaptiveRepart: 85909 / 104151 cells changed (0.8248504575)
Phase C auto DLB complete: rebalance #8

    Number of DSMC particles        = 7090352
    Number of stuck particles       = 0
    Number of free particles        = 7090352
    Average linear kinetic energy   = 4.946466336e-19
    Average rotational energy       = 4.90710861e-20
    Average vibrational energy      = 2.951787549e-20
    Average electronic energy       = 0
    Total energy                    = 40.64442149

Stage 1.0  ExecutionTime = 955.5 s  ClockTime = 255 s  Iteration 1850 (1.87 s)

Time = 0.000744

    Collision global reduction skipped (rank 0 local diagnostics)
    Collisions                      = 30051
    Collision candidates           = 52451
    Collision acceptance rate      = 0.5729347391

    Number of DSMC particles        = 7104755
    Number of stuck particles       = 0
    Number of free particles        = 7104755
    Average linear kinetic energy   = 4.942722972e-19
    Average rotational energy       = 4.896148105e-20
    Average vibrational energy      = 2.949212613e-20
    Average electronic energy       = 0
    Total energy                    = 40.69077233

Stage 1.0  ExecutionTime = 962.12 s  ClockTime = 256 s  Iteration 1860 (0.98 s)

Time = 0.000748

    Collision global reduction skipped (rank 0 local diagnostics)
    Collisions                      = 30408
    Collision candidates           = 55016
    Collision acceptance rate      = 0.5527119383

    Number of DSMC particles        = 7119627
    Number of stuck particles       = 0
    Number of free particles        = 7119627
    Average linear kinetic energy   = 4.935088286e-19
    Average rotational energy       = 4.900782515e-20
    Average vibrational energy      = 2.952545754e-20
    Average electronic energy       = 0
    Total energy                    = 40.72726461

Stage 1.0  ExecutionTime = 968.71 s  ClockTime = 258 s  Iteration 1870 (0.96 s)

Time = 0.000752

    Collision global reduction skipped (rank 0 local diagnostics)
    Collisions                      = 30647
    Collision candidates           = 56477
    Collision acceptance rate      = 0.5426456788

    Number of DSMC particles        = 7134850
    Number of stuck particles       = 0
    Number of free particles        = 7134850
    Average linear kinetic energy   = 4.927477462e-19
    Average rotational energy       = 4.903159585e-20
    Average vibrational energy      = 2.954916427e-20
    Average electronic energy       = 0
    Total energy                    = 40.76343193

Stage 1.0  ExecutionTime = 975.33 s  ClockTime = 260 s  Iteration 1880 (0.96 s)

Time = 0.000756

    Collision global reduction skipped (rank 0 local diagnostics)
    Collisions                      = 30915
    Collision candidates           = 57571
    Collision acceptance rate      = 0.5369891091

    Number of DSMC particles        = 7150388
    Number of stuck particles       = 0
    Number of free particles        = 7150388
    Average linear kinetic energy   = 4.92038792e-19
    Average rotational energy       = 4.904303343e-20
    Average vibrational energy      = 2.957258285e-20
    Average electronic energy       = 0
    Total energy                    = 40.80400433

Stage 1.0  ExecutionTime = 982.38 s  ClockTime = 261 s  Iteration 1890 (1.04 s)

Time = 0.00076

    Collision global reduction skipped (rank 0 local diagnostics)
    Collisions                      = 31246
    Collision candidates           = 58509
    Collision acceptance rate      = 0.5340374985

    Number of DSMC particles        = 7165610
    Number of stuck particles       = 0
    Number of free particles        = 7165610
    Average linear kinetic energy   = 4.913314097e-19
    Average rotational energy       = 4.906750356e-20
    Average vibrational energy      = 2.959439895e-20
    Average electronic energy       = 0
    Total energy                    = 40.84349778

Stage 1.0  ExecutionTime = 989.44 s  ClockTime = 263 s  Iteration 1900 (1.07 s)

Time = 0.000764

    Collision global reduction skipped (rank 0 local diagnostics)
    Collisions                      = 31351
    Collision candidates           = 59469
    Collision acceptance rate      = 0.5271822294

    Number of DSMC particles        = 7180058
    Number of stuck particles       = 0
    Number of free particles        = 7180058
    Average linear kinetic energy   = 4.906373127e-19
    Average rotational energy       = 4.910291482e-20
    Average vibrational energy      = 2.961629433e-20
    Average electronic energy       = 0
    Total energy                    = 40.88012849

Stage 1.0  ExecutionTime = 996.15 s  ClockTime = 265 s  Iteration 1910 (0.98 s)

Time = 0.000768

    Collision global reduction skipped (rank 0 local diagnostics)
    Collisions                      = 31802
    Collision candidates           = 60550
    Collision acceptance rate      = 0.5252188274

    Number of DSMC particles        = 7194856
    Number of stuck particles       = 0
    Number of free particles        = 7194856
    Average linear kinetic energy   = 4.900000345e-19
    Average rotational energy       = 4.906900668e-20
    Average vibrational energy      = 2.960942457e-20
    Average electronic energy       = 0
    Total energy                    = 40.91559672

Stage 1.0  ExecutionTime = 1003 s  ClockTime = 267 s  Iteration 1920 (1.05 s)

Time = 0.000772

    Collision global reduction skipped (rank 0 local diagnostics)
    Collisions                      = 31975
    Collision candidates           = 61217
    Collision acceptance rate      = 0.5223222308

    Number of DSMC particles        = 7209159
    Number of stuck particles       = 0
    Number of free particles        = 7209159
    Average linear kinetic energy   = 4.893275855e-19
    Average rotational energy       = 4.909326074e-20
    Average vibrational energy      = 2.960487262e-20
    Average electronic energy       = 0
    Total energy                    = 40.94987724

Stage 1.0  ExecutionTime = 1009.92 s  ClockTime = 268 s  Iteration 1930 (0.95 s)

Time = 0.000776

    Collision global reduction skipped (rank 0 local diagnostics)
    Collisions                      = 32410
    Collision candidates           = 62031
    Collision acceptance rate      = 0.5224806951

    Number of DSMC particles        = 7223874
    Number of stuck particles       = 0
    Number of free particles        = 7223874
    Average linear kinetic energy   = 4.887476697e-19
    Average rotational energy       = 4.909847232e-20
    Average vibrational energy      = 2.962151085e-20
    Average electronic energy       = 0
    Total energy                    = 40.99314823

Stage 1.0  ExecutionTime = 1016.7 s  ClockTime = 270 s  Iteration 1940 (0.98 s)

Time = 0.00078

    Collision global reduction skipped (rank 0 local diagnostics)
    Collisions                      = 32377
    Collision candidates           = 62717
    Collision acceptance rate      = 0.5162396161

    Number of DSMC particles        = 7238376
    Number of stuck particles       = 0
    Number of free particles        = 7238376
    Average linear kinetic energy   = 4.880456075e-19
    Average rotational energy       = 4.912621253e-20
    Average vibrational energy      = 2.964647556e-20
    Average electronic energy       = 0
    Total energy                    = 41.02843947

Stage 1.0  ExecutionTime = 1023.96 s  ClockTime = 272 s  Iteration 1950 (1.15 s)

Time = 0.000784

    Collision global reduction skipped (rank 0 local diagnostics)
    Collisions                      = 32895
    Collision candidates           = 63456
    Collision acceptance rate      = 0.5183906959

    Number of DSMC particles        = 7252368
    Number of stuck particles       = 0
    Number of free particles        = 7252368
    Average linear kinetic energy   = 4.874679634e-19
    Average rotational energy       = 4.912543351e-20
    Average vibrational energy      = 2.96743358e-20
    Average electronic energy       = 0
    Total energy                    = 41.06781984

Stage 1.0  ExecutionTime = 1030.92 s  ClockTime = 274 s  Iteration 1960 (1.02 s)

Time = 0.000788

    Collision global reduction skipped (rank 0 local diagnostics)
    Collisions                      = 33207
    Collision candidates           = 64535
    Collision acceptance rate      = 0.5145579918

    Number of DSMC particles        = 7266958
    Number of stuck particles       = 0
    Number of free particles        = 7266958
    Average linear kinetic energy   = 4.868249597e-19
    Average rotational energy       = 4.908292045e-20
    Average vibrational energy      = 2.968192637e-20
    Average electronic energy       = 0
    Total energy                    = 41.10117369

Stage 1.0  ExecutionTime = 1038.07 s  ClockTime = 275 s  Iteration 1970 (1.01 s)

Time = 0.000792

    Collision global reduction skipped (rank 0 local diagnostics)
    Collisions                      = 33578
    Collision candidates           = 65349
    Collision acceptance rate      = 0.5138257663

    Number of DSMC particles        = 7281150
    Number of stuck particles       = 0
    Number of free particles        = 7281150
    Average linear kinetic energy   = 4.861421329e-19
    Average rotational energy       = 4.910471549e-20
    Average vibrational energy      = 2.970409523e-20
    Average electronic energy       = 0
    Total energy                    = 41.13492563

Stage 1.0  ExecutionTime = 1045.17 s  ClockTime = 277 s  Iteration 1980 (0.97 s)

Time = 0.000796

    Collision global reduction skipped (rank 0 local diagnostics)
    Collisions                      = 33998
    Collision candidates           = 66081
    Collision acceptance rate      = 0.5144897928

    Number of DSMC particles        = 7295142
    Number of stuck particles       = 0
    Number of free particles        = 7295142
    Average linear kinetic energy   = 4.854907151e-19
    Average rotational energy       = 4.909613243e-20
    Average vibrational energy      = 2.973096817e-20
    Average electronic energy       = 0
    Total energy                    = 41.16778598

Stage 1.0  ExecutionTime = 1052.02 s  ClockTime = 279 s  Iteration 1990 (0.95 s)

Time = 0.0008

    Collision global reduction skipped (rank 0 local diagnostics)
    Collisions                      = 34007
    Collision candidates           = 66841
    Collision acceptance rate      = 0.5087745545

    Number of DSMC particles        = 7309267
    Number of stuck particles       = 0
    Number of free particles        = 7309267
    Average linear kinetic energy   = 4.848893535e-19
    Average rotational energy       = 4.909688667e-20
    Average vibrational energy      = 2.972870207e-20
    Average electronic energy       = 0
    Total energy                    = 41.20343025

Stage 1.0  ExecutionTime = 1059.1 s  ClockTime = 281 s  Iteration 2000 (1.07 s)

Time = 0.000804

    Collision global reduction skipped (rank 0 local diagnostics)
    Collisions                      = 34451
    Collision candidates           = 67627
    Collision acceptance rate      = 0.5094267083

    Number of DSMC particles        = 7322926
    Number of stuck particles       = 0
    Number of free particles        = 7322926
    Average linear kinetic energy   = 4.843072802e-19
    Average rotational energy       = 4.908738435e-20
    Average vibrational energy      = 2.974206924e-20
    Average electronic energy       = 0
    Total energy                    = 41.2380863

Stage 1.0  ExecutionTime = 1066 s  ClockTime = 283 s  Iteration 2010 (0.96 s)

Time = 0.000808

    Collision global reduction skipped (rank 0 local diagnostics)
    Collisions                      = 34886
    Collision candidates           = 68359
    Collision acceptance rate      = 0.5103351424

    Number of DSMC particles        = 7336840
    Number of stuck particles       = 0
    Number of free particles        = 7336840
    Average linear kinetic energy   = 4.836860756e-19
    Average rotational energy       = 4.911447069e-20
    Average vibrational energy      = 2.975559189e-20
    Average electronic energy       = 0
    Total energy                    = 41.27384377

Stage 1.0  ExecutionTime = 1072.95 s  ClockTime = 284 s  Iteration 2020 (0.95 s)

Time = 0.000812

    Collision global reduction skipped (rank 0 local diagnostics)
    Collisions                      = 34990
    Collision candidates           = 68915
    Collision acceptance rate      = 0.50772691

    Number of DSMC particles        = 7350418
    Number of stuck particles       = 0
    Number of free particles        = 7350418
    Average linear kinetic energy   = 4.83135916e-19
    Average rotational energy       = 4.907820178e-20
    Average vibrational energy      = 2.97647361e-20
    Average electronic energy       = 0
    Total energy                    = 41.30779483

Stage 1.0  ExecutionTime = 1080 s  ClockTime = 286 s  Iteration 2030 (0.92 s)

Time = 0.000816

    Collision global reduction skipped (rank 0 local diagnostics)
    Collisions                      = 35202
    Collision candidates           = 69539
    Collision acceptance rate      = 0.5062195315

    Number of DSMC particles        = 7363909
    Number of stuck particles       = 0
    Number of free particles        = 7363909
    Average linear kinetic energy   = 4.825614506e-19
    Average rotational energy       = 4.908007076e-20
    Average vibrational energy      = 2.97563923e-20
    Average electronic energy       = 0
    Total energy                    = 41.34083149

Stage 1.0  ExecutionTime = 1086.95 s  ClockTime = 288 s  Iteration 2040 (0.98 s)

Time = 0.00082

    Collision global reduction skipped (rank 0 local diagnostics)
    Collisions                      = 35372
    Collision candidates           = 70222
    Collision acceptance rate      = 0.5037167839

    Number of DSMC particles        = 7377570
    Number of stuck particles       = 0
    Number of free particles        = 7377570
    Average linear kinetic energy   = 4.8197239e-19
    Average rotational energy       = 4.906232406e-20
    Average vibrational energy      = 2.978399737e-20
    Average electronic energy       = 0
    Total energy                    = 41.37479301

Stage 1.0  ExecutionTime = 1094.25 s  ClockTime = 290 s  Iteration 2050 (1.16 s)

Time = 0.000824

    Collision global reduction skipped (rank 0 local diagnostics)
    Collisions                      = 35766
    Collision candidates           = 70860
    Collision acceptance rate      = 0.5047417443

    Number of DSMC particles        = 7391468
    Number of stuck particles       = 0
    Number of free particles        = 7391468
    Average linear kinetic energy   = 4.813728015e-19
    Average rotational energy       = 4.909531203e-20
    Average vibrational energy      = 2.981544452e-20
    Average electronic energy       = 0
    Total energy                    = 41.4131799

Stage 1.0  ExecutionTime = 1101.49 s  ClockTime = 291 s  Iteration 2060 (1.03 s)

Time = 0.000828

    Collision global reduction skipped (rank 0 local diagnostics)
    Collisions                      = 36116
    Collision candidates           = 71507
    Collision acceptance rate      = 0.5050694338

    Number of DSMC particles        = 7404643
    Number of stuck particles       = 0
    Number of free particles        = 7404643
    Average linear kinetic energy   = 4.807826894e-19
    Average rotational energy       = 4.907263551e-20
    Average vibrational energy      = 2.983050862e-20
    Average electronic energy       = 0
    Total energy                    = 41.44273789

Stage 1.0  ExecutionTime = 1108.77 s  ClockTime = 293 s  Iteration 2070 (1.03 s)

Time = 0.000832

    Collision global reduction skipped (rank 0 local diagnostics)
    Collisions                      = 36207
    Collision candidates           = 72177
    Collision acceptance rate      = 0.5016417972

    Number of DSMC particles        = 7417759
    Number of stuck particles       = 0
    Number of free particles        = 7417759
    Average linear kinetic energy   = 4.802511753e-19
    Average rotational energy       = 4.906914927e-20
    Average vibrational energy      = 2.984149956e-20
    Average electronic energy       = 0
    Total energy                    = 41.47727653

Stage 1.0  ExecutionTime = 1115.97 s  ClockTime = 295 s  Iteration 2080 (1 s)

Time = 0.000836

    Collision global reduction skipped (rank 0 local diagnostics)
    Collisions                      = 36596
    Collision candidates           = 72508
    Collision acceptance rate      = 0.5047167209

    Number of DSMC particles        = 7430967
    Number of stuck particles       = 0
    Number of free particles        = 7430967
    Average linear kinetic energy   = 4.796826354e-19
    Average rotational energy       = 4.910390692e-20
    Average vibrational energy      = 2.984393404e-20
    Average electronic energy       = 0
    Total energy                    = 41.51164635

Stage 1.0  ExecutionTime = 1123 s  ClockTime = 297 s  Iteration 2090 (0.95 s)

Time = 0.00084

    Collision global reduction skipped (rank 0 local diagnostics)
    Collisions                      = 36746
    Collision candidates           = 73176
    Collision acceptance rate      = 0.5021591779

    Number of DSMC particles        = 7444493
    Number of stuck particles       = 0
    Number of free particles        = 7444493
    Average linear kinetic energy   = 4.791281871e-19
    Average rotational energy       = 4.908232149e-20
    Average vibrational energy      = 2.984774082e-20
    Average electronic energy       = 0
    Total energy                    = 41.54460731

Stage 1.0  ExecutionTime = 1130.2 s  ClockTime = 299 s  Iteration 2100 (1.08 s)

Time = 0.000844

    Collision global reduction skipped (rank 0 local diagnostics)
    Collisions                      = 36800
    Collision candidates           = 73648
    Collision acceptance rate      = 0.4996741256

    Number of DSMC particles        = 7457225
    Number of stuck particles       = 0
    Number of free particles        = 7457225
    Average linear kinetic energy   = 4.785383482e-19
    Average rotational energy       = 4.909290333e-20
    Average vibrational energy      = 2.985343428e-20
    Average electronic energy       = 0
    Total energy                    = 41.57288736

Stage 1.0  ExecutionTime = 1137.43 s  ClockTime = 301 s  Iteration 2110 (0.98 s)

Time = 0.000848

    Collision global reduction skipped (rank 0 local diagnostics)
    Collisions                      = 37116
    Collision candidates           = 74438
    Collision acceptance rate      = 0.4986162981

    Number of DSMC particles        = 7470016
    Number of stuck particles       = 0
    Number of free particles        = 7470016
    Average linear kinetic energy   = 4.78045202e-19
    Average rotational energy       = 4.908813037e-20
    Average vibrational energy      = 2.986581471e-20
    Average electronic energy       = 0
    Total energy                    = 41.60792541

Stage 1.0  ExecutionTime = 1144.58 s  ClockTime = 302 s  Iteration 2120 (1.02 s)

Time = 0.000852

    Collision global reduction skipped (rank 0 local diagnostics)
    Collisions                      = 37506
    Collision candidates           = 74990
    Collision acceptance rate      = 0.5001466862

    Number of DSMC particles        = 7482988
    Number of stuck particles       = 0
    Number of free particles        = 7482988
    Average linear kinetic energy   = 4.775254263e-19
    Average rotational energy       = 4.907273437e-20
    Average vibrational energy      = 2.989324378e-20
    Average electronic energy       = 0
    Total energy                    = 41.64218501

Stage 1.0  ExecutionTime = 1151.72 s  ClockTime = 304 s  Iteration 2130 (0.97 s)

Time = 0.000856

    Collision global reduction skipped (rank 0 local diagnostics)
    Collisions                      = 37678
    Collision candidates           = 75433
    Collision acceptance rate      = 0.4994896133

    Number of DSMC particles        = 7496187
    Number of stuck particles       = 0
    Number of free particles        = 7496187
    Average linear kinetic energy   = 4.769422443e-19
    Average rotational energy       = 4.909716836e-20
    Average vibrational energy      = 2.991998917e-20
    Average electronic energy       = 0
    Total energy                    = 41.6757564

Stage 1.0  ExecutionTime = 1158.87 s  ClockTime = 306 s  Iteration 2140 (0.98 s)

Time = 0.00086

    Collision global reduction skipped (rank 0 local diagnostics)
    Collisions                      = 37793
    Collision candidates           = 76077
    Collision acceptance rate      = 0.4967730063

    Number of DSMC particles        = 7508996
    Number of stuck particles       = 0
    Number of free particles        = 7508996
    Average linear kinetic energy   = 4.764046499e-19
    Average rotational energy       = 4.906504344e-20
    Average vibrational energy      = 2.993362528e-20
    Average electronic energy       = 0
    Total energy                    = 41.70521298

Stage 1.0  ExecutionTime = 1166.29 s  ClockTime = 308 s  Iteration 2150 (1.17 s)

Time = 0.000864

    Collision global reduction skipped (rank 0 local diagnostics)
    Collisions                      = 38117
    Collision candidates           = 76440
    Collision acceptance rate      = 0.4986525379

    Number of DSMC particles        = 7521566
    Number of stuck particles       = 0
    Number of free particles        = 7521566
    Average linear kinetic energy   = 4.758561821e-19
    Average rotational energy       = 4.910422174e-20
    Average vibrational energy      = 2.994473984e-20
    Average electronic energy       = 0
    Total energy                    = 41.73755662

Stage 1.0  ExecutionTime = 1173.61 s  ClockTime = 310 s  Iteration 2160 (1.06 s)

Time = 0.000868

    Collision global reduction skipped (rank 0 local diagnostics)
    Collisions                      = 38271
    Collision candidates           = 77035
    Collision acceptance rate      = 0.4968001558

    Number of DSMC particles        = 7534145
    Number of stuck particles       = 0
    Number of free particles        = 7534145
    Average linear kinetic energy   = 4.7536156e-19
    Average rotational energy       = 4.911130475e-20
    Average vibrational energy      = 2.993939221e-20
    Average electronic energy       = 0
    Total energy                    = 41.77022334

Stage 1.0  ExecutionTime = 1180.83 s  ClockTime = 311 s  Iteration 2170 (0.97 s)

Time = 0.000872

    Collision global reduction skipped (rank 0 local diagnostics)
    Collisions                      = 38540
    Collision candidates           = 77843
    Collision acceptance rate      = 0.4950991097

    Number of DSMC particles        = 7546675
    Number of stuck particles       = 0
    Number of free particles        = 7546675
    Average linear kinetic energy   = 4.748483855e-19
    Average rotational energy       = 4.912674137e-20
    Average vibrational energy      = 2.99353253e-20
    Average electronic energy       = 0
    Total energy                    = 41.80182162

Stage 1.0  ExecutionTime = 1188.03 s  ClockTime = 313 s  Iteration 2180 (0.98 s)

Time = 0.000876

    Collision global reduction skipped (rank 0 local diagnostics)
    Collisions                      = 39237
    Collision candidates           = 78786
    Collision acceptance rate      = 0.4980199528

    Number of DSMC particles        = 7558933
    Number of stuck particles       = 0
    Number of free particles        = 7558933
    Average linear kinetic energy   = 4.743525814e-19
    Average rotational energy       = 4.91265322e-20
    Average vibrational energy      = 2.993800865e-20
    Average electronic energy       = 0
    Total energy                    = 41.83242948

Stage 1.0  ExecutionTime = 1195.28 s  ClockTime = 315 s  Iteration 2190 (1.04 s)

Time = 0.00088

    Collision global reduction skipped (rank 0 local diagnostics)
    Collisions                      = 39384
    Collision candidates           = 79460
    Collision acceptance rate      = 0.4956456079

    Number of DSMC particles        = 7571364
    Number of stuck particles       = 0
    Number of free particles        = 7571364
    Average linear kinetic energy   = 4.738448872e-19
    Average rotational energy       = 4.913328826e-20
    Average vibrational energy      = 2.99544987e-20
    Average electronic energy       = 0
    Total energy                    = 41.86454544

Stage 1.0  ExecutionTime = 1202.64 s  ClockTime = 317 s  Iteration 2200 (1.13 s)

Time = 0.000884

    Collision global reduction skipped (rank 0 local diagnostics)
    Collisions                      = 39659
    Collision candidates           = 79911
    Collision acceptance rate      = 0.4962896222

    Number of DSMC particles        = 7584357
    Number of stuck particles       = 0
    Number of free particles        = 7584357
    Average linear kinetic energy   = 4.733169764e-19
    Average rotational energy       = 4.914627899e-20
    Average vibrational energy      = 2.997834446e-20
    Average electronic energy       = 0
    Total energy                    = 41.89914315

Stage 1.0  ExecutionTime = 1209.95 s  ClockTime = 319 s  Iteration 2210 (1.06 s)

Time = 0.000888

    Collision global reduction skipped (rank 0 local diagnostics)
    Collisions                      = 39940
    Collision candidates           = 80723
    Collision acceptance rate      = 0.4947784398

    Number of DSMC particles        = 7596472
    Number of stuck particles       = 0
    Number of free particles        = 7596472
    Average linear kinetic energy   = 4.727834042e-19
    Average rotational energy       = 4.91236117e-20
    Average vibrational energy      = 2.999037182e-20
    Average electronic energy       = 0
    Total energy                    = 41.92473052

Stage 1.0  ExecutionTime = 1217.32 s  ClockTime = 321 s  Iteration 2220 (1.07 s)

Time = 0.000892

    Collision global reduction skipped (rank 0 local diagnostics)
    Collisions                      = 40128
    Collision candidates           = 81278
    Collision acceptance rate      = 0.4937129358

    Number of DSMC particles        = 7609000
    Number of stuck particles       = 0
    Number of free particles        = 7609000
    Average linear kinetic energy   = 4.723034315e-19
    Average rotational energy       = 4.913036485e-20
    Average vibrational energy      = 3.000406095e-20
    Average electronic energy       = 0
    Total energy                    = 41.95890656

Stage 1.0  ExecutionTime = 1224.76 s  ClockTime = 322 s  Iteration 2230 (1.06 s)

Time = 0.000896

    Collision global reduction skipped (rank 0 local diagnostics)
    Collisions                      = 40183
    Collision candidates           = 81567
    Collision acceptance rate      = 0.4926379541

    Number of DSMC particles        = 7621002
    Number of stuck particles       = 0
    Number of free particles        = 7621002
    Average linear kinetic energy   = 4.718010545e-19
    Average rotational energy       = 4.914139071e-20
    Average vibrational energy      = 3.003093147e-20
    Average electronic energy       = 0
    Total energy                    = 41.98969206

Stage 1.0  ExecutionTime = 1232.12 s  ClockTime = 324 s  Iteration 2240 (1.05 s)

Time = 0.0009

    Collision global reduction skipped (rank 0 local diagnostics)
    Collisions                      = 40222
    Collision candidates           = 82134
    Collision acceptance rate      = 0.4897119342


Phase C auto DLB triggered (SAR) at step 2250: sar=0.03797308293 loadImbalance=1.248861456 threshold=1.5 particleMaxMin=1
Phase C ParMETIS weights: particles=7633227 activeCells=104151 maxCellParticles=257
Phase C ParMETIS: alpha=1 ncon=1 ubvec=[1.05] moveRatio=0.8857097015 (moveT=131.7651504s, collT=17.00272488s)
Phase C ParMETIS: AdaptiveRepart (104151 cells, 1 constraints, ubvec=1.05)
Replicated mesh: rank 0 owns 6790 / 104151 cells
Local mesh: 6790 owned + 267 halo = 7057 / 104151 cells
Phase C ParMETIS AdaptiveRepart: 53620 / 104151 cells changed (0.5148294303)
Phase C auto DLB complete: rebalance #9

    Number of DSMC particles        = 7633227
    Number of stuck particles       = 0
    Number of free particles        = 7633227
    Average linear kinetic energy   = 4.713535649e-19
    Average rotational energy       = 4.913769116e-20
    Average vibrational energy      = 3.005449192e-20
    Average electronic energy       = 0
    Total energy                    = 42.02440668

Stage 1.0  ExecutionTime = 1240.36 s  ClockTime = 327 s  Iteration 2250 (1.91 s)

Time = 0.000904

    Collision global reduction skipped (rank 0 local diagnostics)
    Collisions                      = 40668
    Collision candidates           = 82210
    Collision acceptance rate      = 0.494684345

    Number of DSMC particles        = 7644902
    Number of stuck particles       = 0
    Number of free particles        = 7644902
    Average linear kinetic energy   = 4.710103511e-19
    Average rotational energy       = 4.905828302e-20
    Average vibrational energy      = 3.00382747e-20
    Average electronic energy       = 0
    Total energy                    = 42.05513407

Stage 1.0  ExecutionTime = 1247.75 s  ClockTime = 328 s  Iteration 2260 (1.02 s)

Time = 0.000908

    Collision global reduction skipped (rank 0 local diagnostics)
    Collisions                      = 40641
    Collision candidates           = 82555
    Collision acceptance rate      = 0.4922899885

    Number of DSMC particles        = 7656329
    Number of stuck particles       = 0
    Number of free particles        = 7656329
    Average linear kinetic energy   = 4.704283499e-19
    Average rotational energy       = 4.907745373e-20
    Average vibrational energy      = 3.005265743e-20
    Average electronic energy       = 0
    Total energy                    = 42.07600382

Stage 1.0  ExecutionTime = 1255.1 s  ClockTime = 330 s  Iteration 2270 (0.98 s)

Time = 0.000912

    Collision global reduction skipped (rank 0 local diagnostics)
    Collisions                      = 41163
    Collision candidates           = 83350
    Collision acceptance rate      = 0.4938572286

    Number of DSMC particles        = 7668509
    Number of stuck particles       = 0
    Number of free particles        = 7668509
    Average linear kinetic energy   = 4.698861439e-19
    Average rotational energy       = 4.913141466e-20
    Average vibrational energy      = 3.00736682e-20
    Average electronic energy       = 0
    Total energy                    = 42.10711015

Stage 1.0  ExecutionTime = 1262.62 s  ClockTime = 332 s  Iteration 2280 (0.99 s)

Time = 0.000916

    Collision global reduction skipped (rank 0 local diagnostics)
    Collisions                      = 41672
    Collision candidates           = 84161
    Collision acceptance rate      = 0.4951462079

    Number of DSMC particles        = 7680211
    Number of stuck particles       = 0
    Number of free particles        = 7680211
    Average linear kinetic energy   = 4.693820126e-19
    Average rotational energy       = 4.912995459e-20
    Average vibrational energy      = 3.008180136e-20
    Average electronic energy       = 0
    Total energy                    = 42.13315896

Stage 1.0  ExecutionTime = 1270.04 s  ClockTime = 334 s  Iteration 2290 (0.98 s)

Time = 0.00092

    Collision global reduction skipped (rank 0 local diagnostics)
    Collisions                      = 41632
    Collision candidates           = 84696
    Collision acceptance rate      = 0.4915462359

    Number of DSMC particles        = 7691715
    Number of stuck particles       = 0
    Number of free particles        = 7691715
    Average linear kinetic energy   = 4.68889484e-19
    Average rotational energy       = 4.915757976e-20
    Average vibrational energy      = 3.007740661e-20
    Average electronic energy       = 0
    Total energy                    = 42.16017211

Stage 1.0  ExecutionTime = 1277.7 s  ClockTime = 336 s  Iteration 2300 (1.1 s)

Time = 0.000924

    Collision global reduction skipped (rank 0 local diagnostics)
    Collisions                      = 41866
    Collision candidates           = 85097
    Collision acceptance rate      = 0.4919797408

    Number of DSMC particles        = 7703251
    Number of stuck particles       = 0
    Number of free particles        = 7703251
    Average linear kinetic energy   = 4.684686181e-19
    Average rotational energy       = 4.914754134e-20
    Average vibrational energy      = 3.007557616e-20
    Average electronic energy       = 0
    Total energy                    = 42.1900691

Stage 1.0  ExecutionTime = 1285.07 s  ClockTime = 338 s  Iteration 2310 (1.01 s)

Time = 0.000928

    Collision global reduction skipped (rank 0 local diagnostics)
    Collisions                      = 41942
    Collision candidates           = 85657
    Collision acceptance rate      = 0.4896505831

    Number of DSMC particles        = 7714876
    Number of stuck particles       = 0
    Number of free particles        = 7714876
    Average linear kinetic energy   = 4.680605146e-19
    Average rotational energy       = 4.913490985e-20
    Average vibrational energy      = 3.008541735e-20
    Average electronic energy       = 0
    Total energy                    = 42.22203831

Stage 1.0  ExecutionTime = 1292.63 s  ClockTime = 340 s  Iteration 2320 (1.07 s)

Time = 0.000932

    Collision global reduction skipped (rank 0 local diagnostics)
    Collisions                      = 42280
    Collision candidates           = 86332
    Collision acceptance rate      = 0.4897372932

    Number of DSMC particles        = 7726623
    Number of stuck particles       = 0
    Number of free particles        = 7726623
    Average linear kinetic energy   = 4.67607006e-19
    Average rotational energy       = 4.916243886e-20
    Average vibrational energy      = 3.010429266e-20
    Average electronic energy       = 0
    Total energy                    = 42.25487199

Stage 1.0  ExecutionTime = 1300.2 s  ClockTime = 342 s  Iteration 2330 (0.99 s)

Time = 0.000936

    Collision global reduction skipped (rank 0 local diagnostics)
    Collisions                      = 42467
    Collision candidates           = 86730
    Collision acceptance rate      = 0.4896460279

    Number of DSMC particles        = 7737558
    Number of stuck particles       = 0
    Number of free particles        = 7737558
    Average linear kinetic energy   = 4.671359562e-19
    Average rotational energy       = 4.918213209e-20
    Average vibrational energy      = 3.010517209e-20
    Average electronic energy       = 0
    Total energy                    = 42.2798167

Stage 1.0  ExecutionTime = 1307.73 s  ClockTime = 344 s  Iteration 2340 (1.06 s)

Time = 0.00094

    Collision global reduction skipped (rank 0 local diagnostics)
    Collisions                      = 42582
    Collision candidates           = 87271
    Collision acceptance rate      = 0.4879284069

    Number of DSMC particles        = 7748975
    Number of stuck particles       = 0
    Number of free particles        = 7748975
    Average linear kinetic energy   = 4.666945495e-19
    Average rotational energy       = 4.919824334e-20
    Average vibrational energy      = 3.011474737e-20
    Average electronic energy       = 0
    Total energy                    = 42.30998779

Stage 1.0  ExecutionTime = 1315.28 s  ClockTime = 345 s  Iteration 2350 (1.11 s)

Time = 0.000944

    Collision global reduction skipped (rank 0 local diagnostics)
    Collisions                      = 42825
    Collision candidates           = 87566
    Collision acceptance rate      = 0.4890596807

    Number of DSMC particles        = 7759735
    Number of stuck particles       = 0
    Number of free particles        = 7759735
    Average linear kinetic energy   = 4.662267506e-19
    Average rotational energy       = 4.92096104e-20
    Average vibrational energy      = 3.013587722e-20
    Average electronic energy       = 0
    Total energy                    = 42.33495992

Stage 1.0  ExecutionTime = 1322.78 s  ClockTime = 347 s  Iteration 2360 (1.08 s)

Time = 0.000948

    Collision global reduction skipped (rank 0 local diagnostics)
    Collisions                      = 42927
    Collision candidates           = 88001
    Collision acceptance rate      = 0.487801275

    Number of DSMC particles        = 7771222
    Number of stuck particles       = 0
    Number of free particles        = 7771222
    Average linear kinetic energy   = 4.658058789e-19
    Average rotational energy       = 4.919671388e-20
    Average vibrational energy      = 3.013113722e-20
    Average electronic energy       = 0
    Total energy                    = 42.36355236

Stage 1.0  ExecutionTime = 1330.39 s  ClockTime = 349 s  Iteration 2370 (1.01 s)

Time = 0.000952

    Collision global reduction skipped (rank 0 local diagnostics)
    Collisions                      = 43440
    Collision candidates           = 88630
    Collision acceptance rate      = 0.4901274963

    Number of DSMC particles        = 7782236
    Number of stuck particles       = 0
    Number of free particles        = 7782236
    Average linear kinetic energy   = 4.654164349e-19
    Average rotational energy       = 4.915878222e-20
    Average vibrational energy      = 3.01543787e-20
    Average electronic energy       = 0
    Total energy                    = 42.39214271

Stage 1.0  ExecutionTime = 1338.15 s  ClockTime = 351 s  Iteration 2380 (1.09 s)

Time = 0.000956

    Collision global reduction skipped (rank 0 local diagnostics)
    Collisions                      = 43429
    Collision candidates           = 89146
    Collision acceptance rate      = 0.4871671191

    Number of DSMC particles        = 7793376
    Number of stuck particles       = 0
    Number of free particles        = 7793376
    Average linear kinetic energy   = 4.649510665e-19
    Average rotational energy       = 4.920346116e-20
    Average vibrational energy      = 3.016337293e-20
    Average electronic energy       = 0
    Total energy                    = 42.42074063

Stage 1.0  ExecutionTime = 1345.97 s  ClockTime = 353 s  Iteration 2390 (1.1 s)

Time = 0.00096

    Collision global reduction skipped (rank 0 local diagnostics)
    Collisions                      = 43712
    Collision candidates           = 89722
    Collision acceptance rate      = 0.4871937763

    Number of DSMC particles        = 7804366
    Number of stuck particles       = 0
    Number of free particles        = 7804366
    Average linear kinetic energy   = 4.64476828e-19
    Average rotational energy       = 4.919012384e-20
    Average vibrational energy      = 3.01775025e-20
    Average electronic energy       = 0
    Total energy                    = 42.44361169

Stage 1.0  ExecutionTime = 1353.92 s  ClockTime = 355 s  Iteration 2400 (1.23 s)

Time = 0.000964

    Collision global reduction skipped (rank 0 local diagnostics)
    Collisions                      = 43984
    Collision candidates           = 90401
    Collision acceptance rate      = 0.4865432905

    Number of DSMC particles        = 7815389
    Number of stuck particles       = 0
    Number of free particles        = 7815389
    Average linear kinetic energy   = 4.640597184e-19
    Average rotational energy       = 4.917790748e-20
    Average vibrational energy      = 3.018170951e-20
    Average electronic energy       = 0
    Total energy                    = 42.47033496

Stage 1.0  ExecutionTime = 1361.69 s  ClockTime = 357 s  Iteration 2410 (1.08 s)

Time = 0.000968

    Collision global reduction skipped (rank 0 local diagnostics)
    Collisions                      = 44521
    Collision candidates           = 90882
    Collision acceptance rate      = 0.4898769833

    Number of DSMC particles        = 7826162
    Number of stuck particles       = 0
    Number of free particles        = 7826162
    Average linear kinetic energy   = 4.636416917e-19
    Average rotational energy       = 4.919120731e-20
    Average vibrational energy      = 3.017207643e-20
    Average electronic energy       = 0
    Total energy                    = 42.49644904

Stage 1.0  ExecutionTime = 1369.29 s  ClockTime = 359 s  Iteration 2420 (1.09 s)

Time = 0.000972

    Collision global reduction skipped (rank 0 local diagnostics)
    Collisions                      = 44247
    Collision candidates           = 91174
    Collision acceptance rate      = 0.4853028276

    Number of DSMC particles        = 7837169
    Number of stuck particles       = 0
    Number of free particles        = 7837169
    Average linear kinetic energy   = 4.632563172e-19
    Average rotational energy       = 4.916264302e-20
    Average vibrational energy      = 3.018643016e-20
    Average electronic energy       = 0
    Total energy                    = 42.52490145

Stage 1.0  ExecutionTime = 1377.1 s  ClockTime = 361 s  Iteration 2430 (1.09 s)

Time = 0.000976

    Collision global reduction skipped (rank 0 local diagnostics)
    Collisions                      = 44594
    Collision candidates           = 91802
    Collision acceptance rate      = 0.4857628374

    Number of DSMC particles        = 7847178
    Number of stuck particles       = 0
    Number of free particles        = 7847178
    Average linear kinetic energy   = 4.628404148e-19
    Average rotational energy       = 4.913004183e-20
    Average vibrational energy      = 3.021096527e-20
    Average electronic energy       = 0
    Total energy                    = 42.54594126

Stage 1.0  ExecutionTime = 1384.92 s  ClockTime = 363 s  Iteration 2440 (1.11 s)

Time = 0.00098

    Collision global reduction skipped (rank 0 local diagnostics)
    Collisions                      = 45021
    Collision candidates           = 92231
    Collision acceptance rate      = 0.4881330572

    Number of DSMC particles        = 7857851
    Number of stuck particles       = 0
    Number of free particles        = 7857851
    Average linear kinetic energy   = 4.624268856e-19
    Average rotational energy       = 4.914094017e-20
    Average vibrational energy      = 3.023098261e-20
    Average electronic energy       = 0
    Total energy                    = 42.57374308

Stage 1.0  ExecutionTime = 1392.95 s  ClockTime = 365 s  Iteration 2450 (1.26 s)

Time = 0.000984

    Collision global reduction skipped (rank 0 local diagnostics)
    Collisions                      = 45184
    Collision candidates           = 92883
    Collision acceptance rate      = 0.4864614623

    Number of DSMC particles        = 7868414
    Number of stuck particles       = 0
    Number of free particles        = 7868414
    Average linear kinetic energy   = 4.620020355e-19
    Average rotational energy       = 4.916632645e-20
    Average vibrational energy      = 3.025900112e-20
    Average electronic energy       = 0
    Total energy                    = 42.60174644

Stage 1.0  ExecutionTime = 1400.87 s  ClockTime = 367 s  Iteration 2460 (1.11 s)

Time = 0.000988

    Collision global reduction skipped (rank 0 local diagnostics)
    Collisions                      = 45383
    Collision candidates           = 93426
    Collision acceptance rate      = 0.4857641342

    Number of DSMC particles        = 7878912
    Number of stuck particles       = 0
    Number of free particles        = 7878912
    Average linear kinetic energy   = 4.616138332e-19
    Average rotational energy       = 4.915756374e-20
    Average vibrational energy      = 3.025577028e-20
    Average electronic energy       = 0
    Total energy                    = 42.6270544

Stage 1.0  ExecutionTime = 1408.77 s  ClockTime = 369 s  Iteration 2470 (1.12 s)

Time = 0.000992

    Collision global reduction skipped (rank 0 local diagnostics)
    Collisions                      = 45484
    Collision candidates           = 93898
    Collision acceptance rate      = 0.4843979637

    Number of DSMC particles        = 7889144
    Number of stuck particles       = 0
    Number of free particles        = 7889144
    Average linear kinetic energy   = 4.612392739e-19
    Average rotational energy       = 4.913281173e-20
    Average vibrational energy      = 3.025464544e-20
    Average electronic energy       = 0
    Total energy                    = 42.65082132

Stage 1.0  ExecutionTime = 1416.69 s  ClockTime = 371 s  Iteration 2480 (1.09 s)

Time = 0.000996

    Collision global reduction skipped (rank 0 local diagnostics)
    Collisions                      = 45947
    Collision candidates           = 94561
    Collision acceptance rate      = 0.4858979918

    Number of DSMC particles        = 7899648
    Number of stuck particles       = 0
    Number of free particles        = 7899648
    Average linear kinetic energy   = 4.608902858e-19
    Average rotational energy       = 4.908991251e-20
    Average vibrational energy      = 3.025798115e-20
    Average electronic energy       = 0
    Total energy                    = 42.67691454

Stage 1.0  ExecutionTime = 1424.55 s  ClockTime = 373 s  Iteration 2490 (1.09 s)

Time = 0.001

    Collision global reduction skipped (rank 0 local diagnostics)
    Collisions                      = 45874
    Collision candidates           = 94989
    Collision acceptance rate      = 0.4829401299

    Number of DSMC particles        = 7909679
    Number of stuck particles       = 0
    Number of free particles        = 7909679
    Average linear kinetic energy   = 4.604588993e-19
    Average rotational energy       = 4.910586452e-20
    Average vibrational energy      = 3.025698855e-20
    Average electronic energy       = 0
    Total energy                    = 42.69816779
Replicated mesh: processor output begin at time 0.001 (read mesh instance "constant", processor mesh instance 0.001)
Replicated mesh: constructing processor mesh/addressing

Using externally supplied distribution of cells

Calculating original mesh data

Distributing cells to processors

Distributing faces to processors

Distributing points to processors

Constructing processor meshes

Processor 0
    Number of cells = 6790
    Number of faces shared with processor 1 = 0
    Number of faces shared with processor 2 = 0
    Number of faces shared with processor 3 = 95
    Number of faces shared with processor 4 = 93
    Number of faces shared with processor 5 = 0
    Number of faces shared with processor 6 = 0
    Number of faces shared with processor 7 = 0
    Number of faces shared with processor 8 = 0
    Number of faces shared with processor 9 = 11
    Number of faces shared with processor 10 = 105
    Number of faces shared with processor 11 = 0
    Number of faces shared with processor 12 = 0
    Number of faces shared with processor 13 = 0
    Number of faces shared with processor 14 = 0
    Number of faces shared with processor 15 = 0
    Number of processor patches = 15
    Number of processor faces = 304
    Number of boundary faces = 13674

Number of processor faces = 152
Max number of cells = 6790 (4.310088237% above average 6509.4375)
Max number of processor patches = 15 (1500% above average 0.9375)
Max number of faces between processors = 304 (1500% above average 19)

Replicated mesh: rank 0 wrote processor0 output mesh/addressing at instance 0.001
Replicated mesh: rank 0 wrote processor0 mesh/addressing
Replicated mesh: processor mesh/addressing barrier complete
Replicated mesh: rank 0 loaded processor0 mesh from instance 0.001
Replicated mesh: rank 0 loaded processor addressing with 6790 cells, 27359 faces, 20 patches
Replicated mesh: rank 0 wrote processor0 volume fields at output time 0.001 (scalar=67, vector=12, sphericalTensor=0, symmTensor=0, tensor=0)
Replicated mesh: rank 0 writing processor0 lagrangian cloud
Replicated mesh: rank 0 wrote processor0 cloud at output time 0.001 with 527092 parcels
Replicated mesh processor output timing:
    owner-align migrate [s] = 0.07
    processor fields/cloud write [s] = 2.55


Stage 1.0  ExecutionTime = 1438.47 s  ClockTime = 379 s  Iteration 2500 (7.2 s)

    Maximum imbalance = 10.13157424%

Time = 0.001004

    Collision global reduction skipped (rank 0 local diagnostics)
    Collisions                      = 45875
    Collision candidates           = 95335
    Collision acceptance rate      = 0.4811978812

    Number of DSMC particles        = 7920143
    Number of stuck particles       = 0
    Number of free particles        = 7920143
    Average linear kinetic energy   = 4.600531098e-19
    Average rotational energy       = 4.910255059e-20
    Average vibrational energy      = 3.027199932e-20
    Average electronic energy       = 0
    Total energy                    = 42.72344203

Stage 1.0  ExecutionTime = 1446.15 s  ClockTime = 381 s  Iteration 2510 (1.03 s)

Time = 0.001008

    Collision global reduction skipped (rank 0 local diagnostics)
    Collisions                      = 46518
    Collision candidates           = 95898
    Collision acceptance rate      = 0.4850778953

    Number of DSMC particles        = 7930265
    Number of stuck particles       = 0
    Number of free particles        = 7930265
    Average linear kinetic energy   = 4.596227163e-19
    Average rotational energy       = 4.914250889e-20
    Average vibrational energy      = 3.028753944e-20
    Average electronic energy       = 0
    Total energy                    = 42.74831273

Stage 1.0  ExecutionTime = 1453.77 s  ClockTime = 383 s  Iteration 2520 (1.01 s)

Time = 0.001012

    Collision global reduction skipped (rank 0 local diagnostics)
    Collisions                      = 46622
    Collision candidates           = 96159
    Collision acceptance rate      = 0.4848428124

    Number of DSMC particles        = 7940323
    Number of stuck particles       = 0
    Number of free particles        = 7940323
    Average linear kinetic energy   = 4.592801838e-19
    Average rotational energy       = 4.911075526e-20
    Average vibrational energy      = 3.029653642e-20
    Average electronic energy       = 0
    Total energy                    = 42.77352551

Stage 1.0  ExecutionTime = 1461.4 s  ClockTime = 385 s  Iteration 2530 (1.04 s)

Time = 0.001016

    Collision global reduction skipped (rank 0 local diagnostics)
    Collisions                      = 46355
    Collision candidates           = 96670
    Collision acceptance rate      = 0.4795179477

    Number of DSMC particles        = 7950415
    Number of stuck particles       = 0
    Number of free particles        = 7950415
    Average linear kinetic energy   = 4.588993303e-19
    Average rotational energy       = 4.908970349e-20
    Average vibrational energy      = 3.029532246e-20
    Average electronic energy       = 0
    Total energy                    = 42.7958402

Stage 1.0  ExecutionTime = 1469.08 s  ClockTime = 387 s  Iteration 2540 (1.03 s)

Time = 0.00102

    Collision global reduction skipped (rank 0 local diagnostics)
    Collisions                      = 46707
    Collision candidates           = 97108
    Collision acceptance rate      = 0.4809799399

    Number of DSMC particles        = 7960643
    Number of stuck particles       = 0
    Number of free particles        = 7960643
    Average linear kinetic energy   = 4.58501292e-19
    Average rotational energy       = 4.910841853e-20
    Average vibrational energy      = 3.030235553e-20
    Average electronic energy       = 0
    Total energy                    = 42.82125923

Stage 1.0  ExecutionTime = 1477.09 s  ClockTime = 389 s  Iteration 2550 (1.23 s)

Time = 0.001024

    Collision global reduction skipped (rank 0 local diagnostics)
    Collisions                      = 47183
    Collision candidates           = 97641
    Collision acceptance rate      = 0.4832293811

    Number of DSMC particles        = 7970985
    Number of stuck particles       = 0
    Number of free particles        = 7970985
    Average linear kinetic energy   = 4.580820749e-19
    Average rotational energy       = 4.914849915e-20
    Average vibrational energy      = 3.032324716e-20
    Average electronic energy       = 0
    Total energy                    = 42.84833446

Stage 1.0  ExecutionTime = 1484.89 s  ClockTime = 391 s  Iteration 2560 (1.03 s)

Time = 0.001028

    Collision global reduction skipped (rank 0 local diagnostics)
    Collisions                      = 47098
    Collision candidates           = 98037
    Collision acceptance rate      = 0.4804104573

    Number of DSMC particles        = 7981117
    Number of stuck particles       = 0
    Number of free particles        = 7981117
    Average linear kinetic energy   = 4.577324594e-19
    Average rotational energy       = 4.9124407e-20
    Average vibrational energy      = 3.034192515e-20
    Average electronic energy       = 0
    Total energy                    = 42.87446408

Stage 1.0  ExecutionTime = 1492.65 s  ClockTime = 392 s  Iteration 2570 (1.05 s)

Time = 0.001032

    Collision global reduction skipped (rank 0 local diagnostics)
    Collisions                      = 47728
    Collision candidates           = 98425
    Collision acceptance rate      = 0.4849174498

    Number of DSMC particles        = 7990869
    Number of stuck particles       = 0
    Number of free particles        = 7990869
    Average linear kinetic energy   = 4.573170732e-19
    Average rotational energy       = 4.914886821e-20
    Average vibrational energy      = 3.033637602e-20
    Average electronic energy       = 0
    Total energy                    = 42.89516997

Stage 1.0  ExecutionTime = 1500.41 s  ClockTime = 394 s  Iteration 2580 (1.04 s)

Time = 0.001036

    Collision global reduction skipped (rank 0 local diagnostics)
    Collisions                      = 47835
    Collision candidates           = 98977
    Collision acceptance rate      = 0.4832940986

    Number of DSMC particles        = 8000332
    Number of stuck particles       = 0
    Number of free particles        = 8000332
    Average linear kinetic energy   = 4.569625415e-19
    Average rotational energy       = 4.913005439e-20
    Average vibrational energy      = 3.033130078e-20
    Average electronic energy       = 0
    Total energy                    = 42.91569266

Stage 1.0  ExecutionTime = 1508.16 s  ClockTime = 396 s  Iteration 2590 (1.03 s)

Time = 0.00104

    Collision global reduction skipped (rank 0 local diagnostics)
    Collisions                      = 48098
    Collision candidates           = 99303
    Collision acceptance rate      = 0.484355961

    Number of DSMC particles        = 8010152
    Number of stuck particles       = 0
    Number of free particles        = 8010152
    Average linear kinetic energy   = 4.566103174e-19
    Average rotational energy       = 4.913897255e-20
    Average vibrational energy      = 3.033511964e-20
    Average electronic energy       = 0
    Total energy                    = 42.94117605

Stage 1.0  ExecutionTime = 1516 s  ClockTime = 398 s  Iteration 2600 (1.16 s)

Time = 0.001044

    Collision global reduction skipped (rank 0 local diagnostics)
    Collisions                      = 47743
    Collision candidates           = 99661
    Collision acceptance rate      = 0.479053993

    Number of DSMC particles        = 8019983
    Number of stuck particles       = 0
    Number of free particles        = 8019983
    Average linear kinetic energy   = 4.562691891e-19
    Average rotational energy       = 4.912160335e-20
    Average vibrational energy      = 3.035117056e-20
    Average electronic energy       = 0
    Total energy                    = 42.96641436

Stage 1.0  ExecutionTime = 1523.82 s  ClockTime = 400 s  Iteration 2610 (1.04 s)

Time = 0.001048

    Collision global reduction skipped (rank 0 local diagnostics)
    Collisions                      = 48127
    Collision candidates           = 99929
    Collision acceptance rate      = 0.4816119445

    Number of DSMC particles        = 8029664
    Number of stuck particles       = 0
    Number of free particles        = 8029664
    Average linear kinetic energy   = 4.559453828e-19
    Average rotational energy       = 4.913329111e-20
    Average vibrational energy      = 3.035163808e-20
    Average electronic energy       = 0
    Total energy                    = 42.99325501

Stage 1.0  ExecutionTime = 1531.57 s  ClockTime = 402 s  Iteration 2620 (1.04 s)

Time = 0.001052

    Collision global reduction skipped (rank 0 local diagnostics)
    Collisions                      = 48341
    Collision candidates           = 100542
    Collision acceptance rate      = 0.4808040421

    Number of DSMC particles        = 8039112
    Number of stuck particles       = 0
    Number of free particles        = 8039112
    Average linear kinetic energy   = 4.556315824e-19
    Average rotational energy       = 4.908542028e-20
    Average vibrational energy      = 3.036074893e-20
    Average electronic energy       = 0
    Total energy                    = 43.01549974

Stage 1.0  ExecutionTime = 1539.46 s  ClockTime = 404 s  Iteration 2630 (1.12 s)

Time = 0.001056

    Collision global reduction skipped (rank 0 local diagnostics)
    Collisions                      = 48672
    Collision candidates           = 100983
    Collision acceptance rate      = 0.4819821158

    Number of DSMC particles        = 8048747
    Number of stuck particles       = 0
    Number of free particles        = 8048747
    Average linear kinetic energy   = 4.552553672e-19
    Average rotational energy       = 4.913105081e-20
    Average vibrational energy      = 3.036346646e-20
    Average electronic energy       = 0
    Total energy                    = 43.04066529

Stage 1.0  ExecutionTime = 1547.27 s  ClockTime = 406 s  Iteration 2640 (1.05 s)

Time = 0.00106

    Collision global reduction skipped (rank 0 local diagnostics)
    Collisions                      = 48985
    Collision candidates           = 101522
    Collision acceptance rate      = 0.4825062548

    Number of DSMC particles        = 8058660
    Number of stuck particles       = 0
    Number of free particles        = 8058660
    Average linear kinetic energy   = 4.549155846e-19
    Average rotational energy       = 4.911692138e-20
    Average vibrational energy      = 3.036901875e-20
    Average electronic energy       = 0
    Total energy                    = 43.06560191

Stage 1.0  ExecutionTime = 1555.22 s  ClockTime = 408 s  Iteration 2650 (1.2 s)

Time = 0.001064

    Collision global reduction skipped (rank 0 local diagnostics)
    Collisions                      = 49243
    Collision candidates           = 101955
    Collision acceptance rate      = 0.4829875926

    Number of DSMC particles        = 8068190
    Number of stuck particles       = 0
    Number of free particles        = 8068190
    Average linear kinetic energy   = 4.545551058e-19
    Average rotational energy       = 4.910123497e-20
    Average vibrational energy      = 3.038279989e-20
    Average electronic energy       = 0
    Total energy                    = 43.08729254

Stage 1.0  ExecutionTime = 1563.01 s  ClockTime = 410 s  Iteration 2660 (1.05 s)

Time = 0.001068

    Collision global reduction skipped (rank 0 local diagnostics)
    Collisions                      = 49085
    Collision candidates           = 102340
    Collision acceptance rate      = 0.4796267344

    Number of DSMC particles        = 8077406
    Number of stuck particles       = 0
    Number of free particles        = 8077406
    Average linear kinetic energy   = 4.541843428e-19
    Average rotational energy       = 4.913446435e-20
    Average vibrational energy      = 3.039530741e-20
    Average electronic energy       = 0
    Total energy                    = 43.11025591

Stage 1.0  ExecutionTime = 1570.87 s  ClockTime = 412 s  Iteration 2670 (1.06 s)

Time = 0.001072

    Collision global reduction skipped (rank 0 local diagnostics)
    Collisions                      = 49537
    Collision candidates           = 102828
    Collision acceptance rate      = 0.481746217

    Number of DSMC particles        = 8086923
    Number of stuck particles       = 0
    Number of free particles        = 8086923
    Average linear kinetic energy   = 4.538599437e-19
    Average rotational energy       = 4.915963427e-20
    Average vibrational energy      = 3.040052185e-20
    Average electronic energy       = 0
    Total energy                    = 43.13727274

Stage 1.0  ExecutionTime = 1578.75 s  ClockTime = 414 s  Iteration 2680 (1.09 s)

Time = 0.001076

    Collision global reduction skipped (rank 0 local diagnostics)
    Collisions                      = 49467
    Collision candidates           = 103293
    Collision acceptance rate      = 0.4788998286

    Number of DSMC particles        = 8095961
    Number of stuck particles       = 0
    Number of free particles        = 8095961
    Average linear kinetic energy   = 4.535680053e-19
    Average rotational energy       = 4.912490384e-20
    Average vibrational energy      = 3.041610096e-20
    Average electronic energy       = 0
    Total energy                    = 43.16029755

Stage 1.0  ExecutionTime = 1586.69 s  ClockTime = 416 s  Iteration 2690 (1.06 s)

Time = 0.00108

    Collision global reduction skipped (rank 0 local diagnostics)
    Collisions                      = 49927
    Collision candidates           = 103945
    Collision acceptance rate      = 0.4803213238

    Number of DSMC particles        = 8105009
    Number of stuck particles       = 0
    Number of free particles        = 8105009
    Average linear kinetic energy   = 4.532428692e-19
    Average rotational energy       = 4.910265136e-20
    Average vibrational energy      = 3.041893108e-20
    Average electronic energy       = 0
    Total energy                    = 43.18060676

Stage 1.0  ExecutionTime = 1594.69 s  ClockTime = 418 s  Iteration 2700 (1.21 s)

Time = 0.001084

    Collision global reduction skipped (rank 0 local diagnostics)
    Collisions                      = 50318
    Collision candidates           = 104415
    Collision acceptance rate      = 0.481903941

    Number of DSMC particles        = 8113870
    Number of stuck particles       = 0
    Number of free particles        = 8113870
    Average linear kinetic energy   = 4.528988024e-19
    Average rotational energy       = 4.909270286e-20
    Average vibrational energy      = 3.044566284e-20
    Average electronic energy       = 0
    Total energy                    = 43.20125965

Stage 1.0  ExecutionTime = 1602.6 s  ClockTime = 420 s  Iteration 2710 (1.05 s)

Time = 0.001088

    Collision global reduction skipped (rank 0 local diagnostics)
    Collisions                      = 50343
    Collision candidates           = 105141
    Collision acceptance rate      = 0.4788141638

    Number of DSMC particles        = 8122905
    Number of stuck particles       = 0
    Number of free particles        = 8122905
    Average linear kinetic energy   = 4.525555145e-19
    Average rotational energy       = 4.911687487e-20
    Average vibrational energy      = 3.04488513e-20
    Average electronic energy       = 0
    Total energy                    = 43.22370286

Stage 1.0  ExecutionTime = 1610.48 s  ClockTime = 422 s  Iteration 2720 (1.07 s)

Time = 0.001092

    Collision global reduction skipped (rank 0 local diagnostics)
    Collisions                      = 50601
    Collision candidates           = 105438
    Collision acceptance rate      = 0.4799123656

    Number of DSMC particles        = 8132075
    Number of stuck particles       = 0
    Number of free particles        = 8132075
    Average linear kinetic energy   = 4.522633061e-19
    Average rotational energy       = 4.910702449e-20
    Average vibrational energy      = 3.045476498e-20
    Average electronic energy       = 0
    Total energy                    = 43.24841564

Stage 1.0  ExecutionTime = 1618.47 s  ClockTime = 424 s  Iteration 2730 (1.11 s)

Time = 0.001096

    Collision global reduction skipped (rank 0 local diagnostics)
    Collisions                      = 50289
    Collision candidates           = 105694
    Collision acceptance rate      = 0.4757980585

    Number of DSMC particles        = 8140655
    Number of stuck particles       = 0
    Number of free particles        = 8140655
    Average linear kinetic energy   = 4.519058754e-19
    Average rotational energy       = 4.911629846e-20
    Average vibrational energy      = 3.046580217e-20
    Average electronic energy       = 0
    Total energy                    = 43.26660249

Stage 1.0  ExecutionTime = 1626.48 s  ClockTime = 426 s  Iteration 2740 (1.13 s)

Time = 0.0011

    Collision global reduction skipped (rank 0 local diagnostics)
    Collisions                      = 50913
    Collision candidates           = 106259
    Collision acceptance rate      = 0.4791405904


Phase C auto DLB triggered (SAR) at step 2750: sar=0.011719635 loadImbalance=1.225802704 threshold=1.5 particleMaxMin=1
Phase C ParMETIS weights: particles=8149194 activeCells=104151 maxCellParticles=279
Phase C ParMETIS: alpha=1 ncon=1 ubvec=[1.05] moveRatio=0.8748941033 (moveT=174.1500158s, collT=24.90266399s)
Phase C ParMETIS: AdaptiveRepart (104151 cells, 1 constraints, ubvec=1.05)
Replicated mesh: rank 0 owns 11391 / 104151 cells
Local mesh: 11391 owned + 319 halo = 11710 / 104151 cells
Phase C ParMETIS AdaptiveRepart: 78521 / 104151 cells changed (0.7539149888)
Phase C auto DLB complete: rebalance #10

    Number of DSMC particles        = 8149194
    Number of stuck particles       = 0
    Number of free particles        = 8149194
    Average linear kinetic energy   = 4.515767584e-19
    Average rotational energy       = 4.911473065e-20
    Average vibrational energy      = 3.04627607e-20
    Average electronic energy       = 0
    Total energy                    = 43.28479025

Stage 1.0  ExecutionTime = 1635.48 s  ClockTime = 429 s  Iteration 2750 (2.03 s)

Time = 0.001104

    Collision global reduction skipped (rank 0 local diagnostics)
    Collisions                      = 53514
    Collision candidates           = 101658
    Collision acceptance rate      = 0.5264120876

    Number of DSMC particles        = 8157419
    Number of stuck particles       = 0
    Number of free particles        = 8157419
    Average linear kinetic energy   = 4.514963607e-19
    Average rotational energy       = 4.90740006e-20
    Average vibrational energy      = 3.043574797e-20
    Average electronic energy       = 0
    Total energy                    = 43.31639325

Stage 1.0  ExecutionTime = 1643.18 s  ClockTime = 431 s  Iteration 2760 (1.1 s)

Time = 0.001108

    Collision global reduction skipped (rank 0 local diagnostics)
    Collisions                      = 53740
    Collision candidates           = 106458
    Collision acceptance rate      = 0.504800015

    Number of DSMC particles        = 8166087
    Number of stuck particles       = 0
    Number of free particles        = 8166087
    Average linear kinetic energy   = 4.51171966e-19
    Average rotational energy       = 4.909156803e-20
    Average vibrational energy      = 3.044819449e-20
    Average electronic energy       = 0
    Total energy                    = 43.33838147

Stage 1.0  ExecutionTime = 1650.92 s  ClockTime = 433 s  Iteration 2770 (1.11 s)

Time = 0.001112

    Collision global reduction skipped (rank 0 local diagnostics)
    Collisions                      = 53683
    Collision candidates           = 108847
    Collision acceptance rate      = 0.4931968727

    Number of DSMC particles        = 8174932
    Number of stuck particles       = 0
    Number of free particles        = 8174932
    Average linear kinetic energy   = 4.508535407e-19
    Average rotational energy       = 4.912972334e-20
    Average vibrational energy      = 3.045941845e-20
    Average electronic energy       = 0
    Total energy                    = 43.3633286

Stage 1.0  ExecutionTime = 1658.73 s  ClockTime = 434 s  Iteration 2780 (1.09 s)

Time = 0.001116

    Collision global reduction skipped (rank 0 local diagnostics)
    Collisions                      = 54259
    Collision candidates           = 110725
    Collision acceptance rate      = 0.4900338677

    Number of DSMC particles        = 8183874
    Number of stuck particles       = 0
    Number of free particles        = 8183874
    Average linear kinetic energy   = 4.504943305e-19
    Average rotational energy       = 4.91373353e-20
    Average vibrational energy      = 3.047023249e-20
    Average electronic energy       = 0
    Total energy                    = 43.38287142

Stage 1.0  ExecutionTime = 1666.46 s  ClockTime = 436 s  Iteration 2790 (1.08 s)

Time = 0.00112

    Collision global reduction skipped (rank 0 local diagnostics)
    Collisions                      = 53887
    Collision candidates           = 111428
    Collision acceptance rate      = 0.4836037621

    Number of DSMC particles        = 8192423
    Number of stuck particles       = 0
    Number of free particles        = 8192423
    Average linear kinetic energy   = 4.501206819e-19
    Average rotational energy       = 4.914428285e-20
    Average vibrational energy      = 3.048187567e-20
    Average electronic energy       = 0
    Total energy                    = 43.399102

Stage 1.0  ExecutionTime = 1674.3 s  ClockTime = 438 s  Iteration 2800 (1.24 s)

Time = 0.001124

    Collision global reduction skipped (rank 0 local diagnostics)
    Collisions                      = 54040
    Collision candidates           = 111972
    Collision acceptance rate      = 0.4826206552

    Number of DSMC particles        = 8201056
    Number of stuck particles       = 0
    Number of free particles        = 8201056
    Average linear kinetic energy   = 4.498654429e-19
    Average rotational energy       = 4.913171783e-20
    Average vibrational energy      = 3.048294245e-20
    Average electronic energy       = 0
    Total energy                    = 43.42295977

Stage 1.0  ExecutionTime = 1682.1 s  ClockTime = 440 s  Iteration 2810 (1.13 s)

Time = 0.001128

    Collision global reduction skipped (rank 0 local diagnostics)
    Collisions                      = 54183
    Collision candidates           = 112863
    Collision acceptance rate      = 0.4800776162

    Number of DSMC particles        = 8209555
    Number of stuck particles       = 0
    Number of free particles        = 8209555
    Average linear kinetic energy   = 4.495635091e-19
    Average rotational energy       = 4.912460669e-20
    Average vibrational energy      = 3.048692265e-20
    Average electronic energy       = 0
    Total energy                    = 43.44291583

Stage 1.0  ExecutionTime = 1689.93 s  ClockTime = 442 s  Iteration 2820 (1.14 s)

Time = 0.001132

    Collision global reduction skipped (rank 0 local diagnostics)
    Collisions                      = 54239
    Collision candidates           = 113503
    Collision acceptance rate      = 0.4778640212

    Number of DSMC particles        = 8218606
    Number of stuck particles       = 0
    Number of free particles        = 8218606
    Average linear kinetic energy   = 4.492446965e-19
    Average rotational energy       = 4.911322161e-20
    Average vibrational energy      = 3.04921902e-20
    Average electronic energy       = 0
    Total energy                    = 43.46410673

Stage 1.0  ExecutionTime = 1697.71 s  ClockTime = 444 s  Iteration 2830 (1.12 s)

Time = 0.001136

    Collision global reduction skipped (rank 0 local diagnostics)
    Collisions                      = 54299
    Collision candidates           = 114442
    Collision acceptance rate      = 0.4744674158

    Number of DSMC particles        = 8227729
    Number of stuck particles       = 0
    Number of free particles        = 8227729
    Average linear kinetic energy   = 4.488917538e-19
    Average rotational energy       = 4.913941749e-20
    Average vibrational energy      = 3.050364008e-20
    Average electronic energy       = 0
    Total energy                    = 43.48641195

Stage 1.0  ExecutionTime = 1705.5 s  ClockTime = 446 s  Iteration 2840 (1.11 s)

Time = 0.00114

    Collision global reduction skipped (rank 0 local diagnostics)
    Collisions                      = 54506
    Collision candidates           = 115220
    Collision acceptance rate      = 0.4730602326

    Number of DSMC particles        = 8236444
    Number of stuck particles       = 0
    Number of free particles        = 8236444
    Average linear kinetic energy   = 4.48612524e-19
    Average rotational energy       = 4.913324601e-20
    Average vibrational energy      = 3.051365018e-20
    Average electronic energy       = 0
    Total energy                    = 43.50979132

Stage 1.0  ExecutionTime = 1713.34 s  ClockTime = 448 s  Iteration 2850 (1.2 s)

Time = 0.001144

    Collision global reduction skipped (rank 0 local diagnostics)
    Collisions                      = 54413
    Collision candidates           = 116070
    Collision acceptance rate      = 0.4687946929

    Number of DSMC particles        = 8244442
    Number of stuck particles       = 0
    Number of free particles        = 8244442
    Average linear kinetic energy   = 4.483242768e-19
    Average rotational energy       = 4.91416073e-20
    Average vibrational energy      = 3.051263972e-20
    Average electronic energy       = 0
    Total energy                    = 43.52888317

Stage 1.0  ExecutionTime = 1721.1 s  ClockTime = 450 s  Iteration 2860 (1.11 s)

Time = 0.001148

    Collision global reduction skipped (rank 0 local diagnostics)
    Collisions                      = 54844
    Collision candidates           = 116713
    Collision acceptance rate      = 0.4699048092

    Number of DSMC particles        = 8252586
    Number of stuck particles       = 0
    Number of free particles        = 8252586
    Average linear kinetic energy   = 4.480455028e-19
    Average rotational energy       = 4.915908757e-20
    Average vibrational energy      = 3.050804985e-20
    Average electronic energy       = 0
    Total energy                    = 43.54993947

Stage 1.0  ExecutionTime = 1728.84 s  ClockTime = 452 s  Iteration 2870 (1.11 s)

Time = 0.001152

    Collision global reduction skipped (rank 0 local diagnostics)
    Collisions                      = 55214
    Collision candidates           = 117933
    Collision acceptance rate      = 0.4681810859

    Number of DSMC particles        = 8260459
    Number of stuck particles       = 0
    Number of free particles        = 8260459
    Average linear kinetic energy   = 4.477664486e-19
    Average rotational energy       = 4.913488664e-20
    Average vibrational energy      = 3.051384747e-20
    Average electronic energy       = 0
    Total energy                    = 43.56691493

Stage 1.0  ExecutionTime = 1736.57 s  ClockTime = 454 s  Iteration 2880 (1.09 s)

Time = 0.001156

    Collision global reduction skipped (rank 0 local diagnostics)
    Collisions                      = 55416
    Collision candidates           = 118559
    Collision acceptance rate      = 0.4674128493

    Number of DSMC particles        = 8268088
    Number of stuck particles       = 0
    Number of free particles        = 8268088
    Average linear kinetic energy   = 4.474495932e-19
    Average rotational energy       = 4.913968119e-20
    Average vibrational energy      = 3.052301352e-20
    Average electronic energy       = 0
    Total energy                    = 43.58210782

Stage 1.0  ExecutionTime = 1744.35 s  ClockTime = 456 s  Iteration 2890 (1.1 s)

Time = 0.00116

    Collision global reduction skipped (rank 0 local diagnostics)
    Collisions                      = 55689
    Collision candidates           = 119415
    Collision acceptance rate      = 0.4663484487

    Number of DSMC particles        = 8276592
    Number of stuck particles       = 0
    Number of free particles        = 8276592
    Average linear kinetic energy   = 4.471304091e-19
    Average rotational energy       = 4.914634851e-20
    Average vibrational energy      = 3.053931252e-20
    Average electronic energy       = 0
    Total energy                    = 43.60241671

Stage 1.0  ExecutionTime = 1752.26 s  ClockTime = 458 s  Iteration 2900 (1.23 s)

Time = 0.001164

    Collision global reduction skipped (rank 0 local diagnostics)
    Collisions                      = 55656
    Collision candidates           = 119881
    Collision acceptance rate      = 0.4642603916

    Number of DSMC particles        = 8284321
    Number of stuck particles       = 0
    Number of free particles        = 8284321
    Average linear kinetic energy   = 4.468569984e-19
    Average rotational energy       = 4.914576696e-20
    Average vibrational energy      = 3.053640943e-20
    Average electronic energy       = 0
    Total energy                    = 43.62019543

Stage 1.0  ExecutionTime = 1760.13 s  ClockTime = 460 s  Iteration 2910 (1.11 s)

Time = 0.001168

    Collision global reduction skipped (rank 0 local diagnostics)
    Collisions                      = 55550
    Collision candidates           = 120065
    Collision acceptance rate      = 0.4626660559

    Number of DSMC particles        = 8292276
    Number of stuck particles       = 0
    Number of free particles        = 8292276
    Average linear kinetic energy   = 4.465864727e-19
    Average rotational energy       = 4.913415573e-20
    Average vibrational energy      = 3.053910565e-20
    Average electronic energy       = 0
    Total energy                    = 43.63890963

Stage 1.0  ExecutionTime = 1768 s  ClockTime = 462 s  Iteration 2920 (1.1 s)

Time = 0.001172

    Collision global reduction skipped (rank 0 local diagnostics)
    Collisions                      = 56257
    Collision candidates           = 121220
    Collision acceptance rate      = 0.4640900841

    Number of DSMC particles        = 8300227
    Number of stuck particles       = 0
    Number of free particles        = 8300227
    Average linear kinetic energy   = 4.463202535e-19
    Average rotational energy       = 4.910680705e-20
    Average vibrational energy      = 3.054761616e-20
    Average electronic energy       = 0
    Total energy                    = 43.65709213

Stage 1.0  ExecutionTime = 1775.89 s  ClockTime = 464 s  Iteration 2930 (1.09 s)

Time = 0.001176

    Collision global reduction skipped (rank 0 local diagnostics)
    Collisions                      = 55727
    Collision candidates           = 121422
    Collision acceptance rate      = 0.4589530728

    Number of DSMC particles        = 8308161
    Number of stuck particles       = 0
    Number of free particles        = 8308161
    Average linear kinetic energy   = 4.46027269e-19
    Average rotational energy       = 4.913487924e-20
    Average vibrational energy      = 3.056300419e-20
    Average electronic energy       = 0
    Total energy                    = 43.67809208

Stage 1.0  ExecutionTime = 1783.79 s  ClockTime = 466 s  Iteration 2940 (1.1 s)

Time = 0.00118

    Collision global reduction skipped (rank 0 local diagnostics)
    Collisions                      = 56422
    Collision candidates           = 122073
    Collision acceptance rate      = 0.4621988482

    Number of DSMC particles        = 8315983
    Number of stuck particles       = 0
    Number of free particles        = 8315983
    Average linear kinetic energy   = 4.45726675e-19
    Average rotational energy       = 4.911596018e-20
    Average vibrational energy      = 3.055289945e-20
    Average electronic energy       = 0
    Total energy                    = 43.69180335

Stage 1.0  ExecutionTime = 1791.92 s  ClockTime = 468 s  Iteration 2950 (1.22 s)

Time = 0.001184

    Collision global reduction skipped (rank 0 local diagnostics)
    Collisions                      = 55966
    Collision candidates           = 122584
    Collision acceptance rate      = 0.4565522417

    Number of DSMC particles        = 8323997
    Number of stuck particles       = 0
    Number of free particles        = 8323997
    Average linear kinetic energy   = 4.454758833e-19
    Average rotational energy       = 4.912327556e-20
    Average vibrational energy      = 3.05489576e-20
    Average electronic energy       = 0
    Total energy                    = 43.71331346

Stage 1.0  ExecutionTime = 1799.88 s  ClockTime = 470 s  Iteration 2960 (1.1 s)

Time = 0.001188

    Collision global reduction skipped (rank 0 local diagnostics)
    Collisions                      = 56412
    Collision candidates           = 122930
    Collision acceptance rate      = 0.4588953063

    Number of DSMC particles        = 8332090
    Number of stuck particles       = 0
    Number of free particles        = 8332090
    Average linear kinetic energy   = 4.451540578e-19
    Average rotational energy       = 4.912302925e-20
    Average vibrational energy      = 3.055829938e-20
    Average electronic energy       = 0
    Total energy                    = 43.72975675

Stage 1.0  ExecutionTime = 1807.92 s  ClockTime = 472 s  Iteration 2970 (1.11 s)

Time = 0.001192

    Collision global reduction skipped (rank 0 local diagnostics)
    Collisions                      = 56719
    Collision candidates           = 123470
    Collision acceptance rate      = 0.4593747469

    Number of DSMC particles        = 8340111
    Number of stuck particles       = 0
    Number of free particles        = 8340111
    Average linear kinetic energy   = 4.448888413e-19
    Average rotational energy       = 4.915040756e-20
    Average vibrational energy      = 3.055315185e-20
    Average electronic energy       = 0
    Total energy                    = 43.75158852

Stage 1.0  ExecutionTime = 1815.89 s  ClockTime = 474 s  Iteration 2980 (1.09 s)

Time = 0.001196

    Collision global reduction skipped (rank 0 local diagnostics)
    Collisions                      = 56987
    Collision candidates           = 124148
    Collision acceptance rate      = 0.4590247124

    Number of DSMC particles        = 8347304
    Number of stuck particles       = 0
    Number of free particles        = 8347304
    Average linear kinetic energy   = 4.446015176e-19
    Average rotational energy       = 4.91651637e-20
    Average vibrational energy      = 3.057173247e-20
    Average electronic energy       = 0
    Total energy                    = 43.76812139

Stage 1.0  ExecutionTime = 1823.92 s  ClockTime = 476 s  Iteration 2990 (1.11 s)

Time = 0.0012

    Collision global reduction skipped (rank 0 local diagnostics)
    Collisions                      = 56639
    Collision candidates           = 124519
    Collision acceptance rate      = 0.4548623102

    Number of DSMC particles        = 8354961
    Number of stuck particles       = 0
    Number of free particles        = 8354961
    Average linear kinetic energy   = 4.443590307e-19
    Average rotational energy       = 4.916586114e-20
    Average vibrational energy      = 3.057595065e-20
    Average electronic energy       = 0
    Total energy                    = 43.78842099

Stage 1.0  ExecutionTime = 1832.14 s  ClockTime = 478 s  Iteration 3000 (1.28 s)

Time = 0.001204

    Collision global reduction skipped (rank 0 local diagnostics)
    Collisions                      = 56988
    Collision candidates           = 124891
    Collision acceptance rate      = 0.4563018953

    Number of DSMC particles        = 8362847
    Number of stuck particles       = 0
    Number of free particles        = 8362847
    Average linear kinetic energy   = 4.44133175e-19
    Average rotational energy       = 4.91294137e-20
    Average vibrational energy      = 3.058004441e-20
    Average electronic energy       = 0
    Total energy                    = 43.80815793

Stage 1.0  ExecutionTime = 1840.18 s  ClockTime = 480 s  Iteration 3010 (1.09 s)

Time = 0.001208

    Collision global reduction skipped (rank 0 local diagnostics)
    Collisions                      = 57558
    Collision candidates           = 125803
    Collision acceptance rate      = 0.4575248603

    Number of DSMC particles        = 8370367
    Number of stuck particles       = 0
    Number of free particles        = 8370367
    Average linear kinetic energy   = 4.439118545e-19
    Average rotational energy       = 4.909804126e-20
    Average vibrational energy      = 3.058652804e-20
    Average electronic energy       = 0
    Total energy                    = 43.82694227

Stage 1.0  ExecutionTime = 1848.26 s  ClockTime = 482 s  Iteration 3020 (1.15 s)

Time = 0.001212

    Collision global reduction skipped (rank 0 local diagnostics)
    Collisions                      = 57362
    Collision candidates           = 126312
    Collision acceptance rate      = 0.4541294572

    Number of DSMC particles        = 8378515
    Number of stuck particles       = 0
    Number of free particles        = 8378515
    Average linear kinetic energy   = 4.436214925e-19
    Average rotational energy       = 4.911303829e-20
    Average vibrational energy      = 3.057830309e-20
    Average electronic energy       = 0
    Total energy                    = 43.84584429

Stage 1.0  ExecutionTime = 1856.37 s  ClockTime = 484 s  Iteration 3030 (1.14 s)

Time = 0.001216

    Collision global reduction skipped (rank 0 local diagnostics)
    Collisions                      = 57538
    Collision candidates           = 126615
    Collision acceptance rate      = 0.4544327291

    Number of DSMC particles        = 8385633
    Number of stuck particles       = 0
    Number of free particles        = 8385633
    Average linear kinetic energy   = 4.433239995e-19
    Average rotational energy       = 4.914210473e-20
    Average vibrational energy      = 3.05860927e-20
    Average electronic energy       = 0
    Total energy                    = 43.86123763

Stage 1.0  ExecutionTime = 1864.48 s  ClockTime = 486 s  Iteration 3040 (1.14 s)

Time = 0.00122

    Collision global reduction skipped (rank 0 local diagnostics)
    Collisions                      = 57577
    Collision candidates           = 127344
    Collision acceptance rate      = 0.4521375173

    Number of DSMC particles        = 8393373
    Number of stuck particles       = 0
    Number of free particles        = 8393373
    Average linear kinetic energy   = 4.430970425e-19
    Average rotational energy       = 4.912251007e-20
    Average vibrational energy      = 3.060088454e-20
    Average electronic energy       = 0
    Total energy                    = 43.88226941

Stage 1.0  ExecutionTime = 1872.7 s  ClockTime = 488 s  Iteration 3050 (1.28 s)

Time = 0.001224

    Collision global reduction skipped (rank 0 local diagnostics)
    Collisions                      = 58065
    Collision candidates           = 127912
    Collision acceptance rate      = 0.4539448996

    Number of DSMC particles        = 8400666
    Number of stuck particles       = 0
    Number of free particles        = 8400666
    Average linear kinetic energy   = 4.428587816e-19
    Average rotational energy       = 4.91409181e-20
    Average vibrational energy      = 3.0610436e-20
    Average electronic energy       = 0
    Total energy                    = 43.90273198

Stage 1.0  ExecutionTime = 1880.9 s  ClockTime = 490 s  Iteration 3060 (1.14 s)

Time = 0.001228

    Collision global reduction skipped (rank 0 local diagnostics)
    Collisions                      = 58295
    Collision candidates           = 128144
    Collision acceptance rate      = 0.4549179049

    Number of DSMC particles        = 8407968
    Number of stuck particles       = 0
    Number of free particles        = 8407968
    Average linear kinetic energy   = 4.425874148e-19
    Average rotational energy       = 4.911880038e-20
    Average vibrational energy      = 3.061871999e-20
    Average electronic energy       = 0
    Total energy                    = 43.91691341

Stage 1.0  ExecutionTime = 1889.04 s  ClockTime = 492 s  Iteration 3070 (1.14 s)

Time = 0.001232

    Collision global reduction skipped (rank 0 local diagnostics)
    Collisions                      = 58493
    Collision candidates           = 128606
    Collision acceptance rate      = 0.4548232586

    Number of DSMC particles        = 8414992
    Number of stuck particles       = 0
    Number of free particles        = 8414992
    Average linear kinetic energy   = 4.423518575e-19
    Average rotational energy       = 4.912013138e-20
    Average vibrational energy      = 3.060201291e-20
    Average electronic energy       = 0
    Total energy                    = 43.93248549

Stage 1.0  ExecutionTime = 1897.19 s  ClockTime = 495 s  Iteration 3080 (1.15 s)

Time = 0.001236

    Collision global reduction skipped (rank 0 local diagnostics)
    Collisions                      = 58588
    Collision candidates           = 129022
    Collision acceptance rate      = 0.4540931004

    Number of DSMC particles        = 8421951
    Number of stuck particles       = 0
    Number of free particles        = 8421951
    Average linear kinetic energy   = 4.421109959e-19
    Average rotational energy       = 4.908186868e-20
    Average vibrational energy      = 3.060629369e-20
    Average electronic energy       = 0
    Total energy                    = 43.94566943

Stage 1.0  ExecutionTime = 1905.34 s  ClockTime = 497 s  Iteration 3090 (1.14 s)

Time = 0.00124

    Collision global reduction skipped (rank 0 local diagnostics)
    Collisions                      = 58533
    Collision candidates           = 129264
    Collision acceptance rate      = 0.4528174898


Phase C auto DLB triggered (SAR) at step 3100: sar=0.04336268024 loadImbalance=1.248896136 threshold=1.5 particleMaxMin=1
Phase C ParMETIS weights: particles=8429301 activeCells=104150 maxCellParticles=270
Phase C ParMETIS: alpha=1 ncon=1 ubvec=[1.05] moveRatio=0.8683055106 (moveT=200.7123567s, collT=30.44171782s)
Phase C ParMETIS: AdaptiveRepart (104151 cells, 1 constraints, ubvec=1.05)
Replicated mesh: rank 0 owns 4502 / 104151 cells
Local mesh: 4502 owned + 131 halo = 4633 / 104151 cells
Phase C ParMETIS AdaptiveRepart: 74457 / 104151 cells changed (0.7148947202)
Phase C auto DLB complete: rebalance #11

    Number of DSMC particles        = 8429301
    Number of stuck particles       = 0
    Number of free particles        = 8429301
    Average linear kinetic energy   = 4.418579781e-19
    Average rotational energy       = 4.907858366e-20
    Average vibrational energy      = 3.062712843e-20
    Average electronic energy       = 0
    Total energy                    = 43.96417336

Stage 1.0  ExecutionTime = 1914.4 s  ClockTime = 499 s  Iteration 3100 (2.07 s)

Time = 0.001244

    Collision global reduction skipped (rank 0 local diagnostics)
    Collisions                      = 47761
    Collision candidates           = 93631
    Collision acceptance rate      = 0.5100981513

    Number of DSMC particles        = 8436148
    Number of stuck particles       = 0
    Number of free particles        = 8436148
    Average linear kinetic energy   = 4.417436305e-19
    Average rotational energy       = 4.902206958e-20
    Average vibrational energy      = 3.061995444e-20
    Average electronic energy       = 0
    Total energy                    = 43.98486547

Stage 1.0  ExecutionTime = 1922.13 s  ClockTime = 501 s  Iteration 3110 (1.12 s)

Time = 0.001248

    Collision global reduction skipped (rank 0 local diagnostics)
    Collisions                      = 47725
    Collision candidates           = 94619
    Collision acceptance rate      = 0.5043912956

    Number of DSMC particles        = 8443401
    Number of stuck particles       = 0
    Number of free particles        = 8443401
    Average linear kinetic energy   = 4.413974816e-19
    Average rotational energy       = 4.908862009e-20
    Average vibrational energy      = 3.062802334e-20
    Average electronic energy       = 0
    Total energy                    = 43.99975524

Stage 1.0  ExecutionTime = 1929.9 s  ClockTime = 503 s  Iteration 3120 (1.13 s)

Time = 0.001252

    Collision global reduction skipped (rank 0 local diagnostics)
    Collisions                      = 47783
    Collision candidates           = 95169
    Collision acceptance rate      = 0.5020857632

    Number of DSMC particles        = 8450469
    Number of stuck particles       = 0
    Number of free particles        = 8450469
    Average linear kinetic energy   = 4.411195253e-19
    Average rotational energy       = 4.908634397e-20
    Average vibrational energy      = 3.062112984e-20
    Average electronic energy       = 0
    Total energy                    = 44.01232411

Stage 1.0  ExecutionTime = 1937.68 s  ClockTime = 505 s  Iteration 3130 (1.13 s)

Time = 0.001256

    Collision global reduction skipped (rank 0 local diagnostics)
    Collisions                      = 48488
    Collision candidates           = 95938
    Collision acceptance rate      = 0.5054097438

    Number of DSMC particles        = 8457618
    Number of stuck particles       = 0
    Number of free particles        = 8457618
    Average linear kinetic energy   = 4.408911837e-19
    Average rotational energy       = 4.908388688e-20
    Average vibrational energy      = 3.063973509e-20
    Average electronic energy       = 0
    Total energy                    = 44.03161151

Stage 1.0  ExecutionTime = 1945.52 s  ClockTime = 507 s  Iteration 3140 (1.15 s)

Time = 0.00126

    Collision global reduction skipped (rank 0 local diagnostics)
    Collisions                      = 48501
    Collision candidates           = 96630
    Collision acceptance rate      = 0.5019248681

    Number of DSMC particles        = 8465143
    Number of stuck particles       = 0
    Number of free particles        = 8465143
    Average linear kinetic energy   = 4.406140967e-19
    Average rotational energy       = 4.91120825e-20
    Average vibrational energy      = 3.064118308e-20
    Average electronic energy       = 0
    Total energy                    = 44.04984135

Stage 1.0  ExecutionTime = 1953.49 s  ClockTime = 509 s  Iteration 3150 (1.27 s)

Time = 0.001264

    Collision global reduction skipped (rank 0 local diagnostics)
    Collisions                      = 48548
    Collision candidates           = 96982
    Collision acceptance rate      = 0.5005877379

    Number of DSMC particles        = 8472069
    Number of stuck particles       = 0
    Number of free particles        = 8472069
    Average linear kinetic energy   = 4.404082358e-19
    Average rotational energy       = 4.912795267e-20
    Average vibrational energy      = 3.063473694e-20
    Average electronic energy       = 0
    Total energy                    = 44.06923972

Stage 1.0  ExecutionTime = 1961.29 s  ClockTime = 511 s  Iteration 3160 (1.14 s)

Time = 0.001268

    Collision global reduction skipped (rank 0 local diagnostics)
    Collisions                      = 48937
    Collision candidates           = 97587
    Collision acceptance rate      = 0.5014704827

    Number of DSMC particles        = 8479002
    Number of stuck particles       = 0
    Number of free particles        = 8479002
    Average linear kinetic energy   = 4.401865856e-19
    Average rotational energy       = 4.910383676e-20
    Average vibrational energy      = 3.063777354e-20
    Average electronic energy       = 0
    Total energy                    = 44.08472213

Stage 1.0  ExecutionTime = 1969.15 s  ClockTime = 513 s  Iteration 3170 (1.16 s)

Time = 0.001272

    Collision global reduction skipped (rank 0 local diagnostics)
    Collisions                      = 48831
    Collision candidates           = 97932
    Collision acceptance rate      = 0.4986214925

    Number of DSMC particles        = 8485399
    Number of stuck particles       = 0
    Number of free particles        = 8485399
    Average linear kinetic energy   = 4.399803344e-19
    Average rotational energy       = 4.908848924e-20
    Average vibrational energy      = 3.064528978e-20
    Average electronic energy       = 0
    Total energy                    = 44.09981618

Stage 1.0  ExecutionTime = 1977.02 s  ClockTime = 515 s  Iteration 3180 (1.15 s)

Time = 0.001276

    Collision global reduction skipped (rank 0 local diagnostics)
    Collisions                      = 48919
    Collision candidates           = 98430
    Collision acceptance rate      = 0.4969927868

    Number of DSMC particles        = 8492432
    Number of stuck particles       = 0
    Number of free particles        = 8492432
    Average linear kinetic energy   = 4.397481883e-19
    Average rotational energy       = 4.907950181e-20
    Average vibrational energy      = 3.064495761e-20
    Average electronic energy       = 0
    Total energy                    = 44.11586137

Stage 1.0  ExecutionTime = 1984.89 s  ClockTime = 517 s  Iteration 3190 (1.13 s)

Time = 0.00128

    Collision global reduction skipped (rank 0 local diagnostics)
    Collisions                      = 48887
    Collision candidates           = 98755
    Collision acceptance rate      = 0.4950331629

    Number of DSMC particles        = 8499016
    Number of stuck particles       = 0
    Number of free particles        = 8499016
    Average linear kinetic energy   = 4.395116059e-19
    Average rotational energy       = 4.909216124e-20
    Average vibrational energy      = 3.065088861e-20
    Average electronic energy       = 0
    Total energy                    = 44.13153627

Stage 1.0  ExecutionTime = 1992.86 s  ClockTime = 519 s  Iteration 3200 (1.24 s)

Time = 0.001284

    Collision global reduction skipped (rank 0 local diagnostics)
    Collisions                      = 49191
    Collision candidates           = 98996
    Collision acceptance rate      = 0.4968988646

    Number of DSMC particles        = 8505494
    Number of stuck particles       = 0
    Number of free particles        = 8505494
    Average linear kinetic energy   = 4.392567302e-19
    Average rotational energy       = 4.912131087e-20
    Average vibrational energy      = 3.066498172e-20
    Average electronic energy       = 0
    Total energy                    = 44.14717316

Stage 1.0  ExecutionTime = 2000.76 s  ClockTime = 521 s  Iteration 3210 (1.13 s)

Time = 0.001288

    Collision global reduction skipped (rank 0 local diagnostics)
    Collisions                      = 49380
    Collision candidates           = 99401
    Collision acceptance rate      = 0.4967756864

    Number of DSMC particles        = 8512311
    Number of stuck particles       = 0
    Number of free particles        = 8512311
    Average linear kinetic energy   = 4.390796976e-19
    Average rotational energy       = 4.911217418e-20
    Average vibrational energy      = 3.065515809e-20
    Average electronic energy       = 0
    Total energy                    = 44.1658728

Stage 1.0  ExecutionTime = 2008.66 s  ClockTime = 523 s  Iteration 3220 (1.13 s)

Time = 0.001292

    Collision global reduction skipped (rank 0 local diagnostics)
    Collisions                      = 49355
    Collision candidates           = 99698
    Collision acceptance rate      = 0.495045036

    Number of DSMC particles        = 8519685
    Number of stuck particles       = 0
    Number of free particles        = 8519685
    Average linear kinetic energy   = 4.388592736e-19
    Average rotational energy       = 4.910808734e-20
    Average vibrational energy      = 3.064651086e-20
    Average electronic energy       = 0
    Total energy                    = 44.18426825

Stage 1.0  ExecutionTime = 2016.58 s  ClockTime = 525 s  Iteration 3230 (1.14 s)

Time = 0.001296

    Collision global reduction skipped (rank 0 local diagnostics)
    Collisions                      = 49282
    Collision candidates           = 100027
    Collision acceptance rate      = 0.4926869745

    Number of DSMC particles        = 8526185
    Number of stuck particles       = 0
    Number of free particles        = 8526185
    Average linear kinetic energy   = 4.386478558e-19
    Average rotational energy       = 4.909463761e-20
    Average vibrational energy      = 3.065484291e-20
    Average electronic energy       = 0
    Total energy                    = 44.19951593

Stage 1.0  ExecutionTime = 2024.48 s  ClockTime = 527 s  Iteration 3240 (1.12 s)

Time = 0.0013

    Collision global reduction skipped (rank 0 local diagnostics)
    Collisions                      = 49368
    Collision candidates           = 100336
    Collision acceptance rate      = 0.49202679

    Number of DSMC particles        = 8532807
    Number of stuck particles       = 0
    Number of free particles        = 8532807
    Average linear kinetic energy   = 4.383831352e-19
    Average rotational energy       = 4.910964513e-20
    Average vibrational energy      = 3.065909975e-20
    Average electronic energy       = 0
    Total energy                    = 44.21289989

Stage 1.0  ExecutionTime = 2032.57 s  ClockTime = 529 s  Iteration 3250 (1.27 s)

Time = 0.001304

    Collision global reduction skipped (rank 0 local diagnostics)
    Collisions                      = 49669
    Collision candidates           = 100684
    Collision acceptance rate      = 0.4933157205

    Number of DSMC particles        = 8539435
    Number of stuck particles       = 0
    Number of free particles        = 8539435
    Average linear kinetic energy   = 4.381307843e-19
    Average rotational energy       = 4.91335275e-20
    Average vibrational energy      = 3.066305613e-20
    Average electronic energy       = 0
    Total energy                    = 44.22807093

Stage 1.0  ExecutionTime = 2040.67 s  ClockTime = 531 s  Iteration 3260 (1.15 s)

Time = 0.001308

    Collision global reduction skipped (rank 0 local diagnostics)
    Collisions                      = 49747
    Collision candidates           = 100923
    Collision acceptance rate      = 0.4929203452

    Number of DSMC particles        = 8545705
    Number of stuck particles       = 0
    Number of free particles        = 8545705
    Average linear kinetic energy   = 4.379302853e-19
    Average rotational energy       = 4.909543597e-20
    Average vibrational energy      = 3.067915433e-20
    Average electronic energy       = 0
    Total energy                    = 44.24153144

Stage 1.0  ExecutionTime = 2048.69 s  ClockTime = 533 s  Iteration 3270 (1.15 s)

Time = 0.001312

    Collision global reduction skipped (rank 0 local diagnostics)
    Collisions                      = 49962
    Collision candidates           = 101153
    Collision acceptance rate      = 0.4939250442

    Number of DSMC particles        = 8552134
    Number of stuck particles       = 0
    Number of free particles        = 8552134
    Average linear kinetic energy   = 4.377041101e-19
    Average rotational energy       = 4.911097187e-20
    Average vibrational energy      = 3.069261205e-20
    Average electronic energy       = 0
    Total energy                    = 44.25795145

Stage 1.0  ExecutionTime = 2056.74 s  ClockTime = 535 s  Iteration 3280 (1.15 s)

Time = 0.001316

    Collision global reduction skipped (rank 0 local diagnostics)
    Collisions                      = 49918
    Collision candidates           = 101620
    Collision acceptance rate      = 0.4912222004

    Number of DSMC particles        = 8558889
    Number of stuck particles       = 0
    Number of free particles        = 8558889
    Average linear kinetic energy   = 4.375282123e-19
    Average rotational energy       = 4.90730953e-20
    Average vibrational energy      = 3.071186941e-20
    Average electronic energy       = 0
    Total energy                    = 44.2762606

Stage 1.0  ExecutionTime = 2064.79 s  ClockTime = 537 s  Iteration 3290 (1.14 s)

Time = 0.00132

    Collision global reduction skipped (rank 0 local diagnostics)
    Collisions                      = 49782
    Collision candidates           = 101956
    Collision acceptance rate      = 0.4882694496

    Number of DSMC particles        = 8565404
    Number of stuck particles       = 0
    Number of free particles        = 8565404
    Average linear kinetic energy   = 4.372924882e-19
    Average rotational energy       = 4.906837186e-20
    Average vibrational energy      = 3.072860025e-20
    Average electronic energy       = 0
    Total energy                    = 44.29080131

Stage 1.0  ExecutionTime = 2072.98 s  ClockTime = 539 s  Iteration 3300 (1.26 s)

Time = 0.001324

    Collision global reduction skipped (rank 0 local diagnostics)
    Collisions                      = 50246
    Collision candidates           = 102231
    Collision acceptance rate      = 0.4914947521

    Number of DSMC particles        = 8571668
    Number of stuck particles       = 0
    Number of free particles        = 8571668
    Average linear kinetic energy   = 4.371043633e-19
    Average rotational energy       = 4.907115144e-20
    Average vibrational energy      = 3.071893026e-20
    Average electronic energy       = 0
    Total energy                    = 44.30647573

Stage 1.0  ExecutionTime = 2081.12 s  ClockTime = 541 s  Iteration 3310 (1.17 s)

Time = 0.001328

    Collision global reduction skipped (rank 0 local diagnostics)
    Collisions                      = 50392
    Collision candidates           = 102537
    Collision acceptance rate      = 0.4914518662

    Number of DSMC particles        = 8578127
    Number of stuck particles       = 0
    Number of free particles        = 8578127
    Average linear kinetic energy   = 4.368487782e-19
    Average rotational energy       = 4.907114978e-20
    Average vibrational energy      = 3.073444917e-20
    Average electronic energy       = 0
    Total energy                    = 44.31926863

Stage 1.0  ExecutionTime = 2089.24 s  ClockTime = 543 s  Iteration 3320 (1.17 s)

Time = 0.001332

    Collision global reduction skipped (rank 0 local diagnostics)
    Collisions                      = 50425
    Collision candidates           = 102829
    Collision acceptance rate      = 0.4903772282

    Number of DSMC particles        = 8584255
    Number of stuck particles       = 0
    Number of free particles        = 8584255
    Average linear kinetic energy   = 4.36689031e-19
    Average rotational energy       = 4.903354274e-20
    Average vibrational energy      = 3.072493387e-20
    Average electronic energy       = 0
    Total energy                    = 44.333171

Stage 1.0  ExecutionTime = 2097.36 s  ClockTime = 545 s  Iteration 3330 (1.15 s)

Time = 0.001336

    Collision global reduction skipped (rank 0 local diagnostics)
    Collisions                      = 50617
    Collision candidates           = 103022
    Collision acceptance rate      = 0.4913222419

    Number of DSMC particles        = 8591146
    Number of stuck particles       = 0
    Number of free particles        = 8591146
    Average linear kinetic energy   = 4.363937681e-19
    Average rotational energy       = 4.90924123e-20
    Average vibrational energy      = 3.074044515e-20
    Average electronic energy       = 0
    Total energy                    = 44.34978309

Stage 1.0  ExecutionTime = 2105.6 s  ClockTime = 547 s  Iteration 3340 (1.15 s)

Time = 0.00134

    Collision global reduction skipped (rank 0 local diagnostics)
    Collisions                      = 50673
    Collision candidates           = 103420
    Collision acceptance rate      = 0.4899729259

    Number of DSMC particles        = 8597656
    Number of stuck particles       = 0
    Number of free particles        = 8597656
    Average linear kinetic energy   = 4.36217526e-19
    Average rotational energy       = 4.910939793e-20
    Average vibrational energy      = 3.07325586e-20
    Average electronic energy       = 0
    Total energy                    = 44.36901907

Stage 1.0  ExecutionTime = 2113.88 s  ClockTime = 549 s  Iteration 3350 (1.29 s)

Time = 0.001344

    Collision global reduction skipped (rank 0 local diagnostics)
    Collisions                      = 50504
    Collision candidates           = 103730
    Collision acceptance rate      = 0.4868793984

    Number of DSMC particles        = 8603711
    Number of stuck particles       = 0
    Number of free particles        = 8603711
    Average linear kinetic energy   = 4.360567831e-19
    Average rotational energy       = 4.90549945e-20
    Average vibrational energy      = 3.069736745e-20
    Average electronic energy       = 0
    Total energy                    = 44.37872816

Stage 1.0  ExecutionTime = 2122 s  ClockTime = 551 s  Iteration 3360 (1.16 s)

Time = 0.001348

    Collision global reduction skipped (rank 0 local diagnostics)
    Collisions                      = 50796
    Collision candidates           = 104085
    Collision acceptance rate      = 0.488024211

    Number of DSMC particles        = 8609927
    Number of stuck particles       = 0
    Number of free particles        = 8609927
    Average linear kinetic energy   = 4.358283836e-19
    Average rotational energy       = 4.908111716e-20
    Average vibrational energy      = 3.070237437e-20
    Average electronic energy       = 0
    Total energy                    = 44.39380606

Stage 1.0  ExecutionTime = 2130.23 s  ClockTime = 553 s  Iteration 3370 (1.16 s)

Time = 0.001352

    Collision global reduction skipped (rank 0 local diagnostics)
    Collisions                      = 51070
    Collision candidates           = 104336
    Collision acceptance rate      = 0.4894763073

    Number of DSMC particles        = 8616391
    Number of stuck particles       = 0
    Number of free particles        = 8616391
    Average linear kinetic energy   = 4.356126529e-19
    Average rotational energy       = 4.90632771e-20
    Average vibrational energy      = 3.07022883e-20
    Average electronic energy       = 0
    Total energy                    = 44.40700242

Stage 1.0  ExecutionTime = 2138.47 s  ClockTime = 555 s  Iteration 3380 (1.18 s)

Time = 0.001356

    Collision global reduction skipped (rank 0 local diagnostics)
    Collisions                      = 50714
    Collision candidates           = 104604
    Collision acceptance rate      = 0.4848189362

    Number of DSMC particles        = 8622425
    Number of stuck particles       = 0
    Number of free particles        = 8622425
    Average linear kinetic energy   = 4.35396944e-19
    Average rotational energy       = 4.906962831e-20
    Average vibrational energy      = 3.070399577e-20
    Average electronic energy       = 0
    Total energy                    = 44.42019585

Stage 1.0  ExecutionTime = 2146.7 s  ClockTime = 557 s  Iteration 3390 (1.19 s)

Time = 0.00136

    Collision global reduction skipped (rank 0 local diagnostics)
    Collisions                      = 51115
    Collision candidates           = 104650
    Collision acceptance rate      = 0.4884376493

    Number of DSMC particles        = 8628012
    Number of stuck particles       = 0
    Number of free particles        = 8628012
    Average linear kinetic energy   = 4.35186687e-19
    Average rotational energy       = 4.905549075e-20
    Average vibrational energy      = 3.070818289e-20
    Average electronic energy       = 0
    Total energy                    = 44.42997891

Stage 1.0  ExecutionTime = 2155.01 s  ClockTime = 560 s  Iteration 3400 (1.27 s)

Time = 0.001364

    Collision global reduction skipped (rank 0 local diagnostics)
    Collisions                      = 50949
    Collision candidates           = 104901
    Collision acceptance rate      = 0.4856865044

    Number of DSMC particles        = 8634236
    Number of stuck particles       = 0
    Number of free particles        = 8634236
    Average linear kinetic energy   = 4.34953887e-19
    Average rotational energy       = 4.906649833e-20
    Average vibrational energy      = 3.072173017e-20
    Average electronic energy       = 0
    Total energy                    = 44.44404905

Stage 1.0  ExecutionTime = 2163.4 s  ClockTime = 562 s  Iteration 3410 (1.16 s)

Time = 0.001368

    Collision global reduction skipped (rank 0 local diagnostics)
    Collisions                      = 51337
    Collision candidates           = 105141
    Collision acceptance rate      = 0.4882681352

    Number of DSMC particles        = 8640507
    Number of stuck particles       = 0
    Number of free particles        = 8640507
    Average linear kinetic energy   = 4.347687652e-19
    Average rotational energy       = 4.908031181e-20
    Average vibrational energy      = 3.07273516e-20
    Average electronic energy       = 0
    Total energy                    = 44.46201233

Stage 1.0  ExecutionTime = 2171.64 s  ClockTime = 564 s  Iteration 3420 (1.16 s)

Time = 0.001372

    Collision global reduction skipped (rank 0 local diagnostics)
    Collisions                      = 51468
    Collision candidates           = 105328
    Collision acceptance rate      = 0.4886449947

    Number of DSMC particles        = 8646386
    Number of stuck particles       = 0
    Number of free particles        = 8646386
    Average linear kinetic energy   = 4.346056782e-19
    Average rotational energy       = 4.906790684e-20
    Average vibrational energy      = 3.072339858e-20
    Average electronic energy       = 0
    Total energy                    = 44.47674877

Stage 1.0  ExecutionTime = 2179.85 s  ClockTime = 566 s  Iteration 3430 (1.18 s)

Time = 0.001376

    Collision global reduction skipped (rank 0 local diagnostics)
    Collisions                      = 51349
    Collision candidates           = 105617
    Collision acceptance rate      = 0.4861812019

    Number of DSMC particles        = 8652603
    Number of stuck particles       = 0
    Number of free particles        = 8652603
    Average linear kinetic energy   = 4.344032024e-19
    Average rotational energy       = 4.906422889e-20
    Average vibrational energy      = 3.073798835e-20
    Average electronic energy       = 0
    Total energy                    = 44.49215357

Stage 1.0  ExecutionTime = 2188.04 s  ClockTime = 568 s  Iteration 3440 (1.18 s)

Time = 0.00138

    Collision global reduction skipped (rank 0 local diagnostics)
    Collisions                      = 51464
    Collision candidates           = 105506
    Collision acceptance rate      = 0.4877826853


Phase C auto DLB triggered (SAR) at step 3450: sar=0.01621349681 loadImbalance=1.201354927 threshold=1.5 particleMaxMin=1
Phase C ParMETIS weights: particles=8657871 activeCells=104151 maxCellParticles=274
Phase C ParMETIS: alpha=1 ncon=1 ubvec=[1.05] moveRatio=0.8632742928 (moveT=228.7087664s, collT=36.22298044s)
Phase C ParMETIS: AdaptiveRepart (104151 cells, 1 constraints, ubvec=1.05)
Replicated mesh: rank 0 owns 4491 / 104151 cells
Local mesh: 4491 owned + 131 halo = 4622 / 104151 cells
Phase C ParMETIS AdaptiveRepart: 140 / 104151 cells changed (0.001344202168)
Phase C auto DLB complete: rebalance #12

    Number of DSMC particles        = 8657871
    Number of stuck particles       = 0
    Number of free particles        = 8657871
    Average linear kinetic energy   = 4.341675257e-19
    Average rotational energy       = 4.906003967e-20
    Average vibrational energy      = 3.073960255e-20
    Average electronic energy       = 0
    Total energy                    = 44.49861438

Stage 1.0  ExecutionTime = 2196.89 s  ClockTime = 570 s  Iteration 3450 (1.82 s)

Time = 0.001384

    Collision global reduction skipped (rank 0 local diagnostics)
    Collisions                      = 51210
    Collision candidates           = 105374
    Collision acceptance rate      = 0.4859832596

    Number of DSMC particles        = 8664140
    Number of stuck particles       = 0
    Number of free particles        = 8664140
    Average linear kinetic energy   = 4.340207417e-19
    Average rotational energy       = 4.90379156e-20
    Average vibrational energy      = 3.074508503e-20
    Average electronic energy       = 0
    Total energy                    = 44.51667556

Stage 1.0  ExecutionTime = 2205.15 s  ClockTime = 572 s  Iteration 3460 (1.18 s)

Time = 0.001388

    Collision global reduction skipped (rank 0 local diagnostics)
    Collisions                      = 51349
    Collision candidates           = 105840
    Collision acceptance rate      = 0.4851568405

    Number of DSMC particles        = 8670377
    Number of stuck particles       = 0
    Number of free particles        = 8670377
    Average linear kinetic energy   = 4.338443475e-19
    Average rotational energy       = 4.900684415e-20
    Average vibrational energy      = 3.075356617e-20
    Average electronic energy       = 0
    Total energy                    = 44.53146879

Stage 1.0  ExecutionTime = 2213.41 s  ClockTime = 574 s  Iteration 3470 (1.18 s)

Time = 0.001392

    Collision global reduction skipped (rank 0 local diagnostics)
    Collisions                      = 51737
    Collision candidates           = 106231
    Collision acceptance rate      = 0.4870235619

    Number of DSMC particles        = 8676371
    Number of stuck particles       = 0
    Number of free particles        = 8676371
    Average linear kinetic energy   = 4.336954449e-19
    Average rotational energy       = 4.903763942e-20
    Average vibrational energy      = 3.075882875e-20
    Average electronic energy       = 0
    Total energy                    = 44.55246343

Stage 1.0  ExecutionTime = 2221.7 s  ClockTime = 576 s  Iteration 3480 (1.16 s)

Time = 0.001396

    Collision global reduction skipped (rank 0 local diagnostics)
    Collisions                      = 51580
    Collision candidates           = 106568
    Collision acceptance rate      = 0.4840102094

    Number of DSMC particles        = 8682447
    Number of stuck particles       = 0
    Number of free particles        = 8682447
    Average linear kinetic energy   = 4.335200191e-19
    Average rotational energy       = 4.903460706e-20
    Average vibrational energy      = 3.076188625e-20
    Average electronic energy       = 0
    Total energy                    = 44.56843413

Stage 1.0  ExecutionTime = 2229.99 s  ClockTime = 578 s  Iteration 3490 (1.19 s)

Time = 0.0014

    Collision global reduction skipped (rank 0 local diagnostics)
    Collisions                      = 51812
    Collision candidates           = 106622
    Collision acceptance rate      = 0.4859409878

    Number of DSMC particles        = 8688517
    Number of stuck particles       = 0
    Number of free particles        = 8688517
    Average linear kinetic energy   = 4.332809473e-19
    Average rotational energy       = 4.907287801e-20
    Average vibrational energy      = 3.07753683e-20
    Average electronic energy       = 0
    Total energy                    = 44.58331722

Stage 1.0  ExecutionTime = 2238.36 s  ClockTime = 581 s  Iteration 3500 (1.3 s)

Time = 0.001404

    Collision global reduction skipped (rank 0 local diagnostics)
    Collisions                      = 51635
    Collision candidates           = 106844
    Collision acceptance rate      = 0.4832746808

    Number of DSMC particles        = 8693936
    Number of stuck particles       = 0
    Number of free particles        = 8693936
    Average linear kinetic energy   = 4.330792241e-19
    Average rotational energy       = 4.90724998e-20
    Average vibrational energy      = 3.077499413e-20
    Average electronic energy       = 0
    Total energy                    = 44.59352059

Stage 1.0  ExecutionTime = 2246.61 s  ClockTime = 583 s  Iteration 3510 (1.18 s)

Time = 0.001408

    Collision global reduction skipped (rank 0 local diagnostics)
    Collisions                      = 51475
    Collision candidates           = 106881
    Collision acceptance rate      = 0.4816103891

    Number of DSMC particles        = 8699325
    Number of stuck particles       = 0
    Number of free particles        = 8699325
    Average linear kinetic energy   = 4.328796983e-19
    Average rotational energy       = 4.908906079e-20
    Average vibrational energy      = 3.07677524e-20
    Average electronic energy       = 0
    Total energy                    = 44.60461553

Stage 1.0  ExecutionTime = 2254.91 s  ClockTime = 585 s  Iteration 3520 (1.18 s)

Time = 0.001412

    Collision global reduction skipped (rank 0 local diagnostics)
    Collisions                      = 51808
    Collision candidates           = 107051
    Collision acceptance rate      = 0.4839562452

    Number of DSMC particles        = 8704499
    Number of stuck particles       = 0
    Number of free particles        = 8704499
    Average linear kinetic energy   = 4.327795201e-19
    Average rotational energy       = 4.902973793e-20
    Average vibrational energy      = 3.078144792e-20
    Average electronic energy       = 0
    Total energy                    = 44.61845287

Stage 1.0  ExecutionTime = 2263.22 s  ClockTime = 587 s  Iteration 3530 (1.17 s)

Time = 0.001416

    Collision global reduction skipped (rank 0 local diagnostics)
    Collisions                      = 51878
    Collision candidates           = 107224
    Collision acceptance rate      = 0.4838282474

    Number of DSMC particles        = 8709808
    Number of stuck particles       = 0
    Number of free particles        = 8709808
    Average linear kinetic energy   = 4.325640108e-19
    Average rotational energy       = 4.908444286e-20
    Average vibrational energy      = 3.07785278e-20
    Average electronic energy       = 0
    Total energy                    = 44.63140622

Stage 1.0  ExecutionTime = 2271.54 s  ClockTime = 589 s  Iteration 3540 (1.19 s)

Time = 0.00142

    Collision global reduction skipped (rank 0 local diagnostics)
    Collisions                      = 52220
    Collision candidates           = 107489
    Collision acceptance rate      = 0.4858171534

    Number of DSMC particles        = 8715748
    Number of stuck particles       = 0
    Number of free particles        = 8715748
    Average linear kinetic energy   = 4.323627584e-19
    Average rotational energy       = 4.909449979e-20
    Average vibrational energy      = 3.078172389e-20
    Average electronic energy       = 0
    Total energy                    = 44.64545884

Stage 1.0  ExecutionTime = 2279.93 s  ClockTime = 591 s  Iteration 3550 (1.28 s)

Time = 0.001424

    Collision global reduction skipped (rank 0 local diagnostics)
    Collisions                      = 52257
    Collision candidates           = 107734
    Collision acceptance rate      = 0.4850557855

    Number of DSMC particles        = 8721483
    Number of stuck particles       = 0
    Number of free particles        = 8721483
    Average linear kinetic energy   = 4.322161924e-19
    Average rotational energy       = 4.905433305e-20
    Average vibrational energy      = 3.07972547e-20
    Average electronic energy       = 0
    Total energy                    = 44.65990439

Stage 1.0  ExecutionTime = 2288.23 s  ClockTime = 593 s  Iteration 3560 (1.2 s)

Time = 0.001428

    Collision global reduction skipped (rank 0 local diagnostics)
    Collisions                      = 52409
    Collision candidates           = 108172
    Collision acceptance rate      = 0.4844969123

    Number of DSMC particles        = 8726857
    Number of stuck particles       = 0
    Number of free particles        = 8726857
    Average linear kinetic energy   = 4.320226095e-19
    Average rotational energy       = 4.906680256e-20
    Average vibrational energy      = 3.080774853e-20
    Average electronic energy       = 0
    Total energy                    = 44.67253319

Stage 1.0  ExecutionTime = 2296.6 s  ClockTime = 595 s  Iteration 3570 (1.23 s)

Time = 0.001432

    Collision global reduction skipped (rank 0 local diagnostics)
    Collisions                      = 52541
    Collision candidates           = 108573
    Collision acceptance rate      = 0.483923259

    Number of DSMC particles        = 8731915
    Number of stuck particles       = 0
    Number of free particles        = 8731915
    Average linear kinetic energy   = 4.318306497e-19
    Average rotational energy       = 4.906677003e-20
    Average vibrational energy      = 3.081508896e-20
    Average electronic energy       = 0
    Total energy                    = 44.6823013

Stage 1.0  ExecutionTime = 2304.94 s  ClockTime = 597 s  Iteration 3580 (1.16 s)

Time = 0.001436

    Collision global reduction skipped (rank 0 local diagnostics)
    Collisions                      = 52587
    Collision candidates           = 108942
    Collision acceptance rate      = 0.4827063942

    Number of DSMC particles        = 8737786
    Number of stuck particles       = 0
    Number of free particles        = 8737786
    Average linear kinetic energy   = 4.316560217e-19
    Average rotational energy       = 4.90409612e-20
    Average vibrational energy      = 3.080319266e-20
    Average electronic energy       = 0
    Total energy                    = 44.69379073

Stage 1.0  ExecutionTime = 2313.34 s  ClockTime = 599 s  Iteration 3590 (1.19 s)

Time = 0.00144

    Collision global reduction skipped (rank 0 local diagnostics)
    Collisions                      = 52669
    Collision candidates           = 109225
    Collision acceptance rate      = 0.4822064546

    Number of DSMC particles        = 8743614
    Number of stuck particles       = 0
    Number of free particles        = 8743614
    Average linear kinetic energy   = 4.314644765e-19
    Average rotational energy       = 4.904136803e-20
    Average vibrational energy      = 3.079771803e-20
    Average electronic energy       = 0
    Total energy                    = 44.70640988

Stage 1.0  ExecutionTime = 2321.85 s  ClockTime = 602 s  Iteration 3600 (1.36 s)

Time = 0.001444

    Collision global reduction skipped (rank 0 local diagnostics)
    Collisions                      = 52877
    Collision candidates           = 109372
    Collision acceptance rate      = 0.4834601178

    Number of DSMC particles        = 8749127
    Number of stuck particles       = 0
    Number of free particles        = 8749127
    Average linear kinetic energy   = 4.313181157e-19
    Average rotational energy       = 4.904248815e-20
    Average vibrational energy      = 3.080156348e-20
    Average electronic energy       = 0
    Total energy                    = 44.72222719

Stage 1.0  ExecutionTime = 2330.17 s  ClockTime = 604 s  Iteration 3610 (1.2 s)

Time = 0.001448

    Collision global reduction skipped (rank 0 local diagnostics)
    Collisions                      = 52685
    Collision candidates           = 109747
    Collision acceptance rate      = 0.4800586804

    Number of DSMC particles        = 8754898
    Number of stuck particles       = 0
    Number of free particles        = 8754898
    Average linear kinetic energy   = 4.311522235e-19
    Average rotational energy       = 4.903910544e-20
    Average vibrational energy      = 3.079918211e-20
    Average electronic energy       = 0
    Total energy                    = 44.73669803

Stage 1.0  ExecutionTime = 2338.53 s  ClockTime = 606 s  Iteration 3620 (1.21 s)

Time = 0.001452

    Collision global reduction skipped (rank 0 local diagnostics)
    Collisions                      = 53003
    Collision candidates           = 109929
    Collision acceptance rate      = 0.4821566648

    Number of DSMC particles        = 8760248
    Number of stuck particles       = 0
    Number of free particles        = 8760248
    Average linear kinetic energy   = 4.310129577e-19
    Average rotational energy       = 4.903881439e-20
    Average vibrational energy      = 3.081445099e-20
    Average electronic energy       = 0
    Total energy                    = 44.75314809

Stage 1.0  ExecutionTime = 2346.95 s  ClockTime = 608 s  Iteration 3630 (1.2 s)

Time = 0.001456

    Collision global reduction skipped (rank 0 local diagnostics)
    Collisions                      = 53036
    Collision candidates           = 110167
    Collision acceptance rate      = 0.4814145797

    Number of DSMC particles        = 8765790
    Number of stuck particles       = 0
    Number of free particles        = 8765790
    Average linear kinetic energy   = 4.308159298e-19
    Average rotational energy       = 4.906542831e-20
    Average vibrational energy      = 3.08311286e-20
    Average electronic energy       = 0
    Total energy                    = 44.76798409

Stage 1.0  ExecutionTime = 2355.31 s  ClockTime = 610 s  Iteration 3640 (1.2 s)

Time = 0.00146

    Collision global reduction skipped (rank 0 local diagnostics)
    Collisions                      = 53426
    Collision candidates           = 110314
    Collision acceptance rate      = 0.4843084287

    Number of DSMC particles        = 8771347
    Number of stuck particles       = 0
    Number of free particles        = 8771347
    Average linear kinetic energy   = 4.306825029e-19
    Average rotational energy       = 4.906916065e-20
    Average vibrational energy      = 3.084225262e-20
    Average electronic energy       = 0
    Total energy                    = 44.78596415

Stage 1.0  ExecutionTime = 2363.83 s  ClockTime = 612 s  Iteration 3650 (1.35 s)

Time = 0.001464

    Collision global reduction skipped (rank 0 local diagnostics)
    Collisions                      = 53093
    Collision candidates           = 110456
    Collision acceptance rate      = 0.4806710364

    Number of DSMC particles        = 8776223
    Number of stuck particles       = 0
    Number of free particles        = 8776223
    Average linear kinetic energy   = 4.305362821e-19
    Average rotational energy       = 4.900503194e-20
    Average vibrational energy      = 3.084580253e-20
    Average electronic energy       = 0
    Total energy                    = 44.79271152

Stage 1.0  ExecutionTime = 2372.24 s  ClockTime = 614 s  Iteration 3660 (1.2 s)

Time = 0.001468

    Collision global reduction skipped (rank 0 local diagnostics)
    Collisions                      = 53368
    Collision candidates           = 110687
    Collision acceptance rate      = 0.4821523756

    Number of DSMC particles        = 8781546
    Number of stuck particles       = 0
    Number of free particles        = 8781546
    Average linear kinetic energy   = 4.303944877e-19
    Average rotational energy       = 4.899481613e-20
    Average vibrational energy      = 3.08442296e-20
    Average electronic energy       = 0
    Total energy                    = 44.80639245

Stage 1.0  ExecutionTime = 2380.57 s  ClockTime = 616 s  Iteration 3670 (1.19 s)

Time = 0.001472

    Collision global reduction skipped (rank 0 local diagnostics)
    Collisions                      = 53607
    Collision candidates           = 110898
    Collision acceptance rate      = 0.4833901423

    Number of DSMC particles        = 8786250
    Number of stuck particles       = 0
    Number of free particles        = 8786250
    Average linear kinetic energy   = 4.301782796e-19
    Average rotational energy       = 4.899940216e-20
    Average vibrational energy      = 3.084707311e-20
    Average electronic energy       = 0
    Total energy                    = 44.81205002

Stage 1.0  ExecutionTime = 2389.04 s  ClockTime = 618 s  Iteration 3680 (1.24 s)

Time = 0.001476

    Collision global reduction skipped (rank 0 local diagnostics)
    Collisions                      = 53756
    Collision candidates           = 111186
    Collision acceptance rate      = 0.4834781357

    Number of DSMC particles        = 8791548
    Number of stuck particles       = 0
    Number of free particles        = 8791548
    Average linear kinetic energy   = 4.300550305e-19
    Average rotational energy       = 4.89824617e-20
    Average vibrational energy      = 3.087960839e-20
    Average electronic energy       = 0
    Total energy                    = 44.82960666

Stage 1.0  ExecutionTime = 2397.39 s  ClockTime = 621 s  Iteration 3690 (1.19 s)

Time = 0.00148

    Collision global reduction skipped (rank 0 local diagnostics)
    Collisions                      = 53813
    Collision candidates           = 111472
    Collision acceptance rate      = 0.4827490311

    Number of DSMC particles        = 8796720
    Number of stuck particles       = 0
    Number of free particles        = 8796720
    Average linear kinetic energy   = 4.298492925e-19
    Average rotational energy       = 4.90038561e-20
    Average vibrational energy      = 3.088934631e-20
    Average electronic energy       = 0
    Total energy                    = 44.84062

Stage 1.0  ExecutionTime = 2405.97 s  ClockTime = 623 s  Iteration 3700 (1.36 s)

Time = 0.001484

    Collision global reduction skipped (rank 0 local diagnostics)
    Collisions                      = 53490
    Collision candidates           = 111455
    Collision acceptance rate      = 0.4799246333

    Number of DSMC particles        = 8801513
    Number of stuck particles       = 0
    Number of free particles        = 8801513
    Average linear kinetic energy   = 4.29671085e-19
    Average rotational energy       = 4.903367141e-20
    Average vibrational energy      = 3.087560187e-20
    Average electronic energy       = 0
    Total energy                    = 44.85078148

Stage 1.0  ExecutionTime = 2414.38 s  ClockTime = 625 s  Iteration 3710 (1.21 s)

Time = 0.001488

    Collision global reduction skipped (rank 0 local diagnostics)
    Collisions                      = 53989
    Collision candidates           = 111735
    Collision acceptance rate      = 0.4831878999

    Number of DSMC particles        = 8806554
    Number of stuck particles       = 0
    Number of free particles        = 8806554
    Average linear kinetic energy   = 4.295071068e-19
    Average rotational energy       = 4.90239446e-20
    Average vibrational energy      = 3.087228676e-20
    Average electronic energy       = 0
    Total energy                    = 44.86088006

Stage 1.0  ExecutionTime = 2422.79 s  ClockTime = 627 s  Iteration 3720 (1.2 s)

Time = 0.001492

    Collision global reduction skipped (rank 0 local diagnostics)
    Collisions                      = 53831
    Collision candidates           = 111946
    Collision acceptance rate      = 0.4808657746

    Number of DSMC particles        = 8811447
    Number of stuck particles       = 0
    Number of free particles        = 8811447
    Average linear kinetic energy   = 4.293257991e-19
    Average rotational energy       = 4.9025295e-20
    Average vibrational energy      = 3.087496739e-20
    Average electronic energy       = 0
    Total energy                    = 44.87018452

Stage 1.0  ExecutionTime = 2431.27 s  ClockTime = 629 s  Iteration 3730 (1.23 s)

Time = 0.001496

    Collision global reduction skipped (rank 0 local diagnostics)
    Collisions                      = 53665
    Collision candidates           = 112219
    Collision acceptance rate      = 0.4782167013

    Number of DSMC particles        = 8816655
    Number of stuck particles       = 0
    Number of free particles        = 8816655
    Average linear kinetic energy   = 4.291696193e-19
    Average rotational energy       = 4.904352971e-20
    Average vibrational energy      = 3.086588851e-20
    Average electronic energy       = 0
    Total energy                    = 44.88374241

Stage 1.0  ExecutionTime = 2439.67 s  ClockTime = 631 s  Iteration 3740 (1.2 s)

Time = 0.0015

    Collision global reduction skipped (rank 0 local diagnostics)
    Collisions                      = 53946
    Collision candidates           = 112400
    Collision acceptance rate      = 0.4799466192

    Number of DSMC particles        = 8821723
    Number of stuck particles       = 0
    Number of free particles        = 8821723
    Average linear kinetic energy   = 4.28969279e-19
    Average rotational energy       = 4.908424349e-20
    Average vibrational energy      = 3.087007379e-20
    Average electronic energy       = 0
    Total energy                    = 44.89582995
Replicated mesh: processor output begin at time 0.0015 (read mesh instance "constant", processor mesh instance 0.0015)
Replicated mesh: constructing processor mesh/addressing

Using externally supplied distribution of cells

Calculating original mesh data

Distributing cells to processors

Distributing faces to processors

Distributing points to processors

Constructing processor meshes

Processor 0
    Number of cells = 4491
    Number of faces shared with processor 1 = 0
    Number of faces shared with processor 2 = 0
    Number of faces shared with processor 3 = 67
    Number of faces shared with processor 4 = 0
    Number of faces shared with processor 5 = 0
    Number of faces shared with processor 6 = 0
    Number of faces shared with processor 7 = 0
    Number of faces shared with processor 8 = 0
    Number of faces shared with processor 9 = 0
    Number of faces shared with processor 10 = 0
    Number of faces shared with processor 11 = 0
    Number of faces shared with processor 12 = 75
    Number of faces shared with processor 13 = 0
    Number of faces shared with processor 14 = 0
    Number of faces shared with processor 15 = 0
    Number of processor patches = 15
    Number of processor faces = 142
    Number of boundary faces = 9124

Number of processor faces = 71
Max number of cells = 4491 (-31.00786358% above average 6509.4375)
Max number of processor patches = 15 (1500% above average 0.9375)
Max number of faces between processors = 142 (1500% above average 8.875)

Replicated mesh: rank 0 wrote processor0 output mesh/addressing at instance 0.0015
Replicated mesh: rank 0 wrote processor0 mesh/addressing
Replicated mesh: processor mesh/addressing barrier complete
Replicated mesh: rank 0 loaded processor0 mesh from instance 0.0015
Replicated mesh: rank 0 loaded processor addressing with 4491 cells, 18106 faces, 20 patches
Replicated mesh: rank 0 wrote processor0 volume fields at output time 0.0015 (scalar=67, vector=12, sphericalTensor=0, symmTensor=0, tensor=0)
Replicated mesh: rank 0 writing processor0 lagrangian cloud
Replicated mesh: rank 0 wrote processor0 cloud at output time 0.0015 with 554944 parcels
Replicated mesh processor output timing:
    owner-align migrate [s] = 0.08
    processor fields/cloud write [s] = 2.79


Stage 1.0  ExecutionTime = 2453.8 s  ClockTime = 637 s  Iteration 3750 (6.93 s)

    Maximum imbalance = 8.915684612%

Time = 0.001504

    Collision global reduction skipped (rank 0 local diagnostics)
    Collisions                      = 54340
    Collision candidates           = 112735
    Collision acceptance rate      = 0.4820153457

    Number of DSMC particles        = 8826494
    Number of stuck particles       = 0
    Number of free particles        = 8826494
    Average linear kinetic energy   = 4.288406668e-19
    Average rotational energy       = 4.907573057e-20
    Average vibrational energy      = 3.088202484e-20
    Average electronic energy       = 0
    Total energy                    = 44.90906221

Stage 1.0  ExecutionTime = 2462.28 s  ClockTime = 639 s  Iteration 3760 (1.2 s)

Time = 0.001508

    Collision global reduction skipped (rank 0 local diagnostics)
    Collisions                      = 54216
    Collision candidates           = 112883
    Collision acceptance rate      = 0.4802848968

    Number of DSMC particles        = 8830812
    Number of stuck particles       = 0
    Number of free particles        = 8830812
    Average linear kinetic energy   = 4.286751905e-19
    Average rotational energy       = 4.907925574e-20
    Average vibrational energy      = 3.087468659e-20
    Average electronic energy       = 0
    Total energy                    = 44.9160825

Stage 1.0  ExecutionTime = 2470.75 s  ClockTime = 641 s  Iteration 3770 (1.22 s)

Time = 0.001512

    Collision global reduction skipped (rank 0 local diagnostics)
    Collisions                      = 54408
    Collision candidates           = 112891
    Collision acceptance rate      = 0.481951617

    Number of DSMC particles        = 8835809
    Number of stuck particles       = 0
    Number of free particles        = 8835809
    Average linear kinetic energy   = 4.285366905e-19
    Average rotational energy       = 4.905776663e-20
    Average vibrational energy      = 3.088522474e-20
    Average electronic energy       = 0
    Total energy                    = 44.92829349

Stage 1.0  ExecutionTime = 2479.24 s  ClockTime = 643 s  Iteration 3780 (1.22 s)

Time = 0.001516

    Collision global reduction skipped (rank 0 local diagnostics)
    Collisions                      = 54489
    Collision candidates           = 113436
    Collision acceptance rate      = 0.4803501534

    Number of DSMC particles        = 8841162
    Number of stuck particles       = 0
    Number of free particles        = 8841162
    Average linear kinetic energy   = 4.283963599e-19
    Average rotational energy       = 4.905020422e-20
    Average vibrational energy      = 3.087651725e-20
    Average electronic energy       = 0
    Total energy                    = 44.94166711

Stage 1.0  ExecutionTime = 2487.75 s  ClockTime = 646 s  Iteration 3790 (1.22 s)

Time = 0.00152

    Collision global reduction skipped (rank 0 local diagnostics)
    Collisions                      = 54597
    Collision candidates           = 113667
    Collision acceptance rate      = 0.4803241046

    Number of DSMC particles        = 8846048
    Number of stuck particles       = 0
    Number of free particles        = 8846048
    Average linear kinetic energy   = 4.282179365e-19
    Average rotational energy       = 4.907999516e-20
    Average vibrational energy      = 3.087683079e-20
    Average electronic energy       = 0
    Total energy                    = 44.95338341

Stage 1.0  ExecutionTime = 2496.37 s  ClockTime = 648 s  Iteration 3800 (1.35 s)

Time = 0.001524

    Collision global reduction skipped (rank 0 local diagnostics)
    Collisions                      = 54665
    Collision candidates           = 113865
    Collision acceptance rate      = 0.4800860668

    Number of DSMC particles        = 8850586
    Number of stuck particles       = 0
    Number of free particles        = 8850586
    Average linear kinetic energy   = 4.281445542e-19
    Average rotational energy       = 4.904725511e-20
    Average vibrational energy      = 3.088315621e-20
    Average electronic energy       = 0
    Total energy                    = 44.96761177

Stage 1.0  ExecutionTime = 2504.83 s  ClockTime = 650 s  Iteration 3810 (1.2 s)

Time = 0.001528

    Collision global reduction skipped (rank 0 local diagnostics)
    Collisions                      = 54726
    Collision candidates           = 114062
    Collision acceptance rate      = 0.4797916922

    Number of DSMC particles        = 8855242
    Number of stuck particles       = 0
    Number of free particles        = 8855242
    Average linear kinetic energy   = 4.280149713e-19
    Average rotational energy       = 4.903793044e-20
    Average vibrational energy      = 3.090107301e-20
    Average electronic energy       = 0
    Total energy                    = 44.98055371

Stage 1.0  ExecutionTime = 2513.41 s  ClockTime = 652 s  Iteration 3820 (1.23 s)

Time = 0.001532

    Collision global reduction skipped (rank 0 local diagnostics)
    Collisions                      = 54739
    Collision candidates           = 113989
    Collision acceptance rate      = 0.480213003

    Number of DSMC particles        = 8859639
    Number of stuck particles       = 0
    Number of free particles        = 8859639
    Average linear kinetic energy   = 4.278569022e-19
    Average rotational energy       = 4.906017556e-20
    Average vibrational energy      = 3.090030897e-20
    Average electronic energy       = 0
    Total energy                    = 44.99078725

Stage 1.0  ExecutionTime = 2521.84 s  ClockTime = 654 s  Iteration 3830 (1.23 s)

Time = 0.001536

    Collision global reduction skipped (rank 0 local diagnostics)
    Collisions                      = 54766
    Collision candidates           = 114253
    Collision acceptance rate      = 0.479339711

    Number of DSMC particles        = 8865148
    Number of stuck particles       = 0
    Number of free particles        = 8865148
    Average linear kinetic energy   = 4.276845094e-19
    Average rotational energy       = 4.90412003e-20
    Average vibrational energy      = 3.088937428e-20
    Average electronic energy       = 0
    Total energy                    = 45.00082847

Stage 1.0  ExecutionTime = 2530.35 s  ClockTime = 656 s  Iteration 3840 (1.23 s)

Time = 0.00154

    Collision global reduction skipped (rank 0 local diagnostics)
    Collisions                      = 54944
    Collision candidates           = 114618
    Collision acceptance rate      = 0.4793662426

    Number of DSMC particles        = 8869999
    Number of stuck particles       = 0
    Number of free particles        = 8869999
    Average linear kinetic energy   = 4.275362063e-19
    Average rotational energy       = 4.904275421e-20
    Average vibrational energy      = 3.087941876e-20
    Average electronic energy       = 0
    Total energy                    = 45.01155317

Stage 1.0  ExecutionTime = 2539 s  ClockTime = 659 s  Iteration 3850 (1.36 s)

Time = 0.001544

    Collision global reduction skipped (rank 0 local diagnostics)
    Collisions                      = 54786
    Collision candidates           = 114685
    Collision acceptance rate      = 0.4777085059

    Number of DSMC particles        = 8874242
    Number of stuck particles       = 0
    Number of free particles        = 8874242
    Average linear kinetic energy   = 4.274031728e-19
    Average rotational energy       = 4.903032808e-20
    Average vibrational energy      = 3.088232377e-20
    Average electronic energy       = 0
    Total energy                    = 45.02043398

Stage 1.0  ExecutionTime = 2547.48 s  ClockTime = 661 s  Iteration 3860 (1.22 s)

Time = 0.001548

    Collision global reduction skipped (rank 0 local diagnostics)
    Collisions                      = 55179
    Collision candidates           = 114815
    Collision acceptance rate      = 0.4805905152

    Number of DSMC particles        = 8879104
    Number of stuck particles       = 0
    Number of free particles        = 8879104
    Average linear kinetic energy   = 4.272607711e-19
    Average rotational energy       = 4.903527481e-20
    Average vibrational energy      = 3.088881966e-20
    Average electronic energy       = 0
    Total energy                    = 45.03347169

Stage 1.0  ExecutionTime = 2555.94 s  ClockTime = 663 s  Iteration 3870 (1.25 s)

Time = 0.001552

    Collision global reduction skipped (rank 0 local diagnostics)
    Collisions                      = 54897
    Collision candidates           = 115138
    Collision acceptance rate      = 0.4767930657

    Number of DSMC particles        = 8883825
    Number of stuck particles       = 0
    Number of free particles        = 8883825
    Average linear kinetic energy   = 4.271526508e-19
    Average rotational energy       = 4.904007422e-20
    Average vibrational energy      = 3.089093417e-20
    Average electronic energy       = 0
    Total energy                    = 45.04842489

Stage 1.0  ExecutionTime = 2564.43 s  ClockTime = 665 s  Iteration 3880 (1.25 s)

Time = 0.001556

    Collision global reduction skipped (rank 0 local diagnostics)
    Collisions                      = 55070
    Collision candidates           = 115312
    Collision acceptance rate      = 0.4775738865

    Number of DSMC particles        = 8888042
    Number of stuck particles       = 0
    Number of free particles        = 8888042
    Average linear kinetic energy   = 4.269810016e-19
    Average rotational energy       = 4.907121916e-20
    Average vibrational energy      = 3.089560514e-20
    Average electronic energy       = 0
    Total energy                    = 45.05773568

Stage 1.0  ExecutionTime = 2572.95 s  ClockTime = 667 s  Iteration 3890 (1.23 s)

Time = 0.00156

    Collision global reduction skipped (rank 0 local diagnostics)
    Collisions                      = 55032
    Collision candidates           = 115526
    Collision acceptance rate      = 0.4763602998

    Number of DSMC particles        = 8892738
    Number of stuck particles       = 0
    Number of free particles        = 8892738
    Average linear kinetic energy   = 4.268379043e-19
    Average rotational energy       = 4.903179757e-20
    Average vibrational energy      = 3.091119691e-20
    Average electronic energy       = 0
    Total energy                    = 45.06669756

Stage 1.0  ExecutionTime = 2581.65 s  ClockTime = 669 s  Iteration 3900 (1.34 s)

Time = 0.001564

    Collision global reduction skipped (rank 0 local diagnostics)
    Collisions                      = 54939
    Collision candidates           = 115477
    Collision acceptance rate      = 0.4757570772

    Number of DSMC particles        = 8896690
    Number of stuck particles       = 0
    Number of free particles        = 8896690
    Average linear kinetic energy   = 4.26716917e-19
    Average rotational energy       = 4.904668756e-20
    Average vibrational energy      = 3.092129154e-20
    Average electronic energy       = 0
    Total energy                    = 45.07818449

Stage 1.0  ExecutionTime = 2590.22 s  ClockTime = 671 s  Iteration 3910 (1.27 s)

Time = 0.001568

    Collision global reduction skipped (rank 0 local diagnostics)
    Collisions                      = 55355
    Collision candidates           = 115745
    Collision acceptance rate      = 0.4782496004

    Number of DSMC particles        = 8901069
    Number of stuck particles       = 0
    Number of free particles        = 8901069
    Average linear kinetic energy   = 4.265840398e-19
    Average rotational energy       = 4.904205295e-20
    Average vibrational energy      = 3.091237235e-20
    Average electronic energy       = 0
    Total energy                    = 45.08733829

Stage 1.0  ExecutionTime = 2598.78 s  ClockTime = 674 s  Iteration 3920 (1.22 s)

Time = 0.001572

    Collision global reduction skipped (rank 0 local diagnostics)
    Collisions                      = 55148
    Collision candidates           = 115888
    Collision acceptance rate      = 0.4758732569

    Number of DSMC particles        = 8905267
    Number of stuck particles       = 0
    Number of free particles        = 8905267
    Average linear kinetic energy   = 4.264549626e-19
    Average rotational energy       = 4.903616895e-20
    Average vibrational energy      = 3.092545714e-20
    Average electronic energy       = 0
    Total energy                    = 45.09774935

Stage 1.0  ExecutionTime = 2607.42 s  ClockTime = 676 s  Iteration 3930 (1.24 s)

Time = 0.001576

    Collision global reduction skipped (rank 0 local diagnostics)
    Collisions                      = 55357
    Collision candidates           = 115919
    Collision acceptance rate      = 0.4775489782

    Number of DSMC particles        = 8909598
    Number of stuck particles       = 0
    Number of free particles        = 8909598
    Average linear kinetic energy   = 4.263093075e-19
    Average rotational energy       = 4.902847235e-20
    Average vibrational energy      = 3.092068692e-20
    Average electronic energy       = 0
    Total energy                    = 45.10559423

Stage 1.0  ExecutionTime = 2616 s  ClockTime = 678 s  Iteration 3940 (1.24 s)

Time = 0.00158

    Collision global reduction skipped (rank 0 local diagnostics)
    Collisions                      = 55497
    Collision candidates           = 116149
    Collision acceptance rate      = 0.4778086768

    Number of DSMC particles        = 8913961
    Number of stuck particles       = 0
    Number of free particles        = 8913961
    Average linear kinetic energy   = 4.262393077e-19
    Average rotational energy       = 4.899715392e-20
    Average vibrational energy      = 3.092668052e-20
    Average electronic energy       = 0
    Total energy                    = 45.11918508

Stage 1.0  ExecutionTime = 2624.83 s  ClockTime = 680 s  Iteration 3950 (1.41 s)

Time = 0.001584

    Collision global reduction skipped (rank 0 local diagnostics)
    Collisions                      = 55589
    Collision candidates           = 116388
    Collision acceptance rate      = 0.4776179675

    Number of DSMC particles        = 8918696
    Number of stuck particles       = 0
    Number of free particles        = 8918696
    Average linear kinetic energy   = 4.261227466e-19
    Average rotational energy       = 4.900130887e-20
    Average vibrational energy      = 3.091900062e-20
    Average electronic energy       = 0
    Total energy                    = 45.1324418

Stage 1.0  ExecutionTime = 2633.39 s  ClockTime = 682 s  Iteration 3960 (1.23 s)

Time = 0.001588

    Collision global reduction skipped (rank 0 local diagnostics)
    Collisions                      = 55378
    Collision candidates           = 116284
    Collision acceptance rate      = 0.4762306078

    Number of DSMC particles        = 8922548
    Number of stuck particles       = 0
    Number of free particles        = 8922548
    Average linear kinetic energy   = 4.259651618e-19
    Average rotational energy       = 4.902773756e-20
    Average vibrational energy      = 3.089936902e-20
    Average electronic energy       = 0
    Total energy                    = 45.13848048

Stage 1.0  ExecutionTime = 2642.01 s  ClockTime = 684 s  Iteration 3970 (1.26 s)

Time = 0.001592

    Collision global reduction skipped (rank 0 local diagnostics)
    Collisions                      = 55765
    Collision candidates           = 116467
    Collision acceptance rate      = 0.4788051551

    Number of DSMC particles        = 8926785
    Number of stuck particles       = 0
    Number of free particles        = 8926785
    Average linear kinetic energy   = 4.258561321e-19
    Average rotational energy       = 4.902082717e-20
    Average vibrational energy      = 3.089475313e-20
    Average electronic energy       = 0
    Total energy                    = 45.14915335

Stage 1.0  ExecutionTime = 2650.58 s  ClockTime = 687 s  Iteration 3980 (1.25 s)

Time = 0.001596

    Collision global reduction skipped (rank 0 local diagnostics)
    Collisions                      = 55635
    Collision candidates           = 116858
    Collision acceptance rate      = 0.4760906399

    Number of DSMC particles        = 8931061
    Number of stuck particles       = 0
    Number of free particles        = 8931061
    Average linear kinetic energy   = 4.256848165e-19
    Average rotational energy       = 4.906629572e-20
    Average vibrational energy      = 3.08865095e-20
    Average electronic energy       = 0
    Total energy                    = 45.15880444

Stage 1.0  ExecutionTime = 2659.2 s  ClockTime = 689 s  Iteration 3990 (1.24 s)

Time = 0.0016

    Collision global reduction skipped (rank 0 local diagnostics)
    Collisions                      = 56010
    Collision candidates           = 116964
    Collision acceptance rate      = 0.4788652919

    Number of DSMC particles        = 8935237
    Number of stuck particles       = 0
    Number of free particles        = 8935237
    Average linear kinetic energy   = 4.255616945e-19
    Average rotational energy       = 4.904618405e-20
    Average vibrational energy      = 3.087901952e-20
    Average electronic energy       = 0
    Total energy                    = 45.16645234

Stage 1.0  ExecutionTime = 2667.95 s  ClockTime = 691 s  Iteration 4000 (1.43 s)

Time = 0.001604

    Collision global reduction skipped (rank 0 local diagnostics)
    Collisions                      = 56042
    Collision candidates           = 117441
    Collision acceptance rate      = 0.4771928032

    Number of DSMC particles        = 8939649
    Number of stuck particles       = 0
    Number of free particles        = 8939649
    Average linear kinetic energy   = 4.25455315e-19
    Average rotational energy       = 4.903838803e-20
    Average vibrational energy      = 3.088290432e-20
    Average electronic energy       = 0
    Total energy                    = 45.17889483

Stage 1.0  ExecutionTime = 2676.55 s  ClockTime = 693 s  Iteration 4010 (1.25 s)

Time = 0.001608

    Collision global reduction skipped (rank 0 local diagnostics)
    Collisions                      = 56255
    Collision candidates           = 117440
    Collision acceptance rate      = 0.4790105586

    Number of DSMC particles        = 8943510
    Number of stuck particles       = 0
    Number of free particles        = 8943510
    Average linear kinetic energy   = 4.253263753e-19
    Average rotational energy       = 4.903976071e-20
    Average vibrational energy      = 3.08828665e-20
    Average electronic energy       = 0
    Total energy                    = 45.18699506

Stage 1.0  ExecutionTime = 2685.13 s  ClockTime = 695 s  Iteration 4020 (1.23 s)

Time = 0.001612

    Collision global reduction skipped (rank 0 local diagnostics)
    Collisions                      = 56094
    Collision candidates           = 117486
    Collision acceptance rate      = 0.4774526327

    Number of DSMC particles        = 8947506
    Number of stuck particles       = 0
    Number of free particles        = 8947506
    Average linear kinetic energy   = 4.251710227e-19
    Average rotational energy       = 4.90347507e-20
    Average vibrational energy      = 3.089613616e-20
    Average electronic energy       = 0
    Total energy                    = 45.19402366

Stage 1.0  ExecutionTime = 2693.74 s  ClockTime = 697 s  Iteration 4030 (1.24 s)

Time = 0.001616

    Collision global reduction skipped (rank 0 local diagnostics)
    Collisions                      = 56280
    Collision candidates           = 117620
    Collision acceptance rate      = 0.4784900527

    Number of DSMC particles        = 8951769
    Number of stuck particles       = 0
    Number of free particles        = 8951769
    Average linear kinetic energy   = 4.250572616e-19
    Average rotational energy       = 4.904049188e-20
    Average vibrational energy      = 3.089350818e-20
    Average electronic energy       = 0
    Total energy                    = 45.20565122

Stage 1.0  ExecutionTime = 2702.33 s  ClockTime = 700 s  Iteration 4040 (1.23 s)

Time = 0.00162

    Collision global reduction skipped (rank 0 local diagnostics)
    Collisions                      = 56067
    Collision candidates           = 117722
    Collision acceptance rate      = 0.4762661185


Phase C auto DLB triggered (SAR) at step 4050: sar=0.007990802962 loadImbalance=1.198342037 threshold=1.5 particleMaxMin=1
Phase C ParMETIS weights: particles=8956059 activeCells=104151 maxCellParticles=282
Phase C ParMETIS: alpha=1 ncon=1 ubvec=[1.05] moveRatio=0.856848793 (moveT=280.3672997s, collT=46.84013993s)
Phase C ParMETIS: AdaptiveRepart (104151 cells, 1 constraints, ubvec=1.05)
Replicated mesh: rank 0 owns 4495 / 104151 cells
Local mesh: 4495 owned + 132 halo = 4627 / 104151 cells
Phase C ParMETIS AdaptiveRepart: 83795 / 104151 cells changed (0.8045530048)
Phase C auto DLB complete: rebalance #13

    Number of DSMC particles        = 8956059
    Number of stuck particles       = 0
    Number of free particles        = 8956059
    Average linear kinetic energy   = 4.249629964e-19
    Average rotational energy       = 4.906242029e-20
    Average vibrational energy      = 3.090781686e-20
    Average electronic energy       = 0
    Total energy                    = 45.22211831

Stage 1.0  ExecutionTime = 2711.9 s  ClockTime = 702 s  Iteration 4050 (2.22 s)

Time = 0.001624

    Collision global reduction skipped (rank 0 local diagnostics)
    Collisions                      = 56503
    Collision candidates           = 117918
    Collision acceptance rate      = 0.479171967

    Number of DSMC particles        = 8960130
    Number of stuck particles       = 0
    Number of free particles        = 8960130
    Average linear kinetic energy   = 4.248738387e-19
    Average rotational energy       = 4.904169733e-20
    Average vibrational energy      = 3.091395634e-20
    Average electronic energy       = 0
    Total energy                    = 45.23337879

Stage 1.0  ExecutionTime = 2720.22 s  ClockTime = 704 s  Iteration 4060 (1.16 s)

Time = 0.001628

    Collision global reduction skipped (rank 0 local diagnostics)
    Collisions                      = 56453
    Collision candidates           = 118359
    Collision acceptance rate      = 0.4769641514

    Number of DSMC particles        = 8964281
    Number of stuck particles       = 0
    Number of free particles        = 8964281
    Average linear kinetic energy   = 4.247925927e-19
    Average rotational energy       = 4.900287187e-20
    Average vibrational energy      = 3.092262764e-20
    Average electronic energy       = 0
    Total energy                    = 45.24434804

Stage 1.0  ExecutionTime = 2728.49 s  ClockTime = 706 s  Iteration 4070 (1.16 s)

Time = 0.001632

    Collision global reduction skipped (rank 0 local diagnostics)
    Collisions                      = 56478
    Collision candidates           = 118671
    Collision acceptance rate      = 0.4759208231

    Number of DSMC particles        = 8968603
    Number of stuck particles       = 0
    Number of free particles        = 8968603
    Average linear kinetic energy   = 4.246483892e-19
    Average rotational energy       = 4.902007939e-20
    Average vibrational energy      = 3.094186098e-20
    Average electronic energy       = 0
    Total energy                    = 45.25649716

Stage 1.0  ExecutionTime = 2736.79 s  ClockTime = 709 s  Iteration 4080 (1.16 s)

Time = 0.001636

    Collision global reduction skipped (rank 0 local diagnostics)
    Collisions                      = 56656
    Collision candidates           = 118732
    Collision acceptance rate      = 0.4771754877

    Number of DSMC particles        = 8972363
    Number of stuck particles       = 0
    Number of free particles        = 8972363
    Average linear kinetic energy   = 4.244857209e-19
    Average rotational energy       = 4.901116008e-20
    Average vibrational energy      = 3.095132469e-20
    Average electronic energy       = 0
    Total energy                    = 45.26092416

Stage 1.0  ExecutionTime = 2745.1 s  ClockTime = 711 s  Iteration 4090 (1.16 s)

Time = 0.00164

    Collision global reduction skipped (rank 0 local diagnostics)
    Collisions                      = 56894
    Collision candidates           = 118963
    Collision acceptance rate      = 0.4782495398

    Number of DSMC particles        = 8976449
    Number of stuck particles       = 0
    Number of free particles        = 8976449
    Average linear kinetic energy   = 4.243348999e-19
    Average rotational energy       = 4.899681309e-20
    Average vibrational energy      = 3.095993508e-20
    Average electronic energy       = 0
    Total energy                    = 45.2674826

Stage 1.0  ExecutionTime = 2753.55 s  ClockTime = 713 s  Iteration 4100 (1.27 s)

Time = 0.001644

    Collision global reduction skipped (rank 0 local diagnostics)
    Collisions                      = 56807
    Collision candidates           = 119181
    Collision acceptance rate      = 0.4766447672

    Number of DSMC particles        = 8980709
    Number of stuck particles       = 0
    Number of free particles        = 8980709
    Average linear kinetic energy   = 4.242563462e-19
    Average rotational energy       = 4.89717808e-20
    Average vibrational energy      = 3.096854416e-20
    Average electronic energy       = 0
    Total energy                    = 45.28043582

Stage 1.0  ExecutionTime = 2761.86 s  ClockTime = 715 s  Iteration 4110 (1.15 s)

Time = 0.001648

    Collision global reduction skipped (rank 0 local diagnostics)
    Collisions                      = 56667
    Collision candidates           = 119124
    Collision acceptance rate      = 0.4756975924

    Number of DSMC particles        = 8984357
    Number of stuck particles       = 0
    Number of free particles        = 8984357
    Average linear kinetic energy   = 4.240639559e-19
    Average rotational energy       = 4.901893416e-20
    Average vibrational energy      = 3.099180217e-20
    Average electronic energy       = 0
    Total energy                    = 45.2878699

Stage 1.0  ExecutionTime = 2770.15 s  ClockTime = 717 s  Iteration 4120 (1.13 s)

Time = 0.001652

    Collision global reduction skipped (rank 0 local diagnostics)
    Collisions                      = 56754
    Collision candidates           = 119354
    Collision acceptance rate      = 0.4755098279

    Number of DSMC particles        = 8988417
    Number of stuck particles       = 0
    Number of free particles        = 8988417
    Average linear kinetic energy   = 4.239848006e-19
    Average rotational energy       = 4.903030105e-20
    Average vibrational energy      = 3.097193372e-20
    Average electronic energy       = 0
    Total energy                    = 45.30045636

Stage 1.0  ExecutionTime = 2778.46 s  ClockTime = 719 s  Iteration 4130 (1.18 s)

Time = 0.001656

    Collision global reduction skipped (rank 0 local diagnostics)
    Collisions                      = 56855
    Collision candidates           = 119561
    Collision acceptance rate      = 0.4755313187

    Number of DSMC particles        = 8992234
    Number of stuck particles       = 0
    Number of free particles        = 8992234
    Average linear kinetic energy   = 4.239169622e-19
    Average rotational energy       = 4.902033133e-20
    Average vibrational energy      = 3.097478156e-20
    Average electronic energy       = 0
    Total energy                    = 45.31295294

Stage 1.0  ExecutionTime = 2786.77 s  ClockTime = 721 s  Iteration 4140 (1.16 s)

Time = 0.00166

    Collision global reduction skipped (rank 0 local diagnostics)
    Collisions                      = 56844
    Collision candidates           = 119668
    Collision acceptance rate      = 0.475014206

    Number of DSMC particles        = 8995745
    Number of stuck particles       = 0
    Number of free particles        = 8995745
    Average linear kinetic energy   = 4.237985119e-19
    Average rotational energy       = 4.898261472e-20
    Average vibrational energy      = 3.097544706e-20
    Average electronic energy       = 0
    Total energy                    = 45.31665679

Stage 1.0  ExecutionTime = 2795.22 s  ClockTime = 723 s  Iteration 4150 (1.32 s)

Time = 0.001664

    Collision global reduction skipped (rank 0 local diagnostics)
    Collisions                      = 57256
    Collision candidates           = 119792
    Collision acceptance rate      = 0.4779618005

    Number of DSMC particles        = 8999113
    Number of stuck particles       = 0
    Number of free particles        = 8999113
    Average linear kinetic energy   = 4.237009119e-19
    Average rotational energy       = 4.898193704e-20
    Average vibrational energy      = 3.097505946e-20
    Average electronic energy       = 0
    Total energy                    = 45.32474431

Stage 1.0  ExecutionTime = 2803.65 s  ClockTime = 725 s  Iteration 4160 (1.2 s)

Time = 0.001668

    Collision global reduction skipped (rank 0 local diagnostics)
    Collisions                      = 57129
    Collision candidates           = 120023
    Collision acceptance rate      = 0.4759837698

    Number of DSMC particles        = 9002595
    Number of stuck particles       = 0
    Number of free particles        = 9002595
    Average linear kinetic energy   = 4.235475158e-19
    Average rotational energy       = 4.901361874e-20
    Average vibrational energy      = 3.09784223e-20
    Average electronic energy       = 0
    Total energy                    = 45.33162696

Stage 1.0  ExecutionTime = 2811.98 s  ClockTime = 727 s  Iteration 4170 (1.17 s)

Time = 0.001672

    Collision global reduction skipped (rank 0 local diagnostics)
    Collisions                      = 57528
    Collision candidates           = 120175
    Collision acceptance rate      = 0.4787018931

    Number of DSMC particles        = 9006651
    Number of stuck particles       = 0
    Number of free particles        = 9006651
    Average linear kinetic energy   = 4.233998867e-19
    Average rotational energy       = 4.903322897e-20
    Average vibrational energy      = 3.096886659e-20
    Average electronic energy       = 0
    Total energy                    = 45.33965967

Stage 1.0  ExecutionTime = 2820.31 s  ClockTime = 730 s  Iteration 4180 (1.17 s)

Time = 0.001676

    Collision global reduction skipped (rank 0 local diagnostics)
    Collisions                      = 57350
    Collision candidates           = 120483
    Collision acceptance rate      = 0.4760007636

    Number of DSMC particles        = 9010680
    Number of stuck particles       = 0
    Number of free particles        = 9010680
    Average linear kinetic energy   = 4.232728338e-19
    Average rotational energy       = 4.904041848e-20
    Average vibrational energy      = 3.096223727e-20
    Average electronic energy       = 0
    Total energy                    = 45.34854388

Stage 1.0  ExecutionTime = 2828.72 s  ClockTime = 732 s  Iteration 4190 (1.17 s)

Time = 0.00168

    Collision global reduction skipped (rank 0 local diagnostics)
    Collisions                      = 57222
    Collision candidates           = 120489
    Collision acceptance rate      = 0.4749147225

    Number of DSMC particles        = 9014417
    Number of stuck particles       = 0
    Number of free particles        = 9014417
    Average linear kinetic energy   = 4.231832624e-19
    Average rotational energy       = 4.902194442e-20
    Average vibrational energy      = 3.096664237e-20
    Average electronic energy       = 0
    Total energy                    = 45.35800871

Stage 1.0  ExecutionTime = 2837.25 s  ClockTime = 734 s  Iteration 4200 (1.34 s)

Time = 0.001684

    Collision global reduction skipped (rank 0 local diagnostics)
    Collisions                      = 57455
    Collision candidates           = 120649
    Collision acceptance rate      = 0.4762161311

    Number of DSMC particles        = 9017891
    Number of stuck particles       = 0
    Number of free particles        = 9017891
    Average linear kinetic energy   = 4.230581046e-19
    Average rotational energy       = 4.903250445e-20
    Average vibrational energy      = 3.096827542e-20
    Average electronic energy       = 0
    Total energy                    = 45.36530187

Stage 1.0  ExecutionTime = 2845.66 s  ClockTime = 736 s  Iteration 4210 (1.2 s)

Time = 0.001688

    Collision global reduction skipped (rank 0 local diagnostics)
    Collisions                      = 57636
    Collision candidates           = 121013
    Collision acceptance rate      = 0.476279408

    Number of DSMC particles        = 9021846
    Number of stuck particles       = 0
    Number of free particles        = 9021846
    Average linear kinetic energy   = 4.229419793e-19
    Average rotational energy       = 4.902324455e-20
    Average vibrational energy      = 3.096825907e-20
    Average electronic energy       = 0
    Total energy                    = 45.37388432

Stage 1.0  ExecutionTime = 2854 s  ClockTime = 738 s  Iteration 4220 (1.17 s)

Time = 0.001692

    Collision global reduction skipped (rank 0 local diagnostics)
    Collisions                      = 57729
    Collision candidates           = 121189
    Collision acceptance rate      = 0.4763551147

    Number of DSMC particles        = 9025951
    Number of stuck particles       = 0
    Number of free particles        = 9025951
    Average linear kinetic energy   = 4.228488577e-19
    Average rotational energy       = 4.902793782e-20
    Average vibrational energy      = 3.097065352e-20
    Average electronic energy       = 0
    Total energy                    = 45.38676435

Stage 1.0  ExecutionTime = 2862.36 s  ClockTime = 740 s  Iteration 4230 (1.19 s)

Time = 0.001696

    Collision global reduction skipped (rank 0 local diagnostics)
    Collisions                      = 57414
    Collision candidates           = 121221
    Collision acceptance rate      = 0.4736308065

    Number of DSMC particles        = 9029122
    Number of stuck particles       = 0
    Number of free particles        = 9029122
    Average linear kinetic energy   = 4.227008918e-19
    Average rotational energy       = 4.903514435e-20
    Average vibrational energy      = 3.098527938e-20
    Average electronic energy       = 0
    Total energy                    = 45.3913209

Stage 1.0  ExecutionTime = 2870.75 s  ClockTime = 742 s  Iteration 4240 (1.2 s)

Time = 0.0017

    Collision global reduction skipped (rank 0 local diagnostics)
    Collisions                      = 57655
    Collision candidates           = 121525
    Collision acceptance rate      = 0.4744291298

    Number of DSMC particles        = 9033123
    Number of stuck particles       = 0
    Number of free particles        = 9033123
    Average linear kinetic energy   = 4.226142881e-19
    Average rotational energy       = 4.901394606e-20
    Average vibrational energy      = 3.098817741e-20
    Average electronic energy       = 0
    Total energy                    = 45.40195868

Stage 1.0  ExecutionTime = 2879.27 s  ClockTime = 744 s  Iteration 4250 (1.33 s)

Time = 0.001704

    Collision global reduction skipped (rank 0 local diagnostics)
    Collisions                      = 57958
    Collision candidates           = 121715
    Collision acceptance rate      = 0.4761779567

    Number of DSMC particles        = 9036745
    Number of stuck particles       = 0
    Number of free particles        = 9036745
    Average linear kinetic energy   = 4.225022952e-19
    Average rotational energy       = 4.901551316e-20
    Average vibrational energy      = 3.098833876e-20
    Average electronic energy       = 0
    Total energy                    = 45.41019913

Stage 1.0  ExecutionTime = 2887.64 s  ClockTime = 746 s  Iteration 4260 (1.18 s)

Time = 0.001708

    Collision global reduction skipped (rank 0 local diagnostics)
    Collisions                      = 57856
    Collision candidates           = 121610
    Collision acceptance rate      = 0.4757503495

    Number of DSMC particles        = 9040436
    Number of stuck particles       = 0
    Number of free particles        = 9040436
    Average linear kinetic energy   = 4.224150216e-19
    Average rotational energy       = 4.89728202e-20
    Average vibrational energy      = 3.098330736e-20
    Average electronic energy       = 0
    Total energy                    = 45.41654223

Stage 1.0  ExecutionTime = 2896.05 s  ClockTime = 749 s  Iteration 4270 (1.2 s)

Time = 0.001712

    Collision global reduction skipped (rank 0 local diagnostics)
    Collisions                      = 57812
    Collision candidates           = 121859
    Collision acceptance rate      = 0.4744171543

    Number of DSMC particles        = 9044166
    Number of stuck particles       = 0
    Number of free particles        = 9044166
    Average linear kinetic energy   = 4.223224506e-19
    Average rotational energy       = 4.900503107e-20
    Average vibrational energy      = 3.097463252e-20
    Average electronic energy       = 0
    Total energy                    = 45.42903703

Stage 1.0  ExecutionTime = 2904.46 s  ClockTime = 751 s  Iteration 4280 (1.19 s)

Time = 0.001716

    Collision global reduction skipped (rank 0 local diagnostics)
    Collisions                      = 57923
    Collision candidates           = 121979
    Collision acceptance rate      = 0.4748604268

    Number of DSMC particles        = 9047440
    Number of stuck particles       = 0
    Number of free particles        = 9047440
    Average linear kinetic energy   = 4.222379792e-19
    Average rotational energy       = 4.897274366e-20
    Average vibrational energy      = 3.099531129e-20
    Average electronic energy       = 0
    Total energy                    = 45.43678961

Stage 1.0  ExecutionTime = 2912.93 s  ClockTime = 753 s  Iteration 4290 (1.18 s)

Time = 0.00172

    Collision global reduction skipped (rank 0 local diagnostics)
    Collisions                      = 57912
    Collision candidates           = 122172
    Collision acceptance rate      = 0.4740202338

    Number of DSMC particles        = 9050668
    Number of stuck particles       = 0
    Number of free particles        = 9050668
    Average linear kinetic energy   = 4.22163563e-19
    Average rotational energy       = 4.899887154e-20
    Average vibrational energy      = 3.10034552e-20
    Average electronic energy       = 0
    Total energy                    = 45.44936749

Stage 1.0  ExecutionTime = 2921.48 s  ClockTime = 755 s  Iteration 4300 (1.33 s)

Time = 0.001724

    Collision global reduction skipped (rank 0 local diagnostics)
    Collisions                      = 58055
    Collision candidates           = 122183
    Collision acceptance rate      = 0.4751479338

    Number of DSMC particles        = 9054267
    Number of stuck particles       = 0
    Number of free particles        = 9054267
    Average linear kinetic energy   = 4.220221426e-19
    Average rotational energy       = 4.903230531e-20
    Average vibrational energy      = 3.099382385e-20
    Average electronic energy       = 0
    Total energy                    = 45.45679099

Stage 1.0  ExecutionTime = 2929.85 s  ClockTime = 757 s  Iteration 4310 (1.17 s)

Time = 0.001728

    Collision global reduction skipped (rank 0 local diagnostics)
    Collisions                      = 58142
    Collision candidates           = 122144
    Collision acceptance rate      = 0.4760119204

    Number of DSMC particles        = 9057314
    Number of stuck particles       = 0
    Number of free particles        = 9057314
    Average linear kinetic energy   = 4.218691115e-19
    Average rotational energy       = 4.904692158e-20
    Average vibrational energy      = 3.099714812e-20
    Average electronic energy       = 0
    Total energy                    = 45.45985283

Stage 1.0  ExecutionTime = 2938.21 s  ClockTime = 759 s  Iteration 4320 (1.17 s)

Time = 0.001732

    Collision global reduction skipped (rank 0 local diagnostics)
    Collisions                      = 58107
    Collision candidates           = 122195
    Collision acceptance rate      = 0.4755268219

    Number of DSMC particles        = 9060839
    Number of stuck particles       = 0
    Number of free particles        = 9060839
    Average linear kinetic energy   = 4.217850389e-19
    Average rotational energy       = 4.901118863e-20
    Average vibrational energy      = 3.099258092e-20
    Average electronic energy       = 0
    Total energy                    = 45.46627605

Stage 1.0  ExecutionTime = 2946.63 s  ClockTime = 761 s  Iteration 4330 (1.2 s)

Time = 0.001736

    Collision global reduction skipped (rank 0 local diagnostics)
    Collisions                      = 58298
    Collision candidates           = 122482
    Collision acceptance rate      = 0.4759719796

    Number of DSMC particles        = 9064625
    Number of stuck particles       = 0
    Number of free particles        = 9064625
    Average linear kinetic energy   = 4.217222314e-19
    Average rotational energy       = 4.89973539e-20
    Average vibrational energy      = 3.099901255e-20
    Average electronic energy       = 0
    Total energy                    = 45.47890945

Stage 1.0  ExecutionTime = 2955.08 s  ClockTime = 763 s  Iteration 4340 (1.18 s)

Time = 0.00174

    Collision global reduction skipped (rank 0 local diagnostics)
    Collisions                      = 58130
    Collision candidates           = 122662
    Collision acceptance rate      = 0.4739038985

    Number of DSMC particles        = 9068192
    Number of stuck particles       = 0
    Number of free particles        = 9068192
    Average linear kinetic energy   = 4.216584465e-19
    Average rotational energy       = 4.899131373e-20
    Average vibrational energy      = 3.099226397e-20
    Average electronic energy       = 0
    Total energy                    = 45.48986191

Stage 1.0  ExecutionTime = 2963.59 s  ClockTime = 766 s  Iteration 4350 (1.29 s)

Time = 0.001744

    Collision global reduction skipped (rank 0 local diagnostics)
    Collisions                      = 58153
    Collision candidates           = 122740
    Collision acceptance rate      = 0.4737901255

    Number of DSMC particles        = 9071648
    Number of stuck particles       = 0
    Number of free particles        = 9071648
    Average linear kinetic energy   = 4.215360693e-19
    Average rotational energy       = 4.900777613e-20
    Average vibrational energy      = 3.097946117e-20
    Average electronic energy       = 0
    Total energy                    = 45.49642901

Stage 1.0  ExecutionTime = 2971.98 s  ClockTime = 768 s  Iteration 4360 (1.17 s)

Time = 0.001748

    Collision global reduction skipped (rank 0 local diagnostics)
    Collisions                      = 58207
    Collision candidates           = 123022
    Collision acceptance rate      = 0.4731430151

    Number of DSMC particles        = 9075238
    Number of stuck particles       = 0
    Number of free particles        = 9075238
    Average linear kinetic energy   = 4.214457257e-19
    Average rotational energy       = 4.899915035e-20
    Average vibrational energy      = 3.097946522e-20
    Average electronic energy       = 0
    Total energy                    = 45.50545236

Stage 1.0  ExecutionTime = 2980.51 s  ClockTime = 770 s  Iteration 4370 (1.25 s)

Time = 0.001752

    Collision global reduction skipped (rank 0 local diagnostics)
    Collisions                      = 58031
    Collision candidates           = 122797
    Collision acceptance rate      = 0.4725766916

    Number of DSMC particles        = 9078291
    Number of stuck particles       = 0
    Number of free particles        = 9078291
    Average linear kinetic energy   = 4.213356989e-19
    Average rotational energy       = 4.898719264e-20
    Average vibrational energy      = 3.097938072e-20
    Average electronic energy       = 0
    Total energy                    = 45.50967906

Stage 1.0  ExecutionTime = 2989.01 s  ClockTime = 772 s  Iteration 4380 (1.21 s)

Time = 0.001756

    Collision global reduction skipped (rank 0 local diagnostics)
    Collisions                      = 58422
    Collision candidates           = 122826
    Collision acceptance rate      = 0.4756484783

    Number of DSMC particles        = 9081468
    Number of stuck particles       = 0
    Number of free particles        = 9081468
    Average linear kinetic energy   = 4.212333148e-19
    Average rotational energy       = 4.901040826e-20
    Average vibrational energy      = 3.098399943e-20
    Average electronic energy       = 0
    Total energy                    = 45.51883522

Stage 1.0  ExecutionTime = 2997.45 s  ClockTime = 774 s  Iteration 4390 (1.22 s)

Time = 0.00176

    Collision global reduction skipped (rank 0 local diagnostics)
    Collisions                      = 58144
    Collision candidates           = 122928
    Collision acceptance rate      = 0.4729923207

    Number of DSMC particles        = 9084854
    Number of stuck particles       = 0
    Number of free particles        = 9084854
    Average linear kinetic energy   = 4.211011169e-19
    Average rotational energy       = 4.901715205e-20
    Average vibrational energy      = 3.097544803e-20
    Average electronic energy       = 0
    Total energy                    = 45.52363259

Stage 1.0  ExecutionTime = 3006.03 s  ClockTime = 776 s  Iteration 4400 (1.34 s)

Time = 0.001764

    Collision global reduction skipped (rank 0 local diagnostics)
    Collisions                      = 58358
    Collision candidates           = 123067
    Collision acceptance rate      = 0.4741969821

    Number of DSMC particles        = 9088070
    Number of stuck particles       = 0
    Number of free particles        = 9088070
    Average linear kinetic energy   = 4.210529712e-19
    Average rotational energy       = 4.898484452e-20
    Average vibrational energy      = 3.09879195e-20
    Average electronic energy       = 0
    Total energy                    = 45.53356954

Stage 1.0  ExecutionTime = 3014.47 s  ClockTime = 778 s  Iteration 4410 (1.2 s)

Time = 0.001768

    Collision global reduction skipped (rank 0 local diagnostics)
    Collisions                      = 58527
    Collision candidates           = 123348
    Collision acceptance rate      = 0.4744868178

    Number of DSMC particles        = 9091814
    Number of stuck particles       = 0
    Number of free particles        = 9091814
    Average linear kinetic energy   = 4.209399157e-19
    Average rotational energy       = 4.900330688e-20
    Average vibrational energy      = 3.098976059e-20
    Average electronic energy       = 0
    Total energy                    = 45.54389509

Stage 1.0  ExecutionTime = 3022.94 s  ClockTime = 781 s  Iteration 4420 (1.2 s)

Time = 0.001772

    Collision global reduction skipped (rank 0 local diagnostics)
    Collisions                      = 58527
    Collision candidates           = 123468
    Collision acceptance rate      = 0.4740256585

    Number of DSMC particles        = 9095392
    Number of stuck particles       = 0
    Number of free particles        = 9095392
    Average linear kinetic energy   = 4.208478795e-19
    Average rotational energy       = 4.902254931e-20
    Average vibrational energy      = 3.099353544e-20
    Average electronic energy       = 0
    Total energy                    = 45.55554093

Stage 1.0  ExecutionTime = 3031.41 s  ClockTime = 783 s  Iteration 4430 (1.23 s)

Time = 0.001776

    Collision global reduction skipped (rank 0 local diagnostics)
    Collisions                      = 58552
    Collision candidates           = 123587
    Collision acceptance rate      = 0.4737715132

    Number of DSMC particles        = 9098208
    Number of stuck particles       = 0
    Number of free particles        = 9098208
    Average linear kinetic energy   = 4.207326686e-19
    Average rotational energy       = 4.904916722e-20
    Average vibrational energy      = 3.101154284e-20
    Average electronic energy       = 0
    Total energy                    = 45.56322324

Stage 1.0  ExecutionTime = 3039.91 s  ClockTime = 785 s  Iteration 4440 (1.2 s)

Time = 0.00178

    Collision global reduction skipped (rank 0 local diagnostics)
    Collisions                      = 58509
    Collision candidates           = 123607
    Collision acceptance rate      = 0.4733469787

    Number of DSMC particles        = 9101558
    Number of stuck particles       = 0
    Number of free particles        = 9101558
    Average linear kinetic energy   = 4.206904069e-19
    Average rotational energy       = 4.900370408e-20
    Average vibrational energy      = 3.099365865e-20
    Average electronic energy       = 0
    Total energy                    = 45.57038775

Stage 1.0  ExecutionTime = 3048.6 s  ClockTime = 787 s  Iteration 4450 (1.35 s)

Time = 0.001784

    Collision global reduction skipped (rank 0 local diagnostics)
    Collisions                      = 58456
    Collision candidates           = 123882
    Collision acceptance rate      = 0.4718683909

    Number of DSMC particles        = 9104574
    Number of stuck particles       = 0
    Number of free particles        = 9104574
    Average linear kinetic energy   = 4.205562312e-19
    Average rotational energy       = 4.9037078e-20
    Average vibrational energy      = 3.098087758e-20
    Average electronic energy       = 0
    Total energy                    = 45.57514726

Stage 1.0  ExecutionTime = 3057.07 s  ClockTime = 789 s  Iteration 4460 (1.21 s)

Time = 0.001788

    Collision global reduction skipped (rank 0 local diagnostics)
    Collisions                      = 58956
    Collision candidates           = 123984
    Collision acceptance rate      = 0.4755129694

    Number of DSMC particles        = 9107428
    Number of stuck particles       = 0
    Number of free particles        = 9107428
    Average linear kinetic energy   = 4.205085351e-19
    Average rotational energy       = 4.901198024e-20
    Average vibrational energy      = 3.098190106e-20
    Average electronic energy       = 0
    Total energy                    = 45.58289721

Stage 1.0  ExecutionTime = 3065.59 s  ClockTime = 791 s  Iteration 4470 (1.23 s)

Time = 0.001792

    Collision global reduction skipped (rank 0 local diagnostics)
    Collisions                      = 58719
    Collision candidates           = 124090
    Collision acceptance rate      = 0.4731968732

    Number of DSMC particles        = 9110375
    Number of stuck particles       = 0
    Number of free particles        = 9110375
    Average linear kinetic energy   = 4.204392874e-19
    Average rotational energy       = 4.899852702e-20
    Average vibrational energy      = 3.097004611e-20
    Average electronic energy       = 0
    Total energy                    = 45.58903263

Stage 1.0  ExecutionTime = 3074.07 s  ClockTime = 793 s  Iteration 4480 (1.2 s)

Time = 0.001796

    Collision global reduction skipped (rank 0 local diagnostics)
    Collisions                      = 59305
    Collision candidates           = 124183
    Collision acceptance rate      = 0.4775613409

    Number of DSMC particles        = 9113674
    Number of stuck particles       = 0
    Number of free particles        = 9113674
    Average linear kinetic energy   = 4.203435447e-19
    Average rotational energy       = 4.900050863e-20
    Average vibrational energy      = 3.099254766e-20
    Average electronic energy       = 0
    Total energy                    = 45.59904672

Stage 1.0  ExecutionTime = 3082.56 s  ClockTime = 796 s  Iteration 4490 (1.2 s)

Time = 0.0018

    Collision global reduction skipped (rank 0 local diagnostics)
    Collisions                      = 58990
    Collision candidates           = 124383
    Collision acceptance rate      = 0.4742609521

    Number of DSMC particles        = 9116862
    Number of stuck particles       = 0
    Number of free particles        = 9116862
    Average linear kinetic energy   = 4.202216568e-19
    Average rotational energy       = 4.901505539e-20
    Average vibrational energy      = 3.099937367e-20
    Average electronic energy       = 0
    Total energy                    = 45.60583362

Stage 1.0  ExecutionTime = 3091.12 s  ClockTime = 798 s  Iteration 4500 (1.28 s)

Time = 0.001804

    Collision global reduction skipped (rank 0 local diagnostics)
    Collisions                      = 59035
    Collision candidates           = 124767
    Collision acceptance rate      = 0.4731619739

    Number of DSMC particles        = 9120253
    Number of stuck particles       = 0
    Number of free particles        = 9120253
    Average linear kinetic energy   = 4.200872233e-19
    Average rotational energy       = 4.902107148e-20
    Average vibrational energy      = 3.100938622e-20
    Average electronic energy       = 0
    Total energy                    = 45.61199781

Stage 1.0  ExecutionTime = 3099.64 s  ClockTime = 800 s  Iteration 4510 (1.19 s)

Time = 0.001808

    Collision global reduction skipped (rank 0 local diagnostics)
    Collisions                      = 59101
    Collision candidates           = 125026
    Collision acceptance rate      = 0.4727096764

    Number of DSMC particles        = 9123103
    Number of stuck particles       = 0
    Number of free particles        = 9123103
    Average linear kinetic energy   = 4.199588022e-19
    Average rotational energy       = 4.902013913e-20
    Average vibrational energy      = 3.101933835e-20
    Average electronic energy       = 0
    Total energy                    = 45.61535806

Stage 1.0  ExecutionTime = 3108.1 s  ClockTime = 802 s  Iteration 4520 (1.19 s)

Time = 0.001812

    Collision global reduction skipped (rank 0 local diagnostics)
    Collisions                      = 59328
    Collision candidates           = 125574
    Collision acceptance rate      = 0.472454489

    Number of DSMC particles        = 9126433
    Number of stuck particles       = 0
    Number of free particles        = 9126433
    Average linear kinetic energy   = 4.198691915e-19
    Average rotational energy       = 4.904154809e-20
    Average vibrational energy      = 3.101632143e-20
    Average electronic energy       = 0
    Total energy                    = 45.62550828

Stage 1.0  ExecutionTime = 3116.68 s  ClockTime = 804 s  Iteration 4530 (1.17 s)

Time = 0.001816

    Collision global reduction skipped (rank 0 local diagnostics)
    Collisions                      = 59620
    Collision candidates           = 125742
    Collision acceptance rate      = 0.4741454725

    Number of DSMC particles        = 9129719
    Number of stuck particles       = 0
    Number of free particles        = 9129719
    Average linear kinetic energy   = 4.198112969e-19
    Average rotational energy       = 4.900114027e-20
    Average vibrational energy      = 3.102867572e-20
    Average electronic energy       = 0
    Total energy                    = 45.63408906

Stage 1.0  ExecutionTime = 3125.15 s  ClockTime = 806 s  Iteration 4540 (1.2 s)

Time = 0.00182

    Collision global reduction skipped (rank 0 local diagnostics)
    Collisions                      = 59425
    Collision candidates           = 125690
    Collision acceptance rate      = 0.4727901981

    Number of DSMC particles        = 9132758
    Number of stuck particles       = 0
    Number of free particles        = 9132758
    Average linear kinetic energy   = 4.197530079e-19
    Average rotational energy       = 4.896468277e-20
    Average vibrational energy      = 3.102579577e-20
    Average electronic energy       = 0
    Total energy                    = 45.64036323

Stage 1.0  ExecutionTime = 3133.79 s  ClockTime = 808 s  Iteration 4550 (1.32 s)

Time = 0.001824

    Collision global reduction skipped (rank 0 local diagnostics)
    Collisions                      = 59422
    Collision candidates           = 125876
    Collision acceptance rate      = 0.4720677492

    Number of DSMC particles        = 9136129
    Number of stuck particles       = 0
    Number of free particles        = 9136129
    Average linear kinetic energy   = 4.196323243e-19
    Average rotational energy       = 4.896633211e-20
    Average vibrational energy      = 3.10377135e-20
    Average electronic energy       = 0
    Total energy                    = 45.64742328

Stage 1.0  ExecutionTime = 3142.3 s  ClockTime = 811 s  Iteration 4560 (1.22 s)

Time = 0.001828

    Collision global reduction skipped (rank 0 local diagnostics)
    Collisions                      = 59709
    Collision candidates           = 126042
    Collision acceptance rate      = 0.4737230447

    Number of DSMC particles        = 9138839
    Number of stuck particles       = 0
    Number of free particles        = 9138839
    Average linear kinetic energy   = 4.195125288e-19
    Average rotational energy       = 4.898852077e-20
    Average vibrational energy      = 3.103356037e-20
    Average electronic energy       = 0
    Total energy                    = 45.65166375

Stage 1.0  ExecutionTime = 3150.86 s  ClockTime = 813 s  Iteration 4570 (1.23 s)

Time = 0.001832

    Collision global reduction skipped (rank 0 local diagnostics)
    Collisions                      = 59587
    Collision candidates           = 126096
    Collision acceptance rate      = 0.4725526583

    Number of DSMC particles        = 9141623
    Number of stuck particles       = 0
    Number of free particles        = 9141623
    Average linear kinetic energy   = 4.194151531e-19
    Average rotational energy       = 4.898648084e-20
    Average vibrational energy      = 3.10469849e-20
    Average electronic energy       = 0
    Total energy                    = 45.65770981

Stage 1.0  ExecutionTime = 3159.45 s  ClockTime = 815 s  Iteration 4580 (1.25 s)

Time = 0.001836

    Collision global reduction skipped (rank 0 local diagnostics)
    Collisions                      = 59949
    Collision candidates           = 126154
    Collision acceptance rate      = 0.4752049083

    Number of DSMC particles        = 9144249
    Number of stuck particles       = 0
    Number of free particles        = 9144249
    Average linear kinetic energy   = 4.193475819e-19
    Average rotational energy       = 4.896212021e-20
    Average vibrational energy      = 3.104540558e-20
    Average electronic energy       = 0
    Total energy                    = 45.66227444

Stage 1.0  ExecutionTime = 3167.97 s  ClockTime = 817 s  Iteration 4590 (1.21 s)

Time = 0.00184

    Collision global reduction skipped (rank 0 local diagnostics)
    Collisions                      = 59901
    Collision candidates           = 126348
    Collision acceptance rate      = 0.4740953557

    Number of DSMC particles        = 9147112
    Number of stuck particles       = 0
    Number of free particles        = 9147112
    Average linear kinetic energy   = 4.192810661e-19
    Average rotational energy       = 4.895822825e-20
    Average vibrational energy      = 3.104173523e-20
    Average electronic energy       = 0
    Total energy                    = 45.66979497

Stage 1.0  ExecutionTime = 3176.67 s  ClockTime = 819 s  Iteration 4600 (1.33 s)

Time = 0.001844

    Collision global reduction skipped (rank 0 local diagnostics)
    Collisions                      = 59890
    Collision candidates           = 126545
    Collision acceptance rate      = 0.4732703781

    Number of DSMC particles        = 9150513
    Number of stuck particles       = 0
    Number of free particles        = 9150513
    Average linear kinetic energy   = 4.191878628e-19
    Average rotational energy       = 4.895262048e-20
    Average vibrational energy      = 3.106418973e-20
    Average electronic energy       = 0
    Total energy                    = 45.6797885

Stage 1.0  ExecutionTime = 3185.3 s  ClockTime = 821 s  Iteration 4610 (1.25 s)

Time = 0.001848

    Collision global reduction skipped (rank 0 local diagnostics)
    Collisions                      = 59453
    Collision candidates           = 126685
    Collision acceptance rate      = 0.4692978648

    Number of DSMC particles        = 9153696
    Number of stuck particles       = 0
    Number of free particles        = 9153696
    Average linear kinetic energy   = 4.191461524e-19
    Average rotational energy       = 4.891803029e-20
    Average vibrational energy      = 3.106873993e-20
    Average electronic energy       = 0
    Total energy                    = 45.68911037

Stage 1.0  ExecutionTime = 3193.95 s  ClockTime = 824 s  Iteration 4620 (1.24 s)

Time = 0.001852

    Collision global reduction skipped (rank 0 local diagnostics)
    Collisions                      = 59824
    Collision candidates           = 126692
    Collision acceptance rate      = 0.4722002968

    Number of DSMC particles        = 9156677
    Number of stuck particles       = 0
    Number of free particles        = 9156677
    Average linear kinetic energy   = 4.190122644e-19
    Average rotational energy       = 4.892173841e-20
    Average vibrational energy      = 3.106630687e-20
    Average electronic energy       = 0
    Total energy                    = 45.69184658

Stage 1.0  ExecutionTime = 3202.58 s  ClockTime = 826 s  Iteration 4630 (1.23 s)

Time = 0.001856

    Collision global reduction skipped (rank 0 local diagnostics)
    Collisions                      = 59830
    Collision candidates           = 126940
    Collision acceptance rate      = 0.4713250354

    Number of DSMC particles        = 9159535
    Number of stuck particles       = 0
    Number of free particles        = 9159535
    Average linear kinetic energy   = 4.189192569e-19
    Average rotational energy       = 4.892784621e-20
    Average vibrational energy      = 3.10650582e-20
    Average electronic energy       = 0
    Total energy                    = 45.69803403

Stage 1.0  ExecutionTime = 3211.17 s  ClockTime = 828 s  Iteration 4640 (1.24 s)

Time = 0.00186

    Collision global reduction skipped (rank 0 local diagnostics)
    Collisions                      = 59739
    Collision candidates           = 127093
    Collision acceptance rate      = 0.4700416231


Phase C auto DLB triggered (SAR) at step 4650: sar=0.01981997886 loadImbalance=1.188498609 threshold=1.5 particleMaxMin=1
Phase C ParMETIS weights: particles=9162564 activeCells=104151 maxCellParticles=285
Phase C ParMETIS: alpha=1 ncon=1 ubvec=[1.05] moveRatio=0.8515084535 (moveT=334.5738673s, collT=58.345153s)
Phase C ParMETIS: AdaptiveRepart (104151 cells, 1 constraints, ubvec=1.05)
Replicated mesh: rank 0 owns 4495 / 104151 cells
Local mesh: 4495 owned + 132 halo = 4627 / 104151 cells
Phase C ParMETIS AdaptiveRepart: 85 / 104151 cells changed (0.0008161227449)
Phase C auto DLB complete: rebalance #14

    Number of DSMC particles        = 9162564
    Number of stuck particles       = 0
    Number of free particles        = 9162564
    Average linear kinetic energy   = 4.188352034e-19
    Average rotational energy       = 4.891450006e-20
    Average vibrational energy      = 3.107780873e-20
    Average electronic energy       = 0
    Total energy                    = 45.70539006

Stage 1.0  ExecutionTime = 3220.65 s  ClockTime = 830 s  Iteration 4650 (2.12 s)

Time = 0.001864

    Collision global reduction skipped (rank 0 local diagnostics)
    Collisions                      = 59989
    Collision candidates           = 127337
    Collision acceptance rate      = 0.4711042352

    Number of DSMC particles        = 9165642
    Number of stuck particles       = 0
    Number of free particles        = 9165642
    Average linear kinetic energy   = 4.187293795e-19
    Average rotational energy       = 4.891238066e-20
    Average vibrational energy      = 3.107217763e-20
    Average electronic energy       = 0
    Total energy                    = 45.71033414

Stage 1.0  ExecutionTime = 3229.26 s  ClockTime = 832 s  Iteration 4660 (1.22 s)

Time = 0.001868

    Collision global reduction skipped (rank 0 local diagnostics)
    Collisions                      = 59675
    Collision candidates           = 127131
    Collision acceptance rate      = 0.4693977079

    Number of DSMC particles        = 9168392
    Number of stuck particles       = 0
    Number of free particles        = 9168392
    Average linear kinetic energy   = 4.185797545e-19
    Average rotational energy       = 4.895019685e-20
    Average vibrational energy      = 3.106571951e-20
    Average electronic energy       = 0
    Total energy                    = 45.7132056

Stage 1.0  ExecutionTime = 3237.84 s  ClockTime = 835 s  Iteration 4670 (1.23 s)

Time = 0.001872

    Collision global reduction skipped (rank 0 local diagnostics)
    Collisions                      = 59839
    Collision candidates           = 127006
    Collision acceptance rate      = 0.4711509692

    Number of DSMC particles        = 9171068
    Number of stuck particles       = 0
    Number of free particles        = 9171068
    Average linear kinetic energy   = 4.185412337e-19
    Average rotational energy       = 4.892859942e-20
    Average vibrational energy      = 3.105816454e-20
    Average electronic energy       = 0
    Total energy                    = 45.72034167

Stage 1.0  ExecutionTime = 3246.44 s  ClockTime = 837 s  Iteration 4680 (1.22 s)

Time = 0.001876

    Collision global reduction skipped (rank 0 local diagnostics)
    Collisions                      = 59866
    Collision candidates           = 126886
    Collision acceptance rate      = 0.4718093407

    Number of DSMC particles        = 9173624
    Number of stuck particles       = 0
    Number of free particles        = 9173624
    Average linear kinetic energy   = 4.18429501e-19
    Average rotational energy       = 4.896569576e-20
    Average vibrational energy      = 3.106429783e-20
    Average electronic energy       = 0
    Total energy                    = 45.72679983

Stage 1.0  ExecutionTime = 3255.02 s  ClockTime = 839 s  Iteration 4690 (1.24 s)

Time = 0.00188

    Collision global reduction skipped (rank 0 local diagnostics)
    Collisions                      = 60147
    Collision candidates           = 126959
    Collision acceptance rate      = 0.4737513686

    Number of DSMC particles        = 9176661
    Number of stuck particles       = 0
    Number of free particles        = 9176661
    Average linear kinetic energy   = 4.183429587e-19
    Average rotational energy       = 4.898885613e-20
    Average vibrational energy      = 3.108197677e-20
    Average electronic energy       = 0
    Total energy                    = 45.73774404

Stage 1.0  ExecutionTime = 3263.78 s  ClockTime = 841 s  Iteration 4700 (1.36 s)

Time = 0.001884

    Collision global reduction skipped (rank 0 local diagnostics)
    Collisions                      = 60007
    Collision candidates           = 127148
    Collision acceptance rate      = 0.4719460786

    Number of DSMC particles        = 9179254
    Number of stuck particles       = 0
    Number of free particles        = 9179254
    Average linear kinetic energy   = 4.183005004e-19
    Average rotational energy       = 4.900440875e-20
    Average vibrational energy      = 3.106796952e-20
    Average electronic energy       = 0
    Total energy                    = 45.7469124

Stage 1.0  ExecutionTime = 3272.36 s  ClockTime = 843 s  Iteration 4710 (1.24 s)

Time = 0.001888

    Collision global reduction skipped (rank 0 local diagnostics)
    Collisions                      = 60104
    Collision candidates           = 127233
    Collision acceptance rate      = 0.4723931684

    Number of DSMC particles        = 9182096
    Number of stuck particles       = 0
    Number of free particles        = 9182096
    Average linear kinetic energy   = 4.182642489e-19
    Average rotational energy       = 4.896710944e-20
    Average vibrational energy      = 3.106079901e-20
    Average electronic energy       = 0
    Total energy                    = 45.75366425

Stage 1.0  ExecutionTime = 3280.98 s  ClockTime = 845 s  Iteration 4720 (1.25 s)

Time = 0.001892

    Collision global reduction skipped (rank 0 local diagnostics)
    Collisions                      = 59998
    Collision candidates           = 127208
    Collision acceptance rate      = 0.4716527262

    Number of DSMC particles        = 9184961
    Number of stuck particles       = 0
    Number of free particles        = 9184961
    Average linear kinetic energy   = 4.181866337e-19
    Average rotational energy       = 4.896497395e-20
    Average vibrational energy      = 3.104638269e-20
    Average electronic energy       = 0
    Total energy                    = 45.75929112

Stage 1.0  ExecutionTime = 3289.63 s  ClockTime = 848 s  Iteration 4730 (1.23 s)

Time = 0.001896

    Collision global reduction skipped (rank 0 local diagnostics)
    Collisions                      = 59712
    Collision candidates           = 127073
    Collision acceptance rate      = 0.4699031265

    Number of DSMC particles        = 9187391
    Number of stuck particles       = 0
    Number of free particles        = 9187391
    Average linear kinetic energy   = 4.180813601e-19
    Average rotational energy       = 4.897235483e-20
    Average vibrational energy      = 3.103489082e-20
    Average electronic energy       = 0
    Total energy                    = 45.76134774

Stage 1.0  ExecutionTime = 3298.24 s  ClockTime = 850 s  Iteration 4740 (1.22 s)

Time = 0.0019

    Collision global reduction skipped (rank 0 local diagnostics)
    Collisions                      = 60084
    Collision candidates           = 127118
    Collision acceptance rate      = 0.4726631948

    Number of DSMC particles        = 9190002
    Number of stuck particles       = 0
    Number of free particles        = 9190002
    Average linear kinetic energy   = 4.180024773e-19
    Average rotational energy       = 4.89606826e-20
    Average vibrational energy      = 3.103297564e-20
    Average electronic energy       = 0
    Total energy                    = 45.76585481

Stage 1.0  ExecutionTime = 3307.02 s  ClockTime = 852 s  Iteration 4750 (1.39 s)

Time = 0.001904

    Collision global reduction skipped (rank 0 local diagnostics)
    Collisions                      = 59949
    Collision candidates           = 127135
    Collision acceptance rate      = 0.4715381288

    Number of DSMC particles        = 9192640
    Number of stuck particles       = 0
    Number of free particles        = 9192640
    Average linear kinetic energy   = 4.17901795e-19
    Average rotational energy       = 4.897473643e-20
    Average vibrational energy      = 3.103569161e-20
    Average electronic energy       = 0
    Total energy                    = 45.77127818

Stage 1.0  ExecutionTime = 3315.66 s  ClockTime = 854 s  Iteration 4760 (1.23 s)

Time = 0.001908

    Collision global reduction skipped (rank 0 local diagnostics)
    Collisions                      = 60081
    Collision candidates           = 127291
    Collision acceptance rate      = 0.4719972347

    Number of DSMC particles        = 9195440
    Number of stuck particles       = 0
    Number of free particles        = 9195440
    Average linear kinetic energy   = 4.178342612e-19
    Average rotational energy       = 4.896986581e-20
    Average vibrational energy      = 3.1031239e-20
    Average electronic energy       = 0
    Total energy                    = 45.77815238

Stage 1.0  ExecutionTime = 3324.29 s  ClockTime = 856 s  Iteration 4770 (1.25 s)

Time = 0.001912

    Collision global reduction skipped (rank 0 local diagnostics)
    Collisions                      = 60083
    Collision candidates           = 127419
    Collision acceptance rate      = 0.4715387815

    Number of DSMC particles        = 9198019
    Number of stuck particles       = 0
    Number of free particles        = 9198019
    Average linear kinetic energy   = 4.177840561e-19
    Average rotational energy       = 4.891737719e-20
    Average vibrational energy      = 3.102201097e-20
    Average electronic energy       = 0
    Total energy                    = 45.78069697

Stage 1.0  ExecutionTime = 3333.04 s  ClockTime = 859 s  Iteration 4780 (1.25 s)

Time = 0.001916

    Collision global reduction skipped (rank 0 local diagnostics)
    Collisions                      = 60156
    Collision candidates           = 127513
    Collision acceptance rate      = 0.4717636633

    Number of DSMC particles        = 9200293
    Number of stuck particles       = 0
    Number of free particles        = 9200293
    Average linear kinetic energy   = 4.176884164e-19
    Average rotational energy       = 4.896141886e-20
    Average vibrational energy      = 3.10166185e-20
    Average electronic energy       = 0
    Total energy                    = 45.78677191

Stage 1.0  ExecutionTime = 3341.67 s  ClockTime = 861 s  Iteration 4790 (1.22 s)

Time = 0.00192

    Collision global reduction skipped (rank 0 local diagnostics)
    Collisions                      = 60126
    Collision candidates           = 127734
    Collision acceptance rate      = 0.4707125746

    Number of DSMC particles        = 9203372
    Number of stuck particles       = 0
    Number of free particles        = 9203372
    Average linear kinetic energy   = 4.175310401e-19
    Average rotational energy       = 4.899152998e-20
    Average vibrational energy      = 3.102332661e-20
    Average electronic energy       = 0
    Total energy                    = 45.79099974

Stage 1.0  ExecutionTime = 3350.48 s  ClockTime = 863 s  Iteration 4800 (1.38 s)

Time = 0.001924

    Collision global reduction skipped (rank 0 local diagnostics)
    Collisions                      = 59826
    Collision candidates           = 127943
    Collision acceptance rate      = 0.4675988526

    Number of DSMC particles        = 9206283
    Number of stuck particles       = 0
    Number of free particles        = 9206283
    Average linear kinetic energy   = 4.174698202e-19
    Average rotational energy       = 4.898041062e-20
    Average vibrational energy      = 3.101678374e-20
    Average electronic energy       = 0
    Total energy                    = 45.79822119

Stage 1.0  ExecutionTime = 3359.15 s  ClockTime = 865 s  Iteration 4810 (1.22 s)

Time = 0.001928

    Collision global reduction skipped (rank 0 local diagnostics)
    Collisions                      = 60424
    Collision candidates           = 128017
    Collision acceptance rate      = 0.4719998125

    Number of DSMC particles        = 9208995
    Number of stuck particles       = 0
    Number of free particles        = 9208995
    Average linear kinetic energy   = 4.17396492e-19
    Average rotational energy       = 4.897789528e-20
    Average vibrational energy      = 3.102265678e-20
    Average electronic energy       = 0
    Total energy                    = 45.80526891

Stage 1.0  ExecutionTime = 3367.79 s  ClockTime = 867 s  Iteration 4820 (1.23 s)

Time = 0.001932

    Collision global reduction skipped (rank 0 local diagnostics)
    Collisions                      = 60322
    Collision candidates           = 128309
    Collision acceptance rate      = 0.4701307001

    Number of DSMC particles        = 9211742
    Number of stuck particles       = 0
    Number of free particles        = 9211742
    Average linear kinetic energy   = 4.173409108e-19
    Average rotational energy       = 4.895692036e-20
    Average vibrational energy      = 3.103710219e-20
    Average electronic energy       = 0
    Total energy                    = 45.81321093

Stage 1.0  ExecutionTime = 3376.46 s  ClockTime = 870 s  Iteration 4830 (1.24 s)

Time = 0.001936

    Collision global reduction skipped (rank 0 local diagnostics)
    Collisions                      = 60795
    Collision candidates           = 128574
    Collision acceptance rate      = 0.4728405432

    Number of DSMC particles        = 9214253
    Number of stuck particles       = 0
    Number of free particles        = 9214253
    Average linear kinetic energy   = 4.173142532e-19
    Average rotational energy       = 4.895481762e-20
    Average vibrational energy      = 3.104163483e-20
    Average electronic energy       = 0
    Total energy                    = 45.82346661

Stage 1.0  ExecutionTime = 3385.12 s  ClockTime = 872 s  Iteration 4840 (1.23 s)

Time = 0.00194

    Collision global reduction skipped (rank 0 local diagnostics)
    Collisions                      = 60285
    Collision candidates           = 128740
    Collision acceptance rate      = 0.4682693801

    Number of DSMC particles        = 9216771
    Number of stuck particles       = 0
    Number of free particles        = 9216771
    Average linear kinetic energy   = 4.172413093e-19
    Average rotational energy       = 4.895398537e-20
    Average vibrational energy      = 3.104169759e-20
    Average electronic energy       = 0
    Total energy                    = 45.8291949

Stage 1.0  ExecutionTime = 3393.87 s  ClockTime = 874 s  Iteration 4850 (1.37 s)

Time = 0.001944

    Collision global reduction skipped (rank 0 local diagnostics)
    Collisions                      = 60652
    Collision candidates           = 128836
    Collision acceptance rate      = 0.4707690397

    Number of DSMC particles        = 9219544
    Number of stuck particles       = 0
    Number of free particles        = 9219544
    Average linear kinetic energy   = 4.171624259e-19
    Average rotational energy       = 4.892740896e-20
    Average vibrational energy      = 3.103072727e-20
    Average electronic energy       = 0
    Total energy                    = 45.83224896

Stage 1.0  ExecutionTime = 3402.51 s  ClockTime = 876 s  Iteration 4860 (1.22 s)

Time = 0.001948

    Collision global reduction skipped (rank 0 local diagnostics)
    Collisions                      = 60701
    Collision candidates           = 128814
    Collision acceptance rate      = 0.4712298353

    Number of DSMC particles        = 9222508
    Number of stuck particles       = 0
    Number of free particles        = 9222508
    Average linear kinetic energy   = 4.170490135e-19
    Average rotational energy       = 4.893597691e-20
    Average vibrational energy      = 3.105322363e-20
    Average electronic energy       = 0
    Total energy                    = 45.83938906

Stage 1.0  ExecutionTime = 3411.24 s  ClockTime = 878 s  Iteration 4870 (1.26 s)

Time = 0.001952

    Collision global reduction skipped (rank 0 local diagnostics)
    Collisions                      = 60421
    Collision candidates           = 128900
    Collision acceptance rate      = 0.4687432118

    Number of DSMC particles        = 9224924
    Number of stuck particles       = 0
    Number of free particles        = 9224924
    Average linear kinetic energy   = 4.169422222e-19
    Average rotational energy       = 4.894228511e-20
    Average vibrational energy      = 3.106588071e-20
    Average electronic energy       = 0
    Total energy                    = 45.84329561

Stage 1.0  ExecutionTime = 3419.9 s  ClockTime = 880 s  Iteration 4880 (1.22 s)

Time = 0.001956

    Collision global reduction skipped (rank 0 local diagnostics)
    Collisions                      = 60923
    Collision candidates           = 128958
    Collision acceptance rate      = 0.4724251307

    Number of DSMC particles        = 9227389
    Number of stuck particles       = 0
    Number of free particles        = 9227389
    Average linear kinetic energy   = 4.168704412e-19
    Average rotational energy       = 4.895264448e-20
    Average vibrational energy      = 3.107047017e-20
    Average electronic energy       = 0
    Total energy                    = 45.85030131

Stage 1.0  ExecutionTime = 3428.61 s  ClockTime = 883 s  Iteration 4890 (1.26 s)

Time = 0.00196

    Collision global reduction skipped (rank 0 local diagnostics)
    Collisions                      = 60214
    Collision candidates           = 128997
    Collision acceptance rate      = 0.4667860493

    Number of DSMC particles        = 9230044
    Number of stuck particles       = 0
    Number of free particles        = 9230044
    Average linear kinetic energy   = 4.168000038e-19
    Average rotational energy       = 4.893070408e-20
    Average vibrational energy      = 3.106303504e-20
    Average electronic energy       = 0
    Total energy                    = 45.85428106

Stage 1.0  ExecutionTime = 3437.44 s  ClockTime = 885 s  Iteration 4900 (1.38 s)

Time = 0.001964

    Collision global reduction skipped (rank 0 local diagnostics)
    Collisions                      = 60649
    Collision candidates           = 129002
    Collision acceptance rate      = 0.4701399978

    Number of DSMC particles        = 9232739
    Number of stuck particles       = 0
    Number of free particles        = 9232739
    Average linear kinetic energy   = 4.166934597e-19
    Average rotational energy       = 4.89694839e-20
    Average vibrational energy      = 3.1057412e-20
    Average electronic energy       = 0
    Total energy                    = 45.860894

Stage 1.0  ExecutionTime = 3446.15 s  ClockTime = 887 s  Iteration 4910 (1.25 s)

Time = 0.001968

    Collision global reduction skipped (rank 0 local diagnostics)
    Collisions                      = 60838
    Collision candidates           = 129081
    Collision acceptance rate      = 0.4713164602

    Number of DSMC particles        = 9235618
    Number of stuck particles       = 0
    Number of free particles        = 9235618
    Average linear kinetic energy   = 4.166346245e-19
    Average rotational energy       = 4.892384019e-20
    Average vibrational energy      = 3.104045946e-20
    Average electronic energy       = 0
    Total energy                    = 45.86397963

Stage 1.0  ExecutionTime = 3454.81 s  ClockTime = 889 s  Iteration 4920 (1.24 s)

Time = 0.001972

    Collision global reduction skipped (rank 0 local diagnostics)
    Collisions                      = 60953
    Collision candidates           = 129172
    Collision acceptance rate      = 0.4718747097

    Number of DSMC particles        = 9237771
    Number of stuck particles       = 0
    Number of free particles        = 9237771
    Average linear kinetic energy   = 4.165270134e-19
    Average rotational energy       = 4.897433533e-20
    Average vibrational energy      = 3.104341155e-20
    Average electronic energy       = 0
    Total energy                    = 45.86966787

Stage 1.0  ExecutionTime = 3463.57 s  ClockTime = 891 s  Iteration 4930 (1.23 s)

Time = 0.001976

    Collision global reduction skipped (rank 0 local diagnostics)
    Collisions                      = 60868
    Collision candidates           = 129366
    Collision acceptance rate      = 0.4705100258

    Number of DSMC particles        = 9240050
    Number of stuck particles       = 0
    Number of free particles        = 9240050
    Average linear kinetic energy   = 4.164638045e-19
    Average rotational energy       = 4.896956103e-20
    Average vibrational energy      = 3.105580288e-20
    Average electronic energy       = 0
    Total energy                    = 45.87584741

Stage 1.0  ExecutionTime = 3472.24 s  ClockTime = 894 s  Iteration 4940 (1.23 s)

Time = 0.00198

    Collision global reduction skipped (rank 0 local diagnostics)
    Collisions                      = 60819
    Collision candidates           = 129300
    Collision acceptance rate      = 0.4703712297

    Number of DSMC particles        = 9242535
    Number of stuck particles       = 0
    Number of free particles        = 9242535
    Average linear kinetic energy   = 4.164169503e-19
    Average rotational energy       = 4.893425018e-20
    Average vibrational energy      = 3.104479787e-20
    Average electronic energy       = 0
    Total energy                    = 45.87957389

Stage 1.0  ExecutionTime = 3481.11 s  ClockTime = 896 s  Iteration 4950 (1.43 s)

Time = 0.001984

    Collision global reduction skipped (rank 0 local diagnostics)
    Collisions                      = 60696
    Collision candidates           = 129461
    Collision acceptance rate      = 0.4688361746

    Number of DSMC particles        = 9245183
    Number of stuck particles       = 0
    Number of free particles        = 9245183
    Average linear kinetic energy   = 4.163700489e-19
    Average rotational energy       = 4.893259122e-20
    Average vibrational energy      = 3.10485625e-20
    Average electronic energy       = 0
    Total energy                    = 45.888577

Stage 1.0  ExecutionTime = 3489.77 s  ClockTime = 898 s  Iteration 4960 (1.18 s)

Time = 0.001988

    Collision global reduction skipped (rank 0 local diagnostics)
    Collisions                      = 61025
    Collision candidates           = 129677
    Collision acceptance rate      = 0.4705923178

    Number of DSMC particles        = 9247599
    Number of stuck particles       = 0
    Number of free particles        = 9247599
    Average linear kinetic energy   = 4.16328803e-19
    Average rotational energy       = 4.892797698e-20
    Average vibrational energy      = 3.104211244e-20
    Average electronic energy       = 0
    Total energy                    = 45.89573141

Stage 1.0  ExecutionTime = 3498.42 s  ClockTime = 900 s  Iteration 4970 (1.24 s)

Time = 0.001992

    Collision global reduction skipped (rank 0 local diagnostics)
    Collisions                      = 60967
    Collision candidates           = 129860
    Collision acceptance rate      = 0.4694825196

    Number of DSMC particles        = 9250116
    Number of stuck particles       = 0
    Number of free particles        = 9250116
    Average linear kinetic energy   = 4.162669862e-19
    Average rotational energy       = 4.891630821e-20
    Average vibrational energy      = 3.105193124e-20
    Average electronic energy       = 0
    Total energy                    = 45.90233401

Stage 1.0  ExecutionTime = 3507.2 s  ClockTime = 902 s  Iteration 4980 (1.25 s)

Time = 0.001996

    Collision global reduction skipped (rank 0 local diagnostics)
    Collisions                      = 61136
    Collision candidates           = 129785
    Collision acceptance rate      = 0.4710559772

    Number of DSMC particles        = 9252263
    Number of stuck particles       = 0
    Number of free particles        = 9252263
    Average linear kinetic energy   = 4.161935775e-19
    Average rotational energy       = 4.893128155e-20
    Average vibrational energy      = 3.105361759e-20
    Average electronic energy       = 0
    Total energy                    = 45.9077376

Stage 1.0  ExecutionTime = 3515.91 s  ClockTime = 905 s  Iteration 4990 (1.25 s)

Time = 0.002

    Collision global reduction skipped (rank 0 local diagnostics)
    Collisions                      = 61252
    Collision candidates           = 129954
    Collision acceptance rate      = 0.4713360112

    Number of DSMC particles        = 9254994
    Number of stuck particles       = 0
    Number of free particles        = 9254994
    Average linear kinetic energy   = 4.16112489e-19
    Average rotational energy       = 4.893216755e-20
    Average vibrational energy      = 3.10639038e-20
    Average electronic energy       = 0
    Total energy                    = 45.91481749
Replicated mesh: processor output begin at time 0.002 (read mesh instance "constant", processor mesh instance 0.002)
Replicated mesh: constructing processor mesh/addressing

Using externally supplied distribution of cells

Calculating original mesh data

Distributing cells to processors

Distributing faces to processors

Distributing points to processors

Constructing processor meshes

Processor 0
    Number of cells = 4495
    Number of faces shared with processor 1 = 0
    Number of faces shared with processor 2 = 0
    Number of faces shared with processor 3 = 66
    Number of faces shared with processor 4 = 0
    Number of faces shared with processor 5 = 0
    Number of faces shared with processor 6 = 0
    Number of faces shared with processor 7 = 0
    Number of faces shared with processor 8 = 0
    Number of faces shared with processor 9 = 78
    Number of faces shared with processor 10 = 0
    Number of faces shared with processor 11 = 0
    Number of faces shared with processor 12 = 0
    Number of faces shared with processor 13 = 0
    Number of faces shared with processor 14 = 0
    Number of faces shared with processor 15 = 0
    Number of processor patches = 15
    Number of processor faces = 144
    Number of boundary faces = 9132

Number of processor faces = 72
Max number of cells = 4495 (-30.94641434% above average 6509.4375)
Max number of processor patches = 15 (1500% above average 0.9375)
Max number of faces between processors = 144 (1500% above average 9)

Replicated mesh: rank 0 wrote processor0 output mesh/addressing at instance 0.002
Replicated mesh: rank 0 wrote processor0 mesh/addressing
Replicated mesh: processor mesh/addressing barrier complete
Replicated mesh: rank 0 loaded processor0 mesh from instance 0.002
Replicated mesh: rank 0 loaded processor addressing with 4495 cells, 18123 faces, 20 patches
Replicated mesh: rank 0 wrote processor0 volume fields at output time 0.002 (scalar=67, vector=12, sphericalTensor=0, symmTensor=0, tensor=0)
Replicated mesh: rank 0 writing processor0 lagrangian cloud
Replicated mesh: rank 0 wrote processor0 cloud at output time 0.002 with 602606 parcels
Replicated mesh processor output timing:
    owner-align migrate [s] = 0.08
    processor fields/cloud write [s] = 2.81


Stage 1.0  ExecutionTime = 3530.55 s  ClockTime = 911 s  Iteration 5000 (7.14 s)

    Maximum imbalance = 8.638817054%

Time = 0.002004

    Collision global reduction skipped (rank 0 local diagnostics)
    Collisions                      = 61008
    Collision candidates           = 130061
    Collision acceptance rate      = 0.4690722046

    Number of DSMC particles        = 9257444
    Number of stuck particles       = 0
    Number of free particles        = 9257444
    Average linear kinetic energy   = 4.160346748e-19
    Average rotational energy       = 4.893230785e-20
    Average vibrational energy      = 3.107017984e-20
    Average electronic energy       = 0
    Total energy                    = 45.92036253

Stage 1.0  ExecutionTime = 3539.33 s  ClockTime = 913 s  Iteration 5010 (1.26 s)

Time = 0.002008

    Collision global reduction skipped (rank 0 local diagnostics)
    Collisions                      = 61404
    Collision candidates           = 130132
    Collision acceptance rate      = 0.4718593428

    Number of DSMC particles        = 9260195
    Number of stuck particles       = 0
    Number of free particles        = 9260195
    Average linear kinetic energy   = 4.159408109e-19
    Average rotational energy       = 4.895045066e-20
    Average vibrational energy      = 3.106992123e-20
    Average electronic energy       = 0
    Total energy                    = 45.92697265

Stage 1.0  ExecutionTime = 3548.05 s  ClockTime = 915 s  Iteration 5020 (1.24 s)

Time = 0.002012

    Collision global reduction skipped (rank 0 local diagnostics)
    Collisions                      = 61311
    Collision candidates           = 130304
    Collision acceptance rate      = 0.4705227775

    Number of DSMC particles        = 9263170
    Number of stuck particles       = 0
    Number of free particles        = 9263170
    Average linear kinetic energy   = 4.158380114e-19
    Average rotational energy       = 4.894259419e-20
    Average vibrational energy      = 3.105788323e-20
    Average electronic energy       = 0
    Total energy                    = 45.93036214

Stage 1.0  ExecutionTime = 3556.8 s  ClockTime = 917 s  Iteration 5030 (1.25 s)

Time = 0.002016

    Collision global reduction skipped (rank 0 local diagnostics)
    Collisions                      = 61412
    Collision candidates           = 130361
    Collision acceptance rate      = 0.4710918143

    Number of DSMC particles        = 9265293
    Number of stuck particles       = 0
    Number of free particles        = 9265293
    Average linear kinetic energy   = 4.157581836e-19
    Average rotational energy       = 4.894550857e-20
    Average vibrational energy      = 3.105256555e-20
    Average electronic energy       = 0
    Total energy                    = 45.93326985

Stage 1.0  ExecutionTime = 3565.58 s  ClockTime = 919 s  Iteration 5040 (1.26 s)

Time = 0.00202

    Collision global reduction skipped (rank 0 local diagnostics)
    Collisions                      = 61077
    Collision candidates           = 130329
    Collision acceptance rate      = 0.4686370647

    Number of DSMC particles        = 9267465
    Number of stuck particles       = 0
    Number of free particles        = 9267465
    Average linear kinetic energy   = 4.156394752e-19
    Average rotational energy       = 4.894940987e-20
    Average vibrational energy      = 3.106394023e-20
    Average electronic energy       = 0
    Total energy                    = 45.93445211

Stage 1.0  ExecutionTime = 3574.54 s  ClockTime = 922 s  Iteration 5050 (1.38 s)

Time = 0.002024

    Collision global reduction skipped (rank 0 local diagnostics)
    Collisions                      = 61574
    Collision candidates           = 130478
    Collision acceptance rate      = 0.4719109735

    Number of DSMC particles        = 9269394
    Number of stuck particles       = 0
    Number of free particles        = 9269394
    Average linear kinetic energy   = 4.155751895e-19
    Average rotational energy       = 4.894303241e-20
    Average vibrational energy      = 3.107255339e-20
    Average electronic energy       = 0
    Total energy                    = 45.93826159

Stage 1.0  ExecutionTime = 3583.31 s  ClockTime = 924 s  Iteration 5060 (1.24 s)

Time = 0.002028

    Collision global reduction skipped (rank 0 local diagnostics)
    Collisions                      = 61385
    Collision candidates           = 130636
    Collision acceptance rate      = 0.4698934444

    Number of DSMC particles        = 9271894
    Number of stuck particles       = 0
    Number of free particles        = 9271894
    Average linear kinetic energy   = 4.155817565e-19
    Average rotational energy       = 4.889812742e-20
    Average vibrational energy      = 3.107901821e-20
    Average electronic energy       = 0
    Total energy                    = 45.94769612

Stage 1.0  ExecutionTime = 3592.06 s  ClockTime = 926 s  Iteration 5070 (1.26 s)

Time = 0.002032

    Collision global reduction skipped (rank 0 local diagnostics)
    Collisions                      = 61903
    Collision candidates           = 130948
    Collision acceptance rate      = 0.4727296331

    Number of DSMC particles        = 9273914
    Number of stuck particles       = 0
    Number of free particles        = 9273914
    Average linear kinetic energy   = 4.15499742e-19
    Average rotational energy       = 4.893336257e-20
    Average vibrational energy      = 3.106728415e-20
    Average electronic energy       = 0
    Total energy                    = 45.95227992

Stage 1.0  ExecutionTime = 3600.79 s  ClockTime = 928 s  Iteration 5080 (1.25 s)

Time = 0.002036

    Collision global reduction skipped (rank 0 local diagnostics)
    Collisions                      = 61550
    Collision candidates           = 130945
    Collision acceptance rate      = 0.4700446752

    Number of DSMC particles        = 9276438
    Number of stuck particles       = 0
    Number of free particles        = 9276438
    Average linear kinetic energy   = 4.154031674e-19
    Average rotational energy       = 4.895255299e-20
    Average vibrational energy      = 3.106779431e-20
    Average electronic energy       = 0
    Total energy                    = 45.95765518

Stage 1.0  ExecutionTime = 3609.58 s  ClockTime = 931 s  Iteration 5090 (1.26 s)

Time = 0.00204

    Collision global reduction skipped (rank 0 local diagnostics)
    Collisions                      = 61893
    Collision candidates           = 130947
    Collision acceptance rate      = 0.4726568764

    Number of DSMC particles        = 9278527
    Number of stuck particles       = 0
    Number of free particles        = 9278527
    Average linear kinetic energy   = 4.153976095e-19
    Average rotational energy       = 4.890349273e-20
    Average vibrational energy      = 3.105265642e-20
    Average electronic energy       = 0
    Total energy                    = 45.96153224

Stage 1.0  ExecutionTime = 3618.47 s  ClockTime = 933 s  Iteration 5100 (1.37 s)

Time = 0.002044

    Collision global reduction skipped (rank 0 local diagnostics)
    Collisions                      = 61822
    Collision candidates           = 131262
    Collision acceptance rate      = 0.4709817007

    Number of DSMC particles        = 9280958
    Number of stuck particles       = 0
    Number of free particles        = 9280958
    Average linear kinetic energy   = 4.153463504e-19
    Average rotational energy       = 4.891236371e-20
    Average vibrational energy      = 3.104998367e-20
    Average electronic energy       = 0
    Total energy                    = 45.96939221

Stage 1.0  ExecutionTime = 3627.37 s  ClockTime = 935 s  Iteration 5110 (1.29 s)

Time = 0.002048

    Collision global reduction skipped (rank 0 local diagnostics)
    Collisions                      = 61454
    Collision candidates           = 131183
    Collision acceptance rate      = 0.4684600901

    Number of DSMC particles        = 9283124
    Number of stuck particles       = 0
    Number of free particles        = 9283124
    Average linear kinetic energy   = 4.152694932e-19
    Average rotational energy       = 4.892531226e-20
    Average vibrational energy      = 3.105070562e-20
    Average electronic energy       = 0
    Total energy                    = 45.97425489

Stage 1.0  ExecutionTime = 3636.17 s  ClockTime = 937 s  Iteration 5120 (1.27 s)

Time = 0.002052

    Collision global reduction skipped (rank 0 local diagnostics)
    Collisions                      = 61856
    Collision candidates           = 131296
    Collision acceptance rate      = 0.4711186936

    Number of DSMC particles        = 9285603
    Number of stuck particles       = 0
    Number of free particles        = 9285603
    Average linear kinetic energy   = 4.151979062e-19
    Average rotational energy       = 4.889414695e-20
    Average vibrational energy      = 3.106798998e-20
    Average electronic energy       = 0
    Total energy                    = 45.97859582

Stage 1.0  ExecutionTime = 3645.04 s  ClockTime = 939 s  Iteration 5130 (1.25 s)

Time = 0.002056

    Collision global reduction skipped (rank 0 local diagnostics)
    Collisions                      = 61773
    Collision candidates           = 131367
    Collision acceptance rate      = 0.4702322501

    Number of DSMC particles        = 9287899
    Number of stuck particles       = 0
    Number of free particles        = 9287899
    Average linear kinetic energy   = 4.151407643e-19
    Average rotational energy       = 4.890083807e-20
    Average vibrational energy      = 3.107643018e-20
    Average electronic energy       = 0
    Total energy                    = 45.98606279

Stage 1.0  ExecutionTime = 3653.85 s  ClockTime = 942 s  Iteration 5140 (1.25 s)

Time = 0.00206

    Collision global reduction skipped (rank 0 local diagnostics)
    Collisions                      = 61600
    Collision candidates           = 131579
    Collision acceptance rate      = 0.4681598127

    Number of DSMC particles        = 9290154
    Number of stuck particles       = 0
    Number of free particles        = 9290154
    Average linear kinetic energy   = 4.150940761e-19
    Average rotational energy       = 4.890963378e-20
    Average vibrational energy      = 3.106517861e-20
    Average electronic energy       = 0
    Total energy                    = 45.99266215

Stage 1.0  ExecutionTime = 3662.79 s  ClockTime = 944 s  Iteration 5150 (1.38 s)

Time = 0.002064

    Collision global reduction skipped (rank 0 local diagnostics)
    Collisions                      = 62202
    Collision candidates           = 131771
    Collision acceptance rate      = 0.4720462014

    Number of DSMC particles        = 9292205
    Number of stuck particles       = 0
    Number of free particles        = 9292205
    Average linear kinetic energy   = 4.150254178e-19
    Average rotational energy       = 4.890978333e-20
    Average vibrational energy      = 3.107075403e-20
    Average electronic energy       = 0
    Total energy                    = 45.99696811

Stage 1.0  ExecutionTime = 3671.56 s  ClockTime = 946 s  Iteration 5160 (1.26 s)

Time = 0.002068

    Collision global reduction skipped (rank 0 local diagnostics)
    Collisions                      = 61792
    Collision candidates           = 132088
    Collision acceptance rate      = 0.4678093392

    Number of DSMC particles        = 9294832
    Number of stuck particles       = 0
    Number of free particles        = 9294832
    Average linear kinetic energy   = 4.149267029e-19
    Average rotational energy       = 4.895392013e-20
    Average vibrational energy      = 3.106207802e-20
    Average electronic energy       = 0
    Total energy                    = 46.00409256

Stage 1.0  ExecutionTime = 3680.35 s  ClockTime = 948 s  Iteration 5170 (1.2 s)

Time = 0.002072

    Collision global reduction skipped (rank 0 local diagnostics)
    Collisions                      = 62193
    Collision candidates           = 132031
    Collision acceptance rate      = 0.4710484659

    Number of DSMC particles        = 9296536
    Number of stuck particles       = 0
    Number of free particles        = 9296536
    Average linear kinetic energy   = 4.149110286e-19
    Average rotational energy       = 4.892909951e-20
    Average vibrational energy      = 3.105174064e-20
    Average electronic energy       = 0
    Total energy                    = 46.00780074

Stage 1.0  ExecutionTime = 3689.14 s  ClockTime = 951 s  Iteration 5180 (1.27 s)

Time = 0.002076

    Collision global reduction skipped (rank 0 local diagnostics)
    Collisions                      = 62069
    Collision candidates           = 132241
    Collision acceptance rate      = 0.4693627544

    Number of DSMC particles        = 9298648
    Number of stuck particles       = 0
    Number of free particles        = 9298648
    Average linear kinetic energy   = 4.148710857e-19
    Average rotational energy       = 4.895600492e-20
    Average vibrational energy      = 3.105730867e-20
    Average electronic energy       = 0
    Total energy                    = 46.01755829

Stage 1.0  ExecutionTime = 3698.08 s  ClockTime = 953 s  Iteration 5190 (1.27 s)

Time = 0.00208

    Collision global reduction skipped (rank 0 local diagnostics)
    Collisions                      = 61957
    Collision candidates           = 132329
    Collision acceptance rate      = 0.4682042485

    Number of DSMC particles        = 9300597
    Number of stuck particles       = 0
    Number of free particles        = 9300597
    Average linear kinetic energy   = 4.14774819e-19
    Average rotational energy       = 4.898483929e-20
    Average vibrational energy      = 3.105817919e-20
    Average electronic energy       = 0
    Total energy                    = 46.02101295

Stage 1.0  ExecutionTime = 3707.02 s  ClockTime = 955 s  Iteration 5200 (1.39 s)

Time = 0.002084

    Collision global reduction skipped (rank 0 local diagnostics)
    Collisions                      = 61797
    Collision candidates           = 132474
    Collision acceptance rate      = 0.4664839893

    Number of DSMC particles        = 9303057
    Number of stuck particles       = 0
    Number of free particles        = 9303057
    Average linear kinetic energy   = 4.147160263e-19
    Average rotational energy       = 4.899045293e-20
    Average vibrational energy      = 3.105630993e-20
    Average electronic energy       = 0
    Total energy                    = 46.02806429

Stage 1.0  ExecutionTime = 3715.77 s  ClockTime = 957 s  Iteration 5210 (1.23 s)

Time = 0.002088

    Collision global reduction skipped (rank 0 local diagnostics)
    Collisions                      = 61691
    Collision candidates           = 132363
    Collision acceptance rate      = 0.4660743561

    Number of DSMC particles        = 9304864
    Number of stuck particles       = 0
    Number of free particles        = 9304864
    Average linear kinetic energy   = 4.146567312e-19
    Average rotational energy       = 4.897101214e-20
    Average vibrational energy      = 3.105553232e-20
    Average electronic energy       = 0
    Total energy                    = 46.02960603

Stage 1.0  ExecutionTime = 3724.65 s  ClockTime = 959 s  Iteration 5220 (1.24 s)

Time = 0.002092

    Collision global reduction skipped (rank 0 local diagnostics)
    Collisions                      = 62158
    Collision candidates           = 132684
    Collision acceptance rate      = 0.4684664315

    Number of DSMC particles        = 9307130
    Number of stuck particles       = 0
    Number of free particles        = 9307130
    Average linear kinetic energy   = 4.146228144e-19
    Average rotational energy       = 4.897557995e-20
    Average vibrational energy      = 3.105130679e-20
    Average electronic energy       = 0
    Total energy                    = 46.03769073

Stage 1.0  ExecutionTime = 3733.46 s  ClockTime = 962 s  Iteration 5230 (1.26 s)

Time = 0.002096

    Collision global reduction skipped (rank 0 local diagnostics)
    Collisions                      = 62152
    Collision candidates           = 132903
    Collision acceptance rate      = 0.4676493382

    Number of DSMC particles        = 9309302
    Number of stuck particles       = 0
    Number of free particles        = 9309302
    Average linear kinetic energy   = 4.145494414e-19
    Average rotational energy       = 4.898544532e-20
    Average vibrational energy      = 3.10545969e-20
    Average electronic energy       = 0
    Total energy                    = 46.04282869

Stage 1.0  ExecutionTime = 3742.3 s  ClockTime = 964 s  Iteration 5240 (1.25 s)

Time = 0.0021

    Collision global reduction skipped (rank 0 local diagnostics)
    Collisions                      = 62514
    Collision candidates           = 133096
    Collision acceptance rate      = 0.4696910501

    Number of DSMC particles        = 9311500
    Number of stuck particles       = 0
    Number of free particles        = 9311500
    Average linear kinetic energy   = 4.145129784e-19
    Average rotational energy       = 4.895945531e-20
    Average vibrational energy      = 3.104445385e-20
    Average electronic energy       = 0
    Total energy                    = 46.04693998

Stage 1.0  ExecutionTime = 3751.22 s  ClockTime = 966 s  Iteration 5250 (1.39 s)

Time = 0.002104

    Collision global reduction skipped (rank 0 local diagnostics)
    Collisions                      = 62274
    Collision candidates           = 133036
    Collision acceptance rate      = 0.4680988605

    Number of DSMC particles        = 9313502
    Number of stuck particles       = 0
    Number of free particles        = 9313502
    Average linear kinetic energy   = 4.14434805e-19
    Average rotational energy       = 4.896609613e-20
    Average vibrational energy      = 3.104034782e-20
    Average electronic energy       = 0
    Total energy                    = 46.04979561

Stage 1.0  ExecutionTime = 3760 s  ClockTime = 968 s  Iteration 5260 (1.27 s)

Time = 0.002108

    Collision global reduction skipped (rank 0 local diagnostics)
    Collisions                      = 62230
    Collision candidates           = 133089
    Collision acceptance rate      = 0.4675818437

    Number of DSMC particles        = 9315432
    Number of stuck particles       = 0
    Number of free particles        = 9315432
    Average linear kinetic energy   = 4.143874291e-19
    Average rotational energy       = 4.894371066e-20
    Average vibrational energy      = 3.105568467e-20
    Average electronic energy       = 0
    Total energy                    = 46.05426845

Stage 1.0  ExecutionTime = 3768.81 s  ClockTime = 971 s  Iteration 5270 (1.23 s)

Time = 0.002112

    Collision global reduction skipped (rank 0 local diagnostics)
    Collisions                      = 62322
    Collision candidates           = 133138
    Collision acceptance rate      = 0.4681007676

    Number of DSMC particles        = 9317984
    Number of stuck particles       = 0
    Number of free particles        = 9317984
    Average linear kinetic energy   = 4.143045967e-19
    Average rotational energy       = 4.896121066e-20
    Average vibrational energy      = 3.105657629e-20
    Average electronic energy       = 0
    Total energy                    = 46.06088062

Stage 1.0  ExecutionTime = 3777.63 s  ClockTime = 973 s  Iteration 5280 (1.25 s)

Time = 0.002116

    Collision global reduction skipped (rank 0 local diagnostics)
    Collisions                      = 62518
    Collision candidates           = 133327
    Collision acceptance rate      = 0.4689072731

    Number of DSMC particles        = 9319726
    Number of stuck particles       = 0
    Number of free particles        = 9319726
    Average linear kinetic energy   = 4.142535124e-19
    Average rotational energy       = 4.897137853e-20
    Average vibrational energy      = 3.105940429e-20
    Average electronic energy       = 0
    Total energy                    = 46.06594198

Stage 1.0  ExecutionTime = 3786.48 s  ClockTime = 975 s  Iteration 5290 (1.26 s)

Time = 0.00212

    Collision global reduction skipped (rank 0 local diagnostics)
    Collisions                      = 62569
    Collision candidates           = 133430
    Collision acceptance rate      = 0.4689275275

    Number of DSMC particles        = 9321887
    Number of stuck particles       = 0
    Number of free particles        = 9321887
    Average linear kinetic energy   = 4.14233321e-19
    Average rotational energy       = 4.896470407e-20
    Average vibrational energy      = 3.104768146e-20
    Average electronic energy       = 0
    Total energy                    = 46.07302627

Stage 1.0  ExecutionTime = 3795.39 s  ClockTime = 977 s  Iteration 5300 (1.36 s)

Time = 0.002124

    Collision global reduction skipped (rank 0 local diagnostics)
    Collisions                      = 62549
    Collision candidates           = 133460
    Collision acceptance rate      = 0.4686722614

    Number of DSMC particles        = 9324097
    Number of stuck particles       = 0
    Number of free particles        = 9324097
    Average linear kinetic energy   = 4.141878024e-19
    Average rotational energy       = 4.8948372e-20
    Average vibrational energy      = 3.105940761e-20
    Average electronic energy       = 0
    Total energy                    = 46.07927543

Stage 1.0  ExecutionTime = 3804.24 s  ClockTime = 980 s  Iteration 5310 (1.25 s)

Time = 0.002128

    Collision global reduction skipped (rank 0 local diagnostics)
    Collisions                      = 62269
    Collision candidates           = 133314
    Collision acceptance rate      = 0.4670852274

    Number of DSMC particles        = 9325867
    Number of stuck particles       = 0
    Number of free particles        = 9325867
    Average linear kinetic energy   = 4.141089435e-19
    Average rotational energy       = 4.893512808e-20
    Average vibrational energy      = 3.10443207e-20
    Average electronic energy       = 0
    Total energy                    = 46.07802632

Stage 1.0  ExecutionTime = 3813.22 s  ClockTime = 982 s  Iteration 5320 (1.3 s)

Time = 0.002132

    Collision global reduction skipped (rank 0 local diagnostics)
    Collisions                      = 62428
    Collision candidates           = 133538
    Collision acceptance rate      = 0.4674923992

    Number of DSMC particles        = 9327752
    Number of stuck particles       = 0
    Number of free particles        = 9327752
    Average linear kinetic energy   = 4.140950054e-19
    Average rotational energy       = 4.894667881e-20
    Average vibrational energy      = 3.104671582e-20
    Average electronic energy       = 0
    Total energy                    = 46.08734062

Stage 1.0  ExecutionTime = 3822.04 s  ClockTime = 984 s  Iteration 5330 (1.25 s)

Time = 0.002136

    Collision global reduction skipped (rank 0 local diagnostics)
    Collisions                      = 62277
    Collision candidates           = 133388
    Collision acceptance rate      = 0.4668860767

    Number of DSMC particles        = 9329486
    Number of stuck particles       = 0
    Number of free particles        = 9329486
    Average linear kinetic energy   = 4.14019722e-19
    Average rotational energy       = 4.894944071e-20
    Average vibrational energy      = 3.105359101e-20
    Average electronic energy       = 0
    Total energy                    = 46.08978364

Stage 1.0  ExecutionTime = 3830.89 s  ClockTime = 986 s  Iteration 5340 (1.24 s)

Time = 0.00214

    Collision global reduction skipped (rank 0 local diagnostics)
    Collisions                      = 62886
    Collision candidates           = 133483
    Collision acceptance rate      = 0.4711161721

    Number of DSMC particles        = 9331713
    Number of stuck particles       = 0
    Number of free particles        = 9331713
    Average linear kinetic energy   = 4.13953025e-19
    Average rotational energy       = 4.893623008e-20
    Average vibrational energy      = 3.103939104e-20
    Average electronic energy       = 0
    Total energy                    = 46.09200368

Stage 1.0  ExecutionTime = 3839.81 s  ClockTime = 988 s  Iteration 5350 (1.34 s)

Time = 0.002144

    Collision global reduction skipped (rank 0 local diagnostics)
    Collisions                      = 62664
    Collision candidates           = 133682
    Collision acceptance rate      = 0.4687542077

    Number of DSMC particles        = 9333581
    Number of stuck particles       = 0
    Number of free particles        = 9333581
    Average linear kinetic energy   = 4.139177879e-19
    Average rotational energy       = 4.894730141e-20
    Average vibrational energy      = 3.1056547e-20
    Average electronic energy       = 0
    Total energy                    = 46.10057601

Stage 1.0  ExecutionTime = 3848.7 s  ClockTime = 991 s  Iteration 5360 (1.31 s)

Time = 0.002148

    Collision global reduction skipped (rank 0 local diagnostics)
    Collisions                      = 62677
    Collision candidates           = 133576
    Collision acceptance rate      = 0.4692235132

    Number of DSMC particles        = 9335717
    Number of stuck particles       = 0
    Number of free particles        = 9335717
    Average linear kinetic energy   = 4.13865813e-19
    Average rotational energy       = 4.893823572e-20
    Average vibrational energy      = 3.104948013e-20
    Average electronic energy       = 0
    Total energy                    = 46.10476785

Stage 1.0  ExecutionTime = 3857.54 s  ClockTime = 993 s  Iteration 5370 (1.26 s)

Time = 0.002152

    Collision global reduction skipped (rank 0 local diagnostics)
    Collisions                      = 62483
    Collision candidates           = 133670
    Collision acceptance rate      = 0.4674422084

    Number of DSMC particles        = 9337364
    Number of stuck particles       = 0
    Number of free particles        = 9337364
    Average linear kinetic energy   = 4.138255924e-19
    Average rotational energy       = 4.889005097e-20
    Average vibrational energy      = 3.106017712e-20
    Average electronic energy       = 0
    Total energy                    = 46.1056457

Stage 1.0  ExecutionTime = 3866.42 s  ClockTime = 995 s  Iteration 5380 (1.25 s)

Time = 0.002156

    Collision global reduction skipped (rank 0 local diagnostics)
    Collisions                      = 62366
    Collision candidates           = 133751
    Collision acceptance rate      = 0.4662843642

    Number of DSMC particles        = 9339281
    Number of stuck particles       = 0
    Number of free particles        = 9339281
    Average linear kinetic energy   = 4.13729868e-19
    Average rotational energy       = 4.891676526e-20
    Average vibrational energy      = 3.108648305e-20
    Average electronic energy       = 0
    Total energy                    = 46.11112313

Stage 1.0  ExecutionTime = 3875.39 s  ClockTime = 997 s  Iteration 5390 (1.31 s)

Time = 0.00216

    Collision global reduction skipped (rank 0 local diagnostics)
    Collisions                      = 62713
    Collision candidates           = 134026
    Collision acceptance rate      = 0.4679166729

    Number of DSMC particles        = 9341019
    Number of stuck particles       = 0
    Number of free particles        = 9341019
    Average linear kinetic energy   = 4.136259037e-19
    Average rotational energy       = 4.897278842e-20
    Average vibrational energy      = 3.10787514e-20
    Average electronic energy       = 0
    Total energy                    = 46.11450379

Stage 1.0  ExecutionTime = 3884.32 s  ClockTime = 1000 s  Iteration 5400 (1.36 s)

Time = 0.002164

    Collision global reduction skipped (rank 0 local diagnostics)
    Collisions                      = 63039
    Collision candidates           = 134272
    Collision acceptance rate      = 0.4694873093

    Number of DSMC particles        = 9342915
    Number of stuck particles       = 0
    Number of free particles        = 9342915
    Average linear kinetic energy   = 4.135811161e-19
    Average rotational energy       = 4.897415854e-20
    Average vibrational energy      = 3.10851902e-20
    Average electronic energy       = 0
    Total energy                    = 46.12040904

Stage 1.0  ExecutionTime = 3893.19 s  ClockTime = 1002 s  Iteration 5410 (1.27 s)

Time = 0.002168

    Collision global reduction skipped (rank 0 local diagnostics)
    Collisions                      = 62772
    Collision candidates           = 134408
    Collision acceptance rate      = 0.4670257723

    Number of DSMC particles        = 9344727
    Number of stuck particles       = 0
    Number of free particles        = 9344727
    Average linear kinetic energy   = 4.135808328e-19
    Average rotational energy       = 4.897437447e-20
    Average vibrational energy      = 3.107499501e-20
    Average electronic energy       = 0
    Total energy                    = 46.12839479

Stage 1.0  ExecutionTime = 3902.04 s  ClockTime = 1004 s  Iteration 5420 (1.28 s)

Time = 0.002172

    Collision global reduction skipped (rank 0 local diagnostics)
    Collisions                      = 62745
    Collision candidates           = 134030
    Collision acceptance rate      = 0.4681414609

    Number of DSMC particles        = 9346044
    Number of stuck particles       = 0
    Number of free particles        = 9346044
    Average linear kinetic energy   = 4.135397793e-19
    Average rotational energy       = 4.895767584e-20
    Average vibrational energy      = 3.106391627e-20
    Average electronic energy       = 0
    Total energy                    = 46.12846294

Stage 1.0  ExecutionTime = 3910.9 s  ClockTime = 1006 s  Iteration 5430 (1.26 s)

Time = 0.002176

    Collision global reduction skipped (rank 0 local diagnostics)
    Collisions                      = 62518
    Collision candidates           = 134040
    Collision acceptance rate      = 0.466413011

    Number of DSMC particles        = 9347413
    Number of stuck particles       = 0
    Number of free particles        = 9347413
    Average linear kinetic energy   = 4.134711356e-19
    Average rotational energy       = 4.89589542e-20
    Average vibrational energy      = 3.106305754e-20
    Average electronic energy       = 0
    Total energy                    = 46.12884261

Stage 1.0  ExecutionTime = 3919.79 s  ClockTime = 1009 s  Iteration 5440 (1.25 s)

Time = 0.00218

    Collision global reduction skipped (rank 0 local diagnostics)
    Collisions                      = 62717
    Collision candidates           = 134001
    Collision acceptance rate      = 0.4680338206

    Number of DSMC particles        = 9349285
    Number of stuck particles       = 0
    Number of free particles        = 9349285
    Average linear kinetic energy   = 4.134381459e-19
    Average rotational energy       = 4.896427389e-20
    Average vibrational energy      = 3.106281707e-20
    Average electronic energy       = 0
    Total energy                    = 46.13547137

Stage 1.0  ExecutionTime = 3928.79 s  ClockTime = 1011 s  Iteration 5450 (1.37 s)

Time = 0.002184

    Collision global reduction skipped (rank 0 local diagnostics)
    Collisions                      = 62998
    Collision candidates           = 134225
    Collision acceptance rate      = 0.469346247

    Number of DSMC particles        = 9351487
    Number of stuck particles       = 0
    Number of free particles        = 9351487
    Average linear kinetic energy   = 4.134073275e-19
    Average rotational energy       = 4.895901406e-20
    Average vibrational energy      = 3.107411237e-20
    Average electronic energy       = 0
    Total energy                    = 46.1440199

Stage 1.0  ExecutionTime = 3937.65 s  ClockTime = 1013 s  Iteration 5460 (1.23 s)

Time = 0.002188

    Collision global reduction skipped (rank 0 local diagnostics)
    Collisions                      = 62885
    Collision candidates           = 134344
    Collision acceptance rate      = 0.4680893825

    Number of DSMC particles        = 9353633
    Number of stuck particles       = 0
    Number of free particles        = 9353633
    Average linear kinetic energy   = 4.133256374e-19
    Average rotational energy       = 4.898016583e-20
    Average vibrational energy      = 3.106882815e-20
    Average electronic energy       = 0
    Total energy                    = 46.14845233

Stage 1.0  ExecutionTime = 3946.54 s  ClockTime = 1015 s  Iteration 5470 (1.26 s)

Time = 0.002192

    Collision global reduction skipped (rank 0 local diagnostics)
    Collisions                      = 62372
    Collision candidates           = 134323
    Collision acceptance rate      = 0.464343411

    Number of DSMC particles        = 9355049
    Number of stuck particles       = 0
    Number of free particles        = 9355049
    Average linear kinetic energy   = 4.133258754e-19
    Average rotational energy       = 4.893256098e-20
    Average vibrational energy      = 3.107258745e-20
    Average electronic energy       = 0
    Total energy                    = 46.15135901

Stage 1.0  ExecutionTime = 3955.49 s  ClockTime = 1018 s  Iteration 5480 (1.26 s)

Time = 0.002196

    Collision global reduction skipped (rank 0 local diagnostics)
    Collisions                      = 63074
    Collision candidates           = 134157
    Collision acceptance rate      = 0.4701506444

    Number of DSMC particles        = 9356426
    Number of stuck particles       = 0
    Number of free particles        = 9356426
    Average linear kinetic energy   = 4.132573737e-19
    Average rotational energy       = 4.892993239e-20
    Average vibrational energy      = 3.107627975e-20
    Average electronic energy       = 0
    Total energy                    = 46.1518424

Stage 1.0  ExecutionTime = 3964.38 s  ClockTime = 1020 s  Iteration 5490 (1.27 s)

Time = 0.0022

    Collision global reduction skipped (rank 0 local diagnostics)
    Collisions                      = 62856
    Collision candidates           = 134264
    Collision acceptance rate      = 0.468152297

    Number of DSMC particles        = 9358116
    Number of stuck particles       = 0
    Number of free particles        = 9358116
    Average linear kinetic energy   = 4.131671049e-19
    Average rotational energy       = 4.894835763e-20
    Average vibrational energy      = 3.107237484e-20
    Average electronic energy       = 0
    Total energy                    = 46.15308992

Stage 1.0  ExecutionTime = 3973.35 s  ClockTime = 1022 s  Iteration 5500 (1.38 s)

Time = 0.002204

    Collision global reduction skipped (rank 0 local diagnostics)
    Collisions                      = 63094
    Collision candidates           = 134442
    Collision acceptance rate      = 0.4693027477

    Number of DSMC particles        = 9360071
    Number of stuck particles       = 0
    Number of free particles        = 9360071
    Average linear kinetic energy   = 4.131379913e-19
    Average rotational energy       = 4.892742201e-20
    Average vibrational energy      = 3.108030246e-20
    Average electronic energy       = 0
    Total energy                    = 46.15878913

Stage 1.0  ExecutionTime = 3982.27 s  ClockTime = 1024 s  Iteration 5510 (1.27 s)

Time = 0.002208

    Collision global reduction skipped (rank 0 local diagnostics)
    Collisions                      = 62899
    Collision candidates           = 134482
    Collision acceptance rate      = 0.4677131512

    Number of DSMC particles        = 9361548
    Number of stuck particles       = 0
    Number of free particles        = 9361548
    Average linear kinetic energy   = 4.130435576e-19
    Average rotational energy       = 4.893966492e-20
    Average vibrational energy      = 3.107848061e-20
    Average electronic energy       = 0
    Total energy                    = 46.15820801

Stage 1.0  ExecutionTime = 3991.18 s  ClockTime = 1027 s  Iteration 5520 (1.27 s)

Time = 0.002212

    Collision global reduction skipped (rank 0 local diagnostics)
    Collisions                      = 62968
    Collision candidates           = 134803
    Collision acceptance rate      = 0.4671112661

    Number of DSMC particles        = 9363077
    Number of stuck particles       = 0
    Number of free particles        = 9363077
    Average linear kinetic energy   = 4.129995465e-19
    Average rotational energy       = 4.894951602e-20
    Average vibrational energy      = 3.110834231e-20
    Average electronic energy       = 0
    Total energy                    = 46.16534446

Stage 1.0  ExecutionTime = 4000.08 s  ClockTime = 1029 s  Iteration 5530 (1.25 s)

Time = 0.002216

    Collision global reduction skipped (rank 0 local diagnostics)
    Collisions                      = 63380
    Collision candidates           = 135075
    Collision acceptance rate      = 0.4692208033

    Number of DSMC particles        = 9364869
    Number of stuck particles       = 0
    Number of free particles        = 9364869
    Average linear kinetic energy   = 4.129986429e-19
    Average rotational energy       = 4.893197406e-20
    Average vibrational energy      = 3.110980347e-20
    Average electronic energy       = 0
    Total energy                    = 46.17258949

Stage 1.0  ExecutionTime = 4009 s  ClockTime = 1031 s  Iteration 5540 (1.27 s)

Time = 0.00222

    Collision global reduction skipped (rank 0 local diagnostics)
    Collisions                      = 63092
    Collision candidates           = 135159
    Collision acceptance rate      = 0.4667983634


Phase C auto DLB triggered (SAR) at step 5550: sar=0.0009722597941 loadImbalance=1.186914852 threshold=1.5 particleMaxMin=1
Phase C ParMETIS weights: particles=9366771 activeCells=104151 maxCellParticles=292
Phase C ParMETIS: alpha=1 ncon=1 ubvec=[1.05] moveRatio=0.8454494177 (moveT=418.3555525s, collT=76.4765968s)
Phase C ParMETIS: AdaptiveRepart (104151 cells, 1 constraints, ubvec=1.05)
Replicated mesh: rank 0 owns 4495 / 104151 cells
Local mesh: 4495 owned + 132 halo = 4627 / 104151 cells
Phase C ParMETIS AdaptiveRepart: 50 / 104151 cells changed (0.0004800722029)
Phase C auto DLB complete: rebalance #15

    Number of DSMC particles        = 9366771
    Number of stuck particles       = 0
    Number of free particles        = 9366771
    Average linear kinetic energy   = 4.129178944e-19
    Average rotational energy       = 4.895145813e-20
    Average vibrational energy      = 3.111717245e-20
    Average electronic energy       = 0
    Total energy                    = 46.17691886

Stage 1.0  ExecutionTime = 4018.59 s  ClockTime = 1033 s  Iteration 5550 (1.98 s)

Time = 0.002224

    Collision global reduction skipped (rank 0 local diagnostics)
    Collisions                      = 63395
    Collision candidates           = 135358
    Collision acceptance rate      = 0.4683505962

    Number of DSMC particles        = 9368278
    Number of stuck particles       = 0
    Number of free particles        = 9368278
    Average linear kinetic energy   = 4.128889808e-19
    Average rotational energy       = 4.895747492e-20
    Average vibrational energy      = 3.112297531e-20
    Average electronic energy       = 0
    Total energy                    = 46.18274675

Stage 1.0  ExecutionTime = 4027.51 s  ClockTime = 1036 s  Iteration 5560 (1.29 s)

Time = 0.002228

    Collision global reduction skipped (rank 0 local diagnostics)
    Collisions                      = 63522
    Collision candidates           = 135428
    Collision acceptance rate      = 0.4690462829

    Number of DSMC particles        = 9369969
    Number of stuck particles       = 0
    Number of free particles        = 9369969
    Average linear kinetic energy   = 4.128134503e-19
    Average rotational energy       = 4.897133998e-20
    Average vibrational energy      = 3.112818271e-20
    Average electronic energy       = 0
    Total energy                    = 46.18579277

Stage 1.0  ExecutionTime = 4036.36 s  ClockTime = 1038 s  Iteration 5570 (1.29 s)

Time = 0.002232

    Collision global reduction skipped (rank 0 local diagnostics)
    Collisions                      = 63365
    Collision candidates           = 135586
    Collision acceptance rate      = 0.4673417609

    Number of DSMC particles        = 9371735
    Number of stuck particles       = 0
    Number of free particles        = 9371735
    Average linear kinetic energy   = 4.128013933e-19
    Average rotational energy       = 4.89721403e-20
    Average vibrational energy      = 3.11091414e-20
    Average electronic energy       = 0
    Total energy                    = 46.19165816

Stage 1.0  ExecutionTime = 4045.24 s  ClockTime = 1040 s  Iteration 5580 (1.31 s)

Time = 0.002236

    Collision global reduction skipped (rank 0 local diagnostics)
    Collisions                      = 63335
    Collision candidates           = 135658
    Collision acceptance rate      = 0.4668725766

    Number of DSMC particles        = 9373206
    Number of stuck particles       = 0
    Number of free particles        = 9373206
    Average linear kinetic energy   = 4.127718217e-19
    Average rotational energy       = 4.896924034e-20
    Average vibrational energy      = 3.109679326e-20
    Average electronic energy       = 0
    Total energy                    = 46.19470742

Stage 1.0  ExecutionTime = 4054.17 s  ClockTime = 1042 s  Iteration 5590 (1.28 s)

Time = 0.00224

    Collision global reduction skipped (rank 0 local diagnostics)
    Collisions                      = 63609
    Collision candidates           = 135700
    Collision acceptance rate      = 0.4687472366

    Number of DSMC particles        = 9374915
    Number of stuck particles       = 0
    Number of free particles        = 9374915
    Average linear kinetic energy   = 4.127283628e-19
    Average rotational energy       = 4.894634411e-20
    Average vibrational energy      = 3.108601197e-20
    Average electronic energy       = 0
    Total energy                    = 46.19589855

Stage 1.0  ExecutionTime = 4063.22 s  ClockTime = 1045 s  Iteration 5600 (1.4 s)

Time = 0.002244

    Collision global reduction skipped (rank 0 local diagnostics)
    Collisions                      = 63590
    Collision candidates           = 136028
    Collision acceptance rate      = 0.4674772841

    Number of DSMC particles        = 9376784
    Number of stuck particles       = 0
    Number of free particles        = 9376784
    Average linear kinetic energy   = 4.126372254e-19
    Average rotational energy       = 4.897680984e-20
    Average vibrational energy      = 3.109332059e-20
    Average electronic energy       = 0
    Total energy                    = 46.20010451

Stage 1.0  ExecutionTime = 4072.14 s  ClockTime = 1047 s  Iteration 5610 (1.26 s)

Time = 0.002248

    Collision global reduction skipped (rank 0 local diagnostics)
    Collisions                      = 63379
    Collision candidates           = 135953
    Collision acceptance rate      = 0.4661831662

    Number of DSMC particles        = 9378460
    Number of stuck particles       = 0
    Number of free particles        = 9378460
    Average linear kinetic energy   = 4.125813315e-19
    Average rotational energy       = 4.897928041e-20
    Average vibrational energy      = 3.109424048e-20
    Average electronic energy       = 0
    Total energy                    = 46.20343827

Stage 1.0  ExecutionTime = 4081.01 s  ClockTime = 1049 s  Iteration 5620 (1.25 s)

Time = 0.002252

    Collision global reduction skipped (rank 0 local diagnostics)
    Collisions                      = 63375
    Collision candidates           = 135999
    Collision acceptance rate      = 0.4659960735

    Number of DSMC particles        = 9379846
    Number of stuck particles       = 0
    Number of free particles        = 9379846
    Average linear kinetic energy   = 4.125195508e-19
    Average rotational energy       = 4.898973054e-20
    Average vibrational energy      = 3.111620586e-20
    Average electronic energy       = 0
    Total energy                    = 46.20751205

Stage 1.0  ExecutionTime = 4089.83 s  ClockTime = 1051 s  Iteration 5630 (1.26 s)

Time = 0.002256

    Collision global reduction skipped (rank 0 local diagnostics)
    Collisions                      = 63538
    Collision candidates           = 135969
    Collision acceptance rate      = 0.4672976929

    Number of DSMC particles        = 9381566
    Number of stuck particles       = 0
    Number of free particles        = 9381566
    Average linear kinetic energy   = 4.124838292e-19
    Average rotational energy       = 4.896457758e-20
    Average vibrational energy      = 3.110741617e-20
    Average electronic energy       = 0
    Total energy                    = 46.20944962

Stage 1.0  ExecutionTime = 4098.73 s  ClockTime = 1054 s  Iteration 5640 (1.27 s)

Time = 0.00226

    Collision global reduction skipped (rank 0 local diagnostics)
    Collisions                      = 63289
    Collision candidates           = 136027
    Collision acceptance rate      = 0.4652679248

    Number of DSMC particles        = 9383553
    Number of stuck particles       = 0
    Number of free particles        = 9383553
    Average linear kinetic energy   = 4.124308265e-19
    Average rotational energy       = 4.894409693e-20
    Average vibrational energy      = 3.110018101e-20
    Average electronic energy       = 0
    Total energy                    = 46.21166244

Stage 1.0  ExecutionTime = 4107.71 s  ClockTime = 1056 s  Iteration 5650 (1.41 s)

Time = 0.002264

    Collision global reduction skipped (rank 0 local diagnostics)
    Collisions                      = 63480
    Collision candidates           = 136103
    Collision acceptance rate      = 0.4664114678

    Number of DSMC particles        = 9385178
    Number of stuck particles       = 0
    Number of free particles        = 9385178
    Average linear kinetic energy   = 4.124169385e-19
    Average rotational energy       = 4.895136497e-20
    Average vibrational energy      = 3.109775157e-20
    Average electronic energy       = 0
    Total energy                    = 46.21881586

Stage 1.0  ExecutionTime = 4116.59 s  ClockTime = 1058 s  Iteration 5660 (1.27 s)

Time = 0.002268

    Collision global reduction skipped (rank 0 local diagnostics)
    Collisions                      = 63685
    Collision candidates           = 136037
    Collision acceptance rate      = 0.4681446959

    Number of DSMC particles        = 9386570
    Number of stuck particles       = 0
    Number of free particles        = 9386570
    Average linear kinetic energy   = 4.123720152e-19
    Average rotational energy       = 4.892020817e-20
    Average vibrational energy      = 3.109322424e-20
    Average electronic energy       = 0
    Total energy                    = 46.21810471

Stage 1.0  ExecutionTime = 4125.42 s  ClockTime = 1060 s  Iteration 5670 (1.26 s)

Time = 0.002272

    Collision global reduction skipped (rank 0 local diagnostics)
    Collisions                      = 63669
    Collision candidates           = 136082
    Collision acceptance rate      = 0.4678723123

    Number of DSMC particles        = 9388264
    Number of stuck particles       = 0
    Number of free particles        = 9388264
    Average linear kinetic energy   = 4.123061603e-19
    Average rotational energy       = 4.894974457e-20
    Average vibrational energy      = 3.109793024e-20
    Average electronic energy       = 0
    Total energy                    = 46.22347786

Stage 1.0  ExecutionTime = 4134.26 s  ClockTime = 1063 s  Iteration 5680 (1.27 s)

Time = 0.002276

    Collision global reduction skipped (rank 0 local diagnostics)
    Collisions                      = 63610
    Collision candidates           = 136138
    Collision acceptance rate      = 0.4672464705

    Number of DSMC particles        = 9389711
    Number of stuck particles       = 0
    Number of free particles        = 9389711
    Average linear kinetic energy   = 4.123115265e-19
    Average rotational energy       = 4.891339801e-20
    Average vibrational energy      = 3.10930351e-20
    Average electronic energy       = 0
    Total energy                    = 46.22723361

Stage 1.0  ExecutionTime = 4143.13 s  ClockTime = 1065 s  Iteration 5690 (1.26 s)

Time = 0.00228

    Collision global reduction skipped (rank 0 local diagnostics)
    Collisions                      = 63673
    Collision candidates           = 136164
    Collision acceptance rate      = 0.4676199289

    Number of DSMC particles        = 9391570
    Number of stuck particles       = 0
    Number of free particles        = 9391570
    Average linear kinetic energy   = 4.121976379e-19
    Average rotational energy       = 4.894530944e-20
    Average vibrational energy      = 3.109560675e-20
    Average electronic energy       = 0
    Total energy                    = 46.22892838

Stage 1.0  ExecutionTime = 4152.1 s  ClockTime = 1067 s  Iteration 5700 (1.38 s)

Time = 0.002284

    Collision global reduction skipped (rank 0 local diagnostics)
    Collisions                      = 63332
    Collision candidates           = 136221
    Collision acceptance rate      = 0.464920974

    Number of DSMC particles        = 9393283
    Number of stuck particles       = 0
    Number of free particles        = 9393283
    Average linear kinetic energy   = 4.121881231e-19
    Average rotational energy       = 4.891944675e-20
    Average vibrational energy      = 3.109917723e-20
    Average electronic energy       = 0
    Total energy                    = 46.2343727

Stage 1.0  ExecutionTime = 4160.98 s  ClockTime = 1069 s  Iteration 5710 (1.26 s)

Time = 0.002288

    Collision global reduction skipped (rank 0 local diagnostics)
    Collisions                      = 63353
    Collision candidates           = 136000
    Collision acceptance rate      = 0.4658308824

    Number of DSMC particles        = 9394910
    Number of stuck particles       = 0
    Number of free particles        = 9394910
    Average linear kinetic energy   = 4.121182962e-19
    Average rotational energy       = 4.895075068e-20
    Average vibrational energy      = 3.109536945e-20
    Average electronic energy       = 0
    Total energy                    = 46.23840396

Stage 1.0  ExecutionTime = 4169.87 s  ClockTime = 1072 s  Iteration 5720 (1.3 s)

Time = 0.002292

    Collision global reduction skipped (rank 0 local diagnostics)
    Collisions                      = 63412
    Collision candidates           = 135945
    Collision acceptance rate      = 0.4664533451

    Number of DSMC particles        = 9396852
    Number of stuck particles       = 0
    Number of free particles        = 9396852
    Average linear kinetic energy   = 4.120988394e-19
    Average rotational energy       = 4.891069137e-20
    Average vibrational energy      = 3.108234915e-20
    Average electronic energy       = 0
    Total energy                    = 46.24114566

Stage 1.0  ExecutionTime = 4178.75 s  ClockTime = 1074 s  Iteration 5730 (1.27 s)

Time = 0.002296

    Collision global reduction skipped (rank 0 local diagnostics)
    Collisions                      = 63421
    Collision candidates           = 135705
    Collision acceptance rate      = 0.4673446078

    Number of DSMC particles        = 9397885
    Number of stuck particles       = 0
    Number of free particles        = 9397885
    Average linear kinetic energy   = 4.120281003e-19
    Average rotational energy       = 4.894089395e-20
    Average vibrational energy      = 3.10764636e-20
    Average electronic energy       = 0
    Total energy                    = 46.24186628

Stage 1.0  ExecutionTime = 4187.61 s  ClockTime = 1076 s  Iteration 5740 (1.26 s)

Time = 0.0023

    Collision global reduction skipped (rank 0 local diagnostics)
    Collisions                      = 63505
    Collision candidates           = 135773
    Collision acceptance rate      = 0.4677292245

    Number of DSMC particles        = 9399390
    Number of stuck particles       = 0
    Number of free particles        = 9399390
    Average linear kinetic energy   = 4.120111658e-19
    Average rotational energy       = 4.893429507e-20
    Average vibrational energy      = 3.108146618e-20
    Average electronic energy       = 0
    Total energy                    = 46.24752978

Stage 1.0  ExecutionTime = 4196.64 s  ClockTime = 1078 s  Iteration 5750 (1.43 s)

Time = 0.002304

    Collision global reduction skipped (rank 0 local diagnostics)
    Collisions                      = 63632
    Collision candidates           = 136206
    Collision acceptance rate      = 0.4671747206

    Number of DSMC particles        = 9400984
    Number of stuck particles       = 0
    Number of free particles        = 9400984
    Average linear kinetic energy   = 4.119820157e-19
    Average rotational energy       = 4.893940556e-20
    Average vibrational energy      = 3.108892831e-20
    Average electronic energy       = 0
    Total energy                    = 46.25381424

Stage 1.0  ExecutionTime = 4205.52 s  ClockTime = 1080 s  Iteration 5760 (1.29 s)

Time = 0.002308

    Collision global reduction skipped (rank 0 local diagnostics)
    Collisions                      = 63404
    Collision candidates           = 136323
    Collision acceptance rate      = 0.4651012668

    Number of DSMC particles        = 9402285
    Number of stuck particles       = 0
    Number of free particles        = 9402285
    Average linear kinetic energy   = 4.119351273e-19
    Average rotational energy       = 4.893301147e-20
    Average vibrational energy      = 3.109164882e-20
    Average electronic energy       = 0
    Total energy                    = 46.25546132

Stage 1.0  ExecutionTime = 4214.42 s  ClockTime = 1083 s  Iteration 5770 (1.3 s)

Time = 0.002312

    Collision global reduction skipped (rank 0 local diagnostics)
    Collisions                      = 63840
    Collision candidates           = 136802
    Collision acceptance rate      = 0.4666598442

    Number of DSMC particles        = 9404518
    Number of stuck particles       = 0
    Number of free particles        = 9404518
    Average linear kinetic energy   = 4.119033287e-19
    Average rotational energy       = 4.894409226e-20
    Average vibrational energy      = 3.110627024e-20
    Average electronic energy       = 0
    Total energy                    = 46.26587344

Stage 1.0  ExecutionTime = 4223.28 s  ClockTime = 1085 s  Iteration 5780 (1.3 s)

Time = 0.002316

    Collision global reduction skipped (rank 0 local diagnostics)
    Collisions                      = 63586
    Collision candidates           = 136663
    Collision acceptance rate      = 0.4652758976

    Number of DSMC particles        = 9406239
    Number of stuck particles       = 0
    Number of free particles        = 9406239
    Average linear kinetic energy   = 4.11828971e-19
    Average rotational energy       = 4.893233328e-20
    Average vibrational energy      = 3.111312014e-20
    Average electronic energy       = 0
    Total energy                    = 46.26688394

Stage 1.0  ExecutionTime = 4232.13 s  ClockTime = 1087 s  Iteration 5790 (1.28 s)

Time = 0.00232

    Collision global reduction skipped (rank 0 local diagnostics)
    Collisions                      = 63755
    Collision candidates           = 136601
    Collision acceptance rate      = 0.4667242553

    Number of DSMC particles        = 9407420
    Number of stuck particles       = 0
    Number of free particles        = 9407420
    Average linear kinetic energy   = 4.118029504e-19
    Average rotational energy       = 4.8912496e-20
    Average vibrational energy      = 3.112252541e-20
    Average electronic energy       = 0
    Total energy                    = 46.26926372

Stage 1.0  ExecutionTime = 4241.1 s  ClockTime = 1089 s  Iteration 5800 (1.42 s)

Time = 0.002324

    Collision global reduction skipped (rank 0 local diagnostics)
    Collisions                      = 63931
    Collision candidates           = 136876
    Collision acceptance rate      = 0.4670723867

    Number of DSMC particles        = 9408755
    Number of stuck particles       = 0
    Number of free particles        = 9408755
    Average linear kinetic energy   = 4.117834053e-19
    Average rotational energy       = 4.891204422e-20
    Average vibrational energy      = 3.113095556e-20
    Average electronic energy       = 0
    Total energy                    = 46.27474148

Stage 1.0  ExecutionTime = 4249.95 s  ClockTime = 1092 s  Iteration 5810 (1.28 s)

Time = 0.002328

    Collision global reduction skipped (rank 0 local diagnostics)
    Collisions                      = 63980
    Collision candidates           = 136949
    Collision acceptance rate      = 0.4671812134

    Number of DSMC particles        = 9410696
    Number of stuck particles       = 0
    Number of free particles        = 9410696
    Average linear kinetic energy   = 4.117429185e-19
    Average rotational energy       = 4.890951959e-20
    Average vibrational energy      = 3.112613881e-20
    Average electronic energy       = 0
    Total energy                    = 46.27978687

Stage 1.0  ExecutionTime = 4258.82 s  ClockTime = 1094 s  Iteration 5820 (1.28 s)

Time = 0.002332

    Collision global reduction skipped (rank 0 local diagnostics)
    Collisions                      = 63817
    Collision candidates           = 137013
    Collision acceptance rate      = 0.4657733208

    Number of DSMC particles        = 9412195
    Number of stuck particles       = 0
    Number of free particles        = 9412195
    Average linear kinetic energy   = 4.116926979e-19
    Average rotational energy       = 4.891434881e-20
    Average vibrational energy      = 3.112160631e-20
    Average electronic energy       = 0
    Total energy                    = 46.28245969

Stage 1.0  ExecutionTime = 4267.7 s  ClockTime = 1096 s  Iteration 5830 (1.29 s)

Time = 0.002336

    Collision global reduction skipped (rank 0 local diagnostics)
    Collisions                      = 64056
    Collision candidates           = 137047
    Collision acceptance rate      = 0.4674016943

    Number of DSMC particles        = 9413742
    Number of stuck particles       = 0
    Number of free particles        = 9413742
    Average linear kinetic energy   = 4.116570261e-19
    Average rotational energy       = 4.892102694e-20
    Average vibrational energy      = 3.112266781e-20
    Average electronic energy       = 0
    Total energy                    = 46.28743728

Stage 1.0  ExecutionTime = 4276.67 s  ClockTime = 1098 s  Iteration 5840 (1.34 s)

Time = 0.00234

    Collision global reduction skipped (rank 0 local diagnostics)
    Collisions                      = 63940
    Collision candidates           = 137229
    Collision acceptance rate      = 0.4659365003

    Number of DSMC particles        = 9414847
    Number of stuck particles       = 0
    Number of free particles        = 9414847
    Average linear kinetic energy   = 4.116090236e-19
    Average rotational energy       = 4.893310492e-20
    Average vibrational energy      = 3.11125831e-20
    Average electronic energy       = 0
    Total energy                    = 46.28853887

Stage 1.0  ExecutionTime = 4285.75 s  ClockTime = 1101 s  Iteration 5850 (1.41 s)

Time = 0.002344

    Collision global reduction skipped (rank 0 local diagnostics)
    Collisions                      = 63814
    Collision candidates           = 137222
    Collision acceptance rate      = 0.4650420487

    Number of DSMC particles        = 9416562
    Number of stuck particles       = 0
    Number of free particles        = 9416562
    Average linear kinetic energy   = 4.115600728e-19
    Average rotational energy       = 4.894080779e-20
    Average vibrational energy      = 3.110411615e-20
    Average electronic energy       = 0
    Total energy                    = 46.29228931

Stage 1.0  ExecutionTime = 4294.76 s  ClockTime = 1103 s  Iteration 5860 (1.3 s)

Time = 0.002348

    Collision global reduction skipped (rank 0 local diagnostics)
    Collisions                      = 63984
    Collision candidates           = 137279
    Collision acceptance rate      = 0.4660873112

    Number of DSMC particles        = 9417856
    Number of stuck particles       = 0
    Number of free particles        = 9417856
    Average linear kinetic energy   = 4.115102762e-19
    Average rotational energy       = 4.89553669e-20
    Average vibrational energy      = 3.110048232e-20
    Average electronic energy       = 0
    Total energy                    = 46.29498984

Stage 1.0  ExecutionTime = 4303.71 s  ClockTime = 1105 s  Iteration 5870 (1.27 s)

Time = 0.002352

    Collision global reduction skipped (rank 0 local diagnostics)
    Collisions                      = 64105
    Collision candidates           = 137553
    Collision acceptance rate      = 0.4660385451

    Number of DSMC particles        = 9419473
    Number of stuck particles       = 0
    Number of free particles        = 9419473
    Average linear kinetic energy   = 4.11488009e-19
    Average rotational energy       = 4.892561608e-20
    Average vibrational energy      = 3.110412063e-20
    Average electronic energy       = 0
    Total energy                    = 46.29838135

Stage 1.0  ExecutionTime = 4312.65 s  ClockTime = 1107 s  Iteration 5880 (1.28 s)

Time = 0.002356

    Collision global reduction skipped (rank 0 local diagnostics)
    Collisions                      = 63931
    Collision candidates           = 137545
    Collision acceptance rate      = 0.4648006107

    Number of DSMC particles        = 9420859
    Number of stuck particles       = 0
    Number of free particles        = 9420859
    Average linear kinetic energy   = 4.114701982e-19
    Average rotational energy       = 4.893371772e-20
    Average vibrational energy      = 3.109748193e-20
    Average electronic energy       = 0
    Total energy                    = 46.30365368

Stage 1.0  ExecutionTime = 4321.56 s  ClockTime = 1110 s  Iteration 5890 (1.28 s)

Time = 0.00236

    Collision global reduction skipped (rank 0 local diagnostics)
    Collisions                      = 64132
    Collision candidates           = 137559
    Collision acceptance rate      = 0.4662144971

    Number of DSMC particles        = 9422301
    Number of stuck particles       = 0
    Number of free particles        = 9422301
    Average linear kinetic energy   = 4.114430607e-19
    Average rotational energy       = 4.892812942e-20
    Average vibrational energy      = 3.110082787e-20
    Average electronic energy       = 0
    Total energy                    = 46.30797287

Stage 1.0  ExecutionTime = 4330.59 s  ClockTime = 1112 s  Iteration 5900 (1.39 s)

Time = 0.002364

    Collision global reduction skipped (rank 0 local diagnostics)
    Collisions                      = 64263
    Collision candidates           = 137672
    Collision acceptance rate      = 0.4667833692

    Number of DSMC particles        = 9423799
    Number of stuck particles       = 0
    Number of free particles        = 9423799
    Average linear kinetic energy   = 4.113483015e-19
    Average rotational energy       = 4.896329602e-20
    Average vibrational energy      = 3.111302457e-20
    Average electronic energy       = 0
    Total energy                    = 46.31086862

Stage 1.0  ExecutionTime = 4339.51 s  ClockTime = 1114 s  Iteration 5910 (1.27 s)

Time = 0.002368

    Collision global reduction skipped (rank 0 local diagnostics)
    Collisions                      = 64207
    Collision candidates           = 137851
    Collision acceptance rate      = 0.4657710136

    Number of DSMC particles        = 9425064
    Number of stuck particles       = 0
    Number of free particles        = 9425064
    Average linear kinetic energy   = 4.113031834e-19
    Average rotational energy       = 4.897817019e-20
    Average vibrational energy      = 3.112122148e-20
    Average electronic energy       = 0
    Total energy                    = 46.3150072

Stage 1.0  ExecutionTime = 4348.47 s  ClockTime = 1116 s  Iteration 5920 (1.3 s)

Time = 0.002372

    Collision global reduction skipped (rank 0 local diagnostics)
    Collisions                      = 63931
    Collision candidates           = 137589
    Collision acceptance rate      = 0.4646519707

    Number of DSMC particles        = 9426134
    Number of stuck particles       = 0
    Number of free particles        = 9426134
    Average linear kinetic energy   = 4.112941504e-19
    Average rotational energy       = 4.892805502e-20
    Average vibrational energy      = 3.111128174e-20
    Average electronic energy       = 0
    Total energy                    = 46.31375289

Stage 1.0  ExecutionTime = 4357.5 s  ClockTime = 1119 s  Iteration 5930 (1.3 s)

Time = 0.002376

    Collision global reduction skipped (rank 0 local diagnostics)
    Collisions                      = 63869
    Collision candidates           = 137554
    Collision acceptance rate      = 0.4643194673

    Number of DSMC particles        = 9427190
    Number of stuck particles       = 0
    Number of free particles        = 9427190
    Average linear kinetic energy   = 4.112943087e-19
    Average rotational energy       = 4.891505876e-20
    Average vibrational energy      = 3.112358205e-20
    Average electronic energy       = 0
    Total energy                    = 46.31889068

Stage 1.0  ExecutionTime = 4366.48 s  ClockTime = 1121 s  Iteration 5940 (1.29 s)

Time = 0.00238

    Collision global reduction skipped (rank 0 local diagnostics)
    Collisions                      = 64087
    Collision candidates           = 137447
    Collision acceptance rate      = 0.4662669975

    Number of DSMC particles        = 9428532
    Number of stuck particles       = 0
    Number of free particles        = 9428532
    Average linear kinetic energy   = 4.112996825e-19
    Average rotational energy       = 4.891324645e-20
    Average vibrational energy      = 3.112824793e-20
    Average electronic energy       = 0
    Total energy                    = 46.32626009

Stage 1.0  ExecutionTime = 4375.52 s  ClockTime = 1123 s  Iteration 5950 (1.4 s)

Time = 0.002384

    Collision global reduction skipped (rank 0 local diagnostics)
    Collisions                      = 63892
    Collision candidates           = 137244
    Collision acceptance rate      = 0.465535834

    Number of DSMC particles        = 9429104
    Number of stuck particles       = 0
    Number of free particles        = 9429104
    Average linear kinetic energy   = 4.112555792e-19
    Average rotational energy       = 4.891219368e-20
    Average vibrational energy      = 3.112798142e-20
    Average electronic energy       = 0
    Total energy                    = 46.32478762

Stage 1.0  ExecutionTime = 4384.42 s  ClockTime = 1125 s  Iteration 5960 (1.29 s)

Time = 0.002388

    Collision global reduction skipped (rank 0 local diagnostics)
    Collisions                      = 63999
    Collision candidates           = 137519
    Collision acceptance rate      = 0.4653829653

    Number of DSMC particles        = 9431030
    Number of stuck particles       = 0
    Number of free particles        = 9431030
    Average linear kinetic energy   = 4.111564877e-19
    Average rotational energy       = 4.89440239e-20
    Average vibrational energy      = 3.112351716e-20
    Average electronic energy       = 0
    Total energy                    = 46.32748552

Stage 1.0  ExecutionTime = 4393.33 s  ClockTime = 1128 s  Iteration 5970 (1.28 s)

Time = 0.002392

    Collision global reduction skipped (rank 0 local diagnostics)
    Collisions                      = 63960
    Collision candidates           = 137560
    Collision acceptance rate      = 0.4649607444

    Number of DSMC particles        = 9432137
    Number of stuck particles       = 0
    Number of free particles        = 9432137
    Average linear kinetic energy   = 4.11123439e-19
    Average rotational energy       = 4.895710624e-20
    Average vibrational energy      = 3.110640081e-20
    Average electronic energy       = 0
    Total energy                    = 46.32942568

Stage 1.0  ExecutionTime = 4402.3 s  ClockTime = 1130 s  Iteration 5980 (1.29 s)

Time = 0.002396

    Collision global reduction skipped (rank 0 local diagnostics)
    Collisions                      = 63780
    Collision candidates           = 137648
    Collision acceptance rate      = 0.4633558061

    Number of DSMC particles        = 9433763
    Number of stuck particles       = 0
    Number of free particles        = 9433763
    Average linear kinetic energy   = 4.110804127e-19
    Average rotational energy       = 4.895664764e-20
    Average vibrational energy      = 3.109673534e-20
    Average electronic energy       = 0
    Total energy                    = 46.3323983

Stage 1.0  ExecutionTime = 4411.15 s  ClockTime = 1132 s  Iteration 5990 (1.25 s)

Time = 0.0024

    Collision global reduction skipped (rank 0 local diagnostics)
    Collisions                      = 64034
    Collision candidates           = 137902
    Collision acceptance rate      = 0.4643442445

    Number of DSMC particles        = 9435432
    Number of stuck particles       = 0
    Number of free particles        = 9435432
    Average linear kinetic energy   = 4.111116112e-19
    Average rotational energy       = 4.894277788e-20
    Average vibrational energy      = 3.11096928e-20
    Average electronic energy       = 0
    Total energy                    = 46.34345295

Stage 1.0  ExecutionTime = 4420.17 s  ClockTime = 1134 s  Iteration 6000 (1.4 s)

Time = 0.002404

    Collision global reduction skipped (rank 0 local diagnostics)
    Collisions                      = 64470
    Collision candidates           = 138172
    Collision acceptance rate      = 0.4665923631

    Number of DSMC particles        = 9436634
    Number of stuck particles       = 0
    Number of free particles        = 9436634
    Average linear kinetic energy   = 4.110432616e-19
    Average rotational energy       = 4.89781995e-20
    Average vibrational energy      = 3.110104632e-20
    Average electronic energy       = 0
    Total energy                    = 46.34543351

Stage 1.0  ExecutionTime = 4429.11 s  ClockTime = 1137 s  Iteration 6010 (1.27 s)

Time = 0.002408

    Collision global reduction skipped (rank 0 local diagnostics)
    Collisions                      = 64147
    Collision candidates           = 138228
    Collision acceptance rate      = 0.4640666146

    Number of DSMC particles        = 9437822
    Number of stuck particles       = 0
    Number of free particles        = 9437822
    Average linear kinetic energy   = 4.110074726e-19
    Average rotational energy       = 4.896614277e-20
    Average vibrational energy      = 3.110647441e-20
    Average electronic energy       = 0
    Total energy                    = 46.34726475

Stage 1.0  ExecutionTime = 4438.08 s  ClockTime = 1139 s  Iteration 6020 (1.28 s)

Time = 0.002412

    Collision global reduction skipped (rank 0 local diagnostics)
    Collisions                      = 64338
    Collision candidates           = 138289
    Collision acceptance rate      = 0.4652430779

    Number of DSMC particles        = 9439353
    Number of stuck particles       = 0
    Number of free particles        = 9439353
    Average linear kinetic energy   = 4.10952159e-19
    Average rotational energy       = 4.900006039e-20
    Average vibrational energy      = 3.109885216e-20
    Average electronic energy       = 0
    Total energy                    = 46.35204405

Stage 1.0  ExecutionTime = 4447.04 s  ClockTime = 1141 s  Iteration 6030 (1.28 s)

Time = 0.002416

    Collision global reduction skipped (rank 0 local diagnostics)
    Collisions                      = 64502
    Collision candidates           = 138406
    Collision acceptance rate      = 0.4660347095

    Number of DSMC particles        = 9440761
    Number of stuck particles       = 0
    Number of free particles        = 9440761
    Average linear kinetic energy   = 4.109441626e-19
    Average rotational energy       = 4.897466297e-20
    Average vibrational energy      = 3.110011726e-20
    Average electronic energy       = 0
    Total energy                    = 46.35592486

Stage 1.0  ExecutionTime = 4455.96 s  ClockTime = 1143 s  Iteration 6040 (1.28 s)

Time = 0.00242

    Collision global reduction skipped (rank 0 local diagnostics)
    Collisions                      = 64447
    Collision candidates           = 138459
    Collision acceptance rate      = 0.465459089

    Number of DSMC particles        = 9441673
    Number of stuck particles       = 0
    Number of free particles        = 9441673
    Average linear kinetic energy   = 4.108887476e-19
    Average rotational energy       = 4.899879067e-20
    Average vibrational energy      = 3.112236554e-20
    Average electronic energy       = 0
    Total energy                    = 46.35954952

Stage 1.0  ExecutionTime = 4465 s  ClockTime = 1146 s  Iteration 6050 (1.41 s)

Time = 0.002424

    Collision global reduction skipped (rank 0 local diagnostics)
    Collisions                      = 64427
    Collision candidates           = 138294
    Collision acceptance rate      = 0.4658698136

    Number of DSMC particles        = 9442837
    Number of stuck particles       = 0
    Number of free particles        = 9442837
    Average linear kinetic energy   = 4.108117802e-19
    Average rotational energy       = 4.901518562e-20
    Average vibrational energy      = 3.111767423e-20
    Average electronic energy       = 0
    Total energy                    = 46.35910212

Stage 1.0  ExecutionTime = 4473.91 s  ClockTime = 1148 s  Iteration 6060 (1.29 s)

Time = 0.002428

    Collision global reduction skipped (rank 0 local diagnostics)
    Collisions                      = 64619
    Collision candidates           = 138574
    Collision acceptance rate      = 0.4663140272

    Number of DSMC particles        = 9444124
    Number of stuck particles       = 0
    Number of free particles        = 9444124
    Average linear kinetic energy   = 4.10833712e-19
    Average rotational energy       = 4.901133768e-20
    Average vibrational energy      = 3.111910326e-20
    Average electronic energy       = 0
    Total energy                    = 46.3672634

Stage 1.0  ExecutionTime = 4482.91 s  ClockTime = 1150 s  Iteration 6070 (1.29 s)

Time = 0.002432

    Collision global reduction skipped (rank 0 local diagnostics)
    Collisions                      = 64466
    Collision candidates           = 138528
    Collision acceptance rate      = 0.4653644029

    Number of DSMC particles        = 9445677
    Number of stuck particles       = 0
    Number of free particles        = 9445677
    Average linear kinetic energy   = 4.108109723e-19
    Average rotational energy       = 4.899435466e-20
    Average vibrational energy      = 3.112237226e-20
    Average electronic energy       = 0
    Total energy                    = 46.37144477

Stage 1.0  ExecutionTime = 4491.93 s  ClockTime = 1153 s  Iteration 6080 (1.3 s)

Time = 0.002436

    Collision global reduction skipped (rank 0 local diagnostics)
    Collisions                      = 64542
    Collision candidates           = 138491
    Collision acceptance rate      = 0.4660375042

    Number of DSMC particles        = 9446600
    Number of stuck particles       = 0
    Number of free particles        = 9446600
    Average linear kinetic energy   = 4.107784139e-19
    Average rotational energy       = 4.898735777e-20
    Average vibrational energy      = 3.111089354e-20
    Average electronic energy       = 0
    Total energy                    = 46.37115506

Stage 1.0  ExecutionTime = 4500.87 s  ClockTime = 1155 s  Iteration 6090 (1.28 s)

Time = 0.00244

    Collision global reduction skipped (rank 0 local diagnostics)
    Collisions                      = 64577
    Collision candidates           = 138520
    Collision acceptance rate      = 0.4661926076

    Number of DSMC particles        = 9447608
    Number of stuck particles       = 0
    Number of free particles        = 9447608
    Average linear kinetic energy   = 4.107333135e-19
    Average rotational energy       = 4.896731553e-20
    Average vibrational energy      = 3.111516812e-20
    Average electronic energy       = 0
    Total energy                    = 46.37035252

Stage 1.0  ExecutionTime = 4509.99 s  ClockTime = 1157 s  Iteration 6100 (1.41 s)

Time = 0.002444

    Collision global reduction skipped (rank 0 local diagnostics)
    Collisions                      = 64613
    Collision candidates           = 138712
    Collision acceptance rate      = 0.4658068516

    Number of DSMC particles        = 9449344
    Number of stuck particles       = 0
    Number of free particles        = 9449344
    Average linear kinetic energy   = 4.107648807e-19
    Average rotational energy       = 4.89089756e-20
    Average vibrational energy      = 3.110256627e-20
    Average electronic energy       = 0
    Total energy                    = 46.37515244

Stage 1.0  ExecutionTime = 4518.98 s  ClockTime = 1159 s  Iteration 6110 (1.27 s)

Time = 0.002448

    Collision global reduction skipped (rank 0 local diagnostics)
    Collisions                      = 64367
    Collision candidates           = 138664
    Collision acceptance rate      = 0.464194023

    Number of DSMC particles        = 9450844
    Number of stuck particles       = 0
    Number of free particles        = 9450844
    Average linear kinetic energy   = 4.107630653e-19
    Average rotational energy       = 4.891717765e-20
    Average vibrational energy      = 3.110460107e-20
    Average electronic energy       = 0
    Total energy                    = 46.38330999

Stage 1.0  ExecutionTime = 4527.93 s  ClockTime = 1162 s  Iteration 6120 (1.27 s)

Time = 0.002452

    Collision global reduction skipped (rank 0 local diagnostics)
    Collisions                      = 64403
    Collision candidates           = 138507
    Collision acceptance rate      = 0.4649801093

    Number of DSMC particles        = 9451764
    Number of stuck particles       = 0
    Number of free particles        = 9451764
    Average linear kinetic energy   = 4.106627951e-19
    Average rotational energy       = 4.894992968e-20
    Average vibrational energy      = 3.111993026e-20
    Average electronic energy       = 0
    Total energy                    = 46.38289243

Stage 1.0  ExecutionTime = 4536.91 s  ClockTime = 1164 s  Iteration 6130 (1.29 s)

Time = 0.002456

    Collision global reduction skipped (rank 0 local diagnostics)
    Collisions                      = 64334
    Collision candidates           = 138370
    Collision acceptance rate      = 0.4649418226

    Number of DSMC particles        = 9452700
    Number of stuck particles       = 0
    Number of free particles        = 9452700
    Average linear kinetic energy   = 4.105655837e-19
    Average rotational energy       = 4.897660225e-20
    Average vibrational energy      = 3.112095315e-20
    Average electronic energy       = 0
    Total energy                    = 46.38091455

Stage 1.0  ExecutionTime = 4545.89 s  ClockTime = 1166 s  Iteration 6140 (1.29 s)

Time = 0.00246

    Collision global reduction skipped (rank 0 local diagnostics)
    Collisions                      = 64554
    Collision candidates           = 138532
    Collision acceptance rate      = 0.4659861981

    Number of DSMC particles        = 9454001
    Number of stuck particles       = 0
    Number of free particles        = 9454001
    Average linear kinetic energy   = 4.105527511e-19
    Average rotational energy       = 4.895718957e-20
    Average vibrational energy      = 3.111532301e-20
    Average electronic energy       = 0
    Total energy                    = 46.38371734

Stage 1.0  ExecutionTime = 4555.03 s  ClockTime = 1168 s  Iteration 6150 (1.43 s)

Time = 0.002464

    Collision global reduction skipped (rank 0 local diagnostics)
    Collisions                      = 64350
    Collision candidates           = 138455
    Collision acceptance rate      = 0.4647719476

    Number of DSMC particles        = 9455546
    Number of stuck particles       = 0
    Number of free particles        = 9455546
    Average linear kinetic energy   = 4.104927109e-19
    Average rotational energy       = 4.896398402e-20
    Average vibrational energy      = 3.109451765e-20
    Average electronic energy       = 0
    Total energy                    = 46.38429556

Stage 1.0  ExecutionTime = 4563.98 s  ClockTime = 1171 s  Iteration 6160 (1.3 s)

Time = 0.002468

    Collision global reduction skipped (rank 0 local diagnostics)
    Collisions                      = 64540
    Collision candidates           = 138598
    Collision acceptance rate      = 0.4656632852

    Number of DSMC particles        = 9456809
    Number of stuck particles       = 0
    Number of free particles        = 9456809
    Average linear kinetic energy   = 4.104401424e-19
    Average rotational energy       = 4.897853986e-20
    Average vibrational energy      = 3.110452375e-20
    Average electronic energy       = 0
    Total energy                    = 46.38784269

Stage 1.0  ExecutionTime = 4572.98 s  ClockTime = 1173 s  Iteration 6170 (1.33 s)

Time = 0.002472

    Collision global reduction skipped (rank 0 local diagnostics)
    Collisions                      = 64223
    Collision candidates           = 138578
    Collision acceptance rate      = 0.4634429707

    Number of DSMC particles        = 9457712
    Number of stuck particles       = 0
    Number of free particles        = 9457712
    Average linear kinetic energy   = 4.104324096e-19
    Average rotational energy       = 4.89596212e-20
    Average vibrational energy      = 3.109630405e-20
    Average electronic energy       = 0
    Total energy                    = 46.3889741

Stage 1.0  ExecutionTime = 4581.97 s  ClockTime = 1175 s  Iteration 6180 (1.22 s)

Time = 0.002476

    Collision global reduction skipped (rank 0 local diagnostics)
    Collisions                      = 64402
    Collision candidates           = 138690
    Collision acceptance rate      = 0.4643593626

    Number of DSMC particles        = 9458799
    Number of stuck particles       = 0
    Number of free particles        = 9458799
    Average linear kinetic energy   = 4.104177295e-19
    Average rotational energy       = 4.895149305e-20
    Average vibrational energy      = 3.109153582e-20
    Average electronic energy       = 0
    Total energy                    = 46.39169731

Stage 1.0  ExecutionTime = 4590.9 s  ClockTime = 1177 s  Iteration 6190 (1.27 s)

Time = 0.00248

    Collision global reduction skipped (rank 0 local diagnostics)
    Collisions                      = 64831
    Collision candidates           = 138879
    Collision acceptance rate      = 0.4668164373

    Number of DSMC particles        = 9460504
    Number of stuck particles       = 0
    Number of free particles        = 9460504
    Average linear kinetic energy   = 4.10415012e-19
    Average rotational energy       = 4.893514975e-20
    Average vibrational energy      = 3.110731429e-20
    Average electronic energy       = 0
    Total energy                    = 46.39974914

Stage 1.0  ExecutionTime = 4599.95 s  ClockTime = 1180 s  Iteration 6200 (1.38 s)

Time = 0.002484

    Collision global reduction skipped (rank 0 local diagnostics)
    Collisions                      = 64628
    Collision candidates           = 138889
    Collision acceptance rate      = 0.4653212277

    Number of DSMC particles        = 9461736
    Number of stuck particles       = 0
    Number of free particles        = 9461736
    Average linear kinetic energy   = 4.103562152e-19
    Average rotational energy       = 4.896783697e-20
    Average vibrational energy      = 3.110633783e-20
    Average electronic energy       = 0
    Total energy                    = 46.40322876

Stage 1.0  ExecutionTime = 4608.93 s  ClockTime = 1182 s  Iteration 6210 (1.27 s)

Time = 0.002488

    Collision global reduction skipped (rank 0 local diagnostics)
    Collisions                      = 64079
    Collision candidates           = 138869
    Collision acceptance rate      = 0.4614348775

    Number of DSMC particles        = 9462598
    Number of stuck particles       = 0
    Number of free particles        = 9462598
    Average linear kinetic energy   = 4.103392692e-19
    Average rotational energy       = 4.895616988e-20
    Average vibrational energy      = 3.111499922e-20
    Average electronic energy       = 0
    Total energy                    = 46.40556833

Stage 1.0  ExecutionTime = 4617.89 s  ClockTime = 1184 s  Iteration 6220 (1.27 s)

Time = 0.002492

    Collision global reduction skipped (rank 0 local diagnostics)
    Collisions                      = 64446
    Collision candidates           = 139168
    Collision acceptance rate      = 0.4630805932

    Number of DSMC particles        = 9463749
    Number of stuck particles       = 0
    Number of free particles        = 9463749
    Average linear kinetic energy   = 4.102783488e-19
    Average rotational energy       = 4.897768252e-20
    Average vibrational energy      = 3.112029724e-20
    Average electronic energy       = 0
    Total energy                    = 46.40798489

Stage 1.0  ExecutionTime = 4626.83 s  ClockTime = 1186 s  Iteration 6230 (1.28 s)

Time = 0.002496

    Collision global reduction skipped (rank 0 local diagnostics)
    Collisions                      = 64727
    Collision candidates           = 139048
    Collision acceptance rate      = 0.4655011219

    Number of DSMC particles        = 9465056
    Number of stuck particles       = 0
    Number of free particles        = 9465056
    Average linear kinetic energy   = 4.102325798e-19
    Average rotational energy       = 4.895344049e-20
    Average vibrational energy      = 3.112254529e-20
    Average electronic energy       = 0
    Total energy                    = 46.4079803

Stage 1.0  ExecutionTime = 4635.82 s  ClockTime = 1189 s  Iteration 6240 (1.28 s)

Time = 0.0025

    Collision global reduction skipped (rank 0 local diagnostics)
    Collisions                      = 64471
    Collision candidates           = 139106
    Collision acceptance rate      = 0.4634667088

    Number of DSMC particles        = 9466421
    Number of stuck particles       = 0
    Number of free particles        = 9466421
    Average linear kinetic energy   = 4.101379619e-19
    Average rotational energy       = 4.899219167e-20
    Average vibrational energy      = 3.111908717e-20
    Average electronic energy       = 0
    Total energy                    = 46.40905708
Replicated mesh: processor output begin at time 0.0025 (read mesh instance "constant", processor mesh instance 0.0025)
Replicated mesh: constructing processor mesh/addressing

Using externally supplied distribution of cells

Calculating original mesh data

Distributing cells to processors

Distributing faces to processors

Distributing points to processors

Constructing processor meshes

Processor 0
    Number of cells = 4495
    Number of faces shared with processor 1 = 0
    Number of faces shared with processor 2 = 0
    Number of faces shared with processor 3 = 66
    Number of faces shared with processor 4 = 0
    Number of faces shared with processor 5 = 0
    Number of faces shared with processor 6 = 0
    Number of faces shared with processor 7 = 0
    Number of faces shared with processor 8 = 0
    Number of faces shared with processor 9 = 78
    Number of faces shared with processor 10 = 0
    Number of faces shared with processor 11 = 0
    Number of faces shared with processor 12 = 0
    Number of faces shared with processor 13 = 0
    Number of faces shared with processor 14 = 0
    Number of faces shared with processor 15 = 0
    Number of processor patches = 15
    Number of processor faces = 144
    Number of boundary faces = 9132

Number of processor faces = 72
Max number of cells = 4495 (-30.94641434% above average 6509.4375)
Max number of processor patches = 15 (1500% above average 0.9375)
Max number of faces between processors = 144 (1500% above average 9)

Replicated mesh: rank 0 wrote processor0 output mesh/addressing at instance 0.0025
Replicated mesh: rank 0 wrote processor0 mesh/addressing
Replicated mesh: processor mesh/addressing barrier complete
Replicated mesh: rank 0 loaded processor0 mesh from instance 0.0025
Replicated mesh: rank 0 loaded processor addressing with 4495 cells, 18123 faces, 20 patches
Replicated mesh: rank 0 wrote processor0 volume fields at output time 0.0025 (scalar=67, vector=12, sphericalTensor=0, symmTensor=0, tensor=0)
Replicated mesh: rank 0 writing processor0 lagrangian cloud
Replicated mesh: rank 0 wrote processor0 cloud at output time 0.0025 with 627995 parcels
Replicated mesh processor output timing:
    owner-align migrate [s] = 0.09
    processor fields/cloud write [s] = 2.88


Stage 1.0  ExecutionTime = 4650.63 s  ClockTime = 1195 s  Iteration 6250 (7.04 s)

    Maximum imbalance = 8.893466707%

Time = 0.002504

    Collision global reduction skipped (rank 0 local diagnostics)
    Collisions                      = 64731
    Collision candidates           = 139292
    Collision acceptance rate      = 0.4647144129

    Number of DSMC particles        = 9467688
    Number of stuck particles       = 0
    Number of free particles        = 9467688
    Average linear kinetic energy   = 4.101302743e-19
    Average rotational energy       = 4.897772404e-20
    Average vibrational energy      = 3.113269455e-20
    Average electronic energy       = 0
    Total energy                    = 46.41445925

Stage 1.0  ExecutionTime = 4659.63 s  ClockTime = 1197 s  Iteration 6260 (1.29 s)

Time = 0.002508

    Collision global reduction skipped (rank 0 local diagnostics)
    Collisions                      = 65191
    Collision candidates           = 139373
    Collision acceptance rate      = 0.4677448286

    Number of DSMC particles        = 9469259
    Number of stuck particles       = 0
    Number of free particles        = 9469259
    Average linear kinetic energy   = 4.101263977e-19
    Average rotational energy       = 4.895124946e-20
    Average vibrational energy      = 3.114069459e-20
    Average electronic energy       = 0
    Total energy                    = 46.42004444

Stage 1.0  ExecutionTime = 4668.61 s  ClockTime = 1199 s  Iteration 6270 (1.3 s)

Time = 0.002512

    Collision global reduction skipped (rank 0 local diagnostics)
    Collisions                      = 64564
    Collision candidates           = 139498
    Collision acceptance rate      = 0.4628310083

    Number of DSMC particles        = 9470374
    Number of stuck particles       = 0
    Number of free particles        = 9470374
    Average linear kinetic energy   = 4.101052642e-19
    Average rotational energy       = 4.893431805e-20
    Average vibrational energy      = 3.112388241e-20
    Average electronic energy       = 0
    Total energy                    = 46.42031331

Stage 1.0  ExecutionTime = 4677.67 s  ClockTime = 1202 s  Iteration 6280 (1.28 s)

Time = 0.002516

    Collision global reduction skipped (rank 0 local diagnostics)
    Collisions                      = 64517
    Collision candidates           = 139415
    Collision acceptance rate      = 0.4627694294

    Number of DSMC particles        = 9471499
    Number of stuck particles       = 0
    Number of free particles        = 9471499
    Average linear kinetic energy   = 4.100687624e-19
    Average rotational energy       = 4.890393256e-20
    Average vibrational energy      = 3.11365613e-20
    Average electronic energy       = 0
    Total energy                    = 46.42069331

Stage 1.0  ExecutionTime = 4686.73 s  ClockTime = 1204 s  Iteration 6290 (1.35 s)

Time = 0.00252

    Collision global reduction skipped (rank 0 local diagnostics)
    Collisions                      = 64593
    Collision candidates           = 139683
    Collision acceptance rate      = 0.4624256352

    Number of DSMC particles        = 9472573
    Number of stuck particles       = 0
    Number of free particles        = 9472573
    Average linear kinetic energy   = 4.100151973e-19
    Average rotational energy       = 4.895212034e-20
    Average vibrational energy      = 3.114630247e-20
    Average electronic energy       = 0
    Total energy                    = 46.42637045

Stage 1.0  ExecutionTime = 4695.91 s  ClockTime = 1206 s  Iteration 6300 (1.45 s)

Time = 0.002524

    Collision global reduction skipped (rank 0 local diagnostics)
    Collisions                      = 64968
    Collision candidates           = 140021
    Collision acceptance rate      = 0.4639875447

    Number of DSMC particles        = 9474049
    Number of stuck particles       = 0
    Number of free particles        = 9474049
    Average linear kinetic energy   = 4.099843623e-19
    Average rotational energy       = 4.894696407e-20
    Average vibrational energy      = 3.116659516e-20
    Average electronic energy       = 0
    Total energy                    = 46.43211724

Stage 1.0  ExecutionTime = 4704.89 s  ClockTime = 1209 s  Iteration 6310 (1.29 s)

Time = 0.002528

    Collision global reduction skipped (rank 0 local diagnostics)
    Collisions                      = 65632
    Collision candidates           = 140128
    Collision acceptance rate      = 0.4683717744

    Number of DSMC particles        = 9474884
    Number of stuck particles       = 0
    Number of free particles        = 9474884
    Average linear kinetic energy   = 4.099597443e-19
    Average rotational energy       = 4.894341881e-20
    Average vibrational energy      = 3.115897851e-20
    Average electronic energy       = 0
    Total energy                    = 46.43281944

Stage 1.0  ExecutionTime = 4713.88 s  ClockTime = 1211 s  Iteration 6320 (1.29 s)

Time = 0.002532

    Collision global reduction skipped (rank 0 local diagnostics)
    Collisions                      = 64914
    Collision candidates           = 140205
    Collision acceptance rate      = 0.4629934738

    Number of DSMC particles        = 9475708
    Number of stuck particles       = 0
    Number of free particles        = 9475708
    Average linear kinetic energy   = 4.09933752e-19
    Average rotational energy       = 4.89526461e-20
    Average vibrational energy      = 3.117461877e-20
    Average electronic energy       = 0
    Total energy                    = 46.43675098

Stage 1.0  ExecutionTime = 4722.89 s  ClockTime = 1213 s  Iteration 6330 (1.29 s)

Time = 0.002536

    Collision global reduction skipped (rank 0 local diagnostics)
    Collisions                      = 65183
    Collision candidates           = 140122
    Collision acceptance rate      = 0.4651874795

    Number of DSMC particles        = 9476580
    Number of stuck particles       = 0
    Number of free particles        = 9476580
    Average linear kinetic energy   = 4.099150832e-19
    Average rotational energy       = 4.893584382e-20
    Average vibrational energy      = 3.117864636e-20
    Average electronic energy       = 0
    Total energy                    = 46.43804454

Stage 1.0  ExecutionTime = 4731.92 s  ClockTime = 1215 s  Iteration 6340 (1.28 s)

Time = 0.00254

    Collision global reduction skipped (rank 0 local diagnostics)
    Collisions                      = 64858
    Collision candidates           = 140081
    Collision acceptance rate      = 0.4630035479

    Number of DSMC particles        = 9477238
    Number of stuck particles       = 0
    Number of free particles        = 9477238
    Average linear kinetic energy   = 4.099071096e-19
    Average rotational energy       = 4.89541527e-20
    Average vibrational energy      = 3.115858768e-20
    Average electronic energy       = 0
    Total energy                    = 46.44034743

Stage 1.0  ExecutionTime = 4741.05 s  ClockTime = 1218 s  Iteration 6350 (1.43 s)

Time = 0.002544

    Collision global reduction skipped (rank 0 local diagnostics)
    Collisions                      = 65184
    Collision candidates           = 140286
    Collision acceptance rate      = 0.4646507848

    Number of DSMC particles        = 9478731
    Number of stuck particles       = 0
    Number of free particles        = 9478731
    Average linear kinetic energy   = 4.098955144e-19
    Average rotational energy       = 4.894032397e-20
    Average vibrational energy      = 3.115745182e-20
    Average electronic energy       = 0
    Total energy                    = 46.44514589

Stage 1.0  ExecutionTime = 4750.05 s  ClockTime = 1220 s  Iteration 6360 (1.3 s)

Time = 0.002548

    Collision global reduction skipped (rank 0 local diagnostics)
    Collisions                      = 64946
    Collision candidates           = 140326
    Collision acceptance rate      = 0.4628222853

    Number of DSMC particles        = 9480527
    Number of stuck particles       = 0
    Number of free particles        = 9480527
    Average linear kinetic energy   = 4.098907757e-19
    Average rotational energy       = 4.890528955e-20
    Average vibrational energy      = 3.115036413e-20
    Average electronic energy       = 0
    Total energy                    = 46.44950352

Stage 1.0  ExecutionTime = 4759.06 s  ClockTime = 1222 s  Iteration 6370 (1.3 s)

Time = 0.002552

    Collision global reduction skipped (rank 0 local diagnostics)
    Collisions                      = 65427
    Collision candidates           = 140575
    Collision acceptance rate      = 0.4654241508

    Number of DSMC particles        = 9481458
    Number of stuck particles       = 0
    Number of free particles        = 9481458
    Average linear kinetic energy   = 4.098411863e-19
    Average rotational energy       = 4.892418444e-20
    Average vibrational energy      = 3.114871984e-20
    Average electronic energy       = 0
    Total energy                    = 46.45099873

Stage 1.0  ExecutionTime = 4768.11 s  ClockTime = 1224 s  Iteration 6380 (1.31 s)

Time = 0.002556

    Collision global reduction skipped (rank 0 local diagnostics)
    Collisions                      = 65499
    Collision candidates           = 140788
    Collision acceptance rate      = 0.4652314118

    Number of DSMC particles        = 9482286
    Number of stuck particles       = 0
    Number of free particles        = 9482286
    Average linear kinetic energy   = 4.098058291e-19
    Average rotational energy       = 4.893662061e-20
    Average vibrational energy      = 3.114722142e-20
    Average electronic energy       = 0
    Total energy                    = 46.4527397

Stage 1.0  ExecutionTime = 4777.07 s  ClockTime = 1227 s  Iteration 6390 (1.28 s)

Time = 0.00256

    Collision global reduction skipped (rank 0 local diagnostics)
    Collisions                      = 65250
    Collision candidates           = 140728
    Collision acceptance rate      = 0.4636603945

    Number of DSMC particles        = 9482957
    Number of stuck particles       = 0
    Number of free particles        = 9482957
    Average linear kinetic energy   = 4.097708564e-19
    Average rotational energy       = 4.892861115e-20
    Average vibrational energy      = 3.11516933e-20
    Average electronic energy       = 0
    Total energy                    = 46.45237495

Stage 1.0  ExecutionTime = 4786.26 s  ClockTime = 1229 s  Iteration 6400 (1.48 s)

Time = 0.002564

    Collision global reduction skipped (rank 0 local diagnostics)
    Collisions                      = 65265
    Collision candidates           = 140686
    Collision acceptance rate      = 0.4639054348

    Number of DSMC particles        = 9483416
    Number of stuck particles       = 0
    Number of free particles        = 9483416
    Average linear kinetic energy   = 4.097973199e-19
    Average rotational energy       = 4.890450223e-20
    Average vibrational energy      = 3.114863165e-20
    Average electronic energy       = 0
    Total energy                    = 46.45455631

Stage 1.0  ExecutionTime = 4795.32 s  ClockTime = 1231 s  Iteration 6410 (1.28 s)

Time = 0.002568

    Collision global reduction skipped (rank 0 local diagnostics)
    Collisions                      = 65722
    Collision candidates           = 140990
    Collision acceptance rate      = 0.4661465352

    Number of DSMC particles        = 9484658
    Number of stuck particles       = 0
    Number of free particles        = 9484658
    Average linear kinetic energy   = 4.097931161e-19
    Average rotational energy       = 4.889483553e-20
    Average vibrational energy      = 3.114320618e-20
    Average electronic energy       = 0
    Total energy                    = 46.4588101

Stage 1.0  ExecutionTime = 4804.3 s  ClockTime = 1234 s  Iteration 6420 (1.29 s)

Time = 0.002572

    Collision global reduction skipped (rank 0 local diagnostics)
    Collisions                      = 65249
    Collision candidates           = 140737
    Collision acceptance rate      = 0.4636236384

    Number of DSMC particles        = 9485270
    Number of stuck particles       = 0
    Number of free particles        = 9485270
    Average linear kinetic energy   = 4.096989073e-19
    Average rotational energy       = 4.8946584e-20
    Average vibrational energy      = 3.114267815e-20
    Average electronic energy       = 0
    Total energy                    = 46.4577303

Stage 1.0  ExecutionTime = 4813.35 s  ClockTime = 1236 s  Iteration 6430 (1.31 s)

Time = 0.002576

    Collision global reduction skipped (rank 0 local diagnostics)
    Collisions                      = 65564
    Collision candidates           = 140886
    Collision acceptance rate      = 0.4653691637

    Number of DSMC particles        = 9485845
    Number of stuck particles       = 0
    Number of free particles        = 9485845
    Average linear kinetic energy   = 4.096778366e-19
    Average rotational energy       = 4.895128091e-20
    Average vibrational energy      = 3.114101422e-20
    Average electronic energy       = 0
    Total energy                    = 46.45883555

Stage 1.0  ExecutionTime = 4822.38 s  ClockTime = 1238 s  Iteration 6440 (1.32 s)

Time = 0.00258

    Collision global reduction skipped (rank 0 local diagnostics)
    Collisions                      = 65004
    Collision candidates           = 140897
    Collision acceptance rate      = 0.4613582972

    Number of DSMC particles        = 9486832
    Number of stuck particles       = 0
    Number of free particles        = 9486832
    Average linear kinetic energy   = 4.096294721e-19
    Average rotational energy       = 4.894566449e-20
    Average vibrational energy      = 3.115256517e-20
    Average electronic energy       = 0
    Total energy                    = 46.45964432

Stage 1.0  ExecutionTime = 4831.5 s  ClockTime = 1240 s  Iteration 6450 (1.43 s)

Time = 0.002584

    Collision global reduction skipped (rank 0 local diagnostics)
    Collisions                      = 65208
    Collision candidates           = 140912
    Collision acceptance rate      = 0.4627568979

    Number of DSMC particles        = 9487670
    Number of stuck particles       = 0
    Number of free particles        = 9487670
    Average linear kinetic energy   = 4.095621826e-19
    Average rotational energy       = 4.896759727e-20
    Average vibrational energy      = 3.116921437e-20
    Average electronic energy       = 0
    Total energy                    = 46.46102457

Stage 1.0  ExecutionTime = 4840.5 s  ClockTime = 1243 s  Iteration 6460 (1.29 s)

Time = 0.002588

    Collision global reduction skipped (rank 0 local diagnostics)
    Collisions                      = 65524
    Collision candidates           = 141097
    Collision acceptance rate      = 0.4643897461

    Number of DSMC particles        = 9488354
    Number of stuck particles       = 0
    Number of free particles        = 9488354
    Average linear kinetic energy   = 4.095730017e-19
    Average rotational energy       = 4.895914378e-20
    Average vibrational energy      = 3.11706974e-20
    Average electronic energy       = 0
    Total energy                    = 46.46473928

Stage 1.0  ExecutionTime = 4849.54 s  ClockTime = 1245 s  Iteration 6470 (1.31 s)

Time = 0.002592

    Collision global reduction skipped (rank 0 local diagnostics)
    Collisions                      = 65567
    Collision candidates           = 141007
    Collision acceptance rate      = 0.4649910997

    Number of DSMC particles        = 9488732
    Number of stuck particles       = 0
    Number of free particles        = 9488732
    Average linear kinetic energy   = 4.095703506e-19
    Average rotational energy       = 4.896820809e-20
    Average vibrational energy      = 3.115885252e-20
    Average electronic energy       = 0
    Total energy                    = 46.46607496

Stage 1.0  ExecutionTime = 4858.53 s  ClockTime = 1247 s  Iteration 6480 (1.28 s)

Time = 0.002596

    Collision global reduction skipped (rank 0 local diagnostics)
    Collisions                      = 65697
    Collision candidates           = 141336
    Collision acceptance rate      = 0.4648284938

    Number of DSMC particles        = 9489829
    Number of stuck particles       = 0
    Number of free particles        = 9489829
    Average linear kinetic energy   = 4.095747018e-19
    Average rotational energy       = 4.894228269e-20
    Average vibrational energy      = 3.11599057e-20
    Average electronic energy       = 0
    Total energy                    = 46.46949953

Stage 1.0  ExecutionTime = 4867.47 s  ClockTime = 1249 s  Iteration 6490 (1.28 s)

Time = 0.0026

    Collision global reduction skipped (rank 0 local diagnostics)
    Collisions                      = 65705
    Collision candidates           = 141207
    Collision acceptance rate      = 0.4653097934

    Number of DSMC particles        = 9490553
    Number of stuck particles       = 0
    Number of free particles        = 9490553
    Average linear kinetic energy   = 4.09533885e-19
    Average rotational energy       = 4.895526985e-20
    Average vibrational energy      = 3.117484439e-20
    Average electronic energy       = 0
    Total energy                    = 46.47182137

Stage 1.0  ExecutionTime = 4876.62 s  ClockTime = 1252 s  Iteration 6500 (1.44 s)

Time = 0.002604

    Collision global reduction skipped (rank 0 local diagnostics)
    Collisions                      = 65254
    Collision candidates           = 141488
    Collision acceptance rate      = 0.4611981228

    Number of DSMC particles        = 9491894
    Number of stuck particles       = 0
    Number of free particles        = 9491894
    Average linear kinetic energy   = 4.094434133e-19
    Average rotational energy       = 4.899773844e-20
    Average vibrational energy      = 3.117605827e-20
    Average electronic energy       = 0
    Total energy                    = 46.47394658

Stage 1.0  ExecutionTime = 4885.59 s  ClockTime = 1254 s  Iteration 6510 (1.29 s)

Time = 0.002608

    Collision global reduction skipped (rank 0 local diagnostics)
    Collisions                      = 65635
    Collision candidates           = 141166
    Collision acceptance rate      = 0.4649490671

    Number of DSMC particles        = 9492810
    Number of stuck particles       = 0
    Number of free particles        = 9492810
    Average linear kinetic energy   = 4.094318077e-19
    Average rotational energy       = 4.896088378e-20
    Average vibrational energy      = 3.115684888e-20
    Average electronic energy       = 0
    Total energy                    = 46.47200772

Stage 1.0  ExecutionTime = 4894.57 s  ClockTime = 1256 s  Iteration 6520 (1.3 s)

Time = 0.002612

    Collision global reduction skipped (rank 0 local diagnostics)
    Collisions                      = 65177
    Collision candidates           = 141002
    Collision acceptance rate      = 0.4622416703

    Number of DSMC particles        = 9493617
    Number of stuck particles       = 0
    Number of free particles        = 9493617
    Average linear kinetic energy   = 4.094084415e-19
    Average rotational energy       = 4.897931092e-20
    Average vibrational energy      = 3.114839047e-20
    Average electronic energy       = 0
    Total energy                    = 46.47468648

Stage 1.0  ExecutionTime = 4903.66 s  ClockTime = 1259 s  Iteration 6530 (1.31 s)

Time = 0.002616

    Collision global reduction skipped (rank 0 local diagnostics)
    Collisions                      = 65582
    Collision candidates           = 141153
    Collision acceptance rate      = 0.4646164091

    Number of DSMC particles        = 9494510
    Number of stuck particles       = 0
    Number of free particles        = 9494510
    Average linear kinetic energy   = 4.094072985e-19
    Average rotational energy       = 4.894330432e-20
    Average vibrational energy      = 3.115082902e-20
    Average electronic energy       = 0
    Total energy                    = 46.47576239

Stage 1.0  ExecutionTime = 4912.8 s  ClockTime = 1261 s  Iteration 6540 (1.32 s)

Time = 0.00262

    Collision global reduction skipped (rank 0 local diagnostics)
    Collisions                      = 65245
    Collision candidates           = 141033
    Collision acceptance rate      = 0.4626222232


Phase C auto DLB triggered (SAR) at step 6550: sar=0.009121497963 loadImbalance=1.2063348 threshold=1.5 particleMaxMin=1
Phase C ParMETIS weights: particles=9495120 activeCells=104151 maxCellParticles=296
Phase C ParMETIS: alpha=1 ncon=1 ubvec=[1.05] moveRatio=0.84043621 (moveT=513.9442325s, collT=97.57657823s)
Phase C ParMETIS: AdaptiveRepart (104151 cells, 1 constraints, ubvec=1.05)
Replicated mesh: rank 0 owns 6791 / 104151 cells
Local mesh: 6791 owned + 228 halo = 7019 / 104151 cells
Phase C ParMETIS AdaptiveRepart: 22703 / 104151 cells changed (0.2179815844)
Phase C auto DLB complete: rebalance #16

    Number of DSMC particles        = 9495120
    Number of stuck particles       = 0
    Number of free particles        = 9495120
    Average linear kinetic energy   = 4.093693725e-19
    Average rotational energy       = 4.896643695e-20
    Average vibrational energy      = 3.115982765e-20
    Average electronic energy       = 0
    Total energy                    = 46.47819814

Stage 1.0  ExecutionTime = 4922.91 s  ClockTime = 1264 s  Iteration 6550 (2.28 s)

Time = 0.002624

    Collision global reduction skipped (rank 0 local diagnostics)
    Collisions                      = 62059
    Collision candidates           = 124501
    Collision acceptance rate      = 0.4984618597

    Number of DSMC particles        = 9495967
    Number of stuck particles       = 0
    Number of free particles        = 9495967
    Average linear kinetic energy   = 4.093666632e-19
    Average rotational energy       = 4.892471566e-20
    Average vibrational energy      = 3.11619106e-20
    Average electronic energy       = 0
    Total energy                    = 46.47832285

Stage 1.0  ExecutionTime = 4931.68 s  ClockTime = 1266 s  Iteration 6560 (1.26 s)

Time = 0.002628

    Collision global reduction skipped (rank 0 local diagnostics)
    Collisions                      = 62108
    Collision candidates           = 125432
    Collision acceptance rate      = 0.4951527521

    Number of DSMC particles        = 9496458
    Number of stuck particles       = 0
    Number of free particles        = 9496458
    Average linear kinetic energy   = 4.093334621e-19
    Average rotational energy       = 4.893478693e-20
    Average vibrational energy      = 3.118110075e-20
    Average electronic energy       = 0
    Total energy                    = 46.48035194

Stage 1.0  ExecutionTime = 4940.42 s  ClockTime = 1268 s  Iteration 6570 (1.26 s)

Time = 0.002632

    Collision global reduction skipped (rank 0 local diagnostics)
    Collisions                      = 62254
    Collision candidates           = 125807
    Collision acceptance rate      = 0.4948373302

    Number of DSMC particles        = 9498015
    Number of stuck particles       = 0
    Number of free particles        = 9498015
    Average linear kinetic energy   = 4.092923077e-19
    Average rotational energy       = 4.897070996e-20
    Average vibrational energy      = 3.11675013e-20
    Average electronic energy       = 0
    Total energy                    = 46.48618411

Stage 1.0  ExecutionTime = 4949.15 s  ClockTime = 1270 s  Iteration 6580 (1.26 s)

Time = 0.002636

    Collision global reduction skipped (rank 0 local diagnostics)
    Collisions                      = 62157
    Collision candidates           = 126121
    Collision acceptance rate      = 0.4928362446

    Number of DSMC particles        = 9498913
    Number of stuck particles       = 0
    Number of free particles        = 9498913
    Average linear kinetic energy   = 4.092717713e-19
    Average rotational energy       = 4.893874555e-20
    Average vibrational energy      = 3.116370386e-20
    Average electronic energy       = 0
    Total energy                    = 46.48523147

Stage 1.0  ExecutionTime = 4957.88 s  ClockTime = 1272 s  Iteration 6590 (1.25 s)

Time = 0.00264

    Collision global reduction skipped (rank 0 local diagnostics)
    Collisions                      = 62062
    Collision candidates           = 126279
    Collision acceptance rate      = 0.4914673065

    Number of DSMC particles        = 9499637
    Number of stuck particles       = 0
    Number of free particles        = 9499637
    Average linear kinetic energy   = 4.09284653e-19
    Average rotational energy       = 4.894890046e-20
    Average vibrational energy      = 3.115728229e-20
    Average electronic energy       = 0
    Total energy                    = 46.49035291

Stage 1.0  ExecutionTime = 4966.63 s  ClockTime = 1275 s  Iteration 6600 (1.31 s)

Time = 0.002644

    Collision global reduction skipped (rank 0 local diagnostics)
    Collisions                      = 62265
    Collision candidates           = 126706
    Collision acceptance rate      = 0.4914131927

    Number of DSMC particles        = 9500520
    Number of stuck particles       = 0
    Number of free particles        = 9500520
    Average linear kinetic energy   = 4.092785302e-19
    Average rotational energy       = 4.893480019e-20
    Average vibrational energy      = 3.115013594e-20
    Average electronic energy       = 0
    Total energy                    = 46.49207399

Stage 1.0  ExecutionTime = 4975.3 s  ClockTime = 1277 s  Iteration 6610 (1.22 s)

Time = 0.002648

    Collision global reduction skipped (rank 0 local diagnostics)
    Collisions                      = 62364
    Collision candidates           = 127137
    Collision acceptance rate      = 0.4905259681

    Number of DSMC particles        = 9501660
    Number of stuck particles       = 0
    Number of free particles        = 9501660
    Average linear kinetic energy   = 4.093113286e-19
    Average rotational energy       = 4.892107373e-20
    Average vibrational energy      = 3.11479021e-20
    Average electronic energy       = 0
    Total energy                    = 46.49925264

Stage 1.0  ExecutionTime = 4983.98 s  ClockTime = 1279 s  Iteration 6620 (1.22 s)

Time = 0.002652

    Collision global reduction skipped (rank 0 local diagnostics)
    Collisions                      = 62589
    Collision candidates           = 127225
    Collision acceptance rate      = 0.4919551975

    Number of DSMC particles        = 9502569
    Number of stuck particles       = 0
    Number of free particles        = 9502569
    Average linear kinetic energy   = 4.092202605e-19
    Average rotational energy       = 4.894498085e-20
    Average vibrational energy      = 3.114519561e-20
    Average electronic energy       = 0
    Total energy                    = 46.4970619

Stage 1.0  ExecutionTime = 4992.76 s  ClockTime = 1281 s  Iteration 6630 (1.21 s)

Time = 0.002656

    Collision global reduction skipped (rank 0 local diagnostics)
    Collisions                      = 62107
    Collision candidates           = 127240
    Collision acceptance rate      = 0.4881090852

    Number of DSMC particles        = 9503190
    Number of stuck particles       = 0
    Number of free particles        = 9503190
    Average linear kinetic energy   = 4.091797383e-19
    Average rotational energy       = 4.896768092e-20
    Average vibrational energy      = 3.114169456e-20
    Average electronic energy       = 0
    Total energy                    = 46.49807413

Stage 1.0  ExecutionTime = 5001.43 s  ClockTime = 1283 s  Iteration 6640 (1.21 s)

Time = 0.00266

    Collision global reduction skipped (rank 0 local diagnostics)
    Collisions                      = 62274
    Collision candidates           = 127526
    Collision acceptance rate      = 0.4883239496

    Number of DSMC particles        = 9504460
    Number of stuck particles       = 0
    Number of free particles        = 9504460
    Average linear kinetic energy   = 4.091239486e-19
    Average rotational energy       = 4.895917397e-20
    Average vibrational energy      = 3.114449634e-20
    Average electronic energy       = 0
    Total energy                    = 46.49844335

Stage 1.0  ExecutionTime = 5010.22 s  ClockTime = 1286 s  Iteration 6650 (1.31 s)

Time = 0.002664

    Collision global reduction skipped (rank 0 local diagnostics)
    Collisions                      = 62235
    Collision candidates           = 127916
    Collision acceptance rate      = 0.486530223

    Number of DSMC particles        = 9505466
    Number of stuck particles       = 0
    Number of free particles        = 9505466
    Average linear kinetic energy   = 4.091042195e-19
    Average rotational energy       = 4.895855097e-20
    Average vibrational energy      = 3.115234329e-20
    Average electronic energy       = 0
    Total energy                    = 46.5021763

Stage 1.0  ExecutionTime = 5018.91 s  ClockTime = 1288 s  Iteration 6660 (1.22 s)

Time = 0.002668

    Collision global reduction skipped (rank 0 local diagnostics)
    Collisions                      = 61843
    Collision candidates           = 127866
    Collision acceptance rate      = 0.4836547636

    Number of DSMC particles        = 9506299
    Number of stuck particles       = 0
    Number of free particles        = 9506299
    Average linear kinetic energy   = 4.091375243e-19
    Average rotational energy       = 4.894064192e-20
    Average vibrational energy      = 3.115258908e-20
    Average electronic energy       = 0
    Total energy                    = 46.50773839

Stage 1.0  ExecutionTime = 5027.58 s  ClockTime = 1290 s  Iteration 6670 (1.2 s)

Time = 0.002672

    Collision global reduction skipped (rank 0 local diagnostics)
    Collisions                      = 62630
    Collision candidates           = 128280
    Collision acceptance rate      = 0.4882288743

    Number of DSMC particles        = 9507549
    Number of stuck particles       = 0
    Number of free particles        = 9507549
    Average linear kinetic energy   = 4.091145947e-19
    Average rotational energy       = 4.893343174e-20
    Average vibrational energy      = 3.11340126e-20
    Average electronic energy       = 0
    Total energy                    = 46.50922206

Stage 1.0  ExecutionTime = 5036.22 s  ClockTime = 1292 s  Iteration 6680 (1.18 s)

Time = 0.002676

    Collision global reduction skipped (rank 0 local diagnostics)
    Collisions                      = 62483
    Collision candidates           = 128493
    Collision acceptance rate      = 0.486275517

    Number of DSMC particles        = 9508297
    Number of stuck particles       = 0
    Number of free particles        = 9508297
    Average linear kinetic energy   = 4.091116149e-19
    Average rotational energy       = 4.893063477e-20
    Average vibrational energy      = 3.113150951e-20
    Average electronic energy       = 0
    Total energy                    = 46.51209387

Stage 1.0  ExecutionTime = 5044.87 s  ClockTime = 1294 s  Iteration 6690 (1.18 s)

Time = 0.00268

    Collision global reduction skipped (rank 0 local diagnostics)
    Collisions                      = 62499
    Collision candidates           = 128404
    Collision acceptance rate      = 0.4867371733

    Number of DSMC particles        = 9509234
    Number of stuck particles       = 0
    Number of free particles        = 9509234
    Average linear kinetic energy   = 4.090863936e-19
    Average rotational energy       = 4.892155749e-20
    Average vibrational energy      = 3.11192159e-20
    Average electronic energy       = 0
    Total energy                    = 46.51224687

Stage 1.0  ExecutionTime = 5053.62 s  ClockTime = 1296 s  Iteration 6700 (1.3 s)

Time = 0.002684

    Collision global reduction skipped (rank 0 local diagnostics)
    Collisions                      = 62322
    Collision candidates           = 128648
    Collision acceptance rate      = 0.4844381568

    Number of DSMC particles        = 9509913
    Number of stuck particles       = 0
    Number of free particles        = 9509913
    Average linear kinetic energy   = 4.090990328e-19
    Average rotational energy       = 4.888798159e-20
    Average vibrational energy      = 3.111702438e-20
    Average electronic energy       = 0
    Total energy                    = 46.51336857

Stage 1.0  ExecutionTime = 5062.31 s  ClockTime = 1299 s  Iteration 6710 (1.21 s)

Time = 0.002688

    Collision global reduction skipped (rank 0 local diagnostics)
    Collisions                      = 62595
    Collision candidates           = 128857
    Collision acceptance rate      = 0.4857710485

    Number of DSMC particles        = 9510304
    Number of stuck particles       = 0
    Number of free particles        = 9510304
    Average linear kinetic energy   = 4.090692154e-19
    Average rotational energy       = 4.889674316e-20
    Average vibrational energy      = 3.110614089e-20
    Average electronic energy       = 0
    Total energy                    = 46.51224343

Stage 1.0  ExecutionTime = 5070.96 s  ClockTime = 1301 s  Iteration 6720 (1.2 s)

Time = 0.002692

    Collision global reduction skipped (rank 0 local diagnostics)
    Collisions                      = 62384
    Collision candidates           = 129324
    Collision acceptance rate      = 0.4823853268

    Number of DSMC particles        = 9511195
    Number of stuck particles       = 0
    Number of free particles        = 9511195
    Average linear kinetic energy   = 4.090468858e-19
    Average rotational energy       = 4.888865452e-20
    Average vibrational energy      = 3.111057413e-20
    Average electronic energy       = 0
    Total energy                    = 46.51412959

Stage 1.0  ExecutionTime = 5079.61 s  ClockTime = 1303 s  Iteration 6730 (1.19 s)

Time = 0.002696

    Collision global reduction skipped (rank 0 local diagnostics)
    Collisions                      = 62381
    Collision candidates           = 129437
    Collision acceptance rate      = 0.4819410215

    Number of DSMC particles        = 9512225
    Number of stuck particles       = 0
    Number of free particles        = 9512225
    Average linear kinetic energy   = 4.089526313e-19
    Average rotational energy       = 4.892934992e-20
    Average vibrational energy      = 3.111696948e-20
    Average electronic energy       = 0
    Total energy                    = 46.51468044

Stage 1.0  ExecutionTime = 5088.27 s  ClockTime = 1305 s  Iteration 6740 (1.19 s)

Time = 0.0027

    Collision global reduction skipped (rank 0 local diagnostics)
    Collisions                      = 62250
    Collision candidates           = 129623
    Collision acceptance rate      = 0.4802388465

    Number of DSMC particles        = 9512722
    Number of stuck particles       = 0
    Number of free particles        = 9512722
    Average linear kinetic energy   = 4.089054735e-19
    Average rotational energy       = 4.892253734e-20
    Average vibrational energy      = 3.112708307e-20
    Average electronic energy       = 0
    Total energy                    = 46.51293878

Stage 1.0  ExecutionTime = 5097.04 s  ClockTime = 1307 s  Iteration 6750 (1.29 s)

Time = 0.002704

    Collision global reduction skipped (rank 0 local diagnostics)
    Collisions                      = 62540
    Collision candidates           = 129693
    Collision acceptance rate      = 0.482215694

    Number of DSMC particles        = 9513811
    Number of stuck particles       = 0
    Number of free particles        = 9513811
    Average linear kinetic energy   = 4.089355159e-19
    Average rotational energy       = 4.886556521e-20
    Average vibrational energy      = 3.112814357e-20
    Average electronic energy       = 0
    Total energy                    = 46.51580236

Stage 1.0  ExecutionTime = 5105.76 s  ClockTime = 1310 s  Iteration 6760 (1.2 s)

Time = 0.002708

    Collision global reduction skipped (rank 0 local diagnostics)
    Collisions                      = 62602
    Collision candidates           = 129716
    Collision acceptance rate      = 0.4826081594

    Number of DSMC particles        = 9514825
    Number of stuck particles       = 0
    Number of free particles        = 9514825
    Average linear kinetic energy   = 4.089135927e-19
    Average rotational energy       = 4.888273536e-20
    Average vibrational energy      = 3.11347334e-20
    Average electronic energy       = 0
    Total energy                    = 46.52093487

Stage 1.0  ExecutionTime = 5114.49 s  ClockTime = 1312 s  Iteration 6770 (1.17 s)

Time = 0.002712

    Collision global reduction skipped (rank 0 local diagnostics)
    Collisions                      = 62339
    Collision candidates           = 130023
    Collision acceptance rate      = 0.4794459442

    Number of DSMC particles        = 9515873
    Number of stuck particles       = 0
    Number of free particles        = 9515873
    Average linear kinetic energy   = 4.088550629e-19
    Average rotational energy       = 4.89040241e-20
    Average vibrational energy      = 3.114326662e-20
    Average electronic energy       = 0
    Total energy                    = 46.52332707

Stage 1.0  ExecutionTime = 5123.21 s  ClockTime = 1314 s  Iteration 6780 (1.18 s)

Time = 0.002716

    Collision global reduction skipped (rank 0 local diagnostics)
    Collisions                      = 62623
    Collision candidates           = 130282
    Collision acceptance rate      = 0.4806726946

    Number of DSMC particles        = 9516577
    Number of stuck particles       = 0
    Number of free particles        = 9516577
    Average linear kinetic energy   = 4.088152899e-19
    Average rotational energy       = 4.892078282e-20
    Average vibrational energy      = 3.116017978e-20
    Average electronic energy       = 0
    Total energy                    = 46.52618832

Stage 1.0  ExecutionTime = 5131.98 s  ClockTime = 1316 s  Iteration 6790 (1.18 s)

Time = 0.00272

    Collision global reduction skipped (rank 0 local diagnostics)
    Collisions                      = 62603
    Collision candidates           = 130571
    Collision acceptance rate      = 0.4794556218

    Number of DSMC particles        = 9516714
    Number of stuck particles       = 0
    Number of free particles        = 9516714
    Average linear kinetic energy   = 4.087973386e-19
    Average rotational energy       = 4.892425025e-20
    Average vibrational energy      = 3.117756502e-20
    Average electronic energy       = 0
    Total energy                    = 46.52713422

Stage 1.0  ExecutionTime = 5140.85 s  ClockTime = 1318 s  Iteration 6800 (1.28 s)

Time = 0.002724

    Collision global reduction skipped (rank 0 local diagnostics)
    Collisions                      = 63033
    Collision candidates           = 130688
    Collision acceptance rate      = 0.4823166626

    Number of DSMC particles        = 9517385
    Number of stuck particles       = 0
    Number of free particles        = 9517385
    Average linear kinetic energy   = 4.087764543e-19
    Average rotational energy       = 4.889567227e-20
    Average vibrational energy      = 3.117667014e-20
    Average electronic energy       = 0
    Total energy                    = 46.52562205

Stage 1.0  ExecutionTime = 5149.53 s  ClockTime = 1321 s  Iteration 6810 (1.18 s)

Time = 0.002728

    Collision global reduction skipped (rank 0 local diagnostics)
    Collisions                      = 62956
    Collision candidates           = 130650
    Collision acceptance rate      = 0.4818675852

    Number of DSMC particles        = 9518473
    Number of stuck particles       = 0
    Number of free particles        = 9518473
    Average linear kinetic energy   = 4.087478973e-19
    Average rotational energy       = 4.891780338e-20
    Average vibrational energy      = 3.116706077e-20
    Average electronic energy       = 0
    Total energy                    = 46.52941442

Stage 1.0  ExecutionTime = 5158.25 s  ClockTime = 1323 s  Iteration 6820 (1.21 s)

Time = 0.002732

    Collision global reduction skipped (rank 0 local diagnostics)
    Collisions                      = 62497
    Collision candidates           = 130746
    Collision acceptance rate      = 0.4780031511

    Number of DSMC particles        = 9519256
    Number of stuck particles       = 0
    Number of free particles        = 9519256
    Average linear kinetic energy   = 4.08727146e-19
    Average rotational energy       = 4.891769863e-20
    Average vibrational energy      = 3.115977715e-20
    Average electronic energy       = 0
    Total energy                    = 46.53056329

Stage 1.0  ExecutionTime = 5167 s  ClockTime = 1325 s  Iteration 6830 (1.2 s)

Time = 0.002736

    Collision global reduction skipped (rank 0 local diagnostics)
    Collisions                      = 62996
    Collision candidates           = 130696
    Collision acceptance rate      = 0.4820040399

    Number of DSMC particles        = 9520238
    Number of stuck particles       = 0
    Number of free particles        = 9520238
    Average linear kinetic energy   = 4.086975825e-19
    Average rotational energy       = 4.892674579e-20
    Average vibrational energy      = 3.116966996e-20
    Average electronic energy       = 0
    Total energy                    = 46.53435196

Stage 1.0  ExecutionTime = 5175.76 s  ClockTime = 1327 s  Iteration 6840 (1.18 s)

Time = 0.00274

    Collision global reduction skipped (rank 0 local diagnostics)
    Collisions                      = 62728
    Collision candidates           = 130913
    Collision acceptance rate      = 0.479157914

    Number of DSMC particles        = 9520884
    Number of stuck particles       = 0
    Number of free particles        = 9520884
    Average linear kinetic energy   = 4.086510794e-19
    Average rotational energy       = 4.891945225e-20
    Average vibrational energy      = 3.116456934e-20
    Average electronic energy       = 0
    Total energy                    = 46.53190203

Stage 1.0  ExecutionTime = 5184.56 s  ClockTime = 1329 s  Iteration 6850 (1.29 s)

Time = 0.002744

    Collision global reduction skipped (rank 0 local diagnostics)
    Collisions                      = 63157
    Collision candidates           = 131011
    Collision acceptance rate      = 0.4820740243

    Number of DSMC particles        = 9521492
    Number of stuck particles       = 0
    Number of free particles        = 9521492
    Average linear kinetic energy   = 4.085950651e-19
    Average rotational energy       = 4.893010341e-20
    Average vibrational energy      = 3.115880379e-20
    Average electronic energy       = 0
    Total energy                    = 46.53000533

Stage 1.0  ExecutionTime = 5193.24 s  ClockTime = 1332 s  Iteration 6860 (1.18 s)

Time = 0.002748

    Collision global reduction skipped (rank 0 local diagnostics)
    Collisions                      = 63077
    Collision candidates           = 131178
    Collision acceptance rate      = 0.4808504475

    Number of DSMC particles        = 9522787
    Number of stuck particles       = 0
    Number of free particles        = 9522787
    Average linear kinetic energy   = 4.086233646e-19
    Average rotational energy       = 4.888637743e-20
    Average vibrational energy      = 3.114705699e-20
    Average electronic energy       = 0
    Total energy                    = 46.53374613

Stage 1.0  ExecutionTime = 5201.9 s  ClockTime = 1334 s  Iteration 6870 (1.19 s)

Time = 0.002752

    Collision global reduction skipped (rank 0 local diagnostics)
    Collisions                      = 62697
    Collision candidates           = 131275
    Collision acceptance rate      = 0.4776004571

    Number of DSMC particles        = 9523558
    Number of stuck particles       = 0
    Number of free particles        = 9523558
    Average linear kinetic energy   = 4.086159176e-19
    Average rotational energy       = 4.889421172e-20
    Average vibrational energy      = 3.114291368e-20
    Average electronic energy       = 0
    Total energy                    = 46.53715597

Stage 1.0  ExecutionTime = 5210.58 s  ClockTime = 1336 s  Iteration 6880 (1.18 s)

Time = 0.002756

    Collision global reduction skipped (rank 0 local diagnostics)
    Collisions                      = 62945
    Collision candidates           = 131138
    Collision acceptance rate      = 0.4799905443

    Number of DSMC particles        = 9524359
    Number of stuck particles       = 0
    Number of free particles        = 9524359
    Average linear kinetic energy   = 4.086296983e-19
    Average rotational energy       = 4.886161587e-20
    Average vibrational energy      = 3.114556378e-20
    Average electronic energy       = 0
    Total energy                    = 46.53953047

Stage 1.0  ExecutionTime = 5219.35 s  ClockTime = 1338 s  Iteration 6890 (1.17 s)

Time = 0.00276

    Collision global reduction skipped (rank 0 local diagnostics)
    Collisions                      = 62696
    Collision candidates           = 131097
    Collision acceptance rate      = 0.4782413022

    Number of DSMC particles        = 9525545
    Number of stuck particles       = 0
    Number of free particles        = 9525545
    Average linear kinetic energy   = 4.085501627e-19
    Average rotational energy       = 4.888818157e-20
    Average vibrational energy      = 3.113759147e-20
    Average electronic energy       = 0
    Total energy                    = 46.53952062

Stage 1.0  ExecutionTime = 5228.2 s  ClockTime = 1340 s  Iteration 6900 (1.35 s)

Time = 0.002764

    Collision global reduction skipped (rank 0 local diagnostics)
    Collisions                      = 62995
    Collision candidates           = 131268
    Collision acceptance rate      = 0.4798960904

    Number of DSMC particles        = 9526524
    Number of stuck particles       = 0
    Number of free particles        = 9526524
    Average linear kinetic energy   = 4.085462139e-19
    Average rotational energy       = 4.88784791e-20
    Average vibrational energy      = 3.112940268e-20
    Average electronic energy       = 0
    Total energy                    = 46.54222318

Stage 1.0  ExecutionTime = 5236.98 s  ClockTime = 1343 s  Iteration 6910 (1.18 s)

Time = 0.002768

    Collision global reduction skipped (rank 0 local diagnostics)
    Collisions                      = 62813
    Collision candidates           = 131665
    Collision acceptance rate      = 0.4770667983

    Number of DSMC particles        = 9527442
    Number of stuck particles       = 0
    Number of free particles        = 9527442
    Average linear kinetic energy   = 4.084486782e-19
    Average rotational energy       = 4.89030396e-20
    Average vibrational energy      = 3.11431431e-20
    Average electronic energy       = 0
    Total energy                    = 46.54106455

Stage 1.0  ExecutionTime = 5245.73 s  ClockTime = 1345 s  Iteration 6920 (1.23 s)

Time = 0.002772

    Collision global reduction skipped (rank 0 local diagnostics)
    Collisions                      = 62929
    Collision candidates           = 131658
    Collision acceptance rate      = 0.4779732337

    Number of DSMC particles        = 9528091
    Number of stuck particles       = 0
    Number of free particles        = 9528091
    Average linear kinetic energy   = 4.084592204e-19
    Average rotational energy       = 4.891670923e-20
    Average vibrational energy      = 3.113930298e-20
    Average electronic energy       = 0
    Total energy                    = 46.54617591

Stage 1.0  ExecutionTime = 5254.42 s  ClockTime = 1347 s  Iteration 6930 (1.2 s)

Time = 0.002776

    Collision global reduction skipped (rank 0 local diagnostics)
    Collisions                      = 63306
    Collision candidates           = 131861
    Collision acceptance rate      = 0.4800964652

    Number of DSMC particles        = 9528662
    Number of stuck particles       = 0
    Number of free particles        = 9528662
    Average linear kinetic energy   = 4.084712343e-19
    Average rotational energy       = 4.889100446e-20
    Average vibrational energy      = 3.114902606e-20
    Average electronic energy       = 0
    Total energy                    = 46.54858726

Stage 1.0  ExecutionTime = 5263.1 s  ClockTime = 1349 s  Iteration 6940 (1.18 s)

Time = 0.00278

    Collision global reduction skipped (rank 0 local diagnostics)
    Collisions                      = 63084
    Collision candidates           = 131793
    Collision acceptance rate      = 0.4786597164

    Number of DSMC particles        = 9528949
    Number of stuck particles       = 0
    Number of free particles        = 9528949
    Average linear kinetic energy   = 4.084611697e-19
    Average rotational energy       = 4.889499652e-20
    Average vibrational energy      = 3.115290912e-20
    Average electronic energy       = 0
    Total energy                    = 46.54978065

Stage 1.0  ExecutionTime = 5271.9 s  ClockTime = 1351 s  Iteration 6950 (1.28 s)

Time = 0.002784

    Collision global reduction skipped (rank 0 local diagnostics)
    Collisions                      = 63102
    Collision candidates           = 131991
    Collision acceptance rate      = 0.4780780508

    Number of DSMC particles        = 9529676
    Number of stuck particles       = 0
    Number of free particles        = 9529676
    Average linear kinetic energy   = 4.084457708e-19
    Average rotational energy       = 4.889443986e-20
    Average vibrational energy      = 3.114986035e-20
    Average electronic energy       = 0
    Total energy                    = 46.55152106

Stage 1.0  ExecutionTime = 5280.62 s  ClockTime = 1354 s  Iteration 6960 (1.19 s)

Time = 0.002788

    Collision global reduction skipped (rank 0 local diagnostics)
    Collisions                      = 63153
    Collision candidates           = 132153
    Collision acceptance rate      = 0.4778779142

    Number of DSMC particles        = 9530383
    Number of stuck particles       = 0
    Number of free particles        = 9530383
    Average linear kinetic energy   = 4.084134174e-19
    Average rotational energy       = 4.889000332e-20
    Average vibrational energy      = 3.11558618e-20
    Average electronic energy       = 0
    Total energy                    = 46.55204042

Stage 1.0  ExecutionTime = 5289.35 s  ClockTime = 1356 s  Iteration 6970 (1.18 s)

Time = 0.002792

    Collision global reduction skipped (rank 0 local diagnostics)
    Collisions                      = 62852
    Collision candidates           = 132068
    Collision acceptance rate      = 0.4759063513

    Number of DSMC particles        = 9531251
    Number of stuck particles       = 0
    Number of free particles        = 9531251
    Average linear kinetic energy   = 4.084442327e-19
    Average rotational energy       = 4.886579412e-20
    Average vibrational energy      = 3.115075257e-20
    Average electronic energy       = 0
    Total energy                    = 46.55642292

Stage 1.0  ExecutionTime = 5298.06 s  ClockTime = 1358 s  Iteration 6980 (1.18 s)

Time = 0.002796

    Collision global reduction skipped (rank 0 local diagnostics)
    Collisions                      = 63123
    Collision candidates           = 131985
    Collision acceptance rate      = 0.4782588931

    Number of DSMC particles        = 9531706
    Number of stuck particles       = 0
    Number of free particles        = 9531706
    Average linear kinetic energy   = 4.084229517e-19
    Average rotational energy       = 4.887091054e-20
    Average vibrational energy      = 3.115410686e-20
    Average electronic energy       = 0
    Total energy                    = 46.55742438

Stage 1.0  ExecutionTime = 5306.77 s  ClockTime = 1360 s  Iteration 6990 (1.19 s)

Time = 0.0028

    Collision global reduction skipped (rank 0 local diagnostics)
    Collisions                      = 62951
    Collision candidates           = 131973
    Collision acceptance rate      = 0.4769990831

    Number of DSMC particles        = 9532375
    Number of stuck particles       = 0
    Number of free particles        = 9532375
    Average linear kinetic energy   = 4.083693499e-19
    Average rotational energy       = 4.888303461e-20
    Average vibrational energy      = 3.116322708e-20
    Average electronic energy       = 0
    Total energy                    = 46.55760765

Stage 1.0  ExecutionTime = 5315.54 s  ClockTime = 1362 s  Iteration 7000 (1.29 s)

Time = 0.002804

    Collision global reduction skipped (rank 0 local diagnostics)
    Collisions                      = 62744
    Collision candidates           = 132174
    Collision acceptance rate      = 0.4747075824

    Number of DSMC particles        = 9533226
    Number of stuck particles       = 0
    Number of free particles        = 9533226
    Average linear kinetic energy   = 4.083557773e-19
    Average rotational energy       = 4.88849702e-20
    Average vibrational energy      = 3.115739368e-20
    Average electronic energy       = 0
    Total energy                    = 46.56009858

Stage 1.0  ExecutionTime = 5324.22 s  ClockTime = 1364 s  Iteration 7010 (1.18 s)

Time = 0.002808

    Collision global reduction skipped (rank 0 local diagnostics)
    Collisions                      = 63033
    Collision candidates           = 132302
    Collision acceptance rate      = 0.476432707

    Number of DSMC particles        = 9534236
    Number of stuck particles       = 0
    Number of free particles        = 9534236
    Average linear kinetic energy   = 4.083290414e-19
    Average rotational energy       = 4.889195559e-20
    Average vibrational energy      = 3.115802948e-20
    Average electronic energy       = 0
    Total energy                    = 46.56320896

Stage 1.0  ExecutionTime = 5332.92 s  ClockTime = 1367 s  Iteration 7020 (1.2 s)

Time = 0.002812

    Collision global reduction skipped (rank 0 local diagnostics)
    Collisions                      = 63225
    Collision candidates           = 132184
    Collision acceptance rate      = 0.4783105368

    Number of DSMC particles        = 9534905
    Number of stuck particles       = 0
    Number of free particles        = 9534905
    Average linear kinetic energy   = 4.083306842e-19
    Average rotational energy       = 4.887596495e-20
    Average vibrational energy      = 3.115643472e-20
    Average electronic energy       = 0
    Total energy                    = 46.5649561

Stage 1.0  ExecutionTime = 5341.59 s  ClockTime = 1369 s  Iteration 7030 (1.19 s)

Time = 0.002816

    Collision global reduction skipped (rank 0 local diagnostics)
    Collisions                      = 63253
    Collision candidates           = 132499
    Collision acceptance rate      = 0.477384735

    Number of DSMC particles        = 9535726
    Number of stuck particles       = 0
    Number of free particles        = 9535726
    Average linear kinetic energy   = 4.083532453e-19
    Average rotational energy       = 4.886044307e-20
    Average vibrational energy      = 3.115127875e-20
    Average electronic energy       = 0
    Total energy                    = 46.56914514

Stage 1.0  ExecutionTime = 5350.31 s  ClockTime = 1371 s  Iteration 7040 (1.19 s)

Time = 0.00282

    Collision global reduction skipped (rank 0 local diagnostics)
    Collisions                      = 63099
    Collision candidates           = 132489
    Collision acceptance rate      = 0.4762584064

    Number of DSMC particles        = 9536500
    Number of stuck particles       = 0
    Number of free particles        = 9536500
    Average linear kinetic energy   = 4.082626457e-19
    Average rotational energy       = 4.887932489e-20
    Average vibrational energy      = 3.116318409e-20
    Average electronic energy       = 0
    Total energy                    = 46.56722108

Stage 1.0  ExecutionTime = 5359.16 s  ClockTime = 1373 s  Iteration 7050 (1.31 s)

Time = 0.002824

    Collision global reduction skipped (rank 0 local diagnostics)
    Collisions                      = 63139
    Collision candidates           = 132626
    Collision acceptance rate      = 0.476068041

    Number of DSMC particles        = 9537271
    Number of stuck particles       = 0
    Number of free particles        = 9537271
    Average linear kinetic energy   = 4.082068924e-19
    Average rotational energy       = 4.88918021e-20
    Average vibrational energy      = 3.116486044e-20
    Average electronic energy       = 0
    Total energy                    = 46.56701843

Stage 1.0  ExecutionTime = 5367.89 s  ClockTime = 1375 s  Iteration 7060 (1.2 s)

Time = 0.002828

    Collision global reduction skipped (rank 0 local diagnostics)
    Collisions                      = 62962
    Collision candidates           = 132607
    Collision acceptance rate      = 0.4748014811

    Number of DSMC particles        = 9537720
    Number of stuck particles       = 0
    Number of free particles        = 9537720
    Average linear kinetic energy   = 4.081404658e-19
    Average rotational energy       = 4.88692033e-20
    Average vibrational energy      = 3.116260202e-20
    Average electronic energy       = 0
    Total energy                    = 46.56050434

Stage 1.0  ExecutionTime = 5376.66 s  ClockTime = 1378 s  Iteration 7070 (1.21 s)

Time = 0.002832

    Collision global reduction skipped (rank 0 local diagnostics)
    Collisions                      = 63230
    Collision candidates           = 132803
    Collision acceptance rate      = 0.4761187624

    Number of DSMC particles        = 9538467
    Number of stuck particles       = 0
    Number of free particles        = 9538467
    Average linear kinetic energy   = 4.081421661e-19
    Average rotational energy       = 4.891543458e-20
    Average vibrational energy      = 3.115519032e-20
    Average electronic energy       = 0
    Total energy                    = 46.56801596

Stage 1.0  ExecutionTime = 5385.34 s  ClockTime = 1380 s  Iteration 7080 (1.18 s)

Time = 0.002836

    Collision global reduction skipped (rank 0 local diagnostics)
    Collisions                      = 63160
    Collision candidates           = 133067
    Collision acceptance rate      = 0.4746481096

    Number of DSMC particles        = 9538955
    Number of stuck particles       = 0
    Number of free particles        = 9538955
    Average linear kinetic energy   = 4.081651815e-19
    Average rotational energy       = 4.891494858e-20
    Average vibrational energy      = 3.115650845e-20
    Average electronic energy       = 0
    Total energy                    = 46.57267325

Stage 1.0  ExecutionTime = 5394.13 s  ClockTime = 1382 s  Iteration 7090 (1.24 s)

Time = 0.00284

    Collision global reduction skipped (rank 0 local diagnostics)
    Collisions                      = 63262
    Collision candidates           = 132770
    Collision acceptance rate      = 0.4764781201

    Number of DSMC particles        = 9539307
    Number of stuck particles       = 0
    Number of free particles        = 9539307
    Average linear kinetic energy   = 4.081522948e-19
    Average rotational energy       = 4.889087408e-20
    Average vibrational energy      = 3.115178198e-20
    Average electronic energy       = 0
    Total energy                    = 46.57041512

Stage 1.0  ExecutionTime = 5402.96 s  ClockTime = 1384 s  Iteration 7100 (1.31 s)

Time = 0.002844

    Collision global reduction skipped (rank 0 local diagnostics)
    Collisions                      = 62671
    Collision candidates           = 132616
    Collision acceptance rate      = 0.4725749532

    Number of DSMC particles        = 9540515
    Number of stuck particles       = 0
    Number of free particles        = 9540515
    Average linear kinetic energy   = 4.081139261e-19
    Average rotational energy       = 4.888617804e-20
    Average vibrational energy      = 3.115796472e-20
    Average electronic energy       = 0
    Total energy                    = 46.57279379

Stage 1.0  ExecutionTime = 5411.66 s  ClockTime = 1386 s  Iteration 7110 (1.2 s)

Time = 0.002848

    Collision global reduction skipped (rank 0 local diagnostics)
    Collisions                      = 62692
    Collision candidates           = 132773
    Collision acceptance rate      = 0.4721743125

    Number of DSMC particles        = 9541421
    Number of stuck particles       = 0
    Number of free particles        = 9541421
    Average linear kinetic energy   = 4.081045563e-19
    Average rotational energy       = 4.888741489e-20
    Average vibrational energy      = 3.115747782e-20
    Average electronic energy       = 0
    Total energy                    = 46.57639404

Stage 1.0  ExecutionTime = 5420.36 s  ClockTime = 1389 s  Iteration 7120 (1.2 s)

Time = 0.002852

    Collision global reduction skipped (rank 0 local diagnostics)
    Collisions                      = 62978
    Collision candidates           = 132994
    Collision acceptance rate      = 0.4735401597

    Number of DSMC particles        = 9541813
    Number of stuck particles       = 0
    Number of free particles        = 9541813
    Average linear kinetic energy   = 4.081044984e-19
    Average rotational energy       = 4.886382585e-20
    Average vibrational energy      = 3.116406862e-20
    Average electronic energy       = 0
    Total energy                    = 46.57668012

Stage 1.0  ExecutionTime = 5429.07 s  ClockTime = 1391 s  Iteration 7130 (1.22 s)

Time = 0.002856

    Collision global reduction skipped (rank 0 local diagnostics)
    Collisions                      = 63008
    Collision candidates           = 132999
    Collision acceptance rate      = 0.4737479229

    Number of DSMC particles        = 9542773
    Number of stuck particles       = 0
    Number of free particles        = 9542773
    Average linear kinetic energy   = 4.080497312e-19
    Average rotational energy       = 4.888174775e-20
    Average vibrational energy      = 3.117752386e-20
    Average electronic energy       = 0
    Total energy                    = 46.57913413

Stage 1.0  ExecutionTime = 5437.82 s  ClockTime = 1393 s  Iteration 7140 (1.22 s)

Time = 0.00286

    Collision global reduction skipped (rank 0 local diagnostics)
    Collisions                      = 62826
    Collision candidates           = 133123
    Collision acceptance rate      = 0.4719394845

    Number of DSMC particles        = 9543293
    Number of stuck particles       = 0
    Number of free particles        = 9543293
    Average linear kinetic energy   = 4.080789104e-19
    Average rotational energy       = 4.888534287e-20
    Average vibrational energy      = 3.11626133e-20
    Average electronic energy       = 0
    Total energy                    = 46.58337709

Stage 1.0  ExecutionTime = 5446.64 s  ClockTime = 1395 s  Iteration 7150 (1.33 s)

Time = 0.002864

    Collision global reduction skipped (rank 0 local diagnostics)
    Collisions                      = 62927
    Collision candidates           = 133308
    Collision acceptance rate      = 0.472042188

    Number of DSMC particles        = 9543539
    Number of stuck particles       = 0
    Number of free particles        = 9543539
    Average linear kinetic energy   = 4.080376535e-19
    Average rotational energy       = 4.891133035e-20
    Average vibrational energy      = 3.116161763e-20
    Average electronic energy       = 0
    Total energy                    = 46.58302562

Stage 1.0  ExecutionTime = 5455.4 s  ClockTime = 1397 s  Iteration 7160 (1.24 s)

Time = 0.002868

    Collision global reduction skipped (rank 0 local diagnostics)
    Collisions                      = 63453
    Collision candidates           = 133366
    Collision acceptance rate      = 0.4757809337

    Number of DSMC particles        = 9544666
    Number of stuck particles       = 0
    Number of free particles        = 9544666
    Average linear kinetic energy   = 4.080143818e-19
    Average rotational energy       = 4.891586358e-20
    Average vibrational energy      = 3.115741887e-20
    Average electronic energy       = 0
    Total energy                    = 46.58633734

Stage 1.0  ExecutionTime = 5464.16 s  ClockTime = 1400 s  Iteration 7170 (1.22 s)

Time = 0.002872

    Collision global reduction skipped (rank 0 local diagnostics)
    Collisions                      = 62912
    Collision candidates           = 133228
    Collision acceptance rate      = 0.4722130483

    Number of DSMC particles        = 9545759
    Number of stuck particles       = 0
    Number of free particles        = 9545759
    Average linear kinetic energy   = 4.080073006e-19
    Average rotational energy       = 4.889088305e-20
    Average vibrational energy      = 3.1146882e-20
    Average electronic energy       = 0
    Total energy                    = 46.58760578

Stage 1.0  ExecutionTime = 5472.9 s  ClockTime = 1402 s  Iteration 7180 (1.21 s)

Time = 0.002876

    Collision global reduction skipped (rank 0 local diagnostics)
    Collisions                      = 63193
    Collision candidates           = 133504
    Collision acceptance rate      = 0.4733416227

    Number of DSMC particles        = 9546353
    Number of stuck particles       = 0
    Number of free particles        = 9546353
    Average linear kinetic energy   = 4.080194801e-19
    Average rotational energy       = 4.888742097e-20
    Average vibrational energy      = 3.11468406e-20
    Average electronic energy       = 0
    Total energy                    = 46.59133301

Stage 1.0  ExecutionTime = 5481.65 s  ClockTime = 1404 s  Iteration 7190 (1.22 s)

Time = 0.00288

    Collision global reduction skipped (rank 0 local diagnostics)
    Collisions                      = 63209
    Collision candidates           = 133464
    Collision acceptance rate      = 0.4736033687


Phase C auto DLB triggered (SAR) at step 7200: sar=0.02271583039 loadImbalance=1.211701706 threshold=1.5 particleMaxMin=1
Phase C ParMETIS weights: particles=9546537 activeCells=104150 maxCellParticles=291
Phase C ParMETIS: alpha=1 ncon=1 ubvec=[1.05] moveRatio=0.8391909989 (moveT=576.2789987s, collT=110.4287943s)
Phase C ParMETIS: AdaptiveRepart (104151 cells, 1 constraints, ubvec=1.05)
Replicated mesh: rank 0 owns 6791 / 104151 cells
Local mesh: 6791 owned + 228 halo = 7019 / 104151 cells
Phase C ParMETIS AdaptiveRepart: 184 / 104151 cells changed (0.001766665707)
Phase C auto DLB complete: rebalance #17

    Number of DSMC particles        = 9546537
    Number of stuck particles       = 0
    Number of free particles        = 9546537
    Average linear kinetic energy   = 4.079409261e-19
    Average rotational energy       = 4.891487121e-20
    Average vibrational energy      = 3.114898337e-20
    Average electronic energy       = 0
    Total energy                    = 46.58755695

Stage 1.0  ExecutionTime = 5491.09 s  ClockTime = 1406 s  Iteration 7200 (1.91 s)

Time = 0.002884

    Collision global reduction skipped (rank 0 local diagnostics)
    Collisions                      = 62913
    Collision candidates           = 133640
    Collision acceptance rate      = 0.4707647411

    Number of DSMC particles        = 9546999
    Number of stuck particles       = 0
    Number of free particles        = 9546999
    Average linear kinetic energy   = 4.079553318e-19
    Average rotational energy       = 4.889735359e-20
    Average vibrational energy      = 3.113789519e-20
    Average electronic energy       = 0
    Total energy                    = 46.58845585

Stage 1.0  ExecutionTime = 5499.89 s  ClockTime = 1409 s  Iteration 7210 (1.21 s)

Time = 0.002888

    Collision global reduction skipped (rank 0 local diagnostics)
    Collisions                      = 63303
    Collision candidates           = 133859
    Collision acceptance rate      = 0.47290806

    Number of DSMC particles        = 9547704
    Number of stuck particles       = 0
    Number of free particles        = 9547704
    Average linear kinetic energy   = 4.079285244e-19
    Average rotational energy       = 4.890180329e-20
    Average vibrational energy      = 3.114131741e-20
    Average electronic energy       = 0
    Total energy                    = 46.59008828

Stage 1.0  ExecutionTime = 5508.61 s  ClockTime = 1411 s  Iteration 7220 (1.19 s)

Time = 0.002892

    Collision global reduction skipped (rank 0 local diagnostics)
    Collisions                      = 63170
    Collision candidates           = 133736
    Collision acceptance rate      = 0.4723485075

    Number of DSMC particles        = 9547840
    Number of stuck particles       = 0
    Number of free particles        = 9547840
    Average linear kinetic energy   = 4.078966304e-19
    Average rotational energy       = 4.892330466e-20
    Average vibrational energy      = 3.115058087e-20
    Average electronic energy       = 0
    Total energy                    = 46.59064411

Stage 1.0  ExecutionTime = 5517.36 s  ClockTime = 1413 s  Iteration 7230 (1.18 s)

Time = 0.002896

    Collision global reduction skipped (rank 0 local diagnostics)
    Collisions                      = 63149
    Collision candidates           = 133682
    Collision acceptance rate      = 0.4723822205

    Number of DSMC particles        = 9548558
    Number of stuck particles       = 0
    Number of free particles        = 9548558
    Average linear kinetic energy   = 4.079088123e-19
    Average rotational energy       = 4.891234643e-20
    Average vibrational energy      = 3.11428867e-20
    Average electronic energy       = 0
    Total energy                    = 46.5935299

Stage 1.0  ExecutionTime = 5526.1 s  ClockTime = 1415 s  Iteration 7240 (1.18 s)

Time = 0.0029

    Collision global reduction skipped (rank 0 local diagnostics)
    Collisions                      = 63163
    Collision candidates           = 133678
    Collision acceptance rate      = 0.4725010847

    Number of DSMC particles        = 9549324
    Number of stuck particles       = 0
    Number of free particles        = 9549324
    Average linear kinetic energy   = 4.07897707e-19
    Average rotational energy       = 4.887747996e-20
    Average vibrational energy      = 3.114249751e-20
    Average electronic energy       = 0
    Total energy                    = 46.59284054

Stage 1.0  ExecutionTime = 5534.92 s  ClockTime = 1417 s  Iteration 7250 (1.3 s)

Time = 0.002904

    Collision global reduction skipped (rank 0 local diagnostics)
    Collisions                      = 63264
    Collision candidates           = 133343
    Collision acceptance rate      = 0.4744456027

    Number of DSMC particles        = 9550523
    Number of stuck particles       = 0
    Number of free particles        = 9550523
    Average linear kinetic energy   = 4.078746185e-19
    Average rotational energy       = 4.888559285e-20
    Average vibrational energy      = 3.115273072e-20
    Average electronic energy       = 0
    Total energy                    = 46.59823775

Stage 1.0  ExecutionTime = 5543.66 s  ClockTime = 1420 s  Iteration 7260 (1.21 s)

Time = 0.002908

    Collision global reduction skipped (rank 0 local diagnostics)
    Collisions                      = 63187
    Collision candidates           = 133588
    Collision acceptance rate      = 0.4729990718

    Number of DSMC particles        = 9550899
    Number of stuck particles       = 0
    Number of free particles        = 9550899
    Average linear kinetic energy   = 4.078632279e-19
    Average rotational energy       = 4.888359147e-20
    Average vibrational energy      = 3.114957393e-20
    Average electronic energy       = 0
    Total energy                    = 46.59849175

Stage 1.0  ExecutionTime = 5552.38 s  ClockTime = 1422 s  Iteration 7270 (1.21 s)

Time = 0.002912

    Collision global reduction skipped (rank 0 local diagnostics)
    Collisions                      = 62979
    Collision candidates           = 133538
    Collision acceptance rate      = 0.4716185655

    Number of DSMC particles        = 9551228
    Number of stuck particles       = 0
    Number of free particles        = 9551228
    Average linear kinetic energy   = 4.078623349e-19
    Average rotational energy       = 4.887459451e-20
    Average vibrational energy      = 3.115793795e-20
    Average electronic energy       = 0
    Total energy                    = 46.59995118

Stage 1.0  ExecutionTime = 5561.19 s  ClockTime = 1424 s  Iteration 7280 (1.2 s)

Time = 0.002916

    Collision global reduction skipped (rank 0 local diagnostics)
    Collisions                      = 62926
    Collision candidates           = 133641
    Collision acceptance rate      = 0.470858494

    Number of DSMC particles        = 9552070
    Number of stuck particles       = 0
    Number of free particles        = 9552070
    Average linear kinetic energy   = 4.078305199e-19
    Average rotational energy       = 4.891340527e-20
    Average vibrational energy      = 3.116382396e-20
    Average electronic energy       = 0
    Total energy                    = 46.60528973

Stage 1.0  ExecutionTime = 5569.92 s  ClockTime = 1426 s  Iteration 7290 (1.21 s)

Time = 0.00292

    Collision global reduction skipped (rank 0 local diagnostics)
    Collisions                      = 62981
    Collision candidates           = 133720
    Collision acceptance rate      = 0.4709916243

    Number of DSMC particles        = 9552260
    Number of stuck particles       = 0
    Number of free particles        = 9552260
    Average linear kinetic energy   = 4.078113399e-19
    Average rotational energy       = 4.892170191e-20
    Average vibrational energy      = 3.116470488e-20
    Average electronic energy       = 0
    Total energy                    = 46.6052613

Stage 1.0  ExecutionTime = 5578.82 s  ClockTime = 1429 s  Iteration 7300 (1.37 s)

Time = 0.002924

    Collision global reduction skipped (rank 0 local diagnostics)
    Collisions                      = 63290
    Collision candidates           = 134047
    Collision acceptance rate      = 0.4721478287

    Number of DSMC particles        = 9553222
    Number of stuck particles       = 0
    Number of free particles        = 9553222
    Average linear kinetic energy   = 4.078120692e-19
    Average rotational energy       = 4.893247134e-20
    Average vibrational energy      = 3.116883949e-20
    Average electronic energy       = 0
    Total energy                    = 46.61144836

Stage 1.0  ExecutionTime = 5587.62 s  ClockTime = 1431 s  Iteration 7310 (1.21 s)

Time = 0.002928

    Collision global reduction skipped (rank 0 local diagnostics)
    Collisions                      = 62877
    Collision candidates           = 133886
    Collision acceptance rate      = 0.46963088

    Number of DSMC particles        = 9553511
    Number of stuck particles       = 0
    Number of free particles        = 9553511
    Average linear kinetic energy   = 4.077987956e-19
    Average rotational energy       = 4.893605162e-20
    Average vibrational energy      = 3.116362644e-20
    Average electronic energy       = 0
    Total energy                    = 46.61143435

Stage 1.0  ExecutionTime = 5596.46 s  ClockTime = 1433 s  Iteration 7320 (1.21 s)

Time = 0.002932

    Collision global reduction skipped (rank 0 local diagnostics)
    Collisions                      = 63631
    Collision candidates           = 134147
    Collision acceptance rate      = 0.4743378533

    Number of DSMC particles        = 9553891
    Number of stuck particles       = 0
    Number of free particles        = 9553891
    Average linear kinetic energy   = 4.077509891e-19
    Average rotational energy       = 4.894558484e-20
    Average vibrational energy      = 3.116247394e-20
    Average electronic energy       = 0
    Total energy                    = 46.60952167

Stage 1.0  ExecutionTime = 5605.28 s  ClockTime = 1435 s  Iteration 7330 (1.21 s)

Time = 0.002936

    Collision global reduction skipped (rank 0 local diagnostics)
    Collisions                      = 63588
    Collision candidates           = 134295
    Collision acceptance rate      = 0.4734949179

    Number of DSMC particles        = 9554541
    Number of stuck particles       = 0
    Number of free particles        = 9554541
    Average linear kinetic energy   = 4.077393824e-19
    Average rotational energy       = 4.896040029e-20
    Average vibrational energy      = 3.11692156e-20
    Average electronic energy       = 0
    Total energy                    = 46.61364347

Stage 1.0  ExecutionTime = 5614.11 s  ClockTime = 1437 s  Iteration 7340 (1.21 s)

Time = 0.00294

    Collision global reduction skipped (rank 0 local diagnostics)
    Collisions                      = 63595
    Collision candidates           = 134424
    Collision acceptance rate      = 0.4730926025

    Number of DSMC particles        = 9554751
    Number of stuck particles       = 0
    Number of free particles        = 9554751
    Average linear kinetic energy   = 4.077279542e-19
    Average rotational energy       = 4.895667587e-20
    Average vibrational energy      = 3.117987525e-20
    Average electronic energy       = 0
    Total energy                    = 46.6142387

Stage 1.0  ExecutionTime = 5622.95 s  ClockTime = 1440 s  Iteration 7350 (1.32 s)

Time = 0.002944

    Collision global reduction skipped (rank 0 local diagnostics)
    Collisions                      = 63593
    Collision candidates           = 134636
    Collision acceptance rate      = 0.4723328085

    Number of DSMC particles        = 9555145
    Number of stuck particles       = 0
    Number of free particles        = 9555145
    Average linear kinetic energy   = 4.077005657e-19
    Average rotational energy       = 4.892645728e-20
    Average vibrational energy      = 3.118168478e-20
    Average electronic energy       = 0
    Total energy                    = 46.61082935

Stage 1.0  ExecutionTime = 5631.69 s  ClockTime = 1442 s  Iteration 7360 (1.21 s)

Time = 0.002948

    Collision global reduction skipped (rank 0 local diagnostics)
    Collisions                      = 63500
    Collision candidates           = 134567
    Collision acceptance rate      = 0.4718838943

    Number of DSMC particles        = 9556300
    Number of stuck particles       = 0
    Number of free particles        = 9556300
    Average linear kinetic energy   = 4.077307233e-19
    Average rotational energy       = 4.89148677e-20
    Average vibrational energy      = 3.118924332e-20
    Average electronic energy       = 0
    Total energy                    = 46.61896027

Stage 1.0  ExecutionTime = 5640.47 s  ClockTime = 1444 s  Iteration 7370 (1.21 s)

Time = 0.002952

    Collision global reduction skipped (rank 0 local diagnostics)
    Collisions                      = 63365
    Collision candidates           = 134510
    Collision acceptance rate      = 0.4710802171

    Number of DSMC particles        = 9556956
    Number of stuck particles       = 0
    Number of free particles        = 9556956
    Average linear kinetic energy   = 4.076817151e-19
    Average rotational energy       = 4.894469828e-20
    Average vibrational energy      = 3.119371723e-20
    Average electronic energy       = 0
    Total energy                    = 46.62075524

Stage 1.0  ExecutionTime = 5649.21 s  ClockTime = 1446 s  Iteration 7380 (1.21 s)

Time = 0.002956

    Collision global reduction skipped (rank 0 local diagnostics)
    Collisions                      = 63355
    Collision candidates           = 134415
    Collision acceptance rate      = 0.4713387643

    Number of DSMC particles        = 9557085
    Number of stuck particles       = 0
    Number of free particles        = 9557085
    Average linear kinetic energy   = 4.076793689e-19
    Average rotational energy       = 4.89297418e-20
    Average vibrational energy      = 3.120082863e-20
    Average electronic energy       = 0
    Total energy                    = 46.62041054

Stage 1.0  ExecutionTime = 5657.96 s  ClockTime = 1448 s  Iteration 7390 (1.2 s)

Time = 0.00296

    Collision global reduction skipped (rank 0 local diagnostics)
    Collisions                      = 63566
    Collision candidates           = 134543
    Collision acceptance rate      = 0.4724586192

    Number of DSMC particles        = 9557045
    Number of stuck particles       = 0
    Number of free particles        = 9557045
    Average linear kinetic energy   = 4.077157885e-19
    Average rotational energy       = 4.891036742e-20
    Average vibrational energy      = 3.118727417e-20
    Average electronic energy       = 0
    Total energy                    = 46.62054903

Stage 1.0  ExecutionTime = 5666.85 s  ClockTime = 1451 s  Iteration 7400 (1.38 s)

Time = 0.002964

    Collision global reduction skipped (rank 0 local diagnostics)
    Collisions                      = 63730
    Collision candidates           = 134629
    Collision acceptance rate      = 0.4733749786

    Number of DSMC particles        = 9557570
    Number of stuck particles       = 0
    Number of free particles        = 9557570
    Average linear kinetic energy   = 4.076690729e-19
    Average rotational energy       = 4.891872658e-20
    Average vibrational energy      = 3.119710558e-20
    Average electronic energy       = 0
    Total energy                    = 46.62038375

Stage 1.0  ExecutionTime = 5675.66 s  ClockTime = 1453 s  Iteration 7410 (1.21 s)

Time = 0.002968

    Collision global reduction skipped (rank 0 local diagnostics)
    Collisions                      = 63718
    Collision candidates           = 134869
    Collision acceptance rate      = 0.4724436305

    Number of DSMC particles        = 9557946
    Number of stuck particles       = 0
    Number of free particles        = 9557946
    Average linear kinetic energy   = 4.076337507e-19
    Average rotational energy       = 4.89293636e-20
    Average vibrational energy      = 3.119652369e-20
    Average electronic energy       = 0
    Total energy                    = 46.6198028

Stage 1.0  ExecutionTime = 5684.45 s  ClockTime = 1455 s  Iteration 7420 (1.23 s)

Time = 0.002972

    Collision global reduction skipped (rank 0 local diagnostics)
    Collisions                      = 63466
    Collision candidates           = 135003
    Collision acceptance rate      = 0.4701080717

    Number of DSMC particles        = 9558880
    Number of stuck particles       = 0
    Number of free particles        = 9558880
    Average linear kinetic energy   = 4.075896177e-19
    Average rotational energy       = 4.892476003e-20
    Average vibrational energy      = 3.119218308e-20
    Average electronic energy       = 0
    Total energy                    = 46.6192849

Stage 1.0  ExecutionTime = 5693.16 s  ClockTime = 1457 s  Iteration 7430 (1.18 s)

Time = 0.002976

    Collision global reduction skipped (rank 0 local diagnostics)
    Collisions                      = 63533
    Collision candidates           = 135232
    Collision acceptance rate      = 0.469807442

    Number of DSMC particles        = 9559716
    Number of stuck particles       = 0
    Number of free particles        = 9559716
    Average linear kinetic energy   = 4.075529933e-19
    Average rotational energy       = 4.895918279e-20
    Average vibrational energy      = 3.120069732e-20
    Average electronic energy       = 0
    Total energy                    = 46.6239656

Stage 1.0  ExecutionTime = 5701.9 s  ClockTime = 1459 s  Iteration 7440 (1.17 s)

Time = 0.00298

    Collision global reduction skipped (rank 0 local diagnostics)
    Collisions                      = 63412
    Collision candidates           = 135456
    Collision acceptance rate      = 0.4681372549

    Number of DSMC particles        = 9560262
    Number of stuck particles       = 0
    Number of free particles        = 9560262
    Average linear kinetic energy   = 4.075414885e-19
    Average rotational energy       = 4.894568933e-20
    Average vibrational energy      = 3.119623159e-20
    Average electronic energy       = 0
    Total energy                    = 46.62381167

Stage 1.0  ExecutionTime = 5710.73 s  ClockTime = 1462 s  Iteration 7450 (1.28 s)

Time = 0.002984

    Collision global reduction skipped (rank 0 local diagnostics)
    Collisions                      = 63773
    Collision candidates           = 135224
    Collision acceptance rate      = 0.4716100692

    Number of DSMC particles        = 9561083
    Number of stuck particles       = 0
    Number of free particles        = 9561083
    Average linear kinetic energy   = 4.075202054e-19
    Average rotational energy       = 4.894708624e-20
    Average vibrational energy      = 3.119795323e-20
    Average electronic energy       = 0
    Total energy                    = 46.62607883

Stage 1.0  ExecutionTime = 5719.55 s  ClockTime = 1464 s  Iteration 7460 (1.17 s)

Time = 0.002988

    Collision global reduction skipped (rank 0 local diagnostics)
    Collisions                      = 63474
    Collision candidates           = 135195
    Collision acceptance rate      = 0.4694996117

    Number of DSMC particles        = 9561701
    Number of stuck particles       = 0
    Number of free particles        = 9561701
    Average linear kinetic energy   = 4.075211044e-19
    Average rotational energy       = 4.892650889e-20
    Average vibrational energy      = 3.12068556e-20
    Average electronic energy       = 0
    Total energy                    = 46.62806223

Stage 1.0  ExecutionTime = 5728.29 s  ClockTime = 1466 s  Iteration 7470 (1.18 s)

Time = 0.002992

    Collision global reduction skipped (rank 0 local diagnostics)
    Collisions                      = 63898
    Collision candidates           = 135206
    Collision acceptance rate      = 0.4725973699

    Number of DSMC particles        = 9562456
    Number of stuck particles       = 0
    Number of free particles        = 9562456
    Average linear kinetic energy   = 4.07490773e-19
    Average rotational energy       = 4.891624113e-20
    Average vibrational energy      = 3.121524048e-20
    Average electronic energy       = 0
    Total energy                    = 46.62866354

Stage 1.0  ExecutionTime = 5737.03 s  ClockTime = 1468 s  Iteration 7480 (1.18 s)

Time = 0.002996

    Collision global reduction skipped (rank 0 local diagnostics)
    Collisions                      = 63444
    Collision candidates           = 135135
    Collision acceptance rate      = 0.4694860695

    Number of DSMC particles        = 9563286
    Number of stuck particles       = 0
    Number of free particles        = 9563286
    Average linear kinetic energy   = 4.075038168e-19
    Average rotational energy       = 4.890827388e-20
    Average vibrational energy      = 3.120646821e-20
    Average electronic energy       = 0
    Total energy                    = 46.63235738

Stage 1.0  ExecutionTime = 5745.77 s  ClockTime = 1471 s  Iteration 7490 (1.22 s)

Time = 0.003

    Collision global reduction skipped (rank 0 local diagnostics)
    Collisions                      = 63629
    Collision candidates           = 135092
    Collision acceptance rate      = 0.4710049448

    Number of DSMC particles        = 9563838
    Number of stuck particles       = 0
    Number of free particles        = 9563838
    Average linear kinetic energy   = 4.074364498e-19
    Average rotational energy       = 4.893439933e-20
    Average vibrational energy      = 3.121069056e-20
    Average electronic energy       = 0
    Total energy                    = 46.63150858
Replicated mesh: processor output begin at time 0.003 (read mesh instance "constant", processor mesh instance 0.003)
Replicated mesh: constructing processor mesh/addressing

Using externally supplied distribution of cells

Calculating original mesh data

Distributing cells to processors

Distributing faces to processors

Distributing points to processors

Constructing processor meshes

Processor 0
    Number of cells = 6791
    Number of faces shared with processor 1 = 59
    Number of faces shared with processor 2 = 0
    Number of faces shared with processor 3 = 68
    Number of faces shared with processor 4 = 0
    Number of faces shared with processor 5 = 0
    Number of faces shared with processor 6 = 0
    Number of faces shared with processor 7 = 47
    Number of faces shared with processor 8 = 0
    Number of faces shared with processor 9 = 22
    Number of faces shared with processor 10 = 59
    Number of faces shared with processor 11 = 0
    Number of faces shared with processor 12 = 0
    Number of faces shared with processor 13 = 0
    Number of faces shared with processor 14 = 0
    Number of faces shared with processor 15 = 0
    Number of processor patches = 15
    Number of processor faces = 255
    Number of boundary faces = 13699

Number of processor faces = 127
Max number of cells = 6791 (4.325450548% above average 6509.4375)
Max number of processor patches = 15 (1500% above average 0.9375)
Max number of faces between processors = 255 (1500% above average 15.9375)

Replicated mesh: rank 0 wrote processor0 output mesh/addressing at instance 0.003
Replicated mesh: rank 0 wrote processor0 mesh/addressing
Replicated mesh: processor mesh/addressing barrier complete
Replicated mesh: rank 0 loaded processor0 mesh from instance 0.003
Replicated mesh: rank 0 loaded processor addressing with 6791 cells, 27350 faces, 20 patches
Replicated mesh: rank 0 wrote processor0 volume fields at output time 0.003 (scalar=67, vector=12, sphericalTensor=0, symmTensor=0, tensor=0)
Replicated mesh: rank 0 writing processor0 lagrangian cloud
Replicated mesh: rank 0 wrote processor0 cloud at output time 0.003 with 632441 parcels
Replicated mesh processor output timing:
    owner-align migrate [s] = 0.08
    processor fields/cloud write [s] = 2.89


Stage 1.0  ExecutionTime = 5760.3 s  ClockTime = 1477 s  Iteration 7500 (7.01 s)

    Maximum imbalance = 5.96026407%

Time = 0.003004

    Collision global reduction skipped (rank 0 local diagnostics)
    Collisions                      = 63547
    Collision candidates           = 135333
    Collision acceptance rate      = 0.4695602699

    Number of DSMC particles        = 9564492
    Number of stuck particles       = 0
    Number of free particles        = 9564492
    Average linear kinetic energy   = 4.074676158e-19
    Average rotational energy       = 4.892398435e-20
    Average vibrational energy      = 3.119592383e-20
    Average electronic energy       = 0
    Total energy                    = 46.63526972

Stage 1.0  ExecutionTime = 5769.15 s  ClockTime = 1479 s  Iteration 7510 (1.2 s)

Time = 0.003008

    Collision global reduction skipped (rank 0 local diagnostics)
    Collisions                      = 63754
    Collision candidates           = 135431
    Collision acceptance rate      = 0.4707489423

    Number of DSMC particles        = 9565205
    Number of stuck particles       = 0
    Number of free particles        = 9565205
    Average linear kinetic energy   = 4.075002158e-19
    Average rotational energy       = 4.89036477e-20
    Average vibrational energy      = 3.118321575e-20
    Average electronic energy       = 0
    Total energy                    = 46.63870368

Stage 1.0  ExecutionTime = 5777.97 s  ClockTime = 1481 s  Iteration 7520 (1.22 s)

Time = 0.003012

    Collision global reduction skipped (rank 0 local diagnostics)
    Collisions                      = 63969
    Collision candidates           = 135547
    Collision acceptance rate      = 0.4719322449

    Number of DSMC particles        = 9566394
    Number of stuck particles       = 0
    Number of free particles        = 9566394
    Average linear kinetic energy   = 4.074686733e-19
    Average rotational energy       = 4.890443538e-20
    Average vibrational energy      = 3.119768085e-20
    Average electronic energy       = 0
    Total energy                    = 46.64294276

Stage 1.0  ExecutionTime = 5786.74 s  ClockTime = 1483 s  Iteration 7530 (1.2 s)

Time = 0.003016

    Collision global reduction skipped (rank 0 local diagnostics)
    Collisions                      = 63882
    Collision candidates           = 135692
    Collision acceptance rate      = 0.4707867818

    Number of DSMC particles        = 9567191
    Number of stuck particles       = 0
    Number of free particles        = 9567191
    Average linear kinetic energy   = 4.074731813e-19
    Average rotational energy       = 4.889744606e-20
    Average vibrational energy      = 3.119475008e-20
    Average electronic energy       = 0
    Total energy                    = 46.64631091

Stage 1.0  ExecutionTime = 5795.53 s  ClockTime = 1485 s  Iteration 7540 (1.19 s)

Time = 0.00302

    Collision global reduction skipped (rank 0 local diagnostics)
    Collisions                      = 63628
    Collision candidates           = 135627
    Collision acceptance rate      = 0.4691396256

    Number of DSMC particles        = 9567527
    Number of stuck particles       = 0
    Number of free particles        = 9567527
    Average linear kinetic energy   = 4.074795028e-19
    Average rotational energy       = 4.89072598e-20
    Average vibrational energy      = 3.119255227e-20
    Average electronic energy       = 0
    Total energy                    = 46.6492826

Stage 1.0  ExecutionTime = 5804.47 s  ClockTime = 1488 s  Iteration 7550 (1.31 s)

Time = 0.003024

    Collision global reduction skipped (rank 0 local diagnostics)
    Collisions                      = 63658
    Collision candidates           = 135366
    Collision acceptance rate      = 0.4702657979

    Number of DSMC particles        = 9567859
    Number of stuck particles       = 0
    Number of free particles        = 9567859
    Average linear kinetic energy   = 4.075161876e-19
    Average rotational energy       = 4.885808412e-20
    Average vibrational energy      = 3.118854614e-20
    Average electronic energy       = 0
    Total energy                    = 46.64932295

Stage 1.0  ExecutionTime = 5813.37 s  ClockTime = 1490 s  Iteration 7560 (1.2 s)

Time = 0.003028

    Collision global reduction skipped (rank 0 local diagnostics)
    Collisions                      = 63686
    Collision candidates           = 135485
    Collision acceptance rate      = 0.4700594162

    Number of DSMC particles        = 9568571
    Number of stuck particles       = 0
    Number of free particles        = 9568571
    Average linear kinetic energy   = 4.074931743e-19
    Average rotational energy       = 4.886154565e-20
    Average vibrational energy      = 3.117305595e-20
    Average electronic energy       = 0
    Total energy                    = 46.64944138

Stage 1.0  ExecutionTime = 5822.13 s  ClockTime = 1492 s  Iteration 7570 (1.19 s)

Time = 0.003032

    Collision global reduction skipped (rank 0 local diagnostics)
    Collisions                      = 63862
    Collision candidates           = 135466
    Collision acceptance rate      = 0.4714245641

    Number of DSMC particles        = 9568820
    Number of stuck particles       = 0
    Number of free particles        = 9568820
    Average linear kinetic energy   = 4.074812295e-19
    Average rotational energy       = 4.889127325e-20
    Average vibrational energy      = 3.117169892e-20
    Average electronic energy       = 0
    Total energy                    = 46.65222708

Stage 1.0  ExecutionTime = 5830.97 s  ClockTime = 1494 s  Iteration 7580 (1.2 s)

Time = 0.003036

    Collision global reduction skipped (rank 0 local diagnostics)
    Collisions                      = 63650
    Collision candidates           = 135467
    Collision acceptance rate      = 0.4698561273

    Number of DSMC particles        = 9569052
    Number of stuck particles       = 0
    Number of free particles        = 9569052
    Average linear kinetic energy   = 4.073960562e-19
    Average rotational energy       = 4.894202563e-20
    Average vibrational energy      = 3.116543006e-20
    Average electronic energy       = 0
    Total energy                    = 46.64946456

Stage 1.0  ExecutionTime = 5839.75 s  ClockTime = 1497 s  Iteration 7590 (1.23 s)

Time = 0.00304

    Collision global reduction skipped (rank 0 local diagnostics)
    Collisions                      = 63586
    Collision candidates           = 135489
    Collision acceptance rate      = 0.4693074715

    Number of DSMC particles        = 9569083
    Number of stuck particles       = 0
    Number of free particles        = 9569083
    Average linear kinetic energy   = 4.074251028e-19
    Average rotational energy       = 4.893824781e-20
    Average vibrational energy      = 3.116495143e-20
    Average electronic energy       = 0
    Total energy                    = 46.65198788

Stage 1.0  ExecutionTime = 5848.61 s  ClockTime = 1499 s  Iteration 7600 (1.29 s)

Time = 0.003044

    Collision global reduction skipped (rank 0 local diagnostics)
    Collisions                      = 63758
    Collision candidates           = 135567
    Collision acceptance rate      = 0.4703061955

    Number of DSMC particles        = 9569604
    Number of stuck particles       = 0
    Number of free particles        = 9569604
    Average linear kinetic energy   = 4.07430255e-19
    Average rotational energy       = 4.89085355e-20
    Average vibrational energy      = 3.116163255e-20
    Average electronic energy       = 0
    Total energy                    = 46.65185998

Stage 1.0  ExecutionTime = 5857.38 s  ClockTime = 1501 s  Iteration 7610 (1.2 s)

Time = 0.003048

    Collision global reduction skipped (rank 0 local diagnostics)
    Collisions                      = 63461
    Collision candidates           = 135478
    Collision acceptance rate      = 0.4684229174

    Number of DSMC particles        = 9570166
    Number of stuck particles       = 0
    Number of free particles        = 9570166
    Average linear kinetic energy   = 4.073654916e-19
    Average rotational energy       = 4.891925614e-20
    Average vibrational energy      = 3.115185246e-20
    Average electronic energy       = 0
    Total energy                    = 46.64849179

Stage 1.0  ExecutionTime = 5866.27 s  ClockTime = 1503 s  Iteration 7620 (1.19 s)

Time = 0.003052

    Collision global reduction skipped (rank 0 local diagnostics)
    Collisions                      = 63690
    Collision candidates           = 135764
    Collision acceptance rate      = 0.4691228897

    Number of DSMC particles        = 9570278
    Number of stuck particles       = 0
    Number of free particles        = 9570278
    Average linear kinetic energy   = 4.073720013e-19
    Average rotational energy       = 4.893709245e-20
    Average vibrational energy      = 3.116193099e-20
    Average electronic energy       = 0
    Total energy                    = 46.65233224

Stage 1.0  ExecutionTime = 5875.06 s  ClockTime = 1505 s  Iteration 7630 (1.22 s)

Time = 0.003056

    Collision global reduction skipped (rank 0 local diagnostics)
    Collisions                      = 63810
    Collision candidates           = 135775
    Collision acceptance rate      = 0.4699686982

    Number of DSMC particles        = 9571025
    Number of stuck particles       = 0
    Number of free particles        = 9571025
    Average linear kinetic energy   = 4.07370056e-19
    Average rotational energy       = 4.891115576e-20
    Average vibrational energy      = 3.116413215e-20
    Average electronic energy       = 0
    Total energy                    = 46.65351572

Stage 1.0  ExecutionTime = 5883.81 s  ClockTime = 1508 s  Iteration 7640 (1.18 s)

Time = 0.00306

    Collision global reduction skipped (rank 0 local diagnostics)
    Collisions                      = 63879
    Collision candidates           = 135905
    Collision acceptance rate      = 0.470026857

    Number of DSMC particles        = 9571855
    Number of stuck particles       = 0
    Number of free particles        = 9571855
    Average linear kinetic energy   = 4.073492678e-19
    Average rotational energy       = 4.88958792e-20
    Average vibrational energy      = 3.116297363e-20
    Average electronic energy       = 0
    Total energy                    = 46.65399856

Stage 1.0  ExecutionTime = 5892.78 s  ClockTime = 1510 s  Iteration 7650 (1.31 s)

Time = 0.003064

    Collision global reduction skipped (rank 0 local diagnostics)
    Collisions                      = 63854
    Collision candidates           = 136094
    Collision acceptance rate      = 0.4691904125

    Number of DSMC particles        = 9572280
    Number of stuck particles       = 0
    Number of free particles        = 9572280
    Average linear kinetic energy   = 4.073713424e-19
    Average rotational energy       = 4.889133419e-20
    Average vibrational energy      = 3.115552244e-20
    Average electronic energy       = 0
    Total energy                    = 46.65703478

Stage 1.0  ExecutionTime = 5901.6 s  ClockTime = 1512 s  Iteration 7660 (1.19 s)

Time = 0.003068

    Collision global reduction skipped (rank 0 local diagnostics)
    Collisions                      = 64333
    Collision candidates           = 136439
    Collision acceptance rate      = 0.4715147429

    Number of DSMC particles        = 9572903
    Number of stuck particles       = 0
    Number of free particles        = 9572903
    Average linear kinetic energy   = 4.07313036e-19
    Average rotational energy       = 4.892521821e-20
    Average vibrational energy      = 3.116226862e-20
    Average electronic energy       = 0
    Total energy                    = 46.65837927

Stage 1.0  ExecutionTime = 5910.35 s  ClockTime = 1514 s  Iteration 7670 (1.18 s)

Time = 0.003072

    Collision global reduction skipped (rank 0 local diagnostics)
    Collisions                      = 64273
    Collision candidates           = 136515
    Collision acceptance rate      = 0.4708127312

    Number of DSMC particles        = 9573340
    Number of stuck particles       = 0
    Number of free particles        = 9573340
    Average linear kinetic energy   = 4.073177356e-19
    Average rotational energy       = 4.892270536e-20
    Average vibrational energy      = 3.115869213e-20
    Average electronic energy       = 0
    Total energy                    = 46.66037617

Stage 1.0  ExecutionTime = 5919.15 s  ClockTime = 1517 s  Iteration 7680 (1.2 s)

Time = 0.003076

    Collision global reduction skipped (rank 0 local diagnostics)
    Collisions                      = 64170
    Collision candidates           = 136497
    Collision acceptance rate      = 0.4701202224

    Number of DSMC particles        = 9573393
    Number of stuck particles       = 0
    Number of free particles        = 9573393
    Average linear kinetic energy   = 4.073101277e-19
    Average rotational energy       = 4.89086881e-20
    Average vibrational energy      = 3.116668792e-20
    Average electronic energy       = 0
    Total energy                    = 46.65932969

Stage 1.0  ExecutionTime = 5927.91 s  ClockTime = 1519 s  Iteration 7690 (1.18 s)

Time = 0.00308

    Collision global reduction skipped (rank 0 local diagnostics)
    Collisions                      = 64357
    Collision candidates           = 136612
    Collision acceptance rate      = 0.4710933154

    Number of DSMC particles        = 9574320
    Number of stuck particles       = 0
    Number of free particles        = 9574320
    Average linear kinetic energy   = 4.072759162e-19
    Average rotational energy       = 4.891453612e-20
    Average vibrational energy      = 3.116664976e-20
    Average electronic energy       = 0
    Total energy                    = 46.66112849

Stage 1.0  ExecutionTime = 5936.78 s  ClockTime = 1521 s  Iteration 7700 (1.29 s)

Time = 0.003084

    Collision global reduction skipped (rank 0 local diagnostics)
    Collisions                      = 64176
    Collision candidates           = 136724
    Collision acceptance rate      = 0.4693835757

    Number of DSMC particles        = 9574526
    Number of stuck particles       = 0
    Number of free particles        = 9574526
    Average linear kinetic energy   = 4.072940618e-19
    Average rotational energy       = 4.886683249e-20
    Average vibrational energy      = 3.117422138e-20
    Average electronic energy       = 0
    Total energy                    = 46.66002736

Stage 1.0  ExecutionTime = 5945.62 s  ClockTime = 1523 s  Iteration 7710 (1.19 s)

Time = 0.003088

    Collision global reduction skipped (rank 0 local diagnostics)
    Collisions                      = 64246
    Collision candidates           = 136869
    Collision acceptance rate      = 0.4693977453

    Number of DSMC particles        = 9574835
    Number of stuck particles       = 0
    Number of free particles        = 9574835
    Average linear kinetic energy   = 4.072412903e-19
    Average rotational energy       = 4.891938838e-20
    Average vibrational energy      = 3.117534408e-20
    Average electronic energy       = 0
    Total energy                    = 46.66162007

Stage 1.0  ExecutionTime = 5954.45 s  ClockTime = 1525 s  Iteration 7720 (1.22 s)

Time = 0.003092

    Collision global reduction skipped (rank 0 local diagnostics)
    Collisions                      = 64255
    Collision candidates           = 136929
    Collision acceptance rate      = 0.4692577905

    Number of DSMC particles        = 9574839
    Number of stuck particles       = 0
    Number of free particles        = 9574839
    Average linear kinetic energy   = 4.072240475e-19
    Average rotational energy       = 4.891743912e-20
    Average vibrational energy      = 3.117055935e-20
    Average electronic energy       = 0
    Total energy                    = 46.65934383

Stage 1.0  ExecutionTime = 5963.23 s  ClockTime = 1528 s  Iteration 7730 (1.21 s)

Time = 0.003096

    Collision global reduction skipped (rank 0 local diagnostics)
    Collisions                      = 64370
    Collision candidates           = 136967
    Collision acceptance rate      = 0.4699672184

    Number of DSMC particles        = 9575493
    Number of stuck particles       = 0
    Number of free particles        = 9575493
    Average linear kinetic energy   = 4.072557639e-19
    Average rotational energy       = 4.889864021e-20
    Average vibrational energy      = 3.114960283e-20
    Average electronic energy       = 0
    Total energy                    = 46.66176107

Stage 1.0  ExecutionTime = 5972.07 s  ClockTime = 1530 s  Iteration 7740 (1.21 s)

Time = 0.0031

    Collision global reduction skipped (rank 0 local diagnostics)
    Collisions                      = 63949
    Collision candidates           = 136864
    Collision acceptance rate      = 0.4672448562

    Number of DSMC particles        = 9575780
    Number of stuck particles       = 0
    Number of free particles        = 9575780
    Average linear kinetic energy   = 4.072352804e-19
    Average rotational energy       = 4.894173456e-20
    Average vibrational energy      = 3.113994414e-20
    Average electronic energy       = 0
    Total energy                    = 46.6643999

Stage 1.0  ExecutionTime = 5980.93 s  ClockTime = 1532 s  Iteration 7750 (1.32 s)

Time = 0.003104

    Collision global reduction skipped (rank 0 local diagnostics)
    Collisions                      = 64380
    Collision candidates           = 136955
    Collision acceptance rate      = 0.4700814136

    Number of DSMC particles        = 9575947
    Number of stuck particles       = 0
    Number of free particles        = 9575947
    Average linear kinetic energy   = 4.072230191e-19
    Average rotational energy       = 4.897217772e-20
    Average vibrational energy      = 3.11447237e-20
    Average electronic energy       = 0
    Total energy                    = 46.66741249

Stage 1.0  ExecutionTime = 5989.69 s  ClockTime = 1534 s  Iteration 7760 (1.2 s)

Time = 0.003108

    Collision global reduction skipped (rank 0 local diagnostics)
    Collisions                      = 64218
    Collision candidates           = 136987
    Collision acceptance rate      = 0.4687890092

    Number of DSMC particles        = 9576238
    Number of stuck particles       = 0
    Number of free particles        = 9576238
    Average linear kinetic energy   = 4.07251113e-19
    Average rotational energy       = 4.895263006e-20
    Average vibrational energy      = 3.113640323e-20
    Average electronic energy       = 0
    Total energy                    = 46.66885228

Stage 1.0  ExecutionTime = 5998.55 s  ClockTime = 1537 s  Iteration 7770 (1.21 s)

Time = 0.003112

    Collision global reduction skipped (rank 0 local diagnostics)
    Collisions                      = 64086
    Collision candidates           = 137149
    Collision acceptance rate      = 0.4672728201

    Number of DSMC particles        = 9576722
    Number of stuck particles       = 0
    Number of free particles        = 9576722
    Average linear kinetic energy   = 4.072799164e-19
    Average rotational energy       = 4.893919862e-20
    Average vibrational energy      = 3.112758553e-20
    Average electronic energy       = 0
    Total energy                    = 46.67183868

Stage 1.0  ExecutionTime = 6007.37 s  ClockTime = 1539 s  Iteration 7780 (1.26 s)

Time = 0.003116

    Collision global reduction skipped (rank 0 local diagnostics)
    Collisions                      = 64076
    Collision candidates           = 136977
    Collision acceptance rate      = 0.4677865627

    Number of DSMC particles        = 9577392
    Number of stuck particles       = 0
    Number of free particles        = 9577392
    Average linear kinetic energy   = 4.072427699e-19
    Average rotational energy       = 4.894938825e-20
    Average vibrational energy      = 3.113087218e-20
    Average electronic energy       = 0
    Total energy                    = 46.67283692

Stage 1.0  ExecutionTime = 6016.15 s  ClockTime = 1541 s  Iteration 7790 (1.21 s)

Time = 0.00312

    Collision global reduction skipped (rank 0 local diagnostics)
    Collisions                      = 64131
    Collision candidates           = 137163
    Collision acceptance rate      = 0.4675532031


Phase C auto DLB triggered (SAR) at step 7800: sar=0.02136310844 loadImbalance=1.21745314 threshold=1.5 particleMaxMin=1
Phase C ParMETIS weights: particles=9578323 activeCells=104151 maxCellParticles=295
Phase C ParMETIS: alpha=1 ncon=1 ubvec=[1.05] moveRatio=0.8379155969 (moveT=635.3416113s, collT=122.8989724s)
Phase C ParMETIS: AdaptiveRepart (104151 cells, 1 constraints, ubvec=1.05)
Replicated mesh: rank 0 owns 6791 / 104151 cells
Local mesh: 6791 owned + 228 halo = 7019 / 104151 cells
Phase C ParMETIS AdaptiveRepart: 97 / 104151 cells changed (0.0009313400735)
Phase C auto DLB complete: rebalance #18

    Number of DSMC particles        = 9578323
    Number of stuck particles       = 0
    Number of free particles        = 9578323
    Average linear kinetic energy   = 4.072388244e-19
    Average rotational energy       = 4.893236962e-20
    Average vibrational energy      = 3.113737915e-20
    Average electronic energy       = 0
    Total energy                    = 46.67598915

Stage 1.0  ExecutionTime = 6025.62 s  ClockTime = 1543 s  Iteration 7800 (1.92 s)

Time = 0.003124

    Collision global reduction skipped (rank 0 local diagnostics)
    Collisions                      = 64078
    Collision candidates           = 137198
    Collision acceptance rate      = 0.4670476246

    Number of DSMC particles        = 9579043
    Number of stuck particles       = 0
    Number of free particles        = 9579043
    Average linear kinetic energy   = 4.0719446e-19
    Average rotational energy       = 4.892454832e-20
    Average vibrational energy      = 3.114002162e-20
    Average electronic energy       = 0
    Total energy                    = 46.674752

Stage 1.0  ExecutionTime = 6034.48 s  ClockTime = 1546 s  Iteration 7810 (1.19 s)

Time = 0.003128

    Collision global reduction skipped (rank 0 local diagnostics)
    Collisions                      = 63986
    Collision candidates           = 137345
    Collision acceptance rate      = 0.4658778987

    Number of DSMC particles        = 9579540
    Number of stuck particles       = 0
    Number of free particles        = 9579540
    Average linear kinetic energy   = 4.071871621e-19
    Average rotational energy       = 4.89346294e-20
    Average vibrational energy      = 3.114080719e-20
    Average electronic energy       = 0
    Total energy                    = 46.67751555

Stage 1.0  ExecutionTime = 6043.26 s  ClockTime = 1548 s  Iteration 7820 (1.19 s)

Time = 0.003132

    Collision global reduction skipped (rank 0 local diagnostics)
    Collisions                      = 64169
    Collision candidates           = 137274
    Collision acceptance rate      = 0.4674519574

    Number of DSMC particles        = 9579645
    Number of stuck particles       = 0
    Number of free particles        = 9579645
    Average linear kinetic energy   = 4.072032359e-19
    Average rotational energy       = 4.892560559e-20
    Average vibrational energy      = 3.114568056e-20
    Average electronic energy       = 0
    Total energy                    = 46.67916939

Stage 1.0  ExecutionTime = 6052.07 s  ClockTime = 1550 s  Iteration 7830 (1.21 s)

Time = 0.003136

    Collision global reduction skipped (rank 0 local diagnostics)
    Collisions                      = 64367
    Collision candidates           = 137445
    Collision acceptance rate      = 0.4683109607

    Number of DSMC particles        = 9580434
    Number of stuck particles       = 0
    Number of free particles        = 9580434
    Average linear kinetic energy   = 4.071621466e-19
    Average rotational energy       = 4.894364968e-20
    Average vibrational energy      = 3.113463965e-20
    Average electronic energy       = 0
    Total energy                    = 46.67974838

Stage 1.0  ExecutionTime = 6060.93 s  ClockTime = 1552 s  Iteration 7840 (1.21 s)

Time = 0.00314

    Collision global reduction skipped (rank 0 local diagnostics)
    Collisions                      = 64710
    Collision candidates           = 137389
    Collision acceptance rate      = 0.470998406

    Number of DSMC particles        = 9580585
    Number of stuck particles       = 0
    Number of free particles        = 9580585
    Average linear kinetic energy   = 4.071375538e-19
    Average rotational energy       = 4.89576028e-20
    Average vibrational energy      = 3.115203354e-20
    Average electronic energy       = 0
    Total energy                    = 46.68113121

Stage 1.0  ExecutionTime = 6069.92 s  ClockTime = 1554 s  Iteration 7850 (1.33 s)

Time = 0.003144

    Collision global reduction skipped (rank 0 local diagnostics)
    Collisions                      = 64128
    Collision candidates           = 137232
    Collision acceptance rate      = 0.4672962574

    Number of DSMC particles        = 9580811
    Number of stuck particles       = 0
    Number of free particles        = 9580811
    Average linear kinetic energy   = 4.071173281e-19
    Average rotational energy       = 4.894832535e-20
    Average vibrational energy      = 3.114794283e-20
    Average electronic energy       = 0
    Total energy                    = 46.67901383

Stage 1.0  ExecutionTime = 6078.78 s  ClockTime = 1557 s  Iteration 7860 (1.23 s)

Time = 0.003148

    Collision global reduction skipped (rank 0 local diagnostics)
    Collisions                      = 64114
    Collision candidates           = 137585
    Collision acceptance rate      = 0.4659955664

    Number of DSMC particles        = 9581307
    Number of stuck particles       = 0
    Number of free particles        = 9581307
    Average linear kinetic energy   = 4.071168409e-19
    Average rotational energy       = 4.890527881e-20
    Average vibrational energy      = 3.115417763e-20
    Average electronic energy       = 0
    Total energy                    = 46.67785668

Stage 1.0  ExecutionTime = 6087.68 s  ClockTime = 1559 s  Iteration 7870 (1.19 s)

Time = 0.003152

    Collision global reduction skipped (rank 0 local diagnostics)
    Collisions                      = 63937
    Collision candidates           = 137176
    Collision acceptance rate      = 0.4660946521

    Number of DSMC particles        = 9582144
    Number of stuck particles       = 0
    Number of free particles        = 9582144
    Average linear kinetic energy   = 4.070838756e-19
    Average rotational energy       = 4.890525003e-20
    Average vibrational energy      = 3.116282827e-20
    Average electronic energy       = 0
    Total energy                    = 46.67960173

Stage 1.0  ExecutionTime = 6096.51 s  ClockTime = 1561 s  Iteration 7880 (1.23 s)

Time = 0.003156

    Collision global reduction skipped (rank 0 local diagnostics)
    Collisions                      = 64393
    Collision candidates           = 137011
    Collision acceptance rate      = 0.4699841619

    Number of DSMC particles        = 9582838
    Number of stuck particles       = 0
    Number of free particles        = 9582838
    Average linear kinetic energy   = 4.070630039e-19
    Average rotational energy       = 4.889983306e-20
    Average vibrational energy      = 3.115769713e-20
    Average electronic energy       = 0
    Total energy                    = 46.67997165

Stage 1.0  ExecutionTime = 6105.3 s  ClockTime = 1563 s  Iteration 7890 (1.21 s)

Time = 0.00316

    Collision global reduction skipped (rank 0 local diagnostics)
    Collisions                      = 64376
    Collision candidates           = 137153
    Collision acceptance rate      = 0.4693736192

    Number of DSMC particles        = 9583214
    Number of stuck particles       = 0
    Number of free particles        = 9583214
    Average linear kinetic energy   = 4.070629849e-19
    Average rotational energy       = 4.889334683e-20
    Average vibrational energy      = 3.115520753e-20
    Average electronic energy       = 0
    Total energy                    = 46.68094122

Stage 1.0  ExecutionTime = 6114.29 s  ClockTime = 1566 s  Iteration 7900 (1.32 s)

Time = 0.003164

    Collision global reduction skipped (rank 0 local diagnostics)
    Collisions                      = 64512
    Collision candidates           = 137058
    Collision acceptance rate      = 0.4706912402

    Number of DSMC particles        = 9583468
    Number of stuck particles       = 0
    Number of free particles        = 9583468
    Average linear kinetic energy   = 4.070227278e-19
    Average rotational energy       = 4.889114257e-20
    Average vibrational energy      = 3.116998474e-20
    Average electronic energy       = 0
    Total energy                    = 46.67952538

Stage 1.0  ExecutionTime = 6123.12 s  ClockTime = 1568 s  Iteration 7910 (1.24 s)

Time = 0.003168

    Collision global reduction skipped (rank 0 local diagnostics)
    Collisions                      = 64299
    Collision candidates           = 136856
    Collision acceptance rate      = 0.4698296019

    Number of DSMC particles        = 9583397
    Number of stuck particles       = 0
    Number of free particles        = 9583397
    Average linear kinetic energy   = 4.070510761e-19
    Average rotational energy       = 4.884605592e-20
    Average vibrational energy      = 3.117559001e-20
    Average electronic energy       = 0
    Total energy                    = 46.67811263

Stage 1.0  ExecutionTime = 6131.9 s  ClockTime = 1570 s  Iteration 7920 (1.2 s)

Time = 0.003172

    Collision global reduction skipped (rank 0 local diagnostics)
    Collisions                      = 64442
    Collision candidates           = 136865
    Collision acceptance rate      = 0.4708435319

    Number of DSMC particles        = 9583379
    Number of stuck particles       = 0
    Number of free particles        = 9583379
    Average linear kinetic energy   = 4.070314611e-19
    Average rotational energy       = 4.887443978e-20
    Average vibrational energy      = 3.117188523e-20
    Average electronic energy       = 0
    Total energy                    = 46.67851027

Stage 1.0  ExecutionTime = 6140.68 s  ClockTime = 1572 s  Iteration 7930 (1.2 s)

Time = 0.003176

    Collision global reduction skipped (rank 0 local diagnostics)
    Collisions                      = 63884
    Collision candidates           = 137017
    Collision acceptance rate      = 0.4662487137

    Number of DSMC particles        = 9583860
    Number of stuck particles       = 0
    Number of free particles        = 9583860
    Average linear kinetic energy   = 4.069717976e-19
    Average rotational energy       = 4.892727496e-20
    Average vibrational energy      = 3.116716958e-20
    Average electronic energy       = 0
    Total energy                    = 46.67974676

Stage 1.0  ExecutionTime = 6149.44 s  ClockTime = 1574 s  Iteration 7940 (1.19 s)

Time = 0.00318

    Collision global reduction skipped (rank 0 local diagnostics)
    Collisions                      = 64201
    Collision candidates           = 136793
    Collision acceptance rate      = 0.469329571

    Number of DSMC particles        = 9584304
    Number of stuck particles       = 0
    Number of free particles        = 9584304
    Average linear kinetic energy   = 4.069729844e-19
    Average rotational energy       = 4.890624517e-20
    Average vibrational energy      = 3.116932936e-20
    Average electronic energy       = 0
    Total energy                    = 46.68021452

Stage 1.0  ExecutionTime = 6158.31 s  ClockTime = 1577 s  Iteration 7950 (1.28 s)

Time = 0.003184

    Collision global reduction skipped (rank 0 local diagnostics)
    Collisions                      = 63847
    Collision candidates           = 136895
    Collision acceptance rate      = 0.4663939516

    Number of DSMC particles        = 9584737
    Number of stuck particles       = 0
    Number of free particles        = 9584737
    Average linear kinetic energy   = 4.069807927e-19
    Average rotational energy       = 4.88932846e-20
    Average vibrational energy      = 3.11701653e-20
    Average electronic energy       = 0
    Total energy                    = 46.68190973

Stage 1.0  ExecutionTime = 6167.1 s  ClockTime = 1579 s  Iteration 7960 (1.22 s)

Time = 0.003188

    Collision global reduction skipped (rank 0 local diagnostics)
    Collisions                      = 63812
    Collision candidates           = 136747
    Collision acceptance rate      = 0.4666427783

    Number of DSMC particles        = 9585199
    Number of stuck particles       = 0
    Number of free particles        = 9585199
    Average linear kinetic energy   = 4.069284354e-19
    Average rotational energy       = 4.891255421e-20
    Average vibrational energy      = 3.11631023e-20
    Average electronic energy       = 0
    Total energy                    = 46.68031135

Stage 1.0  ExecutionTime = 6175.89 s  ClockTime = 1581 s  Iteration 7970 (1.19 s)

Time = 0.003192

    Collision global reduction skipped (rank 0 local diagnostics)
    Collisions                      = 64016
    Collision candidates           = 136817
    Collision acceptance rate      = 0.4678950715

    Number of DSMC particles        = 9585740
    Number of stuck particles       = 0
    Number of free particles        = 9585740
    Average linear kinetic energy   = 4.069231091e-19
    Average rotational energy       = 4.891367801e-20
    Average vibrational energy      = 3.116366596e-20
    Average electronic energy       = 0
    Total energy                    = 46.68259723

Stage 1.0  ExecutionTime = 6184.66 s  ClockTime = 1583 s  Iteration 7980 (1.22 s)

Time = 0.003196

    Collision global reduction skipped (rank 0 local diagnostics)
    Collisions                      = 64161
    Collision candidates           = 136627
    Collision acceptance rate      = 0.4696070323

    Number of DSMC particles        = 9585947
    Number of stuck particles       = 0
    Number of free particles        = 9585947
    Average linear kinetic energy   = 4.069308545e-19
    Average rotational energy       = 4.891217433e-20
    Average vibrational energy      = 3.116126113e-20
    Average electronic energy       = 0
    Total energy                    = 46.68397312

Stage 1.0  ExecutionTime = 6193.39 s  ClockTime = 1586 s  Iteration 7990 (1.22 s)

Time = 0.0032

    Collision global reduction skipped (rank 0 local diagnostics)
    Collisions                      = 64378
    Collision candidates           = 136787
    Collision acceptance rate      = 0.4706441402

    Number of DSMC particles        = 9586468
    Number of stuck particles       = 0
    Number of free particles        = 9586468
    Average linear kinetic energy   = 4.068877107e-19
    Average rotational energy       = 4.89200486e-20
    Average vibrational energy      = 3.117176169e-20
    Average electronic energy       = 0
    Total energy                    = 46.68413594

Stage 1.0  ExecutionTime = 6202.23 s  ClockTime = 1588 s  Iteration 8000 (1.34 s)

Time = 0.003204

    Collision global reduction skipped (rank 0 local diagnostics)
    Collisions                      = 63797
    Collision candidates           = 136778
    Collision acceptance rate      = 0.4664273494

    Number of DSMC particles        = 9586539
    Number of stuck particles       = 0
    Number of free particles        = 9586539
    Average linear kinetic energy   = 4.068923516e-19
    Average rotational energy       = 4.893580495e-20
    Average vibrational energy      = 3.116076343e-20
    Average electronic energy       = 0
    Total energy                    = 46.68538274

Stage 1.0  ExecutionTime = 6210.95 s  ClockTime = 1590 s  Iteration 8010 (1.22 s)

Time = 0.003208

    Collision global reduction skipped (rank 0 local diagnostics)
    Collisions                      = 63952
    Collision candidates           = 137065
    Collision acceptance rate      = 0.4665815489

    Number of DSMC particles        = 9586544
    Number of stuck particles       = 0
    Number of free particles        = 9586544
    Average linear kinetic energy   = 4.068508758e-19
    Average rotational energy       = 4.895025723e-20
    Average vibrational energy      = 3.118156186e-20
    Average electronic energy       = 0
    Total energy                    = 46.68481032

Stage 1.0  ExecutionTime = 6219.71 s  ClockTime = 1592 s  Iteration 8020 (1.21 s)

Time = 0.003212

    Collision global reduction skipped (rank 0 local diagnostics)
    Collisions                      = 64116
    Collision candidates           = 136935
    Collision acceptance rate      = 0.4682221492

    Number of DSMC particles        = 9586500
    Number of stuck particles       = 0
    Number of free particles        = 9586500
    Average linear kinetic energy   = 4.068709075e-19
    Average rotational energy       = 4.891668852e-20
    Average vibrational energy      = 3.116922075e-20
    Average electronic energy       = 0
    Total energy                    = 46.68211524

Stage 1.0  ExecutionTime = 6228.47 s  ClockTime = 1594 s  Iteration 8030 (1.22 s)

Time = 0.003216

    Collision global reduction skipped (rank 0 local diagnostics)
    Collisions                      = 63971
    Collision candidates           = 136910
    Collision acceptance rate      = 0.4672485574

    Number of DSMC particles        = 9587430
    Number of stuck particles       = 0
    Number of free particles        = 9587430
    Average linear kinetic energy   = 4.068723965e-19
    Average rotational energy       = 4.889509598e-20
    Average vibrational energy      = 3.116332118e-20
    Average electronic energy       = 0
    Total energy                    = 46.68415091

Stage 1.0  ExecutionTime = 6237.25 s  ClockTime = 1597 s  Iteration 8040 (1.21 s)

Time = 0.00322

    Collision global reduction skipped (rank 0 local diagnostics)
    Collisions                      = 63658
    Collision candidates           = 136913
    Collision acceptance rate      = 0.4649521959

    Number of DSMC particles        = 9587790
    Number of stuck particles       = 0
    Number of free particles        = 9587790
    Average linear kinetic energy   = 4.068713967e-19
    Average rotational energy       = 4.889877876e-20
    Average vibrational energy      = 3.116535042e-20
    Average electronic energy       = 0
    Total energy                    = 46.68635565

Stage 1.0  ExecutionTime = 6246.14 s  ClockTime = 1599 s  Iteration 8050 (1.33 s)

Time = 0.003224

    Collision global reduction skipped (rank 0 local diagnostics)
    Collisions                      = 63983
    Collision candidates           = 137339
    Collision acceptance rate      = 0.465876408

    Number of DSMC particles        = 9588555
    Number of stuck particles       = 0
    Number of free particles        = 9588555
    Average linear kinetic energy   = 4.068688718e-19
    Average rotational energy       = 4.888185734e-20
    Average vibrational energy      = 3.117597773e-20
    Average electronic energy       = 0
    Total energy                    = 46.6892351

Stage 1.0  ExecutionTime = 6254.92 s  ClockTime = 1601 s  Iteration 8060 (1.22 s)

Time = 0.003228

    Collision global reduction skipped (rank 0 local diagnostics)
    Collisions                      = 64158
    Collision candidates           = 137514
    Collision acceptance rate      = 0.4665561325

    Number of DSMC particles        = 9588983
    Number of stuck particles       = 0
    Number of free particles        = 9588983
    Average linear kinetic energy   = 4.068300338e-19
    Average rotational energy       = 4.890151624e-20
    Average vibrational energy      = 3.116770336e-20
    Average electronic energy       = 0
    Total energy                    = 46.68868664

Stage 1.0  ExecutionTime = 6263.72 s  ClockTime = 1603 s  Iteration 8070 (1.21 s)

Time = 0.003232

    Collision global reduction skipped (rank 0 local diagnostics)
    Collisions                      = 64335
    Collision candidates           = 137428
    Collision acceptance rate      = 0.4681360421

    Number of DSMC particles        = 9589249
    Number of stuck particles       = 0
    Number of free particles        = 9589249
    Average linear kinetic energy   = 4.06827557e-19
    Average rotational energy       = 4.889280913e-20
    Average vibrational energy      = 3.117329523e-20
    Average electronic energy       = 0
    Total energy                    = 46.68944556

Stage 1.0  ExecutionTime = 6272.59 s  ClockTime = 1605 s  Iteration 8080 (1.22 s)

Time = 0.003236

    Collision global reduction skipped (rank 0 local diagnostics)
    Collisions                      = 64127
    Collision candidates           = 137818
    Collision acceptance rate      = 0.465302065

    Number of DSMC particles        = 9589865
    Number of stuck particles       = 0
    Number of free particles        = 9589865
    Average linear kinetic energy   = 4.067984414e-19
    Average rotational energy       = 4.890671028e-20
    Average vibrational energy      = 3.116728869e-20
    Average electronic energy       = 0
    Total energy                    = 46.69040975

Stage 1.0  ExecutionTime = 6281.45 s  ClockTime = 1608 s  Iteration 8090 (1.21 s)

Time = 0.00324

    Collision global reduction skipped (rank 0 local diagnostics)
    Collisions                      = 64758
    Collision candidates           = 137880
    Collision acceptance rate      = 0.4696692776

    Number of DSMC particles        = 9590423
    Number of stuck particles       = 0
    Number of free particles        = 9590423
    Average linear kinetic energy   = 4.06729563e-19
    Average rotational energy       = 4.893650497e-20
    Average vibrational energy      = 3.116803296e-20
    Average electronic energy       = 0
    Total energy                    = 46.68944959

Stage 1.0  ExecutionTime = 6290.49 s  ClockTime = 1610 s  Iteration 8100 (1.34 s)

Time = 0.003244

    Collision global reduction skipped (rank 0 local diagnostics)
    Collisions                      = 64368
    Collision candidates           = 138094
    Collision acceptance rate      = 0.4661172824

    Number of DSMC particles        = 9591071
    Number of stuck particles       = 0
    Number of free particles        = 9591071
    Average linear kinetic energy   = 4.067285951e-19
    Average rotational energy       = 4.893542685e-20
    Average vibrational energy      = 3.113569142e-20
    Average electronic energy       = 0
    Total energy                    = 46.68930613

Stage 1.0  ExecutionTime = 6299.38 s  ClockTime = 1612 s  Iteration 8110 (1.22 s)

Time = 0.003248

    Collision global reduction skipped (rank 0 local diagnostics)
    Collisions                      = 64547
    Collision candidates           = 137992
    Collision acceptance rate      = 0.4677590005

    Number of DSMC particles        = 9591465
    Number of stuck particles       = 0
    Number of free particles        = 9591465
    Average linear kinetic energy   = 4.06697491e-19
    Average rotational energy       = 4.892401373e-20
    Average vibrational energy      = 3.112752065e-20
    Average electronic energy       = 0
    Total energy                    = 46.68636241

Stage 1.0  ExecutionTime = 6308.21 s  ClockTime = 1614 s  Iteration 8120 (1.24 s)

Time = 0.003252

    Collision global reduction skipped (rank 0 local diagnostics)
    Collisions                      = 64594
    Collision candidates           = 137838
    Collision acceptance rate      = 0.4686225859

    Number of DSMC particles        = 9592120
    Number of stuck particles       = 0
    Number of free particles        = 9592120
    Average linear kinetic energy   = 4.067192789e-19
    Average rotational energy       = 4.887853462e-20
    Average vibrational energy      = 3.114891536e-20
    Average electronic energy       = 0
    Total energy                    = 46.68933033

Stage 1.0  ExecutionTime = 6317.09 s  ClockTime = 1617 s  Iteration 8130 (1.24 s)

Time = 0.003256

    Collision global reduction skipped (rank 0 local diagnostics)
    Collisions                      = 64286
    Collision candidates           = 137901
    Collision acceptance rate      = 0.4661750096

    Number of DSMC particles        = 9592841
    Number of stuck particles       = 0
    Number of free particles        = 9592841
    Average linear kinetic energy   = 4.067161095e-19
    Average rotational energy       = 4.887726817e-20
    Average vibrational energy      = 3.115202883e-20
    Average electronic energy       = 0
    Total energy                    = 46.69271292

Stage 1.0  ExecutionTime = 6326 s  ClockTime = 1619 s  Iteration 8140 (1.22 s)

Time = 0.00326

    Collision global reduction skipped (rank 0 local diagnostics)
    Collisions                      = 64488
    Collision candidates           = 138150
    Collision acceptance rate      = 0.4667969598

    Number of DSMC particles        = 9592688
    Number of stuck particles       = 0
    Number of free particles        = 9592688
    Average linear kinetic energy   = 4.067134063e-19
    Average rotational energy       = 4.889325787e-20
    Average vibrational energy      = 3.115772015e-20
    Average electronic energy       = 0
    Total energy                    = 46.69378869

Stage 1.0  ExecutionTime = 6335.07 s  ClockTime = 1621 s  Iteration 8150 (1.34 s)

Time = 0.003264

    Collision global reduction skipped (rank 0 local diagnostics)
    Collisions                      = 64518
    Collision candidates           = 138422
    Collision acceptance rate      = 0.4660964298

    Number of DSMC particles        = 9593256
    Number of stuck particles       = 0
    Number of free particles        = 9593256
    Average linear kinetic energy   = 4.066793314e-19
    Average rotational energy       = 4.891478998e-20
    Average vibrational energy      = 3.116205781e-20
    Average electronic energy       = 0
    Total energy                    = 46.69576636

Stage 1.0  ExecutionTime = 6343.86 s  ClockTime = 1623 s  Iteration 8160 (1.23 s)

Time = 0.003268

    Collision global reduction skipped (rank 0 local diagnostics)
    Collisions                      = 64734
    Collision candidates           = 138599
    Collision acceptance rate      = 0.4670596469

    Number of DSMC particles        = 9594255
    Number of stuck particles       = 0
    Number of free particles        = 9594255
    Average linear kinetic energy   = 4.066873805e-19
    Average rotational energy       = 4.889871065e-20
    Average vibrational energy      = 3.1166409e-20
    Average electronic energy       = 0
    Total energy                    = 46.70027609

Stage 1.0  ExecutionTime = 6352.68 s  ClockTime = 1626 s  Iteration 8170 (1.21 s)

Time = 0.003272

    Collision global reduction skipped (rank 0 local diagnostics)
    Collisions                      = 64200
    Collision candidates           = 138354
    Collision acceptance rate      = 0.464027061

    Number of DSMC particles        = 9595063
    Number of stuck particles       = 0
    Number of free particles        = 9595063
    Average linear kinetic energy   = 4.066626839e-19
    Average rotational energy       = 4.891836764e-20
    Average vibrational energy      = 3.116130008e-20
    Average electronic energy       = 0
    Total energy                    = 46.70323528

Stage 1.0  ExecutionTime = 6361.48 s  ClockTime = 1628 s  Iteration 8180 (1.21 s)

Time = 0.003276

    Collision global reduction skipped (rank 0 local diagnostics)
    Collisions                      = 64561
    Collision candidates           = 138414
    Collision acceptance rate      = 0.4664340312

    Number of DSMC particles        = 9595553
    Number of stuck particles       = 0
    Number of free particles        = 9595553
    Average linear kinetic energy   = 4.067057375e-19
    Average rotational energy       = 4.88879772e-20
    Average vibrational energy      = 3.115488698e-20
    Average electronic energy       = 0
    Total energy                    = 46.70622005

Stage 1.0  ExecutionTime = 6370.28 s  ClockTime = 1630 s  Iteration 8190 (1.22 s)

Time = 0.00328

    Collision global reduction skipped (rank 0 local diagnostics)
    Collisions                      = 63949
    Collision candidates           = 138103
    Collision acceptance rate      = 0.4630529387

    Number of DSMC particles        = 9595703
    Number of stuck particles       = 0
    Number of free particles        = 9595703
    Average linear kinetic energy   = 4.066809206e-19
    Average rotational energy       = 4.888244755e-20
    Average vibrational energy      = 3.115511053e-20
    Average electronic energy       = 0
    Total energy                    = 46.70405966

Stage 1.0  ExecutionTime = 6379.2 s  ClockTime = 1632 s  Iteration 8200 (1.33 s)

Time = 0.003284

    Collision global reduction skipped (rank 0 local diagnostics)
    Collisions                      = 64634
    Collision candidates           = 138284
    Collision acceptance rate      = 0.4674004223

    Number of DSMC particles        = 9596000
    Number of stuck particles       = 0
    Number of free particles        = 9596000
    Average linear kinetic energy   = 4.066291518e-19
    Average rotational energy       = 4.892025785e-20
    Average vibrational energy      = 3.115404182e-20
    Average electronic energy       = 0
    Total energy                    = 46.7040632

Stage 1.0  ExecutionTime = 6388.01 s  ClockTime = 1634 s  Iteration 8210 (1.23 s)

Time = 0.003288

    Collision global reduction skipped (rank 0 local diagnostics)
    Collisions                      = 64524
    Collision candidates           = 138522
    Collision acceptance rate      = 0.4658032659

    Number of DSMC particles        = 9596698
    Number of stuck particles       = 0
    Number of free particles        = 9596698
    Average linear kinetic energy   = 4.066707479e-19
    Average rotational energy       = 4.884801226e-20
    Average vibrational energy      = 3.116845237e-20
    Average electronic energy       = 0
    Total energy                    = 46.705902

Stage 1.0  ExecutionTime = 6396.82 s  ClockTime = 1637 s  Iteration 8220 (1.2 s)

Time = 0.003292

    Collision global reduction skipped (rank 0 local diagnostics)
    Collisions                      = 64601
    Collision candidates           = 138695
    Collision acceptance rate      = 0.4657774253

    Number of DSMC particles        = 9596916
    Number of stuck particles       = 0
    Number of free particles        = 9596916
    Average linear kinetic energy   = 4.066813733e-19
    Average rotational energy       = 4.886463175e-20
    Average vibrational energy      = 3.116189989e-20
    Average electronic energy       = 0
    Total energy                    = 46.7089488

Stage 1.0  ExecutionTime = 6405.63 s  ClockTime = 1639 s  Iteration 8230 (1.23 s)

Time = 0.003296

    Collision global reduction skipped (rank 0 local diagnostics)
    Collisions                      = 64985
    Collision candidates           = 139055
    Collision acceptance rate      = 0.4673330696

    Number of DSMC particles        = 9597255
    Number of stuck particles       = 0
    Number of free particles        = 9597255
    Average linear kinetic energy   = 4.066507032e-19
    Average rotational energy       = 4.887535878e-20
    Average vibrational energy      = 3.116417872e-20
    Average electronic energy       = 0
    Total energy                    = 46.70890346

Stage 1.0  ExecutionTime = 6414.48 s  ClockTime = 1641 s  Iteration 8240 (1.2 s)

Time = 0.0033

    Collision global reduction skipped (rank 0 local diagnostics)
    Collisions                      = 64838
    Collision candidates           = 138807
    Collision acceptance rate      = 0.4671090075

    Number of DSMC particles        = 9598035
    Number of stuck particles       = 0
    Number of free particles        = 9598035
    Average linear kinetic energy   = 4.06640334e-19
    Average rotational energy       = 4.886866728e-20
    Average vibrational energy      = 3.117923513e-20
    Average electronic energy       = 0
    Total energy                    = 46.71250727

Stage 1.0  ExecutionTime = 6423.6 s  ClockTime = 1643 s  Iteration 8250 (1.35 s)

Time = 0.003304

    Collision global reduction skipped (rank 0 local diagnostics)
    Collisions                      = 64812
    Collision candidates           = 138552
    Collision acceptance rate      = 0.4677810497

    Number of DSMC particles        = 9598466
    Number of stuck particles       = 0
    Number of free particles        = 9598466
    Average linear kinetic energy   = 4.065675587e-19
    Average rotational energy       = 4.888580393e-20
    Average vibrational energy      = 3.118450274e-20
    Average electronic energy       = 0
    Total energy                    = 46.70977005

Stage 1.0  ExecutionTime = 6432.42 s  ClockTime = 1646 s  Iteration 8260 (1.21 s)

Time = 0.003308

    Collision global reduction skipped (rank 0 local diagnostics)
    Collisions                      = 64300
    Collision candidates           = 138612
    Collision acceptance rate      = 0.4638848007

    Number of DSMC particles        = 9599331
    Number of stuck particles       = 0
    Number of free particles        = 9599331
    Average linear kinetic energy   = 4.06563107e-19
    Average rotational energy       = 4.888204661e-20
    Average vibrational energy      = 3.116943135e-20
    Average electronic energy       = 0
    Total energy                    = 46.71174471

Stage 1.0  ExecutionTime = 6441.33 s  ClockTime = 1648 s  Iteration 8270 (1.21 s)

Time = 0.003312

    Collision global reduction skipped (rank 0 local diagnostics)
    Collisions                      = 64788
    Collision candidates           = 138770
    Collision acceptance rate      = 0.4668732435

    Number of DSMC particles        = 9599532
    Number of stuck particles       = 0
    Number of free particles        = 9599532
    Average linear kinetic energy   = 4.065766915e-19
    Average rotational energy       = 4.887870756e-20
    Average vibrational energy      = 3.115660546e-20
    Average electronic energy       = 0
    Total energy                    = 46.71247509

Stage 1.0  ExecutionTime = 6450.18 s  ClockTime = 1650 s  Iteration 8280 (1.21 s)

Time = 0.003316

    Collision global reduction skipped (rank 0 local diagnostics)
    Collisions                      = 64635
    Collision candidates           = 138834
    Collision acceptance rate      = 0.4655559877

    Number of DSMC particles        = 9600113
    Number of stuck particles       = 0
    Number of free particles        = 9600113
    Average linear kinetic energy   = 4.065499853e-19
    Average rotational energy       = 4.887381073e-20
    Average vibrational energy      = 3.115758524e-20
    Average electronic energy       = 0
    Total energy                    = 46.71236244

Stage 1.0  ExecutionTime = 6459 s  ClockTime = 1652 s  Iteration 8290 (1.22 s)

Time = 0.00332

    Collision global reduction skipped (rank 0 local diagnostics)
    Collisions                      = 64613
    Collision candidates           = 139179
    Collision acceptance rate      = 0.4642438874

    Number of DSMC particles        = 9600389
    Number of stuck particles       = 0
    Number of free particles        = 9600389
    Average linear kinetic energy   = 4.065621148e-19
    Average rotational energy       = 4.888573446e-20
    Average vibrational energy      = 3.115554331e-20
    Average electronic energy       = 0
    Total energy                    = 46.71581857

Stage 1.0  ExecutionTime = 6467.91 s  ClockTime = 1655 s  Iteration 8300 (1.32 s)

Time = 0.003324

    Collision global reduction skipped (rank 0 local diagnostics)
    Collisions                      = 65078
    Collision candidates           = 139100
    Collision acceptance rate      = 0.4678504673

    Number of DSMC particles        = 9600782
    Number of stuck particles       = 0
    Number of free particles        = 9600782
    Average linear kinetic energy   = 4.065322152e-19
    Average rotational energy       = 4.892812957e-20
    Average vibrational energy      = 3.115449776e-20
    Average electronic energy       = 0
    Total energy                    = 46.71883021

Stage 1.0  ExecutionTime = 6476.75 s  ClockTime = 1657 s  Iteration 8310 (1.21 s)

Time = 0.003328

    Collision global reduction skipped (rank 0 local diagnostics)
    Collisions                      = 64909
    Collision candidates           = 139118
    Collision acceptance rate      = 0.4665751377

    Number of DSMC particles        = 9601026
    Number of stuck particles       = 0
    Number of free particles        = 9601026
    Average linear kinetic energy   = 4.065555827e-19
    Average rotational energy       = 4.892707285e-20
    Average vibrational energy      = 3.113887377e-20
    Average electronic energy       = 0
    Total energy                    = 46.72065956

Stage 1.0  ExecutionTime = 6485.6 s  ClockTime = 1659 s  Iteration 8320 (1.2 s)

Time = 0.003332

    Collision global reduction skipped (rank 0 local diagnostics)
    Collisions                      = 64657
    Collision candidates           = 139216
    Collision acceptance rate      = 0.464436559

    Number of DSMC particles        = 9601606
    Number of stuck particles       = 0
    Number of free particles        = 9601606
    Average linear kinetic energy   = 4.065473931e-19
    Average rotational energy       = 4.894298516e-20
    Average vibrational energy      = 3.11440502e-20
    Average electronic energy       = 0
    Total energy                    = 46.72472048

Stage 1.0  ExecutionTime = 6494.46 s  ClockTime = 1661 s  Iteration 8330 (1.2 s)

Time = 0.003336

    Collision global reduction skipped (rank 0 local diagnostics)
    Collisions                      = 64880
    Collision candidates           = 139219
    Collision acceptance rate      = 0.4660283438

    Number of DSMC particles        = 9602767
    Number of stuck particles       = 0
    Number of free particles        = 9602767
    Average linear kinetic energy   = 4.06554962e-19
    Average rotational energy       = 4.891839576e-20
    Average vibrational energy      = 3.1149502e-20
    Average electronic energy       = 0
    Total energy                    = 46.72925939

Stage 1.0  ExecutionTime = 6503.27 s  ClockTime = 1663 s  Iteration 8340 (1.21 s)

Time = 0.00334

    Collision global reduction skipped (rank 0 local diagnostics)
    Collisions                      = 65129
    Collision candidates           = 139269
    Collision acceptance rate      = 0.4676489384

    Number of DSMC particles        = 9602931
    Number of stuck particles       = 0
    Number of free particles        = 9602931
    Average linear kinetic energy   = 4.065563908e-19
    Average rotational energy       = 4.890526467e-20
    Average vibrational energy      = 3.11459081e-20
    Average electronic energy       = 0
    Total energy                    = 46.72858857

Stage 1.0  ExecutionTime = 6512.23 s  ClockTime = 1666 s  Iteration 8350 (1.33 s)

Time = 0.003344

    Collision global reduction skipped (rank 0 local diagnostics)
    Collisions                      = 64494
    Collision candidates           = 139264
    Collision acceptance rate      = 0.4631060432

    Number of DSMC particles        = 9603240
    Number of stuck particles       = 0
    Number of free particles        = 9603240
    Average linear kinetic energy   = 4.06471116e-19
    Average rotational energy       = 4.894346693e-20
    Average vibrational energy      = 3.114547118e-20
    Average electronic energy       = 0
    Total energy                    = 46.72552974

Stage 1.0  ExecutionTime = 6521.04 s  ClockTime = 1668 s  Iteration 8360 (1.22 s)

Time = 0.003348

    Collision global reduction skipped (rank 0 local diagnostics)
    Collisions                      = 65098
    Collision candidates           = 139511
    Collision acceptance rate      = 0.4666155357

    Number of DSMC particles        = 9603716
    Number of stuck particles       = 0
    Number of free particles        = 9603716
    Average linear kinetic energy   = 4.064933636e-19
    Average rotational energy       = 4.893653619e-20
    Average vibrational energy      = 3.115982804e-20
    Average electronic energy       = 0
    Total energy                    = 46.73069554

Stage 1.0  ExecutionTime = 6529.91 s  ClockTime = 1670 s  Iteration 8370 (1.21 s)

Time = 0.003352

    Collision global reduction skipped (rank 0 local diagnostics)
    Collisions                      = 64948
    Collision candidates           = 139573
    Collision acceptance rate      = 0.4653335531

    Number of DSMC particles        = 9604213
    Number of stuck particles       = 0
    Number of free particles        = 9604213
    Average linear kinetic energy   = 4.065385738e-19
    Average rotational energy       = 4.891182787e-20
    Average vibrational energy      = 3.116247563e-20
    Average electronic energy       = 0
    Total energy                    = 46.73533722

Stage 1.0  ExecutionTime = 6538.72 s  ClockTime = 1672 s  Iteration 8380 (1.22 s)

Time = 0.003356

    Collision global reduction skipped (rank 0 local diagnostics)
    Collisions                      = 64858
    Collision candidates           = 139543
    Collision acceptance rate      = 0.4647886315

    Number of DSMC particles        = 9604890
    Number of stuck particles       = 0
    Number of free particles        = 9604890
    Average linear kinetic energy   = 4.065427904e-19
    Average rotational energy       = 4.89122156e-20
    Average vibrational energy      = 3.115643142e-20
    Average electronic energy       = 0
    Total energy                    = 46.73849329

Stage 1.0  ExecutionTime = 6547.52 s  ClockTime = 1675 s  Iteration 8390 (1.21 s)

Time = 0.00336

    Collision global reduction skipped (rank 0 local diagnostics)
    Collisions                      = 65125
    Collision candidates           = 139629
    Collision acceptance rate      = 0.46641457

    Number of DSMC particles        = 9605144
    Number of stuck particles       = 0
    Number of free particles        = 9605144
    Average linear kinetic energy   = 4.06528288e-19
    Average rotational energy       = 4.890758173e-20
    Average vibrational energy      = 3.116096339e-20
    Average electronic energy       = 0
    Total energy                    = 46.73832652

Stage 1.0  ExecutionTime = 6556.52 s  ClockTime = 1677 s  Iteration 8400 (1.34 s)

Time = 0.003364

    Collision global reduction skipped (rank 0 local diagnostics)
    Collisions                      = 65231
    Collision candidates           = 139702
    Collision acceptance rate      = 0.4669296073

    Number of DSMC particles        = 9605610
    Number of stuck particles       = 0
    Number of free particles        = 9605610
    Average linear kinetic energy   = 4.065092871e-19
    Average rotational energy       = 4.892114833e-20
    Average vibrational energy      = 3.116575949e-20
    Average electronic energy       = 0
    Total energy                    = 46.74053276

Stage 1.0  ExecutionTime = 6565.32 s  ClockTime = 1679 s  Iteration 8410 (1.2 s)

Time = 0.003368

    Collision global reduction skipped (rank 0 local diagnostics)
    Collisions                      = 64980
    Collision candidates           = 139461
    Collision acceptance rate      = 0.4659367135

    Number of DSMC particles        = 9605826
    Number of stuck particles       = 0
    Number of free particles        = 9605826
    Average linear kinetic energy   = 4.064466675e-19
    Average rotational energy       = 4.893807021e-20
    Average vibrational energy      = 3.118116237e-20
    Average electronic energy       = 0
    Total energy                    = 46.73867373

Stage 1.0  ExecutionTime = 6574.15 s  ClockTime = 1681 s  Iteration 8420 (1.24 s)

Time = 0.003372

    Collision global reduction skipped (rank 0 local diagnostics)
    Collisions                      = 64570
    Collision candidates           = 139761
    Collision acceptance rate      = 0.4620029908

    Number of DSMC particles        = 9605709
    Number of stuck particles       = 0
    Number of free particles        = 9605709
    Average linear kinetic energy   = 4.064543134e-19
    Average rotational energy       = 4.892698667e-20
    Average vibrational energy      = 3.118738574e-20
    Average electronic energy       = 0
    Total energy                    = 46.73837205

Stage 1.0  ExecutionTime = 6582.97 s  ClockTime = 1684 s  Iteration 8430 (1.21 s)

Time = 0.003376

    Collision global reduction skipped (rank 0 local diagnostics)
    Collisions                      = 64698
    Collision candidates           = 139635
    Collision acceptance rate      = 0.463336556

    Number of DSMC particles        = 9606347
    Number of stuck particles       = 0
    Number of free particles        = 9606347
    Average linear kinetic energy   = 4.064714338e-19
    Average rotational energy       = 4.895316732e-20
    Average vibrational energy      = 3.117610475e-20
    Average electronic energy       = 0
    Total energy                    = 46.74455231

Stage 1.0  ExecutionTime = 6591.82 s  ClockTime = 1686 s  Iteration 8440 (1.23 s)

Time = 0.00338

    Collision global reduction skipped (rank 0 local diagnostics)
    Collisions                      = 64968
    Collision candidates           = 139765
    Collision acceptance rate      = 0.4648374056

    Number of DSMC particles        = 9606670
    Number of stuck particles       = 0
    Number of free particles        = 9606670
    Average linear kinetic energy   = 4.064444038e-19
    Average rotational energy       = 4.894296994e-20
    Average vibrational energy      = 3.118940818e-20
    Average electronic energy       = 0
    Total energy                    = 46.74382573

Stage 1.0  ExecutionTime = 6600.78 s  ClockTime = 1688 s  Iteration 8450 (1.34 s)

Time = 0.003384

    Collision global reduction skipped (rank 0 local diagnostics)
    Collisions                      = 65039
    Collision candidates           = 140024
    Collision acceptance rate      = 0.4644846598

    Number of DSMC particles        = 9607053
    Number of stuck particles       = 0
    Number of free particles        = 9607053
    Average linear kinetic energy   = 4.064410802e-19
    Average rotational energy       = 4.892678553e-20
    Average vibrational energy      = 3.11984817e-20
    Average electronic energy       = 0
    Total energy                    = 46.74468688

Stage 1.0  ExecutionTime = 6609.61 s  ClockTime = 1690 s  Iteration 8460 (1.21 s)

Time = 0.003388

    Collision global reduction skipped (rank 0 local diagnostics)
    Collisions                      = 65164
    Collision candidates           = 140077
    Collision acceptance rate      = 0.4652012822

    Number of DSMC particles        = 9607035
    Number of stuck particles       = 0
    Number of free particles        = 9607035
    Average linear kinetic energy   = 4.063909223e-19
    Average rotational energy       = 4.895382225e-20
    Average vibrational energy      = 3.120226387e-20
    Average electronic energy       = 0
    Total energy                    = 46.74274139

Stage 1.0  ExecutionTime = 6618.47 s  ClockTime = 1692 s  Iteration 8470 (1.21 s)

Time = 0.003392

    Collision global reduction skipped (rank 0 local diagnostics)
    Collisions                      = 65115
    Collision candidates           = 140316
    Collision acceptance rate      = 0.4640596938

    Number of DSMC particles        = 9607629
    Number of stuck particles       = 0
    Number of free particles        = 9607629
    Average linear kinetic energy   = 4.064022304e-19
    Average rotational energy       = 4.894687596e-20
    Average vibrational energy      = 3.120788052e-20
    Average electronic energy       = 0
    Total energy                    = 46.74659018

Stage 1.0  ExecutionTime = 6627.29 s  ClockTime = 1695 s  Iteration 8480 (1.21 s)

Time = 0.003396

    Collision global reduction skipped (rank 0 local diagnostics)
    Collisions                      = 65288
    Collision candidates           = 140342
    Collision acceptance rate      = 0.4652064243

    Number of DSMC particles        = 9607564
    Number of stuck particles       = 0
    Number of free particles        = 9607564
    Average linear kinetic energy   = 4.064281765e-19
    Average rotational energy       = 4.893086834e-20
    Average vibrational energy      = 3.120991069e-20
    Average electronic energy       = 0
    Total energy                    = 46.7474238

Stage 1.0  ExecutionTime = 6636.21 s  ClockTime = 1697 s  Iteration 8490 (1.22 s)

Time = 0.0034

    Collision global reduction skipped (rank 0 local diagnostics)
    Collisions                      = 65465
    Collision candidates           = 140393
    Collision acceptance rate      = 0.4662981773

    Number of DSMC particles        = 9608201
    Number of stuck particles       = 0
    Number of free particles        = 9608201
    Average linear kinetic energy   = 4.064329645e-19
    Average rotational energy       = 4.892532117e-20
    Average vibrational energy      = 3.12018486e-20
    Average electronic energy       = 0
    Total energy                    = 46.74967569

Stage 1.0  ExecutionTime = 6645.24 s  ClockTime = 1699 s  Iteration 8500 (1.33 s)

Time = 0.003404

    Collision global reduction skipped (rank 0 local diagnostics)
    Collisions                      = 65438
    Collision candidates           = 140309
    Collision acceptance rate      = 0.4663849076

    Number of DSMC particles        = 9608401
    Number of stuck particles       = 0
    Number of free particles        = 9608401
    Average linear kinetic energy   = 4.063937368e-19
    Average rotational energy       = 4.89161775e-20
    Average vibrational energy      = 3.121539024e-20
    Average electronic energy       = 0
    Total energy                    = 46.74730222

Stage 1.0  ExecutionTime = 6654.16 s  ClockTime = 1701 s  Iteration 8510 (1.21 s)

Time = 0.003408

    Collision global reduction skipped (rank 0 local diagnostics)
    Collisions                      = 65427
    Collision candidates           = 140392
    Collision acceptance rate      = 0.466030828

    Number of DSMC particles        = 9608767
    Number of stuck particles       = 0
    Number of free particles        = 9608767
    Average linear kinetic energy   = 4.063866401e-19
    Average rotational energy       = 4.89245031e-20
    Average vibrational energy      = 3.120179201e-20
    Average electronic energy       = 0
    Total energy                    = 46.74789437

Stage 1.0  ExecutionTime = 6663.1 s  ClockTime = 1704 s  Iteration 8520 (1.22 s)

Time = 0.003412

    Collision global reduction skipped (rank 0 local diagnostics)
    Collisions                      = 65360
    Collision candidates           = 140550
    Collision acceptance rate      = 0.4650302383

    Number of DSMC particles        = 9609173
    Number of stuck particles       = 0
    Number of free particles        = 9609173
    Average linear kinetic energy   = 4.063832992e-19
    Average rotational energy       = 4.894394406e-20
    Average vibrational energy      = 3.120375518e-20
    Average electronic energy       = 0
    Total energy                    = 46.75160534

Stage 1.0  ExecutionTime = 6672.07 s  ClockTime = 1706 s  Iteration 8530 (1.26 s)

Time = 0.003416

    Collision global reduction skipped (rank 0 local diagnostics)
    Collisions                      = 65629
    Collision candidates           = 140726
    Collision acceptance rate      = 0.4663601609

    Number of DSMC particles        = 9609432
    Number of stuck particles       = 0
    Number of free particles        = 9609432
    Average linear kinetic energy   = 4.063990764e-19
    Average rotational energy       = 4.892534584e-20
    Average vibrational energy      = 3.120691966e-20
    Average electronic energy       = 0
    Total energy                    = 46.75289846

Stage 1.0  ExecutionTime = 6681 s  ClockTime = 1708 s  Iteration 8540 (1.21 s)

Time = 0.00342

    Collision global reduction skipped (rank 0 local diagnostics)
    Collisions                      = 65270
    Collision candidates           = 140737
    Collision acceptance rate      = 0.4637728529

    Number of DSMC particles        = 9610018
    Number of stuck particles       = 0
    Number of free particles        = 9610018
    Average linear kinetic energy   = 4.0636745e-19
    Average rotational energy       = 4.892533204e-20
    Average vibrational energy      = 3.121472344e-20
    Average electronic energy       = 0
    Total energy                    = 46.75345885

Stage 1.0  ExecutionTime = 6690.05 s  ClockTime = 1710 s  Iteration 8550 (1.35 s)

Time = 0.003424

    Collision global reduction skipped (rank 0 local diagnostics)
    Collisions                      = 65541
    Collision candidates           = 140613
    Collision acceptance rate      = 0.466109108

    Number of DSMC particles        = 9610327
    Number of stuck particles       = 0
    Number of free particles        = 9610327
    Average linear kinetic energy   = 4.063495842e-19
    Average rotational energy       = 4.891433243e-20
    Average vibrational energy      = 3.121574176e-20
    Average electronic energy       = 0
    Total energy                    = 46.75228596

Stage 1.0  ExecutionTime = 6698.95 s  ClockTime = 1713 s  Iteration 8560 (1.21 s)

Time = 0.003428

    Collision global reduction skipped (rank 0 local diagnostics)
    Collisions                      = 65644
    Collision candidates           = 140665
    Collision acceptance rate      = 0.4666690364

    Number of DSMC particles        = 9610718
    Number of stuck particles       = 0
    Number of free particles        = 9610718
    Average linear kinetic energy   = 4.062819977e-19
    Average rotational energy       = 4.893144033e-20
    Average vibrational energy      = 3.119961876e-20
    Average electronic energy       = 0
    Total energy                    = 46.7477872

Stage 1.0  ExecutionTime = 6707.92 s  ClockTime = 1715 s  Iteration 8570 (1.22 s)

Time = 0.003432

    Collision global reduction skipped (rank 0 local diagnostics)
    Collisions                      = 65253
    Collision candidates           = 140816
    Collision acceptance rate      = 0.4633919441

    Number of DSMC particles        = 9610525
    Number of stuck particles       = 0
    Number of free particles        = 9610525
    Average linear kinetic energy   = 4.062874856e-19
    Average rotational energy       = 4.892631439e-20
    Average vibrational energy      = 3.11933081e-20
    Average electronic energy       = 0
    Total energy                    = 46.74627672

Stage 1.0  ExecutionTime = 6716.86 s  ClockTime = 1717 s  Iteration 8580 (1.22 s)

Time = 0.003436

    Collision global reduction skipped (rank 0 local diagnostics)
    Collisions                      = 65434
    Collision candidates           = 140685
    Collision acceptance rate      = 0.4651099975

    Number of DSMC particles        = 9610966
    Number of stuck particles       = 0
    Number of free particles        = 9610966
    Average linear kinetic energy   = 4.063084219e-19
    Average rotational energy       = 4.890201608e-20
    Average vibrational energy      = 3.119984152e-20
    Average electronic energy       = 0
    Total energy                    = 46.74872659

Stage 1.0  ExecutionTime = 6725.8 s  ClockTime = 1719 s  Iteration 8590 (1.21 s)

Time = 0.00344

    Collision global reduction skipped (rank 0 local diagnostics)
    Collisions                      = 65458
    Collision candidates           = 141035
    Collision acceptance rate      = 0.4641259262

    Number of DSMC particles        = 9611301
    Number of stuck particles       = 0
    Number of free particles        = 9611301
    Average linear kinetic energy   = 4.063500373e-19
    Average rotational energy       = 4.887285531e-20
    Average vibrational energy      = 3.119070247e-20
    Average electronic energy       = 0
    Total energy                    = 46.75067473

Stage 1.0  ExecutionTime = 6734.83 s  ClockTime = 1722 s  Iteration 8600 (1.32 s)

Time = 0.003444

    Collision global reduction skipped (rank 0 local diagnostics)
    Collisions                      = 65124
    Collision candidates           = 140951
    Collision acceptance rate      = 0.4620329051

    Number of DSMC particles        = 9611405
    Number of stuck particles       = 0
    Number of free particles        = 9611405
    Average linear kinetic energy   = 4.063553048e-19
    Average rotational energy       = 4.887508376e-20
    Average vibrational energy      = 3.11944205e-20
    Average electronic energy       = 0
    Total energy                    = 46.75225842

Stage 1.0  ExecutionTime = 6743.78 s  ClockTime = 1724 s  Iteration 8610 (1.21 s)

Time = 0.003448

    Collision global reduction skipped (rank 0 local diagnostics)
    Collisions                      = 65194
    Collision candidates           = 140684
    Collision acceptance rate      = 0.4634073526

    Number of DSMC particles        = 9611203
    Number of stuck particles       = 0
    Number of free particles        = 9611203
    Average linear kinetic energy   = 4.06276188e-19
    Average rotational energy       = 4.891497202e-20
    Average vibrational energy      = 3.120499863e-20
    Average electronic energy       = 0
    Total energy                    = 46.74852219

Stage 1.0  ExecutionTime = 6752.73 s  ClockTime = 1726 s  Iteration 8620 (1.21 s)

Time = 0.003452

    Collision global reduction skipped (rank 0 local diagnostics)
    Collisions                      = 65277
    Collision candidates           = 140578
    Collision acceptance rate      = 0.4643471952

    Number of DSMC particles        = 9611281
    Number of stuck particles       = 0
    Number of free particles        = 9611281
    Average linear kinetic energy   = 4.063120954e-19
    Average rotational energy       = 4.890519026e-20
    Average vibrational energy      = 3.121142211e-20
    Average electronic energy       = 0
    Total energy                    = 46.75202997

Stage 1.0  ExecutionTime = 6761.66 s  ClockTime = 1728 s  Iteration 8630 (1.21 s)

Time = 0.003456

    Collision global reduction skipped (rank 0 local diagnostics)
    Collisions                      = 65374
    Collision candidates           = 140613
    Collision acceptance rate      = 0.4649214511

    Number of DSMC particles        = 9611856
    Number of stuck particles       = 0
    Number of free particles        = 9611856
    Average linear kinetic energy   = 4.063480593e-19
    Average rotational energy       = 4.889610533e-20
    Average vibrational energy      = 3.121729814e-20
    Average electronic energy       = 0
    Total energy                    = 46.7579753

Stage 1.0  ExecutionTime = 6770.64 s  ClockTime = 1731 s  Iteration 8640 (1.21 s)

Time = 0.00346

    Collision global reduction skipped (rank 0 local diagnostics)
    Collisions                      = 65535
    Collision candidates           = 140482
    Collision acceptance rate      = 0.4665010464

    Number of DSMC particles        = 9612031
    Number of stuck particles       = 0
    Number of free particles        = 9612031
    Average linear kinetic energy   = 4.063307164e-19
    Average rotational energy       = 4.891876956e-20
    Average vibrational energy      = 3.123094531e-20
    Average electronic energy       = 0
    Total energy                    = 46.76064986

Stage 1.0  ExecutionTime = 6779.68 s  ClockTime = 1733 s  Iteration 8650 (1.34 s)

Time = 0.003464

    Collision global reduction skipped (rank 0 local diagnostics)
    Collisions                      = 65357
    Collision candidates           = 140320
    Collision acceptance rate      = 0.4657710946

    Number of DSMC particles        = 9612194
    Number of stuck particles       = 0
    Number of free particles        = 9612194
    Average linear kinetic energy   = 4.063183793e-19
    Average rotational energy       = 4.890460741e-20
    Average vibrational energy      = 3.122032511e-20
    Average electronic energy       = 0
    Total energy                    = 46.75787483

Stage 1.0  ExecutionTime = 6788.59 s  ClockTime = 1735 s  Iteration 8660 (1.21 s)

Time = 0.003468

    Collision global reduction skipped (rank 0 local diagnostics)
    Collisions                      = 65148
    Collision candidates           = 140302
    Collision acceptance rate      = 0.4643412068

    Number of DSMC particles        = 9612895
    Number of stuck particles       = 0
    Number of free particles        = 9612895
    Average linear kinetic energy   = 4.062982031e-19
    Average rotational energy       = 4.891420537e-20
    Average vibrational energy      = 3.123148902e-20
    Average electronic energy       = 0
    Total energy                    = 46.7613411

Stage 1.0  ExecutionTime = 6797.53 s  ClockTime = 1737 s  Iteration 8670 (1.22 s)

Time = 0.003472

    Collision global reduction skipped (rank 0 local diagnostics)
    Collisions                      = 65174
    Collision candidates           = 140290
    Collision acceptance rate      = 0.4645662556

    Number of DSMC particles        = 9612858
    Number of stuck particles       = 0
    Number of free particles        = 9612858
    Average linear kinetic energy   = 4.063016616e-19
    Average rotational energy       = 4.892426643e-20
    Average vibrational energy      = 3.123457199e-20
    Average electronic energy       = 0
    Total energy                    = 46.76275709

Stage 1.0  ExecutionTime = 6806.45 s  ClockTime = 1740 s  Iteration 8680 (1.2 s)

Time = 0.003476

    Collision global reduction skipped (rank 0 local diagnostics)
    Collisions                      = 65177
    Collision candidates           = 140610
    Collision acceptance rate      = 0.4635303321

    Number of DSMC particles        = 9612925
    Number of stuck particles       = 0
    Number of free particles        = 9612925
    Average linear kinetic energy   = 4.063081439e-19
    Average rotational energy       = 4.89174334e-20
    Average vibrational energy      = 3.12301166e-20
    Average electronic energy       = 0
    Total energy                    = 46.76262101

Stage 1.0  ExecutionTime = 6815.37 s  ClockTime = 1742 s  Iteration 8690 (1.21 s)

Time = 0.00348

    Collision global reduction skipped (rank 0 local diagnostics)
    Collisions                      = 65309
    Collision candidates           = 140657
    Collision acceptance rate      = 0.4643138983

    Number of DSMC particles        = 9613108
    Number of stuck particles       = 0
    Number of free particles        = 9613108
    Average linear kinetic energy   = 4.062777409e-19
    Average rotational energy       = 4.893734689e-20
    Average vibrational energy      = 3.123129617e-20
    Average electronic energy       = 0
    Total energy                    = 46.76261626

Stage 1.0  ExecutionTime = 6824.42 s  ClockTime = 1744 s  Iteration 8700 (1.35 s)

Time = 0.003484

    Collision global reduction skipped (rank 0 local diagnostics)
    Collisions                      = 65243
    Collision candidates           = 140635
    Collision acceptance rate      = 0.4639172326

    Number of DSMC particles        = 9613544
    Number of stuck particles       = 0
    Number of free particles        = 9613544
    Average linear kinetic energy   = 4.063796609e-19
    Average rotational energy       = 4.888777026e-20
    Average vibrational energy      = 3.122549112e-20
    Average electronic energy       = 0
    Total energy                    = 46.76921114

Stage 1.0  ExecutionTime = 6833.36 s  ClockTime = 1746 s  Iteration 8710 (1.22 s)

Time = 0.003488

    Collision global reduction skipped (rank 0 local diagnostics)
    Collisions                      = 65150
    Collision candidates           = 140492
    Collision acceptance rate      = 0.463727472

    Number of DSMC particles        = 9613764
    Number of stuck particles       = 0
    Number of free particles        = 9613764
    Average linear kinetic energy   = 4.063429752e-19
    Average rotational energy       = 4.892452833e-20
    Average vibrational energy      = 3.120584938e-20
    Average electronic energy       = 0
    Total energy                    = 46.76840008

Stage 1.0  ExecutionTime = 6842.28 s  ClockTime = 1749 s  Iteration 8720 (1.21 s)

Time = 0.003492

    Collision global reduction skipped (rank 0 local diagnostics)
    Collisions                      = 64780
    Collision candidates           = 140399
    Collision acceptance rate      = 0.4613992977

    Number of DSMC particles        = 9613998
    Number of stuck particles       = 0
    Number of free particles        = 9613998
    Average linear kinetic energy   = 4.063106806e-19
    Average rotational energy       = 4.891795332e-20
    Average vibrational energy      = 3.119803159e-20
    Average electronic energy       = 0
    Total energy                    = 46.7650499

Stage 1.0  ExecutionTime = 6851.22 s  ClockTime = 1751 s  Iteration 8730 (1.22 s)

Time = 0.003496

    Collision global reduction skipped (rank 0 local diagnostics)
    Collisions                      = 65592
    Collision candidates           = 140560
    Collision acceptance rate      = 0.4666476949

    Number of DSMC particles        = 9613696
    Number of stuck particles       = 0
    Number of free particles        = 9613696
    Average linear kinetic energy   = 4.06285479e-19
    Average rotational energy       = 4.892839054e-20
    Average vibrational energy      = 3.120037928e-20
    Average electronic energy       = 0
    Total energy                    = 46.76238718

Stage 1.0  ExecutionTime = 6860.15 s  ClockTime = 1753 s  Iteration 8740 (1.21 s)

Time = 0.0035

    Collision global reduction skipped (rank 0 local diagnostics)
    Collisions                      = 64972
    Collision candidates           = 140319
    Collision acceptance rate      = 0.4630306658

    Number of DSMC particles        = 9613630
    Number of stuck particles       = 0
    Number of free particles        = 9613630
    Average linear kinetic energy   = 4.062939791e-19
    Average rotational energy       = 4.891914234e-20
    Average vibrational energy      = 3.12051264e-20
    Average electronic energy       = 0
    Total energy                    = 46.7624506
Replicated mesh: processor output begin at time 0.0035 (read mesh instance "constant", processor mesh instance 0.0035)
Replicated mesh: constructing processor mesh/addressing

Using externally supplied distribution of cells

Calculating original mesh data

Distributing cells to processors

Distributing faces to processors

Distributing points to processors

Constructing processor meshes

Processor 0
    Number of cells = 6791
    Number of faces shared with processor 1 = 59
    Number of faces shared with processor 2 = 0
    Number of faces shared with processor 3 = 68
    Number of faces shared with processor 4 = 0
    Number of faces shared with processor 5 = 0
    Number of faces shared with processor 6 = 0
    Number of faces shared with processor 7 = 47
    Number of faces shared with processor 8 = 0
    Number of faces shared with processor 9 = 22
    Number of faces shared with processor 10 = 59
    Number of faces shared with processor 11 = 0
    Number of faces shared with processor 12 = 0
    Number of faces shared with processor 13 = 0
    Number of faces shared with processor 14 = 0
    Number of faces shared with processor 15 = 0
    Number of processor patches = 15
    Number of processor faces = 255
    Number of boundary faces = 13699

Number of processor faces = 127
Max number of cells = 6791 (4.325450548% above average 6509.4375)
Max number of processor patches = 15 (1500% above average 0.9375)
Max number of faces between processors = 255 (1500% above average 15.9375)

Replicated mesh: rank 0 wrote processor0 output mesh/addressing at instance 0.0035
Replicated mesh: rank 0 wrote processor0 mesh/addressing
Replicated mesh: processor mesh/addressing barrier complete
Replicated mesh: rank 0 loaded processor0 mesh from instance 0.0035
Replicated mesh: rank 0 loaded processor addressing with 6791 cells, 27350 faces, 20 patches
Replicated mesh: rank 0 wrote processor0 volume fields at output time 0.0035 (scalar=67, vector=12, sphericalTensor=0, symmTensor=0, tensor=0)
Replicated mesh: rank 0 writing processor0 lagrangian cloud
Replicated mesh: rank 0 wrote processor0 cloud at output time 0.0035 with 641405 parcels
Replicated mesh processor output timing:
    owner-align migrate [s] = 0.08
    processor fields/cloud write [s] = 2.92


Stage 1.0  ExecutionTime = 6874.91 s  ClockTime = 1759 s  Iteration 8750 (7.05 s)

    Maximum imbalance = 6.749271607%

End stage 1


DSMC solver profile summary
    solver profile steps          = 8750
    move+collide wall [s]         = 1417.545364
    move only [s]                 = 760.0663614
    buildCellOccupancy [s]        = 114.3840665
    collision phase [s]           = 381.6786166
    post fields/output [s]        = 435.2052176
    total profiled [s]            = 1691.334262
    full evolve wall [s]          = 1660.007625
    move+collide cpu [s]          = 5638.24
    move only cpu [s]             = 3022.86
    buildCellOccupancy cpu [s]    = 441.81
    collision phase cpu [s]       = 1524.74
    post fields/output cpu [s]    = 1715.2
    total profiled cpu [s]        = 6704.61
    full evolve cpu [s]           = 6583.36
    collision localLoop max [s] = 379.0308633
    collision reduce max [s]    = 0
    collision sigmaBC max [s]   = 3.056308885
    collision total max [s]     = 381.6564725
    collision accounted max [s] = 381.6443672
    collision residual max [s]  = 0.013758994
    collision subphase max sum [s] = 382.0871722
    OpenMP enabled                = 1
    OpenMP max threads            = 4
    OpenMP move                   = 1 (static, chunk 64)
    OpenMP collision              = dynamic, chunk 8


Replicated mesh profiling summary:
    migration calls             = 8776
    migration wall time [s]     = 249.5580165
    local particles (final)     = 641405
    migration wall max [s]      = 396.9775191
    migration pack max [s]      = 97.32570658
    migration local prep max [s]= 8.958827804
    migration size exchange max [s] = 277.3278657
    migration request post max [s] = 7.991641721
    migration wait max [s]      = 9.523122003
    migration deserialize max [s] = 11.35004784
    migration post max [s]      = 4.626482765
    migration candidate gather max [s] = 0.000874722
    migration accounted max [s] = 396.9775191
    migration residual max [s]  = 1.98951966e-12
    updateParticleCounts max [s]= 14.05122455
    migration subphase max sum [s] = 417.1045691
    particles per rank          = min 563064 max 641405 max/min 1.139133384
    rank wall time (evolve, 8750 steps): min 4815.24 max 5613.78 max/min 1.165835971
    Phase C auto DLB checks      = 8750
    Phase C auto DLB rebalances = 18
    Phase C auto DLB triggered checks = 18
    Phase C auto DLB wall max [s]= 10.74591191
    Phase C auto DLB check max [s]= 5.940380914
    Phase C ParMETIS max [s]     = 1.405507489
    Phase C migration max [s]    = 3.555422336
    Phase C cellOwner write max [s] = 0
    Phase C post-diagnostic max [s] = 0.001945456
    Phase C auto DLB accounted max [s] = 10.90325619
    Phase C auto DLB residual max [s] = -0.157344287

Total Iterations = 8750
End main

