/*---------------------------------------------------------------------------*\
| =========                 |                                                 |
| \\      /  F ield         | OpenFOAM: The Open Source CFD Toolbox           |
|  \\    /   O peration     | Version:  v1706                                 |
|   \\  /    A nd           | Web:      www.OpenFOAM.com                      |
|    \\/     M anipulation  |                                                 |
\*---------------------------------------------------------------------------*/
Build  : v1706
Arch   : "LSB;label=32;scalar=64"
Exec   : /publicfs01/fs1-m8/home/m8s000774/users/xiao_chen_xiang/611/dsmcFoamPar/v1706/dlb/platforms/linux64IccDPInt32Opt/bin/dsmcFoam+
Date   : Jun 19 2026
Time   : 03:34:28
Host   : "m4cl0507.para.bscc"
PID    : 64973
/*---------------------------------------------------------------------------*\
| =========                 |                                                 |
| \\      /  F ield         | OpenFOAM: The Open Source CFD Toolbox           |
|  \\    /   O peration     | Version:  v1706                                 |
|   \\  /    A nd           | Web:      www.OpenFOAM.com                      |
|    \\/     M anipulation  |                                                 |
\*---------------------------------------------------------------------------*/
Build  : v1706
Arch   : "LSB;label=32;scalar=64"
Exec   : /publicfs01/fs1-m8/home/m8s000774/users/xiao_chen_xiang/611/dsmcFoamPar/v1706/dlb/platforms/linux64IccDPInt32Opt/bin/dsmcFoam+
Date   : Jun 19 2026
Time   : 03:34:28
Host   : "m4cl0507.para.bscc"
PID    : 64974
/*---------------------------------------------------------------------------*\
| =========                 |                                                 |
| \\      /  F ield         | OpenFOAM: The Open Source CFD Toolbox           |
|  \\    /   O peration     | Version:  v1706                                 |
|   \\  /    A nd           | Web:      www.OpenFOAM.com                      |
|    \\/     M anipulation  |                                                 |
\*---------------------------------------------------------------------------*/
Build  : v1706
Arch   : "LSB;label=32;scalar=64"
Exec   : /publicfs01/fs1-m8/home/m8s000774/users/xiao_chen_xiang/611/dsmcFoamPar/v1706/dlb/platforms/linux64IccDPInt32Opt/bin/dsmcFoam+
Date   : Jun 19 2026
Time   : 03:34:28
Host   : "m4cl0507.para.bscc"
PID    : 64975
/*---------------------------------------------------------------------------*\
| =========                 |                                                 |
| \\      /  F ield         | OpenFOAM: The Open Source CFD Toolbox           |
|  \\    /   O peration     | Version:  v1706                                 |
|   \\  /    A nd           | Web:      www.OpenFOAM.com                      |
|    \\/     M anipulation  |                                                 |
\*---------------------------------------------------------------------------*/
Build  : v1706
Arch   : "LSB;label=32;scalar=64"
Exec   : /publicfs01/fs1-m8/home/m8s000774/users/xiao_chen_xiang/611/dsmcFoamPar/v1706/dlb/platforms/linux64IccDPInt32Opt/bin/dsmcFoam+
Date   : Jun 19 2026
Time   : 03:34:28
Host   : "m4cl0507.para.bscc"
PID    : 64976
/*---------------------------------------------------------------------------*\
| =========                 |                                                 |
| \\      /  F ield         | OpenFOAM: The Open Source CFD Toolbox           |
|  \\    /   O peration     | Version:  v1706                                 |
|   \\  /    A nd           | Web:      www.OpenFOAM.com                      |
|    \\/     M anipulation  |                                                 |
\*---------------------------------------------------------------------------*/
Build  : v1706
Arch   : "LSB;label=32;scalar=64"
Exec   : /publicfs01/fs1-m8/home/m8s000774/users/xiao_chen_xiang/611/dsmcFoamPar/v1706/dlb/platforms/linux64IccDPInt32Opt/bin/dsmcFoam+
Date   : Jun 19 2026
Time   : 03:34:28
Host   : "m4cl0507.para.bscc"
PID    : 64989
/*---------------------------------------------------------------------------*\
| =========                 |                                                 |
| \\      /  F ield         | OpenFOAM: The Open Source CFD Toolbox           |
|  \\    /   O peration     | Version:  v1706                                 |
|   \\  /    A nd           | Web:      www.OpenFOAM.com                      |
|    \\/     M anipulation  |                                                 |
\*---------------------------------------------------------------------------*/
Build  : v1706
Arch   : "LSB;label=32;scalar=64"
Exec   : /publicfs01/fs1-m8/home/m8s000774/users/xiao_chen_xiang/611/dsmcFoamPar/v1706/dlb/platforms/linux64IccDPInt32Opt/bin/dsmcFoam+
Date   : Jun 19 2026
Time   : 03:34:28
Host   : "m4cl0507.para.bscc"
PID    : 64990
/*---------------------------------------------------------------------------*\
| =========                 |                                                 |
| \\      /  F ield         | OpenFOAM: The Open Source CFD Toolbox           |
|  \\    /   O peration     | Version:  v1706                                 |
|   \\  /    A nd           | Web:      www.OpenFOAM.com                      |
|    \\/     M anipulation  |                                                 |
\*---------------------------------------------------------------------------*/
Build  : v1706
Arch   : "LSB;label=32;scalar=64"
Exec   : /publicfs01/fs1-m8/home/m8s000774/users/xiao_chen_xiang/611/dsmcFoamPar/v1706/dlb/platforms/linux64IccDPInt32Opt/bin/dsmcFoam+
Date   : Jun 19 2026
Time   : 03:34:28
Host   : "m4cl0507.para.bscc"
PID    : 64991
/*---------------------------------------------------------------------------*\
| =========                 |                                                 |
| \\      /  F ield         | OpenFOAM: The Open Source CFD Toolbox           |
|  \\    /   O peration     | Version:  v1706                                 |
|   \\  /    A nd           | Web:      www.OpenFOAM.com                      |
|    \\/     M anipulation  |                                                 |
\*---------------------------------------------------------------------------*/
Build  : v1706
Arch   : "LSB;label=32;scalar=64"
Exec   : /publicfs01/fs1-m8/home/m8s000774/users/xiao_chen_xiang/611/dsmcFoamPar/v1706/dlb/platforms/linux64IccDPInt32Opt/bin/dsmcFoam+
Date   : Jun 19 2026
Time   : 03:34:28
Host   : "m4cl0507.para.bscc"
PID    : 64992
/*---------------------------------------------------------------------------*\
| =========                 |                                                 |
| \\      /  F ield         | OpenFOAM: The Open Source CFD Toolbox           |
|  \\    /   O peration     | Version:  v1706                                 |
|   \\  /    A nd           | Web:      www.OpenFOAM.com                      |
|    \\/     M anipulation  |                                                 |
\*---------------------------------------------------------------------------*/
Build  : v1706
Arch   : "LSB;label=32;scalar=64"
Exec   : /publicfs01/fs1-m8/home/m8s000774/users/xiao_chen_xiang/611/dsmcFoamPar/v1706/dlb/platforms/linux64IccDPInt32Opt/bin/dsmcFoam+
Date   : Jun 19 2026
Time   : 03:34:28
Host   : "m4cl0507.para.bscc"
PID    : 64994
/*---------------------------------------------------------------------------*\
| =========                 |                                                 |
| \\      /  F ield         | OpenFOAM: The Open Source CFD Toolbox           |
|  \\    /   O peration     | Version:  v1706                                 |
|   \\  /    A nd           | Web:      www.OpenFOAM.com                      |
|    \\/     M anipulation  |                                                 |
\*---------------------------------------------------------------------------*/
Build  : v1706
Arch   : "LSB;label=32;scalar=64"
Exec   : /publicfs01/fs1-m8/home/m8s000774/users/xiao_chen_xiang/611/dsmcFoamPar/v1706/dlb/platforms/linux64IccDPInt32Opt/bin/dsmcFoam+
Date   : Jun 19 2026
Time   : 03:34:28
Host   : "m4cl0507.para.bscc"
PID    : 64997
/*---------------------------------------------------------------------------*\
| =========                 |                                                 |
| \\      /  F ield         | OpenFOAM: The Open Source CFD Toolbox           |
|  \\    /   O peration     | Version:  v1706                                 |
|   \\  /    A nd           | Web:      www.OpenFOAM.com                      |
|    \\/     M anipulation  |                                                 |
\*---------------------------------------------------------------------------*/
Build  : v1706
Arch   : "LSB;label=32;scalar=64"
Exec   : /publicfs01/fs1-m8/home/m8s000774/users/xiao_chen_xiang/611/dsmcFoamPar/v1706/dlb/platforms/linux64IccDPInt32Opt/bin/dsmcFoam+
Date   : Jun 19 2026
Time   : 03:34:28
Host   : "m4cl0507.para.bscc"
PID    : 64998
/*---------------------------------------------------------------------------*\
| =========                 |                                                 |
| \\      /  F ield         | OpenFOAM: The Open Source CFD Toolbox           |
|  \\    /   O peration     | Version:  v1706                                 |
|   \\  /    A nd           | Web:      www.OpenFOAM.com                      |
|    \\/     M anipulation  |                                                 |
\*---------------------------------------------------------------------------*/
Build  : v1706
Arch   : "LSB;label=32;scalar=64"
Exec   : /publicfs01/fs1-m8/home/m8s000774/users/xiao_chen_xiang/611/dsmcFoamPar/v1706/dlb/platforms/linux64IccDPInt32Opt/bin/dsmcFoam+
Date   : Jun 19 2026
Time   : 03:34:28
Host   : "m4cl0507.para.bscc"
PID    : 64999
/*---------------------------------------------------------------------------*\
| =========                 |                                                 |
| \\      /  F ield         | OpenFOAM: The Open Source CFD Toolbox           |
|  \\    /   O peration     | Version:  v1706                                 |
|   \\  /    A nd           | Web:      www.OpenFOAM.com                      |
|    \\/     M anipulation  |                                                 |
\*---------------------------------------------------------------------------*/
Build  : v1706
Arch   : "LSB;label=32;scalar=64"
Exec   : /publicfs01/fs1-m8/home/m8s000774/users/xiao_chen_xiang/611/dsmcFoamPar/v1706/dlb/platforms/linux64IccDPInt32Opt/bin/dsmcFoam+
Date   : Jun 19 2026
Time   : 03:34:28
Host   : "m4cl0507.para.bscc"
PID    : 65000
/*---------------------------------------------------------------------------*\
| =========                 |                                                 |
| \\      /  F ield         | OpenFOAM: The Open Source CFD Toolbox           |
|  \\    /   O peration     | Version:  v1706                                 |
|   \\  /    A nd           | Web:      www.OpenFOAM.com                      |
|    \\/     M anipulation  |                                                 |
\*---------------------------------------------------------------------------*/
Build  : v1706
Arch   : "LSB;label=32;scalar=64"
Exec   : /publicfs01/fs1-m8/home/m8s000774/users/xiao_chen_xiang/611/dsmcFoamPar/v1706/dlb/platforms/linux64IccDPInt32Opt/bin/dsmcFoam+
Date   : Jun 19 2026
Time   : 03:34:28
Host   : "m4cl0507.para.bscc"
PID    : 64969
/*---------------------------------------------------------------------------*\
| =========                 |                                                 |
| \\      /  F ield         | OpenFOAM: The Open Source CFD Toolbox           |
|  \\    /   O peration     | Version:  v1706                                 |
|   \\  /    A nd           | Web:      www.OpenFOAM.com                      |
|    \\/     M anipulation  |                                                 |
\*---------------------------------------------------------------------------*/
Build  : v1706
Arch   : "LSB;label=32;scalar=64"
Exec   : /publicfs01/fs1-m8/home/m8s000774/users/xiao_chen_xiang/611/dsmcFoamPar/v1706/dlb/platforms/linux64IccDPInt32Opt/bin/dsmcFoam+
Date   : Jun 19 2026
Time   : 03:34:28
Host   : "m4cl0507.para.bscc"
PID    : 64970
/*---------------------------------------------------------------------------*\
| =========                 |                                                 |
| \\      /  F ield         | OpenFOAM: The Open Source CFD Toolbox           |
|  \\    /   O peration     | Version:  v1706                                 |
|   \\  /    A nd           | Web:      www.OpenFOAM.com                      |
|    \\/     M anipulation  |                                                 |
\*---------------------------------------------------------------------------*/
Build  : v1706
Arch   : "LSB;label=32;scalar=64"
Exec   : /publicfs01/fs1-m8/home/m8s000774/users/xiao_chen_xiang/611/dsmcFoamPar/v1706/dlb/platforms/linux64IccDPInt32Opt/bin/dsmcFoam+
Date   : Jun 19 2026
Time   : 03:34:28
Host   : "m4cl0507.para.bscc"
PID    : 64971
/*---------------------------------------------------------------------------*\
| =========                 |                                                 |
| \\      /  F ield         | OpenFOAM: The Open Source CFD Toolbox           |
|  \\    /   O peration     | Version:  v1706                                 |
|   \\  /    A nd           | Web:      www.OpenFOAM.com                      |
|    \\/     M anipulation  |                                                 |
\*---------------------------------------------------------------------------*/
Build  : v1706
Arch   : "LSB;label=32;scalar=64"
Exec   : /publicfs01/fs1-m8/home/m8s000774/users/xiao_chen_xiang/611/dsmcFoamPar/v1706/dlb/platforms/linux64IccDPInt32Opt/bin/dsmcFoam+
Date   : Jun 19 2026
Time   : 03:34:28
Host   : "m4cl0507.para.bscc"
PID    : 64972
/*---------------------------------------------------------------------------*\
| =========                 |                                                 |
| \\      /  F ield         | OpenFOAM: The Open Source CFD Toolbox           |
|  \\    /   O peration     | Version:  v1706                                 |
|   \\  /    A nd           | Web:      www.OpenFOAM.com                      |
|    \\/     M anipulation  |                                                 |
\*---------------------------------------------------------------------------*/
Build  : v1706
Arch   : "LSB;label=32;scalar=64"
Exec   : /publicfs01/fs1-m8/home/m8s000774/users/xiao_chen_xiang/611/dsmcFoamPar/v1706/dlb/platforms/linux64IccDPInt32Opt/bin/dsmcFoam+
Date   : Jun 19 2026
Time   : 03:34:28
Host   : "m4cl0507.para.bscc"
PID    : 64977
/*---------------------------------------------------------------------------*\
| =========                 |                                                 |
| \\      /  F ield         | OpenFOAM: The Open Source CFD Toolbox           |
|  \\    /   O peration     | Version:  v1706                                 |
|   \\  /    A nd           | Web:      www.OpenFOAM.com                      |
|    \\/     M anipulation  |                                                 |
\*---------------------------------------------------------------------------*/
Build  : v1706
Arch   : "LSB;label=32;scalar=64"
Exec   : /publicfs01/fs1-m8/home/m8s000774/users/xiao_chen_xiang/611/dsmcFoamPar/v1706/dlb/platforms/linux64IccDPInt32Opt/bin/dsmcFoam+
Date   : Jun 19 2026
Time   : 03:34:28
Host   : "m4cl0507.para.bscc"
PID    : 64978
/*---------------------------------------------------------------------------*\
| =========                 |                                                 |
| \\      /  F ield         | OpenFOAM: The Open Source CFD Toolbox           |
|  \\    /   O peration     | Version:  v1706                                 |
|   \\  /    A nd           | Web:      www.OpenFOAM.com                      |
|    \\/     M anipulation  |                                                 |
\*---------------------------------------------------------------------------*/
Build  : v1706
Arch   : "LSB;label=32;scalar=64"
Exec   : /publicfs01/fs1-m8/home/m8s000774/users/xiao_chen_xiang/611/dsmcFoamPar/v1706/dlb/platforms/linux64IccDPInt32Opt/bin/dsmcFoam+
Date   : Jun 19 2026
Time   : 03:34:28
Host   : "m4cl0507.para.bscc"
PID    : 64979
/*---------------------------------------------------------------------------*\
| =========                 |                                                 |
| \\      /  F ield         | OpenFOAM: The Open Source CFD Toolbox           |
|  \\    /   O peration     | Version:  v1706                                 |
|   \\  /    A nd           | Web:      www.OpenFOAM.com                      |
|    \\/     M anipulation  |                                                 |
\*---------------------------------------------------------------------------*/
Build  : v1706
Arch   : "LSB;label=32;scalar=64"
Exec   : /publicfs01/fs1-m8/home/m8s000774/users/xiao_chen_xiang/611/dsmcFoamPar/v1706/dlb/platforms/linux64IccDPInt32Opt/bin/dsmcFoam+
Date   : Jun 19 2026
Time   : 03:34:28
Host   : "m4cl0507.para.bscc"
PID    : 64980
/*---------------------------------------------------------------------------*\
| =========                 |                                                 |
| \\      /  F ield         | OpenFOAM: The Open Source CFD Toolbox           |
|  \\    /   O peration     | Version:  v1706                                 |
|   \\  /    A nd           | Web:      www.OpenFOAM.com                      |
|    \\/     M anipulation  |                                                 |
\*---------------------------------------------------------------------------*/
Build  : v1706
Arch   : "LSB;label=32;scalar=64"
Exec   : /publicfs01/fs1-m8/home/m8s000774/users/xiao_chen_xiang/611/dsmcFoamPar/v1706/dlb/platforms/linux64IccDPInt32Opt/bin/dsmcFoam+
Date   : Jun 19 2026
Time   : 03:34:28
Host   : "m4cl0507.para.bscc"
PID    : 64981
/*---------------------------------------------------------------------------*\
| =========                 |                                                 |
| \\      /  F ield         | OpenFOAM: The Open Source CFD Toolbox           |
|  \\    /   O peration     | Version:  v1706                                 |
|   \\  /    A nd           | Web:      www.OpenFOAM.com                      |
|    \\/     M anipulation  |                                                 |
\*---------------------------------------------------------------------------*/
Build  : v1706
Arch   : "LSB;label=32;scalar=64"
Exec   : /publicfs01/fs1-m8/home/m8s000774/users/xiao_chen_xiang/611/dsmcFoamPar/v1706/dlb/platforms/linux64IccDPInt32Opt/bin/dsmcFoam+
Date   : Jun 19 2026
Time   : 03:34:28
Host   : "m4cl0507.para.bscc"
PID    : 64982
/*---------------------------------------------------------------------------*\
| =========                 |                                                 |
| \\      /  F ield         | OpenFOAM: The Open Source CFD Toolbox           |
|  \\    /   O peration     | Version:  v1706                                 |
|   \\  /    A nd           | Web:      www.OpenFOAM.com                      |
|    \\/     M anipulation  |                                                 |
\*---------------------------------------------------------------------------*/
Build  : v1706
Arch   : "LSB;label=32;scalar=64"
Exec   : /publicfs01/fs1-m8/home/m8s000774/users/xiao_chen_xiang/611/dsmcFoamPar/v1706/dlb/platforms/linux64IccDPInt32Opt/bin/dsmcFoam+
Date   : Jun 19 2026
Time   : 03:34:28
Host   : "m4cl0507.para.bscc"
PID    : 64983
/*---------------------------------------------------------------------------*\
| =========                 |                                                 |
| \\      /  F ield         | OpenFOAM: The Open Source CFD Toolbox           |
|  \\    /   O peration     | Version:  v1706                                 |
|   \\  /    A nd           | Web:      www.OpenFOAM.com                      |
|    \\/     M anipulation  |                                                 |
\*---------------------------------------------------------------------------*/
Build  : v1706
Arch   : "LSB;label=32;scalar=64"
Exec   : /publicfs01/fs1-m8/home/m8s000774/users/xiao_chen_xiang/611/dsmcFoamPar/v1706/dlb/platforms/linux64IccDPInt32Opt/bin/dsmcFoam+
Date   : Jun 19 2026
Time   : 03:34:28
Host   : "m4cl0507.para.bscc"
PID    : 64984
/*---------------------------------------------------------------------------*\
| =========                 |                                                 |
| \\      /  F ield         | OpenFOAM: The Open Source CFD Toolbox           |
|  \\    /   O peration     | Version:  v1706                                 |
|   \\  /    A nd           | Web:      www.OpenFOAM.com                      |
|    \\/     M anipulation  |                                                 |
\*---------------------------------------------------------------------------*/
Build  : v1706
Arch   : "LSB;label=32;scalar=64"
Exec   : /publicfs01/fs1-m8/home/m8s000774/users/xiao_chen_xiang/611/dsmcFoamPar/v1706/dlb/platforms/linux64IccDPInt32Opt/bin/dsmcFoam+
Date   : Jun 19 2026
Time   : 03:34:28
Host   : "m4cl0507.para.bscc"
PID    : 64985
/*---------------------------------------------------------------------------*\
| =========                 |                                                 |
| \\      /  F ield         | OpenFOAM: The Open Source CFD Toolbox           |
|  \\    /   O peration     | Version:  v1706                                 |
|   \\  /    A nd           | Web:      www.OpenFOAM.com                      |
|    \\/     M anipulation  |                                                 |
\*---------------------------------------------------------------------------*/
Build  : v1706
Arch   : "LSB;label=32;scalar=64"
Exec   : /publicfs01/fs1-m8/home/m8s000774/users/xiao_chen_xiang/611/dsmcFoamPar/v1706/dlb/platforms/linux64IccDPInt32Opt/bin/dsmcFoam+
Date   : Jun 19 2026
Time   : 03:34:28
Host   : "m4cl0507.para.bscc"
PID    : 64986
/*---------------------------------------------------------------------------*\
| =========                 |                                                 |
| \\      /  F ield         | OpenFOAM: The Open Source CFD Toolbox           |
|  \\    /   O peration     | Version:  v1706                                 |
|   \\  /    A nd           | Web:      www.OpenFOAM.com                      |
|    \\/     M anipulation  |                                                 |
\*---------------------------------------------------------------------------*/
Build  : v1706
Arch   : "LSB;label=32;scalar=64"
Exec   : /publicfs01/fs1-m8/home/m8s000774/users/xiao_chen_xiang/611/dsmcFoamPar/v1706/dlb/platforms/linux64IccDPInt32Opt/bin/dsmcFoam+
Date   : Jun 19 2026
Time   : 03:34:28
Host   : "m4cl0507.para.bscc"
PID    : 64987
/*---------------------------------------------------------------------------*\
| =========                 |                                                 |
| \\      /  F ield         | OpenFOAM: The Open Source CFD Toolbox           |
|  \\    /   O peration     | Version:  v1706                                 |
|   \\  /    A nd           | Web:      www.OpenFOAM.com                      |
|    \\/     M anipulation  |                                                 |
\*---------------------------------------------------------------------------*/
Build  : v1706
Arch   : "LSB;label=32;scalar=64"
Exec   : /publicfs01/fs1-m8/home/m8s000774/users/xiao_chen_xiang/611/dsmcFoamPar/v1706/dlb/platforms/linux64IccDPInt32Opt/bin/dsmcFoam+
Date   : Jun 19 2026
Time   : 03:34:28
Host   : "m4cl0507.para.bscc"
PID    : 64988
/*---------------------------------------------------------------------------*\
| =========                 |                                                 |
| \\      /  F ield         | OpenFOAM: The Open Source CFD Toolbox           |
|  \\    /   O peration     | Version:  v1706                                 |
|   \\  /    A nd           | Web:      www.OpenFOAM.com                      |
|    \\/     M anipulation  |                                                 |
\*---------------------------------------------------------------------------*/
Build  : v1706
Arch   : "LSB;label=32;scalar=64"
Exec   : /publicfs01/fs1-m8/home/m8s000774/users/xiao_chen_xiang/611/dsmcFoamPar/v1706/dlb/platforms/linux64IccDPInt32Opt/bin/dsmcFoam+
Date   : Jun 19 2026
Time   : 03:34:28
Host   : "m4cl0507.para.bscc"
PID    : 64993
/*---------------------------------------------------------------------------*\
| =========                 |                                                 |
| \\      /  F ield         | OpenFOAM: The Open Source CFD Toolbox           |
|  \\    /   O peration     | Version:  v1706                                 |
|   \\  /    A nd           | Web:      www.OpenFOAM.com                      |
|    \\/     M anipulation  |                                                 |
\*---------------------------------------------------------------------------*/
Build  : v1706
Arch   : "LSB;label=32;scalar=64"
Exec   : /publicfs01/fs1-m8/home/m8s000774/users/xiao_chen_xiang/611/dsmcFoamPar/v1706/dlb/platforms/linux64IccDPInt32Opt/bin/dsmcFoam+
Date   : Jun 19 2026
Time   : 03:34:28
Host   : "m4cl0507.para.bscc"
PID    : 64995
/*---------------------------------------------------------------------------*\
| =========                 |                                                 |
| \\      /  F ield         | OpenFOAM: The Open Source CFD Toolbox           |
|  \\    /   O peration     | Version:  v1706                                 |
|   \\  /    A nd           | Web:      www.OpenFOAM.com                      |
|    \\/     M anipulation  |                                                 |
\*---------------------------------------------------------------------------*/
Build  : v1706
Arch   : "LSB;label=32;scalar=64"
Exec   : /publicfs01/fs1-m8/home/m8s000774/users/xiao_chen_xiang/611/dsmcFoamPar/v1706/dlb/platforms/linux64IccDPInt32Opt/bin/dsmcFoam+
Date   : Jun 19 2026
Time   : 03:34:28
Host   : "m4cl0507.para.bscc"
PID    : 64996
Case   : /publicfs01/fs1-m8/home/m8s000774/users/xiao_chen_xiang/611/dsmcFoamPar/v1706/dlb/case/pal-phd-3.3.1-react/validate/mpi32_omp2
nProcs : 1
Case   : /publicfs01/fs1-m8/home/m8s000774/users/xiao_chen_xiang/611/dsmcFoamPar/v1706/dlb/case/pal-phd-3.3.1-react/validate/mpi32_omp2
nProcs : 1
sigFpe : Enabling floating point exception trapping (FOAM_SIGFPE).
sigFpe : Enabling floating point exception trapping (FOAM_SIGFPE).
fileModificationChecking : Monitoring run-time modified files using timeStampMaster (fileModificationSkew 10)
allowSystemOperations : Allowing user-supplied system call operations

fileModificationChecking : Monitoring run-time modified files using timeStampMaster (fileModificationSkew 10)
allowSystemOperations : Allowing user-supplied system call operations

// * * * * * * * * * * * * * * * * * * * * * * * * * * * * * * * * * * * * * //
Create time

// * * * * * * * * * * * * * * * * * * * * * * * * * * * * * * * * * * * * * //
Create time

Case   : /publicfs01/fs1-m8/home/m8s000774/users/xiao_chen_xiang/611/dsmcFoamPar/v1706/dlb/case/pal-phd-3.3.1-react/validate/mpi32_omp2
nProcs : 1
sigFpe : Enabling floating point exception trapping (FOAM_SIGFPE).
fileModificationChecking : Monitoring run-time modified files using timeStampMaster (fileModificationSkew 10)
allowSystemOperations : Allowing user-supplied system call operations

Case   : /publicfs01/fs1-m8/home/m8s000774/users/xiao_chen_xiang/611/dsmcFoamPar/v1706/dlb/case/pal-phd-3.3.1-react/validate/mpi32_omp2
nProcs : 1
// * * * * * * * * * * * * * * * * * * * * * * * * * * * * * * * * * * * * * //
Create time

sigFpe : Enabling floating point exception trapping (FOAM_SIGFPE).
fileModificationChecking : Monitoring run-time modified files using timeStampMaster (fileModificationSkew 10)
allowSystemOperations : Allowing user-supplied system call operations

// * * * * * * * * * * * * * * * * * * * * * * * * * * * * * * * * * * * * * //
Create time

Case   : /publicfs01/fs1-m8/home/m8s000774/users/xiao_chen_xiang/611/dsmcFoamPar/v1706/dlb/case/pal-phd-3.3.1-react/validate/mpi32_omp2
nProcs : 1
Case   : /publicfs01/fs1-m8/home/m8s000774/users/xiao_chen_xiang/611/dsmcFoamPar/v1706/dlb/case/pal-phd-3.3.1-react/validate/mpi32_omp2
nProcs : 1
sigFpe : Enabling floating point exception trapping (FOAM_SIGFPE).
sigFpe : Enabling floating point exception trapping (FOAM_SIGFPE).
fileModificationChecking : Monitoring run-time modified files using timeStampMaster (fileModificationSkew 10)
allowSystemOperations : Allowing user-supplied system call operations

fileModificationChecking : Monitoring run-time modified files using timeStampMaster (fileModificationSkew 10)
allowSystemOperations : Allowing user-supplied system call operations

// * * * * * * * * * * * * * * * * * * * * * * * * * * * * * * * * * * * * * //
Create time

// * * * * * * * * * * * * * * * * * * * * * * * * * * * * * * * * * * * * * //
Create time

Case   : /publicfs01/fs1-m8/home/m8s000774/users/xiao_chen_xiang/611/dsmcFoamPar/v1706/dlb/case/pal-phd-3.3.1-react/validate/mpi32_omp2
nProcs : 1
sigFpe : Enabling floating point exception trapping (FOAM_SIGFPE).
fileModificationChecking : Monitoring run-time modified files using timeStampMaster (fileModificationSkew 10)
allowSystemOperations : Allowing user-supplied system call operations

Case   : /publicfs01/fs1-m8/home/m8s000774/users/xiao_chen_xiang/611/dsmcFoamPar/v1706/dlb/case/pal-phd-3.3.1-react/validate/mpi32_omp2
nProcs : 1
// * * * * * * * * * * * * * * * * * * * * * * * * * * * * * * * * * * * * * //
Create time

sigFpe : Enabling floating point exception trapping (FOAM_SIGFPE).
fileModificationChecking : Monitoring run-time modified files using timeStampMaster (fileModificationSkew 10)
allowSystemOperations : Allowing user-supplied system call operations

// * * * * * * * * * * * * * * * * * * * * * * * * * * * * * * * * * * * * * //
Create time

Case   : /publicfs01/fs1-m8/home/m8s000774/users/xiao_chen_xiang/611/dsmcFoamPar/v1706/dlb/case/pal-phd-3.3.1-react/validate/mpi32_omp2
nProcs : 1
sigFpe : Enabling floating point exception trapping (FOAM_SIGFPE).
fileModificationChecking : Monitoring run-time modified files using timeStampMaster (fileModificationSkew 10)
allowSystemOperations : Allowing user-supplied system call operations

// * * * * * * * * * * * * * * * * * * * * * * * * * * * * * * * * * * * * * //
Create time

Case   : /publicfs01/fs1-m8/home/m8s000774/users/xiao_chen_xiang/611/dsmcFoamPar/v1706/dlb/case/pal-phd-3.3.1-react/validate/mpi32_omp2
nProcs : 1
sigFpe : Enabling floating point exception trapping (FOAM_SIGFPE).
fileModificationChecking : Monitoring run-time modified files using timeStampMaster (fileModificationSkew 10)
allowSystemOperations : Allowing user-supplied system call operations

// * * * * * * * * * * * * * * * * * * * * * * * * * * * * * * * * * * * * * //
Create time

Case   : /publicfs01/fs1-m8/home/m8s000774/users/xiao_chen_xiang/611/dsmcFoamPar/v1706/dlb/case/pal-phd-3.3.1-react/validate/mpi32_omp2
nProcs : 1
sigFpe : Enabling floating point exception trapping (FOAM_SIGFPE).
fileModificationChecking : Monitoring run-time modified files using timeStampMaster (fileModificationSkew 10)
allowSystemOperations : Allowing user-supplied system call operations

// * * * * * * * * * * * * * * * * * * * * * * * * * * * * * * * * * * * * * //
Create time

Case   : /publicfs01/fs1-m8/home/m8s000774/users/xiao_chen_xiang/611/dsmcFoamPar/v1706/dlb/case/pal-phd-3.3.1-react/validate/mpi32_omp2
nProcs : 1
sigFpe : Enabling floating point exception trapping (FOAM_SIGFPE).
fileModificationChecking : Monitoring run-time modified files using timeStampMaster (fileModificationSkew 10)
allowSystemOperations : Allowing user-supplied system call operations

Case   : /publicfs01/fs1-m8/home/m8s000774/users/xiao_chen_xiang/611/dsmcFoamPar/v1706/dlb/case/pal-phd-3.3.1-react/validate/mpi32_omp2
nProcs : 1
// * * * * * * * * * * * * * * * * * * * * * * * * * * * * * * * * * * * * * //
Create time

sigFpe : Enabling floating point exception trapping (FOAM_SIGFPE).
fileModificationChecking : Monitoring run-time modified files using timeStampMaster (fileModificationSkew 10)
allowSystemOperations : Allowing user-supplied system call operations

// * * * * * * * * * * * * * * * * * * * * * * * * * * * * * * * * * * * * * //
Create time

Case   : /publicfs01/fs1-m8/home/m8s000774/users/xiao_chen_xiang/611/dsmcFoamPar/v1706/dlb/case/pal-phd-3.3.1-react/validate/mpi32_omp2
nProcs : 1
sigFpe : Enabling floating point exception trapping (FOAM_SIGFPE).
fileModificationChecking : Monitoring run-time modified files using timeStampMaster (fileModificationSkew 10)
allowSystemOperations : Allowing user-supplied system call operations

// * * * * * * * * * * * * * * * * * * * * * * * * * * * * * * * * * * * * * //
Create time

Case   : /publicfs01/fs1-m8/home/m8s000774/users/xiao_chen_xiang/611/dsmcFoamPar/v1706/dlb/case/pal-phd-3.3.1-react/validate/mpi32_omp2
nProcs : 1
sigFpe : Enabling floating point exception trapping (FOAM_SIGFPE).
fileModificationChecking : Monitoring run-time modified files using timeStampMaster (fileModificationSkew 10)
allowSystemOperations : Allowing user-supplied system call operations

// * * * * * * * * * * * * * * * * * * * * * * * * * * * * * * * * * * * * * //
Create time

Case   : /publicfs01/fs1-m8/home/m8s000774/users/xiao_chen_xiang/611/dsmcFoamPar/v1706/dlb/case/pal-phd-3.3.1-react/validate/mpi32_omp2
nProcs : 1
sigFpe : Enabling floating point exception trapping (FOAM_SIGFPE).
fileModificationChecking : Monitoring run-time modified files using timeStampMaster (fileModificationSkew 10)
allowSystemOperations : Allowing user-supplied system call operations

Create mesh for time = 0

Create mesh for time = 0

Create mesh for time = 0

Create mesh for time = 0

Create mesh for time = 0

Create mesh for time = 0

Create mesh for time = 0

Create mesh for time = 0

Create mesh for time = 0

Create mesh for time = 0

Create mesh for time = 0

Create mesh for time = 0

// * * * * * * * * * * * * * * * * * * * * * * * * * * * * * * * * * * * * * //
Create time

Create mesh for time = 0

Create mesh for time = 0

Case   : /publicfs01/fs1-m8/home/m8s000774/users/xiao_chen_xiang/611/dsmcFoamPar/v1706/dlb/case/pal-phd-3.3.1-react/validate/mpi32_omp2
nProcs : 1
sigFpe : Enabling floating point exception trapping (FOAM_SIGFPE).
fileModificationChecking : Monitoring run-time modified files using timeStampMaster (fileModificationSkew 10)
allowSystemOperations : Allowing user-supplied system call operations

// * * * * * * * * * * * * * * * * * * * * * * * * * * * * * * * * * * * * * //
Create time

Create mesh for time = 0

Case   : /publicfs01/fs1-m8/home/m8s000774/users/xiao_chen_xiang/611/dsmcFoamPar/v1706/dlb/case/pal-phd-3.3.1-react/validate/mpi32_omp2
nProcs : 1
sigFpe : Enabling floating point exception trapping (FOAM_SIGFPE).
fileModificationChecking : Monitoring run-time modified files using timeStampMaster (fileModificationSkew 10)
allowSystemOperations : Allowing user-supplied system call operations

// * * * * * * * * * * * * * * * * * * * * * * * * * * * * * * * * * * * * * //
Create time

Create mesh for time = 0

Case   : /publicfs01/fs1-m8/home/m8s000774/users/xiao_chen_xiang/611/dsmcFoamPar/v1706/dlb/case/pal-phd-3.3.1-react/validate/mpi32_omp2
nProcs : 1
sigFpe : Enabling floating point exception trapping (FOAM_SIGFPE).
fileModificationChecking : Monitoring run-time modified files using timeStampMaster (fileModificationSkew 10)
allowSystemOperations : Allowing user-supplied system call operations

// * * * * * * * * * * * * * * * * * * * * * * * * * * * * * * * * * * * * * //
Create time

Create mesh for time = 0

Case   : /publicfs01/fs1-m8/home/m8s000774/users/xiao_chen_xiang/611/dsmcFoamPar/v1706/dlb/case/pal-phd-3.3.1-react/validate/mpi32_omp2
nProcs : 1
sigFpe : Enabling floating point exception trapping (FOAM_SIGFPE).
fileModificationChecking : Monitoring run-time modified files using timeStampMaster (fileModificationSkew 10)
allowSystemOperations : Allowing user-supplied system call operations

Create mesh for time = 0

// * * * * * * * * * * * * * * * * * * * * * * * * * * * * * * * * * * * * * //
Create time

Case   : /publicfs01/fs1-m8/home/m8s000774/users/xiao_chen_xiang/611/dsmcFoamPar/v1706/dlb/case/pal-phd-3.3.1-react/validate/mpi32_omp2
nProcs : 1
sigFpe : Enabling floating point exception trapping (FOAM_SIGFPE).
fileModificationChecking : Monitoring run-time modified files using timeStampMaster (fileModificationSkew 10)
allowSystemOperations : Allowing user-supplied system call operations

// * * * * * * * * * * * * * * * * * * * * * * * * * * * * * * * * * * * * * //
Create time

Create mesh for time = 0

Case   : /publicfs01/fs1-m8/home/m8s000774/users/xiao_chen_xiang/611/dsmcFoamPar/v1706/dlb/case/pal-phd-3.3.1-react/validate/mpi32_omp2
nProcs : 1
sigFpe : Enabling floating point exception trapping (FOAM_SIGFPE).
fileModificationChecking : Monitoring run-time modified files using timeStampMaster (fileModificationSkew 10)
allowSystemOperations : Allowing user-supplied system call operations

Case   : /publicfs01/fs1-m8/home/m8s000774/users/xiao_chen_xiang/611/dsmcFoamPar/v1706/dlb/case/pal-phd-3.3.1-react/validate/mpi32_omp2
nProcs : 1
sigFpe : Enabling floating point exception trapping (FOAM_SIGFPE).
fileModificationChecking : Monitoring run-time modified files using timeStampMaster (fileModificationSkew 10)
allowSystemOperations : Allowing user-supplied system call operations

// * * * * * * * * * * * * * * * * * * * * * * * * * * * * * * * * * * * * * //
Create time

// * * * * * * * * * * * * * * * * * * * * * * * * * * * * * * * * * * * * * //
Create time

Create mesh for time = 0

Case   : /publicfs01/fs1-m8/home/m8s000774/users/xiao_chen_xiang/611/dsmcFoamPar/v1706/dlb/case/pal-phd-3.3.1-react/validate/mpi32_omp2
nProcs : 1
sigFpe : Enabling floating point exception trapping (FOAM_SIGFPE).
fileModificationChecking : Monitoring run-time modified files using timeStampMaster (fileModificationSkew 10)
allowSystemOperations : Allowing user-supplied system call operations

// * * * * * * * * * * * * * * * * * * * * * * * * * * * * * * * * * * * * * //
Create time

Create mesh for time = 0

Case   : /publicfs01/fs1-m8/home/m8s000774/users/xiao_chen_xiang/611/dsmcFoamPar/v1706/dlb/case/pal-phd-3.3.1-react/validate/mpi32_omp2
nProcs : 1
sigFpe : Enabling floating point exception trapping (FOAM_SIGFPE).
fileModificationChecking : Monitoring run-time modified files using timeStampMaster (fileModificationSkew 10)
allowSystemOperations : Allowing user-supplied system call operations

Selecting dynamicFvMesh dynamicRefineFvMesh
// * * * * * * * * * * * * * * * * * * * * * * * * * * * * * * * * * * * * * //
Create time

Selecting dynamicFvMesh dynamicRefineFvMesh
Selecting dynamicFvMesh dynamicRefineFvMesh
Create mesh for time = 0

Create mesh for time = 0

Selecting dynamicFvMesh dynamicRefineFvMesh
Selecting dynamicFvMesh dynamicRefineFvMesh
Selecting dynamicFvMesh dynamicRefineFvMesh
Selecting dynamicFvMesh dynamicRefineFvMesh
Create mesh for time = 0

Selecting dynamicFvMesh dynamicRefineFvMesh
Case   : /publicfs01/fs1-m8/home/m8s000774/users/xiao_chen_xiang/611/dsmcFoamPar/v1706/dlb/case/pal-phd-3.3.1-react/validate/mpi32_omp2
nProcs : 1
sigFpe : Enabling floating point exception trapping (FOAM_SIGFPE).
Selecting dynamicFvMesh dynamicRefineFvMesh
Selecting dynamicFvMesh dynamicRefineFvMesh
Selecting dynamicFvMesh dynamicRefineFvMesh
fileModificationChecking : Monitoring run-time modified files using timeStampMaster (fileModificationSkew 10)
allowSystemOperations : Allowing user-supplied system call operations

// * * * * * * * * * * * * * * * * * * * * * * * * * * * * * * * * * * * * * //
Create time

Selecting dynamicFvMesh dynamicRefineFvMesh
Selecting dynamicFvMesh dynamicRefineFvMesh
Selecting dynamicFvMesh dynamicRefineFvMesh
Selecting dynamicFvMesh dynamicRefineFvMesh
Selecting dynamicFvMesh dynamicRefineFvMesh
Selecting dynamicFvMesh dynamicRefineFvMesh
Selecting dynamicFvMesh dynamicRefineFvMesh
Case   : /publicfs01/fs1-m8/home/m8s000774/users/xiao_chen_xiang/611/dsmcFoamPar/v1706/dlb/case/pal-phd-3.3.1-react/validate/mpi32_omp2
nProcs : 1
sigFpe : Enabling floating point exception trapping (FOAM_SIGFPE).
fileModificationChecking : Monitoring run-time modified files using timeStampMaster (fileModificationSkew 10)
allowSystemOperations : Allowing user-supplied system call operations

// * * * * * * * * * * * * * * * * * * * * * * * * * * * * * * * * * * * * * //
Create time

Selecting dynamicFvMesh dynamicRefineFvMesh
Selecting dynamicFvMesh dynamicRefineFvMesh
Selecting dynamicFvMesh dynamicRefineFvMesh
Selecting dynamicFvMesh dynamicRefineFvMesh
Selecting dynamicFvMesh dynamicRefineFvMesh
Selecting dynamicFvMesh dynamicRefineFvMesh
Create mesh for time = 0

Case   : /publicfs01/fs1-m8/home/m8s000774/users/xiao_chen_xiang/611/dsmcFoamPar/v1706/dlb/case/pal-phd-3.3.1-react/validate/mpi32_omp2
nProcs : 1
sigFpe : Enabling floating point exception trapping (FOAM_SIGFPE).
fileModificationChecking : Monitoring run-time modified files using timeStampMaster (fileModificationSkew 10)
allowSystemOperations : Allowing user-supplied system call operations

// * * * * * * * * * * * * * * * * * * * * * * * * * * * * * * * * * * * * * //
Create time

Selecting dynamicFvMesh dynamicRefineFvMesh
Case   : /publicfs01/fs1-m8/home/m8s000774/users/xiao_chen_xiang/611/dsmcFoamPar/v1706/dlb/case/pal-phd-3.3.1-react/validate/mpi32_omp2
nProcs : 1
sigFpe : Enabling floating point exception trapping (FOAM_SIGFPE).
fileModificationChecking : Monitoring run-time modified files using timeStampMaster (fileModificationSkew 10)
allowSystemOperations : Allowing user-supplied system call operations

// * * * * * * * * * * * * * * * * * * * * * * * * * * * * * * * * * * * * * //
Create time

Create mesh for time = 0

Case   : /publicfs01/fs1-m8/home/m8s000774/users/xiao_chen_xiang/611/dsmcFoamPar/v1706/dlb/case/pal-phd-3.3.1-react/validate/mpi32_omp2
nProcs : 1
sigFpe : Enabling floating point exception trapping (FOAM_SIGFPE).
fileModificationChecking : Monitoring run-time modified files using timeStampMaster (fileModificationSkew 10)
allowSystemOperations : Allowing user-supplied system call operations

Create mesh for time = 0

// * * * * * * * * * * * * * * * * * * * * * * * * * * * * * * * * * * * * * //
Create time

Selecting dynamicFvMesh dynamicRefineFvMesh
Case   : /publicfs01/fs1-m8/home/m8s000774/users/xiao_chen_xiang/611/dsmcFoamPar/v1706/dlb/case/pal-phd-3.3.1-react/validate/mpi32_omp2
nProcs : 1
Create mesh for time = 0

sigFpe : Enabling floating point exception trapping (FOAM_SIGFPE).
fileModificationChecking : Monitoring run-time modified files using timeStampMaster (fileModificationSkew 10)
allowSystemOperations : Allowing user-supplied system call operations

Selecting dynamicFvMesh dynamicRefineFvMesh
// * * * * * * * * * * * * * * * * * * * * * * * * * * * * * * * * * * * * * //
Create time

Create mesh for time = 0

Selecting dynamicFvMesh dynamicRefineFvMesh
Case   : /publicfs01/fs1-m8/home/m8s000774/users/xiao_chen_xiang/611/dsmcFoamPar/v1706/dlb/case/pal-phd-3.3.1-react/validate/mpi32_omp2
nProcs : 1
sigFpe : Enabling floating point exception trapping (FOAM_SIGFPE).
fileModificationChecking : Monitoring run-time modified files using timeStampMaster (fileModificationSkew 10)
allowSystemOperations : Allowing user-supplied system call operations

Selecting dynamicFvMesh dynamicRefineFvMesh
// * * * * * * * * * * * * * * * * * * * * * * * * * * * * * * * * * * * * * //
Create time

Create mesh for time = 0

Selecting dynamicFvMesh dynamicRefineFvMesh
Create mesh for time = 0

Selecting dynamicFvMesh dynamicRefineFvMesh
Create mesh for time = 0

Selecting dynamicFvMesh dynamicRefineFvMesh

Constructing dsmcCloud 

Constructing dsmcCloud 

Constructing dsmcCloud 

Constructing dsmcCloud 

Constructing dsmcCloud 

Constructing dsmcCloud 

Constructing dsmcCloud 

Constructing dsmcCloud 

Constructing dsmcCloud 

Constructing dsmcCloud 

Constructing dsmcCloud 

Constructing dsmcCloud 

Constructing dsmcCloud 

Constructing dsmcCloud 

Constructing dsmcCloud 

Constructing dsmcCloud 

Constructing dsmcCloud 

Constructing dsmcCloud 

Constructing dsmcCloud 

Constructing dsmcCloud 

Constructing dsmcCloud 

Constructing dsmcCloud 

Constructing dsmcCloud 

Constructing dsmcCloud 

Constructing dsmcCloud 

Constructing dsmcCloud 

Constructing dsmcCloud 

Constructing dsmcCloud 

Constructing dsmcCloud 

Constructing dsmcCloud 

Constructing dsmcCloud 

Constructing dsmcCloud 
Selecting the coordinate system model:	dsmcCartesian

Selecting the time-step model:	dsmcConstantTimeStepModel

Constant time-step model:
- time-step [sec]	4e-07

Selecting the porous measurement model:	dsmcNoPorousMediumMeasurements

Selecting the coordinate system model:	dsmcCartesian

Selecting the time-step model:	dsmcConstantTimeStepModel

Selecting the coordinate system model:	dsmcCartesian

Selecting the time-step model:	dsmcConstantTimeStepModel

Constant time-step model:
- time-step [sec]	4e-07

Selecting the porous measurement model:	dsmcNoPorousMediumMeasurements


Creating dsmcControllers

Constant time-step model:
- time-step [sec]	4e-07

Selecting the porous measurement model:	dsmcNoPorousMediumMeasurements

Selecting the coordinate system model:	dsmcCartesian

Selecting the time-step model:	dsmcConstantTimeStepModel

Constant time-step model:
- time-step [sec]	4e-07

Selecting the porous measurement model:	dsmcNoPorousMediumMeasurements

Selecting the coordinate system model:	dsmcCartesian

Selecting the time-step model:	dsmcConstantTimeStepModel


Creating dsmcControllers

Selecting the coordinate system model:	dsmcCartesian

Selecting the time-step model:	dsmcConstantTimeStepModel

Constant time-step model:
- time-step [sec]	4e-07

Selecting the porous measurement model:	dsmcNoPorousMediumMeasurements

Selecting the coordinate system model:	dsmcCartesian

Selecting the time-step model:	dsmcConstantTimeStepModel

Selecting the coordinate system model:	dsmcCartesian

Selecting the time-step model:	dsmcConstantTimeStepModel

Creating fields: 

Selecting field: dsmcVolFields
Creating fields: 

Selecting field: dsmcVolFields

TimeData Statistics: 

TimeData Statistics: 
 measurement option: write
 nSamples: 1, time interval: 4e-07
 nAverages: 1250, time interval: 0.0005
 measurement option: write
 nSamples: 1, time interval: 4e-07
 nAverages: 1250, time interval: 0.0005
 total no. of sampling steps: 0
 total no. of averaging Steps: 0


 total no. of sampling steps: 0
 total no. of averaging Steps: 0


Constant time-step model:
- time-step [sec]	4e-07

Selecting the porous measurement model:	dsmcNoPorousMediumMeasurements

Selecting the coordinate system model:	dsmcCartesian

Selecting the time-step model:	dsmcConstantTimeStepModel


Creating dsmcControllers

Constant time-step model:
- time-step [sec]	4e-07

Selecting the porous measurement model:	dsmcNoPorousMediumMeasurements

Selecting the coordinate system model:	dsmcCartesian

Selecting the time-step model:	dsmcConstantTimeStepModel

Constant time-step model:
- time-step [sec]	4e-07

Selecting the porous measurement model:	dsmcNoPorousMediumMeasurements

Constant time-step model:
- time-step [sec]	4e-07

Selecting the porous measurement model:	dsmcNoPorousMediumMeasurements

Constant time-step model:
- time-step [sec]	4e-07

Selecting the porous measurement model:	dsmcNoPorousMediumMeasurements

Creating fields: 

Selecting field: dsmcVolFields

TimeData Statistics: 
 measurement option: write
 nSamples: 1, time interval: 4e-07
 nAverages: 1250, time interval: 0.0005
 total no. of sampling steps: 0
 total no. of averaging Steps: 0


Selecting the coordinate system model:	dsmcCartesian

Selecting the time-step model:	dsmcConstantTimeStepModel


Creating dsmcControllers


Creating dsmcControllers

Constant time-step model:
- time-step [sec]	4e-07

Selecting the porous measurement model:	dsmcNoPorousMediumMeasurements

Selecting the coordinate system model:	dsmcCartesian

Selecting the time-step model:	dsmcConstantTimeStepModel

Creating fields: 

Selecting field: dsmcVolFields

TimeData Statistics: 
 measurement option: write
 nSamples: 1, time interval: 4e-07
 nAverages: 1250, time interval: 0.0005
 total no. of sampling steps: 0
 total no. of averaging Steps: 0


Selecting the coordinate system model:	dsmcCartesian

Selecting the time-step model:	dsmcConstantTimeStepModel

Constant time-step model:
- time-step [sec]	4e-07

Selecting the porous measurement model:	dsmcNoPorousMediumMeasurements

Creating fields: 

Selecting field: dsmcVolFields

TimeData Statistics: 
 measurement option: write
 nSamples: 1, time interval: 4e-07
 nAverages: 1250, time interval: 0.0005
 total no. of sampling steps: 0
 total no. of averaging Steps: 0


Selecting the coordinate system model:	dsmcCartesian

Selecting the time-step model:	dsmcConstantTimeStepModel

Constant time-step model:
- time-step [sec]	4e-07

Selecting the porous measurement model:	dsmcNoPorousMediumMeasurements


Creating dsmcControllers

Selecting the coordinate system model:	dsmcCartesian

Selecting the time-step model:	dsmcConstantTimeStepModel

Constant time-step model:
- time-step [sec]	4e-07

Selecting the porous measurement model:	dsmcNoPorousMediumMeasurements


Creating dsmcControllers

Creating fields: 

Selecting field: dsmcVolFields

TimeData Statistics: 
 measurement option: write
 nSamples: 1, time interval: 4e-07
 nAverages: 1250, time interval: 0.0005
 total no. of sampling steps: 0
 total no. of averaging Steps: 0


Constant time-step model:
- time-step [sec]	4e-07

Selecting the porous measurement model:	dsmcNoPorousMediumMeasurements


Creating dsmcControllers

Selecting the coordinate system model:	dsmcCartesian

Selecting the time-step model:	dsmcConstantTimeStepModel

Creating fields: 

Selecting field: dsmcVolFields

TimeData Statistics: 
 measurement option: write
 nSamples: 1, time interval: 4e-07
 nAverages: 1250, time interval: 0.0005
 total no. of sampling steps: 0
 total no. of averaging Steps: 0



Creating dsmcControllers

Constant time-step model:
- time-step [sec]	4e-07

Selecting the porous measurement model:	dsmcNoPorousMediumMeasurements

Creating fields: 

Selecting field: dsmcVolFields

TimeData Statistics: 
 measurement option: write
 nSamples: 1, time interval: 4e-07
 nAverages: 1250, time interval: 0.0005
 total no. of sampling steps: 0
 total no. of averaging Steps: 0

Creating dsmcControllers



Creating fields: 

Selecting field: dsmcVolFields

TimeData Statistics: 
 measurement option: write
 nSamples: 1, time interval: 4e-07
 nAverages: 1250, time interval: 0.0005
 total no. of sampling steps: 0
 total no. of averaging Steps: 0



Creating dsmcControllers

Creating fields: 

Selecting field: dsmcVolFields

TimeData Statistics: 
 measurement option: write
 nSamples: 1, time interval: 4e-07
 nAverages: 1250, time interval: 0.0005
 total no. of sampling steps: 0
 total no. of averaging Steps: 0



Creating dsmcControllers

Selecting the coordinate system model:	dsmcCartesian

Selecting the time-step model:	dsmcConstantTimeStepModel

Creating fields: 

Selecting field: dsmcVolFields

TimeData Statistics: 
 measurement option: write
 nSamples: 1, time interval: 4e-07
 nAverages: 1250, time interval: 0.0005
 total no. of sampling steps: 0
 total no. of averaging Steps: 0


Selecting the coordinate system model:	dsmcCartesian

Selecting the time-step model:	dsmcConstantTimeStepModel

Constant time-step model:
- time-step [sec]	4e-07

Selecting the porous measurement model:	dsmcNoPorousMediumMeasurements

Creating fields: 

Selecting field: dsmcVolFields

TimeData Statistics: 
 measurement option: write
 nSamples: 1, time interval: 4e-07
 nAverages: 1250, time interval: 0.0005
 total no. of sampling steps: 0
 total no. of averaging Steps: 0


Constant time-step model:
- time-step [sec]	4e-07

Selecting the porous measurement model:	dsmcNoPorousMediumMeasurements


Creating dsmcControllers

Selecting the coordinate system model:	dsmcCartesian

Selecting the time-step model:	dsmcConstantTimeStepModel

Selecting the coordinate system model:	dsmcCartesian

Selecting the time-step model:	dsmcConstantTimeStepModel

Constant time-step model:
- time-step [sec]	4e-07

Selecting the porous measurement model:	dsmcNoPorousMediumMeasurements

Creating fields: 

Selecting field: dsmcVolFields

TimeData Statistics: 
 measurement option: write
 nSamples: 1, time interval: 4e-07
 nAverages: 1250, time interval: 0.0005
 total no. of sampling steps: 0
 total no. of averaging Steps: 0



Creating dsmcControllers

Constant time-step model:
- time-step [sec]	4e-07

Selecting the porous measurement model:	dsmcNoPorousMediumMeasurements

Selecting the coordinate system model:	dsmcCartesian

Selecting the time-step model:	dsmcConstantTimeStepModel


Creating dsmcControllers

Creating fields: 

Selecting field: dsmcVolFields

TimeData Statistics: 
 measurement option: write
 nSamples: 1, time interval: 4e-07
 nAverages: 1250, time interval: 0.0005
 total no. of sampling steps: 0
 total no. of averaging Steps: 0


Selecting the coordinate system model:	dsmcCartesian

Selecting the time-step model:	dsmcConstantTimeStepModel

Constant time-step model:
- time-step [sec]	4e-07

Selecting the porous measurement model:	dsmcNoPorousMediumMeasurements

Constant time-step model:
- time-step [sec]	4e-07

Selecting the porous measurement model:	dsmcNoPorousMediumMeasurements

Creating fields: 

Selecting field: dsmcVolFields

TimeData Statistics: 
 measurement option: write
 nSamples: 1, time interval: 4e-07
 nAverages: 1250, time interval: 0.0005
 total no. of sampling steps: 0
 total no. of averaging Steps: 0



Creating dsmcControllers

Creating fields: 

Selecting field: dsmcVolFields

TimeData Statistics: 
 measurement option: write
 nSamples: 1, time interval: 4e-07
 nAverages: 1250, time interval: 0.0005
 total no. of sampling steps: 0
 total no. of averaging Steps: 0



Creating dsmcControllers


Creating dsmcControllers


Creating dsmcControllers

Creating fields: 

Selecting field: dsmcVolFields

TimeData Statistics: 
 measurement option: write
 nSamples: 1, time interval: 4e-07
 nAverages: 1250, time interval: 0.0005
 total no. of sampling steps: 0
 total no. of averaging Steps: 0



Creating dsmcControllers

Creating fields: 

Selecting field: dsmcVolFields

TimeData Statistics: 
 measurement option: write
 nSamples: 1, time interval: 4e-07
 nAverages: 1250, time interval: 0.0005
 total no. of sampling steps: 0
 total no. of averaging Steps: 0


Creating fields: 

Selecting field: dsmcVolFields

TimeData Statistics: 
 measurement option: write
 nSamples: 1, time interval: 4e-07
 nAverages: 1250, time interval: 0.0005
 total no. of sampling steps: 0
 total no. of averaging Steps: 0


Creating fields: 

Selecting field: dsmcVolFields

TimeData Statistics: 
 measurement option: write
 nSamples: 1, time interval: 4e-07
 nAverages: 1250, time interval: 0.0005
 total no. of sampling steps: 0
 total no. of averaging Steps: 0


Selecting the coordinate system model:	dsmcCartesian

Selecting the time-step model:	dsmcConstantTimeStepModel

Selecting the coordinate system model:	dsmcCartesian

Selecting the time-step model:	dsmcConstantTimeStepModel

Constant time-step model:
- time-step [sec]	4e-07

Selecting the porous measurement model:	dsmcNoPorousMediumMeasurements

Selecting the coordinate system model:	dsmcCartesian

Constant time-step model:
- time-step [sec]	4e-07

Selecting the porous measurement model:	dsmcNoPorousMediumMeasurements

Selecting the time-step model:	dsmcConstantTimeStepModel


Creating dsmcControllers

Constant time-step model:
- time-step [sec]	4e-07

Selecting the porous measurement model:	dsmcNoPorousMediumMeasurements


Creating dsmcControllers

Creating fields: 

Selecting field: dsmcVolFields

TimeData Statistics: 
 measurement option: write
 nSamples: 1, time interval: 4e-07
 nAverages: 1250, time interval: 0.0005
 total no. of sampling steps: 0
 total no. of averaging Steps: 0


Creating fields: 

Selecting field: dsmcVolFields

TimeData Statistics: 
 measurement option: write
 nSamples: 1, time interval: 4e-07
 nAverages: 1250, time interval: 0.0005
 total no. of sampling steps: 0
 total no. of averaging Steps: 0


Selecting the coordinate system model:	dsmcCartesian

Selecting the time-step model:	dsmcConstantTimeStepModel

Constant time-step model:
- time-step [sec]	4e-07

Selecting the porous measurement model:	dsmcNoPorousMediumMeasurements


Creating dsmcControllers


Creating dsmcControllers


Creating dsmcControllers

Creating fields: 

Selecting field: dsmcVolFields
--> FOAM Warning : 
    From function bool Foam::rmDir(const Foam::fileName &, bool)
    in file POSIX.C at line 1047
    failed to remove directory "/publicfs01/fs1-m8/home/m8s000774/users/xiao_chen_xiang/611/dsmcFoamPar/v1706/dlb/case/pal-phd-3.3.1-react/validate/mpi32_omp2/fieldMeasurements"

TimeData Statistics: 
 measurement option: write
 nSamples: 1, time interval: 4e-07
 nAverages: 1250, time interval: 0.0005
 total no. of sampling steps: 0
 total no. of averaging Steps: 0


Creating fields: 

Selecting field: dsmcVolFields

TimeData Statistics: 
 measurement option: write
 nSamples: 1, time interval: 4e-07
 nAverages: 1250, time interval: 0.0005
 total no. of sampling steps: 0
 total no. of averaging Steps: 0


Creating fields: 

Selecting field: dsmcVolFields

TimeData Statistics: 
 measurement option: write
 nSamples: 1, time interval: 4e-07
 nAverages: 1250, time interval: 0.0005
 total no. of sampling steps: 0
 total no. of averaging Steps: 0


Selecting the coordinate system model:	dsmcCartesian

Selecting the time-step model:	dsmcConstantTimeStepModel

Constant time-step model:
- time-step [sec]	4e-07

Selecting the porous measurement model:	dsmcNoPorousMediumMeasurements

Selecting the coordinate system model:	dsmcCartesian

Selecting the time-step model:	dsmcConstantTimeStepModel


Creating dsmcControllers

Selecting the coordinate system model:	dsmcCartesian

Selecting the time-step model:	dsmcConstantTimeStepModel

Constant time-step model:
- time-step [sec]	4e-07

Selecting the porous measurement model:	dsmcNoPorousMediumMeasurements

Selecting the coordinate system model:	dsmcCartesian

Selecting the time-step model:	dsmcConstantTimeStepModel

Constant time-step model:
- time-step [sec]	4e-07

Selecting the porous measurement model:	dsmcNoPorousMediumMeasurements

Constant time-step model:
- time-step [sec]	4e-07

Selecting the porous measurement model:	dsmcNoPorousMediumMeasurements

Creating fields: 

Selecting field: dsmcVolFields

TimeData Statistics: 
 measurement option: write
 nSamples: 1, time interval: 4e-07
 nAverages: 1250, time interval: 0.0005
 total no. of sampling steps: 0
 total no. of averaging Steps: 0



Creating dsmcControllers

Creating fields: 

Selecting field: dsmcVolFields

TimeData Statistics: 
 measurement option: write
 nSamples: 1, time interval: 4e-07
 nAverages: 1250, time interval: 0.0005
 total no. of sampling steps: 0
 total no. of averaging Steps: 0


Selecting the coordinate system model:	dsmcCartesian

Selecting the time-step model:	dsmcConstantTimeStepModel

Constant time-step model:
- time-step [sec]	4e-07

Selecting the porous measurement model:	dsmcNoPorousMediumMeasurements


Creating dsmcControllers

Creating fields: 

Selecting field: dsmcVolFields

TimeData Statistics: 
 measurement option: write
 nSamples: 1, time interval: 4e-07
 nAverages: 1250, time interval: 0.0005
 total no. of sampling steps: 0
 total no. of averaging Steps: 0



Creating dsmcControllers


Creating dsmcControllers

--> FOAM Warning : 
    From function bool Foam::rmDir(const Foam::fileName &, bool)
    in file POSIX.C at line 990
    cannot open directory "/publicfs01/fs1-m8/home/m8s000774/users/xiao_chen_xiang/611/dsmcFoamPar/v1706/dlb/case/pal-phd-3.3.1-react/validate/mpi32_omp2/fieldMeasurements"
Creating fields: 

Selecting field: dsmcVolFields
Creating fields: 

Selecting field: dsmcVolFields

TimeData Statistics: 

TimeData Statistics: 
 measurement option: write
 nSamples: 1, time interval: 4e-07
 nAverages: 1250, time interval: 0.0005
 measurement option: write
 nSamples: 1, time interval: 4e-07
 nAverages: 1250, time interval: 0.0005
 total no. of sampling steps: 0
 total no. of averaging Steps: 0


 total no. of sampling steps: 0
 total no. of averaging Steps: 0



Creating dsmcControllers

Creating fields: 

Selecting field: dsmcVolFields

TimeData Statistics: 
 measurement option: write
 nSamples: 1, time interval: 4e-07
 nAverages: 1250, time interval: 0.0005
 total no. of sampling steps: 0
 total no. of averaging Steps: 0


Selecting the coordinate system model:	dsmcCartesian

Selecting the time-step model:	dsmcConstantTimeStepModel

Constant time-step model:
- time-step [sec]	4e-07

Selecting the porous measurement model:	dsmcNoPorousMediumMeasurements

Selecting field: dsmcVolFields

TimeData Statistics: 
 measurement option: write
 nSamples: 1, time interval: 4e-07
 nAverages: 1250, time interval: 0.0005
 total no. of sampling steps: 0
 total no. of averaging Steps: 0


Selecting field: dsmcVolFields

TimeData Statistics: 
 measurement option: write
 nSamples: 1, time interval: 4e-07
 nAverages: 1250, time interval: 0.0005
 total no. of sampling steps: 0
 total no. of averaging Steps: 0


Selecting field: dsmcVolFields

TimeData Statistics: 
 measurement option: write
 nSamples: 1, time interval: 4e-07
 nAverages: 1250, time interval: 0.0005
 total no. of sampling steps: 0
 total no. of averaging Steps: 0



Creating dsmcControllers

Selecting field: dsmcVolFields

TimeData Statistics: 
 measurement option: write
 nSamples: 1, time interval: 4e-07
 nAverages: 1250, time interval: 0.0005
 total no. of sampling steps: 0
 total no. of averaging Steps: 0


Creating fields: 

Selecting field: dsmcVolFields

TimeData Statistics: 
 measurement option: write
 nSamples: 1, time interval: 4e-07
 nAverages: 1250, time interval: 0.0005
 total no. of sampling steps: 0
 total no. of averaging Steps: 0


Selecting field: dsmcVolFields

TimeData Statistics: 
 measurement option: write
 nSamples: 1, time interval: 4e-07
 nAverages: 1250, time interval: 0.0005
 total no. of sampling steps: 0
 total no. of averaging Steps: 0


Selecting field: dsmcVolFields

TimeData Statistics: 
 measurement option: write
 nSamples: 1, time interval: 4e-07
 nAverages: 1250, time interval: 0.0005
 total no. of sampling steps: 0
 total no. of averaging Steps: 0


Selecting field: dsmcVolFields

TimeData Statistics: 
 measurement option: write
 nSamples: 1, time interval: 4e-07
 nAverages: 1250, time interval: 0.0005
 total no. of sampling steps: 0
 total no. of averaging Steps: 0


Selecting field: dsmcVolFields

TimeData Statistics: 
 measurement option: write
 nSamples: 1, time interval: 4e-07
 nAverages: 1250, time interval: 0.0005
 total no. of sampling steps: 0
 total no. of averaging Steps: 0


Selecting field: dsmcVolFields

TimeData Statistics: 
 measurement option: write
 nSamples: 1, time interval: 4e-07
 nAverages: 1250, time interval: 0.0005
 total no. of sampling steps: 0
 total no. of averaging Steps: 0


Selecting field: dsmcVolFields

TimeData Statistics: 
 measurement option: write
 nSamples: 1, time interval: 4e-07
 nAverages: 1250, time interval: 0.0005
 total no. of sampling steps: 0
 total no. of averaging Steps: 0


Selecting field: dsmcVolFields

TimeData Statistics: 
 measurement option: write
 nSamples: 1, time interval: 4e-07
 nAverages: 1250, time interval: 0.0005
 total no. of sampling steps: 0
 total no. of averaging Steps: 0


Selecting field: dsmcVolFields

TimeData Statistics: 
 measurement option: write
 nSamples: 1, time interval: 4e-07
 nAverages: 1250, time interval: 0.0005
 total no. of sampling steps: 0
 total no. of averaging Steps: 0


Selecting field: dsmcVolFields

TimeData Statistics: 
 measurement option: write
 nSamples: 1, time interval: 4e-07
 nAverages: 1250, time interval: 0.0005
 total no. of sampling steps: 0
 total no. of averaging Steps: 0


Selecting field: dsmcVolFields

TimeData Statistics: 
 measurement option: write
 nSamples: 1, time interval: 4e-07
 nAverages: 1250, time interval: 0.0005
 total no. of sampling steps: 0
 total no. of averaging Steps: 0


Selecting field: dsmcVolFields

TimeData Statistics: 
 measurement option: write
 nSamples: 1, time interval: 4e-07
 nAverages: 1250, time interval: 0.0005
 total no. of sampling steps: 0
 total no. of averaging Steps: 0


Selecting field: dsmcVolFields

TimeData Statistics: 
 measurement option: write
 nSamples: 1, time interval: 4e-07
 nAverages: 1250, time interval: 0.0005
 total no. of sampling steps: 0
 total no. of averaging Steps: 0


Selecting field: dsmcVolFields

TimeData Statistics: 
 measurement option: write
 nSamples: 1, time interval: 4e-07
 nAverages: 1250, time interval: 0.0005
 total no. of sampling steps: 0
 total no. of averaging Steps: 0


Selecting field: dsmcVolFields

TimeData Statistics: 
 measurement option: write
 nSamples: 1, time interval: 4e-07
 nAverages: 1250, time interval: 0.0005
 total no. of sampling steps: 0
 total no. of averaging Steps: 0


Selecting field: dsmcVolFields

TimeData Statistics: 
 measurement option: write
 nSamples: 1, time interval: 4e-07
 nAverages: 1250, time interval: 0.0005
 total no. of sampling steps: 0
 total no. of averaging Steps: 0


Selecting field: dsmcVolFields

TimeData Statistics: 
 measurement option: write
 nSamples: 1, time interval: 4e-07
 nAverages: 1250, time interval: 0.0005
 total no. of sampling steps: 0
 total no. of averaging Steps: 0


Selecting field: dsmcVolFields

TimeData Statistics: 
 measurement option: write
 nSamples: 1, time interval: 4e-07
 nAverages: 1250, time interval: 0.0005
 total no. of sampling steps: 0
 total no. of averaging Steps: 0


Selecting field: dsmcVolFields

TimeData Statistics: 
 measurement option: write
 nSamples: 1, time interval: 4e-07
 nAverages: 1250, time interval: 0.0005
 total no. of sampling steps: 0
 total no. of averaging Steps: 0


Selecting field: dsmcVolFields

TimeData Statistics: 
 measurement option: write
 nSamples: 1, time interval: 4e-07
 nAverages: 1250, time interval: 0.0005
 total no. of sampling steps: 0
 total no. of averaging Steps: 0


Selecting field: dsmcVolFields

TimeData Statistics: 
 measurement option: write
 nSamples: 1, time interval: 4e-07
 nAverages: 1250, time interval: 0.0005
 total no. of sampling steps: 0
 total no. of averaging Steps: 0


Selecting field: dsmcVolFields

TimeData Statistics: 
 measurement option: write
 nSamples: 1, time interval: 4e-07
 nAverages: 1250, time interval: 0.0005
 total no. of sampling steps: 0
 total no. of averaging Steps: 0


Selecting field: dsmcVolFields

TimeData Statistics: 
 measurement option: write
 nSamples: 1, time interval: 4e-07
 nAverages: 1250, time interval: 0.0005
 total no. of sampling steps: 0
 total no. of averaging Steps: 0


Selecting field: dsmcVolFields

TimeData Statistics: 
 measurement option: write
 nSamples: 1, time interval: 4e-07
 nAverages: 1250, time interval: 0.0005
 total no. of sampling steps: 0
 total no. of averaging Steps: 0


Selecting field: dsmcVolFields

TimeData Statistics: 
 measurement option: write
 nSamples: 1, time interval: 4e-07
 nAverages: 1250, time interval: 0.0005
 total no. of sampling steps: 0
 total no. of averaging Steps: 0


Selecting field: dsmcVolFields

TimeData Statistics: 
 measurement option: write
 nSamples: 1, time interval: 4e-07
 nAverages: 1250, time interval: 0.0005
 total no. of sampling steps: 0
 total no. of averaging Steps: 0


Selecting field: dsmcVolFields

TimeData Statistics: 
 measurement option: write
 nSamples: 1, time interval: 4e-07
 nAverages: 1250, time interval: 0.0005
 total no. of sampling steps: 0
 total no. of averaging Steps: 0


Selecting field: dsmcVolFields

TimeData Statistics: 
 measurement option: write
 nSamples: 1, time interval: 4e-07
 nAverages: 1250, time interval: 0.0005
 total no. of sampling steps: 0
 total no. of averaging Steps: 0


Selecting field: dsmcVolFields

TimeData Statistics: 
 measurement option: write
 nSamples: 1, time interval: 4e-07
 nAverages: 1250, time interval: 0.0005
 total no. of sampling steps: 0
 total no. of averaging Steps: 0


Selecting field: dsmcVolFields

TimeData Statistics: 
 measurement option: write
 nSamples: 1, time interval: 4e-07
 nAverages: 1250, time interval: 0.0005
 total no. of sampling steps: 0
 total no. of averaging Steps: 0


Selecting field: dsmcVolFields

TimeData Statistics: 
 measurement option: write
 nSamples: 1, time interval: 4e-07
 nAverages: 1250, time interval: 0.0005
 total no. of sampling steps: 0
 total no. of averaging Steps: 0


Selecting field: dsmcVolFields

TimeData Statistics: 
 measurement option: write
 nSamples: 1, time interval: 4e-07
 nAverages: 1250, time interval: 0.0005
 total no. of sampling steps: 0
 total no. of averaging Steps: 0


Selecting field: dsmcVolFields

TimeData Statistics: 
 measurement option: write
 nSamples: 1, time interval: 4e-07
 nAverages: 1250, time interval: 0.0005
 total no. of sampling steps: 0
 total no. of averaging Steps: 0


Selecting field: dsmcVolFields

TimeData Statistics: 
 measurement option: write
 nSamples: 1, time interval: 4e-07
 nAverages: 1250, time interval: 0.0005
 total no. of sampling steps: 0
 total no. of averaging Steps: 0


Selecting field: dsmcVolFields

TimeData Statistics: 
 measurement option: write
 nSamples: 1, time interval: 4e-07
 nAverages: 1250, time interval: 0.0005
 total no. of sampling steps: 0
 total no. of averaging Steps: 0


Selecting field: dsmcVolFields

TimeData Statistics: 
 measurement option: write
 nSamples: 1, time interval: 4e-07
 nAverages: 1250, time interval: 0.0005
 total no. of sampling steps: 0
 total no. of averaging Steps: 0


Selecting field: dsmcVolFields

TimeData Statistics: 
 measurement option: write
 nSamples: 1, time interval: 4e-07
 nAverages: 1250, time interval: 0.0005
 total no. of sampling steps: 0
 total no. of averaging Steps: 0


Selecting field: dsmcVolFields

TimeData Statistics: 
 measurement option: write
 nSamples: 1, time interval: 4e-07
 nAverages: 1250, time interval: 0.0005
 total no. of sampling steps: 0
 total no. of averaging Steps: 0


Selecting field: dsmcVolFields

TimeData Statistics: 
 measurement option: write
 nSamples: 1, time interval: 4e-07
 nAverages: 1250, time interval: 0.0005
 total no. of sampling steps: 0
 total no. of averaging Steps: 0


Selecting field: dsmcVolFields

TimeData Statistics: 
 measurement option: write
 nSamples: 1, time interval: 4e-07
 nAverages: 1250, time interval: 0.0005
 total no. of sampling steps: 0
 total no. of averaging Steps: 0


Selecting field: dsmcVolFields

TimeData Statistics: 
 measurement option: write
 nSamples: 1, time interval: 4e-07
 nAverages: 1250, time interval: 0.0005
 total no. of sampling steps: 0
 total no. of averaging Steps: 0


Selecting field: dsmcVolFields

TimeData Statistics: 
 measurement option: write
 nSamples: 1, time interval: 4e-07
 nAverages: 1250, time interval: 0.0005
 total no. of sampling steps: 0
 total no. of averaging Steps: 0


Selecting field: dsmcVolFields

TimeData Statistics: 
 measurement option: write
 nSamples: 1, time interval: 4e-07
 nAverages: 1250, time interval: 0.0005
 total no. of sampling steps: 0
 total no. of averaging Steps: 0


Selecting field: dsmcVolFields

TimeData Statistics: 
 measurement option: write
Selecting field: dsmcVolFields
 nSamples: 1, time interval: 4e-07
 nAverages: 1250, time interval: 0.0005
 total no. of sampling steps: 0
 total no. of averaging Steps: 0



TimeData Statistics: 
 measurement option: write
 nSamples: 1, time interval: 4e-07
 nAverages: 1250, time interval: 0.0005
 total no. of sampling steps: 0
 total no. of averaging Steps: 0


Selecting field: dsmcVolFields

TimeData Statistics: 
 measurement option: write
 nSamples: 1, time interval: 4e-07
 nAverages: 1250, time interval: 0.0005
 total no. of sampling steps: 0
 total no. of averaging Steps: 0


Selecting field: dsmcVolFields

TimeData Statistics: 
 measurement option: write
 nSamples: 1, time interval: 4e-07
 nAverages: 1250, time interval: 0.0005
 total no. of sampling steps: 0
 total no. of averaging Steps: 0


Selecting field: dsmcVolFields

TimeData Statistics: 
 measurement option: write
 nSamples: 1, time interval: 4e-07
 nAverages: 1250, time interval: 0.0005
 total no. of sampling steps: 0
 total no. of averaging Steps: 0


Selecting field: dsmcVolFields

TimeData Statistics: 
 measurement option: write
 nSamples: 1, time interval: 4e-07
 nAverages: 1250, time interval: 0.0005
 total no. of sampling steps: 0
 total no. of averaging Steps: 0


Selecting field: dsmcVolFields

TimeData Statistics: 
 measurement option: write
 nSamples: 1, time interval: 4e-07
 nAverages: 1250, time interval: 0.0005
 total no. of sampling steps: 0
 total no. of averaging Steps: 0


Selecting field: dsmcVolFields

TimeData Statistics: 
 measurement option: write
 nSamples: 1, time interval: 4e-07
 nAverages: 1250, time interval: 0.0005
 total no. of sampling steps: 0
 total no. of averaging Steps: 0


Selecting field: dsmcVolFields

TimeData Statistics: 
 measurement option: write
 nSamples: 1, time interval: 4e-07
 nAverages: 1250, time interval: 0.0005
 total no. of sampling steps: 0
 total no. of averaging Steps: 0


Selecting field: dsmcVolFields

TimeData Statistics: 
 measurement option: write
 nSamples: 1, time interval: 4e-07
 nAverages: 1250, time interval: 0.0005
 total no. of sampling steps: 0
 total no. of averaging Steps: 0


Selecting field: dsmcVolFields

TimeData Statistics: 
 measurement option: write
 nSamples: 1, time interval: 4e-07
 nAverages: 1250, time interval: 0.0005
 total no. of sampling steps: 0
 total no. of averaging Steps: 0


Selecting field: dsmcVolFields

TimeData Statistics: 
 measurement option: write
 nSamples: 1, time interval: 4e-07
 nAverages: 1250, time interval: 0.0005
 total no. of sampling steps: 0
 total no. of averaging Steps: 0


Selecting field: dsmcVolFields

TimeData Statistics: 
 measurement option: write
 nSamples: 1, time interval: 4e-07
 nAverages: 1250, time interval: 0.0005
 total no. of sampling steps: 0
 total no. of averaging Steps: 0


Selecting field: dsmcVolFields

TimeData Statistics: 
 measurement option: write
 nSamples: 1, time interval: 4e-07
 nAverages: 1250, time interval: 0.0005
 total no. of sampling steps: 0
 total no. of averaging Steps: 0


Selecting field: dsmcVolFields

TimeData Statistics: 
 measurement option: write
 nSamples: 1, time interval: 4e-07
 nAverages: 1250, time interval: 0.0005
 total no. of sampling steps: 0
 total no. of averaging Steps: 0


Selecting field: dsmcVolFields

TimeData Statistics: 
 measurement option: write
 nSamples: 1, time interval: 4e-07
 nAverages: 1250, time interval: 0.0005
 total no. of sampling steps: 0
 total no. of averaging Steps: 0


Selecting field: dsmcVolFields

TimeData Statistics: 
 measurement option: write
 nSamples: 1, time interval: 4e-07
 nAverages: 1250, time interval: 0.0005
 total no. of sampling steps: 0
 total no. of averaging Steps: 0


Selecting field: dsmcVolFields

TimeData Statistics: 
 measurement option: write
 nSamples: 1, time interval: 4e-07
 nAverages: 1250, time interval: 0.0005
 total no. of sampling steps: 0
 total no. of averaging Steps: 0


Selecting field: dsmcVolFields

TimeData Statistics: 
 measurement option: write
 nSamples: 1, time interval: 4e-07
 nAverages: 1250, time interval: 0.0005
 total no. of sampling steps: 0
 total no. of averaging Steps: 0


Selecting field: dsmcVolFields

TimeData Statistics: 
 measurement option: write
 nSamples: 1, time interval: 4e-07
 nAverages: 1250, time interval: 0.0005
 total no. of sampling steps: 0
 total no. of averaging Steps: 0


Selecting field: dsmcVolFields

TimeData Statistics: 
 measurement option: write
 nSamples: 1, time interval: 4e-07
 nAverages: 1250, time interval: 0.0005
 total no. of sampling steps: 0
 total no. of averaging Steps: 0


Selecting field: dsmcVolFields

TimeData Statistics: 
 measurement option: write
 nSamples: 1, time interval: 4e-07
 nAverages: 1250, time interval: 0.0005
 total no. of sampling steps: 0
 total no. of averaging Steps: 0


Selecting field: dsmcVolFields

TimeData Statistics: 
 measurement option: write
 nSamples: 1, time interval: 4e-07
 nAverages: 1250, time interval: 0.0005
 total no. of sampling steps: 0
 total no. of averaging Steps: 0


Selecting field: dsmcVolFields

TimeData Statistics: 
 measurement option: write
 nSamples: 1, time interval: 4e-07
 nAverages: 1250, time interval: 0.0005
 total no. of sampling steps: 0
 total no. of averaging Steps: 0


Selecting field: dsmcVolFields

TimeData Statistics: 
 measurement option: write
 nSamples: 1, time interval: 4e-07
 nAverages: 1250, time interval: 0.0005
 total no. of sampling steps: 0
 total no. of averaging Steps: 0


Selecting field: dsmcVolFields

TimeData Statistics: 
 measurement option: write
 nSamples: 1, time interval: 4e-07
 nAverages: 1250, time interval: 0.0005
 total no. of sampling steps: 0
 total no. of averaging Steps: 0


Selecting field: dsmcVolFields

TimeData Statistics: 
 measurement option: write
 nSamples: 1, time interval: 4e-07
 nAverages: 1250, time interval: 0.0005
 total no. of sampling steps: 0
 total no. of averaging Steps: 0


Selecting field: dsmcVolFields

TimeData Statistics: 
 measurement option: write
 nSamples: 1, time interval: 4e-07
 nAverages: 1250, time interval: 0.0005
 total no. of sampling steps: 0
 total no. of averaging Steps: 0


Selecting field: dsmcVolFields

TimeData Statistics: 
 measurement option: write
 nSamples: 1, time interval: 4e-07
 nAverages: 1250, time interval: 0.0005
 total no. of sampling steps: 0
 total no. of averaging Steps: 0


Selecting field: dsmcVolFields

TimeData Statistics: 
 measurement option: write
 nSamples: 1, time interval: 4e-07
 nAverages: 1250, time interval: 0.0005
 total no. of sampling steps: 0
 total no. of averaging Steps: 0


Selecting field: dsmcVolFields

TimeData Statistics: 
 measurement option: write
 nSamples: 1, time interval: 4e-07
 nAverages: 1250, time interval: 0.0005
 total no. of sampling steps: 0
 total no. of averaging Steps: 0


Selecting field: dsmcVolFields

TimeData Statistics: 
 measurement option: write
 nSamples: 1, time interval: 4e-07
 nAverages: 1250, time interval: 0.0005
 total no. of sampling steps: 0
 total no. of averaging Steps: 0


Selecting field: dsmcVolFields

TimeData Statistics: 
 measurement option: write
 nSamples: 1, time interval: 4e-07
 nAverages: 1250, time interval: 0.0005
 total no. of sampling steps: 0
 total no. of averaging Steps: 0


Selecting field: dsmcVolFields

TimeData Statistics: 
 measurement option: write
 nSamples: 1, time interval: 4e-07
 nAverages: 1250, time interval: 0.0005
 total no. of sampling steps: 0
 total no. of averaging Steps: 0


Selecting field: dsmcVolFields

TimeData Statistics: 
 measurement option: write
 nSamples: 1, time interval: 4e-07
 nAverages: 1250, time interval: 0.0005
 total no. of sampling steps: 0
 total no. of averaging Steps: 0


Selecting field: dsmcVolFields

TimeData Statistics: 
 measurement option: write
 nSamples: 1, time interval: 4e-07
 nAverages: 1250, time interval: 0.0005
 total no. of sampling steps: 0
 total no. of averaging Steps: 0


Selecting field: dsmcVolFields

TimeData Statistics: 
 measurement option: write
 nSamples: 1, time interval: 4e-07
 nAverages: 1250, time interval: 0.0005
 total no. of sampling steps: 0
 total no. of averaging Steps: 0


Selecting field: dsmcVolFields

TimeData Statistics: 
 measurement option: write
 nSamples: 1, time interval: 4e-07
 nAverages: 1250, time interval: 0.0005
 total no. of sampling steps: 0
 total no. of averaging Steps: 0


Selecting field: dsmcVolFields

TimeData Statistics: 
 measurement option: write
 nSamples: 1, time interval: 4e-07
 nAverages: 1250, time interval: 0.0005
 total no. of sampling steps: 0
 total no. of averaging Steps: 0


Selecting field: dsmcVolFields

TimeData Statistics: 
 measurement option: write
 nSamples: 1, time interval: 4e-07
 nAverages: 1250, time interval: 0.0005
 total no. of sampling steps: 0
 total no. of averaging Steps: 0


Selecting field: dsmcVolFields

TimeData Statistics: 
 measurement option: write
 nSamples: 1, time interval: 4e-07
 nAverages: 1250, time interval: 0.0005
Selecting field: dsmcVolFields

TimeData Statistics: 
 measurement option: write
 total no. of sampling steps: 0
 total no. of averaging Steps: 0


 nSamples: 1, time interval: 4e-07
 nAverages: 1250, time interval: 0.0005
 total no. of sampling steps: 0
 total no. of averaging Steps: 0


Selecting field: dsmcVolFields

TimeData Statistics: 
 measurement option: write
 nSamples: 1, time interval: 4e-07
 nAverages: 1250, time interval: 0.0005
 total no. of sampling steps: 0
 total no. of averaging Steps: 0


Selecting field: dsmcVolFields

TimeData Statistics: 
 measurement option: write
 nSamples: 1, time interval: 4e-07
 nAverages: 1250, time interval: 0.0005
 total no. of sampling steps: 0
 total no. of averaging Steps: 0


Selecting field: dsmcVolFields

TimeData Statistics: 
 measurement option: write
 nSamples: 1, time interval: 4e-07
 nAverages: 1250, time interval: 0.0005
 total no. of sampling steps: 0
 total no. of averaging Steps: 0


Selecting field: dsmcVolFields

TimeData Statistics: 
 measurement option: write
 nSamples: 1, time interval: 4e-07
 nAverages: 1250, time interval: 0.0005
 total no. of sampling steps: 0
 total no. of averaging Steps: 0


Selecting field: dsmcVolFields

TimeData Statistics: 
 measurement option: write
 nSamples: 1, time interval: 4e-07
 nAverages: 1250, time interval: 0.0005
 total no. of sampling steps: 0
 total no. of averaging Steps: 0


Selecting field: dsmcVolFields

TimeData Statistics: 
 measurement option: write
 nSamples: 1, time interval: 4e-07
 nAverages: 1250, time interval: 0.0005
 total no. of sampling steps: 0
 total no. of averaging Steps: 0


Selecting field: dsmcVolFields

TimeData Statistics: 
 measurement option: write
 nSamples: 1, time interval: 4e-07
 nAverages: 1250, time interval: 0.0005
 total no. of sampling steps: 0
 total no. of averaging Steps: 0


Selecting field: dsmcVolFields

TimeData Statistics: 
 measurement option: write
 nSamples: 1, time interval: 4e-07
 nAverages: 1250, time interval: 0.0005
 total no. of sampling steps: 0
 total no. of averaging Steps: 0


Selecting field: dsmcVolFields

TimeData Statistics: 
 measurement option: write
 nSamples: 1, time interval: 4e-07
 nAverages: 1250, time interval: 0.0005
 total no. of sampling steps: 0
 total no. of averaging Steps: 0


Selecting field: dsmcVolFields

TimeData Statistics: 
 measurement option: write
 nSamples: 1, time interval: 4e-07
 nAverages: 1250, time interval: 0.0005
 total no. of sampling steps: 0
 total no. of averaging Steps: 0


Selecting field: dsmcVolFields

TimeData Statistics: 
 measurement option: write
 nSamples: 1, time interval: 4e-07
 nAverages: 1250, time interval: 0.0005
 total no. of sampling steps: 0
 total no. of averaging Steps: 0


Selecting field: dsmcVolFields

TimeData Statistics: 
 measurement option: write
 nSamples: 1, time interval: 4e-07
 nAverages: 1250, time interval: 0.0005
 total no. of sampling steps: 0
 total no. of averaging Steps: 0


Selecting field: dsmcVolFields

TimeData Statistics: 
 measurement option: write
 nSamples: 1, time interval: 4e-07
 nAverages: 1250, time interval: 0.0005
 total no. of sampling steps: 0
 total no. of averaging Steps: 0


Selecting field: dsmcVolFields

TimeData Statistics: 
 measurement option: write
 nSamples: 1, time interval: 4e-07
 nAverages: 1250, time interval: 0.0005
 total no. of sampling steps: 0
 total no. of averaging Steps: 0


Selecting field: dsmcVolFields

TimeData Statistics: 
 measurement option: write
 nSamples: 1, time interval: 4e-07
 nAverages: 1250, time interval: 0.0005
 total no. of sampling steps: 0
 total no. of averaging Steps: 0


Selecting field: dsmcVolFields

TimeData Statistics: 
 measurement option: write
 nSamples: 1, time interval: 4e-07
 nAverages: 1250, time interval: 0.0005
 total no. of sampling steps: 0
 total no. of averaging Steps: 0


Selecting field: dsmcVolFields

TimeData Statistics: 
 measurement option: write
 nSamples: 1, time interval: 4e-07
 nAverages: 1250, time interval: 0.0005
 total no. of sampling steps: 0
 total no. of averaging Steps: 0


Selecting field: dsmcVolFields

TimeData Statistics: 
 measurement option: write
 nSamples: 1, time interval: 4e-07
 nAverages: 1250, time interval: 0.0005
 total no. of sampling steps: 0
 total no. of averaging Steps: 0


Selecting field: dsmcVolFields

TimeData Statistics: 
 measurement option: write
 nSamples: 1, time interval: 4e-07
 nAverages: 1250, time interval: 0.0005
 total no. of sampling steps: 0
 total no. of averaging Steps: 0


Selecting field: dsmcVolFields

TimeData Statistics: 
 measurement option: write
 nSamples: 1, time interval: 4e-07
 nAverages: 1250, time interval: 0.0005
 total no. of sampling steps: 0
 total no. of averaging Steps: 0


Selecting field: dsmcVolFields

TimeData Statistics: 
 measurement option: write
 nSamples: 1, time interval: 4e-07
 nAverages: 1250, time interval: 0.0005
 total no. of sampling steps: 0
 total no. of averaging Steps: 0


Selecting field: dsmcVolFields

TimeData Statistics: 
 measurement option: write
 nSamples: 1, time interval: 4e-07
 nAverages: 1250, time interval: 0.0005
 total no. of sampling steps: 0
 total no. of averaging Steps: 0


Selecting field: dsmcVolFields

TimeData Statistics: 
 measurement option: write
 nSamples: 1, time interval: 4e-07
 nAverages: 1250, time interval: 0.0005
 total no. of sampling steps: 0
 total no. of averaging Steps: 0


Selecting field: dsmcVolFields

TimeData Statistics: 
 measurement option: write
 nSamples: 1, time interval: 4e-07
 nAverages: 1250, time interval: 0.0005
 total no. of sampling steps: 0
 total no. of averaging Steps: 0


Selecting field: dsmcVolFields

TimeData Statistics: 
 measurement option: write
 nSamples: 1, time interval: 4e-07
 nAverages: 1250, time interval: 0.0005
 total no. of sampling steps: 0
 total no. of averaging Steps: 0


Selecting field: dsmcVolFields

TimeData Statistics: 
 measurement option: write
 nSamples: 1, time interval: 4e-07
 nAverages: 1250, time interval: 0.0005
 total no. of sampling steps: 0
 total no. of averaging Steps: 0


Selecting field: dsmcVolFields

TimeData Statistics: 
 measurement option: write
 nSamples: 1, time interval: 4e-07
 nAverages: 1250, time interval: 0.0005
 total no. of sampling steps: 0
 total no. of averaging Steps: 0


Selecting field: dsmcVolFields

TimeData Statistics: 
 measurement option: write
 nSamples: 1, time interval: 4e-07
 nAverages: 1250, time interval: 0.0005
 total no. of sampling steps: 0
 total no. of averaging Steps: 0


Selecting field: dsmcVolFields

TimeData Statistics: 
 measurement option: write
 nSamples: 1, time interval: 4e-07
 nAverages: 1250, time interval: 0.0005
 total no. of sampling steps: 0
 total no. of averaging Steps: 0


Selecting field: dsmcVolFields

TimeData Statistics: 
 measurement option: write
 nSamples: 1, time interval: 4e-07
 nAverages: 1250, time interval: 0.0005
 total no. of sampling steps: 0
 total no. of averaging Steps: 0


Selecting field: dsmcVolFields

TimeData Statistics: 
 measurement option: write
 nSamples: 1, time interval: 4e-07
 nAverages: 1250, time interval: 0.0005
 total no. of sampling steps: 0
 total no. of averaging Steps: 0


Selecting field: dsmcVolFields

TimeData Statistics: 
 measurement option: write
 nSamples: 1, time interval: 4e-07
 nAverages: 1250, time interval: 0.0005
 total no. of sampling steps: 0
 total no. of averaging Steps: 0


Selecting field: dsmcVolFields

TimeData Statistics: 
 measurement option: write
 nSamples: 1, time interval: 4e-07
 nAverages: 1250, time interval: 0.0005
 total no. of sampling steps: 0
 total no. of averaging Steps: 0


Selecting field: dsmcVolFields

TimeData Statistics: 
 measurement option: write
 nSamples: 1, time interval: 4e-07
 nAverages: 1250, time interval: 0.0005
 total no. of sampling steps: 0
 total no. of averaging Steps: 0


Selecting field: dsmcVolFields

TimeData Statistics: 
 measurement option: write
 nSamples: 1, time interval: 4e-07
 nAverages: 1250, time interval: 0.0005
 total no. of sampling steps: 0
 total no. of averaging Steps: 0


Selecting field: dsmcVolFields

TimeData Statistics: 
 measurement option: write
 nSamples: 1, time interval: 4e-07
 nAverages: 1250, time interval: 0.0005
 total no. of sampling steps: 0
 total no. of averaging Steps: 0


Selecting field: dsmcVolFields

TimeData Statistics: 
 measurement option: write
 nSamples: 1, time interval: 4e-07
 nAverages: 1250, time interval: 0.0005
 total no. of sampling steps: 0
 total no. of averaging Steps: 0


Selecting field: dsmcVolFields

TimeData Statistics: 
 measurement option: write
 nSamples: 1, time interval: 4e-07
 nAverages: 1250, time interval: 0.0005
 total no. of sampling steps: 0
 total no. of averaging Steps: 0


Selecting field: dsmcVolFields

TimeData Statistics: 
 measurement option: write
 nSamples: 1, time interval: 4e-07
 nAverages: 1250, time interval: 0.0005
 total no. of sampling steps: 0
 total no. of averaging Steps: 0


Selecting field: dsmcVolFields

TimeData Statistics: 
 measurement option: write
 nSamples: 1, time interval: 4e-07
 nAverages: 1250, time interval: 0.0005
 total no. of sampling steps: 0
 total no. of averaging Steps: 0


Selecting field: dsmcVolFields

TimeData Statistics: 
 measurement option: write
 nSamples: 1, time interval: 4e-07
 nAverages: 1250, time interval: 0.0005
 total no. of sampling steps: 0
 total no. of averaging Steps: 0


Selecting field: dsmcVolFields

TimeData Statistics: 
 measurement option: write
 nSamples: 1, time interval: 4e-07
 nAverages: 1250, time interval: 0.0005
 total no. of sampling steps: 0
 total no. of averaging Steps: 0


Selecting field: dsmcVolFields

TimeData Statistics: 
 measurement option: write
 nSamples: 1, time interval: 4e-07
 nAverages: 1250, time interval: 0.0005
 total no. of sampling steps: 0
 total no. of averaging Steps: 0


Selecting field: dsmcVolFields

TimeData Statistics: 
 measurement option: write
 nSamples: 1, time interval: 4e-07
 nAverages: 1250, time interval: 0.0005
 total no. of sampling steps: 0
 total no. of averaging Steps: 0


Selecting field: dsmcVolFields

TimeData Statistics: 
 measurement option: write
 nSamples: 1, time interval: 4e-07
 nAverages: 1250, time interval: 0.0005
 total no. of sampling steps: 0
 total no. of averaging Steps: 0


Selecting field: dsmcVolFields

TimeData Statistics: 
 measurement option: write
 nSamples: 1, time interval: 4e-07
 nAverages: 1250, time interval: 0.0005
 total no. of sampling steps: 0
 total no. of averaging Steps: 0


Selecting field: dsmcVolFields

TimeData Statistics: 
 measurement option: write
 nSamples: 1, time interval: 4e-07
 nAverages: 1250, time interval: 0.0005
 total no. of sampling steps: 0
 total no. of averaging Steps: 0


Selecting field: dsmcVolFields

TimeData Statistics: 
 measurement option: write
 nSamples: 1, time interval: 4e-07
 nAverages: 1250, time interval: 0.0005
 total no. of sampling steps: 0
 total no. of averaging Steps: 0


Selecting field: dsmcVolFields

TimeData Statistics: 
 measurement option: write
 nSamples: 1, time interval: 4e-07
 nAverages: 1250, time interval: 0.0005
 total no. of sampling steps: 0
 total no. of averaging Steps: 0


Selecting field: dsmcVolFields

TimeData Statistics: 
 measurement option: write
 nSamples: 1, time interval: 4e-07
 nAverages: 1250, time interval: 0.0005
 total no. of sampling steps: 0
 total no. of averaging Steps: 0


Selecting field: dsmcVolFields

TimeData Statistics: 
 measurement option: write
 nSamples: 1, time interval: 4e-07
 nAverages: 1250, time interval: 0.0005
 total no. of sampling steps: 0
 total no. of averaging Steps: 0


Selecting field: dsmcVolFields

TimeData Statistics: 
 measurement option: write
 nSamples: 1, time interval: 4e-07
 nAverages: 1250, time interval: 0.0005
 total no. of sampling steps: 0
 total no. of averaging Steps: 0


Selecting field: dsmcVolFields

TimeData Statistics: 
 measurement option: write
 nSamples: 1, time interval: 4e-07
 nAverages: 1250, time interval: 0.0005
 total no. of sampling steps: 0
 total no. of averaging Steps: 0


Selecting field: dsmcVolFields

TimeData Statistics: 
 measurement option: write
 nSamples: 1, time interval: 4e-07
 nAverages: 1250, time interval: 0.0005
 total no. of sampling steps: 0
 total no. of averaging Steps: 0


Selecting field: dsmcVolFields

TimeData Statistics: 
 measurement option: write
 nSamples: 1, time interval: 4e-07
 nAverages: 1250, time interval: 0.0005
 total no. of sampling steps: 0
 total no. of averaging Steps: 0


Selecting field: dsmcVolFields

TimeData Statistics: 
 measurement option: write
 nSamples: 1, time interval: 4e-07
 nAverages: 1250, time interval: 0.0005
 total no. of sampling steps: 0
 total no. of averaging Steps: 0


Selecting field: dsmcVolFields

TimeData Statistics: 
 measurement option: write
 nSamples: 1, time interval: 4e-07
 nAverages: 1250, time interval: 0.0005
 total no. of sampling steps: 0
 total no. of averaging Steps: 0


Selecting field: dsmcVolFields

TimeData Statistics: 
 measurement option: write
 nSamples: 1, time interval: 4e-07
 nAverages: 1250, time interval: 0.0005
 total no. of sampling steps: 0
 total no. of averaging Steps: 0


Selecting field: dsmcVolFields

TimeData Statistics: 
 measurement option: write
 nSamples: 1, time interval: 4e-07
 nAverages: 1250, time interval: 0.0005
 total no. of sampling steps: 0
 total no. of averaging Steps: 0


Selecting field: dsmcVolFields

TimeData Statistics: 
 measurement option: write
 nSamples: 1, time interval: 4e-07
 nAverages: 1250, time interval: 0.0005
 total no. of sampling steps: 0
 total no. of averaging Steps: 0


Selecting field: dsmcVolFields

TimeData Statistics: 
 measurement option: write
 nSamples: 1, time interval: 4e-07
 nAverages: 1250, time interval: 0.0005
 total no. of sampling steps: 0
 total no. of averaging Steps: 0


Selecting field: dsmcVolFields

TimeData Statistics: 
 measurement option: write
 nSamples: 1, time interval: 4e-07
 nAverages: 1250, time interval: 0.0005
 total no. of sampling steps: 0
 total no. of averaging Steps: 0


Selecting field: dsmcVolFields

TimeData Statistics: 
 measurement option: write
 nSamples: 1, time interval: 4e-07
 nAverages: 1250, time interval: 0.0005
 total no. of sampling steps: 0
 total no. of averaging Steps: 0


Selecting field: dsmcVolFields

TimeData Statistics: 
 measurement option: write
 nSamples: 1, time interval: 4e-07
 nAverages: 1250, time interval: 0.0005
 total no. of sampling steps: 0
 total no. of averaging Steps: 0


Selecting field: dsmcVolFields

TimeData Statistics: 
 measurement option: write
 nSamples: 1, time interval: 4e-07
 nAverages: 1250, time interval: 0.0005
 total no. of sampling steps: 0
 total no. of averaging Steps: 0


Selecting field: dsmcVolFields

TimeData Statistics: 
 measurement option: write
 nSamples: 1, time interval: 4e-07
 nAverages: 1250, time interval: 0.0005
 total no. of sampling steps: 0
 total no. of averaging Steps: 0


Selecting field: dsmcVolFields

TimeData Statistics: 
 measurement option: write
 nSamples: 1, time interval: 4e-07
 nAverages: 1250, time interval: 0.0005
 total no. of sampling steps: 0
 total no. of averaging Steps: 0


Selecting field: dsmcVolFields

TimeData Statistics: 
 measurement option: write
 nSamples: 1, time interval: 4e-07
 nAverages: 1250, time interval: 0.0005
 total no. of sampling steps: 0
 total no. of averaging Steps: 0


Selecting field: dsmcVolFields

TimeData Statistics: 
 measurement option: write
 nSamples: 1, time interval: 4e-07
 nAverages: 1250, time interval: 0.0005
 total no. of sampling steps: 0
 total no. of averaging Steps: 0


Selecting field: dsmcVolFields

TimeData Statistics: 
 measurement option: write
 nSamples: 1, time interval: 4e-07
 nAverages: 1250, time interval: 0.0005
 total no. of sampling steps: 0
 total no. of averaging Steps: 0


Selecting field: dsmcVolFields

TimeData Statistics: 
 measurement option: write
 nSamples: 1, time interval: 4e-07
 nAverages: 1250, time interval: 0.0005
 total no. of sampling steps: 0
 total no. of averaging Steps: 0


Creating the boundary models: 

Selecting dsmcPatchBoundaryModel dsmcDeletionPatch
Selecting dsmcPatchBoundaryModel dsmcDeletionPatch
Selecting dsmcPatchBoundaryModel dsmcDiffuseWallPatch
Selecting dsmcGeneralBoundaryModel dsmcFreeStreamInflowPatch
Creating the boundary models: 

Selecting dsmcPatchBoundaryModel dsmcDeletionPatch
Selecting dsmcPatchBoundaryModel dsmcDeletionPatch
Selecting dsmcPatchBoundaryModel dsmcDiffuseWallPatch
Selecting dsmcGeneralBoundaryModel dsmcFreeStreamInflowPatch
Creating the boundary models: 

Selecting dsmcPatchBoundaryModel dsmcDeletionPatch
Selecting dsmcPatchBoundaryModel dsmcDeletionPatch
Selecting dsmcPatchBoundaryModel dsmcDiffuseWallPatch
Selecting dsmcGeneralBoundaryModel dsmcFreeStreamInflowPatch
Selecting field: dsmcVolFields

TimeData Statistics: 
 measurement option: write
 nSamples: 1, time interval: 4e-07
 nAverages: 1250, time interval: 0.0005
 total no. of sampling steps: 0
 total no. of averaging Steps: 0


Creating the boundary models: 

Selecting dsmcPatchBoundaryModel dsmcDeletionPatch
Selecting dsmcPatchBoundaryModel dsmcDeletionPatch
Selecting dsmcPatchBoundaryModel dsmcDiffuseWallPatch
Selecting dsmcGeneralBoundaryModel dsmcFreeStreamInflowPatch
Creating the boundary models: 

Selecting dsmcPatchBoundaryModel dsmcDeletionPatch
Selecting dsmcPatchBoundaryModel dsmcDeletionPatch
Selecting dsmcPatchBoundaryModel dsmcDiffuseWallPatch
Selecting dsmcGeneralBoundaryModel dsmcFreeStreamInflowPatch
Selecting BinaryCollisionModel LarsenBorgnakkeVariableHardSphere

Creating dsmcReactions

Selecting the reaction model dissociationQK
Selecting the reaction model dissociationExchangeQK
Selecting the reaction model dissociationQK
Selecting the reaction model dissociationQK
Selecting the reaction model dissociationQK
Selecting the reaction model dissociationQK
Selecting the reaction model dissociationQK
Selecting the reaction model dissociationExchangeQK
Selecting the reaction model dissociationQK
Selecting the reaction model dissociationExchangeQK
Selecting the reaction model dissociationExchangeQK
Selecting the reaction model dissociationQK
Number of reactions created: 12
Creating the boundary models: 

Selecting dsmcPatchBoundaryModel dsmcDeletionPatch
Selecting dsmcPatchBoundaryModel dsmcDeletionPatch
Selecting dsmcPatchBoundaryModel dsmcDiffuseWallPatch
Selecting dsmcGeneralBoundaryModel dsmcFreeStreamInflowPatch
Creating the boundary models: 

Selecting dsmcPatchBoundaryModel dsmcDeletionPatch
Selecting dsmcPatchBoundaryModel dsmcDeletionPatch
Selecting dsmcPatchBoundaryModel dsmcDiffuseWallPatch
Creating the boundary models: 

Selecting dsmcPatchBoundaryModel dsmcDeletionPatch
Selecting dsmcGeneralBoundaryModel dsmcFreeStreamInflowPatch
Selecting dsmcPatchBoundaryModel dsmcDeletionPatch
Selecting dsmcPatchBoundaryModel dsmcDiffuseWallPatch
Selecting dsmcGeneralBoundaryModel dsmcFreeStreamInflowPatch
Selecting BinaryCollisionModel LarsenBorgnakkeVariableHardSphere

Creating dsmcReactions

Selecting the reaction model dissociationQK
Selecting the reaction model dissociationExchangeQK
Selecting the reaction model dissociationQK
Selecting the reaction model dissociationQK
Selecting the reaction model dissociationQK
Selecting the reaction model dissociationQK
Selecting the reaction model dissociationQK
Selecting the reaction model dissociationExchangeQK
Selecting the reaction model dissociationQK
Selecting the reaction model dissociationExchangeQK
Selecting the reaction model dissociationExchangeQK
Selecting the reaction model dissociationQK
Number of reactions created: 12
Selecting BinaryCollisionModel LarsenBorgnakkeVariableHardSphere

Creating dsmcReactions

Selecting the reaction model dissociationQK
Selecting the reaction model dissociationExchangeQK
Selecting the reaction model dissociationQK
Selecting the reaction model dissociationQK
Selecting the reaction model dissociationQK
Selecting the reaction model dissociationQK
Selecting the reaction model dissociationQK
Selecting the reaction model dissociationExchangeQK
Selecting the reaction model dissociationQK
Selecting the reaction model dissociationExchangeQK
Selecting the reaction model dissociationExchangeQK
Selecting the reaction model dissociationQK
Number of reactions created: 12
Creating the boundary models: 

Selecting dsmcPatchBoundaryModel dsmcDeletionPatch
Selecting dsmcPatchBoundaryModel dsmcDeletionPatch
Selecting dsmcPatchBoundaryModel dsmcDiffuseWallPatch
Selecting dsmcGeneralBoundaryModel dsmcFreeStreamInflowPatch
Creating the boundary models: 

Selecting dsmcPatchBoundaryModel dsmcDeletionPatch
Selecting dsmcPatchBoundaryModel dsmcDeletionPatch
Selecting dsmcPatchBoundaryModel dsmcDiffuseWallPatch
Selecting dsmcGeneralBoundaryModel dsmcFreeStreamInflowPatch
Selecting BinaryCollisionModel LarsenBorgnakkeVariableHardSphere

Creating dsmcReactions

Selecting the reaction model dissociationQK
Selecting the reaction model dissociationExchangeQK
Selecting the reaction model dissociationQK
Creating the boundary models: 

Selecting dsmcPatchBoundaryModel dsmcDeletionPatch
Selecting the reaction model dissociationQK
Selecting the reaction model dissociationQK
Selecting the reaction model dissociationQK
Selecting the reaction model dissociationQK
Selecting the reaction model dissociationExchangeQK
Selecting the reaction model dissociationQK
Selecting the reaction model dissociationExchangeQK
Selecting the reaction model dissociationExchangeQK
Selecting the reaction model dissociationQK
Number of reactions created: 12
Selecting dsmcPatchBoundaryModel dsmcDeletionPatch
Selecting dsmcPatchBoundaryModel dsmcDiffuseWallPatch
Selecting dsmcGeneralBoundaryModel dsmcFreeStreamInflowPatch
Creating the boundary models: 

Selecting dsmcPatchBoundaryModel dsmcDeletionPatch
Selecting dsmcPatchBoundaryModel dsmcDeletionPatch
Selecting dsmcPatchBoundaryModel dsmcDiffuseWallPatch
Selecting dsmcGeneralBoundaryModel dsmcFreeStreamInflowPatch
Creating the boundary models: 

Selecting dsmcPatchBoundaryModel dsmcDeletionPatch
Selecting dsmcPatchBoundaryModel dsmcDeletionPatch
Selecting dsmcPatchBoundaryModel dsmcDiffuseWallPatch
Selecting dsmcGeneralBoundaryModel dsmcFreeStreamInflowPatch
Creating the boundary models: 

Selecting dsmcPatchBoundaryModel dsmcDeletionPatch
Selecting dsmcPatchBoundaryModel dsmcDeletionPatch
Selecting dsmcPatchBoundaryModel dsmcDiffuseWallPatch
Selecting dsmcGeneralBoundaryModel dsmcFreeStreamInflowPatch
Selecting BinaryCollisionModel LarsenBorgnakkeVariableHardSphere
Creating the boundary models: 

Selecting dsmcPatchBoundaryModel dsmcDeletionPatch
Selecting dsmcPatchBoundaryModel dsmcDeletionPatch
Selecting dsmcPatchBoundaryModel dsmcDiffuseWallPatch
Selecting dsmcGeneralBoundaryModel dsmcFreeStreamInflowPatch

Creating dsmcReactions

Selecting the reaction model dissociationQK
Selecting the reaction model dissociationExchangeQK
Selecting the reaction model dissociationQK
Selecting the reaction model dissociationQK
Selecting the reaction model dissociationQK
Selecting the reaction model dissociationQK
Selecting the reaction model dissociationQK
Selecting the reaction model dissociationExchangeQK
Selecting the reaction model dissociationQK
Selecting the reaction model dissociationExchangeQK
Selecting the reaction model dissociationExchangeQK
Selecting the reaction model dissociationQK
Number of reactions created: 12
Selecting BinaryCollisionModel LarsenBorgnakkeVariableHardSphere

Creating dsmcReactions

Selecting the reaction model dissociationQK
Selecting the reaction model dissociationExchangeQK
Selecting the reaction model dissociationQK
Selecting the reaction model dissociationQK
Selecting the reaction model dissociationQK
Selecting the reaction model dissociationQK
Selecting the reaction model dissociationQK
Selecting the reaction model dissociationExchangeQK
Selecting the reaction model dissociationQK
Selecting the reaction model dissociationExchangeQK
Selecting the reaction model dissociationExchangeQK
Selecting the reaction model dissociationQK
Number of reactions created: 12
Selecting BinaryCollisionModel LarsenBorgnakkeVariableHardSphere

Creating dsmcReactions

Selecting the reaction model dissociationQK
Selecting the reaction model dissociationExchangeQK
Selecting the reaction model dissociationQK
Selecting the reaction model dissociationQK
Selecting the reaction model dissociationQK
Selecting the reaction model dissociationQK
Selecting the reaction model dissociationQK
Selecting the reaction model dissociationExchangeQK
Selecting the reaction model dissociationQK
Selecting the reaction model dissociationExchangeQK
Selecting the reaction model dissociationExchangeQK
Selecting the reaction model dissociationQK
Number of reactions created: 12
Selecting BinaryCollisionModel LarsenBorgnakkeVariableHardSphere
Creating the boundary models: 

Selecting dsmcPatchBoundaryModel dsmcDeletionPatch
Selecting dsmcPatchBoundaryModel dsmcDeletionPatch
Selecting dsmcPatchBoundaryModel dsmcDiffuseWallPatch
Selecting dsmcGeneralBoundaryModel dsmcFreeStreamInflowPatch

Creating dsmcReactions

Selecting the reaction model dissociationQK
Selecting the reaction model dissociationExchangeQK
Selecting the reaction model dissociationQK
Selecting the reaction model dissociationQK
Selecting the reaction model dissociationQK
Selecting the reaction model dissociationQK
Selecting the reaction model dissociationQK
Selecting the reaction model dissociationExchangeQK
Selecting the reaction model dissociationQK
Selecting the reaction model dissociationExchangeQK
Selecting the reaction model dissociationExchangeQK
Selecting the reaction model dissociationQK
Number of reactions created: 12
Creating the boundary models: 

Selecting dsmcPatchBoundaryModel dsmcDeletionPatch
Selecting dsmcPatchBoundaryModel dsmcDeletionPatch
Selecting dsmcPatchBoundaryModel dsmcDiffuseWallPatch
Selecting dsmcGeneralBoundaryModel dsmcFreeStreamInflowPatch
Creating the boundary models: 

Selecting dsmcPatchBoundaryModel dsmcDeletionPatch
Selecting dsmcPatchBoundaryModel dsmcDeletionPatch
Selecting dsmcPatchBoundaryModel dsmcDiffuseWallPatch
Selecting dsmcGeneralBoundaryModel dsmcFreeStreamInflowPatch
Selecting BinaryCollisionModel LarsenBorgnakkeVariableHardSphere

Creating dsmcReactions

Selecting the reaction model dissociationQK
Selecting the reaction model dissociationExchangeQK
Selecting the reaction model dissociationQK
Selecting the reaction model dissociationQK
Selecting the reaction model dissociationQK
Selecting the reaction model dissociationQK
Selecting the reaction model dissociationQK
Selecting the reaction model dissociationExchangeQK
Selecting the reaction model dissociationQK
Selecting the reaction model dissociationExchangeQK
Selecting the reaction model dissociationExchangeQK
Selecting the reaction model dissociationQK
Number of reactions created: 12
Creating the boundary models: 

Selecting dsmcPatchBoundaryModel dsmcDeletionPatch
Selecting dsmcPatchBoundaryModel dsmcDeletionPatch
Selecting dsmcPatchBoundaryModel dsmcDiffuseWallPatch
Selecting dsmcGeneralBoundaryModel dsmcFreeStreamInflowPatch
Creating the boundary models: 

Selecting dsmcPatchBoundaryModel dsmcDeletionPatch
Selecting dsmcPatchBoundaryModel dsmcDeletionPatch
Selecting dsmcPatchBoundaryModel dsmcDiffuseWallPatch
Selecting dsmcGeneralBoundaryModel dsmcFreeStreamInflowPatch
Selecting BinaryCollisionModel LarsenBorgnakkeVariableHardSphere

Creating dsmcReactions

Selecting the reaction model dissociationQK
Selecting the reaction model dissociationExchangeQK
Selecting the reaction model dissociationQK
Selecting the reaction model dissociationQK
Selecting the reaction model dissociationQK
Selecting the reaction model dissociationQK
Selecting the reaction model dissociationQK
Selecting the reaction model dissociationExchangeQK
Selecting the reaction model dissociationQK
Selecting the reaction model dissociationExchangeQK
Selecting the reaction model dissociationExchangeQK
Selecting the reaction model dissociationQK
Number of reactions created: 12
Selecting BinaryCollisionModel LarsenBorgnakkeVariableHardSphere
Creating the boundary models: 

Selecting dsmcPatchBoundaryModel dsmcDeletionPatch

Creating dsmcReactions

Selecting the reaction model dissociationQK
Selecting the reaction model dissociationExchangeQK
Selecting the reaction model dissociationQK
Selecting the reaction model dissociationQK
Selecting the reaction model dissociationQK
Selecting the reaction model dissociationQK
Selecting the reaction model dissociationQK
Selecting the reaction model dissociationExchangeQK
Selecting the reaction model dissociationQK
Selecting the reaction model dissociationExchangeQK
Selecting the reaction model dissociationExchangeQK
Selecting dsmcPatchBoundaryModel dsmcDeletionPatch
Selecting dsmcPatchBoundaryModel dsmcDiffuseWallPatch
Selecting the reaction model dissociationQK
Number of reactions created: 12
Selecting dsmcGeneralBoundaryModel dsmcFreeStreamInflowPatch
Selecting BinaryCollisionModel LarsenBorgnakkeVariableHardSphere
Selecting BinaryCollisionModel LarsenBorgnakkeVariableHardSphere

Creating dsmcReactions

Selecting the reaction model dissociationQK
Selecting the reaction model dissociationExchangeQK
Selecting the reaction model dissociationQK
Selecting the reaction model dissociationQK
Selecting the reaction model dissociationQK
Selecting the reaction model dissociationQK
Selecting the reaction model dissociationQK
Selecting the reaction model dissociationExchangeQK
Selecting the reaction model dissociationQK
Selecting the reaction model dissociationExchangeQK
Selecting the reaction model dissociationExchangeQK
Selecting the reaction model dissociationQK
Number of reactions created: 12

Creating dsmcReactions

Selecting the reaction model dissociationQK
Selecting the reaction model dissociationExchangeQK
Selecting the reaction model dissociationQK
Selecting the reaction model dissociationQK
Selecting the reaction model dissociationQK
Selecting the reaction model dissociationQK
Selecting the reaction model dissociationQK
Selecting the reaction model dissociationExchangeQK
Selecting the reaction model dissociationQK
Selecting the reaction model dissociationExchangeQK
Selecting the reaction model dissociationExchangeQK
Selecting the reaction model dissociationQK
Number of reactions created: 12
Selecting BinaryCollisionModel LarsenBorgnakkeVariableHardSphere
Selecting BinaryCollisionModel LarsenBorgnakkeVariableHardSphere

Creating dsmcReactions

Selecting the reaction model dissociationQK

Creating dsmcReactions

Selecting the reaction model dissociationQK
Selecting the reaction model dissociationExchangeQK
Selecting the reaction model dissociationExchangeQK
Selecting the reaction model dissociationQK
Selecting the reaction model dissociationQK
Selecting the reaction model dissociationQK
Selecting the reaction model dissociationQK
Selecting the reaction model dissociationQK
Selecting the reaction model dissociationQK
Selecting the reaction model dissociationQK
Selecting the reaction model dissociationExchangeQK
Selecting the reaction model dissociationQK
Selecting the reaction model dissociationQK
Selecting the reaction model dissociationQK
Selecting the reaction model dissociationQK
Selecting the reaction model dissociationExchangeQK
Selecting the reaction model dissociationExchangeQK
Selecting the reaction model dissociationExchangeQK
Selecting the reaction model dissociationQK
Number of reactions created: 12
Selecting the reaction model dissociationQK
Selecting the reaction model dissociationExchangeQK
Selecting the reaction model dissociationExchangeQK
Selecting the reaction model dissociationQK
Number of reactions created: 12
Creating the boundary models: 

Selecting dsmcPatchBoundaryModel dsmcDeletionPatch
Selecting dsmcPatchBoundaryModel dsmcDeletionPatch
Selecting dsmcPatchBoundaryModel dsmcDiffuseWallPatch
Selecting dsmcGeneralBoundaryModel dsmcFreeStreamInflowPatch
Selecting BinaryCollisionModel LarsenBorgnakkeVariableHardSphere

Creating dsmcReactions

Selecting the reaction model dissociationQK
Selecting the reaction model dissociationExchangeQK
Selecting the reaction model dissociationQK
Selecting the reaction model dissociationQK
Selecting the reaction model dissociationQK
Selecting the reaction model dissociationQK
Selecting the reaction model dissociationQK
Selecting the reaction model dissociationExchangeQK
Selecting the reaction model dissociationQK
Selecting the reaction model dissociationExchangeQK
Selecting the reaction model dissociationExchangeQK
Selecting the reaction model dissociationQK
Number of reactions created: 12
Selecting BinaryCollisionModel LarsenBorgnakkeVariableHardSphere
Selecting BinaryCollisionModel LarsenBorgnakkeVariableHardSphere

Creating dsmcReactions

Selecting the reaction model dissociationQK
Selecting the reaction model dissociationExchangeQK
Selecting the reaction model dissociationQK
Selecting the reaction model dissociationQK
Selecting the reaction model dissociationQK
Selecting the reaction model dissociationQK
Selecting the reaction model dissociationQK
Selecting the reaction model dissociationExchangeQK
Selecting the reaction model dissociationQK
Selecting the reaction model dissociationExchangeQK
Selecting the reaction model dissociationExchangeQK
Selecting the reaction model dissociationQK
Number of reactions created: 12

Creating dsmcReactions

Selecting the reaction model dissociationQK
Selecting the reaction model dissociationExchangeQK
Selecting the reaction model dissociationQK
Selecting the reaction model dissociationQK
Selecting the reaction model dissociationQK
Selecting the reaction model dissociationQK
Selecting the reaction model dissociationQK
Selecting the reaction model dissociationExchangeQK
Selecting the reaction model dissociationQK
Selecting the reaction model dissociationExchangeQK
Selecting the reaction model dissociationExchangeQK
Selecting the reaction model dissociationQK
Number of reactions created: 12
Selecting BinaryCollisionModel LarsenBorgnakkeVariableHardSphere

Creating dsmcReactions

Selecting the reaction model dissociationQK
Selecting the reaction model dissociationExchangeQK
Selecting the reaction model dissociationQK
Selecting the reaction model dissociationQK
Selecting the reaction model dissociationQK
Selecting the reaction model dissociationQK
Selecting the reaction model dissociationQK
Selecting the reaction model dissociationExchangeQK
Selecting the reaction model dissociationQK
Selecting the reaction model dissociationExchangeQK
Selecting the reaction model dissociationExchangeQK
Selecting the reaction model dissociationQK
Number of reactions created: 12
Creating the boundary models: 

Selecting dsmcPatchBoundaryModel dsmcDeletionPatch
Selecting dsmcPatchBoundaryModel dsmcDeletionPatch
Selecting dsmcPatchBoundaryModel dsmcDiffuseWallPatch
Selecting dsmcGeneralBoundaryModel dsmcFreeStreamInflowPatch
Creating the boundary models: 

Selecting dsmcPatchBoundaryModel dsmcDeletionPatch
Selecting dsmcPatchBoundaryModel dsmcDeletionPatch
Selecting dsmcPatchBoundaryModel dsmcDiffuseWallPatch
Creating the boundary models: 

Selecting dsmcPatchBoundaryModel dsmcDeletionPatch
Selecting dsmcGeneralBoundaryModel dsmcFreeStreamInflowPatch
Selecting dsmcPatchBoundaryModel dsmcDeletionPatch
Selecting dsmcPatchBoundaryModel dsmcDiffuseWallPatch
Selecting dsmcGeneralBoundaryModel dsmcFreeStreamInflowPatch
Selecting BinaryCollisionModel LarsenBorgnakkeVariableHardSphere
Creating the boundary models: 

Selecting dsmcPatchBoundaryModel dsmcDeletionPatch

Creating dsmcReactions

Selecting the reaction model dissociationQK
Selecting the reaction model dissociationExchangeQK
Selecting dsmcPatchBoundaryModel dsmcDeletionPatch
Selecting dsmcPatchBoundaryModel dsmcDiffuseWallPatch
Selecting the reaction model dissociationQK
Selecting the reaction model dissociationQK
Selecting the reaction model dissociationQK
Selecting the reaction model dissociationQK
Selecting the reaction model dissociationQK
Selecting the reaction model dissociationExchangeQK
Selecting the reaction model dissociationQK
Selecting the reaction model dissociationExchangeQK
Selecting the reaction model dissociationExchangeQK
Selecting dsmcGeneralBoundaryModel dsmcFreeStreamInflowPatch
Selecting the reaction model dissociationQK
Number of reactions created: 12
Selecting BinaryCollisionModel LarsenBorgnakkeVariableHardSphere

Creating dsmcReactions

Selecting the reaction model dissociationQK
Selecting the reaction model dissociationExchangeQK
Selecting the reaction model dissociationQK
Selecting the reaction model dissociationQK
Selecting the reaction model dissociationQK
Selecting the reaction model dissociationQK
Selecting the reaction model dissociationQK
Selecting the reaction model dissociationExchangeQK
Selecting the reaction model dissociationQK
Selecting the reaction model dissociationExchangeQK
Selecting the reaction model dissociationExchangeQK
Selecting the reaction model dissociationQK
Number of reactions created: 12
Selecting BinaryCollisionModel LarsenBorgnakkeVariableHardSphere

Creating dsmcReactions

Selecting the reaction model dissociationQK
Selecting the reaction model dissociationExchangeQK
Selecting the reaction model dissociationQK
Selecting the reaction model dissociationQK
Selecting the reaction model dissociationQK
Selecting the reaction model dissociationQK
Selecting the reaction model dissociationQK
Selecting the reaction model dissociationExchangeQK
Selecting the reaction model dissociationQK
Selecting the reaction model dissociationExchangeQK
Selecting the reaction model dissociationExchangeQK
Selecting the reaction model dissociationQK
Number of reactions created: 12
Creating the boundary models: 

Selecting dsmcPatchBoundaryModel dsmcDeletionPatch
Selecting dsmcPatchBoundaryModel dsmcDeletionPatch
Selecting dsmcPatchBoundaryModel dsmcDiffuseWallPatch
Selecting dsmcGeneralBoundaryModel dsmcFreeStreamInflowPatch
Selecting BinaryCollisionModel LarsenBorgnakkeVariableHardSphere
Creating the boundary models: 

Selecting dsmcPatchBoundaryModel dsmcDeletionPatch
Selecting dsmcPatchBoundaryModel dsmcDeletionPatch
Selecting dsmcPatchBoundaryModel dsmcDiffuseWallPatch
Selecting dsmcGeneralBoundaryModel dsmcFreeStreamInflowPatch

Creating dsmcReactions

Selecting the reaction model dissociationQK
Selecting the reaction model dissociationExchangeQK
Selecting the reaction model dissociationQK
Selecting the reaction model dissociationQK
Selecting the reaction model dissociationQK
Selecting the reaction model dissociationQK
Selecting the reaction model dissociationQK
Selecting the reaction model dissociationExchangeQK
Selecting the reaction model dissociationQK
Selecting the reaction model dissociationExchangeQK
Selecting the reaction model dissociationExchangeQK
Selecting the reaction model dissociationQK
Number of reactions created: 12
Selecting BinaryCollisionModel LarsenBorgnakkeVariableHardSphere
Creating the boundary models: 

Selecting dsmcPatchBoundaryModel dsmcDeletionPatch
Selecting dsmcPatchBoundaryModel dsmcDeletionPatch
Selecting dsmcPatchBoundaryModel dsmcDiffuseWallPatch
Selecting dsmcGeneralBoundaryModel dsmcFreeStreamInflowPatch

Creating dsmcReactions

Selecting the reaction model dissociationQK
Selecting the reaction model dissociationExchangeQK
Selecting the reaction model dissociationQK
Selecting the reaction model dissociationQK
Selecting the reaction model dissociationQK
Selecting the reaction model dissociationQK
Selecting the reaction model dissociationQK
Selecting the reaction model dissociationExchangeQK
Selecting the reaction model dissociationQK
Selecting the reaction model dissociationExchangeQK
Selecting the reaction model dissociationExchangeQK
Selecting the reaction model dissociationQK
Number of reactions created: 12
Creating the boundary models: 

Selecting dsmcPatchBoundaryModel dsmcDeletionPatch
Selecting dsmcPatchBoundaryModel dsmcDeletionPatch
Selecting dsmcPatchBoundaryModel dsmcDiffuseWallPatch
Selecting dsmcGeneralBoundaryModel dsmcFreeStreamInflowPatch
Creating the boundary models: 

Selecting dsmcPatchBoundaryModel dsmcDeletionPatch
Selecting dsmcPatchBoundaryModel dsmcDeletionPatch
Selecting dsmcPatchBoundaryModel dsmcDiffuseWallPatch
Selecting dsmcGeneralBoundaryModel dsmcFreeStreamInflowPatch
Selecting BinaryCollisionModel LarsenBorgnakkeVariableHardSphere

Creating dsmcReactions

Selecting the reaction model dissociationQK
Selecting the reaction model dissociationExchangeQK
Selecting the reaction model dissociationQK
Selecting the reaction model dissociationQK
Selecting the reaction model dissociationQK
Selecting the reaction model dissociationQK
Selecting the reaction model dissociationQK
Selecting the reaction model dissociationExchangeQK
Selecting the reaction model dissociationQK
Selecting the reaction model dissociationExchangeQK
Selecting the reaction model dissociationExchangeQK
Selecting the reaction model dissociationQK
Number of reactions created: 12
Selecting BinaryCollisionModel LarsenBorgnakkeVariableHardSphere

Creating dsmcReactions

Selecting the reaction model dissociationQK
Selecting the reaction model dissociationExchangeQK
Selecting the reaction model dissociationQK
Selecting the reaction model dissociationQK
Selecting the reaction model dissociationQK
Selecting the reaction model dissociationQK
Selecting the reaction model dissociationQK
Selecting the reaction model dissociationExchangeQK
Selecting the reaction model dissociationQK
Selecting the reaction model dissociationExchangeQK
Selecting the reaction model dissociationExchangeQK
Selecting the reaction model dissociationQK
Number of reactions created: 12
Selecting BinaryCollisionModel LarsenBorgnakkeVariableHardSphere

Creating dsmcReactions

Selecting the reaction model dissociationQK
Selecting the reaction model dissociationExchangeQK
Selecting the reaction model dissociationQK
Selecting the reaction model dissociationQK
Selecting the reaction model dissociationQK
Selecting the reaction model dissociationQK
Selecting the reaction model dissociationQK
Selecting the reaction model dissociationExchangeQK
Selecting the reaction model dissociationQK
Selecting the reaction model dissociationExchangeQK
Selecting the reaction model dissociationExchangeQK
Selecting the reaction model dissociationQK
Number of reactions created: 12
Selecting BinaryCollisionModel LarsenBorgnakkeVariableHardSphere

Creating dsmcReactions

Selecting the reaction model dissociationQK
Selecting the reaction model dissociationExchangeQK
Selecting the reaction model dissociationQK
Selecting the reaction model dissociationQK
Selecting the reaction model dissociationQK
Selecting the reaction model dissociationQK
Selecting the reaction model dissociationQK
Selecting the reaction model dissociationExchangeQK
Selecting the reaction model dissociationQK
Selecting the reaction model dissociationExchangeQK
Selecting the reaction model dissociationExchangeQK
Selecting the reaction model dissociationQK
Number of reactions created: 12
Selecting BinaryCollisionModel LarsenBorgnakkeVariableHardSphere
Selecting BinaryCollisionModel LarsenBorgnakkeVariableHardSphere

Creating dsmcReactions

Selecting the reaction model dissociationQK
Selecting BinaryCollisionModel LarsenBorgnakkeVariableHardSphere
Selecting the reaction model dissociationExchangeQK
Selecting the reaction model dissociationQK
Selecting the reaction model dissociationQK
Selecting the reaction model dissociationQK
Selecting the reaction model dissociationQK
Selecting the reaction model dissociationQK
Selecting the reaction model dissociationExchangeQK

Creating dsmcReactions

Selecting the reaction model dissociationQK
Selecting the reaction model dissociationExchangeQK
Selecting the reaction model dissociationQK
Selecting the reaction model dissociationExchangeQK
Selecting the reaction model dissociationExchangeQK
Selecting the reaction model dissociationQK
Number of reactions created: 12
Selecting the reaction model dissociationQK
Selecting the reaction model dissociationQK
Selecting the reaction model dissociationQK
Selecting the reaction model dissociationQK
Selecting the reaction model dissociationQK
Selecting the reaction model dissociationExchangeQK
Selecting the reaction model dissociationQK
Selecting the reaction model dissociationExchangeQK
Selecting the reaction model dissociationExchangeQK
Selecting the reaction model dissociationQK
Number of reactions created: 12

Creating dsmcReactions

Selecting the reaction model dissociationQK
Selecting the reaction model dissociationExchangeQK
Selecting the reaction model dissociationQK
Selecting the reaction model dissociationQK
Selecting the reaction model dissociationQK
Selecting the reaction model dissociationQK
Selecting the reaction model dissociationQK
Selecting the reaction model dissociationExchangeQK
Selecting the reaction model dissociationQK
Selecting the reaction model dissociationExchangeQK
Selecting the reaction model dissociationExchangeQK
Selecting the reaction model dissociationQK
Number of reactions created: 12
Creating the boundary models: 

Selecting dsmcPatchBoundaryModel dsmcDeletionPatch
Selecting dsmcPatchBoundaryModel dsmcDeletionPatch
Selecting dsmcPatchBoundaryModel dsmcDiffuseWallPatch
Selecting dsmcGeneralBoundaryModel dsmcFreeStreamInflowPatch
Selecting BinaryCollisionModel LarsenBorgnakkeVariableHardSphere

Creating dsmcReactions

Selecting the reaction model dissociationQK
Selecting the reaction model dissociationExchangeQK
Selecting the reaction model dissociationQK
Selecting the reaction model dissociationQK
Selecting the reaction model dissociationQK
Selecting the reaction model dissociationQK
Selecting the reaction model dissociationQK
Selecting the reaction model dissociationExchangeQK
Selecting the reaction model dissociationQK
Selecting the reaction model dissociationExchangeQK
Selecting the reaction model dissociationExchangeQK
Selecting the reaction model dissociationQK
Number of reactions created: 12

Constructing constant properties for
	N2
	O2
	NO
	N
	O

Constructing constant properties for
	N2
	O2
	NO
	N
	O

Constructing constant properties for
	N2
	O2
	NO
	N
	O

Constructing constant properties for
	N2
	O2
	NO
	N
	O

Constructing constant properties for
	N2
	O2
	NO
	N
	O

Constructing constant properties for
	N2
	O2
	NO
	N
	O

Constructing constant properties for
	N2
	O2
	NO
	N
	O

Constructing constant properties for
	N2
	O2
	NO
	N
	O

Constructing constant properties for
	N2
	O2
	NO
	N
	O

Constructing constant properties for
	N2
	O2
	NO
	N
	O

Constructing constant properties for
	N2
	O2
	NO
	N
	O

Constructing constant properties for
	N2
	O2
	NO
	N
	O

Constructing constant properties for
	N2
	O2
	NO
	N
	O

Constructing constant properties for
	N2
	O2
	NO
	N
	O

Constructing constant properties for
	N2
	O2
	NO
	N
	O

Constructing constant properties for
	N2
	O2
	NO
	N
	O

Constructing constant properties for
	N2
	O2
	NO
	N
	O

Constructing constant properties for
	N2
	O2
	NO
	N
	O

Constructing constant properties for
	N2
	O2
	NO
	N
	O

Constructing constant properties for
	N2
	O2
	NO
	N
	O

Constructing constant properties for
	N2
	O2
	NO
	N
	O

Constructing constant properties for
	N2
	O2
	NO
	N
	O

Constructing constant properties for
	N2
	O2
	NO
	N
	O

Constructing constant properties for
	N2
	O2
	NO
	N
	O

Constructing constant properties for
	N2
	O2
	NO
	N
	O

Constructing constant properties for
	N2
	O2
	NO
	N
	O

Constructing constant properties for
	N2
	O2
	NO
	N
	O

Constructing constant properties for
	N2
	O2
	NO
	N
	O

Constructing constant properties for
	N2
	O2
	NO
	N
	O

Constructing constant properties for
	N2
	O2
	NO
	N
	O

Constructing constant properties for
	N2
	O2
	NO
	N
	O

Constructing constant properties for
	N2
	O2
	NO
	N
	O
Selecting collisionPartnerSelectionModel noTimeCounter
Collision profile: collisionReduceOnlyOnOutput defaulted to true for replicatedMesh run
Collision profile: collisionOutputGlobalReduce defaulted to false for replicatedMesh run

Initialising the measurement fields

Initialising dsmcVolFields field
Initialising dsmcVolFields field
Initialising dsmcVolFields field
Initialising dsmcVolFields field
Initialising dsmcVolFields field
Initialising dsmcVolFields field
Selecting collisionPartnerSelectionModel noTimeCounter
Collision profile: collisionReduceOnlyOnOutput defaulted to true for replicatedMesh run
Collision profile: collisionOutputGlobalReduce defaulted to false for replicatedMesh run

Initialising the measurement fields

Initialising dsmcVolFields field
Initialising dsmcVolFields field
Initialising dsmcVolFields field
Initialising dsmcVolFields field
Initialising dsmcVolFields field
Initialising dsmcVolFields field
Selecting collisionPartnerSelectionModel noTimeCounter
Collision profile: collisionReduceOnlyOnOutput defaulted to true for replicatedMesh run
Collision profile: collisionOutputGlobalReduce defaulted to false for replicatedMesh run

Initialising the measurement fields

Initialising dsmcVolFields field
Initialising dsmcVolFields field
Initialising dsmcVolFields field
Selecting collisionPartnerSelectionModel noTimeCounter
Collision profile: collisionReduceOnlyOnOutput defaulted to true for replicatedMesh run
Collision profile: collisionOutputGlobalReduce defaulted to false for replicatedMesh run

Initialising the measurement fields

Initialising dsmcVolFields field
Initialising dsmcVolFields field
Selecting collisionPartnerSelectionModel noTimeCounter
Collision profile: collisionReduceOnlyOnOutput defaulted to true for replicatedMesh run
Collision profile: collisionOutputGlobalReduce defaulted to false for replicatedMesh run

Initialising the measurement fields

Initialising dsmcVolFields field
Initialising dsmcVolFields field
Initialising dsmcVolFields field
Initialising dsmcVolFields field
Initialising dsmcVolFields field
Initialising dsmcVolFields field
Initialising dsmcVolFields field
Selecting collisionPartnerSelectionModel noTimeCounter
Collision profile: collisionReduceOnlyOnOutput defaulted to true for replicatedMesh run
Collision profile: collisionOutputGlobalReduce defaulted to false for replicatedMesh run

Initialising the measurement fields

Initialising dsmcVolFields field
Initialising dsmcVolFields field
Initialising dsmcVolFields field
Initialising dsmcVolFields field
Initialising dsmcVolFields field
Initialising dsmcVolFields field
Initialising dsmcVolFields field
Selecting collisionPartnerSelectionModel noTimeCounter
Collision profile: collisionReduceOnlyOnOutput defaulted to true for replicatedMesh run
Collision profile: collisionOutputGlobalReduce defaulted to false for replicatedMesh run

Initialising the measurement fields

Initialising dsmcVolFields field
Selecting collisionPartnerSelectionModel noTimeCounter
Collision profile: collisionReduceOnlyOnOutput defaulted to true for replicatedMesh run
Collision profile: collisionOutputGlobalReduce defaulted to false for replicatedMesh run

Initialising the measurement fields

Initialising dsmcVolFields field
Selecting collisionPartnerSelectionModel noTimeCounter
Collision profile: collisionReduceOnlyOnOutput defaulted to true for replicatedMesh run
Collision profile: collisionOutputGlobalReduce defaulted to false for replicatedMesh run

Initialising the measurement fields

Initialising dsmcVolFields field
Initialising dsmcVolFields field
Initialising dsmcVolFields field
Initialising dsmcVolFields field
Initialising dsmcVolFields field
Initialising dsmcVolFields field
Initialising dsmcVolFields field
Initialising dsmcVolFields field
Selecting collisionPartnerSelectionModel noTimeCounter
Collision profile: collisionReduceOnlyOnOutput defaulted to true for replicatedMesh run
Collision profile: collisionOutputGlobalReduce defaulted to false for replicatedMesh run

Initialising the measurement fields

Initialising dsmcVolFields field
Initialising dsmcVolFields field
Initialising dsmcVolFields field
Initialising dsmcVolFields field
Initialising dsmcVolFields field
Selecting collisionPartnerSelectionModel noTimeCounter
Collision profile: collisionReduceOnlyOnOutput defaulted to true for replicatedMesh run
Collision profile: collisionOutputGlobalReduce defaulted to false for replicatedMesh run

Initialising the measurement fields

Initialising dsmcVolFields field
Initialising dsmcVolFields field
Initialising dsmcVolFields field
Initialising dsmcVolFields field
Selecting collisionPartnerSelectionModel noTimeCounter
Collision profile: collisionReduceOnlyOnOutput defaulted to true for replicatedMesh run
Collision profile: collisionOutputGlobalReduce defaulted to false for replicatedMesh run

Initialising the measurement fields

Initialising dsmcVolFields field
Initialising dsmcVolFields field
Initialising dsmcVolFields field
Initialising dsmcVolFields field
Initialising dsmcVolFields field
Initialising dsmcVolFields field
Initialising dsmcVolFields field
Initialising dsmcVolFields field
Initialising dsmcVolFields field
Initialising dsmcVolFields field
Initialising dsmcVolFields field
Initialising dsmcVolFields field
Selecting collisionPartnerSelectionModel noTimeCounter
Collision profile: collisionReduceOnlyOnOutput defaulted to true for replicatedMesh run
Collision profile: collisionOutputGlobalReduce defaulted to false for replicatedMesh run

Initialising the measurement fields

Initialising dsmcVolFields field
Initialising dsmcVolFields field
Initialising dsmcVolFields field
Initialising dsmcVolFields field
Initialising dsmcVolFields field
Selecting collisionPartnerSelectionModel noTimeCounter
Collision profile: collisionReduceOnlyOnOutput defaulted to true for replicatedMesh run
Collision profile: collisionOutputGlobalReduce defaulted to false for replicatedMesh run

Initialising the measurement fields

Initialising dsmcVolFields field
Initialising dsmcVolFields field
Selecting collisionPartnerSelectionModel noTimeCounter
Collision profile: collisionReduceOnlyOnOutput defaulted to true for replicatedMesh run
Collision profile: collisionOutputGlobalReduce defaulted to false for replicatedMesh run

Initialising the measurement fields

Initialising dsmcVolFields field
Initialising dsmcVolFields field
Initialising dsmcVolFields field
Initialising dsmcVolFields field
Initialising dsmcVolFields field
Initialising dsmcVolFields field
Initialising dsmcVolFields field
Initialising dsmcVolFields field
Initialising dsmcVolFields field
Initialising dsmcVolFields field
Initialising dsmcVolFields field
Initialising dsmcVolFields field
Initialising dsmcVolFields field
Selecting collisionPartnerSelectionModel noTimeCounter
Collision profile: collisionReduceOnlyOnOutput defaulted to true for replicatedMesh run
Collision profile: collisionOutputGlobalReduce defaulted to false for replicatedMesh run

Initialising the measurement fields

Initialising dsmcVolFields field
Initialising dsmcVolFields field
Initialising dsmcVolFields field
Initialising dsmcVolFields field
Initialising dsmcVolFields field
Initialising dsmcVolFields field
Selecting collisionPartnerSelectionModel noTimeCounter
Collision profile: collisionReduceOnlyOnOutput defaulted to true for replicatedMesh run
Collision profile: collisionOutputGlobalReduce defaulted to false for replicatedMesh run

Initialising the measurement fields

Initialising dsmcVolFields field
Selecting collisionPartnerSelectionModel noTimeCounter
Collision profile: collisionReduceOnlyOnOutput defaulted to true for replicatedMesh run
Collision profile: collisionOutputGlobalReduce defaulted to false for replicatedMesh run

Initialising the measurement fields

Initialising dsmcVolFields field
Selecting collisionPartnerSelectionModel noTimeCounter
Collision profile: collisionReduceOnlyOnOutput defaulted to true for replicatedMesh run
Collision profile: collisionOutputGlobalReduce defaulted to false for replicatedMesh run

Initialising the measurement fields

Initialising dsmcVolFields field
Initialising dsmcVolFields field
Initialising dsmcVolFields field
Initialising dsmcVolFields field
Initialising dsmcVolFields field
Initialising dsmcVolFields field
Initialising dsmcVolFields field
Initialising dsmcVolFields field
Initialising dsmcVolFields field
Initialising dsmcVolFields field
Selecting collisionPartnerSelectionModel noTimeCounter
Collision profile: collisionReduceOnlyOnOutput defaulted to true for replicatedMesh run
Collision profile: collisionOutputGlobalReduce defaulted to false for replicatedMesh run

Initialising the measurement fields

Initialising dsmcVolFields field
Initialising dsmcVolFields field
Selecting collisionPartnerSelectionModel noTimeCounter
Collision profile: collisionReduceOnlyOnOutput defaulted to true for replicatedMesh run
Collision profile: collisionOutputGlobalReduce defaulted to false for replicatedMesh run

Initialising the measurement fields

Initialising dsmcVolFields field
Initialising dsmcVolFields field
Initialising dsmcVolFields field
Initialising dsmcVolFields field
Initialising dsmcVolFields field
Selecting collisionPartnerSelectionModel noTimeCounter
Collision profile: collisionReduceOnlyOnOutput defaulted to true for replicatedMesh run
Collision profile: collisionOutputGlobalReduce defaulted to false for replicatedMesh run

Initialising the measurement fields

Initialising dsmcVolFields field
Initialising dsmcVolFields field
Initialising dsmcVolFields field
Selecting collisionPartnerSelectionModel noTimeCounter
Collision profile: collisionReduceOnlyOnOutput defaulted to true for replicatedMesh run
Collision profile: collisionOutputGlobalReduce defaulted to false for replicatedMesh run

Initialising the measurement fields

Initialising dsmcVolFields field
Initialising dsmcVolFields field
Initialising dsmcVolFields field
Selecting collisionPartnerSelectionModel noTimeCounter
Collision profile: collisionReduceOnlyOnOutput defaulted to true for replicatedMesh run
Collision profile: collisionOutputGlobalReduce defaulted to false for replicatedMesh run

Initialising the measurement fields

Initialising dsmcVolFields field
Initialising dsmcVolFields field
Initialising dsmcVolFields field
Initialising dsmcVolFields field
Initialising dsmcVolFields field
Initialising dsmcVolFields field
Initialising dsmcVolFields field
Initialising dsmcVolFields field
Initialising dsmcVolFields field
Initialising dsmcVolFields field
Initialising dsmcVolFields field
Initialising dsmcVolFields field
Initialising dsmcVolFields field
Initialising dsmcVolFields field
Initialising dsmcVolFields field
Initialising dsmcVolFields field
Initialising dsmcVolFields field
Initialising dsmcVolFields field
Initialising dsmcVolFields field
Initialising dsmcVolFields field
Initialising dsmcVolFields field
Selecting collisionPartnerSelectionModel noTimeCounter
Collision profile: collisionReduceOnlyOnOutput defaulted to true for replicatedMesh run
Collision profile: collisionOutputGlobalReduce defaulted to false for replicatedMesh run

Initialising the measurement fields

Initialising dsmcVolFields field
Initialising dsmcVolFields field
Initialising dsmcVolFields field
Initialising dsmcVolFields field
Initialising dsmcVolFields field
Initialising dsmcVolFields field
Selecting collisionPartnerSelectionModel noTimeCounter
Collision profile: collisionReduceOnlyOnOutput defaulted to true for replicatedMesh run
Collision profile: collisionOutputGlobalReduce defaulted to false for replicatedMesh run

Initialising the measurement fields

Initialising dsmcVolFields field
Selecting collisionPartnerSelectionModel noTimeCounter
Collision profile: collisionReduceOnlyOnOutput defaulted to true for replicatedMesh run
Collision profile: collisionOutputGlobalReduce defaulted to false for replicatedMesh run

Initialising the measurement fields

Initialising dsmcVolFields field
Initialising dsmcVolFields field
Initialising dsmcVolFields field
Initialising dsmcVolFields field
Selecting collisionPartnerSelectionModel noTimeCounter
Collision profile: collisionReduceOnlyOnOutput defaulted to true for replicatedMesh run
Collision profile: collisionOutputGlobalReduce defaulted to false for replicatedMesh run

Initialising the measurement fields

Initialising dsmcVolFields field
Initialising dsmcVolFields field
Initialising dsmcVolFields field
Initialising dsmcVolFields field
Initialising dsmcVolFields field
Selecting collisionPartnerSelectionModel noTimeCounter
Collision profile: collisionReduceOnlyOnOutput defaulted to true for replicatedMesh run
Collision profile: collisionOutputGlobalReduce defaulted to false for replicatedMesh run

Initialising the measurement fields

Initialising dsmcVolFields field
Initialising dsmcVolFields field
Initialising dsmcVolFields field
Selecting collisionPartnerSelectionModel noTimeCounter
Collision profile: collisionReduceOnlyOnOutput defaulted to true for replicatedMesh run
Collision profile: collisionOutputGlobalReduce defaulted to false for replicatedMesh run

Initialising the measurement fields

Initialising dsmcVolFields field
Initialising dsmcVolFields field
Initialising dsmcVolFields field
Initialising dsmcVolFields field
Initialising dsmcVolFields field
Initialising dsmcVolFields field
Initialising dsmcVolFields field
Initialising dsmcVolFields field
Initialising dsmcVolFields field
Initialising dsmcVolFields field
Selecting collisionPartnerSelectionModel noTimeCounter
Collision profile: collisionReduceOnlyOnOutput defaulted to true for replicatedMesh run
Collision profile: collisionOutputGlobalReduce defaulted to false for replicatedMesh run

Initialising the measurement fields

Initialising dsmcVolFields field
Initialising dsmcVolFields field
Initialising dsmcVolFields field
Initialising dsmcVolFields field
Initialising dsmcVolFields field
Initialising dsmcVolFields field
Initialising dsmcVolFields field
Initialising dsmcVolFields field
Initialising dsmcVolFields field
Selecting collisionPartnerSelectionModel noTimeCounter
Collision profile: collisionReduceOnlyOnOutput defaulted to true for replicatedMesh run
Collision profile: collisionOutputGlobalReduce defaulted to false for replicatedMesh run

Initialising the measurement fields

Initialising dsmcVolFields field
Initialising dsmcVolFields field
Initialising dsmcVolFields field
Initialising dsmcVolFields field
Initialising dsmcVolFields field
Initialising dsmcVolFields field
Initialising dsmcVolFields field
Initialising dsmcVolFields field
Initialising dsmcVolFields field
Initialising dsmcVolFields field
Initialising dsmcVolFields field
Initialising dsmcVolFields field
Initialising dsmcVolFields field
Initialising dsmcVolFields field
Initialising dsmcVolFields field
Initialising dsmcVolFields field
Initialising dsmcVolFields field
Initialising dsmcVolFields field
Initialising dsmcVolFields field
Initialising dsmcVolFields field
[0] MPI startup(): Intel(R) MPI Library, Version 2021.5  Build 20211102 (id: 9279b7d62)
[0] MPI startup(): Copyright (C) 2003-2021 Intel Corporation.  All rights reserved.
[0] MPI startup(): library kind: release
[0] MPI startup(): libfabric version: 1.13.2rc1-impi
[0] MPI startup(): libfabric provider: mlx
[0] MPI startup(): Load tuning file: "/public1/soft/oneapi/2022.1.0.106/mpi/2021.5.0//etc/tuning_generic_shm-ofi_mlx_hcoll.dat"
[0] MPI startup(): Rank    Pid      Node name           Pin cpu
[0] MPI startup(): 0       64969    m4cl0507.para.bscc  {96}
[0] MPI startup(): 1       64970    m4cl0507.para.bscc  {98}
[0] MPI startup(): 2       64971    m4cl0507.para.bscc  {100}
[0] MPI startup(): 3       64972    m4cl0507.para.bscc  {102}
[0] MPI startup(): 4       64973    m4cl0507.para.bscc  {104}
[0] MPI startup(): 5       64974    m4cl0507.para.bscc  {106}
[0] MPI startup(): 6       64975    m4cl0507.para.bscc  {108}
[0] MPI startup(): 7       64976    m4cl0507.para.bscc  {110}
[0] MPI startup(): 8       64977    m4cl0507.para.bscc  {112}
[0] MPI startup(): 9       64978    m4cl0507.para.bscc  {114}
[0] MPI startup(): 10      64979    m4cl0507.para.bscc  {116}
[0] MPI startup(): 11      64980    m4cl0507.para.bscc  {118}
[0] MPI startup(): 12      64981    m4cl0507.para.bscc  {120}
[0] MPI startup(): 13      64982    m4cl0507.para.bscc  {122}
[0] MPI startup(): 14      64983    m4cl0507.para.bscc  {124}
[0] MPI startup(): 15      64984    m4cl0507.para.bscc  {126}
[0] MPI startup(): 16      64985    m4cl0507.para.bscc  {128}
[0] MPI startup(): 17      64986    m4cl0507.para.bscc  {130}
[0] MPI startup(): 18      64987    m4cl0507.para.bscc  {132}
[0] MPI startup(): 19      64988    m4cl0507.para.bscc  {134}
[0] MPI startup(): 20      64989    m4cl0507.para.bscc  {136}
[0] MPI startup(): 21      64990    m4cl0507.para.bscc  {138}
[0] MPI startup(): 22      64991    m4cl0507.para.bscc  {140}
[0] MPI startup(): 23      64992    m4cl0507.para.bscc  {142}
[0] MPI startup(): 24      64993    m4cl0507.para.bscc  {144}
[0] MPI startup(): 25      64994    m4cl0507.para.bscc  {146}
[0] MPI startup(): 26      64995    m4cl0507.para.bscc  {148}
[0] MPI startup(): 27      64996    m4cl0507.para.bscc  {150}
[0] MPI startup(): 28      64997    m4cl0507.para.bscc  {152}
[0] MPI startup(): 29      64998    m4cl0507.para.bscc  {154}
[0] MPI startup(): 30      64999    m4cl0507.para.bscc  {156}
[0] MPI startup(): 31      65000    m4cl0507.para.bscc  {158}
[0] MPI startup(): threading: mode: direct
[0] MPI startup(): threading: vcis: 1
[0] MPI startup(): threading: app_threads: 1
[0] MPI startup(): threading: runtime: generic
[0] MPI startup(): threading: is_threaded: 0
[0] MPI startup(): threading: async_progress: 0
[0] MPI startup(): threading: num_pools: 64
[0] MPI startup(): threading: lock_level: global
[0] MPI startup(): threading: enable_sep: 0
[0] MPI startup(): threading: direct_recv: 1
[0] MPI startup(): threading: zero_op_flags: 1
[0] MPI startup(): threading: num_am_buffers: 1
[0] MPI startup(): threading: library is built with per-vci thread granularity
Replicated mesh: METIS decomposition complete, 104151 cells -> 32 ranks
Replicated mesh: rank 0 owns 3249 / 104151 cells
Local mesh: 3249 owned + 132 halo = 3381 / 104151 cells
Replicated mesh: flatTransfer=1 found=1
Replicated mesh: flat POD transfer enabled
Replicated mesh: gatherCandidates=0
Replicated mesh: overlapSizeExchange=0
Replicated mesh: writeMode=gathered
Phase C auto DLB: enabled (ParMETIS AdaptiveRepart), imbalanceThreshold=1.5, dlbSteps=50, sarSteps=50, triggerMode=legacyWindow, minGapSteps=50, checkCollective=allgather, particleGate=0, particleGateThreshold=1.5, skipPostDiag=0, adaptiveAlpha=0
Replicated mesh: initialized with 32 MPI ranks, migrate interval 10

Starting time loop

Replicated mesh: initial particle distribution

Replicated mesh: rank 0 kept 71729 parcels, deleted 1987444 non-owned parcels
Time = 4e-06

    Collision global reduction skipped (rank 0 local diagnostics)
    Collisions                      = 549
    Collision candidates           = 602
    Collision acceptance rate      = 0.9119601329

    Number of DSMC particles        = 2091296
    Number of stuck particles       = 0
    Number of free particles        = 2091296
    Average linear kinetic energy   = 1.099003569e-18
    Average rotational energy       = 2.836296419e-21
    Average vibrational energy      = 4.002295002e-23
    Average electronic energy       = 0
    Total energy                    = 23.04357002

Stage 1.0  ExecutionTime = 11.29 s  ClockTime = 12 s  Iteration 10 (0.37 s)

Time = 8e-06

    Collision global reduction skipped (rank 0 local diagnostics)
    Collisions                      = 617
    Collision candidates           = 749
    Collision acceptance rate      = 0.82376502

    Number of DSMC particles        = 2124176
    Number of stuck particles       = 0
    Number of free particles        = 2124176
    Average linear kinetic energy   = 1.083545692e-18
    Average rotational energy       = 3.353973701e-21
    Average vibrational energy      = 1.081492484e-22
    Average electronic energy       = 0
    Total energy                    = 23.08995912

Stage 1.0  ExecutionTime = 12.26 s  ClockTime = 12 s  Iteration 20 (0.38 s)

Time = 1.2e-05

    Collision global reduction skipped (rank 0 local diagnostics)
    Collisions                      = 629
    Collision candidates           = 811
    Collision acceptance rate      = 0.7755856967

    Number of DSMC particles        = 2157526
    Number of stuck particles       = 0
    Number of free particles        = 2157526
    Average linear kinetic energy   = 1.068947566e-18
    Average rotational energy       = 4.185971997e-21
    Average vibrational energy      = 2.213400626e-22
    Average electronic energy       = 0
    Total energy                    = 23.15791057

Stage 1.0  ExecutionTime = 13.22 s  ClockTime = 13 s  Iteration 30 (0.37 s)

Time = 1.6e-05

    Collision global reduction skipped (rank 0 local diagnostics)
    Collisions                      = 615
    Collision candidates           = 815
    Collision acceptance rate      = 0.754601227

    Number of DSMC particles        = 2191955
    Number of stuck particles       = 0
    Number of free particles        = 2191955
    Average linear kinetic energy   = 1.055065666e-18
    Average rotational energy       = 5.290766981e-21
    Average vibrational energy      = 3.932429416e-22
    Average electronic energy       = 0
    Total energy                    = 23.25115555

Stage 1.0  ExecutionTime = 14.19 s  ClockTime = 13 s  Iteration 40 (0.37 s)

Time = 2e-05

    Collision global reduction skipped (rank 0 local diagnostics)
    Collisions                      = 642
    Collision candidates           = 864
    Collision acceptance rate      = 0.7430555556


Phase C auto DLB triggered (threshold) at step 50: sar=0 loadImbalance=2.19227832 threshold=1.5 particleMaxMin=1
Phase C ParMETIS weights: particles=2227101 activeCells=104102 maxCellParticles=73
Phase C ParMETIS: alpha=1 ncon=1 ubvec=[1.05] moveRatio=0.9426426951 (moveT=0.836081563s, collT=0.050873343s)
Phase C ParMETIS: AdaptiveRepart (104151 cells, 1 constraints, ubvec=1.05)
Replicated mesh: rank 0 owns 2650 / 104151 cells
Local mesh: 2650 owned + 146 halo = 2796 / 104151 cells
Phase C ParMETIS AdaptiveRepart: 97034 / 104151 cells changed (0.9316665226)
Phase C auto DLB complete: rebalance #1

    Number of DSMC particles        = 2227101
    Number of stuck particles       = 0
    Number of free particles        = 2227101
    Average linear kinetic energy   = 1.041750106e-18
    Average rotational energy       = 6.579745817e-21
    Average vibrational energy      = 5.975912676e-22
    Average electronic energy       = 0
    Total energy                    = 23.36067356

Stage 1.0  ExecutionTime = 15.33 s  ClockTime = 14 s  Iteration 50 (0.55 s)

Time = 2.4e-05

    Collision global reduction skipped (rank 0 local diagnostics)
    Collisions                      = 497
    Collision candidates           = 576
    Collision acceptance rate      = 0.8628472222

    Number of DSMC particles        = 2262132
    Number of stuck particles       = 0
    Number of free particles        = 2262132
    Average linear kinetic energy   = 1.029094891e-18
    Average rotational energy       = 7.582733829e-21
    Average vibrational energy      = 7.911282905e-22
    Average electronic energy       = 0
    Total energy                    = 23.46891265

Stage 1.0  ExecutionTime = 16.3 s  ClockTime = 15 s  Iteration 60 (0.36 s)

Time = 2.8e-05

    Collision global reduction skipped (rank 0 local diagnostics)
    Collisions                      = 552
    Collision candidates           = 713
    Collision acceptance rate      = 0.7741935484

    Number of DSMC particles        = 2298506
    Number of stuck particles       = 0
    Number of free particles        = 2298506
    Average linear kinetic energy   = 1.016434817e-18
    Average rotational energy       = 9.083367689e-21
    Average vibrational energy      = 1.102099139e-21
    Average electronic energy       = 0
    Total energy                    = 23.59692882

Stage 1.0  ExecutionTime = 17.35 s  ClockTime = 15 s  Iteration 70 (0.41 s)

Time = 3.2e-05

    Collision global reduction skipped (rank 0 local diagnostics)
    Collisions                      = 548
    Collision candidates           = 713
    Collision acceptance rate      = 0.7685834502

    Number of DSMC particles        = 2334988
    Number of stuck particles       = 0
    Number of free particles        = 2334988
    Average linear kinetic energy   = 1.004603198e-18
    Average rotational energy       = 1.068915997e-20
    Average vibrational energy      = 1.461774697e-21
    Average electronic energy       = 0
    Total energy                    = 23.74108698

Stage 1.0  ExecutionTime = 18.45 s  ClockTime = 16 s  Iteration 80 (0.48 s)

Time = 3.6e-05

    Collision global reduction skipped (rank 0 local diagnostics)
    Collisions                      = 573
    Collision candidates           = 778
    Collision acceptance rate      = 0.736503856

    Number of DSMC particles        = 2372005
    Number of stuck particles       = 0
    Number of free particles        = 2372005
    Average linear kinetic energy   = 9.934071608e-19
    Average rotational energy       = 1.227573728e-20
    Average vibrational energy      = 1.837433295e-21
    Average electronic energy       = 0
    Total energy                    = 23.89843264

Stage 1.0  ExecutionTime = 19.61 s  ClockTime = 17 s  Iteration 90 (0.53 s)

Time = 4e-05

    Collision global reduction skipped (rank 0 local diagnostics)
    Collisions                      = 570
    Collision candidates           = 766
    Collision acceptance rate      = 0.7441253264


Phase C auto DLB triggered (threshold) at step 100: sar=0 loadImbalance=2.088988688 threshold=1.5 particleMaxMin=1
Phase C ParMETIS weights: particles=2409261 activeCells=104100 maxCellParticles=97
Phase C ParMETIS: alpha=1 ncon=1 ubvec=[1.05] moveRatio=0.9510584192 (moveT=1.873350221s, collT=0.096402828s)
Phase C ParMETIS: AdaptiveRepart (104151 cells, 1 constraints, ubvec=1.05)
Replicated mesh: rank 0 owns 2790 / 104151 cells
Local mesh: 2790 owned + 180 halo = 2970 / 104151 cells
Phase C ParMETIS AdaptiveRepart: 75182 / 104151 cells changed (0.7218557671)
Phase C auto DLB complete: rebalance #2

    Number of DSMC particles        = 2409261
    Number of stuck particles       = 0
    Number of free particles        = 2409261
    Average linear kinetic energy   = 9.825601719e-19
    Average rotational energy       = 1.385181815e-20
    Average vibrational energy      = 2.237339692e-21
    Average electronic energy       = 0
    Total energy                    = 24.06006883

Stage 1.0  ExecutionTime = 20.92 s  ClockTime = 18 s  Iteration 100 (0.68 s)

Time = 4.4e-05

    Collision global reduction skipped (rank 0 local diagnostics)
    Collisions                      = 546
    Collision candidates           = 706
    Collision acceptance rate      = 0.7733711048

    Number of DSMC particles        = 2445759
    Number of stuck particles       = 0
    Number of free particles        = 2445759
    Average linear kinetic energy   = 9.731413695e-19
    Average rotational energy       = 1.484404137e-20
    Average vibrational energy      = 2.536739361e-21
    Average electronic energy       = 0
    Total energy                    = 24.22578464

Stage 1.0  ExecutionTime = 22.04 s  ClockTime = 18 s  Iteration 110 (0.46 s)

Time = 4.8e-05

    Collision global reduction skipped (rank 0 local diagnostics)
    Collisions                      = 565
    Collision candidates           = 774
    Collision acceptance rate      = 0.7299741602

    Number of DSMC particles        = 2483202
    Number of stuck particles       = 0
    Number of free particles        = 2483202
    Average linear kinetic energy   = 9.627786135e-19
    Average rotational energy       = 1.639792768e-20
    Average vibrational energy      = 2.97063977e-21
    Average electronic energy       = 0
    Total energy                    = 24.38869844

Stage 1.0  ExecutionTime = 23.21 s  ClockTime = 19 s  Iteration 120 (0.5 s)

Time = 5.2e-05

    Collision global reduction skipped (rank 0 local diagnostics)
    Collisions                      = 583
    Collision candidates           = 789
    Collision acceptance rate      = 0.7389100127

    Number of DSMC particles        = 2520978
    Number of stuck particles       = 0
    Number of free particles        = 2520978
    Average linear kinetic energy   = 9.528845417e-19
    Average rotational energy       = 1.782092031e-20
    Average vibrational energy      = 3.401332071e-21
    Average electronic energy       = 0
    Total energy                    = 24.55701797

Stage 1.0  ExecutionTime = 24.43 s  ClockTime = 19 s  Iteration 130 (0.54 s)

Time = 5.6e-05

    Collision global reduction skipped (rank 0 local diagnostics)
    Collisions                      = 600
    Collision candidates           = 844
    Collision acceptance rate      = 0.7109004739

    Number of DSMC particles        = 2558814
    Number of stuck particles       = 0
    Number of free particles        = 2558814
    Average linear kinetic energy   = 9.434631673e-19
    Average rotational energy       = 1.923052549e-20
    Average vibrational energy      = 3.858808556e-21
    Average electronic energy       = 0
    Total energy                    = 24.73228072

Stage 1.0  ExecutionTime = 25.68 s  ClockTime = 20 s  Iteration 140 (0.56 s)

Time = 6e-05

    Collision global reduction skipped (rank 0 local diagnostics)
    Collisions                      = 624
    Collision candidates           = 848
    Collision acceptance rate      = 0.7358490566


Phase C auto DLB triggered (threshold) at step 150: sar=0 loadImbalance=2.365135439 threshold=1.5 particleMaxMin=1
Phase C ParMETIS weights: particles=2596943 activeCells=104108 maxCellParticles=111
Phase C ParMETIS: alpha=1 ncon=1 ubvec=[1.05] moveRatio=0.9538694039 (moveT=3.034703283s, collT=0.146762933s)
Phase C ParMETIS: AdaptiveRepart (104151 cells, 1 constraints, ubvec=1.05)
Replicated mesh: rank 0 owns 2817 / 104151 cells
Local mesh: 2817 owned + 176 halo = 2993 / 104151 cells
Phase C ParMETIS AdaptiveRepart: 80405 / 104151 cells changed (0.7720041094)
Phase C auto DLB complete: rebalance #3

    Number of DSMC particles        = 2596943
    Number of stuck particles       = 0
    Number of free particles        = 2596943
    Average linear kinetic energy   = 9.344692329e-19
    Average rotational energy       = 2.055846272e-20
    Average vibrational energy      = 4.328546285e-21
    Average electronic energy       = 0
    Total energy                    = 24.91393477

Stage 1.0  ExecutionTime = 27.2 s  ClockTime = 21 s  Iteration 150 (0.8 s)

Time = 6.4e-05

    Collision global reduction skipped (rank 0 local diagnostics)
    Collisions                      = 634
    Collision candidates           = 763
    Collision acceptance rate      = 0.8309305374

    Number of DSMC particles        = 2634271
    Number of stuck particles       = 0
    Number of free particles        = 2634271
    Average linear kinetic energy   = 9.26457439e-19
    Average rotational energy       = 2.137905725e-20
    Average vibrational energy      = 4.688554991e-21
    Average electronic energy       = 0
    Total energy                    = 25.09209119

Stage 1.0  ExecutionTime = 28.41 s  ClockTime = 22 s  Iteration 160 (0.5 s)

Time = 6.8e-05

    Collision global reduction skipped (rank 0 local diagnostics)
    Collisions                      = 659
    Collision candidates           = 831
    Collision acceptance rate      = 0.7930204573

    Number of DSMC particles        = 2672406
    Number of stuck particles       = 0
    Number of free particles        = 2672406
    Average linear kinetic energy   = 9.175473774e-19
    Average rotational energy       = 2.26556304e-20
    Average vibrational energy      = 5.14524971e-21
    Average electronic energy       = 0
    Total energy                    = 25.26354356

Stage 1.0  ExecutionTime = 29.64 s  ClockTime = 22 s  Iteration 170 (0.51 s)

Time = 7.2e-05

    Collision global reduction skipped (rank 0 local diagnostics)
    Collisions                      = 650
    Collision candidates           = 894
    Collision acceptance rate      = 0.7270693512

    Number of DSMC particles        = 2710635
    Number of stuck particles       = 0
    Number of free particles        = 2710635
    Average linear kinetic energy   = 9.090795783e-19
    Average rotational energy       = 2.385096589e-20
    Average vibrational energy      = 5.583637781e-21
    Average electronic energy       = 0
    Total energy                    = 25.4396939

Stage 1.0  ExecutionTime = 30.93 s  ClockTime = 23 s  Iteration 180 (0.53 s)

Time = 7.6e-05

    Collision global reduction skipped (rank 0 local diagnostics)
    Collisions                      = 696
    Collision candidates           = 942
    Collision acceptance rate      = 0.7388535032

    Number of DSMC particles        = 2748955
    Number of stuck particles       = 0
    Number of free particles        = 2748955
    Average linear kinetic energy   = 9.010146451e-19
    Average rotational energy       = 2.497196732e-20
    Average vibrational energy      = 6.028689223e-21
    Average electronic energy       = 0
    Total energy                    = 25.62068123

Stage 1.0  ExecutionTime = 32.26 s  ClockTime = 24 s  Iteration 190 (0.57 s)

Time = 8e-05

    Collision global reduction skipped (rank 0 local diagnostics)
    Collisions                      = 703
    Collision candidates           = 962
    Collision acceptance rate      = 0.7307692308


Phase C auto DLB triggered (threshold) at step 200: sar=0 loadImbalance=2.121065263 threshold=1.5 particleMaxMin=1
Phase C ParMETIS weights: particles=2786627 activeCells=104121 maxCellParticles=104
Phase C ParMETIS: alpha=1 ncon=1 ubvec=[1.05] moveRatio=0.9542883368 (moveT=4.288565872s, collT=0.205427931s)
Phase C ParMETIS: AdaptiveRepart (104151 cells, 1 constraints, ubvec=1.05)
Replicated mesh: rank 0 owns 2616 / 104151 cells
Local mesh: 2616 owned + 158 halo = 2774 / 104151 cells
Phase C ParMETIS AdaptiveRepart: 88041 / 104151 cells changed (0.8453207362)
Phase C auto DLB complete: rebalance #4

    Number of DSMC particles        = 2786627
    Number of stuck particles       = 0
    Number of free particles        = 2786627
    Average linear kinetic energy   = 8.932361857e-19
    Average rotational energy       = 2.604520905e-20
    Average vibrational energy      = 6.482713748e-21
    Average electronic energy       = 0
    Total energy                    = 25.7975926

Stage 1.0  ExecutionTime = 33.75 s  ClockTime = 25 s  Iteration 200 (0.74 s)

Time = 8.4e-05

    Collision global reduction skipped (rank 0 local diagnostics)
    Collisions                      = 693
    Collision candidates           = 811
    Collision acceptance rate      = 0.8545006165

    Number of DSMC particles        = 2823154
    Number of stuck particles       = 0
    Number of free particles        = 2823154
    Average linear kinetic energy   = 8.870896259e-19
    Average rotational energy       = 2.662226418e-20
    Average vibrational energy      = 6.81513784e-21
    Average electronic energy       = 0
    Total energy                    = 25.98789561

Stage 1.0  ExecutionTime = 34.95 s  ClockTime = 26 s  Iteration 210 (0.5 s)

Time = 8.8e-05

    Collision global reduction skipped (rank 0 local diagnostics)
    Collisions                      = 711
    Collision candidates           = 912
    Collision acceptance rate      = 0.7796052632

    Number of DSMC particles        = 2861355
    Number of stuck particles       = 0
    Number of free particles        = 2861355
    Average linear kinetic energy   = 8.797095135e-19
    Average rotational energy       = 2.773703384e-20
    Average vibrational energy      = 7.297891969e-21
    Average electronic energy       = 0
    Total energy                    = 26.17408575

Stage 1.0  ExecutionTime = 36.19 s  ClockTime = 26 s  Iteration 220 (0.53 s)

Time = 9.2e-05

    Collision global reduction skipped (rank 0 local diagnostics)
    Collisions                      = 703
    Collision candidates           = 953
    Collision acceptance rate      = 0.7376705142

    Number of DSMC particles        = 2899605
    Number of stuck particles       = 0
    Number of free particles        = 2899605
    Average linear kinetic energy   = 8.724012692e-19
    Average rotational energy       = 2.876228431e-20
    Average vibrational energy      = 7.764092414e-21
    Average electronic energy       = 0
    Total energy                    = 26.35531147

Stage 1.0  ExecutionTime = 37.46 s  ClockTime = 27 s  Iteration 230 (0.55 s)

Time = 9.6e-05

    Collision global reduction skipped (rank 0 local diagnostics)
    Collisions                      = 665
    Collision candidates           = 938
    Collision acceptance rate      = 0.7089552239

    Number of DSMC particles        = 2937626
    Number of stuck particles       = 0
    Number of free particles        = 2937626
    Average linear kinetic energy   = 8.652757653e-19
    Average rotational energy       = 2.971211674e-20
    Average vibrational energy      = 8.241457669e-21
    Average electronic energy       = 0
    Total energy                    = 26.53349992

Stage 1.0  ExecutionTime = 38.79 s  ClockTime = 28 s  Iteration 240 (0.59 s)

Time = 0.0001

    Collision global reduction skipped (rank 0 local diagnostics)
    Collisions                      = 685
    Collision candidates           = 957
    Collision acceptance rate      = 0.7157784744


Phase C auto DLB triggered (threshold) at step 250: sar=0 loadImbalance=2.053831017 threshold=1.5 particleMaxMin=1
Phase C ParMETIS weights: particles=2975630 activeCells=104136 maxCellParticles=121
Phase C ParMETIS: alpha=1 ncon=1 ubvec=[1.05] moveRatio=0.9551660538 (moveT=5.574302793s, collT=0.261648737s)
Phase C ParMETIS: AdaptiveRepart (104151 cells, 1 constraints, ubvec=1.05)
Replicated mesh: rank 0 owns 2626 / 104151 cells
Local mesh: 2626 owned + 160 halo = 2786 / 104151 cells
Phase C ParMETIS AdaptiveRepart: 84460 / 104151 cells changed (0.8109379651)
Phase C auto DLB complete: rebalance #5

    Number of DSMC particles        = 2975630
    Number of stuck particles       = 0
    Number of free particles        = 2975630
    Average linear kinetic energy   = 8.585300815e-19
    Average rotational energy       = 3.058493118e-20
    Average vibrational energy      = 8.663282913e-21
    Average electronic energy       = 0
    Total energy                    = 26.7145603

Stage 1.0  ExecutionTime = 40.27 s  ClockTime = 29 s  Iteration 250 (0.74 s)

Time = 0.000104

    Collision global reduction skipped (rank 0 local diagnostics)
    Collisions                      = 650
    Collision candidates           = 785
    Collision acceptance rate      = 0.8280254777

    Number of DSMC particles        = 3012113
    Number of stuck particles       = 0
    Number of free particles        = 3012113
    Average linear kinetic energy   = 8.531965697e-19
    Average rotational energy       = 3.10243882e-20
    Average vibrational energy      = 9.002554458e-21
    Average electronic energy       = 0
    Total energy                    = 26.90490153

Stage 1.0  ExecutionTime = 41.62 s  ClockTime = 29 s  Iteration 260 (0.61 s)

Time = 0.000108

    Collision global reduction skipped (rank 0 local diagnostics)
    Collisions                      = 638
    Collision candidates           = 857
    Collision acceptance rate      = 0.7444574096

    Number of DSMC particles        = 3049887
    Number of stuck particles       = 0
    Number of free particles        = 3049887
    Average linear kinetic energy   = 8.466468283e-19
    Average rotational energy       = 3.196082078e-20
    Average vibrational energy      = 9.430094821e-21
    Average electronic energy       = 0
    Total energy                    = 27.08414771

Stage 1.0  ExecutionTime = 43 s  ClockTime = 30 s  Iteration 270 (0.62 s)

Time = 0.000112

    Collision global reduction skipped (rank 0 local diagnostics)
    Collisions                      = 652
    Collision candidates           = 925
    Collision acceptance rate      = 0.7048648649

    Number of DSMC particles        = 3087274
    Number of stuck particles       = 0
    Number of free particles        = 3087274
    Average linear kinetic energy   = 8.401890878e-19
    Average rotational energy       = 3.281598117e-20
    Average vibrational energy      = 9.852580546e-21
    Average electronic energy       = 0
    Total energy                    = 27.25623467

Stage 1.0  ExecutionTime = 44.42 s  ClockTime = 31 s  Iteration 280 (0.64 s)

Time = 0.000116

    Collision global reduction skipped (rank 0 local diagnostics)
    Collisions                      = 664
    Collision candidates           = 933
    Collision acceptance rate      = 0.7116827438

    Number of DSMC particles        = 3124790
    Number of stuck particles       = 0
    Number of free particles        = 3124790
    Average linear kinetic energy   = 8.338525156e-19
    Average rotational energy       = 3.355401877e-20
    Average vibrational energy      = 1.029434466e-20
    Average electronic energy       = 0
    Total energy                    = 27.4263093

Stage 1.0  ExecutionTime = 45.86 s  ClockTime = 32 s  Iteration 290 (0.65 s)

Time = 0.00012

    Collision global reduction skipped (rank 0 local diagnostics)
    Collisions                      = 729
    Collision candidates           = 1010
    Collision acceptance rate      = 0.7217821782


Phase C auto DLB triggered (threshold) at step 300: sar=0 loadImbalance=2.260791416 threshold=1.5 particleMaxMin=1
Phase C ParMETIS weights: particles=3161915 activeCells=104139 maxCellParticles=133
Phase C ParMETIS: alpha=1 ncon=1 ubvec=[1.05] moveRatio=0.9555487445 (moveT=6.920907874s, collT=0.321954318s)
Phase C ParMETIS: AdaptiveRepart (104151 cells, 1 constraints, ubvec=1.05)
Replicated mesh: rank 0 owns 3271 / 104151 cells
Local mesh: 3271 owned + 175 halo = 3446 / 104151 cells
Phase C ParMETIS AdaptiveRepart: 78568 / 104151 cells changed (0.7543662567)
Phase C auto DLB complete: rebalance #6

    Number of DSMC particles        = 3161915
    Number of stuck particles       = 0
    Number of free particles        = 3161915
    Average linear kinetic energy   = 8.277452156e-19
    Average rotational energy       = 3.432572028e-20
    Average vibrational energy      = 1.06995804e-20
    Average electronic energy       = 0
    Total energy                    = 27.59626187

Stage 1.0  ExecutionTime = 47.48 s  ClockTime = 33 s  Iteration 300 (0.82 s)

Time = 0.000124

    Collision global reduction skipped (rank 0 local diagnostics)
    Collisions                      = 729
    Collision candidates           = 939
    Collision acceptance rate      = 0.7763578275

    Number of DSMC particles        = 3198636
    Number of stuck particles       = 0
    Number of free particles        = 3198636
    Average linear kinetic energy   = 8.226561473e-19
    Average rotational energy       = 3.474229092e-20
    Average vibrational energy      = 1.103051865e-20
    Average electronic energy       = 0
    Total energy                    = 27.77788125

Stage 1.0  ExecutionTime = 48.93 s  ClockTime = 34 s  Iteration 310 (0.67 s)

Time = 0.000128

    Collision global reduction skipped (rank 0 local diagnostics)
    Collisions                      = 770
    Collision candidates           = 1044
    Collision acceptance rate      = 0.7375478927

    Number of DSMC particles        = 3235945
    Number of stuck particles       = 0
    Number of free particles        = 3235945
    Average linear kinetic energy   = 8.166733596e-19
    Average rotational energy       = 3.552766905e-20
    Average vibrational energy      = 1.14312312e-20
    Average electronic energy       = 0
    Total energy                    = 27.94666493

Stage 1.0  ExecutionTime = 50.42 s  ClockTime = 35 s  Iteration 320 (0.67 s)

Time = 0.000132

    Collision global reduction skipped (rank 0 local diagnostics)
    Collisions                      = 777
    Collision candidates           = 1081
    Collision acceptance rate      = 0.7187789084

    Number of DSMC particles        = 3272802
    Number of stuck particles       = 0
    Number of free particles        = 3272802
    Average linear kinetic energy   = 8.1097392e-19
    Average rotational energy       = 3.627997054e-20
    Average vibrational energy      = 1.182040338e-20
    Average electronic energy       = 0
    Total energy                    = 28.11580067

Stage 1.0  ExecutionTime = 51.96 s  ClockTime = 36 s  Iteration 330 (0.69 s)

Time = 0.000136

    Collision global reduction skipped (rank 0 local diagnostics)
    Collisions                      = 794
    Collision candidates           = 1119
    Collision acceptance rate      = 0.709562109

    Number of DSMC particles        = 3309855
    Number of stuck particles       = 0
    Number of free particles        = 3309855
    Average linear kinetic energy   = 8.055015226e-19
    Average rotational energy       = 3.685258895e-20
    Average vibrational energy      = 1.222061269e-20
    Average electronic energy       = 0
    Total energy                    = 28.28518424

Stage 1.0  ExecutionTime = 53.52 s  ClockTime = 37 s  Iteration 340 (0.71 s)

Time = 0.00014

    Collision global reduction skipped (rank 0 local diagnostics)
    Collisions                      = 758
    Collision candidates           = 1123
    Collision acceptance rate      = 0.6749777382


Phase C auto DLB triggered (threshold) at step 350: sar=0 loadImbalance=2.482571934 threshold=1.5 particleMaxMin=1
Phase C ParMETIS weights: particles=3346774 activeCells=104132 maxCellParticles=128
Phase C ParMETIS: alpha=1 ncon=1 ubvec=[1.05] moveRatio=0.956284224 (moveT=8.361125155s, collT=0.382222215s)
Phase C ParMETIS: AdaptiveRepart (104151 cells, 1 constraints, ubvec=1.05)
Replicated mesh: rank 0 owns 3540 / 104151 cells
Local mesh: 3540 owned + 183 halo = 3723 / 104151 cells
Phase C ParMETIS AdaptiveRepart: 84211 / 104151 cells changed (0.8085472055)
Phase C auto DLB complete: rebalance #7

    Number of DSMC particles        = 3346774
    Number of stuck particles       = 0
    Number of free particles        = 3346774
    Average linear kinetic energy   = 8.001640555e-19
    Average rotational energy       = 3.746525825e-20
    Average vibrational energy      = 1.262428167e-20
    Average electronic energy       = 0
    Total energy                    = 28.45606627

Stage 1.0  ExecutionTime = 55.27 s  ClockTime = 38 s  Iteration 350 (0.84 s)

Time = 0.000144

    Collision global reduction skipped (rank 0 local diagnostics)
    Collisions                      = 864
    Collision candidates           = 1252
    Collision acceptance rate      = 0.6900958466

    Number of DSMC particles        = 3382751
    Number of stuck particles       = 0
    Number of free particles        = 3382751
    Average linear kinetic energy   = 7.957715852e-19
    Average rotational energy       = 3.778415791e-20
    Average vibrational energy      = 1.294640778e-20
    Average electronic energy       = 0
    Total energy                    = 28.63505997

Stage 1.0  ExecutionTime = 56.87 s  ClockTime = 39 s  Iteration 360 (0.63 s)

Time = 0.000148

    Collision global reduction skipped (rank 0 local diagnostics)
    Collisions                      = 878
    Collision candidates           = 1305
    Collision acceptance rate      = 0.6727969349

    Number of DSMC particles        = 3419900
    Number of stuck particles       = 0
    Number of free particles        = 3419900
    Average linear kinetic energy   = 7.903609868e-19
    Average rotational energy       = 3.835916546e-20
    Average vibrational energy      = 1.329712516e-20
    Average electronic energy       = 0
    Total energy                    = 28.79614887

Stage 1.0  ExecutionTime = 58.49 s  ClockTime = 40 s  Iteration 370 (0.65 s)

Time = 0.000152

    Collision global reduction skipped (rank 0 local diagnostics)
    Collisions                      = 848
    Collision candidates           = 1307
    Collision acceptance rate      = 0.648814078

    Number of DSMC particles        = 3456376
    Number of stuck particles       = 0
    Number of free particles        = 3456376
    Average linear kinetic energy   = 7.852844e-19
    Average rotational energy       = 3.889856042e-20
    Average vibrational energy      = 1.366955383e-20
    Average electronic energy       = 0
    Total energy                    = 28.95933322

Stage 1.0  ExecutionTime = 60.18 s  ClockTime = 40 s  Iteration 380 (0.67 s)

Time = 0.000156

    Collision global reduction skipped (rank 0 local diagnostics)
    Collisions                      = 845
    Collision candidates           = 1299
    Collision acceptance rate      = 0.6505003849

    Number of DSMC particles        = 3492732
    Number of stuck particles       = 0
    Number of free particles        = 3492732
    Average linear kinetic energy   = 7.802618577e-19
    Average rotational energy       = 3.93834283e-20
    Average vibrational energy      = 1.404231484e-20
    Average electronic energy       = 0
    Total energy                    = 29.11847361

Stage 1.0  ExecutionTime = 61.91 s  ClockTime = 41 s  Iteration 390 (0.7 s)

Time = 0.00016

    Collision global reduction skipped (rank 0 local diagnostics)
    Collisions                      = 849
    Collision candidates           = 1336
    Collision acceptance rate      = 0.6354790419


Phase C auto DLB triggered (threshold) at step 400: sar=0 loadImbalance=2.200236969 threshold=1.5 particleMaxMin=1
Phase C ParMETIS weights: particles=3528647 activeCells=104145 maxCellParticles=128
Phase C ParMETIS: alpha=1 ncon=1 ubvec=[1.05] moveRatio=0.9566293493 (moveT=10.0502095s, collT=0.455645779s)
Phase C ParMETIS: AdaptiveRepart (104151 cells, 1 constraints, ubvec=1.05)
Replicated mesh: rank 0 owns 3571 / 104151 cells
Local mesh: 3571 owned + 183 halo = 3754 / 104151 cells
Phase C ParMETIS AdaptiveRepart: 73711 / 104151 cells changed (0.7077320429)
Phase C auto DLB complete: rebalance #8

    Number of DSMC particles        = 3528647
    Number of stuck particles       = 0
    Number of free particles        = 3528647
    Average linear kinetic energy   = 7.754979917e-19
    Average rotational energy       = 3.986165535e-20
    Average vibrational energy      = 1.440291305e-20
    Average electronic energy       = 0
    Total energy                    = 29.27939168

Stage 1.0  ExecutionTime = 63.78 s  ClockTime = 43 s  Iteration 400 (0.88 s)

Time = 0.000164

    Collision global reduction skipped (rank 0 local diagnostics)
    Collisions                      = 887
    Collision candidates           = 1249
    Collision acceptance rate      = 0.7101681345

    Number of DSMC particles        = 3563311
    Number of stuck particles       = 0
    Number of free particles        = 3563311
    Average linear kinetic energy   = 7.714328146e-19
    Average rotational energy       = 4.015959325e-20
    Average vibrational energy      = 1.46945907e-20
    Average electronic energy       = 0
    Total energy                    = 29.44317551

Stage 1.0  ExecutionTime = 65.33 s  ClockTime = 44 s  Iteration 410 (0.62 s)

Time = 0.000168

    Collision global reduction skipped (rank 0 local diagnostics)
    Collisions                      = 867
    Collision candidates           = 1240
    Collision acceptance rate      = 0.6991935484

    Number of DSMC particles        = 3598412
    Number of stuck particles       = 0
    Number of free particles        = 3598412
    Average linear kinetic energy   = 7.668650332e-19
    Average rotational energy       = 4.059986619e-20
    Average vibrational energy      = 1.504971995e-20
    Average electronic energy       = 0
    Total energy                    = 29.59746477

Stage 1.0  ExecutionTime = 66.96 s  ClockTime = 45 s  Iteration 420 (0.68 s)

Time = 0.000172

    Collision global reduction skipped (rank 0 local diagnostics)
    Collisions                      = 897
    Collision candidates           = 1310
    Collision acceptance rate      = 0.6847328244

    Number of DSMC particles        = 3633643
    Number of stuck particles       = 0
    Number of free particles        = 3633643
    Average linear kinetic energy   = 7.622765236e-19
    Average rotational energy       = 4.107782793e-20
    Average vibrational energy      = 1.537336828e-20
    Average electronic energy       = 0
    Total energy                    = 29.74964248

Stage 1.0  ExecutionTime = 68.59 s  ClockTime = 45 s  Iteration 430 (0.68 s)

Time = 0.000176

    Collision global reduction skipped (rank 0 local diagnostics)
    Collisions                      = 886
    Collision candidates           = 1319
    Collision acceptance rate      = 0.6717210008

    Number of DSMC particles        = 3668400
    Number of stuck particles       = 0
    Number of free particles        = 3668400
    Average linear kinetic energy   = 7.578884006e-19
    Average rotational energy       = 4.147918448e-20
    Average vibrational energy      = 1.571106596e-20
    Average electronic energy       = 0
    Total energy                    = 29.90034523

Stage 1.0  ExecutionTime = 70.27 s  ClockTime = 46 s  Iteration 440 (0.72 s)

Time = 0.00018

    Collision global reduction skipped (rank 0 local diagnostics)
    Collisions                      = 901
    Collision candidates           = 1323
    Collision acceptance rate      = 0.6810279667


Phase C auto DLB triggered (threshold) at step 450: sar=0 loadImbalance=2.153241837 threshold=1.5 particleMaxMin=1
Phase C ParMETIS weights: particles=3703313 activeCells=104135 maxCellParticles=128
Phase C ParMETIS: alpha=1 ncon=1 ubvec=[1.05] moveRatio=0.9570272482 (moveT=11.70562579s, collT=0.525609854s)
Phase C ParMETIS: AdaptiveRepart (104151 cells, 1 constraints, ubvec=1.05)
Replicated mesh: rank 0 owns 3915 / 104151 cells
Local mesh: 3915 owned + 178 halo = 4093 / 104151 cells
Phase C ParMETIS AdaptiveRepart: 82432 / 104151 cells changed (0.7914662365)
Phase C auto DLB complete: rebalance #9

    Number of DSMC particles        = 3703313
    Number of stuck particles       = 0
    Number of free particles        = 3703313
    Average linear kinetic energy   = 7.534901061e-19
    Average rotational energy       = 4.186650114e-20
    Average vibrational energy      = 1.602540717e-20
    Average electronic energy       = 0
    Total energy                    = 30.04801562

Stage 1.0  ExecutionTime = 72.11 s  ClockTime = 48 s  Iteration 450 (0.88 s)

Time = 0.000184

    Collision global reduction skipped (rank 0 local diagnostics)
    Collisions                      = 963
    Collision candidates           = 1479
    Collision acceptance rate      = 0.6511156187

    Number of DSMC particles        = 3736993
    Number of stuck particles       = 0
    Number of free particles        = 3736993
    Average linear kinetic energy   = 7.497695011e-19
    Average rotational energy       = 4.206893613e-20
    Average vibrational energy      = 1.62961362e-20
    Average electronic energy       = 0
    Total energy                    = 30.19993244

Stage 1.0  ExecutionTime = 73.78 s  ClockTime = 49 s  Iteration 460 (0.65 s)

Time = 0.000188

    Collision global reduction skipped (rank 0 local diagnostics)
    Collisions                      = 1002
    Collision candidates           = 1519
    Collision acceptance rate      = 0.659644503

    Number of DSMC particles        = 3771349
    Number of stuck particles       = 0
    Number of free particles        = 3771349
    Average linear kinetic energy   = 7.45405803e-19
    Average rotational energy       = 4.247811933e-20
    Average vibrational energy      = 1.662017351e-20
    Average electronic energy       = 0
    Total energy                    = 30.34065717

Stage 1.0  ExecutionTime = 75.49 s  ClockTime = 50 s  Iteration 470 (0.66 s)

Time = 0.000192

    Collision global reduction skipped (rank 0 local diagnostics)
    Collisions                      = 1009
    Collision candidates           = 1561
    Collision acceptance rate      = 0.6463805253

    Number of DSMC particles        = 3805843
    Number of stuck particles       = 0
    Number of free particles        = 3805843
    Average linear kinetic energy   = 7.411860983e-19
    Average rotational energy       = 4.288265434e-20
    Average vibrational energy      = 1.689735985e-20
    Average electronic energy       = 0
    Total energy                    = 30.48351272

Stage 1.0  ExecutionTime = 77.25 s  ClockTime = 51 s  Iteration 480 (0.69 s)

Time = 0.000196

    Collision global reduction skipped (rank 0 local diagnostics)
    Collisions                      = 986
    Collision candidates           = 1546
    Collision acceptance rate      = 0.637774903

    Number of DSMC particles        = 3840094
    Number of stuck particles       = 0
    Number of free particles        = 3840094
    Average linear kinetic energy   = 7.370142563e-19
    Average rotational energy       = 4.326195905e-20
    Average vibrational energy      = 1.718104148e-20
    Average electronic energy       = 0
    Total energy                    = 30.62310827

Stage 1.0  ExecutionTime = 79.03 s  ClockTime = 52 s  Iteration 490 (0.72 s)

Time = 0.0002

    Collision global reduction skipped (rank 0 local diagnostics)
    Collisions                      = 993
    Collision candidates           = 1565
    Collision acceptance rate      = 0.6345047923


Phase C auto DLB triggered (threshold) at step 500: sar=0 loadImbalance=2.28989745 threshold=1.5 particleMaxMin=1
Phase C ParMETIS weights: particles=3873797 activeCells=104142 maxCellParticles=149
Phase C ParMETIS: alpha=1 ncon=1 ubvec=[1.05] moveRatio=0.9571497648 (moveT=13.52568928s, collT=0.605525894s)
Phase C ParMETIS: AdaptiveRepart (104151 cells, 1 constraints, ubvec=1.05)
Replicated mesh: rank 0 owns 3440 / 104151 cells
Local mesh: 3440 owned + 161 halo = 3601 / 104151 cells
Phase C ParMETIS AdaptiveRepart: 80286 / 104151 cells changed (0.7708615376)
Phase C auto DLB complete: rebalance #10

    Number of DSMC particles        = 3873797
    Number of stuck particles       = 0
    Number of free particles        = 3873797
    Average linear kinetic energy   = 7.331205731e-19
    Average rotational energy       = 4.353260412e-20
    Average vibrational energy      = 1.747706705e-20
    Average electronic energy       = 0
    Total energy                    = 30.76299358

Stage 1.0  ExecutionTime = 80.97 s  ClockTime = 53 s  Iteration 500 (0.89 s)

Time = 0.000204

    Collision global reduction skipped (rank 0 local diagnostics)
    Collisions                      = 958
    Collision candidates           = 1318
    Collision acceptance rate      = 0.7268588771

    Number of DSMC particles        = 3907099
    Number of stuck particles       = 0
    Number of free particles        = 3907099
    Average linear kinetic energy   = 7.296752861e-19
    Average rotational energy       = 4.370426199e-20
    Average vibrational energy      = 1.771891707e-20
    Average electronic energy       = 0
    Total energy                    = 30.90900022

Stage 1.0  ExecutionTime = 82.7 s  ClockTime = 54 s  Iteration 510 (0.74 s)

Time = 0.000208

    Collision global reduction skipped (rank 0 local diagnostics)
    Collisions                      = 964
    Collision candidates           = 1362
    Collision acceptance rate      = 0.7077826725

    Number of DSMC particles        = 3940915
    Number of stuck particles       = 0
    Number of free particles        = 3940915
    Average linear kinetic energy   = 7.258716139e-19
    Average rotational energy       = 4.399365544e-20
    Average vibrational energy      = 1.799749179e-20
    Average electronic energy       = 0
    Total energy                    = 31.04900173

Stage 1.0  ExecutionTime = 84.45 s  ClockTime = 55 s  Iteration 520 (0.76 s)

Time = 0.000212

    Collision global reduction skipped (rank 0 local diagnostics)
    Collisions                      = 979
    Collision candidates           = 1389
    Collision acceptance rate      = 0.7048236141

    Number of DSMC particles        = 3974597
    Number of stuck particles       = 0
    Number of free particles        = 3974597
    Average linear kinetic energy   = 7.219768262e-19
    Average rotational energy       = 4.430709221e-20
    Average vibrational energy      = 1.829453988e-20
    Average electronic energy       = 0
    Total energy                    = 31.18383186

Stage 1.0  ExecutionTime = 86.21 s  ClockTime = 56 s  Iteration 530 (0.77 s)

Time = 0.000216

    Collision global reduction skipped (rank 0 local diagnostics)
    Collisions                      = 911
    Collision candidates           = 1361
    Collision acceptance rate      = 0.6693607641

    Number of DSMC particles        = 4008348
    Number of stuck particles       = 0
    Number of free particles        = 4008348
    Average linear kinetic energy   = 7.181865058e-19
    Average rotational energy       = 4.457496357e-20
    Average vibrational energy      = 1.856360997e-20
    Average electronic energy       = 0
    Total energy                    = 31.31822819

Stage 1.0  ExecutionTime = 88.01 s  ClockTime = 57 s  Iteration 540 (0.76 s)

Time = 0.00022

    Collision global reduction skipped (rank 0 local diagnostics)
    Collisions                      = 971
    Collision candidates           = 1435
    Collision acceptance rate      = 0.6766550523


Phase C auto DLB triggered (threshold) at step 550: sar=0 loadImbalance=2.213188095 threshold=1.5 particleMaxMin=1
Phase C ParMETIS weights: particles=4041729 activeCells=104143 maxCellParticles=147
Phase C ParMETIS: alpha=1 ncon=1 ubvec=[1.05] moveRatio=0.9567015753 (moveT=15.21006223s, collT=0.68837739s)
Phase C ParMETIS: AdaptiveRepart (104151 cells, 1 constraints, ubvec=1.05)
Replicated mesh: rank 0 owns 3438 / 104151 cells
Local mesh: 3438 owned + 164 halo = 3602 / 104151 cells
Phase C ParMETIS AdaptiveRepart: 322 / 104151 cells changed (0.003091664986)
Phase C auto DLB complete: rebalance #11

    Number of DSMC particles        = 4041729
    Number of stuck particles       = 0
    Number of free particles        = 4041729
    Average linear kinetic energy   = 7.144754284e-19
    Average rotational energy       = 4.480970345e-20
    Average vibrational energy      = 1.883599801e-20
    Average electronic energy       = 0
    Total energy                    = 31.44954736

Stage 1.0  ExecutionTime = 89.93 s  ClockTime = 58 s  Iteration 550 (0.87 s)

Time = 0.000224

    Collision global reduction skipped (rank 0 local diagnostics)
    Collisions                      = 1000
    Collision candidates           = 1508
    Collision acceptance rate      = 0.6631299735

    Number of DSMC particles        = 4074542
    Number of stuck particles       = 0
    Number of free particles        = 4074542
    Average linear kinetic energy   = 7.109282462e-19
    Average rotational energy       = 4.500915118e-20
    Average vibrational energy      = 1.912723064e-20
    Average electronic energy       = 0
    Total energy                    = 31.5803338

Stage 1.0  ExecutionTime = 91.76 s  ClockTime = 59 s  Iteration 560 (0.79 s)

Time = 0.000228

    Collision global reduction skipped (rank 0 local diagnostics)
    Collisions                      = 996
    Collision candidates           = 1545
    Collision acceptance rate      = 0.6446601942

    Number of DSMC particles        = 4107555
    Number of stuck particles       = 0
    Number of free particles        = 4107555
    Average linear kinetic energy   = 7.072873733e-19
    Average rotational energy       = 4.528865903e-20
    Average vibrational energy      = 1.935186694e-20
    Average electronic energy       = 0
    Total energy                    = 31.70736303

Stage 1.0  ExecutionTime = 93.63 s  ClockTime = 60 s  Iteration 570 (0.81 s)

Time = 0.000232

    Collision global reduction skipped (rank 0 local diagnostics)
    Collisions                      = 1008
    Collision candidates           = 1528
    Collision acceptance rate      = 0.6596858639

    Number of DSMC particles        = 4140204
    Number of stuck particles       = 0
    Number of free particles        = 4140204
    Average linear kinetic energy   = 7.038105311e-19
    Average rotational energy       = 4.553057999e-20
    Average vibrational energy      = 1.959841272e-20
    Average electronic energy       = 0
    Total energy                    = 31.83566492

Stage 1.0  ExecutionTime = 95.53 s  ClockTime = 62 s  Iteration 580 (0.82 s)

Time = 0.000236

    Collision global reduction skipped (rank 0 local diagnostics)
    Collisions                      = 945
    Collision candidates           = 1506
    Collision acceptance rate      = 0.6274900398

    Number of DSMC particles        = 4173186
    Number of stuck particles       = 0
    Number of free particles        = 4173186
    Average linear kinetic energy   = 7.003600848e-19
    Average rotational energy       = 4.570147612e-20
    Average vibrational energy      = 1.98207848e-20
    Average electronic energy       = 0
    Total energy                    = 31.96169483

Stage 1.0  ExecutionTime = 97.46 s  ClockTime = 63 s  Iteration 590 (0.84 s)

Time = 0.00024

    Collision global reduction skipped (rank 0 local diagnostics)
    Collisions                      = 1021
    Collision candidates           = 1551
    Collision acceptance rate      = 0.6582849774


Phase C auto DLB triggered (threshold) at step 600: sar=0 loadImbalance=2.056007412 threshold=1.5 particleMaxMin=1
Phase C ParMETIS weights: particles=4205597 activeCells=104144 maxCellParticles=137
Phase C ParMETIS: alpha=1 ncon=1 ubvec=[1.05] moveRatio=0.9566603212 (moveT=17.03038389s, collT=0.771529195s)
Phase C ParMETIS: AdaptiveRepart (104151 cells, 1 constraints, ubvec=1.05)
Replicated mesh: rank 0 owns 3575 / 104151 cells
Local mesh: 3575 owned + 167 halo = 3742 / 104151 cells
Phase C ParMETIS AdaptiveRepart: 78582 / 104151 cells changed (0.7545006769)
Phase C auto DLB complete: rebalance #12

    Number of DSMC particles        = 4205597
    Number of stuck particles       = 0
    Number of free particles        = 4205597
    Average linear kinetic energy   = 6.970292991e-19
    Average rotational energy       = 4.591101493e-20
    Average vibrational energy      = 2.005465319e-20
    Average electronic energy       = 0
    Total energy                    = 32.08849345

Stage 1.0  ExecutionTime = 99.63 s  ClockTime = 64 s  Iteration 600 (1.07 s)

Time = 0.000244

    Collision global reduction skipped (rank 0 local diagnostics)
    Collisions                      = 1009
    Collision candidates           = 1537
    Collision acceptance rate      = 0.65647365

    Number of DSMC particles        = 4236621
    Number of stuck particles       = 0
    Number of free particles        = 4236621
    Average linear kinetic energy   = 6.943356757e-19
    Average rotational energy       = 4.593256681e-20
    Average vibrational energy      = 2.022866967e-20
    Average electronic energy       = 0
    Total energy                    = 32.21937189

Stage 1.0  ExecutionTime = 101.53 s  ClockTime = 65 s  Iteration 610 (0.77 s)

Time = 0.000248

    Collision global reduction skipped (rank 0 local diagnostics)
    Collisions                      = 1029
    Collision candidates           = 1600
    Collision acceptance rate      = 0.643125

    Number of DSMC particles        = 4268202
    Number of stuck particles       = 0
    Number of free particles        = 4268202
    Average linear kinetic energy   = 6.909033635e-19
    Average rotational energy       = 4.616508539e-20
    Average vibrational energy      = 2.044244686e-20
    Average electronic energy       = 0
    Total energy                    = 32.3320952

Stage 1.0  ExecutionTime = 103.46 s  ClockTime = 66 s  Iteration 620 (0.76 s)

Time = 0.000252

    Collision global reduction skipped (rank 0 local diagnostics)
    Collisions                      = 1006
    Collision candidates           = 1566
    Collision acceptance rate      = 0.6424010217

    Number of DSMC particles        = 4299974
    Number of stuck particles       = 0
    Number of free particles        = 4299974
    Average linear kinetic energy   = 6.874576829e-19
    Average rotational energy       = 4.639186186e-20
    Average vibrational energy      = 2.068120272e-20
    Average electronic energy       = 0
    Total energy                    = 32.44462596

Stage 1.0  ExecutionTime = 105.45 s  ClockTime = 68 s  Iteration 630 (0.77 s)

Time = 0.000256

    Collision global reduction skipped (rank 0 local diagnostics)
    Collisions                      = 1047
    Collision candidates           = 1632
    Collision acceptance rate      = 0.6415441176

    Number of DSMC particles        = 4331927
    Number of stuck particles       = 0
    Number of free particles        = 4331927
    Average linear kinetic energy   = 6.842490989e-19
    Average rotational energy       = 4.657542292e-20
    Average vibrational energy      = 2.088679548e-20
    Average electronic energy       = 0
    Total energy                    = 32.56358551

Stage 1.0  ExecutionTime = 107.42 s  ClockTime = 69 s  Iteration 640 (0.81 s)

Time = 0.00026

    Collision global reduction skipped (rank 0 local diagnostics)
    Collisions                      = 1028
    Collision candidates           = 1640
    Collision acceptance rate      = 0.6268292683


Phase C auto DLB triggered (threshold) at step 650: sar=0 loadImbalance=2.155443676 threshold=1.5 particleMaxMin=1
Phase C ParMETIS weights: particles=4363903 activeCells=104145 maxCellParticles=141
Phase C ParMETIS: alpha=1 ncon=1 ubvec=[1.05] moveRatio=0.9565494449 (moveT=19.01911213s, collT=0.863929183s)
Phase C ParMETIS: AdaptiveRepart (104151 cells, 1 constraints, ubvec=1.05)
Replicated mesh: rank 0 owns 3902 / 104151 cells
Local mesh: 3902 owned + 182 halo = 4084 / 104151 cells
Phase C ParMETIS AdaptiveRepart: 78217 / 104151 cells changed (0.7509961498)
Phase C auto DLB complete: rebalance #13

    Number of DSMC particles        = 4363903
    Number of stuck particles       = 0
    Number of free particles        = 4363903
    Average linear kinetic energy   = 6.810521378e-19
    Average rotational energy       = 4.676117189e-20
    Average vibrational energy      = 2.112030208e-20
    Average electronic energy       = 0
    Total energy                    = 32.68273635

Stage 1.0  ExecutionTime = 109.57 s  ClockTime = 70 s  Iteration 650 (0.97 s)

Time = 0.000264

    Collision global reduction skipped (rank 0 local diagnostics)
    Collisions                      = 1121
    Collision candidates           = 1798
    Collision acceptance rate      = 0.6234705228

    Number of DSMC particles        = 4394975
    Number of stuck particles       = 0
    Number of free particles        = 4394975
    Average linear kinetic energy   = 6.782892202e-19
    Average rotational energy       = 4.681016891e-20
    Average vibrational energy      = 2.126313014e-20
    Average electronic energy       = 0
    Total energy                    = 32.80244613

Stage 1.0  ExecutionTime = 111.47 s  ClockTime = 71 s  Iteration 660 (0.65 s)

Time = 0.000268

    Collision global reduction skipped (rank 0 local diagnostics)
    Collisions                      = 1116
    Collision candidates           = 1822
    Collision acceptance rate      = 0.6125137212

    Number of DSMC particles        = 4425982
    Number of stuck particles       = 0
    Number of free particles        = 4425982
    Average linear kinetic energy   = 6.751285575e-19
    Average rotational energy       = 4.702449442e-20
    Average vibrational energy      = 2.146144783e-20
    Average electronic energy       = 0
    Total energy                    = 32.91224391

Stage 1.0  ExecutionTime = 113.4 s  ClockTime = 72 s  Iteration 670 (0.67 s)

Time = 0.000272

    Collision global reduction skipped (rank 0 local diagnostics)
    Collisions                      = 1055
    Collision candidates           = 1738
    Collision acceptance rate      = 0.6070195627

    Number of DSMC particles        = 4457038
    Number of stuck particles       = 0
    Number of free particles        = 4457038
    Average linear kinetic energy   = 6.720154405e-19
    Average rotational energy       = 4.722036254e-20
    Average vibrational energy      = 2.164444377e-20
    Average electronic energy       = 0
    Total energy                    = 33.02131413

Stage 1.0  ExecutionTime = 115.36 s  ClockTime = 73 s  Iteration 680 (0.7 s)

Time = 0.000276

    Collision global reduction skipped (rank 0 local diagnostics)
    Collisions                      = 1130
    Collision candidates           = 1795
    Collision acceptance rate      = 0.6295264624

    Number of DSMC particles        = 4488158
    Number of stuck particles       = 0
    Number of free particles        = 4488158
    Average linear kinetic energy   = 6.68949424e-19
    Average rotational energy       = 4.738713282e-20
    Average vibrational energy      = 2.183788161e-20
    Average electronic energy       = 0
    Total energy                    = 33.13043511

Stage 1.0  ExecutionTime = 117.37 s  ClockTime = 75 s  Iteration 690 (0.73 s)

Time = 0.00028

    Collision global reduction skipped (rank 0 local diagnostics)
    Collisions                      = 1120
    Collision candidates           = 1827
    Collision acceptance rate      = 0.6130268199


Phase C auto DLB triggered (threshold) at step 700: sar=0 loadImbalance=1.997670072 threshold=1.5 particleMaxMin=1
Phase C ParMETIS weights: particles=4519214 activeCells=104145 maxCellParticles=146
Phase C ParMETIS: alpha=1 ncon=1 ubvec=[1.05] moveRatio=0.956464353 (moveT=21.21132236s, collT=0.965481504s)
Phase C ParMETIS: AdaptiveRepart (104151 cells, 1 constraints, ubvec=1.05)
Replicated mesh: rank 0 owns 3902 / 104151 cells
Local mesh: 3902 owned + 182 halo = 4084 / 104151 cells
Phase C ParMETIS AdaptiveRepart: 101 / 104151 cells changed (0.0009697458498)
Phase C auto DLB complete: rebalance #14

    Number of DSMC particles        = 4519214
    Number of stuck particles       = 0
    Number of free particles        = 4519214
    Average linear kinetic energy   = 6.659975994e-19
    Average rotational energy       = 4.755340575e-20
    Average vibrational energy      = 2.203367338e-20
    Average electronic energy       = 0
    Total energy                    = 33.24264577

Stage 1.0  ExecutionTime = 119.5 s  ClockTime = 76 s  Iteration 700 (0.87 s)

Time = 0.000284

    Collision global reduction skipped (rank 0 local diagnostics)
    Collisions                      = 1079
    Collision candidates           = 1836
    Collision acceptance rate      = 0.5876906318

    Number of DSMC particles        = 4550045
    Number of stuck particles       = 0
    Number of free particles        = 4550045
    Average linear kinetic energy   = 6.630639642e-19
    Average rotational energy       = 4.772146527e-20
    Average vibrational energy      = 2.221535246e-20
    Average electronic energy       = 0
    Total energy                    = 33.35186543

Stage 1.0  ExecutionTime = 121.52 s  ClockTime = 77 s  Iteration 710 (0.77 s)

Time = 0.000288

    Collision global reduction skipped (rank 0 local diagnostics)
    Collisions                      = 1090
    Collision candidates           = 1818
    Collision acceptance rate      = 0.599559956

    Number of DSMC particles        = 4580444
    Number of stuck particles       = 0
    Number of free particles        = 4580444
    Average linear kinetic energy   = 6.601931917e-19
    Average rotational energy       = 4.781117064e-20
    Average vibrational energy      = 2.2410121e-20
    Average electronic energy       = 0
    Total energy                    = 33.45622638

Stage 1.0  ExecutionTime = 123.59 s  ClockTime = 78 s  Iteration 720 (0.78 s)

Time = 0.000292

    Collision global reduction skipped (rank 0 local diagnostics)
    Collisions                      = 1132
    Collision candidates           = 1861
    Collision acceptance rate      = 0.6082751209

    Number of DSMC particles        = 4611234
    Number of stuck particles       = 0
    Number of free particles        = 4611234
    Average linear kinetic energy   = 6.573835411e-19
    Average rotational energy       = 4.787767744e-20
    Average vibrational energy      = 2.258939234e-20
    Average electronic energy       = 0
    Total energy                    = 33.56289484

Stage 1.0  ExecutionTime = 125.73 s  ClockTime = 79 s  Iteration 730 (0.83 s)

Time = 0.000296

    Collision global reduction skipped (rank 0 local diagnostics)
    Collisions                      = 1090
    Collision candidates           = 1882
    Collision acceptance rate      = 0.5791710946

    Number of DSMC particles        = 4641343
    Number of stuck particles       = 0
    Number of free particles        = 4641343
    Average linear kinetic energy   = 6.546408196e-19
    Average rotational energy       = 4.80486851e-20
    Average vibrational energy      = 2.275615017e-20
    Average electronic energy       = 0
    Total energy                    = 33.67042112

Stage 1.0  ExecutionTime = 127.87 s  ClockTime = 81 s  Iteration 740 (0.82 s)

Time = 0.0003

    Collision global reduction skipped (rank 0 local diagnostics)
    Collisions                      = 1109
    Collision candidates           = 1908
    Collision acceptance rate      = 0.5812368973


Phase C auto DLB triggered (threshold) at step 750: sar=0 loadImbalance=2.029023893 threshold=1.5 particleMaxMin=1
Phase C ParMETIS weights: particles=4671446 activeCells=104143 maxCellParticles=159
Phase C ParMETIS: alpha=1 ncon=1 ubvec=[1.05] moveRatio=0.95632507 (moveT=23.45758984s, collT=1.071297434s)
Phase C ParMETIS: AdaptiveRepart (104151 cells, 1 constraints, ubvec=1.05)
Replicated mesh: rank 0 owns 4664 / 104151 cells
Local mesh: 4664 owned + 205 halo = 4869 / 104151 cells
Phase C ParMETIS AdaptiveRepart: 78228 / 104151 cells changed (0.7511017657)
Phase C auto DLB complete: rebalance #15

    Number of DSMC particles        = 4671446
    Number of stuck particles       = 0
    Number of free particles        = 4671446
    Average linear kinetic energy   = 6.519807962e-19
    Average rotational energy       = 4.812422397e-20
    Average vibrational energy      = 2.293990575e-20
    Average electronic energy       = 0
    Total energy                    = 33.77665327

Stage 1.0  ExecutionTime = 130.31 s  ClockTime = 82 s  Iteration 750 (1.07 s)

Time = 0.000304

    Collision global reduction skipped (rank 0 local diagnostics)
    Collisions                      = 1185
    Collision candidates           = 1827
    Collision acceptance rate      = 0.6486042693

    Number of DSMC particles        = 4700819
    Number of stuck particles       = 0
    Number of free particles        = 4700819
    Average linear kinetic energy   = 6.496659087e-19
    Average rotational energy       = 4.815008675e-20
    Average vibrational energy      = 2.308179643e-20
    Average electronic energy       = 0
    Total energy                    = 33.88810037

Stage 1.0  ExecutionTime = 132.24 s  ClockTime = 83 s  Iteration 760 (0.85 s)

Time = 0.000308

    Collision global reduction skipped (rank 0 local diagnostics)
    Collisions                      = 1187
    Collision candidates           = 1930
    Collision acceptance rate      = 0.6150259067

    Number of DSMC particles        = 4730670
    Number of stuck particles       = 0
    Number of free particles        = 4730670
    Average linear kinetic energy   = 6.470598121e-19
    Average rotational energy       = 4.832016239e-20
    Average vibrational energy      = 2.321210212e-20
    Average electronic energy       = 0
    Total energy                    = 33.99421979

Stage 1.0  ExecutionTime = 134.21 s  ClockTime = 85 s  Iteration 770 (0.86 s)

Time = 0.000312

    Collision global reduction skipped (rank 0 local diagnostics)
    Collisions                      = 1147
    Collision candidates           = 1920
    Collision acceptance rate      = 0.5973958333

    Number of DSMC particles        = 4759550
    Number of stuck particles       = 0
    Number of free particles        = 4759550
    Average linear kinetic energy   = 6.444699285e-19
    Average rotational energy       = 4.848227941e-20
    Average vibrational energy      = 2.3360938e-20
    Average electronic energy       = 0
    Total energy                    = 34.09328233

Stage 1.0  ExecutionTime = 136.2 s  ClockTime = 86 s  Iteration 780 (0.85 s)

Time = 0.000316

    Collision global reduction skipped (rank 0 local diagnostics)
    Collisions                      = 1186
    Collision candidates           = 1921
    Collision acceptance rate      = 0.6173867777

    Number of DSMC particles        = 4788840
    Number of stuck particles       = 0
    Number of free particles        = 4788840
    Average linear kinetic energy   = 6.419449279e-19
    Average rotational energy       = 4.854068969e-20
    Average vibrational energy      = 2.354922884e-20
    Average electronic energy       = 0
    Total energy                    = 34.19398634

Stage 1.0  ExecutionTime = 138.24 s  ClockTime = 87 s  Iteration 790 (0.86 s)

Time = 0.00032

    Collision global reduction skipped (rank 0 local diagnostics)
    Collisions                      = 1144
    Collision candidates           = 1975
    Collision acceptance rate      = 0.5792405063


Phase C auto DLB triggered (threshold) at step 800: sar=0 loadImbalance=2.060069255 threshold=1.5 particleMaxMin=1
Phase C ParMETIS weights: particles=4817914 activeCells=104148 maxCellParticles=164
Phase C ParMETIS: alpha=1 ncon=1 ubvec=[1.05] moveRatio=0.9563439914 (moveT=25.4722131s, collT=1.162777373s)
Phase C ParMETIS: AdaptiveRepart (104151 cells, 1 constraints, ubvec=1.05)
Replicated mesh: rank 0 owns 3872 / 104151 cells
Local mesh: 3872 owned + 124 halo = 3996 / 104151 cells
Phase C ParMETIS AdaptiveRepart: 92747 / 104151 cells changed (0.890505132)
Phase C auto DLB complete: rebalance #16

    Number of DSMC particles        = 4817914
    Number of stuck particles       = 0
    Number of free particles        = 4817914
    Average linear kinetic energy   = 6.394362565e-19
    Average rotational energy       = 4.868016339e-20
    Average vibrational energy      = 2.372177839e-20
    Average electronic energy       = 0
    Total energy                    = 34.29575221

Stage 1.0  ExecutionTime = 140.48 s  ClockTime = 88 s  Iteration 800 (1.06 s)

Time = 0.000324

    Collision global reduction skipped (rank 0 local diagnostics)
    Collisions                      = 1396
    Collision candidates           = 1894
    Collision acceptance rate      = 0.7370644139

    Number of DSMC particles        = 4846077
    Number of stuck particles       = 0
    Number of free particles        = 4846077
    Average linear kinetic energy   = 6.372848179e-19
    Average rotational energy       = 4.87109679e-20
    Average vibrational energy      = 2.381206583e-20
    Average electronic energy       = 0
    Total energy                    = 34.39783504

Stage 1.0  ExecutionTime = 142.44 s  ClockTime = 90 s  Iteration 810 (0.87 s)

Time = 0.000328

    Collision global reduction skipped (rank 0 local diagnostics)
    Collisions                      = 1550
    Collision candidates           = 2322
    Collision acceptance rate      = 0.6675279931

    Number of DSMC particles        = 4875190
    Number of stuck particles       = 0
    Number of free particles        = 4875190
    Average linear kinetic energy   = 6.347584579e-19
    Average rotational energy       = 4.884729585e-20
    Average vibrational energy      = 2.396552921e-20
    Average electronic energy       = 0
    Total energy                    = 34.49544443

Stage 1.0  ExecutionTime = 144.46 s  ClockTime = 91 s  Iteration 820 (0.87 s)

Time = 0.000332

    Collision global reduction skipped (rank 0 local diagnostics)
    Collisions                      = 1607
    Collision candidates           = 2565
    Collision acceptance rate      = 0.6265107212

    Number of DSMC particles        = 4903977
    Number of stuck particles       = 0
    Number of free particles        = 4903977
    Average linear kinetic energy   = 6.32211984e-19
    Average rotational energy       = 4.90031167e-20
    Average vibrational energy      = 2.411163e-20
    Average electronic energy       = 0
    Total energy                    = 34.58906065

Stage 1.0  ExecutionTime = 146.52 s  ClockTime = 92 s  Iteration 830 (0.84 s)

Time = 0.000336

    Collision global reduction skipped (rank 0 local diagnostics)
    Collisions                      = 1711
    Collision candidates           = 2803
    Collision acceptance rate      = 0.6104174099

    Number of DSMC particles        = 4932699
    Number of stuck particles       = 0
    Number of free particles        = 4932699
    Average linear kinetic energy   = 6.297381912e-19
    Average rotational energy       = 4.913218281e-20
    Average vibrational energy      = 2.426485592e-20
    Average electronic energy       = 0
    Total energy                    = 34.68354446

Stage 1.0  ExecutionTime = 148.68 s  ClockTime = 93 s  Iteration 840 (0.86 s)

Time = 0.00034

    Collision global reduction skipped (rank 0 local diagnostics)
    Collisions                      = 1850
    Collision candidates           = 3130
    Collision acceptance rate      = 0.5910543131


Phase C auto DLB triggered (threshold) at step 850: sar=0 loadImbalance=2.00322336 threshold=1.5 particleMaxMin=1
Phase C ParMETIS weights: particles=4961655 activeCells=104147 maxCellParticles=168
Phase C ParMETIS: alpha=1 ncon=1 ubvec=[1.05] moveRatio=0.9555192045 (moveT=27.51967281s, collT=1.281080415s)
Phase C ParMETIS: AdaptiveRepart (104151 cells, 1 constraints, ubvec=1.05)
Replicated mesh: rank 0 owns 4537 / 104151 cells
Local mesh: 4537 owned + 194 halo = 4731 / 104151 cells
Phase C ParMETIS AdaptiveRepart: 85553 / 104151 cells changed (0.8214323434)
Phase C auto DLB complete: rebalance #17

    Number of DSMC particles        = 4961655
    Number of stuck particles       = 0
    Number of free particles        = 4961655
    Average linear kinetic energy   = 6.273851951e-19
    Average rotational energy       = 4.922636662e-20
    Average vibrational energy      = 2.44292088e-20
    Average electronic energy       = 0
    Total energy                    = 34.78322444

Stage 1.0  ExecutionTime = 151.13 s  ClockTime = 95 s  Iteration 850 (1.03 s)

Time = 0.000344

    Collision global reduction skipped (rank 0 local diagnostics)
    Collisions                      = 1292
    Collision candidates           = 1850
    Collision acceptance rate      = 0.6983783784

    Number of DSMC particles        = 4989274
    Number of stuck particles       = 0
    Number of free particles        = 4989274
    Average linear kinetic energy   = 6.255368331e-19
    Average rotational energy       = 4.916405198e-20
    Average vibrational energy      = 2.451760608e-20
    Average electronic energy       = 0
    Total energy                    = 34.88592638

Stage 1.0  ExecutionTime = 153.21 s  ClockTime = 96 s  Iteration 860 (0.91 s)

Time = 0.000348

    Collision global reduction skipped (rank 0 local diagnostics)
    Collisions                      = 1230
    Collision candidates           = 1866
    Collision acceptance rate      = 0.6591639871

    Number of DSMC particles        = 5017443
    Number of stuck particles       = 0
    Number of free particles        = 5017443
    Average linear kinetic energy   = 6.230965562e-19
    Average rotational energy       = 4.932700176e-20
    Average vibrational energy      = 2.465847654e-20
    Average electronic energy       = 0
    Total energy                    = 34.97569374

Stage 1.0  ExecutionTime = 155.36 s  ClockTime = 97 s  Iteration 870 (0.94 s)

Time = 0.000352

    Collision global reduction skipped (rank 0 local diagnostics)
    Collisions                      = 1212
    Collision candidates           = 1819
    Collision acceptance rate      = 0.6663001649

    Number of DSMC particles        = 5045818
    Number of stuck particles       = 0
    Number of free particles        = 5045818
    Average linear kinetic energy   = 6.207674171e-19
    Average rotational energy       = 4.945019028e-20
    Average vibrational energy      = 2.479290262e-20
    Average electronic energy       = 0
    Total energy                    = 35.06896541

Stage 1.0  ExecutionTime = 157.56 s  ClockTime = 99 s  Iteration 880 (0.97 s)

Time = 0.000356

    Collision global reduction skipped (rank 0 local diagnostics)
    Collisions                      = 1263
    Collision candidates           = 1923
    Collision acceptance rate      = 0.6567862715

    Number of DSMC particles        = 5073384
    Number of stuck particles       = 0
    Number of free particles        = 5073384
    Average linear kinetic energy   = 6.186395751e-19
    Average rotational energy       = 4.950980188e-20
    Average vibrational energy      = 2.493209109e-20
    Average electronic energy       = 0
    Total energy                    = 35.16268431

Stage 1.0  ExecutionTime = 159.78 s  ClockTime = 100 s  Iteration 890 (1 s)

Time = 0.00036

    Collision global reduction skipped (rank 0 local diagnostics)
    Collisions                      = 1213
    Collision candidates           = 1894
    Collision acceptance rate      = 0.6404435058


Phase C auto DLB triggered (threshold) at step 900: sar=0 loadImbalance=2.148492009 threshold=1.5 particleMaxMin=1
Phase C ParMETIS weights: particles=5101235 activeCells=104145 maxCellParticles=180
Phase C ParMETIS: alpha=1 ncon=1 ubvec=[1.05] moveRatio=0.9555472028 (moveT=29.62194981s, collT=1.378036087s)
Phase C ParMETIS: AdaptiveRepart (104151 cells, 1 constraints, ubvec=1.05)
Replicated mesh: rank 0 owns 4962 / 104151 cells
Local mesh: 4962 owned + 203 halo = 5165 / 104151 cells
Phase C ParMETIS AdaptiveRepart: 72647 / 104151 cells changed (0.6975161064)
Phase C auto DLB complete: rebalance #18

    Number of DSMC particles        = 5101235
    Number of stuck particles       = 0
    Number of free particles        = 5101235
    Average linear kinetic energy   = 6.163916855e-19
    Average rotational energy       = 4.960444586e-20
    Average vibrational energy      = 2.507344146e-20
    Average electronic energy       = 0
    Total energy                    = 35.25308292

Stage 1.0  ExecutionTime = 162.24 s  ClockTime = 102 s  Iteration 900 (1.23 s)

Time = 0.000364

    Collision global reduction skipped (rank 0 local diagnostics)
    Collisions                      = 1335
    Collision candidates           = 2119
    Collision acceptance rate      = 0.6300141576

    Number of DSMC particles        = 5127628
    Number of stuck particles       = 0
    Number of free particles        = 5127628
    Average linear kinetic energy   = 6.147506247e-19
    Average rotational energy       = 4.954430178e-20
    Average vibrational energy      = 2.515859996e-20
    Average electronic energy       = 0
    Total energy                    = 35.35261207

Stage 1.0  ExecutionTime = 164.43 s  ClockTime = 103 s  Iteration 910 (0.84 s)

Time = 0.000368

    Collision global reduction skipped (rank 0 local diagnostics)
    Collisions                      = 1333
    Collision candidates           = 2104
    Collision acceptance rate      = 0.6335551331

    Number of DSMC particles        = 5154563
    Number of stuck particles       = 0
    Number of free particles        = 5154563
    Average linear kinetic energy   = 6.125318396e-19
    Average rotational energy       = 4.969239787e-20
    Average vibrational energy      = 2.525216279e-20
    Average electronic energy       = 0
    Total energy                    = 35.43640416

Stage 1.0  ExecutionTime = 166.67 s  ClockTime = 104 s  Iteration 920 (0.8 s)

Time = 0.000372

    Collision global reduction skipped (rank 0 local diagnostics)
    Collisions                      = 1346
    Collision candidates           = 2183
    Collision acceptance rate      = 0.6165826844

    Number of DSMC particles        = 5182048
    Number of stuck particles       = 0
    Number of free particles        = 5182048
    Average linear kinetic energy   = 6.102790971e-19
    Average rotational energy       = 4.982958884e-20
    Average vibrational energy      = 2.536119695e-20
    Average electronic energy       = 0
    Total energy                    = 35.52137836

Stage 1.0  ExecutionTime = 168.92 s  ClockTime = 106 s  Iteration 930 (0.86 s)

Time = 0.000376

    Collision global reduction skipped (rank 0 local diagnostics)
    Collisions                      = 1307
    Collision candidates           = 2152
    Collision acceptance rate      = 0.6073420074

    Number of DSMC particles        = 5208973
    Number of stuck particles       = 0
    Number of free particles        = 5208973
    Average linear kinetic energy   = 6.082620277e-19
    Average rotational energy       = 4.98790706e-20
    Average vibrational energy      = 2.546555466e-20
    Average electronic energy       = 0
    Total energy                    = 35.60888598

Stage 1.0  ExecutionTime = 171.23 s  ClockTime = 107 s  Iteration 940 (0.85 s)

Time = 0.00038

    Collision global reduction skipped (rank 0 local diagnostics)
    Collisions                      = 1361
    Collision candidates           = 2247
    Collision acceptance rate      = 0.6056964842


Phase C auto DLB triggered (threshold) at step 950: sar=0 loadImbalance=1.762343571 threshold=1.5 particleMaxMin=1
Phase C ParMETIS weights: particles=5235917 activeCells=104150 maxCellParticles=184
Phase C ParMETIS: alpha=1 ncon=1 ubvec=[1.05] moveRatio=0.9556297519 (moveT=32.08228981s, collT=1.48959276s)
Phase C ParMETIS: AdaptiveRepart (104151 cells, 1 constraints, ubvec=1.05)
Replicated mesh: rank 0 owns 4962 / 104151 cells
Local mesh: 4962 owned + 203 halo = 5165 / 104151 cells
Phase C ParMETIS AdaptiveRepart: 174 / 104151 cells changed (0.001670651266)
Phase C auto DLB complete: rebalance #19

    Number of DSMC particles        = 5235917
    Number of stuck particles       = 0
    Number of free particles        = 5235917
    Average linear kinetic energy   = 6.062126795e-19
    Average rotational energy       = 4.995911609e-20
    Average vibrational energy      = 2.557339921e-20
    Average electronic energy       = 0
    Total energy                    = 35.69561255

Stage 1.0  ExecutionTime = 173.69 s  ClockTime = 109 s  Iteration 950 (1.01 s)

Time = 0.000384

    Collision global reduction skipped (rank 0 local diagnostics)
    Collisions                      = 1334
    Collision candidates           = 2253
    Collision acceptance rate      = 0.592099423

    Number of DSMC particles        = 5262727
    Number of stuck particles       = 0
    Number of free particles        = 5262727
    Average linear kinetic energy   = 6.041584475e-19
    Average rotational energy       = 5.001562189e-20
    Average vibrational energy      = 2.567259843e-20
    Average electronic energy       = 0
    Total energy                    = 35.77847415

Stage 1.0  ExecutionTime = 176 s  ClockTime = 110 s  Iteration 960 (0.89 s)

Time = 0.000388

    Collision global reduction skipped (rank 0 local diagnostics)
    Collisions                      = 1302
    Collision candidates           = 2214
    Collision acceptance rate      = 0.5880758808

    Number of DSMC particles        = 5288933
    Number of stuck particles       = 0
    Number of free particles        = 5288933
    Average linear kinetic energy   = 6.022048046e-19
    Average rotational energy       = 5.010295255e-20
    Average vibrational energy      = 2.575198325e-20
    Average electronic energy       = 0
    Total energy                    = 35.86212537

Stage 1.0  ExecutionTime = 178.36 s  ClockTime = 111 s  Iteration 970 (0.91 s)

Time = 0.000392

    Collision global reduction skipped (rank 0 local diagnostics)
    Collisions                      = 1368
    Collision candidates           = 2271
    Collision acceptance rate      = 0.6023778071

    Number of DSMC particles        = 5315028
    Number of stuck particles       = 0
    Number of free particles        = 5315028
    Average linear kinetic energy   = 6.002201884e-19
    Average rotational energy       = 5.017096465e-20
    Average vibrational energy      = 2.58753689e-20
    Average electronic energy       = 0
    Total energy                    = 35.943755

Stage 1.0  ExecutionTime = 180.75 s  ClockTime = 113 s  Iteration 980 (0.94 s)

Time = 0.000396

    Collision global reduction skipped (rank 0 local diagnostics)
    Collisions                      = 1339
    Collision candidates           = 2297
    Collision acceptance rate      = 0.5829342621

    Number of DSMC particles        = 5340998
    Number of stuck particles       = 0
    Number of free particles        = 5340998
    Average linear kinetic energy   = 5.982597025e-19
    Average rotational energy       = 5.02110825e-20
    Average vibrational energy      = 2.596033807e-20
    Average electronic energy       = 0
    Total energy                    = 36.0213528

Stage 1.0  ExecutionTime = 183.12 s  ClockTime = 114 s  Iteration 990 (0.95 s)

Time = 0.0004

    Collision global reduction skipped (rank 0 local diagnostics)
    Collisions                      = 1406
    Collision candidates           = 2354
    Collision acceptance rate      = 0.5972812234


Phase C auto DLB triggered (threshold) at step 1000: sar=0 loadImbalance=1.816886503 threshold=1.5 particleMaxMin=1
Phase C ParMETIS weights: particles=5366382 activeCells=104151 maxCellParticles=190
Phase C ParMETIS: alpha=1 ncon=1 ubvec=[1.05] moveRatio=0.9558193992 (moveT=34.63037556s, collT=1.600711179s)
Phase C ParMETIS: AdaptiveRepart (104151 cells, 1 constraints, ubvec=1.05)
Replicated mesh: rank 0 owns 5080 / 104151 cells
Local mesh: 5080 owned + 202 halo = 5282 / 104151 cells
Phase C ParMETIS AdaptiveRepart: 72239 / 104151 cells changed (0.6935987172)
Phase C auto DLB complete: rebalance #20

    Number of DSMC particles        = 5366382
    Number of stuck particles       = 0
    Number of free particles        = 5366382
    Average linear kinetic energy   = 5.964625397e-19
    Average rotational energy       = 5.024397828e-20
    Average vibrational energy      = 2.606855019e-20
    Average electronic energy       = 0
    Total energy                    = 36.10368016

Stage 1.0  ExecutionTime = 185.79 s  ClockTime = 116 s  Iteration 1000 (1.15 s)

Time = 0.000404

    Collision global reduction skipped (rank 0 local diagnostics)
    Collisions                      = 1378
    Collision candidates           = 2403
    Collision acceptance rate      = 0.5734498543

    Number of DSMC particles        = 5391300
    Number of stuck particles       = 0
    Number of free particles        = 5391300
    Average linear kinetic energy   = 5.947735646e-19
    Average rotational energy       = 5.02714783e-20
    Average vibrational energy      = 2.616305385e-20
    Average electronic energy       = 0
    Total energy                    = 36.18684212

Stage 1.0  ExecutionTime = 188.16 s  ClockTime = 117 s  Iteration 1010 (0.89 s)

Time = 0.000408

    Collision global reduction skipped (rank 0 local diagnostics)
    Collisions                      = 1376
    Collision candidates           = 2410
    Collision acceptance rate      = 0.5709543568

    Number of DSMC particles        = 5416996
    Number of stuck particles       = 0
    Number of free particles        = 5416996
    Average linear kinetic energy   = 5.930010382e-19
    Average rotational energy       = 5.035424643e-20
    Average vibrational energy      = 2.625614401e-20
    Average electronic energy       = 0
    Total energy                    = 36.27282431

Stage 1.0  ExecutionTime = 190.59 s  ClockTime = 119 s  Iteration 1020 (0.87 s)

Time = 0.000412

    Collision global reduction skipped (rank 0 local diagnostics)
    Collisions                      = 1415
    Collision candidates           = 2411
    Collision acceptance rate      = 0.5868934052

    Number of DSMC particles        = 5442358
    Number of stuck particles       = 0
    Number of free particles        = 5442358
    Average linear kinetic energy   = 5.91143063e-19
    Average rotational energy       = 5.040531634e-20
    Average vibrational energy      = 2.634278834e-20
    Average electronic energy       = 0
    Total energy                    = 36.34902839

Stage 1.0  ExecutionTime = 193.05 s  ClockTime = 120 s  Iteration 1030 (0.87 s)

Time = 0.000416

    Collision global reduction skipped (rank 0 local diagnostics)
    Collisions                      = 1356
    Collision candidates           = 2439
    Collision acceptance rate      = 0.5559655597

    Number of DSMC particles        = 5467514
    Number of stuck particles       = 0
    Number of free particles        = 5467514
    Average linear kinetic energy   = 5.893621905e-19
    Average rotational energy       = 5.045503553e-20
    Average vibrational energy      = 2.643591998e-20
    Average electronic energy       = 0
    Total energy                    = 36.42748403

Stage 1.0  ExecutionTime = 195.55 s  ClockTime = 121 s  Iteration 1040 (0.91 s)

Time = 0.00042

    Collision global reduction skipped (rank 0 local diagnostics)
    Collisions                      = 1412
    Collision candidates           = 2554
    Collision acceptance rate      = 0.5528582616


Phase C auto DLB triggered (threshold) at step 1050: sar=0 loadImbalance=1.69225671 threshold=1.5 particleMaxMin=1
Phase C ParMETIS weights: particles=5492515 activeCells=104148 maxCellParticles=192
Phase C ParMETIS: alpha=1 ncon=1 ubvec=[1.05] moveRatio=0.9558990531 (moveT=37.34652011s, collT=1.723002963s)
Phase C ParMETIS: AdaptiveRepart (104151 cells, 1 constraints, ubvec=1.05)
Replicated mesh: rank 0 owns 5080 / 104151 cells
Local mesh: 5080 owned + 202 halo = 5282 / 104151 cells
Phase C ParMETIS AdaptiveRepart: 13448 / 104151 cells changed (0.1291202197)
Phase C auto DLB complete: rebalance #21

    Number of DSMC particles        = 5492515
    Number of stuck particles       = 0
    Number of free particles        = 5492515
    Average linear kinetic energy   = 5.875407314e-19
    Average rotational energy       = 5.048149272e-20
    Average vibrational energy      = 2.653206496e-20
    Average electronic energy       = 0
    Total energy                    = 36.50074401

Stage 1.0  ExecutionTime = 198.21 s  ClockTime = 123 s  Iteration 1050 (1.15 s)

Time = 0.000424

    Collision global reduction skipped (rank 0 local diagnostics)
    Collisions                      = 1423
    Collision candidates           = 2491
    Collision acceptance rate      = 0.5712565235

    Number of DSMC particles        = 5517637
    Number of stuck particles       = 0
    Number of free particles        = 5517637
    Average linear kinetic energy   = 5.85816059e-19
    Average rotational energy       = 5.050225221e-20
    Average vibrational energy      = 2.661158845e-20
    Average electronic energy       = 0
    Total energy                    = 36.57806543

Stage 1.0  ExecutionTime = 200.69 s  ClockTime = 125 s  Iteration 1060 (0.97 s)

Time = 0.000428

    Collision global reduction skipped (rank 0 local diagnostics)
    Collisions                      = 1340
    Collision candidates           = 2489
    Collision acceptance rate      = 0.5383688228

    Number of DSMC particles        = 5542333
    Number of stuck particles       = 0
    Number of free particles        = 5542333
    Average linear kinetic energy   = 5.840752318e-19
    Average rotational energy       = 5.061595892e-20
    Average vibrational energy      = 2.671493562e-20
    Average electronic energy       = 0
    Total energy                    = 36.65733

Stage 1.0  ExecutionTime = 203.25 s  ClockTime = 126 s  Iteration 1070 (0.97 s)

Time = 0.000432

    Collision global reduction skipped (rank 0 local diagnostics)
    Collisions                      = 1377
    Collision candidates           = 2547
    Collision acceptance rate      = 0.5406360424

    Number of DSMC particles        = 5566703
    Number of stuck particles       = 0
    Number of free particles        = 5566703
    Average linear kinetic energy   = 5.823930073e-19
    Average rotational energy       = 5.058819637e-20
    Average vibrational energy      = 2.681150042e-20
    Average electronic energy       = 0
    Total energy                    = 36.72870025

Stage 1.0  ExecutionTime = 205.83 s  ClockTime = 128 s  Iteration 1080 (0.95 s)

Time = 0.000436

    Collision global reduction skipped (rank 0 local diagnostics)
    Collisions                      = 1395
    Collision candidates           = 2535
    Collision acceptance rate      = 0.550295858

    Number of DSMC particles        = 5591266
    Number of stuck particles       = 0
    Number of free particles        = 5591266
    Average linear kinetic energy   = 5.807355338e-19
    Average rotational energy       = 5.062251992e-20
    Average vibrational energy      = 2.688953133e-20
    Average electronic energy       = 0
    Total energy                    = 36.80437342

Stage 1.0  ExecutionTime = 208.47 s  ClockTime = 129 s  Iteration 1090 (0.94 s)

Time = 0.00044

    Collision global reduction skipped (rank 0 local diagnostics)
    Collisions                      = 1331
    Collision candidates           = 2504
    Collision acceptance rate      = 0.5315495208


Phase C auto DLB triggered (threshold) at step 1100: sar=0 loadImbalance=1.745104326 threshold=1.5 particleMaxMin=1
Phase C ParMETIS weights: particles=5615566 activeCells=104151 maxCellParticles=209
Phase C ParMETIS: alpha=1 ncon=1 ubvec=[1.05] moveRatio=0.9559351502 (moveT=40.14838606s, collT=1.850682654s)
Phase C ParMETIS: AdaptiveRepart (104151 cells, 1 constraints, ubvec=1.05)
Replicated mesh: rank 0 owns 6611 / 104151 cells
Local mesh: 6611 owned + 229 halo = 6840 / 104151 cells
Phase C ParMETIS AdaptiveRepart: 82196 / 104151 cells changed (0.7892002957)
Phase C auto DLB complete: rebalance #22

    Number of DSMC particles        = 5615566
    Number of stuck particles       = 0
    Number of free particles        = 5615566
    Average linear kinetic energy   = 5.7914122e-19
    Average rotational energy       = 5.062788163e-20
    Average vibrational energy      = 2.698242918e-20
    Average electronic energy       = 0
    Total energy                    = 36.88031567

Stage 1.0  ExecutionTime = 211.34 s  ClockTime = 131 s  Iteration 1100 (1.15 s)

Time = 0.000444

    Collision global reduction skipped (rank 0 local diagnostics)
    Collisions                      = 1505
    Collision candidates           = 2033
    Collision acceptance rate      = 0.7402852927

    Number of DSMC particles        = 5638986
    Number of stuck particles       = 0
    Number of free particles        = 5638986
    Average linear kinetic energy   = 5.778237291e-19
    Average rotational energy       = 5.05758424e-20
    Average vibrational energy      = 2.70198676e-20
    Average electronic energy       = 0
    Total energy                    = 36.95901041

Stage 1.0  ExecutionTime = 213.75 s  ClockTime = 133 s  Iteration 1110 (1.02 s)

Time = 0.000448

    Collision global reduction skipped (rank 0 local diagnostics)
    Collisions                      = 1552
    Collision candidates           = 2145
    Collision acceptance rate      = 0.7235431235

    Number of DSMC particles        = 5663184
    Number of stuck particles       = 0
    Number of free particles        = 5663184
    Average linear kinetic energy   = 5.761897581e-19
    Average rotational energy       = 5.060575772e-20
    Average vibrational energy      = 2.710585092e-20
    Average electronic energy       = 0
    Total energy                    = 37.03163758

Stage 1.0  ExecutionTime = 216.25 s  ClockTime = 134 s  Iteration 1120 (1.03 s)

Time = 0.000452

    Collision global reduction skipped (rank 0 local diagnostics)
    Collisions                      = 1560
    Collision candidates           = 2224
    Collision acceptance rate      = 0.7014388489

    Number of DSMC particles        = 5687306
    Number of stuck particles       = 0
    Number of free particles        = 5687306
    Average linear kinetic energy   = 5.745804666e-19
    Average rotational energy       = 5.068524834e-20
    Average vibrational energy      = 2.717229051e-20
    Average electronic energy       = 0
    Total energy                    = 37.10614583

Stage 1.0  ExecutionTime = 218.72 s  ClockTime = 136 s  Iteration 1130 (1.05 s)

Time = 0.000456

    Collision global reduction skipped (rank 0 local diagnostics)
    Collisions                      = 1547
    Collision candidates           = 2319
    Collision acceptance rate      = 0.667097887

    Number of DSMC particles        = 5710597
    Number of stuck particles       = 0
    Number of free particles        = 5710597
    Average linear kinetic energy   = 5.730290836e-19
    Average rotational energy       = 5.074423821e-20
    Average vibrational energy      = 2.723330503e-20
    Average electronic energy       = 0
    Total energy                    = 37.1763649

Stage 1.0  ExecutionTime = 221.29 s  ClockTime = 137 s  Iteration 1140 (1.01 s)

Time = 0.00046

    Collision global reduction skipped (rank 0 local diagnostics)
    Collisions                      = 1514
    Collision candidates           = 2291
    Collision acceptance rate      = 0.6608467918


Phase C auto DLB triggered (threshold) at step 1150: sar=0 loadImbalance=1.964630542 threshold=1.5 particleMaxMin=1
Phase C ParMETIS weights: particles=5734082 activeCells=104149 maxCellParticles=204
Phase C ParMETIS: alpha=1 ncon=1 ubvec=[1.05] moveRatio=0.9563229454 (moveT=42.727613s, collT=1.951449869s)
Phase C ParMETIS: AdaptiveRepart (104151 cells, 1 constraints, ubvec=1.05)
Replicated mesh: rank 0 owns 6624 / 104151 cells
Local mesh: 6624 owned + 230 halo = 6854 / 104151 cells
Phase C ParMETIS AdaptiveRepart: 78479 / 104151 cells changed (0.7535117282)
Phase C auto DLB complete: rebalance #23

    Number of DSMC particles        = 5734082
    Number of stuck particles       = 0
    Number of free particles        = 5734082
    Average linear kinetic energy   = 5.715206436e-19
    Average rotational energy       = 5.079403557e-20
    Average vibrational energy      = 2.730389132e-20
    Average electronic energy       = 0
    Total energy                    = 37.24966152

Stage 1.0  ExecutionTime = 224.02 s  ClockTime = 139 s  Iteration 1150 (1.26 s)

Time = 0.000464

    Collision global reduction skipped (rank 0 local diagnostics)
    Collisions                      = 1548
    Collision candidates           = 2387
    Collision acceptance rate      = 0.6485127775

    Number of DSMC particles        = 5757247
    Number of stuck particles       = 0
    Number of free particles        = 5757247
    Average linear kinetic energy   = 5.703555754e-19
    Average rotational energy       = 5.074744992e-20
    Average vibrational energy      = 2.736010334e-20
    Average electronic energy       = 0
    Total energy                    = 37.33362402

Stage 1.0  ExecutionTime = 226.29 s  ClockTime = 140 s  Iteration 1160 (0.78 s)

Time = 0.000468

    Collision global reduction skipped (rank 0 local diagnostics)
    Collisions                      = 1546
    Collision candidates           = 2426
    Collision acceptance rate      = 0.6372629843

    Number of DSMC particles        = 5781033
    Number of stuck particles       = 0
    Number of free particles        = 5781033
    Average linear kinetic energy   = 5.687796615e-19
    Average rotational energy       = 5.08220181e-20
    Average vibrational energy      = 2.74061729e-20
    Average electronic energy       = 0
    Total energy                    = 37.40373747

Stage 1.0  ExecutionTime = 228.63 s  ClockTime = 141 s  Iteration 1170 (0.81 s)

Time = 0.000472

    Collision global reduction skipped (rank 0 local diagnostics)
    Collisions                      = 1598
    Collision candidates           = 2455
    Collision acceptance rate      = 0.6509164969

    Number of DSMC particles        = 5803704
    Number of stuck particles       = 0
    Number of free particles        = 5803704
    Average linear kinetic energy   = 5.672685056e-19
    Average rotational energy       = 5.088147299e-20
    Average vibrational energy      = 2.746449979e-20
    Average electronic energy       = 0
    Total energy                    = 37.4695533

Stage 1.0  ExecutionTime = 231.01 s  ClockTime = 143 s  Iteration 1180 (0.8 s)

Time = 0.000476

    Collision global reduction skipped (rank 0 local diagnostics)
    Collisions                      = 1550
    Collision candidates           = 2500
    Collision acceptance rate      = 0.62

    Number of DSMC particles        = 5826661
    Number of stuck particles       = 0
    Number of free particles        = 5826661
    Average linear kinetic energy   = 5.657802298e-19
    Average rotational energy       = 5.092754818e-20
    Average vibrational energy      = 2.752745364e-20
    Average electronic energy       = 0
    Total energy                    = 37.53740299

Stage 1.0  ExecutionTime = 233.44 s  ClockTime = 144 s  Iteration 1190 (0.8 s)

Time = 0.00048

    Collision global reduction skipped (rank 0 local diagnostics)
    Collisions                      = 1562
    Collision candidates           = 2550
    Collision acceptance rate      = 0.6125490196


Phase C auto DLB triggered (threshold) at step 1200: sar=0 loadImbalance=1.616529468 threshold=1.5 particleMaxMin=1
Phase C ParMETIS weights: particles=5849244 activeCells=104149 maxCellParticles=211
Phase C ParMETIS: alpha=1 ncon=1 ubvec=[1.05] moveRatio=0.9565182681 (moveT=45.48390543s, collT=2.067622802s)
Phase C ParMETIS: AdaptiveRepart (104151 cells, 1 constraints, ubvec=1.05)
Replicated mesh: rank 0 owns 6624 / 104151 cells
Local mesh: 6624 owned + 230 halo = 6854 / 104151 cells
Phase C ParMETIS AdaptiveRepart: 15533 / 104151 cells changed (0.1491392305)
Phase C auto DLB complete: rebalance #24

    Number of DSMC particles        = 5849244
    Number of stuck particles       = 0
    Number of free particles        = 5849244
    Average linear kinetic energy   = 5.643084549e-19
    Average rotational energy       = 5.099067898e-20
    Average vibrational energy      = 2.758905318e-20
    Average electronic energy       = 0
    Total energy                    = 37.60409871

Stage 1.0  ExecutionTime = 236.05 s  ClockTime = 146 s  Iteration 1200 (0.98 s)

Time = 0.000484

    Collision global reduction skipped (rank 0 local diagnostics)
    Collisions                      = 1529
    Collision candidates           = 2543
    Collision acceptance rate      = 0.6012583563

    Number of DSMC particles        = 5871440
    Number of stuck particles       = 0
    Number of free particles        = 5871440
    Average linear kinetic energy   = 5.628851712e-19
    Average rotational energy       = 5.099341752e-20
    Average vibrational energy      = 2.763005099e-20
    Average electronic energy       = 0
    Total energy                    = 37.66579487

Stage 1.0  ExecutionTime = 238.45 s  ClockTime = 147 s  Iteration 1210 (0.87 s)

Time = 0.000488

    Collision global reduction skipped (rank 0 local diagnostics)
    Collisions                      = 1562
    Collision candidates           = 2635
    Collision acceptance rate      = 0.5927893738

    Number of DSMC particles        = 5893798
    Number of stuck particles       = 0
    Number of free particles        = 5893798
    Average linear kinetic energy   = 5.614067986e-19
    Average rotational energy       = 5.106457764e-20
    Average vibrational energy      = 2.769459646e-20
    Average electronic energy       = 0
    Total energy                    = 37.73008929

Stage 1.0  ExecutionTime = 241 s  ClockTime = 149 s  Iteration 1220 (0.88 s)

Time = 0.000492

    Collision global reduction skipped (rank 0 local diagnostics)
    Collisions                      = 1562
    Collision candidates           = 2691
    Collision acceptance rate      = 0.5804533631

    Number of DSMC particles        = 5916044
    Number of stuck particles       = 0
    Number of free particles        = 5916044
    Average linear kinetic energy   = 5.600782365e-19
    Average rotational energy       = 5.106763764e-20
    Average vibrational energy      = 2.775018028e-20
    Average electronic energy       = 0
    Total energy                    = 37.7973717

Stage 1.0  ExecutionTime = 243.68 s  ClockTime = 150 s  Iteration 1230 (0.85 s)

Time = 0.000496

    Collision global reduction skipped (rank 0 local diagnostics)
    Collisions                      = 1523
    Collision candidates           = 2667
    Collision acceptance rate      = 0.5710536183

    Number of DSMC particles        = 5938261
    Number of stuck particles       = 0
    Number of free particles        = 5938261
    Average linear kinetic energy   = 5.587092688e-19
    Average rotational energy       = 5.1087079e-20
    Average vibrational energy      = 2.779003087e-20
    Average electronic energy       = 0
    Total energy                    = 37.86154327

Stage 1.0  ExecutionTime = 246.38 s  ClockTime = 152 s  Iteration 1240 (0.9 s)

Time = 0.0005

    Collision global reduction skipped (rank 0 local diagnostics)
    Collisions                      = 1564
    Collision candidates           = 2694
    Collision acceptance rate      = 0.580549369


Phase C auto DLB triggered (threshold) at step 1250: sar=0 loadImbalance=1.637805308 threshold=1.5 particleMaxMin=1
Phase C ParMETIS weights: particles=5960968 activeCells=104148 maxCellParticles=217
Phase C ParMETIS: alpha=1 ncon=1 ubvec=[1.05] moveRatio=0.9568375878 (moveT=48.45547888s, collT=2.185799743s)
Phase C ParMETIS: AdaptiveRepart (104151 cells, 1 constraints, ubvec=1.05)
Replicated mesh: rank 0 owns 6968 / 104151 cells
Local mesh: 6968 owned + 241 halo = 7209 / 104151 cells
Phase C ParMETIS AdaptiveRepart: 81846 / 104151 cells changed (0.7858397903)
Phase C auto DLB complete: rebalance #25

    Number of DSMC particles        = 5960968
    Number of stuck particles       = 0
    Number of free particles        = 5960968
    Average linear kinetic energy   = 5.574057044e-19
    Average rotational energy       = 5.111729879e-20
    Average vibrational energy      = 2.783693049e-20
    Average electronic energy       = 0
    Total energy                    = 37.93321201
Replicated mesh: wrote gathered cloud on rank0 at output time 0.0005 with 5960968 parcels
Written cellOwner field at output time 0.0005
Replicated mesh output timing:
    gather parcels [s]       = 0.96
    rank0 write [s]           = 14.22
    migrate-back [s]          = 0.61


Stage 1.0  ExecutionTime = 270.34 s  ClockTime = 186 s  Iteration 1250 (22.28 s)

    Maximum imbalance = 4.936513667%

Time = 0.000504

    Collision global reduction skipped (rank 0 local diagnostics)
    Collisions                      = 1588
    Collision candidates           = 2783
    Collision acceptance rate      = 0.5706072584

    Number of DSMC particles        = 5981866
    Number of stuck particles       = 0
    Number of free particles        = 5981866
    Average linear kinetic energy   = 5.563731726e-19
    Average rotational energy       = 5.107656365e-20
    Average vibrational energy      = 2.785982137e-20
    Average electronic energy       = 0
    Total energy                    = 38.00336642

Stage 1.0  ExecutionTime = 272.86 s  ClockTime = 187 s  Iteration 1260 (0.42 s)

Time = 0.000508

    Collision global reduction skipped (rank 0 local diagnostics)
    Collisions                      = 1685
    Collision candidates           = 2926
    Collision acceptance rate      = 0.5758714969

    Number of DSMC particles        = 6003702
    Number of stuck particles       = 0
    Number of free particles        = 6003702
    Average linear kinetic energy   = 5.549216431e-19
    Average rotational energy       = 5.114801079e-20
    Average vibrational energy      = 2.791779153e-20
    Average electronic energy       = 0
    Total energy                    = 38.06271694

Stage 1.0  ExecutionTime = 275.36 s  ClockTime = 188 s  Iteration 1270 (0.6 s)

Time = 0.000512

    Collision global reduction skipped (rank 0 local diagnostics)
    Collisions                      = 1627
    Collision candidates           = 2899
    Collision acceptance rate      = 0.5612280097

    Number of DSMC particles        = 6025055
    Number of stuck particles       = 0
    Number of free particles        = 6025055
    Average linear kinetic energy   = 5.535157942e-19
    Average rotational energy       = 5.123163995e-20
    Average vibrational energy      = 2.797160963e-20
    Average electronic energy       = 0
    Total energy                    = 38.12167039

Stage 1.0  ExecutionTime = 277.91 s  ClockTime = 190 s  Iteration 1280 (0.59 s)

Time = 0.000516

    Collision global reduction skipped (rank 0 local diagnostics)
    Collisions                      = 1635
    Collision candidates           = 2923
    Collision acceptance rate      = 0.5593568252

    Number of DSMC particles        = 6046536
    Number of stuck particles       = 0
    Number of free particles        = 6046536
    Average linear kinetic energy   = 5.52145619e-19
    Average rotational energy       = 5.124904932e-20
    Average vibrational energy      = 2.804869182e-20
    Average electronic energy       = 0
    Total energy                    = 38.18045009

Stage 1.0  ExecutionTime = 280.51 s  ClockTime = 191 s  Iteration 1290 (0.65 s)

Time = 0.00052

    Collision global reduction skipped (rank 0 local diagnostics)
    Collisions                      = 1618
    Collision candidates           = 3004
    Collision acceptance rate      = 0.5386151798


Phase C auto DLB triggered (threshold) at step 1300: sar=0 loadImbalance=8.545190845e+15 threshold=1.5 particleMaxMin=1
Phase C ParMETIS weights: particles=6067812 activeCells=104151 maxCellParticles=221
Phase C ParMETIS: alpha=1 ncon=1 ubvec=[1.05] moveRatio=0.957224293 (moveT=51.88556151s, collT=2.318622287s)
Phase C ParMETIS: AdaptiveRepart (104151 cells, 1 constraints, ubvec=1.05)
Replicated mesh: rank 0 owns 6972 / 104151 cells
Local mesh: 6972 owned + 241 halo = 7213 / 104151 cells
Phase C ParMETIS AdaptiveRepart: 43608 / 104151 cells changed (0.4186997724)
Phase C auto DLB complete: rebalance #26

    Number of DSMC particles        = 6067812
    Number of stuck particles       = 0
    Number of free particles        = 6067812
    Average linear kinetic energy   = 5.508447351e-19
    Average rotational energy       = 5.124431928e-20
    Average vibrational energy      = 2.811504293e-20
    Average electronic energy       = 0
    Total energy                    = 38.23959984

Stage 1.0  ExecutionTime = 283.38 s  ClockTime = 193 s  Iteration 1300 (0.83 s)

Time = 0.000524

    Collision global reduction skipped (rank 0 local diagnostics)
    Collisions                      = 1617
    Collision candidates           = 2988
    Collision acceptance rate      = 0.5411646586

    Number of DSMC particles        = 6088974
    Number of stuck particles       = 0
    Number of free particles        = 6088974
    Average linear kinetic energy   = 5.497427293e-19
    Average rotational energy       = 5.11760554e-20
    Average vibrational energy      = 2.815118365e-20
    Average electronic energy       = 0
    Total energy                    = 38.30390682

Stage 1.0  ExecutionTime = 286.03 s  ClockTime = 194 s  Iteration 1310 (0.71 s)

Time = 0.000528

    Collision global reduction skipped (rank 0 local diagnostics)
    Collisions                      = 1653
    Collision candidates           = 3103
    Collision acceptance rate      = 0.5327102804

    Number of DSMC particles        = 6109818
    Number of stuck particles       = 0
    Number of free particles        = 6109818
    Average linear kinetic energy   = 5.484649805e-19
    Average rotational energy       = 5.123035576e-20
    Average vibrational energy      = 2.819054366e-20
    Average electronic energy       = 0
    Total energy                    = 38.36268451

Stage 1.0  ExecutionTime = 288.83 s  ClockTime = 195 s  Iteration 1320 (0.66 s)

Time = 0.000532

    Collision global reduction skipped (rank 0 local diagnostics)
    Collisions                      = 1642
    Collision candidates           = 3100
    Collision acceptance rate      = 0.5296774194

    Number of DSMC particles        = 6130808
    Number of stuck particles       = 0
    Number of free particles        = 6130808
    Average linear kinetic energy   = 5.471810676e-19
    Average rotational energy       = 5.126468541e-20
    Average vibrational energy      = 2.825229192e-20
    Average electronic energy       = 0
    Total energy                    = 38.42165387

Stage 1.0  ExecutionTime = 291.72 s  ClockTime = 197 s  Iteration 1330 (0.68 s)

Time = 0.000536

    Collision global reduction skipped (rank 0 local diagnostics)
    Collisions                      = 1657
    Collision candidates           = 3149
    Collision acceptance rate      = 0.5261987933

    Number of DSMC particles        = 6151645
    Number of stuck particles       = 0
    Number of free particles        = 6151645
    Average linear kinetic energy   = 5.459237926e-19
    Average rotational energy       = 5.133013515e-20
    Average vibrational energy      = 2.830926356e-20
    Average electronic energy       = 0
    Total energy                    = 38.48242678

Stage 1.0  ExecutionTime = 294.48 s  ClockTime = 198 s  Iteration 1340 (0.8 s)

Time = 0.00054

    Collision global reduction skipped (rank 0 local diagnostics)
    Collisions                      = 1654
    Collision candidates           = 3202
    Collision acceptance rate      = 0.5165521549


Phase C auto DLB triggered (threshold) at step 1350: sar=0 loadImbalance=1.647906596 threshold=1.5 particleMaxMin=1
Phase C ParMETIS weights: particles=6172323 activeCells=104150 maxCellParticles=214
Phase C ParMETIS: alpha=1 ncon=1 ubvec=[1.05] moveRatio=0.9576639418 (moveT=55.49400659s, collT=2.453258799s)
Phase C ParMETIS: AdaptiveRepart (104151 cells, 1 constraints, ubvec=1.05)
Replicated mesh: rank 0 owns 6972 / 104151 cells
Local mesh: 6972 owned + 241 halo = 7213 / 104151 cells
Phase C ParMETIS AdaptiveRepart: 69 / 104151 cells changed (0.0006624996399)
Phase C auto DLB complete: rebalance #27

    Number of DSMC particles        = 6172323
    Number of stuck particles       = 0
    Number of free particles        = 6172323
    Average linear kinetic energy   = 5.447817271e-19
    Average rotational energy       = 5.132556661e-20
    Average vibrational energy      = 2.837205391e-20
    Average electronic energy       = 0
    Total energy                    = 38.5448824

Stage 1.0  ExecutionTime = 297.55 s  ClockTime = 200 s  Iteration 1350 (0.86 s)

Time = 0.000544

    Collision global reduction skipped (rank 0 local diagnostics)
    Collisions                      = 1648
    Collision candidates           = 3226
    Collision acceptance rate      = 0.510849349

    Number of DSMC particles        = 6192625
    Number of stuck particles       = 0
    Number of free particles        = 6192625
    Average linear kinetic energy   = 5.435722192e-19
    Average rotational energy       = 5.133549417e-20
    Average vibrational energy      = 2.84106102e-20
    Average electronic energy       = 0
    Total energy                    = 38.59976633

Stage 1.0  ExecutionTime = 300.48 s  ClockTime = 202 s  Iteration 1360 (0.78 s)

Time = 0.000548

    Collision global reduction skipped (rank 0 local diagnostics)
    Collisions                      = 1657
    Collision candidates           = 3253
    Collision acceptance rate      = 0.5093759607

    Number of DSMC particles        = 6213491
    Number of stuck particles       = 0
    Number of free particles        = 6213491
    Average linear kinetic energy   = 5.424098665e-19
    Average rotational energy       = 5.131142918e-20
    Average vibrational energy      = 2.845761178e-20
    Average electronic energy       = 0
    Total energy                    = 38.65903042

Stage 1.0  ExecutionTime = 303.42 s  ClockTime = 203 s  Iteration 1370 (0.86 s)

Time = 0.000552

    Collision global reduction skipped (rank 0 local diagnostics)
    Collisions                      = 1617
    Collision candidates           = 3224
    Collision acceptance rate      = 0.5015508685

    Number of DSMC particles        = 6234035
    Number of stuck particles       = 0
    Number of free particles        = 6234035
    Average linear kinetic energy   = 5.412193067e-19
    Average rotational energy       = 5.134828003e-20
    Average vibrational energy      = 2.852061301e-20
    Average electronic energy       = 0
    Total energy                    = 38.71885575

Stage 1.0  ExecutionTime = 306.37 s  ClockTime = 205 s  Iteration 1380 (0.81 s)

Time = 0.000556

    Collision global reduction skipped (rank 0 local diagnostics)
    Collisions                      = 1650
    Collision candidates           = 3293
    Collision acceptance rate      = 0.5010628606

    Number of DSMC particles        = 6254529
    Number of stuck particles       = 0
    Number of free particles        = 6254529
    Average linear kinetic energy   = 5.399510919e-19
    Average rotational energy       = 5.140620061e-20
    Average vibrational energy      = 2.854905976e-20
    Average electronic energy       = 0
    Total energy                    = 38.77222257

Stage 1.0  ExecutionTime = 309.4 s  ClockTime = 207 s  Iteration 1390 (0.89 s)

Time = 0.00056

    Collision global reduction skipped (rank 0 local diagnostics)
    Collisions                      = 1674
    Collision candidates           = 3307
    Collision acceptance rate      = 0.5061989719


Phase C auto DLB triggered (threshold) at step 1400: sar=0 loadImbalance=1.59194644 threshold=1.5 particleMaxMin=1
Phase C ParMETIS weights: particles=6274386 activeCells=104148 maxCellParticles=232
Phase C ParMETIS: alpha=1 ncon=1 ubvec=[1.05] moveRatio=0.9580391338 (moveT=59.16335046s, collT=2.591277689s)
Phase C ParMETIS: AdaptiveRepart (104151 cells, 1 constraints, ubvec=1.05)
Replicated mesh: rank 0 owns 7330 / 104151 cells
Local mesh: 7330 owned + 250 halo = 7580 / 104151 cells
Phase C ParMETIS AdaptiveRepart: 83148 / 104151 cells changed (0.7983408705)
Phase C auto DLB complete: rebalance #28

    Number of DSMC particles        = 6274386
    Number of stuck particles       = 0
    Number of free particles        = 6274386
    Average linear kinetic energy   = 5.388414974e-19
    Average rotational energy       = 5.138709259e-20
    Average vibrational energy      = 2.858453832e-20
    Average electronic energy       = 0
    Total energy                    = 38.82672429

Stage 1.0  ExecutionTime = 312.72 s  ClockTime = 209 s  Iteration 1400 (1.11 s)

Time = 0.000564

    Collision global reduction skipped (rank 0 local diagnostics)
    Collisions                      = 1719
    Collision candidates           = 3512
    Collision acceptance rate      = 0.4894646925

    Number of DSMC particles        = 6294172
    Number of stuck particles       = 0
    Number of free particles        = 6294172
    Average linear kinetic energy   = 5.37733746e-19
    Average rotational energy       = 5.142365858e-20
    Average vibrational energy      = 2.860555863e-20
    Average electronic energy       = 0
    Total energy                    = 38.88306346

Stage 1.0  ExecutionTime = 315.69 s  ClockTime = 210 s  Iteration 1410 (0.7 s)

Time = 0.000568

    Collision global reduction skipped (rank 0 local diagnostics)
    Collisions                      = 1766
    Collision candidates           = 3539
    Collision acceptance rate      = 0.4990110201

    Number of DSMC particles        = 6314003
    Number of stuck particles       = 0
    Number of free particles        = 6314003
    Average linear kinetic energy   = 5.365867345e-19
    Average rotational energy       = 5.144128318e-20
    Average vibrational energy      = 2.864522342e-20
    Average electronic energy       = 0
    Total energy                    = 38.93676694

Stage 1.0  ExecutionTime = 318.75 s  ClockTime = 212 s  Iteration 1420 (0.71 s)

Time = 0.000572

    Collision global reduction skipped (rank 0 local diagnostics)
    Collisions                      = 1763
    Collision candidates           = 3572
    Collision acceptance rate      = 0.4935610302

    Number of DSMC particles        = 6333794
    Number of stuck particles       = 0
    Number of free particles        = 6333794
    Average linear kinetic energy   = 5.35395919e-19
    Average rotational energy       = 5.143288313e-20
    Average vibrational energy      = 2.869844688e-20
    Average electronic energy       = 0
    Total energy                    = 38.98622796

Stage 1.0  ExecutionTime = 321.78 s  ClockTime = 213 s  Iteration 1430 (0.79 s)

Time = 0.000576

    Collision global reduction skipped (rank 0 local diagnostics)
    Collisions                      = 1768
    Collision candidates           = 3609
    Collision acceptance rate      = 0.4898863951

    Number of DSMC particles        = 6353068
    Number of stuck particles       = 0
    Number of free particles        = 6353068
    Average linear kinetic energy   = 5.343263724e-19
    Average rotational energy       = 5.146257415e-20
    Average vibrational energy      = 2.873795289e-20
    Average electronic energy       = 0
    Total energy                    = 39.0413118

Stage 1.0  ExecutionTime = 324.82 s  ClockTime = 215 s  Iteration 1440 (0.77 s)

Time = 0.00058

    Collision global reduction skipped (rank 0 local diagnostics)
    Collisions                      = 1729
    Collision candidates           = 3694
    Collision acceptance rate      = 0.4680563075


Phase C auto DLB triggered (threshold) at step 1450: sar=0 loadImbalance=1.642038438 threshold=1.5 particleMaxMin=1
Phase C ParMETIS weights: particles=6371716 activeCells=104149 maxCellParticles=224
Phase C ParMETIS: alpha=1 ncon=1 ubvec=[1.05] moveRatio=0.9583576699 (moveT=63.08697741s, collT=2.741240375s)
Phase C ParMETIS: AdaptiveRepart (104151 cells, 1 constraints, ubvec=1.05)
Replicated mesh: rank 0 owns 7318 / 104151 cells
Local mesh: 7318 owned + 248 halo = 7566 / 104151 cells
Phase C ParMETIS AdaptiveRepart: 199 / 104151 cells changed (0.001910687367)
Phase C auto DLB complete: rebalance #29

    Number of DSMC particles        = 6371716
    Number of stuck particles       = 0
    Number of free particles        = 6371716
    Average linear kinetic energy   = 5.332228699e-19
    Average rotational energy       = 5.147544371e-20
    Average vibrational energy      = 2.877785988e-20
    Average electronic energy       = 0
    Total energy                    = 39.0889595

Stage 1.0  ExecutionTime = 328.11 s  ClockTime = 217 s  Iteration 1450 (0.88 s)

Time = 0.000584

    Collision global reduction skipped (rank 0 local diagnostics)
    Collisions                      = 1611
    Collision candidates           = 3578
    Collision acceptance rate      = 0.4502515372

    Number of DSMC particles        = 6390801
    Number of stuck particles       = 0
    Number of free particles        = 6390801
    Average linear kinetic energy   = 5.322192845e-19
    Average rotational energy       = 5.141797631e-20
    Average vibrational energy      = 2.881422571e-20
    Average electronic energy       = 0
    Total energy                    = 39.14055573

Stage 1.0  ExecutionTime = 331.28 s  ClockTime = 218 s  Iteration 1460 (0.72 s)

Time = 0.000588

    Collision global reduction skipped (rank 0 local diagnostics)
    Collisions                      = 1696
    Collision candidates           = 3627
    Collision acceptance rate      = 0.4676040805

    Number of DSMC particles        = 6410207
    Number of stuck particles       = 0
    Number of free particles        = 6410207
    Average linear kinetic energy   = 5.310806807e-19
    Average rotational energy       = 5.143790844e-20
    Average vibrational energy      = 2.885808684e-20
    Average electronic energy       = 0
    Total energy                    = 39.19051048

Stage 1.0  ExecutionTime = 334.36 s  ClockTime = 220 s  Iteration 1470 (0.83 s)

Time = 0.000592

    Collision global reduction skipped (rank 0 local diagnostics)
    Collisions                      = 1685
    Collision candidates           = 3696
    Collision acceptance rate      = 0.4558982684

    Number of DSMC particles        = 6429430
    Number of stuck particles       = 0
    Number of free particles        = 6429430
    Average linear kinetic energy   = 5.300816952e-19
    Average rotational energy       = 5.142220533e-20
    Average vibrational energy      = 2.889327929e-20
    Average electronic energy       = 0
    Total energy                    = 39.2450594

Stage 1.0  ExecutionTime = 337.49 s  ClockTime = 222 s  Iteration 1480 (0.85 s)

Time = 0.000596

    Collision global reduction skipped (rank 0 local diagnostics)
    Collisions                      = 1687
    Collision candidates           = 3707
    Collision acceptance rate      = 0.4550849744

    Number of DSMC particles        = 6448471
    Number of stuck particles       = 0
    Number of free particles        = 6448471
    Average linear kinetic energy   = 5.289804327e-19
    Average rotational energy       = 5.145397986e-20
    Average vibrational energy      = 2.893700979e-20
    Average electronic energy       = 0
    Total energy                    = 39.29513945

Stage 1.0  ExecutionTime = 340.66 s  ClockTime = 224 s  Iteration 1490 (0.83 s)

Time = 0.0006

    Collision global reduction skipped (rank 0 local diagnostics)
    Collisions                      = 1765
    Collision candidates           = 3817
    Collision acceptance rate      = 0.4624050301

    Number of DSMC particles        = 6467474
    Number of stuck particles       = 0
    Number of free particles        = 6467474
    Average linear kinetic energy   = 5.279214029e-19
    Average rotational energy       = 5.144659987e-20
    Average vibrational energy      = 2.898289786e-20
    Average electronic energy       = 0
    Total energy                    = 39.34493633

Stage 1.0  ExecutionTime = 343.81 s  ClockTime = 225 s  Iteration 1500 (0.9 s)

Time = 0.000604

    Collision global reduction skipped (rank 0 local diagnostics)
    Collisions                      = 1718
    Collision candidates           = 3763
    Collision acceptance rate      = 0.4565506245

    Number of DSMC particles        = 6486606
    Number of stuck particles       = 0
    Number of free particles        = 6486606
    Average linear kinetic energy   = 5.268624158e-19
    Average rotational energy       = 5.145855396e-20
    Average vibrational energy      = 2.90023336e-20
    Average electronic energy       = 0
    Total energy                    = 39.39466983

Stage 1.0  ExecutionTime = 347.06 s  ClockTime = 227 s  Iteration 1510 (0.83 s)

Time = 0.000608

    Collision global reduction skipped (rank 0 local diagnostics)
    Collisions                      = 1694
    Collision candidates           = 3811
    Collision acceptance rate      = 0.4445027552

    Number of DSMC particles        = 6505260
    Number of stuck particles       = 0
    Number of free particles        = 6505260
    Average linear kinetic energy   = 5.258969978e-19
    Average rotational energy       = 5.143631139e-20
    Average vibrational energy      = 2.902861864e-20
    Average electronic energy       = 0
    Total energy                    = 39.44541995

Stage 1.0  ExecutionTime = 350.25 s  ClockTime = 229 s  Iteration 1520 (0.83 s)

Time = 0.000612

    Collision global reduction skipped (rank 0 local diagnostics)
    Collisions                      = 1771
    Collision candidates           = 3862
    Collision acceptance rate      = 0.4585706888

    Number of DSMC particles        = 6523733
    Number of stuck particles       = 0
    Number of free particles        = 6523733
    Average linear kinetic energy   = 5.248806132e-19
    Average rotational energy       = 5.145143078e-20
    Average vibrational energy      = 2.906685479e-20
    Average electronic energy       = 0
    Total energy                    = 39.49460774

Stage 1.0  ExecutionTime = 353.44 s  ClockTime = 230 s  Iteration 1530 (0.82 s)

Time = 0.000616

    Collision global reduction skipped (rank 0 local diagnostics)
    Collisions                      = 1683
    Collision candidates           = 3812
    Collision acceptance rate      = 0.4415005247

    Number of DSMC particles        = 6542483
    Number of stuck particles       = 0
    Number of free particles        = 6542483
    Average linear kinetic energy   = 5.239345307e-19
    Average rotational energy       = 5.143026175e-20
    Average vibrational energy      = 2.911087705e-20
    Average electronic energy       = 0
    Total energy                    = 39.54771792

Stage 1.0  ExecutionTime = 356.73 s  ClockTime = 232 s  Iteration 1540 (0.8 s)

Time = 0.00062

    Collision global reduction skipped (rank 0 local diagnostics)
    Collisions                      = 1687
    Collision candidates           = 3783
    Collision acceptance rate      = 0.4459423738

    Number of DSMC particles        = 6560760
    Number of stuck particles       = 0
    Number of free particles        = 6560760
    Average linear kinetic energy   = 5.230105084e-19
    Average rotational energy       = 5.138785055e-20
    Average vibrational energy      = 2.914938297e-20
    Average electronic energy       = 0
    Total energy                    = 39.59731883

Stage 1.0  ExecutionTime = 360.06 s  ClockTime = 234 s  Iteration 1550 (0.9 s)

Time = 0.000624

    Collision global reduction skipped (rank 0 local diagnostics)
    Collisions                      = 1707
    Collision candidates           = 3876
    Collision acceptance rate      = 0.4404024768

    Number of DSMC particles        = 6578680
    Number of stuck particles       = 0
    Number of free particles        = 6578680
    Average linear kinetic energy   = 5.220509257e-19
    Average rotational energy       = 5.137399998e-20
    Average vibrational energy      = 2.919143372e-20
    Average electronic energy       = 0
    Total energy                    = 39.64420191

Stage 1.0  ExecutionTime = 363.36 s  ClockTime = 236 s  Iteration 1560 (0.79 s)

Time = 0.000628

    Collision global reduction skipped (rank 0 local diagnostics)
    Collisions                      = 1711
    Collision candidates           = 3833
    Collision acceptance rate      = 0.4463866423

    Number of DSMC particles        = 6595934
    Number of stuck particles       = 0
    Number of free particles        = 6595934
    Average linear kinetic energy   = 5.21069158e-19
    Average rotational energy       = 5.134800879e-20
    Average vibrational energy      = 2.923579242e-20
    Average electronic energy       = 0
    Total energy                    = 39.6846321

Stage 1.0  ExecutionTime = 366.67 s  ClockTime = 237 s  Iteration 1570 (0.84 s)

Time = 0.000632

    Collision global reduction skipped (rank 0 local diagnostics)
    Collisions                      = 1766
    Collision candidates           = 3889
    Collision acceptance rate      = 0.4541013114

    Number of DSMC particles        = 6614159
    Number of stuck particles       = 0
    Number of free particles        = 6614159
    Average linear kinetic energy   = 5.201365522e-19
    Average rotational energy       = 5.138763743e-20
    Average vibrational energy      = 2.925729583e-20
    Average electronic energy       = 0
    Total energy                    = 39.73664269

Stage 1.0  ExecutionTime = 369.94 s  ClockTime = 239 s  Iteration 1580 (0.88 s)

Time = 0.000636

    Collision global reduction skipped (rank 0 local diagnostics)
    Collisions                      = 1723
    Collision candidates           = 3893
    Collision acceptance rate      = 0.4425892628

    Number of DSMC particles        = 6632574
    Number of stuck particles       = 0
    Number of free particles        = 6632574
    Average linear kinetic energy   = 5.192400089e-19
    Average rotational energy       = 5.137966174e-20
    Average vibrational energy      = 2.927647041e-20
    Average electronic energy       = 0
    Total energy                    = 39.78855548

Stage 1.0  ExecutionTime = 373.35 s  ClockTime = 241 s  Iteration 1590 (0.85 s)

Time = 0.00064

    Collision global reduction skipped (rank 0 local diagnostics)
    Collisions                      = 1706
    Collision candidates           = 3858
    Collision acceptance rate      = 0.4421980301


Phase C auto DLB triggered (threshold) at step 1600: sar=-0.9373184708 loadImbalance=1.599048322 threshold=1.5 particleMaxMin=1
Phase C ParMETIS weights: particles=6650125 activeCells=104151 maxCellParticles=246
Phase C ParMETIS: alpha=1 ncon=1 ubvec=[1.05] moveRatio=0.9590116416 (moveT=75.18354585s, collT=3.213360498s)
Phase C ParMETIS: AdaptiveRepart (104151 cells, 1 constraints, ubvec=1.05)
Replicated mesh: rank 0 owns 6459 / 104151 cells
Local mesh: 6459 owned + 227 halo = 6686 / 104151 cells
Phase C ParMETIS AdaptiveRepart: 76922 / 104151 cells changed (0.7385622798)
Phase C auto DLB complete: rebalance #30

    Number of DSMC particles        = 6650125
    Number of stuck particles       = 0
    Number of free particles        = 6650125
    Average linear kinetic energy   = 5.182391149e-19
    Average rotational energy       = 5.142073141e-20
    Average vibrational energy      = 2.930868949e-20
    Average electronic energy       = 0
    Total energy                    = 39.83215634

Stage 1.0  ExecutionTime = 376.98 s  ClockTime = 243 s  Iteration 1600 (1.18 s)

Time = 0.000644

    Collision global reduction skipped (rank 0 local diagnostics)
    Collisions                      = 1834
    Collision candidates           = 3159
    Collision acceptance rate      = 0.5805634695

    Number of DSMC particles        = 6667157
    Number of stuck particles       = 0
    Number of free particles        = 6667157
    Average linear kinetic energy   = 5.173724597e-19
    Average rotational energy       = 5.141353844e-20
    Average vibrational energy      = 2.930675846e-20
    Average electronic energy       = 0
    Total energy                    = 39.87578309

Stage 1.0  ExecutionTime = 379.68 s  ClockTime = 245 s  Iteration 1610 (1.08 s)

Time = 0.000648

    Collision global reduction skipped (rank 0 local diagnostics)
    Collisions                      = 1833
    Collision candidates           = 3246
    Collision acceptance rate      = 0.5646950092

    Number of DSMC particles        = 6684610
    Number of stuck particles       = 0
    Number of free particles        = 6684610
    Average linear kinetic energy   = 5.164818106e-19
    Average rotational energy       = 5.140815237e-20
    Average vibrational energy      = 2.933362681e-20
    Average electronic energy       = 0
    Total energy                    = 39.92206781

Stage 1.0  ExecutionTime = 382.45 s  ClockTime = 246 s  Iteration 1620 (1.08 s)

Time = 0.000652

    Collision global reduction skipped (rank 0 local diagnostics)
    Collisions                      = 1797
    Collision candidates           = 3268
    Collision acceptance rate      = 0.549877601

    Number of DSMC particles        = 6701938
    Number of stuck particles       = 0
    Number of free particles        = 6701938
    Average linear kinetic energy   = 5.15567639e-19
    Average rotational energy       = 5.142828298e-20
    Average vibrational energy      = 2.936131918e-20
    Average electronic energy       = 0
    Total energy                    = 39.96749256

Stage 1.0  ExecutionTime = 385.24 s  ClockTime = 248 s  Iteration 1630 (1.09 s)

Time = 0.000656

    Collision global reduction skipped (rank 0 local diagnostics)
    Collisions                      = 1872
    Collision candidates           = 3370
    Collision acceptance rate      = 0.5554896142

    Number of DSMC particles        = 6719368
    Number of stuck particles       = 0
    Number of free particles        = 6719368
    Average linear kinetic energy   = 5.146788797e-19
    Average rotational energy       = 5.143967052e-20
    Average vibrational energy      = 2.940325847e-20
    Average electronic energy       = 0
    Total energy                    = 40.01530185

Stage 1.0  ExecutionTime = 388.09 s  ClockTime = 250 s  Iteration 1640 (1.08 s)

Time = 0.00066

    Collision global reduction skipped (rank 0 local diagnostics)
    Collisions                      = 1799
    Collision candidates           = 3359
    Collision acceptance rate      = 0.5355760643


Phase C auto DLB triggered (threshold) at step 1650: sar=0 loadImbalance=1.886551678 threshold=1.5 particleMaxMin=1
Phase C ParMETIS weights: particles=6736164 activeCells=104151 maxCellParticles=235
Phase C ParMETIS: alpha=1 ncon=1 ubvec=[1.05] moveRatio=0.9587818544 (moveT=78.23151471s, collT=3.363182094s)
Phase C ParMETIS: AdaptiveRepart (104151 cells, 1 constraints, ubvec=1.05)
Replicated mesh: rank 0 owns 6459 / 104151 cells
Local mesh: 6459 owned + 227 halo = 6686 / 104151 cells
Phase C ParMETIS AdaptiveRepart: 201 / 104151 cells changed (0.001929890255)
Phase C auto DLB complete: rebalance #31

    Number of DSMC particles        = 6736164
    Number of stuck particles       = 0
    Number of free particles        = 6736164
    Average linear kinetic energy   = 5.13807554e-19
    Average rotational energy       = 5.144637163e-20
    Average vibrational energy      = 2.943846992e-20
    Average electronic energy       = 0
    Total energy                    = 40.05945506

Stage 1.0  ExecutionTime = 391.23 s  ClockTime = 252 s  Iteration 1650 (1.36 s)

Time = 0.000664

    Collision global reduction skipped (rank 0 local diagnostics)
    Collisions                      = 1882
    Collision candidates           = 3467
    Collision acceptance rate      = 0.54283242

    Number of DSMC particles        = 6752820
    Number of stuck particles       = 0
    Number of free particles        = 6752820
    Average linear kinetic energy   = 5.129718365e-19
    Average rotational energy       = 5.145354677e-20
    Average vibrational energy      = 2.945533227e-20
    Average electronic energy       = 0
    Total energy                    = 40.10369574

Stage 1.0  ExecutionTime = 394.12 s  ClockTime = 254 s  Iteration 1660 (1.1 s)

Time = 0.000668

    Collision global reduction skipped (rank 0 local diagnostics)
    Collisions                      = 1835
    Collision candidates           = 3412
    Collision acceptance rate      = 0.5378077374

    Number of DSMC particles        = 6769536
    Number of stuck particles       = 0
    Number of free particles        = 6769536
    Average linear kinetic energy   = 5.120971911e-19
    Average rotational energy       = 5.149903471e-20
    Average vibrational energy      = 2.948724619e-20
    Average electronic energy       = 0
    Total energy                    = 40.14899915

Stage 1.0  ExecutionTime = 397.17 s  ClockTime = 255 s  Iteration 1670 (1.1 s)

Time = 0.000672

    Collision global reduction skipped (rank 0 local diagnostics)
    Collisions                      = 1822
    Collision candidates           = 3507
    Collision acceptance rate      = 0.5195323638

    Number of DSMC particles        = 6786105
    Number of stuck particles       = 0
    Number of free particles        = 6786105
    Average linear kinetic energy   = 5.112861289e-19
    Average rotational energy       = 5.151071554e-20
    Average vibrational energy      = 2.952234211e-20
    Average electronic energy       = 0
    Total energy                    = 40.19540193

Stage 1.0  ExecutionTime = 400.18 s  ClockTime = 257 s  Iteration 1680 (1.13 s)

Time = 0.000676

    Collision global reduction skipped (rank 0 local diagnostics)
    Collisions                      = 1875
    Collision candidates           = 3577
    Collision acceptance rate      = 0.5241822756

    Number of DSMC particles        = 6803060
    Number of stuck particles       = 0
    Number of free particles        = 6803060
    Average linear kinetic energy   = 5.104404027e-19
    Average rotational energy       = 5.147102305e-20
    Average vibrational energy      = 2.953256074e-20
    Average electronic energy       = 0
    Total energy                    = 40.23628927

Stage 1.0  ExecutionTime = 403.22 s  ClockTime = 259 s  Iteration 1690 (1.13 s)

Time = 0.00068

    Collision global reduction skipped (rank 0 local diagnostics)
    Collisions                      = 1870
    Collision candidates           = 3556
    Collision acceptance rate      = 0.525871766


Phase C auto DLB triggered (threshold) at step 1700: sar=0 loadImbalance=1.735591102 threshold=1.5 particleMaxMin=1
Phase C ParMETIS weights: particles=6819981 activeCells=104151 maxCellParticles=240
Phase C ParMETIS: alpha=1 ncon=1 ubvec=[1.05] moveRatio=0.9586010812 (moveT=81.54165669s, collT=3.521523695s)
Phase C ParMETIS: AdaptiveRepart (104151 cells, 1 constraints, ubvec=1.05)
Replicated mesh: rank 0 owns 6445 / 104151 cells
Local mesh: 6445 owned + 226 halo = 6671 / 104151 cells
Phase C ParMETIS AdaptiveRepart: 156 / 104151 cells changed (0.001497825273)
Phase C auto DLB complete: rebalance #32

    Number of DSMC particles        = 6819981
    Number of stuck particles       = 0
    Number of free particles        = 6819981
    Average linear kinetic energy   = 5.095668327e-19
    Average rotational energy       = 5.150626972e-20
    Average vibrational energy      = 2.955278504e-20
    Average electronic energy       = 0
    Total energy                    = 40.28057331

Stage 1.0  ExecutionTime = 406.46 s  ClockTime = 261 s  Iteration 1700 (1.32 s)

Time = 0.000684

    Collision global reduction skipped (rank 0 local diagnostics)
    Collisions                      = 1839
    Collision candidates           = 3541
    Collision acceptance rate      = 0.5193448178

    Number of DSMC particles        = 6836806
    Number of stuck particles       = 0
    Number of free particles        = 6836806
    Average linear kinetic energy   = 5.087274724e-19
    Average rotational energy       = 5.152956046e-20
    Average vibrational energy      = 2.959023911e-20
    Average electronic energy       = 0
    Total energy                    = 40.32671368

Stage 1.0  ExecutionTime = 409.47 s  ClockTime = 263 s  Iteration 1710 (1.16 s)

Time = 0.000688

    Collision global reduction skipped (rank 0 local diagnostics)
    Collisions                      = 1817
    Collision candidates           = 3604
    Collision acceptance rate      = 0.5041620422

    Number of DSMC particles        = 6853022
    Number of stuck particles       = 0
    Number of free particles        = 6853022
    Average linear kinetic energy   = 5.079283226e-19
    Average rotational energy       = 5.154751709e-20
    Average vibrational energy      = 2.961517427e-20
    Average electronic energy       = 0
    Total energy                    = 40.37053679

Stage 1.0  ExecutionTime = 412.57 s  ClockTime = 265 s  Iteration 1720 (1.12 s)

Time = 0.000692

    Collision global reduction skipped (rank 0 local diagnostics)
    Collisions                      = 1872
    Collision candidates           = 3594
    Collision acceptance rate      = 0.5208681135

    Number of DSMC particles        = 6869645
    Number of stuck particles       = 0
    Number of free particles        = 6869645
    Average linear kinetic energy   = 5.071211975e-19
    Average rotational energy       = 5.152228683e-20
    Average vibrational energy      = 2.961817935e-20
    Average electronic energy       = 0
    Total energy                    = 40.41148797

Stage 1.0  ExecutionTime = 415.74 s  ClockTime = 267 s  Iteration 1730 (1.04 s)

Time = 0.000696

    Collision global reduction skipped (rank 0 local diagnostics)
    Collisions                      = 1829
    Collision candidates           = 3645
    Collision acceptance rate      = 0.5017832647

    Number of DSMC particles        = 6885926
    Number of stuck particles       = 0
    Number of free particles        = 6885926
    Average linear kinetic energy   = 5.063224997e-19
    Average rotational energy       = 5.148928986e-20
    Average vibrational energy      = 2.965614849e-20
    Average electronic energy       = 0
    Total energy                    = 40.45260749

Stage 1.0  ExecutionTime = 418.86 s  ClockTime = 268 s  Iteration 1740 (1.16 s)

Time = 0.0007

    Collision global reduction skipped (rank 0 local diagnostics)
    Collisions                      = 1858
    Collision candidates           = 3688
    Collision acceptance rate      = 0.5037960954


Phase C auto DLB triggered (threshold) at step 1750: sar=0 loadImbalance=1.712372697 threshold=1.5 particleMaxMin=1
Phase C ParMETIS weights: particles=6901851 activeCells=104151 maxCellParticles=240
Phase C ParMETIS: alpha=1 ncon=1 ubvec=[1.05] moveRatio=0.9584509766 (moveT=84.96743s, collT=3.683353479s)
Phase C ParMETIS: AdaptiveRepart (104151 cells, 1 constraints, ubvec=1.05)
Replicated mesh: rank 0 owns 6745 / 104151 cells
Local mesh: 6745 owned + 231 halo = 6976 / 104151 cells
Phase C ParMETIS AdaptiveRepart: 62424 / 104151 cells changed (0.5993605438)
Phase C auto DLB complete: rebalance #33

    Number of DSMC particles        = 6901851
    Number of stuck particles       = 0
    Number of free particles        = 6901851
    Average linear kinetic energy   = 5.055581606e-19
    Average rotational energy       = 5.148933844e-20
    Average vibrational energy      = 2.970309819e-20
    Average electronic energy       = 0
    Total energy                    = 40.49665196

Stage 1.0  ExecutionTime = 422.3 s  ClockTime = 271 s  Iteration 1750 (1.49 s)

Time = 0.000704

    Collision global reduction skipped (rank 0 local diagnostics)
    Collisions                      = 1880
    Collision candidates           = 3815
    Collision acceptance rate      = 0.4927916121

    Number of DSMC particles        = 6917455
    Number of stuck particles       = 0
    Number of free particles        = 6917455
    Average linear kinetic energy   = 5.050759268e-19
    Average rotational energy       = 5.147268094e-20
    Average vibrational energy      = 2.968975748e-20
    Average electronic energy       = 0
    Total energy                    = 40.55277511

Stage 1.0  ExecutionTime = 425.25 s  ClockTime = 272 s  Iteration 1760 (0.9 s)

Time = 0.000708

    Collision global reduction skipped (rank 0 local diagnostics)
    Collisions                      = 1934
    Collision candidates           = 3934
    Collision acceptance rate      = 0.4916115913

    Number of DSMC particles        = 6934022
    Number of stuck particles       = 0
    Number of free particles        = 6934022
    Average linear kinetic energy   = 5.042836214e-19
    Average rotational energy       = 5.147943281e-20
    Average vibrational energy      = 2.969701164e-20
    Average electronic energy       = 0
    Total energy                    = 40.59592977

Stage 1.0  ExecutionTime = 428.36 s  ClockTime = 274 s  Iteration 1770 (0.86 s)

Time = 0.000712

    Collision global reduction skipped (rank 0 local diagnostics)
    Collisions                      = 1893
    Collision candidates           = 3865
    Collision acceptance rate      = 0.4897800776

    Number of DSMC particles        = 6950179
    Number of stuck particles       = 0
    Number of free particles        = 6950179
    Average linear kinetic energy   = 5.035360197e-19
    Average rotational energy       = 5.154425977e-20
    Average vibrational energy      = 2.97300492e-20
    Average electronic energy       = 0
    Total energy                    = 40.64536465

Stage 1.0  ExecutionTime = 431.47 s  ClockTime = 276 s  Iteration 1780 (0.81 s)

Time = 0.000716

    Collision global reduction skipped (rank 0 local diagnostics)
    Collisions                      = 1898
    Collision candidates           = 3939
    Collision acceptance rate      = 0.4818481848

    Number of DSMC particles        = 6966551
    Number of stuck particles       = 0
    Number of free particles        = 6966551
    Average linear kinetic energy   = 5.027419819e-19
    Average rotational energy       = 5.155693455e-20
    Average vibrational energy      = 2.97347188e-20
    Average electronic energy       = 0
    Total energy                    = 40.68700106

Stage 1.0  ExecutionTime = 434.53 s  ClockTime = 277 s  Iteration 1790 (0.89 s)

Time = 0.00072

    Collision global reduction skipped (rank 0 local diagnostics)
    Collisions                      = 1927
    Collision candidates           = 4000
    Collision acceptance rate      = 0.48175


Phase C auto DLB triggered (threshold) at step 1800: sar=0 loadImbalance=1.639869596 threshold=1.5 particleMaxMin=1
Phase C ParMETIS weights: particles=6982653 activeCells=104151 maxCellParticles=254
Phase C ParMETIS: alpha=1 ncon=1 ubvec=[1.05] moveRatio=0.9583345222 (moveT=88.8486014s, collT=3.86286766s)
Phase C ParMETIS: AdaptiveRepart (104151 cells, 1 constraints, ubvec=1.05)
Replicated mesh: rank 0 owns 6697 / 104151 cells
Local mesh: 6697 owned + 229 halo = 6926 / 104151 cells
Phase C ParMETIS AdaptiveRepart: 143 / 104151 cells changed (0.0013730065)
Phase C auto DLB complete: rebalance #34

    Number of DSMC particles        = 6982653
    Number of stuck particles       = 0
    Number of free particles        = 6982653
    Average linear kinetic energy   = 5.01977314e-19
    Average rotational energy       = 5.155848632e-20
    Average vibrational energy      = 2.974165843e-20
    Average electronic energy       = 0
    Total energy                    = 40.72824097

Stage 1.0  ExecutionTime = 437.9 s  ClockTime = 279 s  Iteration 1800 (1.01 s)

Time = 0.000724

    Collision global reduction skipped (rank 0 local diagnostics)
    Collisions                      = 1914
    Collision candidates           = 4008
    Collision acceptance rate      = 0.4775449102

    Number of DSMC particles        = 6999017
    Number of stuck particles       = 0
    Number of free particles        = 6999017
    Average linear kinetic energy   = 5.012032823e-19
    Average rotational energy       = 5.153821439e-20
    Average vibrational energy      = 2.976030443e-20
    Average electronic energy       = 0
    Total energy                    = 40.76940008

Stage 1.0  ExecutionTime = 441.08 s  ClockTime = 281 s  Iteration 1810 (0.8 s)

Time = 0.000728

    Collision global reduction skipped (rank 0 local diagnostics)
    Collisions                      = 1918
    Collision candidates           = 4036
    Collision acceptance rate      = 0.4752229931

    Number of DSMC particles        = 7015593
    Number of stuck particles       = 0
    Number of free particles        = 7015593
    Average linear kinetic energy   = 5.004452289e-19
    Average rotational energy       = 5.15138211e-20
    Average vibrational energy      = 2.976548761e-20
    Average electronic energy       = 0
    Total energy                    = 40.81142594

Stage 1.0  ExecutionTime = 444.25 s  ClockTime = 283 s  Iteration 1820 (0.91 s)

Time = 0.000732

    Collision global reduction skipped (rank 0 local diagnostics)
    Collisions                      = 1881
    Collision candidates           = 4091
    Collision acceptance rate      = 0.4597897824

    Number of DSMC particles        = 7031669
    Number of stuck particles       = 0
    Number of free particles        = 7031669
    Average linear kinetic energy   = 4.996870812e-19
    Average rotational energy       = 5.156116352e-20
    Average vibrational energy      = 2.978148566e-20
    Average electronic energy       = 0
    Total energy                    = 40.85608743

Stage 1.0  ExecutionTime = 447.43 s  ClockTime = 285 s  Iteration 1830 (0.9 s)

Time = 0.000736

    Collision global reduction skipped (rank 0 local diagnostics)
    Collisions                      = 1930
    Collision candidates           = 4112
    Collision acceptance rate      = 0.4693579767

    Number of DSMC particles        = 7047667
    Number of stuck particles       = 0
    Number of free particles        = 7047667
    Average linear kinetic energy   = 4.988700791e-19
    Average rotational energy       = 5.153868111e-20
    Average vibrational energy      = 2.981219098e-20
    Average electronic energy       = 0
    Total energy                    = 40.8920405

Stage 1.0  ExecutionTime = 450.73 s  ClockTime = 286 s  Iteration 1840 (0.84 s)

Time = 0.00074

    Collision global reduction skipped (rank 0 local diagnostics)
    Collisions                      = 1904
    Collision candidates           = 4096
    Collision acceptance rate      = 0.46484375


Phase C auto DLB triggered (threshold) at step 1850: sar=0 loadImbalance=1.524150042 threshold=1.5 particleMaxMin=1
Phase C ParMETIS weights: particles=7063140 activeCells=104151 maxCellParticles=245
Phase C ParMETIS: alpha=1 ncon=1 ubvec=[1.05] moveRatio=0.958333459 (moveT=92.96408939s, collT=4.041904211s)
Phase C ParMETIS: AdaptiveRepart (104151 cells, 1 constraints, ubvec=1.05)
Replicated mesh: rank 0 owns 6697 / 104151 cells
Local mesh: 6697 owned + 229 halo = 6926 / 104151 cells
Phase C ParMETIS AdaptiveRepart: 24 / 104151 cells changed (0.0002304346574)
Phase C auto DLB complete: rebalance #35

    Number of DSMC particles        = 7063140
    Number of stuck particles       = 0
    Number of free particles        = 7063140
    Average linear kinetic energy   = 4.982009366e-19
    Average rotational energy       = 5.15210439e-20
    Average vibrational energy      = 2.982162774e-20
    Average electronic energy       = 0
    Total energy                    = 40.93397641

Stage 1.0  ExecutionTime = 454.27 s  ClockTime = 288 s  Iteration 1850 (1.21 s)

Time = 0.000744

    Collision global reduction skipped (rank 0 local diagnostics)
    Collisions                      = 1929
    Collision candidates           = 4247
    Collision acceptance rate      = 0.4542029668

    Number of DSMC particles        = 7078882
    Number of stuck particles       = 0
    Number of free particles        = 7078882
    Average linear kinetic energy   = 4.974997661e-19
    Average rotational energy       = 5.150270829e-20
    Average vibrational energy      = 2.982622429e-20
    Average electronic energy       = 0
    Total energy                    = 40.97460057

Stage 1.0  ExecutionTime = 457.35 s  ClockTime = 290 s  Iteration 1860 (1 s)

Time = 0.000748

    Collision global reduction skipped (rank 0 local diagnostics)
    Collisions                      = 1860
    Collision candidates           = 4129
    Collision acceptance rate      = 0.4504722693

    Number of DSMC particles        = 7094864
    Number of stuck particles       = 0
    Number of free particles        = 7094864
    Average linear kinetic energy   = 4.967860952e-19
    Average rotational energy       = 5.148964648e-20
    Average vibrational energy      = 2.986984012e-20
    Average electronic energy       = 0
    Total energy                    = 41.01864275

Stage 1.0  ExecutionTime = 460.55 s  ClockTime = 292 s  Iteration 1870 (0.97 s)

Time = 0.000752

    Collision global reduction skipped (rank 0 local diagnostics)
    Collisions                      = 1868
    Collision candidates           = 4167
    Collision acceptance rate      = 0.4482841373

    Number of DSMC particles        = 7110686
    Number of stuck particles       = 0
    Number of free particles        = 7110686
    Average linear kinetic energy   = 4.961399838e-19
    Average rotational energy       = 5.148896273e-20
    Average vibrational energy      = 2.987921135e-20
    Average electronic energy       = 0
    Total energy                    = 41.06479173

Stage 1.0  ExecutionTime = 463.88 s  ClockTime = 294 s  Iteration 1880 (0.95 s)

Time = 0.000756

    Collision global reduction skipped (rank 0 local diagnostics)
    Collisions                      = 1928
    Collision candidates           = 4219
    Collision acceptance rate      = 0.4569803271

    Number of DSMC particles        = 7125811
    Number of stuck particles       = 0
    Number of free particles        = 7125811
    Average linear kinetic energy   = 4.954039908e-19
    Average rotational energy       = 5.152951081e-20
    Average vibrational energy      = 2.991208679e-20
    Average electronic energy       = 0
    Total energy                    = 41.10492639

Stage 1.0  ExecutionTime = 467.31 s  ClockTime = 296 s  Iteration 1890 (0.81 s)

Time = 0.00076

    Collision global reduction skipped (rank 0 local diagnostics)
    Collisions                      = 1904
    Collision candidates           = 4272
    Collision acceptance rate      = 0.4456928839


Phase C auto DLB triggered (threshold) at step 1900: sar=0 loadImbalance=1.541046407 threshold=1.5 particleMaxMin=1
Phase C ParMETIS weights: particles=7141697 activeCells=104151 maxCellParticles=256
Phase C ParMETIS: alpha=1 ncon=1 ubvec=[1.05] moveRatio=0.9582388187 (moveT=96.98909494s, collT=4.226899498s)
Phase C ParMETIS: AdaptiveRepart (104151 cells, 1 constraints, ubvec=1.05)
Replicated mesh: rank 0 owns 2197 / 104151 cells
Local mesh: 2197 owned + 155 halo = 2352 / 104151 cells
Phase C ParMETIS AdaptiveRepart: 92859 / 104151 cells changed (0.8915804937)
Phase C auto DLB complete: rebalance #36

    Number of DSMC particles        = 7141697
    Number of stuck particles       = 0
    Number of free particles        = 7141697
    Average linear kinetic energy   = 4.947151219e-19
    Average rotational energy       = 5.148246838e-20
    Average vibrational energy      = 2.993789517e-20
    Average electronic energy       = 0
    Total energy                    = 41.14585068

Stage 1.0  ExecutionTime = 470.92 s  ClockTime = 298 s  Iteration 1900 (1.35 s)

Time = 0.000764

    Collision global reduction skipped (rank 0 local diagnostics)
    Collisions                      = 59154
    Collision candidates           = 115489
    Collision acceptance rate      = 0.5122046255

    Number of DSMC particles        = 7156260
    Number of stuck particles       = 0
    Number of free particles        = 7156260
    Average linear kinetic energy   = 4.941409635e-19
    Average rotational energy       = 5.149261778e-20
    Average vibrational energy      = 2.993772157e-20
    Average electronic energy       = 0
    Total energy                    = 41.18937892

Stage 1.0  ExecutionTime = 474.1 s  ClockTime = 299 s  Iteration 1910 (0.76 s)

Time = 0.000768

    Collision global reduction skipped (rank 0 local diagnostics)
    Collisions                      = 60259
    Collision candidates           = 121553
    Collision acceptance rate      = 0.4957425979

    Number of DSMC particles        = 7171602
    Number of stuck particles       = 0
    Number of free particles        = 7171602
    Average linear kinetic energy   = 4.933827439e-19
    Average rotational energy       = 5.154085482e-20
    Average vibrational energy      = 2.99593031e-20
    Average electronic energy       = 0
    Total energy                    = 41.22831369

Stage 1.0  ExecutionTime = 477.39 s  ClockTime = 301 s  Iteration 1920 (0.7 s)

Time = 0.000772

    Collision global reduction skipped (rank 0 local diagnostics)
    Collisions                      = 60451
    Collision candidates           = 124542
    Collision acceptance rate      = 0.485386456

    Number of DSMC particles        = 7186573
    Number of stuck particles       = 0
    Number of free particles        = 7186573
    Average linear kinetic energy   = 4.926060801e-19
    Average rotational energy       = 5.161926975e-20
    Average vibrational energy      = 2.996643259e-20
    Average electronic energy       = 0
    Total energy                    = 41.2647116

Stage 1.0  ExecutionTime = 480.77 s  ClockTime = 303 s  Iteration 1930 (0.68 s)

Time = 0.000776

    Collision global reduction skipped (rank 0 local diagnostics)
    Collisions                      = 60752
    Collision candidates           = 126818
    Collision acceptance rate      = 0.4790487155

    Number of DSMC particles        = 7201481
    Number of stuck particles       = 0
    Number of free particles        = 7201481
    Average linear kinetic energy   = 4.919379387e-19
    Average rotational energy       = 5.162599776e-20
    Average vibrational energy      = 2.998638645e-20
    Average electronic energy       = 0
    Total energy                    = 41.30411753

Stage 1.0  ExecutionTime = 484.18 s  ClockTime = 305 s  Iteration 1940 (0.63 s)

Time = 0.00078

    Collision global reduction skipped (rank 0 local diagnostics)
    Collisions                      = 61110
    Collision candidates           = 128500
    Collision acceptance rate      = 0.4755642023


Phase C auto DLB triggered (threshold) at step 1950: sar=0 loadImbalance=1.750139355 threshold=1.5 particleMaxMin=1
Phase C ParMETIS weights: particles=7215976 activeCells=104151 maxCellParticles=249
Phase C ParMETIS: alpha=1 ncon=1 ubvec=[1.05] moveRatio=0.9499893932 (moveT=100.6723362s, collT=5.299727193s)
Phase C ParMETIS: AdaptiveRepart (104151 cells, 1 constraints, ubvec=1.05)
Replicated mesh: rank 0 owns 2202 / 104151 cells
Local mesh: 2202 owned + 156 halo = 2358 / 104151 cells
Phase C ParMETIS AdaptiveRepart: 104 / 104151 cells changed (0.0009985501819)
Phase C auto DLB complete: rebalance #37

    Number of DSMC particles        = 7215976
    Number of stuck particles       = 0
    Number of free particles        = 7215976
    Average linear kinetic energy   = 4.913165185e-19
    Average rotational energy       = 5.15953058e-20
    Average vibrational energy      = 3.000493197e-20
    Average electronic energy       = 0
    Total energy                    = 41.34153563

Stage 1.0  ExecutionTime = 487.82 s  ClockTime = 307 s  Iteration 1950 (0.78 s)

Time = 0.000784

    Collision global reduction skipped (rank 0 local diagnostics)
    Collisions                      = 60907
    Collision candidates           = 130358
    Collision acceptance rate      = 0.4672287086

    Number of DSMC particles        = 7230689
    Number of stuck particles       = 0
    Number of free particles        = 7230689
    Average linear kinetic energy   = 4.906930275e-19
    Average rotational energy       = 5.15932232e-20
    Average vibrational energy      = 3.003012331e-20
    Average electronic energy       = 0
    Total energy                    = 41.3824171

Stage 1.0  ExecutionTime = 491.29 s  ClockTime = 308 s  Iteration 1960 (0.55 s)

Time = 0.000788

    Collision global reduction skipped (rank 0 local diagnostics)
    Collisions                      = 61573
    Collision candidates           = 131386
    Collision acceptance rate      = 0.4686420167

    Number of DSMC particles        = 7245354
    Number of stuck particles       = 0
    Number of free particles        = 7245354
    Average linear kinetic energy   = 4.900670688e-19
    Average rotational energy       = 5.161596095e-20
    Average vibrational energy      = 3.004807267e-20
    Average electronic energy       = 0
    Total energy                    = 41.4239423

Stage 1.0  ExecutionTime = 494.74 s  ClockTime = 310 s  Iteration 1970 (0.43 s)

Time = 0.000792

    Collision global reduction skipped (rank 0 local diagnostics)
    Collisions                      = 61726
    Collision candidates           = 132676
    Collision acceptance rate      = 0.4652386264

    Number of DSMC particles        = 7260206
    Number of stuck particles       = 0
    Number of free particles        = 7260206
    Average linear kinetic energy   = 4.89445795e-19
    Average rotational energy       = 5.159675187e-20
    Average vibrational energy      = 3.007434355e-20
    Average electronic energy       = 0
    Total energy                    = 41.46426275

Stage 1.0  ExecutionTime = 498.21 s  ClockTime = 312 s  Iteration 1980 (0.38 s)

Time = 0.000796

    Collision global reduction skipped (rank 0 local diagnostics)
    Collisions                      = 61735
    Collision candidates           = 133278
    Collision acceptance rate      = 0.46320473

    Number of DSMC particles        = 7274538
    Number of stuck particles       = 0
    Number of free particles        = 7274538
    Average linear kinetic energy   = 4.888617226e-19
    Average rotational energy       = 5.160852516e-20
    Average vibrational energy      = 3.009562139e-20
    Average electronic energy       = 0
    Total energy                    = 41.50603097

Stage 1.0  ExecutionTime = 501.69 s  ClockTime = 313 s  Iteration 1990 (0.35 s)

Time = 0.0008

    Collision global reduction skipped (rank 0 local diagnostics)
    Collisions                      = 61946
    Collision candidates           = 133724
    Collision acceptance rate      = 0.4632377135


Phase C auto DLB triggered (threshold) at step 2000: sar=0 loadImbalance=1.560521738 threshold=1.5 particleMaxMin=1
Phase C ParMETIS weights: particles=7289160 activeCells=104151 maxCellParticles=246
Phase C ParMETIS: alpha=1 ncon=1 ubvec=[1.05] moveRatio=0.9420892337 (moveT=104.9609995s, collT=6.452012926s)
Phase C ParMETIS: AdaptiveRepart (104151 cells, 1 constraints, ubvec=1.05)
Replicated mesh: rank 0 owns 2198 / 104151 cells
Local mesh: 2198 owned + 156 halo = 2354 / 104151 cells
Phase C ParMETIS AdaptiveRepart: 52 / 104151 cells changed (0.000499275091)
Phase C auto DLB complete: rebalance #38

    Number of DSMC particles        = 7289160
    Number of stuck particles       = 0
    Number of free particles        = 7289160
    Average linear kinetic energy   = 4.882493173e-19
    Average rotational energy       = 5.159222552e-20
    Average vibrational energy      = 3.010671683e-20
    Average electronic energy       = 0
    Total energy                    = 41.54444056

Stage 1.0  ExecutionTime = 505.61 s  ClockTime = 315 s  Iteration 2000 (0.77 s)

Time = 0.000804

    Collision global reduction skipped (rank 0 local diagnostics)
    Collisions                      = 61575
    Collision candidates           = 134211
    Collision acceptance rate      = 0.4587924984

    Number of DSMC particles        = 7303139
    Number of stuck particles       = 0
    Number of free particles        = 7303139
    Average linear kinetic energy   = 4.876183665e-19
    Average rotational energy       = 5.164424121e-20
    Average vibrational energy      = 3.012811979e-20
    Average electronic energy       = 0
    Total energy                    = 41.58339628

Stage 1.0  ExecutionTime = 509.17 s  ClockTime = 317 s  Iteration 2010 (0.39 s)

Time = 0.000808

    Collision global reduction skipped (rank 0 local diagnostics)
    Collisions                      = 61643
    Collision candidates           = 134542
    Collision acceptance rate      = 0.4581691962

    Number of DSMC particles        = 7316870
    Number of stuck particles       = 0
    Number of free particles        = 7316870
    Average linear kinetic energy   = 4.870217612e-19
    Average rotational energy       = 5.164019997e-20
    Average vibrational energy      = 3.014931965e-20
    Average electronic energy       = 0
    Total energy                    = 41.61918196

Stage 1.0  ExecutionTime = 512.82 s  ClockTime = 319 s  Iteration 2020 (0.42 s)

Time = 0.000812

    Collision global reduction skipped (rank 0 local diagnostics)
    Collisions                      = 61649
    Collision candidates           = 135295
    Collision acceptance rate      = 0.45566355

    Number of DSMC particles        = 7330531
    Number of stuck particles       = 0
    Number of free particles        = 7330531
    Average linear kinetic energy   = 4.863957658e-19
    Average rotational energy       = 5.165281193e-20
    Average vibrational energy      = 3.018239978e-20
    Average electronic energy       = 0
    Total energy                    = 41.65434796

Stage 1.0  ExecutionTime = 516.5 s  ClockTime = 321 s  Iteration 2030 (0.46 s)

Time = 0.000816

    Collision global reduction skipped (rank 0 local diagnostics)
    Collisions                      = 62386
    Collision candidates           = 136419
    Collision acceptance rate      = 0.4573116648

    Number of DSMC particles        = 7345075
    Number of stuck particles       = 0
    Number of free particles        = 7345075
    Average linear kinetic energy   = 4.858540748e-19
    Average rotational energy       = 5.162871878e-20
    Average vibrational energy      = 3.018833388e-20
    Average electronic energy       = 0
    Total energy                    = 41.69587006

Stage 1.0  ExecutionTime = 520.23 s  ClockTime = 323 s  Iteration 2040 (0.46 s)

Time = 0.00082

    Collision global reduction skipped (rank 0 local diagnostics)
    Collisions                      = 62935
    Collision candidates           = 137474
    Collision acceptance rate      = 0.4577956559


Phase C auto DLB triggered (threshold) at step 2050: sar=0 loadImbalance=1.513777416 threshold=1.5 particleMaxMin=1
Phase C ParMETIS weights: particles=7358579 activeCells=104151 maxCellParticles=250
Phase C ParMETIS: alpha=1 ncon=1 ubvec=[1.05] moveRatio=0.9347951505 (moveT=109.4714244s, collT=7.635970032s)
Phase C ParMETIS: AdaptiveRepart (104151 cells, 1 constraints, ubvec=1.05)
Replicated mesh: rank 0 owns 4910 / 104151 cells
Local mesh: 4910 owned + 207 halo = 5117 / 104151 cells
Phase C ParMETIS AdaptiveRepart: 94528 / 104151 cells changed (0.9076053038)
Phase C auto DLB complete: rebalance #39

    Number of DSMC particles        = 7358579
    Number of stuck particles       = 0
    Number of free particles        = 7358579
    Average linear kinetic energy   = 4.852892183e-19
    Average rotational energy       = 5.160495719e-20
    Average vibrational energy      = 3.021748096e-20
    Average electronic energy       = 0
    Total energy                    = 41.73135926

Stage 1.0  ExecutionTime = 524.38 s  ClockTime = 325 s  Iteration 2050 (0.87 s)

Time = 0.000824

    Collision global reduction skipped (rank 0 local diagnostics)
    Collisions                      = 10305
    Collision candidates           = 18853
    Collision acceptance rate      = 0.5465973585

    Number of DSMC particles        = 7371591
    Number of stuck particles       = 0
    Number of free particles        = 7371591
    Average linear kinetic energy   = 4.850467594e-19
    Average rotational energy       = 5.152376518e-20
    Average vibrational energy      = 3.020342956e-20
    Average electronic energy       = 0
    Total energy                    = 41.78025779

Stage 1.0  ExecutionTime = 527.51 s  ClockTime = 327 s  Iteration 2060 (0.96 s)

Time = 0.000828

    Collision global reduction skipped (rank 0 local diagnostics)
    Collisions                      = 10476
    Collision candidates           = 19749
    Collision acceptance rate      = 0.5304572383

    Number of DSMC particles        = 7384936
    Number of stuck particles       = 0
    Number of free particles        = 7384936
    Average linear kinetic energy   = 4.844288734e-19
    Average rotational energy       = 5.159344519e-20
    Average vibrational energy      = 3.019723038e-20
    Average electronic energy       = 0
    Total energy                    = 41.81495131

Stage 1.0  ExecutionTime = 530.73 s  ClockTime = 329 s  Iteration 2070 (0.91 s)

Time = 0.000832

    Collision global reduction skipped (rank 0 local diagnostics)
    Collisions                      = 10540
    Collision candidates           = 20256
    Collision acceptance rate      = 0.5203396524

    Number of DSMC particles        = 7398328
    Number of stuck particles       = 0
    Number of free particles        = 7398328
    Average linear kinetic energy   = 4.838110473e-19
    Average rotational energy       = 5.161237524e-20
    Average vibrational energy      = 3.020868731e-20
    Average electronic energy       = 0
    Total energy                    = 41.84731876

Stage 1.0  ExecutionTime = 534.03 s  ClockTime = 330 s  Iteration 2080 (0.86 s)

Time = 0.000836

    Collision global reduction skipped (rank 0 local diagnostics)
    Collisions                      = 10793
    Collision candidates           = 20850
    Collision acceptance rate      = 0.5176498801

    Number of DSMC particles        = 7411147
    Number of stuck particles       = 0
    Number of free particles        = 7411147
    Average linear kinetic energy   = 4.832384108e-19
    Average rotational energy       = 5.16496748e-20
    Average vibrational energy      = 3.02290341e-20
    Average electronic energy       = 0
    Total energy                    = 41.88166046

Stage 1.0  ExecutionTime = 537.4 s  ClockTime = 332 s  Iteration 2090 (0.82 s)

Time = 0.00084

    Collision global reduction skipped (rank 0 local diagnostics)
    Collisions                      = 11139
    Collision candidates           = 21439
    Collision acceptance rate      = 0.519567144


Phase C auto DLB triggered (threshold) at step 2100: sar=0 loadImbalance=1.688853213 threshold=1.5 particleMaxMin=1
Phase C ParMETIS weights: particles=7424218 activeCells=104150 maxCellParticles=248
Phase C ParMETIS: alpha=1 ncon=1 ubvec=[1.05] moveRatio=0.9340198004 (moveT=113.4688028s, collT=8.015562679s)
Phase C ParMETIS: AdaptiveRepart (104151 cells, 1 constraints, ubvec=1.05)
Replicated mesh: rank 0 owns 4915 / 104151 cells
Local mesh: 4915 owned + 206 halo = 5121 / 104151 cells
Phase C ParMETIS AdaptiveRepart: 113 / 104151 cells changed (0.001084963178)
Phase C auto DLB complete: rebalance #40

    Number of DSMC particles        = 7424218
    Number of stuck particles       = 0
    Number of free particles        = 7424218
    Average linear kinetic energy   = 4.826953585e-19
    Average rotational energy       = 5.163687484e-20
    Average vibrational energy      = 3.023440606e-20
    Average electronic energy       = 0
    Total energy                    = 41.91465806

Stage 1.0  ExecutionTime = 541.05 s  ClockTime = 334 s  Iteration 2100 (0.94 s)

Time = 0.000844

    Collision global reduction skipped (rank 0 local diagnostics)
    Collisions                      = 11112
    Collision candidates           = 21712
    Collision acceptance rate      = 0.5117907148

    Number of DSMC particles        = 7437471
    Number of stuck particles       = 0
    Number of free particles        = 7437471
    Average linear kinetic energy   = 4.821016489e-19
    Average rotational energy       = 5.167857642e-20
    Average vibrational energy      = 3.024621944e-20
    Average electronic energy       = 0
    Total energy                    = 41.94930326

Stage 1.0  ExecutionTime = 544.57 s  ClockTime = 336 s  Iteration 2110 (0.73 s)

Time = 0.000848

    Collision global reduction skipped (rank 0 local diagnostics)
    Collisions                      = 11210
    Collision candidates           = 21991
    Collision acceptance rate      = 0.5097539903

    Number of DSMC particles        = 7450580
    Number of stuck particles       = 0
    Number of free particles        = 7450580
    Average linear kinetic energy   = 4.814750461e-19
    Average rotational energy       = 5.169564331e-20
    Average vibrational energy      = 3.026073332e-20
    Average electronic energy       = 0
    Total energy                    = 41.9789089

Stage 1.0  ExecutionTime = 548.18 s  ClockTime = 338 s  Iteration 2120 (0.7 s)

Time = 0.000852

    Collision global reduction skipped (rank 0 local diagnostics)
    Collisions                      = 11186
    Collision candidates           = 22374
    Collision acceptance rate      = 0.4999553053

    Number of DSMC particles        = 7463731
    Number of stuck particles       = 0
    Number of free particles        = 7463731
    Average linear kinetic energy   = 4.80949724e-19
    Average rotational energy       = 5.169117498e-20
    Average vibrational energy      = 3.027374941e-20
    Average electronic energy       = 0
    Total energy                    = 42.01443511

Stage 1.0  ExecutionTime = 551.78 s  ClockTime = 340 s  Iteration 2130 (0.62 s)

Time = 0.000856

    Collision global reduction skipped (rank 0 local diagnostics)
    Collisions                      = 11385
    Collision candidates           = 22757
    Collision acceptance rate      = 0.5002856264

    Number of DSMC particles        = 7476614
    Number of stuck particles       = 0
    Number of free particles        = 7476614
    Average linear kinetic energy   = 4.804111983e-19
    Average rotational energy       = 5.169586183e-20
    Average vibrational energy      = 3.028845708e-20
    Average electronic energy       = 0
    Total energy                    = 42.04814197

Stage 1.0  ExecutionTime = 555.47 s  ClockTime = 341 s  Iteration 2140 (0.63 s)

Time = 0.00086

    Collision global reduction skipped (rank 0 local diagnostics)
    Collisions                      = 11601
    Collision candidates           = 23005
    Collision acceptance rate      = 0.5042816779


Phase C auto DLB triggered (threshold) at step 2150: sar=0 loadImbalance=1.629851348 threshold=1.5 particleMaxMin=1
Phase C ParMETIS weights: particles=7489396 activeCells=104151 maxCellParticles=253
Phase C ParMETIS: alpha=1 ncon=1 ubvec=[1.05] moveRatio=0.9334428118 (moveT=118.2843588s, collT=8.43401891s)
Phase C ParMETIS: AdaptiveRepart (104151 cells, 1 constraints, ubvec=1.05)
Replicated mesh: rank 0 owns 4915 / 104151 cells
Local mesh: 4915 owned + 206 halo = 5121 / 104151 cells
Phase C ParMETIS AdaptiveRepart: 182 / 104151 cells changed (0.001747462818)
Phase C auto DLB complete: rebalance #41

    Number of DSMC particles        = 7489396
    Number of stuck particles       = 0
    Number of free particles        = 7489396
    Average linear kinetic energy   = 4.799565148e-19
    Average rotational energy       = 5.168070449e-20
    Average vibrational energy      = 3.03056585e-20
    Average electronic energy       = 0
    Total energy                    = 42.08612741

Stage 1.0  ExecutionTime = 559.42 s  ClockTime = 343 s  Iteration 2150 (0.81 s)

Time = 0.000864

    Collision global reduction skipped (rank 0 local diagnostics)
    Collisions                      = 11883
    Collision candidates           = 23574
    Collision acceptance rate      = 0.504072283

    Number of DSMC particles        = 7501909
    Number of stuck particles       = 0
    Number of free particles        = 7501909
    Average linear kinetic energy   = 4.794306665e-19
    Average rotational energy       = 5.169211187e-20
    Average vibrational energy      = 3.032133271e-20
    Average electronic energy       = 0
    Total energy                    = 42.1190263

Stage 1.0  ExecutionTime = 563.17 s  ClockTime = 345 s  Iteration 2160 (0.63 s)

Time = 0.000868

    Collision global reduction skipped (rank 0 local diagnostics)
    Collisions                      = 11843
    Collision candidates           = 23854
    Collision acceptance rate      = 0.496478578

    Number of DSMC particles        = 7514621
    Number of stuck particles       = 0
    Number of free particles        = 7514621
    Average linear kinetic energy   = 4.78914733e-19
    Average rotational energy       = 5.169668799e-20
    Average vibrational energy      = 3.03379535e-20
    Average electronic energy       = 0
    Total energy                    = 42.15321949

Stage 1.0  ExecutionTime = 567 s  ClockTime = 347 s  Iteration 2170 (0.61 s)

Time = 0.000872

    Collision global reduction skipped (rank 0 local diagnostics)
    Collisions                      = 12111
    Collision candidates           = 24375
    Collision acceptance rate      = 0.4968615385

    Number of DSMC particles        = 7526986
    Number of stuck particles       = 0
    Number of free particles        = 7526986
    Average linear kinetic energy   = 4.783219424e-19
    Average rotational energy       = 5.174120177e-20
    Average vibrational energy      = 3.035807206e-20
    Average electronic energy       = 0
    Total energy                    = 42.18282648

Stage 1.0  ExecutionTime = 570.96 s  ClockTime = 349 s  Iteration 2180 (0.72 s)

Time = 0.000876

    Collision global reduction skipped (rank 0 local diagnostics)
    Collisions                      = 12282
    Collision candidates           = 24595
    Collision acceptance rate      = 0.4993697906

    Number of DSMC particles        = 7539747
    Number of stuck particles       = 0
    Number of free particles        = 7539747
    Average linear kinetic energy   = 4.778243142e-19
    Average rotational energy       = 5.172231364e-20
    Average vibrational energy      = 3.036379567e-20
    Average electronic energy       = 0
    Total energy                    = 42.21582936

Stage 1.0  ExecutionTime = 574.83 s  ClockTime = 351 s  Iteration 2190 (0.62 s)

Time = 0.00088

    Collision global reduction skipped (rank 0 local diagnostics)
    Collisions                      = 12416
    Collision candidates           = 24864
    Collision acceptance rate      = 0.4993564994


Phase C auto DLB triggered (threshold) at step 2200: sar=0 loadImbalance=1.626425471 threshold=1.5 particleMaxMin=1
Phase C ParMETIS weights: particles=7552539 activeCells=104151 maxCellParticles=251
Phase C ParMETIS: alpha=1 ncon=1 ubvec=[1.05] moveRatio=0.9329282743 (moveT=123.4242452s, collT=8.873433626s)
Phase C ParMETIS: AdaptiveRepart (104151 cells, 1 constraints, ubvec=1.05)
Replicated mesh: rank 0 owns 7952 / 104151 cells
Local mesh: 7952 owned + 254 halo = 8206 / 104151 cells
Phase C ParMETIS AdaptiveRepart: 97678 / 104151 cells changed (0.9378498526)
Phase C auto DLB complete: rebalance #42

    Number of DSMC particles        = 7552539
    Number of stuck particles       = 0
    Number of free particles        = 7552539
    Average linear kinetic energy   = 4.773074652e-19
    Average rotational energy       = 5.174809181e-20
    Average vibrational energy      = 3.03833185e-20
    Average electronic energy       = 0
    Total energy                    = 42.25183925

Stage 1.0  ExecutionTime = 579.14 s  ClockTime = 354 s  Iteration 2200 (1.02 s)

Time = 0.000884

    Collision global reduction skipped (rank 0 local diagnostics)
    Collisions                      = 4303
    Collision candidates           = 8020
    Collision acceptance rate      = 0.5365336658

    Number of DSMC particles        = 7564131
    Number of stuck particles       = 0
    Number of free particles        = 7564131
    Average linear kinetic energy   = 4.770488606e-19
    Average rotational energy       = 5.165385417e-20
    Average vibrational energy      = 3.036394217e-20
    Average electronic energy       = 0
    Total energy                    = 42.28853431

Stage 1.0  ExecutionTime = 582.4 s  ClockTime = 355 s  Iteration 2210 (1.06 s)

Time = 0.000888

    Collision global reduction skipped (rank 0 local diagnostics)
    Collisions                      = 4379
    Collision candidates           = 8586
    Collision acceptance rate      = 0.5100163056

    Number of DSMC particles        = 7576267
    Number of stuck particles       = 0
    Number of free particles        = 7576267
    Average linear kinetic energy   = 4.765049942e-19
    Average rotational energy       = 5.169573107e-20
    Average vibrational energy      = 3.038561138e-20
    Average electronic energy       = 0
    Total energy                    = 42.31999229

Stage 1.0  ExecutionTime = 585.74 s  ClockTime = 357 s  Iteration 2220 (1.07 s)

Time = 0.000892

    Collision global reduction skipped (rank 0 local diagnostics)
    Collisions                      = 4395
    Collision candidates           = 9038
    Collision acceptance rate      = 0.4862801505

    Number of DSMC particles        = 7588071
    Number of stuck particles       = 0
    Number of free particles        = 7588071
    Average linear kinetic energy   = 4.759107101e-19
    Average rotational energy       = 5.176801859e-20
    Average vibrational energy      = 3.041231808e-20
    Average electronic energy       = 0
    Total energy                    = 42.34834488

Stage 1.0  ExecutionTime = 589.12 s  ClockTime = 359 s  Iteration 2230 (1.04 s)

Time = 0.000896

    Collision global reduction skipped (rank 0 local diagnostics)
    Collisions                      = 4575
    Collision candidates           = 9155
    Collision acceptance rate      = 0.4997269252

    Number of DSMC particles        = 7599773
    Number of stuck particles       = 0
    Number of free particles        = 7599773
    Average linear kinetic energy   = 4.753745834e-19
    Average rotational energy       = 5.175446068e-20
    Average vibrational energy      = 3.043951607e-20
    Average electronic energy       = 0
    Total energy                    = 42.37394489

Stage 1.0  ExecutionTime = 592.57 s  ClockTime = 361 s  Iteration 2240 (1.03 s)

Time = 0.0009

    Collision global reduction skipped (rank 0 local diagnostics)
    Collisions                      = 4528
    Collision candidates           = 9228
    Collision acceptance rate      = 0.4906805375


Phase C auto DLB triggered (threshold) at step 2250: sar=0 loadImbalance=1.88745062 threshold=1.5 particleMaxMin=1
Phase C ParMETIS weights: particles=7611548 activeCells=104149 maxCellParticles=251
Phase C ParMETIS: alpha=1 ncon=1 ubvec=[1.05] moveRatio=0.9331843123 (moveT=127.4353213s, collT=9.124326797s)
Phase C ParMETIS: AdaptiveRepart (104151 cells, 1 constraints, ubvec=1.05)
Replicated mesh: rank 0 owns 7952 / 104151 cells
Local mesh: 7952 owned + 254 halo = 8206 / 104151 cells
Phase C ParMETIS AdaptiveRepart: 227 / 104151 cells changed (0.002179527801)
Phase C auto DLB complete: rebalance #43

    Number of DSMC particles        = 7611548
    Number of stuck particles       = 0
    Number of free particles        = 7611548
    Average linear kinetic energy   = 4.748530532e-19
    Average rotational energy       = 5.181663491e-20
    Average vibrational energy      = 3.04554226e-20
    Average electronic energy       = 0
    Total energy                    = 42.40584522

Stage 1.0  ExecutionTime = 596.25 s  ClockTime = 363 s  Iteration 2250 (1.18 s)

Time = 0.000904

    Collision global reduction skipped (rank 0 local diagnostics)
    Collisions                      = 4566
    Collision candidates           = 9300
    Collision acceptance rate      = 0.4909677419

    Number of DSMC particles        = 7623229
    Number of stuck particles       = 0
    Number of free particles        = 7623229
    Average linear kinetic energy   = 4.743520655e-19
    Average rotational energy       = 5.17646152e-20
    Average vibrational energy      = 3.046630632e-20
    Average electronic energy       = 0
    Total energy                    = 42.42959568

Stage 1.0  ExecutionTime = 599.75 s  ClockTime = 365 s  Iteration 2260 (0.96 s)

Time = 0.000908

    Collision global reduction skipped (rank 0 local diagnostics)
    Collisions                      = 4469
    Collision candidates           = 9364
    Collision acceptance rate      = 0.4772533106

    Number of DSMC particles        = 7635420
    Number of stuck particles       = 0
    Number of free particles        = 7635420
    Average linear kinetic energy   = 4.738137775e-19
    Average rotational energy       = 5.179486385e-20
    Average vibrational energy      = 3.048858125e-20
    Average electronic energy       = 0
    Total energy                    = 42.46035855

Stage 1.0  ExecutionTime = 603.33 s  ClockTime = 367 s  Iteration 2270 (0.94 s)

Time = 0.000912

    Collision global reduction skipped (rank 0 local diagnostics)
    Collisions                      = 4469
    Collision candidates           = 9499
    Collision acceptance rate      = 0.4704705759

    Number of DSMC particles        = 7647853
    Number of stuck particles       = 0
    Number of free particles        = 7647853
    Average linear kinetic energy   = 4.733850041e-19
    Average rotational energy       = 5.178827457e-20
    Average vibrational energy      = 3.049459631e-20
    Average electronic energy       = 0
    Total energy                    = 42.49666225

Stage 1.0  ExecutionTime = 606.94 s  ClockTime = 369 s  Iteration 2280 (0.92 s)

Time = 0.000916

    Collision global reduction skipped (rank 0 local diagnostics)
    Collisions                      = 4592
    Collision candidates           = 9686
    Collision acceptance rate      = 0.4740863101

    Number of DSMC particles        = 7659973
    Number of stuck particles       = 0
    Number of free particles        = 7659973
    Average linear kinetic energy   = 4.729923229e-19
    Average rotational energy       = 5.177556095e-20
    Average vibrational energy      = 3.049539919e-20
    Average electronic energy       = 0
    Total energy                    = 42.53301756

Stage 1.0  ExecutionTime = 610.6 s  ClockTime = 371 s  Iteration 2290 (0.89 s)

Time = 0.00092

    Collision global reduction skipped (rank 0 local diagnostics)
    Collisions                      = 4603
    Collision candidates           = 9781
    Collision acceptance rate      = 0.4706062775


Phase C auto DLB triggered (threshold) at step 2300: sar=0 loadImbalance=1.740047842 threshold=1.5 particleMaxMin=1
Phase C ParMETIS weights: particles=7671852 activeCells=104151 maxCellParticles=257
Phase C ParMETIS: alpha=1 ncon=1 ubvec=[1.05] moveRatio=0.933505608 (moveT=131.9656603s, collT=9.400025314s)
Phase C ParMETIS: AdaptiveRepart (104151 cells, 1 constraints, ubvec=1.05)
Replicated mesh: rank 0 owns 7952 / 104151 cells
Local mesh: 7952 owned + 254 halo = 8206 / 104151 cells
Phase C ParMETIS AdaptiveRepart: 83 / 104151 cells changed (0.0007969198567)
Phase C auto DLB complete: rebalance #44

    Number of DSMC particles        = 7671852
    Number of stuck particles       = 0
    Number of free particles        = 7671852
    Average linear kinetic energy   = 4.724974843e-19
    Average rotational energy       = 5.180025222e-20
    Average vibrational energy      = 3.051783339e-20
    Average electronic energy       = 0
    Total energy                    = 42.5646294

Stage 1.0  ExecutionTime = 614.51 s  ClockTime = 373 s  Iteration 2300 (1.11 s)

Time = 0.000924

    Collision global reduction skipped (rank 0 local diagnostics)
    Collisions                      = 4549
    Collision candidates           = 9861
    Collision acceptance rate      = 0.4613122401

    Number of DSMC particles        = 7683104
    Number of stuck particles       = 0
    Number of free particles        = 7683104
    Average linear kinetic energy   = 4.720472509e-19
    Average rotational energy       = 5.179629327e-20
    Average vibrational energy      = 3.052774788e-20
    Average electronic energy       = 0
    Total energy                    = 42.59292291

Stage 1.0  ExecutionTime = 618.2 s  ClockTime = 375 s  Iteration 2310 (0.84 s)

Time = 0.000928

    Collision global reduction skipped (rank 0 local diagnostics)
    Collisions                      = 4696
    Collision candidates           = 10040
    Collision acceptance rate      = 0.4677290837

    Number of DSMC particles        = 7694234
    Number of stuck particles       = 0
    Number of free particles        = 7694234
    Average linear kinetic energy   = 4.71550249e-19
    Average rotational energy       = 5.180709512e-20
    Average vibrational energy      = 3.053991368e-20
    Average electronic energy       = 0
    Total energy                    = 42.61815114

Stage 1.0  ExecutionTime = 621.96 s  ClockTime = 377 s  Iteration 2320 (0.84 s)

Time = 0.000932

    Collision global reduction skipped (rank 0 local diagnostics)
    Collisions                      = 4684
    Collision candidates           = 10140
    Collision acceptance rate      = 0.4619329389

    Number of DSMC particles        = 7705192
    Number of stuck particles       = 0
    Number of free particles        = 7705192
    Average linear kinetic energy   = 4.710259969e-19
    Average rotational energy       = 5.182489571e-20
    Average vibrational energy      = 3.057273982e-20
    Average electronic energy       = 0
    Total energy                    = 42.64235345

Stage 1.0  ExecutionTime = 625.73 s  ClockTime = 379 s  Iteration 2330 (0.82 s)

Time = 0.000936

    Collision global reduction skipped (rank 0 local diagnostics)
    Collisions                      = 4666
    Collision candidates           = 10249
    Collision acceptance rate      = 0.4552639282

    Number of DSMC particles        = 7716911
    Number of stuck particles       = 0
    Number of free particles        = 7716911
    Average linear kinetic energy   = 4.706234445e-19
    Average rotational energy       = 5.184376641e-20
    Average vibrational energy      = 3.057470776e-20
    Average electronic energy       = 0
    Total energy                    = 42.67775265

Stage 1.0  ExecutionTime = 629.53 s  ClockTime = 381 s  Iteration 2340 (0.8 s)

Time = 0.00094

    Collision global reduction skipped (rank 0 local diagnostics)
    Collisions                      = 4833
    Collision candidates           = 10418
    Collision acceptance rate      = 0.4639086197


Phase C auto DLB triggered (threshold) at step 2350: sar=0 loadImbalance=1.64156227 threshold=1.5 particleMaxMin=1
Phase C ParMETIS weights: particles=7727759 activeCells=104150 maxCellParticles=268
Phase C ParMETIS: alpha=1 ncon=1 ubvec=[1.05] moveRatio=0.9339375262 (moveT=136.9120482s, collT=9.684532787s)
Phase C ParMETIS: AdaptiveRepart (104151 cells, 1 constraints, ubvec=1.05)
Replicated mesh: rank 0 owns 7952 / 104151 cells
Local mesh: 7952 owned + 254 halo = 8206 / 104151 cells
Phase C ParMETIS AdaptiveRepart: 2 / 104151 cells changed (1.920288811e-05)
Phase C auto DLB complete: rebalance #45

    Number of DSMC particles        = 7727759
    Number of stuck particles       = 0
    Number of free particles        = 7727759
    Average linear kinetic energy   = 4.701771598e-19
    Average rotational energy       = 5.182448315e-20
    Average vibrational energy      = 3.059154849e-20
    Average electronic energy       = 0
    Total energy                    = 42.70307009

Stage 1.0  ExecutionTime = 633.51 s  ClockTime = 383 s  Iteration 2350 (0.95 s)

Time = 0.000944

    Collision global reduction skipped (rank 0 local diagnostics)
    Collisions                      = 4837
    Collision candidates           = 10504
    Collision acceptance rate      = 0.4604912414

    Number of DSMC particles        = 7739236
    Number of stuck particles       = 0
    Number of free particles        = 7739236
    Average linear kinetic energy   = 4.69802599e-19
    Average rotational energy       = 5.177144167e-20
    Average vibrational energy      = 3.058506301e-20
    Average electronic energy       = 0
    Total energy                    = 42.73289613

Stage 1.0  ExecutionTime = 637.34 s  ClockTime = 385 s  Iteration 2360 (0.77 s)

Time = 0.000948

    Collision global reduction skipped (rank 0 local diagnostics)
    Collisions                      = 4885
    Collision candidates           = 10597
    Collision acceptance rate      = 0.4609795225

    Number of DSMC particles        = 7750508
    Number of stuck particles       = 0
    Number of free particles        = 7750508
    Average linear kinetic energy   = 4.693327097e-19
    Average rotational energy       = 5.180631003e-20
    Average vibrational energy      = 3.059140233e-20
    Average electronic energy       = 0
    Total energy                    = 42.7619105

Stage 1.0  ExecutionTime = 641.2 s  ClockTime = 387 s  Iteration 2370 (0.76 s)

Time = 0.000952

    Collision global reduction skipped (rank 0 local diagnostics)
    Collisions                      = 4965
    Collision candidates           = 10629
    Collision acceptance rate      = 0.4671182614

    Number of DSMC particles        = 7761663
    Number of stuck particles       = 0
    Number of free particles        = 7761663
    Average linear kinetic energy   = 4.688975391e-19
    Average rotational energy       = 5.180602806e-20
    Average vibrational energy      = 3.058850189e-20
    Average electronic energy       = 0
    Total energy                    = 42.78943255

Stage 1.0  ExecutionTime = 645.06 s  ClockTime = 389 s  Iteration 2380 (0.74 s)

Time = 0.000956

    Collision global reduction skipped (rank 0 local diagnostics)
    Collisions                      = 4920
    Collision candidates           = 10794
    Collision acceptance rate      = 0.4558087827

    Number of DSMC particles        = 7772859
    Number of stuck particles       = 0
    Number of free particles        = 7772859
    Average linear kinetic energy   = 4.684053566e-19
    Average rotational energy       = 5.181537137e-20
    Average vibrational energy      = 3.061849055e-20
    Average electronic energy       = 0
    Total energy                    = 42.81595577

Stage 1.0  ExecutionTime = 648.95 s  ClockTime = 391 s  Iteration 2390 (0.75 s)

Time = 0.00096

    Collision global reduction skipped (rank 0 local diagnostics)
    Collisions                      = 4992
    Collision candidates           = 10952
    Collision acceptance rate      = 0.4558071585


Phase C auto DLB triggered (threshold) at step 2400: sar=0 loadImbalance=1.61050828 threshold=1.5 particleMaxMin=1
Phase C ParMETIS weights: particles=7784111 activeCells=104151 maxCellParticles=263
Phase C ParMETIS: alpha=1 ncon=1 ubvec=[1.05] moveRatio=0.9343595552 (moveT=142.1111764s, collT=9.983566586s)
Phase C ParMETIS: AdaptiveRepart (104151 cells, 1 constraints, ubvec=1.05)
Replicated mesh: rank 0 owns 7952 / 104151 cells
Local mesh: 7952 owned + 254 halo = 8206 / 104151 cells
Phase C ParMETIS AdaptiveRepart: 0 / 104151 cells changed (0)
Phase C auto DLB complete: rebalance #46

    Number of DSMC particles        = 7784111
    Number of stuck particles       = 0
    Number of free particles        = 7784111
    Average linear kinetic energy   = 4.679994876e-19
    Average rotational energy       = 5.175097941e-20
    Average vibrational energy      = 3.062752398e-20
    Average electronic energy       = 0
    Total energy                    = 42.84203374

Stage 1.0  ExecutionTime = 652.97 s  ClockTime = 393 s  Iteration 2400 (0.85 s)

Time = 0.000964

    Collision global reduction skipped (rank 0 local diagnostics)
    Collisions                      = 5013
    Collision candidates           = 10982
    Collision acceptance rate      = 0.4564742306

    Number of DSMC particles        = 7795458
    Number of stuck particles       = 0
    Number of free particles        = 7795458
    Average linear kinetic energy   = 4.67616564e-19
    Average rotational energy       = 5.170133662e-20
    Average vibrational energy      = 3.063655258e-20
    Average electronic energy       = 0
    Total energy                    = 42.87146842

Stage 1.0  ExecutionTime = 656.91 s  ClockTime = 395 s  Iteration 2410 (0.74 s)

Time = 0.000968

    Collision global reduction skipped (rank 0 local diagnostics)
    Collisions                      = 5240
    Collision candidates           = 11160
    Collision acceptance rate      = 0.4695340502

    Number of DSMC particles        = 7806866
    Number of stuck particles       = 0
    Number of free particles        = 7806866
    Average linear kinetic energy   = 4.671684521e-19
    Average rotational energy       = 5.174598221e-20
    Average vibrational energy      = 3.065405006e-20
    Average electronic energy       = 0
    Total energy                    = 42.90407515

Stage 1.0  ExecutionTime = 660.84 s  ClockTime = 397 s  Iteration 2420 (0.74 s)

Time = 0.000972

    Collision global reduction skipped (rank 0 local diagnostics)
    Collisions                      = 5151
    Collision candidates           = 11393
    Collision acceptance rate      = 0.4521197226

    Number of DSMC particles        = 7817777
    Number of stuck particles       = 0
    Number of free particles        = 7817777
    Average linear kinetic energy   = 4.668170813e-19
    Average rotational energy       = 5.173068046e-20
    Average vibrational energy      = 3.065727583e-20
    Average electronic energy       = 0
    Total energy                    = 42.93562511

Stage 1.0  ExecutionTime = 664.78 s  ClockTime = 399 s  Iteration 2430 (0.73 s)

Time = 0.000976

    Collision global reduction skipped (rank 0 local diagnostics)
    Collisions                      = 5251
    Collision candidates           = 11441
    Collision acceptance rate      = 0.4589633773

    Number of DSMC particles        = 7828492
    Number of stuck particles       = 0
    Number of free particles        = 7828492
    Average linear kinetic energy   = 4.664275583e-19
    Average rotational energy       = 5.174110629e-20
    Average vibrational energy      = 3.067851201e-20
    Average electronic energy       = 0
    Total energy                    = 42.96645731

Stage 1.0  ExecutionTime = 668.76 s  ClockTime = 401 s  Iteration 2440 (0.74 s)

Time = 0.00098

    Collision global reduction skipped (rank 0 local diagnostics)
    Collisions                      = 5295
    Collision candidates           = 11542
    Collision acceptance rate      = 0.4587593138


Phase C auto DLB triggered (threshold) at step 2450: sar=0 loadImbalance=1.699479745 threshold=1.5 particleMaxMin=1
Phase C ParMETIS weights: particles=7839404 activeCells=104151 maxCellParticles=264
Phase C ParMETIS: alpha=1 ncon=1 ubvec=[1.05] moveRatio=0.9347322256 (moveT=147.4357631s, collT=10.29471741s)
Phase C ParMETIS: AdaptiveRepart (104151 cells, 1 constraints, ubvec=1.05)
Replicated mesh: rank 0 owns 7952 / 104151 cells
Local mesh: 7952 owned + 254 halo = 8206 / 104151 cells
Phase C ParMETIS AdaptiveRepart: 0 / 104151 cells changed (0)
Phase C auto DLB complete: rebalance #47

    Number of DSMC particles        = 7839404
    Number of stuck particles       = 0
    Number of free particles        = 7839404
    Average linear kinetic energy   = 4.659580551e-19
    Average rotational energy       = 5.180795421e-20
    Average vibrational energy      = 3.067728942e-20
    Average electronic energy       = 0
    Total energy                    = 42.9946859

Stage 1.0  ExecutionTime = 672.89 s  ClockTime = 403 s  Iteration 2450 (0.89 s)

Time = 0.000984

    Collision global reduction skipped (rank 0 local diagnostics)
    Collisions                      = 5250
    Collision candidates           = 11572
    Collision acceptance rate      = 0.4536812997

    Number of DSMC particles        = 7850221
    Number of stuck particles       = 0
    Number of free particles        = 7850221
    Average linear kinetic energy   = 4.655767949e-19
    Average rotational energy       = 5.17646878e-20
    Average vibrational energy      = 3.069269698e-20
    Average electronic energy       = 0
    Total energy                    = 43.02189426

Stage 1.0  ExecutionTime = 676.89 s  ClockTime = 405 s  Iteration 2460 (0.71 s)

Time = 0.000988

    Collision global reduction skipped (rank 0 local diagnostics)
    Collisions                      = 5250
    Collision candidates           = 11630
    Collision acceptance rate      = 0.4514187446

    Number of DSMC particles        = 7861008
    Number of stuck particles       = 0
    Number of free particles        = 7861008
    Average linear kinetic energy   = 4.651846831e-19
    Average rotational energy       = 5.17742335e-20
    Average vibrational energy      = 3.070052727e-20
    Average electronic energy       = 0
    Total energy                    = 43.05155269

Stage 1.0  ExecutionTime = 680.86 s  ClockTime = 407 s  Iteration 2470 (0.7 s)

Time = 0.000992

    Collision global reduction skipped (rank 0 local diagnostics)
    Collisions                      = 5319
    Collision candidates           = 11802
    Collision acceptance rate      = 0.4506863244

    Number of DSMC particles        = 7871322
    Number of stuck particles       = 0
    Number of free particles        = 7871322
    Average linear kinetic energy   = 4.648394042e-19
    Average rotational energy       = 5.175935957e-20
    Average vibrational energy      = 3.070138892e-20
    Average electronic energy       = 0
    Total energy                    = 43.07975732

Stage 1.0  ExecutionTime = 684.92 s  ClockTime = 409 s  Iteration 2480 (0.74 s)

Time = 0.000996

    Collision global reduction skipped (rank 0 local diagnostics)
    Collisions                      = 5419
    Collision candidates           = 11972
    Collision acceptance rate      = 0.4526394921

    Number of DSMC particles        = 7881868
    Number of stuck particles       = 0
    Number of free particles        = 7881868
    Average linear kinetic energy   = 4.645132504e-19
    Average rotational energy       = 5.171318003e-20
    Average vibrational energy      = 3.071863256e-20
    Average electronic energy       = 0
    Total energy                    = 43.10948789

Stage 1.0  ExecutionTime = 688.95 s  ClockTime = 411 s  Iteration 2490 (0.75 s)

Time = 0.001

    Collision global reduction skipped (rank 0 local diagnostics)
    Collisions                      = 5562
    Collision candidates           = 12022
    Collision acceptance rate      = 0.462651805


Phase C auto DLB triggered (threshold) at step 2500: sar=0 loadImbalance=1.690223408 threshold=1.5 particleMaxMin=1
Phase C ParMETIS weights: particles=7892463 activeCells=104151 maxCellParticles=268
Phase C ParMETIS: alpha=1 ncon=1 ubvec=[1.05] moveRatio=0.9350978427 (moveT=152.8671171s, collT=10.61001879s)
Phase C ParMETIS: AdaptiveRepart (104151 cells, 1 constraints, ubvec=1.05)
Replicated mesh: rank 0 owns 7952 / 104151 cells
Local mesh: 7952 owned + 254 halo = 8206 / 104151 cells
Phase C ParMETIS AdaptiveRepart: 0 / 104151 cells changed (0)
Phase C auto DLB complete: rebalance #48

    Number of DSMC particles        = 7892463
    Number of stuck particles       = 0
    Number of free particles        = 7892463
    Average linear kinetic energy   = 4.641400974e-19
    Average rotational energy       = 5.171213764e-20
    Average vibrational energy      = 3.074186915e-20
    Average electronic energy       = 0
    Total energy                    = 43.13973743
Replicated mesh: wrote gathered cloud on rank0 at output time 0.001 with 7892463 parcels
Written cellOwner field at output time 0.001
Replicated mesh output timing:
    gather parcels [s]       = 1.19
    rank0 write [s]           = 18.61
    migrate-back [s]          = 0.83


Stage 1.0  ExecutionTime = 717.26 s  ClockTime = 438 s  Iteration 2500 (24.99 s)

    Maximum imbalance = 6.986906369%

Time = 0.001004

    Collision global reduction skipped (rank 0 local diagnostics)
    Collisions                      = 5466
    Collision candidates           = 12030
    Collision acceptance rate      = 0.4543640898

    Number of DSMC particles        = 7903177
    Number of stuck particles       = 0
    Number of free particles        = 7903177
    Average linear kinetic energy   = 4.636640551e-19
    Average rotational energy       = 5.178955913e-20
    Average vibrational energy      = 3.074210383e-20
    Average electronic energy       = 0
    Total energy                    = 43.16681436

Stage 1.0  ExecutionTime = 720.87 s  ClockTime = 440 s  Iteration 2510 (0.36 s)

Time = 0.001008

    Collision global reduction skipped (rank 0 local diagnostics)
    Collisions                      = 5534
    Collision candidates           = 12163
    Collision acceptance rate      = 0.4549864343

    Number of DSMC particles        = 7913894
    Number of stuck particles       = 0
    Number of free particles        = 7913894
    Average linear kinetic energy   = 4.6320307e-19
    Average rotational energy       = 5.183352111e-20
    Average vibrational energy      = 3.076369096e-20
    Average electronic energy       = 0
    Total energy                    = 43.19405578

Stage 1.0  ExecutionTime = 724.63 s  ClockTime = 442 s  Iteration 2520 (0.38 s)

Time = 0.001012

    Collision global reduction skipped (rank 0 local diagnostics)
    Collisions                      = 5599
    Collision candidates           = 12301
    Collision acceptance rate      = 0.4551662466

    Number of DSMC particles        = 7924059
    Number of stuck particles       = 0
    Number of free particles        = 7924059
    Average linear kinetic energy   = 4.628272346e-19
    Average rotational energy       = 5.184784522e-20
    Average vibrational energy      = 3.07839823e-20
    Average electronic energy       = 0
    Total energy                    = 43.2224979

Stage 1.0  ExecutionTime = 728.41 s  ClockTime = 443 s  Iteration 2530 (0.39 s)

Time = 0.001016

    Collision global reduction skipped (rank 0 local diagnostics)
    Collisions                      = 5439
    Collision candidates           = 12155
    Collision acceptance rate      = 0.4474701769

    Number of DSMC particles        = 7934307
    Number of stuck particles       = 0
    Number of free particles        = 7934307
    Average linear kinetic energy   = 4.625535385e-19
    Average rotational energy       = 5.178754144e-20
    Average vibrational energy      = 3.079808159e-20
    Average electronic energy       = 0
    Total energy                    = 43.25301465

Stage 1.0  ExecutionTime = 732.17 s  ClockTime = 445 s  Iteration 2540 (0.38 s)

Time = 0.00102

    Collision global reduction skipped (rank 0 local diagnostics)
    Collisions                      = 5762
    Collision candidates           = 12485
    Collision acceptance rate      = 0.4615138166


Phase C auto DLB triggered (threshold) at step 2550: sar=0 loadImbalance=1.50520133e+16 threshold=1.5 particleMaxMin=1
Phase C ParMETIS weights: particles=7944525 activeCells=104150 maxCellParticles=267
Phase C ParMETIS: alpha=1 ncon=1 ubvec=[1.05] moveRatio=0.9354152628 (moveT=158.3256391s, collT=10.93142287s)
Phase C ParMETIS: AdaptiveRepart (104151 cells, 1 constraints, ubvec=1.05)
Replicated mesh: rank 0 owns 7952 / 104151 cells
Local mesh: 7952 owned + 254 halo = 8206 / 104151 cells
Phase C ParMETIS AdaptiveRepart: 0 / 104151 cells changed (0)
Phase C auto DLB complete: rebalance #49

    Number of DSMC particles        = 7944525
    Number of stuck particles       = 0
    Number of free particles        = 7944525
    Average linear kinetic energy   = 4.621690904e-19
    Average rotational energy       = 5.179935515e-20
    Average vibrational energy      = 3.080289635e-20
    Average electronic energy       = 0
    Total energy                    = 43.27949545

Stage 1.0  ExecutionTime = 736.17 s  ClockTime = 447 s  Iteration 2550 (0.61 s)

Time = 0.001024

    Collision global reduction skipped (rank 0 local diagnostics)
    Collisions                      = 5757
    Collision candidates           = 12461
    Collision acceptance rate      = 0.4620014445

    Number of DSMC particles        = 7954388
    Number of stuck particles       = 0
    Number of free particles        = 7954388
    Average linear kinetic energy   = 4.618000674e-19
    Average rotational energy       = 5.180036056e-20
    Average vibrational energy      = 3.080399603e-20
    Average electronic energy       = 0
    Total energy                    = 43.30404017

Stage 1.0  ExecutionTime = 739.99 s  ClockTime = 449 s  Iteration 2560 (0.39 s)

Time = 0.001028

    Collision global reduction skipped (rank 0 local diagnostics)
    Collisions                      = 5757
    Collision candidates           = 12718
    Collision acceptance rate      = 0.4526655134

    Number of DSMC particles        = 7963885
    Number of stuck particles       = 0
    Number of free particles        = 7963885
    Average linear kinetic energy   = 4.6147138e-19
    Average rotational energy       = 5.179886776e-20
    Average vibrational energy      = 3.08169375e-20
    Average electronic energy       = 0
    Total energy                    = 43.33047773

Stage 1.0  ExecutionTime = 743.8 s  ClockTime = 451 s  Iteration 2570 (0.4 s)

Time = 0.001032

    Collision global reduction skipped (rank 0 local diagnostics)
    Collisions                      = 5783
    Collision candidates           = 12615
    Collision acceptance rate      = 0.4584225129

    Number of DSMC particles        = 7973445
    Number of stuck particles       = 0
    Number of free particles        = 7973445
    Average linear kinetic energy   = 4.611541309e-19
    Average rotational energy       = 5.178690617e-20
    Average vibrational energy      = 3.084056418e-20
    Average electronic energy       = 0
    Total energy                    = 43.35812689

Stage 1.0  ExecutionTime = 747.64 s  ClockTime = 453 s  Iteration 2580 (0.42 s)

Time = 0.001036

    Collision global reduction skipped (rank 0 local diagnostics)
    Collisions                      = 5763
    Collision candidates           = 12706
    Collision acceptance rate      = 0.4535652448

    Number of DSMC particles        = 7982969
    Number of stuck particles       = 0
    Number of free particles        = 7982969
    Average linear kinetic energy   = 4.607857091e-19
    Average rotational energy       = 5.17811893e-20
    Average vibrational energy      = 3.08400403e-20
    Average electronic energy       = 0
    Total energy                    = 43.38000746

Stage 1.0  ExecutionTime = 751.51 s  ClockTime = 455 s  Iteration 2590 (0.45 s)

Time = 0.00104

    Collision global reduction skipped (rank 0 local diagnostics)
    Collisions                      = 5821
    Collision candidates           = 12798
    Collision acceptance rate      = 0.4548366932


Phase C auto DLB triggered (threshold) at step 2600: sar=0 loadImbalance=1.63199594 threshold=1.5 particleMaxMin=1
Phase C ParMETIS weights: particles=7992222 activeCells=104151 maxCellParticles=270
Phase C ParMETIS: alpha=1 ncon=1 ubvec=[1.05] moveRatio=0.9357023679 (moveT=163.8807098s, collT=11.26121078s)
Phase C ParMETIS: AdaptiveRepart (104151 cells, 1 constraints, ubvec=1.05)
Replicated mesh: rank 0 owns 4208 / 104151 cells
Local mesh: 4208 owned + 151 halo = 4359 / 104151 cells
Phase C ParMETIS AdaptiveRepart: 83286 / 104151 cells changed (0.7996658697)
Phase C auto DLB complete: rebalance #50

    Number of DSMC particles        = 7992222
    Number of stuck particles       = 0
    Number of free particles        = 7992222
    Average linear kinetic energy   = 4.604237012e-19
    Average rotational energy       = 5.178930759e-20
    Average vibrational energy      = 3.086389532e-20
    Average electronic energy       = 0
    Total energy                    = 43.40391181

Stage 1.0  ExecutionTime = 755.84 s  ClockTime = 457 s  Iteration 2600 (0.89 s)

Time = 0.001044

    Collision global reduction skipped (rank 0 local diagnostics)
    Collisions                      = 10906
    Collision candidates           = 18263
    Collision acceptance rate      = 0.5971636642

    Number of DSMC particles        = 8000461
    Number of stuck particles       = 0
    Number of free particles        = 8000461
    Average linear kinetic energy   = 4.602428853e-19
    Average rotational energy       = 5.176845739e-20
    Average vibrational energy      = 3.086186444e-20
    Average electronic energy       = 0
    Total energy                    = 43.43235922

Stage 1.0  ExecutionTime = 759.1 s  ClockTime = 459 s  Iteration 2610 (1.1 s)

Time = 0.001048

    Collision global reduction skipped (rank 0 local diagnostics)
    Collisions                      = 11083
    Collision candidates           = 19328
    Collision acceptance rate      = 0.5734168046

    Number of DSMC particles        = 8009968
    Number of stuck particles       = 0
    Number of free particles        = 8009968
    Average linear kinetic energy   = 4.59851607e-19
    Average rotational energy       = 5.181175796e-20
    Average vibrational energy      = 3.088201826e-20
    Average electronic energy       = 0
    Total energy                    = 43.45771158

Stage 1.0  ExecutionTime = 762.51 s  ClockTime = 461 s  Iteration 2620 (1.05 s)

Time = 0.001052

    Collision global reduction skipped (rank 0 local diagnostics)
    Collisions                      = 11155
    Collision candidates           = 19987
    Collision acceptance rate      = 0.5581127733

    Number of DSMC particles        = 8019828
    Number of stuck particles       = 0
    Number of free particles        = 8019828
    Average linear kinetic energy   = 4.595048379e-19
    Average rotational energy       = 5.18121961e-20
    Average vibrational energy      = 3.089630115e-20
    Average electronic energy       = 0
    Total energy                    = 43.48457687

Stage 1.0  ExecutionTime = 766 s  ClockTime = 463 s  Iteration 2630 (1.03 s)

Time = 0.001056

    Collision global reduction skipped (rank 0 local diagnostics)
    Collisions                      = 11347
    Collision candidates           = 20496
    Collision acceptance rate      = 0.5536202186

    Number of DSMC particles        = 8029139
    Number of stuck particles       = 0
    Number of free particles        = 8029139
    Average linear kinetic energy   = 4.591677143e-19
    Average rotational energy       = 5.178657062e-20
    Average vibrational energy      = 3.092555845e-20
    Average electronic energy       = 0
    Total energy                    = 43.50828584

Stage 1.0  ExecutionTime = 769.58 s  ClockTime = 465 s  Iteration 2640 (0.99 s)

Time = 0.00106

    Collision global reduction skipped (rank 0 local diagnostics)
    Collisions                      = 11653
    Collision candidates           = 21245
    Collision acceptance rate      = 0.5485055307


Phase C auto DLB triggered (threshold) at step 2650: sar=0 loadImbalance=1.847122377 threshold=1.5 particleMaxMin=1
Phase C ParMETIS weights: particles=8038654 activeCells=104151 maxCellParticles=269
Phase C ParMETIS: alpha=1 ncon=1 ubvec=[1.05] moveRatio=0.9351634664 (moveT=167.7557323s, collT=11.630801s)
Phase C ParMETIS: AdaptiveRepart (104151 cells, 1 constraints, ubvec=1.05)
Replicated mesh: rank 0 owns 4156 / 104151 cells
Local mesh: 4156 owned + 147 halo = 4303 / 104151 cells
Phase C ParMETIS AdaptiveRepart: 167 / 104151 cells changed (0.001603441158)
Phase C auto DLB complete: rebalance #51

    Number of DSMC particles        = 8038654
    Number of stuck particles       = 0
    Number of free particles        = 8038654
    Average linear kinetic energy   = 4.588211007e-19
    Average rotational energy       = 5.179266441e-20
    Average vibrational energy      = 3.092108838e-20
    Average electronic energy       = 0
    Total energy                    = 43.53211316

Stage 1.0  ExecutionTime = 773.41 s  ClockTime = 467 s  Iteration 2650 (1.14 s)

Time = 0.001064

    Collision global reduction skipped (rank 0 local diagnostics)
    Collisions                      = 11935
    Collision candidates           = 22115
    Collision acceptance rate      = 0.5396789509

    Number of DSMC particles        = 8047573
    Number of stuck particles       = 0
    Number of free particles        = 8047573
    Average linear kinetic energy   = 4.585079998e-19
    Average rotational energy       = 5.177393568e-20
    Average vibrational energy      = 3.09380655e-20
    Average electronic energy       = 0
    Total energy                    = 43.55507467

Stage 1.0  ExecutionTime = 777.09 s  ClockTime = 469 s  Iteration 2660 (0.91 s)

Time = 0.001068

    Collision global reduction skipped (rank 0 local diagnostics)
    Collisions                      = 12149
    Collision candidates           = 22630
    Collision acceptance rate      = 0.536853734

    Number of DSMC particles        = 8056533
    Number of stuck particles       = 0
    Number of free particles        = 8056533
    Average linear kinetic energy   = 4.581955041e-19
    Average rotational energy       = 5.177803246e-20
    Average vibrational energy      = 3.095723795e-20
    Average electronic energy       = 0
    Total energy                    = 43.58026636

Stage 1.0  ExecutionTime = 780.83 s  ClockTime = 471 s  Iteration 2670 (0.89 s)

Time = 0.001072

    Collision global reduction skipped (rank 0 local diagnostics)
    Collisions                      = 12333
    Collision candidates           = 23048
    Collision acceptance rate      = 0.5351006595

    Number of DSMC particles        = 8065968
    Number of stuck particles       = 0
    Number of free particles        = 8065968
    Average linear kinetic energy   = 4.578209765e-19
    Average rotational energy       = 5.180794453e-20
    Average vibrational energy      = 3.095956602e-20
    Average electronic energy       = 0
    Total energy                    = 43.60369438

Stage 1.0  ExecutionTime = 784.66 s  ClockTime = 473 s  Iteration 2680 (0.88 s)

Time = 0.001076

    Collision global reduction skipped (rank 0 local diagnostics)
    Collisions                      = 12651
    Collision candidates           = 23469
    Collision acceptance rate      = 0.5390515148

    Number of DSMC particles        = 8074352
    Number of stuck particles       = 0
    Number of free particles        = 8074352
    Average linear kinetic energy   = 4.574831933e-19
    Average rotational energy       = 5.184912273e-20
    Average vibrational energy      = 3.097367986e-20
    Average electronic energy       = 0
    Total energy                    = 43.62620799

Stage 1.0  ExecutionTime = 788.52 s  ClockTime = 475 s  Iteration 2690 (0.82 s)

Time = 0.00108

    Collision global reduction skipped (rank 0 local diagnostics)
    Collisions                      = 12627
    Collision candidates           = 23904
    Collision acceptance rate      = 0.5282379518


Phase C auto DLB triggered (threshold) at step 2700: sar=0 loadImbalance=1.829686781 threshold=1.5 particleMaxMin=1
Phase C ParMETIS weights: particles=8082658 activeCells=104151 maxCellParticles=270
Phase C ParMETIS: alpha=1 ncon=1 ubvec=[1.05] moveRatio=0.9346791977 (moveT=172.3876264s, collT=12.04744697s)
Phase C ParMETIS: AdaptiveRepart (104151 cells, 1 constraints, ubvec=1.05)
Replicated mesh: rank 0 owns 4157 / 104151 cells
Local mesh: 4157 owned + 147 halo = 4304 / 104151 cells
Phase C ParMETIS AdaptiveRepart: 97 / 104151 cells changed (0.0009313400735)
Phase C auto DLB complete: rebalance #52

    Number of DSMC particles        = 8082658
    Number of stuck particles       = 0
    Number of free particles        = 8082658
    Average linear kinetic energy   = 4.571936345e-19
    Average rotational energy       = 5.181567093e-20
    Average vibrational energy      = 3.097319607e-20
    Average electronic energy       = 0
    Total energy                    = 43.64493886

Stage 1.0  ExecutionTime = 792.68 s  ClockTime = 478 s  Iteration 2700 (1.05 s)

Time = 0.001084

    Collision global reduction skipped (rank 0 local diagnostics)
    Collisions                      = 12907
    Collision candidates           = 24355
    Collision acceptance rate      = 0.5299527818

    Number of DSMC particles        = 8091164
    Number of stuck particles       = 0
    Number of free particles        = 8091164
    Average linear kinetic energy   = 4.569069048e-19
    Average rotational energy       = 5.180306748e-20
    Average vibrational energy      = 3.097739041e-20
    Average electronic energy       = 0
    Total energy                    = 43.66698961

Stage 1.0  ExecutionTime = 796.63 s  ClockTime = 480 s  Iteration 2710 (0.78 s)

Time = 0.001088

    Collision global reduction skipped (rank 0 local diagnostics)
    Collisions                      = 13028
    Collision candidates           = 24704
    Collision acceptance rate      = 0.5273639896

    Number of DSMC particles        = 8100036
    Number of stuck particles       = 0
    Number of free particles        = 8100036
    Average linear kinetic energy   = 4.565749477e-19
    Average rotational energy       = 5.180893499e-20
    Average vibrational energy      = 3.098239874e-20
    Average electronic energy       = 0
    Total energy                    = 43.68886296

Stage 1.0  ExecutionTime = 800.63 s  ClockTime = 482 s  Iteration 2720 (0.75 s)

Time = 0.001092

    Collision global reduction skipped (rank 0 local diagnostics)
    Collisions                      = 13104
    Collision candidates           = 25130
    Collision acceptance rate      = 0.521448468

    Number of DSMC particles        = 8108997
    Number of stuck particles       = 0
    Number of free particles        = 8108997
    Average linear kinetic energy   = 4.563152683e-19
    Average rotational energy       = 5.177689867e-20
    Average vibrational energy      = 3.098927713e-20
    Average electronic energy       = 0
    Total energy                    = 43.71409813

Stage 1.0  ExecutionTime = 804.69 s  ClockTime = 484 s  Iteration 2730 (0.73 s)

Time = 0.001096

    Collision global reduction skipped (rank 0 local diagnostics)
    Collisions                      = 13172
    Collision candidates           = 25393
    Collision acceptance rate      = 0.518725633

    Number of DSMC particles        = 8117192
    Number of stuck particles       = 0
    Number of free particles        = 8117192
    Average linear kinetic energy   = 4.559888955e-19
    Average rotational energy       = 5.178709622e-20
    Average vibrational energy      = 3.100983384e-20
    Average electronic energy       = 0
    Total energy                    = 43.73427993

Stage 1.0  ExecutionTime = 808.77 s  ClockTime = 486 s  Iteration 2740 (0.66 s)

Time = 0.0011

    Collision global reduction skipped (rank 0 local diagnostics)
    Collisions                      = 13395
    Collision candidates           = 25852
    Collision acceptance rate      = 0.5181417298


Phase C auto DLB triggered (threshold) at step 2750: sar=0 loadImbalance=1.762571249 threshold=1.5 particleMaxMin=1
Phase C ParMETIS weights: particles=8125701 activeCells=104151 maxCellParticles=266
Phase C ParMETIS: alpha=1 ncon=1 ubvec=[1.05] moveRatio=0.9342161115 (moveT=177.5351454s, collT=12.5013389s)
Phase C ParMETIS: AdaptiveRepart (104151 cells, 1 constraints, ubvec=1.05)
Replicated mesh: rank 0 owns 4157 / 104151 cells
Local mesh: 4157 owned + 147 halo = 4304 / 104151 cells
Phase C ParMETIS AdaptiveRepart: 47 / 104151 cells changed (0.0004512678707)
Phase C auto DLB complete: rebalance #53

    Number of DSMC particles        = 8125701
    Number of stuck particles       = 0
    Number of free particles        = 8125701
    Average linear kinetic energy   = 4.557143518e-19
    Average rotational energy       = 5.179765677e-20
    Average vibrational energy      = 3.10169815e-20
    Average electronic energy       = 0
    Total energy                    = 43.75925553

Stage 1.0  ExecutionTime = 813.09 s  ClockTime = 488 s  Iteration 2750 (0.82 s)

Time = 0.001104

    Collision global reduction skipped (rank 0 local diagnostics)
    Collisions                      = 13697
    Collision candidates           = 26238
    Collision acceptance rate      = 0.5220291181

    Number of DSMC particles        = 8133792
    Number of stuck particles       = 0
    Number of free particles        = 8133792
    Average linear kinetic energy   = 4.554431801e-19
    Average rotational energy       = 5.173468563e-20
    Average vibrational energy      = 3.101377381e-20
    Average electronic energy       = 0
    Total energy                    = 43.77538852

Stage 1.0  ExecutionTime = 817.17 s  ClockTime = 490 s  Iteration 2760 (0.59 s)

Time = 0.001108

    Collision global reduction skipped (rank 0 local diagnostics)
    Collisions                      = 13637
    Collision candidates           = 26590
    Collision acceptance rate      = 0.5128619782

    Number of DSMC particles        = 8142178
    Number of stuck particles       = 0
    Number of free particles        = 8142178
    Average linear kinetic energy   = 4.551257317e-19
    Average rotational energy       = 5.174427434e-20
    Average vibrational energy      = 3.102965481e-20
    Average electronic energy       = 0
    Total energy                    = 43.79674785

Stage 1.0  ExecutionTime = 821.26 s  ClockTime = 492 s  Iteration 2770 (0.54 s)

Time = 0.001112

    Collision global reduction skipped (rank 0 local diagnostics)
    Collisions                      = 13732
    Collision candidates           = 26914
    Collision acceptance rate      = 0.5102177305

    Number of DSMC particles        = 8150529
    Number of stuck particles       = 0
    Number of free particles        = 8150529
    Average linear kinetic energy   = 4.548290989e-19
    Average rotational energy       = 5.170198978e-20
    Average vibrational energy      = 3.104018001e-20
    Average electronic energy       = 0
    Total energy                    = 43.81490215

Stage 1.0  ExecutionTime = 825.39 s  ClockTime = 494 s  Iteration 2780 (0.54 s)

Time = 0.001116

    Collision global reduction skipped (rank 0 local diagnostics)
    Collisions                      = 13771
    Collision candidates           = 27098
    Collision acceptance rate      = 0.5081924865

    Number of DSMC particles        = 8157983
    Number of stuck particles       = 0
    Number of free particles        = 8157983
    Average linear kinetic energy   = 4.545520584e-19
    Average rotational energy       = 5.172442344e-20
    Average vibrational energy      = 3.104456193e-20
    Average electronic energy       = 0
    Total energy                    = 43.83455941

Stage 1.0  ExecutionTime = 829.52 s  ClockTime = 496 s  Iteration 2790 (0.53 s)

Time = 0.00112

    Collision global reduction skipped (rank 0 local diagnostics)
    Collisions                      = 14057
    Collision candidates           = 27321
    Collision acceptance rate      = 0.514512646


Phase C auto DLB triggered (threshold) at step 2800: sar=0 loadImbalance=1.737251819 threshold=1.5 particleMaxMin=1
Phase C ParMETIS weights: particles=8165946 activeCells=104151 maxCellParticles=272
Phase C ParMETIS: alpha=1 ncon=1 ubvec=[1.05] moveRatio=0.9337070562 (moveT=182.9393931s, collT=12.98864653s)
Phase C ParMETIS: AdaptiveRepart (104151 cells, 1 constraints, ubvec=1.05)
Replicated mesh: rank 0 owns 4157 / 104151 cells
Local mesh: 4157 owned + 147 halo = 4304 / 104151 cells
Phase C ParMETIS AdaptiveRepart: 12 / 104151 cells changed (0.0001152173287)
Phase C auto DLB complete: rebalance #54

    Number of DSMC particles        = 8165946
    Number of stuck particles       = 0
    Number of free particles        = 8165946
    Average linear kinetic energy   = 4.542433608e-19
    Average rotational energy       = 5.175611803e-20
    Average vibrational energy      = 3.10530478e-20
    Average electronic energy       = 0
    Total energy                    = 43.85541932

Stage 1.0  ExecutionTime = 833.94 s  ClockTime = 499 s  Iteration 2800 (0.8 s)

Time = 0.001124

    Collision global reduction skipped (rank 0 local diagnostics)
    Collisions                      = 14161
    Collision candidates           = 27696
    Collision acceptance rate      = 0.5113012709

    Number of DSMC particles        = 8174111
    Number of stuck particles       = 0
    Number of free particles        = 8174111
    Average linear kinetic energy   = 4.53955284e-19
    Average rotational energy       = 5.175291053e-20
    Average vibrational energy      = 3.105302136e-20
    Average electronic energy       = 0
    Total energy                    = 43.8754576

Stage 1.0  ExecutionTime = 838.06 s  ClockTime = 501 s  Iteration 2810 (0.53 s)

Time = 0.001128

    Collision global reduction skipped (rank 0 local diagnostics)
    Collisions                      = 14315
    Collision candidates           = 28006
    Collision acceptance rate      = 0.5111404699

    Number of DSMC particles        = 8182690
    Number of stuck particles       = 0
    Number of free particles        = 8182690
    Average linear kinetic energy   = 4.536733543e-19
    Average rotational energy       = 5.174125993e-20
    Average vibrational energy      = 3.106284529e-20
    Average electronic energy       = 0
    Total energy                    = 43.89828743

Stage 1.0  ExecutionTime = 842.23 s  ClockTime = 503 s  Iteration 2820 (0.51 s)

Time = 0.001132

    Collision global reduction skipped (rank 0 local diagnostics)
    Collisions                      = 14373
    Collision candidates           = 28142
    Collision acceptance rate      = 0.5107312913

    Number of DSMC particles        = 8190693
    Number of stuck particles       = 0
    Number of free particles        = 8190693
    Average linear kinetic energy   = 4.533752526e-19
    Average rotational energy       = 5.173603967e-20
    Average vibrational energy      = 3.106632279e-20
    Average electronic energy       = 0
    Total energy                    = 43.91666238

Stage 1.0  ExecutionTime = 846.4 s  ClockTime = 505 s  Iteration 2830 (0.48 s)

Time = 0.001136

    Collision global reduction skipped (rank 0 local diagnostics)
    Collisions                      = 14577
    Collision candidates           = 28518
    Collision acceptance rate      = 0.5111508521

    Number of DSMC particles        = 8198554
    Number of stuck particles       = 0
    Number of free particles        = 8198554
    Average linear kinetic energy   = 4.530953947e-19
    Average rotational energy       = 5.17618251e-20
    Average vibrational energy      = 3.107298453e-20
    Average electronic energy       = 0
    Total energy                    = 43.9385272

Stage 1.0  ExecutionTime = 850.6 s  ClockTime = 507 s  Iteration 2840 (0.5 s)

Time = 0.00114

    Collision global reduction skipped (rank 0 local diagnostics)
    Collisions                      = 14649
    Collision candidates           = 28971
    Collision acceptance rate      = 0.5056435746


Phase C auto DLB triggered (threshold) at step 2850: sar=0 loadImbalance=1.735729378 threshold=1.5 particleMaxMin=1
Phase C ParMETIS weights: particles=8206132 activeCells=104151 maxCellParticles=275
Phase C ParMETIS: alpha=1 ncon=1 ubvec=[1.05] moveRatio=0.9331706898 (moveT=188.470782s, collT=13.49739388s)
Phase C ParMETIS: AdaptiveRepart (104151 cells, 1 constraints, ubvec=1.05)
Replicated mesh: rank 0 owns 4157 / 104151 cells
Local mesh: 4157 owned + 147 halo = 4304 / 104151 cells
Phase C ParMETIS AdaptiveRepart: 0 / 104151 cells changed (0)
Phase C auto DLB complete: rebalance #55

    Number of DSMC particles        = 8206132
    Number of stuck particles       = 0
    Number of free particles        = 8206132
    Average linear kinetic energy   = 4.528072835e-19
    Average rotational energy       = 5.174790144e-20
    Average vibrational energy      = 3.108807609e-20
    Average electronic energy       = 0
    Total energy                    = 43.95559305

Stage 1.0  ExecutionTime = 855.02 s  ClockTime = 509 s  Iteration 2850 (0.7 s)

Time = 0.001144

    Collision global reduction skipped (rank 0 local diagnostics)
    Collisions                      = 14896
    Collision candidates           = 29159
    Collision acceptance rate      = 0.5108542817

    Number of DSMC particles        = 8214136
    Number of stuck particles       = 0
    Number of free particles        = 8214136
    Average linear kinetic energy   = 4.525104658e-19
    Average rotational energy       = 5.172828636e-20
    Average vibrational energy      = 3.108892519e-20
    Average electronic energy       = 0
    Total energy                    = 43.97254347

Stage 1.0  ExecutionTime = 859.2 s  ClockTime = 511 s  Iteration 2860 (0.46 s)

Time = 0.001148

    Collision global reduction skipped (rank 0 local diagnostics)
    Collisions                      = 14993
    Collision candidates           = 29323
    Collision acceptance rate      = 0.5113051188

    Number of DSMC particles        = 8221736
    Number of stuck particles       = 0
    Number of free particles        = 8221736
    Average linear kinetic energy   = 4.521928127e-19
    Average rotational energy       = 5.17517778e-20
    Average vibrational energy      = 3.10845239e-20
    Average electronic energy       = 0
    Total energy                    = 43.98868131

Stage 1.0  ExecutionTime = 863.4 s  ClockTime = 513 s  Iteration 2870 (0.43 s)

Time = 0.001152

    Collision global reduction skipped (rank 0 local diagnostics)
    Collisions                      = 14981
    Collision candidates           = 29515
    Collision acceptance rate      = 0.5075724208

    Number of DSMC particles        = 8229632
    Number of stuck particles       = 0
    Number of free particles        = 8229632
    Average linear kinetic energy   = 4.51936735e-19
    Average rotational energy       = 5.172312279e-20
    Average vibrational energy      = 3.108673875e-20
    Average electronic energy       = 0
    Total energy                    = 44.00767703

Stage 1.0  ExecutionTime = 867.61 s  ClockTime = 515 s  Iteration 2880 (0.45 s)

Time = 0.001156

    Collision global reduction skipped (rank 0 local diagnostics)
    Collisions                      = 15132
    Collision candidates           = 29865
    Collision acceptance rate      = 0.5066800603

    Number of DSMC particles        = 8237501
    Number of stuck particles       = 0
    Number of free particles        = 8237501
    Average linear kinetic energy   = 4.516833607e-19
    Average rotational energy       = 5.172419586e-20
    Average vibrational energy      = 3.109482113e-20
    Average electronic energy       = 0
    Total energy                    = 44.02963871

Stage 1.0  ExecutionTime = 871.82 s  ClockTime = 518 s  Iteration 2890 (0.44 s)

Time = 0.00116

    Collision global reduction skipped (rank 0 local diagnostics)
    Collisions                      = 15278
    Collision candidates           = 30215
    Collision acceptance rate      = 0.5056428926


Phase C auto DLB triggered (threshold) at step 2900: sar=0 loadImbalance=1.740901832 threshold=1.5 particleMaxMin=1
Phase C ParMETIS weights: particles=8244691 activeCells=104151 maxCellParticles=271
Phase C ParMETIS: alpha=1 ncon=1 ubvec=[1.05] moveRatio=0.9325994746 (moveT=194.1064962s, collT=14.02840145s)
Phase C ParMETIS: AdaptiveRepart (104151 cells, 1 constraints, ubvec=1.05)
Replicated mesh: rank 0 owns 4157 / 104151 cells
Local mesh: 4157 owned + 147 halo = 4304 / 104151 cells
Phase C ParMETIS AdaptiveRepart: 34 / 104151 cells changed (0.0003264490979)
Phase C auto DLB complete: rebalance #56

    Number of DSMC particles        = 8244691
    Number of stuck particles       = 0
    Number of free particles        = 8244691
    Average linear kinetic energy   = 4.514593467e-19
    Average rotational energy       = 5.17104966e-20
    Average vibrational energy      = 3.110568426e-20
    Average electronic energy       = 0
    Total energy                    = 44.04936634

Stage 1.0  ExecutionTime = 876.33 s  ClockTime = 520 s  Iteration 2900 (0.74 s)

Time = 0.001164

    Collision global reduction skipped (rank 0 local diagnostics)
    Collisions                      = 15393
    Collision candidates           = 30471
    Collision acceptance rate      = 0.5051688491

    Number of DSMC particles        = 8252577
    Number of stuck particles       = 0
    Number of free particles        = 8252577
    Average linear kinetic energy   = 4.511184104e-19
    Average rotational energy       = 5.175920539e-20
    Average vibrational energy      = 3.111735407e-20
    Average electronic energy       = 0
    Total energy                    = 44.06834607

Stage 1.0  ExecutionTime = 880.54 s  ClockTime = 522 s  Iteration 2910 (0.45 s)

Time = 0.001168

    Collision global reduction skipped (rank 0 local diagnostics)
    Collisions                      = 15361
    Collision candidates           = 30647
    Collision acceptance rate      = 0.5012236108

    Number of DSMC particles        = 8260701
    Number of stuck particles       = 0
    Number of free particles        = 8260701
    Average linear kinetic energy   = 4.508417727e-19
    Average rotational energy       = 5.173664917e-20
    Average vibrational energy      = 3.112654106e-20
    Average electronic energy       = 0
    Total energy                    = 44.08777121

Stage 1.0  ExecutionTime = 884.81 s  ClockTime = 524 s  Iteration 2920 (0.45 s)

Time = 0.001172

    Collision global reduction skipped (rank 0 local diagnostics)
    Collisions                      = 15605
    Collision candidates           = 30973
    Collision acceptance rate      = 0.5038259129

    Number of DSMC particles        = 8268347
    Number of stuck particles       = 0
    Number of free particles        = 8268347
    Average linear kinetic energy   = 4.506056886e-19
    Average rotational energy       = 5.16992664e-20
    Average vibrational energy      = 3.113558519e-20
    Average electronic energy       = 0
    Total energy                    = 44.1067149

Stage 1.0  ExecutionTime = 889.11 s  ClockTime = 526 s  Iteration 2930 (0.45 s)

Time = 0.001176

    Collision global reduction skipped (rank 0 local diagnostics)
    Collisions                      = 15646
    Collision candidates           = 31179
    Collision acceptance rate      = 0.5018121171

    Number of DSMC particles        = 8276190
    Number of stuck particles       = 0
    Number of free particles        = 8276190
    Average linear kinetic energy   = 4.50304876e-19
    Average rotational energy       = 5.169441074e-20
    Average vibrational energy      = 3.116077488e-20
    Average electronic energy       = 0
    Total energy                    = 44.12533971

Stage 1.0  ExecutionTime = 893.42 s  ClockTime = 528 s  Iteration 2940 (0.46 s)

Time = 0.00118

    Collision global reduction skipped (rank 0 local diagnostics)
    Collisions                      = 15842
    Collision candidates           = 31446
    Collision acceptance rate      = 0.5037842651


Phase C auto DLB triggered (threshold) at step 2950: sar=0 loadImbalance=1.736465114 threshold=1.5 particleMaxMin=1
Phase C ParMETIS weights: particles=8283973 activeCells=104150 maxCellParticles=286
Phase C ParMETIS: alpha=1 ncon=1 ubvec=[1.05] moveRatio=0.9320022653 (moveT=199.8416389s, collT=14.58019925s)
Phase C ParMETIS: AdaptiveRepart (104151 cells, 1 constraints, ubvec=1.05)
Replicated mesh: rank 0 owns 4157 / 104151 cells
Local mesh: 4157 owned + 147 halo = 4304 / 104151 cells
Phase C ParMETIS AdaptiveRepart: 5 / 104151 cells changed (4.800722029e-05)
Phase C auto DLB complete: rebalance #57

    Number of DSMC particles        = 8283973
    Number of stuck particles       = 0
    Number of free particles        = 8283973
    Average linear kinetic energy   = 4.500445944e-19
    Average rotational energy       = 5.168974948e-20
    Average vibrational energy      = 3.11516334e-20
    Average electronic energy       = 0
    Total energy                    = 44.14413048

Stage 1.0  ExecutionTime = 898.11 s  ClockTime = 531 s  Iteration 2950 (0.83 s)

Time = 0.001184

    Collision global reduction skipped (rank 0 local diagnostics)
    Collisions                      = 15804
    Collision candidates           = 31527
    Collision acceptance rate      = 0.5012846132

    Number of DSMC particles        = 8291543
    Number of stuck particles       = 0
    Number of free particles        = 8291543
    Average linear kinetic energy   = 4.497500162e-19
    Average rotational energy       = 5.171833279e-20
    Average vibrational energy      = 3.114353657e-20
    Average electronic energy       = 0
    Total energy                    = 44.16174351

Stage 1.0  ExecutionTime = 902.38 s  ClockTime = 533 s  Iteration 2960 (0.45 s)

Time = 0.001188

    Collision global reduction skipped (rank 0 local diagnostics)
    Collisions                      = 16208
    Collision candidates           = 31834
    Collision acceptance rate      = 0.5091411698

    Number of DSMC particles        = 8298850
    Number of stuck particles       = 0
    Number of free particles        = 8298850
    Average linear kinetic energy   = 4.494400892e-19
    Average rotational energy       = 5.17277356e-20
    Average vibrational energy      = 3.1154433e-20
    Average electronic energy       = 0
    Total energy                    = 44.17662569

Stage 1.0  ExecutionTime = 906.72 s  ClockTime = 535 s  Iteration 2970 (0.46 s)

Time = 0.001192

    Collision global reduction skipped (rank 0 local diagnostics)
    Collisions                      = 16135
    Collision candidates           = 32066
    Collision acceptance rate      = 0.5031809393

    Number of DSMC particles        = 8306323
    Number of stuck particles       = 0
    Number of free particles        = 8306323
    Average linear kinetic energy   = 4.492330703e-19
    Average rotational energy       = 5.170517045e-20
    Average vibrational energy      = 3.115688086e-20
    Average electronic energy       = 0
    Total energy                    = 44.19753947

Stage 1.0  ExecutionTime = 911.06 s  ClockTime = 537 s  Iteration 2980 (0.44 s)

Time = 0.001196

    Collision global reduction skipped (rank 0 local diagnostics)
    Collisions                      = 16150
    Collision candidates           = 32220
    Collision acceptance rate      = 0.5012414649

    Number of DSMC particles        = 8313538
    Number of stuck particles       = 0
    Number of free particles        = 8313538
    Average linear kinetic energy   = 4.489623682e-19
    Average rotational energy       = 5.170216252e-20
    Average vibrational energy      = 3.115572338e-20
    Average electronic energy       = 0
    Total energy                    = 44.21307892

Stage 1.0  ExecutionTime = 915.41 s  ClockTime = 539 s  Iteration 2990 (0.47 s)

Time = 0.0012

    Collision global reduction skipped (rank 0 local diagnostics)
    Collisions                      = 16338
    Collision candidates           = 32493
    Collision acceptance rate      = 0.5028159911


Phase C auto DLB triggered (threshold) at step 3000: sar=0 loadImbalance=1.705925839 threshold=1.5 particleMaxMin=1
Phase C ParMETIS weights: particles=8321253 activeCells=104151 maxCellParticles=286
Phase C ParMETIS: alpha=1 ncon=1 ubvec=[1.05] moveRatio=0.9313767844 (moveT=205.6625115s, collT=15.15307564s)
Phase C ParMETIS: AdaptiveRepart (104151 cells, 1 constraints, ubvec=1.05)
Replicated mesh: rank 0 owns 4649 / 104151 cells
Local mesh: 4649 owned + 282 halo = 4931 / 104151 cells
Phase C ParMETIS AdaptiveRepart: 97985 / 104151 cells changed (0.9407974959)
Phase C auto DLB complete: rebalance #58

    Number of DSMC particles        = 8321253
    Number of stuck particles       = 0
    Number of free particles        = 8321253
    Average linear kinetic energy   = 4.487191072e-19
    Average rotational energy       = 5.17159257e-20
    Average vibrational energy      = 3.114548823e-20
    Average electronic energy       = 0
    Total energy                    = 44.23416006

Stage 1.0  ExecutionTime = 920.22 s  ClockTime = 542 s  Iteration 3000 (0.92 s)

Time = 0.001204

    Collision global reduction skipped (rank 0 local diagnostics)
    Collisions                      = 14294
    Collision candidates           = 26875
    Collision acceptance rate      = 0.5318697674

    Number of DSMC particles        = 8328073
    Number of stuck particles       = 0
    Number of free particles        = 8328073
    Average linear kinetic energy   = 4.486520845e-19
    Average rotational energy       = 5.168835522e-20
    Average vibrational energy      = 3.113103106e-20
    Average electronic energy       = 0
    Total energy                    = 44.26133206

Stage 1.0  ExecutionTime = 923.71 s  ClockTime = 544 s  Iteration 3010 (1.03 s)

Time = 0.001208

    Collision global reduction skipped (rank 0 local diagnostics)
    Collisions                      = 14409
    Collision candidates           = 27892
    Collision acceptance rate      = 0.5165997419

    Number of DSMC particles        = 8334801
    Number of stuck particles       = 0
    Number of free particles        = 8334801
    Average linear kinetic energy   = 4.483693814e-19
    Average rotational energy       = 5.172491986e-20
    Average vibrational energy      = 3.112816064e-20
    Average electronic energy       = 0
    Total energy                    = 44.27633506

Stage 1.0  ExecutionTime = 927.38 s  ClockTime = 546 s  Iteration 3020 (0.97 s)

Time = 0.001212

    Collision global reduction skipped (rank 0 local diagnostics)
    Collisions                      = 14478
    Collision candidates           = 28310
    Collision acceptance rate      = 0.511409396

    Number of DSMC particles        = 8341498
    Number of stuck particles       = 0
    Number of free particles        = 8341498
    Average linear kinetic energy   = 4.481589491e-19
    Average rotational energy       = 5.172724281e-20
    Average vibrational energy      = 3.114603266e-20
    Average electronic energy       = 0
    Total energy                    = 44.29604239

Stage 1.0  ExecutionTime = 931.16 s  ClockTime = 548 s  Iteration 3030 (0.88 s)

Time = 0.001216

    Collision global reduction skipped (rank 0 local diagnostics)
    Collisions                      = 14289
    Collision candidates           = 28536
    Collision acceptance rate      = 0.5007359125

    Number of DSMC particles        = 8348206
    Number of stuck particles       = 0
    Number of free particles        = 8348206
    Average linear kinetic energy   = 4.478953056e-19
    Average rotational energy       = 5.173776844e-20
    Average vibrational energy      = 3.113051247e-20
    Average electronic energy       = 0
    Total energy                    = 44.30923758

Stage 1.0  ExecutionTime = 935.04 s  ClockTime = 550 s  Iteration 3040 (0.84 s)

Time = 0.00122

    Collision global reduction skipped (rank 0 local diagnostics)
    Collisions                      = 14082
    Collision candidates           = 28241
    Collision acceptance rate      = 0.4986367338


Phase C auto DLB triggered (threshold) at step 3050: sar=0 loadImbalance=1.821736906 threshold=1.5 particleMaxMin=1
Phase C ParMETIS weights: particles=8356014 activeCells=104150 maxCellParticles=272
Phase C ParMETIS: alpha=1 ncon=1 ubvec=[1.05] moveRatio=0.9308645005 (moveT=210.1606681s, collT=15.6086764s)
Phase C ParMETIS: AdaptiveRepart (104151 cells, 1 constraints, ubvec=1.05)
Replicated mesh: rank 0 owns 4681 / 104151 cells
Local mesh: 4681 owned + 277 halo = 4958 / 104151 cells
Phase C ParMETIS AdaptiveRepart: 204 / 104151 cells changed (0.001958694588)
Phase C auto DLB complete: rebalance #59

    Number of DSMC particles        = 8356014
    Number of stuck particles       = 0
    Number of free particles        = 8356014
    Average linear kinetic energy   = 4.476574731e-19
    Average rotational energy       = 5.172129622e-20
    Average vibrational energy      = 3.112280545e-20
    Average electronic energy       = 0
    Total energy                    = 44.32878585

Stage 1.0  ExecutionTime = 939.18 s  ClockTime = 552 s  Iteration 3050 (1 s)

Time = 0.001224

    Collision global reduction skipped (rank 0 local diagnostics)
    Collisions                      = 13859
    Collision candidates           = 28049
    Collision acceptance rate      = 0.4940996114

    Number of DSMC particles        = 8362814
    Number of stuck particles       = 0
    Number of free particles        = 8362814
    Average linear kinetic energy   = 4.474694281e-19
    Average rotational energy       = 5.171452965e-20
    Average vibrational energy      = 3.111134836e-20
    Average electronic energy       = 0
    Total energy                    = 44.3476101

Stage 1.0  ExecutionTime = 943.14 s  ClockTime = 554 s  Iteration 3060 (0.77 s)

Time = 0.001228

    Collision global reduction skipped (rank 0 local diagnostics)
    Collisions                      = 14008
    Collision candidates           = 28528
    Collision acceptance rate      = 0.4910263601

    Number of DSMC particles        = 8369697
    Number of stuck particles       = 0
    Number of free particles        = 8369697
    Average linear kinetic energy   = 4.471903844e-19
    Average rotational energy       = 5.17385992e-20
    Average vibrational energy      = 3.112638827e-20
    Average electronic energy       = 0
    Total energy                    = 44.36402856

Stage 1.0  ExecutionTime = 947.18 s  ClockTime = 556 s  Iteration 3070 (0.77 s)

Time = 0.001232

    Collision global reduction skipped (rank 0 local diagnostics)
    Collisions                      = 14106
    Collision candidates           = 28955
    Collision acceptance rate      = 0.4871697462

    Number of DSMC particles        = 8376826
    Number of stuck particles       = 0
    Number of free particles        = 8376826
    Average linear kinetic energy   = 4.469616813e-19
    Average rotational energy       = 5.172267451e-20
    Average vibrational energy      = 3.111203525e-20
    Average electronic energy       = 0
    Total energy                    = 44.38012183

Stage 1.0  ExecutionTime = 951.23 s  ClockTime = 558 s  Iteration 3080 (0.74 s)

Time = 0.001236

    Collision global reduction skipped (rank 0 local diagnostics)
    Collisions                      = 14472
    Collision candidates           = 29514
    Collision acceptance rate      = 0.4903435658

    Number of DSMC particles        = 8383523
    Number of stuck particles       = 0
    Number of free particles        = 8383523
    Average linear kinetic energy   = 4.467413765e-19
    Average rotational energy       = 5.171146289e-20
    Average vibrational energy      = 3.112417688e-20
    Average electronic energy       = 0
    Total energy                    = 44.39721096

Stage 1.0  ExecutionTime = 955.29 s  ClockTime = 561 s  Iteration 3090 (0.7 s)

Time = 0.00124

    Collision global reduction skipped (rank 0 local diagnostics)
    Collisions                      = 14556
    Collision candidates           = 29945
    Collision acceptance rate      = 0.4860911671


Phase C auto DLB triggered (threshold) at step 3100: sar=0 loadImbalance=1.668546691 threshold=1.5 particleMaxMin=1
Phase C ParMETIS weights: particles=8390554 activeCells=104151 maxCellParticles=277
Phase C ParMETIS: alpha=1 ncon=1 ubvec=[1.05] moveRatio=0.9304351568 (moveT=215.3685982s, collT=16.10223201s)
Phase C ParMETIS: AdaptiveRepart (104151 cells, 1 constraints, ubvec=1.05)
Replicated mesh: rank 0 owns 4677 / 104151 cells
Local mesh: 4677 owned + 276 halo = 4953 / 104151 cells
Phase C ParMETIS AdaptiveRepart: 68 / 104151 cells changed (0.0006528981959)
Phase C auto DLB complete: rebalance #60

    Number of DSMC particles        = 8390554
    Number of stuck particles       = 0
    Number of free particles        = 8390554
    Average linear kinetic energy   = 4.464959977e-19
    Average rotational energy       = 5.171659715e-20
    Average vibrational energy      = 3.113012601e-20
    Average electronic energy       = 0
    Total energy                    = 44.41478684

Stage 1.0  ExecutionTime = 959.71 s  ClockTime = 563 s  Iteration 3100 (1 s)

Time = 0.001244

    Collision global reduction skipped (rank 0 local diagnostics)
    Collisions                      = 14612
    Collision candidates           = 30268
    Collision acceptance rate      = 0.4827540637

    Number of DSMC particles        = 8397453
    Number of stuck particles       = 0
    Number of free particles        = 8397453
    Average linear kinetic energy   = 4.462547831e-19
    Average rotational energy       = 5.173094316e-20
    Average vibrational energy      = 3.112825507e-20
    Average electronic energy       = 0
    Total energy                    = 44.4320979

Stage 1.0  ExecutionTime = 963.81 s  ClockTime = 565 s  Iteration 3110 (0.69 s)

Time = 0.001248

    Collision global reduction skipped (rank 0 local diagnostics)
    Collisions                      = 14832
    Collision candidates           = 30403
    Collision acceptance rate      = 0.4878465941

    Number of DSMC particles        = 8404152
    Number of stuck particles       = 0
    Number of free particles        = 8404152
    Average linear kinetic energy   = 4.460628737e-19
    Average rotational energy       = 5.170178477e-20
    Average vibrational energy      = 3.112587274e-20
    Average electronic energy       = 0
    Total energy                    = 44.44876416

Stage 1.0  ExecutionTime = 967.97 s  ClockTime = 567 s  Iteration 3120 (0.68 s)

Time = 0.001252

    Collision global reduction skipped (rank 0 local diagnostics)
    Collisions                      = 14968
    Collision candidates           = 30781
    Collision acceptance rate      = 0.4862740002

    Number of DSMC particles        = 8411207
    Number of stuck particles       = 0
    Number of free particles        = 8411207
    Average linear kinetic energy   = 4.458110799e-19
    Average rotational energy       = 5.170146801e-20
    Average vibrational energy      = 3.113712711e-20
    Average electronic energy       = 0
    Total energy                    = 44.46581847

Stage 1.0  ExecutionTime = 972.19 s  ClockTime = 569 s  Iteration 3130 (0.71 s)

Time = 0.001256

    Collision global reduction skipped (rank 0 local diagnostics)
    Collisions                      = 14899
    Collision candidates           = 30917
    Collision acceptance rate      = 0.4819031601

    Number of DSMC particles        = 8417705
    Number of stuck particles       = 0
    Number of free particles        = 8417705
    Average linear kinetic energy   = 4.455847562e-19
    Average rotational energy       = 5.171356652e-20
    Average vibrational energy      = 3.115241209e-20
    Average electronic energy       = 0
    Total energy                    = 44.48342393

Stage 1.0  ExecutionTime = 976.39 s  ClockTime = 571 s  Iteration 3140 (0.7 s)

Time = 0.00126

    Collision global reduction skipped (rank 0 local diagnostics)
    Collisions                      = 14933
    Collision candidates           = 31007
    Collision acceptance rate      = 0.4816009288


Phase C auto DLB triggered (threshold) at step 3150: sar=0 loadImbalance=1.577920372 threshold=1.5 particleMaxMin=1
Phase C ParMETIS weights: particles=8424731 activeCells=104151 maxCellParticles=285
Phase C ParMETIS: alpha=1 ncon=1 ubvec=[1.05] moveRatio=0.9300223251 (moveT=220.8270508s, collT=16.61569098s)
Phase C ParMETIS: AdaptiveRepart (104151 cells, 1 constraints, ubvec=1.05)
Replicated mesh: rank 0 owns 4728 / 104151 cells
Local mesh: 4728 owned + 271 halo = 4999 / 104151 cells
Phase C ParMETIS AdaptiveRepart: 126 / 104151 cells changed (0.001209781951)
Phase C auto DLB complete: rebalance #61

    Number of DSMC particles        = 8424731
    Number of stuck particles       = 0
    Number of free particles        = 8424731
    Average linear kinetic energy   = 4.454217777e-19
    Average rotational energy       = 5.169124767e-20
    Average vibrational energy      = 3.116277389e-20
    Average electronic energy       = 0
    Total energy                    = 44.50581503

Stage 1.0  ExecutionTime = 980.86 s  ClockTime = 574 s  Iteration 3150 (0.95 s)

Time = 0.001264

    Collision global reduction skipped (rank 0 local diagnostics)
    Collisions                      = 14825
    Collision candidates           = 30721
    Collision acceptance rate      = 0.4825689268

    Number of DSMC particles        = 8431983
    Number of stuck particles       = 0
    Number of free particles        = 8431983
    Average linear kinetic energy   = 4.452265714e-19
    Average rotational energy       = 5.166828018e-20
    Average vibrational energy      = 3.11636856e-20
    Average electronic energy       = 0
    Total energy                    = 44.52580608

Stage 1.0  ExecutionTime = 985.06 s  ClockTime = 576 s  Iteration 3160 (0.71 s)

Time = 0.001268

    Collision global reduction skipped (rank 0 local diagnostics)
    Collisions                      = 14763
    Collision candidates           = 30924
    Collision acceptance rate      = 0.4773961971

    Number of DSMC particles        = 8438546
    Number of stuck particles       = 0
    Number of free particles        = 8438546
    Average linear kinetic energy   = 4.449815584e-19
    Average rotational energy       = 5.166129477e-20
    Average vibrational energy      = 3.118560188e-20
    Average electronic energy       = 0
    Total energy                    = 44.54104698

Stage 1.0  ExecutionTime = 989.33 s  ClockTime = 578 s  Iteration 3170 (0.72 s)

Time = 0.001272

    Collision global reduction skipped (rank 0 local diagnostics)
    Collisions                      = 14853
    Collision candidates           = 31066
    Collision acceptance rate      = 0.4781111183

    Number of DSMC particles        = 8445204
    Number of stuck particles       = 0
    Number of free particles        = 8445204
    Average linear kinetic energy   = 4.446982046e-19
    Average rotational energy       = 5.168931924e-20
    Average vibrational energy      = 3.119571695e-20
    Average electronic energy       = 0
    Total energy                    = 44.55548096

Stage 1.0  ExecutionTime = 993.61 s  ClockTime = 580 s  Iteration 3180 (0.71 s)

Time = 0.001276

    Collision global reduction skipped (rank 0 local diagnostics)
    Collisions                      = 14861
    Collision candidates           = 31385
    Collision acceptance rate      = 0.4735064521

    Number of DSMC particles        = 8451750
    Number of stuck particles       = 0
    Number of free particles        = 8451750
    Average linear kinetic energy   = 4.444658281e-19
    Average rotational energy       = 5.171380879e-20
    Average vibrational energy      = 3.119570669e-20
    Average electronic energy       = 0
    Total energy                    = 44.5724456

Stage 1.0  ExecutionTime = 997.92 s  ClockTime = 582 s  Iteration 3190 (0.73 s)

Time = 0.00128

    Collision global reduction skipped (rank 0 local diagnostics)
    Collisions                      = 14906
    Collision candidates           = 31511
    Collision acceptance rate      = 0.4730411602


Phase C auto DLB triggered (threshold) at step 3200: sar=0 loadImbalance=1.618408902 threshold=1.5 particleMaxMin=1
Phase C ParMETIS weights: particles=8458161 activeCells=104151 maxCellParticles=274
Phase C ParMETIS: alpha=1 ncon=1 ubvec=[1.05] moveRatio=0.9296170009 (moveT=226.4024562s, collT=17.14134301s)
Phase C ParMETIS: AdaptiveRepart (104151 cells, 1 constraints, ubvec=1.05)
Replicated mesh: rank 0 owns 4728 / 104151 cells
Local mesh: 4728 owned + 271 halo = 4999 / 104151 cells
Phase C ParMETIS AdaptiveRepart: 10 / 104151 cells changed (9.601444057e-05)
Phase C auto DLB complete: rebalance #62

    Number of DSMC particles        = 8458161
    Number of stuck particles       = 0
    Number of free particles        = 8458161
    Average linear kinetic energy   = 4.442096407e-19
    Average rotational energy       = 5.168296966e-20
    Average vibrational energy      = 3.120143945e-20
    Average electronic energy       = 0
    Total energy                    = 44.58246336

Stage 1.0  ExecutionTime = 1002.45 s  ClockTime = 584 s  Iteration 3200 (0.95 s)

Time = 0.001284

    Collision global reduction skipped (rank 0 local diagnostics)
    Collisions                      = 15168
    Collision candidates           = 31799
    Collision acceptance rate      = 0.476996132

    Number of DSMC particles        = 8464603
    Number of stuck particles       = 0
    Number of free particles        = 8464603
    Average linear kinetic energy   = 4.439733451e-19
    Average rotational energy       = 5.169659165e-20
    Average vibrational energy      = 3.121701206e-20
    Average electronic energy       = 0
    Total energy                    = 44.59888847

Stage 1.0  ExecutionTime = 1006.74 s  ClockTime = 587 s  Iteration 3210 (0.71 s)

Time = 0.001288

    Collision global reduction skipped (rank 0 local diagnostics)
    Collisions                      = 15153
    Collision candidates           = 31940
    Collision acceptance rate      = 0.474420789

    Number of DSMC particles        = 8471364
    Number of stuck particles       = 0
    Number of free particles        = 8471364
    Average linear kinetic energy   = 4.437821902e-19
    Average rotational energy       = 5.168752652e-20
    Average vibrational energy      = 3.121785296e-20
    Average electronic energy       = 0
    Total energy                    = 44.61762117

Stage 1.0  ExecutionTime = 1011.06 s  ClockTime = 589 s  Iteration 3220 (0.71 s)

Time = 0.001292

    Collision global reduction skipped (rank 0 local diagnostics)
    Collisions                      = 15000
    Collision candidates           = 31935
    Collision acceptance rate      = 0.4697040864

    Number of DSMC particles        = 8477718
    Number of stuck particles       = 0
    Number of free particles        = 8477718
    Average linear kinetic energy   = 4.436081209e-19
    Average rotational energy       = 5.165001823e-20
    Average vibrational energy      = 3.122421524e-20
    Average electronic energy       = 0
    Total energy                    = 44.63368932

Stage 1.0  ExecutionTime = 1015.41 s  ClockTime = 591 s  Iteration 3230 (0.71 s)

Time = 0.001296

    Collision global reduction skipped (rank 0 local diagnostics)
    Collisions                      = 14967
    Collision candidates           = 31768
    Collision acceptance rate      = 0.4711344749

    Number of DSMC particles        = 8484076
    Number of stuck particles       = 0
    Number of free particles        = 8484076
    Average linear kinetic energy   = 4.434217534e-19
    Average rotational energy       = 5.16557926e-20
    Average vibrational energy      = 3.123211999e-20
    Average electronic energy       = 0
    Total energy                    = 44.65251206

Stage 1.0  ExecutionTime = 1019.76 s  ClockTime = 593 s  Iteration 3240 (0.73 s)

Time = 0.0013

    Collision global reduction skipped (rank 0 local diagnostics)
    Collisions                      = 15069
    Collision candidates           = 31819
    Collision acceptance rate      = 0.473584965


Phase C auto DLB triggered (threshold) at step 3250: sar=0 loadImbalance=1.62029019 threshold=1.5 particleMaxMin=1
Phase C ParMETIS weights: particles=8490134 activeCells=104151 maxCellParticles=285
Phase C ParMETIS: alpha=1 ncon=1 ubvec=[1.05] moveRatio=0.9292168068 (moveT=232.0410412s, collT=17.67575202s)
Phase C ParMETIS: AdaptiveRepart (104151 cells, 1 constraints, ubvec=1.05)
Replicated mesh: rank 0 owns 4733 / 104151 cells
Local mesh: 4733 owned + 270 halo = 5003 / 104151 cells
Phase C ParMETIS AdaptiveRepart: 24284 / 104151 cells changed (0.2331614675)
Phase C auto DLB complete: rebalance #63

    Number of DSMC particles        = 8490134
    Number of stuck particles       = 0
    Number of free particles        = 8490134
    Average linear kinetic energy   = 4.432361384e-19
    Average rotational energy       = 5.167355957e-20
    Average vibrational energy      = 3.125169218e-20
    Average electronic energy       = 0
    Total energy                    = 44.67180708

Stage 1.0  ExecutionTime = 1024.46 s  ClockTime = 596 s  Iteration 3250 (1.06 s)

Time = 0.001304

    Collision global reduction skipped (rank 0 local diagnostics)
    Collisions                      = 15148
    Collision candidates           = 32120
    Collision acceptance rate      = 0.4716064757

    Number of DSMC particles        = 8496559
    Number of stuck particles       = 0
    Number of free particles        = 8496559
    Average linear kinetic energy   = 4.430133437e-19
    Average rotational energy       = 5.167167754e-20
    Average vibrational energy      = 3.126114377e-20
    Average electronic energy       = 0
    Total energy                    = 44.68732622

Stage 1.0  ExecutionTime = 1028.77 s  ClockTime = 598 s  Iteration 3260 (0.69 s)

Time = 0.001308

    Collision global reduction skipped (rank 0 local diagnostics)
    Collisions                      = 15195
    Collision candidates           = 32294
    Collision acceptance rate      = 0.4705208398

    Number of DSMC particles        = 8503196
    Number of stuck particles       = 0
    Number of free particles        = 8503196
    Average linear kinetic energy   = 4.427409494e-19
    Average rotational energy       = 5.173144516e-20
    Average vibrational energy      = 3.12733358e-20
    Average electronic energy       = 0
    Total energy                    = 44.70518992

Stage 1.0  ExecutionTime = 1033.16 s  ClockTime = 600 s  Iteration 3270 (0.73 s)

Time = 0.001312

    Collision global reduction skipped (rank 0 local diagnostics)
    Collisions                      = 15369
    Collision candidates           = 32518
    Collision acceptance rate      = 0.4726305431

    Number of DSMC particles        = 8508771
    Number of stuck particles       = 0
    Number of free particles        = 8508771
    Average linear kinetic energy   = 4.426132306e-19
    Average rotational energy       = 5.174347332e-20
    Average vibrational energy      = 3.127094665e-20
    Average electronic energy       = 0
    Total energy                    = 44.7244531

Stage 1.0  ExecutionTime = 1037.55 s  ClockTime = 602 s  Iteration 3280 (0.73 s)

Time = 0.001316

    Collision global reduction skipped (rank 0 local diagnostics)
    Collisions                      = 15307
    Collision candidates           = 32766
    Collision acceptance rate      = 0.4671610816

    Number of DSMC particles        = 8514885
    Number of stuck particles       = 0
    Number of free particles        = 8514885
    Average linear kinetic energy   = 4.424092797e-19
    Average rotational energy       = 5.172202868e-20
    Average vibrational energy      = 3.128762139e-20
    Average electronic energy       = 0
    Total energy                    = 44.73881764

Stage 1.0  ExecutionTime = 1041.9 s  ClockTime = 604 s  Iteration 3290 (0.69 s)

Time = 0.00132

    Collision global reduction skipped (rank 0 local diagnostics)
    Collisions                      = 15615
    Collision candidates           = 32958
    Collision acceptance rate      = 0.473784817


Phase C auto DLB triggered (threshold) at step 3300: sar=0 loadImbalance=1.614421192 threshold=1.5 particleMaxMin=1
Phase C ParMETIS weights: particles=8521117 activeCells=104151 maxCellParticles=278
Phase C ParMETIS: alpha=1 ncon=1 ubvec=[1.05] moveRatio=0.9288240887 (moveT=237.7381045s, collT=18.21790201s)
Phase C ParMETIS: AdaptiveRepart (104151 cells, 1 constraints, ubvec=1.05)
Replicated mesh: rank 0 owns 4733 / 104151 cells
Local mesh: 4733 owned + 270 halo = 5003 / 104151 cells
Phase C ParMETIS AdaptiveRepart: 7640 / 104151 cells changed (0.0733550326)
Phase C auto DLB complete: rebalance #64

    Number of DSMC particles        = 8521117
    Number of stuck particles       = 0
    Number of free particles        = 8521117
    Average linear kinetic energy   = 4.422179895e-19
    Average rotational energy       = 5.17229601e-20
    Average vibrational energy      = 3.128740456e-20
    Average electronic energy       = 0
    Total energy                    = 44.75532257

Stage 1.0  ExecutionTime = 1046.65 s  ClockTime = 607 s  Iteration 3300 (1.05 s)

Time = 0.001324

    Collision global reduction skipped (rank 0 local diagnostics)
    Collisions                      = 15586
    Collision candidates           = 33158
    Collision acceptance rate      = 0.470052476

    Number of DSMC particles        = 8526904
    Number of stuck particles       = 0
    Number of free particles        = 8526904
    Average linear kinetic energy   = 4.420405458e-19
    Average rotational energy       = 5.169181854e-20
    Average vibrational energy      = 3.129659032e-20
    Average electronic energy       = 0
    Total energy                    = 44.76871493

Stage 1.0  ExecutionTime = 1051.02 s  ClockTime = 609 s  Iteration 3310 (0.72 s)

Time = 0.001328

    Collision global reduction skipped (rank 0 local diagnostics)
    Collisions                      = 15824
    Collision candidates           = 33358
    Collision acceptance rate      = 0.474368967

    Number of DSMC particles        = 8532673
    Number of stuck particles       = 0
    Number of free particles        = 8532673
    Average linear kinetic energy   = 4.418446974e-19
    Average rotational energy       = 5.167836927e-20
    Average vibrational energy      = 3.130409993e-20
    Average electronic energy       = 0
    Total energy                    = 44.78178594

Stage 1.0  ExecutionTime = 1055.43 s  ClockTime = 611 s  Iteration 3320 (0.74 s)

Time = 0.001332

    Collision global reduction skipped (rank 0 local diagnostics)
    Collisions                      = 15663
    Collision candidates           = 33557
    Collision acceptance rate      = 0.4667580535

    Number of DSMC particles        = 8538663
    Number of stuck particles       = 0
    Number of free particles        = 8538663
    Average linear kinetic energy   = 4.416008322e-19
    Average rotational energy       = 5.172280218e-20
    Average vibrational energy      = 3.131399135e-20
    Average electronic energy       = 0
    Total energy                    = 44.79703883

Stage 1.0  ExecutionTime = 1059.84 s  ClockTime = 614 s  Iteration 3330 (0.72 s)

Time = 0.001336

    Collision global reduction skipped (rank 0 local diagnostics)
    Collisions                      = 15761
    Collision candidates           = 33534
    Collision acceptance rate      = 0.4700005964

    Number of DSMC particles        = 8544610
    Number of stuck particles       = 0
    Number of free particles        = 8544610
    Average linear kinetic energy   = 4.414470977e-19
    Average rotational energy       = 5.168036017e-20
    Average vibrational energy      = 3.130266113e-20
    Average electronic energy       = 0
    Total energy                    = 44.81050839

Stage 1.0  ExecutionTime = 1064.26 s  ClockTime = 616 s  Iteration 3340 (0.74 s)

Time = 0.00134

    Collision global reduction skipped (rank 0 local diagnostics)
    Collisions                      = 15556
    Collision candidates           = 33365
    Collision acceptance rate      = 0.4662370748


Phase C auto DLB triggered (threshold) at step 3350: sar=0 loadImbalance=1.647210472 threshold=1.5 particleMaxMin=1
Phase C ParMETIS weights: particles=8550721 activeCells=104151 maxCellParticles=283
Phase C ParMETIS: alpha=1 ncon=1 ubvec=[1.05] moveRatio=0.9284168674 (moveT=243.4618502s, collT=18.7714835s)
Phase C ParMETIS: AdaptiveRepart (104151 cells, 1 constraints, ubvec=1.05)
Replicated mesh: rank 0 owns 4733 / 104151 cells
Local mesh: 4733 owned + 270 halo = 5003 / 104151 cells
Phase C ParMETIS AdaptiveRepart: 106 / 104151 cells changed (0.00101775307)
Phase C auto DLB complete: rebalance #65

    Number of DSMC particles        = 8550721
    Number of stuck particles       = 0
    Number of free particles        = 8550721
    Average linear kinetic energy   = 4.412441803e-19
    Average rotational energy       = 5.166321634e-20
    Average vibrational energy      = 3.130864668e-20
    Average electronic energy       = 0
    Total energy                    = 44.8242513

Stage 1.0  ExecutionTime = 1068.93 s  ClockTime = 618 s  Iteration 3350 (0.99 s)

Time = 0.001344

    Collision global reduction skipped (rank 0 local diagnostics)
    Collisions                      = 15775
    Collision candidates           = 33478
    Collision acceptance rate      = 0.4712049704

    Number of DSMC particles        = 8556558
    Number of stuck particles       = 0
    Number of free particles        = 8556558
    Average linear kinetic energy   = 4.410364982e-19
    Average rotational energy       = 5.168556543e-20
    Average vibrational energy      = 3.132185866e-20
    Average electronic energy       = 0
    Total energy                    = 44.84012215

Stage 1.0  ExecutionTime = 1073.33 s  ClockTime = 620 s  Iteration 3360 (0.75 s)

Time = 0.001348

    Collision global reduction skipped (rank 0 local diagnostics)
    Collisions                      = 15685
    Collision candidates           = 33613
    Collision acceptance rate      = 0.4666349329

    Number of DSMC particles        = 8562351
    Number of stuck particles       = 0
    Number of free particles        = 8562351
    Average linear kinetic energy   = 4.408007346e-19
    Average rotational energy       = 5.168889511e-20
    Average vibrational energy      = 3.134172802e-20
    Average electronic energy       = 0
    Total energy                    = 44.8522795

Stage 1.0  ExecutionTime = 1077.74 s  ClockTime = 623 s  Iteration 3370 (0.73 s)

Time = 0.001352

    Collision global reduction skipped (rank 0 local diagnostics)
    Collisions                      = 15657
    Collision candidates           = 33626
    Collision acceptance rate      = 0.4656218402

    Number of DSMC particles        = 8568546
    Number of stuck particles       = 0
    Number of free particles        = 8568546
    Average linear kinetic energy   = 4.406289867e-19
    Average rotational energy       = 5.170289874e-20
    Average vibrational energy      = 3.133089126e-20
    Average electronic energy       = 0
    Total energy                    = 44.8702859

Stage 1.0  ExecutionTime = 1082.21 s  ClockTime = 625 s  Iteration 3380 (0.77 s)

Time = 0.001356

    Collision global reduction skipped (rank 0 local diagnostics)
    Collisions                      = 15583
    Collision candidates           = 33578
    Collision acceptance rate      = 0.4640836262

    Number of DSMC particles        = 8574755
    Number of stuck particles       = 0
    Number of free particles        = 8574755
    Average linear kinetic energy   = 4.40410546e-19
    Average rotational energy       = 5.173233957e-20
    Average vibrational energy      = 3.132416197e-20
    Average electronic energy       = 0
    Total energy                    = 44.88601683

Stage 1.0  ExecutionTime = 1086.64 s  ClockTime = 627 s  Iteration 3390 (0.77 s)

Time = 0.00136

    Collision global reduction skipped (rank 0 local diagnostics)
    Collisions                      = 15669
    Collision candidates           = 33656
    Collision acceptance rate      = 0.4655633468


Phase C auto DLB triggered (threshold) at step 3400: sar=0 loadImbalance=1.730057974 threshold=1.5 particleMaxMin=1
Phase C ParMETIS weights: particles=8580625 activeCells=104151 maxCellParticles=283
Phase C ParMETIS: alpha=1 ncon=1 ubvec=[1.05] moveRatio=0.9280366383 (moveT=249.2193349s, collT=19.3253805s)
Phase C ParMETIS: AdaptiveRepart (104151 cells, 1 constraints, ubvec=1.05)
Replicated mesh: rank 0 owns 4733 / 104151 cells
Local mesh: 4733 owned + 270 halo = 5003 / 104151 cells
Phase C ParMETIS AdaptiveRepart: 10 / 104151 cells changed (9.601444057e-05)
Phase C auto DLB complete: rebalance #66

    Number of DSMC particles        = 8580625
    Number of stuck particles       = 0
    Number of free particles        = 8580625
    Average linear kinetic energy   = 4.402495712e-19
    Average rotational energy       = 5.171839538e-20
    Average vibrational energy      = 3.132666506e-20
    Average electronic energy       = 0
    Total energy                    = 44.90194999

Stage 1.0  ExecutionTime = 1091.31 s  ClockTime = 630 s  Iteration 3400 (1 s)

Time = 0.001364

    Collision global reduction skipped (rank 0 local diagnostics)
    Collisions                      = 15692
    Collision candidates           = 33648
    Collision acceptance rate      = 0.4663575844

    Number of DSMC particles        = 8586412
    Number of stuck particles       = 0
    Number of free particles        = 8586412
    Average linear kinetic energy   = 4.400732504e-19
    Average rotational energy       = 5.171041753e-20
    Average vibrational energy      = 3.132383052e-20
    Average electronic energy       = 0
    Total energy                    = 44.91616502

Stage 1.0  ExecutionTime = 1095.73 s  ClockTime = 632 s  Iteration 3410 (0.76 s)

Time = 0.001368

    Collision global reduction skipped (rank 0 local diagnostics)
    Collisions                      = 15715
    Collision candidates           = 33824
    Collision acceptance rate      = 0.4646109272

    Number of DSMC particles        = 8591924
    Number of stuck particles       = 0
    Number of free particles        = 8591924
    Average linear kinetic energy   = 4.39849435e-19
    Average rotational energy       = 5.173988861e-20
    Average vibrational energy      = 3.132638223e-20
    Average electronic energy       = 0
    Total energy                    = 44.92852003

Stage 1.0  ExecutionTime = 1100.21 s  ClockTime = 634 s  Iteration 3420 (0.77 s)

Time = 0.001372

    Collision global reduction skipped (rank 0 local diagnostics)
    Collisions                      = 15826
    Collision candidates           = 33845
    Collision acceptance rate      = 0.4676023046

    Number of DSMC particles        = 8597202
    Number of stuck particles       = 0
    Number of free particles        = 8597202
    Average linear kinetic energy   = 4.396662356e-19
    Average rotational energy       = 5.172381749e-20
    Average vibrational energy      = 3.133617753e-20
    Average electronic energy       = 0
    Total energy                    = 44.93982996

Stage 1.0  ExecutionTime = 1104.66 s  ClockTime = 636 s  Iteration 3430 (0.74 s)

Time = 0.001376

    Collision global reduction skipped (rank 0 local diagnostics)
    Collisions                      = 15823
    Collision candidates           = 34093
    Collision acceptance rate      = 0.4641128677

    Number of DSMC particles        = 8603059
    Number of stuck particles       = 0
    Number of free particles        = 8603059
    Average linear kinetic energy   = 4.394775802e-19
    Average rotational energy       = 5.171344314e-20
    Average vibrational energy      = 3.132003378e-20
    Average electronic energy       = 0
    Total energy                    = 44.95193452

Stage 1.0  ExecutionTime = 1109.16 s  ClockTime = 639 s  Iteration 3440 (0.77 s)

Time = 0.00138

    Collision global reduction skipped (rank 0 local diagnostics)
    Collisions                      = 15823
    Collision candidates           = 34126
    Collision acceptance rate      = 0.4636640685


Phase C auto DLB triggered (threshold) at step 3450: sar=0 loadImbalance=1.715041099 threshold=1.5 particleMaxMin=1
Phase C ParMETIS weights: particles=8608604 activeCells=104151 maxCellParticles=277
Phase C ParMETIS: alpha=1 ncon=1 ubvec=[1.05] moveRatio=0.9276688776 (moveT=255.008837s, collT=19.88325343s)
Phase C ParMETIS: AdaptiveRepart (104151 cells, 1 constraints, ubvec=1.05)
Replicated mesh: rank 0 owns 4742 / 104151 cells
Local mesh: 4742 owned + 269 halo = 5011 / 104151 cells
Phase C ParMETIS AdaptiveRepart: 9 / 104151 cells changed (8.641299651e-05)
Phase C auto DLB complete: rebalance #67

    Number of DSMC particles        = 8608604
    Number of stuck particles       = 0
    Number of free particles        = 8608604
    Average linear kinetic energy   = 4.39346197e-19
    Average rotational energy       = 5.16893736e-20
    Average vibrational energy      = 3.131748188e-20
    Average electronic energy       = 0
    Total energy                    = 44.96730577

Stage 1.0  ExecutionTime = 1113.82 s  ClockTime = 641 s  Iteration 3450 (0.96 s)

Time = 0.001384

    Collision global reduction skipped (rank 0 local diagnostics)
    Collisions                      = 16191
    Collision candidates           = 34605
    Collision acceptance rate      = 0.4678803641

    Number of DSMC particles        = 8614711
    Number of stuck particles       = 0
    Number of free particles        = 8614711
    Average linear kinetic energy   = 4.391804356e-19
    Average rotational energy       = 5.170016978e-20
    Average vibrational energy      = 3.132082889e-20
    Average electronic energy       = 0
    Total energy                    = 44.9861444

Stage 1.0  ExecutionTime = 1118.3 s  ClockTime = 643 s  Iteration 3460 (0.78 s)

Time = 0.001388

    Collision global reduction skipped (rank 0 local diagnostics)
    Collisions                      = 16230
    Collision candidates           = 34621
    Collision acceptance rate      = 0.4687906184

    Number of DSMC particles        = 8620006
    Number of stuck particles       = 0
    Number of free particles        = 8620006
    Average linear kinetic energy   = 4.389865912e-19
    Average rotational energy       = 5.168680737e-20
    Average vibrational energy      = 3.131763646e-20
    Average electronic energy       = 0
    Total energy                    = 44.99565854

Stage 1.0  ExecutionTime = 1122.81 s  ClockTime = 646 s  Iteration 3470 (0.76 s)

Time = 0.001392

    Collision global reduction skipped (rank 0 local diagnostics)
    Collisions                      = 16168
    Collision candidates           = 34656
    Collision acceptance rate      = 0.4665281625

    Number of DSMC particles        = 8625558
    Number of stuck particles       = 0
    Number of free particles        = 8625558
    Average linear kinetic energy   = 4.388486089e-19
    Average rotational energy       = 5.166561213e-20
    Average vibrational energy      = 3.131450413e-20
    Average electronic energy       = 0
    Total energy                    = 45.01063935

Stage 1.0  ExecutionTime = 1127.32 s  ClockTime = 648 s  Iteration 3480 (0.77 s)

Time = 0.001396

    Collision global reduction skipped (rank 0 local diagnostics)
    Collisions                      = 16131
    Collision candidates           = 34792
    Collision acceptance rate      = 0.4636410669

    Number of DSMC particles        = 8631033
    Number of stuck particles       = 0
    Number of free particles        = 8631033
    Average linear kinetic energy   = 4.386035908e-19
    Average rotational energy       = 5.169410816e-20
    Average vibrational energy      = 3.133743784e-20
    Average electronic energy       = 0
    Total energy                    = 45.0225008

Stage 1.0  ExecutionTime = 1131.85 s  ClockTime = 650 s  Iteration 3490 (0.8 s)

Time = 0.0014

    Collision global reduction skipped (rank 0 local diagnostics)
    Collisions                      = 16108
    Collision candidates           = 34822
    Collision acceptance rate      = 0.4625811269


Phase C auto DLB triggered (threshold) at step 3500: sar=0 loadImbalance=1.636949662 threshold=1.5 particleMaxMin=1
Phase C ParMETIS weights: particles=8636234 activeCells=104151 maxCellParticles=283
Phase C ParMETIS: alpha=1 ncon=1 ubvec=[1.05] moveRatio=0.9273043776 (moveT=260.842825s, collT=20.44865955s)
Phase C ParMETIS: AdaptiveRepart (104151 cells, 1 constraints, ubvec=1.05)
Replicated mesh: rank 0 owns 4742 / 104151 cells
Local mesh: 4742 owned + 269 halo = 5011 / 104151 cells
Phase C ParMETIS AdaptiveRepart: 24 / 104151 cells changed (0.0002304346574)
Phase C auto DLB complete: rebalance #68

    Number of DSMC particles        = 8636234
    Number of stuck particles       = 0
    Number of free particles        = 8636234
    Average linear kinetic energy   = 4.383883301e-19
    Average rotational energy       = 5.169623823e-20
    Average vibrational energy      = 3.134332228e-20
    Average electronic energy       = 0
    Total energy                    = 45.03173278

Stage 1.0  ExecutionTime = 1136.56 s  ClockTime = 653 s  Iteration 3500 (0.97 s)

Time = 0.001404

    Collision global reduction skipped (rank 0 local diagnostics)
    Collisions                      = 16075
    Collision candidates           = 34933
    Collision acceptance rate      = 0.4601666046

    Number of DSMC particles        = 8641567
    Number of stuck particles       = 0
    Number of free particles        = 8641567
    Average linear kinetic energy   = 4.382225758e-19
    Average rotational energy       = 5.168326713e-20
    Average vibrational energy      = 3.135366601e-20
    Average electronic energy       = 0
    Total energy                    = 45.04498971

Stage 1.0  ExecutionTime = 1141.06 s  ClockTime = 655 s  Iteration 3510 (0.79 s)

Time = 0.001408

    Collision global reduction skipped (rank 0 local diagnostics)
    Collisions                      = 16405
    Collision candidates           = 35383
    Collision acceptance rate      = 0.4636407314

    Number of DSMC particles        = 8646793
    Number of stuck particles       = 0
    Number of free particles        = 8646793
    Average linear kinetic energy   = 4.380692506e-19
    Average rotational energy       = 5.1665835e-20
    Average vibrational energy      = 3.136364623e-20
    Average electronic energy       = 0
    Total energy                    = 45.05832866

Stage 1.0  ExecutionTime = 1145.61 s  ClockTime = 657 s  Iteration 3520 (0.78 s)

Time = 0.001412

    Collision global reduction skipped (rank 0 local diagnostics)
    Collisions                      = 16219
    Collision candidates           = 35368
    Collision acceptance rate      = 0.4585783759

    Number of DSMC particles        = 8652819
    Number of stuck particles       = 0
    Number of free particles        = 8652819
    Average linear kinetic energy   = 4.378759673e-19
    Average rotational energy       = 5.163249954e-20
    Average vibrational energy      = 3.136000459e-20
    Average electronic energy       = 0
    Total energy                    = 45.06980606

Stage 1.0  ExecutionTime = 1150.14 s  ClockTime = 659 s  Iteration 3530 (0.79 s)

Time = 0.001416

    Collision global reduction skipped (rank 0 local diagnostics)
    Collisions                      = 16043
    Collision candidates           = 35165
    Collision acceptance rate      = 0.456220674

    Number of DSMC particles        = 8658737
    Number of stuck particles       = 0
    Number of free particles        = 8658737
    Average linear kinetic energy   = 4.377207516e-19
    Average rotational energy       = 5.161141621e-20
    Average vibrational energy      = 3.137074544e-20
    Average electronic energy       = 0
    Total energy                    = 45.08629581

Stage 1.0  ExecutionTime = 1154.7 s  ClockTime = 662 s  Iteration 3540 (0.81 s)

Time = 0.00142

    Collision global reduction skipped (rank 0 local diagnostics)
    Collisions                      = 16344
    Collision candidates           = 35152
    Collision acceptance rate      = 0.4649522076


Phase C auto DLB triggered (threshold) at step 3550: sar=0 loadImbalance=1.628311 threshold=1.5 particleMaxMin=1
Phase C ParMETIS weights: particles=8664083 activeCells=104151 maxCellParticles=274
Phase C ParMETIS: alpha=1 ncon=1 ubvec=[1.05] moveRatio=0.9269437207 (moveT=266.6902591s, collT=21.01896547s)
Phase C ParMETIS: AdaptiveRepart (104151 cells, 1 constraints, ubvec=1.05)
Replicated mesh: rank 0 owns 4588 / 104151 cells
Local mesh: 4588 owned + 262 halo = 4850 / 104151 cells
Phase C ParMETIS AdaptiveRepart: 72779 / 104151 cells changed (0.698783497)
Phase C auto DLB complete: rebalance #69

    Number of DSMC particles        = 8664083
    Number of stuck particles       = 0
    Number of free particles        = 8664083
    Average linear kinetic energy   = 4.375765181e-19
    Average rotational energy       = 5.159948485e-20
    Average vibrational energy      = 3.137912349e-20
    Average electronic energy       = 0
    Total energy                    = 45.10132822

Stage 1.0  ExecutionTime = 1159.57 s  ClockTime = 664 s  Iteration 3550 (1.11 s)

Time = 0.001424

    Collision global reduction skipped (rank 0 local diagnostics)
    Collisions                      = 14380
    Collision candidates           = 31265
    Collision acceptance rate      = 0.4599392292

    Number of DSMC particles        = 8668879
    Number of stuck particles       = 0
    Number of free particles        = 8668879
    Average linear kinetic energy   = 4.374816442e-19
    Average rotational energy       = 5.162538098e-20
    Average vibrational energy      = 3.137310518e-20
    Average electronic energy       = 0
    Total energy                    = 45.11979272

Stage 1.0  ExecutionTime = 1163.88 s  ClockTime = 667 s  Iteration 3560 (0.7 s)

Time = 0.001428

    Collision global reduction skipped (rank 0 local diagnostics)
    Collisions                      = 14510
    Collision candidates           = 31208
    Collision acceptance rate      = 0.4649448859

    Number of DSMC particles        = 8674313
    Number of stuck particles       = 0
    Number of free particles        = 8674313
    Average linear kinetic energy   = 4.372814504e-19
    Average rotational energy       = 5.164114763e-20
    Average vibrational energy      = 3.13761709e-20
    Average electronic energy       = 0
    Total energy                    = 45.13234375

Stage 1.0  ExecutionTime = 1168.24 s  ClockTime = 669 s  Iteration 3570 (0.72 s)

Time = 0.001432

    Collision global reduction skipped (rank 0 local diagnostics)
    Collisions                      = 14420
    Collision candidates           = 31328
    Collision acceptance rate      = 0.4602911134

    Number of DSMC particles        = 8679756
    Number of stuck particles       = 0
    Number of free particles        = 8679756
    Average linear kinetic energy   = 4.370330523e-19
    Average rotational energy       = 5.168748603e-20
    Average vibrational energy      = 3.136337592e-20
    Average electronic energy       = 0
    Total energy                    = 45.14201475

Stage 1.0  ExecutionTime = 1172.59 s  ClockTime = 671 s  Iteration 3580 (0.7 s)

Time = 0.001436

    Collision global reduction skipped (rank 0 local diagnostics)
    Collisions                      = 14518
    Collision candidates           = 31605
    Collision acceptance rate      = 0.4593576966

    Number of DSMC particles        = 8684931
    Number of stuck particles       = 0
    Number of free particles        = 8684931
    Average linear kinetic energy   = 4.368352248e-19
    Average rotational energy       = 5.169048606e-20
    Average vibrational energy      = 3.137715197e-20
    Average electronic energy       = 0
    Total energy                    = 45.1532049

Stage 1.0  ExecutionTime = 1176.95 s  ClockTime = 673 s  Iteration 3590 (0.69 s)

Time = 0.00144

    Collision global reduction skipped (rank 0 local diagnostics)
    Collisions                      = 14542
    Collision candidates           = 31724
    Collision acceptance rate      = 0.4583911234


Phase C auto DLB triggered (threshold) at step 3600: sar=0 loadImbalance=1.803139925 threshold=1.5 particleMaxMin=1
Phase C ParMETIS weights: particles=8690268 activeCells=104151 maxCellParticles=286
Phase C ParMETIS: alpha=1 ncon=1 ubvec=[1.05] moveRatio=0.9266588042 (moveT=272.3294428s, collT=21.55374438s)
Phase C ParMETIS: AdaptiveRepart (104151 cells, 1 constraints, ubvec=1.05)
Replicated mesh: rank 0 owns 4586 / 104151 cells
Local mesh: 4586 owned + 262 halo = 4848 / 104151 cells
Phase C ParMETIS AdaptiveRepart: 200 / 104151 cells changed (0.001920288811)
Phase C auto DLB complete: rebalance #70

    Number of DSMC particles        = 8690268
    Number of stuck particles       = 0
    Number of free particles        = 8690268
    Average linear kinetic energy   = 4.366434249e-19
    Average rotational energy       = 5.168953252e-20
    Average vibrational energy      = 3.137960429e-20
    Average electronic energy       = 0
    Total energy                    = 45.16441444

Stage 1.0  ExecutionTime = 1181.54 s  ClockTime = 676 s  Iteration 3600 (0.94 s)

Time = 0.001444

    Collision global reduction skipped (rank 0 local diagnostics)
    Collisions                      = 14590
    Collision candidates           = 31860
    Collision acceptance rate      = 0.4579409918

    Number of DSMC particles        = 8695414
    Number of stuck particles       = 0
    Number of free particles        = 8695414
    Average linear kinetic energy   = 4.364405242e-19
    Average rotational energy       = 5.167087835e-20
    Average vibrational energy      = 3.139614512e-20
    Average electronic energy       = 0
    Total energy                    = 45.17333203

Stage 1.0  ExecutionTime = 1185.88 s  ClockTime = 678 s  Iteration 3610 (0.7 s)

Time = 0.001448

    Collision global reduction skipped (rank 0 local diagnostics)
    Collisions                      = 14653
    Collision candidates           = 31834
    Collision acceptance rate      = 0.4602940253

    Number of DSMC particles        = 8699943
    Number of stuck particles       = 0
    Number of free particles        = 8699943
    Average linear kinetic energy   = 4.362337979e-19
    Average rotational energy       = 5.171866606e-20
    Average vibrational energy      = 3.138991344e-20
    Average electronic energy       = 0
    Total energy                    = 45.18249081

Stage 1.0  ExecutionTime = 1190.29 s  ClockTime = 680 s  Iteration 3620 (0.74 s)

Time = 0.001452

    Collision global reduction skipped (rank 0 local diagnostics)
    Collisions                      = 14693
    Collision candidates           = 32046
    Collision acceptance rate      = 0.4584971603

    Number of DSMC particles        = 8705114
    Number of stuck particles       = 0
    Number of free particles        = 8705114
    Average linear kinetic energy   = 4.360873147e-19
    Average rotational energy       = 5.171353955e-20
    Average vibrational energy      = 3.139737018e-20
    Average electronic energy       = 0
    Total energy                    = 45.19679732

Stage 1.0  ExecutionTime = 1194.66 s  ClockTime = 682 s  Iteration 3630 (0.73 s)

Time = 0.001456

    Collision global reduction skipped (rank 0 local diagnostics)
    Collisions                      = 14555
    Collision candidates           = 31763
    Collision acceptance rate      = 0.458237572

    Number of DSMC particles        = 8710102
    Number of stuck particles       = 0
    Number of free particles        = 8710102
    Average linear kinetic energy   = 4.359642349e-19
    Average rotational energy       = 5.166785623e-20
    Average vibrational energy      = 3.140766132e-20
    Average electronic energy       = 0
    Total energy                    = 45.20889186

Stage 1.0  ExecutionTime = 1199.05 s  ClockTime = 684 s  Iteration 3640 (0.74 s)

Time = 0.00146

    Collision global reduction skipped (rank 0 local diagnostics)
    Collisions                      = 14599
    Collision candidates           = 31694
    Collision acceptance rate      = 0.4606234619


Phase C auto DLB triggered (threshold) at step 3650: sar=0 loadImbalance=1.685994526 threshold=1.5 particleMaxMin=1
Phase C ParMETIS weights: particles=8715400 activeCells=104151 maxCellParticles=273
Phase C ParMETIS: alpha=1 ncon=1 ubvec=[1.05] moveRatio=0.9263602475 (moveT=277.9634417s, collT=22.0963271s)
Phase C ParMETIS: AdaptiveRepart (104151 cells, 1 constraints, ubvec=1.05)
Replicated mesh: rank 0 owns 4586 / 104151 cells
Local mesh: 4586 owned + 262 halo = 4848 / 104151 cells
Phase C ParMETIS AdaptiveRepart: 95 / 104151 cells changed (0.0009121371854)
Phase C auto DLB complete: rebalance #71

    Number of DSMC particles        = 8715400
    Number of stuck particles       = 0
    Number of free particles        = 8715400
    Average linear kinetic energy   = 4.358370403e-19
    Average rotational energy       = 5.163732286e-20
    Average vibrational energy      = 3.141425114e-20
    Average electronic energy       = 0
    Total energy                    = 45.22321829

Stage 1.0  ExecutionTime = 1203.61 s  ClockTime = 687 s  Iteration 3650 (0.94 s)

Time = 0.001464

    Collision global reduction skipped (rank 0 local diagnostics)
    Collisions                      = 14654
    Collision candidates           = 31709
    Collision acceptance rate      = 0.4621400864

    Number of DSMC particles        = 8720495
    Number of stuck particles       = 0
    Number of free particles        = 8720495
    Average linear kinetic energy   = 4.356601205e-19
    Average rotational energy       = 5.162955573e-20
    Average vibrational energy      = 3.140889302e-20
    Average electronic energy       = 0
    Total energy                    = 45.2330828

Stage 1.0  ExecutionTime = 1208 s  ClockTime = 689 s  Iteration 3660 (0.76 s)

Time = 0.001468

    Collision global reduction skipped (rank 0 local diagnostics)
    Collisions                      = 14640
    Collision candidates           = 31817
    Collision acceptance rate      = 0.4601313763

    Number of DSMC particles        = 8725140
    Number of stuck particles       = 0
    Number of free particles        = 8725140
    Average linear kinetic energy   = 4.354450123e-19
    Average rotational energy       = 5.163639697e-20
    Average vibrational energy      = 3.141653207e-20
    Average electronic energy       = 0
    Total energy                    = 45.23967128

Stage 1.0  ExecutionTime = 1212.4 s  ClockTime = 691 s  Iteration 3670 (0.77 s)

Time = 0.001472

    Collision global reduction skipped (rank 0 local diagnostics)
    Collisions                      = 14646
    Collision candidates           = 31863
    Collision acceptance rate      = 0.4596553997

    Number of DSMC particles        = 8729969
    Number of stuck particles       = 0
    Number of free particles        = 8729969
    Average linear kinetic energy   = 4.352792612e-19
    Average rotational energy       = 5.16089893e-20
    Average vibrational energy      = 3.141843569e-20
    Average electronic energy       = 0
    Total energy                    = 45.24801303

Stage 1.0  ExecutionTime = 1216.82 s  ClockTime = 694 s  Iteration 3680 (0.77 s)

Time = 0.001476

    Collision global reduction skipped (rank 0 local diagnostics)
    Collisions                      = 14739
    Collision candidates           = 32045
    Collision acceptance rate      = 0.4599469496

    Number of DSMC particles        = 8735038
    Number of stuck particles       = 0
    Number of free particles        = 8735038
    Average linear kinetic energy   = 4.351927436e-19
    Average rotational energy       = 5.159510634e-20
    Average vibrational energy      = 3.141025643e-20
    Average electronic energy       = 0
    Total energy                    = 45.26480151

Stage 1.0  ExecutionTime = 1221.23 s  ClockTime = 696 s  Iteration 3690 (0.76 s)

Time = 0.00148

    Collision global reduction skipped (rank 0 local diagnostics)
    Collisions                      = 14708
    Collision candidates           = 32304
    Collision acceptance rate      = 0.4552996533


Phase C auto DLB triggered (threshold) at step 3700: sar=0 loadImbalance=1.67009413 threshold=1.5 particleMaxMin=1
Phase C ParMETIS weights: particles=8739852 activeCells=104151 maxCellParticles=280
Phase C ParMETIS: alpha=1 ncon=1 ubvec=[1.05] moveRatio=0.9260854859 (moveT=283.6041586s, collT=22.63555999s)
Phase C ParMETIS: AdaptiveRepart (104151 cells, 1 constraints, ubvec=1.05)
Replicated mesh: rank 0 owns 4586 / 104151 cells
Local mesh: 4586 owned + 262 halo = 4848 / 104151 cells
Phase C ParMETIS AdaptiveRepart: 51 / 104151 cells changed (0.0004896736469)
Phase C auto DLB complete: rebalance #72

    Number of DSMC particles        = 8739852
    Number of stuck particles       = 0
    Number of free particles        = 8739852
    Average linear kinetic energy   = 4.351005501e-19
    Average rotational energy       = 5.155687961e-20
    Average vibrational energy      = 3.141696862e-20
    Average electronic energy       = 0
    Total energy                    = 45.27893567

Stage 1.0  ExecutionTime = 1225.84 s  ClockTime = 698 s  Iteration 3700 (0.96 s)

Time = 0.001484

    Collision global reduction skipped (rank 0 local diagnostics)
    Collisions                      = 14852
    Collision candidates           = 32381
    Collision acceptance rate      = 0.4586640314

    Number of DSMC particles        = 8744435
    Number of stuck particles       = 0
    Number of free particles        = 8744435
    Average linear kinetic energy   = 4.349454804e-19
    Average rotational energy       = 5.155003499e-20
    Average vibrational energy      = 3.141355507e-20
    Average electronic energy       = 0
    Total energy                    = 45.28822202

Stage 1.0  ExecutionTime = 1230.24 s  ClockTime = 700 s  Iteration 3710 (0.76 s)

Time = 0.001488

    Collision global reduction skipped (rank 0 local diagnostics)
    Collisions                      = 14885
    Collision candidates           = 32416
    Collision acceptance rate      = 0.4591868213

    Number of DSMC particles        = 8749332
    Number of stuck particles       = 0
    Number of free particles        = 8749332
    Average linear kinetic energy   = 4.3480134e-19
    Average rotational energy       = 5.154610789e-20
    Average vibrational energy      = 3.140870712e-20
    Average electronic energy       = 0
    Total energy                    = 45.30020495

Stage 1.0  ExecutionTime = 1234.7 s  ClockTime = 703 s  Iteration 3720 (0.78 s)

Time = 0.001492

    Collision global reduction skipped (rank 0 local diagnostics)
    Collisions                      = 14847
    Collision candidates           = 32495
    Collision acceptance rate      = 0.4569010617

    Number of DSMC particles        = 8754288
    Number of stuck particles       = 0
    Number of free particles        = 8754288
    Average linear kinetic energy   = 4.346335166e-19
    Average rotational energy       = 5.157283693e-20
    Average vibrational energy      = 3.139632814e-20
    Average electronic energy       = 0
    Total energy                    = 45.31242945

Stage 1.0  ExecutionTime = 1239.14 s  ClockTime = 705 s  Iteration 3730 (0.77 s)

Time = 0.001496

    Collision global reduction skipped (rank 0 local diagnostics)
    Collisions                      = 14813
    Collision candidates           = 32566
    Collision acceptance rate      = 0.4548608979

    Number of DSMC particles        = 8758712
    Number of stuck particles       = 0
    Number of free particles        = 8758712
    Average linear kinetic energy   = 4.344786138e-19
    Average rotational energy       = 5.156323897e-20
    Average vibrational energy      = 3.140426162e-20
    Average electronic energy       = 0
    Total energy                    = 45.32161491

Stage 1.0  ExecutionTime = 1243.62 s  ClockTime = 707 s  Iteration 3740 (0.79 s)

Time = 0.0015

    Collision global reduction skipped (rank 0 local diagnostics)
    Collisions                      = 14761
    Collision candidates           = 32524
    Collision acceptance rate      = 0.453849465


Phase C auto DLB triggered (threshold) at step 3750: sar=0 loadImbalance=1.6640402 threshold=1.5 particleMaxMin=1
Phase C ParMETIS weights: particles=8763147 activeCells=104151 maxCellParticles=280
Phase C ParMETIS: alpha=1 ncon=1 ubvec=[1.05] moveRatio=0.9258069154 (moveT=289.2855134s, collT=23.18300307s)
Phase C ParMETIS: AdaptiveRepart (104151 cells, 1 constraints, ubvec=1.05)
Replicated mesh: rank 0 owns 4586 / 104151 cells
Local mesh: 4586 owned + 262 halo = 4848 / 104151 cells
Phase C ParMETIS AdaptiveRepart: 0 / 104151 cells changed (0)
Phase C auto DLB complete: rebalance #73

    Number of DSMC particles        = 8763147
    Number of stuck particles       = 0
    Number of free particles        = 8763147
    Average linear kinetic energy   = 4.343390666e-19
    Average rotational energy       = 5.155052445e-20
    Average vibrational energy      = 3.13952001e-20
    Average electronic energy       = 0
    Total energy                    = 45.33042666
Replicated mesh: wrote gathered cloud on rank0 at output time 0.0015 with 8763147 parcels
Written cellOwner field at output time 0.0015
Replicated mesh output timing:
    gather parcels [s]       = 1.3
    rank0 write [s]           = 20.69
    migrate-back [s]          = 0.94


Stage 1.0  ExecutionTime = 1274.19 s  ClockTime = 735 s  Iteration 3750 (26.91 s)

    Maximum imbalance = 6.612909723%

Time = 0.001504

    Collision global reduction skipped (rank 0 local diagnostics)
    Collisions                      = 14700
    Collision candidates           = 32447
    Collision acceptance rate      = 0.4530465066

    Number of DSMC particles        = 8767831
    Number of stuck particles       = 0
    Number of free particles        = 8767831
    Average linear kinetic energy   = 4.34102437e-19
    Average rotational energy       = 5.16173352e-20
    Average vibrational energy      = 3.140811407e-20
    Average electronic energy       = 0
    Total energy                    = 45.34089913

Stage 1.0  ExecutionTime = 1278.13 s  ClockTime = 737 s  Iteration 3760 (0.4 s)

Time = 0.001508

    Collision global reduction skipped (rank 0 local diagnostics)
    Collisions                      = 14896
    Collision candidates           = 32496
    Collision acceptance rate      = 0.4583948794

    Number of DSMC particles        = 8771544
    Number of stuck particles       = 0
    Number of free particles        = 8771544
    Average linear kinetic energy   = 4.339361339e-19
    Average rotational energy       = 5.164243159e-20
    Average vibrational energy      = 3.14011629e-20
    Average electronic energy       = 0
    Total energy                    = 45.34710435

Stage 1.0  ExecutionTime = 1282.21 s  ClockTime = 739 s  Iteration 3770 (0.4 s)

Time = 0.001512

    Collision global reduction skipped (rank 0 local diagnostics)
    Collisions                      = 14857
    Collision candidates           = 32662
    Collision acceptance rate      = 0.454871104

    Number of DSMC particles        = 8776037
    Number of stuck particles       = 0
    Number of free particles        = 8776037
    Average linear kinetic energy   = 4.338411844e-19
    Average rotational energy       = 5.163916735e-20
    Average vibrational energy      = 3.140697754e-20
    Average electronic energy       = 0
    Total energy                    = 45.36222327

Stage 1.0  ExecutionTime = 1286.31 s  ClockTime = 741 s  Iteration 3780 (0.4 s)

Time = 0.001516

    Collision global reduction skipped (rank 0 local diagnostics)
    Collisions                      = 14900
    Collision candidates           = 32684
    Collision acceptance rate      = 0.4558805532

    Number of DSMC particles        = 8780952
    Number of stuck particles       = 0
    Number of free particles        = 8780952
    Average linear kinetic energy   = 4.336866871e-19
    Average rotational energy       = 5.166963433e-20
    Average vibrational energy      = 3.141157134e-20
    Average electronic energy       = 0
    Total energy                    = 45.37714062

Stage 1.0  ExecutionTime = 1290.38 s  ClockTime = 743 s  Iteration 3790 (0.4 s)

Time = 0.00152

    Collision global reduction skipped (rank 0 local diagnostics)
    Collisions                      = 14962
    Collision candidates           = 32802
    Collision acceptance rate      = 0.4561307237


Phase C auto DLB triggered (threshold) at step 3800: sar=0 loadImbalance=1.62309558e+16 threshold=1.5 particleMaxMin=1
Phase C ParMETIS weights: particles=8785725 activeCells=104151 maxCellParticles=282
Phase C ParMETIS: alpha=1 ncon=1 ubvec=[1.05] moveRatio=0.9255311193 (moveT=294.8801415s, collT=23.72626227s)
Phase C ParMETIS: AdaptiveRepart (104151 cells, 1 constraints, ubvec=1.05)
Replicated mesh: rank 0 owns 4586 / 104151 cells
Local mesh: 4586 owned + 262 halo = 4848 / 104151 cells
Phase C ParMETIS AdaptiveRepart: 0 / 104151 cells changed (0)
Phase C auto DLB complete: rebalance #74

    Number of DSMC particles        = 8785725
    Number of stuck particles       = 0
    Number of free particles        = 8785725
    Average linear kinetic energy   = 4.335513898e-19
    Average rotational energy       = 5.166897311e-20
    Average vibrational energy      = 3.140944167e-20
    Average electronic energy       = 0
    Total energy                    = 45.3896739

Stage 1.0  ExecutionTime = 1294.7 s  ClockTime = 745 s  Iteration 3800 (0.63 s)

Time = 0.001524

    Collision global reduction skipped (rank 0 local diagnostics)
    Collisions                      = 14893
    Collision candidates           = 32879
    Collision acceptance rate      = 0.4529638979

    Number of DSMC particles        = 8790076
    Number of stuck particles       = 0
    Number of free particles        = 8790076
    Average linear kinetic energy   = 4.334160154e-19
    Average rotational energy       = 5.166366104e-20
    Average vibrational energy      = 3.141157482e-20
    Average electronic energy       = 0
    Total energy                    = 45.39997352

Stage 1.0  ExecutionTime = 1298.81 s  ClockTime = 747 s  Iteration 3810 (0.41 s)

Time = 0.001528

    Collision global reduction skipped (rank 0 local diagnostics)
    Collisions                      = 15072
    Collision candidates           = 32930
    Collision acceptance rate      = 0.4576981476

    Number of DSMC particles        = 8794563
    Number of stuck particles       = 0
    Number of free particles        = 8794563
    Average linear kinetic energy   = 4.333146114e-19
    Average rotational energy       = 5.16438162e-20
    Average vibrational energy      = 3.142574889e-20
    Average electronic energy       = 0
    Total energy                    = 45.41373172

Stage 1.0  ExecutionTime = 1302.89 s  ClockTime = 749 s  Iteration 3820 (0.41 s)

Time = 0.001532

    Collision global reduction skipped (rank 0 local diagnostics)
    Collisions                      = 15127
    Collision candidates           = 33160
    Collision acceptance rate      = 0.4561821472

    Number of DSMC particles        = 8798940
    Number of stuck particles       = 0
    Number of free particles        = 8798940
    Average linear kinetic energy   = 4.331803643e-19
    Average rotational energy       = 5.162239318e-20
    Average vibrational energy      = 3.144163009e-20
    Average electronic energy       = 0
    Total energy                    = 45.42403391

Stage 1.0  ExecutionTime = 1307.03 s  ClockTime = 751 s  Iteration 3830 (0.43 s)

Time = 0.001536

    Collision global reduction skipped (rank 0 local diagnostics)
    Collisions                      = 15021
    Collision candidates           = 33199
    Collision acceptance rate      = 0.4524533872

    Number of DSMC particles        = 8803402
    Number of stuck particles       = 0
    Number of free particles        = 8803402
    Average linear kinetic energy   = 4.330299859e-19
    Average rotational energy       = 5.161307017e-20
    Average vibrational energy      = 3.143703215e-20
    Average electronic energy       = 0
    Total energy                    = 45.43260481

Stage 1.0  ExecutionTime = 1311.2 s  ClockTime = 753 s  Iteration 3840 (0.47 s)

Time = 0.00154

    Collision global reduction skipped (rank 0 local diagnostics)
    Collisions                      = 14868
    Collision candidates           = 32970
    Collision acceptance rate      = 0.450955414


Phase C auto DLB triggered (threshold) at step 3850: sar=0 loadImbalance=1.622476751 threshold=1.5 particleMaxMin=1
Phase C ParMETIS weights: particles=8807955 activeCells=104151 maxCellParticles=280
Phase C ParMETIS: alpha=1 ncon=1 ubvec=[1.05] moveRatio=0.9252570821 (moveT=300.5379316s, collT=24.27766551s)
Phase C ParMETIS: AdaptiveRepart (104151 cells, 1 constraints, ubvec=1.05)
Replicated mesh: rank 0 owns 4586 / 104151 cells
Local mesh: 4586 owned + 262 halo = 4848 / 104151 cells
Phase C ParMETIS AdaptiveRepart: 0 / 104151 cells changed (0)
Phase C auto DLB complete: rebalance #75

    Number of DSMC particles        = 8807955
    Number of stuck particles       = 0
    Number of free particles        = 8807955
    Average linear kinetic energy   = 4.329100728e-19
    Average rotational energy       = 5.159295056e-20
    Average vibrational energy      = 3.1424162e-20
    Average electronic energy       = 0
    Total energy                    = 45.44263432

Stage 1.0  ExecutionTime = 1315.6 s  ClockTime = 756 s  Iteration 3850 (0.71 s)

Time = 0.001544

    Collision global reduction skipped (rank 0 local diagnostics)
    Collisions                      = 15030
    Collision candidates           = 32883
    Collision acceptance rate      = 0.4570750844

    Number of DSMC particles        = 8812468
    Number of stuck particles       = 0
    Number of free particles        = 8812468
    Average linear kinetic energy   = 4.328213763e-19
    Average rotational energy       = 5.153759349e-20
    Average vibrational energy      = 3.142331845e-20
    Average electronic energy       = 0
    Total energy                    = 45.4531491

Stage 1.0  ExecutionTime = 1319.88 s  ClockTime = 758 s  Iteration 3860 (0.58 s)

Time = 0.001548

    Collision global reduction skipped (rank 0 local diagnostics)
    Collisions                      = 14904
    Collision candidates           = 33002
    Collision acceptance rate      = 0.4516089934

    Number of DSMC particles        = 8816883
    Number of stuck particles       = 0
    Number of free particles        = 8816883
    Average linear kinetic energy   = 4.326384735e-19
    Average rotational energy       = 5.155701316e-20
    Average vibrational energy      = 3.142649412e-20
    Average electronic energy       = 0
    Total energy                    = 45.46178677

Stage 1.0  ExecutionTime = 1324.17 s  ClockTime = 760 s  Iteration 3870 (0.6 s)

Time = 0.001552

    Collision global reduction skipped (rank 0 local diagnostics)
    Collisions                      = 14881
    Collision candidates           = 33141
    Collision acceptance rate      = 0.4490208503

    Number of DSMC particles        = 8820911
    Number of stuck particles       = 0
    Number of free particles        = 8820911
    Average linear kinetic energy   = 4.325338007e-19
    Average rotational energy       = 5.151313254e-20
    Average vibrational energy      = 3.14187076e-20
    Average electronic energy       = 0
    Total energy                    = 45.46876541

Stage 1.0  ExecutionTime = 1328.5 s  ClockTime = 762 s  Iteration 3880 (0.63 s)

Time = 0.001556

    Collision global reduction skipped (rank 0 local diagnostics)
    Collisions                      = 15219
    Collision candidates           = 33547
    Collision acceptance rate      = 0.4536620264

    Number of DSMC particles        = 8825001
    Number of stuck particles       = 0
    Number of free particles        = 8825001
    Average linear kinetic energy   = 4.323837237e-19
    Average rotational energy       = 5.153692963e-20
    Average vibrational energy      = 3.143225826e-20
    Average electronic energy       = 0
    Total energy                    = 45.4798996

Stage 1.0  ExecutionTime = 1332.86 s  ClockTime = 764 s  Iteration 3890 (0.66 s)

Time = 0.00156

    Collision global reduction skipped (rank 0 local diagnostics)
    Collisions                      = 15445
    Collision candidates           = 33932
    Collision acceptance rate      = 0.455175056


Phase C auto DLB triggered (threshold) at step 3900: sar=0 loadImbalance=1.675802151 threshold=1.5 particleMaxMin=1
Phase C ParMETIS weights: particles=8829636 activeCells=104151 maxCellParticles=303
Phase C ParMETIS: alpha=1 ncon=1 ubvec=[1.05] moveRatio=0.9249893605 (moveT=306.209455s, collT=24.83160132s)
Phase C ParMETIS: AdaptiveRepart (104151 cells, 1 constraints, ubvec=1.05)
Replicated mesh: rank 0 owns 4586 / 104151 cells
Local mesh: 4586 owned + 262 halo = 4848 / 104151 cells
Phase C ParMETIS AdaptiveRepart: 3 / 104151 cells changed (2.880433217e-05)
Phase C auto DLB complete: rebalance #76

    Number of DSMC particles        = 8829636
    Number of stuck particles       = 0
    Number of free particles        = 8829636
    Average linear kinetic energy   = 4.322501393e-19
    Average rotational energy       = 5.15382014e-20
    Average vibrational energy      = 3.144070835e-20
    Average electronic energy       = 0
    Total energy                    = 45.4928496

Stage 1.0  ExecutionTime = 1337.48 s  ClockTime = 767 s  Iteration 3900 (0.91 s)

Time = 0.001564

    Collision global reduction skipped (rank 0 local diagnostics)
    Collisions                      = 15360
    Collision candidates           = 33987
    Collision acceptance rate      = 0.4519375055

    Number of DSMC particles        = 8833558
    Number of stuck particles       = 0
    Number of free particles        = 8833558
    Average linear kinetic energy   = 4.321453597e-19
    Average rotational energy       = 5.150049363e-20
    Average vibrational energy      = 3.14558177e-20
    Average electronic energy       = 0
    Total energy                    = 45.50180487

Stage 1.0  ExecutionTime = 1341.84 s  ClockTime = 769 s  Iteration 3910 (0.69 s)

Time = 0.001568

    Collision global reduction skipped (rank 0 local diagnostics)
    Collisions                      = 15387
    Collision candidates           = 34018
    Collision acceptance rate      = 0.4523193603

    Number of DSMC particles        = 8837553
    Number of stuck particles       = 0
    Number of free particles        = 8837553
    Average linear kinetic energy   = 4.320380507e-19
    Average rotational energy       = 5.146236815e-20
    Average vibrational energy      = 3.14628343e-20
    Average electronic energy       = 0
    Total energy                    = 45.51015043

Stage 1.0  ExecutionTime = 1346.28 s  ClockTime = 771 s  Iteration 3920 (0.7 s)

Time = 0.001572

    Collision global reduction skipped (rank 0 local diagnostics)
    Collisions                      = 15568
    Collision candidates           = 34127
    Collision acceptance rate      = 0.4561783925

    Number of DSMC particles        = 8841765
    Number of stuck particles       = 0
    Number of free particles        = 8841765
    Average linear kinetic energy   = 4.318459531e-19
    Average rotational energy       = 5.148385991e-20
    Average vibrational energy      = 3.146381646e-20
    Average electronic energy       = 0
    Total energy                    = 45.51684295

Stage 1.0  ExecutionTime = 1350.74 s  ClockTime = 773 s  Iteration 3930 (0.72 s)

Time = 0.001576

    Collision global reduction skipped (rank 0 local diagnostics)
    Collisions                      = 15364
    Collision candidates           = 34305
    Collision acceptance rate      = 0.4478647427

    Number of DSMC particles        = 8845533
    Number of stuck particles       = 0
    Number of free particles        = 8845533
    Average linear kinetic energy   = 4.31682031e-19
    Average rotational energy       = 5.148221112e-20
    Average vibrational energy      = 3.146115204e-20
    Average electronic energy       = 0
    Total energy                    = 45.52135907

Stage 1.0  ExecutionTime = 1355.23 s  ClockTime = 776 s  Iteration 3940 (0.78 s)

Time = 0.00158

    Collision global reduction skipped (rank 0 local diagnostics)
    Collisions                      = 15514
    Collision candidates           = 34215
    Collision acceptance rate      = 0.4534268596


Phase C auto DLB triggered (threshold) at step 3950: sar=0 loadImbalance=1.669815117 threshold=1.5 particleMaxMin=1
Phase C ParMETIS weights: particles=8849802 activeCells=104151 maxCellParticles=290
Phase C ParMETIS: alpha=1 ncon=1 ubvec=[1.05] moveRatio=0.9246991758 (moveT=311.9288152s, collT=25.40123048s)
Phase C ParMETIS: AdaptiveRepart (104151 cells, 1 constraints, ubvec=1.05)
Replicated mesh: rank 0 owns 4586 / 104151 cells
Local mesh: 4586 owned + 262 halo = 4848 / 104151 cells
Phase C ParMETIS AdaptiveRepart: 5 / 104151 cells changed (4.800722029e-05)
Phase C auto DLB complete: rebalance #77

    Number of DSMC particles        = 8849802
    Number of stuck particles       = 0
    Number of free particles        = 8849802
    Average linear kinetic energy   = 4.31514671e-19
    Average rotational energy       = 5.150260315e-20
    Average vibrational energy      = 3.146429332e-20
    Average electronic energy       = 0
    Total energy                    = 45.53060005

Stage 1.0  ExecutionTime = 1359.88 s  ClockTime = 778 s  Iteration 3950 (0.93 s)

Time = 0.001584

    Collision global reduction skipped (rank 0 local diagnostics)
    Collisions                      = 15328
    Collision candidates           = 34070
    Collision acceptance rate      = 0.4498972703

    Number of DSMC particles        = 8853759
    Number of stuck particles       = 0
    Number of free particles        = 8853759
    Average linear kinetic energy   = 4.313962429e-19
    Average rotational energy       = 5.148926005e-20
    Average vibrational energy      = 3.147239842e-20
    Average electronic energy       = 0
    Total energy                    = 45.54000899

Stage 1.0  ExecutionTime = 1364.35 s  ClockTime = 780 s  Iteration 3960 (0.78 s)

Time = 0.001588

    Collision global reduction skipped (rank 0 local diagnostics)
    Collisions                      = 15525
    Collision candidates           = 34471
    Collision acceptance rate      = 0.4503785791

    Number of DSMC particles        = 8857491
    Number of stuck particles       = 0
    Number of free particles        = 8857491
    Average linear kinetic energy   = 4.312650248e-19
    Average rotational energy       = 5.149484447e-20
    Average vibrational energy      = 3.147304694e-20
    Average electronic energy       = 0
    Total energy                    = 45.54813427

Stage 1.0  ExecutionTime = 1368.84 s  ClockTime = 782 s  Iteration 3970 (0.77 s)

Time = 0.001592

    Collision global reduction skipped (rank 0 local diagnostics)
    Collisions                      = 15591
    Collision candidates           = 34510
    Collision acceptance rate      = 0.4517820921

    Number of DSMC particles        = 8861414
    Number of stuck particles       = 0
    Number of free particles        = 8861414
    Average linear kinetic energy   = 4.311290513e-19
    Average rotational energy       = 5.146561437e-20
    Average vibrational energy      = 3.147707013e-20
    Average electronic energy       = 0
    Total energy                    = 45.55402477

Stage 1.0  ExecutionTime = 1373.35 s  ClockTime = 785 s  Iteration 3980 (0.78 s)

Time = 0.001596

    Collision global reduction skipped (rank 0 local diagnostics)
    Collisions                      = 15572
    Collision candidates           = 34672
    Collision acceptance rate      = 0.4491232118

    Number of DSMC particles        = 8865782
    Number of stuck particles       = 0
    Number of free particles        = 8865782
    Average linear kinetic energy   = 4.309768689e-19
    Average rotational energy       = 5.14375103e-20
    Average vibrational energy      = 3.149190444e-20
    Average electronic energy       = 0
    Total energy                    = 45.56181079

Stage 1.0  ExecutionTime = 1377.87 s  ClockTime = 787 s  Iteration 3990 (0.81 s)

Time = 0.0016

    Collision global reduction skipped (rank 0 local diagnostics)
    Collisions                      = 15688
    Collision candidates           = 34803
    Collision acceptance rate      = 0.4507657386


Phase C auto DLB triggered (threshold) at step 4000: sar=0 loadImbalance=1.687458039 threshold=1.5 particleMaxMin=1
Phase C ParMETIS weights: particles=8870135 activeCells=104151 maxCellParticles=287
Phase C ParMETIS: alpha=1 ncon=1 ubvec=[1.05] moveRatio=0.9244070836 (moveT=317.6631932s, collT=25.97674512s)
Phase C ParMETIS: AdaptiveRepart (104151 cells, 1 constraints, ubvec=1.05)
Replicated mesh: rank 0 owns 4586 / 104151 cells
Local mesh: 4586 owned + 262 halo = 4848 / 104151 cells
Phase C ParMETIS AdaptiveRepart: 0 / 104151 cells changed (0)
Phase C auto DLB complete: rebalance #78

    Number of DSMC particles        = 8870135
    Number of stuck particles       = 0
    Number of free particles        = 8870135
    Average linear kinetic energy   = 4.307833107e-19
    Average rotational energy       = 5.144246388e-20
    Average vibrational energy      = 3.148939195e-20
    Average electronic energy       = 0
    Total energy                    = 45.56722879

Stage 1.0  ExecutionTime = 1382.52 s  ClockTime = 789 s  Iteration 4000 (0.93 s)

Time = 0.001604

    Collision global reduction skipped (rank 0 local diagnostics)
    Collisions                      = 15802
    Collision candidates           = 34935
    Collision acceptance rate      = 0.4523257478

    Number of DSMC particles        = 8874455
    Number of stuck particles       = 0
    Number of free particles        = 8874455
    Average linear kinetic energy   = 4.306625351e-19
    Average rotational energy       = 5.142100941e-20
    Average vibrational energy      = 3.148016583e-20
    Average electronic energy       = 0
    Total energy                    = 45.57598037

Stage 1.0  ExecutionTime = 1387.1 s  ClockTime = 792 s  Iteration 4010 (0.81 s)

Time = 0.001608

    Collision global reduction skipped (rank 0 local diagnostics)
    Collisions                      = 15853
    Collision candidates           = 34878
    Collision acceptance rate      = 0.4545272091

    Number of DSMC particles        = 8878571
    Number of stuck particles       = 0
    Number of free particles        = 8878571
    Average linear kinetic energy   = 4.305050935e-19
    Average rotational energy       = 5.145137148e-20
    Average vibrational energy      = 3.14933206e-20
    Average electronic energy       = 0
    Total energy                    = 45.58700376

Stage 1.0  ExecutionTime = 1391.64 s  ClockTime = 794 s  Iteration 4020 (0.82 s)

Time = 0.001612

    Collision global reduction skipped (rank 0 local diagnostics)
    Collisions                      = 15822
    Collision candidates           = 34984
    Collision acceptance rate      = 0.4522638921

    Number of DSMC particles        = 8883026
    Number of stuck particles       = 0
    Number of free particles        = 8883026
    Average linear kinetic energy   = 4.303614053e-19
    Average rotational energy       = 5.14583338e-20
    Average vibrational energy      = 3.148151623e-20
    Average electronic energy       = 0
    Total energy                    = 45.59668397

Stage 1.0  ExecutionTime = 1396.2 s  ClockTime = 796 s  Iteration 4030 (0.82 s)

Time = 0.001616

    Collision global reduction skipped (rank 0 local diagnostics)
    Collisions                      = 15608
    Collision candidates           = 34966
    Collision acceptance rate      = 0.44637648

    Number of DSMC particles        = 8887148
    Number of stuck particles       = 0
    Number of free particles        = 8887148
    Average linear kinetic energy   = 4.302873005e-19
    Average rotational energy       = 5.144236921e-20
    Average vibrational energy      = 3.149196059e-20
    Average electronic energy       = 0
    Total energy                    = 45.61076585

Stage 1.0  ExecutionTime = 1400.77 s  ClockTime = 799 s  Iteration 4040 (0.84 s)

Time = 0.00162

    Collision global reduction skipped (rank 0 local diagnostics)
    Collisions                      = 15653
    Collision candidates           = 34993
    Collision acceptance rate      = 0.447318035


Phase C auto DLB triggered (threshold) at step 4050: sar=0 loadImbalance=1.667282527 threshold=1.5 particleMaxMin=1
Phase C ParMETIS weights: particles=8891228 activeCells=104151 maxCellParticles=288
Phase C ParMETIS: alpha=1 ncon=1 ubvec=[1.05] moveRatio=0.9241255359 (moveT=323.4244775s, collT=26.5544647s)
Phase C ParMETIS: AdaptiveRepart (104151 cells, 1 constraints, ubvec=1.05)
Replicated mesh: rank 0 owns 4586 / 104151 cells
Local mesh: 4586 owned + 262 halo = 4848 / 104151 cells
Phase C ParMETIS AdaptiveRepart: 0 / 104151 cells changed (0)
Phase C auto DLB complete: rebalance #79

    Number of DSMC particles        = 8891228
    Number of stuck particles       = 0
    Number of free particles        = 8891228
    Average linear kinetic energy   = 4.301696193e-19
    Average rotational energy       = 5.144319484e-20
    Average vibrational energy      = 3.148738327e-20
    Average electronic energy       = 0
    Total energy                    = 45.62090842

Stage 1.0  ExecutionTime = 1405.46 s  ClockTime = 801 s  Iteration 4050 (0.96 s)

Time = 0.001624

    Collision global reduction skipped (rank 0 local diagnostics)
    Collisions                      = 16006
    Collision candidates           = 35385
    Collision acceptance rate      = 0.4523385615

    Number of DSMC particles        = 8895523
    Number of stuck particles       = 0
    Number of free particles        = 8895523
    Average linear kinetic energy   = 4.300059223e-19
    Average rotational energy       = 5.140928629e-20
    Average vibrational energy      = 3.148967124e-20
    Average electronic energy       = 0
    Total energy                    = 45.62557155

Stage 1.0  ExecutionTime = 1410.07 s  ClockTime = 804 s  Iteration 4060 (0.83 s)

Time = 0.001628

    Collision global reduction skipped (rank 0 local diagnostics)
    Collisions                      = 15868
    Collision candidates           = 35402
    Collision acceptance rate      = 0.4482232642

    Number of DSMC particles        = 8899190
    Number of stuck particles       = 0
    Number of free particles        = 8899190
    Average linear kinetic energy   = 4.298693162e-19
    Average rotational energy       = 5.139433001e-20
    Average vibrational energy      = 3.148802004e-20
    Average electronic energy       = 0
    Total energy                    = 45.630745

Stage 1.0  ExecutionTime = 1414.66 s  ClockTime = 806 s  Iteration 4070 (0.83 s)

Time = 0.001632

    Collision global reduction skipped (rank 0 local diagnostics)
    Collisions                      = 15871
    Collision candidates           = 35134
    Collision acceptance rate      = 0.4517276712

    Number of DSMC particles        = 8903859
    Number of stuck particles       = 0
    Number of free particles        = 8903859
    Average linear kinetic energy   = 4.29710803e-19
    Average rotational energy       = 5.140632915e-20
    Average vibrational energy      = 3.148522192e-20
    Average electronic energy       = 0
    Total energy                    = 45.64139084

Stage 1.0  ExecutionTime = 1419.24 s  ClockTime = 808 s  Iteration 4080 (0.85 s)

Time = 0.001636

    Collision global reduction skipped (rank 0 local diagnostics)
    Collisions                      = 15940
    Collision candidates           = 35306
    Collision acceptance rate      = 0.4514813346

    Number of DSMC particles        = 8907844
    Number of stuck particles       = 0
    Number of free particles        = 8907844
    Average linear kinetic energy   = 4.295281997e-19
    Average rotational energy       = 5.140207856e-20
    Average vibrational energy      = 3.148691164e-20
    Average electronic energy       = 0
    Total energy                    = 45.6453239

Stage 1.0  ExecutionTime = 1423.84 s  ClockTime = 811 s  Iteration 4090 (0.84 s)

Time = 0.00164

    Collision global reduction skipped (rank 0 local diagnostics)
    Collisions                      = 16029
    Collision candidates           = 35506
    Collision acceptance rate      = 0.4514448262


Phase C auto DLB triggered (threshold) at step 4100: sar=0 loadImbalance=1.686079047 threshold=1.5 particleMaxMin=1
Phase C ParMETIS weights: particles=8911730 activeCells=104151 maxCellParticles=288
Phase C ParMETIS: alpha=1 ncon=1 ubvec=[1.05] moveRatio=0.9238429101 (moveT=329.2011729s, collT=27.13773418s)
Phase C ParMETIS: AdaptiveRepart (104151 cells, 1 constraints, ubvec=1.05)
Replicated mesh: rank 0 owns 4838 / 104151 cells
Local mesh: 4838 owned + 218 halo = 5056 / 104151 cells
Phase C ParMETIS AdaptiveRepart: 67405 / 104151 cells changed (0.6471853367)
Phase C auto DLB complete: rebalance #80

    Number of DSMC particles        = 8911730
    Number of stuck particles       = 0
    Number of free particles        = 8911730
    Average linear kinetic energy   = 4.293883308e-19
    Average rotational energy       = 5.144081281e-20
    Average vibrational energy      = 3.148652855e-20
    Average electronic energy       = 0
    Total energy                    = 45.65618945

Stage 1.0  ExecutionTime = 1428.74 s  ClockTime = 813 s  Iteration 4100 (1.15 s)

Time = 0.001644

    Collision global reduction skipped (rank 0 local diagnostics)
    Collisions                      = 15928
    Collision candidates           = 31166
    Collision acceptance rate      = 0.5110697555

    Number of DSMC particles        = 8915584
    Number of stuck particles       = 0
    Number of free particles        = 8915584
    Average linear kinetic energy   = 4.293545197e-19
    Average rotational energy       = 5.144206096e-20
    Average vibrational energy      = 3.146756447e-20
    Average electronic energy       = 0
    Total energy                    = 45.67134016

Stage 1.0  ExecutionTime = 1433.08 s  ClockTime = 815 s  Iteration 4110 (0.64 s)

Time = 0.001648

    Collision global reduction skipped (rank 0 local diagnostics)
    Collisions                      = 16054
    Collision candidates           = 31649
    Collision acceptance rate      = 0.5072514139

    Number of DSMC particles        = 8919906
    Number of stuck particles       = 0
    Number of free particles        = 8919906
    Average linear kinetic energy   = 4.29143098e-19
    Average rotational energy       = 5.146424604e-20
    Average vibrational energy      = 3.146566781e-20
    Average electronic energy       = 0
    Total energy                    = 45.67643131

Stage 1.0  ExecutionTime = 1437.45 s  ClockTime = 818 s  Iteration 4120 (0.58 s)

Time = 0.001652

    Collision global reduction skipped (rank 0 local diagnostics)
    Collisions                      = 15990
    Collision candidates           = 31714
    Collision acceptance rate      = 0.5041937315

    Number of DSMC particles        = 8924065
    Number of stuck particles       = 0
    Number of free particles        = 8924065
    Average linear kinetic energy   = 4.289794466e-19
    Average rotational energy       = 5.147628964e-20
    Average vibrational energy      = 3.147328948e-20
    Average electronic energy       = 0
    Total energy                    = 45.68487901

Stage 1.0  ExecutionTime = 1441.87 s  ClockTime = 820 s  Iteration 4130 (0.6 s)

Time = 0.001656

    Collision global reduction skipped (rank 0 local diagnostics)
    Collisions                      = 16120
    Collision candidates           = 32178
    Collision acceptance rate      = 0.5009633911

    Number of DSMC particles        = 8928377
    Number of stuck particles       = 0
    Number of free particles        = 8928377
    Average linear kinetic energy   = 4.288427267e-19
    Average rotational energy       = 5.147889567e-20
    Average vibrational energy      = 3.14731054e-20
    Average electronic energy       = 0
    Total energy                    = 45.69496276

Stage 1.0  ExecutionTime = 1446.28 s  ClockTime = 822 s  Iteration 4140 (0.55 s)

Time = 0.00166

    Collision global reduction skipped (rank 0 local diagnostics)
    Collisions                      = 16232
    Collision candidates           = 32657
    Collision acceptance rate      = 0.4970450439


Phase C auto DLB triggered (threshold) at step 4150: sar=0 loadImbalance=1.834507927 threshold=1.5 particleMaxMin=1
Phase C ParMETIS weights: particles=8932460 activeCells=104150 maxCellParticles=288
Phase C ParMETIS: alpha=1 ncon=1 ubvec=[1.05] moveRatio=0.9236721408 (moveT=335.1094024s, collT=27.69184232s)
Phase C ParMETIS: AdaptiveRepart (104151 cells, 1 constraints, ubvec=1.05)
Replicated mesh: rank 0 owns 4838 / 104151 cells
Local mesh: 4838 owned + 218 halo = 5056 / 104151 cells
Phase C ParMETIS AdaptiveRepart: 19288 / 104151 cells changed (0.185192653)
Phase C auto DLB complete: rebalance #81

    Number of DSMC particles        = 8932460
    Number of stuck particles       = 0
    Number of free particles        = 8932460
    Average linear kinetic energy   = 4.286977535e-19
    Average rotational energy       = 5.146358286e-20
    Average vibrational energy      = 3.147029914e-20
    Average electronic energy       = 0
    Total energy                    = 45.70129119

Stage 1.0  ExecutionTime = 1451.13 s  ClockTime = 825 s  Iteration 4150 (0.94 s)

Time = 0.001664

    Collision global reduction skipped (rank 0 local diagnostics)
    Collisions                      = 16325
    Collision candidates           = 32876
    Collision acceptance rate      = 0.4965628422

    Number of DSMC particles        = 8936512
    Number of stuck particles       = 0
    Number of free particles        = 8936512
    Average linear kinetic energy   = 4.285662388e-19
    Average rotational energy       = 5.144327003e-20
    Average vibrational energy      = 3.145878084e-20
    Average electronic energy       = 0
    Total energy                    = 45.70742508

Stage 1.0  ExecutionTime = 1455.53 s  ClockTime = 827 s  Iteration 4160 (0.53 s)

Time = 0.001668

    Collision global reduction skipped (rank 0 local diagnostics)
    Collisions                      = 16571
    Collision candidates           = 33605
    Collision acceptance rate      = 0.4931111442

    Number of DSMC particles        = 8940681
    Number of stuck particles       = 0
    Number of free particles        = 8940681
    Average linear kinetic energy   = 4.283804194e-19
    Average rotational energy       = 5.143644933e-20
    Average vibrational energy      = 3.146118561e-20
    Average electronic energy       = 0
    Total energy                    = 45.71173986

Stage 1.0  ExecutionTime = 1459.99 s  ClockTime = 829 s  Iteration 4170 (0.47 s)

Time = 0.001672

    Collision global reduction skipped (rank 0 local diagnostics)
    Collisions                      = 16790
    Collision candidates           = 33919
    Collision acceptance rate      = 0.4950028008

    Number of DSMC particles        = 8945782
    Number of stuck particles       = 0
    Number of free particles        = 8945782
    Average linear kinetic energy   = 4.282076272e-19
    Average rotational energy       = 5.146001306e-20
    Average vibrational energy      = 3.145274012e-20
    Average electronic energy       = 0
    Total energy                    = 45.72371499

Stage 1.0  ExecutionTime = 1464.47 s  ClockTime = 831 s  Iteration 4180 (0.5 s)

Time = 0.001676

    Collision global reduction skipped (rank 0 local diagnostics)
    Collisions                      = 16811
    Collision candidates           = 34097
    Collision acceptance rate      = 0.4930345778

    Number of DSMC particles        = 8949550
    Number of stuck particles       = 0
    Number of free particles        = 8949550
    Average linear kinetic energy   = 4.281019183e-19
    Average rotational energy       = 5.142729814e-20
    Average vibrational energy      = 3.145515629e-20
    Average electronic energy       = 0
    Total energy                    = 45.73080193

Stage 1.0  ExecutionTime = 1468.96 s  ClockTime = 834 s  Iteration 4190 (0.51 s)

Time = 0.00168

    Collision global reduction skipped (rank 0 local diagnostics)
    Collisions                      = 16875
    Collision candidates           = 34402
    Collision acceptance rate      = 0.4905238068


Phase C auto DLB triggered (threshold) at step 4200: sar=0 loadImbalance=1.717939186 threshold=1.5 particleMaxMin=1
Phase C ParMETIS weights: particles=8953747 activeCells=104151 maxCellParticles=285
Phase C ParMETIS: alpha=1 ncon=1 ubvec=[1.05] moveRatio=0.9234336715 (moveT=341.2081465s, collT=28.29120904s)
Phase C ParMETIS: AdaptiveRepart (104151 cells, 1 constraints, ubvec=1.05)
Replicated mesh: rank 0 owns 4838 / 104151 cells
Local mesh: 4838 owned + 218 halo = 5056 / 104151 cells
Phase C ParMETIS AdaptiveRepart: 91 / 104151 cells changed (0.0008737314092)
Phase C auto DLB complete: rebalance #82

    Number of DSMC particles        = 8953747
    Number of stuck particles       = 0
    Number of free particles        = 8953747
    Average linear kinetic energy   = 4.279387308e-19
    Average rotational energy       = 5.143472844e-20
    Average vibrational energy      = 3.146729072e-20
    Average electronic energy       = 0
    Total energy                    = 45.73938832

Stage 1.0  ExecutionTime = 1473.78 s  ClockTime = 836 s  Iteration 4200 (0.83 s)

Time = 0.001684

    Collision global reduction skipped (rank 0 local diagnostics)
    Collisions                      = 17114
    Collision candidates           = 34774
    Collision acceptance rate      = 0.492149307

    Number of DSMC particles        = 8957958
    Number of stuck particles       = 0
    Number of free particles        = 8957958
    Average linear kinetic energy   = 4.278659239e-19
    Average rotational energy       = 5.141390051e-20
    Average vibrational energy      = 3.146427374e-20
    Average electronic energy       = 0
    Total energy                    = 45.7522418

Stage 1.0  ExecutionTime = 1478.25 s  ClockTime = 838 s  Iteration 4210 (0.5 s)

Time = 0.001688

    Collision global reduction skipped (rank 0 local diagnostics)
    Collisions                      = 17033
    Collision candidates           = 34871
    Collision acceptance rate      = 0.4884574575

    Number of DSMC particles        = 8962370
    Number of stuck particles       = 0
    Number of free particles        = 8962370
    Average linear kinetic energy   = 4.277496284e-19
    Average rotational energy       = 5.137722542e-20
    Average vibrational energy      = 3.146320611e-20
    Average electronic energy       = 0
    Total energy                    = 45.76097035

Stage 1.0  ExecutionTime = 1482.78 s  ClockTime = 841 s  Iteration 4220 (0.51 s)

Time = 0.001692

    Collision global reduction skipped (rank 0 local diagnostics)
    Collisions                      = 17214
    Collision candidates           = 35211
    Collision acceptance rate      = 0.4888813155

    Number of DSMC particles        = 8967163
    Number of stuck particles       = 0
    Number of free particles        = 8967163
    Average linear kinetic energy   = 4.275583019e-19
    Average rotational energy       = 5.137429377e-20
    Average vibrational energy      = 3.1488661e-20
    Average electronic energy       = 0
    Total energy                    = 45.77030607

Stage 1.0  ExecutionTime = 1487.31 s  ClockTime = 843 s  Iteration 4230 (0.51 s)

Time = 0.001696

    Collision global reduction skipped (rank 0 local diagnostics)
    Collisions                      = 17243
    Collision candidates           = 35397
    Collision acceptance rate      = 0.4871316778

    Number of DSMC particles        = 8971876
    Number of stuck particles       = 0
    Number of free particles        = 8971876
    Average linear kinetic energy   = 4.273816681e-19
    Average rotational energy       = 5.137415941e-20
    Average vibrational energy      = 3.149059677e-20
    Average electronic energy       = 0
    Total energy                    = 45.77867648

Stage 1.0  ExecutionTime = 1491.88 s  ClockTime = 845 s  Iteration 4240 (0.54 s)

Time = 0.0017

    Collision global reduction skipped (rank 0 local diagnostics)
    Collisions                      = 17471
    Collision candidates           = 35615
    Collision acceptance rate      = 0.4905517338


Phase C auto DLB triggered (threshold) at step 4250: sar=0 loadImbalance=1.667433686 threshold=1.5 particleMaxMin=1
Phase C ParMETIS weights: particles=8976050 activeCells=104151 maxCellParticles=303
Phase C ParMETIS: alpha=1 ncon=1 ubvec=[1.05] moveRatio=0.9232140248 (moveT=347.3934938s, collT=28.89356907s)
Phase C ParMETIS: AdaptiveRepart (104151 cells, 1 constraints, ubvec=1.05)
Replicated mesh: rank 0 owns 4838 / 104151 cells
Local mesh: 4838 owned + 218 halo = 5056 / 104151 cells
Phase C ParMETIS AdaptiveRepart: 146 / 104151 cells changed (0.001401810832)
Phase C auto DLB complete: rebalance #83

    Number of DSMC particles        = 8976050
    Number of stuck particles       = 0
    Number of free particles        = 8976050
    Average linear kinetic energy   = 4.272555242e-19
    Average rotational energy       = 5.133544358e-20
    Average vibrational energy      = 3.149437518e-20
    Average electronic energy       = 0
    Total energy                    = 45.78551543

Stage 1.0  ExecutionTime = 1496.73 s  ClockTime = 848 s  Iteration 4250 (0.81 s)

Time = 0.001704

    Collision global reduction skipped (rank 0 local diagnostics)
    Collisions                      = 17483
    Collision candidates           = 35699
    Collision acceptance rate      = 0.489733606

    Number of DSMC particles        = 8979981
    Number of stuck particles       = 0
    Number of free particles        = 8979981
    Average linear kinetic energy   = 4.271546748e-19
    Average rotational energy       = 5.130031732e-20
    Average vibrational energy      = 3.148825429e-20
    Average electronic energy       = 0
    Total energy                    = 45.79280664

Stage 1.0  ExecutionTime = 1501.26 s  ClockTime = 850 s  Iteration 4260 (0.54 s)

Time = 0.001708

    Collision global reduction skipped (rank 0 local diagnostics)
    Collisions                      = 17590
    Collision candidates           = 35919
    Collision acceptance rate      = 0.4897129653

    Number of DSMC particles        = 8984057
    Number of stuck particles       = 0
    Number of free particles        = 8984057
    Average linear kinetic energy   = 4.270125267e-19
    Average rotational energy       = 5.128901423e-20
    Average vibrational energy      = 3.148098933e-20
    Average electronic energy       = 0
    Total energy                    = 45.7991531

Stage 1.0  ExecutionTime = 1505.83 s  ClockTime = 852 s  Iteration 4270 (0.51 s)

Time = 0.001712

    Collision global reduction skipped (rank 0 local diagnostics)
    Collisions                      = 17784
    Collision candidates           = 36249
    Collision acceptance rate      = 0.4906066374

    Number of DSMC particles        = 8987816
    Number of stuck particles       = 0
    Number of free particles        = 8987816
    Average linear kinetic energy   = 4.268749578e-19
    Average rotational energy       = 5.128760567e-20
    Average vibrational energy      = 3.147532302e-20
    Average electronic energy       = 0
    Total energy                    = 45.80531551

Stage 1.0  ExecutionTime = 1510.42 s  ClockTime = 854 s  Iteration 4280 (0.53 s)

Time = 0.001716

    Collision global reduction skipped (rank 0 local diagnostics)
    Collisions                      = 17775
    Collision candidates           = 36451
    Collision acceptance rate      = 0.4876409426

    Number of DSMC particles        = 8991967
    Number of stuck particles       = 0
    Number of free particles        = 8991967
    Average linear kinetic energy   = 4.267407451e-19
    Average rotational energy       = 5.126564852e-20
    Average vibrational energy      = 3.147106052e-20
    Average electronic energy       = 0
    Total energy                    = 45.81204455

Stage 1.0  ExecutionTime = 1515.05 s  ClockTime = 857 s  Iteration 4290 (0.55 s)

Time = 0.00172

    Collision global reduction skipped (rank 0 local diagnostics)
    Collisions                      = 17873
    Collision candidates           = 36653
    Collision acceptance rate      = 0.4876272065


Phase C auto DLB triggered (threshold) at step 4300: sar=0 loadImbalance=1.713331316 threshold=1.5 particleMaxMin=1
Phase C ParMETIS weights: particles=8996306 activeCells=104151 maxCellParticles=285
Phase C ParMETIS: alpha=1 ncon=1 ubvec=[1.05] moveRatio=0.9229937716 (moveT=353.607479s, collT=29.50180068s)
Phase C ParMETIS: AdaptiveRepart (104151 cells, 1 constraints, ubvec=1.05)
Replicated mesh: rank 0 owns 4838 / 104151 cells
Local mesh: 4838 owned + 218 halo = 5056 / 104151 cells
Phase C ParMETIS AdaptiveRepart: 72 / 104151 cells changed (0.0006913039721)
Phase C auto DLB complete: rebalance #84

    Number of DSMC particles        = 8996306
    Number of stuck particles       = 0
    Number of free particles        = 8996306
    Average linear kinetic energy   = 4.265950188e-19
    Average rotational energy       = 5.126032782e-20
    Average vibrational energy      = 3.146979764e-20
    Average electronic energy       = 0
    Total energy                    = 45.82044851

Stage 1.0  ExecutionTime = 1519.96 s  ClockTime = 859 s  Iteration 4300 (0.84 s)

Time = 0.001724

    Collision global reduction skipped (rank 0 local diagnostics)
    Collisions                      = 17952
    Collision candidates           = 36783
    Collision acceptance rate      = 0.4880515456

    Number of DSMC particles        = 9000173
    Number of stuck particles       = 0
    Number of free particles        = 9000173
    Average linear kinetic energy   = 4.264540888e-19
    Average rotational energy       = 5.12568957e-20
    Average vibrational energy      = 3.146670478e-20
    Average electronic energy       = 0
    Total energy                    = 45.82687291

Stage 1.0  ExecutionTime = 1524.52 s  ClockTime = 862 s  Iteration 4310 (0.51 s)

Time = 0.001728

    Collision global reduction skipped (rank 0 local diagnostics)
    Collisions                      = 17810
    Collision candidates           = 36770
    Collision acceptance rate      = 0.4843622518

    Number of DSMC particles        = 9004406
    Number of stuck particles       = 0
    Number of free particles        = 9004406
    Average linear kinetic energy   = 4.26331432e-19
    Average rotational energy       = 5.126494161e-20
    Average vibrational energy      = 3.145368134e-20
    Average electronic energy       = 0
    Total energy                    = 45.83693369

Stage 1.0  ExecutionTime = 1529.18 s  ClockTime = 864 s  Iteration 4320 (0.56 s)

Time = 0.001732

    Collision global reduction skipped (rank 0 local diagnostics)
    Collisions                      = 17755
    Collision candidates           = 36912
    Collision acceptance rate      = 0.481008886

    Number of DSMC particles        = 9008829
    Number of stuck particles       = 0
    Number of free particles        = 9008829
    Average linear kinetic energy   = 4.261883517e-19
    Average rotational energy       = 5.128044866e-20
    Average vibrational energy      = 3.144050026e-20
    Average electronic energy       = 0
    Total energy                    = 45.84676866

Stage 1.0  ExecutionTime = 1533.8 s  ClockTime = 866 s  Iteration 4330 (0.51 s)

Time = 0.001736

    Collision global reduction skipped (rank 0 local diagnostics)
    Collisions                      = 17914
    Collision candidates           = 36952
    Collision acceptance rate      = 0.4847910803

    Number of DSMC particles        = 9012943
    Number of stuck particles       = 0
    Number of free particles        = 9012943
    Average linear kinetic energy   = 4.260943503e-19
    Average rotational energy       = 5.125193146e-20
    Average vibrational energy      = 3.14522224e-20
    Average electronic energy       = 0
    Total energy                    = 45.85771917

Stage 1.0  ExecutionTime = 1538.43 s  ClockTime = 869 s  Iteration 4340 (0.54 s)

Time = 0.00174

    Collision global reduction skipped (rank 0 local diagnostics)
    Collisions                      = 17851
    Collision candidates           = 37119
    Collision acceptance rate      = 0.4809127401


Phase C auto DLB triggered (threshold) at step 4350: sar=0 loadImbalance=1.792399707 threshold=1.5 particleMaxMin=1
Phase C ParMETIS weights: particles=9016939 activeCells=104151 maxCellParticles=285
Phase C ParMETIS: alpha=1 ncon=1 ubvec=[1.05] moveRatio=0.9227647699 (moveT=359.866051s, collT=30.12071782s)
Phase C ParMETIS: AdaptiveRepart (104151 cells, 1 constraints, ubvec=1.05)
Replicated mesh: rank 0 owns 4838 / 104151 cells
Local mesh: 4838 owned + 218 halo = 5056 / 104151 cells
Phase C ParMETIS AdaptiveRepart: 7 / 104151 cells changed (6.72101084e-05)
Phase C auto DLB complete: rebalance #85

    Number of DSMC particles        = 9016939
    Number of stuck particles       = 0
    Number of free particles        = 9016939
    Average linear kinetic energy   = 4.259079583e-19
    Average rotational energy       = 5.129364924e-20
    Average vibrational energy      = 3.145928042e-20
    Average electronic energy       = 0
    Total energy                    = 45.86564198

Stage 1.0  ExecutionTime = 1543.39 s  ClockTime = 871 s  Iteration 4350 (0.85 s)

Time = 0.001744

    Collision global reduction skipped (rank 0 local diagnostics)
    Collisions                      = 18134
    Collision candidates           = 37207
    Collision acceptance rate      = 0.4873814067

    Number of DSMC particles        = 9020714
    Number of stuck particles       = 0
    Number of free particles        = 9020714
    Average linear kinetic energy   = 4.257708539e-19
    Average rotational energy       = 5.128655856e-20
    Average vibrational energy      = 3.146443515e-20
    Average electronic energy       = 0
    Total energy                    = 45.8723015

Stage 1.0  ExecutionTime = 1548.01 s  ClockTime = 873 s  Iteration 4360 (0.57 s)

Time = 0.001748

    Collision global reduction skipped (rank 0 local diagnostics)
    Collisions                      = 18184
    Collision candidates           = 37352
    Collision acceptance rate      = 0.4868280146

    Number of DSMC particles        = 9024213
    Number of stuck particles       = 0
    Number of free particles        = 9024213
    Average linear kinetic energy   = 4.256323042e-19
    Average rotational energy       = 5.12955646e-20
    Average vibrational energy      = 3.146184504e-20
    Average electronic energy       = 0
    Total energy                    = 45.87817065

Stage 1.0  ExecutionTime = 1552.67 s  ClockTime = 876 s  Iteration 4370 (0.55 s)

Time = 0.001752

    Collision global reduction skipped (rank 0 local diagnostics)
    Collisions                      = 18227
    Collision candidates           = 37540
    Collision acceptance rate      = 0.4855354289

    Number of DSMC particles        = 9028166
    Number of stuck particles       = 0
    Number of free particles        = 9028166
    Average linear kinetic energy   = 4.25527179e-19
    Average rotational energy       = 5.128389772e-20
    Average vibrational energy      = 3.145891023e-20
    Average electronic energy       = 0
    Total energy                    = 45.88745815

Stage 1.0  ExecutionTime = 1557.34 s  ClockTime = 878 s  Iteration 4380 (0.56 s)

Time = 0.001756

    Collision global reduction skipped (rank 0 local diagnostics)
    Collisions                      = 18106
    Collision candidates           = 37674
    Collision acceptance rate      = 0.480596698

    Number of DSMC particles        = 9032149
    Number of stuck particles       = 0
    Number of free particles        = 9032149
    Average linear kinetic energy   = 4.254290294e-19
    Average rotational energy       = 5.128909413e-20
    Average vibrational energy      = 3.146498393e-20
    Average electronic energy       = 0
    Total energy                    = 45.89985546

Stage 1.0  ExecutionTime = 1562.02 s  ClockTime = 880 s  Iteration 4390 (0.55 s)

Time = 0.00176

    Collision global reduction skipped (rank 0 local diagnostics)
    Collisions                      = 18185
    Collision candidates           = 38019
    Collision acceptance rate      = 0.4783134748


Phase C auto DLB triggered (threshold) at step 4400: sar=0 loadImbalance=1.753897005 threshold=1.5 particleMaxMin=1
Phase C ParMETIS weights: particles=9035806 activeCells=104151 maxCellParticles=287
Phase C ParMETIS: alpha=1 ncon=1 ubvec=[1.05] moveRatio=0.9225440903 (moveT=366.1723125s, collT=30.74347326s)
Phase C ParMETIS: AdaptiveRepart (104151 cells, 1 constraints, ubvec=1.05)
Replicated mesh: rank 0 owns 4838 / 104151 cells
Local mesh: 4838 owned + 218 halo = 5056 / 104151 cells
Phase C ParMETIS AdaptiveRepart: 0 / 104151 cells changed (0)
Phase C auto DLB complete: rebalance #86

    Number of DSMC particles        = 9035806
    Number of stuck particles       = 0
    Number of free particles        = 9035806
    Average linear kinetic energy   = 4.253600541e-19
    Average rotational energy       = 5.128023649e-20
    Average vibrational energy      = 3.146855838e-20
    Average electronic energy       = 0
    Total energy                    = 45.91172986

Stage 1.0  ExecutionTime = 1566.92 s  ClockTime = 883 s  Iteration 4400 (0.76 s)

Time = 0.001764

    Collision global reduction skipped (rank 0 local diagnostics)
    Collisions                      = 18353
    Collision candidates           = 38096
    Collision acceptance rate      = 0.4817566149

    Number of DSMC particles        = 9039443
    Number of stuck particles       = 0
    Number of free particles        = 9039443
    Average linear kinetic energy   = 4.252227555e-19
    Average rotational energy       = 5.128272816e-20
    Average vibrational energy      = 3.146285499e-20
    Average electronic energy       = 0
    Total energy                    = 45.91750843

Stage 1.0  ExecutionTime = 1571.63 s  ClockTime = 885 s  Iteration 4410 (0.57 s)

Time = 0.001768

    Collision global reduction skipped (rank 0 local diagnostics)
    Collisions                      = 18376
    Collision candidates           = 38447
    Collision acceptance rate      = 0.4779566676

    Number of DSMC particles        = 9043382
    Number of stuck particles       = 0
    Number of free particles        = 9043382
    Average linear kinetic energy   = 4.250853097e-19
    Average rotational energy       = 5.128674802e-20
    Average vibrational energy      = 3.147464823e-20
    Average electronic energy       = 0
    Total energy                    = 45.9265176

Stage 1.0  ExecutionTime = 1576.31 s  ClockTime = 888 s  Iteration 4420 (0.55 s)

Time = 0.001772

    Collision global reduction skipped (rank 0 local diagnostics)
    Collisions                      = 18606
    Collision candidates           = 38452
    Collision acceptance rate      = 0.4838760012

    Number of DSMC particles        = 9046818
    Number of stuck particles       = 0
    Number of free particles        = 9046818
    Average linear kinetic energy   = 4.249204234e-19
    Average rotational energy       = 5.129527976e-20
    Average vibrational energy      = 3.14921113e-20
    Average electronic energy       = 0
    Total energy                    = 45.93140195

Stage 1.0  ExecutionTime = 1581.02 s  ClockTime = 890 s  Iteration 4430 (0.57 s)

Time = 0.001776

    Collision global reduction skipped (rank 0 local diagnostics)
    Collisions                      = 18579
    Collision candidates           = 38369
    Collision acceptance rate      = 0.484219031

    Number of DSMC particles        = 9050473
    Number of stuck particles       = 0
    Number of free particles        = 9050473
    Average linear kinetic energy   = 4.248267108e-19
    Average rotational energy       = 5.12684968e-20
    Average vibrational energy      = 3.148686699e-20
    Average electronic energy       = 0
    Total energy                    = 45.93857862

Stage 1.0  ExecutionTime = 1585.73 s  ClockTime = 892 s  Iteration 4440 (0.54 s)

Time = 0.00178

    Collision global reduction skipped (rank 0 local diagnostics)
    Collisions                      = 18398
    Collision candidates           = 38412
    Collision acceptance rate      = 0.4789649068


Phase C auto DLB triggered (threshold) at step 4450: sar=0 loadImbalance=1.770220277 threshold=1.5 particleMaxMin=1
Phase C ParMETIS weights: particles=9054406 activeCells=104151 maxCellParticles=286
Phase C ParMETIS: alpha=1 ncon=1 ubvec=[1.05] moveRatio=0.9223210947 (moveT=372.5122488s, collT=31.37339466s)
Phase C ParMETIS: AdaptiveRepart (104151 cells, 1 constraints, ubvec=1.05)
Replicated mesh: rank 0 owns 4838 / 104151 cells
Local mesh: 4838 owned + 218 halo = 5056 / 104151 cells
Phase C ParMETIS AdaptiveRepart: 0 / 104151 cells changed (0)
Phase C auto DLB complete: rebalance #87

    Number of DSMC particles        = 9054406
    Number of stuck particles       = 0
    Number of free particles        = 9054406
    Average linear kinetic energy   = 4.2467997e-19
    Average rotational energy       = 5.126250242e-20
    Average vibrational energy      = 3.149182643e-20
    Average electronic energy       = 0
    Total energy                    = 45.9451616

Stage 1.0  ExecutionTime = 1590.68 s  ClockTime = 895 s  Iteration 4450 (0.82 s)

Time = 0.001784

    Collision global reduction skipped (rank 0 local diagnostics)
    Collisions                      = 18660
    Collision candidates           = 38761
    Collision acceptance rate      = 0.4814117283

    Number of DSMC particles        = 9057894
    Number of stuck particles       = 0
    Number of free particles        = 9057894
    Average linear kinetic energy   = 4.245652152e-19
    Average rotational energy       = 5.127710798e-20
    Average vibrational energy      = 3.148369198e-20
    Average electronic energy       = 0
    Total energy                    = 45.95305269

Stage 1.0  ExecutionTime = 1595.43 s  ClockTime = 897 s  Iteration 4460 (0.61 s)

Time = 0.001788

    Collision global reduction skipped (rank 0 local diagnostics)
    Collisions                      = 18636
    Collision candidates           = 38767
    Collision acceptance rate      = 0.4807181366

    Number of DSMC particles        = 9061738
    Number of stuck particles       = 0
    Number of free particles        = 9061738
    Average linear kinetic energy   = 4.244717333e-19
    Average rotational energy       = 5.127965975e-20
    Average vibrational energy      = 3.146854994e-20
    Average electronic energy       = 0
    Total energy                    = 45.96294232

Stage 1.0  ExecutionTime = 1600.17 s  ClockTime = 900 s  Iteration 4470 (0.59 s)

Time = 0.001792

    Collision global reduction skipped (rank 0 local diagnostics)
    Collisions                      = 18773
    Collision candidates           = 38880
    Collision acceptance rate      = 0.4828446502

    Number of DSMC particles        = 9065283
    Number of stuck particles       = 0
    Number of free particles        = 9065283
    Average linear kinetic energy   = 4.244137753e-19
    Average rotational energy       = 5.126979014e-20
    Average vibrational energy      = 3.146990704e-20
    Average electronic energy       = 0
    Total energy                    = 45.97489752

Stage 1.0  ExecutionTime = 1604.93 s  ClockTime = 902 s  Iteration 4480 (0.61 s)

Time = 0.001796

    Collision global reduction skipped (rank 0 local diagnostics)
    Collisions                      = 18830
    Collision candidates           = 39048
    Collision acceptance rate      = 0.4822270027

    Number of DSMC particles        = 9069238
    Number of stuck particles       = 0
    Number of free particles        = 9069238
    Average linear kinetic energy   = 4.242605182e-19
    Average rotational energy       = 5.128472697e-20
    Average vibrational energy      = 3.147199109e-20
    Average electronic energy       = 0
    Total energy                    = 45.98259985

Stage 1.0  ExecutionTime = 1609.68 s  ClockTime = 904 s  Iteration 4490 (0.59 s)

Time = 0.0018

    Collision global reduction skipped (rank 0 local diagnostics)
    Collisions                      = 18566
    Collision candidates           = 39189
    Collision acceptance rate      = 0.4737553905


Phase C auto DLB triggered (threshold) at step 4500: sar=0 loadImbalance=1.76685096 threshold=1.5 particleMaxMin=1
Phase C ParMETIS weights: particles=9072649 activeCells=104151 maxCellParticles=290
Phase C ParMETIS: alpha=1 ncon=1 ubvec=[1.05] moveRatio=0.9220799483 (moveT=378.8674722s, collT=32.01606657s)
Phase C ParMETIS: AdaptiveRepart (104151 cells, 1 constraints, ubvec=1.05)
Replicated mesh: rank 0 owns 4840 / 104151 cells
Local mesh: 4840 owned + 226 halo = 5066 / 104151 cells
Phase C ParMETIS AdaptiveRepart: 82121 / 104151 cells changed (0.7884801874)
Phase C auto DLB complete: rebalance #88

    Number of DSMC particles        = 9072649
    Number of stuck particles       = 0
    Number of free particles        = 9072649
    Average linear kinetic energy   = 4.241661588e-19
    Average rotational energy       = 5.127580818e-20
    Average vibrational energy      = 3.148207605e-20
    Average electronic energy       = 0
    Total energy                    = 45.99143912

Stage 1.0  ExecutionTime = 1614.91 s  ClockTime = 907 s  Iteration 4500 (1.08 s)

Time = 0.001804

    Collision global reduction skipped (rank 0 local diagnostics)
    Collisions                      = 14968
    Collision candidates           = 31239
    Collision acceptance rate      = 0.4791446589

    Number of DSMC particles        = 9075800
    Number of stuck particles       = 0
    Number of free particles        = 9075800
    Average linear kinetic energy   = 4.241267548e-19
    Average rotational energy       = 5.128260656e-20
    Average vibrational energy      = 3.148179155e-20
    Average electronic energy       = 0
    Total energy                    = 46.00442726

Stage 1.0  ExecutionTime = 1619.28 s  ClockTime = 909 s  Iteration 4510 (0.59 s)

Time = 0.001808

    Collision global reduction skipped (rank 0 local diagnostics)
    Collisions                      = 15023
    Collision candidates           = 31276
    Collision acceptance rate      = 0.4803363601

    Number of DSMC particles        = 9079222
    Number of stuck particles       = 0
    Number of free particles        = 9079222
    Average linear kinetic energy   = 4.239626866e-19
    Average rotational energy       = 5.13044687e-20
    Average vibrational energy      = 3.149473082e-20
    Average electronic energy       = 0
    Total energy                    = 46.01003665

Stage 1.0  ExecutionTime = 1623.8 s  ClockTime = 912 s  Iteration 4520 (0.67 s)

Time = 0.001812

    Collision global reduction skipped (rank 0 local diagnostics)
    Collisions                      = 15151
    Collision candidates           = 31464
    Collision acceptance rate      = 0.4815344521

    Number of DSMC particles        = 9083034
    Number of stuck particles       = 0
    Number of free particles        = 9083034
    Average linear kinetic energy   = 4.238862804e-19
    Average rotational energy       = 5.129310154e-20
    Average vibrational energy      = 3.150094258e-20
    Average electronic energy       = 0
    Total energy                    = 46.02194615

Stage 1.0  ExecutionTime = 1628.27 s  ClockTime = 914 s  Iteration 4530 (0.63 s)

Time = 0.001816

    Collision global reduction skipped (rank 0 local diagnostics)
    Collisions                      = 15093
    Collision candidates           = 31844
    Collision acceptance rate      = 0.4739668383

    Number of DSMC particles        = 9086884
    Number of stuck particles       = 0
    Number of free particles        = 9086884
    Average linear kinetic energy   = 4.237210009e-19
    Average rotational energy       = 5.129287512e-20
    Average vibrational energy      = 3.149703972e-20
    Average electronic energy       = 0
    Total energy                    = 46.02605936

Stage 1.0  ExecutionTime = 1632.79 s  ClockTime = 916 s  Iteration 4540 (0.64 s)

Time = 0.00182

    Collision global reduction skipped (rank 0 local diagnostics)
    Collisions                      = 15341
    Collision candidates           = 32260
    Collision acceptance rate      = 0.4755424675


Phase C auto DLB triggered (threshold) at step 4550: sar=0 loadImbalance=1.947017905 threshold=1.5 particleMaxMin=1
Phase C ParMETIS weights: particles=9089918 activeCells=104151 maxCellParticles=285
Phase C ParMETIS: alpha=1 ncon=1 ubvec=[1.05] moveRatio=0.9219817477 (moveT=384.833905s, collT=32.56471049s)
Phase C ParMETIS: AdaptiveRepart (104151 cells, 1 constraints, ubvec=1.05)
Replicated mesh: rank 0 owns 4842 / 104151 cells
Local mesh: 4842 owned + 226 halo = 5068 / 104151 cells
Phase C ParMETIS AdaptiveRepart: 22237 / 104151 cells changed (0.2135073115)
Phase C auto DLB complete: rebalance #89

    Number of DSMC particles        = 9089918
    Number of stuck particles       = 0
    Number of free particles        = 9089918
    Average linear kinetic energy   = 4.236391495e-19
    Average rotational energy       = 5.128316779e-20
    Average vibrational energy      = 3.148948746e-20
    Average electronic energy       = 0
    Total energy                    = 46.03241779

Stage 1.0  ExecutionTime = 1637.68 s  ClockTime = 919 s  Iteration 4550 (1.02 s)

Time = 0.001824

    Collision global reduction skipped (rank 0 local diagnostics)
    Collisions                      = 15603
    Collision candidates           = 32657
    Collision acceptance rate      = 0.4777842423

    Number of DSMC particles        = 9093202
    Number of stuck particles       = 0
    Number of free particles        = 9093202
    Average linear kinetic energy   = 4.235352154e-19
    Average rotational energy       = 5.129307034e-20
    Average vibrational energy      = 3.147657001e-20
    Average electronic energy       = 0
    Total energy                    = 46.03932327

Stage 1.0  ExecutionTime = 1642.21 s  ClockTime = 921 s  Iteration 4560 (0.69 s)

Time = 0.001828

    Collision global reduction skipped (rank 0 local diagnostics)
    Collisions                      = 15734
    Collision candidates           = 33019
    Collision acceptance rate      = 0.4765135225

    Number of DSMC particles        = 9096416
    Number of stuck particles       = 0
    Number of free particles        = 9096416
    Average linear kinetic energy   = 4.234194001e-19
    Average rotational energy       = 5.12667444e-20
    Average vibrational energy      = 3.14847845e-20
    Average electronic energy       = 0
    Total energy                    = 46.04341337

Stage 1.0  ExecutionTime = 1646.81 s  ClockTime = 923 s  Iteration 4570 (0.71 s)

Time = 0.001832

    Collision global reduction skipped (rank 0 local diagnostics)
    Collisions                      = 15829
    Collision candidates           = 33097
    Collision acceptance rate      = 0.4782608696

    Number of DSMC particles        = 9100470
    Number of stuck particles       = 0
    Number of free particles        = 9100470
    Average linear kinetic energy   = 4.232875068e-19
    Average rotational energy       = 5.127157433e-20
    Average vibrational energy      = 3.148778234e-20
    Average electronic energy       = 0
    Total energy                    = 46.052643

Stage 1.0  ExecutionTime = 1651.36 s  ClockTime = 925 s  Iteration 4580 (0.65 s)

Time = 0.001836

    Collision global reduction skipped (rank 0 local diagnostics)
    Collisions                      = 15812
    Collision candidates           = 33336
    Collision acceptance rate      = 0.4743220542

    Number of DSMC particles        = 9104611
    Number of stuck particles       = 0
    Number of free particles        = 9104611
    Average linear kinetic energy   = 4.231670584e-19
    Average rotational energy       = 5.127205966e-20
    Average vibrational energy      = 3.148856114e-20
    Average electronic energy       = 0
    Total energy                    = 46.06274713

Stage 1.0  ExecutionTime = 1655.95 s  ClockTime = 928 s  Iteration 4590 (0.7 s)

Time = 0.00184

    Collision global reduction skipped (rank 0 local diagnostics)
    Collisions                      = 15980
    Collision candidates           = 33661
    Collision acceptance rate      = 0.474733371


Phase C auto DLB triggered (threshold) at step 4600: sar=0 loadImbalance=1.850434986 threshold=1.5 particleMaxMin=1
Phase C ParMETIS weights: particles=9108277 activeCells=104151 maxCellParticles=280
Phase C ParMETIS: alpha=1 ncon=1 ubvec=[1.05] moveRatio=0.9218605902 (moveT=390.8489802s, collT=33.12942213s)
Phase C ParMETIS: AdaptiveRepart (104151 cells, 1 constraints, ubvec=1.05)
Replicated mesh: rank 0 owns 4842 / 104151 cells
Local mesh: 4842 owned + 226 halo = 5068 / 104151 cells
Phase C ParMETIS AdaptiveRepart: 34 / 104151 cells changed (0.0003264490979)
Phase C auto DLB complete: rebalance #90

    Number of DSMC particles        = 9108277
    Number of stuck particles       = 0
    Number of free particles        = 9108277
    Average linear kinetic energy   = 4.230451385e-19
    Average rotational energy       = 5.124398489e-20
    Average vibrational energy      = 3.150547764e-20
    Average electronic energy       = 0
    Total energy                    = 46.06917331

Stage 1.0  ExecutionTime = 1660.85 s  ClockTime = 930 s  Iteration 4600 (0.98 s)

Time = 0.001844

    Collision global reduction skipped (rank 0 local diagnostics)
    Collisions                      = 16069
    Collision candidates           = 33728
    Collision acceptance rate      = 0.4764290797

    Number of DSMC particles        = 9112116
    Number of stuck particles       = 0
    Number of free particles        = 9112116
    Average linear kinetic energy   = 4.229495963e-19
    Average rotational energy       = 5.124167513e-20
    Average vibrational energy      = 3.151031422e-20
    Average electronic energy       = 0
    Total energy                    = 46.08011509

Stage 1.0  ExecutionTime = 1665.44 s  ClockTime = 933 s  Iteration 4610 (0.73 s)

Time = 0.001848

    Collision global reduction skipped (rank 0 local diagnostics)
    Collisions                      = 16035
    Collision candidates           = 34015
    Collision acceptance rate      = 0.4714096722

    Number of DSMC particles        = 9115556
    Number of stuck particles       = 0
    Number of free particles        = 9115556
    Average linear kinetic energy   = 4.228467753e-19
    Average rotational energy       = 5.126632281e-20
    Average vibrational energy      = 3.151268767e-20
    Average electronic energy       = 0
    Total energy                    = 46.09060166

Stage 1.0  ExecutionTime = 1670.11 s  ClockTime = 935 s  Iteration 4620 (0.74 s)

Time = 0.001852

    Collision global reduction skipped (rank 0 local diagnostics)
    Collisions                      = 16251
    Collision candidates           = 34171
    Collision acceptance rate      = 0.4755787071

    Number of DSMC particles        = 9118671
    Number of stuck particles       = 0
    Number of free particles        = 9118671
    Average linear kinetic energy   = 4.227321264e-19
    Average rotational energy       = 5.129501174e-20
    Average vibrational energy      = 3.151233656e-20
    Average electronic energy       = 0
    Total energy                    = 46.09848147

Stage 1.0  ExecutionTime = 1674.78 s  ClockTime = 937 s  Iteration 4630 (0.71 s)

Time = 0.001856

    Collision global reduction skipped (rank 0 local diagnostics)
    Collisions                      = 16333
    Collision candidates           = 34383
    Collision acceptance rate      = 0.4750312655

    Number of DSMC particles        = 9122037
    Number of stuck particles       = 0
    Number of free particles        = 9122037
    Average linear kinetic energy   = 4.226532077e-19
    Average rotational energy       = 5.13081864e-20
    Average vibrational energy      = 3.151032913e-20
    Average electronic energy       = 0
    Total energy                    = 46.10931762

Stage 1.0  ExecutionTime = 1679.48 s  ClockTime = 940 s  Iteration 4640 (0.77 s)

Time = 0.00186

    Collision global reduction skipped (rank 0 local diagnostics)
    Collisions                      = 16142
    Collision candidates           = 34470
    Collision acceptance rate      = 0.4682912678


Phase C auto DLB triggered (threshold) at step 4650: sar=0 loadImbalance=1.793487712 threshold=1.5 particleMaxMin=1
Phase C ParMETIS weights: particles=9125181 activeCells=104151 maxCellParticles=288
Phase C ParMETIS: alpha=1 ncon=1 ubvec=[1.05] moveRatio=0.9217207877 (moveT=396.898047s, collT=33.70745987s)
Phase C ParMETIS: AdaptiveRepart (104151 cells, 1 constraints, ubvec=1.05)
Replicated mesh: rank 0 owns 4851 / 104151 cells
Local mesh: 4851 owned + 224 halo = 5075 / 104151 cells
Phase C ParMETIS AdaptiveRepart: 19 / 104151 cells changed (0.0001824274371)
Phase C auto DLB complete: rebalance #91

    Number of DSMC particles        = 9125181
    Number of stuck particles       = 0
    Number of free particles        = 9125181
    Average linear kinetic energy   = 4.225488065e-19
    Average rotational energy       = 5.13035554e-20
    Average vibrational energy      = 3.149681316e-20
    Average electronic energy       = 0
    Total energy                    = 46.11402691

Stage 1.0  ExecutionTime = 1684.35 s  ClockTime = 942 s  Iteration 4650 (0.97 s)

Time = 0.001864

    Collision global reduction skipped (rank 0 local diagnostics)
    Collisions                      = 16848
    Collision candidates           = 35386
    Collision acceptance rate      = 0.4761204996

    Number of DSMC particles        = 9128870
    Number of stuck particles       = 0
    Number of free particles        = 9128870
    Average linear kinetic energy   = 4.224713841e-19
    Average rotational energy       = 5.127906017e-20
    Average vibrational energy      = 3.150246575e-20
    Average electronic energy       = 0
    Total energy                    = 46.12388132

Stage 1.0  ExecutionTime = 1689 s  ClockTime = 944 s  Iteration 4660 (0.73 s)

Time = 0.001868

    Collision global reduction skipped (rank 0 local diagnostics)
    Collisions                      = 16776
    Collision candidates           = 35515
    Collision acceptance rate      = 0.4723637899

    Number of DSMC particles        = 9132040
    Number of stuck particles       = 0
    Number of free particles        = 9132040
    Average linear kinetic energy   = 4.223950073e-19
    Average rotational energy       = 5.124979403e-20
    Average vibrational energy      = 3.150683474e-20
    Average electronic energy       = 0
    Total energy                    = 46.13064947

Stage 1.0  ExecutionTime = 1693.7 s  ClockTime = 947 s  Iteration 4670 (0.71 s)

Time = 0.001872

    Collision global reduction skipped (rank 0 local diagnostics)
    Collisions                      = 16960
    Collision candidates           = 35608
    Collision acceptance rate      = 0.4762974612

    Number of DSMC particles        = 9134987
    Number of stuck particles       = 0
    Number of free particles        = 9134987
    Average linear kinetic energy   = 4.222285479e-19
    Average rotational energy       = 5.128976413e-20
    Average vibrational energy      = 3.149910195e-20
    Average electronic energy       = 0
    Total energy                    = 46.13327511

Stage 1.0  ExecutionTime = 1698.39 s  ClockTime = 949 s  Iteration 4680 (0.71 s)

Time = 0.001876

    Collision global reduction skipped (rank 0 local diagnostics)
    Collisions                      = 16850
    Collision candidates           = 35757
    Collision acceptance rate      = 0.4712364013

    Number of DSMC particles        = 9137988
    Number of stuck particles       = 0
    Number of free particles        = 9137988
    Average linear kinetic energy   = 4.221818142e-19
    Average rotational energy       = 5.127837494e-20
    Average vibrational energy      = 3.1503679e-20
    Average electronic energy       = 0
    Total energy                    = 46.14353767

Stage 1.0  ExecutionTime = 1703.08 s  ClockTime = 952 s  Iteration 4690 (0.72 s)

Time = 0.00188

    Collision global reduction skipped (rank 0 local diagnostics)
    Collisions                      = 17017
    Collision candidates           = 35787
    Collision acceptance rate      = 0.475507866


Phase C auto DLB triggered (threshold) at step 4700: sar=0 loadImbalance=1.740206899 threshold=1.5 particleMaxMin=1
Phase C ParMETIS weights: particles=9140899 activeCells=104151 maxCellParticles=292
Phase C ParMETIS: alpha=1 ncon=1 ubvec=[1.05] moveRatio=0.9215675784 (moveT=402.9914515s, collT=34.29764259s)
Phase C ParMETIS: AdaptiveRepart (104151 cells, 1 constraints, ubvec=1.05)
Replicated mesh: rank 0 owns 4851 / 104151 cells
Local mesh: 4851 owned + 224 halo = 5075 / 104151 cells
Phase C ParMETIS AdaptiveRepart: 0 / 104151 cells changed (0)
Phase C auto DLB complete: rebalance #92

    Number of DSMC particles        = 9140899
    Number of stuck particles       = 0
    Number of free particles        = 9140899
    Average linear kinetic energy   = 4.220886545e-19
    Average rotational energy       = 5.128497056e-20
    Average vibrational energy      = 3.151247223e-20
    Average electronic energy       = 0
    Total energy                    = 46.15112822

Stage 1.0  ExecutionTime = 1708 s  ClockTime = 954 s  Iteration 4700 (0.92 s)

Time = 0.001884

    Collision global reduction skipped (rank 0 local diagnostics)
    Collisions                      = 17054
    Collision candidates           = 36105
    Collision acceptance rate      = 0.4723445506

    Number of DSMC particles        = 9143215
    Number of stuck particles       = 0
    Number of free particles        = 9143215
    Average linear kinetic energy   = 4.220389345e-19
    Average rotational energy       = 5.127488902e-20
    Average vibrational energy      = 3.151409863e-20
    Average electronic energy       = 0
    Total energy                    = 46.1575023

Stage 1.0  ExecutionTime = 1712.7 s  ClockTime = 956 s  Iteration 4710 (0.72 s)

Time = 0.001888

    Collision global reduction skipped (rank 0 local diagnostics)
    Collisions                      = 17241
    Collision candidates           = 36397
    Collision acceptance rate      = 0.4736928868

    Number of DSMC particles        = 9145876
    Number of stuck particles       = 0
    Number of free particles        = 9145876
    Average linear kinetic energy   = 4.219324519e-19
    Average rotational energy       = 5.128128759e-20
    Average vibrational energy      = 3.151411719e-20
    Average electronic energy       = 0
    Total energy                    = 46.16178391

Stage 1.0  ExecutionTime = 1717.41 s  ClockTime = 959 s  Iteration 4720 (0.72 s)

Time = 0.001892

    Collision global reduction skipped (rank 0 local diagnostics)
    Collisions                      = 17148
    Collision candidates           = 36381
    Collision acceptance rate      = 0.4713449328

    Number of DSMC particles        = 9148928
    Number of stuck particles       = 0
    Number of free particles        = 9148928
    Average linear kinetic energy   = 4.218505476e-19
    Average rotational energy       = 5.126334417e-20
    Average vibrational energy      = 3.151558017e-20
    Average electronic energy       = 0
    Total energy                    = 46.16818705

Stage 1.0  ExecutionTime = 1722.11 s  ClockTime = 961 s  Iteration 4730 (0.7 s)

Time = 0.001896

    Collision global reduction skipped (rank 0 local diagnostics)
    Collisions                      = 17211
    Collision candidates           = 36463
    Collision acceptance rate      = 0.4720127252

    Number of DSMC particles        = 9151274
    Number of stuck particles       = 0
    Number of free particles        = 9151274
    Average linear kinetic energy   = 4.217577745e-19
    Average rotational energy       = 5.126897155e-20
    Average vibrational energy      = 3.153019991e-20
    Average electronic energy       = 0
    Total energy                    = 46.17338861

Stage 1.0  ExecutionTime = 1726.85 s  ClockTime = 964 s  Iteration 4740 (0.72 s)

Time = 0.0019

    Collision global reduction skipped (rank 0 local diagnostics)
    Collisions                      = 17385
    Collision candidates           = 36493
    Collision acceptance rate      = 0.4763927329


Phase C auto DLB triggered (threshold) at step 4750: sar=0 loadImbalance=1.710110631 threshold=1.5 particleMaxMin=1
Phase C ParMETIS weights: particles=9154182 activeCells=104150 maxCellParticles=302
Phase C ParMETIS: alpha=1 ncon=1 ubvec=[1.05] moveRatio=0.9214026821 (moveT=409.1157752s, collT=34.89831671s)
Phase C ParMETIS: AdaptiveRepart (104151 cells, 1 constraints, ubvec=1.05)
Replicated mesh: rank 0 owns 4851 / 104151 cells
Local mesh: 4851 owned + 224 halo = 5075 / 104151 cells
Phase C ParMETIS AdaptiveRepart: 0 / 104151 cells changed (0)
Phase C auto DLB complete: rebalance #93

    Number of DSMC particles        = 9154182
    Number of stuck particles       = 0
    Number of free particles        = 9154182
    Average linear kinetic energy   = 4.216740454e-19
    Average rotational energy       = 5.12637608e-20
    Average vibrational energy      = 3.15247186e-20
    Average electronic energy       = 0
    Total energy                    = 46.17941764

Stage 1.0  ExecutionTime = 1731.75 s  ClockTime = 966 s  Iteration 4750 (0.89 s)

Time = 0.001904

    Collision global reduction skipped (rank 0 local diagnostics)
    Collisions                      = 17534
    Collision candidates           = 36698
    Collision acceptance rate      = 0.4777917053

    Number of DSMC particles        = 9156767
    Number of stuck particles       = 0
    Number of free particles        = 9156767
    Average linear kinetic energy   = 4.215798051e-19
    Average rotational energy       = 5.125551118e-20
    Average vibrational energy      = 3.152148137e-20
    Average electronic energy       = 0
    Total energy                    = 46.18277681

Stage 1.0  ExecutionTime = 1736.48 s  ClockTime = 968 s  Iteration 4760 (0.74 s)

Time = 0.001908

    Collision global reduction skipped (rank 0 local diagnostics)
    Collisions                      = 17368
    Collision candidates           = 36810
    Collision acceptance rate      = 0.4718283075

    Number of DSMC particles        = 9159741
    Number of stuck particles       = 0
    Number of free particles        = 9159741
    Average linear kinetic energy   = 4.214735152e-19
    Average rotational energy       = 5.126257129e-20
    Average vibrational energy      = 3.15222373e-20
    Average electronic energy       = 0
    Total energy                    = 46.18875643

Stage 1.0  ExecutionTime = 1741.19 s  ClockTime = 971 s  Iteration 4770 (0.7 s)

Time = 0.001912

    Collision global reduction skipped (rank 0 local diagnostics)
    Collisions                      = 17386
    Collision candidates           = 37022
    Collision acceptance rate      = 0.4696126627

    Number of DSMC particles        = 9162781
    Number of stuck particles       = 0
    Number of free particles        = 9162781
    Average linear kinetic energy   = 4.213865747e-19
    Average rotational energy       = 5.124185873e-20
    Average vibrational energy      = 3.153338823e-20
    Average electronic energy       = 0
    Total energy                    = 46.1952436

Stage 1.0  ExecutionTime = 1745.92 s  ClockTime = 973 s  Iteration 4780 (0.69 s)

Time = 0.001916

    Collision global reduction skipped (rank 0 local diagnostics)
    Collisions                      = 17644
    Collision candidates           = 37150
    Collision acceptance rate      = 0.4749394347

    Number of DSMC particles        = 9165679
    Number of stuck particles       = 0
    Number of free particles        = 9165679
    Average linear kinetic energy   = 4.213279147e-19
    Average rotational energy       = 5.12101412e-20
    Average vibrational energy      = 3.151484663e-20
    Average electronic energy       = 0
    Total energy                    = 46.19987103

Stage 1.0  ExecutionTime = 1750.65 s  ClockTime = 975 s  Iteration 4790 (0.69 s)

Time = 0.00192

    Collision global reduction skipped (rank 0 local diagnostics)
    Collisions                      = 17685
    Collision candidates           = 37262
    Collision acceptance rate      = 0.4746122055


Phase C auto DLB triggered (threshold) at step 4800: sar=0 loadImbalance=1.723413743 threshold=1.5 particleMaxMin=1
Phase C ParMETIS weights: particles=9168734 activeCells=104151 maxCellParticles=284
Phase C ParMETIS: alpha=1 ncon=1 ubvec=[1.05] moveRatio=0.9212296598 (moveT=415.2601851s, collT=35.50709175s)
Phase C ParMETIS: AdaptiveRepart (104151 cells, 1 constraints, ubvec=1.05)
Replicated mesh: rank 0 owns 4851 / 104151 cells
Local mesh: 4851 owned + 224 halo = 5075 / 104151 cells
Phase C ParMETIS AdaptiveRepart: 0 / 104151 cells changed (0)
Phase C auto DLB complete: rebalance #94

    Number of DSMC particles        = 9168734
    Number of stuck particles       = 0
    Number of free particles        = 9168734
    Average linear kinetic energy   = 4.211692439e-19
    Average rotational energy       = 5.124776085e-20
    Average vibrational energy      = 3.152202429e-20
    Average electronic energy       = 0
    Total energy                    = 46.2048291

Stage 1.0  ExecutionTime = 1755.56 s  ClockTime = 978 s  Iteration 4800 (0.88 s)

Time = 0.001924

    Collision global reduction skipped (rank 0 local diagnostics)
    Collisions                      = 17805
    Collision candidates           = 37548
    Collision acceptance rate      = 0.4741930329

    Number of DSMC particles        = 9171407
    Number of stuck particles       = 0
    Number of free particles        = 9171407
    Average linear kinetic energy   = 4.210724028e-19
    Average rotational energy       = 5.126259482e-20
    Average vibrational energy      = 3.153518122e-20
    Average electronic energy       = 0
    Total energy                    = 46.21198486

Stage 1.0  ExecutionTime = 1760.29 s  ClockTime = 980 s  Iteration 4810 (0.69 s)

Time = 0.001928

    Collision global reduction skipped (rank 0 local diagnostics)
    Collisions                      = 17742
    Collision candidates           = 37412
    Collision acceptance rate      = 0.4742328665

    Number of DSMC particles        = 9173942
    Number of stuck particles       = 0
    Number of free particles        = 9173942
    Average linear kinetic energy   = 4.209558765e-19
    Average rotational energy       = 5.124839427e-20
    Average vibrational energy      = 3.154597742e-20
    Average electronic energy       = 0
    Total energy                    = 46.21375559

Stage 1.0  ExecutionTime = 1765.01 s  ClockTime = 983 s  Iteration 4820 (0.68 s)

Time = 0.001932

    Collision global reduction skipped (rank 0 local diagnostics)
    Collisions                      = 17595
    Collision candidates           = 37291
    Collision acceptance rate      = 0.471829664

    Number of DSMC particles        = 9176944
    Number of stuck particles       = 0
    Number of free particles        = 9176944
    Average linear kinetic energy   = 4.209018451e-19
    Average rotational energy       = 5.123942597e-20
    Average vibrational energy      = 3.155348568e-20
    Average electronic energy       = 0
    Total energy                    = 46.22378576

Stage 1.0  ExecutionTime = 1769.73 s  ClockTime = 985 s  Iteration 4830 (0.69 s)

Time = 0.001936

    Collision global reduction skipped (rank 0 local diagnostics)
    Collisions                      = 17622
    Collision candidates           = 37278
    Collision acceptance rate      = 0.4727184935

    Number of DSMC particles        = 9180277
    Number of stuck particles       = 0
    Number of free particles        = 9180277
    Average linear kinetic energy   = 4.208345954e-19
    Average rotational energy       = 5.123631095e-20
    Average vibrational energy      = 3.155512185e-20
    Average electronic energy       = 0
    Total energy                    = 46.23426444

Stage 1.0  ExecutionTime = 1774.46 s  ClockTime = 987 s  Iteration 4840 (0.68 s)

Time = 0.00194

    Collision global reduction skipped (rank 0 local diagnostics)
    Collisions                      = 17693
    Collision candidates           = 37444
    Collision acceptance rate      = 0.4725189616


Phase C auto DLB triggered (threshold) at step 4850: sar=0 loadImbalance=1.718392674 threshold=1.5 particleMaxMin=1
Phase C ParMETIS weights: particles=9183300 activeCells=104151 maxCellParticles=293
Phase C ParMETIS: alpha=1 ncon=1 ubvec=[1.05] moveRatio=0.9210485408 (moveT=421.4387612s, collT=36.12535465s)
Phase C ParMETIS: AdaptiveRepart (104151 cells, 1 constraints, ubvec=1.05)
Replicated mesh: rank 0 owns 4851 / 104151 cells
Local mesh: 4851 owned + 224 halo = 5075 / 104151 cells
Phase C ParMETIS AdaptiveRepart: 0 / 104151 cells changed (0)
Phase C auto DLB complete: rebalance #95

    Number of DSMC particles        = 9183300
    Number of stuck particles       = 0
    Number of free particles        = 9183300
    Average linear kinetic energy   = 4.207702833e-19
    Average rotational energy       = 5.122076521e-20
    Average vibrational energy      = 3.154538205e-20
    Average electronic energy       = 0
    Total energy                    = 46.24126103

Stage 1.0  ExecutionTime = 1779.4 s  ClockTime = 990 s  Iteration 4850 (0.88 s)

Time = 0.001944

    Collision global reduction skipped (rank 0 local diagnostics)
    Collisions                      = 17668
    Collision candidates           = 37753
    Collision acceptance rate      = 0.4679892989

    Number of DSMC particles        = 9186164
    Number of stuck particles       = 0
    Number of free particles        = 9186164
    Average linear kinetic energy   = 4.206985281e-19
    Average rotational energy       = 5.119949187e-20
    Average vibrational energy      = 3.153674969e-20
    Average electronic energy       = 0
    Total energy                    = 46.24634357

Stage 1.0  ExecutionTime = 1784.14 s  ClockTime = 992 s  Iteration 4860 (0.65 s)

Time = 0.001948

    Collision global reduction skipped (rank 0 local diagnostics)
    Collisions                      = 17919
    Collision candidates           = 37805
    Collision acceptance rate      = 0.4739849226

    Number of DSMC particles        = 9189156
    Number of stuck particles       = 0
    Number of free particles        = 9189156
    Average linear kinetic energy   = 4.206316481e-19
    Average rotational energy       = 5.123882222e-20
    Average vibrational energy      = 3.154015196e-20
    Average electronic energy       = 0
    Total energy                    = 46.25918741

Stage 1.0  ExecutionTime = 1788.89 s  ClockTime = 995 s  Iteration 4870 (0.68 s)

Time = 0.001952

    Collision global reduction skipped (rank 0 local diagnostics)
    Collisions                      = 17921
    Collision candidates           = 37780
    Collision acceptance rate      = 0.4743515087

    Number of DSMC particles        = 9192084
    Number of stuck particles       = 0
    Number of free particles        = 9192084
    Average linear kinetic energy   = 4.205681724e-19
    Average rotational energy       = 5.122730834e-20
    Average vibrational energy      = 3.153584983e-20
    Average electronic energy       = 0
    Total energy                    = 46.2666387

Stage 1.0  ExecutionTime = 1793.63 s  ClockTime = 997 s  Iteration 4880 (0.69 s)

Time = 0.001956

    Collision global reduction skipped (rank 0 local diagnostics)
    Collisions                      = 17735
    Collision candidates           = 37712
    Collision acceptance rate      = 0.4702747136

    Number of DSMC particles        = 9194927
    Number of stuck particles       = 0
    Number of free particles        = 9194927
    Average linear kinetic energy   = 4.204645716e-19
    Average rotational energy       = 5.12297837e-20
    Average vibrational energy      = 3.153965118e-20
    Average electronic energy       = 0
    Total energy                    = 46.27199953

Stage 1.0  ExecutionTime = 1798.37 s  ClockTime = 999 s  Iteration 4890 (0.66 s)

Time = 0.00196

    Collision global reduction skipped (rank 0 local diagnostics)
    Collisions                      = 17722
    Collision candidates           = 37734
    Collision acceptance rate      = 0.4696560131


Phase C auto DLB triggered (threshold) at step 4900: sar=0 loadImbalance=1.714263238 threshold=1.5 particleMaxMin=1
Phase C ParMETIS weights: particles=9197591 activeCells=104151 maxCellParticles=292
Phase C ParMETIS: alpha=1 ncon=1 ubvec=[1.05] moveRatio=0.9208743441 (moveT=427.6718808s, collT=36.74748708s)
Phase C ParMETIS: AdaptiveRepart (104151 cells, 1 constraints, ubvec=1.05)
Replicated mesh: rank 0 owns 4851 / 104151 cells
Local mesh: 4851 owned + 224 halo = 5075 / 104151 cells
Phase C ParMETIS AdaptiveRepart: 0 / 104151 cells changed (0)
Phase C auto DLB complete: rebalance #96

    Number of DSMC particles        = 9197591
    Number of stuck particles       = 0
    Number of free particles        = 9197591
    Average linear kinetic energy   = 4.203989291e-19
    Average rotational energy       = 5.125035269e-20
    Average vibrational energy      = 3.154840819e-20
    Average electronic energy       = 0
    Total energy                    = 46.28206545

Stage 1.0  ExecutionTime = 1803.31 s  ClockTime = 1002 s  Iteration 4900 (0.86 s)

Time = 0.001964

    Collision global reduction skipped (rank 0 local diagnostics)
    Collisions                      = 17996
    Collision candidates           = 38144
    Collision acceptance rate      = 0.4717911074

    Number of DSMC particles        = 9200628
    Number of stuck particles       = 0
    Number of free particles        = 9200628
    Average linear kinetic energy   = 4.203311018e-19
    Average rotational energy       = 5.12347568e-20
    Average vibrational energy      = 3.153840462e-20
    Average electronic energy       = 0
    Total energy                    = 46.28875171

Stage 1.0  ExecutionTime = 1808.06 s  ClockTime = 1004 s  Iteration 4910 (0.66 s)

Time = 0.001968

    Collision global reduction skipped (rank 0 local diagnostics)
    Collisions                      = 18061
    Collision candidates           = 38198
    Collision acceptance rate      = 0.4728258024

    Number of DSMC particles        = 9203139
    Number of stuck particles       = 0
    Number of free particles        = 9203139
    Average linear kinetic energy   = 4.202139658e-19
    Average rotational energy       = 5.127523745e-20
    Average vibrational energy      = 3.153158695e-20
    Average electronic energy       = 0
    Total energy                    = 46.29370252

Stage 1.0  ExecutionTime = 1812.8 s  ClockTime = 1007 s  Iteration 4920 (0.67 s)

Time = 0.001972

    Collision global reduction skipped (rank 0 local diagnostics)
    Collisions                      = 18051
    Collision candidates           = 38286
    Collision acceptance rate      = 0.4714778248

    Number of DSMC particles        = 9205574
    Number of stuck particles       = 0
    Number of free particles        = 9205574
    Average linear kinetic energy   = 4.201789273e-19
    Average rotational energy       = 5.126146795e-20
    Average vibrational energy      = 3.152778468e-20
    Average electronic energy       = 0
    Total energy                    = 46.301108

Stage 1.0  ExecutionTime = 1817.55 s  ClockTime = 1009 s  Iteration 4930 (0.67 s)

Time = 0.001976

    Collision global reduction skipped (rank 0 local diagnostics)
    Collisions                      = 18101
    Collision candidates           = 38308
    Collision acceptance rate      = 0.472512269

    Number of DSMC particles        = 9208353
    Number of stuck particles       = 0
    Number of free particles        = 9208353
    Average linear kinetic energy   = 4.200979652e-19
    Average rotational energy       = 5.122797582e-20
    Average vibrational energy      = 3.153995506e-20
    Average electronic energy       = 0
    Total energy                    = 46.30566683

Stage 1.0  ExecutionTime = 1822.3 s  ClockTime = 1011 s  Iteration 4940 (0.67 s)

Time = 0.00198

    Collision global reduction skipped (rank 0 local diagnostics)
    Collisions                      = 18030
    Collision candidates           = 38337
    Collision acceptance rate      = 0.4703028406


Phase C auto DLB triggered (threshold) at step 4950: sar=0 loadImbalance=1.70012524 threshold=1.5 particleMaxMin=1
Phase C ParMETIS weights: particles=9210589 activeCells=104151 maxCellParticles=283
Phase C ParMETIS: alpha=1 ncon=1 ubvec=[1.05] moveRatio=0.9207058567 (moveT=433.916018s, collT=37.37024007s)
Phase C ParMETIS: AdaptiveRepart (104151 cells, 1 constraints, ubvec=1.05)
Replicated mesh: rank 0 owns 4851 / 104151 cells
Local mesh: 4851 owned + 224 halo = 5075 / 104151 cells
Phase C ParMETIS AdaptiveRepart: 0 / 104151 cells changed (0)
Phase C auto DLB complete: rebalance #97

    Number of DSMC particles        = 9210589
    Number of stuck particles       = 0
    Number of free particles        = 9210589
    Average linear kinetic energy   = 4.199563585e-19
    Average rotational energy       = 5.125254049e-20
    Average vibrational energy      = 3.154651427e-20
    Average electronic energy       = 0
    Total energy                    = 46.30673479

Stage 1.0  ExecutionTime = 1827.28 s  ClockTime = 1014 s  Iteration 4950 (0.89 s)

Time = 0.001984

    Collision global reduction skipped (rank 0 local diagnostics)
    Collisions                      = 18259
    Collision candidates           = 38566
    Collision acceptance rate      = 0.4734481149

    Number of DSMC particles        = 9213059
    Number of stuck particles       = 0
    Number of free particles        = 9213059
    Average linear kinetic energy   = 4.199188831e-19
    Average rotational energy       = 5.123199691e-20
    Average vibrational energy      = 3.154282263e-20
    Average electronic energy       = 0
    Total energy                    = 46.31346741

Stage 1.0  ExecutionTime = 1832.05 s  ClockTime = 1016 s  Iteration 4960 (0.71 s)

Time = 0.001988

    Collision global reduction skipped (rank 0 local diagnostics)
    Collisions                      = 18102
    Collision candidates           = 38713
    Collision acceptance rate      = 0.4675948648

    Number of DSMC particles        = 9215735
    Number of stuck particles       = 0
    Number of free particles        = 9215735
    Average linear kinetic energy   = 4.199294908e-19
    Average rotational energy       = 5.122806932e-20
    Average vibrational energy      = 3.154038355e-20
    Average electronic energy       = 0
    Total energy                    = 46.32731034

Stage 1.0  ExecutionTime = 1836.83 s  ClockTime = 1019 s  Iteration 4970 (0.68 s)

Time = 0.001992

    Collision global reduction skipped (rank 0 local diagnostics)
    Collisions                      = 18332
    Collision candidates           = 38882
    Collision acceptance rate      = 0.4714778046

    Number of DSMC particles        = 9217935
    Number of stuck particles       = 0
    Number of free particles        = 9217935
    Average linear kinetic energy   = 4.198361873e-19
    Average rotational energy       = 5.126264932e-20
    Average vibrational energy      = 3.153417144e-20
    Average electronic energy       = 0
    Total energy                    = 46.33238397

Stage 1.0  ExecutionTime = 1841.6 s  ClockTime = 1021 s  Iteration 4980 (0.65 s)

Time = 0.001996

    Collision global reduction skipped (rank 0 local diagnostics)
    Collisions                      = 18253
    Collision candidates           = 38815
    Collision acceptance rate      = 0.4702563442

    Number of DSMC particles        = 9220409
    Number of stuck particles       = 0
    Number of free particles        = 9220409
    Average linear kinetic energy   = 4.197840277e-19
    Average rotational energy       = 5.125818743e-20
    Average vibrational energy      = 3.152829278e-20
    Average electronic energy       = 0
    Total energy                    = 46.33905635

Stage 1.0  ExecutionTime = 1846.38 s  ClockTime = 1024 s  Iteration 4990 (0.68 s)

Time = 0.002

    Collision global reduction skipped (rank 0 local diagnostics)
    Collisions                      = 18344
    Collision candidates           = 38883
    Collision acceptance rate      = 0.4717742973


Phase C auto DLB triggered (threshold) at step 5000: sar=0 loadImbalance=1.70517744 threshold=1.5 particleMaxMin=1
Phase C ParMETIS weights: particles=9222634 activeCells=104151 maxCellParticles=283
Phase C ParMETIS: alpha=1 ncon=1 ubvec=[1.05] moveRatio=0.9205326393 (moveT=440.1733485s, collT=37.99910264s)
Phase C ParMETIS: AdaptiveRepart (104151 cells, 1 constraints, ubvec=1.05)
Replicated mesh: rank 0 owns 4851 / 104151 cells
Local mesh: 4851 owned + 224 halo = 5075 / 104151 cells
Phase C ParMETIS AdaptiveRepart: 0 / 104151 cells changed (0)
Phase C auto DLB complete: rebalance #98

    Number of DSMC particles        = 9222634
    Number of stuck particles       = 0
    Number of free particles        = 9222634
    Average linear kinetic energy   = 4.196987073e-19
    Average rotational energy       = 5.121975669e-20
    Average vibrational energy      = 3.153587456e-20
    Average electronic energy       = 0
    Total energy                    = 46.33952466
Replicated mesh: wrote gathered cloud on rank0 at output time 0.002 with 9222634 parcels
Written cellOwner field at output time 0.002
Replicated mesh output timing:
    gather parcels [s]       = 1.35
    rank0 write [s]           = 21.78
    migrate-back [s]          = 1.23


Stage 1.0  ExecutionTime = 1878.59 s  ClockTime = 1052 s  Iteration 5000 (28.1 s)

    Maximum imbalance = 6.661285702%

Time = 0.002004

    Collision global reduction skipped (rank 0 local diagnostics)
    Collisions                      = 18268
    Collision candidates           = 38873
    Collision acceptance rate      = 0.4699405757

    Number of DSMC particles        = 9224774
    Number of stuck particles       = 0
    Number of free particles        = 9224774
    Average linear kinetic energy   = 4.195224613e-19
    Average rotational energy       = 5.131547464e-20
    Average vibrational energy      = 3.154106067e-20
    Average electronic energy       = 0
    Total energy                    = 46.34332706

Stage 1.0  ExecutionTime = 1883.03 s  ClockTime = 1055 s  Iteration 5010 (0.46 s)

Time = 0.002008

    Collision global reduction skipped (rank 0 local diagnostics)
    Collisions                      = 18291
    Collision candidates           = 39044
    Collision acceptance rate      = 0.4684714681

    Number of DSMC particles        = 9226948
    Number of stuck particles       = 0
    Number of free particles        = 9226948
    Average linear kinetic energy   = 4.193958865e-19
    Average rotational energy       = 5.136353657e-20
    Average vibrational energy      = 3.154480495e-20
    Average electronic energy       = 0
    Total energy                    = 46.34734992

Stage 1.0  ExecutionTime = 1887.54 s  ClockTime = 1057 s  Iteration 5020 (0.46 s)

Time = 0.002012

    Collision global reduction skipped (rank 0 local diagnostics)
    Collisions                      = 18319
    Collision candidates           = 39266
    Collision acceptance rate      = 0.4665359344

    Number of DSMC particles        = 9229728
    Number of stuck particles       = 0
    Number of free particles        = 9229728
    Average linear kinetic energy   = 4.193269056e-19
    Average rotational energy       = 5.13534642e-20
    Average vibrational energy      = 3.154492094e-20
    Average electronic energy       = 0
    Total energy                    = 46.35402828

Stage 1.0  ExecutionTime = 1892.07 s  ClockTime = 1059 s  Iteration 5030 (0.46 s)

Time = 0.002016

    Collision global reduction skipped (rank 0 local diagnostics)
    Collisions                      = 18590
    Collision candidates           = 39282
    Collision acceptance rate      = 0.4732447431

    Number of DSMC particles        = 9231933
    Number of stuck particles       = 0
    Number of free particles        = 9231933
    Average linear kinetic energy   = 4.192636543e-19
    Average rotational energy       = 5.136816513e-20
    Average vibrational energy      = 3.15421551e-20
    Average electronic energy       = 0
    Total energy                    = 46.36036487

Stage 1.0  ExecutionTime = 1896.64 s  ClockTime = 1061 s  Iteration 5040 (0.47 s)

Time = 0.00202

    Collision global reduction skipped (rank 0 local diagnostics)
    Collisions                      = 18516
    Collision candidates           = 39270
    Collision acceptance rate      = 0.4715049656


Phase C auto DLB triggered (threshold) at step 5050: sar=0 loadImbalance=1.785698375e+16 threshold=1.5 particleMaxMin=1
Phase C ParMETIS weights: particles=9233933 activeCells=104151 maxCellParticles=287
Phase C ParMETIS: alpha=1 ncon=1 ubvec=[1.05] moveRatio=0.9203499129 (moveT=446.4119565s, collT=38.63394861s)
Phase C ParMETIS: AdaptiveRepart (104151 cells, 1 constraints, ubvec=1.05)
Replicated mesh: rank 0 owns 4851 / 104151 cells
Local mesh: 4851 owned + 224 halo = 5075 / 104151 cells
Phase C ParMETIS AdaptiveRepart: 60 / 104151 cells changed (0.0005760866434)
Phase C auto DLB complete: rebalance #99

    Number of DSMC particles        = 9233933
    Number of stuck particles       = 0
    Number of free particles        = 9233933
    Average linear kinetic energy   = 4.192605494e-19
    Average rotational energy       = 5.133410406e-20
    Average vibrational energy      = 3.153460089e-20
    Average electronic energy       = 0
    Total energy                    = 46.36627892

Stage 1.0  ExecutionTime = 1901.46 s  ClockTime = 1064 s  Iteration 5050 (0.74 s)

Time = 0.002024

    Collision global reduction skipped (rank 0 local diagnostics)
    Collisions                      = 18449
    Collision candidates           = 39390
    Collision acceptance rate      = 0.468367606

    Number of DSMC particles        = 9236495
    Number of stuck particles       = 0
    Number of free particles        = 9236495
    Average linear kinetic energy   = 4.192091998e-19
    Average rotational energy       = 5.133141081e-20
    Average vibrational energy      = 3.154087652e-20
    Average electronic energy       = 0
    Total energy                    = 46.37473146

Stage 1.0  ExecutionTime = 1905.95 s  ClockTime = 1066 s  Iteration 5060 (0.46 s)

Time = 0.002028

    Collision global reduction skipped (rank 0 local diagnostics)
    Collisions                      = 18564
    Collision candidates           = 39359
    Collision acceptance rate      = 0.4716583247

    Number of DSMC particles        = 9238897
    Number of stuck particles       = 0
    Number of free particles        = 9238897
    Average linear kinetic energy   = 4.191605256e-19
    Average rotational energy       = 5.135978527e-20
    Average vibrational energy      = 3.154163192e-20
    Average electronic energy       = 0
    Total energy                    = 46.38498577

Stage 1.0  ExecutionTime = 1910.52 s  ClockTime = 1068 s  Iteration 5070 (0.46 s)

Time = 0.002032

    Collision global reduction skipped (rank 0 local diagnostics)
    Collisions                      = 18584
    Collision candidates           = 39360
    Collision acceptance rate      = 0.4721544715

    Number of DSMC particles        = 9240682
    Number of stuck particles       = 0
    Number of free particles        = 9240682
    Average linear kinetic energy   = 4.191048238e-19
    Average rotational energy       = 5.135549935e-20
    Average vibrational energy      = 3.153984154e-20
    Average electronic energy       = 0
    Total energy                    = 46.38823886

Stage 1.0  ExecutionTime = 1915.09 s  ClockTime = 1071 s  Iteration 5080 (0.45 s)

Time = 0.002036

    Collision global reduction skipped (rank 0 local diagnostics)
    Collisions                      = 18459
    Collision candidates           = 39501
    Collision acceptance rate      = 0.4673046252

    Number of DSMC particles        = 9243296
    Number of stuck particles       = 0
    Number of free particles        = 9243296
    Average linear kinetic energy   = 4.190435415e-19
    Average rotational energy       = 5.132822032e-20
    Average vibrational energy      = 3.154756247e-20
    Average electronic energy       = 0
    Total energy                    = 46.39388882

Stage 1.0  ExecutionTime = 1919.66 s  ClockTime = 1073 s  Iteration 5090 (0.46 s)

Time = 0.00204

    Collision global reduction skipped (rank 0 local diagnostics)
    Collisions                      = 18616
    Collision candidates           = 39342
    Collision acceptance rate      = 0.4731838747


Phase C auto DLB triggered (threshold) at step 5100: sar=0 loadImbalance=1.739047063 threshold=1.5 particleMaxMin=1
Phase C ParMETIS weights: particles=9245982 activeCells=104151 maxCellParticles=291
Phase C ParMETIS: alpha=1 ncon=1 ubvec=[1.05] moveRatio=0.9201662123 (moveT=452.6824499s, collT=39.27481157s)
Phase C ParMETIS: AdaptiveRepart (104151 cells, 1 constraints, ubvec=1.05)
Replicated mesh: rank 0 owns 4851 / 104151 cells
Local mesh: 4851 owned + 224 halo = 5075 / 104151 cells
Phase C ParMETIS AdaptiveRepart: 1 / 104151 cells changed (9.601444057e-06)
Phase C auto DLB complete: rebalance #100

    Number of DSMC particles        = 9245982
    Number of stuck particles       = 0
    Number of free particles        = 9245982
    Average linear kinetic energy   = 4.189590485e-19
    Average rotational energy       = 5.132412289e-20
    Average vibrational energy      = 3.154912986e-20
    Average electronic energy       = 0
    Total energy                    = 46.39932424

Stage 1.0  ExecutionTime = 1924.47 s  ClockTime = 1076 s  Iteration 5100 (0.72 s)

Time = 0.002044

    Collision global reduction skipped (rank 0 local diagnostics)
    Collisions                      = 18429
    Collision candidates           = 39448
    Collision acceptance rate      = 0.4671719732

    Number of DSMC particles        = 9248240
    Number of stuck particles       = 0
    Number of free particles        = 9248240
    Average linear kinetic energy   = 4.188789009e-19
    Average rotational energy       = 5.130010384e-20
    Average vibrational energy      = 3.155421422e-20
    Average electronic energy       = 0
    Total energy                    = 46.40149225

Stage 1.0  ExecutionTime = 1929.07 s  ClockTime = 1078 s  Iteration 5110 (0.54 s)

Time = 0.002048

    Collision global reduction skipped (rank 0 local diagnostics)
    Collisions                      = 18582
    Collision candidates           = 39572
    Collision acceptance rate      = 0.4695744466

    Number of DSMC particles        = 9250523
    Number of stuck particles       = 0
    Number of free particles        = 9250523
    Average linear kinetic energy   = 4.188182888e-19
    Average rotational energy       = 5.129655165e-20
    Average vibrational energy      = 3.155296299e-20
    Average electronic energy       = 0
    Total energy                    = 46.40689554

Stage 1.0  ExecutionTime = 1933.76 s  ClockTime = 1080 s  Iteration 5120 (0.56 s)

Time = 0.002052

    Collision global reduction skipped (rank 0 local diagnostics)
    Collisions                      = 18801
    Collision candidates           = 40012
    Collision acceptance rate      = 0.4698840348

    Number of DSMC particles        = 9252710
    Number of stuck particles       = 0
    Number of free particles        = 9252710
    Average linear kinetic energy   = 4.187822633e-19
    Average rotational energy       = 5.125803153e-20
    Average vibrational energy      = 3.156311605e-20
    Average electronic energy       = 0
    Total energy                    = 46.41190896

Stage 1.0  ExecutionTime = 1938.5 s  ClockTime = 1083 s  Iteration 5130 (0.59 s)

Time = 0.002056

    Collision global reduction skipped (rank 0 local diagnostics)
    Collisions                      = 18750
    Collision candidates           = 39999
    Collision acceptance rate      = 0.468761719

    Number of DSMC particles        = 9254802
    Number of stuck particles       = 0
    Number of free particles        = 9254802
    Average linear kinetic energy   = 4.187664475e-19
    Average rotational energy       = 5.129692789e-20
    Average vibrational energy      = 3.153740102e-20
    Average electronic energy       = 0
    Total energy                    = 46.42215869

Stage 1.0  ExecutionTime = 1943.22 s  ClockTime = 1085 s  Iteration 5140 (0.58 s)

Time = 0.00206

    Collision global reduction skipped (rank 0 local diagnostics)
    Collisions                      = 18582
    Collision candidates           = 39869
    Collision acceptance rate      = 0.4660764002


Phase C auto DLB triggered (threshold) at step 5150: sar=0 loadImbalance=1.743300599 threshold=1.5 particleMaxMin=1
Phase C ParMETIS weights: particles=9256587 activeCells=104151 maxCellParticles=287
Phase C ParMETIS: alpha=1 ncon=1 ubvec=[1.05] moveRatio=0.9199840128 (moveT=459.0110222s, collT=39.92267212s)
Phase C ParMETIS: AdaptiveRepart (104151 cells, 1 constraints, ubvec=1.05)
Replicated mesh: rank 0 owns 4851 / 104151 cells
Local mesh: 4851 owned + 224 halo = 5075 / 104151 cells
Phase C ParMETIS AdaptiveRepart: 26 / 104151 cells changed (0.0002496375455)
Phase C auto DLB complete: rebalance #101

    Number of DSMC particles        = 9256587
    Number of stuck particles       = 0
    Number of free particles        = 9256587
    Average linear kinetic energy   = 4.186848061e-19
    Average rotational energy       = 5.130384204e-20
    Average vibrational energy      = 3.154697578e-20
    Average electronic energy       = 0
    Total energy                    = 46.42508136

Stage 1.0  ExecutionTime = 1948.21 s  ClockTime = 1087 s  Iteration 5150 (0.82 s)

Time = 0.002064

    Collision global reduction skipped (rank 0 local diagnostics)
    Collisions                      = 18998
    Collision candidates           = 39922
    Collision acceptance rate      = 0.475877962

    Number of DSMC particles        = 9258892
    Number of stuck particles       = 0
    Number of free particles        = 9258892
    Average linear kinetic energy   = 4.186295406e-19
    Average rotational energy       = 5.129778822e-20
    Average vibrational energy      = 3.154808063e-20
    Average electronic energy       = 0
    Total energy                    = 46.43106656

Stage 1.0  ExecutionTime = 1952.91 s  ClockTime = 1090 s  Iteration 5160 (0.62 s)

Time = 0.002068

    Collision global reduction skipped (rank 0 local diagnostics)
    Collisions                      = 18684
    Collision candidates           = 39667
    Collision acceptance rate      = 0.4710212519

    Number of DSMC particles        = 9260908
    Number of stuck particles       = 0
    Number of free particles        = 9260908
    Average linear kinetic energy   = 4.186133065e-19
    Average rotational energy       = 5.125472562e-20
    Average vibrational energy      = 3.153492902e-20
    Average electronic energy       = 0
    Total energy                    = 46.43446694

Stage 1.0  ExecutionTime = 1957.65 s  ClockTime = 1092 s  Iteration 5170 (0.62 s)

Time = 0.002072

    Collision global reduction skipped (rank 0 local diagnostics)
    Collisions                      = 18571
    Collision candidates           = 39885
    Collision acceptance rate      = 0.4656136392

    Number of DSMC particles        = 9263217
    Number of stuck particles       = 0
    Number of free particles        = 9263217
    Average linear kinetic energy   = 4.185671707e-19
    Average rotational energy       = 5.124428553e-20
    Average vibrational energy      = 3.15458315e-20
    Average electronic energy       = 0
    Total energy                    = 46.44181351

Stage 1.0  ExecutionTime = 1962.42 s  ClockTime = 1095 s  Iteration 5180 (0.64 s)

Time = 0.002076

    Collision global reduction skipped (rank 0 local diagnostics)
    Collisions                      = 18740
    Collision candidates           = 39846
    Collision acceptance rate      = 0.4703106962

    Number of DSMC particles        = 9265308
    Number of stuck particles       = 0
    Number of free particles        = 9265308
    Average linear kinetic energy   = 4.184932552e-19
    Average rotational energy       = 5.12469834e-20
    Average vibrational energy      = 3.15314021e-20
    Average electronic energy       = 0
    Total energy                    = 46.44436142

Stage 1.0  ExecutionTime = 1967.18 s  ClockTime = 1097 s  Iteration 5190 (0.64 s)

Time = 0.00208

    Collision global reduction skipped (rank 0 local diagnostics)
    Collisions                      = 18743
    Collision candidates           = 40083
    Collision acceptance rate      = 0.4676047202


Phase C auto DLB triggered (threshold) at step 5200: sar=0 loadImbalance=1.740426157 threshold=1.5 particleMaxMin=1
Phase C ParMETIS weights: particles=9267524 activeCells=104151 maxCellParticles=290
Phase C ParMETIS: alpha=1 ncon=1 ubvec=[1.05] moveRatio=0.9198022245 (moveT=465.3255998s, collT=40.57185014s)
Phase C ParMETIS: AdaptiveRepart (104151 cells, 1 constraints, ubvec=1.05)
Replicated mesh: rank 0 owns 4851 / 104151 cells
Local mesh: 4851 owned + 224 halo = 5075 / 104151 cells
Phase C ParMETIS AdaptiveRepart: 0 / 104151 cells changed (0)
Phase C auto DLB complete: rebalance #102

    Number of DSMC particles        = 9267524
    Number of stuck particles       = 0
    Number of free particles        = 9267524
    Average linear kinetic energy   = 4.184005792e-19
    Average rotational energy       = 5.127027289e-20
    Average vibrational energy      = 3.153174867e-20
    Average electronic energy       = 0
    Total energy                    = 46.44907131

Stage 1.0  ExecutionTime = 1972.13 s  ClockTime = 1099 s  Iteration 5200 (0.81 s)

Time = 0.002084

    Collision global reduction skipped (rank 0 local diagnostics)
    Collisions                      = 18846
    Collision candidates           = 40154
    Collision acceptance rate      = 0.4693430293

    Number of DSMC particles        = 9269296
    Number of stuck particles       = 0
    Number of free particles        = 9269296
    Average linear kinetic energy   = 4.183326857e-19
    Average rotational energy       = 5.127083186e-20
    Average vibrational energy      = 3.154975367e-20
    Average electronic energy       = 0
    Total energy                    = 46.45338012

Stage 1.0  ExecutionTime = 1976.9 s  ClockTime = 1102 s  Iteration 5210 (0.62 s)

Time = 0.002088

    Collision global reduction skipped (rank 0 local diagnostics)
    Collisions                      = 18829
    Collision candidates           = 40051
    Collision acceptance rate      = 0.4701255899

    Number of DSMC particles        = 9271116
    Number of stuck particles       = 0
    Number of free particles        = 9271116
    Average linear kinetic energy   = 4.182419628e-19
    Average rotational energy       = 5.129831383e-20
    Average vibrational energy      = 3.156015154e-20
    Average electronic energy       = 0
    Total energy                    = 46.45760197

Stage 1.0  ExecutionTime = 1981.69 s  ClockTime = 1104 s  Iteration 5220 (0.65 s)

Time = 0.002092

    Collision global reduction skipped (rank 0 local diagnostics)
    Collisions                      = 18798
    Collision candidates           = 40348
    Collision acceptance rate      = 0.4658966987

    Number of DSMC particles        = 9272886
    Number of stuck particles       = 0
    Number of free particles        = 9272886
    Average linear kinetic energy   = 4.182498592e-19
    Average rotational energy       = 5.124658839e-20
    Average vibrational energy      = 3.157662307e-20
    Average electronic energy       = 0
    Total energy                    = 46.46393462

Stage 1.0  ExecutionTime = 1986.46 s  ClockTime = 1107 s  Iteration 5230 (0.62 s)

Time = 0.002096

    Collision global reduction skipped (rank 0 local diagnostics)
    Collisions                      = 19001
    Collision candidates           = 40558
    Collision acceptance rate      = 0.4684895705

    Number of DSMC particles        = 9274700
    Number of stuck particles       = 0
    Number of free particles        = 9274700
    Average linear kinetic energy   = 4.181611544e-19
    Average rotational energy       = 5.126753471e-20
    Average vibrational energy      = 3.157304337e-20
    Average electronic energy       = 0
    Total energy                    = 46.46640768

Stage 1.0  ExecutionTime = 1991.28 s  ClockTime = 1109 s  Iteration 5240 (0.68 s)

Time = 0.0021

    Collision global reduction skipped (rank 0 local diagnostics)
    Collisions                      = 19262
    Collision candidates           = 40724
    Collision acceptance rate      = 0.4729889009


Phase C auto DLB triggered (threshold) at step 5250: sar=0 loadImbalance=1.703768422 threshold=1.5 particleMaxMin=1
Phase C ParMETIS weights: particles=9276851 activeCells=104151 maxCellParticles=288
Phase C ParMETIS: alpha=1 ncon=1 ubvec=[1.05] moveRatio=0.9196329486 (moveT=471.6698653s, collT=41.21939779s)
Phase C ParMETIS: AdaptiveRepart (104151 cells, 1 constraints, ubvec=1.05)
Replicated mesh: rank 0 owns 5424 / 104151 cells
Local mesh: 5424 owned + 257 halo = 5681 / 104151 cells
Phase C ParMETIS AdaptiveRepart: 57249 / 104151 cells changed (0.5496730708)
Phase C auto DLB complete: rebalance #103

    Number of DSMC particles        = 9276851
    Number of stuck particles       = 0
    Number of free particles        = 9276851
    Average linear kinetic energy   = 4.180919093e-19
    Average rotational energy       = 5.125307057e-20
    Average vibrational energy      = 3.156533152e-20
    Average electronic energy       = 0
    Total energy                    = 46.46870323

Stage 1.0  ExecutionTime = 1996.5 s  ClockTime = 1112 s  Iteration 5250 (1.05 s)

Time = 0.002104

    Collision global reduction skipped (rank 0 local diagnostics)
    Collisions                      = 12321
    Collision candidates           = 26932
    Collision acceptance rate      = 0.4574855191

    Number of DSMC particles        = 9278378
    Number of stuck particles       = 0
    Number of free particles        = 9278378
    Average linear kinetic energy   = 4.180777884e-19
    Average rotational energy       = 5.12534229e-20
    Average vibrational energy      = 3.155451993e-20
    Average electronic energy       = 0
    Total energy                    = 46.4740715

Stage 1.0  ExecutionTime = 2001.12 s  ClockTime = 1114 s  Iteration 5260 (0.85 s)

Time = 0.002108

    Collision global reduction skipped (rank 0 local diagnostics)
    Collisions                      = 12221
    Collision candidates           = 26936
    Collision acceptance rate      = 0.4537050787

    Number of DSMC particles        = 9279720
    Number of stuck particles       = 0
    Number of free particles        = 9279720
    Average linear kinetic energy   = 4.179757475e-19
    Average rotational energy       = 5.132442098e-20
    Average vibrational energy      = 3.155118211e-20
    Average electronic energy       = 0
    Total energy                    = 46.47760295

Stage 1.0  ExecutionTime = 2005.68 s  ClockTime = 1117 s  Iteration 5270 (0.8 s)

Time = 0.002112

    Collision global reduction skipped (rank 0 local diagnostics)
    Collisions                      = 12240
    Collision candidates           = 27187
    Collision acceptance rate      = 0.4502151764

    Number of DSMC particles        = 9281729
    Number of stuck particles       = 0
    Number of free particles        = 9281729
    Average linear kinetic energy   = 4.179637877e-19
    Average rotational energy       = 5.128452026e-20
    Average vibrational energy      = 3.156657105e-20
    Average electronic energy       = 0
    Total energy                    = 46.48427986

Stage 1.0  ExecutionTime = 2010.32 s  ClockTime = 1119 s  Iteration 5280 (0.85 s)

Time = 0.002116

    Collision global reduction skipped (rank 0 local diagnostics)
    Collisions                      = 12268
    Collision candidates           = 27076
    Collision acceptance rate      = 0.4530949919

    Number of DSMC particles        = 9283065
    Number of stuck particles       = 0
    Number of free particles        = 9283065
    Average linear kinetic energy   = 4.179438986e-19
    Average rotational energy       = 5.126906244e-20
    Average vibrational energy      = 3.157378079e-20
    Average electronic energy       = 0
    Total energy                    = 46.48835875

Stage 1.0  ExecutionTime = 2015 s  ClockTime = 1121 s  Iteration 5290 (0.84 s)

Time = 0.00212

    Collision global reduction skipped (rank 0 local diagnostics)
    Collisions                      = 12273
    Collision candidates           = 27105
    Collision acceptance rate      = 0.4527946873


Phase C auto DLB triggered (threshold) at step 5300: sar=0 loadImbalance=2.059569099 threshold=1.5 particleMaxMin=1
Phase C ParMETIS weights: particles=9285364 activeCells=104151 maxCellParticles=288
Phase C ParMETIS: alpha=1 ncon=1 ubvec=[1.05] moveRatio=0.919661606 (moveT=477.6602962s, collT=41.72671866s)
Phase C ParMETIS: AdaptiveRepart (104151 cells, 1 constraints, ubvec=1.05)
Replicated mesh: rank 0 owns 5428 / 104151 cells
Local mesh: 5428 owned + 257 halo = 5685 / 104151 cells
Phase C ParMETIS AdaptiveRepart: 123 / 104151 cells changed (0.001180977619)
Phase C auto DLB complete: rebalance #104

    Number of DSMC particles        = 9285364
    Number of stuck particles       = 0
    Number of free particles        = 9285364
    Average linear kinetic energy   = 4.17896821e-19
    Average rotational energy       = 5.129654278e-20
    Average vibrational energy      = 3.157839604e-20
    Average electronic energy       = 0
    Total energy                    = 46.49848071

Stage 1.0  ExecutionTime = 2019.86 s  ClockTime = 1124 s  Iteration 5300 (1.02 s)

Time = 0.002124

    Collision global reduction skipped (rank 0 local diagnostics)
    Collisions                      = 12399
    Collision candidates           = 27493
    Collision acceptance rate      = 0.4509875241

    Number of DSMC particles        = 9287073
    Number of stuck particles       = 0
    Number of free particles        = 9287073
    Average linear kinetic energy   = 4.178553655e-19
    Average rotational energy       = 5.128924074e-20
    Average vibrational energy      = 3.159003407e-20
    Average electronic energy       = 0
    Total energy                    = 46.50359158

Stage 1.0  ExecutionTime = 2024.5 s  ClockTime = 1126 s  Iteration 5310 (0.81 s)

Time = 0.002128

    Collision global reduction skipped (rank 0 local diagnostics)
    Collisions                      = 12219
    Collision candidates           = 27520
    Collision acceptance rate      = 0.4440043605

    Number of DSMC particles        = 9289132
    Number of stuck particles       = 0
    Number of free particles        = 9289132
    Average linear kinetic energy   = 4.177713089e-19
    Average rotational energy       = 5.128582738e-20
    Average vibrational energy      = 3.159849958e-20
    Average electronic energy       = 0
    Total energy                    = 46.50656288

Stage 1.0  ExecutionTime = 2029.17 s  ClockTime = 1129 s  Iteration 5320 (0.86 s)

Time = 0.002132

    Collision global reduction skipped (rank 0 local diagnostics)
    Collisions                      = 12462
    Collision candidates           = 27529
    Collision acceptance rate      = 0.4526862581

    Number of DSMC particles        = 9291650
    Number of stuck particles       = 0
    Number of free particles        = 9291650
    Average linear kinetic energy   = 4.177590923e-19
    Average rotational energy       = 5.125334307e-20
    Average vibrational energy      = 3.159136812e-20
    Average electronic energy       = 0
    Total energy                    = 46.51435331

Stage 1.0  ExecutionTime = 2033.87 s  ClockTime = 1131 s  Iteration 5330 (0.87 s)

Time = 0.002136

    Collision global reduction skipped (rank 0 local diagnostics)
    Collisions                      = 12448
    Collision candidates           = 27494
    Collision acceptance rate      = 0.452753328

    Number of DSMC particles        = 9293355
    Number of stuck particles       = 0
    Number of free particles        = 9293355
    Average linear kinetic energy   = 4.177444266e-19
    Average rotational energy       = 5.124714671e-20
    Average vibrational energy      = 3.158719116e-20
    Average electronic energy       = 0
    Total energy                    = 46.52056164

Stage 1.0  ExecutionTime = 2038.58 s  ClockTime = 1133 s  Iteration 5340 (0.87 s)

Time = 0.00214

    Collision global reduction skipped (rank 0 local diagnostics)
    Collisions                      = 12288
    Collision candidates           = 27349
    Collision acceptance rate      = 0.449303448


Phase C auto DLB triggered (threshold) at step 5350: sar=0 loadImbalance=1.893099506 threshold=1.5 particleMaxMin=1
Phase C ParMETIS weights: particles=9295037 activeCells=104151 maxCellParticles=291
Phase C ParMETIS: alpha=1 ncon=1 ubvec=[1.05] moveRatio=0.9196853565 (moveT=483.688723s, collT=42.23975847s)
Phase C ParMETIS: AdaptiveRepart (104151 cells, 1 constraints, ubvec=1.05)
Replicated mesh: rank 0 owns 5428 / 104151 cells
Local mesh: 5428 owned + 257 halo = 5685 / 104151 cells
Phase C ParMETIS AdaptiveRepart: 68 / 104151 cells changed (0.0006528981959)
Phase C auto DLB complete: rebalance #105

    Number of DSMC particles        = 9295037
    Number of stuck particles       = 0
    Number of free particles        = 9295037
    Average linear kinetic energy   = 4.17676312e-19
    Average rotational energy       = 5.127502829e-20
    Average vibrational energy      = 3.157754762e-20
    Average electronic energy       = 0
    Total energy                    = 46.52434533

Stage 1.0  ExecutionTime = 2043.49 s  ClockTime = 1136 s  Iteration 5350 (1.07 s)

Time = 0.002144

    Collision global reduction skipped (rank 0 local diagnostics)
    Collisions                      = 12399
    Collision candidates           = 27522
    Collision acceptance rate      = 0.4505123174

    Number of DSMC particles        = 9296949
    Number of stuck particles       = 0
    Number of free particles        = 9296949
    Average linear kinetic energy   = 4.176104542e-19
    Average rotational energy       = 5.126143776e-20
    Average vibrational energy      = 3.158608153e-20
    Average electronic energy       = 0
    Total energy                    = 46.52732256

Stage 1.0  ExecutionTime = 2048.19 s  ClockTime = 1139 s  Iteration 5360 (0.89 s)

Time = 0.002148

    Collision global reduction skipped (rank 0 local diagnostics)
    Collisions                      = 12453
    Collision candidates           = 27615
    Collision acceptance rate      = 0.4509505703

    Number of DSMC particles        = 9299226
    Number of stuck particles       = 0
    Number of free particles        = 9299226
    Average linear kinetic energy   = 4.175622879e-19
    Average rotational energy       = 5.126610869e-20
    Average vibrational energy      = 3.160458057e-20
    Average electronic energy       = 0
    Total energy                    = 46.53639352

Stage 1.0  ExecutionTime = 2052.93 s  ClockTime = 1141 s  Iteration 5370 (0.91 s)

Time = 0.002152

    Collision global reduction skipped (rank 0 local diagnostics)
    Collisions                      = 12421
    Collision candidates           = 27476
    Collision acceptance rate      = 0.4520672587

    Number of DSMC particles        = 9300811
    Number of stuck particles       = 0
    Number of free particles        = 9300811
    Average linear kinetic energy   = 4.175117934e-19
    Average rotational energy       = 5.12693461e-20
    Average vibrational energy      = 3.161184099e-20
    Average electronic energy       = 0
    Total energy                    = 46.54060537

Stage 1.0  ExecutionTime = 2057.63 s  ClockTime = 1143 s  Iteration 5380 (0.87 s)

Time = 0.002156

    Collision global reduction skipped (rank 0 local diagnostics)
    Collisions                      = 12318
    Collision candidates           = 27443
    Collision acceptance rate      = 0.4488576322

    Number of DSMC particles        = 9302725
    Number of stuck particles       = 0
    Number of free particles        = 9302725
    Average linear kinetic energy   = 4.174800656e-19
    Average rotational energy       = 5.125431666e-20
    Average vibrational energy      = 3.161559922e-20
    Average electronic energy       = 0
    Total energy                    = 46.54618281

Stage 1.0  ExecutionTime = 2062.39 s  ClockTime = 1146 s  Iteration 5390 (0.92 s)

Time = 0.00216

    Collision global reduction skipped (rank 0 local diagnostics)
    Collisions                      = 12504
    Collision candidates           = 27475
    Collision acceptance rate      = 0.4551046406


Phase C auto DLB triggered (threshold) at step 5400: sar=0 loadImbalance=1.883451761 threshold=1.5 particleMaxMin=1
Phase C ParMETIS weights: particles=9304038 activeCells=104151 maxCellParticles=297
Phase C ParMETIS: alpha=1 ncon=1 ubvec=[1.05] moveRatio=0.9197156867 (moveT=489.7545683s, collT=42.75191753s)
Phase C ParMETIS: AdaptiveRepart (104151 cells, 1 constraints, ubvec=1.05)
Replicated mesh: rank 0 owns 5428 / 104151 cells
Local mesh: 5428 owned + 257 halo = 5685 / 104151 cells
Phase C ParMETIS AdaptiveRepart: 5 / 104151 cells changed (4.800722029e-05)
Phase C auto DLB complete: rebalance #106

    Number of DSMC particles        = 9304038
    Number of stuck particles       = 0
    Number of free particles        = 9304038
    Average linear kinetic energy   = 4.174499267e-19
    Average rotational energy       = 5.124445244e-20
    Average vibrational energy      = 3.161389653e-20
    Average electronic energy       = 0
    Total energy                    = 46.54887209

Stage 1.0  ExecutionTime = 2067.37 s  ClockTime = 1149 s  Iteration 5400 (1.14 s)

Time = 0.002164

    Collision global reduction skipped (rank 0 local diagnostics)
    Collisions                      = 12524
    Collision candidates           = 27811
    Collision acceptance rate      = 0.4503254108

    Number of DSMC particles        = 9305161
    Number of stuck particles       = 0
    Number of free particles        = 9305161
    Average linear kinetic energy   = 4.173698221e-19
    Average rotational energy       = 5.126391339e-20
    Average vibrational energy      = 3.162654048e-20
    Average electronic energy       = 0
    Total energy                    = 46.55002409

Stage 1.0  ExecutionTime = 2072.11 s  ClockTime = 1151 s  Iteration 5410 (0.9 s)

Time = 0.002168

    Collision global reduction skipped (rank 0 local diagnostics)
    Collisions                      = 12640
    Collision candidates           = 27648
    Collision acceptance rate      = 0.4571759259

    Number of DSMC particles        = 9307410
    Number of stuck particles       = 0
    Number of free particles        = 9307410
    Average linear kinetic energy   = 4.17389616e-19
    Average rotational energy       = 5.125164608e-20
    Average vibrational energy      = 3.161908748e-20
    Average electronic energy       = 0
    Total energy                    = 46.5612818

Stage 1.0  ExecutionTime = 2076.84 s  ClockTime = 1153 s  Iteration 5420 (0.88 s)

Time = 0.002172

    Collision global reduction skipped (rank 0 local diagnostics)
    Collisions                      = 12665
    Collision candidates           = 27810
    Collision acceptance rate      = 0.4554117224

    Number of DSMC particles        = 9308696
    Number of stuck particles       = 0
    Number of free particles        = 9308696
    Average linear kinetic energy   = 4.173247946e-19
    Average rotational energy       = 5.127407291e-20
    Average vibrational energy      = 3.161917746e-20
    Average electronic energy       = 0
    Total energy                    = 46.56377714

Stage 1.0  ExecutionTime = 2081.56 s  ClockTime = 1156 s  Iteration 5430 (0.89 s)

Time = 0.002176

    Collision global reduction skipped (rank 0 local diagnostics)
    Collisions                      = 12615
    Collision candidates           = 28094
    Collision acceptance rate      = 0.4490282623

    Number of DSMC particles        = 9310054
    Number of stuck particles       = 0
    Number of free particles        = 9310054
    Average linear kinetic energy   = 4.173121922e-19
    Average rotational energy       = 5.125757615e-20
    Average vibrational energy      = 3.162178576e-20
    Average electronic energy       = 0
    Total energy                    = 46.56810379

Stage 1.0  ExecutionTime = 2086.23 s  ClockTime = 1158 s  Iteration 5440 (0.83 s)

Time = 0.00218

    Collision global reduction skipped (rank 0 local diagnostics)
    Collisions                      = 12663
    Collision candidates           = 28006
    Collision acceptance rate      = 0.45215311


Phase C auto DLB triggered (threshold) at step 5450: sar=0 loadImbalance=1.766133608 threshold=1.5 particleMaxMin=1
Phase C ParMETIS weights: particles=9311415 activeCells=104151 maxCellParticles=290
Phase C ParMETIS: alpha=1 ncon=1 ubvec=[1.05] moveRatio=0.9197350124 (moveT=495.8226488s, collT=43.2702879s)
Phase C ParMETIS: AdaptiveRepart (104151 cells, 1 constraints, ubvec=1.05)
Replicated mesh: rank 0 owns 5428 / 104151 cells
Local mesh: 5428 owned + 257 halo = 5685 / 104151 cells
Phase C ParMETIS AdaptiveRepart: 50 / 104151 cells changed (0.0004800722029)
Phase C auto DLB complete: rebalance #107

    Number of DSMC particles        = 9311415
    Number of stuck particles       = 0
    Number of free particles        = 9311415
    Average linear kinetic energy   = 4.172667391e-19
    Average rotational energy       = 5.126332187e-20
    Average vibrational energy      = 3.162220133e-20
    Average electronic energy       = 0
    Total energy                    = 46.57125277

Stage 1.0  ExecutionTime = 2091.18 s  ClockTime = 1161 s  Iteration 5450 (1.11 s)

Time = 0.002184

    Collision global reduction skipped (rank 0 local diagnostics)
    Collisions                      = 12219
    Collision candidates           = 27640
    Collision acceptance rate      = 0.4420767004

    Number of DSMC particles        = 9312615
    Number of stuck particles       = 0
    Number of free particles        = 9312615
    Average linear kinetic energy   = 4.171988182e-19
    Average rotational energy       = 5.12810028e-20
    Average vibrational energy      = 3.162094768e-20
    Average electronic energy       = 0
    Total energy                    = 46.5724592

Stage 1.0  ExecutionTime = 2095.91 s  ClockTime = 1163 s  Iteration 5460 (0.92 s)

Time = 0.002188

    Collision global reduction skipped (rank 0 local diagnostics)
    Collisions                      = 12348
    Collision candidates           = 27644
    Collision acceptance rate      = 0.4466792071

    Number of DSMC particles        = 9314514
    Number of stuck particles       = 0
    Number of free particles        = 9314514
    Average linear kinetic energy   = 4.17150269e-19
    Average rotational energy       = 5.128300154e-20
    Average vibrational energy      = 3.16286885e-20
    Average electronic energy       = 0
    Total energy                    = 46.57834118

Stage 1.0  ExecutionTime = 2100.68 s  ClockTime = 1166 s  Iteration 5470 (0.94 s)

Time = 0.002192

    Collision global reduction skipped (rank 0 local diagnostics)
    Collisions                      = 12450
    Collision candidates           = 27452
    Collision acceptance rate      = 0.4535188693

    Number of DSMC particles        = 9316637
    Number of stuck particles       = 0
    Number of free particles        = 9316637
    Average linear kinetic energy   = 4.171299682e-19
    Average rotational energy       = 5.126726004e-20
    Average vibrational energy      = 3.162021979e-20
    Average electronic energy       = 0
    Total energy                    = 46.58481057

Stage 1.0  ExecutionTime = 2105.45 s  ClockTime = 1168 s  Iteration 5480 (0.94 s)

Time = 0.002196

    Collision global reduction skipped (rank 0 local diagnostics)
    Collisions                      = 12527
    Collision candidates           = 27814
    Collision acceptance rate      = 0.4503846984

    Number of DSMC particles        = 9318129
    Number of stuck particles       = 0
    Number of free particles        = 9318129
    Average linear kinetic energy   = 4.171017393e-19
    Average rotational energy       = 5.126079213e-20
    Average vibrational energy      = 3.163093993e-20
    Average electronic energy       = 0
    Total energy                    = 46.59003666

Stage 1.0  ExecutionTime = 2110.22 s  ClockTime = 1171 s  Iteration 5490 (0.96 s)

Time = 0.0022

    Collision global reduction skipped (rank 0 local diagnostics)
    Collisions                      = 12214
    Collision candidates           = 27770
    Collision acceptance rate      = 0.4398271516


Phase C auto DLB triggered (threshold) at step 5500: sar=0 loadImbalance=1.822680357 threshold=1.5 particleMaxMin=1
Phase C ParMETIS weights: particles=9319957 activeCells=104151 maxCellParticles=281
Phase C ParMETIS: alpha=1 ncon=1 ubvec=[1.05] moveRatio=0.9197560683 (moveT=501.8701375s, collT=43.78555839s)
Phase C ParMETIS: AdaptiveRepart (104151 cells, 1 constraints, ubvec=1.05)
Replicated mesh: rank 0 owns 5428 / 104151 cells
Local mesh: 5428 owned + 257 halo = 5685 / 104151 cells
Phase C ParMETIS AdaptiveRepart: 20 / 104151 cells changed (0.0001920288811)
Phase C auto DLB complete: rebalance #108

    Number of DSMC particles        = 9319957
    Number of stuck particles       = 0
    Number of free particles        = 9319957
    Average linear kinetic energy   = 4.170487608e-19
    Average rotational energy       = 5.128862893e-20
    Average vibrational energy      = 3.162736572e-20
    Average electronic energy       = 0
    Total energy                    = 46.59650023

Stage 1.0  ExecutionTime = 2115.23 s  ClockTime = 1173 s  Iteration 5500 (1.17 s)

Time = 0.002204

    Collision global reduction skipped (rank 0 local diagnostics)
    Collisions                      = 12606
    Collision candidates           = 27907
    Collision acceptance rate      = 0.4517146236

    Number of DSMC particles        = 9322031
    Number of stuck particles       = 0
    Number of free particles        = 9322031
    Average linear kinetic energy   = 4.170183971e-19
    Average rotational energy       = 5.12795814e-20
    Average vibrational energy      = 3.16217815e-20
    Average electronic energy       = 0
    Total energy                    = 46.602675

Stage 1.0  ExecutionTime = 2120.02 s  ClockTime = 1176 s  Iteration 5510 (0.95 s)

Time = 0.002208

    Collision global reduction skipped (rank 0 local diagnostics)
    Collisions                      = 12715
    Collision candidates           = 28258
    Collision acceptance rate      = 0.449961073

    Number of DSMC particles        = 9323847
    Number of stuck particles       = 0
    Number of free particles        = 9323847
    Average linear kinetic energy   = 4.169815735e-19
    Average rotational energy       = 5.130424828e-20
    Average vibrational energy      = 3.160437294e-20
    Average electronic energy       = 0
    Total energy                    = 46.60899693

Stage 1.0  ExecutionTime = 2124.84 s  ClockTime = 1178 s  Iteration 5520 (0.94 s)

Time = 0.002212

    Collision global reduction skipped (rank 0 local diagnostics)
    Collisions                      = 12726
    Collision candidates           = 28323
    Collision acceptance rate      = 0.4493168097

    Number of DSMC particles        = 9324935
    Number of stuck particles       = 0
    Number of free particles        = 9324935
    Average linear kinetic energy   = 4.169597295e-19
    Average rotational energy       = 5.128349897e-20
    Average vibrational energy      = 3.160059622e-20
    Average electronic energy       = 0
    Total energy                    = 46.61011176

Stage 1.0  ExecutionTime = 2129.66 s  ClockTime = 1181 s  Iteration 5530 (0.96 s)

Time = 0.002216

    Collision global reduction skipped (rank 0 local diagnostics)
    Collisions                      = 12683
    Collision candidates           = 28250
    Collision acceptance rate      = 0.4489557522

    Number of DSMC particles        = 9325977
    Number of stuck particles       = 0
    Number of free particles        = 9325977
    Average linear kinetic energy   = 4.169488611e-19
    Average rotational energy       = 5.124634927e-20
    Average vibrational energy      = 3.16101696e-20
    Average electronic energy       = 0
    Total energy                    = 46.61173478

Stage 1.0  ExecutionTime = 2134.43 s  ClockTime = 1183 s  Iteration 5540 (0.89 s)

Time = 0.00222

    Collision global reduction skipped (rank 0 local diagnostics)
    Collisions                      = 12717
    Collision candidates           = 28247
    Collision acceptance rate      = 0.4502071016


Phase C auto DLB triggered (threshold) at step 5550: sar=0 loadImbalance=1.831915139 threshold=1.5 particleMaxMin=1
Phase C ParMETIS weights: particles=9327718 activeCells=104151 maxCellParticles=287
Phase C ParMETIS: alpha=1 ncon=1 ubvec=[1.05] moveRatio=0.9197650755 (moveT=507.9586119s, collT=44.31133773s)
Phase C ParMETIS: AdaptiveRepart (104151 cells, 1 constraints, ubvec=1.05)
Replicated mesh: rank 0 owns 5428 / 104151 cells
Local mesh: 5428 owned + 257 halo = 5685 / 104151 cells
Phase C ParMETIS AdaptiveRepart: 61 / 104151 cells changed (0.0005856880875)
Phase C auto DLB complete: rebalance #109

    Number of DSMC particles        = 9327718
    Number of stuck particles       = 0
    Number of free particles        = 9327718
    Average linear kinetic energy   = 4.169403221e-19
    Average rotational energy       = 5.129118971e-20
    Average vibrational energy      = 3.160263126e-20
    Average electronic energy       = 0
    Total energy                    = 46.62311933

Stage 1.0  ExecutionTime = 2139.44 s  ClockTime = 1186 s  Iteration 5550 (1.14 s)

Time = 0.002224

    Collision global reduction skipped (rank 0 local diagnostics)
    Collisions                      = 12770
    Collision candidates           = 28325
    Collision acceptance rate      = 0.4508384819

    Number of DSMC particles        = 9328832
    Number of stuck particles       = 0
    Number of free particles        = 9328832
    Average linear kinetic energy   = 4.169214608e-19
    Average rotational energy       = 5.124372206e-20
    Average vibrational energy      = 3.161672205e-20
    Average electronic energy       = 0
    Total energy                    = 46.62381427

Stage 1.0  ExecutionTime = 2144.25 s  ClockTime = 1189 s  Iteration 5560 (0.97 s)

Time = 0.002228

    Collision global reduction skipped (rank 0 local diagnostics)
    Collisions                      = 12639
    Collision candidates           = 28277
    Collision acceptance rate      = 0.4469710365

    Number of DSMC particles        = 9330292
    Number of stuck particles       = 0
    Number of free particles        = 9330292
    Average linear kinetic energy   = 4.168585205e-19
    Average rotational energy       = 5.123721117e-20
    Average vibrational energy      = 3.162007853e-20
    Average electronic energy       = 0
    Total energy                    = 46.62494426

Stage 1.0  ExecutionTime = 2149.08 s  ClockTime = 1191 s  Iteration 5570 (0.97 s)

Time = 0.002232

    Collision global reduction skipped (rank 0 local diagnostics)
    Collisions                      = 12528
    Collision candidates           = 27974
    Collision acceptance rate      = 0.447844427

    Number of DSMC particles        = 9332026
    Number of stuck particles       = 0
    Number of free particles        = 9332026
    Average linear kinetic energy   = 4.1678781e-19
    Average rotational energy       = 5.126586719e-20
    Average vibrational energy      = 3.162014258e-20
    Average electronic energy       = 0
    Total energy                    = 46.62969078

Stage 1.0  ExecutionTime = 2153.9 s  ClockTime = 1194 s  Iteration 5580 (0.97 s)

Time = 0.002236

    Collision global reduction skipped (rank 0 local diagnostics)
    Collisions                      = 12660
    Collision candidates           = 28183
    Collision acceptance rate      = 0.4492069687

    Number of DSMC particles        = 9332990
    Number of stuck particles       = 0
    Number of free particles        = 9332990
    Average linear kinetic energy   = 4.167839457e-19
    Average rotational energy       = 5.126914962e-20
    Average vibrational energy      = 3.160628415e-20
    Average electronic energy       = 0
    Total energy                    = 46.63315992

Stage 1.0  ExecutionTime = 2158.71 s  ClockTime = 1196 s  Iteration 5590 (0.97 s)

Time = 0.00224

    Collision global reduction skipped (rank 0 local diagnostics)
    Collisions                      = 12629
    Collision candidates           = 28143
    Collision acceptance rate      = 0.448743915


Phase C auto DLB triggered (threshold) at step 5600: sar=0 loadImbalance=1.847812733 threshold=1.5 particleMaxMin=1
Phase C ParMETIS weights: particles=9333915 activeCells=104151 maxCellParticles=285
Phase C ParMETIS: alpha=1 ncon=1 ubvec=[1.05] moveRatio=0.9197772476 (moveT=514.0284952s, collT=44.83344287s)
Phase C ParMETIS: AdaptiveRepart (104151 cells, 1 constraints, ubvec=1.05)
Replicated mesh: rank 0 owns 5428 / 104151 cells
Local mesh: 5428 owned + 257 halo = 5685 / 104151 cells
Phase C ParMETIS AdaptiveRepart: 0 / 104151 cells changed (0)
Phase C auto DLB complete: rebalance #110

    Number of DSMC particles        = 9333915
    Number of stuck particles       = 0
    Number of free particles        = 9333915
    Average linear kinetic energy   = 4.167659046e-19
    Average rotational energy       = 5.128014724e-20
    Average vibrational energy      = 3.161238916e-20
    Average electronic energy       = 0
    Total energy                    = 46.63769417

Stage 1.0  ExecutionTime = 2163.7 s  ClockTime = 1199 s  Iteration 5600 (1.15 s)

Time = 0.002244

    Collision global reduction skipped (rank 0 local diagnostics)
    Collisions                      = 12675
    Collision candidates           = 28317
    Collision acceptance rate      = 0.4476109757

    Number of DSMC particles        = 9334812
    Number of stuck particles       = 0
    Number of free particles        = 9334812
    Average linear kinetic energy   = 4.167017114e-19
    Average rotational energy       = 5.12845028e-20
    Average vibrational energy      = 3.161155703e-20
    Average electronic energy       = 0
    Total energy                    = 46.6365127

Stage 1.0  ExecutionTime = 2168.55 s  ClockTime = 1201 s  Iteration 5610 (0.96 s)

Time = 0.002248

    Collision global reduction skipped (rank 0 local diagnostics)
    Collisions                      = 12715
    Collision candidates           = 28298
    Collision acceptance rate      = 0.4493250406

    Number of DSMC particles        = 9336305
    Number of stuck particles       = 0
    Number of free particles        = 9336305
    Average linear kinetic energy   = 4.167185233e-19
    Average rotational energy       = 5.126639591e-20
    Average vibrational energy      = 3.16062211e-20
    Average electronic energy       = 0
    Total energy                    = 46.64335262

Stage 1.0  ExecutionTime = 2173.35 s  ClockTime = 1204 s  Iteration 5620 (0.97 s)

Time = 0.002252

    Collision global reduction skipped (rank 0 local diagnostics)
    Collisions                      = 12647
    Collision candidates           = 28325
    Collision acceptance rate      = 0.4464960282

    Number of DSMC particles        = 9338281
    Number of stuck particles       = 0
    Number of free particles        = 9338281
    Average linear kinetic energy   = 4.167049354e-19
    Average rotational energy       = 5.123598482e-20
    Average vibrational energy      = 3.161090999e-20
    Average electronic energy       = 0
    Total energy                    = 46.64955365

Stage 1.0  ExecutionTime = 2178.14 s  ClockTime = 1206 s  Iteration 5630 (0.95 s)

Time = 0.002256

    Collision global reduction skipped (rank 0 local diagnostics)
    Collisions                      = 12809
    Collision candidates           = 28538
    Collision acceptance rate      = 0.448840143

    Number of DSMC particles        = 9339098
    Number of stuck particles       = 0
    Number of free particles        = 9339098
    Average linear kinetic energy   = 4.166477203e-19
    Average rotational energy       = 5.124841544e-20
    Average vibrational energy      = 3.161083435e-20
    Average electronic energy       = 0
    Total energy                    = 46.64944545

Stage 1.0  ExecutionTime = 2182.93 s  ClockTime = 1209 s  Iteration 5640 (0.95 s)

Time = 0.00226

    Collision global reduction skipped (rank 0 local diagnostics)
    Collisions                      = 12823
    Collision candidates           = 28531
    Collision acceptance rate      = 0.449440959


Phase C auto DLB triggered (threshold) at step 5650: sar=0 loadImbalance=1.834701819 threshold=1.5 particleMaxMin=1
Phase C ParMETIS weights: particles=9340193 activeCells=104151 maxCellParticles=293
Phase C ParMETIS: alpha=1 ncon=1 ubvec=[1.05] moveRatio=0.9197836049 (moveT=520.1073293s, collT=45.35972894s)
Phase C ParMETIS: AdaptiveRepart (104151 cells, 1 constraints, ubvec=1.05)
Replicated mesh: rank 0 owns 5428 / 104151 cells
Local mesh: 5428 owned + 257 halo = 5685 / 104151 cells
Phase C ParMETIS AdaptiveRepart: 0 / 104151 cells changed (0)
Phase C auto DLB complete: rebalance #111

    Number of DSMC particles        = 9340193
    Number of stuck particles       = 0
    Number of free particles        = 9340193
    Average linear kinetic energy   = 4.166058405e-19
    Average rotational energy       = 5.126912757e-20
    Average vibrational energy      = 3.16095375e-20
    Average electronic energy       = 0
    Total energy                    = 46.65281682

Stage 1.0  ExecutionTime = 2187.89 s  ClockTime = 1211 s  Iteration 5650 (1.11 s)

Time = 0.002264

    Collision global reduction skipped (rank 0 local diagnostics)
    Collisions                      = 12950
    Collision candidates           = 28580
    Collision acceptance rate      = 0.4531140658

    Number of DSMC particles        = 9342196
    Number of stuck particles       = 0
    Number of free particles        = 9342196
    Average linear kinetic energy   = 4.165658127e-19
    Average rotational energy       = 5.127342294e-20
    Average vibrational energy      = 3.160226358e-20
    Average electronic energy       = 0
    Total energy                    = 46.65880376

Stage 1.0  ExecutionTime = 2192.65 s  ClockTime = 1214 s  Iteration 5660 (0.89 s)

Time = 0.002268

    Collision global reduction skipped (rank 0 local diagnostics)
    Collisions                      = 12823
    Collision candidates           = 28578
    Collision acceptance rate      = 0.4487017986

    Number of DSMC particles        = 9343169
    Number of stuck particles       = 0
    Number of free particles        = 9343169
    Average linear kinetic energy   = 4.16552078e-19
    Average rotational energy       = 5.125782351e-20
    Average vibrational energy      = 3.159283044e-20
    Average electronic energy       = 0
    Total energy                    = 46.66004124

Stage 1.0  ExecutionTime = 2197.46 s  ClockTime = 1216 s  Iteration 5670 (0.95 s)

Time = 0.002272

    Collision global reduction skipped (rank 0 local diagnostics)
    Collisions                      = 12948
    Collision candidates           = 28635
    Collision acceptance rate      = 0.452173913

    Number of DSMC particles        = 9344500
    Number of stuck particles       = 0
    Number of free particles        = 9344500
    Average linear kinetic energy   = 4.165333293e-19
    Average rotational energy       = 5.128085306e-20
    Average vibrational energy      = 3.160152309e-20
    Average electronic energy       = 0
    Total energy                    = 46.6679006

Stage 1.0  ExecutionTime = 2202.28 s  ClockTime = 1219 s  Iteration 5680 (0.97 s)

Time = 0.002276

    Collision global reduction skipped (rank 0 local diagnostics)
    Collisions                      = 12795
    Collision candidates           = 28567
    Collision acceptance rate      = 0.4478944236

    Number of DSMC particles        = 9345131
    Number of stuck particles       = 0
    Number of free particles        = 9345131
    Average linear kinetic energy   = 4.164544999e-19
    Average rotational energy       = 5.127417526e-20
    Average vibrational energy      = 3.160157632e-20
    Average electronic energy       = 0
    Total energy                    = 46.66306612

Stage 1.0  ExecutionTime = 2207.08 s  ClockTime = 1221 s  Iteration 5690 (0.95 s)

Time = 0.00228

    Collision global reduction skipped (rank 0 local diagnostics)
    Collisions                      = 12775
    Collision candidates           = 28558
    Collision acceptance rate      = 0.4473352476


Phase C auto DLB triggered (threshold) at step 5700: sar=0 loadImbalance=1.820709787 threshold=1.5 particleMaxMin=1
Phase C ParMETIS weights: particles=9345955 activeCells=104151 maxCellParticles=284
Phase C ParMETIS: alpha=1 ncon=1 ubvec=[1.05] moveRatio=0.9197910573 (moveT=526.1905639s, collT=45.88562635s)
Phase C ParMETIS: AdaptiveRepart (104151 cells, 1 constraints, ubvec=1.05)
Replicated mesh: rank 0 owns 5428 / 104151 cells
Local mesh: 5428 owned + 257 halo = 5685 / 104151 cells
Phase C ParMETIS AdaptiveRepart: 0 / 104151 cells changed (0)
Phase C auto DLB complete: rebalance #112

    Number of DSMC particles        = 9345955
    Number of stuck particles       = 0
    Number of free particles        = 9345955
    Average linear kinetic energy   = 4.164501605e-19
    Average rotational energy       = 5.129431136e-20
    Average vibrational energy      = 3.15986967e-20
    Average electronic energy       = 0
    Total energy                    = 46.66838783

Stage 1.0  ExecutionTime = 2212.08 s  ClockTime = 1224 s  Iteration 5700 (1.16 s)

Time = 0.002284

    Collision global reduction skipped (rank 0 local diagnostics)
    Collisions                      = 12768
    Collision candidates           = 28357
    Collision acceptance rate      = 0.4502591953

    Number of DSMC particles        = 9347055
    Number of stuck particles       = 0
    Number of free particles        = 9347055
    Average linear kinetic energy   = 4.164506217e-19
    Average rotational energy       = 5.127088297e-20
    Average vibrational energy      = 3.161524377e-20
    Average electronic energy       = 0
    Total energy                    = 46.67328051

Stage 1.0  ExecutionTime = 2216.93 s  ClockTime = 1227 s  Iteration 5710 (0.98 s)

Time = 0.002288

    Collision global reduction skipped (rank 0 local diagnostics)
    Collisions                      = 12572
    Collision candidates           = 28483
    Collision acceptance rate      = 0.4413860899

    Number of DSMC particles        = 9348226
    Number of stuck particles       = 0
    Number of free particles        = 9348226
    Average linear kinetic energy   = 4.164330915e-19
    Average rotational energy       = 5.126048283e-20
    Average vibrational energy      = 3.161227831e-20
    Average electronic energy       = 0
    Total energy                    = 46.67623953

Stage 1.0  ExecutionTime = 2221.75 s  ClockTime = 1229 s  Iteration 5720 (0.96 s)

Time = 0.002292

    Collision global reduction skipped (rank 0 local diagnostics)
    Collisions                      = 12901
    Collision candidates           = 28677
    Collision acceptance rate      = 0.4498727203

    Number of DSMC particles        = 9349335
    Number of stuck particles       = 0
    Number of free particles        = 9349335
    Average linear kinetic energy   = 4.163763481e-19
    Average rotational energy       = 5.130377826e-20
    Average vibrational energy      = 3.161442189e-20
    Average electronic energy       = 0
    Total energy                    = 46.68071995

Stage 1.0  ExecutionTime = 2226.56 s  ClockTime = 1232 s  Iteration 5730 (0.96 s)

Time = 0.002296

    Collision global reduction skipped (rank 0 local diagnostics)
    Collisions                      = 12890
    Collision candidates           = 28697
    Collision acceptance rate      = 0.449175872

    Number of DSMC particles        = 9350923
    Number of stuck particles       = 0
    Number of free particles        = 9350923
    Average linear kinetic energy   = 4.163625361e-19
    Average rotational energy       = 5.129658246e-20
    Average vibrational energy      = 3.161425079e-20
    Average electronic energy       = 0
    Total energy                    = 46.68666832

Stage 1.0  ExecutionTime = 2231.41 s  ClockTime = 1234 s  Iteration 5740 (0.99 s)

Time = 0.0023

    Collision global reduction skipped (rank 0 local diagnostics)
    Collisions                      = 12850
    Collision candidates           = 28642
    Collision acceptance rate      = 0.4486418546


Phase C auto DLB triggered (threshold) at step 5750: sar=0 loadImbalance=1.846203626 threshold=1.5 particleMaxMin=1
Phase C ParMETIS weights: particles=9352500 activeCells=104151 maxCellParticles=286
Phase C ParMETIS: alpha=1 ncon=1 ubvec=[1.05] moveRatio=0.919792631 (moveT=532.2728676s, collT=46.41503407s)
Phase C ParMETIS: AdaptiveRepart (104151 cells, 1 constraints, ubvec=1.05)
Replicated mesh: rank 0 owns 5428 / 104151 cells
Local mesh: 5428 owned + 257 halo = 5685 / 104151 cells
Phase C ParMETIS AdaptiveRepart: 0 / 104151 cells changed (0)
Phase C auto DLB complete: rebalance #113

    Number of DSMC particles        = 9352500
    Number of stuck particles       = 0
    Number of free particles        = 9352500
    Average linear kinetic energy   = 4.163364952e-19
    Average rotational energy       = 5.130040109e-20
    Average vibrational energy      = 3.160492296e-20
    Average electronic energy       = 0
    Total energy                    = 46.69159115

Stage 1.0  ExecutionTime = 2236.39 s  ClockTime = 1237 s  Iteration 5750 (1.14 s)

Time = 0.002304

    Collision global reduction skipped (rank 0 local diagnostics)
    Collisions                      = 12633
    Collision candidates           = 28381
    Collision acceptance rate      = 0.4451217364

    Number of DSMC particles        = 9353756
    Number of stuck particles       = 0
    Number of free particles        = 9353756
    Average linear kinetic energy   = 4.163234909e-19
    Average rotational energy       = 5.129368369e-20
    Average vibrational energy      = 3.162197228e-20
    Average electronic energy       = 0
    Total energy                    = 46.69761165

Stage 1.0  ExecutionTime = 2241.27 s  ClockTime = 1239 s  Iteration 5760 (1 s)

Time = 0.002308

    Collision global reduction skipped (rank 0 local diagnostics)
    Collisions                      = 12640
    Collision candidates           = 28413
    Collision acceptance rate      = 0.4448667863

    Number of DSMC particles        = 9354981
    Number of stuck particles       = 0
    Number of free particles        = 9354981
    Average linear kinetic energy   = 4.163325086e-19
    Average rotational energy       = 5.129868023e-20
    Average vibrational energy      = 3.161925912e-20
    Average electronic energy       = 0
    Total energy                    = 46.70478455

Stage 1.0  ExecutionTime = 2246.08 s  ClockTime = 1242 s  Iteration 5770 (0.96 s)

Time = 0.002312

    Collision global reduction skipped (rank 0 local diagnostics)
    Collisions                      = 12793
    Collision candidates           = 28414
    Collision acceptance rate      = 0.4502357993

    Number of DSMC particles        = 9356225
    Number of stuck particles       = 0
    Number of free particles        = 9356225
    Average linear kinetic energy   = 4.162918824e-19
    Average rotational energy       = 5.130049455e-20
    Average vibrational energy      = 3.162899201e-20
    Average electronic energy       = 0
    Total energy                    = 46.70827453

Stage 1.0  ExecutionTime = 2250.92 s  ClockTime = 1244 s  Iteration 5780 (0.98 s)

Time = 0.002316

    Collision global reduction skipped (rank 0 local diagnostics)
    Collisions                      = 12724
    Collision candidates           = 28500
    Collision acceptance rate      = 0.4464561404

    Number of DSMC particles        = 9356821
    Number of stuck particles       = 0
    Number of free particles        = 9356821
    Average linear kinetic energy   = 4.162791436e-19
    Average rotational energy       = 5.129191349e-20
    Average vibrational energy      = 3.163238954e-20
    Average electronic energy       = 0
    Total energy                    = 46.70957293

Stage 1.0  ExecutionTime = 2255.76 s  ClockTime = 1247 s  Iteration 5790 (0.98 s)

Time = 0.00232

    Collision global reduction skipped (rank 0 local diagnostics)
    Collisions                      = 12847
    Collision candidates           = 28626
    Collision acceptance rate      = 0.4487878153


Phase C auto DLB triggered (threshold) at step 5800: sar=0 loadImbalance=1.821123637 threshold=1.5 particleMaxMin=1
Phase C ParMETIS weights: particles=9357995 activeCells=104151 maxCellParticles=281
Phase C ParMETIS: alpha=1 ncon=1 ubvec=[1.05] moveRatio=0.9197992643 (moveT=538.3616175s, collT=46.94176163s)
Phase C ParMETIS: AdaptiveRepart (104151 cells, 1 constraints, ubvec=1.05)
Replicated mesh: rank 0 owns 5428 / 104151 cells
Local mesh: 5428 owned + 257 halo = 5685 / 104151 cells
Phase C ParMETIS AdaptiveRepart: 0 / 104151 cells changed (0)
Phase C auto DLB complete: rebalance #114

    Number of DSMC particles        = 9357995
    Number of stuck particles       = 0
    Number of free particles        = 9357995
    Average linear kinetic energy   = 4.162576548e-19
    Average rotational energy       = 5.128849965e-20
    Average vibrational energy      = 3.162160759e-20
    Average electronic energy       = 0
    Total energy                    = 46.71209421

Stage 1.0  ExecutionTime = 2260.68 s  ClockTime = 1250 s  Iteration 5800 (1.08 s)

Time = 0.002324

    Collision global reduction skipped (rank 0 local diagnostics)
    Collisions                      = 12944
    Collision candidates           = 28691
    Collision acceptance rate      = 0.4511519292

    Number of DSMC particles        = 9359421
    Number of stuck particles       = 0
    Number of free particles        = 9359421
    Average linear kinetic energy   = 4.162842759e-19
    Average rotational energy       = 5.12790654e-20
    Average vibrational energy      = 3.162249819e-20
    Average electronic energy       = 0
    Total energy                    = 46.72090429

Stage 1.0  ExecutionTime = 2265.54 s  ClockTime = 1252 s  Iteration 5810 (0.97 s)

Time = 0.002328

    Collision global reduction skipped (rank 0 local diagnostics)
    Collisions                      = 12737
    Collision candidates           = 28765
    Collision acceptance rate      = 0.4427950634

    Number of DSMC particles        = 9360651
    Number of stuck particles       = 0
    Number of free particles        = 9360651
    Average linear kinetic energy   = 4.162273532e-19
    Average rotational energy       = 5.129420316e-20
    Average vibrational energy      = 3.162358237e-20
    Average electronic energy       = 0
    Total energy                    = 46.72323442

Stage 1.0  ExecutionTime = 2270.39 s  ClockTime = 1255 s  Iteration 5820 (0.99 s)

Time = 0.002332

    Collision global reduction skipped (rank 0 local diagnostics)
    Collisions                      = 12815
    Collision candidates           = 28826
    Collision acceptance rate      = 0.4445639353

    Number of DSMC particles        = 9361910
    Number of stuck particles       = 0
    Number of free particles        = 9361910
    Average linear kinetic energy   = 4.161777845e-19
    Average rotational energy       = 5.127247755e-20
    Average vibrational energy      = 3.164019486e-20
    Average electronic energy       = 0
    Total energy                    = 46.7243994

Stage 1.0  ExecutionTime = 2275.24 s  ClockTime = 1257 s  Iteration 5830 (1 s)

Time = 0.002336

    Collision global reduction skipped (rank 0 local diagnostics)
    Collisions                      = 12708
    Collision candidates           = 28744
    Collision acceptance rate      = 0.4421096577

    Number of DSMC particles        = 9362914
    Number of stuck particles       = 0
    Number of free particles        = 9362914
    Average linear kinetic energy   = 4.161443095e-19
    Average rotational energy       = 5.128506027e-20
    Average vibrational energy      = 3.163882006e-20
    Average electronic energy       = 0
    Total energy                    = 46.72732542

Stage 1.0  ExecutionTime = 2280.1 s  ClockTime = 1260 s  Iteration 5840 (1.01 s)

Time = 0.00234

    Collision global reduction skipped (rank 0 local diagnostics)
    Collisions                      = 12921
    Collision candidates           = 28960
    Collision acceptance rate      = 0.4461671271


Phase C auto DLB triggered (threshold) at step 5850: sar=0 loadImbalance=1.837995816 threshold=1.5 particleMaxMin=1
Phase C ParMETIS weights: particles=9364274 activeCells=104151 maxCellParticles=280
Phase C ParMETIS: alpha=1 ncon=1 ubvec=[1.05] moveRatio=0.9198041555 (moveT=544.4476631s, collT=47.46927907s)
Phase C ParMETIS: AdaptiveRepart (104151 cells, 1 constraints, ubvec=1.05)
Replicated mesh: rank 0 owns 5428 / 104151 cells
Local mesh: 5428 owned + 257 halo = 5685 / 104151 cells
Phase C ParMETIS AdaptiveRepart: 0 / 104151 cells changed (0)
Phase C auto DLB complete: rebalance #115

    Number of DSMC particles        = 9364274
    Number of stuck particles       = 0
    Number of free particles        = 9364274
    Average linear kinetic energy   = 4.161038988e-19
    Average rotational energy       = 5.126583339e-20
    Average vibrational energy      = 3.162084704e-20
    Average electronic energy       = 0
    Total energy                    = 46.72684507

Stage 1.0  ExecutionTime = 2285.1 s  ClockTime = 1262 s  Iteration 5850 (1.14 s)

Time = 0.002344

    Collision global reduction skipped (rank 0 local diagnostics)
    Collisions                      = 13034
    Collision candidates           = 29245
    Collision acceptance rate      = 0.4456830227

    Number of DSMC particles        = 9365824
    Number of stuck particles       = 0
    Number of free particles        = 9365824
    Average linear kinetic energy   = 4.161085421e-19
    Average rotational energy       = 5.12769e-20
    Average vibrational energy      = 3.162327269e-20
    Average electronic energy       = 0
    Total energy                    = 46.73627798

Stage 1.0  ExecutionTime = 2289.99 s  ClockTime = 1265 s  Iteration 5860 (0.99 s)

Time = 0.002348

    Collision global reduction skipped (rank 0 local diagnostics)
    Collisions                      = 12979
    Collision candidates           = 29159
    Collision acceptance rate      = 0.4451112864

    Number of DSMC particles        = 9366639
    Number of stuck particles       = 0
    Number of free particles        = 9366639
    Average linear kinetic energy   = 4.160840557e-19
    Average rotational energy       = 5.128570876e-20
    Average vibrational energy      = 3.162153427e-20
    Average electronic energy       = 0
    Total energy                    = 46.73871359

Stage 1.0  ExecutionTime = 2294.86 s  ClockTime = 1268 s  Iteration 5870 (1.01 s)

Time = 0.002352

    Collision global reduction skipped (rank 0 local diagnostics)
    Collisions                      = 13088
    Collision candidates           = 29286
    Collision acceptance rate      = 0.446902957

    Number of DSMC particles        = 9367718
    Number of stuck particles       = 0
    Number of free particles        = 9367718
    Average linear kinetic energy   = 4.160613594e-19
    Average rotational energy       = 5.126524734e-20
    Average vibrational energy      = 3.163714855e-20
    Average electronic energy       = 0
    Total energy                    = 46.74151752

Stage 1.0  ExecutionTime = 2299.68 s  ClockTime = 1270 s  Iteration 5880 (0.97 s)

Time = 0.002356

    Collision global reduction skipped (rank 0 local diagnostics)
    Collisions                      = 13126
    Collision candidates           = 29312
    Collision acceptance rate      = 0.4478029476

    Number of DSMC particles        = 9368681
    Number of stuck particles       = 0
    Number of free particles        = 9368681
    Average linear kinetic energy   = 4.159812574e-19
    Average rotational energy       = 5.128056042e-20
    Average vibrational energy      = 3.16377543e-20
    Average electronic energy       = 0
    Total energy                    = 46.74030943

Stage 1.0  ExecutionTime = 2304.52 s  ClockTime = 1273 s  Iteration 5890 (0.98 s)

Time = 0.00236

    Collision global reduction skipped (rank 0 local diagnostics)
    Collisions                      = 13135
    Collision candidates           = 29213
    Collision acceptance rate      = 0.44962859


Phase C auto DLB triggered (threshold) at step 5900: sar=0 loadImbalance=1.848127785 threshold=1.5 particleMaxMin=1
Phase C ParMETIS weights: particles=9369564 activeCells=104151 maxCellParticles=285
Phase C ParMETIS: alpha=1 ncon=1 ubvec=[1.05] moveRatio=0.9198050962 (moveT=550.5615883s, collT=48.00172754s)
Phase C ParMETIS: AdaptiveRepart (104151 cells, 1 constraints, ubvec=1.05)
Replicated mesh: rank 0 owns 5428 / 104151 cells
Local mesh: 5428 owned + 257 halo = 5685 / 104151 cells
Phase C ParMETIS AdaptiveRepart: 0 / 104151 cells changed (0)
Phase C auto DLB complete: rebalance #116

    Number of DSMC particles        = 9369564
    Number of stuck particles       = 0
    Number of free particles        = 9369564
    Average linear kinetic energy   = 4.159799484e-19
    Average rotational energy       = 5.12766067e-20
    Average vibrational energy      = 3.163817736e-20
    Average electronic energy       = 0
    Total energy                    = 46.74426125

Stage 1.0  ExecutionTime = 2309.51 s  ClockTime = 1275 s  Iteration 5900 (1.14 s)

Time = 0.002364

    Collision global reduction skipped (rank 0 local diagnostics)
    Collisions                      = 12998
    Collision candidates           = 29056
    Collision acceptance rate      = 0.4473430617

    Number of DSMC particles        = 9370733
    Number of stuck particles       = 0
    Number of free particles        = 9370733
    Average linear kinetic energy   = 4.160109904e-19
    Average rotational energy       = 5.12495524e-20
    Average vibrational energy      = 3.163612025e-20
    Average electronic energy       = 0
    Total energy                    = 46.75027424

Stage 1.0  ExecutionTime = 2314.41 s  ClockTime = 1278 s  Iteration 5910 (1.01 s)

Time = 0.002368

    Collision global reduction skipped (rank 0 local diagnostics)
    Collisions                      = 12900
    Collision candidates           = 28931
    Collision acceptance rate      = 0.4458884933

    Number of DSMC particles        = 9371694
    Number of stuck particles       = 0
    Number of free particles        = 9371694
    Average linear kinetic energy   = 4.159343382e-19
    Average rotational energy       = 5.126956352e-20
    Average vibrational energy      = 3.163813063e-20
    Average electronic energy       = 0
    Total energy                    = 46.74994882

Stage 1.0  ExecutionTime = 2319.29 s  ClockTime = 1280 s  Iteration 5920 (1.01 s)

Time = 0.002372

    Collision global reduction skipped (rank 0 local diagnostics)
    Collisions                      = 13019
    Collision candidates           = 28995
    Collision acceptance rate      = 0.4490084497

    Number of DSMC particles        = 9372400
    Number of stuck particles       = 0
    Number of free particles        = 9372400
    Average linear kinetic energy   = 4.15895563e-19
    Average rotational energy       = 5.128771861e-20
    Average vibrational energy      = 3.164404144e-20
    Average electronic energy       = 0
    Total energy                    = 46.75209203

Stage 1.0  ExecutionTime = 2324.14 s  ClockTime = 1283 s  Iteration 5930 (1 s)

Time = 0.002376

    Collision global reduction skipped (rank 0 local diagnostics)
    Collisions                      = 12898
    Collision candidates           = 29094
    Collision acceptance rate      = 0.4433216471

    Number of DSMC particles        = 9372978
    Number of stuck particles       = 0
    Number of free particles        = 9372978
    Average linear kinetic energy   = 4.15901875e-19
    Average rotational energy       = 5.127479711e-20
    Average vibrational energy      = 3.166541353e-20
    Average electronic energy       = 0
    Total energy                    = 46.75635894

Stage 1.0  ExecutionTime = 2328.99 s  ClockTime = 1285 s  Iteration 5940 (0.98 s)

Time = 0.00238

    Collision global reduction skipped (rank 0 local diagnostics)
    Collisions                      = 13044
    Collision candidates           = 29091
    Collision acceptance rate      = 0.4483860988


Phase C auto DLB triggered (threshold) at step 5950: sar=0 loadImbalance=1.874983431 threshold=1.5 particleMaxMin=1
Phase C ParMETIS weights: particles=9374321 activeCells=104151 maxCellParticles=281
Phase C ParMETIS: alpha=1 ncon=1 ubvec=[1.05] moveRatio=0.91980669 (moveT=556.678985s, collT=48.53403534s)
Phase C ParMETIS: AdaptiveRepart (104151 cells, 1 constraints, ubvec=1.05)
Replicated mesh: rank 0 owns 5428 / 104151 cells
Local mesh: 5428 owned + 257 halo = 5685 / 104151 cells
Phase C ParMETIS AdaptiveRepart: 0 / 104151 cells changed (0)
Phase C auto DLB complete: rebalance #117

    Number of DSMC particles        = 9374321
    Number of stuck particles       = 0
    Number of free particles        = 9374321
    Average linear kinetic energy   = 4.158778586e-19
    Average rotational energy       = 5.12393495e-20
    Average vibrational energy      = 3.167172121e-20
    Average electronic energy       = 0
    Total energy                    = 46.75807534

Stage 1.0  ExecutionTime = 2334.03 s  ClockTime = 1288 s  Iteration 5950 (1.17 s)

Time = 0.002384

    Collision global reduction skipped (rank 0 local diagnostics)
    Collisions                      = 12899
    Collision candidates           = 28978
    Collision acceptance rate      = 0.4451307889

    Number of DSMC particles        = 9375221
    Number of stuck particles       = 0
    Number of free particles        = 9375221
    Average linear kinetic energy   = 4.158650637e-19
    Average rotational energy       = 5.125490625e-20
    Average vibrational energy      = 3.166626007e-20
    Average electronic energy       = 0
    Total energy                    = 46.76231138

Stage 1.0  ExecutionTime = 2338.88 s  ClockTime = 1291 s  Iteration 5960 (0.95 s)

Time = 0.002388

    Collision global reduction skipped (rank 0 local diagnostics)
    Collisions                      = 12872
    Collision candidates           = 28855
    Collision acceptance rate      = 0.4460925316

    Number of DSMC particles        = 9375758
    Number of stuck particles       = 0
    Number of free particles        = 9375758
    Average linear kinetic energy   = 4.15824545e-19
    Average rotational energy       = 5.127642593e-20
    Average vibrational energy      = 3.16741235e-20
    Average electronic energy       = 0
    Total energy                    = 46.76394582

Stage 1.0  ExecutionTime = 2343.76 s  ClockTime = 1293 s  Iteration 5970 (1 s)

Time = 0.002392

    Collision global reduction skipped (rank 0 local diagnostics)
    Collisions                      = 12742
    Collision candidates           = 28983
    Collision acceptance rate      = 0.4396370286

    Number of DSMC particles        = 9376314
    Number of stuck particles       = 0
    Number of free particles        = 9376314
    Average linear kinetic energy   = 4.158411467e-19
    Average rotational energy       = 5.127479798e-20
    Average vibrational energy      = 3.167197454e-20
    Average electronic energy       = 0
    Total energy                    = 46.7679215

Stage 1.0  ExecutionTime = 2348.57 s  ClockTime = 1296 s  Iteration 5980 (0.94 s)

Time = 0.002396

    Collision global reduction skipped (rank 0 local diagnostics)
    Collisions                      = 12981
    Collision candidates           = 28954
    Collision acceptance rate      = 0.4483318367

    Number of DSMC particles        = 9377322
    Number of stuck particles       = 0
    Number of free particles        = 9377322
    Average linear kinetic energy   = 4.158262105e-19
    Average rotational energy       = 5.125498494e-20
    Average vibrational energy      = 3.168022188e-20
    Average electronic energy       = 0
    Total energy                    = 46.77046411

Stage 1.0  ExecutionTime = 2353.43 s  ClockTime = 1298 s  Iteration 5990 (0.99 s)

Time = 0.0024

    Collision global reduction skipped (rank 0 local diagnostics)
    Collisions                      = 12649
    Collision candidates           = 28874
    Collision acceptance rate      = 0.4380757775


Phase C auto DLB triggered (threshold) at step 6000: sar=0 loadImbalance=1.858469301 threshold=1.5 particleMaxMin=1
Phase C ParMETIS weights: particles=9377662 activeCells=104151 maxCellParticles=293
Phase C ParMETIS: alpha=1 ncon=1 ubvec=[1.05] moveRatio=0.9198076162 (moveT=562.7929456s, collT=49.06646465s)
Phase C ParMETIS: AdaptiveRepart (104151 cells, 1 constraints, ubvec=1.05)
Replicated mesh: rank 0 owns 5428 / 104151 cells
Local mesh: 5428 owned + 257 halo = 5685 / 104151 cells
Phase C ParMETIS AdaptiveRepart: 0 / 104151 cells changed (0)
Phase C auto DLB complete: rebalance #118

    Number of DSMC particles        = 9377662
    Number of stuck particles       = 0
    Number of free particles        = 9377662
    Average linear kinetic energy   = 4.157744384e-19
    Average rotational energy       = 5.128756384e-20
    Average vibrational energy      = 3.165945884e-20
    Average electronic energy       = 0
    Total energy                    = 46.76841294

Stage 1.0  ExecutionTime = 2358.48 s  ClockTime = 1301 s  Iteration 6000 (1.17 s)

Time = 0.002404

    Collision global reduction skipped (rank 0 local diagnostics)
    Collisions                      = 12986
    Collision candidates           = 29032
    Collision acceptance rate      = 0.4472995316

    Number of DSMC particles        = 9378200
    Number of stuck particles       = 0
    Number of free particles        = 9378200
    Average linear kinetic energy   = 4.157878765e-19
    Average rotational energy       = 5.125689394e-20
    Average vibrational energy      = 3.165086776e-20
    Average electronic energy       = 0
    Total energy                    = 46.76867434

Stage 1.0  ExecutionTime = 2363.4 s  ClockTime = 1304 s  Iteration 6010 (1.02 s)

Time = 0.002408

    Collision global reduction skipped (rank 0 local diagnostics)
    Collisions                      = 13056
    Collision candidates           = 29063
    Collision acceptance rate      = 0.449230981

    Number of DSMC particles        = 9379552
    Number of stuck particles       = 0
    Number of free particles        = 9379552
    Average linear kinetic energy   = 4.157769161e-19
    Average rotational energy       = 5.124284201e-20
    Average vibrational energy      = 3.16615401e-20
    Average electronic energy       = 0
    Total energy                    = 46.77407168

Stage 1.0  ExecutionTime = 2368.28 s  ClockTime = 1306 s  Iteration 6020 (1.02 s)

Time = 0.002412

    Collision global reduction skipped (rank 0 local diagnostics)
    Collisions                      = 12913
    Collision candidates           = 28936
    Collision acceptance rate      = 0.4462607133

    Number of DSMC particles        = 9380784
    Number of stuck particles       = 0
    Number of free particles        = 9380784
    Average linear kinetic energy   = 4.157638341e-19
    Average rotational energy       = 5.123618761e-20
    Average vibrational energy      = 3.164979035e-20
    Average electronic energy       = 0
    Total energy                    = 46.77726179

Stage 1.0  ExecutionTime = 2373.17 s  ClockTime = 1309 s  Iteration 6030 (1.02 s)

Time = 0.002416

    Collision global reduction skipped (rank 0 local diagnostics)
    Collisions                      = 13015
    Collision candidates           = 29107
    Collision acceptance rate      = 0.4471432989

    Number of DSMC particles        = 9381924
    Number of stuck particles       = 0
    Number of free particles        = 9381924
    Average linear kinetic energy   = 4.157202927e-19
    Average rotational energy       = 5.128406545e-20
    Average vibrational energy      = 3.1651565e-20
    Average electronic energy       = 0
    Total energy                    = 46.78351973

Stage 1.0  ExecutionTime = 2377.98 s  ClockTime = 1311 s  Iteration 6040 (0.93 s)

Time = 0.00242

    Collision global reduction skipped (rank 0 local diagnostics)
    Collisions                      = 13068
    Collision candidates           = 29242
    Collision acceptance rate      = 0.4468914575


Phase C auto DLB triggered (threshold) at step 6050: sar=0 loadImbalance=1.839615228 threshold=1.5 particleMaxMin=1
Phase C ParMETIS weights: particles=9383357 activeCells=104151 maxCellParticles=285
Phase C ParMETIS: alpha=1 ncon=1 ubvec=[1.05] moveRatio=0.9198054985 (moveT=568.9152672s, collT=49.60165634s)
Phase C ParMETIS: AdaptiveRepart (104151 cells, 1 constraints, ubvec=1.05)
Replicated mesh: rank 0 owns 5428 / 104151 cells
Local mesh: 5428 owned + 257 halo = 5685 / 104151 cells
Phase C ParMETIS AdaptiveRepart: 0 / 104151 cells changed (0)
Phase C auto DLB complete: rebalance #119

    Number of DSMC particles        = 9383357
    Number of stuck particles       = 0
    Number of free particles        = 9383357
    Average linear kinetic energy   = 4.157089922e-19
    Average rotational energy       = 5.128691532e-20
    Average vibrational energy      = 3.163852206e-20
    Average electronic energy       = 0
    Total energy                    = 46.78864865

Stage 1.0  ExecutionTime = 2383.06 s  ClockTime = 1314 s  Iteration 6050 (1.21 s)

Time = 0.002424

    Collision global reduction skipped (rank 0 local diagnostics)
    Collisions                      = 13075
    Collision candidates           = 29355
    Collision acceptance rate      = 0.4454096406

    Number of DSMC particles        = 9383862
    Number of stuck particles       = 0
    Number of free particles        = 9383862
    Average linear kinetic energy   = 4.156652513e-19
    Average rotational energy       = 5.132941851e-20
    Average vibrational energy      = 3.163226679e-20
    Average electronic energy       = 0
    Total energy                    = 46.79046362

Stage 1.0  ExecutionTime = 2387.97 s  ClockTime = 1317 s  Iteration 6060 (1 s)

Time = 0.002428

    Collision global reduction skipped (rank 0 local diagnostics)
    Collisions                      = 13124
    Collision candidates           = 29312
    Collision acceptance rate      = 0.4477347162

    Number of DSMC particles        = 9384785
    Number of stuck particles       = 0
    Number of free particles        = 9384785
    Average linear kinetic energy   = 4.15630498e-19
    Average rotational energy       = 5.133116262e-20
    Average vibrational energy      = 3.164463589e-20
    Average electronic energy       = 0
    Total energy                    = 46.79312892

Stage 1.0  ExecutionTime = 2392.85 s  ClockTime = 1319 s  Iteration 6070 (1 s)

Time = 0.002432

    Collision global reduction skipped (rank 0 local diagnostics)
    Collisions                      = 13149
    Collision candidates           = 29471
    Collision acceptance rate      = 0.4461674188

    Number of DSMC particles        = 9385801
    Number of stuck particles       = 0
    Number of free particles        = 9385801
    Average linear kinetic energy   = 4.155978829e-19
    Average rotational energy       = 5.13415577e-20
    Average vibrational energy      = 3.164369898e-20
    Average electronic energy       = 0
    Total energy                    = 46.7960213

Stage 1.0  ExecutionTime = 2397.74 s  ClockTime = 1322 s  Iteration 6080 (1.01 s)

Time = 0.002436

    Collision global reduction skipped (rank 0 local diagnostics)
    Collisions                      = 13068
    Collision candidates           = 29567
    Collision acceptance rate      = 0.4419792336

    Number of DSMC particles        = 9386693
    Number of stuck particles       = 0
    Number of free particles        = 9386693
    Average linear kinetic energy   = 4.15593037e-19
    Average rotational energy       = 5.133937201e-20
    Average vibrational energy      = 3.164692395e-20
    Average electronic energy       = 0
    Total energy                    = 46.80011134

Stage 1.0  ExecutionTime = 2402.51 s  ClockTime = 1324 s  Iteration 6090 (0.88 s)

Time = 0.00244

    Collision global reduction skipped (rank 0 local diagnostics)
    Collisions                      = 13171
    Collision candidates           = 29511
    Collision acceptance rate      = 0.4463081563


Phase C auto DLB triggered (threshold) at step 6100: sar=0 loadImbalance=1.846238588 threshold=1.5 particleMaxMin=1
Phase C ParMETIS weights: particles=9387444 activeCells=104151 maxCellParticles=284
Phase C ParMETIS: alpha=1 ncon=1 ubvec=[1.05] moveRatio=0.9197989754 (moveT=575.0283529s, collT=50.13906771s)
Phase C ParMETIS: AdaptiveRepart (104151 cells, 1 constraints, ubvec=1.05)
Replicated mesh: rank 0 owns 5428 / 104151 cells
Local mesh: 5428 owned + 257 halo = 5685 / 104151 cells
Phase C ParMETIS AdaptiveRepart: 0 / 104151 cells changed (0)
Phase C auto DLB complete: rebalance #120

    Number of DSMC particles        = 9387444
    Number of stuck particles       = 0
    Number of free particles        = 9387444
    Average linear kinetic energy   = 4.156281524e-19
    Average rotational energy       = 5.130577687e-20
    Average vibrational energy      = 3.164924824e-20
    Average electronic energy       = 0
    Total energy                    = 46.80421658

Stage 1.0  ExecutionTime = 2407.54 s  ClockTime = 1327 s  Iteration 6100 (1.15 s)

Time = 0.002444

    Collision global reduction skipped (rank 0 local diagnostics)
    Collisions                      = 13239
    Collision candidates           = 29524
    Collision acceptance rate      = 0.4484148489

    Number of DSMC particles        = 9388413
    Number of stuck particles       = 0
    Number of free particles        = 9388413
    Average linear kinetic energy   = 4.155956074e-19
    Average rotational energy       = 5.128547311e-20
    Average vibrational energy      = 3.164427227e-20
    Average electronic energy       = 0
    Total energy                    = 46.80361902

Stage 1.0  ExecutionTime = 2412.48 s  ClockTime = 1329 s  Iteration 6110 (1.01 s)

Time = 0.002448

    Collision global reduction skipped (rank 0 local diagnostics)
    Collisions                      = 13121
    Collision candidates           = 29438
    Collision acceptance rate      = 0.445716421

    Number of DSMC particles        = 9389431
    Number of stuck particles       = 0
    Number of free particles        = 9389431
    Average linear kinetic energy   = 4.155464702e-19
    Average rotational energy       = 5.134029024e-20
    Average vibrational energy      = 3.162996974e-20
    Average electronic energy       = 0
    Total energy                    = 46.8078844

Stage 1.0  ExecutionTime = 2417.35 s  ClockTime = 1332 s  Iteration 6120 (1 s)

Time = 0.002452

    Collision global reduction skipped (rank 0 local diagnostics)
    Collisions                      = 13083
    Collision candidates           = 29217
    Collision acceptance rate      = 0.4477872472

    Number of DSMC particles        = 9390268
    Number of stuck particles       = 0
    Number of free particles        = 9390268
    Average linear kinetic energy   = 4.155420395e-19
    Average rotational energy       = 5.131333077e-20
    Average vibrational energy      = 3.16349688e-20
    Average electronic energy       = 0
    Total energy                    = 46.80957879

Stage 1.0  ExecutionTime = 2422.26 s  ClockTime = 1335 s  Iteration 6130 (1.02 s)

Time = 0.002456

    Collision global reduction skipped (rank 0 local diagnostics)
    Collisions                      = 13015
    Collision candidates           = 29207
    Collision acceptance rate      = 0.4456123532

    Number of DSMC particles        = 9391302
    Number of stuck particles       = 0
    Number of free particles        = 9391302
    Average linear kinetic energy   = 4.155841273e-19
    Average rotational energy       = 5.127613911e-20
    Average vibrational energy      = 3.164425178e-20
    Average electronic energy       = 0
    Total energy                    = 46.81606479

Stage 1.0  ExecutionTime = 2427.17 s  ClockTime = 1337 s  Iteration 6140 (1.02 s)

Time = 0.00246

    Collision global reduction skipped (rank 0 local diagnostics)
    Collisions                      = 12901
    Collision candidates           = 29150
    Collision acceptance rate      = 0.4425728988


Phase C auto DLB triggered (threshold) at step 6150: sar=0 loadImbalance=1.819876783 threshold=1.5 particleMaxMin=1
Phase C ParMETIS weights: particles=9392187 activeCells=104151 maxCellParticles=294
Phase C ParMETIS: alpha=1 ncon=1 ubvec=[1.05] moveRatio=0.919796134 (moveT=581.148981s, collT=50.67470202s)
Phase C ParMETIS: AdaptiveRepart (104151 cells, 1 constraints, ubvec=1.05)
Replicated mesh: rank 0 owns 5428 / 104151 cells
Local mesh: 5428 owned + 257 halo = 5685 / 104151 cells
Phase C ParMETIS AdaptiveRepart: 0 / 104151 cells changed (0)
Phase C auto DLB complete: rebalance #121

    Number of DSMC particles        = 9392187
    Number of stuck particles       = 0
    Number of free particles        = 9392187
    Average linear kinetic energy   = 4.155569151e-19
    Average rotational energy       = 5.129858935e-20
    Average vibrational energy      = 3.165271199e-20
    Average electronic energy       = 0
    Total energy                    = 46.8208239

Stage 1.0  ExecutionTime = 2432.19 s  ClockTime = 1340 s  Iteration 6150 (1.15 s)

Time = 0.002464

    Collision global reduction skipped (rank 0 local diagnostics)
    Collisions                      = 12835
    Collision candidates           = 29389
    Collision acceptance rate      = 0.4367280275

    Number of DSMC particles        = 9392875
    Number of stuck particles       = 0
    Number of free particles        = 9392875
    Average linear kinetic energy   = 4.155439193e-19
    Average rotational energy       = 5.127584841e-20
    Average vibrational energy      = 3.165280727e-20
    Average electronic energy       = 0
    Total energy                    = 46.82090588

Stage 1.0  ExecutionTime = 2437.1 s  ClockTime = 1342 s  Iteration 6160 (1 s)

Time = 0.002468

    Collision global reduction skipped (rank 0 local diagnostics)
    Collisions                      = 13340
    Collision candidates           = 29607
    Collision acceptance rate      = 0.4505691222

    Number of DSMC particles        = 9393555
    Number of stuck particles       = 0
    Number of free particles        = 9393555
    Average linear kinetic energy   = 4.155508501e-19
    Average rotational energy       = 5.127863838e-20
    Average vibrational energy      = 3.164979456e-20
    Average electronic energy       = 0
    Total energy                    = 46.82492562

Stage 1.0  ExecutionTime = 2442.03 s  ClockTime = 1345 s  Iteration 6170 (1.03 s)

Time = 0.002472

    Collision global reduction skipped (rank 0 local diagnostics)
    Collisions                      = 12985
    Collision candidates           = 29350
    Collision acceptance rate      = 0.4424190801

    Number of DSMC particles        = 9394058
    Number of stuck particles       = 0
    Number of free particles        = 9394058
    Average linear kinetic energy   = 4.15546098e-19
    Average rotational energy       = 5.130569723e-20
    Average vibrational energy      = 3.164026983e-20
    Average electronic energy       = 0
    Total energy                    = 46.82863372

Stage 1.0  ExecutionTime = 2446.91 s  ClockTime = 1348 s  Iteration 6180 (1.01 s)

Time = 0.002476

    Collision global reduction skipped (rank 0 local diagnostics)
    Collisions                      = 13058
    Collision candidates           = 29437
    Collision acceptance rate      = 0.4435913986

    Number of DSMC particles        = 9395052
    Number of stuck particles       = 0
    Number of free particles        = 9395052
    Average linear kinetic energy   = 4.154777856e-19
    Average rotational energy       = 5.129455849e-20
    Average vibrational energy      = 3.163264559e-20
    Average electronic energy       = 0
    Total energy                    = 46.82540795

Stage 1.0  ExecutionTime = 2451.76 s  ClockTime = 1350 s  Iteration 6190 (0.97 s)

Time = 0.00248

    Collision global reduction skipped (rank 0 local diagnostics)
    Collisions                      = 13025
    Collision candidates           = 29511
    Collision acceptance rate      = 0.4413608485


Phase C auto DLB triggered (threshold) at step 6200: sar=0 loadImbalance=1.881153416 threshold=1.5 particleMaxMin=1
Phase C ParMETIS weights: particles=9395701 activeCells=104151 maxCellParticles=292
Phase C ParMETIS: alpha=1 ncon=1 ubvec=[1.05] moveRatio=0.9197869958 (moveT=587.2622689s, collT=51.21410831s)
Phase C ParMETIS: AdaptiveRepart (104151 cells, 1 constraints, ubvec=1.05)
Replicated mesh: rank 0 owns 5428 / 104151 cells
Local mesh: 5428 owned + 257 halo = 5685 / 104151 cells
Phase C ParMETIS AdaptiveRepart: 0 / 104151 cells changed (0)
Phase C auto DLB complete: rebalance #122

    Number of DSMC particles        = 9395701
    Number of stuck particles       = 0
    Number of free particles        = 9395701
    Average linear kinetic energy   = 4.154486753e-19
    Average rotational energy       = 5.132728554e-20
    Average vibrational energy      = 3.162170136e-20
    Average electronic energy       = 0
    Total energy                    = 46.82795413

Stage 1.0  ExecutionTime = 2456.84 s  ClockTime = 1353 s  Iteration 6200 (1.19 s)

Time = 0.002484

    Collision global reduction skipped (rank 0 local diagnostics)
    Collisions                      = 13138
    Collision candidates           = 29474
    Collision acceptance rate      = 0.4457487955

    Number of DSMC particles        = 9396130
    Number of stuck particles       = 0
    Number of free particles        = 9396130
    Average linear kinetic energy   = 4.154388571e-19
    Average rotational energy       = 5.13208433e-20
    Average vibrational energy      = 3.16371005e-20
    Average electronic energy       = 0
    Total energy                    = 46.83001133

Stage 1.0  ExecutionTime = 2461.76 s  ClockTime = 1355 s  Iteration 6210 (1.03 s)

Time = 0.002488

    Collision global reduction skipped (rank 0 local diagnostics)
    Collisions                      = 13080
    Collision candidates           = 29384
    Collision acceptance rate      = 0.4451402124

    Number of DSMC particles        = 9396805
    Number of stuck particles       = 0
    Number of free particles        = 9396805
    Average linear kinetic energy   = 4.154174178e-19
    Average rotational energy       = 5.130495851e-20
    Average vibrational energy      = 3.16398428e-20
    Average electronic energy       = 0
    Total energy                    = 46.83012592

Stage 1.0  ExecutionTime = 2466.65 s  ClockTime = 1358 s  Iteration 6220 (1.01 s)

Time = 0.002492

    Collision global reduction skipped (rank 0 local diagnostics)
    Collisions                      = 12950
    Collision candidates           = 29326
    Collision acceptance rate      = 0.4415876696

    Number of DSMC particles        = 9397656
    Number of stuck particles       = 0
    Number of free particles        = 9397656
    Average linear kinetic energy   = 4.153855407e-19
    Average rotational energy       = 5.130918513e-20
    Average vibrational energy      = 3.164058075e-20
    Average electronic energy       = 0
    Total energy                    = 46.83183784

Stage 1.0  ExecutionTime = 2471.53 s  ClockTime = 1361 s  Iteration 6230 (0.99 s)

Time = 0.002496

    Collision global reduction skipped (rank 0 local diagnostics)
    Collisions                      = 13007
    Collision candidates           = 29407
    Collision acceptance rate      = 0.4423096542

    Number of DSMC particles        = 9398519
    Number of stuck particles       = 0
    Number of free particles        = 9398519
    Average linear kinetic energy   = 4.153634583e-19
    Average rotational energy       = 5.133073438e-20
    Average vibrational energy      = 3.165214003e-20
    Average electronic energy       = 0
    Total energy                    = 46.83717476

Stage 1.0  ExecutionTime = 2476.42 s  ClockTime = 1363 s  Iteration 6240 (1.02 s)

Time = 0.0025

    Collision global reduction skipped (rank 0 local diagnostics)
    Collisions                      = 13058
    Collision candidates           = 29328
    Collision acceptance rate      = 0.4452400436


Phase C auto DLB triggered (threshold) at step 6250: sar=0 loadImbalance=1.88483634 threshold=1.5 particleMaxMin=1
Phase C ParMETIS weights: particles=9400018 activeCells=104151 maxCellParticles=291
Phase C ParMETIS: alpha=1 ncon=1 ubvec=[1.05] moveRatio=0.9197803753 (moveT=593.378275s, collT=51.75211802s)
Phase C ParMETIS: AdaptiveRepart (104151 cells, 1 constraints, ubvec=1.05)
Replicated mesh: rank 0 owns 5428 / 104151 cells
Local mesh: 5428 owned + 257 halo = 5685 / 104151 cells
Phase C ParMETIS AdaptiveRepart: 0 / 104151 cells changed (0)
Phase C auto DLB complete: rebalance #123

    Number of DSMC particles        = 9400018
    Number of stuck particles       = 0
    Number of free particles        = 9400018
    Average linear kinetic energy   = 4.153758408e-19
    Average rotational energy       = 5.133189294e-20
    Average vibrational energy      = 3.164917817e-20
    Average electronic energy       = 0
    Total energy                    = 46.84563943
Replicated mesh: wrote gathered cloud on rank0 at output time 0.0025 with 9400018 parcels
Written cellOwner field at output time 0.0025
Replicated mesh output timing:
    gather parcels [s]       = 1.37
    rank0 write [s]           = 22.23
    migrate-back [s]          = 1.26


Stage 1.0  ExecutionTime = 2509.15 s  ClockTime = 1393 s  Iteration 6250 (28.85 s)

    Maximum imbalance = 6.578221446%

Time = 0.002504

    Collision global reduction skipped (rank 0 local diagnostics)
    Collisions                      = 12959
    Collision candidates           = 29205
    Collision acceptance rate      = 0.4437253895

    Number of DSMC particles        = 9401143
    Number of stuck particles       = 0
    Number of free particles        = 9401143
    Average linear kinetic energy   = 4.152962588e-19
    Average rotational energy       = 5.139992551e-20
    Average vibrational energy      = 3.164683934e-20
    Average electronic energy       = 0
    Total energy                    = 46.84994029

Stage 1.0  ExecutionTime = 2513.34 s  ClockTime = 1395 s  Iteration 6260 (0.43 s)

Time = 0.002508

    Collision global reduction skipped (rank 0 local diagnostics)
    Collisions                      = 12890
    Collision candidates           = 28974
    Collision acceptance rate      = 0.444881618

    Number of DSMC particles        = 9402012
    Number of stuck particles       = 0
    Number of free particles        = 9402012
    Average linear kinetic energy   = 4.152708364e-19
    Average rotational energy       = 5.140569812e-20
    Average vibrational energy      = 3.165622014e-20
    Average electronic energy       = 0
    Total energy                    = 46.85330539

Stage 1.0  ExecutionTime = 2517.7 s  ClockTime = 1397 s  Iteration 6270 (0.44 s)

Time = 0.002512

    Collision global reduction skipped (rank 0 local diagnostics)
    Collisions                      = 12855
    Collision candidates           = 29088
    Collision acceptance rate      = 0.4419348185

    Number of DSMC particles        = 9402845
    Number of stuck particles       = 0
    Number of free particles        = 9402845
    Average linear kinetic energy   = 4.15228597e-19
    Average rotational energy       = 5.139792107e-20
    Average vibrational energy      = 3.16482531e-20
    Average electronic energy       = 0
    Total energy                    = 46.8520044

Stage 1.0  ExecutionTime = 2522.09 s  ClockTime = 1399 s  Iteration 6280 (0.44 s)

Time = 0.002516

    Collision global reduction skipped (rank 0 local diagnostics)
    Collisions                      = 12997
    Collision candidates           = 29215
    Collision acceptance rate      = 0.4448742085

    Number of DSMC particles        = 9403567
    Number of stuck particles       = 0
    Number of free particles        = 9403567
    Average linear kinetic energy   = 4.152300177e-19
    Average rotational energy       = 5.142452943e-20
    Average vibrational energy      = 3.164071546e-20
    Average electronic energy       = 0
    Total energy                    = 46.85752888

Stage 1.0  ExecutionTime = 2526.48 s  ClockTime = 1401 s  Iteration 6290 (0.43 s)

Time = 0.00252

    Collision global reduction skipped (rank 0 local diagnostics)
    Collisions                      = 12952
    Collision candidates           = 29311
    Collision acceptance rate      = 0.4418818873


Phase C auto DLB triggered (threshold) at step 6300: sar=0 loadImbalance=1.731081843e+16 threshold=1.5 particleMaxMin=1
Phase C ParMETIS weights: particles=9404317 activeCells=104151 maxCellParticles=284
Phase C ParMETIS: alpha=1 ncon=1 ubvec=[1.05] moveRatio=0.9197732086 (moveT=599.4725003s, collT=52.28871075s)
Phase C ParMETIS: AdaptiveRepart (104151 cells, 1 constraints, ubvec=1.05)
Replicated mesh: rank 0 owns 5428 / 104151 cells
Local mesh: 5428 owned + 257 halo = 5685 / 104151 cells
Phase C ParMETIS AdaptiveRepart: 0 / 104151 cells changed (0)
Phase C auto DLB complete: rebalance #124

    Number of DSMC particles        = 9404317
    Number of stuck particles       = 0
    Number of free particles        = 9404317
    Average linear kinetic energy   = 4.152773949e-19
    Average rotational energy       = 5.139578965e-20
    Average vibrational energy      = 3.163198021e-20
    Average electronic energy       = 0
    Total energy                    = 46.86219732

Stage 1.0  ExecutionTime = 2531.06 s  ClockTime = 1404 s  Iteration 6300 (0.63 s)

Time = 0.002524

    Collision global reduction skipped (rank 0 local diagnostics)
    Collisions                      = 13011
    Collision candidates           = 29367
    Collision acceptance rate      = 0.4430483195

    Number of DSMC particles        = 9405436
    Number of stuck particles       = 0
    Number of free particles        = 9405436
    Average linear kinetic energy   = 4.152751402e-19
    Average rotational energy       = 5.13926747e-20
    Average vibrational energy      = 3.163554324e-20
    Average electronic energy       = 0
    Total energy                    = 46.86760344

Stage 1.0  ExecutionTime = 2535.49 s  ClockTime = 1406 s  Iteration 6310 (0.45 s)

Time = 0.002528

    Collision global reduction skipped (rank 0 local diagnostics)
    Collisions                      = 12929
    Collision candidates           = 29171
    Collision acceptance rate      = 0.443214151

    Number of DSMC particles        = 9405817
    Number of stuck particles       = 0
    Number of free particles        = 9405817
    Average linear kinetic energy   = 4.151792614e-19
    Average rotational energy       = 5.139454713e-20
    Average vibrational energy      = 3.162801144e-20
    Average electronic energy       = 0
    Total energy                    = 46.85995148

Stage 1.0  ExecutionTime = 2539.89 s  ClockTime = 1408 s  Iteration 6320 (0.44 s)

Time = 0.002532

    Collision global reduction skipped (rank 0 local diagnostics)
    Collisions                      = 12701
    Collision candidates           = 28974
    Collision acceptance rate      = 0.4383585283

    Number of DSMC particles        = 9406660
    Number of stuck particles       = 0
    Number of free particles        = 9406660
    Average linear kinetic energy   = 4.152023617e-19
    Average rotational energy       = 5.137860481e-20
    Average vibrational energy      = 3.162899053e-20
    Average electronic energy       = 0
    Total energy                    = 46.86491675

Stage 1.0  ExecutionTime = 2544.39 s  ClockTime = 1410 s  Iteration 6330 (0.56 s)

Time = 0.002536

    Collision global reduction skipped (rank 0 local diagnostics)
    Collisions                      = 12974
    Collision candidates           = 29086
    Collision acceptance rate      = 0.446056522

    Number of DSMC particles        = 9406868
    Number of stuck particles       = 0
    Number of free particles        = 9406868
    Average linear kinetic energy   = 4.152061099e-19
    Average rotational energy       = 5.138372753e-20
    Average vibrational energy      = 3.163620469e-20
    Average electronic energy       = 0
    Total energy                    = 46.86746612

Stage 1.0  ExecutionTime = 2548.89 s  ClockTime = 1413 s  Iteration 6340 (0.58 s)

Time = 0.00254

    Collision global reduction skipped (rank 0 local diagnostics)
    Collisions                      = 13006
    Collision candidates           = 29242
    Collision acceptance rate      = 0.4447712195


Phase C auto DLB triggered (threshold) at step 6350: sar=0 loadImbalance=1.738766065 threshold=1.5 particleMaxMin=1
Phase C ParMETIS weights: particles=9406963 activeCells=104151 maxCellParticles=296
Phase C ParMETIS: alpha=1 ncon=1 ubvec=[1.05] moveRatio=0.9197600427 (moveT=605.600659s, collT=52.83266154s)
Phase C ParMETIS: AdaptiveRepart (104151 cells, 1 constraints, ubvec=1.05)
Replicated mesh: rank 0 owns 5428 / 104151 cells
Local mesh: 5428 owned + 257 halo = 5685 / 104151 cells
Phase C ParMETIS AdaptiveRepart: 0 / 104151 cells changed (0)
Phase C auto DLB complete: rebalance #125

    Number of DSMC particles        = 9406963
    Number of stuck particles       = 0
    Number of free particles        = 9406963
    Average linear kinetic energy   = 4.151903463e-19
    Average rotational energy       = 5.139205209e-20
    Average vibrational energy      = 3.162565401e-20
    Average electronic energy       = 0
    Total energy                    = 46.86624715

Stage 1.0  ExecutionTime = 2553.66 s  ClockTime = 1415 s  Iteration 6350 (0.83 s)

Time = 0.002544

    Collision global reduction skipped (rank 0 local diagnostics)
    Collisions                      = 13049
    Collision candidates           = 29269
    Collision acceptance rate      = 0.4458300591

    Number of DSMC particles        = 9407770
    Number of stuck particles       = 0
    Number of free particles        = 9407770
    Average linear kinetic energy   = 4.151876237e-19
    Average rotational energy       = 5.139383659e-20
    Average vibrational energy      = 3.162394925e-20
    Average electronic energy       = 0
    Total energy                    = 46.87001906

Stage 1.0  ExecutionTime = 2558.28 s  ClockTime = 1417 s  Iteration 6360 (0.69 s)

Time = 0.002548

    Collision global reduction skipped (rank 0 local diagnostics)
    Collisions                      = 12979
    Collision candidates           = 29437
    Collision acceptance rate      = 0.4409077012

    Number of DSMC particles        = 9408331
    Number of stuck particles       = 0
    Number of free particles        = 9408331
    Average linear kinetic energy   = 4.152091093e-19
    Average rotational energy       = 5.137904796e-20
    Average vibrational energy      = 3.163384468e-20
    Average electronic energy       = 0
    Total energy                    = 46.87437506

Stage 1.0  ExecutionTime = 2562.97 s  ClockTime = 1420 s  Iteration 6370 (0.74 s)

Time = 0.002552

    Collision global reduction skipped (rank 0 local diagnostics)
    Collisions                      = 13227
    Collision candidates           = 29720
    Collision acceptance rate      = 0.4450538358

    Number of DSMC particles        = 9408991
    Number of stuck particles       = 0
    Number of free particles        = 9408991
    Average linear kinetic energy   = 4.152436227e-19
    Average rotational energy       = 5.134058052e-20
    Average vibrational energy      = 3.164187641e-20
    Average electronic energy       = 0
    Total energy                    = 46.87804699

Stage 1.0  ExecutionTime = 2567.67 s  ClockTime = 1422 s  Iteration 6380 (0.77 s)

Time = 0.002556

    Collision global reduction skipped (rank 0 local diagnostics)
    Collisions                      = 12925
    Collision candidates           = 29504
    Collision acceptance rate      = 0.4380761931

    Number of DSMC particles        = 9410149
    Number of stuck particles       = 0
    Number of free particles        = 9410149
    Average linear kinetic energy   = 4.152088008e-19
    Average rotational energy       = 5.135403551e-20
    Average vibrational energy      = 3.164786453e-20
    Average electronic energy       = 0
    Total energy                    = 46.88236929

Stage 1.0  ExecutionTime = 2572.41 s  ClockTime = 1424 s  Iteration 6390 (0.81 s)

Time = 0.00256

    Collision global reduction skipped (rank 0 local diagnostics)
    Collisions                      = 13082
    Collision candidates           = 29458
    Collision acceptance rate      = 0.4440898907


Phase C auto DLB triggered (threshold) at step 6400: sar=0 loadImbalance=1.7343882 threshold=1.5 particleMaxMin=1
Phase C ParMETIS weights: particles=9410999 activeCells=104151 maxCellParticles=309
Phase C ParMETIS: alpha=1 ncon=1 ubvec=[1.05] moveRatio=0.9197546737 (moveT=611.7366047s, collT=53.37184451s)
Phase C ParMETIS: AdaptiveRepart (104151 cells, 1 constraints, ubvec=1.05)
Replicated mesh: rank 0 owns 5428 / 104151 cells
Local mesh: 5428 owned + 257 halo = 5685 / 104151 cells
Phase C ParMETIS AdaptiveRepart: 0 / 104151 cells changed (0)
Phase C auto DLB complete: rebalance #126

    Number of DSMC particles        = 9410999
    Number of stuck particles       = 0
    Number of free particles        = 9410999
    Average linear kinetic energy   = 4.151750552e-19
    Average rotational energy       = 5.138202944e-20
    Average vibrational energy      = 3.164397078e-20
    Average electronic energy       = 0
    Total energy                    = 46.88569635

Stage 1.0  ExecutionTime = 2577.26 s  ClockTime = 1427 s  Iteration 6400 (0.96 s)

Time = 0.002564

    Collision global reduction skipped (rank 0 local diagnostics)
    Collisions                      = 13073
    Collision candidates           = 29438
    Collision acceptance rate      = 0.4440858754

    Number of DSMC particles        = 9411700
    Number of stuck particles       = 0
    Number of free particles        = 9411700
    Average linear kinetic energy   = 4.151574442e-19
    Average rotational energy       = 5.136084559e-20
    Average vibrational energy      = 3.163291836e-20
    Average electronic energy       = 0
    Total energy                    = 46.88449725

Stage 1.0  ExecutionTime = 2582.03 s  ClockTime = 1429 s  Iteration 6410 (0.82 s)

Time = 0.002568

    Collision global reduction skipped (rank 0 local diagnostics)
    Collisions                      = 12947
    Collision candidates           = 29224
    Collision acceptance rate      = 0.4430262798

    Number of DSMC particles        = 9412394
    Number of stuck particles       = 0
    Number of free particles        = 9412394
    Average linear kinetic energy   = 4.151351422e-19
    Average rotational energy       = 5.136484139e-20
    Average vibrational energy      = 3.1635215e-20
    Average electronic energy       = 0
    Total energy                    = 46.88644754

Stage 1.0  ExecutionTime = 2586.78 s  ClockTime = 1432 s  Iteration 6420 (0.86 s)

Time = 0.002572

    Collision global reduction skipped (rank 0 local diagnostics)
    Collisions                      = 13025
    Collision candidates           = 29283
    Collision acceptance rate      = 0.4447973227

    Number of DSMC particles        = 9412398
    Number of stuck particles       = 0
    Number of free particles        = 9412398
    Average linear kinetic energy   = 4.151086849e-19
    Average rotational energy       = 5.13854801e-20
    Average vibrational energy      = 3.162165797e-20
    Average electronic energy       = 0
    Total energy                    = 46.88464376

Stage 1.0  ExecutionTime = 2591.53 s  ClockTime = 1434 s  Iteration 6430 (0.86 s)

Time = 0.002576

    Collision global reduction skipped (rank 0 local diagnostics)
    Collisions                      = 13039
    Collision candidates           = 29352
    Collision acceptance rate      = 0.4442286727

    Number of DSMC particles        = 9412773
    Number of stuck particles       = 0
    Number of free particles        = 9412773
    Average linear kinetic energy   = 4.151332469e-19
    Average rotational energy       = 5.136124718e-20
    Average vibrational energy      = 3.16149144e-20
    Average electronic energy       = 0
    Total energy                    = 46.88590791

Stage 1.0  ExecutionTime = 2596.29 s  ClockTime = 1437 s  Iteration 6440 (0.87 s)

Time = 0.00258

    Collision global reduction skipped (rank 0 local diagnostics)
    Collisions                      = 13073
    Collision candidates           = 29394
    Collision acceptance rate      = 0.4447506294


Phase C auto DLB triggered (threshold) at step 6450: sar=0 loadImbalance=1.750341889 threshold=1.5 particleMaxMin=1
Phase C ParMETIS weights: particles=9412997 activeCells=104151 maxCellParticles=286
Phase C ParMETIS: alpha=1 ncon=1 ubvec=[1.05] moveRatio=0.9197488894 (moveT=617.8703609s, collT=53.91121775s)
Phase C ParMETIS: AdaptiveRepart (104151 cells, 1 constraints, ubvec=1.05)
Replicated mesh: rank 0 owns 5428 / 104151 cells
Local mesh: 5428 owned + 257 halo = 5685 / 104151 cells
Phase C ParMETIS AdaptiveRepart: 0 / 104151 cells changed (0)
Phase C auto DLB complete: rebalance #127

    Number of DSMC particles        = 9412997
    Number of stuck particles       = 0
    Number of free particles        = 9412997
    Average linear kinetic energy   = 4.151211048e-19
    Average rotational energy       = 5.132269718e-20
    Average vibrational energy      = 3.162817918e-20
    Average electronic energy       = 0
    Total energy                    = 46.88350065

Stage 1.0  ExecutionTime = 2601.22 s  ClockTime = 1439 s  Iteration 6450 (1.04 s)

Time = 0.002584

    Collision global reduction skipped (rank 0 local diagnostics)
    Collisions                      = 12918
    Collision candidates           = 29414
    Collision acceptance rate      = 0.4391786224

    Number of DSMC particles        = 9413499
    Number of stuck particles       = 0
    Number of free particles        = 9413499
    Average linear kinetic energy   = 4.151082097e-19
    Average rotational energy       = 5.129223092e-20
    Average vibrational energy      = 3.161062427e-20
    Average electronic energy       = 0
    Total energy                    = 46.88026661

Stage 1.0  ExecutionTime = 2606.04 s  ClockTime = 1442 s  Iteration 6460 (0.9 s)

Time = 0.002588

    Collision global reduction skipped (rank 0 local diagnostics)
    Collisions                      = 12875
    Collision candidates           = 29243
    Collision acceptance rate      = 0.4402763054

    Number of DSMC particles        = 9413772
    Number of stuck particles       = 0
    Number of free particles        = 9413772
    Average linear kinetic energy   = 4.150894628e-19
    Average rotational energy       = 5.128223066e-20
    Average vibrational energy      = 3.161589907e-20
    Average electronic energy       = 0
    Total energy                    = 46.87941655

Stage 1.0  ExecutionTime = 2610.81 s  ClockTime = 1444 s  Iteration 6470 (0.9 s)

Time = 0.002592

    Collision global reduction skipped (rank 0 local diagnostics)
    Collisions                      = 12814
    Collision candidates           = 29093
    Collision acceptance rate      = 0.4404495927

    Number of DSMC particles        = 9413939
    Number of stuck particles       = 0
    Number of free particles        = 9413939
    Average linear kinetic energy   = 4.150420263e-19
    Average rotational energy       = 5.130043573e-20
    Average vibrational energy      = 3.163391812e-20
    Average electronic energy       = 0
    Total energy                    = 46.87919266

Stage 1.0  ExecutionTime = 2615.58 s  ClockTime = 1447 s  Iteration 6480 (0.89 s)

Time = 0.002596

    Collision global reduction skipped (rank 0 local diagnostics)
    Collisions                      = 12911
    Collision candidates           = 29160
    Collision acceptance rate      = 0.4427640604

    Number of DSMC particles        = 9414667
    Number of stuck particles       = 0
    Number of free particles        = 9414667
    Average linear kinetic energy   = 4.150372233e-19
    Average rotational energy       = 5.129112552e-20
    Average vibrational energy      = 3.163881364e-20
    Average electronic energy       = 0
    Total energy                    = 46.88195011

Stage 1.0  ExecutionTime = 2620.35 s  ClockTime = 1449 s  Iteration 6490 (0.9 s)

Time = 0.0026

    Collision global reduction skipped (rank 0 local diagnostics)
    Collisions                      = 12835
    Collision candidates           = 29092
    Collision acceptance rate      = 0.4411865805


Phase C auto DLB triggered (threshold) at step 6500: sar=0 loadImbalance=1.753314423 threshold=1.5 particleMaxMin=1
Phase C ParMETIS weights: particles=9415165 activeCells=104151 maxCellParticles=301
Phase C ParMETIS: alpha=1 ncon=1 ubvec=[1.05] moveRatio=0.9197378452 (moveT=623.978756s, collT=54.45234178s)
Phase C ParMETIS: AdaptiveRepart (104151 cells, 1 constraints, ubvec=1.05)
Replicated mesh: rank 0 owns 5428 / 104151 cells
Local mesh: 5428 owned + 257 halo = 5685 / 104151 cells
Phase C ParMETIS AdaptiveRepart: 0 / 104151 cells changed (0)
Phase C auto DLB complete: rebalance #128

    Number of DSMC particles        = 9415165
    Number of stuck particles       = 0
    Number of free particles        = 9415165
    Average linear kinetic energy   = 4.15025311e-19
    Average rotational energy       = 5.130600732e-20
    Average vibrational energy      = 3.163918507e-20
    Average electronic energy       = 0
    Total energy                    = 46.88474454

Stage 1.0  ExecutionTime = 2625.28 s  ClockTime = 1452 s  Iteration 6500 (1.04 s)

Time = 0.002604

    Collision global reduction skipped (rank 0 local diagnostics)
    Collisions                      = 13112
    Collision candidates           = 29433
    Collision acceptance rate      = 0.4454863588

    Number of DSMC particles        = 9415899
    Number of stuck particles       = 0
    Number of free particles        = 9415899
    Average linear kinetic energy   = 4.150292905e-19
    Average rotational energy       = 5.129256334e-20
    Average vibrational energy      = 3.164060055e-20
    Average electronic energy       = 0
    Total energy                    = 46.88764177

Stage 1.0  ExecutionTime = 2630.1 s  ClockTime = 1454 s  Iteration 6510 (0.9 s)

Time = 0.002608

    Collision global reduction skipped (rank 0 local diagnostics)
    Collisions                      = 13033
    Collision candidates           = 29499
    Collision acceptance rate      = 0.4418115868

    Number of DSMC particles        = 9416735
    Number of stuck particles       = 0
    Number of free particles        = 9416735
    Average linear kinetic energy   = 4.150134301e-19
    Average rotational energy       = 5.128322291e-20
    Average vibrational energy      = 3.163718792e-20
    Average electronic energy       = 0
    Total energy                    = 46.88911027

Stage 1.0  ExecutionTime = 2634.87 s  ClockTime = 1457 s  Iteration 6520 (0.9 s)

Time = 0.002612

    Collision global reduction skipped (rank 0 local diagnostics)
    Collisions                      = 13110
    Collision candidates           = 29484
    Collision acceptance rate      = 0.4446479446

    Number of DSMC particles        = 9417064
    Number of stuck particles       = 0
    Number of free particles        = 9417064
    Average linear kinetic energy   = 4.150538426e-19
    Average rotational energy       = 5.126378673e-20
    Average vibrational energy      = 3.161368406e-20
    Average electronic energy       = 0
    Total energy                    = 46.89051045

Stage 1.0  ExecutionTime = 2639.65 s  ClockTime = 1459 s  Iteration 6530 (0.92 s)

Time = 0.002616

    Collision global reduction skipped (rank 0 local diagnostics)
    Collisions                      = 12967
    Collision candidates           = 29504
    Collision acceptance rate      = 0.4394997289

    Number of DSMC particles        = 9417487
    Number of stuck particles       = 0
    Number of free particles        = 9417487
    Average linear kinetic energy   = 4.150089404e-19
    Average rotational energy       = 5.127175423e-20
    Average vibrational energy      = 3.161841077e-20
    Average electronic energy       = 0
    Total energy                    = 46.88958352

Stage 1.0  ExecutionTime = 2644.42 s  ClockTime = 1462 s  Iteration 6540 (0.91 s)

Time = 0.00262

    Collision global reduction skipped (rank 0 local diagnostics)
    Collisions                      = 12898
    Collision candidates           = 29401
    Collision acceptance rate      = 0.4386925615


Phase C auto DLB triggered (threshold) at step 6550: sar=0 loadImbalance=1.724495483 threshold=1.5 particleMaxMin=1
Phase C ParMETIS weights: particles=9417860 activeCells=104151 maxCellParticles=289
Phase C ParMETIS: alpha=1 ncon=1 ubvec=[1.05] moveRatio=0.9197262991 (moveT=630.091597s, collT=54.99438738s)
Phase C ParMETIS: AdaptiveRepart (104151 cells, 1 constraints, ubvec=1.05)
Replicated mesh: rank 0 owns 5428 / 104151 cells
Local mesh: 5428 owned + 257 halo = 5685 / 104151 cells
Phase C ParMETIS AdaptiveRepart: 0 / 104151 cells changed (0)
Phase C auto DLB complete: rebalance #129

    Number of DSMC particles        = 9417860
    Number of stuck particles       = 0
    Number of free particles        = 9417860
    Average linear kinetic energy   = 4.150365456e-19
    Average rotational energy       = 5.126034483e-20
    Average vibrational energy      = 3.162303636e-20
    Average electronic energy       = 0
    Total energy                    = 46.89340162

Stage 1.0  ExecutionTime = 2649.38 s  ClockTime = 1464 s  Iteration 6550 (1.06 s)

Time = 0.002624

    Collision global reduction skipped (rank 0 local diagnostics)
    Collisions                      = 12922
    Collision candidates           = 29326
    Collision acceptance rate      = 0.4406328855

    Number of DSMC particles        = 9418789
    Number of stuck particles       = 0
    Number of free particles        = 9418789
    Average linear kinetic energy   = 4.150092066e-19
    Average rotational energy       = 5.128559049e-20
    Average vibrational energy      = 3.16317086e-20
    Average electronic energy       = 0
    Total energy                    = 46.89864695

Stage 1.0  ExecutionTime = 2654.19 s  ClockTime = 1467 s  Iteration 6560 (0.89 s)

Time = 0.002628

    Collision global reduction skipped (rank 0 local diagnostics)
    Collisions                      = 13038
    Collision candidates           = 29459
    Collision acceptance rate      = 0.4425812146

    Number of DSMC particles        = 9419154
    Number of stuck particles       = 0
    Number of free particles        = 9419154
    Average linear kinetic energy   = 4.149571297e-19
    Average rotational energy       = 5.128427806e-20
    Average vibrational energy      = 3.163894344e-20
    Average electronic energy       = 0
    Total energy                    = 46.89611702

Stage 1.0  ExecutionTime = 2658.97 s  ClockTime = 1469 s  Iteration 6570 (0.9 s)

Time = 0.002632

    Collision global reduction skipped (rank 0 local diagnostics)
    Collisions                      = 12987
    Collision candidates           = 29613
    Collision acceptance rate      = 0.4385573903

    Number of DSMC particles        = 9419143
    Number of stuck particles       = 0
    Number of free particles        = 9419143
    Average linear kinetic energy   = 4.14943511e-19
    Average rotational energy       = 5.126421817e-20
    Average vibrational energy      = 3.16452713e-20
    Average electronic energy       = 0
    Total energy                    = 46.89348604

Stage 1.0  ExecutionTime = 2663.77 s  ClockTime = 1472 s  Iteration 6580 (0.93 s)

Time = 0.002636

    Collision global reduction skipped (rank 0 local diagnostics)
    Collisions                      = 12919
    Collision candidates           = 29472
    Collision acceptance rate      = 0.4383482628

    Number of DSMC particles        = 9419704
    Number of stuck particles       = 0
    Number of free particles        = 9419704
    Average linear kinetic energy   = 4.149254351e-19
    Average rotational energy       = 5.126820031e-20
    Average vibrational energy      = 3.164465408e-20
    Average electronic energy       = 0
    Total energy                    = 46.89489327

Stage 1.0  ExecutionTime = 2668.54 s  ClockTime = 1474 s  Iteration 6590 (0.9 s)

Time = 0.00264

    Collision global reduction skipped (rank 0 local diagnostics)
    Collisions                      = 12859
    Collision candidates           = 29461
    Collision acceptance rate      = 0.4364753403


Phase C auto DLB triggered (threshold) at step 6600: sar=0 loadImbalance=1.776864762 threshold=1.5 particleMaxMin=1
Phase C ParMETIS weights: particles=9419896 activeCells=104150 maxCellParticles=294
Phase C ParMETIS: alpha=1 ncon=1 ubvec=[1.05] moveRatio=0.9197142502 (moveT=636.1917316s, collT=55.53586905s)
Phase C ParMETIS: AdaptiveRepart (104151 cells, 1 constraints, ubvec=1.05)
Replicated mesh: rank 0 owns 5428 / 104151 cells
Local mesh: 5428 owned + 257 halo = 5685 / 104151 cells
Phase C ParMETIS AdaptiveRepart: 0 / 104151 cells changed (0)
Phase C auto DLB complete: rebalance #130

    Number of DSMC particles        = 9419896
    Number of stuck particles       = 0
    Number of free particles        = 9419896
    Average linear kinetic energy   = 4.148928046e-19
    Average rotational energy       = 5.129122648e-20
    Average vibrational energy      = 3.164495899e-20
    Average electronic energy       = 0
    Total energy                    = 46.89497312

Stage 1.0  ExecutionTime = 2673.52 s  ClockTime = 1477 s  Iteration 6600 (1.1 s)

Time = 0.002644

    Collision global reduction skipped (rank 0 local diagnostics)
    Collisions                      = 12808
    Collision candidates           = 29343
    Collision acceptance rate      = 0.4364925195

    Number of DSMC particles        = 9420591
    Number of stuck particles       = 0
    Number of free particles        = 9420591
    Average linear kinetic energy   = 4.148708295e-19
    Average rotational energy       = 5.128215476e-20
    Average vibrational energy      = 3.165052852e-20
    Average electronic energy       = 0
    Total energy                    = 46.89603292

Stage 1.0  ExecutionTime = 2678.39 s  ClockTime = 1479 s  Iteration 6610 (0.96 s)

Time = 0.002648

    Collision global reduction skipped (rank 0 local diagnostics)
    Collisions                      = 12965
    Collision candidates           = 29445
    Collision acceptance rate      = 0.4403124469

    Number of DSMC particles        = 9421286
    Number of stuck particles       = 0
    Number of free particles        = 9421286
    Average linear kinetic energy   = 4.148448884e-19
    Average rotational energy       = 5.126906479e-20
    Average vibrational energy      = 3.16259038e-20
    Average electronic energy       = 0
    Total energy                    = 46.89349546

Stage 1.0  ExecutionTime = 2683.16 s  ClockTime = 1482 s  Iteration 6620 (0.91 s)

Time = 0.002652

    Collision global reduction skipped (rank 0 local diagnostics)
    Collisions                      = 13074
    Collision candidates           = 29552
    Collision acceptance rate      = 0.4424066053

    Number of DSMC particles        = 9421874
    Number of stuck particles       = 0
    Number of free particles        = 9421874
    Average linear kinetic energy   = 4.148315584e-19
    Average rotational energy       = 5.126222069e-20
    Average vibrational energy      = 3.162636933e-20
    Average electronic energy       = 0
    Total energy                    = 46.89456525

Stage 1.0  ExecutionTime = 2688 s  ClockTime = 1484 s  Iteration 6630 (0.99 s)

Time = 0.002656

    Collision global reduction skipped (rank 0 local diagnostics)
    Collisions                      = 13115
    Collision candidates           = 29617
    Collision acceptance rate      = 0.442820002

    Number of DSMC particles        = 9421845
    Number of stuck particles       = 0
    Number of free particles        = 9421845
    Average linear kinetic energy   = 4.148199835e-19
    Average rotational energy       = 5.127230717e-20
    Average vibrational energy      = 3.162708421e-20
    Average electronic energy       = 0
    Total energy                    = 46.89434804

Stage 1.0  ExecutionTime = 2692.77 s  ClockTime = 1487 s  Iteration 6640 (0.91 s)

Time = 0.00266

    Collision global reduction skipped (rank 0 local diagnostics)
    Collisions                      = 12864
    Collision candidates           = 29482
    Collision acceptance rate      = 0.4363340343


Phase C auto DLB triggered (threshold) at step 6650: sar=0 loadImbalance=1.801745453 threshold=1.5 particleMaxMin=1
Phase C ParMETIS weights: particles=9422642 activeCells=104151 maxCellParticles=295
Phase C ParMETIS: alpha=1 ncon=1 ubvec=[1.05] moveRatio=0.9197041246 (moveT=642.3025182s, collT=56.07699429s)
Phase C ParMETIS: AdaptiveRepart (104151 cells, 1 constraints, ubvec=1.05)
Replicated mesh: rank 0 owns 5428 / 104151 cells
Local mesh: 5428 owned + 257 halo = 5685 / 104151 cells
Phase C ParMETIS AdaptiveRepart: 0 / 104151 cells changed (0)
Phase C auto DLB complete: rebalance #131

    Number of DSMC particles        = 9422642
    Number of stuck particles       = 0
    Number of free particles        = 9422642
    Average linear kinetic energy   = 4.14774453e-19
    Average rotational energy       = 5.127461341e-20
    Average vibrational energy      = 3.161997115e-20
    Average electronic energy       = 0
    Total energy                    = 46.89357175

Stage 1.0  ExecutionTime = 2697.77 s  ClockTime = 1489 s  Iteration 6650 (1.14 s)

Time = 0.002664

    Collision global reduction skipped (rank 0 local diagnostics)
    Collisions                      = 12839
    Collision candidates           = 29286
    Collision acceptance rate      = 0.438400601

    Number of DSMC particles        = 9423119
    Number of stuck particles       = 0
    Number of free particles        = 9423119
    Average linear kinetic energy   = 4.147879754e-19
    Average rotational energy       = 5.125281472e-20
    Average vibrational energy      = 3.162577869e-20
    Average electronic energy       = 0
    Total energy                    = 46.895713

Stage 1.0  ExecutionTime = 2702.66 s  ClockTime = 1492 s  Iteration 6660 (1 s)

Time = 0.002668

    Collision global reduction skipped (rank 0 local diagnostics)
    Collisions                      = 13077
    Collision candidates           = 29493
    Collision acceptance rate      = 0.4433933476

    Number of DSMC particles        = 9423287
    Number of stuck particles       = 0
    Number of free particles        = 9423287
    Average linear kinetic energy   = 4.147584258e-19
    Average rotational energy       = 5.126940407e-20
    Average vibrational energy      = 3.162286359e-20
    Average electronic energy       = 0
    Total energy                    = 46.8950531

Stage 1.0  ExecutionTime = 2707.52 s  ClockTime = 1494 s  Iteration 6670 (1 s)

Time = 0.002672

    Collision global reduction skipped (rank 0 local diagnostics)
    Collisions                      = 12935
    Collision candidates           = 29329
    Collision acceptance rate      = 0.4410310614

    Number of DSMC particles        = 9423873
    Number of stuck particles       = 0
    Number of free particles        = 9423873
    Average linear kinetic energy   = 4.147159994e-19
    Average rotational energy       = 5.127739073e-20
    Average vibrational energy      = 3.162487511e-20
    Average electronic energy       = 0
    Total energy                    = 46.89491334

Stage 1.0  ExecutionTime = 2712.3 s  ClockTime = 1497 s  Iteration 6680 (0.92 s)

Time = 0.002676

    Collision global reduction skipped (rank 0 local diagnostics)
    Collisions                      = 12709
    Collision candidates           = 29218
    Collision acceptance rate      = 0.4349715929

    Number of DSMC particles        = 9424150
    Number of stuck particles       = 0
    Number of free particles        = 9424150
    Average linear kinetic energy   = 4.147587128e-19
    Average rotational energy       = 5.124043156e-20
    Average vibrational energy      = 3.163692581e-20
    Average electronic energy       = 0
    Total energy                    = 46.89796971

Stage 1.0  ExecutionTime = 2717.14 s  ClockTime = 1499 s  Iteration 6690 (0.98 s)

Time = 0.00268

    Collision global reduction skipped (rank 0 local diagnostics)
    Collisions                      = 12948
    Collision candidates           = 29238
    Collision acceptance rate      = 0.442848348


Phase C auto DLB triggered (threshold) at step 6700: sar=0 loadImbalance=1.810005815 threshold=1.5 particleMaxMin=1
Phase C ParMETIS weights: particles=9424947 activeCells=104151 maxCellParticles=290
Phase C ParMETIS: alpha=1 ncon=1 ubvec=[1.05] moveRatio=0.919698207 (moveT=648.4029429s, collT=56.61413549s)
Phase C ParMETIS: AdaptiveRepart (104151 cells, 1 constraints, ubvec=1.05)
Replicated mesh: rank 0 owns 5428 / 104151 cells
Local mesh: 5428 owned + 257 halo = 5685 / 104151 cells
Phase C ParMETIS AdaptiveRepart: 0 / 104151 cells changed (0)
Phase C auto DLB complete: rebalance #132

    Number of DSMC particles        = 9424947
    Number of stuck particles       = 0
    Number of free particles        = 9424947
    Average linear kinetic energy   = 4.147100361e-19
    Average rotational energy       = 5.126117377e-20
    Average vibrational energy      = 3.163865144e-20
    Average electronic energy       = 0
    Total energy                    = 46.89946569

Stage 1.0  ExecutionTime = 2722.15 s  ClockTime = 1502 s  Iteration 6700 (1.15 s)

Time = 0.002684

    Collision global reduction skipped (rank 0 local diagnostics)
    Collisions                      = 12938
    Collision candidates           = 29260
    Collision acceptance rate      = 0.4421736159

    Number of DSMC particles        = 9424951
    Number of stuck particles       = 0
    Number of free particles        = 9424951
    Average linear kinetic energy   = 4.147196183e-19
    Average rotational energy       = 5.126644122e-20
    Average vibrational energy      = 3.163302615e-20
    Average electronic energy       = 0
    Total energy                    = 46.90035499

Stage 1.0  ExecutionTime = 2726.98 s  ClockTime = 1505 s  Iteration 6710 (0.93 s)

Time = 0.002688

    Collision global reduction skipped (rank 0 local diagnostics)
    Collisions                      = 13076
    Collision candidates           = 29445
    Collision acceptance rate      = 0.4440821871

    Number of DSMC particles        = 9425375
    Number of stuck particles       = 0
    Number of free particles        = 9425375
    Average linear kinetic energy   = 4.147179795e-19
    Average rotational energy       = 5.126546256e-20
    Average vibrational energy      = 3.164142204e-20
    Average electronic energy       = 0
    Total energy                    = 46.90300953

Stage 1.0  ExecutionTime = 2731.86 s  ClockTime = 1507 s  Iteration 6720 (1.01 s)

Time = 0.002692

    Collision global reduction skipped (rank 0 local diagnostics)
    Collisions                      = 12953
    Collision candidates           = 29443
    Collision acceptance rate      = 0.4399347893

    Number of DSMC particles        = 9425709
    Number of stuck particles       = 0
    Number of free particles        = 9425709
    Average linear kinetic energy   = 4.146942853e-19
    Average rotational energy       = 5.127587229e-20
    Average vibrational energy      = 3.163789617e-20
    Average electronic energy       = 0
    Total energy                    = 46.90308711

Stage 1.0  ExecutionTime = 2736.77 s  ClockTime = 1510 s  Iteration 6730 (1.02 s)

Time = 0.002696

    Collision global reduction skipped (rank 0 local diagnostics)
    Collisions                      = 12932
    Collision candidates           = 29518
    Collision acceptance rate      = 0.4381055627

    Number of DSMC particles        = 9426114
    Number of stuck particles       = 0
    Number of free particles        = 9426114
    Average linear kinetic energy   = 4.146994916e-19
    Average rotational energy       = 5.126379296e-20
    Average vibrational energy      = 3.165592637e-20
    Average electronic energy       = 0
    Total energy                    = 46.90615411

Stage 1.0  ExecutionTime = 2741.64 s  ClockTime = 1512 s  Iteration 6740 (0.97 s)

Time = 0.0027

    Collision global reduction skipped (rank 0 local diagnostics)
    Collisions                      = 13162
    Collision candidates           = 29460
    Collision acceptance rate      = 0.4467752885


Phase C auto DLB triggered (threshold) at step 6750: sar=0 loadImbalance=1.822402899 threshold=1.5 particleMaxMin=1
Phase C ParMETIS weights: particles=9426667 activeCells=104151 maxCellParticles=302
Phase C ParMETIS: alpha=1 ncon=1 ubvec=[1.05] moveRatio=0.9196886978 (moveT=654.5220951s, collT=57.15577665s)
Phase C ParMETIS: AdaptiveRepart (104151 cells, 1 constraints, ubvec=1.05)
Replicated mesh: rank 0 owns 5428 / 104151 cells
Local mesh: 5428 owned + 257 halo = 5685 / 104151 cells
Phase C ParMETIS AdaptiveRepart: 0 / 104151 cells changed (0)
Phase C auto DLB complete: rebalance #133

    Number of DSMC particles        = 9426667
    Number of stuck particles       = 0
    Number of free particles        = 9426667
    Average linear kinetic energy   = 4.146788318e-19
    Average rotational energy       = 5.125161427e-20
    Average vibrational energy      = 3.164186163e-20
    Average electronic energy       = 0
    Total energy                    = 46.90448453

Stage 1.0  ExecutionTime = 2746.61 s  ClockTime = 1515 s  Iteration 6750 (1.1 s)

Time = 0.002704

    Collision global reduction skipped (rank 0 local diagnostics)
    Collisions                      = 13008
    Collision candidates           = 29606
    Collision acceptance rate      = 0.4393703979

    Number of DSMC particles        = 9426508
    Number of stuck particles       = 0
    Number of free particles        = 9426508
    Average linear kinetic energy   = 4.146856515e-19
    Average rotational energy       = 5.123759377e-20
    Average vibrational energy      = 3.162897061e-20
    Average electronic energy       = 0
    Total energy                    = 46.90179943

Stage 1.0  ExecutionTime = 2751.52 s  ClockTime = 1517 s  Iteration 6760 (1 s)

Time = 0.002708

    Collision global reduction skipped (rank 0 local diagnostics)
    Collisions                      = 12962
    Collision candidates           = 29448
    Collision acceptance rate      = 0.4401657158

    Number of DSMC particles        = 9426665
    Number of stuck particles       = 0
    Number of free particles        = 9426665
    Average linear kinetic energy   = 4.146670133e-19
    Average rotational energy       = 5.125563712e-20
    Average vibrational energy      = 3.162502092e-20
    Average electronic energy       = 0
    Total energy                    = 46.90215219

Stage 1.0  ExecutionTime = 2756.36 s  ClockTime = 1520 s  Iteration 6770 (0.93 s)

Time = 0.002712

    Collision global reduction skipped (rank 0 local diagnostics)
    Collisions                      = 13045
    Collision candidates           = 29597
    Collision acceptance rate      = 0.4407541305

    Number of DSMC particles        = 9427381
    Number of stuck particles       = 0
    Number of free particles        = 9427381
    Average linear kinetic energy   = 4.146462156e-19
    Average rotational energy       = 5.125354919e-20
    Average vibrational energy      = 3.162835123e-20
    Average electronic energy       = 0
    Total energy                    = 46.90387108

Stage 1.0  ExecutionTime = 2761.25 s  ClockTime = 1523 s  Iteration 6780 (1 s)

Time = 0.002716

    Collision global reduction skipped (rank 0 local diagnostics)
    Collisions                      = 13084
    Collision candidates           = 29720
    Collision acceptance rate      = 0.4402422611

    Number of DSMC particles        = 9428060
    Number of stuck particles       = 0
    Number of free particles        = 9428060
    Average linear kinetic energy   = 4.146422282e-19
    Average rotational energy       = 5.1242175e-20
    Average vibrational energy      = 3.162881606e-20
    Average electronic energy       = 0
    Total energy                    = 46.90584482

Stage 1.0  ExecutionTime = 2766.18 s  ClockTime = 1525 s  Iteration 6790 (1.01 s)

Time = 0.00272

    Collision global reduction skipped (rank 0 local diagnostics)
    Collisions                      = 12925
    Collision candidates           = 29632
    Collision acceptance rate      = 0.4361838553


Phase C auto DLB triggered (threshold) at step 6800: sar=0 loadImbalance=1.865878493 threshold=1.5 particleMaxMin=1
Phase C ParMETIS weights: particles=9428561 activeCells=104151 maxCellParticles=288
Phase C ParMETIS: alpha=1 ncon=1 ubvec=[1.05] moveRatio=0.9196728991 (moveT=660.6447325s, collT=57.70277255s)
Phase C ParMETIS: AdaptiveRepart (104151 cells, 1 constraints, ubvec=1.05)
Replicated mesh: rank 0 owns 5428 / 104151 cells
Local mesh: 5428 owned + 257 halo = 5685 / 104151 cells
Phase C ParMETIS AdaptiveRepart: 0 / 104151 cells changed (0)
Phase C auto DLB complete: rebalance #134

    Number of DSMC particles        = 9428561
    Number of stuck particles       = 0
    Number of free particles        = 9428561
    Average linear kinetic energy   = 4.14628599e-19
    Average rotational energy       = 5.126488481e-20
    Average vibrational energy      = 3.162783038e-20
    Average electronic energy       = 0
    Total energy                    = 46.9091006

Stage 1.0  ExecutionTime = 2771.26 s  ClockTime = 1528 s  Iteration 6800 (1.18 s)

Time = 0.002724

    Collision global reduction skipped (rank 0 local diagnostics)
    Collisions                      = 13358
    Collision candidates           = 29645
    Collision acceptance rate      = 0.4505987519

    Number of DSMC particles        = 9428833
    Number of stuck particles       = 0
    Number of free particles        = 9428833
    Average linear kinetic energy   = 4.146086175e-19
    Average rotational energy       = 5.127276096e-20
    Average vibrational energy      = 3.163146779e-20
    Average electronic energy       = 0
    Total energy                    = 46.90965542

Stage 1.0  ExecutionTime = 2776.2 s  ClockTime = 1530 s  Iteration 6810 (1.03 s)

Time = 0.002728

    Collision global reduction skipped (rank 0 local diagnostics)
    Collisions                      = 12896
    Collision candidates           = 29446
    Collision acceptance rate      = 0.4379542213

    Number of DSMC particles        = 9428819
    Number of stuck particles       = 0
    Number of free particles        = 9428819
    Average linear kinetic energy   = 4.146157407e-19
    Average rotational energy       = 5.125454772e-20
    Average vibrational energy      = 3.163503899e-20
    Average electronic energy       = 0
    Total energy                    = 46.90887683

Stage 1.0  ExecutionTime = 2781.1 s  ClockTime = 1533 s  Iteration 6820 (1.01 s)

Time = 0.002732

    Collision global reduction skipped (rank 0 local diagnostics)
    Collisions                      = 12870
    Collision candidates           = 29459
    Collision acceptance rate      = 0.4368783733

    Number of DSMC particles        = 9429149
    Number of stuck particles       = 0
    Number of free particles        = 9429149
    Average linear kinetic energy   = 4.145991379e-19
    Average rotational energy       = 5.126645372e-20
    Average vibrational energy      = 3.162864709e-20
    Average electronic energy       = 0
    Total energy                    = 46.90947303

Stage 1.0  ExecutionTime = 2785.99 s  ClockTime = 1536 s  Iteration 6830 (1 s)

Time = 0.002736

    Collision global reduction skipped (rank 0 local diagnostics)
    Collisions                      = 12981
    Collision candidates           = 29419
    Collision acceptance rate      = 0.4412454536

    Number of DSMC particles        = 9429817
    Number of stuck particles       = 0
    Number of free particles        = 9429817
    Average linear kinetic energy   = 4.146130134e-19
    Average rotational energy       = 5.124535819e-20
    Average vibrational energy      = 3.163112884e-20
    Average electronic energy       = 0
    Total energy                    = 46.91234948

Stage 1.0  ExecutionTime = 2790.89 s  ClockTime = 1538 s  Iteration 6840 (1.02 s)

Time = 0.00274

    Collision global reduction skipped (rank 0 local diagnostics)
    Collisions                      = 13029
    Collision candidates           = 29362
    Collision acceptance rate      = 0.4437368027


Phase C auto DLB triggered (threshold) at step 6850: sar=0 loadImbalance=1.880498723 threshold=1.5 particleMaxMin=1
Phase C ParMETIS weights: particles=9430316 activeCells=104151 maxCellParticles=293
Phase C ParMETIS: alpha=1 ncon=1 ubvec=[1.05] moveRatio=0.9196669759 (moveT=666.775431s, collT=58.24291636s)
Phase C ParMETIS: AdaptiveRepart (104151 cells, 1 constraints, ubvec=1.05)
Replicated mesh: rank 0 owns 5428 / 104151 cells
Local mesh: 5428 owned + 257 halo = 5685 / 104151 cells
Phase C ParMETIS AdaptiveRepart: 0 / 104151 cells changed (0)
Phase C auto DLB complete: rebalance #135

    Number of DSMC particles        = 9430316
    Number of stuck particles       = 0
    Number of free particles        = 9430316
    Average linear kinetic energy   = 4.145860766e-19
    Average rotational energy       = 5.127016939e-20
    Average vibrational energy      = 3.163471157e-20
    Average electronic energy       = 0
    Total energy                    = 46.91496937

Stage 1.0  ExecutionTime = 2795.96 s  ClockTime = 1541 s  Iteration 6850 (1.18 s)

Time = 0.002744

    Collision global reduction skipped (rank 0 local diagnostics)
    Collisions                      = 13075
    Collision candidates           = 29669
    Collision acceptance rate      = 0.4406956756

    Number of DSMC particles        = 9430486
    Number of stuck particles       = 0
    Number of free particles        = 9430486
    Average linear kinetic energy   = 4.145697018e-19
    Average rotational energy       = 5.126411041e-20
    Average vibrational energy      = 3.164826594e-20
    Average electronic energy       = 0
    Total energy                    = 46.91497773

Stage 1.0  ExecutionTime = 2800.89 s  ClockTime = 1543 s  Iteration 6860 (1.01 s)

Time = 0.002748

    Collision global reduction skipped (rank 0 local diagnostics)
    Collisions                      = 13111
    Collision candidates           = 29707
    Collision acceptance rate      = 0.441343791

    Number of DSMC particles        = 9430959
    Number of stuck particles       = 0
    Number of free particles        = 9430959
    Average linear kinetic energy   = 4.145488588e-19
    Average rotational energy       = 5.126915365e-20
    Average vibrational energy      = 3.165401296e-20
    Average electronic energy       = 0
    Total energy                    = 46.91638276

Stage 1.0  ExecutionTime = 2805.81 s  ClockTime = 1546 s  Iteration 6870 (1.04 s)

Time = 0.002752

    Collision global reduction skipped (rank 0 local diagnostics)
    Collisions                      = 13048
    Collision candidates           = 29841
    Collision acceptance rate      = 0.4372507624

    Number of DSMC particles        = 9431765
    Number of stuck particles       = 0
    Number of free particles        = 9431765
    Average linear kinetic energy   = 4.145400753e-19
    Average rotational energy       = 5.125681314e-20
    Average vibrational energy      = 3.164686093e-20
    Average electronic energy       = 0
    Total energy                    = 46.91772545

Stage 1.0  ExecutionTime = 2810.73 s  ClockTime = 1549 s  Iteration 6880 (1.02 s)

Time = 0.002756

    Collision global reduction skipped (rank 0 local diagnostics)
    Collisions                      = 13170
    Collision candidates           = 29960
    Collision acceptance rate      = 0.4395861148

    Number of DSMC particles        = 9431999
    Number of stuck particles       = 0
    Number of free particles        = 9431999
    Average linear kinetic energy   = 4.145378363e-19
    Average rotational energy       = 5.127859769e-20
    Average vibrational energy      = 3.164041519e-20
    Average electronic energy       = 0
    Total energy                    = 46.92012504

Stage 1.0  ExecutionTime = 2815.64 s  ClockTime = 1551 s  Iteration 6890 (1.03 s)

Time = 0.00276

    Collision global reduction skipped (rank 0 local diagnostics)
    Collisions                      = 13178
    Collision candidates           = 29869
    Collision acceptance rate      = 0.4411932104


Phase C auto DLB triggered (threshold) at step 6900: sar=0 loadImbalance=1.886643766 threshold=1.5 particleMaxMin=1
Phase C ParMETIS weights: particles=9432124 activeCells=104151 maxCellParticles=287
Phase C ParMETIS: alpha=1 ncon=1 ubvec=[1.05] moveRatio=0.9196615604 (moveT=672.8985442s, collT=58.78207961s)
Phase C ParMETIS: AdaptiveRepart (104151 cells, 1 constraints, ubvec=1.05)
Replicated mesh: rank 0 owns 5428 / 104151 cells
Local mesh: 5428 owned + 257 halo = 5685 / 104151 cells
Phase C ParMETIS AdaptiveRepart: 0 / 104151 cells changed (0)
Phase C auto DLB complete: rebalance #136

    Number of DSMC particles        = 9432124
    Number of stuck particles       = 0
    Number of free particles        = 9432124
    Average linear kinetic energy   = 4.144677283e-19
    Average rotational energy       = 5.127561765e-20
    Average vibrational energy      = 3.164217561e-20
    Average electronic energy       = 0
    Total energy                    = 46.91401915

Stage 1.0  ExecutionTime = 2820.72 s  ClockTime = 1554 s  Iteration 6900 (1.19 s)

Time = 0.002764

    Collision global reduction skipped (rank 0 local diagnostics)
    Collisions                      = 12985
    Collision candidates           = 29892
    Collision acceptance rate      = 0.4343971631

    Number of DSMC particles        = 9432537
    Number of stuck particles       = 0
    Number of free particles        = 9432537
    Average linear kinetic energy   = 4.144437958e-19
    Average rotational energy       = 5.127362247e-20
    Average vibrational energy      = 3.163052238e-20
    Average electronic energy       = 0
    Total energy                    = 46.91252852

Stage 1.0  ExecutionTime = 2825.68 s  ClockTime = 1557 s  Iteration 6910 (1.03 s)

Time = 0.002768

    Collision global reduction skipped (rank 0 local diagnostics)
    Collisions                      = 13027
    Collision candidates           = 29877
    Collision acceptance rate      = 0.4360210195

    Number of DSMC particles        = 9432835
    Number of stuck particles       = 0
    Number of free particles        = 9432835
    Average linear kinetic energy   = 4.144451979e-19
    Average rotational energy       = 5.128000038e-20
    Average vibrational energy      = 3.161302345e-20
    Average electronic energy       = 0
    Total energy                    = 46.91309384

Stage 1.0  ExecutionTime = 2830.61 s  ClockTime = 1559 s  Iteration 6920 (1.04 s)

Time = 0.002772

    Collision global reduction skipped (rank 0 local diagnostics)
    Collisions                      = 13042
    Collision candidates           = 29825
    Collision acceptance rate      = 0.4372841576

    Number of DSMC particles        = 9433485
    Number of stuck particles       = 0
    Number of free particles        = 9433485
    Average linear kinetic energy   = 4.144504821e-19
    Average rotational energy       = 5.12832075e-20
    Average vibrational energy      = 3.160366834e-20
    Average electronic energy       = 0
    Total energy                    = 46.91624506

Stage 1.0  ExecutionTime = 2835.53 s  ClockTime = 1562 s  Iteration 6930 (1.02 s)

Time = 0.002776

    Collision global reduction skipped (rank 0 local diagnostics)
    Collisions                      = 13190
    Collision candidates           = 29781
    Collision acceptance rate      = 0.4428998355

    Number of DSMC particles        = 9434293
    Number of stuck particles       = 0
    Number of free particles        = 9434293
    Average linear kinetic energy   = 4.144874228e-19
    Average rotational energy       = 5.128831628e-20
    Average vibrational energy      = 3.159613581e-20
    Average electronic energy       = 0
    Total energy                    = 46.92351998

Stage 1.0  ExecutionTime = 2840.44 s  ClockTime = 1564 s  Iteration 6940 (1.03 s)

Time = 0.00278

    Collision global reduction skipped (rank 0 local diagnostics)
    Collisions                      = 13179
    Collision candidates           = 29679
    Collision acceptance rate      = 0.4440513494


Phase C auto DLB triggered (threshold) at step 6950: sar=0 loadImbalance=1.884041435 threshold=1.5 particleMaxMin=1
Phase C ParMETIS weights: particles=9434450 activeCells=104151 maxCellParticles=295
Phase C ParMETIS: alpha=1 ncon=1 ubvec=[1.05] moveRatio=0.9196591303 (moveT=679.035993s, collT=59.32017684s)
Phase C ParMETIS: AdaptiveRepart (104151 cells, 1 constraints, ubvec=1.05)
Replicated mesh: rank 0 owns 5428 / 104151 cells
Local mesh: 5428 owned + 257 halo = 5685 / 104151 cells
Phase C ParMETIS AdaptiveRepart: 0 / 104151 cells changed (0)
Phase C auto DLB complete: rebalance #137

    Number of DSMC particles        = 9434450
    Number of stuck particles       = 0
    Number of free particles        = 9434450
    Average linear kinetic energy   = 4.144889648e-19
    Average rotational energy       = 5.127427288e-20
    Average vibrational energy      = 3.159885973e-20
    Average electronic energy       = 0
    Total energy                    = 46.9233784

Stage 1.0  ExecutionTime = 2845.52 s  ClockTime = 1567 s  Iteration 6950 (1.21 s)

Time = 0.002784

    Collision global reduction skipped (rank 0 local diagnostics)
    Collisions                      = 13092
    Collision candidates           = 29644
    Collision acceptance rate      = 0.4416408042

    Number of DSMC particles        = 9434071
    Number of stuck particles       = 0
    Number of free particles        = 9434071
    Average linear kinetic energy   = 4.144299192e-19
    Average rotational energy       = 5.1326722e-20
    Average vibrational energy      = 3.160371274e-20
    Average electronic energy       = 0
    Total energy                    = 46.92132892

Stage 1.0  ExecutionTime = 2850.48 s  ClockTime = 1570 s  Iteration 6960 (1.05 s)

Time = 0.002788

    Collision global reduction skipped (rank 0 local diagnostics)
    Collisions                      = 13039
    Collision candidates           = 29770
    Collision acceptance rate      = 0.4379912664

    Number of DSMC particles        = 9434710
    Number of stuck particles       = 0
    Number of free particles        = 9434710
    Average linear kinetic energy   = 4.1450404e-19
    Average rotational energy       = 5.128131761e-20
    Average vibrational energy      = 3.160285013e-20
    Average electronic energy       = 0
    Total energy                    = 46.92713497

Stage 1.0  ExecutionTime = 2855.31 s  ClockTime = 1572 s  Iteration 6970 (0.94 s)

Time = 0.002792

    Collision global reduction skipped (rank 0 local diagnostics)
    Collisions                      = 13076
    Collision candidates           = 29810
    Collision acceptance rate      = 0.4386447501

    Number of DSMC particles        = 9435207
    Number of stuck particles       = 0
    Number of free particles        = 9435207
    Average linear kinetic energy   = 4.144514011e-19
    Average rotational energy       = 5.130135518e-20
    Average vibrational energy      = 3.160261721e-20
    Average electronic energy       = 0
    Total energy                    = 46.92650902

Stage 1.0  ExecutionTime = 2860.22 s  ClockTime = 1575 s  Iteration 6980 (1.01 s)

Time = 0.002796

    Collision global reduction skipped (rank 0 local diagnostics)
    Collisions                      = 13182
    Collision candidates           = 29998
    Collision acceptance rate      = 0.4394292953

    Number of DSMC particles        = 9435434
    Number of stuck particles       = 0
    Number of free particles        = 9435434
    Average linear kinetic energy   = 4.144901563e-19
    Average rotational energy       = 5.131246803e-20
    Average vibrational energy      = 3.159408695e-20
    Average electronic energy       = 0
    Total energy                    = 46.93153841

Stage 1.0  ExecutionTime = 2865.15 s  ClockTime = 1577 s  Iteration 6990 (1.04 s)

Time = 0.0028

    Collision global reduction skipped (rank 0 local diagnostics)
    Collisions                      = 13100
    Collision candidates           = 30003
    Collision acceptance rate      = 0.4366230044


Phase C auto DLB triggered (threshold) at step 7000: sar=0 loadImbalance=1.870173062 threshold=1.5 particleMaxMin=1
Phase C ParMETIS weights: particles=9435381 activeCells=104151 maxCellParticles=297
Phase C ParMETIS: alpha=1 ncon=1 ubvec=[1.05] moveRatio=0.9196529658 (moveT=685.1808414s, collT=59.86198116s)
Phase C ParMETIS: AdaptiveRepart (104151 cells, 1 constraints, ubvec=1.05)
Replicated mesh: rank 0 owns 5428 / 104151 cells
Local mesh: 5428 owned + 257 halo = 5685 / 104151 cells
Phase C ParMETIS AdaptiveRepart: 0 / 104151 cells changed (0)
Phase C auto DLB complete: rebalance #138

    Number of DSMC particles        = 9435381
    Number of stuck particles       = 0
    Number of free particles        = 9435381
    Average linear kinetic energy   = 4.144875445e-19
    Average rotational energy       = 5.131432414e-20
    Average vibrational energy      = 3.159103839e-20
    Average electronic energy       = 0
    Total energy                    = 46.93091584

Stage 1.0  ExecutionTime = 2870.26 s  ClockTime = 1580 s  Iteration 7000 (1.23 s)

Time = 0.002804

    Collision global reduction skipped (rank 0 local diagnostics)
    Collisions                      = 13146
    Collision candidates           = 29844
    Collision acceptance rate      = 0.4404905509

    Number of DSMC particles        = 9435602
    Number of stuck particles       = 0
    Number of free particles        = 9435602
    Average linear kinetic energy   = 4.145171589e-19
    Average rotational energy       = 5.130745734e-20
    Average vibrational energy      = 3.158748195e-20
    Average electronic energy       = 0
    Total energy                    = 46.93382589

Stage 1.0  ExecutionTime = 2875.21 s  ClockTime = 1583 s  Iteration 7010 (1.04 s)

Time = 0.002808

    Collision global reduction skipped (rank 0 local diagnostics)
    Collisions                      = 12947
    Collision candidates           = 29803
    Collision acceptance rate      = 0.4344193538

    Number of DSMC particles        = 9436181
    Number of stuck particles       = 0
    Number of free particles        = 9436181
    Average linear kinetic energy   = 4.144886529e-19
    Average rotational energy       = 5.133558477e-20
    Average vibrational energy      = 3.159096851e-20
    Average electronic energy       = 0
    Total energy                    = 46.93699918

Stage 1.0  ExecutionTime = 2880.13 s  ClockTime = 1585 s  Iteration 7020 (1.04 s)

Time = 0.002812

    Collision global reduction skipped (rank 0 local diagnostics)
    Collisions                      = 12995
    Collision candidates           = 29707
    Collision acceptance rate      = 0.4374389874

    Number of DSMC particles        = 9436041
    Number of stuck particles       = 0
    Number of free particles        = 9436041
    Average linear kinetic energy   = 4.145037806e-19
    Average rotational energy       = 5.13051081e-20
    Average vibrational energy      = 3.159360927e-20
    Average electronic energy       = 0
    Total energy                    = 46.93510364

Stage 1.0  ExecutionTime = 2885.07 s  ClockTime = 1588 s  Iteration 7030 (1.06 s)

Time = 0.002816

    Collision global reduction skipped (rank 0 local diagnostics)
    Collisions                      = 13146
    Collision candidates           = 29930
    Collision acceptance rate      = 0.439224858

    Number of DSMC particles        = 9436708
    Number of stuck particles       = 0
    Number of free particles        = 9436708
    Average linear kinetic energy   = 4.145085958e-19
    Average rotational energy       = 5.1338779e-20
    Average vibrational energy      = 3.15954101e-20
    Average electronic energy       = 0
    Total energy                    = 46.94222308

Stage 1.0  ExecutionTime = 2889.89 s  ClockTime = 1591 s  Iteration 7040 (0.93 s)

Time = 0.00282

    Collision global reduction skipped (rank 0 local diagnostics)
    Collisions                      = 13177
    Collision candidates           = 29936
    Collision acceptance rate      = 0.4401723677


Phase C auto DLB triggered (threshold) at step 7050: sar=0 loadImbalance=1.843484222 threshold=1.5 particleMaxMin=1
Phase C ParMETIS weights: particles=9437121 activeCells=104151 maxCellParticles=285
Phase C ParMETIS: alpha=1 ncon=1 ubvec=[1.05] moveRatio=0.9196481551 (moveT=691.3182404s, collT=60.40211762s)
Phase C ParMETIS: AdaptiveRepart (104151 cells, 1 constraints, ubvec=1.05)
Replicated mesh: rank 0 owns 5428 / 104151 cells
Local mesh: 5428 owned + 257 halo = 5685 / 104151 cells
Phase C ParMETIS AdaptiveRepart: 0 / 104151 cells changed (0)
Phase C auto DLB complete: rebalance #139

    Number of DSMC particles        = 9437121
    Number of stuck particles       = 0
    Number of free particles        = 9437121
    Average linear kinetic energy   = 4.145622358e-19
    Average rotational energy       = 5.127708589e-20
    Average vibrational energy      = 3.161111581e-20
    Average electronic energy       = 0
    Total energy                    = 46.9449997

Stage 1.0  ExecutionTime = 2894.97 s  ClockTime = 1593 s  Iteration 7050 (1.17 s)

Time = 0.002824

    Collision global reduction skipped (rank 0 local diagnostics)
    Collisions                      = 13398
    Collision candidates           = 30247
    Collision acceptance rate      = 0.4429530201

    Number of DSMC particles        = 9437743
    Number of stuck particles       = 0
    Number of free particles        = 9437743
    Average linear kinetic energy   = 4.145550946e-19
    Average rotational energy       = 5.127786847e-20
    Average vibrational energy      = 3.162110717e-20
    Average electronic energy       = 0
    Total energy                    = 46.94843669

Stage 1.0  ExecutionTime = 2899.95 s  ClockTime = 1596 s  Iteration 7060 (1.05 s)

Time = 0.002828

    Collision global reduction skipped (rank 0 local diagnostics)
    Collisions                      = 13244
    Collision candidates           = 30292
    Collision acceptance rate      = 0.4372111449

    Number of DSMC particles        = 9437993
    Number of stuck particles       = 0
    Number of free particles        = 9437993
    Average linear kinetic energy   = 4.1449367e-19
    Average rotational energy       = 5.130581535e-20
    Average vibrational energy      = 3.161741096e-20
    Average electronic energy       = 0
    Total energy                    = 46.94617186

Stage 1.0  ExecutionTime = 2904.82 s  ClockTime = 1598 s  Iteration 7070 (0.97 s)

Time = 0.002832

    Collision global reduction skipped (rank 0 local diagnostics)
    Collisions                      = 13197
    Collision candidates           = 30045
    Collision acceptance rate      = 0.4392411383

    Number of DSMC particles        = 9438285
    Number of stuck particles       = 0
    Number of free particles        = 9438285
    Average linear kinetic energy   = 4.144409684e-19
    Average rotational energy       = 5.13230722e-20
    Average vibrational energy      = 3.16281063e-20
    Average electronic energy       = 0
    Total energy                    = 46.94528839

Stage 1.0  ExecutionTime = 2909.67 s  ClockTime = 1601 s  Iteration 7080 (0.96 s)

Time = 0.002836

    Collision global reduction skipped (rank 0 local diagnostics)
    Collisions                      = 13246
    Collision candidates           = 29829
    Collision acceptance rate      = 0.444064501

    Number of DSMC particles        = 9439196
    Number of stuck particles       = 0
    Number of free particles        = 9439196
    Average linear kinetic energy   = 4.144601207e-19
    Average rotational energy       = 5.130705431e-20
    Average vibrational energy      = 3.163146194e-20
    Average electronic energy       = 0
    Total energy                    = 46.95043224

Stage 1.0  ExecutionTime = 2914.58 s  ClockTime = 1604 s  Iteration 7090 (1.02 s)

Time = 0.00284

    Collision global reduction skipped (rank 0 local diagnostics)
    Collisions                      = 13032
    Collision candidates           = 29896
    Collision acceptance rate      = 0.4359111587


Phase C auto DLB triggered (threshold) at step 7100: sar=0 loadImbalance=1.858854265 threshold=1.5 particleMaxMin=1
Phase C ParMETIS weights: particles=9439361 activeCells=104151 maxCellParticles=292
Phase C ParMETIS: alpha=1 ncon=1 ubvec=[1.05] moveRatio=0.9196395183 (moveT=697.4634034s, collT=60.94615766s)
Phase C ParMETIS: AdaptiveRepart (104151 cells, 1 constraints, ubvec=1.05)
Replicated mesh: rank 0 owns 5428 / 104151 cells
Local mesh: 5428 owned + 257 halo = 5685 / 104151 cells
Phase C ParMETIS AdaptiveRepart: 0 / 104151 cells changed (0)
Phase C auto DLB complete: rebalance #140

    Number of DSMC particles        = 9439361
    Number of stuck particles       = 0
    Number of free particles        = 9439361
    Average linear kinetic energy   = 4.144428553e-19
    Average rotational energy       = 5.133591297e-20
    Average vibrational energy      = 3.164008237e-20
    Average electronic energy       = 0
    Total energy                    = 46.953161

Stage 1.0  ExecutionTime = 2919.67 s  ClockTime = 1606 s  Iteration 7100 (1.21 s)

Time = 0.002844

    Collision global reduction skipped (rank 0 local diagnostics)
    Collisions                      = 13086
    Collision candidates           = 29748
    Collision acceptance rate      = 0.439895119

    Number of DSMC particles        = 9439353
    Number of stuck particles       = 0
    Number of free particles        = 9439353
    Average linear kinetic energy   = 4.144466243e-19
    Average rotational energy       = 5.131193055e-20
    Average vibrational energy      = 3.164156589e-20
    Average electronic energy       = 0
    Total energy                    = 46.95135322

Stage 1.0  ExecutionTime = 2924.63 s  ClockTime = 1609 s  Iteration 7110 (1.03 s)

Time = 0.002848

    Collision global reduction skipped (rank 0 local diagnostics)
    Collisions                      = 12985
    Collision candidates           = 29724
    Collision acceptance rate      = 0.4368523752

    Number of DSMC particles        = 9439744
    Number of stuck particles       = 0
    Number of free particles        = 9439744
    Average linear kinetic energy   = 4.14413945e-19
    Average rotational energy       = 5.131123365e-20
    Average vibrational energy      = 3.165744263e-20
    Average electronic energy       = 0
    Total energy                    = 46.95164615

Stage 1.0  ExecutionTime = 2929.57 s  ClockTime = 1612 s  Iteration 7120 (1.07 s)

Time = 0.002852

    Collision global reduction skipped (rank 0 local diagnostics)
    Collisions                      = 13166
    Collision candidates           = 29883
    Collision acceptance rate      = 0.440584948

    Number of DSMC particles        = 9439934
    Number of stuck particles       = 0
    Number of free particles        = 9439934
    Average linear kinetic energy   = 4.144517374e-19
    Average rotational energy       = 5.129140851e-20
    Average vibrational energy      = 3.163099377e-20
    Average electronic energy       = 0
    Total energy                    = 46.95179052

Stage 1.0  ExecutionTime = 2934.47 s  ClockTime = 1614 s  Iteration 7130 (1.02 s)

Time = 0.002856

    Collision global reduction skipped (rank 0 local diagnostics)
    Collisions                      = 13176
    Collision candidates           = 29893
    Collision acceptance rate      = 0.4407720871

    Number of DSMC particles        = 9440142
    Number of stuck particles       = 0
    Number of free particles        = 9440142
    Average linear kinetic energy   = 4.14440435e-19
    Average rotational energy       = 5.129351914e-20
    Average vibrational energy      = 3.163657205e-20
    Average electronic energy       = 0
    Total energy                    = 46.95248394

Stage 1.0  ExecutionTime = 2939.38 s  ClockTime = 1617 s  Iteration 7140 (1.02 s)

Time = 0.00286

    Collision global reduction skipped (rank 0 local diagnostics)
    Collisions                      = 13075
    Collision candidates           = 29996
    Collision acceptance rate      = 0.4358914522


Phase C auto DLB triggered (threshold) at step 7150: sar=0 loadImbalance=1.879010255 threshold=1.5 particleMaxMin=1
Phase C ParMETIS weights: particles=9440676 activeCells=104151 maxCellParticles=294
Phase C ParMETIS: alpha=1 ncon=1 ubvec=[1.05] moveRatio=0.9196319295 (moveT=703.6015121s, collT=61.48883498s)
Phase C ParMETIS: AdaptiveRepart (104151 cells, 1 constraints, ubvec=1.05)
Replicated mesh: rank 0 owns 5428 / 104151 cells
Local mesh: 5428 owned + 257 halo = 5685 / 104151 cells
Phase C ParMETIS AdaptiveRepart: 0 / 104151 cells changed (0)
Phase C auto DLB complete: rebalance #141

    Number of DSMC particles        = 9440676
    Number of stuck particles       = 0
    Number of free particles        = 9440676
    Average linear kinetic energy   = 4.144778919e-19
    Average rotational energy       = 5.128514743e-20
    Average vibrational energy      = 3.16313247e-20
    Average electronic energy       = 0
    Total energy                    = 46.95739035

Stage 1.0  ExecutionTime = 2944.47 s  ClockTime = 1619 s  Iteration 7150 (1.2 s)

Time = 0.002864

    Collision global reduction skipped (rank 0 local diagnostics)
    Collisions                      = 13028
    Collision candidates           = 29920
    Collision acceptance rate      = 0.4354278075

    Number of DSMC particles        = 9440794
    Number of stuck particles       = 0
    Number of free particles        = 9440794
    Average linear kinetic energy   = 4.144777856e-19
    Average rotational energy       = 5.129830016e-20
    Average vibrational energy      = 3.162839529e-20
    Average electronic energy       = 0
    Total energy                    = 46.9589324

Stage 1.0  ExecutionTime = 2949.44 s  ClockTime = 1622 s  Iteration 7160 (1.05 s)

Time = 0.002868

    Collision global reduction skipped (rank 0 local diagnostics)
    Collisions                      = 13185
    Collision candidates           = 29779
    Collision acceptance rate      = 0.4427616777

    Number of DSMC particles        = 9441427
    Number of stuck particles       = 0
    Number of free particles        = 9441427
    Average linear kinetic energy   = 4.144110222e-19
    Average rotational energy       = 5.132623202e-20
    Average vibrational energy      = 3.162889141e-20
    Average electronic energy       = 0
    Total energy                    = 46.95846156

Stage 1.0  ExecutionTime = 2954.41 s  ClockTime = 1625 s  Iteration 7170 (1.06 s)

Time = 0.002872

    Collision global reduction skipped (rank 0 local diagnostics)
    Collisions                      = 13154
    Collision candidates           = 30093
    Collision acceptance rate      = 0.4371116206

    Number of DSMC particles        = 9441126
    Number of stuck particles       = 0
    Number of free particles        = 9441126
    Average linear kinetic energy   = 4.143876803e-19
    Average rotational energy       = 5.129430955e-20
    Average vibrational energy      = 3.160953608e-20
    Average electronic energy       = 0
    Total energy                    = 46.94991955

Stage 1.0  ExecutionTime = 2959.36 s  ClockTime = 1627 s  Iteration 7180 (1.05 s)

Time = 0.002876

    Collision global reduction skipped (rank 0 local diagnostics)
    Collisions                      = 13173
    Collision candidates           = 30128
    Collision acceptance rate      = 0.4372344663

    Number of DSMC particles        = 9441151
    Number of stuck particles       = 0
    Number of free particles        = 9441151
    Average linear kinetic energy   = 4.144375205e-19
    Average rotational energy       = 5.125674299e-20
    Average vibrational energy      = 3.162046846e-20
    Average electronic energy       = 0
    Total energy                    = 46.95223479

Stage 1.0  ExecutionTime = 2964.24 s  ClockTime = 1630 s  Iteration 7190 (0.97 s)

Time = 0.00288

    Collision global reduction skipped (rank 0 local diagnostics)
    Collisions                      = 13215
    Collision candidates           = 30058
    Collision acceptance rate      = 0.43965001


Phase C auto DLB triggered (threshold) at step 7200: sar=0 loadImbalance=1.848414328 threshold=1.5 particleMaxMin=1
Phase C ParMETIS weights: particles=9441368 activeCells=104151 maxCellParticles=295
Phase C ParMETIS: alpha=1 ncon=1 ubvec=[1.05] moveRatio=0.9196240599 (moveT=709.7538185s, collT=62.03309908s)
Phase C ParMETIS: AdaptiveRepart (104151 cells, 1 constraints, ubvec=1.05)
Replicated mesh: rank 0 owns 5428 / 104151 cells
Local mesh: 5428 owned + 257 halo = 5685 / 104151 cells
Phase C ParMETIS AdaptiveRepart: 0 / 104151 cells changed (0)
Phase C auto DLB complete: rebalance #142

    Number of DSMC particles        = 9441368
    Number of stuck particles       = 0
    Number of free particles        = 9441368
    Average linear kinetic energy   = 4.144039764e-19
    Average rotational energy       = 5.131190891e-20
    Average vibrational energy      = 3.163177727e-20
    Average electronic energy       = 0
    Total energy                    = 46.95642306

Stage 1.0  ExecutionTime = 2969.28 s  ClockTime = 1633 s  Iteration 7200 (1.15 s)

Time = 0.002884

    Collision global reduction skipped (rank 0 local diagnostics)
    Collisions                      = 13059
    Collision candidates           = 29991
    Collision acceptance rate      = 0.4354306292

    Number of DSMC particles        = 9441942
    Number of stuck particles       = 0
    Number of free particles        = 9441942
    Average linear kinetic energy   = 4.143621273e-19
    Average rotational energy       = 5.131940633e-20
    Average vibrational energy      = 3.16274173e-20
    Average electronic energy       = 0
    Total energy                    = 46.9556227

Stage 1.0  ExecutionTime = 2974.18 s  ClockTime = 1635 s  Iteration 7210 (0.99 s)

Time = 0.002888

    Collision global reduction skipped (rank 0 local diagnostics)
    Collisions                      = 13144
    Collision candidates           = 30013
    Collision acceptance rate      = 0.4379435578

    Number of DSMC particles        = 9442579
    Number of stuck particles       = 0
    Number of free particles        = 9442579
    Average linear kinetic energy   = 4.143747496e-19
    Average rotational energy       = 5.127835927e-20
    Average vibrational energy      = 3.164303223e-20
    Average electronic energy       = 0
    Total energy                    = 46.95758098

Stage 1.0  ExecutionTime = 2979.13 s  ClockTime = 1638 s  Iteration 7220 (1.05 s)

Time = 0.002892

    Collision global reduction skipped (rank 0 local diagnostics)
    Collisions                      = 13196
    Collision candidates           = 29888
    Collision acceptance rate      = 0.4415149893

    Number of DSMC particles        = 9442859
    Number of stuck particles       = 0
    Number of free particles        = 9442859
    Average linear kinetic energy   = 4.14370898e-19
    Average rotational energy       = 5.127774268e-20
    Average vibrational energy      = 3.163606964e-20
    Average electronic energy       = 0
    Total energy                    = 46.95789402

Stage 1.0  ExecutionTime = 2984.09 s  ClockTime = 1640 s  Iteration 7230 (1.06 s)

Time = 0.002896

    Collision global reduction skipped (rank 0 local diagnostics)
    Collisions                      = 13157
    Collision candidates           = 29948
    Collision acceptance rate      = 0.4393281688

    Number of DSMC particles        = 9443692
    Number of stuck particles       = 0
    Number of free particles        = 9443692
    Average linear kinetic energy   = 4.143186041e-19
    Average rotational energy       = 5.127785995e-20
    Average vibrational energy      = 3.16268947e-20
    Average electronic energy       = 0
    Total energy                    = 46.95624255

Stage 1.0  ExecutionTime = 2989.04 s  ClockTime = 1643 s  Iteration 7240 (1.04 s)

Time = 0.0029

    Collision global reduction skipped (rank 0 local diagnostics)
    Collisions                      = 13208
    Collision candidates           = 30023
    Collision acceptance rate      = 0.4399293875


Phase C auto DLB triggered (threshold) at step 7250: sar=0 loadImbalance=1.881193213 threshold=1.5 particleMaxMin=1
Phase C ParMETIS weights: particles=9444368 activeCells=104151 maxCellParticles=290
Phase C ParMETIS: alpha=1 ncon=1 ubvec=[1.05] moveRatio=0.9196156888 (moveT=715.8968362s, collT=62.57709036s)
Phase C ParMETIS: AdaptiveRepart (104151 cells, 1 constraints, ubvec=1.05)
Replicated mesh: rank 0 owns 5428 / 104151 cells
Local mesh: 5428 owned + 257 halo = 5685 / 104151 cells
Phase C ParMETIS AdaptiveRepart: 0 / 104151 cells changed (0)
Phase C auto DLB complete: rebalance #143

    Number of DSMC particles        = 9444368
    Number of stuck particles       = 0
    Number of free particles        = 9444368
    Average linear kinetic energy   = 4.142944164e-19
    Average rotational energy       = 5.128893998e-20
    Average vibrational energy      = 3.162887305e-20
    Average electronic energy       = 0
    Total energy                    = 46.95855269

Stage 1.0  ExecutionTime = 2994.14 s  ClockTime = 1646 s  Iteration 7250 (1.2 s)

Time = 0.002904

    Collision global reduction skipped (rank 0 local diagnostics)
    Collisions                      = 13256
    Collision candidates           = 30272
    Collision acceptance rate      = 0.4378964059

    Number of DSMC particles        = 9444394
    Number of stuck particles       = 0
    Number of free particles        = 9444394
    Average linear kinetic energy   = 4.142609464e-19
    Average rotational energy       = 5.130426632e-20
    Average vibrational energy      = 3.163172944e-20
    Average electronic energy       = 0
    Total energy                    = 46.95723817

Stage 1.0  ExecutionTime = 2999.11 s  ClockTime = 1648 s  Iteration 7260 (1.05 s)

Time = 0.002908

    Collision global reduction skipped (rank 0 local diagnostics)
    Collisions                      = 13339
    Collision candidates           = 30174
    Collision acceptance rate      = 0.4420693312

    Number of DSMC particles        = 9445504
    Number of stuck particles       = 0
    Number of free particles        = 9445504
    Average linear kinetic energy   = 4.142556682e-19
    Average rotational energy       = 5.131028642e-20
    Average vibrational energy      = 3.162898577e-20
    Average electronic energy       = 0
    Total energy                    = 46.96256798

Stage 1.0  ExecutionTime = 3004.08 s  ClockTime = 1651 s  Iteration 7270 (1.06 s)

Time = 0.002912

    Collision global reduction skipped (rank 0 local diagnostics)
    Collisions                      = 13184
    Collision candidates           = 30123
    Collision acceptance rate      = 0.4376722106

    Number of DSMC particles        = 9445902
    Number of stuck particles       = 0
    Number of free particles        = 9445902
    Average linear kinetic energy   = 4.142585738e-19
    Average rotational energy       = 5.13024911e-20
    Average vibrational energy      = 3.162963895e-20
    Average electronic energy       = 0
    Total energy                    = 46.96414664

Stage 1.0  ExecutionTime = 3009.02 s  ClockTime = 1654 s  Iteration 7280 (1.03 s)

Time = 0.002916

    Collision global reduction skipped (rank 0 local diagnostics)
    Collisions                      = 13095
    Collision candidates           = 30024
    Collision acceptance rate      = 0.4361510791

    Number of DSMC particles        = 9445964
    Number of stuck particles       = 0
    Number of free particles        = 9445964
    Average linear kinetic energy   = 4.142548299e-19
    Average rotational energy       = 5.130064652e-20
    Average vibrational energy      = 3.163017843e-20
    Average electronic energy       = 0
    Total energy                    = 46.96397797

Stage 1.0  ExecutionTime = 3013.96 s  ClockTime = 1656 s  Iteration 7290 (1.04 s)

Time = 0.00292

    Collision global reduction skipped (rank 0 local diagnostics)
    Collisions                      = 13052
    Collision candidates           = 29916
    Collision acceptance rate      = 0.4362882738


Phase C auto DLB triggered (threshold) at step 7300: sar=0 loadImbalance=1.852594958 threshold=1.5 particleMaxMin=1
Phase C ParMETIS weights: particles=9446142 activeCells=104151 maxCellParticles=287
Phase C ParMETIS: alpha=1 ncon=1 ubvec=[1.05] moveRatio=0.9196066069 (moveT=722.0399692s, collT=63.12182041s)
Phase C ParMETIS: AdaptiveRepart (104151 cells, 1 constraints, ubvec=1.05)
Replicated mesh: rank 0 owns 5428 / 104151 cells
Local mesh: 5428 owned + 257 halo = 5685 / 104151 cells
Phase C ParMETIS AdaptiveRepart: 0 / 104151 cells changed (0)
Phase C auto DLB complete: rebalance #144

    Number of DSMC particles        = 9446142
    Number of stuck particles       = 0
    Number of free particles        = 9446142
    Average linear kinetic energy   = 4.142345167e-19
    Average rotational energy       = 5.130720608e-20
    Average vibrational energy      = 3.162355518e-20
    Average electronic energy       = 0
    Total energy                    = 46.96293813

Stage 1.0  ExecutionTime = 3019.08 s  ClockTime = 1659 s  Iteration 7300 (1.23 s)

Time = 0.002924

    Collision global reduction skipped (rank 0 local diagnostics)
    Collisions                      = 13043
    Collision candidates           = 30075
    Collision acceptance rate      = 0.4336824605

    Number of DSMC particles        = 9446779
    Number of stuck particles       = 0
    Number of free particles        = 9446779
    Average linear kinetic energy   = 4.14277035e-19
    Average rotational energy       = 5.12620776e-20
    Average vibrational energy      = 3.162220356e-20
    Average electronic energy       = 0
    Total energy                    = 46.96573081

Stage 1.0  ExecutionTime = 3024.02 s  ClockTime = 1662 s  Iteration 7310 (1.01 s)

Time = 0.002928

    Collision global reduction skipped (rank 0 local diagnostics)
    Collisions                      = 13125
    Collision candidates           = 30165
    Collision acceptance rate      = 0.435106912

    Number of DSMC particles        = 9446893
    Number of stuck particles       = 0
    Number of free particles        = 9446893
    Average linear kinetic energy   = 4.142519637e-19
    Average rotational energy       = 5.128996689e-20
    Average vibrational energy      = 3.163734822e-20
    Average electronic energy       = 0
    Total energy                    = 46.96799449

Stage 1.0  ExecutionTime = 3028.95 s  ClockTime = 1664 s  Iteration 7320 (1.01 s)

Time = 0.002932

    Collision global reduction skipped (rank 0 local diagnostics)
    Collisions                      = 13022
    Collision candidates           = 29899
    Collision acceptance rate      = 0.435532961

    Number of DSMC particles        = 9447450
    Number of stuck particles       = 0
    Number of free particles        = 9447450
    Average linear kinetic energy   = 4.142285924e-19
    Average rotational energy       = 5.127332697e-20
    Average vibrational energy      = 3.162634515e-20
    Average electronic energy       = 0
    Total energy                    = 46.96594423

Stage 1.0  ExecutionTime = 3033.89 s  ClockTime = 1667 s  Iteration 7330 (1.04 s)

Time = 0.002936

    Collision global reduction skipped (rank 0 local diagnostics)
    Collisions                      = 12882
    Collision candidates           = 29953
    Collision acceptance rate      = 0.4300737823

    Number of DSMC particles        = 9447520
    Number of stuck particles       = 0
    Number of free particles        = 9447520
    Average linear kinetic energy   = 4.142141796e-19
    Average rotational energy       = 5.129845253e-20
    Average vibrational energy      = 3.162245603e-20
    Average electronic energy       = 0
    Total energy                    = 46.96693688

Stage 1.0  ExecutionTime = 3038.85 s  ClockTime = 1669 s  Iteration 7340 (1.07 s)

Time = 0.00294

    Collision global reduction skipped (rank 0 local diagnostics)
    Collisions                      = 13100
    Collision candidates           = 29946
    Collision acceptance rate      = 0.437454084


Phase C auto DLB triggered (threshold) at step 7350: sar=0 loadImbalance=1.850793421 threshold=1.5 particleMaxMin=1
Phase C ParMETIS weights: particles=9447685 activeCells=104151 maxCellParticles=294
Phase C ParMETIS: alpha=1 ncon=1 ubvec=[1.05] moveRatio=0.9196015947 (moveT=728.1889975s, collT=63.66369361s)
Phase C ParMETIS: AdaptiveRepart (104151 cells, 1 constraints, ubvec=1.05)
Replicated mesh: rank 0 owns 5428 / 104151 cells
Local mesh: 5428 owned + 257 halo = 5685 / 104151 cells
Phase C ParMETIS AdaptiveRepart: 0 / 104151 cells changed (0)
Phase C auto DLB complete: rebalance #145

    Number of DSMC particles        = 9447685
    Number of stuck particles       = 0
    Number of free particles        = 9447685
    Average linear kinetic energy   = 4.142031646e-19
    Average rotational energy       = 5.128229151e-20
    Average vibrational energy      = 3.163007553e-20
    Average electronic energy       = 0
    Total energy                    = 46.96590952

Stage 1.0  ExecutionTime = 3043.95 s  ClockTime = 1672 s  Iteration 7350 (1.22 s)

Time = 0.002944

    Collision global reduction skipped (rank 0 local diagnostics)
    Collisions                      = 13219
    Collision candidates           = 30220
    Collision acceptance rate      = 0.437425546

    Number of DSMC particles        = 9448245
    Number of stuck particles       = 0
    Number of free particles        = 9448245
    Average linear kinetic energy   = 4.14148056e-19
    Average rotational energy       = 5.129709075e-20
    Average vibrational energy      = 3.163648958e-20
    Average electronic energy       = 0
    Total energy                    = 46.96549085

Stage 1.0  ExecutionTime = 3048.93 s  ClockTime = 1675 s  Iteration 7360 (1.06 s)

Time = 0.002948

    Collision global reduction skipped (rank 0 local diagnostics)
    Collisions                      = 13163
    Collision candidates           = 30329
    Collision acceptance rate      = 0.434007056

    Number of DSMC particles        = 9448291
    Number of stuck particles       = 0
    Number of free particles        = 9448291
    Average linear kinetic energy   = 4.14148412e-19
    Average rotational energy       = 5.129260098e-20
    Average vibrational energy      = 3.163181344e-20
    Average electronic energy       = 0
    Total energy                    = 46.96488712

Stage 1.0  ExecutionTime = 3053.87 s  ClockTime = 1677 s  Iteration 7370 (1.03 s)

Time = 0.002952

    Collision global reduction skipped (rank 0 local diagnostics)
    Collisions                      = 13324
    Collision candidates           = 30237
    Collision acceptance rate      = 0.4406521811

    Number of DSMC particles        = 9448165
    Number of stuck particles       = 0
    Number of free particles        = 9448165
    Average linear kinetic energy   = 4.141762697e-19
    Average rotational energy       = 5.128987622e-20
    Average vibrational energy      = 3.163782537e-20
    Average electronic energy       = 0
    Total energy                    = 46.96720343

Stage 1.0  ExecutionTime = 3058.84 s  ClockTime = 1680 s  Iteration 7380 (1.04 s)

Time = 0.002956

    Collision global reduction skipped (rank 0 local diagnostics)
    Collisions                      = 12987
    Collision candidates           = 30119
    Collision acceptance rate      = 0.4311896145

    Number of DSMC particles        = 9448449
    Number of stuck particles       = 0
    Number of free particles        = 9448449
    Average linear kinetic energy   = 4.141990935e-19
    Average rotational energy       = 5.127910721e-20
    Average vibrational energy      = 3.16514226e-20
    Average electronic energy       = 0
    Total energy                    = 46.97103892

Stage 1.0  ExecutionTime = 3063.73 s  ClockTime = 1683 s  Iteration 7390 (0.99 s)

Time = 0.00296

    Collision global reduction skipped (rank 0 local diagnostics)
    Collisions                      = 13134
    Collision candidates           = 30030
    Collision acceptance rate      = 0.4373626374


Phase C auto DLB triggered (threshold) at step 7400: sar=0 loadImbalance=1.840833275 threshold=1.5 particleMaxMin=1
Phase C ParMETIS weights: particles=9448377 activeCells=104151 maxCellParticles=285
Phase C ParMETIS: alpha=1 ncon=1 ubvec=[1.05] moveRatio=0.9195974179 (moveT=734.3518205s, collT=64.20612044s)
Phase C ParMETIS: AdaptiveRepart (104151 cells, 1 constraints, ubvec=1.05)
Replicated mesh: rank 0 owns 5428 / 104151 cells
Local mesh: 5428 owned + 257 halo = 5685 / 104151 cells
Phase C ParMETIS AdaptiveRepart: 0 / 104151 cells changed (0)
Phase C auto DLB complete: rebalance #146

    Number of DSMC particles        = 9448377
    Number of stuck particles       = 0
    Number of free particles        = 9448377
    Average linear kinetic energy   = 4.141732735e-19
    Average rotational energy       = 5.12666701e-20
    Average vibrational energy      = 3.166136071e-20
    Average electronic energy       = 0
    Total energy                    = 46.9680053

Stage 1.0  ExecutionTime = 3068.77 s  ClockTime = 1685 s  Iteration 7400 (1.13 s)

Time = 0.002964

    Collision global reduction skipped (rank 0 local diagnostics)
    Collisions                      = 13385
    Collision candidates           = 30435
    Collision acceptance rate      = 0.4397897158

    Number of DSMC particles        = 9449047
    Number of stuck particles       = 0
    Number of free particles        = 9449047
    Average linear kinetic energy   = 4.141631315e-19
    Average rotational energy       = 5.124402423e-20
    Average vibrational energy      = 3.16629363e-20
    Average electronic energy       = 0
    Total energy                    = 46.96838661

Stage 1.0  ExecutionTime = 3073.69 s  ClockTime = 1688 s  Iteration 7410 (0.99 s)

Time = 0.002968

    Collision global reduction skipped (rank 0 local diagnostics)
    Collisions                      = 13200
    Collision candidates           = 30327
    Collision acceptance rate      = 0.4352557127

    Number of DSMC particles        = 9449740
    Number of stuck particles       = 0
    Number of free particles        = 9449740
    Average linear kinetic energy   = 4.141839778e-19
    Average rotational energy       = 5.125221301e-20
    Average vibrational energy      = 3.164808426e-20
    Average electronic energy       = 0
    Total energy                    = 46.97317157

Stage 1.0  ExecutionTime = 3078.65 s  ClockTime = 1690 s  Iteration 7420 (1.05 s)

Time = 0.002972

    Collision global reduction skipped (rank 0 local diagnostics)
    Collisions                      = 13334
    Collision candidates           = 30331
    Collision acceptance rate      = 0.4396162342

    Number of DSMC particles        = 9449458
    Number of stuck particles       = 0
    Number of free particles        = 9449458
    Average linear kinetic energy   = 4.141881665e-19
    Average rotational energy       = 5.124177309e-20
    Average vibrational energy      = 3.165728499e-20
    Average electronic energy       = 0
    Total energy                    = 46.97204851

Stage 1.0  ExecutionTime = 3083.61 s  ClockTime = 1693 s  Iteration 7430 (1.06 s)

Time = 0.002976

    Collision global reduction skipped (rank 0 local diagnostics)
    Collisions                      = 13308
    Collision candidates           = 30456
    Collision acceptance rate      = 0.4369582348

    Number of DSMC particles        = 9449685
    Number of stuck particles       = 0
    Number of free particles        = 9449685
    Average linear kinetic energy   = 4.141466978e-19
    Average rotational energy       = 5.127401127e-20
    Average vibrational energy      = 3.165585929e-20
    Average electronic energy       = 0
    Total energy                    = 46.97216992

Stage 1.0  ExecutionTime = 3088.51 s  ClockTime = 1696 s  Iteration 7440 (1 s)

Time = 0.00298

    Collision global reduction skipped (rank 0 local diagnostics)
    Collisions                      = 13242
    Collision candidates           = 30258
    Collision acceptance rate      = 0.4376363276


Phase C auto DLB triggered (threshold) at step 7450: sar=0 loadImbalance=1.860001163 threshold=1.5 particleMaxMin=1
Phase C ParMETIS weights: particles=9449393 activeCells=104151 maxCellParticles=286
Phase C ParMETIS: alpha=1 ncon=1 ubvec=[1.05] moveRatio=0.9195885279 (moveT=740.5108283s, collT=64.75240176s)
Phase C ParMETIS: AdaptiveRepart (104151 cells, 1 constraints, ubvec=1.05)
Replicated mesh: rank 0 owns 5428 / 104151 cells
Local mesh: 5428 owned + 257 halo = 5685 / 104151 cells
Phase C ParMETIS AdaptiveRepart: 0 / 104151 cells changed (0)
Phase C auto DLB complete: rebalance #147

    Number of DSMC particles        = 9449393
    Number of stuck particles       = 0
    Number of free particles        = 9449393
    Average linear kinetic energy   = 4.141796901e-19
    Average rotational energy       = 5.12521607e-20
    Average vibrational energy      = 3.165277253e-20
    Average electronic energy       = 0
    Total energy                    = 46.9714796

Stage 1.0  ExecutionTime = 3093.65 s  ClockTime = 1698 s  Iteration 7450 (1.22 s)

Time = 0.002984

    Collision global reduction skipped (rank 0 local diagnostics)
    Collisions                      = 13428
    Collision candidates           = 30458
    Collision acceptance rate      = 0.4408693939

    Number of DSMC particles        = 9449556
    Number of stuck particles       = 0
    Number of free particles        = 9449556
    Average linear kinetic energy   = 4.14152013e-19
    Average rotational energy       = 5.127191248e-20
    Average vibrational energy      = 3.165322383e-20
    Average electronic energy       = 0
    Total energy                    = 46.97158359

Stage 1.0  ExecutionTime = 3098.64 s  ClockTime = 1701 s  Iteration 7460 (1.06 s)

Time = 0.002988

    Collision global reduction skipped (rank 0 local diagnostics)
    Collisions                      = 13119
    Collision candidates           = 30275
    Collision acceptance rate      = 0.4333278282

    Number of DSMC particles        = 9449885
    Number of stuck particles       = 0
    Number of free particles        = 9449885
    Average linear kinetic energy   = 4.141222005e-19
    Average rotational energy       = 5.128815802e-20
    Average vibrational energy      = 3.16561759e-20
    Average electronic energy       = 0
    Total energy                    = 46.97221588

Stage 1.0  ExecutionTime = 3103.6 s  ClockTime = 1704 s  Iteration 7470 (1.05 s)

Time = 0.002992

    Collision global reduction skipped (rank 0 local diagnostics)
    Collisions                      = 13161
    Collision candidates           = 30103
    Collision acceptance rate      = 0.4371989503

    Number of DSMC particles        = 9450069
    Number of stuck particles       = 0
    Number of free particles        = 9450069
    Average linear kinetic energy   = 4.140843216e-19
    Average rotational energy       = 5.127817986e-20
    Average vibrational energy      = 3.1653774e-20
    Average electronic energy       = 0
    Total energy                    = 46.96838097

Stage 1.0  ExecutionTime = 3108.57 s  ClockTime = 1706 s  Iteration 7480 (1.07 s)

Time = 0.002996

    Collision global reduction skipped (rank 0 local diagnostics)
    Collisions                      = 13327
    Collision candidates           = 30373
    Collision acceptance rate      = 0.4387778619

    Number of DSMC particles        = 9450225
    Number of stuck particles       = 0
    Number of free particles        = 9450225
    Average linear kinetic energy   = 4.140558718e-19
    Average rotational energy       = 5.128717387e-20
    Average vibrational energy      = 3.165210124e-20
    Average electronic energy       = 0
    Total energy                    = 46.96715962

Stage 1.0  ExecutionTime = 3113.54 s  ClockTime = 1709 s  Iteration 7490 (1.05 s)

Time = 0.003

    Collision global reduction skipped (rank 0 local diagnostics)
    Collisions                      = 13300
    Collision candidates           = 30286
    Collision acceptance rate      = 0.4391468005


Phase C auto DLB triggered (threshold) at step 7500: sar=0 loadImbalance=1.891742294 threshold=1.5 particleMaxMin=1
Phase C ParMETIS weights: particles=9450607 activeCells=104151 maxCellParticles=290
Phase C ParMETIS: alpha=1 ncon=1 ubvec=[1.05] moveRatio=0.9195825458 (moveT=746.6589491s, collT=65.29529307s)
Phase C ParMETIS: AdaptiveRepart (104151 cells, 1 constraints, ubvec=1.05)
Replicated mesh: rank 0 owns 5428 / 104151 cells
Local mesh: 5428 owned + 257 halo = 5685 / 104151 cells
Phase C ParMETIS AdaptiveRepart: 0 / 104151 cells changed (0)
Phase C auto DLB complete: rebalance #148

    Number of DSMC particles        = 9450607
    Number of stuck particles       = 0
    Number of free particles        = 9450607
    Average linear kinetic energy   = 4.140559062e-19
    Average rotational energy       = 5.127612619e-20
    Average vibrational energy      = 3.165906634e-20
    Average electronic energy       = 0
    Total energy                    = 46.96867557
Replicated mesh: wrote gathered cloud on rank0 at output time 0.003 with 9450607 parcels
Written cellOwner field at output time 0.003
Replicated mesh output timing:
    gather parcels [s]       = 1.35
    rank0 write [s]           = 22.4
    migrate-back [s]          = 1.2


Stage 1.0  ExecutionTime = 3146.38 s  ClockTime = 1739 s  Iteration 7500 (28.94 s)

    Maximum imbalance = 7.309911416%

Time = 0.003004

    Collision global reduction skipped (rank 0 local diagnostics)
    Collisions                      = 13417
    Collision candidates           = 30476
    Collision acceptance rate      = 0.4402480641

    Number of DSMC particles        = 9450839
    Number of stuck particles       = 0
    Number of free particles        = 9450839
    Average linear kinetic energy   = 4.139884161e-19
    Average rotational energy       = 5.136014044e-20
    Average vibrational energy      = 3.165747366e-20
    Average electronic energy       = 0
    Total energy                    = 46.97123974

Stage 1.0  ExecutionTime = 3150.62 s  ClockTime = 1741 s  Iteration 7510 (0.44 s)

Time = 0.003008

    Collision global reduction skipped (rank 0 local diagnostics)
    Collisions                      = 13375
    Collision candidates           = 30653
    Collision acceptance rate      = 0.4363357583

    Number of DSMC particles        = 9451309
    Number of stuck particles       = 0
    Number of free particles        = 9451309
    Average linear kinetic energy   = 4.139602862e-19
    Average rotational energy       = 5.134349457e-20
    Average vibrational energy      = 3.165631619e-20
    Average electronic energy       = 0
    Total energy                    = 46.96923437

Stage 1.0  ExecutionTime = 3155 s  ClockTime = 1743 s  Iteration 7520 (0.44 s)

Time = 0.003012

    Collision global reduction skipped (rank 0 local diagnostics)
    Collisions                      = 13383
    Collision candidates           = 30454
    Collision acceptance rate      = 0.4394496618

    Number of DSMC particles        = 9451811
    Number of stuck particles       = 0
    Number of free particles        = 9451811
    Average linear kinetic energy   = 4.139798912e-19
    Average rotational energy       = 5.133160146e-20
    Average vibrational energy      = 3.165650212e-20
    Average electronic energy       = 0
    Total energy                    = 46.9724756

Stage 1.0  ExecutionTime = 3159.43 s  ClockTime = 1745 s  Iteration 7530 (0.44 s)

Time = 0.003016

    Collision global reduction skipped (rank 0 local diagnostics)
    Collisions                      = 13301
    Collision candidates           = 30355
    Collision acceptance rate      = 0.4381815187

    Number of DSMC particles        = 9452464
    Number of stuck particles       = 0
    Number of free particles        = 9452464
    Average linear kinetic energy   = 4.140001626e-19
    Average rotational energy       = 5.13272079e-20
    Average vibrational energy      = 3.165840181e-20
    Average electronic energy       = 0
    Total energy                    = 46.97740121

Stage 1.0  ExecutionTime = 3163.85 s  ClockTime = 1747 s  Iteration 7540 (0.44 s)

Time = 0.00302

    Collision global reduction skipped (rank 0 local diagnostics)
    Collisions                      = 13409
    Collision candidates           = 30249
    Collision acceptance rate      = 0.4432873814


Phase C auto DLB triggered (threshold) at step 7550: sar=0 loadImbalance=1.74349522e+16 threshold=1.5 particleMaxMin=1
Phase C ParMETIS weights: particles=9452227 activeCells=104151 maxCellParticles=290
Phase C ParMETIS: alpha=1 ncon=1 ubvec=[1.05] moveRatio=0.9195709043 (moveT=752.7957401s, collT=65.84231878s)
Phase C ParMETIS: AdaptiveRepart (104151 cells, 1 constraints, ubvec=1.05)
Replicated mesh: rank 0 owns 5428 / 104151 cells
Local mesh: 5428 owned + 257 halo = 5685 / 104151 cells
Phase C ParMETIS AdaptiveRepart: 0 / 104151 cells changed (0)
Phase C auto DLB complete: rebalance #149

    Number of DSMC particles        = 9452227
    Number of stuck particles       = 0
    Number of free particles        = 9452227
    Average linear kinetic energy   = 4.139823044e-19
    Average rotational energy       = 5.135353918e-20
    Average vibrational energy      = 3.165283096e-20
    Average electronic energy       = 0
    Total energy                    = 46.97649769

Stage 1.0  ExecutionTime = 3168.41 s  ClockTime = 1750 s  Iteration 7550 (0.61 s)

Time = 0.003024

    Collision global reduction skipped (rank 0 local diagnostics)
    Collisions                      = 13040
    Collision candidates           = 30288
    Collision acceptance rate      = 0.4305335446

    Number of DSMC particles        = 9452752
    Number of stuck particles       = 0
    Number of free particles        = 9452752
    Average linear kinetic energy   = 4.139790608e-19
    Average rotational energy       = 5.132281573e-20
    Average vibrational energy      = 3.165796442e-20
    Average electronic energy       = 0
    Total energy                    = 46.97638131

Stage 1.0  ExecutionTime = 3172.85 s  ClockTime = 1752 s  Iteration 7560 (0.45 s)

Time = 0.003028

    Collision global reduction skipped (rank 0 local diagnostics)
    Collisions                      = 12990
    Collision candidates           = 30276
    Collision acceptance rate      = 0.429052715

    Number of DSMC particles        = 9452359
    Number of stuck particles       = 0
    Number of free particles        = 9452359
    Average linear kinetic energy   = 4.139611076e-19
    Average rotational energy       = 5.134487149e-20
    Average vibrational energy      = 3.165546446e-20
    Average electronic energy       = 0
    Total energy                    = 46.97457973

Stage 1.0  ExecutionTime = 3177.32 s  ClockTime = 1754 s  Iteration 7570 (0.49 s)

Time = 0.003032

    Collision global reduction skipped (rank 0 local diagnostics)
    Collisions                      = 13147
    Collision candidates           = 30437
    Collision acceptance rate      = 0.4319413871

    Number of DSMC particles        = 9452640
    Number of stuck particles       = 0
    Number of free particles        = 9452640
    Average linear kinetic energy   = 4.140119518e-19
    Average rotational energy       = 5.133786868e-20
    Average vibrational energy      = 3.164853534e-20
    Average electronic energy       = 0
    Total energy                    = 46.97946538

Stage 1.0  ExecutionTime = 3181.83 s  ClockTime = 1756 s  Iteration 7580 (0.55 s)

Time = 0.003036

    Collision global reduction skipped (rank 0 local diagnostics)
    Collisions                      = 13210
    Collision candidates           = 30524
    Collision acceptance rate      = 0.4327742105

    Number of DSMC particles        = 9453207
    Number of stuck particles       = 0
    Number of free particles        = 9453207
    Average linear kinetic energy   = 4.140380765e-19
    Average rotational energy       = 5.130768575e-20
    Average vibrational energy      = 3.164621653e-20
    Average electronic energy       = 0
    Total energy                    = 46.98168053

Stage 1.0  ExecutionTime = 3186.4 s  ClockTime = 1759 s  Iteration 7590 (0.6 s)

Time = 0.00304

    Collision global reduction skipped (rank 0 local diagnostics)
    Collisions                      = 13254
    Collision candidates           = 30254
    Collision acceptance rate      = 0.438090831


Phase C auto DLB triggered (threshold) at step 7600: sar=0 loadImbalance=1.720871578 threshold=1.5 particleMaxMin=1
Phase C ParMETIS weights: particles=9453382 activeCells=104151 maxCellParticles=302
Phase C ParMETIS: alpha=1 ncon=1 ubvec=[1.05] moveRatio=0.9195588141 (moveT=758.9740639s, collT=66.39354961s)
Phase C ParMETIS: AdaptiveRepart (104151 cells, 1 constraints, ubvec=1.05)
Replicated mesh: rank 0 owns 5428 / 104151 cells
Local mesh: 5428 owned + 257 halo = 5685 / 104151 cells
Phase C ParMETIS AdaptiveRepart: 0 / 104151 cells changed (0)
Phase C auto DLB complete: rebalance #150

    Number of DSMC particles        = 9453382
    Number of stuck particles       = 0
    Number of free particles        = 9453382
    Average linear kinetic energy   = 4.140159076e-19
    Average rotational energy       = 5.133812642e-20
    Average vibrational energy      = 3.163885209e-20
    Average electronic energy       = 0
    Total energy                    = 46.98263603

Stage 1.0  ExecutionTime = 3191.2 s  ClockTime = 1761 s  Iteration 7600 (0.85 s)

Time = 0.003044

    Collision global reduction skipped (rank 0 local diagnostics)
    Collisions                      = 13251
    Collision candidates           = 30454
    Collision acceptance rate      = 0.4351152558

    Number of DSMC particles        = 9454001
    Number of stuck particles       = 0
    Number of free particles        = 9454001
    Average linear kinetic energy   = 4.140294571e-19
    Average rotational energy       = 5.134418394e-20
    Average vibrational energy      = 3.163767251e-20
    Average electronic energy       = 0
    Total energy                    = 46.98745455

Stage 1.0  ExecutionTime = 3195.93 s  ClockTime = 1763 s  Iteration 7610 (0.76 s)

Time = 0.003048

    Collision global reduction skipped (rank 0 local diagnostics)
    Collisions                      = 13496
    Collision candidates           = 30374
    Collision acceptance rate      = 0.4443273853

    Number of DSMC particles        = 9454018
    Number of stuck particles       = 0
    Number of free particles        = 9454018
    Average linear kinetic energy   = 4.140773944e-19
    Average rotational energy       = 5.129178533e-20
    Average vibrational energy      = 3.163827483e-20
    Average electronic energy       = 0
    Total energy                    = 46.98717422

Stage 1.0  ExecutionTime = 3200.65 s  ClockTime = 1766 s  Iteration 7620 (0.79 s)

Time = 0.003052

    Collision global reduction skipped (rank 0 local diagnostics)
    Collisions                      = 13237
    Collision candidates           = 30452
    Collision acceptance rate      = 0.434684093

    Number of DSMC particles        = 9453841
    Number of stuck particles       = 0
    Number of free particles        = 9453841
    Average linear kinetic energy   = 4.140186173e-19
    Average rotational energy       = 5.13229397e-20
    Average vibrational energy      = 3.165748772e-20
    Average electronic energy       = 0
    Total energy                    = 46.98549945

Stage 1.0  ExecutionTime = 3205.37 s  ClockTime = 1768 s  Iteration 7630 (0.79 s)

Time = 0.003056

    Collision global reduction skipped (rank 0 local diagnostics)
    Collisions                      = 13143
    Collision candidates           = 30256
    Collision acceptance rate      = 0.4343931782

    Number of DSMC particles        = 9453906
    Number of stuck particles       = 0
    Number of free particles        = 9453906
    Average linear kinetic energy   = 4.139953907e-19
    Average rotational energy       = 5.131997398e-20
    Average vibrational energy      = 3.166568611e-20
    Average electronic energy       = 0
    Total energy                    = 46.98412138

Stage 1.0  ExecutionTime = 3210.11 s  ClockTime = 1771 s  Iteration 7640 (0.82 s)

Time = 0.00306

    Collision global reduction skipped (rank 0 local diagnostics)
    Collisions                      = 13121
    Collision candidates           = 30240
    Collision acceptance rate      = 0.4338955026


Phase C auto DLB triggered (threshold) at step 7650: sar=0 loadImbalance=1.734096503 threshold=1.5 particleMaxMin=1
Phase C ParMETIS weights: particles=9454383 activeCells=104151 maxCellParticles=296
Phase C ParMETIS: alpha=1 ncon=1 ubvec=[1.05] moveRatio=0.9195476216 (moveT=765.1458844s, collT=66.94357615s)
Phase C ParMETIS: AdaptiveRepart (104151 cells, 1 constraints, ubvec=1.05)
Replicated mesh: rank 0 owns 5428 / 104151 cells
Local mesh: 5428 owned + 257 halo = 5685 / 104151 cells
Phase C ParMETIS AdaptiveRepart: 0 / 104151 cells changed (0)
Phase C auto DLB complete: rebalance #151

    Number of DSMC particles        = 9454383
    Number of stuck particles       = 0
    Number of free particles        = 9454383
    Average linear kinetic energy   = 4.139807118e-19
    Average rotational energy       = 5.134076022e-20
    Average vibrational energy      = 3.166099018e-20
    Average electronic energy       = 0
    Total energy                    = 46.98662541

Stage 1.0  ExecutionTime = 3215 s  ClockTime = 1773 s  Iteration 7650 (0.97 s)

Time = 0.003064

    Collision global reduction skipped (rank 0 local diagnostics)
    Collisions                      = 13214
    Collision candidates           = 30257
    Collision acceptance rate      = 0.4367253859

    Number of DSMC particles        = 9454672
    Number of stuck particles       = 0
    Number of free particles        = 9454672
    Average linear kinetic energy   = 4.139711476e-19
    Average rotational energy       = 5.13033594e-20
    Average vibrational energy      = 3.166900231e-20
    Average electronic energy       = 0
    Total energy                    = 46.98437884

Stage 1.0  ExecutionTime = 3219.8 s  ClockTime = 1776 s  Iteration 7660 (0.84 s)

Time = 0.003068

    Collision global reduction skipped (rank 0 local diagnostics)
    Collisions                      = 13158
    Collision candidates           = 30357
    Collision acceptance rate      = 0.4334420397

    Number of DSMC particles        = 9454571
    Number of stuck particles       = 0
    Number of free particles        = 9454571
    Average linear kinetic energy   = 4.13980794e-19
    Average rotational energy       = 5.131529041e-20
    Average vibrational energy      = 3.165943834e-20
    Average electronic energy       = 0
    Total energy                    = 46.98501274

Stage 1.0  ExecutionTime = 3224.57 s  ClockTime = 1778 s  Iteration 7670 (0.84 s)

Time = 0.003072

    Collision global reduction skipped (rank 0 local diagnostics)
    Collisions                      = 13383
    Collision candidates           = 30426
    Collision acceptance rate      = 0.4398540722

    Number of DSMC particles        = 9454427
    Number of stuck particles       = 0
    Number of free particles        = 9454427
    Average linear kinetic energy   = 4.140214248e-19
    Average rotational energy       = 5.128162634e-20
    Average vibrational energy      = 3.165894144e-20
    Average electronic energy       = 0
    Total energy                    = 46.98490881

Stage 1.0  ExecutionTime = 3229.35 s  ClockTime = 1781 s  Iteration 7680 (0.86 s)

Time = 0.003076

    Collision global reduction skipped (rank 0 local diagnostics)
    Collisions                      = 13304
    Collision candidates           = 30277
    Collision acceptance rate      = 0.4394094527

    Number of DSMC particles        = 9454299
    Number of stuck particles       = 0
    Number of free particles        = 9454299
    Average linear kinetic energy   = 4.140162073e-19
    Average rotational energy       = 5.13040556e-20
    Average vibrational energy      = 3.166374218e-20
    Average electronic energy       = 0
    Total energy                    = 46.98635382

Stage 1.0  ExecutionTime = 3234.16 s  ClockTime = 1783 s  Iteration 7690 (0.88 s)

Time = 0.00308

    Collision global reduction skipped (rank 0 local diagnostics)
    Collisions                      = 13394
    Collision candidates           = 30503
    Collision acceptance rate      = 0.4391043504


Phase C auto DLB triggered (threshold) at step 7700: sar=0 loadImbalance=1.77865953 threshold=1.5 particleMaxMin=1
Phase C ParMETIS weights: particles=9454683 activeCells=104151 maxCellParticles=309
Phase C ParMETIS: alpha=1 ncon=1 ubvec=[1.05] moveRatio=0.9195373067 (moveT=771.3140124s, collT=67.49264261s)
Phase C ParMETIS: AdaptiveRepart (104151 cells, 1 constraints, ubvec=1.05)
Replicated mesh: rank 0 owns 5428 / 104151 cells
Local mesh: 5428 owned + 257 halo = 5685 / 104151 cells
Phase C ParMETIS AdaptiveRepart: 0 / 104151 cells changed (0)
Phase C auto DLB complete: rebalance #152

    Number of DSMC particles        = 9454683
    Number of stuck particles       = 0
    Number of free particles        = 9454683
    Average linear kinetic energy   = 4.139999002e-19
    Average rotational energy       = 5.132093872e-20
    Average vibrational energy      = 3.167270954e-20
    Average electronic energy       = 0
    Total energy                    = 46.98916454

Stage 1.0  ExecutionTime = 3239.09 s  ClockTime = 1786 s  Iteration 7700 (1.02 s)

Time = 0.003084

    Collision global reduction skipped (rank 0 local diagnostics)
    Collisions                      = 13225
    Collision candidates           = 30292
    Collision acceptance rate      = 0.4365839165

    Number of DSMC particles        = 9455186
    Number of stuck particles       = 0
    Number of free particles        = 9455186
    Average linear kinetic energy   = 4.139908731e-19
    Average rotational energy       = 5.131590879e-20
    Average vibrational energy      = 3.169335179e-20
    Average electronic energy       = 0
    Total energy                    = 46.99228706

Stage 1.0  ExecutionTime = 3243.94 s  ClockTime = 1788 s  Iteration 7710 (0.89 s)

Time = 0.003088

    Collision global reduction skipped (rank 0 local diagnostics)
    Collisions                      = 13457
    Collision candidates           = 30483
    Collision acceptance rate      = 0.441459174

    Number of DSMC particles        = 9455790
    Number of stuck particles       = 0
    Number of free particles        = 9455790
    Average linear kinetic energy   = 4.139925028e-19
    Average rotational energy       = 5.131698251e-20
    Average vibrational energy      = 3.170357207e-20
    Average electronic energy       = 0
    Total energy                    = 46.99651097

Stage 1.0  ExecutionTime = 3248.74 s  ClockTime = 1790 s  Iteration 7720 (0.89 s)

Time = 0.003092

    Collision global reduction skipped (rank 0 local diagnostics)
    Collisions                      = 13145
    Collision candidates           = 30303
    Collision acceptance rate      = 0.4337854338

    Number of DSMC particles        = 9455816
    Number of stuck particles       = 0
    Number of free particles        = 9455816
    Average linear kinetic energy   = 4.139659469e-19
    Average rotational energy       = 5.130214262e-20
    Average vibrational energy      = 3.170963862e-20
    Average electronic energy       = 0
    Total energy                    = 46.99329953

Stage 1.0  ExecutionTime = 3253.55 s  ClockTime = 1793 s  Iteration 7730 (0.89 s)

Time = 0.003096

    Collision global reduction skipped (rank 0 local diagnostics)
    Collisions                      = 13214
    Collision candidates           = 30299
    Collision acceptance rate      = 0.436120004

    Number of DSMC particles        = 9456208
    Number of stuck particles       = 0
    Number of free particles        = 9456208
    Average linear kinetic energy   = 4.139479657e-19
    Average rotational energy       = 5.13096882e-20
    Average vibrational energy      = 3.170909287e-20
    Average electronic energy       = 0
    Total energy                    = 46.99420926

Stage 1.0  ExecutionTime = 3258.36 s  ClockTime = 1795 s  Iteration 7740 (0.89 s)

Time = 0.0031

    Collision global reduction skipped (rank 0 local diagnostics)
    Collisions                      = 13116
    Collision candidates           = 30215
    Collision acceptance rate      = 0.4340890286


Phase C auto DLB triggered (threshold) at step 7750: sar=0 loadImbalance=1.797955759 threshold=1.5 particleMaxMin=1
Phase C ParMETIS weights: particles=9456450 activeCells=104151 maxCellParticles=286
Phase C ParMETIS: alpha=1 ncon=1 ubvec=[1.05] moveRatio=0.9195232651 (moveT=777.4820642s, collT=68.04527993s)
Phase C ParMETIS: AdaptiveRepart (104151 cells, 1 constraints, ubvec=1.05)
Replicated mesh: rank 0 owns 5428 / 104151 cells
Local mesh: 5428 owned + 257 halo = 5685 / 104151 cells
Phase C ParMETIS AdaptiveRepart: 0 / 104151 cells changed (0)
Phase C auto DLB complete: rebalance #153

    Number of DSMC particles        = 9456450
    Number of stuck particles       = 0
    Number of free particles        = 9456450
    Average linear kinetic energy   = 4.139531809e-19
    Average rotational energy       = 5.132807649e-20
    Average vibrational energy      = 3.168013924e-20
    Average electronic energy       = 0
    Total energy                    = 46.99490599

Stage 1.0  ExecutionTime = 3263.31 s  ClockTime = 1798 s  Iteration 7750 (1.04 s)

Time = 0.003104

    Collision global reduction skipped (rank 0 local diagnostics)
    Collisions                      = 13223
    Collision candidates           = 30158
    Collision acceptance rate      = 0.4384574574

    Number of DSMC particles        = 9456583
    Number of stuck particles       = 0
    Number of free particles        = 9456583
    Average linear kinetic energy   = 4.139271421e-19
    Average rotational energy       = 5.13523376e-20
    Average vibrational energy      = 3.16806127e-20
    Average electronic energy       = 0
    Total energy                    = 46.99544361

Stage 1.0  ExecutionTime = 3268.16 s  ClockTime = 1801 s  Iteration 7760 (0.91 s)

Time = 0.003108

    Collision global reduction skipped (rank 0 local diagnostics)
    Collisions                      = 13220
    Collision candidates           = 30217
    Collision acceptance rate      = 0.4375020684

    Number of DSMC particles        = 9457089
    Number of stuck particles       = 0
    Number of free particles        = 9457089
    Average linear kinetic energy   = 4.138789373e-19
    Average rotational energy       = 5.133987407e-20
    Average vibrational energy      = 3.167414513e-20
    Average electronic energy       = 0
    Total energy                    = 46.99160913

Stage 1.0  ExecutionTime = 3272.98 s  ClockTime = 1803 s  Iteration 7770 (0.91 s)

Time = 0.003112

    Collision global reduction skipped (rank 0 local diagnostics)
    Collisions                      = 13249
    Collision candidates           = 30514
    Collision acceptance rate      = 0.4341941404

    Number of DSMC particles        = 9457595
    Number of stuck particles       = 0
    Number of free particles        = 9457595
    Average linear kinetic energy   = 4.139072422e-19
    Average rotational energy       = 5.129880578e-20
    Average vibrational energy      = 3.166841365e-20
    Average electronic energy       = 0
    Total energy                    = 46.99237424

Stage 1.0  ExecutionTime = 3277.82 s  ClockTime = 1805 s  Iteration 7780 (0.9 s)

Time = 0.003116

    Collision global reduction skipped (rank 0 local diagnostics)
    Collisions                      = 13443
    Collision candidates           = 30703
    Collision acceptance rate      = 0.4378399505

    Number of DSMC particles        = 9457819
    Number of stuck particles       = 0
    Number of free particles        = 9457819
    Average linear kinetic energy   = 4.139277824e-19
    Average rotational energy       = 5.12675076e-20
    Average vibrational energy      = 3.167340161e-20
    Average electronic energy       = 0
    Total energy                    = 46.99294152

Stage 1.0  ExecutionTime = 3282.66 s  ClockTime = 1808 s  Iteration 7790 (0.92 s)

Time = 0.00312

    Collision global reduction skipped (rank 0 local diagnostics)
    Collisions                      = 13302
    Collision candidates           = 30672
    Collision acceptance rate      = 0.433685446


Phase C auto DLB triggered (threshold) at step 7800: sar=0 loadImbalance=1.749318253 threshold=1.5 particleMaxMin=1
Phase C ParMETIS weights: particles=9458227 activeCells=104150 maxCellParticles=286
Phase C ParMETIS: alpha=1 ncon=1 ubvec=[1.05] moveRatio=0.9195120835 (moveT=783.6721649s, collT=68.59740174s)
Phase C ParMETIS: AdaptiveRepart (104151 cells, 1 constraints, ubvec=1.05)
Replicated mesh: rank 0 owns 5428 / 104151 cells
Local mesh: 5428 owned + 257 halo = 5685 / 104151 cells
Phase C ParMETIS AdaptiveRepart: 0 / 104151 cells changed (0)
Phase C auto DLB complete: rebalance #154

    Number of DSMC particles        = 9458227
    Number of stuck particles       = 0
    Number of free particles        = 9458227
    Average linear kinetic energy   = 4.13911271e-19
    Average rotational energy       = 5.127486624e-20
    Average vibrational energy      = 3.168041315e-20
    Average electronic energy       = 0
    Total energy                    = 46.99476622

Stage 1.0  ExecutionTime = 3287.65 s  ClockTime = 1811 s  Iteration 7800 (1.07 s)

Time = 0.003124

    Collision global reduction skipped (rank 0 local diagnostics)
    Collisions                      = 13305
    Collision candidates           = 30596
    Collision acceptance rate      = 0.4348607661

    Number of DSMC particles        = 9458548
    Number of stuck particles       = 0
    Number of free particles        = 9458548
    Average linear kinetic energy   = 4.139174476e-19
    Average rotational energy       = 5.130484636e-20
    Average vibrational energy      = 3.167939383e-20
    Average electronic energy       = 0
    Total energy                    = 46.99968465

Stage 1.0  ExecutionTime = 3292.52 s  ClockTime = 1813 s  Iteration 7810 (0.94 s)

Time = 0.003128

    Collision global reduction skipped (rank 0 local diagnostics)
    Collisions                      = 13257
    Collision candidates           = 30183
    Collision acceptance rate      = 0.4392207534

    Number of DSMC particles        = 9458739
    Number of stuck particles       = 0
    Number of free particles        = 9458739
    Average linear kinetic energy   = 4.139128946e-19
    Average rotational energy       = 5.133409474e-20
    Average vibrational energy      = 3.167674018e-20
    Average electronic energy       = 0
    Total energy                    = 47.0027186

Stage 1.0  ExecutionTime = 3297.34 s  ClockTime = 1816 s  Iteration 7820 (0.91 s)

Time = 0.003132

    Collision global reduction skipped (rank 0 local diagnostics)
    Collisions                      = 13359
    Collision candidates           = 30481
    Collision acceptance rate      = 0.4382730225

    Number of DSMC particles        = 9458909
    Number of stuck particles       = 0
    Number of free particles        = 9458909
    Average linear kinetic energy   = 4.13951661e-19
    Average rotational energy       = 5.130458408e-20
    Average vibrational energy      = 3.167436653e-20
    Average electronic energy       = 0
    Total energy                    = 47.00421434

Stage 1.0  ExecutionTime = 3302.19 s  ClockTime = 1818 s  Iteration 7830 (0.94 s)

Time = 0.003136

    Collision global reduction skipped (rank 0 local diagnostics)
    Collisions                      = 13396
    Collision candidates           = 30774
    Collision acceptance rate      = 0.4353025281

    Number of DSMC particles        = 9459456
    Number of stuck particles       = 0
    Number of free particles        = 9459456
    Average linear kinetic energy   = 4.139803742e-19
    Average rotational energy       = 5.130566623e-20
    Average vibrational energy      = 3.166284078e-20
    Average electronic energy       = 0
    Total energy                    = 47.00866076

Stage 1.0  ExecutionTime = 3307.04 s  ClockTime = 1821 s  Iteration 7840 (0.94 s)

Time = 0.00314

    Collision global reduction skipped (rank 0 local diagnostics)
    Collisions                      = 13662
    Collision candidates           = 30794
    Collision acceptance rate      = 0.4436578554


Phase C auto DLB triggered (threshold) at step 7850: sar=0 loadImbalance=1.803971258 threshold=1.5 particleMaxMin=1
Phase C ParMETIS weights: particles=9459409 activeCells=104151 maxCellParticles=295
Phase C ParMETIS: alpha=1 ncon=1 ubvec=[1.05] moveRatio=0.9194988847 (moveT=789.8355809s, collT=69.14923574s)
Phase C ParMETIS: AdaptiveRepart (104151 cells, 1 constraints, ubvec=1.05)
Replicated mesh: rank 0 owns 5428 / 104151 cells
Local mesh: 5428 owned + 257 halo = 5685 / 104151 cells
Phase C ParMETIS AdaptiveRepart: 0 / 104151 cells changed (0)
Phase C auto DLB complete: rebalance #155

    Number of DSMC particles        = 9459409
    Number of stuck particles       = 0
    Number of free particles        = 9459409
    Average linear kinetic energy   = 4.139820084e-19
    Average rotational energy       = 5.129946192e-20
    Average vibrational energy      = 3.166241774e-20
    Average electronic energy       = 0
    Total energy                    = 47.00795487

Stage 1.0  ExecutionTime = 3312.04 s  ClockTime = 1823 s  Iteration 7850 (1.07 s)

Time = 0.003144

    Collision global reduction skipped (rank 0 local diagnostics)
    Collisions                      = 13582
    Collision candidates           = 30882
    Collision acceptance rate      = 0.4398031216

    Number of DSMC particles        = 9459216
    Number of stuck particles       = 0
    Number of free particles        = 9459216
    Average linear kinetic energy   = 4.139872977e-19
    Average rotational energy       = 5.127721108e-20
    Average vibrational energy      = 3.164766595e-20
    Average electronic energy       = 0
    Total energy                    = 47.00399594

Stage 1.0  ExecutionTime = 3316.96 s  ClockTime = 1826 s  Iteration 7860 (0.96 s)

Time = 0.003148

    Collision global reduction skipped (rank 0 local diagnostics)
    Collisions                      = 13164
    Collision candidates           = 30499
    Collision acceptance rate      = 0.4316207089

    Number of DSMC particles        = 9459383
    Number of stuck particles       = 0
    Number of free particles        = 9459383
    Average linear kinetic energy   = 4.139326138e-19
    Average rotational energy       = 5.130452576e-20
    Average vibrational energy      = 3.166467558e-20
    Average electronic energy       = 0
    Total energy                    = 47.00384582

Stage 1.0  ExecutionTime = 3321.82 s  ClockTime = 1828 s  Iteration 7870 (0.96 s)

Time = 0.003152

    Collision global reduction skipped (rank 0 local diagnostics)
    Collisions                      = 13154
    Collision candidates           = 30409
    Collision acceptance rate      = 0.4325693051

    Number of DSMC particles        = 9460167
    Number of stuck particles       = 0
    Number of free particles        = 9460167
    Average linear kinetic energy   = 4.138917198e-19
    Average rotational energy       = 5.12795587e-20
    Average vibrational energy      = 3.166237604e-20
    Average electronic energy       = 0
    Total energy                    = 47.00129344

Stage 1.0  ExecutionTime = 3326.72 s  ClockTime = 1831 s  Iteration 7880 (1 s)

Time = 0.003156

    Collision global reduction skipped (rank 0 local diagnostics)
    Collisions                      = 13306
    Collision candidates           = 30372
    Collision acceptance rate      = 0.4381008824

    Number of DSMC particles        = 9460468
    Number of stuck particles       = 0
    Number of free particles        = 9460468
    Average linear kinetic energy   = 4.139196091e-19
    Average rotational energy       = 5.126679083e-20
    Average vibrational energy      = 3.168896136e-20
    Average electronic energy       = 0
    Total energy                    = 47.00673455

Stage 1.0  ExecutionTime = 3331.61 s  ClockTime = 1833 s  Iteration 7890 (0.98 s)

Time = 0.00316

    Collision global reduction skipped (rank 0 local diagnostics)
    Collisions                      = 13076
    Collision candidates           = 30484
    Collision acceptance rate      = 0.4289463325


Phase C auto DLB triggered (threshold) at step 7900: sar=0 loadImbalance=1.823015929 threshold=1.5 particleMaxMin=1
Phase C ParMETIS weights: particles=9460411 activeCells=104151 maxCellParticles=289
Phase C ParMETIS: alpha=1 ncon=1 ubvec=[1.05] moveRatio=0.919485421 (moveT=796.006592s, collT=69.70217706s)
Phase C ParMETIS: AdaptiveRepart (104151 cells, 1 constraints, ubvec=1.05)
Replicated mesh: rank 0 owns 5428 / 104151 cells
Local mesh: 5428 owned + 257 halo = 5685 / 104151 cells
Phase C ParMETIS AdaptiveRepart: 0 / 104151 cells changed (0)
Phase C auto DLB complete: rebalance #156

    Number of DSMC particles        = 9460411
    Number of stuck particles       = 0
    Number of free particles        = 9460411
    Average linear kinetic energy   = 4.138963691e-19
    Average rotational energy       = 5.127214447e-20
    Average vibrational energy      = 3.169437607e-20
    Average electronic energy       = 0
    Total energy                    = 47.00527147

Stage 1.0  ExecutionTime = 3336.6 s  ClockTime = 1836 s  Iteration 7900 (1.08 s)

Time = 0.003164

    Collision global reduction skipped (rank 0 local diagnostics)
    Collisions                      = 13341
    Collision candidates           = 30447
    Collision acceptance rate      = 0.4381712484

    Number of DSMC particles        = 9460677
    Number of stuck particles       = 0
    Number of free particles        = 9460677
    Average linear kinetic energy   = 4.13854693e-19
    Average rotational energy       = 5.130888066e-20
    Average vibrational energy      = 3.170252482e-20
    Average electronic energy       = 0
    Total energy                    = 47.0068967

Stage 1.0  ExecutionTime = 3341.53 s  ClockTime = 1839 s  Iteration 7910 (0.99 s)

Time = 0.003168

    Collision global reduction skipped (rank 0 local diagnostics)
    Collisions                      = 13252
    Collision candidates           = 30374
    Collision acceptance rate      = 0.436294199

    Number of DSMC particles        = 9461115
    Number of stuck particles       = 0
    Number of free particles        = 9461115
    Average linear kinetic energy   = 4.138697409e-19
    Average rotational energy       = 5.131556567e-20
    Average vibrational energy      = 3.170085272e-20
    Average electronic energy       = 0
    Total energy                    = 47.01097095

Stage 1.0  ExecutionTime = 3346.46 s  ClockTime = 1841 s  Iteration 7920 (1.02 s)

Time = 0.003172

    Collision global reduction skipped (rank 0 local diagnostics)
    Collisions                      = 13352
    Collision candidates           = 30502
    Collision acceptance rate      = 0.4377417874

    Number of DSMC particles        = 9461536
    Number of stuck particles       = 0
    Number of free particles        = 9461536
    Average linear kinetic energy   = 4.138458014e-19
    Average rotational energy       = 5.132066096e-20
    Average vibrational energy      = 3.170415006e-20
    Average electronic energy       = 0
    Total energy                    = 47.01159187

Stage 1.0  ExecutionTime = 3351.35 s  ClockTime = 1844 s  Iteration 7930 (1.01 s)

Time = 0.003176

    Collision global reduction skipped (rank 0 local diagnostics)
    Collisions                      = 13276
    Collision candidates           = 30591
    Collision acceptance rate      = 0.4339838515

    Number of DSMC particles        = 9461813
    Number of stuck particles       = 0
    Number of free particles        = 9461813
    Average linear kinetic energy   = 4.138296464e-19
    Average rotational energy       = 5.130374637e-20
    Average vibrational energy      = 3.171611589e-20
    Average electronic energy       = 0
    Total energy                    = 47.0109714

Stage 1.0  ExecutionTime = 3356.25 s  ClockTime = 1846 s  Iteration 7940 (1 s)

Time = 0.00318

    Collision global reduction skipped (rank 0 local diagnostics)
    Collisions                      = 13415
    Collision candidates           = 30821
    Collision acceptance rate      = 0.4352551832


Phase C auto DLB triggered (threshold) at step 7950: sar=0 loadImbalance=1.865266764 threshold=1.5 particleMaxMin=1
Phase C ParMETIS weights: particles=9462118 activeCells=104151 maxCellParticles=297
Phase C ParMETIS: alpha=1 ncon=1 ubvec=[1.05] moveRatio=0.9194748029 (moveT=802.1719406s, collT=70.25211943s)
Phase C ParMETIS: AdaptiveRepart (104151 cells, 1 constraints, ubvec=1.05)
Replicated mesh: rank 0 owns 5428 / 104151 cells
Local mesh: 5428 owned + 257 halo = 5685 / 104151 cells
Phase C ParMETIS AdaptiveRepart: 0 / 104151 cells changed (0)
Phase C auto DLB complete: rebalance #157

    Number of DSMC particles        = 9462118
    Number of stuck particles       = 0
    Number of free particles        = 9462118
    Average linear kinetic energy   = 4.13812989e-19
    Average rotational energy       = 5.128882457e-20
    Average vibrational energy      = 3.172470447e-20
    Average electronic energy       = 0
    Total energy                    = 47.01031139

Stage 1.0  ExecutionTime = 3361.36 s  ClockTime = 1849 s  Iteration 7950 (1.18 s)

Time = 0.003184

    Collision global reduction skipped (rank 0 local diagnostics)
    Collisions                      = 13307
    Collision candidates           = 30604
    Collision acceptance rate      = 0.4348124428

    Number of DSMC particles        = 9462072
    Number of stuck particles       = 0
    Number of free particles        = 9462072
    Average linear kinetic energy   = 4.137569078e-19
    Average rotational energy       = 5.130410789e-20
    Average vibrational energy      = 3.171251773e-20
    Average electronic energy       = 0
    Total energy                    = 47.00506941

Stage 1.0  ExecutionTime = 3366.31 s  ClockTime = 1852 s  Iteration 7960 (1.01 s)

Time = 0.003188

    Collision global reduction skipped (rank 0 local diagnostics)
    Collisions                      = 13367
    Collision candidates           = 30564
    Collision acceptance rate      = 0.4373445884

    Number of DSMC particles        = 9462101
    Number of stuck particles       = 0
    Number of free particles        = 9462101
    Average linear kinetic energy   = 4.137819314e-19
    Average rotational energy       = 5.128907454e-20
    Average vibrational energy      = 3.171211923e-20
    Average electronic energy       = 0
    Total energy                    = 47.00612105

Stage 1.0  ExecutionTime = 3371.26 s  ClockTime = 1854 s  Iteration 7970 (1.03 s)

Time = 0.003192

    Collision global reduction skipped (rank 0 local diagnostics)
    Collisions                      = 13191
    Collision candidates           = 30442
    Collision acceptance rate      = 0.4333158137

    Number of DSMC particles        = 9462325
    Number of stuck particles       = 0
    Number of free particles        = 9462325
    Average linear kinetic energy   = 4.137735973e-19
    Average rotational energy       = 5.128490956e-20
    Average vibrational energy      = 3.170953322e-20
    Average electronic energy       = 0
    Total energy                    = 47.00580645

Stage 1.0  ExecutionTime = 3376.18 s  ClockTime = 1857 s  Iteration 7980 (1.02 s)

Time = 0.003196

    Collision global reduction skipped (rank 0 local diagnostics)
    Collisions                      = 13346
    Collision candidates           = 30515
    Collision acceptance rate      = 0.4373586761

    Number of DSMC particles        = 9462240
    Number of stuck particles       = 0
    Number of free particles        = 9462240
    Average linear kinetic energy   = 4.137728454e-19
    Average rotational energy       = 5.130233562e-20
    Average vibrational energy      = 3.170870508e-20
    Average electronic energy       = 0
    Total energy                    = 47.00688359

Stage 1.0  ExecutionTime = 3381.12 s  ClockTime = 1860 s  Iteration 7990 (1.04 s)

Time = 0.0032

    Collision global reduction skipped (rank 0 local diagnostics)
    Collisions                      = 13228
    Collision candidates           = 30454
    Collision acceptance rate      = 0.4343600184


Phase C auto DLB triggered (threshold) at step 8000: sar=0 loadImbalance=1.827259866 threshold=1.5 particleMaxMin=1
Phase C ParMETIS weights: particles=9462526 activeCells=104151 maxCellParticles=286
Phase C ParMETIS: alpha=1 ncon=1 ubvec=[1.05] moveRatio=0.9194663748 (moveT=808.3451124s, collT=70.80080809s)
Phase C ParMETIS: AdaptiveRepart (104151 cells, 1 constraints, ubvec=1.05)
Replicated mesh: rank 0 owns 5428 / 104151 cells
Local mesh: 5428 owned + 257 halo = 5685 / 104151 cells
Phase C ParMETIS AdaptiveRepart: 0 / 104151 cells changed (0)
Phase C auto DLB complete: rebalance #158

    Number of DSMC particles        = 9462526
    Number of stuck particles       = 0
    Number of free particles        = 9462526
    Average linear kinetic energy   = 4.138164903e-19
    Average rotational energy       = 5.129714665e-20
    Average vibrational energy      = 3.16980605e-20
    Average electronic energy       = 0
    Total energy                    = 47.01093604

Stage 1.0  ExecutionTime = 3386.17 s  ClockTime = 1862 s  Iteration 8000 (1.15 s)

Time = 0.003204

    Collision global reduction skipped (rank 0 local diagnostics)
    Collisions                      = 13374
    Collision candidates           = 30655
    Collision acceptance rate      = 0.4362746697

    Number of DSMC particles        = 9462488
    Number of stuck particles       = 0
    Number of free particles        = 9462488
    Average linear kinetic energy   = 4.137979385e-19
    Average rotational energy       = 5.130833926e-20
    Average vibrational energy      = 3.169632052e-20
    Average electronic energy       = 0
    Total energy                    = 47.00988624

Stage 1.0  ExecutionTime = 3391.16 s  ClockTime = 1865 s  Iteration 8010 (1.07 s)

Time = 0.003208

    Collision global reduction skipped (rank 0 local diagnostics)
    Collisions                      = 13495
    Collision candidates           = 30860
    Collision acceptance rate      = 0.4372974725

    Number of DSMC particles        = 9462608
    Number of stuck particles       = 0
    Number of free particles        = 9462608
    Average linear kinetic energy   = 4.138109069e-19
    Average rotational energy       = 5.126933757e-20
    Average vibrational energy      = 3.168972638e-20
    Average electronic energy       = 0
    Total energy                    = 47.007395

Stage 1.0  ExecutionTime = 3396.05 s  ClockTime = 1867 s  Iteration 8020 (0.96 s)

Time = 0.003212

    Collision global reduction skipped (rank 0 local diagnostics)
    Collisions                      = 13614
    Collision candidates           = 30997
    Collision acceptance rate      = 0.4392037939

    Number of DSMC particles        = 9462678
    Number of stuck particles       = 0
    Number of free particles        = 9462678
    Average linear kinetic energy   = 4.13771109e-19
    Average rotational energy       = 5.130183257e-20
    Average vibrational energy      = 3.17021675e-20
    Average electronic energy       = 0
    Total energy                    = 47.00822895

Stage 1.0  ExecutionTime = 3400.92 s  ClockTime = 1870 s  Iteration 8030 (0.95 s)

Time = 0.003216

    Collision global reduction skipped (rank 0 local diagnostics)
    Collisions                      = 13438
    Collision candidates           = 30893
    Collision acceptance rate      = 0.4349852717

    Number of DSMC particles        = 9462470
    Number of stuck particles       = 0
    Number of free particles        = 9462470
    Average linear kinetic energy   = 4.137981322e-19
    Average rotational energy       = 5.127705463e-20
    Average vibrational energy      = 3.169225511e-20
    Average electronic energy       = 0
    Total energy                    = 47.00647016

Stage 1.0  ExecutionTime = 3405.83 s  ClockTime = 1873 s  Iteration 8040 (0.99 s)

Time = 0.00322

    Collision global reduction skipped (rank 0 local diagnostics)
    Collisions                      = 13532
    Collision candidates           = 30884
    Collision acceptance rate      = 0.4381556793


Phase C auto DLB triggered (threshold) at step 8050: sar=0 loadImbalance=1.800952602 threshold=1.5 particleMaxMin=1
Phase C ParMETIS weights: particles=9463102 activeCells=104151 maxCellParticles=285
Phase C ParMETIS: alpha=1 ncon=1 ubvec=[1.05] moveRatio=0.9194513579 (moveT=814.5129588s, collT=71.35550156s)
Phase C ParMETIS: AdaptiveRepart (104151 cells, 1 constraints, ubvec=1.05)
Replicated mesh: rank 0 owns 5428 / 104151 cells
Local mesh: 5428 owned + 257 halo = 5685 / 104151 cells
Phase C ParMETIS AdaptiveRepart: 0 / 104151 cells changed (0)
Phase C auto DLB complete: rebalance #159

    Number of DSMC particles        = 9463102
    Number of stuck particles       = 0
    Number of free particles        = 9463102
    Average linear kinetic energy   = 4.137855458e-19
    Average rotational energy       = 5.126213007e-20
    Average vibrational energy      = 3.169416666e-20
    Average electronic energy       = 0
    Total energy                    = 47.00718723

Stage 1.0  ExecutionTime = 3410.95 s  ClockTime = 1875 s  Iteration 8050 (1.19 s)

Time = 0.003224

    Collision global reduction skipped (rank 0 local diagnostics)
    Collisions                      = 13405
    Collision candidates           = 30900
    Collision acceptance rate      = 0.4338187702

    Number of DSMC particles        = 9463580
    Number of stuck particles       = 0
    Number of free particles        = 9463580
    Average linear kinetic energy   = 4.137990805e-19
    Average rotational energy       = 5.125547212e-20
    Average vibrational energy      = 3.168655828e-20
    Average electronic energy       = 0
    Total energy                    = 47.00949242

Stage 1.0  ExecutionTime = 3415.93 s  ClockTime = 1878 s  Iteration 8060 (1.03 s)

Time = 0.003228

    Collision global reduction skipped (rank 0 local diagnostics)
    Collisions                      = 13369
    Collision candidates           = 30745
    Collision acceptance rate      = 0.4348349325

    Number of DSMC particles        = 9463783
    Number of stuck particles       = 0
    Number of free particles        = 9463783
    Average linear kinetic energy   = 4.137844338e-19
    Average rotational energy       = 5.126167679e-20
    Average vibrational energy      = 3.168591987e-20
    Average electronic energy       = 0
    Total energy                    = 47.00964145

Stage 1.0  ExecutionTime = 3420.88 s  ClockTime = 1880 s  Iteration 8070 (1.04 s)

Time = 0.003232

    Collision global reduction skipped (rank 0 local diagnostics)
    Collisions                      = 13501
    Collision candidates           = 30746
    Collision acceptance rate      = 0.4391140311

    Number of DSMC particles        = 9464075
    Number of stuck particles       = 0
    Number of free particles        = 9464075
    Average linear kinetic energy   = 4.137596561e-19
    Average rotational energy       = 5.126861112e-20
    Average vibrational energy      = 3.16775286e-20
    Average electronic energy       = 0
    Total energy                    = 47.00860905

Stage 1.0  ExecutionTime = 3425.84 s  ClockTime = 1883 s  Iteration 8080 (1.05 s)

Time = 0.003236

    Collision global reduction skipped (rank 0 local diagnostics)
    Collisions                      = 13405
    Collision candidates           = 30691
    Collision acceptance rate      = 0.4367729953

    Number of DSMC particles        = 9463741
    Number of stuck particles       = 0
    Number of free particles        = 9463741
    Average linear kinetic energy   = 4.137373725e-19
    Average rotational energy       = 5.128739981e-20
    Average vibrational energy      = 3.168184332e-20
    Average electronic energy       = 0
    Total energy                    = 47.00702763

Stage 1.0  ExecutionTime = 3430.81 s  ClockTime = 1886 s  Iteration 8090 (1.05 s)

Time = 0.00324

    Collision global reduction skipped (rank 0 local diagnostics)
    Collisions                      = 13409
    Collision candidates           = 30576
    Collision acceptance rate      = 0.4385465725


Phase C auto DLB triggered (threshold) at step 8100: sar=0 loadImbalance=1.861934528 threshold=1.5 particleMaxMin=1
Phase C ParMETIS weights: particles=9463849 activeCells=104151 maxCellParticles=292
Phase C ParMETIS: alpha=1 ncon=1 ubvec=[1.05] moveRatio=0.9194391785 (moveT=820.6903105s, collT=71.9084929s)
Phase C ParMETIS: AdaptiveRepart (104151 cells, 1 constraints, ubvec=1.05)
Replicated mesh: rank 0 owns 5428 / 104151 cells
Local mesh: 5428 owned + 257 halo = 5685 / 104151 cells
Phase C ParMETIS AdaptiveRepart: 0 / 104151 cells changed (0)
Phase C auto DLB complete: rebalance #160

    Number of DSMC particles        = 9463849
    Number of stuck particles       = 0
    Number of free particles        = 9463849
    Average linear kinetic energy   = 4.137315823e-19
    Average rotational energy       = 5.131382334e-20
    Average vibrational energy      = 3.168067705e-20
    Average electronic energy       = 0
    Total energy                    = 47.00940641

Stage 1.0  ExecutionTime = 3435.9 s  ClockTime = 1888 s  Iteration 8100 (1.19 s)

Time = 0.003244

    Collision global reduction skipped (rank 0 local diagnostics)
    Collisions                      = 13438
    Collision candidates           = 30653
    Collision acceptance rate      = 0.4383910221

    Number of DSMC particles        = 9464040
    Number of stuck particles       = 0
    Number of free particles        = 9464040
    Average linear kinetic energy   = 4.137372238e-19
    Average rotational energy       = 5.129838877e-20
    Average vibrational energy      = 3.168214085e-20
    Average electronic energy       = 0
    Total energy                    = 47.00956687

Stage 1.0  ExecutionTime = 3440.88 s  ClockTime = 1891 s  Iteration 8110 (1.02 s)

Time = 0.003248

    Collision global reduction skipped (rank 0 local diagnostics)
    Collisions                      = 13293
    Collision candidates           = 30495
    Collision acceptance rate      = 0.4359075258

    Number of DSMC particles        = 9464224
    Number of stuck particles       = 0
    Number of free particles        = 9464224
    Average linear kinetic energy   = 4.137406671e-19
    Average rotational energy       = 5.128153466e-20
    Average vibrational energy      = 3.167723594e-20
    Average electronic energy       = 0
    Total energy                    = 47.00874739

Stage 1.0  ExecutionTime = 3445.85 s  ClockTime = 1894 s  Iteration 8120 (1.05 s)

Time = 0.003252

    Collision global reduction skipped (rank 0 local diagnostics)
    Collisions                      = 13372
    Collision candidates           = 30720
    Collision acceptance rate      = 0.4352864583

    Number of DSMC particles        = 9464742
    Number of stuck particles       = 0
    Number of free particles        = 9464742
    Average linear kinetic energy   = 4.137130189e-19
    Average rotational energy       = 5.127673358e-20
    Average vibrational energy      = 3.167098351e-20
    Average electronic energy       = 0
    Total energy                    = 47.00765728

Stage 1.0  ExecutionTime = 3450.74 s  ClockTime = 1896 s  Iteration 8130 (0.98 s)

Time = 0.003256

    Collision global reduction skipped (rank 0 local diagnostics)
    Collisions                      = 13215
    Collision candidates           = 30512
    Collision acceptance rate      = 0.4331082853

    Number of DSMC particles        = 9464399
    Number of stuck particles       = 0
    Number of free particles        = 9464399
    Average linear kinetic energy   = 4.137189994e-19
    Average rotational energy       = 5.128530601e-20
    Average vibrational energy      = 3.167971273e-20
    Average electronic energy       = 0
    Total energy                    = 47.00815725

Stage 1.0  ExecutionTime = 3455.65 s  ClockTime = 1899 s  Iteration 8140 (0.99 s)

Time = 0.00326

    Collision global reduction skipped (rank 0 local diagnostics)
    Collisions                      = 13187
    Collision candidates           = 30392
    Collision acceptance rate      = 0.4338970782


Phase C auto DLB triggered (threshold) at step 8150: sar=0 loadImbalance=1.830202624 threshold=1.5 particleMaxMin=1
Phase C ParMETIS weights: particles=9464582 activeCells=104151 maxCellParticles=287
Phase C ParMETIS: alpha=1 ncon=1 ubvec=[1.05] moveRatio=0.9194310459 (moveT=826.8593138s, collT=72.45697258s)
Phase C ParMETIS: AdaptiveRepart (104151 cells, 1 constraints, ubvec=1.05)
Replicated mesh: rank 0 owns 5428 / 104151 cells
Local mesh: 5428 owned + 257 halo = 5685 / 104151 cells
Phase C ParMETIS AdaptiveRepart: 0 / 104151 cells changed (0)
Phase C auto DLB complete: rebalance #161

    Number of DSMC particles        = 9464582
    Number of stuck particles       = 0
    Number of free particles        = 9464582
    Average linear kinetic energy   = 4.136937392e-19
    Average rotational energy       = 5.127240513e-20
    Average vibrational energy      = 3.168012191e-20
    Average electronic energy       = 0
    Total energy                    = 47.00549311

Stage 1.0  ExecutionTime = 3460.76 s  ClockTime = 1902 s  Iteration 8150 (1.21 s)

Time = 0.003264

    Collision global reduction skipped (rank 0 local diagnostics)
    Collisions                      = 13286
    Collision candidates           = 30454
    Collision acceptance rate      = 0.4362645301

    Number of DSMC particles        = 9464739
    Number of stuck particles       = 0
    Number of free particles        = 9464739
    Average linear kinetic energy   = 4.137145181e-19
    Average rotational energy       = 5.129720137e-20
    Average vibrational energy      = 3.167509095e-20
    Average electronic energy       = 0
    Total energy                    = 47.01011026

Stage 1.0  ExecutionTime = 3465.63 s  ClockTime = 1904 s  Iteration 8160 (0.94 s)

Time = 0.003268

    Collision global reduction skipped (rank 0 local diagnostics)
    Collisions                      = 13341
    Collision candidates           = 30625
    Collision acceptance rate      = 0.4356244898

    Number of DSMC particles        = 9465352
    Number of stuck particles       = 0
    Number of free particles        = 9465352
    Average linear kinetic energy   = 4.137284092e-19
    Average rotational energy       = 5.12975294e-20
    Average vibrational energy      = 3.166849244e-20
    Average electronic energy       = 0
    Total energy                    = 47.01387626

Stage 1.0  ExecutionTime = 3470.59 s  ClockTime = 1907 s  Iteration 8170 (1.03 s)

Time = 0.003272

    Collision global reduction skipped (rank 0 local diagnostics)
    Collisions                      = 13322
    Collision candidates           = 30689
    Collision acceptance rate      = 0.4340969077

    Number of DSMC particles        = 9465554
    Number of stuck particles       = 0
    Number of free particles        = 9465554
    Average linear kinetic energy   = 4.137306473e-19
    Average rotational energy       = 5.128086847e-20
    Average vibrational energy      = 3.166248929e-20
    Average electronic energy       = 0
    Total energy                    = 47.01294615

Stage 1.0  ExecutionTime = 3475.58 s  ClockTime = 1909 s  Iteration 8180 (1.07 s)

Time = 0.003276

    Collision global reduction skipped (rank 0 local diagnostics)
    Collisions                      = 13280
    Collision candidates           = 30612
    Collision acceptance rate      = 0.4338168039

    Number of DSMC particles        = 9465653
    Number of stuck particles       = 0
    Number of free particles        = 9465653
    Average linear kinetic energy   = 4.137715841e-19
    Average rotational energy       = 5.12469694e-20
    Average vibrational energy      = 3.166947187e-20
    Average electronic energy       = 0
    Total energy                    = 47.01476497

Stage 1.0  ExecutionTime = 3480.47 s  ClockTime = 1912 s  Iteration 8190 (0.99 s)

Time = 0.00328

    Collision global reduction skipped (rank 0 local diagnostics)
    Collisions                      = 13315
    Collision candidates           = 30821
    Collision acceptance rate      = 0.4320106421


Phase C auto DLB triggered (threshold) at step 8200: sar=0 loadImbalance=1.867002716 threshold=1.5 particleMaxMin=1
Phase C ParMETIS weights: particles=9465809 activeCells=104151 maxCellParticles=294
Phase C ParMETIS: alpha=1 ncon=1 ubvec=[1.05] moveRatio=0.9194221191 (moveT=833.0363335s, collT=73.00705636s)
Phase C ParMETIS: AdaptiveRepart (104151 cells, 1 constraints, ubvec=1.05)
Replicated mesh: rank 0 owns 5428 / 104151 cells
Local mesh: 5428 owned + 257 halo = 5685 / 104151 cells
Phase C ParMETIS AdaptiveRepart: 0 / 104151 cells changed (0)
Phase C auto DLB complete: rebalance #162

    Number of DSMC particles        = 9465809
    Number of stuck particles       = 0
    Number of free particles        = 9465809
    Average linear kinetic energy   = 4.137809345e-19
    Average rotational energy       = 5.12485499e-20
    Average vibrational energy      = 3.166066958e-20
    Average electronic energy       = 0
    Total energy                    = 47.0157413

Stage 1.0  ExecutionTime = 3485.58 s  ClockTime = 1915 s  Iteration 8200 (1.21 s)

Time = 0.003284

    Collision global reduction skipped (rank 0 local diagnostics)
    Collisions                      = 13467
    Collision candidates           = 30823
    Collision acceptance rate      = 0.4369139928

    Number of DSMC particles        = 9466635
    Number of stuck particles       = 0
    Number of free particles        = 9466635
    Average linear kinetic energy   = 4.137730596e-19
    Average rotational energy       = 5.124462223e-20
    Average vibrational energy      = 3.166074478e-20
    Average electronic energy       = 0
    Total energy                    = 47.01873377

Stage 1.0  ExecutionTime = 3490.59 s  ClockTime = 1917 s  Iteration 8210 (1.05 s)

Time = 0.003288

    Collision global reduction skipped (rank 0 local diagnostics)
    Collisions                      = 13296
    Collision candidates           = 30661
    Collision acceptance rate      = 0.4336453475

    Number of DSMC particles        = 9466529
    Number of stuck particles       = 0
    Number of free particles        = 9466529
    Average linear kinetic energy   = 4.137070151e-19
    Average rotational energy       = 5.128940041e-20
    Average vibrational energy      = 3.165876887e-20
    Average electronic energy       = 0
    Total energy                    = 47.01600706

Stage 1.0  ExecutionTime = 3495.49 s  ClockTime = 1920 s  Iteration 8220 (0.98 s)

Time = 0.003292

    Collision global reduction skipped (rank 0 local diagnostics)
    Collisions                      = 13184
    Collision candidates           = 30623
    Collision acceptance rate      = 0.4305260752

    Number of DSMC particles        = 9466369
    Number of stuck particles       = 0
    Number of free particles        = 9466369
    Average linear kinetic energy   = 4.137205241e-19
    Average rotational energy       = 5.128903516e-20
    Average vibrational energy      = 3.16475474e-20
    Average electronic energy       = 0
    Total energy                    = 47.01539438

Stage 1.0  ExecutionTime = 3500.33 s  ClockTime = 1922 s  Iteration 8230 (0.91 s)

Time = 0.003296

    Collision global reduction skipped (rank 0 local diagnostics)
    Collisions                      = 13450
    Collision candidates           = 30764
    Collision acceptance rate      = 0.4371993239

    Number of DSMC particles        = 9466268
    Number of stuck particles       = 0
    Number of free particles        = 9466268
    Average linear kinetic energy   = 4.137181087e-19
    Average rotational energy       = 5.131449126e-20
    Average vibrational energy      = 3.165058509e-20
    Average electronic energy       = 0
    Total energy                    = 47.01736141

Stage 1.0  ExecutionTime = 3505.32 s  ClockTime = 1925 s  Iteration 8240 (1.07 s)

Time = 0.0033

    Collision global reduction skipped (rank 0 local diagnostics)
    Collisions                      = 13424
    Collision candidates           = 30884
    Collision acceptance rate      = 0.434658723


Phase C auto DLB triggered (threshold) at step 8250: sar=0 loadImbalance=1.80892458 threshold=1.5 particleMaxMin=1
Phase C ParMETIS weights: particles=9466624 activeCells=104151 maxCellParticles=300
Phase C ParMETIS: alpha=1 ncon=1 ubvec=[1.05] moveRatio=0.9194078897 (moveT=839.2118474s, collT=73.56240304s)
Phase C ParMETIS: AdaptiveRepart (104151 cells, 1 constraints, ubvec=1.05)
Replicated mesh: rank 0 owns 5428 / 104151 cells
Local mesh: 5428 owned + 257 halo = 5685 / 104151 cells
Phase C ParMETIS AdaptiveRepart: 0 / 104151 cells changed (0)
Phase C auto DLB complete: rebalance #163

    Number of DSMC particles        = 9466624
    Number of stuck particles       = 0
    Number of free particles        = 9466624
    Average linear kinetic energy   = 4.137160519e-19
    Average rotational energy       = 5.129306603e-20
    Average vibrational energy      = 3.165873019e-20
    Average electronic energy       = 0
    Total energy                    = 47.01767771

Stage 1.0  ExecutionTime = 3510.44 s  ClockTime = 1928 s  Iteration 8250 (1.2 s)

Time = 0.003304

    Collision global reduction skipped (rank 0 local diagnostics)
    Collisions                      = 13438
    Collision candidates           = 30606
    Collision acceptance rate      = 0.4390642358

    Number of DSMC particles        = 9466831
    Number of stuck particles       = 0
    Number of free particles        = 9466831
    Average linear kinetic energy   = 4.137088286e-19
    Average rotational energy       = 5.129640219e-20
    Average vibrational energy      = 3.165699541e-20
    Average electronic energy       = 0
    Total energy                    = 47.0181736

Stage 1.0  ExecutionTime = 3515.43 s  ClockTime = 1930 s  Iteration 8260 (1.06 s)

Time = 0.003308

    Collision global reduction skipped (rank 0 local diagnostics)
    Collisions                      = 13457
    Collision candidates           = 30589
    Collision acceptance rate      = 0.4399293864

    Number of DSMC particles        = 9466563
    Number of stuck particles       = 0
    Number of free particles        = 9466563
    Average linear kinetic energy   = 4.137327046e-19
    Average rotational energy       = 5.127535525e-20
    Average vibrational energy      = 3.165998964e-20
    Average electronic energy       = 0
    Total energy                    = 47.0173938

Stage 1.0  ExecutionTime = 3520.37 s  ClockTime = 1933 s  Iteration 8270 (1.04 s)

Time = 0.003312

    Collision global reduction skipped (rank 0 local diagnostics)
    Collisions                      = 13333
    Collision candidates           = 30635
    Collision acceptance rate      = 0.4352211523

    Number of DSMC particles        = 9466168
    Number of stuck particles       = 0
    Number of free particles        = 9466168
    Average linear kinetic energy   = 4.137114728e-19
    Average rotational energy       = 5.126387232e-20
    Average vibrational energy      = 3.166320648e-20
    Average electronic energy       = 0
    Total energy                    = 47.01263964

Stage 1.0  ExecutionTime = 3525.38 s  ClockTime = 1936 s  Iteration 8280 (1.08 s)

Time = 0.003316

    Collision global reduction skipped (rank 0 local diagnostics)
    Collisions                      = 13325
    Collision candidates           = 30601
    Collision acceptance rate      = 0.4354432862

    Number of DSMC particles        = 9466499
    Number of stuck particles       = 0
    Number of free particles        = 9466499
    Average linear kinetic energy   = 4.136977519e-19
    Average rotational energy       = 5.128697548e-20
    Average vibrational energy      = 3.166724809e-20
    Average electronic energy       = 0
    Total energy                    = 47.01555429

Stage 1.0  ExecutionTime = 3530.34 s  ClockTime = 1938 s  Iteration 8290 (1.04 s)

Time = 0.00332

    Collision global reduction skipped (rank 0 local diagnostics)
    Collisions                      = 13473
    Collision candidates           = 30788
    Collision acceptance rate      = 0.4376055606


Phase C auto DLB triggered (threshold) at step 8300: sar=0 loadImbalance=1.89758942 threshold=1.5 particleMaxMin=1
Phase C ParMETIS weights: particles=9466531 activeCells=104151 maxCellParticles=286
Phase C ParMETIS: alpha=1 ncon=1 ubvec=[1.05] moveRatio=0.9193969803 (moveT=845.3855083s, collT=74.11447534s)
Phase C ParMETIS: AdaptiveRepart (104151 cells, 1 constraints, ubvec=1.05)
Replicated mesh: rank 0 owns 5428 / 104151 cells
Local mesh: 5428 owned + 257 halo = 5685 / 104151 cells
Phase C ParMETIS AdaptiveRepart: 0 / 104151 cells changed (0)
Phase C auto DLB complete: rebalance #164

    Number of DSMC particles        = 9466531
    Number of stuck particles       = 0
    Number of free particles        = 9466531
    Average linear kinetic energy   = 4.136466809e-19
    Average rotational energy       = 5.130039509e-20
    Average vibrational energy      = 3.16772463e-20
    Average electronic energy       = 0
    Total energy                    = 47.01309542

Stage 1.0  ExecutionTime = 3535.49 s  ClockTime = 1941 s  Iteration 8300 (1.21 s)

Time = 0.003324

    Collision global reduction skipped (rank 0 local diagnostics)
    Collisions                      = 13309
    Collision candidates           = 30681
    Collision acceptance rate      = 0.4337863825

    Number of DSMC particles        = 9466969
    Number of stuck particles       = 0
    Number of free particles        = 9466969
    Average linear kinetic energy   = 4.136546375e-19
    Average rotational energy       = 5.126591644e-20
    Average vibrational energy      = 3.166606069e-20
    Average electronic energy       = 0
    Total energy                    = 47.01170087

Stage 1.0  ExecutionTime = 3540.42 s  ClockTime = 1944 s  Iteration 8310 (1 s)

Time = 0.003328

    Collision global reduction skipped (rank 0 local diagnostics)
    Collisions                      = 13289
    Collision candidates           = 30627
    Collision acceptance rate      = 0.4338981944

    Number of DSMC particles        = 9466572
    Number of stuck particles       = 0
    Number of free particles        = 9466572
    Average linear kinetic energy   = 4.136610643e-19
    Average rotational energy       = 5.126649999e-20
    Average vibrational energy      = 3.166151811e-20
    Average electronic energy       = 0
    Total energy                    = 47.00996303

Stage 1.0  ExecutionTime = 3545.33 s  ClockTime = 1946 s  Iteration 8320 (0.99 s)

Time = 0.003332

    Collision global reduction skipped (rank 0 local diagnostics)
    Collisions                      = 13395
    Collision candidates           = 30679
    Collision acceptance rate      = 0.4366178819

    Number of DSMC particles        = 9466931
    Number of stuck particles       = 0
    Number of free particles        = 9466931
    Average linear kinetic energy   = 4.136341475e-19
    Average rotational energy       = 5.129062658e-20
    Average vibrational energy      = 3.166643557e-20
    Average electronic energy       = 0
    Total energy                    = 47.01194717

Stage 1.0  ExecutionTime = 3550.32 s  ClockTime = 1949 s  Iteration 8330 (1.06 s)

Time = 0.003336

    Collision global reduction skipped (rank 0 local diagnostics)
    Collisions                      = 13539
    Collision candidates           = 30794
    Collision acceptance rate      = 0.4396635708

    Number of DSMC particles        = 9467170
    Number of stuck particles       = 0
    Number of free particles        = 9467170
    Average linear kinetic energy   = 4.136370813e-19
    Average rotational energy       = 5.126915544e-20
    Average vibrational energy      = 3.167472764e-20
    Average electronic energy       = 0
    Total energy                    = 47.01216408

Stage 1.0  ExecutionTime = 3555.31 s  ClockTime = 1952 s  Iteration 8340 (1.06 s)

Time = 0.00334

    Collision global reduction skipped (rank 0 local diagnostics)
    Collisions                      = 13222
    Collision candidates           = 30645
    Collision acceptance rate      = 0.4314570077


Phase C auto DLB triggered (threshold) at step 8350: sar=0 loadImbalance=1.885458217 threshold=1.5 particleMaxMin=1
Phase C ParMETIS weights: particles=9466768 activeCells=104151 maxCellParticles=287
Phase C ParMETIS: alpha=1 ncon=1 ubvec=[1.05] moveRatio=0.9193884609 (moveT=851.5679437s, collT=74.66506866s)
Phase C ParMETIS: AdaptiveRepart (104151 cells, 1 constraints, ubvec=1.05)
Replicated mesh: rank 0 owns 5428 / 104151 cells
Local mesh: 5428 owned + 257 halo = 5685 / 104151 cells
Phase C ParMETIS AdaptiveRepart: 0 / 104151 cells changed (0)
Phase C auto DLB complete: rebalance #165

    Number of DSMC particles        = 9466768
    Number of stuck particles       = 0
    Number of free particles        = 9466768
    Average linear kinetic energy   = 4.13644557e-19
    Average rotational energy       = 5.125134682e-20
    Average vibrational energy      = 3.166949164e-20
    Average electronic energy       = 0
    Total energy                    = 47.00869395

Stage 1.0  ExecutionTime = 3560.46 s  ClockTime = 1954 s  Iteration 8350 (1.23 s)

Time = 0.003344

    Collision global reduction skipped (rank 0 local diagnostics)
    Collisions                      = 13367
    Collision candidates           = 30668
    Collision acceptance rate      = 0.4358614843

    Number of DSMC particles        = 9466978
    Number of stuck particles       = 0
    Number of free particles        = 9466978
    Average linear kinetic energy   = 4.136140731e-19
    Average rotational energy       = 5.125593718e-20
    Average vibrational energy      = 3.168187508e-20
    Average electronic energy       = 0
    Total energy                    = 47.00845775

Stage 1.0  ExecutionTime = 3565.47 s  ClockTime = 1957 s  Iteration 8360 (1.06 s)

Time = 0.003348

    Collision global reduction skipped (rank 0 local diagnostics)
    Collisions                      = 13381
    Collision candidates           = 30803
    Collision acceptance rate      = 0.4344057397

    Number of DSMC particles        = 9467392
    Number of stuck particles       = 0
    Number of free particles        = 9467392
    Average linear kinetic energy   = 4.135950731e-19
    Average rotational energy       = 5.125728481e-20
    Average vibrational energy      = 3.168772063e-20
    Average electronic energy       = 0
    Total energy                    = 47.00939567

Stage 1.0  ExecutionTime = 3570.39 s  ClockTime = 1960 s  Iteration 8370 (0.99 s)

Time = 0.003352

    Collision global reduction skipped (rank 0 local diagnostics)
    Collisions                      = 13146
    Collision candidates           = 30722
    Collision acceptance rate      = 0.4279018293

    Number of DSMC particles        = 9467834
    Number of stuck particles       = 0
    Number of free particles        = 9467834
    Average linear kinetic energy   = 4.135699246e-19
    Average rotational energy       = 5.124441047e-20
    Average vibrational energy      = 3.168997857e-20
    Average electronic energy       = 0
    Total energy                    = 47.00820422

Stage 1.0  ExecutionTime = 3575.37 s  ClockTime = 1962 s  Iteration 8380 (1.05 s)

Time = 0.003356

    Collision global reduction skipped (rank 0 local diagnostics)
    Collisions                      = 13208
    Collision candidates           = 30592
    Collision acceptance rate      = 0.4317468619

    Number of DSMC particles        = 9467620
    Number of stuck particles       = 0
    Number of free particles        = 9467620
    Average linear kinetic energy   = 4.135843457e-19
    Average rotational energy       = 5.12787791e-20
    Average vibrational energy      = 3.167626942e-20
    Average electronic energy       = 0
    Total energy                    = 47.01046299

Stage 1.0  ExecutionTime = 3580.36 s  ClockTime = 1965 s  Iteration 8390 (1.06 s)

Time = 0.00336

    Collision global reduction skipped (rank 0 local diagnostics)
    Collisions                      = 13292
    Collision candidates           = 30586
    Collision acceptance rate      = 0.4345779115


Phase C auto DLB triggered (threshold) at step 8400: sar=0 loadImbalance=1.887082475 threshold=1.5 particleMaxMin=1
Phase C ParMETIS weights: particles=9468050 activeCells=104150 maxCellParticles=289
Phase C ParMETIS: alpha=1 ncon=1 ubvec=[1.05] moveRatio=0.9193681771 (moveT=857.7534256s, collT=75.22799251s)
Phase C ParMETIS: AdaptiveRepart (104151 cells, 1 constraints, ubvec=1.05)
Replicated mesh: rank 0 owns 5428 / 104151 cells
Local mesh: 5428 owned + 257 halo = 5685 / 104151 cells
Phase C ParMETIS AdaptiveRepart: 0 / 104151 cells changed (0)
Phase C auto DLB complete: rebalance #166

    Number of DSMC particles        = 9468050
    Number of stuck particles       = 0
    Number of free particles        = 9468050
    Average linear kinetic energy   = 4.135588504e-19
    Average rotational energy       = 5.128292864e-20
    Average vibrational energy      = 3.168230441e-20
    Average electronic energy       = 0
    Total energy                    = 47.01114848

Stage 1.0  ExecutionTime = 3585.48 s  ClockTime = 1968 s  Iteration 8400 (1.19 s)

Time = 0.003364

    Collision global reduction skipped (rank 0 local diagnostics)
    Collisions                      = 13266
    Collision candidates           = 30713
    Collision acceptance rate      = 0.43193436

    Number of DSMC particles        = 9468173
    Number of stuck particles       = 0
    Number of free particles        = 9468173
    Average linear kinetic energy   = 4.13600347e-19
    Average rotational energy       = 5.125697744e-20
    Average vibrational energy      = 3.167993376e-20
    Average electronic energy       = 0
    Total energy                    = 47.01300661

Stage 1.0  ExecutionTime = 3590.52 s  ClockTime = 1970 s  Iteration 8410 (1.07 s)

Time = 0.003368

    Collision global reduction skipped (rank 0 local diagnostics)
    Collisions                      = 13340
    Collision candidates           = 30792
    Collision acceptance rate      = 0.4332294102

    Number of DSMC particles        = 9468044
    Number of stuck particles       = 0
    Number of free particles        = 9468044
    Average linear kinetic energy   = 4.136353132e-19
    Average rotational energy       = 5.125589452e-20
    Average vibrational energy      = 3.168445805e-20
    Average electronic energy       = 0
    Total energy                    = 47.01600253

Stage 1.0  ExecutionTime = 3595.51 s  ClockTime = 1973 s  Iteration 8420 (1.06 s)

Time = 0.003372

    Collision global reduction skipped (rank 0 local diagnostics)
    Collisions                      = 13455
    Collision candidates           = 30825
    Collision acceptance rate      = 0.4364963504

    Number of DSMC particles        = 9467950
    Number of stuck particles       = 0
    Number of free particles        = 9467950
    Average linear kinetic energy   = 4.135940715e-19
    Average rotational energy       = 5.126545162e-20
    Average vibrational energy      = 3.169601324e-20
    Average electronic energy       = 0
    Total energy                    = 47.01362991

Stage 1.0  ExecutionTime = 3600.44 s  ClockTime = 1975 s  Iteration 8430 (1 s)

Time = 0.003376

    Collision global reduction skipped (rank 0 local diagnostics)
    Collisions                      = 13459
    Collision candidates           = 30942
    Collision acceptance rate      = 0.4349751147

    Number of DSMC particles        = 9468216
    Number of stuck particles       = 0
    Number of free particles        = 9468216
    Average linear kinetic energy   = 4.136497897e-19
    Average rotational energy       = 5.125610109e-20
    Average vibrational energy      = 3.168054804e-20
    Average electronic energy       = 0
    Total energy                    = 47.01787665

Stage 1.0  ExecutionTime = 3605.43 s  ClockTime = 1978 s  Iteration 8440 (1.06 s)

Time = 0.00338

    Collision global reduction skipped (rank 0 local diagnostics)
    Collisions                      = 13487
    Collision candidates           = 30925
    Collision acceptance rate      = 0.4361196443


Phase C auto DLB triggered (threshold) at step 8450: sar=0 loadImbalance=1.881395762 threshold=1.5 particleMaxMin=1
Phase C ParMETIS weights: particles=9468029 activeCells=104151 maxCellParticles=290
Phase C ParMETIS: alpha=1 ncon=1 ubvec=[1.05] moveRatio=0.9193572052 (moveT=863.9399936s, collT=75.781791s)
Phase C ParMETIS: AdaptiveRepart (104151 cells, 1 constraints, ubvec=1.05)
Replicated mesh: rank 0 owns 5428 / 104151 cells
Local mesh: 5428 owned + 257 halo = 5685 / 104151 cells
Phase C ParMETIS AdaptiveRepart: 0 / 104151 cells changed (0)
Phase C auto DLB complete: rebalance #167

    Number of DSMC particles        = 9468029
    Number of stuck particles       = 0
    Number of free particles        = 9468029
    Average linear kinetic energy   = 4.136457984e-19
    Average rotational energy       = 5.126357996e-20
    Average vibrational energy      = 3.166980441e-20
    Average electronic energy       = 0
    Total energy                    = 47.01626103

Stage 1.0  ExecutionTime = 3610.6 s  ClockTime = 1981 s  Iteration 8450 (1.22 s)

Time = 0.003384

    Collision global reduction skipped (rank 0 local diagnostics)
    Collisions                      = 13306
    Collision candidates           = 30824
    Collision acceptance rate      = 0.4316766156

    Number of DSMC particles        = 9467933
    Number of stuck particles       = 0
    Number of free particles        = 9467933
    Average linear kinetic energy   = 4.136636437e-19
    Average rotational energy       = 5.128243024e-20
    Average vibrational energy      = 3.168150513e-20
    Average electronic energy       = 0
    Total energy                    = 47.02036645

Stage 1.0  ExecutionTime = 3615.61 s  ClockTime = 1984 s  Iteration 8460 (1.02 s)

Time = 0.003388

    Collision global reduction skipped (rank 0 local diagnostics)
    Collisions                      = 13362
    Collision candidates           = 30811
    Collision acceptance rate      = 0.4336762844

    Number of DSMC particles        = 9467832
    Number of stuck particles       = 0
    Number of free particles        = 9467832
    Average linear kinetic energy   = 4.137142114e-19
    Average rotational energy       = 5.125263485e-20
    Average vibrational energy      = 3.16777389e-20
    Average electronic energy       = 0
    Total energy                    = 47.02147496

Stage 1.0  ExecutionTime = 3620.59 s  ClockTime = 1986 s  Iteration 8470 (1.05 s)

Time = 0.003392

    Collision global reduction skipped (rank 0 local diagnostics)
    Collisions                      = 13684
    Collision candidates           = 30849
    Collision acceptance rate      = 0.4435800188

    Number of DSMC particles        = 9468174
    Number of stuck particles       = 0
    Number of free particles        = 9468174
    Average linear kinetic energy   = 4.136692725e-19
    Average rotational energy       = 5.128073881e-20
    Average vibrational energy      = 3.167712035e-20
    Average electronic energy       = 0
    Total energy                    = 47.02152096

Stage 1.0  ExecutionTime = 3625.54 s  ClockTime = 1989 s  Iteration 8480 (1.04 s)

Time = 0.003396

    Collision global reduction skipped (rank 0 local diagnostics)
    Collisions                      = 13369
    Collision candidates           = 30988
    Collision acceptance rate      = 0.4314250678

    Number of DSMC particles        = 9468462
    Number of stuck particles       = 0
    Number of free particles        = 9468462
    Average linear kinetic energy   = 4.136544416e-19
    Average rotational energy       = 5.126384358e-20
    Average vibrational energy      = 3.169248718e-20
    Average electronic energy       = 0
    Total energy                    = 47.02140227

Stage 1.0  ExecutionTime = 3630.52 s  ClockTime = 1991 s  Iteration 8490 (1.07 s)

Time = 0.0034

    Collision global reduction skipped (rank 0 local diagnostics)
    Collisions                      = 13675
    Collision candidates           = 31075
    Collision acceptance rate      = 0.4400643604


Phase C auto DLB triggered (threshold) at step 8500: sar=0 loadImbalance=1.863950561 threshold=1.5 particleMaxMin=1
Phase C ParMETIS weights: particles=9469127 activeCells=104151 maxCellParticles=288
Phase C ParMETIS: alpha=1 ncon=1 ubvec=[1.05] moveRatio=0.9193468409 (moveT=870.1253061s, collT=76.33501482s)
Phase C ParMETIS: AdaptiveRepart (104151 cells, 1 constraints, ubvec=1.05)
Replicated mesh: rank 0 owns 5428 / 104151 cells
Local mesh: 5428 owned + 257 halo = 5685 / 104151 cells
Phase C ParMETIS AdaptiveRepart: 0 / 104151 cells changed (0)
Phase C auto DLB complete: rebalance #168

    Number of DSMC particles        = 9469127
    Number of stuck particles       = 0
    Number of free particles        = 9469127
    Average linear kinetic energy   = 4.136564747e-19
    Average rotational energy       = 5.128667603e-20
    Average vibrational energy      = 3.169099075e-20
    Average electronic energy       = 0
    Total energy                    = 47.02691758

Stage 1.0  ExecutionTime = 3635.61 s  ClockTime = 1994 s  Iteration 8500 (1.17 s)

Time = 0.003404

    Collision global reduction skipped (rank 0 local diagnostics)
    Collisions                      = 13472
    Collision candidates           = 31247
    Collision acceptance rate      = 0.43114539

    Number of DSMC particles        = 9469429
    Number of stuck particles       = 0
    Number of free particles        = 9469429
    Average linear kinetic energy   = 4.136621625e-19
    Average rotational energy       = 5.129280507e-20
    Average vibrational energy      = 3.168121398e-20
    Average electronic energy       = 0
    Total energy                    = 47.0286106

Stage 1.0  ExecutionTime = 3640.65 s  ClockTime = 1997 s  Iteration 8510 (1.06 s)

Time = 0.003408

    Collision global reduction skipped (rank 0 local diagnostics)
    Collisions                      = 13478
    Collision candidates           = 31249
    Collision acceptance rate      = 0.4313098019

    Number of DSMC particles        = 9469651
    Number of stuck particles       = 0
    Number of free particles        = 9469651
    Average linear kinetic energy   = 4.13696836e-19
    Average rotational energy       = 5.12745567e-20
    Average vibrational energy      = 3.166554017e-20
    Average electronic energy       = 0
    Total energy                    = 47.02978428

Stage 1.0  ExecutionTime = 3645.57 s  ClockTime = 1999 s  Iteration 8520 (0.99 s)

Time = 0.003412

    Collision global reduction skipped (rank 0 local diagnostics)
    Collisions                      = 13424
    Collision candidates           = 30818
    Collision acceptance rate      = 0.4355895905

    Number of DSMC particles        = 9469232
    Number of stuck particles       = 0
    Number of free particles        = 9469232
    Average linear kinetic energy   = 4.136341824e-19
    Average rotational energy       = 5.13061246e-20
    Average vibrational energy      = 3.168226699e-20
    Average electronic energy       = 0
    Total energy                    = 47.0263437

Stage 1.0  ExecutionTime = 3650.57 s  ClockTime = 2002 s  Iteration 8530 (1.06 s)

Time = 0.003416

    Collision global reduction skipped (rank 0 local diagnostics)
    Collisions                      = 13495
    Collision candidates           = 30648
    Collision acceptance rate      = 0.4403223701

    Number of DSMC particles        = 9469230
    Number of stuck particles       = 0
    Number of free particles        = 9469230
    Average linear kinetic energy   = 4.136391154e-19
    Average rotational energy       = 5.127663813e-20
    Average vibrational energy      = 3.169397808e-20
    Average electronic energy       = 0
    Total energy                    = 47.02511769

Stage 1.0  ExecutionTime = 3655.48 s  ClockTime = 2005 s  Iteration 8540 (0.98 s)

Time = 0.00342

    Collision global reduction skipped (rank 0 local diagnostics)
    Collisions                      = 13291
    Collision candidates           = 30646
    Collision acceptance rate      = 0.4336944463


Phase C auto DLB triggered (threshold) at step 8550: sar=0 loadImbalance=1.896303912 threshold=1.5 particleMaxMin=1
Phase C ParMETIS weights: particles=9469367 activeCells=104151 maxCellParticles=296
Phase C ParMETIS: alpha=1 ncon=1 ubvec=[1.05] moveRatio=0.9193327341 (moveT=876.3128182s, collT=76.89246394s)
Phase C ParMETIS: AdaptiveRepart (104151 cells, 1 constraints, ubvec=1.05)
Replicated mesh: rank 0 owns 5428 / 104151 cells
Local mesh: 5428 owned + 257 halo = 5685 / 104151 cells
Phase C ParMETIS AdaptiveRepart: 0 / 104151 cells changed (0)
Phase C auto DLB complete: rebalance #169

    Number of DSMC particles        = 9469367
    Number of stuck particles       = 0
    Number of free particles        = 9469367
    Average linear kinetic energy   = 4.136544553e-19
    Average rotational energy       = 5.128861713e-20
    Average vibrational energy      = 3.168698053e-20
    Average electronic energy       = 0
    Total energy                    = 47.02772234

Stage 1.0  ExecutionTime = 3660.62 s  ClockTime = 2007 s  Iteration 8550 (1.21 s)

Time = 0.003424

    Collision global reduction skipped (rank 0 local diagnostics)
    Collisions                      = 13181
    Collision candidates           = 30467
    Collision acceptance rate      = 0.4326320281

    Number of DSMC particles        = 9469177
    Number of stuck particles       = 0
    Number of free particles        = 9469177
    Average linear kinetic energy   = 4.136442586e-19
    Average rotational energy       = 5.131269884e-20
    Average vibrational energy      = 3.169774057e-20
    Average electronic energy       = 0
    Total energy                    = 47.02911243

Stage 1.0  ExecutionTime = 3665.64 s  ClockTime = 2010 s  Iteration 8560 (1.06 s)

Time = 0.003428

    Collision global reduction skipped (rank 0 local diagnostics)
    Collisions                      = 13267
    Collision candidates           = 30645
    Collision acceptance rate      = 0.4329254364

    Number of DSMC particles        = 9469571
    Number of stuck particles       = 0
    Number of free particles        = 9469571
    Average linear kinetic energy   = 4.136303561e-19
    Average rotational energy       = 5.129292191e-20
    Average vibrational energy      = 3.17096917e-20
    Average electronic energy       = 0
    Total energy                    = 47.02901167

Stage 1.0  ExecutionTime = 3670.61 s  ClockTime = 2013 s  Iteration 8570 (1.05 s)

Time = 0.003432

    Collision global reduction skipped (rank 0 local diagnostics)
    Collisions                      = 13445
    Collision candidates           = 30844
    Collision acceptance rate      = 0.4359032551

    Number of DSMC particles        = 9469210
    Number of stuck particles       = 0
    Number of free particles        = 9469210
    Average linear kinetic energy   = 4.136028515e-19
    Average rotational energy       = 5.133770139e-20
    Average vibrational energy      = 3.170343999e-20
    Average electronic energy       = 0
    Total energy                    = 47.02826264

Stage 1.0  ExecutionTime = 3675.59 s  ClockTime = 2015 s  Iteration 8580 (1.04 s)

Time = 0.003436

    Collision global reduction skipped (rank 0 local diagnostics)
    Collisions                      = 13448
    Collision candidates           = 30668
    Collision acceptance rate      = 0.4385026738

    Number of DSMC particles        = 9469366
    Number of stuck particles       = 0
    Number of free particles        = 9469366
    Average linear kinetic energy   = 4.136202184e-19
    Average rotational energy       = 5.13348576e-20
    Average vibrational energy      = 3.170882716e-20
    Average electronic energy       = 0
    Total energy                    = 47.03092278

Stage 1.0  ExecutionTime = 3680.53 s  ClockTime = 2018 s  Iteration 8590 (0.99 s)

Time = 0.00344

    Collision global reduction skipped (rank 0 local diagnostics)
    Collisions                      = 13344
    Collision candidates           = 30600
    Collision acceptance rate      = 0.4360784314


Phase C auto DLB triggered (threshold) at step 8600: sar=0 loadImbalance=1.875006246 threshold=1.5 particleMaxMin=1
Phase C ParMETIS weights: particles=9469273 activeCells=104150 maxCellParticles=296
Phase C ParMETIS: alpha=1 ncon=1 ubvec=[1.05] moveRatio=0.9193234257 (moveT=882.5072724s, collT=77.44571879s)
Phase C ParMETIS: AdaptiveRepart (104151 cells, 1 constraints, ubvec=1.05)
Replicated mesh: rank 0 owns 5428 / 104151 cells
Local mesh: 5428 owned + 257 halo = 5685 / 104151 cells
Phase C ParMETIS AdaptiveRepart: 0 / 104151 cells changed (0)
Phase C auto DLB complete: rebalance #170

    Number of DSMC particles        = 9469273
    Number of stuck particles       = 0
    Number of free particles        = 9469273
    Average linear kinetic energy   = 4.136305573e-19
    Average rotational energy       = 5.132006326e-20
    Average vibrational energy      = 3.170923223e-20
    Average electronic energy       = 0
    Total energy                    = 47.03007734

Stage 1.0  ExecutionTime = 3685.69 s  ClockTime = 2021 s  Iteration 8600 (1.22 s)

Time = 0.003444

    Collision global reduction skipped (rank 0 local diagnostics)
    Collisions                      = 13272
    Collision candidates           = 30846
    Collision acceptance rate      = 0.4302664851

    Number of DSMC particles        = 9469723
    Number of stuck particles       = 0
    Number of free particles        = 9469723
    Average linear kinetic energy   = 4.136387736e-19
    Average rotational energy       = 5.132699793e-20
    Average vibrational energy      = 3.171191263e-20
    Average electronic energy       = 0
    Total energy                    = 47.03400089

Stage 1.0  ExecutionTime = 3690.57 s  ClockTime = 2023 s  Iteration 8610 (0.91 s)

Time = 0.003448

    Collision global reduction skipped (rank 0 local diagnostics)
    Collisions                      = 13195
    Collision candidates           = 30694
    Collision acceptance rate      = 0.4298885776

    Number of DSMC particles        = 9469823
    Number of stuck particles       = 0
    Number of free particles        = 9469823
    Average linear kinetic energy   = 4.136878915e-19
    Average rotational energy       = 5.129171163e-20
    Average vibrational energy      = 3.171494759e-20
    Average electronic energy       = 0
    Total energy                    = 47.0360948

Stage 1.0  ExecutionTime = 3695.55 s  ClockTime = 2026 s  Iteration 8620 (1.04 s)

Time = 0.003452

    Collision global reduction skipped (rank 0 local diagnostics)
    Collisions                      = 13217
    Collision candidates           = 30791
    Collision acceptance rate      = 0.4292488065

    Number of DSMC particles        = 9469860
    Number of stuck particles       = 0
    Number of free particles        = 9469860
    Average linear kinetic energy   = 4.136652164e-19
    Average rotational energy       = 5.131187331e-20
    Average vibrational energy      = 3.173202964e-20
    Average electronic energy       = 0
    Total energy                    = 47.03765821

Stage 1.0  ExecutionTime = 3700.54 s  ClockTime = 2028 s  Iteration 8630 (1.06 s)

Time = 0.003456

    Collision global reduction skipped (rank 0 local diagnostics)
    Collisions                      = 13442
    Collision candidates           = 30783
    Collision acceptance rate      = 0.4366695904

    Number of DSMC particles        = 9470198
    Number of stuck particles       = 0
    Number of free particles        = 9470198
    Average linear kinetic energy   = 4.136734269e-19
    Average rotational energy       = 5.13049135e-20
    Average vibrational energy      = 3.172376149e-20
    Average electronic energy       = 0
    Total energy                    = 47.03867252

Stage 1.0  ExecutionTime = 3705.53 s  ClockTime = 2031 s  Iteration 8640 (1.05 s)

Time = 0.00346

    Collision global reduction skipped (rank 0 local diagnostics)
    Collisions                      = 13408
    Collision candidates           = 30960
    Collision acceptance rate      = 0.4330749354


Phase C auto DLB triggered (threshold) at step 8650: sar=0 loadImbalance=1.883517569 threshold=1.5 particleMaxMin=1
Phase C ParMETIS weights: particles=9470625 activeCells=104151 maxCellParticles=291
Phase C ParMETIS: alpha=1 ncon=1 ubvec=[1.05] moveRatio=0.9193058919 (moveT=888.7028495s, collT=78.00785839s)
Phase C ParMETIS: AdaptiveRepart (104151 cells, 1 constraints, ubvec=1.05)
Replicated mesh: rank 0 owns 5428 / 104151 cells
Local mesh: 5428 owned + 257 halo = 5685 / 104151 cells
Phase C ParMETIS AdaptiveRepart: 0 / 104151 cells changed (0)
Phase C auto DLB complete: rebalance #171

    Number of DSMC particles        = 9470625
    Number of stuck particles       = 0
    Number of free particles        = 9470625
    Average linear kinetic energy   = 4.136746247e-19
    Average rotational energy       = 5.127982672e-20
    Average vibrational energy      = 3.170906556e-20
    Average electronic energy       = 0
    Total energy                    = 47.03713921

Stage 1.0  ExecutionTime = 3710.68 s  ClockTime = 2034 s  Iteration 8650 (1.21 s)

Time = 0.003464

    Collision global reduction skipped (rank 0 local diagnostics)
    Collisions                      = 13474
    Collision candidates           = 31217
    Collision acceptance rate      = 0.4316237947

    Number of DSMC particles        = 9470423
    Number of stuck particles       = 0
    Number of free particles        = 9470423
    Average linear kinetic energy   = 4.136809784e-19
    Average rotational energy       = 5.129922847e-20
    Average vibrational energy      = 3.168878809e-20
    Average electronic energy       = 0
    Total energy                    = 47.03665473

Stage 1.0  ExecutionTime = 3715.69 s  ClockTime = 2036 s  Iteration 8660 (1.03 s)

Time = 0.003468

    Collision global reduction skipped (rank 0 local diagnostics)
    Collisions                      = 13638
    Collision candidates           = 31059
    Collision acceptance rate      = 0.4390997778

    Number of DSMC particles        = 9470488
    Number of stuck particles       = 0
    Number of free particles        = 9470488
    Average linear kinetic energy   = 4.13702935e-19
    Average rotational energy       = 5.129765241e-20
    Average vibrational energy      = 3.168431253e-20
    Average electronic energy       = 0
    Total energy                    = 47.03848384

Stage 1.0  ExecutionTime = 3720.55 s  ClockTime = 2039 s  Iteration 8670 (0.9 s)

Time = 0.003472

    Collision global reduction skipped (rank 0 local diagnostics)
    Collisions                      = 13404
    Collision candidates           = 30845
    Collision acceptance rate      = 0.4345598963

    Number of DSMC particles        = 9470824
    Number of stuck particles       = 0
    Number of free particles        = 9470824
    Average linear kinetic energy   = 4.136993217e-19
    Average rotational energy       = 5.131704911e-20
    Average vibrational energy      = 3.167940885e-20
    Average electronic energy       = 0
    Total energy                    = 47.0411831

Stage 1.0  ExecutionTime = 3725.53 s  ClockTime = 2042 s  Iteration 8680 (1.05 s)

Time = 0.003476

    Collision global reduction skipped (rank 0 local diagnostics)
    Collisions                      = 13258
    Collision candidates           = 30494
    Collision acceptance rate      = 0.4347740539

    Number of DSMC particles        = 9470556
    Number of stuck particles       = 0
    Number of free particles        = 9470556
    Average linear kinetic energy   = 4.136961268e-19
    Average rotational energy       = 5.132691116e-20
    Average vibrational energy      = 3.16766486e-20
    Average electronic energy       = 0
    Total energy                    = 47.04022197

Stage 1.0  ExecutionTime = 3730.45 s  ClockTime = 2044 s  Iteration 8690 (0.97 s)

Time = 0.00348

    Collision global reduction skipped (rank 0 local diagnostics)
    Collisions                      = 13261
    Collision candidates           = 30640
    Collision acceptance rate      = 0.4328002611


Phase C auto DLB triggered (threshold) at step 8700: sar=0 loadImbalance=1.871831833 threshold=1.5 particleMaxMin=1
Phase C ParMETIS weights: particles=9470310 activeCells=104151 maxCellParticles=295
Phase C ParMETIS: alpha=1 ncon=1 ubvec=[1.05] moveRatio=0.9192952778 (moveT=894.8937329s, collT=78.56251619s)
Phase C ParMETIS: AdaptiveRepart (104151 cells, 1 constraints, ubvec=1.05)
Replicated mesh: rank 0 owns 5428 / 104151 cells
Local mesh: 5428 owned + 257 halo = 5685 / 104151 cells
Phase C ParMETIS AdaptiveRepart: 0 / 104151 cells changed (0)
Phase C auto DLB complete: rebalance #172

    Number of DSMC particles        = 9470310
    Number of stuck particles       = 0
    Number of free particles        = 9470310
    Average linear kinetic energy   = 4.137136232e-19
    Average rotational energy       = 5.129553045e-20
    Average vibrational energy      = 3.168430761e-20
    Average electronic energy       = 0
    Total energy                    = 47.03841053

Stage 1.0  ExecutionTime = 3735.61 s  ClockTime = 2047 s  Iteration 8700 (1.23 s)

Time = 0.003484

    Collision global reduction skipped (rank 0 local diagnostics)
    Collisions                      = 13341
    Collision candidates           = 30641
    Collision acceptance rate      = 0.4353970171

    Number of DSMC particles        = 9470906
    Number of stuck particles       = 0
    Number of free particles        = 9470906
    Average linear kinetic energy   = 4.137141138e-19
    Average rotational energy       = 5.12792102e-20
    Average vibrational energy      = 3.170148009e-20
    Average electronic energy       = 0
    Total energy                    = 47.041498

Stage 1.0  ExecutionTime = 3740.59 s  ClockTime = 2050 s  Iteration 8710 (1.02 s)

Time = 0.003488

    Collision global reduction skipped (rank 0 local diagnostics)
    Collisions                      = 13430
    Collision candidates           = 30758
    Collision acceptance rate      = 0.4366343715

    Number of DSMC particles        = 9471183
    Number of stuck particles       = 0
    Number of free particles        = 9471183
    Average linear kinetic energy   = 4.137047663e-19
    Average rotational energy       = 5.128170489e-20
    Average vibrational energy      = 3.169775478e-20
    Average electronic energy       = 0
    Total energy                    = 47.04187198

Stage 1.0  ExecutionTime = 3745.49 s  ClockTime = 2052 s  Iteration 8720 (0.97 s)

Time = 0.003492

    Collision global reduction skipped (rank 0 local diagnostics)
    Collisions                      = 13361
    Collision candidates           = 30734
    Collision acceptance rate      = 0.4347302662

    Number of DSMC particles        = 9471573
    Number of stuck particles       = 0
    Number of free particles        = 9471573
    Average linear kinetic energy   = 4.136844164e-19
    Average rotational energy       = 5.130227439e-20
    Average vibrational energy      = 3.168666679e-20
    Average electronic energy       = 0
    Total energy                    = 47.04277964

Stage 1.0  ExecutionTime = 3750.4 s  ClockTime = 2055 s  Iteration 8730 (0.98 s)

Time = 0.003496

    Collision global reduction skipped (rank 0 local diagnostics)
    Collisions                      = 13429
    Collision candidates           = 30980
    Collision acceptance rate      = 0.4334732085

    Number of DSMC particles        = 9471781
    Number of stuck particles       = 0
    Number of free particles        = 9471781
    Average linear kinetic energy   = 4.136873272e-19
    Average rotational energy       = 5.129744683e-20
    Average vibrational energy      = 3.166844002e-20
    Average electronic energy       = 0
    Total energy                    = 47.04190477

Stage 1.0  ExecutionTime = 3755.37 s  ClockTime = 2057 s  Iteration 8740 (1.04 s)

Time = 0.0035

    Collision global reduction skipped (rank 0 local diagnostics)
    Collisions                      = 13239
    Collision candidates           = 30826
    Collision acceptance rate      = 0.4294751184


Phase C auto DLB triggered (threshold) at step 8750: sar=0 loadImbalance=1.847508201 threshold=1.5 particleMaxMin=1
Phase C auto DLB skipped near end at step 8750: remainingSteps=0 minRemainingSteps=50
    Number of DSMC particles        = 9471754
    Number of stuck particles       = 0
    Number of free particles        = 9471754
    Average linear kinetic energy   = 4.136768128e-19
    Average rotational energy       = 5.126964129e-20
    Average vibrational energy      = 3.16706993e-20
    Average electronic energy       = 0
    Total energy                    = 47.03835509
Replicated mesh: wrote gathered cloud on rank0 at output time 0.0035 with 9471754 parcels
Written cellOwner field at output time 0.0035
Replicated mesh output timing:
    gather parcels [s]       = 1.39
    rank0 write [s]           = 22.35
    migrate-back [s]          = 1.1


Stage 1.0  ExecutionTime = 3788.1 s  ClockTime = 2087 s  Iteration 8750 (28.81 s)

    Maximum imbalance = 7.826786887%

End stage 1


DSMC solver profile summary
    solver profile steps          = 8750
    move+collide wall [s]         = 1559.129973
    move only [s]                 = 933.5260957
    buildCellOccupancy [s]        = 394.8110034
    collision phase [s]           = 343.4658415
    post fields/output [s]        = 257.4113589
    total profiled [s]            = 1929.214299
    full evolve wall [s]          = 1757.765247
    move+collide cpu [s]          = 3059.74
    move only cpu [s]             = 1849.47
    buildCellOccupancy cpu [s]    = 779.12
    collision phase cpu [s]       = 686.23
    post fields/output cpu [s]    = 480.71
    total profiled cpu [s]        = 3795.53
    full evolve cpu [s]           = 3424.01
    collision localLoop max [s] = 340.9934799
    collision reduce max [s]    = 0
    collision sigmaBC max [s]   = 2.551038269
    collision total max [s]     = 343.4463303
    collision accounted max [s] = 343.4400469
    collision residual max [s]  = 0.00840307
    collision subphase max sum [s] = 343.5445182
    collision cumulative global collisions = 91067357
    collision cumulative global candidates  = 485713059
    collision cumulative acceptance        = 0.1874920909
    OpenMP enabled                = 1
    OpenMP max threads            = 2
    OpenMP move                   = 1 (static, chunk 64)
    OpenMP collision              = dynamic, chunk 8


Replicated mesh profiling summary:
    migration calls             = 972
    migration wall time [s]     = 46.29145611
    local particles (final)     = 286947
    migration wall max [s]      = 210.8837993
    migration pack max [s]      = 12.83500138
    migration local prep max [s]= 9.617039363
    migration size exchange max [s] = 191.079022
    migration request post max [s] = 3.008349706
    migration wait max [s]      = 3.781972575
    migration deserialize max [s] = 9.52530741
    migration post max [s]      = 0.624379258
    migration candidate gather max [s] = 9.7437e-05
    migration accounted max [s] = 210.8837993
    migration residual max [s]  = 4.831690603e-13
    updateParticleCounts max [s]= 10.55814613
    migration subphase max sum [s] = 230.4711691
    particles per rank          = min 274223 max 319159 max/min 1.163866634
    rank wall time (evolve, 8750 steps): min 2083.14 max 2977.62 max/min 1.429390247
    Phase C auto DLB checks      = 8750
    Phase C auto DLB rebalances = 172
    Phase C auto DLB triggered checks = 172
    Phase C auto DLB wall max [s]= 135.1375472
    Phase C auto DLB check max [s]= 113.2783612
    Phase C ParMETIS max [s]     = 15.80888113
    Phase C migration max [s]    = 6.275890164
    Phase C cellOwner write max [s] = 0
    Phase C post-diagnostic max [s] = 0.667982885
    Phase C auto DLB accounted max [s] = 136.0311154
    Phase C auto DLB residual max [s] = -0.893568263

Total Iterations = 8750
End main

