/*---------------------------------------------------------------------------*\
| =========                 |                                                 |
| \\      /  F ield         | OpenFOAM: The Open Source CFD Toolbox           |
|  \\    /   O peration     | Version:  v1706                                 |
|   \\  /    A nd           | Web:      www.OpenFOAM.com                      |
|    \\/     M anipulation  |                                                 |
\*---------------------------------------------------------------------------*/
Build  : v1706
Arch   : "LSB;label=32;scalar=64"
Exec   : /publicfs01/fs1-m8/home/m8s000774/users/xiao_chen_xiang/611/dsmcFoamPar/v1706/dlb/platforms/linux64IccDPInt32Opt/bin/dsmcFoam+
Date   : Jun 19 2026
Time   : 02:54:58
Host   : "m4cl0304.para.bscc"
PID    : 30909
/*---------------------------------------------------------------------------*\
| =========                 |                                                 |
| \\      /  F ield         | OpenFOAM: The Open Source CFD Toolbox           |
|  \\    /   O peration     | Version:  v1706                                 |
|   \\  /    A nd           | Web:      www.OpenFOAM.com                      |
|    \\/     M anipulation  |                                                 |
\*---------------------------------------------------------------------------*/
Build  : v1706
Arch   : "LSB;label=32;scalar=64"
Exec   : /publicfs01/fs1-m8/home/m8s000774/users/xiao_chen_xiang/611/dsmcFoamPar/v1706/dlb/platforms/linux64IccDPInt32Opt/bin/dsmcFoam+
Date   : Jun 19 2026
Time   : 02:54:58
Host   : "m4cl0304.para.bscc"
PID    : 30910
/*---------------------------------------------------------------------------*\
| =========                 |                                                 |
| \\      /  F ield         | OpenFOAM: The Open Source CFD Toolbox           |
|  \\    /   O peration     | Version:  v1706                                 |
|   \\  /    A nd           | Web:      www.OpenFOAM.com                      |
|    \\/     M anipulation  |                                                 |
\*---------------------------------------------------------------------------*/
Build  : v1706
Arch   : "LSB;label=32;scalar=64"
Exec   : /publicfs01/fs1-m8/home/m8s000774/users/xiao_chen_xiang/611/dsmcFoamPar/v1706/dlb/platforms/linux64IccDPInt32Opt/bin/dsmcFoam+
Date   : Jun 19 2026
Time   : 02:54:58
Host   : "m4cl0304.para.bscc"
PID    : 30911
/*---------------------------------------------------------------------------*\
| =========                 |                                                 |
| \\      /  F ield         | OpenFOAM: The Open Source CFD Toolbox           |
|  \\    /   O peration     | Version:  v1706                                 |
|   \\  /    A nd           | Web:      www.OpenFOAM.com                      |
|    \\/     M anipulation  |                                                 |
\*---------------------------------------------------------------------------*/
Build  : v1706
Arch   : "LSB;label=32;scalar=64"
Exec   : /publicfs01/fs1-m8/home/m8s000774/users/xiao_chen_xiang/611/dsmcFoamPar/v1706/dlb/platforms/linux64IccDPInt32Opt/bin/dsmcFoam+
Date   : Jun 19 2026
Time   : 02:54:58
Host   : "m4cl0304.para.bscc"
PID    : 30912
Case   : /publicfs01/fs1-m8/home/m8s000774/users/xiao_chen_xiang/611/dsmcFoamPar/v1706/dlb/case/pal-phd-3.3.1-react/validate/mpi4_omp16
nProcs : 1
Case   : /publicfs01/fs1-m8/home/m8s000774/users/xiao_chen_xiang/611/dsmcFoamPar/v1706/dlb/case/pal-phd-3.3.1-react/validate/mpi4_omp16
nProcs : 1
sigFpe : Enabling floating point exception trapping (FOAM_SIGFPE).
sigFpe : Enabling floating point exception trapping (FOAM_SIGFPE).
fileModificationChecking : Monitoring run-time modified files using timeStampMaster (fileModificationSkew 10)
allowSystemOperations : Allowing user-supplied system call operations

fileModificationChecking : Monitoring run-time modified files using timeStampMaster (fileModificationSkew 10)
allowSystemOperations : Allowing user-supplied system call operations

Case   : /publicfs01/fs1-m8/home/m8s000774/users/xiao_chen_xiang/611/dsmcFoamPar/v1706/dlb/case/pal-phd-3.3.1-react/validate/mpi4_omp16
nProcs : 1
// * * * * * * * * * * * * * * * * * * * * * * * * * * * * * * * * * * * * * //
Create time

// * * * * * * * * * * * * * * * * * * * * * * * * * * * * * * * * * * * * * //
Create time

sigFpe : Enabling floating point exception trapping (FOAM_SIGFPE).
fileModificationChecking : Monitoring run-time modified files using timeStampMaster (fileModificationSkew 10)
allowSystemOperations : Allowing user-supplied system call operations

// * * * * * * * * * * * * * * * * * * * * * * * * * * * * * * * * * * * * * //
Create time

Case   : /publicfs01/fs1-m8/home/m8s000774/users/xiao_chen_xiang/611/dsmcFoamPar/v1706/dlb/case/pal-phd-3.3.1-react/validate/mpi4_omp16
nProcs : 1
sigFpe : Enabling floating point exception trapping (FOAM_SIGFPE).
fileModificationChecking : Monitoring run-time modified files using timeStampMaster (fileModificationSkew 10)
allowSystemOperations : Allowing user-supplied system call operations

// * * * * * * * * * * * * * * * * * * * * * * * * * * * * * * * * * * * * * //
Create time

Create mesh for time = 0

Create mesh for time = 0

Create mesh for time = 0

Create mesh for time = 0

Selecting dynamicFvMesh dynamicRefineFvMesh
Selecting dynamicFvMesh dynamicRefineFvMesh
Selecting dynamicFvMesh dynamicRefineFvMesh
Selecting dynamicFvMesh dynamicRefineFvMesh

Constructing dsmcCloud 

Constructing dsmcCloud 

Constructing dsmcCloud 

Constructing dsmcCloud 
Selecting the coordinate system model:	dsmcCartesian

Selecting the time-step model:	dsmcConstantTimeStepModel

Constant time-step model:
- time-step [sec]	4e-07

Selecting the porous measurement model:	dsmcNoPorousMediumMeasurements


Creating dsmcControllers

Creating fields: 

Selecting field: dsmcVolFields

TimeData Statistics: 
 measurement option: write
 nSamples: 1, time interval: 4e-07
 nAverages: 1250, time interval: 0.0005
 total no. of sampling steps: 0
 total no. of averaging Steps: 0


Selecting field: dsmcVolFields

TimeData Statistics: 
 measurement option: write
 nSamples: 1, time interval: 4e-07
 nAverages: 1250, time interval: 0.0005
 total no. of sampling steps: 0
 total no. of averaging Steps: 0


Selecting the coordinate system model:	dsmcCartesian

Selecting the time-step model:	dsmcConstantTimeStepModel

Constant time-step model:
- time-step [sec]	4e-07

Selecting the porous measurement model:	dsmcNoPorousMediumMeasurements


Creating dsmcControllers

Creating fields: 

Selecting field: dsmcVolFields

TimeData Statistics: 
 measurement option: write
 nSamples: 1, time interval: 4e-07
 nAverages: 1250, time interval: 0.0005
 total no. of sampling steps: 0
 total no. of averaging Steps: 0


Selecting the coordinate system model:	dsmcCartesian

Selecting the time-step model:	dsmcConstantTimeStepModel

Constant time-step model:
- time-step [sec]	4e-07

Selecting the porous measurement model:	dsmcNoPorousMediumMeasurements


Creating dsmcControllers

Creating fields: 

Selecting field: dsmcVolFields

TimeData Statistics: 
 measurement option: write
 nSamples: 1, time interval: 4e-07
 nAverages: 1250, time interval: 0.0005
 total no. of sampling steps: 0
 total no. of averaging Steps: 0


Selecting the coordinate system model:	dsmcCartesian

Selecting the time-step model:	dsmcConstantTimeStepModel

Constant time-step model:
- time-step [sec]	4e-07

Selecting the porous measurement model:	dsmcNoPorousMediumMeasurements

Selecting field: dsmcVolFields

TimeData Statistics: 
 measurement option: write
 nSamples: 1, time interval: 4e-07
 nAverages: 1250, time interval: 0.0005
 total no. of sampling steps: 0
 total no. of averaging Steps: 0



Creating dsmcControllers

Creating fields: 

Selecting field: dsmcVolFields

TimeData Statistics: 
 measurement option: write
 nSamples: 1, time interval: 4e-07
 nAverages: 1250, time interval: 0.0005
 total no. of sampling steps: 0
 total no. of averaging Steps: 0


Selecting field: dsmcVolFields

TimeData Statistics: 
 measurement option: write
 nSamples: 1, time interval: 4e-07
 nAverages: 1250, time interval: 0.0005
 total no. of sampling steps: 0
 total no. of averaging Steps: 0


Selecting field: dsmcVolFields

TimeData Statistics: 
 measurement option: write
 nSamples: 1, time interval: 4e-07
 nAverages: 1250, time interval: 0.0005
 total no. of sampling steps: 0
 total no. of averaging Steps: 0


Selecting field: dsmcVolFields

TimeData Statistics: 
 measurement option: write
 nSamples: 1, time interval: 4e-07
 nAverages: 1250, time interval: 0.0005
 total no. of sampling steps: 0
 total no. of averaging Steps: 0


Selecting field: dsmcVolFields

TimeData Statistics: 
 measurement option: write
 nSamples: 1, time interval: 4e-07
 nAverages: 1250, time interval: 0.0005
 total no. of sampling steps: 0
 total no. of averaging Steps: 0


Selecting field: dsmcVolFields

TimeData Statistics: 
 measurement option: write
 nSamples: 1, time interval: 4e-07
 nAverages: 1250, time interval: 0.0005
 total no. of sampling steps: 0
 total no. of averaging Steps: 0


Selecting field: dsmcVolFields

TimeData Statistics: 
 measurement option: write
 nSamples: 1, time interval: 4e-07
 nAverages: 1250, time interval: 0.0005
 total no. of sampling steps: 0
 total no. of averaging Steps: 0


Selecting field: dsmcVolFields

TimeData Statistics: 
 measurement option: write
 nSamples: 1, time interval: 4e-07
 nAverages: 1250, time interval: 0.0005
 total no. of sampling steps: 0
 total no. of averaging Steps: 0


Selecting field: dsmcVolFields

TimeData Statistics: 
 measurement option: write
 nSamples: 1, time interval: 4e-07
 nAverages: 1250, time interval: 0.0005
 total no. of sampling steps: 0
 total no. of averaging Steps: 0


Selecting field: dsmcVolFields

TimeData Statistics: 
 measurement option: write
 nSamples: 1, time interval: 4e-07
 nAverages: 1250, time interval: 0.0005
 total no. of sampling steps: 0
 total no. of averaging Steps: 0


Selecting field: dsmcVolFields

TimeData Statistics: 
 measurement option: write
 nSamples: 1, time interval: 4e-07
 nAverages: 1250, time interval: 0.0005
 total no. of sampling steps: 0
 total no. of averaging Steps: 0


Selecting field: dsmcVolFields

TimeData Statistics: 
 measurement option: write
 nSamples: 1, time interval: 4e-07
 nAverages: 1250, time interval: 0.0005
 total no. of sampling steps: 0
 total no. of averaging Steps: 0


Selecting field: dsmcVolFields

TimeData Statistics: 
 measurement option: write
 nSamples: 1, time interval: 4e-07
 nAverages: 1250, time interval: 0.0005
 total no. of sampling steps: 0
 total no. of averaging Steps: 0


Selecting field: dsmcVolFields

TimeData Statistics: 
 measurement option: write
 nSamples: 1, time interval: 4e-07
 nAverages: 1250, time interval: 0.0005
 total no. of sampling steps: 0
 total no. of averaging Steps: 0


Selecting field: dsmcVolFields

TimeData Statistics: 
 measurement option: write
 nSamples: 1, time interval: 4e-07
 nAverages: 1250, time interval: 0.0005
 total no. of sampling steps: 0
 total no. of averaging Steps: 0


Creating the boundary models: 

Selecting dsmcPatchBoundaryModel dsmcDeletionPatch
Selecting dsmcPatchBoundaryModel dsmcDeletionPatch
Selecting dsmcPatchBoundaryModel dsmcDiffuseWallPatch
Selecting dsmcGeneralBoundaryModel dsmcFreeStreamInflowPatch
Selecting field: dsmcVolFields

TimeData Statistics: 
 measurement option: write
 nSamples: 1, time interval: 4e-07
 nAverages: 1250, time interval: 0.0005
 total no. of sampling steps: 0
 total no. of averaging Steps: 0


Selecting BinaryCollisionModel LarsenBorgnakkeVariableHardSphere

Creating dsmcReactions

Selecting the reaction model dissociationQK
Selecting the reaction model dissociationExchangeQK
Selecting the reaction model dissociationQK
Selecting the reaction model dissociationQK
Selecting the reaction model dissociationQK
Selecting the reaction model dissociationQK
Selecting the reaction model dissociationQK
Selecting the reaction model dissociationExchangeQK
Selecting the reaction model dissociationQK
Selecting the reaction model dissociationExchangeQK
Selecting the reaction model dissociationExchangeQK
Selecting the reaction model dissociationQK
Number of reactions created: 12
Selecting field: dsmcVolFields

TimeData Statistics: 
 measurement option: write
 nSamples: 1, time interval: 4e-07
 nAverages: 1250, time interval: 0.0005
 total no. of sampling steps: 0
 total no. of averaging Steps: 0


Selecting field: dsmcVolFields

TimeData Statistics: 
 measurement option: write
 nSamples: 1, time interval: 4e-07
 nAverages: 1250, time interval: 0.0005
 total no. of sampling steps: 0
 total no. of averaging Steps: 0


Selecting field: dsmcVolFields

TimeData Statistics: 
 measurement option: write
 nSamples: 1, time interval: 4e-07
 nAverages: 1250, time interval: 0.0005
 total no. of sampling steps: 0
 total no. of averaging Steps: 0


Creating the boundary models: 

Selecting dsmcPatchBoundaryModel dsmcDeletionPatch
Selecting dsmcPatchBoundaryModel dsmcDeletionPatch
Selecting dsmcPatchBoundaryModel dsmcDiffuseWallPatch
Selecting dsmcGeneralBoundaryModel dsmcFreeStreamInflowPatch
Selecting BinaryCollisionModel LarsenBorgnakkeVariableHardSphere

Creating dsmcReactions

Selecting the reaction model dissociationQK
Selecting the reaction model dissociationExchangeQK
Selecting the reaction model dissociationQK
Selecting the reaction model dissociationQK
Selecting the reaction model dissociationQK
Selecting the reaction model dissociationQK
Selecting the reaction model dissociationQK
Selecting the reaction model dissociationExchangeQK
Selecting the reaction model dissociationQK
Selecting the reaction model dissociationExchangeQK
Selecting the reaction model dissociationExchangeQK
Selecting the reaction model dissociationQK
Number of reactions created: 12
Creating the boundary models: 

Selecting dsmcPatchBoundaryModel dsmcDeletionPatch
Selecting dsmcPatchBoundaryModel dsmcDeletionPatch
Selecting dsmcPatchBoundaryModel dsmcDiffuseWallPatch
Selecting dsmcGeneralBoundaryModel dsmcFreeStreamInflowPatch
Selecting BinaryCollisionModel LarsenBorgnakkeVariableHardSphere
Creating the boundary models: 

Selecting dsmcPatchBoundaryModel dsmcDeletionPatch
Selecting dsmcPatchBoundaryModel dsmcDeletionPatch
Selecting dsmcPatchBoundaryModel dsmcDiffuseWallPatch
Selecting dsmcGeneralBoundaryModel dsmcFreeStreamInflowPatch

Creating dsmcReactions

Selecting the reaction model dissociationQK
Selecting the reaction model dissociationExchangeQK
Selecting the reaction model dissociationQK
Selecting the reaction model dissociationQK
Selecting the reaction model dissociationQK
Selecting the reaction model dissociationQK
Selecting the reaction model dissociationQK
Selecting the reaction model dissociationExchangeQK
Selecting the reaction model dissociationQK
Selecting the reaction model dissociationExchangeQK
Selecting the reaction model dissociationExchangeQK
Selecting the reaction model dissociationQK
Number of reactions created: 12
Selecting BinaryCollisionModel LarsenBorgnakkeVariableHardSphere

Creating dsmcReactions

Selecting the reaction model dissociationQK
Selecting the reaction model dissociationExchangeQK
Selecting the reaction model dissociationQK
Selecting the reaction model dissociationQK
Selecting the reaction model dissociationQK
Selecting the reaction model dissociationQK
Selecting the reaction model dissociationQK
Selecting the reaction model dissociationExchangeQK
Selecting the reaction model dissociationQK
Selecting the reaction model dissociationExchangeQK
Selecting the reaction model dissociationExchangeQK
Selecting the reaction model dissociationQK
Number of reactions created: 12

Constructing constant properties for
	N2
	O2
	NO
	N
	O
Selecting collisionPartnerSelectionModel noTimeCounter
Collision profile: collisionReduceOnlyOnOutput defaulted to true for replicatedMesh run
Collision profile: collisionOutputGlobalReduce defaulted to false for replicatedMesh run

Initialising the measurement fields

Initialising dsmcVolFields field
Initialising dsmcVolFields field
Initialising dsmcVolFields field
Initialising dsmcVolFields field
Initialising dsmcVolFields field
Initialising dsmcVolFields field

Constructing constant properties for
	N2
	O2
	NO
	N
	O

Constructing constant properties for
	N2
	O2
	NO
	N
	O

Constructing constant properties for
	N2
	O2
	NO
	N
	O
Selecting collisionPartnerSelectionModel noTimeCounter
Collision profile: collisionReduceOnlyOnOutput defaulted to true for replicatedMesh run
Collision profile: collisionOutputGlobalReduce defaulted to false for replicatedMesh run

Initialising the measurement fields

Initialising dsmcVolFields field
Initialising dsmcVolFields field
Initialising dsmcVolFields field
Initialising dsmcVolFields field
Initialising dsmcVolFields field
Initialising dsmcVolFields field
Selecting collisionPartnerSelectionModel noTimeCounter
Collision profile: collisionReduceOnlyOnOutput defaulted to true for replicatedMesh run
Collision profile: collisionOutputGlobalReduce defaulted to false for replicatedMesh run

Initialising the measurement fields

Initialising dsmcVolFields field
Initialising dsmcVolFields field
Initialising dsmcVolFields field
Initialising dsmcVolFields field
Initialising dsmcVolFields field
Initialising dsmcVolFields field
Selecting collisionPartnerSelectionModel noTimeCounter
Collision profile: collisionReduceOnlyOnOutput defaulted to true for replicatedMesh run
Collision profile: collisionOutputGlobalReduce defaulted to false for replicatedMesh run

Initialising the measurement fields

Initialising dsmcVolFields field
Initialising dsmcVolFields field
Initialising dsmcVolFields field
Initialising dsmcVolFields field
Initialising dsmcVolFields field
Initialising dsmcVolFields field
[0] MPI startup(): Intel(R) MPI Library, Version 2021.5  Build 20211102 (id: 9279b7d62)
[0] MPI startup(): Copyright (C) 2003-2021 Intel Corporation.  All rights reserved.
[0] MPI startup(): library kind: release
[0] MPI startup(): libfabric version: 1.13.2rc1-impi
[0] MPI startup(): libfabric provider: mlx
[0] MPI startup(): Load tuning file: "/public1/soft/oneapi/2022.1.0.106/mpi/2021.5.0//etc/tuning_generic_shm-ofi_mlx_hcoll.dat"
[0] MPI startup(): Rank    Pid      Node name           Pin cpu
[0] MPI startup(): 0       30909    m4cl0304.para.bscc  {96}
[0] MPI startup(): 1       30910    m4cl0304.para.bscc  {120}
[0] MPI startup(): 2       30911    m4cl0304.para.bscc  {128}
[0] MPI startup(): 3       30912    m4cl0304.para.bscc  {144}
[0] MPI startup(): threading: mode: direct
[0] MPI startup(): threading: vcis: 1
[0] MPI startup(): threading: app_threads: 1
[0] MPI startup(): threading: runtime: generic
[0] MPI startup(): threading: is_threaded: 0
[0] MPI startup(): threading: async_progress: 0
[0] MPI startup(): threading: num_pools: 64
[0] MPI startup(): threading: lock_level: global
[0] MPI startup(): threading: enable_sep: 0
[0] MPI startup(): threading: direct_recv: 1
[0] MPI startup(): threading: zero_op_flags: 1
[0] MPI startup(): threading: num_am_buffers: 1
[0] MPI startup(): threading: library is built with per-vci thread granularity
Replicated mesh: METIS decomposition complete, 104151 cells -> 4 ranks
Replicated mesh: rank 0 owns 26039 / 104151 cells
Local mesh: 26039 owned + 166 halo = 26205 / 104151 cells
Replicated mesh: flatTransfer=1 found=1
Replicated mesh: flat POD transfer enabled
Replicated mesh: gatherCandidates=0
Replicated mesh: overlapSizeExchange=0
Replicated mesh: writeMode=gathered
Phase C auto DLB: enabled (ParMETIS AdaptiveRepart), imbalanceThreshold=1.5, dlbSteps=50, sarSteps=50, triggerMode=legacyWindow, minGapSteps=50, checkCollective=allgather, particleGate=0, particleGateThreshold=1.5, skipPostDiag=0, adaptiveAlpha=0
Replicated mesh: initialized with 4 MPI ranks, migrate interval 10

Starting time loop

Replicated mesh: initial particle distribution

Replicated mesh: rank 0 kept 638712 parcels, deleted 1420452 non-owned parcels
Time = 4e-06

    Collision global reduction skipped (rank 0 local diagnostics)
    Collisions                      = 5101
    Collision candidates           = 5992
    Collision acceptance rate      = 0.8513017356

    Number of DSMC particles        = 2091308
    Number of stuck particles       = 0
    Number of free particles        = 2091308
    Average linear kinetic energy   = 1.098994435e-18
    Average rotational energy       = 2.844534248e-21
    Average vibrational energy      = 4.044642044e-23
    Average electronic energy       = 0
    Total energy                    = 23.04369238

Stage 1.0  ExecutionTime = 20.29 s  ClockTime = 9 s  Iteration 10 (2.86 s)

Time = 8e-06

    Collision global reduction skipped (rank 0 local diagnostics)
    Collisions                      = 5595
    Collision candidates           = 7212
    Collision acceptance rate      = 0.7757903494

    Number of DSMC particles        = 2124178
    Number of stuck particles       = 0
    Number of free particles        = 2124178
    Average linear kinetic energy   = 1.083597272e-18
    Average rotational energy       = 3.418195026e-21
    Average vibrational energy      = 1.15610512e-22
    Average electronic energy       = 0
    Total energy                    = 23.09259917

Stage 1.0  ExecutionTime = 30.06 s  ClockTime = 9 s  Iteration 20 (2.41 s)

Time = 1.2e-05

    Collision global reduction skipped (rank 0 local diagnostics)
    Collisions                      = 5864
    Collision candidates           = 7800
    Collision acceptance rate      = 0.7517948718

    Number of DSMC particles        = 2157714
    Number of stuck particles       = 0
    Number of free particles        = 2157714
    Average linear kinetic energy   = 1.069056076e-18
    Average rotational energy       = 4.347998012e-21
    Average vibrational energy      = 2.339025847e-22
    Average electronic energy       = 0
    Total energy                    = 23.16603692

Stage 1.0  ExecutionTime = 40.57 s  ClockTime = 10 s  Iteration 30 (1.27 s)

Time = 1.6e-05

    Collision global reduction skipped (rank 0 local diagnostics)
    Collisions                      = 6084
    Collision candidates           = 8416
    Collision acceptance rate      = 0.7229087452

    Number of DSMC particles        = 2192221
    Number of stuck particles       = 0
    Number of free particles        = 2192221
    Average linear kinetic energy   = 1.055151082e-18
    Average rotational energy       = 5.551377302e-21
    Average vibrational energy      = 4.086087806e-22
    Average electronic energy       = 0
    Total energy                    = 23.26189967

Stage 1.0  ExecutionTime = 53.24 s  ClockTime = 11 s  Iteration 40 (1.37 s)

Time = 2e-05

    Collision global reduction skipped (rank 0 local diagnostics)
    Collisions                      = 6399
    Collision candidates           = 9130
    Collision acceptance rate      = 0.7008762322

    Number of DSMC particles        = 2227611
    Number of stuck particles       = 0
    Number of free particles        = 2227611
    Average linear kinetic energy   = 1.041874397e-18
    Average rotational energy       = 6.924480913e-21
    Average vibrational energy      = 6.462575731e-22
    Average electronic energy       = 0
    Total energy                    = 23.37755528

Stage 1.0  ExecutionTime = 65.69 s  ClockTime = 12 s  Iteration 50 (1.51 s)

Time = 2.4e-05

    Collision global reduction skipped (rank 0 local diagnostics)
    Collisions                      = 6640
    Collision candidates           = 9627
    Collision acceptance rate      = 0.68972681

    Number of DSMC particles        = 2263471
    Number of stuck particles       = 0
    Number of free particles        = 2263471
    Average linear kinetic energy   = 1.029233335e-18
    Average rotational energy       = 8.370835436e-21
    Average vibrational energy      = 9.09003188e-22
    Average electronic energy       = 0
    Total energy                    = 23.50644452

Stage 1.0  ExecutionTime = 79.5 s  ClockTime = 13 s  Iteration 60 (1.61 s)

Time = 2.8e-05

    Collision global reduction skipped (rank 0 local diagnostics)
    Collisions                      = 6876
    Collision candidates           = 10156
    Collision acceptance rate      = 0.677038204

    Number of DSMC particles        = 2299792
    Number of stuck particles       = 0
    Number of free particles        = 2299792
    Average linear kinetic energy   = 1.017044506e-18
    Average rotational energy       = 9.963080188e-21
    Average vibrational energy      = 1.232690223e-21
    Average electronic energy       = 0
    Total energy                    = 23.64738762

Stage 1.0  ExecutionTime = 94.06 s  ClockTime = 13 s  Iteration 70 (1.73 s)

Time = 3.2e-05

    Collision global reduction skipped (rank 0 local diagnostics)
    Collisions                      = 7175
    Collision candidates           = 10766
    Collision acceptance rate      = 0.666449935

    Number of DSMC particles        = 2336509
    Number of stuck particles       = 0
    Number of free particles        = 2336509
    Average linear kinetic energy   = 1.005313071e-18
    Average rotational energy       = 1.153677278e-20
    Average vibrational energy      = 1.599107839e-21
    Average electronic energy       = 0
    Total energy                    = 23.79615141

Stage 1.0  ExecutionTime = 109.1 s  ClockTime = 14 s  Iteration 80 (1.71 s)

Time = 3.6e-05

    Collision global reduction skipped (rank 0 local diagnostics)
    Collisions                      = 7444
    Collision candidates           = 11392
    Collision acceptance rate      = 0.6534410112

    Number of DSMC particles        = 2373652
    Number of stuck particles       = 0
    Number of free particles        = 2373652
    Average linear kinetic energy   = 9.9420058e-19
    Average rotational energy       = 1.307425513e-20
    Average vibrational energy      = 1.969374735e-21
    Average electronic energy       = 0
    Total energy                    = 23.95594537

Stage 1.0  ExecutionTime = 124.93 s  ClockTime = 15 s  Iteration 90 (1.78 s)

Time = 4e-05

    Collision global reduction skipped (rank 0 local diagnostics)
    Collisions                      = 7782
    Collision candidates           = 11978
    Collision acceptance rate      = 0.6496911004


Phase C auto DLB triggered (SAR) at step 100: sar=2.552966222 loadImbalance=1.255190513 threshold=1.5 particleMaxMin=1
Phase C ParMETIS weights: particles=2410959 activeCells=104098 maxCellParticles=98
Phase C ParMETIS: alpha=1 ncon=1 ubvec=[1.05] moveRatio=0.9560019331 (moveT=4.290051475s, collT=0.197440994s)
Phase C ParMETIS: AdaptiveRepart (104151 cells, 1 constraints, ubvec=1.05)
Replicated mesh: rank 0 owns 29100 / 104151 cells
Local mesh: 29100 owned + 177 halo = 29277 / 104151 cells
Phase C ParMETIS AdaptiveRepart: 104147 / 104151 cells changed (0.9999615942)
Phase C auto DLB complete: rebalance #1

    Number of DSMC particles        = 2410959
    Number of stuck particles       = 0
    Number of free particles        = 2410959
    Average linear kinetic energy   = 9.833911128e-19
    Average rotational energy       = 1.460797411e-20
    Average vibrational energy      = 2.372748264e-21
    Average electronic energy       = 0
    Total energy                    = 24.11855479

Stage 1.0  ExecutionTime = 144.61 s  ClockTime = 17 s  Iteration 100 (4.96 s)

Time = 4.4e-05

    Collision global reduction skipped (rank 0 local diagnostics)
    Collisions                      = 65317
    Collision candidates           = 122983
    Collision acceptance rate      = 0.5311059252

    Number of DSMC particles        = 2447726
    Number of stuck particles       = 0
    Number of free particles        = 2447726
    Average linear kinetic energy   = 9.73846325e-19
    Average rotational energy       = 1.564690953e-20
    Average vibrational energy      = 2.698495064e-21
    Average electronic energy       = 0
    Total energy                    = 24.28613494

Stage 1.0  ExecutionTime = 160.01 s  ClockTime = 18 s  Iteration 110 (1.77 s)

Time = 4.8e-05

    Collision global reduction skipped (rank 0 local diagnostics)
    Collisions                      = 71943
    Collision candidates           = 142444
    Collision acceptance rate      = 0.5050616383

    Number of DSMC particles        = 2485489
    Number of stuck particles       = 0
    Number of free particles        = 2485489
    Average linear kinetic energy   = 9.632942931e-19
    Average rotational energy       = 1.72381015e-20
    Average vibrational energy      = 3.165005263e-21
    Average electronic energy       = 0
    Total energy                    = 24.44969067

Stage 1.0  ExecutionTime = 176.54 s  ClockTime = 19 s  Iteration 120 (2.04 s)

Time = 5.2e-05

    Collision global reduction skipped (rank 0 local diagnostics)
    Collisions                      = 77447
    Collision candidates           = 157027
    Collision acceptance rate      = 0.4932081744

    Number of DSMC particles        = 2523613
    Number of stuck particles       = 0
    Number of free particles        = 2523613
    Average linear kinetic energy   = 9.532194424e-19
    Average rotational energy       = 1.877652532e-20
    Average vibrational energy      = 3.62087401e-21
    Average electronic energy       = 0
    Total energy                    = 24.62079345

Stage 1.0  ExecutionTime = 193.63 s  ClockTime = 20 s  Iteration 130 (1.91 s)

Time = 5.6e-05

    Collision global reduction skipped (rank 0 local diagnostics)
    Collisions                      = 81306
    Collision candidates           = 168239
    Collision acceptance rate      = 0.483276767

    Number of DSMC particles        = 2561473
    Number of stuck particles       = 0
    Number of free particles        = 2561473
    Average linear kinetic energy   = 9.437003522e-19
    Average rotational energy       = 2.020663483e-20
    Average vibrational energy      = 4.083025522e-21
    Average electronic energy       = 0
    Total energy                    = 24.79480281

Stage 1.0  ExecutionTime = 211.51 s  ClockTime = 21 s  Iteration 140 (2.03 s)

Time = 6e-05

    Collision global reduction skipped (rank 0 local diagnostics)
    Collisions                      = 85960
    Collision candidates           = 179380
    Collision acceptance rate      = 0.4792061545

    Number of DSMC particles        = 2599783
    Number of stuck particles       = 0
    Number of free particles        = 2599783
    Average linear kinetic energy   = 9.346414548e-19
    Average rotational energy       = 2.15458468e-20
    Average vibrational energy      = 4.538693094e-21
    Average electronic energy       = 0
    Total energy                    = 24.97679109

Stage 1.0  ExecutionTime = 230.2 s  ClockTime = 22 s  Iteration 150 (2.19 s)

Time = 6.4e-05

    Collision global reduction skipped (rank 0 local diagnostics)
    Collisions                      = 91252
    Collision candidates           = 192361
    Collision acceptance rate      = 0.4743789022

    Number of DSMC particles        = 2638189
    Number of stuck particles       = 0
    Number of free particles        = 2638189
    Average linear kinetic energy   = 9.257200784e-19
    Average rotational energy       = 2.287679112e-20
    Average vibrational energy      = 5.006273918e-21
    Average electronic energy       = 0
    Total energy                    = 25.15785323

Stage 1.0  ExecutionTime = 249.81 s  ClockTime = 23 s  Iteration 160 (2.16 s)

Time = 6.8e-05

    Collision global reduction skipped (rank 0 local diagnostics)
    Collisions                      = 96039
    Collision candidates           = 204235
    Collision acceptance rate      = 0.4702377164

    Number of DSMC particles        = 2676660
    Number of stuck particles       = 0
    Number of free particles        = 2676660
    Average linear kinetic energy   = 9.172441063e-19
    Average rotational energy       = 2.408610582e-20
    Average vibrational energy      = 5.475468984e-21
    Average electronic energy       = 0
    Total energy                    = 25.34276894

Stage 1.0  ExecutionTime = 269.62 s  ClockTime = 25 s  Iteration 170 (2.28 s)

Time = 7.2e-05

    Collision global reduction skipped (rank 0 local diagnostics)
    Collisions                      = 101424
    Collision candidates           = 216679
    Collision acceptance rate      = 0.4680841244

    Number of DSMC particles        = 2714733
    Number of stuck particles       = 0
    Number of free particles        = 2714733
    Average linear kinetic energy   = 9.090783836e-19
    Average rotational energy       = 2.521352988e-20
    Average vibrational energy      = 5.911773442e-21
    Average electronic energy       = 0
    Total energy                    = 25.52401976

Stage 1.0  ExecutionTime = 290.57 s  ClockTime = 26 s  Iteration 180 (2.47 s)

Time = 7.6e-05

    Collision global reduction skipped (rank 0 local diagnostics)
    Collisions                      = 107168
    Collision candidates           = 230662
    Collision acceptance rate      = 0.4646105557

    Number of DSMC particles        = 2753431
    Number of stuck particles       = 0
    Number of free particles        = 2753431
    Average linear kinetic energy   = 9.011366503e-19
    Average rotational energy       = 2.636775536e-20
    Average vibrational energy      = 6.380820028e-21
    Average electronic energy       = 0
    Total energy                    = 25.71388531

Stage 1.0  ExecutionTime = 312.92 s  ClockTime = 27 s  Iteration 190 (2.79 s)

Time = 8e-05

    Collision global reduction skipped (rank 0 local diagnostics)
    Collisions                      = 112514
    Collision candidates           = 243818
    Collision acceptance rate      = 0.4614671599

    Number of DSMC particles        = 2791491
    Number of stuck particles       = 0
    Number of free particles        = 2791491
    Average linear kinetic energy   = 8.934888555e-19
    Average rotational energy       = 2.742352538e-20
    Average vibrational energy      = 6.854121092e-21
    Average electronic energy       = 0
    Total energy                    = 25.8985184

Stage 1.0  ExecutionTime = 336.1 s  ClockTime = 29 s  Iteration 200 (2.81 s)

Time = 8.4e-05

    Collision global reduction skipped (rank 0 local diagnostics)
    Collisions                      = 117679
    Collision candidates           = 256750
    Collision acceptance rate      = 0.4583407984

    Number of DSMC particles        = 2829534
    Number of stuck particles       = 0
    Number of free particles        = 2829534
    Average linear kinetic energy   = 8.859998814e-19
    Average rotational energy       = 2.838953768e-20
    Average vibrational energy      = 7.308267299e-21
    Average electronic energy       = 0
    Total energy                    = 26.07974941

Stage 1.0  ExecutionTime = 360.39 s  ClockTime = 30 s  Iteration 210 (3.12 s)

Time = 8.8e-05

    Collision global reduction skipped (rank 0 local diagnostics)
    Collisions                      = 123195
    Collision candidates           = 271096
    Collision acceptance rate      = 0.4544331159

    Number of DSMC particles        = 2867893
    Number of stuck particles       = 0
    Number of free particles        = 2867893
    Average linear kinetic energy   = 8.786962423e-19
    Average rotational energy       = 2.934363436e-20
    Average vibrational energy      = 7.740394557e-21
    Average electronic energy       = 0
    Total energy                    = 26.26359829

Stage 1.0  ExecutionTime = 385.8 s  ClockTime = 32 s  Iteration 220 (3.5 s)

Time = 9.2e-05

    Collision global reduction skipped (rank 0 local diagnostics)
    Collisions                      = 128614
    Collision candidates           = 283527
    Collision acceptance rate      = 0.4536217009

    Number of DSMC particles        = 2906178
    Number of stuck particles       = 0
    Number of free particles        = 2906178
    Average linear kinetic energy   = 8.715230777e-19
    Average rotational energy       = 3.030109352e-20
    Average vibrational energy      = 8.185289893e-21
    Average electronic energy       = 0
    Total energy                    = 26.44649476

Stage 1.0  ExecutionTime = 411.61 s  ClockTime = 33 s  Iteration 230 (3.22 s)

Time = 9.6e-05

    Collision global reduction skipped (rank 0 local diagnostics)
    Collisions                      = 133661
    Collision candidates           = 296921
    Collision acceptance rate      = 0.4501567757

    Number of DSMC particles        = 2944501
    Number of stuck particles       = 0
    Number of free particles        = 2944501
    Average linear kinetic energy   = 8.646259977e-19
    Average rotational energy       = 3.11081191e-20
    Average vibrational energy      = 8.624069149e-21
    Average electronic energy       = 0
    Total energy                    = 26.62883583

Stage 1.0  ExecutionTime = 438.59 s  ClockTime = 35 s  Iteration 240 (3.93 s)

Time = 0.0001

    Collision global reduction skipped (rank 0 local diagnostics)
    Collisions                      = 138021
    Collision candidates           = 308249
    Collision acceptance rate      = 0.4477581436


Phase C auto DLB triggered (SAR) at step 250: sar=2.793304201 loadImbalance=1.310617698 threshold=1.5 particleMaxMin=1
Phase C ParMETIS weights: particles=2982837 activeCells=104127 maxCellParticles=116
Phase C ParMETIS: alpha=1 ncon=1 ubvec=[1.05] moveRatio=0.7783100056 (moveT=12.66452295s, collT=3.607300435s)
Phase C ParMETIS: AdaptiveRepart (104151 cells, 1 constraints, ubvec=1.05)
Replicated mesh: rank 0 owns 29100 / 104151 cells
Local mesh: 29100 owned + 177 halo = 29277 / 104151 cells
Phase C ParMETIS AdaptiveRepart: 0 / 104151 cells changed (0)
Phase C auto DLB complete: rebalance #2

    Number of DSMC particles        = 2982837
    Number of stuck particles       = 0
    Number of free particles        = 2982837
    Average linear kinetic energy   = 8.579451285e-19
    Average rotational energy       = 3.187308246e-20
    Average vibrational energy      = 9.037974607e-21
    Average electronic energy       = 0
    Total energy                    = 26.81141488

Stage 1.0  ExecutionTime = 468.61 s  ClockTime = 37 s  Iteration 250 (6.32 s)

Time = 0.000104

    Collision global reduction skipped (rank 0 local diagnostics)
    Collisions                      = 142567
    Collision candidates           = 320284
    Collision acceptance rate      = 0.4451268249

    Number of DSMC particles        = 3021179
    Number of stuck particles       = 0
    Number of free particles        = 3021179
    Average linear kinetic energy   = 8.51313969e-19
    Average rotational energy       = 3.258381541e-20
    Average vibrational energy      = 9.486748395e-21
    Average electronic energy       = 0
    Total energy                    = 26.9907459

Stage 1.0  ExecutionTime = 497.83 s  ClockTime = 39 s  Iteration 260 (4.69 s)

Time = 0.000108

    Collision global reduction skipped (rank 0 local diagnostics)
    Collisions                      = 148218
    Collision candidates           = 333334
    Collision acceptance rate      = 0.4446531107

    Number of DSMC particles        = 3058623
    Number of stuck particles       = 0
    Number of free particles        = 3058623
    Average linear kinetic energy   = 8.448577332e-19
    Average rotational energy       = 3.332214015e-20
    Average vibrational energy      = 9.890015527e-21
    Average electronic energy       = 0
    Total energy                    = 27.16270988

Stage 1.0  ExecutionTime = 528.27 s  ClockTime = 41 s  Iteration 270 (5.27 s)

Time = 0.000112

    Collision global reduction skipped (rank 0 local diagnostics)
    Collisions                      = 153382
    Collision candidates           = 346393
    Collision acceptance rate      = 0.4427976316

    Number of DSMC particles        = 3096328
    Number of stuck particles       = 0
    Number of free particles        = 3096328
    Average linear kinetic energy   = 8.38671536e-19
    Average rotational energy       = 3.403061066e-20
    Average vibrational energy      = 1.030312302e-20
    Average electronic energy       = 0
    Total energy                    = 27.34073941

Stage 1.0  ExecutionTime = 559.32 s  ClockTime = 43 s  Iteration 280 (5.24 s)

Time = 0.000116

    Collision global reduction skipped (rank 0 local diagnostics)
    Collisions                      = 157206
    Collision candidates           = 358601
    Collision acceptance rate      = 0.4383869537

    Number of DSMC particles        = 3134169
    Number of stuck particles       = 0
    Number of free particles        = 3134169
    Average linear kinetic energy   = 8.326092032e-19
    Average rotational energy       = 3.47201477e-20
    Average vibrational energy      = 1.071321477e-20
    Average electronic energy       = 0
    Total energy                    = 27.5193379

Stage 1.0  ExecutionTime = 591.47 s  ClockTime = 45 s  Iteration 290 (5.63 s)

Time = 0.00012

    Collision global reduction skipped (rank 0 local diagnostics)
    Collisions                      = 161797
    Collision candidates           = 369193
    Collision acceptance rate      = 0.4382450371

    Number of DSMC particles        = 3171527
    Number of stuck particles       = 0
    Number of free particles        = 3171527
    Average linear kinetic energy   = 8.266168499e-19
    Average rotational energy       = 3.530647426e-20
    Average vibrational energy      = 1.111405373e-20
    Average electronic energy       = 0
    Total energy                    = 27.68861616

Stage 1.0  ExecutionTime = 624.54 s  ClockTime = 47 s  Iteration 300 (6.18 s)

Time = 0.000124

    Collision global reduction skipped (rank 0 local diagnostics)
    Collisions                      = 166004
    Collision candidates           = 380034
    Collision acceptance rate      = 0.4368135483

    Number of DSMC particles        = 3208999
    Number of stuck particles       = 0
    Number of free particles        = 3208999
    Average linear kinetic energy   = 8.208274911e-19
    Average rotational energy       = 3.592101558e-20
    Average vibrational energy      = 1.152193416e-20
    Average electronic energy       = 0
    Total energy                    = 27.86278976

Stage 1.0  ExecutionTime = 658.72 s  ClockTime = 49 s  Iteration 310 (5.99 s)

Time = 0.000128

    Collision global reduction skipped (rank 0 local diagnostics)
    Collisions                      = 170601
    Collision candidates           = 393272
    Collision acceptance rate      = 0.4337989992

    Number of DSMC particles        = 3246314
    Number of stuck particles       = 0
    Number of free particles        = 3246314
    Average linear kinetic energy   = 8.150227873e-19
    Average rotational energy       = 3.655533254e-20
    Average vibrational energy      = 1.192448855e-20
    Average electronic energy       = 0
    Total energy                    = 28.03200607

Stage 1.0  ExecutionTime = 692.8 s  ClockTime = 51 s  Iteration 320 (6.1 s)

Time = 0.000132

    Collision global reduction skipped (rank 0 local diagnostics)
    Collisions                      = 174883
    Collision candidates           = 404328
    Collision acceptance rate      = 0.4325275519

    Number of DSMC particles        = 3283744
    Number of stuck particles       = 0
    Number of free particles        = 3283744
    Average linear kinetic energy   = 8.09513057e-19
    Average rotational energy       = 3.709648682e-20
    Average vibrational energy      = 1.229366996e-20
    Average electronic energy       = 0
    Total energy                    = 28.20418275

Stage 1.0  ExecutionTime = 728.18 s  ClockTime = 54 s  Iteration 330 (6.18 s)

Time = 0.000136

    Collision global reduction skipped (rank 0 local diagnostics)
    Collisions                      = 179347
    Collision candidates           = 416274
    Collision acceptance rate      = 0.4308388225

    Number of DSMC particles        = 3320802
    Number of stuck particles       = 0
    Number of free particles        = 3320802
    Average linear kinetic energy   = 8.039710091e-19
    Average rotational energy       = 3.765780456e-20
    Average vibrational energy      = 1.268234999e-20
    Average electronic energy       = 0
    Total energy                    = 28.36998221

Stage 1.0  ExecutionTime = 763.71 s  ClockTime = 56 s  Iteration 340 (6.24 s)

Time = 0.00014

    Collision global reduction skipped (rank 0 local diagnostics)
    Collisions                      = 183858
    Collision candidates           = 428064
    Collision acceptance rate      = 0.4295105405


Phase C auto DLB triggered (SAR) at step 350: sar=6.775314726 loadImbalance=1.395274436 threshold=1.5 particleMaxMin=1
Phase C ParMETIS weights: particles=3357236 activeCells=104135 maxCellParticles=122
Phase C ParMETIS: alpha=1 ncon=1 ubvec=[1.05] moveRatio=0.743181044 (moveT=20.70400157s, collT=7.154622835s)
Phase C ParMETIS: AdaptiveRepart (104151 cells, 1 constraints, ubvec=1.05)
Replicated mesh: rank 0 owns 27696 / 104151 cells
Local mesh: 27696 owned + 225 halo = 27921 / 104151 cells
Phase C ParMETIS AdaptiveRepart: 76432 / 104151 cells changed (0.7338575722)
Phase C auto DLB complete: rebalance #3

    Number of DSMC particles        = 3357236
    Number of stuck particles       = 0
    Number of free particles        = 3357236
    Average linear kinetic energy   = 7.987077522e-19
    Average rotational energy       = 3.811076714e-20
    Average vibrational energy      = 1.305340681e-20
    Average electronic energy       = 0
    Total energy                    = 28.53220626

Stage 1.0  ExecutionTime = 801.64 s  ClockTime = 59 s  Iteration 350 (7.48 s)

Time = 0.000144

    Collision global reduction skipped (rank 0 local diagnostics)
    Collisions                      = 186549
    Collision candidates           = 435164
    Collision acceptance rate      = 0.4286866561

    Number of DSMC particles        = 3393727
    Number of stuck particles       = 0
    Number of free particles        = 3393727
    Average linear kinetic energy   = 7.940218477e-19
    Average rotational energy       = 3.841319782e-20
    Average vibrational energy      = 1.337103165e-20
    Average electronic energy       = 0
    Total energy                    = 28.70434921

Stage 1.0  ExecutionTime = 836.15 s  ClockTime = 61 s  Iteration 360 (4.05 s)

Time = 0.000148

    Collision global reduction skipped (rank 0 local diagnostics)
    Collisions                      = 191439
    Collision candidates           = 446878
    Collision acceptance rate      = 0.4283920891

    Number of DSMC particles        = 3430070
    Number of stuck particles       = 0
    Number of free particles        = 3430070
    Average linear kinetic energy   = 7.887450716e-19
    Average rotational energy       = 3.894975514e-20
    Average vibrational energy      = 1.373543438e-20
    Average electronic energy       = 0
    Total energy                    = 28.86164696

Stage 1.0  ExecutionTime = 871.86 s  ClockTime = 63 s  Iteration 370 (4.4 s)

Time = 0.000152

    Collision global reduction skipped (rank 0 local diagnostics)
    Collisions                      = 195234
    Collision candidates           = 457296
    Collision acceptance rate      = 0.426931353

    Number of DSMC particles        = 3466022
    Number of stuck particles       = 0
    Number of free particles        = 3466022
    Average linear kinetic energy   = 7.836587913e-19
    Average rotational energy       = 3.949822667e-20
    Average vibrational energy      = 1.407716666e-20
    Average electronic energy       = 0
    Total energy                    = 29.01872103

Stage 1.0  ExecutionTime = 908.28 s  ClockTime = 65 s  Iteration 380 (4.25 s)

Time = 0.000156

    Collision global reduction skipped (rank 0 local diagnostics)
    Collisions                      = 198409
    Collision candidates           = 466624
    Collision acceptance rate      = 0.4252010184

    Number of DSMC particles        = 3502363
    Number of stuck particles       = 0
    Number of free particles        = 3502363
    Average linear kinetic energy   = 7.786605014e-19
    Average rotational energy       = 3.997483151e-20
    Average vibrational energy      = 1.440595973e-20
    Average electronic energy       = 0
    Total energy                    = 29.17613001

Stage 1.0  ExecutionTime = 945.59 s  ClockTime = 68 s  Iteration 390 (4.43 s)

Time = 0.00016

    Collision global reduction skipped (rank 0 local diagnostics)
    Collisions                      = 202905
    Collision candidates           = 477260
    Collision acceptance rate      = 0.4251456229


Phase C auto DLB triggered (threshold) at step 400: sar=0 loadImbalance=1.999650729 threshold=1.5 particleMaxMin=1
Phase C ParMETIS weights: particles=3538469 activeCells=104138 maxCellParticles=135
Phase C ParMETIS: alpha=1 ncon=1 ubvec=[1.05] moveRatio=0.7325122094 (moveT=25.30741341s, collT=9.241380569s)
Phase C ParMETIS: AdaptiveRepart (104151 cells, 1 constraints, ubvec=1.05)
Replicated mesh: rank 0 owns 27633 / 104151 cells
Local mesh: 27633 owned + 217 halo = 27850 / 104151 cells
Phase C ParMETIS AdaptiveRepart: 74 / 104151 cells changed (0.0007105068602)
Phase C auto DLB complete: rebalance #4

    Number of DSMC particles        = 3538469
    Number of stuck particles       = 0
    Number of free particles        = 3538469
    Average linear kinetic energy   = 7.737863941e-19
    Average rotational energy       = 4.042661899e-20
    Average vibrational energy      = 1.475263966e-20
    Average electronic energy       = 0
    Total energy                    = 29.33269264

Stage 1.0  ExecutionTime = 986.03 s  ClockTime = 70 s  Iteration 400 (7.11 s)

Time = 0.000164

    Collision global reduction skipped (rank 0 local diagnostics)
    Collisions                      = 203899
    Collision candidates           = 484387
    Collision acceptance rate      = 0.4209423457

    Number of DSMC particles        = 3574418
    Number of stuck particles       = 0
    Number of free particles        = 3574418
    Average linear kinetic energy   = 7.690665895e-19
    Average rotational energy       = 4.080466593e-20
    Average vibrational energy      = 1.508734069e-20
    Average electronic energy       = 0
    Total energy                    = 29.48746855

Stage 1.0  ExecutionTime = 1024.22 s  ClockTime = 73 s  Iteration 410 (4.55 s)

Time = 0.000168

    Collision global reduction skipped (rank 0 local diagnostics)
    Collisions                      = 208041
    Collision candidates           = 494087
    Collision acceptance rate      = 0.421061473

    Number of DSMC particles        = 3610192
    Number of stuck particles       = 0
    Number of free particles        = 3610192
    Average linear kinetic energy   = 7.643497767e-19
    Average rotational energy       = 4.126081514e-20
    Average vibrational energy      = 1.540894329e-20
    Average electronic energy       = 0
    Total energy                    = 29.64038158

Stage 1.0  ExecutionTime = 1063.41 s  ClockTime = 75 s  Iteration 420 (4.58 s)

Time = 0.000172

    Collision global reduction skipped (rank 0 local diagnostics)
    Collisions                      = 212252
    Collision candidates           = 506106
    Collision acceptance rate      = 0.4193825009

    Number of DSMC particles        = 3645600
    Number of stuck particles       = 0
    Number of free particles        = 3645600
    Average linear kinetic energy   = 7.597866447e-19
    Average rotational energy       = 4.160862966e-20
    Average vibrational energy      = 1.57133957e-20
    Average electronic energy       = 0
    Total energy                    = 29.78851368

Stage 1.0  ExecutionTime = 1103.3 s  ClockTime = 78 s  Iteration 430 (4.68 s)

Time = 0.000176

    Collision global reduction skipped (rank 0 local diagnostics)
    Collisions                      = 216714
    Collision candidates           = 516340
    Collision acceptance rate      = 0.4197118178

    Number of DSMC particles        = 3681159
    Number of stuck particles       = 0
    Number of free particles        = 3681159
    Average linear kinetic energy   = 7.551829731e-19
    Average rotational energy       = 4.198981111e-20
    Average vibrational energy      = 1.601895244e-20
    Average electronic energy       = 0
    Total energy                    = 29.9348808

Stage 1.0  ExecutionTime = 1143.86 s  ClockTime = 80 s  Iteration 440 (4.75 s)

Time = 0.00018

    Collision global reduction skipped (rank 0 local diagnostics)
    Collisions                      = 219142
    Collision candidates           = 524205
    Collision acceptance rate      = 0.418046375


Phase C auto DLB triggered (threshold) at step 450: sar=0 loadImbalance=1.651730984 threshold=1.5 particleMaxMin=1
Phase C ParMETIS weights: particles=3716149 activeCells=104136 maxCellParticles=140
Phase C ParMETIS: alpha=1 ncon=1 ubvec=[1.05] moveRatio=0.7255319976 (moveT=30.39073929s, collT=11.49678516s)
Phase C ParMETIS: AdaptiveRepart (104151 cells, 1 constraints, ubvec=1.05)
Replicated mesh: rank 0 owns 27633 / 104151 cells
Local mesh: 27633 owned + 217 halo = 27850 / 104151 cells
Phase C ParMETIS AdaptiveRepart: 0 / 104151 cells changed (0)
Phase C auto DLB complete: rebalance #5

    Number of DSMC particles        = 3716149
    Number of stuck particles       = 0
    Number of free particles        = 3716149
    Average linear kinetic energy   = 7.508606428e-19
    Average rotational energy       = 4.22863027e-20
    Average vibrational energy      = 1.632511713e-20
    Average electronic energy       = 0
    Total energy                    = 30.08118796

Stage 1.0  ExecutionTime = 1187.89 s  ClockTime = 83 s  Iteration 450 (7.17 s)

Time = 0.000184

    Collision global reduction skipped (rank 0 local diagnostics)
    Collisions                      = 224621
    Collision candidates           = 536865
    Collision acceptance rate      = 0.4183938234

    Number of DSMC particles        = 3750896
    Number of stuck particles       = 0
    Number of free particles        = 3750896
    Average linear kinetic energy   = 7.465882267e-19
    Average rotational energy       = 4.262282669e-20
    Average vibrational energy      = 1.659245366e-20
    Average electronic energy       = 0
    Total energy                    = 30.22485151

Stage 1.0  ExecutionTime = 1229.61 s  ClockTime = 86 s  Iteration 460 (4.9 s)

Time = 0.000188

    Collision global reduction skipped (rank 0 local diagnostics)
    Collisions                      = 227425
    Collision candidates           = 545769
    Collision acceptance rate      = 0.4167056026

    Number of DSMC particles        = 3785717
    Number of stuck particles       = 0
    Number of free particles        = 3785717
    Average linear kinetic energy   = 7.42313709e-19
    Average rotational energy       = 4.298717494e-20
    Average vibrational energy      = 1.687864338e-20
    Average electronic energy       = 0
    Total energy                    = 30.36824674

Stage 1.0  ExecutionTime = 1272.11 s  ClockTime = 88 s  Iteration 470 (4.99 s)

Time = 0.000192

    Collision global reduction skipped (rank 0 local diagnostics)
    Collisions                      = 231474
    Collision candidates           = 556117
    Collision acceptance rate      = 0.4162325554

    Number of DSMC particles        = 3820266
    Number of stuck particles       = 0
    Number of free particles        = 3820266
    Average linear kinetic energy   = 7.381402678e-19
    Average rotational energy       = 4.329643246e-20
    Average vibrational energy      = 1.716301736e-20
    Average electronic energy       = 0
    Total energy                    = 30.50863349

Stage 1.0  ExecutionTime = 1315.47 s  ClockTime = 91 s  Iteration 480 (5.09 s)

Time = 0.000196

    Collision global reduction skipped (rank 0 local diagnostics)
    Collisions                      = 234577
    Collision candidates           = 565279
    Collision acceptance rate      = 0.4149756138

    Number of DSMC particles        = 3855077
    Number of stuck particles       = 0
    Number of free particles        = 3855077
    Average linear kinetic energy   = 7.340103586e-19
    Average rotational energy       = 4.361651359e-20
    Average vibrational energy      = 1.742342302e-20
    Average electronic energy       = 0
    Total energy                    = 30.64980107

Stage 1.0  ExecutionTime = 1359.89 s  ClockTime = 94 s  Iteration 490 (5.31 s)

Time = 0.0002

    Collision global reduction skipped (rank 0 local diagnostics)
    Collisions                      = 237623
    Collision candidates           = 574046
    Collision acceptance rate      = 0.4139441787

    Number of DSMC particles        = 3889286
    Number of stuck particles       = 0
    Number of free particles        = 3889286
    Average linear kinetic energy   = 7.29934315e-19
    Average rotational energy       = 4.39087403e-20
    Average vibrational energy      = 1.768250286e-20
    Average electronic energy       = 0
    Total energy                    = 30.78469272

Stage 1.0  ExecutionTime = 1404.4 s  ClockTime = 97 s  Iteration 500 (5.31 s)

Time = 0.000204

    Collision global reduction skipped (rank 0 local diagnostics)
    Collisions                      = 241565
    Collision candidates           = 584184
    Collision acceptance rate      = 0.4135084152

    Number of DSMC particles        = 3923599
    Number of stuck particles       = 0
    Number of free particles        = 3923599
    Average linear kinetic energy   = 7.259812221e-19
    Average rotational energy       = 4.412970471e-20
    Average vibrational energy      = 1.793199894e-20
    Average electronic energy       = 0
    Total energy                    = 30.91964436

Stage 1.0  ExecutionTime = 1449.62 s  ClockTime = 99 s  Iteration 510 (5.41 s)

Time = 0.000208

    Collision global reduction skipped (rank 0 local diagnostics)
    Collisions                      = 245270
    Collision candidates           = 594213
    Collision acceptance rate      = 0.4127644464

    Number of DSMC particles        = 3957450
    Number of stuck particles       = 0
    Number of free particles        = 3957450
    Average linear kinetic energy   = 7.22117571e-19
    Average rotational energy       = 4.444455594e-20
    Average vibrational energy      = 1.817966376e-20
    Average electronic energy       = 0
    Total energy                    = 31.055764

Stage 1.0  ExecutionTime = 1495.45 s  ClockTime = 102 s  Iteration 520 (5.42 s)

Time = 0.000212

    Collision global reduction skipped (rank 0 local diagnostics)
    Collisions                      = 249705
    Collision candidates           = 606027
    Collision acceptance rate      = 0.4120360974

    Number of DSMC particles        = 3991049
    Number of stuck particles       = 0
    Number of free particles        = 3991049
    Average linear kinetic energy   = 7.182862221e-19
    Average rotational energy       = 4.46757406e-20
    Average vibrational energy      = 1.843361593e-20
    Average electronic energy       = 0
    Total energy                    = 31.18588043

Stage 1.0  ExecutionTime = 1541.74 s  ClockTime = 105 s  Iteration 530 (5.47 s)

Time = 0.000216

    Collision global reduction skipped (rank 0 local diagnostics)
    Collisions                      = 251608
    Collision candidates           = 613171
    Collision acceptance rate      = 0.4103390408

    Number of DSMC particles        = 4024378
    Number of stuck particles       = 0
    Number of free particles        = 4024378
    Average linear kinetic energy   = 7.144684714e-19
    Average rotational energy       = 4.49683969e-20
    Average vibrational energy      = 1.870235045e-20
    Average electronic energy       = 0
    Total energy                    = 31.31526353

Stage 1.0  ExecutionTime = 1588.8 s  ClockTime = 108 s  Iteration 540 (5.76 s)

Time = 0.00022

    Collision global reduction skipped (rank 0 local diagnostics)
    Collisions                      = 255202
    Collision candidates           = 622073
    Collision acceptance rate      = 0.4102444568


Phase C auto DLB triggered (SAR) at step 550: sar=3.678783861 loadImbalance=1.495847434 threshold=1.5 particleMaxMin=1
Phase C ParMETIS weights: particles=4057562 activeCells=104145 maxCellParticles=141
Phase C ParMETIS: alpha=1 ncon=1 ubvec=[1.05] moveRatio=0.7163372139 (moveT=41.71030549s, collT=16.51688791s)
Phase C ParMETIS: AdaptiveRepart (104151 cells, 1 constraints, ubvec=1.05)
Replicated mesh: rank 0 owns 27633 / 104151 cells
Local mesh: 27633 owned + 217 halo = 27850 / 104151 cells
Phase C ParMETIS AdaptiveRepart: 0 / 104151 cells changed (0)
Phase C auto DLB complete: rebalance #6

    Number of DSMC particles        = 4057562
    Number of stuck particles       = 0
    Number of free particles        = 4057562
    Average linear kinetic energy   = 7.109061707e-19
    Average rotational energy       = 4.516969264e-20
    Average vibrational energy      = 1.894143087e-20
    Average electronic energy       = 0
    Total energy                    = 31.44680722

Stage 1.0  ExecutionTime = 1638.81 s  ClockTime = 111 s  Iteration 550 (8.18 s)

Time = 0.000224

    Collision global reduction skipped (rank 0 local diagnostics)
    Collisions                      = 259017
    Collision candidates           = 631278
    Collision acceptance rate      = 0.4103057607

    Number of DSMC particles        = 4090595
    Number of stuck particles       = 0
    Number of free particles        = 4090595
    Average linear kinetic energy   = 7.071581467e-19
    Average rotational energy       = 4.548456518e-20
    Average vibrational energy      = 1.917538487e-20
    Average electronic energy       = 0
    Total energy                    = 31.57195248

Stage 1.0  ExecutionTime = 1687.04 s  ClockTime = 114 s  Iteration 560 (5.74 s)

Time = 0.000228

    Collision global reduction skipped (rank 0 local diagnostics)
    Collisions                      = 261167
    Collision candidates           = 638019
    Collision acceptance rate      = 0.4093404742

    Number of DSMC particles        = 4123603
    Number of stuck particles       = 0
    Number of free particles        = 4123603
    Average linear kinetic energy   = 7.036044333e-19
    Average rotational energy       = 4.566559643e-20
    Average vibrational energy      = 1.94217892e-20
    Average electronic energy       = 0
    Total energy                    = 31.69779891

Stage 1.0  ExecutionTime = 1735.75 s  ClockTime = 117 s  Iteration 570 (5.87 s)

Time = 0.000232

    Collision global reduction skipped (rank 0 local diagnostics)
    Collisions                      = 263599
    Collision candidates           = 644587
    Collision acceptance rate      = 0.4089424701

    Number of DSMC particles        = 4156262
    Number of stuck particles       = 0
    Number of free particles        = 4156262
    Average linear kinetic energy   = 7.001590299e-19
    Average rotational energy       = 4.584186714e-20
    Average vibrational energy      = 1.967565182e-20
    Average electronic energy       = 0
    Total energy                    = 31.82352344

Stage 1.0  ExecutionTime = 1785.44 s  ClockTime = 121 s  Iteration 580 (5.93 s)

Time = 0.000236

    Collision global reduction skipped (rank 0 local diagnostics)
    Collisions                      = 264743
    Collision candidates           = 651656
    Collision acceptance rate      = 0.4062618928

    Number of DSMC particles        = 4189084
    Number of stuck particles       = 0
    Number of free particles        = 4189084
    Average linear kinetic energy   = 6.966735243e-19
    Average rotational energy       = 4.605275453e-20
    Average vibrational energy      = 1.987393549e-20
    Average electronic energy       = 0
    Total energy                    = 31.94596356

Stage 1.0  ExecutionTime = 1836.03 s  ClockTime = 124 s  Iteration 590 (6.59 s)

Time = 0.00024

    Collision global reduction skipped (rank 0 local diagnostics)
    Collisions                      = 269250
    Collision candidates           = 661579
    Collision acceptance rate      = 0.4069808745


Phase C auto DLB triggered (threshold) at step 600: sar=0 loadImbalance=1.564338847 threshold=1.5 particleMaxMin=1
Phase C ParMETIS weights: particles=4221907 activeCells=104138 maxCellParticles=138
Phase C ParMETIS: alpha=1 ncon=1 ubvec=[1.05] moveRatio=0.7133837818 (moveT=47.92414143s, collT=19.25448339s)
Phase C ParMETIS: AdaptiveRepart (104151 cells, 1 constraints, ubvec=1.05)
Replicated mesh: rank 0 owns 27633 / 104151 cells
Local mesh: 27633 owned + 217 halo = 27850 / 104151 cells
Phase C ParMETIS AdaptiveRepart: 0 / 104151 cells changed (0)
Phase C auto DLB complete: rebalance #7

    Number of DSMC particles        = 4221907
    Number of stuck particles       = 0
    Number of free particles        = 4221907
    Average linear kinetic energy   = 6.932032375e-19
    Average rotational energy       = 4.629990357e-20
    Average vibrational energy      = 2.010959317e-20
    Average electronic energy       = 0
    Total energy                    = 32.0701432

Stage 1.0  ExecutionTime = 1889.75 s  ClockTime = 127 s  Iteration 600 (9.4 s)

Time = 0.000244

    Collision global reduction skipped (rank 0 local diagnostics)
    Collisions                      = 272181
    Collision candidates           = 670288
    Collision acceptance rate      = 0.4060657508

    Number of DSMC particles        = 4254255
    Number of stuck particles       = 0
    Number of free particles        = 4254255
    Average linear kinetic energy   = 6.899979751e-19
    Average rotational energy       = 4.641751464e-20
    Average vibrational energy      = 2.033145219e-20
    Average electronic energy       = 0
    Total energy                    = 32.19394462

Stage 1.0  ExecutionTime = 1942.47 s  ClockTime = 130 s  Iteration 610 (7.54 s)

Time = 0.000248

    Collision global reduction skipped (rank 0 local diagnostics)
    Collisions                      = 275855
    Collision candidates           = 680013
    Collision acceptance rate      = 0.4056613624

    Number of DSMC particles        = 4286348
    Number of stuck particles       = 0
    Number of free particles        = 4286348
    Average linear kinetic energy   = 6.867276456e-19
    Average rotational energy       = 4.656077449e-20
    Average vibrational energy      = 2.054010722e-20
    Average electronic energy       = 0
    Total energy                    = 32.311714

Stage 1.0  ExecutionTime = 1995.04 s  ClockTime = 134 s  Iteration 620 (7.86 s)

Time = 0.000252

    Collision global reduction skipped (rank 0 local diagnostics)
    Collisions                      = 278867
    Collision candidates           = 687515
    Collision acceptance rate      = 0.4056158775

    Number of DSMC particles        = 4318802
    Number of stuck particles       = 0
    Number of free particles        = 4318802
    Average linear kinetic energy   = 6.834303989e-19
    Average rotational energy       = 4.679883235e-20
    Average vibrational energy      = 2.071707392e-20
    Average electronic energy       = 0
    Total energy                    = 32.43188405

Stage 1.0  ExecutionTime = 2048.4 s  ClockTime = 137 s  Iteration 630 (8.41 s)

Time = 0.000256

    Collision global reduction skipped (rank 0 local diagnostics)
    Collisions                      = 281562
    Collision candidates           = 696586
    Collision acceptance rate      = 0.4042027833

    Number of DSMC particles        = 4351219
    Number of stuck particles       = 0
    Number of free particles        = 4351219
    Average linear kinetic energy   = 6.803153812e-19
    Average rotational energy       = 4.694916157e-20
    Average vibrational energy      = 2.093970966e-20
    Average electronic energy       = 0
    Total energy                    = 32.55600559

Stage 1.0  ExecutionTime = 2101.79 s  ClockTime = 141 s  Iteration 640 (8.01 s)

Time = 0.00026

    Collision global reduction skipped (rank 0 local diagnostics)
    Collisions                      = 285330
    Collision candidates           = 705352
    Collision acceptance rate      = 0.4045214304


Phase C auto DLB triggered (threshold) at step 650: sar=0 loadImbalance=1.678538374 threshold=1.5 particleMaxMin=1
Phase C ParMETIS weights: particles=4383175 activeCells=104141 maxCellParticles=146
Phase C ParMETIS: alpha=1 ncon=1 ubvec=[1.05] moveRatio=0.71129686 (moveT=54.51730464s, collT=22.12763464s)
Phase C ParMETIS: AdaptiveRepart (104151 cells, 1 constraints, ubvec=1.05)
Replicated mesh: rank 0 owns 27633 / 104151 cells
Local mesh: 27633 owned + 217 halo = 27850 / 104151 cells
Phase C ParMETIS AdaptiveRepart: 0 / 104151 cells changed (0)
Phase C auto DLB complete: rebalance #8

    Number of DSMC particles        = 4383175
    Number of stuck particles       = 0
    Number of free particles        = 4383175
    Average linear kinetic energy   = 6.771980242e-19
    Average rotational energy       = 4.707277637e-20
    Average vibrational energy      = 2.114259827e-20
    Average electronic energy       = 0
    Total energy                    = 32.67277375

Stage 1.0  ExecutionTime = 2157.4 s  ClockTime = 145 s  Iteration 650 (9.93 s)

Time = 0.000264

    Collision global reduction skipped (rank 0 local diagnostics)
    Collisions                      = 287935
    Collision candidates           = 713228
    Collision acceptance rate      = 0.403706809

    Number of DSMC particles        = 4415180
    Number of stuck particles       = 0
    Number of free particles        = 4415180
    Average linear kinetic energy   = 6.740287325e-19
    Average rotational energy       = 4.728367115e-20
    Average vibrational energy      = 2.131820988e-20
    Average electronic energy       = 0
    Total energy                    = 32.78847832

Stage 1.0  ExecutionTime = 2213.08 s  ClockTime = 148 s  Iteration 660 (8.14 s)

Time = 0.000268

    Collision global reduction skipped (rank 0 local diagnostics)
    Collisions                      = 291155
    Collision candidates           = 722148
    Collision acceptance rate      = 0.4031791267

    Number of DSMC particles        = 4446740
    Number of stuck particles       = 0
    Number of free particles        = 4446740
    Average linear kinetic energy   = 6.710042781e-19
    Average rotational energy       = 4.742236546e-20
    Average vibrational energy      = 2.149104872e-20
    Average electronic energy       = 0
    Total energy                    = 32.90221599

Stage 1.0  ExecutionTime = 2268.14 s  ClockTime = 152 s  Iteration 670 (8.4 s)

Time = 0.000272

    Collision global reduction skipped (rank 0 local diagnostics)
    Collisions                      = 293893
    Collision candidates           = 728729
    Collision acceptance rate      = 0.4032953265

    Number of DSMC particles        = 4477938
    Number of stuck particles       = 0
    Number of free particles        = 4477938
    Average linear kinetic energy   = 6.680171174e-19
    Average rotational energy       = 4.761188526e-20
    Average vibrational energy      = 2.165570023e-20
    Average electronic energy       = 0
    Total energy                    = 33.01515188

Stage 1.0  ExecutionTime = 2323.75 s  ClockTime = 155 s  Iteration 680 (8.29 s)

Time = 0.000276

    Collision global reduction skipped (rank 0 local diagnostics)
    Collisions                      = 295515
    Collision candidates           = 734093
    Collision acceptance rate      = 0.4025579865

    Number of DSMC particles        = 4509263
    Number of stuck particles       = 0
    Number of free particles        = 4509263
    Average linear kinetic energy   = 6.650571905e-19
    Average rotational energy       = 4.779344406e-20
    Average vibrational energy      = 2.181235304e-20
    Average electronic energy       = 0
    Total energy                    = 33.12788627

Stage 1.0  ExecutionTime = 2379.68 s  ClockTime = 159 s  Iteration 690 (8.39 s)

Time = 0.00028

    Collision global reduction skipped (rank 0 local diagnostics)
    Collisions                      = 297707
    Collision candidates           = 741896
    Collision acceptance rate      = 0.4012786159


Phase C auto DLB triggered (threshold) at step 700: sar=0 loadImbalance=1.775882905 threshold=1.5 particleMaxMin=1
Phase C ParMETIS weights: particles=4540108 activeCells=104144 maxCellParticles=150
Phase C ParMETIS: alpha=1 ncon=1 ubvec=[1.05] moveRatio=0.7095961744 (moveT=61.42300376s, collT=25.13750203s)
Phase C ParMETIS: AdaptiveRepart (104151 cells, 1 constraints, ubvec=1.05)
Replicated mesh: rank 0 owns 27633 / 104151 cells
Local mesh: 27633 owned + 217 halo = 27850 / 104151 cells
Phase C ParMETIS AdaptiveRepart: 0 / 104151 cells changed (0)
Phase C auto DLB complete: rebalance #9

    Number of DSMC particles        = 4540108
    Number of stuck particles       = 0
    Number of free particles        = 4540108
    Average linear kinetic energy   = 6.622148667e-19
    Average rotational energy       = 4.792936903e-20
    Average vibrational energy      = 2.197732581e-20
    Average electronic energy       = 0
    Total energy                    = 33.23910958

Stage 1.0  ExecutionTime = 2438.63 s  ClockTime = 163 s  Iteration 700 (10.82 s)

Time = 0.000284

    Collision global reduction skipped (rank 0 local diagnostics)
    Collisions                      = 300363
    Collision candidates           = 748241
    Collision acceptance rate      = 0.4014254766

    Number of DSMC particles        = 4570890
    Number of stuck particles       = 0
    Number of free particles        = 4570890
    Average linear kinetic energy   = 6.593834649e-19
    Average rotational energy       = 4.804234813e-20
    Average vibrational energy      = 2.215092012e-20
    Average electronic energy       = 0
    Total energy                    = 33.34814994

Stage 1.0  ExecutionTime = 2496.45 s  ClockTime = 167 s  Iteration 710 (8.55 s)

Time = 0.000288

    Collision global reduction skipped (rank 0 local diagnostics)
    Collisions                      = 303062
    Collision candidates           = 756200
    Collision acceptance rate      = 0.4007696377

    Number of DSMC particles        = 4601489
    Number of stuck particles       = 0
    Number of free particles        = 4601489
    Average linear kinetic energy   = 6.565660252e-19
    Average rotational energy       = 4.821624238e-20
    Average vibrational energy      = 2.231498502e-20
    Average electronic energy       = 0
    Total energy                    = 33.4573001

Stage 1.0  ExecutionTime = 2554.29 s  ClockTime = 171 s  Iteration 720 (8.58 s)

Time = 0.000292

    Collision global reduction skipped (rank 0 local diagnostics)
    Collisions                      = 304839
    Collision candidates           = 762970
    Collision acceptance rate      = 0.399542577

    Number of DSMC particles        = 4631849
    Number of stuck particles       = 0
    Number of free particles        = 4631849
    Average linear kinetic energy   = 6.538874433e-19
    Average rotational energy       = 4.830150604e-20
    Average vibrational energy      = 2.246943999e-20
    Average electronic energy       = 0
    Total energy                    = 33.56508236

Stage 1.0  ExecutionTime = 2612.59 s  ClockTime = 175 s  Iteration 730 (8.65 s)

Time = 0.000296

    Collision global reduction skipped (rank 0 local diagnostics)
    Collisions                      = 307042
    Collision candidates           = 769727
    Collision acceptance rate      = 0.3988972714

    Number of DSMC particles        = 4662182
    Number of stuck particles       = 0
    Number of free particles        = 4662182
    Average linear kinetic energy   = 6.510925856e-19
    Average rotational energy       = 4.842419436e-20
    Average vibrational energy      = 2.25944936e-20
    Average electronic energy       = 0
    Total energy                    = 33.66614181

Stage 1.0  ExecutionTime = 2671.13 s  ClockTime = 179 s  Iteration 740 (8.73 s)

Time = 0.0003

    Collision global reduction skipped (rank 0 local diagnostics)
    Collisions                      = 309394
    Collision candidates           = 777068
    Collision acceptance rate      = 0.3981556312


Phase C auto DLB triggered (threshold) at step 750: sar=0 loadImbalance=1.864809905 threshold=1.5 particleMaxMin=1
Phase C ParMETIS weights: particles=4692052 activeCells=104149 maxCellParticles=165
Phase C ParMETIS: alpha=1 ncon=1 ubvec=[1.05] moveRatio=0.7084282115 (moveT=68.65897184s, collT=28.25835969s)
Phase C ParMETIS: AdaptiveRepart (104151 cells, 1 constraints, ubvec=1.05)
Replicated mesh: rank 0 owns 27792 / 104151 cells
Local mesh: 27792 owned + 208 halo = 28000 / 104151 cells
Phase C ParMETIS AdaptiveRepart: 159 / 104151 cells changed (0.001526629605)
Phase C auto DLB complete: rebalance #10

    Number of DSMC particles        = 4692052
    Number of stuck particles       = 0
    Number of free particles        = 4692052
    Average linear kinetic energy   = 6.483708124e-19
    Average rotational energy       = 4.857676709e-20
    Average vibrational energy      = 2.275564586e-20
    Average electronic energy       = 0
    Total energy                    = 33.76884958

Stage 1.0  ExecutionTime = 2732.64 s  ClockTime = 183 s  Iteration 750 (11.16 s)

Time = 0.000304

    Collision global reduction skipped (rank 0 local diagnostics)
    Collisions                      = 314749
    Collision candidates           = 788012
    Collision acceptance rate      = 0.3994215824

    Number of DSMC particles        = 4721363
    Number of stuck particles       = 0
    Number of free particles        = 4721363
    Average linear kinetic energy   = 6.457340805e-19
    Average rotational energy       = 4.868502979e-20
    Average vibrational energy      = 2.29212439e-20
    Average electronic energy       = 0
    Total energy                    = 33.86824207

Stage 1.0  ExecutionTime = 2793.02 s  ClockTime = 188 s  Iteration 760 (8.86 s)

Time = 0.000308

    Collision global reduction skipped (rank 0 local diagnostics)
    Collisions                      = 318581
    Collision candidates           = 796988
    Collision acceptance rate      = 0.3997312381

    Number of DSMC particles        = 4751005
    Number of stuck particles       = 0
    Number of free particles        = 4751005
    Average linear kinetic energy   = 6.431403291e-19
    Average rotational energy       = 4.875961012e-20
    Average vibrational energy      = 2.303850126e-20
    Average electronic energy       = 0
    Total energy                    = 33.96676105

Stage 1.0  ExecutionTime = 2853.3 s  ClockTime = 192 s  Iteration 770 (8.91 s)

Time = 0.000312

    Collision global reduction skipped (rank 0 local diagnostics)
    Collisions                      = 320479
    Collision candidates           = 804451
    Collision acceptance rate      = 0.3983822508

    Number of DSMC particles        = 4780632
    Number of stuck particles       = 0
    Number of free particles        = 4780632
    Average linear kinetic energy   = 6.405210754e-19
    Average rotational energy       = 4.887157118e-20
    Average vibrational energy      = 2.320559125e-20
    Average electronic energy       = 0
    Total energy                    = 34.06669939

Stage 1.0  ExecutionTime = 2914 s  ClockTime = 196 s  Iteration 780 (9 s)

Time = 0.000316

    Collision global reduction skipped (rank 0 local diagnostics)
    Collisions                      = 321729
    Collision candidates           = 808984
    Collision acceptance rate      = 0.3976951336

    Number of DSMC particles        = 4809852
    Number of stuck particles       = 0
    Number of free particles        = 4809852
    Average linear kinetic energy   = 6.380568397e-19
    Average rotational energy       = 4.898805758e-20
    Average vibrational energy      = 2.331780464e-20
    Average electronic energy       = 0
    Total energy                    = 34.16739462

Stage 1.0  ExecutionTime = 2975.18 s  ClockTime = 200 s  Iteration 790 (9.08 s)

Time = 0.00032

    Collision global reduction skipped (rank 0 local diagnostics)
    Collisions                      = 324892
    Collision candidates           = 817117
    Collision acceptance rate      = 0.3976076865


Phase C auto DLB triggered (threshold) at step 800: sar=0 loadImbalance=1.925536445 threshold=1.5 particleMaxMin=1
Phase C ParMETIS weights: particles=4838934 activeCells=104146 maxCellParticles=172
Phase C ParMETIS: alpha=1 ncon=1 ubvec=[1.05] moveRatio=0.7074511261 (moveT=76.21387379s, collT=31.51635799s)
Phase C ParMETIS: AdaptiveRepart (104151 cells, 1 constraints, ubvec=1.05)
Replicated mesh: rank 0 owns 27754 / 104151 cells
Local mesh: 27754 owned + 207 halo = 27961 / 104151 cells
Phase C ParMETIS AdaptiveRepart: 72 / 104151 cells changed (0.0006913039721)
Phase C auto DLB complete: rebalance #11

    Number of DSMC particles        = 4838934
    Number of stuck particles       = 0
    Number of free particles        = 4838934
    Average linear kinetic energy   = 6.356432429e-19
    Average rotational energy       = 4.911492208e-20
    Average vibrational energy      = 2.343847416e-20
    Average electronic energy       = 0
    Total energy                    = 34.26916796

Stage 1.0  ExecutionTime = 3039.52 s  ClockTime = 205 s  Iteration 800 (11.65 s)

Time = 0.000324

    Collision global reduction skipped (rank 0 local diagnostics)
    Collisions                      = 326926
    Collision candidates           = 823792
    Collision acceptance rate      = 0.3968550314

    Number of DSMC particles        = 4867497
    Number of stuck particles       = 0
    Number of free particles        = 4867497
    Average linear kinetic energy   = 6.331997728e-19
    Average rotational energy       = 4.918012475e-20
    Average vibrational energy      = 2.357149315e-20
    Average electronic energy       = 0
    Total energy                    = 34.36216277

Stage 1.0  ExecutionTime = 3102.18 s  ClockTime = 209 s  Iteration 810 (9.14 s)

Time = 0.000328

    Collision global reduction skipped (rank 0 local diagnostics)
    Collisions                      = 329409
    Collision candidates           = 831598
    Collision acceptance rate      = 0.3961156713

    Number of DSMC particles        = 4896394
    Number of stuck particles       = 0
    Number of free particles        = 4896394
    Average linear kinetic energy   = 6.308101313e-19
    Average rotational energy       = 4.924329529e-20
    Average vibrational energy      = 2.368154668e-20
    Average electronic energy       = 0
    Total energy                    = 34.45763701

Stage 1.0  ExecutionTime = 3164.7 s  ClockTime = 214 s  Iteration 820 (9.2 s)

Time = 0.000332

    Collision global reduction skipped (rank 0 local diagnostics)
    Collisions                      = 333093
    Collision candidates           = 838240
    Collision acceptance rate      = 0.3973718744

    Number of DSMC particles        = 4925379
    Number of stuck particles       = 0
    Number of free particles        = 4925379
    Average linear kinetic energy   = 6.284401088e-19
    Average rotational energy       = 4.936886389e-20
    Average vibrational energy      = 2.380803764e-20
    Average electronic energy       = 0
    Total energy                    = 34.55729689

Stage 1.0  ExecutionTime = 3227.87 s  ClockTime = 218 s  Iteration 830 (9.26 s)

Time = 0.000336

    Collision global reduction skipped (rank 0 local diagnostics)
    Collisions                      = 335195
    Collision candidates           = 846344
    Collision acceptance rate      = 0.3960505421

    Number of DSMC particles        = 4953486
    Number of stuck particles       = 0
    Number of free particles        = 4953486
    Average linear kinetic energy   = 6.26094875e-19
    Average rotational energy       = 4.94138839e-20
    Average vibrational energy      = 2.396184358e-20
    Average electronic energy       = 0
    Total energy                    = 34.64817837

Stage 1.0  ExecutionTime = 3291.36 s  ClockTime = 222 s  Iteration 840 (9.33 s)

Time = 0.00034

    Collision global reduction skipped (rank 0 local diagnostics)
    Collisions                      = 337926
    Collision candidates           = 852164
    Collision acceptance rate      = 0.3965504293


Phase C auto DLB triggered (threshold) at step 850: sar=0 loadImbalance=1.989730298 threshold=1.5 particleMaxMin=1
Phase C ParMETIS weights: particles=4982044 activeCells=104148 maxCellParticles=181
Phase C ParMETIS: alpha=1 ncon=1 ubvec=[1.05] moveRatio=0.7067387579 (moveT=84.0655855s, collT=34.88301406s)
Phase C ParMETIS: AdaptiveRepart (104151 cells, 1 constraints, ubvec=1.05)
Replicated mesh: rank 0 owns 27751 / 104151 cells
Local mesh: 27751 owned + 207 halo = 27958 / 104151 cells
Phase C ParMETIS AdaptiveRepart: 7 / 104151 cells changed (6.72101084e-05)
Phase C auto DLB complete: rebalance #12

    Number of DSMC particles        = 4982044
    Number of stuck particles       = 0
    Number of free particles        = 4982044
    Average linear kinetic energy   = 6.238997467e-19
    Average rotational energy       = 4.945585488e-20
    Average vibrational energy      = 2.408723732e-20
    Average electronic energy       = 0
    Total energy                    = 34.74690911

Stage 1.0  ExecutionTime = 3358.06 s  ClockTime = 227 s  Iteration 850 (12.17 s)

Time = 0.000344

    Collision global reduction skipped (rank 0 local diagnostics)
    Collisions                      = 339803
    Collision candidates           = 859653
    Collision acceptance rate      = 0.395279258

    Number of DSMC particles        = 5009989
    Number of stuck particles       = 0
    Number of free particles        = 5009989
    Average linear kinetic energy   = 6.216083657e-19
    Average rotational energy       = 4.954233167e-20
    Average vibrational energy      = 2.420049524e-20
    Average electronic energy       = 0
    Total energy                    = 34.83701826

Stage 1.0  ExecutionTime = 3422.78 s  ClockTime = 232 s  Iteration 860 (9.44 s)

Time = 0.000348

    Collision global reduction skipped (rank 0 local diagnostics)
    Collisions                      = 341759
    Collision candidates           = 865399
    Collision acceptance rate      = 0.3949149467

    Number of DSMC particles        = 5037750
    Number of stuck particles       = 0
    Number of free particles        = 5037750
    Average linear kinetic energy   = 6.193119341e-19
    Average rotational energy       = 4.96832937e-20
    Average vibrational energy      = 2.43362381e-20
    Average electronic energy       = 0
    Total energy                    = 34.92830592

Stage 1.0  ExecutionTime = 3487.89 s  ClockTime = 236 s  Iteration 870 (9.5 s)

Time = 0.000352

    Collision global reduction skipped (rank 0 local diagnostics)
    Collisions                      = 344315
    Collision candidates           = 873895
    Collision acceptance rate      = 0.3940004234

    Number of DSMC particles        = 5065394
    Number of stuck particles       = 0
    Number of free particles        = 5065394
    Average linear kinetic energy   = 6.171491287e-19
    Average rotational energy       = 4.973230482e-20
    Average vibrational energy      = 2.443245591e-20
    Average electronic energy       = 0
    Total energy                    = 35.01777227

Stage 1.0  ExecutionTime = 3553.53 s  ClockTime = 241 s  Iteration 880 (9.54 s)

Time = 0.000356

    Collision global reduction skipped (rank 0 local diagnostics)
    Collisions                      = 347047
    Collision candidates           = 880596
    Collision acceptance rate      = 0.3941046746

    Number of DSMC particles        = 5092523
    Number of stuck particles       = 0
    Number of free particles        = 5092523
    Average linear kinetic energy   = 6.149455583e-19
    Average rotational energy       = 4.984053829e-20
    Average vibrational energy      = 2.455708874e-20
    Average electronic energy       = 0
    Total energy                    = 35.10496026

Stage 1.0  ExecutionTime = 3619.31 s  ClockTime = 246 s  Iteration 890 (9.63 s)

Time = 0.00036

    Collision global reduction skipped (rank 0 local diagnostics)
    Collisions                      = 348494
    Collision candidates           = 885420
    Collision acceptance rate      = 0.3935917418


Phase C auto DLB triggered (threshold) at step 900: sar=0 loadImbalance=2.039692529 threshold=1.5 particleMaxMin=1
Phase C ParMETIS weights: particles=5119685 activeCells=104151 maxCellParticles=183
Phase C ParMETIS: alpha=1 ncon=1 ubvec=[1.05] moveRatio=0.7062151438 (moveT=92.23651889s, collT=38.3703078s)
Phase C ParMETIS: AdaptiveRepart (104151 cells, 1 constraints, ubvec=1.05)
Replicated mesh: rank 0 owns 27792 / 104151 cells
Local mesh: 27792 owned + 203 halo = 27995 / 104151 cells
Phase C ParMETIS AdaptiveRepart: 41 / 104151 cells changed (0.0003936592063)
Phase C auto DLB complete: rebalance #13

    Number of DSMC particles        = 5119685
    Number of stuck particles       = 0
    Number of free particles        = 5119685
    Average linear kinetic energy   = 6.12821258e-19
    Average rotational energy       = 4.988936727e-20
    Average vibrational energy      = 2.465491129e-20
    Average electronic energy       = 0
    Total energy                    = 35.19095027

Stage 1.0  ExecutionTime = 3688.53 s  ClockTime = 251 s  Iteration 900 (12.56 s)

Time = 0.000364

    Collision global reduction skipped (rank 0 local diagnostics)
    Collisions                      = 351881
    Collision candidates           = 894221
    Collision acceptance rate      = 0.3935056323

    Number of DSMC particles        = 5147074
    Number of stuck particles       = 0
    Number of free particles        = 5147074
    Average linear kinetic energy   = 6.10790907e-19
    Average rotational energy       = 4.99130589e-20
    Average vibrational energy      = 2.475107304e-20
    Average electronic energy       = 0
    Total energy                    = 35.28087809

Stage 1.0  ExecutionTime = 3755.66 s  ClockTime = 255 s  Iteration 910 (9.7 s)

Time = 0.000368

    Collision global reduction skipped (rank 0 local diagnostics)
    Collisions                      = 354575
    Collision candidates           = 901201
    Collision acceptance rate      = 0.3934471888

    Number of DSMC particles        = 5173993
    Number of stuck particles       = 0
    Number of free particles        = 5173993
    Average linear kinetic energy   = 6.0855911e-19
    Average rotational energy       = 5.006822705e-20
    Average vibrational energy      = 2.486873676e-20
    Average electronic energy       = 0
    Total energy                    = 35.36403901

Stage 1.0  ExecutionTime = 3822.91 s  ClockTime = 260 s  Iteration 920 (9.78 s)

Time = 0.000372

    Collision global reduction skipped (rank 0 local diagnostics)
    Collisions                      = 357549
    Collision candidates           = 909816
    Collision acceptance rate      = 0.3929904508

    Number of DSMC particles        = 5200735
    Number of stuck particles       = 0
    Number of free particles        = 5200735
    Average linear kinetic energy   = 6.065856418e-19
    Average rotational energy       = 5.007088361e-20
    Average vibrational energy      = 2.496709782e-20
    Average electronic energy       = 0
    Total energy                    = 35.44943834

Stage 1.0  ExecutionTime = 3890.59 s  ClockTime = 265 s  Iteration 930 (9.81 s)

Time = 0.000376

    Collision global reduction skipped (rank 0 local diagnostics)
    Collisions                      = 358473
    Collision candidates           = 916632
    Collision acceptance rate      = 0.3910762443

    Number of DSMC particles        = 5227395
    Number of stuck particles       = 0
    Number of free particles        = 5227395
    Average linear kinetic energy   = 6.044708286e-19
    Average rotational energy       = 5.017557536e-20
    Average vibrational energy      = 2.505999418e-20
    Average electronic energy       = 0
    Total energy                    = 35.53093827

Stage 1.0  ExecutionTime = 3958.67 s  ClockTime = 270 s  Iteration 940 (9.89 s)

Time = 0.00038

    Collision global reduction skipped (rank 0 local diagnostics)
    Collisions                      = 362138
    Collision candidates           = 923222
    Collision acceptance rate      = 0.3922545173


Phase C auto DLB triggered (threshold) at step 950: sar=0 loadImbalance=2.079610234 threshold=1.5 particleMaxMin=1
Phase C ParMETIS weights: particles=5253561 activeCells=104149 maxCellParticles=185
Phase C ParMETIS: alpha=1 ncon=1 ubvec=[1.05] moveRatio=0.7058832022 (moveT=100.7172613s, collT=41.96535389s)
Phase C ParMETIS: AdaptiveRepart (104151 cells, 1 constraints, ubvec=1.05)
Replicated mesh: rank 0 owns 27792 / 104151 cells
Local mesh: 27792 owned + 203 halo = 27995 / 104151 cells
Phase C ParMETIS AdaptiveRepart: 0 / 104151 cells changed (0)
Phase C auto DLB complete: rebalance #14

    Number of DSMC particles        = 5253561
    Number of stuck particles       = 0
    Number of free particles        = 5253561
    Average linear kinetic energy   = 6.024709801e-19
    Average rotational energy       = 5.022009608e-20
    Average vibrational energy      = 2.515278277e-20
    Average electronic energy       = 0
    Total energy                    = 35.61094062

Stage 1.0  ExecutionTime = 4030.07 s  ClockTime = 275 s  Iteration 950 (12.87 s)

Time = 0.000384

    Collision global reduction skipped (rank 0 local diagnostics)
    Collisions                      = 364414
    Collision candidates           = 930807
    Collision acceptance rate      = 0.3915032869

    Number of DSMC particles        = 5280070
    Number of stuck particles       = 0
    Number of free particles        = 5280070
    Average linear kinetic energy   = 6.004581596e-19
    Average rotational energy       = 5.033368313e-20
    Average vibrational energy      = 2.523340321e-20
    Average electronic energy       = 0
    Total energy                    = 35.69460621

Stage 1.0  ExecutionTime = 4099.05 s  ClockTime = 280 s  Iteration 960 (10 s)

Time = 0.000388

    Collision global reduction skipped (rank 0 local diagnostics)
    Collisions                      = 367025
    Collision candidates           = 936455
    Collision acceptance rate      = 0.3919302049

    Number of DSMC particles        = 5306060
    Number of stuck particles       = 0
    Number of free particles        = 5306060
    Average linear kinetic energy   = 5.98617744e-19
    Average rotational energy       = 5.041449999e-20
    Average vibrational energy      = 2.532220042e-20
    Average electronic energy       = 0
    Total energy                    = 35.78165143

Stage 1.0  ExecutionTime = 4168.47 s  ClockTime = 285 s  Iteration 970 (10.06 s)

Time = 0.000392

    Collision global reduction skipped (rank 0 local diagnostics)
    Collisions                      = 369127
    Collision candidates           = 942064
    Collision acceptance rate      = 0.3918279437

    Number of DSMC particles        = 5332124
    Number of stuck particles       = 0
    Number of free particles        = 5332124
    Average linear kinetic energy   = 5.966908338e-19
    Average rotational energy       = 5.046348449e-20
    Average vibrational energy      = 2.541693546e-20
    Average electronic energy       = 0
    Total energy                    = 35.86233324

Stage 1.0  ExecutionTime = 4238.23 s  ClockTime = 290 s  Iteration 980 (10.13 s)

Time = 0.000396

    Collision global reduction skipped (rank 0 local diagnostics)
    Collisions                      = 369257
    Collision candidates           = 946639
    Collision acceptance rate      = 0.3900716112

    Number of DSMC particles        = 5357656
    Number of stuck particles       = 0
    Number of free particles        = 5357656
    Average linear kinetic energy   = 5.947276643e-19
    Average rotational energy       = 5.052312245e-20
    Average vibrational energy      = 2.551453585e-20
    Average electronic energy       = 0
    Total energy                    = 35.93729855

Stage 1.0  ExecutionTime = 4308.45 s  ClockTime = 295 s  Iteration 990 (10.12 s)

Time = 0.0004

    Collision global reduction skipped (rank 0 local diagnostics)
    Collisions                      = 371349
    Collision candidates           = 952313
    Collision acceptance rate      = 0.3899442725


Phase C auto DLB triggered (threshold) at step 1000: sar=0 loadImbalance=2.124576636 threshold=1.5 particleMaxMin=1
Phase C ParMETIS weights: particles=5383317 activeCells=104149 maxCellParticles=199
Phase C ParMETIS: alpha=1 ncon=1 ubvec=[1.05] moveRatio=0.7056278455 (moveT=109.4674264s, collT=45.66736188s)
Phase C ParMETIS: AdaptiveRepart (104151 cells, 1 constraints, ubvec=1.05)
Replicated mesh: rank 0 owns 27792 / 104151 cells
Local mesh: 27792 owned + 203 halo = 27995 / 104151 cells
Phase C ParMETIS AdaptiveRepart: 0 / 104151 cells changed (0)
Phase C auto DLB complete: rebalance #15

    Number of DSMC particles        = 5383317
    Number of stuck particles       = 0
    Number of free particles        = 5383317
    Average linear kinetic energy   = 5.929290065e-19
    Average rotational energy       = 5.052568954e-20
    Average vibrational energy      = 2.558199693e-20
    Average electronic energy       = 0
    Total energy                    = 36.01636603

Stage 1.0  ExecutionTime = 4382.11 s  ClockTime = 300 s  Iteration 1000 (13.23 s)

Time = 0.000404

    Collision global reduction skipped (rank 0 local diagnostics)
    Collisions                      = 375015
    Collision candidates           = 961723
    Collision acceptance rate      = 0.3899407626

    Number of DSMC particles        = 5408623
    Number of stuck particles       = 0
    Number of free particles        = 5408623
    Average linear kinetic energy   = 5.910893141e-19
    Average rotational energy       = 5.05588622e-20
    Average vibrational energy      = 2.565514705e-20
    Average electronic energy       = 0
    Total energy                    = 36.09192103

Stage 1.0  ExecutionTime = 4453.19 s  ClockTime = 306 s  Iteration 1010 (10.21 s)

Time = 0.000408

    Collision global reduction skipped (rank 0 local diagnostics)
    Collisions                      = 377077
    Collision candidates           = 966910
    Collision acceptance rate      = 0.3899814874

    Number of DSMC particles        = 5434210
    Number of stuck particles       = 0
    Number of free particles        = 5434210
    Average linear kinetic energy   = 5.892387416e-19
    Average rotational energy       = 5.061257647e-20
    Average vibrational energy      = 2.574855742e-20
    Average electronic energy       = 0
    Total energy                    = 36.170095

Stage 1.0  ExecutionTime = 4524.53 s  ClockTime = 311 s  Iteration 1020 (10.29 s)

Time = 0.000412

    Collision global reduction skipped (rank 0 local diagnostics)
    Collisions                      = 378988
    Collision candidates           = 972896
    Collision acceptance rate      = 0.3895462619

    Number of DSMC particles        = 5459615
    Number of stuck particles       = 0
    Number of free particles        = 5459615
    Average linear kinetic energy   = 5.874469782e-19
    Average rotational energy       = 5.063297183e-20
    Average vibrational energy      = 2.583838752e-20
    Average electronic energy       = 0
    Total energy                    = 36.24738515

Stage 1.0  ExecutionTime = 4596.23 s  ClockTime = 316 s  Iteration 1030 (10.4 s)

Time = 0.000416

    Collision global reduction skipped (rank 0 local diagnostics)
    Collisions                      = 381839
    Collision candidates           = 979296
    Collision acceptance rate      = 0.3899117325

    Number of DSMC particles        = 5484603
    Number of stuck particles       = 0
    Number of free particles        = 5484603
    Average linear kinetic energy   = 5.856599142e-19
    Average rotational energy       = 5.067648393e-20
    Average vibrational energy      = 2.593151119e-20
    Average electronic energy       = 0
    Total energy                    = 36.32276562

Stage 1.0  ExecutionTime = 4668.36 s  ClockTime = 321 s  Iteration 1040 (10.39 s)

Time = 0.00042

    Collision global reduction skipped (rank 0 local diagnostics)
    Collisions                      = 382678
    Collision candidates           = 983023
    Collision acceptance rate      = 0.3892869241


Phase C auto DLB triggered (threshold) at step 1050: sar=0 loadImbalance=2.158840788 threshold=1.5 particleMaxMin=1
Phase C ParMETIS weights: particles=5509726 activeCells=104149 maxCellParticles=199
Phase C ParMETIS: alpha=1 ncon=1 ubvec=[1.05] moveRatio=0.7054068062 (moveT=118.4670662s, collT=49.47441828s)
Phase C ParMETIS: AdaptiveRepart (104151 cells, 1 constraints, ubvec=1.05)
Replicated mesh: rank 0 owns 27792 / 104151 cells
Local mesh: 27792 owned + 203 halo = 27995 / 104151 cells
Phase C ParMETIS AdaptiveRepart: 0 / 104151 cells changed (0)
Phase C auto DLB complete: rebalance #16

    Number of DSMC particles        = 5509726
    Number of stuck particles       = 0
    Number of free particles        = 5509726
    Average linear kinetic energy   = 5.839377555e-19
    Average rotational energy       = 5.071278321e-20
    Average vibrational energy      = 2.599498091e-20
    Average electronic energy       = 0
    Total energy                    = 36.39975796

Stage 1.0  ExecutionTime = 4743.72 s  ClockTime = 327 s  Iteration 1050 (13.36 s)

Time = 0.000424

    Collision global reduction skipped (rank 0 local diagnostics)
    Collisions                      = 383814
    Collision candidates           = 987801
    Collision acceptance rate      = 0.3885539699

    Number of DSMC particles        = 5534290
    Number of stuck particles       = 0
    Number of free particles        = 5534290
    Average linear kinetic energy   = 5.821925311e-19
    Average rotational energy       = 5.072110997e-20
    Average vibrational energy      = 2.606935e-20
    Average electronic energy       = 0
    Total energy                    = 36.47002977

Stage 1.0  ExecutionTime = 4816.81 s  ClockTime = 332 s  Iteration 1060 (10.48 s)

Time = 0.000428

    Collision global reduction skipped (rank 0 local diagnostics)
    Collisions                      = 387205
    Collision candidates           = 996811
    Collision acceptance rate      = 0.3884437471

    Number of DSMC particles        = 5559293
    Number of stuck particles       = 0
    Number of free particles        = 5559293
    Average linear kinetic energy   = 5.805542716e-19
    Average rotational energy       = 5.078539197e-20
    Average vibrational energy      = 2.611760848e-20
    Average electronic energy       = 0
    Total energy                    = 36.54997611

Stage 1.0  ExecutionTime = 4890.04 s  ClockTime = 337 s  Iteration 1070 (10.49 s)

Time = 0.000432

    Collision global reduction skipped (rank 0 local diagnostics)
    Collisions                      = 388265
    Collision candidates           = 1002528
    Collision acceptance rate      = 0.3872859411

    Number of DSMC particles        = 5584008
    Number of stuck particles       = 0
    Number of free particles        = 5584008
    Average linear kinetic energy   = 5.789214944e-19
    Average rotational energy       = 5.082924927e-20
    Average vibrational energy      = 2.619492016e-20
    Average electronic energy       = 0
    Total energy                    = 36.62805834

Stage 1.0  ExecutionTime = 4963.7 s  ClockTime = 343 s  Iteration 1080 (10.53 s)

Time = 0.000436

    Collision global reduction skipped (rank 0 local diagnostics)
    Collisions                      = 391952
    Collision candidates           = 1007940
    Collision acceptance rate      = 0.3888644165

    Number of DSMC particles        = 5608412
    Number of stuck particles       = 0
    Number of free particles        = 5608412
    Average linear kinetic energy   = 5.772741178e-19
    Average rotational energy       = 5.086544669e-20
    Average vibrational energy      = 2.625385981e-20
    Average electronic energy       = 0
    Total energy                    = 36.70107933

Stage 1.0  ExecutionTime = 5037.85 s  ClockTime = 348 s  Iteration 1090 (10.62 s)

Time = 0.00044

    Collision global reduction skipped (rank 0 local diagnostics)
    Collisions                      = 394039
    Collision candidates           = 1014566
    Collision acceptance rate      = 0.3883818303


Phase C auto DLB triggered (threshold) at step 1100: sar=0 loadImbalance=2.196065023 threshold=1.5 particleMaxMin=1
Phase C ParMETIS weights: particles=5632530 activeCells=104149 maxCellParticles=214
Phase C ParMETIS: alpha=1 ncon=1 ubvec=[1.05] moveRatio=0.7053286858 (moveT=127.7307825s, collT=53.3632026s)
Phase C ParMETIS: AdaptiveRepart (104151 cells, 1 constraints, ubvec=1.05)
Replicated mesh: rank 0 owns 27792 / 104151 cells
Local mesh: 27792 owned + 203 halo = 27995 / 104151 cells
Phase C ParMETIS AdaptiveRepart: 0 / 104151 cells changed (0)
Phase C auto DLB complete: rebalance #17

    Number of DSMC particles        = 5632530
    Number of stuck particles       = 0
    Number of free particles        = 5632530
    Average linear kinetic energy   = 5.756189807e-19
    Average rotational energy       = 5.093870143e-20
    Average vibrational energy      = 2.631781704e-20
    Average electronic energy       = 0
    Total energy                    = 36.77340836

Stage 1.0  ExecutionTime = 5115.54 s  ClockTime = 354 s  Iteration 1100 (13.84 s)

Time = 0.000444

    Collision global reduction skipped (rank 0 local diagnostics)
    Collisions                      = 395791
    Collision candidates           = 1021564
    Collision acceptance rate      = 0.3874363231

    Number of DSMC particles        = 5656319
    Number of stuck particles       = 0
    Number of free particles        = 5656319
    Average linear kinetic energy   = 5.740639825e-19
    Average rotational energy       = 5.091846191e-20
    Average vibrational energy      = 2.638778912e-20
    Average electronic energy       = 0
    Total energy                    = 36.84357828

Stage 1.0  ExecutionTime = 5190.56 s  ClockTime = 359 s  Iteration 1110 (10.67 s)

Time = 0.000448

    Collision global reduction skipped (rank 0 local diagnostics)
    Collisions                      = 398266
    Collision candidates           = 1028359
    Collision acceptance rate      = 0.3872830403

    Number of DSMC particles        = 5680486
    Number of stuck particles       = 0
    Number of free particles        = 5680486
    Average linear kinetic energy   = 5.724389853e-19
    Average rotational energy       = 5.097342899e-20
    Average vibrational energy      = 2.643928964e-20
    Average electronic energy       = 0
    Total energy                    = 36.91473507

Stage 1.0  ExecutionTime = 5265.96 s  ClockTime = 364 s  Iteration 1120 (10.72 s)

Time = 0.000452

    Collision global reduction skipped (rank 0 local diagnostics)
    Collisions                      = 400766
    Collision candidates           = 1031935
    Collision acceptance rate      = 0.3883636082

    Number of DSMC particles        = 5704289
    Number of stuck particles       = 0
    Number of free particles        = 5704289
    Average linear kinetic energy   = 5.70869253e-19
    Average rotational energy       = 5.0986162e-20
    Average vibrational energy      = 2.649326778e-20
    Average electronic energy       = 0
    Total energy                    = 36.98368259

Stage 1.0  ExecutionTime = 5341.62 s  ClockTime = 370 s  Iteration 1130 (10.77 s)

Time = 0.000456

    Collision global reduction skipped (rank 0 local diagnostics)
    Collisions                      = 402089
    Collision candidates           = 1037977
    Collision acceptance rate      = 0.3873775623

    Number of DSMC particles        = 5727837
    Number of stuck particles       = 0
    Number of free particles        = 5727837
    Average linear kinetic energy   = 5.692268357e-19
    Average rotational energy       = 5.103665597e-20
    Average vibrational energy      = 2.654825089e-20
    Average electronic energy       = 0
    Total energy                    = 37.04832231

Stage 1.0  ExecutionTime = 5417.54 s  ClockTime = 375 s  Iteration 1140 (10.81 s)

Time = 0.00046

    Collision global reduction skipped (rank 0 local diagnostics)
    Collisions                      = 402254
    Collision candidates           = 1043291
    Collision acceptance rate      = 0.3855626091


Phase C auto DLB triggered (threshold) at step 1150: sar=0 loadImbalance=2.221751233 threshold=1.5 particleMaxMin=1
Phase C ParMETIS weights: particles=5751651 activeCells=104151 maxCellParticles=207
Phase C ParMETIS: alpha=1 ncon=1 ubvec=[1.05] moveRatio=0.7053714509 (moveT=137.3139444s, collT=57.35504061s)
Phase C ParMETIS: AdaptiveRepart (104151 cells, 1 constraints, ubvec=1.05)
Replicated mesh: rank 0 owns 27792 / 104151 cells
Local mesh: 27792 owned + 203 halo = 27995 / 104151 cells
Phase C ParMETIS AdaptiveRepart: 0 / 104151 cells changed (0)
Phase C auto DLB complete: rebalance #18

    Number of DSMC particles        = 5751651
    Number of stuck particles       = 0
    Number of free particles        = 5751651
    Average linear kinetic energy   = 5.676658414e-19
    Average rotational energy       = 5.109169594e-20
    Average vibrational energy      = 2.658261197e-20
    Average electronic energy       = 0
    Total energy                    = 37.11771315

Stage 1.0  ExecutionTime = 5497.05 s  ClockTime = 381 s  Iteration 1150 (14.02 s)

Time = 0.000464

    Collision global reduction skipped (rank 0 local diagnostics)
    Collisions                      = 403761
    Collision candidates           = 1046489
    Collision acceptance rate      = 0.385824409

    Number of DSMC particles        = 5774893
    Number of stuck particles       = 0
    Number of free particles        = 5774893
    Average linear kinetic energy   = 5.661782496e-19
    Average rotational energy       = 5.109197516e-20
    Average vibrational energy      = 2.664138039e-20
    Average electronic energy       = 0
    Total energy                    = 37.18520621

Stage 1.0  ExecutionTime = 5573.8 s  ClockTime = 387 s  Iteration 1160 (10.92 s)

Time = 0.000468

    Collision global reduction skipped (rank 0 local diagnostics)
    Collisions                      = 406184
    Collision candidates           = 1051179
    Collision acceptance rate      = 0.3864080238

    Number of DSMC particles        = 5797966
    Number of stuck particles       = 0
    Number of free particles        = 5797966
    Average linear kinetic energy   = 5.647310418e-19
    Average rotational energy       = 5.109493154e-20
    Average vibrational energy      = 2.669151789e-20
    Average electronic energy       = 0
    Total energy                    = 37.25294569

Stage 1.0  ExecutionTime = 5650.82 s  ClockTime = 392 s  Iteration 1170 (10.93 s)

Time = 0.000472

    Collision global reduction skipped (rank 0 local diagnostics)
    Collisions                      = 407003
    Collision candidates           = 1056265
    Collision acceptance rate      = 0.385322812

    Number of DSMC particles        = 5820903
    Number of stuck particles       = 0
    Number of free particles        = 5820903
    Average linear kinetic energy   = 5.631813784e-19
    Average rotational energy       = 5.114906787e-20
    Average vibrational energy      = 2.677054605e-20
    Average electronic energy       = 0
    Total energy                    = 37.3178669

Stage 1.0  ExecutionTime = 5728.1 s  ClockTime = 398 s  Iteration 1180 (10.96 s)

Time = 0.000476

    Collision global reduction skipped (rank 0 local diagnostics)
    Collisions                      = 410202
    Collision candidates           = 1063747
    Collision acceptance rate      = 0.3856198889

    Number of DSMC particles        = 5843612
    Number of stuck particles       = 0
    Number of free particles        = 5843612
    Average linear kinetic energy   = 5.618160635e-19
    Average rotational energy       = 5.115910576e-20
    Average vibrational energy      = 2.682724288e-20
    Average electronic energy       = 0
    Total energy                    = 37.38757053

Stage 1.0  ExecutionTime = 5805.91 s  ClockTime = 404 s  Iteration 1190 (11.02 s)

Time = 0.00048

    Collision global reduction skipped (rank 0 local diagnostics)
    Collisions                      = 411917
    Collision candidates           = 1070681
    Collision acceptance rate      = 0.3847243016


Phase C auto DLB triggered (threshold) at step 1200: sar=0 loadImbalance=2.245496424 threshold=1.5 particleMaxMin=1
Phase C ParMETIS weights: particles=5866500 activeCells=104151 maxCellParticles=220
Phase C ParMETIS: alpha=1 ncon=1 ubvec=[1.05] moveRatio=0.7054783851 (moveT=147.103637s, collT=61.41251331s)
Phase C ParMETIS: AdaptiveRepart (104151 cells, 1 constraints, ubvec=1.05)
Replicated mesh: rank 0 owns 27792 / 104151 cells
Local mesh: 27792 owned + 203 halo = 27995 / 104151 cells
Phase C ParMETIS AdaptiveRepart: 0 / 104151 cells changed (0)
Phase C auto DLB complete: rebalance #19

    Number of DSMC particles        = 5866500
    Number of stuck particles       = 0
    Number of free particles        = 5866500
    Average linear kinetic energy   = 5.603818504e-19
    Average rotational energy       = 5.122355578e-20
    Average vibrational energy      = 2.688754742e-20
    Average electronic energy       = 0
    Total energy                    = 37.45718912

Stage 1.0  ExecutionTime = 5887.28 s  ClockTime = 410 s  Iteration 1200 (14.23 s)

Time = 0.000484

    Collision global reduction skipped (rank 0 local diagnostics)
    Collisions                      = 414241
    Collision candidates           = 1077580
    Collision acceptance rate      = 0.3844178622

    Number of DSMC particles        = 5889040
    Number of stuck particles       = 0
    Number of free particles        = 5889040
    Average linear kinetic energy   = 5.589664392e-19
    Average rotational energy       = 5.124642558e-20
    Average vibrational energy      = 2.694391797e-20
    Average electronic energy       = 0
    Total energy                    = 37.5224178

Stage 1.0  ExecutionTime = 5965.72 s  ClockTime = 415 s  Iteration 1210 (11.11 s)

Time = 0.000488

    Collision global reduction skipped (rank 0 local diagnostics)
    Collisions                      = 416823
    Collision candidates           = 1082522
    Collision acceptance rate      = 0.3850480637

    Number of DSMC particles        = 5911553
    Number of stuck particles       = 0
    Number of free particles        = 5911553
    Average linear kinetic energy   = 5.575019551e-19
    Average rotational energy       = 5.130059644e-20
    Average vibrational energy      = 2.699787013e-20
    Average electronic energy       = 0
    Total energy                    = 37.5856789

Stage 1.0  ExecutionTime = 6044.45 s  ClockTime = 421 s  Iteration 1220 (11.17 s)

Time = 0.000492

    Collision global reduction skipped (rank 0 local diagnostics)
    Collisions                      = 418042
    Collision candidates           = 1085288
    Collision acceptance rate      = 0.3851899219

    Number of DSMC particles        = 5933837
    Number of stuck particles       = 0
    Number of free particles        = 5933837
    Average linear kinetic energy   = 5.560478882e-19
    Average rotational energy       = 5.135928045e-20
    Average vibrational energy      = 2.706064523e-20
    Average electronic energy       = 0
    Total energy                    = 37.64828589

Stage 1.0  ExecutionTime = 6123.47 s  ClockTime = 427 s  Iteration 1230 (11.16 s)

Time = 0.000496

    Collision global reduction skipped (rank 0 local diagnostics)
    Collisions                      = 420045
    Collision candidates           = 1091360
    Collision acceptance rate      = 0.3848821654

    Number of DSMC particles        = 5956157
    Number of stuck particles       = 0
    Number of free particles        = 5956157
    Average linear kinetic energy   = 5.54705136e-19
    Average rotational energy       = 5.137150562e-20
    Average vibrational energy      = 2.71236434e-20
    Average electronic energy       = 0
    Total energy                    = 37.7144031

Stage 1.0  ExecutionTime = 6202.9 s  ClockTime = 433 s  Iteration 1240 (11.23 s)

Time = 0.0005

    Collision global reduction skipped (rank 0 local diagnostics)
    Collisions                      = 421842
    Collision candidates           = 1098053
    Collision acceptance rate      = 0.384172713


Phase C auto DLB triggered (threshold) at step 1250: sar=0 loadImbalance=2.272790667 threshold=1.5 particleMaxMin=1
Phase C ParMETIS weights: particles=5978109 activeCells=104149 maxCellParticles=218
Phase C ParMETIS: alpha=1 ncon=1 ubvec=[1.05] moveRatio=0.7055997985 (moveT=157.1223651s, collT=65.55678735s)
Phase C ParMETIS: AdaptiveRepart (104151 cells, 1 constraints, ubvec=1.05)
Replicated mesh: rank 0 owns 27792 / 104151 cells
Local mesh: 27792 owned + 203 halo = 27995 / 104151 cells
Phase C ParMETIS AdaptiveRepart: 0 / 104151 cells changed (0)
Phase C auto DLB complete: rebalance #20

    Number of DSMC particles        = 5978109
    Number of stuck particles       = 0
    Number of free particles        = 5978109
    Average linear kinetic energy   = 5.532515371e-19
    Average rotational energy       = 5.14268187e-20
    Average vibrational energy      = 2.718760133e-20
    Average electronic energy       = 0
    Total energy                    = 37.77363565
Replicated mesh: wrote gathered cloud on rank0 at output time 0.0005 with 5978109 parcels
Written cellOwner field at output time 0.0005
Replicated mesh output timing:
    gather parcels [s]       = 0.98
    rank0 write [s]           = 14.62
    migrate-back [s]          = 0.79


Stage 1.0  ExecutionTime = 6318.73 s  ClockTime = 458 s  Iteration 1250 (46.96 s)

    Maximum imbalance = 4.776242788%

Time = 0.000504

    Collision global reduction skipped (rank 0 local diagnostics)
    Collisions                      = 423139
    Collision candidates           = 1101424
    Collision acceptance rate      = 0.3841744868

    Number of DSMC particles        = 5999906
    Number of stuck particles       = 0
    Number of free particles        = 5999906
    Average linear kinetic energy   = 5.519313784e-19
    Average rotational energy       = 5.148090107e-20
    Average vibrational energy      = 2.721549283e-20
    Average electronic energy       = 0
    Total energy                    = 37.83707355

Stage 1.0  ExecutionTime = 6397.62 s  ClockTime = 463 s  Iteration 1260 (9.86 s)

Time = 0.000508

    Collision global reduction skipped (rank 0 local diagnostics)
    Collisions                      = 424082
    Collision candidates           = 1104909
    Collision acceptance rate      = 0.3838162238

    Number of DSMC particles        = 6021762
    Number of stuck particles       = 0
    Number of free particles        = 6021762
    Average linear kinetic energy   = 5.506392698e-19
    Average rotational energy       = 5.148161334e-20
    Average vibrational energy      = 2.725402591e-20
    Average electronic energy       = 0
    Total energy                    = 37.89945911

Stage 1.0  ExecutionTime = 6477.91 s  ClockTime = 468 s  Iteration 1270 (9.93 s)

Time = 0.000512

    Collision global reduction skipped (rank 0 local diagnostics)
    Collisions                      = 425951
    Collision candidates           = 1109244
    Collision acceptance rate      = 0.3840011756

    Number of DSMC particles        = 6043355
    Number of stuck particles       = 0
    Number of free particles        = 6043355
    Average linear kinetic energy   = 5.493519037e-19
    Average rotational energy       = 5.153110844e-20
    Average vibrational energy      = 2.729798209e-20
    Average electronic energy       = 0
    Total energy                    = 37.96320752

Stage 1.0  ExecutionTime = 6558.47 s  ClockTime = 473 s  Iteration 1280 (9.97 s)

Time = 0.000516

    Collision global reduction skipped (rank 0 local diagnostics)
    Collisions                      = 428176
    Collision candidates           = 1116045
    Collision acceptance rate      = 0.3836547809

    Number of DSMC particles        = 6064838
    Number of stuck particles       = 0
    Number of free particles        = 6064838
    Average linear kinetic energy   = 5.480349789e-19
    Average rotational energy       = 5.15609413e-20
    Average vibrational energy      = 2.734481413e-20
    Average electronic energy       = 0
    Total energy                    = 38.02293989

Stage 1.0  ExecutionTime = 6639.29 s  ClockTime = 478 s  Iteration 1290 (10.02 s)

Time = 0.00052

    Collision global reduction skipped (rank 0 local diagnostics)
    Collisions                      = 429100
    Collision candidates           = 1119319
    Collision acceptance rate      = 0.3833580954


Phase C auto DLB triggered (threshold) at step 1300: sar=0 loadImbalance=2.474704188 threshold=1.5 particleMaxMin=1
Phase C ParMETIS weights: particles=6086324 activeCells=104149 maxCellParticles=220
Phase C ParMETIS: alpha=1 ncon=1 ubvec=[1.05] moveRatio=0.7056339227 (moveT=167.3083907s, collT=69.79527639s)
Phase C ParMETIS: AdaptiveRepart (104151 cells, 1 constraints, ubvec=1.05)
Replicated mesh: rank 0 owns 27792 / 104151 cells
Local mesh: 27792 owned + 203 halo = 27995 / 104151 cells
Phase C ParMETIS AdaptiveRepart: 0 / 104151 cells changed (0)
Phase C auto DLB complete: rebalance #21

    Number of DSMC particles        = 6086324
    Number of stuck particles       = 0
    Number of free particles        = 6086324
    Average linear kinetic energy   = 5.467390131e-19
    Average rotational energy       = 5.158256245e-20
    Average vibrational energy      = 2.735828426e-20
    Average electronic energy       = 0
    Total energy                    = 38.08090347

Stage 1.0  ExecutionTime = 6723.49 s  ClockTime = 484 s  Iteration 1300 (13.21 s)

Time = 0.000524

    Collision global reduction skipped (rank 0 local diagnostics)
    Collisions                      = 431443
    Collision candidates           = 1123884
    Collision acceptance rate      = 0.3838857035

    Number of DSMC particles        = 6106998
    Number of stuck particles       = 0
    Number of free particles        = 6106998
    Average linear kinetic energy   = 5.455135727e-19
    Average rotational energy       = 5.15938196e-20
    Average vibrational energy      = 2.741694348e-20
    Average electronic energy       = 0
    Total energy                    = 38.1396887

Stage 1.0  ExecutionTime = 6804.74 s  ClockTime = 489 s  Iteration 1310 (10.1 s)

Time = 0.000528

    Collision global reduction skipped (rank 0 local diagnostics)
    Collisions                      = 432246
    Collision candidates           = 1127579
    Collision acceptance rate      = 0.3833398813

    Number of DSMC particles        = 6128058
    Number of stuck particles       = 0
    Number of free particles        = 6128058
    Average linear kinetic energy   = 5.44300056e-19
    Average rotational energy       = 5.156206978e-20
    Average vibrational energy      = 2.746431473e-20
    Average electronic energy       = 0
    Total energy                    = 38.1978058

Stage 1.0  ExecutionTime = 6886.61 s  ClockTime = 494 s  Iteration 1320 (10.16 s)

Time = 0.000532

    Collision global reduction skipped (rank 0 local diagnostics)
    Collisions                      = 433928
    Collision candidates           = 1134941
    Collision acceptance rate      = 0.3823352932

    Number of DSMC particles        = 6149186
    Number of stuck particles       = 0
    Number of free particles        = 6149186
    Average linear kinetic energy   = 5.430279939e-19
    Average rotational energy       = 5.160267823e-20
    Average vibrational energy      = 2.74966816e-20
    Average electronic energy       = 0
    Total energy                    = 38.25576814

Stage 1.0  ExecutionTime = 6968.74 s  ClockTime = 499 s  Iteration 1330 (10.21 s)

Time = 0.000536

    Collision global reduction skipped (rank 0 local diagnostics)
    Collisions                      = 435797
    Collision candidates           = 1137609
    Collision acceptance rate      = 0.3830815333

    Number of DSMC particles        = 6170206
    Number of stuck particles       = 0
    Number of free particles        = 6170206
    Average linear kinetic energy   = 5.41874386e-19
    Average rotational energy       = 5.164399872e-20
    Average vibrational energy      = 2.75343149e-20
    Average electronic energy       = 0
    Total energy                    = 38.32023093

Stage 1.0  ExecutionTime = 7051.17 s  ClockTime = 505 s  Iteration 1340 (10.27 s)

Time = 0.00054

    Collision global reduction skipped (rank 0 local diagnostics)
    Collisions                      = 437063
    Collision candidates           = 1142643
    Collision acceptance rate      = 0.3825017963


Phase C auto DLB triggered (threshold) at step 1350: sar=0 loadImbalance=2.202945377 threshold=1.5 particleMaxMin=1
Phase C ParMETIS weights: particles=6191161 activeCells=104149 maxCellParticles=250
Phase C ParMETIS: alpha=1 ncon=1 ubvec=[1.05] moveRatio=0.7059196913 (moveT=177.8707593s, collT=74.09948814s)
Phase C ParMETIS: AdaptiveRepart (104151 cells, 1 constraints, ubvec=1.05)
Replicated mesh: rank 0 owns 27792 / 104151 cells
Local mesh: 27792 owned + 203 halo = 27995 / 104151 cells
Phase C ParMETIS AdaptiveRepart: 0 / 104151 cells changed (0)
Phase C auto DLB complete: rebalance #22

    Number of DSMC particles        = 6191161
    Number of stuck particles       = 0
    Number of free particles        = 6191161
    Average linear kinetic energy   = 5.407174803e-19
    Average rotational energy       = 5.165264074e-20
    Average vibrational energy      = 2.756392336e-20
    Average electronic energy       = 0
    Total energy                    = 38.38111478

Stage 1.0  ExecutionTime = 7137.02 s  ClockTime = 510 s  Iteration 1350 (13.44 s)

Time = 0.000544

    Collision global reduction skipped (rank 0 local diagnostics)
    Collisions                      = 439424
    Collision candidates           = 1148627
    Collision acceptance rate      = 0.3825645749

    Number of DSMC particles        = 6211797
    Number of stuck particles       = 0
    Number of free particles        = 6211797
    Average linear kinetic energy   = 5.394988479e-19
    Average rotational energy       = 5.166539556e-20
    Average vibrational energy      = 2.759569099e-20
    Average electronic energy       = 0
    Total energy                    = 38.43611104

Stage 1.0  ExecutionTime = 7219.98 s  ClockTime = 516 s  Iteration 1360 (10.34 s)

Time = 0.000548

    Collision global reduction skipped (rank 0 local diagnostics)
    Collisions                      = 440552
    Collision candidates           = 1152982
    Collision acceptance rate      = 0.3820978992

    Number of DSMC particles        = 6232424
    Number of stuck particles       = 0
    Number of free particles        = 6232424
    Average linear kinetic energy   = 5.383030531e-19
    Average rotational energy       = 5.170639077e-20
    Average vibrational energy      = 2.763392876e-20
    Average electronic energy       = 0
    Total energy                    = 38.49415379

Stage 1.0  ExecutionTime = 7303.42 s  ClockTime = 521 s  Iteration 1370 (10.39 s)

Time = 0.000552

    Collision global reduction skipped (rank 0 local diagnostics)
    Collisions                      = 441541
    Collision candidates           = 1156664
    Collision acceptance rate      = 0.381736615

    Number of DSMC particles        = 6252588
    Number of stuck particles       = 0
    Number of free particles        = 6252588
    Average linear kinetic energy   = 5.371212555e-19
    Average rotational energy       = 5.170429209e-20
    Average vibrational energy      = 2.766641982e-20
    Average electronic energy       = 0
    Total energy                    = 38.54670278

Stage 1.0  ExecutionTime = 7387.53 s  ClockTime = 526 s  Iteration 1380 (10.43 s)

Time = 0.000556

    Collision global reduction skipped (rank 0 local diagnostics)
    Collisions                      = 443806
    Collision candidates           = 1162620
    Collision acceptance rate      = 0.3817291978

    Number of DSMC particles        = 6272927
    Number of stuck particles       = 0
    Number of free particles        = 6272927
    Average linear kinetic energy   = 5.360405588e-19
    Average rotational energy       = 5.16732346e-20
    Average vibrational energy      = 2.770998823e-20
    Average electronic energy       = 0
    Total energy                    = 38.60508456

Stage 1.0  ExecutionTime = 7471.49 s  ClockTime = 532 s  Iteration 1390 (10.46 s)

Time = 0.00056

    Collision global reduction skipped (rank 0 local diagnostics)
    Collisions                      = 445691
    Collision candidates           = 1168190
    Collision acceptance rate      = 0.3815226975


Phase C auto DLB triggered (threshold) at step 1400: sar=0 loadImbalance=2.195625349 threshold=1.5 particleMaxMin=1
Phase C ParMETIS weights: particles=6292932 activeCells=104151 maxCellParticles=232
Phase C ParMETIS: alpha=1 ncon=1 ubvec=[1.05] moveRatio=0.7062183705 (moveT=188.6630179s, collT=78.48242291s)
Phase C ParMETIS: AdaptiveRepart (104151 cells, 1 constraints, ubvec=1.05)
Replicated mesh: rank 0 owns 27792 / 104151 cells
Local mesh: 27792 owned + 203 halo = 27995 / 104151 cells
Phase C ParMETIS AdaptiveRepart: 0 / 104151 cells changed (0)
Phase C auto DLB complete: rebalance #23

    Number of DSMC particles        = 6292932
    Number of stuck particles       = 0
    Number of free particles        = 6292932
    Average linear kinetic energy   = 5.348808864e-19
    Average rotational energy       = 5.169580291e-20
    Average vibrational energy      = 2.775854291e-20
    Average electronic energy       = 0
    Total energy                    = 38.65969841

Stage 1.0  ExecutionTime = 7558.94 s  ClockTime = 537 s  Iteration 1400 (13.66 s)

Time = 0.000564

    Collision global reduction skipped (rank 0 local diagnostics)
    Collisions                      = 447607
    Collision candidates           = 1173505
    Collision acceptance rate      = 0.3814274332

    Number of DSMC particles        = 6312963
    Number of stuck particles       = 0
    Number of free particles        = 6312963
    Average linear kinetic energy   = 5.337815995e-19
    Average rotational energy       = 5.166970219e-20
    Average vibrational energy      = 2.780519572e-20
    Average electronic energy       = 0
    Total energy                    = 38.71465577

Stage 1.0  ExecutionTime = 7643.58 s  ClockTime = 543 s  Iteration 1410 (10.54 s)

Time = 0.000568

    Collision global reduction skipped (rank 0 local diagnostics)
    Collisions                      = 448817
    Collision candidates           = 1177161
    Collision acceptance rate      = 0.3812707013

    Number of DSMC particles        = 6332784
    Number of stuck particles       = 0
    Number of free particles        = 6332784
    Average linear kinetic energy   = 5.326219067e-19
    Average rotational energy       = 5.168590007e-20
    Average vibrational energy      = 2.785103608e-20
    Average electronic energy       = 0
    Total energy                    = 38.76669726

Stage 1.0  ExecutionTime = 7728.4 s  ClockTime = 548 s  Iteration 1420 (10.63 s)

Time = 0.000572

    Collision global reduction skipped (rank 0 local diagnostics)
    Collisions                      = 451300
    Collision candidates           = 1183367
    Collision acceptance rate      = 0.3813694315

    Number of DSMC particles        = 6353044
    Number of stuck particles       = 0
    Number of free particles        = 6353044
    Average linear kinetic energy   = 5.315629405e-19
    Average rotational energy       = 5.175910568e-20
    Average vibrational energy      = 2.787683164e-20
    Average electronic energy       = 0
    Total energy                    = 38.82973364

Stage 1.0  ExecutionTime = 7813.47 s  ClockTime = 554 s  Iteration 1430 (10.63 s)

Time = 0.000576

    Collision global reduction skipped (rank 0 local diagnostics)
    Collisions                      = 452804
    Collision candidates           = 1188257
    Collision acceptance rate      = 0.3810657122

    Number of DSMC particles        = 6372974
    Number of stuck particles       = 0
    Number of free particles        = 6372974
    Average linear kinetic energy   = 5.304412563e-19
    Average rotational energy       = 5.173160446e-20
    Average vibrational energy      = 2.791723894e-20
    Average electronic energy       = 0
    Total energy                    = 38.88088343

Stage 1.0  ExecutionTime = 7898.87 s  ClockTime = 559 s  Iteration 1440 (10.67 s)

Time = 0.00058

    Collision global reduction skipped (rank 0 local diagnostics)
    Collisions                      = 454200
    Collision candidates           = 1191897
    Collision acceptance rate      = 0.3810731968


Phase C auto DLB triggered (threshold) at step 1450: sar=0 loadImbalance=2.172501722 threshold=1.5 particleMaxMin=1
Phase C ParMETIS weights: particles=6392702 activeCells=104151 maxCellParticles=232
Phase C ParMETIS: alpha=1 ncon=1 ubvec=[1.05] moveRatio=0.7065230811 (moveT=199.6497173s, collT=82.93088431s)
Phase C ParMETIS: AdaptiveRepart (104151 cells, 1 constraints, ubvec=1.05)
Replicated mesh: rank 0 owns 27792 / 104151 cells
Local mesh: 27792 owned + 203 halo = 27995 / 104151 cells
Phase C ParMETIS AdaptiveRepart: 0 / 104151 cells changed (0)
Phase C auto DLB complete: rebalance #24

    Number of DSMC particles        = 6392702
    Number of stuck particles       = 0
    Number of free particles        = 6392702
    Average linear kinetic energy   = 5.29428863e-19
    Average rotational energy       = 5.174460815e-20
    Average vibrational energy      = 2.792331782e-20
    Average electronic energy       = 0
    Total energy                    = 38.93774261

Stage 1.0  ExecutionTime = 7987.93 s  ClockTime = 565 s  Iteration 1450 (13.87 s)

Time = 0.000584

    Collision global reduction skipped (rank 0 local diagnostics)
    Collisions                      = 454786
    Collision candidates           = 1194800
    Collision acceptance rate      = 0.3806377636

    Number of DSMC particles        = 6412092
    Number of stuck particles       = 0
    Number of free particles        = 6412092
    Average linear kinetic energy   = 5.283251136e-19
    Average rotational energy       = 5.174044655e-20
    Average vibrational energy      = 2.796063991e-20
    Average electronic energy       = 0
    Total energy                    = 38.98719933

Stage 1.0  ExecutionTime = 8073.99 s  ClockTime = 571 s  Iteration 1460 (10.8 s)

Time = 0.000588

    Collision global reduction skipped (rank 0 local diagnostics)
    Collisions                      = 457303
    Collision candidates           = 1200022
    Collision acceptance rate      = 0.3810788469

    Number of DSMC particles        = 6431083
    Number of stuck particles       = 0
    Number of free particles        = 6431083
    Average linear kinetic energy   = 5.272636415e-19
    Average rotational energy       = 5.180793791e-20
    Average vibrational energy      = 2.799582079e-20
    Average electronic energy       = 0
    Total energy                    = 39.04100837

Stage 1.0  ExecutionTime = 8160.53 s  ClockTime = 576 s  Iteration 1470 (10.81 s)

Time = 0.000592

    Collision global reduction skipped (rank 0 local diagnostics)
    Collisions                      = 457603
    Collision candidates           = 1203875
    Collision acceptance rate      = 0.3801084

    Number of DSMC particles        = 6450469
    Number of stuck particles       = 0
    Number of free particles        = 6450469
    Average linear kinetic energy   = 5.262594826e-19
    Average rotational energy       = 5.179203173e-20
    Average vibrational energy      = 2.803529825e-20
    Average electronic energy       = 0
    Total energy                    = 39.09544196

Stage 1.0  ExecutionTime = 8247.1 s  ClockTime = 582 s  Iteration 1480 (10.84 s)

Time = 0.000596

    Collision global reduction skipped (rank 0 local diagnostics)
    Collisions                      = 459881
    Collision candidates           = 1208538
    Collision acceptance rate      = 0.3805267191

    Number of DSMC particles        = 6469520
    Number of stuck particles       = 0
    Number of free particles        = 6469520
    Average linear kinetic energy   = 5.252292166e-19
    Average rotational energy       = 5.182258842e-20
    Average vibrational energy      = 2.80717955e-20
    Average electronic energy       = 0
    Total energy                    = 39.14859236

Stage 1.0  ExecutionTime = 8334.22 s  ClockTime = 588 s  Iteration 1490 (10.88 s)

Time = 0.0006

    Collision global reduction skipped (rank 0 local diagnostics)
    Collisions                      = 461106
    Collision candidates           = 1213235
    Collision acceptance rate      = 0.3800632194


Phase C auto DLB triggered (threshold) at step 1500: sar=0 loadImbalance=2.155252811 threshold=1.5 particleMaxMin=1
Phase C ParMETIS weights: particles=6488331 activeCells=104151 maxCellParticles=245
Phase C ParMETIS: alpha=1 ncon=1 ubvec=[1.05] moveRatio=0.7068614374 (moveT=210.8551888s, collT=87.44257882s)
Phase C ParMETIS: AdaptiveRepart (104151 cells, 1 constraints, ubvec=1.05)
Replicated mesh: rank 0 owns 27792 / 104151 cells
Local mesh: 27792 owned + 203 halo = 27995 / 104151 cells
Phase C ParMETIS AdaptiveRepart: 0 / 104151 cells changed (0)
Phase C auto DLB complete: rebalance #25

    Number of DSMC particles        = 6488331
    Number of stuck particles       = 0
    Number of free particles        = 6488331
    Average linear kinetic energy   = 5.241976951e-19
    Average rotational energy       = 5.183737899e-20
    Average vibrational energy      = 2.808768613e-20
    Average electronic energy       = 0
    Total energy                    = 39.19748433

Stage 1.0  ExecutionTime = 8424.48 s  ClockTime = 593 s  Iteration 1500 (14.14 s)

Time = 0.000604

    Collision global reduction skipped (rank 0 local diagnostics)
    Collisions                      = 465018
    Collision candidates           = 1219924
    Collision acceptance rate      = 0.3811860411

    Number of DSMC particles        = 6507552
    Number of stuck particles       = 0
    Number of free particles        = 6507552
    Average linear kinetic energy   = 5.232020794e-19
    Average rotational energy       = 5.182167535e-20
    Average vibrational energy      = 2.813066386e-20
    Average electronic energy       = 0
    Total energy                    = 39.25058743

Stage 1.0  ExecutionTime = 8511.94 s  ClockTime = 599 s  Iteration 1510 (10.98 s)

Time = 0.000608

    Collision global reduction skipped (rank 0 local diagnostics)
    Collisions                      = 465257
    Collision candidates           = 1224121
    Collision acceptance rate      = 0.3800743554

    Number of DSMC particles        = 6526112
    Number of stuck particles       = 0
    Number of free particles        = 6526112
    Average linear kinetic energy   = 5.221717294e-19
    Average rotational energy       = 5.182808444e-20
    Average vibrational energy      = 2.819490749e-20
    Average electronic energy       = 0
    Total energy                    = 39.29990197

Stage 1.0  ExecutionTime = 8599.74 s  ClockTime = 605 s  Iteration 1520 (11.12 s)

Time = 0.000612

    Collision global reduction skipped (rank 0 local diagnostics)
    Collisions                      = 465463
    Collision candidates           = 1227017
    Collision acceptance rate      = 0.3793451924

    Number of DSMC particles        = 6545067
    Number of stuck particles       = 0
    Number of free particles        = 6545067
    Average linear kinetic energy   = 5.211900216e-19
    Average rotational energy       = 5.187960558e-20
    Average vibrational energy      = 2.821702355e-20
    Average electronic energy       = 0
    Total energy                    = 39.35461415

Stage 1.0  ExecutionTime = 8687.84 s  ClockTime = 610 s  Iteration 1530 (11.13 s)

Time = 0.000616

    Collision global reduction skipped (rank 0 local diagnostics)
    Collisions                      = 466445
    Collision candidates           = 1229401
    Collision acceptance rate      = 0.379408346

    Number of DSMC particles        = 6563408
    Number of stuck particles       = 0
    Number of free particles        = 6563408
    Average linear kinetic energy   = 5.202007532e-19
    Average rotational energy       = 5.191761298e-20
    Average vibrational energy      = 2.827096562e-20
    Average electronic energy       = 0
    Total energy                    = 39.40600143

Stage 1.0  ExecutionTime = 8776.12 s  ClockTime = 616 s  Iteration 1540 (11.14 s)

Time = 0.00062

    Collision global reduction skipped (rank 0 local diagnostics)
    Collisions                      = 467599
    Collision candidates           = 1232291
    Collision acceptance rate      = 0.3794550151


Phase C auto DLB triggered (threshold) at step 1550: sar=0 loadImbalance=2.148964107 threshold=1.5 particleMaxMin=1
Phase C ParMETIS weights: particles=6581620 activeCells=104151 maxCellParticles=247
Phase C ParMETIS: alpha=1 ncon=1 ubvec=[1.05] moveRatio=0.7071959259 (moveT=222.253316s, collT=92.02071735s)
Phase C ParMETIS: AdaptiveRepart (104151 cells, 1 constraints, ubvec=1.05)
Replicated mesh: rank 0 owns 27792 / 104151 cells
Local mesh: 27792 owned + 203 halo = 27995 / 104151 cells
Phase C ParMETIS AdaptiveRepart: 0 / 104151 cells changed (0)
Phase C auto DLB complete: rebalance #26

    Number of DSMC particles        = 6581620
    Number of stuck particles       = 0
    Number of free particles        = 6581620
    Average linear kinetic energy   = 5.192634579e-19
    Average rotational energy       = 5.193205344e-20
    Average vibrational energy      = 2.828438789e-20
    Average electronic energy       = 0
    Total energy                    = 39.45548894

Stage 1.0  ExecutionTime = 8868.13 s  ClockTime = 622 s  Iteration 1550 (14.57 s)

Time = 0.000624

    Collision global reduction skipped (rank 0 local diagnostics)
    Collisions                      = 470582
    Collision candidates           = 1238425
    Collision acceptance rate      = 0.3799842542

    Number of DSMC particles        = 6599852
    Number of stuck particles       = 0
    Number of free particles        = 6599852
    Average linear kinetic energy   = 5.182632845e-19
    Average rotational energy       = 5.194344049e-20
    Average vibrational energy      = 2.829675858e-20
    Average electronic energy       = 0
    Total energy                    = 39.50034413

Stage 1.0  ExecutionTime = 8956.77 s  ClockTime = 628 s  Iteration 1560 (11.45 s)

Time = 0.000628

    Collision global reduction skipped (rank 0 local diagnostics)
    Collisions                      = 471960
    Collision candidates           = 1244337
    Collision acceptance rate      = 0.3792863187

    Number of DSMC particles        = 6617960
    Number of stuck particles       = 0
    Number of free particles        = 6617960
    Average linear kinetic energy   = 5.17393434e-19
    Average rotational energy       = 5.191875932e-20
    Average vibrational energy      = 2.831857719e-20
    Average electronic energy       = 0
    Total energy                    = 39.55096534

Stage 1.0  ExecutionTime = 9046 s  ClockTime = 634 s  Iteration 1570 (11.61 s)

Time = 0.000632

    Collision global reduction skipped (rank 0 local diagnostics)
    Collisions                      = 473534
    Collision candidates           = 1248576
    Collision acceptance rate      = 0.3792592521

    Number of DSMC particles        = 6636191
    Number of stuck particles       = 0
    Number of free particles        = 6636191
    Average linear kinetic energy   = 5.165512978e-19
    Average rotational energy       = 5.188006911e-20
    Average vibrational energy      = 2.833678029e-20
    Average electronic energy       = 0
    Total energy                    = 39.60267407

Stage 1.0  ExecutionTime = 9135.62 s  ClockTime = 640 s  Iteration 1580 (11.66 s)

Time = 0.000636

    Collision global reduction skipped (rank 0 local diagnostics)
    Collisions                      = 474329
    Collision candidates           = 1252068
    Collision acceptance rate      = 0.378836453

    Number of DSMC particles        = 6654485
    Number of stuck particles       = 0
    Number of free particles        = 6654485
    Average linear kinetic energy   = 5.155846095e-19
    Average rotational energy       = 5.193082178e-20
    Average vibrational energy      = 2.835286862e-20
    Average electronic energy       = 0
    Total energy                    = 39.65196664

Stage 1.0  ExecutionTime = 9225.26 s  ClockTime = 646 s  Iteration 1590 (11.72 s)

Time = 0.00064

    Collision global reduction skipped (rank 0 local diagnostics)
    Collisions                      = 474816
    Collision candidates           = 1252976
    Collision acceptance rate      = 0.3789505944


Phase C auto DLB triggered (threshold) at step 1600: sar=0 loadImbalance=2.177580157 threshold=1.5 particleMaxMin=1
Phase C ParMETIS weights: particles=6672832 activeCells=104150 maxCellParticles=239
Phase C ParMETIS: alpha=1 ncon=1 ubvec=[1.05] moveRatio=0.7075802998 (moveT=233.8712123s, collT=96.65129146s)
Phase C ParMETIS: AdaptiveRepart (104151 cells, 1 constraints, ubvec=1.05)
Replicated mesh: rank 0 owns 27792 / 104151 cells
Local mesh: 27792 owned + 203 halo = 27995 / 104151 cells
Phase C ParMETIS AdaptiveRepart: 0 / 104151 cells changed (0)
Phase C auto DLB complete: rebalance #27

    Number of DSMC particles        = 6672832
    Number of stuck particles       = 0
    Number of free particles        = 6672832
    Average linear kinetic energy   = 5.146978588e-19
    Average rotational energy       = 5.192983456e-20
    Average vibrational energy      = 2.837679309e-20
    Average electronic energy       = 0
    Total energy                    = 39.70364977

Stage 1.0  ExecutionTime = 9318.45 s  ClockTime = 652 s  Iteration 1600 (15.01 s)

Time = 0.000644

    Collision global reduction skipped (rank 0 local diagnostics)
    Collisions                      = 477102
    Collision candidates           = 1259524
    Collision acceptance rate      = 0.3787954815

    Number of DSMC particles        = 6690679
    Number of stuck particles       = 0
    Number of free particles        = 6690679
    Average linear kinetic energy   = 5.137147415e-19
    Average rotational energy       = 5.197288354e-20
    Average vibrational energy      = 2.84005695e-20
    Average electronic energy       = 0
    Total energy                    = 39.74853407

Stage 1.0  ExecutionTime = 9408.74 s  ClockTime = 658 s  Iteration 1610 (11.89 s)

Time = 0.000648

    Collision global reduction skipped (rank 0 local diagnostics)
    Collisions                      = 479193
    Collision candidates           = 1264790
    Collision acceptance rate      = 0.3788715913

    Number of DSMC particles        = 6708622
    Number of stuck particles       = 0
    Number of free particles        = 6708622
    Average linear kinetic energy   = 5.12851509e-19
    Average rotational energy       = 5.195087716e-20
    Average vibrational energy      = 2.841514741e-20
    Average electronic energy       = 0
    Total energy                    = 39.79672196

Stage 1.0  ExecutionTime = 9499.34 s  ClockTime = 664 s  Iteration 1620 (11.93 s)

Time = 0.000652

    Collision global reduction skipped (rank 0 local diagnostics)
    Collisions                      = 480807
    Collision candidates           = 1271270
    Collision acceptance rate      = 0.378209979

    Number of DSMC particles        = 6725867
    Number of stuck particles       = 0
    Number of free particles        = 6725867
    Average linear kinetic energy   = 5.119573416e-19
    Average rotational energy       = 5.197916348e-20
    Average vibrational energy      = 2.842937247e-20
    Average electronic energy       = 0
    Total energy                    = 39.84174108

Stage 1.0  ExecutionTime = 9590.29 s  ClockTime = 670 s  Iteration 1630 (11.99 s)

Time = 0.000656

    Collision global reduction skipped (rank 0 local diagnostics)
    Collisions                      = 482878
    Collision candidates           = 1274419
    Collision acceptance rate      = 0.3789005029

    Number of DSMC particles        = 6743528
    Number of stuck particles       = 0
    Number of free particles        = 6743528
    Average linear kinetic energy   = 5.11105196e-19
    Average rotational energy       = 5.196539452e-20
    Average vibrational energy      = 2.847357823e-20
    Average electronic energy       = 0
    Total energy                    = 39.89094665

Stage 1.0  ExecutionTime = 9681.44 s  ClockTime = 676 s  Iteration 1640 (12.03 s)

Time = 0.00066

    Collision global reduction skipped (rank 0 local diagnostics)
    Collisions                      = 483147
    Collision candidates           = 1276702
    Collision acceptance rate      = 0.3784336517


Phase C auto DLB triggered (threshold) at step 1650: sar=0 loadImbalance=2.232456533 threshold=1.5 particleMaxMin=1
Phase C ParMETIS weights: particles=6760524 activeCells=104149 maxCellParticles=247
Phase C ParMETIS: alpha=1 ncon=1 ubvec=[1.05] moveRatio=0.7078876183 (moveT=245.618472s, collT=101.3553493s)
Phase C ParMETIS: AdaptiveRepart (104151 cells, 1 constraints, ubvec=1.05)
Replicated mesh: rank 0 owns 27792 / 104151 cells
Local mesh: 27792 owned + 203 halo = 27995 / 104151 cells
Phase C ParMETIS AdaptiveRepart: 0 / 104151 cells changed (0)
Phase C auto DLB complete: rebalance #28

    Number of DSMC particles        = 6760524
    Number of stuck particles       = 0
    Number of free particles        = 6760524
    Average linear kinetic energy   = 5.102342799e-19
    Average rotational energy       = 5.198427808e-20
    Average vibrational energy      = 2.848772387e-20
    Average electronic energy       = 0
    Total energy                    = 39.93483995

Stage 1.0  ExecutionTime = 9776.23 s  ClockTime = 683 s  Iteration 1650 (15.27 s)

Time = 0.000664

    Collision global reduction skipped (rank 0 local diagnostics)
    Collisions                      = 483902
    Collision candidates           = 1280300
    Collision acceptance rate      = 0.3779598532

    Number of DSMC particles        = 6778217
    Number of stuck particles       = 0
    Number of free particles        = 6778217
    Average linear kinetic energy   = 5.09372055e-19
    Average rotational energy       = 5.203446037e-20
    Average vibrational energy      = 2.85162748e-20
    Average electronic energy       = 0
    Total energy                    = 39.98624685

Stage 1.0  ExecutionTime = 9868.17 s  ClockTime = 689 s  Iteration 1660 (12.17 s)

Time = 0.000668

    Collision global reduction skipped (rank 0 local diagnostics)
    Collisions                      = 484625
    Collision candidates           = 1283346
    Collision acceptance rate      = 0.3776261429

    Number of DSMC particles        = 6794541
    Number of stuck particles       = 0
    Number of free particles        = 6794541
    Average linear kinetic energy   = 5.085291196e-19
    Average rotational energy       = 5.201151397e-20
    Average vibrational energy      = 2.853425867e-20
    Average electronic energy       = 0
    Total energy                    = 40.02493508

Stage 1.0  ExecutionTime = 9960.22 s  ClockTime = 695 s  Iteration 1670 (12.22 s)

Time = 0.000672

    Collision global reduction skipped (rank 0 local diagnostics)
    Collisions                      = 485000
    Collision candidates           = 1285920
    Collision acceptance rate      = 0.3771618763

    Number of DSMC particles        = 6811568
    Number of stuck particles       = 0
    Number of free particles        = 6811568
    Average linear kinetic energy   = 5.076897897e-19
    Average rotational energy       = 5.206752811e-20
    Average vibrational energy      = 2.855873517e-20
    Average electronic energy       = 0
    Total energy                    = 40.073548

Stage 1.0  ExecutionTime = 10052.4 s  ClockTime = 702 s  Iteration 1680 (12.19 s)

Time = 0.000676

    Collision global reduction skipped (rank 0 local diagnostics)
    Collisions                      = 486750
    Collision candidates           = 1288687
    Collision acceptance rate      = 0.3777100258

    Number of DSMC particles        = 6828358
    Number of stuck particles       = 0
    Number of free particles        = 6828358
    Average linear kinetic energy   = 5.069192806e-19
    Average rotational energy       = 5.205164847e-20
    Average vibrational energy      = 2.858196824e-20
    Average electronic energy       = 0
    Total energy                    = 40.12021527

Stage 1.0  ExecutionTime = 10144.69 s  ClockTime = 708 s  Iteration 1690 (12.27 s)

Time = 0.00068

    Collision global reduction skipped (rank 0 local diagnostics)
    Collisions                      = 488048
    Collision candidates           = 1294858
    Collision acceptance rate      = 0.3769123719


Phase C auto DLB triggered (threshold) at step 1700: sar=0 loadImbalance=2.239017152 threshold=1.5 particleMaxMin=1
Phase C ParMETIS weights: particles=6845052 activeCells=104151 maxCellParticles=239
Phase C ParMETIS: alpha=1 ncon=1 ubvec=[1.05] moveRatio=0.708237478 (moveT=257.5558421s, collT=106.1016176s)
Phase C ParMETIS: AdaptiveRepart (104151 cells, 1 constraints, ubvec=1.05)
Replicated mesh: rank 0 owns 27792 / 104151 cells
Local mesh: 27792 owned + 203 halo = 27995 / 104151 cells
Phase C ParMETIS AdaptiveRepart: 0 / 104151 cells changed (0)
Phase C auto DLB complete: rebalance #29

    Number of DSMC particles        = 6845052
    Number of stuck particles       = 0
    Number of free particles        = 6845052
    Average linear kinetic energy   = 5.060740612e-19
    Average rotational energy       = 5.204882888e-20
    Average vibrational energy      = 2.860641182e-20
    Average electronic energy       = 0
    Total energy                    = 40.16192581

Stage 1.0  ExecutionTime = 10240.65 s  ClockTime = 715 s  Iteration 1700 (15.55 s)

Time = 0.000684

    Collision global reduction skipped (rank 0 local diagnostics)
    Collisions                      = 488264
    Collision candidates           = 1296222
    Collision acceptance rate      = 0.3766823893

    Number of DSMC particles        = 6861859
    Number of stuck particles       = 0
    Number of free particles        = 6861859
    Average linear kinetic energy   = 5.052649886e-19
    Average rotational energy       = 5.20694139e-20
    Average vibrational energy      = 2.862702964e-20
    Average electronic energy       = 0
    Total energy                    = 40.20784727

Stage 1.0  ExecutionTime = 10333.74 s  ClockTime = 721 s  Iteration 1710 (12.37 s)

Time = 0.000688

    Collision global reduction skipped (rank 0 local diagnostics)
    Collisions                      = 490116
    Collision candidates           = 1300843
    Collision acceptance rate      = 0.3767679881

    Number of DSMC particles        = 6878550
    Number of stuck particles       = 0
    Number of free particles        = 6878550
    Average linear kinetic energy   = 5.045279836e-19
    Average rotational energy       = 5.206428109e-20
    Average vibrational energy      = 2.863361068e-20
    Average electronic energy       = 0
    Total energy                    = 40.25505445

Stage 1.0  ExecutionTime = 10427.13 s  ClockTime = 728 s  Iteration 1720 (12.44 s)

Time = 0.000692

    Collision global reduction skipped (rank 0 local diagnostics)
    Collisions                      = 491070
    Collision candidates           = 1303887
    Collision acceptance rate      = 0.3766200599

    Number of DSMC particles        = 6895469
    Number of stuck particles       = 0
    Number of free particles        = 6895469
    Average linear kinetic energy   = 5.03780434e-19
    Average rotational energy       = 5.207001086e-20
    Average vibrational energy      = 2.865926742e-20
    Average electronic energy       = 0
    Total energy                    = 40.30468601

Stage 1.0  ExecutionTime = 10520.63 s  ClockTime = 734 s  Iteration 1730 (12.47 s)

Time = 0.000696

    Collision global reduction skipped (rank 0 local diagnostics)
    Collisions                      = 491481
    Collision candidates           = 1305804
    Collision acceptance rate      = 0.3763819072

    Number of DSMC particles        = 6911623
    Number of stuck particles       = 0
    Number of free particles        = 6911623
    Average linear kinetic energy   = 5.029926633e-19
    Average rotational energy       = 5.207477504e-20
    Average vibrational energy      = 2.867661632e-20
    Average electronic energy       = 0
    Total energy                    = 40.34618834

Stage 1.0  ExecutionTime = 10614.39 s  ClockTime = 741 s  Iteration 1740 (12.49 s)

Time = 0.0007

    Collision global reduction skipped (rank 0 local diagnostics)
    Collisions                      = 494179
    Collision candidates           = 1311059
    Collision acceptance rate      = 0.3769311679


Phase C auto DLB triggered (threshold) at step 1750: sar=0 loadImbalance=2.236505833 threshold=1.5 particleMaxMin=1
Phase C ParMETIS weights: particles=6927553 activeCells=104151 maxCellParticles=241
Phase C ParMETIS: alpha=1 ncon=1 ubvec=[1.05] moveRatio=0.7086324584 (moveT=269.718528s, collT=110.8998374s)
Phase C ParMETIS: AdaptiveRepart (104151 cells, 1 constraints, ubvec=1.05)
Replicated mesh: rank 0 owns 27792 / 104151 cells
Local mesh: 27792 owned + 203 halo = 27995 / 104151 cells
Phase C ParMETIS AdaptiveRepart: 0 / 104151 cells changed (0)
Phase C auto DLB complete: rebalance #30

    Number of DSMC particles        = 6927553
    Number of stuck particles       = 0
    Number of free particles        = 6927553
    Average linear kinetic energy   = 5.022235949e-19
    Average rotational energy       = 5.210050594e-20
    Average vibrational energy      = 2.870230275e-20
    Average electronic energy       = 0
    Total energy                    = 40.38946311

Stage 1.0  ExecutionTime = 10711.69 s  ClockTime = 748 s  Iteration 1750 (15.83 s)

Time = 0.000704

    Collision global reduction skipped (rank 0 local diagnostics)
    Collisions                      = 497023
    Collision candidates           = 1315695
    Collision acceptance rate      = 0.3777646035

    Number of DSMC particles        = 6943829
    Number of stuck particles       = 0
    Number of free particles        = 6943829
    Average linear kinetic energy   = 5.01435982e-19
    Average rotational energy       = 5.210722015e-20
    Average vibrational energy      = 2.8741859e-20
    Average electronic energy       = 0
    Total energy                    = 40.43287894

Stage 1.0  ExecutionTime = 10806.07 s  ClockTime = 755 s  Iteration 1760 (12.68 s)

Time = 0.000708

    Collision global reduction skipped (rank 0 local diagnostics)
    Collisions                      = 497263
    Collision candidates           = 1320275
    Collision acceptance rate      = 0.3766359281

    Number of DSMC particles        = 6959909
    Number of stuck particles       = 0
    Number of free particles        = 6959909
    Average linear kinetic energy   = 5.006476991e-19
    Average rotational energy       = 5.211679354e-20
    Average vibrational energy      = 2.876658086e-20
    Average electronic energy       = 0
    Total energy                    = 40.47403352

Stage 1.0  ExecutionTime = 10900.59 s  ClockTime = 761 s  Iteration 1770 (12.66 s)

Time = 0.000712

    Collision global reduction skipped (rank 0 local diagnostics)
    Collisions                      = 498170
    Collision candidates           = 1320974
    Collision acceptance rate      = 0.3771232439

    Number of DSMC particles        = 6975982
    Number of stuck particles       = 0
    Number of free particles        = 6975982
    Average linear kinetic energy   = 4.999031147e-19
    Average rotational energy       = 5.21088439e-20
    Average vibrational energy      = 2.87859927e-20
    Average electronic energy       = 0
    Total energy                    = 40.51636054

Stage 1.0  ExecutionTime = 10995.33 s  ClockTime = 768 s  Iteration 1780 (12.69 s)

Time = 0.000716

    Collision global reduction skipped (rank 0 local diagnostics)
    Collisions                      = 499143
    Collision candidates           = 1325110
    Collision acceptance rate      = 0.3766804265

    Number of DSMC particles        = 6991866
    Number of stuck particles       = 0
    Number of free particles        = 6991866
    Average linear kinetic energy   = 4.991748686e-19
    Average rotational energy       = 5.209233903e-20
    Average vibrational energy      = 2.881553525e-20
    Average electronic energy       = 0
    Total energy                    = 40.55860807

Stage 1.0  ExecutionTime = 11090.43 s  ClockTime = 775 s  Iteration 1790 (12.72 s)

Time = 0.00072

    Collision global reduction skipped (rank 0 local diagnostics)
    Collisions                      = 501736
    Collision candidates           = 1330592
    Collision acceptance rate      = 0.3770772709


Phase C auto DLB triggered (threshold) at step 1800: sar=0 loadImbalance=2.223901368 threshold=1.5 particleMaxMin=1
Phase C ParMETIS weights: particles=7007397 activeCells=104151 maxCellParticles=247
Phase C ParMETIS: alpha=1 ncon=1 ubvec=[1.05] moveRatio=0.7089688684 (moveT=282.0083351s, collT=115.7641873s)
Phase C ParMETIS: AdaptiveRepart (104151 cells, 1 constraints, ubvec=1.05)
Replicated mesh: rank 0 owns 27792 / 104151 cells
Local mesh: 27792 owned + 203 halo = 27995 / 104151 cells
Phase C ParMETIS AdaptiveRepart: 0 / 104151 cells changed (0)
Phase C auto DLB complete: rebalance #31

    Number of DSMC particles        = 7007397
    Number of stuck particles       = 0
    Number of free particles        = 7007397
    Average linear kinetic energy   = 4.984043489e-19
    Average rotational energy       = 5.213725711e-20
    Average vibrational energy      = 2.883556794e-20
    Average electronic energy       = 0
    Total energy                    = 40.59925871

Stage 1.0  ExecutionTime = 11189.04 s  ClockTime = 782 s  Iteration 1800 (15.98 s)

Time = 0.000724

    Collision global reduction skipped (rank 0 local diagnostics)
    Collisions                      = 502418
    Collision candidates           = 1334469
    Collision acceptance rate      = 0.3764928222

    Number of DSMC particles        = 7023496
    Number of stuck particles       = 0
    Number of free particles        = 7023496
    Average linear kinetic energy   = 4.976634445e-19
    Average rotational energy       = 5.220527826e-20
    Average vibrational energy      = 2.886123876e-20
    Average electronic energy       = 0
    Total energy                    = 40.6470757

Stage 1.0  ExecutionTime = 11284.46 s  ClockTime = 789 s  Iteration 1810 (12.81 s)

Time = 0.000728

    Collision global reduction skipped (rank 0 local diagnostics)
    Collisions                      = 502867
    Collision candidates           = 1339160
    Collision acceptance rate      = 0.3755092745

    Number of DSMC particles        = 7039262
    Number of stuck particles       = 0
    Number of free particles        = 7039262
    Average linear kinetic energy   = 4.969729541e-19
    Average rotational energy       = 5.213076174e-20
    Average vibrational energy      = 2.88701652e-20
    Average electronic energy       = 0
    Total energy                    = 40.68509578

Stage 1.0  ExecutionTime = 11380.1 s  ClockTime = 796 s  Iteration 1820 (12.78 s)

Time = 0.000732

    Collision global reduction skipped (rank 0 local diagnostics)
    Collisions                      = 505280
    Collision candidates           = 1342551
    Collision acceptance rate      = 0.3763581421

    Number of DSMC particles        = 7054950
    Number of stuck particles       = 0
    Number of free particles        = 7054950
    Average linear kinetic energy   = 4.962613483e-19
    Average rotational energy       = 5.215721097e-20
    Average vibrational energy      = 2.89013848e-20
    Average electronic energy       = 0
    Total energy                    = 40.7296334

Stage 1.0  ExecutionTime = 11475.91 s  ClockTime = 802 s  Iteration 1830 (12.82 s)

Time = 0.000736

    Collision global reduction skipped (rank 0 local diagnostics)
    Collisions                      = 505841
    Collision candidates           = 1344697
    Collision acceptance rate      = 0.376174707

    Number of DSMC particles        = 7070637
    Number of stuck particles       = 0
    Number of free particles        = 7070637
    Average linear kinetic energy   = 4.95541583e-19
    Average rotational energy       = 5.218071702e-20
    Average vibrational energy      = 2.889369223e-20
    Average electronic energy       = 0
    Total energy                    = 40.77042369

Stage 1.0  ExecutionTime = 11571.91 s  ClockTime = 809 s  Iteration 1840 (12.86 s)

Time = 0.00074

    Collision global reduction skipped (rank 0 local diagnostics)
    Collisions                      = 506191
    Collision candidates           = 1347343
    Collision acceptance rate      = 0.3756957211


Phase C auto DLB triggered (threshold) at step 1850: sar=0 loadImbalance=2.216668791 threshold=1.5 particleMaxMin=1
Phase C ParMETIS weights: particles=7086243 activeCells=104150 maxCellParticles=256
Phase C ParMETIS: alpha=1 ncon=1 ubvec=[1.05] moveRatio=0.709319841 (moveT=294.4979367s, collT=120.6856232s)
Phase C ParMETIS: AdaptiveRepart (104151 cells, 1 constraints, ubvec=1.05)
Replicated mesh: rank 0 owns 27792 / 104151 cells
Local mesh: 27792 owned + 203 halo = 27995 / 104151 cells
Phase C ParMETIS AdaptiveRepart: 0 / 104151 cells changed (0)
Phase C auto DLB complete: rebalance #32

    Number of DSMC particles        = 7086243
    Number of stuck particles       = 0
    Number of free particles        = 7086243
    Average linear kinetic energy   = 4.94799177e-19
    Average rotational energy       = 5.220504709e-20
    Average vibrational energy      = 2.889997178e-20
    Average electronic energy       = 0
    Total energy                    = 40.80997077

Stage 1.0  ExecutionTime = 11671.41 s  ClockTime = 817 s  Iteration 1850 (16.14 s)

Time = 0.000744

    Collision global reduction skipped (rank 0 local diagnostics)
    Collisions                      = 508343
    Collision candidates           = 1350845
    Collision acceptance rate      = 0.3763148252

    Number of DSMC particles        = 7101377
    Number of stuck particles       = 0
    Number of free particles        = 7101377
    Average linear kinetic energy   = 4.941546253e-19
    Average rotational energy       = 5.21808147e-20
    Average vibrational energy      = 2.890895528e-20
    Average electronic energy       = 0
    Total energy                    = 40.85027318

Stage 1.0  ExecutionTime = 11767.73 s  ClockTime = 824 s  Iteration 1860 (12.91 s)

Time = 0.000748

    Collision global reduction skipped (rank 0 local diagnostics)
    Collisions                      = 508044
    Collision candidates           = 1353890
    Collision acceptance rate      = 0.3752476198

    Number of DSMC particles        = 7116917
    Number of stuck particles       = 0
    Number of free particles        = 7116917
    Average linear kinetic energy   = 4.934824517e-19
    Average rotational energy       = 5.214525304e-20
    Average vibrational energy      = 2.892120213e-20
    Average electronic energy       = 0
    Total energy                    = 40.89016883

Stage 1.0  ExecutionTime = 11864.24 s  ClockTime = 831 s  Iteration 1870 (12.94 s)

Time = 0.000752

    Collision global reduction skipped (rank 0 local diagnostics)
    Collisions                      = 509221
    Collision candidates           = 1356166
    Collision acceptance rate      = 0.3754857444

    Number of DSMC particles        = 7131845
    Number of stuck particles       = 0
    Number of free particles        = 7131845
    Average linear kinetic energy   = 4.927902808e-19
    Average rotational energy       = 5.217471395e-20
    Average vibrational energy      = 2.893160234e-20
    Average electronic energy       = 0
    Total energy                    = 40.92941576

Stage 1.0  ExecutionTime = 11960.92 s  ClockTime = 838 s  Iteration 1880 (12.98 s)

Time = 0.000756

    Collision global reduction skipped (rank 0 local diagnostics)
    Collisions                      = 510480
    Collision candidates           = 1360037
    Collision acceptance rate      = 0.3753427296

    Number of DSMC particles        = 7147109
    Number of stuck particles       = 0
    Number of free particles        = 7147109
    Average linear kinetic energy   = 4.92118981e-19
    Average rotational energy       = 5.217396792e-20
    Average vibrational energy      = 2.894554902e-20
    Average electronic energy       = 0
    Total energy                    = 40.96998028

Stage 1.0  ExecutionTime = 12057.87 s  ClockTime = 845 s  Iteration 1890 (12.98 s)

Time = 0.00076

    Collision global reduction skipped (rank 0 local diagnostics)
    Collisions                      = 511208
    Collision candidates           = 1362067
    Collision acceptance rate      = 0.3753178074


Phase C auto DLB triggered (threshold) at step 1900: sar=0 loadImbalance=2.209405337 threshold=1.5 particleMaxMin=1
Phase C ParMETIS weights: particles=7161411 activeCells=104151 maxCellParticles=251
Phase C ParMETIS: alpha=1 ncon=1 ubvec=[1.05] moveRatio=0.7096330764 (moveT=307.1066759s, collT=125.66159s)
Phase C ParMETIS: AdaptiveRepart (104151 cells, 1 constraints, ubvec=1.05)
Replicated mesh: rank 0 owns 27792 / 104151 cells
Local mesh: 27792 owned + 203 halo = 27995 / 104151 cells
Phase C ParMETIS AdaptiveRepart: 0 / 104151 cells changed (0)
Phase C auto DLB complete: rebalance #33

    Number of DSMC particles        = 7161411
    Number of stuck particles       = 0
    Number of free particles        = 7161411
    Average linear kinetic energy   = 4.914796254e-19
    Average rotational energy       = 5.212904533e-20
    Average vibrational energy      = 2.897633599e-20
    Average electronic energy       = 0
    Total energy                    = 41.00516565

Stage 1.0  ExecutionTime = 12158.17 s  ClockTime = 852 s  Iteration 1900 (16.24 s)

Time = 0.000764

    Collision global reduction skipped (rank 0 local diagnostics)
    Collisions                      = 512201
    Collision candidates           = 1365404
    Collision acceptance rate      = 0.375127801

    Number of DSMC particles        = 7176212
    Number of stuck particles       = 0
    Number of free particles        = 7176212
    Average linear kinetic energy   = 4.907984861e-19
    Average rotational energy       = 5.216068045e-20
    Average vibrational energy      = 2.899053486e-20
    Average electronic energy       = 0
    Total energy                    = 41.04432311

Stage 1.0  ExecutionTime = 12255.34 s  ClockTime = 859 s  Iteration 1910 (13.02 s)

Time = 0.000768

    Collision global reduction skipped (rank 0 local diagnostics)
    Collisions                      = 513871
    Collision candidates           = 1370924
    Collision acceptance rate      = 0.3748355124

    Number of DSMC particles        = 7190955
    Number of stuck particles       = 0
    Number of free particles        = 7190955
    Average linear kinetic energy   = 4.901214259e-19
    Average rotational energy       = 5.217419676e-20
    Average vibrational energy      = 2.902283647e-20
    Average electronic energy       = 0
    Total energy                    = 41.0832533

Stage 1.0  ExecutionTime = 12352.54 s  ClockTime = 866 s  Iteration 1920 (13.1 s)

Time = 0.000772

    Collision global reduction skipped (rank 0 local diagnostics)
    Collisions                      = 515979
    Collision candidates           = 1373404
    Collision acceptance rate      = 0.3756935323

    Number of DSMC particles        = 7205494
    Number of stuck particles       = 0
    Number of free particles        = 7205494
    Average linear kinetic energy   = 4.894767592e-19
    Average rotational energy       = 5.218962886e-20
    Average vibrational energy      = 2.905091418e-20
    Average electronic energy       = 0
    Total energy                    = 41.12300097

Stage 1.0  ExecutionTime = 12449.97 s  ClockTime = 873 s  Iteration 1930 (13.06 s)

Time = 0.000776

    Collision global reduction skipped (rank 0 local diagnostics)
    Collisions                      = 515538
    Collision candidates           = 1376373
    Collision acceptance rate      = 0.3745627094

    Number of DSMC particles        = 7219685
    Number of stuck particles       = 0
    Number of free particles        = 7219685
    Average linear kinetic energy   = 4.888446559e-19
    Average rotational energy       = 5.219247593e-20
    Average vibrational energy      = 2.90634157e-20
    Average electronic energy       = 0
    Total energy                    = 41.15946372

Stage 1.0  ExecutionTime = 12547.6 s  ClockTime = 880 s  Iteration 1940 (13.09 s)

Time = 0.00078

    Collision global reduction skipped (rank 0 local diagnostics)
    Collisions                      = 517178
    Collision candidates           = 1380293
    Collision acceptance rate      = 0.3746871135


Phase C auto DLB triggered (threshold) at step 1950: sar=0 loadImbalance=2.202101203 threshold=1.5 particleMaxMin=1
Phase C ParMETIS weights: particles=7234040 activeCells=104151 maxCellParticles=258
Phase C ParMETIS: alpha=1 ncon=1 ubvec=[1.05] moveRatio=0.7099465442 (moveT=319.8649293s, collT=130.6829773s)
Phase C ParMETIS: AdaptiveRepart (104151 cells, 1 constraints, ubvec=1.05)
Replicated mesh: rank 0 owns 27792 / 104151 cells
Local mesh: 27792 owned + 203 halo = 27995 / 104151 cells
Phase C ParMETIS AdaptiveRepart: 0 / 104151 cells changed (0)
Phase C auto DLB complete: rebalance #34

    Number of DSMC particles        = 7234040
    Number of stuck particles       = 0
    Number of free particles        = 7234040
    Average linear kinetic energy   = 4.881940848e-19
    Average rotational energy       = 5.222316926e-20
    Average vibrational energy      = 2.909107393e-20
    Average electronic energy       = 0
    Total energy                    = 41.19846025

Stage 1.0  ExecutionTime = 12648.58 s  ClockTime = 888 s  Iteration 1950 (16.33 s)

Time = 0.000784

    Collision global reduction skipped (rank 0 local diagnostics)
    Collisions                      = 519626
    Collision candidates           = 1384572
    Collision acceptance rate      = 0.3752972038

    Number of DSMC particles        = 7248206
    Number of stuck particles       = 0
    Number of free particles        = 7248206
    Average linear kinetic energy   = 4.8757324e-19
    Average rotational energy       = 5.222862917e-20
    Average vibrational energy      = 2.911234207e-20
    Average electronic energy       = 0
    Total energy                    = 41.23607399

Stage 1.0  ExecutionTime = 12746.42 s  ClockTime = 895 s  Iteration 1960 (13.18 s)

Time = 0.000788

    Collision global reduction skipped (rank 0 local diagnostics)
    Collisions                      = 520600
    Collision candidates           = 1388984
    Collision acceptance rate      = 0.3748063333

    Number of DSMC particles        = 7263000
    Number of stuck particles       = 0
    Number of free particles        = 7263000
    Average linear kinetic energy   = 4.868829e-19
    Average rotational energy       = 5.222256076e-20
    Average vibrational energy      = 2.912700865e-20
    Average electronic energy       = 0
    Total energy                    = 41.27072426

Stage 1.0  ExecutionTime = 12844.29 s  ClockTime = 902 s  Iteration 1970 (13.09 s)

Time = 0.000792

    Collision global reduction skipped (rank 0 local diagnostics)
    Collisions                      = 522646
    Collision candidates           = 1392394
    Collision acceptance rate      = 0.3753578369

    Number of DSMC particles        = 7277126
    Number of stuck particles       = 0
    Number of free particles        = 7277126
    Average linear kinetic energy   = 4.863249589e-19
    Average rotational energy       = 5.218771207e-20
    Average vibrational energy      = 2.914429592e-20
    Average electronic energy       = 0
    Total energy                    = 41.30911273

Stage 1.0  ExecutionTime = 12942.41 s  ClockTime = 910 s  Iteration 1980 (13.14 s)

Time = 0.000796

    Collision global reduction skipped (rank 0 local diagnostics)
    Collisions                      = 524062
    Collision candidates           = 1396716
    Collision acceptance rate      = 0.3752101358

    Number of DSMC particles        = 7290894
    Number of stuck particles       = 0
    Number of free particles        = 7290894
    Average linear kinetic energy   = 4.857308101e-19
    Average rotational energy       = 5.216066223e-20
    Average vibrational energy      = 2.914330577e-20
    Average electronic energy       = 0
    Total energy                    = 41.34190461

Stage 1.0  ExecutionTime = 13040.55 s  ClockTime = 917 s  Iteration 1990 (13.16 s)

Time = 0.0008

    Collision global reduction skipped (rank 0 local diagnostics)
    Collisions                      = 523651
    Collision candidates           = 1398153
    Collision acceptance rate      = 0.3745305414


Phase C auto DLB triggered (threshold) at step 2000: sar=0 loadImbalance=2.198160107 threshold=1.5 particleMaxMin=1
Phase C ParMETIS weights: particles=7304683 activeCells=104151 maxCellParticles=260
Phase C ParMETIS: alpha=1 ncon=1 ubvec=[1.05] moveRatio=0.7102366762 (moveT=332.7625485s, collT=135.7609165s)
Phase C ParMETIS: AdaptiveRepart (104151 cells, 1 constraints, ubvec=1.05)
Replicated mesh: rank 0 owns 27792 / 104151 cells
Local mesh: 27792 owned + 203 halo = 27995 / 104151 cells
Phase C ParMETIS AdaptiveRepart: 0 / 104151 cells changed (0)
Phase C auto DLB complete: rebalance #35

    Number of DSMC particles        = 7304683
    Number of stuck particles       = 0
    Number of free particles        = 7304683
    Average linear kinetic energy   = 4.851135422e-19
    Average rotational energy       = 5.215618227e-20
    Average vibrational energy      = 2.916685834e-20
    Average electronic energy       = 0
    Total energy                    = 41.37639677

Stage 1.0  ExecutionTime = 13142.03 s  ClockTime = 924 s  Iteration 2000 (16.41 s)

Time = 0.000804

    Collision global reduction skipped (rank 0 local diagnostics)
    Collisions                      = 524014
    Collision candidates           = 1400449
    Collision acceptance rate      = 0.3741757108

    Number of DSMC particles        = 7318133
    Number of stuck particles       = 0
    Number of free particles        = 7318133
    Average linear kinetic energy   = 4.844592912e-19
    Average rotational energy       = 5.221468842e-20
    Average vibrational energy      = 2.917480951e-20
    Average electronic energy       = 0
    Total energy                    = 41.40956697

Stage 1.0  ExecutionTime = 13240.42 s  ClockTime = 932 s  Iteration 2010 (13.2 s)

Time = 0.000808

    Collision global reduction skipped (rank 0 local diagnostics)
    Collisions                      = 525750
    Collision candidates           = 1404674
    Collision acceptance rate      = 0.3742861333

    Number of DSMC particles        = 7331846
    Number of stuck particles       = 0
    Number of free particles        = 7331846
    Average linear kinetic energy   = 4.838383868e-19
    Average rotational energy       = 5.222921517e-20
    Average vibrational energy      = 2.917762343e-20
    Average electronic energy       = 0
    Total energy                    = 41.44290945

Stage 1.0  ExecutionTime = 13338.83 s  ClockTime = 939 s  Iteration 2020 (13.23 s)

Time = 0.000812

    Collision global reduction skipped (rank 0 local diagnostics)
    Collisions                      = 526301
    Collision candidates           = 1405788
    Collision acceptance rate      = 0.3743814857

    Number of DSMC particles        = 7345593
    Number of stuck particles       = 0
    Number of free particles        = 7345593
    Average linear kinetic energy   = 4.833023524e-19
    Average rotational energy       = 5.221300764e-20
    Average vibrational energy      = 2.918521612e-20
    Average electronic energy       = 0
    Total energy                    = 41.480606

Stage 1.0  ExecutionTime = 13437.32 s  ClockTime = 946 s  Iteration 2030 (13.19 s)

Time = 0.000816

    Collision global reduction skipped (rank 0 local diagnostics)
    Collisions                      = 527402
    Collision candidates           = 1409123
    Collision acceptance rate      = 0.3742767665

    Number of DSMC particles        = 7358976
    Number of stuck particles       = 0
    Number of free particles        = 7358976
    Average linear kinetic energy   = 4.827504028e-19
    Average rotational energy       = 5.224806429e-20
    Average vibrational energy      = 2.919676544e-20
    Average electronic energy       = 0
    Total energy                    = 41.51899175

Stage 1.0  ExecutionTime = 13535.93 s  ClockTime = 954 s  Iteration 2040 (13.2 s)

Time = 0.00082

    Collision global reduction skipped (rank 0 local diagnostics)
    Collisions                      = 527805
    Collision candidates           = 1412375
    Collision acceptance rate      = 0.3737003275


Phase C auto DLB triggered (threshold) at step 2050: sar=0 loadImbalance=2.183134049 threshold=1.5 particleMaxMin=1
Phase C ParMETIS weights: particles=7372507 activeCells=104151 maxCellParticles=264
Phase C ParMETIS: alpha=1 ncon=1 ubvec=[1.05] moveRatio=0.7105667193 (moveT=345.8775086s, collT=140.8853797s)
Phase C ParMETIS: AdaptiveRepart (104151 cells, 1 constraints, ubvec=1.05)
Replicated mesh: rank 0 owns 27792 / 104151 cells
Local mesh: 27792 owned + 203 halo = 27995 / 104151 cells
Phase C ParMETIS AdaptiveRepart: 0 / 104151 cells changed (0)
Phase C auto DLB complete: rebalance #36

    Number of DSMC particles        = 7372507
    Number of stuck particles       = 0
    Number of free particles        = 7372507
    Average linear kinetic energy   = 4.821908915e-19
    Average rotational energy       = 5.223181082e-20
    Average vibrational energy      = 2.92147895e-20
    Average electronic energy       = 0
    Total energy                    = 41.55421354

Stage 1.0  ExecutionTime = 13637.81 s  ClockTime = 961 s  Iteration 2050 (16.44 s)

Time = 0.000824

    Collision global reduction skipped (rank 0 local diagnostics)
    Collisions                      = 528642
    Collision candidates           = 1415337
    Collision acceptance rate      = 0.3735096306

    Number of DSMC particles        = 7386272
    Number of stuck particles       = 0
    Number of free particles        = 7386272
    Average linear kinetic energy   = 4.815957343e-19
    Average rotational energy       = 5.223580275e-20
    Average vibrational energy      = 2.924735484e-20
    Average electronic energy       = 0
    Total energy                    = 41.59053853

Stage 1.0  ExecutionTime = 13736.55 s  ClockTime = 969 s  Iteration 2060 (13.21 s)

Time = 0.000828

    Collision global reduction skipped (rank 0 local diagnostics)
    Collisions                      = 530547
    Collision candidates           = 1419375
    Collision acceptance rate      = 0.3737891678

    Number of DSMC particles        = 7400070
    Number of stuck particles       = 0
    Number of free particles        = 7400070
    Average linear kinetic energy   = 4.811222332e-19
    Average rotational energy       = 5.217745598e-20
    Average vibrational energy      = 2.924552842e-20
    Average electronic energy       = 0
    Total energy                    = 41.62873989

Stage 1.0  ExecutionTime = 13835.28 s  ClockTime = 976 s  Iteration 2070 (13.21 s)

Time = 0.000832

    Collision global reduction skipped (rank 0 local diagnostics)
    Collisions                      = 531522
    Collision candidates           = 1422211
    Collision acceptance rate      = 0.3737293552

    Number of DSMC particles        = 7413423
    Number of stuck particles       = 0
    Number of free particles        = 7413423
    Average linear kinetic energy   = 4.805098096e-19
    Average rotational energy       = 5.219117091e-20
    Average vibrational energy      = 2.92627538e-20
    Average electronic energy       = 0
    Total energy                    = 41.66074873

Stage 1.0  ExecutionTime = 13934.19 s  ClockTime = 983 s  Iteration 2080 (13.23 s)

Time = 0.000836

    Collision global reduction skipped (rank 0 local diagnostics)
    Collisions                      = 531888
    Collision candidates           = 1424387
    Collision acceptance rate      = 0.373415371

    Number of DSMC particles        = 7427203
    Number of stuck particles       = 0
    Number of free particles        = 7427203
    Average linear kinetic energy   = 4.799756113e-19
    Average rotational energy       = 5.217042793e-20
    Average vibrational energy      = 2.926738774e-20
    Average electronic energy       = 0
    Total energy                    = 41.69731489

Stage 1.0  ExecutionTime = 14033.16 s  ClockTime = 991 s  Iteration 2090 (13.27 s)

Time = 0.00084

    Collision global reduction skipped (rank 0 local diagnostics)
    Collisions                      = 532503
    Collision candidates           = 1427510
    Collision acceptance rate      = 0.3730292607


Phase C auto DLB triggered (threshold) at step 2100: sar=0 loadImbalance=2.184419494 threshold=1.5 particleMaxMin=1
Phase C ParMETIS weights: particles=7440176 activeCells=104151 maxCellParticles=265
Phase C ParMETIS: alpha=1 ncon=1 ubvec=[1.05] moveRatio=0.7108712958 (moveT=359.0918758s, collT=146.0514292s)
Phase C ParMETIS: AdaptiveRepart (104151 cells, 1 constraints, ubvec=1.05)
Replicated mesh: rank 0 owns 27792 / 104151 cells
Local mesh: 27792 owned + 203 halo = 27995 / 104151 cells
Phase C ParMETIS AdaptiveRepart: 0 / 104151 cells changed (0)
Phase C auto DLB complete: rebalance #37

    Number of DSMC particles        = 7440176
    Number of stuck particles       = 0
    Number of free particles        = 7440176
    Average linear kinetic energy   = 4.794184835e-19
    Average rotational energy       = 5.21796936e-20
    Average vibrational energy      = 2.927630275e-20
    Average electronic energy       = 0
    Total energy                    = 41.73004844

Stage 1.0  ExecutionTime = 14135.45 s  ClockTime = 999 s  Iteration 2100 (16.58 s)

Time = 0.000844

    Collision global reduction skipped (rank 0 local diagnostics)
    Collisions                      = 535268
    Collision candidates           = 1430384
    Collision acceptance rate      = 0.3742127988

    Number of DSMC particles        = 7453045
    Number of stuck particles       = 0
    Number of free particles        = 7453045
    Average linear kinetic energy   = 4.788804151e-19
    Average rotational energy       = 5.217468521e-20
    Average vibrational energy      = 2.930063021e-20
    Average electronic energy       = 0
    Total energy                    = 41.76356475

Stage 1.0  ExecutionTime = 14234.44 s  ClockTime = 1006 s  Iteration 2110 (13.22 s)

Time = 0.000848

    Collision global reduction skipped (rank 0 local diagnostics)
    Collisions                      = 536415
    Collision candidates           = 1434426
    Collision acceptance rate      = 0.3739579455

    Number of DSMC particles        = 7465664
    Number of stuck particles       = 0
    Number of free particles        = 7465664
    Average linear kinetic energy   = 4.783343852e-19
    Average rotational energy       = 5.2156554e-20
    Average vibrational energy      = 2.932468573e-20
    Average electronic energy       = 0
    Total energy                    = 41.79395357

Stage 1.0  ExecutionTime = 14333.64 s  ClockTime = 1014 s  Iteration 2120 (13.27 s)

Time = 0.000852

    Collision global reduction skipped (rank 0 local diagnostics)
    Collisions                      = 537189
    Collision candidates           = 1438357
    Collision acceptance rate      = 0.3734740402

    Number of DSMC particles        = 7478621
    Number of stuck particles       = 0
    Number of free particles        = 7478621
    Average linear kinetic energy   = 4.777853921e-19
    Average rotational energy       = 5.218203919e-20
    Average vibrational energy      = 2.933420462e-20
    Average electronic energy       = 0
    Total energy                    = 41.8280496

Stage 1.0  ExecutionTime = 14432.86 s  ClockTime = 1021 s  Iteration 2130 (13.22 s)

Time = 0.000856

    Collision global reduction skipped (rank 0 local diagnostics)
    Collisions                      = 539161
    Collision candidates           = 1442402
    Collision acceptance rate      = 0.3737938522

    Number of DSMC particles        = 7491463
    Number of stuck particles       = 0
    Number of free particles        = 7491463
    Average linear kinetic energy   = 4.772147286e-19
    Average rotational energy       = 5.221232863e-20
    Average vibrational energy      = 2.932859016e-20
    Average electronic energy       = 0
    Total energy                    = 41.85897258

Stage 1.0  ExecutionTime = 14532.14 s  ClockTime = 1029 s  Iteration 2140 (13.3 s)

Time = 0.00086

    Collision global reduction skipped (rank 0 local diagnostics)
    Collisions                      = 539349
    Collision candidates           = 1444515
    Collision acceptance rate      = 0.3733772235


Phase C auto DLB triggered (threshold) at step 2150: sar=0 loadImbalance=2.182039622 threshold=1.5 particleMaxMin=1
Phase C ParMETIS weights: particles=7504215 activeCells=104151 maxCellParticles=258
Phase C ParMETIS: alpha=1 ncon=1 ubvec=[1.05] moveRatio=0.7111899096 (moveT=372.4893317s, collT=151.2657535s)
Phase C ParMETIS: AdaptiveRepart (104151 cells, 1 constraints, ubvec=1.05)
Replicated mesh: rank 0 owns 28115 / 104151 cells
Local mesh: 28115 owned + 193 halo = 28308 / 104151 cells
Phase C ParMETIS AdaptiveRepart: 1362 / 104151 cells changed (0.01307716681)
Phase C auto DLB complete: rebalance #38

    Number of DSMC particles        = 7504215
    Number of stuck particles       = 0
    Number of free particles        = 7504215
    Average linear kinetic energy   = 4.766919087e-19
    Average rotational energy       = 5.218943512e-20
    Average vibrational energy      = 2.935223626e-20
    Average electronic energy       = 0
    Total energy                    = 41.89104805

Stage 1.0  ExecutionTime = 14634.85 s  ClockTime = 1037 s  Iteration 2150 (16.69 s)

Time = 0.000864

    Collision global reduction skipped (rank 0 local diagnostics)
    Collisions                      = 546363
    Collision candidates           = 1460388
    Collision acceptance rate      = 0.3741218087

    Number of DSMC particles        = 7516989
    Number of stuck particles       = 0
    Number of free particles        = 7516989
    Average linear kinetic energy   = 4.76159868e-19
    Average rotational energy       = 5.223717532e-20
    Average vibrational energy      = 2.936386368e-20
    Average electronic energy       = 0
    Total energy                    = 41.92682603

Stage 1.0  ExecutionTime = 14734.58 s  ClockTime = 1044 s  Iteration 2160 (13.2 s)

Time = 0.000868

    Collision global reduction skipped (rank 0 local diagnostics)
    Collisions                      = 546014
    Collision candidates           = 1462597
    Collision acceptance rate      = 0.3733181457

    Number of DSMC particles        = 7529566
    Number of stuck particles       = 0
    Number of free particles        = 7529566
    Average linear kinetic energy   = 4.756362817e-19
    Average rotational energy       = 5.225642224e-20
    Average vibrational energy      = 2.937474458e-20
    Average electronic energy       = 0
    Total energy                    = 41.95982033

Stage 1.0  ExecutionTime = 14834.33 s  ClockTime = 1051 s  Iteration 2170 (13.3 s)

Time = 0.000872

    Collision global reduction skipped (rank 0 local diagnostics)
    Collisions                      = 548656
    Collision candidates           = 1467756
    Collision acceptance rate      = 0.3738060005

    Number of DSMC particles        = 7541952
    Number of stuck particles       = 0
    Number of free particles        = 7541952
    Average linear kinetic energy   = 4.751517031e-19
    Average rotational energy       = 5.227731379e-20
    Average vibrational energy      = 2.93834935e-20
    Average electronic energy       = 0
    Total energy                    = 41.99453226

Stage 1.0  ExecutionTime = 14934.09 s  ClockTime = 1059 s  Iteration 2180 (13.21 s)

Time = 0.000876

    Collision global reduction skipped (rank 0 local diagnostics)
    Collisions                      = 550121
    Collision candidates           = 1471304
    Collision acceptance rate      = 0.3739002952

    Number of DSMC particles        = 7554498
    Number of stuck particles       = 0
    Number of free particles        = 7554498
    Average linear kinetic energy   = 4.746113418e-19
    Average rotational energy       = 5.231495842e-20
    Average vibrational energy      = 2.939170461e-20
    Average electronic energy       = 0
    Total energy                    = 42.02703255

Stage 1.0  ExecutionTime = 15033.94 s  ClockTime = 1066 s  Iteration 2190 (13.26 s)

Time = 0.00088

    Collision global reduction skipped (rank 0 local diagnostics)
    Collisions                      = 550179
    Collision candidates           = 1473503
    Collision acceptance rate      = 0.3733816626


Phase C auto DLB triggered (threshold) at step 2200: sar=0 loadImbalance=2.100043226 threshold=1.5 particleMaxMin=1
Phase C ParMETIS weights: particles=7566398 activeCells=104151 maxCellParticles=269
Phase C ParMETIS: alpha=1 ncon=1 ubvec=[1.05] moveRatio=0.7114562286 (moveT=386.0501634s, collT=156.5695339s)
Phase C ParMETIS: AdaptiveRepart (104151 cells, 1 constraints, ubvec=1.05)
Replicated mesh: rank 0 owns 28115 / 104151 cells
Local mesh: 28115 owned + 193 halo = 28308 / 104151 cells
Phase C ParMETIS AdaptiveRepart: 0 / 104151 cells changed (0)
Phase C auto DLB complete: rebalance #39

    Number of DSMC particles        = 7566398
    Number of stuck particles       = 0
    Number of free particles        = 7566398
    Average linear kinetic energy   = 4.740992228e-19
    Average rotational energy       = 5.23051926e-20
    Average vibrational energy      = 2.939160995e-20
    Average electronic energy       = 0
    Total energy                    = 42.05373934

Stage 1.0  ExecutionTime = 15137.15 s  ClockTime = 1074 s  Iteration 2200 (16.53 s)

Time = 0.000884

    Collision global reduction skipped (rank 0 local diagnostics)
    Collisions                      = 551824
    Collision candidates           = 1477826
    Collision acceptance rate      = 0.3734025521

    Number of DSMC particles        = 7578450
    Number of stuck particles       = 0
    Number of free particles        = 7578450
    Average linear kinetic energy   = 4.736230548e-19
    Average rotational energy       = 5.229417041e-20
    Average vibrational energy      = 2.942238197e-20
    Average electronic energy       = 0
    Total energy                    = 42.08613446

Stage 1.0  ExecutionTime = 15237.22 s  ClockTime = 1082 s  Iteration 2210 (13.31 s)

Time = 0.000888

    Collision global reduction skipped (rank 0 local diagnostics)
    Collisions                      = 553952
    Collision candidates           = 1482452
    Collision acceptance rate      = 0.3736728069

    Number of DSMC particles        = 7591392
    Number of stuck particles       = 0
    Number of free particles        = 7591392
    Average linear kinetic energy   = 4.731934534e-19
    Average rotational energy       = 5.222542755e-20
    Average vibrational energy      = 2.943665239e-20
    Average electronic energy       = 0
    Total energy                    = 42.12125857

Stage 1.0  ExecutionTime = 15337.4 s  ClockTime = 1089 s  Iteration 2220 (13.34 s)

Time = 0.000892

    Collision global reduction skipped (rank 0 local diagnostics)
    Collisions                      = 554054
    Collision candidates           = 1484194
    Collision acceptance rate      = 0.373302951

    Number of DSMC particles        = 7603814
    Number of stuck particles       = 0
    Number of free particles        = 7603814
    Average linear kinetic energy   = 4.726592912e-19
    Average rotational energy       = 5.225780633e-20
    Average vibrational energy      = 2.943431403e-20
    Average electronic energy       = 0
    Total energy                    = 42.15185024

Stage 1.0  ExecutionTime = 15437.65 s  ClockTime = 1097 s  Iteration 2230 (13.29 s)

Time = 0.000896

    Collision global reduction skipped (rank 0 local diagnostics)
    Collisions                      = 554328
    Collision candidates           = 1485881
    Collision acceptance rate      = 0.3730635226

    Number of DSMC particles        = 7615889
    Number of stuck particles       = 0
    Number of free particles        = 7615889
    Average linear kinetic energy   = 4.721348291e-19
    Average rotational energy       = 5.228603758e-20
    Average vibrational energy      = 2.944932963e-20
    Average electronic energy       = 0
    Total energy                    = 42.18213936

Stage 1.0  ExecutionTime = 15537.86 s  ClockTime = 1105 s  Iteration 2240 (13.31 s)

Time = 0.0009

    Collision global reduction skipped (rank 0 local diagnostics)
    Collisions                      = 554851
    Collision candidates           = 1487417
    Collision acceptance rate      = 0.3730298901


Phase C auto DLB triggered (threshold) at step 2250: sar=0 loadImbalance=2.09384491 threshold=1.5 particleMaxMin=1
Phase C ParMETIS weights: particles=7627663 activeCells=104151 maxCellParticles=272
Phase C ParMETIS: alpha=1 ncon=1 ubvec=[1.05] moveRatio=0.7117001363 (moveT=399.7515329s, collT=161.9338069s)
Phase C ParMETIS: AdaptiveRepart (104151 cells, 1 constraints, ubvec=1.05)
Replicated mesh: rank 0 owns 28115 / 104151 cells
Local mesh: 28115 owned + 193 halo = 28308 / 104151 cells
Phase C ParMETIS AdaptiveRepart: 0 / 104151 cells changed (0)
Phase C auto DLB complete: rebalance #40

    Number of DSMC particles        = 7627663
    Number of stuck particles       = 0
    Number of free particles        = 7627663
    Average linear kinetic energy   = 4.716743939e-19
    Average rotational energy       = 5.230133698e-20
    Average vibrational energy      = 2.946934661e-20
    Average electronic energy       = 0
    Total energy                    = 42.2149254

Stage 1.0  ExecutionTime = 15641.4 s  ClockTime = 1113 s  Iteration 2250 (16.55 s)

Time = 0.000904

    Collision global reduction skipped (rank 0 local diagnostics)
    Collisions                      = 555697
    Collision candidates           = 1487959
    Collision acceptance rate      = 0.3734625752

    Number of DSMC particles        = 7639795
    Number of stuck particles       = 0
    Number of free particles        = 7639795
    Average linear kinetic energy   = 4.712273154e-19
    Average rotational energy       = 5.228426362e-20
    Average vibrational energy      = 2.94960135e-20
    Average electronic energy       = 0
    Total energy                    = 42.2486464

Stage 1.0  ExecutionTime = 15741.79 s  ClockTime = 1120 s  Iteration 2260 (13.33 s)

Time = 0.000908

    Collision global reduction skipped (rank 0 local diagnostics)
    Collisions                      = 555989
    Collision candidates           = 1489594
    Collision acceptance rate      = 0.3732486839

    Number of DSMC particles        = 7651222
    Number of stuck particles       = 0
    Number of free particles        = 7651222
    Average linear kinetic energy   = 4.707598307e-19
    Average rotational energy       = 5.23171131e-20
    Average vibrational energy      = 2.949285157e-20
    Average electronic energy       = 0
    Total energy                    = 42.27834174

Stage 1.0  ExecutionTime = 15842.1 s  ClockTime = 1128 s  Iteration 2270 (13.25 s)

Time = 0.000912

    Collision global reduction skipped (rank 0 local diagnostics)
    Collisions                      = 556293
    Collision candidates           = 1491967
    Collision acceptance rate      = 0.3728587831

    Number of DSMC particles        = 7662579
    Number of stuck particles       = 0
    Number of free particles        = 7662579
    Average linear kinetic energy   = 4.703619681e-19
    Average rotational energy       = 5.227661279e-20
    Average vibrational energy      = 2.950025112e-20
    Average electronic energy       = 0
    Total energy                    = 42.30807419

Stage 1.0  ExecutionTime = 15942.44 s  ClockTime = 1135 s  Iteration 2280 (13.32 s)

Time = 0.000916

    Collision global reduction skipped (rank 0 local diagnostics)
    Collisions                      = 558472
    Collision candidates           = 1497115
    Collision acceptance rate      = 0.3730321318

    Number of DSMC particles        = 7674341
    Number of stuck particles       = 0
    Number of free particles        = 7674341
    Average linear kinetic energy   = 4.699142329e-19
    Average rotational energy       = 5.227432495e-20
    Average vibrational energy      = 2.948506158e-20
    Average electronic energy       = 0
    Total energy                    = 42.33731476

Stage 1.0  ExecutionTime = 16042.96 s  ClockTime = 1143 s  Iteration 2290 (13.33 s)

Time = 0.00092

    Collision global reduction skipped (rank 0 local diagnostics)
    Collisions                      = 559303
    Collision candidates           = 1500626
    Collision acceptance rate      = 0.3727131211


Phase C auto DLB triggered (threshold) at step 2300: sar=0 loadImbalance=2.090601938 threshold=1.5 particleMaxMin=1
Phase C ParMETIS weights: particles=7686060 activeCells=104150 maxCellParticles=264
Phase C ParMETIS: alpha=1 ncon=1 ubvec=[1.05] moveRatio=0.7119772877 (moveT=413.6390232s, collT=167.3331936s)
Phase C ParMETIS: AdaptiveRepart (104151 cells, 1 constraints, ubvec=1.05)
Replicated mesh: rank 0 owns 28115 / 104151 cells
Local mesh: 28115 owned + 193 halo = 28308 / 104151 cells
Phase C ParMETIS AdaptiveRepart: 0 / 104151 cells changed (0)
Phase C auto DLB complete: rebalance #41

    Number of DSMC particles        = 7686060
    Number of stuck particles       = 0
    Number of free particles        = 7686060
    Average linear kinetic energy   = 4.694354485e-19
    Average rotational energy       = 5.226991092e-20
    Average vibrational energy      = 2.950434843e-20
    Average electronic energy       = 0
    Total energy                    = 42.36630887

Stage 1.0  ExecutionTime = 16146.79 s  ClockTime = 1151 s  Iteration 2300 (16.59 s)

Time = 0.000924

    Collision global reduction skipped (rank 0 local diagnostics)
    Collisions                      = 560320
    Collision candidates           = 1502261
    Collision acceptance rate      = 0.3729844548

    Number of DSMC particles        = 7697541
    Number of stuck particles       = 0
    Number of free particles        = 7697541
    Average linear kinetic energy   = 4.68956845e-19
    Average rotational energy       = 5.227373516e-20
    Average vibrational energy      = 2.950626023e-20
    Average electronic energy       = 0
    Total energy                    = 42.39319409

Stage 1.0  ExecutionTime = 16247.37 s  ClockTime = 1159 s  Iteration 2310 (13.36 s)

Time = 0.000928

    Collision global reduction skipped (rank 0 local diagnostics)
    Collisions                      = 561423
    Collision candidates           = 1504796
    Collision acceptance rate      = 0.3730891098

    Number of DSMC particles        = 7709290
    Number of stuck particles       = 0
    Number of free particles        = 7709290
    Average linear kinetic energy   = 4.68498061e-19
    Average rotational energy       = 5.229294445e-20
    Average vibrational energy      = 2.951327826e-20
    Average electronic energy       = 0
    Total energy                    = 42.42455311

Stage 1.0  ExecutionTime = 16348.02 s  ClockTime = 1166 s  Iteration 2320 (13.3 s)

Time = 0.000932

    Collision global reduction skipped (rank 0 local diagnostics)
    Collisions                      = 562772
    Collision candidates           = 1506845
    Collision acceptance rate      = 0.3734770331

    Number of DSMC particles        = 7720553
    Number of stuck particles       = 0
    Number of free particles        = 7720553
    Average linear kinetic energy   = 4.68068918e-19
    Average rotational energy       = 5.225615496e-20
    Average vibrational energy      = 2.95288745e-20
    Average electronic energy       = 0
    Total energy                    = 42.45176544

Stage 1.0  ExecutionTime = 16448.79 s  ClockTime = 1174 s  Iteration 2330 (13.33 s)

Time = 0.000936

    Collision global reduction skipped (rank 0 local diagnostics)
    Collisions                      = 562947
    Collision candidates           = 1510753
    Collision acceptance rate      = 0.3726267629

    Number of DSMC particles        = 7731598
    Number of stuck particles       = 0
    Number of free particles        = 7731598
    Average linear kinetic energy   = 4.676204953e-19
    Average rotational energy       = 5.223736537e-20
    Average vibrational energy      = 2.954524698e-20
    Average electronic energy       = 0
    Total energy                    = 42.47763969

Stage 1.0  ExecutionTime = 16549.54 s  ClockTime = 1182 s  Iteration 2340 (13.39 s)

Time = 0.00094

    Collision global reduction skipped (rank 0 local diagnostics)
    Collisions                      = 564031
    Collision candidates           = 1511959
    Collision acceptance rate      = 0.3730464913


Phase C auto DLB triggered (threshold) at step 2350: sar=0 loadImbalance=2.085330761 threshold=1.5 particleMaxMin=1
Phase C ParMETIS weights: particles=7742546 activeCells=104151 maxCellParticles=277
Phase C ParMETIS: alpha=1 ncon=1 ubvec=[1.05] moveRatio=0.7122703226 (moveT=427.7084078s, collT=172.7776636s)
Phase C ParMETIS: AdaptiveRepart (104151 cells, 1 constraints, ubvec=1.05)
Replicated mesh: rank 0 owns 28115 / 104151 cells
Local mesh: 28115 owned + 193 halo = 28308 / 104151 cells
Phase C ParMETIS AdaptiveRepart: 0 / 104151 cells changed (0)
Phase C auto DLB complete: rebalance #42

    Number of DSMC particles        = 7742546
    Number of stuck particles       = 0
    Number of free particles        = 7742546
    Average linear kinetic energy   = 4.671390711e-19
    Average rotational energy       = 5.23084836e-20
    Average vibrational energy      = 2.955372651e-20
    Average electronic energy       = 0
    Total energy                    = 42.50667674

Stage 1.0  ExecutionTime = 16653.61 s  ClockTime = 1190 s  Iteration 2350 (16.61 s)

Time = 0.000944

    Collision global reduction skipped (rank 0 local diagnostics)
    Collisions                      = 565436
    Collision candidates           = 1515461
    Collision acceptance rate      = 0.3731115482

    Number of DSMC particles        = 7753634
    Number of stuck particles       = 0
    Number of free particles        = 7753634
    Average linear kinetic energy   = 4.667141475e-19
    Average rotational energy       = 5.228715654e-20
    Average vibrational energy      = 2.956091061e-20
    Average electronic energy       = 0
    Total energy                    = 42.53350638

Stage 1.0  ExecutionTime = 16754.57 s  ClockTime = 1198 s  Iteration 2360 (13.37 s)

Time = 0.000948

    Collision global reduction skipped (rank 0 local diagnostics)
    Collisions                      = 565993
    Collision candidates           = 1519060
    Collision acceptance rate      = 0.3725942359

    Number of DSMC particles        = 7764461
    Number of stuck particles       = 0
    Number of free particles        = 7764461
    Average linear kinetic energy   = 4.66268172e-19
    Average rotational energy       = 5.228243142e-20
    Average vibrational energy      = 2.957451624e-20
    Average electronic energy       = 0
    Total energy                    = 42.55896115

Stage 1.0  ExecutionTime = 16855.5 s  ClockTime = 1205 s  Iteration 2370 (13.35 s)

Time = 0.000952

    Collision global reduction skipped (rank 0 local diagnostics)
    Collisions                      = 566778
    Collision candidates           = 1521481
    Collision acceptance rate      = 0.3725173039

    Number of DSMC particles        = 7775750
    Number of stuck particles       = 0
    Number of free particles        = 7775750
    Average linear kinetic energy   = 4.658600011e-19
    Average rotational energy       = 5.231070395e-20
    Average vibrational energy      = 2.958380957e-20
    Average electronic energy       = 0
    Total energy                    = 42.59202167

Stage 1.0  ExecutionTime = 16956.49 s  ClockTime = 1213 s  Iteration 2380 (13.38 s)

Time = 0.000956

    Collision global reduction skipped (rank 0 local diagnostics)
    Collisions                      = 568041
    Collision candidates           = 1524864
    Collision acceptance rate      = 0.372519123

    Number of DSMC particles        = 7786746
    Number of stuck particles       = 0
    Number of free particles        = 7786746
    Average linear kinetic energy   = 4.654391084e-19
    Average rotational energy       = 5.231001587e-20
    Average vibrational energy      = 2.959471072e-20
    Average electronic energy       = 0
    Total energy                    = 42.62027418

Stage 1.0  ExecutionTime = 17057.52 s  ClockTime = 1221 s  Iteration 2390 (13.37 s)

Time = 0.00096

    Collision global reduction skipped (rank 0 local diagnostics)
    Collisions                      = 569035
    Collision candidates           = 1527824
    Collision acceptance rate      = 0.3724480045


Phase C auto DLB triggered (threshold) at step 2400: sar=0 loadImbalance=2.082993672 threshold=1.5 particleMaxMin=1
Phase C ParMETIS weights: particles=7797652 activeCells=104151 maxCellParticles=264
Phase C ParMETIS: alpha=1 ncon=1 ubvec=[1.05] moveRatio=0.7125710514 (moveT=441.915608s, collT=178.2549801s)
Phase C ParMETIS: AdaptiveRepart (104151 cells, 1 constraints, ubvec=1.05)
Replicated mesh: rank 0 owns 28115 / 104151 cells
Local mesh: 28115 owned + 193 halo = 28308 / 104151 cells
Phase C ParMETIS AdaptiveRepart: 0 / 104151 cells changed (0)
Phase C auto DLB complete: rebalance #43

    Number of DSMC particles        = 7797652
    Number of stuck particles       = 0
    Number of free particles        = 7797652
    Average linear kinetic energy   = 4.650489688e-19
    Average rotational energy       = 5.22878639e-20
    Average vibrational energy      = 2.959096323e-20
    Average electronic energy       = 0
    Total energy                    = 42.64752622

Stage 1.0  ExecutionTime = 17162.36 s  ClockTime = 1229 s  Iteration 2400 (16.63 s)

Time = 0.000964

    Collision global reduction skipped (rank 0 local diagnostics)
    Collisions                      = 568557
    Collision candidates           = 1531407
    Collision acceptance rate      = 0.3712644646

    Number of DSMC particles        = 7808440
    Number of stuck particles       = 0
    Number of free particles        = 7808440
    Average linear kinetic energy   = 4.645729002e-19
    Average rotational energy       = 5.228376111e-20
    Average vibrational energy      = 2.959792358e-20
    Average electronic energy       = 0
    Total energy                    = 42.66957839

Stage 1.0  ExecutionTime = 17263.63 s  ClockTime = 1237 s  Iteration 2410 (13.49 s)

Time = 0.000968

    Collision global reduction skipped (rank 0 local diagnostics)
    Collisions                      = 570336
    Collision candidates           = 1530669
    Collision acceptance rate      = 0.3726057038

    Number of DSMC particles        = 7819211
    Number of stuck particles       = 0
    Number of free particles        = 7819211
    Average linear kinetic energy   = 4.641383214e-19
    Average rotational energy       = 5.22985456e-20
    Average vibrational energy      = 2.960548321e-20
    Average electronic energy       = 0
    Total energy                    = 42.69620351

Stage 1.0  ExecutionTime = 17364.74 s  ClockTime = 1245 s  Iteration 2420 (13.36 s)

Time = 0.000972

    Collision global reduction skipped (rank 0 local diagnostics)
    Collisions                      = 571059
    Collision candidates           = 1533554
    Collision acceptance rate      = 0.3723761928

    Number of DSMC particles        = 7830017
    Number of stuck particles       = 0
    Number of free particles        = 7830017
    Average linear kinetic energy   = 4.636868835e-19
    Average rotational energy       = 5.229322454e-20
    Average vibrational energy      = 2.962447057e-20
    Average electronic energy       = 0
    Total energy                    = 42.72093126

Stage 1.0  ExecutionTime = 17465.98 s  ClockTime = 1252 s  Iteration 2430 (13.39 s)

Time = 0.000976

    Collision global reduction skipped (rank 0 local diagnostics)
    Collisions                      = 569935
    Collision candidates           = 1534495
    Collision acceptance rate      = 0.3714153516

    Number of DSMC particles        = 7840592
    Number of stuck particles       = 0
    Number of free particles        = 7840592
    Average linear kinetic energy   = 4.632808553e-19
    Average rotational energy       = 5.227272622e-20
    Average vibrational energy      = 2.964739051e-20
    Average electronic energy       = 0
    Total energy                    = 42.74698379

Stage 1.0  ExecutionTime = 17567.23 s  ClockTime = 1260 s  Iteration 2440 (13.37 s)

Time = 0.00098

    Collision global reduction skipped (rank 0 local diagnostics)
    Collisions                      = 570989
    Collision candidates           = 1536806
    Collision acceptance rate      = 0.3715426671


Phase C auto DLB triggered (threshold) at step 2450: sar=0 loadImbalance=2.073430447 threshold=1.5 particleMaxMin=1
Phase C ParMETIS weights: particles=7851236 activeCells=104151 maxCellParticles=264
Phase C ParMETIS: alpha=1 ncon=1 ubvec=[1.05] moveRatio=0.7128656814 (moveT=456.2282441s, collT=183.763631s)
Phase C ParMETIS: AdaptiveRepart (104151 cells, 1 constraints, ubvec=1.05)
Replicated mesh: rank 0 owns 28115 / 104151 cells
Local mesh: 28115 owned + 193 halo = 28308 / 104151 cells
Phase C ParMETIS AdaptiveRepart: 0 / 104151 cells changed (0)
Phase C auto DLB complete: rebalance #44

    Number of DSMC particles        = 7851236
    Number of stuck particles       = 0
    Number of free particles        = 7851236
    Average linear kinetic energy   = 4.628209298e-19
    Average rotational energy       = 5.225047341e-20
    Average vibrational energy      = 2.964914128e-20
    Average electronic energy       = 0
    Total energy                    = 42.76729549

Stage 1.0  ExecutionTime = 17671.7 s  ClockTime = 1268 s  Iteration 2450 (16.65 s)

Time = 0.000984

    Collision global reduction skipped (rank 0 local diagnostics)
    Collisions                      = 571971
    Collision candidates           = 1538439
    Collision acceptance rate      = 0.3717865967

    Number of DSMC particles        = 7861251
    Number of stuck particles       = 0
    Number of free particles        = 7861251
    Average linear kinetic energy   = 4.624520182e-19
    Average rotational energy       = 5.226219526e-20
    Average vibrational energy      = 2.965636569e-20
    Average electronic energy       = 0
    Total energy                    = 42.7943376

Stage 1.0  ExecutionTime = 17773.03 s  ClockTime = 1276 s  Iteration 2460 (13.37 s)

Time = 0.000988

    Collision global reduction skipped (rank 0 local diagnostics)
    Collisions                      = 572362
    Collision candidates           = 1538672
    Collision acceptance rate      = 0.3719844125

    Number of DSMC particles        = 7871385
    Number of stuck particles       = 0
    Number of free particles        = 7871385
    Average linear kinetic energy   = 4.620335424e-19
    Average rotational energy       = 5.230160331e-20
    Average vibrational energy      = 2.966578786e-20
    Average electronic energy       = 0
    Total energy                    = 42.82040788

Stage 1.0  ExecutionTime = 17874.32 s  ClockTime = 1284 s  Iteration 2470 (13.38 s)

Time = 0.000992

    Collision global reduction skipped (rank 0 local diagnostics)
    Collisions                      = 570940
    Collision candidates           = 1538614
    Collision acceptance rate      = 0.3710742265

    Number of DSMC particles        = 7881790
    Number of stuck particles       = 0
    Number of free particles        = 7881790
    Average linear kinetic energy   = 4.6166379e-19
    Average rotational energy       = 5.22903881e-20
    Average vibrational energy      = 2.966750736e-20
    Average electronic energy       = 0
    Total energy                    = 42.84711965

Stage 1.0  ExecutionTime = 17975.68 s  ClockTime = 1292 s  Iteration 2480 (13.47 s)

Time = 0.000996

    Collision global reduction skipped (rank 0 local diagnostics)
    Collisions                      = 571537
    Collision candidates           = 1540582
    Collision acceptance rate      = 0.3709877176

    Number of DSMC particles        = 7891672
    Number of stuck particles       = 0
    Number of free particles        = 7891672
    Average linear kinetic energy   = 4.612614301e-19
    Average rotational energy       = 5.231112296e-20
    Average vibrational energy      = 2.96706897e-20
    Average electronic energy       = 0
    Total energy                    = 42.87097488

Stage 1.0  ExecutionTime = 18077.04 s  ClockTime = 1300 s  Iteration 2490 (13.4 s)

Time = 0.001

    Collision global reduction skipped (rank 0 local diagnostics)
    Collisions                      = 575613
    Collision candidates           = 1545293
    Collision acceptance rate      = 0.3724944072


Phase C auto DLB triggered (threshold) at step 2500: sar=0 loadImbalance=2.065415395 threshold=1.5 particleMaxMin=1
Phase C ParMETIS weights: particles=7901887 activeCells=104151 maxCellParticles=280
Phase C ParMETIS: alpha=1 ncon=1 ubvec=[1.05] moveRatio=0.7131690393 (moveT=470.6392409s, collT=189.2873894s)
Phase C ParMETIS: AdaptiveRepart (104151 cells, 1 constraints, ubvec=1.05)
Replicated mesh: rank 0 owns 28115 / 104151 cells
Local mesh: 28115 owned + 193 halo = 28308 / 104151 cells
Phase C ParMETIS AdaptiveRepart: 0 / 104151 cells changed (0)
Phase C auto DLB complete: rebalance #45

    Number of DSMC particles        = 7901887
    Number of stuck particles       = 0
    Number of free particles        = 7901887
    Average linear kinetic energy   = 4.609405882e-19
    Average rotational energy       = 5.230415769e-20
    Average vibrational energy      = 2.968605985e-20
    Average electronic energy       = 0
    Total energy                    = 42.90177876
Replicated mesh: wrote gathered cloud on rank0 at output time 0.001 with 7901887 parcels
Written cellOwner field at output time 0.001
Replicated mesh output timing:
    gather parcels [s]       = 1.27
    rank0 write [s]           = 19.02
    migrate-back [s]          = 1.27


Stage 1.0  ExecutionTime = 18219.33 s  ClockTime = 1332 s  Iteration 2500 (54.14 s)

    Maximum imbalance = 5.257465717%

Time = 0.001004

    Collision global reduction skipped (rank 0 local diagnostics)
    Collisions                      = 575154
    Collision candidates           = 1547107
    Collision acceptance rate      = 0.3717609706

    Number of DSMC particles        = 7912159
    Number of stuck particles       = 0
    Number of free particles        = 7912159
    Average linear kinetic energy   = 4.605654696e-19
    Average rotational energy       = 5.23115322e-20
    Average vibrational energy      = 2.967821386e-20
    Average electronic energy       = 0
    Total energy                    = 42.92783133

Stage 1.0  ExecutionTime = 18320.19 s  ClockTime = 1339 s  Iteration 2510 (12.82 s)

Time = 0.001008

    Collision global reduction skipped (rank 0 local diagnostics)
    Collisions                      = 574790
    Collision candidates           = 1548229
    Collision acceptance rate      = 0.3712564485

    Number of DSMC particles        = 7922221
    Number of stuck particles       = 0
    Number of free particles        = 7922221
    Average linear kinetic energy   = 4.601617939e-19
    Average rotational energy       = 5.229869906e-20
    Average vibrational energy      = 2.968250735e-20
    Average electronic energy       = 0
    Total energy                    = 42.94976662

Stage 1.0  ExecutionTime = 18421.37 s  ClockTime = 1346 s  Iteration 2520 (12.81 s)

Time = 0.001012

    Collision global reduction skipped (rank 0 local diagnostics)
    Collisions                      = 575596
    Collision candidates           = 1551003
    Collision acceptance rate      = 0.3711121126

    Number of DSMC particles        = 7931587
    Number of stuck particles       = 0
    Number of free particles        = 7931587
    Average linear kinetic energy   = 4.597794479e-19
    Average rotational energy       = 5.233700366e-20
    Average vibrational energy      = 2.969518863e-20
    Average electronic energy       = 0
    Total energy                    = 42.97426162

Stage 1.0  ExecutionTime = 18522.45 s  ClockTime = 1353 s  Iteration 2530 (12.82 s)

Time = 0.001016

    Collision global reduction skipped (rank 0 local diagnostics)
    Collisions                      = 578496
    Collision candidates           = 1553830
    Collision acceptance rate      = 0.3723032764

    Number of DSMC particles        = 7941692
    Number of stuck particles       = 0
    Number of free particles        = 7941692
    Average linear kinetic energy   = 4.594184939e-19
    Average rotational energy       = 5.232870206e-20
    Average vibrational energy      = 2.969885437e-20
    Average electronic energy       = 0
    Total energy                    = 42.99997767

Stage 1.0  ExecutionTime = 18623.72 s  ClockTime = 1360 s  Iteration 2540 (12.83 s)

Time = 0.00102

    Collision global reduction skipped (rank 0 local diagnostics)
    Collisions                      = 578747
    Collision candidates           = 1557387
    Collision acceptance rate      = 0.3716141203


Phase C auto DLB triggered (threshold) at step 2550: sar=0 loadImbalance=2.599835552 threshold=1.5 particleMaxMin=1
Phase C ParMETIS weights: particles=7951738 activeCells=104151 maxCellParticles=272
Phase C ParMETIS: alpha=1 ncon=1 ubvec=[1.05] moveRatio=0.7133753655 (moveT=485.0279102s, collT=194.8776958s)
Phase C ParMETIS: AdaptiveRepart (104151 cells, 1 constraints, ubvec=1.05)
Replicated mesh: rank 0 owns 28115 / 104151 cells
Local mesh: 28115 owned + 193 halo = 28308 / 104151 cells
Phase C ParMETIS AdaptiveRepart: 0 / 104151 cells changed (0)
Phase C auto DLB complete: rebalance #46

    Number of DSMC particles        = 7951738
    Number of stuck particles       = 0
    Number of free particles        = 7951738
    Average linear kinetic energy   = 4.59016415e-19
    Average rotational energy       = 5.23007454e-20
    Average vibrational energy      = 2.970718772e-20
    Average electronic energy       = 0
    Total energy                    = 43.02083868

Stage 1.0  ExecutionTime = 18728.22 s  ClockTime = 1368 s  Iteration 2550 (16.09 s)

Time = 0.001024

    Collision global reduction skipped (rank 0 local diagnostics)
    Collisions                      = 579584
    Collision candidates           = 1558293
    Collision acceptance rate      = 0.3719351881

    Number of DSMC particles        = 7961560
    Number of stuck particles       = 0
    Number of free particles        = 7961560
    Average linear kinetic energy   = 4.586172222e-19
    Average rotational energy       = 5.23204053e-20
    Average vibrational energy      = 2.971626587e-20
    Average electronic energy       = 0
    Total energy                    = 43.04448411

Stage 1.0  ExecutionTime = 18829.39 s  ClockTime = 1375 s  Iteration 2560 (12.81 s)

Time = 0.001028

    Collision global reduction skipped (rank 0 local diagnostics)
    Collisions                      = 580799
    Collision candidates           = 1560237
    Collision acceptance rate      = 0.3722504978

    Number of DSMC particles        = 7971268
    Number of stuck particles       = 0
    Number of free particles        = 7971268
    Average linear kinetic energy   = 4.582972773e-19
    Average rotational energy       = 5.230928352e-20
    Average vibrational energy      = 2.973541806e-20
    Average electronic energy       = 0
    Total energy                    = 43.07210725

Stage 1.0  ExecutionTime = 18930.65 s  ClockTime = 1383 s  Iteration 2570 (12.81 s)

Time = 0.001032

    Collision global reduction skipped (rank 0 local diagnostics)
    Collisions                      = 580330
    Collision candidates           = 1563322
    Collision acceptance rate      = 0.3712159107

    Number of DSMC particles        = 7980966
    Number of stuck particles       = 0
    Number of free particles        = 7980966
    Average linear kinetic energy   = 4.579079444e-19
    Average rotational energy       = 5.231606567e-20
    Average vibrational energy      = 2.975324961e-20
    Average electronic energy       = 0
    Total energy                    = 43.0954015

Stage 1.0  ExecutionTime = 19031.99 s  ClockTime = 1390 s  Iteration 2580 (12.83 s)

Time = 0.001036

    Collision global reduction skipped (rank 0 local diagnostics)
    Collisions                      = 581568
    Collision candidates           = 1564926
    Collision acceptance rate      = 0.3716265178

    Number of DSMC particles        = 7990611
    Number of stuck particles       = 0
    Number of free particles        = 7990611
    Average linear kinetic energy   = 4.574839591e-19
    Average rotational energy       = 5.235647212e-20
    Average vibrational energy      = 2.974536164e-20
    Average electronic energy       = 0
    Total energy                    = 43.11620172

Stage 1.0  ExecutionTime = 19133.61 s  ClockTime = 1397 s  Iteration 2590 (12.84 s)

Time = 0.00104

    Collision global reduction skipped (rank 0 local diagnostics)
    Collisions                      = 582830
    Collision candidates           = 1569530
    Collision acceptance rate      = 0.371340465


Phase C auto DLB triggered (threshold) at step 2600: sar=0 loadImbalance=2.273373797 threshold=1.5 particleMaxMin=1
Phase C ParMETIS weights: particles=7999995 activeCells=104151 maxCellParticles=286
Phase C ParMETIS: alpha=1 ncon=1 ubvec=[1.05] moveRatio=0.7137034691 (moveT=499.7645501s, collT=200.4766169s)
Phase C ParMETIS: AdaptiveRepart (104151 cells, 1 constraints, ubvec=1.05)
Replicated mesh: rank 0 owns 28115 / 104151 cells
Local mesh: 28115 owned + 193 halo = 28308 / 104151 cells
Phase C ParMETIS AdaptiveRepart: 0 / 104151 cells changed (0)
Phase C auto DLB complete: rebalance #47

    Number of DSMC particles        = 7999995
    Number of stuck particles       = 0
    Number of free particles        = 7999995
    Average linear kinetic energy   = 4.571359421e-19
    Average rotational energy       = 5.235570124e-20
    Average vibrational energy      = 2.973300153e-20
    Average electronic energy       = 0
    Total energy                    = 43.13794463

Stage 1.0  ExecutionTime = 19238.29 s  ClockTime = 1405 s  Iteration 2600 (16.08 s)

Time = 0.001044

    Collision global reduction skipped (rank 0 local diagnostics)
    Collisions                      = 584228
    Collision candidates           = 1572427
    Collision acceptance rate      = 0.3715453881

    Number of DSMC particles        = 8009318
    Number of stuck particles       = 0
    Number of free particles        = 8009318
    Average linear kinetic energy   = 4.568704528e-19
    Average rotational energy       = 5.232494765e-20
    Average vibrational energy      = 2.974984194e-20
    Average electronic energy       = 0
    Total energy                    = 43.16583831

Stage 1.0  ExecutionTime = 19339.89 s  ClockTime = 1412 s  Iteration 2610 (12.85 s)

Time = 0.001048

    Collision global reduction skipped (rank 0 local diagnostics)
    Collisions                      = 583815
    Collision candidates           = 1574270
    Collision acceptance rate      = 0.3708480756

    Number of DSMC particles        = 8018266
    Number of stuck particles       = 0
    Number of free particles        = 8018266
    Average linear kinetic energy   = 4.565395055e-19
    Average rotational energy       = 5.232529245e-20
    Average vibrational energy      = 2.976375757e-20
    Average electronic energy       = 0
    Total energy                    = 43.18867034

Stage 1.0  ExecutionTime = 19441.41 s  ClockTime = 1420 s  Iteration 2620 (12.85 s)

Time = 0.001052

    Collision global reduction skipped (rank 0 local diagnostics)
    Collisions                      = 582768
    Collision candidates           = 1573329
    Collision acceptance rate      = 0.37040441

    Number of DSMC particles        = 8027344
    Number of stuck particles       = 0
    Number of free particles        = 8027344
    Average linear kinetic energy   = 4.561978169e-19
    Average rotational energy       = 5.236253593e-20
    Average vibrational energy      = 2.976509361e-20
    Average electronic energy       = 0
    Total energy                    = 43.21323543

Stage 1.0  ExecutionTime = 19542.94 s  ClockTime = 1427 s  Iteration 2630 (12.85 s)

Time = 0.001056

    Collision global reduction skipped (rank 0 local diagnostics)
    Collisions                      = 583641
    Collision candidates           = 1573642
    Collision acceptance rate      = 0.3708855

    Number of DSMC particles        = 8036433
    Number of stuck particles       = 0
    Number of free particles        = 8036433
    Average linear kinetic energy   = 4.558640972e-19
    Average rotational energy       = 5.233171155e-20
    Average vibrational energy      = 2.975921513e-20
    Average electronic energy       = 0
    Total energy                    = 43.23239506

Stage 1.0  ExecutionTime = 19644.52 s  ClockTime = 1435 s  Iteration 2640 (12.85 s)

Time = 0.00106

    Collision global reduction skipped (rank 0 local diagnostics)
    Collisions                      = 586120
    Collision candidates           = 1577524
    Collision acceptance rate      = 0.3715442681


Phase C auto DLB triggered (threshold) at step 2650: sar=0 loadImbalance=2.225967144 threshold=1.5 particleMaxMin=1
Phase C ParMETIS weights: particles=8045703 activeCells=104151 maxCellParticles=275
Phase C ParMETIS: alpha=1 ncon=1 ubvec=[1.05] moveRatio=0.7140326826 (moveT=514.6230122s, collT=206.1045185s)
Phase C ParMETIS: AdaptiveRepart (104151 cells, 1 constraints, ubvec=1.05)
Replicated mesh: rank 0 owns 28115 / 104151 cells
Local mesh: 28115 owned + 193 halo = 28308 / 104151 cells
Phase C ParMETIS AdaptiveRepart: 0 / 104151 cells changed (0)
Phase C auto DLB complete: rebalance #48

    Number of DSMC particles        = 8045703
    Number of stuck particles       = 0
    Number of free particles        = 8045703
    Average linear kinetic energy   = 4.555329659e-19
    Average rotational energy       = 5.228882261e-20
    Average vibrational energy      = 2.976140846e-20
    Average electronic energy       = 0
    Total energy                    = 43.25234741

Stage 1.0  ExecutionTime = 19749.4 s  ClockTime = 1442 s  Iteration 2650 (16.11 s)

Time = 0.001064

    Collision global reduction skipped (rank 0 local diagnostics)
    Collisions                      = 587389
    Collision candidates           = 1579980
    Collision acceptance rate      = 0.3717698958

    Number of DSMC particles        = 8055101
    Number of stuck particles       = 0
    Number of free particles        = 8055101
    Average linear kinetic energy   = 4.551774638e-19
    Average rotational energy       = 5.228901504e-20
    Average vibrational energy      = 2.97839845e-20
    Average electronic energy       = 0
    Total energy                    = 43.27606744

Stage 1.0  ExecutionTime = 19851.08 s  ClockTime = 1450 s  Iteration 2660 (12.88 s)

Time = 0.001068

    Collision global reduction skipped (rank 0 local diagnostics)
    Collisions                      = 586599
    Collision candidates           = 1584374
    Collision acceptance rate      = 0.3702402337

    Number of DSMC particles        = 8064021
    Number of stuck particles       = 0
    Number of free particles        = 8064021
    Average linear kinetic energy   = 4.548974977e-19
    Average rotational energy       = 5.230279306e-20
    Average vibrational energy      = 2.978132503e-20
    Average electronic energy       = 0
    Total energy                    = 43.30231026

Stage 1.0  ExecutionTime = 19952.88 s  ClockTime = 1457 s  Iteration 2670 (12.88 s)

Time = 0.001072

    Collision global reduction skipped (rank 0 local diagnostics)
    Collisions                      = 588672
    Collision candidates           = 1587690
    Collision acceptance rate      = 0.3707726319

    Number of DSMC particles        = 8073508
    Number of stuck particles       = 0
    Number of free particles        = 8073508
    Average linear kinetic energy   = 4.545639792e-19
    Average rotational energy       = 5.23027745e-20
    Average vibrational energy      = 2.977791998e-20
    Average electronic energy       = 0
    Total energy                    = 43.32605066

Stage 1.0  ExecutionTime = 20054.72 s  ClockTime = 1465 s  Iteration 2680 (12.88 s)

Time = 0.001076

    Collision global reduction skipped (rank 0 local diagnostics)
    Collisions                      = 589160
    Collision candidates           = 1590084
    Collision acceptance rate      = 0.3705213058

    Number of DSMC particles        = 8082323
    Number of stuck particles       = 0
    Number of free particles        = 8082323
    Average linear kinetic energy   = 4.541663131e-19
    Average rotational energy       = 5.239103604e-20
    Average vibrational energy      = 2.978591515e-20
    Average electronic energy       = 0
    Total energy                    = 43.34899501

Stage 1.0  ExecutionTime = 20156.66 s  ClockTime = 1472 s  Iteration 2690 (12.89 s)

Time = 0.00108

    Collision global reduction skipped (rank 0 local diagnostics)
    Collisions                      = 590676
    Collision candidates           = 1592239
    Collision acceptance rate      = 0.3709719458


Phase C auto DLB triggered (threshold) at step 2700: sar=0 loadImbalance=2.185304908 threshold=1.5 particleMaxMin=1
Phase C ParMETIS weights: particles=8091257 activeCells=104151 maxCellParticles=276
Phase C ParMETIS: alpha=1 ncon=1 ubvec=[1.05] moveRatio=0.714363935 (moveT=529.6194561s, collT=211.7665941s)
Phase C ParMETIS: AdaptiveRepart (104151 cells, 1 constraints, ubvec=1.05)
Replicated mesh: rank 0 owns 28115 / 104151 cells
Local mesh: 28115 owned + 193 halo = 28308 / 104151 cells
Phase C ParMETIS AdaptiveRepart: 0 / 104151 cells changed (0)
Phase C auto DLB complete: rebalance #49

    Number of DSMC particles        = 8091257
    Number of stuck particles       = 0
    Number of free particles        = 8091257
    Average linear kinetic energy   = 4.538845116e-19
    Average rotational energy       = 5.233565316e-20
    Average vibrational energy      = 2.978441736e-20
    Average electronic energy       = 0
    Total energy                    = 43.36950827

Stage 1.0  ExecutionTime = 20261.86 s  ClockTime = 1480 s  Iteration 2700 (16.16 s)

Time = 0.001084

    Collision global reduction skipped (rank 0 local diagnostics)
    Collisions                      = 590885
    Collision candidates           = 1594224
    Collision acceptance rate      = 0.3706411395

    Number of DSMC particles        = 8100403
    Number of stuck particles       = 0
    Number of free particles        = 8100403
    Average linear kinetic energy   = 4.535533739e-19
    Average rotational energy       = 5.236548554e-20
    Average vibrational energy      = 2.980148535e-20
    Average electronic energy       = 0
    Total energy                    = 43.39550688

Stage 1.0  ExecutionTime = 20364.01 s  ClockTime = 1488 s  Iteration 2710 (12.92 s)

Time = 0.001088

    Collision global reduction skipped (rank 0 local diagnostics)
    Collisions                      = 591432
    Collision candidates           = 1594923
    Collision acceptance rate      = 0.3708216635

    Number of DSMC particles        = 8109268
    Number of stuck particles       = 0
    Number of free particles        = 8109268
    Average linear kinetic energy   = 4.532349231e-19
    Average rotational energy       = 5.236258178e-20
    Average vibrational energy      = 2.982670056e-20
    Average electronic energy       = 0
    Total energy                    = 43.41898375

Stage 1.0  ExecutionTime = 20466.07 s  ClockTime = 1495 s  Iteration 2720 (12.91 s)

Time = 0.001092

    Collision global reduction skipped (rank 0 local diagnostics)
    Collisions                      = 590865
    Collision candidates           = 1597466
    Collision acceptance rate      = 0.3698764168

    Number of DSMC particles        = 8118202
    Number of stuck particles       = 0
    Number of free particles        = 8118202
    Average linear kinetic energy   = 4.529306858e-19
    Average rotational energy       = 5.233772229e-20
    Average vibrational energy      = 2.98395344e-20
    Average electronic energy       = 0
    Total energy                    = 43.44114369

Stage 1.0  ExecutionTime = 20568.17 s  ClockTime = 1502 s  Iteration 2730 (12.91 s)

Time = 0.001096

    Collision global reduction skipped (rank 0 local diagnostics)
    Collisions                      = 591660
    Collision candidates           = 1599402
    Collision acceptance rate      = 0.3699257598

    Number of DSMC particles        = 8126729
    Number of stuck particles       = 0
    Number of free particles        = 8126729
    Average linear kinetic energy   = 4.526555508e-19
    Average rotational energy       = 5.233532118e-20
    Average vibrational energy      = 2.982729618e-20
    Average electronic energy       = 0
    Total energy                    = 43.46322317

Stage 1.0  ExecutionTime = 20670.22 s  ClockTime = 1510 s  Iteration 2740 (12.9 s)

Time = 0.0011

    Collision global reduction skipped (rank 0 local diagnostics)
    Collisions                      = 592649
    Collision candidates           = 1602816
    Collision acceptance rate      = 0.3697548565


Phase C auto DLB triggered (threshold) at step 2750: sar=0 loadImbalance=2.143696156 threshold=1.5 particleMaxMin=1
Phase C ParMETIS weights: particles=8135365 activeCells=104151 maxCellParticles=276
Phase C ParMETIS: alpha=1 ncon=1 ubvec=[1.05] moveRatio=0.714682955 (moveT=544.7087728s, collT=217.459639s)
Phase C ParMETIS: AdaptiveRepart (104151 cells, 1 constraints, ubvec=1.05)
Replicated mesh: rank 0 owns 28115 / 104151 cells
Local mesh: 28115 owned + 193 halo = 28308 / 104151 cells
Phase C ParMETIS AdaptiveRepart: 0 / 104151 cells changed (0)
Phase C auto DLB complete: rebalance #50

    Number of DSMC particles        = 8135365
    Number of stuck particles       = 0
    Number of free particles        = 8135365
    Average linear kinetic energy   = 4.522906595e-19
    Average rotational energy       = 5.233600291e-20
    Average vibrational energy      = 2.983269742e-20
    Average electronic energy       = 0
    Total energy                    = 43.4802197

Stage 1.0  ExecutionTime = 20775.67 s  ClockTime = 1518 s  Iteration 2750 (16.17 s)

Time = 0.001104

    Collision global reduction skipped (rank 0 local diagnostics)
    Collisions                      = 595005
    Collision candidates           = 1605312
    Collision acceptance rate      = 0.3706475751

    Number of DSMC particles        = 8143690
    Number of stuck particles       = 0
    Number of free particles        = 8143690
    Average linear kinetic energy   = 4.519745184e-19
    Average rotational energy       = 5.233961157e-20
    Average vibrational energy      = 2.984643524e-20
    Average electronic energy       = 0
    Total energy                    = 43.50038053

Stage 1.0  ExecutionTime = 20877.85 s  ClockTime = 1525 s  Iteration 2760 (12.93 s)

Time = 0.001108

    Collision global reduction skipped (rank 0 local diagnostics)
    Collisions                      = 595016
    Collision candidates           = 1607837
    Collision acceptance rate      = 0.3700723394

    Number of DSMC particles        = 8152432
    Number of stuck particles       = 0
    Number of free particles        = 8152432
    Average linear kinetic energy   = 4.516456747e-19
    Average rotational energy       = 5.236847517e-20
    Average vibrational energy      = 2.985711663e-20
    Average electronic energy       = 0
    Total energy                    = 43.52349197

Stage 1.0  ExecutionTime = 20980.07 s  ClockTime = 1533 s  Iteration 2770 (12.93 s)

Time = 0.001112

    Collision global reduction skipped (rank 0 local diagnostics)
    Collisions                      = 596546
    Collision candidates           = 1609792
    Collision acceptance rate      = 0.3705733412

    Number of DSMC particles        = 8161709
    Number of stuck particles       = 0
    Number of free particles        = 8161709
    Average linear kinetic energy   = 4.513026085e-19
    Average rotational energy       = 5.238571147e-20
    Average vibrational energy      = 2.984631606e-20
    Average electronic energy       = 0
    Total energy                    = 43.5455444

Stage 1.0  ExecutionTime = 21082.42 s  ClockTime = 1540 s  Iteration 2780 (12.93 s)

Time = 0.001116

    Collision global reduction skipped (rank 0 local diagnostics)
    Collisions                      = 596613
    Collision candidates           = 1610488
    Collision acceptance rate      = 0.3704547938

    Number of DSMC particles        = 8170149
    Number of stuck particles       = 0
    Number of free particles        = 8170149
    Average linear kinetic energy   = 4.509905631e-19
    Average rotational energy       = 5.23564024e-20
    Average vibrational energy      = 2.986110267e-20
    Average electronic energy       = 0
    Total energy                    = 43.56389365

Stage 1.0  ExecutionTime = 21184.81 s  ClockTime = 1548 s  Iteration 2790 (12.94 s)

Time = 0.00112

    Collision global reduction skipped (rank 0 local diagnostics)
    Collisions                      = 596389
    Collision candidates           = 1609525
    Collision acceptance rate      = 0.3705372703


Phase C auto DLB triggered (threshold) at step 2800: sar=0 loadImbalance=2.109707528 threshold=1.5 particleMaxMin=1
Phase C ParMETIS weights: particles=8178573 activeCells=104151 maxCellParticles=275
Phase C ParMETIS: alpha=1 ncon=1 ubvec=[1.05] moveRatio=0.7149848819 (moveT=559.8933569s, collT=223.1908328s)
Phase C ParMETIS: AdaptiveRepart (104151 cells, 1 constraints, ubvec=1.05)
Replicated mesh: rank 0 owns 28115 / 104151 cells
Local mesh: 28115 owned + 193 halo = 28308 / 104151 cells
Phase C ParMETIS AdaptiveRepart: 0 / 104151 cells changed (0)
Phase C auto DLB complete: rebalance #51

    Number of DSMC particles        = 8178573
    Number of stuck particles       = 0
    Number of free particles        = 8178573
    Average linear kinetic energy   = 4.507004922e-19
    Average rotational energy       = 5.23379926e-20
    Average vibrational energy      = 2.986903637e-20
    Average electronic energy       = 0
    Total energy                    = 43.58423064

Stage 1.0  ExecutionTime = 21290.51 s  ClockTime = 1556 s  Iteration 2800 (16.26 s)

Time = 0.001124

    Collision global reduction skipped (rank 0 local diagnostics)
    Collisions                      = 595748
    Collision candidates           = 1611354
    Collision acceptance rate      = 0.3697188824

    Number of DSMC particles        = 8187299
    Number of stuck particles       = 0
    Number of free particles        = 8187299
    Average linear kinetic energy   = 4.504011e-19
    Average rotational energy       = 5.231555795e-20
    Average vibrational energy      = 2.989686808e-20
    Average electronic energy       = 0
    Total energy                    = 43.60666189

Stage 1.0  ExecutionTime = 21392.9 s  ClockTime = 1564 s  Iteration 2810 (12.95 s)

Time = 0.001128

    Collision global reduction skipped (rank 0 local diagnostics)
    Collisions                      = 598564
    Collision candidates           = 1613732
    Collision acceptance rate      = 0.3709190869

    Number of DSMC particles        = 8195587
    Number of stuck particles       = 0
    Number of free particles        = 8195587
    Average linear kinetic energy   = 4.500395496e-19
    Average rotational energy       = 5.232964614e-20
    Average vibrational energy      = 2.991252245e-20
    Average electronic energy       = 0
    Total energy                    = 43.6236113

Stage 1.0  ExecutionTime = 21495.42 s  ClockTime = 1571 s  Iteration 2820 (12.98 s)

Time = 0.001132

    Collision global reduction skipped (rank 0 local diagnostics)
    Collisions                      = 598719
    Collision candidates           = 1616767
    Collision acceptance rate      = 0.3703186668

    Number of DSMC particles        = 8204205
    Number of stuck particles       = 0
    Number of free particles        = 8204205
    Average linear kinetic energy   = 4.49747664e-19
    Average rotational energy       = 5.237128921e-20
    Average vibrational energy      = 2.990870727e-20
    Average electronic energy       = 0
    Total energy                    = 43.64863992

Stage 1.0  ExecutionTime = 21597.95 s  ClockTime = 1579 s  Iteration 2830 (12.98 s)

Time = 0.001136

    Collision global reduction skipped (rank 0 local diagnostics)
    Collisions                      = 599200
    Collision candidates           = 1619912
    Collision acceptance rate      = 0.3698966364

    Number of DSMC particles        = 8212662
    Number of stuck particles       = 0
    Number of free particles        = 8212662
    Average linear kinetic energy   = 4.494445911e-19
    Average rotational energy       = 5.235313767e-20
    Average vibrational energy      = 2.991300929e-20
    Average electronic energy       = 0
    Total energy                    = 43.66760573

Stage 1.0  ExecutionTime = 21700.61 s  ClockTime = 1587 s  Iteration 2840 (12.99 s)

Time = 0.00114

    Collision global reduction skipped (rank 0 local diagnostics)
    Collisions                      = 600432
    Collision candidates           = 1622381
    Collision acceptance rate      = 0.3700930916


Phase C auto DLB triggered (threshold) at step 2850: sar=0 loadImbalance=2.081272846 threshold=1.5 particleMaxMin=1
Phase C ParMETIS weights: particles=8220887 activeCells=104151 maxCellParticles=274
Phase C ParMETIS: alpha=1 ncon=1 ubvec=[1.05] moveRatio=0.7152907949 (moveT=575.2006589s, collT=228.9487347s)
Phase C ParMETIS: AdaptiveRepart (104151 cells, 1 constraints, ubvec=1.05)
Replicated mesh: rank 0 owns 28115 / 104151 cells
Local mesh: 28115 owned + 193 halo = 28308 / 104151 cells
Phase C ParMETIS AdaptiveRepart: 0 / 104151 cells changed (0)
Phase C auto DLB complete: rebalance #52

    Number of DSMC particles        = 8220887
    Number of stuck particles       = 0
    Number of free particles        = 8220887
    Average linear kinetic energy   = 4.491673379e-19
    Average rotational energy       = 5.234765022e-20
    Average vibrational energy      = 2.991943289e-20
    Average electronic energy       = 0
    Total energy                    = 43.68862323

Stage 1.0  ExecutionTime = 21806.67 s  ClockTime = 1595 s  Iteration 2850 (16.27 s)

Time = 0.001144

    Collision global reduction skipped (rank 0 local diagnostics)
    Collisions                      = 600243
    Collision candidates           = 1622790
    Collision acceptance rate      = 0.369883349

    Number of DSMC particles        = 8228768
    Number of stuck particles       = 0
    Number of free particles        = 8228768
    Average linear kinetic energy   = 4.488846874e-19
    Average rotational energy       = 5.234464167e-20
    Average vibrational energy      = 2.992257865e-20
    Average electronic energy       = 0
    Total energy                    = 43.70725822

Stage 1.0  ExecutionTime = 21909.44 s  ClockTime = 1602 s  Iteration 2860 (12.98 s)

Time = 0.001148

    Collision global reduction skipped (rank 0 local diagnostics)
    Collisions                      = 602256
    Collision candidates           = 1626389
    Collision acceptance rate      = 0.3703025537

    Number of DSMC particles        = 8236590
    Number of stuck particles       = 0
    Number of free particles        = 8236590
    Average linear kinetic energy   = 4.486120578e-19
    Average rotational energy       = 5.232651899e-20
    Average vibrational energy      = 2.990071457e-20
    Average electronic energy       = 0
    Total energy                    = 43.72305599

Stage 1.0  ExecutionTime = 22012.17 s  ClockTime = 1610 s  Iteration 2870 (12.99 s)

Time = 0.001152

    Collision global reduction skipped (rank 0 local diagnostics)
    Collisions                      = 602395
    Collision candidates           = 1627606
    Collision acceptance rate      = 0.3701110711

    Number of DSMC particles        = 8244500
    Number of stuck particles       = 0
    Number of free particles        = 8244500
    Average linear kinetic energy   = 4.483775256e-19
    Average rotational energy       = 5.230105221e-20
    Average vibrational energy      = 2.991486586e-20
    Average electronic energy       = 0
    Total energy                    = 43.74477647

Stage 1.0  ExecutionTime = 22114.95 s  ClockTime = 1618 s  Iteration 2880 (12.98 s)

Time = 0.001156

    Collision global reduction skipped (rank 0 local diagnostics)
    Collisions                      = 603753
    Collision candidates           = 1629817
    Collision acceptance rate      = 0.370442203

    Number of DSMC particles        = 8252494
    Number of stuck particles       = 0
    Number of free particles        = 8252494
    Average linear kinetic energy   = 4.480850497e-19
    Average rotational energy       = 5.232723877e-20
    Average vibrational energy      = 2.99172823e-20
    Average electronic energy       = 0
    Total energy                    = 43.765416

Stage 1.0  ExecutionTime = 22217.81 s  ClockTime = 1625 s  Iteration 2890 (12.98 s)

Time = 0.00116

    Collision global reduction skipped (rank 0 local diagnostics)
    Collisions                      = 605116
    Collision candidates           = 1634110
    Collision acceptance rate      = 0.3703031008


Phase C auto DLB triggered (threshold) at step 2900: sar=0 loadImbalance=2.068346787 threshold=1.5 particleMaxMin=1
Phase C ParMETIS weights: particles=8260931 activeCells=104151 maxCellParticles=275
Phase C ParMETIS: alpha=1 ncon=1 ubvec=[1.05] moveRatio=0.7155906117 (moveT=590.6175725s, collT=234.7392207s)
Phase C ParMETIS: AdaptiveRepart (104151 cells, 1 constraints, ubvec=1.05)
Replicated mesh: rank 0 owns 28115 / 104151 cells
Local mesh: 28115 owned + 193 halo = 28308 / 104151 cells
Phase C ParMETIS AdaptiveRepart: 0 / 104151 cells changed (0)
Phase C auto DLB complete: rebalance #53

    Number of DSMC particles        = 8260931
    Number of stuck particles       = 0
    Number of free particles        = 8260931
    Average linear kinetic energy   = 4.477646866e-19
    Average rotational energy       = 5.233666223e-20
    Average vibrational energy      = 2.992889094e-20
    Average electronic energy       = 0
    Total energy                    = 43.78543239

Stage 1.0  ExecutionTime = 22324.15 s  ClockTime = 1633 s  Iteration 2900 (16.3 s)

Time = 0.001164

    Collision global reduction skipped (rank 0 local diagnostics)
    Collisions                      = 605710
    Collision candidates           = 1637386
    Collision acceptance rate      = 0.3699249902

    Number of DSMC particles        = 8269304
    Number of stuck particles       = 0
    Number of free particles        = 8269304
    Average linear kinetic energy   = 4.474810502e-19
    Average rotational energy       = 5.231002897e-20
    Average vibrational energy      = 2.993963147e-20
    Average electronic energy       = 0
    Total energy                    = 43.80504284

Stage 1.0  ExecutionTime = 22427.21 s  ClockTime = 1641 s  Iteration 2910 (13 s)

Time = 0.001168

    Collision global reduction skipped (rank 0 local diagnostics)
    Collisions                      = 606976
    Collision candidates           = 1640331
    Collision acceptance rate      = 0.3700326337

    Number of DSMC particles        = 8277187
    Number of stuck particles       = 0
    Number of free particles        = 8277187
    Average linear kinetic energy   = 4.471592255e-19
    Average rotational energy       = 5.230252526e-20
    Average vibrational energy      = 2.995165188e-20
    Average electronic energy       = 0
    Total energy                    = 43.82053734

Stage 1.0  ExecutionTime = 22530.28 s  ClockTime = 1649 s  Iteration 2920 (13.02 s)

Time = 0.001172

    Collision global reduction skipped (rank 0 local diagnostics)
    Collisions                      = 606129
    Collision candidates           = 1639681
    Collision acceptance rate      = 0.3696627576

    Number of DSMC particles        = 8285425
    Number of stuck particles       = 0
    Number of free particles        = 8285425
    Average linear kinetic energy   = 4.46858886e-19
    Average rotational energy       = 5.229349501e-20
    Average vibrational energy      = 2.995495491e-20
    Average electronic energy       = 0
    Total energy                    = 43.83879149

Stage 1.0  ExecutionTime = 22633.38 s  ClockTime = 1656 s  Iteration 2930 (13.02 s)

Time = 0.001176

    Collision global reduction skipped (rank 0 local diagnostics)
    Collisions                      = 605516
    Collision candidates           = 1641248
    Collision acceptance rate      = 0.3689363216

    Number of DSMC particles        = 8293082
    Number of stuck particles       = 0
    Number of free particles        = 8293082
    Average linear kinetic energy   = 4.465937753e-19
    Average rotational energy       = 5.227294107e-20
    Average vibrational energy      = 2.996672261e-20
    Average electronic energy       = 0
    Total energy                    = 43.85659074

Stage 1.0  ExecutionTime = 22736.44 s  ClockTime = 1664 s  Iteration 2940 (13.03 s)

Time = 0.00118

    Collision global reduction skipped (rank 0 local diagnostics)
    Collisions                      = 608203
    Collision candidates           = 1645011
    Collision acceptance rate      = 0.3697257951


Phase C auto DLB triggered (threshold) at step 2950: sar=0 loadImbalance=2.059133475 threshold=1.5 particleMaxMin=1
Phase C ParMETIS weights: particles=8301215 activeCells=104151 maxCellParticles=283
Phase C ParMETIS: alpha=1 ncon=1 ubvec=[1.05] moveRatio=0.7158754195 (moveT=606.1335462s, collT=240.5690081s)
Phase C ParMETIS: AdaptiveRepart (104151 cells, 1 constraints, ubvec=1.05)
Replicated mesh: rank 0 owns 28115 / 104151 cells
Local mesh: 28115 owned + 193 halo = 28308 / 104151 cells
Phase C ParMETIS AdaptiveRepart: 0 / 104151 cells changed (0)
Phase C auto DLB complete: rebalance #54

    Number of DSMC particles        = 8301215
    Number of stuck particles       = 0
    Number of free particles        = 8301215
    Average linear kinetic energy   = 4.463144899e-19
    Average rotational energy       = 5.227526906e-20
    Average vibrational energy      = 2.997686432e-20
    Average electronic energy       = 0
    Total energy                    = 43.87745182

Stage 1.0  ExecutionTime = 22843.01 s  ClockTime = 1672 s  Iteration 2950 (16.34 s)

Time = 0.001184

    Collision global reduction skipped (rank 0 local diagnostics)
    Collisions                      = 608138
    Collision candidates           = 1645625
    Collision acceptance rate      = 0.3695483479

    Number of DSMC particles        = 8309274
    Number of stuck particles       = 0
    Number of free particles        = 8309274
    Average linear kinetic energy   = 4.460291031e-19
    Average rotational energy       = 5.224336265e-20
    Average vibrational energy      = 2.999741663e-20
    Average electronic energy       = 0
    Total energy                    = 43.89539198

Stage 1.0  ExecutionTime = 22946.29 s  ClockTime = 1680 s  Iteration 2960 (13.03 s)

Time = 0.001188

    Collision global reduction skipped (rank 0 local diagnostics)
    Collisions                      = 608126
    Collision candidates           = 1646911
    Collision acceptance rate      = 0.3692524976

    Number of DSMC particles        = 8317132
    Number of stuck particles       = 0
    Number of free particles        = 8317132
    Average linear kinetic energy   = 4.457727155e-19
    Average rotational energy       = 5.227129493e-20
    Average vibrational energy      = 2.999783432e-20
    Average electronic energy       = 0
    Total energy                    = 43.91793724

Stage 1.0  ExecutionTime = 23049.65 s  ClockTime = 1688 s  Iteration 2970 (13.05 s)

Time = 0.001192

    Collision global reduction skipped (rank 0 local diagnostics)
    Collisions                      = 609172
    Collision candidates           = 1647525
    Collision acceptance rate      = 0.3697497762

    Number of DSMC particles        = 8325204
    Number of stuck particles       = 0
    Number of free particles        = 8325204
    Average linear kinetic energy   = 4.454899142e-19
    Average rotational energy       = 5.230873762e-20
    Average vibrational energy      = 2.99987283e-20
    Average electronic energy       = 0
    Total energy                    = 43.9402086

Stage 1.0  ExecutionTime = 23153.05 s  ClockTime = 1696 s  Iteration 2980 (13.07 s)

Time = 0.001196

    Collision global reduction skipped (rank 0 local diagnostics)
    Collisions                      = 610645
    Collision candidates           = 1650581
    Collision acceptance rate      = 0.3699576089

    Number of DSMC particles        = 8332881
    Number of stuck particles       = 0
    Number of free particles        = 8332881
    Average linear kinetic energy   = 4.451871284e-19
    Average rotational energy       = 5.233679858e-20
    Average vibrational energy      = 2.999934824e-20
    Average electronic energy       = 0
    Total energy                    = 43.95788678

Stage 1.0  ExecutionTime = 23256.38 s  ClockTime = 1704 s  Iteration 2990 (13.07 s)

Time = 0.0012

    Collision global reduction skipped (rank 0 local diagnostics)
    Collisions                      = 609876
    Collision candidates           = 1650683
    Collision acceptance rate      = 0.3694688805


Phase C auto DLB triggered (threshold) at step 3000: sar=0 loadImbalance=2.055231721 threshold=1.5 particleMaxMin=1
Phase C ParMETIS weights: particles=8340423 activeCells=104151 maxCellParticles=273
Phase C ParMETIS: alpha=1 ncon=1 ubvec=[1.05] moveRatio=0.7161445776 (moveT=621.7355184s, collT=246.4348732s)
Phase C ParMETIS: AdaptiveRepart (104151 cells, 1 constraints, ubvec=1.05)
Replicated mesh: rank 0 owns 28115 / 104151 cells
Local mesh: 28115 owned + 193 halo = 28308 / 104151 cells
Phase C ParMETIS AdaptiveRepart: 0 / 104151 cells changed (0)
Phase C auto DLB complete: rebalance #55

    Number of DSMC particles        = 8340423
    Number of stuck particles       = 0
    Number of free particles        = 8340423
    Average linear kinetic energy   = 4.4492067e-19
    Average rotational energy       = 5.234293288e-20
    Average vibrational energy      = 3.00005073e-20
    Average electronic energy       = 0
    Total energy                    = 43.97605712

Stage 1.0  ExecutionTime = 23363.12 s  ClockTime = 1712 s  Iteration 3000 (16.42 s)

Time = 0.001204

    Collision global reduction skipped (rank 0 local diagnostics)
    Collisions                      = 610107
    Collision candidates           = 1652276
    Collision acceptance rate      = 0.3692524736

    Number of DSMC particles        = 8347916
    Number of stuck particles       = 0
    Number of free particles        = 8347916
    Average linear kinetic energy   = 4.447112142e-19
    Average rotational energy       = 5.230035387e-20
    Average vibrational energy      = 2.999312093e-20
    Average electronic energy       = 0
    Total energy                    = 43.99390875

Stage 1.0  ExecutionTime = 23466.68 s  ClockTime = 1720 s  Iteration 3010 (13.13 s)

Time = 0.001208

    Collision global reduction skipped (rank 0 local diagnostics)
    Collisions                      = 609480
    Collision candidates           = 1652173
    Collision acceptance rate      = 0.3688959933

    Number of DSMC particles        = 8355611
    Number of stuck particles       = 0
    Number of free particles        = 8355611
    Average linear kinetic energy   = 4.444865395e-19
    Average rotational energy       = 5.230397343e-20
    Average vibrational energy      = 3.000676821e-20
    Average electronic energy       = 0
    Total energy                    = 44.01713157

Stage 1.0  ExecutionTime = 23570.12 s  ClockTime = 1728 s  Iteration 3020 (13.16 s)

Time = 0.001212

    Collision global reduction skipped (rank 0 local diagnostics)
    Collisions                      = 610341
    Collision candidates           = 1652630
    Collision acceptance rate      = 0.3693149707

    Number of DSMC particles        = 8363438
    Number of stuck particles       = 0
    Number of free particles        = 8363438
    Average linear kinetic energy   = 4.441890012e-19
    Average rotational energy       = 5.231862985e-20
    Average vibrational energy      = 2.999671212e-20
    Average electronic energy       = 0
    Total energy                    = 44.03386431

Stage 1.0  ExecutionTime = 23673.65 s  ClockTime = 1735 s  Iteration 3030 (13.14 s)

Time = 0.001216

    Collision global reduction skipped (rank 0 local diagnostics)
    Collisions                      = 611504
    Collision candidates           = 1655701
    Collision acceptance rate      = 0.3693323855

    Number of DSMC particles        = 8370929
    Number of stuck particles       = 0
    Number of free particles        = 8370929
    Average linear kinetic energy   = 4.439108223e-19
    Average rotational energy       = 5.227958514e-20
    Average vibrational energy      = 3.001625119e-20
    Average electronic energy       = 0
    Total energy                    = 44.04838578

Stage 1.0  ExecutionTime = 23777.25 s  ClockTime = 1743 s  Iteration 3040 (13.22 s)

Time = 0.00122

    Collision global reduction skipped (rank 0 local diagnostics)
    Collisions                      = 614801
    Collision candidates           = 1660862
    Collision acceptance rate      = 0.3701698275


Phase C auto DLB triggered (threshold) at step 3050: sar=0 loadImbalance=2.046430394 threshold=1.5 particleMaxMin=1
Phase C ParMETIS weights: particles=8378848 activeCells=104151 maxCellParticles=281
Phase C ParMETIS: alpha=1 ncon=1 ubvec=[1.05] moveRatio=0.7164383552 (moveT=637.4610523s, collT=252.3029416s)
Phase C ParMETIS: AdaptiveRepart (104151 cells, 1 constraints, ubvec=1.05)
Replicated mesh: rank 0 owns 28115 / 104151 cells
Local mesh: 28115 owned + 193 halo = 28308 / 104151 cells
Phase C ParMETIS AdaptiveRepart: 0 / 104151 cells changed (0)
Phase C auto DLB complete: rebalance #56

    Number of DSMC particles        = 8378848
    Number of stuck particles       = 0
    Number of free particles        = 8378848
    Average linear kinetic energy   = 4.436532611e-19
    Average rotational energy       = 5.225512543e-20
    Average vibrational energy      = 3.002396033e-20
    Average electronic energy       = 0
    Total energy                    = 44.06707192

Stage 1.0  ExecutionTime = 23884.17 s  ClockTime = 1752 s  Iteration 3050 (16.56 s)

Time = 0.001224

    Collision global reduction skipped (rank 0 local diagnostics)
    Collisions                      = 614314
    Collision candidates           = 1664430
    Collision acceptance rate      = 0.3690837103

    Number of DSMC particles        = 8386239
    Number of stuck particles       = 0
    Number of free particles        = 8386239
    Average linear kinetic energy   = 4.433462483e-19
    Average rotational energy       = 5.227041699e-20
    Average vibrational energy      = 3.002700522e-20
    Average electronic energy       = 0
    Total energy                    = 44.0817345

Stage 1.0  ExecutionTime = 23987.91 s  ClockTime = 1760 s  Iteration 3060 (13.25 s)

Time = 0.001228

    Collision global reduction skipped (rank 0 local diagnostics)
    Collisions                      = 616090
    Collision candidates           = 1666225
    Collision acceptance rate      = 0.3697519843

    Number of DSMC particles        = 8393496
    Number of stuck particles       = 0
    Number of free particles        = 8393496
    Average linear kinetic energy   = 4.430892749e-19
    Average rotational energy       = 5.227133942e-20
    Average vibrational energy      = 3.003141481e-20
    Average electronic energy       = 0
    Total energy                    = 44.09875895

Stage 1.0  ExecutionTime = 24091.65 s  ClockTime = 1768 s  Iteration 3070 (13.26 s)

Time = 0.001232

    Collision global reduction skipped (rank 0 local diagnostics)
    Collisions                      = 616327
    Collision candidates           = 1666720
    Collision acceptance rate      = 0.3697843669

    Number of DSMC particles        = 8400926
    Number of stuck particles       = 0
    Number of free particles        = 8400926
    Average linear kinetic energy   = 4.428287179e-19
    Average rotational energy       = 5.224073695e-20
    Average vibrational energy      = 3.0052811e-20
    Average electronic energy       = 0
    Total energy                    = 44.11513297

Stage 1.0  ExecutionTime = 24195.58 s  ClockTime = 1776 s  Iteration 3080 (13.31 s)

Time = 0.001236

    Collision global reduction skipped (rank 0 local diagnostics)
    Collisions                      = 616906
    Collision candidates           = 1667098
    Collision acceptance rate      = 0.3700478316

    Number of DSMC particles        = 8408638
    Number of stuck particles       = 0
    Number of free particles        = 8408638
    Average linear kinetic energy   = 4.426087614e-19
    Average rotational energy       = 5.223811542e-20
    Average vibrational energy      = 3.004918324e-20
    Average electronic energy       = 0
    Total energy                    = 44.13660957

Stage 1.0  ExecutionTime = 24299.5 s  ClockTime = 1784 s  Iteration 3090 (13.3 s)

Time = 0.00124

    Collision global reduction skipped (rank 0 local diagnostics)
    Collisions                      = 615363
    Collision candidates           = 1668204
    Collision acceptance rate      = 0.3688775474


Phase C auto DLB triggered (threshold) at step 3100: sar=0 loadImbalance=2.038450523 threshold=1.5 particleMaxMin=1
Phase C ParMETIS weights: particles=8416206 activeCells=104151 maxCellParticles=276
Phase C ParMETIS: alpha=1 ncon=1 ubvec=[1.05] moveRatio=0.7166860195 (moveT=653.1707298s, collT=258.2056777s)
Phase C ParMETIS: AdaptiveRepart (104151 cells, 1 constraints, ubvec=1.05)
Replicated mesh: rank 0 owns 28115 / 104151 cells
Local mesh: 28115 owned + 193 halo = 28308 / 104151 cells
Phase C ParMETIS AdaptiveRepart: 0 / 104151 cells changed (0)
Phase C auto DLB complete: rebalance #57

    Number of DSMC particles        = 8416206
    Number of stuck particles       = 0
    Number of free particles        = 8416206
    Average linear kinetic energy   = 4.423696381e-19
    Average rotational energy       = 5.223138703e-20
    Average vibrational energy      = 3.003811599e-20
    Average electronic energy       = 0
    Total energy                    = 44.15471087

Stage 1.0  ExecutionTime = 24406.71 s  ClockTime = 1792 s  Iteration 3100 (16.65 s)

Time = 0.001244

    Collision global reduction skipped (rank 0 local diagnostics)
    Collisions                      = 616167
    Collision candidates           = 1670282
    Collision acceptance rate      = 0.3688999822

    Number of DSMC particles        = 8423068
    Number of stuck particles       = 0
    Number of free particles        = 8423068
    Average linear kinetic energy   = 4.420864009e-19
    Average rotational energy       = 5.226449598e-20
    Average vibrational energy      = 3.005249464e-20
    Average electronic energy       = 0
    Total energy                    = 44.17085426

Stage 1.0  ExecutionTime = 24510.66 s  ClockTime = 1800 s  Iteration 3110 (13.33 s)

Time = 0.001248

    Collision global reduction skipped (rank 0 local diagnostics)
    Collisions                      = 617013
    Collision candidates           = 1671884
    Collision acceptance rate      = 0.369052518

    Number of DSMC particles        = 8430458
    Number of stuck particles       = 0
    Number of free particles        = 8430458
    Average linear kinetic energy   = 4.418181583e-19
    Average rotational energy       = 5.229323506e-20
    Average vibrational energy      = 3.005130871e-20
    Average electronic energy       = 0
    Total energy                    = 44.18931645

Stage 1.0  ExecutionTime = 24614.7 s  ClockTime = 1809 s  Iteration 3120 (13.36 s)

Time = 0.001252

    Collision global reduction skipped (rank 0 local diagnostics)
    Collisions                      = 618274
    Collision candidates           = 1673214
    Collision acceptance rate      = 0.3695128059

    Number of DSMC particles        = 8437572
    Number of stuck particles       = 0
    Number of free particles        = 8437572
    Average linear kinetic energy   = 4.416485563e-19
    Average rotational energy       = 5.224237454e-20
    Average vibrational energy      = 3.003599386e-20
    Average electronic energy       = 0
    Total energy                    = 44.20671149

Stage 1.0  ExecutionTime = 24718.79 s  ClockTime = 1817 s  Iteration 3130 (13.38 s)

Time = 0.001256

    Collision global reduction skipped (rank 0 local diagnostics)
    Collisions                      = 617295
    Collision candidates           = 1674094
    Collision acceptance rate      = 0.3687337748

    Number of DSMC particles        = 8444866
    Number of stuck particles       = 0
    Number of free particles        = 8444866
    Average linear kinetic energy   = 4.413819729e-19
    Average rotational energy       = 5.222158912e-20
    Average vibrational energy      = 3.004898156e-20
    Average electronic energy       = 0
    Total energy                    = 44.22175562

Stage 1.0  ExecutionTime = 24822.98 s  ClockTime = 1825 s  Iteration 3140 (13.38 s)

Time = 0.00126

    Collision global reduction skipped (rank 0 local diagnostics)
    Collisions                      = 617352
    Collision candidates           = 1674423
    Collision acceptance rate      = 0.3686953655


Phase C auto DLB triggered (threshold) at step 3150: sar=0 loadImbalance=2.034979768 threshold=1.5 particleMaxMin=1
Phase C ParMETIS weights: particles=8452034 activeCells=104151 maxCellParticles=287
Phase C ParMETIS: alpha=1 ncon=1 ubvec=[1.05] moveRatio=0.7169310434 (moveT=668.9597394s, collT=264.128241s)
Phase C ParMETIS: AdaptiveRepart (104151 cells, 1 constraints, ubvec=1.05)
Replicated mesh: rank 0 owns 28115 / 104151 cells
Local mesh: 28115 owned + 193 halo = 28308 / 104151 cells
Phase C ParMETIS AdaptiveRepart: 0 / 104151 cells changed (0)
Phase C auto DLB complete: rebalance #58

    Number of DSMC particles        = 8452034
    Number of stuck particles       = 0
    Number of free particles        = 8452034
    Average linear kinetic energy   = 4.411723686e-19
    Average rotational energy       = 5.219476045e-20
    Average vibrational energy      = 3.00502101e-20
    Average electronic energy       = 0
    Total energy                    = 44.23941147

Stage 1.0  ExecutionTime = 24930.37 s  ClockTime = 1834 s  Iteration 3150 (16.69 s)

Time = 0.001264

    Collision global reduction skipped (rank 0 local diagnostics)
    Collisions                      = 617455
    Collision candidates           = 1676166
    Collision acceptance rate      = 0.3683734189

    Number of DSMC particles        = 8458663
    Number of stuck particles       = 0
    Number of free particles        = 8458663
    Average linear kinetic energy   = 4.408543259e-19
    Average rotational energy       = 5.224622195e-20
    Average vibrational energy      = 3.004464353e-20
    Average electronic energy       = 0
    Total energy                    = 44.25108874

Stage 1.0  ExecutionTime = 25034.6 s  ClockTime = 1842 s  Iteration 3160 (13.37 s)

Time = 0.001268

    Collision global reduction skipped (rank 0 local diagnostics)
    Collisions                      = 617721
    Collision candidates           = 1679227
    Collision acceptance rate      = 0.367860331

    Number of DSMC particles        = 8465899
    Number of stuck particles       = 0
    Number of free particles        = 8465899
    Average linear kinetic energy   = 4.406751849e-19
    Average rotational energy       = 5.221889753e-20
    Average vibrational energy      = 3.005278894e-20
    Average electronic energy       = 0
    Total energy                    = 44.27215395

Stage 1.0  ExecutionTime = 25138.81 s  ClockTime = 1850 s  Iteration 3170 (13.41 s)

Time = 0.001272

    Collision global reduction skipped (rank 0 local diagnostics)
    Collisions                      = 619042
    Collision candidates           = 1679712
    Collision acceptance rate      = 0.3685405593

    Number of DSMC particles        = 8472891
    Number of stuck particles       = 0
    Number of free particles        = 8472891
    Average linear kinetic energy   = 4.403895747e-19
    Average rotational energy       = 5.224598264e-20
    Average vibrational energy      = 3.006322418e-20
    Average electronic energy       = 0
    Total energy                    = 44.28769801

Stage 1.0  ExecutionTime = 25243.12 s  ClockTime = 1858 s  Iteration 3180 (13.42 s)

Time = 0.001276

    Collision global reduction skipped (rank 0 local diagnostics)
    Collisions                      = 618543
    Collision candidates           = 1681841
    Collision acceptance rate      = 0.3677773345

    Number of DSMC particles        = 8480032
    Number of stuck particles       = 0
    Number of free particles        = 8480032
    Average linear kinetic energy   = 4.401881538e-19
    Average rotational energy       = 5.22463423e-20
    Average vibrational energy      = 3.007090737e-20
    Average electronic energy       = 0
    Total energy                    = 44.30862541

Stage 1.0  ExecutionTime = 25347.37 s  ClockTime = 1866 s  Iteration 3190 (13.42 s)

Time = 0.00128

    Collision global reduction skipped (rank 0 local diagnostics)
    Collisions                      = 620319
    Collision candidates           = 1684539
    Collision acceptance rate      = 0.3682425874


Phase C auto DLB triggered (threshold) at step 3200: sar=0 loadImbalance=2.027335812 threshold=1.5 particleMaxMin=1
Phase C ParMETIS weights: particles=8486344 activeCells=104151 maxCellParticles=272
Phase C ParMETIS: alpha=1 ncon=1 ubvec=[1.05] moveRatio=0.7171720184 (moveT=684.8207105s, collT=270.0697383s)
Phase C ParMETIS: AdaptiveRepart (104151 cells, 1 constraints, ubvec=1.05)
Replicated mesh: rank 0 owns 28115 / 104151 cells
Local mesh: 28115 owned + 193 halo = 28308 / 104151 cells
Phase C ParMETIS AdaptiveRepart: 0 / 104151 cells changed (0)
Phase C auto DLB complete: rebalance #59

    Number of DSMC particles        = 8486344
    Number of stuck particles       = 0
    Number of free particles        = 8486344
    Average linear kinetic energy   = 4.399473393e-19
    Average rotational energy       = 5.224141744e-20
    Average vibrational energy      = 3.007506974e-20
    Average electronic energy       = 0
    Total energy                    = 44.3211049

Stage 1.0  ExecutionTime = 25455.14 s  ClockTime = 1875 s  Iteration 3200 (16.76 s)

Time = 0.001284

    Collision global reduction skipped (rank 0 local diagnostics)
    Collisions                      = 621838
    Collision candidates           = 1684636
    Collision acceptance rate      = 0.3691230628

    Number of DSMC particles        = 8493109
    Number of stuck particles       = 0
    Number of free particles        = 8493109
    Average linear kinetic energy   = 4.397116728e-19
    Average rotational energy       = 5.225850115e-20
    Average vibrational energy      = 3.007021191e-20
    Average electronic energy       = 0
    Total energy                    = 44.33745899

Stage 1.0  ExecutionTime = 25559.52 s  ClockTime = 1883 s  Iteration 3210 (13.46 s)

Time = 0.001288

    Collision global reduction skipped (rank 0 local diagnostics)
    Collisions                      = 621422
    Collision candidates           = 1684791
    Collision acceptance rate      = 0.3688421887

    Number of DSMC particles        = 8499594
    Number of stuck particles       = 0
    Number of free particles        = 8499594
    Average linear kinetic energy   = 4.395004668e-19
    Average rotational energy       = 5.22451579e-20
    Average vibrational energy      = 3.00795588e-20
    Average electronic energy       = 0
    Total energy                    = 44.35302199

Stage 1.0  ExecutionTime = 25663.93 s  ClockTime = 1892 s  Iteration 3220 (13.43 s)

Time = 0.001292

    Collision global reduction skipped (rank 0 local diagnostics)
    Collisions                      = 622048
    Collision candidates           = 1686942
    Collision acceptance rate      = 0.368742968

    Number of DSMC particles        = 8506280
    Number of stuck particles       = 0
    Number of free particles        = 8506280
    Average linear kinetic energy   = 4.393115611e-19
    Average rotational energy       = 5.224783161e-20
    Average vibrational energy      = 3.00888332e-20
    Average electronic energy       = 0
    Total energy                    = 44.37285871

Stage 1.0  ExecutionTime = 25768.38 s  ClockTime = 1900 s  Iteration 3230 (13.46 s)

Time = 0.001296

    Collision global reduction skipped (rank 0 local diagnostics)
    Collisions                      = 622600
    Collision candidates           = 1689964
    Collision acceptance rate      = 0.3684102147

    Number of DSMC particles        = 8513426
    Number of stuck particles       = 0
    Number of free particles        = 8513426
    Average linear kinetic energy   = 4.390652807e-19
    Average rotational energy       = 5.223084341e-20
    Average vibrational energy      = 3.009122081e-20
    Average electronic energy       = 0
    Total energy                    = 44.38792578

Stage 1.0  ExecutionTime = 25872.87 s  ClockTime = 1908 s  Iteration 3240 (13.51 s)

Time = 0.0013

    Collision global reduction skipped (rank 0 local diagnostics)
    Collisions                      = 624199
    Collision candidates           = 1692406
    Collision acceptance rate      = 0.3688234383


Phase C auto DLB triggered (threshold) at step 3250: sar=0 loadImbalance=2.020166688 threshold=1.5 particleMaxMin=1
Phase C ParMETIS weights: particles=8519736 activeCells=104151 maxCellParticles=277
Phase C ParMETIS: alpha=1 ncon=1 ubvec=[1.05] moveRatio=0.7174053969 (moveT=700.7566063s, collT=276.0364445s)
Phase C ParMETIS: AdaptiveRepart (104151 cells, 1 constraints, ubvec=1.05)
Replicated mesh: rank 0 owns 28115 / 104151 cells
Local mesh: 28115 owned + 193 halo = 28308 / 104151 cells
Phase C ParMETIS AdaptiveRepart: 0 / 104151 cells changed (0)
Phase C auto DLB complete: rebalance #60

    Number of DSMC particles        = 8519736
    Number of stuck particles       = 0
    Number of free particles        = 8519736
    Average linear kinetic energy   = 4.388749053e-19
    Average rotational energy       = 5.223417343e-20
    Average vibrational energy      = 3.009356834e-20
    Average electronic energy       = 0
    Total energy                    = 44.40508955

Stage 1.0  ExecutionTime = 25980.72 s  ClockTime = 1917 s  Iteration 3250 (16.79 s)

Time = 0.001304

    Collision global reduction skipped (rank 0 local diagnostics)
    Collisions                      = 624967
    Collision candidates           = 1695884
    Collision acceptance rate      = 0.3685198988

    Number of DSMC particles        = 8526013
    Number of stuck particles       = 0
    Number of free particles        = 8526013
    Average linear kinetic energy   = 4.386863914e-19
    Average rotational energy       = 5.222253675e-20
    Average vibrational energy      = 3.00988327e-20
    Average electronic energy       = 0
    Total energy                    = 44.42118942

Stage 1.0  ExecutionTime = 26085.35 s  ClockTime = 1925 s  Iteration 3260 (13.45 s)

Time = 0.001308

    Collision global reduction skipped (rank 0 local diagnostics)
    Collisions                      = 625865
    Collision candidates           = 1699779
    Collision acceptance rate      = 0.3682037488

    Number of DSMC particles        = 8532187
    Number of stuck particles       = 0
    Number of free particles        = 8532187
    Average linear kinetic energy   = 4.384682944e-19
    Average rotational energy       = 5.226253567e-20
    Average vibrational energy      = 3.009056349e-20
    Average electronic energy       = 0
    Total energy                    = 44.43745523

Stage 1.0  ExecutionTime = 26190.04 s  ClockTime = 1934 s  Iteration 3270 (13.5 s)

Time = 0.001312

    Collision global reduction skipped (rank 0 local diagnostics)
    Collisions                      = 625288
    Collision candidates           = 1697672
    Collision acceptance rate      = 0.3683208535

    Number of DSMC particles        = 8538599
    Number of stuck particles       = 0
    Number of free particles        = 8538599
    Average linear kinetic energy   = 4.382680002e-19
    Average rotational energy       = 5.224292953e-20
    Average vibrational energy      = 3.008244793e-20
    Average electronic energy       = 0
    Total energy                    = 44.45138094

Stage 1.0  ExecutionTime = 26294.75 s  ClockTime = 1942 s  Iteration 3280 (13.51 s)

Time = 0.001316

    Collision global reduction skipped (rank 0 local diagnostics)
    Collisions                      = 626178
    Collision candidates           = 1697339
    Collision acceptance rate      = 0.3689174643

    Number of DSMC particles        = 8544812
    Number of stuck particles       = 0
    Number of free particles        = 8544812
    Average linear kinetic energy   = 4.380419054e-19
    Average rotational energy       = 5.22439538e-20
    Average vibrational energy      = 3.008967852e-20
    Average electronic energy       = 0
    Total energy                    = 44.4651114

Stage 1.0  ExecutionTime = 26399.38 s  ClockTime = 1950 s  Iteration 3290 (13.51 s)

Time = 0.00132

    Collision global reduction skipped (rank 0 local diagnostics)
    Collisions                      = 625201
    Collision candidates           = 1698621
    Collision acceptance rate      = 0.3680638589


Phase C auto DLB triggered (threshold) at step 3300: sar=0 loadImbalance=2.013620543 threshold=1.5 particleMaxMin=1
Phase C ParMETIS weights: particles=8550554 activeCells=104151 maxCellParticles=290
Phase C ParMETIS: alpha=1 ncon=1 ubvec=[1.05] moveRatio=0.7176320584 (moveT=716.7876014s, collT=282.0356716s)
Phase C ParMETIS: AdaptiveRepart (104151 cells, 1 constraints, ubvec=1.05)
Replicated mesh: rank 0 owns 28115 / 104151 cells
Local mesh: 28115 owned + 193 halo = 28308 / 104151 cells
Phase C ParMETIS AdaptiveRepart: 0 / 104151 cells changed (0)
Phase C auto DLB complete: rebalance #61

    Number of DSMC particles        = 8550554
    Number of stuck particles       = 0
    Number of free particles        = 8550554
    Average linear kinetic energy   = 4.378208956e-19
    Average rotational energy       = 5.224569821e-20
    Average vibrational energy      = 3.009663828e-20
    Average electronic energy       = 0
    Total energy                    = 44.47683804

Stage 1.0  ExecutionTime = 26507.38 s  ClockTime = 1959 s  Iteration 3300 (16.82 s)

Time = 0.001324

    Collision global reduction skipped (rank 0 local diagnostics)
    Collisions                      = 625547
    Collision candidates           = 1697672
    Collision acceptance rate      = 0.3684734154

    Number of DSMC particles        = 8556806
    Number of stuck particles       = 0
    Number of free particles        = 8556806
    Average linear kinetic energy   = 4.376475204e-19
    Average rotational energy       = 5.223011448e-20
    Average vibrational energy      = 3.010581069e-20
    Average electronic energy       = 0
    Total energy                    = 44.49397467

Stage 1.0  ExecutionTime = 26612.17 s  ClockTime = 1968 s  Iteration 3310 (13.56 s)

Time = 0.001328

    Collision global reduction skipped (rank 0 local diagnostics)
    Collisions                      = 625010
    Collision candidates           = 1699020
    Collision acceptance rate      = 0.3678650045

    Number of DSMC particles        = 8563173
    Number of stuck particles       = 0
    Number of free particles        = 8563173
    Average linear kinetic energy   = 4.374034554e-19
    Average rotational energy       = 5.229304851e-20
    Average vibrational energy      = 3.008996697e-20
    Average electronic energy       = 0
    Total energy                    = 44.51021474

Stage 1.0  ExecutionTime = 26717.02 s  ClockTime = 1976 s  Iteration 3320 (13.49 s)

Time = 0.001332

    Collision global reduction skipped (rank 0 local diagnostics)
    Collisions                      = 624828
    Collision candidates           = 1700871
    Collision acceptance rate      = 0.3673576656

    Number of DSMC particles        = 8569437
    Number of stuck particles       = 0
    Number of free particles        = 8569437
    Average linear kinetic energy   = 4.371947009e-19
    Average rotational energy       = 5.228413552e-20
    Average vibrational energy      = 3.008972949e-20
    Average electronic energy       = 0
    Total energy                    = 44.52410092

Stage 1.0  ExecutionTime = 26821.84 s  ClockTime = 1984 s  Iteration 3330 (13.53 s)

Time = 0.001336

    Collision global reduction skipped (rank 0 local diagnostics)
    Collisions                      = 627627
    Collision candidates           = 1704500
    Collision acceptance rate      = 0.3682176591

    Number of DSMC particles        = 8575867
    Number of stuck particles       = 0
    Number of free particles        = 8575867
    Average linear kinetic energy   = 4.370016469e-19
    Average rotational energy       = 5.227733449e-20
    Average vibrational energy      = 3.009453933e-20
    Average electronic energy       = 0
    Total energy                    = 44.54078237

Stage 1.0  ExecutionTime = 26926.67 s  ClockTime = 1993 s  Iteration 3340 (13.51 s)

Time = 0.00134

    Collision global reduction skipped (rank 0 local diagnostics)
    Collisions                      = 628062
    Collision candidates           = 1706623
    Collision acceptance rate      = 0.3680144941


Phase C auto DLB triggered (threshold) at step 3350: sar=0 loadImbalance=2.010975964 threshold=1.5 particleMaxMin=1
Phase C ParMETIS weights: particles=8582119 activeCells=104151 maxCellParticles=289
Phase C ParMETIS: alpha=1 ncon=1 ubvec=[1.05] moveRatio=0.717871304 (moveT=732.9414083s, collT=288.0513577s)
Phase C ParMETIS: AdaptiveRepart (104151 cells, 1 constraints, ubvec=1.05)
Replicated mesh: rank 0 owns 28115 / 104151 cells
Local mesh: 28115 owned + 193 halo = 28308 / 104151 cells
Phase C ParMETIS AdaptiveRepart: 0 / 104151 cells changed (0)
Phase C auto DLB complete: rebalance #62

    Number of DSMC particles        = 8582119
    Number of stuck particles       = 0
    Number of free particles        = 8582119
    Average linear kinetic energy   = 4.367708934e-19
    Average rotational energy       = 5.229111958e-20
    Average vibrational energy      = 3.009809564e-20
    Average electronic energy       = 0
    Total energy                    = 44.55493832

Stage 1.0  ExecutionTime = 27034.9 s  ClockTime = 2002 s  Iteration 3350 (16.87 s)

Time = 0.001344

    Collision global reduction skipped (rank 0 local diagnostics)
    Collisions                      = 629387
    Collision candidates           = 1707780
    Collision acceptance rate      = 0.3685410299

    Number of DSMC particles        = 8588905
    Number of stuck particles       = 0
    Number of free particles        = 8588905
    Average linear kinetic energy   = 4.365730454e-19
    Average rotational energy       = 5.227361294e-20
    Average vibrational energy      = 3.010076691e-20
    Average electronic energy       = 0
    Total energy                    = 44.57190135

Stage 1.0  ExecutionTime = 27139.85 s  ClockTime = 2010 s  Iteration 3360 (13.55 s)

Time = 0.001348

    Collision global reduction skipped (rank 0 local diagnostics)
    Collisions                      = 628598
    Collision candidates           = 1707776
    Collision acceptance rate      = 0.3680798887

    Number of DSMC particles        = 8595073
    Number of stuck particles       = 0
    Number of free particles        = 8595073
    Average linear kinetic energy   = 4.36376213e-19
    Average rotational energy       = 5.230043859e-20
    Average vibrational energy      = 3.010914288e-20
    Average electronic energy       = 0
    Total energy                    = 44.59001775

Stage 1.0  ExecutionTime = 27244.86 s  ClockTime = 2019 s  Iteration 3370 (13.59 s)

Time = 0.001352

    Collision global reduction skipped (rank 0 local diagnostics)
    Collisions                      = 628545
    Collision candidates           = 1708548
    Collision acceptance rate      = 0.3678825529

    Number of DSMC particles        = 8600715
    Number of stuck particles       = 0
    Number of free particles        = 8600715
    Average linear kinetic energy   = 4.36143782e-19
    Average rotational energy       = 5.231931713e-20
    Average vibrational energy      = 3.009622122e-20
    Average electronic energy       = 0
    Total energy                    = 44.59980925

Stage 1.0  ExecutionTime = 27349.95 s  ClockTime = 2027 s  Iteration 3380 (13.62 s)

Time = 0.001356

    Collision global reduction skipped (rank 0 local diagnostics)
    Collisions                      = 631530
    Collision candidates           = 1711247
    Collision acceptance rate      = 0.369046666

    Number of DSMC particles        = 8606938
    Number of stuck particles       = 0
    Number of free particles        = 8606938
    Average linear kinetic energy   = 4.359982841e-19
    Average rotational energy       = 5.2289587e-20
    Average vibrational energy      = 3.009919615e-20
    Average electronic energy       = 0
    Total energy                    = 44.61725348

Stage 1.0  ExecutionTime = 27454.94 s  ClockTime = 2036 s  Iteration 3390 (13.53 s)

Time = 0.00136

    Collision global reduction skipped (rank 0 local diagnostics)
    Collisions                      = 630674
    Collision candidates           = 1711955
    Collision acceptance rate      = 0.368394029


Phase C auto DLB triggered (threshold) at step 3400: sar=0 loadImbalance=2.010482157 threshold=1.5 particleMaxMin=1
Phase C ParMETIS weights: particles=8613140 activeCells=104151 maxCellParticles=283
Phase C ParMETIS: alpha=1 ncon=1 ubvec=[1.05] moveRatio=0.7180894483 (moveT=749.115109s, collT=294.090735s)
Phase C ParMETIS: AdaptiveRepart (104151 cells, 1 constraints, ubvec=1.05)
Replicated mesh: rank 0 owns 28115 / 104151 cells
Local mesh: 28115 owned + 193 halo = 28308 / 104151 cells
Phase C ParMETIS AdaptiveRepart: 0 / 104151 cells changed (0)
Phase C auto DLB complete: rebalance #63

    Number of DSMC particles        = 8613140
    Number of stuck particles       = 0
    Number of free particles        = 8613140
    Average linear kinetic energy   = 4.357899135e-19
    Average rotational energy       = 5.229833847e-20
    Average vibrational energy      = 3.010691202e-20
    Average electronic energy       = 0
    Total energy                    = 44.63287495

Stage 1.0  ExecutionTime = 27563.38 s  ClockTime = 2045 s  Iteration 3400 (16.93 s)

Time = 0.001364

    Collision global reduction skipped (rank 0 local diagnostics)
    Collisions                      = 632367
    Collision candidates           = 1716532
    Collision acceptance rate      = 0.3683980258

    Number of DSMC particles        = 8619116
    Number of stuck particles       = 0
    Number of free particles        = 8619116
    Average linear kinetic energy   = 4.356235206e-19
    Average rotational energy       = 5.227156582e-20
    Average vibrational energy      = 3.010900802e-20
    Average electronic energy       = 0
    Total energy                    = 44.64737378

Stage 1.0  ExecutionTime = 27668.43 s  ClockTime = 2053 s  Iteration 3410 (13.61 s)

Time = 0.001368

    Collision global reduction skipped (rank 0 local diagnostics)
    Collisions                      = 633749
    Collision candidates           = 1719835
    Collision acceptance rate      = 0.3684940707

    Number of DSMC particles        = 8624942
    Number of stuck particles       = 0
    Number of free particles        = 8624942
    Average linear kinetic energy   = 4.354063964e-19
    Average rotational energy       = 5.224646399e-20
    Average vibrational energy      = 3.010813039e-20
    Average electronic energy       = 0
    Total energy                    = 44.65658516

Stage 1.0  ExecutionTime = 27773.45 s  ClockTime = 2062 s  Iteration 3420 (13.57 s)

Time = 0.001372

    Collision global reduction skipped (rank 0 local diagnostics)
    Collisions                      = 633767
    Collision candidates           = 1723494
    Collision acceptance rate      = 0.3677221969

    Number of DSMC particles        = 8630746
    Number of stuck particles       = 0
    Number of free particles        = 8630746
    Average linear kinetic energy   = 4.352196177e-19
    Average rotational energy       = 5.226573055e-20
    Average vibrational energy      = 3.010022412e-20
    Average electronic energy       = 0
    Total energy                    = 44.67149609

Stage 1.0  ExecutionTime = 27878.64 s  ClockTime = 2070 s  Iteration 3430 (13.59 s)

Time = 0.001376

    Collision global reduction skipped (rank 0 local diagnostics)
    Collisions                      = 635224
    Collision candidates           = 1724587
    Collision acceptance rate      = 0.3683339837

    Number of DSMC particles        = 8636217
    Number of stuck particles       = 0
    Number of free particles        = 8636217
    Average linear kinetic energy   = 4.349942826e-19
    Average rotational energy       = 5.228620758e-20
    Average vibrational energy      = 3.012185799e-20
    Average electronic energy       = 0
    Total energy                    = 44.68398955

Stage 1.0  ExecutionTime = 27983.93 s  ClockTime = 2079 s  Iteration 3440 (13.63 s)

Time = 0.00138

    Collision global reduction skipped (rank 0 local diagnostics)
    Collisions                      = 634460
    Collision candidates           = 1722535
    Collision acceptance rate      = 0.3683292357


Phase C auto DLB triggered (threshold) at step 3450: sar=0 loadImbalance=2.009143315 threshold=1.5 particleMaxMin=1
Phase C ParMETIS weights: particles=8642279 activeCells=104151 maxCellParticles=284
Phase C ParMETIS: alpha=1 ncon=1 ubvec=[1.05] moveRatio=0.7183059608 (moveT=765.4216338s, collT=300.1711297s)
Phase C ParMETIS: AdaptiveRepart (104151 cells, 1 constraints, ubvec=1.05)
Replicated mesh: rank 0 owns 28115 / 104151 cells
Local mesh: 28115 owned + 193 halo = 28308 / 104151 cells
Phase C ParMETIS AdaptiveRepart: 0 / 104151 cells changed (0)
Phase C auto DLB complete: rebalance #64

    Number of DSMC particles        = 8642279
    Number of stuck particles       = 0
    Number of free particles        = 8642279
    Average linear kinetic energy   = 4.348890169e-19
    Average rotational energy       = 5.220557682e-20
    Average vibrational energy      = 3.012650325e-20
    Average electronic energy       = 0
    Total energy                    = 44.69969025

Stage 1.0  ExecutionTime = 28092.59 s  ClockTime = 2088 s  Iteration 3450 (16.97 s)

Time = 0.001384

    Collision global reduction skipped (rank 0 local diagnostics)
    Collisions                      = 632935
    Collision candidates           = 1724067
    Collision acceptance rate      = 0.3671174032

    Number of DSMC particles        = 8648024
    Number of stuck particles       = 0
    Number of free particles        = 8648024
    Average linear kinetic energy   = 4.346814067e-19
    Average rotational energy       = 5.222477838e-20
    Average vibrational energy      = 3.013621387e-20
    Average electronic energy       = 0
    Total energy                    = 44.71395075

Stage 1.0  ExecutionTime = 28197.91 s  ClockTime = 2096 s  Iteration 3460 (13.6 s)

Time = 0.001388

    Collision global reduction skipped (rank 0 local diagnostics)
    Collisions                      = 634986
    Collision candidates           = 1724785
    Collision acceptance rate      = 0.3681537119

    Number of DSMC particles        = 8654415
    Number of stuck particles       = 0
    Number of free particles        = 8654415
    Average linear kinetic energy   = 4.344783501e-19
    Average rotational energy       = 5.22750744e-20
    Average vibrational energy      = 3.013860118e-20
    Average electronic energy       = 0
    Total energy                    = 44.73398101

Stage 1.0  ExecutionTime = 28303.19 s  ClockTime = 2105 s  Iteration 3470 (13.61 s)

Time = 0.001392

    Collision global reduction skipped (rank 0 local diagnostics)
    Collisions                      = 635436
    Collision candidates           = 1726368
    Collision acceptance rate      = 0.3680767948

    Number of DSMC particles        = 8660096
    Number of stuck particles       = 0
    Number of free particles        = 8660096
    Average linear kinetic energy   = 4.342589754e-19
    Average rotational energy       = 5.227461587e-20
    Average vibrational energy      = 3.012707903e-20
    Average electronic energy       = 0
    Total energy                    = 44.74331004

Stage 1.0  ExecutionTime = 28408.54 s  ClockTime = 2113 s  Iteration 3480 (13.65 s)

Time = 0.001396

    Collision global reduction skipped (rank 0 local diagnostics)
    Collisions                      = 635709
    Collision candidates           = 1727235
    Collision acceptance rate      = 0.3680500916

    Number of DSMC particles        = 8665376
    Number of stuck particles       = 0
    Number of free particles        = 8665376
    Average linear kinetic energy   = 4.340757122e-19
    Average rotational energy       = 5.23005603e-20
    Average vibrational energy      = 3.01405058e-20
    Average electronic energy       = 0
    Total energy                    = 44.75812095

Stage 1.0  ExecutionTime = 28513.95 s  ClockTime = 2122 s  Iteration 3490 (13.6 s)

Time = 0.0014

    Collision global reduction skipped (rank 0 local diagnostics)
    Collisions                      = 636189
    Collision candidates           = 1726930
    Collision acceptance rate      = 0.3683930443


Phase C auto DLB triggered (threshold) at step 3500: sar=0 loadImbalance=2.003468647 threshold=1.5 particleMaxMin=1
Phase C ParMETIS weights: particles=8671372 activeCells=104151 maxCellParticles=283
Phase C ParMETIS: alpha=1 ncon=1 ubvec=[1.05] moveRatio=0.7185121901 (moveT=781.7533451s, collT=306.2634706s)
Phase C ParMETIS: AdaptiveRepart (104151 cells, 1 constraints, ubvec=1.05)
Replicated mesh: rank 0 owns 28115 / 104151 cells
Local mesh: 28115 owned + 193 halo = 28308 / 104151 cells
Phase C ParMETIS AdaptiveRepart: 0 / 104151 cells changed (0)
Phase C auto DLB complete: rebalance #65

    Number of DSMC particles        = 8671372
    Number of stuck particles       = 0
    Number of free particles        = 8671372
    Average linear kinetic energy   = 4.339316102e-19
    Average rotational energy       = 5.227606094e-20
    Average vibrational energy      = 3.014331548e-20
    Average electronic energy       = 0
    Total energy                    = 44.77471487

Stage 1.0  ExecutionTime = 28622.67 s  ClockTime = 2131 s  Iteration 3500 (16.92 s)

Time = 0.001404

    Collision global reduction skipped (rank 0 local diagnostics)
    Collisions                      = 635738
    Collision candidates           = 1728725
    Collision acceptance rate      = 0.3677496421

    Number of DSMC particles        = 8677000
    Number of stuck particles       = 0
    Number of free particles        = 8677000
    Average linear kinetic energy   = 4.336944328e-19
    Average rotational energy       = 5.230667148e-20
    Average vibrational energy      = 3.014484431e-20
    Average electronic energy       = 0
    Total energy                    = 44.78598396

Stage 1.0  ExecutionTime = 28728.06 s  ClockTime = 2139 s  Iteration 3510 (13.66 s)

Time = 0.001408

    Collision global reduction skipped (rank 0 local diagnostics)
    Collisions                      = 636138
    Collision candidates           = 1729384
    Collision acceptance rate      = 0.3678408034

    Number of DSMC particles        = 8682659
    Number of stuck particles       = 0
    Number of free particles        = 8682659
    Average linear kinetic energy   = 4.335060218e-19
    Average rotational energy       = 5.231124922e-20
    Average vibrational energy      = 3.015955004e-20
    Average electronic energy       = 0
    Total energy                    = 44.80050789

Stage 1.0  ExecutionTime = 28833.55 s  ClockTime = 2148 s  Iteration 3520 (13.65 s)

Time = 0.001412

    Collision global reduction skipped (rank 0 local diagnostics)
    Collisions                      = 635303
    Collision candidates           = 1727495
    Collision acceptance rate      = 0.3677596751

    Number of DSMC particles        = 8687555
    Number of stuck particles       = 0
    Number of free particles        = 8687555
    Average linear kinetic energy   = 4.333134729e-19
    Average rotational energy       = 5.231984334e-20
    Average vibrational energy      = 3.015263184e-20
    Average electronic energy       = 0
    Total energy                    = 44.80918792

Stage 1.0  ExecutionTime = 28938.85 s  ClockTime = 2157 s  Iteration 3530 (13.63 s)

Time = 0.001416

    Collision global reduction skipped (rank 0 local diagnostics)
    Collisions                      = 634728
    Collision candidates           = 1729652
    Collision acceptance rate      = 0.3669686157

    Number of DSMC particles        = 8693613
    Number of stuck particles       = 0
    Number of free particles        = 8693613
    Average linear kinetic energy   = 4.331460427e-19
    Average rotational energy       = 5.231464873e-20
    Average vibrational energy      = 3.014070556e-20
    Average electronic energy       = 0
    Total energy                    = 44.82439008

Stage 1.0  ExecutionTime = 29044.19 s  ClockTime = 2165 s  Iteration 3540 (13.61 s)

Time = 0.00142

    Collision global reduction skipped (rank 0 local diagnostics)
    Collisions                      = 637126
    Collision candidates           = 1730557
    Collision acceptance rate      = 0.3681623893


Phase C auto DLB triggered (threshold) at step 3550: sar=0 loadImbalance=2.000481377 threshold=1.5 particleMaxMin=1
Phase C ParMETIS weights: particles=8699038 activeCells=104151 maxCellParticles=287
Phase C ParMETIS: alpha=1 ncon=1 ubvec=[1.05] moveRatio=0.7187282149 (moveT=798.1705865s, collT=312.3612807s)
Phase C ParMETIS: AdaptiveRepart (104151 cells, 1 constraints, ubvec=1.05)
Replicated mesh: rank 0 owns 28115 / 104151 cells
Local mesh: 28115 owned + 193 halo = 28308 / 104151 cells
Phase C ParMETIS AdaptiveRepart: 0 / 104151 cells changed (0)
Phase C auto DLB complete: rebalance #66

    Number of DSMC particles        = 8699038
    Number of stuck particles       = 0
    Number of free particles        = 8699038
    Average linear kinetic energy   = 4.329542134e-19
    Average rotational energy       = 5.232613753e-20
    Average vibrational energy      = 3.014766541e-20
    Average electronic energy       = 0
    Total energy                    = 44.837279

Stage 1.0  ExecutionTime = 29152.97 s  ClockTime = 2174 s  Iteration 3550 (16.95 s)

Time = 0.001424

    Collision global reduction skipped (rank 0 local diagnostics)
    Collisions                      = 638348
    Collision candidates           = 1732600
    Collision acceptance rate      = 0.368433568

    Number of DSMC particles        = 8704642
    Number of stuck particles       = 0
    Number of free particles        = 8704642
    Average linear kinetic energy   = 4.328233343e-19
    Average rotational energy       = 5.226341334e-20
    Average vibrational energy      = 3.015716443e-20
    Average electronic energy       = 0
    Total energy                    = 44.85013797

Stage 1.0  ExecutionTime = 29258.42 s  ClockTime = 2183 s  Iteration 3560 (13.66 s)

Time = 0.001428

    Collision global reduction skipped (rank 0 local diagnostics)
    Collisions                      = 637657
    Collision candidates           = 1734764
    Collision acceptance rate      = 0.3675756472

    Number of DSMC particles        = 8709719
    Number of stuck particles       = 0
    Number of free particles        = 8709719
    Average linear kinetic energy   = 4.326383632e-19
    Average rotational energy       = 5.222989964e-20
    Average vibrational energy      = 3.015908401e-20
    Average electronic energy       = 0
    Total energy                    = 44.85743469

Stage 1.0  ExecutionTime = 29364.08 s  ClockTime = 2192 s  Iteration 3570 (13.66 s)

Time = 0.001432

    Collision global reduction skipped (rank 0 local diagnostics)
    Collisions                      = 638807
    Collision candidates           = 1735495
    Collision acceptance rate      = 0.3680834575

    Number of DSMC particles        = 8715385
    Number of stuck particles       = 0
    Number of free particles        = 8715385
    Average linear kinetic energy   = 4.324392745e-19
    Average rotational energy       = 5.226883143e-20
    Average vibrational energy      = 3.017115395e-20
    Average electronic energy       = 0
    Total energy                    = 44.87370979

Stage 1.0  ExecutionTime = 29469.67 s  ClockTime = 2200 s  Iteration 3580 (13.64 s)

Time = 0.001436

    Collision global reduction skipped (rank 0 local diagnostics)
    Collisions                      = 638673
    Collision candidates           = 1735270
    Collision acceptance rate      = 0.3680539628

    Number of DSMC particles        = 8721136
    Number of stuck particles       = 0
    Number of free particles        = 8721136
    Average linear kinetic energy   = 4.322669696e-19
    Average rotational energy       = 5.22600776e-20
    Average vibrational energy      = 3.016746045e-20
    Average electronic energy       = 0
    Total energy                    = 44.887208

Stage 1.0  ExecutionTime = 29575.19 s  ClockTime = 2209 s  Iteration 3590 (13.64 s)

Time = 0.00144

    Collision global reduction skipped (rank 0 local diagnostics)
    Collisions                      = 638746
    Collision candidates           = 1736008
    Collision acceptance rate      = 0.3679395487


Phase C auto DLB triggered (threshold) at step 3600: sar=0 loadImbalance=1.996833443 threshold=1.5 particleMaxMin=1
Phase C ParMETIS weights: particles=8726687 activeCells=104151 maxCellParticles=288
Phase C ParMETIS: alpha=1 ncon=1 ubvec=[1.05] moveRatio=0.7189286687 (moveT=814.6003601s, collT=318.4749999s)
Phase C ParMETIS: AdaptiveRepart (104151 cells, 1 constraints, ubvec=1.05)
Replicated mesh: rank 0 owns 28115 / 104151 cells
Local mesh: 28115 owned + 193 halo = 28308 / 104151 cells
Phase C ParMETIS AdaptiveRepart: 0 / 104151 cells changed (0)
Phase C auto DLB complete: rebalance #67

    Number of DSMC particles        = 8726687
    Number of stuck particles       = 0
    Number of free particles        = 8726687
    Average linear kinetic energy   = 4.321047997e-19
    Average rotational energy       = 5.227011727e-20
    Average vibrational energy      = 3.01712148e-20
    Average electronic energy       = 0
    Total energy                    = 44.90283039

Stage 1.0  ExecutionTime = 29684.15 s  ClockTime = 2218 s  Iteration 3600 (17.03 s)

Time = 0.001444

    Collision global reduction skipped (rank 0 local diagnostics)
    Collisions                      = 639110
    Collision candidates           = 1739864
    Collision acceptance rate      = 0.3673333088

    Number of DSMC particles        = 8731938
    Number of stuck particles       = 0
    Number of free particles        = 8731938
    Average linear kinetic energy   = 4.319230857e-19
    Average rotational energy       = 5.227920694e-20
    Average vibrational energy      = 3.017383547e-20
    Average electronic energy       = 0
    Total energy                    = 44.9150046

Stage 1.0  ExecutionTime = 29789.77 s  ClockTime = 2227 s  Iteration 3610 (13.6 s)

Time = 0.001448

    Collision global reduction skipped (rank 0 local diagnostics)
    Collisions                      = 640028
    Collision candidates           = 1740831
    Collision acceptance rate      = 0.3676565962

    Number of DSMC particles        = 8737292
    Number of stuck particles       = 0
    Number of free particles        = 8737292
    Average linear kinetic energy   = 4.317858182e-19
    Average rotational energy       = 5.224675767e-20
    Average vibrational energy      = 3.017391655e-20
    Average electronic energy       = 0
    Total energy                    = 44.92772272

Stage 1.0  ExecutionTime = 29895.36 s  ClockTime = 2235 s  Iteration 3620 (13.64 s)

Time = 0.001452

    Collision global reduction skipped (rank 0 local diagnostics)
    Collisions                      = 641141
    Collision candidates           = 1742768
    Collision acceptance rate      = 0.3678866034

    Number of DSMC particles        = 8742648
    Number of stuck particles       = 0
    Number of free particles        = 8742648
    Average linear kinetic energy   = 4.31562601e-19
    Average rotational energy       = 5.226696667e-20
    Average vibrational energy      = 3.018236859e-20
    Average electronic energy       = 0
    Total energy                    = 44.93825427

Stage 1.0  ExecutionTime = 30001.13 s  ClockTime = 2244 s  Iteration 3630 (13.69 s)

Time = 0.001456

    Collision global reduction skipped (rank 0 local diagnostics)
    Collisions                      = 639778
    Collision candidates           = 1743862
    Collision acceptance rate      = 0.3668742137

    Number of DSMC particles        = 8748020
    Number of stuck particles       = 0
    Number of free particles        = 8748020
    Average linear kinetic energy   = 4.31411015e-19
    Average rotational energy       = 5.225806635e-20
    Average vibrational energy      = 3.019146951e-20
    Average electronic energy       = 0
    Total energy                    = 44.95262376

Stage 1.0  ExecutionTime = 30106.86 s  ClockTime = 2253 s  Iteration 3640 (13.66 s)

Time = 0.00146

    Collision global reduction skipped (rank 0 local diagnostics)
    Collisions                      = 640261
    Collision candidates           = 1744476
    Collision acceptance rate      = 0.3670219596


Phase C auto DLB triggered (threshold) at step 3650: sar=0 loadImbalance=1.995215078 threshold=1.5 particleMaxMin=1
Phase C ParMETIS weights: particles=8753548 activeCells=104151 maxCellParticles=300
Phase C ParMETIS: alpha=1 ncon=1 ubvec=[1.05] moveRatio=0.7191370228 (moveT=831.1480445s, collT=324.6095067s)
Phase C ParMETIS: AdaptiveRepart (104151 cells, 1 constraints, ubvec=1.05)
Replicated mesh: rank 0 owns 28115 / 104151 cells
Local mesh: 28115 owned + 193 halo = 28308 / 104151 cells
Phase C ParMETIS AdaptiveRepart: 0 / 104151 cells changed (0)
Phase C auto DLB complete: rebalance #68

    Number of DSMC particles        = 8753548
    Number of stuck particles       = 0
    Number of free particles        = 8753548
    Average linear kinetic energy   = 4.312717455e-19
    Average rotational energy       = 5.224673141e-20
    Average vibrational energy      = 3.019871379e-20
    Average electronic energy       = 0
    Total energy                    = 44.96848087

Stage 1.0  ExecutionTime = 30215.87 s  ClockTime = 2262 s  Iteration 3650 (16.97 s)

Time = 0.001464

    Collision global reduction skipped (rank 0 local diagnostics)
    Collisions                      = 639917
    Collision candidates           = 1744268
    Collision acceptance rate      = 0.3668685087

    Number of DSMC particles        = 8759090
    Number of stuck particles       = 0
    Number of free particles        = 8759090
    Average linear kinetic energy   = 4.311079721e-19
    Average rotational energy       = 5.228538769e-20
    Average vibrational energy      = 3.018822668e-20
    Average electronic energy       = 0
    Total energy                    = 44.98507338

Stage 1.0  ExecutionTime = 30321.59 s  ClockTime = 2270 s  Iteration 3660 (13.65 s)

Time = 0.001468

    Collision global reduction skipped (rank 0 local diagnostics)
    Collisions                      = 642712
    Collision candidates           = 1745908
    Collision acceptance rate      = 0.3681247809

    Number of DSMC particles        = 8764243
    Number of stuck particles       = 0
    Number of free particles        = 8764243
    Average linear kinetic energy   = 4.309971565e-19
    Average rotational energy       = 5.225482215e-20
    Average vibrational energy      = 3.0208282e-20
    Average electronic energy       = 0
    Total energy                    = 45.00090495

Stage 1.0  ExecutionTime = 30427.37 s  ClockTime = 2279 s  Iteration 3670 (13.69 s)

Time = 0.001472

    Collision global reduction skipped (rank 0 local diagnostics)
    Collisions                      = 642793
    Collision candidates           = 1746541
    Collision acceptance rate      = 0.3680377386

    Number of DSMC particles        = 8769227
    Number of stuck particles       = 0
    Number of free particles        = 8769227
    Average linear kinetic energy   = 4.308636607e-19
    Average rotational energy       = 5.225307969e-20
    Average vibrational energy      = 3.022456657e-20
    Average electronic energy       = 0
    Total energy                    = 45.0160645

Stage 1.0  ExecutionTime = 30533.14 s  ClockTime = 2288 s  Iteration 3680 (13.65 s)

Time = 0.001476

    Collision global reduction skipped (rank 0 local diagnostics)
    Collisions                      = 640986
    Collision candidates           = 1748103
    Collision acceptance rate      = 0.3666751902

    Number of DSMC particles        = 8774613
    Number of stuck particles       = 0
    Number of free particles        = 8774613
    Average linear kinetic energy   = 4.306276161e-19
    Average rotational energy       = 5.22745992e-20
    Average vibrational energy      = 3.022665989e-20
    Average electronic energy       = 0
    Total energy                    = 45.02507299

Stage 1.0  ExecutionTime = 30639.12 s  ClockTime = 2297 s  Iteration 3690 (13.74 s)

Time = 0.00148

    Collision global reduction skipped (rank 0 local diagnostics)
    Collisions                      = 644268
    Collision candidates           = 1750832
    Collision acceptance rate      = 0.3679781955


Phase C auto DLB triggered (threshold) at step 3700: sar=0 loadImbalance=1.993156654 threshold=1.5 particleMaxMin=1
Phase C ParMETIS weights: particles=8779180 activeCells=104150 maxCellParticles=304
Phase C ParMETIS: alpha=1 ncon=1 ubvec=[1.05] moveRatio=0.7193335078 (moveT=847.7215732s, collT=330.7604022s)
Phase C ParMETIS: AdaptiveRepart (104151 cells, 1 constraints, ubvec=1.05)
Replicated mesh: rank 0 owns 28115 / 104151 cells
Local mesh: 28115 owned + 193 halo = 28308 / 104151 cells
Phase C ParMETIS AdaptiveRepart: 0 / 104151 cells changed (0)
Phase C auto DLB complete: rebalance #69

    Number of DSMC particles        = 8779180
    Number of stuck particles       = 0
    Number of free particles        = 8779180
    Average linear kinetic energy   = 4.30482918e-19
    Average rotational energy       = 5.225526582e-20
    Average vibrational energy      = 3.022816494e-20
    Average electronic energy       = 0
    Total energy                    = 45.0342391

Stage 1.0  ExecutionTime = 30748.34 s  ClockTime = 2306 s  Iteration 3700 (17.05 s)

Time = 0.001484

    Collision global reduction skipped (rank 0 local diagnostics)
    Collisions                      = 643776
    Collision candidates           = 1750969
    Collision acceptance rate      = 0.3676684167

    Number of DSMC particles        = 8784577
    Number of stuck particles       = 0
    Number of free particles        = 8784577
    Average linear kinetic energy   = 4.302945303e-19
    Average rotational energy       = 5.224612803e-20
    Average vibrational energy      = 3.022678967e-20
    Average electronic energy       = 0
    Total energy                    = 45.0444513

Stage 1.0  ExecutionTime = 30854.19 s  ClockTime = 2314 s  Iteration 3710 (13.69 s)

Time = 0.001488

    Collision global reduction skipped (rank 0 local diagnostics)
    Collisions                      = 643418
    Collision candidates           = 1753958
    Collision acceptance rate      = 0.3668377464

    Number of DSMC particles        = 8789922
    Number of stuck particles       = 0
    Number of free particles        = 8789922
    Average linear kinetic energy   = 4.301189525e-19
    Average rotational energy       = 5.224939537e-20
    Average vibrational energy      = 3.021870578e-20
    Average electronic energy       = 0
    Total energy                    = 45.05600219

Stage 1.0  ExecutionTime = 30960.17 s  ClockTime = 2323 s  Iteration 3720 (13.69 s)

Time = 0.001492

    Collision global reduction skipped (rank 0 local diagnostics)
    Collisions                      = 646454
    Collision candidates           = 1758060
    Collision acceptance rate      = 0.3677087244

    Number of DSMC particles        = 8794989
    Number of stuck particles       = 0
    Number of free particles        = 8794989
    Average linear kinetic energy   = 4.300226163e-19
    Average rotational energy       = 5.220443764e-20
    Average vibrational energy      = 3.021448436e-20
    Average electronic energy       = 0
    Total energy                    = 45.06917692

Stage 1.0  ExecutionTime = 31066.09 s  ClockTime = 2332 s  Iteration 3730 (13.68 s)

Time = 0.001496

    Collision global reduction skipped (rank 0 local diagnostics)
    Collisions                      = 644956
    Collision candidates           = 1757657
    Collision acceptance rate      = 0.3669407626

    Number of DSMC particles        = 8799555
    Number of stuck particles       = 0
    Number of free particles        = 8799555
    Average linear kinetic energy   = 4.297947798e-19
    Average rotational energy       = 5.224127987e-20
    Average vibrational energy      = 3.022717247e-20
    Average electronic energy       = 0
    Total energy                    = 45.07688486

Stage 1.0  ExecutionTime = 31172.08 s  ClockTime = 2341 s  Iteration 3740 (13.66 s)

Time = 0.0015

    Collision global reduction skipped (rank 0 local diagnostics)
    Collisions                      = 645669
    Collision candidates           = 1757977
    Collision acceptance rate      = 0.3672795492


Phase C auto DLB triggered (threshold) at step 3750: sar=0 loadImbalance=1.99111139 threshold=1.5 particleMaxMin=1
Phase C ParMETIS weights: particles=8804539 activeCells=104151 maxCellParticles=294
Phase C ParMETIS: alpha=1 ncon=1 ubvec=[1.05] moveRatio=0.7195364953 (moveT=864.4157282s, collT=336.9350496s)
Phase C ParMETIS: AdaptiveRepart (104151 cells, 1 constraints, ubvec=1.05)
Replicated mesh: rank 0 owns 28115 / 104151 cells
Local mesh: 28115 owned + 193 halo = 28308 / 104151 cells
Phase C ParMETIS AdaptiveRepart: 0 / 104151 cells changed (0)
Phase C auto DLB complete: rebalance #70

    Number of DSMC particles        = 8804539
    Number of stuck particles       = 0
    Number of free particles        = 8804539
    Average linear kinetic energy   = 4.296325734e-19
    Average rotational energy       = 5.226434074e-20
    Average vibrational energy      = 3.024174891e-20
    Average electronic energy       = 0
    Total energy                    = 45.09144832
Replicated mesh: wrote gathered cloud on rank0 at output time 0.0015 with 8804539 parcels
Written cellOwner field at output time 0.0015
Replicated mesh output timing:
    gather parcels [s]       = 1.41
    rank0 write [s]           = 21.21
    migrate-back [s]          = 1.57


Stage 1.0  ExecutionTime = 31321.48 s  ClockTime = 2376 s  Iteration 3750 (57.12 s)

    Maximum imbalance = 7.506412318%

Time = 0.001504

    Collision global reduction skipped (rank 0 local diagnostics)
    Collisions                      = 646230
    Collision candidates           = 1759218
    Collision acceptance rate      = 0.3673393519

    Number of DSMC particles        = 8809252
    Number of stuck particles       = 0
    Number of free particles        = 8809252
    Average linear kinetic energy   = 4.295271231e-19
    Average rotational energy       = 5.223398268e-20
    Average vibrational energy      = 3.022972858e-20
    Average electronic energy       = 0
    Total energy                    = 45.10256282

Stage 1.0  ExecutionTime = 31427.11 s  ClockTime = 2384 s  Iteration 3760 (13.31 s)

Time = 0.001508

    Collision global reduction skipped (rank 0 local diagnostics)
    Collisions                      = 646553
    Collision candidates           = 1761343
    Collision acceptance rate      = 0.3670795524

    Number of DSMC particles        = 8813817
    Number of stuck particles       = 0
    Number of free particles        = 8813817
    Average linear kinetic energy   = 4.293663939e-19
    Average rotational energy       = 5.224836191e-20
    Average vibrational energy      = 3.022803655e-20
    Average electronic energy       = 0
    Total energy                    = 45.11288705

Stage 1.0  ExecutionTime = 31532.85 s  ClockTime = 2392 s  Iteration 3770 (13.3 s)

Time = 0.001512

    Collision global reduction skipped (rank 0 local diagnostics)
    Collisions                      = 646756
    Collision candidates           = 1762300
    Collision acceptance rate      = 0.3669954037

    Number of DSMC particles        = 8818464
    Number of stuck particles       = 0
    Number of free particles        = 8818464
    Average linear kinetic energy   = 4.291630051e-19
    Average rotational energy       = 5.226702328e-20
    Average vibrational energy      = 3.023318218e-20
    Average electronic energy       = 0
    Total energy                    = 45.12083603

Stage 1.0  ExecutionTime = 31638.96 s  ClockTime = 2401 s  Iteration 3780 (13.31 s)

Time = 0.001516

    Collision global reduction skipped (rank 0 local diagnostics)
    Collisions                      = 646753
    Collision candidates           = 1763045
    Collision acceptance rate      = 0.366838623

    Number of DSMC particles        = 8823534
    Number of stuck particles       = 0
    Number of free particles        = 8823534
    Average linear kinetic energy   = 4.289738247e-19
    Average rotational energy       = 5.22816469e-20
    Average vibrational energy      = 3.022644779e-20
    Average electronic energy       = 0
    Total energy                    = 45.13078106

Stage 1.0  ExecutionTime = 31744.91 s  ClockTime = 2409 s  Iteration 3790 (13.31 s)

Time = 0.00152

    Collision global reduction skipped (rank 0 local diagnostics)
    Collisions                      = 647547
    Collision candidates           = 1764023
    Collision acceptance rate      = 0.3670853498


Phase C auto DLB triggered (threshold) at step 3800: sar=0 loadImbalance=2.549027758 threshold=1.5 particleMaxMin=1
Phase C ParMETIS weights: particles=8828158 activeCells=104151 maxCellParticles=295
Phase C ParMETIS: alpha=1 ncon=1 ubvec=[1.05] moveRatio=0.7196836618 (moveT=881.041256s, collT=343.1650207s)
Phase C ParMETIS: AdaptiveRepart (104151 cells, 1 constraints, ubvec=1.05)
Replicated mesh: rank 0 owns 28115 / 104151 cells
Local mesh: 28115 owned + 193 halo = 28308 / 104151 cells
Phase C ParMETIS AdaptiveRepart: 0 / 104151 cells changed (0)
Phase C auto DLB complete: rebalance #71

    Number of DSMC particles        = 8828158
    Number of stuck particles       = 0
    Number of free particles        = 8828158
    Average linear kinetic energy   = 4.288563856e-19
    Average rotational energy       = 5.227903947e-20
    Average vibrational energy      = 3.022114439e-20
    Average electronic energy       = 0
    Total energy                    = 45.1433659

Stage 1.0  ExecutionTime = 31854.09 s  ClockTime = 2418 s  Iteration 3800 (16.61 s)

Time = 0.001524

    Collision global reduction skipped (rank 0 local diagnostics)
    Collisions                      = 648330
    Collision candidates           = 1763575
    Collision acceptance rate      = 0.3676225848

    Number of DSMC particles        = 8833147
    Number of stuck particles       = 0
    Number of free particles        = 8833147
    Average linear kinetic energy   = 4.287094865e-19
    Average rotational energy       = 5.227384083e-20
    Average vibrational energy      = 3.021528852e-20
    Average electronic energy       = 0
    Total energy                    = 45.1549252

Stage 1.0  ExecutionTime = 31959.97 s  ClockTime = 2426 s  Iteration 3810 (13.33 s)

Time = 0.001528

    Collision global reduction skipped (rank 0 local diagnostics)
    Collisions                      = 647317
    Collision candidates           = 1764675
    Collision acceptance rate      = 0.366819386

    Number of DSMC particles        = 8837636
    Number of stuck particles       = 0
    Number of free particles        = 8837636
    Average linear kinetic energy   = 4.285744924e-19
    Average rotational energy       = 5.227016064e-20
    Average vibrational energy      = 3.022477257e-20
    Average electronic energy       = 0
    Total energy                    = 45.16645554

Stage 1.0  ExecutionTime = 32065.82 s  ClockTime = 2435 s  Iteration 3820 (13.31 s)

Time = 0.001532

    Collision global reduction skipped (rank 0 local diagnostics)
    Collisions                      = 647041
    Collision candidates           = 1764421
    Collision acceptance rate      = 0.3667157668

    Number of DSMC particles        = 8842496
    Number of stuck particles       = 0
    Number of free particles        = 8842496
    Average linear kinetic energy   = 4.28422884e-19
    Average rotational energy       = 5.226857524e-20
    Average vibrational energy      = 3.021281258e-20
    Average electronic energy       = 0
    Total energy                    = 45.1766898

Stage 1.0  ExecutionTime = 32171.77 s  ClockTime = 2443 s  Iteration 3830 (13.32 s)

Time = 0.001536

    Collision global reduction skipped (rank 0 local diagnostics)
    Collisions                      = 647549
    Collision candidates           = 1766262
    Collision acceptance rate      = 0.3666211468

    Number of DSMC particles        = 8847470
    Number of stuck particles       = 0
    Number of free particles        = 8847470
    Average linear kinetic energy   = 4.283112809e-19
    Average rotational energy       = 5.225977583e-20
    Average vibrational energy      = 3.021484311e-20
    Average electronic energy       = 0
    Total energy                    = 45.19162925

Stage 1.0  ExecutionTime = 32277.71 s  ClockTime = 2451 s  Iteration 3840 (13.33 s)

Time = 0.00154

    Collision global reduction skipped (rank 0 local diagnostics)
    Collisions                      = 648733
    Collision candidates           = 1768416
    Collision acceptance rate      = 0.3668441136


Phase C auto DLB triggered (threshold) at step 3850: sar=0 loadImbalance=2.216895248 threshold=1.5 particleMaxMin=1
Phase C ParMETIS weights: particles=8851575 activeCells=104151 maxCellParticles=286
Phase C ParMETIS: alpha=1 ncon=1 ubvec=[1.05] moveRatio=0.7198883427 (moveT=897.9626964s, collT=349.401156s)
Phase C ParMETIS: AdaptiveRepart (104151 cells, 1 constraints, ubvec=1.05)
Replicated mesh: rank 0 owns 28115 / 104151 cells
Local mesh: 28115 owned + 193 halo = 28308 / 104151 cells
Phase C ParMETIS AdaptiveRepart: 0 / 104151 cells changed (0)
Phase C auto DLB complete: rebalance #72

    Number of DSMC particles        = 8851575
    Number of stuck particles       = 0
    Number of free particles        = 8851575
    Average linear kinetic energy   = 4.281647694e-19
    Average rotational energy       = 5.226759292e-20
    Average vibrational energy      = 3.02146621e-20
    Average electronic energy       = 0
    Total energy                    = 45.20030435

Stage 1.0  ExecutionTime = 32386.95 s  ClockTime = 2460 s  Iteration 3850 (16.64 s)

Time = 0.001544

    Collision global reduction skipped (rank 0 local diagnostics)
    Collisions                      = 648758
    Collision candidates           = 1769523
    Collision acceptance rate      = 0.3666287468

    Number of DSMC particles        = 8856419
    Number of stuck particles       = 0
    Number of free particles        = 8856419
    Average linear kinetic energy   = 4.280359012e-19
    Average rotational energy       = 5.225818508e-20
    Average vibrational energy      = 3.021745792e-20
    Average electronic energy       = 0
    Total energy                    = 45.2130414

Stage 1.0  ExecutionTime = 32492.85 s  ClockTime = 2469 s  Iteration 3860 (13.33 s)

Time = 0.001548

    Collision global reduction skipped (rank 0 local diagnostics)
    Collisions                      = 650113
    Collision candidates           = 1770464
    Collision acceptance rate      = 0.3671992201

    Number of DSMC particles        = 8861008
    Number of stuck particles       = 0
    Number of free particles        = 8861008
    Average linear kinetic energy   = 4.278984163e-19
    Average rotational energy       = 5.226185873e-20
    Average vibrational energy      = 3.022134553e-20
    Average electronic energy       = 0
    Total energy                    = 45.22495623

Stage 1.0  ExecutionTime = 32598.94 s  ClockTime = 2477 s  Iteration 3870 (13.36 s)

Time = 0.001552

    Collision global reduction skipped (rank 0 local diagnostics)
    Collisions                      = 650448
    Collision candidates           = 1771283
    Collision acceptance rate      = 0.3672185642

    Number of DSMC particles        = 8865782
    Number of stuck particles       = 0
    Number of free particles        = 8865782
    Average linear kinetic energy   = 4.277386817e-19
    Average rotational energy       = 5.226586762e-20
    Average vibrational energy      = 3.023849055e-20
    Average electronic energy       = 0
    Total energy                    = 45.23703559

Stage 1.0  ExecutionTime = 32704.9 s  ClockTime = 2485 s  Iteration 3880 (13.33 s)

Time = 0.001556

    Collision global reduction skipped (rank 0 local diagnostics)
    Collisions                      = 648024
    Collision candidates           = 1769169
    Collision acceptance rate      = 0.366287223

    Number of DSMC particles        = 8869862
    Number of stuck particles       = 0
    Number of free particles        = 8869862
    Average linear kinetic energy   = 4.276301866e-19
    Average rotational energy       = 5.223712908e-20
    Average vibrational energy      = 3.02297941e-20
    Average electronic energy       = 0
    Total energy                    = 45.24490971

Stage 1.0  ExecutionTime = 32810.97 s  ClockTime = 2494 s  Iteration 3890 (13.34 s)

Time = 0.00156

    Collision global reduction skipped (rank 0 local diagnostics)
    Collisions                      = 648650
    Collision candidates           = 1771021
    Collision acceptance rate      = 0.3662576559


Phase C auto DLB triggered (threshold) at step 3900: sar=0 loadImbalance=2.172703186 threshold=1.5 particleMaxMin=1
Phase C ParMETIS weights: particles=8874638 activeCells=104151 maxCellParticles=306
Phase C ParMETIS: alpha=1 ncon=1 ubvec=[1.05] moveRatio=0.7200825049 (moveT=914.9049644s, collT=355.6507818s)
Phase C ParMETIS: AdaptiveRepart (104151 cells, 1 constraints, ubvec=1.05)
Replicated mesh: rank 0 owns 28115 / 104151 cells
Local mesh: 28115 owned + 193 halo = 28308 / 104151 cells
Phase C ParMETIS AdaptiveRepart: 0 / 104151 cells changed (0)
Phase C auto DLB complete: rebalance #73

    Number of DSMC particles        = 8874638
    Number of stuck particles       = 0
    Number of free particles        = 8874638
    Average linear kinetic energy   = 4.274333555e-19
    Average rotational energy       = 5.227705397e-20
    Average vibrational energy      = 3.023464071e-20
    Average electronic energy       = 0
    Total energy                    = 45.2557772

Stage 1.0  ExecutionTime = 32920.23 s  ClockTime = 2503 s  Iteration 3900 (16.62 s)

Time = 0.001564

    Collision global reduction skipped (rank 0 local diagnostics)
    Collisions                      = 651145
    Collision candidates           = 1773936
    Collision acceptance rate      = 0.3670622841

    Number of DSMC particles        = 8878804
    Number of stuck particles       = 0
    Number of free particles        = 8878804
    Average linear kinetic energy   = 4.272819573e-19
    Average rotational energy       = 5.224116204e-20
    Average vibrational energy      = 3.023702629e-20
    Average electronic energy       = 0
    Total energy                    = 45.2606042

Stage 1.0  ExecutionTime = 33026.22 s  ClockTime = 2511 s  Iteration 3910 (13.35 s)

Time = 0.001568

    Collision global reduction skipped (rank 0 local diagnostics)
    Collisions                      = 652678
    Collision candidates           = 1776411
    Collision acceptance rate      = 0.3674138474

    Number of DSMC particles        = 8883763
    Number of stuck particles       = 0
    Number of free particles        = 8883763
    Average linear kinetic energy   = 4.271781365e-19
    Average rotational energy       = 5.221092398e-20
    Average vibrational energy      = 3.024508041e-20
    Average electronic energy       = 0
    Total energy                    = 45.27468924

Stage 1.0  ExecutionTime = 33132.24 s  ClockTime = 2519 s  Iteration 3920 (13.36 s)

Time = 0.001572

    Collision global reduction skipped (rank 0 local diagnostics)
    Collisions                      = 651197
    Collision candidates           = 1778435
    Collision acceptance rate      = 0.3661629466

    Number of DSMC particles        = 8888281
    Number of stuck particles       = 0
    Number of free particles        = 8888281
    Average linear kinetic energy   = 4.269890642e-19
    Average rotational energy       = 5.225081944e-20
    Average vibrational energy      = 3.02428253e-20
    Average electronic energy       = 0
    Total energy                    = 45.28425482

Stage 1.0  ExecutionTime = 33238.39 s  ClockTime = 2528 s  Iteration 3930 (13.34 s)

Time = 0.001576

    Collision global reduction skipped (rank 0 local diagnostics)
    Collisions                      = 651952
    Collision candidates           = 1779453
    Collision acceptance rate      = 0.3663777577

    Number of DSMC particles        = 8892438
    Number of stuck particles       = 0
    Number of free particles        = 8892438
    Average linear kinetic energy   = 4.26866753e-19
    Average rotational energy       = 5.226754192e-20
    Average vibrational energy      = 3.023098405e-20
    Average electronic energy       = 0
    Total energy                    = 45.29499162

Stage 1.0  ExecutionTime = 33344.56 s  ClockTime = 2536 s  Iteration 3940 (13.37 s)

Time = 0.00158

    Collision global reduction skipped (rank 0 local diagnostics)
    Collisions                      = 652052
    Collision candidates           = 1781104
    Collision acceptance rate      = 0.3660942876


Phase C auto DLB triggered (threshold) at step 3950: sar=0 loadImbalance=2.1322578 threshold=1.5 particleMaxMin=1
Phase C ParMETIS weights: particles=8896921 activeCells=104151 maxCellParticles=285
Phase C ParMETIS: alpha=1 ncon=1 ubvec=[1.05] moveRatio=0.7202669572 (moveT=931.8784352s, collT=361.9174635s)
Phase C ParMETIS: AdaptiveRepart (104151 cells, 1 constraints, ubvec=1.05)
Replicated mesh: rank 0 owns 28115 / 104151 cells
Local mesh: 28115 owned + 193 halo = 28308 / 104151 cells
Phase C ParMETIS AdaptiveRepart: 0 / 104151 cells changed (0)
Phase C auto DLB complete: rebalance #74

    Number of DSMC particles        = 8896921
    Number of stuck particles       = 0
    Number of free particles        = 8896921
    Average linear kinetic energy   = 4.267463944e-19
    Average rotational energy       = 5.224695445e-20
    Average vibrational energy      = 3.022967245e-20
    Average electronic energy       = 0
    Total energy                    = 45.30516992

Stage 1.0  ExecutionTime = 33453.94 s  ClockTime = 2545 s  Iteration 3950 (16.63 s)

Time = 0.001584

    Collision global reduction skipped (rank 0 local diagnostics)
    Collisions                      = 654120
    Collision candidates           = 1783334
    Collision acceptance rate      = 0.3667961246

    Number of DSMC particles        = 8901176
    Number of stuck particles       = 0
    Number of free particles        = 8901176
    Average linear kinetic energy   = 4.266395904e-19
    Average rotational energy       = 5.223348312e-20
    Average vibrational energy      = 3.023427519e-20
    Average electronic energy       = 0
    Total energy                    = 45.31654114

Stage 1.0  ExecutionTime = 33560.2 s  ClockTime = 2554 s  Iteration 3960 (13.42 s)

Time = 0.001588

    Collision global reduction skipped (rank 0 local diagnostics)
    Collisions                      = 654123
    Collision candidates           = 1785475
    Collision acceptance rate      = 0.366357972

    Number of DSMC particles        = 8905647
    Number of stuck particles       = 0
    Number of free particles        = 8905647
    Average linear kinetic energy   = 4.264659559e-19
    Average rotational energy       = 5.222728642e-20
    Average vibrational energy      = 3.025912755e-20
    Average electronic energy       = 0
    Total energy                    = 45.32550146

Stage 1.0  ExecutionTime = 33666.44 s  ClockTime = 2562 s  Iteration 3970 (13.4 s)

Time = 0.001592

    Collision global reduction skipped (rank 0 local diagnostics)
    Collisions                      = 654298
    Collision candidates           = 1784550
    Collision acceptance rate      = 0.3666459331

    Number of DSMC particles        = 8910151
    Number of stuck particles       = 0
    Number of free particles        = 8910151
    Average linear kinetic energy   = 4.263268759e-19
    Average rotational energy       = 5.223940144e-20
    Average vibrational energy      = 3.026150062e-20
    Average electronic energy       = 0
    Total energy                    = 45.33732335

Stage 1.0  ExecutionTime = 33772.65 s  ClockTime = 2571 s  Iteration 3980 (13.39 s)

Time = 0.001596

    Collision global reduction skipped (rank 0 local diagnostics)
    Collisions                      = 654304
    Collision candidates           = 1786138
    Collision acceptance rate      = 0.3663233188

    Number of DSMC particles        = 8914775
    Number of stuck particles       = 0
    Number of free particles        = 8914775
    Average linear kinetic energy   = 4.262426147e-19
    Average rotational energy       = 5.21920605e-20
    Average vibrational energy      = 3.025838856e-20
    Average electronic energy       = 0
    Total energy                    = 45.34884207

Stage 1.0  ExecutionTime = 33878.97 s  ClockTime = 2579 s  Iteration 3990 (13.36 s)

Time = 0.0016

    Collision global reduction skipped (rank 0 local diagnostics)
    Collisions                      = 654553
    Collision candidates           = 1785836
    Collision acceptance rate      = 0.3665246977


Phase C auto DLB triggered (threshold) at step 4000: sar=0 loadImbalance=2.094006815 threshold=1.5 particleMaxMin=1
Phase C ParMETIS weights: particles=8919428 activeCells=104151 maxCellParticles=289
Phase C ParMETIS: alpha=1 ncon=1 ubvec=[1.05] moveRatio=0.7204542198 (moveT=948.9490662s, collT=368.2048071s)
Phase C ParMETIS: AdaptiveRepart (104151 cells, 1 constraints, ubvec=1.05)
Replicated mesh: rank 0 owns 28115 / 104151 cells
Local mesh: 28115 owned + 193 halo = 28308 / 104151 cells
Phase C ParMETIS AdaptiveRepart: 0 / 104151 cells changed (0)
Phase C auto DLB complete: rebalance #75

    Number of DSMC particles        = 8919428
    Number of stuck particles       = 0
    Number of free particles        = 8919428
    Average linear kinetic energy   = 4.26134996e-19
    Average rotational energy       = 5.218218933e-20
    Average vibrational energy      = 3.02518399e-20
    Average electronic energy       = 0
    Total energy                    = 45.36144804

Stage 1.0  ExecutionTime = 33988.57 s  ClockTime = 2588 s  Iteration 4000 (16.59 s)

Time = 0.001604

    Collision global reduction skipped (rank 0 local diagnostics)
    Collisions                      = 653579
    Collision candidates           = 1785400
    Collision acceptance rate      = 0.3660686681

    Number of DSMC particles        = 8923690
    Number of stuck particles       = 0
    Number of free particles        = 8923690
    Average linear kinetic energy   = 4.259874793e-19
    Average rotational energy       = 5.220731991e-20
    Average vibrational energy      = 3.026484915e-20
    Average electronic energy       = 0
    Total energy                    = 45.3733628

Stage 1.0  ExecutionTime = 34094.77 s  ClockTime = 2596 s  Iteration 4010 (13.35 s)

Time = 0.001608

    Collision global reduction skipped (rank 0 local diagnostics)
    Collisions                      = 654213
    Collision candidates           = 1784677
    Collision acceptance rate      = 0.3665722145

    Number of DSMC particles        = 8928169
    Number of stuck particles       = 0
    Number of free particles        = 8928169
    Average linear kinetic energy   = 4.258521881e-19
    Average rotational energy       = 5.220081946e-20
    Average vibrational energy      = 3.028937246e-20
    Average electronic energy       = 0
    Total energy                    = 45.38566679

Stage 1.0  ExecutionTime = 34201.06 s  ClockTime = 2605 s  Iteration 4020 (13.45 s)

Time = 0.001612

    Collision global reduction skipped (rank 0 local diagnostics)
    Collisions                      = 652330
    Collision candidates           = 1781718
    Collision acceptance rate      = 0.3661241566

    Number of DSMC particles        = 8932428
    Number of stuck particles       = 0
    Number of free particles        = 8932428
    Average linear kinetic energy   = 4.257235463e-19
    Average rotational energy       = 5.217190168e-20
    Average vibrational energy      = 3.028968265e-20
    Average electronic energy       = 0
    Total energy                    = 45.3932709

Stage 1.0  ExecutionTime = 34307.35 s  ClockTime = 2613 s  Iteration 4030 (13.43 s)

Time = 0.001616

    Collision global reduction skipped (rank 0 local diagnostics)
    Collisions                      = 652907
    Collision candidates           = 1782962
    Collision acceptance rate      = 0.3661923249

    Number of DSMC particles        = 8936441
    Number of stuck particles       = 0
    Number of free particles        = 8936441
    Average linear kinetic energy   = 4.255900275e-19
    Average rotational energy       = 5.21889068e-20
    Average vibrational energy      = 3.028399201e-20
    Average electronic energy       = 0
    Total energy                    = 45.40274365

Stage 1.0  ExecutionTime = 34413.56 s  ClockTime = 2622 s  Iteration 4040 (13.36 s)

Time = 0.00162

    Collision global reduction skipped (rank 0 local diagnostics)
    Collisions                      = 654066
    Collision candidates           = 1784928
    Collision acceptance rate      = 0.3664383101


Phase C auto DLB triggered (threshold) at step 4050: sar=0 loadImbalance=2.064070761 threshold=1.5 particleMaxMin=1
Phase C ParMETIS weights: particles=8940429 activeCells=104151 maxCellParticles=281
Phase C ParMETIS: alpha=1 ncon=1 ubvec=[1.05] moveRatio=0.720639165 (moveT=966.0219128s, collT=374.485181s)
Phase C ParMETIS: AdaptiveRepart (104151 cells, 1 constraints, ubvec=1.05)
Replicated mesh: rank 0 owns 28115 / 104151 cells
Local mesh: 28115 owned + 193 halo = 28308 / 104151 cells
Phase C ParMETIS AdaptiveRepart: 0 / 104151 cells changed (0)
Phase C auto DLB complete: rebalance #76

    Number of DSMC particles        = 8940429
    Number of stuck particles       = 0
    Number of free particles        = 8940429
    Average linear kinetic energy   = 4.255190744e-19
    Average rotational energy       = 5.216895758e-20
    Average vibrational energy      = 3.027069493e-20
    Average electronic energy       = 0
    Total energy                    = 45.41368933

Stage 1.0  ExecutionTime = 34523.28 s  ClockTime = 2631 s  Iteration 4050 (16.68 s)

Time = 0.001624

    Collision global reduction skipped (rank 0 local diagnostics)
    Collisions                      = 655195
    Collision candidates           = 1786392
    Collision acceptance rate      = 0.3667700034

    Number of DSMC particles        = 8944544
    Number of stuck particles       = 0
    Number of free particles        = 8944544
    Average linear kinetic energy   = 4.254339074e-19
    Average rotational energy       = 5.21672066e-20
    Average vibrational energy      = 3.026221272e-20
    Average electronic energy       = 0
    Total energy                    = 45.42605872

Stage 1.0  ExecutionTime = 34629.68 s  ClockTime = 2639 s  Iteration 4060 (13.38 s)

Time = 0.001628

    Collision global reduction skipped (rank 0 local diagnostics)
    Collisions                      = 655339
    Collision candidates           = 1786829
    Collision acceptance rate      = 0.3667608932

    Number of DSMC particles        = 8947825
    Number of stuck particles       = 0
    Number of free particles        = 8947825
    Average linear kinetic energy   = 4.252651482e-19
    Average rotational energy       = 5.221818017e-20
    Average vibrational energy      = 3.026905416e-20
    Average electronic energy       = 0
    Total energy                    = 45.43279463

Stage 1.0  ExecutionTime = 34735.92 s  ClockTime = 2648 s  Iteration 4070 (13.36 s)

Time = 0.001632

    Collision global reduction skipped (rank 0 local diagnostics)
    Collisions                      = 654690
    Collision candidates           = 1786778
    Collision acceptance rate      = 0.366408138

    Number of DSMC particles        = 8951778
    Number of stuck particles       = 0
    Number of free particles        = 8951778
    Average linear kinetic energy   = 4.251292804e-19
    Average rotational energy       = 5.219475568e-20
    Average vibrational energy      = 3.028184636e-20
    Average electronic energy       = 0
    Total energy                    = 45.43975171

Stage 1.0  ExecutionTime = 34842.28 s  ClockTime = 2656 s  Iteration 4080 (13.38 s)

Time = 0.001636

    Collision global reduction skipped (rank 0 local diagnostics)
    Collisions                      = 655124
    Collision candidates           = 1787110
    Collision acceptance rate      = 0.3665829188

    Number of DSMC particles        = 8955836
    Number of stuck particles       = 0
    Number of free particles        = 8955836
    Average linear kinetic energy   = 4.250075341e-19
    Average rotational energy       = 5.220155302e-20
    Average vibrational energy      = 3.027408774e-20
    Average electronic energy       = 0
    Total energy                    = 45.44936087

Stage 1.0  ExecutionTime = 34948.69 s  ClockTime = 2665 s  Iteration 4090 (13.38 s)

Time = 0.00164

    Collision global reduction skipped (rank 0 local diagnostics)
    Collisions                      = 656475
    Collision candidates           = 1788372
    Collision acceptance rate      = 0.367079668


Phase C auto DLB triggered (threshold) at step 4100: sar=0 loadImbalance=2.037499399 threshold=1.5 particleMaxMin=1
Phase C ParMETIS weights: particles=8959962 activeCells=104151 maxCellParticles=293
Phase C ParMETIS: alpha=1 ncon=1 ubvec=[1.05] moveRatio=0.7208227201 (moveT=983.1376185s, collT=380.7728009s)
Phase C ParMETIS: AdaptiveRepart (104151 cells, 1 constraints, ubvec=1.05)
Replicated mesh: rank 0 owns 28115 / 104151 cells
Local mesh: 28115 owned + 193 halo = 28308 / 104151 cells
Phase C ParMETIS AdaptiveRepart: 0 / 104151 cells changed (0)
Phase C auto DLB complete: rebalance #77

    Number of DSMC particles        = 8959962
    Number of stuck particles       = 0
    Number of free particles        = 8959962
    Average linear kinetic energy   = 4.249216001e-19
    Average rotational energy       = 5.219622468e-20
    Average vibrational energy      = 3.026662835e-20
    Average electronic energy       = 0
    Total energy                    = 45.4614542

Stage 1.0  ExecutionTime = 35058.34 s  ClockTime = 2674 s  Iteration 4100 (16.7 s)

Time = 0.001644

    Collision global reduction skipped (rank 0 local diagnostics)
    Collisions                      = 657029
    Collision candidates           = 1792168
    Collision acceptance rate      = 0.3666112775

    Number of DSMC particles        = 8963908
    Number of stuck particles       = 0
    Number of free particles        = 8963908
    Average linear kinetic energy   = 4.248163551e-19
    Average rotational energy       = 5.22101019e-20
    Average vibrational energy      = 3.027408392e-20
    Average electronic energy       = 0
    Total energy                    = 45.47395377

Stage 1.0  ExecutionTime = 35164.86 s  ClockTime = 2682 s  Iteration 4110 (13.41 s)

Time = 0.001648

    Collision global reduction skipped (rank 0 local diagnostics)
    Collisions                      = 656734
    Collision candidates           = 1793674
    Collision acceptance rate      = 0.3661389974

    Number of DSMC particles        = 8967371
    Number of stuck particles       = 0
    Number of free particles        = 8967371
    Average linear kinetic energy   = 4.247306729e-19
    Average rotational energy       = 5.219111792e-20
    Average vibrational energy      = 3.027867744e-20
    Average electronic energy       = 0
    Total energy                    = 45.4825477

Stage 1.0  ExecutionTime = 35271.36 s  ClockTime = 2691 s  Iteration 4120 (13.38 s)

Time = 0.001652

    Collision global reduction skipped (rank 0 local diagnostics)
    Collisions                      = 657370
    Collision candidates           = 1793886
    Collision acceptance rate      = 0.366450265

    Number of DSMC particles        = 8971697
    Number of stuck particles       = 0
    Number of free particles        = 8971697
    Average linear kinetic energy   = 4.245734524e-19
    Average rotational energy       = 5.219913987e-20
    Average vibrational energy      = 3.028428451e-20
    Average electronic energy       = 0
    Total energy                    = 45.4916066

Stage 1.0  ExecutionTime = 35377.82 s  ClockTime = 2699 s  Iteration 4130 (13.39 s)

Time = 0.001656

    Collision global reduction skipped (rank 0 local diagnostics)
    Collisions                      = 656999
    Collision candidates           = 1793063
    Collision acceptance rate      = 0.3664115539

    Number of DSMC particles        = 8975972
    Number of stuck particles       = 0
    Number of free particles        = 8975972
    Average linear kinetic energy   = 4.244472638e-19
    Average rotational energy       = 5.222777568e-20
    Average vibrational energy      = 3.028190326e-20
    Average electronic energy       = 0
    Total energy                    = 45.50431323

Stage 1.0  ExecutionTime = 35484.34 s  ClockTime = 2708 s  Iteration 4140 (13.4 s)

Time = 0.00166

    Collision global reduction skipped (rank 0 local diagnostics)
    Collisions                      = 656229
    Collision candidates           = 1794471
    Collision acceptance rate      = 0.3656949597


Phase C auto DLB triggered (threshold) at step 4150: sar=0 loadImbalance=2.020481075 threshold=1.5 particleMaxMin=1
Phase C ParMETIS weights: particles=8980001 activeCells=104151 maxCellParticles=290
Phase C ParMETIS: alpha=1 ncon=1 ubvec=[1.05] moveRatio=0.7210093766 (moveT=1000.337865s, collT=387.0752499s)
Phase C ParMETIS: AdaptiveRepart (104151 cells, 1 constraints, ubvec=1.05)
Replicated mesh: rank 0 owns 28115 / 104151 cells
Local mesh: 28115 owned + 193 halo = 28308 / 104151 cells
Phase C ParMETIS AdaptiveRepart: 0 / 104151 cells changed (0)
Phase C auto DLB complete: rebalance #78

    Number of DSMC particles        = 8980001
    Number of stuck particles       = 0
    Number of free particles        = 8980001
    Average linear kinetic energy   = 4.242962571e-19
    Average rotational energy       = 5.224254904e-20
    Average vibrational energy      = 3.028911642e-20
    Average electronic energy       = 0
    Total energy                    = 45.51315251

Stage 1.0  ExecutionTime = 35594.27 s  ClockTime = 2717 s  Iteration 4150 (16.77 s)

Time = 0.001664

    Collision global reduction skipped (rank 0 local diagnostics)
    Collisions                      = 658062
    Collision candidates           = 1794710
    Collision acceptance rate      = 0.3666675953

    Number of DSMC particles        = 8984124
    Number of stuck particles       = 0
    Number of free particles        = 8984124
    Average linear kinetic energy   = 4.24142758e-19
    Average rotational energy       = 5.225914661e-20
    Average vibrational energy      = 3.031217989e-20
    Average electronic energy       = 0
    Total energy                    = 45.52382168

Stage 1.0  ExecutionTime = 35700.75 s  ClockTime = 2725 s  Iteration 4160 (13.43 s)

Time = 0.001668

    Collision global reduction skipped (rank 0 local diagnostics)
    Collisions                      = 658963
    Collision candidates           = 1796570
    Collision acceptance rate      = 0.3667894933

    Number of DSMC particles        = 8988263
    Number of stuck particles       = 0
    Number of free particles        = 8988263
    Average linear kinetic energy   = 4.240092817e-19
    Average rotational energy       = 5.224682082e-20
    Average vibrational energy      = 3.031265719e-20
    Average electronic energy       = 0
    Total energy                    = 45.5317324

Stage 1.0  ExecutionTime = 35807.37 s  ClockTime = 2734 s  Iteration 4170 (13.41 s)

Time = 0.001672

    Collision global reduction skipped (rank 0 local diagnostics)
    Collisions                      = 658897
    Collision candidates           = 1798379
    Collision acceptance rate      = 0.3663838379

    Number of DSMC particles        = 8992104
    Number of stuck particles       = 0
    Number of free particles        = 8992104
    Average linear kinetic energy   = 4.239080698e-19
    Average rotational energy       = 5.223506883e-20
    Average vibrational energy      = 3.030355023e-20
    Average electronic energy       = 0
    Total energy                    = 45.54021296

Stage 1.0  ExecutionTime = 35913.97 s  ClockTime = 2743 s  Iteration 4180 (13.37 s)

Time = 0.001676

    Collision global reduction skipped (rank 0 local diagnostics)
    Collisions                      = 658231
    Collision candidates           = 1797675
    Collision acceptance rate      = 0.3661568415

    Number of DSMC particles        = 8995552
    Number of stuck particles       = 0
    Number of free particles        = 8995552
    Average linear kinetic energy   = 4.238467823e-19
    Average rotational energy       = 5.220839928e-20
    Average vibrational energy      = 3.029912579e-20
    Average electronic energy       = 0
    Total energy                    = 45.54936503

Stage 1.0  ExecutionTime = 36020.47 s  ClockTime = 2751 s  Iteration 4190 (13.4 s)

Time = 0.00168

    Collision global reduction skipped (rank 0 local diagnostics)
    Collisions                      = 659456
    Collision candidates           = 1800083
    Collision acceptance rate      = 0.3663475518


Phase C auto DLB triggered (threshold) at step 4200: sar=0 loadImbalance=2.009286618 threshold=1.5 particleMaxMin=1
Phase C ParMETIS weights: particles=8999086 activeCells=104151 maxCellParticles=286
Phase C ParMETIS: alpha=1 ncon=1 ubvec=[1.05] moveRatio=0.721198258 (moveT=1017.588982s, collT=393.380846s)
Phase C ParMETIS: AdaptiveRepart (104151 cells, 1 constraints, ubvec=1.05)
Replicated mesh: rank 0 owns 28115 / 104151 cells
Local mesh: 28115 owned + 193 halo = 28308 / 104151 cells
Phase C ParMETIS AdaptiveRepart: 0 / 104151 cells changed (0)
Phase C auto DLB complete: rebalance #79

    Number of DSMC particles        = 8999086
    Number of stuck particles       = 0
    Number of free particles        = 8999086
    Average linear kinetic energy   = 4.237143259e-19
    Average rotational energy       = 5.224665924e-20
    Average vibrational energy      = 3.030035233e-20
    Average electronic energy       = 0
    Total energy                    = 45.55889314

Stage 1.0  ExecutionTime = 36130.36 s  ClockTime = 2760 s  Iteration 4200 (16.74 s)

Time = 0.001684

    Collision global reduction skipped (rank 0 local diagnostics)
    Collisions                      = 660206
    Collision candidates           = 1799781
    Collision acceptance rate      = 0.3668257416

    Number of DSMC particles        = 9002686
    Number of stuck particles       = 0
    Number of free particles        = 9002686
    Average linear kinetic energy   = 4.235683729e-19
    Average rotational energy       = 5.223042873e-20
    Average vibrational energy      = 3.031349336e-20
    Average electronic energy       = 0
    Total energy                    = 45.56370072

Stage 1.0  ExecutionTime = 36236.94 s  ClockTime = 2769 s  Iteration 4210 (13.4 s)

Time = 0.001688

    Collision global reduction skipped (rank 0 local diagnostics)
    Collisions                      = 660106
    Collision candidates           = 1801506
    Collision acceptance rate      = 0.366418985

    Number of DSMC particles        = 9006611
    Number of stuck particles       = 0
    Number of free particles        = 9006611
    Average linear kinetic energy   = 4.234590222e-19
    Average rotational energy       = 5.225068269e-20
    Average vibrational energy      = 3.031134601e-20
    Average electronic energy       = 0
    Total energy                    = 45.57534764

Stage 1.0  ExecutionTime = 36343.46 s  ClockTime = 2777 s  Iteration 4220 (13.42 s)

Time = 0.001692

    Collision global reduction skipped (rank 0 local diagnostics)
    Collisions                      = 660938
    Collision candidates           = 1803699
    Collision acceptance rate      = 0.3664347544

    Number of DSMC particles        = 9010526
    Number of stuck particles       = 0
    Number of free particles        = 9010526
    Average linear kinetic energy   = 4.233474302e-19
    Average rotational energy       = 5.222502091e-20
    Average vibrational energy      = 3.030801728e-20
    Average electronic energy       = 0
    Total energy                    = 45.58249114

Stage 1.0  ExecutionTime = 36450.15 s  ClockTime = 2786 s  Iteration 4230 (13.41 s)

Time = 0.001696

    Collision global reduction skipped (rank 0 local diagnostics)
    Collisions                      = 662091
    Collision candidates           = 1805734
    Collision acceptance rate      = 0.3666603165

    Number of DSMC particles        = 9014726
    Number of stuck particles       = 0
    Number of free particles        = 9014726
    Average linear kinetic energy   = 4.232079383e-19
    Average rotational energy       = 5.222032927e-20
    Average vibrational energy      = 3.029958434e-20
    Average electronic energy       = 0
    Total energy                    = 45.58998015

Stage 1.0  ExecutionTime = 36556.87 s  ClockTime = 2795 s  Iteration 4240 (13.52 s)

Time = 0.0017

    Collision global reduction skipped (rank 0 local diagnostics)
    Collisions                      = 660615
    Collision candidates           = 1804177
    Collision acceptance rate      = 0.3661586419


Phase C auto DLB triggered (threshold) at step 4250: sar=0 loadImbalance=2.002672913 threshold=1.5 particleMaxMin=1
Phase C ParMETIS weights: particles=9018615 activeCells=104151 maxCellParticles=292
Phase C ParMETIS: alpha=1 ncon=1 ubvec=[1.05] moveRatio=0.7213780156 (moveT=1034.850429s, collT=399.6962395s)
Phase C ParMETIS: AdaptiveRepart (104151 cells, 1 constraints, ubvec=1.05)
Replicated mesh: rank 0 owns 28115 / 104151 cells
Local mesh: 28115 owned + 193 halo = 28308 / 104151 cells
Phase C ParMETIS AdaptiveRepart: 0 / 104151 cells changed (0)
Phase C auto DLB complete: rebalance #80

    Number of DSMC particles        = 9018615
    Number of stuck particles       = 0
    Number of free particles        = 9018615
    Average linear kinetic energy   = 4.23082607e-19
    Average rotational energy       = 5.223424699e-20
    Average vibrational energy      = 3.030197203e-20
    Average electronic energy       = 0
    Total energy                    = 45.59981529

Stage 1.0  ExecutionTime = 36666.84 s  ClockTime = 2804 s  Iteration 4250 (16.79 s)

Time = 0.001704

    Collision global reduction skipped (rank 0 local diagnostics)
    Collisions                      = 661387
    Collision candidates           = 1803783
    Collision acceptance rate      = 0.3666666112

    Number of DSMC particles        = 9022088
    Number of stuck particles       = 0
    Number of free particles        = 9022088
    Average linear kinetic energy   = 4.229829931e-19
    Average rotational energy       = 5.224865778e-20
    Average vibrational energy      = 3.02992778e-20
    Average electronic energy       = 0
    Total energy                    = 45.60944525

Stage 1.0  ExecutionTime = 36773.44 s  ClockTime = 2812 s  Iteration 4260 (13.45 s)

Time = 0.001708

    Collision global reduction skipped (rank 0 local diagnostics)
    Collisions                      = 662134
    Collision candidates           = 1805109
    Collision acceptance rate      = 0.3668110901

    Number of DSMC particles        = 9025698
    Number of stuck particles       = 0
    Number of free particles        = 9025698
    Average linear kinetic energy   = 4.228560303e-19
    Average rotational energy       = 5.228022094e-20
    Average vibrational energy      = 3.030264073e-20
    Average electronic energy       = 0
    Total energy                    = 45.61938796

Stage 1.0  ExecutionTime = 36880.13 s  ClockTime = 2821 s  Iteration 4270 (13.45 s)

Time = 0.001712

    Collision global reduction skipped (rank 0 local diagnostics)
    Collisions                      = 662439
    Collision candidates           = 1805863
    Collision acceptance rate      = 0.3668268302

    Number of DSMC particles        = 9029356
    Number of stuck particles       = 0
    Number of free particles        = 9029356
    Average linear kinetic energy   = 4.227766139e-19
    Average rotational energy       = 5.221902686e-20
    Average vibrational energy      = 3.030522567e-20
    Average electronic energy       = 0
    Total energy                    = 45.6254141

Stage 1.0  ExecutionTime = 36986.82 s  ClockTime = 2830 s  Iteration 4280 (13.52 s)

Time = 0.001716

    Collision global reduction skipped (rank 0 local diagnostics)
    Collisions                      = 661817
    Collision candidates           = 1806566
    Collision acceptance rate      = 0.366339785

    Number of DSMC particles        = 9032808
    Number of stuck particles       = 0
    Number of free particles        = 9032808
    Average linear kinetic energy   = 4.226690334e-19
    Average rotational energy       = 5.223447779e-20
    Average vibrational energy      = 3.030945469e-20
    Average electronic energy       = 0
    Total energy                    = 45.6349172

Stage 1.0  ExecutionTime = 37093.56 s  ClockTime = 2838 s  Iteration 4290 (13.48 s)

Time = 0.00172

    Collision global reduction skipped (rank 0 local diagnostics)
    Collisions                      = 662016
    Collision candidates           = 1806684
    Collision acceptance rate      = 0.3664260048


Phase C auto DLB triggered (threshold) at step 4300: sar=0 loadImbalance=1.998905647 threshold=1.5 particleMaxMin=1
Phase C ParMETIS weights: particles=9036332 activeCells=104151 maxCellParticles=289
Phase C ParMETIS: alpha=1 ncon=1 ubvec=[1.05] moveRatio=0.7215570942 (moveT=1052.158288s, collT=406.0191683s)
Phase C ParMETIS: AdaptiveRepart (104151 cells, 1 constraints, ubvec=1.05)
Replicated mesh: rank 0 owns 28115 / 104151 cells
Local mesh: 28115 owned + 193 halo = 28308 / 104151 cells
Phase C ParMETIS AdaptiveRepart: 0 / 104151 cells changed (0)
Phase C auto DLB complete: rebalance #81

    Number of DSMC particles        = 9036332
    Number of stuck particles       = 0
    Number of free particles        = 9036332
    Average linear kinetic energy   = 4.224977889e-19
    Average rotational energy       = 5.224860267e-20
    Average vibrational energy      = 3.033027486e-20
    Average electronic energy       = 0
    Total energy                    = 45.64040443

Stage 1.0  ExecutionTime = 37203.7 s  ClockTime = 2847 s  Iteration 4300 (16.87 s)

Time = 0.001724

    Collision global reduction skipped (rank 0 local diagnostics)
    Collisions                      = 662268
    Collision candidates           = 1808698
    Collision acceptance rate      = 0.3661573132

    Number of DSMC particles        = 9040128
    Number of stuck particles       = 0
    Number of free particles        = 9040128
    Average linear kinetic energy   = 4.224164164e-19
    Average rotational energy       = 5.219669621e-20
    Average vibrational energy      = 3.034694969e-20
    Average electronic energy       = 0
    Total energy                    = 45.64903598

Stage 1.0  ExecutionTime = 37310.68 s  ClockTime = 2856 s  Iteration 4310 (13.64 s)

Time = 0.001728

    Collision global reduction skipped (rank 0 local diagnostics)
    Collisions                      = 662784
    Collision candidates           = 1808549
    Collision acceptance rate      = 0.3664727912

    Number of DSMC particles        = 9043116
    Number of stuck particles       = 0
    Number of free particles        = 9043116
    Average linear kinetic energy   = 4.22327005e-19
    Average rotational energy       = 5.221022076e-20
    Average vibrational energy      = 3.035965857e-20
    Average electronic energy       = 0
    Total energy                    = 45.65841093

Stage 1.0  ExecutionTime = 37417.63 s  ClockTime = 2865 s  Iteration 4320 (13.56 s)

Time = 0.001732

    Collision global reduction skipped (rank 0 local diagnostics)
    Collisions                      = 662823
    Collision candidates           = 1809921
    Collision acceptance rate      = 0.3662165365

    Number of DSMC particles        = 9046191
    Number of stuck particles       = 0
    Number of free particles        = 9046191
    Average linear kinetic energy   = 4.222387249e-19
    Average rotational energy       = 5.219373944e-20
    Average vibrational energy      = 3.03506124e-20
    Average electronic energy       = 0
    Total energy                    = 45.66364126

Stage 1.0  ExecutionTime = 37524.55 s  ClockTime = 2874 s  Iteration 4330 (13.57 s)

Time = 0.001736

    Collision global reduction skipped (rank 0 local diagnostics)
    Collisions                      = 662088
    Collision candidates           = 1808549
    Collision acceptance rate      = 0.3660879523

    Number of DSMC particles        = 9049410
    Number of stuck particles       = 0
    Number of free particles        = 9049410
    Average linear kinetic energy   = 4.221034744e-19
    Average rotational energy       = 5.22336596e-20
    Average vibrational energy      = 3.036667146e-20
    Average electronic energy       = 0
    Total energy                    = 45.67271665

Stage 1.0  ExecutionTime = 37631.5 s  ClockTime = 2883 s  Iteration 4340 (13.59 s)

Time = 0.00174

    Collision global reduction skipped (rank 0 local diagnostics)
    Collisions                      = 662257
    Collision candidates           = 1809570
    Collision acceptance rate      = 0.3659747896


Phase C auto DLB triggered (threshold) at step 4350: sar=0 loadImbalance=1.994671558 threshold=1.5 particleMaxMin=1
Phase C ParMETIS weights: particles=9052723 activeCells=104151 maxCellParticles=289
Phase C ParMETIS: alpha=1 ncon=1 ubvec=[1.05] moveRatio=0.7217194885 (moveT=1069.448201s, collT=412.3577055s)
Phase C ParMETIS: AdaptiveRepart (104151 cells, 1 constraints, ubvec=1.05)
Replicated mesh: rank 0 owns 28115 / 104151 cells
Local mesh: 28115 owned + 193 halo = 28308 / 104151 cells
Phase C ParMETIS AdaptiveRepart: 0 / 104151 cells changed (0)
Phase C auto DLB complete: rebalance #82

    Number of DSMC particles        = 9052723
    Number of stuck particles       = 0
    Number of free particles        = 9052723
    Average linear kinetic energy   = 4.220399863e-19
    Average rotational energy       = 5.222411278e-20
    Average vibrational energy      = 3.037239525e-20
    Average electronic energy       = 0
    Total energy                    = 45.68334398

Stage 1.0  ExecutionTime = 37741.93 s  ClockTime = 2892 s  Iteration 4350 (16.96 s)

Time = 0.001744

    Collision global reduction skipped (rank 0 local diagnostics)
    Collisions                      = 661739
    Collision candidates           = 1810414
    Collision acceptance rate      = 0.3655180528

    Number of DSMC particles        = 9056243
    Number of stuck particles       = 0
    Number of free particles        = 9056243
    Average linear kinetic energy   = 4.219381568e-19
    Average rotational energy       = 5.220969312e-20
    Average vibrational energy      = 3.039069521e-20
    Average electronic energy       = 0
    Total energy                    = 45.69223667

Stage 1.0  ExecutionTime = 37848.95 s  ClockTime = 2901 s  Iteration 4360 (13.6 s)

Time = 0.001748

    Collision global reduction skipped (rank 0 local diagnostics)
    Collisions                      = 663218
    Collision candidates           = 1811024
    Collision acceptance rate      = 0.3662116018

    Number of DSMC particles        = 9059821
    Number of stuck particles       = 0
    Number of free particles        = 9059821
    Average linear kinetic energy   = 4.218605035e-19
    Average rotational energy       = 5.217522939e-20
    Average vibrational energy      = 3.037356514e-20
    Average electronic energy       = 0
    Total energy                    = 45.69857951

Stage 1.0  ExecutionTime = 37956.09 s  ClockTime = 2910 s  Iteration 4370 (13.67 s)

Time = 0.001752

    Collision global reduction skipped (rank 0 local diagnostics)
    Collisions                      = 663421
    Collision candidates           = 1812567
    Collision acceptance rate      = 0.3660118495

    Number of DSMC particles        = 9063384
    Number of stuck particles       = 0
    Number of free particles        = 9063384
    Average linear kinetic energy   = 4.217156758e-19
    Average rotational energy       = 5.221081296e-20
    Average vibrational energy      = 3.037109387e-20
    Average electronic energy       = 0
    Total energy                    = 45.70642642

Stage 1.0  ExecutionTime = 38063.21 s  ClockTime = 2919 s  Iteration 4380 (13.65 s)

Time = 0.001756

    Collision global reduction skipped (rank 0 local diagnostics)
    Collisions                      = 663371
    Collision candidates           = 1813349
    Collision acceptance rate      = 0.365826435

    Number of DSMC particles        = 9066822
    Number of stuck particles       = 0
    Number of free particles        = 9066822
    Average linear kinetic energy   = 4.216010759e-19
    Average rotational energy       = 5.223716822e-20
    Average vibrational energy      = 3.038135204e-20
    Average electronic energy       = 0
    Total energy                    = 45.71669328

Stage 1.0  ExecutionTime = 38170.2 s  ClockTime = 2927 s  Iteration 4390 (13.63 s)

Time = 0.00176

    Collision global reduction skipped (rank 0 local diagnostics)
    Collisions                      = 663924
    Collision candidates           = 1813727
    Collision acceptance rate      = 0.3660550899


Phase C auto DLB triggered (threshold) at step 4400: sar=0 loadImbalance=1.988025929 threshold=1.5 particleMaxMin=1
Phase C ParMETIS weights: particles=9070236 activeCells=104151 maxCellParticles=292
Phase C ParMETIS: alpha=1 ncon=1 ubvec=[1.05] moveRatio=0.7218835146 (moveT=1086.777048s, collT=418.6972096s)
Phase C ParMETIS: AdaptiveRepart (104151 cells, 1 constraints, ubvec=1.05)
Replicated mesh: rank 0 owns 28115 / 104151 cells
Local mesh: 28115 owned + 193 halo = 28308 / 104151 cells
Phase C ParMETIS AdaptiveRepart: 0 / 104151 cells changed (0)
Phase C auto DLB complete: rebalance #83

    Number of DSMC particles        = 9070236
    Number of stuck particles       = 0
    Number of free particles        = 9070236
    Average linear kinetic energy   = 4.215432109e-19
    Average rotational energy       = 5.221112511e-20
    Average vibrational energy      = 3.03809917e-20
    Average electronic energy       = 0
    Total energy                    = 45.72626398

Stage 1.0  ExecutionTime = 38280.62 s  ClockTime = 2937 s  Iteration 4400 (16.96 s)

Time = 0.001764

    Collision global reduction skipped (rank 0 local diagnostics)
    Collisions                      = 664554
    Collision candidates           = 1815820
    Collision acceptance rate      = 0.3659801082

    Number of DSMC particles        = 9073746
    Number of stuck particles       = 0
    Number of free particles        = 9073746
    Average linear kinetic energy   = 4.214273713e-19
    Average rotational energy       = 5.220918525e-20
    Average vibrational energy      = 3.036451584e-20
    Average electronic energy       = 0
    Total energy                    = 45.73177714

Stage 1.0  ExecutionTime = 38387.74 s  ClockTime = 2946 s  Iteration 4410 (13.68 s)

Time = 0.001768

    Collision global reduction skipped (rank 0 local diagnostics)
    Collisions                      = 664090
    Collision candidates           = 1817949
    Collision acceptance rate      = 0.3652962762

    Number of DSMC particles        = 9077083
    Number of stuck particles       = 0
    Number of free particles        = 9077083
    Average linear kinetic energy   = 4.213504381e-19
    Average rotational energy       = 5.224238304e-20
    Average vibrational energy      = 3.038081397e-20
    Average electronic energy       = 0
    Total energy                    = 45.74610516

Stage 1.0  ExecutionTime = 38494.86 s  ClockTime = 2954 s  Iteration 4420 (13.65 s)

Time = 0.001772

    Collision global reduction skipped (rank 0 local diagnostics)
    Collisions                      = 664183
    Collision candidates           = 1815568
    Collision acceptance rate      = 0.3658265623

    Number of DSMC particles        = 9080229
    Number of stuck particles       = 0
    Number of free particles        = 9080229
    Average linear kinetic energy   = 4.213058351e-19
    Average rotational energy       = 5.224726876e-20
    Average vibrational energy      = 3.037336018e-20
    Average electronic energy       = 0
    Total energy                    = 45.75767692

Stage 1.0  ExecutionTime = 38601.98 s  ClockTime = 2963 s  Iteration 4430 (13.67 s)

Time = 0.001776

    Collision global reduction skipped (rank 0 local diagnostics)
    Collisions                      = 665087
    Collision candidates           = 1815756
    Collision acceptance rate      = 0.3662865495

    Number of DSMC particles        = 9083740
    Number of stuck particles       = 0
    Number of free particles        = 9083740
    Average linear kinetic energy   = 4.211966225e-19
    Average rotational energy       = 5.220518487e-20
    Average vibrational energy      = 3.0393396e-20
    Average electronic energy       = 0
    Total energy                    = 45.76344641

Stage 1.0  ExecutionTime = 38709.24 s  ClockTime = 2972 s  Iteration 4440 (13.74 s)

Time = 0.00178

    Collision global reduction skipped (rank 0 local diagnostics)
    Collisions                      = 664568
    Collision candidates           = 1815747
    Collision acceptance rate      = 0.3660025323


Phase C auto DLB triggered (threshold) at step 4450: sar=0 loadImbalance=1.982017003 threshold=1.5 particleMaxMin=1
Phase C ParMETIS weights: particles=9086905 activeCells=104151 maxCellParticles=300
Phase C ParMETIS: alpha=1 ncon=1 ubvec=[1.05] moveRatio=0.7220415722 (moveT=1104.133189s, collT=425.0491065s)
Phase C ParMETIS: AdaptiveRepart (104151 cells, 1 constraints, ubvec=1.05)
Replicated mesh: rank 0 owns 28989 / 104151 cells
Local mesh: 28989 owned + 175 halo = 29164 / 104151 cells
Phase C ParMETIS AdaptiveRepart: 50526 / 104151 cells changed (0.4851225624)
Phase C auto DLB complete: rebalance #84

    Number of DSMC particles        = 9086905
    Number of stuck particles       = 0
    Number of free particles        = 9086905
    Average linear kinetic energy   = 4.210783366e-19
    Average rotational energy       = 5.220283046e-20
    Average vibrational energy      = 3.04102478e-20
    Average electronic energy       = 0
    Total energy                    = 45.76996036

Stage 1.0  ExecutionTime = 38820.78 s  ClockTime = 2983 s  Iteration 4450 (18.14 s)

Time = 0.001784

    Collision global reduction skipped (rank 0 local diagnostics)
    Collisions                      = 699932
    Collision candidates           = 1897084
    Collision acceptance rate      = 0.3689515066

    Number of DSMC particles        = 9089865
    Number of stuck particles       = 0
    Number of free particles        = 9089865
    Average linear kinetic energy   = 4.211428809e-19
    Average rotational energy       = 5.212508596e-20
    Average vibrational energy      = 3.039759648e-20
    Average electronic energy       = 0
    Total energy                    = 45.78251976

Stage 1.0  ExecutionTime = 38929.68 s  ClockTime = 2992 s  Iteration 4460 (13.68 s)

Time = 0.001788

    Collision global reduction skipped (rank 0 local diagnostics)
    Collisions                      = 702113
    Collision candidates           = 1900075
    Collision acceptance rate      = 0.3695185716

    Number of DSMC particles        = 9093398
    Number of stuck particles       = 0
    Number of free particles        = 9093398
    Average linear kinetic energy   = 4.209771107e-19
    Average rotational energy       = 5.216864802e-20
    Average vibrational energy      = 3.038850503e-20
    Average electronic energy       = 0
    Total energy                    = 45.78837467

Stage 1.0  ExecutionTime = 39038.69 s  ClockTime = 3001 s  Iteration 4470 (13.65 s)

Time = 0.001792

    Collision global reduction skipped (rank 0 local diagnostics)
    Collisions                      = 703992
    Collision candidates           = 1904641
    Collision acceptance rate      = 0.3696192616

    Number of DSMC particles        = 9096820
    Number of stuck particles       = 0
    Number of free particles        = 9096820
    Average linear kinetic energy   = 4.20864528e-19
    Average rotational energy       = 5.217830524e-20
    Average vibrational energy      = 3.037880914e-20
    Average electronic energy       = 0
    Total energy                    = 45.79536065

Stage 1.0  ExecutionTime = 39147.8 s  ClockTime = 3010 s  Iteration 4480 (13.68 s)

Time = 0.001796

    Collision global reduction skipped (rank 0 local diagnostics)
    Collisions                      = 705302
    Collision candidates           = 1909557
    Collision acceptance rate      = 0.3693537297

    Number of DSMC particles        = 9100455
    Number of stuck particles       = 0
    Number of free particles        = 9100455
    Average linear kinetic energy   = 4.207621349e-19
    Average rotational energy       = 5.220137843e-20
    Average vibrational energy      = 3.039023127e-20
    Average electronic energy       = 0
    Total energy                    = 45.80748102

Stage 1.0  ExecutionTime = 39257.16 s  ClockTime = 3019 s  Iteration 4490 (13.69 s)

Time = 0.0018

    Collision global reduction skipped (rank 0 local diagnostics)
    Collisions                      = 705349
    Collision candidates           = 1912584
    Collision acceptance rate      = 0.3687937366


Phase C auto DLB triggered (threshold) at step 4500: sar=0 loadImbalance=2.05739666 threshold=1.5 particleMaxMin=1
Phase C ParMETIS weights: particles=9103541 activeCells=104151 maxCellParticles=289
Phase C ParMETIS: alpha=1 ncon=1 ubvec=[1.05] moveRatio=0.7221471543 (moveT=1122.215364s, collT=431.7828167s)
Phase C ParMETIS: AdaptiveRepart (104151 cells, 1 constraints, ubvec=1.05)
Replicated mesh: rank 0 owns 28990 / 104151 cells
Local mesh: 28990 owned + 175 halo = 29165 / 104151 cells
Phase C ParMETIS AdaptiveRepart: 11 / 104151 cells changed (0.0001056158846)
Phase C auto DLB complete: rebalance #85

    Number of DSMC particles        = 9103541
    Number of stuck particles       = 0
    Number of free particles        = 9103541
    Average linear kinetic energy   = 4.206248091e-19
    Average rotational energy       = 5.22421569e-20
    Average vibrational energy      = 3.038622019e-20
    Average electronic energy       = 0
    Total energy                    = 45.81386014

Stage 1.0  ExecutionTime = 39369.93 s  ClockTime = 3028 s  Iteration 4500 (17.11 s)

Time = 0.001804

    Collision global reduction skipped (rank 0 local diagnostics)
    Collisions                      = 706596
    Collision candidates           = 1914846
    Collision acceptance rate      = 0.3690093094

    Number of DSMC particles        = 9107229
    Number of stuck particles       = 0
    Number of free particles        = 9107229
    Average linear kinetic energy   = 4.205186965e-19
    Average rotational energy       = 5.222310592e-20
    Average vibrational energy      = 3.038883391e-20
    Average electronic energy       = 0
    Total energy                    = 45.82125922

Stage 1.0  ExecutionTime = 39479.32 s  ClockTime = 3037 s  Iteration 4510 (13.69 s)

Time = 0.001808

    Collision global reduction skipped (rank 0 local diagnostics)
    Collisions                      = 705931
    Collision candidates           = 1916176
    Collision acceptance rate      = 0.3684061381

    Number of DSMC particles        = 9110193
    Number of stuck particles       = 0
    Number of free particles        = 9110193
    Average linear kinetic energy   = 4.204062075e-19
    Average rotational energy       = 5.224212323e-20
    Average vibrational energy      = 3.037266407e-20
    Average electronic energy       = 0
    Total energy                    = 45.82618346

Stage 1.0  ExecutionTime = 39588.88 s  ClockTime = 3046 s  Iteration 4520 (13.75 s)

Time = 0.001812

    Collision global reduction skipped (rank 0 local diagnostics)
    Collisions                      = 707121
    Collision candidates           = 1916810
    Collision acceptance rate      = 0.368905108

    Number of DSMC particles        = 9113495
    Number of stuck particles       = 0
    Number of free particles        = 9113495
    Average linear kinetic energy   = 4.203176255e-19
    Average rotational energy       = 5.225911945e-20
    Average vibrational energy      = 3.037478869e-20
    Average electronic energy       = 0
    Total energy                    = 45.83646287

Stage 1.0  ExecutionTime = 39698.33 s  ClockTime = 3055 s  Iteration 4530 (13.72 s)

Time = 0.001816

    Collision global reduction skipped (rank 0 local diagnostics)
    Collisions                      = 707178
    Collision candidates           = 1920057
    Collision acceptance rate      = 0.3683109408

    Number of DSMC particles        = 9116383
    Number of stuck particles       = 0
    Number of free particles        = 9116383
    Average linear kinetic energy   = 4.202449772e-19
    Average rotational energy       = 5.224394002e-20
    Average vibrational energy      = 3.037793422e-20
    Average electronic energy       = 0
    Total energy                    = 45.84326816

Stage 1.0  ExecutionTime = 39807.85 s  ClockTime = 3064 s  Iteration 4540 (13.71 s)

Time = 0.00182

    Collision global reduction skipped (rank 0 local diagnostics)
    Collisions                      = 709578
    Collision candidates           = 1920599
    Collision acceptance rate      = 0.3694566122


Phase C auto DLB triggered (threshold) at step 4550: sar=0 loadImbalance=2.054252797 threshold=1.5 particleMaxMin=1
Phase C ParMETIS weights: particles=9119499 activeCells=104151 maxCellParticles=303
Phase C ParMETIS: alpha=1 ncon=1 ubvec=[1.05] moveRatio=0.7222618718 (moveT=1140.473522s, collT=438.5569744s)
Phase C ParMETIS: AdaptiveRepart (104151 cells, 1 constraints, ubvec=1.05)
Replicated mesh: rank 0 owns 28990 / 104151 cells
Local mesh: 28990 owned + 175 halo = 29165 / 104151 cells
Phase C ParMETIS AdaptiveRepart: 0 / 104151 cells changed (0)
Phase C auto DLB complete: rebalance #86

    Number of DSMC particles        = 9119499
    Number of stuck particles       = 0
    Number of free particles        = 9119499
    Average linear kinetic energy   = 4.201260063e-19
    Average rotational energy       = 5.227679879e-20
    Average vibrational energy      = 3.035966912e-20
    Average electronic energy       = 0
    Total energy                    = 45.84941881

Stage 1.0  ExecutionTime = 39920.88 s  ClockTime = 3074 s  Iteration 4550 (17.07 s)

Time = 0.001824

    Collision global reduction skipped (rank 0 local diagnostics)
    Collisions                      = 708603
    Collision candidates           = 1918769
    Collision acceptance rate      = 0.3693008382

    Number of DSMC particles        = 9122537
    Number of stuck particles       = 0
    Number of free particles        = 9122537
    Average linear kinetic energy   = 4.200701031e-19
    Average rotational energy       = 5.223759243e-20
    Average vibrational energy      = 3.035277938e-20
    Average electronic energy       = 0
    Total energy                    = 45.85538781

Stage 1.0  ExecutionTime = 40030.56 s  ClockTime = 3083 s  Iteration 4560 (13.74 s)

Time = 0.001828

    Collision global reduction skipped (rank 0 local diagnostics)
    Collisions                      = 707682
    Collision candidates           = 1921449
    Collision acceptance rate      = 0.3683064187

    Number of DSMC particles        = 9125514
    Number of stuck particles       = 0
    Number of free particles        = 9125514
    Average linear kinetic energy   = 4.199711327e-19
    Average rotational energy       = 5.225232015e-20
    Average vibrational energy      = 3.03653537e-20
    Average electronic energy       = 0
    Total energy                    = 45.86381191

Stage 1.0  ExecutionTime = 40140.38 s  ClockTime = 3092 s  Iteration 4570 (13.72 s)

Time = 0.001832

    Collision global reduction skipped (rank 0 local diagnostics)
    Collisions                      = 709854
    Collision candidates           = 1923503
    Collision acceptance rate      = 0.369042315

    Number of DSMC particles        = 9128419
    Number of stuck particles       = 0
    Number of free particles        = 9128419
    Average linear kinetic energy   = 4.19873385e-19
    Average rotational energy       = 5.228618925e-20
    Average vibrational energy      = 3.038895114e-20
    Average electronic energy       = 0
    Total energy                    = 45.87473508

Stage 1.0  ExecutionTime = 40250.19 s  ClockTime = 3101 s  Iteration 4580 (13.67 s)

Time = 0.001836

    Collision global reduction skipped (rank 0 local diagnostics)
    Collisions                      = 708595
    Collision candidates           = 1924717
    Collision acceptance rate      = 0.3681554223

    Number of DSMC particles        = 9131693
    Number of stuck particles       = 0
    Number of free particles        = 9131693
    Average linear kinetic energy   = 4.19782805e-19
    Average rotational energy       = 5.226940527e-20
    Average vibrational energy      = 3.038284176e-20
    Average electronic energy       = 0
    Total energy                    = 45.88082648

Stage 1.0  ExecutionTime = 40359.91 s  ClockTime = 3110 s  Iteration 4590 (13.74 s)

Time = 0.00184

    Collision global reduction skipped (rank 0 local diagnostics)
    Collisions                      = 709340
    Collision candidates           = 1924344
    Collision acceptance rate      = 0.3686139277


Phase C auto DLB triggered (threshold) at step 4600: sar=0 loadImbalance=2.054949292 threshold=1.5 particleMaxMin=1
Phase C ParMETIS weights: particles=9134380 activeCells=104150 maxCellParticles=291
Phase C ParMETIS: alpha=1 ncon=1 ubvec=[1.05] moveRatio=0.7223798293 (moveT=1158.86275s, collT=445.3663591s)
Phase C ParMETIS: AdaptiveRepart (104151 cells, 1 constraints, ubvec=1.05)
Replicated mesh: rank 0 owns 28990 / 104151 cells
Local mesh: 28990 owned + 175 halo = 29165 / 104151 cells
Phase C ParMETIS AdaptiveRepart: 0 / 104151 cells changed (0)
Phase C auto DLB complete: rebalance #87

    Number of DSMC particles        = 9134380
    Number of stuck particles       = 0
    Number of free particles        = 9134380
    Average linear kinetic energy   = 4.196747812e-19
    Average rotational energy       = 5.228771552e-20
    Average vibrational energy      = 3.038316079e-20
    Average electronic energy       = 0
    Total energy                    = 45.88616127

Stage 1.0  ExecutionTime = 40473.79 s  ClockTime = 3120 s  Iteration 4600 (17.09 s)

Time = 0.001844

    Collision global reduction skipped (rank 0 local diagnostics)
    Collisions                      = 707958
    Collision candidates           = 1924501
    Collision acceptance rate      = 0.3678657481

    Number of DSMC particles        = 9137690
    Number of stuck particles       = 0
    Number of free particles        = 9137690
    Average linear kinetic energy   = 4.196086912e-19
    Average rotational energy       = 5.223001264e-20
    Average vibrational energy      = 3.038863751e-20
    Average electronic energy       = 0
    Total energy                    = 45.89197755

Stage 1.0  ExecutionTime = 40583.57 s  ClockTime = 3129 s  Iteration 4610 (13.75 s)

Time = 0.001848

    Collision global reduction skipped (rank 0 local diagnostics)
    Collisions                      = 708460
    Collision candidates           = 1923894
    Collision acceptance rate      = 0.368242741

    Number of DSMC particles        = 9140719
    Number of stuck particles       = 0
    Number of free particles        = 9140719
    Average linear kinetic energy   = 4.195073983e-19
    Average rotational energy       = 5.223935032e-20
    Average vibrational energy      = 3.037775223e-20
    Average electronic energy       = 0
    Total energy                    = 45.89778966

Stage 1.0  ExecutionTime = 40693.29 s  ClockTime = 3138 s  Iteration 4620 (13.75 s)

Time = 0.001852

    Collision global reduction skipped (rank 0 local diagnostics)
    Collisions                      = 710008
    Collision candidates           = 1924098
    Collision acceptance rate      = 0.3690082314

    Number of DSMC particles        = 9143470
    Number of stuck particles       = 0
    Number of free particles        = 9143470
    Average linear kinetic energy   = 4.194593188e-19
    Average rotational energy       = 5.224131912e-20
    Average vibrational energy      = 3.037054133e-20
    Average electronic energy       = 0
    Total energy                    = 45.90672766

Stage 1.0  ExecutionTime = 40803.13 s  ClockTime = 3147 s  Iteration 4630 (13.74 s)

Time = 0.001856

    Collision global reduction skipped (rank 0 local diagnostics)
    Collisions                      = 708855
    Collision candidates           = 1926395
    Collision acceptance rate      = 0.3679697051

    Number of DSMC particles        = 9146125
    Number of stuck particles       = 0
    Number of free particles        = 9146125
    Average linear kinetic energy   = 4.193895962e-19
    Average rotational energy       = 5.224808007e-20
    Average vibrational energy      = 3.036928565e-20
    Average electronic energy       = 0
    Total energy                    = 45.91418424

Stage 1.0  ExecutionTime = 40912.99 s  ClockTime = 3156 s  Iteration 4640 (13.75 s)

Time = 0.00186

    Collision global reduction skipped (rank 0 local diagnostics)
    Collisions                      = 710454
    Collision candidates           = 1927089
    Collision acceptance rate      = 0.3686669375


Phase C auto DLB triggered (threshold) at step 4650: sar=0 loadImbalance=2.050794365 threshold=1.5 particleMaxMin=1
Phase C ParMETIS weights: particles=9149094 activeCells=104151 maxCellParticles=296
Phase C ParMETIS: alpha=1 ncon=1 ubvec=[1.05] moveRatio=0.7225142567 (moveT=1177.336016s, collT=452.1626479s)
Phase C ParMETIS: AdaptiveRepart (104151 cells, 1 constraints, ubvec=1.05)
Replicated mesh: rank 0 owns 28990 / 104151 cells
Local mesh: 28990 owned + 175 halo = 29165 / 104151 cells
Phase C ParMETIS AdaptiveRepart: 0 / 104151 cells changed (0)
Phase C auto DLB complete: rebalance #88

    Number of DSMC particles        = 9149094
    Number of stuck particles       = 0
    Number of free particles        = 9149094
    Average linear kinetic energy   = 4.192855007e-19
    Average rotational energy       = 5.222127079e-20
    Average vibrational energy      = 3.037203373e-20
    Average electronic energy       = 0
    Total energy                    = 45.91736366

Stage 1.0  ExecutionTime = 41026.09 s  ClockTime = 3166 s  Iteration 4650 (17.09 s)

Time = 0.001864

    Collision global reduction skipped (rank 0 local diagnostics)
    Collisions                      = 709599
    Collision candidates           = 1925590
    Collision acceptance rate      = 0.3685099112

    Number of DSMC particles        = 9152240
    Number of stuck particles       = 0
    Number of free particles        = 9152240
    Average linear kinetic energy   = 4.191950765e-19
    Average rotational energy       = 5.220803368e-20
    Average vibrational energy      = 3.037875501e-20
    Average electronic energy       = 0
    Total energy                    = 45.92428058

Stage 1.0  ExecutionTime = 41135.94 s  ClockTime = 3175 s  Iteration 4660 (13.75 s)

Time = 0.001868

    Collision global reduction skipped (rank 0 local diagnostics)
    Collisions                      = 708984
    Collision candidates           = 1928536
    Collision acceptance rate      = 0.3676280868

    Number of DSMC particles        = 9154962
    Number of stuck particles       = 0
    Number of free particles        = 9154962
    Average linear kinetic energy   = 4.190844458e-19
    Average rotational energy       = 5.223893573e-20
    Average vibrational energy      = 3.03831457e-20
    Average electronic energy       = 0
    Total energy                    = 45.93104192

Stage 1.0  ExecutionTime = 41245.8 s  ClockTime = 3184 s  Iteration 4670 (13.75 s)

Time = 0.001872

    Collision global reduction skipped (rank 0 local diagnostics)
    Collisions                      = 712741
    Collision candidates           = 1931299
    Collision acceptance rate      = 0.3690474649

    Number of DSMC particles        = 9157278
    Number of stuck particles       = 0
    Number of free particles        = 9157278
    Average linear kinetic energy   = 4.190050795e-19
    Average rotational energy       = 5.222521692e-20
    Average vibrational energy      = 3.037272891e-20
    Average electronic energy       = 0
    Total energy                    = 45.93318348

Stage 1.0  ExecutionTime = 41355.88 s  ClockTime = 3194 s  Iteration 4680 (13.84 s)

Time = 0.001876

    Collision global reduction skipped (rank 0 local diagnostics)
    Collisions                      = 710993
    Collision candidates           = 1932349
    Collision acceptance rate      = 0.3679423334

    Number of DSMC particles        = 9160420
    Number of stuck particles       = 0
    Number of free particles        = 9160420
    Average linear kinetic energy   = 4.189353026e-19
    Average rotational energy       = 5.218185141e-20
    Average vibrational energy      = 3.039812148e-20
    Average electronic energy       = 0
    Total energy                    = 45.94090559

Stage 1.0  ExecutionTime = 41465.88 s  ClockTime = 3203 s  Iteration 4690 (13.77 s)

Time = 0.00188

    Collision global reduction skipped (rank 0 local diagnostics)
    Collisions                      = 711532
    Collision candidates           = 1929413
    Collision acceptance rate      = 0.3687815932


Phase C auto DLB triggered (threshold) at step 4700: sar=0 loadImbalance=2.050305565 threshold=1.5 particleMaxMin=1
Phase C ParMETIS weights: particles=9162729 activeCells=104151 maxCellParticles=290
Phase C ParMETIS: alpha=1 ncon=1 ubvec=[1.05] moveRatio=0.7226291224 (moveT=1195.799989s, collT=458.9907633s)
Phase C ParMETIS: AdaptiveRepart (104151 cells, 1 constraints, ubvec=1.05)
Replicated mesh: rank 0 owns 28990 / 104151 cells
Local mesh: 28990 owned + 175 halo = 29165 / 104151 cells
Phase C ParMETIS AdaptiveRepart: 0 / 104151 cells changed (0)
Phase C auto DLB complete: rebalance #89

    Number of DSMC particles        = 9162729
    Number of stuck particles       = 0
    Number of free particles        = 9162729
    Average linear kinetic energy   = 4.189505908e-19
    Average rotational energy       = 5.215266808e-20
    Average vibrational energy      = 3.03847408e-20
    Average electronic energy       = 0
    Total energy                    = 45.94998638

Stage 1.0  ExecutionTime = 41579.13 s  ClockTime = 3212 s  Iteration 4700 (17.09 s)

Time = 0.001884

    Collision global reduction skipped (rank 0 local diagnostics)
    Collisions                      = 708860
    Collision candidates           = 1928491
    Collision acceptance rate      = 0.3675723662

    Number of DSMC particles        = 9165908
    Number of stuck particles       = 0
    Number of free particles        = 9165908
    Average linear kinetic energy   = 4.188748653e-19
    Average rotational energy       = 5.215571728e-20
    Average vibrational energy      = 3.039086826e-20
    Average electronic energy       = 0
    Total energy                    = 45.95982888

Stage 1.0  ExecutionTime = 41688.99 s  ClockTime = 3221 s  Iteration 4710 (13.75 s)

Time = 0.001888

    Collision global reduction skipped (rank 0 local diagnostics)
    Collisions                      = 709296
    Collision candidates           = 1927822
    Collision acceptance rate      = 0.3679260845

    Number of DSMC particles        = 9168938
    Number of stuck particles       = 0
    Number of free particles        = 9168938
    Average linear kinetic energy   = 4.187939685e-19
    Average rotational energy       = 5.217031036e-20
    Average vibrational energy      = 3.040023771e-20
    Average electronic energy       = 0
    Total energy                    = 45.96980168

Stage 1.0  ExecutionTime = 41798.85 s  ClockTime = 3231 s  Iteration 4720 (13.74 s)

Time = 0.001892

    Collision global reduction skipped (rank 0 local diagnostics)
    Collisions                      = 709458
    Collision candidates           = 1929907
    Collision acceptance rate      = 0.3676125326

    Number of DSMC particles        = 9171615
    Number of stuck particles       = 0
    Number of free particles        = 9171615
    Average linear kinetic energy   = 4.186779019e-19
    Average rotational energy       = 5.219220936e-20
    Average vibrational energy      = 3.041280027e-20
    Average electronic energy       = 0
    Total energy                    = 45.97573871

Stage 1.0  ExecutionTime = 41908.67 s  ClockTime = 3240 s  Iteration 4730 (13.75 s)

Time = 0.001896

    Collision global reduction skipped (rank 0 local diagnostics)
    Collisions                      = 710188
    Collision candidates           = 1930654
    Collision acceptance rate      = 0.3678484078

    Number of DSMC particles        = 9174067
    Number of stuck particles       = 0
    Number of free particles        = 9174067
    Average linear kinetic energy   = 4.185962954e-19
    Average rotational energy       = 5.216768632e-20
    Average vibrational energy      = 3.042368251e-20
    Average electronic energy       = 0
    Total energy                    = 45.97929211

Stage 1.0  ExecutionTime = 42018.57 s  ClockTime = 3249 s  Iteration 4740 (13.75 s)

Time = 0.0019

    Collision global reduction skipped (rank 0 local diagnostics)
    Collisions                      = 711989
    Collision candidates           = 1931706
    Collision acceptance rate      = 0.3685804154


Phase C auto DLB triggered (threshold) at step 4750: sar=0 loadImbalance=2.043767342 threshold=1.5 particleMaxMin=1
Phase C ParMETIS weights: particles=9176788 activeCells=104151 maxCellParticles=288
Phase C ParMETIS: alpha=1 ncon=1 ubvec=[1.05] moveRatio=0.7227623347 (moveT=1214.315621s, collT=465.7880074s)
Phase C ParMETIS: AdaptiveRepart (104151 cells, 1 constraints, ubvec=1.05)
Replicated mesh: rank 0 owns 28990 / 104151 cells
Local mesh: 28990 owned + 175 halo = 29165 / 104151 cells
Phase C ParMETIS AdaptiveRepart: 0 / 104151 cells changed (0)
Phase C auto DLB complete: rebalance #90

    Number of DSMC particles        = 9176788
    Number of stuck particles       = 0
    Number of free particles        = 9176788
    Average linear kinetic energy   = 4.184907069e-19
    Average rotational energy       = 5.218009424e-20
    Average vibrational energy      = 3.043787324e-20
    Average electronic energy       = 0
    Total energy                    = 45.9856807

Stage 1.0  ExecutionTime = 42131.77 s  ClockTime = 3259 s  Iteration 4750 (17.1 s)

Time = 0.001904

    Collision global reduction skipped (rank 0 local diagnostics)
    Collisions                      = 710645
    Collision candidates           = 1931662
    Collision acceptance rate      = 0.3678930372

    Number of DSMC particles        = 9179408
    Number of stuck particles       = 0
    Number of free particles        = 9179408
    Average linear kinetic energy   = 4.183822478e-19
    Average rotational energy       = 5.224219615e-20
    Average vibrational energy      = 3.044125256e-20
    Average electronic energy       = 0
    Total energy                    = 45.99486463

Stage 1.0  ExecutionTime = 42241.66 s  ClockTime = 3268 s  Iteration 4760 (13.75 s)

Time = 0.001908

    Collision global reduction skipped (rank 0 local diagnostics)
    Collisions                      = 709998
    Collision candidates           = 1931304
    Collision acceptance rate      = 0.3676262256

    Number of DSMC particles        = 9182241
    Number of stuck particles       = 0
    Number of free particles        = 9182241
    Average linear kinetic energy   = 4.18287121e-19
    Average rotational energy       = 5.226453739e-20
    Average vibrational energy      = 3.044544504e-20
    Average electronic energy       = 0
    Total energy                    = 46.00276144

Stage 1.0  ExecutionTime = 42351.57 s  ClockTime = 3277 s  Iteration 4770 (13.78 s)

Time = 0.001912

    Collision global reduction skipped (rank 0 local diagnostics)
    Collisions                      = 711551
    Collision candidates           = 1934326
    Collision acceptance rate      = 0.3678547463

    Number of DSMC particles        = 9184962
    Number of stuck particles       = 0
    Number of free particles        = 9184962
    Average linear kinetic energy   = 4.182020392e-19
    Average rotational energy       = 5.225069241e-20
    Average vibrational energy      = 3.044278052e-20
    Average electronic energy       = 0
    Total energy                    = 46.00706244

Stage 1.0  ExecutionTime = 42461.5 s  ClockTime = 3286 s  Iteration 4780 (13.76 s)

Time = 0.001916

    Collision global reduction skipped (rank 0 local diagnostics)
    Collisions                      = 713493
    Collision candidates           = 1937110
    Collision acceptance rate      = 0.3683285926

    Number of DSMC particles        = 9187938
    Number of stuck particles       = 0
    Number of free particles        = 9187938
    Average linear kinetic energy   = 4.181258569e-19
    Average rotational energy       = 5.221533339e-20
    Average vibrational energy      = 3.043825392e-20
    Average electronic energy       = 0
    Total energy                    = 46.01130485

Stage 1.0  ExecutionTime = 42571.56 s  ClockTime = 3296 s  Iteration 4790 (13.8 s)

Time = 0.00192

    Collision global reduction skipped (rank 0 local diagnostics)
    Collisions                      = 713588
    Collision candidates           = 1939263
    Collision acceptance rate      = 0.3679686561


Phase C auto DLB triggered (threshold) at step 4800: sar=0 loadImbalance=2.043922939 threshold=1.5 particleMaxMin=1
Phase C ParMETIS weights: particles=9190918 activeCells=104151 maxCellParticles=297
Phase C ParMETIS: alpha=1 ncon=1 ubvec=[1.05] moveRatio=0.7228941825 (moveT=1232.885668s, collT=472.6000005s)
Phase C ParMETIS: AdaptiveRepart (104151 cells, 1 constraints, ubvec=1.05)
Replicated mesh: rank 0 owns 28990 / 104151 cells
Local mesh: 28990 owned + 175 halo = 29165 / 104151 cells
Phase C ParMETIS AdaptiveRepart: 0 / 104151 cells changed (0)
Phase C auto DLB complete: rebalance #91

    Number of DSMC particles        = 9190918
    Number of stuck particles       = 0
    Number of free particles        = 9190918
    Average linear kinetic energy   = 4.180128644e-19
    Average rotational energy       = 5.221522134e-20
    Average vibrational energy      = 3.045373476e-20
    Average electronic energy       = 0
    Total energy                    = 46.01725557

Stage 1.0  ExecutionTime = 42684.91 s  ClockTime = 3305 s  Iteration 4800 (17.11 s)

Time = 0.001924

    Collision global reduction skipped (rank 0 local diagnostics)
    Collisions                      = 713920
    Collision candidates           = 1939452
    Collision acceptance rate      = 0.3681039799

    Number of DSMC particles        = 9193384
    Number of stuck particles       = 0
    Number of free particles        = 9193384
    Average linear kinetic energy   = 4.179313672e-19
    Average rotational energy       = 5.219802191e-20
    Average vibrational energy      = 3.046526945e-20
    Average electronic energy       = 0
    Total energy                    = 46.02158925

Stage 1.0  ExecutionTime = 42794.87 s  ClockTime = 3314 s  Iteration 4810 (13.77 s)

Time = 0.001928

    Collision global reduction skipped (rank 0 local diagnostics)
    Collisions                      = 712472
    Collision candidates           = 1939692
    Collision acceptance rate      = 0.3673119237

    Number of DSMC particles        = 9196165
    Number of stuck particles       = 0
    Number of free particles        = 9196165
    Average linear kinetic energy   = 4.178944981e-19
    Average rotational energy       = 5.214020219e-20
    Average vibrational energy      = 3.045778717e-20
    Average electronic energy       = 0
    Total energy                    = 46.02611496

Stage 1.0  ExecutionTime = 42904.91 s  ClockTime = 3324 s  Iteration 4820 (13.8 s)

Time = 0.001932

    Collision global reduction skipped (rank 0 local diagnostics)
    Collisions                      = 713910
    Collision candidates           = 1940802
    Collision acceptance rate      = 0.3678427784

    Number of DSMC particles        = 9198944
    Number of stuck particles       = 0
    Number of free particles        = 9198944
    Average linear kinetic energy   = 4.178451291e-19
    Average rotational energy       = 5.218883286e-20
    Average vibrational energy      = 3.045792687e-20
    Average electronic energy       = 0
    Total energy                    = 46.03996858

Stage 1.0  ExecutionTime = 43014.96 s  ClockTime = 3333 s  Iteration 4830 (13.77 s)

Time = 0.001936

    Collision global reduction skipped (rank 0 local diagnostics)
    Collisions                      = 714306
    Collision candidates           = 1941758
    Collision acceptance rate      = 0.3678656146

    Number of DSMC particles        = 9201322
    Number of stuck particles       = 0
    Number of free particles        = 9201322
    Average linear kinetic energy   = 4.177393405e-19
    Average rotational energy       = 5.220897388e-20
    Average vibrational energy      = 3.045829015e-20
    Average electronic energy       = 0
    Total energy                    = 46.044023

Stage 1.0  ExecutionTime = 43124.97 s  ClockTime = 3342 s  Iteration 4840 (13.76 s)

Time = 0.00194

    Collision global reduction skipped (rank 0 local diagnostics)
    Collisions                      = 713049
    Collision candidates           = 1941497
    Collision acceptance rate      = 0.3672676291


Phase C auto DLB triggered (threshold) at step 4850: sar=0 loadImbalance=2.03859329 threshold=1.5 particleMaxMin=1
Phase C ParMETIS weights: particles=9203841 activeCells=104151 maxCellParticles=302
Phase C ParMETIS: alpha=1 ncon=1 ubvec=[1.05] moveRatio=0.723022075 (moveT=1251.513616s, collT=479.4343856s)
Phase C ParMETIS: AdaptiveRepart (104151 cells, 1 constraints, ubvec=1.05)
Replicated mesh: rank 0 owns 28990 / 104151 cells
Local mesh: 28990 owned + 175 halo = 29165 / 104151 cells
Phase C ParMETIS AdaptiveRepart: 0 / 104151 cells changed (0)
Phase C auto DLB complete: rebalance #92

    Number of DSMC particles        = 9203841
    Number of stuck particles       = 0
    Number of free particles        = 9203841
    Average linear kinetic energy   = 4.176101602e-19
    Average rotational energy       = 5.22237817e-20
    Average vibrational energy      = 3.046610506e-20
    Average electronic energy       = 0
    Total energy                    = 46.04682085

Stage 1.0  ExecutionTime = 43238.46 s  ClockTime = 3352 s  Iteration 4850 (17.14 s)

Time = 0.001944

    Collision global reduction skipped (rank 0 local diagnostics)
    Collisions                      = 712708
    Collision candidates           = 1939056
    Collision acceptance rate      = 0.3675541088

    Number of DSMC particles        = 9206455
    Number of stuck particles       = 0
    Number of free particles        = 9206455
    Average linear kinetic energy   = 4.175332099e-19
    Average rotational energy       = 5.222226651e-20
    Average vibrational energy      = 3.045654969e-20
    Average electronic energy       = 0
    Total energy                    = 46.05179509

Stage 1.0  ExecutionTime = 43348.54 s  ClockTime = 3361 s  Iteration 4860 (13.79 s)

Time = 0.001948

    Collision global reduction skipped (rank 0 local diagnostics)
    Collisions                      = 713716
    Collision candidates           = 1941447
    Collision acceptance rate      = 0.3676206458

    Number of DSMC particles        = 9208759
    Number of stuck particles       = 0
    Number of free particles        = 9208759
    Average linear kinetic energy   = 4.174560309e-19
    Average rotational energy       = 5.220942624e-20
    Average vibrational energy      = 3.044833177e-20
    Average electronic energy       = 0
    Total energy                    = 46.05427354

Stage 1.0  ExecutionTime = 43458.62 s  ClockTime = 3370 s  Iteration 4870 (13.81 s)

Time = 0.001952

    Collision global reduction skipped (rank 0 local diagnostics)
    Collisions                      = 714407
    Collision candidates           = 1942169
    Collision acceptance rate      = 0.3678397709

    Number of DSMC particles        = 9211586
    Number of stuck particles       = 0
    Number of free particles        = 9211586
    Average linear kinetic energy   = 4.173796115e-19
    Average rotational energy       = 5.220065518e-20
    Average vibrational energy      = 3.04554973e-20
    Average electronic energy       = 0
    Total energy                    = 46.06122443

Stage 1.0  ExecutionTime = 43568.78 s  ClockTime = 3380 s  Iteration 4880 (13.81 s)

Time = 0.001956

    Collision global reduction skipped (rank 0 local diagnostics)
    Collisions                      = 714680
    Collision candidates           = 1941960
    Collision acceptance rate      = 0.3680199386

    Number of DSMC particles        = 9214107
    Number of stuck particles       = 0
    Number of free particles        = 9214107
    Average linear kinetic energy   = 4.173517934e-19
    Average rotational energy       = 5.218434775e-20
    Average vibrational energy      = 3.046203403e-20
    Average electronic energy       = 0
    Total energy                    = 46.07036686

Stage 1.0  ExecutionTime = 43678.97 s  ClockTime = 3389 s  Iteration 4890 (13.8 s)

Time = 0.00196

    Collision global reduction skipped (rank 0 local diagnostics)
    Collisions                      = 713669
    Collision candidates           = 1942638
    Collision acceptance rate      = 0.3673710696


Phase C auto DLB triggered (threshold) at step 4900: sar=0 loadImbalance=2.039631927 threshold=1.5 particleMaxMin=1
Phase C ParMETIS weights: particles=9216648 activeCells=104151 maxCellParticles=299
Phase C ParMETIS: alpha=1 ncon=1 ubvec=[1.05] moveRatio=0.7231363723 (moveT=1270.129492s, collT=486.288164s)
Phase C ParMETIS: AdaptiveRepart (104151 cells, 1 constraints, ubvec=1.05)
Replicated mesh: rank 0 owns 28990 / 104151 cells
Local mesh: 28990 owned + 175 halo = 29165 / 104151 cells
Phase C ParMETIS AdaptiveRepart: 0 / 104151 cells changed (0)
Phase C auto DLB complete: rebalance #93

    Number of DSMC particles        = 9216648
    Number of stuck particles       = 0
    Number of free particles        = 9216648
    Average linear kinetic energy   = 4.172861616e-19
    Average rotational energy       = 5.217103448e-20
    Average vibrational energy      = 3.047054779e-20
    Average electronic energy       = 0
    Total energy                    = 46.07658041

Stage 1.0  ExecutionTime = 43792.48 s  ClockTime = 3399 s  Iteration 4900 (17.17 s)

Time = 0.001964

    Collision global reduction skipped (rank 0 local diagnostics)
    Collisions                      = 713965
    Collision candidates           = 1942263
    Collision acceptance rate      = 0.3675943989

    Number of DSMC particles        = 9219014
    Number of stuck particles       = 0
    Number of free particles        = 9219014
    Average linear kinetic energy   = 4.172396075e-19
    Average rotational energy       = 5.220437058e-20
    Average vibrational energy      = 3.047408526e-20
    Average electronic energy       = 0
    Total energy                    = 46.08751625

Stage 1.0  ExecutionTime = 43902.6 s  ClockTime = 3408 s  Iteration 4910 (13.78 s)

Time = 0.001968

    Collision global reduction skipped (rank 0 local diagnostics)
    Collisions                      = 715732
    Collision candidates           = 1946715
    Collision acceptance rate      = 0.3676614194

    Number of DSMC particles        = 9221908
    Number of stuck particles       = 0
    Number of free particles        = 9221908
    Average linear kinetic energy   = 4.172241926e-19
    Average rotational energy       = 5.214231816e-20
    Average vibrational energy      = 3.047502189e-20
    Average electronic energy       = 0
    Total energy                    = 46.09492628

Stage 1.0  ExecutionTime = 44012.77 s  ClockTime = 3417 s  Iteration 4920 (13.8 s)

Time = 0.001972

    Collision global reduction skipped (rank 0 local diagnostics)
    Collisions                      = 717291
    Collision candidates           = 1948224
    Collision acceptance rate      = 0.3681768626

    Number of DSMC particles        = 9224676
    Number of stuck particles       = 0
    Number of free particles        = 9224676
    Average linear kinetic energy   = 4.171174185e-19
    Average rotational energy       = 5.217692315e-20
    Average vibrational energy      = 3.047591392e-20
    Average electronic energy       = 0
    Total energy                    = 46.10218682

Stage 1.0  ExecutionTime = 44122.93 s  ClockTime = 3426 s  Iteration 4930 (13.79 s)

Time = 0.001976

    Collision global reduction skipped (rank 0 local diagnostics)
    Collisions                      = 715082
    Collision candidates           = 1947851
    Collision acceptance rate      = 0.3671132956

    Number of DSMC particles        = 9227258
    Number of stuck particles       = 0
    Number of free particles        = 9227258
    Average linear kinetic energy   = 4.17031845e-19
    Average rotational energy       = 5.217712422e-20
    Average vibrational energy      = 3.047958982e-20
    Average electronic energy       = 0
    Total energy                    = 46.10755254

Stage 1.0  ExecutionTime = 44233.27 s  ClockTime = 3436 s  Iteration 4940 (13.78 s)

Time = 0.00198

    Collision global reduction skipped (rank 0 local diagnostics)
    Collisions                      = 716243
    Collision candidates           = 1946054
    Collision acceptance rate      = 0.3680488825


Phase C auto DLB triggered (threshold) at step 4950: sar=0 loadImbalance=2.037358302 threshold=1.5 particleMaxMin=1
Phase C ParMETIS weights: particles=9229304 activeCells=104151 maxCellParticles=284
Phase C ParMETIS: alpha=1 ncon=1 ubvec=[1.05] moveRatio=0.7232541303 (moveT=1288.797996s, collT=493.1455034s)
Phase C ParMETIS: AdaptiveRepart (104151 cells, 1 constraints, ubvec=1.05)
Replicated mesh: rank 0 owns 28990 / 104151 cells
Local mesh: 28990 owned + 175 halo = 29165 / 104151 cells
Phase C ParMETIS AdaptiveRepart: 0 / 104151 cells changed (0)
Phase C auto DLB complete: rebalance #94

    Number of DSMC particles        = 9229304
    Number of stuck particles       = 0
    Number of free particles        = 9229304
    Average linear kinetic energy   = 4.169482402e-19
    Average rotational energy       = 5.221591089e-20
    Average vibrational energy      = 3.047924217e-20
    Average electronic energy       = 0
    Total energy                    = 46.11360768

Stage 1.0  ExecutionTime = 44346.81 s  ClockTime = 3445 s  Iteration 4950 (17.15 s)

Time = 0.001984

    Collision global reduction skipped (rank 0 local diagnostics)
    Collisions                      = 715032
    Collision candidates           = 1945732
    Collision acceptance rate      = 0.3674874032

    Number of DSMC particles        = 9231779
    Number of stuck particles       = 0
    Number of free particles        = 9231779
    Average linear kinetic energy   = 4.168572698e-19
    Average rotational energy       = 5.217769779e-20
    Average vibrational energy      = 3.048823007e-20
    Average electronic energy       = 0
    Total energy                    = 46.11487766

Stage 1.0  ExecutionTime = 44457.02 s  ClockTime = 3455 s  Iteration 4960 (13.79 s)

Time = 0.001988

    Collision global reduction skipped (rank 0 local diagnostics)
    Collisions                      = 714892
    Collision candidates           = 1944827
    Collision acceptance rate      = 0.3675864229

    Number of DSMC particles        = 9234592
    Number of stuck particles       = 0
    Number of free particles        = 9234592
    Average linear kinetic energy   = 4.168005741e-19
    Average rotational energy       = 5.220346414e-20
    Average vibrational energy      = 3.047472763e-20
    Average electronic energy       = 0
    Total energy                    = 46.12482615

Stage 1.0  ExecutionTime = 44567.2 s  ClockTime = 3464 s  Iteration 4970 (13.77 s)

Time = 0.001992

    Collision global reduction skipped (rank 0 local diagnostics)
    Collisions                      = 715970
    Collision candidates           = 1946620
    Collision acceptance rate      = 0.3678016254

    Number of DSMC particles        = 9236830
    Number of stuck particles       = 0
    Number of free particles        = 9236830
    Average linear kinetic energy   = 4.167183861e-19
    Average rotational energy       = 5.220177795e-20
    Average vibrational energy      = 3.048620961e-20
    Average electronic energy       = 0
    Total energy                    = 46.12931774

Stage 1.0  ExecutionTime = 44677.34 s  ClockTime = 3473 s  Iteration 4980 (13.8 s)

Time = 0.001996

    Collision global reduction skipped (rank 0 local diagnostics)
    Collisions                      = 716090
    Collision candidates           = 1946647
    Collision acceptance rate      = 0.3678581684

    Number of DSMC particles        = 9238946
    Number of stuck particles       = 0
    Number of free particles        = 9238946
    Average linear kinetic energy   = 4.166482006e-19
    Average rotational energy       = 5.219259255e-20
    Average vibrational energy      = 3.048166304e-20
    Average electronic energy       = 0
    Total energy                    = 46.1321321

Stage 1.0  ExecutionTime = 44787.52 s  ClockTime = 3482 s  Iteration 4990 (13.8 s)

Time = 0.002

    Collision global reduction skipped (rank 0 local diagnostics)
    Collisions                      = 716096
    Collision candidates           = 1948955
    Collision acceptance rate      = 0.3674256204


Phase C auto DLB triggered (threshold) at step 5000: sar=0 loadImbalance=2.033905327 threshold=1.5 particleMaxMin=1
Phase C ParMETIS weights: particles=9241444 activeCells=104151 maxCellParticles=291
Phase C ParMETIS: alpha=1 ncon=1 ubvec=[1.05] moveRatio=0.7233722409 (moveT=1307.481285s, collT=499.9993052s)
Phase C ParMETIS: AdaptiveRepart (104151 cells, 1 constraints, ubvec=1.05)
Replicated mesh: rank 0 owns 28990 / 104151 cells
Local mesh: 28990 owned + 175 halo = 29165 / 104151 cells
Phase C ParMETIS AdaptiveRepart: 0 / 104151 cells changed (0)
Phase C auto DLB complete: rebalance #95

    Number of DSMC particles        = 9241444
    Number of stuck particles       = 0
    Number of free particles        = 9241444
    Average linear kinetic energy   = 4.165876739e-19
    Average rotational energy       = 5.216016127e-20
    Average vibrational energy      = 3.04930441e-20
    Average electronic energy       = 0
    Total energy                    = 46.13706628
Replicated mesh: wrote gathered cloud on rank0 at output time 0.002 with 9241444 parcels
Written cellOwner field at output time 0.002
Replicated mesh output timing:
    gather parcels [s]       = 1.47
    rank0 write [s]           = 22.3
    migrate-back [s]          = 1.46


Stage 1.0  ExecutionTime = 44942.2 s  ClockTime = 3519 s  Iteration 5000 (58.25 s)

    Maximum imbalance = 4.533360804%

Time = 0.002004

    Collision global reduction skipped (rank 0 local diagnostics)
    Collisions                      = 716282
    Collision candidates           = 1951954
    Collision acceptance rate      = 0.3669563934

    Number of DSMC particles        = 9244014
    Number of stuck particles       = 0
    Number of free particles        = 9244014
    Average linear kinetic energy   = 4.164397175e-19
    Average rotational energy       = 5.221995294e-20
    Average vibrational energy      = 3.047810983e-20
    Average electronic energy       = 0
    Total energy                    = 46.14036628

Stage 1.0  ExecutionTime = 45052.46 s  ClockTime = 3528 s  Iteration 5010 (13.79 s)

Time = 0.002008

    Collision global reduction skipped (rank 0 local diagnostics)
    Collisions                      = 717601
    Collision candidates           = 1952201
    Collision acceptance rate      = 0.3675856123

    Number of DSMC particles        = 9246940
    Number of stuck particles       = 0
    Number of free particles        = 9246940
    Average linear kinetic energy   = 4.164317754e-19
    Average rotational energy       = 5.221715813e-20
    Average vibrational energy      = 3.046423671e-20
    Average electronic energy       = 0
    Total energy                    = 46.15269539

Stage 1.0  ExecutionTime = 45162.89 s  ClockTime = 3538 s  Iteration 5020 (13.79 s)

Time = 0.002012

    Collision global reduction skipped (rank 0 local diagnostics)
    Collisions                      = 716571
    Collision candidates           = 1951933
    Collision acceptance rate      = 0.3671083997

    Number of DSMC particles        = 9249232
    Number of stuck particles       = 0
    Number of free particles        = 9249232
    Average linear kinetic energy   = 4.163822928e-19
    Average rotational energy       = 5.224156321e-20
    Average vibrational energy      = 3.047173967e-20
    Average electronic energy       = 0
    Total energy                    = 46.16250954

Stage 1.0  ExecutionTime = 45273.34 s  ClockTime = 3547 s  Iteration 5030 (13.85 s)

Time = 0.002016

    Collision global reduction skipped (rank 0 local diagnostics)
    Collisions                      = 716967
    Collision candidates           = 1951145
    Collision acceptance rate      = 0.3674596199

    Number of DSMC particles        = 9251117
    Number of stuck particles       = 0
    Number of free particles        = 9251117
    Average linear kinetic energy   = 4.163525536e-19
    Average rotational energy       = 5.222415404e-20
    Average vibrational energy      = 3.046025997e-20
    Average electronic energy       = 0
    Total energy                    = 46.16649375

Stage 1.0  ExecutionTime = 45383.6 s  ClockTime = 3556 s  Iteration 5040 (13.77 s)

Time = 0.00202

    Collision global reduction skipped (rank 0 local diagnostics)
    Collisions                      = 716491
    Collision candidates           = 1951697
    Collision acceptance rate      = 0.3671118007


Phase C auto DLB triggered (threshold) at step 5050: sar=0 loadImbalance=2.63863282 threshold=1.5 particleMaxMin=1
Phase C ParMETIS weights: particles=9253384 activeCells=104151 maxCellParticles=288
Phase C ParMETIS: alpha=1 ncon=1 ubvec=[1.05] moveRatio=0.7234662954 (moveT=1326.055124s, collT=506.8638834s)
Phase C ParMETIS: AdaptiveRepart (104151 cells, 1 constraints, ubvec=1.05)
Replicated mesh: rank 0 owns 28990 / 104151 cells
Local mesh: 28990 owned + 175 halo = 29165 / 104151 cells
Phase C ParMETIS AdaptiveRepart: 0 / 104151 cells changed (0)
Phase C auto DLB complete: rebalance #96

    Number of DSMC particles        = 9253384
    Number of stuck particles       = 0
    Number of free particles        = 9253384
    Average linear kinetic energy   = 4.163067557e-19
    Average rotational energy       = 5.218915281e-20
    Average vibrational energy      = 3.045412536e-20
    Average electronic energy       = 0
    Total energy                    = 46.1697626

Stage 1.0  ExecutionTime = 45497.21 s  ClockTime = 3566 s  Iteration 5050 (17.11 s)

Time = 0.002024

    Collision global reduction skipped (rank 0 local diagnostics)
    Collisions                      = 717484
    Collision candidates           = 1952600
    Collision acceptance rate      = 0.3674505787

    Number of DSMC particles        = 9255761
    Number of stuck particles       = 0
    Number of free particles        = 9255761
    Average linear kinetic energy   = 4.16210347e-19
    Average rotational energy       = 5.219962063e-20
    Average vibrational energy      = 3.045073896e-20
    Average electronic energy       = 0
    Total energy                    = 46.17335472

Stage 1.0  ExecutionTime = 45607.68 s  ClockTime = 3575 s  Iteration 5060 (13.8 s)

Time = 0.002028

    Collision global reduction skipped (rank 0 local diagnostics)
    Collisions                      = 717696
    Collision candidates           = 1951885
    Collision acceptance rate      = 0.3676937934

    Number of DSMC particles        = 9258363
    Number of stuck particles       = 0
    Number of free particles        = 9258363
    Average linear kinetic energy   = 4.161615578e-19
    Average rotational energy       = 5.217367806e-20
    Average vibrational energy      = 3.044656413e-20
    Average electronic energy       = 0
    Total energy                    = 46.17902962

Stage 1.0  ExecutionTime = 45718.11 s  ClockTime = 3585 s  Iteration 5070 (13.81 s)

Time = 0.002032

    Collision global reduction skipped (rank 0 local diagnostics)
    Collisions                      = 718565
    Collision candidates           = 1954955
    Collision acceptance rate      = 0.3675608901

    Number of DSMC particles        = 9260150
    Number of stuck particles       = 0
    Number of free particles        = 9260150
    Average linear kinetic energy   = 4.1610396e-19
    Average rotational energy       = 5.220683489e-20
    Average vibrational energy      = 3.045919263e-20
    Average electronic energy       = 0
    Total energy                    = 46.186849

Stage 1.0  ExecutionTime = 45828.59 s  ClockTime = 3594 s  Iteration 5080 (13.83 s)

Time = 0.002036

    Collision global reduction skipped (rank 0 local diagnostics)
    Collisions                      = 719192
    Collision candidates           = 1955306
    Collision acceptance rate      = 0.3678155746

    Number of DSMC particles        = 9262050
    Number of stuck particles       = 0
    Number of free particles        = 9262050
    Average linear kinetic energy   = 4.160167837e-19
    Average rotational energy       = 5.223845963e-20
    Average vibrational energy      = 3.044897087e-20
    Average electronic energy       = 0
    Total energy                    = 46.19023367

Stage 1.0  ExecutionTime = 45939.17 s  ClockTime = 3603 s  Iteration 5090 (13.82 s)

Time = 0.00204

    Collision global reduction skipped (rank 0 local diagnostics)
    Collisions                      = 719565
    Collision candidates           = 1955848
    Collision acceptance rate      = 0.3679043566


Phase C auto DLB triggered (threshold) at step 5100: sar=0 loadImbalance=2.293121169 threshold=1.5 particleMaxMin=1
Phase C ParMETIS weights: particles=9264637 activeCells=104151 maxCellParticles=291
Phase C ParMETIS: alpha=1 ncon=1 ubvec=[1.05] moveRatio=0.7235800827 (moveT=1344.890887s, collT=513.7712281s)
Phase C ParMETIS: AdaptiveRepart (104151 cells, 1 constraints, ubvec=1.05)
Replicated mesh: rank 0 owns 28990 / 104151 cells
Local mesh: 28990 owned + 175 halo = 29165 / 104151 cells
Phase C ParMETIS AdaptiveRepart: 0 / 104151 cells changed (0)
Phase C auto DLB complete: rebalance #97

    Number of DSMC particles        = 9264637
    Number of stuck particles       = 0
    Number of free particles        = 9264637
    Average linear kinetic energy   = 4.159611573e-19
    Average rotational energy       = 5.221537306e-20
    Average vibrational energy      = 3.04675579e-20
    Average electronic energy       = 0
    Total energy                    = 46.1975647

Stage 1.0  ExecutionTime = 46053 s  ClockTime = 3613 s  Iteration 5100 (17.14 s)

Time = 0.002044

    Collision global reduction skipped (rank 0 local diagnostics)
    Collisions                      = 720163
    Collision candidates           = 1956730
    Collision acceptance rate      = 0.3680441349

    Number of DSMC particles        = 9266913
    Number of stuck particles       = 0
    Number of free particles        = 9266913
    Average linear kinetic energy   = 4.159276357e-19
    Average rotational energy       = 5.222260207e-20
    Average vibrational energy      = 3.045467308e-20
    Average electronic energy       = 0
    Total energy                    = 46.20528331

Stage 1.0  ExecutionTime = 46163.62 s  ClockTime = 3622 s  Iteration 5110 (13.85 s)

Time = 0.002048

    Collision global reduction skipped (rank 0 local diagnostics)
    Collisions                      = 719947
    Collision candidates           = 1958408
    Collision acceptance rate      = 0.3676184942

    Number of DSMC particles        = 9268957
    Number of stuck particles       = 0
    Number of free particles        = 9268957
    Average linear kinetic energy   = 4.158807777e-19
    Average rotational energy       = 5.220086176e-20
    Average vibrational energy      = 3.046839485e-20
    Average electronic energy       = 0
    Total energy                    = 46.2103883

Stage 1.0  ExecutionTime = 46274.08 s  ClockTime = 3632 s  Iteration 5120 (13.82 s)

Time = 0.002052

    Collision global reduction skipped (rank 0 local diagnostics)
    Collisions                      = 720318
    Collision candidates           = 1958190
    Collision acceptance rate      = 0.3678488809

    Number of DSMC particles        = 9270701
    Number of stuck particles       = 0
    Number of free particles        = 9270701
    Average linear kinetic energy   = 4.157553088e-19
    Average rotational energy       = 5.221249565e-20
    Average vibrational energy      = 3.047344371e-20
    Average electronic energy       = 0
    Total energy                    = 46.20899778

Stage 1.0  ExecutionTime = 46384.53 s  ClockTime = 3641 s  Iteration 5130 (13.81 s)

Time = 0.002056

    Collision global reduction skipped (rank 0 local diagnostics)
    Collisions                      = 721111
    Collision candidates           = 1959013
    Collision acceptance rate      = 0.3680991397

    Number of DSMC particles        = 9273133
    Number of stuck particles       = 0
    Number of free particles        = 9273133
    Average linear kinetic energy   = 4.156981131e-19
    Average rotational energy       = 5.221555513e-20
    Average vibrational energy      = 3.047616015e-20
    Average electronic energy       = 0
    Total energy                    = 46.21635165

Stage 1.0  ExecutionTime = 46495.13 s  ClockTime = 3650 s  Iteration 5140 (13.81 s)

Time = 0.00206

    Collision global reduction skipped (rank 0 local diagnostics)
    Collisions                      = 719135
    Collision candidates           = 1957881
    Collision acceptance rate      = 0.3673027115


Phase C auto DLB triggered (threshold) at step 5150: sar=0 loadImbalance=2.246411247 threshold=1.5 particleMaxMin=1
Phase C ParMETIS weights: particles=9275185 activeCells=104151 maxCellParticles=292
Phase C ParMETIS: alpha=1 ncon=1 ubvec=[1.05] moveRatio=0.7236991366 (moveT=1363.779846s, collT=520.6770743s)
Phase C ParMETIS: AdaptiveRepart (104151 cells, 1 constraints, ubvec=1.05)
Replicated mesh: rank 0 owns 28990 / 104151 cells
Local mesh: 28990 owned + 175 halo = 29165 / 104151 cells
Phase C ParMETIS AdaptiveRepart: 0 / 104151 cells changed (0)
Phase C auto DLB complete: rebalance #98

    Number of DSMC particles        = 9275185
    Number of stuck particles       = 0
    Number of free particles        = 9275185
    Average linear kinetic energy   = 4.156388945e-19
    Average rotational energy       = 5.219710701e-20
    Average vibrational energy      = 3.048138761e-20
    Average electronic energy       = 0
    Total energy                    = 46.21985973

Stage 1.0  ExecutionTime = 46608.97 s  ClockTime = 3660 s  Iteration 5150 (17.17 s)

Time = 0.002064

    Collision global reduction skipped (rank 0 local diagnostics)
    Collisions                      = 721163
    Collision candidates           = 1958613
    Collision acceptance rate      = 0.3682008646

    Number of DSMC particles        = 9277410
    Number of stuck particles       = 0
    Number of free particles        = 9277410
    Average linear kinetic energy   = 4.155908762e-19
    Average rotational energy       = 5.216973555e-20
    Average vibrational energy      = 3.048209373e-20
    Average electronic energy       = 0
    Total energy                    = 46.22401858

Stage 1.0  ExecutionTime = 46719.48 s  ClockTime = 3670 s  Iteration 5160 (13.84 s)

Time = 0.002068

    Collision global reduction skipped (rank 0 local diagnostics)
    Collisions                      = 721038
    Collision candidates           = 1959835
    Collision acceptance rate      = 0.3679075024

    Number of DSMC particles        = 9279266
    Number of stuck particles       = 0
    Number of free particles        = 9279266
    Average linear kinetic energy   = 4.154932132e-19
    Average rotational energy       = 5.218746332e-20
    Average vibrational energy      = 3.049586961e-20
    Average electronic energy       = 0
    Total energy                    = 46.22712687

Stage 1.0  ExecutionTime = 46830.05 s  ClockTime = 3679 s  Iteration 5170 (13.81 s)

Time = 0.002072

    Collision global reduction skipped (rank 0 local diagnostics)
    Collisions                      = 721244
    Collision candidates           = 1959995
    Collision acceptance rate      = 0.3679825714

    Number of DSMC particles        = 9280924
    Number of stuck particles       = 0
    Number of free particles        = 9280924
    Average linear kinetic energy   = 4.154053896e-19
    Average rotational energy       = 5.217988193e-20
    Average vibrational energy      = 3.049751932e-20
    Average electronic energy       = 0
    Total energy                    = 46.22668527

Stage 1.0  ExecutionTime = 46940.64 s  ClockTime = 3688 s  Iteration 5180 (13.82 s)

Time = 0.002076

    Collision global reduction skipped (rank 0 local diagnostics)
    Collisions                      = 719187
    Collision candidates           = 1959442
    Collision acceptance rate      = 0.3670366359

    Number of DSMC particles        = 9283325
    Number of stuck particles       = 0
    Number of free particles        = 9283325
    Average linear kinetic energy   = 4.153325087e-19
    Average rotational energy       = 5.222511387e-20
    Average vibrational energy      = 3.049208539e-20
    Average electronic energy       = 0
    Total energy                    = 46.23557305

Stage 1.0  ExecutionTime = 47051.24 s  ClockTime = 3698 s  Iteration 5190 (13.83 s)

Time = 0.00208

    Collision global reduction skipped (rank 0 local diagnostics)
    Collisions                      = 720557
    Collision candidates           = 1962004
    Collision acceptance rate      = 0.3672556223


Phase C auto DLB triggered (threshold) at step 5200: sar=0 loadImbalance=2.204326066 threshold=1.5 particleMaxMin=1
Phase C ParMETIS weights: particles=9285298 activeCells=104151 maxCellParticles=294
Phase C ParMETIS: alpha=1 ncon=1 ubvec=[1.05] moveRatio=0.7238131882 (moveT=1382.663916s, collT=527.5857709s)
Phase C ParMETIS: AdaptiveRepart (104151 cells, 1 constraints, ubvec=1.05)
Replicated mesh: rank 0 owns 28990 / 104151 cells
Local mesh: 28990 owned + 175 halo = 29165 / 104151 cells
Phase C ParMETIS AdaptiveRepart: 0 / 104151 cells changed (0)
Phase C auto DLB complete: rebalance #99

    Number of DSMC particles        = 9285298
    Number of stuck particles       = 0
    Number of free particles        = 9285298
    Average linear kinetic energy   = 4.152960006e-19
    Average rotational energy       = 5.219208819e-20
    Average vibrational energy      = 3.050019135e-20
    Average electronic energy       = 0
    Total energy                    = 46.23969582

Stage 1.0  ExecutionTime = 47165.15 s  ClockTime = 3707 s  Iteration 5200 (17.19 s)

Time = 0.002084

    Collision global reduction skipped (rank 0 local diagnostics)
    Collisions                      = 721417
    Collision candidates           = 1963722
    Collision acceptance rate      = 0.3673722655

    Number of DSMC particles        = 9287564
    Number of stuck particles       = 0
    Number of free particles        = 9287564
    Average linear kinetic energy   = 4.152920608e-19
    Average rotational energy       = 5.220164288e-20
    Average vibrational energy      = 3.048085667e-20
    Average electronic energy       = 0
    Total energy                    = 46.249706

Stage 1.0  ExecutionTime = 47275.77 s  ClockTime = 3717 s  Iteration 5210 (13.84 s)

Time = 0.002088

    Collision global reduction skipped (rank 0 local diagnostics)
    Collisions                      = 723339
    Collision candidates           = 1965033
    Collision acceptance rate      = 0.3681052685

    Number of DSMC particles        = 9289411
    Number of stuck particles       = 0
    Number of free particles        = 9289411
    Average linear kinetic energy   = 4.152191502e-19
    Average rotational energy       = 5.218380409e-20
    Average vibrational energy      = 3.049365931e-20
    Average electronic energy       = 0
    Total energy                    = 46.25166279

Stage 1.0  ExecutionTime = 47386.48 s  ClockTime = 3726 s  Iteration 5220 (13.84 s)

Time = 0.002092

    Collision global reduction skipped (rank 0 local diagnostics)
    Collisions                      = 721374
    Collision candidates           = 1963596
    Collision acceptance rate      = 0.3673739405

    Number of DSMC particles        = 9291491
    Number of stuck particles       = 0
    Number of free particles        = 9291491
    Average linear kinetic energy   = 4.152152489e-19
    Average rotational energy       = 5.216408503e-20
    Average vibrational energy      = 3.04924423e-20
    Average electronic energy       = 0
    Total energy                    = 46.25971128

Stage 1.0  ExecutionTime = 47497.14 s  ClockTime = 3736 s  Iteration 5230 (13.83 s)

Time = 0.002096

    Collision global reduction skipped (rank 0 local diagnostics)
    Collisions                      = 721085
    Collision candidates           = 1962139
    Collision acceptance rate      = 0.3674994483

    Number of DSMC particles        = 9294114
    Number of stuck particles       = 0
    Number of free particles        = 9294114
    Average linear kinetic energy   = 4.15174926e-19
    Average rotational energy       = 5.215724277e-20
    Average vibrational energy      = 3.048561049e-20
    Average electronic energy       = 0
    Total energy                    = 46.26775191

Stage 1.0  ExecutionTime = 47607.76 s  ClockTime = 3745 s  Iteration 5240 (13.83 s)

Time = 0.0021

    Collision global reduction skipped (rank 0 local diagnostics)
    Collisions                      = 720727
    Collision candidates           = 1962760
    Collision acceptance rate      = 0.3672007785


Phase C auto DLB triggered (threshold) at step 5250: sar=0 loadImbalance=2.170772926 threshold=1.5 particleMaxMin=1
Phase C ParMETIS weights: particles=9296455 activeCells=104151 maxCellParticles=294
Phase C ParMETIS: alpha=1 ncon=1 ubvec=[1.05] moveRatio=0.7239350657 (moveT=1401.629797s, collT=534.4966091s)
Phase C ParMETIS: AdaptiveRepart (104151 cells, 1 constraints, ubvec=1.05)
Replicated mesh: rank 0 owns 28990 / 104151 cells
Local mesh: 28990 owned + 175 halo = 29165 / 104151 cells
Phase C ParMETIS AdaptiveRepart: 0 / 104151 cells changed (0)
Phase C auto DLB complete: rebalance #100

    Number of DSMC particles        = 9296455
    Number of stuck particles       = 0
    Number of free particles        = 9296455
    Average linear kinetic energy   = 4.15108698e-19
    Average rotational energy       = 5.216006778e-20
    Average vibrational energy      = 3.048685033e-20
    Average electronic energy       = 0
    Total energy                    = 46.27362686

Stage 1.0  ExecutionTime = 47721.75 s  ClockTime = 3755 s  Iteration 5250 (17.17 s)

Time = 0.002104

    Collision global reduction skipped (rank 0 local diagnostics)
    Collisions                      = 719723
    Collision candidates           = 1962336
    Collision acceptance rate      = 0.3667684841

    Number of DSMC particles        = 9298333
    Number of stuck particles       = 0
    Number of free particles        = 9298333
    Average linear kinetic energy   = 4.15024951e-19
    Average rotational energy       = 5.2162214e-20
    Average vibrational energy      = 3.048268581e-20
    Average electronic energy       = 0
    Total energy                    = 46.27499997

Stage 1.0  ExecutionTime = 47832.38 s  ClockTime = 3764 s  Iteration 5260 (13.84 s)

Time = 0.002108

    Collision global reduction skipped (rank 0 local diagnostics)
    Collisions                      = 721906
    Collision candidates           = 1963551
    Collision acceptance rate      = 0.3676532975

    Number of DSMC particles        = 9300280
    Number of stuck particles       = 0
    Number of free particles        = 9300280
    Average linear kinetic energy   = 4.149670681e-19
    Average rotational energy       = 5.213572243e-20
    Average vibrational energy      = 3.048117807e-20
    Average electronic energy       = 0
    Total energy                    = 46.27670231

Stage 1.0  ExecutionTime = 47943.15 s  ClockTime = 3773 s  Iteration 5270 (13.87 s)

Time = 0.002112

    Collision global reduction skipped (rank 0 local diagnostics)
    Collisions                      = 721631
    Collision candidates           = 1964538
    Collision acceptance rate      = 0.3673286035

    Number of DSMC particles        = 9302301
    Number of stuck particles       = 0
    Number of free particles        = 9302301
    Average linear kinetic energy   = 4.149087576e-19
    Average rotational energy       = 5.216833259e-20
    Average vibrational energy      = 3.047428637e-20
    Average electronic energy       = 0
    Total energy                    = 46.28372667

Stage 1.0  ExecutionTime = 48053.74 s  ClockTime = 3783 s  Iteration 5280 (13.84 s)

Time = 0.002116

    Collision global reduction skipped (rank 0 local diagnostics)
    Collisions                      = 722561
    Collision candidates           = 1964685
    Collision acceptance rate      = 0.3677744778

    Number of DSMC particles        = 9304459
    Number of stuck particles       = 0
    Number of free particles        = 9304459
    Average linear kinetic energy   = 4.148881839e-19
    Average rotational energy       = 5.214033517e-20
    Average vibrational energy      = 3.047702309e-20
    Average electronic energy       = 0
    Total energy                    = 46.29019919

Stage 1.0  ExecutionTime = 48164.34 s  ClockTime = 3792 s  Iteration 5290 (13.84 s)

Time = 0.00212

    Collision global reduction skipped (rank 0 local diagnostics)
    Collisions                      = 720897
    Collision candidates           = 1965142
    Collision acceptance rate      = 0.3668421926


Phase C auto DLB triggered (threshold) at step 5300: sar=0 loadImbalance=2.144818068 threshold=1.5 particleMaxMin=1
Phase C ParMETIS weights: particles=9305946 activeCells=104151 maxCellParticles=290
Phase C ParMETIS: alpha=1 ncon=1 ubvec=[1.05] moveRatio=0.7240588995 (moveT=1420.617809s, collT=541.4018692s)
Phase C ParMETIS: AdaptiveRepart (104151 cells, 1 constraints, ubvec=1.05)
Replicated mesh: rank 0 owns 28990 / 104151 cells
Local mesh: 28990 owned + 175 halo = 29165 / 104151 cells
Phase C ParMETIS AdaptiveRepart: 0 / 104151 cells changed (0)
Phase C auto DLB complete: rebalance #101

    Number of DSMC particles        = 9305946
    Number of stuck particles       = 0
    Number of free particles        = 9305946
    Average linear kinetic energy   = 4.147606005e-19
    Average rotational energy       = 5.214478907e-20
    Average vibrational energy      = 3.049419991e-20
    Average electronic energy       = 0
    Total energy                    = 46.2877372

Stage 1.0  ExecutionTime = 48278.45 s  ClockTime = 3802 s  Iteration 5300 (17.18 s)

Time = 0.002124

    Collision global reduction skipped (rank 0 local diagnostics)
    Collisions                      = 721492
    Collision candidates           = 1963938
    Collision acceptance rate      = 0.3673700494

    Number of DSMC particles        = 9307677
    Number of stuck particles       = 0
    Number of free particles        = 9307677
    Average linear kinetic energy   = 4.147006756e-19
    Average rotational energy       = 5.216563367e-20
    Average vibrational energy      = 3.049889972e-20
    Average electronic energy       = 0
    Total energy                    = 46.29314717

Stage 1.0  ExecutionTime = 48389.22 s  ClockTime = 3811 s  Iteration 5310 (13.85 s)

Time = 0.002128

    Collision global reduction skipped (rank 0 local diagnostics)
    Collisions                      = 721234
    Collision candidates           = 1963742
    Collision acceptance rate      = 0.3672753345

    Number of DSMC particles        = 9309524
    Number of stuck particles       = 0
    Number of free particles        = 9309524
    Average linear kinetic energy   = 4.146744044e-19
    Average rotational energy       = 5.21910442e-20
    Average vibrational energy      = 3.047844191e-20
    Average electronic energy       = 0
    Total energy                    = 46.30034885

Stage 1.0  ExecutionTime = 48500.06 s  ClockTime = 3821 s  Iteration 5320 (13.83 s)

Time = 0.002132

    Collision global reduction skipped (rank 0 local diagnostics)
    Collisions                      = 722286
    Collision candidates           = 1965248
    Collision acceptance rate      = 0.3675291872

    Number of DSMC particles        = 9311040
    Number of stuck particles       = 0
    Number of free particles        = 9311040
    Average linear kinetic energy   = 4.146351878e-19
    Average rotational energy       = 5.216669021e-20
    Average vibrational energy      = 3.047071291e-20
    Average electronic energy       = 0
    Total energy                    = 46.30124985

Stage 1.0  ExecutionTime = 48610.76 s  ClockTime = 3830 s  Iteration 5330 (13.78 s)

Time = 0.002136

    Collision global reduction skipped (rank 0 local diagnostics)
    Collisions                      = 722312
    Collision candidates           = 1965194
    Collision acceptance rate      = 0.3675525164

    Number of DSMC particles        = 9313080
    Number of stuck particles       = 0
    Number of free particles        = 9313080
    Average linear kinetic energy   = 4.145781647e-19
    Average rotational energy       = 5.21732501e-20
    Average vibrational energy      = 3.046639511e-20
    Average electronic energy       = 0
    Total energy                    = 46.30629241

Stage 1.0  ExecutionTime = 48721.49 s  ClockTime = 3840 s  Iteration 5340 (13.83 s)

Time = 0.00214

    Collision global reduction skipped (rank 0 local diagnostics)
    Collisions                      = 723584
    Collision candidates           = 1968217
    Collision acceptance rate      = 0.3676342598


Phase C auto DLB triggered (threshold) at step 5350: sar=0 loadImbalance=2.120665967 threshold=1.5 particleMaxMin=1
Phase C ParMETIS weights: particles=9315546 activeCells=104151 maxCellParticles=295
Phase C ParMETIS: alpha=1 ncon=1 ubvec=[1.05] moveRatio=0.7241789676 (moveT=1439.643222s, collT=548.322856s)
Phase C ParMETIS: AdaptiveRepart (104151 cells, 1 constraints, ubvec=1.05)
Replicated mesh: rank 0 owns 28990 / 104151 cells
Local mesh: 28990 owned + 175 halo = 29165 / 104151 cells
Phase C ParMETIS AdaptiveRepart: 0 / 104151 cells changed (0)
Phase C auto DLB complete: rebalance #102

    Number of DSMC particles        = 9315546
    Number of stuck particles       = 0
    Number of free particles        = 9315546
    Average linear kinetic energy   = 4.145480692e-19
    Average rotational energy       = 5.21116147e-20
    Average vibrational energy      = 3.046794846e-20
    Average electronic energy       = 0
    Total energy                    = 46.31015327

Stage 1.0  ExecutionTime = 48835.71 s  ClockTime = 3849 s  Iteration 5350 (17.26 s)

Time = 0.002144

    Collision global reduction skipped (rank 0 local diagnostics)
    Collisions                      = 724544
    Collision candidates           = 1968934
    Collision acceptance rate      = 0.3679879569

    Number of DSMC particles        = 9317680
    Number of stuck particles       = 0
    Number of free particles        = 9317680
    Average linear kinetic energy   = 4.144946952e-19
    Average rotational energy       = 5.211929361e-20
    Average vibrational energy      = 3.047007566e-20
    Average electronic energy       = 0
    Total energy                    = 46.31670246

Stage 1.0  ExecutionTime = 48946.51 s  ClockTime = 3859 s  Iteration 5360 (13.86 s)

Time = 0.002148

    Collision global reduction skipped (rank 0 local diagnostics)
    Collisions                      = 724003
    Collision candidates           = 1970949
    Collision acceptance rate      = 0.3673372573

    Number of DSMC particles        = 9319394
    Number of stuck particles       = 0
    Number of free particles        = 9319394
    Average linear kinetic energy   = 4.144073206e-19
    Average rotational energy       = 5.212675923e-20
    Average vibrational energy      = 3.046280809e-20
    Average electronic energy       = 0
    Total energy                    = 46.31709816

Stage 1.0  ExecutionTime = 49057.34 s  ClockTime = 3868 s  Iteration 5370 (13.85 s)

Time = 0.002152

    Collision global reduction skipped (rank 0 local diagnostics)
    Collisions                      = 722959
    Collision candidates           = 1972158
    Collision acceptance rate      = 0.3665826977

    Number of DSMC particles        = 9321172
    Number of stuck particles       = 0
    Number of free particles        = 9321172
    Average linear kinetic energy   = 4.143387143e-19
    Average rotational energy       = 5.213700949e-20
    Average vibrational energy      = 3.04576723e-20
    Average electronic energy       = 0
    Total energy                    = 46.32001657

Stage 1.0  ExecutionTime = 49168.16 s  ClockTime = 3878 s  Iteration 5380 (13.84 s)

Time = 0.002156

    Collision global reduction skipped (rank 0 local diagnostics)
    Collisions                      = 726126
    Collision candidates           = 1975708
    Collision acceptance rate      = 0.3675269827

    Number of DSMC particles        = 9323055
    Number of stuck particles       = 0
    Number of free particles        = 9323055
    Average linear kinetic energy   = 4.142316759e-19
    Average rotational energy       = 5.214382652e-20
    Average vibrational energy      = 3.045798389e-20
    Average electronic energy       = 0
    Total energy                    = 46.32005919

Stage 1.0  ExecutionTime = 49278.98 s  ClockTime = 3887 s  Iteration 5390 (13.86 s)

Time = 0.00216

    Collision global reduction skipped (rank 0 local diagnostics)
    Collisions                      = 724845
    Collision candidates           = 1976682
    Collision acceptance rate      = 0.36669783


Phase C auto DLB triggered (threshold) at step 5400: sar=0 loadImbalance=2.105662129 threshold=1.5 particleMaxMin=1
Phase C ParMETIS weights: particles=9325143 activeCells=104151 maxCellParticles=301
Phase C ParMETIS: alpha=1 ncon=1 ubvec=[1.05] moveRatio=0.7242847911 (moveT=1458.644684s, collT=555.2657305s)
Phase C ParMETIS: AdaptiveRepart (104151 cells, 1 constraints, ubvec=1.05)
Replicated mesh: rank 0 owns 28990 / 104151 cells
Local mesh: 28990 owned + 175 halo = 29165 / 104151 cells
Phase C ParMETIS AdaptiveRepart: 0 / 104151 cells changed (0)
Phase C auto DLB complete: rebalance #103

    Number of DSMC particles        = 9325143
    Number of stuck particles       = 0
    Number of free particles        = 9325143
    Average linear kinetic energy   = 4.141933627e-19
    Average rotational energy       = 5.212724514e-20
    Average vibrational energy      = 3.045427719e-20
    Average electronic energy       = 0
    Total energy                    = 46.32496842

Stage 1.0  ExecutionTime = 49393.28 s  ClockTime = 3897 s  Iteration 5400 (17.28 s)

Time = 0.002164

    Collision global reduction skipped (rank 0 local diagnostics)
    Collisions                      = 724922
    Collision candidates           = 1976886
    Collision acceptance rate      = 0.3666989396

    Number of DSMC particles        = 9327022
    Number of stuck particles       = 0
    Number of free particles        = 9327022
    Average linear kinetic energy   = 4.141017776e-19
    Average rotational energy       = 5.214405162e-20
    Average vibrational energy      = 3.044014826e-20
    Average electronic energy       = 0
    Total energy                    = 46.32601039

Stage 1.0  ExecutionTime = 49504.05 s  ClockTime = 3906 s  Iteration 5410 (13.84 s)

Time = 0.002168

    Collision global reduction skipped (rank 0 local diagnostics)
    Collisions                      = 723718
    Collision candidates           = 1974462
    Collision acceptance rate      = 0.3665393408

    Number of DSMC particles        = 9329153
    Number of stuck particles       = 0
    Number of free particles        = 9329153
    Average linear kinetic energy   = 4.140222543e-19
    Average rotational energy       = 5.213279374e-20
    Average vibrational energy      = 3.043779759e-20
    Average electronic energy       = 0
    Total energy                    = 46.32790636

Stage 1.0  ExecutionTime = 49614.81 s  ClockTime = 3916 s  Iteration 5420 (13.89 s)

Time = 0.002172

    Collision global reduction skipped (rank 0 local diagnostics)
    Collisions                      = 723567
    Collision candidates           = 1972179
    Collision acceptance rate      = 0.3668870828

    Number of DSMC particles        = 9330790
    Number of stuck particles       = 0
    Number of free particles        = 9330790
    Average linear kinetic energy   = 4.139911815e-19
    Average rotational energy       = 5.209206105e-20
    Average vibrational energy      = 3.045184662e-20
    Average electronic energy       = 0
    Total energy                    = 46.33064645

Stage 1.0  ExecutionTime = 49725.6 s  ClockTime = 3925 s  Iteration 5430 (13.88 s)

Time = 0.002176

    Collision global reduction skipped (rank 0 local diagnostics)
    Collisions                      = 722356
    Collision candidates           = 1972799
    Collision acceptance rate      = 0.3661579309

    Number of DSMC particles        = 9332631
    Number of stuck particles       = 0
    Number of free particles        = 9332631
    Average linear kinetic energy   = 4.139398122e-19
    Average rotational energy       = 5.209486919e-20
    Average vibrational energy      = 3.046444643e-20
    Average electronic energy       = 0
    Total energy                    = 46.33643152

Stage 1.0  ExecutionTime = 49836.34 s  ClockTime = 3935 s  Iteration 5440 (13.83 s)

Time = 0.00218

    Collision global reduction skipped (rank 0 local diagnostics)
    Collisions                      = 722652
    Collision candidates           = 1972582
    Collision acceptance rate      = 0.3663482684


Phase C auto DLB triggered (threshold) at step 5450: sar=0 loadImbalance=2.100955529 threshold=1.5 particleMaxMin=1
Phase C ParMETIS weights: particles=9334327 activeCells=104151 maxCellParticles=287
Phase C ParMETIS: alpha=1 ncon=1 ubvec=[1.05] moveRatio=0.7244026763 (moveT=1477.703096s, collT=562.188727s)
Phase C ParMETIS: AdaptiveRepart (104151 cells, 1 constraints, ubvec=1.05)
Replicated mesh: rank 0 owns 28990 / 104151 cells
Local mesh: 28990 owned + 175 halo = 29165 / 104151 cells
Phase C ParMETIS AdaptiveRepart: 0 / 104151 cells changed (0)
Phase C auto DLB complete: rebalance #104

    Number of DSMC particles        = 9334327
    Number of stuck particles       = 0
    Number of free particles        = 9334327
    Average linear kinetic energy   = 4.139483308e-19
    Average rotational energy       = 5.206570013e-20
    Average vibrational energy      = 3.045692703e-20
    Average electronic energy       = 0
    Total energy                    = 46.34222267

Stage 1.0  ExecutionTime = 49950.42 s  ClockTime = 3944 s  Iteration 5450 (17.19 s)

Time = 0.002184

    Collision global reduction skipped (rank 0 local diagnostics)
    Collisions                      = 724517
    Collision candidates           = 1973397
    Collision acceptance rate      = 0.3671420398

    Number of DSMC particles        = 9336344
    Number of stuck particles       = 0
    Number of free particles        = 9336344
    Average linear kinetic energy   = 4.138628583e-19
    Average rotational energy       = 5.208679451e-20
    Average vibrational energy      = 3.046206226e-20
    Average electronic energy       = 0
    Total energy                    = 46.34670537

Stage 1.0  ExecutionTime = 50061.27 s  ClockTime = 3954 s  Iteration 5460 (13.92 s)

Time = 0.002188

    Collision global reduction skipped (rank 0 local diagnostics)
    Collisions                      = 725036
    Collision candidates           = 1973273
    Collision acceptance rate      = 0.3674281258

    Number of DSMC particles        = 9338033
    Number of stuck particles       = 0
    Number of free particles        = 9338033
    Average linear kinetic energy   = 4.137792086e-19
    Average rotational energy       = 5.208343036e-20
    Average vibrational energy      = 3.047269873e-20
    Average electronic energy       = 0
    Total energy                    = 46.34795762

Stage 1.0  ExecutionTime = 50172.07 s  ClockTime = 3963 s  Iteration 5470 (13.85 s)

Time = 0.002192

    Collision global reduction skipped (rank 0 local diagnostics)
    Collisions                      = 724985
    Collision candidates           = 1973690
    Collision acceptance rate      = 0.3673246558

    Number of DSMC particles        = 9339515
    Number of stuck particles       = 0
    Number of free particles        = 9339515
    Average linear kinetic energy   = 4.137046453e-19
    Average rotational energy       = 5.210613844e-20
    Average vibrational energy      = 3.047320602e-20
    Average electronic energy       = 0
    Total energy                    = 46.35051767

Stage 1.0  ExecutionTime = 50282.81 s  ClockTime = 3973 s  Iteration 5480 (13.85 s)

Time = 0.002196

    Collision global reduction skipped (rank 0 local diagnostics)
    Collisions                      = 723900
    Collision candidates           = 1974574
    Collision acceptance rate      = 0.3666107221

    Number of DSMC particles        = 9341321
    Number of stuck particles       = 0
    Number of free particles        = 9341321
    Average linear kinetic energy   = 4.13588736e-19
    Average rotational energy       = 5.215994841e-20
    Average vibrational energy      = 3.047611761e-20
    Average electronic energy       = 0
    Total energy                    = 46.35395164

Stage 1.0  ExecutionTime = 50393.53 s  ClockTime = 3982 s  Iteration 5490 (13.83 s)

Time = 0.0022

    Collision global reduction skipped (rank 0 local diagnostics)
    Collisions                      = 724993
    Collision candidates           = 1976206
    Collision acceptance rate      = 0.3668610459


Phase C auto DLB triggered (threshold) at step 5500: sar=0 loadImbalance=2.093517888 threshold=1.5 particleMaxMin=1
Phase C ParMETIS weights: particles=9342734 activeCells=104151 maxCellParticles=295
Phase C ParMETIS: alpha=1 ncon=1 ubvec=[1.05] moveRatio=0.7245226147 (moveT=1496.766382s, collT=569.0992673s)
Phase C ParMETIS: AdaptiveRepart (104151 cells, 1 constraints, ubvec=1.05)
Replicated mesh: rank 0 owns 28990 / 104151 cells
Local mesh: 28990 owned + 175 halo = 29165 / 104151 cells
Phase C ParMETIS AdaptiveRepart: 0 / 104151 cells changed (0)
Phase C auto DLB complete: rebalance #105

    Number of DSMC particles        = 9342734
    Number of stuck particles       = 0
    Number of free particles        = 9342734
    Average linear kinetic energy   = 4.135987283e-19
    Average rotational energy       = 5.214011375e-20
    Average vibrational energy      = 3.048878273e-20
    Average electronic energy       = 0
    Total energy                    = 46.36122701

Stage 1.0  ExecutionTime = 50507.61 s  ClockTime = 3992 s  Iteration 5500 (17.2 s)

Time = 0.002204

    Collision global reduction skipped (rank 0 local diagnostics)
    Collisions                      = 725929
    Collision candidates           = 1976421
    Collision acceptance rate      = 0.3672947211

    Number of DSMC particles        = 9344679
    Number of stuck particles       = 0
    Number of free particles        = 9344679
    Average linear kinetic energy   = 4.135551193e-19
    Average rotational energy       = 5.211766358e-20
    Average vibrational energy      = 3.051082274e-20
    Average electronic energy       = 0
    Total energy                    = 46.3667652

Stage 1.0  ExecutionTime = 50618.58 s  ClockTime = 4001 s  Iteration 5510 (13.87 s)

Time = 0.002208

    Collision global reduction skipped (rank 0 local diagnostics)
    Collisions                      = 724229
    Collision candidates           = 1974480
    Collision acceptance rate      = 0.3667948017

    Number of DSMC particles        = 9346297
    Number of stuck particles       = 0
    Number of free particles        = 9346297
    Average linear kinetic energy   = 4.135049606e-19
    Average rotational energy       = 5.21255369e-20
    Average vibrational energy      = 3.050803225e-20
    Average electronic energy       = 0
    Total energy                    = 46.37058052

Stage 1.0  ExecutionTime = 50729.46 s  ClockTime = 4011 s  Iteration 5520 (13.86 s)

Time = 0.002212

    Collision global reduction skipped (rank 0 local diagnostics)
    Collisions                      = 724800
    Collision candidates           = 1975274
    Collision acceptance rate      = 0.3669364351

    Number of DSMC particles        = 9347714
    Number of stuck particles       = 0
    Number of free particles        = 9347714
    Average linear kinetic energy   = 4.134939888e-19
    Average rotational energy       = 5.213304939e-20
    Average vibrational energy      = 3.051797576e-20
    Average electronic energy       = 0
    Total energy                    = 46.37821693

Stage 1.0  ExecutionTime = 50840.46 s  ClockTime = 4020 s  Iteration 5530 (13.9 s)

Time = 0.002216

    Collision global reduction skipped (rank 0 local diagnostics)
    Collisions                      = 725063
    Collision candidates           = 1975799
    Collision acceptance rate      = 0.3669720452

    Number of DSMC particles        = 9349193
    Number of stuck particles       = 0
    Number of free particles        = 9349193
    Average linear kinetic energy   = 4.134793479e-19
    Average rotational energy       = 5.208223595e-20
    Average vibrational energy      = 3.049635752e-20
    Average electronic energy       = 0
    Total energy                    = 46.37741433

Stage 1.0  ExecutionTime = 50951.36 s  ClockTime = 4030 s  Iteration 5540 (13.87 s)

Time = 0.00222

    Collision global reduction skipped (rank 0 local diagnostics)
    Collisions                      = 726066
    Collision candidates           = 1978141
    Collision acceptance rate      = 0.3670446141


Phase C auto DLB triggered (threshold) at step 5550: sar=0 loadImbalance=2.092623554 threshold=1.5 particleMaxMin=1
Phase C ParMETIS weights: particles=9350399 activeCells=104151 maxCellParticles=301
Phase C ParMETIS: alpha=1 ncon=1 ubvec=[1.05] moveRatio=0.724627986 (moveT=1515.84943s, collT=576.0507716s)
Phase C ParMETIS: AdaptiveRepart (104151 cells, 1 constraints, ubvec=1.05)
Replicated mesh: rank 0 owns 28990 / 104151 cells
Local mesh: 28990 owned + 175 halo = 29165 / 104151 cells
Phase C ParMETIS AdaptiveRepart: 0 / 104151 cells changed (0)
Phase C auto DLB complete: rebalance #106

    Number of DSMC particles        = 9350399
    Number of stuck particles       = 0
    Number of free particles        = 9350399
    Average linear kinetic energy   = 4.134404352e-19
    Average rotational energy       = 5.210269112e-20
    Average vibrational energy      = 3.050034745e-20
    Average electronic energy       = 0
    Total energy                    = 46.38204401

Stage 1.0  ExecutionTime = 51065.62 s  ClockTime = 4039 s  Iteration 5550 (17.22 s)

Time = 0.002224

    Collision global reduction skipped (rank 0 local diagnostics)
    Collisions                      = 726553
    Collision candidates           = 1979299
    Collision acceptance rate      = 0.3670759193

    Number of DSMC particles        = 9351946
    Number of stuck particles       = 0
    Number of free particles        = 9351946
    Average linear kinetic energy   = 4.133539379e-19
    Average rotational energy       = 5.213920297e-20
    Average vibrational energy      = 3.049632637e-20
    Average electronic energy       = 0
    Total energy                    = 46.38466715

Stage 1.0  ExecutionTime = 51176.54 s  ClockTime = 4049 s  Iteration 5560 (13.88 s)

Time = 0.002228

    Collision global reduction skipped (rank 0 local diagnostics)
    Collisions                      = 725894
    Collision candidates           = 1978146
    Collision acceptance rate      = 0.3669567363

    Number of DSMC particles        = 9353609
    Number of stuck particles       = 0
    Number of free particles        = 9353609
    Average linear kinetic energy   = 4.132630508e-19
    Average rotational energy       = 5.216121845e-20
    Average vibrational energy      = 3.049511933e-20
    Average electronic energy       = 0
    Total energy                    = 46.38636056

Stage 1.0  ExecutionTime = 51287.5 s  ClockTime = 4058 s  Iteration 5570 (13.9 s)

Time = 0.002232

    Collision global reduction skipped (rank 0 local diagnostics)
    Collisions                      = 725813
    Collision candidates           = 1979206
    Collision acceptance rate      = 0.3667192804

    Number of DSMC particles        = 9355386
    Number of stuck particles       = 0
    Number of free particles        = 9355386
    Average linear kinetic energy   = 4.132317934e-19
    Average rotational energy       = 5.213789395e-20
    Average vibrational energy      = 3.048908738e-20
    Average electronic energy       = 0
    Total energy                    = 46.38950239

Stage 1.0  ExecutionTime = 51398.44 s  ClockTime = 4068 s  Iteration 5580 (13.87 s)

Time = 0.002236

    Collision global reduction skipped (rank 0 local diagnostics)
    Collisions                      = 726060
    Collision candidates           = 1979280
    Collision acceptance rate      = 0.3668303626

    Number of DSMC particles        = 9356952
    Number of stuck particles       = 0
    Number of free particles        = 9356952
    Average linear kinetic energy   = 4.131743695e-19
    Average rotational energy       = 5.212287283e-20
    Average vibrational energy      = 3.04863475e-20
    Average electronic energy       = 0
    Total energy                    = 46.39023253

Stage 1.0  ExecutionTime = 51509.41 s  ClockTime = 4077 s  Iteration 5590 (13.86 s)

Time = 0.00224

    Collision global reduction skipped (rank 0 local diagnostics)
    Collisions                      = 725313
    Collision candidates           = 1979853
    Collision acceptance rate      = 0.3663468955


Phase C auto DLB triggered (threshold) at step 5600: sar=0 loadImbalance=2.085955217 threshold=1.5 particleMaxMin=1
Phase C ParMETIS weights: particles=9358447 activeCells=104151 maxCellParticles=294
Phase C ParMETIS: alpha=1 ncon=1 ubvec=[1.05] moveRatio=0.724737403 (moveT=1534.962987s, collT=582.9944698s)
Phase C ParMETIS: AdaptiveRepart (104151 cells, 1 constraints, ubvec=1.05)
Replicated mesh: rank 0 owns 28990 / 104151 cells
Local mesh: 28990 owned + 175 halo = 29165 / 104151 cells
Phase C ParMETIS AdaptiveRepart: 0 / 104151 cells changed (0)
Phase C auto DLB complete: rebalance #107

    Number of DSMC particles        = 9358447
    Number of stuck particles       = 0
    Number of free particles        = 9358447
    Average linear kinetic energy   = 4.131196539e-19
    Average rotational energy       = 5.209389866e-20
    Average vibrational energy      = 3.050643065e-20
    Average electronic energy       = 0
    Total energy                    = 46.3916919

Stage 1.0  ExecutionTime = 51623.69 s  ClockTime = 4087 s  Iteration 5600 (17.23 s)

Time = 0.002244

    Collision global reduction skipped (rank 0 local diagnostics)
    Collisions                      = 725236
    Collision candidates           = 1980461
    Collision acceptance rate      = 0.3661955474

    Number of DSMC particles        = 9360435
    Number of stuck particles       = 0
    Number of free particles        = 9360435
    Average linear kinetic energy   = 4.130973376e-19
    Average rotational energy       = 5.209706245e-20
    Average vibrational energy      = 3.049157973e-20
    Average electronic energy       = 0
    Total energy                    = 46.39836394

Stage 1.0  ExecutionTime = 51734.6 s  ClockTime = 4097 s  Iteration 5610 (13.86 s)

Time = 0.002248

    Collision global reduction skipped (rank 0 local diagnostics)
    Collisions                      = 726205
    Collision candidates           = 1982829
    Collision acceptance rate      = 0.3662469129

    Number of DSMC particles        = 9362284
    Number of stuck particles       = 0
    Number of free particles        = 9362284
    Average linear kinetic energy   = 4.130419671e-19
    Average rotational energy       = 5.212183805e-20
    Average vibrational energy      = 3.049657296e-20
    Average electronic energy       = 0
    Total energy                    = 46.40513227

Stage 1.0  ExecutionTime = 51845.53 s  ClockTime = 4106 s  Iteration 5620 (13.87 s)

Time = 0.002252

    Collision global reduction skipped (rank 0 local diagnostics)
    Collisions                      = 726460
    Collision candidates           = 1981343
    Collision acceptance rate      = 0.3666502973

    Number of DSMC particles        = 9364030
    Number of stuck particles       = 0
    Number of free particles        = 9364030
    Average linear kinetic energy   = 4.130140101e-19
    Average rotational energy       = 5.211148204e-20
    Average vibrational energy      = 3.049552158e-20
    Average electronic energy       = 0
    Total energy                    = 46.41010042

Stage 1.0  ExecutionTime = 51956.55 s  ClockTime = 4116 s  Iteration 5630 (13.89 s)

Time = 0.002256

    Collision global reduction skipped (rank 0 local diagnostics)
    Collisions                      = 725656
    Collision candidates           = 1980682
    Collision acceptance rate      = 0.3663667363

    Number of DSMC particles        = 9365795
    Number of stuck particles       = 0
    Number of free particles        = 9365795
    Average linear kinetic energy   = 4.129408899e-19
    Average rotational energy       = 5.212335926e-20
    Average vibrational energy      = 3.048055276e-20
    Average electronic energy       = 0
    Total energy                    = 46.41171028

Stage 1.0  ExecutionTime = 52067.49 s  ClockTime = 4125 s  Iteration 5640 (13.86 s)

Time = 0.00226

    Collision global reduction skipped (rank 0 local diagnostics)
    Collisions                      = 725978
    Collision candidates           = 1980949
    Collision acceptance rate      = 0.3664799043


Phase C auto DLB triggered (threshold) at step 5650: sar=0 loadImbalance=2.082555331 threshold=1.5 particleMaxMin=1
Phase C ParMETIS weights: particles=9367567 activeCells=104151 maxCellParticles=294
Phase C ParMETIS: alpha=1 ncon=1 ubvec=[1.05] moveRatio=0.7248474905 (moveT=1554.102327s, collT=589.9381057s)
Phase C ParMETIS: AdaptiveRepart (104151 cells, 1 constraints, ubvec=1.05)
Replicated mesh: rank 0 owns 28990 / 104151 cells
Local mesh: 28990 owned + 175 halo = 29165 / 104151 cells
Phase C ParMETIS AdaptiveRepart: 0 / 104151 cells changed (0)
Phase C auto DLB complete: rebalance #108

    Number of DSMC particles        = 9367567
    Number of stuck particles       = 0
    Number of free particles        = 9367567
    Average linear kinetic energy   = 4.12938937e-19
    Average rotational energy       = 5.209870851e-20
    Average vibrational energy      = 3.048917576e-20
    Average electronic energy       = 0
    Total energy                    = 46.41880699

Stage 1.0  ExecutionTime = 52181.76 s  ClockTime = 4135 s  Iteration 5650 (17.23 s)

Time = 0.002264

    Collision global reduction skipped (rank 0 local diagnostics)
    Collisions                      = 725449
    Collision candidates           = 1981453
    Collision acceptance rate      = 0.3661197111

    Number of DSMC particles        = 9368793
    Number of stuck particles       = 0
    Number of free particles        = 9368793
    Average linear kinetic energy   = 4.129060636e-19
    Average rotational energy       = 5.204712825e-20
    Average vibrational energy      = 3.049724371e-20
    Average electronic energy       = 0
    Total energy                    = 46.41772573

Stage 1.0  ExecutionTime = 52292.8 s  ClockTime = 4144 s  Iteration 5660 (13.9 s)

Time = 0.002268

    Collision global reduction skipped (rank 0 local diagnostics)
    Collisions                      = 726402
    Collision candidates           = 1982718
    Collision acceptance rate      = 0.3663667753

    Number of DSMC particles        = 9370362
    Number of stuck particles       = 0
    Number of free particles        = 9370362
    Average linear kinetic energy   = 4.12837735e-19
    Average rotational energy       = 5.20551492e-20
    Average vibrational energy      = 3.04977196e-20
    Average electronic energy       = 0
    Total energy                    = 46.41989289

Stage 1.0  ExecutionTime = 52403.82 s  ClockTime = 4154 s  Iteration 5670 (13.89 s)

Time = 0.002272

    Collision global reduction skipped (rank 0 local diagnostics)
    Collisions                      = 727379
    Collision candidates           = 1985364
    Collision acceptance rate      = 0.3663706001

    Number of DSMC particles        = 9372279
    Number of stuck particles       = 0
    Number of free particles        = 9372279
    Average linear kinetic energy   = 4.127074701e-19
    Average rotational energy       = 5.211702869e-20
    Average vibrational energy      = 3.048099151e-20
    Average electronic energy       = 0
    Total energy                    = 46.42141245

Stage 1.0  ExecutionTime = 52514.83 s  ClockTime = 4163 s  Iteration 5680 (13.88 s)

Time = 0.002276

    Collision global reduction skipped (rank 0 local diagnostics)
    Collisions                      = 728128
    Collision candidates           = 1986756
    Collision acceptance rate      = 0.3664909028

    Number of DSMC particles        = 9373671
    Number of stuck particles       = 0
    Number of free particles        = 9373671
    Average linear kinetic energy   = 4.127179506e-19
    Average rotational energy       = 5.205815969e-20
    Average vibrational energy      = 3.050524415e-20
    Average electronic energy       = 0
    Total energy                    = 46.42604469

Stage 1.0  ExecutionTime = 52625.94 s  ClockTime = 4173 s  Iteration 5690 (13.86 s)

Time = 0.00228

    Collision global reduction skipped (rank 0 local diagnostics)
    Collisions                      = 728509
    Collision candidates           = 1985569
    Collision acceptance rate      = 0.3669018805


Phase C auto DLB triggered (threshold) at step 5700: sar=0 loadImbalance=2.081739308 threshold=1.5 particleMaxMin=1
Phase C ParMETIS weights: particles=9374813 activeCells=104151 maxCellParticles=293
Phase C ParMETIS: alpha=1 ncon=1 ubvec=[1.05] moveRatio=0.7249565581 (moveT=1573.2794s, collT=596.8911882s)
Phase C ParMETIS: AdaptiveRepart (104151 cells, 1 constraints, ubvec=1.05)
Replicated mesh: rank 0 owns 28990 / 104151 cells
Local mesh: 28990 owned + 175 halo = 29165 / 104151 cells
Phase C ParMETIS AdaptiveRepart: 0 / 104151 cells changed (0)
Phase C auto DLB complete: rebalance #109

    Number of DSMC particles        = 9374813
    Number of stuck particles       = 0
    Number of free particles        = 9374813
    Average linear kinetic energy   = 4.126248093e-19
    Average rotational energy       = 5.208614158e-20
    Average vibrational energy      = 3.050589891e-20
    Average electronic energy       = 0
    Total energy                    = 46.42565361

Stage 1.0  ExecutionTime = 52740.33 s  ClockTime = 4183 s  Iteration 5700 (17.25 s)

Time = 0.002284

    Collision global reduction skipped (rank 0 local diagnostics)
    Collisions                      = 729421
    Collision candidates           = 1987003
    Collision acceptance rate      = 0.3670960738

    Number of DSMC particles        = 9376272
    Number of stuck particles       = 0
    Number of free particles        = 9376272
    Average linear kinetic energy   = 4.126236403e-19
    Average rotational energy       = 5.206257242e-20
    Average vibrational energy      = 3.049873483e-20
    Average electronic energy       = 0
    Total energy                    = 46.42988759

Stage 1.0  ExecutionTime = 52851.47 s  ClockTime = 4192 s  Iteration 5710 (13.95 s)

Time = 0.002288

    Collision global reduction skipped (rank 0 local diagnostics)
    Collisions                      = 729555
    Collision candidates           = 1987877
    Collision acceptance rate      = 0.3670020831

    Number of DSMC particles        = 9378126
    Number of stuck particles       = 0
    Number of free particles        = 9378126
    Average linear kinetic energy   = 4.125772534e-19
    Average rotational energy       = 5.207387683e-20
    Average vibrational energy      = 3.050552974e-20
    Average electronic energy       = 0
    Total energy                    = 46.43641547

Stage 1.0  ExecutionTime = 52962.55 s  ClockTime = 4202 s  Iteration 5720 (13.88 s)

Time = 0.002292

    Collision global reduction skipped (rank 0 local diagnostics)
    Collisions                      = 728892
    Collision candidates           = 1987661
    Collision acceptance rate      = 0.3667084075

    Number of DSMC particles        = 9379714
    Number of stuck particles       = 0
    Number of free particles        = 9379714
    Average linear kinetic energy   = 4.125469242e-19
    Average rotational energy       = 5.206998929e-20
    Average vibrational energy      = 3.049448333e-20
    Average electronic energy       = 0
    Total energy                    = 46.440033

Stage 1.0  ExecutionTime = 53073.59 s  ClockTime = 4211 s  Iteration 5730 (13.87 s)

Time = 0.002296

    Collision global reduction skipped (rank 0 local diagnostics)
    Collisions                      = 729285
    Collision candidates           = 1988607
    Collision acceptance rate      = 0.3667315865

    Number of DSMC particles        = 9381476
    Number of stuck particles       = 0
    Number of free particles        = 9381476
    Average linear kinetic energy   = 4.12515619e-19
    Average rotational energy       = 5.208815119e-20
    Average vibrational energy      = 3.047521072e-20
    Average electronic energy       = 0
    Total energy                    = 46.44571577

Stage 1.0  ExecutionTime = 53184.79 s  ClockTime = 4221 s  Iteration 5740 (13.92 s)

Time = 0.0023

    Collision global reduction skipped (rank 0 local diagnostics)
    Collisions                      = 727684
    Collision candidates           = 1988443
    Collision acceptance rate      = 0.3659566807


Phase C auto DLB triggered (threshold) at step 5750: sar=0 loadImbalance=2.076788845 threshold=1.5 particleMaxMin=1
Phase C ParMETIS weights: particles=9382715 activeCells=104151 maxCellParticles=299
Phase C ParMETIS: alpha=1 ncon=1 ubvec=[1.05] moveRatio=0.7250620019 (moveT=1592.484198s, collT=603.8578996s)
Phase C ParMETIS: AdaptiveRepart (104151 cells, 1 constraints, ubvec=1.05)
Replicated mesh: rank 0 owns 28990 / 104151 cells
Local mesh: 28990 owned + 175 halo = 29165 / 104151 cells
Phase C ParMETIS AdaptiveRepart: 0 / 104151 cells changed (0)
Phase C auto DLB complete: rebalance #110

    Number of DSMC particles        = 9382715
    Number of stuck particles       = 0
    Number of free particles        = 9382715
    Average linear kinetic energy   = 4.124271023e-19
    Average rotational energy       = 5.210518699e-20
    Average vibrational energy      = 3.048236871e-20
    Average electronic energy       = 0
    Total energy                    = 46.44581456

Stage 1.0  ExecutionTime = 53299.24 s  ClockTime = 4231 s  Iteration 5750 (17.25 s)

Time = 0.002304

    Collision global reduction skipped (rank 0 local diagnostics)
    Collisions                      = 729939
    Collision candidates           = 1988897
    Collision acceptance rate      = 0.367006939

    Number of DSMC particles        = 9384071
    Number of stuck particles       = 0
    Number of free particles        = 9384071
    Average linear kinetic energy   = 4.123893996e-19
    Average rotational energy       = 5.21142779e-20
    Average vibrational energy      = 3.047255913e-20
    Average electronic energy       = 0
    Total energy                    = 46.44892148

Stage 1.0  ExecutionTime = 53410.33 s  ClockTime = 4240 s  Iteration 5760 (13.88 s)

Time = 0.002308

    Collision global reduction skipped (rank 0 local diagnostics)
    Collisions                      = 728985
    Collision candidates           = 1987901
    Collision acceptance rate      = 0.3667109177

    Number of DSMC particles        = 9385171
    Number of stuck particles       = 0
    Number of free particles        = 9385171
    Average linear kinetic energy   = 4.123700877e-19
    Average rotational energy       = 5.209414139e-20
    Average vibrational energy      = 3.047642086e-20
    Average electronic energy       = 0
    Total energy                    = 46.45102634

Stage 1.0  ExecutionTime = 53521.47 s  ClockTime = 4250 s  Iteration 5770 (13.91 s)

Time = 0.002312

    Collision global reduction skipped (rank 0 local diagnostics)
    Collisions                      = 728980
    Collision candidates           = 1988171
    Collision acceptance rate      = 0.3666586023

    Number of DSMC particles        = 9387195
    Number of stuck particles       = 0
    Number of free particles        = 9387195
    Average linear kinetic energy   = 4.123482967e-19
    Average rotational energy       = 5.207116659e-20
    Average vibrational energy      = 3.045081025e-20
    Average electronic energy       = 0
    Total energy                    = 46.45443757

Stage 1.0  ExecutionTime = 53632.55 s  ClockTime = 4259 s  Iteration 5780 (13.89 s)

Time = 0.002316

    Collision global reduction skipped (rank 0 local diagnostics)
    Collisions                      = 729093
    Collision candidates           = 1989938
    Collision acceptance rate      = 0.3663898071

    Number of DSMC particles        = 9388883
    Number of stuck particles       = 0
    Number of free particles        = 9388883
    Average linear kinetic energy   = 4.123150531e-19
    Average rotational energy       = 5.206677485e-20
    Average vibrational energy      = 3.044358416e-20
    Average electronic energy       = 0
    Total energy                    = 46.45857899

Stage 1.0  ExecutionTime = 53743.71 s  ClockTime = 4269 s  Iteration 5790 (13.89 s)

Time = 0.00232

    Collision global reduction skipped (rank 0 local diagnostics)
    Collisions                      = 729641
    Collision candidates           = 1990540
    Collision acceptance rate      = 0.3665543018


Phase C auto DLB triggered (threshold) at step 5800: sar=0 loadImbalance=2.073955639 threshold=1.5 particleMaxMin=1
Phase C ParMETIS weights: particles=9390734 activeCells=104151 maxCellParticles=292
Phase C ParMETIS: alpha=1 ncon=1 ubvec=[1.05] moveRatio=0.7251683828 (moveT=1611.725231s, collT=610.8278603s)
Phase C ParMETIS: AdaptiveRepart (104151 cells, 1 constraints, ubvec=1.05)
Replicated mesh: rank 0 owns 28990 / 104151 cells
Local mesh: 28990 owned + 175 halo = 29165 / 104151 cells
Phase C ParMETIS AdaptiveRepart: 0 / 104151 cells changed (0)
Phase C auto DLB complete: rebalance #111

    Number of DSMC particles        = 9390734
    Number of stuck particles       = 0
    Number of free particles        = 9390734
    Average linear kinetic energy   = 4.122598269e-19
    Average rotational energy       = 5.206904331e-20
    Average vibrational energy      = 3.04396004e-20
    Average electronic energy       = 0
    Total energy                    = 46.46239099

Stage 1.0  ExecutionTime = 53858.21 s  ClockTime = 4279 s  Iteration 5800 (17.27 s)

Time = 0.002324

    Collision global reduction skipped (rank 0 local diagnostics)
    Collisions                      = 730766
    Collision candidates           = 1991660
    Collision acceptance rate      = 0.3669130273

    Number of DSMC particles        = 9392830
    Number of stuck particles       = 0
    Number of free particles        = 9392830
    Average linear kinetic energy   = 4.122166591e-19
    Average rotational energy       = 5.20617486e-20
    Average vibrational energy      = 3.043638562e-20
    Average electronic energy       = 0
    Total energy                    = 46.46771952

Stage 1.0  ExecutionTime = 53969.32 s  ClockTime = 4288 s  Iteration 5810 (13.88 s)

Time = 0.002328

    Collision global reduction skipped (rank 0 local diagnostics)
    Collisions                      = 727367
    Collision candidates           = 1988602
    Collision acceptance rate      = 0.3657680119

    Number of DSMC particles        = 9394339
    Number of stuck particles       = 0
    Number of free particles        = 9394339
    Average linear kinetic energy   = 4.121594689e-19
    Average rotational energy       = 5.206522861e-20
    Average vibrational energy      = 3.044041327e-20
    Average electronic energy       = 0
    Total energy                    = 46.47051742

Stage 1.0  ExecutionTime = 54080.55 s  ClockTime = 4298 s  Iteration 5820 (13.88 s)

Time = 0.002332

    Collision global reduction skipped (rank 0 local diagnostics)
    Collisions                      = 728720
    Collision candidates           = 1990606
    Collision acceptance rate      = 0.3660794753

    Number of DSMC particles        = 9395767
    Number of stuck particles       = 0
    Number of free particles        = 9395767
    Average linear kinetic energy   = 4.120883779e-19
    Average rotational energy       = 5.20983214e-20
    Average vibrational energy      = 3.044480739e-20
    Average electronic energy       = 0
    Total energy                    = 46.47442387

Stage 1.0  ExecutionTime = 54191.67 s  ClockTime = 4307 s  Iteration 5830 (13.9 s)

Time = 0.002336

    Collision global reduction skipped (rank 0 local diagnostics)
    Collisions                      = 729660
    Collision candidates           = 1993416
    Collision acceptance rate      = 0.3660349872

    Number of DSMC particles        = 9396775
    Number of stuck particles       = 0
    Number of free particles        = 9396775
    Average linear kinetic energy   = 4.12011582e-19
    Average rotational energy       = 5.213107939e-20
    Average vibrational energy      = 3.043503907e-20
    Average electronic energy       = 0
    Total energy                    = 46.47435371

Stage 1.0  ExecutionTime = 54302.89 s  ClockTime = 4317 s  Iteration 5840 (13.91 s)

Time = 0.00234

    Collision global reduction skipped (rank 0 local diagnostics)
    Collisions                      = 729798
    Collision candidates           = 1993811
    Collision acceptance rate      = 0.366031685


Phase C auto DLB triggered (threshold) at step 5850: sar=0 loadImbalance=2.073716664 threshold=1.5 particleMaxMin=1
Phase C ParMETIS weights: particles=9398162 activeCells=104151 maxCellParticles=290
Phase C ParMETIS: alpha=1 ncon=1 ubvec=[1.05] moveRatio=0.7252656634 (moveT=1630.925241s, collT=617.8028089s)
Phase C ParMETIS: AdaptiveRepart (104151 cells, 1 constraints, ubvec=1.05)
Replicated mesh: rank 0 owns 28990 / 104151 cells
Local mesh: 28990 owned + 175 halo = 29165 / 104151 cells
Phase C ParMETIS AdaptiveRepart: 0 / 104151 cells changed (0)
Phase C auto DLB complete: rebalance #112

    Number of DSMC particles        = 9398162
    Number of stuck particles       = 0
    Number of free particles        = 9398162
    Average linear kinetic energy   = 4.1199529e-19
    Average rotational energy       = 5.209110087e-20
    Average vibrational energy      = 3.043049931e-20
    Average electronic energy       = 0
    Total energy                    = 46.47549846

Stage 1.0  ExecutionTime = 54417.44 s  ClockTime = 4327 s  Iteration 5850 (17.27 s)

Time = 0.002344

    Collision global reduction skipped (rank 0 local diagnostics)
    Collisions                      = 731930
    Collision candidates           = 1997197
    Collision acceptance rate      = 0.3664786198

    Number of DSMC particles        = 9399778
    Number of stuck particles       = 0
    Number of free particles        = 9399778
    Average linear kinetic energy   = 4.119703567e-19
    Average rotational energy       = 5.210424122e-20
    Average vibrational energy      = 3.041902179e-20
    Average electronic energy       = 0
    Total energy                    = 46.48130248

Stage 1.0  ExecutionTime = 54528.62 s  ClockTime = 4336 s  Iteration 5860 (13.88 s)

Time = 0.002348

    Collision global reduction skipped (rank 0 local diagnostics)
    Collisions                      = 732790
    Collision candidates           = 1998117
    Collision acceptance rate      = 0.366740286

    Number of DSMC particles        = 9400916
    Number of stuck particles       = 0
    Number of free particles        = 9400916
    Average linear kinetic energy   = 4.119558445e-19
    Average rotational energy       = 5.209545314e-20
    Average vibrational energy      = 3.042545433e-20
    Average electronic energy       = 0
    Total energy                    = 46.48534409

Stage 1.0  ExecutionTime = 54639.94 s  ClockTime = 4346 s  Iteration 5870 (13.9 s)

Time = 0.002352

    Collision global reduction skipped (rank 0 local diagnostics)
    Collisions                      = 731264
    Collision candidates           = 1998316
    Collision acceptance rate      = 0.3659401216

    Number of DSMC particles        = 9402486
    Number of stuck particles       = 0
    Number of free particles        = 9402486
    Average linear kinetic energy   = 4.119123322e-19
    Average rotational energy       = 5.208461427e-20
    Average vibrational energy      = 3.041075075e-20
    Average electronic energy       = 0
    Total energy                    = 46.48661451

Stage 1.0  ExecutionTime = 54751.18 s  ClockTime = 4355 s  Iteration 5880 (13.91 s)

Time = 0.002356

    Collision global reduction skipped (rank 0 local diagnostics)
    Collisions                      = 732642
    Collision candidates           = 1998352
    Collision acceptance rate      = 0.3666230974

    Number of DSMC particles        = 9404416
    Number of stuck particles       = 0
    Number of free particles        = 9404416
    Average linear kinetic energy   = 4.118529914e-19
    Average rotational energy       = 5.207829823e-20
    Average vibrational energy      = 3.041703153e-20
    Average electronic energy       = 0
    Total energy                    = 46.49057261

Stage 1.0  ExecutionTime = 54862.54 s  ClockTime = 4365 s  Iteration 5890 (13.89 s)

Time = 0.00236

    Collision global reduction skipped (rank 0 local diagnostics)
    Collisions                      = 732282
    Collision candidates           = 1998321
    Collision acceptance rate      = 0.3664486336


Phase C auto DLB triggered (threshold) at step 5900: sar=0 loadImbalance=2.074876805 threshold=1.5 particleMaxMin=1
Phase C ParMETIS weights: particles=9405301 activeCells=104151 maxCellParticles=288
Phase C ParMETIS: alpha=1 ncon=1 ubvec=[1.05] moveRatio=0.7253675491 (moveT=1650.244413s, collT=624.8014104s)
Phase C ParMETIS: AdaptiveRepart (104151 cells, 1 constraints, ubvec=1.05)
Replicated mesh: rank 0 owns 28990 / 104151 cells
Local mesh: 28990 owned + 175 halo = 29165 / 104151 cells
Phase C ParMETIS AdaptiveRepart: 0 / 104151 cells changed (0)
Phase C auto DLB complete: rebalance #113

    Number of DSMC particles        = 9405301
    Number of stuck particles       = 0
    Number of free particles        = 9405301
    Average linear kinetic energy   = 4.11804688e-19
    Average rotational energy       = 5.206043985e-20
    Average vibrational energy      = 3.042022573e-20
    Average electronic energy       = 0
    Total energy                    = 46.4890253

Stage 1.0  ExecutionTime = 54977.24 s  ClockTime = 4375 s  Iteration 5900 (17.28 s)

Time = 0.002364

    Collision global reduction skipped (rank 0 local diagnostics)
    Collisions                      = 732918
    Collision candidates           = 1999519
    Collision acceptance rate      = 0.3665471546

    Number of DSMC particles        = 9406741
    Number of stuck particles       = 0
    Number of free particles        = 9406741
    Average linear kinetic energy   = 4.117468795e-19
    Average rotational energy       = 5.206595478e-20
    Average vibrational energy      = 3.043098425e-20
    Average electronic energy       = 0
    Total energy                    = 46.49223592

Stage 1.0  ExecutionTime = 55088.58 s  ClockTime = 4384 s  Iteration 5910 (13.88 s)

Time = 0.002368

    Collision global reduction skipped (rank 0 local diagnostics)
    Collisions                      = 733439
    Collision candidates           = 1998788
    Collision acceptance rate      = 0.3669418668

    Number of DSMC particles        = 9408010
    Number of stuck particles       = 0
    Number of free particles        = 9408010
    Average linear kinetic energy   = 4.117267077e-19
    Average rotational energy       = 5.208588107e-20
    Average vibrational energy      = 3.041947666e-20
    Average electronic energy       = 0
    Total energy                    = 46.49740214

Stage 1.0  ExecutionTime = 55199.9 s  ClockTime = 4394 s  Iteration 5920 (13.9 s)

Time = 0.002372

    Collision global reduction skipped (rank 0 local diagnostics)
    Collisions                      = 733364
    Collision candidates           = 1999378
    Collision acceptance rate      = 0.3667960736

    Number of DSMC particles        = 9409464
    Number of stuck particles       = 0
    Number of free particles        = 9409464
    Average linear kinetic energy   = 4.116538034e-19
    Average rotational energy       = 5.208938678e-20
    Average vibrational energy      = 3.041325961e-20
    Average electronic energy       = 0
    Total energy                    = 46.49747325

Stage 1.0  ExecutionTime = 55311.23 s  ClockTime = 4403 s  Iteration 5930 (13.9 s)

Time = 0.002376

    Collision global reduction skipped (rank 0 local diagnostics)
    Collisions                      = 730811
    Collision candidates           = 1996556
    Collision acceptance rate      = 0.3660358137

    Number of DSMC particles        = 9410573
    Number of stuck particles       = 0
    Number of free particles        = 9410573
    Average linear kinetic energy   = 4.116396258e-19
    Average rotational energy       = 5.206775511e-20
    Average vibrational energy      = 3.041483858e-20
    Average electronic energy       = 0
    Total energy                    = 46.49973217

Stage 1.0  ExecutionTime = 55422.61 s  ClockTime = 4413 s  Iteration 5940 (13.98 s)

Time = 0.00238

    Collision global reduction skipped (rank 0 local diagnostics)
    Collisions                      = 731347
    Collision candidates           = 1995331
    Collision acceptance rate      = 0.3665291623


Phase C auto DLB triggered (threshold) at step 5950: sar=0 loadImbalance=2.073710079 threshold=1.5 particleMaxMin=1
Phase C ParMETIS weights: particles=9412382 activeCells=104151 maxCellParticles=307
Phase C ParMETIS: alpha=1 ncon=1 ubvec=[1.05] moveRatio=0.7254554808 (moveT=1669.509639s, collT=631.8164701s)
Phase C ParMETIS: AdaptiveRepart (104151 cells, 1 constraints, ubvec=1.05)
Replicated mesh: rank 0 owns 28990 / 104151 cells
Local mesh: 28990 owned + 175 halo = 29165 / 104151 cells
Phase C ParMETIS AdaptiveRepart: 0 / 104151 cells changed (0)
Phase C auto DLB complete: rebalance #114

    Number of DSMC particles        = 9412382
    Number of stuck particles       = 0
    Number of free particles        = 9412382
    Average linear kinetic energy   = 4.115995503e-19
    Average rotational energy       = 5.206731963e-20
    Average vibrational energy      = 3.041427815e-20
    Average electronic energy       = 0
    Total energy                    = 46.50480505

Stage 1.0  ExecutionTime = 55537.25 s  ClockTime = 4423 s  Iteration 5950 (17.2 s)

Time = 0.002384

    Collision global reduction skipped (rank 0 local diagnostics)
    Collisions                      = 732539
    Collision candidates           = 1997113
    Collision acceptance rate      = 0.3667989743

    Number of DSMC particles        = 9413800
    Number of stuck particles       = 0
    Number of free particles        = 9413800
    Average linear kinetic energy   = 4.115479982e-19
    Average rotational energy       = 5.210291469e-20
    Average vibrational energy      = 3.041872595e-20
    Average electronic energy       = 0
    Total energy                    = 46.51072766

Stage 1.0  ExecutionTime = 55648.53 s  ClockTime = 4432 s  Iteration 5960 (13.95 s)

Time = 0.002388

    Collision global reduction skipped (rank 0 local diagnostics)
    Collisions                      = 730492
    Collision candidates           = 1997349
    Collision acceptance rate      = 0.3657307761

    Number of DSMC particles        = 9415056
    Number of stuck particles       = 0
    Number of free particles        = 9415056
    Average linear kinetic energy   = 4.115064177e-19
    Average rotational energy       = 5.211459615e-20
    Average vibrational energy      = 3.041902329e-20
    Average electronic energy       = 0
    Total energy                    = 46.51414616

Stage 1.0  ExecutionTime = 55759.81 s  ClockTime = 4442 s  Iteration 5970 (13.9 s)

Time = 0.002392

    Collision global reduction skipped (rank 0 local diagnostics)
    Collisions                      = 730225
    Collision candidates           = 1996093
    Collision acceptance rate      = 0.3658271433

    Number of DSMC particles        = 9416470
    Number of stuck particles       = 0
    Number of free particles        = 9416470
    Average linear kinetic energy   = 4.114858487e-19
    Average rotational energy       = 5.20869972e-20
    Average vibrational energy      = 3.041532263e-20
    Average electronic energy       = 0
    Total energy                    = 46.51624769

Stage 1.0  ExecutionTime = 55871.1 s  ClockTime = 4452 s  Iteration 5980 (13.88 s)

Time = 0.002396

    Collision global reduction skipped (rank 0 local diagnostics)
    Collisions                      = 730978
    Collision candidates           = 1998325
    Collision acceptance rate      = 0.3657953536

    Number of DSMC particles        = 9418046
    Number of stuck particles       = 0
    Number of free particles        = 9418046
    Average linear kinetic energy   = 4.114595376e-19
    Average rotational energy       = 5.208507067e-20
    Average vibrational energy      = 3.040449236e-20
    Average electronic energy       = 0
    Total energy                    = 46.52035352

Stage 1.0  ExecutionTime = 55982.36 s  ClockTime = 4461 s  Iteration 5990 (13.88 s)

Time = 0.0024

    Collision global reduction skipped (rank 0 local diagnostics)
    Collisions                      = 733271
    Collision candidates           = 1999391
    Collision acceptance rate      = 0.3667471745


Phase C auto DLB triggered (threshold) at step 6000: sar=0 loadImbalance=2.069582331 threshold=1.5 particleMaxMin=1
Phase C ParMETIS weights: particles=9419384 activeCells=104151 maxCellParticles=315
Phase C ParMETIS: alpha=1 ncon=1 ubvec=[1.05] moveRatio=0.7255544976 (moveT=1688.838953s, collT=638.8138402s)
Phase C ParMETIS: AdaptiveRepart (104151 cells, 1 constraints, ubvec=1.05)
Replicated mesh: rank 0 owns 28990 / 104151 cells
Local mesh: 28990 owned + 175 halo = 29165 / 104151 cells
Phase C ParMETIS AdaptiveRepart: 0 / 104151 cells changed (0)
Phase C auto DLB complete: rebalance #115

    Number of DSMC particles        = 9419384
    Number of stuck particles       = 0
    Number of free particles        = 9419384
    Average linear kinetic energy   = 4.114102819e-19
    Average rotational energy       = 5.207699537e-20
    Average vibrational energy      = 3.042166787e-20
    Average electronic energy       = 0
    Total energy                    = 46.52318015

Stage 1.0  ExecutionTime = 56097.13 s  ClockTime = 4471 s  Iteration 6000 (17.3 s)

Time = 0.002404

    Collision global reduction skipped (rank 0 local diagnostics)
    Collisions                      = 733224
    Collision candidates           = 1999001
    Collision acceptance rate      = 0.3667952142

    Number of DSMC particles        = 9420927
    Number of stuck particles       = 0
    Number of free particles        = 9420927
    Average linear kinetic energy   = 4.113233072e-19
    Average rotational energy       = 5.210799264e-20
    Average vibrational energy      = 3.043783922e-20
    Average electronic energy       = 0
    Total energy                    = 46.52705107

Stage 1.0  ExecutionTime = 56208.49 s  ClockTime = 4481 s  Iteration 6010 (13.91 s)

Time = 0.002408

    Collision global reduction skipped (rank 0 local diagnostics)
    Collisions                      = 731370
    Collision candidates           = 1998188
    Collision acceptance rate      = 0.366016611

    Number of DSMC particles        = 9422454
    Number of stuck particles       = 0
    Number of free particles        = 9422454
    Average linear kinetic energy   = 4.112404633e-19
    Average rotational energy       = 5.210212832e-20
    Average vibrational energy      = 3.045068687e-20
    Average electronic energy       = 0
    Total energy                    = 46.52744452

Stage 1.0  ExecutionTime = 56319.9 s  ClockTime = 4490 s  Iteration 6020 (13.9 s)

Time = 0.002412

    Collision global reduction skipped (rank 0 local diagnostics)
    Collisions                      = 732437
    Collision candidates           = 2000035
    Collision acceptance rate      = 0.3662120913

    Number of DSMC particles        = 9423942
    Number of stuck particles       = 0
    Number of free particles        = 9423942
    Average linear kinetic energy   = 4.112342765e-19
    Average rotational energy       = 5.208993419e-20
    Average vibrational energy      = 3.043598081e-20
    Average electronic energy       = 0
    Total energy                    = 46.53167407

Stage 1.0  ExecutionTime = 56431.33 s  ClockTime = 4500 s  Iteration 6030 (14 s)

Time = 0.002416

    Collision global reduction skipped (rank 0 local diagnostics)
    Collisions                      = 732974
    Collision candidates           = 2002549
    Collision acceptance rate      = 0.3660205069

    Number of DSMC particles        = 9425030
    Number of stuck particles       = 0
    Number of free particles        = 9425030
    Average linear kinetic energy   = 4.112241297e-19
    Average rotational energy       = 5.208795286e-20
    Average vibrational energy      = 3.043070865e-20
    Average electronic energy       = 0
    Total energy                    = 46.53540619

Stage 1.0  ExecutionTime = 56542.84 s  ClockTime = 4509 s  Iteration 6040 (13.92 s)

Time = 0.00242

    Collision global reduction skipped (rank 0 local diagnostics)
    Collisions                      = 733115
    Collision candidates           = 2002905
    Collision acceptance rate      = 0.3660258475


Phase C auto DLB triggered (threshold) at step 6050: sar=0 loadImbalance=2.068226276 threshold=1.5 particleMaxMin=1
Phase C ParMETIS weights: particles=9427080 activeCells=104151 maxCellParticles=300
Phase C ParMETIS: alpha=1 ncon=1 ubvec=[1.05] moveRatio=0.725644974 (moveT=1708.172892s, collT=645.833479s)
Phase C ParMETIS: AdaptiveRepart (104151 cells, 1 constraints, ubvec=1.05)
Replicated mesh: rank 0 owns 28990 / 104151 cells
Local mesh: 28990 owned + 175 halo = 29165 / 104151 cells
Phase C ParMETIS AdaptiveRepart: 0 / 104151 cells changed (0)
Phase C auto DLB complete: rebalance #116

    Number of DSMC particles        = 9427080
    Number of stuck particles       = 0
    Number of free particles        = 9427080
    Average linear kinetic energy   = 4.111806112e-19
    Average rotational energy       = 5.206091094e-20
    Average vibrational energy      = 3.043232191e-20
    Average electronic energy       = 0
    Total energy                    = 46.53902822

Stage 1.0  ExecutionTime = 56657.7 s  ClockTime = 4519 s  Iteration 6050 (17.29 s)

Time = 0.002424

    Collision global reduction skipped (rank 0 local diagnostics)
    Collisions                      = 731657
    Collision candidates           = 2000391
    Collision acceptance rate      = 0.3657569945

    Number of DSMC particles        = 9428811
    Number of stuck particles       = 0
    Number of free particles        = 9428811
    Average linear kinetic energy   = 4.111554427e-19
    Average rotational energy       = 5.203857361e-20
    Average vibrational energy      = 3.043340089e-20
    Average electronic energy       = 0
    Total energy                    = 46.54319621

Stage 1.0  ExecutionTime = 56769.13 s  ClockTime = 4529 s  Iteration 6060 (13.93 s)

Time = 0.002428

    Collision global reduction skipped (rank 0 local diagnostics)
    Collisions                      = 730913
    Collision candidates           = 1997960
    Collision acceptance rate      = 0.3658296462

    Number of DSMC particles        = 9429782
    Number of stuck particles       = 0
    Number of free particles        = 9429782
    Average linear kinetic energy   = 4.110935351e-19
    Average rotational energy       = 5.203493736e-20
    Average vibrational energy      = 3.044047211e-20
    Average electronic energy       = 0
    Total energy                    = 46.54247549

Stage 1.0  ExecutionTime = 56880.51 s  ClockTime = 4538 s  Iteration 6070 (13.91 s)

Time = 0.002432

    Collision global reduction skipped (rank 0 local diagnostics)
    Collisions                      = 730847
    Collision candidates           = 1996635
    Collision acceptance rate      = 0.3660393612

    Number of DSMC particles        = 9431321
    Number of stuck particles       = 0
    Number of free particles        = 9431321
    Average linear kinetic energy   = 4.11035601e-19
    Average rotational energy       = 5.205685414e-20
    Average vibrational energy      = 3.044130713e-20
    Average electronic energy       = 0
    Total energy                    = 46.54675336

Stage 1.0  ExecutionTime = 56991.9 s  ClockTime = 4548 s  Iteration 6080 (13.91 s)

Time = 0.002436

    Collision global reduction skipped (rank 0 local diagnostics)
    Collisions                      = 732317
    Collision candidates           = 1998069
    Collision acceptance rate      = 0.3665123677

    Number of DSMC particles        = 9432779
    Number of stuck particles       = 0
    Number of free particles        = 9432779
    Average linear kinetic energy   = 4.109687482e-19
    Average rotational energy       = 5.20956969e-20
    Average vibrational energy      = 3.044392071e-20
    Average electronic energy       = 0
    Total energy                    = 46.55155349

Stage 1.0  ExecutionTime = 57103.34 s  ClockTime = 4558 s  Iteration 6090 (13.96 s)

Time = 0.00244

    Collision global reduction skipped (rank 0 local diagnostics)
    Collisions                      = 732705
    Collision candidates           = 2001230
    Collision acceptance rate      = 0.3661273317


Phase C auto DLB triggered (threshold) at step 6100: sar=0 loadImbalance=2.066306979 threshold=1.5 particleMaxMin=1
Phase C ParMETIS weights: particles=9433523 activeCells=104151 maxCellParticles=290
Phase C ParMETIS: alpha=1 ncon=1 ubvec=[1.05] moveRatio=0.7257392896 (moveT=1727.501859s, collT=652.8320761s)
Phase C ParMETIS: AdaptiveRepart (104151 cells, 1 constraints, ubvec=1.05)
Replicated mesh: rank 0 owns 28990 / 104151 cells
Local mesh: 28990 owned + 175 halo = 29165 / 104151 cells
Phase C ParMETIS AdaptiveRepart: 0 / 104151 cells changed (0)
Phase C auto DLB complete: rebalance #117

    Number of DSMC particles        = 9433523
    Number of stuck particles       = 0
    Number of free particles        = 9433523
    Average linear kinetic energy   = 4.10923579e-19
    Average rotational energy       = 5.210712396e-20
    Average vibrational energy      = 3.045174573e-20
    Average electronic energy       = 0
    Total energy                    = 46.55278029

Stage 1.0  ExecutionTime = 57218.18 s  ClockTime = 4568 s  Iteration 6100 (17.28 s)

Time = 0.002444

    Collision global reduction skipped (rank 0 local diagnostics)
    Collisions                      = 733939
    Collision candidates           = 2003819
    Collision acceptance rate      = 0.3662701072

    Number of DSMC particles        = 9435047
    Number of stuck particles       = 0
    Number of free particles        = 9435047
    Average linear kinetic energy   = 4.109482892e-19
    Average rotational energy       = 5.205163389e-20
    Average vibrational energy      = 3.046855279e-20
    Average electronic energy       = 0
    Total energy                    = 46.55898263

Stage 1.0  ExecutionTime = 57329.55 s  ClockTime = 4577 s  Iteration 6110 (13.91 s)

Time = 0.002448

    Collision global reduction skipped (rank 0 local diagnostics)
    Collisions                      = 733024
    Collision candidates           = 2003501
    Collision acceptance rate      = 0.3658715419

    Number of DSMC particles        = 9436765
    Number of stuck particles       = 0
    Number of free particles        = 9436765
    Average linear kinetic energy   = 4.109182104e-19
    Average rotational energy       = 5.203429363e-20
    Average vibrational energy      = 3.047132673e-20
    Average electronic energy       = 0
    Total energy                    = 46.56324737

Stage 1.0  ExecutionTime = 57440.96 s  ClockTime = 4587 s  Iteration 6120 (13.92 s)

Time = 0.002452

    Collision global reduction skipped (rank 0 local diagnostics)
    Collisions                      = 732238
    Collision candidates           = 2001707
    Collision acceptance rate      = 0.3658067839

    Number of DSMC particles        = 9438869
    Number of stuck particles       = 0
    Number of free particles        = 9438869
    Average linear kinetic energy   = 4.108665014e-19
    Average rotational energy       = 5.203708341e-20
    Average vibrational energy      = 3.046401675e-20
    Average electronic energy       = 0
    Total energy                    = 46.5683216

Stage 1.0  ExecutionTime = 57552.38 s  ClockTime = 4596 s  Iteration 6130 (13.96 s)

Time = 0.002456

    Collision global reduction skipped (rank 0 local diagnostics)
    Collisions                      = 734610
    Collision candidates           = 2002875
    Collision acceptance rate      = 0.366777757

    Number of DSMC particles        = 9439958
    Number of stuck particles       = 0
    Number of free particles        = 9439958
    Average linear kinetic energy   = 4.108097852e-19
    Average rotational energy       = 5.207017729e-20
    Average vibrational energy      = 3.046493253e-20
    Average electronic energy       = 0
    Total energy                    = 46.57155089

Stage 1.0  ExecutionTime = 57663.87 s  ClockTime = 4606 s  Iteration 6140 (13.93 s)

Time = 0.00246

    Collision global reduction skipped (rank 0 local diagnostics)
    Collisions                      = 734116
    Collision candidates           = 2003511
    Collision acceptance rate      = 0.3664147589


Phase C auto DLB triggered (threshold) at step 6150: sar=0 loadImbalance=2.06311133 threshold=1.5 particleMaxMin=1
Phase C ParMETIS weights: particles=9441242 activeCells=104150 maxCellParticles=297
Phase C ParMETIS: alpha=1 ncon=1 ubvec=[1.05] moveRatio=0.7258296546 (moveT=1746.846968s, collT=659.8430272s)
Phase C ParMETIS: AdaptiveRepart (104151 cells, 1 constraints, ubvec=1.05)
Replicated mesh: rank 0 owns 28990 / 104151 cells
Local mesh: 28990 owned + 175 halo = 29165 / 104151 cells
Phase C ParMETIS AdaptiveRepart: 0 / 104151 cells changed (0)
Phase C auto DLB complete: rebalance #118

    Number of DSMC particles        = 9441242
    Number of stuck particles       = 0
    Number of free particles        = 9441242
    Average linear kinetic energy   = 4.107540638e-19
    Average rotational energy       = 5.207622322e-20
    Average vibrational energy      = 3.047070241e-20
    Average electronic energy       = 0
    Total energy                    = 46.5737402

Stage 1.0  ExecutionTime = 57778.74 s  ClockTime = 4616 s  Iteration 6150 (17.33 s)

Time = 0.002464

    Collision global reduction skipped (rank 0 local diagnostics)
    Collisions                      = 732978
    Collision candidates           = 2004179
    Collision acceptance rate      = 0.365724818

    Number of DSMC particles        = 9442258
    Number of stuck particles       = 0
    Number of free particles        = 9442258
    Average linear kinetic energy   = 4.107221592e-19
    Average rotational energy       = 5.203760462e-20
    Average vibrational energy      = 3.048920108e-20
    Average electronic energy       = 0
    Total energy                    = 46.57383985

Stage 1.0  ExecutionTime = 57890.11 s  ClockTime = 4625 s  Iteration 6160 (13.92 s)

Time = 0.002468

    Collision global reduction skipped (rank 0 local diagnostics)
    Collisions                      = 733344
    Collision candidates           = 2005122
    Collision acceptance rate      = 0.3657353518

    Number of DSMC particles        = 9443242
    Number of stuck particles       = 0
    Number of free particles        = 9443242
    Average linear kinetic energy   = 4.106682727e-19
    Average rotational energy       = 5.20136387e-20
    Average vibrational energy      = 3.049498484e-20
    Average electronic energy       = 0
    Total energy                    = 46.5718878

Stage 1.0  ExecutionTime = 58001.47 s  ClockTime = 4635 s  Iteration 6170 (13.9 s)

Time = 0.002472

    Collision global reduction skipped (rank 0 local diagnostics)
    Collisions                      = 733538
    Collision candidates           = 2006072
    Collision acceptance rate      = 0.3656588597

    Number of DSMC particles        = 9445030
    Number of stuck particles       = 0
    Number of free particles        = 9445030
    Average linear kinetic energy   = 4.106277087e-19
    Average rotational energy       = 5.200014105e-20
    Average vibrational energy      = 3.048816828e-20
    Average electronic energy       = 0
    Total energy                    = 46.57495584

Stage 1.0  ExecutionTime = 58112.9 s  ClockTime = 4645 s  Iteration 6180 (13.93 s)

Time = 0.002476

    Collision global reduction skipped (rank 0 local diagnostics)
    Collisions                      = 735347
    Collision candidates           = 2005924
    Collision acceptance rate      = 0.3665876673

    Number of DSMC particles        = 9446549
    Number of stuck particles       = 0
    Number of free particles        = 9446549
    Average linear kinetic energy   = 4.105493023e-19
    Average rotational energy       = 5.201292697e-20
    Average vibrational energy      = 3.049717761e-20
    Average electronic energy       = 0
    Total energy                    = 46.57709847

Stage 1.0  ExecutionTime = 58224.33 s  ClockTime = 4654 s  Iteration 6190 (13.94 s)

Time = 0.00248

    Collision global reduction skipped (rank 0 local diagnostics)
    Collisions                      = 734743
    Collision candidates           = 2005508
    Collision acceptance rate      = 0.3663625376


Phase C auto DLB triggered (threshold) at step 6200: sar=0 loadImbalance=2.059779592 threshold=1.5 particleMaxMin=1
Phase C ParMETIS weights: particles=9447613 activeCells=104151 maxCellParticles=288
Phase C ParMETIS: alpha=1 ncon=1 ubvec=[1.05] moveRatio=0.7259166143 (moveT=1766.188969s, collT=666.857657s)
Phase C ParMETIS: AdaptiveRepart (104151 cells, 1 constraints, ubvec=1.05)
Replicated mesh: rank 0 owns 28990 / 104151 cells
Local mesh: 28990 owned + 175 halo = 29165 / 104151 cells
Phase C ParMETIS AdaptiveRepart: 0 / 104151 cells changed (0)
Phase C auto DLB complete: rebalance #119

    Number of DSMC particles        = 9447613
    Number of stuck particles       = 0
    Number of free particles        = 9447613
    Average linear kinetic energy   = 4.104931393e-19
    Average rotational energy       = 5.206123905e-20
    Average vibrational energy      = 3.049335463e-20
    Average electronic energy       = 0
    Total energy                    = 46.58124172

Stage 1.0  ExecutionTime = 58339.2 s  ClockTime = 4664 s  Iteration 6200 (17.29 s)

Time = 0.002484

    Collision global reduction skipped (rank 0 local diagnostics)
    Collisions                      = 734396
    Collision candidates           = 2007111
    Collision acceptance rate      = 0.365897053

    Number of DSMC particles        = 9449352
    Number of stuck particles       = 0
    Number of free particles        = 9449352
    Average linear kinetic energy   = 4.105058013e-19
    Average rotational energy       = 5.201710489e-20
    Average vibrational energy      = 3.047539102e-20
    Average electronic energy       = 0
    Total energy                    = 46.58514446

Stage 1.0  ExecutionTime = 58450.65 s  ClockTime = 4674 s  Iteration 6210 (13.93 s)

Time = 0.002488

    Collision global reduction skipped (rank 0 local diagnostics)
    Collisions                      = 734276
    Collision candidates           = 2007892
    Collision acceptance rate      = 0.3656949677

    Number of DSMC particles        = 9450570
    Number of stuck particles       = 0
    Number of free particles        = 9450570
    Average linear kinetic energy   = 4.104698897e-19
    Average rotational energy       = 5.199301246e-20
    Average vibrational energy      = 3.046833024e-20
    Average electronic energy       = 0
    Total energy                    = 46.58481117

Stage 1.0  ExecutionTime = 58562.11 s  ClockTime = 4683 s  Iteration 6220 (13.93 s)

Time = 0.002492

    Collision global reduction skipped (rank 0 local diagnostics)
    Collisions                      = 734780
    Collision candidates           = 2007282
    Collision acceptance rate      = 0.3660571858

    Number of DSMC particles        = 9451967
    Number of stuck particles       = 0
    Number of free particles        = 9451967
    Average linear kinetic energy   = 4.103927598e-19
    Average rotational energy       = 5.199951443e-20
    Average vibrational energy      = 3.047013452e-20
    Average electronic energy       = 0
    Total energy                    = 46.58519223

Stage 1.0  ExecutionTime = 58673.64 s  ClockTime = 4693 s  Iteration 6230 (13.92 s)

Time = 0.002496

    Collision global reduction skipped (rank 0 local diagnostics)
    Collisions                      = 735144
    Collision candidates           = 2007891
    Collision acceptance rate      = 0.3661274442

    Number of DSMC particles        = 9453286
    Number of stuck particles       = 0
    Number of free particles        = 9453286
    Average linear kinetic energy   = 4.1033078e-19
    Average rotational energy       = 5.202596713e-20
    Average vibrational energy      = 3.048283458e-20
    Average electronic energy       = 0
    Total energy                    = 46.58953518

Stage 1.0  ExecutionTime = 58785.18 s  ClockTime = 4703 s  Iteration 6240 (13.94 s)

Time = 0.0025

    Collision global reduction skipped (rank 0 local diagnostics)
    Collisions                      = 734588
    Collision candidates           = 2009506
    Collision acceptance rate      = 0.3655565099


Phase C auto DLB triggered (threshold) at step 6250: sar=0 loadImbalance=2.062982631 threshold=1.5 particleMaxMin=1
Phase C ParMETIS weights: particles=9454984 activeCells=104151 maxCellParticles=292
Phase C ParMETIS: alpha=1 ncon=1 ubvec=[1.05] moveRatio=0.7260014009 (moveT=1785.539461s, collT=673.8765384s)
Phase C ParMETIS: AdaptiveRepart (104151 cells, 1 constraints, ubvec=1.05)
Replicated mesh: rank 0 owns 28990 / 104151 cells
Local mesh: 28990 owned + 175 halo = 29165 / 104151 cells
Phase C ParMETIS AdaptiveRepart: 0 / 104151 cells changed (0)
Phase C auto DLB complete: rebalance #120

    Number of DSMC particles        = 9454984
    Number of stuck particles       = 0
    Number of free particles        = 9454984
    Average linear kinetic energy   = 4.102909433e-19
    Average rotational energy       = 5.203170219e-20
    Average vibrational energy      = 3.047134176e-20
    Average electronic energy       = 0
    Total energy                    = 46.59359265
Replicated mesh: wrote gathered cloud on rank0 at output time 0.0025 with 9454984 parcels
Written cellOwner field at output time 0.0025
Replicated mesh output timing:
    gather parcels [s]       = 1.43
    rank0 write [s]           = 22.85
    migrate-back [s]          = 1.7


Stage 1.0  ExecutionTime = 58942.04 s  ClockTime = 4741 s  Iteration 6250 (59.21 s)

    Maximum imbalance = 4.872308615%

Time = 0.002504

    Collision global reduction skipped (rank 0 local diagnostics)
    Collisions                      = 737678
    Collision candidates           = 2011514
    Collision acceptance rate      = 0.3667277484

    Number of DSMC particles        = 9456020
    Number of stuck particles       = 0
    Number of free particles        = 9456020
    Average linear kinetic energy   = 4.102246733e-19
    Average rotational energy       = 5.207603473e-20
    Average vibrational energy      = 3.047381041e-20
    Average electronic energy       = 0
    Total energy                    = 46.59685702

Stage 1.0  ExecutionTime = 59053.45 s  ClockTime = 4750 s  Iteration 6260 (13.94 s)

Time = 0.002508

    Collision global reduction skipped (rank 0 local diagnostics)
    Collisions                      = 736054
    Collision candidates           = 2010467
    Collision acceptance rate      = 0.3661109583

    Number of DSMC particles        = 9457796
    Number of stuck particles       = 0
    Number of free particles        = 9457796
    Average linear kinetic energy   = 4.102339571e-19
    Average rotational energy       = 5.206093586e-20
    Average vibrational energy      = 3.048336594e-20
    Average electronic energy       = 0
    Total energy                    = 46.60596246

Stage 1.0  ExecutionTime = 59165.19 s  ClockTime = 4759 s  Iteration 6270 (13.94 s)

Time = 0.002512

    Collision global reduction skipped (rank 0 local diagnostics)
    Collisions                      = 735506
    Collision candidates           = 2009904
    Collision acceptance rate      = 0.3659408609

    Number of DSMC particles        = 9458268
    Number of stuck particles       = 0
    Number of free particles        = 9458268
    Average linear kinetic energy   = 4.1014503e-19
    Average rotational energy       = 5.207421227e-20
    Average vibrational energy      = 3.047891349e-20
    Average electronic energy       = 0
    Total energy                    = 46.600712

Stage 1.0  ExecutionTime = 59276.9 s  ClockTime = 4769 s  Iteration 6280 (13.94 s)

Time = 0.002516

    Collision global reduction skipped (rank 0 local diagnostics)
    Collisions                      = 735725
    Collision candidates           = 2008520
    Collision acceptance rate      = 0.3663020533

    Number of DSMC particles        = 9459773
    Number of stuck particles       = 0
    Number of free particles        = 9459773
    Average linear kinetic energy   = 4.101324998e-19
    Average rotational energy       = 5.205466553e-20
    Average vibrational energy      = 3.047477516e-20
    Average electronic energy       = 0
    Total energy                    = 46.60470123

Stage 1.0  ExecutionTime = 59388.58 s  ClockTime = 4779 s  Iteration 6290 (13.93 s)

Time = 0.00252

    Collision global reduction skipped (rank 0 local diagnostics)
    Collisions                      = 733968
    Collision candidates           = 2004667
    Collision acceptance rate      = 0.3661296365


Phase C auto DLB triggered (threshold) at step 6300: sar=0 loadImbalance=2.62970413 threshold=1.5 particleMaxMin=1
Phase C ParMETIS weights: particles=9460664 activeCells=104151 maxCellParticles=301
Phase C ParMETIS: alpha=1 ncon=1 ubvec=[1.05] moveRatio=0.7260624578 (moveT=1804.755228s, collT=680.9196732s)
Phase C ParMETIS: AdaptiveRepart (104151 cells, 1 constraints, ubvec=1.05)
Replicated mesh: rank 0 owns 28990 / 104151 cells
Local mesh: 28990 owned + 175 halo = 29165 / 104151 cells
Phase C ParMETIS AdaptiveRepart: 0 / 104151 cells changed (0)
Phase C auto DLB complete: rebalance #121

    Number of DSMC particles        = 9460664
    Number of stuck particles       = 0
    Number of free particles        = 9460664
    Average linear kinetic energy   = 4.100963115e-19
    Average rotational energy       = 5.205747231e-20
    Average vibrational energy      = 3.047815135e-20
    Average electronic energy       = 0
    Total energy                    = 46.60625214

Stage 1.0  ExecutionTime = 59503.5 s  ClockTime = 4789 s  Iteration 6300 (17.29 s)

Time = 0.002524

    Collision global reduction skipped (rank 0 local diagnostics)
    Collisions                      = 734444
    Collision candidates           = 2006293
    Collision acceptance rate      = 0.3660701602

    Number of DSMC particles        = 9461786
    Number of stuck particles       = 0
    Number of free particles        = 9461786
    Average linear kinetic energy   = 4.100924816e-19
    Average rotational energy       = 5.207494279e-20
    Average vibrational energy      = 3.046451288e-20
    Average electronic energy       = 0
    Total energy                    = 46.61177967

Stage 1.0  ExecutionTime = 59615.12 s  ClockTime = 4798 s  Iteration 6310 (13.93 s)

Time = 0.002528

    Collision global reduction skipped (rank 0 local diagnostics)
    Collisions                      = 734794
    Collision candidates           = 2008140
    Collision acceptance rate      = 0.3659077554

    Number of DSMC particles        = 9463024
    Number of stuck particles       = 0
    Number of free particles        = 9463024
    Average linear kinetic energy   = 4.10081735e-19
    Average rotational energy       = 5.205560808e-20
    Average vibrational energy      = 3.046052436e-20
    Average electronic energy       = 0
    Total energy                    = 46.61465442

Stage 1.0  ExecutionTime = 59726.72 s  ClockTime = 4808 s  Iteration 6320 (13.93 s)

Time = 0.002532

    Collision global reduction skipped (rank 0 local diagnostics)
    Collisions                      = 734047
    Collision candidates           = 2007717
    Collision acceptance rate      = 0.3656127831

    Number of DSMC particles        = 9464095
    Number of stuck particles       = 0
    Number of free particles        = 9464095
    Average linear kinetic energy   = 4.100498114e-19
    Average rotational energy       = 5.207009169e-20
    Average vibrational energy      = 3.046652704e-20
    Average electronic energy       = 0
    Total energy                    = 46.61884771

Stage 1.0  ExecutionTime = 59838.34 s  ClockTime = 4818 s  Iteration 6330 (13.94 s)

Time = 0.002536

    Collision global reduction skipped (rank 0 local diagnostics)
    Collisions                      = 735169
    Collision candidates           = 2008244
    Collision acceptance rate      = 0.3660755366

    Number of DSMC particles        = 9465308
    Number of stuck particles       = 0
    Number of free particles        = 9465308
    Average linear kinetic energy   = 4.100392669e-19
    Average rotational energy       = 5.204569404e-20
    Average vibrational energy      = 3.046957237e-20
    Average electronic energy       = 0
    Total energy                    = 46.62180364

Stage 1.0  ExecutionTime = 59950.05 s  ClockTime = 4827 s  Iteration 6340 (13.95 s)

Time = 0.00254

    Collision global reduction skipped (rank 0 local diagnostics)
    Collisions                      = 736353
    Collision candidates           = 2010281
    Collision acceptance rate      = 0.3662935679


Phase C auto DLB triggered (threshold) at step 6350: sar=0 loadImbalance=2.284239075 threshold=1.5 particleMaxMin=1
Phase C ParMETIS weights: particles=9466621 activeCells=104150 maxCellParticles=303
Phase C ParMETIS: alpha=1 ncon=1 ubvec=[1.05] moveRatio=0.7261604284 (moveT=1824.302373s, collT=687.9556648s)
Phase C ParMETIS: AdaptiveRepart (104151 cells, 1 constraints, ubvec=1.05)
Replicated mesh: rank 0 owns 28990 / 104151 cells
Local mesh: 28990 owned + 175 halo = 29165 / 104151 cells
Phase C ParMETIS AdaptiveRepart: 0 / 104151 cells changed (0)
Phase C auto DLB complete: rebalance #122

    Number of DSMC particles        = 9466621
    Number of stuck particles       = 0
    Number of free particles        = 9466621
    Average linear kinetic energy   = 4.100295884e-19
    Average rotational energy       = 5.205470594e-20
    Average vibrational energy      = 3.047401345e-20
    Average electronic energy       = 0
    Total energy                    = 46.6286282

Stage 1.0  ExecutionTime = 60065.09 s  ClockTime = 4837 s  Iteration 6350 (17.28 s)

Time = 0.002544

    Collision global reduction skipped (rank 0 local diagnostics)
    Collisions                      = 736725
    Collision candidates           = 2012516
    Collision acceptance rate      = 0.3660716238

    Number of DSMC particles        = 9468161
    Number of stuck particles       = 0
    Number of free particles        = 9468161
    Average linear kinetic energy   = 4.099743265e-19
    Average rotational energy       = 5.207119197e-20
    Average vibrational energy      = 3.046985833e-20
    Average electronic energy       = 0
    Total energy                    = 46.63214882

Stage 1.0  ExecutionTime = 60176.69 s  ClockTime = 4847 s  Iteration 6360 (13.93 s)

Time = 0.002548

    Collision global reduction skipped (rank 0 local diagnostics)
    Collisions                      = 736480
    Collision candidates           = 2012152
    Collision acceptance rate      = 0.3660160863

    Number of DSMC particles        = 9468996
    Number of stuck particles       = 0
    Number of free particles        = 9468996
    Average linear kinetic energy   = 4.099355326e-19
    Average rotational energy       = 5.207128875e-20
    Average vibrational energy      = 3.048038829e-20
    Average electronic energy       = 0
    Total energy                    = 46.63359418

Stage 1.0  ExecutionTime = 60288.33 s  ClockTime = 4857 s  Iteration 6370 (13.93 s)

Time = 0.002552

    Collision global reduction skipped (rank 0 local diagnostics)
    Collisions                      = 736338
    Collision candidates           = 2011281
    Collision acceptance rate      = 0.3661039904

    Number of DSMC particles        = 9470216
    Number of stuck particles       = 0
    Number of free particles        = 9470216
    Average linear kinetic energy   = 4.098580025e-19
    Average rotational energy       = 5.209205256e-20
    Average vibrational energy      = 3.047627745e-20
    Average electronic energy       = 0
    Total energy                    = 46.63383733

Stage 1.0  ExecutionTime = 60399.94 s  ClockTime = 4866 s  Iteration 6380 (13.95 s)

Time = 0.002556

    Collision global reduction skipped (rank 0 local diagnostics)
    Collisions                      = 737616
    Collision candidates           = 2011677
    Collision acceptance rate      = 0.3666672135

    Number of DSMC particles        = 9471850
    Number of stuck particles       = 0
    Number of free particles        = 9471850
    Average linear kinetic energy   = 4.097870631e-19
    Average rotational energy       = 5.209592911e-20
    Average vibrational energy      = 3.047767234e-20
    Average electronic energy       = 0
    Total energy                    = 46.63566361

Stage 1.0  ExecutionTime = 60511.55 s  ClockTime = 4876 s  Iteration 6390 (13.94 s)

Time = 0.00256

    Collision global reduction skipped (rank 0 local diagnostics)
    Collisions                      = 736320
    Collision candidates           = 2011262
    Collision acceptance rate      = 0.3660984994


Phase C auto DLB triggered (threshold) at step 6400: sar=0 loadImbalance=2.242152254 threshold=1.5 particleMaxMin=1
Phase C ParMETIS weights: particles=9473335 activeCells=104151 maxCellParticles=304
Phase C ParMETIS: alpha=1 ncon=1 ubvec=[1.05] moveRatio=0.7262464791 (moveT=1843.78401s, collT=695.0014617s)
Phase C ParMETIS: AdaptiveRepart (104151 cells, 1 constraints, ubvec=1.05)
Replicated mesh: rank 0 owns 28990 / 104151 cells
Local mesh: 28990 owned + 175 halo = 29165 / 104151 cells
Phase C ParMETIS AdaptiveRepart: 0 / 104151 cells changed (0)
Phase C auto DLB complete: rebalance #123

    Number of DSMC particles        = 9473335
    Number of stuck particles       = 0
    Number of free particles        = 9473335
    Average linear kinetic energy   = 4.097318393e-19
    Average rotational energy       = 5.209164821e-20
    Average vibrational energy      = 3.046558334e-20
    Average electronic energy       = 0
    Total energy                    = 46.63619285

Stage 1.0  ExecutionTime = 60626.54 s  ClockTime = 4886 s  Iteration 6400 (17.27 s)

Time = 0.002564

    Collision global reduction skipped (rank 0 local diagnostics)
    Collisions                      = 734346
    Collision candidates           = 2010348
    Collision acceptance rate      = 0.3652830256

    Number of DSMC particles        = 9474653
    Number of stuck particles       = 0
    Number of free particles        = 9474653
    Average linear kinetic energy   = 4.096854479e-19
    Average rotational energy       = 5.208611549e-20
    Average vibrational energy      = 3.046615673e-20
    Average electronic energy       = 0
    Total energy                    = 46.63781592

Stage 1.0  ExecutionTime = 60738.15 s  ClockTime = 4896 s  Iteration 6410 (13.95 s)

Time = 0.002568

    Collision global reduction skipped (rank 0 local diagnostics)
    Collisions                      = 737158
    Collision candidates           = 2012333
    Collision acceptance rate      = 0.3663200872

    Number of DSMC particles        = 9476105
    Number of stuck particles       = 0
    Number of free particles        = 9476105
    Average linear kinetic energy   = 4.09658805e-19
    Average rotational energy       = 5.208041417e-20
    Average vibrational energy      = 3.048120725e-20
    Average electronic energy       = 0
    Total energy                    = 46.64332444

Stage 1.0  ExecutionTime = 60849.83 s  ClockTime = 4905 s  Iteration 6420 (13.94 s)

Time = 0.002572

    Collision global reduction skipped (rank 0 local diagnostics)
    Collisions                      = 737660
    Collision candidates           = 2013841
    Collision acceptance rate      = 0.3662950551

    Number of DSMC particles        = 9477508
    Number of stuck particles       = 0
    Number of free particles        = 9477508
    Average linear kinetic energy   = 4.096563371e-19
    Average rotational energy       = 5.206069748e-20
    Average vibrational energy      = 3.048768729e-20
    Average electronic energy       = 0
    Total energy                    = 46.64874189

Stage 1.0  ExecutionTime = 60961.57 s  ClockTime = 4915 s  Iteration 6430 (13.94 s)

Time = 0.002576

    Collision global reduction skipped (rank 0 local diagnostics)
    Collisions                      = 736543
    Collision candidates           = 2012073
    Collision acceptance rate      = 0.3660617681

    Number of DSMC particles        = 9478324
    Number of stuck particles       = 0
    Number of free particles        = 9478324
    Average linear kinetic energy   = 4.096042573e-19
    Average rotational energy       = 5.20855507e-20
    Average vibrational energy      = 3.049179074e-20
    Average electronic energy       = 0
    Total energy                    = 46.6505666

Stage 1.0  ExecutionTime = 61073.27 s  ClockTime = 4925 s  Iteration 6440 (13.95 s)

Time = 0.00258

    Collision global reduction skipped (rank 0 local diagnostics)
    Collisions                      = 737012
    Collision candidates           = 2012594
    Collision acceptance rate      = 0.3662000384


Phase C auto DLB triggered (threshold) at step 6450: sar=0 loadImbalance=2.206662441 threshold=1.5 particleMaxMin=1
Phase C ParMETIS weights: particles=9479831 activeCells=104151 maxCellParticles=294
Phase C ParMETIS: alpha=1 ncon=1 ubvec=[1.05] moveRatio=0.72632875 (moveT=1863.25666s, collT=702.0509366s)
Phase C ParMETIS: AdaptiveRepart (104151 cells, 1 constraints, ubvec=1.05)
Replicated mesh: rank 0 owns 28990 / 104151 cells
Local mesh: 28990 owned + 175 halo = 29165 / 104151 cells
Phase C ParMETIS AdaptiveRepart: 0 / 104151 cells changed (0)
Phase C auto DLB complete: rebalance #124

    Number of DSMC particles        = 9479831
    Number of stuck particles       = 0
    Number of free particles        = 9479831
    Average linear kinetic energy   = 4.095902315e-19
    Average rotational energy       = 5.206946763e-20
    Average vibrational energy      = 3.051617346e-20
    Average electronic energy       = 0
    Total energy                    = 46.65744095

Stage 1.0  ExecutionTime = 61188.24 s  ClockTime = 4935 s  Iteration 6450 (17.28 s)

Time = 0.002584

    Collision global reduction skipped (rank 0 local diagnostics)
    Collisions                      = 737883
    Collision candidates           = 2012797
    Collision acceptance rate      = 0.3665958365

    Number of DSMC particles        = 9480898
    Number of stuck particles       = 0
    Number of free particles        = 9480898
    Average linear kinetic energy   = 4.095466608e-19
    Average rotational energy       = 5.206392487e-20
    Average vibrational energy      = 3.050706378e-20
    Average electronic energy       = 0
    Total energy                    = 46.65717239

Stage 1.0  ExecutionTime = 61299.92 s  ClockTime = 4944 s  Iteration 6460 (13.94 s)

Time = 0.002588

    Collision global reduction skipped (rank 0 local diagnostics)
    Collisions                      = 734306
    Collision candidates           = 2009278
    Collision acceptance rate      = 0.365457642

    Number of DSMC particles        = 9481872
    Number of stuck particles       = 0
    Number of free particles        = 9481872
    Average linear kinetic energy   = 4.095111507e-19
    Average rotational energy       = 5.205244617e-20
    Average vibrational energy      = 3.050542345e-20
    Average electronic energy       = 0
    Total energy                    = 46.65735465

Stage 1.0  ExecutionTime = 61411.48 s  ClockTime = 4954 s  Iteration 6470 (13.94 s)

Time = 0.002592

    Collision global reduction skipped (rank 0 local diagnostics)
    Collisions                      = 734586
    Collision candidates           = 2008417
    Collision acceptance rate      = 0.3657537254

    Number of DSMC particles        = 9482500
    Number of stuck particles       = 0
    Number of free particles        = 9482500
    Average linear kinetic energy   = 4.095000263e-19
    Average rotational energy       = 5.202559431e-20
    Average vibrational energy      = 3.04997248e-20
    Average electronic energy       = 0
    Total energy                    = 46.65630338

Stage 1.0  ExecutionTime = 61523.05 s  ClockTime = 4964 s  Iteration 6480 (14 s)

Time = 0.002596

    Collision global reduction skipped (rank 0 local diagnostics)
    Collisions                      = 734985
    Collision candidates           = 2008697
    Collision acceptance rate      = 0.3659013779

    Number of DSMC particles        = 9483977
    Number of stuck particles       = 0
    Number of free particles        = 9483977
    Average linear kinetic energy   = 4.094357944e-19
    Average rotational energy       = 5.208935473e-20
    Average vibrational energy      = 3.050430911e-20
    Average electronic energy       = 0
    Total energy                    = 46.66396065

Stage 1.0  ExecutionTime = 61634.61 s  ClockTime = 4973 s  Iteration 6490 (13.94 s)

Time = 0.0026

    Collision global reduction skipped (rank 0 local diagnostics)
    Collisions                      = 734995
    Collision candidates           = 2009692
    Collision acceptance rate      = 0.3657251957


Phase C auto DLB triggered (threshold) at step 6500: sar=0 loadImbalance=2.170683501 threshold=1.5 particleMaxMin=1
Phase C ParMETIS weights: particles=9485097 activeCells=104151 maxCellParticles=316
Phase C ParMETIS: alpha=1 ncon=1 ubvec=[1.05] moveRatio=0.7264185815 (moveT=1882.753952s, collT=709.0767083s)
Phase C ParMETIS: AdaptiveRepart (104151 cells, 1 constraints, ubvec=1.05)
Replicated mesh: rank 0 owns 28990 / 104151 cells
Local mesh: 28990 owned + 175 halo = 29165 / 104151 cells
Phase C ParMETIS AdaptiveRepart: 0 / 104151 cells changed (0)
Phase C auto DLB complete: rebalance #125

    Number of DSMC particles        = 9485097
    Number of stuck particles       = 0
    Number of free particles        = 9485097
    Average linear kinetic energy   = 4.093748128e-19
    Average rotational energy       = 5.211727494e-20
    Average vibrational energy      = 3.052482139e-20
    Average electronic energy       = 0
    Total energy                    = 46.66828108

Stage 1.0  ExecutionTime = 61749.57 s  ClockTime = 4983 s  Iteration 6500 (17.29 s)

Time = 0.002604

    Collision global reduction skipped (rank 0 local diagnostics)
    Collisions                      = 736514
    Collision candidates           = 2011784
    Collision acceptance rate      = 0.3660999392

    Number of DSMC particles        = 9486400
    Number of stuck particles       = 0
    Number of free particles        = 9486400
    Average linear kinetic energy   = 4.093645419e-19
    Average rotational energy       = 5.207672846e-20
    Average vibrational energy      = 3.052001216e-20
    Average electronic energy       = 0
    Total energy                    = 46.6694151

Stage 1.0  ExecutionTime = 61861.29 s  ClockTime = 4993 s  Iteration 6510 (13.94 s)

Time = 0.002608

    Collision global reduction skipped (rank 0 local diagnostics)
    Collisions                      = 737659
    Collision candidates           = 2012073
    Collision acceptance rate      = 0.36661642

    Number of DSMC particles        = 9487865
    Number of stuck particles       = 0
    Number of free particles        = 9487865
    Average linear kinetic energy   = 4.093779546e-19
    Average rotational energy       = 5.203416842e-20
    Average vibrational energy      = 3.052746328e-20
    Average electronic energy       = 0
    Total energy                    = 46.67456383

Stage 1.0  ExecutionTime = 61972.9 s  ClockTime = 5003 s  Iteration 6520 (13.95 s)

Time = 0.002612

    Collision global reduction skipped (rank 0 local diagnostics)
    Collisions                      = 735793
    Collision candidates           = 2011843
    Collision acceptance rate      = 0.3657308249

    Number of DSMC particles        = 9488710
    Number of stuck particles       = 0
    Number of free particles        = 9488710
    Average linear kinetic energy   = 4.093343326e-19
    Average rotational energy       = 5.207403235e-20
    Average vibrational energy      = 3.051773775e-20
    Average electronic energy       = 0
    Total energy                    = 46.6774413

Stage 1.0  ExecutionTime = 62084.49 s  ClockTime = 5012 s  Iteration 6530 (13.95 s)

Time = 0.002616

    Collision global reduction skipped (rank 0 local diagnostics)
    Collisions                      = 735895
    Collision candidates           = 2011753
    Collision acceptance rate      = 0.3657978887

    Number of DSMC particles        = 9489735
    Number of stuck particles       = 0
    Number of free particles        = 9489735
    Average linear kinetic energy   = 4.093345999e-19
    Average rotational energy       = 5.210518889e-20
    Average vibrational energy      = 3.052495185e-20
    Average electronic energy       = 0
    Total energy                    = 46.68615018

Stage 1.0  ExecutionTime = 62196.13 s  ClockTime = 5022 s  Iteration 6540 (13.95 s)

Time = 0.00262

    Collision global reduction skipped (rank 0 local diagnostics)
    Collisions                      = 737982
    Collision candidates           = 2013195
    Collision acceptance rate      = 0.3665725377


Phase C auto DLB triggered (threshold) at step 6550: sar=0 loadImbalance=2.143915317 threshold=1.5 particleMaxMin=1
Phase C ParMETIS weights: particles=9490668 activeCells=104151 maxCellParticles=298
Phase C ParMETIS: alpha=1 ncon=1 ubvec=[1.05] moveRatio=0.7265032906 (moveT=1902.25547s, collT=716.1159742s)
Phase C ParMETIS: AdaptiveRepart (104151 cells, 1 constraints, ubvec=1.05)
Replicated mesh: rank 0 owns 28990 / 104151 cells
Local mesh: 28990 owned + 175 halo = 29165 / 104151 cells
Phase C ParMETIS AdaptiveRepart: 0 / 104151 cells changed (0)
Phase C auto DLB complete: rebalance #126

    Number of DSMC particles        = 9490668
    Number of stuck particles       = 0
    Number of free particles        = 9490668
    Average linear kinetic energy   = 4.092965174e-19
    Average rotational energy       = 5.210019184e-20
    Average vibrational energy      = 3.051149193e-20
    Average electronic energy       = 0
    Total energy                    = 46.68537424

Stage 1.0  ExecutionTime = 62311.12 s  ClockTime = 5032 s  Iteration 6550 (17.3 s)

Time = 0.002624

    Collision global reduction skipped (rank 0 local diagnostics)
    Collisions                      = 736188
    Collision candidates           = 2011691
    Collision acceptance rate      = 0.3659548112

    Number of DSMC particles        = 9492004
    Number of stuck particles       = 0
    Number of free particles        = 9492004
    Average linear kinetic energy   = 4.092371093e-19
    Average rotational energy       = 5.213139359e-20
    Average vibrational energy      = 3.05015061e-20
    Average electronic energy       = 0
    Total energy                    = 46.68832093

Stage 1.0  ExecutionTime = 62422.77 s  ClockTime = 5042 s  Iteration 6560 (13.94 s)

Time = 0.002628

    Collision global reduction skipped (rank 0 local diagnostics)
    Collisions                      = 735087
    Collision candidates           = 2010364
    Collision acceptance rate      = 0.3656487084

    Number of DSMC particles        = 9493393
    Number of stuck particles       = 0
    Number of free particles        = 9493393
    Average linear kinetic energy   = 4.092677863e-19
    Average rotational energy       = 5.209848284e-20
    Average vibrational energy      = 3.047912059e-20
    Average electronic energy       = 0
    Total energy                    = 46.6928158

Stage 1.0  ExecutionTime = 62534.42 s  ClockTime = 5051 s  Iteration 6570 (13.93 s)

Time = 0.002632

    Collision global reduction skipped (rank 0 local diagnostics)
    Collisions                      = 735894
    Collision candidates           = 2010302
    Collision acceptance rate      = 0.3660614176

    Number of DSMC particles        = 9495483
    Number of stuck particles       = 0
    Number of free particles        = 9495483
    Average linear kinetic energy   = 4.09221957e-19
    Average rotational energy       = 5.206642179e-20
    Average vibrational energy      = 3.049662443e-20
    Average electronic energy       = 0
    Total energy                    = 46.69736138

Stage 1.0  ExecutionTime = 62646.03 s  ClockTime = 5061 s  Iteration 6580 (13.97 s)

Time = 0.002636

    Collision global reduction skipped (rank 0 local diagnostics)
    Collisions                      = 737786
    Collision candidates           = 2012022
    Collision acceptance rate      = 0.3666888334

    Number of DSMC particles        = 9496323
    Number of stuck particles       = 0
    Number of free particles        = 9496323
    Average linear kinetic energy   = 4.09249808e-19
    Average rotational energy       = 5.203848722e-20
    Average vibrational energy      = 3.047627033e-20
    Average electronic energy       = 0
    Total energy                    = 46.69955155

Stage 1.0  ExecutionTime = 62757.69 s  ClockTime = 5071 s  Iteration 6590 (13.94 s)

Time = 0.00264

    Collision global reduction skipped (rank 0 local diagnostics)
    Collisions                      = 736272
    Collision candidates           = 2013046
    Collision acceptance rate      = 0.3657502114


Phase C auto DLB triggered (threshold) at step 6600: sar=0 loadImbalance=2.114002219 threshold=1.5 particleMaxMin=1
Phase C ParMETIS weights: particles=9497433 activeCells=104151 maxCellParticles=299
Phase C ParMETIS: alpha=1 ncon=1 ubvec=[1.05] moveRatio=0.726585124 (moveT=1921.73269s, collT=723.1503754s)
Phase C ParMETIS: AdaptiveRepart (104151 cells, 1 constraints, ubvec=1.05)
Replicated mesh: rank 0 owns 28990 / 104151 cells
Local mesh: 28990 owned + 175 halo = 29165 / 104151 cells
Phase C ParMETIS AdaptiveRepart: 0 / 104151 cells changed (0)
Phase C auto DLB complete: rebalance #127

    Number of DSMC particles        = 9497433
    Number of stuck particles       = 0
    Number of free particles        = 9497433
    Average linear kinetic energy   = 4.092233869e-19
    Average rotational energy       = 5.203840235e-20
    Average vibrational energy      = 3.046947761e-20
    Average electronic energy       = 0
    Total energy                    = 46.70184761

Stage 1.0  ExecutionTime = 62872.76 s  ClockTime = 5081 s  Iteration 6600 (17.3 s)

Time = 0.002644

    Collision global reduction skipped (rank 0 local diagnostics)
    Collisions                      = 737026
    Collision candidates           = 2013443
    Collision acceptance rate      = 0.3660525776

    Number of DSMC particles        = 9498944
    Number of stuck particles       = 0
    Number of free particles        = 9498944
    Average linear kinetic energy   = 4.091723371e-19
    Average rotational energy       = 5.204529677e-20
    Average vibrational energy      = 3.046894574e-20
    Average electronic energy       = 0
    Total energy                    = 46.70503285

Stage 1.0  ExecutionTime = 62984.5 s  ClockTime = 5090 s  Iteration 6610 (13.99 s)

Time = 0.002648

    Collision global reduction skipped (rank 0 local diagnostics)
    Collisions                      = 736908
    Collision candidates           = 2012924
    Collision acceptance rate      = 0.3660883372

    Number of DSMC particles        = 9499930
    Number of stuck particles       = 0
    Number of free particles        = 9499930
    Average linear kinetic energy   = 4.091434498e-19
    Average rotational energy       = 5.203857239e-20
    Average vibrational energy      = 3.047854257e-20
    Average electronic energy       = 0
    Total energy                    = 46.70740949

Stage 1.0  ExecutionTime = 63096.19 s  ClockTime = 5100 s  Iteration 6620 (13.93 s)

Time = 0.002652

    Collision global reduction skipped (rank 0 local diagnostics)
    Collisions                      = 736416
    Collision candidates           = 2014964
    Collision acceptance rate      = 0.3654735271

    Number of DSMC particles        = 9501067
    Number of stuck particles       = 0
    Number of free particles        = 9501067
    Average linear kinetic energy   = 4.090690242e-19
    Average rotational energy       = 5.205216743e-20
    Average vibrational energy      = 3.047844912e-20
    Average electronic energy       = 0
    Total energy                    = 46.70721124

Stage 1.0  ExecutionTime = 63207.81 s  ClockTime = 5109 s  Iteration 6630 (13.94 s)

Time = 0.002656

    Collision global reduction skipped (rank 0 local diagnostics)
    Collisions                      = 737667
    Collision candidates           = 2015530
    Collision acceptance rate      = 0.3659915754

    Number of DSMC particles        = 9502344
    Number of stuck particles       = 0
    Number of free particles        = 9502344
    Average linear kinetic energy   = 4.090747852e-19
    Average rotational energy       = 5.203813152e-20
    Average vibrational energy      = 3.048041443e-20
    Average electronic energy       = 0
    Total energy                    = 46.71288941

Stage 1.0  ExecutionTime = 63319.45 s  ClockTime = 5119 s  Iteration 6640 (13.94 s)

Time = 0.00266

    Collision global reduction skipped (rank 0 local diagnostics)
    Collisions                      = 736918
    Collision candidates           = 2015460
    Collision acceptance rate      = 0.3656326595


Phase C auto DLB triggered (threshold) at step 6650: sar=0 loadImbalance=2.098484885 threshold=1.5 particleMaxMin=1
Phase C ParMETIS weights: particles=9503840 activeCells=104151 maxCellParticles=299
Phase C ParMETIS: alpha=1 ncon=1 ubvec=[1.05] moveRatio=0.7266638786 (moveT=1941.234649s, collT=730.1994298s)
Phase C ParMETIS: AdaptiveRepart (104151 cells, 1 constraints, ubvec=1.05)
Replicated mesh: rank 0 owns 28990 / 104151 cells
Local mesh: 28990 owned + 175 halo = 29165 / 104151 cells
Phase C ParMETIS AdaptiveRepart: 0 / 104151 cells changed (0)
Phase C auto DLB complete: rebalance #128

    Number of DSMC particles        = 9503840
    Number of stuck particles       = 0
    Number of free particles        = 9503840
    Average linear kinetic energy   = 4.089807193e-19
    Average rotational energy       = 5.207922817e-20
    Average vibrational energy      = 3.048789976e-20
    Average electronic energy       = 0
    Total energy                    = 46.71592093

Stage 1.0  ExecutionTime = 63434.47 s  ClockTime = 5129 s  Iteration 6650 (17.3 s)

Time = 0.002664

    Collision global reduction skipped (rank 0 local diagnostics)
    Collisions                      = 737971
    Collision candidates           = 2012982
    Collision acceptance rate      = 0.3666058614

    Number of DSMC particles        = 9504574
    Number of stuck particles       = 0
    Number of free particles        = 9504574
    Average linear kinetic energy   = 4.089609413e-19
    Average rotational energy       = 5.206521705e-20
    Average vibrational energy      = 3.04813856e-20
    Average electronic energy       = 0
    Total energy                    = 46.71569823

Stage 1.0  ExecutionTime = 63546.13 s  ClockTime = 5139 s  Iteration 6660 (13.94 s)

Time = 0.002668

    Collision global reduction skipped (rank 0 local diagnostics)
    Collisions                      = 736210
    Collision candidates           = 2013099
    Collision acceptance rate      = 0.3657097838

    Number of DSMC particles        = 9505703
    Number of stuck particles       = 0
    Number of free particles        = 9505703
    Average linear kinetic energy   = 4.089585977e-19
    Average rotational energy       = 5.203221617e-20
    Average vibrational energy      = 3.047703653e-20
    Average electronic energy       = 0
    Total energy                    = 46.7174742

Stage 1.0  ExecutionTime = 63657.88 s  ClockTime = 5149 s  Iteration 6670 (13.99 s)

Time = 0.002672

    Collision global reduction skipped (rank 0 local diagnostics)
    Collisions                      = 737061
    Collision candidates           = 2014878
    Collision acceptance rate      = 0.365809245

    Number of DSMC particles        = 9506727
    Number of stuck particles       = 0
    Number of free particles        = 9506727
    Average linear kinetic energy   = 4.089009955e-19
    Average rotational energy       = 5.207694457e-20
    Average vibrational energy      = 3.048252679e-20
    Average electronic energy       = 0
    Total energy                    = 46.7218049

Stage 1.0  ExecutionTime = 63769.6 s  ClockTime = 5158 s  Iteration 6680 (13.95 s)

Time = 0.002676

    Collision global reduction skipped (rank 0 local diagnostics)
    Collisions                      = 738233
    Collision candidates           = 2016022
    Collision acceptance rate      = 0.3661830079

    Number of DSMC particles        = 9508238
    Number of stuck particles       = 0
    Number of free particles        = 9508238
    Average linear kinetic energy   = 4.089016377e-19
    Average rotational energy       = 5.205484715e-20
    Average vibrational energy      = 3.048988242e-20
    Average electronic energy       = 0
    Total energy                    = 46.72789024

Stage 1.0  ExecutionTime = 63881.24 s  ClockTime = 5168 s  Iteration 6690 (13.96 s)

Time = 0.00268

    Collision global reduction skipped (rank 0 local diagnostics)
    Collisions                      = 737446
    Collision candidates           = 2016081
    Collision acceptance rate      = 0.3657819304


Phase C auto DLB triggered (threshold) at step 6700: sar=0 loadImbalance=2.091338752 threshold=1.5 particleMaxMin=1
Phase C ParMETIS weights: particles=9509098 activeCells=104151 maxCellParticles=297
Phase C ParMETIS: alpha=1 ncon=1 ubvec=[1.05] moveRatio=0.7267479584 (moveT=1960.790456s, collT=737.2432066s)
Phase C ParMETIS: AdaptiveRepart (104151 cells, 1 constraints, ubvec=1.05)
Replicated mesh: rank 0 owns 28990 / 104151 cells
Local mesh: 28990 owned + 175 halo = 29165 / 104151 cells
Phase C ParMETIS AdaptiveRepart: 0 / 104151 cells changed (0)
Phase C auto DLB complete: rebalance #129

    Number of DSMC particles        = 9509098
    Number of stuck particles       = 0
    Number of free particles        = 9509098
    Average linear kinetic energy   = 4.088521673e-19
    Average rotational energy       = 5.207202988e-20
    Average vibrational energy      = 3.050173368e-20
    Average electronic energy       = 0
    Total energy                    = 46.73017337

Stage 1.0  ExecutionTime = 63996.35 s  ClockTime = 5178 s  Iteration 6700 (17.32 s)

Time = 0.002684

    Collision global reduction skipped (rank 0 local diagnostics)
    Collisions                      = 738075
    Collision candidates           = 2013731
    Collision acceptance rate      = 0.3665211491

    Number of DSMC particles        = 9509658
    Number of stuck particles       = 0
    Number of free particles        = 9509658
    Average linear kinetic energy   = 4.088743726e-19
    Average rotational energy       = 5.204500616e-20
    Average vibrational energy      = 3.051603891e-20
    Average electronic energy       = 0
    Total energy                    = 46.73382751

Stage 1.0  ExecutionTime = 64108.11 s  ClockTime = 5188 s  Iteration 6710 (13.96 s)

Time = 0.002688

    Collision global reduction skipped (rank 0 local diagnostics)
    Collisions                      = 737319
    Collision candidates           = 2015031
    Collision acceptance rate      = 0.3659095071

    Number of DSMC particles        = 9510399
    Number of stuck particles       = 0
    Number of free particles        = 9510399
    Average linear kinetic energy   = 4.088769514e-19
    Average rotational energy       = 5.204892748e-20
    Average vibrational energy      = 3.050708847e-20
    Average electronic energy       = 0
    Total energy                    = 46.73723602

Stage 1.0  ExecutionTime = 64219.79 s  ClockTime = 5197 s  Iteration 6720 (13.96 s)

Time = 0.002692

    Collision global reduction skipped (rank 0 local diagnostics)
    Collisions                      = 736496
    Collision candidates           = 2013557
    Collision acceptance rate      = 0.3657686373

    Number of DSMC particles        = 9511118
    Number of stuck particles       = 0
    Number of free particles        = 9511118
    Average linear kinetic energy   = 4.087912581e-19
    Average rotational energy       = 5.203028994e-20
    Average vibrational energy      = 3.05101494e-20
    Average electronic energy       = 0
    Total energy                    = 46.73113752

Stage 1.0  ExecutionTime = 64331.56 s  ClockTime = 5207 s  Iteration 6730 (13.97 s)

Time = 0.002696

    Collision global reduction skipped (rank 0 local diagnostics)
    Collisions                      = 736341
    Collision candidates           = 2015374
    Collision acceptance rate      = 0.3653619626

    Number of DSMC particles        = 9512806
    Number of stuck particles       = 0
    Number of free particles        = 9512806
    Average linear kinetic energy   = 4.087684446e-19
    Average rotational energy       = 5.203430293e-20
    Average vibrational energy      = 3.050415539e-20
    Average electronic energy       = 0
    Total energy                    = 46.73707254

Stage 1.0  ExecutionTime = 64443.2 s  ClockTime = 5217 s  Iteration 6740 (13.96 s)

Time = 0.0027

    Collision global reduction skipped (rank 0 local diagnostics)
    Collisions                      = 737464
    Collision candidates           = 2014219
    Collision acceptance rate      = 0.3661290058


Phase C auto DLB triggered (threshold) at step 6750: sar=0 loadImbalance=2.086865462 threshold=1.5 particleMaxMin=1
Phase C ParMETIS weights: particles=9513427 activeCells=104151 maxCellParticles=306
Phase C ParMETIS: alpha=1 ncon=1 ubvec=[1.05] moveRatio=0.7268223938 (moveT=1980.275096s, collT=744.2902354s)
Phase C ParMETIS: AdaptiveRepart (104151 cells, 1 constraints, ubvec=1.05)
Replicated mesh: rank 0 owns 28990 / 104151 cells
Local mesh: 28990 owned + 175 halo = 29165 / 104151 cells
Phase C ParMETIS AdaptiveRepart: 0 / 104151 cells changed (0)
Phase C auto DLB complete: rebalance #130

    Number of DSMC particles        = 9513427
    Number of stuck particles       = 0
    Number of free particles        = 9513427
    Average linear kinetic energy   = 4.087619452e-19
    Average rotational energy       = 5.202480495e-20
    Average vibrational energy      = 3.050016639e-20
    Average electronic energy       = 0
    Total energy                    = 46.73822216

Stage 1.0  ExecutionTime = 64558.26 s  ClockTime = 5227 s  Iteration 6750 (17.31 s)

Time = 0.002704

    Collision global reduction skipped (rank 0 local diagnostics)
    Collisions                      = 737656
    Collision candidates           = 2014011
    Collision acceptance rate      = 0.3662621505

    Number of DSMC particles        = 9514424
    Number of stuck particles       = 0
    Number of free particles        = 9514424
    Average linear kinetic energy   = 4.08700025e-19
    Average rotational energy       = 5.205418002e-20
    Average vibrational energy      = 3.050881712e-20
    Average electronic energy       = 0
    Total energy                    = 46.74084688

Stage 1.0  ExecutionTime = 64669.91 s  ClockTime = 5236 s  Iteration 6760 (13.95 s)

Time = 0.002708

    Collision global reduction skipped (rank 0 local diagnostics)
    Collisions                      = 735875
    Collision candidates           = 2012491
    Collision acceptance rate      = 0.3656538091

    Number of DSMC particles        = 9515016
    Number of stuck particles       = 0
    Number of free particles        = 9515016
    Average linear kinetic energy   = 4.086812953e-19
    Average rotational energy       = 5.207017916e-20
    Average vibrational energy      = 3.051175955e-20
    Average electronic energy       = 0
    Total energy                    = 46.74377532

Stage 1.0  ExecutionTime = 64781.56 s  ClockTime = 5246 s  Iteration 6770 (13.95 s)

Time = 0.002712

    Collision global reduction skipped (rank 0 local diagnostics)
    Collisions                      = 737335
    Collision candidates           = 2013117
    Collision acceptance rate      = 0.3662653487

    Number of DSMC particles        = 9516204
    Number of stuck particles       = 0
    Number of free particles        = 9516204
    Average linear kinetic energy   = 4.086976975e-19
    Average rotational energy       = 5.204210359e-20
    Average vibrational energy      = 3.051931289e-20
    Average electronic energy       = 0
    Total energy                    = 46.74921946

Stage 1.0  ExecutionTime = 64893.37 s  ClockTime = 5256 s  Iteration 6780 (13.99 s)

Time = 0.002716

    Collision global reduction skipped (rank 0 local diagnostics)
    Collisions                      = 737255
    Collision candidates           = 2013531
    Collision acceptance rate      = 0.3661503101

    Number of DSMC particles        = 9517056
    Number of stuck particles       = 0
    Number of free particles        = 9517056
    Average linear kinetic energy   = 4.086843039e-19
    Average rotational energy       = 5.205286129e-20
    Average vibrational energy      = 3.050814839e-20
    Average electronic energy       = 0
    Total energy                    = 46.75209159

Stage 1.0  ExecutionTime = 65005.12 s  ClockTime = 5265 s  Iteration 6790 (13.97 s)

Time = 0.00272

    Collision global reduction skipped (rank 0 local diagnostics)
    Collisions                      = 737397
    Collision candidates           = 2014908
    Collision acceptance rate      = 0.3659705555


Phase C auto DLB triggered (threshold) at step 6800: sar=0 loadImbalance=2.07984984 threshold=1.5 particleMaxMin=1
Phase C ParMETIS weights: particles=9517530 activeCells=104151 maxCellParticles=294
Phase C ParMETIS: alpha=1 ncon=1 ubvec=[1.05] moveRatio=0.7269024376 (moveT=1999.810408s, collT=751.3296414s)
Phase C ParMETIS: AdaptiveRepart (104151 cells, 1 constraints, ubvec=1.05)
Replicated mesh: rank 0 owns 28990 / 104151 cells
Local mesh: 28990 owned + 175 halo = 29165 / 104151 cells
Phase C ParMETIS AdaptiveRepart: 0 / 104151 cells changed (0)
Phase C auto DLB complete: rebalance #131

    Number of DSMC particles        = 9517530
    Number of stuck particles       = 0
    Number of free particles        = 9517530
    Average linear kinetic energy   = 4.086188564e-19
    Average rotational energy       = 5.208238461e-20
    Average vibrational energy      = 3.051440199e-20
    Average electronic energy       = 0
    Total energy                    = 46.75159619

Stage 1.0  ExecutionTime = 65120.19 s  ClockTime = 5275 s  Iteration 6800 (17.33 s)

Time = 0.002724

    Collision global reduction skipped (rank 0 local diagnostics)
    Collisions                      = 737393
    Collision candidates           = 2014938
    Collision acceptance rate      = 0.3659631214

    Number of DSMC particles        = 9518170
    Number of stuck particles       = 0
    Number of free particles        = 9518170
    Average linear kinetic energy   = 4.085727738e-19
    Average rotational energy       = 5.20865102e-20
    Average vibrational energy      = 3.053064806e-20
    Average electronic energy       = 0
    Total energy                    = 46.75229276

Stage 1.0  ExecutionTime = 65231.92 s  ClockTime = 5285 s  Iteration 6810 (13.97 s)

Time = 0.002728

    Collision global reduction skipped (rank 0 local diagnostics)
    Collisions                      = 737728
    Collision candidates           = 2016440
    Collision acceptance rate      = 0.3658566583

    Number of DSMC particles        = 9519510
    Number of stuck particles       = 0
    Number of free particles        = 9519510
    Average linear kinetic energy   = 4.085715018e-19
    Average rotational energy       = 5.209107985e-20
    Average vibrational energy      = 3.052334377e-20
    Average electronic energy       = 0
    Total energy                    = 46.75849329

Stage 1.0  ExecutionTime = 65343.7 s  ClockTime = 5295 s  Iteration 6820 (13.95 s)

Time = 0.002732

    Collision global reduction skipped (rank 0 local diagnostics)
    Collisions                      = 739603
    Collision candidates           = 2018532
    Collision acceptance rate      = 0.3664063785

    Number of DSMC particles        = 9520414
    Number of stuck particles       = 0
    Number of free particles        = 9520414
    Average linear kinetic energy   = 4.085961075e-19
    Average rotational energy       = 5.209032364e-20
    Average vibrational energy      = 3.052718903e-20
    Average electronic energy       = 0
    Total energy                    = 46.76557026

Stage 1.0  ExecutionTime = 65455.54 s  ClockTime = 5304 s  Iteration 6830 (13.96 s)

Time = 0.002736

    Collision global reduction skipped (rank 0 local diagnostics)
    Collisions                      = 738756
    Collision candidates           = 2019348
    Collision acceptance rate      = 0.3658388747

    Number of DSMC particles        = 9521398
    Number of stuck particles       = 0
    Number of free particles        = 9521398
    Average linear kinetic energy   = 4.085538412e-19
    Average rotational energy       = 5.211501359e-20
    Average vibrational energy      = 3.052280091e-20
    Average electronic energy       = 0
    Total energy                    = 46.76831248

Stage 1.0  ExecutionTime = 65567.32 s  ClockTime = 5314 s  Iteration 6840 (13.97 s)

Time = 0.00274

    Collision global reduction skipped (rank 0 local diagnostics)
    Collisions                      = 739760
    Collision candidates           = 2019106
    Collision acceptance rate      = 0.3663799721


Phase C auto DLB triggered (threshold) at step 6850: sar=0 loadImbalance=2.077833328 threshold=1.5 particleMaxMin=1
Phase C ParMETIS weights: particles=9522359 activeCells=104151 maxCellParticles=306
Phase C ParMETIS: alpha=1 ncon=1 ubvec=[1.05] moveRatio=0.7269735833 (moveT=2019.337955s, collT=758.3942781s)
Phase C ParMETIS: AdaptiveRepart (104151 cells, 1 constraints, ubvec=1.05)
Replicated mesh: rank 0 owns 28990 / 104151 cells
Local mesh: 28990 owned + 175 halo = 29165 / 104151 cells
Phase C ParMETIS AdaptiveRepart: 0 / 104151 cells changed (0)
Phase C auto DLB complete: rebalance #132

    Number of DSMC particles        = 9522359
    Number of stuck particles       = 0
    Number of free particles        = 9522359
    Average linear kinetic energy   = 4.085277561e-19
    Average rotational energy       = 5.206201773e-20
    Average vibrational energy      = 3.053632736e-20
    Average electronic energy       = 0
    Total energy                    = 46.7667905

Stage 1.0  ExecutionTime = 65682.43 s  ClockTime = 5324 s  Iteration 6850 (17.33 s)

Time = 0.002744

    Collision global reduction skipped (rank 0 local diagnostics)
    Collisions                      = 738118
    Collision candidates           = 2018844
    Collision acceptance rate      = 0.3656141832

    Number of DSMC particles        = 9523127
    Number of stuck particles       = 0
    Number of free particles        = 9523127
    Average linear kinetic energy   = 4.085547372e-19
    Average rotational energy       = 5.203516181e-20
    Average vibrational energy      = 3.051979107e-20
    Average electronic energy       = 0
    Total energy                    = 46.76899949

Stage 1.0  ExecutionTime = 65794.22 s  ClockTime = 5334 s  Iteration 6860 (13.96 s)

Time = 0.002748

    Collision global reduction skipped (rank 0 local diagnostics)
    Collisions                      = 739429
    Collision candidates           = 2019398
    Collision acceptance rate      = 0.3661630842

    Number of DSMC particles        = 9524045
    Number of stuck particles       = 0
    Number of free particles        = 9524045
    Average linear kinetic energy   = 4.085040715e-19
    Average rotational energy       = 5.20547476e-20
    Average vibrational energy      = 3.052026211e-20
    Average electronic energy       = 0
    Total energy                    = 46.77059268

Stage 1.0  ExecutionTime = 65906.07 s  ClockTime = 5344 s  Iteration 6870 (13.95 s)

Time = 0.002752

    Collision global reduction skipped (rank 0 local diagnostics)
    Collisions                      = 740118
    Collision candidates           = 2020336
    Collision acceptance rate      = 0.3663341147

    Number of DSMC particles        = 9524465
    Number of stuck particles       = 0
    Number of free particles        = 9524465
    Average linear kinetic energy   = 4.084958967e-19
    Average rotational energy       = 5.205613834e-20
    Average vibrational energy      = 3.052042581e-20
    Average electronic energy       = 0
    Total energy                    = 46.77202466

Stage 1.0  ExecutionTime = 66017.86 s  ClockTime = 5353 s  Iteration 6880 (13.96 s)

Time = 0.002756

    Collision global reduction skipped (rank 0 local diagnostics)
    Collisions                      = 737315
    Collision candidates           = 2019185
    Collision acceptance rate      = 0.365154753

    Number of DSMC particles        = 9525461
    Number of stuck particles       = 0
    Number of free particles        = 9525461
    Average linear kinetic energy   = 4.084692604e-19
    Average rotational energy       = 5.203268942e-20
    Average vibrational energy      = 3.051414647e-20
    Average electronic energy       = 0
    Total energy                    = 46.77154676

Stage 1.0  ExecutionTime = 66129.79 s  ClockTime = 5363 s  Iteration 6890 (13.96 s)

Time = 0.00276

    Collision global reduction skipped (rank 0 local diagnostics)
    Collisions                      = 737520
    Collision candidates           = 2018014
    Collision acceptance rate      = 0.3654682277


Phase C auto DLB triggered (threshold) at step 6900: sar=0 loadImbalance=2.076337603 threshold=1.5 particleMaxMin=1
Phase C ParMETIS weights: particles=9526224 activeCells=104151 maxCellParticles=297
Phase C ParMETIS: alpha=1 ncon=1 ubvec=[1.05] moveRatio=0.7270466115 (moveT=2038.886517s, collT=765.4543391s)
Phase C ParMETIS: AdaptiveRepart (104151 cells, 1 constraints, ubvec=1.05)
Replicated mesh: rank 0 owns 28990 / 104151 cells
Local mesh: 28990 owned + 175 halo = 29165 / 104151 cells
Phase C ParMETIS AdaptiveRepart: 0 / 104151 cells changed (0)
Phase C auto DLB complete: rebalance #133

    Number of DSMC particles        = 9526224
    Number of stuck particles       = 0
    Number of free particles        = 9526224
    Average linear kinetic energy   = 4.084882265e-19
    Average rotational energy       = 5.199906309e-20
    Average vibrational energy      = 3.051718573e-20
    Average electronic energy       = 0
    Total energy                    = 46.77418617

Stage 1.0  ExecutionTime = 66244.89 s  ClockTime = 5373 s  Iteration 6900 (17.32 s)

Time = 0.002764

    Collision global reduction skipped (rank 0 local diagnostics)
    Collisions                      = 737364
    Collision candidates           = 2016060
    Collision acceptance rate      = 0.3657450671

    Number of DSMC particles        = 9527901
    Number of stuck particles       = 0
    Number of free particles        = 9527901
    Average linear kinetic energy   = 4.084602314e-19
    Average rotational energy       = 5.201453168e-20
    Average vibrational energy      = 3.052395335e-20
    Average electronic energy       = 0
    Total energy                    = 46.78187161

Stage 1.0  ExecutionTime = 66356.72 s  ClockTime = 5383 s  Iteration 6910 (13.96 s)

Time = 0.002768

    Collision global reduction skipped (rank 0 local diagnostics)
    Collisions                      = 736840
    Collision candidates           = 2015407
    Collision acceptance rate      = 0.3656035729

    Number of DSMC particles        = 9528743
    Number of stuck particles       = 0
    Number of free particles        = 9528743
    Average linear kinetic energy   = 4.08390189e-19
    Average rotational energy       = 5.204698184e-20
    Average vibrational energy      = 3.051596607e-20
    Average electronic energy       = 0
    Total energy                    = 46.78166266

Stage 1.0  ExecutionTime = 66468.49 s  ClockTime = 5392 s  Iteration 6920 (13.99 s)

Time = 0.002772

    Collision global reduction skipped (rank 0 local diagnostics)
    Collisions                      = 737162
    Collision candidates           = 2014432
    Collision acceptance rate      = 0.3659403743

    Number of DSMC particles        = 9529765
    Number of stuck particles       = 0
    Number of free particles        = 9529765
    Average linear kinetic energy   = 4.08394265e-19
    Average rotational energy       = 5.203874121e-20
    Average vibrational energy      = 3.05183582e-20
    Average electronic energy       = 0
    Total energy                    = 46.7865113

Stage 1.0  ExecutionTime = 66580.22 s  ClockTime = 5402 s  Iteration 6930 (13.96 s)

Time = 0.002776

    Collision global reduction skipped (rank 0 local diagnostics)
    Collisions                      = 735856
    Collision candidates           = 2011656
    Collision acceptance rate      = 0.3657961401

    Number of DSMC particles        = 9530715
    Number of stuck particles       = 0
    Number of free particles        = 9530715
    Average linear kinetic energy   = 4.083820713e-19
    Average rotational energy       = 5.201790595e-20
    Average vibrational energy      = 3.052215532e-20
    Average electronic energy       = 0
    Total energy                    = 46.78838933

Stage 1.0  ExecutionTime = 66691.96 s  ClockTime = 5412 s  Iteration 6940 (13.96 s)

Time = 0.00278

    Collision global reduction skipped (rank 0 local diagnostics)
    Collisions                      = 736867
    Collision candidates           = 2013351
    Collision acceptance rate      = 0.3659903315


Phase C auto DLB triggered (threshold) at step 6950: sar=0 loadImbalance=2.073239233 threshold=1.5 particleMaxMin=1
Phase C ParMETIS weights: particles=9531502 activeCells=104151 maxCellParticles=290
Phase C ParMETIS: alpha=1 ncon=1 ubvec=[1.05] moveRatio=0.727127913 (moveT=2058.500792s, collT=772.5015053s)
Phase C ParMETIS: AdaptiveRepart (104151 cells, 1 constraints, ubvec=1.05)
Replicated mesh: rank 0 owns 28990 / 104151 cells
Local mesh: 28990 owned + 175 halo = 29165 / 104151 cells
Phase C ParMETIS AdaptiveRepart: 0 / 104151 cells changed (0)
Phase C auto DLB complete: rebalance #134

    Number of DSMC particles        = 9531502
    Number of stuck particles       = 0
    Number of free particles        = 9531502
    Average linear kinetic energy   = 4.083446893e-19
    Average rotational energy       = 5.205040011e-20
    Average vibrational energy      = 3.052611029e-20
    Average electronic energy       = 0
    Total energy                    = 46.79216397

Stage 1.0  ExecutionTime = 66807.05 s  ClockTime = 5422 s  Iteration 6950 (17.35 s)

Time = 0.002784

    Collision global reduction skipped (rank 0 local diagnostics)
    Collisions                      = 737578
    Collision candidates           = 2015205
    Collision acceptance rate      = 0.3660064361

    Number of DSMC particles        = 9532033
    Number of stuck particles       = 0
    Number of free particles        = 9532033
    Average linear kinetic energy   = 4.083550723e-19
    Average rotational energy       = 5.202382479e-20
    Average vibrational energy      = 3.05276134e-20
    Average electronic energy       = 0
    Total energy                    = 46.79337058

Stage 1.0  ExecutionTime = 66918.78 s  ClockTime = 5432 s  Iteration 6960 (13.96 s)

Time = 0.002788

    Collision global reduction skipped (rank 0 local diagnostics)
    Collisions                      = 737697
    Collision candidates           = 2014672
    Collision acceptance rate      = 0.3661623331

    Number of DSMC particles        = 9532285
    Number of stuck particles       = 0
    Number of free particles        = 9532285
    Average linear kinetic energy   = 4.082670565e-19
    Average rotational energy       = 5.205182149e-20
    Average vibrational energy      = 3.052636154e-20
    Average electronic energy       = 0
    Total energy                    = 46.78876714

Stage 1.0  ExecutionTime = 67030.49 s  ClockTime = 5441 s  Iteration 6970 (13.97 s)

Time = 0.002792

    Collision global reduction skipped (rank 0 local diagnostics)
    Collisions                      = 738862
    Collision candidates           = 2017723
    Collision acceptance rate      = 0.3661860424

    Number of DSMC particles        = 9532986
    Number of stuck particles       = 0
    Number of free particles        = 9532986
    Average linear kinetic energy   = 4.082226553e-19
    Average rotational energy       = 5.20488555e-20
    Average vibrational energy      = 3.053726754e-20
    Average electronic energy       = 0
    Total energy                    = 46.78873212

Stage 1.0  ExecutionTime = 67142.28 s  ClockTime = 5451 s  Iteration 6980 (13.97 s)

Time = 0.002796

    Collision global reduction skipped (rank 0 local diagnostics)
    Collisions                      = 739645
    Collision candidates           = 2019122
    Collision acceptance rate      = 0.3663201134

    Number of DSMC particles        = 9534050
    Number of stuck particles       = 0
    Number of free particles        = 9534050
    Average linear kinetic energy   = 4.082429687e-19
    Average rotational energy       = 5.201885648e-20
    Average vibrational energy      = 3.054036206e-20
    Average electronic energy       = 0
    Total energy                    = 46.79332593

Stage 1.0  ExecutionTime = 67254.12 s  ClockTime = 5461 s  Iteration 6990 (13.94 s)

Time = 0.0028

    Collision global reduction skipped (rank 0 local diagnostics)
    Collisions                      = 739437
    Collision candidates           = 2019077
    Collision acceptance rate      = 0.3662252604


Phase C auto DLB triggered (threshold) at step 7000: sar=0 loadImbalance=2.07195951 threshold=1.5 particleMaxMin=1
Phase C ParMETIS weights: particles=9534747 activeCells=104151 maxCellParticles=295
Phase C ParMETIS: alpha=1 ncon=1 ubvec=[1.05] moveRatio=0.7272038563 (moveT=2078.09023s, collT=779.5544486s)
Phase C ParMETIS: AdaptiveRepart (104151 cells, 1 constraints, ubvec=1.05)
Replicated mesh: rank 0 owns 28990 / 104151 cells
Local mesh: 28990 owned + 175 halo = 29165 / 104151 cells
Phase C ParMETIS AdaptiveRepart: 0 / 104151 cells changed (0)
Phase C auto DLB complete: rebalance #135

    Number of DSMC particles        = 9534747
    Number of stuck particles       = 0
    Number of free particles        = 9534747
    Average linear kinetic energy   = 4.082142106e-19
    Average rotational energy       = 5.202035551e-20
    Average vibrational energy      = 3.054773934e-20
    Average electronic energy       = 0
    Total energy                    = 46.79485114

Stage 1.0  ExecutionTime = 67369.28 s  ClockTime = 5471 s  Iteration 7000 (17.33 s)

Time = 0.002804

    Collision global reduction skipped (rank 0 local diagnostics)
    Collisions                      = 738419
    Collision candidates           = 2018411
    Collision acceptance rate      = 0.3658417438

    Number of DSMC particles        = 9535609
    Number of stuck particles       = 0
    Number of free particles        = 9535609
    Average linear kinetic energy   = 4.081875491e-19
    Average rotational energy       = 5.203197932e-20
    Average vibrational energy      = 3.054488633e-20
    Average electronic energy       = 0
    Total energy                    = 46.7973757

Stage 1.0  ExecutionTime = 67481.07 s  ClockTime = 5480 s  Iteration 7010 (13.97 s)

Time = 0.002808

    Collision global reduction skipped (rank 0 local diagnostics)
    Collisions                      = 739610
    Collision candidates           = 2018785
    Collision acceptance rate      = 0.3663639268

    Number of DSMC particles        = 9536317
    Number of stuck particles       = 0
    Number of free particles        = 9536317
    Average linear kinetic energy   = 4.081849485e-19
    Average rotational energy       = 5.202866484e-20
    Average vibrational energy      = 3.05358478e-20
    Average electronic energy       = 0
    Total energy                    = 46.79942429

Stage 1.0  ExecutionTime = 67592.89 s  ClockTime = 5490 s  Iteration 7020 (13.98 s)

Time = 0.002812

    Collision global reduction skipped (rank 0 local diagnostics)
    Collisions                      = 740237
    Collision candidates           = 2020201
    Collision acceptance rate      = 0.3664175

    Number of DSMC particles        = 9537228
    Number of stuck particles       = 0
    Number of free particles        = 9537228
    Average linear kinetic energy   = 4.08137353e-19
    Average rotational energy       = 5.205244554e-20
    Average vibrational energy      = 3.053868484e-20
    Average electronic energy       = 0
    Total energy                    = 46.80189432

Stage 1.0  ExecutionTime = 67704.76 s  ClockTime = 5500 s  Iteration 7030 (14.01 s)

Time = 0.002816

    Collision global reduction skipped (rank 0 local diagnostics)
    Collisions                      = 738993
    Collision candidates           = 2021247
    Collision acceptance rate      = 0.3656124165

    Number of DSMC particles        = 9538475
    Number of stuck particles       = 0
    Number of free particles        = 9538475
    Average linear kinetic energy   = 4.081583997e-19
    Average rotational energy       = 5.202349785e-20
    Average vibrational energy      = 3.053254642e-20
    Average electronic energy       = 0
    Total energy                    = 46.80667456

Stage 1.0  ExecutionTime = 67816.69 s  ClockTime = 5510 s  Iteration 7040 (13.98 s)

Time = 0.00282

    Collision global reduction skipped (rank 0 local diagnostics)
    Collisions                      = 738821
    Collision candidates           = 2021576
    Collision acceptance rate      = 0.365467833


Phase C auto DLB triggered (threshold) at step 7050: sar=0 loadImbalance=2.072967892 threshold=1.5 particleMaxMin=1
Phase C ParMETIS weights: particles=9539115 activeCells=104151 maxCellParticles=302
Phase C ParMETIS: alpha=1 ncon=1 ubvec=[1.05] moveRatio=0.7272746632 (moveT=2097.723563s, collT=786.6386583s)
Phase C ParMETIS: AdaptiveRepart (104151 cells, 1 constraints, ubvec=1.05)
Replicated mesh: rank 0 owns 28990 / 104151 cells
Local mesh: 28990 owned + 175 halo = 29165 / 104151 cells
Phase C ParMETIS AdaptiveRepart: 0 / 104151 cells changed (0)
Phase C auto DLB complete: rebalance #136

    Number of DSMC particles        = 9539115
    Number of stuck particles       = 0
    Number of free particles        = 9539115
    Average linear kinetic energy   = 4.08115758e-19
    Average rotational energy       = 5.202633154e-20
    Average vibrational energy      = 3.05237238e-20
    Average electronic energy       = 0
    Total energy                    = 46.8051762

Stage 1.0  ExecutionTime = 67932.04 s  ClockTime = 5520 s  Iteration 7050 (17.35 s)

Time = 0.002824

    Collision global reduction skipped (rank 0 local diagnostics)
    Collisions                      = 739742
    Collision candidates           = 2020593
    Collision acceptance rate      = 0.3661014366

    Number of DSMC particles        = 9540110
    Number of stuck particles       = 0
    Number of free particles        = 9540110
    Average linear kinetic energy   = 4.081006912e-19
    Average rotational energy       = 5.19921005e-20
    Average vibrational energy      = 3.05310421e-20
    Average electronic energy       = 0
    Total energy                    = 46.80605344

Stage 1.0  ExecutionTime = 68043.81 s  ClockTime = 5529 s  Iteration 7060 (13.95 s)

Time = 0.002828

    Collision global reduction skipped (rank 0 local diagnostics)
    Collisions                      = 740052
    Collision candidates           = 2021229
    Collision acceptance rate      = 0.3661396111

    Number of DSMC particles        = 9541037
    Number of stuck particles       = 0
    Number of free particles        = 9541037
    Average linear kinetic energy   = 4.08107481e-19
    Average rotational energy       = 5.197905402e-20
    Average vibrational energy      = 3.052234049e-20
    Average electronic energy       = 0
    Total energy                    = 46.80917434

Stage 1.0  ExecutionTime = 68155.65 s  ClockTime = 5539 s  Iteration 7070 (13.96 s)

Time = 0.002832

    Collision global reduction skipped (rank 0 local diagnostics)
    Collisions                      = 739766
    Collision candidates           = 2021641
    Collision acceptance rate      = 0.3659235245

    Number of DSMC particles        = 9542208
    Number of stuck particles       = 0
    Number of free particles        = 9542208
    Average linear kinetic energy   = 4.080617049e-19
    Average rotational energy       = 5.201604524e-20
    Average vibrational energy      = 3.05253914e-20
    Average electronic energy       = 0
    Total energy                    = 46.81437222

Stage 1.0  ExecutionTime = 68267.45 s  ClockTime = 5549 s  Iteration 7080 (14.01 s)

Time = 0.002836

    Collision global reduction skipped (rank 0 local diagnostics)
    Collisions                      = 740100
    Collision candidates           = 2020913
    Collision acceptance rate      = 0.3662206141

    Number of DSMC particles        = 9542800
    Number of stuck particles       = 0
    Number of free particles        = 9542800
    Average linear kinetic energy   = 4.080631374e-19
    Average rotational energy       = 5.198849437e-20
    Average vibrational energy      = 3.05344642e-20
    Average electronic energy       = 0
    Total energy                    = 46.81564997

Stage 1.0  ExecutionTime = 68379.21 s  ClockTime = 5558 s  Iteration 7090 (13.95 s)

Time = 0.00284

    Collision global reduction skipped (rank 0 local diagnostics)
    Collisions                      = 738713
    Collision candidates           = 2019742
    Collision acceptance rate      = 0.3657462191


Phase C auto DLB triggered (threshold) at step 7100: sar=0 loadImbalance=2.068405785 threshold=1.5 particleMaxMin=1
Phase C ParMETIS weights: particles=9542967 activeCells=104151 maxCellParticles=293
Phase C ParMETIS: alpha=1 ncon=1 ubvec=[1.05] moveRatio=0.7273459947 (moveT=2117.325331s, collT=793.7037343s)
Phase C ParMETIS: AdaptiveRepart (104151 cells, 1 constraints, ubvec=1.05)
Replicated mesh: rank 0 owns 28990 / 104151 cells
Local mesh: 28990 owned + 175 halo = 29165 / 104151 cells
Phase C ParMETIS AdaptiveRepart: 0 / 104151 cells changed (0)
Phase C auto DLB complete: rebalance #137

    Number of DSMC particles        = 9542967
    Number of stuck particles       = 0
    Number of free particles        = 9542967
    Average linear kinetic energy   = 4.079794935e-19
    Average rotational energy       = 5.204100336e-20
    Average vibrational energy      = 3.052779043e-20
    Average electronic energy       = 0
    Total energy                    = 46.81286117

Stage 1.0  ExecutionTime = 68494.49 s  ClockTime = 5569 s  Iteration 7100 (17.37 s)

Time = 0.002844

    Collision global reduction skipped (rank 0 local diagnostics)
    Collisions                      = 738482
    Collision candidates           = 2020661
    Collision acceptance rate      = 0.3654655581

    Number of DSMC particles        = 9543616
    Number of stuck particles       = 0
    Number of free particles        = 9543616
    Average linear kinetic energy   = 4.080109893e-19
    Average rotational energy       = 5.200450575e-20
    Average vibrational energy      = 3.052713628e-20
    Average electronic energy       = 0
    Total energy                    = 46.81550505

Stage 1.0  ExecutionTime = 68606.32 s  ClockTime = 5578 s  Iteration 7110 (13.97 s)

Time = 0.002848

    Collision global reduction skipped (rank 0 local diagnostics)
    Collisions                      = 740199
    Collision candidates           = 2021882
    Collision acceptance rate      = 0.3660940648

    Number of DSMC particles        = 9544266
    Number of stuck particles       = 0
    Number of free particles        = 9544266
    Average linear kinetic energy   = 4.079376009e-19
    Average rotational energy       = 5.206483577e-20
    Average vibrational energy      = 3.051772218e-20
    Average electronic energy       = 0
    Total energy                    = 46.81654875

Stage 1.0  ExecutionTime = 68718.14 s  ClockTime = 5588 s  Iteration 7120 (13.95 s)

Time = 0.002852

    Collision global reduction skipped (rank 0 local diagnostics)
    Collisions                      = 739193
    Collision candidates           = 2020997
    Collision acceptance rate      = 0.3657566043

    Number of DSMC particles        = 9545228
    Number of stuck particles       = 0
    Number of free particles        = 9545228
    Average linear kinetic energy   = 4.079363594e-19
    Average rotational energy       = 5.20285806e-20
    Average vibrational energy      = 3.052553992e-20
    Average electronic energy       = 0
    Total energy                    = 46.81843463

Stage 1.0  ExecutionTime = 68830.09 s  ClockTime = 5598 s  Iteration 7130 (13.97 s)

Time = 0.002856

    Collision global reduction skipped (rank 0 local diagnostics)
    Collisions                      = 739416
    Collision candidates           = 2021241
    Collision acceptance rate      = 0.3658227792

    Number of DSMC particles        = 9546094
    Number of stuck particles       = 0
    Number of free particles        = 9546094
    Average linear kinetic energy   = 4.079419316e-19
    Average rotational energy       = 5.203896855e-20
    Average vibrational energy      = 3.051842328e-20
    Average electronic energy       = 0
    Total energy                    = 46.82352649

Stage 1.0  ExecutionTime = 68941.97 s  ClockTime = 5607 s  Iteration 7140 (13.95 s)

Time = 0.00286

    Collision global reduction skipped (rank 0 local diagnostics)
    Collisions                      = 740397
    Collision candidates           = 2021389
    Collision acceptance rate      = 0.3662813046


Phase C auto DLB triggered (threshold) at step 7150: sar=0 loadImbalance=2.070271257 threshold=1.5 particleMaxMin=1
Phase C ParMETIS weights: particles=9546823 activeCells=104151 maxCellParticles=290
Phase C ParMETIS: alpha=1 ncon=1 ubvec=[1.05] moveRatio=0.7274125566 (moveT=2136.933145s, collT=800.7851083s)
Phase C ParMETIS: AdaptiveRepart (104151 cells, 1 constraints, ubvec=1.05)
Replicated mesh: rank 0 owns 28990 / 104151 cells
Local mesh: 28990 owned + 175 halo = 29165 / 104151 cells
Phase C ParMETIS AdaptiveRepart: 0 / 104151 cells changed (0)
Phase C auto DLB complete: rebalance #138

    Number of DSMC particles        = 9546823
    Number of stuck particles       = 0
    Number of free particles        = 9546823
    Average linear kinetic energy   = 4.079405342e-19
    Average rotational energy       = 5.20121046e-20
    Average vibrational energy      = 3.054140284e-20
    Average electronic energy       = 0
    Total energy                    = 46.82659798

Stage 1.0  ExecutionTime = 69057.23 s  ClockTime = 5618 s  Iteration 7150 (17.34 s)

Time = 0.002864

    Collision global reduction skipped (rank 0 local diagnostics)
    Collisions                      = 738663
    Collision candidates           = 2022157
    Collision acceptance rate      = 0.3652846935

    Number of DSMC particles        = 9547228
    Number of stuck particles       = 0
    Number of free particles        = 9547228
    Average linear kinetic energy   = 4.079315916e-19
    Average rotational energy       = 5.200606799e-20
    Average vibrational energy      = 3.054325878e-20
    Average electronic energy       = 0
    Total energy                    = 46.82733158

Stage 1.0  ExecutionTime = 69169.2 s  ClockTime = 5627 s  Iteration 7160 (13.96 s)

Time = 0.002868

    Collision global reduction skipped (rank 0 local diagnostics)
    Collisions                      = 737625
    Collision candidates           = 2021803
    Collision acceptance rate      = 0.3648352485

    Number of DSMC particles        = 9548324
    Number of stuck particles       = 0
    Number of free particles        = 9548324
    Average linear kinetic energy   = 4.078664384e-19
    Average rotational energy       = 5.202274117e-20
    Average vibrational energy      = 3.053952606e-20
    Average electronic energy       = 0
    Total energy                    = 46.8277218

Stage 1.0  ExecutionTime = 69280.98 s  ClockTime = 5637 s  Iteration 7170 (13.95 s)

Time = 0.002872

    Collision global reduction skipped (rank 0 local diagnostics)
    Collisions                      = 741113
    Collision candidates           = 2023487
    Collision acceptance rate      = 0.3662553799

    Number of DSMC particles        = 9548897
    Number of stuck particles       = 0
    Number of free particles        = 9548897
    Average linear kinetic energy   = 4.078672726e-19
    Average rotational energy       = 5.200184287e-20
    Average vibrational energy      = 3.053730157e-20
    Average electronic energy       = 0
    Total energy                    = 46.82840365

Stage 1.0  ExecutionTime = 69392.78 s  ClockTime = 5647 s  Iteration 7180 (13.97 s)

Time = 0.002876

    Collision global reduction skipped (rank 0 local diagnostics)
    Collisions                      = 740193
    Collision candidates           = 2023478
    Collision acceptance rate      = 0.3658023463

    Number of DSMC particles        = 9549851
    Number of stuck particles       = 0
    Number of free particles        = 9549851
    Average linear kinetic energy   = 4.07808122e-19
    Average rotational energy       = 5.203468634e-20
    Average vibrational energy      = 3.055002236e-20
    Average electronic energy       = 0
    Total energy                    = 46.83178465

Stage 1.0  ExecutionTime = 69504.9 s  ClockTime = 5656 s  Iteration 7190 (13.97 s)

Time = 0.00288

    Collision global reduction skipped (rank 0 local diagnostics)
    Collisions                      = 741158
    Collision candidates           = 2023800
    Collision acceptance rate      = 0.3662209705


Phase C auto DLB triggered (threshold) at step 7200: sar=0 loadImbalance=2.069472799 threshold=1.5 particleMaxMin=1
Phase C ParMETIS weights: particles=9551022 activeCells=104151 maxCellParticles=289
Phase C ParMETIS: alpha=1 ncon=1 ubvec=[1.05] moveRatio=0.7274811181 (moveT=2156.553184s, collT=807.8580293s)
Phase C ParMETIS: AdaptiveRepart (104151 cells, 1 constraints, ubvec=1.05)
Replicated mesh: rank 0 owns 28990 / 104151 cells
Local mesh: 28990 owned + 175 halo = 29165 / 104151 cells
Phase C ParMETIS AdaptiveRepart: 0 / 104151 cells changed (0)
Phase C auto DLB complete: rebalance #139

    Number of DSMC particles        = 9551022
    Number of stuck particles       = 0
    Number of free particles        = 9551022
    Average linear kinetic energy   = 4.078460877e-19
    Average rotational energy       = 5.196932005e-20
    Average vibrational energy      = 3.055364429e-20
    Average electronic energy       = 0
    Total energy                    = 46.83525604

Stage 1.0  ExecutionTime = 69620.15 s  ClockTime = 5666 s  Iteration 7200 (17.34 s)

Time = 0.002884

    Collision global reduction skipped (rank 0 local diagnostics)
    Collisions                      = 740084
    Collision candidates           = 2021363
    Collision acceptance rate      = 0.3661311699

    Number of DSMC particles        = 9551371
    Number of stuck particles       = 0
    Number of free particles        = 9551371
    Average linear kinetic energy   = 4.077720959e-19
    Average rotational energy       = 5.202053146e-20
    Average vibrational energy      = 3.054784628e-20
    Average electronic energy       = 0
    Total energy                    = 46.8342378

Stage 1.0  ExecutionTime = 69732.07 s  ClockTime = 5676 s  Iteration 7210 (13.95 s)

Time = 0.002888

    Collision global reduction skipped (rank 0 local diagnostics)
    Collisions                      = 740211
    Collision candidates           = 2021949
    Collision acceptance rate      = 0.3660878687

    Number of DSMC particles        = 9551708
    Number of stuck particles       = 0
    Number of free particles        = 9551708
    Average linear kinetic energy   = 4.078398742e-19
    Average rotational energy       = 5.199991389e-20
    Average vibrational energy      = 3.052542903e-20
    Average electronic energy       = 0
    Total energy                    = 46.83825367

Stage 1.0  ExecutionTime = 69843.96 s  ClockTime = 5686 s  Iteration 7220 (13.95 s)

Time = 0.002892

    Collision global reduction skipped (rank 0 local diagnostics)
    Collisions                      = 740169
    Collision candidates           = 2023153
    Collision acceptance rate      = 0.3658492462

    Number of DSMC particles        = 9552252
    Number of stuck particles       = 0
    Number of free particles        = 9552252
    Average linear kinetic energy   = 4.077689776e-19
    Average rotational energy       = 5.203633745e-20
    Average vibrational energy      = 3.054132728e-20
    Average electronic energy       = 0
    Total energy                    = 46.83914695

Stage 1.0  ExecutionTime = 69955.82 s  ClockTime = 5696 s  Iteration 7230 (13.99 s)

Time = 0.002896

    Collision global reduction skipped (rank 0 local diagnostics)
    Collisions                      = 740001
    Collision candidates           = 2025079
    Collision acceptance rate      = 0.3654183368

    Number of DSMC particles        = 9552856
    Number of stuck particles       = 0
    Number of free particles        = 9552856
    Average linear kinetic energy   = 4.077304596e-19
    Average rotational energy       = 5.20536076e-20
    Average vibrational energy      = 3.054774544e-20
    Average electronic energy       = 0
    Total energy                    = 46.84069198

Stage 1.0  ExecutionTime = 70067.82 s  ClockTime = 5705 s  Iteration 7240 (13.99 s)

Time = 0.0029

    Collision global reduction skipped (rank 0 local diagnostics)
    Collisions                      = 740672
    Collision candidates           = 2025513
    Collision acceptance rate      = 0.3656713139


Phase C auto DLB triggered (threshold) at step 7250: sar=0 loadImbalance=2.065406934 threshold=1.5 particleMaxMin=1
Phase C ParMETIS weights: particles=9553752 activeCells=104151 maxCellParticles=295
Phase C ParMETIS: alpha=1 ncon=1 ubvec=[1.05] moveRatio=0.7275442433 (moveT=2176.175431s, collT=814.9490965s)
Phase C ParMETIS: AdaptiveRepart (104151 cells, 1 constraints, ubvec=1.05)
Replicated mesh: rank 0 owns 28990 / 104151 cells
Local mesh: 28990 owned + 175 halo = 29165 / 104151 cells
Phase C ParMETIS AdaptiveRepart: 0 / 104151 cells changed (0)
Phase C auto DLB complete: rebalance #140

    Number of DSMC particles        = 9553752
    Number of stuck particles       = 0
    Number of free particles        = 9553752
    Average linear kinetic energy   = 4.077721161e-19
    Average rotational energy       = 5.207323161e-20
    Average vibrational energy      = 3.053899033e-20
    Average electronic energy       = 0
    Total energy                    = 46.8501035

Stage 1.0  ExecutionTime = 70183.12 s  ClockTime = 5716 s  Iteration 7250 (17.37 s)

Time = 0.002904

    Collision global reduction skipped (rank 0 local diagnostics)
    Collisions                      = 741360
    Collision candidates           = 2026679
    Collision acceptance rate      = 0.3658004055

    Number of DSMC particles        = 9554041
    Number of stuck particles       = 0
    Number of free particles        = 9554041
    Average linear kinetic energy   = 4.077960952e-19
    Average rotational energy       = 5.202814803e-20
    Average vibrational energy      = 3.055035895e-20
    Average electronic energy       = 0
    Total energy                    = 46.85059054

Stage 1.0  ExecutionTime = 70295.08 s  ClockTime = 5725 s  Iteration 7260 (13.96 s)

Time = 0.002908

    Collision global reduction skipped (rank 0 local diagnostics)
    Collisions                      = 741196
    Collision candidates           = 2026184
    Collision acceptance rate      = 0.3658088308

    Number of DSMC particles        = 9554322
    Number of stuck particles       = 0
    Number of free particles        = 9554322
    Average linear kinetic energy   = 4.077450413e-19
    Average rotational energy       = 5.200983573e-20
    Average vibrational energy      = 3.054534115e-20
    Average electronic energy       = 0
    Total energy                    = 46.84486161

Stage 1.0  ExecutionTime = 70407 s  ClockTime = 5735 s  Iteration 7270 (13.98 s)

Time = 0.002912

    Collision global reduction skipped (rank 0 local diagnostics)
    Collisions                      = 740218
    Collision candidates           = 2026131
    Collision acceptance rate      = 0.3653357063

    Number of DSMC particles        = 9555112
    Number of stuck particles       = 0
    Number of free particles        = 9555112
    Average linear kinetic energy   = 4.077155881e-19
    Average rotational energy       = 5.199347242e-20
    Average vibrational energy      = 3.053464104e-20
    Average electronic energy       = 0
    Total energy                    = 46.84333475

Stage 1.0  ExecutionTime = 70518.81 s  ClockTime = 5745 s  Iteration 7280 (13.95 s)

Time = 0.002916

    Collision global reduction skipped (rank 0 local diagnostics)
    Collisions                      = 740596
    Collision candidates           = 2024223
    Collision acceptance rate      = 0.3658668042

    Number of DSMC particles        = 9555806
    Number of stuck particles       = 0
    Number of free particles        = 9555806
    Average linear kinetic energy   = 4.076890987e-19
    Average rotational energy       = 5.200684494e-20
    Average vibrational energy      = 3.051609517e-20
    Average electronic energy       = 0
    Total energy                    = 46.84371142

Stage 1.0  ExecutionTime = 70630.68 s  ClockTime = 5754 s  Iteration 7290 (13.95 s)

Time = 0.00292

    Collision global reduction skipped (rank 0 local diagnostics)
    Collisions                      = 741145
    Collision candidates           = 2025515
    Collision acceptance rate      = 0.3659044737


Phase C auto DLB triggered (threshold) at step 7300: sar=0 loadImbalance=2.065787512 threshold=1.5 particleMaxMin=1
Phase C ParMETIS weights: particles=9555916 activeCells=104151 maxCellParticles=313
Phase C ParMETIS: alpha=1 ncon=1 ubvec=[1.05] moveRatio=0.7276140529 (moveT=2195.863681s, collT=822.0325134s)
Phase C ParMETIS: AdaptiveRepart (104151 cells, 1 constraints, ubvec=1.05)
Replicated mesh: rank 0 owns 28990 / 104151 cells
Local mesh: 28990 owned + 175 halo = 29165 / 104151 cells
Phase C ParMETIS AdaptiveRepart: 0 / 104151 cells changed (0)
Phase C auto DLB complete: rebalance #141

    Number of DSMC particles        = 9555916
    Number of stuck particles       = 0
    Number of free particles        = 9555916
    Average linear kinetic energy   = 4.076998443e-19
    Average rotational energy       = 5.202370365e-20
    Average vibrational energy      = 3.051447131e-20
    Average electronic energy       = 0
    Total energy                    = 46.84673332

Stage 1.0  ExecutionTime = 70745.93 s  ClockTime = 5765 s  Iteration 7300 (17.33 s)

Time = 0.002924

    Collision global reduction skipped (rank 0 local diagnostics)
    Collisions                      = 742209
    Collision candidates           = 2027712
    Collision acceptance rate      = 0.3660327502

    Number of DSMC particles        = 9557211
    Number of stuck particles       = 0
    Number of free particles        = 9557211
    Average linear kinetic energy   = 4.076502871e-19
    Average rotational energy       = 5.204082657e-20
    Average vibrational energy      = 3.05232081e-20
    Average electronic energy       = 0
    Total energy                    = 46.85081708

Stage 1.0  ExecutionTime = 70857.91 s  ClockTime = 5774 s  Iteration 7310 (13.97 s)

Time = 0.002928

    Collision global reduction skipped (rank 0 local diagnostics)
    Collisions                      = 742501
    Collision candidates           = 2029920
    Collision acceptance rate      = 0.3657784543

    Number of DSMC particles        = 9557711
    Number of stuck particles       = 0
    Number of free particles        = 9557711
    Average linear kinetic energy   = 4.076028259e-19
    Average rotational energy       = 5.203588676e-20
    Average vibrational energy      = 3.051379259e-20
    Average electronic energy       = 0
    Total energy                    = 46.84735991

Stage 1.0  ExecutionTime = 70969.94 s  ClockTime = 5784 s  Iteration 7320 (13.97 s)

Time = 0.002932

    Collision global reduction skipped (rank 0 local diagnostics)
    Collisions                      = 741344
    Collision candidates           = 2028036
    Collision acceptance rate      = 0.3655477516

    Number of DSMC particles        = 9558265
    Number of stuck particles       = 0
    Number of free particles        = 9558265
    Average linear kinetic energy   = 4.075772449e-19
    Average rotational energy       = 5.203838155e-20
    Average vibrational energy      = 3.05145191e-20
    Average electronic energy       = 0
    Total energy                    = 46.84793816

Stage 1.0  ExecutionTime = 71082.02 s  ClockTime = 5794 s  Iteration 7330 (14 s)

Time = 0.002936

    Collision global reduction skipped (rank 0 local diagnostics)
    Collisions                      = 740839
    Collision candidates           = 2027229
    Collision acceptance rate      = 0.3654441605

    Number of DSMC particles        = 9558851
    Number of stuck particles       = 0
    Number of free particles        = 9558851
    Average linear kinetic energy   = 4.07548887e-19
    Average rotational energy       = 5.209747919e-20
    Average vibrational energy      = 3.049705741e-20
    Average electronic energy       = 0
    Total energy                    = 46.85207955

Stage 1.0  ExecutionTime = 71193.99 s  ClockTime = 5803 s  Iteration 7340 (13.98 s)

Time = 0.00294

    Collision global reduction skipped (rank 0 local diagnostics)
    Collisions                      = 741017
    Collision candidates           = 2027133
    Collision acceptance rate      = 0.3655492758


Phase C auto DLB triggered (threshold) at step 7350: sar=0 loadImbalance=2.067645243 threshold=1.5 particleMaxMin=1
Phase C ParMETIS weights: particles=9559462 activeCells=104151 maxCellParticles=292
Phase C ParMETIS: alpha=1 ncon=1 ubvec=[1.05] moveRatio=0.7276696077 (moveT=2215.480658s, collT=829.1437631s)
Phase C ParMETIS: AdaptiveRepart (104151 cells, 1 constraints, ubvec=1.05)
Replicated mesh: rank 0 owns 28990 / 104151 cells
Local mesh: 28990 owned + 175 halo = 29165 / 104151 cells
Phase C ParMETIS AdaptiveRepart: 0 / 104151 cells changed (0)
Phase C auto DLB complete: rebalance #142

    Number of DSMC particles        = 9559462
    Number of stuck particles       = 0
    Number of free particles        = 9559462
    Average linear kinetic energy   = 4.075786002e-19
    Average rotational energy       = 5.206151272e-20
    Average vibrational energy      = 3.049076911e-20
    Average electronic energy       = 0
    Total energy                    = 46.85387542

Stage 1.0  ExecutionTime = 71309.38 s  ClockTime = 5814 s  Iteration 7350 (17.36 s)

Time = 0.002944

    Collision global reduction skipped (rank 0 local diagnostics)
    Collisions                      = 742402
    Collision candidates           = 2026742
    Collision acceptance rate      = 0.3663031604

    Number of DSMC particles        = 9560208
    Number of stuck particles       = 0
    Number of free particles        = 9560208
    Average linear kinetic energy   = 4.075949063e-19
    Average rotational energy       = 5.203805339e-20
    Average vibrational energy      = 3.049265323e-20
    Average electronic energy       = 0
    Total energy                    = 46.85702806

Stage 1.0  ExecutionTime = 71421.28 s  ClockTime = 5823 s  Iteration 7360 (13.97 s)

Time = 0.002948

    Collision global reduction skipped (rank 0 local diagnostics)
    Collisions                      = 741063
    Collision candidates           = 2026874
    Collision acceptance rate      = 0.3656186818

    Number of DSMC particles        = 9560921
    Number of stuck particles       = 0
    Number of free particles        = 9560921
    Average linear kinetic energy   = 4.075470403e-19
    Average rotational energy       = 5.206163624e-20
    Average vibrational energy      = 3.049065583e-20
    Average electronic energy       = 0
    Total energy                    = 46.85800999

Stage 1.0  ExecutionTime = 71533.27 s  ClockTime = 5833 s  Iteration 7370 (13.98 s)

Time = 0.002952

    Collision global reduction skipped (rank 0 local diagnostics)
    Collisions                      = 741385
    Collision candidates           = 2026237
    Collision acceptance rate      = 0.3658925387

    Number of DSMC particles        = 9561708
    Number of stuck particles       = 0
    Number of free particles        = 9561708
    Average linear kinetic energy   = 4.075473144e-19
    Average rotational energy       = 5.201585404e-20
    Average vibrational energy      = 3.048896213e-20
    Average electronic energy       = 0
    Total energy                    = 46.85735377

Stage 1.0  ExecutionTime = 71645.17 s  ClockTime = 5843 s  Iteration 7380 (13.97 s)

Time = 0.002956

    Collision global reduction skipped (rank 0 local diagnostics)
    Collisions                      = 740416
    Collision candidates           = 2024919
    Collision acceptance rate      = 0.365652157

    Number of DSMC particles        = 9561775
    Number of stuck particles       = 0
    Number of free particles        = 9561775
    Average linear kinetic energy   = 4.075380482e-19
    Average rotational energy       = 5.201025018e-20
    Average vibrational energy      = 3.049489514e-20
    Average electronic energy       = 0
    Total energy                    = 46.85682757

Stage 1.0  ExecutionTime = 71757.05 s  ClockTime = 5853 s  Iteration 7390 (13.97 s)

Time = 0.00296

    Collision global reduction skipped (rank 0 local diagnostics)
    Collisions                      = 740988
    Collision candidates           = 2024611
    Collision acceptance rate      = 0.3659903063


Phase C auto DLB triggered (threshold) at step 7400: sar=0 loadImbalance=2.066839673 threshold=1.5 particleMaxMin=1
Phase C ParMETIS weights: particles=9562815 activeCells=104151 maxCellParticles=293
Phase C ParMETIS: alpha=1 ncon=1 ubvec=[1.05] moveRatio=0.7277397923 (moveT=2235.176507s, collT=836.2186958s)
Phase C ParMETIS: AdaptiveRepart (104151 cells, 1 constraints, ubvec=1.05)
Replicated mesh: rank 0 owns 28990 / 104151 cells
Local mesh: 28990 owned + 175 halo = 29165 / 104151 cells
Phase C ParMETIS AdaptiveRepart: 0 / 104151 cells changed (0)
Phase C auto DLB complete: rebalance #143

    Number of DSMC particles        = 9562815
    Number of stuck particles       = 0
    Number of free particles        = 9562815
    Average linear kinetic energy   = 4.075004599e-19
    Average rotational energy       = 5.204340618e-20
    Average vibrational energy      = 3.050397405e-20
    Average electronic energy       = 0
    Total energy                    = 46.86236836

Stage 1.0  ExecutionTime = 71872.42 s  ClockTime = 5863 s  Iteration 7400 (17.36 s)

Time = 0.002964

    Collision global reduction skipped (rank 0 local diagnostics)
    Collisions                      = 741627
    Collision candidates           = 2024239
    Collision acceptance rate      = 0.3663732395

    Number of DSMC particles        = 9563413
    Number of stuck particles       = 0
    Number of free particles        = 9563413
    Average linear kinetic energy   = 4.074744246e-19
    Average rotational energy       = 5.205846402e-20
    Average vibrational energy      = 3.051389509e-20
    Average electronic energy       = 0
    Total energy                    = 46.86519782

Stage 1.0  ExecutionTime = 71984.37 s  ClockTime = 5872 s  Iteration 7410 (13.99 s)

Time = 0.002968

    Collision global reduction skipped (rank 0 local diagnostics)
    Collisions                      = 742786
    Collision candidates           = 2027191
    Collision acceptance rate      = 0.3664114531

    Number of DSMC particles        = 9563856
    Number of stuck particles       = 0
    Number of free particles        = 9563856
    Average linear kinetic energy   = 4.075031485e-19
    Average rotational energy       = 5.199662566e-20
    Average vibrational energy      = 3.052414553e-20
    Average electronic energy       = 0
    Total energy                    = 46.86518204

Stage 1.0  ExecutionTime = 72096.46 s  ClockTime = 5882 s  Iteration 7420 (13.97 s)

Time = 0.002972

    Collision global reduction skipped (rank 0 local diagnostics)
    Collisions                      = 740495
    Collision candidates           = 2027381
    Collision acceptance rate      = 0.3652470848

    Number of DSMC particles        = 9564653
    Number of stuck particles       = 0
    Number of free particles        = 9564653
    Average linear kinetic energy   = 4.074078673e-19
    Average rotational energy       = 5.202246806e-20
    Average vibrational energy      = 3.052159215e-20
    Average electronic energy       = 0
    Total energy                    = 46.86220173

Stage 1.0  ExecutionTime = 72208.46 s  ClockTime = 5892 s  Iteration 7430 (13.97 s)

Time = 0.002976

    Collision global reduction skipped (rank 0 local diagnostics)
    Collisions                      = 742234
    Collision candidates           = 2027707
    Collision acceptance rate      = 0.366045982

    Number of DSMC particles        = 9565427
    Number of stuck particles       = 0
    Number of free particles        = 9565427
    Average linear kinetic energy   = 4.073775709e-19
    Average rotational energy       = 5.200462896e-20
    Average vibrational energy      = 3.052088721e-20
    Average electronic energy       = 0
    Total energy                    = 46.86132217

Stage 1.0  ExecutionTime = 72320.42 s  ClockTime = 5902 s  Iteration 7440 (13.99 s)

Time = 0.00298

    Collision global reduction skipped (rank 0 local diagnostics)
    Collisions                      = 740736
    Collision candidates           = 2027584
    Collision acceptance rate      = 0.3653293772


Phase C auto DLB triggered (threshold) at step 7450: sar=0 loadImbalance=2.068270426 threshold=1.5 particleMaxMin=1
Phase C ParMETIS weights: particles=9566083 activeCells=104151 maxCellParticles=298
Phase C ParMETIS: alpha=1 ncon=1 ubvec=[1.05] moveRatio=0.7278006343 (moveT=2254.849214s, collT=843.3195807s)
Phase C ParMETIS: AdaptiveRepart (104151 cells, 1 constraints, ubvec=1.05)
Replicated mesh: rank 0 owns 28990 / 104151 cells
Local mesh: 28990 owned + 175 halo = 29165 / 104151 cells
Phase C ParMETIS AdaptiveRepart: 0 / 104151 cells changed (0)
Phase C auto DLB complete: rebalance #144

    Number of DSMC particles        = 9566083
    Number of stuck particles       = 0
    Number of free particles        = 9566083
    Average linear kinetic energy   = 4.074256569e-19
    Average rotational energy       = 5.199093665e-20
    Average vibrational energy      = 3.051442757e-20
    Average electronic energy       = 0
    Total energy                    = 46.86720812

Stage 1.0  ExecutionTime = 72435.8 s  ClockTime = 5912 s  Iteration 7450 (17.35 s)

Time = 0.002984

    Collision global reduction skipped (rank 0 local diagnostics)
    Collisions                      = 740192
    Collision candidates           = 2027263
    Collision acceptance rate      = 0.365118882

    Number of DSMC particles        = 9566927
    Number of stuck particles       = 0
    Number of free particles        = 9566927
    Average linear kinetic energy   = 4.073520728e-19
    Average rotational energy       = 5.202356957e-20
    Average vibrational energy      = 3.051848268e-20
    Average electronic energy       = 0
    Total energy                    = 46.86781332

Stage 1.0  ExecutionTime = 72547.84 s  ClockTime = 5921 s  Iteration 7460 (13.97 s)

Time = 0.002988

    Collision global reduction skipped (rank 0 local diagnostics)
    Collisions                      = 742194
    Collision candidates           = 2027364
    Collision acceptance rate      = 0.3660881815

    Number of DSMC particles        = 9567558
    Number of stuck particles       = 0
    Number of free particles        = 9567558
    Average linear kinetic energy   = 4.073382633e-19
    Average rotational energy       = 5.199494503e-20
    Average vibrational energy      = 3.05362175e-20
    Average electronic energy       = 0
    Total energy                    = 46.86854144

Stage 1.0  ExecutionTime = 72659.85 s  ClockTime = 5931 s  Iteration 7470 (13.97 s)

Time = 0.002992

    Collision global reduction skipped (rank 0 local diagnostics)
    Collisions                      = 741004
    Collision candidates           = 2027191
    Collision acceptance rate      = 0.3655324042

    Number of DSMC particles        = 9568841
    Number of stuck particles       = 0
    Number of free particles        = 9568841
    Average linear kinetic energy   = 4.073048104e-19
    Average rotational energy       = 5.20038477e-20
    Average vibrational energy      = 3.053399857e-20
    Average electronic energy       = 0
    Total energy                    = 46.87226496

Stage 1.0  ExecutionTime = 72771.86 s  ClockTime = 5941 s  Iteration 7480 (13.97 s)

Time = 0.002996

    Collision global reduction skipped (rank 0 local diagnostics)
    Collisions                      = 742378
    Collision candidates           = 2028077
    Collision acceptance rate      = 0.3660502042

    Number of DSMC particles        = 9569519
    Number of stuck particles       = 0
    Number of free particles        = 9569519
    Average linear kinetic energy   = 4.073177818e-19
    Average rotational energy       = 5.198012584e-20
    Average vibrational energy      = 3.052539888e-20
    Average electronic energy       = 0
    Total energy                    = 46.87373438

Stage 1.0  ExecutionTime = 72883.77 s  ClockTime = 5951 s  Iteration 7490 (13.96 s)

Time = 0.003

    Collision global reduction skipped (rank 0 local diagnostics)
    Collisions                      = 741518
    Collision candidates           = 2027480
    Collision acceptance rate      = 0.3657338173


Phase C auto DLB triggered (threshold) at step 7500: sar=0 loadImbalance=2.067468713 threshold=1.5 particleMaxMin=1
Phase C ParMETIS weights: particles=9569968 activeCells=104151 maxCellParticles=302
Phase C ParMETIS: alpha=1 ncon=1 ubvec=[1.05] moveRatio=0.727866569 (moveT=2274.552286s, collT=850.4054782s)
Phase C ParMETIS: AdaptiveRepart (104151 cells, 1 constraints, ubvec=1.05)
Replicated mesh: rank 0 owns 28990 / 104151 cells
Local mesh: 28990 owned + 175 halo = 29165 / 104151 cells
Phase C ParMETIS AdaptiveRepart: 0 / 104151 cells changed (0)
Phase C auto DLB complete: rebalance #145

    Number of DSMC particles        = 9569968
    Number of stuck particles       = 0
    Number of free particles        = 9569968
    Average linear kinetic energy   = 4.072795463e-19
    Average rotational energy       = 5.195614875e-20
    Average vibrational energy      = 3.052820563e-20
    Average electronic energy       = 0
    Total energy                    = 46.87024857
Replicated mesh: wrote gathered cloud on rank0 at output time 0.003 with 9569968 parcels
Written cellOwner field at output time 0.003
Replicated mesh output timing:
    gather parcels [s]       = 1.46
    rank0 write [s]           = 23.23
    migrate-back [s]          = 1.55


Stage 1.0  ExecutionTime = 73041.28 s  ClockTime = 5989 s  Iteration 7500 (59.46 s)

    Maximum imbalance = 5.403779825%

Time = 0.003004

    Collision global reduction skipped (rank 0 local diagnostics)
    Collisions                      = 740274
    Collision candidates           = 2025873
    Collision acceptance rate      = 0.3654098752

    Number of DSMC particles        = 9570419
    Number of stuck particles       = 0
    Number of free particles        = 9570419
    Average linear kinetic energy   = 4.072218948e-19
    Average rotational energy       = 5.199289992e-20
    Average vibrational energy      = 3.052991167e-20
    Average electronic energy       = 0
    Total energy                    = 46.87062043

Stage 1.0  ExecutionTime = 73153.19 s  ClockTime = 5999 s  Iteration 7510 (13.97 s)

Time = 0.003008

    Collision global reduction skipped (rank 0 local diagnostics)
    Collisions                      = 741021
    Collision candidates           = 2027616
    Collision acceptance rate      = 0.3654641707

    Number of DSMC particles        = 9571065
    Number of stuck particles       = 0
    Number of free particles        = 9571065
    Average linear kinetic energy   = 4.071985059e-19
    Average rotational energy       = 5.199868779e-20
    Average vibrational energy      = 3.053325807e-20
    Average electronic energy       = 0
    Total energy                    = 46.87241987

Stage 1.0  ExecutionTime = 73265.23 s  ClockTime = 6008 s  Iteration 7520 (13.97 s)

Time = 0.003012

    Collision global reduction skipped (rank 0 local diagnostics)
    Collisions                      = 740722
    Collision candidates           = 2028288
    Collision acceptance rate      = 0.3651956724

    Number of DSMC particles        = 9571643
    Number of stuck particles       = 0
    Number of free particles        = 9571643
    Average linear kinetic energy   = 4.07149519e-19
    Average rotational energy       = 5.202104882e-20
    Average vibrational energy      = 3.052651772e-20
    Average electronic energy       = 0
    Total energy                    = 46.87205681

Stage 1.0  ExecutionTime = 73377.32 s  ClockTime = 6018 s  Iteration 7530 (14.01 s)

Time = 0.003016

    Collision global reduction skipped (rank 0 local diagnostics)
    Collisions                      = 741577
    Collision candidates           = 2028193
    Collision acceptance rate      = 0.3656343356

    Number of DSMC particles        = 9571874
    Number of stuck particles       = 0
    Number of free particles        = 9571874
    Average linear kinetic energy   = 4.071222633e-19
    Average rotational energy       = 5.204153115e-20
    Average vibrational energy      = 3.05186667e-20
    Average electronic energy       = 0
    Total energy                    = 46.87178818

Stage 1.0  ExecutionTime = 73489.39 s  ClockTime = 6028 s  Iteration 7540 (13.98 s)

Time = 0.00302

    Collision global reduction skipped (rank 0 local diagnostics)
    Collisions                      = 741626
    Collision candidates           = 2028624
    Collision acceptance rate      = 0.3655808075


Phase C auto DLB triggered (threshold) at step 7550: sar=0 loadImbalance=2.637057423 threshold=1.5 particleMaxMin=1
Phase C ParMETIS weights: particles=9572510 activeCells=104151 maxCellParticles=293
Phase C ParMETIS: alpha=1 ncon=1 ubvec=[1.05] moveRatio=0.7279101944 (moveT=2294.043266s, collT=857.503839s)
Phase C ParMETIS: AdaptiveRepart (104151 cells, 1 constraints, ubvec=1.05)
Replicated mesh: rank 0 owns 28990 / 104151 cells
Local mesh: 28990 owned + 175 halo = 29165 / 104151 cells
Phase C ParMETIS AdaptiveRepart: 0 / 104151 cells changed (0)
Phase C auto DLB complete: rebalance #146

    Number of DSMC particles        = 9572510
    Number of stuck particles       = 0
    Number of free particles        = 9572510
    Average linear kinetic energy   = 4.070827945e-19
    Average rotational energy       = 5.204841116e-20
    Average vibrational energy      = 3.0505412e-20
    Average electronic energy       = 0
    Total energy                    = 46.87051419

Stage 1.0  ExecutionTime = 73604.86 s  ClockTime = 6038 s  Iteration 7550 (17.39 s)

Time = 0.003024

    Collision global reduction skipped (rank 0 local diagnostics)
    Collisions                      = 741408
    Collision candidates           = 2029988
    Collision acceptance rate      = 0.3652277747

    Number of DSMC particles        = 9572911
    Number of stuck particles       = 0
    Number of free particles        = 9572911
    Average linear kinetic energy   = 4.071065463e-19
    Average rotational energy       = 5.203431419e-20
    Average vibrational energy      = 3.050758886e-20
    Average electronic energy       = 0
    Total energy                    = 46.87361027

Stage 1.0  ExecutionTime = 73717.04 s  ClockTime = 6048 s  Iteration 7560 (13.98 s)

Time = 0.003028

    Collision global reduction skipped (rank 0 local diagnostics)
    Collisions                      = 743046
    Collision candidates           = 2032089
    Collision acceptance rate      = 0.3656562286

    Number of DSMC particles        = 9573518
    Number of stuck particles       = 0
    Number of free particles        = 9573518
    Average linear kinetic energy   = 4.071406873e-19
    Average rotational energy       = 5.20369037e-20
    Average vibrational energy      = 3.050138397e-20
    Average electronic energy       = 0
    Total energy                    = 46.87950481

Stage 1.0  ExecutionTime = 73829.2 s  ClockTime = 6058 s  Iteration 7570 (14 s)

Time = 0.003032

    Collision global reduction skipped (rank 0 local diagnostics)
    Collisions                      = 743104
    Collision candidates           = 2031561
    Collision acceptance rate      = 0.3657798117

    Number of DSMC particles        = 9574342
    Number of stuck particles       = 0
    Number of free particles        = 9574342
    Average linear kinetic energy   = 4.071097958e-19
    Average rotational energy       = 5.205407967e-20
    Average vibrational energy      = 3.050933955e-20
    Average electronic energy       = 0
    Total energy                    = 46.88298829

Stage 1.0  ExecutionTime = 73941.35 s  ClockTime = 6067 s  Iteration 7580 (14 s)

Time = 0.003036

    Collision global reduction skipped (rank 0 local diagnostics)
    Collisions                      = 742548
    Collision candidates           = 2030154
    Collision acceptance rate      = 0.3657594448

    Number of DSMC particles        = 9575297
    Number of stuck particles       = 0
    Number of free particles        = 9575297
    Average linear kinetic energy   = 4.071073156e-19
    Average rotational energy       = 5.20668389e-20
    Average vibrational energy      = 3.049962403e-20
    Average electronic energy       = 0
    Total energy                    = 46.88771863

Stage 1.0  ExecutionTime = 74053.39 s  ClockTime = 6077 s  Iteration 7590 (13.99 s)

Time = 0.00304

    Collision global reduction skipped (rank 0 local diagnostics)
    Collisions                      = 742645
    Collision candidates           = 2031499
    Collision acceptance rate      = 0.3655650335


Phase C auto DLB triggered (threshold) at step 7600: sar=0 loadImbalance=2.289031641 threshold=1.5 particleMaxMin=1
Phase C ParMETIS weights: particles=9575758 activeCells=104151 maxCellParticles=292
Phase C ParMETIS: alpha=1 ncon=1 ubvec=[1.05] moveRatio=0.727978961 (moveT=2313.847847s, collT=864.6064365s)
Phase C ParMETIS: AdaptiveRepart (104151 cells, 1 constraints, ubvec=1.05)
Replicated mesh: rank 0 owns 28990 / 104151 cells
Local mesh: 28990 owned + 175 halo = 29165 / 104151 cells
Phase C ParMETIS AdaptiveRepart: 0 / 104151 cells changed (0)
Phase C auto DLB complete: rebalance #147

    Number of DSMC particles        = 9575758
    Number of stuck particles       = 0
    Number of free particles        = 9575758
    Average linear kinetic energy   = 4.070768485e-19
    Average rotational energy       = 5.205045689e-20
    Average vibrational energy      = 3.049459183e-20
    Average electronic energy       = 0
    Total energy                    = 46.88500799

Stage 1.0  ExecutionTime = 74168.86 s  ClockTime = 6087 s  Iteration 7600 (17.35 s)

Time = 0.003044

    Collision global reduction skipped (rank 0 local diagnostics)
    Collisions                      = 744202
    Collision candidates           = 2033092
    Collision acceptance rate      = 0.3660444289

    Number of DSMC particles        = 9576232
    Number of stuck particles       = 0
    Number of free particles        = 9576232
    Average linear kinetic energy   = 4.070598848e-19
    Average rotational energy       = 5.208771733e-20
    Average vibrational energy      = 3.048135031e-20
    Average electronic energy       = 0
    Total energy                    = 46.88800443

Stage 1.0  ExecutionTime = 74280.99 s  ClockTime = 6097 s  Iteration 7610 (13.99 s)

Time = 0.003048

    Collision global reduction skipped (rank 0 local diagnostics)
    Collisions                      = 742983
    Collision candidates           = 2033441
    Collision acceptance rate      = 0.3653821281

    Number of DSMC particles        = 9576907
    Number of stuck particles       = 0
    Number of free particles        = 9576907
    Average linear kinetic energy   = 4.070615997e-19
    Average rotational energy       = 5.203876008e-20
    Average vibrational energy      = 3.049269249e-20
    Average electronic energy       = 0
    Total energy                    = 46.88787129

Stage 1.0  ExecutionTime = 74393.17 s  ClockTime = 6107 s  Iteration 7620 (13.99 s)

Time = 0.003052

    Collision global reduction skipped (rank 0 local diagnostics)
    Collisions                      = 742916
    Collision candidates           = 2032893
    Collision acceptance rate      = 0.365447665

    Number of DSMC particles        = 9577287
    Number of stuck particles       = 0
    Number of free particles        = 9577287
    Average linear kinetic energy   = 4.070360594e-19
    Average rotational energy       = 5.205957335e-20
    Average vibrational energy      = 3.047640406e-20
    Average electronic energy       = 0
    Total energy                    = 46.88771903

Stage 1.0  ExecutionTime = 74505.3 s  ClockTime = 6117 s  Iteration 7630 (13.98 s)

Time = 0.003056

    Collision global reduction skipped (rank 0 local diagnostics)
    Collisions                      = 742152
    Collision candidates           = 2031891
    Collision acceptance rate      = 0.3652518762

    Number of DSMC particles        = 9577884
    Number of stuck particles       = 0
    Number of free particles        = 9577884
    Average linear kinetic energy   = 4.070060011e-19
    Average rotational energy       = 5.206390008e-20
    Average vibrational energy      = 3.047671714e-20
    Average electronic energy       = 0
    Total energy                    = 46.88820723

Stage 1.0  ExecutionTime = 74617.42 s  ClockTime = 6126 s  Iteration 7640 (13.99 s)

Time = 0.00306

    Collision global reduction skipped (rank 0 local diagnostics)
    Collisions                      = 744007
    Collision candidates           = 2032541
    Collision acceptance rate      = 0.3660477206


Phase C auto DLB triggered (threshold) at step 7650: sar=0 loadImbalance=2.248119704 threshold=1.5 particleMaxMin=1
Phase C ParMETIS weights: particles=9578616 activeCells=104151 maxCellParticles=288
Phase C ParMETIS: alpha=1 ncon=1 ubvec=[1.05] moveRatio=0.7280427662 (moveT=2333.624305s, collT=871.7152892s)
Phase C ParMETIS: AdaptiveRepart (104151 cells, 1 constraints, ubvec=1.05)
Replicated mesh: rank 0 owns 28990 / 104151 cells
Local mesh: 28990 owned + 175 halo = 29165 / 104151 cells
Phase C ParMETIS AdaptiveRepart: 0 / 104151 cells changed (0)
Phase C auto DLB complete: rebalance #148

    Number of DSMC particles        = 9578616
    Number of stuck particles       = 0
    Number of free particles        = 9578616
    Average linear kinetic energy   = 4.069826057e-19
    Average rotational energy       = 5.209005524e-20
    Average vibrational energy      = 3.046038665e-20
    Average electronic energy       = 0
    Total energy                    = 46.89049083

Stage 1.0  ExecutionTime = 74732.95 s  ClockTime = 6137 s  Iteration 7650 (17.35 s)

Time = 0.003064

    Collision global reduction skipped (rank 0 local diagnostics)
    Collisions                      = 742814
    Collision candidates           = 2032145
    Collision acceptance rate      = 0.3655319871

    Number of DSMC particles        = 9578874
    Number of stuck particles       = 0
    Number of free particles        = 9578874
    Average linear kinetic energy   = 4.070118331e-19
    Average rotational energy       = 5.208261052e-20
    Average vibrational energy      = 3.04667763e-20
    Average electronic energy       = 0
    Total energy                    = 46.89445241

Stage 1.0  ExecutionTime = 74845.09 s  ClockTime = 6146 s  Iteration 7660 (13.99 s)

Time = 0.003068

    Collision global reduction skipped (rank 0 local diagnostics)
    Collisions                      = 742789
    Collision candidates           = 2030934
    Collision acceptance rate      = 0.365737636

    Number of DSMC particles        = 9579190
    Number of stuck particles       = 0
    Number of free particles        = 9579190
    Average linear kinetic energy   = 4.070510286e-19
    Average rotational energy       = 5.206268118e-20
    Average vibrational energy      = 3.046433141e-20
    Average electronic energy       = 0
    Total energy                    = 46.89761076

Stage 1.0  ExecutionTime = 74957.27 s  ClockTime = 6156 s  Iteration 7670 (13.99 s)

Time = 0.003072

    Collision global reduction skipped (rank 0 local diagnostics)
    Collisions                      = 742673
    Collision candidates           = 2032155
    Collision acceptance rate      = 0.3654608039

    Number of DSMC particles        = 9579506
    Number of stuck particles       = 0
    Number of free particles        = 9579506
    Average linear kinetic energy   = 4.070108467e-19
    Average rotational energy       = 5.208199553e-20
    Average vibrational energy      = 3.045986784e-20
    Average electronic energy       = 0
    Total energy                    = 46.89673124

Stage 1.0  ExecutionTime = 75069.43 s  ClockTime = 6166 s  Iteration 7680 (14 s)

Time = 0.003076

    Collision global reduction skipped (rank 0 local diagnostics)
    Collisions                      = 743149
    Collision candidates           = 2034478
    Collision acceptance rate      = 0.3652774815

    Number of DSMC particles        = 9579662
    Number of stuck particles       = 0
    Number of free particles        = 9579662
    Average linear kinetic energy   = 4.069865181e-19
    Average rotational energy       = 5.208499261e-20
    Average vibrational energy      = 3.048107971e-20
    Average electronic energy       = 0
    Total energy                    = 46.89748348

Stage 1.0  ExecutionTime = 75181.6 s  ClockTime = 6176 s  Iteration 7690 (13.99 s)

Time = 0.00308

    Collision global reduction skipped (rank 0 local diagnostics)
    Collisions                      = 744127
    Collision candidates           = 2034672
    Collision acceptance rate      = 0.3657233205


Phase C auto DLB triggered (threshold) at step 7700: sar=0 loadImbalance=2.208224695 threshold=1.5 particleMaxMin=1
Phase C ParMETIS weights: particles=9580203 activeCells=104151 maxCellParticles=298
Phase C ParMETIS: alpha=1 ncon=1 ubvec=[1.05] moveRatio=0.7281072574 (moveT=2353.417272s, collT=878.8225497s)
Phase C ParMETIS: AdaptiveRepart (104151 cells, 1 constraints, ubvec=1.05)
Replicated mesh: rank 0 owns 28990 / 104151 cells
Local mesh: 28990 owned + 175 halo = 29165 / 104151 cells
Phase C ParMETIS AdaptiveRepart: 0 / 104151 cells changed (0)
Phase C auto DLB complete: rebalance #149

    Number of DSMC particles        = 9580203
    Number of stuck particles       = 0
    Number of free particles        = 9580203
    Average linear kinetic energy   = 4.069485508e-19
    Average rotational energy       = 5.208692373e-20
    Average vibrational energy      = 3.047908191e-20
    Average electronic energy       = 0
    Total energy                    = 46.89648823

Stage 1.0  ExecutionTime = 75297.08 s  ClockTime = 6186 s  Iteration 7700 (17.36 s)

Time = 0.003084

    Collision global reduction skipped (rank 0 local diagnostics)
    Collisions                      = 744810
    Collision candidates           = 2034923
    Collision acceptance rate      = 0.3660138492

    Number of DSMC particles        = 9580831
    Number of stuck particles       = 0
    Number of free particles        = 9580831
    Average linear kinetic energy   = 4.069296527e-19
    Average rotational energy       = 5.208987458e-20
    Average vibrational energy      = 3.04718494e-20
    Average electronic energy       = 0
    Total energy                    = 46.89734156

Stage 1.0  ExecutionTime = 75409.25 s  ClockTime = 6196 s  Iteration 7710 (13.99 s)

Time = 0.003088

    Collision global reduction skipped (rank 0 local diagnostics)
    Collisions                      = 743816
    Collision candidates           = 2035608
    Collision acceptance rate      = 0.3654023761

    Number of DSMC particles        = 9581215
    Number of stuck particles       = 0
    Number of free particles        = 9581215
    Average linear kinetic energy   = 4.069806903e-19
    Average rotational energy       = 5.205170649e-20
    Average vibrational energy      = 3.047982056e-20
    Average electronic energy       = 0
    Total energy                    = 46.90121799

Stage 1.0  ExecutionTime = 75521.38 s  ClockTime = 6205 s  Iteration 7720 (13.99 s)

Time = 0.003092

    Collision global reduction skipped (rank 0 local diagnostics)
    Collisions                      = 743316
    Collision candidates           = 2033166
    Collision acceptance rate      = 0.3655953326

    Number of DSMC particles        = 9581032
    Number of stuck particles       = 0
    Number of free particles        = 9581032
    Average linear kinetic energy   = 4.069460956e-19
    Average rotational energy       = 5.208355964e-20
    Average vibrational energy      = 3.0490636e-20
    Average electronic energy       = 0
    Total energy                    = 46.90109575

Stage 1.0  ExecutionTime = 75633.64 s  ClockTime = 6215 s  Iteration 7730 (14.01 s)

Time = 0.003096

    Collision global reduction skipped (rank 0 local diagnostics)
    Collisions                      = 742427
    Collision candidates           = 2031731
    Collision acceptance rate      = 0.3654159926

    Number of DSMC particles        = 9581284
    Number of stuck particles       = 0
    Number of free particles        = 9581284
    Average linear kinetic energy   = 4.069592454e-19
    Average rotational energy       = 5.207649744e-20
    Average vibrational energy      = 3.049143883e-20
    Average electronic energy       = 0
    Total energy                    = 46.90298953

Stage 1.0  ExecutionTime = 75745.78 s  ClockTime = 6225 s  Iteration 7740 (14 s)

Time = 0.0031

    Collision global reduction skipped (rank 0 local diagnostics)
    Collisions                      = 743118
    Collision candidates           = 2033125
    Collision acceptance rate      = 0.3655053182


Phase C auto DLB triggered (threshold) at step 7750: sar=0 loadImbalance=2.1756171 threshold=1.5 particleMaxMin=1
Phase C ParMETIS weights: particles=9581675 activeCells=104151 maxCellParticles=300
Phase C ParMETIS: alpha=1 ncon=1 ubvec=[1.05] moveRatio=0.7281689019 (moveT=2373.186194s, collT=885.9288106s)
Phase C ParMETIS: AdaptiveRepart (104151 cells, 1 constraints, ubvec=1.05)
Replicated mesh: rank 0 owns 28990 / 104151 cells
Local mesh: 28990 owned + 175 halo = 29165 / 104151 cells
Phase C ParMETIS AdaptiveRepart: 0 / 104151 cells changed (0)
Phase C auto DLB complete: rebalance #150

    Number of DSMC particles        = 9581675
    Number of stuck particles       = 0
    Number of free particles        = 9581675
    Average linear kinetic energy   = 4.06928916e-19
    Average rotational energy       = 5.208878484e-20
    Average vibrational energy      = 3.048871955e-20
    Average electronic energy       = 0
    Total energy                    = 46.9029143

Stage 1.0  ExecutionTime = 75861.23 s  ClockTime = 6235 s  Iteration 7750 (17.35 s)

Time = 0.003104

    Collision global reduction skipped (rank 0 local diagnostics)
    Collisions                      = 743832
    Collision candidates           = 2033835
    Collision acceptance rate      = 0.3657287833

    Number of DSMC particles        = 9582126
    Number of stuck particles       = 0
    Number of free particles        = 9582126
    Average linear kinetic energy   = 4.069327007e-19
    Average rotational energy       = 5.206107378e-20
    Average vibrational energy      = 3.049457227e-20
    Average electronic energy       = 0
    Total energy                    = 46.90339014

Stage 1.0  ExecutionTime = 75973.39 s  ClockTime = 6245 s  Iteration 7760 (13.99 s)

Time = 0.003108

    Collision global reduction skipped (rank 0 local diagnostics)
    Collisions                      = 743861
    Collision candidates           = 2035207
    Collision acceptance rate      = 0.3654964827

    Number of DSMC particles        = 9582559
    Number of stuck particles       = 0
    Number of free particles        = 9582559
    Average linear kinetic energy   = 4.06928263e-19
    Average rotational energy       = 5.20539867e-20
    Average vibrational energy      = 3.050034349e-20
    Average electronic energy       = 0
    Total energy                    = 46.90495829

Stage 1.0  ExecutionTime = 76085.44 s  ClockTime = 6255 s  Iteration 7770 (13.97 s)

Time = 0.003112

    Collision global reduction skipped (rank 0 local diagnostics)
    Collisions                      = 743676
    Collision candidates           = 2036977
    Collision acceptance rate      = 0.3650880692

    Number of DSMC particles        = 9582996
    Number of stuck particles       = 0
    Number of free particles        = 9582996
    Average linear kinetic energy   = 4.068702838e-19
    Average rotational energy       = 5.206005769e-20
    Average vibrational energy      = 3.049559121e-20
    Average electronic energy       = 0
    Total energy                    = 46.90166755

Stage 1.0  ExecutionTime = 76197.66 s  ClockTime = 6265 s  Iteration 7780 (14.02 s)

Time = 0.003116

    Collision global reduction skipped (rank 0 local diagnostics)
    Collisions                      = 745230
    Collision candidates           = 2038008
    Collision acceptance rate      = 0.3656658855

    Number of DSMC particles        = 9583559
    Number of stuck particles       = 0
    Number of free particles        = 9583559
    Average linear kinetic energy   = 4.068901039e-19
    Average rotational energy       = 5.203391612e-20
    Average vibrational energy      = 3.048470336e-20
    Average electronic energy       = 0
    Total energy                    = 46.90277376

Stage 1.0  ExecutionTime = 76309.79 s  ClockTime = 6274 s  Iteration 7790 (13.99 s)

Time = 0.00312

    Collision global reduction skipped (rank 0 local diagnostics)
    Collisions                      = 743991
    Collision candidates           = 2036546
    Collision acceptance rate      = 0.3653200075


Phase C auto DLB triggered (threshold) at step 7800: sar=0 loadImbalance=2.145522985 threshold=1.5 particleMaxMin=1
Phase C ParMETIS weights: particles=9584373 activeCells=104151 maxCellParticles=302
Phase C ParMETIS: alpha=1 ncon=1 ubvec=[1.05] moveRatio=0.7282265706 (moveT=2392.926904s, collT=893.0379324s)
Phase C ParMETIS: AdaptiveRepart (104151 cells, 1 constraints, ubvec=1.05)
Replicated mesh: rank 0 owns 28990 / 104151 cells
Local mesh: 28990 owned + 175 halo = 29165 / 104151 cells
Phase C ParMETIS AdaptiveRepart: 0 / 104151 cells changed (0)
Phase C auto DLB complete: rebalance #151

    Number of DSMC particles        = 9584373
    Number of stuck particles       = 0
    Number of free particles        = 9584373
    Average linear kinetic energy   = 4.06833406e-19
    Average rotational energy       = 5.207863029e-20
    Average vibrational energy      = 3.048464267e-20
    Average electronic energy       = 0
    Total energy                    = 46.90560316

Stage 1.0  ExecutionTime = 76425.33 s  ClockTime = 6284 s  Iteration 7800 (17.37 s)

Time = 0.003124

    Collision global reduction skipped (rank 0 local diagnostics)
    Collisions                      = 743291
    Collision candidates           = 2035535
    Collision acceptance rate      = 0.365157563

    Number of DSMC particles        = 9584547
    Number of stuck particles       = 0
    Number of free particles        = 9584547
    Average linear kinetic energy   = 4.068243147e-19
    Average rotational energy       = 5.208957836e-20
    Average vibrational energy      = 3.047987634e-20
    Average electronic energy       = 0
    Total energy                    = 46.90617585

Stage 1.0  ExecutionTime = 76537.46 s  ClockTime = 6294 s  Iteration 7810 (14.05 s)

Time = 0.003128

    Collision global reduction skipped (rank 0 local diagnostics)
    Collisions                      = 743091
    Collision candidates           = 2033497
    Collision acceptance rate      = 0.3654251764

    Number of DSMC particles        = 9585529
    Number of stuck particles       = 0
    Number of free particles        = 9585529
    Average linear kinetic energy   = 4.068798046e-19
    Average rotational energy       = 5.2053196e-20
    Average vibrational energy      = 3.047494419e-20
    Average electronic energy       = 0
    Total energy                    = 46.91234048

Stage 1.0  ExecutionTime = 76649.59 s  ClockTime = 6304 s  Iteration 7820 (13.99 s)

Time = 0.003132

    Collision global reduction skipped (rank 0 local diagnostics)
    Collisions                      = 743198
    Collision candidates           = 2033837
    Collision acceptance rate      = 0.3654166976

    Number of DSMC particles        = 9585848
    Number of stuck particles       = 0
    Number of free particles        = 9585848
    Average linear kinetic energy   = 4.068808311e-19
    Average rotational energy       = 5.204428276e-20
    Average vibrational energy      = 3.049131379e-20
    Average electronic energy       = 0
    Total energy                    = 46.91471484

Stage 1.0  ExecutionTime = 76761.69 s  ClockTime = 6314 s  Iteration 7830 (14.02 s)

Time = 0.003136

    Collision global reduction skipped (rank 0 local diagnostics)
    Collisions                      = 744511
    Collision candidates           = 2033382
    Collision acceptance rate      = 0.3661441874

    Number of DSMC particles        = 9586302
    Number of stuck particles       = 0
    Number of free particles        = 9586302
    Average linear kinetic energy   = 4.068204048e-19
    Average rotational energy       = 5.207034801e-20
    Average vibrational energy      = 3.048772654e-20
    Average electronic energy       = 0
    Total energy                    = 46.91329895

Stage 1.0  ExecutionTime = 76873.85 s  ClockTime = 6324 s  Iteration 7840 (13.99 s)

Time = 0.00314

    Collision global reduction skipped (rank 0 local diagnostics)
    Collisions                      = 744201
    Collision candidates           = 2031572
    Collision acceptance rate      = 0.3663178071


Phase C auto DLB triggered (threshold) at step 7850: sar=0 loadImbalance=2.114671382 threshold=1.5 particleMaxMin=1
Phase C ParMETIS weights: particles=9586839 activeCells=104151 maxCellParticles=292
Phase C ParMETIS: alpha=1 ncon=1 ubvec=[1.05] moveRatio=0.7282848619 (moveT=2412.660138s, collT=900.1371808s)
Phase C ParMETIS: AdaptiveRepart (104151 cells, 1 constraints, ubvec=1.05)
Replicated mesh: rank 0 owns 28990 / 104151 cells
Local mesh: 28990 owned + 175 halo = 29165 / 104151 cells
Phase C ParMETIS AdaptiveRepart: 0 / 104151 cells changed (0)
Phase C auto DLB complete: rebalance #152

    Number of DSMC particles        = 9586839
    Number of stuck particles       = 0
    Number of free particles        = 9586839
    Average linear kinetic energy   = 4.06763048e-19
    Average rotational energy       = 5.209529878e-20
    Average vibrational energy      = 3.048787103e-20
    Average electronic energy       = 0
    Total energy                    = 46.91283405

Stage 1.0  ExecutionTime = 76989.31 s  ClockTime = 6334 s  Iteration 7850 (17.38 s)

Time = 0.003144

    Collision global reduction skipped (rank 0 local diagnostics)
    Collisions                      = 741942
    Collision candidates           = 2028853
    Collision acceptance rate      = 0.3656952968

    Number of DSMC particles        = 9587553
    Number of stuck particles       = 0
    Number of free particles        = 9587553
    Average linear kinetic energy   = 4.067805786e-19
    Average rotational energy       = 5.208895441e-20
    Average vibrational energy      = 3.048682033e-20
    Average electronic energy       = 0
    Total energy                    = 46.91729973

Stage 1.0  ExecutionTime = 77101.36 s  ClockTime = 6343 s  Iteration 7860 (13.99 s)

Time = 0.003148

    Collision global reduction skipped (rank 0 local diagnostics)
    Collisions                      = 742925
    Collision candidates           = 2030370
    Collision acceptance rate      = 0.3659062141

    Number of DSMC particles        = 9588090
    Number of stuck particles       = 0
    Number of free particles        = 9588090
    Average linear kinetic energy   = 4.067736737e-19
    Average rotational energy       = 5.20673252e-20
    Average vibrational energy      = 3.047986535e-20
    Average electronic energy       = 0
    Total energy                    = 46.91652486

Stage 1.0  ExecutionTime = 77213.47 s  ClockTime = 6353 s  Iteration 7870 (14 s)

Time = 0.003152

    Collision global reduction skipped (rank 0 local diagnostics)
    Collisions                      = 743194
    Collision candidates           = 2031495
    Collision acceptance rate      = 0.3658359976

    Number of DSMC particles        = 9588947
    Number of stuck particles       = 0
    Number of free particles        = 9588947
    Average linear kinetic energy   = 4.067530709e-19
    Average rotational energy       = 5.208394252e-20
    Average vibrational energy      = 3.047837297e-20
    Average electronic energy       = 0
    Total energy                    = 46.92019306

Stage 1.0  ExecutionTime = 77325.55 s  ClockTime = 6363 s  Iteration 7880 (14.01 s)

Time = 0.003156

    Collision global reduction skipped (rank 0 local diagnostics)
    Collisions                      = 741226
    Collision candidates           = 2032971
    Collision acceptance rate      = 0.364602348

    Number of DSMC particles        = 9589232
    Number of stuck particles       = 0
    Number of free particles        = 9589232
    Average linear kinetic energy   = 4.067201927e-19
    Average rotational energy       = 5.208398594e-20
    Average vibrational energy      = 3.049435124e-20
    Average electronic energy       = 0
    Total energy                    = 46.9199712

Stage 1.0  ExecutionTime = 77437.7 s  ClockTime = 6373 s  Iteration 7890 (13.92 s)

Time = 0.00316

    Collision global reduction skipped (rank 0 local diagnostics)
    Collisions                      = 743074
    Collision candidates           = 2032729
    Collision acceptance rate      = 0.3655548772


Phase C auto DLB triggered (threshold) at step 7900: sar=0 loadImbalance=2.094882221 threshold=1.5 particleMaxMin=1
Phase C ParMETIS weights: particles=9590139 activeCells=104151 maxCellParticles=304
Phase C ParMETIS: alpha=1 ncon=1 ubvec=[1.05] moveRatio=0.728343904 (moveT=2432.393303s, collT=907.2286662s)
Phase C ParMETIS: AdaptiveRepart (104151 cells, 1 constraints, ubvec=1.05)
Replicated mesh: rank 0 owns 28990 / 104151 cells
Local mesh: 28990 owned + 175 halo = 29165 / 104151 cells
Phase C ParMETIS AdaptiveRepart: 0 / 104151 cells changed (0)
Phase C auto DLB complete: rebalance #153

    Number of DSMC particles        = 9590139
    Number of stuck particles       = 0
    Number of free particles        = 9590139
    Average linear kinetic energy   = 4.067200086e-19
    Average rotational energy       = 5.204744161e-20
    Average vibrational energy      = 3.049870889e-20
    Average electronic energy       = 0
    Total energy                    = 46.92130474

Stage 1.0  ExecutionTime = 77553.09 s  ClockTime = 6383 s  Iteration 7900 (17.36 s)

Time = 0.003164

    Collision global reduction skipped (rank 0 local diagnostics)
    Collisions                      = 744565
    Collision candidates           = 2033325
    Collision acceptance rate      = 0.3661810089

    Number of DSMC particles        = 9590740
    Number of stuck particles       = 0
    Number of free particles        = 9590740
    Average linear kinetic energy   = 4.066780853e-19
    Average rotational energy       = 5.206901687e-20
    Average vibrational energy      = 3.049936933e-20
    Average electronic energy       = 0
    Total energy                    = 46.92235704

Stage 1.0  ExecutionTime = 77665.21 s  ClockTime = 6393 s  Iteration 7910 (14.02 s)

Time = 0.003168

    Collision global reduction skipped (rank 0 local diagnostics)
    Collisions                      = 743139
    Collision candidates           = 2034007
    Collision acceptance rate      = 0.3653571497

    Number of DSMC particles        = 9591251
    Number of stuck particles       = 0
    Number of free particles        = 9591251
    Average linear kinetic energy   = 4.066674116e-19
    Average rotational energy       = 5.206729675e-20
    Average vibrational energy      = 3.049953597e-20
    Average electronic energy       = 0
    Total energy                    = 46.92368435

Stage 1.0  ExecutionTime = 77777.41 s  ClockTime = 6403 s  Iteration 7920 (14 s)

Time = 0.003172

    Collision global reduction skipped (rank 0 local diagnostics)
    Collisions                      = 743243
    Collision candidates           = 2035686
    Collision acceptance rate      = 0.3651068976

    Number of DSMC particles        = 9592142
    Number of stuck particles       = 0
    Number of free particles        = 9592142
    Average linear kinetic energy   = 4.066842346e-19
    Average rotational energy       = 5.202101902e-20
    Average vibrational energy      = 3.050593843e-20
    Average electronic energy       = 0
    Total energy                    = 46.92583223

Stage 1.0  ExecutionTime = 77889.61 s  ClockTime = 6412 s  Iteration 7930 (14.04 s)

Time = 0.003176

    Collision global reduction skipped (rank 0 local diagnostics)
    Collisions                      = 743879
    Collision candidates           = 2033688
    Collision acceptance rate      = 0.3657783298

    Number of DSMC particles        = 9592723
    Number of stuck particles       = 0
    Number of free particles        = 9592723
    Average linear kinetic energy   = 4.066275822e-19
    Average rotational energy       = 5.204456696e-20
    Average vibrational energy      = 3.049635202e-20
    Average electronic energy       = 0
    Total energy                    = 46.92457932

Stage 1.0  ExecutionTime = 78001.86 s  ClockTime = 6422 s  Iteration 7940 (14.01 s)

Time = 0.00318

    Collision global reduction skipped (rank 0 local diagnostics)
    Collisions                      = 744828
    Collision candidates           = 2035384
    Collision acceptance rate      = 0.3659397932


Phase C auto DLB triggered (threshold) at step 7950: sar=0 loadImbalance=2.087698913 threshold=1.5 particleMaxMin=1
Phase C ParMETIS weights: particles=9593274 activeCells=104151 maxCellParticles=303
Phase C ParMETIS: alpha=1 ncon=1 ubvec=[1.05] moveRatio=0.7284047787 (moveT=2452.191985s, collT=914.3317622s)
Phase C ParMETIS: AdaptiveRepart (104151 cells, 1 constraints, ubvec=1.05)
Replicated mesh: rank 0 owns 28990 / 104151 cells
Local mesh: 28990 owned + 175 halo = 29165 / 104151 cells
Phase C ParMETIS AdaptiveRepart: 0 / 104151 cells changed (0)
Phase C auto DLB complete: rebalance #154

    Number of DSMC particles        = 9593274
    Number of stuck particles       = 0
    Number of free particles        = 9593274
    Average linear kinetic energy   = 4.066260679e-19
    Average rotational energy       = 5.205481503e-20
    Average vibrational energy      = 3.049910379e-20
    Average electronic energy       = 0
    Total energy                    = 46.92837648

Stage 1.0  ExecutionTime = 78117.29 s  ClockTime = 6432 s  Iteration 7950 (17.36 s)

Time = 0.003184

    Collision global reduction skipped (rank 0 local diagnostics)
    Collisions                      = 743346
    Collision candidates           = 2033274
    Collision acceptance rate      = 0.3655906681

    Number of DSMC particles        = 9593473
    Number of stuck particles       = 0
    Number of free particles        = 9593473
    Average linear kinetic energy   = 4.06621898e-19
    Average rotational energy       = 5.206338042e-20
    Average vibrational energy      = 3.052593502e-20
    Average electronic energy       = 0
    Total energy                    = 46.93234568

Stage 1.0  ExecutionTime = 78229.43 s  ClockTime = 6442 s  Iteration 7960 (14 s)

Time = 0.003188

    Collision global reduction skipped (rank 0 local diagnostics)
    Collisions                      = 742979
    Collision candidates           = 2033249
    Collision acceptance rate      = 0.3654146639

    Number of DSMC particles        = 9593817
    Number of stuck particles       = 0
    Number of free particles        = 9593817
    Average linear kinetic energy   = 4.066161727e-19
    Average rotational energy       = 5.206435478e-20
    Average vibrational energy      = 3.053130255e-20
    Average electronic energy       = 0
    Total energy                    = 46.93408772

Stage 1.0  ExecutionTime = 78341.66 s  ClockTime = 6452 s  Iteration 7970 (14 s)

Time = 0.003192

    Collision global reduction skipped (rank 0 local diagnostics)
    Collisions                      = 744275
    Collision candidates           = 2034852
    Collision acceptance rate      = 0.3657637017

    Number of DSMC particles        = 9593940
    Number of stuck particles       = 0
    Number of free particles        = 9593940
    Average linear kinetic energy   = 4.065877616e-19
    Average rotational energy       = 5.209620152e-20
    Average vibrational energy      = 3.053169611e-20
    Average electronic energy       = 0
    Total energy                    = 46.93505681

Stage 1.0  ExecutionTime = 78453.73 s  ClockTime = 6462 s  Iteration 7980 (14.02 s)

Time = 0.003196

    Collision global reduction skipped (rank 0 local diagnostics)
    Collisions                      = 743699
    Collision candidates           = 2032376
    Collision acceptance rate      = 0.3659258917

    Number of DSMC particles        = 9593944
    Number of stuck particles       = 0
    Number of free particles        = 9593944
    Average linear kinetic energy   = 4.066064132e-19
    Average rotational energy       = 5.207960795e-20
    Average vibrational energy      = 3.053541516e-20
    Average electronic energy       = 0
    Total energy                    = 46.93563064

Stage 1.0  ExecutionTime = 78565.91 s  ClockTime = 6472 s  Iteration 7990 (14 s)

Time = 0.0032

    Collision global reduction skipped (rank 0 local diagnostics)
    Collisions                      = 742078
    Collision candidates           = 2031883
    Collision acceptance rate      = 0.3652168949


Phase C auto DLB triggered (threshold) at step 8000: sar=0 loadImbalance=2.082215407 threshold=1.5 particleMaxMin=1
Phase C ParMETIS weights: particles=9594247 activeCells=104151 maxCellParticles=298
Phase C ParMETIS: alpha=1 ncon=1 ubvec=[1.05] moveRatio=0.7284602116 (moveT=2471.93775s, collT=921.4359865s)
Phase C ParMETIS: AdaptiveRepart (104151 cells, 1 constraints, ubvec=1.05)
Replicated mesh: rank 0 owns 28990 / 104151 cells
Local mesh: 28990 owned + 175 halo = 29165 / 104151 cells
Phase C ParMETIS AdaptiveRepart: 0 / 104151 cells changed (0)
Phase C auto DLB complete: rebalance #155

    Number of DSMC particles        = 9594247
    Number of stuck particles       = 0
    Number of free particles        = 9594247
    Average linear kinetic energy   = 4.066092437e-19
    Average rotational energy       = 5.207063453e-20
    Average vibrational energy      = 3.054747212e-20
    Average electronic energy       = 0
    Total energy                    = 46.93768038

Stage 1.0  ExecutionTime = 78681.33 s  ClockTime = 6482 s  Iteration 8000 (17.36 s)

Time = 0.003204

    Collision global reduction skipped (rank 0 local diagnostics)
    Collisions                      = 744572
    Collision candidates           = 2034226
    Collision acceptance rate      = 0.366022261

    Number of DSMC particles        = 9594661
    Number of stuck particles       = 0
    Number of free particles        = 9594661
    Average linear kinetic energy   = 4.065693381e-19
    Average rotational energy       = 5.207487605e-20
    Average vibrational energy      = 3.053187616e-20
    Average electronic energy       = 0
    Total energy                    = 46.93478756

Stage 1.0  ExecutionTime = 78793.38 s  ClockTime = 6491 s  Iteration 8010 (14 s)

Time = 0.003208

    Collision global reduction skipped (rank 0 local diagnostics)
    Collisions                      = 742637
    Collision candidates           = 2033445
    Collision acceptance rate      = 0.3652112548

    Number of DSMC particles        = 9595370
    Number of stuck particles       = 0
    Number of free particles        = 9595370
    Average linear kinetic energy   = 4.066055926e-19
    Average rotational energy       = 5.206884076e-20
    Average vibrational energy      = 3.05283783e-20
    Average electronic energy       = 0
    Total energy                    = 46.94081983

Stage 1.0  ExecutionTime = 78905.47 s  ClockTime = 6501 s  Iteration 8020 (14 s)

Time = 0.003212

    Collision global reduction skipped (rank 0 local diagnostics)
    Collisions                      = 743559
    Collision candidates           = 2035917
    Collision acceptance rate      = 0.3652206843

    Number of DSMC particles        = 9596038
    Number of stuck particles       = 0
    Number of free particles        = 9596038
    Average linear kinetic energy   = 4.065954159e-19
    Average rotational energy       = 5.205180186e-20
    Average vibrational energy      = 3.055547132e-20
    Average electronic energy       = 0
    Total energy                    = 46.94407594

Stage 1.0  ExecutionTime = 79017.68 s  ClockTime = 6511 s  Iteration 8030 (14 s)

Time = 0.003216

    Collision global reduction skipped (rank 0 local diagnostics)
    Collisions                      = 742493
    Collision candidates           = 2034196
    Collision acceptance rate      = 0.3650056337

    Number of DSMC particles        = 9596466
    Number of stuck particles       = 0
    Number of free particles        = 9596466
    Average linear kinetic energy   = 4.065827872e-19
    Average rotational energy       = 5.204667624e-20
    Average vibrational energy      = 3.054487546e-20
    Average electronic energy       = 0
    Total energy                    = 46.94344911

Stage 1.0  ExecutionTime = 79129.86 s  ClockTime = 6521 s  Iteration 8040 (13.99 s)

Time = 0.00322

    Collision global reduction skipped (rank 0 local diagnostics)
    Collisions                      = 742929
    Collision candidates           = 2033978
    Collision acceptance rate      = 0.3652591129


Phase C auto DLB triggered (threshold) at step 8050: sar=0 loadImbalance=2.076351942 threshold=1.5 particleMaxMin=1
Phase C ParMETIS weights: particles=9596880 activeCells=104151 maxCellParticles=297
Phase C ParMETIS: alpha=1 ncon=1 ubvec=[1.05] moveRatio=0.7285168796 (moveT=2491.697543s, collT=928.5355536s)
Phase C ParMETIS: AdaptiveRepart (104151 cells, 1 constraints, ubvec=1.05)
Replicated mesh: rank 0 owns 28990 / 104151 cells
Local mesh: 28990 owned + 175 halo = 29165 / 104151 cells
Phase C ParMETIS AdaptiveRepart: 0 / 104151 cells changed (0)
Phase C auto DLB complete: rebalance #156

    Number of DSMC particles        = 9596880
    Number of stuck particles       = 0
    Number of free particles        = 9596880
    Average linear kinetic energy   = 4.065393076e-19
    Average rotational energy       = 5.208188324e-20
    Average vibrational energy      = 3.05408028e-20
    Average electronic energy       = 0
    Total energy                    = 46.94428954

Stage 1.0  ExecutionTime = 79245.36 s  ClockTime = 6531 s  Iteration 8050 (17.37 s)

Time = 0.003224

    Collision global reduction skipped (rank 0 local diagnostics)
    Collisions                      = 743125
    Collision candidates           = 2035244
    Collision acceptance rate      = 0.3651282107

    Number of DSMC particles        = 9597723
    Number of stuck particles       = 0
    Number of free particles        = 9597723
    Average linear kinetic energy   = 4.06556853e-19
    Average rotational energy       = 5.206840529e-20
    Average vibrational energy      = 3.054670471e-20
    Average electronic energy       = 0
    Total energy                    = 46.94937

Stage 1.0  ExecutionTime = 79358.04 s  ClockTime = 6541 s  Iteration 8060 (14 s)

Time = 0.003228

    Collision global reduction skipped (rank 0 local diagnostics)
    Collisions                      = 743013
    Collision candidates           = 2034030
    Collision acceptance rate      = 0.3652910724

    Number of DSMC particles        = 9598204
    Number of stuck particles       = 0
    Number of free particles        = 9598204
    Average linear kinetic energy   = 4.065454676e-19
    Average rotational energy       = 5.20634088e-20
    Average vibrational energy      = 3.054340306e-20
    Average electronic energy       = 0
    Total energy                    = 46.94983365

Stage 1.0  ExecutionTime = 79470.25 s  ClockTime = 6551 s  Iteration 8070 (14 s)

Time = 0.003232

    Collision global reduction skipped (rank 0 local diagnostics)
    Collisions                      = 743555
    Collision candidates           = 2033200
    Collision acceptance rate      = 0.3657067677

    Number of DSMC particles        = 9598835
    Number of stuck particles       = 0
    Number of free particles        = 9598835
    Average linear kinetic energy   = 4.065618108e-19
    Average rotational energy       = 5.205662471e-20
    Average vibrational energy      = 3.054283757e-20
    Average electronic energy       = 0
    Total energy                    = 46.95378349

Stage 1.0  ExecutionTime = 79582.43 s  ClockTime = 6560 s  Iteration 8080 (14.02 s)

Time = 0.003236

    Collision global reduction skipped (rank 0 local diagnostics)
    Collisions                      = 742746
    Collision candidates           = 2033737
    Collision acceptance rate      = 0.3652124144

    Number of DSMC particles        = 9599646
    Number of stuck particles       = 0
    Number of free particles        = 9599646
    Average linear kinetic energy   = 4.065358847e-19
    Average rotational energy       = 5.207554913e-20
    Average vibrational energy      = 3.054329278e-20
    Average electronic energy       = 0
    Total energy                    = 46.95712214

Stage 1.0  ExecutionTime = 79694.62 s  ClockTime = 6570 s  Iteration 8090 (14.02 s)

Time = 0.00324

    Collision global reduction skipped (rank 0 local diagnostics)
    Collisions                      = 743125
    Collision candidates           = 2033371
    Collision acceptance rate      = 0.3654645414


Phase C auto DLB triggered (threshold) at step 8100: sar=0 loadImbalance=2.075699584 threshold=1.5 particleMaxMin=1
Phase C ParMETIS weights: particles=9600232 activeCells=104151 maxCellParticles=292
Phase C ParMETIS: alpha=1 ncon=1 ubvec=[1.05] moveRatio=0.7285677939 (moveT=2511.449165s, collT=935.6551212s)
Phase C ParMETIS: AdaptiveRepart (104151 cells, 1 constraints, ubvec=1.05)
Replicated mesh: rank 0 owns 28990 / 104151 cells
Local mesh: 28990 owned + 175 halo = 29165 / 104151 cells
Phase C ParMETIS AdaptiveRepart: 0 / 104151 cells changed (0)
Phase C auto DLB complete: rebalance #157

    Number of DSMC particles        = 9600232
    Number of stuck particles       = 0
    Number of free particles        = 9600232
    Average linear kinetic energy   = 4.065034209e-19
    Average rotational energy       = 5.208734367e-20
    Average vibrational energy      = 3.053677866e-20
    Average electronic energy       = 0
    Total energy                    = 46.95737893

Stage 1.0  ExecutionTime = 79810.23 s  ClockTime = 6580 s  Iteration 8100 (17.36 s)

Time = 0.003244

    Collision global reduction skipped (rank 0 local diagnostics)
    Collisions                      = 743130
    Collision candidates           = 2034272
    Collision acceptance rate      = 0.3653051313

    Number of DSMC particles        = 9600835
    Number of stuck particles       = 0
    Number of free particles        = 9600835
    Average linear kinetic energy   = 4.064920352e-19
    Average rotational energy       = 5.209921363e-20
    Average vibrational energy      = 3.052532132e-20
    Average electronic energy       = 0
    Total energy                    = 46.95927486

Stage 1.0  ExecutionTime = 79922.32 s  ClockTime = 6590 s  Iteration 8110 (14 s)

Time = 0.003248

    Collision global reduction skipped (rank 0 local diagnostics)
    Collisions                      = 743210
    Collision candidates           = 2034862
    Collision acceptance rate      = 0.3652385272

    Number of DSMC particles        = 9601160
    Number of stuck particles       = 0
    Number of free particles        = 9601160
    Average linear kinetic energy   = 4.065160226e-19
    Average rotational energy       = 5.207165437e-20
    Average vibrational energy      = 3.053321337e-20
    Average electronic energy       = 0
    Total energy                    = 46.96127927

Stage 1.0  ExecutionTime = 80034.4 s  ClockTime = 6600 s  Iteration 8120 (13.99 s)

Time = 0.003252

    Collision global reduction skipped (rank 0 local diagnostics)
    Collisions                      = 743518
    Collision candidates           = 2032926
    Collision acceptance rate      = 0.3657378576

    Number of DSMC particles        = 9601839
    Number of stuck particles       = 0
    Number of free particles        = 9601839
    Average linear kinetic energy   = 4.064957024e-19
    Average rotational energy       = 5.207420659e-20
    Average vibrational energy      = 3.054409389e-20
    Average electronic energy       = 0
    Total energy                    = 46.96393909

Stage 1.0  ExecutionTime = 80146.59 s  ClockTime = 6610 s  Iteration 8130 (14.04 s)

Time = 0.003256

    Collision global reduction skipped (rank 0 local diagnostics)
    Collisions                      = 741511
    Collision candidates           = 2029641
    Collision acceptance rate      = 0.3653409642

    Number of DSMC particles        = 9602368
    Number of stuck particles       = 0
    Number of free particles        = 9602368
    Average linear kinetic energy   = 4.064584169e-19
    Average rotational energy       = 5.210277873e-20
    Average vibrational energy      = 3.052750347e-20
    Average electronic energy       = 0
    Total energy                    = 46.96409674

Stage 1.0  ExecutionTime = 80258.65 s  ClockTime = 6620 s  Iteration 8140 (14 s)

Time = 0.00326

    Collision global reduction skipped (rank 0 local diagnostics)
    Collisions                      = 742781
    Collision candidates           = 2029756
    Collision acceptance rate      = 0.3659459561


Phase C auto DLB triggered (threshold) at step 8150: sar=0 loadImbalance=2.07109824 threshold=1.5 particleMaxMin=1
Phase C ParMETIS weights: particles=9603412 activeCells=104151 maxCellParticles=296
Phase C ParMETIS: alpha=1 ncon=1 ubvec=[1.05] moveRatio=0.7286253477 (moveT=2531.225363s, collT=942.7484303s)
Phase C ParMETIS: AdaptiveRepart (104151 cells, 1 constraints, ubvec=1.05)
Replicated mesh: rank 0 owns 28990 / 104151 cells
Local mesh: 28990 owned + 175 halo = 29165 / 104151 cells
Phase C ParMETIS AdaptiveRepart: 0 / 104151 cells changed (0)
Phase C auto DLB complete: rebalance #158

    Number of DSMC particles        = 9603412
    Number of stuck particles       = 0
    Number of free particles        = 9603412
    Average linear kinetic energy   = 4.064554992e-19
    Average rotational energy       = 5.208615736e-20
    Average vibrational energy      = 3.051366089e-20
    Average electronic energy       = 0
    Total energy                    = 46.96599704

Stage 1.0  ExecutionTime = 80374.17 s  ClockTime = 6630 s  Iteration 8150 (17.38 s)

Time = 0.003264

    Collision global reduction skipped (rank 0 local diagnostics)
    Collisions                      = 743794
    Collision candidates           = 2032847
    Collision acceptance rate      = 0.365887841

    Number of DSMC particles        = 9604165
    Number of stuck particles       = 0
    Number of free particles        = 9604165
    Average linear kinetic energy   = 4.064466435e-19
    Average rotational energy       = 5.207129412e-20
    Average vibrational energy      = 3.052843648e-20
    Average electronic energy       = 0
    Total energy                    = 46.96882069

Stage 1.0  ExecutionTime = 80486.34 s  ClockTime = 6640 s  Iteration 8160 (14.02 s)

Time = 0.003268

    Collision global reduction skipped (rank 0 local diagnostics)
    Collisions                      = 743306
    Collision candidates           = 2032402
    Collision acceptance rate      = 0.3657278432

    Number of DSMC particles        = 9604068
    Number of stuck particles       = 0
    Number of free particles        = 9604068
    Average linear kinetic energy   = 4.06466608e-19
    Average rotational energy       = 5.207323322e-20
    Average vibrational energy      = 3.053507126e-20
    Average electronic energy       = 0
    Total energy                    = 46.97108716

Stage 1.0  ExecutionTime = 80598.5 s  ClockTime = 6649 s  Iteration 8170 (14 s)

Time = 0.003272

    Collision global reduction skipped (rank 0 local diagnostics)
    Collisions                      = 743934
    Collision candidates           = 2032931
    Collision acceptance rate      = 0.3659415888

    Number of DSMC particles        = 9604139
    Number of stuck particles       = 0
    Number of free particles        = 9604139
    Average linear kinetic energy   = 4.064608779e-19
    Average rotational energy       = 5.206400888e-20
    Average vibrational energy      = 3.055401036e-20
    Average electronic energy       = 0
    Total energy                    = 46.9718171

Stage 1.0  ExecutionTime = 80710.64 s  ClockTime = 6659 s  Iteration 8180 (14.01 s)

Time = 0.003276

    Collision global reduction skipped (rank 0 local diagnostics)
    Collisions                      = 741426
    Collision candidates           = 2032489
    Collision acceptance rate      = 0.3647872141

    Number of DSMC particles        = 9604603
    Number of stuck particles       = 0
    Number of free particles        = 9604603
    Average linear kinetic energy   = 4.064250362e-19
    Average rotational energy       = 5.208960408e-20
    Average vibrational energy      = 3.054571115e-20
    Average electronic energy       = 0
    Total energy                    = 46.97230518

Stage 1.0  ExecutionTime = 80822.84 s  ClockTime = 6669 s  Iteration 8190 (14.01 s)

Time = 0.00328

    Collision global reduction skipped (rank 0 local diagnostics)
    Collisions                      = 742457
    Collision candidates           = 2033319
    Collision acceptance rate      = 0.3651453609


Phase C auto DLB triggered (threshold) at step 8200: sar=0 loadImbalance=2.069858876 threshold=1.5 particleMaxMin=1
Phase C ParMETIS weights: particles=9604714 activeCells=104151 maxCellParticles=293
Phase C ParMETIS: alpha=1 ncon=1 ubvec=[1.05] moveRatio=0.7286818762 (moveT=2551.054579s, collT=949.8621617s)
Phase C ParMETIS: AdaptiveRepart (104151 cells, 1 constraints, ubvec=1.05)
Replicated mesh: rank 0 owns 28990 / 104151 cells
Local mesh: 28990 owned + 175 halo = 29165 / 104151 cells
Phase C ParMETIS AdaptiveRepart: 0 / 104151 cells changed (0)
Phase C auto DLB complete: rebalance #159

    Number of DSMC particles        = 9604714
    Number of stuck particles       = 0
    Number of free particles        = 9604714
    Average linear kinetic energy   = 4.063955291e-19
    Average rotational energy       = 5.208954336e-20
    Average vibrational energy      = 3.054941024e-20
    Average electronic energy       = 0
    Total energy                    = 46.97036342

Stage 1.0  ExecutionTime = 80938.43 s  ClockTime = 6679 s  Iteration 8200 (17.37 s)

Time = 0.003284

    Collision global reduction skipped (rank 0 local diagnostics)
    Collisions                      = 744064
    Collision candidates           = 2034806
    Collision acceptance rate      = 0.365668275

    Number of DSMC particles        = 9605055
    Number of stuck particles       = 0
    Number of free particles        = 9605055
    Average linear kinetic energy   = 4.063727844e-19
    Average rotational energy       = 5.208511319e-20
    Average vibrational energy      = 3.055596516e-20
    Average electronic energy       = 0
    Total energy                    = 46.97005047

Stage 1.0  ExecutionTime = 81050.62 s  ClockTime = 6689 s  Iteration 8210 (14.02 s)

Time = 0.003288

    Collision global reduction skipped (rank 0 local diagnostics)
    Collisions                      = 743975
    Collision candidates           = 2035539
    Collision acceptance rate      = 0.3654928744

    Number of DSMC particles        = 9605336
    Number of stuck particles       = 0
    Number of free particles        = 9605336
    Average linear kinetic energy   = 4.063370762e-19
    Average rotational energy       = 5.212597575e-20
    Average vibrational energy      = 3.054933142e-20
    Average electronic energy       = 0
    Total energy                    = 46.97128251

Stage 1.0  ExecutionTime = 81162.7 s  ClockTime = 6699 s  Iteration 8220 (13.99 s)

Time = 0.003292

    Collision global reduction skipped (rank 0 local diagnostics)
    Collisions                      = 744590
    Collision candidates           = 2035095
    Collision acceptance rate      = 0.3658748117

    Number of DSMC particles        = 9605536
    Number of stuck particles       = 0
    Number of free particles        = 9605536
    Average linear kinetic energy   = 4.063808037e-19
    Average rotational energy       = 5.209696196e-20
    Average vibrational energy      = 3.056645383e-20
    Average electronic energy       = 0
    Total energy                    = 46.97531856

Stage 1.0  ExecutionTime = 81274.81 s  ClockTime = 6708 s  Iteration 8230 (14 s)

Time = 0.003296

    Collision global reduction skipped (rank 0 local diagnostics)
    Collisions                      = 743876
    Collision candidates           = 2035513
    Collision acceptance rate      = 0.3654489065

    Number of DSMC particles        = 9605466
    Number of stuck particles       = 0
    Number of free particles        = 9605466
    Average linear kinetic energy   = 4.063807667e-19
    Average rotational energy       = 5.2070027e-20
    Average vibrational energy      = 3.055811657e-20
    Average electronic energy       = 0
    Total energy                    = 46.97158461

Stage 1.0  ExecutionTime = 81387 s  ClockTime = 6718 s  Iteration 8240 (13.99 s)

Time = 0.0033

    Collision global reduction skipped (rank 0 local diagnostics)
    Collisions                      = 744612
    Collision candidates           = 2035892
    Collision acceptance rate      = 0.3657423871


Phase C auto DLB triggered (threshold) at step 8250: sar=0 loadImbalance=2.06833517 threshold=1.5 particleMaxMin=1
Phase C ParMETIS weights: particles=9606190 activeCells=104151 maxCellParticles=293
Phase C ParMETIS: alpha=1 ncon=1 ubvec=[1.05] moveRatio=0.7287345972 (moveT=2570.803656s, collT=956.9603143s)
Phase C ParMETIS: AdaptiveRepart (104151 cells, 1 constraints, ubvec=1.05)
Replicated mesh: rank 0 owns 28990 / 104151 cells
Local mesh: 28990 owned + 175 halo = 29165 / 104151 cells
Phase C ParMETIS AdaptiveRepart: 0 / 104151 cells changed (0)
Phase C auto DLB complete: rebalance #160

    Number of DSMC particles        = 9606190
    Number of stuck particles       = 0
    Number of free particles        = 9606190
    Average linear kinetic energy   = 4.063607809e-19
    Average rotational energy       = 5.207674783e-20
    Average vibrational energy      = 3.055293287e-20
    Average electronic energy       = 0
    Total energy                    = 46.97335283

Stage 1.0  ExecutionTime = 81502.54 s  ClockTime = 6728 s  Iteration 8250 (17.37 s)

Time = 0.003304

    Collision global reduction skipped (rank 0 local diagnostics)
    Collisions                      = 744729
    Collision candidates           = 2034272
    Collision acceptance rate      = 0.3660911619

    Number of DSMC particles        = 9606573
    Number of stuck particles       = 0
    Number of free particles        = 9606573
    Average linear kinetic energy   = 4.064195357e-19
    Average rotational energy       = 5.204504492e-20
    Average vibrational energy      = 3.054440863e-20
    Average electronic energy       = 0
    Total energy                    = 46.97700553

Stage 1.0  ExecutionTime = 81614.84 s  ClockTime = 6738 s  Iteration 8260 (14.01 s)

Time = 0.003308

    Collision global reduction skipped (rank 0 local diagnostics)
    Collisions                      = 741026
    Collision candidates           = 2032159
    Collision acceptance rate      = 0.3646496165

    Number of DSMC particles        = 9607432
    Number of stuck particles       = 0
    Number of free particles        = 9607432
    Average linear kinetic energy   = 4.063596154e-19
    Average rotational energy       = 5.211556275e-20
    Average vibrational energy      = 3.053999683e-20
    Average electronic energy       = 0
    Total energy                    = 46.98180041

Stage 1.0  ExecutionTime = 81726.99 s  ClockTime = 6748 s  Iteration 8270 (13.98 s)

Time = 0.003312

    Collision global reduction skipped (rank 0 local diagnostics)
    Collisions                      = 742249
    Collision candidates           = 2031127
    Collision acceptance rate      = 0.3654370209

    Number of DSMC particles        = 9608108
    Number of stuck particles       = 0
    Number of free particles        = 9608108
    Average linear kinetic energy   = 4.063213255e-19
    Average rotational energy       = 5.210845016e-20
    Average vibrational energy      = 3.055083109e-20
    Average electronic energy       = 0
    Total energy                    = 46.9817848

Stage 1.0  ExecutionTime = 81839.13 s  ClockTime = 6758 s  Iteration 8280 (14 s)

Time = 0.003316

    Collision global reduction skipped (rank 0 local diagnostics)
    Collisions                      = 741306
    Collision candidates           = 2030164
    Collision acceptance rate      = 0.36514587

    Number of DSMC particles        = 9608273
    Number of stuck particles       = 0
    Number of free particles        = 9608273
    Average linear kinetic energy   = 4.062624744e-19
    Average rotational energy       = 5.212973359e-20
    Average vibrational energy      = 3.055540142e-20
    Average electronic energy       = 0
    Total energy                    = 46.97942113

Stage 1.0  ExecutionTime = 81951.41 s  ClockTime = 6768 s  Iteration 8290 (14.04 s)

Time = 0.00332

    Collision global reduction skipped (rank 0 local diagnostics)
    Collisions                      = 742747
    Collision candidates           = 2030526
    Collision acceptance rate      = 0.3657904405


Phase C auto DLB triggered (threshold) at step 8300: sar=0 loadImbalance=2.069383218 threshold=1.5 particleMaxMin=1
Phase C ParMETIS weights: particles=9608554 activeCells=104151 maxCellParticles=294
Phase C ParMETIS: alpha=1 ncon=1 ubvec=[1.05] moveRatio=0.7287852844 (moveT=2590.572571s, collT=964.0718854s)
Phase C ParMETIS: AdaptiveRepart (104151 cells, 1 constraints, ubvec=1.05)
Replicated mesh: rank 0 owns 28990 / 104151 cells
Local mesh: 28990 owned + 175 halo = 29165 / 104151 cells
Phase C ParMETIS AdaptiveRepart: 0 / 104151 cells changed (0)
Phase C auto DLB complete: rebalance #161

    Number of DSMC particles        = 9608554
    Number of stuck particles       = 0
    Number of free particles        = 9608554
    Average linear kinetic energy   = 4.063648366e-19
    Average rotational energy       = 5.207131719e-20
    Average vibrational energy      = 3.05499725e-20
    Average electronic energy       = 0
    Total energy                    = 46.984496

Stage 1.0  ExecutionTime = 82066.91 s  ClockTime = 6778 s  Iteration 8300 (17.37 s)

Time = 0.003324

    Collision global reduction skipped (rank 0 local diagnostics)
    Collisions                      = 742273
    Collision candidates           = 2031898
    Collision acceptance rate      = 0.3653101681

    Number of DSMC particles        = 9609063
    Number of stuck particles       = 0
    Number of free particles        = 9609063
    Average linear kinetic energy   = 4.063180606e-19
    Average rotational energy       = 5.20767745e-20
    Average vibrational energy      = 3.054084619e-20
    Average electronic energy       = 0
    Total energy                    = 46.98213764

Stage 1.0  ExecutionTime = 82179.1 s  ClockTime = 6788 s  Iteration 8310 (14.03 s)

Time = 0.003328

    Collision global reduction skipped (rank 0 local diagnostics)
    Collisions                      = 742334
    Collision candidates           = 2030852
    Collision acceptance rate      = 0.3655283595

    Number of DSMC particles        = 9609306
    Number of stuck particles       = 0
    Number of free particles        = 9609306
    Average linear kinetic energy   = 4.063306795e-19
    Average rotational energy       = 5.208345627e-20
    Average vibrational energy      = 3.053753942e-20
    Average electronic energy       = 0
    Total energy                    = 46.98486267

Stage 1.0  ExecutionTime = 82291.2 s  ClockTime = 6797 s  Iteration 8320 (13.99 s)

Time = 0.003332

    Collision global reduction skipped (rank 0 local diagnostics)
    Collisions                      = 743733
    Collision candidates           = 2033955
    Collision acceptance rate      = 0.3656585323

    Number of DSMC particles        = 9609400
    Number of stuck particles       = 0
    Number of free particles        = 9609400
    Average linear kinetic energy   = 4.063215565e-19
    Average rotational energy       = 5.206030875e-20
    Average vibrational energy      = 3.054308879e-20
    Average electronic energy       = 0
    Total energy                    = 46.98275454

Stage 1.0  ExecutionTime = 82403.27 s  ClockTime = 6807 s  Iteration 8330 (14.03 s)

Time = 0.003336

    Collision global reduction skipped (rank 0 local diagnostics)
    Collisions                      = 743594
    Collision candidates           = 2036296
    Collision acceptance rate      = 0.3651698967

    Number of DSMC particles        = 9609794
    Number of stuck particles       = 0
    Number of free particles        = 9609794
    Average linear kinetic energy   = 4.062756683e-19
    Average rotational energy       = 5.205030338e-20
    Average vibrational energy      = 3.056148793e-20
    Average electronic energy       = 0
    Total energy                    = 46.98107776

Stage 1.0  ExecutionTime = 82515.49 s  ClockTime = 6817 s  Iteration 8340 (14.06 s)

Time = 0.00334

    Collision global reduction skipped (rank 0 local diagnostics)
    Collisions                      = 744644
    Collision candidates           = 2037028
    Collision acceptance rate      = 0.3655541308


Phase C auto DLB triggered (threshold) at step 8350: sar=0 loadImbalance=2.06559115 threshold=1.5 particleMaxMin=1
Phase C ParMETIS weights: particles=9610382 activeCells=104151 maxCellParticles=293
Phase C ParMETIS: alpha=1 ncon=1 ubvec=[1.05] moveRatio=0.7288437509 (moveT=2610.41051s, collT=971.1671696s)
Phase C ParMETIS: AdaptiveRepart (104151 cells, 1 constraints, ubvec=1.05)
Replicated mesh: rank 0 owns 28990 / 104151 cells
Local mesh: 28990 owned + 175 halo = 29165 / 104151 cells
Phase C ParMETIS AdaptiveRepart: 0 / 104151 cells changed (0)
Phase C auto DLB complete: rebalance #162

    Number of DSMC particles        = 9610382
    Number of stuck particles       = 0
    Number of free particles        = 9610382
    Average linear kinetic energy   = 4.062120182e-19
    Average rotational energy       = 5.204857924e-20
    Average vibrational energy      = 3.056358906e-20
    Average electronic energy       = 0
    Total energy                    = 46.97787163

Stage 1.0  ExecutionTime = 82631.02 s  ClockTime = 6827 s  Iteration 8350 (17.39 s)

Time = 0.003344

    Collision global reduction skipped (rank 0 local diagnostics)
    Collisions                      = 742840
    Collision candidates           = 2037831
    Collision acceptance rate      = 0.3645248306

    Number of DSMC particles        = 9610626
    Number of stuck particles       = 0
    Number of free particles        = 9610626
    Average linear kinetic energy   = 4.062620567e-19
    Average rotational energy       = 5.201526111e-20
    Average vibrational energy      = 3.057365862e-20
    Average electronic energy       = 0
    Total energy                    = 46.98163904

Stage 1.0  ExecutionTime = 82743.31 s  ClockTime = 6837 s  Iteration 8360 (14.03 s)

Time = 0.003348

    Collision global reduction skipped (rank 0 local diagnostics)
    Collisions                      = 743858
    Collision candidates           = 2036735
    Collision acceptance rate      = 0.3652208068

    Number of DSMC particles        = 9611294
    Number of stuck particles       = 0
    Number of free particles        = 9611294
    Average linear kinetic energy   = 4.062354204e-19
    Average rotational energy       = 5.200722821e-20
    Average vibrational energy      = 3.055993436e-20
    Average electronic energy       = 0
    Total energy                    = 46.98025333

Stage 1.0  ExecutionTime = 82855.51 s  ClockTime = 6847 s  Iteration 8370 (13.99 s)

Time = 0.003352

    Collision global reduction skipped (rank 0 local diagnostics)
    Collisions                      = 742884
    Collision candidates           = 2034666
    Collision acceptance rate      = 0.3651134879

    Number of DSMC particles        = 9611350
    Number of stuck particles       = 0
    Number of free particles        = 9611350
    Average linear kinetic energy   = 4.061934611e-19
    Average rotational energy       = 5.20408744e-20
    Average vibrational energy      = 3.056867091e-20
    Average electronic energy       = 0
    Total energy                    = 46.98056775

Stage 1.0  ExecutionTime = 82967.73 s  ClockTime = 6857 s  Iteration 8380 (14 s)

Time = 0.003356

    Collision global reduction skipped (rank 0 local diagnostics)
    Collisions                      = 741704
    Collision candidates           = 2033813
    Collision acceptance rate      = 0.3646864289

    Number of DSMC particles        = 9612000
    Number of stuck particles       = 0
    Number of free particles        = 9612000
    Average linear kinetic energy   = 4.062063112e-19
    Average rotational energy       = 5.204514527e-20
    Average vibrational energy      = 3.05820521e-20
    Average electronic energy       = 0
    Total energy                    = 46.98667684

Stage 1.0  ExecutionTime = 83079.87 s  ClockTime = 6866 s  Iteration 8390 (13.99 s)

Time = 0.00336

    Collision global reduction skipped (rank 0 local diagnostics)
    Collisions                      = 742609
    Collision candidates           = 2032736
    Collision acceptance rate      = 0.3653248626


Phase C auto DLB triggered (threshold) at step 8400: sar=0 loadImbalance=2.062829396 threshold=1.5 particleMaxMin=1
Phase C ParMETIS weights: particles=9612127 activeCells=104151 maxCellParticles=309
Phase C ParMETIS: alpha=1 ncon=1 ubvec=[1.05] moveRatio=0.7288934122 (moveT=2630.205907s, collT=978.2859012s)
Phase C ParMETIS: AdaptiveRepart (104151 cells, 1 constraints, ubvec=1.05)
Replicated mesh: rank 0 owns 28990 / 104151 cells
Local mesh: 28990 owned + 175 halo = 29165 / 104151 cells
Phase C ParMETIS AdaptiveRepart: 0 / 104151 cells changed (0)
Phase C auto DLB complete: rebalance #163

    Number of DSMC particles        = 9612127
    Number of stuck particles       = 0
    Number of free particles        = 9612127
    Average linear kinetic energy   = 4.062240771e-19
    Average rotational energy       = 5.205835728e-20
    Average vibrational energy      = 3.05778391e-20
    Average electronic energy       = 0
    Total energy                    = 46.98987034

Stage 1.0  ExecutionTime = 83195.47 s  ClockTime = 6877 s  Iteration 8400 (17.36 s)

Time = 0.003364

    Collision global reduction skipped (rank 0 local diagnostics)
    Collisions                      = 743707
    Collision candidates           = 2034090
    Collision acceptance rate      = 0.3656214818

    Number of DSMC particles        = 9612368
    Number of stuck particles       = 0
    Number of free particles        = 9612368
    Average linear kinetic energy   = 4.062000812e-19
    Average rotational energy       = 5.206999911e-20
    Average vibrational energy      = 3.058003221e-20
    Average electronic energy       = 0
    Total energy                    = 46.99007178

Stage 1.0  ExecutionTime = 83307.58 s  ClockTime = 6887 s  Iteration 8410 (14.04 s)

Time = 0.003368

    Collision global reduction skipped (rank 0 local diagnostics)
    Collisions                      = 743707
    Collision candidates           = 2034880
    Collision acceptance rate      = 0.3654795369

    Number of DSMC particles        = 9612843
    Number of stuck particles       = 0
    Number of free particles        = 9612843
    Average linear kinetic energy   = 4.061757509e-19
    Average rotational energy       = 5.208326084e-20
    Average vibrational energy      = 3.057848217e-20
    Average electronic energy       = 0
    Total energy                    = 46.99118081

Stage 1.0  ExecutionTime = 83419.73 s  ClockTime = 6896 s  Iteration 8420 (14.04 s)

Time = 0.003372

    Collision global reduction skipped (rank 0 local diagnostics)
    Collisions                      = 744178
    Collision candidates           = 2036561
    Collision acceptance rate      = 0.3654091382

    Number of DSMC particles        = 9612971
    Number of stuck particles       = 0
    Number of free particles        = 9612971
    Average linear kinetic energy   = 4.061572596e-19
    Average rotational energy       = 5.207659933e-20
    Average vibrational energy      = 3.056929624e-20
    Average electronic energy       = 0
    Total energy                    = 46.98850556

Stage 1.0  ExecutionTime = 83531.82 s  ClockTime = 6906 s  Iteration 8430 (14.02 s)

Time = 0.003376

    Collision global reduction skipped (rank 0 local diagnostics)
    Collisions                      = 744988
    Collision candidates           = 2037863
    Collision acceptance rate      = 0.3655731519

    Number of DSMC particles        = 9612953
    Number of stuck particles       = 0
    Number of free particles        = 9612953
    Average linear kinetic energy   = 4.061348648e-19
    Average rotational energy       = 5.206922197e-20
    Average vibrational energy      = 3.058506423e-20
    Average electronic energy       = 0
    Total energy                    = 46.98707136

Stage 1.0  ExecutionTime = 83643.94 s  ClockTime = 6916 s  Iteration 8440 (13.99 s)

Time = 0.00338

    Collision global reduction skipped (rank 0 local diagnostics)
    Collisions                      = 743631
    Collision candidates           = 2037089
    Collision acceptance rate      = 0.3650459062


Phase C auto DLB triggered (threshold) at step 8450: sar=0 loadImbalance=2.061532579 threshold=1.5 particleMaxMin=1
Phase C ParMETIS weights: particles=9613576 activeCells=104151 maxCellParticles=307
Phase C ParMETIS: alpha=1 ncon=1 ubvec=[1.05] moveRatio=0.7289473523 (moveT=2650.014559s, collT=985.3845554s)
Phase C ParMETIS: AdaptiveRepart (104151 cells, 1 constraints, ubvec=1.05)
Replicated mesh: rank 0 owns 28990 / 104151 cells
Local mesh: 28990 owned + 175 halo = 29165 / 104151 cells
Phase C ParMETIS AdaptiveRepart: 0 / 104151 cells changed (0)
Phase C auto DLB complete: rebalance #164

    Number of DSMC particles        = 9613576
    Number of stuck particles       = 0
    Number of free particles        = 9613576
    Average linear kinetic energy   = 4.06154415e-19
    Average rotational energy       = 5.206158717e-20
    Average vibrational energy      = 3.057459631e-20
    Average electronic energy       = 0
    Total energy                    = 46.99025567

Stage 1.0  ExecutionTime = 83759.6 s  ClockTime = 6926 s  Iteration 8450 (17.38 s)

Time = 0.003384

    Collision global reduction skipped (rank 0 local diagnostics)
    Collisions                      = 743595
    Collision candidates           = 2035395
    Collision acceptance rate      = 0.3653320363

    Number of DSMC particles        = 9613759
    Number of stuck particles       = 0
    Number of free particles        = 9613759
    Average linear kinetic energy   = 4.061457242e-19
    Average rotational energy       = 5.205903788e-20
    Average vibrational energy      = 3.056606168e-20
    Average electronic energy       = 0
    Total energy                    = 46.98924906

Stage 1.0  ExecutionTime = 83871.93 s  ClockTime = 6936 s  Iteration 8460 (14 s)

Time = 0.003388

    Collision global reduction skipped (rank 0 local diagnostics)
    Collisions                      = 744802
    Collision candidates           = 2035357
    Collision acceptance rate      = 0.3659318734

    Number of DSMC particles        = 9613631
    Number of stuck particles       = 0
    Number of free particles        = 9613631
    Average linear kinetic energy   = 4.061357299e-19
    Average rotational energy       = 5.207487978e-20
    Average vibrational energy      = 3.056937679e-20
    Average electronic energy       = 0
    Total energy                    = 46.9895043

Stage 1.0  ExecutionTime = 83984.21 s  ClockTime = 6946 s  Iteration 8470 (13.99 s)

Time = 0.003392

    Collision global reduction skipped (rank 0 local diagnostics)
    Collisions                      = 743056
    Collision candidates           = 2034324
    Collision acceptance rate      = 0.3652594179

    Number of DSMC particles        = 9613697
    Number of stuck particles       = 0
    Number of free particles        = 9613697
    Average linear kinetic energy   = 4.061327791e-19
    Average rotational energy       = 5.208308321e-20
    Average vibrational energy      = 3.055456807e-20
    Average electronic energy       = 0
    Total energy                    = 46.98890821

Stage 1.0  ExecutionTime = 84096.38 s  ClockTime = 6956 s  Iteration 8480 (13.99 s)

Time = 0.003396

    Collision global reduction skipped (rank 0 local diagnostics)
    Collisions                      = 742786
    Collision candidates           = 2034003
    Collision acceptance rate      = 0.3651843188

    Number of DSMC particles        = 9614253
    Number of stuck particles       = 0
    Number of free particles        = 9614253
    Average linear kinetic energy   = 4.061235007e-19
    Average rotational energy       = 5.210488953e-20
    Average vibrational energy      = 3.055379995e-20
    Average electronic energy       = 0
    Total energy                    = 46.99275638

Stage 1.0  ExecutionTime = 84208.57 s  ClockTime = 6965 s  Iteration 8490 (13.98 s)

Time = 0.0034

    Collision global reduction skipped (rank 0 local diagnostics)
    Collisions                      = 742560
    Collision candidates           = 2034251
    Collision acceptance rate      = 0.365028701


Phase C auto DLB triggered (threshold) at step 8500: sar=0 loadImbalance=2.063194314 threshold=1.5 particleMaxMin=1
Phase C ParMETIS weights: particles=9614755 activeCells=104151 maxCellParticles=299
Phase C ParMETIS: alpha=1 ncon=1 ubvec=[1.05] moveRatio=0.7289962555 (moveT=2669.825896s, collT=992.5055302s)
Phase C ParMETIS: AdaptiveRepart (104151 cells, 1 constraints, ubvec=1.05)
Replicated mesh: rank 0 owns 28990 / 104151 cells
Local mesh: 28990 owned + 175 halo = 29165 / 104151 cells
Phase C ParMETIS AdaptiveRepart: 0 / 104151 cells changed (0)
Phase C auto DLB complete: rebalance #165

    Number of DSMC particles        = 9614755
    Number of stuck particles       = 0
    Number of free particles        = 9614755
    Average linear kinetic energy   = 4.06171546e-19
    Average rotational energy       = 5.207423464e-20
    Average vibrational energy      = 3.055445427e-20
    Average electronic energy       = 0
    Total energy                    = 46.99694503

Stage 1.0  ExecutionTime = 84324.22 s  ClockTime = 6976 s  Iteration 8500 (17.41 s)

Time = 0.003404

    Collision global reduction skipped (rank 0 local diagnostics)
    Collisions                      = 742848
    Collision candidates           = 2035011
    Collision acceptance rate      = 0.3650338991

    Number of DSMC particles        = 9615144
    Number of stuck particles       = 0
    Number of free particles        = 9615144
    Average linear kinetic energy   = 4.061252219e-19
    Average rotational energy       = 5.211484336e-20
    Average vibrational energy      = 3.056120476e-20
    Average electronic energy       = 0
    Total energy                    = 46.99894599

Stage 1.0  ExecutionTime = 84436.32 s  ClockTime = 6985 s  Iteration 8510 (13.97 s)

Time = 0.003408

    Collision global reduction skipped (rank 0 local diagnostics)
    Collisions                      = 742705
    Collision candidates           = 2036478
    Collision acceptance rate      = 0.3647007235

    Number of DSMC particles        = 9615031
    Number of stuck particles       = 0
    Number of free particles        = 9615031
    Average linear kinetic energy   = 4.061489875e-19
    Average rotational energy       = 5.210636977e-20
    Average vibrational energy      = 3.056427159e-20
    Average electronic energy       = 0
    Total energy                    = 47.00015885

Stage 1.0  ExecutionTime = 84548.46 s  ClockTime = 6995 s  Iteration 8520 (13.98 s)

Time = 0.003412

    Collision global reduction skipped (rank 0 local diagnostics)
    Collisions                      = 744669
    Collision candidates           = 2038799
    Collision acceptance rate      = 0.3652488548

    Number of DSMC particles        = 9615240
    Number of stuck particles       = 0
    Number of free particles        = 9615240
    Average linear kinetic energy   = 4.061372375e-19
    Average rotational energy       = 5.209507507e-20
    Average vibrational energy      = 3.058057513e-20
    Average electronic energy       = 0
    Total energy                    = 47.00053231

Stage 1.0  ExecutionTime = 84660.73 s  ClockTime = 7005 s  Iteration 8530 (14 s)

Time = 0.003416

    Collision global reduction skipped (rank 0 local diagnostics)
    Collisions                      = 744338
    Collision candidates           = 2037204
    Collision acceptance rate      = 0.3653723437

    Number of DSMC particles        = 9615849
    Number of stuck particles       = 0
    Number of free particles        = 9615849
    Average linear kinetic energy   = 4.061531621e-19
    Average rotational energy       = 5.206936751e-20
    Average vibrational energy      = 3.058794863e-20
    Average electronic energy       = 0
    Total energy                    = 47.00327749

Stage 1.0  ExecutionTime = 84772.91 s  ClockTime = 7015 s  Iteration 8540 (14.01 s)

Time = 0.00342

    Collision global reduction skipped (rank 0 local diagnostics)
    Collisions                      = 744323
    Collision candidates           = 2036951
    Collision acceptance rate      = 0.3654103609


Phase C auto DLB triggered (threshold) at step 8550: sar=0 loadImbalance=2.061846182 threshold=1.5 particleMaxMin=1
Phase C ParMETIS weights: particles=9616690 activeCells=104151 maxCellParticles=300
Phase C ParMETIS: alpha=1 ncon=1 ubvec=[1.05] moveRatio=0.7290495936 (moveT=2689.665407s, collT=999.6109201s)
Phase C ParMETIS: AdaptiveRepart (104151 cells, 1 constraints, ubvec=1.05)
Replicated mesh: rank 0 owns 28990 / 104151 cells
Local mesh: 28990 owned + 175 halo = 29165 / 104151 cells
Phase C ParMETIS AdaptiveRepart: 0 / 104151 cells changed (0)
Phase C auto DLB complete: rebalance #166

    Number of DSMC particles        = 9616690
    Number of stuck particles       = 0
    Number of free particles        = 9616690
    Average linear kinetic energy   = 4.06146396e-19
    Average rotational energy       = 5.208291357e-20
    Average vibrational energy      = 3.058412305e-20
    Average electronic energy       = 0
    Total energy                    = 47.00767249

Stage 1.0  ExecutionTime = 84888.5 s  ClockTime = 7025 s  Iteration 8550 (17.42 s)

Time = 0.003424

    Collision global reduction skipped (rank 0 local diagnostics)
    Collisions                      = 744316
    Collision candidates           = 2037945
    Collision acceptance rate      = 0.3652286985

    Number of DSMC particles        = 9616417
    Number of stuck particles       = 0
    Number of free particles        = 9616417
    Average linear kinetic energy   = 4.061392833e-19
    Average rotational energy       = 5.209646614e-20
    Average vibrational energy      = 3.059628709e-20
    Average electronic energy       = 0
    Total energy                    = 47.00812706

Stage 1.0  ExecutionTime = 85000.82 s  ClockTime = 7035 s  Iteration 8560 (14 s)

Time = 0.003428

    Collision global reduction skipped (rank 0 local diagnostics)
    Collisions                      = 745222
    Collision candidates           = 2039313
    Collision acceptance rate      = 0.3654279652

    Number of DSMC particles        = 9616364
    Number of stuck particles       = 0
    Number of free particles        = 9616364
    Average linear kinetic energy   = 4.060784143e-19
    Average rotational energy       = 5.214192217e-20
    Average vibrational energy      = 3.059480349e-20
    Average electronic energy       = 0
    Total energy                    = 47.00624314

Stage 1.0  ExecutionTime = 85113.08 s  ClockTime = 7045 s  Iteration 8570 (14 s)

Time = 0.003432

    Collision global reduction skipped (rank 0 local diagnostics)
    Collisions                      = 744042
    Collision candidates           = 2038876
    Collision acceptance rate      = 0.3649275385

    Number of DSMC particles        = 9616530
    Number of stuck particles       = 0
    Number of free particles        = 9616530
    Average linear kinetic energy   = 4.060813616e-19
    Average rotational energy       = 5.213575038e-20
    Average vibrational energy      = 3.058187232e-20
    Average electronic energy       = 0
    Total energy                    = 47.00550096

Stage 1.0  ExecutionTime = 85225.35 s  ClockTime = 7055 s  Iteration 8580 (14.01 s)

Time = 0.003436

    Collision global reduction skipped (rank 0 local diagnostics)
    Collisions                      = 745630
    Collision candidates           = 2039761
    Collision acceptance rate      = 0.3655477284

    Number of DSMC particles        = 9617154
    Number of stuck particles       = 0
    Number of free particles        = 9617154
    Average linear kinetic energy   = 4.061131426e-19
    Average rotational energy       = 5.207520992e-20
    Average vibrational energy      = 3.057995831e-20
    Average electronic energy       = 0
    Total energy                    = 47.00560116

Stage 1.0  ExecutionTime = 85337.57 s  ClockTime = 7064 s  Iteration 8590 (14 s)

Time = 0.00344

    Collision global reduction skipped (rank 0 local diagnostics)
    Collisions                      = 746158
    Collision candidates           = 2040961
    Collision acceptance rate      = 0.3655915032


Phase C auto DLB triggered (threshold) at step 8600: sar=0 loadImbalance=2.064137053 threshold=1.5 particleMaxMin=1
Phase C ParMETIS weights: particles=9617292 activeCells=104151 maxCellParticles=297
Phase C ParMETIS: alpha=1 ncon=1 ubvec=[1.05] moveRatio=0.7290969867 (moveT=2709.513209s, collT=1006.74575s)
Phase C ParMETIS: AdaptiveRepart (104151 cells, 1 constraints, ubvec=1.05)
Replicated mesh: rank 0 owns 28990 / 104151 cells
Local mesh: 28990 owned + 175 halo = 29165 / 104151 cells
Phase C ParMETIS AdaptiveRepart: 0 / 104151 cells changed (0)
Phase C auto DLB complete: rebalance #167

    Number of DSMC particles        = 9617292
    Number of stuck particles       = 0
    Number of free particles        = 9617292
    Average linear kinetic energy   = 4.061008374e-19
    Average rotational energy       = 5.209594542e-20
    Average vibrational energy      = 3.058232579e-20
    Average electronic energy       = 0
    Total energy                    = 47.00731411

Stage 1.0  ExecutionTime = 85453.18 s  ClockTime = 7075 s  Iteration 8600 (17.39 s)

Time = 0.003444

    Collision global reduction skipped (rank 0 local diagnostics)
    Collisions                      = 744424
    Collision candidates           = 2039548
    Collision acceptance rate      = 0.3649945968

    Number of DSMC particles        = 9617477
    Number of stuck particles       = 0
    Number of free particles        = 9617477
    Average linear kinetic energy   = 4.061054084e-19
    Average rotational energy       = 5.207826758e-20
    Average vibrational energy      = 3.059904915e-20
    Average electronic energy       = 0
    Total energy                    = 47.00856617

Stage 1.0  ExecutionTime = 85565.41 s  ClockTime = 7084 s  Iteration 8610 (14 s)

Time = 0.003448

    Collision global reduction skipped (rank 0 local diagnostics)
    Collisions                      = 744576
    Collision candidates           = 2039053
    Collision acceptance rate      = 0.3651577472

    Number of DSMC particles        = 9617330
    Number of stuck particles       = 0
    Number of free particles        = 9617330
    Average linear kinetic energy   = 4.060473517e-19
    Average rotational energy       = 5.210382575e-20
    Average vibrational energy      = 3.059032844e-20
    Average electronic energy       = 0
    Total energy                    = 47.00388347

Stage 1.0  ExecutionTime = 85677.61 s  ClockTime = 7094 s  Iteration 8620 (13.98 s)

Time = 0.003452

    Collision global reduction skipped (rank 0 local diagnostics)
    Collisions                      = 744143
    Collision candidates           = 2035377
    Collision acceptance rate      = 0.3656045047

    Number of DSMC particles        = 9617793
    Number of stuck particles       = 0
    Number of free particles        = 9617793
    Average linear kinetic energy   = 4.060846187e-19
    Average rotational energy       = 5.206898857e-20
    Average vibrational energy      = 3.058708413e-20
    Average electronic energy       = 0
    Total energy                    = 47.00606801

Stage 1.0  ExecutionTime = 85789.83 s  ClockTime = 7104 s  Iteration 8630 (14 s)

Time = 0.003456

    Collision global reduction skipped (rank 0 local diagnostics)
    Collisions                      = 743159
    Collision candidates           = 2035019
    Collision acceptance rate      = 0.3651852882

    Number of DSMC particles        = 9618462
    Number of stuck particles       = 0
    Number of free particles        = 9618462
    Average linear kinetic energy   = 4.061281869e-19
    Average rotational energy       = 5.202656775e-20
    Average vibrational energy      = 3.057142551e-20
    Average electronic energy       = 0
    Total energy                    = 47.00794192

Stage 1.0  ExecutionTime = 85901.89 s  ClockTime = 7114 s  Iteration 8640 (13.98 s)

Time = 0.00346

    Collision global reduction skipped (rank 0 local diagnostics)
    Collisions                      = 743470
    Collision candidates           = 2034794
    Collision acceptance rate      = 0.3653785101


Phase C auto DLB triggered (threshold) at step 8650: sar=0 loadImbalance=2.062947092 threshold=1.5 particleMaxMin=1
Phase C ParMETIS weights: particles=9619239 activeCells=104151 maxCellParticles=294
Phase C ParMETIS: alpha=1 ncon=1 ubvec=[1.05] moveRatio=0.7291462627 (moveT=2729.318313s, collT=1013.851546s)
Phase C ParMETIS: AdaptiveRepart (104151 cells, 1 constraints, ubvec=1.05)
Replicated mesh: rank 0 owns 28990 / 104151 cells
Local mesh: 28990 owned + 175 halo = 29165 / 104151 cells
Phase C ParMETIS AdaptiveRepart: 0 / 104151 cells changed (0)
Phase C auto DLB complete: rebalance #168

    Number of DSMC particles        = 9619239
    Number of stuck particles       = 0
    Number of free particles        = 9619239
    Average linear kinetic energy   = 4.060558334e-19
    Average rotational energy       = 5.205882628e-20
    Average vibrational energy      = 3.058230213e-20
    Average electronic energy       = 0
    Total energy                    = 47.00892874

Stage 1.0  ExecutionTime = 86017.36 s  ClockTime = 7124 s  Iteration 8650 (17.38 s)

Time = 0.003464

    Collision global reduction skipped (rank 0 local diagnostics)
    Collisions                      = 743698
    Collision candidates           = 2036985
    Collision acceptance rate      = 0.3650974357

    Number of DSMC particles        = 9619270
    Number of stuck particles       = 0
    Number of free particles        = 9619270
    Average linear kinetic energy   = 4.060539582e-19
    Average rotational energy       = 5.206373218e-20
    Average vibrational energy      = 3.057927169e-20
    Average electronic energy       = 0
    Total energy                    = 47.00908026

Stage 1.0  ExecutionTime = 86129.6 s  ClockTime = 7134 s  Iteration 8660 (13.99 s)

Time = 0.003468

    Collision global reduction skipped (rank 0 local diagnostics)
    Collisions                      = 744851
    Collision candidates           = 2039194
    Collision acceptance rate      = 0.3652673556

    Number of DSMC particles        = 9619623
    Number of stuck particles       = 0
    Number of free particles        = 9619623
    Average linear kinetic energy   = 4.060124574e-19
    Average rotational energy       = 5.207234586e-20
    Average vibrational energy      = 3.058091555e-20
    Average electronic energy       = 0
    Total energy                    = 47.00779988

Stage 1.0  ExecutionTime = 86241.81 s  ClockTime = 7144 s  Iteration 8670 (14.01 s)

Time = 0.003472

    Collision global reduction skipped (rank 0 local diagnostics)
    Collisions                      = 744557
    Collision candidates           = 2039153
    Collision acceptance rate      = 0.3651305223

    Number of DSMC particles        = 9620197
    Number of stuck particles       = 0
    Number of free particles        = 9620197
    Average linear kinetic energy   = 4.06018423e-19
    Average rotational energy       = 5.207969478e-20
    Average vibrational energy      = 3.058417637e-20
    Average electronic energy       = 0
    Total energy                    = 47.0121994

Stage 1.0  ExecutionTime = 86354.12 s  ClockTime = 7153 s  Iteration 8680 (14.03 s)

Time = 0.003476

    Collision global reduction skipped (rank 0 local diagnostics)
    Collisions                      = 744694
    Collision candidates           = 2040473
    Collision acceptance rate      = 0.3649614575

    Number of DSMC particles        = 9619971
    Number of stuck particles       = 0
    Number of free particles        = 9619971
    Average linear kinetic energy   = 4.059969602e-19
    Average rotational energy       = 5.207549015e-20
    Average vibrational energy      = 3.05908029e-20
    Average electronic energy       = 0
    Total energy                    = 47.00926325

Stage 1.0  ExecutionTime = 86466.41 s  ClockTime = 7163 s  Iteration 8690 (13.99 s)

Time = 0.00348

    Collision global reduction skipped (rank 0 local diagnostics)
    Collisions                      = 746461
    Collision candidates           = 2042408
    Collision acceptance rate      = 0.3654808442


Phase C auto DLB triggered (threshold) at step 8700: sar=0 loadImbalance=2.064221552 threshold=1.5 particleMaxMin=1
Phase C ParMETIS weights: particles=9620487 activeCells=104151 maxCellParticles=308
Phase C ParMETIS: alpha=1 ncon=1 ubvec=[1.05] moveRatio=0.7291939569 (moveT=2749.186976s, collT=1020.985486s)
Phase C ParMETIS: AdaptiveRepart (104151 cells, 1 constraints, ubvec=1.05)
Replicated mesh: rank 0 owns 28990 / 104151 cells
Local mesh: 28990 owned + 175 halo = 29165 / 104151 cells
Phase C ParMETIS AdaptiveRepart: 0 / 104151 cells changed (0)
Phase C auto DLB complete: rebalance #169

    Number of DSMC particles        = 9620487
    Number of stuck particles       = 0
    Number of free particles        = 9620487
    Average linear kinetic energy   = 4.060079899e-19
    Average rotational energy       = 5.205227799e-20
    Average vibrational energy      = 3.059212608e-20
    Average electronic energy       = 0
    Total energy                    = 47.01074003

Stage 1.0  ExecutionTime = 86582.11 s  ClockTime = 7173 s  Iteration 8700 (17.39 s)

Time = 0.003484

    Collision global reduction skipped (rank 0 local diagnostics)
    Collisions                      = 745002
    Collision candidates           = 2041776
    Collision acceptance rate      = 0.3648793991

    Number of DSMC particles        = 9621019
    Number of stuck particles       = 0
    Number of free particles        = 9621019
    Average linear kinetic energy   = 4.05987558e-19
    Average rotational energy       = 5.202887968e-20
    Average vibrational energy      = 3.058923299e-20
    Average electronic energy       = 0
    Total energy                    = 47.00884441

Stage 1.0  ExecutionTime = 86694.38 s  ClockTime = 7183 s  Iteration 8710 (13.98 s)

Time = 0.003488

    Collision global reduction skipped (rank 0 local diagnostics)
    Collisions                      = 745982
    Collision candidates           = 2041055
    Collision acceptance rate      = 0.3654884361

    Number of DSMC particles        = 9620512
    Number of stuck particles       = 0
    Number of free particles        = 9620512
    Average linear kinetic energy   = 4.059649713e-19
    Average rotational energy       = 5.203883662e-20
    Average vibrational energy      = 3.058247052e-20
    Average electronic energy       = 0
    Total energy                    = 47.00450154

Stage 1.0  ExecutionTime = 86806.54 s  ClockTime = 7193 s  Iteration 8720 (14 s)

Time = 0.003492

    Collision global reduction skipped (rank 0 local diagnostics)
    Collisions                      = 744096
    Collision candidates           = 2039863
    Collision acceptance rate      = 0.3647774385

    Number of DSMC particles        = 9621150
    Number of stuck particles       = 0
    Number of free particles        = 9621150
    Average linear kinetic energy   = 4.059628598e-19
    Average rotational energy       = 5.202651061e-20
    Average vibrational energy      = 3.058246909e-20
    Average electronic energy       = 0
    Total energy                    = 47.00622953

Stage 1.0  ExecutionTime = 86918.79 s  ClockTime = 7203 s  Iteration 8730 (14.03 s)

Time = 0.003496

    Collision global reduction skipped (rank 0 local diagnostics)
    Collisions                      = 745350
    Collision candidates           = 2040573
    Collision acceptance rate      = 0.3652650506

    Number of DSMC particles        = 9621593
    Number of stuck particles       = 0
    Number of free particles        = 9621593
    Average linear kinetic energy   = 4.05930149e-19
    Average rotational energy       = 5.203635299e-20
    Average vibrational energy      = 3.060566351e-20
    Average electronic energy       = 0
    Total energy                    = 47.00842527

Stage 1.0  ExecutionTime = 87030.94 s  ClockTime = 7213 s  Iteration 8740 (14 s)

Time = 0.0035

    Collision global reduction skipped (rank 0 local diagnostics)
    Collisions                      = 746803
    Collision candidates           = 2042409
    Collision acceptance rate      = 0.3656481146


Phase C auto DLB triggered (threshold) at step 8750: sar=0 loadImbalance=2.0571297 threshold=1.5 particleMaxMin=1
Phase C auto DLB skipped near end at step 8750: remainingSteps=0 minRemainingSteps=50
    Number of DSMC particles        = 9621725
    Number of stuck particles       = 0
    Number of free particles        = 9621725
    Average linear kinetic energy   = 4.059124419e-19
    Average rotational energy       = 5.201992807e-20
    Average vibrational energy      = 3.059816678e-20
    Average electronic energy       = 0
    Total energy                    = 47.00506479
Replicated mesh: wrote gathered cloud on rank0 at output time 0.0035 with 9621725 parcels
Written cellOwner field at output time 0.0035
Replicated mesh output timing:
    gather parcels [s]       = 1.47
    rank0 write [s]           = 23.38
    migrate-back [s]          = 1.55


Stage 1.0  ExecutionTime = 87185.47 s  ClockTime = 7251 s  Iteration 8750 (56.37 s)

    Maximum imbalance = 5.620728092%

End stage 1


DSMC solver profile summary
    solver profile steps          = 8750
    move+collide wall [s]         = 6414.643894
    move only [s]                 = 2769.002717
    buildCellOccupancy [s]        = 2470.438677
    collision phase [s]           = 1028.101859
    post fields/output [s]        = 348.6551978
    total profiled [s]            = 6616.198451
    full evolve wall [s]          = 6763.388412
    move+collide cpu [s]          = 78908.81
    move only cpu [s]             = 32602.41
    buildCellOccupancy cpu [s]    = 28114.74
    collision phase cpu [s]       = 16376.71
    post fields/output cpu [s]    = 5473.57
    total profiled cpu [s]        = 82567.43
    full evolve cpu [s]           = 84383.08
    collision localLoop max [s] = 1024.979353
    collision reduce max [s]    = 0
    collision sigmaBC max [s]   = 3.046342983
    collision total max [s]     = 1028.034915
    collision accounted max [s] = 1028.025696
    collision residual max [s]  = 0.009403968
    collision subphase max sum [s] = 1028.025696
    collision cumulative global collisions = 1173573770
    collision cumulative global candidates  = 1605173817
    collision cumulative acceptance        = 0.7311194324
    OpenMP enabled                = 1
    OpenMP max threads            = 16
    OpenMP move                   = 1 (static, chunk 64)
    OpenMP collision              = dynamic, chunk 8


Replicated mesh profiling summary:
    migration calls             = 893
    migration wall time [s]     = 75.64786778
    local particles (final)     = 2330129
    migration wall max [s]      = 258.4280105
    migration pack max [s]      = 44.17074024
    migration local prep max [s]= 9.756048069
    migration size exchange max [s] = 187.6665231
    migration request post max [s] = 3.987688805
    migration wait max [s]      = 3.967500257
    migration deserialize max [s] = 14.19013147
    migration post max [s]      = 2.729368135
    migration candidate gather max [s] = 0.000163464
    migration accounted max [s] = 258.4280105
    migration residual max [s]  = 0
    updateParticleCounts max [s]= 17.06429957
    migration subphase max sum [s] = 266.4681635
    particles per rank          = min 2330129 max 2540634 max/min 1.090340492
    rank wall time (evolve, 8750 steps): min 38080.17 max 78323.04 max/min 2.056793339
    Phase C auto DLB checks      = 8750
    Phase C auto DLB rebalances = 169
    Phase C auto DLB triggered checks = 169
    Phase C auto DLB wall max [s]= 203.4306985
    Phase C auto DLB check max [s]= 187.5465677
    Phase C ParMETIS max [s]     = 13.94167815
    Phase C migration max [s]    = 2.076773511
    Phase C cellOwner write max [s] = 0
    Phase C post-diagnostic max [s] = 2.441073095
    Phase C auto DLB accounted max [s] = 206.0060925
    Phase C auto DLB residual max [s] = -2.575394

Total Iterations = 8750
End main

