/*---------------------------------------------------------------------------*\
| =========                 |                                                 |
| \\      /  F ield         | OpenFOAM: The Open Source CFD Toolbox           |
|  \\    /   O peration     | Version:  v1706                                 |
|   \\  /    A nd           | Web:      www.OpenFOAM.com                      |
|    \\/     M anipulation  |                                                 |
\*---------------------------------------------------------------------------*/
Build  : v1706
Arch   : "LSB;label=32;scalar=64"
Exec   : /publicfs01/fs1-m8/home/m8s000774/users/xiao_chen_xiang/611/dsmcFoamPar/v1706/dlb/platforms/linux64IccDPInt32Opt/bin/dsmcFoam+
Date   : Jun 19 2026
Time   : 04:27:00
Host   : "m4cl0501.para.bscc"
PID    : 56959
/*---------------------------------------------------------------------------*\
| =========                 |                                                 |
| \\      /  F ield         | OpenFOAM: The Open Source CFD Toolbox           |
|  \\    /   O peration     | Version:  v1706                                 |
|   \\  /    A nd           | Web:      www.OpenFOAM.com                      |
|    \\/     M anipulation  |                                                 |
\*---------------------------------------------------------------------------*/
Build  : v1706
Arch   : "LSB;label=32;scalar=64"
Exec   : /publicfs01/fs1-m8/home/m8s000774/users/xiao_chen_xiang/611/dsmcFoamPar/v1706/dlb/platforms/linux64IccDPInt32Opt/bin/dsmcFoam+
Date   : Jun 19 2026
Time   : 04:27:00
Host   : "m4cl0501.para.bscc"
PID    : 56987
/*---------------------------------------------------------------------------*\
| =========                 |                                                 |
| \\      /  F ield         | OpenFOAM: The Open Source CFD Toolbox           |
|  \\    /   O peration     | Version:  v1706                                 |
|   \\  /    A nd           | Web:      www.OpenFOAM.com                      |
|    \\/     M anipulation  |                                                 |
\*---------------------------------------------------------------------------*/
Build  : v1706
Arch   : "LSB;label=32;scalar=64"
Exec   : /publicfs01/fs1-m8/home/m8s000774/users/xiao_chen_xiang/611/dsmcFoamPar/v1706/dlb/platforms/linux64IccDPInt32Opt/bin/dsmcFoam+
Date   : Jun 19 2026
Time   : 04:27:00
Host   : "m4cl0501.para.bscc"
PID    : 56988
/*---------------------------------------------------------------------------*\
| =========                 |                                                 |
| \\      /  F ield         | OpenFOAM: The Open Source CFD Toolbox           |
|  \\    /   O peration     | Version:  v1706                                 |
|   \\  /    A nd           | Web:      www.OpenFOAM.com                      |
|    \\/     M anipulation  |                                                 |
\*---------------------------------------------------------------------------*/
Build  : v1706
Arch   : "LSB;label=32;scalar=64"
Exec   : /publicfs01/fs1-m8/home/m8s000774/users/xiao_chen_xiang/611/dsmcFoamPar/v1706/dlb/platforms/linux64IccDPInt32Opt/bin/dsmcFoam+
Date   : Jun 19 2026
Time   : 04:27:00
Host   : "m4cl0501.para.bscc"
PID    : 56991
/*---------------------------------------------------------------------------*\
| =========                 |                                                 |
| \\      /  F ield         | OpenFOAM: The Open Source CFD Toolbox           |
|  \\    /   O peration     | Version:  v1706                                 |
|   \\  /    A nd           | Web:      www.OpenFOAM.com                      |
|    \\/     M anipulation  |                                                 |
\*---------------------------------------------------------------------------*/
Build  : v1706
Arch   : "LSB;label=32;scalar=64"
Exec   : /publicfs01/fs1-m8/home/m8s000774/users/xiao_chen_xiang/611/dsmcFoamPar/v1706/dlb/platforms/linux64IccDPInt32Opt/bin/dsmcFoam+
Date   : Jun 19 2026
Time   : 04:27:00
Host   : "m4cl0501.para.bscc"
PID    : 56995
/*---------------------------------------------------------------------------*\
| =========                 |                                                 |
| \\      /  F ield         | OpenFOAM: The Open Source CFD Toolbox           |
|  \\    /   O peration     | Version:  v1706                                 |
|   \\  /    A nd           | Web:      www.OpenFOAM.com                      |
|    \\/     M anipulation  |                                                 |
\*---------------------------------------------------------------------------*/
Build  : v1706
Arch   : "LSB;label=32;scalar=64"
Exec   : /publicfs01/fs1-m8/home/m8s000774/users/xiao_chen_xiang/611/dsmcFoamPar/v1706/dlb/platforms/linux64IccDPInt32Opt/bin/dsmcFoam+
Date   : Jun 19 2026
Time   : 04:27:00
Host   : "m4cl0501.para.bscc"
PID    : 56997
/*---------------------------------------------------------------------------*\
| =========                 |                                                 |
| \\      /  F ield         | OpenFOAM: The Open Source CFD Toolbox           |
|  \\    /   O peration     | Version:  v1706                                 |
|   \\  /    A nd           | Web:      www.OpenFOAM.com                      |
|    \\/     M anipulation  |                                                 |
\*---------------------------------------------------------------------------*/
Build  : v1706
Arch   : "LSB;label=32;scalar=64"
Exec   : /publicfs01/fs1-m8/home/m8s000774/users/xiao_chen_xiang/611/dsmcFoamPar/v1706/dlb/platforms/linux64IccDPInt32Opt/bin/dsmcFoam+
Date   : Jun 19 2026
Time   : 04:27:00
Host   : "m4cl0501.para.bscc"
PID    : 56999
/*---------------------------------------------------------------------------*\
| =========                 |                                                 |
| \\      /  F ield         | OpenFOAM: The Open Source CFD Toolbox           |
|  \\    /   O peration     | Version:  v1706                                 |
|   \\  /    A nd           | Web:      www.OpenFOAM.com                      |
|    \\/     M anipulation  |                                                 |
\*---------------------------------------------------------------------------*/
Build  : v1706
Arch   : "LSB;label=32;scalar=64"
Exec   : /publicfs01/fs1-m8/home/m8s000774/users/xiao_chen_xiang/611/dsmcFoamPar/v1706/dlb/platforms/linux64IccDPInt32Opt/bin/dsmcFoam+
Date   : Jun 19 2026
Time   : 04:27:00
Host   : "m4cl0501.para.bscc"
PID    : 57000
/*---------------------------------------------------------------------------*\
| =========                 |                                                 |
| \\      /  F ield         | OpenFOAM: The Open Source CFD Toolbox           |
|  \\    /   O peration     | Version:  v1706                                 |
|   \\  /    A nd           | Web:      www.OpenFOAM.com                      |
|    \\/     M anipulation  |                                                 |
\*---------------------------------------------------------------------------*/
Build  : v1706
Arch   : "LSB;label=32;scalar=64"
Exec   : /publicfs01/fs1-m8/home/m8s000774/users/xiao_chen_xiang/611/dsmcFoamPar/v1706/dlb/platforms/linux64IccDPInt32Opt/bin/dsmcFoam+
Date   : Jun 19 2026
Time   : 04:27:00
Host   : "m4cl0501.para.bscc"
PID    : 57004
/*---------------------------------------------------------------------------*\
| =========                 |                                                 |
| \\      /  F ield         | OpenFOAM: The Open Source CFD Toolbox           |
|  \\    /   O peration     | Version:  v1706                                 |
|   \\  /    A nd           | Web:      www.OpenFOAM.com                      |
|    \\/     M anipulation  |                                                 |
\*---------------------------------------------------------------------------*/
Build  : v1706
Arch   : "LSB;label=32;scalar=64"
Exec   : /publicfs01/fs1-m8/home/m8s000774/users/xiao_chen_xiang/611/dsmcFoamPar/v1706/dlb/platforms/linux64IccDPInt32Opt/bin/dsmcFoam+
Date   : Jun 19 2026
Time   : 04:27:00
Host   : "m4cl0501.para.bscc"
PID    : 57006
/*---------------------------------------------------------------------------*\
| =========                 |                                                 |
| \\      /  F ield         | OpenFOAM: The Open Source CFD Toolbox           |
|  \\    /   O peration     | Version:  v1706                                 |
|   \\  /    A nd           | Web:      www.OpenFOAM.com                      |
|    \\/     M anipulation  |                                                 |
\*---------------------------------------------------------------------------*/
Build  : v1706
Arch   : "LSB;label=32;scalar=64"
Exec   : /publicfs01/fs1-m8/home/m8s000774/users/xiao_chen_xiang/611/dsmcFoamPar/v1706/dlb/platforms/linux64IccDPInt32Opt/bin/dsmcFoam+
Date   : Jun 19 2026
Time   : 04:27:00
Host   : "m4cl0501.para.bscc"
PID    : 57009
/*---------------------------------------------------------------------------*\
| =========                 |                                                 |
| \\      /  F ield         | OpenFOAM: The Open Source CFD Toolbox           |
|  \\    /   O peration     | Version:  v1706                                 |
|   \\  /    A nd           | Web:      www.OpenFOAM.com                      |
|    \\/     M anipulation  |                                                 |
\*---------------------------------------------------------------------------*/
Build  : v1706
Arch   : "LSB;label=32;scalar=64"
Exec   : /publicfs01/fs1-m8/home/m8s000774/users/xiao_chen_xiang/611/dsmcFoamPar/v1706/dlb/platforms/linux64IccDPInt32Opt/bin/dsmcFoam+
Date   : Jun 19 2026
Time   : 04:27:00
Host   : "m4cl0501.para.bscc"
PID    : 57010
/*---------------------------------------------------------------------------*\
| =========                 |                                                 |
| \\      /  F ield         | OpenFOAM: The Open Source CFD Toolbox           |
|  \\    /   O peration     | Version:  v1706                                 |
|   \\  /    A nd           | Web:      www.OpenFOAM.com                      |
|    \\/     M anipulation  |                                                 |
\*---------------------------------------------------------------------------*/
Build  : v1706
Arch   : "LSB;label=32;scalar=64"
Exec   : /publicfs01/fs1-m8/home/m8s000774/users/xiao_chen_xiang/611/dsmcFoamPar/v1706/dlb/platforms/linux64IccDPInt32Opt/bin/dsmcFoam+
Date   : Jun 19 2026
Time   : 04:27:00
Host   : "m4cl0501.para.bscc"
PID    : 57013
/*---------------------------------------------------------------------------*\
| =========                 |                                                 |
| \\      /  F ield         | OpenFOAM: The Open Source CFD Toolbox           |
|  \\    /   O peration     | Version:  v1706                                 |
|   \\  /    A nd           | Web:      www.OpenFOAM.com                      |
|    \\/     M anipulation  |                                                 |
\*---------------------------------------------------------------------------*/
Build  : v1706
Arch   : "LSB;label=32;scalar=64"
Exec   : /publicfs01/fs1-m8/home/m8s000774/users/xiao_chen_xiang/611/dsmcFoamPar/v1706/dlb/platforms/linux64IccDPInt32Opt/bin/dsmcFoam+
Date   : Jun 19 2026
Time   : 04:27:00
Host   : "m4cl0501.para.bscc"
PID    : 57014
/*---------------------------------------------------------------------------*\
| =========                 |                                                 |
| \\      /  F ield         | OpenFOAM: The Open Source CFD Toolbox           |
|  \\    /   O peration     | Version:  v1706                                 |
|   \\  /    A nd           | Web:      www.OpenFOAM.com                      |
|    \\/     M anipulation  |                                                 |
\*---------------------------------------------------------------------------*/
Build  : v1706
Arch   : "LSB;label=32;scalar=64"
Exec   : /publicfs01/fs1-m8/home/m8s000774/users/xiao_chen_xiang/611/dsmcFoamPar/v1706/dlb/platforms/linux64IccDPInt32Opt/bin/dsmcFoam+
Date   : Jun 19 2026
Time   : 04:27:00
Host   : "m4cl0501.para.bscc"
PID    : 57016
/*---------------------------------------------------------------------------*\
| =========                 |                                                 |
| \\      /  F ield         | OpenFOAM: The Open Source CFD Toolbox           |
|  \\    /   O peration     | Version:  v1706                                 |
|   \\  /    A nd           | Web:      www.OpenFOAM.com                      |
|    \\/     M anipulation  |                                                 |
\*---------------------------------------------------------------------------*/
Build  : v1706
Arch   : "LSB;label=32;scalar=64"
Exec   : /publicfs01/fs1-m8/home/m8s000774/users/xiao_chen_xiang/611/dsmcFoamPar/v1706/dlb/platforms/linux64IccDPInt32Opt/bin/dsmcFoam+
Date   : Jun 19 2026
Time   : 04:27:00
Host   : "m4cl0501.para.bscc"
PID    : 57017
/*---------------------------------------------------------------------------*\
| =========                 |                                                 |
| \\      /  F ield         | OpenFOAM: The Open Source CFD Toolbox           |
|  \\    /   O peration     | Version:  v1706                                 |
|   \\  /    A nd           | Web:      www.OpenFOAM.com                      |
|    \\/     M anipulation  |                                                 |
\*---------------------------------------------------------------------------*/
Build  : v1706
Arch   : "LSB;label=32;scalar=64"
Exec   : /publicfs01/fs1-m8/home/m8s000774/users/xiao_chen_xiang/611/dsmcFoamPar/v1706/dlb/platforms/linux64IccDPInt32Opt/bin/dsmcFoam+
Date   : Jun 19 2026
Time   : 04:27:00
Host   : "m4cl0501.para.bscc"
PID    : 57019
/*---------------------------------------------------------------------------*\
| =========                 |                                                 |
| \\      /  F ield         | OpenFOAM: The Open Source CFD Toolbox           |
|  \\    /   O peration     | Version:  v1706                                 |
|   \\  /    A nd           | Web:      www.OpenFOAM.com                      |
|    \\/     M anipulation  |                                                 |
\*---------------------------------------------------------------------------*/
Build  : v1706
Arch   : "LSB;label=32;scalar=64"
Exec   : /publicfs01/fs1-m8/home/m8s000774/users/xiao_chen_xiang/611/dsmcFoamPar/v1706/dlb/platforms/linux64IccDPInt32Opt/bin/dsmcFoam+
Date   : Jun 19 2026
Time   : 04:27:00
Host   : "m4cl0501.para.bscc"
PID    : 56952
/*---------------------------------------------------------------------------*\
| =========                 |                                                 |
| \\      /  F ield         | OpenFOAM: The Open Source CFD Toolbox           |
|  \\    /   O peration     | Version:  v1706                                 |
|   \\  /    A nd           | Web:      www.OpenFOAM.com                      |
|    \\/     M anipulation  |                                                 |
\*---------------------------------------------------------------------------*/
Build  : v1706
Arch   : "LSB;label=32;scalar=64"
Exec   : /publicfs01/fs1-m8/home/m8s000774/users/xiao_chen_xiang/611/dsmcFoamPar/v1706/dlb/platforms/linux64IccDPInt32Opt/bin/dsmcFoam+
Date   : Jun 19 2026
Time   : 04:27:00
Host   : "m4cl0501.para.bscc"
PID    : 56953
/*---------------------------------------------------------------------------*\
| =========                 |                                                 |
| \\      /  F ield         | OpenFOAM: The Open Source CFD Toolbox           |
|  \\    /   O peration     | Version:  v1706                                 |
|   \\  /    A nd           | Web:      www.OpenFOAM.com                      |
|    \\/     M anipulation  |                                                 |
\*---------------------------------------------------------------------------*/
Build  : v1706
Arch   : "LSB;label=32;scalar=64"
Exec   : /publicfs01/fs1-m8/home/m8s000774/users/xiao_chen_xiang/611/dsmcFoamPar/v1706/dlb/platforms/linux64IccDPInt32Opt/bin/dsmcFoam+
Date   : Jun 19 2026
Time   : 04:27:00
Host   : "m4cl0501.para.bscc"
PID    : 56954
/*---------------------------------------------------------------------------*\
| =========                 |                                                 |
| \\      /  F ield         | OpenFOAM: The Open Source CFD Toolbox           |
|  \\    /   O peration     | Version:  v1706                                 |
|   \\  /    A nd           | Web:      www.OpenFOAM.com                      |
|    \\/     M anipulation  |                                                 |
\*---------------------------------------------------------------------------*/
Build  : v1706
Arch   : "LSB;label=32;scalar=64"
Exec   : /publicfs01/fs1-m8/home/m8s000774/users/xiao_chen_xiang/611/dsmcFoamPar/v1706/dlb/platforms/linux64IccDPInt32Opt/bin/dsmcFoam+
Date   : Jun 19 2026
Time   : 04:27:00
Host   : "m4cl0501.para.bscc"
PID    : 56955
/*---------------------------------------------------------------------------*\
| =========                 |                                                 |
| \\      /  F ield         | OpenFOAM: The Open Source CFD Toolbox           |
|  \\    /   O peration     | Version:  v1706                                 |
|   \\  /    A nd           | Web:      www.OpenFOAM.com                      |
|    \\/     M anipulation  |                                                 |
\*---------------------------------------------------------------------------*/
Build  : v1706
Arch   : "LSB;label=32;scalar=64"
Exec   : /publicfs01/fs1-m8/home/m8s000774/users/xiao_chen_xiang/611/dsmcFoamPar/v1706/dlb/platforms/linux64IccDPInt32Opt/bin/dsmcFoam+
Date   : Jun 19 2026
Time   : 04:27:00
Host   : "m4cl0501.para.bscc"
PID    : 56956
/*---------------------------------------------------------------------------*\
| =========                 |                                                 |
| \\      /  F ield         | OpenFOAM: The Open Source CFD Toolbox           |
|  \\    /   O peration     | Version:  v1706                                 |
|   \\  /    A nd           | Web:      www.OpenFOAM.com                      |
|    \\/     M anipulation  |                                                 |
\*---------------------------------------------------------------------------*/
Build  : v1706
Arch   : "LSB;label=32;scalar=64"
Exec   : /publicfs01/fs1-m8/home/m8s000774/users/xiao_chen_xiang/611/dsmcFoamPar/v1706/dlb/platforms/linux64IccDPInt32Opt/bin/dsmcFoam+
Date   : Jun 19 2026
Time   : 04:27:00
Host   : "m4cl0501.para.bscc"
PID    : 56957
/*---------------------------------------------------------------------------*\
| =========                 |                                                 |
| \\      /  F ield         | OpenFOAM: The Open Source CFD Toolbox           |
|  \\    /   O peration     | Version:  v1706                                 |
|   \\  /    A nd           | Web:      www.OpenFOAM.com                      |
|    \\/     M anipulation  |                                                 |
\*---------------------------------------------------------------------------*/
Build  : v1706
Arch   : "LSB;label=32;scalar=64"
Exec   : /publicfs01/fs1-m8/home/m8s000774/users/xiao_chen_xiang/611/dsmcFoamPar/v1706/dlb/platforms/linux64IccDPInt32Opt/bin/dsmcFoam+
Date   : Jun 19 2026
Time   : 04:27:00
Host   : "m4cl0501.para.bscc"
PID    : 56958
/*---------------------------------------------------------------------------*\
| =========                 |                                                 |
| \\      /  F ield         | OpenFOAM: The Open Source CFD Toolbox           |
|  \\    /   O peration     | Version:  v1706                                 |
|   \\  /    A nd           | Web:      www.OpenFOAM.com                      |
|    \\/     M anipulation  |                                                 |
\*---------------------------------------------------------------------------*/
Build  : v1706
Arch   : "LSB;label=32;scalar=64"
Exec   : /publicfs01/fs1-m8/home/m8s000774/users/xiao_chen_xiang/611/dsmcFoamPar/v1706/dlb/platforms/linux64IccDPInt32Opt/bin/dsmcFoam+
Date   : Jun 19 2026
Time   : 04:27:00
Host   : "m4cl0501.para.bscc"
PID    : 56961
/*---------------------------------------------------------------------------*\
| =========                 |                                                 |
| \\      /  F ield         | OpenFOAM: The Open Source CFD Toolbox           |
|  \\    /   O peration     | Version:  v1706                                 |
|   \\  /    A nd           | Web:      www.OpenFOAM.com                      |
|    \\/     M anipulation  |                                                 |
\*---------------------------------------------------------------------------*/
Build  : v1706
Arch   : "LSB;label=32;scalar=64"
Exec   : /publicfs01/fs1-m8/home/m8s000774/users/xiao_chen_xiang/611/dsmcFoamPar/v1706/dlb/platforms/linux64IccDPInt32Opt/bin/dsmcFoam+
Date   : Jun 19 2026
Time   : 04:27:00
Host   : "m4cl0501.para.bscc"
PID    : 56962
/*---------------------------------------------------------------------------*\
| =========                 |                                                 |
| \\      /  F ield         | OpenFOAM: The Open Source CFD Toolbox           |
|  \\    /   O peration     | Version:  v1706                                 |
|   \\  /    A nd           | Web:      www.OpenFOAM.com                      |
|    \\/     M anipulation  |                                                 |
\*---------------------------------------------------------------------------*/
Build  : v1706
Arch   : "LSB;label=32;scalar=64"
Exec   : /publicfs01/fs1-m8/home/m8s000774/users/xiao_chen_xiang/611/dsmcFoamPar/v1706/dlb/platforms/linux64IccDPInt32Opt/bin/dsmcFoam+
Date   : Jun 19 2026
Time   : 04:27:00
Host   : "m4cl0501.para.bscc"
PID    : 56963
/*---------------------------------------------------------------------------*\
| =========                 |                                                 |
| \\      /  F ield         | OpenFOAM: The Open Source CFD Toolbox           |
|  \\    /   O peration     | Version:  v1706                                 |
|   \\  /    A nd           | Web:      www.OpenFOAM.com                      |
|    \\/     M anipulation  |                                                 |
\*---------------------------------------------------------------------------*/
Build  : v1706
Arch   : "LSB;label=32;scalar=64"
Exec   : /publicfs01/fs1-m8/home/m8s000774/users/xiao_chen_xiang/611/dsmcFoamPar/v1706/dlb/platforms/linux64IccDPInt32Opt/bin/dsmcFoam+
Date   : Jun 19 2026
Time   : 04:27:00
Host   : "m4cl0501.para.bscc"
PID    : 56965
/*---------------------------------------------------------------------------*\
| =========                 |                                                 |
| \\      /  F ield         | OpenFOAM: The Open Source CFD Toolbox           |
|  \\    /   O peration     | Version:  v1706                                 |
|   \\  /    A nd           | Web:      www.OpenFOAM.com                      |
|    \\/     M anipulation  |                                                 |
\*---------------------------------------------------------------------------*/
Build  : v1706
Arch   : "LSB;label=32;scalar=64"
Exec   : /publicfs01/fs1-m8/home/m8s000774/users/xiao_chen_xiang/611/dsmcFoamPar/v1706/dlb/platforms/linux64IccDPInt32Opt/bin/dsmcFoam+
Date   : Jun 19 2026
Time   : 04:27:00
Host   : "m4cl0501.para.bscc"
PID    : 56966
/*---------------------------------------------------------------------------*\
| =========                 |                                                 |
| \\      /  F ield         | OpenFOAM: The Open Source CFD Toolbox           |
|  \\    /   O peration     | Version:  v1706                                 |
|   \\  /    A nd           | Web:      www.OpenFOAM.com                      |
|    \\/     M anipulation  |                                                 |
\*---------------------------------------------------------------------------*/
Build  : v1706
Arch   : "LSB;label=32;scalar=64"
Exec   : /publicfs01/fs1-m8/home/m8s000774/users/xiao_chen_xiang/611/dsmcFoamPar/v1706/dlb/platforms/linux64IccDPInt32Opt/bin/dsmcFoam+
Date   : Jun 19 2026
Time   : 04:27:00
Host   : "m4cl0501.para.bscc"
PID    : 56967
/*---------------------------------------------------------------------------*\
| =========                 |                                                 |
| \\      /  F ield         | OpenFOAM: The Open Source CFD Toolbox           |
|  \\    /   O peration     | Version:  v1706                                 |
|   \\  /    A nd           | Web:      www.OpenFOAM.com                      |
|    \\/     M anipulation  |                                                 |
\*---------------------------------------------------------------------------*/
Build  : v1706
Arch   : "LSB;label=32;scalar=64"
Exec   : /publicfs01/fs1-m8/home/m8s000774/users/xiao_chen_xiang/611/dsmcFoamPar/v1706/dlb/platforms/linux64IccDPInt32Opt/bin/dsmcFoam+
Date   : Jun 19 2026
Time   : 04:27:00
Host   : "m4cl0501.para.bscc"
PID    : 56968
/*---------------------------------------------------------------------------*\
| =========                 |                                                 |
| \\      /  F ield         | OpenFOAM: The Open Source CFD Toolbox           |
|  \\    /   O peration     | Version:  v1706                                 |
|   \\  /    A nd           | Web:      www.OpenFOAM.com                      |
|    \\/     M anipulation  |                                                 |
\*---------------------------------------------------------------------------*/
Build  : v1706
Arch   : "LSB;label=32;scalar=64"
Exec   : /publicfs01/fs1-m8/home/m8s000774/users/xiao_chen_xiang/611/dsmcFoamPar/v1706/dlb/platforms/linux64IccDPInt32Opt/bin/dsmcFoam+
Date   : Jun 19 2026
Time   : 04:27:00
Host   : "m4cl0501.para.bscc"
PID    : 56969
/*---------------------------------------------------------------------------*\
| =========                 |                                                 |
| \\      /  F ield         | OpenFOAM: The Open Source CFD Toolbox           |
|  \\    /   O peration     | Version:  v1706                                 |
|   \\  /    A nd           | Web:      www.OpenFOAM.com                      |
|    \\/     M anipulation  |                                                 |
\*---------------------------------------------------------------------------*/
Build  : v1706
Arch   : "LSB;label=32;scalar=64"
Exec   : /publicfs01/fs1-m8/home/m8s000774/users/xiao_chen_xiang/611/dsmcFoamPar/v1706/dlb/platforms/linux64IccDPInt32Opt/bin/dsmcFoam+
Date   : Jun 19 2026
Time   : 04:27:00
Host   : "m4cl0501.para.bscc"
PID    : 56970
/*---------------------------------------------------------------------------*\
| =========                 |                                                 |
| \\      /  F ield         | OpenFOAM: The Open Source CFD Toolbox           |
|  \\    /   O peration     | Version:  v1706                                 |
|   \\  /    A nd           | Web:      www.OpenFOAM.com                      |
|    \\/     M anipulation  |                                                 |
\*---------------------------------------------------------------------------*/
Build  : v1706
Arch   : "LSB;label=32;scalar=64"
Exec   : /publicfs01/fs1-m8/home/m8s000774/users/xiao_chen_xiang/611/dsmcFoamPar/v1706/dlb/platforms/linux64IccDPInt32Opt/bin/dsmcFoam+
Date   : Jun 19 2026
Time   : 04:27:00
Host   : "m4cl0501.para.bscc"
PID    : 56971
/*---------------------------------------------------------------------------*\
| =========                 |                                                 |
| \\      /  F ield         | OpenFOAM: The Open Source CFD Toolbox           |
|  \\    /   O peration     | Version:  v1706                                 |
|   \\  /    A nd           | Web:      www.OpenFOAM.com                      |
|    \\/     M anipulation  |                                                 |
\*---------------------------------------------------------------------------*/
Build  : v1706
Arch   : "LSB;label=32;scalar=64"
Exec   : /publicfs01/fs1-m8/home/m8s000774/users/xiao_chen_xiang/611/dsmcFoamPar/v1706/dlb/platforms/linux64IccDPInt32Opt/bin/dsmcFoam+
Date   : Jun 19 2026
Time   : 04:27:00
Host   : "m4cl0501.para.bscc"
PID    : 56972
/*---------------------------------------------------------------------------*\
| =========                 |                                                 |
| \\      /  F ield         | OpenFOAM: The Open Source CFD Toolbox           |
|  \\    /   O peration     | Version:  v1706                                 |
|   \\  /    A nd           | Web:      www.OpenFOAM.com                      |
|    \\/     M anipulation  |                                                 |
\*---------------------------------------------------------------------------*/
Build  : v1706
Arch   : "LSB;label=32;scalar=64"
Exec   : /publicfs01/fs1-m8/home/m8s000774/users/xiao_chen_xiang/611/dsmcFoamPar/v1706/dlb/platforms/linux64IccDPInt32Opt/bin/dsmcFoam+
Date   : Jun 19 2026
Time   : 04:27:00
Host   : "m4cl0501.para.bscc"
PID    : 56973
/*---------------------------------------------------------------------------*\
| =========                 |                                                 |
| \\      /  F ield         | OpenFOAM: The Open Source CFD Toolbox           |
|  \\    /   O peration     | Version:  v1706                                 |
|   \\  /    A nd           | Web:      www.OpenFOAM.com                      |
|    \\/     M anipulation  |                                                 |
\*---------------------------------------------------------------------------*/
Build  : v1706
Arch   : "LSB;label=32;scalar=64"
Exec   : /publicfs01/fs1-m8/home/m8s000774/users/xiao_chen_xiang/611/dsmcFoamPar/v1706/dlb/platforms/linux64IccDPInt32Opt/bin/dsmcFoam+
Date   : Jun 19 2026
Time   : 04:27:00
Host   : "m4cl0501.para.bscc"
PID    : 56974
/*---------------------------------------------------------------------------*\
| =========                 |                                                 |
| \\      /  F ield         | OpenFOAM: The Open Source CFD Toolbox           |
|  \\    /   O peration     | Version:  v1706                                 |
|   \\  /    A nd           | Web:      www.OpenFOAM.com                      |
|    \\/     M anipulation  |                                                 |
\*---------------------------------------------------------------------------*/
Build  : v1706
Arch   : "LSB;label=32;scalar=64"
Exec   : /publicfs01/fs1-m8/home/m8s000774/users/xiao_chen_xiang/611/dsmcFoamPar/v1706/dlb/platforms/linux64IccDPInt32Opt/bin/dsmcFoam+
Date   : Jun 19 2026
Time   : 04:27:00
Host   : "m4cl0501.para.bscc"
PID    : 56975
/*---------------------------------------------------------------------------*\
| =========                 |                                                 |
| \\      /  F ield         | OpenFOAM: The Open Source CFD Toolbox           |
|  \\    /   O peration     | Version:  v1706                                 |
|   \\  /    A nd           | Web:      www.OpenFOAM.com                      |
|    \\/     M anipulation  |                                                 |
\*---------------------------------------------------------------------------*/
Build  : v1706
Arch   : "LSB;label=32;scalar=64"
Exec   : /publicfs01/fs1-m8/home/m8s000774/users/xiao_chen_xiang/611/dsmcFoamPar/v1706/dlb/platforms/linux64IccDPInt32Opt/bin/dsmcFoam+
Date   : Jun 19 2026
Time   : 04:27:00
Host   : "m4cl0501.para.bscc"
PID    : 56976
/*---------------------------------------------------------------------------*\
| =========                 |                                                 |
| \\      /  F ield         | OpenFOAM: The Open Source CFD Toolbox           |
|  \\    /   O peration     | Version:  v1706                                 |
|   \\  /    A nd           | Web:      www.OpenFOAM.com                      |
|    \\/     M anipulation  |                                                 |
\*---------------------------------------------------------------------------*/
Build  : v1706
Arch   : "LSB;label=32;scalar=64"
Exec   : /publicfs01/fs1-m8/home/m8s000774/users/xiao_chen_xiang/611/dsmcFoamPar/v1706/dlb/platforms/linux64IccDPInt32Opt/bin/dsmcFoam+
Date   : Jun 19 2026
Time   : 04:27:00
Host   : "m4cl0501.para.bscc"
PID    : 56977
/*---------------------------------------------------------------------------*\
| =========                 |                                                 |
| \\      /  F ield         | OpenFOAM: The Open Source CFD Toolbox           |
|  \\    /   O peration     | Version:  v1706                                 |
|   \\  /    A nd           | Web:      www.OpenFOAM.com                      |
|    \\/     M anipulation  |                                                 |
\*---------------------------------------------------------------------------*/
Build  : v1706
Arch   : "LSB;label=32;scalar=64"
Exec   : /publicfs01/fs1-m8/home/m8s000774/users/xiao_chen_xiang/611/dsmcFoamPar/v1706/dlb/platforms/linux64IccDPInt32Opt/bin/dsmcFoam+
Date   : Jun 19 2026
Time   : 04:27:00
Host   : "m4cl0501.para.bscc"
PID    : 56978
/*---------------------------------------------------------------------------*\
| =========                 |                                                 |
| \\      /  F ield         | OpenFOAM: The Open Source CFD Toolbox           |
|  \\    /   O peration     | Version:  v1706                                 |
|   \\  /    A nd           | Web:      www.OpenFOAM.com                      |
|    \\/     M anipulation  |                                                 |
\*---------------------------------------------------------------------------*/
Build  : v1706
Arch   : "LSB;label=32;scalar=64"
Exec   : /publicfs01/fs1-m8/home/m8s000774/users/xiao_chen_xiang/611/dsmcFoamPar/v1706/dlb/platforms/linux64IccDPInt32Opt/bin/dsmcFoam+
Date   : Jun 19 2026
Time   : 04:27:00
Host   : "m4cl0501.para.bscc"
PID    : 56979
/*---------------------------------------------------------------------------*\
| =========                 |                                                 |
| \\      /  F ield         | OpenFOAM: The Open Source CFD Toolbox           |
|  \\    /   O peration     | Version:  v1706                                 |
|   \\  /    A nd           | Web:      www.OpenFOAM.com                      |
|    \\/     M anipulation  |                                                 |
\*---------------------------------------------------------------------------*/
Build  : v1706
Arch   : "LSB;label=32;scalar=64"
Exec   : /publicfs01/fs1-m8/home/m8s000774/users/xiao_chen_xiang/611/dsmcFoamPar/v1706/dlb/platforms/linux64IccDPInt32Opt/bin/dsmcFoam+
Date   : Jun 19 2026
Time   : 04:27:00
Host   : "m4cl0501.para.bscc"
PID    : 56980
/*---------------------------------------------------------------------------*\
| =========                 |                                                 |
| \\      /  F ield         | OpenFOAM: The Open Source CFD Toolbox           |
|  \\    /   O peration     | Version:  v1706                                 |
|   \\  /    A nd           | Web:      www.OpenFOAM.com                      |
|    \\/     M anipulation  |                                                 |
\*---------------------------------------------------------------------------*/
Build  : v1706
Arch   : "LSB;label=32;scalar=64"
Exec   : /publicfs01/fs1-m8/home/m8s000774/users/xiao_chen_xiang/611/dsmcFoamPar/v1706/dlb/platforms/linux64IccDPInt32Opt/bin/dsmcFoam+
Date   : Jun 19 2026
Time   : 04:27:00
Host   : "m4cl0501.para.bscc"
PID    : 56981
/*---------------------------------------------------------------------------*\
| =========                 |                                                 |
| \\      /  F ield         | OpenFOAM: The Open Source CFD Toolbox           |
|  \\    /   O peration     | Version:  v1706                                 |
|   \\  /    A nd           | Web:      www.OpenFOAM.com                      |
|    \\/     M anipulation  |                                                 |
\*---------------------------------------------------------------------------*/
Build  : v1706
Arch   : "LSB;label=32;scalar=64"
Exec   : /publicfs01/fs1-m8/home/m8s000774/users/xiao_chen_xiang/611/dsmcFoamPar/v1706/dlb/platforms/linux64IccDPInt32Opt/bin/dsmcFoam+
Date   : Jun 19 2026
Time   : 04:27:00
Host   : "m4cl0501.para.bscc"
PID    : 56982
/*---------------------------------------------------------------------------*\
| =========                 |                                                 |
| \\      /  F ield         | OpenFOAM: The Open Source CFD Toolbox           |
|  \\    /   O peration     | Version:  v1706                                 |
|   \\  /    A nd           | Web:      www.OpenFOAM.com                      |
|    \\/     M anipulation  |                                                 |
\*---------------------------------------------------------------------------*/
Build  : v1706
Arch   : "LSB;label=32;scalar=64"
Exec   : /publicfs01/fs1-m8/home/m8s000774/users/xiao_chen_xiang/611/dsmcFoamPar/v1706/dlb/platforms/linux64IccDPInt32Opt/bin/dsmcFoam+
Date   : Jun 19 2026
Time   : 04:27:00
Host   : "m4cl0501.para.bscc"
PID    : 56983
/*---------------------------------------------------------------------------*\
| =========                 |                                                 |
| \\      /  F ield         | OpenFOAM: The Open Source CFD Toolbox           |
|  \\    /   O peration     | Version:  v1706                                 |
|   \\  /    A nd           | Web:      www.OpenFOAM.com                      |
|    \\/     M anipulation  |                                                 |
\*---------------------------------------------------------------------------*/
Build  : v1706
Arch   : "LSB;label=32;scalar=64"
Exec   : /publicfs01/fs1-m8/home/m8s000774/users/xiao_chen_xiang/611/dsmcFoamPar/v1706/dlb/platforms/linux64IccDPInt32Opt/bin/dsmcFoam+
Date   : Jun 19 2026
Time   : 04:27:00
Host   : "m4cl0501.para.bscc"
PID    : 56984
/*---------------------------------------------------------------------------*\
| =========                 |                                                 |
| \\      /  F ield         | OpenFOAM: The Open Source CFD Toolbox           |
|  \\    /   O peration     | Version:  v1706                                 |
|   \\  /    A nd           | Web:      www.OpenFOAM.com                      |
|    \\/     M anipulation  |                                                 |
\*---------------------------------------------------------------------------*/
Build  : v1706
Arch   : "LSB;label=32;scalar=64"
Exec   : /publicfs01/fs1-m8/home/m8s000774/users/xiao_chen_xiang/611/dsmcFoamPar/v1706/dlb/platforms/linux64IccDPInt32Opt/bin/dsmcFoam+
Date   : Jun 19 2026
Time   : 04:27:00
Host   : "m4cl0501.para.bscc"
PID    : 56985
/*---------------------------------------------------------------------------*\
| =========                 |                                                 |
| \\      /  F ield         | OpenFOAM: The Open Source CFD Toolbox           |
|  \\    /   O peration     | Version:  v1706                                 |
|   \\  /    A nd           | Web:      www.OpenFOAM.com                      |
|    \\/     M anipulation  |                                                 |
\*---------------------------------------------------------------------------*/
Build  : v1706
Arch   : "LSB;label=32;scalar=64"
Exec   : /publicfs01/fs1-m8/home/m8s000774/users/xiao_chen_xiang/611/dsmcFoamPar/v1706/dlb/platforms/linux64IccDPInt32Opt/bin/dsmcFoam+
Date   : Jun 19 2026
Time   : 04:27:00
Host   : "m4cl0501.para.bscc"
PID    : 56986
/*---------------------------------------------------------------------------*\
| =========                 |                                                 |
| \\      /  F ield         | OpenFOAM: The Open Source CFD Toolbox           |
|  \\    /   O peration     | Version:  v1706                                 |
|   \\  /    A nd           | Web:      www.OpenFOAM.com                      |
|    \\/     M anipulation  |                                                 |
\*---------------------------------------------------------------------------*/
Build  : v1706
Arch   : "LSB;label=32;scalar=64"
Exec   : /publicfs01/fs1-m8/home/m8s000774/users/xiao_chen_xiang/611/dsmcFoamPar/v1706/dlb/platforms/linux64IccDPInt32Opt/bin/dsmcFoam+
Date   : Jun 19 2026
Time   : 04:27:00
Host   : "m4cl0501.para.bscc"
PID    : 56989
/*---------------------------------------------------------------------------*\
| =========                 |                                                 |
| \\      /  F ield         | OpenFOAM: The Open Source CFD Toolbox           |
|  \\    /   O peration     | Version:  v1706                                 |
|   \\  /    A nd           | Web:      www.OpenFOAM.com                      |
|    \\/     M anipulation  |                                                 |
\*---------------------------------------------------------------------------*/
Build  : v1706
Arch   : "LSB;label=32;scalar=64"
Exec   : /publicfs01/fs1-m8/home/m8s000774/users/xiao_chen_xiang/611/dsmcFoamPar/v1706/dlb/platforms/linux64IccDPInt32Opt/bin/dsmcFoam+
Date   : Jun 19 2026
Time   : 04:27:00
Host   : "m4cl0501.para.bscc"
PID    : 56990
/*---------------------------------------------------------------------------*\
| =========                 |                                                 |
| \\      /  F ield         | OpenFOAM: The Open Source CFD Toolbox           |
|  \\    /   O peration     | Version:  v1706                                 |
|   \\  /    A nd           | Web:      www.OpenFOAM.com                      |
|    \\/     M anipulation  |                                                 |
\*---------------------------------------------------------------------------*/
Build  : v1706
Arch   : "LSB;label=32;scalar=64"
Exec   : /publicfs01/fs1-m8/home/m8s000774/users/xiao_chen_xiang/611/dsmcFoamPar/v1706/dlb/platforms/linux64IccDPInt32Opt/bin/dsmcFoam+
Date   : Jun 19 2026
Time   : 04:27:00
Host   : "m4cl0501.para.bscc"
PID    : 56992
/*---------------------------------------------------------------------------*\
| =========                 |                                                 |
| \\      /  F ield         | OpenFOAM: The Open Source CFD Toolbox           |
|  \\    /   O peration     | Version:  v1706                                 |
|   \\  /    A nd           | Web:      www.OpenFOAM.com                      |
|    \\/     M anipulation  |                                                 |
\*---------------------------------------------------------------------------*/
Build  : v1706
Arch   : "LSB;label=32;scalar=64"
Exec   : /publicfs01/fs1-m8/home/m8s000774/users/xiao_chen_xiang/611/dsmcFoamPar/v1706/dlb/platforms/linux64IccDPInt32Opt/bin/dsmcFoam+
Date   : Jun 19 2026
Time   : 04:27:00
Host   : "m4cl0501.para.bscc"
PID    : 56993
/*---------------------------------------------------------------------------*\
| =========                 |                                                 |
| \\      /  F ield         | OpenFOAM: The Open Source CFD Toolbox           |
|  \\    /   O peration     | Version:  v1706                                 |
|   \\  /    A nd           | Web:      www.OpenFOAM.com                      |
|    \\/     M anipulation  |                                                 |
\*---------------------------------------------------------------------------*/
Build  : v1706
Arch   : "LSB;label=32;scalar=64"
Exec   : /publicfs01/fs1-m8/home/m8s000774/users/xiao_chen_xiang/611/dsmcFoamPar/v1706/dlb/platforms/linux64IccDPInt32Opt/bin/dsmcFoam+
Date   : Jun 19 2026
Time   : 04:27:00
Host   : "m4cl0501.para.bscc"
PID    : 56994
/*---------------------------------------------------------------------------*\
| =========                 |                                                 |
| \\      /  F ield         | OpenFOAM: The Open Source CFD Toolbox           |
|  \\    /   O peration     | Version:  v1706                                 |
|   \\  /    A nd           | Web:      www.OpenFOAM.com                      |
|    \\/     M anipulation  |                                                 |
\*---------------------------------------------------------------------------*/
Build  : v1706
Arch   : "LSB;label=32;scalar=64"
Exec   : /publicfs01/fs1-m8/home/m8s000774/users/xiao_chen_xiang/611/dsmcFoamPar/v1706/dlb/platforms/linux64IccDPInt32Opt/bin/dsmcFoam+
Date   : Jun 19 2026
Time   : 04:27:00
Host   : "m4cl0501.para.bscc"
PID    : 56996
/*---------------------------------------------------------------------------*\
| =========                 |                                                 |
| \\      /  F ield         | OpenFOAM: The Open Source CFD Toolbox           |
|  \\    /   O peration     | Version:  v1706                                 |
|   \\  /    A nd           | Web:      www.OpenFOAM.com                      |
|    \\/     M anipulation  |                                                 |
\*---------------------------------------------------------------------------*/
Build  : v1706
Arch   : "LSB;label=32;scalar=64"
Exec   : /publicfs01/fs1-m8/home/m8s000774/users/xiao_chen_xiang/611/dsmcFoamPar/v1706/dlb/platforms/linux64IccDPInt32Opt/bin/dsmcFoam+
Date   : Jun 19 2026
Time   : 04:27:00
Host   : "m4cl0501.para.bscc"
PID    : 56998
/*---------------------------------------------------------------------------*\
| =========                 |                                                 |
| \\      /  F ield         | OpenFOAM: The Open Source CFD Toolbox           |
|  \\    /   O peration     | Version:  v1706                                 |
|   \\  /    A nd           | Web:      www.OpenFOAM.com                      |
|    \\/     M anipulation  |                                                 |
\*---------------------------------------------------------------------------*/
Build  : v1706
Arch   : "LSB;label=32;scalar=64"
Exec   : /publicfs01/fs1-m8/home/m8s000774/users/xiao_chen_xiang/611/dsmcFoamPar/v1706/dlb/platforms/linux64IccDPInt32Opt/bin/dsmcFoam+
Date   : Jun 19 2026
Time   : 04:27:00
Host   : "m4cl0501.para.bscc"
PID    : 57001
/*---------------------------------------------------------------------------*\
| =========                 |                                                 |
| \\      /  F ield         | OpenFOAM: The Open Source CFD Toolbox           |
|  \\    /   O peration     | Version:  v1706                                 |
|   \\  /    A nd           | Web:      www.OpenFOAM.com                      |
|    \\/     M anipulation  |                                                 |
\*---------------------------------------------------------------------------*/
Build  : v1706
Arch   : "LSB;label=32;scalar=64"
Exec   : /publicfs01/fs1-m8/home/m8s000774/users/xiao_chen_xiang/611/dsmcFoamPar/v1706/dlb/platforms/linux64IccDPInt32Opt/bin/dsmcFoam+
Date   : Jun 19 2026
Time   : 04:27:00
Host   : "m4cl0501.para.bscc"
PID    : 57002
/*---------------------------------------------------------------------------*\
| =========                 |                                                 |
| \\      /  F ield         | OpenFOAM: The Open Source CFD Toolbox           |
|  \\    /   O peration     | Version:  v1706                                 |
|   \\  /    A nd           | Web:      www.OpenFOAM.com                      |
|    \\/     M anipulation  |                                                 |
\*---------------------------------------------------------------------------*/
Build  : v1706
Arch   : "LSB;label=32;scalar=64"
Exec   : /publicfs01/fs1-m8/home/m8s000774/users/xiao_chen_xiang/611/dsmcFoamPar/v1706/dlb/platforms/linux64IccDPInt32Opt/bin/dsmcFoam+
Date   : Jun 19 2026
Time   : 04:27:00
Host   : "m4cl0501.para.bscc"
PID    : 57003
/*---------------------------------------------------------------------------*\
| =========                 |                                                 |
| \\      /  F ield         | OpenFOAM: The Open Source CFD Toolbox           |
|  \\    /   O peration     | Version:  v1706                                 |
|   \\  /    A nd           | Web:      www.OpenFOAM.com                      |
|    \\/     M anipulation  |                                                 |
\*---------------------------------------------------------------------------*/
Build  : v1706
Arch   : "LSB;label=32;scalar=64"
Exec   : /publicfs01/fs1-m8/home/m8s000774/users/xiao_chen_xiang/611/dsmcFoamPar/v1706/dlb/platforms/linux64IccDPInt32Opt/bin/dsmcFoam+
Date   : Jun 19 2026
Time   : 04:27:00
Host   : "m4cl0501.para.bscc"
PID    : 57005
/*---------------------------------------------------------------------------*\
| =========                 |                                                 |
| \\      /  F ield         | OpenFOAM: The Open Source CFD Toolbox           |
|  \\    /   O peration     | Version:  v1706                                 |
|   \\  /    A nd           | Web:      www.OpenFOAM.com                      |
|    \\/     M anipulation  |                                                 |
\*---------------------------------------------------------------------------*/
Build  : v1706
Arch   : "LSB;label=32;scalar=64"
Exec   : /publicfs01/fs1-m8/home/m8s000774/users/xiao_chen_xiang/611/dsmcFoamPar/v1706/dlb/platforms/linux64IccDPInt32Opt/bin/dsmcFoam+
Date   : Jun 19 2026
Time   : 04:27:00
Host   : "m4cl0501.para.bscc"
PID    : 57007
/*---------------------------------------------------------------------------*\
| =========                 |                                                 |
| \\      /  F ield         | OpenFOAM: The Open Source CFD Toolbox           |
|  \\    /   O peration     | Version:  v1706                                 |
|   \\  /    A nd           | Web:      www.OpenFOAM.com                      |
|    \\/     M anipulation  |                                                 |
\*---------------------------------------------------------------------------*/
Build  : v1706
Arch   : "LSB;label=32;scalar=64"
Exec   : /publicfs01/fs1-m8/home/m8s000774/users/xiao_chen_xiang/611/dsmcFoamPar/v1706/dlb/platforms/linux64IccDPInt32Opt/bin/dsmcFoam+
Date   : Jun 19 2026
Time   : 04:27:00
Host   : "m4cl0501.para.bscc"
PID    : 57008
/*---------------------------------------------------------------------------*\
| =========                 |                                                 |
| \\      /  F ield         | OpenFOAM: The Open Source CFD Toolbox           |
|  \\    /   O peration     | Version:  v1706                                 |
|   \\  /    A nd           | Web:      www.OpenFOAM.com                      |
|    \\/     M anipulation  |                                                 |
\*---------------------------------------------------------------------------*/
Build  : v1706
Arch   : "LSB;label=32;scalar=64"
Exec   : /publicfs01/fs1-m8/home/m8s000774/users/xiao_chen_xiang/611/dsmcFoamPar/v1706/dlb/platforms/linux64IccDPInt32Opt/bin/dsmcFoam+
Date   : Jun 19 2026
Time   : 04:27:00
Host   : "m4cl0501.para.bscc"
PID    : 57011
/*---------------------------------------------------------------------------*\
| =========                 |                                                 |
| \\      /  F ield         | OpenFOAM: The Open Source CFD Toolbox           |
|  \\    /   O peration     | Version:  v1706                                 |
|   \\  /    A nd           | Web:      www.OpenFOAM.com                      |
|    \\/     M anipulation  |                                                 |
\*---------------------------------------------------------------------------*/
Build  : v1706
Arch   : "LSB;label=32;scalar=64"
Exec   : /publicfs01/fs1-m8/home/m8s000774/users/xiao_chen_xiang/611/dsmcFoamPar/v1706/dlb/platforms/linux64IccDPInt32Opt/bin/dsmcFoam+
Date   : Jun 19 2026
Time   : 04:27:00
Host   : "m4cl0501.para.bscc"
PID    : 57012
Case   : /publicfs01/fs1-m8/home/m8s000774/users/xiao_chen_xiang/611/dsmcFoamPar/v1706/dlb/case/pal-phd-3.3.1-react/validate/mpi64
nProcs : 1
sigFpe : Enabling floating point exception trapping (FOAM_SIGFPE).
fileModificationChecking : Monitoring run-time modified files using timeStampMaster (fileModificationSkew 10)
allowSystemOperations : Allowing user-supplied system call operations

// * * * * * * * * * * * * * * * * * * * * * * * * * * * * * * * * * * * * * //
Create time

Case   : /publicfs01/fs1-m8/home/m8s000774/users/xiao_chen_xiang/611/dsmcFoamPar/v1706/dlb/case/pal-phd-3.3.1-react/validate/mpi64
nProcs : 1
sigFpe : Enabling floating point exception trapping (FOAM_SIGFPE).
fileModificationChecking : Monitoring run-time modified files using timeStampMaster (fileModificationSkew 10)
allowSystemOperations : Allowing user-supplied system call operations

// * * * * * * * * * * * * * * * * * * * * * * * * * * * * * * * * * * * * * //
Create time

Case   : /publicfs01/fs1-m8/home/m8s000774/users/xiao_chen_xiang/611/dsmcFoamPar/v1706/dlb/case/pal-phd-3.3.1-react/validate/mpi64
nProcs : 1
sigFpe : Enabling floating point exception trapping (FOAM_SIGFPE).
fileModificationChecking : Monitoring run-time modified files using timeStampMaster (fileModificationSkew 10)
allowSystemOperations : Allowing user-supplied system call operations

// * * * * * * * * * * * * * * * * * * * * * * * * * * * * * * * * * * * * * //
Create time

Case   : /publicfs01/fs1-m8/home/m8s000774/users/xiao_chen_xiang/611/dsmcFoamPar/v1706/dlb/case/pal-phd-3.3.1-react/validate/mpi64
nProcs : 1
sigFpe : Enabling floating point exception trapping (FOAM_SIGFPE).
fileModificationChecking : Monitoring run-time modified files using timeStampMaster (fileModificationSkew 10)
allowSystemOperations : Allowing user-supplied system call operations

// * * * * * * * * * * * * * * * * * * * * * * * * * * * * * * * * * * * * * //
Create time

Case   : /publicfs01/fs1-m8/home/m8s000774/users/xiao_chen_xiang/611/dsmcFoamPar/v1706/dlb/case/pal-phd-3.3.1-react/validate/mpi64
nProcs : 1
sigFpe : Enabling floating point exception trapping (FOAM_SIGFPE).
fileModificationChecking : Monitoring run-time modified files using timeStampMaster (fileModificationSkew 10)
allowSystemOperations : Allowing user-supplied system call operations

// * * * * * * * * * * * * * * * * * * * * * * * * * * * * * * * * * * * * * //
Create time

Case   : /publicfs01/fs1-m8/home/m8s000774/users/xiao_chen_xiang/611/dsmcFoamPar/v1706/dlb/case/pal-phd-3.3.1-react/validate/mpi64
nProcs : 1
sigFpe : Enabling floating point exception trapping (FOAM_SIGFPE).
fileModificationChecking : Monitoring run-time modified files using timeStampMaster (fileModificationSkew 10)
allowSystemOperations : Allowing user-supplied system call operations

// * * * * * * * * * * * * * * * * * * * * * * * * * * * * * * * * * * * * * //
Create time

Case   : /publicfs01/fs1-m8/home/m8s000774/users/xiao_chen_xiang/611/dsmcFoamPar/v1706/dlb/case/pal-phd-3.3.1-react/validate/mpi64
nProcs : 1
sigFpe : Enabling floating point exception trapping (FOAM_SIGFPE).
fileModificationChecking : Monitoring run-time modified files using timeStampMaster (fileModificationSkew 10)
allowSystemOperations : Allowing user-supplied system call operations

// * * * * * * * * * * * * * * * * * * * * * * * * * * * * * * * * * * * * * //
Create time

Case   : /publicfs01/fs1-m8/home/m8s000774/users/xiao_chen_xiang/611/dsmcFoamPar/v1706/dlb/case/pal-phd-3.3.1-react/validate/mpi64
nProcs : 1
sigFpe : Enabling floating point exception trapping (FOAM_SIGFPE).
Case   : /publicfs01/fs1-m8/home/m8s000774/users/xiao_chen_xiang/611/dsmcFoamPar/v1706/dlb/case/pal-phd-3.3.1-react/validate/mpi64
nProcs : 1
sigFpe : Enabling floating point exception trapping (FOAM_SIGFPE).
fileModificationChecking : Monitoring run-time modified files using timeStampMaster (fileModificationSkew 10)
allowSystemOperations : Allowing user-supplied system call operations

// * * * * * * * * * * * * * * * * * * * * * * * * * * * * * * * * * * * * * //
Create time

fileModificationChecking : Monitoring run-time modified files using timeStampMaster (fileModificationSkew 10)
allowSystemOperations : Allowing user-supplied system call operations

Case   : /publicfs01/fs1-m8/home/m8s000774/users/xiao_chen_xiang/611/dsmcFoamPar/v1706/dlb/case/pal-phd-3.3.1-react/validate/mpi64
nProcs : 1
sigFpe : Enabling floating point exception trapping (FOAM_SIGFPE).
fileModificationChecking : Monitoring run-time modified files using timeStampMaster (fileModificationSkew 10)
allowSystemOperations : Allowing user-supplied system call operations

// * * * * * * * * * * * * * * * * * * * * * * * * * * * * * * * * * * * * * //
Create time

// * * * * * * * * * * * * * * * * * * * * * * * * * * * * * * * * * * * * * //
Create time

Case   : /publicfs01/fs1-m8/home/m8s000774/users/xiao_chen_xiang/611/dsmcFoamPar/v1706/dlb/case/pal-phd-3.3.1-react/validate/mpi64
nProcs : 1
sigFpe : Enabling floating point exception trapping (FOAM_SIGFPE).
fileModificationChecking : Monitoring run-time modified files using timeStampMaster (fileModificationSkew 10)
allowSystemOperations : Allowing user-supplied system call operations

// * * * * * * * * * * * * * * * * * * * * * * * * * * * * * * * * * * * * * //
Create time

Case   : /publicfs01/fs1-m8/home/m8s000774/users/xiao_chen_xiang/611/dsmcFoamPar/v1706/dlb/case/pal-phd-3.3.1-react/validate/mpi64
nProcs : 1
sigFpe : Enabling floating point exception trapping (FOAM_SIGFPE).
fileModificationChecking : Monitoring run-time modified files using timeStampMaster (fileModificationSkew 10)
allowSystemOperations : Allowing user-supplied system call operations

// * * * * * * * * * * * * * * * * * * * * * * * * * * * * * * * * * * * * * //
Create time

Case   : /publicfs01/fs1-m8/home/m8s000774/users/xiao_chen_xiang/611/dsmcFoamPar/v1706/dlb/case/pal-phd-3.3.1-react/validate/mpi64
nProcs : 1
sigFpe : Enabling floating point exception trapping (FOAM_SIGFPE).
fileModificationChecking : Monitoring run-time modified files using timeStampMaster (fileModificationSkew 10)
allowSystemOperations : Allowing user-supplied system call operations

// * * * * * * * * * * * * * * * * * * * * * * * * * * * * * * * * * * * * * //
Create time

Case   : /publicfs01/fs1-m8/home/m8s000774/users/xiao_chen_xiang/611/dsmcFoamPar/v1706/dlb/case/pal-phd-3.3.1-react/validate/mpi64
nProcs : 1
sigFpe : Enabling floating point exception trapping (FOAM_SIGFPE).
fileModificationChecking : Monitoring run-time modified files using timeStampMaster (fileModificationSkew 10)
allowSystemOperations : Allowing user-supplied system call operations

// * * * * * * * * * * * * * * * * * * * * * * * * * * * * * * * * * * * * * //
Create time

Case   : /publicfs01/fs1-m8/home/m8s000774/users/xiao_chen_xiang/611/dsmcFoamPar/v1706/dlb/case/pal-phd-3.3.1-react/validate/mpi64
nProcs : 1
sigFpe : Enabling floating point exception trapping (FOAM_SIGFPE).
fileModificationChecking : Monitoring run-time modified files using timeStampMaster (fileModificationSkew 10)
allowSystemOperations : Allowing user-supplied system call operations

// * * * * * * * * * * * * * * * * * * * * * * * * * * * * * * * * * * * * * //
Create time

Case   : /publicfs01/fs1-m8/home/m8s000774/users/xiao_chen_xiang/611/dsmcFoamPar/v1706/dlb/case/pal-phd-3.3.1-react/validate/mpi64
nProcs : 1
sigFpe : Enabling floating point exception trapping (FOAM_SIGFPE).
fileModificationChecking : Monitoring run-time modified files using timeStampMaster (fileModificationSkew 10)
allowSystemOperations : Allowing user-supplied system call operations

Case   : /publicfs01/fs1-m8/home/m8s000774/users/xiao_chen_xiang/611/dsmcFoamPar/v1706/dlb/case/pal-phd-3.3.1-react/validate/mpi64
nProcs : 1
sigFpe : Enabling floating point exception trapping (FOAM_SIGFPE).
Case   : /publicfs01/fs1-m8/home/m8s000774/users/xiao_chen_xiang/611/dsmcFoamPar/v1706/dlb/case/pal-phd-3.3.1-react/validate/mpi64
nProcs : 1
sigFpe : Enabling floating point exception trapping (FOAM_SIGFPE).
fileModificationChecking : Monitoring run-time modified files using timeStampMaster (fileModificationSkew 10)
allowSystemOperations : Allowing user-supplied system call operations

// * * * * * * * * * * * * * * * * * * * * * * * * * * * * * * * * * * * * * //
Create time

fileModificationChecking : Monitoring run-time modified files using timeStampMaster (fileModificationSkew 10)
allowSystemOperations : Allowing user-supplied system call operations

// * * * * * * * * * * * * * * * * * * * * * * * * * * * * * * * * * * * * * //
Create time

// * * * * * * * * * * * * * * * * * * * * * * * * * * * * * * * * * * * * * //
Create time

Case   : /publicfs01/fs1-m8/home/m8s000774/users/xiao_chen_xiang/611/dsmcFoamPar/v1706/dlb/case/pal-phd-3.3.1-react/validate/mpi64
nProcs : 1
sigFpe : Enabling floating point exception trapping (FOAM_SIGFPE).
fileModificationChecking : Monitoring run-time modified files using timeStampMaster (fileModificationSkew 10)
allowSystemOperations : Allowing user-supplied system call operations

// * * * * * * * * * * * * * * * * * * * * * * * * * * * * * * * * * * * * * //
Create time

Case   : /publicfs01/fs1-m8/home/m8s000774/users/xiao_chen_xiang/611/dsmcFoamPar/v1706/dlb/case/pal-phd-3.3.1-react/validate/mpi64
nProcs : 1
sigFpe : Enabling floating point exception trapping (FOAM_SIGFPE).
fileModificationChecking : Monitoring run-time modified files using timeStampMaster (fileModificationSkew 10)
allowSystemOperations : Allowing user-supplied system call operations

// * * * * * * * * * * * * * * * * * * * * * * * * * * * * * * * * * * * * * //
Create time

Case   : /publicfs01/fs1-m8/home/m8s000774/users/xiao_chen_xiang/611/dsmcFoamPar/v1706/dlb/case/pal-phd-3.3.1-react/validate/mpi64
nProcs : 1
sigFpe : Enabling floating point exception trapping (FOAM_SIGFPE).
fileModificationChecking : Monitoring run-time modified files using timeStampMaster (fileModificationSkew 10)
allowSystemOperations : Allowing user-supplied system call operations

// * * * * * * * * * * * * * * * * * * * * * * * * * * * * * * * * * * * * * //
Create time

Case   : /publicfs01/fs1-m8/home/m8s000774/users/xiao_chen_xiang/611/dsmcFoamPar/v1706/dlb/case/pal-phd-3.3.1-react/validate/mpi64
nProcs : 1
sigFpe : Enabling floating point exception trapping (FOAM_SIGFPE).
fileModificationChecking : Monitoring run-time modified files using timeStampMaster (fileModificationSkew 10)
allowSystemOperations : Allowing user-supplied system call operations

// * * * * * * * * * * * * * * * * * * * * * * * * * * * * * * * * * * * * * //
Create time

Case   : /publicfs01/fs1-m8/home/m8s000774/users/xiao_chen_xiang/611/dsmcFoamPar/v1706/dlb/case/pal-phd-3.3.1-react/validate/mpi64
nProcs : 1
sigFpe : Enabling floating point exception trapping (FOAM_SIGFPE).
fileModificationChecking : Monitoring run-time modified files using timeStampMaster (fileModificationSkew 10)
allowSystemOperations : Allowing user-supplied system call operations

// * * * * * * * * * * * * * * * * * * * * * * * * * * * * * * * * * * * * * //
Create time

Case   : /publicfs01/fs1-m8/home/m8s000774/users/xiao_chen_xiang/611/dsmcFoamPar/v1706/dlb/case/pal-phd-3.3.1-react/validate/mpi64
nProcs : 1
sigFpe : Enabling floating point exception trapping (FOAM_SIGFPE).
fileModificationChecking : Monitoring run-time modified files using timeStampMaster (fileModificationSkew 10)
allowSystemOperations : Allowing user-supplied system call operations

// * * * * * * * * * * * * * * * * * * * * * * * * * * * * * * * * * * * * * //
Create time

Case   : /publicfs01/fs1-m8/home/m8s000774/users/xiao_chen_xiang/611/dsmcFoamPar/v1706/dlb/case/pal-phd-3.3.1-react/validate/mpi64
nProcs : 1
sigFpe : Enabling floating point exception trapping (FOAM_SIGFPE).
fileModificationChecking : Monitoring run-time modified files using timeStampMaster (fileModificationSkew 10)
allowSystemOperations : Allowing user-supplied system call operations

// * * * * * * * * * * * * * * * * * * * * * * * * * * * * * * * * * * * * * //
Create time

Case   : /publicfs01/fs1-m8/home/m8s000774/users/xiao_chen_xiang/611/dsmcFoamPar/v1706/dlb/case/pal-phd-3.3.1-react/validate/mpi64
nProcs : 1
sigFpe : Enabling floating point exception trapping (FOAM_SIGFPE).
fileModificationChecking : Monitoring run-time modified files using timeStampMaster (fileModificationSkew 10)
allowSystemOperations : Allowing user-supplied system call operations

// * * * * * * * * * * * * * * * * * * * * * * * * * * * * * * * * * * * * * //
Create time

Case   : /publicfs01/fs1-m8/home/m8s000774/users/xiao_chen_xiang/611/dsmcFoamPar/v1706/dlb/case/pal-phd-3.3.1-react/validate/mpi64
nProcs : 1
sigFpe : Enabling floating point exception trapping (FOAM_SIGFPE).
fileModificationChecking : Monitoring run-time modified files using timeStampMaster (fileModificationSkew 10)
allowSystemOperations : Allowing user-supplied system call operations

// * * * * * * * * * * * * * * * * * * * * * * * * * * * * * * * * * * * * * //
Create time

Case   : /publicfs01/fs1-m8/home/m8s000774/users/xiao_chen_xiang/611/dsmcFoamPar/v1706/dlb/case/pal-phd-3.3.1-react/validate/mpi64
nProcs : 1
sigFpe : Enabling floating point exception trapping (FOAM_SIGFPE).
fileModificationChecking : Monitoring run-time modified files using timeStampMaster (fileModificationSkew 10)
allowSystemOperations : Allowing user-supplied system call operations

// * * * * * * * * * * * * * * * * * * * * * * * * * * * * * * * * * * * * * //
Create time

Case   : /publicfs01/fs1-m8/home/m8s000774/users/xiao_chen_xiang/611/dsmcFoamPar/v1706/dlb/case/pal-phd-3.3.1-react/validate/mpi64
nProcs : 1
sigFpe : Enabling floating point exception trapping (FOAM_SIGFPE).
fileModificationChecking : Monitoring run-time modified files using timeStampMaster (fileModificationSkew 10)
allowSystemOperations : Allowing user-supplied system call operations

// * * * * * * * * * * * * * * * * * * * * * * * * * * * * * * * * * * * * * //
Create time

Case   : /publicfs01/fs1-m8/home/m8s000774/users/xiao_chen_xiang/611/dsmcFoamPar/v1706/dlb/case/pal-phd-3.3.1-react/validate/mpi64
nProcs : 1
sigFpe : Enabling floating point exception trapping (FOAM_SIGFPE).
fileModificationChecking : Monitoring run-time modified files using timeStampMaster (fileModificationSkew 10)
allowSystemOperations : Allowing user-supplied system call operations

// * * * * * * * * * * * * * * * * * * * * * * * * * * * * * * * * * * * * * //
Create time

Case   : /publicfs01/fs1-m8/home/m8s000774/users/xiao_chen_xiang/611/dsmcFoamPar/v1706/dlb/case/pal-phd-3.3.1-react/validate/mpi64
nProcs : 1
sigFpe : Enabling floating point exception trapping (FOAM_SIGFPE).
fileModificationChecking : Monitoring run-time modified files using timeStampMaster (fileModificationSkew 10)
allowSystemOperations : Allowing user-supplied system call operations

// * * * * * * * * * * * * * * * * * * * * * * * * * * * * * * * * * * * * * //
Create time

Case   : /publicfs01/fs1-m8/home/m8s000774/users/xiao_chen_xiang/611/dsmcFoamPar/v1706/dlb/case/pal-phd-3.3.1-react/validate/mpi64
nProcs : 1
sigFpe : Enabling floating point exception trapping (FOAM_SIGFPE).
fileModificationChecking : Monitoring run-time modified files using timeStampMaster (fileModificationSkew 10)
allowSystemOperations : Allowing user-supplied system call operations

// * * * * * * * * * * * * * * * * * * * * * * * * * * * * * * * * * * * * * //
Create time

Case   : /publicfs01/fs1-m8/home/m8s000774/users/xiao_chen_xiang/611/dsmcFoamPar/v1706/dlb/case/pal-phd-3.3.1-react/validate/mpi64
nProcs : 1
sigFpe : Enabling floating point exception trapping (FOAM_SIGFPE).
fileModificationChecking : Monitoring run-time modified files using timeStampMaster (fileModificationSkew 10)
allowSystemOperations : Allowing user-supplied system call operations

// * * * * * * * * * * * * * * * * * * * * * * * * * * * * * * * * * * * * * //
Create time

Case   : /publicfs01/fs1-m8/home/m8s000774/users/xiao_chen_xiang/611/dsmcFoamPar/v1706/dlb/case/pal-phd-3.3.1-react/validate/mpi64
nProcs : 1
sigFpe : Enabling floating point exception trapping (FOAM_SIGFPE).
fileModificationChecking : Monitoring run-time modified files using timeStampMaster (fileModificationSkew 10)
allowSystemOperations : Allowing user-supplied system call operations

Case   : /publicfs01/fs1-m8/home/m8s000774/users/xiao_chen_xiang/611/dsmcFoamPar/v1706/dlb/case/pal-phd-3.3.1-react/validate/mpi64
nProcs : 1
sigFpe : Enabling floating point exception trapping (FOAM_SIGFPE).
fileModificationChecking : Monitoring run-time modified files using timeStampMaster (fileModificationSkew 10)
allowSystemOperations : Allowing user-supplied system call operations

// * * * * * * * * * * * * * * * * * * * * * * * * * * * * * * * * * * * * * //
Create time

// * * * * * * * * * * * * * * * * * * * * * * * * * * * * * * * * * * * * * //
Create time

Case   : /publicfs01/fs1-m8/home/m8s000774/users/xiao_chen_xiang/611/dsmcFoamPar/v1706/dlb/case/pal-phd-3.3.1-react/validate/mpi64
nProcs : 1
sigFpe : Enabling floating point exception trapping (FOAM_SIGFPE).
fileModificationChecking : Monitoring run-time modified files using timeStampMaster (fileModificationSkew 10)
allowSystemOperations : Allowing user-supplied system call operations

Case   : /publicfs01/fs1-m8/home/m8s000774/users/xiao_chen_xiang/611/dsmcFoamPar/v1706/dlb/case/pal-phd-3.3.1-react/validate/mpi64
nProcs : 1
sigFpe : Enabling floating point exception trapping (FOAM_SIGFPE).
fileModificationChecking : Monitoring run-time modified files using timeStampMaster (fileModificationSkew 10)
allowSystemOperations : Allowing user-supplied system call operations

// * * * * * * * * * * * * * * * * * * * * * * * * * * * * * * * * * * * * * //
Create time

// * * * * * * * * * * * * * * * * * * * * * * * * * * * * * * * * * * * * * //
Create time

Case   : /publicfs01/fs1-m8/home/m8s000774/users/xiao_chen_xiang/611/dsmcFoamPar/v1706/dlb/case/pal-phd-3.3.1-react/validate/mpi64
nProcs : 1
sigFpe : Enabling floating point exception trapping (FOAM_SIGFPE).
fileModificationChecking : Monitoring run-time modified files using timeStampMaster (fileModificationSkew 10)
allowSystemOperations : Allowing user-supplied system call operations

// * * * * * * * * * * * * * * * * * * * * * * * * * * * * * * * * * * * * * //
Create time

Case   : /publicfs01/fs1-m8/home/m8s000774/users/xiao_chen_xiang/611/dsmcFoamPar/v1706/dlb/case/pal-phd-3.3.1-react/validate/mpi64
nProcs : 1
sigFpe : Enabling floating point exception trapping (FOAM_SIGFPE).
fileModificationChecking : Monitoring run-time modified files using timeStampMaster (fileModificationSkew 10)
allowSystemOperations : Allowing user-supplied system call operations

// * * * * * * * * * * * * * * * * * * * * * * * * * * * * * * * * * * * * * //
Create time

Case   : /publicfs01/fs1-m8/home/m8s000774/users/xiao_chen_xiang/611/dsmcFoamPar/v1706/dlb/case/pal-phd-3.3.1-react/validate/mpi64
nProcs : 1
sigFpe : Enabling floating point exception trapping (FOAM_SIGFPE).
fileModificationChecking : Monitoring run-time modified files using timeStampMaster (fileModificationSkew 10)
allowSystemOperations : Allowing user-supplied system call operations

Case   : /publicfs01/fs1-m8/home/m8s000774/users/xiao_chen_xiang/611/dsmcFoamPar/v1706/dlb/case/pal-phd-3.3.1-react/validate/mpi64
nProcs : 1
sigFpe : Enabling floating point exception trapping (FOAM_SIGFPE).
fileModificationChecking : Monitoring run-time modified files using timeStampMaster (fileModificationSkew 10)
allowSystemOperations : Allowing user-supplied system call operations

// * * * * * * * * * * * * * * * * * * * * * * * * * * * * * * * * * * * * * //
Create time

Case   : /publicfs01/fs1-m8/home/m8s000774/users/xiao_chen_xiang/611/dsmcFoamPar/v1706/dlb/case/pal-phd-3.3.1-react/validate/mpi64
nProcs : 1
sigFpe : Enabling floating point exception trapping (FOAM_SIGFPE).
fileModificationChecking : Monitoring run-time modified files using timeStampMaster (fileModificationSkew 10)
allowSystemOperations : Allowing user-supplied system call operations

// * * * * * * * * * * * * * * * * * * * * * * * * * * * * * * * * * * * * * //
Create time

// * * * * * * * * * * * * * * * * * * * * * * * * * * * * * * * * * * * * * //
Create time

Case   : /publicfs01/fs1-m8/home/m8s000774/users/xiao_chen_xiang/611/dsmcFoamPar/v1706/dlb/case/pal-phd-3.3.1-react/validate/mpi64
nProcs : 1
sigFpe : Enabling floating point exception trapping (FOAM_SIGFPE).
fileModificationChecking : Monitoring run-time modified files using timeStampMaster (fileModificationSkew 10)
allowSystemOperations : Allowing user-supplied system call operations

// * * * * * * * * * * * * * * * * * * * * * * * * * * * * * * * * * * * * * //
Create time

Case   : /publicfs01/fs1-m8/home/m8s000774/users/xiao_chen_xiang/611/dsmcFoamPar/v1706/dlb/case/pal-phd-3.3.1-react/validate/mpi64
nProcs : 1
sigFpe : Enabling floating point exception trapping (FOAM_SIGFPE).
fileModificationChecking : Monitoring run-time modified files using timeStampMaster (fileModificationSkew 10)
allowSystemOperations : Allowing user-supplied system call operations

// * * * * * * * * * * * * * * * * * * * * * * * * * * * * * * * * * * * * * //
Create time

Case   : /publicfs01/fs1-m8/home/m8s000774/users/xiao_chen_xiang/611/dsmcFoamPar/v1706/dlb/case/pal-phd-3.3.1-react/validate/mpi64
nProcs : 1
sigFpe : Enabling floating point exception trapping (FOAM_SIGFPE).
fileModificationChecking : Monitoring run-time modified files using timeStampMaster (fileModificationSkew 10)
allowSystemOperations : Allowing user-supplied system call operations

// * * * * * * * * * * * * * * * * * * * * * * * * * * * * * * * * * * * * * //
Create time

Case   : /publicfs01/fs1-m8/home/m8s000774/users/xiao_chen_xiang/611/dsmcFoamPar/v1706/dlb/case/pal-phd-3.3.1-react/validate/mpi64
nProcs : 1
sigFpe : Enabling floating point exception trapping (FOAM_SIGFPE).
fileModificationChecking : Monitoring run-time modified files using timeStampMaster (fileModificationSkew 10)
allowSystemOperations : Allowing user-supplied system call operations

// * * * * * * * * * * * * * * * * * * * * * * * * * * * * * * * * * * * * * //
Create time

Case   : /publicfs01/fs1-m8/home/m8s000774/users/xiao_chen_xiang/611/dsmcFoamPar/v1706/dlb/case/pal-phd-3.3.1-react/validate/mpi64
nProcs : 1
sigFpe : Enabling floating point exception trapping (FOAM_SIGFPE).
fileModificationChecking : Monitoring run-time modified files using timeStampMaster (fileModificationSkew 10)
allowSystemOperations : Allowing user-supplied system call operations

// * * * * * * * * * * * * * * * * * * * * * * * * * * * * * * * * * * * * * //
Create time

Case   : /publicfs01/fs1-m8/home/m8s000774/users/xiao_chen_xiang/611/dsmcFoamPar/v1706/dlb/case/pal-phd-3.3.1-react/validate/mpi64
nProcs : 1
sigFpe : Enabling floating point exception trapping (FOAM_SIGFPE).
fileModificationChecking : Monitoring run-time modified files using timeStampMaster (fileModificationSkew 10)
allowSystemOperations : Allowing user-supplied system call operations

// * * * * * * * * * * * * * * * * * * * * * * * * * * * * * * * * * * * * * //
Create time

Case   : /publicfs01/fs1-m8/home/m8s000774/users/xiao_chen_xiang/611/dsmcFoamPar/v1706/dlb/case/pal-phd-3.3.1-react/validate/mpi64
nProcs : 1
sigFpe : Enabling floating point exception trapping (FOAM_SIGFPE).
fileModificationChecking : Monitoring run-time modified files using timeStampMaster (fileModificationSkew 10)
allowSystemOperations : Allowing user-supplied system call operations

// * * * * * * * * * * * * * * * * * * * * * * * * * * * * * * * * * * * * * //
Create time

Case   : /publicfs01/fs1-m8/home/m8s000774/users/xiao_chen_xiang/611/dsmcFoamPar/v1706/dlb/case/pal-phd-3.3.1-react/validate/mpi64
nProcs : 1
sigFpe : Enabling floating point exception trapping (FOAM_SIGFPE).
fileModificationChecking : Monitoring run-time modified files using timeStampMaster (fileModificationSkew 10)
allowSystemOperations : Allowing user-supplied system call operations

Case   : /publicfs01/fs1-m8/home/m8s000774/users/xiao_chen_xiang/611/dsmcFoamPar/v1706/dlb/case/pal-phd-3.3.1-react/validate/mpi64
nProcs : 1
sigFpe : Enabling floating point exception trapping (FOAM_SIGFPE).
fileModificationChecking : Monitoring run-time modified files using timeStampMaster (fileModificationSkew 10)
allowSystemOperations : Allowing user-supplied system call operations

// * * * * * * * * * * * * * * * * * * * * * * * * * * * * * * * * * * * * * //
Create time

// * * * * * * * * * * * * * * * * * * * * * * * * * * * * * * * * * * * * * //
Create time

Case   : /publicfs01/fs1-m8/home/m8s000774/users/xiao_chen_xiang/611/dsmcFoamPar/v1706/dlb/case/pal-phd-3.3.1-react/validate/mpi64
nProcs : 1
sigFpe : Enabling floating point exception trapping (FOAM_SIGFPE).
fileModificationChecking : Monitoring run-time modified files using timeStampMaster (fileModificationSkew 10)
allowSystemOperations : Allowing user-supplied system call operations

// * * * * * * * * * * * * * * * * * * * * * * * * * * * * * * * * * * * * * //
Create time

Case   : /publicfs01/fs1-m8/home/m8s000774/users/xiao_chen_xiang/611/dsmcFoamPar/v1706/dlb/case/pal-phd-3.3.1-react/validate/mpi64
nProcs : 1
sigFpe : Enabling floating point exception trapping (FOAM_SIGFPE).
fileModificationChecking : Monitoring run-time modified files using timeStampMaster (fileModificationSkew 10)
allowSystemOperations : Allowing user-supplied system call operations

// * * * * * * * * * * * * * * * * * * * * * * * * * * * * * * * * * * * * * //
Create time

Case   : /publicfs01/fs1-m8/home/m8s000774/users/xiao_chen_xiang/611/dsmcFoamPar/v1706/dlb/case/pal-phd-3.3.1-react/validate/mpi64
nProcs : 1
sigFpe : Enabling floating point exception trapping (FOAM_SIGFPE).
fileModificationChecking : Monitoring run-time modified files using timeStampMaster (fileModificationSkew 10)
allowSystemOperations : Allowing user-supplied system call operations

// * * * * * * * * * * * * * * * * * * * * * * * * * * * * * * * * * * * * * //
Create time

Case   : /publicfs01/fs1-m8/home/m8s000774/users/xiao_chen_xiang/611/dsmcFoamPar/v1706/dlb/case/pal-phd-3.3.1-react/validate/mpi64
nProcs : 1
sigFpe : Enabling floating point exception trapping (FOAM_SIGFPE).
fileModificationChecking : Monitoring run-time modified files using timeStampMaster (fileModificationSkew 10)
allowSystemOperations : Allowing user-supplied system call operations

// * * * * * * * * * * * * * * * * * * * * * * * * * * * * * * * * * * * * * //
Create time

Case   : /publicfs01/fs1-m8/home/m8s000774/users/xiao_chen_xiang/611/dsmcFoamPar/v1706/dlb/case/pal-phd-3.3.1-react/validate/mpi64
nProcs : 1
sigFpe : Enabling floating point exception trapping (FOAM_SIGFPE).
fileModificationChecking : Monitoring run-time modified files using timeStampMaster (fileModificationSkew 10)
allowSystemOperations : Allowing user-supplied system call operations

// * * * * * * * * * * * * * * * * * * * * * * * * * * * * * * * * * * * * * //
Create time

Case   : /publicfs01/fs1-m8/home/m8s000774/users/xiao_chen_xiang/611/dsmcFoamPar/v1706/dlb/case/pal-phd-3.3.1-react/validate/mpi64
nProcs : 1
sigFpe : Enabling floating point exception trapping (FOAM_SIGFPE).
fileModificationChecking : Monitoring run-time modified files using timeStampMaster (fileModificationSkew 10)
allowSystemOperations : Allowing user-supplied system call operations

// * * * * * * * * * * * * * * * * * * * * * * * * * * * * * * * * * * * * * //
Create time

Case   : /publicfs01/fs1-m8/home/m8s000774/users/xiao_chen_xiang/611/dsmcFoamPar/v1706/dlb/case/pal-phd-3.3.1-react/validate/mpi64
nProcs : 1
sigFpe : Enabling floating point exception trapping (FOAM_SIGFPE).
fileModificationChecking : Monitoring run-time modified files using timeStampMaster (fileModificationSkew 10)
allowSystemOperations : Allowing user-supplied system call operations

// * * * * * * * * * * * * * * * * * * * * * * * * * * * * * * * * * * * * * //
Create time

Case   : /publicfs01/fs1-m8/home/m8s000774/users/xiao_chen_xiang/611/dsmcFoamPar/v1706/dlb/case/pal-phd-3.3.1-react/validate/mpi64
nProcs : 1
sigFpe : Enabling floating point exception trapping (FOAM_SIGFPE).
fileModificationChecking : Monitoring run-time modified files using timeStampMaster (fileModificationSkew 10)
allowSystemOperations : Allowing user-supplied system call operations

// * * * * * * * * * * * * * * * * * * * * * * * * * * * * * * * * * * * * * //
Create time

Case   : /publicfs01/fs1-m8/home/m8s000774/users/xiao_chen_xiang/611/dsmcFoamPar/v1706/dlb/case/pal-phd-3.3.1-react/validate/mpi64
nProcs : 1
sigFpe : Enabling floating point exception trapping (FOAM_SIGFPE).
fileModificationChecking : Monitoring run-time modified files using timeStampMaster (fileModificationSkew 10)
allowSystemOperations : Allowing user-supplied system call operations

// * * * * * * * * * * * * * * * * * * * * * * * * * * * * * * * * * * * * * //
Create time

Case   : /publicfs01/fs1-m8/home/m8s000774/users/xiao_chen_xiang/611/dsmcFoamPar/v1706/dlb/case/pal-phd-3.3.1-react/validate/mpi64
nProcs : 1
sigFpe : Enabling floating point exception trapping (FOAM_SIGFPE).
fileModificationChecking : Monitoring run-time modified files using timeStampMaster (fileModificationSkew 10)
allowSystemOperations : Allowing user-supplied system call operations

// * * * * * * * * * * * * * * * * * * * * * * * * * * * * * * * * * * * * * //
Create time

Case   : /publicfs01/fs1-m8/home/m8s000774/users/xiao_chen_xiang/611/dsmcFoamPar/v1706/dlb/case/pal-phd-3.3.1-react/validate/mpi64
nProcs : 1
sigFpe : Enabling floating point exception trapping (FOAM_SIGFPE).
fileModificationChecking : Monitoring run-time modified files using timeStampMaster (fileModificationSkew 10)
allowSystemOperations : Allowing user-supplied system call operations

// * * * * * * * * * * * * * * * * * * * * * * * * * * * * * * * * * * * * * //
Create time

Case   : /publicfs01/fs1-m8/home/m8s000774/users/xiao_chen_xiang/611/dsmcFoamPar/v1706/dlb/case/pal-phd-3.3.1-react/validate/mpi64
nProcs : 1
sigFpe : Enabling floating point exception trapping (FOAM_SIGFPE).
fileModificationChecking : Monitoring run-time modified files using timeStampMaster (fileModificationSkew 10)
allowSystemOperations : Allowing user-supplied system call operations

// * * * * * * * * * * * * * * * * * * * * * * * * * * * * * * * * * * * * * //
Create time

Case   : /publicfs01/fs1-m8/home/m8s000774/users/xiao_chen_xiang/611/dsmcFoamPar/v1706/dlb/case/pal-phd-3.3.1-react/validate/mpi64
nProcs : 1
sigFpe : Enabling floating point exception trapping (FOAM_SIGFPE).
fileModificationChecking : Monitoring run-time modified files using timeStampMaster (fileModificationSkew 10)
allowSystemOperations : Allowing user-supplied system call operations

// * * * * * * * * * * * * * * * * * * * * * * * * * * * * * * * * * * * * * //
Create time

Create mesh for time = 0

Create mesh for time = 0

Create mesh for time = 0

Create mesh for time = 0

Create mesh for time = 0

Create mesh for time = 0

Create mesh for time = 0

Create mesh for time = 0

Create mesh for time = 0

Create mesh for time = 0

Create mesh for time = 0

Create mesh for time = 0

Create mesh for time = 0

Create mesh for time = 0

Create mesh for time = 0

Create mesh for time = 0

Create mesh for time = 0

Create mesh for time = 0

Create mesh for time = 0

Create mesh for time = 0

Create mesh for time = 0

Create mesh for time = 0

Create mesh for time = 0

Create mesh for time = 0

Create mesh for time = 0

Create mesh for time = 0

Create mesh for time = 0

Create mesh for time = 0

Create mesh for time = 0

Create mesh for time = 0

Create mesh for time = 0

Create mesh for time = 0

Create mesh for time = 0

Create mesh for time = 0

Create mesh for time = 0

Create mesh for time = 0

Create mesh for time = 0

Create mesh for time = 0

Create mesh for time = 0

Create mesh for time = 0

Create mesh for time = 0

Create mesh for time = 0

Create mesh for time = 0

Create mesh for time = 0

Create mesh for time = 0

Create mesh for time = 0

Create mesh for time = 0

Create mesh for time = 0

Create mesh for time = 0

Create mesh for time = 0

Create mesh for time = 0

Create mesh for time = 0

Create mesh for time = 0

Create mesh for time = 0

Create mesh for time = 0

Create mesh for time = 0

Create mesh for time = 0

Create mesh for time = 0

Create mesh for time = 0

Create mesh for time = 0

Create mesh for time = 0

Create mesh for time = 0

Create mesh for time = 0

Create mesh for time = 0

Selecting dynamicFvMesh dynamicRefineFvMesh
Selecting dynamicFvMesh dynamicRefineFvMesh
Selecting dynamicFvMesh dynamicRefineFvMesh
Selecting dynamicFvMesh dynamicRefineFvMesh
Selecting dynamicFvMesh dynamicRefineFvMesh
Selecting dynamicFvMesh dynamicRefineFvMesh
Selecting dynamicFvMesh dynamicRefineFvMesh
Selecting dynamicFvMesh dynamicRefineFvMesh
Selecting dynamicFvMesh dynamicRefineFvMesh
Selecting dynamicFvMesh dynamicRefineFvMesh
Selecting dynamicFvMesh dynamicRefineFvMesh
Selecting dynamicFvMesh dynamicRefineFvMesh
Selecting dynamicFvMesh dynamicRefineFvMesh
Selecting dynamicFvMesh dynamicRefineFvMesh
Selecting dynamicFvMesh dynamicRefineFvMesh
Selecting dynamicFvMesh dynamicRefineFvMesh
Selecting dynamicFvMesh dynamicRefineFvMesh
Selecting dynamicFvMesh dynamicRefineFvMesh
Selecting dynamicFvMesh dynamicRefineFvMesh
Selecting dynamicFvMesh dynamicRefineFvMesh
Selecting dynamicFvMesh dynamicRefineFvMesh
Selecting dynamicFvMesh dynamicRefineFvMesh
Selecting dynamicFvMesh dynamicRefineFvMesh
Selecting dynamicFvMesh dynamicRefineFvMesh
Selecting dynamicFvMesh dynamicRefineFvMesh
Selecting dynamicFvMesh dynamicRefineFvMesh
Selecting dynamicFvMesh dynamicRefineFvMesh
Selecting dynamicFvMesh dynamicRefineFvMesh
Selecting dynamicFvMesh dynamicRefineFvMesh
Selecting dynamicFvMesh dynamicRefineFvMesh
Selecting dynamicFvMesh dynamicRefineFvMesh
Selecting dynamicFvMesh dynamicRefineFvMesh
Selecting dynamicFvMesh dynamicRefineFvMesh
Selecting dynamicFvMesh dynamicRefineFvMesh
Selecting dynamicFvMesh dynamicRefineFvMesh
Selecting dynamicFvMesh dynamicRefineFvMesh
Selecting dynamicFvMesh dynamicRefineFvMesh
Selecting dynamicFvMesh dynamicRefineFvMesh
Selecting dynamicFvMesh dynamicRefineFvMesh
Selecting dynamicFvMesh dynamicRefineFvMesh
Selecting dynamicFvMesh dynamicRefineFvMesh
Selecting dynamicFvMesh dynamicRefineFvMesh
Selecting dynamicFvMesh dynamicRefineFvMesh
Selecting dynamicFvMesh dynamicRefineFvMesh
Selecting dynamicFvMesh dynamicRefineFvMesh
Selecting dynamicFvMesh dynamicRefineFvMesh
Selecting dynamicFvMesh dynamicRefineFvMesh
Selecting dynamicFvMesh dynamicRefineFvMesh
Selecting dynamicFvMesh dynamicRefineFvMesh
Selecting dynamicFvMesh dynamicRefineFvMesh
Selecting dynamicFvMesh dynamicRefineFvMesh
Selecting dynamicFvMesh dynamicRefineFvMesh
Selecting dynamicFvMesh dynamicRefineFvMesh
Selecting dynamicFvMesh dynamicRefineFvMesh
Selecting dynamicFvMesh dynamicRefineFvMesh
Selecting dynamicFvMesh dynamicRefineFvMesh
Selecting dynamicFvMesh dynamicRefineFvMesh
Selecting dynamicFvMesh dynamicRefineFvMesh
Selecting dynamicFvMesh dynamicRefineFvMesh
Selecting dynamicFvMesh dynamicRefineFvMesh
Selecting dynamicFvMesh dynamicRefineFvMesh
Selecting dynamicFvMesh dynamicRefineFvMesh
Selecting dynamicFvMesh dynamicRefineFvMesh
Selecting dynamicFvMesh dynamicRefineFvMesh

Constructing dsmcCloud 

Constructing dsmcCloud 

Constructing dsmcCloud 

Constructing dsmcCloud 

Constructing dsmcCloud 

Constructing dsmcCloud 

Constructing dsmcCloud 

Constructing dsmcCloud 

Constructing dsmcCloud 

Constructing dsmcCloud 

Constructing dsmcCloud 

Constructing dsmcCloud 

Constructing dsmcCloud 

Constructing dsmcCloud 

Constructing dsmcCloud 

Constructing dsmcCloud 

Constructing dsmcCloud 

Constructing dsmcCloud 

Constructing dsmcCloud 

Constructing dsmcCloud 

Constructing dsmcCloud 

Constructing dsmcCloud 

Constructing dsmcCloud 

Constructing dsmcCloud 

Constructing dsmcCloud 

Constructing dsmcCloud 

Constructing dsmcCloud 

Constructing dsmcCloud 

Constructing dsmcCloud 

Constructing dsmcCloud 

Constructing dsmcCloud 

Constructing dsmcCloud 

Constructing dsmcCloud 

Constructing dsmcCloud 

Constructing dsmcCloud 

Constructing dsmcCloud 

Constructing dsmcCloud 

Constructing dsmcCloud 

Constructing dsmcCloud 

Constructing dsmcCloud 

Constructing dsmcCloud 

Constructing dsmcCloud 

Constructing dsmcCloud 

Constructing dsmcCloud 

Constructing dsmcCloud 

Constructing dsmcCloud 

Constructing dsmcCloud 

Constructing dsmcCloud 

Constructing dsmcCloud 

Constructing dsmcCloud 

Constructing dsmcCloud 

Constructing dsmcCloud 

Constructing dsmcCloud 

Constructing dsmcCloud 

Constructing dsmcCloud 

Constructing dsmcCloud 

Constructing dsmcCloud 

Constructing dsmcCloud 

Constructing dsmcCloud 

Constructing dsmcCloud 

Constructing dsmcCloud 

Constructing dsmcCloud 

Constructing dsmcCloud 

Constructing dsmcCloud 
Selecting the coordinate system model:	dsmcCartesian

Selecting the time-step model:	dsmcConstantTimeStepModel

Selecting the coordinate system model:	dsmcCartesian

Selecting the time-step model:	dsmcConstantTimeStepModel

Constant time-step model:
- time-step [sec]	4e-07

Selecting the porous measurement model:	dsmcNoPorousMediumMeasurements

Constant time-step model:
- time-step [sec]	4e-07

Selecting the porous measurement model:	dsmcNoPorousMediumMeasurements

Selecting the coordinate system model:	dsmcCartesian

Selecting the time-step model:	dsmcConstantTimeStepModel

Selecting the coordinate system model:	dsmcCartesian

Selecting the time-step model:	dsmcConstantTimeStepModel

Constant time-step model:
- time-step [sec]	4e-07

Selecting the porous measurement model:	dsmcNoPorousMediumMeasurements

Selecting the coordinate system model:	dsmcCartesian

Selecting the time-step model:	dsmcConstantTimeStepModel

Constant time-step model:
- time-step [sec]	4e-07

Selecting the porous measurement model:	dsmcNoPorousMediumMeasurements

Selecting the coordinate system model:	dsmcCartesian

Selecting the time-step model:	dsmcConstantTimeStepModel

Selecting the coordinate system model:	dsmcCartesian

Selecting the time-step model:	dsmcConstantTimeStepModel

Constant time-step model:
- time-step [sec]	4e-07

Selecting the porous measurement model:	dsmcNoPorousMediumMeasurements

Constant time-step model:
- time-step [sec]	4e-07

Selecting the porous measurement model:	dsmcNoPorousMediumMeasurements

Selecting the coordinate system model:	dsmcCartesian

Selecting the time-step model:	dsmcConstantTimeStepModel

Selecting the coordinate system model:	dsmcCartesian

Selecting the time-step model:	dsmcConstantTimeStepModel

Constant time-step model:
- time-step [sec]	4e-07

Selecting the porous measurement model:	dsmcNoPorousMediumMeasurements

Selecting the coordinate system model:	dsmcCartesian

Selecting the time-step model:	dsmcConstantTimeStepModel

Constant time-step model:
- time-step [sec]	4e-07

Selecting the porous measurement model:	dsmcNoPorousMediumMeasurements

Constant time-step model:
- time-step [sec]	4e-07

Selecting the porous measurement model:	dsmcNoPorousMediumMeasurements

Selecting the coordinate system model:	dsmcCartesian

Selecting the time-step model:	dsmcConstantTimeStepModel

Constant time-step model:
- time-step [sec]	4e-07

Selecting the porous measurement model:	dsmcNoPorousMediumMeasurements

Selecting the coordinate system model:	dsmcCartesian

Selecting the time-step model:	dsmcConstantTimeStepModel

Constant time-step model:
- time-step [sec]	4e-07

Selecting the porous measurement model:	dsmcNoPorousMediumMeasurements

Selecting the coordinate system model:	dsmcCartesian

Selecting the time-step model:	dsmcConstantTimeStepModel

Constant time-step model:
- time-step [sec]	4e-07

Selecting the porous measurement model:	dsmcNoPorousMediumMeasurements

Selecting the coordinate system model:	dsmcCartesian

Selecting the time-step model:	dsmcConstantTimeStepModel

Constant time-step model:
- time-step [sec]	4e-07

Selecting the porous measurement model:	dsmcNoPorousMediumMeasurements


Creating dsmcControllers


Creating dsmcControllers

--> FOAM Warning : 
    From function bool Foam::rmDir(const Foam::fileName &, bool)
    in file POSIX.C at line 1047
    failed to remove directory "/publicfs01/fs1-m8/home/m8s000774/users/xiao_chen_xiang/611/dsmcFoamPar/v1706/dlb/case/pal-phd-3.3.1-react/validate/mpi64/fieldMeasurements"
Creating fields: 

Selecting field: dsmcVolFields
Selecting the coordinate system model:	dsmcCartesian

Selecting the time-step model:	dsmcConstantTimeStepModel

Constant time-step model:
- time-step [sec]	4e-07

Selecting the porous measurement model:	dsmcNoPorousMediumMeasurements

Selecting the coordinate system model:	dsmcCartesian

Selecting the time-step model:	dsmcConstantTimeStepModel

Constant time-step model:
- time-step [sec]	4e-07

Selecting the porous measurement model:	dsmcNoPorousMediumMeasurements

Selecting the coordinate system model:	dsmcCartesian

Selecting the time-step model:	dsmcConstantTimeStepModel

Constant time-step model:
- time-step [sec]	4e-07

Selecting the porous measurement model:	dsmcNoPorousMediumMeasurements


Creating dsmcControllers

Creating fields: 

Selecting field: dsmcVolFields

TimeData Statistics: 
 measurement option: write
 nSamples: 1, time interval: 4e-07
 nAverages: 1250, time interval: 0.0005
 total no. of sampling steps: 0
Selecting the coordinate system model:	dsmcCartesian

Selecting the time-step model:	dsmcConstantTimeStepModel

Constant time-step model:
- time-step [sec]	4e-07

Selecting the porous measurement model:	dsmcNoPorousMediumMeasurements

Selecting the coordinate system model:	dsmcCartesian

Selecting the time-step model:	dsmcConstantTimeStepModel

Constant time-step model:
- time-step [sec]	4e-07

Selecting the porous measurement model:	dsmcNoPorousMediumMeasurements

Selecting the coordinate system model:	dsmcCartesian

Selecting the time-step model:	dsmcConstantTimeStepModel

Constant time-step model:
- time-step [sec]	4e-07

Selecting the porous measurement model:	dsmcNoPorousMediumMeasurements

Selecting the coordinate system model:	dsmcCartesian

Selecting the time-step model:	dsmcConstantTimeStepModel

Constant time-step model:
- time-step [sec]	4e-07

Selecting the porous measurement model:	dsmcNoPorousMediumMeasurements

Selecting the coordinate system model:	dsmcCartesian

Selecting the time-step model:	dsmcConstantTimeStepModel

Constant time-step model:
- time-step [sec]	4e-07

Selecting the porous measurement model:	dsmcNoPorousMediumMeasurements

Selecting the coordinate system model:	dsmcCartesian

Selecting the time-step model:	dsmcConstantTimeStepModel

Constant time-step model:
- time-step [sec]	4e-07

Selecting the porous measurement model:	dsmcNoPorousMediumMeasurements

Selecting the coordinate system model:	dsmcCartesian

Selecting the time-step model:	dsmcConstantTimeStepModel

Constant time-step model:
- time-step [sec]	4e-07

Selecting the porous measurement model:	dsmcNoPorousMediumMeasurements

Constant time-step model:
- time-step [sec]	4e-07

Selecting the porous measurement model:	dsmcNoPorousMediumMeasurements

Selecting the coordinate system model:	dsmcCartesian

Selecting the time-step model:	dsmcConstantTimeStepModel


TimeData Statistics: 
 measurement option: write
 nSamples: 1, time interval: 4e-07
 nAverages: 1250, time interval: 0.0005
 total no. of sampling steps: 0
 total no. of averaging Steps: 0


 total no. of averaging Steps: 0


Constant time-step model:
- time-step [sec]	4e-07

Selecting the porous measurement model:	dsmcNoPorousMediumMeasurements

Selecting the coordinate system model:	dsmcCartesian

Selecting the time-step model:	dsmcConstantTimeStepModel

Creating fields: 

Selecting field: dsmcVolFields

TimeData Statistics: 
 measurement option: write
 nSamples: 1, time interval: 4e-07
 nAverages: 1250, time interval: 0.0005
 total no. of sampling steps: 0
 total no. of averaging Steps: 0



Creating dsmcControllers


Creating dsmcControllers

Selecting the coordinate system model:	dsmcCartesian

Selecting the time-step model:	dsmcConstantTimeStepModel


Creating dsmcControllers

Constant time-step model:
- time-step [sec]	4e-07

Selecting the porous measurement model:	dsmcNoPorousMediumMeasurements

Constant time-step model:
- time-step [sec]	4e-07

Selecting the porous measurement model:	dsmcNoPorousMediumMeasurements

--> FOAM Warning : 
    From function bool Foam::rmDir(const Foam::fileName &, bool)
    in file POSIX.C at line 990
    cannot open directory "/publicfs01/fs1-m8/home/m8s000774/users/xiao_chen_xiang/611/dsmcFoamPar/v1706/dlb/case/pal-phd-3.3.1-react/validate/mpi64/fieldMeasurements"
Creating fields: 

Selecting field: dsmcVolFields
Creating fields: 

Selecting field: dsmcVolFields

TimeData Statistics: 
 measurement option: write
 nSamples: 1, time interval: 4e-07

TimeData Statistics: 
 measurement option: write
 nSamples: 1, time interval: 4e-07
 nAverages: 1250, time interval: 0.0005
 total no. of sampling steps: 0
 total no. of averaging Steps: 0


 nAverages: 1250, time interval: 0.0005
 total no. of sampling steps: 0
 total no. of averaging Steps: 0


Creating fields: 

Selecting field: dsmcVolFields

TimeData Statistics: 
 measurement option: write
 nSamples: 1, time interval: 4e-07
 nAverages: 1250, time interval: 0.0005
 total no. of sampling steps: 0
 total no. of averaging Steps: 0


Selecting the coordinate system model:	dsmcCartesian

Selecting the time-step model:	dsmcConstantTimeStepModel

Selecting the coordinate system model:	dsmcCartesian

Selecting the time-step model:	dsmcConstantTimeStepModel

Selecting the coordinate system model:	dsmcCartesian

Selecting the time-step model:	dsmcConstantTimeStepModel

Selecting the coordinate system model:	dsmcCartesian

Selecting the time-step model:	dsmcConstantTimeStepModel

Constant time-step model:
- time-step [sec]	4e-07

Selecting the porous measurement model:	dsmcNoPorousMediumMeasurements

Constant time-step model:
- time-step [sec]	4e-07

Selecting the porous measurement model:	dsmcNoPorousMediumMeasurements

Constant time-step model:
- time-step [sec]	4e-07

Selecting the porous measurement model:	dsmcNoPorousMediumMeasurements


Creating dsmcControllers

Selecting the coordinate system model:	dsmcCartesian

Selecting the time-step model:	dsmcConstantTimeStepModel

Constant time-step model:
- time-step [sec]	4e-07

Selecting the porous measurement model:	dsmcNoPorousMediumMeasurements


Creating dsmcControllers

Selecting the coordinate system model:	dsmcCartesian

Selecting the time-step model:	dsmcConstantTimeStepModel

Constant time-step model:
- time-step [sec]	4e-07

Selecting the porous measurement model:	dsmcNoPorousMediumMeasurements


Creating dsmcControllers

Constant time-step model:
- time-step [sec]	4e-07

Selecting the porous measurement model:	dsmcNoPorousMediumMeasurements

Creating fields: 

Selecting field: dsmcVolFields

TimeData Statistics: 
 measurement option: write

Creating dsmcControllers

 nSamples: 1, time interval: 4e-07
 nAverages: 1250, time interval: 0.0005
 total no. of sampling steps: 0
 total no. of averaging Steps: 0



Creating dsmcControllers

Selecting the coordinate system model:	dsmcCartesian

Selecting the time-step model:	dsmcConstantTimeStepModel

Creating fields: 

Selecting field: dsmcVolFields

TimeData Statistics: 
 measurement option: write
 nSamples: 1, time interval: 4e-07
 nAverages: 1250, time interval: 0.0005
 total no. of sampling steps: 0
 total no. of averaging Steps: 0


Selecting the coordinate system model:	dsmcCartesian

Selecting the time-step model:	dsmcConstantTimeStepModel


Creating dsmcControllers

Selecting the coordinate system model:	dsmcCartesian

Selecting the time-step model:	dsmcConstantTimeStepModel


Creating dsmcControllers

Creating fields: 

Selecting field: dsmcVolFields

TimeData Statistics: 
 measurement option: write
 nSamples: 1, time interval: 4e-07
 nAverages: 1250, time interval: 0.0005
Creating fields: 

Selecting field: dsmcVolFields

TimeData Statistics: 
 total no. of sampling steps: 0
 total no. of averaging Steps: 0


 measurement option: write
 nSamples: 1, time interval: 4e-07
 nAverages: 1250, time interval: 0.0005
 total no. of sampling steps: 0
 total no. of averaging Steps: 0


Constant time-step model:
- time-step [sec]	4e-07

Selecting the porous measurement model:	dsmcNoPorousMediumMeasurements

Selecting the coordinate system model:	dsmcCartesian

Selecting the time-step model:	dsmcConstantTimeStepModel

Constant time-step model:
- time-step [sec]	4e-07

Selecting the porous measurement model:	dsmcNoPorousMediumMeasurements


Creating dsmcControllers

Constant time-step model:
- time-step [sec]	4e-07

Selecting the porous measurement model:	dsmcNoPorousMediumMeasurements

Selecting the coordinate system model:	dsmcCartesian

Selecting the time-step model:	dsmcConstantTimeStepModel

Creating fields: 

Selecting field: dsmcVolFields

TimeData Statistics: 
 measurement option: write
 nSamples: 1, time interval: 4e-07
 nAverages: 1250, time interval: 0.0005
 total no. of sampling steps: 0
 total no. of averaging Steps: 0


Constant time-step model:
- time-step [sec]	4e-07

Selecting the porous measurement model:	dsmcNoPorousMediumMeasurements

Creating fields: 

Selecting field: dsmcVolFields

TimeData Statistics: 
 measurement option: write
 nSamples: 1, time interval: 4e-07
 nAverages: 1250, time interval: 0.0005
 total no. of sampling steps: 0
 total no. of averaging Steps: 0



Creating dsmcControllers

Selecting the coordinate system model:	dsmcCartesian

Selecting the time-step model:	dsmcConstantTimeStepModel


Creating dsmcControllers


Creating dsmcControllers

Constant time-step model:
- time-step [sec]	4e-07

Selecting the porous measurement model:	dsmcNoPorousMediumMeasurements


Creating dsmcControllers


Creating dsmcControllers


Creating dsmcControllers

Constant time-step model:
- time-step [sec]	4e-07

Selecting the porous measurement model:	dsmcNoPorousMediumMeasurements


Creating dsmcControllers

Creating fields: 

Selecting field: dsmcVolFields

TimeData Statistics: 
 measurement option: write
 nSamples: 1, time interval: 4e-07
 nAverages: 1250, time interval: 0.0005
 total no. of sampling steps: 0
 total no. of averaging Steps: 0



Creating dsmcControllers

Creating fields: 

Selecting field: dsmcVolFields

TimeData Statistics: 
 measurement option: write
 nSamples: 1, time interval: 4e-07
 nAverages: 1250, time interval: 0.0005
 total no. of sampling steps: 0
 total no. of averaging Steps: 0


Creating fields: 

Selecting field: dsmcVolFields

TimeData Statistics: 
 measurement option: write
 nSamples: 1, time interval: 4e-07
 nAverages: 1250, time interval: 0.0005
 total no. of sampling steps: 0
 total no. of averaging Steps: 0



Creating dsmcControllers

Creating fields: 

Selecting field: dsmcVolFields

TimeData Statistics: 
 measurement option: write
 nSamples: 1, time interval: 4e-07
 nAverages: 1250, time interval: 0.0005
 total no. of sampling steps: 0
 total no. of averaging Steps: 0


--> FOAM Warning : 
    From function bool Foam::rmDir(const Foam::fileName &, bool)
    in file POSIX.C at line 1047
    failed to remove directory "/publicfs01/fs1-m8/home/m8s000774/users/xiao_chen_xiang/611/dsmcFoamPar/v1706/dlb/case/pal-phd-3.3.1-react/validate/mpi64/fieldMeasurements"
Creating fields: 

Selecting field: dsmcVolFields

TimeData Statistics: 
 measurement option: write
 nSamples: 1, time interval: 4e-07
 nAverages: 1250, time interval: 0.0005
 total no. of sampling steps: 0
 total no. of averaging Steps: 0


Creating fields: 

Selecting field: dsmcVolFields

TimeData Statistics: 
 measurement option: write
 nSamples: 1, time interval: 4e-07
 nAverages: 1250, time interval: 0.0005
 total no. of sampling steps: 0
 total no. of averaging Steps: 0


Creating fields: 

Selecting field: dsmcVolFields

TimeData Statistics: 
 measurement option: write
 nSamples: 1, time interval: 4e-07
 nAverages: 1250, time interval: 0.0005
 total no. of sampling steps: 0
 total no. of averaging Steps: 0


Creating fields: 

Selecting field: dsmcVolFields

TimeData Statistics: 
 measurement option: write
 nSamples: 1, time interval: 4e-07
 nAverages: 1250, time interval: 0.0005
 total no. of sampling steps: 0
 total no. of averaging Steps: 0



Creating dsmcControllers

Creating fields: 

Selecting field: dsmcVolFields

TimeData Statistics: 
 measurement option: write
 nSamples: 1, time interval: 4e-07
 nAverages: 1250, time interval: 0.0005
 total no. of sampling steps: 0
 total no. of averaging Steps: 0



Creating dsmcControllers

Selecting the coordinate system model:	dsmcCartesian

Selecting the time-step model:	dsmcConstantTimeStepModel

Creating fields: 

Selecting field: dsmcVolFields

TimeData Statistics: 
 measurement option: write
 nSamples: 1, time interval: 4e-07
 nAverages: 1250, time interval: 0.0005
 total no. of sampling steps: 0
 total no. of averaging Steps: 0


Constant time-step model:
- time-step [sec]	4e-07

Selecting the porous measurement model:	dsmcNoPorousMediumMeasurements

Selecting the coordinate system model:	dsmcCartesian

Selecting the time-step model:	dsmcConstantTimeStepModel

Constant time-step model:
- time-step [sec]	4e-07

Selecting the porous measurement model:	dsmcNoPorousMediumMeasurements

Creating fields: 

Selecting field: dsmcVolFields

TimeData Statistics: 
 measurement option: write
 nSamples: 1, time interval: 4e-07
 nAverages: 1250, time interval: 0.0005
 total no. of sampling steps: 0
 total no. of averaging Steps: 0


Selecting the coordinate system model:	dsmcCartesian

Selecting the time-step model:	dsmcConstantTimeStepModel

Selecting the coordinate system model:	dsmcCartesian

Selecting the time-step model:	dsmcConstantTimeStepModel

Creating fields: 

Selecting field: dsmcVolFields

TimeData Statistics: 
 measurement option: write
 nSamples: 1, time interval: 4e-07
 nAverages: 1250, time interval: 0.0005
 total no. of sampling steps: 0
 total no. of averaging Steps: 0


Creating fields: 

Selecting field: dsmcVolFields

TimeData Statistics: 
 measurement option: write
 nSamples: 1, time interval: 4e-07
 nAverages: 1250, time interval: 0.0005
 total no. of sampling steps: 0
 total no. of averaging Steps: 0


Constant time-step model:
- time-step [sec]	4e-07

Selecting the porous measurement model:	dsmcNoPorousMediumMeasurements


Creating dsmcControllers

Constant time-step model:
- time-step [sec]	4e-07

Selecting the porous measurement model:	dsmcNoPorousMediumMeasurements

Selecting the coordinate system model:	dsmcCartesian

Selecting the time-step model:	dsmcConstantTimeStepModel

Selecting the coordinate system model:	dsmcCartesian

Selecting the time-step model:	dsmcConstantTimeStepModel

Constant time-step model:
- time-step [sec]	4e-07

Selecting the porous measurement model:	dsmcNoPorousMediumMeasurements

Selecting the coordinate system model:	dsmcCartesian

Selecting the time-step model:	dsmcConstantTimeStepModel

Constant time-step model:
- time-step [sec]	4e-07

Selecting the porous measurement model:	dsmcNoPorousMediumMeasurements

Selecting the coordinate system model:	dsmcCartesian

Selecting the time-step model:	dsmcConstantTimeStepModel

Selecting the coordinate system model:	dsmcCartesian

Selecting the time-step model:	dsmcConstantTimeStepModel

Creating fields: 

Selecting field: dsmcVolFields

TimeData Statistics: 
 measurement option: write
 nSamples: 1, time interval: 4e-07
 nAverages: 1250, time interval: 0.0005
 total no. of sampling steps: 0
 total no. of averaging Steps: 0



Creating dsmcControllers

Constant time-step model:
- time-step [sec]	4e-07

Selecting the porous measurement model:	dsmcNoPorousMediumMeasurements

Selecting the coordinate system model:	dsmcCartesian

Selecting the time-step model:	dsmcConstantTimeStepModel


Creating dsmcControllers

Constant time-step model:
- time-step [sec]	4e-07

Selecting the porous measurement model:	dsmcNoPorousMediumMeasurements


Creating dsmcControllers

Selecting the coordinate system model:	dsmcCartesian

Selecting the time-step model:	dsmcConstantTimeStepModel

Constant time-step model:
- time-step [sec]	4e-07

Selecting the porous measurement model:	dsmcNoPorousMediumMeasurements

Selecting the coordinate system model:	dsmcCartesian

Selecting the time-step model:	dsmcConstantTimeStepModel

Selecting the coordinate system model:	dsmcCartesian

Selecting the time-step model:	dsmcConstantTimeStepModel

Constant time-step model:
- time-step [sec]	4e-07

Selecting the porous measurement model:	dsmcNoPorousMediumMeasurements

Selecting the coordinate system model:	dsmcCartesian

Selecting the time-step model:	dsmcConstantTimeStepModel

Selecting the coordinate system model:	dsmcCartesian

Selecting the time-step model:	dsmcConstantTimeStepModel

Constant time-step model:
- time-step [sec]	4e-07

Selecting the porous measurement model:	dsmcNoPorousMediumMeasurements

Constant time-step model:
- time-step [sec]	4e-07

Selecting the porous measurement model:	dsmcNoPorousMediumMeasurements

Selecting the coordinate system model:	dsmcCartesian

Selecting the time-step model:	dsmcConstantTimeStepModel

Constant time-step model:
- time-step [sec]	4e-07

Selecting the porous measurement model:	dsmcNoPorousMediumMeasurements

Selecting the coordinate system model:	dsmcCartesian

Selecting the time-step model:	dsmcConstantTimeStepModel

Constant time-step model:
- time-step [sec]	4e-07

Selecting the porous measurement model:	dsmcNoPorousMediumMeasurements

Constant time-step model:
- time-step [sec]	4e-07

Selecting the porous measurement model:	dsmcNoPorousMediumMeasurements

Selecting the coordinate system model:	dsmcCartesian

Selecting the time-step model:	dsmcConstantTimeStepModel

Creating fields: 

Selecting field: dsmcVolFields

TimeData Statistics: 
 measurement option: write
 nSamples: 1, time interval: 4e-07
 nAverages: 1250, time interval: 0.0005
 total no. of sampling steps: 0
 total no. of averaging Steps: 0


Constant time-step model:
- time-step [sec]	4e-07

Selecting the porous measurement model:	dsmcNoPorousMediumMeasurements


Creating dsmcControllers

Constant time-step model:
- time-step [sec]	4e-07

Selecting the porous measurement model:	dsmcNoPorousMediumMeasurements

Creating fields: 

Selecting field: dsmcVolFields

TimeData Statistics: 
 measurement option: write
 nSamples: 1, time interval: 4e-07
 nAverages: 1250, time interval: 0.0005
 total no. of sampling steps: 0
 total no. of averaging Steps: 0


Constant time-step model:
- time-step [sec]	4e-07

Selecting the porous measurement model:	dsmcNoPorousMediumMeasurements


Creating dsmcControllers

Selecting the coordinate system model:	dsmcCartesian

Selecting the time-step model:	dsmcConstantTimeStepModel

Constant time-step model:
- time-step [sec]	4e-07

Selecting the porous measurement model:	dsmcNoPorousMediumMeasurements


Creating dsmcControllers


Creating dsmcControllers

Selecting the coordinate system model:	dsmcCartesian

Selecting the time-step model:	dsmcConstantTimeStepModel

Constant time-step model:
- time-step [sec]	4e-07

Selecting the porous measurement model:	dsmcNoPorousMediumMeasurements

Selecting the coordinate system model:	dsmcCartesian

Selecting the time-step model:	dsmcConstantTimeStepModel

Constant time-step model:
- time-step [sec]	4e-07

Selecting the porous measurement model:	dsmcNoPorousMediumMeasurements


Creating dsmcControllers

Selecting the coordinate system model:	dsmcCartesian

Selecting the time-step model:	dsmcConstantTimeStepModel

Constant time-step model:
- time-step [sec]	4e-07

Selecting the porous measurement model:	dsmcNoPorousMediumMeasurements

Creating fields: 

Selecting field: dsmcVolFields

TimeData Statistics: 
 measurement option: write
 nSamples: 1, time interval: 4e-07
 nAverages: 1250, time interval: 0.0005
 total no. of sampling steps: 0
 total no. of averaging Steps: 0


Creating fields: 

Selecting field: dsmcVolFields

TimeData Statistics: 
 measurement option: write
 nSamples: 1, time interval: 4e-07
 nAverages: 1250, time interval: 0.0005
 total no. of sampling steps: 0
 total no. of averaging Steps: 0



Creating dsmcControllers


Creating dsmcControllers

Creating fields: 

Selecting field: dsmcVolFields

TimeData Statistics: 
 measurement option: write
 nSamples: 1, time interval: 4e-07
 nAverages: 1250, time interval: 0.0005
 total no. of sampling steps: 0
 total no. of averaging Steps: 0


Creating fields: 

Selecting field: dsmcVolFields

TimeData Statistics: 
 measurement option: write
 nSamples: 1, time interval: 4e-07
 nAverages: 1250, time interval: 0.0005
 total no. of sampling steps: 0
 total no. of averaging Steps: 0


Selecting the coordinate system model:	dsmcCartesian

Selecting the time-step model:	dsmcConstantTimeStepModel

Creating fields: 

Selecting field: dsmcVolFields

TimeData Statistics: 
 measurement option: write
 nSamples: 1, time interval: 4e-07
 nAverages: 1250, time interval: 0.0005
 total no. of sampling steps: 0
 total no. of averaging Steps: 0


Constant time-step model:
- time-step [sec]	4e-07

Selecting the porous measurement model:	dsmcNoPorousMediumMeasurements

Creating fields: 

Selecting field: dsmcVolFields

TimeData Statistics: 
 measurement option: write
 nSamples: 1, time interval: 4e-07
 nAverages: 1250, time interval: 0.0005
 total no. of sampling steps: 0
 total no. of averaging Steps: 0



Creating dsmcControllers


Creating dsmcControllers

Creating fields: 

Selecting field: dsmcVolFields

TimeData Statistics: 
 measurement option: write
 nSamples: 1, time interval: 4e-07
 nAverages: 1250, time interval: 0.0005
 total no. of sampling steps: 0
 total no. of averaging Steps: 0


Creating fields: 

Selecting field: dsmcVolFields

TimeData Statistics: 
 measurement option: write
 nSamples: 1, time interval: 4e-07
 nAverages: 1250, time interval: 0.0005
 total no. of sampling steps: 0
 total no. of averaging Steps: 0



Creating dsmcControllers

Creating fields: 

Selecting field: dsmcVolFields

TimeData Statistics: 
 measurement option: write
 nSamples: 1, time interval: 4e-07
 nAverages: 1250, time interval: 0.0005
 total no. of sampling steps: 0
 total no. of averaging Steps: 0


Creating fields: 

Selecting field: dsmcVolFields

TimeData Statistics: 
 measurement option: write
 nSamples: 1, time interval: 4e-07
 nAverages: 1250, time interval: 0.0005
 total no. of sampling steps: 0
 total no. of averaging Steps: 0


Selecting the coordinate system model:	dsmcCartesian

Selecting the time-step model:	dsmcConstantTimeStepModel

Constant time-step model:
- time-step [sec]	4e-07

Selecting the porous measurement model:	dsmcNoPorousMediumMeasurements

Selecting the coordinate system model:	dsmcCartesian

Selecting the time-step model:	dsmcConstantTimeStepModel

Constant time-step model:
- time-step [sec]	4e-07

Selecting the porous measurement model:	dsmcNoPorousMediumMeasurements


Creating dsmcControllers


Creating dsmcControllers


Creating dsmcControllers

Creating fields: 

Selecting field: dsmcVolFields

TimeData Statistics: 
 measurement option: write
 nSamples: 1, time interval: 4e-07
 nAverages: 1250, time interval: 0.0005
 total no. of sampling steps: 0
 total no. of averaging Steps: 0



Creating dsmcControllers

Creating fields: 

Selecting field: dsmcVolFields

TimeData Statistics: 
 measurement option: write
 nSamples: 1, time interval: 4e-07
 nAverages: 1250, time interval: 0.0005
 total no. of sampling steps: 0
 total no. of averaging Steps: 0



Creating dsmcControllers


Creating dsmcControllers

Creating fields: 

Selecting field: dsmcVolFields

TimeData Statistics: 
 measurement option: write
 nSamples: 1, time interval: 4e-07
 nAverages: 1250, time interval: 0.0005
 total no. of sampling steps: 0
 total no. of averaging Steps: 0



Creating dsmcControllers


Creating dsmcControllers


Creating dsmcControllers


Creating dsmcControllers


Creating dsmcControllers

Creating fields: 

Selecting field: dsmcVolFields

TimeData Statistics: 
 measurement option: write
 nSamples: 1, time interval: 4e-07
 nAverages: 1250, time interval: 0.0005
 total no. of sampling steps: 0
 total no. of averaging Steps: 0


Creating fields: 

Selecting field: dsmcVolFields

TimeData Statistics: 
 measurement option: write
 nSamples: 1, time interval: 4e-07
 nAverages: 1250, time interval: 0.0005
 total no. of sampling steps: 0
 total no. of averaging Steps: 0



Creating dsmcControllers

--> FOAM Warning : 
    From function bool Foam::rmDir(const Foam::fileName &, bool)
    in file POSIX.C at line 990
    cannot open directory "/publicfs01/fs1-m8/home/m8s000774/users/xiao_chen_xiang/611/dsmcFoamPar/v1706/dlb/case/pal-phd-3.3.1-react/validate/mpi64/fieldMeasurements"
Creating fields: 

Selecting field: dsmcVolFields

TimeData Statistics: 
 measurement option: write
 nSamples: 1, time interval: 4e-07
 nAverages: 1250, time interval: 0.0005
 total no. of sampling steps: 0
 total no. of averaging Steps: 0


Creating fields: 

Selecting field: dsmcVolFields

TimeData Statistics: 
 measurement option: write
 nSamples: 1, time interval: 4e-07
 nAverages: 1250, time interval: 0.0005
 total no. of sampling steps: 0
 total no. of averaging Steps: 0


Creating fields: 

Selecting field: dsmcVolFields

TimeData Statistics: 
 measurement option: write
 nSamples: 1, time interval: 4e-07
 nAverages: 1250, time interval: 0.0005
 total no. of sampling steps: 0
 total no. of averaging Steps: 0



Creating dsmcControllers

Creating fields: 

Selecting field: dsmcVolFields

TimeData Statistics: 
 measurement option: write
 nSamples: 1, time interval: 4e-07
 nAverages: 1250, time interval: 0.0005
 total no. of sampling steps: 0
 total no. of averaging Steps: 0


Creating fields: 

Selecting field: dsmcVolFields

TimeData Statistics: 
 measurement option: write
 nSamples: 1, time interval: 4e-07
 nAverages: 1250, time interval: 0.0005
 total no. of sampling steps: 0
 total no. of averaging Steps: 0


Creating fields: 

Selecting field: dsmcVolFields

TimeData Statistics: 
 measurement option: write
 nSamples: 1, time interval: 4e-07
 nAverages: 1250, time interval: 0.0005
 total no. of sampling steps: 0
 total no. of averaging Steps: 0



Creating dsmcControllers


Creating dsmcControllers


Creating dsmcControllers

Creating fields: 

Selecting field: dsmcVolFields

TimeData Statistics: 
 measurement option: write
 nSamples: 1, time interval: 4e-07
 nAverages: 1250, time interval: 0.0005
 total no. of sampling steps: 0
 total no. of averaging Steps: 0


Creating fields: 

Selecting field: dsmcVolFields

TimeData Statistics: 
 measurement option: write
 nSamples: 1, time interval: 4e-07
 nAverages: 1250, time interval: 0.0005
 total no. of sampling steps: 0
 total no. of averaging Steps: 0


Creating fields: 

Selecting field: dsmcVolFields

TimeData Statistics: 
 measurement option: write
 nSamples: 1, time interval: 4e-07
 nAverages: 1250, time interval: 0.0005
 total no. of sampling steps: 0
 total no. of averaging Steps: 0



Creating dsmcControllers


Creating dsmcControllers


Creating dsmcControllers

Creating fields: 

Selecting field: dsmcVolFields

Creating dsmcControllers


TimeData Statistics: 
 measurement option: write
 nSamples: 1, time interval: 4e-07
 nAverages: 1250, time interval: 0.0005
 total no. of sampling steps: 0
 total no. of averaging Steps: 0


Creating fields: 

Selecting field: dsmcVolFields

TimeData Statistics: 
 measurement option: write
 nSamples: 1, time interval: 4e-07
 nAverages: 1250, time interval: 0.0005
 total no. of sampling steps: 0
 total no. of averaging Steps: 0



Creating dsmcControllers


Creating dsmcControllers

Creating fields: 

Selecting field: dsmcVolFields

TimeData Statistics: 
 measurement option: write
 nSamples: 1, time interval: 4e-07
 nAverages: 1250, time interval: 0.0005
 total no. of sampling steps: 0
 total no. of averaging Steps: 0


Creating fields: 

Selecting field: dsmcVolFields
--> FOAM Warning : 
    From function bool Foam::rmDir(const Foam::fileName &, bool)
    in file POSIX.C at line 1047
    failed to remove directory "/publicfs01/fs1-m8/home/m8s000774/users/xiao_chen_xiang/611/dsmcFoamPar/v1706/dlb/case/pal-phd-3.3.1-react/validate/mpi64/fieldMeasurements"

TimeData Statistics: 
 measurement option: write
 nSamples: 1, time interval: 4e-07
 nAverages: 1250, time interval: 0.0005
 total no. of sampling steps: 0
 total no. of averaging Steps: 0


Creating fields: 

Selecting field: dsmcVolFields

TimeData Statistics: 
 measurement option: write
 nSamples: 1, time interval: 4e-07
 nAverages: 1250, time interval: 0.0005
 total no. of sampling steps: 0
 total no. of averaging Steps: 0


Creating fields: 

Selecting field: dsmcVolFields

TimeData Statistics: 
 measurement option: write
 nSamples: 1, time interval: 4e-07
 nAverages: 1250, time interval: 0.0005
 total no. of sampling steps: 0
 total no. of averaging Steps: 0


Creating fields: 

Selecting field: dsmcVolFields

TimeData Statistics: 
 measurement option: write
 nSamples: 1, time interval: 4e-07
 nAverages: 1250, time interval: 0.0005
 total no. of sampling steps: 0
 total no. of averaging Steps: 0


Creating fields: 

Selecting field: dsmcVolFields

TimeData Statistics: 
 measurement option: write
 nSamples: 1, time interval: 4e-07
 nAverages: 1250, time interval: 0.0005
 total no. of sampling steps: 0
 total no. of averaging Steps: 0


Creating fields: 

Selecting field: dsmcVolFields

TimeData Statistics: 
 measurement option: write
 nSamples: 1, time interval: 4e-07
 nAverages: 1250, time interval: 0.0005
 total no. of sampling steps: 0
 total no. of averaging Steps: 0



Creating dsmcControllers

Creating fields: 

Selecting field: dsmcVolFields

TimeData Statistics: 
 measurement option: write
 nSamples: 1, time interval: 4e-07
 nAverages: 1250, time interval: 0.0005
 total no. of sampling steps: 0
 total no. of averaging Steps: 0



Creating dsmcControllers


Creating dsmcControllers

Creating fields: 

Selecting field: dsmcVolFields

TimeData Statistics: 
 measurement option: write
 nSamples: 1, time interval: 4e-07
 nAverages: 1250, time interval: 0.0005
 total no. of sampling steps: 0
 total no. of averaging Steps: 0


Creating fields: 

Selecting field: dsmcVolFields

TimeData Statistics: 
 measurement option: write
 nSamples: 1, time interval: 4e-07
 nAverages: 1250, time interval: 0.0005
 total no. of sampling steps: 0
 total no. of averaging Steps: 0


Selecting field: dsmcVolFields

TimeData Statistics: 
 measurement option: write
 nSamples: 1, time interval: 4e-07
 nAverages: 1250, time interval: 0.0005
 total no. of sampling steps: 0
 total no. of averaging Steps: 0


Selecting field: dsmcVolFields

TimeData Statistics: 
 measurement option: write
Selecting field: dsmcVolFields

TimeData Statistics: 
 measurement option: write
 nSamples: 1, time interval: 4e-07
 nAverages: 1250, time interval: 0.0005
 total no. of sampling steps: 0
 total no. of averaging Steps: 0


 nSamples: 1, time interval: 4e-07
 nAverages: 1250, time interval: 0.0005
 total no. of sampling steps: 0
 total no. of averaging Steps: 0


Selecting field: dsmcVolFields

TimeData Statistics: 
 measurement option: write
 nSamples: 1, time interval: 4e-07
 nAverages: 1250, time interval: 0.0005
 total no. of sampling steps: 0
 total no. of averaging Steps: 0


Selecting field: dsmcVolFields

TimeData Statistics: 
 measurement option: write
 nSamples: 1, time interval: 4e-07
 nAverages: 1250, time interval: 0.0005
 total no. of sampling steps: 0
 total no. of averaging Steps: 0


Selecting field: dsmcVolFields

TimeData Statistics: 
 measurement option: write
 nSamples: 1, time interval: 4e-07
 nAverages: 1250, time interval: 0.0005
 total no. of sampling steps: 0
 total no. of averaging Steps: 0


Selecting field: dsmcVolFields

TimeData Statistics: 
 measurement option: write
 nSamples: 1, time interval: 4e-07
 nAverages: 1250, time interval: 0.0005
 total no. of sampling steps: 0
 total no. of averaging Steps: 0


Selecting field: dsmcVolFields

TimeData Statistics: 
 measurement option: write
 nSamples: 1, time interval: 4e-07
 nAverages: 1250, time interval: 0.0005
 total no. of sampling steps: 0
 total no. of averaging Steps: 0


Selecting field: dsmcVolFields

TimeData Statistics: 
 measurement option: write
 nSamples: 1, time interval: 4e-07
 nAverages: 1250, time interval: 0.0005
 total no. of sampling steps: 0
 total no. of averaging Steps: 0


Selecting field: dsmcVolFields

TimeData Statistics: 
 measurement option: write
 nSamples: 1, time interval: 4e-07
 nAverages: 1250, time interval: 0.0005
 total no. of sampling steps: 0
 total no. of averaging Steps: 0


Selecting field: dsmcVolFields

TimeData Statistics: 
 measurement option: write
 nSamples: 1, time interval: 4e-07
 nAverages: 1250, time interval: 0.0005
 total no. of sampling steps: 0
 total no. of averaging Steps: 0


Selecting field: dsmcVolFields

TimeData Statistics: 
 measurement option: write
 nSamples: 1, time interval: 4e-07
 nAverages: 1250, time interval: 0.0005
 total no. of sampling steps: 0
 total no. of averaging Steps: 0


Selecting field: dsmcVolFields

TimeData Statistics: 
 measurement option: write
 nSamples: 1, time interval: 4e-07
 nAverages: 1250, time interval: 0.0005
 total no. of sampling steps: 0
 total no. of averaging Steps: 0


Selecting field: dsmcVolFields

TimeData Statistics: 
 measurement option: write
 nSamples: 1, time interval: 4e-07
 nAverages: 1250, time interval: 0.0005
 total no. of sampling steps: 0
 total no. of averaging Steps: 0


Selecting field: dsmcVolFields

TimeData Statistics: 
 measurement option: write
 nSamples: 1, time interval: 4e-07
 nAverages: 1250, time interval: 0.0005
 total no. of sampling steps: 0
 total no. of averaging Steps: 0


Selecting field: dsmcVolFields

TimeData Statistics: 
 measurement option: write
 nSamples: 1, time interval: 4e-07
 nAverages: 1250, time interval: 0.0005
 total no. of sampling steps: 0
 total no. of averaging Steps: 0


Selecting field: dsmcVolFields

TimeData Statistics: 
 measurement option: write
 nSamples: 1, time interval: 4e-07
 nAverages: 1250, time interval: 0.0005
 total no. of sampling steps: 0
 total no. of averaging Steps: 0


Selecting field: dsmcVolFields

TimeData Statistics: 
 measurement option: write
 nSamples: 1, time interval: 4e-07
 nAverages: 1250, time interval: 0.0005
 total no. of sampling steps: 0
 total no. of averaging Steps: 0


Selecting field: dsmcVolFields

TimeData Statistics: 
 measurement option: write
 nSamples: 1, time interval: 4e-07
 nAverages: 1250, time interval: 0.0005
 total no. of sampling steps: 0
 total no. of averaging Steps: 0


Selecting field: dsmcVolFields

TimeData Statistics: 
 measurement option: write
 nSamples: 1, time interval: 4e-07
 nAverages: 1250, time interval: 0.0005
 total no. of sampling steps: 0
 total no. of averaging Steps: 0


Selecting field: dsmcVolFields

TimeData Statistics: 
 measurement option: write
 nSamples: 1, time interval: 4e-07
 nAverages: 1250, time interval: 0.0005
 total no. of sampling steps: 0
 total no. of averaging Steps: 0


Selecting field: dsmcVolFields

TimeData Statistics: 
 measurement option: write
 nSamples: 1, time interval: 4e-07
 nAverages: 1250, time interval: 0.0005
 total no. of sampling steps: 0
 total no. of averaging Steps: 0


Selecting field: dsmcVolFields

TimeData Statistics: 
 measurement option: write
 nSamples: 1, time interval: 4e-07
 nAverages: 1250, time interval: 0.0005
 total no. of sampling steps: 0
 total no. of averaging Steps: 0


Selecting field: dsmcVolFields

TimeData Statistics: 
 measurement option: write
 nSamples: 1, time interval: 4e-07
 nAverages: 1250, time interval: 0.0005
 total no. of sampling steps: 0
 total no. of averaging Steps: 0


Selecting field: dsmcVolFields

TimeData Statistics: 
 measurement option: write
 nSamples: 1, time interval: 4e-07
 nAverages: 1250, time interval: 0.0005
 total no. of sampling steps: 0
 total no. of averaging Steps: 0


Selecting field: dsmcVolFields

TimeData Statistics: 
 measurement option: write
 nSamples: 1, time interval: 4e-07
 nAverages: 1250, time interval: 0.0005
 total no. of sampling steps: 0
 total no. of averaging Steps: 0


Selecting field: dsmcVolFields

TimeData Statistics: 
 measurement option: write
 nSamples: 1, time interval: 4e-07
 nAverages: 1250, time interval: 0.0005
 total no. of sampling steps: 0
 total no. of averaging Steps: 0


Selecting field: dsmcVolFields

TimeData Statistics: 
 measurement option: write
 nSamples: 1, time interval: 4e-07
 nAverages: 1250, time interval: 0.0005
 total no. of sampling steps: 0
 total no. of averaging Steps: 0


Selecting field: dsmcVolFields

TimeData Statistics: 
 measurement option: write
 nSamples: 1, time interval: 4e-07
 nAverages: 1250, time interval: 0.0005
 total no. of sampling steps: 0
 total no. of averaging Steps: 0


Selecting field: dsmcVolFields

TimeData Statistics: 
 measurement option: write
 nSamples: 1, time interval: 4e-07
 nAverages: 1250, time interval: 0.0005
 total no. of sampling steps: 0
 total no. of averaging Steps: 0


Selecting field: dsmcVolFields

TimeData Statistics: 
 measurement option: write
 nSamples: 1, time interval: 4e-07
 nAverages: 1250, time interval: 0.0005
 total no. of sampling steps: 0
 total no. of averaging Steps: 0


Selecting field: dsmcVolFields

TimeData Statistics: 
 measurement option: write
 nSamples: 1, time interval: 4e-07
 nAverages: 1250, time interval: 0.0005
 total no. of sampling steps: 0
 total no. of averaging Steps: 0


Selecting field: dsmcVolFields

TimeData Statistics: 
 measurement option: write
 nSamples: 1, time interval: 4e-07
 nAverages: 1250, time interval: 0.0005
 total no. of sampling steps: 0
 total no. of averaging Steps: 0


Selecting field: dsmcVolFields

TimeData Statistics: 
 measurement option: write
 nSamples: 1, time interval: 4e-07
 nAverages: 1250, time interval: 0.0005
 total no. of sampling steps: 0
 total no. of averaging Steps: 0


Selecting field: dsmcVolFields

TimeData Statistics: 
 measurement option: write
 nSamples: 1, time interval: 4e-07
 nAverages: 1250, time interval: 0.0005
 total no. of sampling steps: 0
 total no. of averaging Steps: 0


Selecting field: dsmcVolFields

TimeData Statistics: 
 measurement option: write
 nSamples: 1, time interval: 4e-07
 nAverages: 1250, time interval: 0.0005
 total no. of sampling steps: 0
 total no. of averaging Steps: 0


Selecting field: dsmcVolFields

TimeData Statistics: 
 measurement option: write
 nSamples: 1, time interval: 4e-07
 nAverages: 1250, time interval: 0.0005
 total no. of sampling steps: 0
 total no. of averaging Steps: 0


Selecting field: dsmcVolFields

TimeData Statistics: 
 measurement option: write
 nSamples: 1, time interval: 4e-07
 nAverages: 1250, time interval: 0.0005
 total no. of sampling steps: 0
 total no. of averaging Steps: 0


Selecting field: dsmcVolFields

TimeData Statistics: 
 measurement option: write
 nSamples: 1, time interval: 4e-07
 nAverages: 1250, time interval: 0.0005
 total no. of sampling steps: 0
 total no. of averaging Steps: 0


Selecting field: dsmcVolFields

TimeData Statistics: 
 measurement option: write
 nSamples: 1, time interval: 4e-07
 nAverages: 1250, time interval: 0.0005
 total no. of sampling steps: 0
 total no. of averaging Steps: 0


Selecting field: dsmcVolFields

TimeData Statistics: 
 measurement option: write
 nSamples: 1, time interval: 4e-07
 nAverages: 1250, time interval: 0.0005
 total no. of sampling steps: 0
 total no. of averaging Steps: 0


Selecting field: dsmcVolFields

TimeData Statistics: 
 measurement option: write
 nSamples: 1, time interval: 4e-07
 nAverages: 1250, time interval: 0.0005
 total no. of sampling steps: 0
 total no. of averaging Steps: 0


Selecting field: dsmcVolFields

TimeData Statistics: 
 measurement option: write
 nSamples: 1, time interval: 4e-07
 nAverages: 1250, time interval: 0.0005
 total no. of sampling steps: 0
 total no. of averaging Steps: 0


Selecting field: dsmcVolFields

TimeData Statistics: 
 measurement option: write
 nSamples: 1, time interval: 4e-07
 nAverages: 1250, time interval: 0.0005
 total no. of sampling steps: 0
 total no. of averaging Steps: 0


Selecting field: dsmcVolFields

TimeData Statistics: 
 measurement option: write
 nSamples: 1, time interval: 4e-07
 nAverages: 1250, time interval: 0.0005
 total no. of sampling steps: 0
 total no. of averaging Steps: 0


Selecting field: dsmcVolFields

TimeData Statistics: 
 measurement option: write
 nSamples: 1, time interval: 4e-07
 nAverages: 1250, time interval: 0.0005
 total no. of sampling steps: 0
 total no. of averaging Steps: 0


Selecting field: dsmcVolFields

TimeData Statistics: 
 measurement option: write
 nSamples: 1, time interval: 4e-07
 nAverages: 1250, time interval: 0.0005
 total no. of sampling steps: 0
 total no. of averaging Steps: 0


Selecting field: dsmcVolFields

TimeData Statistics: 
 measurement option: write
 nSamples: 1, time interval: 4e-07
 nAverages: 1250, time interval: 0.0005
 total no. of sampling steps: 0
 total no. of averaging Steps: 0


Selecting field: dsmcVolFields

TimeData Statistics: 
 measurement option: write
 nSamples: 1, time interval: 4e-07
 nAverages: 1250, time interval: 0.0005
 total no. of sampling steps: 0
 total no. of averaging Steps: 0


Selecting field: dsmcVolFields

TimeData Statistics: 
 measurement option: write
 nSamples: 1, time interval: 4e-07
 nAverages: 1250, time interval: 0.0005
 total no. of sampling steps: 0
 total no. of averaging Steps: 0


Selecting field: dsmcVolFields

TimeData Statistics: 
 measurement option: write
 nSamples: 1, time interval: 4e-07
 nAverages: 1250, time interval: 0.0005
 total no. of sampling steps: 0
 total no. of averaging Steps: 0


Selecting field: dsmcVolFields

TimeData Statistics: 
 measurement option: write
 nSamples: 1, time interval: 4e-07
 nAverages: 1250, time interval: 0.0005
 total no. of sampling steps: 0
 total no. of averaging Steps: 0


Selecting field: dsmcVolFields

TimeData Statistics: 
 measurement option: write
 nSamples: 1, time interval: 4e-07
 nAverages: 1250, time interval: 0.0005
 total no. of sampling steps: 0
 total no. of averaging Steps: 0


Selecting field: dsmcVolFields

TimeData Statistics: 
 measurement option: write
 nSamples: 1, time interval: 4e-07
 nAverages: 1250, time interval: 0.0005
 total no. of sampling steps: 0
 total no. of averaging Steps: 0


Selecting field: dsmcVolFields

TimeData Statistics: 
 measurement option: write
 nSamples: 1, time interval: 4e-07
 nAverages: 1250, time interval: 0.0005
 total no. of sampling steps: 0
 total no. of averaging Steps: 0


Selecting field: dsmcVolFields

TimeData Statistics: 
 measurement option: write
 nSamples: 1, time interval: 4e-07
 nAverages: 1250, time interval: 0.0005
 total no. of sampling steps: 0
 total no. of averaging Steps: 0


Selecting field: dsmcVolFields

TimeData Statistics: 
 measurement option: write
 nSamples: 1, time interval: 4e-07
 nAverages: 1250, time interval: 0.0005
 total no. of sampling steps: 0
 total no. of averaging Steps: 0


Selecting field: dsmcVolFields

TimeData Statistics: 
 measurement option: write
 nSamples: 1, time interval: 4e-07
 nAverages: 1250, time interval: 0.0005
 total no. of sampling steps: 0
 total no. of averaging Steps: 0


Selecting field: dsmcVolFields

TimeData Statistics: 
 measurement option: write
 nSamples: 1, time interval: 4e-07
 nAverages: 1250, time interval: 0.0005
 total no. of sampling steps: 0
 total no. of averaging Steps: 0


Selecting field: dsmcVolFields

TimeData Statistics: 
 measurement option: write
 nSamples: 1, time interval: 4e-07
 nAverages: 1250, time interval: 0.0005
 total no. of sampling steps: 0
 total no. of averaging Steps: 0


Selecting field: dsmcVolFields

TimeData Statistics: 
 measurement option: write
 nSamples: 1, time interval: 4e-07
 nAverages: 1250, time interval: 0.0005
 total no. of sampling steps: 0
 total no. of averaging Steps: 0


Selecting field: dsmcVolFields

TimeData Statistics: 
 measurement option: write
Selecting field: dsmcVolFields

TimeData Statistics: 
 measurement option: write
 nSamples: 1, time interval: 4e-07
 nAverages: 1250, time interval: 0.0005
 total no. of sampling steps: 0
 total no. of averaging Steps: 0


 nSamples: 1, time interval: 4e-07
 nAverages: 1250, time interval: 0.0005
 total no. of sampling steps: 0
 total no. of averaging Steps: 0


Selecting field: dsmcVolFields

TimeData Statistics: 
 measurement option: write
 nSamples: 1, time interval: 4e-07
 nAverages: 1250, time interval: 0.0005
 total no. of sampling steps: 0
 total no. of averaging Steps: 0


Selecting field: dsmcVolFields

TimeData Statistics: 
 measurement option: write
 nSamples: 1, time interval: 4e-07
 nAverages: 1250, time interval: 0.0005
 total no. of sampling steps: 0
 total no. of averaging Steps: 0


Selecting field: dsmcVolFields

TimeData Statistics: 
 measurement option: write
 nSamples: 1, time interval: 4e-07
 nAverages: 1250, time interval: 0.0005
 total no. of sampling steps: 0
 total no. of averaging Steps: 0


Selecting field: dsmcVolFields

TimeData Statistics: 
 measurement option: write
 nSamples: 1, time interval: 4e-07
 nAverages: 1250, time interval: 0.0005
 total no. of sampling steps: 0
 total no. of averaging Steps: 0


Selecting field: dsmcVolFields

TimeData Statistics: 
 measurement option: write
 nSamples: 1, time interval: 4e-07
 nAverages: 1250, time interval: 0.0005
 total no. of sampling steps: 0
 total no. of averaging Steps: 0


Selecting field: dsmcVolFields

TimeData Statistics: 
 measurement option: write
 nSamples: 1, time interval: 4e-07
 nAverages: 1250, time interval: 0.0005
 total no. of sampling steps: 0
 total no. of averaging Steps: 0


Selecting field: dsmcVolFields

TimeData Statistics: 
 measurement option: write
 nSamples: 1, time interval: 4e-07
 nAverages: 1250, time interval: 0.0005
 total no. of sampling steps: 0
 total no. of averaging Steps: 0


Selecting field: dsmcVolFields

TimeData Statistics: 
 measurement option: write
 nSamples: 1, time interval: 4e-07
 nAverages: 1250, time interval: 0.0005
 total no. of sampling steps: 0
 total no. of averaging Steps: 0


Selecting field: dsmcVolFields

TimeData Statistics: 
 measurement option: write
 nSamples: 1, time interval: 4e-07
 nAverages: 1250, time interval: 0.0005
 total no. of sampling steps: 0
 total no. of averaging Steps: 0


Selecting field: dsmcVolFields

TimeData Statistics: 
 measurement option: write
 nSamples: 1, time interval: 4e-07
 nAverages: 1250, time interval: 0.0005
 total no. of sampling steps: 0
 total no. of averaging Steps: 0


Selecting field: dsmcVolFields

TimeData Statistics: 
 measurement option: write
 nSamples: 1, time interval: 4e-07
 nAverages: 1250, time interval: 0.0005
 total no. of sampling steps: 0
 total no. of averaging Steps: 0


Selecting field: dsmcVolFields

TimeData Statistics: 
 measurement option: write
 nSamples: 1, time interval: 4e-07
 nAverages: 1250, time interval: 0.0005
 total no. of sampling steps: 0
 total no. of averaging Steps: 0


Selecting field: dsmcVolFields

TimeData Statistics: 
 measurement option: write
 nSamples: 1, time interval: 4e-07
 nAverages: 1250, time interval: 0.0005
 total no. of sampling steps: 0
 total no. of averaging Steps: 0


Selecting field: dsmcVolFields

TimeData Statistics: 
 measurement option: write
 nSamples: 1, time interval: 4e-07
 nAverages: 1250, time interval: 0.0005
 total no. of sampling steps: 0
 total no. of averaging Steps: 0


Selecting field: dsmcVolFields

TimeData Statistics: 
 measurement option: write
 nSamples: 1, time interval: 4e-07
 nAverages: 1250, time interval: 0.0005
 total no. of sampling steps: 0
 total no. of averaging Steps: 0


Selecting field: dsmcVolFields

TimeData Statistics: 
 measurement option: write
 nSamples: 1, time interval: 4e-07
 nAverages: 1250, time interval: 0.0005
 total no. of sampling steps: 0
 total no. of averaging Steps: 0


Selecting field: dsmcVolFields

TimeData Statistics: 
Selecting field: dsmcVolFields

TimeData Statistics: 
 measurement option: write
 nSamples: 1, time interval: 4e-07
 nAverages: 1250, time interval: 0.0005
 total no. of sampling steps: 0
 total no. of averaging Steps: 0


 measurement option: write
 nSamples: 1, time interval: 4e-07
 nAverages: 1250, time interval: 0.0005
 total no. of sampling steps: 0
 total no. of averaging Steps: 0


Selecting field: dsmcVolFields

TimeData Statistics: 
 measurement option: write
 nSamples: 1, time interval: 4e-07
 nAverages: 1250, time interval: 0.0005
 total no. of sampling steps: 0
 total no. of averaging Steps: 0


Selecting field: dsmcVolFields

TimeData Statistics: 
 measurement option: write
 nSamples: 1, time interval: 4e-07
 nAverages: 1250, time interval: 0.0005
 total no. of sampling steps: 0
 total no. of averaging Steps: 0


Selecting field: dsmcVolFields

TimeData Statistics: 
 measurement option: write
 nSamples: 1, time interval: 4e-07
 nAverages: 1250, time interval: 0.0005
 total no. of sampling steps: 0
 total no. of averaging Steps: 0


Selecting field: dsmcVolFields

TimeData Statistics: 
 measurement option: write
 nSamples: 1, time interval: 4e-07
 nAverages: 1250, time interval: 0.0005
 total no. of sampling steps: 0
 total no. of averaging Steps: 0


Selecting field: dsmcVolFields

TimeData Statistics: 
 measurement option: write
 nSamples: 1, time interval: 4e-07
 nAverages: 1250, time interval: 0.0005
 total no. of sampling steps: 0
 total no. of averaging Steps: 0


Selecting field: dsmcVolFields

TimeData Statistics: 
 measurement option: write
 nSamples: 1, time interval: 4e-07
 nAverages: 1250, time interval: 0.0005
 total no. of sampling steps: 0
 total no. of averaging Steps: 0


Selecting field: dsmcVolFields

TimeData Statistics: 
 measurement option: write
 nSamples: 1, time interval: 4e-07
 nAverages: 1250, time interval: 0.0005
 total no. of sampling steps: 0
 total no. of averaging Steps: 0


Selecting field: dsmcVolFields

TimeData Statistics: 
 measurement option: write
 nSamples: 1, time interval: 4e-07
 nAverages: 1250, time interval: 0.0005
 total no. of sampling steps: 0
 total no. of averaging Steps: 0


Selecting field: dsmcVolFields

TimeData Statistics: 
 measurement option: write
 nSamples: 1, time interval: 4e-07
 nAverages: 1250, time interval: 0.0005
 total no. of sampling steps: 0
 total no. of averaging Steps: 0


Selecting field: dsmcVolFields

TimeData Statistics: 
 measurement option: write
 nSamples: 1, time interval: 4e-07
 nAverages: 1250, time interval: 0.0005
 total no. of sampling steps: 0
 total no. of averaging Steps: 0


Selecting field: dsmcVolFields

TimeData Statistics: 
 measurement option: write
 nSamples: 1, time interval: 4e-07
 nAverages: 1250, time interval: 0.0005
 total no. of sampling steps: 0
 total no. of averaging Steps: 0


Selecting field: dsmcVolFields

TimeData Statistics: 
 measurement option: write
 nSamples: 1, time interval: 4e-07
 nAverages: 1250, time interval: 0.0005
 total no. of sampling steps: 0
 total no. of averaging Steps: 0


Selecting field: dsmcVolFields

TimeData Statistics: 
 measurement option: write
 nSamples: 1, time interval: 4e-07
 nAverages: 1250, time interval: 0.0005
 total no. of sampling steps: 0
 total no. of averaging Steps: 0


Selecting field: dsmcVolFields

TimeData Statistics: 
 measurement option: write
 nSamples: 1, time interval: 4e-07
 nAverages: 1250, time interval: 0.0005
 total no. of sampling steps: 0
 total no. of averaging Steps: 0


Selecting field: dsmcVolFields

TimeData Statistics: 
 measurement option: write
 nSamples: 1, time interval: 4e-07
 nAverages: 1250, time interval: 0.0005
 total no. of sampling steps: 0
 total no. of averaging Steps: 0


Selecting field: dsmcVolFields

TimeData Statistics: 
 measurement option: write
 nSamples: 1, time interval: 4e-07
 nAverages: 1250, time interval: 0.0005
 total no. of sampling steps: 0
 total no. of averaging Steps: 0


Selecting field: dsmcVolFields

TimeData Statistics: 
 measurement option: write
 nSamples: 1, time interval: 4e-07
 nAverages: 1250, time interval: 0.0005
 total no. of sampling steps: 0
 total no. of averaging Steps: 0


Selecting field: dsmcVolFields

TimeData Statistics: 
 measurement option: write
 nSamples: 1, time interval: 4e-07
 nAverages: 1250, time interval: 0.0005
 total no. of sampling steps: 0
 total no. of averaging Steps: 0


Selecting field: dsmcVolFields

TimeData Statistics: 
 measurement option: write
 nSamples: 1, time interval: 4e-07
 nAverages: 1250, time interval: 0.0005
 total no. of sampling steps: 0
 total no. of averaging Steps: 0


Selecting field: dsmcVolFields

TimeData Statistics: 
 measurement option: write
 nSamples: 1, time interval: 4e-07
 nAverages: 1250, time interval: 0.0005
 total no. of sampling steps: 0
 total no. of averaging Steps: 0


Selecting field: dsmcVolFields
Selecting field: dsmcVolFields

TimeData Statistics: 
 measurement option: write
 nSamples: 1, time interval: 4e-07
 nAverages: 1250, time interval: 0.0005
 total no. of sampling steps: 0
 total no. of averaging Steps: 0


Selecting field: dsmcVolFields

TimeData Statistics: 
 measurement option: write
 nSamples: 1, time interval: 4e-07
 nAverages: 1250, time interval: 0.0005
 total no. of sampling steps: 0
 total no. of averaging Steps: 0



TimeData Statistics: 
 measurement option: write
 nSamples: 1, time interval: 4e-07
 nAverages: 1250, time interval: 0.0005
 total no. of sampling steps: 0
 total no. of averaging Steps: 0


Selecting field: dsmcVolFields

TimeData Statistics: 
 measurement option: write
 nSamples: 1, time interval: 4e-07
 nAverages: 1250, time interval: 0.0005
 total no. of sampling steps: 0
 total no. of averaging Steps: 0


Selecting field: dsmcVolFields

TimeData Statistics: 
 measurement option: write
 nSamples: 1, time interval: 4e-07
 nAverages: 1250, time interval: 0.0005
 total no. of sampling steps: 0
 total no. of averaging Steps: 0


Selecting field: dsmcVolFields

TimeData Statistics: 
 measurement option: write
 nSamples: 1, time interval: 4e-07
 nAverages: 1250, time interval: 0.0005
 total no. of sampling steps: 0
 total no. of averaging Steps: 0


Selecting field: dsmcVolFields

TimeData Statistics: 
 measurement option: write
 nSamples: 1, time interval: 4e-07
 nAverages: 1250, time interval: 0.0005
 total no. of sampling steps: 0
 total no. of averaging Steps: 0


Selecting field: dsmcVolFields

TimeData Statistics: 
 measurement option: write
 nSamples: 1, time interval: 4e-07
 nAverages: 1250, time interval: 0.0005
 total no. of sampling steps: 0
 total no. of averaging Steps: 0


Selecting field: dsmcVolFields

TimeData Statistics: 
 measurement option: write
 nSamples: 1, time interval: 4e-07
 nAverages: 1250, time interval: 0.0005
 total no. of sampling steps: 0
 total no. of averaging Steps: 0


Selecting field: dsmcVolFields

TimeData Statistics: 
 measurement option: write
 nSamples: 1, time interval: 4e-07
 nAverages: 1250, time interval: 0.0005
 total no. of sampling steps: 0
 total no. of averaging Steps: 0


Selecting field: dsmcVolFields

TimeData Statistics: 
 measurement option: write
 nSamples: 1, time interval: 4e-07
 nAverages: 1250, time interval: 0.0005
 total no. of sampling steps: 0
 total no. of averaging Steps: 0


Selecting field: dsmcVolFields

TimeData Statistics: 
 measurement option: write
 nSamples: 1, time interval: 4e-07
 nAverages: 1250, time interval: 0.0005
 total no. of sampling steps: 0
 total no. of averaging Steps: 0


Selecting field: dsmcVolFields

TimeData Statistics: 
 measurement option: write
 nSamples: 1, time interval: 4e-07
 nAverages: 1250, time interval: 0.0005
 total no. of sampling steps: 0
 total no. of averaging Steps: 0


Selecting field: dsmcVolFields

TimeData Statistics: 
 measurement option: write
 nSamples: 1, time interval: 4e-07
 nAverages: 1250, time interval: 0.0005
 total no. of sampling steps: 0
 total no. of averaging Steps: 0


Selecting field: dsmcVolFields

TimeData Statistics: 
 measurement option: write
 nSamples: 1, time interval: 4e-07
 nAverages: 1250, time interval: 0.0005
 total no. of sampling steps: 0
 total no. of averaging Steps: 0


Selecting field: dsmcVolFields

TimeData Statistics: 
 measurement option: write
 nSamples: 1, time interval: 4e-07
 nAverages: 1250, time interval: 0.0005
 total no. of sampling steps: 0
 total no. of averaging Steps: 0


Selecting field: dsmcVolFields

TimeData Statistics: 
 measurement option: write
 nSamples: 1, time interval: 4e-07
 nAverages: 1250, time interval: 0.0005
 total no. of sampling steps: 0
 total no. of averaging Steps: 0


Selecting field: dsmcVolFields

TimeData Statistics: 
 measurement option: write
 nSamples: 1, time interval: 4e-07
 nAverages: 1250, time interval: 0.0005
 total no. of sampling steps: 0
 total no. of averaging Steps: 0


Selecting field: dsmcVolFields

TimeData Statistics: 
 measurement option: write
 nSamples: 1, time interval: 4e-07
 nAverages: 1250, time interval: 0.0005
 total no. of sampling steps: 0
 total no. of averaging Steps: 0


Selecting field: dsmcVolFields

TimeData Statistics: 
 measurement option: write
 nSamples: 1, time interval: 4e-07
 nAverages: 1250, time interval: 0.0005
 total no. of sampling steps: 0
 total no. of averaging Steps: 0


Selecting field: dsmcVolFields

TimeData Statistics: 
 measurement option: write
 nSamples: 1, time interval: 4e-07
 nAverages: 1250, time interval: 0.0005
 total no. of sampling steps: 0
 total no. of averaging Steps: 0


Selecting field: dsmcVolFields

TimeData Statistics: 
 measurement option: write
 nSamples: 1, time interval: 4e-07
 nAverages: 1250, time interval: 0.0005
 total no. of sampling steps: 0
 total no. of averaging Steps: 0


Selecting field: dsmcVolFields

TimeData Statistics: 
 measurement option: write
 nSamples: 1, time interval: 4e-07
 nAverages: 1250, time interval: 0.0005
 total no. of sampling steps: 0
 total no. of averaging Steps: 0


Selecting field: dsmcVolFields

TimeData Statistics: 
 measurement option: write
 nSamples: 1, time interval: 4e-07
 nAverages: 1250, time interval: 0.0005
 total no. of sampling steps: 0
 total no. of averaging Steps: 0


Selecting field: dsmcVolFields

TimeData Statistics: 
 measurement option: write
 nSamples: 1, time interval: 4e-07
 nAverages: 1250, time interval: 0.0005
 total no. of sampling steps: 0
 total no. of averaging Steps: 0


Selecting field: dsmcVolFields

TimeData Statistics: 
 measurement option: write
 nSamples: 1, time interval: 4e-07
 nAverages: 1250, time interval: 0.0005
 total no. of sampling steps: 0
 total no. of averaging Steps: 0


Selecting field: dsmcVolFields

TimeData Statistics: 
 measurement option: write
 nSamples: 1, time interval: 4e-07
 nAverages: 1250, time interval: 0.0005
 total no. of sampling steps: 0
 total no. of averaging Steps: 0


Selecting field: dsmcVolFields

TimeData Statistics: 
 measurement option: write
 nSamples: 1, time interval: 4e-07
 nAverages: 1250, time interval: 0.0005
 total no. of sampling steps: 0
 total no. of averaging Steps: 0


Selecting field: dsmcVolFields

TimeData Statistics: 
 measurement option: write
 nSamples: 1, time interval: 4e-07
 nAverages: 1250, time interval: 0.0005
 total no. of sampling steps: 0
 total no. of averaging Steps: 0


Selecting field: dsmcVolFields

TimeData Statistics: 
 measurement option: write
 nSamples: 1, time interval: 4e-07
 nAverages: 1250, time interval: 0.0005
 total no. of sampling steps: 0
 total no. of averaging Steps: 0


Selecting field: dsmcVolFields

TimeData Statistics: 
 measurement option: write
 nSamples: 1, time interval: 4e-07
 nAverages: 1250, time interval: 0.0005
 total no. of sampling steps: 0
 total no. of averaging Steps: 0


Selecting field: dsmcVolFields

TimeData Statistics: 
 measurement option: write
 nSamples: 1, time interval: 4e-07
 nAverages: 1250, time interval: 0.0005
 total no. of sampling steps: 0
 total no. of averaging Steps: 0


Selecting field: dsmcVolFields

TimeData Statistics: 
 measurement option: write
 nSamples: 1, time interval: 4e-07
 nAverages: 1250, time interval: 0.0005
 total no. of sampling steps: 0
 total no. of averaging Steps: 0


Selecting field: dsmcVolFields

TimeData Statistics: 
 measurement option: write
 nSamples: 1, time interval: 4e-07
 nAverages: 1250, time interval: 0.0005
 total no. of sampling steps: 0
 total no. of averaging Steps: 0


Selecting field: dsmcVolFields

TimeData Statistics: 
 measurement option: write
 nSamples: 1, time interval: 4e-07
 nAverages: 1250, time interval: 0.0005
 total no. of sampling steps: 0
 total no. of averaging Steps: 0


Selecting field: dsmcVolFields

TimeData Statistics: 
 measurement option: write
 nSamples: 1, time interval: 4e-07
 nAverages: 1250, time interval: 0.0005
 total no. of sampling steps: 0
 total no. of averaging Steps: 0


Selecting field: dsmcVolFields

TimeData Statistics: 
 measurement option: write
 nSamples: 1, time interval: 4e-07
 nAverages: 1250, time interval: 0.0005
 total no. of sampling steps: 0
 total no. of averaging Steps: 0


Selecting field: dsmcVolFields
Selecting field: dsmcVolFields

TimeData Statistics: 
 measurement option: write
 nSamples: 1, time interval: 4e-07
 nAverages: 1250, time interval: 0.0005
 total no. of sampling steps: 0
 total no. of averaging Steps: 0



TimeData Statistics: 
 measurement option: write
 nSamples: 1, time interval: 4e-07
 nAverages: 1250, time interval: 0.0005
 total no. of sampling steps: 0
 total no. of averaging Steps: 0


Selecting field: dsmcVolFields

TimeData Statistics: 
 measurement option: write
 nSamples: 1, time interval: 4e-07
 nAverages: 1250, time interval: 0.0005
 total no. of sampling steps: 0
 total no. of averaging Steps: 0


Selecting field: dsmcVolFields

TimeData Statistics: 
 measurement option: write
 nSamples: 1, time interval: 4e-07
 nAverages: 1250, time interval: 0.0005
 total no. of sampling steps: 0
 total no. of averaging Steps: 0


Selecting field: dsmcVolFields

TimeData Statistics: 
 measurement option: write
 nSamples: 1, time interval: 4e-07
 nAverages: 1250, time interval: 0.0005
 total no. of sampling steps: 0
 total no. of averaging Steps: 0


Selecting field: dsmcVolFields

TimeData Statistics: 
 measurement option: write
 nSamples: 1, time interval: 4e-07
 nAverages: 1250, time interval: 0.0005
 total no. of sampling steps: 0
 total no. of averaging Steps: 0


Selecting field: dsmcVolFields

TimeData Statistics: 
 measurement option: write
 nSamples: 1, time interval: 4e-07
 nAverages: 1250, time interval: 0.0005
 total no. of sampling steps: 0
 total no. of averaging Steps: 0


Selecting field: dsmcVolFields

TimeData Statistics: 
 measurement option: write
 nSamples: 1, time interval: 4e-07
 nAverages: 1250, time interval: 0.0005
 total no. of sampling steps: 0
 total no. of averaging Steps: 0


Selecting field: dsmcVolFields

TimeData Statistics: 
 measurement option: write
 nSamples: 1, time interval: 4e-07
 nAverages: 1250, time interval: 0.0005
 total no. of sampling steps: 0
 total no. of averaging Steps: 0


Selecting field: dsmcVolFields

TimeData Statistics: 
 measurement option: write
 nSamples: 1, time interval: 4e-07
 nAverages: 1250, time interval: 0.0005
 total no. of sampling steps: 0
 total no. of averaging Steps: 0


Selecting field: dsmcVolFields

TimeData Statistics: 
 measurement option: write
 nSamples: 1, time interval: 4e-07
 nAverages: 1250, time interval: 0.0005
 total no. of sampling steps: 0
 total no. of averaging Steps: 0


Selecting field: dsmcVolFields

TimeData Statistics: 
 measurement option: write
 nSamples: 1, time interval: 4e-07
 nAverages: 1250, time interval: 0.0005
 total no. of sampling steps: 0
 total no. of averaging Steps: 0


Selecting field: dsmcVolFields

TimeData Statistics: 
 measurement option: write
 nSamples: 1, time interval: 4e-07
 nAverages: 1250, time interval: 0.0005
 total no. of sampling steps: 0
 total no. of averaging Steps: 0


Selecting field: dsmcVolFields

TimeData Statistics: 
 measurement option: write
 nSamples: 1, time interval: 4e-07
 nAverages: 1250, time interval: 0.0005
 total no. of sampling steps: 0
 total no. of averaging Steps: 0


Selecting field: dsmcVolFields

TimeData Statistics: 
 measurement option: write
 nSamples: 1, time interval: 4e-07
 nAverages: 1250, time interval: 0.0005
 total no. of sampling steps: 0
 total no. of averaging Steps: 0


Selecting field: dsmcVolFields

TimeData Statistics: 
 measurement option: write
 nSamples: 1, time interval: 4e-07
 nAverages: 1250, time interval: 0.0005
 total no. of sampling steps: 0
 total no. of averaging Steps: 0


Selecting field: dsmcVolFields

TimeData Statistics: 
 measurement option: write
 nSamples: 1, time interval: 4e-07
 nAverages: 1250, time interval: 0.0005
 total no. of sampling steps: 0
 total no. of averaging Steps: 0


Selecting field: dsmcVolFields

TimeData Statistics: 
 measurement option: write
 nSamples: 1, time interval: 4e-07
 nAverages: 1250, time interval: 0.0005
 total no. of sampling steps: 0
 total no. of averaging Steps: 0


Selecting field: dsmcVolFields

TimeData Statistics: 
 measurement option: write
 nSamples: 1, time interval: 4e-07
 nAverages: 1250, time interval: 0.0005
 total no. of sampling steps: 0
 total no. of averaging Steps: 0


Selecting field: dsmcVolFields

TimeData Statistics: 
 measurement option: write
 nSamples: 1, time interval: 4e-07
 nAverages: 1250, time interval: 0.0005
 total no. of sampling steps: 0
 total no. of averaging Steps: 0


Selecting field: dsmcVolFields

TimeData Statistics: 
 measurement option: write
 nSamples: 1, time interval: 4e-07
 nAverages: 1250, time interval: 0.0005
 total no. of sampling steps: 0
 total no. of averaging Steps: 0


Selecting field: dsmcVolFields

TimeData Statistics: 
 measurement option: write
 nSamples: 1, time interval: 4e-07
 nAverages: 1250, time interval: 0.0005
 total no. of sampling steps: 0
 total no. of averaging Steps: 0


Selecting field: dsmcVolFields

TimeData Statistics: 
 measurement option: write
 nSamples: 1, time interval: 4e-07
 nAverages: 1250, time interval: 0.0005
 total no. of sampling steps: 0
 total no. of averaging Steps: 0


Selecting field: dsmcVolFields

TimeData Statistics: 
 measurement option: write
 nSamples: 1, time interval: 4e-07
 nAverages: 1250, time interval: 0.0005
 total no. of sampling steps: 0
 total no. of averaging Steps: 0


Selecting field: dsmcVolFields

TimeData Statistics: 
 measurement option: write
 nSamples: 1, time interval: 4e-07
 nAverages: 1250, time interval: 0.0005
 total no. of sampling steps: 0
 total no. of averaging Steps: 0


Selecting field: dsmcVolFields

TimeData Statistics: 
 measurement option: write
 nSamples: 1, time interval: 4e-07
 nAverages: 1250, time interval: 0.0005
 total no. of sampling steps: 0
 total no. of averaging Steps: 0


Selecting field: dsmcVolFields

TimeData Statistics: 
 measurement option: write
 nSamples: 1, time interval: 4e-07
 nAverages: 1250, time interval: 0.0005
 total no. of sampling steps: 0
 total no. of averaging Steps: 0


Selecting field: dsmcVolFields

TimeData Statistics: 
 measurement option: write
 nSamples: 1, time interval: 4e-07
 nAverages: 1250, time interval: 0.0005
 total no. of sampling steps: 0
 total no. of averaging Steps: 0


Selecting field: dsmcVolFields

TimeData Statistics: 
 measurement option: write
 nSamples: 1, time interval: 4e-07
 nAverages: 1250, time interval: 0.0005
 total no. of sampling steps: 0
 total no. of averaging Steps: 0


Selecting field: dsmcVolFields

TimeData Statistics: 
 measurement option: write
 nSamples: 1, time interval: 4e-07
 nAverages: 1250, time interval: 0.0005
 total no. of sampling steps: 0
 total no. of averaging Steps: 0


Selecting field: dsmcVolFields

TimeData Statistics: 
 measurement option: write
 nSamples: 1, time interval: 4e-07
 nAverages: 1250, time interval: 0.0005
 total no. of sampling steps: 0
 total no. of averaging Steps: 0


Selecting field: dsmcVolFields

TimeData Statistics: 
 measurement option: write
 nSamples: 1, time interval: 4e-07
 nAverages: 1250, time interval: 0.0005
 total no. of sampling steps: 0
 total no. of averaging Steps: 0


Selecting field: dsmcVolFields

TimeData Statistics: 
 measurement option: write
 nSamples: 1, time interval: 4e-07
 nAverages: 1250, time interval: 0.0005
 total no. of sampling steps: 0
 total no. of averaging Steps: 0


Selecting field: dsmcVolFields

TimeData Statistics: 
 measurement option: write
 nSamples: 1, time interval: 4e-07
 nAverages: 1250, time interval: 0.0005
 total no. of sampling steps: 0
 total no. of averaging Steps: 0


Selecting field: dsmcVolFields

TimeData Statistics: 
 measurement option: write
 nSamples: 1, time interval: 4e-07
 nAverages: 1250, time interval: 0.0005
 total no. of sampling steps: 0
 total no. of averaging Steps: 0


Selecting field: dsmcVolFields

TimeData Statistics: 
 measurement option: write
 nSamples: 1, time interval: 4e-07
 nAverages: 1250, time interval: 0.0005
 total no. of sampling steps: 0
 total no. of averaging Steps: 0


Selecting field: dsmcVolFields

TimeData Statistics: 
 measurement option: write
 nSamples: 1, time interval: 4e-07
 nAverages: 1250, time interval: 0.0005
 total no. of sampling steps: 0
 total no. of averaging Steps: 0


Selecting field: dsmcVolFields

TimeData Statistics: 
 measurement option: write
 nSamples: 1, time interval: 4e-07
 nAverages: 1250, time interval: 0.0005
 total no. of sampling steps: 0
 total no. of averaging Steps: 0


Selecting field: dsmcVolFields

TimeData Statistics: 
 measurement option: write
 nSamples: 1, time interval: 4e-07
 nAverages: 1250, time interval: 0.0005
 total no. of sampling steps: 0
 total no. of averaging Steps: 0


Selecting field: dsmcVolFields

TimeData Statistics: 
 measurement option: write
 nSamples: 1, time interval: 4e-07
 nAverages: 1250, time interval: 0.0005
 total no. of sampling steps: 0
 total no. of averaging Steps: 0


Selecting field: dsmcVolFields

TimeData Statistics: 
 measurement option: write
 nSamples: 1, time interval: 4e-07
 nAverages: 1250, time interval: 0.0005
 total no. of sampling steps: 0
 total no. of averaging Steps: 0


Selecting field: dsmcVolFields

TimeData Statistics: 
 measurement option: write
 nSamples: 1, time interval: 4e-07
 nAverages: 1250, time interval: 0.0005
 total no. of sampling steps: 0
 total no. of averaging Steps: 0


Selecting field: dsmcVolFields

TimeData Statistics: 
 measurement option: write
 nSamples: 1, time interval: 4e-07
 nAverages: 1250, time interval: 0.0005
 total no. of sampling steps: 0
 total no. of averaging Steps: 0


Selecting field: dsmcVolFields

TimeData Statistics: 
 measurement option: write
 nSamples: 1, time interval: 4e-07
 nAverages: 1250, time interval: 0.0005
 total no. of sampling steps: 0
 total no. of averaging Steps: 0


Selecting field: dsmcVolFields

TimeData Statistics: 
 measurement option: write
 nSamples: 1, time interval: 4e-07
 nAverages: 1250, time interval: 0.0005
 total no. of sampling steps: 0
 total no. of averaging Steps: 0


Selecting field: dsmcVolFields

TimeData Statistics: 
 measurement option: write
 nSamples: 1, time interval: 4e-07
 nAverages: 1250, time interval: 0.0005
 total no. of sampling steps: 0
 total no. of averaging Steps: 0


Selecting field: dsmcVolFields

TimeData Statistics: 
 measurement option: write
 nSamples: 1, time interval: 4e-07
 nAverages: 1250, time interval: 0.0005
 total no. of sampling steps: 0
 total no. of averaging Steps: 0


Selecting field: dsmcVolFields

TimeData Statistics: 
 measurement option: write
 nSamples: 1, time interval: 4e-07
 nAverages: 1250, time interval: 0.0005
 total no. of sampling steps: 0
 total no. of averaging Steps: 0


Selecting field: dsmcVolFields

TimeData Statistics: 
 measurement option: write
 nSamples: 1, time interval: 4e-07
 nAverages: 1250, time interval: 0.0005
 total no. of sampling steps: 0
 total no. of averaging Steps: 0


Selecting field: dsmcVolFields

TimeData Statistics: 
 measurement option: write
 nSamples: 1, time interval: 4e-07
 nAverages: 1250, time interval: 0.0005
 total no. of sampling steps: 0
 total no. of averaging Steps: 0


Selecting field: dsmcVolFields

TimeData Statistics: 
 measurement option: write
 nSamples: 1, time interval: 4e-07
 nAverages: 1250, time interval: 0.0005
 total no. of sampling steps: 0
 total no. of averaging Steps: 0


Selecting field: dsmcVolFields

TimeData Statistics: 
 measurement option: write
 nSamples: 1, time interval: 4e-07
 nAverages: 1250, time interval: 0.0005
 total no. of sampling steps: 0
 total no. of averaging Steps: 0


Selecting field: dsmcVolFields

TimeData Statistics: 
 measurement option: write
 nSamples: 1, time interval: 4e-07
 nAverages: 1250, time interval: 0.0005
 total no. of sampling steps: 0
 total no. of averaging Steps: 0


Selecting field: dsmcVolFields

TimeData Statistics: 
 measurement option: write
 nSamples: 1, time interval: 4e-07
 nAverages: 1250, time interval: 0.0005
 total no. of sampling steps: 0
 total no. of averaging Steps: 0


Selecting field: dsmcVolFields

TimeData Statistics: 
 measurement option: write
 nSamples: 1, time interval: 4e-07
 nAverages: 1250, time interval: 0.0005
 total no. of sampling steps: 0
 total no. of averaging Steps: 0


Selecting field: dsmcVolFields

TimeData Statistics: 
 measurement option: write
 nSamples: 1, time interval: 4e-07
 nAverages: 1250, time interval: 0.0005
 total no. of sampling steps: 0
 total no. of averaging Steps: 0


Selecting field: dsmcVolFields

TimeData Statistics: 
 measurement option: write
 nSamples: 1, time interval: 4e-07
 nAverages: 1250, time interval: 0.0005
 total no. of sampling steps: 0
 total no. of averaging Steps: 0


Selecting field: dsmcVolFields

TimeData Statistics: 
 measurement option: write
 nSamples: 1, time interval: 4e-07
 nAverages: 1250, time interval: 0.0005
 total no. of sampling steps: 0
 total no. of averaging Steps: 0


Selecting field: dsmcVolFields

TimeData Statistics: 
 measurement option: write
 nSamples: 1, time interval: 4e-07
 nAverages: 1250, time interval: 0.0005
 total no. of sampling steps: 0
 total no. of averaging Steps: 0


Selecting field: dsmcVolFields
Selecting field: dsmcVolFields

TimeData Statistics: 
 measurement option: write
 nSamples: 1, time interval: 4e-07
 nAverages: 1250, time interval: 0.0005
 total no. of sampling steps: 0
 total no. of averaging Steps: 0



TimeData Statistics: 
 measurement option: write
 nSamples: 1, time interval: 4e-07
 nAverages: 1250, time interval: 0.0005
 total no. of sampling steps: 0
 total no. of averaging Steps: 0


Selecting field: dsmcVolFields

TimeData Statistics: 
 measurement option: write
 nSamples: 1, time interval: 4e-07
 nAverages: 1250, time interval: 0.0005
 total no. of sampling steps: 0
 total no. of averaging Steps: 0


Selecting field: dsmcVolFields

TimeData Statistics: 
 measurement option: write
 nSamples: 1, time interval: 4e-07
 nAverages: 1250, time interval: 0.0005
 total no. of sampling steps: 0
 total no. of averaging Steps: 0


Selecting field: dsmcVolFields

TimeData Statistics: 
 measurement option: write
 nSamples: 1, time interval: 4e-07
 nAverages: 1250, time interval: 0.0005
 total no. of sampling steps: 0
 total no. of averaging Steps: 0


Selecting field: dsmcVolFields

TimeData Statistics: 
 measurement option: write
 nSamples: 1, time interval: 4e-07
 nAverages: 1250, time interval: 0.0005
 total no. of sampling steps: 0
 total no. of averaging Steps: 0


Selecting field: dsmcVolFields

TimeData Statistics: 
 measurement option: write
 nSamples: 1, time interval: 4e-07
 nAverages: 1250, time interval: 0.0005
 total no. of sampling steps: 0
 total no. of averaging Steps: 0


Selecting field: dsmcVolFields

TimeData Statistics: 
 measurement option: write
 nSamples: 1, time interval: 4e-07
 nAverages: 1250, time interval: 0.0005
 total no. of sampling steps: 0
 total no. of averaging Steps: 0


Selecting field: dsmcVolFields

TimeData Statistics: 
 measurement option: write
 nSamples: 1, time interval: 4e-07
 nAverages: 1250, time interval: 0.0005
 total no. of sampling steps: 0
 total no. of averaging Steps: 0


Selecting field: dsmcVolFields

TimeData Statistics: 
 measurement option: write
 nSamples: 1, time interval: 4e-07
 nAverages: 1250, time interval: 0.0005
 total no. of sampling steps: 0
 total no. of averaging Steps: 0


Selecting field: dsmcVolFields

TimeData Statistics: 
 measurement option: write
 nSamples: 1, time interval: 4e-07
 nAverages: 1250, time interval: 0.0005
 total no. of sampling steps: 0
 total no. of averaging Steps: 0


Selecting field: dsmcVolFields

TimeData Statistics: 
 measurement option: write
 nSamples: 1, time interval: 4e-07
 nAverages: 1250, time interval: 0.0005
 total no. of sampling steps: 0
 total no. of averaging Steps: 0


Selecting field: dsmcVolFields

TimeData Statistics: 
 measurement option: write
 nSamples: 1, time interval: 4e-07
 nAverages: 1250, time interval: 0.0005
 total no. of sampling steps: 0
 total no. of averaging Steps: 0


Selecting field: dsmcVolFields

TimeData Statistics: 
 measurement option: write
 nSamples: 1, time interval: 4e-07
 nAverages: 1250, time interval: 0.0005
 total no. of sampling steps: 0
 total no. of averaging Steps: 0


Selecting field: dsmcVolFields

TimeData Statistics: 
 measurement option: write
 nSamples: 1, time interval: 4e-07
 nAverages: 1250, time interval: 0.0005
 total no. of sampling steps: 0
 total no. of averaging Steps: 0


Selecting field: dsmcVolFields

TimeData Statistics: 
 measurement option: write
 nSamples: 1, time interval: 4e-07
 nAverages: 1250, time interval: 0.0005
 total no. of sampling steps: 0
 total no. of averaging Steps: 0


Selecting field: dsmcVolFields

TimeData Statistics: 
 measurement option: write
 nSamples: 1, time interval: 4e-07
 nAverages: 1250, time interval: 0.0005
 total no. of sampling steps: 0
 total no. of averaging Steps: 0


Selecting field: dsmcVolFields

TimeData Statistics: 
 measurement option: write
 nSamples: 1, time interval: 4e-07
 nAverages: 1250, time interval: 0.0005
 total no. of sampling steps: 0
 total no. of averaging Steps: 0


Selecting field: dsmcVolFields

TimeData Statistics: 
 measurement option: write
 nSamples: 1, time interval: 4e-07
 nAverages: 1250, time interval: 0.0005
 total no. of sampling steps: 0
 total no. of averaging Steps: 0


Selecting field: dsmcVolFields

TimeData Statistics: 
 measurement option: write
 nSamples: 1, time interval: 4e-07
 nAverages: 1250, time interval: 0.0005
 total no. of sampling steps: 0
 total no. of averaging Steps: 0


Selecting field: dsmcVolFields

TimeData Statistics: 
 measurement option: write
 nSamples: 1, time interval: 4e-07
 nAverages: 1250, time interval: 0.0005
 total no. of sampling steps: 0
 total no. of averaging Steps: 0


Selecting field: dsmcVolFields

TimeData Statistics: 
 measurement option: write
 nSamples: 1, time interval: 4e-07
 nAverages: 1250, time interval: 0.0005
 total no. of sampling steps: 0
 total no. of averaging Steps: 0


Selecting field: dsmcVolFields

TimeData Statistics: 
 measurement option: write
 nSamples: 1, time interval: 4e-07
 nAverages: 1250, time interval: 0.0005
 total no. of sampling steps: 0
 total no. of averaging Steps: 0


Selecting field: dsmcVolFields

TimeData Statistics: 
 measurement option: write
 nSamples: 1, time interval: 4e-07
 nAverages: 1250, time interval: 0.0005
 total no. of sampling steps: 0
 total no. of averaging Steps: 0


Selecting field: dsmcVolFields

TimeData Statistics: 
 measurement option: write
 nSamples: 1, time interval: 4e-07
 nAverages: 1250, time interval: 0.0005
 total no. of sampling steps: 0
 total no. of averaging Steps: 0


Selecting field: dsmcVolFields

TimeData Statistics: 
 measurement option: write
 nSamples: 1, time interval: 4e-07
 nAverages: 1250, time interval: 0.0005
 total no. of sampling steps: 0
 total no. of averaging Steps: 0


Selecting field: dsmcVolFields

TimeData Statistics: 
 measurement option: write
 nSamples: 1, time interval: 4e-07
 nAverages: 1250, time interval: 0.0005
 total no. of sampling steps: 0
 total no. of averaging Steps: 0


Selecting field: dsmcVolFields

TimeData Statistics: 
 measurement option: write
 nSamples: 1, time interval: 4e-07
 nAverages: 1250, time interval: 0.0005
 total no. of sampling steps: 0
 total no. of averaging Steps: 0


Selecting field: dsmcVolFields

TimeData Statistics: 
 measurement option: write
 nSamples: 1, time interval: 4e-07
 nAverages: 1250, time interval: 0.0005
 total no. of sampling steps: 0
 total no. of averaging Steps: 0


Selecting field: dsmcVolFields

TimeData Statistics: 
 measurement option: write
 nSamples: 1, time interval: 4e-07
 nAverages: 1250, time interval: 0.0005
 total no. of sampling steps: 0
 total no. of averaging Steps: 0


Selecting field: dsmcVolFields
Selecting field: dsmcVolFields

TimeData Statistics: 
 measurement option: write
 nSamples: 1, time interval: 4e-07
 nAverages: 1250, time interval: 0.0005
 total no. of sampling steps: 0
 total no. of averaging Steps: 0


Selecting field: dsmcVolFields

TimeData Statistics: 
 measurement option: write
 nSamples: 1, time interval: 4e-07
 nAverages: 1250, time interval: 0.0005
 total no. of sampling steps: 0
 total no. of averaging Steps: 0


Selecting field: dsmcVolFields

TimeData Statistics: 
 measurement option: write
 nSamples: 1, time interval: 4e-07
 nAverages: 1250, time interval: 0.0005
 total no. of sampling steps: 0
 total no. of averaging Steps: 0


Selecting field: dsmcVolFields

TimeData Statistics: 
 measurement option: write
 nSamples: 1, time interval: 4e-07
 nAverages: 1250, time interval: 0.0005
 total no. of sampling steps: 0
 total no. of averaging Steps: 0


Selecting field: dsmcVolFields

TimeData Statistics: 
 measurement option: write
 nSamples: 1, time interval: 4e-07
 nAverages: 1250, time interval: 0.0005
 total no. of sampling steps: 0
 total no. of averaging Steps: 0



TimeData Statistics: 
 measurement option: write
 nSamples: 1, time interval: 4e-07
 nAverages: 1250, time interval: 0.0005
 total no. of sampling steps: 0
 total no. of averaging Steps: 0


Selecting field: dsmcVolFields

TimeData Statistics: 
 measurement option: write
 nSamples: 1, time interval: 4e-07
 nAverages: 1250, time interval: 0.0005
 total no. of sampling steps: 0
 total no. of averaging Steps: 0


Selecting field: dsmcVolFields

TimeData Statistics: 
 measurement option: write
 nSamples: 1, time interval: 4e-07
 nAverages: 1250, time interval: 0.0005
 total no. of sampling steps: 0
 total no. of averaging Steps: 0


Selecting field: dsmcVolFields

TimeData Statistics: 
 measurement option: write
 nSamples: 1, time interval: 4e-07
 nAverages: 1250, time interval: 0.0005
 total no. of sampling steps: 0
 total no. of averaging Steps: 0


Selecting field: dsmcVolFields

TimeData Statistics: 
 measurement option: write
 nSamples: 1, time interval: 4e-07
 nAverages: 1250, time interval: 0.0005
 total no. of sampling steps: 0
 total no. of averaging Steps: 0


Selecting field: dsmcVolFields

TimeData Statistics: 
 measurement option: write
 nSamples: 1, time interval: 4e-07
 nAverages: 1250, time interval: 0.0005
 total no. of sampling steps: 0
 total no. of averaging Steps: 0


Selecting field: dsmcVolFields
Selecting field: dsmcVolFields

TimeData Statistics: 
 measurement option: write
 nSamples: 1, time interval: 4e-07
 nAverages: 1250, time interval: 0.0005
 total no. of sampling steps: 0
 total no. of averaging Steps: 0



TimeData Statistics: 
 measurement option: write
 nSamples: 1, time interval: 4e-07
 nAverages: 1250, time interval: 0.0005
 total no. of sampling steps: 0
 total no. of averaging Steps: 0


Selecting field: dsmcVolFields

TimeData Statistics: 
 measurement option: write
 nSamples: 1, time interval: 4e-07
 nAverages: 1250, time interval: 0.0005
 total no. of sampling steps: 0
 total no. of averaging Steps: 0


Selecting field: dsmcVolFields

TimeData Statistics: 
 measurement option: write
 nSamples: 1, time interval: 4e-07
 nAverages: 1250, time interval: 0.0005
 total no. of sampling steps: 0
 total no. of averaging Steps: 0


Selecting field: dsmcVolFields

TimeData Statistics: 
 measurement option: write
 nSamples: 1, time interval: 4e-07
 nAverages: 1250, time interval: 0.0005
 total no. of sampling steps: 0
 total no. of averaging Steps: 0


Selecting field: dsmcVolFields

TimeData Statistics: 
 measurement option: write
 nSamples: 1, time interval: 4e-07
 nAverages: 1250, time interval: 0.0005
 total no. of sampling steps: 0
 total no. of averaging Steps: 0


Selecting field: dsmcVolFields

TimeData Statistics: 
 measurement option: write
 nSamples: 1, time interval: 4e-07
 nAverages: 1250, time interval: 0.0005
 total no. of sampling steps: 0
 total no. of averaging Steps: 0


Selecting field: dsmcVolFields

TimeData Statistics: 
 measurement option: write
 nSamples: 1, time interval: 4e-07
 nAverages: 1250, time interval: 0.0005
 total no. of sampling steps: 0
 total no. of averaging Steps: 0


Selecting field: dsmcVolFields

TimeData Statistics: 
 measurement option: write
 nSamples: 1, time interval: 4e-07
 nAverages: 1250, time interval: 0.0005
 total no. of sampling steps: 0
 total no. of averaging Steps: 0


Selecting field: dsmcVolFields

TimeData Statistics: 
 measurement option: write
 nSamples: 1, time interval: 4e-07
 nAverages: 1250, time interval: 0.0005
 total no. of sampling steps: 0
 total no. of averaging Steps: 0


Selecting field: dsmcVolFields

TimeData Statistics: 
 measurement option: write
 nSamples: 1, time interval: 4e-07
 nAverages: 1250, time interval: 0.0005
 total no. of sampling steps: 0
 total no. of averaging Steps: 0


Selecting field: dsmcVolFields

TimeData Statistics: 
 measurement option: write
 nSamples: 1, time interval: 4e-07
 nAverages: 1250, time interval: 0.0005
 total no. of sampling steps: 0
 total no. of averaging Steps: 0


Selecting field: dsmcVolFields

TimeData Statistics: 
 measurement option: write
 nSamples: 1, time interval: 4e-07
 nAverages: 1250, time interval: 0.0005
 total no. of sampling steps: 0
 total no. of averaging Steps: 0


Selecting field: dsmcVolFields

TimeData Statistics: 
 measurement option: write
 nSamples: 1, time interval: 4e-07
 nAverages: 1250, time interval: 0.0005
 total no. of sampling steps: 0
 total no. of averaging Steps: 0


Selecting field: dsmcVolFields

TimeData Statistics: 
 measurement option: write
 nSamples: 1, time interval: 4e-07
 nAverages: 1250, time interval: 0.0005
 total no. of sampling steps: 0
 total no. of averaging Steps: 0


Selecting field: dsmcVolFields

TimeData Statistics: 
 measurement option: write
 nSamples: 1, time interval: 4e-07
 nAverages: 1250, time interval: 0.0005
 total no. of sampling steps: 0
 total no. of averaging Steps: 0


Selecting field: dsmcVolFields
Selecting field: dsmcVolFields

TimeData Statistics: 
 measurement option: write
 nSamples: 1, time interval: 4e-07
 nAverages: 1250, time interval: 0.0005
 total no. of sampling steps: 0
 total no. of averaging Steps: 0



TimeData Statistics: 
 measurement option: write
 nSamples: 1, time interval: 4e-07
 nAverages: 1250, time interval: 0.0005
 total no. of sampling steps: 0
 total no. of averaging Steps: 0


Selecting field: dsmcVolFields

TimeData Statistics: 
 measurement option: write
 nSamples: 1, time interval: 4e-07
 nAverages: 1250, time interval: 0.0005
 total no. of sampling steps: 0
 total no. of averaging Steps: 0


Selecting field: dsmcVolFields

TimeData Statistics: 
 measurement option: write
 nSamples: 1, time interval: 4e-07
 nAverages: 1250, time interval: 0.0005
 total no. of sampling steps: 0
 total no. of averaging Steps: 0


Selecting field: dsmcVolFields

TimeData Statistics: 
 measurement option: write
 nSamples: 1, time interval: 4e-07
 nAverages: 1250, time interval: 0.0005
 total no. of sampling steps: 0
 total no. of averaging Steps: 0


Selecting field: dsmcVolFields

TimeData Statistics: 
 measurement option: write
 nSamples: 1, time interval: 4e-07
 nAverages: 1250, time interval: 0.0005
 total no. of sampling steps: 0
 total no. of averaging Steps: 0


Selecting field: dsmcVolFields
Selecting field: dsmcVolFields

TimeData Statistics: 
 measurement option: write
 nSamples: 1, time interval: 4e-07
 nAverages: 1250, time interval: 0.0005
 total no. of sampling steps: 0
 total no. of averaging Steps: 0


Selecting field: dsmcVolFields

TimeData Statistics: 
 measurement option: write
 nSamples: 1, time interval: 4e-07
 nAverages: 1250, time interval: 0.0005
 total no. of sampling steps: 0
 total no. of averaging Steps: 0



TimeData Statistics: 
 measurement option: write
 nSamples: 1, time interval: 4e-07
 nAverages: 1250, time interval: 0.0005
 total no. of sampling steps: 0
 total no. of averaging Steps: 0


Selecting field: dsmcVolFields

TimeData Statistics: 
 measurement option: write
 nSamples: 1, time interval: 4e-07
 nAverages: 1250, time interval: 0.0005
 total no. of sampling steps: 0
 total no. of averaging Steps: 0


Selecting field: dsmcVolFields

TimeData Statistics: 
 measurement option: write
 nSamples: 1, time interval: 4e-07
 nAverages: 1250, time interval: 0.0005
 total no. of sampling steps: 0
 total no. of averaging Steps: 0


Selecting field: dsmcVolFields

TimeData Statistics: 
 measurement option: write
 nSamples: 1, time interval: 4e-07
 nAverages: 1250, time interval: 0.0005
 total no. of sampling steps: 0
 total no. of averaging Steps: 0


Selecting field: dsmcVolFields
Selecting field: dsmcVolFields

TimeData Statistics: 
 measurement option: write
 nSamples: 1, time interval: 4e-07
 nAverages: 1250, time interval: 0.0005
 total no. of sampling steps: 0
 total no. of averaging Steps: 0


Selecting field: dsmcVolFields

TimeData Statistics: 
 measurement option: write
 nSamples: 1, time interval: 4e-07
 nAverages: 1250, time interval: 0.0005
 total no. of sampling steps: 0
 total no. of averaging Steps: 0



TimeData Statistics: 
 measurement option: write
 nSamples: 1, time interval: 4e-07
 nAverages: 1250, time interval: 0.0005
 total no. of sampling steps: 0
 total no. of averaging Steps: 0


Selecting field: dsmcVolFields

TimeData Statistics: 
 measurement option: write
 nSamples: 1, time interval: 4e-07
 nAverages: 1250, time interval: 0.0005
 total no. of sampling steps: 0
 total no. of averaging Steps: 0


Selecting field: dsmcVolFields

TimeData Statistics: 
 measurement option: write
 nSamples: 1, time interval: 4e-07
 nAverages: 1250, time interval: 0.0005
 total no. of sampling steps: 0
 total no. of averaging Steps: 0


Selecting field: dsmcVolFields

TimeData Statistics: 
 measurement option: write
 nSamples: 1, time interval: 4e-07
 nAverages: 1250, time interval: 0.0005
 total no. of sampling steps: 0
 total no. of averaging Steps: 0


Selecting field: dsmcVolFields

TimeData Statistics: 
 measurement option: write
 nSamples: 1, time interval: 4e-07
 nAverages: 1250, time interval: 0.0005
 total no. of sampling steps: 0
 total no. of averaging Steps: 0


Selecting field: dsmcVolFields

TimeData Statistics: 
 measurement option: write
 nSamples: 1, time interval: 4e-07
 nAverages: 1250, time interval: 0.0005
 total no. of sampling steps: 0
 total no. of averaging Steps: 0


Selecting field: dsmcVolFields

TimeData Statistics: 
 measurement option: write
 nSamples: 1, time interval: 4e-07
 nAverages: 1250, time interval: 0.0005
 total no. of sampling steps: 0
 total no. of averaging Steps: 0


Selecting field: dsmcVolFields

TimeData Statistics: 
 measurement option: write
 nSamples: 1, time interval: 4e-07
 nAverages: 1250, time interval: 0.0005
 total no. of sampling steps: 0
 total no. of averaging Steps: 0


Selecting field: dsmcVolFields

TimeData Statistics: 
 measurement option: write
 nSamples: 1, time interval: 4e-07
 nAverages: 1250, time interval: 0.0005
 total no. of sampling steps: 0
 total no. of averaging Steps: 0


Selecting field: dsmcVolFields

TimeData Statistics: 
 measurement option: write
 nSamples: 1, time interval: 4e-07
 nAverages: 1250, time interval: 0.0005
 total no. of sampling steps: 0
 total no. of averaging Steps: 0


Selecting field: dsmcVolFields

TimeData Statistics: 
 measurement option: write
 nSamples: 1, time interval: 4e-07
 nAverages: 1250, time interval: 0.0005
 total no. of sampling steps: 0
 total no. of averaging Steps: 0


Selecting field: dsmcVolFields

TimeData Statistics: 
 measurement option: write
 nSamples: 1, time interval: 4e-07
 nAverages: 1250, time interval: 0.0005
 total no. of sampling steps: 0
 total no. of averaging Steps: 0


Selecting field: dsmcVolFields

TimeData Statistics: 
 measurement option: write
 nSamples: 1, time interval: 4e-07
 nAverages: 1250, time interval: 0.0005
 total no. of sampling steps: 0
 total no. of averaging Steps: 0


Selecting field: dsmcVolFields

TimeData Statistics: 
 measurement option: write
 nSamples: 1, time interval: 4e-07
 nAverages: 1250, time interval: 0.0005
 total no. of sampling steps: 0
 total no. of averaging Steps: 0


Selecting field: dsmcVolFields

TimeData Statistics: 
 measurement option: write
 nSamples: 1, time interval: 4e-07
 nAverages: 1250, time interval: 0.0005
 total no. of sampling steps: 0
 total no. of averaging Steps: 0


Selecting field: dsmcVolFields

TimeData Statistics: 
 measurement option: write
 nSamples: 1, time interval: 4e-07
 nAverages: 1250, time interval: 0.0005
 total no. of sampling steps: 0
 total no. of averaging Steps: 0


Selecting field: dsmcVolFields

TimeData Statistics: 
 measurement option: write
 nSamples: 1, time interval: 4e-07
 nAverages: 1250, time interval: 0.0005
 total no. of sampling steps: 0
 total no. of averaging Steps: 0


Selecting field: dsmcVolFields

TimeData Statistics: 
 measurement option: write
 nSamples: 1, time interval: 4e-07
 nAverages: 1250, time interval: 0.0005
 total no. of sampling steps: 0
 total no. of averaging Steps: 0


Selecting field: dsmcVolFields

TimeData Statistics: 
 measurement option: write
 nSamples: 1, time interval: 4e-07
 nAverages: 1250, time interval: 0.0005
 total no. of sampling steps: 0
 total no. of averaging Steps: 0


Selecting field: dsmcVolFields

TimeData Statistics: 
 measurement option: write
 nSamples: 1, time interval: 4e-07
 nAverages: 1250, time interval: 0.0005
 total no. of sampling steps: 0
 total no. of averaging Steps: 0


Selecting field: dsmcVolFields

TimeData Statistics: 
 measurement option: write
 nSamples: 1, time interval: 4e-07
 nAverages: 1250, time interval: 0.0005
 total no. of sampling steps: 0
 total no. of averaging Steps: 0


Selecting field: dsmcVolFields

TimeData Statistics: 
 measurement option: write
 nSamples: 1, time interval: 4e-07
 nAverages: 1250, time interval: 0.0005
 total no. of sampling steps: 0
 total no. of averaging Steps: 0


Selecting field: dsmcVolFields

TimeData Statistics: 
 measurement option: write
 nSamples: 1, time interval: 4e-07
 nAverages: 1250, time interval: 0.0005
 total no. of sampling steps: 0
 total no. of averaging Steps: 0


Selecting field: dsmcVolFields

TimeData Statistics: 
 measurement option: write
 nSamples: 1, time interval: 4e-07
 nAverages: 1250, time interval: 0.0005
 total no. of sampling steps: 0
 total no. of averaging Steps: 0


Selecting field: dsmcVolFields

TimeData Statistics: 
 measurement option: write
 nSamples: 1, time interval: 4e-07
 nAverages: 1250, time interval: 0.0005
 total no. of sampling steps: 0
 total no. of averaging Steps: 0


Selecting field: dsmcVolFields

TimeData Statistics: 
 measurement option: write
 nSamples: 1, time interval: 4e-07
 nAverages: 1250, time interval: 0.0005
 total no. of sampling steps: 0
 total no. of averaging Steps: 0


Selecting field: dsmcVolFields

TimeData Statistics: 
 measurement option: write
 nSamples: 1, time interval: 4e-07
 nAverages: 1250, time interval: 0.0005
 total no. of sampling steps: 0
 total no. of averaging Steps: 0


Selecting field: dsmcVolFields

TimeData Statistics: 
 measurement option: write
 nSamples: 1, time interval: 4e-07
 nAverages: 1250, time interval: 0.0005
 total no. of sampling steps: 0
 total no. of averaging Steps: 0


Selecting field: dsmcVolFields

TimeData Statistics: 
 measurement option: write
 nSamples: 1, time interval: 4e-07
 nAverages: 1250, time interval: 0.0005
 total no. of sampling steps: 0
 total no. of averaging Steps: 0


Selecting field: dsmcVolFields

TimeData Statistics: 
 measurement option: write
 nSamples: 1, time interval: 4e-07
 nAverages: 1250, time interval: 0.0005
 total no. of sampling steps: 0
 total no. of averaging Steps: 0


Selecting field: dsmcVolFields

TimeData Statistics: 
 measurement option: write
 nSamples: 1, time interval: 4e-07
 nAverages: 1250, time interval: 0.0005
 total no. of sampling steps: 0
 total no. of averaging Steps: 0


Selecting field: dsmcVolFields

TimeData Statistics: 
 measurement option: write
 nSamples: 1, time interval: 4e-07
 nAverages: 1250, time interval: 0.0005
 total no. of sampling steps: 0
 total no. of averaging Steps: 0


Selecting field: dsmcVolFields

TimeData Statistics: 
 measurement option: write
 nSamples: 1, time interval: 4e-07
 nAverages: 1250, time interval: 0.0005
 total no. of sampling steps: 0
 total no. of averaging Steps: 0


Selecting field: dsmcVolFields

TimeData Statistics: 
 measurement option: write
 nSamples: 1, time interval: 4e-07
 nAverages: 1250, time interval: 0.0005
 total no. of sampling steps: 0
 total no. of averaging Steps: 0


Selecting field: dsmcVolFields

TimeData Statistics: 
 measurement option: write
 nSamples: 1, time interval: 4e-07
 nAverages: 1250, time interval: 0.0005
 total no. of sampling steps: 0
 total no. of averaging Steps: 0


Selecting field: dsmcVolFields
Selecting field: dsmcVolFields

TimeData Statistics: 
 measurement option: write
 nSamples: 1, time interval: 4e-07
 nAverages: 1250, time interval: 0.0005
 total no. of sampling steps: 0
 total no. of averaging Steps: 0


Selecting field: dsmcVolFields

TimeData Statistics: 
 measurement option: write
 nSamples: 1, time interval: 4e-07
 nAverages: 1250, time interval: 0.0005
 total no. of sampling steps: 0
 total no. of averaging Steps: 0



TimeData Statistics: 
 measurement option: write
 nSamples: 1, time interval: 4e-07
 nAverages: 1250, time interval: 0.0005
 total no. of sampling steps: 0
 total no. of averaging Steps: 0


Selecting field: dsmcVolFields

TimeData Statistics: 
 measurement option: write
 nSamples: 1, time interval: 4e-07
 nAverages: 1250, time interval: 0.0005
 total no. of sampling steps: 0
 total no. of averaging Steps: 0


Selecting field: dsmcVolFields

TimeData Statistics: 
 measurement option: write
 nSamples: 1, time interval: 4e-07
 nAverages: 1250, time interval: 0.0005
 total no. of sampling steps: 0
 total no. of averaging Steps: 0


Selecting field: dsmcVolFields

TimeData Statistics: 
 measurement option: write
 nSamples: 1, time interval: 4e-07
 nAverages: 1250, time interval: 0.0005
 total no. of sampling steps: 0
 total no. of averaging Steps: 0


Selecting field: dsmcVolFields

TimeData Statistics: 
 measurement option: write
 nSamples: 1, time interval: 4e-07
 nAverages: 1250, time interval: 0.0005
 total no. of sampling steps: 0
 total no. of averaging Steps: 0


Selecting field: dsmcVolFields

TimeData Statistics: 
 measurement option: write
 nSamples: 1, time interval: 4e-07
 nAverages: 1250, time interval: 0.0005
 total no. of sampling steps: 0
 total no. of averaging Steps: 0


Selecting field: dsmcVolFields

TimeData Statistics: 
 measurement option: write
 nSamples: 1, time interval: 4e-07
 nAverages: 1250, time interval: 0.0005
 total no. of sampling steps: 0
 total no. of averaging Steps: 0


Selecting field: dsmcVolFields

TimeData Statistics: 
 measurement option: write
 nSamples: 1, time interval: 4e-07
 nAverages: 1250, time interval: 0.0005
 total no. of sampling steps: 0
 total no. of averaging Steps: 0


Selecting field: dsmcVolFields

TimeData Statistics: 
 measurement option: write
 nSamples: 1, time interval: 4e-07
 nAverages: 1250, time interval: 0.0005
 total no. of sampling steps: 0
 total no. of averaging Steps: 0


Selecting field: dsmcVolFields

TimeData Statistics: 
 measurement option: write
 nSamples: 1, time interval: 4e-07
 nAverages: 1250, time interval: 0.0005
 total no. of sampling steps: 0
 total no. of averaging Steps: 0


Selecting field: dsmcVolFields

TimeData Statistics: 
 measurement option: write
 nSamples: 1, time interval: 4e-07
 nAverages: 1250, time interval: 0.0005
 total no. of sampling steps: 0
 total no. of averaging Steps: 0


Selecting field: dsmcVolFields

TimeData Statistics: 
 measurement option: write
 nSamples: 1, time interval: 4e-07
 nAverages: 1250, time interval: 0.0005
 total no. of sampling steps: 0
 total no. of averaging Steps: 0


Selecting field: dsmcVolFields

TimeData Statistics: 
 measurement option: write
 nSamples: 1, time interval: 4e-07
 nAverages: 1250, time interval: 0.0005
 total no. of sampling steps: 0
 total no. of averaging Steps: 0


Selecting field: dsmcVolFields

TimeData Statistics: 
 measurement option: write
 nSamples: 1, time interval: 4e-07
 nAverages: 1250, time interval: 0.0005
 total no. of sampling steps: 0
 total no. of averaging Steps: 0


Selecting field: dsmcVolFields

TimeData Statistics: 
 measurement option: write
 nSamples: 1, time interval: 4e-07
 nAverages: 1250, time interval: 0.0005
 total no. of sampling steps: 0
 total no. of averaging Steps: 0


Creating the boundary models: 

Selecting dsmcPatchBoundaryModel dsmcDeletionPatch
Selecting dsmcPatchBoundaryModel dsmcDeletionPatch
Selecting dsmcPatchBoundaryModel dsmcDiffuseWallPatch
Selecting dsmcGeneralBoundaryModel dsmcFreeStreamInflowPatch
Creating the boundary models: 

Selecting dsmcPatchBoundaryModel dsmcDeletionPatch
Selecting dsmcPatchBoundaryModel dsmcDeletionPatch
Selecting dsmcPatchBoundaryModel dsmcDiffuseWallPatch
Selecting dsmcGeneralBoundaryModel dsmcFreeStreamInflowPatch
Creating the boundary models: 

Selecting dsmcPatchBoundaryModel dsmcDeletionPatch
Selecting dsmcPatchBoundaryModel dsmcDeletionPatch
Selecting dsmcPatchBoundaryModel dsmcDiffuseWallPatch
Selecting dsmcGeneralBoundaryModel dsmcFreeStreamInflowPatch
Creating the boundary models: 

Selecting dsmcPatchBoundaryModel dsmcDeletionPatch
Selecting dsmcPatchBoundaryModel dsmcDeletionPatch
Selecting dsmcPatchBoundaryModel dsmcDiffuseWallPatch
Selecting dsmcGeneralBoundaryModel dsmcFreeStreamInflowPatch
Creating the boundary models: 

Selecting dsmcPatchBoundaryModel dsmcDeletionPatch
Selecting dsmcPatchBoundaryModel dsmcDeletionPatch
Selecting dsmcPatchBoundaryModel dsmcDiffuseWallPatch
Selecting dsmcGeneralBoundaryModel dsmcFreeStreamInflowPatch
Creating the boundary models: 

Selecting dsmcPatchBoundaryModel dsmcDeletionPatch
Selecting dsmcPatchBoundaryModel dsmcDeletionPatch
Selecting dsmcPatchBoundaryModel dsmcDiffuseWallPatch
Selecting dsmcGeneralBoundaryModel dsmcFreeStreamInflowPatch
Creating the boundary models: 

Selecting dsmcPatchBoundaryModel dsmcDeletionPatch
Selecting dsmcPatchBoundaryModel dsmcDeletionPatch
Selecting dsmcPatchBoundaryModel dsmcDiffuseWallPatch
Selecting dsmcGeneralBoundaryModel dsmcFreeStreamInflowPatch
Creating the boundary models: 

Selecting dsmcPatchBoundaryModel dsmcDeletionPatch
Selecting dsmcPatchBoundaryModel dsmcDeletionPatch
Selecting dsmcPatchBoundaryModel dsmcDiffuseWallPatch
Selecting dsmcGeneralBoundaryModel dsmcFreeStreamInflowPatch
Creating the boundary models: 

Selecting dsmcPatchBoundaryModel dsmcDeletionPatch
Selecting dsmcPatchBoundaryModel dsmcDeletionPatch
Selecting dsmcPatchBoundaryModel dsmcDiffuseWallPatch
Selecting dsmcGeneralBoundaryModel dsmcFreeStreamInflowPatch
Creating the boundary models: 

Selecting dsmcPatchBoundaryModel dsmcDeletionPatch
Selecting dsmcPatchBoundaryModel dsmcDeletionPatch
Selecting dsmcPatchBoundaryModel dsmcDiffuseWallPatch
Selecting dsmcGeneralBoundaryModel dsmcFreeStreamInflowPatch
Creating the boundary models: 

Selecting dsmcPatchBoundaryModel dsmcDeletionPatch
Selecting dsmcPatchBoundaryModel dsmcDeletionPatch
Selecting dsmcPatchBoundaryModel dsmcDiffuseWallPatch
Selecting dsmcGeneralBoundaryModel dsmcFreeStreamInflowPatch
Creating the boundary models: 

Selecting dsmcPatchBoundaryModel dsmcDeletionPatch
Selecting dsmcPatchBoundaryModel dsmcDeletionPatch
Selecting dsmcPatchBoundaryModel dsmcDiffuseWallPatch
Selecting dsmcGeneralBoundaryModel dsmcFreeStreamInflowPatch
Creating the boundary models: 

Selecting dsmcPatchBoundaryModel dsmcDeletionPatch
Selecting dsmcPatchBoundaryModel dsmcDeletionPatch
Selecting dsmcPatchBoundaryModel dsmcDiffuseWallPatch
Selecting dsmcGeneralBoundaryModel dsmcFreeStreamInflowPatch
Creating the boundary models: 

Selecting dsmcPatchBoundaryModel dsmcDeletionPatch
Selecting dsmcPatchBoundaryModel dsmcDeletionPatch
Selecting dsmcPatchBoundaryModel dsmcDiffuseWallPatch
Selecting dsmcGeneralBoundaryModel dsmcFreeStreamInflowPatch
Creating the boundary models: 

Selecting dsmcPatchBoundaryModel dsmcDeletionPatch
Selecting dsmcPatchBoundaryModel dsmcDeletionPatch
Selecting dsmcPatchBoundaryModel dsmcDiffuseWallPatch
Selecting dsmcGeneralBoundaryModel dsmcFreeStreamInflowPatch
Creating the boundary models: 

Selecting dsmcPatchBoundaryModel dsmcDeletionPatch
Selecting dsmcPatchBoundaryModel dsmcDeletionPatch
Selecting dsmcPatchBoundaryModel dsmcDiffuseWallPatch
Selecting dsmcGeneralBoundaryModel dsmcFreeStreamInflowPatch
Creating the boundary models: 

Selecting dsmcPatchBoundaryModel dsmcDeletionPatch
Selecting dsmcPatchBoundaryModel dsmcDeletionPatch
Selecting dsmcPatchBoundaryModel dsmcDiffuseWallPatch
Selecting dsmcGeneralBoundaryModel dsmcFreeStreamInflowPatch
Creating the boundary models: 

Selecting dsmcPatchBoundaryModel dsmcDeletionPatch
Selecting dsmcPatchBoundaryModel dsmcDeletionPatch
Selecting dsmcPatchBoundaryModel dsmcDiffuseWallPatch
Selecting dsmcGeneralBoundaryModel dsmcFreeStreamInflowPatch
Creating the boundary models: 

Selecting dsmcPatchBoundaryModel dsmcDeletionPatch
Selecting dsmcPatchBoundaryModel dsmcDeletionPatch
Selecting dsmcPatchBoundaryModel dsmcDiffuseWallPatch
Selecting dsmcGeneralBoundaryModel dsmcFreeStreamInflowPatch
Creating the boundary models: 

Selecting dsmcPatchBoundaryModel dsmcDeletionPatch
Selecting dsmcPatchBoundaryModel dsmcDeletionPatch
Selecting dsmcPatchBoundaryModel dsmcDiffuseWallPatch
Selecting dsmcGeneralBoundaryModel dsmcFreeStreamInflowPatch
Creating the boundary models: 

Selecting dsmcPatchBoundaryModel dsmcDeletionPatch
Selecting dsmcPatchBoundaryModel dsmcDeletionPatch
Selecting dsmcPatchBoundaryModel dsmcDiffuseWallPatch
Selecting dsmcGeneralBoundaryModel dsmcFreeStreamInflowPatch
Creating the boundary models: 

Selecting dsmcPatchBoundaryModel dsmcDeletionPatch
Selecting dsmcPatchBoundaryModel dsmcDeletionPatch
Selecting dsmcPatchBoundaryModel dsmcDiffuseWallPatch
Selecting dsmcGeneralBoundaryModel dsmcFreeStreamInflowPatch
Creating the boundary models: 

Selecting dsmcPatchBoundaryModel dsmcDeletionPatch
Selecting dsmcPatchBoundaryModel dsmcDeletionPatch
Selecting dsmcPatchBoundaryModel dsmcDiffuseWallPatch
Selecting dsmcGeneralBoundaryModel dsmcFreeStreamInflowPatch
Creating the boundary models: 

Selecting dsmcPatchBoundaryModel dsmcDeletionPatch
Selecting dsmcPatchBoundaryModel dsmcDeletionPatch
Selecting dsmcPatchBoundaryModel dsmcDiffuseWallPatch
Selecting dsmcGeneralBoundaryModel dsmcFreeStreamInflowPatch
Selecting BinaryCollisionModel LarsenBorgnakkeVariableHardSphere
Creating the boundary models: 

Selecting dsmcPatchBoundaryModel dsmcDeletionPatch
Selecting dsmcPatchBoundaryModel dsmcDeletionPatch
Selecting dsmcPatchBoundaryModel dsmcDiffuseWallPatch
Selecting dsmcGeneralBoundaryModel dsmcFreeStreamInflowPatch

Creating dsmcReactions

Selecting the reaction model dissociationQK
Selecting the reaction model dissociationExchangeQK
Selecting the reaction model dissociationQK
Selecting the reaction model dissociationQK
Selecting the reaction model dissociationQK
Selecting the reaction model dissociationQK
Selecting the reaction model dissociationQK
Selecting the reaction model dissociationExchangeQK
Selecting the reaction model dissociationQK
Creating the boundary models: 

Selecting dsmcPatchBoundaryModel dsmcDeletionPatch
Selecting dsmcPatchBoundaryModel dsmcDeletionPatch
Selecting dsmcPatchBoundaryModel dsmcDiffuseWallPatch
Selecting dsmcGeneralBoundaryModel dsmcFreeStreamInflowPatch
Selecting the reaction model dissociationExchangeQK
Selecting the reaction model dissociationExchangeQK
Selecting the reaction model dissociationQK
Number of reactions created: 12
Selecting BinaryCollisionModel LarsenBorgnakkeVariableHardSphere
Creating the boundary models: 

Selecting dsmcPatchBoundaryModel dsmcDeletionPatch
Selecting dsmcPatchBoundaryModel dsmcDeletionPatch
Selecting dsmcPatchBoundaryModel dsmcDiffuseWallPatch
Selecting dsmcGeneralBoundaryModel dsmcFreeStreamInflowPatch

Creating dsmcReactions

Selecting the reaction model dissociationQK
Selecting the reaction model dissociationExchangeQK
Selecting the reaction model dissociationQK
Selecting the reaction model dissociationQK
Selecting the reaction model dissociationQK
Selecting the reaction model dissociationQK
Selecting the reaction model dissociationQK
Selecting the reaction model dissociationExchangeQK
Selecting the reaction model dissociationQK
Selecting the reaction model dissociationExchangeQK
Selecting the reaction model dissociationExchangeQK
Selecting the reaction model dissociationQK
Number of reactions created: 12
Creating the boundary models: 

Selecting dsmcPatchBoundaryModel dsmcDeletionPatch
Selecting dsmcPatchBoundaryModel dsmcDeletionPatch
Selecting dsmcPatchBoundaryModel dsmcDiffuseWallPatch
Selecting dsmcGeneralBoundaryModel dsmcFreeStreamInflowPatch
Creating the boundary models: 

Selecting dsmcPatchBoundaryModel dsmcDeletionPatch
Selecting dsmcPatchBoundaryModel dsmcDeletionPatch
Selecting dsmcPatchBoundaryModel dsmcDiffuseWallPatch
Creating the boundary models: 

Selecting dsmcPatchBoundaryModel dsmcDeletionPatch
Selecting dsmcPatchBoundaryModel dsmcDeletionPatch
Selecting dsmcPatchBoundaryModel dsmcDiffuseWallPatch
Selecting dsmcGeneralBoundaryModel dsmcFreeStreamInflowPatch
Selecting BinaryCollisionModel LarsenBorgnakkeVariableHardSphere

Creating dsmcReactions

Selecting the reaction model dissociationQK
Selecting the reaction model dissociationExchangeQK
Selecting the reaction model dissociationQK
Selecting the reaction model dissociationQK
Selecting the reaction model dissociationQK
Selecting the reaction model dissociationQK
Selecting the reaction model dissociationQK
Selecting the reaction model dissociationExchangeQK
Selecting the reaction model dissociationQK
Selecting the reaction model dissociationExchangeQK
Selecting the reaction model dissociationExchangeQK
Selecting the reaction model dissociationQK
Number of reactions created: 12
Selecting BinaryCollisionModel LarsenBorgnakkeVariableHardSphere

Creating dsmcReactions

Selecting the reaction model dissociationQK
Selecting the reaction model dissociationExchangeQK
Selecting the reaction model dissociationQK
Selecting the reaction model dissociationQK
Selecting the reaction model dissociationQK
Selecting the reaction model dissociationQK
Selecting the reaction model dissociationQK
Selecting the reaction model dissociationExchangeQK
Selecting the reaction model dissociationQK
Selecting the reaction model dissociationExchangeQK
Selecting the reaction model dissociationExchangeQK
Selecting the reaction model dissociationQK
Number of reactions created: 12
Creating the boundary models: 

Selecting dsmcPatchBoundaryModel dsmcDeletionPatch
Selecting dsmcPatchBoundaryModel dsmcDeletionPatch
Selecting dsmcPatchBoundaryModel dsmcDiffuseWallPatch
Selecting dsmcGeneralBoundaryModel dsmcFreeStreamInflowPatch
Selecting BinaryCollisionModel LarsenBorgnakkeVariableHardSphere

Creating dsmcReactions

Selecting the reaction model dissociationQK
Selecting the reaction model dissociationExchangeQK
Selecting the reaction model dissociationQK
Selecting the reaction model dissociationQK
Selecting the reaction model dissociationQK
Selecting the reaction model dissociationQK
Selecting the reaction model dissociationQK
Selecting the reaction model dissociationExchangeQK
Selecting the reaction model dissociationQK
Selecting the reaction model dissociationExchangeQK
Selecting the reaction model dissociationExchangeQK
Selecting the reaction model dissociationQK
Number of reactions created: 12
Selecting dsmcGeneralBoundaryModel dsmcFreeStreamInflowPatch
Creating the boundary models: 

Selecting dsmcPatchBoundaryModel dsmcDeletionPatch
Selecting dsmcPatchBoundaryModel dsmcDeletionPatch
Selecting dsmcPatchBoundaryModel dsmcDiffuseWallPatch
Selecting dsmcGeneralBoundaryModel dsmcFreeStreamInflowPatch
Creating the boundary models: 

Selecting dsmcPatchBoundaryModel dsmcDeletionPatch
Selecting dsmcPatchBoundaryModel dsmcDeletionPatch
Selecting dsmcPatchBoundaryModel dsmcDiffuseWallPatch
Selecting dsmcGeneralBoundaryModel dsmcFreeStreamInflowPatch
Selecting BinaryCollisionModel LarsenBorgnakkeVariableHardSphere
Selecting BinaryCollisionModel LarsenBorgnakkeVariableHardSphere

Creating dsmcReactions

Selecting the reaction model dissociationQK
Selecting the reaction model dissociationExchangeQK
Selecting the reaction model dissociationQK
Selecting the reaction model dissociationQK
Selecting the reaction model dissociationQK
Selecting the reaction model dissociationQK
Selecting the reaction model dissociationQK
Selecting the reaction model dissociationExchangeQK
Selecting the reaction model dissociationQK
Selecting the reaction model dissociationExchangeQK
Selecting the reaction model dissociationExchangeQK
Selecting the reaction model dissociationQK
Number of reactions created: 12

Creating dsmcReactions

Selecting the reaction model dissociationQK
Selecting the reaction model dissociationExchangeQK
Selecting the reaction model dissociationQK
Selecting the reaction model dissociationQK
Selecting the reaction model dissociationQK
Selecting the reaction model dissociationQK
Selecting the reaction model dissociationQK
Selecting the reaction model dissociationExchangeQK
Selecting the reaction model dissociationQK
Selecting the reaction model dissociationExchangeQK
Selecting the reaction model dissociationExchangeQK
Selecting the reaction model dissociationQK
Number of reactions created: 12
Creating the boundary models: 

Selecting dsmcPatchBoundaryModel dsmcDeletionPatch
Selecting dsmcPatchBoundaryModel dsmcDeletionPatch
Selecting dsmcPatchBoundaryModel dsmcDiffuseWallPatch
Selecting dsmcGeneralBoundaryModel dsmcFreeStreamInflowPatch
Selecting BinaryCollisionModel LarsenBorgnakkeVariableHardSphere

Creating dsmcReactions

Selecting the reaction model dissociationQK
Selecting the reaction model dissociationExchangeQK
Selecting the reaction model dissociationQK
Selecting the reaction model dissociationQK
Selecting the reaction model dissociationQK
Selecting the reaction model dissociationQK
Selecting the reaction model dissociationQK
Selecting the reaction model dissociationExchangeQK
Selecting the reaction model dissociationQK
Selecting the reaction model dissociationExchangeQK
Selecting the reaction model dissociationExchangeQK
Selecting the reaction model dissociationQK
Number of reactions created: 12
Creating the boundary models: 

Selecting dsmcPatchBoundaryModel dsmcDeletionPatch
Selecting dsmcPatchBoundaryModel dsmcDeletionPatch
Selecting dsmcPatchBoundaryModel dsmcDiffuseWallPatch
Selecting dsmcGeneralBoundaryModel dsmcFreeStreamInflowPatch
Selecting BinaryCollisionModel LarsenBorgnakkeVariableHardSphere

Creating dsmcReactions

Selecting the reaction model dissociationQK
Selecting the reaction model dissociationExchangeQK
Selecting the reaction model dissociationQK
Selecting the reaction model dissociationQK
Selecting the reaction model dissociationQK
Selecting the reaction model dissociationQK
Selecting the reaction model dissociationQK
Selecting the reaction model dissociationExchangeQK
Selecting the reaction model dissociationQK
Selecting the reaction model dissociationExchangeQK
Selecting the reaction model dissociationExchangeQK
Selecting the reaction model dissociationQK
Number of reactions created: 12
Creating the boundary models: 

Selecting dsmcPatchBoundaryModel dsmcDeletionPatch
Selecting dsmcPatchBoundaryModel dsmcDeletionPatch
Selecting dsmcPatchBoundaryModel dsmcDiffuseWallPatch
Selecting dsmcGeneralBoundaryModel dsmcFreeStreamInflowPatch
Creating the boundary models: 

Selecting dsmcPatchBoundaryModel dsmcDeletionPatch
Selecting dsmcPatchBoundaryModel dsmcDeletionPatch
Selecting dsmcPatchBoundaryModel dsmcDiffuseWallPatch
Selecting dsmcGeneralBoundaryModel dsmcFreeStreamInflowPatch
Creating the boundary models: 

Selecting dsmcPatchBoundaryModel dsmcDeletionPatch
Selecting dsmcPatchBoundaryModel dsmcDeletionPatch
Selecting dsmcPatchBoundaryModel dsmcDiffuseWallPatch
Selecting dsmcGeneralBoundaryModel dsmcFreeStreamInflowPatch
Creating the boundary models: 

Selecting dsmcPatchBoundaryModel dsmcDeletionPatch
Selecting dsmcPatchBoundaryModel dsmcDeletionPatch
Selecting dsmcPatchBoundaryModel dsmcDiffuseWallPatch
Selecting dsmcGeneralBoundaryModel dsmcFreeStreamInflowPatch
Selecting BinaryCollisionModel LarsenBorgnakkeVariableHardSphere
Creating the boundary models: 

Selecting dsmcPatchBoundaryModel dsmcDeletionPatch
Selecting dsmcPatchBoundaryModel dsmcDeletionPatch
Selecting dsmcPatchBoundaryModel dsmcDiffuseWallPatch
Selecting dsmcGeneralBoundaryModel dsmcFreeStreamInflowPatch

Creating dsmcReactions

Selecting the reaction model dissociationQK
Selecting the reaction model dissociationExchangeQK
Selecting the reaction model dissociationQK
Selecting the reaction model dissociationQK
Selecting the reaction model dissociationQK
Selecting the reaction model dissociationQK
Selecting the reaction model dissociationQK
Selecting the reaction model dissociationExchangeQK
Selecting the reaction model dissociationQK
Selecting the reaction model dissociationExchangeQK
Selecting the reaction model dissociationExchangeQK
Selecting the reaction model dissociationQK
Number of reactions created: 12
Creating the boundary models: 

Selecting dsmcPatchBoundaryModel dsmcDeletionPatch
Selecting dsmcPatchBoundaryModel dsmcDeletionPatch
Selecting dsmcPatchBoundaryModel dsmcDiffuseWallPatch
Selecting dsmcGeneralBoundaryModel dsmcFreeStreamInflowPatch
Selecting BinaryCollisionModel LarsenBorgnakkeVariableHardSphere
Selecting BinaryCollisionModel LarsenBorgnakkeVariableHardSphere

Creating dsmcReactions

Selecting the reaction model dissociationQK
Selecting the reaction model dissociationExchangeQK
Selecting the reaction model dissociationQK
Selecting the reaction model dissociationQK
Selecting the reaction model dissociationQK
Selecting the reaction model dissociationQK
Selecting the reaction model dissociationQK
Selecting the reaction model dissociationExchangeQK
Selecting the reaction model dissociationQK
Selecting the reaction model dissociationExchangeQK
Selecting the reaction model dissociationExchangeQK
Selecting the reaction model dissociationQK
Number of reactions created: 12
Selecting BinaryCollisionModel LarsenBorgnakkeVariableHardSphere
Selecting BinaryCollisionModel LarsenBorgnakkeVariableHardSphere

Creating dsmcReactions

Selecting the reaction model dissociationQK
Selecting the reaction model dissociationExchangeQK
Selecting the reaction model dissociationQK
Selecting the reaction model dissociationQK
Selecting the reaction model dissociationQK
Selecting the reaction model dissociationQK
Selecting the reaction model dissociationQK
Selecting the reaction model dissociationExchangeQK
Selecting the reaction model dissociationQK
Selecting the reaction model dissociationExchangeQK
Selecting the reaction model dissociationExchangeQK
Selecting the reaction model dissociationQK
Number of reactions created: 12

Creating dsmcReactions

Selecting the reaction model dissociationQK
Selecting the reaction model dissociationExchangeQK
Selecting the reaction model dissociationQK
Selecting the reaction model dissociationQK
Selecting the reaction model dissociationQK
Selecting the reaction model dissociationQK
Selecting the reaction model dissociationQK
Selecting the reaction model dissociationExchangeQK
Selecting the reaction model dissociationQK
Selecting the reaction model dissociationExchangeQK
Selecting the reaction model dissociationExchangeQK
Selecting the reaction model dissociationQK
Number of reactions created: 12

Creating dsmcReactions

Selecting the reaction model dissociationQK
Selecting the reaction model dissociationExchangeQK
Selecting the reaction model dissociationQK
Selecting the reaction model dissociationQK
Selecting the reaction model dissociationQK
Selecting the reaction model dissociationQK
Selecting the reaction model dissociationQK
Selecting the reaction model dissociationExchangeQK
Selecting the reaction model dissociationQK
Selecting the reaction model dissociationExchangeQK
Selecting the reaction model dissociationExchangeQK
Selecting the reaction model dissociationQK
Number of reactions created: 12
Selecting BinaryCollisionModel LarsenBorgnakkeVariableHardSphere
Creating the boundary models: 

Selecting dsmcPatchBoundaryModel dsmcDeletionPatch
Selecting dsmcPatchBoundaryModel dsmcDeletionPatch
Selecting dsmcPatchBoundaryModel dsmcDiffuseWallPatch
Selecting dsmcGeneralBoundaryModel dsmcFreeStreamInflowPatch

Creating dsmcReactions

Selecting the reaction model dissociationQK
Selecting the reaction model dissociationExchangeQK
Selecting the reaction model dissociationQK
Selecting the reaction model dissociationQK
Selecting the reaction model dissociationQK
Selecting the reaction model dissociationQK
Selecting the reaction model dissociationQK
Selecting the reaction model dissociationExchangeQK
Selecting the reaction model dissociationQK
Selecting the reaction model dissociationExchangeQK
Selecting the reaction model dissociationExchangeQK
Selecting the reaction model dissociationQK
Number of reactions created: 12
Creating the boundary models: 

Selecting dsmcPatchBoundaryModel dsmcDeletionPatch
Selecting dsmcPatchBoundaryModel dsmcDeletionPatch
Selecting dsmcPatchBoundaryModel dsmcDiffuseWallPatch
Selecting dsmcGeneralBoundaryModel dsmcFreeStreamInflowPatch
Selecting BinaryCollisionModel LarsenBorgnakkeVariableHardSphere

Creating dsmcReactions

Selecting the reaction model dissociationQK
Selecting the reaction model dissociationExchangeQK
Selecting the reaction model dissociationQK
Selecting the reaction model dissociationQK
Selecting the reaction model dissociationQK
Selecting the reaction model dissociationQK
Creating the boundary models: 

Selecting dsmcPatchBoundaryModel dsmcDeletionPatch
Selecting dsmcPatchBoundaryModel dsmcDeletionPatch
Selecting dsmcPatchBoundaryModel dsmcDiffuseWallPatch
Selecting dsmcGeneralBoundaryModel dsmcFreeStreamInflowPatch
Creating the boundary models: 

Selecting dsmcPatchBoundaryModel dsmcDeletionPatch
Selecting dsmcPatchBoundaryModel dsmcDeletionPatch
Selecting dsmcPatchBoundaryModel dsmcDiffuseWallPatch
Selecting dsmcGeneralBoundaryModel dsmcFreeStreamInflowPatch
Creating the boundary models: 

Selecting dsmcPatchBoundaryModel dsmcDeletionPatch
Selecting dsmcPatchBoundaryModel dsmcDeletionPatch
Selecting dsmcPatchBoundaryModel dsmcDiffuseWallPatch
Selecting dsmcGeneralBoundaryModel dsmcFreeStreamInflowPatch
Selecting the reaction model dissociationQK
Selecting the reaction model dissociationExchangeQK
Selecting the reaction model dissociationQK
Selecting the reaction model dissociationExchangeQK
Selecting the reaction model dissociationExchangeQK
Selecting the reaction model dissociationQK
Number of reactions created: 12
Creating the boundary models: 

Selecting dsmcPatchBoundaryModel dsmcDeletionPatch
Selecting dsmcPatchBoundaryModel dsmcDeletionPatch
Selecting dsmcPatchBoundaryModel dsmcDiffuseWallPatch
Selecting dsmcGeneralBoundaryModel dsmcFreeStreamInflowPatch
Selecting BinaryCollisionModel LarsenBorgnakkeVariableHardSphere
Creating the boundary models: 

Selecting dsmcPatchBoundaryModel dsmcDeletionPatch
Creating the boundary models: 

Selecting dsmcPatchBoundaryModel dsmcDeletionPatch
Selecting dsmcPatchBoundaryModel dsmcDeletionPatch
Selecting dsmcPatchBoundaryModel dsmcDiffuseWallPatch
Selecting dsmcGeneralBoundaryModel dsmcFreeStreamInflowPatch
Selecting dsmcPatchBoundaryModel dsmcDeletionPatch
Selecting dsmcPatchBoundaryModel dsmcDiffuseWallPatch
Selecting dsmcGeneralBoundaryModel dsmcFreeStreamInflowPatch

Creating dsmcReactions

Selecting the reaction model dissociationQK
Selecting the reaction model dissociationExchangeQK
Selecting the reaction model dissociationQK
Selecting the reaction model dissociationQK
Selecting the reaction model dissociationQK
Selecting the reaction model dissociationQK
Selecting the reaction model dissociationQK
Selecting the reaction model dissociationExchangeQK
Selecting the reaction model dissociationQK
Selecting the reaction model dissociationExchangeQK
Selecting the reaction model dissociationExchangeQK
Selecting the reaction model dissociationQK
Number of reactions created: 12
Creating the boundary models: 

Selecting dsmcPatchBoundaryModel dsmcDeletionPatch
Selecting dsmcPatchBoundaryModel dsmcDeletionPatch
Selecting dsmcPatchBoundaryModel dsmcDiffuseWallPatch
Selecting dsmcGeneralBoundaryModel dsmcFreeStreamInflowPatch
Selecting BinaryCollisionModel LarsenBorgnakkeVariableHardSphere
Creating the boundary models: 

Selecting dsmcPatchBoundaryModel dsmcDeletionPatch
Selecting dsmcPatchBoundaryModel dsmcDeletionPatch
Selecting dsmcPatchBoundaryModel dsmcDiffuseWallPatch
Selecting dsmcGeneralBoundaryModel dsmcFreeStreamInflowPatch

Creating dsmcReactions

Selecting the reaction model dissociationQK
Selecting the reaction model dissociationExchangeQK
Selecting the reaction model dissociationQK
Selecting the reaction model dissociationQK
Selecting the reaction model dissociationQK
Selecting the reaction model dissociationQK
Selecting the reaction model dissociationQK
Selecting the reaction model dissociationExchangeQK
Selecting the reaction model dissociationQK
Selecting the reaction model dissociationExchangeQK
Selecting the reaction model dissociationExchangeQK
Selecting the reaction model dissociationQK
Number of reactions created: 12
Creating the boundary models: 

Selecting dsmcPatchBoundaryModel dsmcDeletionPatch
Selecting dsmcPatchBoundaryModel dsmcDeletionPatch
Selecting dsmcPatchBoundaryModel dsmcDiffuseWallPatch
Selecting dsmcGeneralBoundaryModel dsmcFreeStreamInflowPatch
Selecting BinaryCollisionModel LarsenBorgnakkeVariableHardSphere

Creating dsmcReactions

Selecting the reaction model dissociationQK
Selecting the reaction model dissociationExchangeQK
Selecting the reaction model dissociationQK
Selecting the reaction model dissociationQK
Selecting the reaction model dissociationQK
Selecting the reaction model dissociationQK
Selecting the reaction model dissociationQK
Selecting the reaction model dissociationExchangeQK
Selecting the reaction model dissociationQK
Selecting the reaction model dissociationExchangeQK
Selecting the reaction model dissociationExchangeQK
Selecting the reaction model dissociationQK
Number of reactions created: 12
Creating the boundary models: 

Selecting dsmcPatchBoundaryModel dsmcDeletionPatch
Selecting dsmcPatchBoundaryModel dsmcDeletionPatch
Selecting dsmcPatchBoundaryModel dsmcDiffuseWallPatch
Selecting dsmcGeneralBoundaryModel dsmcFreeStreamInflowPatch
Creating the boundary models: 

Selecting dsmcPatchBoundaryModel dsmcDeletionPatch
Selecting dsmcPatchBoundaryModel dsmcDeletionPatch
Selecting dsmcPatchBoundaryModel dsmcDiffuseWallPatch
Selecting dsmcGeneralBoundaryModel dsmcFreeStreamInflowPatch
Selecting BinaryCollisionModel LarsenBorgnakkeVariableHardSphere
Selecting BinaryCollisionModel LarsenBorgnakkeVariableHardSphere

Creating dsmcReactions

Selecting the reaction model dissociationQK
Selecting the reaction model dissociationExchangeQK
Selecting the reaction model dissociationQK
Selecting the reaction model dissociationQK
Selecting the reaction model dissociationQK
Selecting the reaction model dissociationQK
Selecting the reaction model dissociationQK
Selecting the reaction model dissociationExchangeQK
Selecting the reaction model dissociationQK
Selecting the reaction model dissociationExchangeQK
Selecting the reaction model dissociationExchangeQK
Selecting the reaction model dissociationQK
Number of reactions created: 12
Creating the boundary models: 

Selecting dsmcPatchBoundaryModel dsmcDeletionPatch
Selecting dsmcPatchBoundaryModel dsmcDeletionPatch
Selecting dsmcPatchBoundaryModel dsmcDiffuseWallPatch
Selecting dsmcGeneralBoundaryModel dsmcFreeStreamInflowPatch
Selecting BinaryCollisionModel LarsenBorgnakkeVariableHardSphere

Creating dsmcReactions

Selecting the reaction model dissociationQK
Creating the boundary models: 

Selecting dsmcPatchBoundaryModel dsmcDeletionPatch
Selecting dsmcPatchBoundaryModel dsmcDeletionPatch
Selecting dsmcPatchBoundaryModel dsmcDiffuseWallPatch
Selecting dsmcGeneralBoundaryModel dsmcFreeStreamInflowPatch

Creating dsmcReactions

Selecting the reaction model dissociationQK
Selecting the reaction model dissociationExchangeQK
Selecting the reaction model dissociationQK
Selecting the reaction model dissociationQK
Selecting the reaction model dissociationQK
Selecting the reaction model dissociationQK
Selecting the reaction model dissociationQK
Selecting the reaction model dissociationExchangeQK
Selecting the reaction model dissociationQK
Selecting the reaction model dissociationExchangeQK
Selecting the reaction model dissociationExchangeQK
Selecting the reaction model dissociationQK
Number of reactions created: 12
Creating the boundary models: 

Selecting dsmcPatchBoundaryModel dsmcDeletionPatch
Selecting dsmcPatchBoundaryModel dsmcDeletionPatch
Selecting dsmcPatchBoundaryModel dsmcDiffuseWallPatch
Selecting dsmcGeneralBoundaryModel dsmcFreeStreamInflowPatch
Selecting the reaction model dissociationExchangeQK
Selecting the reaction model dissociationQK
Selecting the reaction model dissociationQK
Selecting the reaction model dissociationQK
Selecting the reaction model dissociationQK
Selecting the reaction model dissociationQK
Selecting the reaction model dissociationExchangeQK
Selecting the reaction model dissociationQK
Selecting the reaction model dissociationExchangeQK
Selecting the reaction model dissociationExchangeQK
Selecting the reaction model dissociationQK
Number of reactions created: 12
Creating the boundary models: 

Selecting dsmcPatchBoundaryModel dsmcDeletionPatch
Selecting dsmcPatchBoundaryModel dsmcDeletionPatch
Selecting dsmcPatchBoundaryModel dsmcDiffuseWallPatch
Selecting dsmcGeneralBoundaryModel dsmcFreeStreamInflowPatch
Selecting BinaryCollisionModel LarsenBorgnakkeVariableHardSphere

Creating dsmcReactions

Selecting the reaction model dissociationQK
Selecting the reaction model dissociationExchangeQK
Selecting the reaction model dissociationQK
Selecting the reaction model dissociationQK
Selecting the reaction model dissociationQK
Selecting the reaction model dissociationQK
Selecting the reaction model dissociationQK
Selecting the reaction model dissociationExchangeQK
Selecting the reaction model dissociationQK
Selecting the reaction model dissociationExchangeQK
Selecting the reaction model dissociationExchangeQK
Selecting the reaction model dissociationQK
Number of reactions created: 12
Selecting BinaryCollisionModel LarsenBorgnakkeVariableHardSphere

Creating dsmcReactions

Selecting the reaction model dissociationQK
Selecting the reaction model dissociationExchangeQK
Selecting the reaction model dissociationQK
Selecting the reaction model dissociationQK
Selecting the reaction model dissociationQK
Selecting the reaction model dissociationQK
Selecting the reaction model dissociationQK
Selecting the reaction model dissociationExchangeQK
Selecting the reaction model dissociationQK
Selecting the reaction model dissociationExchangeQK
Selecting the reaction model dissociationExchangeQK
Selecting the reaction model dissociationQK
Number of reactions created: 12
Creating the boundary models: 

Selecting dsmcPatchBoundaryModel dsmcDeletionPatch
Selecting dsmcPatchBoundaryModel dsmcDeletionPatch
Selecting dsmcPatchBoundaryModel dsmcDiffuseWallPatch
Selecting dsmcGeneralBoundaryModel dsmcFreeStreamInflowPatch
Selecting BinaryCollisionModel LarsenBorgnakkeVariableHardSphere

Creating dsmcReactions

Selecting the reaction model dissociationQK
Selecting the reaction model dissociationExchangeQK
Selecting the reaction model dissociationQK
Selecting the reaction model dissociationQK
Selecting the reaction model dissociationQK
Selecting the reaction model dissociationQK
Selecting the reaction model dissociationQK
Selecting the reaction model dissociationExchangeQK
Selecting the reaction model dissociationQK
Selecting the reaction model dissociationExchangeQK
Selecting the reaction model dissociationExchangeQK
Selecting the reaction model dissociationQK
Number of reactions created: 12
Creating the boundary models: 

Selecting dsmcPatchBoundaryModel dsmcDeletionPatch
Selecting dsmcPatchBoundaryModel dsmcDeletionPatch
Selecting dsmcPatchBoundaryModel dsmcDiffuseWallPatch
Selecting dsmcGeneralBoundaryModel dsmcFreeStreamInflowPatch
Selecting BinaryCollisionModel LarsenBorgnakkeVariableHardSphere
Creating the boundary models: 

Selecting dsmcPatchBoundaryModel dsmcDeletionPatch

Creating dsmcReactions

Selecting the reaction model dissociationQK
Selecting the reaction model dissociationExchangeQK
Selecting the reaction model dissociationQK
Selecting the reaction model dissociationQK
Selecting the reaction model dissociationQK
Selecting the reaction model dissociationQK
Selecting the reaction model dissociationQK
Selecting the reaction model dissociationExchangeQK
Selecting the reaction model dissociationQK
Selecting the reaction model dissociationExchangeQK
Selecting the reaction model dissociationExchangeQK
Selecting the reaction model dissociationQK
Number of reactions created: 12
Selecting dsmcPatchBoundaryModel dsmcDeletionPatch
Selecting dsmcPatchBoundaryModel dsmcDiffuseWallPatch
Selecting dsmcGeneralBoundaryModel dsmcFreeStreamInflowPatch
Selecting BinaryCollisionModel LarsenBorgnakkeVariableHardSphere

Creating dsmcReactions

Selecting the reaction model dissociationQK
Selecting the reaction model dissociationExchangeQK
Selecting the reaction model dissociationQK
Selecting the reaction model dissociationQK
Selecting the reaction model dissociationQK
Selecting the reaction model dissociationQK
Selecting the reaction model dissociationQK
Selecting the reaction model dissociationExchangeQK
Selecting the reaction model dissociationQK
Selecting the reaction model dissociationExchangeQK
Selecting the reaction model dissociationExchangeQK
Selecting the reaction model dissociationQK
Number of reactions created: 12
Selecting BinaryCollisionModel LarsenBorgnakkeVariableHardSphere
Selecting BinaryCollisionModel LarsenBorgnakkeVariableHardSphere
Selecting BinaryCollisionModel LarsenBorgnakkeVariableHardSphere

Creating dsmcReactions

Selecting the reaction model dissociationQK
Selecting the reaction model dissociationExchangeQK
Selecting the reaction model dissociationQK
Selecting the reaction model dissociationQK
Selecting the reaction model dissociationQK
Selecting the reaction model dissociationQK
Selecting the reaction model dissociationQK
Selecting the reaction model dissociationExchangeQK
Selecting the reaction model dissociationQK
Selecting BinaryCollisionModel LarsenBorgnakkeVariableHardSphere

Creating dsmcReactions

Selecting the reaction model dissociationQK
Selecting the reaction model dissociationExchangeQK
Selecting the reaction model dissociationQK
Selecting the reaction model dissociationQK
Selecting the reaction model dissociationQK
Selecting the reaction model dissociationQK
Selecting the reaction model dissociationQK
Selecting the reaction model dissociationExchangeQK
Selecting the reaction model dissociationQK
Selecting the reaction model dissociationExchangeQK
Selecting the reaction model dissociationExchangeQK
Selecting the reaction model dissociationQK
Number of reactions created: 12

Creating dsmcReactions

Selecting the reaction model dissociationQK
Selecting the reaction model dissociationExchangeQK
Selecting the reaction model dissociationQK
Selecting the reaction model dissociationQK
Selecting the reaction model dissociationQK
Selecting the reaction model dissociationQK
Selecting the reaction model dissociationQK
Selecting the reaction model dissociationExchangeQK
Selecting the reaction model dissociationQK
Selecting the reaction model dissociationExchangeQK
Selecting the reaction model dissociationExchangeQK
Selecting the reaction model dissociationQK
Number of reactions created: 12

Creating dsmcReactions

Selecting the reaction model dissociationQK
Selecting the reaction model dissociationExchangeQK
Selecting the reaction model dissociationQK
Selecting the reaction model dissociationQK
Selecting the reaction model dissociationQK
Selecting the reaction model dissociationQK
Selecting the reaction model dissociationQK
Selecting the reaction model dissociationExchangeQK
Selecting the reaction model dissociationQK
Selecting the reaction model dissociationExchangeQK
Selecting the reaction model dissociationExchangeQK
Selecting the reaction model dissociationExchangeQK
Selecting the reaction model dissociationExchangeQK
Selecting the reaction model dissociationQK
Number of reactions created: 12
Selecting the reaction model dissociationQK
Number of reactions created: 12
Selecting BinaryCollisionModel LarsenBorgnakkeVariableHardSphere

Creating dsmcReactions

Selecting the reaction model dissociationQK
Selecting the reaction model dissociationExchangeQK
Selecting the reaction model dissociationQK
Selecting the reaction model dissociationQK
Selecting the reaction model dissociationQK
Selecting the reaction model dissociationQK
Selecting the reaction model dissociationQK
Selecting the reaction model dissociationExchangeQK
Selecting the reaction model dissociationQK
Selecting the reaction model dissociationExchangeQK
Selecting the reaction model dissociationExchangeQK
Selecting the reaction model dissociationQK
Number of reactions created: 12
Selecting BinaryCollisionModel LarsenBorgnakkeVariableHardSphere
Creating the boundary models: 

Selecting dsmcPatchBoundaryModel dsmcDeletionPatch
Selecting dsmcPatchBoundaryModel dsmcDeletionPatch
Selecting dsmcPatchBoundaryModel dsmcDiffuseWallPatch
Selecting dsmcGeneralBoundaryModel dsmcFreeStreamInflowPatch

Creating dsmcReactions

Selecting the reaction model dissociationQK
Selecting the reaction model dissociationExchangeQK
Selecting the reaction model dissociationQK
Selecting the reaction model dissociationQK
Selecting the reaction model dissociationQK
Selecting the reaction model dissociationQK
Selecting the reaction model dissociationQK
Selecting the reaction model dissociationExchangeQK
Selecting the reaction model dissociationQK
Selecting the reaction model dissociationExchangeQK
Selecting the reaction model dissociationExchangeQK
Selecting the reaction model dissociationQK
Number of reactions created: 12
Creating the boundary models: 

Selecting dsmcPatchBoundaryModel dsmcDeletionPatch
Selecting dsmcPatchBoundaryModel dsmcDeletionPatch
Selecting dsmcPatchBoundaryModel dsmcDiffuseWallPatch
Selecting dsmcGeneralBoundaryModel dsmcFreeStreamInflowPatch
Selecting BinaryCollisionModel LarsenBorgnakkeVariableHardSphere

Creating dsmcReactions

Selecting the reaction model dissociationQK
Selecting the reaction model dissociationExchangeQK
Selecting the reaction model dissociationQK
Selecting the reaction model dissociationQK
Selecting the reaction model dissociationQK
Selecting the reaction model dissociationQK
Selecting the reaction model dissociationQK
Selecting the reaction model dissociationExchangeQK
Selecting the reaction model dissociationQK
Selecting the reaction model dissociationExchangeQK
Selecting the reaction model dissociationExchangeQK
Selecting the reaction model dissociationQK
Number of reactions created: 12
Selecting BinaryCollisionModel LarsenBorgnakkeVariableHardSphere

Creating dsmcReactions

Selecting the reaction model dissociationQK
Selecting the reaction model dissociationExchangeQK
Selecting the reaction model dissociationQK
Selecting the reaction model dissociationQK
Selecting the reaction model dissociationQK
Selecting the reaction model dissociationQK
Selecting the reaction model dissociationQK
Selecting the reaction model dissociationExchangeQK
Selecting the reaction model dissociationQK
Selecting the reaction model dissociationExchangeQK
Selecting the reaction model dissociationExchangeQK
Selecting the reaction model dissociationQK
Number of reactions created: 12
Selecting BinaryCollisionModel LarsenBorgnakkeVariableHardSphere
Selecting BinaryCollisionModel LarsenBorgnakkeVariableHardSphere
Selecting BinaryCollisionModel LarsenBorgnakkeVariableHardSphere

Creating dsmcReactions

Selecting the reaction model dissociationQK
Selecting the reaction model dissociationExchangeQK
Selecting the reaction model dissociationQK
Selecting the reaction model dissociationQK
Selecting the reaction model dissociationQK
Selecting the reaction model dissociationQK
Selecting the reaction model dissociationQK
Selecting the reaction model dissociationExchangeQK
Selecting the reaction model dissociationQK
Selecting the reaction model dissociationExchangeQK
Selecting the reaction model dissociationExchangeQK
Selecting the reaction model dissociationQK
Number of reactions created: 12

Creating dsmcReactions

Selecting the reaction model dissociationQK
Selecting the reaction model dissociationExchangeQK
Selecting the reaction model dissociationQK
Selecting the reaction model dissociationQK
Selecting the reaction model dissociationQK
Selecting the reaction model dissociationQK
Selecting the reaction model dissociationQK
Selecting the reaction model dissociationExchangeQK
Selecting the reaction model dissociationQK
Selecting the reaction model dissociationExchangeQK
Selecting the reaction model dissociationExchangeQK
Selecting the reaction model dissociationQK
Number of reactions created: 12

Creating dsmcReactions

Selecting the reaction model dissociationQK
Selecting the reaction model dissociationExchangeQK
Selecting the reaction model dissociationQK
Selecting the reaction model dissociationQK
Selecting the reaction model dissociationQK
Selecting the reaction model dissociationQK
Selecting the reaction model dissociationQK
Selecting the reaction model dissociationExchangeQK
Selecting the reaction model dissociationQK
Selecting the reaction model dissociationExchangeQK
Selecting the reaction model dissociationExchangeQK
Selecting the reaction model dissociationQK
Number of reactions created: 12
Selecting BinaryCollisionModel LarsenBorgnakkeVariableHardSphere
Creating the boundary models: 

Selecting dsmcPatchBoundaryModel dsmcDeletionPatch
Selecting dsmcPatchBoundaryModel dsmcDeletionPatch
Selecting dsmcPatchBoundaryModel dsmcDiffuseWallPatch
Selecting dsmcGeneralBoundaryModel dsmcFreeStreamInflowPatch

Creating dsmcReactions

Selecting the reaction model dissociationQK
Selecting the reaction model dissociationExchangeQK
Selecting the reaction model dissociationQK
Selecting the reaction model dissociationQK
Selecting the reaction model dissociationQK
Selecting the reaction model dissociationQK
Selecting the reaction model dissociationQK
Selecting the reaction model dissociationExchangeQK
Selecting the reaction model dissociationQK
Selecting the reaction model dissociationExchangeQK
Selecting the reaction model dissociationExchangeQK
Selecting the reaction model dissociationQK
Number of reactions created: 12
Selecting BinaryCollisionModel LarsenBorgnakkeVariableHardSphere

Creating dsmcReactions

Selecting the reaction model dissociationQK
Selecting the reaction model dissociationExchangeQK
Selecting the reaction model dissociationQK
Selecting the reaction model dissociationQK
Selecting the reaction model dissociationQK
Selecting the reaction model dissociationQK
Selecting the reaction model dissociationQK
Selecting the reaction model dissociationExchangeQK
Selecting the reaction model dissociationQK
Selecting the reaction model dissociationExchangeQK
Selecting the reaction model dissociationExchangeQK
Selecting the reaction model dissociationQK
Number of reactions created: 12
Selecting BinaryCollisionModel LarsenBorgnakkeVariableHardSphere

Creating dsmcReactions

Selecting the reaction model dissociationQK
Selecting the reaction model dissociationExchangeQK
Selecting the reaction model dissociationQK
Selecting the reaction model dissociationQK
Selecting the reaction model dissociationQK
Selecting the reaction model dissociationQK
Selecting the reaction model dissociationQK
Selecting the reaction model dissociationExchangeQK
Selecting the reaction model dissociationQK
Selecting BinaryCollisionModel LarsenBorgnakkeVariableHardSphere

Creating dsmcReactions

Selecting the reaction model dissociationQK
Selecting the reaction model dissociationExchangeQK
Selecting the reaction model dissociationQK
Selecting the reaction model dissociationQK
Selecting the reaction model dissociationQK
Selecting the reaction model dissociationQK
Selecting the reaction model dissociationQK
Selecting the reaction model dissociationExchangeQK
Selecting the reaction model dissociationQK
Selecting the reaction model dissociationExchangeQK
Selecting the reaction model dissociationExchangeQK
Selecting the reaction model dissociationQK
Number of reactions created: 12
Selecting the reaction model dissociationExchangeQK
Selecting the reaction model dissociationExchangeQK
Selecting the reaction model dissociationQK
Number of reactions created: 12
Selecting BinaryCollisionModel LarsenBorgnakkeVariableHardSphere

Creating dsmcReactions

Selecting the reaction model dissociationQK
Selecting the reaction model dissociationExchangeQK
Selecting the reaction model dissociationQK
Selecting the reaction model dissociationQK
Selecting the reaction model dissociationQK
Selecting the reaction model dissociationQK
Selecting the reaction model dissociationQK
Selecting the reaction model dissociationExchangeQK
Selecting the reaction model dissociationQK
Selecting the reaction model dissociationExchangeQK
Selecting the reaction model dissociationExchangeQK
Selecting the reaction model dissociationQK
Number of reactions created: 12
Selecting BinaryCollisionModel LarsenBorgnakkeVariableHardSphere

Creating dsmcReactions

Selecting the reaction model dissociationQK
Selecting the reaction model dissociationExchangeQK
Selecting the reaction model dissociationQK
Selecting the reaction model dissociationQK
Selecting the reaction model dissociationQK
Selecting the reaction model dissociationQK
Selecting the reaction model dissociationQK
Selecting the reaction model dissociationExchangeQK
Selecting the reaction model dissociationQK
Selecting the reaction model dissociationExchangeQK
Selecting the reaction model dissociationExchangeQK
Selecting the reaction model dissociationQK
Number of reactions created: 12
Selecting BinaryCollisionModel LarsenBorgnakkeVariableHardSphere

Creating dsmcReactions

Selecting the reaction model dissociationQK
Selecting the reaction model dissociationExchangeQK
Selecting the reaction model dissociationQK
Selecting the reaction model dissociationQK
Selecting the reaction model dissociationQK
Selecting the reaction model dissociationQK
Selecting the reaction model dissociationQK
Selecting the reaction model dissociationExchangeQK
Selecting the reaction model dissociationQK
Selecting the reaction model dissociationExchangeQK
Selecting the reaction model dissociationExchangeQK
Selecting the reaction model dissociationQK
Number of reactions created: 12
Selecting BinaryCollisionModel LarsenBorgnakkeVariableHardSphere

Creating dsmcReactions

Selecting the reaction model dissociationQK
Selecting the reaction model dissociationExchangeQK
Selecting the reaction model dissociationQK
Selecting the reaction model dissociationQK
Selecting the reaction model dissociationQK
Selecting the reaction model dissociationQK
Selecting the reaction model dissociationQK
Selecting the reaction model dissociationExchangeQK
Selecting the reaction model dissociationQK
Selecting the reaction model dissociationExchangeQK
Selecting the reaction model dissociationExchangeQK
Selecting the reaction model dissociationQK
Number of reactions created: 12
Selecting BinaryCollisionModel LarsenBorgnakkeVariableHardSphere

Creating dsmcReactions

Selecting the reaction model dissociationQK
Selecting the reaction model dissociationExchangeQK
Selecting the reaction model dissociationQK
Selecting the reaction model dissociationQK
Selecting the reaction model dissociationQK
Selecting the reaction model dissociationQK
Selecting the reaction model dissociationQK
Selecting the reaction model dissociationExchangeQK
Selecting the reaction model dissociationQK
Selecting the reaction model dissociationExchangeQK
Selecting the reaction model dissociationExchangeQK
Selecting the reaction model dissociationQK
Number of reactions created: 12
Selecting BinaryCollisionModel LarsenBorgnakkeVariableHardSphere

Creating dsmcReactions

Selecting the reaction model dissociationQK
Selecting the reaction model dissociationExchangeQK
Selecting the reaction model dissociationQK
Selecting the reaction model dissociationQK
Selecting the reaction model dissociationQK
Selecting the reaction model dissociationQK
Selecting the reaction model dissociationQK
Selecting the reaction model dissociationExchangeQK
Selecting the reaction model dissociationQK
Selecting the reaction model dissociationExchangeQK
Selecting the reaction model dissociationExchangeQK
Selecting the reaction model dissociationQK
Number of reactions created: 12
Selecting BinaryCollisionModel LarsenBorgnakkeVariableHardSphere

Creating dsmcReactions

Selecting the reaction model dissociationQK
Selecting the reaction model dissociationExchangeQK
Selecting the reaction model dissociationQK
Selecting the reaction model dissociationQK
Selecting the reaction model dissociationQK
Selecting the reaction model dissociationQK
Selecting the reaction model dissociationQK
Selecting the reaction model dissociationExchangeQK
Selecting the reaction model dissociationQK
Selecting the reaction model dissociationExchangeQK
Selecting the reaction model dissociationExchangeQK
Selecting the reaction model dissociationQK
Number of reactions created: 12
Selecting BinaryCollisionModel LarsenBorgnakkeVariableHardSphere

Creating dsmcReactions

Selecting the reaction model dissociationQK
Selecting the reaction model dissociationExchangeQK
Selecting the reaction model dissociationQK
Selecting the reaction model dissociationQK
Selecting the reaction model dissociationQK
Selecting the reaction model dissociationQK
Selecting the reaction model dissociationQK
Selecting the reaction model dissociationExchangeQK
Selecting the reaction model dissociationQK
Selecting the reaction model dissociationExchangeQK
Selecting the reaction model dissociationExchangeQK
Selecting the reaction model dissociationQK
Number of reactions created: 12
Selecting BinaryCollisionModel LarsenBorgnakkeVariableHardSphere

Creating dsmcReactions

Selecting the reaction model dissociationQK
Selecting the reaction model dissociationExchangeQK
Selecting the reaction model dissociationQK
Selecting the reaction model dissociationQK
Selecting the reaction model dissociationQK
Selecting the reaction model dissociationQK
Selecting the reaction model dissociationQK
Selecting the reaction model dissociationExchangeQK
Selecting the reaction model dissociationQK
Selecting the reaction model dissociationExchangeQK
Selecting the reaction model dissociationExchangeQK
Selecting the reaction model dissociationQK
Number of reactions created: 12
Selecting BinaryCollisionModel LarsenBorgnakkeVariableHardSphere

Creating dsmcReactions

Selecting the reaction model dissociationQK
Selecting the reaction model dissociationExchangeQK
Selecting the reaction model dissociationQK
Selecting the reaction model dissociationQK
Selecting the reaction model dissociationQK
Selecting the reaction model dissociationQK
Selecting the reaction model dissociationQK
Selecting the reaction model dissociationExchangeQK
Selecting the reaction model dissociationQK
Selecting the reaction model dissociationExchangeQK
Selecting the reaction model dissociationExchangeQK
Selecting the reaction model dissociationQK
Number of reactions created: 12
Selecting BinaryCollisionModel LarsenBorgnakkeVariableHardSphere

Creating dsmcReactions

Selecting the reaction model dissociationQK
Selecting the reaction model dissociationExchangeQK
Selecting the reaction model dissociationQK
Selecting the reaction model dissociationQK
Selecting the reaction model dissociationQK
Selecting the reaction model dissociationQK
Selecting the reaction model dissociationQK
Selecting the reaction model dissociationExchangeQK
Selecting the reaction model dissociationQK
Selecting the reaction model dissociationExchangeQK
Selecting the reaction model dissociationExchangeQK
Selecting the reaction model dissociationQK
Number of reactions created: 12
Selecting BinaryCollisionModel LarsenBorgnakkeVariableHardSphere
Selecting BinaryCollisionModel LarsenBorgnakkeVariableHardSphere

Creating dsmcReactions

Selecting the reaction model dissociationQK
Selecting the reaction model dissociationExchangeQK
Selecting the reaction model dissociationQK
Selecting the reaction model dissociationQK
Selecting the reaction model dissociationQK
Selecting the reaction model dissociationQK
Selecting the reaction model dissociationQK
Selecting the reaction model dissociationExchangeQK
Selecting the reaction model dissociationQK
Selecting the reaction model dissociationExchangeQK
Selecting the reaction model dissociationExchangeQK
Selecting the reaction model dissociationQK
Number of reactions created: 12
Selecting BinaryCollisionModel LarsenBorgnakkeVariableHardSphere

Creating dsmcReactions

Selecting the reaction model dissociationQK
Selecting the reaction model dissociationExchangeQK
Selecting the reaction model dissociationQK
Selecting the reaction model dissociationQK
Selecting the reaction model dissociationQK
Selecting the reaction model dissociationQK
Selecting the reaction model dissociationQK
Selecting the reaction model dissociationExchangeQK
Selecting the reaction model dissociationQK
Selecting the reaction model dissociationExchangeQK
Selecting the reaction model dissociationExchangeQK
Selecting the reaction model dissociationQK
Number of reactions created: 12
Selecting BinaryCollisionModel LarsenBorgnakkeVariableHardSphere

Creating dsmcReactions

Selecting the reaction model dissociationQK
Selecting the reaction model dissociationExchangeQK
Selecting the reaction model dissociationQK
Selecting the reaction model dissociationQK
Selecting the reaction model dissociationQK
Selecting the reaction model dissociationQK
Selecting the reaction model dissociationQK
Selecting the reaction model dissociationExchangeQK
Selecting the reaction model dissociationQK
Selecting the reaction model dissociationExchangeQK
Selecting the reaction model dissociationExchangeQK
Selecting the reaction model dissociationQK
Number of reactions created: 12
Selecting BinaryCollisionModel LarsenBorgnakkeVariableHardSphere

Creating dsmcReactions

Selecting the reaction model dissociationQK
Selecting the reaction model dissociationExchangeQK
Selecting the reaction model dissociationQK
Selecting the reaction model dissociationQK
Selecting the reaction model dissociationQK
Selecting the reaction model dissociationQK
Selecting the reaction model dissociationQK
Selecting the reaction model dissociationExchangeQK
Selecting the reaction model dissociationQK
Selecting the reaction model dissociationExchangeQK
Selecting the reaction model dissociationExchangeQK
Selecting the reaction model dissociationQK
Number of reactions created: 12

Creating dsmcReactions

Selecting the reaction model dissociationQK
Selecting the reaction model dissociationExchangeQK
Selecting the reaction model dissociationQK
Selecting the reaction model dissociationQK
Selecting the reaction model dissociationQK
Selecting the reaction model dissociationQK
Selecting the reaction model dissociationQK
Selecting the reaction model dissociationExchangeQK
Selecting the reaction model dissociationQK
Selecting the reaction model dissociationExchangeQK
Selecting the reaction model dissociationExchangeQK
Selecting the reaction model dissociationQK
Number of reactions created: 12
Selecting BinaryCollisionModel LarsenBorgnakkeVariableHardSphere

Creating dsmcReactions

Selecting the reaction model dissociationQK
Selecting the reaction model dissociationExchangeQK
Selecting the reaction model dissociationQK
Selecting the reaction model dissociationQK
Selecting the reaction model dissociationQK
Selecting the reaction model dissociationQK
Selecting the reaction model dissociationQK
Selecting the reaction model dissociationExchangeQK
Selecting the reaction model dissociationQK
Selecting the reaction model dissociationExchangeQK
Selecting the reaction model dissociationExchangeQK
Selecting the reaction model dissociationQK
Number of reactions created: 12
Selecting BinaryCollisionModel LarsenBorgnakkeVariableHardSphere

Creating dsmcReactions

Selecting the reaction model dissociationQK
Selecting the reaction model dissociationExchangeQK
Selecting the reaction model dissociationQK
Selecting the reaction model dissociationQK
Selecting the reaction model dissociationQK
Selecting the reaction model dissociationQK
Selecting the reaction model dissociationQK
Selecting the reaction model dissociationExchangeQK
Selecting the reaction model dissociationQK
Selecting the reaction model dissociationExchangeQK
Selecting the reaction model dissociationExchangeQK
Selecting the reaction model dissociationQK
Number of reactions created: 12
Selecting BinaryCollisionModel LarsenBorgnakkeVariableHardSphere

Creating dsmcReactions

Selecting the reaction model dissociationQK
Selecting the reaction model dissociationExchangeQK
Selecting the reaction model dissociationQK
Selecting the reaction model dissociationQK
Selecting the reaction model dissociationQK
Selecting the reaction model dissociationQK
Selecting the reaction model dissociationQK
Selecting the reaction model dissociationExchangeQK
Selecting the reaction model dissociationQK
Selecting the reaction model dissociationExchangeQK
Selecting the reaction model dissociationExchangeQK
Selecting the reaction model dissociationQK
Number of reactions created: 12
Selecting BinaryCollisionModel LarsenBorgnakkeVariableHardSphere
Selecting BinaryCollisionModel LarsenBorgnakkeVariableHardSphere

Creating dsmcReactions

Selecting the reaction model dissociationQK
Selecting the reaction model dissociationExchangeQK
Selecting the reaction model dissociationQK
Selecting the reaction model dissociationQK
Selecting the reaction model dissociationQK
Selecting the reaction model dissociationQK
Selecting the reaction model dissociationQK
Selecting the reaction model dissociationExchangeQK
Selecting the reaction model dissociationQK
Selecting the reaction model dissociationExchangeQK
Selecting the reaction model dissociationExchangeQK
Selecting the reaction model dissociationQK
Number of reactions created: 12

Creating dsmcReactions

Selecting the reaction model dissociationQK
Selecting the reaction model dissociationExchangeQK
Selecting the reaction model dissociationQK
Selecting the reaction model dissociationQK
Selecting the reaction model dissociationQK
Selecting the reaction model dissociationQK
Selecting the reaction model dissociationQK
Selecting the reaction model dissociationExchangeQK
Selecting the reaction model dissociationQK
Selecting the reaction model dissociationExchangeQK
Selecting the reaction model dissociationExchangeQK
Selecting the reaction model dissociationQK
Number of reactions created: 12
Selecting BinaryCollisionModel LarsenBorgnakkeVariableHardSphere

Creating dsmcReactions

Selecting the reaction model dissociationQK
Selecting the reaction model dissociationExchangeQK
Selecting the reaction model dissociationQK
Selecting the reaction model dissociationQK
Selecting the reaction model dissociationQK
Selecting the reaction model dissociationQK
Selecting the reaction model dissociationQK
Selecting the reaction model dissociationExchangeQK
Selecting the reaction model dissociationQK
Selecting the reaction model dissociationExchangeQK
Selecting the reaction model dissociationExchangeQK
Selecting the reaction model dissociationQK
Number of reactions created: 12

Constructing constant properties for
	N2
	O2
	NO
	N
	O

Constructing constant properties for
	N2
	O2
	NO
	N
	O

Constructing constant properties for
	N2
	O2
	NO
	N
	O

Constructing constant properties for
	N2
	O2
	NO
	N
	O

Constructing constant properties for
	N2
	O2
	NO
	N
	O

Constructing constant properties for
	N2
	O2
	NO
	N
	O

Constructing constant properties for
	N2
	O2
	NO
	N
	O

Constructing constant properties for
	N2
	O2
	NO
	N
	O

Constructing constant properties for
	N2
	O2
	NO
	N
	O

Constructing constant properties for
	N2
	O2
	NO
	N
	O

Constructing constant properties for
	N2
	O2
	NO
	N
	O

Constructing constant properties for
	N2
	O2
	NO
	N
	O

Constructing constant properties for
	N2
	O2
	NO
	N
	O
Selecting collisionPartnerSelectionModel noTimeCounter
Collision profile: collisionReduceOnlyOnOutput defaulted to true for replicatedMesh run
Collision profile: collisionOutputGlobalReduce defaulted to false for replicatedMesh run

Initialising the measurement fields

Initialising dsmcVolFields field
Initialising dsmcVolFields field
Selecting collisionPartnerSelectionModel noTimeCounter
Collision profile: collisionReduceOnlyOnOutput defaulted to true for replicatedMesh run
Collision profile: collisionOutputGlobalReduce defaulted to false for replicatedMesh run

Initialising the measurement fields

Initialising dsmcVolFields field
Initialising dsmcVolFields field
Initialising dsmcVolFields field
Selecting collisionPartnerSelectionModel noTimeCounter
Collision profile: collisionReduceOnlyOnOutput defaulted to true for replicatedMesh run
Collision profile: collisionOutputGlobalReduce defaulted to false for replicatedMesh run

Initialising the measurement fields

Initialising dsmcVolFields field
Initialising dsmcVolFields field
Selecting collisionPartnerSelectionModel noTimeCounter
Collision profile: collisionReduceOnlyOnOutput defaulted to true for replicatedMesh run
Collision profile: collisionOutputGlobalReduce defaulted to false for replicatedMesh run

Initialising the measurement fields

Initialising dsmcVolFields field
Initialising dsmcVolFields field
Initialising dsmcVolFields field
Initialising dsmcVolFields field
Initialising dsmcVolFields field
Initialising dsmcVolFields field
Initialising dsmcVolFields field
Initialising dsmcVolFields field
Initialising dsmcVolFields field
Initialising dsmcVolFields field
Selecting collisionPartnerSelectionModel noTimeCounter
Collision profile: collisionReduceOnlyOnOutput defaulted to true for replicatedMesh run
Collision profile: collisionOutputGlobalReduce defaulted to false for replicatedMesh run

Initialising the measurement fields

Initialising dsmcVolFields field
Initialising dsmcVolFields field
Initialising dsmcVolFields field
Selecting collisionPartnerSelectionModel noTimeCounter
Collision profile: collisionReduceOnlyOnOutput defaulted to true for replicatedMesh run
Collision profile: collisionOutputGlobalReduce defaulted to false for replicatedMesh run

Initialising the measurement fields

Initialising dsmcVolFields field
Initialising dsmcVolFields field
Initialising dsmcVolFields field
Initialising dsmcVolFields field
Initialising dsmcVolFields field
Initialising dsmcVolFields field
Selecting collisionPartnerSelectionModel noTimeCounter
Initialising dsmcVolFields field
Initialising dsmcVolFields field
Initialising dsmcVolFields field
Collision profile: collisionReduceOnlyOnOutput defaulted to true for replicatedMesh run
Collision profile: collisionOutputGlobalReduce defaulted to false for replicatedMesh run

Initialising the measurement fields

Initialising dsmcVolFields field
Initialising dsmcVolFields field
Initialising dsmcVolFields field
Initialising dsmcVolFields field
Initialising dsmcVolFields field
Initialising dsmcVolFields field
Initialising dsmcVolFields field
Initialising dsmcVolFields field
Initialising dsmcVolFields field
Initialising dsmcVolFields field
Initialising dsmcVolFields field
Initialising dsmcVolFields field
Selecting collisionPartnerSelectionModel noTimeCounter
Collision profile: collisionReduceOnlyOnOutput defaulted to true for replicatedMesh run
Collision profile: collisionOutputGlobalReduce defaulted to false for replicatedMesh run

Initialising the measurement fields

Initialising dsmcVolFields field
Initialising dsmcVolFields field
Initialising dsmcVolFields field
Selecting collisionPartnerSelectionModel noTimeCounter
Collision profile: collisionReduceOnlyOnOutput defaulted to true for replicatedMesh run
Collision profile: collisionOutputGlobalReduce defaulted to false for replicatedMesh run

Initialising the measurement fields

Initialising dsmcVolFields field
Initialising dsmcVolFields field
Selecting collisionPartnerSelectionModel noTimeCounter
Collision profile: collisionReduceOnlyOnOutput defaulted to true for replicatedMesh run
Collision profile: collisionOutputGlobalReduce defaulted to false for replicatedMesh run

Initialising the measurement fields

Initialising dsmcVolFields field
Initialising dsmcVolFields field
Selecting collisionPartnerSelectionModel noTimeCounter
Collision profile: collisionReduceOnlyOnOutput defaulted to true for replicatedMesh run
Collision profile: collisionOutputGlobalReduce defaulted to false for replicatedMesh run

Initialising the measurement fields

Initialising dsmcVolFields field
Initialising dsmcVolFields field
Initialising dsmcVolFields field
Initialising dsmcVolFields field
Initialising dsmcVolFields field
Initialising dsmcVolFields field
Initialising dsmcVolFields field
Initialising dsmcVolFields field
Initialising dsmcVolFields field
Initialising dsmcVolFields field
Initialising dsmcVolFields field
Initialising dsmcVolFields field
Initialising dsmcVolFields field
Initialising dsmcVolFields field
Initialising dsmcVolFields field
Initialising dsmcVolFields field
Initialising dsmcVolFields field
Initialising dsmcVolFields field

Constructing constant properties for
	N2
	O2
	NO
	N
	O

Constructing constant properties for
	N2
	O2
	NO
	N
	O

Constructing constant properties for
	N2
	O2
	NO
	N
	O
Selecting collisionPartnerSelectionModel noTimeCounter
Collision profile: collisionReduceOnlyOnOutput defaulted to true for replicatedMesh run
Collision profile: collisionOutputGlobalReduce defaulted to false for replicatedMesh run

Initialising the measurement fields

Initialising dsmcVolFields field
Initialising dsmcVolFields field
Selecting collisionPartnerSelectionModel noTimeCounter
Collision profile: collisionReduceOnlyOnOutput defaulted to true for replicatedMesh run
Collision profile: collisionOutputGlobalReduce defaulted to false for replicatedMesh run

Initialising the measurement fields

Initialising dsmcVolFields field
Initialising dsmcVolFields field
Initialising dsmcVolFields field
Initialising dsmcVolFields field
Initialising dsmcVolFields field
Initialising dsmcVolFields field
Initialising dsmcVolFields field
Initialising dsmcVolFields field
Initialising dsmcVolFields field

Constructing constant properties for
	N2
	O2
	NO
	N
	O
Initialising dsmcVolFields field

Constructing constant properties for
	N2
	O2
	NO
	N
	O

Constructing constant properties for
	N2
	O2
	NO
	N
	O

Constructing constant properties for
	N2
	O2
	NO
	N
	O

Constructing constant properties for
	N2
	O2
	NO
	N
	O

Constructing constant properties for
	N2
	O2
	NO
	N
	O

Constructing constant properties for
	N2
	O2
	NO
	N
	O

Constructing constant properties for
	N2
	O2
	NO
	N
	O

Constructing constant properties for

Constructing constant properties for
	N2
	O2
	NO
	N
	O

Constructing constant properties for
	N2
	O2
	NO
	N
	O
	N2
	O2
	NO
	N
	O

Constructing constant properties for
	N2
	O2
	NO
	N
	O

Constructing constant properties for
	N2
	O2
	NO
	N
	O

Constructing constant properties for
	N2
	O2
	NO
	N
	O

Constructing constant properties for
	N2
	O2
	NO
	N
	O

Constructing constant properties for
	N2
	O2
	NO
	N
	O

Constructing constant properties for
	N2
	O2
	NO
	N
	O

Constructing constant properties for
	N2
	O2
	NO
	N
	O

Constructing constant properties for
	N2
	O2
	NO
	N
	O

Constructing constant properties for
	N2

Constructing constant properties for
	N2
	O2
	NO
	N
	O
	O2
	NO
	N
	O

Constructing constant properties for
	N2
	O2
	NO
	N
	O

Constructing constant properties for
	N2
	O2
	NO
	N
	O

Constructing constant properties for
	N2

Constructing constant properties for
	N2
	O2
	NO
	N
	O
Selecting collisionPartnerSelectionModel noTimeCounter
Collision profile: collisionReduceOnlyOnOutput defaulted to true for replicatedMesh run
Collision profile: collisionOutputGlobalReduce defaulted to false for replicatedMesh run

Initialising the measurement fields

Initialising dsmcVolFields field

Constructing constant properties for
	N2
	O2
	NO
	N
	O

Constructing constant properties for
	N2
	O2
	NO
	N
	O
Selecting collisionPartnerSelectionModel noTimeCounter
Collision profile: collisionReduceOnlyOnOutput defaulted to true for replicatedMesh run
Collision profile: collisionOutputGlobalReduce defaulted to false for replicatedMesh run

Initialising the measurement fields

Initialising dsmcVolFields field
Initialising dsmcVolFields field
Selecting collisionPartnerSelectionModel noTimeCounter
Collision profile: collisionReduceOnlyOnOutput defaulted to true for replicatedMesh run
Collision profile: collisionOutputGlobalReduce defaulted to false for replicatedMesh run

Initialising the measurement fields

Initialising dsmcVolFields field
Initialising dsmcVolFields field
Initialising dsmcVolFields field
Initialising dsmcVolFields field
Initialising dsmcVolFields field

Constructing constant properties for
	N2
	O2
	NO
	N
	O
	O2
	NO
	N
	O
Initialising dsmcVolFields field

Constructing constant properties for
	N2
	O2
	NO
	N
	O

Constructing constant properties for
	N2
Initialising dsmcVolFields field
Initialising dsmcVolFields field
	O2
	NO
	N
	O

Constructing constant properties for
	N2
	O2
	NO
	N
	O
Initialising dsmcVolFields field
Initialising dsmcVolFields field
Initialising dsmcVolFields field
Initialising dsmcVolFields field
Initialising dsmcVolFields field

Constructing constant properties for
	N2
	O2
	NO
	N
	O

Constructing constant properties for
	N2
	O2
	NO
	N
	O

Constructing constant properties for
	N2
	O2
	NO
	N
	O

Constructing constant properties for
	N2
	O2
	NO
	N
	O

Constructing constant properties for
	N2
	O2
	NO
	N
	O
Initialising dsmcVolFields field
Selecting collisionPartnerSelectionModel noTimeCounter
Collision profile: collisionReduceOnlyOnOutput defaulted to true for replicatedMesh run
Collision profile: collisionOutputGlobalReduce defaulted to false for replicatedMesh run

Initialising the measurement fields

Initialising dsmcVolFields field
Initialising dsmcVolFields field
Initialising dsmcVolFields field

Constructing constant properties for
	N2
	O2
	NO
	N
	O
Initialising dsmcVolFields field

Constructing constant properties for
	N2
	O2
	NO
	N
	O

Constructing constant properties for
	N2
	O2
	NO
	N
	O
Initialising dsmcVolFields field

Constructing constant properties for
	N2
	O2
	NO
	N
	O

Constructing constant properties for
	N2
	O2
	NO
	N
	O

Constructing constant properties for
	N2
	O2
	NO
	N
	O
Initialising dsmcVolFields field
Selecting collisionPartnerSelectionModel noTimeCounter
Collision profile: collisionReduceOnlyOnOutput defaulted to true for replicatedMesh run
Collision profile: collisionOutputGlobalReduce defaulted to false for replicatedMesh run

Initialising the measurement fields

Initialising dsmcVolFields field
Initialising dsmcVolFields field

Constructing constant properties for
	N2
	O2
	NO
	N
	O
Initialising dsmcVolFields field
Initialising dsmcVolFields field

Constructing constant properties for
	N2
	O2
	NO
	N
	O

Constructing constant properties for
	N2
	O2
	NO
	N
	O
Initialising dsmcVolFields field
Selecting collisionPartnerSelectionModel noTimeCounter
Collision profile: collisionReduceOnlyOnOutput defaulted to true for replicatedMesh run
Collision profile: collisionOutputGlobalReduce defaulted to false for replicatedMesh run

Initialising the measurement fields

Initialising dsmcVolFields field
Initialising dsmcVolFields field

Constructing constant properties for
	N2
	O2
	NO
	N
	O

Constructing constant properties for
	N2
	O2
	NO
	N
	O

Constructing constant properties for
	N2
	O2
	NO
	N
	O
Initialising dsmcVolFields field
Initialising dsmcVolFields field
Initialising dsmcVolFields field
Initialising dsmcVolFields field
Initialising dsmcVolFields field
Initialising dsmcVolFields field
Selecting collisionPartnerSelectionModel noTimeCounter
Collision profile: collisionReduceOnlyOnOutput defaulted to true for replicatedMesh run
Collision profile: collisionOutputGlobalReduce defaulted to false for replicatedMesh run

Initialising the measurement fields

Initialising dsmcVolFields field
Initialising dsmcVolFields field
Selecting collisionPartnerSelectionModel noTimeCounter
Collision profile: collisionReduceOnlyOnOutput defaulted to true for replicatedMesh run
Collision profile: collisionOutputGlobalReduce defaulted to false for replicatedMesh run

Initialising the measurement fields

Initialising dsmcVolFields field
Initialising dsmcVolFields field
Selecting collisionPartnerSelectionModel noTimeCounter
Collision profile: collisionReduceOnlyOnOutput defaulted to true for replicatedMesh run
Collision profile: collisionOutputGlobalReduce defaulted to false for replicatedMesh run

Initialising the measurement fields

Initialising dsmcVolFields field
Initialising dsmcVolFields field
Initialising dsmcVolFields field
Initialising dsmcVolFields field
Initialising dsmcVolFields field
Initialising dsmcVolFields field
Initialising dsmcVolFields field
Initialising dsmcVolFields field
Initialising dsmcVolFields field
Initialising dsmcVolFields field
Selecting collisionPartnerSelectionModel noTimeCounter
Collision profile: collisionReduceOnlyOnOutput defaulted to true for replicatedMesh run
Collision profile: collisionOutputGlobalReduce defaulted to false for replicatedMesh run

Initialising the measurement fields

Initialising dsmcVolFields field
Initialising dsmcVolFields field
Initialising dsmcVolFields field
Initialising dsmcVolFields field
Initialising dsmcVolFields field
Initialising dsmcVolFields field
Initialising dsmcVolFields field
Initialising dsmcVolFields field
Initialising dsmcVolFields field
Selecting collisionPartnerSelectionModel noTimeCounter
Collision profile: collisionReduceOnlyOnOutput defaulted to true for replicatedMesh run
Collision profile: collisionOutputGlobalReduce defaulted to false for replicatedMesh run

Initialising the measurement fields

Initialising dsmcVolFields field
Initialising dsmcVolFields field
Initialising dsmcVolFields field
Selecting collisionPartnerSelectionModel noTimeCounter
Collision profile: collisionReduceOnlyOnOutput defaulted to true for replicatedMesh run
Collision profile: collisionOutputGlobalReduce defaulted to false for replicatedMesh run

Initialising the measurement fields

Initialising dsmcVolFields field
Initialising dsmcVolFields field
Selecting collisionPartnerSelectionModel noTimeCounter
Collision profile: collisionReduceOnlyOnOutput defaulted to true for replicatedMesh run
Collision profile: collisionOutputGlobalReduce defaulted to false for replicatedMesh run

Initialising the measurement fields

Initialising dsmcVolFields field
Initialising dsmcVolFields field
Selecting collisionPartnerSelectionModel noTimeCounter
Collision profile: collisionReduceOnlyOnOutput defaulted to true for replicatedMesh run
Collision profile: collisionOutputGlobalReduce defaulted to false for replicatedMesh run

Initialising the measurement fields

Initialising dsmcVolFields field
Selecting collisionPartnerSelectionModel noTimeCounter
Collision profile: collisionReduceOnlyOnOutput defaulted to true for replicatedMesh run
Collision profile: collisionOutputGlobalReduce defaulted to false for replicatedMesh run

Initialising the measurement fields

Initialising dsmcVolFields field
Initialising dsmcVolFields field
Initialising dsmcVolFields field
Initialising dsmcVolFields field
Initialising dsmcVolFields field
Initialising dsmcVolFields field
Selecting collisionPartnerSelectionModel noTimeCounter
Collision profile: collisionReduceOnlyOnOutput defaulted to true for replicatedMesh run
Collision profile: collisionOutputGlobalReduce defaulted to false for replicatedMesh run

Initialising the measurement fields

Initialising dsmcVolFields field
Initialising dsmcVolFields field
Initialising dsmcVolFields field
Initialising dsmcVolFields field
Initialising dsmcVolFields field
Selecting collisionPartnerSelectionModel noTimeCounter
Collision profile: collisionReduceOnlyOnOutput defaulted to true for replicatedMesh run
Collision profile: collisionOutputGlobalReduce defaulted to false for replicatedMesh run

Initialising the measurement fields

Initialising dsmcVolFields field
Initialising dsmcVolFields field
Initialising dsmcVolFields field
Selecting collisionPartnerSelectionModel noTimeCounter
Collision profile: collisionReduceOnlyOnOutput defaulted to true for replicatedMesh run
Collision profile: collisionOutputGlobalReduce defaulted to false for replicatedMesh run

Initialising the measurement fields

Initialising dsmcVolFields field
Selecting collisionPartnerSelectionModel noTimeCounter
Collision profile: collisionReduceOnlyOnOutput defaulted to true for replicatedMesh run
Collision profile: collisionOutputGlobalReduce defaulted to false for replicatedMesh run

Initialising the measurement fields

Initialising dsmcVolFields field
Initialising dsmcVolFields field
Selecting collisionPartnerSelectionModel noTimeCounter
Collision profile: collisionReduceOnlyOnOutput defaulted to true for replicatedMesh run
Collision profile: collisionOutputGlobalReduce defaulted to false for replicatedMesh run

Initialising the measurement fields

Initialising dsmcVolFields field
Initialising dsmcVolFields field
Selecting collisionPartnerSelectionModel noTimeCounter
Collision profile: collisionReduceOnlyOnOutput defaulted to true for replicatedMesh run
Collision profile: collisionOutputGlobalReduce defaulted to false for replicatedMesh run

Initialising the measurement fields

Initialising dsmcVolFields field
Initialising dsmcVolFields field
Initialising dsmcVolFields field
Initialising dsmcVolFields field
Initialising dsmcVolFields field
Initialising dsmcVolFields field
Initialising dsmcVolFields field
Initialising dsmcVolFields field
Initialising dsmcVolFields field
Initialising dsmcVolFields field
Initialising dsmcVolFields field
Initialising dsmcVolFields field
Initialising dsmcVolFields field
Initialising dsmcVolFields field
Initialising dsmcVolFields field
Initialising dsmcVolFields field
Initialising dsmcVolFields field
Initialising dsmcVolFields field
Initialising dsmcVolFields field
Initialising dsmcVolFields field
Initialising dsmcVolFields field
Initialising dsmcVolFields field
Initialising dsmcVolFields field
Initialising dsmcVolFields field
Initialising dsmcVolFields field
Initialising dsmcVolFields field
Selecting collisionPartnerSelectionModel noTimeCounter
Collision profile: collisionReduceOnlyOnOutput defaulted to true for replicatedMesh run
Collision profile: collisionOutputGlobalReduce defaulted to false for replicatedMesh run

Initialising the measurement fields

Initialising dsmcVolFields field
Initialising dsmcVolFields field
Initialising dsmcVolFields field
Initialising dsmcVolFields field
Initialising dsmcVolFields field
Selecting collisionPartnerSelectionModel noTimeCounter
Collision profile: collisionReduceOnlyOnOutput defaulted to true for replicatedMesh run
Collision profile: collisionOutputGlobalReduce defaulted to false for replicatedMesh run

Initialising the measurement fields

Initialising dsmcVolFields field
Initialising dsmcVolFields field
Initialising dsmcVolFields field
Initialising dsmcVolFields field
Initialising dsmcVolFields field
Initialising dsmcVolFields field
Initialising dsmcVolFields field
Initialising dsmcVolFields field
Initialising dsmcVolFields field
Selecting collisionPartnerSelectionModel noTimeCounter
Collision profile: collisionReduceOnlyOnOutput defaulted to true for replicatedMesh run
Collision profile: collisionOutputGlobalReduce defaulted to false for replicatedMesh run

Initialising the measurement fields

Initialising dsmcVolFields field
Initialising dsmcVolFields field
Selecting collisionPartnerSelectionModel noTimeCounter
Collision profile: collisionReduceOnlyOnOutput defaulted to true for replicatedMesh run
Collision profile: collisionOutputGlobalReduce defaulted to false for replicatedMesh run

Initialising the measurement fields

Initialising dsmcVolFields field
Initialising dsmcVolFields field
Initialising dsmcVolFields field
Initialising dsmcVolFields field
Selecting collisionPartnerSelectionModel noTimeCounter
Collision profile: collisionReduceOnlyOnOutput defaulted to true for replicatedMesh run
Collision profile: collisionOutputGlobalReduce defaulted to false for replicatedMesh run

Initialising the measurement fields

Initialising dsmcVolFields field
Initialising dsmcVolFields field
Initialising dsmcVolFields field
Initialising dsmcVolFields field
Initialising dsmcVolFields field
Initialising dsmcVolFields field
Selecting collisionPartnerSelectionModel noTimeCounter
Collision profile: collisionReduceOnlyOnOutput defaulted to true for replicatedMesh run
Collision profile: collisionOutputGlobalReduce defaulted to false for replicatedMesh run

Initialising the measurement fields

Initialising dsmcVolFields field
Selecting collisionPartnerSelectionModel noTimeCounter
Collision profile: collisionReduceOnlyOnOutput defaulted to true for replicatedMesh run
Collision profile: collisionOutputGlobalReduce defaulted to false for replicatedMesh run

Initialising the measurement fields

Initialising dsmcVolFields field
Initialising dsmcVolFields field
Initialising dsmcVolFields field
Selecting collisionPartnerSelectionModel noTimeCounter
Collision profile: collisionReduceOnlyOnOutput defaulted to true for replicatedMesh run
Collision profile: collisionOutputGlobalReduce defaulted to false for replicatedMesh run

Initialising the measurement fields

Initialising dsmcVolFields field
Initialising dsmcVolFields field
Initialising dsmcVolFields field
Initialising dsmcVolFields field
Initialising dsmcVolFields field
Initialising dsmcVolFields field
Initialising dsmcVolFields field
Initialising dsmcVolFields field
Initialising dsmcVolFields field
Initialising dsmcVolFields field
Initialising dsmcVolFields field
Initialising dsmcVolFields field
Initialising dsmcVolFields field
Initialising dsmcVolFields field
Initialising dsmcVolFields field
Selecting collisionPartnerSelectionModel noTimeCounter
Collision profile: collisionReduceOnlyOnOutput defaulted to true for replicatedMesh run
Collision profile: collisionOutputGlobalReduce defaulted to false for replicatedMesh run

Initialising the measurement fields

Initialising dsmcVolFields field
Initialising dsmcVolFields field
Initialising dsmcVolFields field
Initialising dsmcVolFields field
Initialising dsmcVolFields field
Initialising dsmcVolFields field
Initialising dsmcVolFields field
Initialising dsmcVolFields field
Initialising dsmcVolFields field
Initialising dsmcVolFields field
Selecting collisionPartnerSelectionModel noTimeCounter
Collision profile: collisionReduceOnlyOnOutput defaulted to true for replicatedMesh run
Collision profile: collisionOutputGlobalReduce defaulted to false for replicatedMesh run

Initialising the measurement fields

Initialising dsmcVolFields field
Selecting collisionPartnerSelectionModel noTimeCounter
Collision profile: collisionReduceOnlyOnOutput defaulted to true for replicatedMesh run
Collision profile: collisionOutputGlobalReduce defaulted to false for replicatedMesh run

Initialising the measurement fields

Initialising dsmcVolFields field
Initialising dsmcVolFields field
Initialising dsmcVolFields field
Initialising dsmcVolFields field
Initialising dsmcVolFields field
Selecting collisionPartnerSelectionModel noTimeCounter
Collision profile: collisionReduceOnlyOnOutput defaulted to true for replicatedMesh run
Collision profile: collisionOutputGlobalReduce defaulted to false for replicatedMesh run

Initialising the measurement fields

Initialising dsmcVolFields field
Initialising dsmcVolFields field
Initialising dsmcVolFields field
Initialising dsmcVolFields field
Initialising dsmcVolFields field
Selecting collisionPartnerSelectionModel noTimeCounter
Collision profile: collisionReduceOnlyOnOutput defaulted to true for replicatedMesh run
Collision profile: collisionOutputGlobalReduce defaulted to false for replicatedMesh run

Initialising the measurement fields

Initialising dsmcVolFields field
Initialising dsmcVolFields field
Selecting collisionPartnerSelectionModel noTimeCounter
Collision profile: collisionReduceOnlyOnOutput defaulted to true for replicatedMesh run
Collision profile: collisionOutputGlobalReduce defaulted to false for replicatedMesh run

Initialising the measurement fields

Initialising dsmcVolFields field
Initialising dsmcVolFields field
Selecting collisionPartnerSelectionModel noTimeCounter
Collision profile: collisionReduceOnlyOnOutput defaulted to true for replicatedMesh run
Collision profile: collisionOutputGlobalReduce defaulted to false for replicatedMesh run

Initialising the measurement fields

Initialising dsmcVolFields field
Initialising dsmcVolFields field
Initialising dsmcVolFields field
Initialising dsmcVolFields field
Initialising dsmcVolFields field
Initialising dsmcVolFields field
Selecting collisionPartnerSelectionModel noTimeCounter
Collision profile: collisionReduceOnlyOnOutput defaulted to true for replicatedMesh run
Collision profile: collisionOutputGlobalReduce defaulted to false for replicatedMesh run

Initialising the measurement fields

Initialising dsmcVolFields field
Initialising dsmcVolFields field
Selecting collisionPartnerSelectionModel noTimeCounter
Collision profile: collisionReduceOnlyOnOutput defaulted to true for replicatedMesh run
Collision profile: collisionOutputGlobalReduce defaulted to false for replicatedMesh run

Initialising the measurement fields

Initialising dsmcVolFields field
Selecting collisionPartnerSelectionModel noTimeCounter
Collision profile: collisionReduceOnlyOnOutput defaulted to true for replicatedMesh run
Collision profile: collisionOutputGlobalReduce defaulted to false for replicatedMesh run

Initialising the measurement fields

Initialising dsmcVolFields field
Selecting collisionPartnerSelectionModel noTimeCounter
Collision profile: collisionReduceOnlyOnOutput defaulted to true for replicatedMesh run
Collision profile: collisionOutputGlobalReduce defaulted to false for replicatedMesh run

Initialising the measurement fields

Initialising dsmcVolFields field
Initialising dsmcVolFields field
Initialising dsmcVolFields field
Initialising dsmcVolFields field
Selecting collisionPartnerSelectionModel noTimeCounter
Collision profile: collisionReduceOnlyOnOutput defaulted to true for replicatedMesh run
Collision profile: collisionOutputGlobalReduce defaulted to false for replicatedMesh run

Initialising the measurement fields

Initialising dsmcVolFields field
Initialising dsmcVolFields field
Initialising dsmcVolFields field
Initialising dsmcVolFields field
Initialising dsmcVolFields field
Initialising dsmcVolFields field
Initialising dsmcVolFields field
Initialising dsmcVolFields field
Initialising dsmcVolFields field
Initialising dsmcVolFields field
Initialising dsmcVolFields field
Initialising dsmcVolFields field
Initialising dsmcVolFields field
Initialising dsmcVolFields field
Initialising dsmcVolFields field
Initialising dsmcVolFields field
Initialising dsmcVolFields field
Initialising dsmcVolFields field
Initialising dsmcVolFields field
Initialising dsmcVolFields field
Initialising dsmcVolFields field
Initialising dsmcVolFields field
Initialising dsmcVolFields field
Initialising dsmcVolFields field
Initialising dsmcVolFields field
Initialising dsmcVolFields field
Initialising dsmcVolFields field
Initialising dsmcVolFields field
Initialising dsmcVolFields field
Initialising dsmcVolFields field
Initialising dsmcVolFields field
Initialising dsmcVolFields field
Initialising dsmcVolFields field
Initialising dsmcVolFields field
Initialising dsmcVolFields field
Initialising dsmcVolFields field
Initialising dsmcVolFields field
Initialising dsmcVolFields field
Initialising dsmcVolFields field
Initialising dsmcVolFields field
Selecting collisionPartnerSelectionModel noTimeCounter
Collision profile: collisionReduceOnlyOnOutput defaulted to true for replicatedMesh run
Collision profile: collisionOutputGlobalReduce defaulted to false for replicatedMesh run

Initialising the measurement fields

Initialising dsmcVolFields field
Initialising dsmcVolFields field
Selecting collisionPartnerSelectionModel noTimeCounter
Collision profile: collisionReduceOnlyOnOutput defaulted to true for replicatedMesh run
Collision profile: collisionOutputGlobalReduce defaulted to false for replicatedMesh run

Initialising the measurement fields

Initialising dsmcVolFields field
Initialising dsmcVolFields field
Initialising dsmcVolFields field
Initialising dsmcVolFields field
Initialising dsmcVolFields field
Initialising dsmcVolFields field
Initialising dsmcVolFields field
Initialising dsmcVolFields field
Selecting collisionPartnerSelectionModel noTimeCounter
Collision profile: collisionReduceOnlyOnOutput defaulted to true for replicatedMesh run
Collision profile: collisionOutputGlobalReduce defaulted to false for replicatedMesh run

Initialising the measurement fields

Initialising dsmcVolFields field
Initialising dsmcVolFields field
Initialising dsmcVolFields field
Initialising dsmcVolFields field
Initialising dsmcVolFields field
Initialising dsmcVolFields field
Initialising dsmcVolFields field
Initialising dsmcVolFields field
Selecting collisionPartnerSelectionModel noTimeCounter
Collision profile: collisionReduceOnlyOnOutput defaulted to true for replicatedMesh run
Collision profile: collisionOutputGlobalReduce defaulted to false for replicatedMesh run

Initialising the measurement fields

Initialising dsmcVolFields field
Selecting collisionPartnerSelectionModel noTimeCounter
Collision profile: collisionReduceOnlyOnOutput defaulted to true for replicatedMesh run
Collision profile: collisionOutputGlobalReduce defaulted to false for replicatedMesh run

Initialising the measurement fields

Initialising dsmcVolFields field
Initialising dsmcVolFields field
Initialising dsmcVolFields field
Initialising dsmcVolFields field
Initialising dsmcVolFields field
Initialising dsmcVolFields field
Initialising dsmcVolFields field
Initialising dsmcVolFields field
Selecting collisionPartnerSelectionModel noTimeCounter
Collision profile: collisionReduceOnlyOnOutput defaulted to true for replicatedMesh run
Collision profile: collisionOutputGlobalReduce defaulted to false for replicatedMesh run

Initialising the measurement fields

Initialising dsmcVolFields field
Initialising dsmcVolFields field
Initialising dsmcVolFields field
Initialising dsmcVolFields field
Initialising dsmcVolFields field
Initialising dsmcVolFields field
Initialising dsmcVolFields field
Initialising dsmcVolFields field
Selecting collisionPartnerSelectionModel noTimeCounter
Collision profile: collisionReduceOnlyOnOutput defaulted to true for replicatedMesh run
Collision profile: collisionOutputGlobalReduce defaulted to false for replicatedMesh run

Initialising the measurement fields

Initialising dsmcVolFields field
Initialising dsmcVolFields field
Initialising dsmcVolFields field
Initialising dsmcVolFields field
Initialising dsmcVolFields field
Selecting collisionPartnerSelectionModel noTimeCounter
Collision profile: collisionReduceOnlyOnOutput defaulted to true for replicatedMesh run
Collision profile: collisionOutputGlobalReduce defaulted to false for replicatedMesh run

Initialising the measurement fields

Initialising dsmcVolFields field
Initialising dsmcVolFields field
Initialising dsmcVolFields field
Initialising dsmcVolFields field
Selecting collisionPartnerSelectionModel noTimeCounter
Collision profile: collisionReduceOnlyOnOutput defaulted to true for replicatedMesh run
Collision profile: collisionOutputGlobalReduce defaulted to false for replicatedMesh run

Initialising the measurement fields

Initialising dsmcVolFields field
Selecting collisionPartnerSelectionModel noTimeCounter
Collision profile: collisionReduceOnlyOnOutput defaulted to true for replicatedMesh run
Collision profile: collisionOutputGlobalReduce defaulted to false for replicatedMesh run

Initialising the measurement fields

Initialising dsmcVolFields field
Initialising dsmcVolFields field
Initialising dsmcVolFields field
Initialising dsmcVolFields field
Initialising dsmcVolFields field
Initialising dsmcVolFields field
Initialising dsmcVolFields field
Initialising dsmcVolFields field
Initialising dsmcVolFields field
Initialising dsmcVolFields field
Initialising dsmcVolFields field
Initialising dsmcVolFields field
Initialising dsmcVolFields field
Initialising dsmcVolFields field
Initialising dsmcVolFields field
Initialising dsmcVolFields field
Initialising dsmcVolFields field
Initialising dsmcVolFields field
Initialising dsmcVolFields field
Initialising dsmcVolFields field
Initialising dsmcVolFields field
Initialising dsmcVolFields field
Initialising dsmcVolFields field
Initialising dsmcVolFields field
Initialising dsmcVolFields field
[0] MPI startup(): Intel(R) MPI Library, Version 2021.5  Build 20211102 (id: 9279b7d62)
[0] MPI startup(): Copyright (C) 2003-2021 Intel Corporation.  All rights reserved.
[0] MPI startup(): library kind: release
[0] MPI startup(): libfabric version: 1.13.2rc1-impi
[0] MPI startup(): libfabric provider: mlx
[0] MPI startup(): Load tuning file: "/public1/soft/oneapi/2022.1.0.106/mpi/2021.5.0//etc/tuning_generic_shm-ofi_mlx_hcoll.dat"
[0] MPI startup(): Rank    Pid      Node name           Pin cpu
[0] MPI startup(): 0       56952    m4cl0501.para.bscc  {96}
[0] MPI startup(): 1       56953    m4cl0501.para.bscc  {97}
[0] MPI startup(): 2       56954    m4cl0501.para.bscc  {98}
[0] MPI startup(): 3       56955    m4cl0501.para.bscc  {99}
[0] MPI startup(): 4       56956    m4cl0501.para.bscc  {100}
[0] MPI startup(): 5       56957    m4cl0501.para.bscc  {101}
[0] MPI startup(): 6       56958    m4cl0501.para.bscc  {102}
[0] MPI startup(): 7       56959    m4cl0501.para.bscc  {103}
[0] MPI startup(): 8       56961    m4cl0501.para.bscc  {104}
[0] MPI startup(): 9       56962    m4cl0501.para.bscc  {105}
[0] MPI startup(): 10      56963    m4cl0501.para.bscc  {106}
[0] MPI startup(): 11      56965    m4cl0501.para.bscc  {107}
[0] MPI startup(): 12      56966    m4cl0501.para.bscc  {108}
[0] MPI startup(): 13      56967    m4cl0501.para.bscc  {109}
[0] MPI startup(): 14      56968    m4cl0501.para.bscc  {110}
[0] MPI startup(): 15      56969    m4cl0501.para.bscc  {111}
[0] MPI startup(): 16      56970    m4cl0501.para.bscc  {112}
[0] MPI startup(): 17      56971    m4cl0501.para.bscc  {113}
[0] MPI startup(): 18      56972    m4cl0501.para.bscc  {114}
[0] MPI startup(): 19      56973    m4cl0501.para.bscc  {115}
[0] MPI startup(): 20      56974    m4cl0501.para.bscc  {116}
[0] MPI startup(): 21      56975    m4cl0501.para.bscc  {117}
[0] MPI startup(): 22      56976    m4cl0501.para.bscc  {118}
[0] MPI startup(): 23      56977    m4cl0501.para.bscc  {119}
[0] MPI startup(): 24      56978    m4cl0501.para.bscc  {120}
[0] MPI startup(): 25      56979    m4cl0501.para.bscc  {121}
[0] MPI startup(): 26      56980    m4cl0501.para.bscc  {122}
[0] MPI startup(): 27      56981    m4cl0501.para.bscc  {123}
[0] MPI startup(): 28      56982    m4cl0501.para.bscc  {124}
[0] MPI startup(): 29      56983    m4cl0501.para.bscc  {125}
[0] MPI startup(): 30      56984    m4cl0501.para.bscc  {126}
[0] MPI startup(): 31      56985    m4cl0501.para.bscc  {127}
[0] MPI startup(): 32      56986    m4cl0501.para.bscc  {128}
[0] MPI startup(): 33      56987    m4cl0501.para.bscc  {129}
[0] MPI startup(): 34      56988    m4cl0501.para.bscc  {130}
[0] MPI startup(): 35      56989    m4cl0501.para.bscc  {131}
[0] MPI startup(): 36      56990    m4cl0501.para.bscc  {132}
[0] MPI startup(): 37      56991    m4cl0501.para.bscc  {133}
[0] MPI startup(): 38      56992    m4cl0501.para.bscc  {134}
[0] MPI startup(): 39      56993    m4cl0501.para.bscc  {135}
[0] MPI startup(): 40      56994    m4cl0501.para.bscc  {136}
[0] MPI startup(): 41      56995    m4cl0501.para.bscc  {137}
[0] MPI startup(): 42      56996    m4cl0501.para.bscc  {138}
[0] MPI startup(): 43      56997    m4cl0501.para.bscc  {139}
[0] MPI startup(): 44      56998    m4cl0501.para.bscc  {140}
[0] MPI startup(): 45      56999    m4cl0501.para.bscc  {141}
[0] MPI startup(): 46      57000    m4cl0501.para.bscc  {142}
[0] MPI startup(): 47      57001    m4cl0501.para.bscc  {143}
[0] MPI startup(): 48      57002    m4cl0501.para.bscc  {144}
[0] MPI startup(): 49      57003    m4cl0501.para.bscc  {145}
[0] MPI startup(): 50      57004    m4cl0501.para.bscc  {146}
[0] MPI startup(): 51      57005    m4cl0501.para.bscc  {147}
[0] MPI startup(): 52      57006    m4cl0501.para.bscc  {148}
[0] MPI startup(): 53      57007    m4cl0501.para.bscc  {149}
[0] MPI startup(): 54      57008    m4cl0501.para.bscc  {150}
[0] MPI startup(): 55      57009    m4cl0501.para.bscc  {151}
[0] MPI startup(): 56      57010    m4cl0501.para.bscc  {152}
[0] MPI startup(): 57      57011    m4cl0501.para.bscc  {153}
[0] MPI startup(): 58      57012    m4cl0501.para.bscc  {154}
[0] MPI startup(): 59      57013    m4cl0501.para.bscc  {155}
[0] MPI startup(): 60      57014    m4cl0501.para.bscc  {156}
[0] MPI startup(): 61      57016    m4cl0501.para.bscc  {157}
[0] MPI startup(): 62      57017    m4cl0501.para.bscc  {158}
[0] MPI startup(): 63      57019    m4cl0501.para.bscc  {159}
[0] MPI startup(): threading: mode: direct
[0] MPI startup(): threading: vcis: 1
[0] MPI startup(): threading: app_threads: 1
[0] MPI startup(): threading: runtime: generic
[0] MPI startup(): threading: is_threaded: 0
[0] MPI startup(): threading: async_progress: 0
[0] MPI startup(): threading: num_pools: 64
[0] MPI startup(): threading: lock_level: global
[0] MPI startup(): threading: enable_sep: 0
[0] MPI startup(): threading: direct_recv: 1
[0] MPI startup(): threading: zero_op_flags: 1
[0] MPI startup(): threading: num_am_buffers: 1
[0] MPI startup(): threading: library is built with per-vci thread granularity
Replicated mesh: METIS decomposition complete, 104151 cells -> 64 ranks
Replicated mesh: rank 0 owns 1631 / 104151 cells
Local mesh: 1631 owned + 134 halo = 1765 / 104151 cells
Replicated mesh: flatTransfer=1 found=1
Replicated mesh: flat POD transfer enabled
Replicated mesh: gatherCandidates=0
Replicated mesh: overlapSizeExchange=0
Replicated mesh: writeMode=gathered
Phase C auto DLB: enabled (ParMETIS AdaptiveRepart), imbalanceThreshold=1.5, dlbSteps=50, sarSteps=50, triggerMode=legacyWindow, minGapSteps=50, checkCollective=allgather, particleGate=0, particleGateThreshold=1.5, skipPostDiag=0, adaptiveAlpha=0
Replicated mesh: initialized with 64 MPI ranks, migrate interval 10

Starting time loop

Replicated mesh: initial particle distribution

Replicated mesh: rank 0 kept 34025 parcels, deleted 2024595 non-owned parcels
Time = 4e-06

    Collision global reduction skipped (rank 0 local diagnostics)
    Collisions                      = 224
    Collision candidates           = 262
    Collision acceptance rate      = 0.8549618321

    Number of DSMC particles        = 2091255
    Number of stuck particles       = 0
    Number of free particles        = 2091255
    Average linear kinetic energy   = 1.098952371e-18
    Average rotational energy       = 2.78345116e-21
    Average vibrational energy      = 3.373554504e-23
    Average electronic energy       = 0
    Total energy                    = 23.04081096

Stage 1.0  ExecutionTime = 16.99 s  ClockTime = 20 s  Iteration 10 (0.2 s)

Time = 8e-06

    Collision global reduction skipped (rank 0 local diagnostics)
    Collisions                      = 262
    Collision candidates           = 318
    Collision acceptance rate      = 0.8238993711

    Number of DSMC particles        = 2123778
    Number of stuck particles       = 0
    Number of free particles        = 2123778
    Average linear kinetic energy   = 1.082966319e-18
    Average rotational energy       = 3.020885016e-21
    Average vibrational energy      = 7.004397735e-23
    Average electronic energy       = 0
    Total energy                    = 23.06544489

Stage 1.0  ExecutionTime = 17.57 s  ClockTime = 21 s  Iteration 20 (0.21 s)

Time = 1.2e-05

    Collision global reduction skipped (rank 0 local diagnostics)
    Collisions                      = 266
    Collision candidates           = 337
    Collision acceptance rate      = 0.7893175074

    Number of DSMC particles        = 2156161
    Number of stuck particles       = 0
    Number of free particles        = 2156161
    Average linear kinetic energy   = 1.067494275e-18
    Average rotational energy       = 3.286756297e-21
    Average vibrational energy      = 1.124846568e-22
    Average electronic energy       = 0
    Total energy                    = 23.09018835

Stage 1.0  ExecutionTime = 18.17 s  ClockTime = 22 s  Iteration 30 (0.23 s)

Time = 1.6e-05

    Collision global reduction skipped (rank 0 local diagnostics)
    Collisions                      = 241
    Collision candidates           = 339
    Collision acceptance rate      = 0.7109144543

    Number of DSMC particles        = 2188720
    Number of stuck particles       = 0
    Number of free particles        = 2188720
    Average linear kinetic energy   = 1.052414498e-18
    Average rotational energy       = 3.522372507e-21
    Average vibrational energy      = 1.480386621e-22
    Average electronic energy       = 0
    Total energy                    = 23.11474163

Stage 1.0  ExecutionTime = 18.85 s  ClockTime = 22 s  Iteration 40 (0.07 s)

Time = 2e-05

    Collision global reduction skipped (rank 0 local diagnostics)
    Collisions                      = 255
    Collision candidates           = 340
    Collision acceptance rate      = 0.75


Phase C auto DLB triggered (threshold) at step 50: sar=0 loadImbalance=2.212056104 threshold=1.5 particleMaxMin=1
Phase C ParMETIS weights: particles=2221388 activeCells=104108 maxCellParticles=60
Phase C ParMETIS: alpha=1 ncon=1 ubvec=[1.05] moveRatio=0.9389090137 (moveT=0.892638063s, collT=0.058080324s)
Phase C ParMETIS: AdaptiveRepart (104151 cells, 1 constraints, ubvec=1.05)
Replicated mesh: rank 0 owns 1045 / 104151 cells
Local mesh: 1045 owned + 91 halo = 1136 / 104151 cells
Phase C ParMETIS AdaptiveRepart: 101319 / 104151 cells changed (0.9728087104)
Phase C auto DLB complete: rebalance #1

    Number of DSMC particles        = 2221388
    Number of stuck particles       = 0
    Number of free particles        = 2221388
    Average linear kinetic energy   = 1.037662783e-18
    Average rotational energy       = 3.790847892e-21
    Average vibrational energy      = 1.901766895e-22
    Average electronic energy       = 0
    Total energy                    = 23.13895054

Stage 1.0  ExecutionTime = 19.63 s  ClockTime = 23 s  Iteration 50 (0.18 s)

Time = 2.4e-05

    Collision global reduction skipped (rank 0 local diagnostics)
    Collisions                      = 236
    Collision candidates           = 276
    Collision acceptance rate      = 0.8550724638

    Number of DSMC particles        = 2254016
    Number of stuck particles       = 0
    Number of free particles        = 2254016
    Average linear kinetic energy   = 1.023734072e-18
    Average rotational energy       = 3.959067717e-21
    Average vibrational energy      = 2.196470906e-22
    Average electronic energy       = 0
    Total energy                    = 23.16931868

Stage 1.0  ExecutionTime = 20.23 s  ClockTime = 24 s  Iteration 60 (0.07 s)

Time = 2.8e-05

    Collision global reduction skipped (rank 0 local diagnostics)
    Collisions                      = 251
    Collision candidates           = 336
    Collision acceptance rate      = 0.7470238095

    Number of DSMC particles        = 2286616
    Number of stuck particles       = 0
    Number of free particles        = 2286616
    Average linear kinetic energy   = 1.009670595e-18
    Average rotational energy       = 4.165150837e-21
    Average vibrational energy      = 2.53469614e-22
    Average electronic energy       = 0
    Total energy                    = 23.18832625

Stage 1.0  ExecutionTime = 20.83 s  ClockTime = 25 s  Iteration 70 (0.07 s)

Time = 3.2e-05

    Collision global reduction skipped (rank 0 local diagnostics)
    Collisions                      = 240
    Collision candidates           = 315
    Collision acceptance rate      = 0.7619047619

    Number of DSMC particles        = 2319045
    Number of stuck particles       = 0
    Number of free particles        = 2319045
    Average linear kinetic energy   = 9.960893295e-19
    Average rotational energy       = 4.393838541e-21
    Average vibrational energy      = 2.89524879e-22
    Average electronic energy       = 0
    Total energy                    = 23.2083691

Stage 1.0  ExecutionTime = 21.45 s  ClockTime = 25 s  Iteration 80 (0.07 s)

Time = 3.6e-05

    Collision global reduction skipped (rank 0 local diagnostics)
    Collisions                      = 268
    Collision candidates           = 358
    Collision acceptance rate      = 0.748603352

    Number of DSMC particles        = 2351690
    Number of stuck particles       = 0
    Number of free particles        = 2351690
    Average linear kinetic energy   = 9.829391601e-19
    Average rotational energy       = 4.606910653e-21
    Average vibrational energy      = 3.212874862e-22
    Average electronic energy       = 0
    Total energy                    = 23.23157788

Stage 1.0  ExecutionTime = 22.09 s  ClockTime = 26 s  Iteration 90 (0.07 s)

Time = 4e-05

    Collision global reduction skipped (rank 0 local diagnostics)
    Collisions                      = 261
    Collision candidates           = 372
    Collision acceptance rate      = 0.7016129032


Phase C auto DLB triggered (threshold) at step 100: sar=0 loadImbalance=1.759315333 threshold=1.5 particleMaxMin=1
Phase C ParMETIS weights: particles=2384285 activeCells=104110 maxCellParticles=68
Phase C ParMETIS: alpha=1 ncon=1 ubvec=[1.05] moveRatio=0.9436512066 (moveT=1.970925151s, collT=0.117691s)
Phase C ParMETIS: AdaptiveRepart (104151 cells, 1 constraints, ubvec=1.05)
Replicated mesh: rank 0 owns 1043 / 104151 cells
Local mesh: 1043 owned + 93 halo = 1136 / 104151 cells
Phase C ParMETIS AdaptiveRepart: 93421 / 104151 cells changed (0.8969765053)
Phase C auto DLB complete: rebalance #2

    Number of DSMC particles        = 2384285
    Number of stuck particles       = 0
    Number of free particles        = 2384285
    Average linear kinetic energy   = 9.701481123e-19
    Average rotational energy       = 4.798684583e-21
    Average vibrational energy      = 3.523470151e-22
    Average electronic energy       = 0
    Total energy                    = 23.25391119

Stage 1.0  ExecutionTime = 22.8 s  ClockTime = 27 s  Iteration 100 (0.12 s)

Time = 4.4e-05

    Collision global reduction skipped (rank 0 local diagnostics)
    Collisions                      = 281
    Collision candidates           = 323
    Collision acceptance rate      = 0.8699690402

    Number of DSMC particles        = 2417014
    Number of stuck particles       = 0
    Number of free particles        = 2417014
    Average linear kinetic energy   = 9.577268844e-19
    Average rotational energy       = 5.018215724e-21
    Average vibrational energy      = 3.852574862e-22
    Average electronic energy       = 0
    Total energy                    = 23.27899558

Stage 1.0  ExecutionTime = 23.43 s  ClockTime = 28 s  Iteration 110 (0.08 s)

Time = 4.8e-05

    Collision global reduction skipped (rank 0 local diagnostics)
    Collisions                      = 291
    Collision candidates           = 388
    Collision acceptance rate      = 0.75

    Number of DSMC particles        = 2449476
    Number of stuck particles       = 0
    Number of free particles        = 2449476
    Average linear kinetic energy   = 9.456594563e-19
    Average rotational energy       = 5.324084596e-21
    Average vibrational energy      = 4.285709399e-22
    Average electronic energy       = 0
    Total energy                    = 23.30461134

Stage 1.0  ExecutionTime = 24.05 s  ClockTime = 28 s  Iteration 120 (0.06 s)

Time = 5.2e-05

    Collision global reduction skipped (rank 0 local diagnostics)
    Collisions                      = 263
    Collision candidates           = 362
    Collision acceptance rate      = 0.726519337

    Number of DSMC particles        = 2482005
    Number of stuck particles       = 0
    Number of free particles        = 2482005
    Average linear kinetic energy   = 9.339723141e-19
    Average rotational energy       = 5.626406253e-21
    Average vibrational energy      = 4.71507791e-22
    Average electronic energy       = 0
    Total energy                    = 23.33259007

Stage 1.0  ExecutionTime = 24.71 s  ClockTime = 29 s  Iteration 130 (0.07 s)

Time = 5.6e-05

    Collision global reduction skipped (rank 0 local diagnostics)
    Collisions                      = 256
    Collision candidates           = 378
    Collision acceptance rate      = 0.6772486772

    Number of DSMC particles        = 2514417
    Number of stuck particles       = 0
    Number of free particles        = 2514417
    Average linear kinetic energy   = 9.227942015e-19
    Average rotational energy       = 5.910737271e-21
    Average vibrational energy      = 5.091525756e-22
    Average electronic energy       = 0
    Total energy                    = 23.36431708

Stage 1.0  ExecutionTime = 25.38 s  ClockTime = 30 s  Iteration 140 (0.08 s)

Time = 6e-05

    Collision global reduction skipped (rank 0 local diagnostics)
    Collisions                      = 275
    Collision candidates           = 380
    Collision acceptance rate      = 0.7236842105


Phase C auto DLB triggered (threshold) at step 150: sar=0 loadImbalance=1.654918838 threshold=1.5 particleMaxMin=1
Phase C ParMETIS weights: particles=2546938 activeCells=104125 maxCellParticles=65
Phase C ParMETIS: alpha=1 ncon=1 ubvec=[1.05] moveRatio=0.9473609015 (moveT=3.112045383s, collT=0.172917484s)
Phase C ParMETIS: AdaptiveRepart (104151 cells, 1 constraints, ubvec=1.05)
Replicated mesh: rank 0 owns 1173 / 104151 cells
Local mesh: 1173 owned + 94 halo = 1267 / 104151 cells
Phase C ParMETIS AdaptiveRepart: 85217 / 104151 cells changed (0.8182062582)
Phase C auto DLB complete: rebalance #3

    Number of DSMC particles        = 2546938
    Number of stuck particles       = 0
    Number of free particles        = 2546938
    Average linear kinetic energy   = 9.119143075e-19
    Average rotational energy       = 6.137515541e-21
    Average vibrational energy      = 5.461692338e-22
    Average electronic energy       = 0
    Total energy                    = 23.39612133

Stage 1.0  ExecutionTime = 26.12 s  ClockTime = 31 s  Iteration 150 (0.14 s)

Time = 6.4e-05

    Collision global reduction skipped (rank 0 local diagnostics)
    Collisions                      = 307
    Collision candidates           = 433
    Collision acceptance rate      = 0.7090069284

    Number of DSMC particles        = 2579384
    Number of stuck particles       = 0
    Number of free particles        = 2579384
    Average linear kinetic energy   = 9.01266072e-19
    Average rotational energy       = 6.415454785e-21
    Average vibrational energy      = 5.906773946e-22
    Average electronic energy       = 0
    Total energy                    = 23.42782791

Stage 1.0  ExecutionTime = 26.82 s  ClockTime = 31 s  Iteration 160 (0.07 s)

Time = 6.8e-05

    Collision global reduction skipped (rank 0 local diagnostics)
    Collisions                      = 315
    Collision candidates           = 454
    Collision acceptance rate      = 0.6938325991

    Number of DSMC particles        = 2611817
    Number of stuck particles       = 0
    Number of free particles        = 2611817
    Average linear kinetic energy   = 8.910022391e-19
    Average rotational energy       = 6.70154221e-21
    Average vibrational energy      = 6.314739636e-22
    Average electronic energy       = 0
    Total energy                    = 23.46287291

Stage 1.0  ExecutionTime = 27.54 s  ClockTime = 32 s  Iteration 170 (0.07 s)

Time = 7.2e-05

    Collision global reduction skipped (rank 0 local diagnostics)
    Collisions                      = 299
    Collision candidates           = 441
    Collision acceptance rate      = 0.6780045351

    Number of DSMC particles        = 2643966
    Number of stuck particles       = 0
    Number of free particles        = 2643966
    Average linear kinetic energy   = 8.809040476e-19
    Average rotational energy       = 6.958560147e-21
    Average vibrational energy      = 6.665733319e-22
    Average electronic energy       = 0
    Total energy                    = 23.49240945

Stage 1.0  ExecutionTime = 28.27 s  ClockTime = 33 s  Iteration 180 (0.07 s)

Time = 7.6e-05

    Collision global reduction skipped (rank 0 local diagnostics)
    Collisions                      = 320
    Collision candidates           = 473
    Collision acceptance rate      = 0.6765327696

    Number of DSMC particles        = 2676475
    Number of stuck particles       = 0
    Number of free particles        = 2676475
    Average linear kinetic energy   = 8.710341933e-19
    Average rotational energy       = 7.215675815e-21
    Average vibrational energy      = 7.046769766e-22
    Average electronic energy       = 0
    Total energy                    = 23.52499869

Stage 1.0  ExecutionTime = 29.01 s  ClockTime = 33 s  Iteration 190 (0.07 s)

Time = 8e-05

    Collision global reduction skipped (rank 0 local diagnostics)
    Collisions                      = 309
    Collision candidates           = 467
    Collision acceptance rate      = 0.6616702355


Phase C auto DLB triggered (threshold) at step 200: sar=0 loadImbalance=1.787821818 threshold=1.5 particleMaxMin=1
Phase C ParMETIS weights: particles=2708807 activeCells=104137 maxCellParticles=75
Phase C ParMETIS: alpha=1 ncon=1 ubvec=[1.05] moveRatio=0.9499347093 (moveT=4.38457722s, collT=0.231084443s)
Phase C ParMETIS: AdaptiveRepart (104151 cells, 1 constraints, ubvec=1.05)
Replicated mesh: rank 0 owns 1244 / 104151 cells
Local mesh: 1244 owned + 98 halo = 1342 / 104151 cells
Phase C ParMETIS AdaptiveRepart: 77353 / 104151 cells changed (0.7427005022)
Phase C auto DLB complete: rebalance #4

    Number of DSMC particles        = 2708807
    Number of stuck particles       = 0
    Number of free particles        = 2708807
    Average linear kinetic energy   = 8.615233731e-19
    Average rotational energy       = 7.471322197e-21
    Average vibrational energy      = 7.397285335e-22
    Average electronic energy       = 0
    Total energy                    = 23.55942695

Stage 1.0  ExecutionTime = 29.84 s  ClockTime = 34 s  Iteration 200 (0.15 s)

Time = 8.4e-05

    Collision global reduction skipped (rank 0 local diagnostics)
    Collisions                      = 338
    Collision candidates           = 479
    Collision acceptance rate      = 0.7056367432

    Number of DSMC particles        = 2740906
    Number of stuck particles       = 0
    Number of free particles        = 2740906
    Average linear kinetic energy   = 8.521363913e-19
    Average rotational energy       = 7.775510532e-21
    Average vibrational energy      = 7.870716067e-22
    Average electronic energy       = 0
    Total energy                    = 23.5909498

Stage 1.0  ExecutionTime = 30.53 s  ClockTime = 35 s  Iteration 210 (0.07 s)

Time = 8.8e-05

    Collision global reduction skipped (rank 0 local diagnostics)
    Collisions                      = 329
    Collision candidates           = 498
    Collision acceptance rate      = 0.6606425703

    Number of DSMC particles        = 2773028
    Number of stuck particles       = 0
    Number of free particles        = 2773028
    Average linear kinetic energy   = 8.430388108e-19
    Average rotational energy       = 8.09680569e-21
    Average vibrational energy      = 8.338146351e-22
    Average electronic energy       = 0
    Total energy                    = 23.62535088

Stage 1.0  ExecutionTime = 31.25 s  ClockTime = 36 s  Iteration 220 (0.07 s)

Time = 9.2e-05

    Collision global reduction skipped (rank 0 local diagnostics)
    Collisions                      = 356
    Collision candidates           = 515
    Collision acceptance rate      = 0.6912621359

    Number of DSMC particles        = 2805070
    Number of stuck particles       = 0
    Number of free particles        = 2805070
    Average linear kinetic energy   = 8.343850402e-19
    Average rotational energy       = 8.34020345e-21
    Average vibrational energy      = 8.708994185e-22
    Average electronic energy       = 0
    Total energy                    = 23.66346233

Stage 1.0  ExecutionTime = 31.98 s  ClockTime = 37 s  Iteration 230 (0.07 s)

Time = 9.6e-05

    Collision global reduction skipped (rank 0 local diagnostics)
    Collisions                      = 341
    Collision candidates           = 496
    Collision acceptance rate      = 0.6875

    Number of DSMC particles        = 2837274
    Number of stuck particles       = 0
    Number of free particles        = 2837274
    Average linear kinetic energy   = 8.258625955e-19
    Average rotational energy       = 8.602581998e-21
    Average vibrational energy      = 9.163524589e-22
    Average electronic energy       = 0
    Total energy                    = 23.70206295

Stage 1.0  ExecutionTime = 32.73 s  ClockTime = 37 s  Iteration 240 (0.08 s)

Time = 0.0001

    Collision global reduction skipped (rank 0 local diagnostics)
    Collisions                      = 331
    Collision candidates           = 515
    Collision acceptance rate      = 0.6427184466


Phase C auto DLB triggered (threshold) at step 250: sar=0 loadImbalance=1.547480232 threshold=1.5 particleMaxMin=1
Phase C ParMETIS weights: particles=2869329 activeCells=104134 maxCellParticles=86
Phase C ParMETIS: alpha=1 ncon=1 ubvec=[1.05] moveRatio=0.9523430795 (moveT=5.815270656s, collT=0.291006358s)
Phase C ParMETIS: AdaptiveRepart (104151 cells, 1 constraints, ubvec=1.05)
Replicated mesh: rank 0 owns 1370 / 104151 cells
Local mesh: 1370 owned + 104 halo = 1474 / 104151 cells
Phase C ParMETIS AdaptiveRepart: 80955 / 104151 cells changed (0.7772849036)
Phase C auto DLB complete: rebalance #5

    Number of DSMC particles        = 2869329
    Number of stuck particles       = 0
    Number of free particles        = 2869329
    Average linear kinetic energy   = 8.173732281e-19
    Average rotational energy       = 8.929715134e-21
    Average vibrational energy      = 9.669880074e-22
    Average electronic energy       = 0
    Total energy                    = 23.73709605

Stage 1.0  ExecutionTime = 33.73 s  ClockTime = 38 s  Iteration 250 (0.32 s)

Time = 0.000104

    Collision global reduction skipped (rank 0 local diagnostics)
    Collisions                      = 322
    Collision candidates           = 457
    Collision acceptance rate      = 0.704595186

    Number of DSMC particles        = 2901571
    Number of stuck particles       = 0
    Number of free particles        = 2901571
    Average linear kinetic energy   = 8.096933221e-19
    Average rotational energy       = 9.160784092e-21
    Average vibrational energy      = 1.011131945e-21
    Average electronic energy       = 0
    Total energy                    = 23.78897199

Stage 1.0  ExecutionTime = 34.46 s  ClockTime = 39 s  Iteration 260 (0.08 s)

Time = 0.000108

    Collision global reduction skipped (rank 0 local diagnostics)
    Collisions                      = 334
    Collision candidates           = 465
    Collision acceptance rate      = 0.7182795699

    Number of DSMC particles        = 2933437
    Number of stuck particles       = 0
    Number of free particles        = 2933437
    Average linear kinetic energy   = 8.016043045e-19
    Average rotational energy       = 9.388136225e-21
    Average vibrational energy      = 1.048728107e-21
    Average electronic energy       = 0
    Total energy                    = 23.8207161

Stage 1.0  ExecutionTime = 35.22 s  ClockTime = 40 s  Iteration 270 (0.08 s)

Time = 0.000112

    Collision global reduction skipped (rank 0 local diagnostics)
    Collisions                      = 350
    Collision candidates           = 501
    Collision acceptance rate      = 0.6986027944

    Number of DSMC particles        = 2965242
    Number of stuck particles       = 0
    Number of free particles        = 2965242
    Average linear kinetic energy   = 7.938143123e-19
    Average rotational energy       = 9.694246905e-21
    Average vibrational energy      = 1.089849516e-21
    Average electronic energy       = 0
    Total energy                    = 23.85828995

Stage 1.0  ExecutionTime = 35.99 s  ClockTime = 41 s  Iteration 280 (0.08 s)

Time = 0.000116

    Collision global reduction skipped (rank 0 local diagnostics)
    Collisions                      = 368
    Collision candidates           = 506
    Collision acceptance rate      = 0.7272727273

    Number of DSMC particles        = 2997375
    Number of stuck particles       = 0
    Number of free particles        = 2997375
    Average linear kinetic energy   = 7.864690934e-19
    Average rotational energy       = 9.918803377e-21
    Average vibrational energy      = 1.126331822e-21
    Average electronic energy       = 0
    Total energy                    = 23.90449211

Stage 1.0  ExecutionTime = 36.77 s  ClockTime = 42 s  Iteration 290 (0.08 s)

Time = 0.00012

    Collision global reduction skipped (rank 0 local diagnostics)
    Collisions                      = 347
    Collision candidates           = 483
    Collision acceptance rate      = 0.718426501


Phase C auto DLB triggered (threshold) at step 300: sar=0 loadImbalance=1.678955478 threshold=1.5 particleMaxMin=1
Phase C ParMETIS weights: particles=3029091 activeCells=104135 maxCellParticles=93
Phase C ParMETIS: alpha=1 ncon=1 ubvec=[1.05] moveRatio=0.9532543024 (moveT=7.254019824s, collT=0.355722724s)
Phase C ParMETIS: AdaptiveRepart (104151 cells, 1 constraints, ubvec=1.05)
Replicated mesh: rank 0 owns 1340 / 104151 cells
Local mesh: 1340 owned + 118 halo = 1458 / 104151 cells
Phase C ParMETIS AdaptiveRepart: 73745 / 104151 cells changed (0.708058492)
Phase C auto DLB complete: rebalance #6

    Number of DSMC particles        = 3029091
    Number of stuck particles       = 0
    Number of free particles        = 3029091
    Average linear kinetic energy   = 7.790518431e-19
    Average rotational energy       = 1.007216899e-20
    Average vibrational energy      = 1.155102073e-21
    Average electronic energy       = 0
    Total energy                    = 23.93827352

Stage 1.0  ExecutionTime = 37.64 s  ClockTime = 43 s  Iteration 300 (0.17 s)

Time = 0.000124

    Collision global reduction skipped (rank 0 local diagnostics)
    Collisions                      = 310
    Collision candidates           = 440
    Collision acceptance rate      = 0.7045454545

    Number of DSMC particles        = 3060747
    Number of stuck particles       = 0
    Number of free particles        = 3060747
    Average linear kinetic energy   = 7.715039425e-19
    Average rotational energy       = 1.034021883e-20
    Average vibrational energy      = 1.202703471e-21
    Average electronic energy       = 0
    Total energy                    = 23.96708342

Stage 1.0  ExecutionTime = 38.44 s  ClockTime = 43 s  Iteration 310 (0.09 s)

Time = 0.000128

    Collision global reduction skipped (rank 0 local diagnostics)
    Collisions                      = 331
    Collision candidates           = 466
    Collision acceptance rate      = 0.7103004292

    Number of DSMC particles        = 3092214
    Number of stuck particles       = 0
    Number of free particles        = 3092214
    Average linear kinetic energy   = 7.64400958e-19
    Average rotational energy       = 1.061242795e-20
    Average vibrational energy      = 1.249804938e-21
    Average electronic energy       = 0
    Total energy                    = 24.00371906

Stage 1.0  ExecutionTime = 39.25 s  ClockTime = 44 s  Iteration 320 (0.1 s)

Time = 0.000132

    Collision global reduction skipped (rank 0 local diagnostics)
    Collisions                      = 309
    Collision candidates           = 449
    Collision acceptance rate      = 0.6881959911

    Number of DSMC particles        = 3123614
    Number of stuck particles       = 0
    Number of free particles        = 3123614
    Average linear kinetic energy   = 7.573437826e-19
    Average rotational energy       = 1.085649239e-20
    Average vibrational energy      = 1.294707729e-21
    Average electronic energy       = 0
    Total energy                    = 24.03605301

Stage 1.0  ExecutionTime = 40.06 s  ClockTime = 45 s  Iteration 330 (0.08 s)

Time = 0.000136

    Collision global reduction skipped (rank 0 local diagnostics)
    Collisions                      = 318
    Collision candidates           = 456
    Collision acceptance rate      = 0.6973684211

    Number of DSMC particles        = 3155095
    Number of stuck particles       = 0
    Number of free particles        = 3155095
    Average linear kinetic energy   = 7.503231778e-19
    Average rotational energy       = 1.101132463e-20
    Average vibrational energy      = 1.323753031e-21
    Average electronic energy       = 0
    Total energy                    = 24.06259249

Stage 1.0  ExecutionTime = 40.9 s  ClockTime = 46 s  Iteration 340 (0.09 s)

Time = 0.00014

    Collision global reduction skipped (rank 0 local diagnostics)
    Collisions                      = 327
    Collision candidates           = 478
    Collision acceptance rate      = 0.6841004184


Phase C auto DLB triggered (threshold) at step 350: sar=0 loadImbalance=1.721408102 threshold=1.5 particleMaxMin=1
Phase C ParMETIS weights: particles=3186289 activeCells=104143 maxCellParticles=98
Phase C ParMETIS: alpha=1 ncon=1 ubvec=[1.05] moveRatio=0.9545897991 (moveT=8.734568272s, collT=0.415506745s)
Phase C ParMETIS: AdaptiveRepart (104151 cells, 1 constraints, ubvec=1.05)
Replicated mesh: rank 0 owns 1587 / 104151 cells
Local mesh: 1587 owned + 156 halo = 1743 / 104151 cells
Phase C ParMETIS AdaptiveRepart: 81857 / 104151 cells changed (0.7859454062)
Phase C auto DLB complete: rebalance #7

    Number of DSMC particles        = 3186289
    Number of stuck particles       = 0
    Number of free particles        = 3186289
    Average linear kinetic energy   = 7.434323032e-19
    Average rotational energy       = 1.120178503e-20
    Average vibrational energy      = 1.354453307e-21
    Average electronic energy       = 0
    Total energy                    = 24.08797974

Stage 1.0  ExecutionTime = 41.92 s  ClockTime = 47 s  Iteration 350 (0.26 s)

Time = 0.000144

    Collision global reduction skipped (rank 0 local diagnostics)
    Collisions                      = 354
    Collision candidates           = 526
    Collision acceptance rate      = 0.6730038023

    Number of DSMC particles        = 3217697
    Number of stuck particles       = 0
    Number of free particles        = 3217697
    Average linear kinetic energy   = 7.369451879e-19
    Average rotational energy       = 1.142378528e-20
    Average vibrational energy      = 1.388524359e-21
    Average electronic energy       = 0
    Total energy                    = 24.1249245

Stage 1.0  ExecutionTime = 42.75 s  ClockTime = 48 s  Iteration 360 (0.08 s)

Time = 0.000148

    Collision global reduction skipped (rank 0 local diagnostics)
    Collisions                      = 398
    Collision candidates           = 542
    Collision acceptance rate      = 0.7343173432

    Number of DSMC particles        = 3249140
    Number of stuck particles       = 0
    Number of free particles        = 3249140
    Average linear kinetic energy   = 7.306238242e-19
    Average rotational energy       = 1.168048262e-20
    Average vibrational energy      = 1.430682519e-21
    Average electronic energy       = 0
    Total energy                    = 24.16499103

Stage 1.0  ExecutionTime = 43.59 s  ClockTime = 49 s  Iteration 370 (0.08 s)

Time = 0.000152

    Collision global reduction skipped (rank 0 local diagnostics)
    Collisions                      = 397
    Collision candidates           = 582
    Collision acceptance rate      = 0.6821305842

    Number of DSMC particles        = 3280562
    Number of stuck particles       = 0
    Number of free particles        = 3280562
    Average linear kinetic energy   = 7.2425756e-19
    Average rotational energy       = 1.19070043e-20
    Average vibrational energy      = 1.465900877e-21
    Average electronic energy       = 0
    Total energy                    = 24.19842474

Stage 1.0  ExecutionTime = 44.44 s  ClockTime = 49 s  Iteration 380 (0.09 s)

Time = 0.000156

    Collision global reduction skipped (rank 0 local diagnostics)
    Collisions                      = 403
    Collision candidates           = 576
    Collision acceptance rate      = 0.6996527778

    Number of DSMC particles        = 3311946
    Number of stuck particles       = 0
    Number of free particles        = 3311946
    Average linear kinetic energy   = 7.178944251e-19
    Average rotational energy       = 1.207573577e-20
    Average vibrational energy      = 1.499413653e-21
    Average electronic energy       = 0
    Total energy                    = 24.22587732

Stage 1.0  ExecutionTime = 45.31 s  ClockTime = 50 s  Iteration 390 (0.1 s)

Time = 0.00016

    Collision global reduction skipped (rank 0 local diagnostics)
    Collisions                      = 402
    Collision candidates           = 566
    Collision acceptance rate      = 0.7102473498


Phase C auto DLB triggered (threshold) at step 400: sar=0 loadImbalance=1.948765504 threshold=1.5 particleMaxMin=1
Phase C ParMETIS weights: particles=3343113 activeCells=104145 maxCellParticles=109
Phase C ParMETIS: alpha=1 ncon=1 ubvec=[1.05] moveRatio=0.9567175693 (moveT=10.47126413s, collT=0.473725767s)
Phase C ParMETIS: AdaptiveRepart (104151 cells, 1 constraints, ubvec=1.05)
Replicated mesh: rank 0 owns 1522 / 104151 cells
Local mesh: 1522 owned + 113 halo = 1635 / 104151 cells
Phase C ParMETIS AdaptiveRepart: 70631 / 104151 cells changed (0.6781595952)
Phase C auto DLB complete: rebalance #8

    Number of DSMC particles        = 3343113
    Number of stuck particles       = 0
    Number of free particles        = 3343113
    Average linear kinetic energy   = 7.118715586e-19
    Average rotational energy       = 1.2272387e-20
    Average vibrational energy      = 1.530375853e-21
    Average electronic energy       = 0
    Total energy                    = 24.26011258

Stage 1.0  ExecutionTime = 46.25 s  ClockTime = 51 s  Iteration 400 (0.17 s)

Time = 0.000164

    Collision global reduction skipped (rank 0 local diagnostics)
    Collisions                      = 417
    Collision candidates           = 532
    Collision acceptance rate      = 0.7838345865

    Number of DSMC particles        = 3374450
    Number of stuck particles       = 0
    Number of free particles        = 3374450
    Average linear kinetic energy   = 7.060080975e-19
    Average rotational energy       = 1.252404893e-20
    Average vibrational energy      = 1.56758231e-21
    Average electronic energy       = 0
    Total energy                    = 24.2994053

Stage 1.0  ExecutionTime = 47.08 s  ClockTime = 52 s  Iteration 410 (0.09 s)

Time = 0.000168

    Collision global reduction skipped (rank 0 local diagnostics)
    Collisions                      = 414
    Collision candidates           = 551
    Collision acceptance rate      = 0.7513611615

    Number of DSMC particles        = 3405820
    Number of stuck particles       = 0
    Number of free particles        = 3405820
    Average linear kinetic energy   = 7.003776702e-19
    Average rotational energy       = 1.269205213e-20
    Average vibrational energy      = 1.597769631e-21
    Average electronic energy       = 0
    Total energy                    = 24.34028838

Stage 1.0  ExecutionTime = 47.94 s  ClockTime = 53 s  Iteration 420 (0.09 s)

Time = 0.000172

    Collision global reduction skipped (rank 0 local diagnostics)
    Collisions                      = 438
    Collision candidates           = 580
    Collision acceptance rate      = 0.7551724138

    Number of DSMC particles        = 3437300
    Number of stuck particles       = 0
    Number of free particles        = 3437300
    Average linear kinetic energy   = 6.945717412e-19
    Average rotational energy       = 1.292789202e-20
    Average vibrational energy      = 1.634028271e-21
    Average electronic energy       = 0
    Total energy                    = 24.37505135

Stage 1.0  ExecutionTime = 48.82 s  ClockTime = 54 s  Iteration 430 (0.09 s)

Time = 0.000176

    Collision global reduction skipped (rank 0 local diagnostics)
    Collisions                      = 402
    Collision candidates           = 584
    Collision acceptance rate      = 0.6883561644

    Number of DSMC particles        = 3468189
    Number of stuck particles       = 0
    Number of free particles        = 3468189
    Average linear kinetic energy   = 6.886774227e-19
    Average rotational energy       = 1.314890943e-20
    Average vibrational energy      = 1.667282233e-21
    Average electronic energy       = 0
    Total energy                    = 24.39848815

Stage 1.0  ExecutionTime = 49.69 s  ClockTime = 55 s  Iteration 440 (0.1 s)

Time = 0.00018

    Collision global reduction skipped (rank 0 local diagnostics)
    Collisions                      = 399
    Collision candidates           = 577
    Collision acceptance rate      = 0.691507799


Phase C auto DLB triggered (threshold) at step 450: sar=0 loadImbalance=1.91870799 threshold=1.5 particleMaxMin=1
Phase C ParMETIS weights: particles=3499536 activeCells=104138 maxCellParticles=129
Phase C ParMETIS: alpha=1 ncon=1 ubvec=[1.05] moveRatio=0.9572891035 (moveT=12.14159074s, collT=0.541715374s)
Phase C ParMETIS: AdaptiveRepart (104151 cells, 1 constraints, ubvec=1.05)
Replicated mesh: rank 0 owns 1554 / 104151 cells
Local mesh: 1554 owned + 134 halo = 1688 / 104151 cells
Phase C ParMETIS AdaptiveRepart: 79609 / 104151 cells changed (0.7643613599)
Phase C auto DLB complete: rebalance #9

    Number of DSMC particles        = 3499536
    Number of stuck particles       = 0
    Number of free particles        = 3499536
    Average linear kinetic energy   = 6.83180625e-19
    Average rotational energy       = 1.332261198e-20
    Average vibrational energy      = 1.697999102e-21
    Average electronic energy       = 0
    Total energy                    = 24.43380361

Stage 1.0  ExecutionTime = 50.65 s  ClockTime = 56 s  Iteration 450 (0.19 s)

Time = 0.000184

    Collision global reduction skipped (rank 0 local diagnostics)
    Collisions                      = 420
    Collision candidates           = 597
    Collision acceptance rate      = 0.7035175879

    Number of DSMC particles        = 3530831
    Number of stuck particles       = 0
    Number of free particles        = 3530831
    Average linear kinetic energy   = 6.778300675e-19
    Average rotational energy       = 1.348088078e-20
    Average vibrational energy      = 1.725127155e-21
    Average electronic energy       = 0
    Total energy                    = 24.46993259

Stage 1.0  ExecutionTime = 51.53 s  ClockTime = 57 s  Iteration 460 (0.1 s)

Time = 0.000188

    Collision global reduction skipped (rank 0 local diagnostics)
    Collisions                      = 402
    Collision candidates           = 584
    Collision acceptance rate      = 0.6883561644

    Number of DSMC particles        = 3561833
    Number of stuck particles       = 0
    Number of free particles        = 3561833
    Average linear kinetic energy   = 6.727205533e-19
    Average rotational energy       = 1.369466446e-20
    Average vibrational energy      = 1.76502012e-21
    Average electronic energy       = 0
    Total energy                    = 24.51183081

Stage 1.0  ExecutionTime = 52.41 s  ClockTime = 58 s  Iteration 470 (0.09 s)

Time = 0.000192

    Collision global reduction skipped (rank 0 local diagnostics)
    Collisions                      = 430
    Collision candidates           = 630
    Collision acceptance rate      = 0.6825396825

    Number of DSMC particles        = 3593114
    Number of stuck particles       = 0
    Number of free particles        = 3593114
    Average linear kinetic energy   = 6.677995414e-19
    Average rotational energy       = 1.38448137e-20
    Average vibrational energy      = 1.792812973e-21
    Average electronic energy       = 0
    Total energy                    = 24.55667657

Stage 1.0  ExecutionTime = 53.3 s  ClockTime = 59 s  Iteration 480 (0.09 s)

Time = 0.000196

    Collision global reduction skipped (rank 0 local diagnostics)
    Collisions                      = 426
    Collision candidates           = 612
    Collision acceptance rate      = 0.6960784314

    Number of DSMC particles        = 3624547
    Number of stuck particles       = 0
    Number of free particles        = 3624547
    Average linear kinetic energy   = 6.629201811e-19
    Average rotational energy       = 1.400635127e-20
    Average vibrational energy      = 1.821418593e-21
    Average electronic energy       = 0
    Total energy                    = 24.60153849

Stage 1.0  ExecutionTime = 54.2 s  ClockTime = 60 s  Iteration 490 (0.09 s)

Time = 0.0002

    Collision global reduction skipped (rank 0 local diagnostics)
    Collisions                      = 439
    Collision candidates           = 617
    Collision acceptance rate      = 0.7115072934


Phase C auto DLB triggered (threshold) at step 500: sar=0 loadImbalance=1.806166372 threshold=1.5 particleMaxMin=1
Phase C ParMETIS weights: particles=3655723 activeCells=104141 maxCellParticles=123
Phase C ParMETIS: alpha=1 ncon=1 ubvec=[1.05] moveRatio=0.9579207894 (moveT=13.90552266s, collT=0.610836954s)
Phase C ParMETIS: AdaptiveRepart (104151 cells, 1 constraints, ubvec=1.05)
Replicated mesh: rank 0 owns 1528 / 104151 cells
Local mesh: 1528 owned + 82 halo = 1610 / 104151 cells
Phase C ParMETIS AdaptiveRepart: 89535 / 104151 cells changed (0.8596652937)
Phase C auto DLB complete: rebalance #10

    Number of DSMC particles        = 3655723
    Number of stuck particles       = 0
    Number of free particles        = 3655723
    Average linear kinetic energy   = 6.577437123e-19
    Average rotational energy       = 1.417711199e-20
    Average vibrational energy      = 1.854727349e-21
    Average electronic energy       = 0
    Total energy                    = 24.63136781

Stage 1.0  ExecutionTime = 55.27 s  ClockTime = 61 s  Iteration 500 (0.26 s)

Time = 0.000204

    Collision global reduction skipped (rank 0 local diagnostics)
    Collisions                      = 414
    Collision candidates           = 550
    Collision acceptance rate      = 0.7527272727

    Number of DSMC particles        = 3686657
    Number of stuck particles       = 0
    Number of free particles        = 3686657
    Average linear kinetic energy   = 6.527095061e-19
    Average rotational energy       = 1.440632747e-20
    Average vibrational energy      = 1.895048055e-21
    Average electronic energy       = 0
    Total energy                    = 24.6641365

Stage 1.0  ExecutionTime = 56.18 s  ClockTime = 62 s  Iteration 510 (0.11 s)

Time = 0.000208

    Collision global reduction skipped (rank 0 local diagnostics)
    Collisions                      = 423
    Collision candidates           = 579
    Collision acceptance rate      = 0.7305699482

    Number of DSMC particles        = 3717762
    Number of stuck particles       = 0
    Number of free particles        = 3717762
    Average linear kinetic energy   = 6.475338554e-19
    Average rotational energy       = 1.464287104e-20
    Average vibrational energy      = 1.932204045e-21
    Average electronic energy       = 0
    Total energy                    = 24.68998946

Stage 1.0  ExecutionTime = 57.07 s  ClockTime = 62 s  Iteration 520 (0.1 s)

Time = 0.000212

    Collision global reduction skipped (rank 0 local diagnostics)
    Collisions                      = 427
    Collision candidates           = 595
    Collision acceptance rate      = 0.7176470588

    Number of DSMC particles        = 3748707
    Number of stuck particles       = 0
    Number of free particles        = 3748707
    Average linear kinetic energy   = 6.429711723e-19
    Average rotational energy       = 1.483516126e-20
    Average vibrational energy      = 1.968418932e-21
    Average electronic energy       = 0
    Total energy                    = 24.73302233

Stage 1.0  ExecutionTime = 57.97 s  ClockTime = 63 s  Iteration 530 (0.1 s)

Time = 0.000216

    Collision global reduction skipped (rank 0 local diagnostics)
    Collisions                      = 418
    Collision candidates           = 591
    Collision acceptance rate      = 0.7072758037

    Number of DSMC particles        = 3779414
    Number of stuck particles       = 0
    Number of free particles        = 3779414
    Average linear kinetic energy   = 6.381950895e-19
    Average rotational energy       = 1.49611648e-20
    Average vibrational energy      = 1.993222774e-21
    Average electronic energy       = 0
    Total energy                    = 24.76081106

Stage 1.0  ExecutionTime = 58.87 s  ClockTime = 64 s  Iteration 540 (0.1 s)

Time = 0.00022

    Collision global reduction skipped (rank 0 local diagnostics)
    Collisions                      = 416
    Collision candidates           = 592
    Collision acceptance rate      = 0.7027027027


Phase C auto DLB triggered (threshold) at step 550: sar=0 loadImbalance=1.887776356 threshold=1.5 particleMaxMin=1
Phase C ParMETIS weights: particles=3810669 activeCells=104145 maxCellParticles=132
Phase C ParMETIS: alpha=1 ncon=1 ubvec=[1.05] moveRatio=0.9577935371 (moveT=15.54957745s, collT=0.685213084s)
Phase C ParMETIS: AdaptiveRepart (104151 cells, 1 constraints, ubvec=1.05)
Replicated mesh: rank 0 owns 1787 / 104151 cells
Local mesh: 1787 owned + 138 halo = 1925 / 104151 cells
Phase C ParMETIS AdaptiveRepart: 83398 / 104151 cells changed (0.8007412315)
Phase C auto DLB complete: rebalance #11

    Number of DSMC particles        = 3810669
    Number of stuck particles       = 0
    Number of free particles        = 3810669
    Average linear kinetic energy   = 6.332146705e-19
    Average rotational energy       = 1.515133016e-20
    Average vibrational energy      = 2.028040291e-21
    Average electronic energy       = 0
    Total energy                    = 24.7843641

Stage 1.0  ExecutionTime = 59.88 s  ClockTime = 65 s  Iteration 550 (0.2 s)

Time = 0.000224

    Collision global reduction skipped (rank 0 local diagnostics)
    Collisions                      = 435
    Collision candidates           = 622
    Collision acceptance rate      = 0.6993569132

    Number of DSMC particles        = 3841978
    Number of stuck particles       = 0
    Number of free particles        = 3841978
    Average linear kinetic energy   = 6.287064693e-19
    Average rotational energy       = 1.541155772e-20
    Average vibrational energy      = 2.07066069e-21
    Average electronic energy       = 0
    Total energy                    = 24.82642722

Stage 1.0  ExecutionTime = 60.69 s  ClockTime = 66 s  Iteration 560 (0.1 s)

Time = 0.000228

    Collision global reduction skipped (rank 0 local diagnostics)
    Collisions                      = 464
    Collision candidates           = 672
    Collision acceptance rate      = 0.6904761905

    Number of DSMC particles        = 3873210
    Number of stuck particles       = 0
    Number of free particles        = 3873210
    Average linear kinetic energy   = 6.241935871e-19
    Average rotational energy       = 1.561077005e-20
    Average vibrational energy      = 2.105936902e-21
    Average electronic energy       = 0
    Total energy                    = 24.8625337

Stage 1.0  ExecutionTime = 61.53 s  ClockTime = 67 s  Iteration 570 (0.1 s)

Time = 0.000232

    Collision global reduction skipped (rank 0 local diagnostics)
    Collisions                      = 465
    Collision candidates           = 678
    Collision acceptance rate      = 0.685840708

    Number of DSMC particles        = 3904309
    Number of stuck particles       = 0
    Number of free particles        = 3904309
    Average linear kinetic energy   = 6.197369022e-19
    Average rotational energy       = 1.579480813e-20
    Average vibrational energy      = 2.14483587e-21
    Average electronic energy       = 0
    Total energy                    = 24.89686278

Stage 1.0  ExecutionTime = 62.39 s  ClockTime = 68 s  Iteration 580 (0.1 s)

Time = 0.000236

    Collision global reduction skipped (rank 0 local diagnostics)
    Collisions                      = 456
    Collision candidates           = 642
    Collision acceptance rate      = 0.7102803738

    Number of DSMC particles        = 3935704
    Number of stuck particles       = 0
    Number of free particles        = 3935704
    Average linear kinetic energy   = 6.155967926e-19
    Average rotational energy       = 1.599924512e-20
    Average vibrational energy      = 2.181649829e-21
    Average electronic energy       = 0
    Total energy                    = 24.9436138

Stage 1.0  ExecutionTime = 63.26 s  ClockTime = 69 s  Iteration 590 (0.1 s)

Time = 0.00024

    Collision global reduction skipped (rank 0 local diagnostics)
    Collisions                      = 438
    Collision candidates           = 682
    Collision acceptance rate      = 0.642228739


Phase C auto DLB triggered (threshold) at step 600: sar=0 loadImbalance=1.553715812 threshold=1.5 particleMaxMin=1
Phase C ParMETIS weights: particles=3967260 activeCells=104148 maxCellParticles=115
Phase C ParMETIS: alpha=1 ncon=1 ubvec=[1.05] moveRatio=0.9584593644 (moveT=17.62726862s, collT=0.763984338s)
Phase C ParMETIS: AdaptiveRepart (104151 cells, 1 constraints, ubvec=1.05)
Replicated mesh: rank 0 owns 1751 / 104151 cells
Local mesh: 1751 owned + 106 halo = 1857 / 104151 cells
Phase C ParMETIS AdaptiveRepart: 78920 / 104151 cells changed (0.757745965)
Phase C auto DLB complete: rebalance #12

    Number of DSMC particles        = 3967260
    Number of stuck particles       = 0
    Number of free particles        = 3967260
    Average linear kinetic energy   = 6.115006277e-19
    Average rotational energy       = 1.615136991e-20
    Average vibrational energy      = 2.213719916e-21
    Average electronic energy       = 0
    Total energy                    = 24.98841066

Stage 1.0  ExecutionTime = 64.25 s  ClockTime = 70 s  Iteration 600 (0.18 s)

Time = 0.000244

    Collision global reduction skipped (rank 0 local diagnostics)
    Collisions                      = 488
    Collision candidates           = 708
    Collision acceptance rate      = 0.6892655367

    Number of DSMC particles        = 3998290
    Number of stuck particles       = 0
    Number of free particles        = 3998290
    Average linear kinetic energy   = 6.072159739e-19
    Average rotational energy       = 1.632772308e-20
    Average vibrational energy      = 2.245744715e-21
    Average electronic energy       = 0
    Total energy                    = 25.02087667

Stage 1.0  ExecutionTime = 65.19 s  ClockTime = 71 s  Iteration 610 (0.12 s)

Time = 0.000248

    Collision global reduction skipped (rank 0 local diagnostics)
    Collisions                      = 458
    Collision candidates           = 696
    Collision acceptance rate      = 0.658045977

    Number of DSMC particles        = 4029165
    Number of stuck particles       = 0
    Number of free particles        = 4029165
    Average linear kinetic energy   = 6.030180223e-19
    Average rotational energy       = 1.652090124e-20
    Average vibrational energy      = 2.282835623e-21
    Average electronic energy       = 0
    Total energy                    = 25.05422468

Stage 1.0  ExecutionTime = 66.16 s  ClockTime = 72 s  Iteration 620 (0.11 s)

Time = 0.000252

    Collision global reduction skipped (rank 0 local diagnostics)
    Collisions                      = 474
    Collision candidates           = 706
    Collision acceptance rate      = 0.671388102

    Number of DSMC particles        = 4060223
    Number of stuck particles       = 0
    Number of free particles        = 4060223
    Average linear kinetic energy   = 5.989559847e-19
    Average rotational energy       = 1.666981188e-20
    Average vibrational energy      = 2.308433652e-21
    Average electronic energy       = 0
    Total energy                    = 25.08950774

Stage 1.0  ExecutionTime = 67.15 s  ClockTime = 73 s  Iteration 630 (0.11 s)

Time = 0.000256

    Collision global reduction skipped (rank 0 local diagnostics)
    Collisions                      = 496
    Collision candidates           = 730
    Collision acceptance rate      = 0.6794520548

    Number of DSMC particles        = 4091446
    Number of stuck particles       = 0
    Number of free particles        = 4091446
    Average linear kinetic energy   = 5.948893833e-19
    Average rotational energy       = 1.677595251e-20
    Average vibrational energy      = 2.337634956e-21
    Average electronic energy       = 0
    Total energy                    = 25.12159999

Stage 1.0  ExecutionTime = 68.13 s  ClockTime = 74 s  Iteration 640 (0.11 s)

Time = 0.00026

    Collision global reduction skipped (rank 0 local diagnostics)
    Collisions                      = 476
    Collision candidates           = 740
    Collision acceptance rate      = 0.6432432432


Phase C auto DLB triggered (threshold) at step 650: sar=0 loadImbalance=1.993852609 threshold=1.5 particleMaxMin=1
Phase C ParMETIS weights: particles=4122203 activeCells=104140 maxCellParticles=121
Phase C ParMETIS: alpha=1 ncon=1 ubvec=[1.05] moveRatio=0.9583043144 (moveT=19.5521137s, collT=0.85070971s)
Phase C ParMETIS: AdaptiveRepart (104151 cells, 1 constraints, ubvec=1.05)
Replicated mesh: rank 0 owns 1965 / 104151 cells
Local mesh: 1965 owned + 133 halo = 2098 / 104151 cells
Phase C ParMETIS AdaptiveRepart: 81702 / 104151 cells changed (0.7844571824)
Phase C auto DLB complete: rebalance #13

    Number of DSMC particles        = 4122203
    Number of stuck particles       = 0
    Number of free particles        = 4122203
    Average linear kinetic energy   = 5.90717286e-19
    Average rotational energy       = 1.69577371e-20
    Average vibrational energy      = 2.373899809e-21
    Average electronic energy       = 0
    Total energy                    = 25.147455

Stage 1.0  ExecutionTime = 69.27 s  ClockTime = 75 s  Iteration 650 (0.27 s)

Time = 0.000264

    Collision global reduction skipped (rank 0 local diagnostics)
    Collisions                      = 521
    Collision candidates           = 773
    Collision acceptance rate      = 0.6739974127

    Number of DSMC particles        = 4153155
    Number of stuck particles       = 0
    Number of free particles        = 4153155
    Average linear kinetic energy   = 5.865353025e-19
    Average rotational energy       = 1.716656012e-20
    Average vibrational energy      = 2.408463061e-21
    Average electronic energy       = 0
    Total energy                    = 25.1727013

Stage 1.0  ExecutionTime = 70.2 s  ClockTime = 76 s  Iteration 660 (0.12 s)

Time = 0.000268

    Collision global reduction skipped (rank 0 local diagnostics)
    Collisions                      = 505
    Collision candidates           = 756
    Collision acceptance rate      = 0.667989418

    Number of DSMC particles        = 4184441
    Number of stuck particles       = 0
    Number of free particles        = 4184441
    Average linear kinetic energy   = 5.829789194e-19
    Average rotational energy       = 1.737019838e-20
    Average vibrational energy      = 2.442097217e-21
    Average electronic energy       = 0
    Total energy                    = 25.22344274

Stage 1.0  ExecutionTime = 71.16 s  ClockTime = 77 s  Iteration 670 (0.11 s)

Time = 0.000272

    Collision global reduction skipped (rank 0 local diagnostics)
    Collisions                      = 483
    Collision candidates           = 738
    Collision acceptance rate      = 0.6544715447

    Number of DSMC particles        = 4216087
    Number of stuck particles       = 0
    Number of free particles        = 4216087
    Average linear kinetic energy   = 5.795787335e-19
    Average rotational energy       = 1.74972063e-20
    Average vibrational energy      = 2.467412552e-21
    Average electronic energy       = 0
    Total energy                    = 25.27726934

Stage 1.0  ExecutionTime = 72.12 s  ClockTime = 78 s  Iteration 680 (0.11 s)

Time = 0.000276

    Collision global reduction skipped (rank 0 local diagnostics)
    Collisions                      = 497
    Collision candidates           = 780
    Collision acceptance rate      = 0.6371794872

    Number of DSMC particles        = 4247192
    Number of stuck particles       = 0
    Number of free particles        = 4247192
    Average linear kinetic energy   = 5.761164507e-19
    Average rotational energy       = 1.767502092e-20
    Average vibrational energy      = 2.498491068e-21
    Average electronic energy       = 0
    Total energy                    = 25.32557959

Stage 1.0  ExecutionTime = 73.1 s  ClockTime = 79 s  Iteration 690 (0.11 s)

Time = 0.00028

    Collision global reduction skipped (rank 0 local diagnostics)
    Collisions                      = 503
    Collision candidates           = 782
    Collision acceptance rate      = 0.6432225064


Phase C auto DLB triggered (threshold) at step 700: sar=0 loadImbalance=1.746714721 threshold=1.5 particleMaxMin=1
Phase C ParMETIS weights: particles=4278841 activeCells=104148 maxCellParticles=122
Phase C ParMETIS: alpha=1 ncon=1 ubvec=[1.05] moveRatio=0.9586858104 (moveT=21.76347473s, collT=0.937888421s)
Phase C ParMETIS: AdaptiveRepart (104151 cells, 1 constraints, ubvec=1.05)
Replicated mesh: rank 0 owns 2111 / 104151 cells
Local mesh: 2111 owned + 149 halo = 2260 / 104151 cells
Phase C ParMETIS AdaptiveRepart: 84740 / 104151 cells changed (0.8136263694)
Phase C auto DLB complete: rebalance #14

    Number of DSMC particles        = 4278841
    Number of stuck particles       = 0
    Number of free particles        = 4278841
    Average linear kinetic energy   = 5.728006724e-19
    Average rotational energy       = 1.778854131e-20
    Average vibrational energy      = 2.517676352e-21
    Average electronic energy       = 0
    Total energy                    = 25.37810079

Stage 1.0  ExecutionTime = 74.18 s  ClockTime = 80 s  Iteration 700 (0.2 s)

Time = 0.000284

    Collision global reduction skipped (rank 0 local diagnostics)
    Collisions                      = 562
    Collision candidates           = 842
    Collision acceptance rate      = 0.6674584323

    Number of DSMC particles        = 4310115
    Number of stuck particles       = 0
    Number of free particles        = 4310115
    Average linear kinetic energy   = 5.694632071e-19
    Average rotational energy       = 1.791541404e-20
    Average vibrational energy      = 2.54023813e-21
    Average electronic energy       = 0
    Total energy                    = 25.42618124

Stage 1.0  ExecutionTime = 75.08 s  ClockTime = 81 s  Iteration 710 (0.1 s)

Time = 0.000288

    Collision global reduction skipped (rank 0 local diagnostics)
    Collisions                      = 589
    Collision candidates           = 862
    Collision acceptance rate      = 0.6832946636

    Number of DSMC particles        = 4341327
    Number of stuck particles       = 0
    Number of free particles        = 4341327
    Average linear kinetic energy   = 5.660872032e-19
    Average rotational energy       = 1.80966303e-20
    Average vibrational energy      = 2.575497242e-21
    Average electronic energy       = 0
    Total energy                    = 25.47314125

Stage 1.0  ExecutionTime = 76.02 s  ClockTime = 82 s  Iteration 720 (0.1 s)

Time = 0.000292

    Collision global reduction skipped (rank 0 local diagnostics)
    Collisions                      = 566
    Collision candidates           = 828
    Collision acceptance rate      = 0.6835748792

    Number of DSMC particles        = 4372543
    Number of stuck particles       = 0
    Number of free particles        = 4372543
    Average linear kinetic energy   = 5.627406247e-19
    Average rotational energy       = 1.824571256e-20
    Average vibrational energy      = 2.605130258e-21
    Average electronic energy       = 0
    Total energy                    = 25.51778786

Stage 1.0  ExecutionTime = 76.98 s  ClockTime = 83 s  Iteration 730 (0.1 s)

Time = 0.000296

    Collision global reduction skipped (rank 0 local diagnostics)
    Collisions                      = 561
    Collision candidates           = 838
    Collision acceptance rate      = 0.669451074

    Number of DSMC particles        = 4403926
    Number of stuck particles       = 0
    Number of free particles        = 4403926
    Average linear kinetic energy   = 5.593909559e-19
    Average rotational energy       = 1.839672682e-20
    Average vibrational energy      = 2.63800209e-21
    Average electronic energy       = 0
    Total energy                    = 25.56151764

Stage 1.0  ExecutionTime = 77.96 s  ClockTime = 84 s  Iteration 740 (0.11 s)

Time = 0.0003

    Collision global reduction skipped (rank 0 local diagnostics)
    Collisions                      = 584
    Collision candidates           = 870
    Collision acceptance rate      = 0.6712643678


Phase C auto DLB triggered (threshold) at step 750: sar=0 loadImbalance=1.632326066 threshold=1.5 particleMaxMin=1
Phase C ParMETIS weights: particles=4435431 activeCells=104140 maxCellParticles=134
Phase C ParMETIS: alpha=1 ncon=1 ubvec=[1.05] moveRatio=0.9588868851 (moveT=24.00837602s, collT=1.029380146s)
Phase C ParMETIS: AdaptiveRepart (104151 cells, 1 constraints, ubvec=1.05)
Replicated mesh: rank 0 owns 1951 / 104151 cells
Local mesh: 1951 owned + 123 halo = 2074 / 104151 cells
Phase C ParMETIS AdaptiveRepart: 84365 / 104151 cells changed (0.8100258279)
Phase C auto DLB complete: rebalance #15

    Number of DSMC particles        = 4435431
    Number of stuck particles       = 0
    Number of free particles        = 4435431
    Average linear kinetic energy   = 5.561005459e-19
    Average rotational energy       = 1.857129184e-20
    Average vibrational energy      = 2.671388544e-21
    Average electronic energy       = 0
    Total energy                    = 25.60766043

Stage 1.0  ExecutionTime = 79.03 s  ClockTime = 85 s  Iteration 750 (0.19 s)

Time = 0.000304

    Collision global reduction skipped (rank 0 local diagnostics)
    Collisions                      = 519
    Collision candidates           = 740
    Collision acceptance rate      = 0.7013513514

    Number of DSMC particles        = 4466695
    Number of stuck particles       = 0
    Number of free particles        = 4466695
    Average linear kinetic energy   = 5.529083617e-19
    Average rotational energy       = 1.871001218e-20
    Average vibrational energy      = 2.703370461e-21
    Average electronic energy       = 0
    Total energy                    = 25.65320064

Stage 1.0  ExecutionTime = 80.03 s  ClockTime = 86 s  Iteration 760 (0.13 s)

Time = 0.000308

    Collision global reduction skipped (rank 0 local diagnostics)
    Collisions                      = 542
    Collision candidates           = 775
    Collision acceptance rate      = 0.6993548387

    Number of DSMC particles        = 4498036
    Number of stuck particles       = 0
    Number of free particles        = 4498036
    Average linear kinetic energy   = 5.498021822e-19
    Average rotational energy       = 1.891137476e-20
    Average vibrational energy      = 2.735344359e-21
    Average electronic energy       = 0
    Total energy                    = 25.7039773

Stage 1.0  ExecutionTime = 81.04 s  ClockTime = 87 s  Iteration 770 (0.1 s)

Time = 0.000312

    Collision global reduction skipped (rank 0 local diagnostics)
    Collisions                      = 551
    Collision candidates           = 802
    Collision acceptance rate      = 0.687032419

    Number of DSMC particles        = 4529314
    Number of stuck particles       = 0
    Number of free particles        = 4529314
    Average linear kinetic energy   = 5.466074019e-19
    Average rotational energy       = 1.910707136e-20
    Average vibrational energy      = 2.773029938e-21
    Average electronic energy       = 0
    Total energy                    = 25.74858407

Stage 1.0  ExecutionTime = 82.08 s  ClockTime = 88 s  Iteration 780 (0.11 s)

Time = 0.000316

    Collision global reduction skipped (rank 0 local diagnostics)
    Collisions                      = 569
    Collision candidates           = 838
    Collision acceptance rate      = 0.6789976134

    Number of DSMC particles        = 4559800
    Number of stuck particles       = 0
    Number of free particles        = 4559800
    Average linear kinetic energy   = 5.435763026e-19
    Average rotational energy       = 1.921121151e-20
    Average vibrational energy      = 2.788200057e-21
    Average electronic energy       = 0
    Total energy                    = 25.78912142

Stage 1.0  ExecutionTime = 83.12 s  ClockTime = 89 s  Iteration 790 (0.11 s)

Time = 0.00032

    Collision global reduction skipped (rank 0 local diagnostics)
    Collisions                      = 543
    Collision candidates           = 803
    Collision acceptance rate      = 0.6762141968


Phase C auto DLB triggered (threshold) at step 800: sar=0 loadImbalance=1.792368965 threshold=1.5 particleMaxMin=1
Phase C ParMETIS weights: particles=4590650 activeCells=104147 maxCellParticles=133
Phase C ParMETIS: alpha=1 ncon=1 ubvec=[1.05] moveRatio=0.9589345568 (moveT=26.25977517s, collT=1.124549426s)
Phase C ParMETIS: AdaptiveRepart (104151 cells, 1 constraints, ubvec=1.05)
Replicated mesh: rank 0 owns 1048 / 104151 cells
Local mesh: 1048 owned + 66 halo = 1114 / 104151 cells
Phase C ParMETIS AdaptiveRepart: 79822 / 104151 cells changed (0.7664064675)
Phase C auto DLB complete: rebalance #16

    Number of DSMC particles        = 4590650
    Number of stuck particles       = 0
    Number of free particles        = 4590650
    Average linear kinetic energy   = 5.406211165e-19
    Average rotational energy       = 1.930495712e-20
    Average vibrational energy      = 2.807399313e-21
    Average electronic energy       = 0
    Total energy                    = 25.83312418

Stage 1.0  ExecutionTime = 84.28 s  ClockTime = 90 s  Iteration 800 (0.22 s)

Time = 0.000324

    Collision global reduction skipped (rank 0 local diagnostics)
    Collisions                      = 18006
    Collision candidates           = 29582
    Collision acceptance rate      = 0.6086809546

    Number of DSMC particles        = 4621284
    Number of stuck particles       = 0
    Number of free particles        = 4621284
    Average linear kinetic energy   = 5.37760882e-19
    Average rotational energy       = 1.949709162e-20
    Average vibrational energy      = 2.844205695e-21
    Average electronic energy       = 0
    Total energy                    = 25.8839124

Stage 1.0  ExecutionTime = 85.3 s  ClockTime = 91 s  Iteration 810 (0.12 s)

Time = 0.000328

    Collision global reduction skipped (rank 0 local diagnostics)
    Collisions                      = 18728
    Collision candidates           = 35301
    Collision acceptance rate      = 0.5305232146

    Number of DSMC particles        = 4651974
    Number of stuck particles       = 0
    Number of free particles        = 4651974
    Average linear kinetic energy   = 5.351294291e-19
    Average rotational energy       = 1.960746031e-20
    Average vibrational energy      = 2.869856249e-21
    Average electronic energy       = 0
    Total energy                    = 25.93972083

Stage 1.0  ExecutionTime = 86.32 s  ClockTime = 92 s  Iteration 820 (0.12 s)

Time = 0.000332

    Collision global reduction skipped (rank 0 local diagnostics)
    Collisions                      = 22976
    Collision candidates           = 45862
    Collision acceptance rate      = 0.5009812045

    Number of DSMC particles        = 4682134
    Number of stuck particles       = 0
    Number of free particles        = 4682134
    Average linear kinetic energy   = 5.322719757e-19
    Average rotational energy       = 1.974874096e-20
    Average vibrational energy      = 2.899687485e-21
    Average electronic energy       = 0
    Total energy                    = 25.98211692

Stage 1.0  ExecutionTime = 87.38 s  ClockTime = 94 s  Iteration 830 (0.12 s)

Time = 0.000336

    Collision global reduction skipped (rank 0 local diagnostics)
    Collisions                      = 17751
    Collision candidates           = 37679
    Collision acceptance rate      = 0.4711112291

    Number of DSMC particles        = 4712255
    Number of stuck particles       = 0
    Number of free particles        = 4712255
    Average linear kinetic energy   = 5.293601138e-19
    Average rotational energy       = 1.983317636e-20
    Average vibrational energy      = 2.918763691e-21
    Average electronic energy       = 0
    Total energy                    = 26.01692786

Stage 1.0  ExecutionTime = 88.45 s  ClockTime = 95 s  Iteration 840 (0.13 s)

Time = 0.00034

    Collision global reduction skipped (rank 0 local diagnostics)
    Collisions                      = 24661
    Collision candidates           = 51701
    Collision acceptance rate      = 0.4769927081


Phase C auto DLB triggered (threshold) at step 850: sar=0 loadImbalance=1.904953711 threshold=1.5 particleMaxMin=1
Phase C ParMETIS weights: particles=4742432 activeCells=104147 maxCellParticles=130
Phase C ParMETIS: alpha=1 ncon=1 ubvec=[1.05] moveRatio=0.9551141348 (moveT=28.00174973s, collT=1.315950334s)
Phase C ParMETIS: AdaptiveRepart (104151 cells, 1 constraints, ubvec=1.05)
Replicated mesh: rank 0 owns 2060 / 104151 cells
Local mesh: 2060 owned + 140 halo = 2200 / 104151 cells
Phase C ParMETIS AdaptiveRepart: 85320 / 104151 cells changed (0.819195207)
Phase C auto DLB complete: rebalance #17

    Number of DSMC particles        = 4742432
    Number of stuck particles       = 0
    Number of free particles        = 4742432
    Average linear kinetic energy   = 5.261488873e-19
    Average rotational energy       = 1.998408796e-20
    Average vibrational energy      = 2.949039566e-21
    Average electronic energy       = 0
    Total energy                    = 26.03984118

Stage 1.0  ExecutionTime = 89.66 s  ClockTime = 96 s  Iteration 850 (0.25 s)

Time = 0.000344

    Collision global reduction skipped (rank 0 local diagnostics)
    Collisions                      = 567
    Collision candidates           = 820
    Collision acceptance rate      = 0.6914634146

    Number of DSMC particles        = 4772349
    Number of stuck particles       = 0
    Number of free particles        = 4772349
    Average linear kinetic energy   = 5.231277426e-19
    Average rotational energy       = 2.006307203e-20
    Average vibrational energy      = 2.964325751e-21
    Average electronic energy       = 0
    Total energy                    = 26.06442938

Stage 1.0  ExecutionTime = 90.69 s  ClockTime = 97 s  Iteration 860 (0.13 s)

Time = 0.000348

    Collision global reduction skipped (rank 0 local diagnostics)
    Collisions                      = 513
    Collision candidates           = 770
    Collision acceptance rate      = 0.6662337662

    Number of DSMC particles        = 4802498
    Number of stuck particles       = 0
    Number of free particles        = 4802498
    Average linear kinetic energy   = 5.20105216e-19
    Average rotational energy       = 2.016028272e-20
    Average vibrational energy      = 2.980000186e-21
    Average electronic energy       = 0
    Total energy                    = 26.08935422

Stage 1.0  ExecutionTime = 91.76 s  ClockTime = 98 s  Iteration 870 (0.12 s)

Time = 0.000352

    Collision global reduction skipped (rank 0 local diagnostics)
    Collisions                      = 532
    Collision candidates           = 826
    Collision acceptance rate      = 0.6440677966

    Number of DSMC particles        = 4832013
    Number of stuck particles       = 0
    Number of free particles        = 4832013
    Average linear kinetic energy   = 5.170788716e-19
    Average rotational energy       = 2.023681266e-20
    Average vibrational energy      = 2.995216877e-21
    Average electronic energy       = 0
    Total energy                    = 26.10789298

Stage 1.0  ExecutionTime = 92.85 s  ClockTime = 99 s  Iteration 880 (0.13 s)

Time = 0.000356

    Collision global reduction skipped (rank 0 local diagnostics)
    Collisions                      = 565
    Collision candidates           = 825
    Collision acceptance rate      = 0.6848484848

    Number of DSMC particles        = 4861898
    Number of stuck particles       = 0
    Number of free particles        = 4861898
    Average linear kinetic energy   = 5.141467132e-19
    Average rotational energy       = 2.035523191e-20
    Average vibrational energy      = 3.016440823e-21
    Average electronic energy       = 0
    Total energy                    = 26.13359566

Stage 1.0  ExecutionTime = 93.95 s  ClockTime = 100 s  Iteration 890 (0.13 s)

Time = 0.00036

    Collision global reduction skipped (rank 0 local diagnostics)
    Collisions                      = 541
    Collision candidates           = 833
    Collision acceptance rate      = 0.6494597839


Phase C auto DLB triggered (threshold) at step 900: sar=0 loadImbalance=2.012231119 threshold=1.5 particleMaxMin=1
Phase C ParMETIS weights: particles=4891522 activeCells=104150 maxCellParticles=136
Phase C ParMETIS: alpha=1 ncon=1 ubvec=[1.05] moveRatio=0.9554151732 (moveT=30.32168141s, collT=1.41497325s)
Phase C ParMETIS: AdaptiveRepart (104151 cells, 1 constraints, ubvec=1.05)
Replicated mesh: rank 0 owns 2151 / 104151 cells
Local mesh: 2151 owned + 122 halo = 2273 / 104151 cells
Phase C ParMETIS AdaptiveRepart: 72948 / 104151 cells changed (0.7004061411)
Phase C auto DLB complete: rebalance #18

    Number of DSMC particles        = 4891522
    Number of stuck particles       = 0
    Number of free particles        = 4891522
    Average linear kinetic energy   = 5.115795282e-19
    Average rotational energy       = 2.043759531e-20
    Average vibrational energy      = 3.032874276e-21
    Average electronic energy       = 0
    Total energy                    = 26.17208835

Stage 1.0  ExecutionTime = 95.16 s  ClockTime = 101 s  Iteration 900 (0.21 s)

Time = 0.000364

    Collision global reduction skipped (rank 0 local diagnostics)
    Collisions                      = 612
    Collision candidates           = 925
    Collision acceptance rate      = 0.6616216216

    Number of DSMC particles        = 4920956
    Number of stuck particles       = 0
    Number of free particles        = 4920956
    Average linear kinetic energy   = 5.088532904e-19
    Average rotational energy       = 2.060289564e-20
    Average vibrational energy      = 3.059111196e-21
    Average electronic energy       = 0
    Total energy                    = 26.20484347

Stage 1.0  ExecutionTime = 96.15 s  ClockTime = 102 s  Iteration 910 (0.12 s)

Time = 0.000368

    Collision global reduction skipped (rank 0 local diagnostics)
    Collisions                      = 653
    Collision candidates           = 922
    Collision acceptance rate      = 0.7082429501

    Number of DSMC particles        = 4950496
    Number of stuck particles       = 0
    Number of free particles        = 4950496
    Average linear kinetic energy   = 5.063995383e-19
    Average rotational energy       = 2.073870109e-20
    Average vibrational energy      = 3.082382165e-21
    Average electronic energy       = 0
    Total energy                    = 26.24855066

Stage 1.0  ExecutionTime = 97.17 s  ClockTime = 104 s  Iteration 920 (0.11 s)

Time = 0.000372

    Collision global reduction skipped (rank 0 local diagnostics)
    Collisions                      = 625
    Collision candidates           = 922
    Collision acceptance rate      = 0.6778741866

    Number of DSMC particles        = 4980028
    Number of stuck particles       = 0
    Number of free particles        = 4980028
    Average linear kinetic energy   = 5.037747561e-19
    Average rotational energy       = 2.086909179e-20
    Average vibrational energy      = 3.104799081e-21
    Average electronic energy       = 0
    Total energy                    = 26.28203039

Stage 1.0  ExecutionTime = 98.21 s  ClockTime = 105 s  Iteration 930 (0.12 s)

Time = 0.000376

    Collision global reduction skipped (rank 0 local diagnostics)
    Collisions                      = 619
    Collision candidates           = 928
    Collision acceptance rate      = 0.6670258621

    Number of DSMC particles        = 5009588
    Number of stuck particles       = 0
    Number of free particles        = 5009588
    Average linear kinetic energy   = 5.014593667e-19
    Average rotational energy       = 2.098614725e-20
    Average vibrational energy      = 3.124250869e-21
    Average electronic energy       = 0
    Total energy                    = 26.32887987

Stage 1.0  ExecutionTime = 99.28 s  ClockTime = 106 s  Iteration 940 (0.12 s)

Time = 0.00038

    Collision global reduction skipped (rank 0 local diagnostics)
    Collisions                      = 611
    Collision candidates           = 954
    Collision acceptance rate      = 0.6404612159


Phase C auto DLB triggered (threshold) at step 950: sar=0 loadImbalance=1.72827594 threshold=1.5 particleMaxMin=1
Phase C ParMETIS weights: particles=5039313 activeCells=104151 maxCellParticles=146
Phase C ParMETIS: alpha=1 ncon=1 ubvec=[1.05] moveRatio=0.9555743065 (moveT=32.7392871s, collT=1.522085226s)
Phase C ParMETIS: AdaptiveRepart (104151 cells, 1 constraints, ubvec=1.05)
Replicated mesh: rank 0 owns 2261 / 104151 cells
Local mesh: 2261 owned + 135 halo = 2396 / 104151 cells
Phase C ParMETIS AdaptiveRepart: 83704 / 104151 cells changed (0.8036792734)
Phase C auto DLB complete: rebalance #19

    Number of DSMC particles        = 5039313
    Number of stuck particles       = 0
    Number of free particles        = 5039313
    Average linear kinetic energy   = 4.991765585e-19
    Average rotational energy       = 2.108679197e-20
    Average vibrational energy      = 3.141834471e-21
    Average electronic energy       = 0
    Total energy                    = 26.37602553

Stage 1.0  ExecutionTime = 100.48 s  ClockTime = 107 s  Iteration 950 (0.22 s)

Time = 0.000384

    Collision global reduction skipped (rank 0 local diagnostics)
    Collisions                      = 626
    Collision candidates           = 914
    Collision acceptance rate      = 0.6849015317

    Number of DSMC particles        = 5068343
    Number of stuck particles       = 0
    Number of free particles        = 5068343
    Average linear kinetic energy   = 4.968034614e-19
    Average rotational energy       = 2.12067583e-20
    Average vibrational energy      = 3.159196086e-21
    Average electronic energy       = 0
    Total energy                    = 26.4146536

Stage 1.0  ExecutionTime = 101.51 s  ClockTime = 108 s  Iteration 960 (0.11 s)

Time = 0.000388

    Collision global reduction skipped (rank 0 local diagnostics)
    Collisions                      = 664
    Collision candidates           = 967
    Collision acceptance rate      = 0.6866597725

    Number of DSMC particles        = 5097843
    Number of stuck particles       = 0
    Number of free particles        = 5097843
    Average linear kinetic energy   = 4.94653182e-19
    Average rotational energy       = 2.132067439e-20
    Average vibrational energy      = 3.179565652e-21
    Average electronic energy       = 0
    Total energy                    = 26.46562638

Stage 1.0  ExecutionTime = 102.58 s  ClockTime = 109 s  Iteration 970 (0.12 s)

Time = 0.000392

    Collision global reduction skipped (rank 0 local diagnostics)
    Collisions                      = 625
    Collision candidates           = 968
    Collision acceptance rate      = 0.645661157

    Number of DSMC particles        = 5127351
    Number of stuck particles       = 0
    Number of free particles        = 5127351
    Average linear kinetic energy   = 4.925868353e-19
    Average rotational energy       = 2.143558037e-20
    Average vibrational energy      = 3.199852743e-21
    Average electronic energy       = 0
    Total energy                    = 26.51980115

Stage 1.0  ExecutionTime = 103.65 s  ClockTime = 110 s  Iteration 980 (0.12 s)

Time = 0.000396

    Collision global reduction skipped (rank 0 local diagnostics)
    Collisions                      = 669
    Collision candidates           = 995
    Collision acceptance rate      = 0.672361809

    Number of DSMC particles        = 5156846
    Number of stuck particles       = 0
    Number of free particles        = 5156846
    Average linear kinetic energy   = 4.905312602e-19
    Average rotational energy       = 2.152388127e-20
    Average vibrational energy      = 3.213977895e-21
    Average electronic energy       = 0
    Total energy                    = 26.57163497

Stage 1.0  ExecutionTime = 104.73 s  ClockTime = 111 s  Iteration 990 (0.12 s)

Time = 0.0004

    Collision global reduction skipped (rank 0 local diagnostics)
    Collisions                      = 676
    Collision candidates           = 1011
    Collision acceptance rate      = 0.668644906


Phase C auto DLB triggered (threshold) at step 1000: sar=0 loadImbalance=1.671054644 threshold=1.5 particleMaxMin=1
Phase C ParMETIS weights: particles=5185697 activeCells=104150 maxCellParticles=144
Phase C ParMETIS: alpha=1 ncon=1 ubvec=[1.05] moveRatio=0.9558700986 (moveT=35.28620576s, collT=1.629067362s)
Phase C ParMETIS: AdaptiveRepart (104151 cells, 1 constraints, ubvec=1.05)
Replicated mesh: rank 0 owns 2370 / 104151 cells
Local mesh: 2370 owned + 138 halo = 2508 / 104151 cells
Phase C ParMETIS AdaptiveRepart: 82282 / 104151 cells changed (0.7900260199)
Phase C auto DLB complete: rebalance #20

    Number of DSMC particles        = 5185697
    Number of stuck particles       = 0
    Number of free particles        = 5185697
    Average linear kinetic energy   = 4.883818966e-19
    Average rotational energy       = 2.158087724e-20
    Average vibrational energy      = 3.227975218e-21
    Average electronic energy       = 0
    Total energy                    = 26.61251728

Stage 1.0  ExecutionTime = 105.97 s  ClockTime = 112 s  Iteration 1000 (0.26 s)

Time = 0.000404

    Collision global reduction skipped (rank 0 local diagnostics)
    Collisions                      = 632
    Collision candidates           = 976
    Collision acceptance rate      = 0.6475409836

    Number of DSMC particles        = 5214282
    Number of stuck particles       = 0
    Number of free particles        = 5214282
    Average linear kinetic energy   = 4.862507605e-19
    Average rotational energy       = 2.171120617e-20
    Average vibrational energy      = 3.247473058e-21
    Average electronic energy       = 0
    Total energy                    = 26.6559018

Stage 1.0  ExecutionTime = 107.03 s  ClockTime = 114 s  Iteration 1010 (0.11 s)

Time = 0.000408

    Collision global reduction skipped (rank 0 local diagnostics)
    Collisions                      = 621
    Collision candidates           = 1013
    Collision acceptance rate      = 0.6130306022

    Number of DSMC particles        = 5242430
    Number of stuck particles       = 0
    Number of free particles        = 5242430
    Average linear kinetic energy   = 4.841704493e-19
    Average rotational energy       = 2.178391119e-20
    Average vibrational energy      = 3.261702744e-21
    Average electronic energy       = 0
    Total energy                    = 26.69529566

Stage 1.0  ExecutionTime = 108.13 s  ClockTime = 115 s  Iteration 1020 (0.12 s)

Time = 0.000412

    Collision global reduction skipped (rank 0 local diagnostics)
    Collisions                      = 655
    Collision candidates           = 1012
    Collision acceptance rate      = 0.6472332016

    Number of DSMC particles        = 5269838
    Number of stuck particles       = 0
    Number of free particles        = 5269838
    Average linear kinetic energy   = 4.817475127e-19
    Average rotational energy       = 2.19035962e-20
    Average vibrational energy      = 3.285394506e-21
    Average electronic energy       = 0
    Total energy                    = 26.71473249

Stage 1.0  ExecutionTime = 109.24 s  ClockTime = 116 s  Iteration 1030 (0.12 s)

Time = 0.000416

    Collision global reduction skipped (rank 0 local diagnostics)
    Collisions                      = 618
    Collision candidates           = 994
    Collision acceptance rate      = 0.6217303823

    Number of DSMC particles        = 5297119
    Number of stuck particles       = 0
    Number of free particles        = 5297119
    Average linear kinetic energy   = 4.796644694e-19
    Average rotational energy       = 2.199566691e-20
    Average vibrational energy      = 3.301563649e-21
    Average electronic energy       = 0
    Total energy                    = 26.74842215

Stage 1.0  ExecutionTime = 110.37 s  ClockTime = 117 s  Iteration 1040 (0.12 s)

Time = 0.00042

    Collision global reduction skipped (rank 0 local diagnostics)
    Collisions                      = 628
    Collision candidates           = 1031
    Collision acceptance rate      = 0.6091173618


Phase C auto DLB triggered (threshold) at step 1050: sar=0 loadImbalance=1.760177273 threshold=1.5 particleMaxMin=1
Phase C ParMETIS weights: particles=5324295 activeCells=104151 maxCellParticles=144
Phase C ParMETIS: alpha=1 ncon=1 ubvec=[1.05] moveRatio=0.9558433941 (moveT=37.73412109s, collT=1.743183792s)
Phase C ParMETIS: AdaptiveRepart (104151 cells, 1 constraints, ubvec=1.05)
Replicated mesh: rank 0 owns 2375 / 104151 cells
Local mesh: 2375 owned + 108 halo = 2483 / 104151 cells
Phase C ParMETIS AdaptiveRepart: 76694 / 104151 cells changed (0.7363731505)
Phase C auto DLB complete: rebalance #21

    Number of DSMC particles        = 5324295
    Number of stuck particles       = 0
    Number of free particles        = 5324295
    Average linear kinetic energy   = 4.776447611e-19
    Average rotational energy       = 2.201632901e-20
    Average vibrational energy      = 3.308186281e-21
    Average electronic energy       = 0
    Total energy                    = 26.77956804

Stage 1.0  ExecutionTime = 111.62 s  ClockTime = 118 s  Iteration 1050 (0.23 s)

Time = 0.000424

    Collision global reduction skipped (rank 0 local diagnostics)
    Collisions                      = 654
    Collision candidates           = 1028
    Collision acceptance rate      = 0.6361867704

    Number of DSMC particles        = 5351427
    Number of stuck particles       = 0
    Number of free particles        = 5351427
    Average linear kinetic energy   = 4.753489342e-19
    Average rotational energy       = 2.212897678e-20
    Average vibrational energy      = 3.330641638e-21
    Average electronic energy       = 0
    Total energy                    = 26.8004041

Stage 1.0  ExecutionTime = 112.72 s  ClockTime = 119 s  Iteration 1060 (0.13 s)

Time = 0.000428

    Collision global reduction skipped (rank 0 local diagnostics)
    Collisions                      = 693
    Collision candidates           = 1077
    Collision acceptance rate      = 0.643454039

    Number of DSMC particles        = 5378385
    Number of stuck particles       = 0
    Number of free particles        = 5378385
    Average linear kinetic energy   = 4.732115664e-19
    Average rotational energy       = 2.219026599e-20
    Average vibrational energy      = 3.342274242e-21
    Average electronic energy       = 0
    Total energy                    = 26.82437822

Stage 1.0  ExecutionTime = 113.86 s  ClockTime = 120 s  Iteration 1070 (0.14 s)

Time = 0.000432

    Collision global reduction skipped (rank 0 local diagnostics)
    Collisions                      = 669
    Collision candidates           = 1083
    Collision acceptance rate      = 0.6177285319

    Number of DSMC particles        = 5405066
    Number of stuck particles       = 0
    Number of free particles        = 5405066
    Average linear kinetic energy   = 4.709411322e-19
    Average rotational energy       = 2.232469968e-20
    Average vibrational energy      = 3.361754628e-21
    Average electronic energy       = 0
    Total energy                    = 26.84304882

Stage 1.0  ExecutionTime = 114.99 s  ClockTime = 122 s  Iteration 1080 (0.13 s)

Time = 0.000436

    Collision global reduction skipped (rank 0 local diagnostics)
    Collisions                      = 714
    Collision candidates           = 1099
    Collision acceptance rate      = 0.6496815287

    Number of DSMC particles        = 5432221
    Number of stuck particles       = 0
    Number of free particles        = 5432221
    Average linear kinetic energy   = 4.689694646e-19
    Average rotational energy       = 2.241417144e-20
    Average vibrational energy      = 3.380110636e-21
    Average electronic energy       = 0
    Total energy                    = 26.87666015

Stage 1.0  ExecutionTime = 116.14 s  ClockTime = 123 s  Iteration 1090 (0.13 s)

Time = 0.00044

    Collision global reduction skipped (rank 0 local diagnostics)
    Collisions                      = 701
    Collision candidates           = 1105
    Collision acceptance rate      = 0.6343891403


Phase C auto DLB triggered (threshold) at step 1100: sar=0 loadImbalance=1.725005566 threshold=1.5 particleMaxMin=1
Phase C ParMETIS weights: particles=5459339 activeCells=104150 maxCellParticles=148
Phase C ParMETIS: alpha=1 ncon=1 ubvec=[1.05] moveRatio=0.9555565209 (moveT=40.29935631s, collT=1.874346062s)
Phase C ParMETIS: AdaptiveRepart (104151 cells, 1 constraints, ubvec=1.05)
Replicated mesh: rank 0 owns 2427 / 104151 cells
Local mesh: 2427 owned + 111 halo = 2538 / 104151 cells
Phase C ParMETIS AdaptiveRepart: 353 / 104151 cells changed (0.003389309752)
Phase C auto DLB complete: rebalance #22

    Number of DSMC particles        = 5459339
    Number of stuck particles       = 0
    Number of free particles        = 5459339
    Average linear kinetic energy   = 4.670468047e-19
    Average rotational energy       = 2.24440264e-20
    Average vibrational energy      = 3.394247166e-21
    Average electronic energy       = 0
    Total energy                    = 26.9082673

Stage 1.0  ExecutionTime = 117.37 s  ClockTime = 124 s  Iteration 1100 (0.21 s)

Time = 0.000444

    Collision global reduction skipped (rank 0 local diagnostics)
    Collisions                      = 710
    Collision candidates           = 1122
    Collision acceptance rate      = 0.632798574

    Number of DSMC particles        = 5485967
    Number of stuck particles       = 0
    Number of free particles        = 5485967
    Average linear kinetic energy   = 4.649413644e-19
    Average rotational energy       = 2.252980022e-20
    Average vibrational energy      = 3.405355053e-21
    Average electronic energy       = 0
    Total energy                    = 26.92932388

Stage 1.0  ExecutionTime = 118.54 s  ClockTime = 125 s  Iteration 1110 (0.13 s)

Time = 0.000448

    Collision global reduction skipped (rank 0 local diagnostics)
    Collisions                      = 676
    Collision candidates           = 1108
    Collision acceptance rate      = 0.6101083032

    Number of DSMC particles        = 5512391
    Number of stuck particles       = 0
    Number of free particles        = 5512391
    Average linear kinetic energy   = 4.631614319e-19
    Average rotational energy       = 2.259127159e-20
    Average vibrational energy      = 3.417304293e-21
    Average electronic energy       = 0
    Total energy                    = 26.96496348

Stage 1.0  ExecutionTime = 119.74 s  ClockTime = 126 s  Iteration 1120 (0.13 s)

Time = 0.000452

    Collision global reduction skipped (rank 0 local diagnostics)
    Collisions                      = 711
    Collision candidates           = 1115
    Collision acceptance rate      = 0.6376681614

    Number of DSMC particles        = 5538740
    Number of stuck particles       = 0
    Number of free particles        = 5538740
    Average linear kinetic energy   = 4.614440489e-19
    Average rotational energy       = 2.270696435e-20
    Average vibrational energy      = 3.439210851e-21
    Average electronic energy       = 0
    Total energy                    = 27.00635478

Stage 1.0  ExecutionTime = 120.96 s  ClockTime = 128 s  Iteration 1130 (0.14 s)

Time = 0.000456

    Collision global reduction skipped (rank 0 local diagnostics)
    Collisions                      = 725
    Collision candidates           = 1144
    Collision acceptance rate      = 0.6337412587

    Number of DSMC particles        = 5564468
    Number of stuck particles       = 0
    Number of free particles        = 5564468
    Average linear kinetic energy   = 4.597298215e-19
    Average rotational energy       = 2.277319454e-20
    Average vibrational energy      = 3.452003697e-21
    Average electronic energy       = 0
    Total energy                    = 27.04081157

Stage 1.0  ExecutionTime = 122.18 s  ClockTime = 129 s  Iteration 1140 (0.14 s)

Time = 0.00046

    Collision global reduction skipped (rank 0 local diagnostics)
    Collisions                      = 735
    Collision candidates           = 1196
    Collision acceptance rate      = 0.614548495


Phase C auto DLB triggered (threshold) at step 1150: sar=0 loadImbalance=1.547077781 threshold=1.5 particleMaxMin=1
Phase C ParMETIS weights: particles=5590676 activeCells=104149 maxCellParticles=159
Phase C ParMETIS: alpha=1 ncon=1 ubvec=[1.05] moveRatio=0.95535102 (moveT=43.09815229s, collT=2.014221475s)
Phase C ParMETIS: AdaptiveRepart (104151 cells, 1 constraints, ubvec=1.05)
Replicated mesh: rank 0 owns 2348 / 104151 cells
Local mesh: 2348 owned + 111 halo = 2459 / 104151 cells
Phase C ParMETIS AdaptiveRepart: 63456 / 104151 cells changed (0.6092692341)
Phase C auto DLB complete: rebalance #23

    Number of DSMC particles        = 5590676
    Number of stuck particles       = 0
    Number of free particles        = 5590676
    Average linear kinetic energy   = 4.581494241e-19
    Average rotational energy       = 2.278700019e-20
    Average vibrational energy      = 3.463074983e-21
    Average electronic energy       = 0
    Total energy                    = 27.08120655

Stage 1.0  ExecutionTime = 123.54 s  ClockTime = 130 s  Iteration 1150 (0.26 s)

Time = 0.000464

    Collision global reduction skipped (rank 0 local diagnostics)
    Collisions                      = 672
    Collision candidates           = 1102
    Collision acceptance rate      = 0.609800363

    Number of DSMC particles        = 5616953
    Number of stuck particles       = 0
    Number of free particles        = 5616953
    Average linear kinetic energy   = 4.563881527e-19
    Average rotational energy       = 2.289310158e-20
    Average vibrational energy      = 3.479788102e-21
    Average electronic energy       = 0
    Total energy                    = 27.11646085

Stage 1.0  ExecutionTime = 124.81 s  ClockTime = 131 s  Iteration 1160 (0.14 s)

Time = 0.000468

    Collision global reduction skipped (rank 0 local diagnostics)
    Collisions                      = 677
    Collision candidates           = 1123
    Collision acceptance rate      = 0.6028495102

    Number of DSMC particles        = 5642773
    Number of stuck particles       = 0
    Number of free particles        = 5642773
    Average linear kinetic energy   = 4.549643557e-19
    Average rotational energy       = 2.295161161e-20
    Average vibrational energy      = 3.489534224e-21
    Average electronic energy       = 0
    Total energy                    = 27.16461966

Stage 1.0  ExecutionTime = 126.1 s  ClockTime = 133 s  Iteration 1170 (0.14 s)

Time = 0.000472

    Collision global reduction skipped (rank 0 local diagnostics)
    Collisions                      = 692
    Collision candidates           = 1139
    Collision acceptance rate      = 0.6075504829

    Number of DSMC particles        = 5668247
    Number of stuck particles       = 0
    Number of free particles        = 5668247
    Average linear kinetic energy   = 4.533670476e-19
    Average rotational energy       = 2.305553501e-20
    Average vibrational energy      = 3.507636879e-21
    Average electronic energy       = 0
    Total energy                    = 27.20363027

Stage 1.0  ExecutionTime = 127.4 s  ClockTime = 134 s  Iteration 1180 (0.14 s)

Time = 0.000476

    Collision global reduction skipped (rank 0 local diagnostics)
    Collisions                      = 691
    Collision candidates           = 1133
    Collision acceptance rate      = 0.6098852604

    Number of DSMC particles        = 5693009
    Number of stuck particles       = 0
    Number of free particles        = 5693009
    Average linear kinetic energy   = 4.517829628e-19
    Average rotational energy       = 2.309955585e-20
    Average vibrational energy      = 3.515009659e-21
    Average electronic energy       = 0
    Total energy                    = 27.23521434

Stage 1.0  ExecutionTime = 128.7 s  ClockTime = 135 s  Iteration 1190 (0.14 s)

Time = 0.00048

    Collision global reduction skipped (rank 0 local diagnostics)
    Collisions                      = 639
    Collision candidates           = 1136
    Collision acceptance rate      = 0.5625


Phase C auto DLB triggered (threshold) at step 1200: sar=0 loadImbalance=1.887509371 threshold=1.5 particleMaxMin=1
Phase C ParMETIS weights: particles=5717208 activeCells=104151 maxCellParticles=154
Phase C ParMETIS: alpha=1 ncon=1 ubvec=[1.05] moveRatio=0.9554506789 (moveT=45.86759535s, collT=2.138645434s)
Phase C ParMETIS: AdaptiveRepart (104151 cells, 1 constraints, ubvec=1.05)
Replicated mesh: rank 0 owns 2487 / 104151 cells
Local mesh: 2487 owned + 105 halo = 2592 / 104151 cells
Phase C ParMETIS AdaptiveRepart: 81162 / 104151 cells changed (0.7792724026)
Phase C auto DLB complete: rebalance #24

    Number of DSMC particles        = 5717208
    Number of stuck particles       = 0
    Number of free particles        = 5717208
    Average linear kinetic energy   = 4.503765446e-19
    Average rotational energy       = 2.309955298e-20
    Average vibrational energy      = 3.518387728e-21
    Average electronic energy       = 0
    Total energy                    = 27.27076687

Stage 1.0  ExecutionTime = 130.15 s  ClockTime = 137 s  Iteration 1200 (0.28 s)

Time = 0.000484

    Collision global reduction skipped (rank 0 local diagnostics)
    Collisions                      = 750
    Collision candidates           = 1220
    Collision acceptance rate      = 0.6147540984

    Number of DSMC particles        = 5741091
    Number of stuck particles       = 0
    Number of free particles        = 5741091
    Average linear kinetic energy   = 4.488878951e-19
    Average rotational energy       = 2.313435564e-20
    Average vibrational energy      = 3.52825317e-21
    Average electronic energy       = 0
    Total energy                    = 27.30178718

Stage 1.0  ExecutionTime = 131.47 s  ClockTime = 138 s  Iteration 1210 (0.15 s)

Time = 0.000488

    Collision global reduction skipped (rank 0 local diagnostics)
    Collisions                      = 726
    Collision candidates           = 1254
    Collision acceptance rate      = 0.5789473684

    Number of DSMC particles        = 5764868
    Number of stuck particles       = 0
    Number of free particles        = 5764868
    Average linear kinetic energy   = 4.473206071e-19
    Average rotational energy       = 2.321145483e-20
    Average vibrational energy      = 3.541456641e-21
    Average electronic energy       = 0
    Total energy                    = 27.32971257

Stage 1.0  ExecutionTime = 132.81 s  ClockTime = 140 s  Iteration 1220 (0.15 s)

Time = 0.000492

    Collision global reduction skipped (rank 0 local diagnostics)
    Collisions                      = 712
    Collision candidates           = 1222
    Collision acceptance rate      = 0.5826513912

    Number of DSMC particles        = 5788486
    Number of stuck particles       = 0
    Number of free particles        = 5788486
    Average linear kinetic energy   = 4.457074838e-19
    Average rotational energy       = 2.327054375e-20
    Average vibrational energy      = 3.549735548e-21
    Average electronic energy       = 0
    Total energy                    = 27.35220341

Stage 1.0  ExecutionTime = 134.16 s  ClockTime = 141 s  Iteration 1230 (0.15 s)

Time = 0.000496

    Collision global reduction skipped (rank 0 local diagnostics)
    Collisions                      = 745
    Collision candidates           = 1262
    Collision acceptance rate      = 0.5903328051

    Number of DSMC particles        = 5811814
    Number of stuck particles       = 0
    Number of free particles        = 5811814
    Average linear kinetic energy   = 4.441224467e-19
    Average rotational energy       = 2.33431656e-20
    Average vibrational energy      = 3.560341894e-21
    Average electronic energy       = 0
    Total energy                    = 27.37515235

Stage 1.0  ExecutionTime = 135.5 s  ClockTime = 142 s  Iteration 1240 (0.14 s)

Time = 0.0005

    Collision global reduction skipped (rank 0 local diagnostics)
    Collisions                      = 756
    Collision candidates           = 1290
    Collision acceptance rate      = 0.5860465116


Phase C auto DLB triggered (threshold) at step 1250: sar=0 loadImbalance=2.111647135 threshold=1.5 particleMaxMin=1
Phase C ParMETIS weights: particles=5834416 activeCells=104151 maxCellParticles=151
Phase C ParMETIS: alpha=1 ncon=1 ubvec=[1.05] moveRatio=0.9555603868 (moveT=48.82329826s, collT=2.270592755s)
Phase C ParMETIS: AdaptiveRepart (104151 cells, 1 constraints, ubvec=1.05)
Replicated mesh: rank 0 owns 2620 / 104151 cells
Local mesh: 2620 owned + 161 halo = 2781 / 104151 cells
Phase C ParMETIS AdaptiveRepart: 82777 / 104151 cells changed (0.7947787347)
Phase C auto DLB complete: rebalance #25

    Number of DSMC particles        = 5834416
    Number of stuck particles       = 0
    Number of free particles        = 5834416
    Average linear kinetic energy   = 4.425473461e-19
    Average rotational energy       = 2.340119932e-20
    Average vibrational energy      = 3.568205411e-21
    Average electronic energy       = 0
    Total energy                    = 27.39356044
Replicated mesh: wrote gathered cloud on rank0 at output time 0.0005 with 5834416 parcels
Written cellOwner field at output time 0.0005
Replicated mesh output timing:
    gather parcels [s]       = 1.05
    rank0 write [s]           = 14.39
    migrate-back [s]          = 0.86


Stage 1.0  ExecutionTime = 160.19 s  ClockTime = 195 s  Iteration 1250 (23.48 s)

    Maximum imbalance = 5.565595597%

Time = 0.000504

    Collision global reduction skipped (rank 0 local diagnostics)
    Collisions                      = 737
    Collision candidates           = 1140
    Collision acceptance rate      = 0.6464912281

    Number of DSMC particles        = 5857213
    Number of stuck particles       = 0
    Number of free particles        = 5857213
    Average linear kinetic energy   = 4.411682482e-19
    Average rotational energy       = 2.341407587e-20
    Average vibrational energy      = 3.571558663e-21
    Average electronic energy       = 0
    Total energy                    = 27.42077008

Stage 1.0  ExecutionTime = 161.21 s  ClockTime = 196 s  Iteration 1260 (0.12 s)

Time = 0.000508

    Collision global reduction skipped (rank 0 local diagnostics)
    Collisions                      = 752
    Collision candidates           = 1162
    Collision acceptance rate      = 0.6471600688

    Number of DSMC particles        = 5879419
    Number of stuck particles       = 0
    Number of free particles        = 5879419
    Average linear kinetic energy   = 4.395395585e-19
    Average rotational energy       = 2.350223405e-20
    Average vibrational energy      = 3.584496066e-21
    Average electronic energy       = 0
    Total energy                    = 27.43491467

Stage 1.0  ExecutionTime = 162.26 s  ClockTime = 197 s  Iteration 1270 (0.12 s)

Time = 0.000512

    Collision global reduction skipped (rank 0 local diagnostics)
    Collisions                      = 770
    Collision candidates           = 1221
    Collision acceptance rate      = 0.6306306306

    Number of DSMC particles        = 5901868
    Number of stuck particles       = 0
    Number of free particles        = 5901868
    Average linear kinetic energy   = 4.382124178e-19
    Average rotational energy       = 2.352717628e-20
    Average vibrational energy      = 3.59076323e-21
    Average electronic energy       = 0
    Total energy                    = 27.46318345

Stage 1.0  ExecutionTime = 163.38 s  ClockTime = 198 s  Iteration 1280 (0.15 s)

Time = 0.000516

    Collision global reduction skipped (rank 0 local diagnostics)
    Collisions                      = 792
    Collision candidates           = 1276
    Collision acceptance rate      = 0.6206896552

    Number of DSMC particles        = 5924270
    Number of stuck particles       = 0
    Number of free particles        = 5924270
    Average linear kinetic energy   = 4.366477803e-19
    Average rotational energy       = 2.360408764e-20
    Average vibrational energy      = 3.600871891e-21
    Average electronic energy       = 0
    Total energy                    = 27.47988871

Stage 1.0  ExecutionTime = 164.54 s  ClockTime = 199 s  Iteration 1290 (0.12 s)

Time = 0.00052

    Collision global reduction skipped (rank 0 local diagnostics)
    Collisions                      = 748
    Collision candidates           = 1269
    Collision acceptance rate      = 0.5894405043


Phase C auto DLB triggered (threshold) at step 1300: sar=0 loadImbalance=2.317196699e+15 threshold=1.5 particleMaxMin=1
Phase C ParMETIS weights: particles=5947075 activeCells=104151 maxCellParticles=162
Phase C ParMETIS: alpha=1 ncon=1 ubvec=[1.05] moveRatio=0.9552864442 (moveT=51.59863608s, collT=2.415148365s)
Phase C ParMETIS: AdaptiveRepart (104151 cells, 1 constraints, ubvec=1.05)
Replicated mesh: rank 0 owns 2620 / 104151 cells
Local mesh: 2620 owned + 161 halo = 2781 / 104151 cells
Phase C ParMETIS AdaptiveRepart: 7098 / 104151 cells changed (0.06815104992)
Phase C auto DLB complete: rebalance #26

    Number of DSMC particles        = 5947075
    Number of stuck particles       = 0
    Number of free particles        = 5947075
    Average linear kinetic energy   = 4.353377045e-19
    Average rotational energy       = 2.365974931e-20
    Average vibrational energy      = 3.608397718e-21
    Average electronic energy       = 0
    Total energy                    = 27.51151694

Stage 1.0  ExecutionTime = 165.79 s  ClockTime = 201 s  Iteration 1300 (0.18 s)

Time = 0.000524

    Collision global reduction skipped (rank 0 local diagnostics)
    Collisions                      = 760
    Collision candidates           = 1296
    Collision acceptance rate      = 0.5864197531

    Number of DSMC particles        = 5969922
    Number of stuck particles       = 0
    Number of free particles        = 5969922
    Average linear kinetic energy   = 4.34053208e-19
    Average rotational energy       = 2.376224643e-20
    Average vibrational energy      = 3.622736461e-21
    Average electronic energy       = 0
    Total energy                    = 27.54750007

Stage 1.0  ExecutionTime = 167.02 s  ClockTime = 202 s  Iteration 1310 (0.13 s)

Time = 0.000528

    Collision global reduction skipped (rank 0 local diagnostics)
    Collisions                      = 775
    Collision candidates           = 1338
    Collision acceptance rate      = 0.5792227205

    Number of DSMC particles        = 5992852
    Number of stuck particles       = 0
    Number of free particles        = 5992852
    Average linear kinetic energy   = 4.329691169e-19
    Average rotational energy       = 2.380723158e-20
    Average vibrational energy      = 3.629237596e-21
    Average electronic energy       = 0
    Total energy                    = 27.59142537

Stage 1.0  ExecutionTime = 168.3 s  ClockTime = 203 s  Iteration 1320 (0.14 s)

Time = 0.000532

    Collision global reduction skipped (rank 0 local diagnostics)
    Collisions                      = 735
    Collision candidates           = 1319
    Collision acceptance rate      = 0.5572403336

    Number of DSMC particles        = 6015176
    Number of stuck particles       = 0
    Number of free particles        = 6015176
    Average linear kinetic energy   = 4.316530707e-19
    Average rotational energy       = 2.387973758e-20
    Average vibrational energy      = 3.639196025e-21
    Average electronic energy       = 0
    Total energy                    = 27.6200042

Stage 1.0  ExecutionTime = 169.62 s  ClockTime = 204 s  Iteration 1330 (0.15 s)

Time = 0.000536

    Collision global reduction skipped (rank 0 local diagnostics)
    Collisions                      = 776
    Collision candidates           = 1393
    Collision acceptance rate      = 0.5570710696

    Number of DSMC particles        = 6037641
    Number of stuck particles       = 0
    Number of free particles        = 6037641
    Average linear kinetic energy   = 4.302323761e-19
    Average rotational energy       = 2.39564994e-20
    Average vibrational energy      = 3.651554447e-21
    Average electronic energy       = 0
    Total energy                    = 27.64276151

Stage 1.0  ExecutionTime = 170.95 s  ClockTime = 206 s  Iteration 1340 (0.15 s)

Time = 0.00054

    Collision global reduction skipped (rank 0 local diagnostics)
    Collisions                      = 805
    Collision candidates           = 1443
    Collision acceptance rate      = 0.5578655579


Phase C auto DLB triggered (threshold) at step 1350: sar=0 loadImbalance=1.71037491 threshold=1.5 particleMaxMin=1
Phase C ParMETIS weights: particles=6059422 activeCells=104151 maxCellParticles=166
Phase C ParMETIS: alpha=1 ncon=1 ubvec=[1.05] moveRatio=0.9550545128 (moveT=54.58769572s, collT=2.5689325s)
Phase C ParMETIS: AdaptiveRepart (104151 cells, 1 constraints, ubvec=1.05)
Replicated mesh: rank 0 owns 2593 / 104151 cells
Local mesh: 2593 owned + 137 halo = 2730 / 104151 cells
Phase C ParMETIS AdaptiveRepart: 74478 / 104151 cells changed (0.7150963505)
Phase C auto DLB complete: rebalance #27

    Number of DSMC particles        = 6059422
    Number of stuck particles       = 0
    Number of free particles        = 6059422
    Average linear kinetic energy   = 4.288911526e-19
    Average rotational energy       = 2.402147199e-20
    Average vibrational energy      = 3.662153731e-21
    Average electronic energy       = 0
    Total energy                    = 27.66579256

Stage 1.0  ExecutionTime = 172.41 s  ClockTime = 207 s  Iteration 1350 (0.24 s)

Time = 0.000544

    Collision global reduction skipped (rank 0 local diagnostics)
    Collisions                      = 812
    Collision candidates           = 1468
    Collision acceptance rate      = 0.553133515

    Number of DSMC particles        = 6081729
    Number of stuck particles       = 0
    Number of free particles        = 6081729
    Average linear kinetic energy   = 4.275973353e-19
    Average rotational energy       = 2.415196676e-20
    Average vibrational energy      = 3.682310145e-21
    Average electronic energy       = 0
    Total energy                    = 27.69811644

Stage 1.0  ExecutionTime = 173.72 s  ClockTime = 209 s  Iteration 1360 (0.15 s)

Time = 0.000548

    Collision global reduction skipped (rank 0 local diagnostics)
    Collisions                      = 791
    Collision candidates           = 1497
    Collision acceptance rate      = 0.5283901136

    Number of DSMC particles        = 6103448
    Number of stuck particles       = 0
    Number of free particles        = 6103448
    Average linear kinetic energy   = 4.263929979e-19
    Average rotational energy       = 2.419789853e-20
    Average vibrational energy      = 3.692207693e-21
    Average electronic energy       = 0
    Total energy                    = 27.72693304

Stage 1.0  ExecutionTime = 175.05 s  ClockTime = 210 s  Iteration 1370 (0.14 s)

Time = 0.000552

    Collision global reduction skipped (rank 0 local diagnostics)
    Collisions                      = 783
    Collision candidates           = 1520
    Collision acceptance rate      = 0.5151315789

    Number of DSMC particles        = 6124748
    Number of stuck particles       = 0
    Number of free particles        = 6124748
    Average linear kinetic energy   = 4.252608531e-19
    Average rotational energy       = 2.432836013e-20
    Average vibrational energy      = 3.711375974e-21
    Average electronic energy       = 0
    Total energy                    = 27.76351877

Stage 1.0  ExecutionTime = 176.38 s  ClockTime = 211 s  Iteration 1380 (0.14 s)

Time = 0.000556

    Collision global reduction skipped (rank 0 local diagnostics)
    Collisions                      = 763
    Collision candidates           = 1567
    Collision acceptance rate      = 0.4869176771

    Number of DSMC particles        = 6145741
    Number of stuck particles       = 0
    Number of free particles        = 6145741
    Average linear kinetic energy   = 4.242277351e-19
    Average rotational energy       = 2.443656282e-20
    Average vibrational energy      = 3.731456044e-21
    Average electronic energy       = 0
    Total energy                    = 27.80307133

Stage 1.0  ExecutionTime = 177.72 s  ClockTime = 213 s  Iteration 1390 (0.14 s)

Time = 0.00056

    Collision global reduction skipped (rank 0 local diagnostics)
    Collisions                      = 838
    Collision candidates           = 1652
    Collision acceptance rate      = 0.5072639225


Phase C auto DLB triggered (threshold) at step 1400: sar=0 loadImbalance=1.846560625 threshold=1.5 particleMaxMin=1
Phase C ParMETIS weights: particles=6166415 activeCells=104151 maxCellParticles=184
Phase C ParMETIS: alpha=1 ncon=1 ubvec=[1.05] moveRatio=0.9550376811 (moveT=57.73491812s, collT=2.718108249s)
Phase C ParMETIS: AdaptiveRepart (104151 cells, 1 constraints, ubvec=1.05)
Replicated mesh: rank 0 owns 2593 / 104151 cells
Local mesh: 2593 owned + 137 halo = 2730 / 104151 cells
Phase C ParMETIS AdaptiveRepart: 5806 / 104151 cells changed (0.0557459842)
Phase C auto DLB complete: rebalance #28

    Number of DSMC particles        = 6166415
    Number of stuck particles       = 0
    Number of free particles        = 6166415
    Average linear kinetic energy   = 4.233463493e-19
    Average rotational energy       = 2.449160409e-20
    Average vibrational energy      = 3.746038795e-21
    Average electronic energy       = 0
    Total energy                    = 27.84654303

Stage 1.0  ExecutionTime = 179.12 s  ClockTime = 214 s  Iteration 1400 (0.2 s)

Time = 0.000564

    Collision global reduction skipped (rank 0 local diagnostics)
    Collisions                      = 815
    Collision candidates           = 1658
    Collision acceptance rate      = 0.4915560917

    Number of DSMC particles        = 6186644
    Number of stuck particles       = 0
    Number of free particles        = 6186644
    Average linear kinetic energy   = 4.223196881e-19
    Average rotational energy       = 2.455052292e-20
    Average vibrational energy      = 3.758226329e-21
    Average electronic energy       = 0
    Total energy                    = 27.87877718

Stage 1.0  ExecutionTime = 180.46 s  ClockTime = 215 s  Iteration 1410 (0.15 s)

Time = 0.000568

    Collision global reduction skipped (rank 0 local diagnostics)
    Collisions                      = 849
    Collision candidates           = 1664
    Collision acceptance rate      = 0.5102163462

    Number of DSMC particles        = 6206393
    Number of stuck particles       = 0
    Number of free particles        = 6206393
    Average linear kinetic energy   = 4.211635107e-19
    Average rotational energy       = 2.459621246e-20
    Average vibrational energy      = 3.76660743e-21
    Average electronic energy       = 0
    Total energy                    = 27.89937072

Stage 1.0  ExecutionTime = 181.82 s  ClockTime = 217 s  Iteration 1420 (0.14 s)

Time = 0.000572

    Collision global reduction skipped (rank 0 local diagnostics)
    Collisions                      = 850
    Collision candidates           = 1758
    Collision acceptance rate      = 0.4835039818

    Number of DSMC particles        = 6225747
    Number of stuck particles       = 0
    Number of free particles        = 6225747
    Average linear kinetic energy   = 4.199818931e-19
    Average rotational energy       = 2.467359763e-20
    Average vibrational energy      = 3.78513028e-21
    Average electronic energy       = 0
    Total energy                    = 27.91877851

Stage 1.0  ExecutionTime = 183.19 s  ClockTime = 218 s  Iteration 1430 (0.15 s)

Time = 0.000576

    Collision global reduction skipped (rank 0 local diagnostics)
    Collisions                      = 846
    Collision candidates           = 1743
    Collision acceptance rate      = 0.4853700516

    Number of DSMC particles        = 6245081
    Number of stuck particles       = 0
    Number of free particles        = 6245081
    Average linear kinetic energy   = 4.189587618e-19
    Average rotational energy       = 2.473749025e-20
    Average vibrational energy      = 3.798807799e-21
    Average electronic energy       = 0
    Total energy                    = 27.94642896

Stage 1.0  ExecutionTime = 184.57 s  ClockTime = 219 s  Iteration 1440 (0.14 s)

Time = 0.00058

    Collision global reduction skipped (rank 0 local diagnostics)
    Collisions                      = 909
    Collision candidates           = 1768
    Collision acceptance rate      = 0.5141402715


Phase C auto DLB triggered (threshold) at step 1450: sar=0 loadImbalance=1.715461942 threshold=1.5 particleMaxMin=1
Phase C ParMETIS weights: particles=6263939 activeCells=104151 maxCellParticles=192
Phase C ParMETIS: alpha=1 ncon=1 ubvec=[1.05] moveRatio=0.9547600418 (moveT=60.98320288s, collT=2.88960307s)
Phase C ParMETIS: AdaptiveRepart (104151 cells, 1 constraints, ubvec=1.05)
Replicated mesh: rank 0 owns 2645 / 104151 cells
Local mesh: 2645 owned + 144 halo = 2789 / 104151 cells
Phase C ParMETIS AdaptiveRepart: 60137 / 104151 cells changed (0.5774020413)
Phase C auto DLB complete: rebalance #29

    Number of DSMC particles        = 6263939
    Number of stuck particles       = 0
    Number of free particles        = 6263939
    Average linear kinetic energy   = 4.178072811e-19
    Average rotational energy       = 2.479655744e-20
    Average vibrational energy      = 3.806461058e-21
    Average electronic energy       = 0
    Total energy                    = 27.96286886

Stage 1.0  ExecutionTime = 186.09 s  ClockTime = 221 s  Iteration 1450 (0.26 s)

Time = 0.000584

    Collision global reduction skipped (rank 0 local diagnostics)
    Collisions                      = 909
    Collision candidates           = 1871
    Collision acceptance rate      = 0.4858364511

    Number of DSMC particles        = 6282453
    Number of stuck particles       = 0
    Number of free particles        = 6282453
    Average linear kinetic energy   = 4.166825994e-19
    Average rotational energy       = 2.479718811e-20
    Average vibrational energy      = 3.806882585e-21
    Average electronic energy       = 0
    Total energy                    = 27.97492576

Stage 1.0  ExecutionTime = 187.48 s  ClockTime = 222 s  Iteration 1460 (0.15 s)

Time = 0.000588

    Collision global reduction skipped (rank 0 local diagnostics)
    Collisions                      = 927
    Collision candidates           = 1895
    Collision acceptance rate      = 0.489182058

    Number of DSMC particles        = 6301149
    Number of stuck particles       = 0
    Number of free particles        = 6301149
    Average linear kinetic energy   = 4.156277149e-19
    Average rotational energy       = 2.486526145e-20
    Average vibrational energy      = 3.819172807e-21
    Average electronic energy       = 0
    Total energy                    = 27.99677054

Stage 1.0  ExecutionTime = 188.88 s  ClockTime = 224 s  Iteration 1470 (0.15 s)

Time = 0.000592

    Collision global reduction skipped (rank 0 local diagnostics)
    Collisions                      = 937
    Collision candidates           = 1909
    Collision acceptance rate      = 0.4908328968

    Number of DSMC particles        = 6320349
    Number of stuck particles       = 0
    Number of free particles        = 6320349
    Average linear kinetic energy   = 4.147452368e-19
    Average rotational energy       = 2.486473341e-20
    Average vibrational energy      = 3.82276757e-21
    Average electronic energy       = 0
    Total energy                    = 28.02649661

Stage 1.0  ExecutionTime = 190.28 s  ClockTime = 225 s  Iteration 1480 (0.15 s)

Time = 0.000596

    Collision global reduction skipped (rank 0 local diagnostics)
    Collisions                      = 966
    Collision candidates           = 1978
    Collision acceptance rate      = 0.488372093

    Number of DSMC particles        = 6339237
    Number of stuck particles       = 0
    Number of free particles        = 6339237
    Average linear kinetic energy   = 4.13552275e-19
    Average rotational energy       = 2.492358022e-20
    Average vibrational energy      = 3.835842106e-21
    Average electronic energy       = 0
    Total energy                    = 28.03918677

Stage 1.0  ExecutionTime = 191.69 s  ClockTime = 227 s  Iteration 1490 (0.16 s)

Time = 0.0006

    Collision global reduction skipped (rank 0 local diagnostics)
    Collisions                      = 956
    Collision candidates           = 1977
    Collision acceptance rate      = 0.4835609509


Phase C auto DLB triggered (threshold) at step 1500: sar=0 loadImbalance=1.950188932 threshold=1.5 particleMaxMin=1
Phase C ParMETIS weights: particles=6358015 activeCells=104150 maxCellParticles=178
Phase C ParMETIS: alpha=1 ncon=1 ubvec=[1.05] moveRatio=0.9545485562 (moveT=64.38493042s, collT=3.065729896s)
Phase C ParMETIS: AdaptiveRepart (104151 cells, 1 constraints, ubvec=1.05)
Replicated mesh: rank 0 owns 2645 / 104151 cells
Local mesh: 2645 owned + 144 halo = 2789 / 104151 cells
Phase C ParMETIS AdaptiveRepart: 5262 / 104151 cells changed (0.05052279863)
Phase C auto DLB complete: rebalance #30

    Number of DSMC particles        = 6358015
    Number of stuck particles       = 0
    Number of free particles        = 6358015
    Average linear kinetic energy   = 4.125755502e-19
    Average rotational energy       = 2.494011379e-20
    Average vibrational energy      = 3.84376882e-21
    Average electronic energy       = 0
    Total energy                    = 28.06169894

Stage 1.0  ExecutionTime = 193.18 s  ClockTime = 228 s  Iteration 1500 (0.22 s)

Time = 0.000604

    Collision global reduction skipped (rank 0 local diagnostics)
    Collisions                      = 982
    Collision candidates           = 2023
    Collision acceptance rate      = 0.4854176965

    Number of DSMC particles        = 6376937
    Number of stuck particles       = 0
    Number of free particles        = 6376937
    Average linear kinetic energy   = 4.11555987e-19
    Average rotational energy       = 2.4964735e-20
    Average vibrational energy      = 3.849273397e-21
    Average electronic energy       = 0
    Total energy                    = 28.08211717

Stage 1.0  ExecutionTime = 194.6 s  ClockTime = 230 s  Iteration 1510 (0.16 s)

Time = 0.000608

    Collision global reduction skipped (rank 0 local diagnostics)
    Collisions                      = 1016
    Collision candidates           = 2034
    Collision acceptance rate      = 0.4995083579

    Number of DSMC particles        = 6395750
    Number of stuck particles       = 0
    Number of free particles        = 6395750
    Average linear kinetic energy   = 4.10353485e-19
    Average rotational energy       = 2.499598945e-20
    Average vibrational energy      = 3.851831677e-21
    Average electronic energy       = 0
    Total energy                    = 28.09021753

Stage 1.0  ExecutionTime = 196.04 s  ClockTime = 231 s  Iteration 1520 (0.16 s)

Time = 0.000612

    Collision global reduction skipped (rank 0 local diagnostics)
    Collisions                      = 1012
    Collision candidates           = 2025
    Collision acceptance rate      = 0.4997530864

    Number of DSMC particles        = 6414915
    Number of stuck particles       = 0
    Number of free particles        = 6414915
    Average linear kinetic energy   = 4.092959864e-19
    Average rotational energy       = 2.501950913e-20
    Average vibrational energy      = 3.855192225e-21
    Average electronic energy       = 0
    Total energy                    = 28.10827717

Stage 1.0  ExecutionTime = 197.5 s  ClockTime = 233 s  Iteration 1530 (0.16 s)

Time = 0.000616

    Collision global reduction skipped (rank 0 local diagnostics)
    Collisions                      = 983
    Collision candidates           = 2080
    Collision acceptance rate      = 0.4725961538

    Number of DSMC particles        = 6433994
    Number of stuck particles       = 0
    Number of free particles        = 6433994
    Average linear kinetic energy   = 4.081189925e-19
    Average rotational energy       = 2.503585172e-20
    Average vibrational energy      = 3.858812959e-21
    Average electronic energy       = 0
    Total energy                    = 28.11743248

Stage 1.0  ExecutionTime = 198.96 s  ClockTime = 234 s  Iteration 1540 (0.16 s)

Time = 0.00062

    Collision global reduction skipped (rank 0 local diagnostics)
    Collisions                      = 1021
    Collision candidates           = 2095
    Collision acceptance rate      = 0.4873508353


Phase C auto DLB triggered (threshold) at step 1550: sar=0 loadImbalance=1.647305809 threshold=1.5 particleMaxMin=1
Phase C ParMETIS weights: particles=6453153 activeCells=104150 maxCellParticles=172
Phase C ParMETIS: alpha=1 ncon=1 ubvec=[1.05] moveRatio=0.9541976617 (moveT=67.89855217s, collT=3.259191023s)
Phase C ParMETIS: AdaptiveRepart (104151 cells, 1 constraints, ubvec=1.05)
Replicated mesh: rank 0 owns 2648 / 104151 cells
Local mesh: 2648 owned + 145 halo = 2793 / 104151 cells
Phase C ParMETIS AdaptiveRepart: 74 / 104151 cells changed (0.0007105068602)
Phase C auto DLB complete: rebalance #31

    Number of DSMC particles        = 6453153
    Number of stuck particles       = 0
    Number of free particles        = 6453153
    Average linear kinetic energy   = 4.068799529e-19
    Average rotational energy       = 2.509663149e-20
    Average vibrational energy      = 3.87019157e-21
    Average electronic energy       = 0
    Total energy                    = 28.1258593

Stage 1.0  ExecutionTime = 200.47 s  ClockTime = 236 s  Iteration 1550 (0.2 s)

Time = 0.000624

    Collision global reduction skipped (rank 0 local diagnostics)
    Collisions                      = 1005
    Collision candidates           = 2105
    Collision acceptance rate      = 0.4774346793

    Number of DSMC particles        = 6472235
    Number of stuck particles       = 0
    Number of free particles        = 6472235
    Average linear kinetic energy   = 4.058149114e-19
    Average rotational energy       = 2.512810226e-20
    Average vibrational energy      = 3.880063059e-21
    Average electronic energy       = 0
    Total energy                    = 28.14277136

Stage 1.0  ExecutionTime = 201.93 s  ClockTime = 237 s  Iteration 1560 (0.16 s)

Time = 0.000628

    Collision global reduction skipped (rank 0 local diagnostics)
    Collisions                      = 1007
    Collision candidates           = 2094
    Collision acceptance rate      = 0.4808978032

    Number of DSMC particles        = 6490788
    Number of stuck particles       = 0
    Number of free particles        = 6490788
    Average linear kinetic energy   = 4.045808479e-19
    Average rotational energy       = 2.520557146e-20
    Average vibrational energy      = 3.890546067e-21
    Average electronic energy       = 0
    Total energy                    = 28.14905243

Stage 1.0  ExecutionTime = 203.42 s  ClockTime = 238 s  Iteration 1570 (0.16 s)

Time = 0.000632

    Collision global reduction skipped (rank 0 local diagnostics)
    Collisions                      = 1024
    Collision candidates           = 2159
    Collision acceptance rate      = 0.4742936545

    Number of DSMC particles        = 6509114
    Number of stuck particles       = 0
    Number of free particles        = 6509114
    Average linear kinetic energy   = 4.035165914e-19
    Average rotational energy       = 2.52574416e-20
    Average vibrational energy      = 3.899952108e-21
    Average electronic energy       = 0
    Total energy                    = 28.16324294

Stage 1.0  ExecutionTime = 204.92 s  ClockTime = 240 s  Iteration 1580 (0.16 s)

Time = 0.000636

    Collision global reduction skipped (rank 0 local diagnostics)
    Collisions                      = 1094
    Collision candidates           = 2194
    Collision acceptance rate      = 0.4986326345

    Number of DSMC particles        = 6527399
    Number of stuck particles       = 0
    Number of free particles        = 6527399
    Average linear kinetic energy   = 4.025626138e-19
    Average rotational energy       = 2.528034634e-20
    Average vibrational energy      = 3.903379881e-21
    Average electronic energy       = 0
    Total energy                    = 28.18180628

Stage 1.0  ExecutionTime = 206.42 s  ClockTime = 241 s  Iteration 1590 (0.17 s)

Time = 0.00064

    Collision global reduction skipped (rank 0 local diagnostics)
    Collisions                      = 1074
    Collision candidates           = 2225
    Collision acceptance rate      = 0.4826966292


Phase C auto DLB triggered (threshold) at step 1600: sar=0 loadImbalance=1.509116861 threshold=1.5 particleMaxMin=1
Phase C ParMETIS weights: particles=6546097 activeCells=104151 maxCellParticles=188
Phase C ParMETIS: alpha=1 ncon=1 ubvec=[1.05] moveRatio=0.9537693761 (moveT=71.50496131s, collT=3.465952105s)
Phase C ParMETIS: AdaptiveRepart (104151 cells, 1 constraints, ubvec=1.05)
Replicated mesh: rank 0 owns 2648 / 104151 cells
Local mesh: 2648 owned + 145 halo = 2793 / 104151 cells
Phase C ParMETIS AdaptiveRepart: 0 / 104151 cells changed (0)
Phase C auto DLB complete: rebalance #32

    Number of DSMC particles        = 6546097
    Number of stuck particles       = 0
    Number of free particles        = 6546097
    Average linear kinetic energy   = 4.015347584e-19
    Average rotational energy       = 2.530654942e-20
    Average vibrational energy      = 3.904140004e-21
    Average electronic energy       = 0
    Total energy                    = 28.19701484

Stage 1.0  ExecutionTime = 207.94 s  ClockTime = 243 s  Iteration 1600 (0.19 s)

Time = 0.000644

    Collision global reduction skipped (rank 0 local diagnostics)
    Collisions                      = 1057
    Collision candidates           = 2279
    Collision acceptance rate      = 0.4637999122

    Number of DSMC particles        = 6564945
    Number of stuck particles       = 0
    Number of free particles        = 6564945
    Average linear kinetic energy   = 4.006105527e-19
    Average rotational energy       = 2.539559826e-20
    Average vibrational energy      = 3.918473786e-21
    Average electronic energy       = 0
    Total energy                    = 28.22431516

Stage 1.0  ExecutionTime = 209.45 s  ClockTime = 245 s  Iteration 1610 (0.17 s)

Time = 0.000648

    Collision global reduction skipped (rank 0 local diagnostics)
    Collisions                      = 1124
    Collision candidates           = 2274
    Collision acceptance rate      = 0.4942832014

    Number of DSMC particles        = 6584013
    Number of stuck particles       = 0
    Number of free particles        = 6584013
    Average linear kinetic energy   = 3.998459608e-19
    Average rotational energy       = 2.54302801e-20
    Average vibrational energy      = 3.926171458e-21
    Average electronic energy       = 0
    Total energy                    = 28.25874263

Stage 1.0  ExecutionTime = 210.94 s  ClockTime = 246 s  Iteration 1620 (0.16 s)

Time = 0.000652

    Collision global reduction skipped (rank 0 local diagnostics)
    Collisions                      = 1105
    Collision candidates           = 2261
    Collision acceptance rate      = 0.4887218045

    Number of DSMC particles        = 6602818
    Number of stuck particles       = 0
    Number of free particles        = 6602818
    Average linear kinetic energy   = 3.990075455e-19
    Average rotational energy       = 2.548890015e-20
    Average vibrational energy      = 3.935677103e-21
    Average electronic energy       = 0
    Total energy                    = 28.28859332

Stage 1.0  ExecutionTime = 212.45 s  ClockTime = 248 s  Iteration 1630 (0.16 s)

Time = 0.000656

    Collision global reduction skipped (rank 0 local diagnostics)
    Collisions                      = 1102
    Collision candidates           = 2310
    Collision acceptance rate      = 0.4770562771

    Number of DSMC particles        = 6621451
    Number of stuck particles       = 0
    Number of free particles        = 6621451
    Average linear kinetic energy   = 3.981922794e-19
    Average rotational energy       = 2.558222814e-20
    Average vibrational energy      = 3.948449068e-21
    Average electronic energy       = 0
    Total energy                    = 28.32146599

Stage 1.0  ExecutionTime = 213.98 s  ClockTime = 249 s  Iteration 1640 (0.17 s)

Time = 0.00066

    Collision global reduction skipped (rank 0 local diagnostics)
    Collisions                      = 1171
    Collision candidates           = 2364
    Collision acceptance rate      = 0.4953468697

    Number of DSMC particles        = 6640329
    Number of stuck particles       = 0
    Number of free particles        = 6640329
    Average linear kinetic energy   = 3.97487686e-19
    Average rotational energy       = 2.560718467e-20
    Average vibrational energy      = 3.951767473e-21
    Average electronic energy       = 0
    Total energy                    = 28.35730175

Stage 1.0  ExecutionTime = 215.5 s  ClockTime = 251 s  Iteration 1650 (0.16 s)

Time = 0.000664

    Collision global reduction skipped (rank 0 local diagnostics)
    Collisions                      = 1106
    Collision candidates           = 2308
    Collision acceptance rate      = 0.479202773

    Number of DSMC particles        = 6659308
    Number of stuck particles       = 0
    Number of free particles        = 6659308
    Average linear kinetic energy   = 3.967196685e-19
    Average rotational energy       = 2.561499049e-20
    Average vibrational energy      = 3.953904636e-21
    Average electronic energy       = 0
    Total energy                    = 28.38786842

Stage 1.0  ExecutionTime = 217.02 s  ClockTime = 252 s  Iteration 1660 (0.16 s)

Time = 0.000668

    Collision global reduction skipped (rank 0 local diagnostics)
    Collisions                      = 1152
    Collision candidates           = 2318
    Collision acceptance rate      = 0.4969801553

    Number of DSMC particles        = 6677336
    Number of stuck particles       = 0
    Number of free particles        = 6677336
    Average linear kinetic energy   = 3.958278657e-19
    Average rotational energy       = 2.566350194e-20
    Average vibrational energy      = 3.963357413e-21
    Average electronic energy       = 0
    Total energy                    = 28.40904152

Stage 1.0  ExecutionTime = 218.55 s  ClockTime = 254 s  Iteration 1670 (0.16 s)

Time = 0.000672

    Collision global reduction skipped (rank 0 local diagnostics)
    Collisions                      = 1164
    Collision candidates           = 2442
    Collision acceptance rate      = 0.4766584767

    Number of DSMC particles        = 6695328
    Number of stuck particles       = 0
    Number of free particles        = 6695328
    Average linear kinetic energy   = 3.947828309e-19
    Average rotational energy       = 2.579968317e-20
    Average vibrational energy      = 3.984658412e-21
    Average electronic energy       = 0
    Total energy                    = 28.42616478

Stage 1.0  ExecutionTime = 220.09 s  ClockTime = 255 s  Iteration 1680 (0.17 s)

Time = 0.000676

    Collision global reduction skipped (rank 0 local diagnostics)
    Collisions                      = 1265
    Collision candidates           = 2519
    Collision acceptance rate      = 0.5021834061

    Number of DSMC particles        = 6712774
    Number of stuck particles       = 0
    Number of free particles        = 6712774
    Average linear kinetic energy   = 3.938277001e-19
    Average rotational energy       = 2.588694945e-20
    Average vibrational energy      = 3.99694238e-21
    Average electronic energy       = 0
    Total energy                    = 28.44280158

Stage 1.0  ExecutionTime = 221.63 s  ClockTime = 257 s  Iteration 1690 (0.17 s)

Time = 0.00068

    Collision global reduction skipped (rank 0 local diagnostics)
    Collisions                      = 1273
    Collision candidates           = 2523
    Collision acceptance rate      = 0.5045580658

    Number of DSMC particles        = 6729775
    Number of stuck particles       = 0
    Number of free particles        = 6729775
    Average linear kinetic energy   = 3.930708871e-19
    Average rotational energy       = 2.589728482e-20
    Average vibrational energy      = 4.000726983e-21
    Average electronic energy       = 0
    Total energy                    = 28.46485522

Stage 1.0  ExecutionTime = 223.17 s  ClockTime = 258 s  Iteration 1700 (0.17 s)

Time = 0.000684

    Collision global reduction skipped (rank 0 local diagnostics)
    Collisions                      = 1256
    Collision candidates           = 2603
    Collision acceptance rate      = 0.482520169

    Number of DSMC particles        = 6747438
    Number of stuck particles       = 0
    Number of free particles        = 6747438
    Average linear kinetic energy   = 3.921073242e-19
    Average rotational energy       = 2.595692886e-20
    Average vibrational energy      = 4.007708373e-21
    Average electronic energy       = 0
    Total energy                    = 28.47904391

Stage 1.0  ExecutionTime = 224.71 s  ClockTime = 260 s  Iteration 1710 (0.17 s)

Time = 0.000688

    Collision global reduction skipped (rank 0 local diagnostics)
    Collisions                      = 1300
    Collision candidates           = 2643
    Collision acceptance rate      = 0.4918653046

    Number of DSMC particles        = 6764687
    Number of stuck particles       = 0
    Number of free particles        = 6764687
    Average linear kinetic energy   = 3.912909854e-19
    Average rotational energy       = 2.598383835e-20
    Average vibrational energy      = 4.016613645e-21
    Average electronic energy       = 0
    Total energy                    = 28.49904709

Stage 1.0  ExecutionTime = 226.26 s  ClockTime = 261 s  Iteration 1720 (0.17 s)

Time = 0.000692

    Collision global reduction skipped (rank 0 local diagnostics)
    Collisions                      = 1308
    Collision candidates           = 2623
    Collision acceptance rate      = 0.49866565

    Number of DSMC particles        = 6782440
    Number of stuck particles       = 0
    Number of free particles        = 6782440
    Average linear kinetic energy   = 3.904995904e-19
    Average rotational energy       = 2.602594691e-20
    Average vibrational energy      = 4.026657839e-21
    Average electronic energy       = 0
    Total energy                    = 28.5237003

Stage 1.0  ExecutionTime = 227.8 s  ClockTime = 263 s  Iteration 1730 (0.17 s)

Time = 0.000696

    Collision global reduction skipped (rank 0 local diagnostics)
    Collisions                      = 1324
    Collision candidates           = 2731
    Collision acceptance rate      = 0.4848041011

    Number of DSMC particles        = 6799693
    Number of stuck particles       = 0
    Number of free particles        = 6799693
    Average linear kinetic energy   = 3.898164969e-19
    Average rotational energy       = 2.605423649e-20
    Average vibrational energy      = 4.032666732e-21
    Average electronic energy       = 0
    Total energy                    = 28.5521421

Stage 1.0  ExecutionTime = 229.36 s  ClockTime = 265 s  Iteration 1740 (0.18 s)

Time = 0.0007

    Collision global reduction skipped (rank 0 local diagnostics)
    Collisions                      = 1349
    Collision candidates           = 2723
    Collision acceptance rate      = 0.4954094748

    Number of DSMC particles        = 6816848
    Number of stuck particles       = 0
    Number of free particles        = 6816848
    Average linear kinetic energy   = 3.890008995e-19
    Average rotational energy       = 2.612961204e-20
    Average vibrational energy      = 4.043384708e-21
    Average electronic energy       = 0
    Total energy                    = 28.57444737

Stage 1.0  ExecutionTime = 230.92 s  ClockTime = 266 s  Iteration 1750 (0.18 s)

Time = 0.000704

    Collision global reduction skipped (rank 0 local diagnostics)
    Collisions                      = 1383
    Collision candidates           = 2773
    Collision acceptance rate      = 0.4987378291

    Number of DSMC particles        = 6834017
    Number of stuck particles       = 0
    Number of free particles        = 6834017
    Average linear kinetic energy   = 3.881995986e-19
    Average rotational energy       = 2.620327184e-20
    Average vibrational energy      = 4.051163361e-21
    Average electronic energy       = 0
    Total energy                    = 28.59721981

Stage 1.0  ExecutionTime = 232.5 s  ClockTime = 268 s  Iteration 1760 (0.18 s)

Time = 0.000708

    Collision global reduction skipped (rank 0 local diagnostics)
    Collisions                      = 1417
    Collision candidates           = 2815
    Collision acceptance rate      = 0.503374778

    Number of DSMC particles        = 6851559
    Number of stuck particles       = 0
    Number of free particles        = 6851559
    Average linear kinetic energy   = 3.876086398e-19
    Average rotational energy       = 2.623133147e-20
    Average vibrational energy      = 4.055078771e-21
    Average electronic energy       = 0
    Total energy                    = 28.63232591

Stage 1.0  ExecutionTime = 234.06 s  ClockTime = 269 s  Iteration 1770 (0.18 s)

Time = 0.000712

    Collision global reduction skipped (rank 0 local diagnostics)
    Collisions                      = 1370
    Collision candidates           = 2801
    Collision acceptance rate      = 0.4891110318

    Number of DSMC particles        = 6868822
    Number of stuck particles       = 0
    Number of free particles        = 6868822
    Average linear kinetic energy   = 3.868077229e-19
    Average rotational energy       = 2.630271482e-20
    Average vibrational energy      = 4.065040333e-21
    Average electronic energy       = 0
    Total energy                    = 28.65504101

Stage 1.0  ExecutionTime = 235.64 s  ClockTime = 271 s  Iteration 1780 (0.19 s)

Time = 0.000716

    Collision global reduction skipped (rank 0 local diagnostics)
    Collisions                      = 1389
    Collision candidates           = 2791
    Collision acceptance rate      = 0.4976710856

    Number of DSMC particles        = 6885807
    Number of stuck particles       = 0
    Number of free particles        = 6885807
    Average linear kinetic energy   = 3.862637027e-19
    Average rotational energy       = 2.633568262e-20
    Average vibrational energy      = 4.06801976e-21
    Average electronic energy       = 0
    Total energy                    = 28.69091334

Stage 1.0  ExecutionTime = 237.25 s  ClockTime = 273 s  Iteration 1790 (0.18 s)

Time = 0.00072

    Collision global reduction skipped (rank 0 local diagnostics)
    Collisions                      = 1336
    Collision candidates           = 2851
    Collision acceptance rate      = 0.4686075061

    Number of DSMC particles        = 6902826
    Number of stuck particles       = 0
    Number of free particles        = 6902826
    Average linear kinetic energy   = 3.854576528e-19
    Average rotational energy       = 2.637843416e-20
    Average vibrational energy      = 4.073818769e-21
    Average electronic energy       = 0
    Total energy                    = 28.70953711

Stage 1.0  ExecutionTime = 238.82 s  ClockTime = 274 s  Iteration 1800 (0.18 s)

Time = 0.000724

    Collision global reduction skipped (rank 0 local diagnostics)
    Collisions                      = 1438
    Collision candidates           = 2870
    Collision acceptance rate      = 0.5010452962

    Number of DSMC particles        = 6919261
    Number of stuck particles       = 0
    Number of free particles        = 6919261
    Average linear kinetic energy   = 3.845704002e-19
    Average rotational energy       = 2.641207505e-20
    Average vibrational energy      = 4.078301227e-21
    Average electronic energy       = 0
    Total energy                    = 28.71913843

Stage 1.0  ExecutionTime = 240.41 s  ClockTime = 276 s  Iteration 1810 (0.18 s)

Time = 0.000728

    Collision global reduction skipped (rank 0 local diagnostics)
    Collisions                      = 1465
    Collision candidates           = 2902
    Collision acceptance rate      = 0.5048242591

    Number of DSMC particles        = 6935824
    Number of stuck particles       = 0
    Number of free particles        = 6935824
    Average linear kinetic energy   = 3.838482864e-19
    Average rotational energy       = 2.647591239e-20
    Average vibrational energy      = 4.089331691e-21
    Average electronic energy       = 0
    Total energy                    = 28.74299311

Stage 1.0  ExecutionTime = 241.99 s  ClockTime = 277 s  Iteration 1820 (0.18 s)

Time = 0.000732

    Collision global reduction skipped (rank 0 local diagnostics)
    Collisions                      = 1473
    Collision candidates           = 2951
    Collision acceptance rate      = 0.4991528295

    Number of DSMC particles        = 6952595
    Number of stuck particles       = 0
    Number of free particles        = 6952595
    Average linear kinetic energy   = 3.833543951e-19
    Average rotational energy       = 2.650713323e-20
    Average vibrational energy      = 4.091399789e-21
    Average electronic energy       = 0
    Total energy                    = 28.78047058

Stage 1.0  ExecutionTime = 243.59 s  ClockTime = 279 s  Iteration 1830 (0.19 s)

Time = 0.000736

    Collision global reduction skipped (rank 0 local diagnostics)
    Collisions                      = 1444
    Collision candidates           = 2915
    Collision acceptance rate      = 0.4953687822

    Number of DSMC particles        = 6969362
    Number of stuck particles       = 0
    Number of free particles        = 6969362
    Average linear kinetic energy   = 3.826603744e-19
    Average rotational energy       = 2.650637391e-20
    Average vibrational energy      = 4.091520635e-21
    Average electronic energy       = 0
    Total energy                    = 28.80146476

Stage 1.0  ExecutionTime = 245.19 s  ClockTime = 281 s  Iteration 1840 (0.18 s)

Time = 0.00074

    Collision global reduction skipped (rank 0 local diagnostics)
    Collisions                      = 1422
    Collision candidates           = 2940
    Collision acceptance rate      = 0.4836734694

    Number of DSMC particles        = 6985869
    Number of stuck particles       = 0
    Number of free particles        = 6985869
    Average linear kinetic energy   = 3.818917546e-19
    Average rotational energy       = 2.652632844e-20
    Average vibrational energy      = 4.098174493e-21
    Average electronic energy       = 0
    Total energy                    = 28.81784536

Stage 1.0  ExecutionTime = 246.8 s  ClockTime = 282 s  Iteration 1850 (0.19 s)

Time = 0.000744

    Collision global reduction skipped (rank 0 local diagnostics)
    Collisions                      = 1491
    Collision candidates           = 2980
    Collision acceptance rate      = 0.5003355705

    Number of DSMC particles        = 7002260
    Number of stuck particles       = 0
    Number of free particles        = 7002260
    Average linear kinetic energy   = 3.812111508e-19
    Average rotational energy       = 2.656741116e-20
    Average vibrational energy      = 4.103514989e-21
    Average electronic energy       = 0
    Total energy                    = 28.84105392

Stage 1.0  ExecutionTime = 248.4 s  ClockTime = 284 s  Iteration 1860 (0.18 s)

Time = 0.000748

    Collision global reduction skipped (rank 0 local diagnostics)
    Collisions                      = 801
    Collision candidates           = 1639
    Collision acceptance rate      = 0.4887126297

    Number of DSMC particles        = 7018568
    Number of stuck particles       = 0
    Number of free particles        = 7018568
    Average linear kinetic energy   = 3.805842286e-19
    Average rotational energy       = 2.657720729e-20
    Average vibrational energy      = 4.108492189e-21
    Average electronic energy       = 0
    Total energy                    = 28.86525957

Stage 1.0  ExecutionTime = 250.01 s  ClockTime = 285 s  Iteration 1870 (0.18 s)

Time = 0.000752

    Collision global reduction skipped (rank 0 local diagnostics)
    Collisions                      = 1522
    Collision candidates           = 3016
    Collision acceptance rate      = 0.5046419098

    Number of DSMC particles        = 7034609
    Number of stuck particles       = 0
    Number of free particles        = 7034609
    Average linear kinetic energy   = 3.799925635e-19
    Average rotational energy       = 2.658526054e-20
    Average vibrational energy      = 4.113559389e-21
    Average electronic energy       = 0
    Total energy                    = 28.89053302

Stage 1.0  ExecutionTime = 251.64 s  ClockTime = 287 s  Iteration 1880 (0.19 s)

Time = 0.000756

    Collision global reduction skipped (rank 0 local diagnostics)
    Collisions                      = 1551
    Collision candidates           = 3055
    Collision acceptance rate      = 0.5076923077

    Number of DSMC particles        = 7050242
    Number of stuck particles       = 0
    Number of free particles        = 7050242
    Average linear kinetic energy   = 3.792741701e-19
    Average rotational energy       = 2.656176431e-20
    Average vibrational energy      = 4.110183858e-21
    Average electronic energy       = 0
    Total energy                    = 28.90219341

Stage 1.0  ExecutionTime = 253.27 s  ClockTime = 289 s  Iteration 1890 (0.19 s)

Time = 0.00076

    Collision global reduction skipped (rank 0 local diagnostics)
    Collisions                      = 1550
    Collision candidates           = 3061
    Collision acceptance rate      = 0.5063704672

    Number of DSMC particles        = 7065842
    Number of stuck particles       = 0
    Number of free particles        = 7065842
    Average linear kinetic energy   = 3.784998267e-19
    Average rotational energy       = 2.666923146e-20
    Average vibrational energy      = 4.124527074e-21
    Average electronic energy       = 0
    Total energy                    = 28.92003805

Stage 1.0  ExecutionTime = 254.92 s  ClockTime = 290 s  Iteration 1900 (0.19 s)

Time = 0.000764

    Collision global reduction skipped (rank 0 local diagnostics)
    Collisions                      = 1575
    Collision candidates           = 3149
    Collision acceptance rate      = 0.5001587806

    Number of DSMC particles        = 7081258
    Number of stuck particles       = 0
    Number of free particles        = 7081258
    Average linear kinetic energy   = 3.778972483e-19
    Average rotational energy       = 2.674987337e-20
    Average vibrational energy      = 4.136580155e-21
    Average electronic energy       = 0
    Total energy                    = 28.94702859

Stage 1.0  ExecutionTime = 256.54 s  ClockTime = 292 s  Iteration 1910 (0.19 s)

Time = 0.000768

    Collision global reduction skipped (rank 0 local diagnostics)
    Collisions                      = 1641
    Collision candidates           = 3191
    Collision acceptance rate      = 0.514258853

    Number of DSMC particles        = 7097271
    Number of stuck particles       = 0
    Number of free particles        = 7097271
    Average linear kinetic energy   = 3.773106154e-19
    Average rotational energy       = 2.681481341e-20
    Average vibrational energy      = 4.143878856e-21
    Average electronic energy       = 0
    Total energy                    = 28.97597917

Stage 1.0  ExecutionTime = 258.18 s  ClockTime = 294 s  Iteration 1920 (0.19 s)

Time = 0.000772

    Collision global reduction skipped (rank 0 local diagnostics)
    Collisions                      = 1520
    Collision candidates           = 3038
    Collision acceptance rate      = 0.5003291639

    Number of DSMC particles        = 7113189
    Number of stuck particles       = 0
    Number of free particles        = 7113189
    Average linear kinetic energy   = 3.766974022e-19
    Average rotational energy       = 2.683688931e-20
    Average vibrational energy      = 4.150148708e-21
    Average electronic energy       = 0
    Total energy                    = 28.99936476

Stage 1.0  ExecutionTime = 259.81 s  ClockTime = 295 s  Iteration 1930 (0.18 s)

Time = 0.000776

    Collision global reduction skipped (rank 0 local diagnostics)
    Collisions                      = 1688
    Collision candidates           = 3315
    Collision acceptance rate      = 0.5092006033

    Number of DSMC particles        = 7128794
    Number of stuck particles       = 0
    Number of free particles        = 7128794
    Average linear kinetic energy   = 3.761666659e-19
    Average rotational energy       = 2.683962937e-20
    Average vibrational energy      = 4.15216574e-21
    Average electronic energy       = 0
    Total energy                    = 29.02548794

Stage 1.0  ExecutionTime = 261.45 s  ClockTime = 297 s  Iteration 1940 (0.18 s)

Time = 0.00078

    Collision global reduction skipped (rank 0 local diagnostics)
    Collisions                      = 1709
    Collision candidates           = 3366
    Collision acceptance rate      = 0.5077243018

    Number of DSMC particles        = 7143990
    Number of stuck particles       = 0
    Number of free particles        = 7143990
    Average linear kinetic energy   = 3.755516101e-19
    Average rotational energy       = 2.685137079e-20
    Average vibrational energy      = 4.150159723e-21
    Average electronic energy       = 0
    Total energy                    = 29.04411571

Stage 1.0  ExecutionTime = 263.09 s  ClockTime = 299 s  Iteration 1950 (0.18 s)

Time = 0.000784

    Collision global reduction skipped (rank 0 local diagnostics)
    Collisions                      = 1274
    Collision candidates           = 2588
    Collision acceptance rate      = 0.4922720247

    Number of DSMC particles        = 7159434
    Number of stuck particles       = 0
    Number of free particles        = 7159434
    Average linear kinetic energy   = 3.748082724e-19
    Average rotational energy       = 2.692480496e-20
    Average vibrational energy      = 4.158337129e-21
    Average electronic energy       = 0
    Total energy                    = 29.05952793

Stage 1.0  ExecutionTime = 264.75 s  ClockTime = 300 s  Iteration 1960 (0.2 s)

Time = 0.000788

    Collision global reduction skipped (rank 0 local diagnostics)
    Collisions                      = 1742
    Collision candidates           = 3391
    Collision acceptance rate      = 0.5137127691

    Number of DSMC particles        = 7174291
    Number of stuck particles       = 0
    Number of free particles        = 7174291
    Average linear kinetic energy   = 3.742285987e-19
    Average rotational energy       = 2.698792731e-20
    Average vibrational energy      = 4.167218317e-21
    Average electronic energy       = 0
    Total energy                    = 29.08340948

Stage 1.0  ExecutionTime = 266.4 s  ClockTime = 302 s  Iteration 1970 (0.19 s)

Time = 0.000792

    Collision global reduction skipped (rank 0 local diagnostics)
    Collisions                      = 1743
    Collision candidates           = 3428
    Collision acceptance rate      = 0.5084597433

    Number of DSMC particles        = 7189059
    Number of stuck particles       = 0
    Number of free particles        = 7189059
    Average linear kinetic energy   = 3.736818668e-19
    Average rotational energy       = 2.70104424e-20
    Average vibrational energy      = 4.172273181e-21
    Average electronic energy       = 0
    Total energy                    = 29.1059537

Stage 1.0  ExecutionTime = 268.08 s  ClockTime = 304 s  Iteration 1980 (0.2 s)

Time = 0.000796

    Collision global reduction skipped (rank 0 local diagnostics)
    Collisions                      = 1083
    Collision candidates           = 2224
    Collision acceptance rate      = 0.4869604317

    Number of DSMC particles        = 7203584
    Number of stuck particles       = 0
    Number of free particles        = 7203584
    Average linear kinetic energy   = 3.731231479e-19
    Average rotational energy       = 2.703441078e-20
    Average vibrational energy      = 4.174776301e-21
    Average electronic energy       = 0
    Total energy                    = 29.12641939

Stage 1.0  ExecutionTime = 269.75 s  ClockTime = 305 s  Iteration 1990 (0.19 s)

Time = 0.0008

    Collision global reduction skipped (rank 0 local diagnostics)
    Collisions                      = 1821
    Collision candidates           = 3525
    Collision acceptance rate      = 0.5165957447

    Number of DSMC particles        = 7217985
    Number of stuck particles       = 0
    Number of free particles        = 7217985
    Average linear kinetic energy   = 3.724631231e-19
    Average rotational energy       = 2.709878313e-20
    Average vibrational energy      = 4.184908102e-21
    Average electronic energy       = 0
    Total energy                    = 29.14238449

Stage 1.0  ExecutionTime = 271.44 s  ClockTime = 307 s  Iteration 2000 (0.2 s)

Time = 0.000804

    Collision global reduction skipped (rank 0 local diagnostics)
    Collisions                      = 1772
    Collision candidates           = 3531
    Collision acceptance rate      = 0.5018408383

    Number of DSMC particles        = 7232552
    Number of stuck particles       = 0
    Number of free particles        = 7232552
    Average linear kinetic energy   = 3.719066488e-19
    Average rotational energy       = 2.71424084e-20
    Average vibrational energy      = 4.192072532e-21
    Average electronic energy       = 0
    Total energy                    = 29.1646244

Stage 1.0  ExecutionTime = 273.11 s  ClockTime = 309 s  Iteration 2010 (0.19 s)

Time = 0.000808

    Collision global reduction skipped (rank 0 local diagnostics)
    Collisions                      = 1810
    Collision candidates           = 3548
    Collision acceptance rate      = 0.5101465614

    Number of DSMC particles        = 7246678
    Number of stuck particles       = 0
    Number of free particles        = 7246678
    Average linear kinetic energy   = 3.715206589e-19
    Average rotational energy       = 2.712078957e-20
    Average vibrational energy      = 4.191739608e-21
    Average electronic energy       = 0
    Total energy                    = 29.19202402

Stage 1.0  ExecutionTime = 274.79 s  ClockTime = 310 s  Iteration 2020 (0.2 s)

Time = 0.000812

    Collision global reduction skipped (rank 0 local diagnostics)
    Collisions                      = 1738
    Collision candidates           = 3418
    Collision acceptance rate      = 0.5084844939

    Number of DSMC particles        = 7260945
    Number of stuck particles       = 0
    Number of free particles        = 7260945
    Average linear kinetic energy   = 3.709164649e-19
    Average rotational energy       = 2.716358573e-20
    Average vibrational energy      = 4.19885935e-21
    Average electronic energy       = 0
    Total energy                    = 29.2092504

Stage 1.0  ExecutionTime = 276.48 s  ClockTime = 312 s  Iteration 2030 (0.2 s)

Time = 0.000816

    Collision global reduction skipped (rank 0 local diagnostics)
    Collisions                      = 1832
    Collision candidates           = 3605
    Collision acceptance rate      = 0.5081830791

    Number of DSMC particles        = 7275613
    Number of stuck particles       = 0
    Number of free particles        = 7275613
    Average linear kinetic energy   = 3.704693335e-19
    Average rotational energy       = 2.720420914e-20
    Average vibrational energy      = 4.204377228e-21
    Average electronic energy       = 0
    Total energy                    = 29.23908218

Stage 1.0  ExecutionTime = 278.18 s  ClockTime = 314 s  Iteration 2040 (0.2 s)

Time = 0.00082

    Collision global reduction skipped (rank 0 local diagnostics)
    Collisions                      = 819
    Collision candidates           = 1818
    Collision acceptance rate      = 0.4504950495

    Number of DSMC particles        = 7290201
    Number of stuck particles       = 0
    Number of free particles        = 7290201
    Average linear kinetic energy   = 3.699094742e-19
    Average rotational energy       = 2.720179707e-20
    Average vibrational energy      = 4.203527972e-21
    Average electronic energy       = 0
    Total energy                    = 29.2566555

Stage 1.0  ExecutionTime = 279.87 s  ClockTime = 315 s  Iteration 2050 (0.2 s)

Time = 0.000824

    Collision global reduction skipped (rank 0 local diagnostics)
    Collisions                      = 1851
    Collision candidates           = 3662
    Collision acceptance rate      = 0.5054614965

    Number of DSMC particles        = 7304276
    Number of stuck particles       = 0
    Number of free particles        = 7304276
    Average linear kinetic energy   = 3.693122077e-19
    Average rotational energy       = 2.724811185e-20
    Average vibrational energy      = 4.212393065e-21
    Average electronic energy       = 0
    Total energy                    = 29.27354506

Stage 1.0  ExecutionTime = 281.57 s  ClockTime = 317 s  Iteration 2060 (0.2 s)

Time = 0.000828

    Collision global reduction skipped (rank 0 local diagnostics)
    Collisions                      = 1903
    Collision candidates           = 3775
    Collision acceptance rate      = 0.5041059603

    Number of DSMC particles        = 7318334
    Number of stuck particles       = 0
    Number of free particles        = 7318334
    Average linear kinetic energy   = 3.688333121e-19
    Average rotational energy       = 2.726841297e-20
    Average vibrational energy      = 4.21640985e-21
    Average electronic energy       = 0
    Total energy                    = 29.29661817

Stage 1.0  ExecutionTime = 283.26 s  ClockTime = 319 s  Iteration 2070 (0.19 s)

Time = 0.000832

    Collision global reduction skipped (rank 0 local diagnostics)
    Collisions                      = 1443
    Collision candidates           = 2866
    Collision acceptance rate      = 0.5034891835

    Number of DSMC particles        = 7332366
    Number of stuck particles       = 0
    Number of free particles        = 7332366
    Average linear kinetic energy   = 3.684110433e-19
    Average rotational energy       = 2.733176108e-20
    Average vibrational energy      = 4.224033911e-21
    Average electronic energy       = 0
    Total energy                    = 29.32703247

Stage 1.0  ExecutionTime = 284.97 s  ClockTime = 321 s  Iteration 2080 (0.19 s)

Time = 0.000836

    Collision global reduction skipped (rank 0 local diagnostics)
    Collisions                      = 1905
    Collision candidates           = 3830
    Collision acceptance rate      = 0.4973890339

    Number of DSMC particles        = 7346202
    Number of stuck particles       = 0
    Number of free particles        = 7346202
    Average linear kinetic energy   = 3.678242588e-19
    Average rotational energy       = 2.737167543e-20
    Average vibrational energy      = 4.23088627e-21
    Average electronic energy       = 0
    Total energy                    = 29.34270108

Stage 1.0  ExecutionTime = 286.68 s  ClockTime = 322 s  Iteration 2090 (0.2 s)

Time = 0.00084

    Collision global reduction skipped (rank 0 local diagnostics)
    Collisions                      = 1058
    Collision candidates           = 2207
    Collision acceptance rate      = 0.4793837789

    Number of DSMC particles        = 7359765
    Number of stuck particles       = 0
    Number of free particles        = 7359765
    Average linear kinetic energy   = 3.671595551e-19
    Average rotational energy       = 2.736899135e-20
    Average vibrational energy      = 4.232113355e-21
    Average electronic energy       = 0
    Total energy                    = 29.34784747

Stage 1.0  ExecutionTime = 288.38 s  ClockTime = 324 s  Iteration 2100 (0.19 s)

Time = 0.000844

    Collision global reduction skipped (rank 0 local diagnostics)
    Collisions                      = 1837
    Collision candidates           = 3606
    Collision acceptance rate      = 0.5094287299

    Number of DSMC particles        = 7373987
    Number of stuck particles       = 0
    Number of free particles        = 7373987
    Average linear kinetic energy   = 3.665035404e-19
    Average rotational energy       = 2.738946227e-20
    Average vibrational energy      = 4.238508001e-21
    Average electronic energy       = 0
    Total energy                    = 29.35816584

Stage 1.0  ExecutionTime = 290.11 s  ClockTime = 326 s  Iteration 2110 (0.2 s)

Time = 0.000848

    Collision global reduction skipped (rank 0 local diagnostics)
    Collisions                      = 887
    Collision candidates           = 1929
    Collision acceptance rate      = 0.4598237429

    Number of DSMC particles        = 7387704
    Number of stuck particles       = 0
    Number of free particles        = 7387704
    Average linear kinetic energy   = 3.659339353e-19
    Average rotational energy       = 2.739755728e-20
    Average vibrational energy      = 4.238337433e-21
    Average electronic energy       = 0
    Total energy                    = 29.37128223

Stage 1.0  ExecutionTime = 291.83 s  ClockTime = 327 s  Iteration 2120 (0.2 s)

Time = 0.000852

    Collision global reduction skipped (rank 0 local diagnostics)
    Collisions                      = 2050
    Collision candidates           = 4020
    Collision acceptance rate      = 0.5099502488

    Number of DSMC particles        = 7401972
    Number of stuck particles       = 0
    Number of free particles        = 7401972
    Average linear kinetic energy   = 3.653673216e-19
    Average rotational energy       = 2.744812932e-20
    Average vibrational energy      = 4.243579001e-21
    Average electronic energy       = 0
    Total energy                    = 29.39019822

Stage 1.0  ExecutionTime = 293.54 s  ClockTime = 329 s  Iteration 2130 (0.19 s)

Time = 0.000856

    Collision global reduction skipped (rank 0 local diagnostics)
    Collisions                      = 1453
    Collision candidates           = 2839
    Collision acceptance rate      = 0.5117999296

    Number of DSMC particles        = 7415957
    Number of stuck particles       = 0
    Number of free particles        = 7415957
    Average linear kinetic energy   = 3.648931745e-19
    Average rotational energy       = 2.74561188e-20
    Average vibrational energy      = 4.243933605e-21
    Average electronic energy       = 0
    Total energy                    = 29.41118317

Stage 1.0  ExecutionTime = 295.27 s  ClockTime = 331 s  Iteration 2140 (0.21 s)

Time = 0.00086

    Collision global reduction skipped (rank 0 local diagnostics)
    Collisions                      = 1181
    Collision candidates           = 2398
    Collision acceptance rate      = 0.4924937448

    Number of DSMC particles        = 7429844
    Number of stuck particles       = 0
    Number of free particles        = 7429844
    Average linear kinetic energy   = 3.644059061e-19
    Average rotational energy       = 2.749196591e-20
    Average vibrational energy      = 4.247640884e-21
    Average electronic energy       = 0
    Total energy                    = 29.43299362

Stage 1.0  ExecutionTime = 296.99 s  ClockTime = 333 s  Iteration 2150 (0.19 s)

Time = 0.000864

    Collision global reduction skipped (rank 0 local diagnostics)
    Collisions                      = 1004
    Collision candidates           = 2078
    Collision acceptance rate      = 0.4831568816

    Number of DSMC particles        = 7443364
    Number of stuck particles       = 0
    Number of free particles        = 7443364
    Average linear kinetic energy   = 3.639462187e-19
    Average rotational energy       = 2.750122678e-20
    Average vibrational energy      = 4.254520716e-21
    Average electronic energy       = 0
    Total energy                    = 29.4535377

Stage 1.0  ExecutionTime = 298.72 s  ClockTime = 334 s  Iteration 2160 (0.2 s)

Time = 0.000868

    Collision global reduction skipped (rank 0 local diagnostics)
    Collisions                      = 2192
    Collision candidates           = 4229
    Collision acceptance rate      = 0.5183258454

    Number of DSMC particles        = 7456390
    Number of stuck particles       = 0
    Number of free particles        = 7456390
    Average linear kinetic energy   = 3.63373622e-19
    Average rotational energy       = 2.75249269e-20
    Average vibrational energy      = 4.25908979e-21
    Average electronic energy       = 0
    Total energy                    = 29.46449465

Stage 1.0  ExecutionTime = 300.44 s  ClockTime = 336 s  Iteration 2170 (0.19 s)

Time = 0.000872

    Collision global reduction skipped (rank 0 local diagnostics)
    Collisions                      = 1654
    Collision candidates           = 3226
    Collision acceptance rate      = 0.5127092374

    Number of DSMC particles        = 7469371
    Number of stuck particles       = 0
    Number of free particles        = 7469371
    Average linear kinetic energy   = 3.628452841e-19
    Average rotational energy       = 2.754211574e-20
    Average vibrational energy      = 4.260118306e-21
    Average electronic energy       = 0
    Total energy                    = 29.47768727

Stage 1.0  ExecutionTime = 302.19 s  ClockTime = 338 s  Iteration 2180 (0.21 s)

Time = 0.000876

    Collision global reduction skipped (rank 0 local diagnostics)
    Collisions                      = 1470
    Collision candidates           = 2954
    Collision acceptance rate      = 0.4976303318

    Number of DSMC particles        = 7481981
    Number of stuck particles       = 0
    Number of free particles        = 7481981
    Average linear kinetic energy   = 3.622161119e-19
    Average rotational energy       = 2.76080914e-20
    Average vibrational energy      = 4.26894167e-21
    Average electronic energy       = 0
    Total energy                    = 29.48597423

Stage 1.0  ExecutionTime = 303.94 s  ClockTime = 340 s  Iteration 2190 (0.2 s)

Time = 0.00088

    Collision global reduction skipped (rank 0 local diagnostics)
    Collisions                      = 1802
    Collision candidates           = 3511
    Collision acceptance rate      = 0.51324409

    Number of DSMC particles        = 7494899
    Number of stuck particles       = 0
    Number of free particles        = 7494899
    Average linear kinetic energy   = 3.616610649e-19
    Average rotational energy       = 2.76730225e-20
    Average vibrational energy      = 4.278914111e-21
    Average electronic energy       = 0
    Total energy                    = 29.50089692

Stage 1.0  ExecutionTime = 305.68 s  ClockTime = 341 s  Iteration 2200 (0.2 s)

Time = 0.000884

    Collision global reduction skipped (rank 0 local diagnostics)
    Collisions                      = 1674
    Collision candidates           = 3303
    Collision acceptance rate      = 0.5068119891

    Number of DSMC particles        = 7507817
    Number of stuck particles       = 0
    Number of free particles        = 7507817
    Average linear kinetic energy   = 3.612059535e-19
    Average rotational energy       = 2.769408176e-20
    Average vibrational energy      = 4.283660746e-21
    Average electronic energy       = 0
    Total energy                    = 29.51951237

Stage 1.0  ExecutionTime = 307.43 s  ClockTime = 343 s  Iteration 2210 (0.2 s)

Time = 0.000888

    Collision global reduction skipped (rank 0 local diagnostics)
    Collisions                      = 815
    Collision candidates           = 1786
    Collision acceptance rate      = 0.4563269877

    Number of DSMC particles        = 7520785
    Number of stuck particles       = 0
    Number of free particles        = 7520785
    Average linear kinetic energy   = 3.606768749e-19
    Average rotational energy       = 2.771856666e-20
    Average vibrational energy      = 4.287922496e-21
    Average electronic energy       = 0
    Total energy                    = 29.53287154

Stage 1.0  ExecutionTime = 309.21 s  ClockTime = 345 s  Iteration 2220 (0.21 s)

Time = 0.000892

    Collision global reduction skipped (rank 0 local diagnostics)
    Collisions                      = 1629
    Collision candidates           = 3138
    Collision acceptance rate      = 0.5191204589

    Number of DSMC particles        = 7533702
    Number of stuck particles       = 0
    Number of free particles        = 7533702
    Average linear kinetic energy   = 3.601507948e-19
    Average rotational energy       = 2.772598765e-20
    Average vibrational energy      = 4.28804659e-21
    Average electronic energy       = 0
    Total energy                    = 29.54452957

Stage 1.0  ExecutionTime = 310.98 s  ClockTime = 347 s  Iteration 2230 (0.2 s)

Time = 0.000896

    Collision global reduction skipped (rank 0 local diagnostics)
    Collisions                      = 2241
    Collision candidates           = 4410
    Collision acceptance rate      = 0.5081632653

    Number of DSMC particles        = 7546696
    Number of stuck particles       = 0
    Number of free particles        = 7546696
    Average linear kinetic energy   = 3.596876232e-19
    Average rotational energy       = 2.778846137e-20
    Average vibrational energy      = 4.29781965e-21
    Average electronic energy       = 0
    Total energy                    = 29.56598556

Stage 1.0  ExecutionTime = 312.73 s  ClockTime = 348 s  Iteration 2240 (0.19 s)

Time = 0.0009

    Collision global reduction skipped (rank 0 local diagnostics)
    Collisions                      = 929
    Collision candidates           = 1902
    Collision acceptance rate      = 0.4884332282

    Number of DSMC particles        = 7560055
    Number of stuck particles       = 0
    Number of free particles        = 7560055
    Average linear kinetic energy   = 3.594094485e-19
    Average rotational energy       = 2.780358507e-20
    Average vibrational energy      = 4.299367964e-21
    Average electronic energy       = 0
    Total energy                    = 29.59855288

Stage 1.0  ExecutionTime = 314.49 s  ClockTime = 350 s  Iteration 2250 (0.2 s)

Time = 0.000904

    Collision global reduction skipped (rank 0 local diagnostics)
    Collisions                      = 1098
    Collision candidates           = 2238
    Collision acceptance rate      = 0.490616622

    Number of DSMC particles        = 7572787
    Number of stuck particles       = 0
    Number of free particles        = 7572787
    Average linear kinetic energy   = 3.588493326e-19
    Average rotational energy       = 2.77997297e-20
    Average vibrational energy      = 4.299303664e-21
    Average electronic energy       = 0
    Total energy                    = 29.60568703

Stage 1.0  ExecutionTime = 316.26 s  ClockTime = 352 s  Iteration 2260 (0.2 s)

Time = 0.000908

    Collision global reduction skipped (rank 0 local diagnostics)
    Collisions                      = 2358
    Collision candidates           = 4584
    Collision acceptance rate      = 0.5143979058

    Number of DSMC particles        = 7585333
    Number of stuck particles       = 0
    Number of free particles        = 7585333
    Average linear kinetic energy   = 3.582214879e-19
    Average rotational energy       = 2.784374256e-20
    Average vibrational energy      = 4.304088609e-21
    Average electronic energy       = 0
    Total energy                    = 29.61081278

Stage 1.0  ExecutionTime = 318.03 s  ClockTime = 354 s  Iteration 2270 (0.2 s)

Time = 0.000912

    Collision global reduction skipped (rank 0 local diagnostics)
    Collisions                      = 2392
    Collision candidates           = 4567
    Collision acceptance rate      = 0.52375739

    Number of DSMC particles        = 7598318
    Number of stuck particles       = 0
    Number of free particles        = 7598318
    Average linear kinetic energy   = 3.578637936e-19
    Average rotational energy       = 2.787835907e-20
    Average vibrational energy      = 4.311974529e-21
    Average electronic energy       = 0
    Total energy                    = 29.63755296

Stage 1.0  ExecutionTime = 319.82 s  ClockTime = 356 s  Iteration 2280 (0.2 s)

Time = 0.000916

    Collision global reduction skipped (rank 0 local diagnostics)
    Collisions                      = 572
    Collision candidates           = 1250
    Collision acceptance rate      = 0.4576

    Number of DSMC particles        = 7610858
    Number of stuck particles       = 0
    Number of free particles        = 7610858
    Average linear kinetic energy   = 3.575265644e-19
    Average rotational energy       = 2.787051782e-20
    Average vibrational energy      = 4.311037424e-21
    Average electronic energy       = 0
    Total energy                    = 29.6601316

Stage 1.0  ExecutionTime = 321.59 s  ClockTime = 357 s  Iteration 2290 (0.2 s)

Time = 0.00092

    Collision global reduction skipped (rank 0 local diagnostics)
    Collisions                      = 586
    Collision candidates           = 1311
    Collision acceptance rate      = 0.4469870328

    Number of DSMC particles        = 7623349
    Number of stuck particles       = 0
    Number of free particles        = 7623349
    Average linear kinetic energy   = 3.570521876e-19
    Average rotational energy       = 2.793250405e-20
    Average vibrational energy      = 4.320032003e-21
    Average electronic energy       = 0
    Total energy                    = 29.67805776

Stage 1.0  ExecutionTime = 323.37 s  ClockTime = 359 s  Iteration 2300 (0.21 s)

Time = 0.000924

    Collision global reduction skipped (rank 0 local diagnostics)
    Collisions                      = 2469
    Collision candidates           = 4720
    Collision acceptance rate      = 0.5230932203

    Number of DSMC particles        = 7635768
    Number of stuck particles       = 0
    Number of free particles        = 7635768
    Average linear kinetic energy   = 3.566335483e-19
    Average rotational energy       = 2.791911655e-20
    Average vibrational energy      = 4.318676647e-21
    Average electronic energy       = 0
    Total energy                    = 29.69331346

Stage 1.0  ExecutionTime = 325.14 s  ClockTime = 361 s  Iteration 2310 (0.2 s)

Time = 0.000928

    Collision global reduction skipped (rank 0 local diagnostics)
    Collisions                      = 2177
    Collision candidates           = 4153
    Collision acceptance rate      = 0.5241993739

    Number of DSMC particles        = 7648689
    Number of stuck particles       = 0
    Number of free particles        = 7648689
    Average linear kinetic energy   = 3.561588697e-19
    Average rotational energy       = 2.795976541e-20
    Average vibrational energy      = 4.324795593e-21
    Average electronic energy       = 0
    Total energy                    = 29.71082995

Stage 1.0  ExecutionTime = 326.92 s  ClockTime = 363 s  Iteration 2320 (0.2 s)

Time = 0.000932

    Collision global reduction skipped (rank 0 local diagnostics)
    Collisions                      = 1285
    Collision candidates           = 2505
    Collision acceptance rate      = 0.5129740519

    Number of DSMC particles        = 7660744
    Number of stuck particles       = 0
    Number of free particles        = 7660744
    Average linear kinetic energy   = 3.557169371e-19
    Average rotational energy       = 2.798294989e-20
    Average vibrational energy      = 4.327650022e-21
    Average electronic energy       = 0
    Total energy                    = 29.72579626

Stage 1.0  ExecutionTime = 328.71 s  ClockTime = 365 s  Iteration 2330 (0.2 s)

Time = 0.000936

    Collision global reduction skipped (rank 0 local diagnostics)
    Collisions                      = 1304
    Collision candidates           = 2664
    Collision acceptance rate      = 0.4894894895

    Number of DSMC particles        = 7672850
    Number of stuck particles       = 0
    Number of free particles        = 7672850
    Average linear kinetic energy   = 3.553650408e-19
    Average rotational energy       = 2.796572971e-20
    Average vibrational energy      = 4.32611656e-21
    Average electronic energy       = 0
    Total energy                    = 29.74433146

Stage 1.0  ExecutionTime = 330.5 s  ClockTime = 366 s  Iteration 2340 (0.2 s)

Time = 0.00094

    Collision global reduction skipped (rank 0 local diagnostics)
    Collisions                      = 2611
    Collision candidates           = 4934
    Collision acceptance rate      = 0.5291852452


Phase C auto DLB triggered (SAR) at step 2350: sar=0.0001751533238 loadImbalance=1.467236633 threshold=1.5 particleMaxMin=1
Phase C ParMETIS weights: particles=7685103 activeCells=104151 maxCellParticles=207
Phase C ParMETIS: alpha=1 ncon=1 ubvec=[1.05] moveRatio=0.9501211906 (moveT=134.2229333s, collT=7.046343323s)
Phase C ParMETIS: AdaptiveRepart (104151 cells, 1 constraints, ubvec=1.05)
Replicated mesh: rank 0 owns 2620 / 104151 cells
Local mesh: 2620 owned + 150 halo = 2770 / 104151 cells
Phase C ParMETIS AdaptiveRepart: 85508 / 104151 cells changed (0.8210002784)
Phase C auto DLB complete: rebalance #33

    Number of DSMC particles        = 7685103
    Number of stuck particles       = 0
    Number of free particles        = 7685103
    Average linear kinetic energy   = 3.5470094e-19
    Average rotational energy       = 2.802841841e-20
    Average vibrational energy      = 4.336189671e-21
    Average electronic energy       = 0
    Total energy                    = 29.74638605

Stage 1.0  ExecutionTime = 332.43 s  ClockTime = 368 s  Iteration 2350 (0.34 s)

Time = 0.000944

    Collision global reduction skipped (rank 0 local diagnostics)
    Collisions                      = 33
    Collision candidates           = 71
    Collision acceptance rate      = 0.4647887324

    Number of DSMC particles        = 7697170
    Number of stuck particles       = 0
    Number of free particles        = 7697170
    Average linear kinetic energy   = 3.541299178e-19
    Average rotational energy       = 2.809846842e-20
    Average vibrational energy      = 4.343277084e-21
    Average electronic energy       = 0
    Total energy                    = 29.7550781

Stage 1.0  ExecutionTime = 334.01 s  ClockTime = 370 s  Iteration 2360 (0.17 s)

Time = 0.000948

    Collision global reduction skipped (rank 0 local diagnostics)
    Collisions                      = 825
    Collision candidates           = 1526
    Collision acceptance rate      = 0.5406290957

    Number of DSMC particles        = 7709983
    Number of stuck particles       = 0
    Number of free particles        = 7709983
    Average linear kinetic energy   = 3.534709375e-19
    Average rotational energy       = 2.819411411e-20
    Average vibrational energy      = 4.353614804e-21
    Average electronic energy       = 0
    Total energy                    = 29.76197356

Stage 1.0  ExecutionTime = 335.62 s  ClockTime = 372 s  Iteration 2370 (0.18 s)

Time = 0.000952

    Collision global reduction skipped (rank 0 local diagnostics)
    Collisions                      = 32
    Collision candidates           = 65
    Collision acceptance rate      = 0.4923076923

    Number of DSMC particles        = 7722669
    Number of stuck particles       = 0
    Number of free particles        = 7722669
    Average linear kinetic energy   = 3.529179542e-19
    Average rotational energy       = 2.823481266e-20
    Average vibrational energy      = 4.358969051e-21
    Average electronic energy       = 0
    Total energy                    = 29.77179532

Stage 1.0  ExecutionTime = 337.22 s  ClockTime = 373 s  Iteration 2380 (0.18 s)

Time = 0.000956

    Collision global reduction skipped (rank 0 local diagnostics)
    Collisions                      = 173
    Collision candidates           = 377
    Collision acceptance rate      = 0.4588859416

    Number of DSMC particles        = 7735081
    Number of stuck particles       = 0
    Number of free particles        = 7735081
    Average linear kinetic energy   = 3.526251422e-19
    Average rotational energy       = 2.824601287e-20
    Average vibrational energy      = 4.362661848e-21
    Average electronic energy       = 0
    Total energy                    = 29.79814778

Stage 1.0  ExecutionTime = 338.83 s  ClockTime = 375 s  Iteration 2390 (0.19 s)

Time = 0.00096

    Collision global reduction skipped (rank 0 local diagnostics)
    Collisions                      = 76
    Collision candidates           = 184
    Collision acceptance rate      = 0.4130434783


Phase C auto DLB triggered (threshold) at step 2400: sar=0 loadImbalance=2.024001139 threshold=1.5 particleMaxMin=1
Phase C ParMETIS weights: particles=7747710 activeCells=104151 maxCellParticles=201
Phase C ParMETIS: alpha=1 ncon=1 ubvec=[1.05] moveRatio=0.9510265816 (moveT=137.7231143s, collT=7.092095881s)
Phase C ParMETIS: AdaptiveRepart (104151 cells, 1 constraints, ubvec=1.05)
Replicated mesh: rank 0 owns 2620 / 104151 cells
Local mesh: 2620 owned + 150 halo = 2770 / 104151 cells
Phase C ParMETIS AdaptiveRepart: 168 / 104151 cells changed (0.001613042602)
Phase C auto DLB complete: rebalance #34

    Number of DSMC particles        = 7747710
    Number of stuck particles       = 0
    Number of free particles        = 7747710
    Average linear kinetic energy   = 3.522690828e-19
    Average rotational energy       = 2.82724779e-20
    Average vibrational energy      = 4.368227704e-21
    Average electronic energy       = 0
    Total energy                    = 29.82169417

Stage 1.0  ExecutionTime = 340.49 s  ClockTime = 376 s  Iteration 2400 (0.22 s)

Time = 0.000964

    Collision global reduction skipped (rank 0 local diagnostics)
    Collisions                      = 260
    Collision candidates           = 544
    Collision acceptance rate      = 0.4779411765

    Number of DSMC particles        = 7760750
    Number of stuck particles       = 0
    Number of free particles        = 7760750
    Average linear kinetic energy   = 3.51938028e-19
    Average rotational energy       = 2.828816345e-20
    Average vibrational energy      = 4.373460849e-21
    Average electronic energy       = 0
    Total energy                    = 29.84781752

Stage 1.0  ExecutionTime = 342.12 s  ClockTime = 378 s  Iteration 2410 (0.18 s)

Time = 0.000968

    Collision global reduction skipped (rank 0 local diagnostics)
    Collisions                      = 237
    Collision candidates           = 471
    Collision acceptance rate      = 0.5031847134

    Number of DSMC particles        = 7773523
    Number of stuck particles       = 0
    Number of free particles        = 7773523
    Average linear kinetic energy   = 3.514792179e-19
    Average rotational energy       = 2.830572682e-20
    Average vibrational energy      = 4.375818346e-21
    Average electronic energy       = 0
    Total energy                    = 29.86282528

Stage 1.0  ExecutionTime = 343.75 s  ClockTime = 380 s  Iteration 2420 (0.18 s)

Time = 0.000972

    Collision global reduction skipped (rank 0 local diagnostics)
    Collisions                      = 7
    Collision candidates           = 26
    Collision acceptance rate      = 0.2692307692

    Number of DSMC particles        = 7785796
    Number of stuck particles       = 0
    Number of free particles        = 7785796
    Average linear kinetic energy   = 3.510821648e-19
    Average rotational energy       = 2.831862648e-20
    Average vibrational energy      = 4.37782241e-21
    Average electronic energy       = 0
    Total energy                    = 29.88021996

Stage 1.0  ExecutionTime = 345.37 s  ClockTime = 381 s  Iteration 2430 (0.18 s)

Time = 0.000976

    Collision global reduction skipped (rank 0 local diagnostics)
    Collisions                      = 167
    Collision candidates           = 370
    Collision acceptance rate      = 0.4513513514

    Number of DSMC particles        = 7797440
    Number of stuck particles       = 0
    Number of free particles        = 7797440
    Average linear kinetic energy   = 3.507684288e-19
    Average rotational energy       = 2.831080225e-20
    Average vibrational energy      = 4.373817796e-21
    Average electronic energy       = 0
    Total energy                    = 29.89952141

Stage 1.0  ExecutionTime = 347 s  ClockTime = 383 s  Iteration 2440 (0.18 s)

Time = 0.00098

    Collision global reduction skipped (rank 0 local diagnostics)
    Collisions                      = 94
    Collision candidates           = 219
    Collision acceptance rate      = 0.4292237443


Phase C auto DLB triggered (threshold) at step 2450: sar=0 loadImbalance=1.688402245 threshold=1.5 particleMaxMin=1
Phase C ParMETIS weights: particles=7809313 activeCells=104151 maxCellParticles=199
Phase C ParMETIS: alpha=1 ncon=1 ubvec=[1.05] moveRatio=0.9520947268 (moveT=141.5911312s, collT=7.124251009s)
Phase C ParMETIS: AdaptiveRepart (104151 cells, 1 constraints, ubvec=1.05)
Replicated mesh: rank 0 owns 2620 / 104151 cells
Local mesh: 2620 owned + 150 halo = 2770 / 104151 cells
Phase C ParMETIS AdaptiveRepart: 24 / 104151 cells changed (0.0002304346574)
Phase C auto DLB complete: rebalance #35

    Number of DSMC particles        = 7809313
    Number of stuck particles       = 0
    Number of free particles        = 7809313
    Average linear kinetic energy   = 3.504165576e-19
    Average rotational energy       = 2.831208475e-20
    Average vibrational energy      = 4.374500636e-21
    Average electronic energy       = 0
    Total energy                    = 29.91772355

Stage 1.0  ExecutionTime = 348.71 s  ClockTime = 385 s  Iteration 2450 (0.24 s)

Time = 0.000984

    Collision global reduction skipped (rank 0 local diagnostics)
    Collisions                      = 74
    Collision candidates           = 161
    Collision acceptance rate      = 0.4596273292

    Number of DSMC particles        = 7821059
    Number of stuck particles       = 0
    Number of free particles        = 7821059
    Average linear kinetic energy   = 3.500004837e-19
    Average rotational energy       = 2.831032111e-20
    Average vibrational energy      = 4.377045697e-21
    Average electronic energy       = 0
    Total energy                    = 29.93024258

Stage 1.0  ExecutionTime = 350.37 s  ClockTime = 386 s  Iteration 2460 (0.18 s)

Time = 0.000988

    Collision global reduction skipped (rank 0 local diagnostics)
    Collisions                      = 111
    Collision candidates           = 261
    Collision acceptance rate      = 0.4252873563

    Number of DSMC particles        = 7832909
    Number of stuck particles       = 0
    Number of free particles        = 7832909
    Average linear kinetic energy   = 3.497948898e-19
    Average rotational energy       = 2.825724885e-20
    Average vibrational energy      = 4.365859318e-21
    Average electronic energy       = 0
    Total energy                    = 29.95445378

Stage 1.0  ExecutionTime = 352.05 s  ClockTime = 388 s  Iteration 2470 (0.18 s)

Time = 0.000992

    Collision global reduction skipped (rank 0 local diagnostics)
    Collisions                      = 225
    Collision candidates           = 464
    Collision acceptance rate      = 0.4849137931

    Number of DSMC particles        = 7845114
    Number of stuck particles       = 0
    Number of free particles        = 7845114
    Average linear kinetic energy   = 3.494173377e-19
    Average rotational energy       = 2.823247364e-20
    Average vibrational energy      = 4.363037208e-21
    Average electronic energy       = 0
    Total energy                    = 29.96934346

Stage 1.0  ExecutionTime = 353.75 s  ClockTime = 390 s  Iteration 2480 (0.19 s)

Time = 0.000996

    Collision global reduction skipped (rank 0 local diagnostics)
    Collisions                      = 33
    Collision candidates           = 80
    Collision acceptance rate      = 0.4125

    Number of DSMC particles        = 7857172
    Number of stuck particles       = 0
    Number of free particles        = 7857172
    Average linear kinetic energy   = 3.489521648e-19
    Average rotational energy       = 2.819301009e-20
    Average vibrational energy      = 4.355344992e-21
    Average electronic energy       = 0
    Total energy                    = 29.97515203

Stage 1.0  ExecutionTime = 355.45 s  ClockTime = 391 s  Iteration 2490 (0.19 s)

Time = 0.001

    Collision global reduction skipped (rank 0 local diagnostics)
    Collisions                      = 92
    Collision candidates           = 205
    Collision acceptance rate      = 0.4487804878


Phase C auto DLB triggered (threshold) at step 2500: sar=0 loadImbalance=1.571082505 threshold=1.5 particleMaxMin=1
Phase C ParMETIS weights: particles=7869304 activeCells=104151 maxCellParticles=209
Phase C ParMETIS: alpha=1 ncon=1 ubvec=[1.05] moveRatio=0.9531858279 (moveT=145.660804s, collT=7.153893547s)
Phase C ParMETIS: AdaptiveRepart (104151 cells, 1 constraints, ubvec=1.05)
Replicated mesh: rank 0 owns 2722 / 104151 cells
Local mesh: 2722 owned + 153 halo = 2875 / 104151 cells
Phase C ParMETIS AdaptiveRepart: 86415 / 104151 cells changed (0.8297087882)
Phase C auto DLB complete: rebalance #36

    Number of DSMC particles        = 7869304
    Number of stuck particles       = 0
    Number of free particles        = 7869304
    Average linear kinetic energy   = 3.484339338e-19
    Average rotational energy       = 2.81998856e-20
    Average vibrational energy      = 4.357488346e-21
    Average electronic energy       = 0
    Total energy                    = 29.98136422
Replicated mesh: wrote gathered cloud on rank0 at output time 0.001 with 7869304 parcels
Written cellOwner field at output time 0.001
Replicated mesh output timing:
    gather parcels [s]       = 1.37
    rank0 write [s]           = 19.58
    migrate-back [s]          = 1.17


Stage 1.0  ExecutionTime = 382.08 s  ClockTime = 421 s  Iteration 2500 (25.11 s)

    Maximum imbalance = 5.650614082%

Time = 0.001004

    Collision global reduction skipped (rank 0 local diagnostics)
    Collisions                      = 2787
    Collision candidates           = 5046
    Collision acceptance rate      = 0.5523186683

    Number of DSMC particles        = 7881146
    Number of stuck particles       = 0
    Number of free particles        = 7881146
    Average linear kinetic energy   = 3.479488084e-19
    Average rotational energy       = 2.827418563e-20
    Average vibrational energy      = 4.367056124e-21
    Average electronic energy       = 0
    Total energy                    = 29.99485752

Stage 1.0  ExecutionTime = 383.41 s  ClockTime = 422 s  Iteration 2510 (0.15 s)

Time = 0.001008

    Collision global reduction skipped (rank 0 local diagnostics)
    Collisions                      = 2788
    Collision candidates           = 5139
    Collision acceptance rate      = 0.5425179996

    Number of DSMC particles        = 7893340
    Number of stuck particles       = 0
    Number of free particles        = 7893340
    Average linear kinetic energy   = 3.476163919e-19
    Average rotational energy       = 2.836168457e-20
    Average vibrational energy      = 4.374839682e-21
    Average electronic energy       = 0
    Total energy                    = 30.02254887

Stage 1.0  ExecutionTime = 384.77 s  ClockTime = 424 s  Iteration 2520 (0.15 s)

Time = 0.001012

    Collision global reduction skipped (rank 0 local diagnostics)
    Collisions                      = 2801
    Collision candidates           = 5124
    Collision acceptance rate      = 0.5466432475

    Number of DSMC particles        = 7905435
    Number of stuck particles       = 0
    Number of free particles        = 7905435
    Average linear kinetic energy   = 3.47312012e-19
    Average rotational energy       = 2.839013562e-20
    Average vibrational energy      = 4.383523409e-21
    Average electronic energy       = 0
    Total energy                    = 30.04742567

Stage 1.0  ExecutionTime = 386.2 s  ClockTime = 425 s  Iteration 2530 (0.16 s)

Time = 0.001016

    Collision global reduction skipped (rank 0 local diagnostics)
    Collisions                      = 2904
    Collision candidates           = 5306
    Collision acceptance rate      = 0.5473049378

    Number of DSMC particles        = 7917851
    Number of stuck particles       = 0
    Number of free particles        = 7917851
    Average linear kinetic energy   = 3.468474149e-19
    Average rotational energy       = 2.840257926e-20
    Average vibrational energy      = 4.391653757e-21
    Average electronic energy       = 0
    Total energy                    = 30.05946001

Stage 1.0  ExecutionTime = 387.65 s  ClockTime = 427 s  Iteration 2540 (0.16 s)

Time = 0.00102

    Collision global reduction skipped (rank 0 local diagnostics)
    Collisions                      = 1433
    Collision candidates           = 2710
    Collision acceptance rate      = 0.5287822878


Phase C auto DLB triggered (threshold) at step 2550: sar=0 loadImbalance=3.697345561e+15 threshold=1.5 particleMaxMin=1
Phase C ParMETIS weights: particles=7930036 activeCells=104151 maxCellParticles=219
Phase C ParMETIS: alpha=1 ncon=1 ubvec=[1.05] moveRatio=0.9528208098 (moveT=149.5634144s, collT=7.405674494s)
Phase C ParMETIS: AdaptiveRepart (104151 cells, 1 constraints, ubvec=1.05)
Replicated mesh: rank 0 owns 2718 / 104151 cells
Local mesh: 2718 owned + 151 halo = 2869 / 104151 cells
Phase C ParMETIS AdaptiveRepart: 195 / 104151 cells changed (0.001872281591)
Phase C auto DLB complete: rebalance #37

    Number of DSMC particles        = 7930036
    Number of stuck particles       = 0
    Number of free particles        = 7930036
    Average linear kinetic energy   = 3.464582085e-19
    Average rotational energy       = 2.840419133e-20
    Average vibrational energy      = 4.397688543e-21
    Average electronic energy       = 0
    Total energy                    = 30.07546154

Stage 1.0  ExecutionTime = 389.19 s  ClockTime = 428 s  Iteration 2550 (0.21 s)

Time = 0.001024

    Collision global reduction skipped (rank 0 local diagnostics)
    Collisions                      = 2256
    Collision candidates           = 4222
    Collision acceptance rate      = 0.5343439128

    Number of DSMC particles        = 7941365
    Number of stuck particles       = 0
    Number of free particles        = 7941365
    Average linear kinetic energy   = 3.460924814e-19
    Average rotational energy       = 2.843375445e-20
    Average vibrational energy      = 4.408055587e-21
    Average electronic energy       = 0
    Total energy                    = 30.09255519

Stage 1.0  ExecutionTime = 390.74 s  ClockTime = 430 s  Iteration 2560 (0.17 s)

Time = 0.001028

    Collision global reduction skipped (rank 0 local diagnostics)
    Collisions                      = 2939
    Collision candidates           = 5392
    Collision acceptance rate      = 0.5450667656

    Number of DSMC particles        = 7953196
    Number of stuck particles       = 0
    Number of free particles        = 7953196
    Average linear kinetic energy   = 3.458539782e-19
    Average rotational energy       = 2.842425558e-20
    Average vibrational energy      = 4.406558057e-21
    Average electronic energy       = 0
    Total energy                    = 30.11754372

Stage 1.0  ExecutionTime = 392.35 s  ClockTime = 431 s  Iteration 2570 (0.17 s)

Time = 0.001032

    Collision global reduction skipped (rank 0 local diagnostics)
    Collisions                      = 2043
    Collision candidates           = 3906
    Collision acceptance rate      = 0.5230414747

    Number of DSMC particles        = 7964091
    Number of stuck particles       = 0
    Number of free particles        = 7964091
    Average linear kinetic energy   = 3.45425147e-19
    Average rotational energy       = 2.841615233e-20
    Average vibrational energy      = 4.406430942e-21
    Average electronic energy       = 0
    Total energy                    = 30.12399345

Stage 1.0  ExecutionTime = 393.98 s  ClockTime = 433 s  Iteration 2580 (0.18 s)

Time = 0.001036

    Collision global reduction skipped (rank 0 local diagnostics)
    Collisions                      = 2958
    Collision candidates           = 5428
    Collision acceptance rate      = 0.5449521002

    Number of DSMC particles        = 7975465
    Number of stuck particles       = 0
    Number of free particles        = 7975465
    Average linear kinetic energy   = 3.449745737e-19
    Average rotational energy       = 2.841904393e-20
    Average vibrational energy      = 4.410534969e-21
    Average electronic energy       = 0
    Total energy                    = 30.13163796

Stage 1.0  ExecutionTime = 395.64 s  ClockTime = 435 s  Iteration 2590 (0.18 s)

Time = 0.00104

    Collision global reduction skipped (rank 0 local diagnostics)
    Collisions                      = 1911
    Collision candidates           = 3566
    Collision acceptance rate      = 0.5358945597


Phase C auto DLB triggered (threshold) at step 2600: sar=0 loadImbalance=1.594274076 threshold=1.5 particleMaxMin=1
Phase C ParMETIS weights: particles=7986579 activeCells=104151 maxCellParticles=208
Phase C ParMETIS: alpha=1 ncon=1 ubvec=[1.05] moveRatio=0.952698292 (moveT=154.0066891s, collT=7.646470548s)
Phase C ParMETIS: AdaptiveRepart (104151 cells, 1 constraints, ubvec=1.05)
Replicated mesh: rank 0 owns 2656 / 104151 cells
Local mesh: 2656 owned + 143 halo = 2799 / 104151 cells
Phase C ParMETIS AdaptiveRepart: 86163 / 104151 cells changed (0.8272892243)
Phase C auto DLB complete: rebalance #38

    Number of DSMC particles        = 7986579
    Number of stuck particles       = 0
    Number of free particles        = 7986579
    Average linear kinetic energy   = 3.444907696e-19
    Average rotational energy       = 2.845172218e-20
    Average vibrational energy      = 4.42113912e-21
    Average electronic energy       = 0
    Total energy                    = 30.1384445

Stage 1.0  ExecutionTime = 397.46 s  ClockTime = 437 s  Iteration 2600 (0.31 s)

Time = 0.001044

    Collision global reduction skipped (rank 0 local diagnostics)
    Collisions                      = 2868
    Collision candidates           = 5297
    Collision acceptance rate      = 0.5414385501

    Number of DSMC particles        = 7997692
    Number of stuck particles       = 0
    Number of free particles        = 7997692
    Average linear kinetic energy   = 3.440173659e-19
    Average rotational energy       = 2.854561406e-20
    Average vibrational energy      = 4.437260208e-21
    Average electronic energy       = 0
    Total energy                    = 30.15131805

Stage 1.0  ExecutionTime = 399.08 s  ClockTime = 438 s  Iteration 2610 (0.17 s)

Time = 0.001048

    Collision global reduction skipped (rank 0 local diagnostics)
    Collisions                      = 2596
    Collision candidates           = 4784
    Collision acceptance rate      = 0.5426421405

    Number of DSMC particles        = 8008546
    Number of stuck particles       = 0
    Number of free particles        = 8008546
    Average linear kinetic energy   = 3.436208549e-19
    Average rotational energy       = 2.857908407e-20
    Average vibrational energy      = 4.4418372e-21
    Average electronic energy       = 0
    Total energy                    = 30.1635299

Stage 1.0  ExecutionTime = 400.71 s  ClockTime = 440 s  Iteration 2620 (0.17 s)

Time = 0.001052

    Collision global reduction skipped (rank 0 local diagnostics)
    Collisions                      = 2708
    Collision candidates           = 4823
    Collision acceptance rate      = 0.5614762596

    Number of DSMC particles        = 8019643
    Number of stuck particles       = 0
    Number of free particles        = 8019643
    Average linear kinetic energy   = 3.432676454e-19
    Average rotational energy       = 2.861928979e-20
    Average vibrational energy      = 4.453604929e-21
    Average electronic energy       = 0
    Total energy                    = 30.18116778

Stage 1.0  ExecutionTime = 402.34 s  ClockTime = 441 s  Iteration 2630 (0.18 s)

Time = 0.001056

    Collision global reduction skipped (rank 0 local diagnostics)
    Collisions                      = 1958
    Collision candidates           = 3745
    Collision acceptance rate      = 0.5228304406

    Number of DSMC particles        = 8030262
    Number of stuck particles       = 0
    Number of free particles        = 8030262
    Average linear kinetic energy   = 3.428934859e-19
    Average rotational energy       = 2.86638391e-20
    Average vibrational energy      = 4.466821159e-21
    Average electronic energy       = 0
    Total energy                    = 30.19572412

Stage 1.0  ExecutionTime = 403.98 s  ClockTime = 443 s  Iteration 2640 (0.17 s)

Time = 0.00106

    Collision global reduction skipped (rank 0 local diagnostics)
    Collisions                      = 2353
    Collision candidates           = 4341
    Collision acceptance rate      = 0.5420410044


Phase C auto DLB triggered (threshold) at step 2650: sar=0 loadImbalance=1.94813488 threshold=1.5 particleMaxMin=1
Phase C ParMETIS weights: particles=8040872 activeCells=104151 maxCellParticles=214
Phase C ParMETIS: alpha=1 ncon=1 ubvec=[1.05] moveRatio=0.9527151249 (moveT=158.4381268s, collT=7.86355421s)
Phase C ParMETIS: AdaptiveRepart (104151 cells, 1 constraints, ubvec=1.05)
Replicated mesh: rank 0 owns 2658 / 104151 cells
Local mesh: 2658 owned + 144 halo = 2802 / 104151 cells
Phase C ParMETIS AdaptiveRepart: 23444 / 104151 cells changed (0.2250962545)
Phase C auto DLB complete: rebalance #39

    Number of DSMC particles        = 8040872
    Number of stuck particles       = 0
    Number of free particles        = 8040872
    Average linear kinetic energy   = 3.426227442e-19
    Average rotational energy       = 2.867383739e-20
    Average vibrational energy      = 4.46931785e-21
    Average electronic energy       = 0
    Total energy                    = 30.21485499

Stage 1.0  ExecutionTime = 405.71 s  ClockTime = 445 s  Iteration 2650 (0.26 s)

Time = 0.001064

    Collision global reduction skipped (rank 0 local diagnostics)
    Collisions                      = 2365
    Collision candidates           = 4398
    Collision acceptance rate      = 0.5377444293

    Number of DSMC particles        = 8051376
    Number of stuck particles       = 0
    Number of free particles        = 8051376
    Average linear kinetic energy   = 3.421446342e-19
    Average rotational energy       = 2.872342934e-20
    Average vibrational energy      = 4.47825404e-21
    Average electronic energy       = 0
    Total energy                    = 30.22054333

Stage 1.0  ExecutionTime = 407.37 s  ClockTime = 447 s  Iteration 2660 (0.18 s)

Time = 0.001068

    Collision global reduction skipped (rank 0 local diagnostics)
    Collisions                      = 2746
    Collision candidates           = 5157
    Collision acceptance rate      = 0.5324801241

    Number of DSMC particles        = 8061480
    Number of stuck particles       = 0
    Number of free particles        = 8061480
    Average linear kinetic energy   = 3.418960047e-19
    Average rotational energy       = 2.874352561e-20
    Average vibrational energy      = 4.482777382e-21
    Average electronic energy       = 0
    Total energy                    = 30.24040981

Stage 1.0  ExecutionTime = 409.04 s  ClockTime = 448 s  Iteration 2670 (0.17 s)

Time = 0.001072

    Collision global reduction skipped (rank 0 local diagnostics)
    Collisions                      = 3019
    Collision candidates           = 5508
    Collision acceptance rate      = 0.5481118373

    Number of DSMC particles        = 8071513
    Number of stuck particles       = 0
    Number of free particles        = 8071513
    Average linear kinetic energy   = 3.415271977e-19
    Average rotational energy       = 2.872986149e-20
    Average vibrational energy      = 4.485382714e-21
    Average electronic energy       = 0
    Total energy                    = 30.24738492

Stage 1.0  ExecutionTime = 410.73 s  ClockTime = 450 s  Iteration 2680 (0.18 s)

Time = 0.001076

    Collision global reduction skipped (rank 0 local diagnostics)
    Collisions                      = 1184
    Collision candidates           = 2386
    Collision acceptance rate      = 0.4962279966

    Number of DSMC particles        = 8081600
    Number of stuck particles       = 0
    Number of free particles        = 8081600
    Average linear kinetic energy   = 3.412441249e-19
    Average rotational energy       = 2.872373987e-20
    Average vibrational energy      = 4.487672475e-21
    Average electronic energy       = 0
    Total energy                    = 30.2619987

Stage 1.0  ExecutionTime = 412.47 s  ClockTime = 452 s  Iteration 2690 (0.18 s)

Time = 0.00108

    Collision global reduction skipped (rank 0 local diagnostics)
    Collisions                      = 3135
    Collision candidates           = 5709
    Collision acceptance rate      = 0.549132948


Phase C auto DLB triggered (threshold) at step 2700: sar=0 loadImbalance=1.947597719 threshold=1.5 particleMaxMin=1
Phase C ParMETIS weights: particles=8091655 activeCells=104151 maxCellParticles=234
Phase C ParMETIS: alpha=1 ncon=1 ubvec=[1.05] moveRatio=0.9527301285 (moveT=163.0246246s, collT=8.088495194s)
Phase C ParMETIS: AdaptiveRepart (104151 cells, 1 constraints, ubvec=1.05)
Replicated mesh: rank 0 owns 2587 / 104151 cells
Local mesh: 2587 owned + 141 halo = 2728 / 104151 cells
Phase C ParMETIS AdaptiveRepart: 79023 / 104151 cells changed (0.7587349137)
Phase C auto DLB complete: rebalance #40

    Number of DSMC particles        = 8091655
    Number of stuck particles       = 0
    Number of free particles        = 8091655
    Average linear kinetic energy   = 3.408480606e-19
    Average rotational energy       = 2.87263621e-20
    Average vibrational energy      = 4.491596719e-21
    Average electronic energy       = 0
    Total energy                    = 30.26813177

Stage 1.0  ExecutionTime = 414.33 s  ClockTime = 454 s  Iteration 2700 (0.31 s)

Time = 0.001084

    Collision global reduction skipped (rank 0 local diagnostics)
    Collisions                      = 514
    Collision candidates           = 1114
    Collision acceptance rate      = 0.4614003591

    Number of DSMC particles        = 8101160
    Number of stuck particles       = 0
    Number of free particles        = 8101160
    Average linear kinetic energy   = 3.405223862e-19
    Average rotational energy       = 2.873066765e-20
    Average vibrational energy      = 4.494857413e-21
    Average electronic energy       = 0
    Total energy                    = 30.27791629

Stage 1.0  ExecutionTime = 415.93 s  ClockTime = 455 s  Iteration 2710 (0.18 s)

Time = 0.001088

    Collision global reduction skipped (rank 0 local diagnostics)
    Collisions                      = 51
    Collision candidates           = 198
    Collision acceptance rate      = 0.2575757576

    Number of DSMC particles        = 8110840
    Number of stuck particles       = 0
    Number of free particles        = 8110840
    Average linear kinetic energy   = 3.401369373e-19
    Average rotational energy       = 2.873821042e-20
    Average vibrational energy      = 4.497072358e-21
    Average electronic energy       = 0
    Total energy                    = 30.28362338

Stage 1.0  ExecutionTime = 417.56 s  ClockTime = 457 s  Iteration 2720 (0.18 s)

Time = 0.001092

    Collision global reduction skipped (rank 0 local diagnostics)
    Collisions                      = 482
    Collision candidates           = 1058
    Collision acceptance rate      = 0.4555765595

    Number of DSMC particles        = 8120089
    Number of stuck particles       = 0
    Number of free particles        = 8120089
    Average linear kinetic energy   = 3.398587045e-19
    Average rotational energy       = 2.873722966e-20
    Average vibrational energy      = 4.500771048e-21
    Average electronic energy       = 0
    Total energy                    = 30.29578452

Stage 1.0  ExecutionTime = 419.21 s  ClockTime = 458 s  Iteration 2730 (0.18 s)

Time = 0.001096

    Collision global reduction skipped (rank 0 local diagnostics)
    Collisions                      = 140
    Collision candidates           = 368
    Collision acceptance rate      = 0.3804347826

    Number of DSMC particles        = 8130130
    Number of stuck particles       = 0
    Number of free particles        = 8130130
    Average linear kinetic energy   = 3.39471015e-19
    Average rotational energy       = 2.872795904e-20
    Average vibrational energy      = 4.504247682e-21
    Average electronic energy       = 0
    Total energy                    = 30.30125644

Stage 1.0  ExecutionTime = 420.87 s  ClockTime = 460 s  Iteration 2740 (0.18 s)

Time = 0.0011

    Collision global reduction skipped (rank 0 local diagnostics)
    Collisions                      = 47
    Collision candidates           = 138
    Collision acceptance rate      = 0.3405797101


Phase C auto DLB triggered (threshold) at step 2750: sar=0 loadImbalance=1.877371819 threshold=1.5 particleMaxMin=1
Phase C ParMETIS weights: particles=8140372 activeCells=104151 maxCellParticles=231
Phase C ParMETIS: alpha=1 ncon=1 ubvec=[1.05] moveRatio=0.9534334658 (moveT=166.7192563s, collT=8.142716014s)
Phase C ParMETIS: AdaptiveRepart (104151 cells, 1 constraints, ubvec=1.05)
Replicated mesh: rank 0 owns 2587 / 104151 cells
Local mesh: 2587 owned + 141 halo = 2728 / 104151 cells
Phase C ParMETIS AdaptiveRepart: 14253 / 104151 cells changed (0.1368493821)
Phase C auto DLB complete: rebalance #41

    Number of DSMC particles        = 8140372
    Number of stuck particles       = 0
    Number of free particles        = 8140372
    Average linear kinetic energy   = 3.392725108e-19
    Average rotational energy       = 2.872993065e-20
    Average vibrational energy      = 4.510136991e-21
    Average electronic energy       = 0
    Total energy                    = 30.32390963

Stage 1.0  ExecutionTime = 422.65 s  ClockTime = 462 s  Iteration 2750 (0.27 s)

Time = 0.001104

    Collision global reduction skipped (rank 0 local diagnostics)
    Collisions                      = 287
    Collision candidates           = 687
    Collision acceptance rate      = 0.4177583697

    Number of DSMC particles        = 8150306
    Number of stuck particles       = 0
    Number of free particles        = 8150306
    Average linear kinetic energy   = 3.390450574e-19
    Average rotational energy       = 2.867240702e-20
    Average vibrational energy      = 4.50598142e-21
    Average electronic energy       = 0
    Total energy                    = 30.33734984

Stage 1.0  ExecutionTime = 424.35 s  ClockTime = 464 s  Iteration 2760 (0.19 s)

Time = 0.001108

    Collision global reduction skipped (rank 0 local diagnostics)
    Collisions                      = 583
    Collision candidates           = 1199
    Collision acceptance rate      = 0.4862385321

    Number of DSMC particles        = 8160611
    Number of stuck particles       = 0
    Number of free particles        = 8160611
    Average linear kinetic energy   = 3.38665252e-19
    Average rotational energy       = 2.868178057e-20
    Average vibrational energy      = 4.512085716e-21
    Average electronic energy       = 0
    Total energy                    = 30.34597611

Stage 1.0  ExecutionTime = 426.06 s  ClockTime = 465 s  Iteration 2770 (0.18 s)

Time = 0.001112

    Collision global reduction skipped (rank 0 local diagnostics)
    Collisions                      = 30
    Collision candidates           = 96
    Collision acceptance rate      = 0.3125

    Number of DSMC particles        = 8170811
    Number of stuck particles       = 0
    Number of free particles        = 8170811
    Average linear kinetic energy   = 3.384011677e-19
    Average rotational energy       = 2.86952135e-20
    Average vibrational energy      = 4.519747914e-21
    Average electronic energy       = 0
    Total energy                    = 30.36405155

Stage 1.0  ExecutionTime = 427.79 s  ClockTime = 467 s  Iteration 2780 (0.18 s)

Time = 0.001116

    Collision global reduction skipped (rank 0 local diagnostics)
    Collisions                      = 93
    Collision candidates           = 218
    Collision acceptance rate      = 0.4266055046

    Number of DSMC particles        = 8181440
    Number of stuck particles       = 0
    Number of free particles        = 8181440
    Average linear kinetic energy   = 3.382110198e-19
    Average rotational energy       = 2.867335287e-20
    Average vibrational energy      = 4.51880518e-21
    Average electronic energy       = 0
    Total energy                    = 30.38612815

Stage 1.0  ExecutionTime = 429.55 s  ClockTime = 469 s  Iteration 2790 (0.19 s)

Time = 0.00112

    Collision global reduction skipped (rank 0 local diagnostics)
    Collisions                      = 123
    Collision candidates           = 326
    Collision acceptance rate      = 0.3773006135


Phase C auto DLB triggered (threshold) at step 2800: sar=0 loadImbalance=1.944973216 threshold=1.5 particleMaxMin=1
Phase C ParMETIS weights: particles=8192461 activeCells=104151 maxCellParticles=227
Phase C ParMETIS: alpha=1 ncon=1 ubvec=[1.05] moveRatio=0.9543150932 (moveT=170.7701071s, collT=8.175094876s)
Phase C ParMETIS: AdaptiveRepart (104151 cells, 1 constraints, ubvec=1.05)
Replicated mesh: rank 0 owns 2571 / 104151 cells
Local mesh: 2571 owned + 138 halo = 2709 / 104151 cells
Phase C ParMETIS AdaptiveRepart: 71484 / 104151 cells changed (0.686349627)
Phase C auto DLB complete: rebalance #42

    Number of DSMC particles        = 8192461
    Number of stuck particles       = 0
    Number of free particles        = 8192461
    Average linear kinetic energy   = 3.378979501e-19
    Average rotational energy       = 2.870330053e-20
    Average vibrational energy      = 4.519106675e-21
    Average electronic energy       = 0
    Total energy                    = 30.40389053

Stage 1.0  ExecutionTime = 431.44 s  ClockTime = 471 s  Iteration 2800 (0.32 s)

Time = 0.001124

    Collision global reduction skipped (rank 0 local diagnostics)
    Collisions                      = 25
    Collision candidates           = 75
    Collision acceptance rate      = 0.3333333333

    Number of DSMC particles        = 8203648
    Number of stuck particles       = 0
    Number of free particles        = 8203648
    Average linear kinetic energy   = 3.376408682e-19
    Average rotational energy       = 2.87146181e-20
    Average vibrational energy      = 4.521994645e-21
    Average electronic energy       = 0
    Total energy                    = 30.42548304

Stage 1.0  ExecutionTime = 433 s  ClockTime = 472 s  Iteration 2810 (0.17 s)

Time = 0.001128

    Collision global reduction skipped (rank 0 local diagnostics)
    Collisions                      = 75
    Collision candidates           = 177
    Collision acceptance rate      = 0.4237288136

    Number of DSMC particles        = 8214390
    Number of stuck particles       = 0
    Number of free particles        = 8214390
    Average linear kinetic energy   = 3.3732789e-19
    Average rotational energy       = 2.87062794e-20
    Average vibrational energy      = 4.526433601e-21
    Average electronic energy       = 0
    Total energy                    = 30.43929311

Stage 1.0  ExecutionTime = 434.58 s  ClockTime = 474 s  Iteration 2820 (0.17 s)

Time = 0.001132

    Collision global reduction skipped (rank 0 local diagnostics)
    Collisions                      = 72
    Collision candidates           = 168
    Collision acceptance rate      = 0.4285714286

    Number of DSMC particles        = 8224681
    Number of stuck particles       = 0
    Number of free particles        = 8224681
    Average linear kinetic energy   = 3.37164588e-19
    Average rotational energy       = 2.870613123e-20
    Average vibrational energy      = 4.524327752e-21
    Average electronic energy       = 0
    Total energy                    = 30.46381105

Stage 1.0  ExecutionTime = 436.18 s  ClockTime = 476 s  Iteration 2830 (0.17 s)

Time = 0.001136

    Collision global reduction skipped (rank 0 local diagnostics)
    Collisions                      = 207
    Collision candidates           = 420
    Collision acceptance rate      = 0.4928571429

    Number of DSMC particles        = 8234813
    Number of stuck particles       = 0
    Number of free particles        = 8234813
    Average linear kinetic energy   = 3.368716869e-19
    Average rotational energy       = 2.871599604e-20
    Average vibrational energy      = 4.527550511e-21
    Average electronic energy       = 0
    Total energy                    = 30.47829736

Stage 1.0  ExecutionTime = 437.79 s  ClockTime = 477 s  Iteration 2840 (0.17 s)

Time = 0.00114

    Collision global reduction skipped (rank 0 local diagnostics)
    Collisions                      = 40
    Collision candidates           = 103
    Collision acceptance rate      = 0.3883495146


Phase C auto DLB triggered (threshold) at step 2850: sar=0 loadImbalance=1.878605348 threshold=1.5 particleMaxMin=1
Phase C ParMETIS weights: particles=8244419 activeCells=104151 maxCellParticles=216
Phase C ParMETIS: alpha=1 ncon=1 ubvec=[1.05] moveRatio=0.9552252249 (moveT=174.9821716s, collT=8.202031495s)
Phase C ParMETIS: AdaptiveRepart (104151 cells, 1 constraints, ubvec=1.05)
Replicated mesh: rank 0 owns 2457 / 104151 cells
Local mesh: 2457 owned + 105 halo = 2562 / 104151 cells
Phase C ParMETIS AdaptiveRepart: 85823 / 104151 cells changed (0.8240247333)
Phase C auto DLB complete: rebalance #43

    Number of DSMC particles        = 8244419
    Number of stuck particles       = 0
    Number of free particles        = 8244419
    Average linear kinetic energy   = 3.364107403e-19
    Average rotational energy       = 2.869428994e-20
    Average vibrational energy      = 4.526887544e-21
    Average electronic energy       = 0
    Total energy                    = 30.47400406

Stage 1.0  ExecutionTime = 439.56 s  ClockTime = 479 s  Iteration 2850 (0.31 s)

Time = 0.001144

    Collision global reduction skipped (rank 0 local diagnostics)
    Collisions                      = 2633
    Collision candidates           = 3898
    Collision acceptance rate      = 0.6754746024

    Number of DSMC particles        = 8253986
    Number of stuck particles       = 0
    Number of free particles        = 8253986
    Average linear kinetic energy   = 3.360520941e-19
    Average rotational energy       = 2.87603478e-20
    Average vibrational energy      = 4.53747251e-21
    Average electronic energy       = 0
    Total energy                    = 30.48609023

Stage 1.0  ExecutionTime = 441.17 s  ClockTime = 481 s  Iteration 2860 (0.19 s)

Time = 0.001148

    Collision global reduction skipped (rank 0 local diagnostics)
    Collisions                      = 3024
    Collision candidates           = 4759
    Collision acceptance rate      = 0.6354276108

    Number of DSMC particles        = 8263598
    Number of stuck particles       = 0
    Number of free particles        = 8263598
    Average linear kinetic energy   = 3.356513027e-19
    Average rotational energy       = 2.876683838e-20
    Average vibrational energy      = 4.541587551e-21
    Average electronic energy       = 0
    Total energy                    = 30.48934875

Stage 1.0  ExecutionTime = 442.82 s  ClockTime = 482 s  Iteration 2870 (0.2 s)

Time = 0.001152

    Collision global reduction skipped (rank 0 local diagnostics)
    Collisions                      = 3109
    Collision candidates           = 4978
    Collision acceptance rate      = 0.6245480112

    Number of DSMC particles        = 8273080
    Number of stuck particles       = 0
    Number of free particles        = 8273080
    Average linear kinetic energy   = 3.352631848e-19
    Average rotational energy       = 2.878552166e-20
    Average vibrational energy      = 4.547268509e-21
    Average electronic energy       = 0
    Total energy                    = 30.49423989

Stage 1.0  ExecutionTime = 444.46 s  ClockTime = 484 s  Iteration 2880 (0.18 s)

Time = 0.001156

    Collision global reduction skipped (rank 0 local diagnostics)
    Collisions                      = 3116
    Collision candidates           = 5046
    Collision acceptance rate      = 0.6175188268

    Number of DSMC particles        = 8282989
    Number of stuck particles       = 0
    Number of free particles        = 8282989
    Average linear kinetic energy   = 3.348503348e-19
    Average rotational energy       = 2.883301846e-20
    Average vibrational energy      = 4.55826661e-21
    Average electronic energy       = 0
    Total energy                    = 30.50141287

Stage 1.0  ExecutionTime = 446.13 s  ClockTime = 486 s  Iteration 2890 (0.19 s)

Time = 0.00116

    Collision global reduction skipped (rank 0 local diagnostics)
    Collisions                      = 3108
    Collision candidates           = 5161
    Collision acceptance rate      = 0.6022088742


Phase C auto DLB triggered (threshold) at step 2900: sar=0 loadImbalance=1.878106983 threshold=1.5 particleMaxMin=1
Phase C ParMETIS weights: particles=8292843 activeCells=104151 maxCellParticles=217
Phase C ParMETIS: alpha=1 ncon=1 ubvec=[1.05] moveRatio=0.9543868404 (moveT=178.6560801s, collT=8.538537998s)
Phase C ParMETIS: AdaptiveRepart (104151 cells, 1 constraints, ubvec=1.05)
Replicated mesh: rank 0 owns 2459 / 104151 cells
Local mesh: 2459 owned + 105 halo = 2564 / 104151 cells
Phase C ParMETIS AdaptiveRepart: 161 / 104151 cells changed (0.001545832493)
Phase C auto DLB complete: rebalance #44

    Number of DSMC particles        = 8292843
    Number of stuck particles       = 0
    Number of free particles        = 8292843
    Average linear kinetic energy   = 3.346049199e-19
    Average rotational energy       = 2.886956619e-20
    Average vibrational energy      = 4.566669372e-21
    Average electronic energy       = 0
    Total energy                    = 30.5210752

Stage 1.0  ExecutionTime = 447.87 s  ClockTime = 487 s  Iteration 2900 (0.25 s)

Time = 0.001164

    Collision global reduction skipped (rank 0 local diagnostics)
    Collisions                      = 3125
    Collision candidates           = 5249
    Collision acceptance rate      = 0.5953514955

    Number of DSMC particles        = 8301898
    Number of stuck particles       = 0
    Number of free particles        = 8301898
    Average linear kinetic energy   = 3.343608258e-19
    Average rotational energy       = 2.882831893e-20
    Average vibrational energy      = 4.565762614e-21
    Average electronic energy       = 0
    Total energy                    = 30.5306373

Stage 1.0  ExecutionTime = 449.54 s  ClockTime = 489 s  Iteration 2910 (0.18 s)

Time = 0.001168

    Collision global reduction skipped (rank 0 local diagnostics)
    Collisions                      = 3134
    Collision candidates           = 5254
    Collision acceptance rate      = 0.5964979064

    Number of DSMC particles        = 8310749
    Number of stuck particles       = 0
    Number of free particles        = 8310749
    Average linear kinetic energy   = 3.339677566e-19
    Average rotational energy       = 2.881925885e-20
    Average vibrational energy      = 4.571064732e-21
    Average electronic energy       = 0
    Total energy                    = 30.53020797

Stage 1.0  ExecutionTime = 451.25 s  ClockTime = 491 s  Iteration 2920 (0.19 s)

Time = 0.001172

    Collision global reduction skipped (rank 0 local diagnostics)
    Collisions                      = 3115
    Collision candidates           = 5284
    Collision acceptance rate      = 0.5895155185

    Number of DSMC particles        = 8319054
    Number of stuck particles       = 0
    Number of free particles        = 8319054
    Average linear kinetic energy   = 3.336268629e-19
    Average rotational energy       = 2.882696306e-20
    Average vibrational energy      = 4.575448639e-21
    Average electronic energy       = 0
    Total energy                    = 30.53336355

Stage 1.0  ExecutionTime = 452.97 s  ClockTime = 492 s  Iteration 2930 (0.19 s)

Time = 0.001176

    Collision global reduction skipped (rank 0 local diagnostics)
    Collisions                      = 3084
    Collision candidates           = 5327
    Collision acceptance rate      = 0.5789374883

    Number of DSMC particles        = 8327869
    Number of stuck particles       = 0
    Number of free particles        = 8327869
    Average linear kinetic energy   = 3.332731247e-19
    Average rotational energy       = 2.887397775e-20
    Average vibrational energy      = 4.585376423e-21
    Average electronic energy       = 0
    Total energy                    = 30.54100042

Stage 1.0  ExecutionTime = 454.69 s  ClockTime = 494 s  Iteration 2940 (0.18 s)

Time = 0.00118

    Collision global reduction skipped (rank 0 local diagnostics)
    Collisions                      = 3113
    Collision candidates           = 5382
    Collision acceptance rate      = 0.5784095132


Phase C auto DLB triggered (threshold) at step 2950: sar=0 loadImbalance=1.59059867 threshold=1.5 particleMaxMin=1
Phase C ParMETIS weights: particles=8337212 activeCells=104151 maxCellParticles=202
Phase C ParMETIS: alpha=1 ncon=1 ubvec=[1.05] moveRatio=0.9536202015 (moveT=182.7519629s, collT=8.888233705s)
Phase C ParMETIS: AdaptiveRepart (104151 cells, 1 constraints, ubvec=1.05)
Replicated mesh: rank 0 owns 2459 / 104151 cells
Local mesh: 2459 owned + 105 halo = 2564 / 104151 cells
Phase C ParMETIS AdaptiveRepart: 79 / 104151 cells changed (0.0007585140805)
Phase C auto DLB complete: rebalance #45

    Number of DSMC particles        = 8337212
    Number of stuck particles       = 0
    Number of free particles        = 8337212
    Average linear kinetic energy   = 3.329343308e-19
    Average rotational energy       = 2.884923971e-20
    Average vibrational energy      = 4.586916622e-21
    Average electronic energy       = 0
    Total energy                    = 30.54508421

Stage 1.0  ExecutionTime = 456.49 s  ClockTime = 496 s  Iteration 2950 (0.25 s)

Time = 0.001184

    Collision global reduction skipped (rank 0 local diagnostics)
    Collisions                      = 3139
    Collision candidates           = 5381
    Collision acceptance rate      = 0.5833488199

    Number of DSMC particles        = 8346781
    Number of stuck particles       = 0
    Number of free particles        = 8346781
    Average linear kinetic energy   = 3.32610315e-19
    Average rotational energy       = 2.888323476e-20
    Average vibrational energy      = 4.59446728e-21
    Average electronic energy       = 0
    Total energy                    = 30.55656505

Stage 1.0  ExecutionTime = 458.22 s  ClockTime = 498 s  Iteration 2960 (0.19 s)

Time = 0.001188

    Collision global reduction skipped (rank 0 local diagnostics)
    Collisions                      = 2824
    Collision candidates           = 4953
    Collision acceptance rate      = 0.5701594993

    Number of DSMC particles        = 8356174
    Number of stuck particles       = 0
    Number of free particles        = 8356174
    Average linear kinetic energy   = 3.323582891e-19
    Average rotational energy       = 2.88690671e-20
    Average vibrational energy      = 4.598114364e-21
    Average electronic energy       = 0
    Total energy                    = 30.56901286

Stage 1.0  ExecutionTime = 459.99 s  ClockTime = 500 s  Iteration 2970 (0.19 s)

Time = 0.001192

    Collision global reduction skipped (rank 0 local diagnostics)
    Collisions                      = 3042
    Collision candidates           = 5290
    Collision acceptance rate      = 0.575047259

    Number of DSMC particles        = 8365763
    Number of stuck particles       = 0
    Number of free particles        = 8365763
    Average linear kinetic energy   = 3.320134453e-19
    Average rotational energy       = 2.890620502e-20
    Average vibrational energy      = 4.606866281e-21
    Average electronic energy       = 0
    Total energy                    = 30.57908208

Stage 1.0  ExecutionTime = 461.77 s  ClockTime = 501 s  Iteration 2980 (0.19 s)

Time = 0.001196

    Collision global reduction skipped (rank 0 local diagnostics)
    Collisions                      = 2949
    Collision candidates           = 5236
    Collision acceptance rate      = 0.5632161956

    Number of DSMC particles        = 8375035
    Number of stuck particles       = 0
    Number of free particles        = 8375035
    Average linear kinetic energy   = 3.31770996e-19
    Average rotational energy       = 2.893707429e-20
    Average vibrational energy      = 4.611021981e-21
    Average electronic energy       = 0
    Total energy                    = 30.59560184

Stage 1.0  ExecutionTime = 463.56 s  ClockTime = 503 s  Iteration 2990 (0.19 s)

Time = 0.0012

    Collision global reduction skipped (rank 0 local diagnostics)
    Collisions                      = 2946
    Collision candidates           = 5198
    Collision acceptance rate      = 0.5667564448

    Number of DSMC particles        = 8384217
    Number of stuck particles       = 0
    Number of free particles        = 8384217
    Average linear kinetic energy   = 3.315779767e-19
    Average rotational energy       = 2.893110824e-20
    Average vibrational energy      = 4.611192373e-21
    Average electronic energy       = 0
    Total energy                    = 30.61247636

Stage 1.0  ExecutionTime = 465.35 s  ClockTime = 505 s  Iteration 3000 (0.19 s)

Time = 0.001204

    Collision global reduction skipped (rank 0 local diagnostics)
    Collisions                      = 2880
    Collision candidates           = 5133
    Collision acceptance rate      = 0.5610753945

    Number of DSMC particles        = 8392434
    Number of stuck particles       = 0
    Number of free particles        = 8392434
    Average linear kinetic energy   = 3.31378264e-19
    Average rotational energy       = 2.891696256e-20
    Average vibrational energy      = 4.61702353e-21
    Average electronic energy       = 0
    Total energy                    = 30.62501975

Stage 1.0  ExecutionTime = 467.13 s  ClockTime = 507 s  Iteration 3010 (0.19 s)

Time = 0.001208

    Collision global reduction skipped (rank 0 local diagnostics)
    Collisions                      = 2831
    Collision candidates           = 5090
    Collision acceptance rate      = 0.5561886051

    Number of DSMC particles        = 8401834
    Number of stuck particles       = 0
    Number of free particles        = 8401834
    Average linear kinetic energy   = 3.310892525e-19
    Average rotational energy       = 2.895669788e-20
    Average vibrational energy      = 4.62449851e-21
    Average electronic energy       = 0
    Total energy                    = 30.63900576

Stage 1.0  ExecutionTime = 468.92 s  ClockTime = 508 s  Iteration 3020 (0.19 s)

Time = 0.001212

    Collision global reduction skipped (rank 0 local diagnostics)
    Collisions                      = 2847
    Collision candidates           = 5026
    Collision acceptance rate      = 0.5664544369

    Number of DSMC particles        = 8411545
    Number of stuck particles       = 0
    Number of free particles        = 8411545
    Average linear kinetic energy   = 3.308389222e-19
    Average rotational energy       = 2.897302968e-20
    Average vibrational energy      = 4.634977088e-21
    Average electronic energy       = 0
    Total energy                    = 30.65561744

Stage 1.0  ExecutionTime = 470.73 s  ClockTime = 510 s  Iteration 3030 (0.19 s)

Time = 0.001216

    Collision global reduction skipped (rank 0 local diagnostics)
    Collisions                      = 2747
    Collision candidates           = 4976
    Collision acceptance rate      = 0.5520498392

    Number of DSMC particles        = 8420912
    Number of stuck particles       = 0
    Number of free particles        = 8420912
    Average linear kinetic energy   = 3.305495073e-19
    Average rotational energy       = 2.897843433e-20
    Average vibrational energy      = 4.64062723e-21
    Average electronic energy       = 0
    Total energy                    = 30.66631472

Stage 1.0  ExecutionTime = 472.54 s  ClockTime = 512 s  Iteration 3040 (0.2 s)

Time = 0.00122

    Collision global reduction skipped (rank 0 local diagnostics)
    Collisions                      = 2723
    Collision candidates           = 4942
    Collision acceptance rate      = 0.5509915014

    Number of DSMC particles        = 8430424
    Number of stuck particles       = 0
    Number of free particles        = 8430424
    Average linear kinetic energy   = 3.302868691e-19
    Average rotational energy       = 2.895249766e-20
    Average vibrational energy      = 4.63926631e-21
    Average electronic energy       = 0
    Total energy                    = 30.67651161

Stage 1.0  ExecutionTime = 474.35 s  ClockTime = 514 s  Iteration 3050 (0.19 s)

Time = 0.001224

    Collision global reduction skipped (rank 0 local diagnostics)
    Collisions                      = 2644
    Collision candidates           = 4872
    Collision acceptance rate      = 0.5426929392

    Number of DSMC particles        = 8439745
    Number of stuck particles       = 0
    Number of free particles        = 8439745
    Average linear kinetic energy   = 3.299922198e-19
    Average rotational energy       = 2.897837297e-20
    Average vibrational energy      = 4.64155183e-21
    Average electronic energy       = 0
    Total energy                    = 30.6879378

Stage 1.0  ExecutionTime = 476.15 s  ClockTime = 516 s  Iteration 3060 (0.19 s)

Time = 0.001228

    Collision global reduction skipped (rank 0 local diagnostics)
    Collisions                      = 2690
    Collision candidates           = 4813
    Collision acceptance rate      = 0.5589029711

    Number of DSMC particles        = 8448894
    Number of stuck particles       = 0
    Number of free particles        = 8448894
    Average linear kinetic energy   = 3.296836635e-19
    Average rotational energy       = 2.897708628e-20
    Average vibrational energy      = 4.64298218e-21
    Average electronic energy       = 0
    Total energy                    = 30.69514721

Stage 1.0  ExecutionTime = 477.97 s  ClockTime = 518 s  Iteration 3070 (0.2 s)

Time = 0.001232

    Collision global reduction skipped (rank 0 local diagnostics)
    Collisions                      = 2597
    Collision candidates           = 4756
    Collision acceptance rate      = 0.5460470984

    Number of DSMC particles        = 8458381
    Number of stuck particles       = 0
    Number of free particles        = 8458381
    Average linear kinetic energy   = 3.294406725e-19
    Average rotational energy       = 2.895248413e-20
    Average vibrational energy      = 4.641502473e-21
    Average electronic energy       = 0
    Total energy                    = 30.70685463

Stage 1.0  ExecutionTime = 479.79 s  ClockTime = 519 s  Iteration 3080 (0.2 s)

Time = 0.001236

    Collision global reduction skipped (rank 0 local diagnostics)
    Collisions                      = 2516
    Collision candidates           = 4748
    Collision acceptance rate      = 0.5299073294

    Number of DSMC particles        = 8467316
    Number of stuck particles       = 0
    Number of free particles        = 8467316
    Average linear kinetic energy   = 3.291154615e-19
    Average rotational energy       = 2.895375529e-20
    Average vibrational energy      = 4.645225145e-21
    Average electronic energy       = 0
    Total energy                    = 30.71217797

Stage 1.0  ExecutionTime = 481.61 s  ClockTime = 521 s  Iteration 3090 (0.2 s)

Time = 0.00124

    Collision global reduction skipped (rank 0 local diagnostics)
    Collisions                      = 2552
    Collision candidates           = 4682
    Collision acceptance rate      = 0.545066211

    Number of DSMC particles        = 8475378
    Number of stuck particles       = 0
    Number of free particles        = 8475378
    Average linear kinetic energy   = 3.287290331e-19
    Average rotational energy       = 2.898059113e-20
    Average vibrational energy      = 4.648319874e-21
    Average electronic energy       = 0
    Total energy                    = 30.71120548

Stage 1.0  ExecutionTime = 483.44 s  ClockTime = 523 s  Iteration 3100 (0.21 s)

Time = 0.001244

    Collision global reduction skipped (rank 0 local diagnostics)
    Collisions                      = 2491
    Collision candidates           = 4598
    Collision acceptance rate      = 0.5417572858

    Number of DSMC particles        = 8483617
    Number of stuck particles       = 0
    Number of free particles        = 8483617
    Average linear kinetic energy   = 3.28446813e-19
    Average rotational energy       = 2.897129281e-20
    Average vibrational energy      = 4.645904308e-21
    Average electronic energy       = 0
    Total energy                    = 30.71612391

Stage 1.0  ExecutionTime = 485.25 s  ClockTime = 525 s  Iteration 3110 (0.21 s)

Time = 0.001248

    Collision global reduction skipped (rank 0 local diagnostics)
    Collisions                      = 2476
    Collision candidates           = 4562
    Collision acceptance rate      = 0.5427444103

    Number of DSMC particles        = 8491640
    Number of stuck particles       = 0
    Number of free particles        = 8491640
    Average linear kinetic energy   = 3.282652573e-19
    Average rotational energy       = 2.896705607e-20
    Average vibrational energy      = 4.650905789e-21
    Average electronic energy       = 0
    Total energy                    = 30.72982019

Stage 1.0  ExecutionTime = 487.08 s  ClockTime = 527 s  Iteration 3120 (0.21 s)

Time = 0.001252

    Collision global reduction skipped (rank 0 local diagnostics)
    Collisions                      = 2391
    Collision candidates           = 4481
    Collision acceptance rate      = 0.5335862531

    Number of DSMC particles        = 8499598
    Number of stuck particles       = 0
    Number of free particles        = 8499598
    Average linear kinetic energy   = 3.279853078e-19
    Average rotational energy       = 2.897963223e-20
    Average vibrational energy      = 4.654475155e-21
    Average electronic energy       = 0
    Total energy                    = 30.73619658

Stage 1.0  ExecutionTime = 488.91 s  ClockTime = 529 s  Iteration 3130 (0.21 s)

Time = 0.001256

    Collision global reduction skipped (rank 0 local diagnostics)
    Collisions                      = 2393
    Collision candidates           = 4452
    Collision acceptance rate      = 0.5375112309

    Number of DSMC particles        = 8506722
    Number of stuck particles       = 0
    Number of free particles        = 8506722
    Average linear kinetic energy   = 3.277513166e-19
    Average rotational energy       = 2.89474032e-20
    Average vibrational energy      = 4.651417889e-21
    Average electronic energy       = 0
    Total energy                    = 30.73905166

Stage 1.0  ExecutionTime = 490.75 s  ClockTime = 530 s  Iteration 3140 (0.22 s)

Time = 0.00126

    Collision global reduction skipped (rank 0 local diagnostics)
    Collisions                      = 2381
    Collision candidates           = 4428
    Collision acceptance rate      = 0.5377145438

    Number of DSMC particles        = 8513883
    Number of stuck particles       = 0
    Number of free particles        = 8513883
    Average linear kinetic energy   = 3.274313063e-19
    Average rotational energy       = 2.893985483e-20
    Average vibrational energy      = 4.64996697e-21
    Average electronic energy       = 0
    Total energy                    = 30.73691645

Stage 1.0  ExecutionTime = 492.58 s  ClockTime = 532 s  Iteration 3150 (0.22 s)

Time = 0.001264

    Collision global reduction skipped (rank 0 local diagnostics)
    Collisions                      = 2428
    Collision candidates           = 4425
    Collision acceptance rate      = 0.548700565

    Number of DSMC particles        = 8521204
    Number of stuck particles       = 0
    Number of free particles        = 8521204
    Average linear kinetic energy   = 3.271708585e-19
    Average rotational energy       = 2.890401659e-20
    Average vibrational energy      = 4.647669889e-21
    Average electronic energy       = 0
    Total energy                    = 30.73790393

Stage 1.0  ExecutionTime = 494.41 s  ClockTime = 534 s  Iteration 3160 (0.21 s)

Time = 0.001268

    Collision global reduction skipped (rank 0 local diagnostics)
    Collisions                      = 2326
    Collision candidates           = 4390
    Collision acceptance rate      = 0.5298405467

    Number of DSMC particles        = 8528306
    Number of stuck particles       = 0
    Number of free particles        = 8528306
    Average linear kinetic energy   = 3.268809785e-19
    Average rotational energy       = 2.891676857e-20
    Average vibrational energy      = 4.654068548e-21
    Average electronic energy       = 0
    Total energy                    = 30.74043382

Stage 1.0  ExecutionTime = 496.26 s  ClockTime = 536 s  Iteration 3170 (0.22 s)

Time = 0.001272

    Collision global reduction skipped (rank 0 local diagnostics)
    Collisions                      = 2327
    Collision candidates           = 4359
    Collision acceptance rate      = 0.5338380362

    Number of DSMC particles        = 8535430
    Number of stuck particles       = 0
    Number of free particles        = 8535430
    Average linear kinetic energy   = 3.264795654e-19
    Average rotational energy       = 2.896423415e-20
    Average vibrational energy      = 4.665430485e-21
    Average electronic energy       = 0
    Total energy                    = 30.73687126

Stage 1.0  ExecutionTime = 498.09 s  ClockTime = 538 s  Iteration 3180 (0.21 s)

Time = 0.001276

    Collision global reduction skipped (rank 0 local diagnostics)
    Collisions                      = 2337
    Collision candidates           = 4367
    Collision acceptance rate      = 0.5351499886

    Number of DSMC particles        = 8543037
    Number of stuck particles       = 0
    Number of free particles        = 8543037
    Average linear kinetic energy   = 3.263059735e-19
    Average rotational energy       = 2.897218278e-20
    Average vibrational energy      = 4.665960871e-21
    Average electronic energy       = 0
    Total energy                    = 30.7501591

Stage 1.0  ExecutionTime = 499.94 s  ClockTime = 540 s  Iteration 3190 (0.22 s)

Time = 0.00128

    Collision global reduction skipped (rank 0 local diagnostics)
    Collisions                      = 2337
    Collision candidates           = 4366
    Collision acceptance rate      = 0.5352725607

    Number of DSMC particles        = 8550909
    Number of stuck particles       = 0
    Number of free particles        = 8550909
    Average linear kinetic energy   = 3.260604893e-19
    Average rotational energy       = 2.897776248e-20
    Average vibrational energy      = 4.669304336e-21
    Average electronic energy       = 0
    Total energy                    = 30.75826579

Stage 1.0  ExecutionTime = 501.81 s  ClockTime = 542 s  Iteration 3200 (0.23 s)

Time = 0.001284

    Collision global reduction skipped (rank 0 local diagnostics)
    Collisions                      = 2316
    Collision candidates           = 4361
    Collision acceptance rate      = 0.5310708553

    Number of DSMC particles        = 8559611
    Number of stuck particles       = 0
    Number of free particles        = 8559611
    Average linear kinetic energy   = 3.25814818e-19
    Average rotational energy       = 2.897690712e-20
    Average vibrational energy      = 4.669918258e-21
    Average electronic energy       = 0
    Total energy                    = 30.76851837

Stage 1.0  ExecutionTime = 503.67 s  ClockTime = 543 s  Iteration 3210 (0.22 s)

Time = 0.001288

    Collision global reduction skipped (rank 0 local diagnostics)
    Collisions                      = 2307
    Collision candidates           = 4413
    Collision acceptance rate      = 0.5227736234

    Number of DSMC particles        = 8568125
    Number of stuck particles       = 0
    Number of free particles        = 8568125
    Average linear kinetic energy   = 3.255837433e-19
    Average rotational energy       = 2.898108096e-20
    Average vibrational energy      = 4.671007834e-21
    Average electronic energy       = 0
    Total energy                    = 30.77977514

Stage 1.0  ExecutionTime = 505.52 s  ClockTime = 545 s  Iteration 3220 (0.22 s)

Time = 0.001292

    Collision global reduction skipped (rank 0 local diagnostics)
    Collisions                      = 2357
    Collision candidates           = 4412
    Collision acceptance rate      = 0.5342248413

    Number of DSMC particles        = 8577082
    Number of stuck particles       = 0
    Number of free particles        = 8577082
    Average linear kinetic energy   = 3.253614107e-19
    Average rotational energy       = 2.897132853e-20
    Average vibrational energy      = 4.672402157e-21
    Average electronic energy       = 0
    Total energy                    = 30.79216537

Stage 1.0  ExecutionTime = 507.37 s  ClockTime = 547 s  Iteration 3230 (0.22 s)

Time = 0.001296

    Collision global reduction skipped (rank 0 local diagnostics)
    Collisions                      = 2341
    Collision candidates           = 4462
    Collision acceptance rate      = 0.5246526221

    Number of DSMC particles        = 8585556
    Number of stuck particles       = 0
    Number of free particles        = 8585556
    Average linear kinetic energy   = 3.251644712e-19
    Average rotational energy       = 2.899765296e-20
    Average vibrational energy      = 4.678461568e-21
    Average electronic energy       = 0
    Total energy                    = 30.80845944

Stage 1.0  ExecutionTime = 509.24 s  ClockTime = 549 s  Iteration 3240 (0.22 s)

Time = 0.0013

    Collision global reduction skipped (rank 0 local diagnostics)
    Collisions                      = 2420
    Collision candidates           = 4494
    Collision acceptance rate      = 0.5384957721

    Number of DSMC particles        = 8594548
    Number of stuck particles       = 0
    Number of free particles        = 8594548
    Average linear kinetic energy   = 3.250605259e-19
    Average rotational energy       = 2.900217878e-20
    Average vibrational energy      = 4.683240364e-21
    Average electronic energy       = 0
    Total energy                    = 30.83259244

Stage 1.0  ExecutionTime = 511.1 s  ClockTime = 551 s  Iteration 3250 (0.21 s)

Time = 0.001304

    Collision global reduction skipped (rank 0 local diagnostics)
    Collisions                      = 2466
    Collision candidates           = 4488
    Collision acceptance rate      = 0.5494652406

    Number of DSMC particles        = 8603208
    Number of stuck particles       = 0
    Number of free particles        = 8603208
    Average linear kinetic energy   = 3.247495762e-19
    Average rotational energy       = 2.897496241e-20
    Average vibrational energy      = 4.682310006e-21
    Average electronic energy       = 0
    Total energy                    = 30.83448667

Stage 1.0  ExecutionTime = 512.96 s  ClockTime = 553 s  Iteration 3260 (0.22 s)

Time = 0.001308

    Collision global reduction skipped (rank 0 local diagnostics)
    Collisions                      = 2376
    Collision candidates           = 4472
    Collision acceptance rate      = 0.5313059034

    Number of DSMC particles        = 8611372
    Number of stuck particles       = 0
    Number of free particles        = 8611372
    Average linear kinetic energy   = 3.245134505e-19
    Average rotational energy       = 2.903033446e-20
    Average vibrational energy      = 4.692769671e-21
    Average electronic energy       = 0
    Total energy                    = 30.84908236

Stage 1.0  ExecutionTime = 514.83 s  ClockTime = 555 s  Iteration 3270 (0.22 s)

Time = 0.001312

    Collision global reduction skipped (rank 0 local diagnostics)
    Collisions                      = 2364
    Collision candidates           = 4457
    Collision acceptance rate      = 0.5304016154

    Number of DSMC particles        = 8619401
    Number of stuck particles       = 0
    Number of free particles        = 8619401
    Average linear kinetic energy   = 3.243836494e-19
    Average rotational energy       = 2.904530652e-20
    Average vibrational energy      = 4.699831417e-21
    Average electronic energy       = 0
    Total energy                    = 30.86855628

Stage 1.0  ExecutionTime = 516.7 s  ClockTime = 557 s  Iteration 3280 (0.22 s)

Time = 0.001316

    Collision global reduction skipped (rank 0 local diagnostics)
    Collisions                      = 2446
    Collision candidates           = 4434
    Collision acceptance rate      = 0.551646369

    Number of DSMC particles        = 8626901
    Number of stuck particles       = 0
    Number of free particles        = 8626901
    Average linear kinetic energy   = 3.241070344e-19
    Average rotational energy       = 2.904797319e-20
    Average vibrational energy      = 4.703132472e-21
    Average electronic energy       = 0
    Total energy                    = 30.87206746

Stage 1.0  ExecutionTime = 518.58 s  ClockTime = 558 s  Iteration 3290 (0.22 s)

Time = 0.00132

    Collision global reduction skipped (rank 0 local diagnostics)
    Collisions                      = 2391
    Collision candidates           = 4485
    Collision acceptance rate      = 0.5331103679

    Number of DSMC particles        = 8634592
    Number of stuck particles       = 0
    Number of free particles        = 8634592
    Average linear kinetic energy   = 3.238626205e-19
    Average rotational energy       = 2.907838e-20
    Average vibrational energy      = 4.709953277e-21
    Average electronic energy       = 0
    Total energy                    = 30.88170064

Stage 1.0  ExecutionTime = 520.46 s  ClockTime = 560 s  Iteration 3300 (0.22 s)

Time = 0.001324

    Collision global reduction skipped (rank 0 local diagnostics)
    Collisions                      = 2475
    Collision candidates           = 4540
    Collision acceptance rate      = 0.545154185

    Number of DSMC particles        = 8641921
    Number of stuck particles       = 0
    Number of free particles        = 8641921
    Average linear kinetic energy   = 3.236602173e-19
    Average rotational energy       = 2.908195186e-20
    Average vibrational energy      = 4.71455747e-21
    Average electronic energy       = 0
    Total energy                    = 30.89112793

Stage 1.0  ExecutionTime = 522.32 s  ClockTime = 562 s  Iteration 3310 (0.22 s)

Time = 0.001328

    Collision global reduction skipped (rank 0 local diagnostics)
    Collisions                      = 2383
    Collision candidates           = 4487
    Collision acceptance rate      = 0.531089815

    Number of DSMC particles        = 8649185
    Number of stuck particles       = 0
    Number of free particles        = 8649185
    Average linear kinetic energy   = 3.234692833e-19
    Average rotational energy       = 2.906659175e-20
    Average vibrational energy      = 4.714719595e-21
    Average electronic energy       = 0
    Total energy                    = 30.89926485

Stage 1.0  ExecutionTime = 524.2 s  ClockTime = 564 s  Iteration 3320 (0.22 s)

Time = 0.001332

    Collision global reduction skipped (rank 0 local diagnostics)
    Collisions                      = 2422
    Collision candidates           = 4502
    Collision acceptance rate      = 0.5379831186

    Number of DSMC particles        = 8656082
    Number of stuck particles       = 0
    Number of free particles        = 8656082
    Average linear kinetic energy   = 3.232622803e-19
    Average rotational energy       = 2.905209369e-20
    Average vibrational energy      = 4.711874034e-21
    Average electronic energy       = 0
    Total energy                    = 30.90448479

Stage 1.0  ExecutionTime = 526.07 s  ClockTime = 566 s  Iteration 3330 (0.22 s)

Time = 0.001336

    Collision global reduction skipped (rank 0 local diagnostics)
    Collisions                      = 2397
    Collision candidates           = 4514
    Collision acceptance rate      = 0.5310146212

    Number of DSMC particles        = 8662858
    Number of stuck particles       = 0
    Number of free particles        = 8662858
    Average linear kinetic energy   = 3.230947748e-19
    Average rotational energy       = 2.902346575e-20
    Average vibrational energy      = 4.710818679e-21
    Average electronic energy       = 0
    Total energy                    = 30.91159471

Stage 1.0  ExecutionTime = 527.94 s  ClockTime = 568 s  Iteration 3340 (0.22 s)

Time = 0.00134

    Collision global reduction skipped (rank 0 local diagnostics)
    Collisions                      = 2346
    Collision candidates           = 4470
    Collision acceptance rate      = 0.5248322148

    Number of DSMC particles        = 8669931
    Number of stuck particles       = 0
    Number of free particles        = 8669931
    Average linear kinetic energy   = 3.228462737e-19
    Average rotational energy       = 2.903300762e-20
    Average vibrational energy      = 4.716283936e-21
    Average electronic energy       = 0
    Total energy                    = 30.91658946

Stage 1.0  ExecutionTime = 529.82 s  ClockTime = 570 s  Iteration 3350 (0.23 s)

Time = 0.001344

    Collision global reduction skipped (rank 0 local diagnostics)
    Collisions                      = 2445
    Collision candidates           = 4491
    Collision acceptance rate      = 0.5444221777

    Number of DSMC particles        = 8676806
    Number of stuck particles       = 0
    Number of free particles        = 8676806
    Average linear kinetic energy   = 3.226589556e-19
    Average rotational energy       = 2.899698951e-20
    Average vibrational energy      = 4.713451461e-21
    Average electronic energy       = 0
    Total energy                    = 30.92148119

Stage 1.0  ExecutionTime = 531.69 s  ClockTime = 572 s  Iteration 3360 (0.22 s)

Time = 0.001348

    Collision global reduction skipped (rank 0 local diagnostics)
    Collisions                      = 2428
    Collision candidates           = 4544
    Collision acceptance rate      = 0.5343309859

    Number of DSMC particles        = 8683820
    Number of stuck particles       = 0
    Number of free particles        = 8683820
    Average linear kinetic energy   = 3.223013194e-19
    Average rotational energy       = 2.901099934e-20
    Average vibrational energy      = 4.719044481e-21
    Average electronic energy       = 0
    Total energy                    = 30.91712272

Stage 1.0  ExecutionTime = 533.56 s  ClockTime = 574 s  Iteration 3370 (0.23 s)

Time = 0.001352

    Collision global reduction skipped (rank 0 local diagnostics)
    Collisions                      = 2454
    Collision candidates           = 4507
    Collision acceptance rate      = 0.5444863546

    Number of DSMC particles        = 8689805
    Number of stuck particles       = 0
    Number of free particles        = 8689805
    Average linear kinetic energy   = 3.219316534e-19
    Average rotational energy       = 2.902457875e-20
    Average vibrational energy      = 4.724258736e-21
    Average electronic energy       = 0
    Total energy                    = 30.90794108

Stage 1.0  ExecutionTime = 535.44 s  ClockTime = 575 s  Iteration 3380 (0.23 s)

Time = 0.001356

    Collision global reduction skipped (rank 0 local diagnostics)
    Collisions                      = 2376
    Collision candidates           = 4485
    Collision acceptance rate      = 0.5297658863

    Number of DSMC particles        = 8695693
    Number of stuck particles       = 0
    Number of free particles        = 8695693
    Average linear kinetic energy   = 3.217195405e-19
    Average rotational energy       = 2.903972257e-20
    Average vibrational energy      = 4.727059484e-21
    Average electronic energy       = 0
    Total energy                    = 30.91199927

Stage 1.0  ExecutionTime = 537.31 s  ClockTime = 577 s  Iteration 3390 (0.22 s)

Time = 0.00136

    Collision global reduction skipped (rank 0 local diagnostics)
    Collisions                      = 2428
    Collision candidates           = 4504
    Collision acceptance rate      = 0.5390763766

    Number of DSMC particles        = 8701993
    Number of stuck particles       = 0
    Number of free particles        = 8701993
    Average linear kinetic energy   = 3.214354647e-19
    Average rotational energy       = 2.9074917e-20
    Average vibrational energy      = 4.732068194e-21
    Average electronic energy       = 0
    Total energy                    = 30.91317312

Stage 1.0  ExecutionTime = 539.19 s  ClockTime = 579 s  Iteration 3400 (0.23 s)

Time = 0.001364

    Collision global reduction skipped (rank 0 local diagnostics)
    Collisions                      = 2421
    Collision candidates           = 4485
    Collision acceptance rate      = 0.5397993311

    Number of DSMC particles        = 8708873
    Number of stuck particles       = 0
    Number of free particles        = 8708873
    Average linear kinetic energy   = 3.21278138e-19
    Average rotational energy       = 2.909613944e-20
    Average vibrational energy      = 4.737187994e-21
    Average electronic energy       = 0
    Total energy                    = 30.92620654

Stage 1.0  ExecutionTime = 541.08 s  ClockTime = 581 s  Iteration 3410 (0.23 s)

Time = 0.001368

    Collision global reduction skipped (rank 0 local diagnostics)
    Collisions                      = 2446
    Collision candidates           = 4489
    Collision acceptance rate      = 0.5448875028

    Number of DSMC particles        = 8715759
    Number of stuck particles       = 0
    Number of free particles        = 8715759
    Average linear kinetic energy   = 3.210539427e-19
    Average rotational energy       = 2.912976858e-20
    Average vibrational energy      = 4.741088683e-21
    Average electronic energy       = 0
    Total energy                    = 30.9343902

Stage 1.0  ExecutionTime = 542.97 s  ClockTime = 583 s  Iteration 3420 (0.23 s)

Time = 0.001372

    Collision global reduction skipped (rank 0 local diagnostics)
    Collisions                      = 2439
    Collision candidates           = 4512
    Collision acceptance rate      = 0.5405585106

    Number of DSMC particles        = 8723006
    Number of stuck particles       = 0
    Number of free particles        = 8723006
    Average linear kinetic energy   = 3.209260885e-19
    Average rotational energy       = 2.913026632e-20
    Average vibrational energy      = 4.740940336e-21
    Average electronic energy       = 0
    Total energy                    = 30.94898934

Stage 1.0  ExecutionTime = 544.85 s  ClockTime = 585 s  Iteration 3430 (0.22 s)

Time = 0.001376

    Collision global reduction skipped (rank 0 local diagnostics)
    Collisions                      = 2463
    Collision candidates           = 4599
    Collision acceptance rate      = 0.5355512068

    Number of DSMC particles        = 8730433
    Number of stuck particles       = 0
    Number of free particles        = 8730433
    Average linear kinetic energy   = 3.206121073e-19
    Average rotational energy       = 2.914209926e-20
    Average vibrational energy      = 4.745220677e-21
    Average electronic energy       = 0
    Total energy                    = 30.94933498

Stage 1.0  ExecutionTime = 546.75 s  ClockTime = 587 s  Iteration 3440 (0.23 s)

Time = 0.00138

    Collision global reduction skipped (rank 0 local diagnostics)
    Collisions                      = 2490
    Collision candidates           = 4583
    Collision acceptance rate      = 0.5433122409

    Number of DSMC particles        = 8736835
    Number of stuck particles       = 0
    Number of free particles        = 8736835
    Average linear kinetic energy   = 3.204369683e-19
    Average rotational energy       = 2.917497524e-20
    Average vibrational energy      = 4.752338361e-21
    Average electronic energy       = 0
    Total energy                    = 30.96022261

Stage 1.0  ExecutionTime = 548.63 s  ClockTime = 589 s  Iteration 3450 (0.23 s)

Time = 0.001384

    Collision global reduction skipped (rank 0 local diagnostics)
    Collisions                      = 2040
    Collision candidates           = 3812
    Collision acceptance rate      = 0.5351521511

    Number of DSMC particles        = 8743166
    Number of stuck particles       = 0
    Number of free particles        = 8743166
    Average linear kinetic energy   = 3.202290474e-19
    Average rotational energy       = 2.917677406e-20
    Average vibrational energy      = 4.752677017e-21
    Average electronic energy       = 0
    Total energy                    = 30.96466542

Stage 1.0  ExecutionTime = 550.52 s  ClockTime = 591 s  Iteration 3460 (0.23 s)

Time = 0.001388

    Collision global reduction skipped (rank 0 local diagnostics)
    Collisions                      = 2427
    Collision candidates           = 4647
    Collision acceptance rate      = 0.5222724338

    Number of DSMC particles        = 8750631
    Number of stuck particles       = 0
    Number of free particles        = 8750631
    Average linear kinetic energy   = 3.200736765e-19
    Average rotational energy       = 2.919183024e-20
    Average vibrational energy      = 4.756394664e-21
    Average electronic energy       = 0
    Total energy                    = 30.97915025

Stage 1.0  ExecutionTime = 552.41 s  ClockTime = 593 s  Iteration 3470 (0.23 s)

Time = 0.001392

    Collision global reduction skipped (rank 0 local diagnostics)
    Collisions                      = 2537
    Collision candidates           = 4677
    Collision acceptance rate      = 0.5424417362

    Number of DSMC particles        = 8757474
    Number of stuck particles       = 0
    Number of free particles        = 8757474
    Average linear kinetic energy   = 3.199085374e-19
    Average rotational energy       = 2.92131897e-20
    Average vibrational energy      = 4.762647487e-21
    Average electronic energy       = 0
    Total energy                    = 30.9913321

Stage 1.0  ExecutionTime = 554.32 s  ClockTime = 594 s  Iteration 3480 (0.23 s)

Time = 0.001396

    Collision global reduction skipped (rank 0 local diagnostics)
    Collisions                      = 2501
    Collision candidates           = 4662
    Collision acceptance rate      = 0.5364650365

    Number of DSMC particles        = 8763625
    Number of stuck particles       = 0
    Number of free particles        = 8763625
    Average linear kinetic energy   = 3.197117365e-19
    Average rotational energy       = 2.922701e-20
    Average vibrational energy      = 4.766380097e-21
    Average electronic energy       = 0
    Total energy                    = 30.9973909

Stage 1.0  ExecutionTime = 556.21 s  ClockTime = 596 s  Iteration 3490 (0.22 s)

Time = 0.0014

    Collision global reduction skipped (rank 0 local diagnostics)
    Collisions                      = 2532
    Collision candidates           = 4688
    Collision acceptance rate      = 0.5401023891


Phase C auto DLB triggered (threshold) at step 3500: sar=-0.0236402627 loadImbalance=1.504088069 threshold=1.5 particleMaxMin=1
Phase C ParMETIS weights: particles=8769467 activeCells=104151 maxCellParticles=228
Phase C ParMETIS: alpha=1 ncon=1 ubvec=[1.05] moveRatio=0.9483072181 (moveT=232.2417847s, collT=12.65963571s)
Phase C ParMETIS: AdaptiveRepart (104151 cells, 1 constraints, ubvec=1.05)
Replicated mesh: rank 0 owns 2828 / 104151 cells
Local mesh: 2828 owned + 125 halo = 2953 / 104151 cells
Phase C ParMETIS AdaptiveRepart: 78989 / 104151 cells changed (0.7584084646)
Phase C auto DLB complete: rebalance #46

    Number of DSMC particles        = 8769467
    Number of stuck particles       = 0
    Number of free particles        = 8769467
    Average linear kinetic energy   = 3.195213747e-19
    Average rotational energy       = 2.922467413e-20
    Average vibrational energy      = 4.765616366e-21
    Average electronic energy       = 0
    Total energy                    = 31.00108882

Stage 1.0  ExecutionTime = 558.3 s  ClockTime = 598 s  Iteration 3500 (0.4 s)

Time = 0.001404

    Collision global reduction skipped (rank 0 local diagnostics)
    Collisions                      = 2916
    Collision candidates           = 5386
    Collision acceptance rate      = 0.5414036391

    Number of DSMC particles        = 8775461
    Number of stuck particles       = 0
    Number of free particles        = 8775461
    Average linear kinetic energy   = 3.191866317e-19
    Average rotational energy       = 2.931522414e-20
    Average vibrational energy      = 4.779258687e-21
    Average electronic energy       = 0
    Total energy                    = 31.00204643

Stage 1.0  ExecutionTime = 560.07 s  ClockTime = 600 s  Iteration 3510 (0.2 s)

Time = 0.001408

    Collision global reduction skipped (rank 0 local diagnostics)
    Collisions                      = 2946
    Collision candidates           = 5452
    Collision acceptance rate      = 0.5403521643

    Number of DSMC particles        = 8781663
    Number of stuck particles       = 0
    Number of free particles        = 8781663
    Average linear kinetic energy   = 3.188718715e-19
    Average rotational energy       = 2.937444259e-20
    Average vibrational energy      = 4.792918129e-21
    Average electronic energy       = 0
    Total energy                    = 31.00271563

Stage 1.0  ExecutionTime = 561.86 s  ClockTime = 602 s  Iteration 3520 (0.2 s)

Time = 0.001412

    Collision global reduction skipped (rank 0 local diagnostics)
    Collisions                      = 2939
    Collision candidates           = 5509
    Collision acceptance rate      = 0.5334906517

    Number of DSMC particles        = 8787722
    Number of stuck particles       = 0
    Number of free particles        = 8787722
    Average linear kinetic energy   = 3.186298778e-19
    Average rotational energy       = 2.941860032e-20
    Average vibrational energy      = 4.80275579e-21
    Average electronic energy       = 0
    Total energy                    = 31.00758551

Stage 1.0  ExecutionTime = 563.66 s  ClockTime = 604 s  Iteration 3530 (0.2 s)

Time = 0.001416

    Collision global reduction skipped (rank 0 local diagnostics)
    Collisions                      = 2970
    Collision candidates           = 5523
    Collision acceptance rate      = 0.5377512222

    Number of DSMC particles        = 8794115
    Number of stuck particles       = 0
    Number of free particles        = 8794115
    Average linear kinetic energy   = 3.184311466e-19
    Average rotational energy       = 2.949627552e-20
    Average vibrational energy      = 4.816614929e-21
    Average electronic energy       = 0
    Total energy                    = 31.02071628

Stage 1.0  ExecutionTime = 565.46 s  ClockTime = 606 s  Iteration 3540 (0.19 s)

Time = 0.00142

    Collision global reduction skipped (rank 0 local diagnostics)
    Collisions                      = 1747
    Collision candidates           = 3283
    Collision acceptance rate      = 0.5321352422


Phase C auto DLB triggered (threshold) at step 3550: sar=0 loadImbalance=2.035128324 threshold=1.5 particleMaxMin=1
Phase C ParMETIS weights: particles=8801031 activeCells=104151 maxCellParticles=223
Phase C ParMETIS: alpha=1 ncon=1 ubvec=[1.05] moveRatio=0.9479155892 (moveT=236.9032965s, collT=13.01694872s)
Phase C ParMETIS: AdaptiveRepart (104151 cells, 1 constraints, ubvec=1.05)
Replicated mesh: rank 0 owns 2828 / 104151 cells
Local mesh: 2828 owned + 125 halo = 2953 / 104151 cells
Phase C ParMETIS AdaptiveRepart: 256 / 104151 cells changed (0.002457969679)
Phase C auto DLB complete: rebalance #47

    Number of DSMC particles        = 8801031
    Number of stuck particles       = 0
    Number of free particles        = 8801031
    Average linear kinetic energy   = 3.183835425e-19
    Average rotational energy       = 2.94839015e-20
    Average vibrational energy      = 4.818997353e-21
    Average electronic energy       = 0
    Total energy                    = 31.04004303

Stage 1.0  ExecutionTime = 567.31 s  ClockTime = 608 s  Iteration 3550 (0.25 s)

Time = 0.001424

    Collision global reduction skipped (rank 0 local diagnostics)
    Collisions                      = 1311
    Collision candidates           = 2568
    Collision acceptance rate      = 0.5105140187

    Number of DSMC particles        = 8807579
    Number of stuck particles       = 0
    Number of free particles        = 8807579
    Average linear kinetic energy   = 3.183441099e-19
    Average rotational energy       = 2.950967496e-20
    Average vibrational energy      = 4.823468383e-21
    Average electronic energy       = 0
    Total energy                    = 31.06232769

Stage 1.0  ExecutionTime = 569.11 s  ClockTime = 609 s  Iteration 3560 (0.2 s)

Time = 0.001428

    Collision global reduction skipped (rank 0 local diagnostics)
    Collisions                      = 3049
    Collision candidates           = 5564
    Collision acceptance rate      = 0.5479870597

    Number of DSMC particles        = 8814391
    Number of stuck particles       = 0
    Number of free particles        = 8814391
    Average linear kinetic energy   = 3.18299983e-19
    Average rotational energy       = 2.951177889e-20
    Average vibrational energy      = 4.825273238e-21
    Average electronic energy       = 0
    Total energy                    = 31.08280709

Stage 1.0  ExecutionTime = 570.92 s  ClockTime = 611 s  Iteration 3570 (0.21 s)

Time = 0.001432

    Collision global reduction skipped (rank 0 local diagnostics)
    Collisions                      = 2829
    Collision candidates           = 5321
    Collision acceptance rate      = 0.5316669799

    Number of DSMC particles        = 8820941
    Number of stuck particles       = 0
    Number of free particles        = 8820941
    Average linear kinetic energy   = 3.181899125e-19
    Average rotational energy       = 2.950382485e-20
    Average vibrational energy      = 4.825953972e-21
    Average electronic energy       = 0
    Total energy                    = 31.09555399

Stage 1.0  ExecutionTime = 572.73 s  ClockTime = 613 s  Iteration 3580 (0.2 s)

Time = 0.001436

    Collision global reduction skipped (rank 0 local diagnostics)
    Collisions                      = 2944
    Collision candidates           = 5598
    Collision acceptance rate      = 0.5259021079

    Number of DSMC particles        = 8827459
    Number of stuck particles       = 0
    Number of free particles        = 8827459
    Average linear kinetic energy   = 3.180089582e-19
    Average rotational energy       = 2.951065357e-20
    Average vibrational energy      = 4.826985662e-21
    Average electronic energy       = 0
    Total energy                    = 31.10325143

Stage 1.0  ExecutionTime = 574.53 s  ClockTime = 615 s  Iteration 3590 (0.19 s)

Time = 0.00144

    Collision global reduction skipped (rank 0 local diagnostics)
    Collisions                      = 2999
    Collision candidates           = 5650
    Collision acceptance rate      = 0.5307964602


Phase C auto DLB triggered (threshold) at step 3600: sar=0 loadImbalance=1.698677248 threshold=1.5 particleMaxMin=1
Phase C ParMETIS weights: particles=8833585 activeCells=104151 maxCellParticles=222
Phase C ParMETIS: alpha=1 ncon=1 ubvec=[1.05] moveRatio=0.9475175512 (moveT=241.6436838s, collT=13.38450381s)
Phase C ParMETIS: AdaptiveRepart (104151 cells, 1 constraints, ubvec=1.05)
Replicated mesh: rank 0 owns 2769 / 104151 cells
Local mesh: 2769 owned + 120 halo = 2889 / 104151 cells
Phase C ParMETIS AdaptiveRepart: 67304 / 104151 cells changed (0.6462155908)
Phase C auto DLB complete: rebalance #48

    Number of DSMC particles        = 8833585
    Number of stuck particles       = 0
    Number of free particles        = 8833585
    Average linear kinetic energy   = 3.178817465e-19
    Average rotational energy       = 2.953570414e-20
    Average vibrational energy      = 4.830539926e-21
    Average electronic energy       = 0
    Total energy                    = 31.11612566

Stage 1.0  ExecutionTime = 576.5 s  ClockTime = 617 s  Iteration 3600 (0.34 s)

Time = 0.001444

    Collision global reduction skipped (rank 0 local diagnostics)
    Collisions                      = 3041
    Collision candidates           = 5615
    Collision acceptance rate      = 0.5415850401

    Number of DSMC particles        = 8839260
    Number of stuck particles       = 0
    Number of free particles        = 8839260
    Average linear kinetic energy   = 3.17695642e-19
    Average rotational energy       = 2.961646894e-20
    Average vibrational energy      = 4.844411014e-21
    Average electronic energy       = 0
    Total energy                    = 31.12803059

Stage 1.0  ExecutionTime = 578.3 s  ClockTime = 619 s  Iteration 3610 (0.19 s)

Time = 0.001448

    Collision global reduction skipped (rank 0 local diagnostics)
    Collisions                      = 3038
    Collision candidates           = 5613
    Collision acceptance rate      = 0.5412435418

    Number of DSMC particles        = 8844803
    Number of stuck particles       = 0
    Number of free particles        = 8844803
    Average linear kinetic energy   = 3.177163952e-19
    Average rotational energy       = 2.963375933e-20
    Average vibrational energy      = 4.848324931e-21
    Average electronic energy       = 0
    Total energy                    = 31.15126168

Stage 1.0  ExecutionTime = 580.11 s  ClockTime = 620 s  Iteration 3620 (0.19 s)

Time = 0.001452

    Collision global reduction skipped (rank 0 local diagnostics)
    Collisions                      = 3024
    Collision candidates           = 5636
    Collision acceptance rate      = 0.5365507452

    Number of DSMC particles        = 8850396
    Number of stuck particles       = 0
    Number of free particles        = 8850396
    Average linear kinetic energy   = 3.17567125e-19
    Average rotational energy       = 2.966597033e-20
    Average vibrational energy      = 4.856275002e-21
    Average electronic energy       = 0
    Total energy                    = 31.16130354

Stage 1.0  ExecutionTime = 581.94 s  ClockTime = 622 s  Iteration 3630 (0.2 s)

Time = 0.001456

    Collision global reduction skipped (rank 0 local diagnostics)
    Collisions                      = 2997
    Collision candidates           = 5635
    Collision acceptance rate      = 0.5318544809

    Number of DSMC particles        = 8855185
    Number of stuck particles       = 0
    Number of free particles        = 8855185
    Average linear kinetic energy   = 3.175021074e-19
    Average rotational energy       = 2.966269155e-20
    Average vibrational energy      = 4.859874495e-21
    Average electronic energy       = 0
    Total energy                    = 31.17243607

Stage 1.0  ExecutionTime = 583.78 s  ClockTime = 624 s  Iteration 3640 (0.19 s)

Time = 0.00146

    Collision global reduction skipped (rank 0 local diagnostics)
    Collisions                      = 2678
    Collision candidates           = 4934
    Collision acceptance rate      = 0.5427644913


Phase C auto DLB triggered (threshold) at step 3650: sar=0 loadImbalance=1.982943541 threshold=1.5 particleMaxMin=1
Phase C ParMETIS weights: particles=8860149 activeCells=104151 maxCellParticles=214
Phase C ParMETIS: alpha=1 ncon=1 ubvec=[1.05] moveRatio=0.9472040599 (moveT=246.3686196s, collT=13.73227104s)
Phase C ParMETIS: AdaptiveRepart (104151 cells, 1 constraints, ubvec=1.05)
Replicated mesh: rank 0 owns 2759 / 104151 cells
Local mesh: 2759 owned + 117 halo = 2876 / 104151 cells
Phase C ParMETIS AdaptiveRepart: 147 / 104151 cells changed (0.001411412276)
Phase C auto DLB complete: rebalance #49

    Number of DSMC particles        = 8860149
    Number of stuck particles       = 0
    Number of free particles        = 8860149
    Average linear kinetic energy   = 3.173265016e-19
    Average rotational energy       = 2.966159316e-20
    Average vibrational energy      = 4.864396427e-21
    Average electronic energy       = 0
    Total energy                    = 31.17465498

Stage 1.0  ExecutionTime = 585.67 s  ClockTime = 626 s  Iteration 3650 (0.25 s)

Time = 0.001464

    Collision global reduction skipped (rank 0 local diagnostics)
    Collisions                      = 2079
    Collision candidates           = 4000
    Collision acceptance rate      = 0.51975

    Number of DSMC particles        = 8865142
    Number of stuck particles       = 0
    Number of free particles        = 8865142
    Average linear kinetic energy   = 3.17163013e-19
    Average rotational energy       = 2.969898604e-20
    Average vibrational energy      = 4.869922235e-21
    Average electronic energy       = 0
    Total energy                    = 31.18153428

Stage 1.0  ExecutionTime = 587.53 s  ClockTime = 628 s  Iteration 3660 (0.2 s)

Time = 0.001468

    Collision global reduction skipped (rank 0 local diagnostics)
    Collisions                      = 3024
    Collision candidates           = 5581
    Collision acceptance rate      = 0.5418383802

    Number of DSMC particles        = 8869091
    Number of stuck particles       = 0
    Number of free particles        = 8869091
    Average linear kinetic energy   = 3.169833639e-19
    Average rotational energy       = 2.96790959e-20
    Average vibrational energy      = 4.86536258e-21
    Average electronic energy       = 0
    Total energy                    = 31.17732245

Stage 1.0  ExecutionTime = 589.39 s  ClockTime = 630 s  Iteration 3670 (0.2 s)

Time = 0.001472

    Collision global reduction skipped (rank 0 local diagnostics)
    Collisions                      = 2989
    Collision candidates           = 5530
    Collision acceptance rate      = 0.5405063291

    Number of DSMC particles        = 8873498
    Number of stuck particles       = 0
    Number of free particles        = 8873498
    Average linear kinetic energy   = 3.166196339e-19
    Average rotational energy       = 2.968306787e-20
    Average vibrational energy      = 4.867994889e-21
    Average electronic energy       = 0
    Total energy                    = 31.16112474

Stage 1.0  ExecutionTime = 591.27 s  ClockTime = 632 s  Iteration 3680 (0.2 s)

Time = 0.001476

    Collision global reduction skipped (rank 0 local diagnostics)
    Collisions                      = 3069
    Collision candidates           = 5590
    Collision acceptance rate      = 0.5490161002

    Number of DSMC particles        = 8877817
    Number of stuck particles       = 0
    Number of free particles        = 8877817
    Average linear kinetic energy   = 3.163304196e-19
    Average rotational energy       = 2.972511733e-20
    Average vibrational energy      = 4.875852512e-21
    Average electronic energy       = 0
    Total energy                    = 31.15504655

Stage 1.0  ExecutionTime = 593.22 s  ClockTime = 634 s  Iteration 3690 (0.21 s)

Time = 0.00148

    Collision global reduction skipped (rank 0 local diagnostics)
    Collisions                      = 3023
    Collision candidates           = 5632
    Collision acceptance rate      = 0.5367542614


Phase C auto DLB triggered (threshold) at step 3700: sar=0 loadImbalance=1.669526161 threshold=1.5 particleMaxMin=1
Phase C ParMETIS weights: particles=8881731 activeCells=104151 maxCellParticles=200
Phase C ParMETIS: alpha=1 ncon=1 ubvec=[1.05] moveRatio=0.9468739725 (moveT=251.0946561s, collT=14.08810676s)
Phase C ParMETIS: AdaptiveRepart (104151 cells, 1 constraints, ubvec=1.05)
Replicated mesh: rank 0 owns 2719 / 104151 cells
Local mesh: 2719 owned + 110 halo = 2829 / 104151 cells
Phase C ParMETIS AdaptiveRepart: 80424 / 104151 cells changed (0.7721865369)
Phase C auto DLB complete: rebalance #50

    Number of DSMC particles        = 8881731
    Number of stuck particles       = 0
    Number of free particles        = 8881731
    Average linear kinetic energy   = 3.160931987e-19
    Average rotational energy       = 2.97047108e-20
    Average vibrational energy      = 4.876038936e-21
    Average electronic energy       = 0
    Total energy                    = 31.14591678

Stage 1.0  ExecutionTime = 595.26 s  ClockTime = 636 s  Iteration 3700 (0.36 s)

Time = 0.001484

    Collision global reduction skipped (rank 0 local diagnostics)
    Collisions                      = 3076
    Collision candidates           = 5730
    Collision acceptance rate      = 0.5368237347

    Number of DSMC particles        = 8885129
    Number of stuck particles       = 0
    Number of free particles        = 8885129
    Average linear kinetic energy   = 3.156928101e-19
    Average rotational energy       = 2.975134387e-20
    Average vibrational energy      = 4.884263635e-21
    Average electronic energy       = 0
    Total energy                    = 31.12713183

Stage 1.0  ExecutionTime = 597.08 s  ClockTime = 637 s  Iteration 3710 (0.19 s)

Time = 0.001488

    Collision global reduction skipped (rank 0 local diagnostics)
    Collisions                      = 3075
    Collision candidates           = 5720
    Collision acceptance rate      = 0.5375874126

    Number of DSMC particles        = 8888689
    Number of stuck particles       = 0
    Number of free particles        = 8888689
    Average linear kinetic energy   = 3.15423136e-19
    Average rotational energy       = 2.978069215e-20
    Average vibrational energy      = 4.88796883e-21
    Average electronic energy       = 0
    Total energy                    = 31.11857105

Stage 1.0  ExecutionTime = 598.94 s  ClockTime = 639 s  Iteration 3720 (0.2 s)

Time = 0.001492

    Collision global reduction skipped (rank 0 local diagnostics)
    Collisions                      = 3038
    Collision candidates           = 5738
    Collision acceptance rate      = 0.529452771

    Number of DSMC particles        = 8892845
    Number of stuck particles       = 0
    Number of free particles        = 8892845
    Average linear kinetic energy   = 3.151766667e-19
    Average rotational energy       = 2.976980101e-20
    Average vibrational energy      = 4.888929854e-21
    Average electronic energy       = 0
    Total energy                    = 31.11031966

Stage 1.0  ExecutionTime = 600.78 s  ClockTime = 641 s  Iteration 3730 (0.19 s)

Time = 0.001496

    Collision global reduction skipped (rank 0 local diagnostics)
    Collisions                      = 3121
    Collision candidates           = 5738
    Collision acceptance rate      = 0.5439177414

    Number of DSMC particles        = 8897685
    Number of stuck particles       = 0
    Number of free particles        = 8897685
    Average linear kinetic energy   = 3.149523729e-19
    Average rotational energy       = 2.977566611e-20
    Average vibrational energy      = 4.892590356e-21
    Average electronic energy       = 0
    Total energy                    = 31.1081423

Stage 1.0  ExecutionTime = 602.61 s  ClockTime = 643 s  Iteration 3740 (0.19 s)

Time = 0.0015

    Collision global reduction skipped (rank 0 local diagnostics)
    Collisions                      = 3125
    Collision candidates           = 5751
    Collision acceptance rate      = 0.5433837593


Phase C auto DLB triggered (threshold) at step 3750: sar=0 loadImbalance=2.02538189 threshold=1.5 particleMaxMin=1
Phase C ParMETIS weights: particles=8902859 activeCells=104151 maxCellParticles=202
Phase C ParMETIS: alpha=1 ncon=1 ubvec=[1.05] moveRatio=0.94662394 (moveT=255.8405299s, collT=14.42574913s)
Phase C ParMETIS: AdaptiveRepart (104151 cells, 1 constraints, ubvec=1.05)
Replicated mesh: rank 0 owns 2718 / 104151 cells
Local mesh: 2718 owned + 110 halo = 2828 / 104151 cells
Phase C ParMETIS AdaptiveRepart: 5292 / 104151 cells changed (0.05081084195)
Phase C auto DLB complete: rebalance #51

    Number of DSMC particles        = 8902859
    Number of stuck particles       = 0
    Number of free particles        = 8902859
    Average linear kinetic energy   = 3.148776379e-19
    Average rotational energy       = 2.974959674e-20
    Average vibrational energy      = 4.892852661e-21
    Average electronic energy       = 0
    Total energy                    = 31.11728055
Replicated mesh: wrote gathered cloud on rank0 at output time 0.0015 with 8902859 parcels
Written cellOwner field at output time 0.0015
Replicated mesh output timing:
    gather parcels [s]       = 1.54
    rank0 write [s]           = 22.02
    migrate-back [s]          = 1.34


Stage 1.0  ExecutionTime = 631.68 s  ClockTime = 672 s  Iteration 3750 (27.43 s)

    Maximum imbalance = 9.297990679%

Time = 0.001504

    Collision global reduction skipped (rank 0 local diagnostics)
    Collisions                      = 2801
    Collision candidates           = 5256
    Collision acceptance rate      = 0.5329147641

    Number of DSMC particles        = 8908423
    Number of stuck particles       = 0
    Number of free particles        = 8908423
    Average linear kinetic energy   = 3.147128575e-19
    Average rotational energy       = 2.97741401e-20
    Average vibrational energy      = 4.898537004e-21
    Average electronic energy       = 0
    Total energy                    = 31.12474132

Stage 1.0  ExecutionTime = 633.51 s  ClockTime = 674 s  Iteration 3760 (0.19 s)

Time = 0.001508

    Collision global reduction skipped (rank 0 local diagnostics)
    Collisions                      = 1984
    Collision candidates           = 3799
    Collision acceptance rate      = 0.5222426954

    Number of DSMC particles        = 8914376
    Number of stuck particles       = 0
    Number of free particles        = 8914376
    Average linear kinetic energy   = 3.146204532e-19
    Average rotational energy       = 2.97784215e-20
    Average vibrational energy      = 4.898967169e-21
    Average electronic energy       = 0
    Total energy                    = 31.13772299

Stage 1.0  ExecutionTime = 635.34 s  ClockTime = 676 s  Iteration 3770 (0.19 s)

Time = 0.001512

    Collision global reduction skipped (rank 0 local diagnostics)
    Collisions                      = 3120
    Collision candidates           = 5709
    Collision acceptance rate      = 0.5465055176

    Number of DSMC particles        = 8920204
    Number of stuck particles       = 0
    Number of free particles        = 8920204
    Average linear kinetic energy   = 3.145276679e-19
    Average rotational energy       = 2.976763443e-20
    Average vibrational energy      = 4.898719655e-21
    Average electronic energy       = 0
    Total energy                    = 31.14881912

Stage 1.0  ExecutionTime = 637.17 s  ClockTime = 678 s  Iteration 3780 (0.19 s)

Time = 0.001516

    Collision global reduction skipped (rank 0 local diagnostics)
    Collisions                      = 3011
    Collision candidates           = 5734
    Collision acceptance rate      = 0.5251133589

    Number of DSMC particles        = 8926230
    Number of stuck particles       = 0
    Number of free particles        = 8926230
    Average linear kinetic energy   = 3.14504876e-19
    Average rotational energy       = 2.97356589e-20
    Average vibrational energy      = 4.893466779e-21
    Average electronic energy       = 0
    Total energy                    = 31.164504

Stage 1.0  ExecutionTime = 638.97 s  ClockTime = 680 s  Iteration 3790 (0.19 s)

Time = 0.00152

    Collision global reduction skipped (rank 0 local diagnostics)
    Collisions                      = 3017
    Collision candidates           = 5688
    Collision acceptance rate      = 0.5304149086


Phase C auto DLB triggered (threshold) at step 3800: sar=0 loadImbalance=5.216223291e+15 threshold=1.5 particleMaxMin=1
Phase C ParMETIS weights: particles=8932130 activeCells=104151 maxCellParticles=202
Phase C ParMETIS: alpha=1 ncon=1 ubvec=[1.05] moveRatio=0.9464132515 (moveT=260.6718373s, collT=14.75946808s)
Phase C ParMETIS: AdaptiveRepart (104151 cells, 1 constraints, ubvec=1.05)
Replicated mesh: rank 0 owns 2718 / 104151 cells
Local mesh: 2718 owned + 110 halo = 2828 / 104151 cells
Phase C ParMETIS AdaptiveRepart: 116 / 104151 cells changed (0.001113767511)
Phase C auto DLB complete: rebalance #52

    Number of DSMC particles        = 8932130
    Number of stuck particles       = 0
    Number of free particles        = 8932130
    Average linear kinetic energy   = 3.144108854e-19
    Average rotational energy       = 2.973661069e-20
    Average vibrational energy      = 4.894146198e-21
    Average electronic energy       = 0
    Total energy                    = 31.17685324

Stage 1.0  ExecutionTime = 640.82 s  ClockTime = 682 s  Iteration 3800 (0.24 s)

Time = 0.001524

    Collision global reduction skipped (rank 0 local diagnostics)
    Collisions                      = 3116
    Collision candidates           = 5724
    Collision acceptance rate      = 0.5443745632

    Number of DSMC particles        = 8937617
    Number of stuck particles       = 0
    Number of free particles        = 8937617
    Average linear kinetic energy   = 3.142993703e-19
    Average rotational energy       = 2.973837981e-20
    Average vibrational energy      = 4.891305994e-21
    Average electronic energy       = 0
    Total energy                    = 31.18594264

Stage 1.0  ExecutionTime = 642.63 s  ClockTime = 683 s  Iteration 3810 (0.19 s)

Time = 0.001528

    Collision global reduction skipped (rank 0 local diagnostics)
    Collisions                      = 3054
    Collision candidates           = 5709
    Collision acceptance rate      = 0.534944824

    Number of DSMC particles        = 8942786
    Number of stuck particles       = 0
    Number of free particles        = 8942786
    Average linear kinetic energy   = 3.1415565e-19
    Average rotational energy       = 2.974412029e-20
    Average vibrational energy      = 4.894345199e-21
    Average electronic energy       = 0
    Total energy                    = 31.19191133

Stage 1.0  ExecutionTime = 644.44 s  ClockTime = 685 s  Iteration 3820 (0.19 s)

Time = 0.001532

    Collision global reduction skipped (rank 0 local diagnostics)
    Collisions                      = 3140
    Collision candidates           = 5704
    Collision acceptance rate      = 0.5504908836

    Number of DSMC particles        = 8947907
    Number of stuck particles       = 0
    Number of free particles        = 8947907
    Average linear kinetic energy   = 3.140207228e-19
    Average rotational energy       = 2.97710042e-20
    Average vibrational energy      = 4.899000828e-21
    Average electronic energy       = 0
    Total energy                    = 31.20052205

Stage 1.0  ExecutionTime = 646.27 s  ClockTime = 687 s  Iteration 3830 (0.19 s)

Time = 0.001536

    Collision global reduction skipped (rank 0 local diagnostics)
    Collisions                      = 3057
    Collision candidates           = 5728
    Collision acceptance rate      = 0.5336941341

    Number of DSMC particles        = 8953289
    Number of stuck particles       = 0
    Number of free particles        = 8953289
    Average linear kinetic energy   = 3.139907801e-19
    Average rotational energy       = 2.975409185e-20
    Average vibrational energy      = 4.897597309e-21
    Average electronic energy       = 0
    Total energy                    = 31.21496785

Stage 1.0  ExecutionTime = 648.09 s  ClockTime = 689 s  Iteration 3840 (0.2 s)

Time = 0.00154

    Collision global reduction skipped (rank 0 local diagnostics)
    Collisions                      = 3101
    Collision candidates           = 5718
    Collision acceptance rate      = 0.5423224904


Phase C auto DLB triggered (threshold) at step 3850: sar=0 loadImbalance=1.658806546 threshold=1.5 particleMaxMin=1
Phase C ParMETIS weights: particles=8958407 activeCells=104150 maxCellParticles=201
Phase C ParMETIS: alpha=1 ncon=1 ubvec=[1.05] moveRatio=0.9460701897 (moveT=265.4371626s, collT=15.13098708s)
Phase C ParMETIS: AdaptiveRepart (104151 cells, 1 constraints, ubvec=1.05)
Replicated mesh: rank 0 owns 2704 / 104151 cells
Local mesh: 2704 owned + 149 halo = 2853 / 104151 cells
Phase C ParMETIS AdaptiveRepart: 82955 / 104151 cells changed (0.7964877918)
Phase C auto DLB complete: rebalance #53

    Number of DSMC particles        = 8958407
    Number of stuck particles       = 0
    Number of free particles        = 8958407
    Average linear kinetic energy   = 3.139578673e-19
    Average rotational energy       = 2.974241503e-20
    Average vibrational energy      = 4.895359935e-21
    Average electronic energy       = 0
    Total energy                    = 31.22861642

Stage 1.0  ExecutionTime = 650.05 s  ClockTime = 691 s  Iteration 3850 (0.33 s)

Time = 0.001544

    Collision global reduction skipped (rank 0 local diagnostics)
    Collisions                      = 1351
    Collision candidates           = 2353
    Collision acceptance rate      = 0.574160646

    Number of DSMC particles        = 8963407
    Number of stuck particles       = 0
    Number of free particles        = 8963407
    Average linear kinetic energy   = 3.137140182e-19
    Average rotational energy       = 2.985672131e-20
    Average vibrational energy      = 4.912856938e-21
    Average electronic energy       = 0
    Total energy                    = 31.23600308

Stage 1.0  ExecutionTime = 651.59 s  ClockTime = 692 s  Iteration 3860 (0.18 s)

Time = 0.001548

    Collision global reduction skipped (rank 0 local diagnostics)
    Collisions                      = 2114
    Collision candidates           = 3639
    Collision acceptance rate      = 0.5809288266

    Number of DSMC particles        = 8968323
    Number of stuck particles       = 0
    Number of free particles        = 8968323
    Average linear kinetic energy   = 3.135740574e-19
    Average rotational energy       = 2.989968446e-20
    Average vibrational energy      = 4.920050029e-21
    Average electronic energy       = 0
    Total energy                    = 31.24508057

Stage 1.0  ExecutionTime = 653.16 s  ClockTime = 694 s  Iteration 3870 (0.18 s)

Time = 0.001552

    Collision global reduction skipped (rank 0 local diagnostics)
    Collisions                      = 1024
    Collision candidates           = 1967
    Collision acceptance rate      = 0.5205897306

    Number of DSMC particles        = 8972659
    Number of stuck particles       = 0
    Number of free particles        = 8972659
    Average linear kinetic energy   = 3.136186386e-19
    Average rotational energy       = 2.994276953e-20
    Average vibrational energy      = 4.92954269e-21
    Average electronic energy       = 0
    Total energy                    = 31.26890466

Stage 1.0  ExecutionTime = 654.75 s  ClockTime = 696 s  Iteration 3880 (0.18 s)

Time = 0.001556

    Collision global reduction skipped (rank 0 local diagnostics)
    Collisions                      = 1460
    Collision candidates           = 2637
    Collision acceptance rate      = 0.5536594615

    Number of DSMC particles        = 8977606
    Number of stuck particles       = 0
    Number of free particles        = 8977606
    Average linear kinetic energy   = 3.135174176e-19
    Average rotational energy       = 2.997603874e-20
    Average vibrational energy      = 4.938139971e-21
    Average electronic energy       = 0
    Total energy                    = 31.2808159

Stage 1.0  ExecutionTime = 656.35 s  ClockTime = 697 s  Iteration 3890 (0.18 s)

Time = 0.00156

    Collision global reduction skipped (rank 0 local diagnostics)
    Collisions                      = 130
    Collision candidates           = 265
    Collision acceptance rate      = 0.4905660377


Phase C auto DLB triggered (threshold) at step 3900: sar=0 loadImbalance=1.626114665 threshold=1.5 particleMaxMin=1
Phase C ParMETIS weights: particles=8982118 activeCells=104151 maxCellParticles=218
Phase C ParMETIS: alpha=1 ncon=1 ubvec=[1.05] moveRatio=0.9464837415 (moveT=269.5436991s, collT=15.2405896s)
Phase C ParMETIS: AdaptiveRepart (104151 cells, 1 constraints, ubvec=1.05)
Replicated mesh: rank 0 owns 2704 / 104151 cells
Local mesh: 2704 owned + 149 halo = 2853 / 104151 cells
Phase C ParMETIS AdaptiveRepart: 274 / 104151 cells changed (0.002630795672)
Phase C auto DLB complete: rebalance #54

    Number of DSMC particles        = 8982118
    Number of stuck particles       = 0
    Number of free particles        = 8982118
    Average linear kinetic energy   = 3.134623119e-19
    Average rotational energy       = 2.998276377e-20
    Average vibrational energy      = 4.945861234e-21
    Average electronic energy       = 0
    Total energy                    = 31.29288505

Stage 1.0  ExecutionTime = 658.04 s  ClockTime = 699 s  Iteration 3900 (0.24 s)

Time = 0.001564

    Collision global reduction skipped (rank 0 local diagnostics)
    Collisions                      = 2174
    Collision candidates           = 3831
    Collision acceptance rate      = 0.5674758549

    Number of DSMC particles        = 8987023
    Number of stuck particles       = 0
    Number of free particles        = 8987023
    Average linear kinetic energy   = 3.133265887e-19
    Average rotational energy       = 2.998605697e-20
    Average vibrational energy      = 4.949907179e-21
    Average electronic energy       = 0
    Total energy                    = 31.29843573

Stage 1.0  ExecutionTime = 659.68 s  ClockTime = 701 s  Iteration 3910 (0.18 s)

Time = 0.001568

    Collision global reduction skipped (rank 0 local diagnostics)
    Collisions                      = 1826
    Collision candidates           = 3277
    Collision acceptance rate      = 0.5572169667

    Number of DSMC particles        = 8992441
    Number of stuck particles       = 0
    Number of free particles        = 8992441
    Average linear kinetic energy   = 3.133224367e-19
    Average rotational energy       = 2.99626037e-20
    Average vibrational energy      = 4.951438439e-21
    Average electronic energy       = 0
    Total energy                    = 31.3149599

Stage 1.0  ExecutionTime = 661.38 s  ClockTime = 702 s  Iteration 3920 (0.2 s)

Time = 0.001572

    Collision global reduction skipped (rank 0 local diagnostics)
    Collisions                      = 1013
    Collision candidates           = 1901
    Collision acceptance rate      = 0.5328774329

    Number of DSMC particles        = 8997373
    Number of stuck particles       = 0
    Number of free particles        = 8997373
    Average linear kinetic energy   = 3.132968256e-19
    Average rotational energy       = 2.997987855e-20
    Average vibrational energy      = 4.956092462e-21
    Average electronic energy       = 0
    Total energy                    = 31.33180362

Stage 1.0  ExecutionTime = 663.11 s  ClockTime = 704 s  Iteration 3930 (0.19 s)

Time = 0.001576

    Collision global reduction skipped (rank 0 local diagnostics)
    Collisions                      = 1635
    Collision candidates           = 2961
    Collision acceptance rate      = 0.5521783181

    Number of DSMC particles        = 9001841
    Number of stuck particles       = 0
    Number of free particles        = 9001841
    Average linear kinetic energy   = 3.132601387e-19
    Average rotational energy       = 3.000776265e-20
    Average vibrational energy      = 4.958486443e-21
    Average electronic energy       = 0
    Total energy                    = 31.34678575

Stage 1.0  ExecutionTime = 664.87 s  ClockTime = 706 s  Iteration 3940 (0.19 s)

Time = 0.00158

    Collision global reduction skipped (rank 0 local diagnostics)
    Collisions                      = 1565
    Collision candidates           = 2857
    Collision acceptance rate      = 0.5477773889

    Number of DSMC particles        = 9006291
    Number of stuck particles       = 0
    Number of free particles        = 9006291
    Average linear kinetic energy   = 3.131271109e-19
    Average rotational energy       = 3.003834576e-20
    Average vibrational energy      = 4.964330631e-21
    Average electronic energy       = 0
    Total energy                    = 31.3535817

Stage 1.0  ExecutionTime = 666.66 s  ClockTime = 708 s  Iteration 3950 (0.19 s)

Time = 0.001584

    Collision global reduction skipped (rank 0 local diagnostics)
    Collisions                      = 1159
    Collision candidates           = 2163
    Collision acceptance rate      = 0.5358298659

    Number of DSMC particles        = 9010526
    Number of stuck particles       = 0
    Number of free particles        = 9010526
    Average linear kinetic energy   = 3.131020956e-19
    Average rotational energy       = 3.006551806e-20
    Average vibrational energy      = 4.967438094e-21
    Average electronic energy       = 0
    Total energy                    = 31.36879935

Stage 1.0  ExecutionTime = 668.49 s  ClockTime = 709 s  Iteration 3960 (0.19 s)

Time = 0.001588

    Collision global reduction skipped (rank 0 local diagnostics)
    Collisions                      = 1434
    Collision candidates           = 2705
    Collision acceptance rate      = 0.53012939

    Number of DSMC particles        = 9014590
    Number of stuck particles       = 0
    Number of free particles        = 9014590
    Average linear kinetic energy   = 3.130028609e-19
    Average rotational energy       = 3.006169162e-20
    Average vibrational energy      = 4.968329668e-21
    Average electronic energy       = 0
    Total energy                    = 31.37373739

Stage 1.0  ExecutionTime = 670.34 s  ClockTime = 711 s  Iteration 3970 (0.2 s)

Time = 0.001592

    Collision global reduction skipped (rank 0 local diagnostics)
    Collisions                      = 3564
    Collision candidates           = 6269
    Collision acceptance rate      = 0.5685117244

    Number of DSMC particles        = 9018058
    Number of stuck particles       = 0
    Number of free particles        = 9018058
    Average linear kinetic energy   = 3.128856997e-19
    Average rotational energy       = 3.007393526e-20
    Average vibrational energy      = 4.970032376e-21
    Average electronic energy       = 0
    Total energy                    = 31.3764992

Stage 1.0  ExecutionTime = 672.2 s  ClockTime = 713 s  Iteration 3980 (0.2 s)

Time = 0.001596

    Collision global reduction skipped (rank 0 local diagnostics)
    Collisions                      = 1568
    Collision candidates           = 2892
    Collision acceptance rate      = 0.5421853389

    Number of DSMC particles        = 9021532
    Number of stuck particles       = 0
    Number of free particles        = 9021532
    Average linear kinetic energy   = 3.127882578e-19
    Average rotational energy       = 3.006726947e-20
    Average vibrational energy      = 4.969835795e-21
    Average electronic energy       = 0
    Total energy                    = 31.37917643

Stage 1.0  ExecutionTime = 674.08 s  ClockTime = 715 s  Iteration 3990 (0.2 s)

Time = 0.0016

    Collision global reduction skipped (rank 0 local diagnostics)
    Collisions                      = 1505
    Collision candidates           = 2912
    Collision acceptance rate      = 0.5168269231

    Number of DSMC particles        = 9025421
    Number of stuck particles       = 0
    Number of free particles        = 9025421
    Average linear kinetic energy   = 3.126722041e-19
    Average rotational energy       = 3.007424032e-20
    Average vibrational energy      = 4.972569728e-21
    Average electronic energy       = 0
    Total energy                    = 31.38310492

Stage 1.0  ExecutionTime = 675.98 s  ClockTime = 717 s  Iteration 4000 (0.2 s)

Time = 0.001604

    Collision global reduction skipped (rank 0 local diagnostics)
    Collisions                      = 977
    Collision candidates           = 1986
    Collision acceptance rate      = 0.4919436052

    Number of DSMC particles        = 9029166
    Number of stuck particles       = 0
    Number of free particles        = 9029166
    Average linear kinetic energy   = 3.125947773e-19
    Average rotational energy       = 3.010075883e-20
    Average vibrational energy      = 4.974801384e-21
    Average electronic energy       = 0
    Total energy                    = 31.3917319

Stage 1.0  ExecutionTime = 677.91 s  ClockTime = 719 s  Iteration 4010 (0.21 s)

Time = 0.001608

    Collision global reduction skipped (rank 0 local diagnostics)
    Collisions                      = 1416
    Collision candidates           = 2680
    Collision acceptance rate      = 0.528358209

    Number of DSMC particles        = 9033048
    Number of stuck particles       = 0
    Number of free particles        = 9033048
    Average linear kinetic energy   = 3.124941472e-19
    Average rotational energy       = 3.011020527e-20
    Average vibrational energy      = 4.978075179e-21
    Average electronic energy       = 0
    Total energy                    = 31.39728753

Stage 1.0  ExecutionTime = 679.84 s  ClockTime = 721 s  Iteration 4020 (0.2 s)

Time = 0.001612

    Collision global reduction skipped (rank 0 local diagnostics)
    Collisions                      = 2683
    Collision candidates           = 4883
    Collision acceptance rate      = 0.5494573008

    Number of DSMC particles        = 9037080
    Number of stuck particles       = 0
    Number of free particles        = 9037080
    Average linear kinetic energy   = 3.123511077e-19
    Average rotational energy       = 3.010887009e-20
    Average vibrational energy      = 4.976965277e-21
    Average electronic energy       = 0
    Total energy                    = 31.39815449

Stage 1.0  ExecutionTime = 681.78 s  ClockTime = 723 s  Iteration 4030 (0.2 s)

Time = 0.001616

    Collision global reduction skipped (rank 0 local diagnostics)
    Collisions                      = 318
    Collision candidates           = 734
    Collision acceptance rate      = 0.4332425068

    Number of DSMC particles        = 9040473
    Number of stuck particles       = 0
    Number of free particles        = 9040473
    Average linear kinetic energy   = 3.122168715e-19
    Average rotational energy       = 3.012484612e-20
    Average vibrational energy      = 4.981144121e-21
    Average electronic energy       = 0
    Total energy                    = 31.39962954

Stage 1.0  ExecutionTime = 683.74 s  ClockTime = 725 s  Iteration 4040 (0.21 s)

Time = 0.00162

    Collision global reduction skipped (rank 0 local diagnostics)
    Collisions                      = 1218
    Collision candidates           = 2411
    Collision acceptance rate      = 0.5051845707

    Number of DSMC particles        = 9043987
    Number of stuck particles       = 0
    Number of free particles        = 9043987
    Average linear kinetic energy   = 3.121099947e-19
    Average rotational energy       = 3.012047325e-20
    Average vibrational energy      = 4.981775697e-21
    Average electronic energy       = 0
    Total energy                    = 31.40183018

Stage 1.0  ExecutionTime = 685.71 s  ClockTime = 727 s  Iteration 4050 (0.21 s)

Time = 0.001624

    Collision global reduction skipped (rank 0 local diagnostics)
    Collisions                      = 1125
    Collision candidates           = 2220
    Collision acceptance rate      = 0.5067567568

    Number of DSMC particles        = 9047146
    Number of stuck particles       = 0
    Number of free particles        = 9047146
    Average linear kinetic energy   = 3.119299024e-19
    Average rotational energy       = 3.010342686e-20
    Average vibrational energy      = 4.981893284e-21
    Average electronic energy       = 0
    Total energy                    = 31.39497382

Stage 1.0  ExecutionTime = 687.69 s  ClockTime = 729 s  Iteration 4060 (0.21 s)

Time = 0.001628

    Collision global reduction skipped (rank 0 local diagnostics)
    Collisions                      = 2330
    Collision candidates           = 4294
    Collision acceptance rate      = 0.542617606

    Number of DSMC particles        = 9051204
    Number of stuck particles       = 0
    Number of free particles        = 9051204
    Average linear kinetic energy   = 3.117648301e-19
    Average rotational energy       = 3.009898471e-20
    Average vibrational energy      = 4.984023526e-21
    Average electronic energy       = 0
    Total energy                    = 31.39390541

Stage 1.0  ExecutionTime = 689.67 s  ClockTime = 731 s  Iteration 4070 (0.21 s)

Time = 0.001632

    Collision global reduction skipped (rank 0 local diagnostics)
    Collisions                      = 2658
    Collision candidates           = 4734
    Collision acceptance rate      = 0.5614702155

    Number of DSMC particles        = 9055782
    Number of stuck particles       = 0
    Number of free particles        = 9055782
    Average linear kinetic energy   = 3.117093928e-19
    Average rotational energy       = 3.0135935e-20
    Average vibrational energy      = 4.990413787e-21
    Average electronic energy       = 0
    Total energy                    = 31.40868865

Stage 1.0  ExecutionTime = 691.66 s  ClockTime = 733 s  Iteration 4080 (0.21 s)

Time = 0.001636

    Collision global reduction skipped (rank 0 local diagnostics)
    Collisions                      = 2772
    Collision candidates           = 5017
    Collision acceptance rate      = 0.5525214271

    Number of DSMC particles        = 9060940
    Number of stuck particles       = 0
    Number of free particles        = 9060940
    Average linear kinetic energy   = 3.117443085e-19
    Average rotational energy       = 3.015159865e-20
    Average vibrational energy      = 4.99541393e-21
    Average electronic energy       = 0
    Total energy                    = 31.43161446

Stage 1.0  ExecutionTime = 693.67 s  ClockTime = 735 s  Iteration 4090 (0.21 s)

Time = 0.00164

    Collision global reduction skipped (rank 0 local diagnostics)
    Collisions                      = 767
    Collision candidates           = 1585
    Collision acceptance rate      = 0.4839116719

    Number of DSMC particles        = 9065901
    Number of stuck particles       = 0
    Number of free particles        = 9065901
    Average linear kinetic energy   = 3.116991073e-19
    Average rotational energy       = 3.015042606e-20
    Average vibrational energy      = 4.996892972e-21
    Average electronic energy       = 0
    Total energy                    = 31.44475363

Stage 1.0  ExecutionTime = 695.67 s  ClockTime = 737 s  Iteration 4100 (0.21 s)

Time = 0.001644

    Collision global reduction skipped (rank 0 local diagnostics)
    Collisions                      = 3869
    Collision candidates           = 6918
    Collision acceptance rate      = 0.5592656837

    Number of DSMC particles        = 9070880
    Number of stuck particles       = 0
    Number of free particles        = 9070880
    Average linear kinetic energy   = 3.117401439e-19
    Average rotational energy       = 3.01823573e-20
    Average vibrational energy      = 5.002232607e-21
    Average electronic energy       = 0
    Total energy                    = 31.46912629

Stage 1.0  ExecutionTime = 697.67 s  ClockTime = 739 s  Iteration 4110 (0.22 s)

Time = 0.001648

    Collision global reduction skipped (rank 0 local diagnostics)
    Collisions                      = 780
    Collision candidates           = 1594
    Collision acceptance rate      = 0.4893350063

    Number of DSMC particles        = 9076125
    Number of stuck particles       = 0
    Number of free particles        = 9076125
    Average linear kinetic energy   = 3.116307216e-19
    Average rotational energy       = 3.021162969e-20
    Average vibrational energy      = 5.005797809e-21
    Average electronic energy       = 0
    Total energy                    = 31.48037157

Stage 1.0  ExecutionTime = 699.68 s  ClockTime = 741 s  Iteration 4120 (0.22 s)

Time = 0.001652

    Collision global reduction skipped (rank 0 local diagnostics)
    Collisions                      = 2538
    Collision candidates           = 4723
    Collision acceptance rate      = 0.5373703155

    Number of DSMC particles        = 9081311
    Number of stuck particles       = 0
    Number of free particles        = 9081311
    Average linear kinetic energy   = 3.115465999e-19
    Average rotational energy       = 3.023452959e-20
    Average vibrational energy      = 5.012354713e-21
    Average electronic energy       = 0
    Total energy                    = 31.49339483

Stage 1.0  ExecutionTime = 701.67 s  ClockTime = 743 s  Iteration 4130 (0.21 s)

Time = 0.001656

    Collision global reduction skipped (rank 0 local diagnostics)
    Collisions                      = 2131
    Collision candidates           = 4074
    Collision acceptance rate      = 0.5230731468

    Number of DSMC particles        = 9085753
    Number of stuck particles       = 0
    Number of free particles        = 9085753
    Average linear kinetic energy   = 3.114989057e-19
    Average rotational energy       = 3.022793756e-20
    Average vibrational energy      = 5.015550031e-21
    Average electronic energy       = 0
    Total energy                    = 31.5041574

Stage 1.0  ExecutionTime = 703.69 s  ClockTime = 745 s  Iteration 4140 (0.21 s)

Time = 0.00166

    Collision global reduction skipped (rank 0 local diagnostics)
    Collisions                      = 2171
    Collision candidates           = 4097
    Collision acceptance rate      = 0.5298999268

    Number of DSMC particles        = 9090082
    Number of stuck particles       = 0
    Number of free particles        = 9090082
    Average linear kinetic energy   = 3.114280802e-19
    Average rotational energy       = 3.022841543e-20
    Average vibrational energy      = 5.012881764e-21
    Average electronic energy       = 0
    Total energy                    = 31.51253068

Stage 1.0  ExecutionTime = 705.7 s  ClockTime = 747 s  Iteration 4150 (0.22 s)

Time = 0.001664

    Collision global reduction skipped (rank 0 local diagnostics)
    Collisions                      = 1656
    Collision candidates           = 3162
    Collision acceptance rate      = 0.5237191651

    Number of DSMC particles        = 9093773
    Number of stuck particles       = 0
    Number of free particles        = 9093773
    Average linear kinetic energy   = 3.112411194e-19
    Average rotational energy       = 3.024290778e-20
    Average vibrational energy      = 5.0153603e-21
    Average electronic energy       = 0
    Total energy                    = 31.50986775

Stage 1.0  ExecutionTime = 707.72 s  ClockTime = 749 s  Iteration 4160 (0.22 s)

Time = 0.001668

    Collision global reduction skipped (rank 0 local diagnostics)
    Collisions                      = 1609
    Collision candidates           = 3093
    Collision acceptance rate      = 0.5202069188

    Number of DSMC particles        = 9097197
    Number of stuck particles       = 0
    Number of free particles        = 9097197
    Average linear kinetic energy   = 3.110564845e-19
    Average rotational energy       = 3.02583725e-20
    Average vibrational energy      = 5.019778165e-21
    Average electronic energy       = 0
    Total energy                    = 31.50674404

Stage 1.0  ExecutionTime = 709.75 s  ClockTime = 751 s  Iteration 4170 (0.22 s)

Time = 0.001672

    Collision global reduction skipped (rank 0 local diagnostics)
    Collisions                      = 1563
    Collision candidates           = 3054
    Collision acceptance rate      = 0.5117878193

    Number of DSMC particles        = 9100494
    Number of stuck particles       = 0
    Number of free particles        = 9100494
    Average linear kinetic energy   = 3.10971507e-19
    Average rotational energy       = 3.027402068e-20
    Average vibrational energy      = 5.023943154e-21
    Average electronic energy       = 0
    Total energy                    = 31.51223242

Stage 1.0  ExecutionTime = 711.77 s  ClockTime = 753 s  Iteration 4180 (0.22 s)

Time = 0.001676

    Collision global reduction skipped (rank 0 local diagnostics)
    Collisions                      = 692
    Collision candidates           = 1404
    Collision acceptance rate      = 0.4928774929

    Number of DSMC particles        = 9103419
    Number of stuck particles       = 0
    Number of free particles        = 9103419
    Average linear kinetic energy   = 3.108324034e-19
    Average rotational energy       = 3.02497544e-20
    Average vibrational energy      = 5.019526501e-21
    Average electronic energy       = 0
    Total energy                    = 31.50708648

Stage 1.0  ExecutionTime = 713.79 s  ClockTime = 755 s  Iteration 4190 (0.22 s)

Time = 0.00168

    Collision global reduction skipped (rank 0 local diagnostics)
    Collisions                      = 837
    Collision candidates           = 1753
    Collision acceptance rate      = 0.4774671991

    Number of DSMC particles        = 9106680
    Number of stuck particles       = 0
    Number of free particles        = 9106680
    Average linear kinetic energy   = 3.107159379e-19
    Average rotational energy       = 3.023604727e-20
    Average vibrational energy      = 5.016197664e-21
    Average electronic energy       = 0
    Total energy                    = 31.50621531

Stage 1.0  ExecutionTime = 715.81 s  ClockTime = 757 s  Iteration 4200 (0.22 s)

Time = 0.001684

    Collision global reduction skipped (rank 0 local diagnostics)
    Collisions                      = 4114
    Collision candidates           = 7395
    Collision acceptance rate      = 0.5563218391

    Number of DSMC particles        = 9109579
    Number of stuck particles       = 0
    Number of free particles        = 9109579
    Average linear kinetic energy   = 3.106415751e-19
    Average rotational energy       = 3.026716438e-20
    Average vibrational energy      = 5.020830626e-21
    Average electronic energy       = 0
    Total energy                    = 31.51272747

Stage 1.0  ExecutionTime = 717.84 s  ClockTime = 759 s  Iteration 4210 (0.22 s)

Time = 0.001688

    Collision global reduction skipped (rank 0 local diagnostics)
    Collisions                      = 698
    Collision candidates           = 1406
    Collision acceptance rate      = 0.4964438122

    Number of DSMC particles        = 9111778
    Number of stuck particles       = 0
    Number of free particles        = 9111778
    Average linear kinetic energy   = 3.105470304e-19
    Average rotational energy       = 3.023691133e-20
    Average vibrational energy      = 5.015509189e-21
    Average electronic energy       = 0
    Total energy                    = 31.50847829

Stage 1.0  ExecutionTime = 719.89 s  ClockTime = 761 s  Iteration 4220 (0.22 s)

Time = 0.001692

    Collision global reduction skipped (rank 0 local diagnostics)
    Collisions                      = 783
    Collision candidates           = 1616
    Collision acceptance rate      = 0.484529703

    Number of DSMC particles        = 9114694
    Number of stuck particles       = 0
    Number of free particles        = 9114694
    Average linear kinetic energy   = 3.103419067e-19
    Average rotational energy       = 3.023905644e-20
    Average vibrational energy      = 5.01507529e-21
    Average electronic energy       = 0
    Total energy                    = 31.50002138

Stage 1.0  ExecutionTime = 721.93 s  ClockTime = 763 s  Iteration 4230 (0.22 s)

Time = 0.001696

    Collision global reduction skipped (rank 0 local diagnostics)
    Collisions                      = 1874
    Collision candidates           = 3564
    Collision acceptance rate      = 0.5258136925

    Number of DSMC particles        = 9118186
    Number of stuck particles       = 0
    Number of free particles        = 9118186
    Average linear kinetic energy   = 3.102078704e-19
    Average rotational energy       = 3.025449215e-20
    Average vibrational energy      = 5.016376862e-21
    Average electronic energy       = 0
    Total energy                    = 31.50139405

Stage 1.0  ExecutionTime = 723.99 s  ClockTime = 765 s  Iteration 4240 (0.22 s)

Time = 0.0017

    Collision global reduction skipped (rank 0 local diagnostics)
    Collisions                      = 1040
    Collision candidates           = 2044
    Collision acceptance rate      = 0.5088062622

    Number of DSMC particles        = 9121787
    Number of stuck particles       = 0
    Number of free particles        = 9121787
    Average linear kinetic energy   = 3.102195425e-19
    Average rotational energy       = 3.025698941e-20
    Average vibrational energy      = 5.017332062e-21
    Average electronic energy       = 0
    Total energy                    = 31.51521437

Stage 1.0  ExecutionTime = 726.05 s  ClockTime = 767 s  Iteration 4250 (0.22 s)

Time = 0.001704

    Collision global reduction skipped (rank 0 local diagnostics)
    Collisions                      = 2208
    Collision candidates           = 4178
    Collision acceptance rate      = 0.5284825275

    Number of DSMC particles        = 9126106
    Number of stuck particles       = 0
    Number of free particles        = 9126106
    Average linear kinetic energy   = 3.10221072e-19
    Average rotational energy       = 3.026375946e-20
    Average vibrational energy      = 5.015365785e-21
    Average electronic energy       = 0
    Total energy                    = 31.53071423

Stage 1.0  ExecutionTime = 728.12 s  ClockTime = 769 s  Iteration 4260 (0.23 s)

Time = 0.001708

    Collision global reduction skipped (rank 0 local diagnostics)
    Collisions                      = 2529
    Collision candidates           = 4654
    Collision acceptance rate      = 0.5434035239

    Number of DSMC particles        = 9130882
    Number of stuck particles       = 0
    Number of free particles        = 9130882
    Average linear kinetic energy   = 3.102068685e-19
    Average rotational energy       = 3.027282577e-20
    Average vibrational energy      = 5.015342474e-21
    Average electronic energy       = 0
    Total energy                    = 31.54674412

Stage 1.0  ExecutionTime = 730.18 s  ClockTime = 771 s  Iteration 4270 (0.22 s)

Time = 0.001712

    Collision global reduction skipped (rank 0 local diagnostics)
    Collisions                      = 2188
    Collision candidates           = 4042
    Collision acceptance rate      = 0.5413161801

    Number of DSMC particles        = 9135726
    Number of stuck particles       = 0
    Number of free particles        = 9135726
    Average linear kinetic energy   = 3.101041605e-19
    Average rotational energy       = 3.031944746e-20
    Average vibrational energy      = 5.021868759e-21
    Average electronic energy       = 0
    Total energy                    = 31.55895223

Stage 1.0  ExecutionTime = 732.23 s  ClockTime = 774 s  Iteration 4280 (0.22 s)

Time = 0.001716

    Collision global reduction skipped (rank 0 local diagnostics)
    Collisions                      = 901
    Collision candidates           = 1835
    Collision acceptance rate      = 0.4910081744

    Number of DSMC particles        = 9140516
    Number of stuck particles       = 0
    Number of free particles        = 9140516
    Average linear kinetic energy   = 3.10031267e-19
    Average rotational energy       = 3.033287957e-20
    Average vibrational energy      = 5.022667925e-21
    Average electronic energy       = 0
    Total energy                    = 31.57013704

Stage 1.0  ExecutionTime = 734.29 s  ClockTime = 776 s  Iteration 4290 (0.23 s)

Time = 0.00172

    Collision global reduction skipped (rank 0 local diagnostics)
    Collisions                      = 2543
    Collision candidates           = 4671
    Collision acceptance rate      = 0.5444230358

    Number of DSMC particles        = 9145068
    Number of stuck particles       = 0
    Number of free particles        = 9145068
    Average linear kinetic energy   = 3.098919491e-19
    Average rotational energy       = 3.034916993e-20
    Average vibrational energy      = 5.026128751e-21
    Average electronic energy       = 0
    Total energy                    = 31.57492459

Stage 1.0  ExecutionTime = 736.34 s  ClockTime = 778 s  Iteration 4300 (0.22 s)

Time = 0.001724

    Collision global reduction skipped (rank 0 local diagnostics)
    Collisions                      = 1366
    Collision candidates           = 2652
    Collision acceptance rate      = 0.5150829563

    Number of DSMC particles        = 9149377
    Number of stuck particles       = 0
    Number of free particles        = 9149377
    Average linear kinetic energy   = 3.09880318e-19
    Average rotational energy       = 3.037765695e-20
    Average vibrational energy      = 5.031312504e-21
    Average electronic energy       = 0
    Total energy                    = 31.59181865

Stage 1.0  ExecutionTime = 738.39 s  ClockTime = 780 s  Iteration 4310 (0.22 s)

Time = 0.001728

    Collision global reduction skipped (rank 0 local diagnostics)
    Collisions                      = 2459
    Collision candidates           = 4574
    Collision acceptance rate      = 0.5376038478

    Number of DSMC particles        = 9153780
    Number of stuck particles       = 0
    Number of free particles        = 9153780
    Average linear kinetic energy   = 3.097368865e-19
    Average rotational energy       = 3.038653492e-20
    Average vibrational energy      = 5.035376143e-21
    Average electronic energy       = 0
    Total energy                    = 31.59507698

Stage 1.0  ExecutionTime = 740.44 s  ClockTime = 782 s  Iteration 4320 (0.23 s)

Time = 0.001732

    Collision global reduction skipped (rank 0 local diagnostics)
    Collisions                      = 2936
    Collision candidates           = 5312
    Collision acceptance rate      = 0.5527108434

    Number of DSMC particles        = 9158345
    Number of stuck particles       = 0
    Number of free particles        = 9158345
    Average linear kinetic energy   = 3.096691607e-19
    Average rotational energy       = 3.040487006e-20
    Average vibrational energy      = 5.038401526e-21
    Average electronic energy       = 0
    Total energy                    = 31.60658719

Stage 1.0  ExecutionTime = 742.48 s  ClockTime = 784 s  Iteration 4330 (0.22 s)

Time = 0.001736

    Collision global reduction skipped (rank 0 local diagnostics)
    Collisions                      = 1501
    Collision candidates           = 2936
    Collision acceptance rate      = 0.511239782

    Number of DSMC particles        = 9162313
    Number of stuck particles       = 0
    Number of free particles        = 9162313
    Average linear kinetic energy   = 3.094664236e-19
    Average rotational energy       = 3.039753494e-20
    Average vibrational energy      = 5.036507686e-21
    Average electronic energy       = 0
    Total energy                    = 31.60086025

Stage 1.0  ExecutionTime = 744.55 s  ClockTime = 786 s  Iteration 4340 (0.22 s)

Time = 0.00174

    Collision global reduction skipped (rank 0 local diagnostics)
    Collisions                      = 47
    Collision candidates           = 125
    Collision acceptance rate      = 0.376

    Number of DSMC particles        = 9166089
    Number of stuck particles       = 0
    Number of free particles        = 9166089
    Average linear kinetic energy   = 3.093224184e-19
    Average rotational energy       = 3.039922013e-20
    Average vibrational energy      = 5.037360682e-21
    Average electronic energy       = 0
    Total energy                    = 31.60091671

Stage 1.0  ExecutionTime = 746.61 s  ClockTime = 788 s  Iteration 4350 (0.22 s)

Time = 0.001744

    Collision global reduction skipped (rank 0 local diagnostics)
    Collisions                      = 1025
    Collision candidates           = 1990
    Collision acceptance rate      = 0.5150753769

    Number of DSMC particles        = 9168973
    Number of stuck particles       = 0
    Number of free particles        = 9168973
    Average linear kinetic energy   = 3.09140232e-19
    Average rotational energy       = 3.040730136e-20
    Average vibrational energy      = 5.038557398e-21
    Average electronic energy       = 0
    Total energy                    = 31.59500562

Stage 1.0  ExecutionTime = 748.67 s  ClockTime = 790 s  Iteration 4360 (0.22 s)

Time = 0.001748

    Collision global reduction skipped (rank 0 local diagnostics)
    Collisions                      = 1423
    Collision candidates           = 2799
    Collision acceptance rate      = 0.5083958557

    Number of DSMC particles        = 9171701
    Number of stuck particles       = 0
    Number of free particles        = 9171701
    Average linear kinetic energy   = 3.091329107e-19
    Average rotational energy       = 3.039610313e-20
    Average vibrational energy      = 5.036150626e-21
    Average electronic energy       = 0
    Total energy                    = 31.60248664

Stage 1.0  ExecutionTime = 750.75 s  ClockTime = 792 s  Iteration 4370 (0.23 s)

Time = 0.001752

    Collision global reduction skipped (rank 0 local diagnostics)
    Collisions                      = 1412
    Collision candidates           = 2759
    Collision acceptance rate      = 0.5117796303

    Number of DSMC particles        = 9174554
    Number of stuck particles       = 0
    Number of free particles        = 9174554
    Average linear kinetic energy   = 3.089201429e-19
    Average rotational energy       = 3.038145278e-20
    Average vibrational energy      = 5.038021236e-21
    Average electronic energy       = 0
    Total energy                    = 31.5916241

Stage 1.0  ExecutionTime = 752.82 s  ClockTime = 794 s  Iteration 4380 (0.23 s)

Time = 0.001756

    Collision global reduction skipped (rank 0 local diagnostics)
    Collisions                      = 1365
    Collision candidates           = 2558
    Collision acceptance rate      = 0.5336200156

    Number of DSMC particles        = 9177623
    Number of stuck particles       = 0
    Number of free particles        = 9177623
    Average linear kinetic energy   = 3.08723654e-19
    Average rotational energy       = 3.044406657e-20
    Average vibrational energy      = 5.050473672e-21
    Average electronic energy       = 0
    Total energy                    = 31.59104817

Stage 1.0  ExecutionTime = 754.89 s  ClockTime = 796 s  Iteration 4390 (0.23 s)

Time = 0.00176

    Collision global reduction skipped (rank 0 local diagnostics)
    Collisions                      = 1428
    Collision candidates           = 2772
    Collision acceptance rate      = 0.5151515152

    Number of DSMC particles        = 9181249
    Number of stuck particles       = 0
    Number of free particles        = 9181249
    Average linear kinetic energy   = 3.087303366e-19
    Average rotational energy       = 3.043169896e-20
    Average vibrational energy      = 5.052408322e-21
    Average electronic energy       = 0
    Total energy                    = 31.60318519

Stage 1.0  ExecutionTime = 756.98 s  ClockTime = 798 s  Iteration 4400 (0.23 s)

Time = 0.001764

    Collision global reduction skipped (rank 0 local diagnostics)
    Collisions                      = 652
    Collision candidates           = 1314
    Collision acceptance rate      = 0.496194825

    Number of DSMC particles        = 9184891
    Number of stuck particles       = 0
    Number of free particles        = 9184891
    Average linear kinetic energy   = 3.086370869e-19
    Average rotational energy       = 3.044859914e-20
    Average vibrational energy      = 5.056294176e-21
    Average electronic energy       = 0
    Total energy                    = 31.60906577

Stage 1.0  ExecutionTime = 759.07 s  ClockTime = 801 s  Iteration 4410 (0.24 s)

Time = 0.001768

    Collision global reduction skipped (rank 0 local diagnostics)
    Collisions                      = 196
    Collision candidates           = 419
    Collision acceptance rate      = 0.4677804296

    Number of DSMC particles        = 9187763
    Number of stuck particles       = 0
    Number of free particles        = 9187763
    Average linear kinetic energy   = 3.085620002e-19
    Average rotational energy       = 3.043153816e-20
    Average vibrational energy      = 5.057472474e-21
    Average electronic energy       = 0
    Total energy                    = 31.61059147

Stage 1.0  ExecutionTime = 761.14 s  ClockTime = 803 s  Iteration 4420 (0.23 s)

Time = 0.001772

    Collision global reduction skipped (rank 0 local diagnostics)
    Collisions                      = 2385
    Collision candidates           = 4428
    Collision acceptance rate      = 0.5386178862

    Number of DSMC particles        = 9191324
    Number of stuck particles       = 0
    Number of free particles        = 9191324
    Average linear kinetic energy   = 3.083348841e-19
    Average rotational energy       = 3.048255927e-20
    Average vibrational energy      = 5.069445327e-21
    Average electronic energy       = 0
    Total energy                    = 31.60775814

Stage 1.0  ExecutionTime = 763.22 s  ClockTime = 805 s  Iteration 4430 (0.23 s)

Time = 0.001776

    Collision global reduction skipped (rank 0 local diagnostics)
    Collisions                      = 1143
    Collision candidates           = 2243
    Collision acceptance rate      = 0.5095853767

    Number of DSMC particles        = 9194824
    Number of stuck particles       = 0
    Number of free particles        = 9194824
    Average linear kinetic energy   = 3.08159707e-19
    Average rotational energy       = 3.048412382e-20
    Average vibrational energy      = 5.07327585e-21
    Average electronic energy       = 0
    Total energy                    = 31.60418302

Stage 1.0  ExecutionTime = 765.3 s  ClockTime = 807 s  Iteration 4440 (0.23 s)

Time = 0.00178

    Collision global reduction skipped (rank 0 local diagnostics)
    Collisions                      = 1966
    Collision candidates           = 3660
    Collision acceptance rate      = 0.5371584699

    Number of DSMC particles        = 9198570
    Number of stuck particles       = 0
    Number of free particles        = 9198570
    Average linear kinetic energy   = 3.080500482e-19
    Average rotational energy       = 3.050402605e-20
    Average vibrational energy      = 5.077389485e-21
    Average electronic energy       = 0
    Total energy                    = 31.60918073

Stage 1.0  ExecutionTime = 767.39 s  ClockTime = 809 s  Iteration 4450 (0.23 s)

Time = 0.001784

    Collision global reduction skipped (rank 0 local diagnostics)
    Collisions                      = 2095
    Collision candidates           = 3939
    Collision acceptance rate      = 0.5318608784

    Number of DSMC particles        = 9202003
    Number of stuck particles       = 0
    Number of free particles        = 9202003
    Average linear kinetic energy   = 3.078926599e-19
    Average rotational energy       = 3.05484792e-20
    Average vibrational energy      = 5.087040691e-21
    Average electronic energy       = 0
    Total energy                    = 31.61147341

Stage 1.0  ExecutionTime = 769.47 s  ClockTime = 811 s  Iteration 4460 (0.23 s)

Time = 0.001788

    Collision global reduction skipped (rank 0 local diagnostics)
    Collisions                      = 936
    Collision candidates           = 1911
    Collision acceptance rate      = 0.4897959184

    Number of DSMC particles        = 9205441
    Number of stuck particles       = 0
    Number of free particles        = 9205441
    Average linear kinetic energy   = 3.078894087e-19
    Average rotational energy       = 3.052513391e-20
    Average vibrational energy      = 5.081336139e-21
    Average electronic energy       = 0
    Total energy                    = 31.62031045

Stage 1.0  ExecutionTime = 771.56 s  ClockTime = 813 s  Iteration 4470 (0.23 s)

Time = 0.001792

    Collision global reduction skipped (rank 0 local diagnostics)
    Collisions                      = 1022
    Collision candidates           = 1983
    Collision acceptance rate      = 0.5153807363

    Number of DSMC particles        = 9209130
    Number of stuck particles       = 0
    Number of free particles        = 9209130
    Average linear kinetic energy   = 3.077842416e-19
    Average rotational energy       = 3.050644548e-20
    Average vibrational energy      = 5.08335413e-21
    Average electronic energy       = 0
    Total energy                    = 31.62176185

Stage 1.0  ExecutionTime = 773.64 s  ClockTime = 815 s  Iteration 4480 (0.23 s)

Time = 0.001796

    Collision global reduction skipped (rank 0 local diagnostics)
    Collisions                      = 1427
    Collision candidates           = 2745
    Collision acceptance rate      = 0.5198542805

    Number of DSMC particles        = 9212903
    Number of stuck particles       = 0
    Number of free particles        = 9212903
    Average linear kinetic energy   = 3.077572427e-19
    Average rotational energy       = 3.052038837e-20
    Average vibrational energy      = 5.080494492e-21
    Average electronic energy       = 0
    Total energy                    = 31.63325105

Stage 1.0  ExecutionTime = 775.73 s  ClockTime = 817 s  Iteration 4490 (0.23 s)

Time = 0.0018

    Collision global reduction skipped (rank 0 local diagnostics)
    Collisions                      = 1564
    Collision candidates           = 2931
    Collision acceptance rate      = 0.5336062777

    Number of DSMC particles        = 9216984
    Number of stuck particles       = 0
    Number of free particles        = 9216984
    Average linear kinetic energy   = 3.077065457e-19
    Average rotational energy       = 3.051365636e-20
    Average vibrational energy      = 5.080728323e-21
    Average electronic energy       = 0
    Total energy                    = 31.64199182

Stage 1.0  ExecutionTime = 777.83 s  ClockTime = 819 s  Iteration 4500 (0.23 s)

Time = 0.001804

    Collision global reduction skipped (rank 0 local diagnostics)
    Collisions                      = 375
    Collision candidates           = 766
    Collision acceptance rate      = 0.4895561358

    Number of DSMC particles        = 9221163
    Number of stuck particles       = 0
    Number of free particles        = 9221163
    Average linear kinetic energy   = 3.07746018e-19
    Average rotational energy       = 3.049619621e-20
    Average vibrational energy      = 5.083148296e-21
    Average electronic energy       = 0
    Total energy                    = 31.6585913

Stage 1.0  ExecutionTime = 779.92 s  ClockTime = 822 s  Iteration 4510 (0.22 s)

Time = 0.001808

    Collision global reduction skipped (rank 0 local diagnostics)
    Collisions                      = 654
    Collision candidates           = 1353
    Collision acceptance rate      = 0.4833702882

    Number of DSMC particles        = 9225116
    Number of stuck particles       = 0
    Number of free particles        = 9225116
    Average linear kinetic energy   = 3.077237624e-19
    Average rotational energy       = 3.048747444e-20
    Average vibrational energy      = 5.083003829e-21
    Average electronic energy       = 0
    Total energy                    = 31.66929192

Stage 1.0  ExecutionTime = 782.03 s  ClockTime = 824 s  Iteration 4520 (0.23 s)

Time = 0.001812

    Collision global reduction skipped (rank 0 local diagnostics)
    Collisions                      = 1272
    Collision candidates           = 2367
    Collision acceptance rate      = 0.5373891001

    Number of DSMC particles        = 9228939
    Number of stuck particles       = 0
    Number of free particles        = 9228939
    Average linear kinetic energy   = 3.076543947e-19
    Average rotational energy       = 3.050387985e-20
    Average vibrational energy      = 5.082960205e-21
    Average electronic energy       = 0
    Total energy                    = 31.67752418

Stage 1.0  ExecutionTime = 784.13 s  ClockTime = 826 s  Iteration 4530 (0.23 s)

Time = 0.001816

    Collision global reduction skipped (rank 0 local diagnostics)
    Collisions                      = 2273
    Collision candidates           = 4166
    Collision acceptance rate      = 0.5456072972

    Number of DSMC particles        = 9231928
    Number of stuck particles       = 0
    Number of free particles        = 9231928
    Average linear kinetic energy   = 3.074850699e-19
    Average rotational energy       = 3.053739092e-20
    Average vibrational energy      = 5.087201522e-21
    Average electronic energy       = 0
    Total energy                    = 31.67563699

Stage 1.0  ExecutionTime = 786.23 s  ClockTime = 828 s  Iteration 4540 (0.24 s)

Time = 0.00182

    Collision global reduction skipped (rank 0 local diagnostics)
    Collisions                      = 504
    Collision candidates           = 1010
    Collision acceptance rate      = 0.499009901

    Number of DSMC particles        = 9235516
    Number of stuck particles       = 0
    Number of free particles        = 9235516
    Average linear kinetic energy   = 3.075199807e-19
    Average rotational energy       = 3.053912917e-20
    Average vibrational energy      = 5.087820088e-21
    Average electronic energy       = 0
    Total energy                    = 31.69138962

Stage 1.0  ExecutionTime = 788.31 s  ClockTime = 830 s  Iteration 4550 (0.22 s)

Time = 0.001824

    Collision global reduction skipped (rank 0 local diagnostics)
    Collisions                      = 1650
    Collision candidates           = 3127
    Collision acceptance rate      = 0.5276622961

    Number of DSMC particles        = 9239178
    Number of stuck particles       = 0
    Number of free particles        = 9239178
    Average linear kinetic energy   = 3.073659213e-19
    Average rotational energy       = 3.053592852e-20
    Average vibrational energy      = 5.08776192e-21
    Average electronic energy       = 0
    Total energy                    = 31.68942075

Stage 1.0  ExecutionTime = 790.41 s  ClockTime = 832 s  Iteration 4560 (0.23 s)

Time = 0.001828

    Collision global reduction skipped (rank 0 local diagnostics)
    Collisions                      = 2775
    Collision candidates           = 4971
    Collision acceptance rate      = 0.5582377791

    Number of DSMC particles        = 9242555
    Number of stuck particles       = 0
    Number of free particles        = 9242555
    Average linear kinetic energy   = 3.073808027e-19
    Average rotational energy       = 3.052720709e-20
    Average vibrational energy      = 5.087670909e-21
    Average electronic energy       = 0
    Total energy                    = 31.70156444

Stage 1.0  ExecutionTime = 792.5 s  ClockTime = 834 s  Iteration 4570 (0.23 s)

Time = 0.001832

    Collision global reduction skipped (rank 0 local diagnostics)
    Collisions                      = 78
    Collision candidates           = 175
    Collision acceptance rate      = 0.4457142857

    Number of DSMC particles        = 9245917
    Number of stuck particles       = 0
    Number of free particles        = 9245917
    Average linear kinetic energy   = 3.072740294e-19
    Average rotational energy       = 3.057240815e-20
    Average vibrational energy      = 5.095488632e-21
    Average electronic energy       = 0
    Total energy                    = 31.70812586

Stage 1.0  ExecutionTime = 794.59 s  ClockTime = 836 s  Iteration 4580 (0.23 s)

Time = 0.001836

    Collision global reduction skipped (rank 0 local diagnostics)
    Collisions                      = 1173
    Collision candidates           = 2233
    Collision acceptance rate      = 0.5253022839

    Number of DSMC particles        = 9249320
    Number of stuck particles       = 0
    Number of free particles        = 9249320
    Average linear kinetic energy   = 3.071586007e-19
    Average rotational energy       = 3.059284724e-20
    Average vibrational energy      = 5.099341581e-21
    Average electronic energy       = 0
    Total energy                    = 31.71136664

Stage 1.0  ExecutionTime = 796.68 s  ClockTime = 838 s  Iteration 4590 (0.23 s)

Time = 0.00184

    Collision global reduction skipped (rank 0 local diagnostics)
    Collisions                      = 1664
    Collision candidates           = 3134
    Collision acceptance rate      = 0.5309508615

    Number of DSMC particles        = 9252411
    Number of stuck particles       = 0
    Number of free particles        = 9252411
    Average linear kinetic energy   = 3.072467678e-19
    Average rotational energy       = 3.06058234e-20
    Average vibrational energy      = 5.099250103e-21
    Average electronic energy       = 0
    Total energy                    = 31.73131389

Stage 1.0  ExecutionTime = 798.77 s  ClockTime = 840 s  Iteration 4600 (0.23 s)

Time = 0.001844

    Collision global reduction skipped (rank 0 local diagnostics)
    Collisions                      = 66
    Collision candidates           = 173
    Collision acceptance rate      = 0.3815028902

    Number of DSMC particles        = 9254820
    Number of stuck particles       = 0
    Number of free particles        = 9254820
    Average linear kinetic energy   = 3.071921919e-19
    Average rotational energy       = 3.05925031e-20
    Average vibrational energy      = 5.099806279e-21
    Average electronic energy       = 0
    Total energy                    = 31.7333434

Stage 1.0  ExecutionTime = 800.87 s  ClockTime = 843 s  Iteration 4610 (0.24 s)

Time = 0.001848

    Collision global reduction skipped (rank 0 local diagnostics)
    Collisions                      = 1407
    Collision candidates           = 2561
    Collision acceptance rate      = 0.5493947677

    Number of DSMC particles        = 9256848
    Number of stuck particles       = 0
    Number of free particles        = 9256848
    Average linear kinetic energy   = 3.070717388e-19
    Average rotational energy       = 3.055352837e-20
    Average vibrational energy      = 5.096475148e-21
    Average electronic energy       = 0
    Total energy                    = 31.72523075

Stage 1.0  ExecutionTime = 802.96 s  ClockTime = 845 s  Iteration 4620 (0.23 s)

Time = 0.001852

    Collision global reduction skipped (rank 0 local diagnostics)
    Collisions                      = 647
    Collision candidates           = 1259
    Collision acceptance rate      = 0.5138999206

    Number of DSMC particles        = 9259453
    Number of stuck particles       = 0
    Number of free particles        = 9259453
    Average linear kinetic energy   = 3.070359721e-19
    Average rotational energy       = 3.053448068e-20
    Average vibrational energy      = 5.094278758e-21
    Average electronic energy       = 0
    Total energy                    = 31.72887977

Stage 1.0  ExecutionTime = 805.06 s  ClockTime = 847 s  Iteration 4630 (0.24 s)

Time = 0.001856

    Collision global reduction skipped (rank 0 local diagnostics)
    Collisions                      = 355
    Collision candidates           = 757
    Collision acceptance rate      = 0.4689564069

    Number of DSMC particles        = 9261906
    Number of stuck particles       = 0
    Number of free particles        = 9261906
    Average linear kinetic energy   = 3.069217394e-19
    Average rotational energy       = 3.051538835e-20
    Average vibrational energy      = 5.092687263e-21
    Average electronic energy       = 0
    Total energy                    = 31.72478949

Stage 1.0  ExecutionTime = 807.16 s  ClockTime = 849 s  Iteration 4640 (0.23 s)

Time = 0.00186

    Collision global reduction skipped (rank 0 local diagnostics)
    Collisions                      = 23
    Collision candidates           = 46
    Collision acceptance rate      = 0.5

    Number of DSMC particles        = 9264418
    Number of stuck particles       = 0
    Number of free particles        = 9264418
    Average linear kinetic energy   = 3.068574021e-19
    Average rotational energy       = 3.050221554e-20
    Average vibrational energy      = 5.092365712e-21
    Average electronic energy       = 0
    Total energy                    = 31.72618319

Stage 1.0  ExecutionTime = 809.26 s  ClockTime = 851 s  Iteration 4650 (0.23 s)

Time = 0.001864

    Collision global reduction skipped (rank 0 local diagnostics)
    Collisions                      = 164
    Collision candidates           = 353
    Collision acceptance rate      = 0.4645892351

    Number of DSMC particles        = 9266902
    Number of stuck particles       = 0
    Number of free particles        = 9266902
    Average linear kinetic energy   = 3.068465208e-19
    Average rotational energy       = 3.047145041e-20
    Average vibrational energy      = 5.087092722e-21
    Average electronic energy       = 0
    Total energy                    = 31.73034171

Stage 1.0  ExecutionTime = 811.36 s  ClockTime = 853 s  Iteration 4660 (0.23 s)

Time = 0.001868

    Collision global reduction skipped (rank 0 local diagnostics)
    Collisions                      = 959
    Collision candidates           = 1810
    Collision acceptance rate      = 0.5298342541

    Number of DSMC particles        = 9268925
    Number of stuck particles       = 0
    Number of free particles        = 9268925
    Average linear kinetic energy   = 3.067966824e-19
    Average rotational energy       = 3.04617972e-20
    Average vibrational energy      = 5.086415681e-21
    Average electronic energy       = 0
    Total energy                    = 31.73169158

Stage 1.0  ExecutionTime = 813.45 s  ClockTime = 855 s  Iteration 4670 (0.24 s)

Time = 0.001872

    Collision global reduction skipped (rank 0 local diagnostics)
    Collisions                      = 1995
    Collision candidates           = 3650
    Collision acceptance rate      = 0.5465753425

    Number of DSMC particles        = 9271474
    Number of stuck particles       = 0
    Number of free particles        = 9271474
    Average linear kinetic energy   = 3.066317489e-19
    Average rotational energy       = 3.050224863e-20
    Average vibrational energy      = 5.095326398e-21
    Average electronic energy       = 0
    Total energy                    = 31.72970279

Stage 1.0  ExecutionTime = 815.54 s  ClockTime = 857 s  Iteration 4680 (0.23 s)

Time = 0.001876

    Collision global reduction skipped (rank 0 local diagnostics)
    Collisions                      = 1181
    Collision candidates           = 2309
    Collision acceptance rate      = 0.5114768298

    Number of DSMC particles        = 9273982
    Number of stuck particles       = 0
    Number of free particles        = 9273982
    Average linear kinetic energy   = 3.065343656e-19
    Average rotational energy       = 3.04831818e-20
    Average vibrational energy      = 5.093086929e-21
    Average electronic energy       = 0
    Total energy                    = 31.72727865

Stage 1.0  ExecutionTime = 817.65 s  ClockTime = 859 s  Iteration 4690 (0.24 s)

Time = 0.00188

    Collision global reduction skipped (rank 0 local diagnostics)
    Collisions                      = 57
    Collision candidates           = 113
    Collision acceptance rate      = 0.5044247788

    Number of DSMC particles        = 9276627
    Number of stuck particles       = 0
    Number of free particles        = 9276627
    Average linear kinetic energy   = 3.064567999e-19
    Average rotational energy       = 3.047145917e-20
    Average vibrational energy      = 5.094180894e-21
    Average electronic energy       = 0
    Total energy                    = 31.72814601

Stage 1.0  ExecutionTime = 819.75 s  ClockTime = 862 s  Iteration 4700 (0.24 s)

Time = 0.001884

    Collision global reduction skipped (rank 0 local diagnostics)
    Collisions                      = 1288
    Collision candidates           = 2424
    Collision acceptance rate      = 0.5313531353

    Number of DSMC particles        = 9279310
    Number of stuck particles       = 0
    Number of free particles        = 9279310
    Average linear kinetic energy   = 3.063873916e-19
    Average rotational energy       = 3.050118887e-20
    Average vibrational energy      = 5.0959198e-21
    Average electronic energy       = 0
    Total energy                    = 31.73380193

Stage 1.0  ExecutionTime = 821.87 s  ClockTime = 864 s  Iteration 4710 (0.24 s)

Time = 0.001888

    Collision global reduction skipped (rank 0 local diagnostics)
    Collisions                      = 653
    Collision candidates           = 1230
    Collision acceptance rate      = 0.5308943089

    Number of DSMC particles        = 9281546
    Number of stuck particles       = 0
    Number of free particles        = 9281546
    Average linear kinetic energy   = 3.063192685e-19
    Average rotational energy       = 3.043969556e-20
    Average vibrational energy      = 5.088858722e-21
    Average electronic energy       = 0
    Total energy                    = 31.72876293

Stage 1.0  ExecutionTime = 823.97 s  ClockTime = 866 s  Iteration 4720 (0.24 s)

Time = 0.001892

    Collision global reduction skipped (rank 0 local diagnostics)
    Collisions                      = 1306
    Collision candidates           = 2404
    Collision acceptance rate      = 0.5432612313

    Number of DSMC particles        = 9283833
    Number of stuck particles       = 0
    Number of free particles        = 9283833
    Average linear kinetic energy   = 3.061231868e-19
    Average rotational energy       = 3.043457207e-20
    Average vibrational energy      = 5.087350378e-21
    Average electronic energy       = 0
    Total energy                    = 31.7177614

Stage 1.0  ExecutionTime = 826.06 s  ClockTime = 868 s  Iteration 4730 (0.23 s)

Time = 0.001896

    Collision global reduction skipped (rank 0 local diagnostics)
    Collisions                      = 549
    Collision candidates           = 1082
    Collision acceptance rate      = 0.5073937153

    Number of DSMC particles        = 9285410
    Number of stuck particles       = 0
    Number of free particles        = 9285410
    Average linear kinetic energy   = 3.060731664e-19
    Average rotational energy       = 3.041716075e-20
    Average vibrational energy      = 5.082917249e-21
    Average electronic energy       = 0
    Total energy                    = 31.7164762

Stage 1.0  ExecutionTime = 828.16 s  ClockTime = 870 s  Iteration 4740 (0.23 s)

Time = 0.0019

    Collision global reduction skipped (rank 0 local diagnostics)
    Collisions                      = 1504
    Collision candidates           = 2807
    Collision acceptance rate      = 0.5358033488

    Number of DSMC particles        = 9287766
    Number of stuck particles       = 0
    Number of free particles        = 9287766
    Average linear kinetic energy   = 3.058790473e-19
    Average rotational energy       = 3.043378575e-20
    Average vibrational energy      = 5.082769602e-21
    Average electronic energy       = 0
    Total energy                    = 31.70802471

Stage 1.0  ExecutionTime = 830.27 s  ClockTime = 872 s  Iteration 4750 (0.24 s)

Time = 0.001904

    Collision global reduction skipped (rank 0 local diagnostics)
    Collisions                      = 1463
    Collision candidates           = 2787
    Collision acceptance rate      = 0.5249372085

    Number of DSMC particles        = 9290092
    Number of stuck particles       = 0
    Number of free particles        = 9290092
    Average linear kinetic energy   = 3.057807599e-19
    Average rotational energy       = 3.046793553e-20
    Average vibrational energy      = 5.08635422e-21
    Average electronic energy       = 0
    Total energy                    = 31.71034014

Stage 1.0  ExecutionTime = 832.38 s  ClockTime = 874 s  Iteration 4760 (0.24 s)

Time = 0.001908

    Collision global reduction skipped (rank 0 local diagnostics)
    Collisions                      = 260
    Collision candidates           = 526
    Collision acceptance rate      = 0.4942965779

    Number of DSMC particles        = 9291689
    Number of stuck particles       = 0
    Number of free particles        = 9291689
    Average linear kinetic energy   = 3.057600416e-19
    Average rotational energy       = 3.048371629e-20
    Average vibrational energy      = 5.086040839e-21
    Average electronic energy       = 0
    Total energy                    = 31.71530336

Stage 1.0  ExecutionTime = 834.52 s  ClockTime = 876 s  Iteration 4770 (0.25 s)

Time = 0.001912

    Collision global reduction skipped (rank 0 local diagnostics)
    Collisions                      = 568
    Collision candidates           = 1066
    Collision acceptance rate      = 0.5328330206

    Number of DSMC particles        = 9293837
    Number of stuck particles       = 0
    Number of free particles        = 9293837
    Average linear kinetic energy   = 3.057663206e-19
    Average rotational energy       = 3.047845043e-20
    Average vibrational energy      = 5.082737372e-21
    Average electronic energy       = 0
    Total energy                    = 31.72242227

Stage 1.0  ExecutionTime = 836.62 s  ClockTime = 879 s  Iteration 4780 (0.23 s)

Time = 0.001916

    Collision global reduction skipped (rank 0 local diagnostics)
    Collisions                      = 474
    Collision candidates           = 899
    Collision acceptance rate      = 0.5272525028

    Number of DSMC particles        = 9295777
    Number of stuck particles       = 0
    Number of free particles        = 9295777
    Average linear kinetic energy   = 3.056219142e-19
    Average rotational energy       = 3.051002152e-20
    Average vibrational energy      = 5.089962897e-21
    Average electronic energy       = 0
    Total energy                    = 31.71922677

Stage 1.0  ExecutionTime = 838.74 s  ClockTime = 881 s  Iteration 4790 (0.24 s)

Time = 0.00192

    Collision global reduction skipped (rank 0 local diagnostics)
    Collisions                      = 394
    Collision candidates           = 754
    Collision acceptance rate      = 0.5225464191

    Number of DSMC particles        = 9298000
    Number of stuck particles       = 0
    Number of free particles        = 9298000
    Average linear kinetic energy   = 3.055373062e-19
    Average rotational energy       = 3.052829778e-20
    Average vibrational energy      = 5.095692143e-21
    Average electronic energy       = 0
    Total energy                    = 31.72117731

Stage 1.0  ExecutionTime = 840.85 s  ClockTime = 883 s  Iteration 4800 (0.23 s)

Time = 0.001924

    Collision global reduction skipped (rank 0 local diagnostics)
    Collisions                      = 848
    Collision candidates           = 1617
    Collision acceptance rate      = 0.524427953

    Number of DSMC particles        = 9300517
    Number of stuck particles       = 0
    Number of free particles        = 9300517
    Average linear kinetic energy   = 3.054960797e-19
    Average rotational energy       = 3.052529897e-20
    Average vibrational energy      = 5.095742943e-21
    Average electronic energy       = 0
    Total energy                    = 31.72565589

Stage 1.0  ExecutionTime = 842.97 s  ClockTime = 885 s  Iteration 4810 (0.24 s)

Time = 0.001928

    Collision global reduction skipped (rank 0 local diagnostics)
    Collisions                      = 223
    Collision candidates           = 466
    Collision acceptance rate      = 0.4785407725

    Number of DSMC particles        = 9302859
    Number of stuck particles       = 0
    Number of free particles        = 9302859
    Average linear kinetic energy   = 3.054133179e-19
    Average rotational energy       = 3.052286008e-20
    Average vibrational energy      = 5.095976912e-21
    Average electronic energy       = 0
    Total energy                    = 31.72574051

Stage 1.0  ExecutionTime = 845.08 s  ClockTime = 887 s  Iteration 4820 (0.24 s)

Time = 0.001932

    Collision global reduction skipped (rank 0 local diagnostics)
    Collisions                      = 1554
    Collision candidates           = 2732
    Collision acceptance rate      = 0.5688140556

    Number of DSMC particles        = 9305767
    Number of stuck particles       = 0
    Number of free particles        = 9305767
    Average linear kinetic energy   = 3.053628431e-19
    Average rotational energy       = 3.053048977e-20
    Average vibrational energy      = 5.100038382e-21
    Average electronic energy       = 0
    Total energy                    = 31.73204861

Stage 1.0  ExecutionTime = 847.18 s  ClockTime = 889 s  Iteration 4830 (0.23 s)

Time = 0.001936

    Collision global reduction skipped (rank 0 local diagnostics)
    Collisions                      = 616
    Collision candidates           = 1116
    Collision acceptance rate      = 0.5519713262

    Number of DSMC particles        = 9308323
    Number of stuck particles       = 0
    Number of free particles        = 9308323
    Average linear kinetic energy   = 3.052854513e-19
    Average rotational energy       = 3.053051506e-20
    Average vibrational energy      = 5.104760592e-21
    Average electronic energy       = 0
    Total energy                    = 31.73400244

Stage 1.0  ExecutionTime = 849.3 s  ClockTime = 891 s  Iteration 4840 (0.24 s)

Time = 0.00194

    Collision global reduction skipped (rank 0 local diagnostics)
    Collisions                      = 794
    Collision candidates           = 1553
    Collision acceptance rate      = 0.5112685126

    Number of DSMC particles        = 9311320
    Number of stuck particles       = 0
    Number of free particles        = 9311320
    Average linear kinetic energy   = 3.052177757e-19
    Average rotational energy       = 3.052533385e-20
    Average vibrational energy      = 5.108109307e-21
    Average electronic energy       = 0
    Total energy                    = 31.73774771

Stage 1.0  ExecutionTime = 851.41 s  ClockTime = 893 s  Iteration 4850 (0.24 s)

Time = 0.001944

    Collision global reduction skipped (rank 0 local diagnostics)
    Collisions                      = 2355
    Collision candidates           = 4210
    Collision acceptance rate      = 0.5593824228

    Number of DSMC particles        = 9313869
    Number of stuck particles       = 0
    Number of free particles        = 9313869
    Average linear kinetic energy   = 3.050761798e-19
    Average rotational energy       = 3.05242099e-20
    Average vibrational energy      = 5.111111074e-21
    Average electronic energy       = 0
    Total energy                    = 31.73342285

Stage 1.0  ExecutionTime = 853.51 s  ClockTime = 896 s  Iteration 4860 (0.23 s)

Time = 0.001948

    Collision global reduction skipped (rank 0 local diagnostics)
    Collisions                      = 680
    Collision candidates           = 1299
    Collision acceptance rate      = 0.5234795997

    Number of DSMC particles        = 9316199
    Number of stuck particles       = 0
    Number of free particles        = 9316199
    Average linear kinetic energy   = 3.04928705e-19
    Average rotational energy       = 3.05558611e-20
    Average vibrational energy      = 5.117176404e-21
    Average electronic energy       = 0
    Total energy                    = 31.73113613

Stage 1.0  ExecutionTime = 855.61 s  ClockTime = 898 s  Iteration 4870 (0.24 s)

Time = 0.001952

    Collision global reduction skipped (rank 0 local diagnostics)
    Collisions                      = 1210
    Collision candidates           = 2261
    Collision acceptance rate      = 0.535161433

    Number of DSMC particles        = 9318350
    Number of stuck particles       = 0
    Number of free particles        = 9318350
    Average linear kinetic energy   = 3.049285187e-19
    Average rotational energy       = 3.056270281e-20
    Average vibrational energy      = 5.120552426e-21
    Average electronic energy       = 0
    Total energy                    = 31.73939723

Stage 1.0  ExecutionTime = 857.72 s  ClockTime = 900 s  Iteration 4880 (0.25 s)

Time = 0.001956

    Collision global reduction skipped (rank 0 local diagnostics)
    Collisions                      = 1459
    Collision candidates           = 2669
    Collision acceptance rate      = 0.5466466842

    Number of DSMC particles        = 9320017
    Number of stuck particles       = 0
    Number of free particles        = 9320017
    Average linear kinetic energy   = 3.04852932e-19
    Average rotational energy       = 3.056186692e-20
    Average vibrational energy      = 5.121518227e-21
    Average electronic energy       = 0
    Total energy                    = 31.73804265

Stage 1.0  ExecutionTime = 859.8 s  ClockTime = 902 s  Iteration 4890 (0.23 s)

Time = 0.00196

    Collision global reduction skipped (rank 0 local diagnostics)
    Collisions                      = 1881
    Collision candidates           = 3341
    Collision acceptance rate      = 0.5630050883

    Number of DSMC particles        = 9322154
    Number of stuck particles       = 0
    Number of free particles        = 9322154
    Average linear kinetic energy   = 3.045796432e-19
    Average rotational energy       = 3.057884928e-20
    Average vibrational energy      = 5.126028916e-21
    Average electronic energy       = 0
    Total energy                    = 31.72184712

Stage 1.0  ExecutionTime = 861.9 s  ClockTime = 904 s  Iteration 4900 (0.23 s)

Time = 0.001964

    Collision global reduction skipped (rank 0 local diagnostics)
    Collisions                      = 306
    Collision candidates           = 604
    Collision acceptance rate      = 0.5066225166

    Number of DSMC particles        = 9324430
    Number of stuck particles       = 0
    Number of free particles        = 9324430
    Average linear kinetic energy   = 3.045666172e-19
    Average rotational energy       = 3.057105992e-20
    Average vibrational energy      = 5.123562769e-21
    Average electronic energy       = 0
    Total energy                    = 31.72742113

Stage 1.0  ExecutionTime = 864 s  ClockTime = 906 s  Iteration 4910 (0.24 s)

Time = 0.001968

    Collision global reduction skipped (rank 0 local diagnostics)
    Collisions                      = 1037
    Collision candidates           = 1953
    Collision acceptance rate      = 0.5309779826

    Number of DSMC particles        = 9326350
    Number of stuck particles       = 0
    Number of free particles        = 9326350
    Average linear kinetic energy   = 3.045221205e-19
    Average rotational energy       = 3.057462338e-20
    Average vibrational energy      = 5.124329894e-21
    Average electronic energy       = 0
    Total energy                    = 31.73020811

Stage 1.0  ExecutionTime = 866.11 s  ClockTime = 908 s  Iteration 4920 (0.25 s)

Time = 0.001972

    Collision global reduction skipped (rank 0 local diagnostics)
    Collisions                      = 745
    Collision candidates           = 1431
    Collision acceptance rate      = 0.5206149546

    Number of DSMC particles        = 9328452
    Number of stuck particles       = 0
    Number of free particles        = 9328452
    Average linear kinetic energy   = 3.044582723e-19
    Average rotational energy       = 3.055298675e-20
    Average vibrational energy      = 5.12208819e-21
    Average electronic energy       = 0
    Total energy                    = 31.72917604

Stage 1.0  ExecutionTime = 868.19 s  ClockTime = 910 s  Iteration 4930 (0.23 s)

Time = 0.001976

    Collision global reduction skipped (rank 0 local diagnostics)
    Collisions                      = 620
    Collision candidates           = 1190
    Collision acceptance rate      = 0.5210084034

    Number of DSMC particles        = 9330854
    Number of stuck particles       = 0
    Number of free particles        = 9330854
    Average linear kinetic energy   = 3.044255023e-19
    Average rotational energy       = 3.051638298e-20
    Average vibrational energy      = 5.119536868e-21
    Average electronic energy       = 0
    Total energy                    = 31.73063482

Stage 1.0  ExecutionTime = 870.29 s  ClockTime = 912 s  Iteration 4940 (0.24 s)

Time = 0.00198

    Collision global reduction skipped (rank 0 local diagnostics)
    Collisions                      = 758
    Collision candidates           = 1379
    Collision acceptance rate      = 0.5496736766


Phase C auto DLB triggered (threshold) at step 4950: sar=-0.004125125488 loadImbalance=1.514425112 threshold=1.5 particleMaxMin=1
Phase C ParMETIS weights: particles=9332705 activeCells=104151 maxCellParticles=279
Phase C ParMETIS: alpha=1 ncon=1 ubvec=[1.05] moveRatio=0.9551117283 (moveT=379.0993693s, collT=17.81688465s)
Phase C ParMETIS: AdaptiveRepart (104151 cells, 1 constraints, ubvec=1.05)
Replicated mesh: rank 0 owns 2138 / 104151 cells
Local mesh: 2138 owned + 127 halo = 2265 / 104151 cells
Phase C ParMETIS AdaptiveRepart: 82376 / 104151 cells changed (0.7909285557)
Phase C auto DLB complete: rebalance #55

    Number of DSMC particles        = 9332705
    Number of stuck particles       = 0
    Number of free particles        = 9332705
    Average linear kinetic energy   = 3.042071761e-19
    Average rotational energy       = 3.055985804e-20
    Average vibrational energy      = 5.123962944e-21
    Average electronic energy       = 0
    Total energy                    = 31.72102408

Stage 1.0  ExecutionTime = 872.56 s  ClockTime = 915 s  Iteration 4950 (0.42 s)

Time = 0.001984

    Collision global reduction skipped (rank 0 local diagnostics)
    Collisions                      = 2
    Collision candidates           = 3
    Collision acceptance rate      = 0.6666666667

    Number of DSMC particles        = 9334177
    Number of stuck particles       = 0
    Number of free particles        = 9334177
    Average linear kinetic energy   = 3.039743955e-19
    Average rotational energy       = 3.068924634e-20
    Average vibrational energy      = 5.142676383e-21
    Average electronic energy       = 0
    Total energy                    = 31.7181232

Stage 1.0  ExecutionTime = 874.4 s  ClockTime = 917 s  Iteration 4960 (0.21 s)

Time = 0.001988

    Collision global reduction skipped (rank 0 local diagnostics)
    Collisions                      = 69
    Collision candidates           = 126
    Collision acceptance rate      = 0.5476190476

    Number of DSMC particles        = 9335844
    Number of stuck particles       = 0
    Number of free particles        = 9335844
    Average linear kinetic energy   = 3.041010996e-19
    Average rotational energy       = 3.072690907e-20
    Average vibrational energy      = 5.150704712e-21
    Average electronic energy       = 0
    Total energy                    = 31.73988231

Stage 1.0  ExecutionTime = 876.23 s  ClockTime = 918 s  Iteration 4970 (0.2 s)

Time = 0.001992

    Collision global reduction skipped (rank 0 local diagnostics)
    Collisions                      = 235
    Collision candidates           = 431
    Collision acceptance rate      = 0.5452436195

    Number of DSMC particles        = 9336831
    Number of stuck particles       = 0
    Number of free particles        = 9336831
    Average linear kinetic energy   = 3.041555171e-19
    Average rotational energy       = 3.074431163e-20
    Average vibrational energy      = 5.157546926e-21
    Average electronic energy       = 0
    Total energy                    = 31.75058247

Stage 1.0  ExecutionTime = 878.06 s  ClockTime = 920 s  Iteration 4980 (0.21 s)

Time = 0.001996

    Collision global reduction skipped (rank 0 local diagnostics)
    Collisions                      = 191
    Collision candidates           = 369
    Collision acceptance rate      = 0.5176151762

    Number of DSMC particles        = 9337728
    Number of stuck particles       = 0
    Number of free particles        = 9337728
    Average linear kinetic energy   = 3.041585496e-19
    Average rotational energy       = 3.076588561e-20
    Average vibrational energy      = 5.164895186e-21
    Average electronic energy       = 0
    Total energy                    = 31.75661663

Stage 1.0  ExecutionTime = 879.88 s  ClockTime = 922 s  Iteration 4990 (0.2 s)

Time = 0.002

    Collision global reduction skipped (rank 0 local diagnostics)
    Collisions                      = 166
    Collision candidates           = 280
    Collision acceptance rate      = 0.5928571429


Phase C auto DLB triggered (threshold) at step 5000: sar=0 loadImbalance=1.991833234 threshold=1.5 particleMaxMin=1
Phase C ParMETIS weights: particles=9339275 activeCells=104151 maxCellParticles=274
Phase C ParMETIS: alpha=1 ncon=1 ubvec=[1.05] moveRatio=0.9554826424 (moveT=383.0750196s, collT=17.84803499s)
Phase C ParMETIS: AdaptiveRepart (104151 cells, 1 constraints, ubvec=1.05)
Replicated mesh: rank 0 owns 2163 / 104151 cells
Local mesh: 2163 owned + 127 halo = 2290 / 104151 cells
Phase C ParMETIS AdaptiveRepart: 209 / 104151 cells changed (0.002006701808)
Phase C auto DLB complete: rebalance #56

    Number of DSMC particles        = 9339275
    Number of stuck particles       = 0
    Number of free particles        = 9339275
    Average linear kinetic energy   = 3.041723226e-19
    Average rotational energy       = 3.073058683e-20
    Average vibrational energy      = 5.161104037e-21
    Average electronic energy       = 0
    Total energy                    = 31.75951339
Replicated mesh: wrote gathered cloud on rank0 at output time 0.002 with 9339275 parcels
Written cellOwner field at output time 0.002
Replicated mesh output timing:
    gather parcels [s]       = 1.57
    rank0 write [s]           = 22.87
    migrate-back [s]          = 1.56


Stage 1.0  ExecutionTime = 909.71 s  ClockTime = 952 s  Iteration 5000 (28.19 s)

    Maximum imbalance = 10.64248563%

Time = 0.002004

    Collision global reduction skipped (rank 0 local diagnostics)
    Collisions                      = 73
    Collision candidates           = 126
    Collision acceptance rate      = 0.5793650794

    Number of DSMC particles        = 9341379
    Number of stuck particles       = 0
    Number of free particles        = 9341379
    Average linear kinetic energy   = 3.041794984e-19
    Average rotational energy       = 3.074590919e-20
    Average vibrational energy      = 5.165413431e-21
    Average electronic energy       = 0
    Total energy                    = 31.76917253

Stage 1.0  ExecutionTime = 911.3 s  ClockTime = 954 s  Iteration 5010 (0.17 s)

Time = 0.002008

    Collision global reduction skipped (rank 0 local diagnostics)
    Collisions                      = 86
    Collision candidates           = 164
    Collision acceptance rate      = 0.5243902439

    Number of DSMC particles        = 9343281
    Number of stuck particles       = 0
    Number of free particles        = 9343281
    Average linear kinetic energy   = 3.041718035e-19
    Average rotational energy       = 3.071582774e-20
    Average vibrational energy      = 5.166714462e-21
    Average electronic energy       = 0
    Total energy                    = 31.77223307

Stage 1.0  ExecutionTime = 912.92 s  ClockTime = 955 s  Iteration 5020 (0.17 s)

Time = 0.002012

    Collision global reduction skipped (rank 0 local diagnostics)
    Collisions                      = 328
    Collision candidates           = 538
    Collision acceptance rate      = 0.6096654275

    Number of DSMC particles        = 9344948
    Number of stuck particles       = 0
    Number of free particles        = 9344948
    Average linear kinetic energy   = 3.041029492e-19
    Average rotational energy       = 3.070211593e-20
    Average vibrational energy      = 5.163820135e-21
    Average electronic energy       = 0
    Total energy                    = 31.76991554

Stage 1.0  ExecutionTime = 914.59 s  ClockTime = 957 s  Iteration 5030 (0.18 s)

Time = 0.002016

    Collision global reduction skipped (rank 0 local diagnostics)
    Collisions                      = 285
    Collision candidates           = 486
    Collision acceptance rate      = 0.5864197531

    Number of DSMC particles        = 9346745
    Number of stuck particles       = 0
    Number of free particles        = 9346745
    Average linear kinetic energy   = 3.039390634e-19
    Average rotational energy       = 3.068037498e-20
    Average vibrational energy      = 5.164322899e-21
    Average electronic energy       = 0
    Total energy                    = 31.75872172

Stage 1.0  ExecutionTime = 916.28 s  ClockTime = 959 s  Iteration 5040 (0.18 s)

Time = 0.00202

    Collision global reduction skipped (rank 0 local diagnostics)
    Collisions                      = 232
    Collision candidates           = 418
    Collision acceptance rate      = 0.5550239234


Phase C auto DLB triggered (threshold) at step 5050: sar=0 loadImbalance=4.217390113e+15 threshold=1.5 particleMaxMin=1
Phase C ParMETIS weights: particles=9348769 activeCells=104151 maxCellParticles=258
Phase C ParMETIS: alpha=1 ncon=1 ubvec=[1.05] moveRatio=0.9558892496 (moveT=387.4345751s, collT=17.87867143s)
Phase C ParMETIS: AdaptiveRepart (104151 cells, 1 constraints, ubvec=1.05)
Replicated mesh: rank 0 owns 2163 / 104151 cells
Local mesh: 2163 owned + 127 halo = 2290 / 104151 cells
Phase C ParMETIS AdaptiveRepart: 91 / 104151 cells changed (0.0008737314092)
Phase C auto DLB complete: rebalance #57

    Number of DSMC particles        = 9348769
    Number of stuck particles       = 0
    Number of free particles        = 9348769
    Average linear kinetic energy   = 3.038089913e-19
    Average rotational energy       = 3.067164585e-20
    Average vibrational energy      = 5.165504734e-21
    Average electronic energy       = 0
    Total energy                    = 31.75273322

Stage 1.0  ExecutionTime = 918.01 s  ClockTime = 961 s  Iteration 5050 (0.23 s)

Time = 0.002024

    Collision global reduction skipped (rank 0 local diagnostics)
    Collisions                      = 472
    Collision candidates           = 814
    Collision acceptance rate      = 0.5798525799

    Number of DSMC particles        = 9350947
    Number of stuck particles       = 0
    Number of free particles        = 9350947
    Average linear kinetic energy   = 3.036704329e-19
    Average rotational energy       = 3.066687926e-20
    Average vibrational energy      = 5.165038809e-21
    Average electronic energy       = 0
    Total energy                    = 31.7466849

Stage 1.0  ExecutionTime = 919.72 s  ClockTime = 962 s  Iteration 5060 (0.19 s)

Time = 0.002028

    Collision global reduction skipped (rank 0 local diagnostics)
    Collisions                      = 279
    Collision candidates           = 486
    Collision acceptance rate      = 0.5740740741

    Number of DSMC particles        = 9353397
    Number of stuck particles       = 0
    Number of free particles        = 9353397
    Average linear kinetic energy   = 3.036098026e-19
    Average rotational energy       = 3.066611109e-20
    Average vibrational energy      = 5.167448574e-21
    Average electronic energy       = 0
    Total energy                    = 31.74948526

Stage 1.0  ExecutionTime = 921.45 s  ClockTime = 964 s  Iteration 5070 (0.19 s)

Time = 0.002032

    Collision global reduction skipped (rank 0 local diagnostics)
    Collisions                      = 446
    Collision candidates           = 769
    Collision acceptance rate      = 0.5799739922

    Number of DSMC particles        = 9355745
    Number of stuck particles       = 0
    Number of free particles        = 9355745
    Average linear kinetic energy   = 3.034506216e-19
    Average rotational energy       = 3.068695993e-20
    Average vibrational energy      = 5.170560677e-21
    Average electronic energy       = 0
    Total energy                    = 31.74480455

Stage 1.0  ExecutionTime = 923.22 s  ClockTime = 966 s  Iteration 5080 (0.19 s)

Time = 0.002036

    Collision global reduction skipped (rank 0 local diagnostics)
    Collisions                      = 274
    Collision candidates           = 492
    Collision acceptance rate      = 0.5569105691

    Number of DSMC particles        = 9358648
    Number of stuck particles       = 0
    Number of free particles        = 9358648
    Average linear kinetic energy   = 3.033881698e-19
    Average rotational energy       = 3.069036126e-20
    Average vibrational energy      = 5.168867898e-21
    Average electronic energy       = 0
    Total energy                    = 31.74896992

Stage 1.0  ExecutionTime = 925.04 s  ClockTime = 968 s  Iteration 5090 (0.19 s)

Time = 0.00204

    Collision global reduction skipped (rank 0 local diagnostics)
    Collisions                      = 120
    Collision candidates           = 219
    Collision acceptance rate      = 0.5479452055


Phase C auto DLB triggered (threshold) at step 5100: sar=0 loadImbalance=1.54393976 threshold=1.5 particleMaxMin=1
Phase C ParMETIS weights: particles=9361206 activeCells=104151 maxCellParticles=268
Phase C ParMETIS: alpha=1 ncon=1 ubvec=[1.05] moveRatio=0.9562991695 (moveT=391.9174891s, collT=17.90979255s)
Phase C ParMETIS: AdaptiveRepart (104151 cells, 1 constraints, ubvec=1.05)
Replicated mesh: rank 0 owns 2447 / 104151 cells
Local mesh: 2447 owned + 141 halo = 2588 / 104151 cells
Phase C ParMETIS AdaptiveRepart: 74218 / 104151 cells changed (0.712599975)
Phase C auto DLB complete: rebalance #58

    Number of DSMC particles        = 9361206
    Number of stuck particles       = 0
    Number of free particles        = 9361206
    Average linear kinetic energy   = 3.034490484e-19
    Average rotational energy       = 3.066472497e-20
    Average vibrational energy      = 5.166437911e-21
    Average electronic energy       = 0
    Total energy                    = 31.7607195

Stage 1.0  ExecutionTime = 927 s  ClockTime = 970 s  Iteration 5100 (0.34 s)

Time = 0.002044

    Collision global reduction skipped (rank 0 local diagnostics)
    Collisions                      = 81
    Collision candidates           = 176
    Collision acceptance rate      = 0.4602272727

    Number of DSMC particles        = 9363904
    Number of stuck particles       = 0
    Number of free particles        = 9363904
    Average linear kinetic energy   = 3.033784074e-19
    Average rotational energy       = 3.072124458e-20
    Average vibrational energy      = 5.174517516e-21
    Average electronic energy       = 0
    Total energy                    = 31.76930753

Stage 1.0  ExecutionTime = 928.8 s  ClockTime = 971 s  Iteration 5110 (0.2 s)

Time = 0.002048

    Collision global reduction skipped (rank 0 local diagnostics)
    Collisions                      = 2573
    Collision candidates           = 4622
    Collision acceptance rate      = 0.5566854176

    Number of DSMC particles        = 9366072
    Number of stuck particles       = 0
    Number of free particles        = 9366072
    Average linear kinetic energy   = 3.034507613e-19
    Average rotational energy       = 3.072813306e-20
    Average vibrational energy      = 5.175544604e-21
    Average electronic energy       = 0
    Total energy                    = 31.78418109

Stage 1.0  ExecutionTime = 930.63 s  ClockTime = 973 s  Iteration 5120 (0.2 s)

Time = 0.002052

    Collision global reduction skipped (rank 0 local diagnostics)
    Collisions                      = 206
    Collision candidates           = 440
    Collision acceptance rate      = 0.4681818182

    Number of DSMC particles        = 9368122
    Number of stuck particles       = 0
    Number of free particles        = 9368122
    Average linear kinetic energy   = 3.033803154e-19
    Average rotational energy       = 3.072630253e-20
    Average vibrational energy      = 5.180785306e-21
    Average electronic energy       = 0
    Total energy                    = 31.78485787

Stage 1.0  ExecutionTime = 932.45 s  ClockTime = 975 s  Iteration 5130 (0.21 s)

Time = 0.002056

    Collision global reduction skipped (rank 0 local diagnostics)
    Collisions                      = 1222
    Collision candidates           = 2303
    Collision acceptance rate      = 0.5306122449

    Number of DSMC particles        = 9369645
    Number of stuck particles       = 0
    Number of free particles        = 9369645
    Average linear kinetic energy   = 3.03283291e-19
    Average rotational energy       = 3.072415974e-20
    Average vibrational energy      = 5.181976929e-21
    Average electronic energy       = 0
    Total energy                    = 31.78084525

Stage 1.0  ExecutionTime = 934.28 s  ClockTime = 977 s  Iteration 5140 (0.2 s)

Time = 0.00206

    Collision global reduction skipped (rank 0 local diagnostics)
    Collisions                      = 905
    Collision candidates           = 1781
    Collision acceptance rate      = 0.5081414935


Phase C auto DLB triggered (threshold) at step 5150: sar=0 loadImbalance=2.00555579 threshold=1.5 particleMaxMin=1
Phase C ParMETIS weights: particles=9371404 activeCells=104151 maxCellParticles=254
Phase C ParMETIS: alpha=1 ncon=1 ubvec=[1.05] moveRatio=0.9565160385 (moveT=396.2145249s, collT=18.0122198s)
Phase C ParMETIS: AdaptiveRepart (104151 cells, 1 constraints, ubvec=1.05)
Replicated mesh: rank 0 owns 2447 / 104151 cells
Local mesh: 2447 owned + 141 halo = 2588 / 104151 cells
Phase C ParMETIS AdaptiveRepart: 3129 / 104151 cells changed (0.03004291845)
Phase C auto DLB complete: rebalance #59

    Number of DSMC particles        = 9371404
    Number of stuck particles       = 0
    Number of free particles        = 9371404
    Average linear kinetic energy   = 3.03071435e-19
    Average rotational energy       = 3.07417787e-20
    Average vibrational energy      = 5.188601219e-21
    Average electronic energy       = 0
    Total energy                    = 31.76922964

Stage 1.0  ExecutionTime = 936.24 s  ClockTime = 979 s  Iteration 5150 (0.29 s)

Time = 0.002064

    Collision global reduction skipped (rank 0 local diagnostics)
    Collisions                      = 1067
    Collision candidates           = 2045
    Collision acceptance rate      = 0.5217603912

    Number of DSMC particles        = 9372998
    Number of stuck particles       = 0
    Number of free particles        = 9372998
    Average linear kinetic energy   = 3.029464914e-19
    Average rotational energy       = 3.073368801e-20
    Average vibrational energy      = 5.188961449e-21
    Average electronic energy       = 0
    Total energy                    = 31.7621978

Stage 1.0  ExecutionTime = 938.09 s  ClockTime = 981 s  Iteration 5160 (0.2 s)

Time = 0.002068

    Collision global reduction skipped (rank 0 local diagnostics)
    Collisions                      = 1600
    Collision candidates           = 2906
    Collision acceptance rate      = 0.5505849966

    Number of DSMC particles        = 9374919
    Number of stuck particles       = 0
    Number of free particles        = 9374919
    Average linear kinetic energy   = 3.028670731e-19
    Average rotational energy       = 3.07558927e-20
    Average vibrational energy      = 5.193362346e-21
    Average electronic energy       = 0
    Total energy                    = 31.76375633

Stage 1.0  ExecutionTime = 939.95 s  ClockTime = 983 s  Iteration 5170 (0.2 s)

Time = 0.002072

    Collision global reduction skipped (rank 0 local diagnostics)
    Collisions                      = 1084
    Collision candidates           = 2098
    Collision acceptance rate      = 0.5166825548

    Number of DSMC particles        = 9376851
    Number of stuck particles       = 0
    Number of free particles        = 9376851
    Average linear kinetic energy   = 3.02804365e-19
    Average rotational energy       = 3.07521531e-20
    Average vibrational energy      = 5.18947836e-21
    Average electronic energy       = 0
    Total energy                    = 31.76370735

Stage 1.0  ExecutionTime = 941.83 s  ClockTime = 985 s  Iteration 5180 (0.2 s)

Time = 0.002076

    Collision global reduction skipped (rank 0 local diagnostics)
    Collisions                      = 1447
    Collision candidates           = 2643
    Collision acceptance rate      = 0.5474839198

    Number of DSMC particles        = 9378876
    Number of stuck particles       = 0
    Number of free particles        = 9378876
    Average linear kinetic energy   = 3.028174015e-19
    Average rotational energy       = 3.073887694e-20
    Average vibrational energy      = 5.185930319e-21
    Average electronic energy       = 0
    Total energy                    = 31.77021172

Stage 1.0  ExecutionTime = 943.71 s  ClockTime = 986 s  Iteration 5190 (0.2 s)

Time = 0.00208

    Collision global reduction skipped (rank 0 local diagnostics)
    Collisions                      = 79
    Collision candidates           = 188
    Collision acceptance rate      = 0.420212766


Phase C auto DLB triggered (threshold) at step 5200: sar=0 loadImbalance=1.697424376 threshold=1.5 particleMaxMin=1
Phase C ParMETIS weights: particles=9381689 activeCells=104151 maxCellParticles=235
Phase C ParMETIS: alpha=1 ncon=1 ubvec=[1.05] moveRatio=0.9567677735 (moveT=401.0318465s, collT=18.12090677s)
Phase C ParMETIS: AdaptiveRepart (104151 cells, 1 constraints, ubvec=1.05)
Replicated mesh: rank 0 owns 2774 / 104151 cells
Local mesh: 2774 owned + 126 halo = 2900 / 104151 cells
Phase C ParMETIS AdaptiveRepart: 78570 / 104151 cells changed (0.7543854596)
Phase C auto DLB complete: rebalance #60

    Number of DSMC particles        = 9381689
    Number of stuck particles       = 0
    Number of free particles        = 9381689
    Average linear kinetic energy   = 3.026959519e-19
    Average rotational energy       = 3.076176297e-20
    Average vibrational energy      = 5.188012382e-21
    Average electronic energy       = 0
    Total energy                    = 31.77068894

Stage 1.0  ExecutionTime = 945.76 s  ClockTime = 989 s  Iteration 5200 (0.36 s)

Time = 0.002084

    Collision global reduction skipped (rank 0 local diagnostics)
    Collisions                      = 1255
    Collision candidates           = 2041
    Collision acceptance rate      = 0.6148946595

    Number of DSMC particles        = 9383779
    Number of stuck particles       = 0
    Number of free particles        = 9383779
    Average linear kinetic energy   = 3.025550094e-19
    Average rotational energy       = 3.081463768e-20
    Average vibrational energy      = 5.194530932e-21
    Average electronic energy       = 0
    Total energy                    = 31.77011424

Stage 1.0  ExecutionTime = 947.6 s  ClockTime = 990 s  Iteration 5210 (0.19 s)

Time = 0.002088

    Collision global reduction skipped (rank 0 local diagnostics)
    Collisions                      = 3503
    Collision candidates           = 5753
    Collision acceptance rate      = 0.6088997045

    Number of DSMC particles        = 9386468
    Number of stuck particles       = 0
    Number of free particles        = 9386468
    Average linear kinetic energy   = 3.024749824e-19
    Average rotational energy       = 3.085938534e-20
    Average vibrational energy      = 5.202627339e-21
    Average electronic energy       = 0
    Total energy                    = 31.77666671

Stage 1.0  ExecutionTime = 949.48 s  ClockTime = 992 s  Iteration 5220 (0.2 s)

Time = 0.002092

    Collision global reduction skipped (rank 0 local diagnostics)
    Collisions                      = 2823
    Collision candidates           = 4624
    Collision acceptance rate      = 0.6105103806

    Number of DSMC particles        = 9389366
    Number of stuck particles       = 0
    Number of free particles        = 9389366
    Average linear kinetic energy   = 3.024216554e-19
    Average rotational energy       = 3.087277463e-20
    Average vibrational energy      = 5.208205219e-21
    Average electronic energy       = 0
    Total energy                    = 31.78325134

Stage 1.0  ExecutionTime = 951.38 s  ClockTime = 994 s  Iteration 5230 (0.21 s)

Time = 0.002096

    Collision global reduction skipped (rank 0 local diagnostics)
    Collisions                      = 612
    Collision candidates           = 1109
    Collision acceptance rate      = 0.5518485122

    Number of DSMC particles        = 9391991
    Number of stuck particles       = 0
    Number of free particles        = 9391991
    Average linear kinetic energy   = 3.024765068e-19
    Average rotational energy       = 3.08687609e-20
    Average vibrational energy      = 5.206386698e-21
    Average electronic energy       = 0
    Total energy                    = 31.79674091

Stage 1.0  ExecutionTime = 953.3 s  ClockTime = 996 s  Iteration 5240 (0.21 s)

Time = 0.0021

    Collision global reduction skipped (rank 0 local diagnostics)
    Collisions                      = 3682
    Collision candidates           = 5887
    Collision acceptance rate      = 0.6254458977


Phase C auto DLB triggered (threshold) at step 5250: sar=0 loadImbalance=1.900703697 threshold=1.5 particleMaxMin=1
Phase C ParMETIS weights: particles=9394506 activeCells=104151 maxCellParticles=253
Phase C ParMETIS: alpha=1 ncon=1 ubvec=[1.05] moveRatio=0.956638817 (moveT=405.4955866s, collT=18.3797354s)
Phase C ParMETIS: AdaptiveRepart (104151 cells, 1 constraints, ubvec=1.05)
Replicated mesh: rank 0 owns 1266 / 104151 cells
Local mesh: 1266 owned + 151 halo = 1417 / 104151 cells
Phase C ParMETIS AdaptiveRepart: 76451 / 104151 cells changed (0.7340399996)
Phase C auto DLB complete: rebalance #61

    Number of DSMC particles        = 9394506
    Number of stuck particles       = 0
    Number of free particles        = 9394506
    Average linear kinetic energy   = 3.024604278e-19
    Average rotational energy       = 3.08499782e-20
    Average vibrational energy      = 5.204866898e-21
    Average electronic energy       = 0
    Total energy                    = 31.80183763

Stage 1.0  ExecutionTime = 955.37 s  ClockTime = 998 s  Iteration 5250 (0.37 s)

Time = 0.002104

    Collision global reduction skipped (rank 0 local diagnostics)
    Collisions                      = 430
    Collision candidates           = 752
    Collision acceptance rate      = 0.5718085106

    Number of DSMC particles        = 9396748
    Number of stuck particles       = 0
    Number of free particles        = 9396748
    Average linear kinetic energy   = 3.023104181e-19
    Average rotational energy       = 3.089647559e-20
    Average vibrational energy      = 5.20921741e-21
    Average electronic energy       = 0
    Total energy                    = 31.80010915

Stage 1.0  ExecutionTime = 957.14 s  ClockTime = 1000 s  Iteration 5260 (0.21 s)

Time = 0.002108

    Collision global reduction skipped (rank 0 local diagnostics)
    Collisions                      = 342
    Collision candidates           = 678
    Collision acceptance rate      = 0.5044247788

    Number of DSMC particles        = 9398689
    Number of stuck particles       = 0
    Number of free particles        = 9398689
    Average linear kinetic energy   = 3.022538512e-19
    Average rotational energy       = 3.092833016e-20
    Average vibrational energy      = 5.210662833e-21
    Average electronic energy       = 0
    Total energy                    = 31.80449103

Stage 1.0  ExecutionTime = 958.92 s  ClockTime = 1002 s  Iteration 5270 (0.22 s)

Time = 0.002112

    Collision global reduction skipped (rank 0 local diagnostics)
    Collisions                      = 501
    Collision candidates           = 970
    Collision acceptance rate      = 0.5164948454

    Number of DSMC particles        = 9401183
    Number of stuck particles       = 0
    Number of free particles        = 9401183
    Average linear kinetic energy   = 3.022330913e-19
    Average rotational energy       = 3.088270342e-20
    Average vibrational energy      = 5.200529246e-21
    Average electronic energy       = 0
    Total energy                    = 31.80573674

Stage 1.0  ExecutionTime = 960.7 s  ClockTime = 1004 s  Iteration 5280 (0.21 s)

Time = 0.002116

    Collision global reduction skipped (rank 0 local diagnostics)
    Collisions                      = 377
    Collision candidates           = 790
    Collision acceptance rate      = 0.4772151899

    Number of DSMC particles        = 9404195
    Number of stuck particles       = 0
    Number of free particles        = 9404195
    Average linear kinetic energy   = 3.021720898e-19
    Average rotational energy       = 3.085598345e-20
    Average vibrational energy      = 5.19835617e-21
    Average electronic energy       = 0
    Total energy                    = 31.80747296

Stage 1.0  ExecutionTime = 962.51 s  ClockTime = 1005 s  Iteration 5290 (0.21 s)

Time = 0.00212

    Collision global reduction skipped (rank 0 local diagnostics)
    Collisions                      = 485
    Collision candidates           = 1004
    Collision acceptance rate      = 0.4830677291


Phase C auto DLB triggered (threshold) at step 5300: sar=0 loadImbalance=1.819295952 threshold=1.5 particleMaxMin=1
Phase C ParMETIS weights: particles=9406536 activeCells=104151 maxCellParticles=232
Phase C ParMETIS: alpha=1 ncon=1 ubvec=[1.05] moveRatio=0.9568556107 (moveT=408.2715982s, collT=18.40886814s)
Phase C ParMETIS: AdaptiveRepart (104151 cells, 1 constraints, ubvec=1.05)
Replicated mesh: rank 0 owns 1266 / 104151 cells
Local mesh: 1266 owned + 151 halo = 1417 / 104151 cells
Phase C ParMETIS AdaptiveRepart: 181 / 104151 cells changed (0.001737861374)
Phase C auto DLB complete: rebalance #62

    Number of DSMC particles        = 9406536
    Number of stuck particles       = 0
    Number of free particles        = 9406536
    Average linear kinetic energy   = 3.020820047e-19
    Average rotational energy       = 3.08569138e-20
    Average vibrational energy      = 5.199606615e-21
    Average electronic energy       = 0
    Total energy                    = 31.8071221

Stage 1.0  ExecutionTime = 964.39 s  ClockTime = 1007 s  Iteration 5300 (0.26 s)

Time = 0.002124

    Collision global reduction skipped (rank 0 local diagnostics)
    Collisions                      = 497
    Collision candidates           = 1044
    Collision acceptance rate      = 0.4760536398

    Number of DSMC particles        = 9409416
    Number of stuck particles       = 0
    Number of free particles        = 9409416
    Average linear kinetic energy   = 3.020330829e-19
    Average rotational energy       = 3.085822018e-20
    Average vibrational energy      = 5.197177444e-21
    Average electronic energy       = 0
    Total energy                    = 31.81215158

Stage 1.0  ExecutionTime = 966.2 s  ClockTime = 1009 s  Iteration 5310 (0.21 s)

Time = 0.002128

    Collision global reduction skipped (rank 0 local diagnostics)
    Collisions                      = 515
    Collision candidates           = 1102
    Collision acceptance rate      = 0.4673321234

    Number of DSMC particles        = 9412054
    Number of stuck particles       = 0
    Number of free particles        = 9412054
    Average linear kinetic energy   = 3.020780671e-19
    Average rotational energy       = 3.086495946e-20
    Average vibrational energy      = 5.19933746e-21
    Average electronic energy       = 0
    Total energy                    = 31.8261419

Stage 1.0  ExecutionTime = 968.04 s  ClockTime = 1011 s  Iteration 5320 (0.21 s)

Time = 0.002132

    Collision global reduction skipped (rank 0 local diagnostics)
    Collisions                      = 440
    Collision candidates           = 875
    Collision acceptance rate      = 0.5028571429

    Number of DSMC particles        = 9415556
    Number of stuck particles       = 0
    Number of free particles        = 9415556
    Average linear kinetic energy   = 3.021710484e-19
    Average rotational energy       = 3.089496826e-20
    Average vibrational energy      = 5.200635188e-21
    Average electronic energy       = 0
    Total energy                    = 31.84968604

Stage 1.0  ExecutionTime = 969.92 s  ClockTime = 1013 s  Iteration 5330 (0.21 s)

Time = 0.002136

    Collision global reduction skipped (rank 0 local diagnostics)
    Collisions                      = 410
    Collision candidates           = 878
    Collision acceptance rate      = 0.4669703872

    Number of DSMC particles        = 9418764
    Number of stuck particles       = 0
    Number of free particles        = 9418764
    Average linear kinetic energy   = 3.021239863e-19
    Average rotational energy       = 3.086263439e-20
    Average vibrational energy      = 5.195316737e-21
    Average electronic energy       = 0
    Total energy                    = 31.85255858

Stage 1.0  ExecutionTime = 971.81 s  ClockTime = 1015 s  Iteration 5340 (0.21 s)

Time = 0.00214

    Collision global reduction skipped (rank 0 local diagnostics)
    Collisions                      = 539
    Collision candidates           = 1104
    Collision acceptance rate      = 0.4882246377


Phase C auto DLB triggered (threshold) at step 5350: sar=0 loadImbalance=1.601580628 threshold=1.5 particleMaxMin=1
Phase C ParMETIS weights: particles=9422232 activeCells=104151 maxCellParticles=253
Phase C ParMETIS: alpha=1 ncon=1 ubvec=[1.05] moveRatio=0.957100087 (moveT=411.3567297s, collT=18.43816351s)
Phase C ParMETIS: AdaptiveRepart (104151 cells, 1 constraints, ubvec=1.05)
Replicated mesh: rank 0 owns 1266 / 104151 cells
Local mesh: 1266 owned + 151 halo = 1417 / 104151 cells
Phase C ParMETIS AdaptiveRepart: 96 / 104151 cells changed (0.0009217386295)
Phase C auto DLB complete: rebalance #63

    Number of DSMC particles        = 9422232
    Number of stuck particles       = 0
    Number of free particles        = 9422232
    Average linear kinetic energy   = 3.021306897e-19
    Average rotational energy       = 3.0840896e-20
    Average vibrational energy      = 5.193131011e-21
    Average electronic energy       = 0
    Total energy                    = 31.86266415

Stage 1.0  ExecutionTime = 973.79 s  ClockTime = 1017 s  Iteration 5350 (0.27 s)

Time = 0.002144

    Collision global reduction skipped (rank 0 local diagnostics)
    Collisions                      = 611
    Collision candidates           = 1237
    Collision acceptance rate      = 0.4939369442

    Number of DSMC particles        = 9425951
    Number of stuck particles       = 0
    Number of free particles        = 9425951
    Average linear kinetic energy   = 3.021201669e-19
    Average rotational energy       = 3.082227958e-20
    Average vibrational energy      = 5.187437465e-21
    Average electronic energy       = 0
    Total energy                    = 31.87195718

Stage 1.0  ExecutionTime = 975.73 s  ClockTime = 1019 s  Iteration 5360 (0.21 s)

Time = 0.002148

    Collision global reduction skipped (rank 0 local diagnostics)
    Collisions                      = 529
    Collision candidates           = 1168
    Collision acceptance rate      = 0.4529109589

    Number of DSMC particles        = 9429705
    Number of stuck particles       = 0
    Number of free particles        = 9429705
    Average linear kinetic energy   = 3.022631576e-19
    Average rotational energy       = 3.079040561e-20
    Average vibrational energy      = 5.18282429e-21
    Average electronic energy       = 0
    Total energy                    = 31.89469354

Stage 1.0  ExecutionTime = 977.68 s  ClockTime = 1021 s  Iteration 5370 (0.22 s)

Time = 0.002152

    Collision global reduction skipped (rank 0 local diagnostics)
    Collisions                      = 512
    Collision candidates           = 1068
    Collision acceptance rate      = 0.4794007491

    Number of DSMC particles        = 9433621
    Number of stuck particles       = 0
    Number of free particles        = 9433621
    Average linear kinetic energy   = 3.023840924e-19
    Average rotational energy       = 3.077947013e-20
    Average vibrational energy      = 5.182663887e-21
    Average electronic energy       = 0
    Total energy                    = 31.91830067

Stage 1.0  ExecutionTime = 979.64 s  ClockTime = 1023 s  Iteration 5380 (0.22 s)

Time = 0.002156

    Collision global reduction skipped (rank 0 local diagnostics)
    Collisions                      = 330
    Collision candidates           = 756
    Collision acceptance rate      = 0.4365079365

    Number of DSMC particles        = 9437527
    Number of stuck particles       = 0
    Number of free particles        = 9437527
    Average linear kinetic energy   = 3.023665474e-19
    Average rotational energy       = 3.080956621e-20
    Average vibrational energy      = 5.186512219e-21
    Average electronic energy       = 0
    Total energy                    = 31.93306417

Stage 1.0  ExecutionTime = 981.62 s  ClockTime = 1025 s  Iteration 5390 (0.21 s)

Time = 0.00216

    Collision global reduction skipped (rank 0 local diagnostics)
    Collisions                      = 627
    Collision candidates           = 1365
    Collision acceptance rate      = 0.4593406593

    Number of DSMC particles        = 9440797
    Number of stuck particles       = 0
    Number of free particles        = 9440797
    Average linear kinetic energy   = 3.02392148e-19
    Average rotational energy       = 3.083048695e-20
    Average vibrational energy      = 5.189923906e-21
    Average electronic energy       = 0
    Total energy                    = 31.9488427

Stage 1.0  ExecutionTime = 983.62 s  ClockTime = 1027 s  Iteration 5400 (0.22 s)

Time = 0.002164

    Collision global reduction skipped (rank 0 local diagnostics)
    Collisions                      = 456
    Collision candidates           = 1062
    Collision acceptance rate      = 0.4293785311

    Number of DSMC particles        = 9443170
    Number of stuck particles       = 0
    Number of free particles        = 9443170
    Average linear kinetic energy   = 3.022517495e-19
    Average rotational energy       = 3.086270826e-20
    Average vibrational energy      = 5.195067492e-21
    Average electronic energy       = 0
    Total energy                    = 31.94714359

Stage 1.0  ExecutionTime = 985.61 s  ClockTime = 1029 s  Iteration 5410 (0.22 s)

Time = 0.002168

    Collision global reduction skipped (rank 0 local diagnostics)
    Collisions                      = 427
    Collision candidates           = 961
    Collision acceptance rate      = 0.4443288241

    Number of DSMC particles        = 9445262
    Number of stuck particles       = 0
    Number of free particles        = 9445262
    Average linear kinetic energy   = 3.021499274e-19
    Average rotational energy       = 3.085458473e-20
    Average vibrational energy      = 5.194490903e-21
    Average electronic energy       = 0
    Total energy                    = 31.94378191

Stage 1.0  ExecutionTime = 987.63 s  ClockTime = 1031 s  Iteration 5420 (0.22 s)

Time = 0.002172

    Collision global reduction skipped (rank 0 local diagnostics)
    Collisions                      = 633
    Collision candidates           = 1330
    Collision acceptance rate      = 0.4759398496

    Number of DSMC particles        = 9447502
    Number of stuck particles       = 0
    Number of free particles        = 9447502
    Average linear kinetic energy   = 3.02092317e-19
    Average rotational energy       = 3.084546634e-20
    Average vibrational energy      = 5.193783909e-21
    Average electronic energy       = 0
    Total energy                    = 31.94498658

Stage 1.0  ExecutionTime = 989.65 s  ClockTime = 1033 s  Iteration 5430 (0.22 s)

Time = 0.002176

    Collision global reduction skipped (rank 0 local diagnostics)
    Collisions                      = 347
    Collision candidates           = 769
    Collision acceptance rate      = 0.4512353706

    Number of DSMC particles        = 9449805
    Number of stuck particles       = 0
    Number of free particles        = 9449805
    Average linear kinetic energy   = 3.020119678e-19
    Average rotational energy       = 3.087293582e-20
    Average vibrational energy      = 5.197162399e-21
    Average electronic energy       = 0
    Total energy                    = 31.94809598

Stage 1.0  ExecutionTime = 991.66 s  ClockTime = 1035 s  Iteration 5440 (0.21 s)

Time = 0.00218

    Collision global reduction skipped (rank 0 local diagnostics)
    Collisions                      = 444
    Collision candidates           = 949
    Collision acceptance rate      = 0.4678609062

    Number of DSMC particles        = 9452068
    Number of stuck particles       = 0
    Number of free particles        = 9452068
    Average linear kinetic energy   = 3.019823182e-19
    Average rotational energy       = 3.081873245e-20
    Average vibrational energy      = 5.191139541e-21
    Average electronic energy       = 0
    Total energy                    = 31.94725165

Stage 1.0  ExecutionTime = 993.67 s  ClockTime = 1037 s  Iteration 5450 (0.21 s)

Time = 0.002184

    Collision global reduction skipped (rank 0 local diagnostics)
    Collisions                      = 550
    Collision candidates           = 1241
    Collision acceptance rate      = 0.443190975

    Number of DSMC particles        = 9454270
    Number of stuck particles       = 0
    Number of free particles        = 9454270
    Average linear kinetic energy   = 3.019878395e-19
    Average rotational energy       = 3.079064475e-20
    Average vibrational energy      = 5.188432067e-21
    Average electronic energy       = 0
    Total energy                    = 31.95230478

Stage 1.0  ExecutionTime = 995.69 s  ClockTime = 1039 s  Iteration 5460 (0.21 s)

Time = 0.002188

    Collision global reduction skipped (rank 0 local diagnostics)
    Collisions                      = 631
    Collision candidates           = 1318
    Collision acceptance rate      = 0.4787556904

    Number of DSMC particles        = 9456114
    Number of stuck particles       = 0
    Number of free particles        = 9456114
    Average linear kinetic energy   = 3.020340576e-19
    Average rotational energy       = 3.075191741e-20
    Average vibrational energy      = 5.186214095e-21
    Average electronic energy       = 0
    Total energy                    = 31.95903549

Stage 1.0  ExecutionTime = 997.72 s  ClockTime = 1041 s  Iteration 5470 (0.21 s)

Time = 0.002192

    Collision global reduction skipped (rank 0 local diagnostics)
    Collisions                      = 497
    Collision candidates           = 1135
    Collision acceptance rate      = 0.4378854626

    Number of DSMC particles        = 9457416
    Number of stuck particles       = 0
    Number of free particles        = 9457416
    Average linear kinetic energy   = 3.01843433e-19
    Average rotational energy       = 3.077970259e-20
    Average vibrational energy      = 5.191363961e-21
    Average electronic energy       = 0
    Total energy                    = 31.94852253

Stage 1.0  ExecutionTime = 999.77 s  ClockTime = 1043 s  Iteration 5480 (0.23 s)

Time = 0.002196

    Collision global reduction skipped (rank 0 local diagnostics)
    Collisions                      = 388
    Collision candidates           = 882
    Collision acceptance rate      = 0.4399092971

    Number of DSMC particles        = 9458273
    Number of stuck particles       = 0
    Number of free particles        = 9458273
    Average linear kinetic energy   = 3.017635379e-19
    Average rotational energy       = 3.079877618e-20
    Average vibrational energy      = 5.191349273e-21
    Average electronic energy       = 0
    Total energy                    = 31.94566355

Stage 1.0  ExecutionTime = 1001.8 s  ClockTime = 1045 s  Iteration 5490 (0.22 s)

Time = 0.0022

    Collision global reduction skipped (rank 0 local diagnostics)
    Collisions                      = 640
    Collision candidates           = 1415
    Collision acceptance rate      = 0.4522968198

    Number of DSMC particles        = 9459209
    Number of stuck particles       = 0
    Number of free particles        = 9459209
    Average linear kinetic energy   = 3.016240471e-19
    Average rotational energy       = 3.077662957e-20
    Average vibrational energy      = 5.189389963e-21
    Average electronic energy       = 0
    Total energy                    = 31.93334997

Stage 1.0  ExecutionTime = 1003.84 s  ClockTime = 1047 s  Iteration 5500 (0.22 s)

Time = 0.002204

    Collision global reduction skipped (rank 0 local diagnostics)
    Collisions                      = 206
    Collision candidates           = 463
    Collision acceptance rate      = 0.444924406

    Number of DSMC particles        = 9459756
    Number of stuck particles       = 0
    Number of free particles        = 9459756
    Average linear kinetic energy   = 3.016402342e-19
    Average rotational energy       = 3.075125367e-20
    Average vibrational energy      = 5.186404628e-21
    Average electronic energy       = 0
    Total energy                    = 31.93404494

Stage 1.0  ExecutionTime = 1005.89 s  ClockTime = 1049 s  Iteration 5510 (0.22 s)

Time = 0.002208

    Collision global reduction skipped (rank 0 local diagnostics)
    Collisions                      = 392
    Collision candidates           = 938
    Collision acceptance rate      = 0.4179104478

    Number of DSMC particles        = 9460446
    Number of stuck particles       = 0
    Number of free particles        = 9460446
    Average linear kinetic energy   = 3.016546094e-19
    Average rotational energy       = 3.073521202e-20
    Average vibrational energy      = 5.181732233e-21
    Average electronic energy       = 0
    Total energy                    = 31.93577454

Stage 1.0  ExecutionTime = 1007.94 s  ClockTime = 1051 s  Iteration 5520 (0.22 s)

Time = 0.002212

    Collision global reduction skipped (rank 0 local diagnostics)
    Collisions                      = 604
    Collision candidates           = 1342
    Collision acceptance rate      = 0.4500745156

    Number of DSMC particles        = 9460856
    Number of stuck particles       = 0
    Number of free particles        = 9460856
    Average linear kinetic energy   = 3.015102044e-19
    Average rotational energy       = 3.071886612e-20
    Average vibrational energy      = 5.180303063e-21
    Average electronic energy       = 0
    Total energy                    = 31.92181497

Stage 1.0  ExecutionTime = 1009.98 s  ClockTime = 1053 s  Iteration 5530 (0.22 s)

Time = 0.002216

    Collision global reduction skipped (rank 0 local diagnostics)
    Collisions                      = 412
    Collision candidates           = 937
    Collision acceptance rate      = 0.439701174

    Number of DSMC particles        = 9460779
    Number of stuck particles       = 0
    Number of free particles        = 9460779
    Average linear kinetic energy   = 3.014779068e-19
    Average rotational energy       = 3.065319442e-20
    Average vibrational energy      = 5.169587814e-21
    Average electronic energy       = 0
    Total energy                    = 31.91127275

Stage 1.0  ExecutionTime = 1012.03 s  ClockTime = 1055 s  Iteration 5540 (0.22 s)

Time = 0.00222

    Collision global reduction skipped (rank 0 local diagnostics)
    Collisions                      = 369
    Collision candidates           = 897
    Collision acceptance rate      = 0.4113712375

    Number of DSMC particles        = 9460193
    Number of stuck particles       = 0
    Number of free particles        = 9460193
    Average linear kinetic energy   = 3.012884086e-19
    Average rotational energy       = 3.06328006e-20
    Average vibrational energy      = 5.166901106e-21
    Average electronic energy       = 0
    Total energy                    = 31.88918581

Stage 1.0  ExecutionTime = 1014.07 s  ClockTime = 1057 s  Iteration 5550 (0.21 s)

Time = 0.002224

    Collision global reduction skipped (rank 0 local diagnostics)
    Collisions                      = 664
    Collision candidates           = 1473
    Collision acceptance rate      = 0.4507807196

    Number of DSMC particles        = 9460209
    Number of stuck particles       = 0
    Number of free particles        = 9460209
    Average linear kinetic energy   = 3.011286511e-19
    Average rotational energy       = 3.058585597e-20
    Average vibrational energy      = 5.157617379e-21
    Average electronic energy       = 0
    Total energy                    = 31.86880703

Stage 1.0  ExecutionTime = 1016.11 s  ClockTime = 1059 s  Iteration 5560 (0.21 s)

Time = 0.002228

    Collision global reduction skipped (rank 0 local diagnostics)
    Collisions                      = 126
    Collision candidates           = 331
    Collision acceptance rate      = 0.3806646526

    Number of DSMC particles        = 9460644
    Number of stuck particles       = 0
    Number of free particles        = 9460644
    Average linear kinetic energy   = 3.009959792e-19
    Average rotational energy       = 3.058064596e-20
    Average vibrational energy      = 5.157445979e-21
    Average electronic energy       = 0
    Total energy                    = 31.8572117

Stage 1.0  ExecutionTime = 1018.15 s  ClockTime = 1061 s  Iteration 5570 (0.21 s)

Time = 0.002232

    Collision global reduction skipped (rank 0 local diagnostics)
    Collisions                      = 475
    Collision candidates           = 1120
    Collision acceptance rate      = 0.4241071429

    Number of DSMC particles        = 9461398
    Number of stuck particles       = 0
    Number of free particles        = 9461398
    Average linear kinetic energy   = 3.009581485e-19
    Average rotational energy       = 3.055286561e-20
    Average vibrational energy      = 5.152289584e-21
    Average electronic energy       = 0
    Total energy                    = 31.85305508

Stage 1.0  ExecutionTime = 1020.2 s  ClockTime = 1063 s  Iteration 5580 (0.21 s)

Time = 0.002236

    Collision global reduction skipped (rank 0 local diagnostics)
    Collisions                      = 659
    Collision candidates           = 1473
    Collision acceptance rate      = 0.4473862865

    Number of DSMC particles        = 9462506
    Number of stuck particles       = 0
    Number of free particles        = 9462506
    Average linear kinetic energy   = 3.00834034e-19
    Average rotational energy       = 3.059050457e-20
    Average vibrational energy      = 5.155859669e-21
    Average electronic energy       = 0
    Total energy                    = 31.84894038

Stage 1.0  ExecutionTime = 1022.26 s  ClockTime = 1065 s  Iteration 5590 (0.22 s)

Time = 0.00224

    Collision global reduction skipped (rank 0 local diagnostics)
    Collisions                      = 654
    Collision candidates           = 1374
    Collision acceptance rate      = 0.4759825328

    Number of DSMC particles        = 9464049
    Number of stuck particles       = 0
    Number of free particles        = 9464049
    Average linear kinetic energy   = 3.009007007e-19
    Average rotational energy       = 3.056527104e-20
    Average vibrational energy      = 5.153621339e-21
    Average electronic energy       = 0
    Total energy                    = 31.85784323

Stage 1.0  ExecutionTime = 1024.3 s  ClockTime = 1068 s  Iteration 5600 (0.21 s)

Time = 0.002244

    Collision global reduction skipped (rank 0 local diagnostics)
    Collisions                      = 668
    Collision candidates           = 1442
    Collision acceptance rate      = 0.4632454924

    Number of DSMC particles        = 9465280
    Number of stuck particles       = 0
    Number of free particles        = 9465280
    Average linear kinetic energy   = 3.008839687e-19
    Average rotational energy       = 3.056148167e-20
    Average vibrational energy      = 5.155834027e-21
    Average electronic energy       = 0
    Total energy                    = 31.86025405

Stage 1.0  ExecutionTime = 1026.36 s  ClockTime = 1070 s  Iteration 5610 (0.21 s)

Time = 0.002248

    Collision global reduction skipped (rank 0 local diagnostics)
    Collisions                      = 491
    Collision candidates           = 1182
    Collision acceptance rate      = 0.4153976311

    Number of DSMC particles        = 9466969
    Number of stuck particles       = 0
    Number of free particles        = 9466969
    Average linear kinetic energy   = 3.008472986e-19
    Average rotational energy       = 3.052735916e-20
    Average vibrational energy      = 5.150352977e-21
    Average electronic energy       = 0
    Total energy                    = 31.85871845

Stage 1.0  ExecutionTime = 1028.42 s  ClockTime = 1072 s  Iteration 5620 (0.22 s)

Time = 0.002252

    Collision global reduction skipped (rank 0 local diagnostics)
    Collisions                      = 673
    Collision candidates           = 1512
    Collision acceptance rate      = 0.4451058201

    Number of DSMC particles        = 9469188
    Number of stuck particles       = 0
    Number of free particles        = 9469188
    Average linear kinetic energy   = 3.008812475e-19
    Average rotational energy       = 3.051275395e-20
    Average vibrational energy      = 5.150025967e-21
    Average electronic energy       = 0
    Total energy                    = 31.86798666

Stage 1.0  ExecutionTime = 1030.47 s  ClockTime = 1074 s  Iteration 5630 (0.22 s)

Time = 0.002256

    Collision global reduction skipped (rank 0 local diagnostics)
    Collisions                      = 521
    Collision candidates           = 1206
    Collision acceptance rate      = 0.4320066335

    Number of DSMC particles        = 9471751
    Number of stuck particles       = 0
    Number of free particles        = 9471751
    Average linear kinetic energy   = 3.007994391e-19
    Average rotational energy       = 3.053695961e-20
    Average vibrational energy      = 5.155427897e-21
    Average electronic energy       = 0
    Total energy                    = 31.87166795

Stage 1.0  ExecutionTime = 1032.51 s  ClockTime = 1076 s  Iteration 5640 (0.21 s)

Time = 0.00226

    Collision global reduction skipped (rank 0 local diagnostics)
    Collisions                      = 740
    Collision candidates           = 1617
    Collision acceptance rate      = 0.4576376005

    Number of DSMC particles        = 9474124
    Number of stuck particles       = 0
    Number of free particles        = 9474124
    Average linear kinetic energy   = 3.007731332e-19
    Average rotational energy       = 3.053057389e-20
    Average vibrational energy      = 5.154022048e-21
    Average electronic energy       = 0
    Total energy                    = 31.87642247

Stage 1.0  ExecutionTime = 1034.57 s  ClockTime = 1078 s  Iteration 5650 (0.22 s)

Time = 0.002264

    Collision global reduction skipped (rank 0 local diagnostics)
    Collisions                      = 586
    Collision candidates           = 1366
    Collision acceptance rate      = 0.4289897511

    Number of DSMC particles        = 9477262
    Number of stuck particles       = 0
    Number of free particles        = 9477262
    Average linear kinetic energy   = 3.008449416e-19
    Average rotational energy       = 3.048564838e-20
    Average vibrational energy      = 5.145514089e-21
    Average electronic energy       = 0
    Total energy                    = 31.88872195

Stage 1.0  ExecutionTime = 1036.62 s  ClockTime = 1080 s  Iteration 5660 (0.22 s)

Time = 0.002268

    Collision global reduction skipped (rank 0 local diagnostics)
    Collisions                      = 512
    Collision candidates           = 1208
    Collision acceptance rate      = 0.4238410596

    Number of DSMC particles        = 9480040
    Number of stuck particles       = 0
    Number of free particles        = 9480040
    Average linear kinetic energy   = 3.009008318e-19
    Average rotational energy       = 3.046182415e-20
    Average vibrational energy      = 5.142056182e-21
    Average electronic energy       = 0
    Total energy                    = 31.90078131

Stage 1.0  ExecutionTime = 1038.68 s  ClockTime = 1082 s  Iteration 5670 (0.22 s)

Time = 0.002272

    Collision global reduction skipped (rank 0 local diagnostics)
    Collisions                      = 736
    Collision candidates           = 1721
    Collision acceptance rate      = 0.4276583382

    Number of DSMC particles        = 9482224
    Number of stuck particles       = 0
    Number of free particles        = 9482224
    Average linear kinetic energy   = 3.008225155e-19
    Average rotational energy       = 3.048252333e-20
    Average vibrational energy      = 5.145289703e-21
    Average electronic energy       = 0
    Total energy                    = 31.9029738

Stage 1.0  ExecutionTime = 1040.74 s  ClockTime = 1084 s  Iteration 5680 (0.22 s)

Time = 0.002276

    Collision global reduction skipped (rank 0 local diagnostics)
    Collisions                      = 775
    Collision candidates           = 1766
    Collision acceptance rate      = 0.4388448471

    Number of DSMC particles        = 9483489
    Number of stuck particles       = 0
    Number of free particles        = 9483489
    Average linear kinetic energy   = 3.006565976e-19
    Average rotational energy       = 3.050000591e-20
    Average vibrational energy      = 5.146650342e-21
    Average electronic energy       = 0
    Total energy                    = 31.89328208

Stage 1.0  ExecutionTime = 1042.8 s  ClockTime = 1086 s  Iteration 5690 (0.23 s)

Time = 0.00228

    Collision global reduction skipped (rank 0 local diagnostics)
    Collisions                      = 485
    Collision candidates           = 1145
    Collision acceptance rate      = 0.423580786

    Number of DSMC particles        = 9485032
    Number of stuck particles       = 0
    Number of free particles        = 9485032
    Average linear kinetic energy   = 3.004660933e-19
    Average rotational energy       = 3.047234102e-20
    Average vibrational energy      = 5.141046207e-21
    Average electronic energy       = 0
    Total energy                    = 31.87724627

Stage 1.0  ExecutionTime = 1044.85 s  ClockTime = 1088 s  Iteration 5700 (0.22 s)

Time = 0.002284

    Collision global reduction skipped (rank 0 local diagnostics)
    Collisions                      = 523
    Collision candidates           = 1241
    Collision acceptance rate      = 0.4214343272

    Number of DSMC particles        = 9486852
    Number of stuck particles       = 0
    Number of free particles        = 9486852
    Average linear kinetic energy   = 3.003759356e-19
    Average rotational energy       = 3.047167644e-20
    Average vibrational energy      = 5.138947787e-21
    Average electronic energy       = 0
    Total energy                    = 31.87454767

Stage 1.0  ExecutionTime = 1046.91 s  ClockTime = 1090 s  Iteration 5710 (0.22 s)

Time = 0.002288

    Collision global reduction skipped (rank 0 local diagnostics)
    Collisions                      = 693
    Collision candidates           = 1616
    Collision acceptance rate      = 0.4288366337

    Number of DSMC particles        = 9488685
    Number of stuck particles       = 0
    Number of free particles        = 9488685
    Average linear kinetic energy   = 3.003006945e-19
    Average rotational energy       = 3.047158901e-20
    Average vibrational energy      = 5.137137382e-21
    Average electronic energy       = 0
    Total energy                    = 31.87338684

Stage 1.0  ExecutionTime = 1048.96 s  ClockTime = 1092 s  Iteration 5720 (0.22 s)

Time = 0.002292

    Collision global reduction skipped (rank 0 local diagnostics)
    Collisions                      = 525
    Collision candidates           = 1206
    Collision acceptance rate      = 0.4353233831

    Number of DSMC particles        = 9490979
    Number of stuck particles       = 0
    Number of free particles        = 9490979
    Average linear kinetic energy   = 3.002047955e-19
    Average rotational energy       = 3.048293466e-20
    Average vibrational energy      = 5.14033868e-21
    Average electronic energy       = 0
    Total energy                    = 31.87337149

Stage 1.0  ExecutionTime = 1051.02 s  ClockTime = 1094 s  Iteration 5730 (0.23 s)

Time = 0.002296

    Collision global reduction skipped (rank 0 local diagnostics)
    Collisions                      = 396
    Collision candidates           = 864
    Collision acceptance rate      = 0.4583333333

    Number of DSMC particles        = 9493106
    Number of stuck particles       = 0
    Number of free particles        = 9493106
    Average linear kinetic energy   = 3.000121008e-19
    Average rotational energy       = 3.052487748e-20
    Average vibrational energy      = 5.147546206e-21
    Average electronic energy       = 0
    Total energy                    = 31.86688773

Stage 1.0  ExecutionTime = 1053.08 s  ClockTime = 1096 s  Iteration 5740 (0.22 s)

Time = 0.0023

    Collision global reduction skipped (rank 0 local diagnostics)
    Collisions                      = 598
    Collision candidates           = 1393
    Collision acceptance rate      = 0.4292893037

    Number of DSMC particles        = 9494298
    Number of stuck particles       = 0
    Number of free particles        = 9494298
    Average linear kinetic energy   = 2.999746702e-19
    Average rotational energy       = 3.052239302e-20
    Average vibrational energy      = 5.145630398e-21
    Average electronic energy       = 0
    Total energy                    = 31.86691755

Stage 1.0  ExecutionTime = 1055.13 s  ClockTime = 1099 s  Iteration 5750 (0.22 s)

Time = 0.002304

    Collision global reduction skipped (rank 0 local diagnostics)
    Collisions                      = 678
    Collision candidates           = 1590
    Collision acceptance rate      = 0.4264150943

    Number of DSMC particles        = 9496417
    Number of stuck particles       = 0
    Number of free particles        = 9496417
    Average linear kinetic energy   = 2.999794816e-19
    Average rotational energy       = 3.052732098e-20
    Average vibrational energy      = 5.149737129e-21
    Average electronic energy       = 0
    Total energy                    = 31.8753447

Stage 1.0  ExecutionTime = 1057.2 s  ClockTime = 1101 s  Iteration 5760 (0.23 s)

Time = 0.002308

    Collision global reduction skipped (rank 0 local diagnostics)
    Collisions                      = 778
    Collision candidates           = 1796
    Collision acceptance rate      = 0.4331848552

    Number of DSMC particles        = 9498929
    Number of stuck particles       = 0
    Number of free particles        = 9498929
    Average linear kinetic energy   = 2.999684886e-19
    Average rotational energy       = 3.048717827e-20
    Average vibrational energy      = 5.144974555e-21
    Average electronic energy       = 0
    Total energy                    = 31.87846665

Stage 1.0  ExecutionTime = 1059.24 s  ClockTime = 1103 s  Iteration 5770 (0.22 s)

Time = 0.002312

    Collision global reduction skipped (rank 0 local diagnostics)
    Collisions                      = 791
    Collision candidates           = 1793
    Collision acceptance rate      = 0.4411600669

    Number of DSMC particles        = 9500866
    Number of stuck particles       = 0
    Number of free particles        = 9500866
    Average linear kinetic energy   = 2.998987028e-19
    Average rotational energy       = 3.04726031e-20
    Average vibrational energy      = 5.14396794e-21
    Average electronic energy       = 0
    Total energy                    = 31.87685657

Stage 1.0  ExecutionTime = 1061.31 s  ClockTime = 1105 s  Iteration 5780 (0.22 s)

Time = 0.002316

    Collision global reduction skipped (rank 0 local diagnostics)
    Collisions                      = 789
    Collision candidates           = 1866
    Collision acceptance rate      = 0.422829582

    Number of DSMC particles        = 9502374
    Number of stuck particles       = 0
    Number of free particles        = 9502374
    Average linear kinetic energy   = 2.997333457e-19
    Average rotational energy       = 3.049876438e-20
    Average vibrational energy      = 5.149435045e-21
    Average electronic energy       = 0
    Total energy                    = 31.86920874

Stage 1.0  ExecutionTime = 1063.37 s  ClockTime = 1107 s  Iteration 5790 (0.22 s)

Time = 0.00232

    Collision global reduction skipped (rank 0 local diagnostics)
    Collisions                      = 775
    Collision candidates           = 1844
    Collision acceptance rate      = 0.4202819957

    Number of DSMC particles        = 9504407
    Number of stuck particles       = 0
    Number of free particles        = 9504407
    Average linear kinetic energy   = 2.995755039e-19
    Average rotational energy       = 3.051798498e-20
    Average vibrational energy      = 5.153527152e-21
    Average electronic energy       = 0
    Total energy                    = 31.86324086

Stage 1.0  ExecutionTime = 1065.43 s  ClockTime = 1109 s  Iteration 5800 (0.23 s)

Time = 0.002324

    Collision global reduction skipped (rank 0 local diagnostics)
    Collisions                      = 769
    Collision candidates           = 1792
    Collision acceptance rate      = 0.4291294643

    Number of DSMC particles        = 9506331
    Number of stuck particles       = 0
    Number of free particles        = 9506331
    Average linear kinetic energy   = 2.995931378e-19
    Average rotational energy       = 3.053518177e-20
    Average vibrational energy      = 5.155650361e-21
    Average electronic energy       = 0
    Total energy                    = 31.87320398

Stage 1.0  ExecutionTime = 1067.49 s  ClockTime = 1111 s  Iteration 5810 (0.22 s)

Time = 0.002328

    Collision global reduction skipped (rank 0 local diagnostics)
    Collisions                      = 664
    Collision candidates           = 1546
    Collision acceptance rate      = 0.4294954722

    Number of DSMC particles        = 9507525
    Number of stuck particles       = 0
    Number of free particles        = 9507525
    Average linear kinetic energy   = 2.994627004e-19
    Average rotational energy       = 3.051235968e-20
    Average vibrational energy      = 5.152472063e-21
    Average electronic energy       = 0
    Total energy                    = 31.8623339

Stage 1.0  ExecutionTime = 1069.56 s  ClockTime = 1113 s  Iteration 5820 (0.22 s)

Time = 0.002332

    Collision global reduction skipped (rank 0 local diagnostics)
    Collisions                      = 868
    Collision candidates           = 2011
    Collision acceptance rate      = 0.4316260567

    Number of DSMC particles        = 9508996
    Number of stuck particles       = 0
    Number of free particles        = 9508996
    Average linear kinetic energy   = 2.994598113e-19
    Average rotational energy       = 3.049248456e-20
    Average vibrational energy      = 5.152441397e-21
    Average electronic energy       = 0
    Total energy                    = 31.86509606

Stage 1.0  ExecutionTime = 1071.61 s  ClockTime = 1115 s  Iteration 5830 (0.22 s)

Time = 0.002336

    Collision global reduction skipped (rank 0 local diagnostics)
    Collisions                      = 773
    Collision candidates           = 1896
    Collision acceptance rate      = 0.4077004219

    Number of DSMC particles        = 9510891
    Number of stuck particles       = 0
    Number of free particles        = 9510891
    Average linear kinetic energy   = 2.994542714e-19
    Average rotational energy       = 3.045891643e-20
    Average vibrational energy      = 5.148226853e-21
    Average electronic energy       = 0
    Total energy                    = 31.86732594

Stage 1.0  ExecutionTime = 1073.68 s  ClockTime = 1117 s  Iteration 5840 (0.23 s)

Time = 0.00234

    Collision global reduction skipped (rank 0 local diagnostics)
    Collisions                      = 841
    Collision candidates           = 1973
    Collision acceptance rate      = 0.4262544349


Phase C auto DLB triggered (threshold) at step 5850: sar=-0.04929262997 loadImbalance=1.532623765 threshold=1.5 particleMaxMin=1
Phase C ParMETIS weights: particles=9513057 activeCells=104151 maxCellParticles=297
Phase C ParMETIS: alpha=1 ncon=1 ubvec=[1.05] moveRatio=0.9599210805 (moveT=449.078054s, collT=18.75004472s)
Phase C ParMETIS: AdaptiveRepart (104151 cells, 1 constraints, ubvec=1.05)
Replicated mesh: rank 0 owns 2519 / 104151 cells
Local mesh: 2519 owned + 118 halo = 2637 / 104151 cells
Phase C ParMETIS AdaptiveRepart: 74840 / 104151 cells changed (0.7185720732)
Phase C auto DLB complete: rebalance #64

    Number of DSMC particles        = 9513057
    Number of stuck particles       = 0
    Number of free particles        = 9513057
    Average linear kinetic energy   = 2.994221975e-19
    Average rotational energy       = 3.043339138e-20
    Average vibrational energy      = 5.146547569e-21
    Average electronic energy       = 0
    Total energy                    = 31.86894419

Stage 1.0  ExecutionTime = 1075.92 s  ClockTime = 1119 s  Iteration 5850 (0.4 s)

Time = 0.002344

    Collision global reduction skipped (rank 0 local diagnostics)
    Collisions                      = 3452
    Collision candidates           = 5800
    Collision acceptance rate      = 0.5951724138

    Number of DSMC particles        = 9514954
    Number of stuck particles       = 0
    Number of free particles        = 9514954
    Average linear kinetic energy   = 2.992062199e-19
    Average rotational energy       = 3.054006947e-20
    Average vibrational energy      = 5.164319526e-21
    Average electronic energy       = 0
    Total energy                    = 31.86659037

Stage 1.0  ExecutionTime = 1077.85 s  ClockTime = 1121 s  Iteration 5860 (0.23 s)

Time = 0.002348

    Collision global reduction skipped (rank 0 local diagnostics)
    Collisions                      = 2517
    Collision candidates           = 4240
    Collision acceptance rate      = 0.5936320755

    Number of DSMC particles        = 9516933
    Number of stuck particles       = 0
    Number of free particles        = 9516933
    Average linear kinetic energy   = 2.990847191e-19
    Average rotational energy       = 3.061401488e-20
    Average vibrational energy      = 5.175433095e-21
    Average electronic energy       = 0
    Total energy                    = 31.86975012

Stage 1.0  ExecutionTime = 1079.78 s  ClockTime = 1123 s  Iteration 5870 (0.23 s)

Time = 0.002352

    Collision global reduction skipped (rank 0 local diagnostics)
    Collisions                      = 1912
    Collision candidates           = 3323
    Collision acceptance rate      = 0.5753836894

    Number of DSMC particles        = 9519416
    Number of stuck particles       = 0
    Number of free particles        = 9519416
    Average linear kinetic energy   = 2.990186961e-19
    Average rotational energy       = 3.062678783e-20
    Average vibrational energy      = 5.1823753e-21
    Average electronic energy       = 0
    Total energy                    = 31.87365681

Stage 1.0  ExecutionTime = 1081.72 s  ClockTime = 1125 s  Iteration 5880 (0.22 s)

Time = 0.002356

    Collision global reduction skipped (rank 0 local diagnostics)
    Collisions                      = 3598
    Collision candidates           = 6160
    Collision acceptance rate      = 0.5840909091

    Number of DSMC particles        = 9521635
    Number of stuck particles       = 0
    Number of free particles        = 9521635
    Average linear kinetic energy   = 2.99140538e-19
    Average rotational energy       = 3.061783138e-20
    Average vibrational energy      = 5.186267832e-21
    Average electronic energy       = 0
    Total energy                    = 31.89220581

Stage 1.0  ExecutionTime = 1083.66 s  ClockTime = 1127 s  Iteration 5890 (0.21 s)

Time = 0.00236

    Collision global reduction skipped (rank 0 local diagnostics)
    Collisions                      = 1774
    Collision candidates           = 3152
    Collision acceptance rate      = 0.5628172589


Phase C auto DLB triggered (threshold) at step 5900: sar=0 loadImbalance=2.112040656 threshold=1.5 particleMaxMin=1
Phase C ParMETIS weights: particles=9524136 activeCells=104151 maxCellParticles=285
Phase C ParMETIS: alpha=1 ncon=1 ubvec=[1.05] moveRatio=0.9596972862 (moveT=453.2513807s, collT=19.03439858s)
Phase C ParMETIS: AdaptiveRepart (104151 cells, 1 constraints, ubvec=1.05)
Replicated mesh: rank 0 owns 2519 / 104151 cells
Local mesh: 2519 owned + 118 halo = 2637 / 104151 cells
Phase C ParMETIS AdaptiveRepart: 9844 / 104151 cells changed (0.0945166153)
Phase C auto DLB complete: rebalance #65

    Number of DSMC particles        = 9524136
    Number of stuck particles       = 0
    Number of free particles        = 9524136
    Average linear kinetic energy   = 2.9917425e-19
    Average rotational energy       = 3.062290932e-20
    Average vibrational energy      = 5.19036297e-21
    Average electronic energy       = 0
    Total energy                    = 31.90466721

Stage 1.0  ExecutionTime = 1085.75 s  ClockTime = 1129 s  Iteration 5900 (0.36 s)

Time = 0.002364

    Collision global reduction skipped (rank 0 local diagnostics)
    Collisions                      = 4327
    Collision candidates           = 7373
    Collision acceptance rate      = 0.5868710159

    Number of DSMC particles        = 9527163
    Number of stuck particles       = 0
    Number of free particles        = 9527163
    Average linear kinetic energy   = 2.991713789e-19
    Average rotational energy       = 3.065262578e-20
    Average vibrational energy      = 5.199516462e-21
    Average electronic energy       = 0
    Total energy                    = 31.91823695

Stage 1.0  ExecutionTime = 1087.69 s  ClockTime = 1131 s  Iteration 5910 (0.21 s)

Time = 0.002368

    Collision global reduction skipped (rank 0 local diagnostics)
    Collisions                      = 3339
    Collision candidates           = 5739
    Collision acceptance rate      = 0.5818086775

    Number of DSMC particles        = 9529771
    Number of stuck particles       = 0
    Number of free particles        = 9529771
    Average linear kinetic energy   = 2.991853927e-19
    Average rotational energy       = 3.061467401e-20
    Average vibrational energy      = 5.200790963e-21
    Average electronic energy       = 0
    Total energy                    = 31.92481458

Stage 1.0  ExecutionTime = 1089.64 s  ClockTime = 1133 s  Iteration 5920 (0.21 s)

Time = 0.002372

    Collision global reduction skipped (rank 0 local diagnostics)
    Collisions                      = 3259
    Collision candidates           = 5575
    Collision acceptance rate      = 0.584573991

    Number of DSMC particles        = 9532710
    Number of stuck particles       = 0
    Number of free particles        = 9532710
    Average linear kinetic energy   = 2.99206061e-19
    Average rotational energy       = 3.063650329e-20
    Average vibrational energy      = 5.207033603e-21
    Average electronic energy       = 0
    Total energy                    = 31.93930653

Stage 1.0  ExecutionTime = 1091.6 s  ClockTime = 1135 s  Iteration 5930 (0.21 s)

Time = 0.002376

    Collision global reduction skipped (rank 0 local diagnostics)
    Collisions                      = 4502
    Collision candidates           = 7770
    Collision acceptance rate      = 0.5794079794

    Number of DSMC particles        = 9535282
    Number of stuck particles       = 0
    Number of free particles        = 9535282
    Average linear kinetic energy   = 2.992001789e-19
    Average rotational energy       = 3.064190519e-20
    Average vibrational energy      = 5.210229148e-21
    Average electronic energy       = 0
    Total energy                    = 31.94818292

Stage 1.0  ExecutionTime = 1093.56 s  ClockTime = 1137 s  Iteration 5940 (0.21 s)

Time = 0.00238

    Collision global reduction skipped (rank 0 local diagnostics)
    Collisions                      = 3564
    Collision candidates           = 6138
    Collision acceptance rate      = 0.5806451613


Phase C auto DLB triggered (threshold) at step 5950: sar=0 loadImbalance=1.937676541 threshold=1.5 particleMaxMin=1
Phase C ParMETIS weights: particles=9537733 activeCells=104151 maxCellParticles=266
Phase C ParMETIS: alpha=1 ncon=1 ubvec=[1.05] moveRatio=0.9595412738 (moveT=457.9649865s, collT=19.30993539s)
Phase C ParMETIS: AdaptiveRepart (104151 cells, 1 constraints, ubvec=1.05)
Replicated mesh: rank 0 owns 2519 / 104151 cells
Local mesh: 2519 owned + 118 halo = 2637 / 104151 cells
Phase C ParMETIS AdaptiveRepart: 75693 / 104151 cells changed (0.726762105)
Phase C auto DLB complete: rebalance #66

    Number of DSMC particles        = 9537733
    Number of stuck particles       = 0
    Number of free particles        = 9537733
    Average linear kinetic energy   = 2.991546565e-19
    Average rotational energy       = 3.063912903e-20
    Average vibrational energy      = 5.209608689e-21
    Average electronic energy       = 0
    Total energy                    = 31.95172928

Stage 1.0  ExecutionTime = 1095.67 s  ClockTime = 1139 s  Iteration 5950 (0.38 s)

Time = 0.002384

    Collision global reduction skipped (rank 0 local diagnostics)
    Collisions                      = 2950
    Collision candidates           = 5099
    Collision acceptance rate      = 0.5785448127

    Number of DSMC particles        = 9540194
    Number of stuck particles       = 0
    Number of free particles        = 9540194
    Average linear kinetic energy   = 2.991036306e-19
    Average rotational energy       = 3.067534192e-20
    Average vibrational energy      = 5.214994319e-21
    Average electronic energy       = 0
    Total energy                    = 31.95907433

Stage 1.0  ExecutionTime = 1097.51 s  ClockTime = 1141 s  Iteration 5960 (0.19 s)

Time = 0.002388

    Collision global reduction skipped (rank 0 local diagnostics)
    Collisions                      = 3729
    Collision candidates           = 6413
    Collision acceptance rate      = 0.5814751286

    Number of DSMC particles        = 9542140
    Number of stuck particles       = 0
    Number of free particles        = 9542140
    Average linear kinetic energy   = 2.990932576e-19
    Average rotational energy       = 3.066488159e-20
    Average vibrational energy      = 5.21638418e-21
    Average electronic energy       = 0
    Total energy                    = 31.96373798

Stage 1.0  ExecutionTime = 1099.37 s  ClockTime = 1143 s  Iteration 5970 (0.2 s)

Time = 0.002392

    Collision global reduction skipped (rank 0 local diagnostics)
    Collisions                      = 4586
    Collision candidates           = 7808
    Collision acceptance rate      = 0.5873463115

    Number of DSMC particles        = 9543732
    Number of stuck particles       = 0
    Number of free particles        = 9543732
    Average linear kinetic energy   = 2.990931413e-19
    Average rotational energy       = 3.065582048e-20
    Average vibrational energy      = 5.214011621e-21
    Average electronic energy       = 0
    Total energy                    = 31.96796848

Stage 1.0  ExecutionTime = 1101.26 s  ClockTime = 1145 s  Iteration 5980 (0.2 s)

Time = 0.002396

    Collision global reduction skipped (rank 0 local diagnostics)
    Collisions                      = 2723
    Collision candidates           = 4728
    Collision acceptance rate      = 0.5759306261

    Number of DSMC particles        = 9544570
    Number of stuck particles       = 0
    Number of free particles        = 9544570
    Average linear kinetic energy   = 2.990527404e-19
    Average rotational energy       = 3.064178141e-20
    Average vibrational energy      = 5.211508887e-21
    Average electronic energy       = 0
    Total energy                    = 31.96534053

Stage 1.0  ExecutionTime = 1103.14 s  ClockTime = 1147 s  Iteration 5990 (0.2 s)

Time = 0.0024

    Collision global reduction skipped (rank 0 local diagnostics)
    Collisions                      = 4576
    Collision candidates           = 8107
    Collision acceptance rate      = 0.5644504749


Phase C auto DLB triggered (threshold) at step 6000: sar=0 loadImbalance=1.849762672 threshold=1.5 particleMaxMin=1
Phase C ParMETIS weights: particles=9544752 activeCells=104151 maxCellParticles=243
Phase C ParMETIS: alpha=1 ncon=1 ubvec=[1.05] moveRatio=0.9594497518 (moveT=463.0230043s, collT=19.56923507s)
Phase C ParMETIS: AdaptiveRepart (104151 cells, 1 constraints, ubvec=1.05)
Replicated mesh: rank 0 owns 2519 / 104151 cells
Local mesh: 2519 owned + 118 halo = 2637 / 104151 cells
Phase C ParMETIS AdaptiveRepart: 195 / 104151 cells changed (0.001872281591)
Phase C auto DLB complete: rebalance #67

    Number of DSMC particles        = 9544752
    Number of stuck particles       = 0
    Number of free particles        = 9544752
    Average linear kinetic energy   = 2.988935326e-19
    Average rotational energy       = 3.06676994e-20
    Average vibrational energy      = 5.21500012e-21
    Average electronic energy       = 0
    Total energy                    = 31.95356111

Stage 1.0  ExecutionTime = 1105.1 s  ClockTime = 1149 s  Iteration 6000 (0.26 s)

Time = 0.002404

    Collision global reduction skipped (rank 0 local diagnostics)
    Collisions                      = 3372
    Collision candidates           = 5904
    Collision acceptance rate      = 0.5711382114

    Number of DSMC particles        = 9544199
    Number of stuck particles       = 0
    Number of free particles        = 9544199
    Average linear kinetic energy   = 2.988865366e-19
    Average rotational energy       = 3.065115538e-20
    Average vibrational energy      = 5.212791641e-21
    Average electronic energy       = 0
    Total energy                    = 31.94925231

Stage 1.0  ExecutionTime = 1107 s  ClockTime = 1151 s  Iteration 6010 (0.2 s)

Time = 0.002408

    Collision global reduction skipped (rank 0 local diagnostics)
    Collisions                      = 802
    Collision candidates           = 1468
    Collision acceptance rate      = 0.5463215259

    Number of DSMC particles        = 9543132
    Number of stuck particles       = 0
    Number of free particles        = 9543132
    Average linear kinetic energy   = 2.988574801e-19
    Average rotational energy       = 3.060200062e-20
    Average vibrational energy      = 5.205814345e-21
    Average electronic energy       = 0
    Total energy                    = 31.93755086

Stage 1.0  ExecutionTime = 1108.91 s  ClockTime = 1153 s  Iteration 6020 (0.2 s)

Time = 0.002412

    Collision global reduction skipped (rank 0 local diagnostics)
    Collisions                      = 4413
    Collision candidates           = 7770
    Collision acceptance rate      = 0.567953668

    Number of DSMC particles        = 9543935
    Number of stuck particles       = 0
    Number of free particles        = 9543935
    Average linear kinetic energy   = 2.988271717e-19
    Average rotational energy       = 3.056465358e-20
    Average vibrational energy      = 5.199295294e-21
    Average electronic energy       = 0
    Total energy                    = 31.93315906

Stage 1.0  ExecutionTime = 1110.81 s  ClockTime = 1155 s  Iteration 6030 (0.2 s)

Time = 0.002416

    Collision global reduction skipped (rank 0 local diagnostics)
    Collisions                      = 4439
    Collision candidates           = 7751
    Collision acceptance rate      = 0.5727002967

    Number of DSMC particles        = 9546144
    Number of stuck particles       = 0
    Number of free particles        = 9546144
    Average linear kinetic energy   = 2.987363477e-19
    Average rotational energy       = 3.054304037e-20
    Average vibrational energy      = 5.195186751e-21
    Average electronic energy       = 0
    Total energy                    = 31.92942455

Stage 1.0  ExecutionTime = 1112.74 s  ClockTime = 1157 s  Iteration 6040 (0.2 s)

Time = 0.00242

    Collision global reduction skipped (rank 0 local diagnostics)
    Collisions                      = 4349
    Collision candidates           = 7576
    Collision acceptance rate      = 0.5740496304


Phase C auto DLB triggered (threshold) at step 6050: sar=0 loadImbalance=1.516635635 threshold=1.5 particleMaxMin=1
Phase C ParMETIS weights: particles=9548132 activeCells=104151 maxCellParticles=237
Phase C ParMETIS: alpha=1 ncon=1 ubvec=[1.05] moveRatio=0.9593291782 (moveT=468.0436849s, collT=19.84274195s)
Phase C ParMETIS: AdaptiveRepart (104151 cells, 1 constraints, ubvec=1.05)
Replicated mesh: rank 0 owns 2290 / 104151 cells
Local mesh: 2290 owned + 137 halo = 2427 / 104151 cells
Phase C ParMETIS AdaptiveRepart: 83012 / 104151 cells changed (0.7970350741)
Phase C auto DLB complete: rebalance #68

    Number of DSMC particles        = 9548132
    Number of stuck particles       = 0
    Number of free particles        = 9548132
    Average linear kinetic energy   = 2.987869539e-19
    Average rotational energy       = 3.053146999e-20
    Average vibrational energy      = 5.192049169e-21
    Average electronic energy       = 0
    Total energy                    = 31.93950153

Stage 1.0  ExecutionTime = 1114.84 s  ClockTime = 1159 s  Iteration 6050 (0.37 s)

Time = 0.002424

    Collision global reduction skipped (rank 0 local diagnostics)
    Collisions                      = 533
    Collision candidates           = 918
    Collision acceptance rate      = 0.5806100218

    Number of DSMC particles        = 9550078
    Number of stuck particles       = 0
    Number of free particles        = 9550078
    Average linear kinetic energy   = 2.986609394e-19
    Average rotational energy       = 3.05748108e-20
    Average vibrational energy      = 5.195507479e-21
    Average electronic energy       = 0
    Total energy                    = 31.93844596

Stage 1.0  ExecutionTime = 1116.63 s  ClockTime = 1160 s  Iteration 6060 (0.21 s)

Time = 0.002428

    Collision global reduction skipped (rank 0 local diagnostics)
    Collisions                      = 62
    Collision candidates           = 102
    Collision acceptance rate      = 0.6078431373

    Number of DSMC particles        = 9551578
    Number of stuck particles       = 0
    Number of free particles        = 9551578
    Average linear kinetic energy   = 2.98670566e-19
    Average rotational energy       = 3.05563164e-20
    Average vibrational energy      = 5.196584787e-21
    Average electronic energy       = 0
    Total energy                    = 31.94271832

Stage 1.0  ExecutionTime = 1118.44 s  ClockTime = 1162 s  Iteration 6070 (0.22 s)

Time = 0.002432

    Collision global reduction skipped (rank 0 local diagnostics)
    Collisions                      = 35
    Collision candidates           = 80
    Collision acceptance rate      = 0.4375

    Number of DSMC particles        = 9552656
    Number of stuck particles       = 0
    Number of free particles        = 9552656
    Average linear kinetic energy   = 2.986749966e-19
    Average rotational energy       = 3.058155596e-20
    Average vibrational energy      = 5.203621975e-21
    Average electronic energy       = 0
    Total energy                    = 31.94982993

Stage 1.0  ExecutionTime = 1120.26 s  ClockTime = 1164 s  Iteration 6080 (0.21 s)

Time = 0.002436

    Collision global reduction skipped (rank 0 local diagnostics)
    Collisions                      = 3
    Collision candidates           = 3
    Collision acceptance rate      = 1

    Number of DSMC particles        = 9553349
    Number of stuck particles       = 0
    Number of free particles        = 9553349
    Average linear kinetic energy   = 2.987906569e-19
    Average rotational energy       = 3.056532066e-20
    Average vibrational energy      = 5.205317775e-21
    Average electronic energy       = 0
    Total energy                    = 31.96180816

Stage 1.0  ExecutionTime = 1122.09 s  ClockTime = 1166 s  Iteration 6090 (0.2 s)

Time = 0.00244

    Collision global reduction skipped (rank 0 local diagnostics)
    Collisions                      = 384
    Collision candidates           = 666
    Collision acceptance rate      = 0.5765765766


Phase C auto DLB triggered (threshold) at step 6100: sar=0 loadImbalance=1.875004513 threshold=1.5 particleMaxMin=1
Phase C ParMETIS weights: particles=9553852 activeCells=104151 maxCellParticles=229
Phase C ParMETIS: alpha=1 ncon=1 ubvec=[1.05] moveRatio=0.9595950355 (moveT=471.8680775s, collT=19.86860315s)
Phase C ParMETIS: AdaptiveRepart (104151 cells, 1 constraints, ubvec=1.05)
Replicated mesh: rank 0 owns 2286 / 104151 cells
Local mesh: 2286 owned + 143 halo = 2429 / 104151 cells
Phase C ParMETIS AdaptiveRepart: 79629 / 104151 cells changed (0.7645533888)
Phase C auto DLB complete: rebalance #69

    Number of DSMC particles        = 9553852
    Number of stuck particles       = 0
    Number of free particles        = 9553852
    Average linear kinetic energy   = 2.98906954e-19
    Average rotational energy       = 3.052766528e-20
    Average vibrational energy      = 5.201892779e-21
    Average electronic energy       = 0
    Total energy                    = 31.9706771

Stage 1.0  ExecutionTime = 1124.1 s  ClockTime = 1168 s  Iteration 6100 (0.37 s)

Time = 0.002444

    Collision global reduction skipped (rank 0 local diagnostics)
    Collisions                      = 41
    Collision candidates           = 83
    Collision acceptance rate      = 0.4939759036

    Number of DSMC particles        = 9554970
    Number of stuck particles       = 0
    Number of free particles        = 9554970
    Average linear kinetic energy   = 2.987609395e-19
    Average rotational energy       = 3.057511214e-20
    Average vibrational energy      = 5.20806679e-21
    Average electronic energy       = 0
    Total energy                    = 31.96559015

Stage 1.0  ExecutionTime = 1125.95 s  ClockTime = 1170 s  Iteration 6110 (0.2 s)

Time = 0.002448

    Collision global reduction skipped (rank 0 local diagnostics)
    Collisions                      = 246
    Collision candidates           = 449
    Collision acceptance rate      = 0.5478841871

    Number of DSMC particles        = 9556017
    Number of stuck particles       = 0
    Number of free particles        = 9556017
    Average linear kinetic energy   = 2.987034513e-19
    Average rotational energy       = 3.064780664e-20
    Average vibrational energy      = 5.214688106e-21
    Average electronic energy       = 0
    Total energy                    = 31.97117868

Stage 1.0  ExecutionTime = 1127.85 s  ClockTime = 1172 s  Iteration 6120 (0.21 s)

Time = 0.002452

    Collision global reduction skipped (rank 0 local diagnostics)
    Collisions                      = 100
    Collision candidates           = 180
    Collision acceptance rate      = 0.5555555556

    Number of DSMC particles        = 9556936
    Number of stuck particles       = 0
    Number of free particles        = 9556936
    Average linear kinetic energy   = 2.987604039e-19
    Average rotational energy       = 3.064692633e-20
    Average vibrational energy      = 5.21472216e-21
    Average electronic energy       = 0
    Total energy                    = 31.97961539

Stage 1.0  ExecutionTime = 1129.73 s  ClockTime = 1174 s  Iteration 6130 (0.2 s)

Time = 0.002456

    Collision global reduction skipped (rank 0 local diagnostics)
    Collisions                      = 13
    Collision candidates           = 20
    Collision acceptance rate      = 0.65

    Number of DSMC particles        = 9557835
    Number of stuck particles       = 0
    Number of free particles        = 9557835
    Average linear kinetic energy   = 2.986067364e-19
    Average rotational energy       = 3.066391153e-20
    Average vibrational energy      = 5.218056801e-21
    Average electronic energy       = 0
    Total energy                    = 31.96987849

Stage 1.0  ExecutionTime = 1131.63 s  ClockTime = 1176 s  Iteration 6140 (0.21 s)

Time = 0.00246

    Collision global reduction skipped (rank 0 local diagnostics)
    Collisions                      = 43
    Collision candidates           = 83
    Collision acceptance rate      = 0.5180722892


Phase C auto DLB triggered (threshold) at step 6150: sar=0 loadImbalance=1.945009 threshold=1.5 particleMaxMin=1
Phase C ParMETIS weights: particles=9557765 activeCells=104150 maxCellParticles=240
Phase C ParMETIS: alpha=1 ncon=1 ubvec=[1.05] moveRatio=0.9598938194 (moveT=476.0580546s, collT=19.89060656s)
Phase C ParMETIS: AdaptiveRepart (104151 cells, 1 constraints, ubvec=1.05)
Replicated mesh: rank 0 owns 2291 / 104151 cells
Local mesh: 2291 owned + 136 halo = 2427 / 104151 cells
Phase C ParMETIS AdaptiveRepart: 7349 / 104151 cells changed (0.07056101238)
Phase C auto DLB complete: rebalance #70

    Number of DSMC particles        = 9557765
    Number of stuck particles       = 0
    Number of free particles        = 9557765
    Average linear kinetic energy   = 2.984193289e-19
    Average rotational energy       = 3.063523069e-20
    Average vibrational energy      = 5.217933584e-21
    Average electronic energy       = 0
    Total energy                    = 31.94897936

Stage 1.0  ExecutionTime = 1133.63 s  ClockTime = 1178 s  Iteration 6150 (0.31 s)

Time = 0.002464

    Collision global reduction skipped (rank 0 local diagnostics)
    Collisions                      = 27
    Collision candidates           = 55
    Collision acceptance rate      = 0.4909090909

    Number of DSMC particles        = 9557822
    Number of stuck particles       = 0
    Number of free particles        = 9557822
    Average linear kinetic energy   = 2.984044817e-19
    Average rotational energy       = 3.064303038e-20
    Average vibrational energy      = 5.218420625e-21
    Average electronic energy       = 0
    Total energy                    = 31.94854286

Stage 1.0  ExecutionTime = 1135.53 s  ClockTime = 1179 s  Iteration 6160 (0.21 s)

Time = 0.002468

    Collision global reduction skipped (rank 0 local diagnostics)
    Collisions                      = 92
    Collision candidates           = 148
    Collision acceptance rate      = 0.6216216216

    Number of DSMC particles        = 9558604
    Number of stuck particles       = 0
    Number of free particles        = 9558604
    Average linear kinetic energy   = 2.984643536e-19
    Average rotational energy       = 3.059884814e-20
    Average vibrational energy      = 5.215847538e-21
    Average electronic energy       = 0
    Total energy                    = 31.95241057

Stage 1.0  ExecutionTime = 1137.46 s  ClockTime = 1181 s  Iteration 6170 (0.21 s)

Time = 0.002472

    Collision global reduction skipped (rank 0 local diagnostics)
    Collisions                      = 218
    Collision candidates           = 380
    Collision acceptance rate      = 0.5736842105

    Number of DSMC particles        = 9560236
    Number of stuck particles       = 0
    Number of free particles        = 9560236
    Average linear kinetic energy   = 2.985436889e-19
    Average rotational energy       = 3.054995448e-20
    Average vibrational energy      = 5.207454391e-21
    Average electronic energy       = 0
    Total energy                    = 31.9599739

Stage 1.0  ExecutionTime = 1139.38 s  ClockTime = 1183 s  Iteration 6180 (0.2 s)

Time = 0.002476

    Collision global reduction skipped (rank 0 local diagnostics)
    Collisions                      = 255
    Collision candidates           = 431
    Collision acceptance rate      = 0.5916473318

    Number of DSMC particles        = 9561825
    Number of stuck particles       = 0
    Number of free particles        = 9561825
    Average linear kinetic energy   = 2.985027567e-19
    Average rotational energy       = 3.054201809e-20
    Average vibrational energy      = 5.20458734e-21
    Average electronic energy       = 0
    Total energy                    = 31.96033907

Stage 1.0  ExecutionTime = 1141.33 s  ClockTime = 1185 s  Iteration 6190 (0.21 s)

Time = 0.00248

    Collision global reduction skipped (rank 0 local diagnostics)
    Collisions                      = 111
    Collision candidates           = 209
    Collision acceptance rate      = 0.5311004785


Phase C auto DLB triggered (threshold) at step 6200: sar=0 loadImbalance=1.961354036 threshold=1.5 particleMaxMin=1
Phase C ParMETIS weights: particles=9563049 activeCells=104151 maxCellParticles=254
Phase C ParMETIS: alpha=1 ncon=1 ubvec=[1.05] moveRatio=0.9602067321 (moveT=480.5621973s, collT=19.91564904s)
Phase C ParMETIS: AdaptiveRepart (104151 cells, 1 constraints, ubvec=1.05)
Replicated mesh: rank 0 owns 2668 / 104151 cells
Local mesh: 2668 owned + 112 halo = 2780 / 104151 cells
Phase C ParMETIS AdaptiveRepart: 73076 / 104151 cells changed (0.7016351259)
Phase C auto DLB complete: rebalance #71

    Number of DSMC particles        = 9563049
    Number of stuck particles       = 0
    Number of free particles        = 9563049
    Average linear kinetic energy   = 2.984322554e-19
    Average rotational energy       = 3.053355304e-20
    Average vibrational energy      = 5.201672122e-21
    Average electronic energy       = 0
    Total energy                    = 31.95659991

Stage 1.0  ExecutionTime = 1143.44 s  ClockTime = 1187 s  Iteration 6200 (0.37 s)

Time = 0.002484

    Collision global reduction skipped (rank 0 local diagnostics)
    Collisions                      = 2716
    Collision candidates           = 4672
    Collision acceptance rate      = 0.5813356164

    Number of DSMC particles        = 9564710
    Number of stuck particles       = 0
    Number of free particles        = 9564710
    Average linear kinetic energy   = 2.984660688e-19
    Average rotational energy       = 3.051964684e-20
    Average vibrational energy      = 5.200420849e-21
    Average electronic energy       = 0
    Total energy                    = 31.96393481

Stage 1.0  ExecutionTime = 1145.26 s  ClockTime = 1189 s  Iteration 6210 (0.22 s)

Time = 0.002488

    Collision global reduction skipped (rank 0 local diagnostics)
    Collisions                      = 2628
    Collision candidates           = 4634
    Collision acceptance rate      = 0.5671126457

    Number of DSMC particles        = 9566583
    Number of stuck particles       = 0
    Number of free particles        = 9566583
    Average linear kinetic energy   = 2.983586557e-19
    Average rotational energy       = 3.054636529e-20
    Average vibrational energy      = 5.20381044e-21
    Average electronic energy       = 0
    Total energy                    = 31.96279867

Stage 1.0  ExecutionTime = 1147.1 s  ClockTime = 1191 s  Iteration 6220 (0.22 s)

Time = 0.002492

    Collision global reduction skipped (rank 0 local diagnostics)
    Collisions                      = 2229
    Collision candidates           = 3959
    Collision acceptance rate      = 0.5630209649

    Number of DSMC particles        = 9567427
    Number of stuck particles       = 0
    Number of free particles        = 9567427
    Average linear kinetic energy   = 2.98243827e-19
    Average rotational energy       = 3.055191995e-20
    Average vibrational energy      = 5.203388756e-21
    Average electronic energy       = 0
    Total energy                    = 31.95512349

Stage 1.0  ExecutionTime = 1148.96 s  ClockTime = 1193 s  Iteration 6230 (0.21 s)

Time = 0.002496

    Collision global reduction skipped (rank 0 local diagnostics)
    Collisions                      = 2155
    Collision candidates           = 3878
    Collision acceptance rate      = 0.5556988138

    Number of DSMC particles        = 9569082
    Number of stuck particles       = 0
    Number of free particles        = 9569082
    Average linear kinetic energy   = 2.983413344e-19
    Average rotational energy       = 3.054379557e-20
    Average vibrational energy      = 5.202586683e-21
    Average electronic energy       = 0
    Total energy                    = 31.96912756

Stage 1.0  ExecutionTime = 1150.83 s  ClockTime = 1195 s  Iteration 6240 (0.22 s)

Time = 0.0025

    Collision global reduction skipped (rank 0 local diagnostics)
    Collisions                      = 1971
    Collision candidates           = 3520
    Collision acceptance rate      = 0.5599431818


Phase C auto DLB triggered (threshold) at step 6250: sar=0 loadImbalance=1.84828083 threshold=1.5 particleMaxMin=1
Phase C ParMETIS weights: particles=9570822 activeCells=104151 maxCellParticles=297
Phase C ParMETIS: alpha=1 ncon=1 ubvec=[1.05] moveRatio=0.960087766 (moveT=484.9048528s, collT=20.15819451s)
Phase C ParMETIS: AdaptiveRepart (104151 cells, 1 constraints, ubvec=1.05)
Replicated mesh: rank 0 owns 2668 / 104151 cells
Local mesh: 2668 owned + 112 halo = 2780 / 104151 cells
Phase C ParMETIS AdaptiveRepart: 121 / 104151 cells changed (0.001161774731)
Phase C auto DLB complete: rebalance #72

    Number of DSMC particles        = 9570822
    Number of stuck particles       = 0
    Number of free particles        = 9570822
    Average linear kinetic energy   = 2.983221626e-19
    Average rotational energy       = 3.055848512e-20
    Average vibrational energy      = 5.206692116e-21
    Average electronic energy       = 0
    Total energy                    = 31.97490462
Replicated mesh: wrote gathered cloud on rank0 at output time 0.0025 with 9570822 parcels
Written cellOwner field at output time 0.0025
Replicated mesh output timing:
    gather parcels [s]       = 1.58
    rank0 write [s]           = 23.52
    migrate-back [s]          = 1.4


Stage 1.0  ExecutionTime = 1181.21 s  ClockTime = 1225 s  Iteration 6250 (28.7 s)

    Maximum imbalance = 7.049488539%

Time = 0.002504

    Collision global reduction skipped (rank 0 local diagnostics)
    Collisions                      = 3117
    Collision candidates           = 5417
    Collision acceptance rate      = 0.575410744

    Number of DSMC particles        = 9572511
    Number of stuck particles       = 0
    Number of free particles        = 9572511
    Average linear kinetic energy   = 2.984516776e-19
    Average rotational energy       = 3.053098121e-20
    Average vibrational energy      = 5.204885251e-21
    Average electronic energy       = 0
    Total energy                    = 31.99013941

Stage 1.0  ExecutionTime = 1182.86 s  ClockTime = 1227 s  Iteration 6260 (0.18 s)

Time = 0.002508

    Collision global reduction skipped (rank 0 local diagnostics)
    Collisions                      = 2356
    Collision candidates           = 4154
    Collision acceptance rate      = 0.5671641791

    Number of DSMC particles        = 9573649
    Number of stuck particles       = 0
    Number of free particles        = 9573649
    Average linear kinetic energy   = 2.983269807e-19
    Average rotational energy       = 3.050159343e-20
    Average vibrational energy      = 5.202688893e-21
    Average electronic energy       = 0
    Total energy                    = 31.97898067

Stage 1.0  ExecutionTime = 1184.54 s  ClockTime = 1229 s  Iteration 6270 (0.17 s)

Time = 0.002512

    Collision global reduction skipped (rank 0 local diagnostics)
    Collisions                      = 3465
    Collision candidates           = 6005
    Collision acceptance rate      = 0.5770191507

    Number of DSMC particles        = 9573900
    Number of stuck particles       = 0
    Number of free particles        = 9573900
    Average linear kinetic energy   = 2.982810172e-19
    Average rotational energy       = 3.047631889e-20
    Average vibrational energy      = 5.197989658e-21
    Average electronic energy       = 0
    Total energy                    = 31.97254893

Stage 1.0  ExecutionTime = 1186.27 s  ClockTime = 1231 s  Iteration 6280 (0.19 s)

Time = 0.002516

    Collision global reduction skipped (rank 0 local diagnostics)
    Collisions                      = 1759
    Collision candidates           = 3095
    Collision acceptance rate      = 0.5683360258

    Number of DSMC particles        = 9574106
    Number of stuck particles       = 0
    Number of free particles        = 9574106
    Average linear kinetic energy   = 2.981481392e-19
    Average rotational energy       = 3.045075496e-20
    Average vibrational energy      = 5.193814196e-21
    Average electronic energy       = 0
    Total energy                    = 31.95766772

Stage 1.0  ExecutionTime = 1188.02 s  ClockTime = 1232 s  Iteration 6290 (0.18 s)

Time = 0.00252

    Collision global reduction skipped (rank 0 local diagnostics)
    Collisions                      = 1395
    Collision candidates           = 2552
    Collision acceptance rate      = 0.546630094


Phase C auto DLB triggered (threshold) at step 6300: sar=0 loadImbalance=4.763246708e+15 threshold=1.5 particleMaxMin=1
Phase C ParMETIS weights: particles=9574168 activeCells=104151 maxCellParticles=289
Phase C ParMETIS: alpha=1 ncon=1 ubvec=[1.05] moveRatio=0.9600491918 (moveT=489.6530441s, collT=20.37607552s)
Phase C ParMETIS: AdaptiveRepart (104151 cells, 1 constraints, ubvec=1.05)
Replicated mesh: rank 0 owns 2558 / 104151 cells
Local mesh: 2558 owned + 119 halo = 2677 / 104151 cells
Phase C ParMETIS AdaptiveRepart: 89417 / 104151 cells changed (0.8585323233)
Phase C auto DLB complete: rebalance #73

    Number of DSMC particles        = 9574168
    Number of stuck particles       = 0
    Number of free particles        = 9574168
    Average linear kinetic energy   = 2.979735811e-19
    Average rotational energy       = 3.043134566e-20
    Average vibrational energy      = 5.186892277e-21
    Average electronic energy       = 0
    Total energy                    = 31.93864119

Stage 1.0  ExecutionTime = 1189.98 s  ClockTime = 1234 s  Iteration 6300 (0.35 s)

Time = 0.002524

    Collision global reduction skipped (rank 0 local diagnostics)
    Collisions                      = 2190
    Collision candidates           = 3878
    Collision acceptance rate      = 0.5647240846

    Number of DSMC particles        = 9574391
    Number of stuck particles       = 0
    Number of free particles        = 9574391
    Average linear kinetic energy   = 2.977092175e-19
    Average rotational energy       = 3.04952995e-20
    Average vibrational energy      = 5.192307653e-21
    Average electronic energy       = 0
    Total energy                    = 31.92071557

Stage 1.0  ExecutionTime = 1191.8 s  ClockTime = 1236 s  Iteration 6310 (0.2 s)

Time = 0.002528

    Collision global reduction skipped (rank 0 local diagnostics)
    Collisions                      = 4721
    Collision candidates           = 8072
    Collision acceptance rate      = 0.5848612488

    Number of DSMC particles        = 9574814
    Number of stuck particles       = 0
    Number of free particles        = 9574814
    Average linear kinetic energy   = 2.974982462e-19
    Average rotational energy       = 3.047342342e-20
    Average vibrational energy      = 5.188859139e-21
    Average electronic energy       = 0
    Total energy                    = 31.89950095

Stage 1.0  ExecutionTime = 1193.64 s  ClockTime = 1238 s  Iteration 6320 (0.19 s)

Time = 0.002532

    Collision global reduction skipped (rank 0 local diagnostics)
    Collisions                      = 1417
    Collision candidates           = 2579
    Collision acceptance rate      = 0.5494377666

    Number of DSMC particles        = 9575435
    Number of stuck particles       = 0
    Number of free particles        = 9575435
    Average linear kinetic energy   = 2.973544347e-19
    Average rotational energy       = 3.045953283e-20
    Average vibrational energy      = 5.187912228e-21
    Average electronic energy       = 0
    Total energy                    = 31.88637854

Stage 1.0  ExecutionTime = 1195.5 s  ClockTime = 1240 s  Iteration 6330 (0.2 s)

Time = 0.002536

    Collision global reduction skipped (rank 0 local diagnostics)
    Collisions                      = 3779
    Collision candidates           = 6739
    Collision acceptance rate      = 0.5607656922

    Number of DSMC particles        = 9576099
    Number of stuck particles       = 0
    Number of free particles        = 9576099
    Average linear kinetic energy   = 2.972721751e-19
    Average rotational energy       = 3.046024845e-20
    Average vibrational energy      = 5.184942668e-21
    Average electronic energy       = 0
    Total energy                    = 31.88049658

Stage 1.0  ExecutionTime = 1197.4 s  ClockTime = 1242 s  Iteration 6340 (0.2 s)

Time = 0.00254

    Collision global reduction skipped (rank 0 local diagnostics)
    Collisions                      = 3205
    Collision candidates           = 5681
    Collision acceptance rate      = 0.5641612392


Phase C auto DLB triggered (threshold) at step 6350: sar=0 loadImbalance=1.843923813 threshold=1.5 particleMaxMin=1
Phase C ParMETIS weights: particles=9576195 activeCells=104151 maxCellParticles=242
Phase C ParMETIS: alpha=1 ncon=1 ubvec=[1.05] moveRatio=0.9600005174 (moveT=494.7214465s, collT=20.61311586s)
Phase C ParMETIS: AdaptiveRepart (104151 cells, 1 constraints, ubvec=1.05)
Replicated mesh: rank 0 owns 2597 / 104151 cells
Local mesh: 2597 owned + 113 halo = 2710 / 104151 cells
Phase C ParMETIS AdaptiveRepart: 224 / 104151 cells changed (0.002150723469)
Phase C auto DLB complete: rebalance #74

    Number of DSMC particles        = 9576195
    Number of stuck particles       = 0
    Number of free particles        = 9576195
    Average linear kinetic energy   = 2.970087998e-19
    Average rotational energy       = 3.05056768e-20
    Average vibrational energy      = 5.19355438e-21
    Average electronic energy       = 0
    Total energy                    = 31.86076982

Stage 1.0  ExecutionTime = 1199.37 s  ClockTime = 1244 s  Iteration 6350 (0.26 s)

Time = 0.002544

    Collision global reduction skipped (rank 0 local diagnostics)
    Collisions                      = 2080
    Collision candidates           = 3654
    Collision acceptance rate      = 0.5692391899

    Number of DSMC particles        = 9575110
    Number of stuck particles       = 0
    Number of free particles        = 9575110
    Average linear kinetic energy   = 2.968699241e-19
    Average rotational energy       = 3.051943603e-20
    Average vibrational energy      = 5.194783082e-21
    Average electronic energy       = 0
    Total energy                    = 31.84529755

Stage 1.0  ExecutionTime = 1201.3 s  ClockTime = 1246 s  Iteration 6360 (0.2 s)

Time = 0.002548

    Collision global reduction skipped (rank 0 local diagnostics)
    Collisions                      = 2243
    Collision candidates           = 4121
    Collision acceptance rate      = 0.5442853676

    Number of DSMC particles        = 9574425
    Number of stuck particles       = 0
    Number of free particles        = 9574425
    Average linear kinetic energy   = 2.968488937e-19
    Average rotational energy       = 3.046384203e-20
    Average vibrational energy      = 5.188174797e-21
    Average electronic energy       = 0
    Total energy                    = 31.83505031

Stage 1.0  ExecutionTime = 1203.25 s  ClockTime = 1248 s  Iteration 6370 (0.2 s)

Time = 0.002552

    Collision global reduction skipped (rank 0 local diagnostics)
    Collisions                      = 2917
    Collision candidates           = 5239
    Collision acceptance rate      = 0.5567856461

    Number of DSMC particles        = 9573783
    Number of stuck particles       = 0
    Number of free particles        = 9573783
    Average linear kinetic energy   = 2.967723452e-19
    Average rotational energy       = 3.041860038e-20
    Average vibrational energy      = 5.182513477e-21
    Average electronic energy       = 0
    Total energy                    = 31.82071372

Stage 1.0  ExecutionTime = 1205.22 s  ClockTime = 1250 s  Iteration 6380 (0.21 s)

Time = 0.002556

    Collision global reduction skipped (rank 0 local diagnostics)
    Collisions                      = 4209
    Collision candidates           = 7571
    Collision acceptance rate      = 0.5559371285

    Number of DSMC particles        = 9572692
    Number of stuck particles       = 0
    Number of free particles        = 9572692
    Average linear kinetic energy   = 2.968043771e-19
    Average rotational energy       = 3.040363153e-20
    Average vibrational energy      = 5.181145274e-21
    Average electronic energy       = 0
    Total energy                    = 31.81858994

Stage 1.0  ExecutionTime = 1207.19 s  ClockTime = 1252 s  Iteration 6390 (0.21 s)

Time = 0.00256

    Collision global reduction skipped (rank 0 local diagnostics)
    Collisions                      = 3254
    Collision candidates           = 5751
    Collision acceptance rate      = 0.5658146409


Phase C auto DLB triggered (threshold) at step 6400: sar=0 loadImbalance=1.630927687 threshold=1.5 particleMaxMin=1
Phase C ParMETIS weights: particles=9571932 activeCells=104151 maxCellParticles=232
Phase C ParMETIS: alpha=1 ncon=1 ubvec=[1.05] moveRatio=0.9599299083 (moveT=499.965492s, collT=20.86992281s)
Phase C ParMETIS: AdaptiveRepart (104151 cells, 1 constraints, ubvec=1.05)
Replicated mesh: rank 0 owns 2599 / 104151 cells
Local mesh: 2599 owned + 113 halo = 2712 / 104151 cells
Phase C ParMETIS AdaptiveRepart: 66502 / 104151 cells changed (0.6385152327)
Phase C auto DLB complete: rebalance #75

    Number of DSMC particles        = 9571932
    Number of stuck particles       = 0
    Number of free particles        = 9571932
    Average linear kinetic energy   = 2.968781856e-19
    Average rotational energy       = 3.039472847e-20
    Average vibrational energy      = 5.178331285e-21
    Average electronic energy       = 0
    Total energy                    = 31.82200714

Stage 1.0  ExecutionTime = 1209.32 s  ClockTime = 1254 s  Iteration 6400 (0.36 s)

Time = 0.002564

    Collision global reduction skipped (rank 0 local diagnostics)
    Collisions                      = 1355
    Collision candidates           = 2438
    Collision acceptance rate      = 0.555783429

    Number of DSMC particles        = 9570703
    Number of stuck particles       = 0
    Number of free particles        = 9570703
    Average linear kinetic energy   = 2.96899603e-19
    Average rotational energy       = 3.040143368e-20
    Average vibrational energy      = 5.178986763e-21
    Average electronic energy       = 0
    Total energy                    = 31.82067558

Stage 1.0  ExecutionTime = 1211.28 s  ClockTime = 1256 s  Iteration 6410 (0.21 s)

Time = 0.002568

    Collision global reduction skipped (rank 0 local diagnostics)
    Collisions                      = 2451
    Collision candidates           = 4467
    Collision acceptance rate      = 0.5486903962

    Number of DSMC particles        = 9568894
    Number of stuck particles       = 0
    Number of free particles        = 9568894
    Average linear kinetic energy   = 2.967668561e-19
    Average rotational energy       = 3.035936049e-20
    Average vibrational energy      = 5.171163722e-21
    Average electronic energy       = 0
    Total energy                    = 31.79718409

Stage 1.0  ExecutionTime = 1213.24 s  ClockTime = 1258 s  Iteration 6420 (0.2 s)

Time = 0.002572

    Collision global reduction skipped (rank 0 local diagnostics)
    Collisions                      = 4431
    Collision candidates           = 7933
    Collision acceptance rate      = 0.5585528804

    Number of DSMC particles        = 9567991
    Number of stuck particles       = 0
    Number of free particles        = 9567991
    Average linear kinetic energy   = 2.969168996e-19
    Average rotational energy       = 3.032437804e-20
    Average vibrational energy      = 5.165497884e-21
    Average electronic energy       = 0
    Total energy                    = 31.80465037

Stage 1.0  ExecutionTime = 1215.2 s  ClockTime = 1260 s  Iteration 6430 (0.21 s)

Time = 0.002576

    Collision global reduction skipped (rank 0 local diagnostics)
    Collisions                      = 2261
    Collision candidates           = 4078
    Collision acceptance rate      = 0.5544384502

    Number of DSMC particles        = 9567474
    Number of stuck particles       = 0
    Number of free particles        = 9567474
    Average linear kinetic energy   = 2.967754349e-19
    Average rotational energy       = 3.03128397e-20
    Average vibrational energy      = 5.160550491e-21
    Average electronic energy       = 0
    Total energy                    = 31.78781996

Stage 1.0  ExecutionTime = 1217.17 s  ClockTime = 1262 s  Iteration 6440 (0.21 s)

Time = 0.00258

    Collision global reduction skipped (rank 0 local diagnostics)
    Collisions                      = 3523
    Collision candidates           = 6346
    Collision acceptance rate      = 0.5551528522


Phase C auto DLB triggered (threshold) at step 6450: sar=0 loadImbalance=2.160052967 threshold=1.5 particleMaxMin=1
Phase C ParMETIS weights: particles=9567576 activeCells=104151 maxCellParticles=220
Phase C ParMETIS: alpha=1 ncon=1 ubvec=[1.05] moveRatio=0.9598422271 (moveT=505.1756517s, collT=21.13548303s)
Phase C ParMETIS: AdaptiveRepart (104151 cells, 1 constraints, ubvec=1.05)
Replicated mesh: rank 0 owns 2405 / 104151 cells
Local mesh: 2405 owned + 132 halo = 2537 / 104151 cells
Phase C ParMETIS AdaptiveRepart: 71382 / 104151 cells changed (0.6853702797)
Phase C auto DLB complete: rebalance #76

    Number of DSMC particles        = 9567576
    Number of stuck particles       = 0
    Number of free particles        = 9567576
    Average linear kinetic energy   = 2.967876221e-19
    Average rotational energy       = 3.031589737e-20
    Average vibrational energy      = 5.158771721e-21
    Average electronic energy       = 0
    Total energy                    = 31.78944723

Stage 1.0  ExecutionTime = 1219.31 s  ClockTime = 1264 s  Iteration 6450 (0.37 s)

Time = 0.002584

    Collision global reduction skipped (rank 0 local diagnostics)
    Collisions                      = 867
    Collision candidates           = 1570
    Collision acceptance rate      = 0.5522292994

    Number of DSMC particles        = 9568836
    Number of stuck particles       = 0
    Number of free particles        = 9568836
    Average linear kinetic energy   = 2.967979327e-19
    Average rotational energy       = 3.034487447e-20
    Average vibrational energy      = 5.15878123e-21
    Average electronic energy       = 0
    Total energy                    = 31.79739402

Stage 1.0  ExecutionTime = 1221.1 s  ClockTime = 1266 s  Iteration 6460 (0.21 s)

Time = 0.002588

    Collision global reduction skipped (rank 0 local diagnostics)
    Collisions                      = 1208
    Collision candidates           = 2202
    Collision acceptance rate      = 0.5485921889

    Number of DSMC particles        = 9570740
    Number of stuck particles       = 0
    Number of free particles        = 9570740
    Average linear kinetic energy   = 2.969658561e-19
    Average rotational energy       = 3.03963793e-20
    Average vibrational energy      = 5.16386829e-21
    Average electronic energy       = 0
    Total energy                    = 31.82520881

Stage 1.0  ExecutionTime = 1222.91 s  ClockTime = 1267 s  Iteration 6470 (0.21 s)

Time = 0.002592

    Collision global reduction skipped (rank 0 local diagnostics)
    Collisions                      = 116
    Collision candidates           = 214
    Collision acceptance rate      = 0.5420560748

    Number of DSMC particles        = 9571476
    Number of stuck particles       = 0
    Number of free particles        = 9571476
    Average linear kinetic energy   = 2.970056521e-19
    Average rotational energy       = 3.039202961e-20
    Average vibrational energy      = 5.161765552e-21
    Average electronic energy       = 0
    Total energy                    = 31.83084768

Stage 1.0  ExecutionTime = 1224.76 s  ClockTime = 1269 s  Iteration 6480 (0.21 s)

Time = 0.002596

    Collision global reduction skipped (rank 0 local diagnostics)
    Collisions                      = 86
    Collision candidates           = 192
    Collision acceptance rate      = 0.4479166667

    Number of DSMC particles        = 9572018
    Number of stuck particles       = 0
    Number of free particles        = 9572018
    Average linear kinetic energy   = 2.970017372e-19
    Average rotational energy       = 3.039322055e-20
    Average vibrational energy      = 5.162189623e-21
    Average electronic energy       = 0
    Total energy                    = 31.83243001

Stage 1.0  ExecutionTime = 1226.62 s  ClockTime = 1271 s  Iteration 6490 (0.21 s)

Time = 0.0026

    Collision global reduction skipped (rank 0 local diagnostics)
    Collisions                      = 533
    Collision candidates           = 1012
    Collision acceptance rate      = 0.5266798419


Phase C auto DLB triggered (threshold) at step 6500: sar=0 loadImbalance=1.781450039 threshold=1.5 particleMaxMin=1
Phase C ParMETIS weights: particles=9573162 activeCells=104151 maxCellParticles=244
Phase C ParMETIS: alpha=1 ncon=1 ubvec=[1.05] moveRatio=0.9600367063 (moveT=509.4034531s, collT=21.2048557s)
Phase C ParMETIS: AdaptiveRepart (104151 cells, 1 constraints, ubvec=1.05)
Replicated mesh: rank 0 owns 2403 / 104151 cells
Local mesh: 2403 owned + 132 halo = 2535 / 104151 cells
Phase C ParMETIS AdaptiveRepart: 113 / 104151 cells changed (0.001084963178)
Phase C auto DLB complete: rebalance #77

    Number of DSMC particles        = 9573162
    Number of stuck particles       = 0
    Number of free particles        = 9573162
    Average linear kinetic energy   = 2.970665563e-19
    Average rotational energy       = 3.037361101e-20
    Average vibrational energy      = 5.157895646e-21
    Average electronic energy       = 0
    Total energy                    = 31.84015138

Stage 1.0  ExecutionTime = 1228.56 s  ClockTime = 1273 s  Iteration 6500 (0.27 s)

Time = 0.002604

    Collision global reduction skipped (rank 0 local diagnostics)
    Collisions                      = 98
    Collision candidates           = 227
    Collision acceptance rate      = 0.4317180617

    Number of DSMC particles        = 9574409
    Number of stuck particles       = 0
    Number of free particles        = 9574409
    Average linear kinetic energy   = 2.970919724e-19
    Average rotational energy       = 3.034779689e-20
    Average vibrational energy      = 5.155335934e-21
    Average electronic energy       = 0
    Total energy                    = 31.84401568

Stage 1.0  ExecutionTime = 1230.45 s  ClockTime = 1275 s  Iteration 6510 (0.21 s)

Time = 0.002608

    Collision global reduction skipped (rank 0 local diagnostics)
    Collisions                      = 358
    Collision candidates           = 708
    Collision acceptance rate      = 0.5056497175

    Number of DSMC particles        = 9575848
    Number of stuck particles       = 0
    Number of free particles        = 9575848
    Average linear kinetic energy   = 2.971572989e-19
    Average rotational energy       = 3.037880061e-20
    Average vibrational energy      = 5.160723737e-21
    Average electronic energy       = 0
    Total energy                    = 31.8585421

Stage 1.0  ExecutionTime = 1232.37 s  ClockTime = 1277 s  Iteration 6520 (0.21 s)

Time = 0.002612

    Collision global reduction skipped (rank 0 local diagnostics)
    Collisions                      = 157
    Collision candidates           = 310
    Collision acceptance rate      = 0.5064516129

    Number of DSMC particles        = 9576476
    Number of stuck particles       = 0
    Number of free particles        = 9576476
    Average linear kinetic energy   = 2.970352528e-19
    Average rotational energy       = 3.037691845e-20
    Average vibrational energy      = 5.159195691e-21
    Average electronic energy       = 0
    Total energy                    = 31.84861714

Stage 1.0  ExecutionTime = 1234.29 s  ClockTime = 1279 s  Iteration 6530 (0.21 s)

Time = 0.002616

    Collision global reduction skipped (rank 0 local diagnostics)
    Collisions                      = 1070
    Collision candidates           = 1955
    Collision acceptance rate      = 0.547314578

    Number of DSMC particles        = 9576079
    Number of stuck particles       = 0
    Number of free particles        = 9576079
    Average linear kinetic energy   = 2.968909218e-19
    Average rotational energy       = 3.04104444e-20
    Average vibrational energy      = 5.160032819e-21
    Average electronic energy       = 0
    Total energy                    = 31.83676621

Stage 1.0  ExecutionTime = 1236.23 s  ClockTime = 1281 s  Iteration 6540 (0.22 s)

Time = 0.00262

    Collision global reduction skipped (rank 0 local diagnostics)
    Collisions                      = 453
    Collision candidates           = 843
    Collision acceptance rate      = 0.537366548


Phase C auto DLB triggered (threshold) at step 6550: sar=0 loadImbalance=1.620375252 threshold=1.5 particleMaxMin=1
Phase C ParMETIS weights: particles=9575721 activeCells=104151 maxCellParticles=250
Phase C ParMETIS: alpha=1 ncon=1 ubvec=[1.05] moveRatio=0.9602572193 (moveT=513.9956551s, collT=21.27306744s)
Phase C ParMETIS: AdaptiveRepart (104151 cells, 1 constraints, ubvec=1.05)
Replicated mesh: rank 0 owns 2400 / 104151 cells
Local mesh: 2400 owned + 132 halo = 2532 / 104151 cells
Phase C ParMETIS AdaptiveRepart: 41 / 104151 cells changed (0.0003936592063)
Phase C auto DLB complete: rebalance #78

    Number of DSMC particles        = 9575721
    Number of stuck particles       = 0
    Number of free particles        = 9575721
    Average linear kinetic energy   = 2.968307453e-19
    Average rotational energy       = 3.03933083e-20
    Average vibrational energy      = 5.156853711e-21
    Average electronic energy       = 0
    Total energy                    = 31.82786834

Stage 1.0  ExecutionTime = 1238.23 s  ClockTime = 1283 s  Iteration 6550 (0.28 s)

Time = 0.002624

    Collision global reduction skipped (rank 0 local diagnostics)
    Collisions                      = 440
    Collision candidates           = 838
    Collision acceptance rate      = 0.5250596659

    Number of DSMC particles        = 9575116
    Number of stuck particles       = 0
    Number of free particles        = 9575116
    Average linear kinetic energy   = 2.967671142e-19
    Average rotational energy       = 3.03565981e-20
    Average vibrational energy      = 5.150866018e-21
    Average electronic energy       = 0
    Total energy                    = 31.81567632

Stage 1.0  ExecutionTime = 1240.17 s  ClockTime = 1285 s  Iteration 6560 (0.22 s)

Time = 0.002628

    Collision global reduction skipped (rank 0 local diagnostics)
    Collisions                      = 135
    Collision candidates           = 256
    Collision acceptance rate      = 0.52734375

    Number of DSMC particles        = 9575089
    Number of stuck particles       = 0
    Number of free particles        = 9575089
    Average linear kinetic energy   = 2.967847147e-19
    Average rotational energy       = 3.032395748e-20
    Average vibrational energy      = 5.147022784e-21
    Average electronic energy       = 0
    Total energy                    = 31.8137785

Stage 1.0  ExecutionTime = 1242.13 s  ClockTime = 1287 s  Iteration 6570 (0.23 s)

Time = 0.002632

    Collision global reduction skipped (rank 0 local diagnostics)
    Collisions                      = 832
    Collision candidates           = 1505
    Collision acceptance rate      = 0.5528239203

    Number of DSMC particles        = 9574719
    Number of stuck particles       = 0
    Number of free particles        = 9574719
    Average linear kinetic energy   = 2.966900861e-19
    Average rotational energy       = 3.031348279e-20
    Average vibrational energy      = 5.142238431e-21
    Average electronic energy       = 0
    Total energy                    = 31.80202772

Stage 1.0  ExecutionTime = 1244.08 s  ClockTime = 1289 s  Iteration 6580 (0.21 s)

Time = 0.002636

    Collision global reduction skipped (rank 0 local diagnostics)
    Collisions                      = 539
    Collision candidates           = 1008
    Collision acceptance rate      = 0.5347222222

    Number of DSMC particles        = 9575067
    Number of stuck particles       = 0
    Number of free particles        = 9575067
    Average linear kinetic energy   = 2.965849133e-19
    Average rotational energy       = 3.032188659e-20
    Average vibrational energy      = 5.142019912e-21
    Average electronic energy       = 0
    Total energy                    = 31.79389697

Stage 1.0  ExecutionTime = 1246.05 s  ClockTime = 1291 s  Iteration 6590 (0.21 s)

Time = 0.00264

    Collision global reduction skipped (rank 0 local diagnostics)
    Collisions                      = 1409
    Collision candidates           = 2548
    Collision acceptance rate      = 0.5529827316

    Number of DSMC particles        = 9575168
    Number of stuck particles       = 0
    Number of free particles        = 9575168
    Average linear kinetic energy   = 2.964376126e-19
    Average rotational energy       = 3.032604616e-20
    Average vibrational energy      = 5.142322511e-21
    Average electronic energy       = 0
    Total energy                    = 31.78055531

Stage 1.0  ExecutionTime = 1248.03 s  ClockTime = 1293 s  Iteration 6600 (0.22 s)

Time = 0.002644

    Collision global reduction skipped (rank 0 local diagnostics)
    Collisions                      = 921
    Collision candidates           = 1718
    Collision acceptance rate      = 0.536088475

    Number of DSMC particles        = 9575886
    Number of stuck particles       = 0
    Number of free particles        = 9575886
    Average linear kinetic energy   = 2.964174511e-19
    Average rotational energy       = 3.031319045e-20
    Average vibrational energy      = 5.139652917e-21
    Average electronic energy       = 0
    Total energy                    = 31.77952107

Stage 1.0  ExecutionTime = 1250.02 s  ClockTime = 1295 s  Iteration 6610 (0.22 s)

Time = 0.002648

    Collision global reduction skipped (rank 0 local diagnostics)
    Collisions                      = 256
    Collision candidates           = 506
    Collision acceptance rate      = 0.5059288538

    Number of DSMC particles        = 9576281
    Number of stuck particles       = 0
    Number of free particles        = 9576281
    Average linear kinetic energy   = 2.963990367e-19
    Average rotational energy       = 3.032421332e-20
    Average vibrational energy      = 5.138497399e-21
    Average electronic energy       = 0
    Total energy                    = 31.78001347

Stage 1.0  ExecutionTime = 1251.99 s  ClockTime = 1297 s  Iteration 6620 (0.22 s)

Time = 0.002652

    Collision global reduction skipped (rank 0 local diagnostics)
    Collisions                      = 153
    Collision candidates           = 278
    Collision acceptance rate      = 0.5503597122

    Number of DSMC particles        = 9577483
    Number of stuck particles       = 0
    Number of free particles        = 9577483
    Average linear kinetic energy   = 2.964194273e-19
    Average rotational energy       = 3.030570086e-20
    Average vibrational energy      = 5.137286052e-21
    Average electronic energy       = 0
    Total energy                    = 31.78406631

Stage 1.0  ExecutionTime = 1253.99 s  ClockTime = 1299 s  Iteration 6630 (0.22 s)

Time = 0.002656

    Collision global reduction skipped (rank 0 local diagnostics)
    Collisions                      = 423
    Collision candidates           = 823
    Collision acceptance rate      = 0.5139732685

    Number of DSMC particles        = 9578409
    Number of stuck particles       = 0
    Number of free particles        = 9578409
    Average linear kinetic energy   = 2.96400895e-19
    Average rotational energy       = 3.030850493e-20
    Average vibrational energy      = 5.135528346e-21
    Average electronic energy       = 0
    Total energy                    = 31.78546448

Stage 1.0  ExecutionTime = 1255.97 s  ClockTime = 1301 s  Iteration 6640 (0.21 s)

Time = 0.00266

    Collision global reduction skipped (rank 0 local diagnostics)
    Collisions                      = 581
    Collision candidates           = 1057
    Collision acceptance rate      = 0.5496688742

    Number of DSMC particles        = 9578417
    Number of stuck particles       = 0
    Number of free particles        = 9578417
    Average linear kinetic energy   = 2.963236277e-19
    Average rotational energy       = 3.033193313e-20
    Average vibrational energy      = 5.140836387e-21
    Average electronic energy       = 0
    Total energy                    = 31.78084252

Stage 1.0  ExecutionTime = 1257.97 s  ClockTime = 1303 s  Iteration 6650 (0.23 s)

Time = 0.002664

    Collision global reduction skipped (rank 0 local diagnostics)
    Collisions                      = 824
    Collision candidates           = 1552
    Collision acceptance rate      = 0.5309278351

    Number of DSMC particles        = 9578599
    Number of stuck particles       = 0
    Number of free particles        = 9578599
    Average linear kinetic energy   = 2.962772193e-19
    Average rotational energy       = 3.032485042e-20
    Average vibrational energy      = 5.141476244e-21
    Average electronic energy       = 0
    Total energy                    = 31.77638398

Stage 1.0  ExecutionTime = 1259.96 s  ClockTime = 1305 s  Iteration 6660 (0.22 s)

Time = 0.002668

    Collision global reduction skipped (rank 0 local diagnostics)
    Collisions                      = 195
    Collision candidates           = 368
    Collision acceptance rate      = 0.5298913043

    Number of DSMC particles        = 9578227
    Number of stuck particles       = 0
    Number of free particles        = 9578227
    Average linear kinetic energy   = 2.961497948e-19
    Average rotational energy       = 3.033158779e-20
    Average vibrational energy      = 5.140935569e-21
    Average electronic energy       = 0
    Total energy                    = 31.76353841

Stage 1.0  ExecutionTime = 1261.94 s  ClockTime = 1307 s  Iteration 6670 (0.22 s)

Time = 0.002672

    Collision global reduction skipped (rank 0 local diagnostics)
    Collisions                      = 1449
    Collision candidates           = 2669
    Collision acceptance rate      = 0.5428999625

    Number of DSMC particles        = 9578343
    Number of stuck particles       = 0
    Number of free particles        = 9578343
    Average linear kinetic energy   = 2.959724148e-19
    Average rotational energy       = 3.031463256e-20
    Average vibrational energy      = 5.139380616e-21
    Average electronic energy       = 0
    Total energy                    = 31.74516006

Stage 1.0  ExecutionTime = 1263.93 s  ClockTime = 1309 s  Iteration 6680 (0.22 s)

Time = 0.002676

    Collision global reduction skipped (rank 0 local diagnostics)
    Collisions                      = 281
    Collision candidates           = 569
    Collision acceptance rate      = 0.4938488576

    Number of DSMC particles        = 9578224
    Number of stuck particles       = 0
    Number of free particles        = 9578224
    Average linear kinetic energy   = 2.959306599e-19
    Average rotational energy       = 3.032021731e-20
    Average vibrational energy      = 5.141382121e-21
    Average electronic energy       = 0
    Total energy                    = 31.74149292

Stage 1.0  ExecutionTime = 1265.92 s  ClockTime = 1311 s  Iteration 6690 (0.22 s)

Time = 0.00268

    Collision global reduction skipped (rank 0 local diagnostics)
    Collisions                      = 1645
    Collision candidates           = 3085
    Collision acceptance rate      = 0.5332252836

    Number of DSMC particles        = 9578749
    Number of stuck particles       = 0
    Number of free particles        = 9578749
    Average linear kinetic energy   = 2.959796136e-19
    Average rotational energy       = 3.034354533e-20
    Average vibrational energy      = 5.143990645e-21
    Average electronic energy       = 0
    Total energy                    = 31.75040627

Stage 1.0  ExecutionTime = 1267.92 s  ClockTime = 1313 s  Iteration 6700 (0.22 s)

Time = 0.002684

    Collision global reduction skipped (rank 0 local diagnostics)
    Collisions                      = 1444
    Collision candidates           = 2714
    Collision acceptance rate      = 0.5320560059

    Number of DSMC particles        = 9579608
    Number of stuck particles       = 0
    Number of free particles        = 9579608
    Average linear kinetic energy   = 2.960029122e-19
    Average rotational energy       = 3.037940085e-20
    Average vibrational energy      = 5.150765959e-21
    Average electronic energy       = 0
    Total energy                    = 31.75956935

Stage 1.0  ExecutionTime = 1269.92 s  ClockTime = 1315 s  Iteration 6710 (0.22 s)

Time = 0.002688

    Collision global reduction skipped (rank 0 local diagnostics)
    Collisions                      = 563
    Collision candidates           = 1117
    Collision acceptance rate      = 0.5040286482

    Number of DSMC particles        = 9580167
    Number of stuck particles       = 0
    Number of free particles        = 9580167
    Average linear kinetic energy   = 2.960705836e-19
    Average rotational energy       = 3.035349025e-20
    Average vibrational energy      = 5.146289953e-21
    Average electronic energy       = 0
    Total energy                    = 31.76499457

Stage 1.0  ExecutionTime = 1271.9 s  ClockTime = 1317 s  Iteration 6720 (0.22 s)

Time = 0.002692

    Collision global reduction skipped (rank 0 local diagnostics)
    Collisions                      = 2718
    Collision candidates           = 4814
    Collision acceptance rate      = 0.5646032405

    Number of DSMC particles        = 9580965
    Number of stuck particles       = 0
    Number of free particles        = 9580965
    Average linear kinetic energy   = 2.961349617e-19
    Average rotational energy       = 3.033452991e-20
    Average vibrational energy      = 5.141818228e-21
    Average electronic energy       = 0
    Total energy                    = 31.77156353

Stage 1.0  ExecutionTime = 1273.88 s  ClockTime = 1319 s  Iteration 6730 (0.22 s)

Time = 0.002696

    Collision global reduction skipped (rank 0 local diagnostics)
    Collisions                      = 1378
    Collision candidates           = 2681
    Collision acceptance rate      = 0.5139873182

    Number of DSMC particles        = 9581492
    Number of stuck particles       = 0
    Number of free particles        = 9581492
    Average linear kinetic energy   = 2.960497733e-19
    Average rotational energy       = 3.034682213e-20
    Average vibrational energy      = 5.145338779e-21
    Average electronic energy       = 0
    Total energy                    = 31.7666639

Stage 1.0  ExecutionTime = 1275.88 s  ClockTime = 1321 s  Iteration 6740 (0.22 s)

Time = 0.0027

    Collision global reduction skipped (rank 0 local diagnostics)
    Collisions                      = 1915
    Collision candidates           = 3476
    Collision acceptance rate      = 0.5509205984

    Number of DSMC particles        = 9581937
    Number of stuck particles       = 0
    Number of free particles        = 9581937
    Average linear kinetic energy   = 2.96102373e-19
    Average rotational energy       = 3.037345591e-20
    Average vibrational energy      = 5.149121793e-21
    Average electronic energy       = 0
    Total energy                    = 31.77609385

Stage 1.0  ExecutionTime = 1277.87 s  ClockTime = 1323 s  Iteration 6750 (0.22 s)

Time = 0.002704

    Collision global reduction skipped (rank 0 local diagnostics)
    Collisions                      = 123
    Collision candidates           = 270
    Collision acceptance rate      = 0.4555555556

    Number of DSMC particles        = 9581939
    Number of stuck particles       = 0
    Number of free particles        = 9581939
    Average linear kinetic energy   = 2.960871731e-19
    Average rotational energy       = 3.038226803e-20
    Average vibrational energy      = 5.148523375e-21
    Average electronic energy       = 0
    Total energy                    = 31.77543107

Stage 1.0  ExecutionTime = 1279.86 s  ClockTime = 1325 s  Iteration 6760 (0.22 s)

Time = 0.002708

    Collision global reduction skipped (rank 0 local diagnostics)
    Collisions                      = 1135
    Collision candidates           = 2178
    Collision acceptance rate      = 0.5211202938

    Number of DSMC particles        = 9581801
    Number of stuck particles       = 0
    Number of free particles        = 9581801
    Average linear kinetic energy   = 2.961072774e-19
    Average rotational energy       = 3.038308701e-20
    Average vibrational energy      = 5.147806603e-21
    Average electronic energy       = 0
    Total energy                    = 31.77690958

Stage 1.0  ExecutionTime = 1281.84 s  ClockTime = 1327 s  Iteration 6770 (0.21 s)

Time = 0.002712

    Collision global reduction skipped (rank 0 local diagnostics)
    Collisions                      = 2233
    Collision candidates           = 4021
    Collision acceptance rate      = 0.5553344939

    Number of DSMC particles        = 9581658
    Number of stuck particles       = 0
    Number of free particles        = 9581658
    Average linear kinetic energy   = 2.959665376e-19
    Average rotational energy       = 3.041946581e-20
    Average vibrational energy      = 5.148960955e-21
    Average electronic energy       = 0
    Total energy                    = 31.76654644

Stage 1.0  ExecutionTime = 1283.84 s  ClockTime = 1329 s  Iteration 6780 (0.23 s)

Time = 0.002716

    Collision global reduction skipped (rank 0 local diagnostics)
    Collisions                      = 2192
    Collision candidates           = 4036
    Collision acceptance rate      = 0.5431119921

    Number of DSMC particles        = 9581358
    Number of stuck particles       = 0
    Number of free particles        = 9581358
    Average linear kinetic energy   = 2.959765227e-19
    Average rotational energy       = 3.036845617e-20
    Average vibrational energy      = 5.140032876e-21
    Average electronic energy       = 0
    Total energy                    = 31.76076569

Stage 1.0  ExecutionTime = 1285.83 s  ClockTime = 1331 s  Iteration 6790 (0.21 s)

Time = 0.00272

    Collision global reduction skipped (rank 0 local diagnostics)
    Collisions                      = 2675
    Collision candidates           = 4956
    Collision acceptance rate      = 0.5397497982

    Number of DSMC particles        = 9580866
    Number of stuck particles       = 0
    Number of free particles        = 9580866
    Average linear kinetic energy   = 2.95984672e-19
    Average rotational energy       = 3.037784524e-20
    Average vibrational energy      = 5.144349759e-21
    Average electronic energy       = 0
    Total energy                    = 31.76122871

Stage 1.0  ExecutionTime = 1287.83 s  ClockTime = 1333 s  Iteration 6800 (0.22 s)

Time = 0.002724

    Collision global reduction skipped (rank 0 local diagnostics)
    Collisions                      = 2137
    Collision candidates           = 3976
    Collision acceptance rate      = 0.5374748491

    Number of DSMC particles        = 9580596
    Number of stuck particles       = 0
    Number of free particles        = 9580596
    Average linear kinetic energy   = 2.959044026e-19
    Average rotational energy       = 3.039605055e-20
    Average vibrational energy      = 5.14431535e-21
    Average electronic energy       = 0
    Total energy                    = 31.75438423

Stage 1.0  ExecutionTime = 1289.82 s  ClockTime = 1335 s  Iteration 6810 (0.22 s)

Time = 0.002728

    Collision global reduction skipped (rank 0 local diagnostics)
    Collisions                      = 1284
    Collision candidates           = 2480
    Collision acceptance rate      = 0.5177419355

    Number of DSMC particles        = 9580170
    Number of stuck particles       = 0
    Number of free particles        = 9580170
    Average linear kinetic energy   = 2.959730066e-19
    Average rotational energy       = 3.040353498e-20
    Average vibrational energy      = 5.145491663e-21
    Average electronic energy       = 0
    Total energy                    = 31.76037437

Stage 1.0  ExecutionTime = 1291.81 s  ClockTime = 1337 s  Iteration 6820 (0.23 s)

Time = 0.002732

    Collision global reduction skipped (rank 0 local diagnostics)
    Collisions                      = 1355
    Collision candidates           = 2631
    Collision acceptance rate      = 0.5150133029

    Number of DSMC particles        = 9580171
    Number of stuck particles       = 0
    Number of free particles        = 9580171
    Average linear kinetic energy   = 2.960409027e-19
    Average rotational energy       = 3.036608683e-20
    Average vibrational energy      = 5.142651122e-21
    Average electronic energy       = 0
    Total energy                    = 31.76302252

Stage 1.0  ExecutionTime = 1293.82 s  ClockTime = 1339 s  Iteration 6830 (0.23 s)

Time = 0.002736

    Collision global reduction skipped (rank 0 local diagnostics)
    Collisions                      = 1024
    Collision candidates           = 1975
    Collision acceptance rate      = 0.5184810127

    Number of DSMC particles        = 9580435
    Number of stuck particles       = 0
    Number of free particles        = 9580435
    Average linear kinetic energy   = 2.960959203e-19
    Average rotational energy       = 3.037051454e-20
    Average vibrational energy      = 5.146249435e-21
    Average electronic energy       = 0
    Total energy                    = 31.76993767

Stage 1.0  ExecutionTime = 1295.82 s  ClockTime = 1341 s  Iteration 6840 (0.23 s)

Time = 0.00274

    Collision global reduction skipped (rank 0 local diagnostics)
    Collisions                      = 1153
    Collision candidates           = 2343
    Collision acceptance rate      = 0.49210414

    Number of DSMC particles        = 9580958
    Number of stuck particles       = 0
    Number of free particles        = 9580958
    Average linear kinetic energy   = 2.960714133e-19
    Average rotational energy       = 3.03819856e-20
    Average vibrational energy      = 5.144517718e-21
    Average electronic energy       = 0
    Total energy                    = 31.77025712

Stage 1.0  ExecutionTime = 1297.81 s  ClockTime = 1343 s  Iteration 6850 (0.23 s)

Time = 0.002744

    Collision global reduction skipped (rank 0 local diagnostics)
    Collisions                      = 1897
    Collision candidates           = 3632
    Collision acceptance rate      = 0.5223017621

    Number of DSMC particles        = 9580369
    Number of stuck particles       = 0
    Number of free particles        = 9580369
    Average linear kinetic energy   = 2.96081363e-19
    Average rotational energy       = 3.038797816e-20
    Average vibrational energy      = 5.143383524e-21
    Average electronic energy       = 0
    Total energy                    = 31.76972267

Stage 1.0  ExecutionTime = 1299.78 s  ClockTime = 1345 s  Iteration 6860 (0.22 s)

Time = 0.002748

    Collision global reduction skipped (rank 0 local diagnostics)
    Collisions                      = 1450
    Collision candidates           = 2847
    Collision acceptance rate      = 0.5093080436

    Number of DSMC particles        = 9580775
    Number of stuck particles       = 0
    Number of free particles        = 9580775
    Average linear kinetic energy   = 2.960393851e-19
    Average rotational energy       = 3.035602285e-20
    Average vibrational energy      = 5.135823433e-21
    Average electronic energy       = 0
    Total energy                    = 31.76326133

Stage 1.0  ExecutionTime = 1301.76 s  ClockTime = 1347 s  Iteration 6870 (0.22 s)

Time = 0.002752

    Collision global reduction skipped (rank 0 local diagnostics)
    Collisions                      = 396
    Collision candidates           = 817
    Collision acceptance rate      = 0.4847001224

    Number of DSMC particles        = 9581119
    Number of stuck particles       = 0
    Number of free particles        = 9581119
    Average linear kinetic energy   = 2.960998333e-19
    Average rotational energy       = 3.03409007e-20
    Average vibrational energy      = 5.130011439e-21
    Average electronic energy       = 0
    Total energy                    = 31.76818769

Stage 1.0  ExecutionTime = 1303.74 s  ClockTime = 1349 s  Iteration 6880 (0.22 s)

Time = 0.002756

    Collision global reduction skipped (rank 0 local diagnostics)
    Collisions                      = 1080
    Collision candidates           = 2110
    Collision acceptance rate      = 0.5118483412

    Number of DSMC particles        = 9580546
    Number of stuck particles       = 0
    Number of free particles        = 9580546
    Average linear kinetic energy   = 2.960749833e-19
    Average rotational energy       = 3.034056567e-20
    Average vibrational energy      = 5.130644332e-21
    Average electronic energy       = 0
    Total energy                    = 31.76393556

Stage 1.0  ExecutionTime = 1305.74 s  ClockTime = 1351 s  Iteration 6890 (0.23 s)

Time = 0.00276

    Collision global reduction skipped (rank 0 local diagnostics)
    Collisions                      = 2528
    Collision candidates           = 4584
    Collision acceptance rate      = 0.5514834206

    Number of DSMC particles        = 9580617
    Number of stuck particles       = 0
    Number of free particles        = 9580617
    Average linear kinetic energy   = 2.960224695e-19
    Average rotational energy       = 3.031177966e-20
    Average vibrational energy      = 5.126314814e-21
    Average electronic energy       = 0
    Total energy                    = 31.75596714

Stage 1.0  ExecutionTime = 1307.71 s  ClockTime = 1353 s  Iteration 6900 (0.23 s)

Time = 0.002764

    Collision global reduction skipped (rank 0 local diagnostics)
    Collisions                      = 1597
    Collision candidates           = 3088
    Collision acceptance rate      = 0.5171632124

    Number of DSMC particles        = 9580238
    Number of stuck particles       = 0
    Number of free particles        = 9580238
    Average linear kinetic energy   = 2.958668337e-19
    Average rotational energy       = 3.031444313e-20
    Average vibrational energy      = 5.12613052e-21
    Average electronic energy       = 0
    Total energy                    = 31.74003814

Stage 1.0  ExecutionTime = 1309.69 s  ClockTime = 1355 s  Iteration 6910 (0.23 s)

Time = 0.002768

    Collision global reduction skipped (rank 0 local diagnostics)
    Collisions                      = 2210
    Collision candidates           = 4097
    Collision acceptance rate      = 0.5394190871

    Number of DSMC particles        = 9579824
    Number of stuck particles       = 0
    Number of free particles        = 9579824
    Average linear kinetic energy   = 2.958136121e-19
    Average rotational energy       = 3.031101636e-20
    Average vibrational energy      = 5.125345077e-21
    Average electronic energy       = 0
    Total energy                    = 31.73316447

Stage 1.0  ExecutionTime = 1311.67 s  ClockTime = 1357 s  Iteration 6920 (0.23 s)

Time = 0.002772

    Collision global reduction skipped (rank 0 local diagnostics)
    Collisions                      = 1408
    Collision candidates           = 2735
    Collision acceptance rate      = 0.5148080439

    Number of DSMC particles        = 9579840
    Number of stuck particles       = 0
    Number of free particles        = 9579840
    Average linear kinetic energy   = 2.957927867e-19
    Average rotational energy       = 3.032650794e-20
    Average vibrational energy      = 5.125376901e-21
    Average electronic energy       = 0
    Total energy                    = 31.73270954

Stage 1.0  ExecutionTime = 1313.65 s  ClockTime = 1359 s  Iteration 6930 (0.22 s)

Time = 0.002776

    Collision global reduction skipped (rank 0 local diagnostics)
    Collisions                      = 1108
    Collision candidates           = 2319
    Collision acceptance rate      = 0.4777921518

    Number of DSMC particles        = 9580204
    Number of stuck particles       = 0
    Number of free particles        = 9580204
    Average linear kinetic energy   = 2.95724482e-19
    Average rotational energy       = 3.032592267e-20
    Average vibrational energy      = 5.124588188e-21
    Average electronic energy       = 0
    Total energy                    = 31.72723991

Stage 1.0  ExecutionTime = 1315.64 s  ClockTime = 1361 s  Iteration 6940 (0.23 s)

Time = 0.00278

    Collision global reduction skipped (rank 0 local diagnostics)
    Collisions                      = 1114
    Collision candidates           = 2246
    Collision acceptance rate      = 0.4959928762

    Number of DSMC particles        = 9580557
    Number of stuck particles       = 0
    Number of free particles        = 9580557
    Average linear kinetic energy   = 2.957421251e-19
    Average rotational energy       = 3.035012186e-20
    Average vibrational energy      = 5.12670047e-21
    Average electronic energy       = 0
    Total energy                    = 31.73262005

Stage 1.0  ExecutionTime = 1317.63 s  ClockTime = 1363 s  Iteration 6950 (0.23 s)

Time = 0.002784

    Collision global reduction skipped (rank 0 local diagnostics)
    Collisions                      = 1833
    Collision candidates           = 3493
    Collision acceptance rate      = 0.5247638133

    Number of DSMC particles        = 9581466
    Number of stuck particles       = 0
    Number of free particles        = 9581466
    Average linear kinetic energy   = 2.957351006e-19
    Average rotational energy       = 3.036781197e-20
    Average vibrational energy      = 5.127087263e-21
    Average electronic energy       = 0
    Total energy                    = 31.73668982

Stage 1.0  ExecutionTime = 1319.63 s  ClockTime = 1365 s  Iteration 6960 (0.24 s)

Time = 0.002788

    Collision global reduction skipped (rank 0 local diagnostics)
    Collisions                      = 924
    Collision candidates           = 1872
    Collision acceptance rate      = 0.4935897436

    Number of DSMC particles        = 9582676
    Number of stuck particles       = 0
    Number of free particles        = 9582676
    Average linear kinetic energy   = 2.956856832e-19
    Average rotational energy       = 3.03552593e-20
    Average vibrational energy      = 5.126817699e-21
    Average electronic energy       = 0
    Total energy                    = 31.73473347

Stage 1.0  ExecutionTime = 1321.62 s  ClockTime = 1367 s  Iteration 6970 (0.23 s)

Time = 0.002792

    Collision global reduction skipped (rank 0 local diagnostics)
    Collisions                      = 81
    Collision candidates           = 213
    Collision acceptance rate      = 0.3802816901

    Number of DSMC particles        = 9584156
    Number of stuck particles       = 0
    Number of free particles        = 9584156
    Average linear kinetic energy   = 2.957353765e-19
    Average rotational energy       = 3.033962717e-20
    Average vibrational energy      = 5.125140078e-21
    Average electronic energy       = 0
    Total energy                    = 31.74273845

Stage 1.0  ExecutionTime = 1323.62 s  ClockTime = 1369 s  Iteration 6980 (0.22 s)

Time = 0.002796

    Collision global reduction skipped (rank 0 local diagnostics)
    Collisions                      = 1501
    Collision candidates           = 2987
    Collision acceptance rate      = 0.5025108805

    Number of DSMC particles        = 9584564
    Number of stuck particles       = 0
    Number of free particles        = 9584564
    Average linear kinetic energy   = 2.958006323e-19
    Average rotational energy       = 3.035005797e-20
    Average vibrational energy      = 5.125881046e-21
    Average electronic energy       = 0
    Total energy                    = 31.751415

Stage 1.0  ExecutionTime = 1325.63 s  ClockTime = 1371 s  Iteration 6990 (0.23 s)

Time = 0.0028

    Collision global reduction skipped (rank 0 local diagnostics)
    Collisions                      = 2312
    Collision candidates           = 4377
    Collision acceptance rate      = 0.5282156728

    Number of DSMC particles        = 9585643
    Number of stuck particles       = 0
    Number of free particles        = 9585643
    Average linear kinetic energy   = 2.958182306e-19
    Average rotational energy       = 3.034525877e-20
    Average vibrational energy      = 5.124177372e-21
    Average electronic energy       = 0
    Total energy                    = 31.75605303

Stage 1.0  ExecutionTime = 1327.62 s  ClockTime = 1373 s  Iteration 7000 (0.23 s)

Time = 0.002804

    Collision global reduction skipped (rank 0 local diagnostics)
    Collisions                      = 1821
    Collision candidates           = 3581
    Collision acceptance rate      = 0.508517174

    Number of DSMC particles        = 9587010
    Number of stuck particles       = 0
    Number of free particles        = 9587010
    Average linear kinetic energy   = 2.958141628e-19
    Average rotational energy       = 3.030877201e-20
    Average vibrational energy      = 5.117079016e-21
    Average electronic energy       = 0
    Total energy                    = 31.75601325

Stage 1.0  ExecutionTime = 1329.63 s  ClockTime = 1375 s  Iteration 7010 (0.24 s)

Time = 0.002808

    Collision global reduction skipped (rank 0 local diagnostics)
    Collisions                      = 1697
    Collision candidates           = 3311
    Collision acceptance rate      = 0.5125339777

    Number of DSMC particles        = 9587565
    Number of stuck particles       = 0
    Number of free particles        = 9587565
    Average linear kinetic energy   = 2.958628094e-19
    Average rotational energy       = 3.030116497e-20
    Average vibrational energy      = 5.116115318e-21
    Average electronic energy       = 0
    Total energy                    = 31.76169393

Stage 1.0  ExecutionTime = 1331.64 s  ClockTime = 1377 s  Iteration 7020 (0.23 s)

Time = 0.002812

    Collision global reduction skipped (rank 0 local diagnostics)
    Collisions                      = 2161
    Collision candidates           = 4171
    Collision acceptance rate      = 0.5181011748

    Number of DSMC particles        = 9588353
    Number of stuck particles       = 0
    Number of free particles        = 9588353
    Average linear kinetic energy   = 2.9585726e-19
    Average rotational energy       = 3.03308732e-20
    Average vibrational energy      = 5.119203356e-21
    Average electronic energy       = 0
    Total energy                    = 31.76691694

Stage 1.0  ExecutionTime = 1333.66 s  ClockTime = 1379 s  Iteration 7030 (0.23 s)

Time = 0.002816

    Collision global reduction skipped (rank 0 local diagnostics)
    Collisions                      = 2550
    Collision candidates           = 4708
    Collision acceptance rate      = 0.5416312659

    Number of DSMC particles        = 9589095
    Number of stuck particles       = 0
    Number of free particles        = 9589095
    Average linear kinetic energy   = 2.956960772e-19
    Average rotational energy       = 3.036552422e-20
    Average vibrational energy      = 5.124336715e-21
    Average electronic energy       = 0
    Total energy                    = 31.75773424

Stage 1.0  ExecutionTime = 1335.67 s  ClockTime = 1381 s  Iteration 7040 (0.23 s)

Time = 0.00282

    Collision global reduction skipped (rank 0 local diagnostics)
    Collisions                      = 3249
    Collision candidates           = 6047
    Collision acceptance rate      = 0.5372912188

    Number of DSMC particles        = 9589486
    Number of stuck particles       = 0
    Number of free particles        = 9589486
    Average linear kinetic energy   = 2.956878777e-19
    Average rotational energy       = 3.038352382e-20
    Average vibrational energy      = 5.123766898e-21
    Average electronic energy       = 0
    Total energy                    = 31.75991431

Stage 1.0  ExecutionTime = 1337.71 s  ClockTime = 1383 s  Iteration 7050 (0.24 s)

Time = 0.002824

    Collision global reduction skipped (rank 0 local diagnostics)
    Collisions                      = 1894
    Collision candidates           = 3573
    Collision acceptance rate      = 0.5300867618

    Number of DSMC particles        = 9589617
    Number of stuck particles       = 0
    Number of free particles        = 9589617
    Average linear kinetic energy   = 2.956918277e-19
    Average rotational energy       = 3.037031938e-20
    Average vibrational energy      = 5.119251699e-21
    Average electronic energy       = 0
    Total energy                    = 31.75902772

Stage 1.0  ExecutionTime = 1339.73 s  ClockTime = 1385 s  Iteration 7060 (0.24 s)

Time = 0.002828

    Collision global reduction skipped (rank 0 local diagnostics)
    Collisions                      = 1069
    Collision candidates           = 2202
    Collision acceptance rate      = 0.4854677566

    Number of DSMC particles        = 9589731
    Number of stuck particles       = 0
    Number of free particles        = 9589731
    Average linear kinetic energy   = 2.955652516e-19
    Average rotational energy       = 3.039183046e-20
    Average vibrational energy      = 5.120895691e-21
    Average electronic energy       = 0
    Total energy                    = 31.74948747

Stage 1.0  ExecutionTime = 1341.77 s  ClockTime = 1387 s  Iteration 7070 (0.24 s)

Time = 0.002832

    Collision global reduction skipped (rank 0 local diagnostics)
    Collisions                      = 425
    Collision candidates           = 863
    Collision acceptance rate      = 0.4924681344

    Number of DSMC particles        = 9590555
    Number of stuck particles       = 0
    Number of free particles        = 9590555
    Average linear kinetic energy   = 2.955453154e-19
    Average rotational energy       = 3.038958232e-20
    Average vibrational energy      = 5.120760401e-21
    Average electronic energy       = 0
    Total energy                    = 31.75007498

Stage 1.0  ExecutionTime = 1343.8 s  ClockTime = 1389 s  Iteration 7080 (0.24 s)

Time = 0.002836

    Collision global reduction skipped (rank 0 local diagnostics)
    Collisions                      = 1329
    Collision candidates           = 2732
    Collision acceptance rate      = 0.4864568082

    Number of DSMC particles        = 9591369
    Number of stuck particles       = 0
    Number of free particles        = 9591369
    Average linear kinetic energy   = 2.955861209e-19
    Average rotational energy       = 3.03825739e-20
    Average vibrational energy      = 5.11757997e-21
    Average electronic energy       = 0
    Total energy                    = 31.75570632

Stage 1.0  ExecutionTime = 1345.84 s  ClockTime = 1391 s  Iteration 7090 (0.23 s)

Time = 0.00284

    Collision global reduction skipped (rank 0 local diagnostics)
    Collisions                      = 2291
    Collision candidates           = 4422
    Collision acceptance rate      = 0.5180913614

    Number of DSMC particles        = 9591955
    Number of stuck particles       = 0
    Number of free particles        = 9591955
    Average linear kinetic energy   = 2.955174853e-19
    Average rotational energy       = 3.037895571e-20
    Average vibrational energy      = 5.111891975e-21
    Average electronic energy       = 0
    Total energy                    = 31.75017035

Stage 1.0  ExecutionTime = 1347.88 s  ClockTime = 1393 s  Iteration 7100 (0.23 s)

Time = 0.002844

    Collision global reduction skipped (rank 0 local diagnostics)
    Collisions                      = 2719
    Collision candidates           = 5169
    Collision acceptance rate      = 0.5260205069

    Number of DSMC particles        = 9592914
    Number of stuck particles       = 0
    Number of free particles        = 9592914
    Average linear kinetic energy   = 2.955241987e-19
    Average rotational energy       = 3.037247654e-20
    Average vibrational energy      = 5.110987102e-21
    Average electronic energy       = 0
    Total energy                    = 31.75328038

Stage 1.0  ExecutionTime = 1349.93 s  ClockTime = 1395 s  Iteration 7110 (0.24 s)

Time = 0.002848

    Collision global reduction skipped (rank 0 local diagnostics)
    Collisions                      = 1795
    Collision candidates           = 3531
    Collision acceptance rate      = 0.5083545738

    Number of DSMC particles        = 9593690
    Number of stuck particles       = 0
    Number of free particles        = 9593690
    Average linear kinetic energy   = 2.955376768e-19
    Average rotational energy       = 3.036473848e-20
    Average vibrational energy      = 5.109540832e-21
    Average electronic energy       = 0
    Total energy                    = 31.75626093

Stage 1.0  ExecutionTime = 1351.98 s  ClockTime = 1397 s  Iteration 7120 (0.24 s)

Time = 0.002852

    Collision global reduction skipped (rank 0 local diagnostics)
    Collisions                      = 101
    Collision candidates           = 232
    Collision acceptance rate      = 0.4353448276

    Number of DSMC particles        = 9594002
    Number of stuck particles       = 0
    Number of free particles        = 9594002
    Average linear kinetic energy   = 2.954492981e-19
    Average rotational energy       = 3.038891631e-20
    Average vibrational energy      = 5.114096151e-21
    Average electronic energy       = 0
    Total energy                    = 31.7515713

Stage 1.0  ExecutionTime = 1354.04 s  ClockTime = 1399 s  Iteration 7130 (0.24 s)

Time = 0.002856

    Collision global reduction skipped (rank 0 local diagnostics)
    Collisions                      = 1053
    Collision candidates           = 2251
    Collision acceptance rate      = 0.4677920924

    Number of DSMC particles        = 9594492
    Number of stuck particles       = 0
    Number of free particles        = 9594492
    Average linear kinetic energy   = 2.954749831e-19
    Average rotational energy       = 3.037676716e-20
    Average vibrational energy      = 5.115571126e-21
    Average electronic energy       = 0
    Total energy                    = 31.75463317

Stage 1.0  ExecutionTime = 1356.09 s  ClockTime = 1401 s  Iteration 7140 (0.24 s)

Time = 0.00286

    Collision global reduction skipped (rank 0 local diagnostics)
    Collisions                      = 1738
    Collision candidates           = 3563
    Collision acceptance rate      = 0.4877911872

    Number of DSMC particles        = 9594903
    Number of stuck particles       = 0
    Number of free particles        = 9594903
    Average linear kinetic energy   = 2.954593933e-19
    Average rotational energy       = 3.041163579e-20
    Average vibrational energy      = 5.118738165e-21
    Average electronic energy       = 0
    Total energy                    = 31.75814711

Stage 1.0  ExecutionTime = 1358.15 s  ClockTime = 1404 s  Iteration 7150 (0.24 s)

Time = 0.002864

    Collision global reduction skipped (rank 0 local diagnostics)
    Collisions                      = 2102
    Collision candidates           = 4170
    Collision acceptance rate      = 0.5040767386

    Number of DSMC particles        = 9596235
    Number of stuck particles       = 0
    Number of free particles        = 9596235
    Average linear kinetic energy   = 2.954450071e-19
    Average rotational energy       = 3.04103129e-20
    Average vibrational energy      = 5.117943308e-21
    Average electronic energy       = 0
    Total energy                    = 31.76097214

Stage 1.0  ExecutionTime = 1360.2 s  ClockTime = 1406 s  Iteration 7160 (0.24 s)

Time = 0.002868

    Collision global reduction skipped (rank 0 local diagnostics)
    Collisions                      = 3870
    Collision candidates           = 7032
    Collision acceptance rate      = 0.5503412969

    Number of DSMC particles        = 9597635
    Number of stuck particles       = 0
    Number of free particles        = 9597635
    Average linear kinetic energy   = 2.955207493e-19
    Average rotational energy       = 3.040004615e-20
    Average vibrational energy      = 5.113861065e-21
    Average electronic energy       = 0
    Total energy                    = 31.77149806

Stage 1.0  ExecutionTime = 1362.26 s  ClockTime = 1408 s  Iteration 7170 (0.24 s)

Time = 0.002872

    Collision global reduction skipped (rank 0 local diagnostics)
    Collisions                      = 565
    Collision candidates           = 1238
    Collision acceptance rate      = 0.4563812601

    Number of DSMC particles        = 9598067
    Number of stuck particles       = 0
    Number of free particles        = 9598067
    Average linear kinetic energy   = 2.955569864e-19
    Average rotational energy       = 3.039271295e-20
    Average vibrational energy      = 5.109521454e-21
    Average electronic energy       = 0
    Total energy                    = 31.77528582

Stage 1.0  ExecutionTime = 1364.31 s  ClockTime = 1410 s  Iteration 7180 (0.24 s)

Time = 0.002876

    Collision global reduction skipped (rank 0 local diagnostics)
    Collisions                      = 511
    Collision candidates           = 1077
    Collision acceptance rate      = 0.4744661096

    Number of DSMC particles        = 9599031
    Number of stuck particles       = 0
    Number of free particles        = 9599031
    Average linear kinetic energy   = 2.954921461e-19
    Average rotational energy       = 3.038398892e-20
    Average vibrational energy      = 5.108993477e-21
    Average electronic energy       = 0
    Total energy                    = 31.77136509

Stage 1.0  ExecutionTime = 1366.38 s  ClockTime = 1412 s  Iteration 7190 (0.25 s)

Time = 0.00288

    Collision global reduction skipped (rank 0 local diagnostics)
    Collisions                      = 1095
    Collision candidates           = 2106
    Collision acceptance rate      = 0.5199430199

    Number of DSMC particles        = 9599443
    Number of stuck particles       = 0
    Number of free particles        = 9599443
    Average linear kinetic energy   = 2.955038167e-19
    Average rotational energy       = 3.038777834e-20
    Average vibrational energy      = 5.108947858e-21
    Average electronic energy       = 0
    Total energy                    = 31.77420845

Stage 1.0  ExecutionTime = 1368.45 s  ClockTime = 1414 s  Iteration 7200 (0.24 s)

Time = 0.002884

    Collision global reduction skipped (rank 0 local diagnostics)
    Collisions                      = 60
    Collision candidates           = 158
    Collision acceptance rate      = 0.3797468354

    Number of DSMC particles        = 9601051
    Number of stuck particles       = 0
    Number of free particles        = 9601051
    Average linear kinetic energy   = 2.955433645e-19
    Average rotational energy       = 3.036745572e-20
    Average vibrational energy      = 5.104735677e-21
    Average electronic energy       = 0
    Total energy                    = 31.78097234

Stage 1.0  ExecutionTime = 1370.51 s  ClockTime = 1416 s  Iteration 7210 (0.24 s)

Time = 0.002888

    Collision global reduction skipped (rank 0 local diagnostics)
    Collisions                      = 1553
    Collision candidates           = 3102
    Collision acceptance rate      = 0.5006447453

    Number of DSMC particles        = 9602570
    Number of stuck particles       = 0
    Number of free particles        = 9602570
    Average linear kinetic energy   = 2.956234287e-19
    Average rotational energy       = 3.036714119e-20
    Average vibrational energy      = 5.101092934e-21
    Average electronic energy       = 0
    Total energy                    = 31.79330868

Stage 1.0  ExecutionTime = 1372.57 s  ClockTime = 1418 s  Iteration 7220 (0.24 s)

Time = 0.002892

    Collision global reduction skipped (rank 0 local diagnostics)
    Collisions                      = 1045
    Collision candidates           = 2136
    Collision acceptance rate      = 0.4892322097

    Number of DSMC particles        = 9604224
    Number of stuck particles       = 0
    Number of free particles        = 9604224
    Average linear kinetic energy   = 2.956908755e-19
    Average rotational energy       = 3.034180897e-20
    Average vibrational energy      = 5.096927861e-21
    Average electronic energy       = 0
    Total energy                    = 31.8024297

Stage 1.0  ExecutionTime = 1374.64 s  ClockTime = 1420 s  Iteration 7230 (0.24 s)

Time = 0.002896

    Collision global reduction skipped (rank 0 local diagnostics)
    Collisions                      = 892
    Collision candidates           = 1957
    Collision acceptance rate      = 0.4557996934

    Number of DSMC particles        = 9605171
    Number of stuck particles       = 0
    Number of free particles        = 9605171
    Average linear kinetic energy   = 2.956979367e-19
    Average rotational energy       = 3.034972324e-20
    Average vibrational energy      = 5.098946757e-21
    Average electronic energy       = 0
    Total energy                    = 31.80719783

Stage 1.0  ExecutionTime = 1376.71 s  ClockTime = 1422 s  Iteration 7240 (0.24 s)

Time = 0.0029

    Collision global reduction skipped (rank 0 local diagnostics)
    Collisions                      = 1474
    Collision candidates           = 2953
    Collision acceptance rate      = 0.4991534033

    Number of DSMC particles        = 9606456
    Number of stuck particles       = 0
    Number of free particles        = 9606456
    Average linear kinetic energy   = 2.957385438e-19
    Average rotational energy       = 3.035626856e-20
    Average vibrational energy      = 5.101522758e-21
    Average electronic energy       = 0
    Total energy                    = 31.81623021

Stage 1.0  ExecutionTime = 1378.79 s  ClockTime = 1424 s  Iteration 7250 (0.24 s)

Time = 0.002904

    Collision global reduction skipped (rank 0 local diagnostics)
    Collisions                      = 2606
    Collision candidates           = 4839
    Collision acceptance rate      = 0.5385410209

    Number of DSMC particles        = 9607353
    Number of stuck particles       = 0
    Number of free particles        = 9607353
    Average linear kinetic energy   = 2.956121102e-19
    Average rotational energy       = 3.033761141e-20
    Average vibrational energy      = 5.097895237e-21
    Average electronic energy       = 0
    Total energy                    = 31.80491315

Stage 1.0  ExecutionTime = 1380.86 s  ClockTime = 1426 s  Iteration 7260 (0.25 s)

Time = 0.002908

    Collision global reduction skipped (rank 0 local diagnostics)
    Collisions                      = 1292
    Collision candidates           = 2661
    Collision acceptance rate      = 0.485531755

    Number of DSMC particles        = 9608682
    Number of stuck particles       = 0
    Number of free particles        = 9608682
    Average linear kinetic energy   = 2.955726317e-19
    Average rotational energy       = 3.031444669e-20
    Average vibrational energy      = 5.093207289e-21
    Average electronic energy       = 0
    Total energy                    = 31.80284313

Stage 1.0  ExecutionTime = 1382.92 s  ClockTime = 1428 s  Iteration 7270 (0.24 s)

Time = 0.002912

    Collision global reduction skipped (rank 0 local diagnostics)
    Collisions                      = 1381
    Collision candidates           = 2780
    Collision acceptance rate      = 0.4967625899

    Number of DSMC particles        = 9610220
    Number of stuck particles       = 0
    Number of free particles        = 9610220
    Average linear kinetic energy   = 2.955677503e-19
    Average rotational energy       = 3.028970489e-20
    Average vibrational energy      = 5.086431635e-21
    Average electronic energy       = 0
    Total energy                    = 31.8044356

Stage 1.0  ExecutionTime = 1385 s  ClockTime = 1431 s  Iteration 7280 (0.24 s)

Time = 0.002916

    Collision global reduction skipped (rank 0 local diagnostics)
    Collisions                      = 1511
    Collision candidates           = 3120
    Collision acceptance rate      = 0.4842948718

    Number of DSMC particles        = 9611360
    Number of stuck particles       = 0
    Number of free particles        = 9611360
    Average linear kinetic energy   = 2.955097502e-19
    Average rotational energy       = 3.030676975e-20
    Average vibrational energy      = 5.088920031e-21
    Average electronic energy       = 0
    Total energy                    = 31.8045131

Stage 1.0  ExecutionTime = 1387.08 s  ClockTime = 1433 s  Iteration 7290 (0.24 s)

Time = 0.00292

    Collision global reduction skipped (rank 0 local diagnostics)
    Collisions                      = 1427
    Collision candidates           = 2799
    Collision acceptance rate      = 0.5098249375

    Number of DSMC particles        = 9613265
    Number of stuck particles       = 0
    Number of free particles        = 9613265
    Average linear kinetic energy   = 2.955841264e-19
    Average rotational energy       = 3.029962861e-20
    Average vibrational energy      = 5.087161439e-21
    Average electronic energy       = 0
    Total energy                    = 31.81711127

Stage 1.0  ExecutionTime = 1389.17 s  ClockTime = 1435 s  Iteration 7300 (0.25 s)

Time = 0.002924

    Collision global reduction skipped (rank 0 local diagnostics)
    Collisions                      = 1866
    Collision candidates           = 3691
    Collision acceptance rate      = 0.5055540504

    Number of DSMC particles        = 9615174
    Number of stuck particles       = 0
    Number of free particles        = 9615174
    Average linear kinetic energy   = 2.955646291e-19
    Average rotational energy       = 3.025549511e-20
    Average vibrational energy      = 5.081538266e-21
    Average electronic energy       = 0
    Total energy                    = 31.81677062

Stage 1.0  ExecutionTime = 1391.25 s  ClockTime = 1437 s  Iteration 7310 (0.25 s)

Time = 0.002928

    Collision global reduction skipped (rank 0 local diagnostics)
    Collisions                      = 1473
    Collision candidates           = 3034
    Collision acceptance rate      = 0.4854976928

    Number of DSMC particles        = 9616729
    Number of stuck particles       = 0
    Number of free particles        = 9616729
    Average linear kinetic energy   = 2.954018008e-19
    Average rotational energy       = 3.026290411e-20
    Average vibrational energy      = 5.081082345e-21
    Average electronic energy       = 0
    Total energy                    = 31.80692604

Stage 1.0  ExecutionTime = 1393.32 s  ClockTime = 1439 s  Iteration 7320 (0.24 s)

Time = 0.002932

    Collision global reduction skipped (rank 0 local diagnostics)
    Collisions                      = 1966
    Collision candidates           = 3889
    Collision acceptance rate      = 0.5055284135

    Number of DSMC particles        = 9618681
    Number of stuck particles       = 0
    Number of free particles        = 9618681
    Average linear kinetic energy   = 2.952596069e-19
    Average rotational energy       = 3.028829626e-20
    Average vibrational energy      = 5.081771873e-21
    Average electronic energy       = 0
    Total energy                    = 31.80221373

Stage 1.0  ExecutionTime = 1395.41 s  ClockTime = 1441 s  Iteration 7330 (0.24 s)

Time = 0.002936

    Collision global reduction skipped (rank 0 local diagnostics)
    Collisions                      = 2532
    Collision candidates           = 4889
    Collision acceptance rate      = 0.5178973205

    Number of DSMC particles        = 9620622
    Number of stuck particles       = 0
    Number of free particles        = 9620622
    Average linear kinetic energy   = 2.952466607e-19
    Average rotational energy       = 3.033928527e-20
    Average vibrational energy      = 5.089236764e-21
    Average electronic energy       = 0
    Total energy                    = 31.81300938

Stage 1.0  ExecutionTime = 1397.49 s  ClockTime = 1443 s  Iteration 7340 (0.24 s)

Time = 0.00294

    Collision global reduction skipped (rank 0 local diagnostics)
    Collisions                      = 929
    Collision candidates           = 2019
    Collision acceptance rate      = 0.4601287766

    Number of DSMC particles        = 9621754
    Number of stuck particles       = 0
    Number of free particles        = 9621754
    Average linear kinetic energy   = 2.951955212e-19
    Average rotational energy       = 3.035558155e-20
    Average vibrational energy      = 5.089889677e-21
    Average electronic energy       = 0
    Total energy                    = 31.81346292

Stage 1.0  ExecutionTime = 1399.57 s  ClockTime = 1445 s  Iteration 7350 (0.25 s)

Time = 0.002944

    Collision global reduction skipped (rank 0 local diagnostics)
    Collisions                      = 1671
    Collision candidates           = 3418
    Collision acceptance rate      = 0.4888823874

    Number of DSMC particles        = 9623070
    Number of stuck particles       = 0
    Number of free particles        = 9623070
    Average linear kinetic energy   = 2.950336403e-19
    Average rotational energy       = 3.035203793e-20
    Average vibrational energy      = 5.09242967e-21
    Average electronic energy       = 0
    Total energy                    = 31.80213966

Stage 1.0  ExecutionTime = 1401.68 s  ClockTime = 1447 s  Iteration 7360 (0.26 s)

Time = 0.002948

    Collision global reduction skipped (rank 0 local diagnostics)
    Collisions                      = 986
    Collision candidates           = 2090
    Collision acceptance rate      = 0.4717703349

    Number of DSMC particles        = 9624645
    Number of stuck particles       = 0
    Number of free particles        = 9624645
    Average linear kinetic energy   = 2.949668039e-19
    Average rotational energy       = 3.036047848e-20
    Average vibrational energy      = 5.095299203e-21
    Average electronic energy       = 0
    Total energy                    = 31.80200048

Stage 1.0  ExecutionTime = 1403.76 s  ClockTime = 1449 s  Iteration 7370 (0.25 s)

Time = 0.002952

    Collision global reduction skipped (rank 0 local diagnostics)
    Collisions                      = 1599
    Collision candidates           = 3178
    Collision acceptance rate      = 0.5031466331

    Number of DSMC particles        = 9625938
    Number of stuck particles       = 0
    Number of free particles        = 9625938
    Average linear kinetic energy   = 2.950333157e-19
    Average rotational energy       = 3.034692616e-20
    Average vibrational energy      = 5.091476442e-21
    Average electronic energy       = 0
    Total energy                    = 31.81100271

Stage 1.0  ExecutionTime = 1405.85 s  ClockTime = 1452 s  Iteration 7380 (0.25 s)

Time = 0.002956

    Collision global reduction skipped (rank 0 local diagnostics)
    Collisions                      = 2429
    Collision candidates           = 4620
    Collision acceptance rate      = 0.5257575758

    Number of DSMC particles        = 9627857
    Number of stuck particles       = 0
    Number of free particles        = 9627857
    Average linear kinetic energy   = 2.949547236e-19
    Average rotational energy       = 3.037726688e-20
    Average vibrational energy      = 5.093585775e-21
    Average electronic energy       = 0
    Total energy                    = 31.81290197

Stage 1.0  ExecutionTime = 1407.95 s  ClockTime = 1454 s  Iteration 7390 (0.25 s)

Time = 0.00296

    Collision global reduction skipped (rank 0 local diagnostics)
    Collisions                      = 2321
    Collision candidates           = 4452
    Collision acceptance rate      = 0.5213387242

    Number of DSMC particles        = 9629210
    Number of stuck particles       = 0
    Number of free particles        = 9629210
    Average linear kinetic energy   = 2.949377742e-19
    Average rotational energy       = 3.037153276e-20
    Average vibrational energy      = 5.091906949e-21
    Average electronic energy       = 0
    Total energy                    = 31.81502673

Stage 1.0  ExecutionTime = 1410.04 s  ClockTime = 1456 s  Iteration 7400 (0.24 s)

Time = 0.002964

    Collision global reduction skipped (rank 0 local diagnostics)
    Collisions                      = 2262
    Collision candidates           = 4353
    Collision acceptance rate      = 0.5196416265

    Number of DSMC particles        = 9631376
    Number of stuck particles       = 0
    Number of free particles        = 9631376
    Average linear kinetic energy   = 2.949809368e-19
    Average rotational energy       = 3.033682811e-20
    Average vibrational energy      = 5.083875321e-21
    Average electronic energy       = 0
    Total energy                    = 31.82222428

Stage 1.0  ExecutionTime = 1412.14 s  ClockTime = 1458 s  Iteration 7410 (0.25 s)

Time = 0.002968

    Collision global reduction skipped (rank 0 local diagnostics)
    Collisions                      = 1816
    Collision candidates           = 3535
    Collision acceptance rate      = 0.5137199434

    Number of DSMC particles        = 9633324
    Number of stuck particles       = 0
    Number of free particles        = 9633324
    Average linear kinetic energy   = 2.949823414e-19
    Average rotational energy       = 3.03036795e-20
    Average vibrational energy      = 5.078067332e-21
    Average electronic energy       = 0
    Total energy                    = 31.825043

Stage 1.0  ExecutionTime = 1414.23 s  ClockTime = 1460 s  Iteration 7420 (0.25 s)

Time = 0.002972

    Collision global reduction skipped (rank 0 local diagnostics)
    Collisions                      = 3647
    Collision candidates           = 6536
    Collision acceptance rate      = 0.5579865361

    Number of DSMC particles        = 9635019
    Number of stuck particles       = 0
    Number of free particles        = 9635019
    Average linear kinetic energy   = 2.949208071e-19
    Average rotational energy       = 3.032039679e-20
    Average vibrational energy      = 5.078532835e-21
    Average electronic energy       = 0
    Total energy                    = 31.8263694

Stage 1.0  ExecutionTime = 1416.31 s  ClockTime = 1462 s  Iteration 7430 (0.24 s)

Time = 0.002976

    Collision global reduction skipped (rank 0 local diagnostics)
    Collisions                      = 3085
    Collision candidates           = 5674
    Collision acceptance rate      = 0.5437081424

    Number of DSMC particles        = 9636730
    Number of stuck particles       = 0
    Number of free particles        = 9636730
    Average linear kinetic energy   = 2.949203002e-19
    Average rotational energy       = 3.032103055e-20
    Average vibrational energy      = 5.077615903e-21
    Average electronic energy       = 0
    Total energy                    = 31.83194503

Stage 1.0  ExecutionTime = 1418.41 s  ClockTime = 1464 s  Iteration 7440 (0.24 s)

Time = 0.00298

    Collision global reduction skipped (rank 0 local diagnostics)
    Collisions                      = 1800
    Collision candidates           = 3548
    Collision acceptance rate      = 0.5073280722

    Number of DSMC particles        = 9638817
    Number of stuck particles       = 0
    Number of free particles        = 9638817
    Average linear kinetic energy   = 2.948752907e-19
    Average rotational energy       = 3.030958852e-20
    Average vibrational energy      = 5.079753707e-21
    Average electronic energy       = 0
    Total energy                    = 31.83360358

Stage 1.0  ExecutionTime = 1420.5 s  ClockTime = 1466 s  Iteration 7450 (0.24 s)

Time = 0.002984

    Collision global reduction skipped (rank 0 local diagnostics)
    Collisions                      = 1790
    Collision candidates           = 3525
    Collision acceptance rate      = 0.5078014184

    Number of DSMC particles        = 9640143
    Number of stuck particles       = 0
    Number of free particles        = 9640143
    Average linear kinetic energy   = 2.947763643e-19
    Average rotational energy       = 3.030247043e-20
    Average vibrational energy      = 5.076319081e-21
    Average electronic energy       = 0
    Total energy                    = 31.82742895

Stage 1.0  ExecutionTime = 1422.61 s  ClockTime = 1468 s  Iteration 7460 (0.26 s)

Time = 0.002988

    Collision global reduction skipped (rank 0 local diagnostics)
    Collisions                      = 855
    Collision candidates           = 1814
    Collision acceptance rate      = 0.4713340684

    Number of DSMC particles        = 9641032
    Number of stuck particles       = 0
    Number of free particles        = 9641032
    Average linear kinetic energy   = 2.947028103e-19
    Average rotational energy       = 3.033693963e-20
    Average vibrational energy      = 5.078366718e-21
    Average electronic energy       = 0
    Total energy                    = 31.82679327

Stage 1.0  ExecutionTime = 1424.7 s  ClockTime = 1470 s  Iteration 7470 (0.25 s)

Time = 0.002992

    Collision global reduction skipped (rank 0 local diagnostics)
    Collisions                      = 1738
    Collision candidates           = 3411
    Collision acceptance rate      = 0.5095279977

    Number of DSMC particles        = 9641765
    Number of stuck particles       = 0
    Number of free particles        = 9641765
    Average linear kinetic energy   = 2.946407302e-19
    Average rotational energy       = 3.030473073e-20
    Average vibrational energy      = 5.073816298e-21
    Average electronic energy       = 0
    Total energy                    = 31.81968316

Stage 1.0  ExecutionTime = 1426.79 s  ClockTime = 1473 s  Iteration 7480 (0.25 s)

Time = 0.002996

    Collision global reduction skipped (rank 0 local diagnostics)
    Collisions                      = 747
    Collision candidates           = 1586
    Collision acceptance rate      = 0.4709962169

    Number of DSMC particles        = 9642780
    Number of stuck particles       = 0
    Number of free particles        = 9642780
    Average linear kinetic energy   = 2.945896642e-19
    Average rotational energy       = 3.030725611e-20
    Average vibrational energy      = 5.074272609e-21
    Average electronic energy       = 0
    Total energy                    = 31.8183962

Stage 1.0  ExecutionTime = 1428.89 s  ClockTime = 1475 s  Iteration 7490 (0.25 s)

Time = 0.003

    Collision global reduction skipped (rank 0 local diagnostics)
    Collisions                      = 2184
    Collision candidates           = 4243
    Collision acceptance rate      = 0.5147301438

    Number of DSMC particles        = 9644603
    Number of stuck particles       = 0
    Number of free particles        = 9644603
    Average linear kinetic energy   = 2.945694325e-19
    Average rotational energy       = 3.028295549e-20
    Average vibrational energy      = 5.071286344e-21
    Average electronic energy       = 0
    Total energy                    = 31.81982859
Replicated mesh: wrote gathered cloud on rank0 at output time 0.003 with 9644603 parcels
Written cellOwner field at output time 0.003
Replicated mesh output timing:
    gather parcels [s]       = 1.59
    rank0 write [s]           = 23.79
    migrate-back [s]          = 1.34


Stage 1.0  ExecutionTime = 1459.65 s  ClockTime = 1506 s  Iteration 7500 (28.92 s)

    Maximum imbalance = 32.73064739%

Time = 0.003004

    Collision global reduction skipped (rank 0 local diagnostics)
    Collisions                      = 1905
    Collision candidates           = 3718
    Collision acceptance rate      = 0.5123722431

    Number of DSMC particles        = 9646519
    Number of stuck particles       = 0
    Number of free particles        = 9646519
    Average linear kinetic energy   = 2.945676288e-19
    Average rotational energy       = 3.026359463e-20
    Average vibrational energy      = 5.070764291e-21
    Average electronic energy       = 0
    Total energy                    = 31.82405793

Stage 1.0  ExecutionTime = 1461.49 s  ClockTime = 1508 s  Iteration 7510 (0.2 s)

Time = 0.003008

    Collision global reduction skipped (rank 0 local diagnostics)
    Collisions                      = 2194
    Collision candidates           = 4172
    Collision acceptance rate      = 0.5258868648

    Number of DSMC particles        = 9648321
    Number of stuck particles       = 0
    Number of free particles        = 9648321
    Average linear kinetic energy   = 2.945008571e-19
    Average rotational energy       = 3.024660055e-20
    Average vibrational energy      = 5.066169865e-21
    Average electronic energy       = 0
    Total energy                    = 31.82147748

Stage 1.0  ExecutionTime = 1463.34 s  ClockTime = 1509 s  Iteration 7520 (0.2 s)

Time = 0.003012

    Collision global reduction skipped (rank 0 local diagnostics)
    Collisions                      = 1900
    Collision candidates           = 3747
    Collision acceptance rate      = 0.5070723245

    Number of DSMC particles        = 9650073
    Number of stuck particles       = 0
    Number of free particles        = 9650073
    Average linear kinetic energy   = 2.943422331e-19
    Average rotational energy       = 3.025683619e-20
    Average vibrational energy      = 5.069178097e-21
    Average electronic energy       = 0
    Total energy                    = 31.81322653

Stage 1.0  ExecutionTime = 1465.16 s  ClockTime = 1511 s  Iteration 7530 (0.2 s)

Time = 0.003016

    Collision global reduction skipped (rank 0 local diagnostics)
    Collisions                      = 1924
    Collision candidates           = 3832
    Collision acceptance rate      = 0.5020876827

    Number of DSMC particles        = 9651188
    Number of stuck particles       = 0
    Number of free particles        = 9651188
    Average linear kinetic energy   = 2.942732917e-19
    Average rotational energy       = 3.028962973e-20
    Average vibrational energy      = 5.07426679e-21
    Average electronic energy       = 0
    Total energy                    = 31.81390475

Stage 1.0  ExecutionTime = 1466.99 s  ClockTime = 1513 s  Iteration 7540 (0.19 s)

Time = 0.00302

    Collision global reduction skipped (rank 0 local diagnostics)
    Collisions                      = 1843
    Collision candidates           = 3612
    Collision acceptance rate      = 0.5102436323


Phase C auto DLB triggered (SAR+threshold) at step 7550: sar=1.275963488 loadImbalance=5.177049213e+15 threshold=1.5 particleMaxMin=1
Phase C ParMETIS weights: particles=9652187 activeCells=104151 maxCellParticles=291
Phase C ParMETIS: alpha=1 ncon=1 ubvec=[1.05] moveRatio=0.9623639139 (moveT=612.7424695s, collT=23.96310588s)
Phase C ParMETIS: AdaptiveRepart (104151 cells, 1 constraints, ubvec=1.05)
Replicated mesh: rank 0 owns 2585 / 104151 cells
Local mesh: 2585 owned + 142 halo = 2727 / 104151 cells
Phase C ParMETIS AdaptiveRepart: 70387 / 104151 cells changed (0.6758168429)
Phase C auto DLB complete: rebalance #79

    Number of DSMC particles        = 9652187
    Number of stuck particles       = 0
    Number of free particles        = 9652187
    Average linear kinetic energy   = 2.942373397e-19
    Average rotational energy       = 3.026781122e-20
    Average vibrational energy      = 5.070832321e-21
    Average electronic energy       = 0
    Total energy                    = 31.81129021

Stage 1.0  ExecutionTime = 1468.98 s  ClockTime = 1515 s  Iteration 7550 (0.35 s)

Time = 0.003024

    Collision global reduction skipped (rank 0 local diagnostics)
    Collisions                      = 2571
    Collision candidates           = 4864
    Collision acceptance rate      = 0.5285773026

    Number of DSMC particles        = 9653847
    Number of stuck particles       = 0
    Number of free particles        = 9653847
    Average linear kinetic energy   = 2.941587834e-19
    Average rotational energy       = 3.037932844e-20
    Average vibrational energy      = 5.08546156e-21
    Average electronic energy       = 0
    Total energy                    = 31.82135545

Stage 1.0  ExecutionTime = 1470.9 s  ClockTime = 1517 s  Iteration 7560 (0.21 s)

Time = 0.003028

    Collision global reduction skipped (rank 0 local diagnostics)
    Collisions                      = 2800
    Collision candidates           = 5346
    Collision acceptance rate      = 0.5237560793

    Number of DSMC particles        = 9655612
    Number of stuck particles       = 0
    Number of free particles        = 9655612
    Average linear kinetic energy   = 2.943145916e-19
    Average rotational energy       = 3.041912601e-20
    Average vibrational energy      = 5.095126394e-21
    Average electronic energy       = 0
    Total energy                    = 31.84699344

Stage 1.0  ExecutionTime = 1472.87 s  ClockTime = 1519 s  Iteration 7570 (0.21 s)

Time = 0.003032

    Collision global reduction skipped (rank 0 local diagnostics)
    Collisions                      = 1443
    Collision candidates           = 2947
    Collision acceptance rate      = 0.489650492

    Number of DSMC particles        = 9657606
    Number of stuck particles       = 0
    Number of free particles        = 9657606
    Average linear kinetic energy   = 2.943590328e-19
    Average rotational energy       = 3.04649886e-20
    Average vibrational energy      = 5.106536919e-21
    Average electronic energy       = 0
    Total energy                    = 31.8633934

Stage 1.0  ExecutionTime = 1474.82 s  ClockTime = 1521 s  Iteration 7580 (0.21 s)

Time = 0.003036

    Collision global reduction skipped (rank 0 local diagnostics)
    Collisions                      = 27
    Collision candidates           = 64
    Collision acceptance rate      = 0.421875

    Number of DSMC particles        = 9659569
    Number of stuck particles       = 0
    Number of free particles        = 9659569
    Average linear kinetic energy   = 2.944033241e-19
    Average rotational energy       = 3.048168514e-20
    Average vibrational energy      = 5.113364549e-21
    Average electronic energy       = 0
    Total energy                    = 31.87642061

Stage 1.0  ExecutionTime = 1476.77 s  ClockTime = 1523 s  Iteration 7590 (0.21 s)

Time = 0.00304

    Collision global reduction skipped (rank 0 local diagnostics)
    Collisions                      = 1407
    Collision candidates           = 2879
    Collision acceptance rate      = 0.4887113581


Phase C auto DLB triggered (threshold) at step 7600: sar=0 loadImbalance=1.94327084 threshold=1.5 particleMaxMin=1
Phase C ParMETIS weights: particles=9662137 activeCells=104151 maxCellParticles=298
Phase C ParMETIS: alpha=1 ncon=1 ubvec=[1.05] moveRatio=0.9624760214 (moveT=618.0118495s, collT=24.09438042s)
Phase C ParMETIS: AdaptiveRepart (104151 cells, 1 constraints, ubvec=1.05)
Replicated mesh: rank 0 owns 2578 / 104151 cells
Local mesh: 2578 owned + 142 halo = 2720 / 104151 cells
Phase C ParMETIS AdaptiveRepart: 9959 / 104151 cells changed (0.09562078137)
Phase C auto DLB complete: rebalance #80

    Number of DSMC particles        = 9662137
    Number of stuck particles       = 0
    Number of free particles        = 9662137
    Average linear kinetic energy   = 2.942896335e-19
    Average rotational energy       = 3.055628558e-20
    Average vibrational energy      = 5.129437883e-21
    Average electronic energy       = 0
    Total energy                    = 31.88267105

Stage 1.0  ExecutionTime = 1478.84 s  ClockTime = 1525 s  Iteration 7600 (0.32 s)

Time = 0.003044

    Collision global reduction skipped (rank 0 local diagnostics)
    Collisions                      = 531
    Collision candidates           = 1084
    Collision acceptance rate      = 0.4898523985

    Number of DSMC particles        = 9664412
    Number of stuck particles       = 0
    Number of free particles        = 9664412
    Average linear kinetic energy   = 2.943766776e-19
    Average rotational energy       = 3.053669445e-20
    Average vibrational energy      = 5.131883158e-21
    Average electronic energy       = 0
    Total energy                    = 31.89693325

Stage 1.0  ExecutionTime = 1480.79 s  ClockTime = 1527 s  Iteration 7610 (0.21 s)

Time = 0.003048

    Collision global reduction skipped (rank 0 local diagnostics)
    Collisions                      = 1800
    Collision candidates           = 3609
    Collision acceptance rate      = 0.4987531172

    Number of DSMC particles        = 9666715
    Number of stuck particles       = 0
    Number of free particles        = 9666715
    Average linear kinetic energy   = 2.946130319e-19
    Average rotational energy       = 3.053776908e-20
    Average vibrational energy      = 5.135339189e-21
    Average electronic energy       = 0
    Total energy                    = 31.92781985

Stage 1.0  ExecutionTime = 1482.75 s  ClockTime = 1529 s  Iteration 7620 (0.21 s)

Time = 0.003052

    Collision global reduction skipped (rank 0 local diagnostics)
    Collisions                      = 3565
    Collision candidates           = 6680
    Collision acceptance rate      = 0.5336826347

    Number of DSMC particles        = 9668400
    Number of stuck particles       = 0
    Number of free particles        = 9668400
    Average linear kinetic energy   = 2.946980173e-19
    Average rotational energy       = 3.049291906e-20
    Average vibrational energy      = 5.133339684e-21
    Average electronic energy       = 0
    Total energy                    = 31.9370723

Stage 1.0  ExecutionTime = 1484.72 s  ClockTime = 1531 s  Iteration 7630 (0.21 s)

Time = 0.003056

    Collision global reduction skipped (rank 0 local diagnostics)
    Collisions                      = 1296
    Collision candidates           = 2612
    Collision acceptance rate      = 0.4961715161

    Number of DSMC particles        = 9669975
    Number of stuck particles       = 0
    Number of free particles        = 9669975
    Average linear kinetic energy   = 2.947090434e-19
    Average rotational energy       = 3.045670007e-20
    Average vibrational energy      = 5.13207008e-21
    Average electronic energy       = 0
    Total energy                    = 31.93971599

Stage 1.0  ExecutionTime = 1486.71 s  ClockTime = 1533 s  Iteration 7640 (0.22 s)

Time = 0.00306

    Collision global reduction skipped (rank 0 local diagnostics)
    Collisions                      = 595
    Collision candidates           = 1300
    Collision acceptance rate      = 0.4576923077


Phase C auto DLB triggered (threshold) at step 7650: sar=0 loadImbalance=1.737450002 threshold=1.5 particleMaxMin=1
Phase C ParMETIS weights: particles=9671990 activeCells=104151 maxCellParticles=303
Phase C ParMETIS: alpha=1 ncon=1 ubvec=[1.05] moveRatio=0.9626018302 (moveT=623.2442195s, collT=24.2137428s)
Phase C ParMETIS: AdaptiveRepart (104151 cells, 1 constraints, ubvec=1.05)
Replicated mesh: rank 0 owns 2578 / 104151 cells
Local mesh: 2578 owned + 142 halo = 2720 / 104151 cells
Phase C ParMETIS AdaptiveRepart: 20921 / 104151 cells changed (0.2008718111)
Phase C auto DLB complete: rebalance #81

    Number of DSMC particles        = 9671990
    Number of stuck particles       = 0
    Number of free particles        = 9671990
    Average linear kinetic energy   = 2.947456471e-19
    Average rotational energy       = 3.042378944e-20
    Average vibrational energy      = 5.13015946e-21
    Average electronic energy       = 0
    Total energy                    = 31.9465439

Stage 1.0  ExecutionTime = 1488.84 s  ClockTime = 1535 s  Iteration 7650 (0.34 s)

Time = 0.003064

    Collision global reduction skipped (rank 0 local diagnostics)
    Collisions                      = 1481
    Collision candidates           = 2931
    Collision acceptance rate      = 0.5052882975

    Number of DSMC particles        = 9673271
    Number of stuck particles       = 0
    Number of free particles        = 9673271
    Average linear kinetic energy   = 2.947280508e-19
    Average rotational energy       = 3.038129125e-20
    Average vibrational energy      = 5.124425642e-21
    Average electronic energy       = 0
    Total energy                    = 31.94440728

Stage 1.0  ExecutionTime = 1490.81 s  ClockTime = 1537 s  Iteration 7660 (0.21 s)

Time = 0.003068

    Collision global reduction skipped (rank 0 local diagnostics)
    Collisions                      = 1652
    Collision candidates           = 3311
    Collision acceptance rate      = 0.4989429175

    Number of DSMC particles        = 9674879
    Number of stuck particles       = 0
    Number of free particles        = 9674879
    Average linear kinetic energy   = 2.947589612e-19
    Average rotational energy       = 3.037077048e-20
    Average vibrational energy      = 5.123900289e-21
    Average electronic energy       = 0
    Total energy                    = 31.95163929

Stage 1.0  ExecutionTime = 1492.8 s  ClockTime = 1539 s  Iteration 7670 (0.22 s)

Time = 0.003072

    Collision global reduction skipped (rank 0 local diagnostics)
    Collisions                      = 2267
    Collision candidates           = 4347
    Collision acceptance rate      = 0.5215090867

    Number of DSMC particles        = 9676642
    Number of stuck particles       = 0
    Number of free particles        = 9676642
    Average linear kinetic energy   = 2.947349624e-19
    Average rotational energy       = 3.034427495e-20
    Average vibrational energy      = 5.123490309e-21
    Average electronic energy       = 0
    Total energy                    = 31.95253583

Stage 1.0  ExecutionTime = 1494.78 s  ClockTime = 1541 s  Iteration 7680 (0.21 s)

Time = 0.003076

    Collision global reduction skipped (rank 0 local diagnostics)
    Collisions                      = 2127
    Collision candidates           = 4072
    Collision acceptance rate      = 0.5223477407

    Number of DSMC particles        = 9677961
    Number of stuck particles       = 0
    Number of free particles        = 9677961
    Average linear kinetic energy   = 2.946873701e-19
    Average rotational energy       = 3.033929052e-20
    Average vibrational energy      = 5.122519194e-21
    Average electronic energy       = 0
    Total energy                    = 31.95170886

Stage 1.0  ExecutionTime = 1496.77 s  ClockTime = 1543 s  Iteration 7690 (0.21 s)

Time = 0.00308

    Collision global reduction skipped (rank 0 local diagnostics)
    Collisions                      = 2013
    Collision candidates           = 3869
    Collision acceptance rate      = 0.5202894805


Phase C auto DLB triggered (threshold) at step 7700: sar=0 loadImbalance=1.982827173 threshold=1.5 particleMaxMin=1
Phase C ParMETIS weights: particles=9679935 activeCells=104151 maxCellParticles=297
Phase C ParMETIS: alpha=1 ncon=1 ubvec=[1.05] moveRatio=0.9627061098 (moveT=628.456043s, collT=24.34550944s)
Phase C ParMETIS: AdaptiveRepart (104151 cells, 1 constraints, ubvec=1.05)
Replicated mesh: rank 0 owns 2615 / 104151 cells
Local mesh: 2615 owned + 145 halo = 2760 / 104151 cells
Phase C ParMETIS AdaptiveRepart: 80218 / 104151 cells changed (0.7702086394)
Phase C auto DLB complete: rebalance #82

    Number of DSMC particles        = 9679935
    Number of stuck particles       = 0
    Number of free particles        = 9679935
    Average linear kinetic energy   = 2.948058879e-19
    Average rotational energy       = 3.029278591e-20
    Average vibrational energy      = 5.117483718e-21
    Average electronic energy       = 0
    Total energy                    = 31.9647094

Stage 1.0  ExecutionTime = 1498.94 s  ClockTime = 1545 s  Iteration 7700 (0.38 s)

Time = 0.003084

    Collision global reduction skipped (rank 0 local diagnostics)
    Collisions                      = 208
    Collision candidates           = 471
    Collision acceptance rate      = 0.4416135881

    Number of DSMC particles        = 9681967
    Number of stuck particles       = 0
    Number of free particles        = 9681967
    Average linear kinetic energy   = 2.947200915e-19
    Average rotational energy       = 3.034995593e-20
    Average vibrational energy      = 5.123039874e-21
    Average electronic energy       = 0
    Total energy                    = 31.96918574

Stage 1.0  ExecutionTime = 1500.92 s  ClockTime = 1547 s  Iteration 7710 (0.21 s)

Time = 0.003088

    Collision global reduction skipped (rank 0 local diagnostics)
    Collisions                      = 2122
    Collision candidates           = 4092
    Collision acceptance rate      = 0.518572825

    Number of DSMC particles        = 9683846
    Number of stuck particles       = 0
    Number of free particles        = 9683846
    Average linear kinetic energy   = 2.945981145e-19
    Average rotational energy       = 3.042150398e-20
    Average vibrational energy      = 5.135525788e-21
    Average electronic energy       = 0
    Total energy                    = 31.97171573

Stage 1.0  ExecutionTime = 1502.91 s  ClockTime = 1549 s  Iteration 7720 (0.21 s)

Time = 0.003092

    Collision global reduction skipped (rank 0 local diagnostics)
    Collisions                      = 1351
    Collision candidates           = 2701
    Collision acceptance rate      = 0.5001851166

    Number of DSMC particles        = 9685405
    Number of stuck particles       = 0
    Number of free particles        = 9685405
    Average linear kinetic energy   = 2.945678723e-19
    Average rotational energy       = 3.04465034e-20
    Average vibrational energy      = 5.140915915e-21
    Average electronic energy       = 0
    Total energy                    = 31.97687712

Stage 1.0  ExecutionTime = 1504.91 s  ClockTime = 1551 s  Iteration 7730 (0.21 s)

Time = 0.003096

    Collision global reduction skipped (rank 0 local diagnostics)
    Collisions                      = 1483
    Collision candidates           = 2983
    Collision acceptance rate      = 0.4971505196

    Number of DSMC particles        = 9686346
    Number of stuck particles       = 0
    Number of free particles        = 9686346
    Average linear kinetic energy   = 2.945180024e-19
    Average rotational energy       = 3.044585043e-20
    Average vibrational energy      = 5.144629133e-21
    Average electronic energy       = 0
    Total energy                    = 31.97544974

Stage 1.0  ExecutionTime = 1506.92 s  ClockTime = 1553 s  Iteration 7740 (0.22 s)

Time = 0.0031

    Collision global reduction skipped (rank 0 local diagnostics)
    Collisions                      = 1961
    Collision candidates           = 3812
    Collision acceptance rate      = 0.5144281217


Phase C auto DLB triggered (threshold) at step 7750: sar=0 loadImbalance=1.987459207 threshold=1.5 particleMaxMin=1
Phase C ParMETIS weights: particles=9687112 activeCells=104151 maxCellParticles=263
Phase C ParMETIS: alpha=1 ncon=1 ubvec=[1.05] moveRatio=0.9628208712 (moveT=633.7670408s, collT=24.4727832s)
Phase C ParMETIS: AdaptiveRepart (104151 cells, 1 constraints, ubvec=1.05)
Replicated mesh: rank 0 owns 2608 / 104151 cells
Local mesh: 2608 owned + 144 halo = 2752 / 104151 cells
Phase C ParMETIS AdaptiveRepart: 3851 / 104151 cells changed (0.03697516106)
Phase C auto DLB complete: rebalance #83

    Number of DSMC particles        = 9687112
    Number of stuck particles       = 0
    Number of free particles        = 9687112
    Average linear kinetic energy   = 2.944682341e-19
    Average rotational energy       = 3.045903389e-20
    Average vibrational energy      = 5.150000657e-21
    Average electronic energy       = 0
    Total energy                    = 31.9749547

Stage 1.0  ExecutionTime = 1509.01 s  ClockTime = 1555 s  Iteration 7750 (0.3 s)

Time = 0.003104

    Collision global reduction skipped (rank 0 local diagnostics)
    Collisions                      = 1792
    Collision candidates           = 3596
    Collision acceptance rate      = 0.4983314794

    Number of DSMC particles        = 9688030
    Number of stuck particles       = 0
    Number of free particles        = 9688030
    Average linear kinetic energy   = 2.944374322e-19
    Average rotational energy       = 3.046031512e-20
    Average vibrational energy      = 5.151476137e-21
    Average electronic energy       = 0
    Total energy                    = 31.97526778

Stage 1.0  ExecutionTime = 1511 s  ClockTime = 1557 s  Iteration 7760 (0.21 s)

Time = 0.003108

    Collision global reduction skipped (rank 0 local diagnostics)
    Collisions                      = 1543
    Collision candidates           = 2980
    Collision acceptance rate      = 0.5177852349

    Number of DSMC particles        = 9689917
    Number of stuck particles       = 0
    Number of free particles        = 9689917
    Average linear kinetic energy   = 2.944650608e-19
    Average rotational energy       = 3.047847364e-20
    Average vibrational energy      = 5.154340437e-21
    Average electronic energy       = 0
    Total energy                    = 31.9862101

Stage 1.0  ExecutionTime = 1513.03 s  ClockTime = 1559 s  Iteration 7770 (0.22 s)

Time = 0.003112

    Collision global reduction skipped (rank 0 local diagnostics)
    Collisions                      = 1682
    Collision candidates           = 3327
    Collision acceptance rate      = 0.5055605651

    Number of DSMC particles        = 9692337
    Number of stuck particles       = 0
    Number of free particles        = 9692337
    Average linear kinetic energy   = 2.945116756e-19
    Average rotational energy       = 3.046303377e-20
    Average vibrational energy      = 5.154854952e-21
    Average electronic energy       = 0
    Total energy                    = 31.99726991

Stage 1.0  ExecutionTime = 1515.04 s  ClockTime = 1561 s  Iteration 7780 (0.22 s)

Time = 0.003116

    Collision global reduction skipped (rank 0 local diagnostics)
    Collisions                      = 1312
    Collision candidates           = 2689
    Collision acceptance rate      = 0.4879137226

    Number of DSMC particles        = 9693801
    Number of stuck particles       = 0
    Number of free particles        = 9693801
    Average linear kinetic energy   = 2.946232632e-19
    Average rotational energy       = 3.044515763e-20
    Average vibrational energy      = 5.152857768e-21
    Average electronic energy       = 0
    Total energy                    = 32.01099361

Stage 1.0  ExecutionTime = 1517.06 s  ClockTime = 1564 s  Iteration 7790 (0.22 s)

Time = 0.00312

    Collision global reduction skipped (rank 0 local diagnostics)
    Collisions                      = 1191
    Collision candidates           = 2393
    Collision acceptance rate      = 0.4977016298


Phase C auto DLB triggered (threshold) at step 7800: sar=0 loadImbalance=1.656015482 threshold=1.5 particleMaxMin=1
Phase C ParMETIS weights: particles=9696142 activeCells=104151 maxCellParticles=280
Phase C ParMETIS: alpha=1 ncon=1 ubvec=[1.05] moveRatio=0.9629686981 (moveT=639.1150078s, collT=24.57739372s)
Phase C ParMETIS: AdaptiveRepart (104151 cells, 1 constraints, ubvec=1.05)
Replicated mesh: rank 0 owns 2646 / 104151 cells
Local mesh: 2646 owned + 102 halo = 2748 / 104151 cells
Phase C ParMETIS AdaptiveRepart: 81941 / 104151 cells changed (0.7867519275)
Phase C auto DLB complete: rebalance #84

    Number of DSMC particles        = 9696142
    Number of stuck particles       = 0
    Number of free particles        = 9696142
    Average linear kinetic energy   = 2.945552676e-19
    Average rotational energy       = 3.043415602e-20
    Average vibrational energy      = 5.150825904e-21
    Average electronic energy       = 0
    Total energy                    = 32.01086739

Stage 1.0  ExecutionTime = 1519.24 s  ClockTime = 1566 s  Iteration 7800 (0.37 s)

Time = 0.003124

    Collision global reduction skipped (rank 0 local diagnostics)
    Collisions                      = 4501
    Collision candidates           = 8049
    Collision acceptance rate      = 0.5591999006

    Number of DSMC particles        = 9698662
    Number of stuck particles       = 0
    Number of free particles        = 9698662
    Average linear kinetic energy   = 2.94556864e-19
    Average rotational energy       = 3.04629087e-20
    Average vibrational energy      = 5.153597286e-21
    Average electronic energy       = 0
    Total energy                    = 32.02239917

Stage 1.0  ExecutionTime = 1521.07 s  ClockTime = 1568 s  Iteration 7810 (0.2 s)

Time = 0.003128

    Collision global reduction skipped (rank 0 local diagnostics)
    Collisions                      = 4552
    Collision candidates           = 8191
    Collision acceptance rate      = 0.5557319009

    Number of DSMC particles        = 9700992
    Number of stuck particles       = 0
    Number of free particles        = 9700992
    Average linear kinetic energy   = 2.945944809e-19
    Average rotational energy       = 3.047761887e-20
    Average vibrational energy      = 5.15539603e-21
    Average electronic energy       = 0
    Total energy                    = 32.03534295

Stage 1.0  ExecutionTime = 1522.93 s  ClockTime = 1569 s  Iteration 7820 (0.22 s)

Time = 0.003132

    Collision global reduction skipped (rank 0 local diagnostics)
    Collisions                      = 2408
    Collision candidates           = 4533
    Collision acceptance rate      = 0.5312155306

    Number of DSMC particles        = 9702463
    Number of stuck particles       = 0
    Number of free particles        = 9702463
    Average linear kinetic energy   = 2.943363117e-19
    Average rotational energy       = 3.049609429e-20
    Average vibrational energy      = 5.158854979e-21
    Average electronic energy       = 0
    Total energy                    = 32.01728

Stage 1.0  ExecutionTime = 1524.79 s  ClockTime = 1571 s  Iteration 7830 (0.21 s)

Time = 0.003136

    Collision global reduction skipped (rank 0 local diagnostics)
    Collisions                      = 2023
    Collision candidates           = 3851
    Collision acceptance rate      = 0.5253180992

    Number of DSMC particles        = 9703920
    Number of stuck particles       = 0
    Number of free particles        = 9703920
    Average linear kinetic energy   = 2.940739048e-19
    Average rotational energy       = 3.050126208e-20
    Average vibrational energy      = 5.160972958e-21
    Average electronic energy       = 0
    Total energy                    = 31.99733122

Stage 1.0  ExecutionTime = 1526.66 s  ClockTime = 1573 s  Iteration 7840 (0.21 s)

Time = 0.00314

    Collision global reduction skipped (rank 0 local diagnostics)
    Collisions                      = 4568
    Collision candidates           = 8278
    Collision acceptance rate      = 0.5518241121


Phase C auto DLB triggered (threshold) at step 7850: sar=0 loadImbalance=1.83226651 threshold=1.5 particleMaxMin=1
Phase C ParMETIS weights: particles=9705672 activeCells=104151 maxCellParticles=259
Phase C ParMETIS: alpha=1 ncon=1 ubvec=[1.05] moveRatio=0.9627541291 (moveT=643.4694395s, collT=24.89376982s)
Phase C ParMETIS: AdaptiveRepart (104151 cells, 1 constraints, ubvec=1.05)
Replicated mesh: rank 0 owns 2670 / 104151 cells
Local mesh: 2670 owned + 104 halo = 2774 / 104151 cells
Phase C ParMETIS AdaptiveRepart: 71117 / 104151 cells changed (0.682825897)
Phase C auto DLB complete: rebalance #85

    Number of DSMC particles        = 9705672
    Number of stuck particles       = 0
    Number of free particles        = 9705672
    Average linear kinetic energy   = 2.939054123e-19
    Average rotational energy       = 3.050001475e-20
    Average vibrational energy      = 5.163851742e-21
    Average electronic energy       = 0
    Total energy                    = 31.98691321

Stage 1.0  ExecutionTime = 1528.72 s  ClockTime = 1575 s  Iteration 7850 (0.38 s)

Time = 0.003144

    Collision global reduction skipped (rank 0 local diagnostics)
    Collisions                      = 4623
    Collision candidates           = 8288
    Collision acceptance rate      = 0.5577944015

    Number of DSMC particles        = 9706745
    Number of stuck particles       = 0
    Number of free particles        = 9706745
    Average linear kinetic energy   = 2.935888961e-19
    Average rotational energy       = 3.052724392e-20
    Average vibrational energy      = 5.167516047e-21
    Average electronic energy       = 0
    Total energy                    = 31.96272482

Stage 1.0  ExecutionTime = 1530.53 s  ClockTime = 1577 s  Iteration 7860 (0.2 s)

Time = 0.003148

    Collision global reduction skipped (rank 0 local diagnostics)
    Collisions                      = 3445
    Collision candidates           = 6371
    Collision acceptance rate      = 0.5407314393

    Number of DSMC particles        = 9708310
    Number of stuck particles       = 0
    Number of free particles        = 9708310
    Average linear kinetic energy   = 2.935466654e-19
    Average rotational energy       = 3.051606308e-20
    Average vibrational energy      = 5.169602998e-21
    Average electronic energy       = 0
    Total energy                    = 31.96289536

Stage 1.0  ExecutionTime = 1532.35 s  ClockTime = 1579 s  Iteration 7870 (0.2 s)

Time = 0.003152

    Collision global reduction skipped (rank 0 local diagnostics)
    Collisions                      = 4603
    Collision candidates           = 8425
    Collision acceptance rate      = 0.5463501484

    Number of DSMC particles        = 9710469
    Number of stuck particles       = 0
    Number of free particles        = 9710469
    Average linear kinetic energy   = 2.934323705e-19
    Average rotational energy       = 3.050646107e-20
    Average vibrational energy      = 5.16693957e-21
    Average electronic energy       = 0
    Total energy                    = 31.95771388

Stage 1.0  ExecutionTime = 1534.19 s  ClockTime = 1581 s  Iteration 7880 (0.2 s)

Time = 0.003156

    Collision global reduction skipped (rank 0 local diagnostics)
    Collisions                      = 4804
    Collision candidates           = 8487
    Collision acceptance rate      = 0.5660421822

    Number of DSMC particles        = 9713428
    Number of stuck particles       = 0
    Number of free particles        = 9713428
    Average linear kinetic energy   = 2.934222927e-19
    Average rotational energy       = 3.050164667e-20
    Average vibrational energy      = 5.164824015e-21
    Average electronic energy       = 0
    Total energy                    = 31.96580008

Stage 1.0  ExecutionTime = 1536.07 s  ClockTime = 1583 s  Iteration 7890 (0.21 s)

Time = 0.00316

    Collision global reduction skipped (rank 0 local diagnostics)
    Collisions                      = 2575
    Collision candidates           = 4885
    Collision acceptance rate      = 0.5271238485


Phase C auto DLB triggered (threshold) at step 7900: sar=0 loadImbalance=1.817228809 threshold=1.5 particleMaxMin=1
Phase C ParMETIS weights: particles=9716339 activeCells=104151 maxCellParticles=240
Phase C ParMETIS: alpha=1 ncon=1 ubvec=[1.05] moveRatio=0.9626217595 (moveT=648.3408574s, collT=25.1748314s)
Phase C ParMETIS: AdaptiveRepart (104151 cells, 1 constraints, ubvec=1.05)
Replicated mesh: rank 0 owns 2673 / 104151 cells
Local mesh: 2673 owned + 104 halo = 2777 / 104151 cells
Phase C ParMETIS AdaptiveRepart: 13396 / 104151 cells changed (0.1286209446)
Phase C auto DLB complete: rebalance #86

    Number of DSMC particles        = 9716339
    Number of stuck particles       = 0
    Number of free particles        = 9716339
    Average linear kinetic energy   = 2.933453529e-19
    Average rotational energy       = 3.050558867e-20
    Average vibrational energy      = 5.163961895e-21
    Average electronic energy       = 0
    Total energy                    = 31.96820338

Stage 1.0  ExecutionTime = 1538.07 s  ClockTime = 1585 s  Iteration 7900 (0.31 s)

Time = 0.003164

    Collision global reduction skipped (rank 0 local diagnostics)
    Collisions                      = 3442
    Collision candidates           = 6257
    Collision acceptance rate      = 0.5501038837

    Number of DSMC particles        = 9720047
    Number of stuck particles       = 0
    Number of free particles        = 9720047
    Average linear kinetic energy   = 2.933092244e-19
    Average rotational energy       = 3.047676859e-20
    Average vibrational energy      = 5.160736504e-21
    Average electronic energy       = 0
    Total energy                    = 31.97377671

Stage 1.0  ExecutionTime = 1539.98 s  ClockTime = 1587 s  Iteration 7910 (0.2 s)

Time = 0.003168

    Collision global reduction skipped (rank 0 local diagnostics)
    Collisions                      = 2026
    Collision candidates           = 3793
    Collision acceptance rate      = 0.5341418402

    Number of DSMC particles        = 9724113
    Number of stuck particles       = 0
    Number of free particles        = 9724113
    Average linear kinetic energy   = 2.933197714e-19
    Average rotational energy       = 3.042927547e-20
    Average vibrational energy      = 5.153272858e-21
    Average electronic energy       = 0
    Total energy                    = 31.98283323

Stage 1.0  ExecutionTime = 1541.9 s  ClockTime = 1588 s  Iteration 7920 (0.2 s)

Time = 0.003172

    Collision global reduction skipped (rank 0 local diagnostics)
    Collisions                      = 4699
    Collision candidates           = 8496
    Collision acceptance rate      = 0.5530838041

    Number of DSMC particles        = 9728297
    Number of stuck particles       = 0
    Number of free particles        = 9728297
    Average linear kinetic energy   = 2.933953932e-19
    Average rotational energy       = 3.040645072e-20
    Average vibrational energy      = 5.147790577e-21
    Average electronic energy       = 0
    Total energy                    = 32.00119742

Stage 1.0  ExecutionTime = 1543.83 s  ClockTime = 1590 s  Iteration 7930 (0.2 s)

Time = 0.003176

    Collision global reduction skipped (rank 0 local diagnostics)
    Collisions                      = 4715
    Collision candidates           = 8479
    Collision acceptance rate      = 0.5560797264

    Number of DSMC particles        = 9732166
    Number of stuck particles       = 0
    Number of free particles        = 9732166
    Average linear kinetic energy   = 2.93267116e-19
    Average rotational energy       = 3.04332834e-20
    Average vibrational energy      = 5.153481259e-21
    Average electronic energy       = 0
    Total energy                    = 32.00460556

Stage 1.0  ExecutionTime = 1545.77 s  ClockTime = 1592 s  Iteration 7940 (0.21 s)

Time = 0.00318

    Collision global reduction skipped (rank 0 local diagnostics)
    Collisions                      = 1562
    Collision candidates           = 2943
    Collision acceptance rate      = 0.5307509344


Phase C auto DLB triggered (threshold) at step 7950: sar=0 loadImbalance=1.930848098 threshold=1.5 particleMaxMin=1
Phase C ParMETIS weights: particles=9735791 activeCells=104151 maxCellParticles=236
Phase C ParMETIS: alpha=1 ncon=1 ubvec=[1.05] moveRatio=0.9624764952 (moveT=653.4170412s, collT=25.47438568s)
Phase C ParMETIS: AdaptiveRepart (104151 cells, 1 constraints, ubvec=1.05)
Replicated mesh: rank 0 owns 2660 / 104151 cells
Local mesh: 2660 owned + 115 halo = 2775 / 104151 cells
Phase C ParMETIS AdaptiveRepart: 76294 / 104151 cells changed (0.7325325729)
Phase C auto DLB complete: rebalance #87

    Number of DSMC particles        = 9735791
    Number of stuck particles       = 0
    Number of free particles        = 9735791
    Average linear kinetic energy   = 2.932215553e-19
    Average rotational energy       = 3.042002534e-20
    Average vibrational energy      = 5.14873385e-21
    Average electronic energy       = 0
    Total energy                    = 32.01033785

Stage 1.0  ExecutionTime = 1547.9 s  ClockTime = 1595 s  Iteration 7950 (0.38 s)

Time = 0.003184

    Collision global reduction skipped (rank 0 local diagnostics)
    Collisions                      = 2289
    Collision candidates           = 4260
    Collision acceptance rate      = 0.5373239437

    Number of DSMC particles        = 9738649
    Number of stuck particles       = 0
    Number of free particles        = 9738649
    Average linear kinetic energy   = 2.930787787e-19
    Average rotational energy       = 3.044166357e-20
    Average vibrational energy      = 5.147621844e-21
    Average electronic energy       = 0
    Total energy                    = 32.00782913

Stage 1.0  ExecutionTime = 1549.85 s  ClockTime = 1596 s  Iteration 7960 (0.21 s)

Time = 0.003188

    Collision global reduction skipped (rank 0 local diagnostics)
    Collisions                      = 2549
    Collision candidates           = 4724
    Collision acceptance rate      = 0.5395850974

    Number of DSMC particles        = 9741611
    Number of stuck particles       = 0
    Number of free particles        = 9741611
    Average linear kinetic energy   = 2.930537811e-19
    Average rotational energy       = 3.043644718e-20
    Average vibrational energy      = 5.145325862e-21
    Average electronic energy       = 0
    Total energy                    = 32.01439729

Stage 1.0  ExecutionTime = 1551.81 s  ClockTime = 1598 s  Iteration 7970 (0.21 s)

Time = 0.003192

    Collision global reduction skipped (rank 0 local diagnostics)
    Collisions                      = 2970
    Collision candidates           = 5429
    Collision acceptance rate      = 0.547062074

    Number of DSMC particles        = 9744862
    Number of stuck particles       = 0
    Number of free particles        = 9744862
    Average linear kinetic energy   = 2.929085426e-19
    Average rotational energy       = 3.046176984e-20
    Average vibrational energy      = 5.147412948e-21
    Average electronic energy       = 0
    Total energy                    = 32.01359898

Stage 1.0  ExecutionTime = 1553.8 s  ClockTime = 1600 s  Iteration 7980 (0.21 s)

Time = 0.003196

    Collision global reduction skipped (rank 0 local diagnostics)
    Collisions                      = 1555
    Collision candidates           = 2867
    Collision acceptance rate      = 0.5423787932

    Number of DSMC particles        = 9748453
    Number of stuck particles       = 0
    Number of free particles        = 9748453
    Average linear kinetic energy   = 2.929041005e-19
    Average rotational energy       = 3.041070743e-20
    Average vibrational energy      = 5.139216157e-21
    Average electronic energy       = 0
    Total energy                    = 32.01918617

Stage 1.0  ExecutionTime = 1555.8 s  ClockTime = 1602 s  Iteration 7990 (0.22 s)

Time = 0.0032

    Collision global reduction skipped (rank 0 local diagnostics)
    Collisions                      = 1012
    Collision candidates           = 1942
    Collision acceptance rate      = 0.5211122554


Phase C auto DLB triggered (threshold) at step 8000: sar=0 loadImbalance=1.892793055 threshold=1.5 particleMaxMin=1
Phase C ParMETIS weights: particles=9750834 activeCells=104151 maxCellParticles=234
Phase C ParMETIS: alpha=1 ncon=1 ubvec=[1.05] moveRatio=0.9623663637 (moveT=658.4770804s, collT=25.74995123s)
Phase C ParMETIS: AdaptiveRepart (104151 cells, 1 constraints, ubvec=1.05)
Replicated mesh: rank 0 owns 2574 / 104151 cells
Local mesh: 2574 owned + 103 halo = 2677 / 104151 cells
Phase C ParMETIS AdaptiveRepart: 84945 / 104151 cells changed (0.8155946654)
Phase C auto DLB complete: rebalance #88

    Number of DSMC particles        = 9750834
    Number of stuck particles       = 0
    Number of free particles        = 9750834
    Average linear kinetic energy   = 2.927726594e-19
    Average rotational energy       = 3.040018003e-20
    Average vibrational energy      = 5.135216455e-21
    Average electronic energy       = 0
    Total energy                    = 32.01277354

Stage 1.0  ExecutionTime = 1557.95 s  ClockTime = 1605 s  Iteration 8000 (0.37 s)

Time = 0.003204

    Collision global reduction skipped (rank 0 local diagnostics)
    Collisions                      = 2714
    Collision candidates           = 4864
    Collision acceptance rate      = 0.5579769737

    Number of DSMC particles        = 9752694
    Number of stuck particles       = 0
    Number of free particles        = 9752694
    Average linear kinetic energy   = 2.924836731e-19
    Average rotational energy       = 3.04713821e-20
    Average vibrational energy      = 5.142224262e-21
    Average electronic energy       = 0
    Total energy                    = 31.99832369

Stage 1.0  ExecutionTime = 1559.84 s  ClockTime = 1607 s  Iteration 8010 (0.21 s)

Time = 0.003208

    Collision global reduction skipped (rank 0 local diagnostics)
    Collisions                      = 4849
    Collision candidates           = 8655
    Collision acceptance rate      = 0.5602541883

    Number of DSMC particles        = 9754474
    Number of stuck particles       = 0
    Number of free particles        = 9754474
    Average linear kinetic energy   = 2.924051565e-19
    Average rotational energy       = 3.047425931e-20
    Average vibrational energy      = 5.14517757e-21
    Average electronic energy       = 0
    Total energy                    = 31.99707367

Stage 1.0  ExecutionTime = 1561.73 s  ClockTime = 1608 s  Iteration 8020 (0.2 s)

Time = 0.003212

    Collision global reduction skipped (rank 0 local diagnostics)
    Collisions                      = 2789
    Collision candidates           = 5140
    Collision acceptance rate      = 0.5426070039

    Number of DSMC particles        = 9756446
    Number of stuck particles       = 0
    Number of free particles        = 9756446
    Average linear kinetic energy   = 2.922531996e-19
    Average rotational energy       = 3.048704961e-20
    Average vibrational energy      = 5.14961264e-21
    Average electronic energy       = 0
    Total energy                    = 31.99039731

Stage 1.0  ExecutionTime = 1563.64 s  ClockTime = 1610 s  Iteration 8030 (0.2 s)

Time = 0.003216

    Collision global reduction skipped (rank 0 local diagnostics)
    Collisions                      = 4870
    Collision candidates           = 8628
    Collision acceptance rate      = 0.5644413537

    Number of DSMC particles        = 9758014
    Number of stuck particles       = 0
    Number of free particles        = 9758014
    Average linear kinetic energy   = 2.923225442e-19
    Average rotational energy       = 3.042880592e-20
    Average vibrational energy      = 5.143278992e-21
    Average electronic energy       = 0
    Total energy                    = 31.99600381

Stage 1.0  ExecutionTime = 1565.56 s  ClockTime = 1612 s  Iteration 8040 (0.2 s)

Time = 0.00322

    Collision global reduction skipped (rank 0 local diagnostics)
    Collisions                      = 4042
    Collision candidates           = 7362
    Collision acceptance rate      = 0.5490355882


Phase C auto DLB triggered (threshold) at step 8050: sar=0 loadImbalance=1.877044332 threshold=1.5 particleMaxMin=1
Phase C ParMETIS weights: particles=9760365 activeCells=104151 maxCellParticles=244
Phase C ParMETIS: alpha=1 ncon=1 ubvec=[1.05] moveRatio=0.9622920751 (moveT=663.5397487s, collT=26.00115669s)
Phase C ParMETIS: AdaptiveRepart (104151 cells, 1 constraints, ubvec=1.05)
Replicated mesh: rank 0 owns 2574 / 104151 cells
Local mesh: 2574 owned + 103 halo = 2677 / 104151 cells
Phase C ParMETIS AdaptiveRepart: 155 / 104151 cells changed (0.001488223829)
Phase C auto DLB complete: rebalance #89

    Number of DSMC particles        = 9760365
    Number of stuck particles       = 0
    Number of free particles        = 9760365
    Average linear kinetic energy   = 2.923937775e-19
    Average rotational energy       = 3.04403633e-20
    Average vibrational energy      = 5.140684735e-21
    Average electronic energy       = 0
    Total energy                    = 32.01154008

Stage 1.0  ExecutionTime = 1567.53 s  ClockTime = 1614 s  Iteration 8050 (0.26 s)

Time = 0.003224

    Collision global reduction skipped (rank 0 local diagnostics)
    Collisions                      = 743
    Collision candidates           = 1432
    Collision acceptance rate      = 0.5188547486

    Number of DSMC particles        = 9761644
    Number of stuck particles       = 0
    Number of free particles        = 9761644
    Average linear kinetic energy   = 2.923359899e-19
    Average rotational energy       = 3.043060396e-20
    Average vibrational energy      = 5.141245031e-21
    Average electronic energy       = 0
    Total energy                    = 32.00919588

Stage 1.0  ExecutionTime = 1569.45 s  ClockTime = 1616 s  Iteration 8060 (0.2 s)

Time = 0.003228

    Collision global reduction skipped (rank 0 local diagnostics)
    Collisions                      = 1791
    Collision candidates           = 3317
    Collision acceptance rate      = 0.5399457341

    Number of DSMC particles        = 9762926
    Number of stuck particles       = 0
    Number of free particles        = 9762926
    Average linear kinetic energy   = 2.923331555e-19
    Average rotational energy       = 3.042558672e-20
    Average vibrational energy      = 5.139813624e-21
    Average electronic energy       = 0
    Total energy                    = 32.01249336

Stage 1.0  ExecutionTime = 1571.38 s  ClockTime = 1618 s  Iteration 8070 (0.2 s)

Time = 0.003232

    Collision global reduction skipped (rank 0 local diagnostics)
    Collisions                      = 4675
    Collision candidates           = 8524
    Collision acceptance rate      = 0.5484514313

    Number of DSMC particles        = 9764763
    Number of stuck particles       = 0
    Number of free particles        = 9764763
    Average linear kinetic energy   = 2.92399143e-19
    Average rotational energy       = 3.039188441e-20
    Average vibrational energy      = 5.135403136e-21
    Average electronic energy       = 0
    Total energy                    = 32.02123876

Stage 1.0  ExecutionTime = 1573.33 s  ClockTime = 1620 s  Iteration 8080 (0.22 s)

Time = 0.003236

    Collision global reduction skipped (rank 0 local diagnostics)
    Collisions                      = 1156
    Collision candidates           = 2068
    Collision acceptance rate      = 0.5589941973

    Number of DSMC particles        = 9766932
    Number of stuck particles       = 0
    Number of free particles        = 9766932
    Average linear kinetic energy   = 2.924250278e-19
    Average rotational energy       = 3.034039012e-20
    Average vibrational energy      = 5.127275441e-21
    Average electronic energy       = 0
    Total energy                    = 32.0250564

Stage 1.0  ExecutionTime = 1575.31 s  ClockTime = 1622 s  Iteration 8090 (0.21 s)

Time = 0.00324

    Collision global reduction skipped (rank 0 local diagnostics)
    Collisions                      = 4361
    Collision candidates           = 7928
    Collision acceptance rate      = 0.5500756811


Phase C auto DLB triggered (threshold) at step 8100: sar=0 loadImbalance=1.678960156 threshold=1.5 particleMaxMin=1
Phase C ParMETIS weights: particles=9768817 activeCells=104151 maxCellParticles=261
Phase C ParMETIS: alpha=1 ncon=1 ubvec=[1.05] moveRatio=0.9621862953 (moveT=668.6124876s, collT=26.27632019s)
Phase C ParMETIS: AdaptiveRepart (104151 cells, 1 constraints, ubvec=1.05)
Replicated mesh: rank 0 owns 1722 / 104151 cells
Local mesh: 1722 owned + 162 halo = 1884 / 104151 cells
Phase C ParMETIS AdaptiveRepart: 81633 / 104151 cells changed (0.7837946827)
Phase C auto DLB complete: rebalance #90

    Number of DSMC particles        = 9768817
    Number of stuck particles       = 0
    Number of free particles        = 9768817
    Average linear kinetic energy   = 2.923978874e-19
    Average rotational energy       = 3.029495487e-20
    Average vibrational energy      = 5.124022462e-21
    Average electronic energy       = 0
    Total energy                    = 32.02382961

Stage 1.0  ExecutionTime = 1577.43 s  ClockTime = 1624 s  Iteration 8100 (0.36 s)

Time = 0.003244

    Collision global reduction skipped (rank 0 local diagnostics)
    Collisions                      = 16
    Collision candidates           = 29
    Collision acceptance rate      = 0.5517241379

    Number of DSMC particles        = 9771087
    Number of stuck particles       = 0
    Number of free particles        = 9771087
    Average linear kinetic energy   = 2.924083788e-19
    Average rotational energy       = 3.030950755e-20
    Average vibrational energy      = 5.124927947e-21
    Average electronic energy       = 0
    Total energy                    = 32.03380661

Stage 1.0  ExecutionTime = 1579.2 s  ClockTime = 1626 s  Iteration 8110 (0.21 s)

Time = 0.003248

    Collision global reduction skipped (rank 0 local diagnostics)
    Collisions                      = 16
    Collision candidates           = 23
    Collision acceptance rate      = 0.6956521739

    Number of DSMC particles        = 9773496
    Number of stuck particles       = 0
    Number of free particles        = 9773496
    Average linear kinetic energy   = 2.922969476e-19
    Average rotational energy       = 3.032833102e-20
    Average vibrational energy      = 5.126336597e-21
    Average electronic energy       = 0
    Total energy                    = 32.032791

Stage 1.0  ExecutionTime = 1581 s  ClockTime = 1628 s  Iteration 8120 (0.21 s)

Time = 0.003252

    Collision global reduction skipped (rank 0 local diagnostics)
    Collisions                      = 17
    Collision candidates           = 26
    Collision acceptance rate      = 0.6538461538

    Number of DSMC particles        = 9774341
    Number of stuck particles       = 0
    Number of free particles        = 9774341
    Average linear kinetic energy   = 2.922541558e-19
    Average rotational energy       = 3.030490734e-20
    Average vibrational energy      = 5.121336828e-21
    Average electronic energy       = 0
    Total energy                    = 32.02859968

Stage 1.0  ExecutionTime = 1582.8 s  ClockTime = 1630 s  Iteration 8130 (0.21 s)

Time = 0.003256

    Collision global reduction skipped (rank 0 local diagnostics)
    Collisions                      = 15
    Collision candidates           = 22
    Collision acceptance rate      = 0.6818181818

    Number of DSMC particles        = 9775576
    Number of stuck particles       = 0
    Number of free particles        = 9775576
    Average linear kinetic energy   = 2.921288054e-19
    Average rotational energy       = 3.031363157e-20
    Average vibrational energy      = 5.121356618e-21
    Average electronic energy       = 0
    Total energy                    = 32.02124759

Stage 1.0  ExecutionTime = 1584.61 s  ClockTime = 1631 s  Iteration 8140 (0.2 s)

Time = 0.00326

    Collision global reduction skipped (rank 0 local diagnostics)
    Collisions                      = 23
    Collision candidates           = 38
    Collision acceptance rate      = 0.6052631579


Phase C auto DLB triggered (threshold) at step 8150: sar=0 loadImbalance=1.780037922 threshold=1.5 particleMaxMin=1
Phase C ParMETIS weights: particles=9777224 activeCells=104150 maxCellParticles=251
Phase C ParMETIS: alpha=1 ncon=1 ubvec=[1.05] moveRatio=0.9623317349 (moveT=671.7159677s, collT=26.2927785s)
Phase C ParMETIS: AdaptiveRepart (104151 cells, 1 constraints, ubvec=1.05)
Replicated mesh: rank 0 owns 1726 / 104151 cells
Local mesh: 1726 owned + 163 halo = 1889 / 104151 cells
Phase C ParMETIS AdaptiveRepart: 188 / 104151 cells changed (0.001805071483)
Phase C auto DLB complete: rebalance #91

    Number of DSMC particles        = 9777224
    Number of stuck particles       = 0
    Number of free particles        = 9777224
    Average linear kinetic energy   = 2.918893475e-19
    Average rotational energy       = 3.033234953e-20
    Average vibrational energy      = 5.121717912e-21
    Average electronic energy       = 0
    Total energy                    = 32.00509893

Stage 1.0  ExecutionTime = 1586.5 s  ClockTime = 1633 s  Iteration 8150 (0.27 s)

Time = 0.003264

    Collision global reduction skipped (rank 0 local diagnostics)
    Collisions                      = 33
    Collision candidates           = 48
    Collision acceptance rate      = 0.6875

    Number of DSMC particles        = 9778720
    Number of stuck particles       = 0
    Number of free particles        = 9778720
    Average linear kinetic energy   = 2.916391986e-19
    Average rotational energy       = 3.035121656e-20
    Average vibrational energy      = 5.123399523e-21
    Average electronic energy       = 0
    Total energy                    = 31.98754402

Stage 1.0  ExecutionTime = 1588.35 s  ClockTime = 1635 s  Iteration 8160 (0.22 s)

Time = 0.003268

    Collision global reduction skipped (rank 0 local diagnostics)
    Collisions                      = 24
    Collision candidates           = 53
    Collision acceptance rate      = 0.4528301887

    Number of DSMC particles        = 9780723
    Number of stuck particles       = 0
    Number of free particles        = 9780723
    Average linear kinetic energy   = 2.91629669e-19
    Average rotational energy       = 3.034666188e-20
    Average vibrational energy      = 5.122626908e-21
    Average electronic energy       = 0
    Total energy                    = 31.992643

Stage 1.0  ExecutionTime = 1590.19 s  ClockTime = 1637 s  Iteration 8170 (0.21 s)

Time = 0.003272

    Collision global reduction skipped (rank 0 local diagnostics)
    Collisions                      = 13
    Collision candidates           = 26
    Collision acceptance rate      = 0.5

    Number of DSMC particles        = 9783426
    Number of stuck particles       = 0
    Number of free particles        = 9783426
    Average linear kinetic energy   = 2.915655618e-19
    Average rotational energy       = 3.037740005e-20
    Average vibrational energy      = 5.128739685e-21
    Average electronic energy       = 0
    Total energy                    = 31.99881789

Stage 1.0  ExecutionTime = 1592.04 s  ClockTime = 1639 s  Iteration 8180 (0.21 s)

Time = 0.003276

    Collision global reduction skipped (rank 0 local diagnostics)
    Collisions                      = 9
    Collision candidates           = 14
    Collision acceptance rate      = 0.6428571429

    Number of DSMC particles        = 9786074
    Number of stuck particles       = 0
    Number of free particles        = 9786074
    Average linear kinetic energy   = 2.915386316e-19
    Average rotational energy       = 3.035210861e-20
    Average vibrational energy      = 5.124052028e-21
    Average electronic energy       = 0
    Total energy                    = 32.00190956

Stage 1.0  ExecutionTime = 1593.92 s  ClockTime = 1641 s  Iteration 8190 (0.22 s)

Time = 0.00328

    Collision global reduction skipped (rank 0 local diagnostics)
    Collisions                      = 8
    Collision candidates           = 16
    Collision acceptance rate      = 0.5

    Number of DSMC particles        = 9789477
    Number of stuck particles       = 0
    Number of free particles        = 9789477
    Average linear kinetic energy   = 2.915683969e-19
    Average rotational energy       = 3.0396409e-20
    Average vibrational energy      = 5.128917579e-21
    Average electronic energy       = 0
    Total energy                    = 32.02076483

Stage 1.0  ExecutionTime = 1595.8 s  ClockTime = 1643 s  Iteration 8200 (0.22 s)

Time = 0.003284

    Collision global reduction skipped (rank 0 local diagnostics)
    Collisions                      = 5
    Collision candidates           = 5
    Collision acceptance rate      = 1

    Number of DSMC particles        = 9793319
    Number of stuck particles       = 0
    Number of free particles        = 9793319
    Average linear kinetic energy   = 2.914786148e-19
    Average rotational energy       = 3.039990557e-20
    Average vibrational energy      = 5.129437923e-21
    Average electronic energy       = 0
    Total energy                    = 32.02493251

Stage 1.0  ExecutionTime = 1597.68 s  ClockTime = 1645 s  Iteration 8210 (0.22 s)

Time = 0.003288

    Collision global reduction skipped (rank 0 local diagnostics)
    Collisions                      = 14
    Collision candidates           = 23
    Collision acceptance rate      = 0.6086956522

    Number of DSMC particles        = 9797201
    Number of stuck particles       = 0
    Number of free particles        = 9797201
    Average linear kinetic energy   = 2.914090128e-19
    Average rotational energy       = 3.041660784e-20
    Average vibrational energy      = 5.131871919e-21
    Average electronic energy       = 0
    Total energy                    = 32.03268274

Stage 1.0  ExecutionTime = 1599.59 s  ClockTime = 1647 s  Iteration 8220 (0.22 s)

Time = 0.003292

    Collision global reduction skipped (rank 0 local diagnostics)
    Collisions                      = 33
    Collision candidates           = 54
    Collision acceptance rate      = 0.6111111111

    Number of DSMC particles        = 9801048
    Number of stuck particles       = 0
    Number of free particles        = 9801048
    Average linear kinetic energy   = 2.913661874e-19
    Average rotational energy       = 3.039244161e-20
    Average vibrational energy      = 5.125326123e-21
    Average electronic energy       = 0
    Total energy                    = 32.03805334

Stage 1.0  ExecutionTime = 1601.51 s  ClockTime = 1648 s  Iteration 8230 (0.22 s)

Time = 0.003296

    Collision global reduction skipped (rank 0 local diagnostics)
    Collisions                      = 20
    Collision candidates           = 35
    Collision acceptance rate      = 0.5714285714

    Number of DSMC particles        = 9805096
    Number of stuck particles       = 0
    Number of free particles        = 9805096
    Average linear kinetic energy   = 2.913486183e-19
    Average rotational energy       = 3.038692306e-20
    Average vibrational energy      = 5.124148628e-21
    Average electronic energy       = 0
    Total energy                    = 32.04890639

Stage 1.0  ExecutionTime = 1603.45 s  ClockTime = 1650 s  Iteration 8240 (0.22 s)

Time = 0.0033

    Collision global reduction skipped (rank 0 local diagnostics)
    Collisions                      = 8
    Collision candidates           = 15
    Collision acceptance rate      = 0.5333333333

    Number of DSMC particles        = 9808229
    Number of stuck particles       = 0
    Number of free particles        = 9808229
    Average linear kinetic energy   = 2.91284304e-19
    Average rotational energy       = 3.036997336e-20
    Average vibrational energy      = 5.1233062e-21
    Average electronic energy       = 0
    Total energy                    = 32.05109372

Stage 1.0  ExecutionTime = 1605.42 s  ClockTime = 1652 s  Iteration 8250 (0.23 s)

Time = 0.003304

    Collision global reduction skipped (rank 0 local diagnostics)
    Collisions                      = 8
    Collision candidates           = 16
    Collision acceptance rate      = 0.5

    Number of DSMC particles        = 9811363
    Number of stuck particles       = 0
    Number of free particles        = 9811363
    Average linear kinetic energy   = 2.913004252e-19
    Average rotational energy       = 3.033628762e-20
    Average vibrational energy      = 5.117797587e-21
    Average electronic energy       = 0
    Total energy                    = 32.05907113

Stage 1.0  ExecutionTime = 1607.39 s  ClockTime = 1654 s  Iteration 8260 (0.22 s)

Time = 0.003308

    Collision global reduction skipped (rank 0 local diagnostics)
    Collisions                      = 41
    Collision candidates           = 63
    Collision acceptance rate      = 0.6507936508

    Number of DSMC particles        = 9813794
    Number of stuck particles       = 0
    Number of free particles        = 9813794
    Average linear kinetic energy   = 2.91327416e-19
    Average rotational energy       = 3.033032831e-20
    Average vibrational energy      = 5.117258071e-21
    Average electronic energy       = 0
    Total energy                    = 32.06902558

Stage 1.0  ExecutionTime = 1609.39 s  ClockTime = 1656 s  Iteration 8270 (0.22 s)

Time = 0.003312

    Collision global reduction skipped (rank 0 local diagnostics)
    Collisions                      = 25
    Collision candidates           = 42
    Collision acceptance rate      = 0.5952380952

    Number of DSMC particles        = 9816367
    Number of stuck particles       = 0
    Number of free particles        = 9816367
    Average linear kinetic energy   = 2.912539344e-19
    Average rotational energy       = 3.036087629e-20
    Average vibrational energy      = 5.120762658e-21
    Average electronic energy       = 0
    Total energy                    = 32.073563

Stage 1.0  ExecutionTime = 1611.4 s  ClockTime = 1658 s  Iteration 8280 (0.23 s)

Time = 0.003316

    Collision global reduction skipped (rank 0 local diagnostics)
    Collisions                      = 10
    Collision candidates           = 15
    Collision acceptance rate      = 0.6666666667

    Number of DSMC particles        = 9819151
    Number of stuck particles       = 0
    Number of free particles        = 9819151
    Average linear kinetic energy   = 2.91324535e-19
    Average rotational energy       = 3.035092187e-20
    Average vibrational energy      = 5.115991376e-21
    Average electronic energy       = 0
    Total energy                    = 32.08814576

Stage 1.0  ExecutionTime = 1613.41 s  ClockTime = 1660 s  Iteration 8290 (0.22 s)

Time = 0.00332

    Collision global reduction skipped (rank 0 local diagnostics)
    Collisions                      = 18
    Collision candidates           = 28
    Collision acceptance rate      = 0.6428571429

    Number of DSMC particles        = 9821563
    Number of stuck particles       = 0
    Number of free particles        = 9821563
    Average linear kinetic energy   = 2.913309357e-19
    Average rotational energy       = 3.033526276e-20
    Average vibrational energy      = 5.114771262e-21
    Average electronic energy       = 0
    Total energy                    = 32.09499881

Stage 1.0  ExecutionTime = 1615.45 s  ClockTime = 1663 s  Iteration 8300 (0.23 s)

Time = 0.003324

    Collision global reduction skipped (rank 0 local diagnostics)
    Collisions                      = 6
    Collision candidates           = 6
    Collision acceptance rate      = 1

    Number of DSMC particles        = 9824130
    Number of stuck particles       = 0
    Number of free particles        = 9824130
    Average linear kinetic energy   = 2.913923939e-19
    Average rotational energy       = 3.031538717e-20
    Average vibrational energy      = 5.109276264e-21
    Average electronic energy       = 0
    Total energy                    = 32.10693257

Stage 1.0  ExecutionTime = 1617.5 s  ClockTime = 1665 s  Iteration 8310 (0.22 s)

Time = 0.003328

    Collision global reduction skipped (rank 0 local diagnostics)
    Collisions                      = 39
    Collision candidates           = 72
    Collision acceptance rate      = 0.5416666667

    Number of DSMC particles        = 9825734
    Number of stuck particles       = 0
    Number of free particles        = 9825734
    Average linear kinetic energy   = 2.913085376e-19
    Average rotational energy       = 3.033760366e-20
    Average vibrational energy      = 5.113603511e-21
    Average electronic energy       = 0
    Total energy                    = 32.10654334

Stage 1.0  ExecutionTime = 1619.56 s  ClockTime = 1667 s  Iteration 8320 (0.23 s)

Time = 0.003332

    Collision global reduction skipped (rank 0 local diagnostics)
    Collisions                      = 4
    Collision candidates           = 7
    Collision acceptance rate      = 0.5714285714

    Number of DSMC particles        = 9826684
    Number of stuck particles       = 0
    Number of free particles        = 9826684
    Average linear kinetic energy   = 2.91382669e-19
    Average rotational energy       = 3.031741794e-20
    Average vibrational energy      = 5.107175873e-21
    Average electronic energy       = 0
    Total energy                    = 32.11431701

Stage 1.0  ExecutionTime = 1621.6 s  ClockTime = 1669 s  Iteration 8330 (0.23 s)

Time = 0.003336

    Collision global reduction skipped (rank 0 local diagnostics)
    Collisions                      = 9
    Collision candidates           = 24
    Collision acceptance rate      = 0.375

    Number of DSMC particles        = 9826804
    Number of stuck particles       = 0
    Number of free particles        = 9826804
    Average linear kinetic energy   = 2.91261664e-19
    Average rotational energy       = 3.032013991e-20
    Average vibrational energy      = 5.106862041e-21
    Average electronic energy       = 0
    Total energy                    = 32.10305489

Stage 1.0  ExecutionTime = 1623.67 s  ClockTime = 1671 s  Iteration 8340 (0.23 s)

Time = 0.00334

    Collision global reduction skipped (rank 0 local diagnostics)
    Collisions                      = 2
    Collision candidates           = 4
    Collision acceptance rate      = 0.5

    Number of DSMC particles        = 9827285
    Number of stuck particles       = 0
    Number of free particles        = 9827285
    Average linear kinetic energy   = 2.911891383e-19
    Average rotational energy       = 3.032438277e-20
    Average vibrational energy      = 5.105914185e-21
    Average electronic energy       = 0
    Total energy                    = 32.09782277

Stage 1.0  ExecutionTime = 1625.74 s  ClockTime = 1673 s  Iteration 8350 (0.23 s)

Time = 0.003344

    Collision global reduction skipped (rank 0 local diagnostics)
    Collisions                      = 6
    Collision candidates           = 14
    Collision acceptance rate      = 0.4285714286

    Number of DSMC particles        = 9828079
    Number of stuck particles       = 0
    Number of free particles        = 9828079
    Average linear kinetic energy   = 2.910801423e-19
    Average rotational energy       = 3.028016239e-20
    Average vibrational energy      = 5.099046616e-21
    Average electronic energy       = 0
    Total energy                    = 32.08468295

Stage 1.0  ExecutionTime = 1627.81 s  ClockTime = 1675 s  Iteration 8360 (0.23 s)

Time = 0.003348

    Collision global reduction skipped (rank 0 local diagnostics)
    Collisions                      = 30
    Collision candidates           = 52
    Collision acceptance rate      = 0.5769230769

    Number of DSMC particles        = 9829080
    Number of stuck particles       = 0
    Number of free particles        = 9829080
    Average linear kinetic energy   = 2.909814446e-19
    Average rotational energy       = 3.027403967e-20
    Average vibrational energy      = 5.098151883e-21
    Average electronic energy       = 0
    Total energy                    = 32.07755998

Stage 1.0  ExecutionTime = 1629.89 s  ClockTime = 1677 s  Iteration 8370 (0.23 s)

Time = 0.003352

    Collision global reduction skipped (rank 0 local diagnostics)
    Collisions                      = 7
    Collision candidates           = 15
    Collision acceptance rate      = 0.4666666667

    Number of DSMC particles        = 9829846
    Number of stuck particles       = 0
    Number of free particles        = 9829846
    Average linear kinetic energy   = 2.908214771e-19
    Average rotational energy       = 3.023573887e-20
    Average vibrational energy      = 5.089014984e-21
    Average electronic energy       = 0
    Total energy                    = 32.05967223

Stage 1.0  ExecutionTime = 1631.98 s  ClockTime = 1679 s  Iteration 8380 (0.22 s)

Time = 0.003356

    Collision global reduction skipped (rank 0 local diagnostics)
    Collisions                      = 14
    Collision candidates           = 21
    Collision acceptance rate      = 0.6666666667

    Number of DSMC particles        = 9831166
    Number of stuck particles       = 0
    Number of free particles        = 9831166
    Average linear kinetic energy   = 2.907127413e-19
    Average rotational energy       = 3.022094759e-20
    Average vibrational energy      = 5.084035469e-21
    Average electronic energy       = 0
    Total energy                    = 32.05134367

Stage 1.0  ExecutionTime = 1634.07 s  ClockTime = 1681 s  Iteration 8390 (0.24 s)

Time = 0.00336

    Collision global reduction skipped (rank 0 local diagnostics)
    Collisions                      = 18
    Collision candidates           = 27
    Collision acceptance rate      = 0.6666666667

    Number of DSMC particles        = 9832494
    Number of stuck particles       = 0
    Number of free particles        = 9832494
    Average linear kinetic energy   = 2.906451041e-19
    Average rotational energy       = 3.020304738e-20
    Average vibrational energy      = 5.083767223e-21
    Average electronic energy       = 0
    Total energy                    = 32.04723635

Stage 1.0  ExecutionTime = 1636.14 s  ClockTime = 1683 s  Iteration 8400 (0.23 s)

Time = 0.003364

    Collision global reduction skipped (rank 0 local diagnostics)
    Collisions                      = 26
    Collision candidates           = 47
    Collision acceptance rate      = 0.5531914894

    Number of DSMC particles        = 9834003
    Number of stuck particles       = 0
    Number of free particles        = 9834003
    Average linear kinetic energy   = 2.905147102e-19
    Average rotational energy       = 3.019947819e-20
    Average vibrational energy      = 5.082756056e-21
    Average electronic energy       = 0
    Total energy                    = 32.03888129

Stage 1.0  ExecutionTime = 1638.23 s  ClockTime = 1685 s  Iteration 8410 (0.24 s)

Time = 0.003368

    Collision global reduction skipped (rank 0 local diagnostics)
    Collisions                      = 7
    Collision candidates           = 11
    Collision acceptance rate      = 0.6363636364

    Number of DSMC particles        = 9835537
    Number of stuck particles       = 0
    Number of free particles        = 9835537
    Average linear kinetic energy   = 2.903895245e-19
    Average rotational energy       = 3.022401508e-20
    Average vibrational energy      = 5.089013192e-21
    Average electronic energy       = 0
    Total energy                    = 32.03459509

Stage 1.0  ExecutionTime = 1640.34 s  ClockTime = 1688 s  Iteration 8420 (0.23 s)

Time = 0.003372

    Collision global reduction skipped (rank 0 local diagnostics)
    Collisions                      = 17
    Collision candidates           = 42
    Collision acceptance rate      = 0.4047619048

    Number of DSMC particles        = 9836647
    Number of stuck particles       = 0
    Number of free particles        = 9836647
    Average linear kinetic energy   = 2.903485275e-19
    Average rotational energy       = 3.020399257e-20
    Average vibrational energy      = 5.084983437e-21
    Average electronic energy       = 0
    Total energy                    = 32.03181172

Stage 1.0  ExecutionTime = 1642.43 s  ClockTime = 1690 s  Iteration 8430 (0.23 s)

Time = 0.003376

    Collision global reduction skipped (rank 0 local diagnostics)
    Collisions                      = 23
    Collision candidates           = 43
    Collision acceptance rate      = 0.5348837209

    Number of DSMC particles        = 9837654
    Number of stuck particles       = 0
    Number of free particles        = 9837654
    Average linear kinetic energy   = 2.90349495e-19
    Average rotational energy       = 3.01717419e-20
    Average vibrational energy      = 5.077998353e-21
    Average electronic energy       = 0
    Total energy                    = 32.03132619

Stage 1.0  ExecutionTime = 1644.51 s  ClockTime = 1692 s  Iteration 8440 (0.23 s)

Time = 0.00338

    Collision global reduction skipped (rank 0 local diagnostics)
    Collisions                      = 6
    Collision candidates           = 13
    Collision acceptance rate      = 0.4615384615

    Number of DSMC particles        = 9838086
    Number of stuck particles       = 0
    Number of free particles        = 9838086
    Average linear kinetic energy   = 2.902385651e-19
    Average rotational energy       = 3.016143347e-20
    Average vibrational energy      = 5.073529536e-21
    Average electronic energy       = 0
    Total energy                    = 32.0203656

Stage 1.0  ExecutionTime = 1646.61 s  ClockTime = 1694 s  Iteration 8450 (0.23 s)

Time = 0.003384

    Collision global reduction skipped (rank 0 local diagnostics)
    Collisions                      = 6
    Collision candidates           = 14
    Collision acceptance rate      = 0.4285714286

    Number of DSMC particles        = 9839105
    Number of stuck particles       = 0
    Number of free particles        = 9839105
    Average linear kinetic energy   = 2.901594958e-19
    Average rotational energy       = 3.015772146e-20
    Average vibrational energy      = 5.072750472e-21
    Average electronic energy       = 0
    Total energy                    = 32.01546058

Stage 1.0  ExecutionTime = 1648.7 s  ClockTime = 1696 s  Iteration 8460 (0.23 s)

Time = 0.003388

    Collision global reduction skipped (rank 0 local diagnostics)
    Collisions                      = 4
    Collision candidates           = 6
    Collision acceptance rate      = 0.6666666667

    Number of DSMC particles        = 9841018
    Number of stuck particles       = 0
    Number of free particles        = 9841018
    Average linear kinetic energy   = 2.901294788e-19
    Average rotational energy       = 3.016425679e-20
    Average vibrational energy      = 5.074846135e-21
    Average electronic energy       = 0
    Total energy                    = 32.01958069

Stage 1.0  ExecutionTime = 1650.8 s  ClockTime = 1698 s  Iteration 8470 (0.23 s)

Time = 0.003392

    Collision global reduction skipped (rank 0 local diagnostics)
    Collisions                      = 47
    Collision candidates           = 80
    Collision acceptance rate      = 0.5875

    Number of DSMC particles        = 9842250
    Number of stuck particles       = 0
    Number of free particles        = 9842250
    Average linear kinetic energy   = 2.901246288e-19
    Average rotational energy       = 3.014551046e-20
    Average vibrational energy      = 5.072743945e-21
    Average electronic energy       = 0
    Total energy                    = 32.02105992

Stage 1.0  ExecutionTime = 1652.9 s  ClockTime = 1700 s  Iteration 8480 (0.24 s)

Time = 0.003396

    Collision global reduction skipped (rank 0 local diagnostics)
    Collisions                      = 30
    Collision candidates           = 46
    Collision acceptance rate      = 0.652173913

    Number of DSMC particles        = 9843030
    Number of stuck particles       = 0
    Number of free particles        = 9843030
    Average linear kinetic energy   = 2.900520892e-19
    Average rotational energy       = 3.012360982e-20
    Average vibrational energy      = 5.068813414e-21
    Average electronic energy       = 0
    Total energy                    = 32.01391494

Stage 1.0  ExecutionTime = 1655 s  ClockTime = 1702 s  Iteration 8490 (0.24 s)

Time = 0.0034

    Collision global reduction skipped (rank 0 local diagnostics)
    Collisions                      = 50
    Collision candidates           = 86
    Collision acceptance rate      = 0.5813953488

    Number of DSMC particles        = 9844045
    Number of stuck particles       = 0
    Number of free particles        = 9844045
    Average linear kinetic energy   = 2.899129429e-19
    Average rotational energy       = 3.016231551e-20
    Average vibrational energy      = 5.074647373e-21
    Average electronic energy       = 0
    Total energy                    = 32.00790305

Stage 1.0  ExecutionTime = 1657.1 s  ClockTime = 1704 s  Iteration 8500 (0.24 s)

Time = 0.003404

    Collision global reduction skipped (rank 0 local diagnostics)
    Collisions                      = 5
    Collision candidates           = 13
    Collision acceptance rate      = 0.3846153846

    Number of DSMC particles        = 9844796
    Number of stuck particles       = 0
    Number of free particles        = 9844796
    Average linear kinetic energy   = 2.899708113e-19
    Average rotational energy       = 3.013331244e-20
    Average vibrational energy      = 5.069096241e-21
    Average electronic energy       = 0
    Total energy                    = 32.01264015

Stage 1.0  ExecutionTime = 1659.19 s  ClockTime = 1707 s  Iteration 8510 (0.23 s)

Time = 0.003408

    Collision global reduction skipped (rank 0 local diagnostics)
    Collisions                      = 3
    Collision candidates           = 8
    Collision acceptance rate      = 0.375

    Number of DSMC particles        = 9845592
    Number of stuck particles       = 0
    Number of free particles        = 9845592
    Average linear kinetic energy   = 2.899818199e-19
    Average rotational energy       = 3.010318381e-20
    Average vibrational energy      = 5.061977379e-21
    Average electronic energy       = 0
    Total energy                    = 32.01264515

Stage 1.0  ExecutionTime = 1661.29 s  ClockTime = 1709 s  Iteration 8520 (0.23 s)

Time = 0.003412

    Collision global reduction skipped (rank 0 local diagnostics)
    Collisions                      = 20
    Collision candidates           = 28
    Collision acceptance rate      = 0.7142857143

    Number of DSMC particles        = 9846362
    Number of stuck particles       = 0
    Number of free particles        = 9846362
    Average linear kinetic energy   = 2.898495712e-19
    Average rotational energy       = 3.014485659e-20
    Average vibrational energy      = 5.062380864e-21
    Average electronic energy       = 0
    Total energy                    = 32.00627009

Stage 1.0  ExecutionTime = 1663.4 s  ClockTime = 1711 s  Iteration 8530 (0.24 s)

Time = 0.003416

    Collision global reduction skipped (rank 0 local diagnostics)
    Collisions                      = 21
    Collision candidates           = 38
    Collision acceptance rate      = 0.5526315789

    Number of DSMC particles        = 9847464
    Number of stuck particles       = 0
    Number of free particles        = 9847464
    Average linear kinetic energy   = 2.898916982e-19
    Average rotational energy       = 3.013083903e-20
    Average vibrational energy      = 5.056833874e-21
    Average electronic energy       = 0
    Total energy                    = 32.01207404

Stage 1.0  ExecutionTime = 1665.54 s  ClockTime = 1713 s  Iteration 8540 (0.23 s)

Time = 0.00342

    Collision global reduction skipped (rank 0 local diagnostics)
    Collisions                      = 17
    Collision candidates           = 28
    Collision acceptance rate      = 0.6071428571

    Number of DSMC particles        = 9849008
    Number of stuck particles       = 0
    Number of free particles        = 9849008
    Average linear kinetic energy   = 2.898494522e-19
    Average rotational energy       = 3.014739381e-20
    Average vibrational energy      = 5.058683839e-21
    Average electronic energy       = 0
    Total energy                    = 32.01474514

Stage 1.0  ExecutionTime = 1667.65 s  ClockTime = 1715 s  Iteration 8550 (0.23 s)

Time = 0.003424

    Collision global reduction skipped (rank 0 local diagnostics)
    Collisions                      = 12
    Collision candidates           = 21
    Collision acceptance rate      = 0.5714285714

    Number of DSMC particles        = 9850559
    Number of stuck particles       = 0
    Number of free particles        = 9850559
    Average linear kinetic energy   = 2.897808636e-19
    Average rotational energy       = 3.012123503e-20
    Average vibrational energy      = 5.055922259e-21
    Average electronic energy       = 0
    Total energy                    = 32.01018157

Stage 1.0  ExecutionTime = 1669.77 s  ClockTime = 1717 s  Iteration 8560 (0.24 s)

Time = 0.003428

    Collision global reduction skipped (rank 0 local diagnostics)
    Collisions                      = 4
    Collision candidates           = 7
    Collision acceptance rate      = 0.5714285714

    Number of DSMC particles        = 9852262
    Number of stuck particles       = 0
    Number of free particles        = 9852262
    Average linear kinetic energy   = 2.898436991e-19
    Average rotational energy       = 3.008505164e-20
    Average vibrational energy      = 5.049051904e-21
    Average electronic energy       = 0
    Total energy                    = 32.01766456

Stage 1.0  ExecutionTime = 1671.86 s  ClockTime = 1719 s  Iteration 8570 (0.23 s)

Time = 0.003432

    Collision global reduction skipped (rank 0 local diagnostics)
    Collisions                      = 21
    Collision candidates           = 35
    Collision acceptance rate      = 0.6

    Number of DSMC particles        = 9853784
    Number of stuck particles       = 0
    Number of free particles        = 9853784
    Average linear kinetic energy   = 2.897096666e-19
    Average rotational energy       = 3.009124886e-20
    Average vibrational energy      = 5.04932527e-21
    Average electronic energy       = 0
    Total energy                    = 32.01004104

Stage 1.0  ExecutionTime = 1673.97 s  ClockTime = 1721 s  Iteration 8580 (0.24 s)

Time = 0.003436

    Collision global reduction skipped (rank 0 local diagnostics)
    Collisions                      = 5
    Collision candidates           = 8
    Collision acceptance rate      = 0.625

    Number of DSMC particles        = 9855588
    Number of stuck particles       = 0
    Number of free particles        = 9855588
    Average linear kinetic energy   = 2.897101171e-19
    Average rotational energy       = 3.007338573e-20
    Average vibrational energy      = 5.049189312e-21
    Average electronic energy       = 0
    Total energy                    = 32.01417183

Stage 1.0  ExecutionTime = 1676.06 s  ClockTime = 1723 s  Iteration 8590 (0.23 s)

Time = 0.00344

    Collision global reduction skipped (rank 0 local diagnostics)
    Collisions                      = 4
    Collision candidates           = 8
    Collision acceptance rate      = 0.5

    Number of DSMC particles        = 9857405
    Number of stuck particles       = 0
    Number of free particles        = 9857405
    Average linear kinetic energy   = 2.897200371e-19
    Average rotational energy       = 3.006887283e-20
    Average vibrational energy      = 5.045663373e-21
    Average electronic energy       = 0
    Total energy                    = 32.02025947

Stage 1.0  ExecutionTime = 1678.18 s  ClockTime = 1726 s  Iteration 8600 (0.23 s)

Time = 0.003444

    Collision global reduction skipped (rank 0 local diagnostics)
    Collisions                      = 22
    Collision candidates           = 29
    Collision acceptance rate      = 0.7586206897

    Number of DSMC particles        = 9858803
    Number of stuck particles       = 0
    Number of free particles        = 9858803
    Average linear kinetic energy   = 2.896385398e-19
    Average rotational energy       = 3.006816412e-20
    Average vibrational energy      = 5.04391332e-21
    Average electronic energy       = 0
    Total energy                    = 32.01652359

Stage 1.0  ExecutionTime = 1680.28 s  ClockTime = 1728 s  Iteration 8610 (0.23 s)

Time = 0.003448

    Collision global reduction skipped (rank 0 local diagnostics)
    Collisions                      = 3
    Collision candidates           = 8
    Collision acceptance rate      = 0.375

    Number of DSMC particles        = 9859782
    Number of stuck particles       = 0
    Number of free particles        = 9859782
    Average linear kinetic energy   = 2.895721473e-19
    Average rotational energy       = 3.005608314e-20
    Average vibrational energy      = 5.040373e-21
    Average electronic energy       = 0
    Total energy                    = 32.01161653

Stage 1.0  ExecutionTime = 1682.37 s  ClockTime = 1730 s  Iteration 8620 (0.23 s)

Time = 0.003452

    Collision global reduction skipped (rank 0 local diagnostics)
    Collisions                      = 10
    Collision candidates           = 18
    Collision acceptance rate      = 0.5555555556

    Number of DSMC particles        = 9860350
    Number of stuck particles       = 0
    Number of free particles        = 9860350
    Average linear kinetic energy   = 2.894900568e-19
    Average rotational energy       = 3.00457102e-20
    Average vibrational energy      = 5.038936829e-21
    Average electronic energy       = 0
    Total energy                    = 32.00420181

Stage 1.0  ExecutionTime = 1684.48 s  ClockTime = 1732 s  Iteration 8630 (0.23 s)

Time = 0.003456

    Collision global reduction skipped (rank 0 local diagnostics)
    Collisions                      = 13
    Collision candidates           = 19
    Collision acceptance rate      = 0.6842105263

    Number of DSMC particles        = 9861136
    Number of stuck particles       = 0
    Number of free particles        = 9861136
    Average linear kinetic energy   = 2.895889181e-19
    Average rotational energy       = 3.0041929e-20
    Average vibrational energy      = 5.038428566e-21
    Average electronic energy       = 0
    Total energy                    = 32.01607883

Stage 1.0  ExecutionTime = 1686.59 s  ClockTime = 1734 s  Iteration 8640 (0.24 s)

Time = 0.00346

    Collision global reduction skipped (rank 0 local diagnostics)
    Collisions                      = 17
    Collision candidates           = 27
    Collision acceptance rate      = 0.6296296296

    Number of DSMC particles        = 9861504
    Number of stuck particles       = 0
    Number of free particles        = 9861504
    Average linear kinetic energy   = 2.894926525e-19
    Average rotational energy       = 3.005253284e-20
    Average vibrational energy      = 5.039958176e-21
    Average electronic energy       = 0
    Total energy                    = 32.00897691

Stage 1.0  ExecutionTime = 1688.68 s  ClockTime = 1736 s  Iteration 8650 (0.23 s)

Time = 0.003464

    Collision global reduction skipped (rank 0 local diagnostics)
    Collisions                      = 13
    Collision candidates           = 22
    Collision acceptance rate      = 0.5909090909

    Number of DSMC particles        = 9861734
    Number of stuck particles       = 0
    Number of free particles        = 9861734
    Average linear kinetic energy   = 2.893678654e-19
    Average rotational energy       = 3.006356506e-20
    Average vibrational energy      = 5.041690765e-21
    Average electronic energy       = 0
    Total energy                    = 31.99867611

Stage 1.0  ExecutionTime = 1690.79 s  ClockTime = 1738 s  Iteration 8660 (0.23 s)

Time = 0.003468

    Collision global reduction skipped (rank 0 local diagnostics)
    Collisions                      = 29
    Collision candidates           = 52
    Collision acceptance rate      = 0.5576923077

    Number of DSMC particles        = 9861712
    Number of stuck particles       = 0
    Number of free particles        = 9861712
    Average linear kinetic energy   = 2.892410334e-19
    Average rotational energy       = 3.01053637e-20
    Average vibrational energy      = 5.047617733e-21
    Average electronic energy       = 0
    Total energy                    = 31.99080349

Stage 1.0  ExecutionTime = 1692.9 s  ClockTime = 1740 s  Iteration 8670 (0.23 s)

Time = 0.003472

    Collision global reduction skipped (rank 0 local diagnostics)
    Collisions                      = 15
    Collision candidates           = 30
    Collision acceptance rate      = 0.5

    Number of DSMC particles        = 9862588
    Number of stuck particles       = 0
    Number of free particles        = 9862588
    Average linear kinetic energy   = 2.893660454e-19
    Average rotational energy       = 3.009396375e-20
    Average vibrational energy      = 5.04697635e-21
    Average electronic energy       = 0
    Total energy                    = 32.00478701

Stage 1.0  ExecutionTime = 1695 s  ClockTime = 1743 s  Iteration 8680 (0.23 s)

Time = 0.003476

    Collision global reduction skipped (rank 0 local diagnostics)
    Collisions                      = 9
    Collision candidates           = 14
    Collision acceptance rate      = 0.6428571429

    Number of DSMC particles        = 9862218
    Number of stuck particles       = 0
    Number of free particles        = 9862218
    Average linear kinetic energy   = 2.893066318e-19
    Average rotational energy       = 3.005828675e-20
    Average vibrational energy      = 5.040204556e-21
    Average electronic energy       = 0
    Total energy                    = 31.99354044

Stage 1.0  ExecutionTime = 1697.1 s  ClockTime = 1745 s  Iteration 8690 (0.24 s)

Time = 0.00348

    Collision global reduction skipped (rank 0 local diagnostics)
    Collisions                      = 25
    Collision candidates           = 35
    Collision acceptance rate      = 0.7142857143

    Number of DSMC particles        = 9862137
    Number of stuck particles       = 0
    Number of free particles        = 9862137
    Average linear kinetic energy   = 2.892741293e-19
    Average rotational energy       = 3.004176285e-20
    Average vibrational energy      = 5.034990245e-21
    Average electronic energy       = 0
    Total energy                    = 31.98792838

Stage 1.0  ExecutionTime = 1699.2 s  ClockTime = 1747 s  Iteration 8700 (0.23 s)

Time = 0.003484

    Collision global reduction skipped (rank 0 local diagnostics)
    Collisions                      = 15
    Collision candidates           = 21
    Collision acceptance rate      = 0.7142857143

    Number of DSMC particles        = 9862401
    Number of stuck particles       = 0
    Number of free particles        = 9862401
    Average linear kinetic energy   = 2.892734965e-19
    Average rotational energy       = 3.003528124e-20
    Average vibrational energy      = 5.032362835e-21
    Average electronic energy       = 0
    Total energy                    = 31.9878239

Stage 1.0  ExecutionTime = 1701.29 s  ClockTime = 1749 s  Iteration 8710 (0.23 s)

Time = 0.003488

    Collision global reduction skipped (rank 0 local diagnostics)
    Collisions                      = 47
    Collision candidates           = 81
    Collision acceptance rate      = 0.5802469136

    Number of DSMC particles        = 9863129
    Number of stuck particles       = 0
    Number of free particles        = 9863129
    Average linear kinetic energy   = 2.893386124e-19
    Average rotational energy       = 3.001349885e-20
    Average vibrational energy      = 5.030047004e-21
    Average electronic energy       = 0
    Total energy                    = 31.99423072

Stage 1.0  ExecutionTime = 1703.39 s  ClockTime = 1751 s  Iteration 8720 (0.23 s)

Time = 0.003492

    Collision global reduction skipped (rank 0 local diagnostics)
    Collisions                      = 18
    Collision candidates           = 27
    Collision acceptance rate      = 0.6666666667

    Number of DSMC particles        = 9864189
    Number of stuck particles       = 0
    Number of free particles        = 9864189
    Average linear kinetic energy   = 2.893376169e-19
    Average rotational energy       = 2.999146749e-20
    Average vibrational energy      = 5.029652518e-21
    Average electronic energy       = 0
    Total energy                    = 31.99535885

Stage 1.0  ExecutionTime = 1705.5 s  ClockTime = 1753 s  Iteration 8730 (0.23 s)

Time = 0.003496

    Collision global reduction skipped (rank 0 local diagnostics)
    Collisions                      = 9
    Collision candidates           = 17
    Collision acceptance rate      = 0.5294117647

    Number of DSMC particles        = 9864855
    Number of stuck particles       = 0
    Number of free particles        = 9864855
    Average linear kinetic energy   = 2.892536754e-19
    Average rotational energy       = 2.999459108e-20
    Average vibrational energy      = 5.029903597e-21
    Average electronic energy       = 0
    Total energy                    = 31.98957128

Stage 1.0  ExecutionTime = 1707.62 s  ClockTime = 1755 s  Iteration 8740 (0.24 s)

Time = 0.0035

    Collision global reduction skipped (rank 0 local diagnostics)
    Collisions                      = 41
    Collision candidates           = 73
    Collision acceptance rate      = 0.5616438356

    Number of DSMC particles        = 9865853
    Number of stuck particles       = 0
    Number of free particles        = 9865853
    Average linear kinetic energy   = 2.892352666e-19
    Average rotational energy       = 3.000326208e-20
    Average vibrational energy      = 5.029035266e-21
    Average electronic energy       = 0
    Total energy                    = 31.99176119
Replicated mesh: wrote gathered cloud on rank0 at output time 0.0035 with 9865853 parcels
Written cellOwner field at output time 0.0035
Replicated mesh output timing:
    gather parcels [s]       = 1.66
    rank0 write [s]           = 24.37
    migrate-back [s]          = 1.45


Stage 1.0  ExecutionTime = 1739.15 s  ClockTime = 1787 s  Iteration 8750 (29.66 s)

    Maximum imbalance = 21.77300838%

End stage 1


DSMC solver profile summary
    solver profile steps          = 8750
    move+collide wall [s]         = 1257.284898
    move only [s]                 = 724.4209031
    buildCellOccupancy [s]        = 263.0182563
    collision phase [s]           = 34.28399582
    post fields/output [s]        = 375.9201983
    total profiled [s]            = 1397.643354
    full evolve wall [s]          = 1571.151392
    move+collide cpu [s]          = 1248.09
    move only cpu [s]             = 720.54
    buildCellOccupancy cpu [s]    = 260.28
    collision phase cpu [s]       = 34.22
    post fields/output cpu [s]    = 343.52
    total profiled cpu [s]        = 1358.56
    full evolve cpu [s]           = 1529.6
    collision localLoop max [s] = 31.72434443
    collision reduce max [s]    = 0
    collision sigmaBC max [s]   = 2.66967876
    collision total max [s]     = 34.27098697
    collision accounted max [s] = 34.26331694
    collision residual max [s]  = 0.010391215
    collision subphase max sum [s] = 34.39402319
    collision cumulative global collisions = 505932518
    collision cumulative global candidates  = 1090973998
    collision cumulative acceptance        = 0.4637438829
    OpenMP enabled                = 0
    OpenMP max threads            = 1
    OpenMP move                   = 0 (static, chunk 64)
    OpenMP collision              = dynamic, chunk 8


Replicated mesh profiling summary:
    migration calls             = 973
    migration wall time [s]     = 45.24888575
    local particles (final)     = 165379
    migration wall max [s]      = 229.1493688
    migration pack max [s]      = 16.77176457
    migration local prep max [s]= 7.393520202
    migration size exchange max [s] = 205.1306708
    migration request post max [s] = 3.470205462
    migration wait max [s]      = 3.825154293
    migration deserialize max [s] = 4.341599475
    migration post max [s]      = 0.121813224
    migration candidate gather max [s] = 7.2539e-05
    migration accounted max [s] = 229.1493688
    migration residual max [s]  = 4.547473509e-13
    updateParticleCounts max [s]= 6.702071523
    migration subphase max sum [s] = 241.0548005
    particles per rank          = min 120590 max 184409 max/min 1.529222987
    rank wall time (evolve, 8750 steps): min 846.68 max 1034.62 max/min 1.221972882
    Phase C auto DLB checks      = 8750
    Phase C auto DLB rebalances = 91
    Phase C auto DLB triggered checks = 91
    Phase C auto DLB wall max [s]= 394.947822
    Phase C auto DLB check max [s]= 384.1988304
    Phase C ParMETIS max [s]     = 3.94451508
    Phase C migration max [s]    = 6.821940173
    Phase C cellOwner write max [s] = 0
    Phase C post-diagnostic max [s] = 0.01027436
    Phase C auto DLB accounted max [s] = 394.97556
    Phase C auto DLB residual max [s] = -0.027737944

Total Iterations = 8750
End main

