/*--------------------------------*- C++ -*----------------------------------*\
| =========                 |                                                 |
| \\      /  F ield         | OpenFOAM: The Open Source CFD Toolbox           |
|  \\    /   O peration     | Version:  2506                                  |
|   \\  /    A nd           | Website:  www.openfoam.com                      |
|    \\/     M anipulation  |                                                 |
\*---------------------------------------------------------------------------*/
FoamFile
{
    version     2.0;
    format      ascii;
    arch        "LSB;label=32;scalar=64";
    class       volScalarField;
    location    "0";
    object      rhoN_N2;
}
// * * * * * * * * * * * * * * * * * * * * * * * * * * * * * * * * * * * * * //

dimensions      [0 -3 0 0 0 0 0];

internalField   nonuniform List<scalar> 
60000
(
2.003793017e+21
2.002563347e+21
2.443724077e+21
1.997139098e+21
1.770381638e+21
2.209240311e+21
1.980684164e+21
2.415352999e+21
2.622059616e+21
2.396682606e+21
2.382614833e+21
2.374360316e+21
2.358235221e+21
1.921603181e+21
2.118784142e+21
2.108860655e+21
1.672847998e+21
1.664006739e+21
2.060937339e+21
2.253714808e+21
2.028685182e+21
1.814049906e+21
1.7951191e+21
2.17869177e+21
1.371219362e+21
1.749748035e+21
1.729689347e+21
1.525191722e+21
2.072193988e+21
2.241438354e+21
1.844939297e+21
1.64568466e+21
2.16658819e+21
1.96761445e+21
1.942250967e+21
2.098421472e+21
2.070860524e+21
1.879422647e+21
1.85435321e+21
1.835417116e+21
1.9752269e+21
1.954592072e+21
1.927924176e+21
2.066352479e+21
1.881176796e+21
2.326061169e+21
1.835118735e+21
1.815056755e+21
2.08817565e+21
1.917642404e+21
1.745512854e+21
2.013856029e+21
1.702143085e+21
2.104026333e+21
2.489730133e+21
2.051704585e+21
2.158127385e+21
2.000792706e+21
2.236220824e+21
1.951331064e+21
2.052784483e+21
1.903347049e+21
1.877316195e+21
1.856856684e+21
1.953750575e+21
1.932657196e+21
2.025792667e+21
2.357830697e+21
1.744780945e+21
1.726367816e+21
1.817152898e+21
1.685834837e+21
2.107540004e+21
2.085887565e+21
1.842300681e+21
1.716371649e+21
2.01234328e+21
1.88741017e+21
1.760312919e+21
2.153133617e+21
2.025472885e+21
2.206450097e+21
1.783586366e+21
2.159143056e+21
1.454835647e+21
2.209767486e+21
1.709533501e+21
2.070039897e+21
2.046900297e+21
1.751573264e+21
1.550182728e+21
2.078290428e+21
1.877623402e+21
1.949364427e+21
2.017303907e+21
1.825461731e+21
1.807672069e+21
1.876950695e+21
2.028496199e+21
2.010546265e+21
1.987397297e+21
1.765495563e+21
2.203415085e+21
1.760734995e+21
2.194937612e+21
1.972116428e+21
1.96459154e+21
2.177947091e+21
1.950634169e+21
1.728951516e+21
1.933720248e+21
1.712921947e+21
2.126694933e+21
1.906245561e+21
2.101942449e+21
2.301334588e+21
1.659648972e+21
1.857261872e+21
2.044806572e+21
2.032825719e+21
1.409060274e+21
2.000002844e+21
1.583392207e+21
1.96543369e+21
2.332759403e+21
2.315271953e+21
1.525907895e+21
1.702934608e+21
2.056727091e+21
2.039355753e+21
1.831311422e+21
2.178081277e+21
2.150752532e+21
1.775701596e+21
1.928205053e+21
2.083286835e+21
1.884705905e+21
2.03564747e+21
2.008608014e+21
1.988132965e+21
1.961386958e+21
1.940930172e+21
1.914553276e+21
2.052054425e+21
1.868259863e+21
2.156115061e+21
2.126412988e+21
2.253422107e+21
1.777806929e+21
1.904745257e+21
2.022834698e+21
2.143317708e+21
1.972686248e+21
1.950774657e+21
2.061148423e+21
1.766480142e+21
1.8760519e+21
1.59021184e+21
2.221745216e+21
1.938711857e+21
1.912107792e+21
2.017189684e+21
2.114020999e+21
1.967991227e+21
2.062656973e+21
1.920371153e+21
1.894558451e+21
1.640036711e+21
1.964951209e+21
1.715485593e+21
1.805735572e+21
2.121974725e+21
1.873879004e+21
2.072817663e+21
2.261555387e+21
1.812241678e+21
1.789278335e+21
1.875625168e+21
2.058040265e+21
1.73213834e+21
2.113485542e+21
2.192686683e+21
1.870930483e+21
2.048138453e+21
1.927667729e+21
1.9095329e+21
1.981979875e+21
1.963582666e+21
2.034066213e+21
2.198637325e+21
1.902889012e+21
1.975426438e+21
2.0434652e+21
2.113157461e+21
2.004517239e+21
2.073021378e+21
1.967220881e+21
1.865001414e+21
1.931525352e+21
1.9144434e+21
2.409327202e+21
2.188963871e+21
1.311334239e+21
2.183087724e+21
1.95947091e+21
1.738825263e+21
1.732229605e+21
2.3764465e+21
1.934979012e+21
2.358244786e+21
1.918278968e+21
1.911665162e+21
1.898830837e+21
2.101257194e+21
2.085366385e+21
1.660518132e+21
2.4699849e+21
1.842746649e+21
2.028926351e+21
2.218774733e+21
1.797699365e+21
2.381561463e+21
2.356965345e+21
2.145516863e+21
1.736345749e+21
2.106329352e+21
2.271731532e+21
1.87802359e+21
2.041489375e+21
2.024285746e+21
1.8178834e+21
1.981973375e+21
1.957217791e+21
1.939136647e+21
2.088393638e+21
1.89600487e+21
2.041435632e+21
1.852787794e+21
1.994486644e+21
1.974191032e+21
1.947739613e+21
1.92745793e+21
2.21826099e+21
2.037952881e+21
2.164772291e+21
2.141442158e+21
1.810329244e+21
2.089015497e+21
1.913069591e+21
1.746480399e+21
1.865888234e+21
1.845239991e+21
1.819732421e+21
1.799536098e+21
1.911186257e+21
1.754968331e+21
1.863901782e+21
1.974905456e+21
1.817904786e+21
1.669420842e+21
1.77322911e+21
1.628501174e+21
1.977025733e+21
1.955496033e+21
1.929054915e+21
1.78897531e+21
2.00030539e+21
1.978949719e+21
2.067501426e+21
2.386635583e+21
2.130922227e+21
1.886755007e+21
1.862211447e+21
1.951494186e+21
1.819408303e+21
1.695040189e+21
1.987375911e+21
1.967541225e+21
2.045284267e+21
2.025174827e+21
1.900351865e+21
1.881944742e+21
2.055051243e+21
2.03543625e+21
2.20306068e+21
1.992561801e+21
2.063452401e+21
2.044294411e+21
1.929510608e+21
1.820778353e+21
1.981044412e+21
2.05231008e+21
2.030648538e+21
1.662423929e+21
1.991891646e+21
2.059967281e+21
2.039760078e+21
1.937439831e+21
2.00267858e+21
1.984977497e+21
1.95539783e+21
2.171346506e+21
2.167986186e+21
1.948988973e+21
2.159726893e+21
1.724885298e+21
1.503583077e+21
1.92883052e+21
2.132859046e+21
2.339484546e+21
2.325989526e+21
2.107262711e+21
2.093195091e+21
1.876255173e+21
1.655239772e+21
2.265373457e+21
1.838099325e+21
1.218971034e+21
1.811961797e+21
1.801397321e+21
1.982181095e+21
1.378650451e+21
2.144190454e+21
2.129305412e+21
1.531840308e+21
2.090565618e+21
2.066951086e+21
1.677696273e+21
2.026475782e+21
2.192112902e+21
1.804650864e+21
2.14645555e+21
2.119765671e+21
1.925204649e+21
2.073506179e+21
2.05366319e+21
2.027034549e+21
2.007001608e+21
1.980562447e+21
1.960443274e+21
1.934280872e+21
1.914171424e+21
2.045723612e+21
1.868348145e+21
2.150109438e+21
2.27889387e+21
1.798183964e+21
1.926810705e+21
1.900353012e+21
2.02403869e+21
2.138762463e+21
2.256122884e+21
1.807842195e+21
1.787793853e+21
2.441310082e+21
1.877729097e+21
2.11646632e+21
1.831397328e+21
1.935307976e+21
1.786359718e+21
1.88782406e+21
1.867117539e+21
2.087328271e+21
2.307500728e+21
2.036748466e+21
1.777745441e+21
2.221659658e+21
2.082264155e+21
1.940482564e+21
2.2588368e+21
2.117699619e+21
2.095642051e+21
2.177280335e+21
1.723926857e+21
1.808174142e+21
1.684572066e+21
1.871169276e+21
1.749575051e+21
1.931051151e+21
1.710791224e+21
2.087453576e+21
2.16566863e+21
1.94513325e+21
2.022890628e+21
1.999084197e+21
1.980267663e+21
2.143918253e+21
2.031660335e+21
2.008874884e+21
2.080925461e+21
1.968740799e+21
1.950885368e+21
2.105730413e+21
1.999864924e+21
2.065486021e+21
2.047076562e+21
2.026931356e+21
1.925260531e+21
1.90709738e+21
1.972435447e+21
2.155312702e+21
1.93860941e+21
1.505486904e+21
2.36310649e+21
2.356795975e+21
2.352854714e+21
2.344033171e+21
1.275694659e+21
1.269607099e+21
2.321020432e+21
2.307707838e+21
2.09071699e+21
2.076837846e+21
1.86161109e+21
2.052986399e+21
1.634771692e+21
1.823931793e+21
2.217583355e+21
1.99789456e+21
2.184901494e+21
2.163864922e+21
2.345514956e+21
2.128075273e+21
2.113337111e+21
1.710488911e+21
2.075036082e+21
2.238228807e+21
1.850395083e+21
2.011681403e+21
2.17615e+21
1.970770536e+21
1.775820507e+21
2.104604676e+21
2.085241546e+21
2.058829474e+21
2.039165066e+21
2.012835223e+21
1.992978896e+21
1.96683132e+21
1.946885665e+21
1.921006853e+21
1.90106684e+21
1.875530683e+21
1.855683081e+21
2.135643883e+21
1.810874936e+21
1.786200559e+21
2.061224425e+21
1.887804377e+21
1.867074113e+21
2.124762673e+21
2.101290456e+21
2.072430396e+21
1.776203853e+21
2.021321574e+21
1.865649737e+21
1.840067645e+21
2.209636806e+21
1.923018902e+21
2.155390217e+21
1.875912036e+21
1.607966186e+21
2.318260522e+21
1.930975685e+21
2.143097748e+21
2.119986815e+21
1.975451475e+21
2.069332427e+21
2.155354803e+21
1.908133042e+21
2.215410627e+21
1.97310248e+21
1.947501374e+21
2.034572556e+21
1.902788325e+21
1.883511501e+21
1.653069891e+21
1.841136951e+21
2.020240842e+21
1.900350685e+21
1.679500105e+21
1.956734326e+21
2.223205894e+21
2.010498712e+21
1.986830299e+21
1.968124304e+21
2.038112979e+21
2.110962436e+21
1.99651177e+21
1.888279364e+21
2.045524936e+21
2.026971265e+21
2.005491556e+21
1.987477322e+21
1.967111663e+21
1.949581749e+21
1.846407744e+21
1.830049339e+21
1.977509888e+21
2.041719683e+21
2.138236103e+21
2.136949035e+21
1.920310728e+21
2.557544467e+21
2.125628024e+21
1.061040822e+21
2.325587872e+21
1.898493916e+21
1.469600076e+21
1.674796718e+21
2.081555716e+21
2.074429071e+21
1.854660839e+21
1.847193829e+21
1.629736464e+21
2.433293353e+21
1.407762992e+21
2.000590112e+21
1.982731928e+21
1.971227077e+21
2.342814017e+21
2.133906334e+21
1.536145833e+21
2.097606528e+21
2.075146509e+21
1.872486876e+21
2.036691523e+21
2.02057179e+21
1.815546794e+21
2.160417901e+21
2.134506511e+21
1.939423831e+21
2.089659011e+21
2.070472064e+21
2.044359077e+21
2.02487021e+21
1.998833446e+21
1.979150774e+21
1.953289277e+21
2.094640475e+21
1.907913778e+21
1.888140465e+21
1.862874261e+21
1.996787616e+21
1.818318574e+21
1.798798038e+21
2.21796977e+21
1.901346891e+21
2.163946592e+21
1.854846026e+21
1.82948564e+21
1.670116205e+21
2.059063706e+21
1.764763158e+21
1.874493409e+21
2.118542623e+21
1.697779296e+21
2.066460482e+21
1.910884912e+21
2.015814439e+21
1.988426024e+21
1.966635915e+21
1.940048198e+21
1.918944674e+21
2.484772803e+21
1.872750312e+21
1.963254696e+21
1.828053627e+21
2.480326352e+21
1.784847879e+21
2.091740657e+21
1.852064926e+21
1.612998136e+21
2.022135893e+21
1.891182645e+21
1.976022535e+21
2.053752929e+21
2.134907843e+21
2.007947713e+21
1.689963872e+21
1.865668886e+21
1.84758444e+21
1.633238248e+21
2.18856795e+21
2.068760271e+21
1.956128968e+21
2.117751368e+21
2.098075626e+21
1.984299897e+21
2.055462277e+21
2.032976722e+21
2.014535052e+21
2.079803866e+21
1.975242238e+21
2.039949337e+21
2.021773141e+21
2.001752002e+21
1.984023238e+21
1.965161291e+21
1.947820893e+21
2.33357077e+21
2.332171347e+21
1.481850138e+21
2.114562162e+21
1.898081284e+21
1.894921838e+21
2.097664181e+21
2.092978524e+21
1.458172402e+21
1.869506977e+21
1.652358731e+21
2.470071571e+21
2.453854193e+21
1.83299816e+21
1.819436924e+21
2.012264327e+21
2.195406862e+21
1.786885823e+21
2.164577482e+21
2.152046964e+21
2.325313537e+21
2.310543354e+21
2.096560854e+21
2.082108397e+21
2.059922173e+21
2.044659033e+21
1.654274921e+21
2.188281243e+21
2.162979669e+21
2.144911633e+21
2.119301288e+21
1.92564375e+21
2.07492412e+21
1.713258609e+21
1.860916448e+21
2.010774377e+21
1.985025123e+21
1.965513221e+21
2.101593476e+21
1.920325323e+21
1.894997972e+21
1.87538869e+21
2.158785427e+21
2.288576479e+21
1.95676831e+21
2.084694683e+21
1.909598822e+21
1.888865716e+21
1.863197802e+21
2.126281233e+21
2.097305822e+21
1.659340904e+21
1.636694667e+21
1.888351124e+21
2.128655502e+21
2.368223138e+21
1.816835357e+21
2.438447229e+21
2.025496629e+21
2.378784019e+21
2.346542246e+21
1.95439093e+21
1.687024354e+21
1.549488406e+21
1.999083501e+21
1.977537596e+21
2.065984521e+21
2.157497423e+21
2.016954274e+21
2.217425987e+21
1.860156443e+21
1.732501941e+21
1.923838785e+21
1.904068752e+21
1.87971768e+21
1.75729995e+21
1.939254807e+21
2.020934323e+21
1.995803286e+21
1.976163778e+21
1.951986865e+21
2.029714259e+21
2.005325025e+21
2.080744111e+21
2.149697986e+21
2.036863678e+21
1.921870696e+21
2.176012384e+21
1.792942278e+21
2.042962949e+21
2.020581522e+21
1.915196139e+21
2.067078541e+21
1.877802227e+21
2.027416332e+21
2.009354567e+21
1.989395468e+21
1.971781958e+21
1.95296596e+21
2.016398507e+21
1.473417422e+21
2.103624387e+21
2.100439882e+21
2.098097715e+21
1.883330244e+21
2.089113864e+21
2.081413328e+21
2.076774225e+21
2.067030115e+21
2.267336353e+21
2.254547326e+21
1.225561745e+21
2.232191342e+21
1.616905792e+21
2.006258902e+21
2.39642251e+21
1.782709972e+21
2.167544881e+21
1.953086786e+21
2.330168139e+21
1.923393809e+21
2.29344573e+21
2.270346646e+21
2.254731928e+21
1.673116034e+21
1.660746771e+21
2.007305158e+21
2.17253235e+21
1.789605977e+21
2.12962637e+21
1.928951899e+21
1.912058109e+21
1.888695943e+21
2.041551995e+21
1.848018382e+21
1.99687344e+21
1.971406271e+21
1.952062324e+21
1.926757031e+21
1.907315073e+21
2.195965171e+21
1.862808001e+21
1.991239292e+21
2.121813863e+21
2.093391972e+21
1.923047895e+21
1.897122365e+21
2.165246924e+21
1.851133508e+21
2.112535563e+21
2.083841793e+21
2.060879691e+21
2.032841009e+21
1.742318288e+21
2.247405292e+21
1.699588868e+21
2.192317361e+21
1.785491164e+21
1.887070591e+21
1.741876388e+21
2.577485646e+21
1.942297485e+21
2.035915224e+21
1.895326873e+21
1.75309075e+21
1.734201291e+21
2.053384366e+21
1.918623166e+21
1.89332903e+21
2.093759858e+21
1.848893518e+21
1.93726409e+21
2.230925453e+21
1.892570387e+21
2.075989873e+21
1.952204126e+21
2.029038377e+21
1.908332708e+21
1.983804879e+21
2.062493419e+21
2.231292669e+21
1.921438147e+21
1.993267218e+21
1.974217457e+21
1.950953691e+21
1.840544447e+21
2.001249631e+21
1.98264797e+21
1.960318905e+21
1.942327123e+21
1.921017574e+21
2.076641614e+21
1.88329899e+21
1.866382909e+21
1.931076538e+21
1.997087622e+21
1.977190549e+21
1.959690807e+21
1.940921058e+21
1.923813111e+21
1.879732971e+21
1.878613928e+21
2.292626464e+21
2.081887679e+21
1.661161522e+21
2.280312257e+21
1.652329866e+21
2.266900804e+21
2.051202944e+21
2.045444817e+21
1.220382152e+21
1.6216426e+21
2.215276632e+21
2.206418472e+21
2.19026742e+21
1.982002463e+21
1.3761847e+21
1.955784964e+21
1.938594181e+21
2.120165868e+21
1.909237823e+21
2.276599285e+21
1.878151092e+21
1.865262886e+21
2.030133972e+21
1.831962318e+21
1.992927699e+21
1.977257813e+21
1.776911582e+21
1.938344301e+21
2.089531603e+21
2.071268532e+21
2.046069072e+21
2.027392823e+21
2.002143141e+21
1.983163383e+21
1.957973019e+21
1.938794276e+21
1.913759383e+21
2.052353253e+21
1.869683963e+21
1.850394977e+21
1.978068681e+21
1.957252444e+21
2.079677087e+21
2.057434039e+21
1.884807882e+21
1.864388582e+21
1.980703245e+21
1.679173178e+21
1.932512895e+21
1.774718953e+21
1.750648068e+21
1.997663766e+21
2.233293584e+21
2.208600449e+21
1.922338292e+21
1.901112831e+21
2.125435926e+21
1.854749543e+21
2.07369424e+21
2.292293932e+21
1.904428495e+21
1.766001234e+21
1.742415898e+21
2.183285603e+21
1.587395423e+21
2.019172809e+21
1.992596353e+21
1.752521698e+21
1.945870054e+21
1.92560553e+21
1.795147398e+21
2.299256742e+21
2.373088607e+21
2.349037159e+21
1.61352226e+21
1.896916064e+21
1.873352381e+21
1.757283481e+21
2.217961664e+21
1.623460929e+21
2.075703719e+21
2.055861191e+21
2.03162774e+21
1.829528113e+21
1.898835659e+21
2.060342259e+21
2.125684873e+21
2.018414866e+21
2.083032109e+21
1.978125472e+21
1.957002346e+21
1.93942444e+21
2.002806716e+21
1.984969546e+21
1.96513447e+21
1.947747041e+21
2.009399811e+21
1.912029791e+21
1.450786784e+21
1.864190828e+21
1.654576709e+21
1.859333582e+21
1.854505467e+21
1.851439284e+21
2.254621026e+21
2.249617582e+21
2.035616308e+21
2.029914244e+21
2.220447081e+21
2.212912406e+21
2.19861634e+21
1.592614024e+21
2.173898428e+21
2.163931339e+21
2.341664723e+21
1.553034072e+21
1.924315072e+21
1.721926586e+21
2.274346425e+21
2.071665316e+21
2.051001296e+21
1.666602242e+21
2.015560623e+21
2.182609361e+21
1.79886794e+21
2.141704974e+21
1.764396011e+21
1.924725204e+21
2.074958203e+21
2.056858816e+21
2.031940425e+21
1.67785725e+21
1.988455961e+21
1.969640303e+21
2.106781731e+21
2.246656271e+21
2.059347247e+21
1.88181637e+21
2.012052131e+21
1.991325147e+21
2.267389791e+21
1.944419671e+21
2.066140739e+21
1.898064384e+21
1.872652237e+21
1.852386377e+21
1.968042061e+21
1.946532543e+21
1.92026405e+21
1.763486188e+21
1.873459298e+21
2.249802456e+21
2.219357989e+21
1.678403508e+21
1.910428341e+21
1.889346878e+21
1.739586364e+21
1.966234616e+21
2.061009586e+21
2.278282994e+21
2.011146912e+21
2.106318787e+21
1.616412243e+21
1.941648729e+21
1.803235182e+21
2.230011741e+21
1.870601317e+21
2.068630883e+21
2.041686288e+21
1.914086455e+21
2.204304375e+21
2.181649523e+21
1.743578497e+21
1.92895308e+21
1.804420416e+21
2.282611042e+21
1.960235717e+21
1.843887784e+21
2.013068224e+21
1.803676062e+21
2.063371043e+21
1.857855982e+21
2.019544689e+21
2.000507155e+21
1.887523975e+21
1.691879191e+21
1.848869237e+21
2.093593804e+21
2.070559851e+21
1.96627966e+21
2.029820047e+21
2.011588284e+21
1.990724597e+21
1.972997644e+21
1.953224526e+21
2.01661248e+21
1.917271543e+21
2.058755765e+21
1.851081649e+21
2.055541675e+21
1.847231304e+21
2.050207611e+21
1.840421442e+21
2.245693016e+21
2.237550941e+21
1.826669377e+21
1.818238287e+21
1.611694187e+21
2.203780882e+21
1.796988174e+21
2.18220477e+21
2.173517242e+21
1.765450055e+21
2.147901044e+21
2.130712516e+21
1.927013413e+21
2.292293732e+21
1.899286887e+21
2.257850283e+21
2.243638117e+21
1.66602406e+21
2.206189399e+21
1.819268195e+21
2.167087885e+21
1.964781931e+21
1.949398958e+21
2.102466615e+21
1.911296152e+21
2.060586678e+21
2.04264821e+21
1.849838434e+21
1.999655623e+21
1.974954649e+21
2.119325433e+21
1.931648339e+21
1.912792017e+21
1.888283165e+21
1.869320988e+21
1.998790455e+21
1.826058696e+21
1.802070754e+21
2.080350547e+21
2.199406568e+21
2.030877143e+21
2.290033696e+21
1.982117538e+21
1.955541716e+21
2.072344596e+21
2.044467323e+21
2.021993909e+21
1.861753425e+21
1.972732414e+21
1.946113437e+21
2.052932503e+21
1.772087388e+21
1.627362246e+21
1.728945521e+21
2.320634356e+21
1.927980396e+21
1.549355252e+21
1.88139989e+21
2.209902428e+21
1.950978374e+21
2.043501362e+21
1.792435104e+21
1.994993964e+21
2.078198607e+21
2.164517097e+21
1.815908483e+21
2.114115972e+21
1.982542034e+21
1.962165578e+21
1.835214995e+21
2.119379706e+21
2.092715168e+21
1.775830484e+21
1.94865991e+21
1.929468898e+21
2.191771893e+21
2.07613205e+21
2.237655327e+21
2.031566372e+21
2.007604516e+21
1.898280705e+21
1.965696087e+21
1.947413003e+21
1.925414887e+21
1.907734509e+21
2.05823606e+21
1.954574877e+21
1.933626525e+21
1.832943346e+21
1.978787378e+21
1.961169288e+21
2.022352163e+21
2.084648596e+21
1.905661598e+21
1.967594735e+21
1.837081044e+21
2.447998643e+21
1.629580306e+21
1.831253763e+21
2.232449667e+21
2.026158739e+21
2.018852177e+21
1.812951722e+21
2.205657337e+21
2.199505038e+21
1.590809458e+21
1.783613745e+21
1.575299195e+21
2.353562031e+21
1.947166944e+21
2.32593437e+21
2.307414903e+21
2.295531316e+21
2.086016623e+21
1.885524395e+21
1.867993096e+21
1.670634657e+21
1.654128482e+21
2.190469727e+21
1.806393394e+21
1.972470143e+21
1.95100508e+21
1.935761863e+21
2.087863725e+21
2.070603483e+21
1.875878459e+21
2.028632615e+21
2.00426053e+21
1.986069698e+21
1.961635445e+21
1.943139977e+21
1.918749676e+21
2.216725809e+21
2.032114209e+21
2.166488861e+21
1.985702454e+21
1.814129039e+21
2.237979086e+21
1.919252422e+21
1.893904895e+21
2.306119016e+21
1.706589534e+21
1.96951964e+21
1.665599284e+21
2.059285303e+21
2.30256057e+21
1.875398971e+21
1.982349564e+21
2.352598383e+21
1.805178208e+21
1.912776689e+21
2.012848803e+21
1.866246546e+21
1.963924644e+21
1.942348171e+21
1.676788399e+21
1.776922688e+21
1.636331533e+21
1.965405548e+21
1.939311673e+21
2.256985713e+21
1.893123852e+21
2.20346711e+21
2.065873111e+21
2.044097943e+21
1.805173467e+21
2.101618735e+21
1.867123825e+21
2.258584664e+21
1.92577312e+21
1.906249361e+21
1.9813518e+21
1.863471287e+21
2.03408102e+21
2.014044849e+21
2.084172472e+21
2.157757474e+21
2.039140172e+21
1.927831522e+21
1.814367909e+21
1.887119215e+21
1.776476345e+21
1.935944679e+21
2.001057287e+21
1.810272392e+21
1.790300838e+21
2.027487257e+21
2.005718383e+21
1.98770348e+21
1.966992466e+21
2.030710325e+21
2.010242232e+21
1.992472483e+21
2.052040699e+21
1.877530274e+21
2.228466331e+21
1.822220415e+21
1.819533606e+21
1.615581794e+21
1.812885558e+21
1.608806705e+21
2.204174646e+21
1.99937618e+21
2.189270593e+21
2.183176655e+21
1.776426497e+21
1.573721713e+21
1.954641676e+21
2.336272163e+21
1.93293388e+21
1.731716641e+21
1.908885813e+21
1.519260885e+21
2.070983826e+21
1.871959919e+21
1.854638022e+21
2.211617767e+21
2.189868762e+21
1.993724777e+21
1.973069494e+21
2.136697926e+21
1.58516189e+21
2.097070079e+21
2.073462288e+21
1.884992487e+21
1.863063315e+21
2.014808045e+21
1.99070147e+21
1.972667137e+21
2.110869245e+21
2.091001723e+21
2.06485731e+21
2.044767822e+21
2.018766015e+21
1.844821521e+21
2.428042754e+21
1.95255043e+21
2.223558008e+21
1.906911537e+21
2.026568721e+21
2.004997091e+21
1.695792174e+21
1.677497888e+21
2.206870215e+21
2.04638957e+21
1.884431775e+21
1.730625146e+21
2.232798349e+21
2.208204449e+21
1.537818009e+21
1.901074126e+21
2.000605648e+21
1.731246461e+21
1.952056738e+21
2.051285099e+21
1.547665248e+21
1.884007855e+21
1.858921561e+21
1.838749905e+21
1.927783675e+21
2.019218065e+21
1.99262077e+21
1.861865814e+21
2.053692954e+21
1.71119865e+21
2.427940378e+21
2.193731799e+21
1.856179752e+21
2.143284045e+21
1.712981026e+21
1.99483868e+21
2.26524509e+21
1.755079173e+21
2.022209346e+21
1.811592347e+21
2.260375726e+21
1.958626213e+21
1.84294264e+21
2.007839047e+21
1.893954475e+21
1.965425746e+21
2.030991293e+21
2.099575241e+21
2.075812331e+21
1.713953889e+21
1.864521451e+21
2.01556012e+21
1.993880918e+21
1.975972522e+21
1.955337332e+21
2.018680219e+21
1.918345408e+21
1.901393206e+21
2.118215793e+21
1.94406817e+21
2.010784137e+21
2.411529487e+21
2.006659908e+21
2.204900444e+21
1.599488275e+21
2.195691204e+21
2.187857125e+21
1.984583729e+21
2.173125542e+21
1.773072751e+21
2.155250343e+21
1.952725973e+21
1.746333746e+21
2.319234473e+21
2.110798121e+21
2.101204197e+21
2.084639823e+21
1.50832723e+21
2.24309034e+21
1.858589214e+21
2.209767065e+21
2.195947901e+21
1.812044184e+21
2.159692982e+21
2.137419414e+21
2.121820349e+21
1.924022973e+21
2.082602364e+21
1.887653317e+21
2.042302141e+21
2.018642267e+21
2.001170621e+21
1.977324633e+21
1.959444252e+21
2.096822883e+21
1.917343276e+21
1.893462326e+21
1.875070579e+21
2.005592036e+21
2.138279545e+21
1.809262157e+21
1.790731313e+21
1.767457275e+21
1.894728343e+21
2.157549385e+21
2.134610193e+21
2.246840777e+21
1.944798231e+21
2.193115019e+21
1.898077388e+21
2.006553232e+21
1.719941935e+21
1.566426303e+21
2.065579472e+21
1.783198446e+21
1.637578702e+21
2.11279244e+21
1.966617887e+21
2.061602119e+21
2.278854206e+21
2.130126068e+21
1.872767258e+21
2.07886795e+21
2.399036631e+21
1.803662984e+21
2.341840154e+21
1.540697712e+21
1.850914937e+21
2.04165558e+21
2.020140079e+21
1.99397149e+21
2.077062334e+21
2.152923766e+21
1.927860932e+21
1.602841527e+21
1.884073869e+21
2.056256264e+21
2.132636399e+21
1.723264666e+21
1.895870676e+21
1.77908296e+21
2.132712803e+21
2.198696507e+21
2.177653109e+21
2.06228074e+21
2.042822129e+21
2.1069641e+21
1.82643542e+21
2.06370772e+21
1.959550355e+21
2.022129447e+21
1.920281969e+21
1.982182359e+21
1.964379218e+21
1.943819507e+21
2.006791808e+21
1.906994217e+21
1.96890359e+21
2.02763205e+21
1.85521403e+21
1.995913057e+21
1.994749476e+21
2.191021855e+21
2.188619948e+21
2.183086272e+21
2.179515098e+21
2.171779427e+21
1.576006844e+21
2.157216875e+21
2.151236547e+21
1.750536835e+21
1.938509853e+21
1.733676168e+21
1.726832614e+21
2.095591287e+21
1.517153851e+21
2.069721861e+21
1.68474355e+21
1.855962723e+21
2.21448979e+21
2.194191221e+21
1.817082102e+21
1.799377336e+21
2.144626663e+21
1.945723589e+21
2.107148521e+21
1.737099879e+21
2.068332906e+21
2.045247324e+21
2.028439622e+21
2.005037707e+21
1.987716569e+21
1.964126373e+21
1.946397453e+21
1.92273436e+21
1.904700085e+21
2.037822543e+21
1.862825226e+21
1.992588882e+21
1.82095593e+21
1.947447035e+21
1.927528773e+21
2.04891523e+21
1.882699837e+21
1.858088958e+21
1.979768334e+21
1.814152398e+21
1.932668802e+21
2.04330959e+21
1.886338205e+21
1.595380619e+21
1.709389811e+21
2.205576469e+21
1.796378401e+21
1.899008645e+21
2.003299618e+21
1.729490686e+21
1.954811861e+21
2.049292723e+21
1.907587205e+21
1.764569093e+21
1.978013746e+21
2.181406645e+21
1.817053723e+21
2.129267422e+21
1.773782326e+21
1.969310495e+21
1.840092126e+21
1.816099706e+21
2.219777942e+21
2.191061789e+21
1.858498272e+21
1.93659826e+21
2.219326491e+21
1.59357404e+21
1.77459014e+21
2.044383968e+21
1.927563594e+21
1.998876927e+21
2.07342277e+21
1.955013299e+21
1.936023989e+21
2.003842462e+21
1.894447763e+21
2.050369588e+21
1.854408621e+21
2.007493288e+21
1.988805903e+21
2.051743461e+21
1.948187074e+21
2.010373785e+21
1.992121933e+21
1.970620276e+21
1.95292116e+21
2.093472958e+21
1.915240899e+21
2.21173933e+21
2.03562009e+21
1.938119413e+21
1.844253669e+21
1.783134293e+21
1.782098236e+21
2.1749569e+21
1.975071012e+21
2.167113374e+21
2.360264285e+21
1.567953674e+21
2.151210498e+21
1.752168632e+21
1.941467649e+21
2.124066931e+21
2.116949151e+21
2.294934343e+21
2.28589388e+21
1.702310723e+21
2.071184874e+21
2.24183552e+21
1.858656671e+21
2.027157923e+21
1.832412745e+21
1.815694514e+21
1.623948757e+21
2.144263621e+21
1.952288339e+21
2.107999562e+21
2.092678204e+21
2.070302185e+21
2.054257659e+21
1.862140363e+21
2.014764022e+21
1.991615294e+21
1.974442214e+21
1.951103136e+21
1.933523248e+21
1.910107945e+21
2.049907756e+21
2.024568903e+21
2.159195236e+21
1.827464541e+21
1.9600243e+21
1.935020697e+21
1.9152569e+21
2.326814662e+21
1.726913623e+21
1.988484032e+21
1.967390556e+21
1.941572017e+21
1.783497611e+21
2.030730657e+21
2.142563814e+21
1.849912269e+21
2.22172526e+21
2.063259233e+21
1.785507936e+21
1.761747494e+21
2.115718137e+21
1.719159574e+21
2.064593408e+21
1.677636017e+21
1.777757872e+21
1.988045122e+21
1.85068371e+21
2.396878901e+21
1.693496726e+21
1.671183172e+21
1.653213567e+21
1.631548905e+21
1.829395147e+21
1.911788772e+21
2.101828743e+21
1.970940762e+21
2.155726822e+21
1.925443122e+21
2.005947241e+21
1.98051638e+21
2.05845137e+21
2.032647981e+21
1.916495411e+21
1.987411468e+21
1.874114459e+21
1.758677845e+21
2.016580107e+21
1.992346559e+21
1.973269364e+21
2.127229812e+21
2.107149301e+21
1.995947011e+21
2.063335676e+21
1.954920581e+21
2.02117025e+21
1.915472598e+21
1.980606074e+21
1.959192295e+21
2.022495827e+21
2.001235611e+21
1.983430175e+21
1.963218877e+21
1.868050338e+21
1.849658998e+21
1.909814639e+21
2.163503284e+21
2.358818597e+21
1.962841648e+21
2.352839705e+21
1.760213876e+21
2.14786754e+21
2.334897441e+21
1.747342052e+21
2.126088227e+21
2.312964587e+21
2.10881118e+21
1.910689674e+21
1.898781787e+21
1.891317074e+21
1.690220953e+21
2.243448643e+21
2.04051743e+21
1.476450542e+21
2.012958597e+21
1.81959908e+21
1.98338168e+21
2.150242871e+21
1.952024349e+21
2.115115976e+21
1.744659389e+21
1.732004394e+21
1.884920718e+21
2.040372685e+21
2.01778993e+21
2.001271588e+21
1.978371395e+21
2.124789311e+21
1.938251463e+21
2.080886419e+21
2.055783471e+21
2.036566369e+21
2.166216283e+21
2.145276174e+21
1.967081931e+21
2.247124912e+21
1.774847939e+21
2.049535707e+21
2.023173159e+21
1.716087925e+21
1.834954876e+21
1.955166591e+21
1.92959116e+21
1.636164214e+21
1.883751942e+21
1.996382293e+21
1.8386851e+21
1.948464563e+21
2.179010363e+21
1.774768242e+21
2.001387878e+21
1.731950842e+21
2.197222914e+21
1.690167507e+21
1.786861509e+21
2.002914813e+21
2.092641568e+21
1.839836097e+21
1.70206751e+21
2.020346522e+21
1.883010387e+21
1.862768063e+21
1.730257151e+21
2.139790374e+21
2.111974201e+21
1.985238085e+21
1.95962376e+21
2.143349443e+21
2.015174483e+21
1.795012271e+21
2.166115728e+21
2.046683678e+21
1.924805683e+21
1.90555361e+21
1.787879e+21
2.049764785e+21
2.024752416e+21
1.913937467e+21
2.071026434e+21
2.051191393e+21
2.115083835e+21
2.095113547e+21
2.070816829e+21
1.880571216e+21
2.028226347e+21
2.009584015e+21
1.904464971e+21
1.969222588e+21
2.029058432e+21
1.930401422e+21
2.069238205e+21
1.893074062e+21
1.951804779e+21
1.934577506e+21
1.915469954e+21
1.898663465e+21
2.343109138e+21
2.146610274e+21
2.338389297e+21
1.751882513e+21
1.747520734e+21
2.132385929e+21
1.738581982e+21
2.120293845e+21
2.11085838e+21
1.722306341e+21
2.28411601e+21
2.086784583e+21
2.073843355e+21
1.690123717e+21
1.678301695e+21
1.670736457e+21
2.026222112e+21
2.015918158e+21
2.180680152e+21
1.987659715e+21
2.148753867e+21
1.957475425e+21
1.938659269e+21
2.100663109e+21
1.906097046e+21
1.720271432e+21
2.042440853e+21
2.026674151e+21
2.004335851e+21
1.987958663e+21
1.965302471e+21
2.110786584e+21
1.925567988e+21
2.067302353e+21
1.885346164e+21
2.023397518e+21
1.844835858e+21
2.13153542e+21
1.954571783e+21
1.786293273e+21
2.057609905e+21
1.745700963e+21
1.866932945e+21
1.847513535e+21
1.823602521e+21
1.94309359e+21
1.780774595e+21
1.897171636e+21
2.006031767e+21
1.984260036e+21
1.827593386e+21
2.065841558e+21
1.783736594e+21
2.016179397e+21
1.989493137e+21
1.967621844e+21
1.698863257e+21
1.680200573e+21
1.776380276e+21
1.874048554e+21
1.964858293e+21
2.172073953e+21
2.256259392e+21
1.785452763e+21
1.872140149e+21
1.852019574e+21
1.720311144e+21
2.02111942e+21
1.679903042e+21
1.766094705e+21
2.05098524e+21
2.232594976e+21
1.502774201e+21
2.082254765e+21
2.153804978e+21
2.228864032e+21
1.913881569e+21
1.799999238e+21
2.058435936e+21
2.038137099e+21
2.013272677e+21
1.812459152e+21
1.969745972e+21
1.773524305e+21
2.103075772e+21
1.9964139e+21
1.973248384e+21
2.039863072e+21
1.84861307e+21
1.831619036e+21
1.975912838e+21
2.039551258e+21
1.936729409e+21
1.919335198e+21
2.136458108e+21
2.03903045e+21
1.940522636e+21
2.07727191e+21
1.904342587e+21
2.038653096e+21
2.326278199e+21
1.937449818e+21
1.934677369e+21
2.125833224e+21
1.927788161e+21
1.92465991e+21
1.534373914e+21
2.105166386e+21
2.095845174e+21
2.280087654e+21
2.078947797e+21
1.88365671e+21
1.872032251e+21
2.051172203e+21
2.222065822e+21
2.21206957e+21
1.829205181e+21
1.819921933e+21
1.985148458e+21
1.97395215e+21
1.778352835e+21
2.120815358e+21
1.750432691e+21
1.912539216e+21
2.065357594e+21
2.050435635e+21
2.028789518e+21
1.845395133e+21
1.991059999e+21
1.974821689e+21
1.952405078e+21
1.935662039e+21
1.913049429e+21
2.053894491e+21
1.873204473e+21
1.855751887e+21
1.985822581e+21
2.117969567e+21
1.792818232e+21
1.922949662e+21
1.752623351e+21
1.879361276e+21
1.855350617e+21
1.977311784e+21
1.81238977e+21
1.65528752e+21
1.90606762e+21
1.75093959e+21
2.126833345e+21
1.840798499e+21
1.816634688e+21
1.925128939e+21
2.153076616e+21
2.129458659e+21
1.854130263e+21
1.956009988e+21
2.171434831e+21
1.670350499e+21
1.766021286e+21
1.863129551e+21
1.83855673e+21
2.159490059e+21
2.018922546e+21
1.775161961e+21
1.751900888e+21
1.841394414e+21
1.710478829e+21
2.115338392e+21
1.774732983e+21
1.652743126e+21
2.039342334e+21
2.219921778e+21
2.390824011e+21
1.7746831e+21
1.946939427e+21
2.023547372e+21
1.99823479e+21
1.978242625e+21
1.767715598e+21
2.02664059e+21
1.819929435e+21
1.892349195e+21
2.136694772e+21
1.939869929e+21
1.829802877e+21
1.898829037e+21
2.047399907e+21
2.028325906e+21
2.005242231e+21
1.986805533e+21
1.964686904e+21
1.946843715e+21
2.005927109e+21
2.067428055e+21
1.966882817e+21
1.949390071e+21
2.006544981e+21
1.835856719e+21
2.120545007e+21
1.876747269e+21
1.539791555e+21
1.923635594e+21
2.305075393e+21
2.302576816e+21
1.914084259e+21
1.910984302e+21
1.904372524e+21
2.280276278e+21
1.702672378e+21
1.886664336e+21
2.064331053e+21
2.244510079e+21
1.673044323e+21
1.851673405e+21
1.838844984e+21
2.01364801e+21
1.998224068e+21
1.988103316e+21
2.150759532e+21
1.782211231e+21
2.119493526e+21
1.930868133e+21
2.086331715e+21
2.072341935e+21
1.709603675e+21
1.867003624e+21
2.015319458e+21
1.999821582e+21
1.977958858e+21
1.961857201e+21
1.939675861e+21
1.923071638e+21
2.059083639e+21
2.354607031e+21
1.861218168e+21
1.843905422e+21
1.97323462e+21
1.954248492e+21
1.930022858e+21
1.763908779e+21
1.886861686e+21
2.011361922e+21
2.127589749e+21
2.105512711e+21
1.801314064e+21
2.056488675e+21
2.029842457e+21
1.874222511e+21
2.114054891e+21
2.221845452e+21
2.063779005e+21
2.041247452e+21
2.266242208e+21
1.992354972e+21
1.843240155e+21
2.309134578e+21
2.158766464e+21
1.541999869e+21
2.106938895e+21
2.083879179e+21
2.399195758e+21
2.034048444e+21
2.007345941e+21
1.875300924e+21
2.286247623e+21
1.723191033e+21
2.019650443e+21
1.787822659e+21
1.868489033e+21
1.746098285e+21
1.825047781e+21
2.207391646e+21
1.882078736e+21
2.156843601e+21
2.226398491e+21
2.012174271e+21
2.176261333e+21
1.779791961e+21
1.942835437e+21
1.832066408e+21
1.990699342e+21
1.971343171e+21
1.947652382e+21
2.016667837e+21
1.992819761e+21
1.973991621e+21
2.03588893e+21
2.016918511e+21
1.993944417e+21
1.975608844e+21
1.953587807e+21
1.93584394e+21
1.9945581e+21
1.897579066e+21
1.877464781e+21
1.938301539e+21
1.995078975e+21
1.977484914e+21
1.957770097e+21
1.940616929e+21
2.293331442e+21
2.101018667e+21
2.098040889e+21
1.714722275e+21
2.090631195e+21
1.707751499e+21
1.890969024e+21
2.075549928e+21
2.254309584e+21
2.24813226e+21
2.049918409e+21
1.857378014e+21
1.846025927e+21
2.022708165e+21
2.191375553e+21
2.181556184e+21
1.98451321e+21
2.153980099e+21
2.136105025e+21
2.124105267e+21
2.10516017e+21
2.09218244e+21
1.899640021e+21
2.0584658e+21
2.037875295e+21
2.023208791e+21
1.835191495e+21
1.98666038e+21
1.965029e+21
1.949061823e+21
1.927111552e+21
1.910643967e+21
1.888494359e+21
1.871625084e+21
1.849384284e+21
1.832209245e+21
1.809974069e+21
2.091349379e+21
2.065514984e+21
1.899002734e+21
1.875194175e+21
1.998951381e+21
1.973581954e+21
2.09263652e+21
1.790372905e+21
2.04402098e+21
2.152126537e+21
1.996023107e+21
1.970089755e+21
1.948760755e+21
1.795106887e+21
2.029168697e+21
1.877429043e+21
2.228234245e+21
1.954642373e+21
1.812368101e+21
1.788537548e+21
1.886848926e+21
2.327548772e+21
2.071877468e+21
2.271852622e+21
2.02239918e+21
1.995901341e+21
1.754932179e+21
2.056771946e+21
2.141771398e+21
2.008237732e+21
2.196010883e+21
1.961189328e+21
2.349069722e+21
1.814803768e+21
1.895683693e+21
1.970043296e+21
1.852298645e+21
1.925180224e+21
2.000928298e+21
2.164116873e+21
1.956158302e+21
2.116002328e+21
1.912939942e+21
2.069583323e+21
1.960349286e+21
1.936790409e+21
2.092608829e+21
1.981695306e+21
1.792275405e+21
2.024506664e+21
1.92207043e+21
1.900157646e+21
1.964537647e+21
2.104497861e+21
1.924967766e+21
1.983317238e+21
2.044125325e+21
1.866843605e+21
1.850244903e+21
1.907445447e+21
2.117504397e+21
1.946591811e+21
1.855331256e+21
1.897671307e+21
1.896589819e+21
2.083305923e+21
1.891870437e+21
1.887252757e+21
1.695787152e+21
1.877752881e+21
1.873683646e+21
2.23861106e+21
1.860406764e+21
1.850641474e+21
1.84451172e+21
2.016621041e+21
1.643539378e+21
1.813621791e+21
1.805510839e+21
2.150170063e+21
1.961045585e+21
1.944844795e+21
1.933940845e+21
1.742516146e+21
2.078153965e+21
1.886980318e+21
2.044774256e+21
2.024406598e+21
2.009864731e+21
1.988908909e+21
1.973671278e+21
1.952267088e+21
1.936432269e+21
2.074268047e+21
2.21477187e+21
2.18919365e+21
2.014694498e+21
1.837699932e+21
2.124103934e+21
1.798644432e+21
1.929839465e+21
1.759461176e+21
1.887251549e+21
1.863670071e+21
1.844786406e+21
1.821450151e+21
2.357239107e+21
2.053342911e+21
1.896256644e+21
2.005541143e+21
2.116367953e+21
1.958393594e+21
1.937208254e+21
2.421866477e+21
1.891155046e+21
2.239743331e+21
1.96908702e+21
1.943295208e+21
1.921982437e+21
2.37096452e+21
1.875978569e+21
2.082788107e+21
1.94556803e+21
2.14596085e+21
1.675735491e+21
1.874331695e+21
1.744989213e+21
2.045166599e+21
1.810238044e+21
1.786747671e+21
2.287659644e+21
2.052851603e+21
2.031234836e+21
1.904933784e+21
1.984319087e+21
2.057028328e+21
2.035878021e+21
1.914481996e+21
1.800301872e+21
1.964967446e+21
2.130566688e+21
2.012778908e+21
1.630567875e+21
2.058109617e+21
2.038089951e+21
2.013596597e+21
1.994290596e+21
1.885011997e+21
1.95206741e+21
2.013250962e+21
1.994484373e+21
1.971726453e+21
1.953589844e+21
2.01225169e+21
1.914213121e+21
1.972202367e+21
1.954490237e+21
1.933689505e+21
1.993158608e+21
1.896668887e+21
2.03034818e+21
1.861096586e+21
1.918597717e+21
2.072862819e+21
2.071685146e+21
2.068776486e+21
1.878680422e+21
2.061528847e+21
1.8710992e+21
1.864720193e+21
1.860686569e+21
1.66734725e+21
2.217060195e+21
1.837898692e+21
1.831822453e+21
2.002805489e+21
1.632291794e+21
1.981394706e+21
1.793227626e+21
1.779680288e+21
2.124862953e+21
1.931771471e+21
2.095594663e+21
1.730889404e+21
2.064312364e+21
2.044896254e+21
2.031263641e+21
2.011114767e+21
1.830304244e+21
1.975961525e+21
1.960850923e+21
1.939669872e+21
2.08429578e+21
1.902465003e+21
1.88626435e+21
1.864561657e+21
2.001958247e+21
1.978342487e+21
1.960027831e+21
1.787455749e+21
2.36044577e+21
1.894334322e+21
2.164205658e+21
2.137253938e+21
2.256667603e+21
2.367477051e+21
2.067350892e+21
1.904952581e+21
1.884898098e+21
1.727793071e+21
2.103795756e+21
2.076624525e+21
1.797405787e+21
1.647363097e+21
2.005435015e+21
1.855604106e+21
1.835302185e+21
1.811324089e+21
1.791470152e+21
2.00376451e+21
1.981809793e+21
2.070919151e+21
1.706903377e+21
2.021495771e+21
1.777330151e+21
1.863765935e+21
2.16894785e+21
2.033691483e+21
2.011860342e+21
2.090310458e+21
1.964669812e+21
2.245564299e+21
1.817934886e+21
2.093766394e+21
1.97330529e+21
1.753404629e+21
2.024604835e+21
2.094292213e+21
1.884580288e+21
1.581909198e+21
2.210927562e+21
2.092664799e+21
1.981922901e+21
1.957772758e+21
2.114973084e+21
1.828361101e+21
2.069517051e+21
1.95981488e+21
1.941286923e+21
2.002119726e+21
1.98345342e+21
2.042502207e+21
1.942763381e+21
1.921030402e+21
1.982893728e+21
1.961211381e+21
1.943598122e+21
1.999787547e+21
1.90578013e+21
2.036894486e+21
1.869395024e+21
1.924613863e+21
2.274654133e+21
1.68421855e+21
1.870294012e+21
2.05444831e+21
2.05224036e+21
2.23339572e+21
1.858171592e+21
2.037053883e+21
2.032655419e+21
2.023872519e+21
2.01835704e+21
2.007863212e+21
1.819306583e+21
1.446674869e+21
1.981463134e+21
1.967989321e+21
1.781110414e+21
1.944486794e+21
2.110597599e+21
1.918872733e+21
2.081624459e+21
2.063300149e+21
2.050653928e+21
2.031447773e+21
2.017930395e+21
1.99799634e+21
1.983697799e+21
1.963181621e+21
2.272895388e+21
1.927234183e+21
2.070962726e+21
2.047908023e+21
1.874306374e+21
1.852821346e+21
1.836352628e+21
1.814768629e+21
1.947827243e+21
1.776405407e+21
2.052650562e+21
2.027555005e+21
2.294375567e+21
2.265897398e+21
2.10280925e+21
1.937955172e+21
1.917940126e+21
1.758332634e+21
1.606006986e+21
2.246056792e+21
1.829950541e+21
1.935413016e+21
1.659241432e+21
2.267685191e+21
1.99377516e+21
1.721888767e+21
2.068003536e+21
2.2811775e+21
2.256187767e+21
1.875144409e+21
2.202348577e+21
1.944785551e+21
1.697239754e+21
1.675088179e+21
1.877780774e+21
1.96233737e+21
1.941117185e+21
1.5965877e+21
2.105936867e+21
2.078695365e+21
2.159414725e+21
2.030119144e+21
2.10918294e+21
2.280514268e+21
1.962413081e+21
2.131249551e+21
1.629940415e+21
2.177454069e+21
2.061643237e+21
2.128483357e+21
2.107173606e+21
2.081188019e+21
1.791863753e+21
1.947037953e+21
2.015731773e+21
1.991506699e+21
1.972404508e+21
1.949054863e+21
2.014565065e+21
1.991110902e+21
1.972543815e+21
1.94999817e+21
2.012558599e+21
1.990018489e+21
1.893060359e+21
1.872328532e+21
1.932826736e+21
1.912176121e+21
1.895180825e+21
2.025515154e+21
1.858955935e+21
2.061026101e+21
1.97003691e+21
2.230160531e+21
2.043159431e+21
2.225800624e+21
2.223413479e+21
2.033225606e+21
1.291794977e+21
2.023109124e+21
2.018748545e+21
1.827333748e+21
2.186835333e+21
1.994225669e+21
1.98765664e+21
1.975734598e+21
2.14700297e+21
2.132469938e+21
1.946071445e+21
2.107092069e+21
1.9218123e+21
2.079431024e+21
2.067839284e+21
1.878904787e+21
2.037175044e+21
2.018175028e+21
2.004771046e+21
1.985047946e+21
1.970868186e+21
1.950565967e+21
1.935703466e+21
1.914956935e+21
2.057799169e+21
1.87844092e+21
2.017707313e+21
1.99466362e+21
2.281110923e+21
2.104102297e+21
1.935777604e+21
1.912615093e+21
1.894348178e+21
1.871266287e+21
1.710327412e+21
1.68916822e+21
1.811460711e+21
1.788766296e+21
1.906491093e+21
1.747905872e+21
1.729542656e+21
2.364193121e+21
1.949150821e+21
1.795848876e+21
2.410920394e+21
2.12930649e+21
2.106140737e+21
1.956566147e+21
1.693288243e+21
2.268161405e+21
2.125258377e+21
1.747982535e+21
2.074619516e+21
2.161337066e+21
2.025221924e+21
1.99884349e+21
2.196785086e+21
2.276631978e+21
2.037542217e+21
2.11697187e+21
1.989544164e+21
1.860487776e+21
1.738440693e+21
2.22083474e+21
1.897802445e+21
1.774952455e+21
2.04922248e+21
1.926889315e+21
1.90707514e+21
2.071397918e+21
1.957173983e+21
2.02482726e+21
2.004552622e+21
1.979843548e+21
1.782087273e+21
2.11245843e+21
1.917573216e+21
2.066757401e+21
1.96164062e+21
2.022691151e+21
2.00356097e+21
1.980222482e+21
1.961753565e+21
2.02011732e+21
1.921466501e+21
1.899921711e+21
1.882658324e+21
2.017176586e+21
2.075948007e+21
2.053725783e+21
1.960086717e+21
1.790455341e+21
1.99652341e+21
1.903126658e+21
1.959047436e+21
2.030332202e+21
1.844717404e+21
2.21059553e+21
2.02421042e+21
2.20294193e+21
2.01612948e+21
2.009353985e+21
1.822755157e+21
2.177944136e+21
1.810024873e+21
2.160842324e+21
2.153737216e+21
2.140878259e+21
1.599454135e+21
1.765195875e+21
2.108832851e+21
2.093113772e+21
2.082633904e+21
1.721441097e+21
2.054235488e+21
2.036306219e+21
2.023872196e+21
2.005074595e+21
1.991782215e+21
1.972266301e+21
1.958203458e+21
1.938111417e+21
1.923370079e+21
1.902835118e+21
1.887509443e+21
1.866654981e+21
1.850839573e+21
1.982260312e+21
2.266958867e+21
1.792402559e+21
1.923876133e+21
1.754709607e+21
1.882806076e+21
2.146086548e+21
1.841666024e+21
1.818956112e+21
1.662109025e+21
1.641351492e+21
1.759808086e+21
2.138587126e+21
1.98388339e+21
1.828067089e+21
2.066959689e+21
1.91296551e+21
2.144647711e+21
1.992520445e+21
1.970857526e+21
1.823801817e+21
1.683626287e+21
1.899194108e+21
2.113213799e+21
2.20163074e+21
2.177544207e+21
2.036110276e+21
2.349531936e+21
2.208562961e+21
1.747643241e+21
1.940581578e+21
1.919608945e+21
2.000025968e+21
2.290976605e+21
1.747470942e+21
2.440785684e+21
2.208673094e+21
2.086086462e+21
2.157541957e+21
2.038034732e+21
2.012214346e+21
1.991522108e+21
1.779209621e+21
2.039224808e+21
1.922296649e+21
2.084288645e+21
1.879598622e+21
1.949658586e+21
1.750834251e+21
1.993858818e+21
1.969896211e+21
1.950993577e+21
1.927885435e+21
1.992676437e+21
1.969452501e+21
1.951080723e+21
2.00910787e+21
1.990616877e+21
2.047002074e+21
2.028400811e+21
2.083278272e+21
1.988103733e+21
1.891136167e+21
2.024278583e+21
2.077323843e+21
2.059034498e+21
1.965352821e+21
1.876025075e+21
2.016540534e+21
1.648970678e+21
2.012630369e+21
1.827709665e+21
1.82335364e+21
1.820438823e+21
1.81434966e+21
1.991497975e+21
2.163287725e+21
2.157423489e+21
1.788635361e+21
1.961040989e+21
2.12660264e+21
2.118399865e+21
1.928839868e+21
1.745721797e+21
1.906043073e+21
1.896517424e+21
1.881189743e+21
1.870742055e+21
2.023072401e+21
2.010741958e+21
1.992143141e+21
1.978960609e+21
1.959648203e+21
1.945700457e+21
1.925814905e+21
1.911192863e+21
1.8908658e+21
1.875662564e+21
1.855016017e+21
2.145879352e+21
2.121549558e+21
1.802385062e+21
1.781424995e+21
2.206292436e+21
2.180074042e+21
1.871403773e+21
1.848753308e+21
1.971427952e+21
1.66902542e+21
2.202959428e+21
1.90359184e+21
1.749426952e+21
1.727418978e+21
1.709307622e+21
1.947259567e+21
1.669659869e+21
2.535914527e+21
1.881441143e+21
1.981119697e+21
1.959595152e+21
2.176130303e+21
1.913227392e+21
2.006509818e+21
2.451522468e+21
1.843612783e+21
1.937418754e+21
2.024765905e+21
1.780154079e+21
2.086509545e+21
1.846589691e+21
1.60823632e+21
2.12114731e+21
1.779676725e+21
1.864153545e+21
2.044611876e+21
1.820587124e+21
1.99694902e+21
2.173523395e+21
1.853213548e+21
1.930446172e+21
1.906013613e+21
1.98073349e+21
2.04899876e+21
1.843815855e+21
2.094004287e+21
2.073031564e+21
1.780435442e+21
1.762850904e+21
1.915528436e+21
1.983099389e+21
1.959265894e+21
2.024829377e+21
1.917472236e+21
1.981909528e+21
1.958799037e+21
2.021378524e+21
1.918289059e+21
1.900631478e+21
1.957574867e+21
2.01737626e+21
1.918445769e+21
1.901217198e+21
2.106483533e+21
2.013204992e+21
1.992127445e+21
2.047725872e+21
1.88211394e+21
1.865675494e+21
2.002934969e+21
1.819830889e+21
2.180800162e+21
1.815396219e+21
2.173307481e+21
1.808199484e+21
2.162615246e+21
1.978146726e+21
1.79068938e+21
1.96442791e+21
2.132075311e+21
1.947998682e+21
1.936473132e+21
2.104382217e+21
1.916133906e+21
2.081083245e+21
2.06570628e+21
2.055401511e+21
1.868955506e+21
2.027557899e+21
2.010009484e+21
1.997780991e+21
1.979377417e+21
1.966303019e+21
2.109456412e+21
1.933356105e+21
1.913673442e+21
1.899168868e+21
2.035633298e+21
1.863963471e+21
1.843521297e+21
1.827953126e+21
1.957910772e+21
1.940618417e+21
1.770581077e+21
1.900506889e+21
2.022460262e+21
2.146313935e+21
1.837698743e+21
1.959665322e+21
2.073916375e+21
1.779317696e+21
1.757234714e+21
2.140513941e+21
1.849458772e+21
1.69936663e+21
2.194141704e+21
2.043110682e+21
1.638895041e+21
1.621248034e+21
1.846733131e+21
2.192018358e+21
2.163838865e+21
1.902433634e+21
1.877885759e+21
1.857359659e+21
2.062503655e+21
1.813298815e+21
1.901683511e+21
1.991586293e+21
2.184223571e+21
1.72839686e+21
1.706047017e+21
2.004048347e+21
1.874079237e+21
2.059982076e+21
1.72847308e+21
2.011881881e+21
1.886825287e+21
1.866967448e+21
2.231247792e+21
1.824019684e+21
1.990531695e+21
2.063873567e+21
1.945344416e+21
2.017288694e+21
1.99220346e+21
2.061895427e+21
1.947968686e+21
2.016395758e+21
1.991852986e+21
1.886696526e+21
1.948749693e+21
2.013957388e+21
1.990091399e+21
1.971258345e+21
2.029437719e+21
1.93007968e+21
1.907947287e+21
1.96914843e+21
2.024873903e+21
1.929298943e+21
1.984365971e+21
1.815272825e+21
1.945376352e+21
2.002251895e+21
2.128000099e+21
2.036540786e+21
1.943772192e+21
1.926802535e+21
1.808647061e+21
1.988401521e+21
2.166201659e+21
1.983572334e+21
2.158787246e+21
1.616511261e+21
1.969188393e+21
1.607705429e+21
1.956678922e+21
2.128792294e+21
1.941479039e+21
1.759207919e+21
1.923730449e+21
2.090548861e+21
2.076648268e+21
2.067480515e+21
1.881247446e+21
2.042050647e+21
2.025686586e+21
2.014477266e+21
1.997114179e+21
1.984986042e+21
1.966774258e+21
1.953806318e+21
1.934890254e+21
1.921167401e+21
2.06015779e+21
2.044569824e+21
2.178602174e+21
1.852409415e+21
2.290210193e+21
2.119507657e+21
1.945958959e+21
1.928798771e+21
2.053179775e+21
1.889033881e+21
2.010331979e+21
1.991239948e+21
1.967296792e+21
1.948042224e+21
1.924250244e+21
1.632789561e+21
2.150116648e+21
1.995032113e+21
1.970084731e+21
1.81950526e+21
1.796558865e+21
1.523543531e+21
2.130954396e+21
2.108026159e+21
1.713867023e+21
1.816361428e+21
1.912609331e+21
1.65529086e+21
1.984123007e+21
1.962447416e+21
1.595277516e+21
1.915960719e+21
1.891204876e+21
2.200690368e+21
1.955028552e+21
1.826365001e+21
1.802791058e+21
1.993127095e+21
1.863906531e+21
1.639044044e+21
1.618003026e+21
2.201108808e+21
2.074202865e+21
1.954642719e+21
1.929793031e+21
2.005192633e+21
1.885585392e+21
2.146122514e+21
2.119218796e+21
2.097701061e+21
1.981561226e+21
1.961709674e+21
1.937570593e+21
2.005629194e+21
2.06736287e+21
1.961925178e+21
1.938345778e+21
2.003201525e+21
1.979457083e+21
2.042417744e+21
2.01857727e+21
1.91974779e+21
1.897716425e+21
1.880243448e+21
2.013988258e+21
1.918925778e+21
1.897754821e+21
2.03116935e+21
2.009264709e+21
1.991417337e+21
1.970473824e+21
1.880800281e+21
1.933158632e+21
1.845315169e+21
1.976267286e+21
1.975167599e+21
2.151797303e+21
2.149512541e+21
2.144459748e+21
2.141049585e+21
2.133986549e+21
1.951974174e+21
2.12047863e+21
2.114759792e+21
2.104064177e+21
2.097193833e+21
2.084895679e+21
2.076896187e+21
2.06314652e+21
2.054054455e+21
2.039007265e+21
1.85979943e+21
2.012681773e+21
2.00156433e+21
1.984383279e+21
1.972353944e+21
2.11719146e+21
1.941467458e+21
1.922744399e+21
1.90913142e+21
2.204818092e+21
2.03186655e+21
2.01049831e+21
1.994414192e+21
1.82095399e+21
1.805625767e+21
1.934152178e+21
1.917122232e+21
1.895058244e+21
2.022136914e+21
1.998348291e+21
1.979396146e+21
2.095363301e+21
2.074881633e+21
2.049620161e+21
1.893785747e+21
2.004027772e+21
2.247930445e+21
1.958738702e+21
2.067480056e+21
1.913888688e+21
2.272281464e+21
1.8695972e+21
2.096095332e+21
1.947687035e+21
2.046977769e+21
2.139667888e+21
1.881207411e+21
2.089181532e+21
2.295967154e+21
2.039764573e+21
2.241657606e+21
1.991478798e+21
2.07920847e+21
1.836352577e+21
2.136962216e+21
2.109428662e+21
1.669325667e+21
2.059826296e+21
2.241523534e+21
1.709883852e+21
1.890738492e+21
2.161329944e+21
2.33300398e+21
2.015456064e+21
2.089454428e+21
1.781757885e+21
1.949057759e+21
2.199593268e+21
1.995819494e+21
2.060624457e+21
1.951283565e+21
1.927282918e+21
1.908238865e+21
1.970705376e+21
1.951506735e+21
2.011880725e+21
1.99255994e+21
1.968935815e+21
1.950295777e+21
2.007832441e+21
1.909525925e+21
2.044894256e+21
1.948138109e+21
2.080265915e+21
1.908663562e+21
1.887575817e+21
1.945449909e+21
1.924431999e+21
2.054058641e+21
2.032408605e+21
1.942585608e+21
1.922660349e+21
1.835300748e+21
1.784725436e+21
2.140482186e+21
2.137583249e+21
1.779431642e+21
2.130321173e+21
1.772449409e+21
2.119954572e+21
1.762859914e+21
1.931034393e+21
2.100911077e+21
1.741944014e+21
2.083518859e+21
1.898741656e+21
1.719517232e+21
2.049819207e+21
2.040801645e+21
2.025914907e+21
2.01586257e+21
1.999842875e+21
1.988815884e+21
1.971813662e+21
1.959881606e+21
1.94204337e+21
1.929283466e+21
1.910750078e+21
1.897245309e+21
1.878150565e+21
1.863987836e+21
2.151866934e+21
1.829725758e+21
1.960699291e+21
1.944220832e+21
1.922487805e+21
1.905586217e+21
2.028631766e+21
2.010075275e+21
1.986506627e+21
1.967692404e+21
1.944184602e+21
1.925204811e+21
2.037684286e+21
2.017264039e+21
2.258117225e+21
2.103506404e+21
1.68785293e+21
1.798704421e+21
1.903017791e+21
2.13387349e+21
1.982998014e+21
1.961692984e+21
1.936792166e+21
1.676328549e+21
1.891363356e+21
1.636924569e+21
1.84680492e+21
1.940816618e+21
1.915883023e+21
1.894972798e+21
1.870590266e+21
2.176721862e+21
1.826398397e+21
1.912847856e+21
2.307855823e+21
1.971637838e+21
1.639012331e+21
1.925470422e+21
2.200955546e+21
1.583687294e+21
1.758935121e+21
1.933808873e+21
1.909280501e+21
1.794938768e+21
2.052149461e+21
1.938723124e+21
1.823293604e+21
1.985255354e+21
2.049733084e+21
2.029193499e+21
2.091386087e+21
1.98443735e+21
2.04552947e+21
1.941198358e+21
2.001253244e+21
1.982030819e+21
1.958525802e+21
1.939980798e+21
1.917313339e+21
1.978554519e+21
1.955812885e+21
2.015312195e+21
1.992564358e+21
1.898510526e+21
1.877505425e+21
2.009496706e+21
1.840507726e+21
1.897129695e+21
1.8770901e+21
2.289950685e+21
2.195575545e+21
1.895601914e+21
1.950300396e+21
1.949221287e+21
2.123555748e+21
2.121309641e+21
2.116367812e+21
1.936929281e+21
1.930597096e+21
1.926485149e+21
2.09286825e+21
1.913305681e+21
2.076779518e+21
1.897519312e+21
1.886489138e+21
2.050118908e+21
2.03666297e+21
2.027718754e+21
1.845240473e+21
2.003018811e+21
1.987166737e+21
1.976228807e+21
1.959402281e+21
1.947566016e+21
2.090735507e+21
2.0770224e+21
1.898904474e+21
1.885506286e+21
1.86660087e+21
1.852548696e+21
2.13874388e+21
1.818590991e+21
2.098754599e+21
1.932490363e+21
1.763966102e+21
1.894188204e+21
1.728494209e+21
2.140882151e+21
1.692689551e+21
1.676679644e+21
2.070890317e+21
2.050698997e+21
2.296004838e+21
1.604486552e+21
2.113085695e+21
1.830021635e+21
2.323721089e+21
2.42722467e+21
2.144572316e+21
2.246654783e+21
2.34161342e+21
1.950714629e+21
2.287146975e+21
1.786087871e+21
1.880916397e+21
2.209283924e+21
2.181048019e+21
2.043719e+21
2.129605943e+21
1.773788545e+21
1.969888846e+21
2.164932336e+21
2.030263498e+21
1.902541978e+21
1.878115424e+21
2.373922055e+21
2.037822688e+21
2.015990064e+21
2.089734968e+21
2.264442448e+21
1.749609329e+21
2.019735494e+21
1.899186899e+21
2.06736328e+21
1.577388448e+21
2.203997151e+21
1.632325462e+21
1.974802459e+21
2.038956238e+21
1.930760325e+21
1.907031864e+21
1.888182028e+21
1.950002099e+21
2.01495476e+21
1.907790056e+21
1.971612389e+21
1.948225287e+21
1.929774355e+21
2.145616921e+21
1.96813054e+21
1.867671739e+21
1.850468548e+21
1.982022427e+21
2.039542129e+21
2.016945269e+21
1.924802051e+21
1.977162049e+21
2.177339953e+21
2.082481252e+21
1.850639346e+21
1.972446707e+21
2.025086164e+21
2.113714006e+21
1.936502092e+21
1.933901891e+21
2.107483911e+21
2.102596046e+21
1.924330277e+21
1.743697527e+21
1.913988645e+21
1.906053369e+21
1.900938187e+21
2.063400842e+21
2.056697038e+21
1.874393736e+21
1.867238577e+21
2.023674535e+21
1.679002112e+21
2.000228188e+21
1.99033768e+21
1.974650284e+21
1.963800053e+21
2.109408347e+21
1.935404238e+21
1.917926707e+21
1.905368572e+21
2.201738977e+21
1.873911639e+21
2.164391083e+21
1.994686527e+21
2.125779915e+21
1.807590925e+21
2.086140362e+21
1.773139013e+21
1.753454858e+21
1.882925733e+21
2.147854092e+21
2.27014695e+21
2.103470774e+21
1.944695277e+21
1.784351363e+21
2.17473903e+21
2.014224783e+21
2.127025349e+21
1.707081904e+21
1.949566435e+21
2.182200943e+21
2.159453902e+21
2.007085137e+21
1.613485604e+21
2.083451809e+21
2.061099623e+21
1.915364042e+21
2.131463642e+21
1.636761185e+21
2.081521764e+21
1.826649698e+21
2.032578494e+21
2.006580774e+21
1.984700868e+21
2.176964964e+21
2.260933321e+21
2.019376231e+21
1.892346556e+21
1.76431033e+21
2.053270546e+21
2.128346046e+21
2.105548291e+21
1.979691545e+21
1.958663066e+21
1.933757672e+21
1.913414465e+21
1.98365943e+21
1.776061236e+21
1.938315806e+21
1.827027802e+21
1.984616529e+21
1.964459062e+21
2.028292122e+21
2.095265186e+21
1.897065095e+21
2.049066426e+21
1.939812732e+21
2.004422502e+21
1.98033159e+21
1.961302915e+21
2.01878391e+21
1.999661192e+21
1.897222558e+21
1.957815822e+21
1.935278273e+21
1.917450041e+21
1.971591456e+21
1.878525092e+21
2.006298285e+21
1.914641613e+21
1.893847623e+21
1.949226819e+21
1.999976463e+21
1.982399484e+21
1.891838681e+21
2.014272196e+21
1.750006394e+21
2.098852159e+21
2.09604591e+21
1.919350798e+21
2.089002355e+21
1.738085561e+21
2.078944424e+21
2.074530783e+21
1.893803677e+21
1.717026866e+21
1.708494528e+21
1.873248149e+21
2.031766306e+21
2.024023316e+21
2.010850714e+21
2.002049822e+21
1.987627553e+21
1.977816108e+21
1.962290518e+21
2.114153875e+21
1.935042424e+21
1.923393408e+21
1.906091603e+21
1.893632087e+21
1.875648487e+21
1.862458719e+21
1.843922452e+21
1.830086515e+21
2.263898749e+21
1.79672313e+21
2.221796626e+21
1.909449017e+21
1.743068142e+21
1.871796398e+21
1.850541625e+21
1.974738526e+21
1.951808971e+21
1.795297329e+21
1.910516909e+21
2.297350037e+21
1.86918334e+21
2.114875697e+21
1.958530301e+21
1.809287176e+21
2.042274164e+21
2.147318414e+21
2.245360376e+21
1.851333074e+21
1.95002846e+21
2.049692628e+21
2.023878483e+21
2.001987974e+21
1.860364919e+21
1.840144925e+21
2.384466218e+21
2.246176427e+21
1.995758146e+21
1.754672123e+21
2.057026548e+21
1.927559073e+21
1.691456932e+21
2.195969792e+21
1.961409638e+21
2.348734534e+21
2.016284208e+21
2.19416034e+21
1.969270197e+21
1.753519848e+21
1.731251301e+21
1.903377728e+21
1.879316509e+21
1.859758519e+21
1.836380618e+21
1.9083665e+21
1.794797695e+21
2.04305179e+21
1.930011194e+21
1.823815934e+21
1.972983871e+21
1.953476172e+21
1.929729297e+21
1.993999777e+21
1.97003395e+21
1.951100695e+21
1.927945917e+21
1.909680297e+21
2.123251018e+21
2.103417349e+21
2.002178694e+21
2.136326543e+21
2.187570052e+21
2.167679632e+21
1.995763116e+21
2.124348019e+21
1.883867723e+21
1.867143824e+21
1.989394547e+21
1.971914839e+21
2.230261596e+21
2.141750564e+21
1.738731625e+21
2.085333013e+21
2.082556555e+21
2.080366154e+21
2.075583306e+21
2.072310181e+21
1.893489317e+21
2.061246298e+21
2.052775015e+21
1.876676735e+21
1.867391191e+21
1.861343928e+21
2.018904376e+21
2.011223069e+21
1.998188395e+21
1.823669403e+21
1.975184681e+21
1.965451102e+21
2.112591557e+21
1.939405715e+21
1.923088229e+21
2.070824962e+21
1.894401668e+21
2.038875912e+21
2.174938274e+21
2.005407022e+21
2.138253419e+21
1.970646665e+21
1.950295123e+21
1.934817339e+21
2.06136138e+21
2.044143411e+21
1.877204068e+21
2.147074447e+21
2.264292129e+21
1.963234096e+21
1.940510884e+21
2.334135811e+21
1.899551981e+21
1.881099557e+21
1.991299302e+21
1.840006049e+21
2.077308696e+21
2.570135926e+21
2.157769194e+21
1.758497637e+21
2.232890044e+21
1.963804928e+21
1.696870779e+21
1.918504659e+21
1.894404878e+21
2.225288763e+21
2.081538763e+21
1.71577301e+21
2.032795865e+21
2.122361137e+21
2.205612931e+21
1.96342605e+21
2.046054686e+21
2.023801869e+21
1.787637933e+21
1.976295606e+21
2.053740579e+21
2.031600128e+21
1.805116326e+21
1.984209674e+21
1.958957993e+21
1.93815563e+21
2.104930668e+21
1.893445736e+21
2.24344371e+21
2.035088745e+21
1.918188537e+21
2.079263287e+21
1.874770768e+21
1.855726045e+21
2.094568776e+21
2.073569855e+21
2.048117303e+21
1.94336936e+21
2.003217548e+21
1.983684884e+21
2.04150297e+21
1.941004065e+21
1.997878886e+21
1.97894727e+21
1.877548459e+21
1.93750737e+21
2.068384007e+21
2.049324704e+21
2.026096054e+21
2.08203077e+21
1.911806973e+21
1.894639177e+21
1.946069085e+21
2.000231774e+21
1.978924021e+21
2.031595533e+21
1.941161279e+21
1.99298708e+21
1.900361327e+21
2.071986913e+21
2.069239715e+21
1.894811694e+21
2.062335556e+21
1.715907149e+21
1.881435036e+21
2.048130868e+21
1.869770651e+21
2.034301932e+21
2.024279434e+21
2.0177346e+21
2.006204265e+21
1.998583706e+21
1.985684548e+21
1.977022652e+21
1.962896629e+21
1.953239743e+21
1.938029421e+21
1.927434413e+21
2.07055423e+21
1.899813491e+21
2.196663286e+21
2.338234498e+21
2.007368179e+21
1.839967793e+21
1.821788486e+21
2.109522938e+21
1.789554987e+21
1.923322837e+21
1.902820518e+21
2.032100698e+21
2.153324434e+21
2.276834225e+21
1.96975532e+21
2.091281716e+21
1.929342842e+21
1.774676549e+21
1.888712196e+21
1.870387203e+21
1.848029077e+21
2.483048353e+21
1.678341226e+21
1.533443403e+21
2.14575733e+21
2.123452077e+21
1.973828856e+21
2.197097269e+21
1.928651142e+21
2.027253278e+21
2.237364442e+21
2.096710545e+21
1.955273796e+21
2.275348313e+21
1.909555228e+21
2.222082205e+21
1.864767201e+21
1.844461059e+21
1.928083498e+21
1.8011706e+21
1.569003105e+21
2.27627344e+21
1.940806246e+21
2.121982331e+21
1.895436449e+21
1.875145825e+21
2.241066211e+21
2.120868321e+21
2.094002193e+21
2.071978544e+21
2.045843366e+21
2.208603646e+21
1.908280842e+21
2.068522999e+21
2.131548193e+21
2.021981144e+21
1.649661566e+21
1.890982321e+21
2.037578414e+21
1.849307173e+21
1.992911668e+21
1.891247986e+21
1.949756648e+21
2.011470202e+21
1.987587896e+21
1.968750408e+21
2.023518937e+21
2.08171115e+21
1.981483206e+21
1.887713808e+21
2.164902486e+21
1.923296565e+21
1.975021253e+21
2.102270086e+21
2.079322502e+21
1.918738766e+21
2.179480612e+21
2.090651548e+21
1.86198961e+21
1.914149833e+21
1.888273622e+21
2.058810555e+21
2.0560921e+21
1.882775949e+21
2.049255845e+21
1.875531734e+21
2.039490834e+21
2.035181286e+21
2.02688884e+21
2.02148375e+21
2.011566551e+21
2.005073111e+21
1.993662938e+21
1.986102212e+21
1.973336215e+21
1.964742254e+21
1.950760525e+21
1.941179186e+21
1.926122458e+21
1.915609994e+21
2.216220453e+21
1.88823902e+21
1.871446746e+21
2.014213945e+21
2.148782188e+21
1.981335207e+21
2.112739512e+21
2.096962384e+21
2.37195254e+21
1.764889942e+21
2.037164133e+21
1.875899117e+21
1.855352873e+21
1.839184021e+21
1.678618085e+21
1.940622739e+21
2.055324228e+21
2.036010903e+21
1.743852893e+21
1.859796166e+21
2.100149135e+21
1.819339816e+21
2.054122903e+21
2.414427355e+21
1.757311674e+21
1.987498123e+21
2.453733737e+21
1.942264559e+21
2.038020868e+21
2.016216844e+21
1.991018163e+21
1.9695224e+21
1.715968305e+21
1.584192319e+21
2.234538568e+21
2.320739294e+21
1.854869604e+21
1.834680139e+21
2.131008831e+21
2.002457332e+21
1.768868164e+21
1.955558793e+21
1.625824018e+21
1.909863239e+21
1.984816845e+21
2.061752297e+21
2.132519652e+21
1.918073175e+21
1.988496309e+21
2.061278446e+21
2.220334185e+21
2.105677661e+21
1.98887854e+21
1.878945871e+21
1.855537733e+21
1.92414675e+21
1.900348813e+21
1.966805907e+21
2.027147429e+21
2.007095232e+21
1.900098316e+21
2.045179138e+21
2.020597634e+21
2.001167796e+21
1.898306284e+21
1.958658088e+21
1.935706469e+21
1.917615913e+21
2.047114117e+21
2.028246085e+21
1.930942856e+21
1.913382125e+21
1.964811162e+21
1.875050355e+21
1.854549286e+21
2.120874359e+21
1.958310172e+21
2.079767072e+21
2.126655268e+21
2.108157251e+21
2.046914965e+21
1.87531733e+21
2.043110507e+21
2.040973243e+21
1.866645914e+21
2.033145132e+21
2.026670318e+21
2.022394426e+21
2.014189043e+21
1.841423917e+21
1.999012351e+21
1.992569536e+21
1.981277435e+21
1.97377565e+21
1.961140514e+21
1.952613475e+21
1.938773568e+21
1.929266654e+21
1.91436091e+21
1.903929772e+21
2.045437029e+21
1.876804729e+21
2.170206081e+21
1.848097244e+21
1.830804559e+21
1.969514715e+21
1.800179597e+21
1.935654056e+21
2.063248174e+21
1.900738747e+21
2.169939959e+21
1.864976285e+21
1.844616937e+21
1.9692231e+21
2.086232854e+21
1.653866795e+21
2.043630017e+21
2.024450873e+21
2.000785265e+21
1.849324397e+21
1.827348277e+21
2.067634072e+21
1.787382642e+21
1.89556776e+21
2.246961589e+21
1.853038617e+21
2.196296524e+21
1.690211784e+21
2.503905393e+21
1.769382286e+21
1.980300571e+21
2.074164646e+21
1.93436674e+21
1.913389045e+21
2.000402125e+21
1.868724492e+21
1.845076519e+21
1.932355489e+21
1.907839238e+21
2.201632279e+21
1.863137982e+21
2.354900668e+21
1.718459501e+21
1.799944925e+21
2.073272104e+21
2.246428075e+21
2.025092332e+21
1.812777848e+21
1.978278442e+21
2.050688296e+21
1.932837414e+21
1.821642205e+21
2.068652157e+21
1.958355718e+21
2.109792506e+21
1.914325865e+21
1.976602158e+21
1.956779039e+21
2.016822699e+21
1.996869721e+21
1.97261479e+21
1.953370724e+21
2.010304704e+21
1.911331571e+21
1.967320723e+21
1.948668713e+21
1.848790663e+21
1.907822564e+21
1.885779979e+21
1.943132676e+21
1.921041257e+21
1.83035517e+21
1.954706093e+21
1.793660635e+21
2.057860321e+21
1.898937781e+21
1.94816346e+21
1.931062321e+21
1.979097549e+21
2.029541075e+21
2.034058622e+21
2.03295428e+21
2.030291809e+21
1.859157406e+21
2.023587913e+21
2.020417029e+21
2.014009978e+21
2.009767241e+21
2.001647401e+21
1.99632596e+21
1.986613881e+21
1.980220938e+21
1.96904487e+21
1.961601151e+21
1.949094632e+21
1.940633525e+21
1.926933026e+21
1.917499439e+21
1.90274213e+21
1.892391124e+21
1.876712831e+21
2.020967093e+21
1.849041464e+21
1.990141464e+21
1.819926634e+21
2.108437075e+21
1.938696774e+21
1.924264389e+21
2.051180707e+21
2.035001695e+21
2.013528372e+21
1.711550694e+21
1.834004533e+21
1.818066529e+21
1.936041782e+21
1.9185263e+21
1.625654501e+21
1.610417099e+21
1.856922633e+21
1.7076149e+21
1.946979093e+21
1.927642132e+21
1.90448341e+21
1.885125002e+21
1.986363264e+21
1.842909699e+21
2.184363774e+21
2.041266077e+21
2.016040372e+21
1.994500589e+21
2.08556232e+21
1.833842268e+21
2.376804686e+21
2.015179549e+21
1.989832427e+21
1.858860514e+21
2.2672419e+21
2.242585349e+21
1.792438156e+21
1.877265783e+21
1.956428274e+21
1.62968643e+21
1.810137e+21
1.989603197e+21
1.866159717e+21
2.040530493e+21
2.014705379e+21
2.088242889e+21
2.155609337e+21
2.040206406e+21
1.922983916e+21
1.812356009e+21
1.96864641e+21
1.948394334e+21
1.924156991e+21
1.904604724e+21
2.052082134e+21
1.862208066e+21
2.006602609e+21
1.986747874e+21
1.962620602e+21
1.943470851e+21
2.000116107e+21
1.901641322e+21
1.879047693e+21
1.938780715e+21
1.992682795e+21
1.822203587e+21
2.10132453e+21
1.933241233e+21
2.058259201e+21
1.821016119e+21
1.944704433e+21
1.927241773e+21
1.906101796e+21
1.889189759e+21
2.007339973e+21
1.921112312e+21
1.968850615e+21
1.884437128e+21
2.021362768e+21
2.020268166e+21
2.01763296e+21
2.015529778e+21
2.010993574e+21
2.007847298e+21
1.834714595e+21
1.997296757e+21
1.823489229e+21
1.983980434e+21
1.974368261e+21
1.968024454e+21
1.956962428e+21
1.949575919e+21
1.937195825e+21
1.92879968e+21
2.07483925e+21
1.905874897e+21
2.04886883e+21
2.194490074e+21
2.176377431e+21
1.85434662e+21
1.991208707e+21
1.978319714e+21
1.959941977e+21
1.796577104e+21
1.779077321e+21
1.913007974e+21
1.893592608e+21
1.878678876e+21
1.85892105e+21
2.127124422e+21
1.963783812e+21
2.085794535e+21
2.337571566e+21
1.90766571e+21
1.751218147e+21
2.402064246e+21
1.714665262e+21
2.481848798e+21
1.678044849e+21
2.17259572e+21
2.020298685e+21
1.999783118e+21
1.975546442e+21
2.077276366e+21
2.05186221e+21
2.030252279e+21
2.477045078e+21
1.983816947e+21
1.959207855e+21
1.938092991e+21
2.139067005e+21
2.004531485e+21
2.089339051e+21
2.175411909e+21
2.255396706e+21
2.230879456e+21
1.783125918e+21
1.971271562e+21
1.843878806e+21
1.925256881e+21
2.000917156e+21
1.979373867e+21
2.052032416e+21
1.836741383e+21
1.718078087e+21
2.077589664e+21
2.051399983e+21
2.029831126e+21
1.913230374e+21
2.07363861e+21
2.047715011e+21
2.026648948e+21
1.827416877e+21
2.067252887e+21
2.04172843e+21
2.021247561e+21
1.996485575e+21
1.976728121e+21
1.952727173e+21
1.933670819e+21
2.069631475e+21
2.04971957e+21
1.947462701e+21
1.928992557e+21
2.13512048e+21
1.964074239e+21
2.090684341e+21
1.923449984e+21
1.974675748e+21
2.029184513e+21
1.863145173e+21
1.917430973e+21
1.826129425e+21
2.227604511e+21
2.134773197e+21
2.184302075e+21
1.756084149e+21
2.075601484e+21
2.008824416e+21
2.007739399e+21
2.005130989e+21
2.003044462e+21
1.998555033e+21
1.995433002e+21
1.989157967e+21
1.984980076e+21
1.977026907e+21
1.971786661e+21
1.962272682e+21
1.955977291e+21
2.107112976e+21
1.937697226e+21
1.925441416e+21
1.917109285e+21
1.903680582e+21
1.894390451e+21
1.879922602e+21
2.025539077e+21
2.008883389e+21
1.996927745e+21
2.131694035e+21
1.966637581e+21
1.948433525e+21
1.786047324e+21
2.210888285e+21
2.04818114e+21
1.882645472e+21
2.155199829e+21
2.274782605e+21
1.973954656e+21
2.092086793e+21
1.935692201e+21
1.914199997e+21
2.032422202e+21
1.741421434e+21
1.857842204e+21
1.967483042e+21
2.208305931e+21
1.797180625e+21
1.90646726e+21
1.883690752e+21
1.988886295e+21
1.719240941e+21
1.701448435e+21
1.920784964e+21
2.019356695e+21
1.877203713e+21
2.321467237e+21
2.407377127e+21
2.041240501e+21
1.903831241e+21
2.104772877e+21
1.750244102e+21
1.514834337e+21
2.13683299e+21
1.796572251e+21
1.878257583e+21
1.961091049e+21
2.038219735e+21
2.016172478e+21
2.090210723e+21
2.166174104e+21
2.138792788e+21
1.827384818e+21
1.70935533e+21
1.691218295e+21
2.041018915e+21
1.835964397e+21
2.175514598e+21
1.883768018e+21
1.948821762e+21
2.016444e+21
1.991396643e+21
1.971158182e+21
1.946833734e+21
1.927302604e+21
1.986470047e+21
1.966808926e+21
2.023888529e+21
2.004134506e+21
1.900843805e+21
1.960992328e+21
2.0151906e+21
1.996074847e+21
2.200254802e+21
2.029356333e+21
2.005860243e+21
1.987363468e+21
2.037470093e+21
2.0910404e+21
1.99630154e+21
1.907719553e+21
1.956606311e+21
2.008508751e+21
1.918344552e+21
2.105250709e+21
2.083062969e+21
1.865135876e+21
1.996440655e+21
1.99536507e+21
1.992782997e+21
1.990712876e+21
1.986269419e+21
1.983171274e+21
1.976960549e+21
1.972814369e+21
2.128687598e+21
1.959741862e+21
1.950324402e+21
1.944076722e+21
1.933236993e+21
1.925962408e+21
1.913828792e+21
1.905559745e+21
1.89226354e+21
2.03996388e+21
2.024443276e+21
1.858599346e+21
1.843373035e+21
2.290524535e+21
1.967790171e+21
1.955092607e+21
2.086064007e+21
2.071580299e+21
2.051541389e+21
1.890885658e+21
1.727837707e+21
1.714269398e+21
1.837722249e+21
1.962722482e+21
1.802887549e+21
1.924767557e+21
1.903462878e+21
2.290518415e+21
1.998154295e+21
2.111460599e+21
1.565301838e+21
2.066960677e+21
2.170347353e+21
1.896053323e+21
1.998361338e+21
2.101739307e+21
2.076403812e+21
1.934055058e+21
1.910516472e+21
2.008577432e+21
1.983944465e+21
1.847331191e+21
1.710493882e+21
1.804886079e+21
2.116673602e+21
1.983569409e+21
2.067604332e+21
1.82988364e+21
2.23207379e+21
1.997560927e+21
1.868599838e+21
1.951015148e+21
1.92640337e+21
1.805278717e+21
1.881513839e+21
1.959227554e+21
1.741048711e+21
1.818123097e+21
1.984174146e+21
2.056606007e+21
2.123048857e+21
1.918057864e+21
2.164591009e+21
1.874309769e+21
2.115336454e+21
2.093573539e+21
2.067586778e+21
2.046572497e+21
1.937109186e+21
2.001050593e+21
1.976554504e+21
2.038529983e+21
2.013788084e+21
1.994129476e+21
1.89135426e+21
1.951199254e+21
1.928001565e+21
1.98609817e+21
1.887281118e+21
1.794844267e+21
2.069723985e+21
2.197110045e+21
1.882429928e+21
1.937047129e+21
2.057178667e+21
1.89810601e+21
2.016238234e+21
2.067263412e+21
2.044935789e+21
1.959434864e+21
1.938736726e+21
1.98817796e+21
1.984208642e+21
1.983142339e+21
1.980586157e+21
1.978532197e+21
1.974133926e+21
1.971059321e+21
1.964911807e+21
1.960796879e+21
2.278505511e+21
1.947843322e+21
1.938520748e+21
2.254373437e+21
1.921588703e+21
1.914368869e+21
2.06088502e+21
2.209839954e+21
1.880982626e+21
2.183803803e+21
2.012447597e+21
1.847602015e+21
1.832521456e+21
1.821649449e+21
2.106769822e+21
2.093196418e+21
1.925817369e+21
1.765353766e+21
1.894030132e+21
1.880015266e+21
1.861126581e+21
2.130614697e+21
2.389550248e+21
2.369821141e+21
1.930652282e+21
2.050677357e+21
2.163252045e+21
2.009795771e+21
1.722153201e+21
1.837327735e+21
1.945890691e+21
1.798685986e+21
1.904588793e+21
2.137186211e+21
1.987570355e+21
2.090410387e+21
2.065278422e+21
1.803477652e+21
2.494218807e+21
2.468009726e+21
2.205644876e+21
2.067291415e+21
1.928398024e+21
1.571006639e+21
2.327299368e+21
2.192502135e+21
2.165163863e+21
2.034591979e+21
1.797622328e+21
1.987294779e+21
2.065601002e+21
2.043202375e+21
2.017472442e+21
2.095445997e+21
1.970507584e+21
1.949307407e+21
1.828502548e+21
2.189787371e+21
1.786182462e+21
1.674222817e+21
2.112412858e+21
1.908450333e+21
2.15377657e+21
1.77613907e+21
1.929392409e+21
2.083136707e+21
2.057297881e+21
2.036386692e+21
1.927481305e+21
1.991102717e+21
1.966737458e+21
2.028402308e+21
1.923636436e+21
1.904854891e+21
1.881958994e+21
2.096823785e+21
2.148626064e+21
2.204246196e+21
1.877885349e+21
2.08355718e+21
1.985850603e+21
2.040405667e+21
2.017096739e+21
1.998745136e+21
2.046863797e+21
2.028484344e+21
2.075270137e+21
2.056864826e+21
1.763326762e+21
2.083993758e+21
1.995416312e+21
2.175909213e+21
1.972125605e+21
1.97106844e+21
1.96853771e+21
1.966499674e+21
1.962145822e+21
1.959094414e+21
1.953009039e+21
1.948924913e+21
2.102978826e+21
1.936088394e+21
1.92685911e+21
1.920704795e+21
1.910079942e+21
2.220066417e+21
2.048603657e+21
1.882873175e+21
2.025655037e+21
1.860752802e+21
2.000593239e+21
1.83673406e+21
2.125429707e+21
2.263756419e+21
1.795307151e+21
2.081051087e+21
2.061990043e+21
1.755185772e+21
2.172903719e+21
2.013059078e+21
1.85055056e+21
1.83606044e+21
1.956770836e+21
1.940637297e+21
1.91985548e+21
1.903284077e+21
1.882345988e+21
2.265159821e+21
1.844422572e+21
2.088273669e+21
1.806253187e+21
2.044444882e+21
2.020563279e+21
1.750525535e+21
1.976895286e+21
1.834590833e+21
1.93343211e+21
1.793881897e+21
2.244737633e+21
2.104264052e+21
2.078585982e+21
2.284944615e+21
1.918342293e+21
1.89771497e+21
2.2049939e+21
1.744925521e+21
2.154018059e+21
1.811062457e+21
1.998825603e+21
1.664954623e+21
1.952333671e+21
1.829530233e+21
1.806530747e+21
2.084841914e+21
1.960575429e+21
1.842512851e+21
2.106586294e+21
1.894608921e+21
2.057868406e+21
1.850947257e+21
2.010496682e+21
1.989364217e+21
1.964480515e+21
1.855675372e+21
1.919822292e+21
2.072803418e+21
2.047110878e+21
1.857443293e+21
1.917948656e+21
1.981253261e+21
1.957017447e+21
1.937639776e+21
1.914131185e+21
2.053392783e+21
2.028711325e+21
1.854627493e+21
1.985282554e+21
1.890808698e+21
2.018069283e+21
2.073232727e+21
1.902809756e+21
1.957766973e+21
2.007062092e+21
1.917772014e+21
1.896193103e+21
1.879166697e+21
2.202540417e+21
2.046570329e+21
2.024383616e+21
2.073525449e+21
1.852989222e+21
1.968122277e+21
1.960188839e+21
2.122402391e+21
1.956634965e+21
1.954612618e+21
1.950302436e+21
1.947273891e+21
1.941249609e+21
1.937195843e+21
1.929559303e+21
1.924474493e+21
1.915336939e+21
1.909228307e+21
2.0569339e+21
2.206861465e+21
2.036467803e+21
2.027708867e+21
2.013721186e+21
2.003954497e+21
1.98887772e+21
1.978159314e+21
1.962130218e+21
1.800484492e+21
1.784932896e+21
1.773467901e+21
1.903720215e+21
2.035989943e+21
2.016495217e+21
1.715672467e+21
2.123185452e+21
2.387462027e+21
2.084786946e+21
1.654097181e+21
2.045548677e+21
2.298304293e+21
2.005673868e+21
1.987667582e+21
2.09637747e+21
1.947065747e+21
2.309720557e+21
2.160455561e+21
1.884078391e+21
1.741117589e+21
1.966334275e+21
2.433076512e+21
2.283779334e+21
2.022306076e+21
1.88035934e+21
2.093208597e+21
2.067728289e+21
1.932070783e+21
2.020649177e+21
2.109985751e+21
1.864585969e+21
1.73594278e+21
1.714389136e+21
1.907784329e+21
1.988648598e+21
1.760015217e+21
1.942447536e+21
1.51689414e+21
1.997143272e+21
1.9755663e+21
2.04828004e+21
1.833277192e+21
2.191340957e+21
2.073665337e+21
2.140702494e+21
1.933826444e+21
2.000524462e+21
2.159452745e+21
1.954762941e+21
2.110281639e+21
1.997180584e+21
1.890691127e+21
2.037024262e+21
2.016316253e+21
1.991488521e+21
1.97150077e+21
1.947393041e+21
2.008445882e+21
2.063446025e+21
1.964704909e+21
2.251663591e+21
2.076190098e+21
2.051490647e+21
2.107277502e+21
1.859371703e+21
1.768294361e+21
2.039059801e+21
1.9480964e+21
1.997126791e+21
1.978954544e+21
1.816899092e+21
2.008344592e+21
1.98611008e+21
1.832740529e+21
2.014261671e+21
1.730393754e+21
1.975376021e+21
2.154069948e+21
1.948395704e+21
1.947356389e+21
1.944875294e+21
1.942868408e+21
1.938601164e+21
1.935595155e+21
1.929630943e+21
1.925607105e+21
2.077883629e+21
1.912999097e+21
1.903951749e+21
2.214202844e+21
2.04476035e+21
2.193812669e+21
1.868746049e+21
1.860720438e+21
2.001927124e+21
1.83898359e+21
1.825198721e+21
1.815377256e+21
2.250899987e+21
2.237606724e+21
1.774677848e+21
2.057178398e+21
2.038465384e+21
1.735197171e+21
2.148297575e+21
1.848141281e+21
2.11125584e+21
1.815468199e+21
2.34958672e+21
1.919043602e+21
2.03423587e+21
2.151171296e+21
1.861692497e+21
2.108570894e+21
1.824347846e+21
1.807391652e+21
1.659126215e+21
1.896013443e+21
1.873987959e+21
1.979211687e+21
1.955885502e+21
2.057144757e+21
1.55434596e+21
1.656660599e+21
2.338146778e+21
2.082268701e+21
2.399814013e+21
2.148166611e+21
2.121900106e+21
1.657191511e+21
2.073264538e+21
1.727052051e+21
1.812257121e+21
2.003521502e+21
2.186845721e+21
1.751107242e+21
2.339537022e+21
1.911726076e+21
2.08648813e+21
1.867385591e+21
2.232159766e+21
1.824133658e+21
2.085648802e+21
2.06336423e+21
2.037489942e+21
2.015885126e+21
2.081134801e+21
2.059263031e+21
2.033556533e+21
1.924903466e+21
1.987371535e+21
1.966922975e+21
2.027036557e+21
1.92282747e+21
1.981735782e+21
1.96184382e+21
1.937862834e+21
1.998614204e+21
1.895399734e+21
1.876885193e+21
2.086115648e+21
1.989505356e+21
1.814614356e+21
2.096951463e+21
1.998271188e+21
1.906252926e+21
1.956573638e+21
2.153912106e+21
1.987289369e+21
2.039534259e+21
1.946995089e+21
1.998423943e+21
2.317002054e+21
2.026287411e+21
2.071048458e+21
2.0529012e+21
1.768955465e+21
2.078364987e+21
1.936743623e+21
2.097022447e+21
1.933256134e+21
1.931264484e+21
2.087626086e+21
1.92405567e+21
2.237842282e+21
1.914156195e+21
1.90667012e+21
1.901659742e+21
1.892701112e+21
2.043905408e+21
1.876366195e+21
2.180917277e+21
1.85780529e+21
2.003991602e+21
1.837172687e+21
1.98064629e+21
1.965853554e+21
2.105698028e+21
1.790363371e+21
1.928122842e+21
2.058629958e+21
1.899342968e+21
1.882124403e+21
2.15671579e+21
1.993788821e+21
1.837755445e+21
1.959495569e+21
1.805344326e+21
1.649337139e+21
1.772109824e+21
2.157917337e+21
1.73823303e+21
1.98378727e+21
1.966021356e+21
2.332894457e+21
1.797628567e+21
2.157976892e+21
2.137299671e+21
1.988272036e+21
1.599558852e+21
1.945547189e+21
1.925920234e+21
1.903006161e+21
1.883410859e+21
1.860777994e+21
1.956362421e+21
2.046349683e+21
2.362031051e+21
1.999900208e+21
1.758605727e+21
2.171251635e+21
1.933033418e+21
1.909132823e+21
1.993374488e+21
2.17582365e+21
1.844776572e+21
1.92297262e+21
2.202489262e+21
1.97721971e+21
1.955870459e+21
2.221076373e+21
2.19720317e+21
2.075335359e+21
2.05316496e+21
1.935294437e+21
1.914775824e+21
1.980873883e+21
2.138244326e+21
2.023595808e+21
2.00254243e+21
2.063643515e+21
1.872208822e+21
2.017146316e+21
1.996637577e+21
1.9720781e+21
1.952281014e+21
1.928425452e+21
1.90932318e+21
2.043351718e+21
2.0233889e+21
1.922180373e+21
1.827518705e+21
1.956249274e+21
2.012200195e+21
2.062165881e+21
1.896945413e+21
2.091228178e+21
1.929039064e+21
1.83629493e+21
1.959552023e+21
2.145005848e+21
2.057173265e+21
1.966519929e+21
1.747456509e+21
1.927841153e+21
1.91095235e+21
1.955734263e+21
2.068038517e+21
1.92523008e+21
1.924208071e+21
1.921774981e+21
1.919798348e+21
2.075249424e+21
1.912652959e+21
2.224606897e+21
1.902840669e+21
1.895427969e+21
1.890454023e+21
2.03838121e+21
1.875607237e+21
2.020840472e+21
2.013303128e+21
1.846991892e+21
1.992339819e+21
1.826537223e+21
1.969194337e+21
2.255238721e+21
1.944054017e+21
1.928468967e+21
1.769643411e+21
1.900727019e+21
1.743297606e+21
2.159433689e+21
2.287544957e+21
1.841010146e+21
1.968061508e+21
1.948608035e+21
1.933435256e+21
2.323678803e+21
2.169057337e+21
2.011981537e+21
1.99470476e+21
1.973022124e+21
1.955374086e+21
1.933612932e+21
1.915682563e+21
2.020189772e+21
1.750746837e+21
1.977736431e+21
1.958275273e+21
1.693402893e+21
1.796073252e+21
1.89307587e+21
2.341998294e+21
2.198228113e+21
1.946243505e+21
2.148926711e+21
2.014198816e+21
1.658070585e+21
2.405745392e+21
2.052220909e+21
1.816387344e+21
1.793975335e+21
1.983329738e+21
1.855638967e+21
1.937507225e+21
2.114789386e+21
1.992283178e+21
2.065776571e+21
2.238094442e+21
1.921828261e+21
1.901176327e+21
2.158992659e+21
2.043066026e+21
2.109216175e+21
2.086856348e+21
1.791993321e+21
1.950479275e+21
2.10128576e+21
1.992781866e+21
2.053606628e+21
1.863102515e+21
1.923712446e+21
1.986941583e+21
1.962514092e+21
1.942810981e+21
1.919079545e+21
2.058406287e+21
1.877031337e+21
1.936136068e+21
1.989377924e+21
1.894435102e+21
2.021634663e+21
2.076600034e+21
2.052148802e+21
2.032938222e+21
2.224572143e+21
1.990747668e+21
2.10846689e+21
2.019635337e+21
1.996803092e+21
1.910636772e+21
1.821912577e+21
1.939522497e+21
1.786044762e+21
1.835971911e+21
2.075796414e+21
1.864894079e+21
1.91385262e+21
1.912839067e+21
1.91042939e+21
1.908467559e+21
1.904324907e+21
2.059833324e+21
2.053560923e+21
1.89165814e+21
2.198370547e+21
2.035994559e+21
2.026476903e+21
2.0200503e+21
1.854543855e+21
1.847636579e+21
1.836303646e+21
1.828451765e+21
2.118694888e+21
1.807268354e+21
1.943356365e+21
2.081633537e+21
1.770003457e+21
1.906229554e+21
2.180759685e+21
2.022378948e+21
1.86101306e+21
1.848224701e+21
2.112415815e+21
1.957124689e+21
1.937840821e+21
1.922772466e+21
1.767187826e+21
2.022363536e+21
2.001035972e+21
2.248391565e+21
1.962373183e+21
2.074497619e+21
2.307911075e+21
2.159504466e+21
2.135048826e+21
1.990244602e+21
2.33618287e+21
1.947972294e+21
1.804870318e+21
1.667582235e+21
1.765545635e+21
1.98038113e+21
2.071800304e+21
2.391811958e+21
2.137931329e+21
1.66992156e+21
1.979573027e+21
2.067142281e+21
2.149324716e+21
2.019840135e+21
2.204965492e+21
2.077248118e+21
1.948956214e+21
2.333710228e+21
1.803679899e+21
1.685042024e+21
1.859805252e+21
2.323876159e+21
1.912379595e+21
2.081017324e+21
1.96160186e+21
2.033065952e+21
2.098925559e+21
1.80580656e+21
1.783277812e+21
1.940994404e+21
2.091093136e+21
1.896893554e+21
1.958514114e+21
2.022637488e+21
1.997652572e+21
1.977339305e+21
1.953042401e+21
2.013992061e+21
2.06897577e+21
1.89090081e+21
1.867980002e+21
1.849724988e+21
1.903636289e+21
1.96070572e+21
1.862847082e+21
2.214184008e+21
2.04222857e+21
2.023108146e+21
2.142385977e+21
1.839597234e+21
1.958350119e+21
1.87122176e+21
1.918563248e+21
1.969241471e+21
2.148758578e+21
1.996605809e+21
2.106417326e+21
1.761726298e+21
2.001028577e+21
2.047690396e+21
1.902608844e+21
1.901603619e+21
1.899216975e+21
1.897269737e+21
1.893167259e+21
2.047768939e+21
2.041557427e+21
2.037323467e+21
2.029448142e+21
2.024137003e+21
1.859733076e+21
2.008330351e+21
1.997473759e+21
2.14312494e+21
1.977883256e+21
2.120933295e+21
1.805631484e+21
1.796938314e+21
2.229576652e+21
2.069806382e+21
2.19999521e+21
2.18707881e+21
2.023944484e+21
1.867393632e+21
1.708277538e+21
1.837934988e+21
1.8206241e+21
2.085330807e+21
2.340161646e+21
2.048814258e+21
2.027943535e+21
1.87726648e+21
1.990208855e+21
1.841617889e+21
2.081961148e+21
2.192344716e+21
2.423153366e+21
2.148025377e+21
1.998839089e+21
1.979747584e+21
1.834684378e+21
2.179999305e+21
1.91517776e+21
2.014403297e+21
2.224808546e+21
1.738385386e+21
2.175688678e+21
2.039629223e+21
2.015098005e+21
1.882955503e+21
1.969563609e+21
1.840206961e+21
2.031600174e+21
1.586607695e+21
1.985006796e+21
1.963540904e+21
1.633077443e+21
1.918283774e+21
2.09390072e+21
1.873988154e+21
1.948068722e+21
2.023404817e+21
2.093325721e+21
2.070841194e+21
2.137952535e+21
2.023163295e+21
1.90710575e+21
1.886893418e+21
1.863379004e+21
1.931601333e+21
2.080998917e+21
1.973543425e+21
1.949080308e+21
2.012894286e+21
1.988046311e+21
2.131815173e+21
1.943661698e+21
2.00431655e+21
1.979850921e+21
1.881822298e+21
1.936474522e+21
1.917547321e+21
1.97027769e+21
1.95129024e+21
2.150520581e+21
1.983188417e+21
2.032403786e+21
2.157185011e+21
1.918854628e+21
1.901142058e+21
1.948890095e+21
1.931151268e+21
1.977457802e+21
1.892126513e+21
2.004671118e+21
2.053134381e+21
2.030637652e+21
1.947928572e+21
2.183925688e+21
2.037665759e+21
1.891496409e+21
1.890499387e+21
2.045480022e+21
2.043386099e+21
2.195829529e+21
2.035845052e+21
1.873563178e+21
2.025489704e+21
2.017690049e+21
2.012416763e+21
2.003080605e+21
1.843149795e+21
1.833223272e+21
1.826414473e+21
1.815294014e+21
2.108812991e+21
1.795357051e+21
1.9356195e+21
2.069165824e+21
1.911104801e+21
1.750101401e+21
1.73984111e+21
2.012640946e+21
1.999826099e+21
1.981936994e+21
2.108952938e+21
2.228430092e+21
2.073869686e+21
1.779755216e+21
1.901795866e+21
2.016944807e+21
1.73374024e+21
1.71556517e+21
1.831726599e+21
2.070844235e+21
1.924113154e+21
1.902880938e+21
2.010981345e+21
1.988332094e+21
2.215530801e+21
2.190137687e+21
1.927688188e+21
1.905264219e+21
2.003994012e+21
1.863897233e+21
2.075361709e+21
2.164591406e+21
2.141976423e+21
2.339040464e+21
1.873430586e+21
1.524176036e+21
2.046366444e+21
2.021444427e+21
2.210158558e+21
2.183053686e+21
2.05662509e+21
2.13282447e+21
2.009278306e+21
1.885171288e+21
2.159225118e+21
2.035468898e+21
2.109397309e+21
1.893758274e+21
1.87342191e+21
2.12758551e+21
2.104872849e+21
1.988266889e+21
2.056614944e+21
2.031013478e+21
2.097053166e+21
1.89841821e+21
1.964062832e+21
1.939736948e+21
2.003244501e+21
1.978531997e+21
1.958410513e+21
2.095568233e+21
1.99473356e+21
1.89157756e+21
2.106934363e+21
2.004314771e+21
2.213727946e+21
1.88544659e+21
1.867273803e+21
1.918833916e+21
2.046802947e+21
1.950434756e+21
1.78904505e+21
2.051106651e+21
1.962096371e+21
1.939521027e+21
2.059142587e+21
1.967925045e+21
1.950255417e+21
1.928476573e+21
2.109116261e+21
1.955593706e+21
1.873860245e+21
1.853679732e+21
2.027738797e+21
1.880513027e+21
2.192778102e+21
1.877182402e+21
2.500351646e+21
1.871239662e+21
2.179756087e+21
1.862738354e+21
1.858885495e+21
1.851754539e+21
2.000831468e+21
1.838385122e+21
1.83257885e+21
1.822745762e+21
1.967317294e+21
1.804968455e+21
1.797283222e+21
1.933965458e+21
1.776628498e+21
2.057525888e+21
2.046550729e+21
2.175396587e+21
1.874306232e+21
1.715539685e+21
1.988737255e+21
1.830219356e+21
1.817695495e+21
1.939198789e+21
1.787529345e+21
1.770081375e+21
2.16168945e+21
1.872327092e+21
2.122345924e+21
1.968902355e+21
1.952079637e+21
2.188585751e+21
2.041508041e+21
1.766662689e+21
1.875378932e+21
1.854314046e+21
2.326410187e+21
2.178773295e+21
2.157416693e+21
2.132384379e+21
2.110967737e+21
1.854369883e+21
2.064770177e+21
1.926911317e+21
2.131122024e+21
1.994788511e+21
1.973648698e+21
1.841520655e+21
1.928969383e+21
2.117252326e+21
1.989731187e+21
2.172260286e+21
1.739496421e+21
2.021275162e+21
2.199349305e+21
2.172154988e+21
2.246340333e+21
2.025563002e+21
2.003722605e+21
1.978812092e+21
1.957567125e+21
1.841146556e+21
2.003644593e+21
2.068647501e+21
1.779763751e+21
1.581869371e+21
2.000043735e+21
2.061100047e+21
2.039658669e+21
2.014416772e+21
1.993686797e+21
1.969108316e+21
1.949081371e+21
2.005383395e+21
1.98524177e+21
2.039466613e+21
1.941587824e+21
2.148232672e+21
2.051257089e+21
1.876481476e+21
2.081399365e+21
1.90970264e+21
1.818803309e+21
1.941140997e+21
1.780517991e+21
1.830145083e+21
2.022468631e+21
1.999178809e+21
1.980980074e+21
2.228619446e+21
1.807043915e+21
1.853015492e+21
2.033373928e+21
1.94614637e+21
1.929114954e+21
1.844687418e+21
1.954848461e+21
2.02546117e+21
1.868675486e+21
1.866355742e+21
2.019821983e+21
2.015504021e+21
2.01240907e+21
2.006374387e+21
2.156247541e+21
1.99457792e+21
2.142407938e+21
1.827893886e+21
1.822128468e+21
1.963419615e+21
1.805674348e+21
1.794759698e+21
1.936055889e+21
1.775155021e+21
1.766644786e+21
2.192160192e+21
1.889752221e+21
1.874862089e+21
2.294032507e+21
1.848236428e+21
1.83650137e+21
2.240221547e+21
1.946799068e+21
2.066397377e+21
2.324830787e+21
2.30220817e+21
2.150025163e+21
1.862281331e+21
1.979044449e+21
1.6972967e+21
1.68281229e+21
1.920902633e+21
1.903821982e+21
1.7574013e+21
1.865566619e+21
1.598712407e+21
1.948910546e+21
1.565435612e+21
2.146299933e+21
1.885741876e+21
1.866818705e+21
2.190865582e+21
1.940159191e+21
2.142733049e+21
1.897179491e+21
2.095052432e+21
2.29105917e+21
2.371274416e+21
2.132635861e+21
2.106773182e+21
1.875688448e+21
2.058641038e+21
1.7309464e+21
1.910817302e+21
2.188598613e+21
1.965076332e+21
2.235416245e+21
2.015753056e+21
2.088977937e+21
1.969270902e+21
2.133669542e+21
2.015534958e+21
2.084663331e+21
1.969237226e+21
2.125498729e+21
1.924172109e+21
1.644328906e+21
1.965822113e+21
1.945372306e+21
2.00485191e+21
1.984219861e+21
2.041431227e+21
2.020667385e+21
1.995888112e+21
1.975839884e+21
1.873676677e+21
1.855102384e+21
1.985350337e+21
1.965936919e+21
1.942305264e+21
2.071546249e+21
2.046862311e+21
2.099816242e+21
2.003488549e+21
2.126486197e+21
2.03161772e+21
2.082267135e+21
1.921050561e+21
1.97154636e+21
1.881921155e+21
2.064847966e+21
1.712415212e+21
1.827799948e+21
1.936789873e+21
1.855848979e+21
1.962387577e+21
2.133683006e+21
1.858924536e+21
2.167609969e+21
1.855653252e+21
2.317202955e+21
1.849814203e+21
1.846977472e+21
1.841459673e+21
1.837660729e+21
1.983219282e+21
1.978056495e+21
2.120441999e+21
1.962779647e+21
1.952324809e+21
1.795479926e+21
1.933387918e+21
2.073269225e+21
1.765223543e+21
2.049568096e+21
2.034634523e+21
2.023811855e+21
2.007919169e+21
1.996196972e+21
1.979475399e+21
2.107419043e+21
1.810250194e+21
1.659597142e+21
1.918190728e+21
2.040229957e+21
1.885741623e+21
2.138486079e+21
1.852342794e+21
2.49343726e+21
2.077917038e+21
2.188968734e+21
2.03819459e+21
1.893836043e+21
1.748236507e+21
1.979580215e+21
2.202146535e+21
1.69648842e+21
2.036594985e+21
1.898041911e+21
1.876129966e+21
1.741236858e+21
2.179780253e+21
2.043908156e+21
2.019759713e+21
1.554545219e+21
2.194315909e+21
2.171088675e+21
1.930518093e+21
2.015974089e+21
1.991577395e+21
1.970152339e+21
2.150990539e+21
2.127769435e+21
2.101674107e+21
1.979956829e+21
1.760003454e+21
2.224597892e+21
2.101563277e+21
1.606434924e+21
2.053146102e+21
1.93878949e+21
1.914724329e+21
2.164907901e+21
2.048942814e+21
1.674674456e+21
2.002082998e+21
2.067186441e+21
1.871446614e+21
1.936159809e+21
1.829095996e+21
1.974842407e+21
1.95052772e+21
2.091577816e+21
1.986482324e+21
1.887865565e+21
2.020257081e+21
2.077159018e+21
1.900001985e+21
1.881420471e+21
2.081861161e+21
1.914515554e+21
1.891698352e+21
1.945782847e+21
1.922816677e+21
1.975350075e+21
1.952286947e+21
2.003338732e+21
1.77537901e+21
1.759215649e+21
1.939870366e+21
1.988744473e+21
1.835348055e+21
1.949022792e+21
1.863272149e+21
1.846972566e+21
2.078956768e+21
1.936075829e+21
1.848315108e+21
1.847349703e+21
1.998828875e+21
1.996795149e+21
1.992558116e+21
2.142545485e+21
1.831001602e+21
1.827229072e+21
2.123680765e+21
2.420753649e+21
1.957872137e+21
2.101844774e+21
2.090689662e+21
2.082966631e+21
1.922575142e+21
2.061686075e+21
1.901686122e+21
2.038178613e+21
1.878851739e+21
1.725112163e+21
1.711610439e+21
2.127039839e+21
1.968661789e+21
1.816468168e+21
1.938922608e+21
1.925709121e+21
2.044131931e+21
2.029257926e+21
2.143607031e+21
1.728244532e+21
1.710901932e+21
1.696996992e+21
1.808598831e+21
1.921287444e+21
2.280981334e+21
1.883954314e+21
2.111845407e+21
1.846246842e+21
1.825674354e+21
2.049435777e+21
1.787814081e+21
1.416271068e+21
1.516625132e+21
1.847916111e+21
1.712215688e+21
2.146614132e+21
2.232959723e+21
1.988724309e+21
1.855909301e+21
2.160324049e+21
1.707553256e+21
1.794880516e+21
1.668898429e+21
1.960506699e+21
1.936652901e+21
1.915754415e+21
2.390276431e+21
1.970372256e+21
2.043440903e+21
1.9251163e+21
1.806280683e+21
1.974906915e+21
1.950461912e+21
2.113300368e+21
1.814872767e+21
1.975062624e+21
2.039230574e+21
2.01763064e+21
1.905986063e+21
1.88596744e+21
1.947290388e+21
2.010818248e+21
1.903242446e+21
1.965553173e+21
1.9413683e+21
1.921619719e+21
1.898078181e+21
2.035592793e+21
1.933449402e+21
2.067420043e+21
2.118029216e+21
2.172216533e+21
1.850090479e+21
1.905537451e+21
2.100071714e+21
2.008378706e+21
1.842902767e+21
1.966067763e+21
1.873702853e+21
1.993908851e+21
1.834966838e+21
1.952945939e+21
2.196998578e+21
2.045316755e+21
2.022351509e+21
2.133754763e+21
2.11017863e+21
2.155108359e+21
2.006318824e+21
2.051135305e+21
1.990978269e+21
1.989940667e+21
1.987496693e+21
1.832748465e+21
1.981279979e+21
2.130422675e+21
1.972383452e+21
1.968324778e+21
2.11172311e+21
1.805348465e+21
1.797126539e+21
1.791480419e+21
1.930507157e+21
1.923385273e+21
1.911882638e+21
1.903786518e+21
1.89116447e+21
2.461253946e+21
1.868514995e+21
2.001572723e+21
1.7022508e+21
2.115425446e+21
2.237675067e+21
1.945584927e+21
2.341700422e+21
2.05214419e+21
2.168723389e+21
2.287523712e+21
2.265466128e+21
1.586831658e+21
1.963693496e+21
1.688053242e+21
2.184646503e+21
2.038653999e+21
1.764869901e+21
1.74923016e+21
1.606605673e+21
2.081634402e+21
1.937411602e+21
1.919019426e+21
2.015889391e+21
1.878779181e+21
1.973271963e+21
1.953520618e+21
1.817214956e+21
1.686219575e+21
1.666390181e+21
1.758974869e+21
2.172637125e+21
1.934699079e+21
2.017768522e+21
2.311400055e+21
2.07594903e+21
2.156318736e+21
1.927263443e+21
1.906474879e+21
2.180522492e+21
2.058924031e+21
2.130479351e+21
2.011683411e+21
1.892271598e+21
2.246268554e+21
2.033629205e+21
2.011814802e+21
1.806280687e+21
2.055066365e+21
2.117853886e+21
2.008114403e+21
1.983249589e+21
1.962420833e+21
2.02242254e+21
2.001385168e+21
1.97669466e+21
2.037865539e+21
2.012806772e+21
1.912636997e+21
2.046651587e+21
2.104013941e+21
2.001406038e+21
1.98155819e+21
2.032858206e+21
1.863862758e+21
2.1360909e+21
1.969590974e+21
1.946108466e+21
1.856211508e+21
1.904835083e+21
2.096648871e+21
2.00306898e+21
1.779267261e+21
1.826352505e+21
2.010803507e+21
1.987869775e+21
1.773019499e+21
1.882943416e+21
1.994972582e+21
1.909252508e+21
1.766386814e+21
1.934372207e+21
1.855800309e+21
1.827455458e+21
1.826505179e+21
1.976292282e+21
1.822419165e+21
1.818580426e+21
1.815802524e+21
1.961307639e+21
1.806717069e+21
1.949906547e+21
1.795246037e+21
1.787099642e+21
1.781492236e+21
1.919780178e+21
1.912707142e+21
2.047562904e+21
2.038903769e+21
2.6041273e+21
1.871791279e+21
2.144182346e+21
2.559388425e+21
1.834075714e+21
1.683149761e+21
1.808286236e+21
2.349749557e+21
2.329131217e+21
1.905071218e+21
2.022341191e+21
2.007664132e+21
2.253478017e+21
2.104600208e+21
1.953378887e+21
1.808372754e+21
1.661902629e+21
2.154799169e+21
2.257378308e+21
1.864497028e+21
1.967207796e+21
1.827323114e+21
2.168481243e+21
1.909258438e+21
2.477621602e+21
2.570278831e+21
1.847873304e+21
2.286740598e+21
2.034177419e+21
1.789683352e+21
1.879228755e+21
1.969066781e+21
1.837663939e+21
2.032156297e+21
2.007914743e+21
1.986471288e+21
2.272461156e+21
1.941496015e+21
2.018910095e+21
1.797427711e+21
1.676864264e+21
1.853904881e+21
1.638420687e+21
2.002087143e+21
1.789117285e+21
1.956152528e+21
1.932008821e+21
2.002302669e+21
2.157323493e+21
1.956456734e+21
1.93225017e+21
1.911788055e+21
1.973965135e+21
2.038158507e+21
2.012978918e+21
1.992040179e+21
1.96748385e+21
2.109503963e+21
1.923305128e+21
2.141705097e+21
1.880437874e+21
2.016670562e+21
1.838872457e+21
1.972353761e+21
1.873536635e+21
1.929414468e+21
1.832905056e+21
2.033049322e+21
2.080548752e+21
2.060763358e+21
1.895969818e+21
1.947762412e+21
1.924980884e+21
2.043427169e+21
2.087125145e+21
1.934693206e+21
1.978556212e+21
1.960791841e+21
1.809469675e+21
1.985597814e+21
2.026929682e+21
1.883633362e+21
1.863107095e+21
1.97015052e+21
1.96863464e+21
2.118968047e+21
1.96521349e+21
2.265257055e+21
1.808402245e+21
1.956113718e+21
1.800328175e+21
1.7966328e+21
1.78989195e+21
1.785256042e+21
1.777184011e+21
1.771614811e+21
1.909171751e+21
2.048465914e+21
1.745400468e+21
2.607043362e+21
1.870466629e+21
2.00475721e+21
2.132514239e+21
1.838401537e+21
2.104794111e+21
1.95306819e+21
2.351972352e+21
2.199661116e+21
1.907867477e+21
2.030268498e+21
2.145727058e+21
2.130174571e+21
2.109756341e+21
1.962695913e+21
1.813627265e+21
2.184428877e+21
2.1619862e+21
2.017548373e+21
2.12099464e+21
1.854918326e+21
2.079480902e+21
2.181607178e+21
2.39720784e+21
1.899596246e+21
1.64343577e+21
2.092391446e+21
1.95355778e+21
2.161569709e+21
2.248987866e+21
1.780821137e+21
2.199969449e+21
1.959383028e+21
1.936244252e+21
2.022228197e+21
1.78782445e+21
1.872784404e+21
1.953101059e+21
1.830437302e+21
2.109676623e+21
1.987560957e+21
1.963360645e+21
2.039275697e+21
1.534716753e+21
2.08746685e+21
1.968094937e+21
1.854198359e+21
2.106047129e+21
1.992880062e+21
2.14720596e+21
1.858771692e+21
1.923219488e+21
1.902855292e+21
1.793917884e+21
2.028662849e+21
2.003623078e+21
1.982782053e+21
1.95835848e+21
2.018960945e+21
1.994165633e+21
1.973876208e+21
1.949729282e+21
2.007340757e+21
1.982903541e+21
1.963234447e+21
1.939473052e+21
1.994360096e+21
1.824431517e+21
1.806828235e+21
2.14233389e+21
2.26342186e+21
2.166769904e+21
2.146458789e+21
2.121338656e+21
1.898346355e+21
1.809364224e+21
2.191307182e+21
2.034973831e+21
1.886593162e+21
2.058291384e+21
1.976310743e+21
1.765236863e+21
1.937286292e+21
1.977946317e+21
2.02214615e+21
1.957649838e+21
1.956636287e+21
2.254913329e+21
1.952281463e+21
2.098060252e+21
2.094863615e+21
2.088719277e+21
1.935548851e+21
2.224976435e+21
1.923324666e+21
1.914659291e+21
1.908666838e+21
1.752627619e+21
2.182733845e+21
2.169815791e+21
1.872575216e+21
2.146484629e+21
2.136277488e+21
1.83817611e+21
1.687813364e+21
2.233034864e+21
1.803820221e+21
1.788951867e+21
1.91442994e+21
1.762183113e+21
1.884870978e+21
2.134410812e+21
2.516265085e+21
1.705201154e+21
2.082599998e+21
1.675328515e+21
2.30092453e+21
2.024311927e+21
1.881711179e+21
1.861882297e+21
2.091495878e+21
1.703809927e+21
1.80878338e+21
2.027348022e+21
2.244412235e+21
1.985608552e+21
1.966270139e+21
1.829503692e+21
1.471629676e+21
2.237889234e+21
1.772046257e+21
2.079728842e+21
1.733150274e+21
1.819773823e+21
2.118312246e+21
1.988493118e+21
2.070818791e+21
2.148314538e+21
1.922850476e+21
1.799652799e+21
1.9780715e+21
2.05173082e+21
2.126238704e+21
2.004790977e+21
1.98316667e+21
1.86555473e+21
1.84547713e+21
2.005039796e+21
1.983545724e+21
2.137182883e+21
2.026298038e+21
2.001285226e+21
1.894005617e+21
1.955654597e+21
2.019255259e+21
1.911255729e+21
1.973609584e+21
1.949317369e+21
1.929253986e+21
1.905574989e+21
1.964776817e+21
2.018382641e+21
1.921247e+21
1.897865375e+21
1.954199072e+21
1.930550855e+21
1.838132149e+21
1.961318841e+21
1.798511142e+21
2.061385431e+21
2.112182724e+21
1.948058066e+21
2.067637271e+21
1.907197279e+21
1.889575817e+21
1.934394573e+21
2.115065934e+21
1.960188471e+21
1.877836265e+21
1.856641183e+21
1.967110142e+21
2.070735942e+21
2.114840345e+21
2.030187126e+21
1.951674509e+21
2.096539786e+21
1.945781184e+21
2.092918597e+21
1.941461425e+21
2.235479861e+21
2.083272922e+21
1.780443861e+21
2.22099781e+21
2.212724369e+21
2.354141238e+21
2.197099033e+21
2.190231184e+21
2.033556835e+21
1.736651519e+21
2.014143469e+21
2.005658986e+21
1.850216937e+21
1.841430143e+21
1.828280907e+21
1.818634265e+21
2.498720945e+21
2.070209136e+21
1.916318817e+21
1.904265497e+21
2.157383869e+21
1.874930655e+21
2.123213299e+21
1.844380154e+21
1.957290912e+21
2.201257196e+21
1.923075123e+21
1.65320151e+21
2.139791161e+21
2.246484679e+21
1.975889479e+21
1.958456722e+21
2.058450095e+21
2.039607727e+21
2.135829768e+21
1.880562306e+21
2.091934681e+21
2.186666467e+21
1.706676719e+21
1.914936336e+21
1.892864665e+21
1.873567268e+21
1.960660992e+21
2.155887205e+21
1.917485741e+21
1.897257036e+21
2.187230154e+21
1.751733282e+21
1.934415066e+21
2.115099403e+21
2.189114336e+21
1.771805002e+21
2.139264971e+21
1.923808406e+21
1.995355867e+21
1.973839908e+21
2.135338368e+21
1.928679436e+21
1.99568779e+21
2.064039255e+21
2.127252946e+21
2.10457748e+21
1.905409015e+21
1.970930506e+21
2.031262044e+21
2.009934519e+21
1.985169899e+21
1.964521589e+21
2.021207659e+21
2.00040387e+21
1.896831942e+21
1.955760935e+21
1.931858078e+21
1.912440145e+21
1.889173089e+21
1.945246483e+21
1.773886498e+21
1.976089422e+21
1.880026018e+21
1.933491889e+21
1.83966635e+21
1.892247396e+21
1.869862322e+21
2.126749146e+21
1.830627124e+21
1.880885947e+21
1.859084964e+21
1.776362578e+21
1.951131897e+21
1.998067892e+21
1.975487088e+21
1.95799481e+21
1.998646874e+21
1.981183412e+21
1.898239432e+21
2.063976213e+21
1.787117484e+21
2.083895542e+21
1.784040056e+21
2.07928071e+21
2.223174991e+21
1.92382337e+21
1.770665514e+21
1.767044299e+21
1.907192299e+21
1.755942199e+21
2.039434259e+21
2.033067124e+21
2.02250294e+21
2.159024425e+21
2.289422596e+21
1.709843149e+21
2.264929999e+21
1.831527463e+21
2.238143593e+21
2.087202907e+21
1.795026118e+21
2.196485843e+21
1.906182464e+21
2.164809619e+21
2.011919427e+21
1.998315672e+21
1.980124371e+21
1.834771418e+21
2.206768018e+21
2.189870919e+21
1.913181734e+21
2.024261271e+21
2.379318208e+21
1.862528233e+21
1.965873754e+21
1.948548024e+21
2.168569493e+21
1.909990474e+21
2.12516336e+21
2.222035349e+21
1.618994345e+21
2.061326911e+21
1.811495708e+21
2.129706923e+21
1.883614777e+21
1.86442548e+21
1.517557857e+21
2.252710776e+21
1.696215226e+21
2.097913196e+21
1.969443607e+21
1.845901669e+21
2.026532118e+21
1.704079699e+21
1.683581143e+21
1.665457576e+21
2.032411872e+21
2.010496414e+21
1.891437285e+21
2.058152864e+21
1.848158703e+21
1.828278501e+21
2.076714557e+21
1.965136935e+21
1.852738e+21
1.832991833e+21
1.982837227e+21
2.047146475e+21
1.937680634e+21
2.000699431e+21
1.976070189e+21
2.036996778e+21
2.011961764e+21
1.991252671e+21
1.966842456e+21
1.946827419e+21
1.923044771e+21
1.827565114e+21
2.031004866e+21
1.787423582e+21
1.839375467e+21
2.039933828e+21
2.159369459e+21
1.853388752e+21
1.831271362e+21
2.092899912e+21
1.930256607e+21
2.048738168e+21
1.957229936e+21
1.939142626e+21
2.181014277e+21
1.768213731e+21
1.942158624e+21
1.924721491e+21
1.966373641e+21
1.948963567e+21
1.802888182e+21
1.848763605e+21
2.072262902e+21
1.933541814e+21
1.925418853e+21
2.220494245e+21
1.774258341e+21
2.215589085e+21
1.916204195e+21
1.913295527e+21
1.907743486e+21
2.050296332e+21
1.750896505e+21
2.037447625e+21
2.028364249e+21
2.310902196e+21
2.011568569e+21
2.147361826e+21
1.992463387e+21
2.267533273e+21
1.971201074e+21
1.961863852e+21
2.087084657e+21
1.799287563e+21
2.334913593e+21
2.18487272e+21
1.896152779e+21
2.288026367e+21
2.001402588e+21
1.987887066e+21
2.232490023e+21
1.82526228e+21
2.066250844e+21
2.050448782e+21
2.157174902e+21
2.013919748e+21
2.242638212e+21
1.729543839e+21
1.711464173e+21
2.181081473e+21
1.917967453e+21
1.662890679e+21
1.879647075e+21
1.861906022e+21
2.301439944e+21
1.937221809e+21
2.027952006e+21
2.007751944e+21
1.984716903e+21
1.964512027e+21
1.941722548e+21
1.708073e+21
2.215601747e+21
2.087860295e+21
2.166376654e+21
2.04123494e+21
1.714390262e+21
1.995309611e+21
2.069919826e+21
2.24266e+21
1.733904161e+21
1.715213986e+21
2.070880521e+21
1.769214052e+21
1.747602697e+21
1.91078878e+21
1.977243081e+21
1.956060084e+21
1.932028402e+21
1.824556725e+21
1.887925393e+21
2.037756747e+21
2.012678589e+21
1.991548821e+21
1.967053521e+21
1.946594396e+21
1.92268807e+21
1.902897426e+21
1.95790036e+21
2.01549415e+21
1.914311513e+21
1.97086911e+21
1.872025213e+21
2.149998825e+21
2.123993572e+21
2.030674562e+21
2.077915658e+21
1.986894586e+21
1.893066207e+21
1.944497272e+21
1.990101516e+21
1.971437001e+21
2.149862333e+21
1.930306082e+21
1.97368719e+21
2.020900684e+21
2.126594262e+21
1.852046634e+21
2.020484019e+21
2.127758666e+21
2.042108187e+21
1.901588523e+21
1.820007641e+21
1.804313656e+21
2.356812001e+21
2.208376974e+21
1.764583304e+21
2.056609852e+21
2.052369394e+21
1.90288228e+21
2.33523672e+21
1.893508699e+21
1.741411697e+21
2.171160825e+21
2.017413765e+21
2.154782899e+21
2.000751792e+21
1.993436244e+21
1.981797431e+21
1.973480938e+21
1.680601248e+21
1.95142578e+21
2.214429969e+21
2.065116639e+21
1.77611831e+21
2.173381752e+21
1.75149751e+21
2.276068818e+21
1.990995125e+21
1.845728959e+21
1.959670097e+21
1.945554859e+21
1.927175049e+21
1.912454232e+21
2.146190195e+21
1.878453143e+21
1.983378918e+21
1.966647954e+21
2.311045837e+21
2.049592687e+21
1.789137857e+21
1.772810073e+21
1.987249938e+21
2.200100256e+21
1.946621406e+21
1.927728827e+21
2.130183548e+21
1.553986626e+21
2.084840478e+21
2.280855646e+21
2.14709985e+21
2.124843001e+21
2.205023003e+21
1.974008115e+21
1.848084268e+21
1.625248484e+21
1.706305209e+21
1.985908998e+21
2.158319071e+21
1.941002823e+21
1.725817151e+21
1.896911708e+21
1.873881876e+21
2.039063356e+21
2.01419252e+21
1.811397471e+21
1.968147992e+21
2.124072762e+21
2.098009171e+21
2.075655881e+21
2.05014911e+21
2.028452763e+21
2.003513792e+21
1.982481534e+21
2.039707047e+21
1.937752938e+21
1.913972583e+21
2.052127146e+21
1.949039206e+21
2.160707369e+21
1.82943093e+21
2.037417241e+21
1.938110185e+21
1.918874208e+21
1.822757822e+21
1.877106189e+21
2.139854963e+21
1.977913978e+21
2.024098679e+21
2.004833792e+21
2.117717995e+21
2.165526857e+21
2.073233424e+21
2.186591047e+21
1.964716424e+21
1.94682032e+21
1.860308851e+21
1.84360679e+21
1.822693685e+21
2.055738977e+21
1.90954429e+21
1.831808417e+21
2.053176059e+21
2.035476887e+21
2.344018147e+21
2.196391234e+21
1.901264313e+21
1.753250405e+21
2.187059942e+21
2.038164983e+21
1.887128174e+21
1.883282468e+21
1.876364854e+21
1.871540092e+21
2.149908089e+21
2.143220423e+21
1.990050722e+21
1.982783208e+21
2.112048278e+21
2.523835474e+21
1.811005019e+21
2.218397932e+21
2.202760603e+21
2.054247866e+21
2.038630381e+21
2.026885333e+21
2.412522963e+21
1.864664614e+21
1.848648986e+21
1.573882419e+21
1.949600613e+21
2.06461334e+21
1.917341322e+21
2.029560521e+21
1.884103052e+21
2.118147395e+21
1.973403019e+21
1.956774521e+21
2.178480021e+21
2.159341343e+21
1.661585346e+21
1.88164183e+21
1.861150152e+21
1.95884228e+21
2.165008281e+21
2.031171277e+21
2.119852283e+21
1.767385131e+21
2.074799659e+21
2.053707388e+21
1.709463525e+21
2.114692663e+21
2.299046932e+21
1.964638743e+21
2.043730516e+21
2.32527417e+21
1.997995359e+21
1.976596549e+21
1.952950566e+21
2.221744481e+21
2.004106097e+21
2.076923747e+21
2.145009685e+21
1.845137074e+21
1.913797807e+21
1.983380651e+21
1.959136192e+21
2.026253616e+21
2.088439107e+21
2.066191186e+21
1.955794237e+21
2.019233352e+21
1.994432081e+21
1.973496437e+21
1.949264809e+21
1.928991433e+21
2.143502724e+21
2.042866424e+21
1.940257898e+21
1.843689531e+21
1.821197588e+21
2.103366253e+21
1.855185837e+21
1.91024164e+21
1.959725977e+21
2.15614921e+21
1.988214094e+21
1.828370317e+21
1.8760222e+21
1.926985127e+21
1.836150608e+21
2.088396169e+21
1.930719908e+21
2.110755771e+21
2.021021064e+21
1.938010757e+21
1.915727286e+21
1.961812036e+21
2.064661954e+21
1.922362894e+21
2.084775684e+21
1.945010042e+21
1.92354248e+21
1.966558525e+21
1.894231987e+21
1.893263574e+21
1.891008561e+21
1.889111744e+21
2.030262207e+21
2.027191573e+21
1.876986699e+21
1.873166101e+21
1.866309314e+21
1.86151601e+21
2.4235488e+21
1.847543855e+21
2.120853764e+21
1.690494366e+21
1.960804468e+21
2.231538799e+21
2.355755863e+21
1.93087934e+21
1.917311882e+21
2.45219148e+21
2.163205758e+21
2.285181066e+21
2.000021954e+21
2.120023334e+21
1.707768033e+21
2.218210168e+21
2.068943019e+21
1.797317214e+21
2.034781272e+21
2.019275175e+21
1.8746056e+21
1.983519598e+21
2.208967841e+21
1.703624764e+21
1.926806062e+21
1.790527496e+21
1.889588954e+21
1.755354718e+21
1.620532846e+21
2.178594e+21
1.814302477e+21
2.133609767e+21
1.776522733e+21
2.088656257e+21
1.73882534e+21
1.936305917e+21
2.126656749e+21
2.104638839e+21
2.288173599e+21
2.161185038e+21
2.135831473e+21
2.11310868e+21
1.789794782e+21
2.164108133e+21
1.846684072e+21
2.21143234e+21
2.279823129e+21
1.879394542e+21
1.856649352e+21
1.928491765e+21
1.905038228e+21
2.064049123e+21
1.861560791e+21
2.017022386e+21
1.905709624e+21
1.971111898e+21
1.946943088e+21
2.010097368e+21
1.985432331e+21
1.964592418e+21
2.021344335e+21
2.000321668e+21
1.975808878e+21
2.111907714e+21
2.086079793e+21
1.988370632e+21
1.964124524e+21
2.019157015e+21
1.846879246e+21
2.047969965e+21
1.878695258e+21
1.86029473e+21
2.050000351e+21
1.960194129e+21
2.005956607e+21
1.986859195e+21
2.098713503e+21
1.810762048e+21
1.988319416e+21
1.969937735e+21
1.94701733e+21
2.122208619e+21
2.034214388e+21
2.015951206e+21
1.930745474e+21
1.975387492e+21
1.953222973e+21
1.996677538e+21
2.094274011e+21
2.01691059e+21
2.028987336e+21
1.88309842e+21
2.025544618e+21
2.168052421e+21
2.163628128e+21
1.728287735e+21
2.15417728e+21
1.863157836e+21
1.999157973e+21
1.994029408e+21
1.843456109e+21
1.696371024e+21
2.109630383e+21
2.101944756e+21
1.950473891e+21
2.081056169e+21
2.481252636e+21
1.64637216e+21
1.907313613e+21
1.7618033e+21
1.613992474e+21
2.005896376e+21
1.857067739e+21
1.845475469e+21
1.829718052e+21
2.077054784e+21
2.058420191e+21
1.915919335e+21
1.897971897e+21
2.260230246e+21
2.2382441e+21
1.973589145e+21
1.70953062e+21
1.937322112e+21
2.156940632e+21
2.019250867e+21
1.997834854e+21
1.74675531e+21
2.188578797e+21
1.825682337e+21
2.256907287e+21
2.1233059e+21
1.988988158e+21
1.859835498e+21
1.622372683e+21
2.034143181e+21
2.222409515e+21
2.408882185e+21
2.277402632e+21
2.151023714e+21
1.822148796e+21
1.802772088e+21
1.979413193e+21
1.958231228e+21
1.934889281e+21
2.009805441e+21
2.080225266e+21
2.057832397e+21
2.032966541e+21
1.919671038e+21
2.076964037e+21
1.965317689e+21
1.764870842e+21
1.920575978e+21
1.983326928e+21
1.876891869e+21
2.022440026e+21
2.001043683e+21
1.976513438e+21
1.955768384e+21
1.931794951e+21
1.911703982e+21
1.888293848e+21
1.946724505e+21
1.922930547e+21
1.903356696e+21
2.030570152e+21
1.93569913e+21
1.912192578e+21
2.038838783e+21
2.014193232e+21
1.994463068e+21
1.900112135e+21
1.951452736e+21
1.928144673e+21
1.977992223e+21
1.819746519e+21
1.936202565e+21
1.847461196e+21
2.026492278e+21
2.132115511e+21
2.176712493e+21
2.025069311e+21
2.132318863e+21
2.108043051e+21
2.027933966e+21
1.822860786e+21
2.047877617e+21
2.084760658e+21
2.066805462e+21
1.873996022e+21
1.873041839e+21
1.726915795e+21
1.86895391e+21
2.008626201e+21
1.86233864e+21
1.999875527e+21
1.710697801e+21
1.98855799e+21
1.983462461e+21
2.256879086e+21
2.390501153e+21
1.958623486e+21
1.812103879e+21
1.940251597e+21
2.070160022e+21
2.194055057e+21
1.774278125e+21
2.032949013e+21
1.887496156e+21
1.873278642e+21
1.862526463e+21
1.847546955e+21
1.967173118e+21
2.210482362e+21
1.937335229e+21
1.792003378e+21
1.906240445e+21
1.636642109e+21
1.999014089e+21
1.979621416e+21
1.841022778e+21
1.944068487e+21
1.80725646e+21
1.90784878e+21
2.12753179e+21
2.105023437e+21
1.970005047e+21
1.948707257e+21
2.043951277e+21
2.47064632e+21
2.001885229e+21
1.759537799e+21
2.177598637e+21
2.045249229e+21
1.811394911e+21
1.895939339e+21
2.293296812e+21
1.648532795e+21
1.835106423e+21
2.115942092e+21
1.894075062e+21
1.871738569e+21
1.949175955e+21
2.118581672e+21
2.0958277e+21
1.882455173e+21
2.048417737e+21
1.93171743e+21
2.092924027e+21
1.887757445e+21
1.956409026e+21
2.02043421e+21
2.085714765e+21
1.974402118e+21
1.868449004e+21
1.929478975e+21
1.992071189e+21
1.967674317e+21
1.947023263e+21
2.003309298e+21
1.903175935e+21
1.879886707e+21
1.860534513e+21
1.91438241e+21
1.970690253e+21
1.94668098e+21
2.001221194e+21
2.05014571e+21
2.102281118e+21
1.862023618e+21
1.914696408e+21
1.891678784e+21
2.220330241e+21
1.988136861e+21
1.765493279e+21
1.878752194e+21
2.193464335e+21
1.904918423e+21
1.952383942e+21
1.865313131e+21
2.039524299e+21
2.142006471e+21
1.873037436e+21
2.03685708e+21
2.018832025e+21
1.754161359e+21
1.858774697e+21
1.838152389e+21
2.057464635e+21
2.007426953e+21
1.863092101e+21
1.860894592e+21
1.859035458e+21
1.855267337e+21
1.85247125e+21
1.989298666e+21
2.127067797e+21
2.119360522e+21
1.832077853e+21
1.683761379e+21
2.377943361e+21
1.809198082e+21
2.079949117e+21
1.792269043e+21
2.059377384e+21
1.909837629e+21
1.900858314e+21
2.022457151e+21
2.01189324e+21
1.996784728e+21
1.985337657e+21
1.969417816e+21
1.826677248e+21
1.940540259e+21
2.056033949e+21
2.037692421e+21
1.643771008e+21
1.753723913e+21
1.989035258e+21
1.969791129e+21
1.954023582e+21
1.934483157e+21
1.798361861e+21
1.89850934e+21
1.999517193e+21
2.094792743e+21
1.72980681e+21
2.167457484e+21
2.0341057e+21
2.123516991e+21
2.102993873e+21
2.188958181e+21
1.950529253e+21
1.714177058e+21
1.908898299e+21
1.677369389e+21
1.971290743e+21
2.051056428e+21
1.928034093e+21
1.90555132e+21
1.885305987e+21
1.961173484e+21
1.940204044e+21
2.013016954e+21
2.086233589e+21
2.248650474e+21
1.761031263e+21
2.014525429e+21
2.08343798e+21
2.058208765e+21
1.859054364e+21
2.011349392e+21
1.989826562e+21
1.880098258e+21
2.029180098e+21
2.004379705e+21
1.9831788e+21
2.040535315e+21
1.938356001e+21
1.914635451e+21
1.894723636e+21
1.871554095e+21
1.929465907e+21
1.905909937e+21
2.263808596e+21
1.788992199e+21
1.992372246e+21
1.895295866e+21
2.092990628e+21
1.853798267e+21
2.188641341e+21
2.022825145e+21
2.072359043e+21
1.979345189e+21
2.16330329e+21
1.803632942e+21
1.852879202e+21
2.092657097e+21
2.073305429e+21
1.921058625e+21
1.967007466e+21
1.881584657e+21
1.989004891e+21
1.904860256e+21
2.009811423e+21
1.987163443e+21
2.029517297e+21
1.947934282e+21
1.93116741e+21
2.28207735e+21
1.71069001e+21
1.993458508e+21
1.849221724e+21
1.84548601e+21
2.267948149e+21
2.261523534e+21
1.833764605e+21
2.108241113e+21
1.682280881e+21
2.093695629e+21
1.948072672e+21
1.799773578e+21
2.069123027e+21
1.782973325e+21
2.048706488e+21
1.764267057e+21
2.431359881e+21
1.877934826e+21
1.868137676e+21
1.854151005e+21
2.370258628e+21
2.090051749e+21
1.817421021e+21
1.930754603e+21
2.173537427e+21
1.900766526e+21
1.635550026e+21
1.994283291e+21
1.731761113e+21
2.082561614e+21
2.065909655e+21
2.045303878e+21
1.670250759e+21
1.771182087e+21
1.989794292e+21
1.737217512e+21
2.065746361e+21
1.929991183e+21
2.361746938e+21
1.890929211e+21
1.652354919e+21
1.851804228e+21
2.049158189e+21
2.026012181e+21
1.899934036e+21
1.878224931e+21
1.652289343e+21
1.73530566e+21
2.121105077e+21
2.096419723e+21
2.074156443e+21
2.049788063e+21
2.027880066e+21
1.908415163e+21
1.887933559e+21
1.865373472e+21
1.93757885e+21
1.82311797e+21
1.893686445e+21
2.04895758e+21
2.115089254e+21
2.002345907e+21
1.894796419e+21
1.956791314e+21
1.935961348e+21
1.912325383e+21
1.974365447e+21
1.950231148e+21
1.929765562e+21
1.906169513e+21
2.043541588e+21
1.863295026e+21
1.997788889e+21
1.821611641e+21
2.028449277e+21
2.003757794e+21
1.983601209e+21
1.886958997e+21
2.155636438e+21
1.916631622e+21
1.897850043e+21
1.944480416e+21
1.994464812e+21
1.766772557e+21
2.019165404e+21
1.86218946e+21
1.976474816e+21
1.953203962e+21
1.999644899e+21
2.040062787e+21
1.831961326e+21
1.935679589e+21
2.042062848e+21
1.957559127e+21
1.879606161e+21
1.858395662e+21
2.020460043e+21
1.939204649e+21
2.039034005e+21
1.98631996e+21
1.843506412e+21
1.841345859e+21
2.26401361e+21
1.83580728e+21
1.692043263e+21
1.968477061e+21
1.683850962e+21
1.957421921e+21
1.952423073e+21
1.805096838e+21
2.214794798e+21
2.065900101e+21
1.921181783e+21
2.183105891e+21
1.766392859e+21
2.025239384e+21
2.284505658e+21
2.135247993e+21
2.12412181e+21
2.240032836e+21
2.096209153e+21
2.079498814e+21
1.937419423e+21
1.921067145e+21
2.417078272e+21
1.765205695e+21
2.12815267e+21
1.984409432e+21
1.723201829e+21
2.316124419e+21
2.176697413e+21
1.795868712e+21
1.899554941e+21
2.11511488e+21
1.863685168e+21
1.728855683e+21
2.284245396e+21
2.033753632e+21
1.902768805e+21
2.103362056e+21
2.083066782e+21
1.734660747e+21
1.932173044e+21
2.228794907e+21
2.3112877e+21
2.077212537e+21
1.952981867e+21
1.828893317e+21
2.010777425e+21
1.58993753e+21
1.966325466e+21
2.137593539e+21
2.114756317e+21
1.994738253e+21
1.691432583e+21
2.042643183e+21
1.928834374e+21
2.087162046e+21
2.064721537e+21
1.773729727e+21
1.930161122e+21
1.993422669e+21
2.057843281e+21
1.778702921e+21
2.011167367e+21
1.986639085e+21
1.965630082e+21
1.941625025e+21
1.921250929e+21
1.897778112e+21
2.034545807e+21
2.164293285e+21
1.91251063e+21
1.813620476e+21
1.869953335e+21
1.921088966e+21
1.97490706e+21
1.878695148e+21
1.860034469e+21
2.049590241e+21
1.819554668e+21
1.866821991e+21
1.985726463e+21
1.89433813e+21
1.943301884e+21
1.986446918e+21
1.836612176e+21
2.074259253e+21
1.926632087e+21
1.967605117e+21
1.823890636e+21
1.927131209e+21
2.156259597e+21
2.070693915e+21
2.112737787e+21
2.029181536e+21
2.011483271e+21
1.93055291e+21
1.855946937e+21
1.693656034e+21
2.116000594e+21
1.831724708e+21
1.829901845e+21
1.966708737e+21
1.823486638e+21
2.098102349e+21
1.954269678e+21
1.808168868e+21
1.803556275e+21
2.07202519e+21
2.065631758e+21
1.644199476e+21
1.774764734e+21
2.17189932e+21
2.162872585e+21
2.149219007e+21
2.139150309e+21
1.726071905e+21
2.113339716e+21
2.359812904e+21
1.955277774e+21
1.810420421e+21
1.927700534e+21
1.784044654e+21
2.025288547e+21
1.881911094e+21
1.743917874e+21
2.344876525e+21
1.592246256e+21
1.819572606e+21
2.286402947e+21
1.787143154e+21
1.654049347e+21
1.87103171e+21
2.318387565e+21
2.064688759e+21
2.159656402e+21
1.911631201e+21
2.005129966e+21
1.873066606e+21
1.855007955e+21
1.942339482e+21
1.816283678e+21
2.11277225e+21
1.882255739e+21
1.65407865e+21
2.353207928e+21
1.921620157e+21
1.801386384e+21
2.275088043e+21
1.9573466e+21
2.031157385e+21
1.722399412e+21
1.702048133e+21
1.683794573e+21
2.125888836e+21
2.194478255e+21
2.077822761e+21
1.876750694e+21
1.942411066e+21
2.096255603e+21
1.984578608e+21
2.048717584e+21
2.023817628e+21
2.002280394e+21
1.977886022e+21
1.956971673e+21
2.013640129e+21
1.992511567e+21
2.125642803e+21
1.947720076e+21
1.923951724e+21
1.904144249e+21
1.88093658e+21
2.01072768e+21
2.133404155e+21
1.966288791e+21
2.086330679e+21
1.92314985e+21
1.899919934e+21
1.950975223e+21
1.78984089e+21
1.908889719e+21
1.751351565e+21
1.934818596e+21
2.043692939e+21
1.893891923e+21
2.065181111e+21
2.046078333e+21
2.022168537e+21
1.815890744e+21
1.980550193e+21
2.146779068e+21
1.940294127e+21
1.923129108e+21
1.960785106e+21
1.825887155e+21
1.86373627e+21
2.078671519e+21
1.965652206e+21
1.824328228e+21
1.822203576e+21
1.820392504e+21
1.956501316e+21
1.814025614e+21
1.948086813e+21
1.805284387e+21
2.075572105e+21
1.794245406e+21
2.061357326e+21
1.781003373e+21
1.772080133e+21
1.629848445e+21
2.160807216e+21
1.613877723e+21
2.271938291e+21
1.862252936e+21
2.3778609e+21
2.10266653e+21
2.217505387e+21
2.204853624e+21
2.058709446e+21
1.662334844e+21
1.648383507e+21
1.889290691e+21
1.997464499e+21
2.355083868e+21
1.596523626e+21
2.315739818e+21
1.931427261e+21
1.796281529e+21
2.25276917e+21
1.881218215e+21
2.211182478e+21
2.191912398e+21
1.940687375e+21
2.036253263e+21
1.678748456e+21
2.106523634e+21
2.083586116e+21
2.280725766e+21
2.255482949e+21
1.914159111e+21
1.892676968e+21
1.873539388e+21
2.058072677e+21
2.138695217e+21
2.013498002e+21
1.992387907e+21
1.772402056e+21
2.04587183e+21
2.021968473e+21
2.095640148e+21
2.070921303e+21
1.862472483e+21
2.024356811e+21
2.002607715e+21
1.88869132e+21
2.046338377e+21
2.109596211e+21
1.826093497e+21
1.975812677e+21
1.954686115e+21
2.014911008e+21
1.993471615e+21
1.969209752e+21
1.948389209e+21
2.004831929e+21
1.904445105e+21
2.03798294e+21
2.016789771e+21
1.91557236e+21
1.971684777e+21
1.872756931e+21
1.927834995e+21
2.124136457e+21
1.885236324e+21
2.077273027e+21
1.843880142e+21
2.031796819e+21
1.942504239e+21
1.919151687e+21
1.832720415e+21
1.810808564e+21
1.99283695e+21
1.837885767e+21
1.950673169e+21
1.863415014e+21
2.037160854e+21
2.076255448e+21
2.057334617e+21
1.910258974e+21
2.015245453e+21
1.992143308e+21
1.914687013e+21
2.011303243e+21
1.993766918e+21
2.087431617e+21
1.724570551e+21
1.955478781e+21
1.814887996e+21
2.091670283e+21
1.950287752e+21
1.807370781e+21
2.221122779e+21
1.799617188e+21
1.93413937e+21
1.789585436e+21
2.19696022e+21
2.050798747e+21
1.771886853e+21
2.169892192e+21
2.026922675e+21
2.284192072e+21
2.140913385e+21
2.393416359e+21
1.985191469e+21
1.971581404e+21
1.961344322e+21
1.817044128e+21
2.064787738e+21
1.792411132e+21
2.290262848e+21
2.018751358e+21
2.005297414e+21
1.863426075e+21
1.973504345e+21
1.833155535e+21
2.061886545e+21
2.282456529e+21
1.787592974e+21
2.123932751e+21
2.223216089e+21
1.96897288e+21
2.066643766e+21
2.158711983e+21
1.801429769e+21
1.893617244e+21
1.43452625e+21
2.073836945e+21
1.729578359e+21
2.138096665e+21
1.90527752e+21
2.093267021e+21
1.968509135e+21
1.946202688e+21
1.926147473e+21
2.204754575e+21
1.685820903e+21
1.960415355e+21
2.23057754e+21
2.012862328e+21
1.991383303e+21
1.874223091e+21
2.039551123e+21
1.740517331e+21
1.721823605e+21
2.059392707e+21
1.860115181e+21
1.925258061e+21
1.991181297e+21
1.88159672e+21
1.861481297e+21
2.006082439e+21
1.984740003e+21
1.960609269e+21
1.939881694e+21
1.996100453e+21
1.896151968e+21
1.951084815e+21
1.930795644e+21
1.907265669e+21
1.887629177e+21
1.939234039e+21
1.919486642e+21
1.969090384e+21
1.87708055e+21
1.996973209e+21
1.906519584e+21
2.023015462e+21
2.00318173e+21
1.910854779e+21
1.892379886e+21
1.936527918e+21
1.785791446e+21
2.091342741e+21
2.006962394e+21
2.175214966e+21
1.964935744e+21
2.004585474e+21
1.924244469e+21
2.024638528e+21
1.945660279e+21
1.863226913e+21
1.965891171e+21
1.884688675e+21
2.101791449e+21
1.905054772e+21
2.003145911e+21
1.94541012e+21
1.944433034e+21
2.358364488e+21
1.80166727e+21
1.936401073e+21
1.795395067e+21
1.790392179e+21
2.199118785e+21
2.328262763e+21
2.185734308e+21
2.040347782e+21
2.305282629e+21
1.88901623e+21
1.882197508e+21
2.005274495e+21
1.730706373e+21
1.984477852e+21
1.97521326e+21
2.484835035e+21
2.081640346e+21
1.937141057e+21
1.669299307e+21
1.783540184e+21
1.772512223e+21
1.883270314e+21
1.870733546e+21
1.854319076e+21
1.595648489e+21
2.067489779e+21
1.931193577e+21
2.032350326e+21
1.897587271e+21
1.996330296e+21
2.329040148e+21
2.074880379e+21
1.599758988e+21
1.922357881e+21
2.129113244e+21
1.7738701e+21
1.976968153e+21
1.738255648e+21
1.721536383e+21
1.915386012e+21
1.791118081e+21
2.187831283e+21
1.959477014e+21
1.937318198e+21
1.816451809e+21
1.895468433e+21
1.974331702e+21
1.951575538e+21
1.737805821e+21
2.003837836e+21
2.171269502e+21
1.865865658e+21
2.030464214e+21
2.097594715e+21
2.075072887e+21
1.961156275e+21
2.116465748e+21
1.829667634e+21
1.982432985e+21
2.043663752e+21
2.021819744e+21
1.914108779e+21
1.976084547e+21
1.952083584e+21
1.931448152e+21
1.987444701e+21
1.887930744e+21
1.942644315e+21
2.076238707e+21
2.050953166e+21
2.029836896e+21
2.005137954e+21
1.837702193e+21
1.960610158e+21
2.012763886e+21
1.917364622e+21
2.109235382e+21
2.014309684e+21
1.925781053e+21
1.970580348e+21
1.816937616e+21
1.861696634e+21
1.975662808e+21
1.952177891e+21
1.933843092e+21
2.102117818e+21
1.893334755e+21
1.933535983e+21
1.792306668e+21
2.01585249e+21
1.997755103e+21
2.0346452e+21
2.016649694e+21
1.935097905e+21
1.918231685e+21
1.954180304e+21
1.994370413e+21
1.797198571e+21
1.934474369e+21
1.656207638e+21
2.068209664e+21
1.788897534e+21
1.923624301e+21
1.781261263e+21
2.0511638e+21
1.635120092e+21
2.174622537e+21
1.894669275e+21
1.888848731e+21
2.013722331e+21
1.872697399e+21
2.128200426e+21
1.854471149e+21
1.97454256e+21
1.834312534e+21
1.951940654e+21
2.071284163e+21
1.799042132e+21
2.427675456e+21
2.281829929e+21
1.889780875e+21
1.749115535e+21
1.86159101e+21
1.845300661e+21
2.0764855e+21
1.815441839e+21
2.162113633e+21
2.022597221e+21
1.652434564e+21
1.636201142e+21
1.854367429e+21
2.065059795e+21
2.160843517e+21
2.250967486e+21
2.007590469e+21
2.096638399e+21
1.858436085e+21
1.730197697e+21
2.034863005e+21
2.01248738e+21
1.992634843e+21
1.970412712e+21
1.950527397e+21
2.030015215e+21
2.310487801e+21
2.284152584e+21
2.063697062e+21
1.942815084e+21
2.018348255e+21
1.994893904e+21
1.785659055e+21
2.136219791e+21
2.113342367e+21
1.997533014e+21
1.976092178e+21
1.775031933e+21
1.931570657e+21
1.99515105e+21
2.059576912e+21
2.034754892e+21
1.929134647e+21
1.905794745e+21
1.967504257e+21
2.024616381e+21
1.923087621e+21
1.978863694e+21
2.036428878e+21
1.856905468e+21
2.143862339e+21
1.966501217e+21
2.02110997e+21
1.848639336e+21
1.829812484e+21
1.807595057e+21
1.932554993e+21
1.979856713e+21
1.890174471e+21
1.867355857e+21
1.917526976e+21
1.894474335e+21
2.144175072e+21
1.853711271e+21
1.836040515e+21
2.008587741e+21
2.182274689e+21
2.029649492e+21
1.948029131e+21
1.987305549e+21
2.03072994e+21
1.946319881e+21
1.989123286e+21
1.906661918e+21
1.948855894e+21
1.926684417e+21
1.967769904e+21
2.002877055e+21
2.042404939e+21
1.925580688e+21
2.062089849e+21
1.922403201e+21
1.920502062e+21
1.916709634e+21
1.913846643e+21
1.908547856e+21
1.632608282e+21
2.16912693e+21
2.163623174e+21
2.289063804e+21
2.147801605e+21
2.137174899e+21
1.996385044e+21
2.249895904e+21
1.713398454e+21
1.833725837e+21
1.694814134e+21
1.683297457e+21
2.318659327e+21
2.301652592e+21
2.034294403e+21
1.89220621e+21
2.005901779e+21
2.362237322e+21
1.976039895e+21
1.836369542e+21
2.06645166e+21
1.927160266e+21
1.912653418e+21
1.776121128e+21
2.114429291e+21
2.210025586e+21
1.845586691e+21
1.826961544e+21
1.811100654e+21
2.016393232e+21
2.331250465e+21
2.306570828e+21
2.285067181e+21
2.045129254e+21
1.59907005e+21
2.108698678e+21
1.98351606e+21
1.961441467e+21
2.146044337e+21
2.121873558e+21
1.800038372e+21
1.581832289e+21
2.250089805e+21
1.934132928e+21
1.913654823e+21
2.080602289e+21
2.058426192e+21
2.034309658e+21
1.921052473e+21
1.717555973e+21
1.877981333e+21
1.855626285e+21
1.923122269e+21
1.986456845e+21
2.050606921e+21
2.025923367e+21
1.83725376e+21
1.980054911e+21
1.958998158e+21
1.935252739e+21
2.154149052e+21
1.891542209e+21
2.027675356e+21
2.003019741e+21
1.829715249e+21
1.882772298e+21
1.937922291e+21
1.987996594e+21
2.186388278e+21
1.943866964e+21
1.995572058e+21
2.041815457e+21
1.882106564e+21
1.859388512e+21
1.909343353e+21
1.886388977e+21
1.868143749e+21
1.911715338e+21
2.089367626e+21
1.935482978e+21
1.981210975e+21
2.020956808e+21
1.939684458e+21
1.855103273e+21
1.960740815e+21
1.998507211e+21
1.98056574e+21
2.01708746e+21
1.94044849e+21
1.976475402e+21
1.901629113e+21
1.994174209e+21
1.864073904e+21
1.915816792e+21
1.641308539e+21
1.776045006e+21
2.047258557e+21
1.907013337e+21
2.040179871e+21
2.034549247e+21
2.165826031e+21
1.753541438e+21
2.018188614e+21
1.875649409e+21
1.869899605e+21
1.993581831e+21
2.118836579e+21
1.975316093e+21
1.704873664e+21
2.085298628e+21
2.075596308e+21
1.80384154e+21
1.794518147e+21
2.544847628e+21
2.024329126e+21
2.259574044e+21
1.871375033e+21
1.855884536e+21
1.843571429e+21
1.827524459e+21
1.935542893e+21
2.277551787e+21
1.784546433e+21
2.121214413e+21
2.104395988e+21
1.504983955e+21
1.836888718e+21
2.272994336e+21
1.915287696e+21
2.230004433e+21
1.767934281e+21
2.186575292e+21
1.949586443e+21
2.035735832e+21
1.910084618e+21
1.364400816e+21
1.558800282e+21
2.158083286e+21
1.831141138e+21
1.911144846e+21
1.991047097e+21
2.066863061e+21
1.9478528e+21
2.021804426e+21
1.809892021e+21
2.071397892e+21
1.863025729e+21
1.933296391e+21
1.730453416e+21
1.890040039e+21
2.136874722e+21
1.935518234e+21
1.914747462e+21
1.891845123e+21
2.041714724e+21
1.9331195e+21
1.995619041e+21
1.971528506e+21
2.113112398e+21
1.926945686e+21
2.065463652e+21
1.88344519e+21
2.096650487e+21
1.91775537e+21
1.973726645e+21
2.024726807e+21
1.855443814e+21
1.832903101e+21
1.959373339e+21
1.935602149e+21
1.987085808e+21
2.033139398e+21
1.943518616e+21
1.920062528e+21
1.765427193e+21
1.945457067e+21
1.926638205e+21
1.837944307e+21
2.080479504e+21
2.055724956e+21
1.972773396e+21
1.760795983e+21
2.18062529e+21
1.90874846e+21
1.891349914e+21
1.869343237e+21
1.97208151e+21
2.008421737e+21
1.873564427e+21
1.85219397e+21
1.950811959e+21
1.928816761e+21
1.968499266e+21
2.314612434e+21
1.769115367e+21
2.310813266e+21
1.629553103e+21
2.168473886e+21
1.894586519e+21
1.889374202e+21
2.020266874e+21
1.878968177e+21
2.008082734e+21
2.266199524e+21
2.126362178e+21
1.719173653e+21
1.712995042e+21
1.965527894e+21
1.565938414e+21
1.685948111e+21
2.065369312e+21
2.051415948e+21
2.295927883e+21
1.899319459e+21
1.888557192e+21
1.873840097e+21
1.986459637e+21
1.723803277e+21
2.079317403e+21
1.818764175e+21
2.046672106e+21
2.1474048e+21
1.657657627e+21
1.407452886e+21
2.210816203e+21
1.843584282e+21
1.942539366e+21
2.036148014e+21
2.242782196e+21
2.330652081e+21
1.86973877e+21
1.850033491e+21
1.832814376e+21
1.919774184e+21
2.112628345e+21
1.776113303e+21
1.655180298e+21
1.84143964e+21
2.126705845e+21
2.002712472e+21
1.883025508e+21
1.861686991e+21
2.133101993e+21
2.108699284e+21
1.707047495e+21
2.062274575e+21
1.762086324e+21
1.924826612e+21
2.08558993e+21
1.881801198e+21
2.038918243e+21
1.839524148e+21
2.079758487e+21
2.054915258e+21
1.863491038e+21
2.008488328e+21
1.987035728e+21
1.963075218e+21
1.942204713e+21
2.078602114e+21
1.977536184e+21
2.031701964e+21
2.010392148e+21
1.833216167e+21
1.889744001e+21
2.016133107e+21
1.9953737e+21
1.898140422e+21
1.951068234e+21
1.856021859e+21
2.049338265e+21
1.954725146e+21
2.004410851e+21
1.980223175e+21
2.163638729e+21
1.670021029e+21
1.984637454e+21
2.026249656e+21
2.006927097e+21
2.047009271e+21
1.77430344e+21
2.066411449e+21
2.047285684e+21
1.961937119e+21
1.822549601e+21
2.041502056e+21
1.844659376e+21
2.058648687e+21
1.982147909e+21
1.844244621e+21
1.942442121e+21
2.033478981e+21
2.016024753e+21
1.761112855e+21
1.895639319e+21
2.028726681e+21
1.75649731e+21
1.753061242e+21
1.615800942e+21
2.282773503e+21
2.412208453e+21
1.736058481e+21
2.13128273e+21
2.122294417e+21
1.851326902e+21
1.710661521e+21
1.835636989e+21
1.955836223e+21
1.94778007e+21
1.806724903e+21
2.055242605e+21
1.531048144e+21
1.777011044e+21
1.890093703e+21
2.255274706e+21
1.740470754e+21
2.471099021e+21
1.838065585e+21
1.704170861e+21
1.810087475e+21
2.156742684e+21
2.018491573e+21
2.239032646e+21
1.98450326e+21
2.084612355e+21
1.949647158e+21
1.819736428e+21
1.688908183e+21
1.67428658e+21
1.878013997e+21
1.861127425e+21
1.841556388e+21
2.039068916e+21
2.0172055e+21
2.208179918e+21
1.976093239e+21
2.059635462e+21
2.138696677e+21
2.217984173e+21
2.193151437e+21
1.973296609e+21
2.243624506e+21
1.930591285e+21
1.908545892e+21
1.98278184e+21
1.866573884e+21
1.939036598e+21
1.916430723e+21
2.166783013e+21
1.873633873e+21
2.030075583e+21
2.093231339e+21
1.898214782e+21
2.046076173e+21
1.939819713e+21
1.999882861e+21
1.978525934e+21
1.954694111e+21
1.933915501e+21
1.990149694e+21
2.126651592e+21
2.023078797e+21
2.0788552e+21
1.977574606e+21
2.182821024e+21
1.933256046e+21
1.91334961e+21
1.962827109e+21
2.158703597e+21
1.848197076e+21
2.181434582e+21
2.016006611e+21
1.995963513e+21
1.903885146e+21
1.683219908e+21
2.0620998e+21
1.910396291e+21
1.952617818e+21
1.998461698e+21
2.102066152e+21
2.019212408e+21
1.808258607e+21
1.915073943e+21
1.831522773e+21
1.935815027e+21
2.092620127e+21
1.896076862e+21
2.049879755e+21
2.089806498e+21
2.065908618e+21
1.99103038e+21
2.024756861e+21
1.95162153e+21
2.156697501e+21
2.020899613e+21
2.018602546e+21
2.01661587e+21
2.012683146e+21
1.741730886e+21
2.271420953e+21
2.13352629e+21
1.993208174e+21
1.98817159e+21
1.58384999e+21
1.842178221e+21
1.964115307e+21
2.478957078e+21
1.686741038e+21
1.938231666e+21
1.926321889e+21
2.045214717e+21
2.158443761e+21
2.147324605e+21
2.131751426e+21
1.620946117e+21
2.103270698e+21
1.84442884e+21
2.073188318e+21
2.059478356e+21
1.801493169e+21
2.027267611e+21
2.127143977e+21
1.993909744e+21
1.975202928e+21
2.074859377e+21
1.940571309e+21
1.811279847e+21
2.017319088e+21
1.888766321e+21
1.649461402e+21
2.179523574e+21
1.833156618e+21
2.029783579e+21
1.902378568e+21
1.884163941e+21
2.277809892e+21
1.845341549e+21
2.129133405e+21
1.806610944e+21
1.687177774e+21
1.768085572e+21
1.845243827e+21
1.729867272e+21
2.280199994e+21
1.786077115e+21
1.95134571e+21
1.93057854e+21
2.089832308e+21
2.06748973e+21
1.954372239e+21
1.845543266e+21
1.823699059e+21
1.975966637e+21
2.037312804e+21
1.931515956e+21
1.99135082e+21
1.970088718e+21
2.027483608e+21
2.005934108e+21
1.902446982e+21
2.03920996e+21
1.937046654e+21
1.993401082e+21
2.044975795e+21
1.948760321e+21
2.073205777e+21
2.12513853e+21
1.954578314e+21
1.863013113e+21
2.123582299e+21
2.10220142e+21
1.869096455e+21
1.987587076e+21
1.963608905e+21
2.011388202e+21
2.252167414e+21
1.967976823e+21
1.879604374e+21
1.861675969e+21
1.966366569e+21
1.822216334e+21
1.986918121e+21
1.968525042e+21
1.884588436e+21
1.867407708e+21
1.726551892e+21
2.065063019e+21
2.04118521e+21
1.849727968e+21
1.999975346e+21
2.039205256e+21
1.904103175e+21
1.998813322e+21
2.145979096e+21
2.010857894e+21
1.740768429e+21
1.872830842e+21
2.269730386e+21
2.13304271e+21
1.861325332e+21
1.990286943e+21
1.851145365e+21
1.978363359e+21
2.101408834e+21
2.487805057e+21
1.693887654e+21
2.077315954e+21
1.807621022e+21
1.543021137e+21
1.916959007e+21
1.780873684e+21
2.0216514e+21
1.885545252e+21
1.747114584e+21
1.98542558e+21
1.723819839e+21
2.325116637e+21
1.94195792e+21
2.290841315e+21
1.673448083e+21
2.017702693e+21
2.117156264e+21
2.334779938e+21
1.96598936e+21
1.835730874e+21
2.386068877e+21
1.690220157e+21
2.119592091e+21
1.880088333e+21
1.970305444e+21
1.952619383e+21
2.146862501e+21
2.23327531e+21
1.788587421e+21
1.771474939e+21
2.061458277e+21
1.83708572e+21
1.816847381e+21
2.098342881e+21
2.173747841e+21
1.95585982e+21
2.030512868e+21
1.913633019e+21
2.175639789e+21
2.05905813e+21
1.757828642e+21
1.922193948e+21
1.809387405e+21
2.148059411e+21
2.0344158e+21
2.100123531e+21
2.07530078e+21
1.967509029e+21
2.028624182e+21
2.006903986e+21
1.982891269e+21
2.043461621e+21
2.018900803e+21
1.917547547e+21
2.131220919e+21
1.874405924e+21
2.160361766e+21
2.13770609e+21
2.036389142e+21
2.089853212e+21
2.138249698e+21
2.04325813e+21
2.018487396e+21
1.926570045e+21
2.044214222e+21
2.093411246e+21
1.930223602e+21
1.911029595e+21
2.090261457e+21
1.936217237e+21
1.912939195e+21
1.829100901e+21
2.065373219e+21
1.91781615e+21
1.958134444e+21
1.939729721e+21
1.978586857e+21
1.960269393e+21
1.876670437e+21
2.099504477e+21
1.956422418e+21
1.997612541e+21
2.032564109e+21
2.014596384e+21
2.048400879e+21
1.917758057e+21
1.951770315e+21
1.990317342e+21
1.868445863e+21
1.60073238e+21
1.598923537e+21
2.529143184e+21
1.859967106e+21
1.989863873e+21
1.852159864e+21
1.848457696e+21
1.8420533e+21
2.231138283e+21
2.091119439e+21
1.693853074e+21
1.685623475e+21
1.808790218e+21
1.927326307e+21
1.663491249e+21
2.034865814e+21
2.152040276e+21
2.0119209e+21
2.126677707e+21
2.111339332e+21
1.975932217e+21
2.328332317e+21
1.826891726e+21
2.053565568e+21
1.680011781e+21
1.784547088e+21
1.890096573e+21
1.990191798e+21
1.975303371e+21
2.187080332e+21
1.941423291e+21
1.696474208e+21
2.131087865e+21
1.998835206e+21
1.871489724e+21
2.070302862e+21
2.26770703e+21
2.030300746e+21
2.223197396e+21
2.094772637e+21
1.763533556e+21
1.847036753e+21
1.930509179e+21
2.009772535e+21
1.989577079e+21
1.967431117e+21
1.947256477e+21
2.021624225e+21
1.810001862e+21
1.789445658e+21
1.770545662e+21
1.934454188e+21
2.187293567e+21
1.891676842e+21
2.138818434e+21
2.025699592e+21
2.004001892e+21
1.89424602e+21
1.959123513e+21
2.020009355e+21
1.831853822e+21
1.97450329e+21
2.034821186e+21
2.010390358e+21
2.068589284e+21
2.043662489e+21
2.099847289e+21
1.920810546e+21
1.976694814e+21
1.95276784e+21
1.932464068e+21
1.982475625e+21
1.96206122e+21
1.938286984e+21
1.989597168e+21
1.965507001e+21
1.945714659e+21
1.853542622e+21
1.903076354e+21
2.014418385e+21
1.994648445e+21
1.9706678e+21
2.146752947e+21
1.992498326e+21
2.037149564e+21
1.887068669e+21
2.118574046e+21
2.155043152e+21
2.074087868e+21
1.929103167e+21
2.090719551e+21
2.007254149e+21
2.047741633e+21
1.96618651e+21
2.006124658e+21
2.039757818e+21
2.022002323e+21
1.999033735e+21
1.981893282e+21
1.859251407e+21
1.85833283e+21
2.121415977e+21
1.986876955e+21
2.115240051e+21
2.112103501e+21
1.974733092e+21
1.839403815e+21
1.963982262e+21
2.220238966e+21
2.080930317e+21
2.074590598e+21
2.064540978e+21
2.185732445e+21
1.918006812e+21
1.91014001e+21
1.771936752e+21
2.015709718e+21
2.002283619e+21
1.867502152e+21
2.224883832e+21
1.720713056e+21
2.561226751e+21
1.697031127e+21
1.923663844e+21
2.030419596e+21
2.013018782e+21
1.646104433e+21
1.747882995e+21
2.313093882e+21
1.947817709e+21
2.159814889e+21
1.68868568e+21
2.009672109e+21
1.879179722e+21
2.082142279e+21
2.060924609e+21
1.827460913e+21
2.127542188e+21
2.002428122e+21
1.981138778e+21
2.168760247e+21
1.838834556e+21
1.921948916e+21
1.80081424e+21
2.178891343e+21
2.056744367e+21
1.938728489e+21
1.821116581e+21
1.802121576e+21
1.875464689e+21
2.134013589e+21
2.201277279e+21
2.087131026e+21
1.973260713e+21
2.040920933e+21
2.017057752e+21
1.995458863e+21
1.971938348e+21
1.781173591e+21
2.011467387e+21
1.98993999e+21
1.966185977e+21
1.945203372e+21
1.921873307e+21
1.901454332e+21
1.878563398e+21
2.013615302e+21
1.912794133e+21
1.96844625e+21
1.944636644e+21
1.850401656e+21
1.901116257e+21
2.171006859e+21
1.715771322e+21
1.839814761e+21
1.81754677e+21
2.006847948e+21
2.050958198e+21
2.165930329e+21
2.072941923e+21
1.98638262e+21
1.897084527e+21
1.813936916e+21
2.112250642e+21
1.901905557e+21
2.067157532e+21
2.109776273e+21
2.084765448e+21
1.883215225e+21
1.981098983e+21
1.725092207e+21
1.998870965e+21
1.922664339e+21
2.015538548e+21
1.997723884e+21
1.974765517e+21
1.95757843e+21
1.935309434e+21
1.97354023e+21
1.982300355e+21
1.849234521e+21
1.979096698e+21
2.108968474e+21
1.841792218e+21
1.57634048e+21
2.35812482e+21
1.961183781e+21
1.954429824e+21
1.689576062e+21
1.811985006e+21
2.193570921e+21
1.92615542e+21
1.663372682e+21
2.163280614e+21
1.64749538e+21
2.015369184e+21
2.382199801e+21
1.743645946e+21
2.106424076e+21
2.214332929e+21
2.07954122e+21
1.82082041e+21
1.809684962e+21
1.555649431e+21
2.139792054e+21
2.003639096e+21
1.989541924e+21
2.203734061e+21
1.726800919e+21
1.938857275e+21
2.149895701e+21
2.129226564e+21
1.889364231e+21
1.980686969e+21
2.072705888e+21
1.943650361e+21
1.712219992e+21
2.118011849e+21
2.308231613e+21
1.86851626e+21
1.747862497e+21
1.830704885e+21
1.81275559e+21
1.792903319e+21
2.070726489e+21
1.852739901e+21
2.026788616e+21
1.908646072e+21
1.888746959e+21
1.960741444e+21
2.032431788e+21
2.009178908e+21
1.987827317e+21
1.875526485e+21
2.120572973e+21
1.833838087e+21
2.073379162e+21
2.048973607e+21
1.942565102e+21
2.002997357e+21
1.981565085e+21
1.957938441e+21
2.098467994e+21
1.9138396e+21
1.972404791e+21
1.948682197e+21
2.082350004e+21
1.904844354e+21
1.960266241e+21
1.862089309e+21
2.06385642e+21
1.893247591e+21
2.162020708e+21
1.922264985e+21
2.114088267e+21
1.949276412e+21
1.860728692e+21
2.04249502e+21
1.819960871e+21
1.931202933e+21
2.110064022e+21
1.954402076e+21
1.935480879e+21
1.848554321e+21
1.89404885e+21
2.058610791e+21
2.039255641e+21
1.831881617e+21
1.814918209e+21
2.032663322e+21
2.132607518e+21
1.814920086e+21
2.030708407e+21
1.892439008e+21
1.875713565e+21
1.854131288e+21
2.005087212e+21
1.98224504e+21
1.965257295e+21
1.57811256e+21
2.234558769e+21
1.969460673e+21
1.967533554e+21
1.963754277e+21
1.830124973e+21
1.694825939e+21
1.691448156e+21
2.074634516e+21
2.069418075e+21
2.189650022e+21
1.797758411e+21
1.916893609e+21
2.164728285e+21
2.026277992e+21
1.765736274e+21
1.504320227e+21
1.746944638e+21
1.735372983e+21
2.09644124e+21
2.081443756e+21
2.191487778e+21
2.053910677e+21
1.921282729e+21
1.548390373e+21
2.248145286e+21
2.3462899e+21
2.213308742e+21
2.078126038e+21
2.177216623e+21
1.929978903e+21
2.02743209e+21
1.896430711e+21
1.991417781e+21
1.643113228e+21
1.95475703e+21
1.827429055e+21
2.343750996e+21
2.003138187e+21
1.775692175e+21
1.653545073e+21
2.047212878e+21
1.822646782e+21
2.10558615e+21
1.7850616e+21
1.963506531e+21
2.233041526e+21
2.017989391e+21
1.995419168e+21
1.974624563e+21
2.138253011e+21
1.931721952e+21
2.000594302e+21
2.159281645e+21
1.867554281e+21
2.023584544e+21
2.086949638e+21
2.064615102e+21
1.955331292e+21
2.01849435e+21
1.99459836e+21
1.973260378e+21
1.949759808e+21
2.009332806e+21
1.905872779e+21
1.885628997e+21
1.862971397e+21
1.996906174e+21
1.972838797e+21
1.877071092e+21
1.928575719e+21
1.835119605e+21
2.102995001e+21
2.081338352e+21
1.985254865e+21
1.965026553e+21
2.07992274e+21
1.853076209e+21
2.169708161e+21
1.812480036e+21
1.92326788e+21
1.90438631e+21
1.946369493e+21
1.927523886e+21
2.031394692e+21
2.074882466e+21
1.988009146e+21
1.969315884e+21
2.006759849e+21
2.048423316e+21
1.964727159e+21
2.064800407e+21
1.982312929e+21
2.022297616e+21
1.998795844e+21
1.867924133e+21
1.958309101e+21
1.996735342e+21
1.919123888e+21
1.957043595e+21
2.617432973e+21
2.223724563e+21
2.090579229e+21
2.088535903e+21
1.82396909e+21
2.211545215e+21
2.205608177e+21
1.942249957e+21
1.93560103e+21
2.316886639e+21
1.794581365e+21
1.661335255e+21
2.034901804e+21
2.407832965e+21
1.764542607e+21
1.882851011e+21
1.871477451e+21
1.987043911e+21
2.097287757e+21
1.963814193e+21
1.827940426e+21
2.181205777e+21
2.044315388e+21
1.553759394e+21
2.252521242e+21
1.648845431e+21
2.335458273e+21
2.20310673e+21
1.953670508e+21
2.053178791e+21
1.808170797e+21
1.906083097e+21
2.220991139e+21
2.20268268e+21
1.853817244e+21
2.162197261e+21
1.712246571e+21
2.227234858e+21
2.414085802e+21
1.9758002e+21
1.954923912e+21
1.630557643e+21
2.016288117e+21
1.697063153e+21
2.172241105e+21
2.052715894e+21
1.836702764e+21
2.200624927e+21
2.176056799e+21
1.498010203e+21
1.943966556e+21
2.015060194e+21
1.901533527e+21
2.060515471e+21
1.948204305e+21
2.01502633e+21
1.991569046e+21
1.970261286e+21
2.031790142e+21
2.010035737e+21
1.986269507e+21
1.96502499e+21
1.941649217e+21
2.081017106e+21
1.897972009e+21
2.034299262e+21
2.009878059e+21
2.141628645e+21
1.889141402e+21
1.944108497e+21
1.920644333e+21
1.973778677e+21
2.094362227e+21
2.001318427e+21
1.906505691e+21
1.956970656e+21
2.071405374e+21
2.255594502e+21
2.228354136e+21
2.072476811e+21
1.849349569e+21
2.158190257e+21
2.003016089e+21
2.04760752e+21
2.086295095e+21
2.003763813e+21
1.979857057e+21
1.899949856e+21
2.059079333e+21
2.040009027e+21
1.956642302e+21
1.997551405e+21
2.032199192e+21
2.071497816e+21
1.93365613e+21
2.029308141e+21
1.95018332e+21
1.988452761e+21
2.020339771e+21
2.003034331e+21
1.823361017e+21
1.952642567e+21
1.690405089e+21
1.81865895e+21
1.815186259e+21
2.330363975e+21
1.807653961e+21
2.190642078e+21
2.054743495e+21
2.049586983e+21
2.041147786e+21
2.162138397e+21
1.89863465e+21
2.522498787e+21
1.630731277e+21
1.998855603e+21
1.862638898e+21
1.977668971e+21
1.84185038e+21
2.198918932e+21
1.940686414e+21
2.171019808e+21
2.034809335e+21
2.379298785e+21
2.006096262e+21
1.992926622e+21
1.976017266e+21
1.962156406e+21
2.173542624e+21
1.930272043e+21
1.799966004e+21
2.232291966e+21
1.989880581e+21
1.863853637e+21
2.062633897e+21
2.475408926e+21
2.237324663e+21
1.689403074e+21
1.985430019e+21
1.863550333e+21
1.843900214e+21
2.130723305e+21
2.00749059e+21
2.286023011e+21
1.867892282e+21
1.84917733e+21
2.213795829e+21
2.095885708e+21
2.072529191e+21
2.050949842e+21
2.120037366e+21
2.006485281e+21
1.893477697e+21
2.141002256e+21
2.028174479e+21
1.744817565e+21
1.896988607e+21
2.047307389e+21
2.023306038e+21
1.918245732e+21
1.978009922e+21
1.956858057e+21
1.933605824e+21
1.912984665e+21
1.968892161e+21
2.025903651e+21
2.001605765e+21
2.056644073e+21
1.956642081e+21
1.787196094e+21
1.912777918e+21
1.965694942e+21
1.94195176e+21
1.850769372e+21
2.039368663e+21
1.809767645e+21
1.719131234e+21
2.042176146e+21
2.084770085e+21
2.064027486e+21
2.170707914e+21
2.019126331e+21
1.99485082e+21
2.039258211e+21
2.014821257e+21
1.808501316e+21
1.786917969e+21
1.831150525e+21
2.110970828e+21
2.091418394e+21
1.94862371e+21
1.989364364e+21
2.023851285e+21
2.005683332e+21
1.982329005e+21
2.020950281e+21
1.99761397e+21
1.980238609e+21
2.011961501e+21
1.940820462e+21
1.814603884e+21
1.943266148e+21
1.941107496e+21
1.80993352e+21
1.935522435e+21
1.932666536e+21
1.542007044e+21
1.667187792e+21
2.172749105e+21
2.039813288e+21
2.285368532e+21
1.645540091e+21
1.763659327e+21
2.00844066e+21
1.997577968e+21
1.989426599e+21
1.977475667e+21
2.214429837e+21
2.077665331e+21
2.188643829e+21
1.569469333e+21
1.560670606e+21
2.144531942e+21
1.894640894e+21
1.879401916e+21
1.750384181e+21
1.966978455e+21
1.723407062e+21
2.391415685e+21
2.034541101e+21
1.903825044e+21
2.000002371e+21
2.201055582e+21
1.964649714e+21
1.729210235e+21
2.35724259e+21
2.015279589e+21
1.681931974e+21
2.28880222e+21
1.75228684e+21
1.937829387e+21
2.121421633e+21
2.198646451e+21
2.177145055e+21
1.859828388e+21
2.035015899e+21
1.916779869e+21
1.897184989e+21
2.157492852e+21
2.135038531e+21
2.111045433e+21
1.907165629e+21
1.885489836e+21
2.043145707e+21
2.107473363e+21
2.085000258e+21
1.974931464e+21
2.038761897e+21
2.014892493e+21
1.993329421e+21
1.969818745e+21
1.948758729e+21
1.925628796e+21
1.905096064e+21
1.960797261e+21
1.939977936e+21
1.916732006e+21
1.97235604e+21
2.098538663e+21
1.92821494e+21
1.904975676e+21
1.88517059e+21
2.148938868e+21
1.985020697e+21
1.961039832e+21
1.802408592e+21
1.849120393e+21
2.101675789e+21
1.942351778e+21
1.923024404e+21
1.965361247e+21
2.010928921e+21
1.922663083e+21
2.221380784e+21
2.0693429e+21
1.925369272e+21
1.841017331e+21
1.823701009e+21
2.102371797e+21
2.082897498e+21
2.117095171e+21
1.981244159e+21
1.957983918e+21
1.940407339e+21
1.974196913e+21
1.956753734e+21
1.989393319e+21
1.972092042e+21
2.003652433e+21
2.093876786e+21
2.192915567e+21
1.933979349e+21
2.189415251e+21
2.05861876e+21
1.926291349e+21
1.666991567e+21
2.174111524e+21
2.297429889e+21
2.035230271e+21
1.903249091e+21
2.021821532e+21
1.889716852e+21
1.880720253e+21
1.998972411e+21
1.863929169e+21
2.475107668e+21
2.091237891e+21
2.081630872e+21
1.581405012e+21
2.178464308e+21
2.042875541e+21
1.91193834e+21
2.016060004e+21
2.121664185e+21
2.104641938e+21
1.858536126e+21
2.073199721e+21
1.944314423e+21
2.040508823e+21
1.80030984e+21
2.006750015e+21
1.991023326e+21
2.081660339e+21
1.847225881e+21
1.829130262e+21
2.026778491e+21
2.111991727e+21
2.093158327e+21
2.175193479e+21
1.641996776e+21
2.030940786e+21
2.11220082e+21
2.089630051e+21
1.872140254e+21
2.144228633e+21
1.929790359e+21
1.908590469e+21
1.794634575e+21
1.774706689e+21
1.941111952e+21
1.919335589e+21
2.170420962e+21
1.966977139e+21
1.94611061e+21
2.011220624e+21
1.903268381e+21
2.052225894e+21
2.030287446e+21
1.922942438e+21
1.985079972e+21
1.96169513e+21
2.102453351e+21
2.077527092e+21
2.134431288e+21
2.108990143e+21
1.932037136e+21
2.137976392e+21
1.813205776e+21
2.164637122e+21
1.994225416e+21
2.189119416e+21
1.733088446e+21
1.854861501e+21
1.976970968e+21
1.813591831e+21
2.071279782e+21
2.250893416e+21
2.160693953e+21
1.86779193e+21
2.179419903e+21
1.82692199e+21
1.873585041e+21
2.106377632e+21
1.896339574e+21
2.123423321e+21
2.041291212e+21
2.078034376e+21
2.058486775e+21
1.914370321e+21
2.13371563e+21
1.991351247e+21
1.857119976e+21
1.950006415e+21
1.989339815e+21
1.966131269e+21
2.004439408e+21
1.98124005e+21
1.964012229e+21
1.941481667e+21
1.97833253e+21
1.925720966e+21
1.924780889e+21
2.307185526e+21
1.6646792e+21
2.044957756e+21
1.659081262e+21
2.03652856e+21
2.159519393e+21
2.278813483e+21
1.641691104e+21
1.760758124e+21
2.131593964e+21
1.996681846e+21
2.362641704e+21
1.607849803e+21
2.34036415e+21
1.836617152e+21
1.950067517e+21
1.937323935e+21
2.168379038e+21
1.91384074e+21
2.497862291e+21
2.124862216e+21
2.346607991e+21
1.862262264e+21
1.965703164e+21
1.949146659e+21
2.39092975e+21
2.257018168e+21
1.904225471e+21
2.108753462e+21
1.872006513e+21
1.96332725e+21
1.730844954e+21
2.035287527e+21
1.911634271e+21
1.787310869e+21
1.667186273e+21
1.753189532e+21
2.145734393e+21
1.921031231e+21
1.602331289e+21
2.179707954e+21
2.256528456e+21
2.232098779e+21
2.017618539e+21
1.900470748e+21
1.881061867e+21
2.0462324e+21
1.840867416e+21
2.00227593e+21
1.89113868e+21
2.047782666e+21
1.937976503e+21
2.002849544e+21
1.895352917e+21
2.043724758e+21
1.937638023e+21
1.998273589e+21
1.976898523e+21
1.953638243e+21
1.932759558e+21
2.069026459e+21
1.889512447e+21
2.02259774e+21
2.001127522e+21
1.901146603e+21
1.956321915e+21
1.932839588e+21
1.912579144e+21
1.889560601e+21
2.085675922e+21
2.060528431e+21
1.898665325e+21
2.153638654e+21
2.062925287e+21
1.902154095e+21
1.815738921e+21
2.05958552e+21
1.907533827e+21
2.079504602e+21
2.059078374e+21
1.780031912e+21
2.140527257e+21
1.990462036e+21
2.094670618e+21
1.887034408e+21
2.050179993e+21
1.966217509e+21
2.066062318e+21
2.041621573e+21
2.080801069e+21
2.056334457e+21
1.981267534e+21
1.958131262e+21
1.996284729e+21
1.973153339e+21
1.955998354e+21
2.04094765e+21
1.970233432e+21
2.172150736e+21
2.043380817e+21
2.423841529e+21
2.039145657e+21
2.162502947e+21
1.778264574e+21
2.153608799e+21
1.770045328e+21
2.016084182e+21
1.885353372e+21
2.00285782e+21
1.996803168e+21
2.235768906e+21
1.980301224e+21
2.215889549e+21
1.839061764e+21
2.193724869e+21
1.698407768e+21
2.048910624e+21
1.918565973e+21
1.905056473e+21
2.249610378e+21
1.762635037e+21
2.102318799e+21
2.085535281e+21
2.071898689e+21
2.168628097e+21
1.81345317e+21
2.022206332e+21
1.895698788e+21
2.209847705e+21
1.973304953e+21
2.063223642e+21
1.83089218e+21
1.919683419e+21
1.691766248e+21
2.19820302e+21
2.074887447e+21
1.745574878e+21
2.23816416e+21
2.013411467e+21
1.79485508e+21
1.775749524e+21
1.856106154e+21
1.932683279e+21
2.009030932e+21
1.892419823e+21
1.873102637e+21
1.852376792e+21
2.199747005e+21
2.084521545e+21
1.972903214e+21
2.127914939e+21
2.105356483e+21
2.081267332e+21
1.88750302e+21
1.865685948e+21
2.013548155e+21
1.99006652e+21
1.968784237e+21
1.945647267e+21
2.085262924e+21
1.98134145e+21
2.038633842e+21
1.93690707e+21
1.993002934e+21
2.12066239e+21
2.023340765e+21
1.850993842e+21
2.051383335e+21
1.954328788e+21
1.862381423e+21
2.123006999e+21
2.101141925e+21
1.868215247e+21
1.917662055e+21
1.894520987e+21
2.009390324e+21
1.918981769e+21
1.965394913e+21
2.200613637e+21
1.98673125e+21
1.899527204e+21
1.755714582e+21
1.920520391e+21
2.147621402e+21
2.121961761e+21
1.921825868e+21
1.898962256e+21
1.998953617e+21
1.859099124e+21
2.072410384e+21
2.048023958e+21
1.860502756e+21
1.950196093e+21
1.988196132e+21
1.965132373e+21
2.0021621e+21
1.925641918e+21
2.015232821e+21
1.907572141e+21
2.033753597e+21
2.031519199e+21
2.156393269e+21
2.405550667e+21
2.149171062e+21
2.269590106e+21
2.265096302e+21
1.755814891e+21
1.751429048e+21
1.744320151e+21
1.987487982e+21
1.607210516e+21
2.217482798e+21
2.083087041e+21
1.952583679e+21
1.577046917e+21
2.173601954e+21
1.919531089e+21
1.671044722e+21
1.896352474e+21
2.357204911e+21
1.520675024e+21
1.860246933e+21
1.960771932e+21
1.604205364e+21
1.818009665e+21
2.369481457e+21
2.01317766e+21
2.442321104e+21
1.980038441e+21
1.964563501e+21
2.05412722e+21
1.715607692e+21
1.805092144e+21
2.210732111e+21
1.980193981e+21
1.85928399e+21
2.044736569e+21
1.924613877e+21
2.205235773e+21
1.687867774e+21
1.866398442e+21
1.848191658e+21
1.92448131e+21
1.714728101e+21
1.884436822e+21
1.958471002e+21
1.844608027e+21
1.825442489e+21
2.075827744e+21
1.964682608e+21
2.119087042e+21
2.009270158e+21
1.986314711e+21
1.879717877e+21
1.942476538e+21
1.838174793e+21
1.981926589e+21
1.960736289e+21
2.018459787e+21
2.076772698e+21
1.894368179e+21
1.952272613e+21
1.851909616e+21
2.137632054e+21
1.961245117e+21
2.089819183e+21
2.138516216e+21
1.897194887e+21
2.162761155e+21
1.997592135e+21
2.044018179e+21
1.813693883e+21
1.929657319e+21
2.11463076e+21
1.886948896e+21
1.934645773e+21
2.240853519e+21
1.827039411e+21
1.933962713e+21
1.851130107e+21
1.955003099e+21
2.060966132e+21
2.097956364e+21
1.772342012e+21
1.992699652e+21
2.093582592e+21
2.00956029e+21
1.990940039e+21
2.025223877e+21
2.006751345e+21
1.926459231e+21
2.021469863e+21
1.942324978e+21
1.980172818e+21
2.011542365e+21
1.994058689e+21
1.917818572e+21
2.007049659e+21
2.025200436e+21
1.771189585e+21
2.021998767e+21
2.020037506e+21
1.764215635e+21
1.509964119e+21
1.882490434e+21
2.00401755e+21
1.747633092e+21
2.116829862e+21
1.860231134e+21
1.978259303e+21
1.845886852e+21
2.207222553e+21
2.195448318e+21
1.822111114e+21
2.173574945e+21
1.923225901e+21
2.269023541e+21
1.901045189e+21
1.887727649e+21
1.994522512e+21
2.212470821e+21
2.08332301e+21
1.837131036e+21
1.825142052e+21
2.149231986e+21
1.684929265e+21
1.892883183e+21
2.099916292e+21
1.861775691e+21
2.064560219e+21
2.045110656e+21
1.708089225e+21
1.902938006e+21
2.201105595e+21
2.075381723e+21
2.159779413e+21
2.239525327e+21
2.017199537e+21
1.996182155e+21
1.878381113e+21
1.858462671e+21
1.937204602e+21
2.012166095e+21
1.897212548e+21
1.970346933e+21
2.135992228e+21
2.204284984e+21
1.999609213e+21
2.06720616e+21
1.867597032e+21
2.022401586e+21
2.087975024e+21
1.978149253e+21
2.042178209e+21
1.934528795e+21
1.99708263e+21
1.973852977e+21
1.95275387e+21
2.09068149e+21
1.90924738e+21
1.965323929e+21
2.022160024e+21
1.998153131e+21
1.976950078e+21
1.878238003e+21
1.858416966e+21
1.983055757e+21
1.962271936e+21
2.010507853e+21
1.776434902e+21
2.035861875e+21
2.084372683e+21
2.127893152e+21
2.106203383e+21
1.879437093e+21
2.059835336e+21
1.838066471e+21
2.014743775e+21
1.862060239e+21
1.97092042e+21
2.0100375e+21
1.990558105e+21
1.843766988e+21
1.887026626e+21
2.044900468e+21
1.96607894e+21
1.883800239e+21
1.924667206e+21
2.074755507e+21
2.0558304e+21
2.031602863e+21
2.013365858e+21
1.989789063e+21
1.972214e+21
1.949284498e+21
2.147049306e+21
1.910058537e+21
1.946329194e+21
1.889762207e+21
1.888845717e+21
1.886781704e+21
1.884953527e+21
1.881425931e+21
2.129154259e+21
1.873737931e+21
1.994703553e+21
2.23653496e+21
1.983074159e+21
2.098511888e+21
2.09218568e+21
1.592395294e+21
2.074998106e+21
1.699731039e+21
2.055586083e+21
1.8030318e+21
1.914442151e+21
1.783183215e+21
1.774128988e+21
2.348976153e+21
1.635120254e+21
1.854742874e+21
1.843514014e+21
2.17182352e+21
2.044102728e+21
1.914435727e+21
1.901097496e+21
1.995360042e+21
2.090637988e+21
2.180691455e+21
2.055494836e+21
1.821838912e+21
2.232085233e+21
2.105193752e+21
1.878482187e+21
1.963105348e+21
2.252878607e+21
2.128563317e+21
2.309848945e+21
1.987677604e+21
1.870390343e+21
1.947993789e+21
2.025464857e+21
2.003698683e+21
1.983701199e+21
1.868671182e+21
1.664661609e+21
1.920727579e+21
2.081814996e+21
1.969149118e+21
2.125576599e+21
1.92651175e+21
2.079391476e+21
1.970050654e+21
2.033824012e+21
2.010413034e+21
1.98895044e+21
1.965844874e+21
2.025871023e+21
2.082233628e+21
1.980767288e+21
1.957411894e+21
1.936560149e+21
2.066679385e+21
2.044751784e+21
1.94555296e+21
1.999062598e+21
1.975142833e+21
1.954442924e+21
1.930984924e+21
2.052460115e+21
1.818001053e+21
1.868479235e+21
1.914339734e+21
1.827153503e+21
2.13941127e+21
1.985483579e+21
2.026937609e+21
2.071491853e+21
2.046545792e+21
1.709804613e+21
1.876941504e+21
1.920708334e+21
1.836454475e+21
1.879540628e+21
1.976876098e+21
2.076954187e+21
1.876309664e+21
1.917012805e+21
1.951684985e+21
1.99076062e+21
1.911074521e+21
2.005326571e+21
1.981822456e+21
1.964318902e+21
1.94145603e+21
2.031507801e+21
1.902361048e+21
1.886097887e+21
2.00638013e+21
2.005408647e+21
2.128424559e+21
1.626043365e+21
1.872702476e+21
2.243948859e+21
2.486755253e+21
1.861383498e+21
2.102531023e+21
2.344033685e+21
1.965977967e+21
2.082560239e+21
2.072809526e+21
2.065485167e+21
1.812817312e+21
1.805470078e+21
2.034136715e+21
2.382172837e+21
2.130127081e+21
1.648361327e+21
2.104550142e+21
2.092833555e+21
2.192632843e+21
1.720556187e+21
1.93454725e+21
1.921946715e+21
2.242294479e+21
2.226686628e+21
1.765839096e+21
2.300540401e+21
2.279700072e+21
2.046508717e+21
2.134013609e+21
2.222388349e+21
1.886482208e+21
2.182101899e+21
1.646038872e+21
1.835357553e+21
1.917621296e+21
2.00000268e+21
1.979245212e+21
1.764442678e+21
1.745802831e+21
1.920892663e+21
1.995302236e+21
2.257599195e+21
2.046975562e+21
1.934024458e+21
1.912772247e+21
1.712644574e+21
1.871899892e+21
1.940426753e+21
1.918617647e+21
2.070878212e+21
2.047323231e+21
1.856743064e+21
1.918826837e+21
1.98088421e+21
1.957901489e+21
2.017690043e+21
1.91432655e+21
1.893887846e+21
2.027545841e+21
1.92879838e+21
1.982182358e+21
1.961153755e+21
2.086862262e+21
1.917354431e+21
1.821567414e+21
2.018775253e+21
2.065795743e+21
2.044320815e+21
2.019742999e+21
2.136797958e+21
2.042969757e+21
1.75252459e+21
1.931184047e+21
1.845797873e+21
1.953809728e+21
2.06331329e+21
1.847362249e+21
2.081511464e+21
1.744896366e+21
1.913123879e+21
1.951146387e+21
1.992895324e+21
1.969058186e+21
2.068738647e+21
1.985683323e+21
1.967280229e+21
1.886765886e+21
1.926207289e+21
1.903473947e+21
1.941869251e+21
1.973919387e+21
2.010833618e+21
1.933690189e+21
1.9701373e+21
1.99998787e+21
2.087256971e+21
2.246738112e+21
2.12089354e+21
1.620096922e+21
1.867535093e+21
1.988330178e+21
1.985418238e+21
1.732709851e+21
1.729291284e+21
1.96975874e+21
1.964856115e+21
2.201590403e+21
1.585252851e+21
2.063343236e+21
1.935114405e+21
1.92487462e+21
1.917080562e+21
2.024921646e+21
2.015682746e+21
1.884908195e+21
1.992565664e+21
1.978712405e+21
2.430696878e+21
1.953073333e+21
1.9412719e+21
1.699377252e+21
2.02598275e+21
2.009159763e+21
1.884343919e+21
2.087735883e+21
1.854185705e+21
2.161677651e+21
1.930358677e+21
2.23100654e+21
2.002034844e+21
1.878360576e+21
1.655407678e+21
2.048746457e+21
2.132104724e+21
2.110466281e+21
1.792362365e+21
1.872339861e+21
1.952222148e+21
2.12480072e+21
2.104123203e+21
1.986975866e+21
2.154515791e+21
2.131142225e+21
1.834295878e+21
1.995591235e+21
1.974890875e+21
2.041765819e+21
2.020313745e+21
1.997641972e+21
1.976499607e+21
2.039009506e+21
1.84920909e+21
1.994161104e+21
1.972883142e+21
1.950022039e+21
2.009574872e+21
2.065541075e+21
1.886300381e+21
1.941777413e+21
1.997942525e+21
1.822423688e+21
1.95334988e+21
2.004344916e+21
1.90974648e+21
2.03207919e+21
1.867157099e+21
2.057635622e+21
2.036245816e+21
2.0117789e+21
2.059714765e+21
2.034925087e+21
1.947040839e+21
2.056248042e+21
1.838535343e+21
2.140740599e+21
1.926749114e+21
2.030455089e+21
2.010498535e+21
1.986325771e+21
1.659715334e+21
1.822002092e+21
2.045204647e+21
1.901868476e+21
2.001713906e+21
1.977849925e+21
2.017150981e+21
1.9932062e+21
1.975022724e+21
2.007459095e+21
1.989439074e+21
1.966079099e+21
1.948716833e+21
2.032985463e+21
1.962290538e+21
1.939571558e+21
1.974970969e+21
1.7394181e+21
1.986946917e+21
1.860743384e+21
2.106805512e+21
2.102895489e+21
1.976299802e+21
1.971159503e+21
2.213183113e+21
1.593107712e+21
1.833630041e+21
1.826290043e+21
1.820799384e+21
2.17478437e+21
2.046718587e+21
1.676637483e+21
1.669854901e+21
1.897213829e+21
1.770530435e+21
1.759168829e+21
1.983630575e+21
2.317498581e+21
1.72846589e+21
2.40189982e+21
1.705285821e+21
1.804659204e+21
2.241158553e+21
2.222591937e+21
2.207149855e+21
1.859816266e+21
2.171882724e+21
2.044679821e+21
1.708438017e+21
1.798262059e+21
2.308161599e+21
2.182026671e+21
1.648322697e+21
1.938018349e+21
1.819745798e+21
1.801313718e+21
2.082251382e+21
2.060722924e+21
2.235625192e+21
1.92356121e+21
1.619125164e+21
1.790269298e+21
1.959002224e+21
1.937786775e+21
2.009399357e+21
1.897057656e+21
1.787987887e+21
2.033424285e+21
2.012067393e+21
1.989522941e+21
1.882887519e+21
1.861532775e+21
1.84173601e+21
1.986133276e+21
1.964946448e+21
1.942205755e+21
2.001524717e+21
1.978168041e+21
1.957055697e+21
1.934053457e+21
1.989998415e+21
1.966464863e+21
1.870776793e+21
1.996421509e+21
2.048521639e+21
2.024066567e+21
1.931326288e+21
1.908192148e+21
1.958295241e+21
2.072976579e+21
1.778074649e+21
1.824249171e+21
2.140031016e+21
1.982119913e+21
2.02754364e+21
2.067739815e+21
2.047148389e+21
1.959300992e+21
2.002623883e+21
1.978545694e+21
2.081823572e+21
2.056842318e+21
1.977269315e+21
1.776005829e+21
1.935215246e+21
2.028021562e+21
2.066629738e+21
1.928634788e+21
2.02345377e+21
1.888452737e+21
1.981589356e+21
1.958300847e+21
1.994925272e+21
1.91834341e+21
1.954506032e+21
1.879636381e+21
2.070643034e+21
1.731446957e+21
2.101458121e+21
2.099185974e+21
1.973798005e+21
2.093278929e+21
1.967264739e+21
1.716891813e+21
1.835903934e+21
2.073807935e+21
1.946969754e+21
1.817997416e+21
1.933372313e+21
2.164942267e+21
1.91761186e+21
1.669078452e+21
2.256022946e+21
2.006739737e+21
1.997601039e+21
2.21832236e+21
2.090938513e+21
1.961113793e+21
2.179665481e+21
1.935793632e+21
1.81093529e+21
1.909014804e+21
1.785049955e+21
1.991582945e+21
2.087633994e+21
2.17850502e+21
2.162453099e+21
1.821543668e+21
2.126332292e+21
2.106515449e+21
1.88039718e+21
1.862325312e+21
2.05162263e+21
1.828229586e+21
1.912707933e+21
1.793720891e+21
1.876012711e+21
1.954371918e+21
2.129479292e+21
1.723997382e+21
2.18147341e+21
1.876695118e+21
2.136705855e+21
1.74602236e+21
2.001141682e+21
1.79933028e+21
1.691646619e+21
1.937100605e+21
2.091013655e+21
2.067620493e+21
1.875272297e+21
2.022582983e+21
2.001079732e+21
1.978169824e+21
2.038618079e+21
1.934451882e+21
1.993538801e+21
2.049114031e+21
1.949277487e+21
2.157557592e+21
1.905881951e+21
1.958699218e+21
1.937926978e+21
1.841259721e+21
1.894710277e+21
1.800104361e+21
2.066241175e+21
2.041507265e+21
1.880955644e+21
1.858379878e+21
2.111717654e+21
2.086325138e+21
1.865210407e+21
1.776944913e+21
2.215076196e+21
1.930943802e+21
2.102884317e+21
2.140528899e+21
1.87013501e+21
1.786061358e+21
2.073699153e+21
1.868034586e+21
1.969547843e+21
1.94597111e+21
1.869236497e+21
2.02008377e+21
2.0013578e+21
2.034076136e+21
2.015518328e+21
1.991679552e+21
1.97380134e+21
1.950583898e+21
1.933360657e+21
2.069991093e+21
1.999398804e+21
2.0281968e+21
2.062434854e+21
1.969769759e+21
2.461027505e+21
1.843780129e+21
1.719202602e+21
2.328896972e+21
1.958311912e+21
1.709090605e+21
2.314915735e+21
2.185842895e+21
2.301550913e+21
2.171735708e+21
1.684058468e+21
1.795990704e+21
1.789667608e+21
1.78027208e+21
2.245905803e+21
1.997770677e+21
1.988681293e+21
2.208452814e+21
1.965998662e+21
2.296978068e+21
2.284238779e+21
2.04063664e+21
2.028340952e+21
2.347865596e+21
2.110474845e+21
1.872747729e+21
1.750362343e+21
1.843712292e+21
2.260760251e+21
2.027082081e+21
1.905476626e+21
2.097506203e+21
2.080408524e+21
2.16347823e+21
1.83862477e+21
2.022786197e+21
2.105130291e+21
2.183123319e+21
1.769826465e+21
1.946219166e+21
2.120609005e+21
1.907610493e+21
1.889079249e+21
2.055856575e+21
2.127910849e+21
2.013426311e+21
1.90236289e+21
2.060799093e+21
1.950776191e+21
2.104637254e+21
1.909002183e+21
1.887677739e+21
1.952614718e+21
2.014468575e+21
1.993057745e+21
1.970269976e+21
1.949263103e+21
2.007041327e+21
1.985616359e+21
1.883998249e+21
2.019223294e+21
1.8420369e+21
1.974298222e+21
1.950994666e+21
1.85606394e+21
1.834038104e+21
1.887280618e+21
1.936506924e+21
1.987187603e+21
2.103659514e+21
1.873612942e+21
2.056819692e+21
1.764215638e+21
2.212283448e+21
2.05701677e+21
1.901149831e+21
2.076670465e+21
1.9234403e+21
2.094710892e+21
2.006787921e+21
2.04915377e+21
1.963166958e+21
2.004883844e+21
1.860769888e+21
1.78353313e+21
1.997134509e+21
1.978330125e+21
1.839732914e+21
2.050512261e+21
2.026130936e+21
1.951876971e+21
1.983882441e+21
2.020687476e+21
1.942927529e+21
2.032760357e+21
2.008973774e+21
1.991529524e+21
1.916585446e+21
2.002934205e+21
1.838273416e+21
1.714897612e+21
2.32485768e+21
1.955889554e+21
1.830271127e+21
2.31496024e+21
1.944411394e+21
1.698014811e+21
1.934203544e+21
2.170581862e+21
2.041854194e+21
1.796233821e+21
2.026327193e+21
2.256752416e+21
2.126781053e+21
1.882845469e+21
1.988881435e+21
2.212763304e+21
1.620073147e+21
2.072435007e+21
2.286853487e+21
2.16047307e+21
1.805945424e+21
1.795073947e+21
2.226310977e+21
1.880095879e+21
1.864627052e+21
1.960631233e+21
1.94375058e+21
2.143837377e+21
2.018396318e+21
2.108138382e+21
1.984145007e+21
1.967984581e+21
1.949148262e+21
1.932569584e+21
2.014278362e+21
2.096289851e+21
2.07517994e+21
2.252006547e+21
2.035040859e+21
1.727846436e+21
2.089707319e+21
1.881289868e+21
2.140482834e+21
2.027049344e+21
1.914064214e+21
2.165267216e+21
1.963200403e+21
2.031180498e+21
2.00880368e+21
1.987727363e+21
1.965557057e+21
2.029336545e+21
2.006419014e+21
1.985099818e+21
1.962432973e+21
1.941514941e+21
2.079055765e+21
1.89864637e+21
1.954755972e+21
2.011261292e+21
1.911245934e+21
1.966540661e+21
2.092838988e+21
2.144600989e+21
1.89994783e+21
1.95221319e+21
2.071846375e+21
1.838055646e+21
2.025629778e+21
2.142820284e+21
1.912246306e+21
1.960139931e+21
2.003370136e+21
2.049041487e+21
2.024392658e+21
1.939337009e+21
2.043727881e+21
2.086600757e+21
1.999020998e+21
2.041220928e+21
2.01667836e+21
2.057639078e+21
2.092730698e+21
2.013505156e+21
1.930878165e+21
2.028616952e+21
1.947124777e+21
2.042547431e+21
2.018247564e+21
1.999832715e+21
1.976146142e+21
1.958407526e+21
2.042849421e+21
1.918244607e+21
2.053755835e+21
2.035925154e+21
1.960639789e+21
1.943901576e+21
1.829963498e+21
2.07296382e+21
1.948931592e+21
2.190438723e+21
1.822014553e+21
1.81935798e+21
1.814677452e+21
2.052594172e+21
2.166203704e+21
1.920742571e+21
1.913136333e+21
1.907404739e+21
2.017279776e+21
2.128436708e+21
2.11732053e+21
1.8744769e+21
2.096545711e+21
1.623241249e+21
1.958556455e+21
1.834049353e+21
1.935295103e+21
1.698160305e+21
1.685682244e+21
1.675544076e+21
1.662483124e+21
1.9820578e+21
1.856576497e+21
1.952178351e+21
2.042930082e+21
2.241381653e+21
2.327119092e+21
1.889241918e+21
1.975731091e+21
1.650233452e+21
1.838779265e+21
1.924437594e+21
2.106133885e+21
2.286335099e+21
2.263355475e+21
1.852621124e+21
1.930116032e+21
1.720708605e+21
1.79732603e+21
1.779886238e+21
2.039049136e+21
2.110536274e+21
1.99706073e+21
1.976770917e+21
2.044142067e+21
2.110935564e+21
1.913740563e+21
1.979744357e+21
1.872578998e+21
2.02122741e+21
1.998433528e+21
1.977205188e+21
1.954658069e+21
2.014404303e+21
1.911557334e+21
1.969958889e+21
1.86919163e+21
2.157466589e+21
2.056063496e+21
1.883503677e+21
1.935765978e+21
2.062570386e+21
2.110925649e+21
1.87259474e+21
1.9214725e+21
2.183021759e+21
2.01778329e+21
2.065664652e+21
2.17697356e+21
1.817900655e+21
2.062154842e+21
1.909442142e+21
1.886480344e+21
2.060643902e+21
1.781366436e+21
2.015566721e+21
1.80462828e+21
1.971732626e+21
1.948025448e+21
1.929131261e+21
1.846408696e+21
2.064725383e+21
1.923419149e+21
1.96304211e+21
1.93959207e+21
1.921608446e+21
2.0104253e+21
1.992081108e+21
1.968469945e+21
2.059178107e+21
1.981343527e+21
1.963851955e+21
1.940823933e+21
1.975975344e+21
1.901561679e+21
1.987241274e+21
2.307522605e+21
1.942246271e+21
1.940167827e+21
1.817159205e+21
1.692909995e+21
1.931935765e+21
2.047415188e+21
2.043396393e+21
1.916902984e+21
1.792646715e+21
2.023642098e+21
2.136266102e+21
2.008312791e+21
1.765818492e+21
1.873727824e+21
1.632909592e+21
1.623454969e+21
1.846958761e+21
1.835254032e+21
1.940130778e+21
1.926839284e+21
2.02889908e+21
1.790245241e+21
1.890706042e+21
1.986354844e+21
2.192778203e+21
2.174817836e+21
2.159775602e+21
2.248324899e+21
1.912985488e+21
2.106574943e+21
1.672202546e+21
1.760294735e+21
2.259504359e+21
2.03451371e+21
2.01723553e+21
1.997475605e+21
2.276813664e+21
2.057975584e+21
1.94205581e+21
1.922163982e+21
1.904032783e+21
1.978383046e+21
2.052492467e+21
1.938441322e+21
2.010565607e+21
1.988977302e+21
1.968778706e+21
2.124432129e+21
2.102447252e+21
2.079358455e+21
2.057556747e+21
1.865119843e+21
2.013182825e+21
1.990511353e+21
1.969373102e+21
1.946944528e+21
1.926201948e+21
1.983381012e+21
1.883733495e+21
2.094609661e+21
1.918773252e+21
1.896337432e+21
2.026253425e+21
1.854077346e+21
1.981177396e+21
2.102742657e+21
2.008824653e+21
1.843152029e+21
1.964138045e+21
2.009997355e+21
2.057694242e+21
1.965282762e+21
1.945038393e+21
2.054222049e+21
1.770916952e+21
1.944031208e+21
2.116870622e+21
2.02802737e+21
1.945078506e+21
1.921676563e+21
2.086918033e+21
2.122467752e+21
1.921718447e+21
2.135973959e+21
1.939255744e+21
1.974078677e+21
2.070514978e+21
1.988944405e+21
1.970501912e+21
1.947033897e+21
1.929267434e+21
1.960853152e+21
1.943251969e+21
2.133683173e+21
2.009105488e+21
1.933272074e+21
2.02008609e+21
2.047716515e+21
1.979486664e+21
1.813567034e+21
1.691853112e+21
2.052200182e+21
2.050229767e+21
1.685341359e+21
1.923300902e+21
2.39797437e+21
1.675289969e+21
1.908368246e+21
2.141602699e+21
1.540620319e+21
2.126786752e+21
2.117038417e+21
1.758009412e+21
1.982058105e+21
2.206328646e+21
1.73177832e+21
1.953784908e+21
2.169837486e+21
2.158912733e+21
2.03130745e+21
1.907856241e+21
1.782497076e+21
1.8825334e+21
2.087682206e+21
1.965016539e+21
2.165508415e+21
2.043016563e+21
1.705719303e+21
1.904856383e+21
1.992779965e+21
2.185495098e+21
1.752892849e+21
1.840923859e+21
1.924710466e+21
1.908377211e+21
2.08863786e+21
2.070208491e+21
2.049479939e+21
1.934050665e+21
2.105704907e+21
1.991043149e+21
1.970314206e+21
2.137047807e+21
2.022514282e+21
1.820385332e+21
1.980959049e+21
1.782591691e+21
1.939589016e+21
1.919524688e+21
1.898477712e+21
2.049359142e+21
2.026603503e+21
1.921651937e+21
1.982651741e+21
1.96160282e+21
1.939291627e+21
1.998578831e+21
2.054642431e+21
1.95454642e+21
2.086442922e+21
1.911295787e+21
1.888970061e+21
1.794119534e+21
2.142400863e+21
2.119693223e+21
1.950166113e+21
2.072535921e+21
1.97728712e+21
1.816817995e+21
2.002271276e+21
2.118111274e+21
1.822724898e+21
1.870761633e+21
1.914327471e+21
2.025482424e+21
1.872035507e+21
1.98096085e+21
2.083400581e+21
1.937634173e+21
2.099581616e+21
2.078931747e+21
1.872705851e+21
1.854538558e+21
1.891372885e+21
2.048908225e+21
2.024349809e+21
1.890694786e+21
1.98130899e+21
2.019019919e+21
1.994961277e+21
1.976756784e+21
1.953295077e+21
1.989532976e+21
1.966029752e+21
1.948675494e+21
2.029874905e+21
1.960662244e+21
2.039753099e+21
1.971792339e+21
2.04620896e+21
1.56400087e+21
1.802694972e+21
2.281223347e+21
2.037377262e+21
2.154085744e+21
1.551758329e+21
1.786981704e+21
1.899909171e+21
2.013663383e+21
2.123737425e+21
2.352656841e+21
1.990615868e+21
2.100322917e+21
1.857277609e+21
2.081038118e+21
1.609260223e+21
1.830824784e+21
1.932983868e+21
1.923260412e+21
1.79778579e+21
1.899602064e+21
1.885741669e+21
1.984691761e+21
2.297547987e+21
1.630504438e+21
2.048464436e+21
1.713112388e+21
1.910802314e+21
2.318306311e+21
1.775502426e+21
1.969035456e+21
2.053591707e+21
1.731381276e+21
1.815821187e+21
1.800423592e+21
1.98095086e+21
2.061658329e+21
1.846668039e+21
1.926111244e+21
2.001777592e+21
2.077343426e+21
1.962310917e+21
2.035840724e+21
1.831224556e+21
1.994347796e+21
1.883323131e+21
1.952986606e+21
2.107466465e+21
1.998770716e+21
2.062840603e+21
2.041226598e+21
2.018594617e+21
1.914064067e+21
1.974853953e+21
1.953893614e+21
1.931698652e+21
1.911128616e+21
2.046631566e+21
1.946930271e+21
1.924388536e+21
1.980031431e+21
1.956926103e+21
2.085042201e+21
1.913363547e+21
1.893085739e+21
2.014615001e+21
2.206949046e+21
1.969699962e+21
1.949066453e+21
1.857045443e+21
1.973871982e+21
1.815757453e+21
2.262955316e+21
2.038538163e+21
2.017749331e+21
1.864895725e+21
1.909746155e+21
1.949673556e+21
1.992512625e+21
2.091579435e+21
2.0100944e+21
2.046105245e+21
1.966658121e+21
2.00191758e+21
1.924456452e+21
2.074236994e+21
2.054697928e+21
1.917339634e+21
2.011297401e+21
1.987318134e+21
1.969182696e+21
1.945795043e+21
2.089023277e+21
1.958461293e+21
1.941174887e+21
1.918343302e+21
1.953094353e+21
1.879462527e+21
1.913794583e+21
2.037123355e+21
2.515246699e+21
1.794696687e+21
2.032040427e+21
1.789719981e+21
1.548836809e+21
1.901408712e+21
2.016291083e+21
1.891524756e+21
2.004781052e+21
2.114391247e+21
2.108078211e+21
1.865302448e+21
2.207289082e+21
2.195877911e+21
1.841733531e+21
1.716702353e+21
1.822863039e+21
1.924607428e+21
2.027577996e+21
2.013786468e+21
2.002678942e+21
2.098550263e+21
2.085974525e+21
2.069861963e+21
1.948265814e+21
2.361839305e+21
1.492620364e+21
1.797031318e+21
1.993737228e+21
2.288070165e+21
1.96078788e+21
1.840525693e+21
1.724172769e+21
2.009217069e+21
1.892582672e+21
1.972790595e+21
1.662096883e+21
1.935902242e+21
1.918236739e+21
2.088565799e+21
2.162942271e+21
1.954372383e+21
2.21194447e+21
2.006245437e+21
1.896048582e+21
1.875791531e+21
1.945185181e+21
2.011622976e+21
2.077387026e+21
1.969068043e+21
1.948443414e+21
1.92687175e+21
1.989428749e+21
1.967117261e+21
2.027338297e+21
1.924164904e+21
2.062320078e+21
2.117093809e+21
2.094523105e+21
1.916943533e+21
1.896514344e+21
1.799429502e+21
2.151186186e+21
1.906010854e+21
1.95834445e+21
1.935220308e+21
1.843898146e+21
2.032248337e+21
2.149647463e+21
1.78144464e+21
2.034147837e+21
1.808843073e+21
2.121729547e+21
2.096294903e+21
1.815551669e+21
1.729685356e+21
2.0293216e+21
1.879616025e+21
1.860885636e+21
2.083638021e+21
1.820418666e+21
1.918432484e+21
1.781079299e+21
1.994309736e+21
1.975236377e+21
1.894150601e+21
2.046879681e+21
2.022390198e+21
1.947977242e+21
1.979733333e+21
1.961666428e+21
1.938352385e+21
1.97431322e+21
1.89822248e+21
1.985994821e+21
2.065908155e+21
1.843185467e+21
2.125211179e+21
2.056919278e+21
2.028118078e+21
1.90790827e+21
2.263240812e+21
1.666054561e+21
2.019401017e+21
2.016469143e+21
1.893035422e+21
2.243581554e+21
2.000914895e+21
1.761155946e+21
2.105126969e+21
1.982244228e+21
1.973228106e+21
1.966323317e+21
1.956183335e+21
2.062941356e+21
2.165065676e+21
1.814970241e+21
2.141750716e+21
2.018838608e+21
1.782345631e+21
1.883306137e+21
1.759649829e+21
1.967753612e+21
1.735634055e+21
2.047774706e+21
1.817344441e+21
1.804818372e+21
1.684216477e+21
2.089864864e+21
1.96780568e+21
2.466453609e+21
2.036536506e+21
1.515021209e+21
1.70078546e+21
1.983982149e+21
1.964697284e+21
2.142138059e+21
2.120809128e+21
1.910426359e+21
1.891000406e+21
2.060527518e+21
1.946497821e+21
1.927663497e+21
1.907381099e+21
1.978389526e+21
1.957287546e+21
2.025511555e+21
2.003654228e+21
1.896735363e+21
1.961308812e+21
2.025153622e+21
2.002765258e+21
1.981634805e+21
1.959440952e+21
1.938655569e+21
1.996551763e+21
1.896289363e+21
1.874580729e+21
1.854599672e+21
1.98593815e+21
1.889209029e+21
2.091272359e+21
2.216822347e+21
1.898714455e+21
1.878596273e+21
1.999234207e+21
1.978157891e+21
2.024509673e+21
1.657906629e+21
1.979445349e+21
1.958871055e+21
2.00220128e+21
2.113680336e+21
2.023091954e+21
2.002458948e+21
1.91459825e+21
2.021639244e+21
1.685254859e+21
2.101023629e+21
1.770498347e+21
2.115786515e+21
1.911174198e+21
2.129206782e+21
1.928325395e+21
2.025631713e+21
2.058515037e+21
2.039120705e+21
2.014714784e+21
1.996028247e+21
1.972206208e+21
1.954207321e+21
1.984604402e+21
1.966790331e+21
1.890970884e+21
1.978408965e+21
2.006542962e+21
1.836125522e+21
2.016230194e+21
2.098992133e+21
1.900416064e+21
2.018232188e+21
2.016099322e+21
1.777209702e+21
1.773998231e+21
2.007614755e+21
1.884735556e+21
1.881051173e+21
1.757789991e+21
1.987249417e+21
1.979502215e+21
1.973601725e+21
1.964647639e+21
1.842615231e+21
1.833136835e+21
2.054010492e+21
2.155723036e+21
1.920092091e+21
1.79583103e+21
2.345203274e+21
2.107485441e+21
2.095881699e+21
1.971184139e+21
1.959392494e+21
2.052343368e+21
1.824476131e+21
2.02260159e+21
1.902953067e+21
1.886814946e+21
1.977075923e+21
1.650205849e+21
2.149182311e+21
1.926708965e+21
1.911103087e+21
1.893064287e+21
2.173423343e+21
1.956670107e+21
2.1333991e+21
1.824169546e+21
1.99781329e+21
1.977535102e+21
2.052221245e+21
1.93868646e+21
1.737086766e+21
1.809305666e+21
2.060074225e+21
2.038136912e+21
2.017484551e+21
1.995748365e+21
2.061009488e+21
2.038550079e+21
2.017211683e+21
1.994943313e+21
1.97390169e+21
1.951824321e+21
2.011588884e+21
1.909272337e+21
1.967662311e+21
2.178582478e+21
1.924433835e+21
2.054403019e+21
2.032516559e+21
1.860064271e+21
2.208345011e+21
1.891473705e+21
2.01539089e+21
1.77824245e+21
1.829877162e+21
2.016829722e+21
1.926887818e+21
1.767956894e+21
2.018747348e+21
1.928146733e+21
1.776677597e+21
1.950441576e+21
2.123603578e+21
2.161695907e+21
2.139890762e+21
2.051993206e+21
1.908418079e+21
1.824648302e+21
1.80669585e+21
2.082467873e+21
1.826571144e+21
2.095693637e+21
1.902676246e+21
1.879847838e+21
2.031420331e+21
2.00709741e+21
1.988480281e+21
1.964736104e+21
1.946804724e+21
1.92363658e+21
1.959324555e+21
1.988428621e+21
1.970880841e+21
1.896377495e+21
1.930737201e+21
2.008509329e+21
1.991388761e+21
1.77383319e+21
2.009390002e+21
1.889196889e+21
1.769429665e+21
1.883989849e+21
1.998837787e+21
2.228353432e+21
2.341053475e+21
2.216836546e+21
2.211374329e+21
1.970904302e+21
1.965034258e+21
1.956141473e+21
1.834642813e+21
1.939305564e+21
2.045156621e+21
2.033489066e+21
2.249234917e+21
2.123426703e+21
2.001583915e+21
1.988064481e+21
2.086968298e+21
2.289972507e+21
1.734313004e+21
1.828569037e+21
1.923668432e+21
2.120131745e+21
1.789712019e+21
1.983338679e+21
1.761601972e+21
1.643369297e+21
1.936454559e+21
1.716797921e+21
1.903244475e+21
1.885314679e+21
2.066151385e+21
1.753837431e+21
1.931573775e+21
1.81679138e+21
1.989744608e+21
1.969584231e+21
1.765256897e+21
1.74703873e+21
2.09439554e+21
1.892221286e+21
1.87347168e+21
1.853553882e+21
2.009520917e+21
1.987904645e+21
2.052917176e+21
2.030579865e+21
2.009331791e+21
1.987182228e+21
1.966228697e+21
1.944266674e+21
1.923653362e+21
1.901912168e+21
2.038485343e+21
2.17021882e+21
2.070414119e+21
1.970748201e+21
1.874765947e+21
1.927094545e+21
2.053270112e+21
2.0292332e+21
1.936031805e+21
1.913226254e+21
1.893059649e+21
2.009207819e+21
1.919606682e+21
2.032256908e+21
1.877058607e+21
2.119599787e+21
2.032208636e+21
2.007878059e+21
1.795069669e+21
2.026894373e+21
1.943746228e+21
1.858444332e+21
2.023912571e+21
1.93898497e+21
1.979902909e+21
1.837545494e+21
1.93711128e+21
1.971829238e+21
1.89552532e+21
1.986278798e+21
2.023777895e+21
1.999537419e+21
1.980989184e+21
2.011692442e+21
1.939457998e+21
2.022826715e+21
1.899160778e+21
1.928761333e+21
2.066747147e+21
1.940225485e+21
1.974013869e+21
1.900805002e+21
1.835011062e+21
2.001573697e+21
2.000624955e+21
1.880960974e+21
2.466404426e+21
2.227497035e+21
1.873070332e+21
1.985124284e+21
2.097793928e+21
1.858714281e+21
2.201789014e+21
2.424117405e+21
1.726359575e+21
1.947708646e+21
2.055081473e+21
2.158149004e+21
2.036378752e+21
2.024789285e+21
1.791696687e+21
2.003098524e+21
2.435970415e+21
1.759676343e+21
2.296880957e+21
2.063139772e+21
1.61906802e+21
2.142230345e+21
2.022029344e+21
1.79459111e+21
1.677414849e+21
2.079061306e+21
1.651108027e+21
1.943449623e+21
2.232973497e+21
2.011478335e+21
1.895450228e+21
2.075273342e+21
2.057740438e+21
1.940810938e+21
2.019945475e+21
2.190414271e+21
1.981740839e+21
2.055111184e+21
1.758197813e+21
1.740083627e+21
2.176767214e+21
1.974480503e+21
2.043785536e+21
2.110009189e+21
2.088646857e+21
1.894030063e+21
1.874480816e+21
2.022671731e+21
2.001513223e+21
1.979481296e+21
1.958615126e+21
1.936767329e+21
1.916238993e+21
1.894608528e+21
2.108764789e+21
2.084707735e+21
1.833333915e+21
1.963240033e+21
1.94233198e+21
1.993615851e+21
1.899372254e+21
2.021553292e+21
2.071573988e+21
2.047191177e+21
2.025614084e+21
2.001643308e+21
2.048978963e+21
2.227083502e+21
2.003578302e+21
1.7157152e+21
1.893967359e+21
1.871301333e+21
2.043822453e+21
2.082412024e+21
1.874003675e+21
2.036641962e+21
2.016340403e+21
2.052466388e+21
2.151814055e+21
2.066886911e+21
2.046824152e+21
1.964447943e+21
1.773977767e+21
1.922297623e+21
1.960187394e+21
1.992034165e+21
1.973554317e+21
1.949964387e+21
1.932166512e+21
1.909142533e+21
1.944561759e+21
1.97340836e+21
1.955995166e+21
1.88201097e+21
1.865690569e+21
2.043074737e+21
1.926853899e+21
1.758422919e+21
1.757590627e+21
2.106896126e+21
1.871010311e+21
1.984383676e+21
2.331190687e+21
1.744000285e+21
2.088718931e+21
1.966356795e+21
1.961519443e+21
2.413678997e+21
1.718929898e+21
1.939348214e+21
2.046266063e+21
1.809615569e+21
2.027675911e+21
2.016163627e+21
1.78407091e+21
1.662168613e+21
2.205135188e+21
2.080793928e+21
1.851538912e+21
2.054473087e+21
1.934730099e+21
2.026614523e+21
1.907612351e+21
1.892258207e+21
1.983663088e+21
2.070469294e+21
1.849831234e+21
2.037330915e+21
2.223812246e+21
2.003262085e+21
1.689012238e+21
1.968425541e+21
2.049397693e+21
2.222923976e+21
2.011804639e+21
1.517652771e+21
1.973801203e+21
2.046914323e+21
1.935531273e+21
2.006844264e+21
1.897128652e+21
1.966695817e+21
1.858716761e+21
1.839019407e+21
2.080466901e+21
2.058157281e+21
1.95204997e+21
1.930873914e+21
1.910682129e+21
1.971839821e+21
2.032354468e+21
1.929325615e+21
1.908881559e+21
2.044640832e+21
1.945095432e+21
2.153682685e+21
1.9785494e+21
2.031011505e+21
2.009385387e+21
2.206750676e+21
1.892191259e+21
2.013931296e+21
1.921437047e+21
2.039493958e+21
2.157171944e+21
2.062898837e+21
1.973251403e+21
1.815338686e+21
1.863007015e+21
1.840788762e+21
1.821824454e+21
1.864317646e+21
1.972563021e+21
2.011779455e+21
1.929248966e+21
2.090538582e+21
1.826204259e+21
2.044818666e+21
1.786495213e+21
2.059183536e+21
1.864405633e+21
2.014684106e+21
1.881383521e+21
2.027775447e+21
1.952868018e+21
1.929459596e+21
1.96617505e+21
2.050587151e+21
2.138810719e+21
1.901977109e+21
2.041980416e+21
2.0177194e+21
1.89735643e+21
2.077601895e+21
1.959119948e+21
1.985697496e+21
1.968782103e+21
2.451144859e+21
1.98332228e+21
1.981246627e+21
1.862925819e+21
2.5569413e+21
1.740848275e+21
1.736485642e+21
2.195262229e+21
1.612390694e+21
1.953090211e+21
1.716664358e+21
1.825668157e+21
1.703875807e+21
2.150721846e+21
1.914528005e+21
2.243385711e+21
1.896077195e+21
1.887541633e+21
1.765491481e+21
1.86645635e+21
1.853936226e+21
2.38604734e+21
2.153556747e+21
2.140718542e+21
1.805740893e+21
2.110760447e+21
1.88442649e+21
2.079436189e+21
2.061948005e+21
2.149267099e+21
2.231893593e+21
2.114056502e+21
2.194623951e+21
2.176901964e+21
2.156511709e+21
1.749533419e+21
2.021467125e+21
1.717482136e+21
1.983959191e+21
1.778693985e+21
2.131454525e+21
2.111457709e+21
1.81719815e+21
1.979628614e+21
2.137060663e+21
2.115915559e+21
2.006298011e+21
1.986002818e+21
2.050162544e+21
1.775389947e+21
2.007038824e+21
1.986057215e+21
1.964257116e+21
1.94356351e+21
1.921940868e+21
2.060045442e+21
1.958508592e+21
2.01519524e+21
2.068883445e+21
2.046853829e+21
2.023332257e+21
1.779370268e+21
1.978592188e+21
2.030069308e+21
1.863054662e+21
2.126913195e+21
2.101918347e+21
1.871790892e+21
1.781164864e+21
2.101456489e+21
1.741584975e+21
1.856059816e+21
1.964931045e+21
2.074333319e+21
1.857385891e+21
2.028622451e+21
2.004306218e+21
2.10808898e+21
2.082776845e+21
1.819422534e+21
2.037227725e+21
2.076505291e+21
1.992922016e+21
2.03161985e+21
2.064546959e+21
1.931191198e+21
2.020233463e+21
1.945603099e+21
1.977195336e+21
1.95885076e+21
1.935413132e+21
1.971017534e+21
1.947500417e+21
1.98218246e+21
1.855528407e+21
1.992420365e+21
2.069791347e+21
2.051847052e+21
2.07711868e+21
1.912326176e+21
2.091933715e+21
2.207110068e+21
2.088763334e+21
1.970842822e+21
1.967326504e+21
2.195599937e+21
1.844304512e+21
1.955757883e+21
1.949521555e+21
2.173525246e+21
1.709335406e+21
2.045112908e+21
1.922840837e+21
2.254289111e+21
1.906408921e+21
2.122185469e+21
2.11019375e+21
1.879575732e+21
1.977824361e+21
1.639953747e+21
1.846174995e+21
1.944056987e+21
1.930127053e+21
1.812039957e+21
2.221377097e+21
1.996923305e+21
2.18943589e+21
1.863789314e+21
2.05349657e+21
2.038543201e+21
2.121761655e+21
2.005194022e+21
1.987029317e+21
1.970995656e+21
2.147825859e+21
2.226524325e+21
1.917498425e+21
2.185786654e+21
2.0701607e+21
1.958111268e+21
2.123020447e+21
2.011674544e+21
1.991054032e+21
1.971850719e+21
2.040005028e+21
2.019829812e+21
1.99849311e+21
1.978285305e+21
1.957136774e+21
2.021173572e+21
1.99931264e+21
1.978418382e+21
1.956732507e+21
2.016795961e+21
1.994387957e+21
1.973265515e+21
2.029116202e+21
2.007549688e+21
2.061061047e+21
1.888073247e+21
2.09036682e+21
2.06811619e+21
2.263189388e+21
1.950221362e+21
1.99885844e+21
1.907060688e+21
2.024271866e+21
2.072007904e+21
2.115790315e+21
1.891024209e+21
2.002055157e+21
1.849164238e+21
2.088152411e+21
1.872891643e+21
1.659073889e+21
1.957947328e+21
1.996888297e+21
1.976739465e+21
2.014040986e+21
1.933537056e+21
2.029692935e+21
1.950604946e+21
1.985549268e+21
2.024102092e+21
1.942631946e+21
1.980630031e+21
2.012747374e+21
1.993774663e+21
1.969858515e+21
2.005791414e+21
2.035341899e+21
1.91061734e+21
2.04512362e+21
2.182671919e+21
1.899948714e+21
1.984980474e+21
1.911158379e+21
1.894591424e+21
1.872236553e+21
1.953994006e+21
1.967243507e+21
1.619319328e+21
2.07981348e+21
2.424141082e+21
2.189367107e+21
2.416333457e+21
2.065978767e+21
1.947405723e+21
2.397967243e+21
1.708629911e+21
2.155953773e+21
2.036423611e+21
2.139949974e+21
1.683556534e+21
2.010026549e+21
1.779562717e+21
2.101317703e+21
1.98177542e+21
2.078959711e+21
1.959710577e+21
1.946624268e+21
1.828408002e+21
2.135688915e+21
1.698382956e+21
2.001522782e+21
1.570020472e+21
2.180448601e+21
1.856149213e+21
2.147369839e+21
2.030233655e+21
1.710645161e+21
2.096920674e+21
2.077961746e+21
1.766748639e+21
1.750262479e+21
1.831935186e+21
2.005344124e+21
1.98777114e+21
2.061953557e+21
1.950359471e+21
2.022711423e+21
2.185916413e+21
1.893103925e+21
1.696297289e+21
2.032056022e+21
1.749538158e+21
1.904194408e+21
1.884948082e+21
1.864828133e+21
2.013390468e+21
1.991645713e+21
1.970838085e+21
2.030484716e+21
1.928741469e+21
2.066284657e+21
1.887144386e+21
2.021441959e+21
2.153805156e+21
1.97724952e+21
2.031442621e+21
1.859395062e+21
1.839606279e+21
2.109259433e+21
1.72704961e+21
1.991406303e+21
2.111058758e+21
1.947202758e+21
1.720254866e+21
1.903948255e+21
2.085869424e+21
2.061132609e+21
2.171305369e+21
2.015422211e+21
1.865970253e+21
1.907250908e+21
1.887793938e+21
2.051697741e+21
2.030994647e+21
2.067425004e+21
1.806009075e+21
1.962736802e+21
1.943415438e+21
2.036414131e+21
2.074258044e+21
1.992392734e+21
2.029704101e+21
2.00531656e+21
1.986412345e+21
1.962575943e+21
1.998374803e+21
2.027803965e+21
2.009292963e+21
1.933044407e+21
2.071020165e+21
1.995197377e+21
1.876180763e+21
2.004239134e+21
1.937195755e+21
2.061567919e+21
1.995350029e+21
1.958844179e+21
1.84275035e+21
1.955887772e+21
1.954029054e+21
2.180037725e+21
2.062319703e+21
1.714325307e+21
2.053190749e+21
1.932972144e+21
1.928231657e+21
1.807854562e+21
2.253119821e+21
1.682304797e+21
2.011747953e+21
2.001574165e+21
2.215106565e+21
1.87225117e+21
2.08311971e+21
2.288214009e+21
1.951545272e+21
2.046239492e+21
2.035040373e+21
2.126865726e+21
2.114218572e+21
1.573655032e+21
1.876291068e+21
1.964721956e+21
1.951269909e+21
2.138639844e+21
2.123091156e+21
1.603510687e+21
2.187906823e+21
2.069610383e+21
1.857417363e+21
2.130662387e+21
2.208758341e+21
2.187605229e+21
1.885606736e+21
2.053811232e+21
1.85016077e+21
1.923190004e+21
1.814455421e+21
2.065306266e+21
2.134338386e+21
1.936161388e+21
1.917031122e+21
2.069284255e+21
1.877679752e+21
2.026546699e+21
2.005667076e+21
1.984037363e+21
1.963315655e+21
1.941854923e+21
2.001473857e+21
2.137637218e+21
1.880008259e+21
2.013825547e+21
1.915799341e+21
2.045592377e+21
1.948867282e+21
2.074736773e+21
1.979350568e+21
2.028938604e+21
1.864002175e+21
2.05486701e+21
2.173327175e+21
1.662848538e+21
1.988105462e+21
1.896912484e+21
1.877049803e+21
1.921045476e+21
2.163298097e+21
1.943227568e+21
1.794992941e+21
1.90023775e+21
1.880851579e+21
2.044160218e+21
2.023531968e+21
1.999250296e+21
1.919334655e+21
2.074047844e+21
1.87760362e+21
2.086905412e+21
2.00923226e+21
1.928355164e+21
2.022243987e+21
1.942442066e+21
1.979104199e+21
2.009662215e+21
1.991012837e+21
2.020321658e+21
1.896516293e+21
1.977947842e+21
1.960194112e+21
2.089739883e+21
1.970266144e+21
2.096627837e+21
1.92999633e+21
1.956075744e+21
2.03639773e+21
1.950516269e+21
1.834917204e+21
2.062141905e+21
2.060183959e+21
2.05653554e+21
2.0535713e+21
2.503693406e+21
1.817330448e+21
1.81157869e+21
1.694193086e+21
2.025263134e+21
2.131446035e+21
1.898600033e+21
2.114594048e+21
2.103925491e+21
2.095546056e+21
2.083787751e+21
2.292800264e+21
1.73616004e+21
1.943447728e+21
1.823276361e+21
2.026635917e+21
1.588586354e+21
1.789700879e+21
1.880656399e+21
1.868620799e+21
1.956722754e+21
1.841055394e+21
1.927125254e+21
1.913125341e+21
1.996318508e+21
1.881959416e+21
1.963167504e+21
1.752625149e+21
1.639868766e+21
1.913027171e+21
1.989476279e+21
2.159881041e+21
1.952745097e+21
2.119327945e+21
2.006891644e+21
2.078475051e+21
1.967829151e+21
2.037464902e+21
1.928675354e+21
1.996429164e+21
1.889549923e+21
2.040509738e+21
2.018795191e+21
1.998002712e+21
1.976486921e+21
1.95585043e+21
2.015104842e+21
1.993899779e+21
1.971831958e+21
2.029003057e+21
2.160594492e+21
1.984957197e+21
2.037944788e+21
1.941585386e+21
1.845543816e+21
1.971981635e+21
2.310179645e+21
2.071364765e+21
1.976667495e+21
1.885895042e+21
2.139919374e+21
1.775862593e+21
2.159918308e+21
2.070511884e+21
1.913986896e+21
1.89409516e+21
1.936099229e+21
2.107766689e+21
2.082603576e+21
1.93642543e+21
1.913242852e+21
1.955029266e+21
2.173021219e+21
2.091590604e+21
1.88933582e+21
2.104575547e+21
1.905997244e+21
2.001878973e+21
2.034312541e+21
2.01483851e+21
1.990618327e+21
1.971849631e+21
2.002287021e+21
1.983704915e+21
1.906952557e+21
1.889543535e+21
1.970660923e+21
2.004366688e+21
2.031240982e+21
1.962990483e+21
1.989392889e+21
2.021457923e+21
1.900087685e+21
2.02883495e+21
2.056509393e+21
1.712953472e+21
2.167497045e+21
2.051470317e+21
1.934077002e+21
2.044896805e+21
2.15316021e+21
2.035876075e+21
2.142195617e+21
2.024478931e+21
2.464931163e+21
2.122503904e+21
2.224300021e+21
2.105750953e+21
1.874609719e+21
1.976981925e+21
2.184349473e+21
1.957101173e+21
2.161223542e+21
2.042940276e+21
1.815769193e+21
2.018300594e+21
2.109436263e+21
1.887222091e+21
2.185154745e+21
2.067792208e+21
2.051356235e+21
1.833600166e+21
2.020372461e+21
2.005706565e+21
2.187144713e+21
1.973077658e+21
2.053107436e+21
1.939608604e+21
1.825529544e+21
1.905455332e+21
1.981636154e+21
1.964305083e+21
2.037717985e+21
2.019252204e+21
2.089941198e+21
2.070389765e+21
1.960207462e+21
2.029583631e+21
1.833917578e+21
1.90228163e+21
2.053431084e+21
2.03270178e+21
2.011102755e+21
1.990396701e+21
1.968993729e+21
2.110811908e+21
2.087802024e+21
1.98638281e+21
2.043003295e+21
1.943642395e+21
2.152514666e+21
1.977538944e+21
2.030354168e+21
1.934357704e+21
2.059338728e+21
1.819136449e+21
1.942005358e+21
1.921382584e+21
2.039714589e+21
1.809353333e+21
1.994499333e+21
2.109590731e+21
2.084745343e+21
1.86328042e+21
1.972737928e+21
2.017310372e+21
1.929022997e+21
1.845509659e+21
1.823486197e+21
2.116068115e+21
1.906265252e+21
2.191385384e+21
2.044816936e+21
2.083964941e+21
1.941276447e+21
2.038656055e+21
2.014142765e+21
1.823615372e+21
2.026891797e+21
2.007487074e+21
1.983349715e+21
2.019221609e+21
1.99496576e+21
1.976450444e+21
1.952744603e+21
1.934916914e+21
1.860089209e+21
2.048214992e+21
2.175549267e+21
2.056064172e+21
1.882949345e+21
1.866634862e+21
2.038673519e+21
2.069454997e+21
2.047839981e+21
2.1605957e+21
1.817571645e+21
2.156320634e+21
1.925939495e+21
2.036295285e+21
2.144116367e+21
2.365215755e+21
1.684119026e+21
2.127997697e+21
1.785183697e+21
2.002392465e+21
1.88277622e+21
2.207348962e+21
1.866824985e+21
1.859401769e+21
2.066547861e+21
2.16556933e+21
2.152320985e+21
1.927452575e+21
2.021067545e+21
1.692659836e+21
1.680662575e+21
1.775111666e+21
1.96901794e+21
2.162378017e+21
1.940918179e+21
2.130572586e+21
1.911644849e+21
2.097545135e+21
1.980372187e+21
1.965208674e+21
2.044954265e+21
2.028513287e+21
1.722620797e+21
2.087737515e+21
1.97385758e+21
1.863434001e+21
1.845241427e+21
2.102809472e+21
1.9913174e+21
2.062367139e+21
2.041401157e+21
2.10966584e+21
2.087864314e+21
2.067263639e+21
2.045595241e+21
2.024953347e+21
2.00346872e+21
1.98284838e+21
1.961557139e+21
2.021967717e+21
1.999956206e+21
1.899765413e+21
2.03535899e+21
1.936375067e+21
1.991316828e+21
1.894399936e+21
1.872981373e+21
1.778938739e+21
1.978449202e+21
1.884910593e+21
2.006510865e+21
2.127006295e+21
2.03222187e+21
2.218718464e+21
2.055716419e+21
2.034061792e+21
1.943117806e+21
1.92277375e+21
1.834506138e+21
2.204463924e+21
2.050131522e+21
2.029008343e+21
1.879504354e+21
1.922338441e+21
1.899338363e+21
1.940818806e+21
1.977467147e+21
2.017069118e+21
1.934226903e+21
2.089286928e+21
2.006826837e+21
1.987332695e+21
2.019524996e+21
2.000189088e+21
1.921241381e+21
1.957498886e+21
1.933976281e+21
1.916025897e+21
2.05078669e+21
1.875750714e+21
2.007727165e+21
1.887670134e+21
2.066756024e+21
1.998563263e+21
1.876026724e+21
1.859774162e+21
2.031154636e+21
1.870028336e+21
2.152534653e+21
1.8118123e+21
2.03619052e+21
2.14727688e+21
2.369133749e+21
2.027765825e+21
2.02277196e+21
1.906692602e+21
1.900702172e+21
2.119120106e+21
2.222190714e+21
1.883280456e+21
2.316130537e+21
2.088284812e+21
2.187181929e+21
2.069567151e+21
1.841399244e+21
1.833157419e+21
2.036316897e+21
2.239478882e+21
1.800938804e+21
1.896474281e+21
1.987675636e+21
2.079889286e+21
1.85784255e+21
2.051090784e+21
2.034853945e+21
2.020965992e+21
2.004207934e+21
1.790713597e+21
2.071118888e+21
1.859532097e+21
2.133859193e+21
1.924286984e+21
1.811171052e+21
1.890490059e+21
1.872514127e+21
2.041774368e+21
1.746164759e+21
2.185718005e+21
2.073785146e+21
1.875762408e+21
2.033555289e+21
1.663741279e+21
1.819898757e+21
1.887757368e+21
1.95290985e+21
1.933211106e+21
1.995892423e+21
1.975357095e+21
1.954176511e+21
1.93379154e+21
1.992466979e+21
2.050378337e+21
1.87178924e+21
2.006328357e+21
2.136534961e+21
2.038362454e+21
1.940699037e+21
1.993911142e+21
1.971161574e+21
2.022430048e+21
1.85634868e+21
1.836640661e+21
1.95496386e+21
1.727031533e+21
1.843391561e+21
2.161747995e+21
2.002801946e+21
1.84971158e+21
2.02367892e+21
2.067249456e+21
2.234195347e+21
2.147998931e+21
2.059962741e+21
1.791799171e+21
1.892461632e+21
1.933790764e+21
2.089724001e+21
1.950657551e+21
2.044030093e+21
1.966074192e+21
1.942433468e+21
1.923563155e+21
2.01221155e+21
1.992943972e+21
1.968970582e+21
1.950401561e+21
1.926956133e+21
2.015129241e+21
2.09572271e+21
1.86892954e+21
1.949118793e+21
1.931624106e+21
2.008982123e+21
1.991263972e+21
2.065907956e+21
2.145536927e+21
2.023691009e+21
2.149799935e+21
2.030718604e+21
2.029769357e+21
2.027684603e+21
1.913223546e+21
2.471594136e+21
2.355858774e+21
2.350070988e+21
1.898753406e+21
2.004143646e+21
2.110316278e+21
1.881031996e+21
1.985799885e+21
2.196722346e+21
1.97020416e+21
1.851447887e+21
1.735621109e+21
2.049590893e+21
1.825643022e+21
1.814523988e+21
1.699305388e+21
1.899120797e+21
2.09863263e+21
1.771248009e+21
1.657184362e+21
1.95315824e+21
2.14498288e+21
1.82403177e+21
2.012880454e+21
1.996222281e+21
1.684500268e+21
2.161146462e+21
2.242106141e+21
1.835617738e+21
1.82088076e+21
1.804076175e+21
1.977249992e+21
1.77196009e+21
2.126280566e+21
2.105593032e+21
1.995827091e+21
1.975983019e+21
2.135485539e+21
2.025769499e+21
1.919070957e+21
1.89930129e+21
1.79509727e+21
1.945514038e+21
1.842162996e+21
1.98837321e+21
1.967922202e+21
1.946851217e+21
1.926548735e+21
1.905632286e+21
1.964168165e+21
2.097942287e+21
1.998882326e+21
1.976588484e+21
2.030829075e+21
1.933550501e+21
2.060147341e+21
2.109403544e+21
1.943046526e+21
1.920695611e+21
1.900307079e+21
1.808703781e+21
1.85839435e+21
1.768662005e+21
1.951960691e+21
2.06205298e+21
1.908822464e+21
1.756176618e+21
1.866661073e+21
1.971704664e+21
2.014336998e+21
1.928129354e+21
2.031581056e+21
2.007288357e+21
1.866600519e+21
1.963206859e+21
1.766929688e+21
2.094851243e+21
1.843750075e+21
2.049277651e+21
1.972996287e+21
2.004950882e+21
1.9305914e+21
1.961858919e+21
1.997337613e+21
2.026652698e+21
2.007839823e+21
1.983723382e+21
1.965611008e+21
2.04425512e+21
2.02590659e+21
2.001670517e+21
1.884816914e+21
1.911341837e+21
2.040540108e+21
1.968275318e+21
2.094334361e+21
1.68522069e+21
2.133616398e+21
1.907068929e+21
2.129415059e+21
2.1256895e+21
2.234354986e+21
2.228878954e+21
1.779651813e+21
2.439370209e+21
1.659146288e+21
1.763074386e+21
2.087473304e+21
1.859528956e+21
1.853094871e+21
1.952315941e+21
1.620475893e+21
1.933783899e+21
1.92514233e+21
1.913443202e+21
2.115497214e+21
1.891428044e+21
1.881126805e+21
2.075420514e+21
1.753668437e+21
2.047709278e+21
2.034656992e+21
2.220476548e+21
1.904616388e+21
2.087715012e+21
2.072606568e+21
1.565539771e+21
1.941973865e+21
2.020878708e+21
1.718284975e+21
1.891617544e+21
1.875758027e+21
2.136682469e+21
1.749687829e+21
1.915082054e+21
1.988139033e+21
2.147349875e+21
2.03866802e+21
2.018043101e+21
1.824862546e+21
2.06410587e+21
1.788296251e+21
1.853905595e+21
2.002058477e+21
1.98091044e+21
1.960543065e+21
2.020396495e+21
1.919359982e+21
2.056761764e+21
1.956873289e+21
2.012765497e+21
1.991491359e+21
1.969305712e+21
1.87347331e+21
2.148737638e+21
1.979284008e+21
2.029218286e+21
2.007646606e+21
1.842818283e+21
1.68300825e+21
2.079383173e+21
2.125961677e+21
1.965589881e+21
1.877823743e+21
2.054598242e+21
1.901922468e+21
2.203502516e+21
2.052332443e+21
1.774479346e+21
1.881638065e+21
2.04514037e+21
1.840246556e+21
2.121289578e+21
1.919886281e+21
1.896876185e+21
1.936638321e+21
1.85540088e+21
1.951945666e+21
1.985194498e+21
1.797399195e+21
1.997742424e+21
1.978610068e+21
2.009098401e+21
2.043935763e+21
2.019349165e+21
2.053250397e+21
1.924547471e+21
1.958514668e+21
1.985938635e+21
2.018578055e+21
1.994411939e+21
1.927403578e+21
2.002052591e+21
2.033122024e+21
2.00892711e+21
2.039273253e+21
2.013881146e+21
1.901112152e+21
1.787452619e+21
2.008984853e+21
2.116893825e+21
1.780089646e+21
2.108688175e+21
1.772302797e+21
2.09804486e+21
1.982772252e+21
1.97530404e+21
1.750648915e+21
2.069778322e+21
1.736945007e+21
1.836322042e+21
1.721452201e+21
1.81891942e+21
1.917315043e+21
2.011560687e+21
2.212279238e+21
2.093108179e+21
1.769459963e+21
2.067087301e+21
1.952121871e+21
2.039528407e+21
2.026538455e+21
2.010592402e+21
2.296437221e+21
2.079462393e+21
1.966119021e+21
2.04669338e+21
2.031068069e+21
1.725410576e+21
1.996840759e+21
1.695838624e+21
2.148749445e+21
1.943344511e+21
2.018135886e+21
1.998567073e+21
1.980509978e+21
1.960883002e+21
1.942589371e+21
2.010375416e+21
1.90450605e+21
1.970626671e+21
1.866382123e+21
2.014840906e+21
1.994541469e+21
1.973503478e+21
1.953219062e+21
1.932364156e+21
1.912224678e+21
1.970332096e+21
1.949632399e+21
2.159602725e+21
1.984154848e+21
2.037540887e+21
1.866600133e+21
1.993233732e+21
1.899011713e+21
1.87740925e+21
1.928895079e+21
2.259848344e+21
1.746770129e+21
2.071855346e+21
1.981605009e+21
1.82342451e+21
1.87104508e+21
1.981158591e+21
2.025766809e+21
1.937277119e+21
1.725430254e+21
1.894403796e+21
2.12486857e+21
2.037808888e+21
2.078135411e+21
1.992909391e+21
1.853227231e+21
1.949150772e+21
1.929704002e+21
1.848759652e+21
2.002161903e+21
2.034603755e+21
2.014832818e+21
1.990585613e+21
1.97152016e+21
2.001893845e+21
1.929415058e+21
1.959148135e+21
1.88850132e+21
1.917624967e+21
1.951469384e+21
2.029518466e+21
1.860454673e+21
1.937525668e+21
2.068166664e+21
1.897491507e+21
1.832828377e+21
1.953967896e+21
1.984612202e+21
2.005566689e+21
2.227369924e+21
1.891333076e+21
2.000698056e+21
1.775301591e+21
2.215945285e+21
1.989486294e+21
1.875327616e+21
2.0894322e+21
1.974636279e+21
1.530057024e+21
1.743484694e+21
1.844347112e+21
1.837975204e+21
1.721271928e+21
2.143067684e+21
1.918109247e+21
1.803464973e+21
1.897997534e+21
1.678749654e+21
2.084697779e+21
2.280698125e+21
2.264702814e+21
2.251322721e+21
1.726700747e+21
2.220332893e+21
2.002633276e+21
2.088457794e+21
2.071274762e+21
2.056307716e+21
2.038679068e+21
2.023126177e+21
2.100623719e+21
1.894358633e+21
1.6892727e+21
2.047379206e+21
2.028047035e+21
2.101758355e+21
2.17190916e+21
1.972939249e+21
2.131002772e+21
2.023168897e+21
1.828612232e+21
1.983547379e+21
2.048565039e+21
2.028397318e+21
1.923658929e+21
1.987080698e+21
2.04807469e+21
1.945949575e+21
1.925201177e+21
2.063904082e+21
1.884540181e+21
1.864747102e+21
1.844289034e+21
1.900838647e+21
1.954899991e+21
1.93416829e+21
1.838862899e+21
1.964869918e+21
1.870594216e+21
1.77953368e+21
2.392401757e+21
2.15816134e+21
1.926756372e+21
2.178713457e+21
2.018738448e+21
2.064063237e+21
1.974047717e+21
2.213835029e+21
1.865992811e+21
1.78292552e+21
2.013470435e+21
2.054996143e+21
2.092060987e+21
1.70529181e+21
2.045972546e+21
2.025316595e+21
2.001052421e+21
1.981086411e+21
1.899733479e+21
2.052019853e+21
1.971030182e+21
2.00764322e+21
1.983479897e+21
2.019049793e+21
1.940828862e+21
1.975922882e+21
2.163180383e+21
2.038555238e+21
2.014035982e+21
1.944474605e+21
1.97167379e+21
1.95397693e+21
1.930550284e+21
2.011657115e+21
1.987597311e+21
1.970388244e+21
1.804436398e+21
1.977428496e+21
1.664433837e+21
1.996391904e+21
2.215955447e+21
2.103172639e+21
2.431022059e+21
1.875825672e+21
1.871261157e+21
1.75778536e+21
1.971369438e+21
2.075820515e+21
2.176882521e+21
1.736378871e+21
1.836848774e+21
2.153538255e+21
2.03572856e+21
2.347830044e+21
2.016498317e+21
1.901849876e+21
1.890367834e+21
1.7765083e+21
1.972536962e+21
1.961819415e+21
1.640496027e+21
2.44621707e+21
2.023361214e+21
1.708920075e+21
2.094473762e+21
1.882116335e+21
1.866660749e+21
1.85318223e+21
2.224129874e+21
1.823317948e+21
1.807138354e+21
1.887021442e+21
2.056703516e+21
2.13219834e+21
2.02026946e+21
1.911647803e+21
1.983324734e+21
2.054763733e+21
2.034467108e+21
2.015507376e+21
1.908465117e+21
1.976076949e+21
2.040882051e+21
2.020798769e+21
1.833157271e+21
1.979675534e+21
1.958854498e+21
2.019514582e+21
1.918091107e+21
1.898112051e+21
2.034080593e+21
2.012722604e+21
1.914103937e+21
1.969642803e+21
1.87286142e+21
1.927124128e+21
2.052050363e+21
2.030250253e+21
2.007199903e+21
2.056796295e+21
1.963110702e+21
2.150384178e+21
1.988396631e+21
2.035204641e+21
1.877401791e+21
1.990321631e+21
2.032553963e+21
2.141038376e+21
1.923447205e+21
1.903458982e+21
2.068991716e+21
2.047672428e+21
1.961990297e+21
1.941967444e+21
1.918773297e+21
1.958756735e+21
1.818003952e+21
1.915983278e+21
1.8929819e+21
2.044725409e+21
1.907908593e+21
1.944935173e+21
1.976424731e+21
1.957491689e+21
2.041358604e+21
1.96888632e+21
2.102895822e+21
1.927117731e+21
2.058300857e+21
1.93752979e+21
2.014992759e+21
1.996907156e+21
2.022272379e+21
2.102219411e+21
1.932144065e+21
1.915417039e+21
1.892553146e+21
1.970296609e+21
2.099649942e+21
1.988218356e+21
2.206887976e+21
2.204808752e+21
1.65074067e+21
1.978052827e+21
2.082875958e+21
2.078855864e+21
1.854268099e+21
2.067372068e+21
2.059639607e+21
1.729330734e+21
1.721798738e+21
2.037582652e+21
2.134224787e+21
1.700627353e+21
2.008391473e+21
1.999444388e+21
1.987399186e+21
2.081649879e+21
1.964674221e+21
1.851165193e+21
1.940360178e+21
2.030435967e+21
2.015373354e+21
1.902438625e+21
1.986902582e+21
2.072074408e+21
1.957229919e+21
2.04026321e+21
1.92651169e+21
2.2942026e+21
2.084391221e+21
1.785753825e+21
1.862546899e+21
1.939320816e+21
1.921071706e+21
2.085722053e+21
1.706364453e+21
1.77997283e+21
1.938660788e+21
1.920603504e+21
1.901295505e+21
1.883068553e+21
2.033256476e+21
1.929371232e+21
1.992375254e+21
1.972325358e+21
1.951611259e+21
2.092536047e+21
2.07028614e+21
1.891133566e+21
2.026630959e+21
2.082485932e+21
2.059694712e+21
1.886986631e+21
2.164630826e+21
1.846279892e+21
2.04462836e+21
2.095157899e+21
1.999966243e+21
1.978718758e+21
1.816340702e+21
2.004426553e+21
1.776315997e+21
2.027917969e+21
2.271559364e+21
1.850999586e+21
2.025310615e+21
2.004111746e+21
1.980492899e+21
1.896689123e+21
1.874222363e+21
1.978570402e+21
1.893936988e+21
1.935079177e+21
2.031472277e+21
1.774376881e+21
1.928440024e+21
1.967050245e+21
2.000598028e+21
1.980885901e+21
2.012982746e+21
1.993416863e+21
1.969419576e+21
2.004734054e+21
1.927057525e+21
1.961899696e+21
1.938268327e+21
2.024068931e+21
2.102250695e+21
2.032246744e+21
2.0078076e+21
1.840552564e+21
2.015043941e+21
1.948563889e+21
1.973349274e+21
2.051695147e+21
2.215754886e+21
2.056702456e+21
2.091087435e+21
1.980111463e+21
2.30778913e+21
2.086034104e+21
2.192028598e+21
1.532224825e+21
1.856052613e+21
2.070410789e+21
1.955381047e+21
1.8422561e+21
1.943345143e+21
1.829985808e+21
1.929211976e+21
2.136179675e+21
2.01936457e+21
2.117246566e+21
1.684504886e+21
1.886632197e+21
2.187839486e+21
1.866020944e+21
2.162860642e+21
1.843823328e+21
1.830971756e+21
1.921300407e+21
2.208193148e+21
1.994702008e+21
1.682260114e+21
2.063978731e+21
1.949613529e+21
1.742000986e+21
1.727150011e+21
1.809224184e+21
1.887607897e+21
1.87251626e+21
2.040960149e+21
2.023904598e+21
1.549234657e+21
1.897117466e+21
2.147250688e+21
2.039232695e+21
2.019154204e+21
2.087329154e+21
1.89417956e+21
2.046577709e+21
2.025687674e+21
2.005771191e+21
1.984997622e+21
2.046905792e+21
2.025438947e+21
1.924462197e+21
1.983361835e+21
2.119731982e+21
1.863909872e+21
1.921196883e+21
1.90019624e+21
2.030546941e+21
1.933682294e+21
1.913188617e+21
2.037259852e+21
1.871651569e+21
1.992784534e+21
1.830786828e+21
2.01866743e+21
2.066125941e+21
1.838053177e+21
2.222751617e+21
1.930610617e+21
1.91028475e+21
1.822816899e+21
1.739319019e+21
2.228115574e+21
2.078963972e+21
1.867590434e+21
2.094792021e+21
1.948122347e+21
1.928239604e+21
2.083837149e+21
2.003858452e+21
1.921633902e+21
1.902456293e+21
2.050496394e+21
2.030291002e+21
2.005877498e+21
1.986379024e+21
1.962463904e+21
1.943661448e+21
2.026925156e+21
1.902125658e+21
1.879206755e+21
1.913471803e+21
1.992611072e+21
1.923787929e+21
2.000673502e+21
1.933148643e+21
2.007866994e+21
1.941624617e+21
1.966301585e+21
2.091913146e+21
1.878993283e+21
1.909610202e+21
2.082594482e+21
2.300748816e+21
1.970076463e+21
2.186914902e+21
1.964828047e+21
2.180021236e+21
1.739802984e+21
1.953505943e+21
2.055677251e+21
1.9427493e+21
1.827987666e+21
2.358681507e+21
2.455202881e+21
2.021224657e+21
1.693710177e+21
1.89789952e+21
2.411818467e+21
2.087904797e+21
2.075380436e+21
2.065129148e+21
2.154307439e+21
1.93856944e+21
2.12772553e+21
1.913746515e+21
1.999585362e+21
1.98689858e+21
1.97141709e+21
2.055946068e+21
1.942056187e+21
2.12087034e+21
1.911656937e+21
1.802258694e+21
2.068407671e+21
1.772079624e+21
1.940761298e+21
2.199489705e+21
2.088076524e+21
1.889934818e+21
2.050023688e+21
2.031554888e+21
2.01158387e+21
2.079513457e+21
1.972894713e+21
2.038956009e+21
1.934084387e+21
1.915076701e+21
1.977674425e+21
1.957787539e+21
1.9372843e+21
1.917404802e+21
1.976117235e+21
1.955551471e+21
2.08927475e+21
1.914217138e+21
1.893317906e+21
1.948268444e+21
2.074920303e+21
1.832977084e+21
2.029944263e+21
2.151847242e+21
1.985654218e+21
1.824239124e+21
1.803385198e+21
1.852884063e+21
2.170687199e+21
1.812150039e+21
1.990100307e+21
1.903511166e+21
1.946107452e+21
1.989930427e+21
1.903068646e+21
2.071622134e+21
1.798971765e+21
1.841828341e+21
1.941261631e+21
1.801357697e+21
2.017176094e+21
1.996806426e+21
1.914875653e+21
1.838316776e+21
2.043285888e+21
2.023149953e+21
1.998822232e+21
1.979390705e+21
2.009878225e+21
1.936819356e+21
1.913480243e+21
1.948074153e+21
2.028626071e+21
2.009787056e+21
2.036482433e+21
1.967436939e+21
1.893910425e+21
1.827519375e+21
1.756748187e+21
1.88636623e+21
1.911516154e+21
1.942347642e+21
2.012707405e+21
1.902796634e+21
1.965003383e+21
1.964094407e+21
1.853106593e+21
2.178076455e+21
1.956894938e+21
2.062660411e+21
2.165987398e+21
1.945634043e+21
2.047408239e+21
1.934937821e+21
2.034847628e+21
1.92209119e+21
2.232738983e+21
1.801233889e+21
2.108696381e+21
1.99535664e+21
2.088902508e+21
2.287579695e+21
2.067169704e+21
1.748421721e+21
2.145821618e+21
2.337455414e+21
2.22030629e+21
1.605264665e+21
1.892194575e+21
1.880198171e+21
1.76738806e+21
1.657885079e+21
1.934557208e+21
2.016660477e+21
1.809099379e+21
2.078822416e+21
2.1541669e+21
1.765320755e+21
1.93338979e+21
2.191147253e+21
1.808860625e+21
2.062121243e+21
2.042323748e+21
2.023934679e+21
2.00407009e+21
2.071756071e+21
1.88010628e+21
2.031390866e+21
2.01071787e+21
1.908008573e+21
2.052505276e+21
1.950598702e+21
2.01062439e+21
1.91039898e+21
2.047682381e+21
2.026377851e+21
2.004605905e+21
1.830996407e+21
2.037408324e+21
2.015909698e+21
1.845953078e+21
1.899453201e+21
2.022681025e+21
1.92973676e+21
1.978574746e+21
2.097390102e+21
1.935205468e+21
2.051446531e+21
2.027808654e+21
2.006367689e+21
1.718658311e+21
2.093004633e+21
1.939245531e+21
1.982914764e+21
1.896371414e+21
2.064331968e+21
1.792650844e+21
2.018892241e+21
1.873997534e+21
1.974539003e+21
2.010103194e+21
1.931280217e+21
2.081634299e+21
1.889118972e+21
1.979566861e+21
1.960057324e+21
1.991816423e+21
1.972451386e+21
1.948698924e+21
2.037248891e+21
1.906763096e+21
2.098631564e+21
1.917828883e+21
1.951369601e+21
1.978579253e+21
1.960509086e+21
1.787900692e+21
1.821071753e+21
2.042291373e+21
2.024287964e+21
2.047593044e+21
2.029874519e+21
2.005548323e+21
2.034765528e+21
2.065813872e+21
1.847505844e+21
1.954213387e+21
1.735447329e+21
2.057304833e+21
1.729993992e+21
1.725833164e+21
1.830168367e+21
2.039205485e+21
1.927188907e+21
1.813377239e+21
2.23348286e+21
1.482561637e+21
1.899594207e+21
2.100322088e+21
1.673632208e+21
2.080637491e+21
2.174966361e+21
1.853121316e+21
1.639094866e+21
1.933840253e+21
2.024603383e+21
2.010577319e+21
1.998753197e+21
1.984042805e+21
2.070047141e+21
2.151788225e+21
1.942920823e+21
2.312539102e+21
1.817588665e+21
1.991880987e+21
1.882618301e+21
1.959364324e+21
1.851171841e+21
2.01779188e+21
1.910009365e+21
2.072362267e+21
1.965052005e+21
2.123145843e+21
1.841034777e+21
1.909803006e+21
1.89205165e+21
1.95829085e+21
2.023881654e+21
2.003315632e+21
1.983644271e+21
1.963188949e+21
1.943462465e+21
2.003298083e+21
1.903444168e+21
2.040257082e+21
2.019035765e+21
1.920548288e+21
1.824392347e+21
1.954897935e+21
2.157460292e+21
1.986494084e+21
1.892659187e+21
1.871507465e+21
2.06529446e+21
2.11237026e+21
1.811283224e+21
1.928352679e+21
2.04418477e+21
1.818584078e+21
2.065928542e+21
2.173692169e+21
1.890107092e+21
1.868017436e+21
1.975948395e+21
2.078693269e+21
1.994756782e+21
1.909572405e+21
1.950858822e+21
1.987924282e+21
1.967633185e+21
2.120907939e+21
1.982850238e+21
2.016743239e+21
1.93956626e+21
1.972654391e+21
1.953211461e+21
1.984859553e+21
1.965560552e+21
1.941888592e+21
1.976703082e+21
1.952873303e+21
1.934442105e+21
2.066066156e+21
1.995705315e+21
1.819972792e+21
2.154002144e+21
1.930082878e+21
1.912759708e+21
2.035094281e+21
2.161237742e+21
1.99290754e+21
2.116782999e+21
1.951964642e+21
2.027556841e+21
1.840943034e+21
2.056575194e+21
2.054509333e+21
2.160612166e+21
1.833373842e+21
2.1538334e+21
2.256098311e+21
2.144532273e+21
2.031068196e+21
1.919501811e+21
1.912403921e+21
2.01273086e+21
2.004062588e+21
1.681830965e+21
1.987413343e+21
2.083771003e+21
2.072437619e+21
1.960077915e+21
2.050941613e+21
1.836750553e+21
1.723515826e+21
2.218368949e+21
2.002755706e+21
1.990986396e+21
1.679907517e+21
1.963850377e+21
1.851204403e+21
2.032218891e+21
1.919731655e+21
1.905929892e+21
1.889799422e+21
1.969225653e+21
1.766038548e+21
1.936372996e+21
2.010185571e+21
1.721598528e+21
1.795298698e+21
2.046681874e+21
2.027096099e+21
1.921522548e+21
1.902722301e+21
2.056413641e+21
2.035898813e+21
1.932409931e+21
1.912802375e+21
1.97637672e+21
1.956025495e+21
1.936378254e+21
2.075865973e+21
1.896539809e+21
2.03288544e+21
2.011746692e+21
2.06673222e+21
2.045065224e+21
1.947897612e+21
2.001481971e+21
2.052721208e+21
1.885913602e+21
2.151760039e+21
1.916032792e+21
2.175055406e+21
1.80487404e+21
1.990174976e+21
1.969075097e+21
1.81218571e+21
1.859436602e+21
1.969149311e+21
2.078317901e+21
1.861476981e+21
2.032547926e+21
2.008658532e+21
1.863549534e+21
2.025678062e+21
1.883300174e+21
2.101056986e+21
2.020192943e+21
2.054814132e+21
2.034061078e+21
2.067145252e+21
1.875967354e+21
1.965790028e+21
2.002025061e+21
1.977951111e+21
1.958717697e+21
2.04263268e+21
2.023055701e+21
2.051258402e+21
2.031897234e+21
1.955911764e+21
1.988738185e+21
1.964743674e+21
1.996716641e+21
2.021952903e+21
2.150425127e+21
2.027947737e+21
1.914354835e+21
1.844040943e+21
2.015583475e+21
2.037693074e+21
2.020399052e+21
2.157159496e+21
2.048357123e+21
1.938603731e+21
2.044385395e+21
1.826060076e+21
2.14524338e+21
1.926096638e+21
2.029194137e+21
1.810048687e+21
2.124306438e+21
2.010645396e+21
1.79372836e+21
1.996140373e+21
1.779885828e+21
1.77120575e+21
2.179345204e+21
1.754656808e+21
1.849632545e+21
1.838630468e+21
1.931218979e+21
1.81779478e+21
2.008856186e+21
1.895244978e+21
1.983279723e+21
1.673429006e+21
1.956286013e+21
2.135275051e+21
2.024431067e+21
2.008023954e+21
1.708797938e+21
2.070886659e+21
2.055176244e+21
1.851968051e+21
1.837210523e+21
1.820578539e+21
2.166495331e+21
2.056882767e+21
2.039048564e+21
1.756145315e+21
1.914395264e+21
1.98186181e+21
2.048827326e+21
1.943901602e+21
2.009028558e+21
1.988673465e+21
1.969162228e+21
1.948914128e+21
1.929345501e+21
1.909252305e+21
2.047159138e+21
2.025566874e+21
1.850316978e+21
1.906783107e+21
1.811326121e+21
2.015599061e+21
2.215939194e+21
1.972375738e+21
1.951493466e+21
1.85825701e+21
1.909253539e+21
1.887720439e+21
1.93685698e+21
1.84640626e+21
1.962153916e+21
2.00648023e+21
1.919094927e+21
1.896854554e+21
2.006331197e+21
2.046876874e+21
1.898865947e+21
1.939111574e+21
2.042766109e+21
1.835122564e+21
1.9372921e+21
1.914295281e+21
2.131598681e+21
1.93067373e+21
1.969087783e+21
2.059976103e+21
1.98276058e+21
2.014943937e+21
1.995081124e+21
1.971090593e+21
2.006142386e+21
1.981976681e+21
1.909926009e+21
1.939305322e+21
2.024837328e+21
1.846523692e+21
1.931003645e+21
1.957898193e+21
1.989759184e+21
2.014893952e+21
1.996809703e+21
1.876504694e+21
2.14611374e+21
1.978922198e+21
2.055222757e+21
1.938225207e+21
1.921778367e+21
2.256001199e+21
2.254962835e+21
2.467250945e+21
2.143425714e+21
2.246758415e+21
2.029885525e+21
1.918455831e+21
1.808394639e+21
1.90893496e+21
1.904310134e+21
2.108110965e+21
1.891745574e+21
1.988280545e+21
2.085743314e+21
1.868034233e+21
1.653941654e+21
1.953418744e+21
2.251829657e+21
1.933218015e+21
1.822457029e+21
1.810745551e+21
1.901020388e+21
2.186023003e+21
1.975632482e+21
2.157294468e+21
2.241096652e+21
1.933739222e+21
1.728602318e+21
1.905131607e+21
1.986026744e+21
1.969278495e+21
2.047413278e+21
2.029501071e+21
2.013339392e+21
2.085832053e+21
2.068467462e+21
2.138326342e+21
2.119796849e+21
2.012093847e+21
1.907320657e+21
2.06041881e+21
2.041296778e+21
2.020994071e+21
2.001683466e+21
1.981432354e+21
1.962000215e+21
1.941854282e+21
1.922363647e+21
2.060901488e+21
1.882880276e+21
1.940673861e+21
1.997325303e+21
1.823975277e+21
2.105673433e+21
2.082819092e+21
1.840054901e+21
1.965391555e+21
2.016609174e+21
2.207798414e+21
2.113913432e+21
2.159763988e+21
1.998982033e+21
1.976228252e+21
2.15755169e+21
1.866172102e+21
2.110225606e+21
2.020606188e+21
1.999340978e+21
2.103502519e+21
1.829188954e+21
1.932382227e+21
2.035677273e+21
1.950681588e+21
1.930579254e+21
2.026899746e+21
2.006208691e+21
1.982300732e+21
1.962277949e+21
1.881785134e+21
1.975906532e+21
2.007980876e+21
1.988185191e+21
1.964277501e+21
2.053239152e+21
1.921740245e+21
2.009058906e+21
1.984823998e+21
1.966087176e+21
1.942352085e+21
2.025588563e+21
2.001128459e+21
1.78456504e+21
1.958911334e+21
1.892796369e+21
2.109699611e+21
1.996055449e+21
1.784193079e+21
1.954945921e+21
2.023400517e+21
2.006234023e+21
1.712042989e+21
2.032116455e+21
1.923241468e+21
1.814694421e+21
2.131301432e+21
2.128267267e+21
1.910875406e+21
1.907207372e+21
2.11267513e+21
1.791426108e+21
1.9948279e+21
2.19835968e+21
2.1889542e+21
1.973689501e+21
1.96410567e+21
1.956383325e+21
1.945810203e+21
1.835235868e+21
2.331132403e+21
2.017103742e+21
1.703542406e+21
1.893684457e+21
2.078634381e+21
2.263250585e+21
1.95367146e+21
2.038397304e+21
1.733738233e+21
2.009033125e+21
1.897914545e+21
1.884298265e+21
2.1487015e+21
1.946994703e+21
1.838086119e+21
2.00580404e+21
1.987706872e+21
1.971169374e+21
2.041632799e+21
1.847955711e+21
1.830356061e+21
1.900298146e+21
2.05286372e+21
2.033821385e+21
1.929722271e+21
1.994391885e+21
1.974243784e+21
2.036343866e+21
1.9348454e+21
1.995241816e+21
1.895538334e+21
1.87612403e+21
1.933737211e+21
1.990191867e+21
2.120399502e+21
2.023251439e+21
2.075439965e+21
1.833540265e+21
2.030992091e+21
1.865962296e+21
2.058099734e+21
1.755405498e+21
1.943921339e+21
1.785915774e+21
2.105143655e+21
1.881268344e+21
2.058925762e+21
2.03716569e+21
2.013589342e+21
2.056670244e+21
2.159735761e+21
2.011422577e+21
2.174176771e+21
1.967163605e+21
1.943945948e+21
1.984035042e+21
1.960500211e+21
1.940486301e+21
1.917367817e+21
1.897999906e+21
2.04578596e+21
2.025359698e+21
1.945480613e+21
1.981336765e+21
1.957511346e+21
1.992318494e+21
1.915116721e+21
2.054820594e+21
1.925924574e+21
1.959303074e+21
1.935642506e+21
1.917660881e+21
1.944349344e+21
1.877189284e+21
2.098528883e+21
2.031329142e+21
2.102368313e+21
2.083839939e+21
2.152287181e+21
1.994520269e+21
2.016329163e+21
1.908351835e+21
2.025022079e+21
1.91756114e+21
1.915651279e+21
1.701208417e+21
1.804464755e+21
2.013885589e+21
2.009096575e+21
2.005242546e+21
1.893939405e+21
2.099285594e+21
1.882432528e+21
1.772655422e+21
1.972745129e+21
1.759037871e+21
1.441600232e+21
2.153904398e+21
2.040274424e+21
1.828121246e+21
2.120199896e+21
2.109781626e+21
1.996455385e+21
1.787120457e+21
2.070671914e+21
1.862487886e+21
1.848912189e+21
2.127332418e+21
1.727161445e+21
1.810810072e+21
1.985289554e+21
1.877196428e+21
1.768350811e+21
2.216794869e+21
2.10590634e+21
1.907491933e+21
2.160354845e+21
2.053125608e+21
1.591898323e+21
1.928813157e+21
1.910472368e+21
1.893327158e+21
1.960140341e+21
1.941967188e+21
2.006305977e+21
1.987153235e+21
1.967107184e+21
1.947831354e+21
1.92788693e+21
2.067596317e+21
1.967453088e+21
1.947308434e+21
1.849775973e+21
1.906835773e+21
1.961961428e+21
1.941413474e+21
2.141974117e+21
2.046320187e+21
1.80700975e+21
1.859405339e+21
1.980170161e+21
2.029141374e+21
2.2138695e+21
1.848133954e+21
2.097818787e+21
1.807770342e+21
1.853222746e+21
1.964612597e+21
1.877161638e+21
1.793359947e+21
1.899069141e+21
2.004478042e+21
1.919062687e+21
1.960384178e+21
1.997795933e+21
1.917292164e+21
2.012966922e+21
2.109617695e+21
1.852880874e+21
1.948798616e+21
2.038763949e+21
2.018406464e+21
1.994198137e+21
1.974535356e+21
1.950791645e+21
1.931816184e+21
1.961553662e+21
1.942747761e+21
1.971176264e+21
1.901182322e+21
1.928979121e+21
2.011640429e+21
1.987328202e+21
1.969174718e+21
1.994009761e+21
1.831519501e+21
2.095087792e+21
1.887840441e+21
1.865055607e+21
1.98759669e+21
2.100639202e+21
1.811151122e+21
1.804734561e+21
1.910019121e+21
2.014127474e+21
1.906337383e+21
2.008835773e+21
1.900401949e+21
1.579910719e+21
1.892258375e+21
2.200951234e+21
1.672860624e+21
2.083428769e+21
2.077342012e+21
2.068492743e+21
1.958337443e+21
2.154012641e+21
1.736878352e+21
2.235627909e+21
1.719891486e+21
2.112037884e+21
2.101667224e+21
1.789922125e+21
1.978085419e+21
1.964543064e+21
1.855388523e+21
2.03577342e+21
2.215592806e+21
2.102997558e+21
1.803975492e+21
1.977825388e+21
2.057162715e+21
1.947183202e+21
1.932450842e+21
1.733190214e+21
1.90040578e+21
1.972998301e+21
1.867666691e+21
2.026607298e+21
2.096427481e+21
1.990002257e+21
2.057898683e+21
2.037918548e+21
1.850780854e+21
1.832454894e+21
1.979966939e+21
1.960021995e+21
1.94082339e+21
1.920978333e+21
1.90171802e+21
1.96043747e+21
1.940370791e+21
2.150413012e+21
1.824070867e+21
2.105416696e+21
1.860153353e+21
1.913634791e+21
2.18477809e+21
1.944732657e+21
1.924159468e+21
2.043731643e+21
2.091788394e+21
1.930397493e+21
2.046342293e+21
1.82079701e+21
2.068393754e+21
2.044688286e+21
2.088343251e+21
1.999700844e+21
1.978659552e+21
1.766365409e+21
2.06000571e+21
1.974164167e+21
1.892599715e+21
2.051276585e+21
2.030136779e+21
2.065074215e+21
1.98559159e+21
2.07735715e+21
2.056370989e+21
1.975351367e+21
1.955625787e+21
1.932172548e+21
1.967780482e+21
1.94411792e+21
2.032161753e+21
1.9548392e+21
1.88376928e+21
1.912727208e+21
1.894667139e+21
1.972949916e+21
1.904501242e+21
1.930986725e+21
1.962407548e+21
1.987144239e+21
1.969309305e+21
1.992954907e+21
1.975392517e+21
1.76567201e+21
2.026784291e+21
2.047841287e+21
1.940233316e+21
2.220642673e+21
1.902536197e+21
1.900649224e+21
2.320846238e+21
2.31692278e+21
1.998135908e+21
2.203237577e+21
1.884871413e+21
1.983576363e+21
1.978783432e+21
1.971562843e+21
1.65541622e+21
1.854426886e+21
1.848079542e+21
2.145689752e+21
1.831946826e+21
1.720879664e+21
1.914837117e+21
2.103938473e+21
1.794527143e+21
1.981207785e+21
2.06906643e+21
1.957074854e+21
1.848343076e+21
2.028071043e+21
1.727389589e+21
2.190310998e+21
2.080959516e+21
1.876587751e+21
1.863152151e+21
2.032305394e+21
2.108618193e+21
2.181178912e+21
1.983532657e+21
2.144427648e+21
2.126618777e+21
1.843596554e+21
1.914689128e+21
1.896539462e+21
1.964971018e+21
1.945921965e+21
2.011720143e+21
1.908836931e+21
1.972832433e+21
2.034362147e+21
1.933865671e+21
1.993874034e+21
1.894934339e+21
1.953471707e+21
1.85614311e+21
1.836692766e+21
1.893359656e+21
1.948146958e+21
2.001898098e+21
1.980269682e+21
2.249695079e+21
1.866166884e+21
1.917445194e+21
1.825937473e+21
1.945548213e+21
1.992409671e+21
1.97127683e+21
2.217728715e+21
1.994757135e+21
1.906182286e+21
2.01611371e+21
1.992828193e+21
2.226294109e+21
1.88604441e+21
1.990731844e+21
1.967406975e+21
1.764436623e+21
2.044266213e+21
1.963692553e+21
1.999224338e+21
1.804211915e+21
1.955256869e+21
1.992429769e+21
1.912371136e+21
2.004642246e+21
1.925586559e+21
1.961071668e+21
1.937489701e+21
1.918640642e+21
2.000823808e+21
1.981638418e+21
1.957714933e+21
1.888196458e+21
2.016620044e+21
1.997883075e+21
2.023059906e+21
2.0045789e+21
2.076927092e+21
1.91468503e+21
1.986100758e+21
2.20295671e+21
2.130022101e+21
1.744370328e+21
1.950058383e+21
2.023457311e+21
2.211975546e+21
2.210963621e+21
1.893235967e+21
2.206714083e+21
1.993182979e+21
1.571331384e+21
2.299175313e+21
2.086157668e+21
1.871882666e+21
2.178589661e+21
1.757198692e+21
2.061261023e+21
2.257769601e+21
2.147772093e+21
2.035648508e+21
1.926283976e+21
2.218479596e+21
2.108288641e+21
1.996096138e+21
1.886993363e+21
2.07235454e+21
1.668593221e+21
1.949663209e+21
1.938264142e+21
2.02042673e+21
2.103305503e+21
1.707727094e+21
1.884694681e+21
1.963064179e+21
2.227450228e+21
1.932726416e+21
2.009461827e+21
1.992031107e+21
1.976218364e+21
2.047528802e+21
1.765682477e+21
1.924331719e+21
2.081132072e+21
2.061435208e+21
1.957841249e+21
2.023189409e+21
2.00445942e+21
1.98466983e+21
1.965749159e+21
2.027087124e+21
2.007247563e+21
1.986779815e+21
1.888198882e+21
2.02441748e+21
1.849577047e+21
1.98273868e+21
1.886692776e+21
1.941312419e+21
1.920995678e+21
1.827177693e+21
2.16952389e+21
2.217303314e+21
1.910777616e+21
2.029562775e+21
2.077293885e+21
1.848594071e+21
1.896729762e+21
2.076146864e+21
2.054153515e+21
1.89963692e+21
2.00919274e+21
1.92193802e+21
2.028498589e+21
2.004905401e+21
1.921931417e+21
1.899424137e+21
2.000958503e+21
1.9773829e+21
1.957004107e+21
1.992423173e+21
1.798073552e+21
2.063234973e+21
2.042389373e+21
2.017984197e+21
1.997830295e+21
1.97387518e+21
1.954408443e+21
1.930906526e+21
1.965234483e+21
2.046495742e+21
2.130812996e+21
2.002396479e+21
2.034345755e+21
1.808773973e+21
1.99107472e+21
2.065330102e+21
2.046462381e+21
1.92541859e+21
2.098951552e+21
1.979293592e+21
1.821720891e+21
2.030411014e+21
2.058604937e+21
2.078918971e+21
1.971675455e+21
1.993530497e+21
2.097494307e+21
2.095422572e+21
1.988795194e+21
2.089944949e+21
2.295677605e+21
2.186163526e+21
2.285884544e+21
2.279009509e+21
2.066827149e+21
1.750420175e+21
1.950647856e+21
1.840160278e+21
1.630106942e+21
2.027843284e+21
2.019898208e+21
1.808184857e+21
2.200251726e+21
1.889074632e+21
1.780880787e+21
1.867881755e+21
1.857837995e+21
2.233653614e+21
1.930959468e+21
2.012839828e+21
2.000170475e+21
1.795865016e+21
2.065426968e+21
2.048897603e+21
2.126713927e+21
2.108966629e+21
2.002039748e+21
1.984702535e+21
1.968957815e+21
2.040036346e+21
1.935153159e+21
1.830176657e+21
1.987169103e+21
2.0539727e+21
2.035578818e+21
2.015904393e+21
1.997250919e+21
1.977561109e+21
1.958716566e+21
2.100658504e+21
1.920098826e+21
1.9797359e+21
2.038303732e+21
1.862100131e+21
1.99664538e+21
1.823793331e+21
2.105681404e+21
2.0089305e+21
1.91428485e+21
1.966482298e+21
1.873712872e+21
1.924503547e+21
1.974680554e+21
2.092294924e+21
2.00111764e+21
1.9104609e+21
2.160231984e+21
2.069022053e+21
1.981070974e+21
2.088978042e+21
2.066910065e+21
1.851531798e+21
2.021575853e+21
1.99807693e+21
1.977172898e+21
1.89296697e+21
2.11501434e+21
2.030388242e+21
2.009462919e+21
2.044070128e+21
1.907588224e+21
1.942009775e+21
2.035469622e+21
1.89942079e+21
1.991064482e+21
1.967192599e+21
1.947790345e+21
1.924367935e+21
2.011512694e+21
1.934968818e+21
2.020001876e+21
1.995605586e+21
2.027445176e+21
1.902778122e+21
2.133136057e+21
1.960290939e+21
1.990941818e+21
1.870885583e+21
1.949176021e+21
1.972532929e+21
2.001704265e+21
2.069445211e+21
2.005966615e+21
1.936662386e+21
1.964906121e+21
1.881293731e+21
2.298309602e+21
2.087312887e+21
1.876831173e+21
1.977772231e+21
1.767076564e+21
1.97032294e+21
2.277064249e+21
1.857461388e+21
1.647095013e+21
1.538553313e+21
2.045427092e+21
1.629430201e+21
2.13132187e+21
2.020097685e+21
2.112797801e+21
1.901375212e+21
1.892990939e+21
1.980960689e+21
2.168387397e+21
2.154644942e+21
2.045655251e+21
1.935007067e+21
2.019895128e+21
2.100800629e+21
1.897806207e+21
2.260016037e+21
1.964213354e+21
1.855734928e+21
2.026722923e+21
1.827126397e+21
2.085339217e+21
1.88754461e+21
1.783409474e+21
1.944224675e+21
2.015748518e+21
1.997210156e+21
1.979972476e+21
1.705470021e+21
2.028246066e+21
2.008671653e+21
1.990094079e+21
1.970503132e+21
1.951734113e+21
2.093199746e+21
1.993009006e+21
1.972741755e+21
1.8748706e+21
1.932868292e+21
2.142680521e+21
2.120313209e+21
1.948438838e+21
2.150223071e+21
1.980990775e+21
1.814500325e+21
1.86721706e+21
1.84682209e+21
1.967861375e+21
2.015589016e+21
2.062998865e+21
2.243889882e+21
1.883720974e+21
1.928917204e+21
2.040108014e+21
1.951738054e+21
1.931121658e+21
1.908862056e+21
1.888781444e+21
1.991294815e+21
2.032039404e+21
1.947410123e+21
2.107848848e+21
2.142550248e+21
1.943762977e+21
2.095368062e+21
1.958752378e+21
1.935453314e+21
1.972246695e+21
1.948687969e+21
1.984344341e+21
2.069474842e+21
2.049062301e+21
1.971147741e+21
2.004722612e+21
1.980554682e+21
1.961559273e+21
1.988860599e+21
2.020591253e+21
1.99614601e+21
1.878716464e+21
1.904805028e+21
2.032587563e+21
1.960148497e+21
1.89517668e+21
1.872207898e+21
1.902105531e+21
2.108212962e+21
1.953687506e+21
1.974917661e+21
2.047191433e+21
2.082262285e+21
1.665050465e+21
1.767375872e+21
1.7657303e+21
2.073848291e+21
2.070909677e+21
2.066049593e+21
1.752786361e+21
1.644741117e+21
1.948422864e+21
1.839196411e+21
1.833840901e+21
1.826111508e+21
2.123190895e+21
1.91179048e+21
2.004537188e+21
1.89416594e+21
1.985072878e+21
2.072152648e+21
1.963822677e+21
2.048970816e+21
1.843876545e+21
2.120537448e+21
2.108165465e+21
2.188105752e+21
2.174352323e+21
1.970179441e+21
1.956937096e+21
2.218663911e+21
1.927468975e+21
2.093481145e+21
1.716355385e+21
1.970205976e+21
2.13228611e+21
1.849109111e+21
1.833789222e+21
1.989993646e+21
1.887052665e+21
2.039208605e+21
1.852552125e+21
2.001490627e+21
1.982988347e+21
1.963495355e+21
1.944801266e+21
1.925348093e+21
2.144842429e+21
2.04442873e+21
2.023966502e+21
1.926096729e+21
2.058923988e+21
1.961996641e+21
1.941649731e+21
1.994981744e+21
1.974118375e+21
2.025214667e+21
1.860766132e+21
1.911249667e+21
1.891050234e+21
2.008674047e+21
2.055924881e+21
1.897397051e+21
2.01137493e+21
1.988630453e+21
1.967571335e+21
1.815430954e+21
2.18116803e+21
1.965803589e+21
2.070617147e+21
1.860523675e+21
2.086534741e+21
1.940834533e+21
1.740606303e+21
1.957382799e+21
1.937209378e+21
2.030303176e+21
2.009571904e+21
1.928940975e+21
2.021769839e+21
1.886644662e+21
1.97766941e+21
2.008238998e+21
1.988429033e+21
1.911422708e+21
1.945399843e+21
2.129722621e+21
1.903510125e+21
2.134634981e+21
2.013783514e+21
1.989413404e+21
1.970925257e+21
2.093074796e+21
1.881026148e+21
2.048807135e+21
1.935980987e+21
1.912502807e+21
1.98812429e+21
1.872668009e+21
2.037604225e+21
1.878717805e+21
2.040210764e+21
2.074260183e+21
1.969649945e+21
1.967716366e+21
1.758950295e+21
2.065892587e+21
1.85667043e+21
1.955229321e+21
1.951495441e+21
1.945663986e+21
2.043134459e+21
1.83218275e+21
1.725359383e+21
2.324491498e+21
1.913681559e+21
2.004782654e+21
1.99694396e+21
2.184960258e+21
1.977580699e+21
2.064355694e+21
1.66297401e+21
2.235701935e+21
1.836974215e+21
1.920569628e+21
2.004840707e+21
2.085198958e+21
2.166287777e+21
1.775956288e+21
1.949714546e+21
2.026297479e+21
2.011838359e+21
1.904447425e+21
1.980098873e+21
1.873807875e+21
2.124537579e+21
1.930150304e+21
2.001175978e+21
1.724199217e+21
1.965734475e+21
1.947243122e+21
1.929832171e+21
1.994360762e+21
1.975933178e+21
1.956537246e+21
1.937917497e+21
1.91856001e+21
2.058129872e+21
1.958900682e+21
2.094445305e+21
2.072922243e+21
1.899761308e+21
1.804780368e+21
1.860488241e+21
2.061712336e+21
1.894430772e+21
1.874077568e+21
1.925681149e+21
2.04577917e+21
1.814765959e+21
1.794722945e+21
1.844009321e+21
2.093531743e+21
2.004524372e+21
2.114000555e+21
2.026253284e+21
2.003133274e+21
1.854108074e+21
1.895962815e+21
2.063622287e+21
1.916059411e+21
1.77369192e+21
1.994750175e+21
1.974024681e+21
1.950805703e+21
1.813687713e+21
2.08130298e+21
2.002826653e+21
1.922472313e+21
1.959016958e+21
1.990927942e+21
1.971039234e+21
1.947413615e+21
2.035324621e+21
2.063766454e+21
1.991279049e+21
2.17434945e+21
2.050944969e+21
1.975506492e+21
2.007021495e+21
1.933157911e+21
2.111621524e+21
1.940490902e+21
1.970830578e+21
2.089381668e+21
1.976509999e+21
2.138480021e+21
2.02748231e+21
1.957359969e+21
2.030698882e+21
2.050647865e+21
1.900672483e+21
2.169635316e+21
1.962110626e+21
1.857020526e+21
1.649150267e+21
2.05799769e+21
1.952331038e+21
1.845254746e+21
2.04637009e+21
2.142281575e+21
2.035357145e+21
1.723821134e+21
2.224339828e+21
1.912957604e+21
2.107113652e+21
1.797490702e+21
1.989408041e+21
1.978852811e+21
1.970144863e+21
2.056617195e+21
1.949112647e+21
1.83998954e+21
2.215412498e+21
2.009102969e+21
1.902283176e+21
1.983053578e+21
2.064444447e+21
2.141926781e+21
1.850042966e+21
2.018874494e+21
2.004477763e+21
1.807149056e+21
2.062568625e+21
1.955919652e+21
1.940441395e+21
1.748353869e+21
2.080662716e+21
2.061616651e+21
1.958691988e+21
1.94029461e+21
1.922954674e+21
1.987281514e+21
1.968928032e+21
1.949628278e+21
1.931082288e+21
1.911819624e+21
1.972025942e+21
2.030134833e+21
1.932528419e+21
2.065710549e+21
2.196062985e+21
1.873469273e+21
1.854050451e+21
1.907846638e+21
1.96051564e+21
1.723978291e+21
1.990150702e+21
1.82787424e+21
1.947683525e+21
1.994985479e+21
1.837729316e+21
1.817206699e+21
1.864538966e+21
1.909327445e+21
1.954254433e+21
2.253967371e+21
2.102726596e+21
1.952564295e+21
1.994351056e+21
1.909621249e+21
2.133470568e+21
1.927815678e+21
1.788549218e+21
2.062107366e+21
1.924233869e+21
1.843858676e+21
1.939094346e+21
2.028755533e+21
2.008253237e+21
1.984276861e+21
1.964453366e+21
1.94090871e+21
1.9751424e+21
2.004131066e+21
1.984624656e+21
2.012289266e+21
2.095189504e+21
1.918411937e+21
2.050312353e+21
1.976083528e+21
2.055603197e+21
2.03067845e+21
1.964216818e+21
1.987704482e+21
2.110569586e+21
2.131274079e+21
2.066575116e+21
1.99611347e+21
2.113788637e+21
1.865986797e+21
1.938287309e+21
2.161361036e+21
2.160379203e+21
1.644393837e+21
2.361620108e+21
1.845146614e+21
1.944900287e+21
2.042489676e+21
2.140523703e+21
2.134154561e+21
2.027638817e+21
1.919332172e+21
1.913754075e+21
1.90573801e+21
1.999205707e+21
2.089182997e+21
1.882832346e+21
2.070005869e+21
2.159041209e+21
1.951368093e+21
1.844747965e+21
1.833146159e+21
1.919287822e+21
1.811028734e+21
2.084771363e+21
1.787578133e+21
1.869858112e+21
1.762927233e+21
2.027591463e+21
1.920073618e+21
1.906390338e+21
2.070674669e+21
1.965736858e+21
1.948853904e+21
2.021324565e+21
1.829174682e+21
1.986812626e+21
1.968653666e+21
2.036556295e+21
1.933395513e+21
1.99943585e+21
1.980252346e+21
2.043721231e+21
2.023716596e+21
1.924295125e+21
2.063886969e+21
1.965129429e+21
2.023062577e+21
2.002834883e+21
2.13479141e+21
1.96206393e+21
2.091044401e+21
1.921563342e+21
1.901291464e+21
1.809059563e+21
1.932839406e+21
1.912511819e+21
2.031834133e+21
1.802402844e+21
1.988210921e+21
2.10282408e+21
1.878132869e+21
2.057327713e+21
2.034119142e+21
2.077507577e+21
1.861289627e+21
2.095653974e+21
1.883236738e+21
1.925544702e+21
1.964620603e+21
2.06557445e+21
2.041457249e+21
2.020246885e+21
1.937783226e+21
2.034042054e+21
1.895140006e+21
1.989471091e+21
1.965830875e+21
2.001562485e+21
1.977670071e+21
1.957911362e+21
1.934447117e+21
1.968565447e+21
1.892328166e+21
1.978014589e+21
2.005584734e+21
1.935411611e+21
1.962330519e+21
2.043473601e+21
1.969485352e+21
2.19507697e+21
1.975699394e+21
1.909899804e+21
1.933876408e+21
1.869775644e+21
2.07794009e+21
1.922326651e+21
2.034606004e+21
1.927381987e+21
1.992520475e+21
2.019551503e+21
1.845556824e+21
1.947203822e+21
1.945303758e+21
2.045787209e+21
1.940268168e+21
1.937525886e+21
2.238230855e+21
2.030876789e+21
1.923604312e+21
1.918979865e+21
1.912095705e+21
2.107230807e+21
1.898572704e+21
2.091278061e+21
2.081352648e+21
2.073230834e+21
1.964070927e+21
1.955439694e+21
2.041312956e+21
2.031352417e+21
2.114725098e+21
2.199010434e+21
1.994278599e+21
1.888262075e+21
2.062226164e+21
2.049299158e+21
2.033823732e+21
1.836536451e+21
2.004190492e+21
1.989916975e+21
1.883775358e+21
1.780576088e+21
2.030104432e+21
2.01405847e+21
1.996208381e+21
1.893633732e+21
1.961641685e+21
1.860202656e+21
2.010308143e+21
1.992360729e+21
1.973272728e+21
1.955065702e+21
2.097285339e+21
1.917555506e+21
1.898479943e+21
2.271605942e+21
1.860959469e+21
1.995888727e+21
1.823499251e+21
2.030494386e+21
1.935006379e+21
2.135916828e+21
1.821904982e+21
2.019213862e+21
2.068933566e+21
1.976586859e+21
1.885282136e+21
1.934459951e+21
1.913155244e+21
1.892900346e+21
1.938648042e+21
1.918108193e+21
1.961883284e+21
2.135228241e+21
1.919015613e+21
1.962045209e+21
1.814372966e+21
1.91910518e+21
1.958063337e+21
1.816483195e+21
2.034655962e+21
2.072737541e+21
2.106913057e+21
1.969353177e+21
2.06055587e+21
1.982859883e+21
2.015284285e+21
1.994916166e+21
1.971107131e+21
1.951412786e+21
2.035141093e+21
1.96203215e+21
1.938438031e+21
2.023328629e+21
1.896415769e+21
2.03050869e+21
1.905659294e+21
1.987005189e+21
2.01200437e+21
1.99330238e+21
1.969114019e+21
1.998709909e+21
2.021438452e+21
2.003296277e+21
1.886897462e+21
2.007126223e+21
1.937654968e+21
1.965588385e+21
2.07407326e+21
1.969002143e+21
1.940714626e+21
1.837738457e+21
1.937945918e+21
2.139953209e+21
2.136404489e+21
2.234976753e+21
1.824371393e+21
2.124378673e+21
1.916361829e+21
2.012376452e+21
2.105430822e+21
2.099319593e+21
1.891461078e+21
2.083449188e+21
2.073580778e+21
1.86878084e+21
2.15243874e+21
1.850760667e+21
2.033745933e+21
2.023829017e+21
2.10691798e+21
2.190900143e+21
1.797714992e+21
1.599129437e+21
2.241469789e+21
1.856190491e+21
1.842197849e+21
1.738364036e+21
1.906158834e+21
1.712345311e+21
1.876984038e+21
2.040289942e+21
2.022823298e+21
2.094098533e+21
1.816122141e+21
1.886886424e+21
1.954679477e+21
2.022119036e+21
2.003210572e+21
1.985335503e+21
1.966342139e+21
2.110558102e+21
1.92919107e+21
1.910862931e+21
1.891879668e+21
1.873420903e+21
1.93179314e+21
1.988990585e+21
1.968655896e+21
1.873619664e+21
2.150879188e+21
1.835001652e+21
1.960942844e+21
2.012328297e+21
1.919702376e+21
1.758816102e+21
2.018077921e+21
2.203331738e+21
1.906702389e+21
2.021270393e+21
1.998756364e+21
1.911663098e+21
1.955308537e+21
1.934613676e+21
2.167616001e+21
2.018570192e+21
2.182460423e+21
1.912708584e+21
1.89056377e+21
2.051833317e+21
2.027899843e+21
2.006830747e+21
1.924933458e+21
1.847363178e+21
1.882587465e+21
2.032757967e+21
2.008615528e+21
1.933082901e+21
1.964587605e+21
1.944957206e+21
2.028410599e+21
2.008394563e+21
1.984242846e+21
1.913217106e+21
1.941223969e+21
1.973192131e+21
1.999311939e+21
1.930910978e+21
2.103151837e+21
1.841322352e+21
1.91470478e+21
1.897208994e+21
2.061563875e+21
1.903761983e+21
2.018207988e+21
2.000431391e+21
1.931174506e+21
2.092585477e+21
1.979154155e+21
1.918791738e+21
2.23867032e+21
2.135945164e+21
1.625805077e+21
1.928853814e+21
2.027012428e+21
1.82173603e+21
2.322380179e+21
2.217177962e+21
2.110139328e+21
2.205314218e+21
1.997668682e+21
1.693092786e+21
1.68604437e+21
1.680311338e+21
1.770742914e+21
1.959824678e+21
1.852032832e+21
1.649809555e+21
2.122722177e+21
1.728309548e+21
2.099168294e+21
1.898129961e+21
2.168211525e+21
1.780723844e+21
1.954136035e+21
1.941902902e+21
1.927289583e+21
2.005548293e+21
2.170602057e+21
1.975566205e+21
2.048359748e+21
1.944580271e+21
2.015594206e+21
1.99968188e+21
2.068189117e+21
1.880187029e+21
2.032452016e+21
2.014976895e+21
1.996162942e+21
1.978359646e+21
1.959460062e+21
1.941397203e+21
1.922473552e+21
1.90421691e+21
2.042435555e+21
1.866937252e+21
1.848127752e+21
1.90590381e+21
2.037358675e+21
2.016571983e+21
2.069617647e+21
1.975037836e+21
2.099035012e+21
1.790615653e+21
1.913200601e+21
1.963206652e+21
2.080623549e+21
2.058658634e+21
1.968160522e+21
1.813031295e+21
1.859255932e+21
1.970959833e+21
2.208614738e+21
1.992426002e+21
1.906231816e+21
2.074718725e+21
1.92661358e+21
1.967849795e+21
1.945079251e+21
2.045031083e+21
2.021188442e+21
2.000189277e+21
1.976710823e+21
2.013876052e+21
2.04695274e+21
1.913489316e+21
2.00199076e+21
1.981755073e+21
1.958111064e+21
2.046241098e+21
2.021724475e+21
1.949094794e+21
1.977700867e+21
2.009984017e+21
1.832987576e+21
2.01710927e+21
1.992710608e+21
1.973881327e+21
2.144947839e+21
2.125008074e+21
2.051492349e+21
2.080019287e+21
2.148121362e+21
1.990004805e+21
2.011497766e+21
1.948467867e+21
1.924737246e+21
1.863738355e+21
2.016372196e+21
1.999306441e+21
1.824759036e+21
1.722604208e+21
2.024627332e+21
2.022751834e+21
1.817470217e+21
2.016562571e+21
2.112494761e+21
1.606457424e+21
2.102253907e+21
1.997342134e+21
1.990221102e+21
1.984451471e+21
2.173827491e+21
2.067965983e+21
1.764179888e+21
1.757309222e+21
1.942307586e+21
1.933788981e+21
1.826514291e+21
2.008948172e+21
1.806274217e+21
2.174857717e+21
1.690669491e+21
1.960994416e+21
2.039754039e+21
2.211265472e+21
2.011766081e+21
1.816642448e+21
1.892444281e+21
1.878992336e+21
2.129768283e+21
1.761480831e+21
1.833771678e+21
2.079203767e+21
1.889123825e+21
1.873535039e+21
2.025289333e+21
2.007885029e+21
1.989164727e+21
1.97143264e+21
1.952625991e+21
1.934634375e+21
1.915802653e+21
1.897616958e+21
2.035383835e+21
1.860498325e+21
1.995259525e+21
1.823387416e+21
1.879992495e+21
2.084114804e+21
2.062572644e+21
1.968319903e+21
1.947650316e+21
1.855933012e+21
2.04798292e+21
1.746950224e+21
1.935385804e+21
1.983349222e+21
1.826286165e+21
1.940809071e+21
1.720687115e+21
2.029860738e+21
1.81280434e+21
1.921737706e+21
1.963233696e+21
1.942509742e+21
1.982176336e+21
2.022625855e+21
1.878068707e+21
1.978324572e+21
2.014521319e+21
2.052226669e+21
2.028147105e+21
2.007242617e+21
1.983545575e+21
1.963287292e+21
1.995409547e+21
1.975239433e+21
2.005890336e+21
1.985844823e+21
1.962053804e+21
1.942689887e+21
1.91932815e+21
1.952008849e+21
1.92845858e+21
1.960213769e+21
1.936498909e+21
2.065753402e+21
1.992115658e+21
2.11800515e+21
2.044722043e+21
1.931802868e+21
2.00138703e+21
2.075677315e+21
2.05039638e+21
1.806522569e+21
2.007568004e+21
1.901775442e+21
2.053342233e+21
1.906011117e+21
1.918926339e+21
2.01901006e+21
1.815349844e+21
2.115947633e+21
2.112460423e+21
2.009030684e+21
1.904175185e+21
2.100612674e+21
2.194161831e+21
1.790918012e+21
2.081970289e+21
1.977084187e+21
2.067330975e+21
1.569760274e+21
2.148257629e+21
2.042628524e+21
2.225433912e+21
2.023012137e+21
1.628258195e+21
1.906275725e+21
2.273278586e+21
2.072710184e+21
1.965276613e+21
2.139955575e+21
1.939991238e+21
1.744256651e+21
2.095633991e+21
1.991117201e+21
1.885660745e+21
1.961420941e+21
2.122172272e+21
1.842966756e+21
1.827264721e+21
2.07183556e+21
1.968021182e+21
2.036650855e+21
2.018176958e+21
2.000842909e+21
1.98221541e+21
1.964553972e+21
1.945839425e+21
1.9279185e+21
1.909177889e+21
2.048651149e+21
1.87235136e+21
1.931357978e+21
1.988427759e+21
1.89286473e+21
1.948529167e+21
2.151197661e+21
2.055575442e+21
2.106954739e+21
2.08485447e+21
1.920809415e+21
2.041093345e+21
2.089292548e+21
1.997789347e+21
2.181193445e+21
1.820188015e+21
1.934331759e+21
2.044760792e+21
2.023108208e+21
2.00037427e+21
1.979209239e+21
2.019858362e+21
1.936084083e+21
1.975633745e+21
2.077040381e+21
1.871882908e+21
1.971809233e+21
2.06695386e+21
1.753268248e+21
2.02148884e+21
2.000652737e+21
1.920554259e+21
2.012758642e+21
1.933625033e+21
2.023454456e+21
1.999320949e+21
1.979339895e+21
1.955628765e+21
1.988660096e+21
1.964745474e+21
1.94561391e+21
1.922138638e+21
2.003885538e+21
1.880655974e+21
2.009952931e+21
1.888715951e+21
2.015091493e+21
1.990601014e+21
1.925448033e+21
1.99479133e+21
1.884940239e+21
1.952796429e+21
2.07064004e+21
2.045385314e+21
1.939560691e+21
2.002980623e+21
2.072383026e+21
2.012391463e+21
1.709760951e+21
2.11001685e+21
1.806912869e+21
2.004378946e+21
2.201710336e+21
2.196640458e+21
2.192465946e+21
1.887929171e+21
2.081657331e+21
2.173040432e+21
1.969771403e+21
1.765458456e+21
2.150459361e+21
1.945776348e+21
2.035118588e+21
2.024467909e+21
2.111581531e+21
1.813170595e+21
1.994284562e+21
1.98188222e+21
1.877433494e+21
2.051403032e+21
1.946802091e+21
1.748900556e+21
2.103862934e+21
2.088112371e+21
1.803617506e+21
2.057870968e+21
1.776749091e+21
1.938411064e+21
2.098771895e+21
1.994213662e+21
1.978497749e+21
1.87583318e+21
2.029495932e+21
2.011114362e+21
1.993850013e+21
2.057619251e+21
1.95772314e+21
1.939099871e+21
1.92124909e+21
1.981873732e+21
2.120122532e+21
2.021425473e+21
1.924742501e+21
1.82920857e+21
2.037324815e+21
1.792533599e+21
2.069970221e+21
1.902295158e+21
2.027428369e+21
2.077835807e+21
1.985249312e+21
2.104396519e+21
1.943472585e+21
2.128435241e+21
2.038043012e+21
2.015700504e+21
1.728459861e+21
1.840754679e+21
2.146490808e+21
1.993759205e+21
2.099935196e+21
1.950284726e+21
1.991949206e+21
1.907598758e+21
1.887543005e+21
1.865737724e+21
1.905781012e+21
2.119042758e+21
1.922275264e+21
1.84217065e+21
2.051080442e+21
2.026881506e+21
2.006179364e+21
1.982376083e+21
2.016845176e+21
2.046653761e+21
1.919556431e+21
1.949245669e+21
2.034330153e+21
1.95833122e+21
2.041327089e+21
2.218364192e+21
1.847538093e+21
1.874507326e+21
1.954517398e+21
1.737723101e+21
1.865030401e+21
1.842355112e+21
2.059559372e+21
1.988238961e+21
1.878748756e+21
2.036896547e+21
2.108690039e+21
1.949998558e+21
1.933161115e+21
1.909553437e+21
2.022495055e+21
1.80442477e+21
2.20441407e+21
1.901976124e+21
1.700195019e+21
2.196640993e+21
1.695014281e+21
2.089029571e+21
2.085061906e+21
1.97994984e+21
1.975207192e+21
1.672976683e+21
1.962512516e+21
1.856687413e+21
2.045167909e+21
1.938643891e+21
2.124219084e+21
2.017072329e+21
2.008243075e+21
1.806571593e+21
1.797791526e+21
1.880664895e+21
1.964166335e+21
1.858180628e+21
1.847412083e+21
2.017766394e+21
2.005167892e+21
1.899718939e+21
1.976892307e+21
1.961392744e+21
2.035998473e+21
1.931546512e+21
1.82993033e+21
1.900787811e+21
1.971535763e+21
2.039190262e+21
1.853858512e+21
2.004101025e+21
1.986905826e+21
1.968461434e+21
1.950939645e+21
2.093440745e+21
2.153953874e+21
1.896064866e+21
1.878088782e+21
1.859554929e+21
1.994899076e+21
1.974903624e+21
1.880002849e+21
2.084210617e+21
2.062969684e+21
2.187559825e+21
1.876273186e+21
1.928046018e+21
2.049257094e+21
2.237188774e+21
2.075338319e+21
1.984488754e+21
2.031262586e+21
1.808113078e+21
1.921505979e+21
1.965716945e+21
1.880076582e+21
1.923084916e+21
1.839317206e+21
1.881168471e+21
2.047447165e+21
1.962677283e+21
1.942043603e+21
1.859632755e+21
2.077628061e+21
2.112121344e+21
1.974057245e+21
1.950922531e+21
1.987601941e+21
2.020278279e+21
1.99964296e+21
1.975922991e+21
1.95594707e+21
1.932626359e+21
1.913309565e+21
1.942904105e+21
1.871732689e+21
2.106060714e+21
1.882081839e+21
1.909622215e+21
2.140146616e+21
2.015903918e+21
1.948146907e+21
1.876391113e+21
1.858944398e+21
1.977591112e+21
2.052828553e+21
1.981729496e+21
1.918270932e+21
2.030213074e+21
2.012334719e+21
1.899411712e+21
1.970594623e+21
2.033021532e+21
1.887156259e+21
1.997496687e+21
1.697107788e+21
2.094409362e+21
1.893191362e+21
1.989568687e+21
2.086107305e+21
1.783991363e+21
1.582760035e+21
1.775393905e+21
2.066334375e+21
1.862929036e+21
2.150837626e+21
1.752523152e+21
1.843615099e+21
2.317876238e+21
1.924060163e+21
1.818327673e+21
2.000939117e+21
1.89475837e+21
1.88555568e+21
1.967565955e+21
1.584302064e+21
1.851497825e+21
1.840774971e+21
2.101930422e+21
1.725542701e+21
1.983089524e+21
1.969855807e+21
1.865598822e+21
1.940578816e+21
1.924730407e+21
1.823481034e+21
1.808018001e+21
1.964622601e+21
1.947397702e+21
2.015335848e+21
1.997136433e+21
1.980009842e+21
1.961655775e+21
2.025211455e+21
1.925759857e+21
1.987549742e+21
1.889575672e+21
2.027640768e+21
1.930439669e+21
1.835180718e+21
2.043910707e+21
1.948582723e+21
2.077179793e+21
1.909158028e+21
2.107539597e+21
1.869976858e+21
1.992768982e+21
2.042409189e+21
1.951020655e+21
1.93053548e+21
1.97790465e+21
2.159495603e+21
1.935627007e+21
1.981196545e+21
1.828623723e+21
2.003117512e+21
1.852874984e+21
2.086142512e+21
2.12500598e+21
1.978900298e+21
1.956262572e+21
2.056678557e+21
1.973152616e+21
1.952518186e+21
2.04676597e+21
1.967630581e+21
2.00177379e+21
2.037744191e+21
2.013717937e+21
1.993149009e+21
2.024220435e+21
2.003755306e+21
1.979868455e+21
1.960078316e+21
1.988944309e+21
2.021133615e+21
1.94562754e+21
1.977380104e+21
2.003605192e+21
2.033981166e+21
2.009355905e+21
1.990363255e+21
1.966201065e+21
2.090449008e+21
2.158878269e+21
2.092644803e+21
1.975262516e+21
2.003059238e+21
2.11350991e+21
2.005754212e+21
2.069294273e+21
2.051430177e+21
1.983223495e+21
1.923702884e+21
1.781149348e+21
2.002563347e+21
1.999410608e+21
1.775234754e+21
1.549083934e+21
2.209240311e+21
2.200760183e+21
1.976197908e+21
1.966544712e+21
1.743041895e+21
1.949412136e+21
2.158509379e+21
1.92946518e+21
2.135114645e+21
2.330662556e+21
1.687088524e+21
1.881953997e+21
2.288009266e+21
1.854843605e+21
2.253714808e+21
2.028685182e+21
2.217172107e+21
1.994576778e+21
2.17869177e+21
1.762996323e+21
2.138580932e+21
1.537501642e+21
1.906489653e+21
2.072193988e+21
1.867865295e+21
2.213927157e+21
2.011392362e+21
2.16658819e+21
2.146488491e+21
1.942250967e+21
1.923553016e+21
1.898288814e+21
2.050279251e+21
2.022930774e+21
2.002273218e+21
1.9752269e+21
1.954592072e+21
2.249244872e+21
1.907402289e+21
2.037941529e+21
2.170990424e+21
2.140971858e+21
1.966311485e+21
2.08817565e+21
1.917642404e+21
1.890972259e+21
2.013856029e+21
2.127678856e+21
1.963757911e+21
2.213093451e+21
2.188484891e+21
1.7534785e+21
2.267565066e+21
1.973136022e+21
1.951331064e+21
2.437681574e+21
1.903347049e+21
2.127625021e+21
1.856856684e+21
1.953750575e+21
2.053448271e+21
2.025792667e+21
1.886264557e+21
1.512143486e+21
1.956550192e+21
2.04429701e+21
1.798223826e+21
1.996616846e+21
1.976104009e+21
2.167412566e+21
1.930918105e+21
2.01234328e+21
1.78255405e+21
1.967408556e+21
2.153133617e+21
1.924199241e+21
2.005863725e+21
1.684498235e+21
1.864714458e+21
2.036769906e+21
2.113690639e+21
1.994455751e+21
2.070039897e+21
1.953859375e+21
1.84376133e+21
2.006118825e+21
2.078290428e+21
1.96703404e+21
1.949364427e+21
1.929595041e+21
1.999315229e+21
1.893751691e+21
2.047582577e+21
1.943975524e+21
2.010546265e+21
1.766575375e+21
1.986182508e+21
1.762732068e+21
2.421010618e+21
1.97544385e+21
1.314744286e+21
2.182879489e+21
1.960152382e+21
1.73389704e+21
2.161189395e+21
2.363435858e+21
1.92703719e+21
2.339364426e+21
2.329855686e+21
2.101942449e+21
1.882910117e+21
1.867105093e+21
2.063624302e+21
1.840325914e+21
1.829543147e+21
1.811648924e+21
2.200003129e+21
2.177164284e+21
2.161977059e+21
1.555172935e+21
1.736453964e+21
2.098123355e+21
2.270579478e+21
1.869751901e+21
1.853959776e+21
2.014442565e+21
1.996574504e+21
2.150752532e+21
1.953271756e+21
2.103496421e+21
1.736072362e+21
2.056042806e+21
1.866010181e+21
2.008608014e+21
1.988132965e+21
1.961386958e+21
1.940930172e+21
2.074099382e+21
1.894204085e+21
1.868259863e+21
1.848098624e+21
1.822639704e+21
1.802737686e+21
2.074108084e+21
2.051264123e+21
1.878346505e+21
2.143317708e+21
1.831780088e+21
1.81143361e+21
1.923738528e+21
2.310012493e+21
2.010055607e+21
1.9877648e+21
1.960363426e+21
1.938711857e+21
2.039581645e+21
2.143264039e+21
1.74095847e+21
2.459989033e+21
2.305322499e+21
1.800347956e+21
1.776148548e+21
2.225764107e+21
1.964951209e+21
1.829851299e+21
1.918594045e+21
2.010291845e+21
1.873879004e+21
2.181913329e+21
1.938476046e+21
2.025446582e+21
1.999781669e+21
1.875625168e+21
2.058040265e+21
2.037809812e+21
2.012843373e+21
1.99335153e+21
2.067870534e+21
1.658016843e+21
1.831284342e+21
1.814056255e+21
2.170739863e+21
1.963582666e+21
1.756693548e+21
2.198637325e+21
1.993502775e+21
1.975426438e+21
2.0434652e+21
1.937061006e+21
2.091670162e+21
1.900269596e+21
2.052752224e+21
2.034546997e+21
2.015504715e+21
1.9144434e+21
2.190297456e+21
2.188963871e+21
2.404112772e+21
1.964778952e+21
1.74175192e+21
1.738825263e+21
1.515700905e+21
2.3764465e+21
1.934979012e+21
1.715087117e+21
1.918278968e+21
1.911665162e+21
2.320793246e+21
1.891131475e+21
2.085366385e+21
1.868082899e+21
2.264152825e+21
1.842746649e+21
1.623141081e+21
2.017067939e+21
1.597954991e+21
1.786171097e+21
1.964137788e+21
1.950469875e+21
2.12220036e+21
1.914844866e+21
2.271731532e+21
1.87802359e+21
1.855899432e+21
2.208311723e+21
1.8178834e+21
2.162152773e+21
1.957217791e+21
1.939136647e+21
1.914360834e+21
2.068368949e+21
2.041435632e+21
2.021223048e+21
1.994486644e+21
1.974191032e+21
1.947739613e+21
2.088079425e+21
2.21826099e+21
1.881187275e+21
2.010145699e+21
1.988482004e+21
1.810329244e+21
1.939800105e+21
1.913069591e+21
2.183100499e+21
1.865888234e+21
1.703298454e+21
1.819732421e+21
2.076387806e+21
2.047699561e+21
1.889965895e+21
1.73076594e+21
1.843245092e+21
1.688054444e+21
1.926254818e+21
1.77322911e+21
2.004309137e+21
2.100589841e+21
2.322151539e+21
1.929054915e+21
2.027505351e+21
1.764975344e+21
2.095358526e+21
1.837779045e+21
1.818389016e+21
2.243076028e+21
2.330697362e+21
1.971753297e+21
1.843077842e+21
1.926432321e+21
1.695040189e+21
1.987375911e+21
1.760431622e+21
2.045284267e+21
2.025174827e+21
2.100388903e+21
1.980994465e+21
1.95719166e+21
2.03543625e+21
2.107275433e+21
1.897677906e+21
2.063452401e+21
1.765526991e+21
2.021392066e+21
1.820778353e+21
1.981044412e+21
2.05231008e+21
2.118937605e+21
2.012407914e+21
2.07849563e+21
2.059967281e+21
1.954770075e+21
1.853203317e+21
2.00267858e+21
1.984977497e+21
1.738131404e+21
1.519942554e+21
1.951187568e+21
1.732434643e+21
1.943754204e+21
2.371717284e+21
1.933178241e+21
2.143145022e+21
1.919573141e+21
1.701443306e+21
1.057267966e+21
2.107262711e+21
1.674556073e+21
2.293200767e+21
1.655239772e+21
1.853487374e+21
2.4507991e+21
2.031618391e+21
2.214619974e+21
2.001552579e+21
1.982181095e+21
2.166450708e+21
1.754337644e+21
1.742158974e+21
2.106280423e+21
1.900514198e+21
1.879046442e+21
2.050517667e+21
1.842250711e+21
2.009436827e+21
1.985115951e+21
2.14645555e+21
1.943118531e+21
2.100223254e+21
2.073506179e+21
2.05366319e+21
2.027034549e+21
2.007001608e+21
1.980562447e+21
1.960443274e+21
1.934280872e+21
2.233199995e+21
2.045723612e+21
1.868348145e+21
1.996530192e+21
1.823115096e+21
1.948032627e+21
1.926810705e+21
2.046534013e+21
2.02403869e+21
2.281346627e+21
1.833099843e+21
1.807842195e+21
1.925316457e+21
1.627540054e+21
1.877729097e+21
2.248745465e+21
1.962211423e+21
2.580410635e+21
1.786359718e+21
2.139533934e+21
1.867117539e+21
1.596192208e+21
1.821711101e+21
2.156557199e+21
1.777745441e+21
1.870871291e+21
2.197945497e+21
2.16877463e+21
1.6941276e+21
1.89478387e+21
1.985345101e+21
2.068416318e+21
1.723926857e+21
2.233626881e+21
2.000429328e+21
2.079076973e+21
1.95540741e+21
1.626148337e+21
1.91206078e+21
2.087453576e+21
1.87035018e+21
1.847876588e+21
1.733906253e+21
1.903889711e+21
1.980267663e+21
1.771062905e+21
1.754615744e+21
1.917562389e+21
1.8095004e+21
2.147717235e+21
1.684855545e+21
1.930252879e+21
1.999864924e+21
1.979424104e+21
1.961781705e+21
2.026931356e+21
1.925260531e+21
1.990014657e+21
2.054620257e+21
2.370843972e+21
2.154010456e+21
1.93562602e+21
1.933450764e+21
2.142541795e+21
2.138958831e+21
1.491657473e+21
2.338773542e+21
1.904410648e+21
2.110018574e+21
2.097916216e+21
2.09071699e+21
1.869154061e+21
2.275302443e+21
1.642389119e+21
2.043464615e+21
2.026590881e+21
2.015984868e+21
2.197684016e+21
2.184901494e+21
1.770434936e+21
1.759136217e+21
1.934613884e+21
1.536972444e+21
2.090597558e+21
1.886396438e+21
2.05170974e+21
2.2204741e+21
2.194561531e+21
1.994804167e+21
2.149931494e+21
1.953402557e+21
2.104604676e+21
1.737701288e+21
2.058829474e+21
1.869234644e+21
1.677362686e+21
1.992978896e+21
2.13073393e+21
1.946885665e+21
1.921006853e+21
1.90106684e+21
2.031824906e+21
2.010323338e+21
1.983097891e+21
1.961781181e+21
1.935050606e+21
2.208454742e+21
1.742588656e+21
2.010695199e+21
2.408064362e+21
2.101290456e+21
2.072430396e+21
1.912834919e+21
2.021321574e+21
1.732389041e+21
2.102934451e+21
1.949679534e+21
1.923018902e+21
2.028602557e+21
2.126033641e+21
1.979035306e+21
1.952219387e+21
1.689603725e+21
2.024036762e+21
2.00220977e+21
1.975451475e+21
2.184295339e+21
1.92847535e+21
1.908133042e+21
1.772328502e+21
2.192336089e+21
2.163890416e+21
1.92748979e+21
1.902788325e+21
2.302069613e+21
1.859703628e+21
2.045707724e+21
2.121252885e+21
2.1003876e+21
1.580705981e+21
1.956734326e+21
2.126544769e+21
2.106236746e+21
2.081441266e+21
2.061844509e+21
2.038112979e+21
2.110962436e+21
1.905761235e+21
1.978197429e+21
2.045524936e+21
2.11510045e+21
2.005491556e+21
1.987477322e+21
2.052638257e+21
1.780052901e+21
1.846407744e+21
1.996417461e+21
1.977509888e+21
2.041719683e+21
1.924412493e+21
2.350643939e+21
2.347046445e+21
1.91815835e+21
2.338190827e+21
2.334289809e+21
2.114170793e+21
1.476606379e+21
1.889485812e+21
1.884146308e+21
1.665244572e+21
1.659543257e+21
1.854660839e+21
1.436706311e+21
2.240887638e+21
2.027744461e+21
1.809980989e+21
1.800531101e+21
1.784458736e+21
1.774104369e+21
1.952345014e+21
1.939914849e+21
1.536145833e+21
2.097606528e+21
2.075146509e+21
1.872486876e+21
2.036691523e+21
1.836883446e+21
1.997101474e+21
2.160417901e+21
2.134506511e+21
2.115735089e+21
1.91552076e+21
1.897932725e+21
2.044359077e+21
2.02487021e+21
1.998833446e+21
1.979150774e+21
1.953289277e+21
1.933514284e+21
2.066906592e+21
1.888140465e+21
1.862874261e+21
1.843188568e+21
1.818318574e+21
1.948697875e+21
2.070105119e+21
1.901346891e+21
1.731157274e+21
1.99752649e+21
1.970215304e+21
2.087645257e+21
2.059063706e+21
2.172016195e+21
2.008385795e+21
1.721315881e+21
1.697779296e+21
2.195614262e+21
1.910884912e+21
2.015814439e+21
2.236979277e+21
1.84372117e+21
1.940048198e+21
1.918944674e+21
1.893160231e+21
2.106844101e+21
2.078740266e+21
2.170813682e+21
1.916615817e+21
2.007953863e+21
2.091740657e+21
1.852064926e+21
2.473263809e+21
2.022135893e+21
1.996248347e+21
2.184024907e+21
2.361815868e+21
1.72825873e+21
1.907550328e+21
2.08760243e+21
2.160248183e+21
2.042067012e+21
2.017529601e+21
1.903102565e+21
2.256829386e+21
2.049277967e+21
2.025675222e+21
2.006854946e+21
1.984299897e+21
1.787358502e+21
2.032976722e+21
1.839358091e+21
1.906486878e+21
1.803482043e+21
1.954951448e+21
1.937532594e+21
1.918345669e+21
1.984023238e+21
1.965161291e+21
1.947820893e+21
1.484999581e+21
2.332171347e+21
2.540314523e+21
2.114562162e+21
1.898081284e+21
1.894921838e+21
1.887897763e+21
2.092978524e+21
2.291413774e+21
2.284952972e+21
2.065448414e+21
2.058392976e+21
2.044878494e+21
2.036664623e+21
2.22375624e+21
1.811037894e+21
1.796241978e+21
2.183971562e+21
2.164577482e+21
2.347687597e+21
1.937761281e+21
2.310543354e+21
2.096560854e+21
2.082108397e+21
2.059922173e+21
2.230537127e+21
1.838083246e+21
2.005924473e+21
2.162979669e+21
2.144911633e+21
1.942692848e+21
2.100702273e+21
1.902013776e+21
2.055910331e+21
2.030090671e+21
2.010774377e+21
1.985025123e+21
1.965513221e+21
1.939932439e+21
1.920325323e+21
1.894997972e+21
2.031671081e+21
1.850387509e+21
1.983432949e+21
1.806247671e+21
2.233601446e+21
2.056491039e+21
1.743568353e+21
2.00652071e+21
1.842777069e+21
1.957485434e+21
1.935897722e+21
1.77308589e+21
2.292997794e+21
2.39473744e+21
2.105087234e+21
1.816835357e+21
2.181768573e+21
2.152090169e+21
1.752788224e+21
1.852533352e+21
2.076540363e+21
1.928027833e+21
1.907062653e+21
1.881490353e+21
2.093863337e+21
1.951207603e+21
2.043944928e+21
2.016954274e+21
1.995683388e+21
2.078998377e+21
2.382190169e+21
1.816958852e+21
2.327195141e+21
2.19300396e+21
2.067411706e+21
2.245452935e+21
2.121981039e+21
1.896013122e+21
1.877355589e+21
1.854387521e+21
1.933061199e+21
1.623358353e+21
1.891585555e+21
2.056232856e+21
2.036863678e+21
2.104906001e+21
2.085345201e+21
1.972236505e+21
2.042962949e+21
1.75702741e+21
2.002250509e+21
1.980950269e+21
1.963156873e+21
1.942940652e+21
2.009354567e+21
1.989395468e+21
1.971781958e+21
1.95296596e+21
1.935742567e+21
1.473417422e+21
2.103624387e+21
1.680351906e+21
1.678478172e+21
1.883330244e+21
2.506936637e+21
2.081413328e+21
2.076774225e+21
1.44692108e+21
2.061214866e+21
2.049588478e+21
2.042602908e+21
1.826338371e+21
1.212679344e+21
2.006258902e+21
1.997018758e+21
1.980788858e+21
1.970495346e+21
2.148395464e+21
1.747626104e+21
1.923393809e+21
2.102325252e+21
2.270346646e+21
2.254731928e+21
2.230821379e+21
1.84527419e+21
2.007305158e+21
1.991487987e+21
1.968566575e+21
1.952157506e+21
1.578233372e+21
2.085881573e+21
2.060395575e+21
2.041551995e+21
2.016020053e+21
1.99687344e+21
1.971406271e+21
1.952062324e+21
1.926757031e+21
2.066257995e+21
1.882255861e+21
1.862808001e+21
1.838067039e+21
1.818697596e+21
2.093391972e+21
1.923047895e+21
2.334919834e+21
1.876547334e+21
2.278318163e+21
1.971699858e+21
1.80599622e+21
2.473055629e+21
1.761795541e+21
1.876342772e+21
1.983004669e+21
1.830326473e+21
1.676477982e+21
2.040561331e+21
2.138680003e+21
2.239555357e+21
2.086535999e+21
1.6995103e+21
2.035915224e+21
1.776868944e+21
2.220581616e+21
2.08104155e+21
1.939307457e+21
1.80576298e+21
2.116073622e+21
2.093759858e+21
1.848893518e+21
2.044889873e+21
2.018456363e+21
2.102855985e+21
1.972190379e+21
1.952204126e+21
1.927586458e+21
2.008771272e+21
1.785424391e+21
1.866065474e+21
2.03726722e+21
2.113581962e+21
2.088184705e+21
2.068227812e+21
2.136758805e+21
1.932571669e+21
2.001249631e+21
2.072768333e+21
1.8712135e+21
1.854039527e+21
2.095655535e+21
1.817061412e+21
1.96890349e+21
2.036054083e+21
1.931076538e+21
1.997087622e+21
1.977190549e+21
1.959690807e+21
2.021792768e+21
1.923813111e+21
2.08859219e+21
2.087348808e+21
1.250523526e+21
1.873698911e+21
2.491742283e+21
1.865710028e+21
1.652329866e+21
2.266900804e+21
1.84608265e+21
1.840900335e+21
1.830573228e+21
2.229758574e+21
2.013887847e+21
1.203500985e+21
1.9911522e+21
1.783802217e+21
2.162575957e+21
1.955784964e+21
1.744734763e+21
2.120165868e+21
1.718314041e+21
1.707449464e+21
1.690335983e+21
1.865262886e+21
1.845576338e+21
1.831962318e+21
1.992927699e+21
2.157008523e+21
2.132293898e+21
1.938344301e+21
2.089531603e+21
2.071268532e+21
1.875563316e+21
2.027392823e+21
2.002143141e+21
1.983163383e+21
2.284301856e+21
1.938794276e+21
2.073239331e+21
1.894479925e+21
2.181297956e+21
2.004594559e+21
1.978068681e+21
1.957252444e+21
1.931128724e+21
1.910474465e+21
2.174778325e+21
1.720974076e+21
1.980703245e+21
1.959035374e+21
1.656439624e+21
1.774718953e+21
1.750648068e+21
1.997663766e+21
1.970553162e+21
1.818847429e+21
2.178650064e+21
1.901112831e+21
1.500307712e+21
2.349349421e+21
1.951712226e+21
2.050999833e+21
2.023455276e+21
1.766001234e+21
2.090899077e+21
1.60873676e+21
2.494478523e+21
2.243525343e+21
1.992596353e+21
2.190652123e+21
1.837766162e+21
1.92560553e+21
1.795147398e+21
2.090233402e+21
2.06355531e+21
1.940508957e+21
2.016902825e+21
1.797078377e+21
1.774754887e+21
1.952537201e+21
1.735796085e+21
1.623460929e+21
1.792653212e+21
2.055861191e+21
2.123974455e+21
1.646575302e+21
1.989256405e+21
1.970762161e+21
2.03711467e+21
2.018414866e+21
1.9094461e+21
1.720109106e+21
1.957002346e+21
1.93942444e+21
1.919356436e+21
1.984969546e+21
1.96513447e+21
1.947747041e+21
1.929023818e+21
1.912029791e+21
1.865297294e+21
1.449926199e+21
2.068220886e+21
1.859333582e+21
1.854505467e+21
2.262870236e+21
2.459586574e+21
1.636085514e+21
2.442739569e+21
2.232905668e+21
2.422305906e+21
2.011738551e+21
1.998742127e+21
1.99076753e+21
2.371525558e+21
2.36065237e+21
2.341664723e+21
2.329551108e+21
1.539452058e+21
1.913251762e+21
2.274346425e+21
2.071665316e+21
1.864546632e+21
1.851780269e+21
1.649095056e+21
2.000725247e+21
1.978754734e+21
1.963229559e+21
2.117275213e+21
1.924725204e+21
1.902045019e+21
2.056858816e+21
2.031940425e+21
2.0134287e+21
1.988455961e+21
1.969640303e+21
1.944721598e+21
1.925705375e+21
2.217758573e+21
1.88181637e+21
2.012052131e+21
2.450861719e+21
2.267389791e+21
1.944419671e+21
2.066140739e+21
1.898064384e+21
2.304802754e+21
1.709895117e+21
1.968042061e+21
1.946532543e+21
2.057425768e+21
1.763486188e+21
1.739640776e+21
2.382143777e+21
1.827706579e+21
2.323943319e+21
2.03779023e+21
2.141259795e+21
1.739586364e+21
2.212013943e+21
2.182245444e+21
2.038463731e+21
2.129449672e+21
1.872283366e+21
1.962786295e+21
1.827434098e+21
2.02863958e+21
2.230011741e+21
1.760565946e+21
2.177506193e+21
1.934229115e+21
1.914086455e+21
2.204304375e+21
1.973873378e+21
1.846141938e+21
2.233524619e+21
2.205402731e+21
1.984879167e+21
1.862223931e+21
2.13502796e+21
2.204789007e+21
1.898606381e+21
1.688212672e+21
2.136534379e+21
1.835949717e+21
1.818642868e+21
1.97740607e+21
2.048064284e+21
2.024952021e+21
1.919127654e+21
2.070559851e+21
1.96627966e+21
2.029820047e+21
2.011588284e+21
1.990724597e+21
1.972997644e+21
1.953224526e+21
1.93594798e+21
1.997157857e+21
2.058755765e+21
1.851081649e+21
2.46665001e+21
2.462975072e+21
2.255228372e+21
2.044912714e+21
2.449846926e+21
2.034137219e+21
1.217779585e+21
1.414185335e+21
2.014617734e+21
2.203780882e+21
2.19631888e+21
1.785440266e+21
1.778332289e+21
1.961611172e+21
1.757373582e+21
1.74331024e+21
1.927013413e+21
1.910244777e+21
1.899286887e+21
2.069696093e+21
2.243638117e+21
1.851137844e+21
2.022340283e+21
2.001195014e+21
1.986497228e+21
1.786165392e+21
2.126617046e+21
2.102466615e+21
1.911296152e+21
2.060586678e+21
1.872427526e+21
1.849838434e+21
1.999655623e+21
1.974954649e+21
1.9563004e+21
1.931648339e+21
1.912792017e+21
2.045640095e+21
2.025097737e+21
1.998790455e+21
1.978230254e+21
1.952243317e+21
1.931754079e+21
2.052779464e+21
1.88581449e+21
2.14690659e+21
1.69895789e+21
2.095223267e+21
2.072344596e+21
2.044467323e+21
2.156793503e+21
2.1277182e+21
1.709701425e+21
2.205595229e+21
2.052932503e+21
1.645509717e+21
1.752543957e+21
1.975937738e+21
2.198495706e+21
1.927980396e+21
1.787717598e+21
1.998987383e+21
1.97728112e+21
2.065741807e+21
1.816445655e+21
1.904462298e+21
1.994993964e+21
1.859440859e+21
1.839839532e+21
1.92272663e+21
2.008410174e+21
1.773853399e+21
2.168709323e+21
1.733258606e+21
2.018456862e+21
1.793755859e+21
2.26911673e+21
1.851226915e+21
2.025942343e+21
1.905888603e+21
1.793023134e+21
1.957948411e+21
1.84687852e+21
1.916349765e+21
1.898280705e+21
2.144395732e+21
1.947413003e+21
1.837896028e+21
2.081164918e+21
1.715196717e+21
2.039556394e+21
2.017697243e+21
1.916258952e+21
1.978787378e+21
1.961169288e+21
1.941458076e+21
1.924291012e+21
1.905661598e+21
1.888890945e+21
2.041201159e+21
2.039998869e+21
2.444370459e+21
2.238199044e+21
2.435399637e+21
1.823542865e+21
2.422622612e+21
2.014390803e+21
1.604114427e+21
1.999550034e+21
2.187363005e+21
1.783613745e+21
1.969123994e+21
1.765171523e+21
1.75245025e+21
1.744450777e+21
1.730561177e+21
2.10423704e+21
2.086016623e+21
1.885524395e+21
2.054792406e+21
2.041886803e+21
2.205504643e+21
1.642852296e+21
2.167672072e+21
1.972470143e+21
1.95100508e+21
2.111740214e+21
1.739886438e+21
2.070603483e+21
2.046412864e+21
1.690527179e+21
2.00426053e+21
1.986069698e+21
1.961635445e+21
1.943139977e+21
1.918749676e+21
2.058388251e+21
2.032114209e+21
1.856990452e+21
1.985702454e+21
2.116483878e+21
2.387177692e+21
1.919252422e+21
1.893904895e+21
1.873721701e+21
2.133236918e+21
1.96951964e+21
1.804399224e+21
1.921999616e+21
1.625336873e+21
1.875398971e+21
2.114506202e+21
1.568398922e+21
1.676236907e+21
2.167813581e+21
1.761242702e+21
1.990662983e+21
2.332160514e+21
1.942348171e+21
1.916329599e+21
2.132307226e+21
2.103854829e+21
1.734181366e+21
1.711157359e+21
2.031287142e+21
1.559043172e+21
2.093293754e+21
2.283333438e+21
1.828929738e+21
1.698986792e+21
1.996537798e+21
2.178311129e+21
1.745269968e+21
2.432555519e+21
2.006578275e+21
1.78321662e+21
2.353858467e+21
2.03408102e+21
1.918137952e+21
1.894702247e+21
1.782495305e+21
1.853763793e+21
2.019633023e+21
1.723649514e+21
1.976982035e+21
1.865300162e+21
1.935944679e+21
1.827052305e+21
1.896475839e+21
2.046058101e+21
2.027487257e+21
1.922146784e+21
1.98770348e+21
1.966992466e+21
1.949481912e+21
2.010242232e+21
1.912773584e+21
2.052040699e+21
1.877530274e+21
2.431054179e+21
2.02468935e+21
1.819533606e+21
2.019477242e+21
2.014317286e+21
2.011008381e+21
2.404554159e+21
2.399251416e+21
2.189270593e+21
1.389294235e+21
2.171187941e+21
1.573721713e+21
1.954641676e+21
2.141582816e+21
1.93293388e+21
2.116542561e+21
2.099774394e+21
2.278891327e+21
1.882712569e+21
1.684763927e+21
1.854638022e+21
2.027316287e+21
2.007379699e+21
1.993724777e+21
2.152439448e+21
2.136697926e+21
1.937420088e+21
2.097070079e+21
1.900673764e+21
2.05635544e+21
2.032432708e+21
2.014808045e+21
1.99070147e+21
1.972667137e+21
1.948494687e+21
1.930155436e+21
2.06485731e+21
2.044767822e+21
2.018766015e+21
2.152291775e+21
1.821032065e+21
1.802354243e+21
1.927083607e+21
1.906911537e+21
2.026568721e+21
1.861783013e+21
1.978424204e+21
1.817289379e+21
1.79308205e+21
2.04638957e+21
1.749829505e+21
1.730625146e+21
2.10145727e+21
1.558732552e+21
2.178575513e+21
1.901074126e+21
2.000605648e+21
1.854906922e+21
1.952056738e+21
2.413276587e+21
2.500074632e+21
1.766257364e+21
2.323651951e+21
1.838749905e+21
1.814384635e+21
1.794860502e+21
1.881919616e+21
1.971387333e+21
1.945603851e+21
1.71119865e+21
2.005689878e+21
2.193731799e+21
2.062421947e+21
2.0412229e+21
2.015271795e+21
1.795354812e+21
1.674311589e+21
1.95008797e+21
2.118505029e+21
2.002286278e+21
2.166193404e+21
2.238429957e+21
2.119384036e+21
2.099104458e+21
1.893954475e+21
1.786750678e+21
1.942687324e+21
1.837128336e+21
1.90282797e+21
1.971046972e+21
2.034023401e+21
2.01556012e+21
1.993880918e+21
1.975972522e+21
1.955337332e+21
2.018680219e+21
1.998276467e+21
1.980617923e+21
1.961310919e+21
2.099593623e+21
1.809705724e+21
1.607686324e+21
2.006659908e+21
1.804009454e+21
2.199296378e+21
1.996082913e+21
1.988961023e+21
2.183042102e+21
1.975568675e+21
1.970080835e+21
2.155250343e+21
2.343271167e+21
1.552296663e+21
2.319234473e+21
1.918907383e+21
1.910185634e+21
1.895127111e+21
1.50832723e+21
2.056166145e+21
1.672730292e+21
1.841472555e+21
1.09797395e+21
1.812044184e+21
1.799744151e+21
2.137419414e+21
2.121820349e+21
2.098934153e+21
2.082602364e+21
2.059258164e+21
2.042302141e+21
2.018642267e+21
2.001170621e+21
1.977324633e+21
1.959444252e+21
2.096822883e+21
2.077121882e+21
1.893462326e+21
1.875070579e+21
1.851315726e+21
1.985545292e+21
1.960034003e+21
1.939958922e+21
1.914745381e+21
1.748980009e+21
2.157549385e+21
1.707688155e+21
1.965985679e+21
1.805884071e+21
2.05604533e+21
2.033654344e+21
1.872783016e+21
1.852245161e+21
1.827497354e+21
1.807382038e+21
2.165312398e+21
2.141449072e+21
1.864228623e+21
1.966617887e+21
1.69778998e+21
1.799095426e+21
1.538424383e+21
2.223911119e+21
1.732389959e+21
1.942077273e+21
2.141849794e+21
1.895775363e+21
1.650747549e+21
1.850914937e+21
2.149111137e+21
1.807493755e+21
1.784079754e+21
1.8693561e+21
1.845363228e+21
1.927860932e+21
2.103729504e+21
1.884073869e+21
1.958339299e+21
1.938760363e+21
2.106212369e+21
2.085457743e+21
2.153626741e+21
2.132712803e+21
2.015471798e+21
1.905446471e+21
1.7932876e+21
2.042822129e+21
2.019173929e+21
1.82643542e+21
1.977719898e+21
1.874352514e+21
2.022129447e+21
2.00377249e+21
1.982182359e+21
1.964379218e+21
2.024811986e+21
2.08706348e+21
1.986452309e+21
2.047659733e+21
2.02763205e+21
2.087115783e+21
1.995913057e+21
1.795274528e+21
1.99183805e+21
2.188619948e+21
1.389236719e+21
2.179515098e+21
2.171779427e+21
1.379005989e+21
2.3533275e+21
1.56453567e+21
1.945040928e+21
2.132360839e+21
2.118937539e+21
2.110573195e+21
2.095591287e+21
1.896442314e+21
1.881565329e+21
1.871937278e+21
2.227155268e+21
1.845408158e+21
1.828492684e+21
2.180498522e+21
1.97931507e+21
2.144626663e+21
2.122607552e+21
1.931552811e+21
2.084519855e+21
2.068332906e+21
2.045247324e+21
2.028439622e+21
2.005037707e+21
1.822073521e+21
1.964126373e+21
2.108597241e+21
2.082962223e+21
1.904700085e+21
2.037822543e+21
2.018060661e+21
2.14586495e+21
1.972702258e+21
1.947447035e+21
1.779257329e+21
1.902564142e+21
2.172345966e+21
1.858088958e+21
2.121180358e+21
1.674602213e+21
1.932668802e+21
1.907088951e+21
2.021076648e+21
1.861277388e+21
2.235355907e+21
1.6866173e+21
1.924691144e+21
1.772408068e+21
2.003299618e+21
1.976560784e+21
2.076987602e+21
2.049292723e+21
1.788363005e+21
1.764569093e+21
1.978013746e+21
1.836974017e+21
2.157751296e+21
2.129267422e+21
1.995505116e+21
2.078716634e+21
1.731851413e+21
1.602440917e+21
2.114074231e+21
1.669380411e+21
1.858498272e+21
1.630819588e+21
1.916691061e+21
1.892369172e+21
2.168943505e+21
2.141735586e+21
2.120319954e+21
2.189246158e+21
2.07342277e+21
2.141205042e+21
1.751640752e+21
2.186009958e+21
2.07487136e+21
1.782930076e+21
1.942713793e+21
1.920210971e+21
1.815866259e+21
1.96625415e+21
2.03289086e+21
2.010373785e+21
1.992121933e+21
1.970620276e+21
2.034292875e+21
1.932436577e+21
1.995042603e+21
1.974767259e+21
1.95732701e+21
1.860594637e+21
2.074785378e+21
1.981260325e+21
2.178120066e+21
2.1749569e+21
1.975071012e+21
2.167113374e+21
1.966886904e+21
2.155936302e+21
1.955645907e+21
1.752168632e+21
2.135614413e+21
2.124066931e+21
2.116949151e+21
2.103689815e+21
2.095402723e+21
2.269747631e+21
2.071184874e+21
2.24183552e+21
1.858656671e+21
2.211445007e+21
1.832412745e+21
1.634125062e+21
1.984826259e+21
1.965574986e+21
1.952288339e+21
1.932332932e+21
2.092678204e+21
1.897777003e+21
1.711881383e+21
1.862140363e+21
2.014764022e+21
1.991615294e+21
1.974442214e+21
1.951103136e+21
1.933523248e+21
1.910107945e+21
2.049907756e+21
1.868832834e+21
2.004967004e+21
2.284330676e+21
1.8092532e+21
2.083868443e+21
2.209911808e+21
1.890536913e+21
2.01473256e+21
1.988484032e+21
2.107918452e+21
2.496306879e+21
2.057881858e+21
1.75996657e+21
2.008653575e+21
1.849912269e+21
1.960345818e+21
1.805351828e+21
1.913044217e+21
1.8875866e+21
2.240172145e+21
1.719159574e+21
1.943146737e+21
2.037129449e+21
1.777757872e+21
2.221932784e+21
1.966351442e+21
1.826193449e+21
1.919296289e+21
2.228244229e+21
1.873642042e+21
2.066628613e+21
1.937006626e+21
1.805578284e+21
1.996737306e+21
1.763473314e+21
1.950419506e+21
2.026782234e+21
2.106244603e+21
2.079542199e+21
1.960429876e+21
1.93585522e+21
2.012320181e+21
1.798134185e+21
1.780408736e+21
2.036363821e+21
1.924917375e+21
2.082907766e+21
1.79388124e+21
2.127229812e+21
1.843755639e+21
1.909166706e+21
1.805418717e+21
1.954920581e+21
1.936954823e+21
1.998754015e+21
1.980606074e+21
1.959192295e+21
1.941595994e+21
1.921186187e+21
2.062767382e+21
1.963218877e+21
1.868050338e+21
1.849658998e+21
1.986207225e+21
2.360185401e+21
1.965682164e+21
1.766557483e+21
2.15676973e+21
1.760213876e+21
2.14786754e+21
1.945747868e+21
2.329789403e+21
2.126088227e+21
2.120217538e+21
1.533680858e+21
2.292827609e+21
2.088659965e+21
2.080448781e+21
2.253627938e+21
1.869540536e+21
1.669514261e+21
2.030119496e+21
2.195954833e+21
2.001558988e+21
1.98338168e+21
1.971055965e+21
1.597110831e+21
2.115115976e+21
2.093591266e+21
1.732004394e+21
2.056277147e+21
2.040372685e+21
2.01778993e+21
2.001271588e+21
1.813507112e+21
1.96134398e+21
1.938251463e+21
2.080886419e+21
2.055783471e+21
2.19322532e+21
1.856756814e+21
1.83880815e+21
1.815767937e+21
2.097316584e+21
2.070655929e+21
1.9031403e+21
1.87866079e+21
1.859095252e+21
2.117255626e+21
2.094821347e+21
1.92959116e+21
2.726940356e+21
2.152859362e+21
1.996382293e+21
1.70735045e+21
1.818566926e+21
2.307187443e+21
1.521229922e+21
1.876301136e+21
2.350504715e+21
2.075154975e+21
2.535251261e+21
1.667737408e+21
2.002914813e+21
1.627610108e+21
2.069815609e+21
2.155952179e+21
1.908105048e+21
1.883010387e+21
2.191491839e+21
2.162821439e+21
2.032800855e+21
2.217572911e+21
1.985238085e+21
2.165899945e+21
1.735092406e+21
1.914415759e+21
2.193903886e+21
1.87073631e+21
2.046683678e+21
2.117286252e+21
1.90555361e+21
1.881977895e+21
2.142935911e+21
2.208820817e+21
2.005077346e+21
2.071026434e+21
1.962009159e+21
2.115083835e+21
1.920520751e+21
1.984532794e+21
2.051532236e+21
2.028226347e+21
1.925851348e+21
1.987267796e+21
1.969222588e+21
1.947896094e+21
1.930401422e+21
1.98965212e+21
2.050830234e+21
1.951804779e+21
2.166726806e+21
1.992088752e+21
1.974610004e+21
2.147850043e+21
1.951463885e+21
1.948657748e+21
1.946536125e+21
2.135858675e+21
1.938532663e+21
1.738581982e+21
1.927539859e+21
1.918962164e+21
2.296408454e+21
1.903430008e+21
2.086784583e+21
2.262374569e+21
2.065706766e+21
2.051257628e+21
2.042011225e+21
2.210424123e+21
1.466122297e+21
2.180680152e+21
1.987659715e+21
1.6115654e+21
2.135427737e+21
2.114901021e+21
2.100663109e+21
1.906097046e+21
1.892298575e+21
2.042440853e+21
2.026674151e+21
2.004335851e+21
1.987958663e+21
1.965302471e+21
1.948418385e+21
2.086031987e+21
1.908279095e+21
2.513794885e+21
1.867751555e+21
2.459781144e+21
1.82703036e+21
2.255275134e+21
2.084008818e+21
1.910637769e+21
2.036651124e+21
2.010543172e+21
2.131746387e+21
1.963879638e+21
1.804301191e+21
2.054739918e+21
2.303708416e+21
2.139767218e+21
1.984260036e+21
1.95813577e+21
1.678496266e+21
1.911146351e+21
1.764156972e+21
1.865149816e+21
1.844645479e+21
1.820210633e+21
1.920229226e+21
1.894805627e+21
1.991176589e+21
1.964858293e+21
1.829114908e+21
2.030633452e+21
2.008634359e+21
1.651888367e+21
1.960961901e+21
2.042869484e+21
1.914744714e+21
1.889890922e+21
1.869982629e+21
1.743337454e+21
2.131113386e+21
2.003698934e+21
2.181409754e+21
1.958004525e+21
1.744328373e+21
2.105269726e+21
2.084209644e+21
1.871305397e+21
1.852851908e+21
1.921760283e+21
1.993705067e+21
2.059279879e+21
1.950876735e+21
2.015447615e+21
2.083214504e+21
1.973248384e+21
1.954868777e+21
1.932640937e+21
1.998129858e+21
1.975912838e+21
1.957969208e+21
1.936729409e+21
1.999307498e+21
1.899073873e+21
1.960606202e+21
1.940522636e+21
1.923399916e+21
2.056689994e+21
2.114158766e+21
1.938565165e+21
2.1311948e+21
1.547741895e+21
2.125833224e+21
1.735009345e+21
2.309591892e+21
1.726170653e+21
2.105166386e+21
1.524251035e+21
2.280087654e+21
2.078947797e+21
1.88365671e+21
1.872032251e+21
1.864702003e+21
2.03689367e+21
2.21206957e+21
1.463364145e+21
2.183906319e+21
1.624212375e+21
1.97395215e+21
1.956188118e+21
1.944080744e+21
1.92547596e+21
1.738672015e+21
1.721131329e+21
2.050435635e+21
2.028789518e+21
2.013158327e+21
1.991059999e+21
1.974821689e+21
1.952405078e+21
1.935662039e+21
1.913049429e+21
1.895902607e+21
1.873204473e+21
2.010397877e+21
1.833066998e+21
1.815402486e+21
2.24102279e+21
1.775030457e+21
1.752623351e+21
2.457626284e+21
1.712631339e+21
1.694838672e+21
1.951804368e+21
2.207050027e+21
2.042215307e+21
2.155002572e+21
1.860979177e+21
1.709312892e+21
1.816634688e+21
1.925128939e+21
1.773121919e+21
2.004196385e+21
1.730521578e+21
1.956009988e+21
2.292070099e+21
1.670350499e+21
1.883756038e+21
1.979575148e+21
1.83855673e+21
1.932175316e+21
2.018922546e+21
1.775161961e+21
2.189876111e+21
1.733077095e+21
2.138098537e+21
1.798037633e+21
1.774732983e+21
1.756039571e+21
1.733440984e+21
2.119016243e+21
1.892735675e+21
1.971870111e+21
2.14163337e+21
2.216266169e+21
1.903080753e+21
2.166646685e+21
1.953790924e+21
2.02664059e+21
2.001922378e+21
1.982461061e+21
2.136694772e+21
1.939869929e+21
2.004069818e+21
1.985139447e+21
2.047399907e+21
2.028325906e+21
1.921690472e+21
1.986805533e+21
1.964686904e+21
1.946843715e+21
1.925690025e+21
1.987911592e+21
2.04555813e+21
2.105341276e+21
1.929370174e+21
2.065338808e+21
1.969077507e+21
1.876747269e+21
1.7322655e+21
1.923635594e+21
2.305075393e+21
1.918814013e+21
2.105492685e+21
2.293181162e+21
1.904372524e+21
1.900230232e+21
1.513486559e+21
1.886664336e+21
1.501331675e+21
2.057467572e+21
2.044831951e+21
2.222008086e+21
2.022729482e+21
2.19670692e+21
1.998224068e+21
2.168839981e+21
2.150759532e+21
1.960432354e+21
1.942869065e+21
1.930868133e+21
2.086331715e+21
2.072341935e+21
2.05152441e+21
2.036731226e+21
2.015319458e+21
1.999821582e+21
1.977958858e+21
1.961857201e+21
2.101315516e+21
1.923071638e+21
2.059083639e+21
2.040659427e+21
2.171421196e+21
2.304881778e+21
1.97323462e+21
2.104575299e+21
2.226949452e+21
1.763908779e+21
2.322291305e+21
1.867693213e+21
1.843911116e+21
2.105512711e+21
2.217001925e+21
2.604885656e+21
2.029842457e+21
2.008095548e+21
2.114054891e+21
2.221845452e+21
2.063779005e+21
2.168825418e+21
1.888535174e+21
2.116877158e+21
1.966122832e+21
2.06606778e+21
1.918903524e+21
2.253692116e+21
2.106938895e+21
2.083879179e+21
1.827958673e+21
1.582037679e+21
1.895826722e+21
2.095924562e+21
1.850771886e+21
2.153988791e+21
2.125947834e+21
1.787822659e+21
2.283708818e+21
1.746098285e+21
1.926439325e+21
2.006719678e+21
1.78302196e+21
1.862728564e+21
2.032798622e+21
2.203809916e+21
1.987021217e+21
2.060811744e+21
1.942835437e+21
2.10687637e+21
1.990699342e+21
1.971343171e+21
2.124711689e+21
2.016667837e+21
1.819531086e+21
1.973991621e+21
1.951060224e+21
1.848841968e+21
1.993944417e+21
1.975608844e+21
1.953587807e+21
1.93584394e+21
1.9945581e+21
1.897579066e+21
1.95569248e+21
2.170897723e+21
1.841611362e+21
1.82537069e+21
1.957770097e+21
2.164534267e+21
2.102220488e+21
2.292020364e+21
2.098040889e+21
2.095771669e+21
2.090631195e+21
2.277001999e+21
1.890969024e+21
2.264236286e+21
1.502873056e+21
2.060787905e+21
1.86356219e+21
1.857378014e+21
2.030628519e+21
2.206590726e+21
2.008760923e+21
1.817963487e+21
1.623692627e+21
1.974481757e+21
2.136105025e+21
1.947096495e+21
1.754300142e+21
1.743485367e+21
2.072334569e+21
1.886926984e+21
2.037875295e+21
1.854608059e+21
2.002027086e+21
1.98666038e+21
1.965029e+21
2.27390546e+21
1.927111552e+21
2.069864297e+21
1.888494359e+21
2.183562598e+21
2.003499641e+21
1.984893349e+21
1.960805241e+21
2.091349379e+21
1.770441414e+21
2.045079868e+21
2.019439881e+21
1.856169139e+21
1.832611814e+21
1.953127418e+21
2.06581489e+21
2.04402098e+21
2.017618628e+21
1.729886693e+21
2.232768389e+21
2.078678139e+21
1.923328807e+21
2.029168697e+21
2.002590979e+21
2.352025037e+21
2.076807521e+21
2.174841721e+21
2.146245057e+21
1.65099281e+21
1.978416456e+21
2.302086076e+21
2.04466736e+21
1.68533265e+21
2.328551564e+21
1.974298702e+21
2.165023101e+21
1.820505688e+21
2.008237732e+21
2.196010883e+21
2.16763031e+21
1.838402391e+21
1.613158904e+21
1.895683693e+21
1.871541131e+21
1.949788048e+21
2.117698246e+21
2.191492897e+21
1.975932797e+21
2.142459093e+21
1.840002024e+21
2.00403232e+21
1.979601439e+21
1.960349286e+21
1.848754482e+21
2.005416795e+21
1.981695306e+21
1.9629683e+21
2.024506664e+21
1.92207043e+21
1.982773196e+21
1.964537647e+21
1.94261341e+21
2.085381747e+21
2.062649927e+21
2.12274553e+21
2.022413905e+21
1.927338441e+21
1.983743265e+21
1.966254083e+21
2.021460727e+21
1.929544506e+21
2.277205568e+21
2.086248801e+21
2.083305923e+21
2.270244524e+21
1.509802206e+21
2.072628741e+21
2.253303457e+21
2.06105201e+21
1.492407374e+21
1.674366087e+21
2.220769769e+21
1.84451172e+21
2.016621041e+21
1.643539378e+21
1.813621791e+21
1.986061923e+21
1.791808386e+21
2.139322456e+21
2.121648868e+21
1.933940845e+21
1.568264531e+21
2.078153965e+21
1.886980318e+21
2.044774256e+21
2.024406598e+21
2.009864731e+21
1.988908909e+21
1.973671278e+21
1.952267088e+21
2.097801625e+21
1.914708967e+21
1.898375889e+21
1.8764517e+21
2.014694498e+21
1.837699932e+21
2.124103934e+21
1.798644432e+21
2.078288654e+21
2.199326471e+21
1.887251549e+21
1.720310835e+21
1.844786406e+21
1.961561701e+21
2.079916859e+21
1.916453384e+21
1.760809741e+21
2.005541143e+21
1.984094956e+21
1.827834021e+21
2.066355471e+21
2.166933164e+21
1.63900104e+21
1.617592405e+21
2.215222897e+21
1.821839257e+21
2.042106339e+21
2.015319842e+21
2.11047589e+21
1.967077656e+21
2.174458386e+21
1.920070234e+21
1.564019792e+21
2.094841306e+21
1.635927387e+21
1.722245557e+21
2.236176407e+21
1.891850476e+21
2.079690585e+21
2.052851603e+21
1.929673094e+21
2.205712803e+21
1.885103133e+21
2.057028328e+21
2.229771166e+21
2.010206096e+21
1.895054602e+21
2.152107203e+21
2.130566688e+21
1.829799008e+21
1.992916292e+21
1.96862659e+21
2.038089951e+21
2.101144275e+21
1.907582309e+21
1.885011997e+21
2.036939906e+21
2.013250962e+21
1.994484373e+21
1.971726453e+21
1.953589844e+21
1.931761623e+21
1.993972001e+21
1.893314272e+21
1.876310627e+21
1.933689505e+21
1.839838715e+21
1.972535643e+21
2.10554626e+21
1.861096586e+21
1.992389937e+21
1.884420744e+21
1.883350133e+21
2.068776486e+21
2.254416507e+21
1.686705421e+21
2.24531904e+21
1.864720193e+21
1.674617912e+21
2.037868861e+21
2.217060195e+21
1.837898692e+21
2.015004698e+21
2.002805489e+21
1.995023304e+21
2.161521497e+21
2.151873151e+21
1.957648317e+21
2.124862953e+21
1.756155883e+21
2.095594663e+21
2.077067285e+21
2.064312364e+21
2.044896254e+21
2.031263641e+21
2.011114767e+21
1.996695538e+21
1.975961525e+21
1.960850923e+21
1.939669872e+21
1.923965335e+21
1.902465003e+21
2.043453046e+21
2.019941795e+21
1.847961459e+21
1.978342487e+21
1.960027831e+21
2.08536504e+21
2.065390049e+21
1.894334322e+21
2.019925281e+21
1.852286746e+21
1.833542427e+21
1.949686983e+21
2.342997678e+21
1.904952581e+21
1.884898098e+21
1.993607389e+21
2.103795756e+21
2.33620259e+21
2.18256417e+21
2.15424405e+21
2.005435015e+21
1.855604106e+21
1.957655664e+21
2.052833967e+21
1.910901495e+21
1.88589601e+21
1.748655699e+21
2.070919151e+21
1.706903377e+21
1.684579809e+21
1.99949642e+21
1.973399225e+21
1.843605673e+21
2.140727877e+21
1.905972956e+21
1.77676389e+21
1.964669812e+21
1.939350986e+21
2.019927652e+21
1.994063232e+21
1.97330529e+21
2.045638734e+21
2.217424343e+21
1.999097112e+21
1.978809302e+21
1.954123127e+21
1.934561617e+21
2.092664799e+21
1.981922901e+21
2.046762429e+21
2.114973084e+21
2.089555545e+21
1.983287174e+21
1.789396195e+21
2.025690702e+21
2.002119726e+21
1.98345342e+21
1.960802119e+21
2.023711856e+21
1.921030402e+21
2.062209477e+21
2.039659836e+21
2.021342047e+21
1.999787547e+21
1.90578013e+21
1.886013413e+21
1.944170825e+21
2.146684694e+21
1.981150374e+21
2.058489338e+21
2.057323413e+21
2.05444831e+21
1.679105749e+21
2.23339572e+21
2.229805911e+21
2.037053883e+21
1.47829485e+21
1.839884108e+21
2.201844044e+21
2.190396232e+21
2.001237242e+21
2.170012304e+21
1.981463134e+21
1.789081201e+21
1.959221455e+21
2.121258321e+21
1.934714466e+21
2.093315708e+21
2.081624459e+21
2.063300149e+21
2.050653928e+21
2.031447773e+21
1.849769529e+21
1.831496645e+21
1.983697799e+21
1.963181621e+21
1.948196047e+21
1.927234183e+21
2.070962726e+21
1.890376636e+21
2.030498572e+21
1.852821346e+21
2.142411399e+21
1.814768629e+21
1.947827243e+21
1.924439191e+21
1.906032665e+21
1.882729647e+21
2.581172513e+21
1.982660223e+21
1.962621966e+21
2.214805911e+21
1.917940126e+21
2.164101703e+21
2.007508732e+21
1.849693829e+21
1.829950541e+21
2.193468085e+21
1.914509344e+21
1.889737659e+21
2.118386108e+21
1.967872877e+21
2.311298069e+21
1.800929605e+21
1.781200868e+21
2.10953746e+21
1.738696245e+21
1.830386401e+21
1.697239754e+21
2.12177836e+21
2.098696159e+21
2.180374856e+21
1.941117185e+21
1.5965877e+21
2.105936867e+21
1.870825828e+21
1.95375618e+21
1.827107229e+21
2.10918294e+21
2.08220868e+21
1.962413081e+21
1.937499592e+21
1.725819263e+21
1.988110237e+21
2.061643237e+21
2.035940602e+21
1.923941118e+21
1.990701584e+21
2.150236504e+21
2.035539678e+21
2.103372285e+21
1.991506699e+21
1.972404508e+21
2.033796379e+21
2.014565065e+21
1.908147948e+21
1.972543815e+21
1.94999817e+21
2.012558599e+21
2.069619229e+21
1.971937874e+21
1.95034222e+21
2.010139805e+21
1.912176121e+21
1.895180825e+21
2.025515154e+21
1.933314173e+21
1.987418026e+21
1.89707258e+21
1.672620398e+21
1.857417665e+21
2.225800624e+21
1.852844565e+21
1.848386915e+21
2.029963535e+21
2.023109124e+21
2.018748545e+21
1.827333748e+21
2.186835333e+21
1.631639184e+21
1.98765664e+21
1.975734598e+21
1.968086056e+21
2.132469938e+21
2.122987031e+21
2.107092069e+21
1.9218123e+21
2.079431024e+21
2.067839284e+21
2.049714313e+21
1.867410457e+21
2.018175028e+21
2.004771046e+21
1.985047946e+21
1.970868186e+21
1.950565967e+21
1.935703466e+21
1.914956935e+21
1.899506925e+21
2.034977664e+21
1.862499058e+21
2.148099284e+21
1.824888739e+21
1.953809276e+21
2.084683574e+21
1.765490856e+21
2.040067269e+21
1.727322726e+21
1.710327412e+21
1.829932239e+21
2.368833238e+21
1.926363703e+21
1.906491093e+21
2.016814467e+21
1.862584399e+21
1.838816872e+21
2.209037597e+21
2.052398715e+21
2.030248753e+21
2.254559813e+21
1.734468842e+21
2.078851531e+21
2.298034044e+21
2.148784489e+21
1.771048647e+21
1.747982535e+21
2.420389435e+21
2.047582483e+21
2.025221924e+21
1.665702908e+21
2.306624341e+21
2.059809885e+21
2.144781281e+21
2.11697187e+21
1.884831313e+21
2.06720864e+21
1.942963127e+21
1.716099571e+21
1.897802445e+21
1.873560925e+21
1.951640457e+21
2.119578247e+21
2.097782654e+21
1.883089016e+21
1.770776461e+21
2.02482726e+21
1.913436594e+21
1.979843548e+21
1.871191637e+21
2.11245843e+21
2.091898054e+21
1.894527618e+21
2.046929343e+21
2.022691151e+21
2.00356097e+21
1.980222482e+21
1.961753565e+21
1.939312627e+21
1.921466501e+21
1.899921711e+21
1.882658324e+21
1.939592871e+21
1.999061044e+21
1.901597947e+21
2.035474668e+21
1.790455341e+21
2.070468722e+21
1.903126658e+21
1.959047436e+21
1.845756548e+21
2.029189144e+21
1.842162941e+21
1.840191291e+21
2.20294193e+21
1.649560484e+21
2.009353985e+21
1.822755157e+21
1.451962757e+21
1.99102736e+21
2.160842324e+21
2.153737216e+21
2.140878259e+21
1.777171261e+21
2.118235051e+21
2.108832851e+21
2.093113772e+21
2.082633904e+21
2.065729316e+21
2.054235488e+21
2.036306219e+21
2.023872196e+21
2.005074595e+21
1.991782215e+21
1.972266301e+21
1.958203458e+21
1.938111417e+21
2.083650919e+21
1.902835118e+21
1.887509443e+21
1.866654981e+21
2.159312835e+21
1.82977875e+21
2.115828276e+21
1.792402559e+21
1.923876133e+21
2.047161208e+21
1.882806076e+21
2.146086548e+21
1.699999407e+21
1.958875813e+21
1.80061811e+21
1.914910074e+21
2.030547791e+21
2.272248822e+21
1.851624498e+21
1.828067089e+21
2.19614467e+21
2.295558612e+21
2.018491963e+21
2.117052972e+21
2.094036122e+21
2.066975392e+21
2.044403348e+21
2.136593372e+21
1.995813032e+21
1.969880136e+21
2.062936617e+21
1.696758563e+21
1.678237097e+21
1.987706665e+21
2.075326349e+21
1.940581578e+21
1.706319062e+21
2.105290493e+21
2.186841305e+21
2.055848167e+21
1.932288666e+21
1.807096168e+21
1.986749011e+21
1.961401779e+21
2.038034732e+21
2.203853807e+21
2.181190881e+21
1.872852233e+21
2.131916845e+21
1.830758713e+21
1.812424908e+21
1.700589229e+21
1.772416896e+21
1.750834251e+21
1.82047979e+21
1.969896211e+21
1.950993577e+21
2.011706541e+21
1.992676437e+21
1.969452501e+21
1.951080723e+21
2.089472184e+21
1.910992202e+21
1.889540376e+21
1.950385395e+21
2.006119818e+21
1.988103733e+21
1.891136167e+21
1.874332021e+21
1.854753431e+21
1.985497551e+21
2.038143667e+21
1.948179886e+21
2.199862401e+21
2.015408606e+21
2.012630369e+21
1.644938699e+21
2.005689004e+21
1.638394941e+21
1.81434966e+21
1.991497975e+21
1.983013748e+21
1.797852907e+21
1.967498897e+21
2.139317442e+21
2.12660264e+21
1.765333221e+21
2.104188947e+21
1.920293976e+21
2.079319716e+21
2.068928099e+21
2.052206992e+21
2.040809514e+21
2.023072401e+21
1.843180128e+21
1.992143141e+21
1.978960609e+21
1.959648203e+21
2.107842162e+21
2.086299481e+21
1.911192863e+21
1.8908658e+21
1.875662564e+21
1.855016017e+21
1.992602255e+21
1.970010304e+21
2.252981328e+21
1.929877078e+21
1.765033949e+21
1.744059234e+21
2.159312046e+21
1.990965101e+21
2.253060516e+21
1.947196323e+21
1.927589499e+21
1.631650149e+21
2.01856956e+21
1.860297361e+21
1.972278026e+21
2.33671148e+21
2.311836742e+21
1.775140169e+21
2.132299962e+21
1.981119697e+21
2.204544546e+21
2.055234175e+21
1.913227392e+21
2.242569796e+21
1.984565807e+21
2.074064381e+21
1.709487136e+21
2.1372529e+21
1.780154079e+21
1.976693253e+21
1.520720922e+21
1.929883584e+21
2.12114731e+21
1.674989859e+21
1.657025373e+21
1.942381282e+21
2.124018312e+21
2.196643922e+21
1.877133841e+21
2.145826214e+21
2.02696848e+21
1.715412252e+21
2.263695417e+21
2.142135067e+21
2.120388233e+21
2.094004287e+21
2.073031564e+21
2.047500758e+21
2.115421085e+21
2.00259791e+21
2.069321101e+21
2.044451368e+21
2.024829377e+21
2.000840594e+21
1.981909528e+21
1.958799037e+21
1.940523383e+21
1.99821777e+21
2.059017435e+21
2.035877862e+21
1.939784866e+21
1.9951836e+21
1.977265886e+21
1.880788869e+21
2.013204992e+21
1.918344947e+21
1.974592805e+21
1.954502938e+21
1.865675494e+21
2.002934969e+21
2.183797066e+21
1.635600122e+21
2.178475463e+21
1.629980611e+21
2.169839381e+21
1.441743497e+21
1.798315206e+21
1.969758318e+21
1.785843555e+21
1.776729425e+21
1.947998682e+21
2.112516144e+21
2.104382217e+21
1.916133906e+21
1.734236038e+21
1.89356409e+21
2.055401511e+21
1.868955506e+21
2.027557899e+21
2.010009484e+21
1.997780991e+21
1.979377417e+21
1.966303019e+21
1.947190534e+21
1.933356105e+21
1.913673442e+21
1.899168868e+21
2.035633298e+21
2.174624049e+21
1.997148071e+21
1.827953126e+21
1.957910772e+21
1.791340077e+21
2.065677923e+21
1.900506889e+21
2.022460262e+21
2.146313935e+21
1.696337301e+21
1.819689228e+21
1.935655283e+21
1.779317696e+21
2.162750417e+21
1.872949698e+21
1.717354574e+21
1.96080765e+21
2.194141704e+21
1.787721846e+21
2.143170438e+21
2.120093583e+21
1.969848673e+21
1.826681965e+21
1.923412324e+21
2.140237839e+21
1.760517899e+21
2.205614595e+21
2.177087191e+21
1.699967639e+21
1.789819775e+21
1.991586293e+21
2.075012392e+21
2.052471271e+21
1.812674956e+21
2.215000805e+21
1.561732697e+21
1.853983869e+21
1.830147967e+21
1.911287787e+21
1.787518693e+21
1.965228893e+21
1.940215472e+21
1.824019684e+21
1.895744471e+21
1.876248697e+21
2.037979865e+21
1.833898813e+21
1.901648758e+21
1.792952545e+21
1.947968686e+21
1.841056997e+21
1.905250682e+21
2.058214392e+21
1.948749693e+21
1.930042497e+21
1.907170924e+21
1.971258345e+21
1.94826021e+21
1.93007968e+21
2.066942894e+21
1.96914843e+21
2.024873903e+21
1.852126985e+21
1.831722435e+21
1.890909193e+21
1.945376352e+21
1.85393694e+21
1.76110353e+21
1.963807186e+21
1.87178063e+21
1.712713364e+21
2.170376474e+21
2.169165295e+21
2.166201659e+21
1.983572334e+21
1.978888309e+21
1.975735986e+21
1.253119886e+21
1.786339366e+21
2.134558824e+21
2.128792294e+21
1.58848285e+21
2.111049502e+21
2.098615035e+21
1.916336456e+21
2.076648268e+21
2.067480515e+21
1.881247446e+21
1.701708873e+21
2.025686586e+21
2.014477266e+21
1.997114179e+21
1.984986042e+21
1.966774258e+21
1.953806318e+21
1.934890254e+21
1.921167401e+21
2.06015779e+21
2.044569824e+21
2.022987733e+21
2.006776866e+21
1.984848834e+21
1.968114253e+21
2.09564811e+21
1.928798771e+21
2.199835474e+21
2.179654478e+21
2.297522262e+21
2.133471373e+21
1.967296792e+21
2.226333971e+21
1.924250244e+21
2.177052748e+21
1.881352067e+21
1.729027831e+21
1.707406767e+21
1.81950526e+21
2.053210131e+21
1.777467453e+21
2.005604137e+21
1.984024621e+21
2.448381462e+21
2.058542952e+21
2.62983783e+21
1.891760983e+21
1.984123007e+21
1.962447416e+21
2.165019486e+21
2.028664291e+21
1.779957531e+21
1.870586812e+21
1.955028552e+21
1.933798236e+21
2.014884124e+21
2.098028521e+21
1.967456894e+21
1.843924549e+21
1.921378593e+21
2.201108808e+21
1.9754313e+21
2.052374855e+21
1.929793031e+21
1.90970727e+21
2.074143932e+21
1.772883816e+21
2.211358743e+21
1.915292273e+21
1.891490262e+21
2.050878296e+21
1.937570593e+21
2.005629194e+21
1.98122275e+21
2.047226272e+21
2.022621682e+21
2.003201525e+21
1.979457083e+21
2.124114453e+21
2.01857727e+21
1.91974779e+21
1.976787942e+21
1.880243448e+21
1.936527171e+21
2.149196871e+21
1.897754821e+21
2.106397844e+21
2.009264709e+21
1.843904942e+21
1.970473824e+21
2.025477226e+21
1.789961697e+21
1.774341509e+21
2.155927949e+21
1.616046217e+21
1.972480862e+21
1.970386496e+21
2.144459748e+21
1.605787189e+21
1.956154337e+21
1.774521977e+21
2.12047863e+21
2.114759792e+21
2.104064177e+21
1.922427681e+21
2.084895679e+21
2.076896187e+21
2.06314652e+21
1.88288325e+21
2.039007265e+21
2.028872105e+21
2.012681773e+21
2.00156433e+21
1.984383279e+21
1.972353944e+21
1.954330578e+21
1.941467458e+21
1.922744399e+21
1.90913142e+21
2.362305098e+21
1.875569123e+21
2.165152026e+21
1.994414192e+21
1.82095399e+21
2.106563395e+21
1.934152178e+21
1.917122232e+21
2.186605666e+21
1.877698563e+21
2.141087455e+21
1.979396146e+21
1.815981527e+21
1.936556191e+21
1.776337473e+21
1.893785747e+21
2.004027772e+21
2.115699242e+21
1.828156122e+21
1.938262552e+21
1.913888688e+21
2.019805746e+21
2.24351664e+21
1.849495881e+21
1.947687035e+21
2.167388226e+21
1.901927012e+21
2.116358337e+21
1.624918969e+21
1.951572081e+21
2.039764573e+21
2.129574726e+21
1.880841087e+21
2.07920847e+21
1.836352577e+21
2.030114105e+21
2.109428662e+21
2.295322792e+21
2.059826296e+21
2.1396361e+21
1.911046658e+21
2.089763597e+21
1.964845403e+21
1.944169983e+21
1.727533769e+21
1.899504025e+21
1.875534616e+21
1.76343321e+21
1.83299439e+21
1.814381359e+21
2.150216824e+21
2.039978272e+21
1.927282918e+21
1.908238865e+21
1.713656849e+21
1.951506735e+21
1.928052362e+21
1.99255994e+21
1.968935815e+21
2.031558102e+21
1.927519143e+21
1.909525925e+21
1.887594698e+21
2.026063633e+21
1.926172143e+21
1.985010105e+21
1.887575817e+21
2.020274906e+21
1.924431999e+21
1.833980929e+21
2.25016667e+21
1.798690378e+21
1.922660349e+21
1.835300748e+21
2.141670524e+21
2.140482186e+21
1.959451311e+21
2.13531797e+21
1.952794409e+21
1.595204468e+21
1.943291691e+21
1.762859914e+21
2.106582974e+21
2.100911077e+21
2.090332817e+21
1.736265716e+21
2.071354534e+21
1.891468955e+21
1.87900094e+21
1.870734841e+21
2.025914907e+21
1.847874022e+21
1.999842875e+21
1.823081227e+21
1.971813662e+21
1.959881606e+21
1.94204337e+21
2.090057088e+21
1.910750078e+21
2.055349085e+21
1.878150565e+21
1.863987836e+21
1.844457372e+21
1.982202904e+21
1.809876269e+21
2.09377628e+21
1.774604127e+21
2.052169772e+21
2.028631766e+21
1.722921665e+21
1.986506627e+21
1.967692404e+21
1.944184602e+21
2.337748699e+21
1.901838667e+21
1.882779769e+21
2.1252868e+21
2.234975555e+21
2.337027134e+21
2.055662195e+21
1.903017791e+21
2.38491743e+21
1.611185887e+21
1.839087172e+21
2.178891187e+21
2.03554181e+21
1.536732727e+21
2.104617303e+21
2.30850615e+21
2.054982301e+21
2.141281026e+21
2.006441786e+21
1.870590266e+21
2.176721862e+21
1.826398397e+21
2.125386507e+21
1.99314821e+21
2.179178663e+21
1.946327144e+21
2.229492067e+21
1.800781811e+21
1.880628661e+21
2.052090974e+21
2.030499317e+21
1.718352451e+21
1.88940923e+21
2.145428981e+21
2.031043272e+21
2.005622965e+21
1.895016474e+21
1.782376595e+21
1.940967695e+21
1.917103913e+21
1.898157465e+21
1.960299076e+21
2.025598286e+21
1.917867692e+21
1.982030819e+21
1.958525802e+21
2.020813331e+21
1.917313339e+21
1.899412338e+21
1.955812885e+21
1.937800188e+21
1.992564358e+21
1.898510526e+21
1.952605642e+21
2.009496706e+21
1.987748344e+21
1.897129695e+21
1.949285873e+21
1.860584932e+21
1.841450457e+21
2.036016871e+21
1.950300396e+21
1.594817417e+21
2.123555748e+21
1.944533837e+21
1.940003827e+21
1.408675841e+21
1.930597096e+21
1.926485149e+21
2.09286825e+21
1.913305681e+21
2.076779518e+21
1.725017557e+21
1.886489138e+21
1.708432423e+21
2.03666297e+21
2.027718754e+21
1.845240473e+21
2.003018811e+21
1.987166737e+21
1.976228807e+21
1.959402281e+21
2.109863184e+21
2.090735507e+21
2.0770224e+21
1.898904474e+21
2.04263181e+21
1.86660087e+21
2.006927754e+21
1.83320904e+21
2.121689489e+21
1.948843557e+21
1.783837258e+21
1.763966102e+21
1.74848142e+21
2.160617762e+21
1.855431198e+21
1.974804477e+21
2.375296162e+21
1.794771608e+21
2.32412553e+21
2.025886622e+21
2.005608191e+21
2.113085695e+21
1.830021635e+21
2.065529857e+21
1.916230003e+21
1.766118377e+21
1.997026474e+21
1.725399362e+21
2.072634293e+21
2.046394662e+21
2.024232921e+21
2.233588221e+21
1.627893418e+21
1.951464017e+21
2.043719e+21
1.905436896e+21
2.106373897e+21
1.751012307e+21
2.056685719e+21
2.030263498e+21
1.796845202e+21
2.086794916e+21
2.064280048e+21
1.834040419e+21
1.915190561e+21
2.189246157e+21
2.264442448e+21
1.65240881e+21
2.115913374e+21
1.899186899e+21
1.785450105e+21
2.041326226e+21
2.203997151e+21
2.085749201e+21
1.795274963e+21
2.038956238e+21
1.930760325e+21
1.907031864e+21
1.974008483e+21
1.950002099e+21
2.01495476e+21
1.907790056e+21
1.971612389e+21
1.948225287e+21
1.929774355e+21
1.907215041e+21
2.046855761e+21
1.867671739e+21
1.850468548e+21
1.982022427e+21
2.039542129e+21
2.091646946e+21
1.850771203e+21
1.977162049e+21
1.959605958e+21
1.867052157e+21
2.064174655e+21
2.042891232e+21
1.885425049e+21
2.113714006e+21
2.112547736e+21
2.109711154e+21
1.931860252e+21
1.927379709e+21
1.924330277e+21
2.092437033e+21
2.087987613e+21
2.079330948e+21
2.07375075e+21
2.063400842e+21
2.056697038e+21
1.874393736e+21
1.867238577e+21
2.023674535e+21
2.014802534e+21
2.000228188e+21
1.99033768e+21
1.974650284e+21
1.963800053e+21
1.947146167e+21
1.935404238e+21
1.917926707e+21
1.905368572e+21
2.044471907e+21
1.873911639e+21
2.00979172e+21
2.301561377e+21
1.973938493e+21
1.807590925e+21
2.086140362e+21
2.068662181e+21
2.045697334e+21
1.738085292e+21
2.004663819e+21
1.702610213e+21
1.823008005e+21
1.944695277e+21
1.784351363e+21
2.310660219e+21
1.87994313e+21
2.127025349e+21
1.707081904e+21
1.81959534e+21
1.92547142e+21
2.286480602e+21
1.756199495e+21
1.985828435e+21
1.96089582e+21
2.061099623e+21
1.795653789e+21
1.894634349e+21
1.870584211e+21
2.081521764e+21
2.054980911e+21
2.145499521e+21
1.895104064e+21
1.984700868e+21
1.959268468e+21
2.045606338e+21
2.019376231e+21
2.207737648e+21
1.868093291e+21
2.053270546e+21
1.82429661e+21
1.905019883e+21
1.979691545e+21
1.762796759e+21
2.030445556e+21
2.009085188e+21
1.794739484e+21
2.056491957e+21
2.030616559e+21
2.009730582e+21
1.713987003e+21
2.053752656e+21
2.116478736e+21
1.833357037e+21
1.983295326e+21
1.963688658e+21
2.024152416e+21
1.920904898e+21
1.98033159e+21
1.961302915e+21
1.938032553e+21
1.919674744e+21
1.897222558e+21
2.114441088e+21
2.012689403e+21
1.917450041e+21
1.895761015e+21
1.953666096e+21
2.006298285e+21
1.988281675e+21
1.966687916e+21
2.021420405e+21
1.714265539e+21
1.982399484e+21
1.96190678e+21
2.083729858e+21
1.925007033e+21
2.098852159e+21
2.09604591e+21
1.744864362e+21
2.089002355e+21
1.911894118e+21
2.078944424e+21
1.901653218e+21
2.065967648e+21
1.888729552e+21
2.050193434e+21
1.873248149e+21
2.031766306e+21
2.024023316e+21
2.010850714e+21
1.835212336e+21
1.987627553e+21
1.977816108e+21
1.962290518e+21
1.951526654e+21
1.935042424e+21
1.923393408e+21
1.906091603e+21
2.051434761e+21
1.875648487e+21
2.172868505e+21
1.997582656e+21
1.830086515e+21
1.811118999e+21
1.79672313e+21
1.925557076e+21
1.909449017e+21
1.888323821e+21
1.72781206e+21
1.708192269e+21
2.25684403e+21
2.091223898e+21
2.071496919e+21
1.910516909e+21
1.756797087e+21
2.002696436e+21
2.37923516e+21
1.958530301e+21
2.067756773e+21
1.914632029e+21
1.768379871e+21
2.120618133e+21
2.098177484e+21
2.193782018e+21
1.808552319e+21
1.904826807e+21
1.648695978e+21
1.744092111e+21
1.955153983e+21
2.043828187e+21
1.796941142e+21
2.217509052e+21
1.974006138e+21
1.840497438e+21
1.927559073e+21
2.114321166e+21
1.986829812e+21
2.064641724e+21
2.348734534e+21
1.814655787e+21
2.094425779e+21
1.772343177e+21
2.045773156e+21
1.923612557e+21
1.998546614e+21
2.161213986e+21
1.673782667e+21
2.02001868e+21
1.9083665e+21
2.153757234e+21
1.687738435e+21
1.930011194e+21
1.910664312e+21
1.972983871e+21
1.953476172e+21
1.929729297e+21
1.993999777e+21
2.052118698e+21
1.951100695e+21
1.927945917e+21
1.909680297e+21
2.044612091e+21
2.025513003e+21
1.925171821e+21
1.98373179e+21
1.885836252e+21
2.018184485e+21
1.995763116e+21
1.977841259e+21
2.028780624e+21
2.082583496e+21
2.060444352e+21
2.042340369e+21
2.021174572e+21
1.796306925e+21
2.08647795e+21
2.085333013e+21
1.909010176e+21
1.733638461e+21
1.902618031e+21
1.899617666e+21
1.893489317e+21
2.061246298e+21
2.052775015e+21
2.047283711e+21
1.867391191e+21
1.861343928e+21
1.850662345e+21
1.843621146e+21
1.998188395e+21
1.98945753e+21
1.975184681e+21
1.965451102e+21
1.950084514e+21
1.939405715e+21
2.083345582e+21
1.911530734e+21
1.894401668e+21
1.882039304e+21
2.174938274e+21
1.851144943e+21
1.832788645e+21
2.12223487e+21
2.100317825e+21
1.934817339e+21
2.06136138e+21
2.044143411e+21
2.02160438e+21
2.147074447e+21
1.839737354e+21
2.103465103e+21
2.079118804e+21
1.784927385e+21
1.763869697e+21
2.149828065e+21
2.389559162e+21
1.971435053e+21
1.817645109e+21
1.542081556e+21
1.776986395e+21
2.009711586e+21
1.98479115e+21
1.963804928e+21
1.575665724e+21
1.918504659e+21
2.249605793e+21
1.87392738e+21
1.965897721e+21
2.058927612e+21
1.919862761e+21
1.898954701e+21
1.985051638e+21
1.96342605e+21
2.261428864e+21
1.917285981e+21
1.997948278e+21
2.392357839e+21
1.95105355e+21
1.930020122e+21
1.704832086e+21
2.083420158e+21
2.056905892e+21
2.228878975e+21
1.626537334e+21
1.988118023e+21
1.963013246e+21
2.035088745e+21
2.192215471e+21
1.988860535e+21
1.964045566e+21
2.120829765e+21
1.920021378e+21
1.987171111e+21
1.962779082e+21
1.94336936e+21
1.91975015e+21
1.983684884e+21
1.959842851e+21
1.941004065e+21
1.917963731e+21
2.058105161e+21
1.877548459e+21
2.09250796e+21
1.991777192e+21
1.897522874e+21
1.951055459e+21
1.933314286e+21
1.838275936e+21
1.967509914e+21
2.09022235e+21
2.000231774e+21
1.696220589e+21
1.961540514e+21
2.010488468e+21
1.924263387e+21
1.900361327e+21
1.899321337e+21
1.896803072e+21
2.067067302e+21
2.062335556e+21
1.887497864e+21
1.881435036e+21
1.877453296e+21
2.039749801e+21
1.864776771e+21
2.024279434e+21
2.0177346e+21
1.839020577e+21
1.998583706e+21
1.985684548e+21
1.977022652e+21
1.962896629e+21
1.953239743e+21
2.099531873e+21
1.927434413e+21
2.07055423e+21
2.058131282e+21
2.039758766e+21
2.026469898e+21
2.007368179e+21
1.839967793e+21
1.821788486e+21
2.109522938e+21
2.236943734e+21
1.923322837e+21
1.902820518e+21
2.177250748e+21
2.009769472e+21
1.849927808e+21
2.110452129e+21
1.951862935e+21
1.929342842e+21
2.047703711e+21
1.753804182e+21
2.538382633e+21
2.112033231e+21
1.960301331e+21
1.678341226e+21
1.789017304e+21
2.019536311e+21
1.873634186e+21
1.727100249e+21
1.586792472e+21
2.049191839e+21
1.908003085e+21
2.001852395e+21
2.096710545e+21
2.070289902e+21
2.502883144e+21
1.909555228e+21
1.888769874e+21
2.084151577e+21
1.952958768e+21
1.606736248e+21
2.013073023e+21
2.09200414e+21
2.069339491e+21
1.940806246e+21
1.919888775e+21
1.795676636e+21
1.579070168e+21
1.753877904e+21
1.92806211e+21
2.094002193e+21
2.071978544e+21
2.231829127e+21
1.93252819e+21
1.999151358e+21
1.888651434e+21
1.865104669e+21
1.93406892e+21
1.996958738e+21
2.062889805e+21
2.037578414e+21
1.93336659e+21
1.992911668e+21
1.973476159e+21
1.949756648e+21
2.011470202e+21
1.987587896e+21
1.890000391e+21
1.945691285e+21
1.927510324e+21
1.829061421e+21
2.114239464e+21
1.940947056e+21
1.923296565e+21
1.828723382e+21
1.957285942e+21
1.864220174e+21
1.847674367e+21
1.968563133e+21
2.020963163e+21
1.930952188e+21
2.187599809e+21
2.05993486e+21
2.058810555e+21
2.0560921e+21
1.711614499e+21
1.878484525e+21
2.046034619e+21
1.869533264e+21
1.865582846e+21
2.02688884e+21
1.684569791e+21
2.011566551e+21
2.005073111e+21
1.82752436e+21
1.986102212e+21
1.973336215e+21
1.964742254e+21
1.950760525e+21
1.941179186e+21
1.926122458e+21
1.915609994e+21
2.057918992e+21
2.045592272e+21
1.871446746e+21
1.859274411e+21
1.995297746e+21
1.828924806e+21
1.961829546e+21
1.797396329e+21
1.778964405e+21
1.764889942e+21
2.037164133e+21
2.020199049e+21
2.140791776e+21
1.980659715e+21
1.818502925e+21
1.802006829e+21
2.329367459e+21
2.036010903e+21
1.743852893e+21
1.726953583e+21
1.968889814e+21
1.819339816e+21
2.182505584e+21
2.160277107e+21
1.882833936e+21
1.739060858e+21
2.208360363e+21
1.942264559e+21
2.277788029e+21
2.253418825e+21
2.342374309e+21
2.317085177e+21
1.715968305e+21
2.036818695e+21
1.564176998e+21
1.768182319e+21
1.854869604e+21
1.726757778e+21
1.811357507e+21
1.897064841e+21
2.081021369e+21
2.367255381e+21
2.235508025e+21
2.311939711e+21
2.084057688e+21
2.159930977e+21
1.841721518e+21
1.822169516e+21
1.988496309e+21
2.154972921e+21
1.942792412e+21
1.922575256e+21
2.079282111e+21
1.878945871e+21
2.032255612e+21
1.836685534e+21
2.073107796e+21
1.966805907e+21
2.027147429e+21
2.007095232e+21
1.982711286e+21
1.963371972e+21
1.939773729e+21
2.001167796e+21
2.056498475e+21
1.880311765e+21
1.935706469e+21
2.071025186e+21
2.047114117e+21
1.878005634e+21
2.079476922e+21
2.060565365e+21
2.110352729e+21
2.019284997e+21
1.997206924e+21
2.050178547e+21
1.958310172e+21
2.010441503e+21
1.920849919e+21
2.108157251e+21
1.876338718e+21
2.045800723e+21
1.872851298e+21
2.040973243e+21
1.866645914e+21
2.033145132e+21
2.026670318e+21
2.022394426e+21
1.846339956e+21
2.008826091e+21
1.999012351e+21
1.826522075e+21
1.981277435e+21
1.97377565e+21
1.961140514e+21
1.952613475e+21
2.100338032e+21
2.090038875e+21
1.91436091e+21
2.062590586e+21
1.888095719e+21
2.033205123e+21
2.015191361e+21
2.002105348e+21
1.830804559e+21
2.272516979e+21
2.10020953e+21
1.935654056e+21
2.063248174e+21
1.900738747e+21
1.880614631e+21
2.151895714e+21
1.844616937e+21
1.687905514e+21
1.947150664e+21
1.653866795e+21
2.043630017e+21
2.294377657e+21
1.867399581e+21
2.509797396e+21
1.6968234e+21
1.938406943e+21
1.915052831e+21
2.021938944e+21
1.99729919e+21
2.347182249e+21
1.70823063e+21
1.690211784e+21
2.026971033e+21
2.4771352e+21
2.213277109e+21
1.958933277e+21
2.048153019e+21
2.025941342e+21
2.000402125e+21
1.978649462e+21
1.953610432e+21
2.469120902e+21
2.013830307e+21
1.887113382e+21
1.863137982e+21
2.150126696e+21
2.02171706e+21
1.999938805e+21
1.777090375e+21
1.758074145e+21
2.217958268e+21
2.19441529e+21
1.789870971e+21
1.957475191e+21
2.116917167e+21
2.094888536e+21
1.978710758e+21
1.958355718e+21
1.846068443e+21
1.827311053e+21
1.976602158e+21
1.956779039e+21
2.016822699e+21
1.996869721e+21
1.97261479e+21
1.953370724e+21
1.929892516e+21
1.911331571e+21
1.967320723e+21
2.026615462e+21
2.079889496e+21
1.984135466e+21
1.961211178e+21
2.242076165e+21
1.847155055e+21
2.123211997e+21
2.027102615e+21
1.721914209e+21
1.774017518e+21
1.828606752e+21
2.017740726e+21
2.068995344e+21
1.979097549e+21
2.232495182e+21
2.034058622e+21
2.03295428e+21
2.030291809e+21
2.028171716e+21
2.023587913e+21
2.020417029e+21
2.014009978e+21
1.842286637e+21
2.001647401e+21
1.829965463e+21
1.986613881e+21
1.980220938e+21
1.96904487e+21
1.961601151e+21
2.111519185e+21
1.940633525e+21
2.087510778e+21
1.917499439e+21
1.90274213e+21
1.892391124e+21
2.033105567e+21
1.865508086e+21
1.849041464e+21
1.837053659e+21
1.971587187e+21
2.108437075e+21
1.938696774e+21
2.072284726e+21
2.197693614e+21
1.889644431e+21
1.725881462e+21
1.996809143e+21
1.975081804e+21
2.097769071e+21
1.797753083e+21
2.192601486e+21
2.032068127e+21
1.878819949e+21
1.989559964e+21
1.7076149e+21
2.076777699e+21
1.927642132e+21
2.031448971e+21
2.010800002e+21
1.986363264e+21
2.211491639e+21
1.941656688e+21
1.681042652e+21
2.016040372e+21
1.877177025e+21
1.7379686e+21
1.833842268e+21
1.810898808e+21
2.127133968e+21
1.879286181e+21
2.296239459e+21
2.159278e+21
2.029005792e+21
2.108750772e+21
1.877265783e+21
2.265338002e+21
1.935252635e+21
2.1118265e+21
1.989603197e+21
1.96437865e+21
1.846194256e+21
1.918767028e+21
2.18316302e+21
1.874442901e+21
2.040206406e+21
1.831413253e+21
1.993591609e+21
1.96864641e+21
1.859830955e+21
2.011618673e+21
1.991177666e+21
2.052082134e+21
1.946853888e+21
2.006602609e+21
1.986747874e+21
1.962620602e+21
1.943470851e+21
1.920111463e+21
1.980876377e+21
1.957341346e+21
2.016331943e+21
1.992682795e+21
2.049979036e+21
1.876182616e+21
1.933241233e+21
1.911240687e+21
2.039538054e+21
1.944704433e+21
1.855862448e+21
1.976698159e+21
2.029129741e+21
1.868902733e+21
1.852501158e+21
1.765176413e+21
2.153642432e+21
2.021362768e+21
1.851912486e+21
2.01763296e+21
2.015529778e+21
1.843410776e+21
2.007847298e+21
2.001506831e+21
1.997296757e+21
1.823489229e+21
1.983980434e+21
1.974368261e+21
1.968024454e+21
1.956962428e+21
1.949575919e+21
1.937195825e+21
1.92879968e+21
1.915236231e+21
1.905874897e+21
2.04886883e+21
2.037740783e+21
1.86546637e+21
2.008875505e+21
1.991208707e+21
1.978319714e+21
2.110706744e+21
2.096006622e+21
1.927333764e+21
1.913007974e+21
2.039253578e+21
2.312220155e+21
1.85892105e+21
1.985316128e+21
1.82351354e+21
1.807688597e+21
1.925058937e+21
2.316451219e+21
2.155345412e+21
1.601376164e+21
1.84656259e+21
1.698107072e+21
2.323446713e+21
2.044795972e+21
2.146567353e+21
1.999783118e+21
1.85207479e+21
2.688240003e+21
2.05186221e+21
1.910825675e+21
2.123181496e+21
2.217207176e+21
1.843960334e+21
1.938092991e+21
1.913902057e+21
1.893168625e+21
1.869408624e+21
2.175411909e+21
2.04059702e+21
2.337111811e+21
1.783125918e+21
1.763769293e+21
1.843878806e+21
2.330574119e+21
2.000917156e+21
2.177311254e+21
2.052032416e+21
2.126753181e+21
2.004424435e+21
1.605410195e+21
1.864909075e+21
1.937566074e+21
1.913230374e+21
2.07363861e+21
2.136746098e+21
2.114764119e+21
2.088476431e+21
2.067252887e+21
2.04172843e+21
2.021247561e+21
1.996485575e+21
1.976728121e+21
2.115454437e+21
1.933670819e+21
1.910429054e+21
1.970884202e+21
1.947462701e+21
2.00615226e+21
2.058866177e+21
1.964074239e+21
2.016017043e+21
2.071407675e+21
2.047811886e+21
1.884242762e+21
2.006464033e+21
1.917430973e+21
1.685657931e+21
2.018766588e+21
1.997045894e+21
1.774745436e+21
1.688542451e+21
1.807781938e+21
2.008824416e+21
2.007739399e+21
2.005130989e+21
2.003044462e+21
1.832008781e+21
1.995433002e+21
1.989157967e+21
1.984980076e+21
1.977026907e+21
1.971786661e+21
1.962272682e+21
1.955977291e+21
1.945027363e+21
2.099171994e+21
1.925441416e+21
1.917109285e+21
2.062320631e+21
1.894390451e+21
2.036582819e+21
2.181349775e+21
1.854353898e+21
1.843317919e+21
1.827166316e+21
1.815357768e+21
1.948433525e+21
1.934884601e+21
2.063495732e+21
2.04818114e+21
2.027464354e+21
1.867839852e+21
2.416956518e+21
2.114951417e+21
1.95261434e+21
2.07395593e+21
1.914199997e+21
2.167917015e+21
2.009332424e+21
1.857842204e+21
2.36097965e+21
1.948505233e+21
2.310660803e+21
1.90646726e+21
1.758111368e+21
1.615970115e+21
2.087649714e+21
2.552172653e+21
1.680686843e+21
2.019356695e+21
2.346504641e+21
1.741100428e+21
1.719555091e+21
2.268045001e+21
1.903831241e+21
1.772440317e+21
1.750244102e+21
1.947644147e+21
1.816308042e+21
2.007933692e+21
2.08695287e+21
2.270737004e+21
2.038219735e+21
1.915363854e+21
1.891143035e+21
2.166174104e+21
1.94435708e+21
2.115919263e+21
2.184176255e+21
1.691218295e+21
2.041018915e+21
1.835964397e+21
1.994221715e+21
1.794064779e+21
1.860238954e+21
1.841101043e+21
1.818231718e+21
1.885455652e+21
1.946833734e+21
2.01109837e+21
1.903700461e+21
1.966808926e+21
1.942932988e+21
1.923969126e+21
1.98004563e+21
1.960992328e+21
2.0151906e+21
1.919302737e+21
1.896771381e+21
2.104517678e+21
1.931569123e+21
2.134575577e+21
2.110236882e+21
2.163145242e+21
2.067598023e+21
1.907719553e+21
1.816848717e+21
2.077767673e+21
1.712807635e+21
1.765694143e+21
2.217454128e+21
1.998359867e+21
1.8300706e+21
1.829084647e+21
1.992782997e+21
1.990712876e+21
1.986269419e+21
1.983171274e+21
1.976960549e+21
2.137215567e+21
1.964942398e+21
1.959741862e+21
1.950324402e+21
2.106083115e+21
1.933236993e+21
1.925962408e+21
1.913828792e+21
2.223153036e+21
1.89226354e+21
1.883043581e+21
2.024443276e+21
2.013482625e+21
1.996987454e+21
1.832419628e+21
2.27052712e+21
1.804700868e+21
1.788054863e+21
2.071580299e+21
2.051541389e+21
2.181791143e+21
2.015810658e+21
2.142836748e+21
1.979085499e+21
1.962722482e+21
1.664203892e+21
1.78728416e+21
1.903462878e+21
2.02104566e+21
1.998154295e+21
2.111460599e+21
1.956627298e+21
2.066960677e+21
1.659677388e+21
2.022456878e+21
2.123258922e+21
1.730844135e+21
2.198545213e+21
2.054933499e+21
2.029923751e+21
2.244880659e+21
2.334052312e+21
1.96278939e+21
2.280658509e+21
2.368912979e+21
2.33948135e+21
1.983569409e+21
2.067604332e+21
1.506962997e+21
1.806916878e+21
1.997560927e+21
1.557166532e+21
2.053700156e+21
2.129182672e+21
1.704985455e+21
2.079567927e+21
2.057188931e+21
2.031223497e+21
1.913813787e+21
1.984174146e+21
1.869641825e+21
2.030742385e+21
2.009393953e+21
1.894017133e+21
2.052815461e+21
2.115336454e+21
1.919109078e+21
1.981437329e+21
2.046572497e+21
1.937109186e+21
1.917673485e+21
1.976554504e+21
1.956988783e+21
1.933236561e+21
1.914364297e+21
2.048967115e+21
1.873151283e+21
2.005121627e+21
1.909709779e+21
1.962772363e+21
1.869629444e+21
1.77404913e+21
1.904162039e+21
2.099633381e+21
1.865304642e+21
1.915304276e+21
1.89810601e+21
2.085763691e+21
1.929445851e+21
1.84044221e+21
2.162135022e+21
2.005589717e+21
1.789360164e+21
1.984208642e+21
1.983142339e+21
1.980586157e+21
1.978532197e+21
1.974133926e+21
1.971059321e+21
1.964911807e+21
1.960796879e+21
1.953004724e+21
1.947843322e+21
2.100064144e+21
2.093346763e+21
1.921588703e+21
2.392961087e+21
2.06088502e+21
2.051994243e+21
1.880982626e+21
1.871831832e+21
2.012447597e+21
1.847602015e+21
1.832521456e+21
1.821649449e+21
1.956286264e+21
2.093196418e+21
2.222096964e+21
1.765353766e+21
1.894030132e+21
2.024631825e+21
2.004290164e+21
1.846532737e+21
2.10842669e+21
1.951617411e+21
1.792748547e+21
2.050677357e+21
1.757642286e+21
2.54574131e+21
1.987099848e+21
1.968565431e+21
1.686438599e+21
1.927163556e+21
1.904588793e+21
1.885752539e+21
1.987570355e+21
2.090410387e+21
1.82230449e+21
1.923709495e+21
1.781584862e+21
1.645339818e+21
2.205644876e+21
1.607893323e+21
2.041833202e+21
2.132080439e+21
1.88400425e+21
1.973251921e+21
1.948647477e+21
2.248759556e+21
1.797622328e+21
1.882700317e+21
1.962320952e+21
1.941042256e+21
2.118346064e+21
1.796096569e+21
1.871982205e+21
2.144238148e+21
2.0209765e+21
2.189787371e+21
1.974201668e+21
2.046272332e+21
2.204256895e+21
1.908450333e+21
1.794813808e+21
1.953752977e+21
1.929392409e+21
1.996339345e+21
1.714414901e+21
2.036386692e+21
1.927481305e+21
1.991102717e+21
2.048684852e+21
1.947266216e+21
1.923636436e+21
1.984223845e+21
1.881958994e+21
2.096823785e+21
1.841679484e+21
1.900212238e+21
1.953000763e+21
1.934731667e+21
1.912300581e+21
2.040405667e+21
2.017096739e+21
2.284280155e+21
2.258608328e+21
1.888588872e+21
1.936918794e+21
2.056864826e+21
2.034607803e+21
2.151219363e+21
1.862388557e+21
2.044035927e+21
1.972125605e+21
1.97106844e+21
1.96853771e+21
1.966499674e+21
1.962145822e+21
1.959094414e+21
1.953009039e+21
1.948924913e+21
1.941211224e+21
1.936088394e+21
1.92685911e+21
1.920704795e+21
1.910079942e+21
1.902914072e+21
1.89101876e+21
2.039779273e+21
2.025655037e+21
2.17087827e+21
1.846701451e+21
2.142856404e+21
2.429062522e+21
1.961922229e+21
2.09452501e+21
1.932404581e+21
1.767420037e+21
2.047716734e+21
1.738322975e+21
1.869269143e+21
1.992900603e+21
2.118531277e+21
2.376078873e+21
1.802020348e+21
1.91985548e+21
2.583028391e+21
2.016799273e+21
1.865425735e+21
2.371400449e+21
1.696722356e+21
2.064289356e+21
2.044444882e+21
2.146848484e+21
2.12563815e+21
1.976895286e+21
1.956896889e+21
2.054271617e+21
1.67428977e+21
2.244737633e+21
2.104264052e+21
1.963108983e+21
1.942202923e+21
1.918342293e+21
1.89771497e+21
1.98449451e+21
1.963041211e+21
2.154018059e+21
2.130661714e+21
2.104026951e+21
2.081193279e+21
1.849579267e+21
1.931170801e+21
2.007256385e+21
1.985563728e+21
1.862546657e+21
2.036461573e+21
2.010832372e+21
2.17880026e+21
1.777249987e+21
1.943494619e+21
2.010496682e+21
2.079789863e+21
2.053775084e+21
2.03240636e+21
2.007086942e+21
1.986436609e+21
1.961814591e+21
2.026301774e+21
2.001337728e+21
1.981253261e+21
1.957017447e+21
1.937639776e+21
1.914131185e+21
1.895439492e+21
1.950683966e+21
1.931903639e+21
1.832568512e+21
1.81517635e+21
1.868582669e+21
1.851100649e+21
2.049179737e+21
2.03027686e+21
1.792019725e+21
1.846743421e+21
2.106881225e+21
2.087962996e+21
1.858393477e+21
1.910132307e+21
2.159342524e+21
2.006637531e+21
1.919167409e+21
1.902518201e+21
1.960188839e+21
1.959140669e+21
1.956634965e+21
1.954612618e+21
1.950302436e+21
1.947273891e+21
1.941249609e+21
1.937195843e+21
1.929559303e+21
1.924474493e+21
1.915336939e+21
1.909228307e+21
1.898708215e+21
2.206861465e+21
2.036467803e+21
1.871731262e+21
2.013721186e+21
2.003954497e+21
2.141868314e+21
1.825993213e+21
1.811197125e+21
1.950524867e+21
2.23116612e+21
2.069045884e+21
2.343040265e+21
2.181417796e+21
2.16053059e+21
2.001617878e+21
1.840094059e+21
1.966145199e+21
2.084786946e+21
2.205462908e+21
1.909178766e+21
1.892721182e+21
2.139385459e+21
1.987667582e+21
1.965353879e+21
2.07687013e+21
2.05308494e+21
2.03336994e+21
1.884078391e+21
1.741117589e+21
2.212126059e+21
1.94646121e+21
1.802983685e+21
1.903346895e+21
1.997881799e+21
1.628051131e+21
1.837980702e+21
2.273024451e+21
2.020649177e+21
1.776830106e+21
1.974267497e+21
1.952935628e+21
2.14298642e+21
2.119760366e+21
2.093314314e+21
1.863545524e+21
1.942447536e+21
1.921399244e+21
1.997143272e+21
1.9755663e+21
1.755668606e+21
2.026253738e+21
1.810238182e+21
1.790892791e+21
2.047628472e+21
1.84173947e+21
2.000524462e+21
1.889521152e+21
1.86591008e+21
2.022353237e+21
2.084014522e+21
1.976631633e+21
1.782396229e+21
2.016316253e+21
1.991488521e+21
1.97150077e+21
1.947393041e+21
1.928108047e+21
1.904719408e+21
2.043293105e+21
1.941089303e+21
2.076190098e+21
1.899528377e+21
2.182537413e+21
2.082496307e+21
2.063010088e+21
1.820589108e+21
2.092399837e+21
2.068452748e+21
2.049631492e+21
2.09642203e+21
1.939091331e+21
1.849136971e+21
1.900619808e+21
2.081403727e+21
1.79694736e+21
2.041221888e+21
1.958245407e+21
1.948395704e+21
1.947356389e+21
1.944875294e+21
1.942868408e+21
1.938601164e+21
1.935595155e+21
1.929630943e+21
1.925607105e+21
1.918046427e+21
1.912999097e+21
2.062614395e+21
2.056045498e+21
1.887471092e+21
2.037111764e+21
2.491661398e+21
1.860720438e+21
2.001927124e+21
1.83898359e+21
1.825198721e+21
2.420503008e+21
2.100839988e+21
1.93925916e+21
1.774677848e+21
2.204119712e+21
1.892860714e+21
2.168996464e+21
2.005077737e+21
1.848141281e+21
1.689004672e+21
1.675816799e+21
1.796742786e+21
1.919043602e+21
1.898620145e+21
2.285619502e+21
2.127648568e+21
2.108570894e+21
1.954658407e+21
2.194689863e+21
2.042001495e+21
2.022414339e+21
1.99892049e+21
1.855510956e+21
2.078128346e+21
2.057144757e+21
2.271736403e+21
1.893326399e+21
2.1043321e+21
1.850905512e+21
1.942706582e+21
1.808982409e+21
1.8985422e+21
1.878150379e+21
1.74590698e+21
2.158815064e+21
1.918860481e+21
2.108970002e+21
1.9785747e+21
1.751107242e+21
1.830942018e+21
2.213577561e+21
1.987131552e+21
2.162235948e+21
2.038058917e+21
2.208161797e+21
1.990846584e+21
2.157153513e+21
2.2227163e+21
2.107516268e+21
1.809682435e+21
1.969729855e+21
1.85672553e+21
2.012399079e+21
1.900964077e+21
2.052441365e+21
1.942576701e+21
2.006428665e+21
1.981735782e+21
1.96184382e+21
1.937862834e+21
1.918669636e+21
1.895399734e+21
1.876885193e+21
1.931588563e+21
1.836466482e+21
2.04144115e+21
1.872278092e+21
2.072281232e+21
2.126205186e+21
2.101505019e+21
1.938520896e+21
1.774365508e+21
2.109863027e+21
2.086066166e+21
1.998423943e+21
2.044413577e+21
1.82365867e+21
2.004240443e+21
2.0529012e+21
1.899989203e+21
2.078364987e+21
2.098138925e+21
1.935713028e+21
2.094360812e+21
1.931264484e+21
1.927039464e+21
1.92405567e+21
2.077996405e+21
1.914156195e+21
1.90667012e+21
2.218603032e+21
1.892701112e+21
1.886681915e+21
1.876366195e+21
1.869357666e+21
1.85780529e+21
2.158144803e+21
1.99027041e+21
1.98064629e+21
2.117073059e+21
1.804884024e+21
1.939560318e+21
2.224757125e+21
2.058629958e+21
2.191549579e+21
2.171682003e+21
2.300496843e+21
1.851375334e+21
1.837755445e+21
1.8195316e+21
1.944216967e+21
2.199116185e+21
1.772109824e+21
1.88817767e+21
1.871943264e+21
1.7192823e+21
2.097089447e+21
2.203289209e+21
1.797628567e+21
2.284916709e+21
1.760129141e+21
2.112539038e+21
1.84564483e+21
1.823950489e+21
2.046290249e+21
1.903006161e+21
2.236550395e+21
1.977076619e+21
2.301602848e+21
1.93266359e+21
2.249553382e+21
2.222111342e+21
1.758605727e+21
1.84556389e+21
1.825642673e+21
2.227321626e+21
1.888460042e+21
1.96860235e+21
1.742288984e+21
1.92297262e+21
1.701923521e+21
2.174941681e+21
1.858076936e+21
2.027939297e+21
1.910611452e+21
1.886668508e+21
1.8665136e+21
1.935294437e+21
1.914775824e+21
1.800794439e+21
1.870963786e+21
1.847630955e+21
1.828408306e+21
1.977658368e+21
2.042409624e+21
2.017146316e+21
1.996637577e+21
1.9720781e+21
1.952281014e+21
2.169478634e+21
1.988878313e+21
2.043351718e+21
1.8677436e+21
1.922180373e+21
1.979811931e+21
1.956249274e+21
1.863148329e+21
1.9885171e+21
1.969904852e+21
2.163339494e+21
1.786147281e+21
1.83629493e+21
1.889568022e+21
1.937424637e+21
1.851455938e+21
2.034330961e+21
2.083505838e+21
1.927841153e+21
2.042742168e+21
2.020925406e+21
2.068038517e+21
1.92523008e+21
1.924208071e+21
1.921774981e+21
2.079781543e+21
2.075249424e+21
1.912652959e+21
1.906805911e+21
1.902840669e+21
2.053380299e+21
1.890454023e+21
1.881582655e+21
2.03190784e+21
1.865391205e+21
2.013303128e+21
2.000907883e+21
1.992339819e+21
1.826537223e+21
1.969194337e+21
1.954540225e+21
2.093596634e+21
1.928468967e+21
1.769643411e+21
2.046936789e+21
2.033847207e+21
2.015471443e+21
2.001601837e+21
1.982626311e+21
1.968061508e+21
2.087794323e+21
1.795332738e+21
1.913617838e+21
2.169057337e+21
1.609585229e+21
2.127685077e+21
1.709952507e+21
2.085732358e+21
2.320335518e+21
1.787970392e+21
2.651499075e+21
2.125906873e+21
1.977736431e+21
1.835883068e+21
2.177232291e+21
1.796073252e+21
2.011393111e+21
1.99069855e+21
2.082531896e+21
2.17521333e+21
2.148926711e+21
2.014198816e+21
1.658070585e+21
1.858985076e+21
1.836197656e+21
1.923233658e+21
2.110559217e+21
2.087715514e+21
2.268003181e+21
2.141455354e+21
2.01408513e+21
2.191511496e+21
2.065776571e+21
1.751552172e+21
2.2101025e+21
2.09129396e+21
1.877384921e+21
2.043066026e+21
1.925806073e+21
1.905390578e+21
1.971192653e+21
1.861821126e+21
2.013732187e+21
1.992781866e+21
1.968039685e+21
2.032475471e+21
2.007352118e+21
1.986941583e+21
1.962514092e+21
1.942810981e+21
1.919079545e+21
1.979236815e+21
2.033450615e+21
2.013581511e+21
1.912863389e+21
2.273322122e+21
1.946759305e+21
1.92827146e+21
1.905566745e+21
2.105543158e+21
1.865770184e+21
1.777453275e+21
1.827337971e+21
1.94999274e+21
2.065658371e+21
1.9788738e+21
1.956869064e+21
1.805762325e+21
1.852194568e+21
2.032683187e+21
1.816321862e+21
1.993507464e+21
1.91385262e+21
2.072242323e+21
1.91042939e+21
2.067506523e+21
1.904324907e+21
1.901384607e+21
1.895594698e+21
1.89165814e+21
1.884317612e+21
2.349224491e+21
1.870594064e+21
1.864661816e+21
2.009089176e+21
1.847636579e+21
1.836303646e+21
1.980822745e+21
1.967359539e+21
2.108479746e+21
1.793867414e+21
1.932945428e+21
1.917503745e+21
2.19949564e+21
1.889991727e+21
1.877923309e+21
1.86101306e+21
2.132566963e+21
2.253243536e+21
1.957124689e+21
1.937840821e+21
2.060113357e+21
2.175000402e+21
2.022363536e+21
2.267840768e+21
1.719358256e+21
1.962373183e+21
1.815185417e+21
2.051476511e+21
1.905445117e+21
2.135048826e+21
2.11463489e+21
2.090268884e+21
1.947972294e+21
2.286169069e+21
1.905808268e+21
2.236357804e+21
1.747395114e+21
1.956700287e+21
1.936228728e+21
2.025408628e+21
1.781249664e+21
1.979573027e+21
2.284736206e+21
1.719459773e+21
2.019840135e+21
1.889970422e+21
2.28497293e+21
1.846379571e+21
1.826381917e+21
1.803679899e+21
2.279762739e+21
1.859805252e+21
2.130219813e+21
1.816760615e+21
2.270200717e+21
1.96160186e+21
1.755829686e+21
2.098925559e+21
2.076677544e+21
1.961605593e+21
1.940994404e+21
2.003964256e+21
1.896893554e+21
1.958514114e+21
2.022637488e+21
1.997652572e+21
1.977339305e+21
2.034419168e+21
2.175111426e+21
2.148551761e+21
2.127263411e+21
2.023645002e+21
1.849724988e+21
2.055927192e+21
1.96070572e+21
1.862847082e+21
1.992765608e+21
1.969291835e+21
2.023108146e+21
2.070973111e+21
1.839597234e+21
1.958350119e+21
1.87122176e+21
2.192643712e+21
1.969241471e+21
2.215907284e+21
1.597284647e+21
2.238068408e+21
1.892224542e+21
1.871929959e+21
2.175671046e+21
2.061159581e+21
1.901603619e+21
1.899216975e+21
1.897269737e+21
1.893167259e+21
2.205289626e+21
1.884514548e+21
2.194040657e+21
2.341670933e+21
1.868434156e+21
2.014710833e+21
2.008330351e+21
1.997473759e+21
1.990044587e+21
1.977883256e+21
1.817942824e+21
1.805631484e+21
1.946683173e+21
1.932299765e+21
1.774119756e+21
1.906662515e+21
2.041273556e+21
1.879377021e+21
2.011039296e+21
2.277703384e+21
1.837934988e+21
1.960672107e+21
1.946308753e+21
1.789535376e+21
2.048814258e+21
2.163139771e+21
2.145447406e+21
1.857528265e+21
1.973162024e+21
1.821716004e+21
2.192344716e+21
2.168084591e+21
1.768962075e+21
1.748984203e+21
1.85601336e+21
2.079308961e+21
1.695555015e+21
2.03487637e+21
1.895908986e+21
1.7564278e+21
2.201954822e+21
2.061178747e+21
1.699691019e+21
1.679248338e+21
2.215241768e+21
1.860143409e+21
1.948454429e+21
1.924673849e+21
1.798155387e+21
1.776058713e+21
1.963540904e+21
2.143414144e+21
1.918283774e+21
1.994191162e+21
2.071250065e+21
2.142875594e+21
2.119757427e+21
1.903023382e+21
1.882582903e+21
1.952043619e+21
2.115125263e+21
2.088734869e+21
1.976745485e+21
1.952111338e+21
1.931601333e+21
2.080998917e+21
2.059349661e+21
1.864337686e+21
1.929023691e+21
1.905211048e+21
1.96782939e+21
1.943661698e+21
2.00431655e+21
1.979850921e+21
1.881822298e+21
2.323769427e+21
1.994249214e+21
2.046057601e+21
1.876240615e+21
1.928052934e+21
2.05663984e+21
1.959817937e+21
1.94146651e+21
2.060992008e+21
2.182792734e+21
2.018493313e+21
2.138060332e+21
2.113834202e+21
1.95970246e+21
1.937848747e+21
2.053134381e+21
1.965133212e+21
2.077790477e+21
2.183925688e+21
1.846634594e+21
1.891496409e+21
1.890499387e+21
1.888135405e+21
1.886202553e+21
1.882139597e+21
1.879241586e+21
1.873563178e+21
2.025489704e+21
2.172896976e+21
2.167218052e+21
1.848997482e+21
1.843149795e+21
1.833223272e+21
1.826414473e+21
2.117843017e+21
2.259442491e+21
2.094583226e+21
2.084513308e+21
1.773570706e+21
1.76409674e+21
1.895943184e+21
1.884827869e+21
2.300161081e+21
1.999826099e+21
1.840370066e+21
2.108952938e+21
1.949876331e+21
2.212127665e+21
2.05356371e+21
2.309323552e+21
2.016944807e+21
2.000469507e+21
1.979498273e+21
2.093401828e+21
1.94141647e+21
2.180661575e+21
2.029739667e+21
2.010981345e+21
1.988332094e+21
1.846275668e+21
2.068463371e+21
2.168649211e+21
2.381580274e+21
2.121876012e+21
1.747403656e+21
2.075361709e+21
1.936739679e+21
1.916505221e+21
2.116274705e+21
1.983632385e+21
1.850785187e+21
1.615552456e+21
2.127836239e+21
2.210158558e+21
1.663278999e+21
2.05662509e+21
1.92969833e+21
1.808350475e+21
1.98439083e+21
2.061078522e+21
1.841614717e+21
1.917633917e+21
1.988446188e+21
2.060764101e+21
1.942578074e+21
1.921840428e+21
1.988266889e+21
2.056614944e+21
1.942708544e+21
2.097053166e+21
1.89841821e+21
1.964062832e+21
2.024073337e+21
2.003244501e+21
1.978531997e+21
1.958410513e+21
1.934370677e+21
1.914944218e+21
1.970393291e+21
1.950865151e+21
1.850136711e+21
1.908386161e+21
2.187118045e+21
2.166037611e+21
1.992635221e+21
1.900602736e+21
2.239388053e+21
2.075292258e+21
1.90965102e+21
2.242395853e+21
2.078058243e+21
2.059142587e+21
1.90006556e+21
2.017505604e+21
1.86197738e+21
1.977296495e+21
2.020780163e+21
1.938476116e+21
1.917599723e+21
1.964371959e+21
1.880513027e+21
1.879524087e+21
1.877182402e+21
1.875263734e+21
2.027176301e+21
1.86836236e+21
2.173194746e+21
1.858885495e+21
1.851754539e+21
2.000831468e+21
2.144782642e+21
1.985293754e+21
1.822745762e+21
1.967317294e+21
1.804968455e+21
1.797283222e+21
1.933965458e+21
2.072733248e+21
1.763593618e+21
1.900368534e+21
2.030370148e+21
1.730128829e+21
2.144424606e+21
1.846684594e+21
2.111791565e+21
1.817695495e+21
2.216227188e+21
1.650027087e+21
1.906241481e+21
2.02658386e+21
2.006064741e+21
2.122345924e+21
1.968902355e+21
2.212356922e+21
1.802364736e+21
2.296696546e+21
1.892852881e+21
1.875378932e+21
1.854314046e+21
2.203967546e+21
1.936687374e+21
1.797847244e+21
2.132384379e+21
2.462795693e+21
1.854369883e+21
1.950060722e+21
1.926911317e+21
2.018957707e+21
1.994788511e+21
2.083295848e+21
2.166494888e+21
2.143299314e+21
2.223114943e+21
2.303899269e+21
2.172260286e+21
1.841819739e+21
2.021275162e+21
1.999408459e+21
2.172154988e+21
1.758005478e+21
2.025563002e+21
2.194553329e+21
1.884582945e+21
1.677914678e+21
1.841146556e+21
2.003644593e+21
1.978706306e+21
1.957740126e+21
2.109159162e+21
2.000043735e+21
2.061100047e+21
1.954672891e+21
1.93048274e+21
1.993686797e+21
1.969108316e+21
1.949081371e+21
2.005383395e+21
1.98524177e+21
1.882584566e+21
1.863924311e+21
1.84134229e+21
2.051257089e+21
1.951540735e+21
2.155735056e+21
1.762802437e+21
2.037059706e+21
1.941140997e+21
1.851738711e+21
2.04131567e+21
1.952728334e+21
2.06811601e+21
1.912670416e+21
1.755881988e+21
1.873971467e+21
1.919194617e+21
1.836595806e+21
2.140761006e+21
1.864811123e+21
1.97190724e+21
1.954848461e+21
2.02546117e+21
2.024398443e+21
2.177415033e+21
2.019821983e+21
2.170542791e+21
1.857608372e+21
2.160710878e+21
2.002229859e+21
2.14800699e+21
1.9893788e+21
1.980218377e+21
1.822128468e+21
2.265484171e+21
1.805674348e+21
1.944323006e+21
1.936055889e+21
1.923084606e+21
2.061085584e+21
2.046016179e+21
1.744386666e+21
2.307522571e+21
1.863901412e+21
1.848236428e+21
1.977770706e+21
1.820180007e+21
1.946799068e+21
2.479676852e+21
2.324830787e+21
1.89593614e+21
2.01564859e+21
2.128321521e+21
1.715171856e+21
2.088980554e+21
2.200600687e+21
1.792842457e+21
2.284586378e+21
2.133987293e+21
2.363051051e+21
1.844668162e+21
1.827103637e+21
2.167526232e+21
1.788583277e+21
2.003600743e+21
2.100171043e+21
2.075556867e+21
1.940159191e+21
1.917182202e+21
2.120377078e+21
1.874520597e+21
1.636470836e+21
1.832348413e+21
1.812740482e+21
2.212111841e+21
1.875688448e+21
2.058641038e+21
2.036407529e+21
1.910817302e+21
1.790671593e+21
2.161583965e+21
2.041032224e+21
1.823776575e+21
2.088977937e+21
1.875496097e+21
1.94813306e+21
2.107150184e+21
2.084663331e+21
2.058748009e+21
2.125498729e+21
1.749247372e+21
1.990503412e+21
2.05129264e+21
2.029953711e+21
2.00485191e+21
1.984219861e+21
1.959773978e+21
1.939840689e+21
1.916052588e+21
1.975839884e+21
1.951746538e+21
1.932398317e+21
1.985350337e+21
1.965936919e+21
1.867601215e+21
1.92357866e+21
2.119964536e+21
2.099816242e+21
1.860382224e+21
1.984720451e+21
1.961561936e+21
2.221084944e+21
1.852441612e+21
1.97154636e+21
2.083555564e+21
1.931631969e+21
1.910001583e+21
1.958357087e+21
2.001349535e+21
2.047833356e+21
2.152296053e+21
2.008172241e+21
1.858924536e+21
1.857951402e+21
1.855653252e+21
1.853762364e+21
2.15811657e+21
2.000892262e+21
1.841459673e+21
2.143937517e+21
2.135774612e+21
1.825898303e+21
2.120441999e+21
1.962779647e+21
1.952324809e+21
1.795479926e+21
2.082110065e+21
2.221359884e+21
2.059427467e+21
1.756772653e+21
1.743972448e+21
1.879253865e+21
1.721073573e+21
1.996196972e+21
1.838084299e+21
1.96692444e+21
1.671000179e+21
2.21279619e+21
2.192217975e+21
2.176245287e+21
2.155133283e+21
2.138486079e+21
1.984652994e+21
1.9685031e+21
2.077917038e+21
1.802680134e+21
2.165581752e+21
2.020091779e+21
2.122858615e+21
2.103303978e+21
2.202146535e+21
1.817666165e+21
1.796995575e+21
2.25392477e+21
1.993388089e+21
1.973401772e+21
2.065054976e+21
1.476155891e+21
2.356386332e+21
1.998700995e+21
1.865168522e+21
1.953979807e+21
2.145020103e+21
1.909870189e+21
1.991577395e+21
1.762767883e+21
2.150990539e+21
1.925124727e+21
1.801434949e+21
2.177952512e+21
2.053337363e+21
2.031154597e+21
2.006037673e+21
1.795427268e+21
2.053146102e+21
1.661819563e+21
2.097079027e+21
1.894294413e+21
1.959858344e+21
1.939096739e+21
2.002082998e+21
1.981053673e+21
1.956512369e+21
2.020340671e+21
1.99537745e+21
1.974842407e+21
1.95052772e+21
1.930687215e+21
1.986482324e+21
1.887865565e+21
1.942554885e+21
1.846363572e+21
2.128002224e+21
2.031934109e+21
2.081861161e+21
1.914515554e+21
1.891698352e+21
1.801650785e+21
1.994032109e+21
1.975350075e+21
1.952286947e+21
1.934258086e+21
1.980230434e+21
2.097526351e+21
1.939870366e+21
1.92245299e+21
1.835348055e+21
1.949022792e+21
1.991773676e+21
2.038038693e+21
1.952959388e+21
1.998529888e+21
2.156367626e+21
1.847349703e+21
1.998828875e+21
1.843195522e+21
1.839284415e+21
1.836467559e+21
1.831001602e+21
2.28403634e+21
1.971989281e+21
1.96686234e+21
1.807266588e+21
1.801581234e+21
1.941354686e+21
2.082966631e+21
2.070465538e+21
1.914422784e+21
2.04796967e+21
2.1837628e+21
1.734324682e+21
2.012630857e+21
1.996878846e+21
1.843434527e+21
1.968661789e+21
1.816468168e+21
2.07741708e+21
2.063259773e+21
1.771581007e+21
1.758690203e+21
1.875656153e+21
1.994128306e+21
2.105725455e+21
2.088611683e+21
2.325341355e+21
1.921287444e+21
1.900817778e+21
1.632760405e+21
2.111845407e+21
2.092413088e+21
1.947385977e+21
1.808325685e+21
2.145376897e+21
1.888361424e+21
1.866615547e+21
1.963410868e+21
1.8263634e+21
1.92065475e+21
2.232959723e+21
1.988724309e+21
1.63756703e+21
1.944291644e+21
1.814275335e+21
2.217205344e+21
2.086123037e+21
1.65095301e+21
1.936652901e+21
2.117412774e+21
1.991897026e+21
1.970372256e+21
1.848827484e+21
2.021372115e+21
1.996415492e+21
1.880863729e+21
2.136220189e+21
2.113300368e+21
1.996360044e+21
1.88528705e+21
1.861906176e+21
2.01763064e+21
2.079257524e+21
1.88596744e+21
2.031955188e+21
1.927034154e+21
1.985992118e+21
2.047451221e+21
1.9413683e+21
2.001687208e+21
2.056251362e+21
1.957300763e+21
2.088125354e+21
1.914277818e+21
2.193673117e+21
1.947504478e+21
1.924094098e+21
1.905537451e+21
1.955239182e+21
2.008378706e+21
2.12642627e+21
2.106501175e+21
2.151288461e+21
1.856397896e+21
1.834966838e+21
1.952945939e+21
1.997271435e+21
1.847382875e+21
2.087588655e+21
1.875117822e+21
1.918344209e+21
1.901566199e+21
2.006318824e+21
1.926824074e+21
2.144130444e+21
1.989940667e+21
1.987496693e+21
1.985477503e+21
1.828873827e+21
1.978249627e+21
1.972383452e+21
1.81691518e+21
2.11172311e+21
1.955794171e+21
1.946887084e+21
1.791480419e+21
2.079007708e+21
1.923385273e+21
1.911882638e+21
1.903786518e+21
1.89116447e+21
1.737355726e+21
1.868514995e+21
2.287511684e+21
1.985959267e+21
2.115425446e+21
1.818110992e+21
1.667644223e+21
1.928459171e+21
1.915334577e+21
2.033178177e+21
1.883843057e+21
1.732415275e+21
1.719067629e+21
1.832780597e+21
1.688053242e+21
2.056137885e+21
2.166069874e+21
1.890932037e+21
2.498900229e+21
1.977360828e+21
1.714287154e+21
1.937411602e+21
1.799080712e+21
2.253052849e+21
1.99620288e+21
2.089346784e+21
1.83860764e+21
1.817214956e+21
1.798634214e+21
1.77748286e+21
2.088782657e+21
1.955373412e+21
1.719732514e+21
2.123966865e+21
2.101272777e+21
2.07594903e+21
2.053636891e+21
1.825828525e+21
2.207497228e+21
2.180522492e+21
1.666748025e+21
1.83995944e+21
2.107477859e+21
2.081498757e+21
1.871890462e+21
2.033629205e+21
1.920368675e+21
1.896594721e+21
2.055066365e+21
2.117853886e+21
2.008114403e+21
1.983249589e+21
2.047743478e+21
2.02242254e+21
2.001385168e+21
1.97669466e+21
1.956350918e+21
1.932294501e+21
2.072023413e+21
1.88921685e+21
1.948161056e+21
1.924428882e+21
1.98155819e+21
1.882276117e+21
1.863862758e+21
1.767799366e+21
1.969590974e+21
1.874030374e+21
2.070389759e+21
1.834285636e+21
2.026760575e+21
1.933997636e+21
1.984567329e+21
2.029280561e+21
2.010803507e+21
1.987869775e+21
1.904354277e+21
1.818014333e+21
1.994972582e+21
2.100177758e+21
2.144898274e+21
1.809574e+21
1.97952033e+21
2.436607278e+21
2.283131474e+21
1.824269798e+21
1.822419165e+21
1.970128795e+21
2.118436278e+21
1.810437821e+21
1.957276824e+21
1.799913736e+21
2.09445371e+21
1.787099642e+21
2.078407609e+21
1.77210478e+21
2.05983846e+21
2.34007189e+21
1.893267786e+21
2.025432345e+21
1.871791279e+21
2.430073326e+21
2.132823687e+21
1.834075714e+21
2.103937201e+21
1.947385177e+21
2.073308433e+21
2.192123498e+21
1.905071218e+21
2.157163938e+21
2.007664132e+21
2.120920487e+21
2.499212747e+21
1.953378887e+21
2.066711719e+21
1.789741293e+21
2.028046277e+21
1.88114859e+21
1.864497028e+21
1.598356334e+21
2.070966195e+21
2.048010063e+21
1.551272481e+21
1.769729715e+21
1.986124551e+21
2.194349548e+21
2.172403568e+21
1.808157705e+21
1.565972933e+21
2.100314491e+21
2.07845938e+21
1.945761817e+21
2.032156297e+21
1.902235019e+21
2.300124649e+21
1.859286401e+21
1.839312014e+21
2.1198556e+21
2.296713186e+21
2.071420562e+21
1.75633094e+21
1.92755375e+21
2.097424625e+21
1.977445421e+21
2.049302649e+21
2.024009241e+21
2.002302669e+21
1.977546535e+21
1.867526883e+21
1.93225017e+21
1.824888597e+21
1.973965135e+21
2.038158507e+21
1.929104796e+21
1.909038505e+21
1.96748385e+21
1.947234427e+21
1.923305128e+21
2.062382686e+21
1.958789452e+21
1.939106309e+21
1.838872457e+21
2.048213521e+21
2.098361032e+21
1.929414468e+21
1.906221258e+21
2.250876035e+21
2.080548752e+21
1.918641747e+21
2.106633131e+21
1.739073582e+21
1.924980884e+21
2.111541408e+21
2.019798528e+21
2.068120323e+21
2.11045996e+21
2.026151569e+21
2.003341426e+21
2.113700899e+21
1.96358813e+21
1.946421141e+21
1.801003525e+21
2.031717724e+21
1.96863464e+21
1.967613187e+21
2.267554027e+21
1.963222781e+21
2.260502806e+21
1.805643432e+21
2.250410219e+21
2.0960716e+21
2.088207275e+21
2.082798716e+21
1.925282679e+21
1.771614811e+21
1.762312385e+21
1.755827926e+21
1.745400468e+21
2.027700393e+21
2.014348677e+21
1.718363323e+21
2.416849471e+21
2.262648045e+21
1.964474503e+21
1.674058449e+21
1.936918407e+21
1.924703476e+21
2.044143726e+21
2.030268498e+21
1.743403235e+21
2.130174571e+21
1.846036799e+21
1.962695913e+21
1.94317207e+21
2.184428877e+21
2.1619862e+21
1.8914516e+21
1.746701469e+21
1.854918326e+21
2.201803308e+21
2.181607178e+21
1.79790588e+21
2.137045776e+21
1.64343577e+21
1.976147477e+21
2.298303271e+21
2.161569709e+21
1.911639686e+21
1.892122458e+21
1.979972504e+21
1.850528416e+21
1.936244252e+21
1.915795134e+21
1.998156738e+21
1.664697248e+21
1.747511474e+21
2.033819224e+21
2.109676623e+21
2.086939005e+21
1.767024581e+21
1.94216733e+21
1.822476145e+21
1.802812279e+21
2.15553255e+21
2.132328113e+21
1.922912596e+21
1.992880062e+21
2.057739045e+21
1.770258754e+21
2.098057623e+21
1.989348714e+21
2.050191867e+21
2.028662849e+21
2.003623078e+21
1.982782053e+21
1.95835848e+21
1.938202507e+21
1.914399007e+21
1.89492116e+21
1.949729282e+21
2.007340757e+21
1.982903541e+21
1.88772543e+21
1.939473052e+21
1.772764529e+21
1.824431517e+21
2.095920752e+21
1.856689372e+21
1.909762194e+21
1.957082494e+21
1.800255758e+21
2.121338656e+21
2.169538692e+21
2.144431673e+21
2.124903934e+21
2.034973831e+21
2.081757971e+21
2.122612989e+21
1.912558783e+21
1.954369384e+21
1.874793186e+21
2.163378784e+21
1.960868994e+21
1.957649838e+21
2.107146771e+21
1.954258218e+21
2.102456961e+21
1.798337359e+21
1.9452305e+21
1.939525043e+21
2.084437224e+21
2.076644672e+21
1.923324666e+21
1.767377807e+21
1.908666838e+21
1.752627619e+21
1.746187076e+21
2.169815791e+21
2.160663711e+21
1.860286679e+21
2.136277488e+21
1.83817611e+21
1.969115591e+21
1.814340827e+21
2.636352631e+21
2.201786913e+21
2.187919932e+21
2.033288207e+21
1.750237337e+21
2.267811487e+21
2.118960072e+21
1.967539793e+21
1.822274998e+21
1.933071364e+21
1.917437108e+21
1.897792432e+21
2.258053415e+21
1.986007783e+21
1.72240837e+21
1.825510636e+21
2.049954497e+21
1.78883649e+21
1.653777436e+21
2.452810564e+21
2.081933088e+21
2.401223595e+21
1.811236524e+21
2.125994772e+21
2.215057822e+21
1.860810016e+21
2.166437842e+21
2.14091038e+21
1.800565409e+21
1.779178053e+21
2.27790067e+21
1.636811077e+21
2.024053133e+21
2.099594932e+21
2.17587865e+21
1.954029352e+21
2.02959149e+21
1.527459792e+21
1.98316667e+21
2.052110203e+21
1.84547713e+21
2.005039796e+21
2.163868062e+21
1.870035023e+21
1.938198123e+21
1.827260424e+21
2.066187945e+21
2.040683057e+21
2.019255259e+21
1.994353804e+21
1.973609584e+21
1.949317369e+21
2.009639569e+21
2.143771862e+21
1.886185744e+21
1.863122438e+21
1.99809688e+21
1.82195076e+21
2.029360575e+21
1.930550855e+21
2.058708007e+21
1.888677403e+21
1.798511142e+21
1.848138662e+21
2.041776634e+21
2.226352075e+21
1.929794786e+21
1.975311467e+21
2.024545518e+21
2.201207618e+21
1.982874313e+21
2.025528087e+21
2.007342215e+21
1.728596964e+21
2.030565308e+21
2.070735942e+21
1.803834412e+21
2.214749592e+21
1.829694852e+21
2.096539786e+21
1.796105708e+21
2.092918597e+21
1.941461425e+21
1.937415879e+21
1.785662504e+21
1.928814183e+21
1.924864769e+21
1.770179495e+21
2.207007411e+21
2.050625764e+21
2.044215772e+21
1.888302775e+21
1.881372479e+21
1.870276079e+21
1.86239763e+21
1.992541317e+21
1.983078616e+21
1.828280907e+21
1.678739322e+21
1.943449624e+21
1.656167309e+21
1.916318817e+21
1.768246532e+21
1.887710885e+21
1.874930655e+21
1.990512468e+21
2.107863033e+21
2.218263034e+21
2.071771479e+21
2.051280131e+21
1.780370857e+21
2.013921092e+21
2.121679975e+21
1.852396387e+21
2.080860267e+21
2.058450095e+21
2.039607727e+21
2.135829768e+21
1.763027162e+21
2.324371868e+21
2.071578758e+21
2.048012063e+21
1.802293022e+21
2.338244587e+21
2.424616465e+21
1.851735382e+21
1.940298485e+21
2.237066698e+21
1.791853867e+21
1.97892252e+21
2.163905819e+21
1.628981108e+21
2.014380384e+21
1.990103942e+21
1.673371391e+21
1.944786338e+21
1.923808406e+21
2.090372813e+21
1.879847531e+21
1.856815972e+21
2.112363192e+21
2.177113953e+21
1.794816744e+21
2.127252946e+21
2.10457748e+21
1.992018516e+21
2.056623137e+21
1.946626126e+21
2.009934519e+21
1.985169899e+21
1.964521589e+21
1.940359353e+21
2.00040387e+21
1.896831942e+21
2.033991372e+21
1.931858078e+21
1.835942539e+21
2.115873859e+21
2.020063656e+21
2.069534247e+21
1.902900925e+21
1.952334711e+21
1.790270268e+21
1.981179146e+21
2.172580343e+21
2.008370642e+21
2.058144335e+21
1.966229133e+21
2.14958394e+21
2.058272639e+21
2.105318611e+21
1.951131897e+21
1.869160286e+21
1.911761698e+21
1.894833687e+21
2.123562303e+21
1.981183412e+21
2.020706492e+21
1.881860665e+21
1.93604394e+21
2.083895542e+21
1.932710061e+21
1.93076066e+21
1.926751659e+21
1.92382337e+21
1.918220974e+21
1.91429799e+21
2.200606498e+21
2.048599232e+21
1.748086508e+21
2.033067124e+21
1.878038445e+21
1.72721954e+21
2.003244772e+21
1.852330078e+21
1.981813749e+21
2.113300918e+21
1.678607694e+21
1.948056047e+21
2.071183982e+21
1.647364382e+21
2.450806025e+21
1.894208417e+21
2.146047389e+21
2.131536716e+21
2.112132662e+21
2.09688162e+21
1.687528484e+21
1.932239047e+21
1.785636285e+21
1.897744942e+21
1.753181837e+21
1.738359684e+21
1.965873754e+21
2.070332276e+21
1.927617327e+21
1.671241665e+21
1.770969466e+21
1.754238434e+21
2.081564158e+21
1.946808749e+21
2.264369635e+21
1.681347571e+21
2.326818254e+21
1.86442548e+21
1.734351836e+21
2.038166893e+21
2.120269033e+21
1.573434897e+21
2.384063314e+21
1.743351577e+21
2.22918533e+21
2.305519592e+21
1.881649513e+21
2.057329946e+21
1.935630354e+21
2.106234338e+21
2.080581014e+21
1.964600461e+21
2.032974573e+21
1.919692426e+21
1.896130683e+21
1.965136935e+21
1.940963619e+21
2.094847809e+21
2.069047541e+21
1.961848705e+21
1.937680634e+21
2.000699431e+21
1.976070189e+21
1.955516907e+21
1.931483293e+21
1.991252671e+21
2.045516154e+21
1.868954322e+21
1.999966562e+21
1.90371366e+21
1.805337659e+21
1.861899565e+21
1.765800449e+21
2.112788607e+21
1.799474549e+21
2.067241301e+21
1.901704876e+21
1.74408326e+21
1.999194343e+21
2.048738168e+21
1.957229936e+21
2.006009613e+21
1.91664891e+21
1.833703128e+21
2.136374487e+21
2.053036257e+21
2.029805049e+21
1.886093774e+21
1.927225298e+21
2.095265419e+21
1.828467267e+21
1.993964995e+21
1.925418853e+21
2.072461295e+21
2.217822926e+21
1.772471268e+21
2.063604517e+21
1.913295527e+21
2.201242484e+21
2.19674607e+21
2.042712589e+21
2.182979599e+21
2.028364249e+21
2.166470809e+21
2.011568569e+21
1.71788946e+21
1.70782576e+21
1.842370785e+21
1.830400997e+21
1.82173072e+21
1.669667725e+21
2.076101035e+21
2.060217876e+21
1.91176363e+21
1.896152779e+21
2.153436581e+21
1.867975749e+21
1.855361261e+21
1.838521195e+21
1.694886403e+21
2.066250844e+21
1.794142684e+21
1.903389619e+21
2.139789732e+21
2.118047201e+21
2.347238067e+21
2.078206496e+21
2.05991028e+21
1.558348556e+21
2.019224396e+21
1.997125017e+21
1.978275148e+21
1.956223952e+21
2.165130257e+21
1.689960005e+21
1.784668395e+21
1.764192803e+21
1.637093356e+21
1.941722548e+21
1.921582125e+21
2.004592057e+21
1.98346728e+21
2.063215861e+21
1.939173193e+21
1.916083235e+21
1.79577865e+21
1.774216994e+21
2.145153043e+21
2.022888188e+21
2.286951982e+21
1.976749588e+21
1.862330581e+21
2.115519054e+21
1.728808896e+21
1.887368395e+21
2.044971906e+21
1.932028402e+21
1.824556725e+21
1.802110602e+21
2.037756747e+21
2.012678589e+21
1.991548821e+21
1.967053521e+21
1.946594396e+21
1.92268807e+21
1.982184818e+21
1.95790036e+21
2.01549415e+21
1.990883973e+21
2.046671769e+21
2.171549247e+21
1.927585153e+21
1.757787784e+21
1.958150471e+21
1.93461113e+21
1.774013023e+21
1.96317977e+21
1.80560461e+21
2.058725706e+21
2.175378759e+21
2.082679135e+21
1.930306082e+21
2.105266336e+21
2.020900684e+21
1.86882526e+21
1.915910311e+21
1.767923517e+21
1.81485298e+21
2.042108187e+21
1.840246958e+21
1.880674563e+21
2.04488881e+21
1.914909751e+21
1.913926711e+21
1.764583304e+21
2.056609852e+21
2.052369394e+21
2.34200896e+21
2.04333213e+21
2.039163214e+21
1.886529338e+21
2.02641677e+21
2.017413765e+21
2.298435092e+21
2.000751792e+21
1.85104794e+21
1.698683512e+21
1.691555089e+21
1.960701456e+21
1.95142578e+21
2.076028096e+21
1.927442197e+21
1.77611831e+21
2.173381752e+21
1.616766932e+21
2.276068818e+21
1.725529109e+21
1.977566742e+21
2.090314771e+21
1.945554859e+21
1.798696712e+21
1.912454232e+21
1.893697231e+21
2.50460419e+21
2.231301282e+21
1.843732457e+21
1.824509871e+21
1.929028411e+21
2.027689571e+21
1.772810073e+21
1.987249938e+21
2.315895007e+21
1.717607123e+21
2.154520454e+21
2.018068624e+21
1.997982805e+21
1.975112032e+21
1.955019125e+21
2.039744857e+21
2.018600851e+21
1.680017526e+21
2.181798443e+21
1.950755616e+21
1.929982574e+21
1.706305209e+21
2.085204448e+21
2.256424484e+21
1.941002823e+21
2.013453342e+21
2.181448465e+21
2.154964158e+21
2.039063356e+21
2.105746725e+21
1.901967345e+21
1.968147992e+21
2.03556973e+21
2.010592123e+21
1.98917022e+21
2.05014911e+21
2.028452763e+21
1.92003405e+21
1.982481534e+21
1.958118765e+21
2.018492644e+21
1.993721441e+21
2.052127146e+21
1.949039206e+21
1.929203008e+21
2.058109796e+21
1.886497445e+21
2.087195583e+21
1.7712685e+21
2.187309386e+21
2.021498973e+21
2.139854963e+21
1.836634408e+21
2.024098679e+21
1.866569393e+21
2.117717995e+21
1.962508714e+21
1.872597931e+21
1.855289373e+21
2.030206971e+21
1.94682032e+21
1.79616027e+21
2.034324733e+21
1.948396698e+21
1.993443856e+21
1.971142493e+21
1.953928978e+21
1.872013466e+21
1.915742953e+21
1.75801361e+21
1.903539069e+21
2.047515413e+21
1.753250405e+21
2.041255946e+21
2.038164983e+21
2.322619291e+21
2.02815035e+21
1.876364854e+21
2.015504714e+21
1.863253677e+21
2.143220423e+21
1.847904242e+21
1.841155836e+21
2.112048278e+21
2.103196228e+21
1.811005019e+21
1.941098191e+21
2.340433141e+21
1.780348151e+21
1.902721689e+21
2.026885333e+21
2.144464856e+21
1.997854944e+21
1.71660263e+21
1.967353023e+21
1.819627238e+21
1.806536672e+21
1.917341322e+21
1.902712988e+21
1.632889312e+21
1.744356679e+21
1.973403019e+21
1.956774521e+21
2.057453353e+21
1.799451119e+21
1.780270014e+21
1.764039216e+21
2.09379392e+21
1.843616264e+21
1.709217064e+21
1.80548558e+21
1.896709937e+21
1.767385131e+21
2.183999641e+21
2.053707388e+21
2.029987935e+21
2.220427296e+21
2.194544799e+21
2.068040782e+21
1.737170939e+21
2.021977539e+21
1.997995359e+21
1.976596549e+21
2.050598094e+21
1.931951723e+21
1.908672473e+21
2.076923747e+21
1.771964522e+21
1.845137074e+21
1.913797807e+21
1.983380651e+21
2.137239482e+21
1.850057649e+21
2.001420811e+21
1.807917288e+21
1.870759705e+21
1.850963906e+21
1.911330744e+21
1.973496437e+21
1.949264809e+21
1.928991433e+21
2.064113734e+21
1.885722853e+21
2.017868214e+21
1.997330325e+21
1.821197588e+21
1.80288536e+21
1.855185837e+21
1.91024164e+21
2.032308421e+21
1.868662649e+21
2.05922174e+21
2.039336123e+21
1.945504504e+21
1.926985127e+21
2.10817292e+21
1.886293314e+21
2.130449554e+21
1.8469113e+21
1.82543838e+21
2.131811832e+21
1.788012133e+21
1.835243517e+21
1.939530927e+21
2.046386306e+21
1.839507957e+21
1.945010042e+21
1.92354248e+21
1.966558525e+21
2.03994214e+21
1.747627915e+21
2.47285735e+21
1.743795456e+21
1.740224749e+21
2.027191573e+21
2.165753884e+21
2.017255801e+21
2.296996078e+21
1.718322471e+21
1.995863718e+21
1.847543855e+21
1.979463513e+21
2.113117958e+21
1.960804468e+21
2.092067624e+21
1.94003424e+21
2.068799293e+21
1.780361034e+21
1.90726004e+21
1.757604679e+21
1.747491404e+21
1.73335236e+21
2.120023334e+21
2.23323512e+21
1.957244266e+21
1.681016203e+21
2.310836418e+21
2.034781272e+21
2.145479874e+21
1.749631893e+21
1.859549623e+21
2.454408713e+21
2.31206218e+21
2.047231441e+21
2.148632995e+21
2.007688263e+21
2.223449309e+21
1.967789884e+21
2.063931158e+21
1.700908572e+21
1.909019265e+21
2.109620746e+21
1.868797703e+21
1.956178508e+21
2.151451019e+21
1.913991074e+21
2.209870781e+21
1.664126254e+21
1.852444318e+21
2.135831473e+21
2.012484457e+21
2.088093912e+21
1.672265375e+21
1.749490174e+21
1.826835411e+21
2.089837868e+21
1.879394542e+21
1.94948182e+21
2.020324706e+21
2.08647044e+21
2.064049123e+21
1.772915039e+21
1.75393251e+21
1.732463295e+21
2.056812415e+21
2.031592787e+21
2.010097368e+21
1.985432331e+21
1.964592418e+21
1.940490561e+21
1.920308801e+21
1.975808878e+21
2.03368891e+21
1.854293149e+21
1.988370632e+21
1.888581273e+21
2.093940608e+21
1.994629586e+21
1.901686396e+21
2.095467788e+21
2.074944122e+21
1.908621016e+21
2.030201062e+21
2.075127524e+21
1.918346809e+21
1.963312632e+21
2.213153615e+21
1.988319416e+21
1.969937735e+21
1.94701733e+21
1.993589915e+21
1.907075989e+21
1.952952731e+21
1.993027586e+21
1.975387492e+21
2.136337626e+21
1.875666778e+21
1.974601211e+21
2.01691059e+21
1.88405967e+21
1.738244696e+21
2.604271651e+21
1.878978765e+21
2.019386253e+21
1.728287735e+21
2.15417728e+21
2.149797503e+21
2.141954971e+21
1.851598736e+21
1.985260425e+21
2.12046378e+21
2.53155646e+21
2.242074407e+21
1.671834763e+21
2.358530324e+21
1.654168424e+21
1.64637216e+21
2.043550299e+21
2.168373292e+21
2.017490593e+21
2.005896376e+21
1.724420044e+21
2.109114821e+21
2.091106345e+21
1.94723886e+21
2.058420191e+21
1.915919335e+21
2.151034817e+21
1.883525205e+21
1.865203417e+21
1.60354118e+21
1.95374928e+21
2.179487376e+21
2.156940632e+21
2.019250867e+21
2.232874249e+21
1.74675531e+21
2.188578797e+21
2.510313213e+21
1.579835101e+21
2.1233059e+21
1.988988158e+21
2.29744385e+21
1.838689041e+21
2.034143181e+21
2.010751466e+21
1.989946153e+21
1.759811125e+21
1.843734612e+21
2.125840262e+21
1.702618083e+21
1.979413193e+21
1.860319667e+21
2.031633745e+21
1.818395399e+21
2.080225266e+21
1.777218888e+21
2.125374111e+21
2.102496851e+21
1.896358469e+21
1.786652445e+21
2.029601468e+21
2.007874887e+21
1.724632111e+21
1.876891869e+21
2.022440026e+21
1.917666862e+21
1.976513438e+21
2.037258734e+21
1.931794951e+21
1.991358314e+21
1.888293848e+21
2.102462466e+21
2.07676499e+21
1.979490964e+21
1.95536385e+21
1.861249164e+21
1.985738446e+21
1.893207441e+21
1.94225776e+21
1.994463068e+21
2.181610229e+21
2.090842217e+21
1.997006982e+21
2.046198851e+21
1.954542558e+21
1.86943696e+21
1.97942271e+21
2.091862996e+21
1.938286828e+21
2.048670581e+21
2.088352727e+21
1.818742559e+21
1.860037987e+21
1.966481422e+21
2.005146865e+21
1.806950839e+21
2.084760658e+21
2.007753877e+21
2.162303103e+21
2.305282264e+21
1.870825444e+21
2.156485281e+21
2.008626201e+21
1.86233864e+21
1.857027275e+21
2.138372251e+21
1.846518133e+21
2.125138351e+21
2.115824143e+21
1.828030294e+21
1.958623486e+21
1.951496485e+21
1.801662197e+21
1.932149354e+21
2.056926616e+21
1.774278125e+21
1.897419079e+21
2.426780772e+21
1.739473025e+21
1.995564068e+21
1.583611676e+21
1.836028243e+21
1.950425614e+21
2.066490911e+21
2.176004102e+21
2.160405838e+21
1.888433203e+21
1.999014089e+21
1.732168739e+21
1.841022778e+21
1.822564206e+21
1.686772696e+21
1.90784878e+21
2.363924211e+21
1.871131944e+21
2.201770347e+21
2.063337096e+21
1.930398429e+21
1.909135793e+21
1.890669383e+21
2.089451136e+21
1.959838774e+21
2.045249229e+21
2.024500195e+21
2.106599266e+21
2.189056048e+21
1.957632694e+21
1.529255353e+21
2.216701239e+21
1.993763223e+21
1.674713457e+21
1.949175955e+21
2.118581672e+21
1.905297909e+21
1.788332414e+21
2.141527635e+21
2.023703975e+21
2.092924027e+21
1.61807781e+21
1.956409026e+21
1.932589244e+21
2.085714765e+21
2.060245688e+21
1.953378504e+21
2.013369365e+21
1.992071189e+21
1.967674317e+21
2.028149233e+21
2.003309298e+21
1.982474932e+21
2.114872545e+21
1.938056784e+21
2.067533003e+21
2.046486032e+21
2.021553325e+21
1.852982587e+21
1.830487241e+21
1.812311308e+21
1.862023618e+21
1.914696408e+21
2.031803138e+21
2.220330241e+21
1.851023974e+21
1.833396866e+21
2.214243657e+21
1.994058487e+21
1.904918423e+21
2.017463407e+21
1.736670846e+21
2.166994567e+21
2.01600609e+21
1.935472017e+21
1.851688254e+21
2.018832025e+21
2.117091296e+21
1.918735171e+21
2.075333343e+21
1.998679931e+21
1.720651674e+21
2.006406878e+21
2.00404033e+21
2.145040913e+21
2.140693081e+21
1.85247125e+21
2.131391427e+21
2.127067797e+21
2.119360522e+21
1.973006918e+21
1.964388276e+21
2.098185319e+21
2.087536249e+21
1.802622568e+21
1.792269043e+21
2.059377384e+21
2.182671576e+21
2.172409502e+21
2.292118104e+21
2.280145672e+21
1.730546764e+21
1.720625969e+21
1.969417816e+21
1.565723356e+21
2.06990961e+21
2.056033949e+21
2.165048198e+21
2.149546703e+21
1.878989907e+21
1.74040585e+21
1.969791129e+21
1.954023582e+21
2.176293551e+21
1.918252652e+21
2.017166174e+21
1.881898534e+21
1.862037994e+21
2.191088626e+21
1.711150645e+21
1.921099828e+21
1.899988887e+21
1.992309985e+21
2.079510271e+21
1.950529253e+21
1.928449191e+21
1.802848393e+21
1.99187615e+21
2.075042887e+21
1.948503606e+21
1.826558614e+21
1.90555132e+21
1.984532618e+21
2.255349507e+21
1.746183639e+21
1.821301054e+21
1.89657599e+21
2.154956704e+21
1.946402975e+21
1.922956092e+21
1.90226946e+21
1.87923409e+21
2.036107161e+21
2.098799365e+21
1.903312363e+21
1.965557269e+21
1.690983415e+21
2.004379705e+21
1.9831788e+21
2.040535315e+21
2.019120834e+21
1.994411928e+21
1.973670454e+21
1.871554095e+21
2.083823179e+21
2.134619129e+21
1.811046877e+21
1.86353354e+21
1.844789117e+21
2.041087856e+21
1.804302265e+21
2.067698067e+21
1.97683734e+21
2.022825145e+21
2.072359043e+21
2.115851754e+21
1.960493607e+21
2.070837822e+21
1.985227716e+21
1.83107496e+21
1.878933045e+21
1.857023337e+21
2.03045932e+21
1.944304145e+21
1.864692086e+21
2.027754467e+21
2.009811423e+21
1.987163443e+21
1.969825611e+21
1.888905971e+21
1.872647185e+21
1.996817681e+21
1.995805012e+21
1.993458508e+21
1.849221724e+21
1.987446472e+21
1.700961112e+21
1.978833093e+21
1.974823421e+21
2.24879052e+21
2.243041174e+21
1.674956503e+21
2.08722072e+21
2.076661821e+21
2.069123027e+21
1.782973325e+21
2.048706488e+21
1.899979907e+21
2.161208783e+21
1.609658423e+21
2.001576081e+21
1.721711648e+21
2.765301733e+21
2.090051749e+21
2.077052596e+21
1.80203763e+21
1.662116856e+21
2.154202063e+21
1.635550026e+21
1.994283291e+21
1.979155557e+21
1.960057989e+21
2.187433753e+21
1.804679892e+21
2.147465262e+21
2.007339699e+21
1.755700846e+21
1.968846513e+21
1.377164241e+21
2.15704897e+21
2.024354518e+21
1.668466951e+21
1.982825903e+21
2.178593209e+21
2.157008619e+21
2.026012181e+21
2.111037818e+21
1.773879101e+21
1.755557427e+21
1.939459267e+21
2.020100074e+21
1.996590213e+21
1.975387089e+21
1.854570152e+21
2.027880066e+21
1.908415163e+21
1.887933559e+21
1.958642146e+21
2.122110169e+21
2.096585666e+21
1.893686445e+21
1.959872468e+21
1.762574378e+21
2.002345907e+21
1.980923529e+21
2.041869197e+21
2.02013358e+21
1.995469965e+21
1.974365447e+21
1.950231148e+21
1.929765562e+21
1.985593242e+21
1.886346081e+21
1.863295026e+21
1.997788889e+21
1.897512126e+21
1.878193775e+21
1.929544542e+21
2.130534632e+21
1.959534343e+21
2.011927342e+21
1.845645266e+21
2.038431528e+21
2.152817604e+21
1.788140866e+21
1.970630929e+21
1.884554377e+21
1.928696227e+21
1.844709828e+21
1.953203962e+21
1.87063555e+21
1.912558863e+21
1.895132406e+21
1.685914481e+21
2.042062848e+21
2.079906572e+21
1.940238618e+21
1.918343909e+21
1.961034747e+21
1.997968426e+21
1.98077589e+21
1.844439963e+21
1.843506412e+21
2.124629837e+21
1.981011909e+21
1.977023224e+21
1.833046868e+21
2.109082565e+21
1.964492789e+21
2.097237773e+21
1.812964282e+21
1.666243235e+21
1.799520773e+21
2.203626774e+21
1.921181783e+21
1.773773536e+21
2.038145607e+21
2.295271302e+21
2.150122972e+21
2.001794993e+21
1.991364197e+21
2.108266198e+21
1.572156865e+21
1.689592786e+21
1.679096833e+21
2.56142286e+21
2.035434334e+21
1.891291816e+21
1.502225414e+21
1.984409432e+21
1.600115984e+21
1.950420564e+21
1.813914511e+21
1.915593293e+21
1.662110573e+21
2.11511488e+21
1.747204845e+21
1.844112728e+21
1.713184047e+21
2.033753632e+21
2.014696382e+21
2.103362056e+21
1.973431688e+21
1.951493341e+21
1.932173044e+21
1.698129453e+21
2.101170636e+21
2.077212537e+21
1.952981867e+21
1.930498502e+21
2.010777425e+21
2.186164104e+21
1.868009193e+21
1.943266854e+21
2.210881605e+21
2.184713325e+21
2.06730649e+21
1.856948348e+21
1.928834374e+21
2.177908222e+21
2.064721537e+21
2.128475673e+21
2.017895719e+21
1.906752118e+21
2.057843281e+21
2.032803338e+21
2.011167367e+21
1.986639085e+21
1.965630082e+21
2.022526068e+21
1.921250929e+21
1.9768522e+21
2.034545807e+21
2.009700908e+21
1.91251063e+21
2.040323036e+21
1.869953335e+21
2.06886504e+21
1.828617648e+21
1.950952654e+21
2.003114043e+21
2.049590241e+21
1.88953754e+21
1.935963546e+21
1.985726463e+21
1.826683197e+21
1.943301884e+21
1.986446918e+21
1.96779876e+21
2.009438652e+21
2.055074227e+21
2.094547382e+21
1.760997855e+21
1.989296732e+21
2.156259597e+21
1.94888839e+21
2.112737787e+21
2.029181536e+21
1.952321998e+21
1.989054514e+21
1.971943621e+21
2.258208045e+21
1.974933888e+21
1.972626608e+21
1.829901845e+21
1.966708737e+21
1.683218435e+21
1.958228859e+21
2.233451061e+21
1.808168868e+21
1.942291373e+21
2.348295215e+21
1.79021419e+21
1.781216099e+21
1.774764734e+21
2.17189932e+21
2.027693048e+21
1.880566631e+21
1.738059626e+21
1.726071905e+21
2.245423449e+21
2.228712187e+21
1.955277774e+21
2.069051909e+21
2.056213903e+21
2.038908176e+21
1.898708013e+21
2.258293312e+21
1.868483436e+21
1.85121831e+21
1.714726737e+21
1.576962925e+21
1.684717961e+21
1.787143154e+21
2.126634875e+21
1.87103171e+21
1.970629431e+21
2.17939369e+21
2.045990275e+21
2.136528989e+21
1.782337747e+21
1.983246994e+21
2.073244185e+21
1.834431733e+21
1.923123894e+21
2.11277225e+21
1.882255739e+21
2.067598313e+21
2.353207928e+21
1.820482254e+21
1.901463406e+21
2.0772543e+21
1.85947927e+21
1.934435605e+21
2.00946598e+21
1.985722822e+21
1.870882859e+21
2.033458887e+21
2.194478255e+21
1.897142521e+21
2.055488856e+21
2.118993891e+21
1.746879669e+21
2.070864635e+21
2.048717584e+21
2.023817628e+21
2.002280394e+21
1.977886022e+21
1.956971673e+21
1.933094524e+21
1.992511567e+21
2.046915292e+21
1.947720076e+21
2.000909793e+21
1.980310019e+21
2.10664897e+21
2.01072768e+21
2.059838494e+21
1.966288791e+21
1.79856093e+21
1.851922077e+21
1.970287339e+21
1.950975223e+21
1.927520959e+21
1.977064352e+21
2.020790267e+21
2.134972244e+21
1.97776736e+21
1.959198541e+21
1.742496562e+21
2.110018281e+21
2.14855407e+21
1.878507667e+21
2.10433458e+21
2.085442523e+21
2.061562509e+21
2.043324677e+21
1.901367375e+21
2.061485498e+21
1.86373627e+21
1.905448892e+21
1.965652206e+21
2.104994109e+21
1.68203407e+21
1.820392504e+21
1.816751222e+21
2.372187341e+21
1.669788696e+21
1.805284387e+21
1.937200631e+21
1.794245406e+21
1.786509682e+21
2.192004152e+21
1.908393989e+21
1.901489853e+21
2.025756765e+21
2.286326774e+21
2.271938291e+21
1.995271003e+21
1.717343984e+21
2.234083188e+21
1.9566224e+21
1.94545908e+21
2.058709446e+21
1.790206755e+21
2.155578433e+21
1.637385266e+21
1.872622968e+21
1.735324955e+21
2.210571174e+21
1.950096689e+21
1.931427261e+21
1.916033631e+21
2.489902766e+21
2.116370491e+21
1.978426428e+21
1.961184777e+21
2.054845456e+21
2.036253263e+21
1.678748456e+21
2.106523634e+21
2.083586116e+21
2.389331755e+21
1.933271099e+21
1.701474765e+21
2.102974409e+21
1.977624909e+21
1.955169043e+21
1.935009958e+21
2.114172902e+21
1.793149116e+21
2.26473596e+21
2.04587183e+21
2.021968473e+21
2.000383777e+21
1.788522943e+21
1.955596107e+21
1.840324374e+21
1.820552468e+21
2.068566684e+21
1.868395909e+21
2.021696369e+21
1.913050331e+21
2.061717576e+21
1.954686115e+21
2.014911008e+21
1.993471615e+21
1.969209752e+21
2.19193786e+21
2.004831929e+21
1.904445105e+21
2.03798294e+21
2.094358609e+21
1.91557236e+21
2.047518807e+21
2.097487762e+21
1.853687495e+21
1.977644288e+21
1.812727235e+21
2.148903131e+21
1.843880142e+21
1.96173486e+21
1.942504239e+21
1.987692819e+21
1.764841881e+21
2.146143483e+21
1.99283695e+21
1.903524544e+21
1.950673169e+21
1.991926394e+21
1.973499577e+21
2.076255448e+21
1.932647671e+21
2.156744003e+21
1.954177409e+21
2.173247245e+21
1.854853044e+21
2.129615199e+21
1.935126714e+21
2.029447406e+21
1.954513291e+21
2.374509948e+21
1.954494765e+21
1.952225597e+21
1.810981484e+21
1.807370781e+21
1.665842084e+21
2.214913463e+21
1.93413937e+21
2.340227108e+21
2.059650206e+21
1.777358914e+21
1.908185841e+21
2.305510454e+21
2.162050853e+21
2.149827833e+21
1.605685039e+21
1.728578482e+21
1.985191469e+21
2.103020165e+21
1.961344322e+21
2.336199593e+21
1.806689271e+21
1.664381765e+21
2.163026023e+21
2.144923318e+21
2.005297414e+21
2.23611129e+21
2.096848366e+21
2.077576273e+21
1.698024213e+21
2.042197947e+21
2.264284434e+21
2.005936487e+21
1.755170596e+21
1.853150946e+21
2.066643766e+21
1.931479143e+21
1.688840409e+21
1.670838744e+21
1.875918942e+21
1.964687632e+21
2.378170244e+21
2.138096665e+21
1.90527752e+21
2.197930372e+21
1.968509135e+21
2.151066129e+21
1.926147473e+21
2.104538458e+21
2.082484644e+21
1.960415355e+21
1.842651011e+21
1.917011741e+21
2.275866632e+21
2.155356555e+21
2.132257993e+21
1.832123507e+21
1.99369049e+21
2.059392707e+21
1.948692095e+21
2.012769791e+21
1.904608198e+21
1.967123844e+21
1.946094083e+21
2.006082439e+21
1.984740003e+21
2.042301322e+21
1.939881694e+21
1.916256434e+21
1.896151968e+21
1.951084815e+21
1.930795644e+21
1.907265669e+21
2.038639512e+21
1.939234039e+21
1.993313051e+21
1.969090384e+21
2.093666767e+21
1.925652738e+21
2.118355094e+21
2.092774616e+21
1.865031266e+21
1.842609966e+21
2.230304865e+21
1.802974268e+21
2.050353141e+21
1.96063382e+21
2.006962394e+21
1.983284234e+21
2.028320768e+21
2.06722877e+21
2.048389273e+21
1.963285845e+21
1.945660279e+21
2.163747382e+21
2.025463631e+21
2.061378239e+21
1.926642162e+21
2.020512637e+21
1.88868043e+21
1.806452255e+21
1.944433034e+21
1.803455197e+21
1.80166727e+21
1.798086711e+21
1.933502379e+21
1.928114654e+21
1.786784013e+21
1.917392864e+21
1.91251752e+21
2.176370968e+21
2.034072908e+21
2.02394596e+21
1.747754829e+21
1.871589529e+21
2.39636267e+21
1.984477852e+21
2.106894144e+21
1.96171187e+21
1.821435303e+21
2.066283795e+21
1.926114585e+21
1.910935912e+21
1.519296191e+21
1.883270314e+21
1.995449116e+21
2.596046707e+21
1.718390681e+21
1.824255687e+21
2.051893176e+21
2.032350326e+21
2.13478568e+21
1.526605521e+21
1.979684126e+21
1.61379585e+21
1.942564485e+21
2.035437756e+21
1.904996061e+21
2.106470744e+21
1.867136589e+21
1.955537604e+21
1.829132407e+21
2.12820668e+21
2.001837855e+21
2.187831283e+21
1.959477014e+21
2.141246429e+21
2.220107767e+21
1.795706936e+21
2.073048287e+21
1.756417985e+21
2.123984893e+21
2.099258685e+21
2.07686648e+21
1.959158941e+21
2.122758042e+21
1.915195175e+21
1.804411206e+21
2.139443209e+21
1.940093602e+21
2.003921695e+21
1.982432985e+21
1.873358439e+21
2.021819744e+21
1.9973309e+21
1.976084547e+21
1.952083584e+21
1.931448152e+21
1.907946913e+21
1.966594525e+21
1.942644315e+21
1.922443248e+21
2.126914394e+21
2.10501604e+21
2.005137954e+21
1.91121028e+21
2.033225349e+21
2.012763886e+21
1.917364622e+21
1.828003998e+21
2.083768639e+21
1.857003159e+21
2.038531394e+21
1.884231602e+21
1.9281858e+21
1.909807382e+21
2.017250488e+21
2.127227401e+21
1.974716739e+21
1.830223597e+21
1.995908111e+21
1.854110346e+21
2.076938929e+21
1.93721707e+21
2.094487706e+21
2.07596292e+21
1.876458575e+21
2.034488151e+21
2.011656196e+21
1.88040639e+21
1.935444615e+21
2.21082785e+21
1.932242244e+21
2.068209664e+21
1.926505037e+21
2.335829509e+21
1.781261263e+21
2.187908053e+21
1.7713801e+21
1.630966903e+21
2.165336314e+21
1.888848731e+21
1.879474176e+21
2.140225598e+21
1.9951879e+21
1.986933374e+21
1.842906389e+21
1.834312534e+21
1.951940654e+21
1.941828902e+21
2.056048151e+21
1.788813494e+21
1.901524941e+21
1.763795483e+21
1.499241887e+21
1.985697078e+21
1.722280617e+21
2.0764855e+21
2.178530207e+21
1.801761361e+21
1.6656683e+21
1.652434564e+21
1.986815673e+21
1.970265394e+21
1.835608707e+21
1.933386304e+21
2.025870738e+21
2.342188881e+21
1.986289009e+21
2.186395394e+21
1.946472409e+21
1.606470794e+21
1.800646603e+21
2.097510361e+21
1.763000847e+21
2.053186734e+21
2.233016736e+21
2.109575819e+21
2.184841603e+21
1.670611907e+21
2.234237347e+21
2.114460077e+21
2.089888852e+21
2.161587277e+21
2.04334067e+21
1.745804564e+21
1.997533014e+21
1.886269807e+21
2.130038319e+21
2.019369324e+21
1.908405352e+21
2.059576912e+21
1.78041053e+21
2.013010067e+21
1.988655386e+21
1.967504257e+21
1.943631726e+21
1.923087621e+21
1.899709146e+21
1.958104691e+21
1.856905468e+21
1.990729315e+21
1.890866555e+21
1.871398121e+21
1.922584909e+21
1.829812484e+21
2.096810267e+21
2.004131104e+21
1.979856713e+21
1.890174471e+21
2.005678513e+21
1.780560764e+21
1.962134133e+21
1.675136775e+21
1.986119219e+21
1.836040515e+21
2.073380894e+21
1.98972104e+21
1.839369852e+21
1.948029131e+21
2.049408848e+21
2.092267211e+21
1.946319881e+21
1.868570359e+21
2.025828288e+21
2.007912133e+21
2.04345317e+21
1.967769904e+21
2.060102114e+21
1.985671469e+21
1.78803921e+21
2.199562506e+21
1.647774173e+21
2.057680781e+21
1.916709634e+21
2.323956637e+21
2.044872703e+21
1.904709662e+21
1.76241563e+21
1.893170277e+21
2.289063804e+21
2.282039205e+21
2.137174899e+21
1.863292708e+21
1.985202269e+21
2.240597978e+21
1.964706254e+21
1.694814134e+21
1.812781877e+21
1.803401699e+21
1.918043827e+21
1.907151003e+21
2.144500372e+21
1.755164056e+21
2.113580762e+21
1.976039895e+21
2.203643451e+21
1.8233397e+21
1.806712749e+21
1.79311258e+21
2.131345353e+21
2.114429291e+21
1.861074178e+21
2.191634196e+21
1.94114664e+21
2.037488236e+21
2.128415078e+21
1.887202758e+21
2.086897416e+21
1.958629012e+21
2.260406018e+21
1.81227939e+21
1.89782881e+21
1.98351606e+21
1.961441467e+21
1.839466574e+21
2.02083196e+21
2.000042636e+21
2.273883916e+21
1.95659983e+21
2.127546221e+21
1.722289341e+21
2.080602289e+21
2.245555845e+21
1.756903795e+21
1.646616406e+21
1.898351339e+21
1.609698285e+21
2.032352598e+21
1.83570762e+21
1.986456845e+21
1.794281056e+21
2.025923367e+21
1.920765295e+21
1.980054911e+21
1.958998158e+21
1.935252739e+21
1.994582455e+21
1.891542209e+21
1.949687843e+21
1.92598052e+21
1.98219152e+21
2.033394082e+21
2.012457763e+21
2.061626097e+21
2.040629059e+21
1.943866964e+21
1.924301628e+21
2.041815457e+21
2.230644816e+21
1.997120995e+21
1.909343353e+21
1.886388977e+21
2.068302008e+21
2.043557775e+21
1.697611196e+21
1.999999077e+21
1.72557085e+21
1.894647008e+21
2.127395857e+21
1.978776825e+21
2.083287116e+21
1.877385561e+21
1.860531452e+21
2.076413562e+21
1.99924996e+21
1.860212144e+21
1.959254238e+21
1.994174209e+21
2.033535168e+21
2.463193019e+21
1.641308539e+21
1.912663852e+21
1.774290749e+21
1.770798099e+21
1.768155888e+21
2.034549247e+21
2.301190158e+21
2.158204846e+21
1.749096799e+21
1.875649409e+21
1.869899605e+21
1.993581831e+21
1.72155472e+21
1.975316093e+21
1.96716192e+21
1.954967463e+21
1.686422e+21
2.190379013e+21
2.307237618e+21
1.908635721e+21
2.277370267e+21
2.259574044e+21
1.996133368e+21
2.103335808e+21
2.089380953e+21
1.949359423e+21
2.298457186e+21
2.157680641e+21
1.903516195e+21
2.121214413e+21
1.753663324e+21
2.083823937e+21
1.951694263e+21
2.045694902e+21
1.915287696e+21
2.00700399e+21
2.209917851e+21
1.967917763e+21
2.057896801e+21
1.928591841e+21
2.122316242e+21
1.88917036e+21
1.76664032e+21
2.158083286e+21
2.034601265e+21
2.011731417e+21
2.190151806e+21
1.87001896e+21
1.85046016e+21
2.021804426e+21
1.714634547e+21
2.071397892e+21
2.049328302e+21
2.025358123e+21
1.912606407e+21
1.890040039e+21
1.958801828e+21
2.111474438e+21
2.088815413e+21
1.977838083e+21
2.041714724e+21
2.017168174e+21
1.912468247e+21
1.971528506e+21
1.95056529e+21
2.087524493e+21
1.906581833e+21
1.961922073e+21
2.096650487e+21
2.224596229e+21
1.897814082e+21
1.949736925e+21
1.855443814e+21
1.906219225e+21
2.031942722e+21
2.078980085e+21
1.845151107e+21
1.963031142e+21
1.943518616e+21
1.782915205e+21
2.172833468e+21
2.012541793e+21
2.059509805e+21
1.903585175e+21
2.080479504e+21
1.798759336e+21
2.036411248e+21
2.012338266e+21
1.869107391e+21
1.847175929e+21
1.769327339e+21
1.929644631e+21
1.97208151e+21
1.949350509e+21
1.990662203e+21
1.910075031e+21
1.950811959e+21
2.042276571e+21
1.968499266e+21
1.769997743e+21
1.905201165e+21
2.310813266e+21
2.308533562e+21
2.168473886e+21
2.029914128e+21
1.754418902e+21
2.020266874e+21
2.147392202e+21
1.74033837e+21
1.999587815e+21
2.259259814e+21
1.719173653e+21
2.10830159e+21
1.834492701e+21
1.957423018e+21
2.07501306e+21
2.065369312e+21
1.794988954e+21
1.785721687e+21
2.025940757e+21
2.140364818e+21
1.873840097e+21
2.110613365e+21
2.216318499e+21
1.834691826e+21
1.94001512e+21
1.926279629e+21
1.789504e+21
2.012869975e+21
1.759316107e+21
1.745381213e+21
1.958808299e+21
2.056806388e+21
1.92302868e+21
2.130643086e+21
2.330652081e+21
2.19969267e+21
1.850033491e+21
1.509376545e+21
2.133082427e+21
2.112628345e+21
1.776113303e+21
1.758629066e+21
1.943741842e+21
1.924162431e+21
2.102848096e+21
1.783918902e+21
1.861686991e+21
2.036142812e+21
2.012849317e+21
1.896719439e+21
1.874795069e+21
2.04031048e+21
1.833168202e+21
1.904234284e+21
1.881801198e+21
2.038918243e+21
1.927120536e+21
2.079758487e+21
1.883672319e+21
2.032899314e+21
2.008488328e+21
1.904242573e+21
1.963075218e+21
2.104055106e+21
1.918709644e+21
2.056637631e+21
1.953559581e+21
1.855746598e+21
1.985984181e+21
1.965333761e+21
1.94146151e+21
1.84756824e+21
2.117156625e+21
2.095591807e+21
1.856021859e+21
1.837337755e+21
1.954725146e+21
1.86617562e+21
1.911939618e+21
2.028411309e+21
2.070826076e+21
1.918482873e+21
2.222338333e+21
1.942187513e+21
1.855102152e+21
1.71093546e+21
1.878555863e+21
1.923207763e+21
2.023247653e+21
2.004804561e+21
1.981457878e+21
1.904164517e+21
2.058648687e+21
1.982147909e+21
2.017142555e+21
2.056703423e+21
1.976993453e+21
2.016024753e+21
1.761112855e+21
1.760236511e+21
2.163975127e+21
1.891612488e+21
1.753061242e+21
1.885101099e+21
1.745650326e+21
1.608138969e+21
2.136687361e+21
1.598462047e+21
1.857007615e+21
1.983564538e+21
2.105429564e+21
2.097870845e+21
2.347003468e+21
2.467188089e+21
2.193880239e+21
2.31214793e+21
1.658635489e+21
2.030869765e+21
2.142106197e+21
2.004688627e+21
2.237748112e+21
1.976879217e+21
2.450754113e+21
1.947623841e+21
2.051432471e+21
1.917104608e+21
2.137226372e+21
1.767657352e+21
1.98450326e+21
1.85298876e+21
1.720276904e+21
1.933469955e+21
2.02668982e+21
1.89752479e+21
2.09895682e+21
2.080083593e+21
1.949883234e+21
1.824430083e+21
2.123374211e+21
2.208179918e+21
2.392112869e+21
1.750690143e+21
1.935011279e+21
2.217984173e+21
1.894085332e+21
1.973296609e+21
2.146075614e+21
2.220179978e+21
1.813118597e+21
2.171618206e+21
1.959902578e+21
2.216041827e+21
1.916430723e+21
1.986217762e+21
1.962854534e+21
2.030075583e+21
1.831577422e+21
1.725649802e+21
1.960822999e+21
1.939819713e+21
1.999882861e+21
1.978525934e+21
2.036139699e+21
2.014495313e+21
2.069755682e+21
2.047886719e+21
1.945268074e+21
1.847871288e+21
1.825453483e+21
1.806472572e+21
1.933256046e+21
1.83975924e+21
1.890129809e+21
2.014790023e+21
1.919281579e+21
1.899959152e+21
1.807454203e+21
1.995963513e+21
2.039876942e+21
2.019863889e+21
2.261657845e+21
1.844520557e+21
1.887530557e+21
1.869528685e+21
2.038367178e+21
1.893011633e+21
1.808258607e+21
1.976850522e+21
2.014675051e+21
2.056803466e+21
2.03283098e+21
2.014581666e+21
1.991311762e+21
1.857605776e+21
1.893749567e+21
1.934143798e+21
1.912270369e+21
1.95162153e+21
1.887110314e+21
2.020899613e+21
2.018602546e+21
1.747733754e+21
2.281040899e+21
1.741730886e+21
2.271420953e+21
2.400217077e+21
2.126088719e+21
1.98817159e+21
2.111799987e+21
1.97376238e+21
2.095056327e+21
2.218014228e+21
2.07598897e+21
1.938231666e+21
2.311586267e+21
2.300866557e+21
1.9045092e+21
2.147324605e+21
1.88095714e+21
1.870322443e+21
1.732105281e+21
1.967390763e+21
2.073188318e+21
1.817186785e+21
2.281891347e+21
2.385020719e+21
1.890794646e+21
1.876620935e+21
1.975202928e+21
1.613779515e+21
2.168873816e+21
2.264099809e+21
2.017319088e+21
1.77766242e+21
2.199281869e+21
1.743618859e+21
2.372320329e+21
1.816122149e+21
1.902378568e+21
1.988839715e+21
2.174273079e+21
2.050379499e+21
2.23052071e+21
2.107712768e+21
1.984915028e+21
1.768085572e+21
1.942361923e+21
2.018178485e+21
2.280199994e+21
1.880081174e+21
2.044266935e+21
2.022510851e+21
1.726383211e+21
1.887708014e+21
2.132042442e+21
1.933426279e+21
1.997384684e+21
1.975966637e+21
1.867536737e+21
1.931515956e+21
1.99135082e+21
1.970088718e+21
1.946384263e+21
2.005934108e+21
1.902446982e+21
1.882347656e+21
1.859564788e+21
2.070070355e+21
1.817756262e+21
2.023712641e+21
1.92511965e+21
1.905296613e+21
2.099361893e+21
2.006321814e+21
1.840437993e+21
2.03212804e+21
1.661419071e+21
1.987587076e+21
1.828187601e+21
1.877295655e+21
1.987206542e+21
2.099175278e+21
2.203674093e+21
1.925871692e+21
2.156660108e+21
1.822216334e+21
2.049009312e+21
1.968525042e+21
2.066967962e+21
1.927646666e+21
1.905160709e+21
2.006061219e+21
2.04118521e+21
1.907531967e+21
1.942833193e+21
1.982560666e+21
2.016109244e+21
1.998813322e+21
2.145979096e+21
1.742743508e+21
2.14248422e+21
2.140378105e+21
2.136216834e+21
1.999727541e+21
2.12722895e+21
1.72491535e+21
1.983370034e+21
2.24214514e+21
2.232746886e+21
1.833119516e+21
2.084784805e+21
2.207148201e+21
1.936736809e+21
2.057361516e+21
2.044756274e+21
1.780873684e+21
2.0216514e+21
1.759842235e+21
1.996702382e+21
1.861336481e+21
2.093209805e+21
2.202742077e+21
1.94195792e+21
1.446847146e+21
2.151576106e+21
1.780325906e+21
1.764296886e+21
1.751084953e+21
1.850342928e+21
2.179930413e+21
1.931579567e+21
2.028264188e+21
1.784919655e+21
1.880088333e+21
2.079766857e+21
1.518703964e+21
2.254205626e+21
1.91423598e+21
1.999009471e+21
1.979883755e+21
1.958385363e+21
2.143266673e+21
2.220591243e+21
1.798579612e+21
2.173747841e+21
1.760273838e+21
1.933821779e+21
2.00931467e+21
2.081046755e+21
1.965464579e+21
2.035380533e+21
1.739127858e+21
1.899856775e+21
2.058556935e+21
1.945962939e+21
2.012618384e+21
1.988829914e+21
2.053052899e+21
2.028624182e+21
2.006903986e+21
1.982891269e+21
1.961723156e+21
2.018900803e+21
1.997445361e+21
1.894418594e+21
2.030606417e+21
2.006050212e+21
2.061359444e+21
2.036389142e+21
2.089853212e+21
1.990784201e+21
2.04325813e+21
1.874309725e+21
1.997924491e+21
1.973724076e+21
1.953850497e+21
1.861287045e+21
1.911029595e+21
2.157689246e+21
1.869451125e+21
1.978902615e+21
2.025075998e+21
1.871744479e+21
2.109597765e+21
1.768637562e+21
2.002301647e+21
1.916756017e+21
2.08278623e+21
1.937208193e+21
2.039518635e+21
1.89713689e+21
1.938859231e+21
1.974490849e+21
1.899476591e+21
2.048400879e+21
1.917758057e+21
2.007535181e+21
1.990317342e+21
1.868445863e+21
2.13430984e+21
2.265141677e+21
1.863579189e+21
1.727112313e+21
1.989863873e+21
1.719862731e+21
2.244555773e+21
1.8420533e+21
1.837407998e+21
1.960424474e+21
1.954445855e+21
2.074613508e+21
1.808790218e+21
2.184303148e+21
2.303295575e+21
1.653328474e+21
1.772268463e+21
1.886175843e+21
1.87648033e+21
1.862946469e+21
1.728940689e+21
1.59306948e+21
1.461513381e+21
2.053565568e+21
1.920013463e+21
1.546607476e+21
2.24448968e+21
1.873121692e+21
1.859109055e+21
1.95686135e+21
2.055624661e+21
2.035769049e+21
2.018925346e+21
1.998835206e+21
2.311840247e+21
1.852376245e+21
1.727776785e+21
1.816584878e+21
1.905597768e+21
2.094772637e+21
1.971008092e+21
1.847036753e+21
1.828903433e+21
1.708306655e+21
1.890098225e+21
2.065802673e+21
1.557805181e+21
1.829088585e+21
2.000528374e+21
2.16617106e+21
1.863732276e+21
1.842337322e+21
1.731607407e+21
2.071836541e+21
1.960583564e+21
1.849551801e+21
2.004001892e+21
1.89424602e+21
1.959123513e+21
1.935842299e+21
1.915119905e+21
1.97450329e+21
1.953428339e+21
1.929974744e+21
1.909467031e+21
2.122264892e+21
1.866530923e+21
1.997642968e+21
2.204774984e+21
1.877661385e+21
1.858138527e+21
1.835625579e+21
2.034730154e+21
1.938286984e+21
2.131711252e+21
1.965507001e+21
1.80673504e+21
1.990842076e+21
1.903076354e+21
1.947271105e+21
2.194113289e+21
2.102045653e+21
2.016646708e+21
1.992498326e+21
1.846166793e+21
1.949970958e+21
1.869330041e+21
1.785607183e+21
1.9520827e+21
1.989387641e+21
1.911515018e+21
1.948217262e+21
2.047741633e+21
1.96618651e+21
2.063442506e+21
1.92643794e+21
2.022002323e+21
1.999033735e+21
1.981893282e+21
1.992055079e+21
1.85833283e+21
2.121415977e+21
1.854418491e+21
1.850835045e+21
1.980097032e+21
1.974733092e+21
1.970789802e+21
2.225846564e+21
1.959034382e+21
1.820814027e+21
2.20425251e+21
1.806473356e+21
1.928587452e+21
1.790139691e+21
1.91014001e+21
1.898503663e+21
1.88972786e+21
2.377711797e+21
1.992002296e+21
1.730465203e+21
1.59780498e+21
1.829447679e+21
1.939464146e+21
1.683205864e+21
2.030419596e+21
2.249844521e+21
2.116419986e+21
1.980934061e+21
2.197439188e+21
2.062395222e+21
2.046140421e+21
2.026422816e+21
1.674726757e+21
2.10025969e+21
1.972555843e+21
2.169394325e+21
1.827460913e+21
1.80841086e+21
2.002428122e+21
1.876868316e+21
2.06548595e+21
2.043149507e+21
1.921948916e+21
1.900859476e+21
2.178891343e+21
2.056744367e+21
1.938728489e+21
1.821116581e+21
1.991818584e+21
1.969237923e+21
2.04123039e+21
1.834397732e+21
1.996386199e+21
1.883567044e+21
1.95218524e+21
2.104755915e+21
1.908699782e+21
2.057674798e+21
1.950809171e+21
2.011467387e+21
1.907025824e+21
1.966185977e+21
1.945203372e+21
2.082029416e+21
1.901454332e+21
1.956836873e+21
1.858721817e+21
2.142329429e+21
2.044155721e+21
1.869842927e+21
1.998433788e+21
2.047355969e+21
1.953906173e+21
1.930242738e+21
1.981338973e+21
2.09716935e+21
1.799242988e+21
1.914227651e+21
1.96287436e+21
1.939203735e+21
1.787744358e+21
1.831667819e+21
1.749153454e+21
2.112250642e+21
1.965302409e+21
1.941875257e+21
2.04772403e+21
2.023448817e+21
1.943964103e+21
1.92106568e+21
1.844064083e+21
2.057661288e+21
1.922664339e+21
1.957951732e+21
1.997723884e+21
1.974765517e+21
2.013509243e+21
1.935309434e+21
1.97354023e+21
2.114453712e+21
1.981322701e+21
2.111036477e+21
1.845347415e+21
2.368018566e+21
2.101787307e+21
1.703090148e+21
2.353420537e+21
1.954429824e+21
1.94951084e+21
1.941412506e+21
2.193570921e+21
2.054565782e+21
1.919276171e+21
2.036028813e+21
2.027686622e+21
2.141329758e+21
2.00606299e+21
1.868192085e+21
2.106424076e+21
1.968295937e+21
1.834889312e+21
2.306372519e+21
1.809684962e+21
2.034310795e+21
2.020914717e+21
1.76791685e+21
1.989541924e+21
1.971762054e+21
1.726800919e+21
1.824806847e+21
1.810438485e+21
1.905097452e+21
2.111642376e+21
2.090725134e+21
1.854526321e+21
2.159611513e+21
2.14027499e+21
1.800310072e+21
1.783633519e+21
1.86851626e+21
2.05630882e+21
1.932410712e+21
1.81275559e+21
1.992114799e+21
2.070726489e+21
2.14527778e+21
1.737247385e+21
2.099510679e+21
1.983184307e+21
1.960741444e+21
1.847665262e+21
2.100505222e+21
1.987827317e+21
1.875526485e+21
1.943858559e+21
2.095814956e+21
2.073379162e+21
2.048973607e+21
1.942565102e+21
2.002997357e+21
1.898999873e+21
2.039519209e+21
1.937047379e+21
1.9138396e+21
2.051300983e+21
1.948682197e+21
1.850977781e+21
1.904844354e+21
1.80947653e+21
1.936572881e+21
1.916438105e+21
2.184516452e+21
2.017885994e+21
1.922264985e+21
2.114088267e+21
2.088510441e+21
1.92964457e+21
1.906328686e+21
1.887366829e+21
2.130982547e+21
2.110064022e+21
2.084695548e+21
1.999996908e+21
2.167270583e+21
1.704643965e+21
1.9338465e+21
2.039255641e+21
2.015069779e+21
1.875415482e+21
1.972879106e+21
1.954890225e+21
2.049103323e+21
2.030708407e+21
1.777745735e+21
1.989393174e+21
2.022688678e+21
2.005087212e+21
1.927182678e+21
1.965257295e+21
1.9726407e+21
1.708780235e+21
1.706865917e+21
1.705195747e+21
1.832837325e+21
2.091571398e+21
2.34668207e+21
2.211893742e+21
1.815305202e+21
2.069418075e+21
2.060847079e+21
1.797758411e+21
2.300272331e+21
2.164728285e+21
1.772993243e+21
2.144108332e+21
1.880400284e+21
1.996508157e+21
1.859328196e+21
1.973121167e+21
1.83656802e+21
1.826239815e+21
1.933092402e+21
1.921282729e+21
2.143925131e+21
2.011498413e+21
2.11166091e+21
2.096818808e+21
1.962674591e+21
2.062626274e+21
1.816450732e+21
2.140067206e+21
1.896430711e+21
2.102052103e+21
2.081276755e+21
2.171952256e+21
2.042420708e+21
1.811080315e+21
2.003138187e+21
1.775692175e+21
1.860238207e+21
1.740130947e+21
1.923904936e+21
1.804788128e+21
1.983401777e+21
2.159857184e+21
1.844686478e+21
2.114084124e+21
1.805379247e+21
1.880594822e+21
2.138253011e+21
1.931721952e+21
2.000594302e+21
2.069311577e+21
2.045416593e+21
2.111566481e+21
1.999993403e+21
1.806538214e+21
1.955331292e+21
2.01849435e+21
1.99459836e+21
1.973260378e+21
1.949759808e+21
2.009332806e+21
1.905872779e+21
1.885628997e+21
2.095842822e+21
1.996906174e+21
2.352230873e+21
2.102319623e+21
1.854399729e+21
1.908524389e+21
1.957960863e+21
2.009568064e+21
1.985254865e+21
1.894847033e+21
1.941261224e+21
1.990341113e+21
1.966298021e+21
1.946737817e+21
2.122226626e+21
2.232728777e+21
2.076127459e+21
2.120276275e+21
1.840951439e+21
1.886256787e+21
1.801633289e+21
2.092398127e+21
1.945948945e+21
1.927927826e+21
1.964727159e+21
1.946811813e+21
1.982312929e+21
1.906737752e+21
1.998795844e+21
1.981131656e+21
1.958309101e+21
1.996735342e+21
1.973955999e+21
2.011405917e+21
1.96307473e+21
1.962109909e+21
1.829256826e+21
1.958002409e+21
1.82396909e+21
1.691181635e+21
2.335349835e+21
2.201216618e+21
2.064641098e+21
2.05945479e+21
1.922765748e+21
1.916925294e+21
2.034901804e+21
2.281104915e+21
1.764542607e+21
1.882851011e+21
1.621947124e+21
1.738663422e+21
1.727178153e+21
1.718337419e+21
1.827940426e+21
2.060027678e+21
1.924061541e+21
2.151359162e+21
1.896859993e+21
2.119944125e+21
1.985139532e+21
2.319059715e+21
1.953670508e+21
2.053178791e+21
1.808170797e+21
2.018205632e+21
1.887842468e+21
1.762146144e+21
1.744769171e+21
1.837867672e+21
2.140308214e+21
2.227234858e+21
2.30912555e+21
1.871810716e+21
2.057814644e+21
2.038197053e+21
2.217916929e+21
2.096372131e+21
1.678549945e+21
2.15046427e+21
1.836702764e+21
2.200624927e+21
2.081445634e+21
1.872512754e+21
2.129106228e+21
2.015060194e+21
2.082631958e+21
1.881340212e+21
2.036759046e+21
2.10263617e+21
1.991569046e+21
2.05592482e+21
1.862474297e+21
2.010035737e+21
1.986269507e+21
1.96502499e+21
1.941649217e+21
2.000977987e+21
1.977054177e+21
1.956056983e+21
2.087181062e+21
1.912168433e+21
1.964707058e+21
1.869335093e+21
2.068386205e+21
2.119984505e+21
2.094362227e+21
1.786891453e+21
2.118339657e+21
1.677403419e+21
2.002358528e+21
1.845486411e+21
1.890724721e+21
2.072476811e+21
1.915397768e+21
1.896591438e+21
2.196856356e+21
1.727668845e+21
2.023074031e+21
1.815910956e+21
2.04172759e+21
1.777372446e+21
2.180201647e+21
1.980008762e+21
2.075226684e+21
1.880048381e+21
2.032199192e+21
2.01395621e+21
2.047400608e+21
2.029308141e+21
1.95018332e+21
1.933217962e+21
2.020339771e+21
1.948898268e+21
1.953601089e+21
1.692290225e+21
2.080498571e+21
1.558850528e+21
2.074498582e+21
1.941969979e+21
1.936772101e+21
1.804058182e+21
1.926322027e+21
1.665289424e+21
1.91357605e+21
1.907769174e+21
1.89863465e+21
1.89187409e+21
2.00705388e+21
1.873927128e+21
2.235166678e+21
1.977668971e+21
2.333010482e+21
1.588108117e+21
2.061979315e+21
1.809183173e+21
1.795420001e+21
1.903439028e+21
1.770084937e+21
1.875695645e+21
1.976017266e+21
2.308419301e+21
1.715954703e+21
1.930272043e+21
2.024961755e+21
2.009062769e+21
1.989880581e+21
1.863853637e+21
2.062633897e+21
1.7220236e+21
1.811167584e+21
2.111753843e+21
1.985430019e+21
1.863550333e+21
1.843900214e+21
2.029260291e+21
1.907116061e+21
2.286023011e+21
1.867892282e+21
1.654527085e+21
1.925039851e+21
1.905350644e+21
2.072529191e+21
1.864499856e+21
1.843510753e+21
1.824077529e+21
1.893477697e+21
1.873376974e+21
1.93999298e+21
1.832058443e+21
2.069442117e+21
1.962002915e+21
2.023306038e+21
2.001647721e+21
1.978009922e+21
2.03839381e+21
2.014172733e+21
1.992692359e+21
1.968892161e+21
1.870064909e+21
1.924620928e+21
1.98047207e+21
2.031897545e+21
1.936129102e+21
1.986346299e+21
2.038498458e+21
2.157724178e+21
1.921952809e+21
2.109691721e+21
1.879374093e+21
2.062957481e+21
1.974103608e+21
1.748516846e+21
2.130609018e+21
1.776033748e+21
1.823727009e+21
2.123550873e+21
1.911804573e+21
1.825931764e+21
2.057949773e+21
2.033389413e+21
2.13634228e+21
2.050657376e+21
1.91215396e+21
2.007672914e+21
1.989364364e+21
1.966026963e+21
2.06298857e+21
2.038966976e+21
2.020950281e+21
1.99761397e+21
1.980238609e+21
1.957584163e+21
1.994732141e+21
2.203447574e+21
1.813715072e+21
2.329328995e+21
1.80993352e+21
1.935522435e+21
2.061510972e+21
2.056009392e+21
1.795433007e+21
2.172749105e+21
1.912324957e+21
2.285368532e+21
1.772120098e+21
2.141586326e+21
1.882913119e+21
2.122426591e+21
1.989426599e+21
1.977475667e+21
2.460477597e+21
2.199880939e+21
1.945461182e+21
2.052382974e+21
1.920825361e+21
2.144531942e+21
1.894640894e+21
2.114327155e+21
1.86707646e+21
1.735569225e+21
2.182982278e+21
1.935907935e+21
1.92151104e+21
2.127804461e+21
1.777779885e+21
1.760844465e+21
2.182944127e+21
1.837285874e+21
2.142947809e+21
2.121346936e+21
1.787052722e+21
2.080729291e+21
1.75228684e+21
2.243802448e+21
2.22244171e+21
2.098707976e+21
1.979222777e+21
1.957714092e+21
2.131921418e+21
2.012618863e+21
1.992044239e+21
1.876080741e+21
1.763727482e+21
2.202830017e+21
2.088800451e+21
1.795704606e+21
1.865480863e+21
2.019661973e+21
1.911250236e+21
2.06079805e+21
1.953813484e+21
2.014892493e+21
1.993329421e+21
1.969818745e+21
1.948758729e+21
2.005863329e+21
2.063854069e+21
1.88236537e+21
1.939977936e+21
1.993401287e+21
2.048215888e+21
1.798747425e+21
1.92821494e+21
2.198048857e+21
2.102690274e+21
1.862413686e+21
2.055914293e+21
2.031076969e+21
2.149025629e+21
1.849120393e+21
2.169471783e+21
2.009329426e+21
1.98933559e+21
1.834337163e+21
2.010928921e+21
1.922663083e+21
1.967508694e+21
1.943928179e+21
1.987477958e+21
1.902384575e+21
2.066861144e+21
1.862100735e+21
2.082897498e+21
2.058286972e+21
1.864700385e+21
2.015571681e+21
2.054548948e+21
1.974196913e+21
2.012660983e+21
1.934132394e+21
1.972092042e+21
1.949499665e+21
1.932809341e+21
2.192915567e+21
1.805047392e+21
2.189415251e+21
2.05861876e+21
1.926291349e+21
1.923451808e+21
1.790444785e+21
1.914524907e+21
1.780826487e+21
2.157015636e+21
2.148185378e+21
1.637754605e+21
1.880720253e+21
2.123908187e+21
1.988191113e+21
1.856330751e+21
2.583293865e+21
1.959181997e+21
1.703051551e+21
1.936412718e+21
1.802537242e+21
2.031434486e+21
2.371835298e+21
2.121664185e+21
2.104641938e+21
1.742377618e+21
1.958021959e+21
2.05868586e+21
2.153870425e+21
1.80030984e+21
2.006750015e+21
1.880410919e+21
2.081660339e+21
1.847225881e+21
2.044322058e+21
2.133451043e+21
2.3231909e+21
1.988500411e+21
1.864451553e+21
2.257745567e+21
2.030940786e+21
1.810457846e+21
1.990123858e+21
1.970673951e+21
2.046763695e+21
2.026279877e+21
2.004019992e+21
2.077997929e+21
1.96151792e+21
2.033545854e+21
2.193526387e+21
2.079986755e+21
2.05638519e+21
2.123029756e+21
1.748887499e+21
1.816756182e+21
2.052225894e+21
2.030287446e+21
2.006548631e+21
1.985079972e+21
1.96169513e+21
2.021589761e+21
1.997622203e+21
2.055378277e+21
2.030879396e+21
1.932037136e+21
1.985263793e+21
1.964306257e+21
1.940709144e+21
1.920365216e+21
1.897236827e+21
2.166360558e+21
2.068883981e+21
2.11818318e+21
1.883345363e+21
1.795109145e+21
1.841640068e+21
1.958128895e+21
1.934498785e+21
1.981290821e+21
2.022663632e+21
2.002797802e+21
2.042548007e+21
1.896339574e+21
2.123423321e+21
1.979433903e+21
1.955797059e+21
2.058486775e+21
2.034018466e+21
1.955905995e+21
1.932782093e+21
2.089259973e+21
1.950006415e+21
1.875663254e+21
1.966131269e+21
2.004439408e+21
1.98124005e+21
1.964012229e+21
2.04934176e+21
1.924864083e+21
2.054102364e+21
2.181418341e+21
2.050831578e+21
1.920783693e+21
2.044957756e+21
2.041946169e+21
1.654679455e+21
2.413580498e+21
2.152212734e+21
1.767975035e+21
2.263831874e+21
2.382369725e+21
2.121474462e+21
1.865243451e+21
2.10257282e+21
1.724478847e+21
1.714176008e+21
2.193825957e+21
1.937323935e+21
2.047913536e+21
2.392300925e+21
2.259970644e+21
1.888766414e+21
2.111947192e+21
2.444219222e+21
2.312591958e+21
2.17845803e+21
1.93551456e+21
2.031316351e+21
2.24026526e+21
2.108753462e+21
1.982124544e+21
2.290548459e+21
2.163556192e+21
1.713926339e+21
1.805432367e+21
2.102718669e+21
2.083982841e+21
1.856318328e+21
2.043556565e+21
1.819924324e+21
2.002914112e+21
2.08063032e+21
2.060308591e+21
2.135051006e+21
1.825464393e+21
2.090517823e+21
2.069168053e+21
2.0462324e+21
1.932910787e+21
2.00227593e+21
1.89113868e+21
2.047782666e+21
2.026066344e+21
2.002849544e+21
1.895352917e+21
1.873414361e+21
2.021883155e+21
1.998273589e+21
1.976898523e+21
1.953638243e+21
1.932759558e+21
1.909870578e+21
1.889512447e+21
2.100389961e+21
2.078093965e+21
2.205330059e+21
1.956321915e+21
2.081519556e+21
1.912579144e+21
2.034911416e+21
1.941836204e+21
1.989475726e+21
2.250270015e+21
2.084166439e+21
1.856632758e+21
1.97008817e+21
2.01748769e+21
1.727394307e+21
2.039087884e+21
1.949535564e+21
2.123424573e+21
2.097894753e+21
1.951657205e+21
2.052663975e+21
1.9714547e+21
1.82616233e+21
1.92958117e+21
1.90663516e+21
1.888971262e+21
1.983289528e+21
1.90740098e+21
1.942093653e+21
2.037875178e+21
2.014077869e+21
1.996284729e+21
1.973153339e+21
1.955998354e+21
1.987238501e+21
1.91698388e+21
1.916603591e+21
1.915669516e+21
1.658417888e+21
2.039145657e+21
1.78088478e+21
1.778264574e+21
2.280291669e+21
2.402204373e+21
2.142089443e+21
2.262424046e+21
2.00285782e+21
1.87200297e+21
1.738931371e+21
2.227838877e+21
2.092784574e+21
2.084269999e+21
1.828104057e+21
2.547611652e+21
2.048910624e+21
1.918565973e+21
2.143188532e+21
1.894408739e+21
1.997653041e+21
2.102318799e+21
1.96967221e+21
2.071898689e+21
1.826213135e+21
2.040134816e+21
2.022206332e+21
2.230233868e+21
1.657385779e+21
2.082933006e+21
1.737451488e+21
2.26169034e+21
1.706385262e+21
1.797501639e+21
2.302879354e+21
2.178631819e+21
1.950936628e+21
1.932959956e+21
1.610729174e+21
2.193711764e+21
1.973055027e+21
2.246865344e+21
1.932683279e+21
2.104699072e+21
2.081661805e+21
1.873102637e+21
1.944995632e+21
1.92477863e+21
1.993890173e+21
1.883225796e+21
1.950588694e+21
2.105356483e+21
2.081267332e+21
2.059094203e+21
1.950489854e+21
2.013548155e+21
1.99006652e+21
1.968784237e+21
1.945647267e+21
2.085262924e+21
1.98134145e+21
2.038633842e+21
2.014383352e+21
1.993002934e+21
1.81771062e+21
1.948402218e+21
1.850993842e+21
1.978119644e+21
1.809563693e+21
2.005641532e+21
1.981473199e+21
1.961065797e+21
1.868215247e+21
2.054637916e+21
1.894520987e+21
1.875430969e+21
1.786638199e+21
2.09642124e+21
1.876993984e+21
1.794466935e+21
1.836209631e+21
1.943826859e+21
1.982472661e+21
2.08626079e+21
1.879451845e+21
2.101997043e+21
2.017647397e+21
2.05774637e+21
1.801002276e+21
1.899709519e+21
1.991134404e+21
1.973260499e+21
2.005915982e+21
1.988196132e+21
1.965132373e+21
1.948049611e+21
1.925641918e+21
2.015232821e+21
2.034743618e+21
2.033753597e+21
1.90454925e+21
2.156393269e+21
1.772511018e+21
2.022749235e+21
2.017413428e+21
2.013418935e+21
2.132060939e+21
2.251837348e+21
1.868914448e+21
2.11170598e+21
1.483578937e+21
1.724708843e+21
1.838017978e+21
1.708510719e+21
1.819669519e+21
1.811334962e+21
1.55961901e+21
1.790405059e+21
2.014874504e+21
1.885763929e+21
1.754625028e+21
1.7439815e+21
2.191450982e+21
1.947963656e+21
2.158886477e+21
1.918151656e+21
1.901334457e+21
1.998262721e+21
2.200042712e+21
1.964563501e+21
2.162239179e+21
2.358960577e+21
2.123637817e+21
2.105459154e+21
1.771752509e+21
2.0658711e+21
2.146973397e+21
2.025909344e+21
2.104997783e+21
1.886440454e+21
1.473472454e+21
2.042738149e+21
1.92448131e+21
2.09577879e+21
1.884436822e+21
2.051731526e+21
1.936838428e+21
1.916714613e+21
2.075827744e+21
2.143290118e+21
2.119087042e+21
1.921910586e+21
2.07267622e+21
1.965159599e+21
2.026932039e+21
2.005281593e+21
1.981926589e+21
1.960736289e+21
2.018459787e+21
1.917020952e+21
1.894368179e+21
1.952272613e+21
1.929072516e+21
1.908600048e+21
1.885812612e+21
1.865909985e+21
1.991032339e+21
1.897194887e+21
1.874393001e+21
1.926249559e+21
2.044018179e+21
2.162481168e+21
1.998573652e+21
1.841775178e+21
1.886948896e+21
1.86793385e+21
1.779501324e+21
1.957542226e+21
1.740566441e+21
1.978794252e+21
1.891938483e+21
1.936059094e+21
1.912842567e+21
1.955687737e+21
2.053084489e+21
2.033765947e+21
2.00956029e+21
2.049497099e+21
2.025223877e+21
2.064087097e+21
2.039780362e+21
1.909165981e+21
1.997819978e+21
1.980172818e+21
2.011542365e+21
1.940165211e+21
2.024364048e+21
1.954232563e+21
1.518900327e+21
2.024216668e+21
2.021998767e+21
2.020037506e+21
1.51218483e+21
2.013285492e+21
1.882490434e+21
2.129268646e+21
1.747633092e+21
2.36586867e+21
1.736215725e+21
1.978259303e+21
2.461182469e+21
1.961975603e+21
1.829540265e+21
1.822111114e+21
1.932066618e+21
2.04342752e+21
2.149601249e+21
1.66341454e+21
2.005710627e+21
2.229172219e+21
2.096024988e+21
2.08332301e+21
1.951951726e+21
2.281427565e+21
1.696762094e+21
2.021915117e+21
1.892883183e+21
1.989394382e+21
2.190324343e+21
2.390543411e+21
1.722198447e+21
2.028355955e+21
2.114375563e+21
1.991476491e+21
1.971612637e+21
1.954086135e+21
1.730542298e+21
1.91633956e+21
1.996182155e+21
1.977243277e+21
2.054090321e+21
1.840344372e+21
2.012166095e+21
2.086933803e+21
2.064172978e+21
1.764515318e+21
1.928749361e+21
1.908717885e+21
1.977327632e+21
1.77866384e+21
2.11033209e+21
1.913977105e+21
1.892142764e+21
1.95708745e+21
2.018638743e+21
1.99708263e+21
1.973852977e+21
1.95275387e+21
1.929859837e+21
1.988799354e+21
2.043936886e+21
1.944384638e+21
1.921301087e+21
1.976950078e+21
2.103626564e+21
1.858416966e+21
1.909609248e+21
1.889595197e+21
1.866900149e+21
1.776434902e+21
1.965659742e+21
1.945414504e+21
1.990609722e+21
1.970319294e+21
1.81231434e+21
1.926942734e+21
1.838066471e+21
2.07973551e+21
1.990478186e+21
1.97092042e+21
2.0100375e+21
1.866148224e+21
1.966684787e+21
2.069642106e+21
1.984756337e+21
2.02565709e+21
2.001537754e+21
2.041313704e+21
2.074755507e+21
2.0558304e+21
1.918736037e+21
2.013365858e+21
1.989789063e+21
1.972214e+21
1.949284498e+21
1.932344375e+21
1.910058537e+21
1.893725703e+21
1.637793913e+21
2.26661486e+21
2.264138045e+21
1.884953527e+21
1.63056914e+21
1.878665523e+21
2.248485517e+21
1.620696636e+21
2.23653496e+21
1.859132024e+21
1.72818626e+21
1.969115934e+21
1.592395294e+21
1.952939394e+21
1.942549759e+21
2.055586083e+21
2.16363816e+21
2.153747419e+21
2.496456501e+21
1.892404254e+21
2.231527345e+21
1.985503166e+21
2.318428593e+21
2.304392517e+21
1.714597516e+21
2.15766399e+21
2.027049594e+21
1.789268232e+21
2.106213378e+21
1.650503675e+21
1.962622309e+21
1.839126959e+21
1.929005907e+21
2.12579546e+21
2.21045344e+21
1.878482187e+21
1.549820012e+21
1.945667888e+21
1.621762527e+21
1.60685144e+21
1.689525964e+21
1.870390343e+21
1.8505941e+21
1.736112734e+21
2.003698683e+21
1.889239237e+21
2.055538301e+21
1.942105211e+21
2.012190797e+21
1.991301301e+21
1.521615228e+21
2.125576599e+21
2.014080466e+21
2.079391476e+21
1.884396278e+21
1.864338677e+21
1.926645824e+21
1.98895044e+21
1.965844874e+21
1.944836182e+21
1.922061811e+21
1.901536597e+21
1.957411894e+21
2.09148496e+21
1.913592023e+21
1.817557141e+21
2.02038192e+21
1.999062598e+21
2.12144971e+21
1.954442924e+21
1.859466964e+21
2.052460115e+21
1.88792417e+21
1.93768217e+21
1.845970458e+21
1.962498207e+21
1.938841463e+21
1.985483579e+21
2.026937609e+21
1.812555371e+21
1.91863668e+21
2.026435097e+21
2.002070937e+21
1.982666667e+21
2.20374537e+21
2.000801313e+21
1.916970761e+21
2.076954187e+21
2.052213694e+21
1.975104102e+21
1.951684985e+21
1.99076062e+21
1.854866447e+21
2.005326571e+21
1.981822456e+21
1.964318902e+21
1.94145603e+21
2.031507801e+21
1.902361048e+21
2.095664319e+21
1.880981372e+21
2.256084728e+21
2.253626003e+21
1.876203883e+21
1.747855644e+21
2.119285033e+21
1.989404202e+21
1.737291265e+21
1.855174432e+21
1.850552909e+21
1.720230721e+21
2.082560239e+21
2.072809526e+21
1.700987785e+21
2.054526287e+21
2.046199422e+21
1.794826514e+21
1.786629627e+21
2.130127081e+21
1.883841516e+21
1.98763069e+21
1.976565025e+21
1.961829386e+21
2.064667424e+21
2.048344147e+21
2.148058093e+21
2.130179755e+21
2.115352297e+21
1.87620404e+21
1.971891772e+21
1.519800048e+21
2.261930687e+21
1.920612249e+21
2.116560333e+21
1.991286775e+21
2.078192285e+21
2.057548589e+21
2.039286171e+21
2.220403606e+21
2.200002948e+21
1.979245212e+21
1.862467271e+21
1.939780923e+21
2.112981929e+21
1.900287844e+21
1.881332663e+21
1.860886875e+21
2.118217264e+21
2.00385664e+21
2.163340515e+21
1.871899892e+21
2.028627969e+21
2.00582754e+21
1.898305028e+21
1.962018097e+21
1.941140476e+21
2.002254091e+21
1.98088421e+21
1.957901489e+21
1.936982442e+21
1.994090156e+21
1.893887846e+21
1.871580777e+21
2.08310225e+21
1.905944575e+21
1.961153755e+21
1.863269877e+21
1.917354431e+21
2.258743594e+21
1.946676136e+21
2.065795743e+21
2.114814637e+21
1.880450379e+21
2.067868992e+21
2.042969757e+21
2.022143758e+21
1.931184047e+21
1.845797873e+21
1.888682737e+21
2.127791831e+21
1.974766542e+21
2.144587569e+21
2.056485003e+21
1.974837552e+21
1.951146387e+21
2.053286092e+21
1.969058186e+21
2.009631828e+21
1.985683323e+21
2.083002595e+21
2.058290057e+21
1.982860445e+21
1.903473947e+21
1.997351229e+21
1.973919387e+21
1.956486763e+21
1.933690189e+21
1.9701373e+21
1.89472535e+21
2.087256971e+21
1.747462976e+21
2.12089354e+21
2.243211122e+21
1.992037432e+21
1.988330178e+21
2.109506878e+21
1.98023983e+21
1.85281209e+21
2.092868661e+21
2.087659623e+21
1.83465867e+21
2.073022959e+21
1.941970104e+21
1.572280454e+21
2.045179284e+21
2.036898097e+21
2.144034685e+21
1.897113173e+21
1.884908195e+21
1.758146174e+21
1.629527863e+21
2.083454467e+21
2.182846666e+21
1.598694506e+21
2.152544519e+21
2.363646541e+21
1.897539776e+21
1.995187679e+21
1.977855047e+21
2.181394947e+21
1.945509886e+21
1.608632231e+21
2.018529727e+21
2.107405099e+21
2.087067307e+21
1.965796617e+21
1.741434488e+21
1.827518335e+21
1.909469492e+21
1.991513738e+21
1.872339861e+21
2.049833256e+21
1.931637018e+21
1.817197312e+21
2.081593764e+21
1.967166592e+21
2.038483867e+21
2.017725466e+21
1.904882542e+21
1.974890875e+21
1.952993392e+21
2.108153473e+21
1.997641972e+21
1.976499607e+21
1.869092047e+21
1.933264049e+21
1.994161104e+21
1.972883142e+21
2.031272957e+21
2.009574872e+21
2.065541075e+21
2.043492079e+21
1.941777413e+21
2.074786468e+21
1.898358009e+21
1.95334988e+21
1.855874922e+21
1.983198267e+21
2.177227704e+21
1.867157099e+21
2.057635622e+21
2.036245816e+21
1.734292155e+21
1.922400447e+21
1.831432578e+21
1.947040839e+21
1.98991746e+21
1.838535343e+21
2.010998744e+21
1.990974084e+21
2.157358532e+21
1.884842376e+21
1.73803505e+21
2.028540964e+21
1.822002092e+21
2.105357725e+21
2.080168646e+21
2.001713906e+21
1.919677869e+21
1.959518096e+21
1.936257452e+21
1.975022724e+21
1.951696343e+21
1.989439074e+21
1.966079099e+21
1.948716833e+21
2.032985463e+21
1.962290538e+21
1.939571558e+21
2.026943889e+21
1.4909298e+21
1.738578553e+21
2.108842502e+21
2.354664984e+21
2.226595224e+21
2.09981854e+21
1.971159503e+21
1.721364643e+21
1.960747954e+21
1.833630041e+21
1.948042713e+21
2.427732512e+21
2.053963016e+21
2.167113798e+21
1.796397303e+21
1.669854901e+21
1.897213829e+21
1.888565797e+21
2.345558438e+21
1.750262272e+21
1.853998865e+21
1.613234831e+21
2.173147456e+21
1.705285821e+21
1.917450404e+21
2.017042698e+21
2.11146234e+21
1.765719884e+21
2.188019136e+21
1.846100315e+21
2.259909276e+21
2.135547522e+21
1.90404218e+21
1.99341229e+21
1.766402543e+21
1.957383203e+21
2.244021246e+21
2.021939775e+21
2.001459686e+21
2.082251382e+21
1.864463597e+21
1.944021906e+21
2.115917331e+21
1.904853134e+21
1.696044598e+21
1.772430584e+21
1.937786775e+21
2.192072026e+21
1.987393735e+21
1.966786676e+21
1.945014534e+21
2.012067393e+21
1.903021943e+21
2.054059111e+21
2.030763027e+21
2.009166556e+21
1.986133276e+21
1.964946448e+21
1.942205755e+21
1.921463728e+21
1.899041319e+21
1.957055697e+21
2.088777734e+21
1.989998415e+21
1.890831599e+21
1.870776793e+21
2.070363046e+21
1.902198665e+21
2.024066567e+21
2.002856891e+21
1.908192148e+21
1.888356125e+21
1.934778141e+21
1.709687162e+21
2.026943523e+21
1.872527139e+21
2.048190576e+21
1.896734373e+21
1.744655469e+21
2.111121776e+21
2.02250425e+21
2.002623883e+21
1.916716141e+21
2.143053677e+21
1.935851593e+21
2.097103819e+21
1.894406218e+21
1.935215246e+21
1.970078089e+21
1.951816975e+21
1.871910235e+21
2.02345377e+21
1.943995465e+21
1.981589356e+21
1.958300847e+21
1.941008373e+21
1.971630727e+21
1.954506032e+21
1.984060624e+21
1.967110882e+21
1.731446957e+21
2.225073305e+21
1.852222918e+21
2.09716038e+21
2.093278929e+21
1.967264739e+21
1.594256683e+21
1.835903934e+21
1.951819233e+21
2.068655364e+21
2.060397071e+21
2.416715391e+21
2.405491408e+21
2.037462601e+21
2.2651779e+21
1.781070747e+21
1.652609195e+21
2.232612926e+21
2.21832236e+21
1.858612012e+21
1.730394523e+21
2.064946245e+21
1.480312778e+21
2.037302202e+21
2.021309792e+21
1.785049955e+21
1.659652454e+21
1.977758521e+21
1.633878765e+21
2.054330444e+21
2.035842923e+21
1.913699063e+21
2.317166994e+21
2.0893302e+21
2.069250347e+21
1.949041498e+21
2.031366207e+21
2.013376771e+21
2.092674373e+21
2.172225244e+21
1.66121613e+21
1.451917699e+21
1.723997382e+21
1.70724006e+21
1.970529874e+21
1.950905346e+21
1.929814187e+21
2.092102667e+21
2.069229822e+21
2.04778275e+21
2.11320066e+21
1.916762517e+21
1.981469639e+21
1.875272297e+21
1.938308692e+21
2.001079732e+21
1.978169824e+21
1.957073356e+21
2.015054043e+21
1.993538801e+21
2.049114031e+21
1.949277487e+21
1.849335079e+21
2.058352507e+21
1.958699218e+21
1.937926978e+21
1.988560499e+21
2.113330694e+21
1.944112709e+21
1.781242393e+21
1.971110462e+21
2.089950716e+21
1.927208762e+21
2.043597729e+21
1.817121895e+21
1.798595749e+21
2.17182156e+21
2.084777596e+21
1.866579008e+21
2.102884317e+21
2.077572167e+21
1.87013501e+21
2.032414648e+21
2.012708002e+21
2.109071307e+21
1.909864575e+21
2.004939932e+21
2.102891059e+21
1.962367091e+21
2.0013578e+21
1.977574021e+21
2.015518328e+21
1.991679552e+21
1.97380134e+21
2.05894967e+21
1.98706512e+21
1.963837704e+21
2.052014562e+21
2.0281968e+21
2.062434854e+21
2.339101589e+21
2.091873379e+21
2.08961748e+21
2.333203531e+21
1.593455823e+21
1.958311912e+21
1.587012704e+21
1.827565054e+21
1.700100029e+21
2.180416654e+21
2.051083724e+21
2.044928139e+21
1.795990704e+21
2.028289955e+21
1.78027208e+21
2.364111371e+21
1.880254755e+21
1.754718788e+21
1.74351538e+21
2.197292622e+21
1.952431358e+21
1.713179084e+21
2.04063664e+21
2.253712169e+21
1.788849978e+21
2.110474845e+21
1.98290936e+21
1.859759989e+21
1.843712292e+21
2.260760251e+21
2.027082081e+21
1.799616813e+21
1.468254342e+21
1.872367672e+21
2.266501003e+21
1.940770591e+21
1.820507577e+21
1.804397392e+21
2.08389044e+21
2.163121235e+21
1.75159725e+21
2.024217687e+21
2.002991018e+21
2.077987174e+21
1.962408549e+21
2.035392986e+21
2.013426311e+21
1.992951599e+21
1.702399251e+21
2.128119481e+21
2.016944035e+21
2.082547836e+21
1.887677739e+21
1.867718426e+21
2.014468575e+21
1.993057745e+21
1.970269976e+21
1.949263103e+21
2.08732298e+21
1.906191704e+21
1.883998249e+21
1.863898425e+21
2.072291512e+21
2.126167316e+21
1.87595641e+21
2.15303417e+21
1.980761152e+21
1.959868334e+21
1.793061967e+21
1.916216617e+21
1.963415546e+21
2.081792157e+21
2.056819692e+21
1.967778981e+21
2.011166771e+21
2.05701677e+21
1.966706722e+21
1.946878561e+21
2.051669653e+21
1.967758717e+21
2.006787921e+21
1.800771495e+21
2.024515925e+21
1.944129788e+21
2.040844393e+21
1.902435338e+21
2.055873759e+21
2.036516305e+21
2.012207874e+21
2.050512261e+21
1.913568107e+21
2.007644884e+21
1.983882441e+21
1.966074301e+21
1.942927529e+21
2.032760357e+21
1.903238312e+21
2.043938195e+21
1.916585446e+21
2.002934205e+21
1.715721855e+21
1.714897612e+21
1.957774889e+21
1.955889554e+21
1.708253052e+21
1.949440202e+21
1.579834258e+21
1.698014811e+21
2.175978987e+21
1.567642456e+21
2.161963264e+21
2.275229506e+21
2.145522911e+21
2.137975973e+21
1.890472047e+21
1.882845469e+21
1.871888409e+21
1.863379625e+21
2.08295119e+21
2.187570286e+21
2.172510813e+21
1.933054852e+21
1.693073835e+21
2.243842434e+21
1.89236433e+21
1.880095879e+21
1.754943108e+21
1.851707276e+21
2.159722866e+21
2.036645508e+21
2.018396318e+21
2.002731463e+21
2.088573691e+21
1.864406445e+21
1.846561512e+21
1.932569584e+21
2.11499228e+21
2.295936503e+21
2.173998033e+21
2.056179891e+21
1.938134151e+21
2.11181231e+21
1.899733926e+21
1.975354362e+21
1.861289421e+21
1.750633524e+21
2.096356044e+21
2.075047749e+21
2.052436784e+21
2.031180498e+21
1.92146439e+21
2.074150291e+21
2.05101606e+21
1.944780856e+21
1.922818222e+21
1.985099818e+21
1.962432973e+21
2.022411397e+21
1.999092081e+21
1.89864637e+21
2.03294621e+21
2.088617495e+21
2.217045283e+21
2.117813019e+21
1.943350489e+21
1.922745714e+21
1.973022746e+21
1.95221319e+21
2.143289353e+21
2.120833438e+21
2.025629778e+21
2.142820284e+21
1.912246306e+21
2.027730963e+21
1.736254118e+21
1.982943375e+21
1.959089669e+21
2.13327071e+21
2.107594378e+21
2.023370431e+21
1.999020998e+21
1.855655389e+21
1.894455429e+21
1.876082688e+21
2.092730698e+21
2.072725896e+21
1.872366705e+21
2.086577436e+21
2.061661529e+21
1.985810002e+21
2.018247564e+21
1.999832715e+21
1.976146142e+21
1.958407526e+21
1.989090225e+21
1.918244607e+21
1.895774617e+21
2.035925154e+21
2.063831356e+21
1.892746271e+21
1.829963498e+21
2.194902868e+21
2.070739816e+21
2.068747682e+21
1.700546916e+21
2.061939044e+21
1.693698956e+21
1.931853338e+21
1.925514404e+21
1.920742571e+21
1.913136333e+21
1.788191943e+21
2.017279776e+21
1.89194374e+21
1.882062694e+21
2.343096125e+21
1.980070949e+21
1.739187052e+21
1.612928845e+21
1.604793184e+21
2.049135991e+21
1.584949618e+21
2.022818693e+21
1.787247014e+21
1.773315332e+21
2.092172123e+21
2.184207644e+21
1.952178351e+21
1.82788481e+21
2.241381653e+21
2.009784671e+21
1.994199802e+21
2.183702784e+21
2.165931406e+21
2.043088072e+21
2.228296161e+21
1.905549706e+21
1.888711603e+21
2.066541955e+21
1.657608374e+21
2.026621834e+21
1.816303527e+21
2.08111435e+21
1.967242684e+21
1.946365084e+21
2.110536274e+21
2.178611705e+21
1.976770917e+21
2.044142067e+21
2.110935564e+21
1.652775941e+21
1.979744357e+21
1.957696225e+21
2.02122741e+21
1.998433528e+21
1.977205188e+21
1.954658069e+21
1.933828131e+21
2.070853779e+21
2.048757245e+21
1.86919163e+21
2.157466589e+21
1.979912996e+21
1.883503677e+21
1.786860903e+21
1.988907158e+21
2.256506728e+21
1.87259474e+21
2.277300741e+21
2.042181645e+21
2.087362024e+21
2.134520141e+21
2.108943136e+21
2.019889616e+21
1.995633718e+21
1.909442142e+21
2.016582437e+21
1.931853658e+21
1.654125976e+21
1.952580261e+21
1.866856842e+21
1.971732626e+21
1.948025448e+21
2.049701965e+21
2.14421655e+21
2.123717537e+21
1.981704578e+21
1.96304211e+21
1.882545245e+21
1.978126342e+21
1.954580153e+21
1.992081108e+21
1.968469945e+21
2.00498921e+21
2.034893352e+21
2.123083195e+21
1.888369232e+21
1.923975993e+21
1.901561679e+21
2.038196179e+21
1.821728373e+21
1.820855879e+21
1.940167827e+21
2.180591045e+21
2.176598565e+21
2.535665692e+21
2.288287563e+21
1.802996817e+21
1.916902984e+21
2.031666277e+21
1.666528787e+21
1.898903202e+21
1.890176744e+21
2.001260957e+21
1.756619835e+21
1.982818791e+21
1.971338177e+21
1.500653993e+21
2.179364163e+21
2.168381458e+21
1.926839284e+21
1.690749233e+21
1.902135569e+21
1.779488039e+21
2.207060938e+21
2.302417113e+21
1.957336053e+21
1.943798042e+21
2.141261809e+21
1.806708516e+21
2.001246196e+21
2.194765841e+21
2.070934982e+21
2.054094872e+21
1.525885283e+21
1.613788424e+21
1.897601825e+21
2.078829867e+21
1.959976747e+21
2.136261392e+21
1.826055783e+21
2.094436061e+21
1.978383046e+21
1.959197355e+21
2.030748052e+21
2.010565607e+21
2.079385361e+21
2.058268647e+21
2.035914124e+21
2.014845283e+21
2.079358455e+21
2.057556747e+21
1.865119843e+21
2.013182825e+21
1.990511353e+21
1.969373102e+21
1.946944528e+21
2.006460362e+21
1.983381012e+21
2.040711286e+21
2.017031526e+21
1.842022322e+21
2.048044426e+21
2.176346272e+21
1.854077346e+21
1.834423515e+21
1.957725922e+21
2.008824653e+21
2.126713879e+21
1.893990258e+21
1.940687102e+21
1.851924818e+21
2.033051133e+21
1.945038393e+21
1.855426367e+21
1.902095986e+21
1.879230168e+21
1.924427838e+21
1.964651515e+21
1.882334038e+21
1.859686997e+21
1.964158149e+21
2.00118388e+21
1.861664745e+21
1.839310909e+21
1.998021069e+21
1.974078677e+21
1.897972063e+21
1.818463456e+21
1.857901803e+21
2.002663436e+21
1.984389361e+21
2.015321295e+21
1.943251969e+21
1.973656935e+21
1.956234291e+21
1.881021477e+21
2.02008609e+21
1.996523602e+21
2.030242732e+21
2.297184909e+21
2.054393065e+21
2.17291784e+21
2.050229767e+21
2.287248987e+21
1.803094596e+21
2.158176933e+21
2.034280677e+21
2.027641261e+21
1.784668916e+21
2.014657341e+21
2.363096391e+21
2.234651662e+21
1.640808785e+21
1.865466452e+21
1.974083526e+21
1.962682096e+21
1.72392786e+21
1.713029594e+21
2.045285747e+21
1.805606622e+21
2.020083079e+21
1.893903143e+21
1.8825334e+21
1.977804195e+21
1.965016539e+21
2.490334678e+21
2.043016563e+21
1.918934216e+21
2.116507092e+21
2.307429433e+21
1.977352708e+21
2.268449569e+21
2.045470954e+21
1.924710466e+21
1.908377211e+21
1.889719968e+21
1.873045778e+21
1.756697091e+21
1.934050665e+21
2.201418766e+21
1.706608414e+21
1.87648972e+21
2.044132685e+21
2.022514282e+21
2.184462398e+21
2.071002642e+21
2.049980445e+21
1.851425879e+21
2.00677581e+21
1.898477712e+21
2.049359142e+21
1.94216169e+21
2.005202021e+21
1.982651741e+21
1.96160282e+21
1.939291627e+21
1.998578831e+21
1.896593013e+21
1.95454642e+21
1.931891595e+21
1.987747619e+21
1.888970061e+21
1.943629495e+21
1.920773187e+21
2.046600354e+21
1.950166113e+21
2.001069166e+21
1.97728712e+21
1.74694038e+21
2.002271276e+21
2.118111274e+21
1.890233228e+21
2.138013295e+21
1.848316179e+21
2.025482424e+21
2.001141404e+21
1.98096085e+21
1.767733826e+21
1.937634173e+21
2.161334016e+21
1.956641644e+21
1.751886119e+21
2.034010032e+21
2.00958369e+21
2.048908225e+21
1.966511243e+21
1.947988567e+21
2.037917819e+21
1.962936032e+21
1.994961277e+21
1.976756784e+21
2.06181147e+21
1.935761814e+21
2.019165692e+21
2.054009305e+21
1.97782683e+21
2.063854993e+21
1.988759271e+21
2.022351117e+21
2.166574193e+21
1.56400087e+21
2.163233966e+21
1.921030187e+21
1.557994377e+21
2.034414314e+21
2.02922243e+21
1.667849591e+21
1.781164848e+21
2.013663383e+21
2.005752013e+21
2.235023999e+21
2.107710919e+21
1.983638311e+21
1.97335746e+21
1.734198431e+21
1.839154541e+21
1.601971686e+21
2.046688802e+21
2.036393377e+21
2.022509013e+21
1.787860766e+21
1.99666765e+21
1.764170454e+21
1.750512752e+21
2.174005918e+21
1.617208765e+21
1.713112388e+21
1.910802314e+21
1.896796073e+21
1.879943746e+21
1.969035456e+21
1.950912122e+21
1.935073191e+21
2.118458051e+21
2.200517724e+21
1.881903317e+21
2.258006742e+21
2.138247203e+21
2.118722368e+21
1.90645485e+21
1.982918725e+21
2.055754294e+21
2.128378939e+21
1.922785784e+21
1.813043451e+21
1.973005185e+21
2.041758725e+21
1.844033157e+21
1.911867642e+21
1.890937219e+21
1.871124382e+21
2.018594617e+21
1.997284244e+21
1.974853953e+21
2.035305848e+21
2.012186096e+21
1.911128616e+21
1.967914968e+21
2.024807481e+21
2.001364078e+21
2.132341541e+21
2.032192491e+21
1.861644822e+21
2.060545358e+21
2.184329699e+21
1.942664465e+21
1.850989522e+21
1.969699962e+21
2.088285486e+21
2.063383826e+21
2.041936533e+21
1.815757453e+21
2.129840297e+21
1.972778867e+21
1.952660643e+21
1.929202474e+21
2.10072077e+21
2.012566251e+21
1.992512625e+21
2.030062393e+21
2.131918303e+21
1.985925679e+21
2.085849522e+21
2.060797509e+21
1.924456452e+21
1.901383911e+21
1.940548044e+21
1.917339634e+21
1.899558657e+21
1.987318134e+21
1.969182696e+21
1.945795043e+21
1.981893878e+21
2.01139268e+21
1.993639073e+21
1.918343302e+21
2.055888793e+21
1.879462527e+21
1.913794583e+21
2.156954141e+21
2.03615209e+21
2.27328247e+21
2.032040427e+21
2.028349312e+21
1.787119395e+21
1.544894578e+21
1.897685725e+21
2.127965351e+21
2.004781052e+21
1.761992706e+21
2.225193668e+21
2.098465254e+21
1.858769753e+21
1.964732868e+21
1.956841877e+21
2.174489647e+21
1.822863039e+21
1.924607428e+21
2.140221218e+21
2.013786468e+21
1.78015906e+21
1.988100249e+21
2.085974525e+21
1.960921859e+21
2.164739793e+21
1.932413977e+21
1.919083325e+21
2.008446767e+21
2.098670766e+21
1.976060597e+21
2.063987242e+21
2.147279975e+21
1.825594696e+21
2.009217069e+21
1.792973058e+21
2.071430125e+21
1.857637693e+21
1.935902242e+21
1.822324902e+21
2.183500608e+21
1.786778398e+21
2.047437735e+21
2.119780118e+21
1.915052463e+21
2.076624637e+21
1.965114937e+21
1.945185181e+21
2.099084845e+21
2.077387026e+21
1.969068043e+21
1.948443414e+21
2.010648783e+21
1.989428749e+21
2.049080481e+21
2.027338297e+21
1.924164904e+21
2.062320078e+21
1.881861163e+21
2.016948175e+21
1.993621275e+21
1.896514344e+21
2.02435819e+21
2.077007352e+21
1.979318964e+21
1.885813174e+21
2.006895135e+21
1.985736465e+21
1.82201575e+21
2.01096053e+21
1.986995945e+21
1.898537981e+21
2.076819824e+21
2.121729547e+21
1.768748825e+21
2.074916193e+21
1.985935039e+21
1.902489e+21
2.00492376e+21
2.109003721e+21
1.899787607e+21
2.002460533e+21
2.038334515e+21
2.018556539e+21
1.994309736e+21
1.917141189e+21
2.008947607e+21
1.876306374e+21
2.022390198e+21
1.947977242e+21
1.979733333e+21
1.961666428e+21
2.046038628e+21
1.920953403e+21
2.003679284e+21
2.142783885e+21
2.065908155e+21
1.843185467e+21
2.125211179e+21
2.056919278e+21
2.266720205e+21
2.027152537e+21
2.144122875e+21
1.904062356e+21
1.900612722e+21
2.016469143e+21
1.53809128e+21
1.653165356e+21
2.118615771e+21
1.995976738e+21
1.871223973e+21
2.09884683e+21
1.857155864e+21
1.966323317e+21
1.956183335e+21
1.719117797e+21
2.051114851e+21
2.268712801e+21
1.916303273e+21
2.243154009e+21
2.005138835e+21
1.994088851e+21
1.869627943e+21
2.186392902e+21
1.844111183e+21
2.047774706e+21
2.138052284e+21
2.229481519e+21
2.000007067e+21
1.880878378e+21
2.0713744e+21
2.055378008e+21
2.240190157e+21
2.020028279e+21
1.900877867e+21
1.785583934e+21
1.964697284e+21
1.947398236e+21
1.735207468e+21
2.005947677e+21
1.985550426e+21
2.15418786e+21
1.946497821e+21
2.111250496e+21
1.907381099e+21
2.068316323e+21
2.046255162e+21
2.025511555e+21
1.829423426e+21
2.06916585e+21
2.046583108e+21
2.025153622e+21
2.002765258e+21
1.981634805e+21
1.959440952e+21
1.938655569e+21
1.996551763e+21
1.896289363e+21
2.03079579e+21
1.931874659e+21
2.062320387e+21
1.889209029e+21
1.941895762e+21
1.847351956e+21
1.971741934e+21
2.023103678e+21
1.856431763e+21
2.048806387e+21
2.16413103e+21
1.796065515e+21
1.979445349e+21
1.958871055e+21
1.735241109e+21
2.113680336e+21
2.153614015e+21
2.131649848e+21
2.042238133e+21
1.958463018e+21
1.872505398e+21
2.101023629e+21
1.892601681e+21
1.873982342e+21
2.030622585e+21
2.129206782e+21
1.986759498e+21
1.967756521e+21
2.001334064e+21
1.982478463e+21
2.014714784e+21
1.996028247e+21
1.972206208e+21
1.954207321e+21
2.091880316e+21
2.019946826e+21
1.890970884e+21
1.874282178e+21
1.903643323e+21
1.938132496e+21
2.016230194e+21
1.89908812e+21
1.662864056e+21
2.018232188e+21
1.778911167e+21
2.132651643e+21
1.773998231e+21
1.771424784e+21
2.59151139e+21
1.763485475e+21
1.640603992e+21
2.104146442e+21
1.630178294e+21
2.205790164e+21
1.849080131e+21
2.072942135e+21
2.062278939e+21
1.483452022e+21
2.269182144e+21
1.807145498e+21
1.79583103e+21
2.121850582e+21
1.996565154e+21
2.095881699e+21
1.971184139e+21
2.177102771e+21
2.16036144e+21
1.931798257e+21
1.916148875e+21
1.691513838e+21
2.096461051e+21
2.289245806e+21
1.959619446e+21
2.149182311e+21
2.028114699e+21
2.212856205e+21
1.893064287e+21
2.074631373e+21
1.956670107e+21
1.745508354e+21
1.824169546e+21
2.092947256e+21
2.071703441e+21
1.865655677e+21
1.93868646e+21
2.011363624e+21
1.809305666e+21
2.060074225e+21
1.949522264e+21
1.929767831e+21
2.082520033e+21
2.061009488e+21
1.953610493e+21
2.017211683e+21
1.994943313e+21
1.97390169e+21
1.951824321e+21
2.09205244e+21
2.227484393e+21
1.888955819e+21
1.945162927e+21
1.847456482e+21
1.978314018e+21
2.032516559e+21
1.934466842e+21
1.98751051e+21
1.745975728e+21
1.799456152e+21
1.849372148e+21
1.900257053e+21
2.016829722e+21
1.926887818e+21
1.903953578e+21
2.018747348e+21
1.994634551e+21
2.105691967e+21
2.015456296e+21
1.930548707e+21
2.098116615e+21
2.076952799e+21
2.051993206e+21
1.969979952e+21
2.067934742e+21
1.92714224e+21
1.784972463e+21
2.062257743e+21
1.979266212e+21
2.017989957e+21
1.879847838e+21
2.031420331e+21
2.00709741e+21
1.988480281e+21
1.964736104e+21
1.946804724e+21
1.977070929e+21
2.118188708e+21
1.936101552e+21
1.970880841e+21
1.94763094e+21
1.930737201e+21
2.008509329e+21
1.991388761e+21
2.719877558e+21
2.363988237e+21
2.243421306e+21
1.651467687e+21
2.001739215e+21
1.998837787e+21
2.345635191e+21
1.989895454e+21
1.866809723e+21
1.629433716e+21
2.08683985e+21
1.733853757e+21
1.841074327e+21
2.063973165e+21
2.16745916e+21
2.045156621e+21
2.033489066e+21
1.911849679e+21
2.123426703e+21
2.001583915e+21
1.656720401e+21
1.757446988e+21
1.744740958e+21
2.059496692e+21
2.15125769e+21
2.0305389e+21
1.590098809e+21
1.684434841e+21
1.774566187e+21
1.865225618e+21
1.95150104e+21
2.242210542e+21
2.01976226e+21
1.602732189e+21
1.686860502e+21
2.262927707e+21
2.046143669e+21
1.834995086e+21
1.912411979e+21
2.084494351e+21
1.782004781e+21
2.136889928e+21
1.930937543e+21
2.003334864e+21
2.072432837e+21
1.87347168e+21
1.941818353e+21
2.009520917e+21
1.987904645e+21
2.052917176e+21
1.94597237e+21
2.009331791e+21
1.987182228e+21
1.966228697e+21
1.944266674e+21
1.923653362e+21
2.060404849e+21
1.96008206e+21
2.092711005e+21
2.147096123e+21
1.819152186e+21
1.949756584e+21
1.927094545e+21
1.833276886e+21
2.0292332e+21
1.936031805e+21
1.984086485e+21
1.893059649e+21
1.870641763e+21
1.988164064e+21
1.896773115e+21
2.212247644e+21
1.854649813e+21
2.16331887e+21
1.943107799e+21
2.051508193e+21
1.900213474e+21
2.006447719e+21
2.168185054e+21
2.085243255e+21
1.817798409e+21
2.039899967e+21
2.074648138e+21
1.761010255e+21
1.971829238e+21
2.010405643e+21
1.986278798e+21
2.023777895e+21
1.943994713e+21
1.980989184e+21
2.011692442e+21
1.993331831e+21
1.969594433e+21
1.899160778e+21
2.033018703e+21
1.911741111e+21
1.889166919e+21
1.974013869e+21
1.850783817e+21
1.785416169e+21
2.001573697e+21
1.882941134e+21
1.763400913e+21
1.996613107e+21
1.758550291e+21
1.756003436e+21
1.868352267e+21
1.748161607e+21
1.974883923e+21
1.970021749e+21
2.077814919e+21
1.956540852e+21
1.833137549e+21
1.826739087e+21
1.590215056e+21
1.923246599e+21
1.799812698e+21
2.015658772e+21
1.446682268e+21
2.103792631e+21
1.979635886e+21
1.968755106e+21
1.737380861e+21
1.942881624e+21
1.820895793e+21
1.702761553e+21
2.005719476e+21
1.887091705e+21
1.871155176e+21
1.85749653e+21
1.943449623e+21
1.826978316e+21
2.112052252e+21
1.995210767e+21
2.075273342e+21
2.155728078e+21
2.037851485e+21
1.635193956e+21
2.095178867e+21
1.981740839e+21
1.868282894e+21
1.943271267e+21
2.014833674e+21
1.995369946e+21
2.15397873e+21
2.043785536e+21
2.110009189e+21
1.914592953e+21
2.066214615e+21
2.044888162e+21
2.022671731e+21
2.001513223e+21
1.979481296e+21
1.958615126e+21
2.017465968e+21
1.996082284e+21
1.894608528e+21
1.95255999e+21
1.853073542e+21
1.986111742e+21
2.038749265e+21
1.94233198e+21
2.067453476e+21
1.972425033e+21
2.021553292e+21
1.928706816e+21
2.258969575e+21
1.885916561e+21
2.070665491e+21
2.048978963e+21
1.822159229e+21
2.070364245e+21
2.045660431e+21
1.893967359e+21
2.000356598e+21
2.107691905e+21
1.766895051e+21
1.749070097e+21
1.851492693e+21
2.016340403e+21
1.871366412e+21
2.03226883e+21
1.889725175e+21
1.988343462e+21
2.022225823e+21
2.002878124e+21
1.809221292e+21
1.960187394e+21
1.992034165e+21
2.028375271e+21
2.004130064e+21
1.985837804e+21
1.96217427e+21
1.997117482e+21
1.97340836e+21
2.007468723e+21
2.085471615e+21
2.016962778e+21
1.943412555e+21
1.976260409e+21
1.992879308e+21
2.109108752e+21
2.106896126e+21
1.637134022e+21
2.101112128e+21
1.631833481e+21
2.209067028e+21
1.85663905e+21
2.313360935e+21
1.961519443e+21
1.838993522e+21
1.833525225e+21
2.05342752e+21
2.046266063e+21
2.148918488e+21
1.802378588e+21
2.016163627e+21
2.118584206e+21
1.883791095e+21
1.984621669e+21
2.190309398e+21
1.851538912e+21
1.946342924e+21
1.827245093e+21
2.026614523e+21
2.331526206e+21
1.997383663e+21
1.983663088e+21
1.966945829e+21
2.158136439e+21
2.241064006e+21
2.021647496e+21
1.702772772e+21
2.086426883e+21
1.968425541e+21
2.049397693e+21
1.932977371e+21
2.011804639e+21
1.802212665e+21
1.973801203e+21
2.139955883e+21
2.119867585e+21
1.733183683e+21
2.077807571e+21
2.145486345e+21
2.124247727e+21
2.014164113e+21
1.99378078e+21
1.972400728e+21
1.95204997e+21
2.014824954e+21
1.910682129e+21
1.971839821e+21
1.951060289e+21
1.929325615e+21
1.908881559e+21
2.044640832e+21
1.945095432e+21
1.922930969e+21
1.902451346e+21
2.331902098e+21
2.009385387e+21
2.059633965e+21
1.819414672e+21
2.157783531e+21
1.992601382e+21
2.039493958e+21
2.01799956e+21
1.994135542e+21
2.24542401e+21
1.949808218e+21
1.729935085e+21
2.103758585e+21
2.14715025e+21
1.800030831e+21
1.972563021e+21
2.137515671e+21
1.991482804e+21
2.029052153e+21
2.130571636e+21
1.864393489e+21
2.084244415e+21
2.00034972e+21
2.039193661e+21
2.072246509e+21
1.995406764e+21
2.027775447e+21
2.008664247e+21
1.929459596e+21
1.96617505e+21
1.996624331e+21
1.978399915e+21
2.007642504e+21
1.884905e+21
1.965983005e+21
1.948636333e+21
2.128275112e+21
1.858652258e+21
1.836770184e+21
2.018001655e+21
2.217702492e+21
2.099988296e+21
1.864702708e+21
1.862925819e+21
1.975818277e+21
2.089017931e+21
1.968017061e+21
2.426342463e+21
2.303415277e+21
1.838202552e+21
2.059997229e+21
2.282085196e+21
1.703875807e+21
1.924330073e+21
2.365005183e+21
2.01904714e+21
1.67300929e+21
1.887541633e+21
2.317207569e+21
1.86645635e+21
2.07204637e+21
1.952220551e+21
2.045878909e+21
2.033682615e+21
1.805740893e+21
1.899684403e+21
1.88442649e+21
2.079436189e+21
1.855753205e+21
1.944574994e+21
1.826094758e+21
1.81204843e+21
1.995112683e+21
1.880051696e+21
1.96046519e+21
1.943926021e+21
1.636425768e+21
2.194560507e+21
2.078433438e+21
1.778693985e+21
2.03878259e+21
1.744247673e+21
1.908058058e+21
1.799662377e+21
2.048016468e+21
2.027752411e+21
2.006298011e+21
1.899654869e+21
1.964739105e+21
2.029017083e+21
2.007038824e+21
1.986057215e+21
1.964257116e+21
1.94356351e+21
2.002021738e+21
2.060045442e+21
1.958508592e+21
1.937687731e+21
2.068883445e+21
2.046853829e+21
2.023332257e+21
1.779370268e+21
1.905310996e+21
2.102571783e+21
1.863054662e+21
2.056016088e+21
2.171982292e+21
1.941116481e+21
2.123696568e+21
1.898089732e+21
2.009521125e+21
2.054923368e+21
1.833935642e+21
1.944687487e+21
1.92143368e+21
1.838439097e+21
2.004306218e+21
1.860078512e+21
1.96026056e+21
2.001364787e+21
1.977309262e+21
1.957847846e+21
2.051537369e+21
1.973573569e+21
1.949849906e+21
2.04479068e+21
1.907998271e+21
2.001191759e+21
1.977195336e+21
2.067675802e+21
1.935413132e+21
1.971017534e+21
1.89486527e+21
1.98218246e+21
1.855528407e+21
1.992420365e+21
1.918343199e+21
2.101892102e+21
1.92875306e+21
1.961360181e+21
1.859496636e+21
1.974782692e+21
2.320848148e+21
1.970842822e+21
1.735876327e+21
2.195599937e+21
2.30538064e+21
2.070802464e+21
2.178877032e+21
2.05912918e+21
1.8232911e+21
2.158730292e+21
2.035949121e+21
1.803431289e+21
1.906408921e+21
1.675409581e+21
1.999130921e+21
1.990139011e+21
1.648186967e+21
2.077274746e+21
1.954773524e+21
1.944056987e+21
1.715668492e+21
2.131811714e+21
1.692477788e+21
1.891822078e+21
1.876659334e+21
1.760245463e+21
2.361521055e+21
1.936616041e+21
1.616580309e+21
2.105453723e+21
1.987029317e+21
1.970995656e+21
1.659683618e+21
2.226524325e+21
2.109248268e+21
1.995718249e+21
2.164258914e+21
2.051354662e+21
2.123020447e+21
2.011674544e+21
2.081556488e+21
1.971850719e+21
2.128700899e+21
1.932011125e+21
1.8247111e+21
2.06429771e+21
1.957136774e+21
1.936958006e+21
1.99931264e+21
1.978418382e+21
1.956732507e+21
1.936124122e+21
2.153938993e+21
1.973265515e+21
1.87303034e+21
2.007549688e+21
1.984725453e+21
2.039119107e+21
1.866398946e+21
1.994254898e+21
1.971164951e+21
2.094682204e+21
1.784695035e+21
1.907060688e+21
2.024271866e+21
1.933874044e+21
1.911036414e+21
2.026097367e+21
2.068790329e+21
1.915205818e+21
1.82713336e+21
1.872891643e+21
1.914316025e+21
1.894787736e+21
1.996888297e+21
1.914966357e+21
1.830946351e+21
1.933537056e+21
2.029692935e+21
1.950604946e+21
1.92715076e+21
1.966270603e+21
1.885495712e+21
2.03721946e+21
1.956837724e+21
1.993774663e+21
1.969858515e+21
2.005791414e+21
1.98178027e+21
1.963690044e+21
1.940245486e+21
1.974798403e+21
2.053998609e+21
2.086774345e+21
1.911158379e+21
1.994306762e+21
1.970775319e+21
2.002843857e+21
2.198683919e+21
1.966316327e+21
1.7331779e+21
1.846964634e+21
2.074137259e+21
2.071142963e+21
1.83642557e+21
2.061959001e+21
2.055400494e+21
1.59472125e+21
1.929011271e+21
2.149558256e+21
2.027321028e+21
1.795793636e+21
2.121694691e+21
2.335676066e+21
1.769530697e+21
1.98177542e+21
2.078959711e+21
2.286329007e+21
2.271061646e+21
2.151068237e+21
1.708551132e+21
2.01682976e+21
2.001522782e+21
1.988692598e+21
1.765125058e+21
2.062388014e+21
1.738347012e+21
1.928721972e+21
1.811271347e+21
2.096920674e+21
2.275862865e+21
1.963054044e+21
2.139209697e+21
1.831935186e+21
2.196329279e+21
1.98777114e+21
1.968228396e+21
1.950359471e+21
1.930769995e+21
1.73051716e+21
1.893103925e+21
2.053412508e+21
1.94370576e+21
1.924491973e+21
1.990748699e+21
1.884948082e+21
2.034357963e+21
2.013390468e+21
1.908660475e+21
1.970838085e+21
1.949265327e+21
2.009105696e+21
1.907339684e+21
2.044406419e+21
1.865946424e+21
2.076883543e+21
2.053297579e+21
2.181919852e+21
2.008146667e+21
2.060359032e+21
1.891060181e+21
1.942930812e+21
2.062527957e+21
1.970321507e+21
2.016745713e+21
1.995495645e+21
2.107942711e+21
2.085869424e+21
1.994644461e+21
1.973913972e+21
2.080435831e+21
1.801626451e+21
1.780100848e+21
1.950720402e+21
2.051697741e+21
1.969449354e+21
1.945811768e+21
1.986609982e+21
1.962736802e+21
2.120089569e+21
1.920047609e+21
2.074258044e+21
1.878541721e+21
1.973323431e+21
2.00531656e+21
1.986412345e+21
1.962575943e+21
1.998374803e+21
1.974440702e+21
2.009292963e+21
1.880799963e+21
1.863918148e+21
2.097515191e+21
2.079011115e+21
1.954133156e+21
1.937195755e+21
2.012482969e+21
2.092684176e+21
1.843618051e+21
1.84275035e+21
1.955887772e+21
2.06897194e+21
1.835821242e+21
2.17689302e+21
2.057190369e+21
1.710992291e+21
2.046676387e+21
2.381933223e+21
1.920845472e+21
1.915151848e+21
1.682304797e+21
1.899984178e+21
1.890375601e+21
1.772085252e+21
1.982383592e+21
2.08311971e+21
1.852363722e+21
2.059964454e+21
2.046239492e+21
2.249255149e+21
2.233209012e+21
2.114218572e+21
2.098206709e+21
1.980529461e+21
2.171534794e+21
2.053968326e+21
2.138639844e+21
1.71869284e+21
2.104607777e+21
1.889555893e+21
1.971057507e+21
1.955176172e+21
2.324358968e+21
1.920659427e+21
1.997378687e+21
2.074167409e+21
2.053811232e+21
1.942668808e+21
2.106350957e+21
1.995900963e+21
2.15510219e+21
2.04540762e+21
1.936161388e+21
2.091306679e+21
1.896843901e+21
2.048377911e+21
2.026546699e+21
2.005667076e+21
1.984037363e+21
2.045120474e+21
2.103676167e+21
2.001473857e+21
2.137637218e+21
2.036675614e+21
1.936370718e+21
1.839167367e+21
1.969829696e+21
1.798954414e+21
1.852443547e+21
2.052659849e+21
1.884014418e+21
1.864002175e+21
1.771437077e+21
2.103219846e+21
2.147846028e+21
1.988105462e+21
2.100153107e+21
2.145199775e+21
2.053531371e+21
2.032189121e+21
1.813679064e+21
2.051420504e+21
1.963579008e+21
2.006241684e+21
1.982215969e+21
1.900893667e+21
1.878083611e+21
2.039293071e+21
1.955530824e+21
1.936278733e+21
2.086905412e+21
2.066638896e+21
1.985071493e+21
2.022243987e+21
1.997940411e+21
1.979104199e+21
1.95534702e+21
1.991012837e+21
1.967155299e+21
2.001878309e+21
2.08205036e+21
2.011778168e+21
1.936832087e+21
2.020785789e+21
1.946868706e+21
1.979483415e+21
2.053879531e+21
1.842455089e+21
2.294725023e+21
1.949599529e+21
1.947578465e+21
1.831274631e+21
1.828031591e+21
1.825396711e+21
1.820867932e+21
1.590164142e+21
2.038026026e+21
2.033031704e+21
2.250292371e+21
2.019264664e+21
1.898600033e+21
2.003299624e+21
1.660993809e+21
1.87496226e+21
1.864441672e+21
1.965257369e+21
1.844670043e+21
1.83547841e+21
2.145031013e+21
1.81330582e+21
1.906303625e+21
2.210806969e+21
1.98513731e+21
1.764808533e+21
2.265678978e+21
1.943336249e+21
1.927125254e+21
2.013816149e+21
1.597054806e+21
2.080060408e+21
1.963167504e+21
1.849993212e+21
2.02572024e+21
1.913027171e+21
1.894739313e+21
1.502525942e+21
1.859757235e+21
1.935038559e+21
1.915669297e+21
2.168843531e+21
2.057275931e+21
2.126050332e+21
2.016342416e+21
2.083230432e+21
1.889549923e+21
2.040509738e+21
1.766445792e+21
1.914752599e+21
1.976486921e+21
1.95585043e+21
2.015104842e+21
2.073655771e+21
2.050705236e+21
2.107041636e+21
1.929102225e+21
2.061301704e+21
1.886985915e+21
2.016261747e+21
1.993187321e+21
2.045017992e+21
1.877020962e+21
1.78565928e+21
1.906072227e+21
1.885895042e+21
2.001860059e+21
1.980769815e+21
1.957425967e+21
2.070511884e+21
1.7819878e+21
1.959408787e+21
1.807025947e+21
1.852279818e+21
2.082603576e+21
2.123821439e+21
1.913242852e+21
2.138313259e+21
1.991936118e+21
2.031830872e+21
2.007419309e+21
1.929194252e+21
1.905997244e+21
2.059075516e+21
1.921295178e+21
2.01483851e+21
1.990618327e+21
1.971849631e+21
2.056402886e+21
2.037318562e+21
2.012894366e+21
1.889543535e+21
1.970660923e+21
1.952972671e+21
1.980459958e+21
1.912657394e+21
1.989392889e+21
1.873546367e+21
2.094968473e+21
2.077140544e+21
1.599507306e+21
1.82715037e+21
2.053418253e+21
2.165440891e+21
2.161615473e+21
1.590475293e+21
1.813187545e+21
2.035876075e+21
2.029448479e+21
1.799536828e+21
1.904719535e+21
2.010793172e+21
2.224300021e+21
1.662434963e+21
1.764338559e+21
2.306478912e+21
2.075132e+21
1.957101173e+21
2.053162364e+21
2.042940276e+21
1.708959241e+21
2.124526941e+21
2.00396445e+21
2.096913434e+21
2.081099757e+21
1.757623377e+21
1.948788424e+21
2.139200194e+21
2.121391084e+21
2.105991893e+21
1.888897707e+21
1.973077658e+21
2.053107436e+21
1.842628174e+21
1.537288037e+21
2.000728098e+21
1.792908901e+21
1.964305083e+21
2.037717985e+21
2.111036396e+21
2.180808206e+21
1.980372819e+21
1.871107123e+21
2.029583631e+21
2.008576395e+21
1.90228163e+21
1.967871455e+21
1.948005872e+21
2.011102755e+21
1.990396701e+21
2.051035135e+21
1.948441761e+21
2.007501947e+21
2.145293435e+21
2.043003295e+21
1.943642395e+21
1.998763618e+21
2.129657325e+21
2.030354168e+21
1.859959331e+21
1.912243105e+21
1.964667365e+21
2.085857607e+21
1.992544902e+21
2.039714589e+21
2.157305897e+21
1.994499333e+21
1.769334161e+21
2.017495493e+21
2.062917608e+21
2.170011721e+21
1.952235844e+21
2.05762453e+21
1.972786187e+21
2.075001535e+21
1.867118925e+21
1.96775768e+21
2.008769935e+21
2.044816937e+21
1.905339375e+21
2.000103006e+21
2.038656055e+21
1.956595828e+21
1.994579313e+21
1.970589247e+21
1.951723544e+21
1.983349715e+21
1.964648052e+21
1.99496576e+21
1.923032864e+21
1.952744603e+21
1.882621862e+21
2.066765788e+21
1.997009617e+21
2.074360929e+21
1.955768359e+21
1.982051942e+21
2.014000772e+21
2.087213365e+21
2.069454997e+21
1.706533318e+21
2.1605957e+21
1.931169872e+21
2.269811194e+21
1.812648937e+21
1.696912738e+21
2.031268138e+21
2.02732779e+21
1.908668229e+21
1.679998182e+21
2.119905641e+21
1.779904413e+21
2.104279305e+21
1.765879169e+21
1.97663822e+21
2.078154918e+21
2.066547861e+21
1.949012397e+21
2.044704936e+21
1.820371876e+21
1.808323593e+21
2.221616034e+21
1.995786808e+21
2.192784999e+21
2.176282986e+21
2.059407635e+21
2.145225356e+21
2.029116749e+21
1.609806188e+21
1.698012728e+21
2.079390796e+21
2.063469108e+21
2.14233304e+21
1.931917417e+21
2.009724263e+21
1.708148876e+21
1.785871143e+21
2.049777402e+21
2.02976557e+21
2.011382973e+21
2.081831828e+21
2.062367139e+21
2.041401157e+21
2.10966584e+21
2.000869967e+21
1.894991669e+21
2.045595241e+21
1.940580291e+21
2.00346872e+21
1.98284838e+21
1.961557139e+21
1.941089008e+21
1.999956206e+21
1.899765413e+21
2.191925066e+21
2.013830069e+21
1.991316828e+21
1.894399936e+21
1.872981373e+21
1.853061186e+21
1.905173306e+21
2.102400276e+21
1.934849763e+21
2.197906505e+21
1.962145254e+21
2.149383512e+21
1.850144777e+21
2.101863852e+21
1.943117806e+21
1.856471207e+21
2.031060367e+21
2.13962675e+21
2.050131522e+21
2.092414853e+21
2.004804645e+21
2.108371194e+21
1.838069383e+21
2.062119982e+21
2.097313641e+21
2.076394681e+21
1.992839839e+21
1.973215432e+21
2.006826837e+21
2.044113629e+21
1.907329163e+21
2.000189088e+21
1.976133992e+21
2.011873855e+21
1.987697845e+21
1.969248839e+21
1.945618142e+21
1.875750714e+21
1.956246982e+21
1.938688245e+21
1.965938657e+21
1.8986351e+21
2.024134096e+21
2.104481289e+21
2.07951546e+21
2.109775558e+21
1.925952058e+21
2.264765375e+21
1.923068824e+21
2.260291453e+21
2.143501963e+21
1.915112168e+21
1.91039574e+21
1.794534214e+21
1.788896162e+21
2.007587469e+21
1.666643035e+21
2.215624065e+21
1.985254746e+21
2.088284812e+21
2.077822833e+21
1.960642564e+21
1.949716846e+21
1.72532463e+21
2.143491471e+21
1.812911476e+21
2.330626688e+21
2.107193646e+21
1.778446622e+21
1.975894821e+21
1.961056025e+21
2.358754402e+21
1.933111248e+21
1.919917692e+21
1.903997537e+21
1.790713597e+21
1.676620052e+21
1.859532097e+21
1.842878394e+21
1.828072635e+21
2.001820636e+21
2.079539065e+21
1.872514127e+21
1.948966442e+21
1.929971576e+21
1.730360088e+21
1.803291432e+21
2.054406447e+21
1.945139842e+21
1.926437271e+21
1.906560603e+21
2.059371674e+21
2.037818973e+21
2.017263763e+21
1.995892423e+21
1.975357095e+21
2.035600533e+21
2.094940835e+21
1.912768299e+21
1.892656926e+21
2.105762895e+21
2.006328357e+21
1.983925321e+21
1.962867548e+21
1.940699037e+21
1.993911142e+21
1.89815559e+21
1.950200404e+21
1.927746706e+21
2.048560738e+21
1.815323584e+21
2.07243784e+21
1.979939084e+21
2.026638745e+21
1.936041881e+21
1.981833836e+21
2.088958886e+21
2.196452547e+21
1.85119043e+21
1.958469614e+21
1.935116514e+21
1.915371528e+21
1.953508781e+21
1.812928842e+21
1.910604801e+21
2.009768386e+21
2.044030093e+21
2.081725615e+21
1.885303071e+21
1.923563155e+21
1.956316785e+21
1.992943972e+21
1.968970582e+21
1.950401561e+21
1.926956133e+21
1.962099524e+21
1.938543507e+21
2.076588378e+21
1.897826193e+21
1.931624106e+21
1.908533017e+21
2.041045571e+21
2.016719672e+21
1.999250318e+21
1.927324771e+21
1.910933275e+21
1.917900904e+21
1.804239428e+21
2.027684603e+21
2.25085123e+21
2.359248948e+21
1.794940019e+21
1.902438419e+21
2.010444783e+21
2.11548496e+21
1.888177722e+21
2.212978818e+21
2.096122101e+21
2.086886228e+21
2.189115733e+21
1.742539188e+21
2.169526386e+21
2.373210508e+21
2.040424554e+21
2.027997398e+21
2.124131736e+21
2.004627508e+21
2.308495893e+21
2.083821187e+21
2.071480453e+21
2.055956042e+21
1.63427267e+21
2.128037065e+21
1.912236431e+21
1.896411167e+21
1.981765021e+21
1.866444671e+21
1.754691763e+21
2.028840658e+21
2.108388249e+21
1.99397893e+21
2.165559515e+21
1.865221147e+21
1.848939623e+21
1.73940294e+21
2.086546504e+21
1.975983019e+21
1.957528411e+21
1.84961563e+21
1.919070957e+21
2.071965043e+21
1.966058914e+21
2.030101605e+21
2.009632359e+21
1.98837321e+21
1.967922202e+21
2.109088818e+21
2.006821599e+21
1.985033631e+21
1.885601438e+21
2.253345419e+21
1.998882326e+21
1.90056585e+21
2.030829075e+21
2.082285155e+21
1.98657065e+21
2.036665491e+21
2.086975898e+21
1.920695611e+21
1.900307079e+21
2.017400371e+21
1.85839435e+21
1.97273839e+21
2.153887659e+21
1.862499466e+21
1.843001e+21
1.886263775e+21
1.995396319e+21
1.971704664e+21
2.014336998e+21
1.865931632e+21
2.15470718e+21
1.824807597e+21
2.167665118e+21
1.963206859e+21
2.061417969e+21
1.978470618e+21
1.786132885e+21
1.821580135e+21
1.972996287e+21
1.949257802e+21
1.985751154e+21
1.961858919e+21
1.943355516e+21
1.973319732e+21
2.007839823e+21
2.088129875e+21
1.965611008e+21
1.993148742e+21
1.823315931e+21
1.851545228e+21
1.984017804e+21
1.813324307e+21
1.846202955e+21
1.920268603e+21
1.761144803e+21
2.24696092e+21
2.133616398e+21
2.13142998e+21
1.905266105e+21
2.013811105e+21
1.899201738e+21
2.005991059e+21
2.113336528e+21
1.774087425e+21
1.990975546e+21
2.093650833e+21
1.867739272e+21
1.7501449e+21
2.071106032e+21
2.060777938e+21
2.26866625e+21
1.504054144e+21
1.818189979e+21
1.913443202e+21
1.798172632e+21
1.99650738e+21
1.776619761e+21
1.764107437e+21
1.856825404e+21
1.84293835e+21
1.627725593e+21
2.422338053e+21
1.804373421e+21
1.78947001e+21
2.072606568e+21
1.761232243e+21
1.844875172e+21
1.828414069e+21
2.004665804e+21
1.702455789e+21
2.157121731e+21
2.043783231e+21
1.933865496e+21
1.915082054e+21
1.897769077e+21
2.057876964e+21
1.86139254e+21
2.018043101e+21
1.73796433e+21
1.978101458e+21
1.95861018e+21
2.022442468e+21
2.002058477e+21
1.98091044e+21
1.960543065e+21
1.939580635e+21
1.919359982e+21
1.977655542e+21
1.956873289e+21
1.935351439e+21
1.838299716e+21
2.045048239e+21
1.798534378e+21
2.148737638e+21
2.125897638e+21
2.029218286e+21
1.935944942e+21
1.842818283e+21
1.823258938e+21
1.940757628e+21
1.988802859e+21
1.830031958e+21
1.877823743e+21
2.054598242e+21
2.033089535e+21
2.009075823e+21
1.988197054e+21
1.901227871e+21
1.881638065e+21
1.983166419e+21
1.901588107e+21
1.81824821e+21
1.919886281e+21
2.015430946e+21
2.054010341e+21
2.029344712e+21
2.066765999e+21
1.985194498e+21
1.909736645e+21
1.997742424e+21
1.978610068e+21
1.954798444e+21
1.99014798e+21
1.966208398e+21
1.947955505e+21
1.976562267e+21
1.906974809e+21
1.935017131e+21
2.069042506e+21
1.994411939e+21
1.976824182e+21
1.95322204e+21
2.081529692e+21
2.00892711e+21
1.991848293e+21
2.237645718e+21
1.677451899e+21
1.67573683e+21
1.897374583e+21
2.22830929e+21
1.668834043e+21
1.886720999e+21
1.772302797e+21
1.987621446e+21
1.872618238e+21
1.755825813e+21
1.969480029e+21
1.960842621e+21
2.062622196e+21
2.160378874e+21
1.936633727e+21
2.35389572e+21
1.810797541e+21
2.011560687e+21
1.790892716e+21
1.98845277e+21
2.081717604e+21
1.860378571e+21
1.952121871e+21
1.835575566e+21
1.925211532e+21
1.910062781e+21
1.797211738e+21
2.079462393e+21
2.064424972e+21
2.144154969e+21
1.740915487e+21
1.821266719e+21
2.282103724e+21
2.072691652e+21
1.868477778e+21
1.943344511e+21
2.018135886e+21
2.089411031e+21
1.980509978e+21
1.782620911e+21
2.119188405e+21
2.010375416e+21
1.991074507e+21
2.056306092e+21
2.036053225e+21
2.014840906e+21
1.994541469e+21
1.973503478e+21
2.034603189e+21
2.093394502e+21
1.991900707e+21
1.891518812e+21
1.949632399e+21
1.928216719e+21
1.9078412e+21
2.037540887e+21
2.015928144e+21
1.845586789e+21
1.752933888e+21
1.805201202e+21
1.928895079e+21
2.047987562e+21
2.02625335e+21
1.933731656e+21
2.118267423e+21
2.026027233e+21
2.138337235e+21
2.047197211e+21
1.764377544e+21
2.001853023e+21
1.981049551e+21
1.894403796e+21
1.937380167e+21
2.037808888e+21
2.078135411e+21
2.053300584e+21
2.092353325e+21
2.067281122e+21
1.871228123e+21
1.906533391e+21
1.944957277e+21
2.034603755e+21
1.902897662e+21
1.935291568e+21
2.026284609e+21
2.055999084e+21
1.929415058e+21
1.959148135e+21
2.04587643e+21
1.969452669e+21
1.951469384e+21
1.877304581e+21
1.910737231e+21
1.987205813e+21
1.969682537e+21
2.092106021e+21
2.073990006e+21
2.049283404e+21
1.937359531e+21
2.005566689e+21
2.004632931e+21
2.225097736e+21
2.334147732e+21
1.99721429e+21
1.994350757e+21
1.989486294e+21
1.875327616e+21
1.759521853e+21
1.974636279e+21
2.185795749e+21
2.288323661e+21
2.169820131e+21
2.162323769e+21
1.936430919e+21
1.821607531e+21
1.491862747e+21
1.909551147e+21
2.003441841e+21
1.993515215e+21
1.667758223e+21
2.177030028e+21
1.647056592e+21
1.944324169e+21
2.132983276e+21
1.715711781e+21
1.802369948e+21
1.989007423e+21
1.775378367e+21
1.958388301e+21
2.135759024e+21
1.63776881e+21
2.005140823e+21
1.894358633e+21
2.064666633e+21
2.047379206e+21
1.659311211e+21
2.101758355e+21
1.99091673e+21
1.972939249e+21
1.953419207e+21
1.935205032e+21
2.002765778e+21
2.06978857e+21
2.048565039e+21
1.943880763e+21
2.007296273e+21
1.987080698e+21
1.966151703e+21
1.945949575e+21
2.005417893e+21
1.984523156e+21
1.884540181e+21
1.942444898e+21
1.844289034e+21
2.052905739e+21
2.330842297e+21
2.231732642e+21
2.059526447e+21
2.110415838e+21
1.798648285e+21
1.993077722e+21
1.829483697e+21
2.018925124e+21
1.789130917e+21
1.906374275e+21
2.018738448e+21
2.130645922e+21
1.974047717e+21
2.148722234e+21
1.994681971e+21
2.101305077e+21
1.824707582e+21
1.992723533e+21
2.092060987e+21
1.948904925e+21
2.045972546e+21
2.025316595e+21
2.118761386e+21
1.981086411e+21
1.899733479e+21
1.93801875e+21
1.971030182e+21
2.00764322e+21
1.983479897e+21
2.019049793e+21
1.940828862e+21
1.975922882e+21
2.004898891e+21
1.986284591e+21
2.014035982e+21
2.046815373e+21
1.921118052e+21
2.104282848e+21
1.881048995e+21
2.060721923e+21
1.890641344e+21
1.922329994e+21
1.851921567e+21
1.977428496e+21
2.219245116e+21
1.996391904e+21
2.105157674e+21
1.771092749e+21
1.65751504e+21
1.986168358e+21
1.981335343e+21
1.75778536e+21
1.861848914e+21
2.294327937e+21
1.959194269e+21
1.95342623e+21
1.51269899e+21
2.153538255e+21
1.928584952e+21
1.920951854e+21
2.122629807e+21
1.796191549e+21
1.890367834e+21
1.881008788e+21
1.868719227e+21
1.858565761e+21
1.948089032e+21
1.834662802e+21
2.023361214e+21
2.211543626e+21
1.695526378e+21
1.98117509e+21
1.964906051e+21
1.85318223e+21
2.030727276e+21
1.91928205e+21
2.187588534e+21
2.075723586e+21
2.15019004e+21
1.946789789e+21
2.02026946e+21
1.820616955e+21
1.803022485e+21
1.876088625e+21
2.034467108e+21
2.015507376e+21
1.821716702e+21
1.976076949e+21
2.040882051e+21
1.93659882e+21
1.999807932e+21
1.979675534e+21
1.958854498e+21
1.938733999e+21
1.998011569e+21
1.977200053e+21
1.877612855e+21
1.935310196e+21
1.914103937e+21
2.045398296e+21
2.022690334e+21
2.223604763e+21
1.905475337e+21
2.175268128e+21
1.935514192e+21
1.844024264e+21
1.892999606e+21
1.942282483e+21
1.91983123e+21
1.899524331e+21
2.078551983e+21
2.056665685e+21
1.966987707e+21
2.076158426e+21
2.051677018e+21
1.776561717e+21
1.943598278e+21
2.109723107e+21
1.9006781e+21
2.002653926e+21
1.858811632e+21
2.136825529e+21
1.93529453e+21
1.79986308e+21
2.065071163e+21
2.044725409e+21
2.02013851e+21
1.944935173e+21
1.976424731e+21
2.011866458e+21
1.987638641e+21
1.915673176e+21
1.945178636e+21
1.927117731e+21
1.852470772e+21
1.988517416e+21
1.863868302e+21
1.84713912e+21
2.120919812e+21
1.95555294e+21
2.125358471e+21
2.059073317e+21
1.892553146e+21
1.923384785e+21
1.98914205e+21
2.319588082e+21
1.87585478e+21
1.984327876e+21
2.20098756e+21
2.307728298e+21
1.973250907e+21
2.18826933e+21
1.854268099e+21
1.958563012e+21
1.842835438e+21
2.269746588e+21
2.152248423e+21
1.930341459e+21
2.134224787e+21
2.125784191e+21
1.902686659e+21
1.999444388e+21
1.778199272e+21
2.185732373e+21
1.964674221e+21
2.056850215e+21
2.042484398e+21
1.82739237e+21
1.612298684e+21
2.102695322e+21
2.284937969e+21
1.776063779e+21
2.152952911e+21
1.845952428e+21
2.022837275e+21
1.816243725e+21
1.610665944e+21
2.067714956e+21
2.141928934e+21
1.846972206e+21
2.104030916e+21
1.904354918e+21
1.885981764e+21
1.957970113e+21
2.114902678e+21
1.920603504e+21
1.901295505e+21
1.883068553e+21
1.948537456e+21
2.013256938e+21
1.992375254e+21
1.972325358e+21
1.951611259e+21
1.931571736e+21
2.07028614e+21
1.969930798e+21
1.948683615e+21
1.928227715e+21
1.907124733e+21
1.962466096e+21
1.940703499e+21
2.215535871e+21
1.971605918e+21
1.950664251e+21
2.071393609e+21
2.049387285e+21
1.956059217e+21
1.866190239e+21
2.049595381e+21
2.027917969e+21
1.870695947e+21
2.181535226e+21
1.959978015e+21
2.004111746e+21
1.852719163e+21
2.023135064e+21
2.124118678e+21
1.916740077e+21
2.077221212e+21
1.995550402e+21
1.672977169e+21
2.070106362e+21
2.103752753e+21
2.024904664e+21
1.886278141e+21
1.867692421e+21
2.012982746e+21
1.993416863e+21
1.969419576e+21
1.950552053e+21
1.927057525e+21
2.014924012e+21
2.095425218e+21
2.075968135e+21
1.897153066e+21
2.032246744e+21
2.0078076e+21
2.03953122e+21
2.064191354e+21
1.948563889e+21
2.117740685e+21
2.051695147e+21
1.93289256e+21
1.916472743e+21
2.091087435e+21
1.980111463e+21
2.19789441e+21
1.756660298e+21
1.753622878e+21
1.532224825e+21
1.965232178e+21
1.634534834e+21
2.498542449e+21
1.950624106e+21
1.943345143e+21
2.15292448e+21
1.929211976e+21
1.602134756e+21
1.806799879e+21
2.328971222e+21
2.000349552e+21
1.886632197e+21
2.187839486e+21
1.969688774e+21
1.853880551e+21
1.741388699e+21
1.729251103e+21
2.123542555e+21
2.208193148e+21
2.194172209e+21
1.682260114e+21
1.572555224e+21
1.949613529e+21
1.645223153e+21
1.823102789e+21
1.714001859e+21
1.981988292e+21
1.966142073e+21
2.133731064e+21
1.839913271e+21
2.00489191e+21
1.897117466e+21
2.147250688e+21
2.127894986e+21
1.667996951e+21
1.913385058e+21
1.808080489e+21
1.961303638e+21
2.025687674e+21
2.005771191e+21
1.984997622e+21
1.96502956e+21
1.944421389e+21
1.924462197e+21
1.983361835e+21
1.884206206e+21
1.941572783e+21
1.998044759e+21
1.90019624e+21
2.180957825e+21
2.082427086e+21
1.986772794e+21
1.891741291e+21
1.943638168e+21
2.135126286e+21
1.830786828e+21
1.879448987e+21
1.928384212e+21
1.769977133e+21
1.953327178e+21
1.864037837e+21
2.173772302e+21
1.887917502e+21
1.99699591e+21
1.909813349e+21
2.078963972e+21
1.80533742e+21
1.909957431e+21
2.009001171e+21
2.04875458e+21
2.024298945e+21
1.944921439e+21
1.979865232e+21
1.960106484e+21
1.993538161e+21
2.030291002e+21
1.950158679e+21
1.986379024e+21
1.962463904e+21
2.051642639e+21
2.026925156e+21
2.007799305e+21
1.931406942e+21
2.016902711e+21
1.992611072e+21
1.822535933e+21
1.900639827e+21
1.982716557e+21
1.958894629e+21
1.893084002e+21
1.870384435e+21
1.901739223e+21
1.925968116e+21
1.816458485e+21
1.753763774e+21
1.862510946e+21
2.079525155e+21
2.186914902e+21
1.746513819e+21
2.071020175e+21
2.174753729e+21
1.953505943e+21
1.947483712e+21
1.834818783e+21
2.043045038e+21
2.03704312e+21
2.028211076e+21
1.595703676e+21
2.117137721e+21
2.108777245e+21
1.782648432e+21
1.879114317e+21
1.764073371e+21
1.858616234e+21
1.743963165e+21
1.93856944e+21
1.925085003e+21
1.913746515e+21
2.09956463e+21
1.887553651e+21
1.872846236e+21
1.664337293e+21
1.942056187e+21
2.024467143e+21
1.720491243e+21
1.897114414e+21
1.78635208e+21
2.05188167e+21
2.125595707e+21
2.016198896e+21
1.815718716e+21
1.979931714e+21
2.050023688e+21
1.943226415e+21
1.836663534e+21
1.992867063e+21
1.887116682e+21
1.953999509e+21
2.018175013e+21
1.998340905e+21
1.977674425e+21
1.957787539e+21
1.9372843e+21
1.997296669e+21
1.897072545e+21
1.955551471e+21
1.934513658e+21
1.837648452e+21
2.044783338e+21
1.948268444e+21
1.92671171e+21
1.979615251e+21
2.102442272e+21
1.936662518e+21
2.05657044e+21
1.894402167e+21
1.942107136e+21
1.852884063e+21
1.831517324e+21
1.879266707e+21
2.122773661e+21
1.969149482e+21
2.140718197e+21
1.925739123e+21
2.09337551e+21
1.883292849e+21
1.923038784e+21
1.903222619e+21
2.001926057e+21
1.861402954e+21
1.957847386e+21
1.879347224e+21
2.030928723e+21
1.953211574e+21
1.986527946e+21
1.910752733e+21
1.943299393e+21
1.979390705e+21
1.955557192e+21
1.936819356e+21
1.966632472e+21
2.000724806e+21
1.976610018e+21
2.061320057e+21
1.83283419e+21
2.068331141e+21
1.993589921e+21
1.926304206e+21
2.098338112e+21
2.031471325e+21
2.007091961e+21
2.037096307e+21
1.872285958e+21
1.85638696e+21
1.965003383e+21
1.964094407e+21
1.853106593e+21
1.960268809e+21
2.065611323e+21
1.954099337e+21
2.057688028e+21
1.945634043e+21
2.155166568e+21
2.149930912e+21
1.820653141e+21
2.242439722e+21
2.232738983e+21
2.119098693e+21
2.003261562e+21
1.89033787e+21
1.775567131e+21
1.663694324e+21
1.860452734e+21
2.05696673e+21
2.145821618e+21
2.032569925e+21
2.119383277e+21
1.906251789e+21
2.190962139e+21
2.276029365e+21
2.258329188e+21
1.950453034e+21
2.031285068e+21
2.016660477e+21
1.904315135e+21
1.984330488e+21
1.779529178e+21
2.13696723e+21
2.02545597e+21
2.008551649e+21
2.080189719e+21
1.972463798e+21
1.864730378e+21
1.847940359e+21
2.00407009e+21
1.812786562e+21
1.965565656e+21
1.94674958e+21
2.01071787e+21
1.990965467e+21
1.970405065e+21
1.950598702e+21
1.930199414e+21
1.989998938e+21
1.968925366e+21
1.948440241e+21
1.85040545e+21
1.907287924e+21
1.886489189e+21
1.941246376e+21
1.993629324e+21
1.899453201e+21
1.878203809e+21
1.92973676e+21
2.04923813e+21
1.887651092e+21
2.004319949e+21
1.98306498e+21
1.960215032e+21
1.939488766e+21
1.850862796e+21
1.63515987e+21
2.068528566e+21
1.982914764e+21
2.022796174e+21
1.939220939e+21
1.978097483e+21
2.141249346e+21
1.813546001e+21
2.034373519e+21
2.010103194e+21
2.048327503e+21
1.965987949e+21
2.003611031e+21
1.923007808e+21
1.848054048e+21
1.936488189e+21
1.972451386e+21
1.948698924e+21
1.983637078e+21
1.906763096e+21
1.888768408e+21
1.917828883e+21
1.848665938e+21
1.978579253e+21
1.910239622e+21
1.936892416e+21
1.968726219e+21
2.090917359e+21
2.024287964e+21
1.904737715e+21
1.935461751e+21
1.77234503e+21
1.942276186e+21
2.283267964e+21
2.282213102e+21
2.279915619e+21
2.169309161e+21
1.732467228e+21
2.054367866e+21
1.94156231e+21
1.830168367e+21
1.931878881e+21
1.927188907e+21
1.70670799e+21
2.020770207e+21
2.012047936e+21
1.794061196e+21
1.995305984e+21
2.301244287e+21
2.080637491e+21
2.071396534e+21
1.750170131e+21
2.35619887e+21
1.628497055e+21
2.125833552e+21
2.21163505e+21
2.098690857e+21
2.083244946e+21
1.971473467e+21
1.662745447e+21
1.74862874e+21
2.023471714e+21
2.104576349e+21
1.991880987e+21
1.882618301e+21
2.052667387e+21
1.758613249e+21
2.01779188e+21
2.000962192e+21
2.162464975e+21
1.87573146e+21
2.034681433e+21
2.104039745e+21
1.909803006e+21
1.978053998e+21
2.043433931e+21
1.939553252e+21
1.919844148e+21
1.983644271e+21
2.044988489e+21
1.943462465e+21
2.083430007e+21
2.062064515e+21
1.883314229e+21
2.096690987e+21
1.920548288e+21
1.976425043e+21
1.804521171e+21
2.08306511e+21
1.986494084e+21
1.892659187e+21
2.015469578e+21
1.92286036e+21
1.971545576e+21
1.741618484e+21
1.721743464e+21
1.976045278e+21
1.885939044e+21
1.799357117e+21
1.84434487e+21
1.955283199e+21
1.803603041e+21
1.975948395e+21
1.826730449e+21
2.119429081e+21
1.909572405e+21
1.889894483e+21
2.108404542e+21
1.848382689e+21
2.00307972e+21
1.982850238e+21
2.074364475e+21
1.996612327e+21
2.029015945e+21
2.009017503e+21
1.984859553e+21
1.965560552e+21
2.049771292e+21
1.923278674e+21
2.058434022e+21
1.986724324e+21
1.911111194e+21
1.995705315e+21
1.921082392e+21
2.003722924e+21
2.078550792e+21
1.961804829e+21
2.035094281e+21
1.873072709e+21
1.99290754e+21
2.022703755e+21
2.044915339e+21
1.935395167e+21
2.165815335e+21
1.623611995e+21
2.162641403e+21
2.052581557e+21
1.725528322e+21
1.83075839e+21
2.148665059e+21
2.144532273e+21
2.244864848e+21
1.919501811e+21
1.593669934e+21
2.330530469e+21
2.004062588e+21
1.997174271e+21
1.987413343e+21
1.771205353e+21
1.865193858e+21
2.269563902e+21
1.640753291e+21
2.142875645e+21
1.723515826e+21
1.915864092e+21
1.802480136e+21
2.090535716e+21
1.877543695e+21
1.571080302e+21
1.948636214e+21
1.838674235e+21
1.823745072e+21
2.001226386e+21
2.173269336e+21
2.156770953e+21
1.858987946e+21
1.844164758e+21
1.918813499e+21
1.721598528e+21
2.064593503e+21
1.868709537e+21
2.115230713e+21
2.008864482e+21
2.075697055e+21
2.056413641e+21
1.866240579e+21
2.016427755e+21
1.995967696e+21
1.97637672e+21
2.037526557e+21
2.017060681e+21
1.916183975e+21
1.896539809e+21
1.954697538e+21
1.856996946e+21
1.913640944e+21
1.969322068e+21
2.247574167e+21
2.001481971e+21
1.906098265e+21
2.176054156e+21
2.00830937e+21
1.916032792e+21
1.964566173e+21
1.943710504e+21
1.784294806e+21
2.10487338e+21
2.013539677e+21
1.793028152e+21
2.100425932e+21
2.013370467e+21
1.989854704e+21
1.841996558e+21
2.071429111e+21
1.925667852e+21
2.025678062e+21
1.883300174e+21
1.860936188e+21
2.020192943e+21
1.996105157e+21
1.975945047e+21
1.894883147e+21
2.046509841e+21
1.965790028e+21
1.946413254e+21
1.977951111e+21
1.958717697e+21
2.04263268e+21
1.916579085e+21
1.946065664e+21
1.979797305e+21
2.007383126e+21
2.039731472e+21
1.863987588e+21
2.146470389e+21
1.923321054e+21
1.857185337e+21
2.027947737e+21
1.770778222e+21
1.985890247e+21
2.109331544e+21
2.130315486e+21
2.066317212e+21
2.157159496e+21
1.940548853e+21
2.046303938e+21
2.044385395e+21
2.040890674e+21
1.823456873e+21
1.926096638e+21
2.029194137e+21
2.129469043e+21
2.124306438e+21
1.798998512e+21
2.004755226e+21
1.575900294e+21
1.779885828e+21
1.77120575e+21
2.075566861e+21
1.96108702e+21
1.952389909e+21
2.247215016e+21
2.236148291e+21
2.019771978e+21
2.008856186e+21
2.094744449e+21
2.181607695e+21
2.067177007e+21
2.054100313e+21
1.941159137e+21
2.217234026e+21
2.103644142e+21
2.183464032e+21
1.976755447e+21
1.681507836e+21
1.944566453e+21
2.112792101e+21
2.093665319e+21
2.076224692e+21
1.967453081e+21
2.127702849e+21
2.019567113e+21
2.00141323e+21
2.068029715e+21
1.878091715e+21
1.943901602e+21
2.009028558e+21
1.905812071e+21
1.969162228e+21
2.030118883e+21
1.929345501e+21
1.988804485e+21
1.968422248e+21
1.947660456e+21
2.0816066e+21
2.059325756e+21
1.886798043e+21
1.940947244e+21
1.846615995e+21
1.972375738e+21
2.096048537e+21
2.072671281e+21
1.909253539e+21
2.027551583e+21
2.144377371e+21
2.051562511e+21
1.962153916e+21
2.073362904e+21
1.85291924e+21
1.962263331e+21
1.941610836e+21
1.854982167e+21
1.962161478e+21
2.00166356e+21
1.918962102e+21
2.079805573e+21
1.9372921e+21
1.914295281e+21
1.894754383e+21
2.106189524e+21
2.084916476e+21
1.945532986e+21
1.926110278e+21
2.014943937e+21
1.995081124e+21
2.025843109e+21
2.006142386e+21
2.089110556e+21
1.909926009e+21
1.939305322e+21
1.972918423e+21
2.000400667e+21
1.931003645e+21
1.907695675e+21
2.089247143e+21
2.014893952e+21
1.899404352e+21
2.117082219e+21
2.00303949e+21
1.884687807e+21
1.961803541e+21
2.030521645e+21
1.876021739e+21
1.826286685e+21
1.825446104e+21
2.145435605e+21
1.821911857e+21
2.246758415e+21
2.029885525e+21
1.918455831e+21
1.595642329e+21
2.121038845e+21
1.904310134e+21
2.108110965e+21
1.786648598e+21
1.674341512e+21
1.877168982e+21
1.868034233e+21
1.964055714e+21
1.542172692e+21
1.740050189e+21
1.933218015e+21
2.22744748e+21
1.810745551e+21
2.001074092e+21
1.987293639e+21
1.975632482e+21
1.961176789e+21
1.851340712e+21
2.030426183e+21
2.016702705e+21
1.809875027e+21
1.986026744e+21
2.063053661e+21
2.047413278e+21
1.937251022e+21
1.921823965e+21
1.995143703e+21
1.978534094e+21
2.138326342e+21
1.943147111e+21
2.012093847e+21
1.994017051e+21
1.974568026e+21
1.956242746e+21
1.936785985e+21
2.001683466e+21
1.981432354e+21
1.962000215e+21
2.022764877e+21
1.922363647e+21
1.902370605e+21
2.039786965e+21
1.863046906e+21
2.227785914e+21
1.899974247e+21
1.804862942e+21
2.157205488e+21
1.840054901e+21
1.819806995e+21
1.800543905e+21
1.994140503e+21
2.184377213e+21
1.881084764e+21
1.998982033e+21
1.976228252e+21
1.955281219e+21
2.066119113e+21
1.780502855e+21
1.890244499e+21
2.128330719e+21
1.848532516e+21
2.081490879e+21
1.745377496e+21
1.973990083e+21
2.133557987e+21
1.930579254e+21
1.907670349e+21
2.006208691e+21
2.040603694e+21
2.019992006e+21
2.05285651e+21
1.975906532e+21
1.896426383e+21
1.988185191e+21
1.964277501e+21
1.945173934e+21
1.921740245e+21
1.956188934e+21
1.932591787e+21
2.173043721e+21
1.942352085e+21
1.924309135e+21
2.05115667e+21
2.081992546e+21
2.007884118e+21
2.086929329e+21
2.013804174e+21
1.996055449e+21
1.972002877e+21
2.048038584e+21
2.115373268e+21
1.823849112e+21
2.03305105e+21
1.81820946e+21
1.709547972e+21
1.814694421e+21
1.705041146e+21
2.128267267e+21
2.01703515e+21
1.907207372e+21
2.007041374e+21
2.212938134e+21
1.784846016e+21
2.19835968e+21
2.084718286e+21
1.662054317e+21
1.860731687e+21
1.750448238e+21
1.945810203e+21
1.937193416e+21
2.027071655e+21
1.815393367e+21
2.004167536e+21
1.99335206e+21
2.078634381e+21
1.574435189e+21
1.95367146e+21
1.941330765e+21
1.926375815e+21
1.817696636e+21
1.992810272e+21
1.978513179e+21
2.1487015e+21
1.946994703e+21
2.021894731e+21
1.823458218e+21
2.168407496e+21
1.881570766e+21
2.041632799e+21
1.935953602e+21
1.743196248e+21
2.073052523e+21
2.05286372e+21
2.033821385e+21
2.013623239e+21
1.911292223e+21
1.974243784e+21
1.954890111e+21
1.9348454e+21
1.915432144e+21
1.974519098e+21
1.87612403e+21
1.933737211e+21
1.913646026e+21
2.120399502e+21
1.948316201e+21
1.927194253e+21
1.980223486e+21
1.958456659e+21
1.937730077e+21
1.845192865e+21
1.895837938e+21
1.805069815e+21
1.854604842e+21
2.037235796e+21
2.150020965e+21
2.125342722e+21
1.840020623e+21
1.948634847e+21
1.671044573e+21
1.905649201e+21
2.011422577e+21
1.987818762e+21
1.905689742e+21
1.883197637e+21
1.923912768e+21
1.901091114e+21
2.058091531e+21
2.033571928e+21
2.070545352e+21
1.988958573e+21
1.969099707e+21
2.001065774e+21
1.981336765e+21
1.957511346e+21
1.992318494e+21
2.074709781e+21
1.949445179e+21
1.977976589e+21
2.010863681e+21
1.986580467e+21
2.069055161e+21
1.994204455e+21
2.025388438e+21
1.903316894e+21
2.224789061e+21
1.959025019e+21
1.894399944e+21
2.011920626e+21
1.948136077e+21
2.016329163e+21
1.953788784e+21
2.025022079e+21
2.237154664e+21
1.809226208e+21
1.701208417e+21
1.804464755e+21
1.695903653e+21
1.90335465e+21
2.110781628e+21
1.683501693e+21
1.994321314e+21
1.882432528e+21
1.772655422e+21
2.180402511e+21
1.965983502e+21
2.059428904e+21
2.051337522e+21
2.040274424e+21
2.13280812e+21
1.918276097e+21
2.009315834e+21
1.896632616e+21
2.084973866e+21
1.873465065e+21
2.058539243e+21
1.751601021e+21
2.224029346e+21
1.727161445e+21
1.906115865e+21
2.079827152e+21
1.971056249e+21
1.861421907e+21
2.124428417e+21
2.10590634e+21
2.089157831e+21
2.07034006e+21
1.785326616e+21
1.945653505e+21
2.016486482e+21
1.910472368e+21
1.979387483e+21
1.704469862e+21
1.857533832e+21
2.006305977e+21
1.904355183e+21
1.967107184e+21
1.947831354e+21
2.008215553e+21
1.988073381e+21
1.967453088e+21
1.947308434e+21
2.003923971e+21
1.906835773e+21
2.037421483e+21
2.016083223e+21
1.994251764e+21
2.119403051e+21
2.096131311e+21
2.002436519e+21
2.050890524e+21
1.819230198e+21
1.798768969e+21
2.053482171e+21
1.962475639e+21
2.008633713e+21
1.919409273e+21
1.964612597e+21
1.877161638e+21
1.985505656e+21
1.835766837e+21
2.004478042e+21
1.980967935e+21
2.021646184e+21
2.058335204e+21
2.037122924e+21
1.894557103e+21
1.875215729e+21
1.910783402e+21
2.006116222e+21
1.982131617e+21
1.962339618e+21
1.994198137e+21
1.974535356e+21
2.004980301e+21
1.931816184e+21
1.961553662e+21
1.890241065e+21
1.867430145e+21
2.106715546e+21
1.878216513e+21
1.860767397e+21
1.937644997e+21
2.018404086e+21
2.139912915e+21
1.976113146e+21
2.04747216e+21
1.887840441e+21
2.004934778e+21
1.802703974e+21
1.917974923e+21
1.992266234e+21
1.910895418e+21
2.016131294e+21
1.802114056e+21
2.012245016e+21
1.585922978e+21
1.900401949e+21
1.790565481e+21
1.682007445e+21
1.676915226e+21
2.091075779e+21
2.083428769e+21
1.973474911e+21
2.17191738e+21
1.75219666e+21
1.743724519e+21
1.736878352e+21
1.930769558e+21
2.023401748e+21
1.910891419e+21
2.101667224e+21
2.187682597e+21
2.07698969e+21
1.964543064e+21
1.855388523e+21
1.841890237e+21
2.119262684e+21
2.00740676e+21
2.088813727e+21
1.977825388e+21
1.963655319e+21
1.947183202e+21
2.024472311e+21
2.006851827e+21
2.17189232e+21
1.972998301e+21
1.9566032e+21
1.850380576e+21
2.009076336e+21
1.730436745e+21
2.057898683e+21
2.037918548e+21
1.850780854e+21
1.915748298e+21
1.979966939e+21
2.041689578e+21
1.94082339e+21
1.920978333e+21
1.980956271e+21
2.195689966e+21
1.940370791e+21
1.843211153e+21
1.90007382e+21
1.879836336e+21
1.934559487e+21
1.913634791e+21
1.893474345e+21
1.944732657e+21
1.852894302e+21
1.902784633e+21
1.743156995e+21
1.861454726e+21
2.046342293e+21
1.82079701e+21
1.934948996e+21
1.846815226e+21
1.957821798e+21
1.870687886e+21
2.042487279e+21
1.766365409e+21
2.06000571e+21
2.159242058e+21
1.892599715e+21
1.930613256e+21
2.089846685e+21
1.947069974e+21
1.98559159e+21
2.019652785e+21
1.827885323e+21
1.975351367e+21
2.011500809e+21
1.987377478e+21
1.967780482e+21
1.94411792e+21
1.978683812e+21
2.113339676e+21
1.88376928e+21
1.912727208e+21
1.997081579e+21
1.871772997e+21
1.904501242e+21
2.030011686e+21
1.962407548e+21
1.987144239e+21
2.01734124e+21
1.850600985e+21
2.022425673e+21
1.858602116e+21
1.934657732e+21
2.093348871e+21
2.075598431e+21
2.009152895e+21
1.796839741e+21
1.689465977e+21
1.898874195e+21
1.895664093e+21
1.892970861e+21
1.888489352e+21
2.303731728e+21
2.087975119e+21
1.770490439e+21
1.971562843e+21
2.069270275e+21
1.648379454e+21
1.950750628e+21
1.736986942e+21
2.23904612e+21
1.923336095e+21
1.713275315e+21
1.90356338e+21
1.993919048e+21
2.179328563e+21
1.970539457e+21
2.152782339e+21
1.945624291e+21
1.931496231e+21
2.111253943e+21
2.095080085e+21
2.080959516e+21
2.064246526e+21
1.956309759e+21
2.032305394e+21
2.016939141e+21
1.999414003e+21
2.073693232e+21
1.876374192e+21
1.86079143e+21
1.931386867e+21
2.001720452e+21
2.068952141e+21
2.050404541e+21
2.030527268e+21
1.927898471e+21
1.908836931e+21
1.972832433e+21
2.034362147e+21
1.933865671e+21
2.073628995e+21
1.894934339e+21
1.875332838e+21
2.010821703e+21
1.836692766e+21
2.044828429e+21
1.948146958e+21
2.001898098e+21
1.760239718e+21
2.17712427e+21
2.29682078e+21
1.917445194e+21
1.966394202e+21
2.223483673e+21
1.992409671e+21
2.107226957e+21
2.016117014e+21
1.994757135e+21
1.906182286e+21
1.755970005e+21
1.992828193e+21
2.0354689e+21
1.823176263e+21
1.990731844e+21
1.905925507e+21
1.946964549e+21
1.924015259e+21
2.082704223e+21
2.058025054e+21
2.095213837e+21
1.897749314e+21
2.049356334e+21
1.968617345e+21
2.004642246e+21
1.925586559e+21
1.961071668e+21
1.937489701e+21
2.025231789e+21
2.000823808e+21
1.877341659e+21
1.957714933e+21
2.041293468e+21
2.117451047e+21
2.047830151e+21
1.875031132e+21
1.857902395e+21
1.980325831e+21
1.866817905e+21
1.986100758e+21
1.874856775e+21
2.083717273e+21
1.973892739e+21
2.040758773e+21
1.888560157e+21
2.001311209e+21
1.57925973e+21
1.788056191e+21
2.206714083e+21
2.098087346e+21
2.095108513e+21
1.776635469e+21
1.877541902e+21
1.767889185e+21
2.178589661e+21
2.067292579e+21
2.267387125e+21
2.257769601e+21
1.738672647e+21
2.239213359e+21
1.926283976e+21
2.016799632e+21
2.108288641e+21
1.896291331e+21
1.886993363e+21
2.07235454e+21
1.864898306e+21
1.754696889e+21
2.132090556e+21
1.924215933e+21
2.103305503e+21
1.897474549e+21
2.073164149e+21
2.056543426e+21
2.134639802e+21
2.20883019e+21
2.100801e+21
2.082577976e+21
1.976218364e+21
2.047528802e+21
2.030534848e+21
1.924331719e+21
1.994418236e+21
1.975542075e+21
2.042964782e+21
1.93888985e+21
2.00445942e+21
1.98466983e+21
1.965749159e+21
1.946003639e+21
1.92695766e+21
1.986779815e+21
1.888198882e+21
2.102279691e+21
2.003708467e+21
1.9064795e+21
1.962160487e+21
2.015978281e+21
1.847111229e+21
1.9002648e+21
1.952571501e+21
2.002725574e+21
1.981547158e+21
2.099547699e+21
1.800321367e+21
1.985526965e+21
1.828989413e+21
1.942201905e+21
1.855364465e+21
1.89963692e+21
2.00919274e+21
1.986002621e+21
1.965108008e+21
1.942252107e+21
1.921931417e+21
2.083239376e+21
1.940323397e+21
1.9773829e+21
1.897700952e+21
1.87522181e+21
1.97208067e+21
1.948610808e+21
1.872190259e+21
1.961929081e+21
1.997830295e+21
1.97387518e+21
1.954408443e+21
1.984542818e+21
1.912120038e+21
1.941547242e+21
1.922928802e+21
1.95105298e+21
1.932628467e+21
1.859017695e+21
1.99107472e+21
2.114504629e+21
1.851561202e+21
1.877283126e+21
1.955841219e+21
1.979293592e+21
2.101985644e+21
1.98426531e+21
1.967111384e+21
1.98853119e+21
1.971675455e+21
1.993530497e+21
1.992619592e+21
2.095422572e+21
1.779448331e+21
2.194442196e+21
2.086979641e+21
1.769751426e+21
1.870269172e+21
1.864644144e+21
2.273509864e+21
2.265249639e+21
2.053313532e+21
1.737929152e+21
2.241397045e+21
2.230627612e+21
2.221888029e+21
2.310458428e+21
2.000228842e+21
1.889074632e+21
1.681942965e+21
2.064500887e+21
1.955618942e+21
1.942307491e+21
2.027507442e+21
2.108689343e+21
1.904924262e+21
1.606826593e+21
2.065426968e+21
1.769502475e+21
1.756850636e+21
2.017272427e+21
2.093041554e+21
1.894488783e+21
2.058455898e+21
2.040036346e+21
2.111076174e+21
2.004479196e+21
1.900770446e+21
1.968390504e+21
1.950763034e+21
1.931908377e+21
1.997250919e+21
1.977561109e+21
2.040329757e+21
2.019863946e+21
1.920098826e+21
1.900546464e+21
1.959907435e+21
2.094862647e+21
2.150233486e+21
2.051767497e+21
1.880072682e+21
1.934525666e+21
1.987911191e+21
2.112147653e+21
2.089910511e+21
2.209615184e+21
2.18625347e+21
1.952808596e+21
2.070121697e+21
1.978691647e+21
2.025217485e+21
1.735308819e+21
1.981070974e+21
1.958416914e+21
2.066910065e+21
2.106915494e+21
2.021575853e+21
2.060516834e+21
1.853599592e+21
2.015093871e+21
1.933727396e+21
2.030388242e+21
1.950361069e+21
1.927266121e+21
1.84978252e+21
1.99912771e+21
1.978928799e+21
1.955286108e+21
1.935757135e+21
2.021836838e+21
1.947790345e+21
2.031277264e+21
2.011512694e+21
1.934968818e+21
1.968206956e+21
1.893266838e+21
1.976759047e+21
2.002924339e+21
1.984312612e+21
1.911283665e+21
1.942382261e+21
2.014799859e+21
2.091798657e+21
1.972532929e+21
1.908601741e+21
1.839506854e+21
1.914786314e+21
2.026739706e+21
2.009563078e+21
1.98581005e+21
1.775966511e+21
1.878581598e+21
1.981099572e+21
1.873678955e+21
2.182859285e+21
1.866621733e+21
1.759549647e+21
1.960653687e+21
1.85298189e+21
2.051404418e+21
2.045427092e+21
1.833108977e+21
1.928338835e+21
1.919092801e+21
1.810969544e+21
1.801302832e+21
1.892990939e+21
1.980960689e+21
2.069824334e+21
1.860829722e+21
2.045655251e+21
1.935007067e+21
2.019895128e+21
2.196291567e+21
2.182477139e+21
1.883346698e+21
2.057747324e+21
1.670161435e+21
2.026722923e+21
1.735770077e+21
2.085339217e+21
2.15719384e+21
2.050920895e+21
2.032598524e+21
2.103389758e+21
2.08404538e+21
2.066058236e+21
1.961290524e+21
1.943735813e+21
2.008671653e+21
1.907173493e+21
1.970503132e+21
1.951734113e+21
1.932184381e+21
1.993009006e+21
1.893832085e+21
1.952990208e+21
2.164812487e+21
2.142680521e+21
2.120313209e+21
2.023378793e+21
1.927786201e+21
2.054360804e+21
2.104820377e+21
1.939033101e+21
2.273011803e+21
2.108422901e+21
2.085092085e+21
1.856698979e+21
1.699916577e+21
2.085548222e+21
1.729374045e+21
1.842678206e+21
2.01679599e+21
1.866750936e+21
2.036119527e+21
1.888781444e+21
1.929066852e+21
2.093616356e+21
1.764840424e+21
2.168073101e+21
2.142550248e+21
2.002664886e+21
2.037163393e+21
1.958752378e+21
1.992378411e+21
1.972246695e+21
1.948687969e+21
1.984344341e+21
2.015014978e+21
1.995139609e+21
2.024422004e+21
1.899210895e+21
1.928434822e+21
2.064799235e+21
2.090853451e+21
1.970076472e+21
1.946242359e+21
1.977596278e+21
2.149010801e+21
1.887402737e+21
1.960148497e+21
1.989935514e+21
2.012623491e+21
1.902105531e+21
1.970720812e+21
1.953687506e+21
1.930033169e+21
2.002687272e+21
2.290488514e+21
1.873181773e+21
1.871339158e+21
1.661863811e+21
2.177540706e+21
2.070909677e+21
1.652839674e+21
2.062101601e+21
2.261519036e+21
2.153520008e+21
1.839196411e+21
1.935720951e+21
2.029012787e+21
1.920982238e+21
2.113031584e+21
2.004537188e+21
1.993858884e+21
1.985072878e+21
2.170826584e+21
1.963822677e+21
1.853830739e+21
1.843876545e+21
1.927761317e+21
2.203991168e+21
1.997835686e+21
1.985278208e+21
1.970179441e+21
1.770562134e+21
1.848886593e+21
2.019253212e+21
1.911439307e+21
1.987358867e+21
2.059760793e+21
2.13228611e+21
1.849109111e+21
1.921112519e+21
2.076515109e+21
1.887052665e+21
1.954241579e+21
1.936759039e+21
2.001490627e+21
1.982988347e+21
1.963495355e+21
1.944801266e+21
1.925348093e+21
1.985965212e+21
2.04442873e+21
1.946121636e+21
2.080184467e+21
1.830154656e+21
2.03745805e+21
1.866970895e+21
1.994981744e+21
2.047233871e+21
1.952885572e+21
2.075469917e+21
1.840462642e+21
2.101166926e+21
2.077938669e+21
1.987394052e+21
1.76186869e+21
2.01137493e+21
1.988630453e+21
1.967571335e+21
1.945104594e+21
1.924560027e+21
2.029216608e+21
2.007871173e+21
1.984558586e+21
2.025166072e+21
2.18343885e+21
1.920669024e+21
2.07601206e+21
1.995912693e+21
1.85627719e+21
1.952155563e+21
1.985674533e+21
1.853289019e+21
1.99762376e+21
1.922734148e+21
2.008238998e+21
1.988429033e+21
1.911422708e+21
1.892821469e+21
1.87000035e+21
1.903510125e+21
2.134634981e+21
1.963438927e+21
1.939678069e+21
1.970925257e+21
1.849694006e+21
1.977489028e+21
2.001160458e+21
2.124857181e+21
1.912502807e+21
1.895653393e+21
1.872668009e+21
1.992324131e+21
2.102374687e+21
2.040210764e+21
1.866834165e+21
1.865984159e+21
2.071280386e+21
2.069353288e+21
2.065892587e+21
1.959818788e+21
1.749415708e+21
1.848785154e+21
1.945663986e+21
2.247447904e+21
1.628606888e+21
1.92834284e+21
1.819167259e+21
2.014401641e+21
2.205260919e+21
2.296485554e+21
1.986327507e+21
1.779822629e+21
2.064355694e+21
1.956440012e+21
2.138497503e+21
1.933657068e+21
1.920569628e+21
2.004840707e+21
1.990417187e+21
2.166287777e+21
1.869427672e+21
2.042558096e+21
2.026297479e+21
1.828943963e+21
1.813759453e+21
1.800089884e+21
1.963036822e+21
2.03601518e+21
2.017884408e+21
1.740153025e+21
2.069039061e+21
1.965734475e+21
1.862580377e+21
2.013737917e+21
1.911262397e+21
1.975933178e+21
1.956537246e+21
1.937917497e+21
2.078440011e+21
1.89981219e+21
2.115612737e+21
1.86172916e+21
2.072922243e+21
1.975751761e+21
2.030377915e+21
2.009327301e+21
2.061712336e+21
2.18588166e+21
1.946157474e+21
1.925681149e+21
2.04577917e+21
1.814765959e+21
1.932778557e+21
1.844009321e+21
2.093531743e+21
1.870889414e+21
1.717625451e+21
1.895527266e+21
2.067750477e+21
2.045912357e+21
2.085559096e+21
1.813486252e+21
1.792442675e+21
2.079500871e+21
2.05519715e+21
2.033843611e+21
2.069036352e+21
1.989205878e+21
1.965675036e+21
2.002826653e+21
1.979015617e+21
2.014988871e+21
1.990927942e+21
1.971039234e+21
2.001508438e+21
1.981763447e+21
2.010849365e+21
1.886474889e+21
1.8637281e+21
1.94839772e+21
1.924852479e+21
2.007021495e+21
2.032294214e+21
2.013406569e+21
1.940490902e+21
2.163106732e+21
1.994409774e+21
2.070629523e+21
1.952525237e+21
2.02748231e+21
2.048399968e+21
1.98557224e+21
2.050647865e+21
2.077479225e+21
2.169635316e+21
2.271917566e+21
1.960188333e+21
1.958365942e+21
1.955097805e+21
1.952331038e+21
2.050283051e+21
1.841733081e+21
1.83624135e+21
1.831821431e+21
2.028024863e+21
2.022127116e+21
2.215003542e+21
1.906436162e+21
1.797490702e+21
1.790467237e+21
2.176738093e+21
2.364173836e+21
2.056617195e+21
2.046568279e+21
2.033672649e+21
1.92644565e+21
2.104774539e+21
1.902283176e+21
1.888622456e+21
1.970606063e+21
2.141926781e+21
1.850042966e+21
2.018874494e+21
2.004477763e+21
1.987863962e+21
1.972891728e+21
1.955919652e+21
1.852239513e+21
1.923189256e+21
1.993968436e+21
1.889815263e+21
1.703210425e+21
2.024655246e+21
1.922954674e+21
1.987281514e+21
1.968928032e+21
2.030862789e+21
2.01154405e+21
1.911819624e+21
2.050906979e+21
1.873970615e+21
1.932528419e+21
2.065710549e+21
2.196062985e+21
1.948408044e+21
1.779888433e+21
2.127982788e+21
1.815292259e+21
1.939475577e+21
1.919073891e+21
2.038782806e+21
2.086803777e+21
2.063778082e+21
2.109985511e+21
2.019118555e+21
2.130901675e+21
2.106844077e+21
1.75882899e+21
1.867572965e+21
2.102726596e+21
1.952564295e+21
1.932027586e+21
1.909621249e+21
1.950601662e+21
1.988059918e+21
1.788549218e+21
1.767520599e+21
1.924233869e+21
1.90147926e+21
1.996126532e+21
1.859692572e+21
1.952468425e+21
1.92915806e+21
1.964453366e+21
1.94090871e+21
2.081906854e+21
2.004131066e+21
1.880170727e+21
1.960692105e+21
2.095189504e+21
1.918411937e+21
1.950297116e+21
2.025485616e+21
2.006660264e+21
2.079027937e+21
1.868401364e+21
1.987704482e+21
1.969864947e+21
2.038609989e+21
1.836955659e+21
1.99611347e+21
1.978865958e+21
1.999271568e+21
2.070443262e+21
1.955517128e+21
1.748878403e+21
2.363816141e+21
2.053582703e+21
2.050162904e+21
2.04726346e+21
2.144614159e+21
2.038594003e+21
2.032528154e+21
1.824874935e+21
2.020349654e+21
2.014477974e+21
1.90573801e+21
2.099165992e+21
1.890213187e+21
1.882832346e+21
2.168577577e+21
2.257179446e+21
2.146504902e+21
2.233115957e+21
2.026108912e+21
2.015252213e+21
2.096980639e+21
1.990009029e+21
1.787578133e+21
1.963351017e+21
2.134069808e+21
2.027591463e+21
2.102937772e+21
2.087951322e+21
1.890616002e+21
1.965736858e+21
1.860269635e+21
2.109208241e+21
2.003381795e+21
2.073195784e+21
2.054247304e+21
2.036556295e+21
1.933395513e+21
1.99943585e+21
1.980252346e+21
1.961972381e+21
1.942767932e+21
2.004474089e+21
1.905126433e+21
1.886524252e+21
1.945252478e+21
1.925802772e+21
2.05854886e+21
1.811135935e+21
1.86700393e+21
1.995469625e+21
1.974418058e+21
1.953784328e+21
1.932839406e+21
1.841678048e+21
1.891707641e+21
2.010372403e+21
1.919651924e+21
2.170657115e+21
2.012285217e+21
1.924596893e+21
1.902885649e+21
1.882741241e+21
1.861289627e+21
1.968644642e+21
1.883236738e+21
1.987659047e+21
2.087409391e+21
2.06557445e+21
2.041457249e+21
1.841989807e+21
2.113945338e+21
1.91781108e+21
2.067425461e+21
1.989471091e+21
1.965830875e+21
2.001562485e+21
1.977670071e+21
2.066684216e+21
2.041916401e+21
1.968565447e+21
1.997457508e+21
1.978014589e+21
2.057009983e+21
1.884479726e+21
2.012646686e+21
1.943791962e+21
1.871011085e+21
2.097517994e+21
1.927511604e+21
2.005394794e+21
2.122547277e+21
1.869775644e+21
2.124116537e+21
2.013866016e+21
1.898965604e+21
1.927381987e+21
1.90396401e+21
1.887841623e+21
1.948087758e+21
1.844719411e+21
2.047688166e+21
2.25036593e+21
1.940268168e+21
2.039500932e+21
2.034755323e+21
1.624701431e+21
1.721119648e+21
1.817980925e+21
2.012732321e+21
1.806197834e+21
1.698722946e+21
2.091278061e+21
2.081352648e+21
2.27068139e+21
1.767663834e+21
2.248755648e+21
2.041312956e+21
2.128083485e+21
2.01860123e+21
1.816573837e+21
1.899312951e+21
1.982675179e+21
2.062226164e+21
1.862999234e+21
1.941377199e+21
2.020190097e+21
1.913090924e+21
1.899466204e+21
2.152886124e+21
1.958633696e+21
2.030104432e+21
1.838922951e+21
1.909416712e+21
2.065782253e+21
1.961641685e+21
2.029311988e+21
2.010308143e+21
1.992360729e+21
1.973272728e+21
1.955065702e+21
1.935955698e+21
1.997453652e+21
1.898479943e+21
2.036612224e+21
2.016039425e+21
1.919123776e+21
2.127415793e+21
1.95529089e+21
2.158276346e+21
1.98861222e+21
1.894781181e+21
2.091328643e+21
1.926248492e+21
2.117771634e+21
1.885282136e+21
2.279899227e+21
1.913155244e+21
1.892900346e+21
1.938648042e+21
2.116533178e+21
1.961883284e+21
1.941116582e+21
1.919015613e+21
1.708878085e+21
2.064631306e+21
2.104825036e+21
2.019252816e+21
1.937582075e+21
1.97481314e+21
1.83585325e+21
1.931336969e+21
1.969353177e+21
2.003318207e+21
2.039513022e+21
1.959304166e+21
1.994916166e+21
1.971107131e+21
1.951412786e+21
2.035141093e+21
1.96203215e+21
1.938438031e+21
2.023328629e+21
1.947670249e+21
1.878220538e+21
1.905659294e+21
1.88765493e+21
1.962931093e+21
1.99330238e+21
1.921086848e+21
1.855944916e+21
1.927418059e+21
1.956707991e+21
2.070985019e+21
1.870276707e+21
1.982716712e+21
2.010260848e+21
2.029944042e+21
1.92524654e+21
1.940714626e+21
2.1440282e+21
1.937945918e+21
1.834245608e+21
1.831203848e+21
2.1333869e+21
2.027079326e+21
2.225539562e+21
1.916361829e+21
2.314232919e+21
1.9049136e+21
2.099319593e+21
1.991011662e+21
1.984237322e+21
1.876096894e+21
1.967137726e+21
2.15243874e+21
1.948169123e+21
1.936900889e+21
2.216574638e+21
2.011148981e+21
2.190900143e+21
1.892331571e+21
1.787262312e+21
1.774496916e+21
2.04180954e+21
1.750087956e+21
1.738364036e+21
1.906158834e+21
1.982715623e+21
1.876984038e+21
1.774165167e+21
2.110772137e+21
2.006844427e+21
2.075568162e+21
1.972653989e+21
1.954679477e+21
2.022119036e+21
2.003210572e+21
1.985335503e+21
1.966342139e+21
2.110558102e+21
1.92919107e+21
1.910862931e+21
1.970707988e+21
2.029539312e+21
2.009064866e+21
2.065490223e+21
2.044373431e+21
1.94856445e+21
2.002542692e+21
1.981801784e+21
1.888315331e+21
1.868590561e+21
1.990802464e+21
1.89952139e+21
1.80931124e+21
2.065623504e+21
2.110991931e+21
2.021270393e+21
2.065381576e+21
1.845743681e+21
1.955308537e+21
1.934613676e+21
2.167616001e+21
1.766248918e+21
2.057748399e+21
1.789308031e+21
1.829577842e+21
1.93113724e+21
1.908611617e+21
1.947806313e+21
1.983264775e+21
2.078283576e+21
1.996683675e+21
1.976292468e+21
1.952820652e+21
1.988313841e+21
2.019159483e+21
1.944957206e+21
1.921652146e+21
1.955542075e+21
2.036459763e+21
1.964925677e+21
1.890139128e+21
1.973192131e+21
1.94932914e+21
1.980421516e+21
1.907509805e+21
1.938234055e+21
1.866837161e+21
1.992069444e+21
1.827295253e+21
1.950195202e+21
1.926471261e+21
2.091360091e+21
1.931174506e+21
2.137108572e+21
1.891191748e+21
1.962400641e+21
2.035154836e+21
2.135945164e+21
1.727417894e+21
1.827335192e+21
2.027012428e+21
2.024151145e+21
1.716541871e+21
2.217177962e+21
2.110139328e+21
1.503623331e+21
1.897785248e+21
2.091467559e+21
1.983581611e+21
2.075678712e+21
2.065866733e+21
1.959824678e+21
1.852032832e+21
2.329142901e+21
1.833260062e+21
2.112378337e+21
1.908334813e+21
2.182849455e+21
1.979671392e+21
2.155613075e+21
1.954136035e+21
2.126846035e+21
1.927289583e+21
2.005548293e+21
2.170602057e+21
1.885767741e+21
2.048359748e+21
2.032970283e+21
2.103228736e+21
1.912739189e+21
2.068189117e+21
2.051113123e+21
2.032452016e+21
1.931019525e+21
1.912989486e+21
1.978359646e+21
2.041104231e+21
1.941397203e+21
1.922473552e+21
2.142244023e+21
1.885325128e+21
2.100304409e+21
1.848127752e+21
1.90590381e+21
1.961900947e+21
2.016571983e+21
1.847872899e+21
2.121336935e+21
2.026654495e+21
2.077114157e+21
1.913200601e+21
1.822977605e+21
2.080623549e+21
2.127280588e+21
2.036028126e+21
1.813031295e+21
2.124863922e+21
1.839562511e+21
2.143655481e+21
2.056697808e+21
2.033313938e+21
1.697497139e+21
2.05091123e+21
2.029345101e+21
1.945079251e+21
1.924735137e+21
1.902295005e+21
2.059018373e+21
2.034849376e+21
1.956336736e+21
1.933233143e+21
1.913489316e+21
1.946379905e+21
1.981755073e+21
1.958111064e+21
1.992392648e+21
1.9685212e+21
1.949094794e+21
1.977700867e+21
1.958445965e+21
1.985736541e+21
1.865826075e+21
1.893075078e+21
2.02322836e+21
1.949952581e+21
1.883529884e+21
1.908364976e+21
2.032746122e+21
1.91462991e+21
2.128842349e+21
2.011497766e+21
2.175033898e+21
2.014259909e+21
1.952487801e+21
2.060206374e+21
1.999306441e+21
1.824759036e+21
2.127922846e+21
2.328321432e+21
2.225027017e+21
1.817470217e+21
1.814906314e+21
1.911304784e+21
2.00807178e+21
2.102253907e+21
1.997342134e+21
1.791198992e+21
1.984451471e+21
1.97620681e+21
1.969491413e+21
1.764179888e+21
2.050194092e+21
1.650961448e+21
1.933788981e+21
1.634249629e+21
2.20027657e+21
1.806274217e+21
2.080298686e+21
1.784595574e+21
1.774233043e+21
2.132470132e+21
2.11912941e+21
1.920322168e+21
2.089138816e+21
2.07267707e+21
1.878992336e+21
2.041027938e+21
1.937628914e+21
2.0084166e+21
2.079203767e+21
1.889123825e+21
2.043856406e+21
2.025289333e+21
2.007885029e+21
1.906282864e+21
1.97143264e+21
2.033985407e+21
2.015244141e+21
1.915802653e+21
2.055751705e+21
1.957099841e+21
1.860498325e+21
1.841778023e+21
2.051310843e+21
1.955192194e+21
1.935249461e+21
2.283562571e+21
2.187022114e+21
2.019785513e+21
1.99869709e+21
1.97736282e+21
1.956584251e+21
2.142748569e+21
2.120131927e+21
1.961566621e+21
2.141582423e+21
1.853047662e+21
1.89890198e+21
1.942290365e+21
1.921737706e+21
1.836573457e+21
2.005171347e+21
1.858290315e+21
1.838750778e+21
1.938651568e+21
2.098223031e+21
2.073771946e+21
1.993591621e+21
1.796358864e+21
1.892543039e+21
2.040218306e+21
1.851099446e+21
1.884553461e+21
1.975239433e+21
2.005890336e+21
1.985844823e+21
1.909025323e+21
1.995195019e+21
1.867454416e+21
1.900640195e+21
1.92845858e+21
1.960213769e+21
2.035806545e+21
2.114938007e+21
1.943527472e+21
1.973595708e+21
1.949618692e+21
2.073154298e+21
1.861755376e+21
1.79892034e+21
2.05039638e+21
1.942011761e+21
1.962955381e+21
1.901775442e+21
2.009654101e+21
1.992647986e+21
1.817930216e+21
1.918059557e+21
2.017055382e+21
1.8136694e+21
2.112460423e+21
1.90857915e+21
1.904175185e+21
2.000583499e+21
1.994692573e+21
2.089404348e+21
1.982828847e+21
2.075938396e+21
1.870442311e+21
2.060310359e+21
2.148257629e+21
2.139896549e+21
2.225433912e+21
1.926678226e+21
1.915597877e+21
2.001589511e+21
2.083838704e+21
1.884281986e+21
1.871692012e+21
1.767789388e+21
1.939991238e+21
2.111468578e+21
1.913404948e+21
1.900611874e+21
1.885660745e+21
2.050576439e+21
1.945324582e+21
2.106247721e+21
1.914277326e+21
2.07183556e+21
1.968021182e+21
1.782069498e+21
1.934086251e+21
2.000842909e+21
1.98221541e+21
1.964553972e+21
1.945839425e+21
1.9279185e+21
2.068276046e+21
1.891062599e+21
1.87235136e+21
1.854103659e+21
1.911949769e+21
1.968579319e+21
2.173359456e+21
1.854480742e+21
2.275815668e+21
1.961647515e+21
2.012962936e+21
1.991950505e+21
2.041093345e+21
2.089292548e+21
1.928900059e+21
1.97670656e+21
1.887602386e+21
2.067733949e+21
1.912840741e+21
1.957846653e+21
2.064902472e+21
2.170745617e+21
1.956737788e+21
1.936084083e+21
1.975633745e+21
1.954861535e+21
1.871882908e+21
2.031561028e+21
2.007898035e+21
1.987037348e+21
2.02148884e+21
1.94349123e+21
2.033528039e+21
2.012758642e+21
1.988871462e+21
1.968766498e+21
1.999320949e+21
2.032835567e+21
2.061338428e+21
1.936326935e+21
2.06815313e+21
2.048014642e+21
1.922138638e+21
1.9537884e+21
1.78167408e+21
1.911906446e+21
1.888715951e+21
2.015091493e+21
1.895810489e+21
2.019372327e+21
1.99479133e+21
1.976888543e+21
2.13445191e+21
1.800556557e+21
2.000920416e+21
1.983641615e+21
2.002980623e+21
1.986033733e+21
1.710532744e+21
2.112057645e+21
2.009539858e+21
2.208449062e+21
2.204816841e+21
2.201710336e+21
1.996945871e+21
1.893493317e+21
2.086658558e+21
1.982530792e+21
2.173040432e+21
1.969771403e+21
1.961620506e+21
1.954963056e+21
1.945776348e+21
2.035118588e+21
1.735258207e+21
2.015600552e+21
2.194890721e+21
1.994284562e+21
2.265008251e+21
1.971305169e+21
1.58517507e+21
2.132211814e+21
2.025042749e+21
2.012390633e+21
1.997324877e+21
1.983979257e+21
2.057870968e+21
2.043261454e+21
2.114630252e+21
2.011323066e+21
1.820803778e+21
2.06451939e+21
1.961098325e+21
1.944933601e+21
1.92731793e+21
1.910772929e+21
1.975314481e+21
1.95772314e+21
1.939099871e+21
1.92124909e+21
1.902598783e+21
2.041599475e+21
1.943678339e+21
1.924742501e+21
1.981642618e+21
2.037324815e+21
2.016600299e+21
1.922115205e+21
2.121790753e+21
1.882612057e+21
2.006186296e+21
1.914347551e+21
2.104396519e+21
2.01288232e+21
2.128435241e+21
1.902173478e+21
2.015700504e+21
1.994376763e+21
2.103719633e+21
2.146490808e+21
1.929444392e+21
2.227203995e+21
2.139021957e+21
1.991949206e+21
1.846063314e+21
1.887543005e+21
1.865737724e+21
1.905781012e+21
2.001318161e+21
1.922275264e+21
2.014874149e+21
1.823182616e+21
1.914276978e+21
1.95045216e+21
1.92731008e+21
1.962335847e+21
1.992794451e+21
1.972877443e+21
1.896563353e+21
1.982167841e+21
1.95833122e+21
1.990293912e+21
2.01669472e+21
1.897471555e+21
1.874507326e+21
2.003380333e+21
2.075613704e+21
2.056315571e+21
1.936834861e+21
2.10636754e+21
1.849524615e+21
2.107864458e+21
2.036896547e+21
2.153555784e+21
1.949998558e+21
2.021032075e+21
1.909553437e+21
1.979463245e+21
2.004916412e+21
1.803611512e+21
1.901976124e+21
2.000229434e+21
1.996946357e+21
2.093841171e+21
1.790596775e+21
2.085061906e+21
1.97994984e+21
1.678926113e+21
2.066618256e+21
1.766261264e+21
1.954407803e+21
2.045167909e+21
1.938643891e+21
1.834552845e+21
1.921021266e+21
2.103873698e+21
1.616406162e+21
1.987032739e+21
1.786631651e+21
2.244761526e+21
1.951089659e+21
2.032153291e+21
2.017766394e+21
1.822879901e+21
1.990181745e+21
2.066751048e+21
2.139701176e+21
1.858955128e+21
1.931546512e+21
1.91706987e+21
1.987187257e+21
2.057254709e+21
2.039190262e+21
2.022391104e+21
2.004101025e+21
1.986905826e+21
1.968461434e+21
1.950939645e+21
1.932406842e+21
1.914625666e+21
1.896064866e+21
1.878088782e+21
2.01451784e+21
1.994899076e+21
2.050861456e+21
1.880002849e+21
1.860902337e+21
1.989292195e+21
2.041722504e+21
1.948437539e+21
1.99945513e+21
1.978593056e+21
2.027452327e+21
1.867804487e+21
1.984488754e+21
1.828136328e+21
2.276883135e+21
1.987764806e+21
1.900193047e+21
2.009737036e+21
1.987187747e+21
1.966166668e+21
2.006579702e+21
2.171534872e+21
1.962677283e+21
1.820665878e+21
1.979609062e+21
2.018267259e+21
1.99478127e+21
2.032117753e+21
1.950922531e+21
1.987601941e+21
1.964159438e+21
1.944097322e+21
1.975922991e+21
2.010278933e+21
1.932626359e+21
1.966457053e+21
1.890393183e+21
1.975717838e+21
1.849224042e+21
1.932948916e+21
2.060381863e+21
1.990834061e+21
1.917567141e+21
1.850739562e+21
1.828278521e+21
2.049605362e+21
2.071762117e+21
1.91286297e+21
1.981729496e+21
1.963944049e+21
2.075328921e+21
1.96761617e+21
1.987756443e+21
1.839221648e+21
1.946509977e+21
1.930046174e+21
1.797747018e+21
2.096427267e+21
1.795208024e+21
1.992833012e+21
2.089047122e+21
2.086107305e+21
1.982212626e+21
1.978450043e+21
1.775393905e+21
1.9679375e+21
2.157075726e+21
1.955306933e+21
1.752523152e+21
1.940647472e+21
1.834985355e+21
1.635451139e+21
2.105432043e+21
1.905656302e+21
1.800020451e+21
1.979833464e+21
1.780178721e+21
2.050273259e+21
1.851497825e+21
2.024852468e+21
1.919153864e+21
1.997996812e+21
2.073229957e+21
1.969855807e+21
2.132112939e+21
2.116995072e+21
1.837242662e+21
2.083978325e+21
1.980210191e+21
2.050040975e+21
1.862728237e+21
2.015335848e+21
1.997136433e+21
1.980009842e+21
1.961655775e+21
1.944202997e+21
2.005999851e+21
1.987549742e+21
1.968307992e+21
1.949654584e+21
1.853222083e+21
1.911646581e+21
2.119611104e+21
1.873637234e+21
1.854624815e+21
1.982587183e+21
2.034865818e+21
2.085743419e+21
1.85042834e+21
1.83112548e+21
2.020699964e+21
1.792640089e+21
1.97790465e+21
1.754590177e+21
1.868881248e+21
2.113276315e+21
1.893931713e+21
2.003117512e+21
2.044551706e+21
2.022926072e+21
2.000005628e+21
1.855219029e+21
2.017395777e+21
1.935697466e+21
2.092737623e+21
1.952518186e+21
1.988286942e+21
1.967630581e+21
2.00177379e+21
1.867932175e+21
2.013717937e+21
1.993149009e+21
1.969511775e+21
2.057910854e+21
2.033378414e+21
2.013053405e+21
1.93660367e+21
1.865661798e+21
1.94562754e+21
1.875975996e+21
1.953515062e+21
1.835543979e+21
2.058364585e+21
1.990363255e+21
1.822332694e+21
2.042938804e+21
2.01808186e+21
1.953135149e+21
1.929326179e+21
1.957535164e+21
2.023573318e+21
1.872037264e+21
1.981239198e+21
2.051430177e+21
2.02633705e+21
1.966451837e+21
2.226436686e+21
1.780056308e+21
1.999410608e+21
1.775234754e+21
2.212977048e+21
2.430164342e+21
2.200760183e+21
1.756620363e+21
1.966544712e+21
2.614562842e+21
1.299608091e+21
1.726807503e+21
2.143850201e+21
2.135114645e+21
2.118784142e+21
1.687088524e+21
1.672847998e+21
1.040004212e+21
2.473124807e+21
1.639065315e+21
1.825816663e+21
1.814049906e+21
1.7951191e+21
1.782565993e+21
2.154773284e+21
1.749748035e+21
1.729689347e+21
1.906489653e+21
2.072193988e+21
2.054651824e+21
1.844939297e+21
2.194246213e+21
2.16658819e+21
1.96761445e+21
2.118819236e+21
2.098421472e+21
2.070860524e+21
2.050279251e+21
1.85435321e+21
2.002273218e+21
1.9752269e+21
1.954592072e+21
1.927924176e+21
1.907402289e+21
1.881176796e+21
2.01591968e+21
1.988045297e+21
2.117566214e+21
1.789864843e+21
2.212664312e+21
1.890972259e+21
2.157702888e+21
2.269524113e+21
1.823489489e+21
1.93645677e+21
2.051704585e+21
2.023244423e+21
2.267565066e+21
2.104678423e+21
1.821242326e+21
2.052784483e+21
1.649567443e+21
2.252779434e+21
2.228228021e+21
1.831641164e+21
1.691075047e+21
1.906628392e+21
2.004156092e+21
1.977418404e+21
2.07164138e+21
2.157869066e+21
2.023001804e+21
1.885693688e+21
2.195671121e+21
1.950671309e+21
2.038191333e+21
1.800517672e+21
2.097122411e+21
2.070956375e+21
2.255663789e+21
2.126746529e+21
2.106156911e+21
2.080850761e+21
1.864714458e+21
1.939780863e+21
1.921536944e+21
1.994455751e+21
1.975947175e+21
1.953859375e+21
1.935949397e+21
2.006118825e+21
2.168650881e+21
1.96703404e+21
1.949364427e+21
1.929595041e+21
1.91238848e+21
1.979831314e+21
1.962266636e+21
1.943975524e+21
2.010546265e+21
1.766575375e+21
1.765495563e+21
2.423756594e+21
1.760734995e+21
2.194937612e+21
2.191240476e+21
1.96459154e+21
2.395741801e+21
2.167371299e+21
2.161189395e+21
1.718862443e+21
2.355267677e+21
2.126694933e+21
1.906245561e+21
2.312136693e+21
1.882910117e+21
2.282017336e+21
1.857261872e+21
2.249287229e+21
1.626260575e+21
2.214237573e+21
1.80000256e+21
1.583392207e+21
1.768890321e+21
2.138362786e+21
2.122332623e+21
2.288861842e+21
2.270579478e+21
2.056727091e+21
2.039355753e+21
2.014442565e+21
1.996574504e+21
1.971523154e+21
1.953271756e+21
1.928205053e+21
1.736072362e+21
2.056042806e+21
2.03564747e+21
1.841224013e+21
1.988132965e+21
1.961386958e+21
2.102674353e+21
2.074099382e+21
2.052054425e+21
1.868259863e+21
1.848098624e+21
2.126412988e+21
1.802737686e+21
2.074108084e+21
1.758226391e+21
2.022834698e+21
1.857542014e+21
1.831780088e+21
1.672092563e+21
1.923738528e+21
2.445895581e+21
1.8760519e+21
1.9877648e+21
2.352436111e+21
1.680216943e+21
1.78463394e+21
2.017189684e+21
1.989666823e+21
2.336989582e+21
1.94132421e+21
1.680324759e+21
2.012968354e+21
2.342909586e+21
1.964951209e+21
2.172948417e+21
2.144310992e+21
2.010291845e+21
1.763650827e+21
2.400104662e+21
1.615396705e+21
1.91884413e+21
1.789278335e+21
2.188229362e+21
1.955138252e+21
2.139700302e+21
1.912201205e+21
1.794016377e+21
1.772460458e+21
2.048138453e+21
2.216817888e+21
2.195962835e+21
1.981979875e+21
2.057086603e+21
2.126523768e+21
2.107027436e+21
1.993502775e+21
1.706050106e+21
1.954618887e+21
1.937061006e+21
2.091670162e+21
1.900269596e+21
1.967220881e+21
2.034546997e+21
2.015504715e+21
1.83120673e+21
1.971267711e+21
2.188963871e+21
1.529889946e+21
1.964778952e+21
1.95947091e+21
1.738825263e+21
2.381815707e+21
2.160405909e+21
1.504983676e+21
2.143858897e+21
2.344563183e+21
2.548886883e+21
2.109812042e+21
1.260754316e+21
2.085366385e+21
1.868082899e+21
2.264152825e+21
1.842746649e+21
1.623141081e+21
2.218774733e+21
1.997443739e+21
1.984634552e+21
1.964137788e+21
2.145516863e+21
2.12220036e+21
1.148906919e+21
1.89310961e+21
2.253628308e+21
1.670309488e+21
2.208311723e+21
1.99967174e+21
1.981973375e+21
2.135146681e+21
1.939136647e+21
1.740328031e+21
2.068368949e+21
2.041435632e+21
2.021223048e+21
1.994486644e+21
1.974191032e+21
1.947739613e+21
1.92745793e+21
1.901366563e+21
1.881187275e+21
1.855519107e+21
1.83552185e+21
1.810329244e+21
1.939800105e+21
2.06022879e+21
1.746480399e+21
1.72235837e+21
1.987181529e+21
1.959711839e+21
1.937961952e+21
2.320726169e+21
2.024963459e+21
1.73076594e+21
2.238226184e+21
1.817904786e+21
2.054671806e+21
2.279865999e+21
2.129578458e+21
2.100589841e+21
2.077714535e+21
1.929054915e+21
1.78897531e+21
2.00030539e+21
1.978949719e+21
1.837779045e+21
2.159336956e+21
2.130922227e+21
1.997740596e+21
1.643127747e+21
1.951494186e+21
2.354528392e+21
1.906920213e+21
2.091974644e+21
1.553322019e+21
1.840755841e+21
1.923916086e+21
1.900351865e+21
2.080044189e+21
1.95719166e+21
2.132361785e+21
2.107275433e+21
1.992561801e+21
1.688279237e+21
2.137216884e+21
1.929510608e+21
2.093895106e+21
2.161139358e+21
2.141540953e+21
2.030648538e+21
2.012407914e+21
1.991891646e+21
1.888303341e+21
1.869780071e+21
1.937439831e+21
2.00267858e+21
1.902270102e+21
2.172664255e+21
2.171346506e+21
1.951187568e+21
1.948988973e+21
2.159726893e+21
1.509274635e+21
2.147975824e+21
2.571774026e+21
1.919573141e+21
1.701443306e+21
2.114535933e+21
1.89653644e+21
2.3025146e+21
2.293200767e+21
2.069049715e+21
2.059430415e+21
2.246565842e+21
2.23478023e+21
2.214619974e+21
2.001552579e+21
1.982181095e+21
2.166450708e+21
1.754337644e+21
2.129305412e+21
2.106280423e+21
1.900514198e+21
2.066951086e+21
2.050517667e+21
2.026475782e+21
2.009436827e+21
1.804650864e+21
1.788712958e+21
1.943118531e+21
2.100223254e+21
1.900713997e+21
2.05366319e+21
2.027034549e+21
2.007001608e+21
1.980562447e+21
1.960443274e+21
1.934280872e+21
2.07368571e+21
1.888360258e+21
2.024043824e+21
2.150109438e+21
1.975041354e+21
2.247729954e+21
2.075026913e+21
1.900353012e+21
1.734890306e+21
1.853594134e+21
1.974107524e+21
2.085971764e+21
1.787793853e+21
2.034425068e+21
1.877729097e+21
1.719628885e+21
1.962211423e+21
2.064328508e+21
2.041553963e+21
1.761969122e+21
2.116066544e+21
1.718976224e+21
1.821711101e+21
2.036748466e+21
1.896261804e+21
2.104730203e+21
1.850901471e+21
1.598044465e+21
2.03295312e+21
1.89478387e+21
1.654454251e+21
2.068416318e+21
1.831672286e+21
2.127263696e+21
2.211000837e+21
2.183030822e+21
2.05832359e+21
2.337588235e+21
2.314599891e+21
2.186856128e+21
2.067229146e+21
1.94513325e+21
2.022890628e+21
1.808695226e+21
2.168864583e+21
2.143918253e+21
1.939312138e+21
2.100187379e+21
2.080925461e+21
1.879252581e+21
2.039561975e+21
1.930252879e+21
1.912914275e+21
1.979424104e+21
2.047076562e+21
2.026931356e+21
1.925260531e+21
1.824180102e+21
1.972435447e+21
2.155312702e+21
2.154010456e+21
2.150695577e+21
2.148278627e+21
1.928287616e+21
1.925062948e+21
2.344033171e+21
1.913541989e+21
1.692809465e+21
2.321020432e+21
1.888124594e+21
2.09071699e+21
2.076837846e+21
2.068456766e+21
2.052986399e+21
2.247811076e+21
1.621272705e+21
2.015984868e+21
1.99789456e+21
1.39039186e+21
1.967149929e+21
1.954595796e+21
2.128075273e+21
2.113337111e+21
1.520434588e+21
1.697756794e+21
1.865190673e+21
1.665355575e+21
2.011681403e+21
2.17615e+21
2.149931494e+21
1.953402557e+21
1.929220953e+21
1.911471417e+21
2.058829474e+21
2.039165066e+21
2.012835223e+21
1.992978896e+21
1.96683132e+21
1.946885665e+21
1.921006853e+21
2.059489076e+21
1.875530683e+21
1.855683081e+21
1.830551899e+21
1.961781181e+21
1.935050606e+21
1.913994109e+21
1.887804377e+21
1.723453028e+21
1.983111828e+21
1.821118395e+21
2.072430396e+21
1.776203853e+21
1.617057259e+21
2.265431823e+21
1.840067645e+21
1.949679534e+21
1.666616381e+21
2.155390217e+21
2.000972838e+21
1.855345599e+21
1.830205675e+21
2.172347646e+21
2.143097748e+21
1.884432724e+21
2.207857531e+21
2.299258252e+21
1.92847535e+21
2.132619282e+21
2.104640096e+21
2.192336089e+21
1.947501374e+21
2.034572556e+21
2.008498787e+21
2.197430085e+21
1.963020496e+21
1.841136951e+21
1.818216758e+21
2.1003876e+21
2.272264848e+21
2.152407759e+21
2.126544769e+21
2.010498712e+21
1.986830299e+21
1.968124304e+21
1.760188482e+21
1.83561951e+21
2.087262305e+21
1.978197429e+21
1.95658907e+21
1.762583709e+21
1.918296271e+21
2.073889379e+21
2.052638257e+21
1.949581749e+21
2.014262993e+21
1.996417461e+21
1.895113643e+21
1.960050895e+21
2.138236103e+21
1.709559228e+21
2.347046445e+21
1.491900939e+21
1.913065222e+21
2.122081645e+21
1.268502476e+21
2.109437684e+21
2.09942868e+21
1.674796718e+21
2.081555716e+21
1.866986164e+21
2.266807692e+21
2.052437587e+21
2.03717058e+21
1.824970015e+21
2.011089988e+21
2.200649123e+21
2.181005121e+21
1.971227077e+21
2.342814017e+21
1.939914849e+21
1.920182291e+21
1.906915026e+21
2.075146509e+21
2.059735563e+21
1.851537748e+21
2.02057179e+21
1.997101474e+21
1.980383075e+21
2.134506511e+21
1.763112574e+21
2.089659011e+21
2.070472064e+21
2.044359077e+21
2.02487021e+21
1.998833446e+21
1.979150774e+21
1.953289277e+21
1.933514284e+21
1.907913778e+21
2.045485504e+21
2.018113782e+21
1.843188568e+21
1.969845122e+21
1.948697875e+21
2.21796977e+21
2.047604345e+21
1.87542038e+21
1.854846026e+21
1.82948564e+21
1.809292556e+21
1.921792792e+21
2.172016195e+21
2.008385795e+21
1.853724795e+21
2.350771333e+21
2.066460482e+21
1.783492585e+21
2.267791244e+21
2.236979277e+21
1.84372117e+21
2.061301211e+21
1.799010632e+21
1.893160231e+21
1.989797206e+21
2.194225837e+21
2.170813682e+21
2.367584245e+21
2.231059848e+21
2.091740657e+21
1.74311993e+21
1.720531345e+21
2.128564098e+21
2.206379752e+21
1.768020163e+21
1.848377636e+21
1.931583287e+21
1.606358171e+21
1.98819279e+21
1.767475786e+21
2.042067012e+21
1.825383925e+21
1.903102565e+21
1.786656598e+21
1.956128968e+21
1.933599075e+21
1.915634267e+21
1.894104447e+21
2.055462277e+21
1.944586429e+21
2.014535052e+21
1.993145372e+21
1.975242238e+21
2.039949337e+21
2.021773141e+21
2.001752002e+21
1.984023238e+21
1.965161291e+21
1.947820893e+21
1.909285176e+21
2.12015577e+21
1.693543015e+21
2.326018378e+21
1.687183364e+21
1.263281225e+21
2.3074306e+21
2.302276377e+21
2.291413774e+21
2.077229974e+21
1.44581389e+21
1.235035785e+21
2.044878494e+21
2.036664623e+21
2.425915899e+21
2.414717192e+21
1.99582442e+21
2.382514431e+21
1.77101794e+21
2.152046964e+21
1.356432897e+21
2.117998075e+21
1.905964413e+21
1.892825815e+21
2.059922173e+21
2.044659033e+21
2.205699895e+21
2.005924473e+21
1.622234752e+21
1.787426361e+21
2.119301288e+21
1.92564375e+21
1.902013776e+21
2.055910331e+21
2.030090671e+21
1.843209846e+21
1.985025123e+21
1.965513221e+21
1.939932439e+21
1.920325323e+21
2.05291447e+21
1.87538869e+21
1.850387509e+21
1.830861184e+21
1.806247671e+21
2.084694683e+21
2.350275473e+21
2.324757804e+21
1.863197802e+21
1.842777069e+21
1.957485434e+21
2.07417613e+21
2.045868334e+21
1.753468901e+21
2.261696471e+21
1.710383377e+21
2.206157219e+21
1.540071934e+21
1.89890309e+21
2.378784019e+21
2.223040022e+21
1.95439093e+21
1.566522614e+21
2.264636901e+21
2.116676648e+21
1.977537596e+21
1.606876849e+21
1.816839936e+21
1.904901258e+21
2.106554688e+21
2.078998377e+21
1.732501941e+21
1.603198987e+21
1.904068752e+21
1.77528892e+21
1.860670535e+21
1.735122722e+21
2.223027755e+21
1.796222957e+21
1.679739211e+21
1.951986865e+21
2.223020379e+21
1.814341689e+21
1.891585555e+21
2.149697986e+21
2.12944839e+21
1.830353044e+21
1.904010836e+21
1.882589391e+21
1.954138473e+21
2.020581522e+21
1.828141769e+21
1.894821996e+21
1.963156873e+21
1.942940652e+21
2.009354567e+21
1.989395468e+21
1.971781958e+21
1.95296596e+21
1.935742567e+21
1.683905625e+21
2.313986826e+21
2.520527859e+21
1.888287944e+21
2.301848076e+21
1.671291091e+21
1.665130662e+21
2.076774225e+21
2.273733126e+21
1.648971893e+21
1.84462963e+21
2.246863199e+21
2.232191342e+21
2.021132239e+21
2.006258902e+21
1.597615006e+21
2.178867744e+21
1.970495346e+21
1.562469429e+21
1.941806782e+21
1.923393809e+21
1.720084297e+21
1.891955538e+21
2.0668376e+21
1.859017816e+21
1.84527419e+21
1.824822871e+21
1.991487987e+21
1.968566575e+21
1.952157506e+21
2.104311163e+21
1.912058109e+21
1.716996312e+21
2.041551995e+21
2.016020053e+21
1.99687344e+21
1.971406271e+21
1.952062324e+21
1.926757031e+21
1.907315073e+21
2.195965171e+21
2.328510001e+21
1.838067039e+21
1.970255729e+21
2.093391972e+21
1.923047895e+21
2.334919834e+21
2.165246924e+21
1.851133508e+21
1.971699858e+21
1.944919006e+21
1.786095732e+21
1.897318275e+21
1.876342772e+21
1.983004669e+21
1.568851262e+21
1.547518137e+21
1.785491164e+21
2.012875297e+21
2.115135614e+21
1.963798587e+21
1.820903892e+21
2.155674943e+21
2.250700662e+21
1.986836183e+21
2.312268389e+21
2.395615094e+21
1.80576298e+21
2.116073622e+21
1.983561971e+21
2.066410402e+21
1.722012525e+21
1.805987272e+21
1.997713186e+21
2.28358886e+21
1.849456541e+21
1.72468262e+21
1.908332708e+21
2.182185367e+21
2.258921363e+21
1.84324177e+21
2.113581962e+21
1.993267218e+21
1.974217457e+21
2.136758805e+21
2.116626114e+21
2.001249631e+21
1.98264797e+21
1.8712135e+21
1.942327123e+21
2.008336554e+21
1.903588146e+21
2.054507989e+21
1.951218496e+21
2.015036388e+21
1.913875638e+21
1.977190549e+21
1.959690807e+21
1.940921058e+21
2.003971991e+21
2.297451409e+21
2.087348808e+21
2.292626464e+21
2.081887679e+21
1.868806713e+21
2.073011143e+21
1.445788633e+21
2.266900804e+21
2.256323239e+21
2.045444817e+21
2.440764303e+21
2.229758574e+21
2.013887847e+21
1.60466798e+21
1.79203698e+21
1.982002463e+21
1.965978143e+21
2.15136346e+21
1.744734763e+21
2.120165868e+21
2.291085387e+21
1.897166071e+21
2.065966202e+21
1.678736597e+21
2.030133972e+21
1.831962318e+21
1.992927699e+21
1.977257813e+21
1.599220424e+21
1.938344301e+21
1.741276336e+21
1.898662821e+21
2.046069072e+21
2.027392823e+21
2.002143141e+21
1.817899768e+21
1.957973019e+21
1.938794276e+21
1.913759383e+21
2.052353253e+21
1.869683963e+21
2.004594559e+21
1.978068681e+21
2.107810324e+21
2.22822545e+21
2.057434039e+21
1.884807882e+21
2.007803089e+21
2.122182048e+21
1.679173178e+21
1.932512895e+21
1.911235795e+21
2.01997854e+21
2.13084135e+21
1.970553162e+21
2.078682776e+21
2.30680595e+21
2.281335397e+21
1.87538464e+21
1.854749543e+21
2.07369424e+21
2.412940981e+21
1.904428495e+21
1.530534403e+21
1.858576957e+21
1.838556298e+21
2.15432236e+21
1.794820275e+21
1.771196758e+21
1.971586911e+21
1.945870054e+21
2.1395617e+21
2.00634121e+21
1.776698391e+21
1.857199779e+21
1.940508957e+21
2.016902825e+21
1.996753752e+21
2.169144862e+21
1.854910341e+21
1.928662317e+21
2.005451735e+21
2.075703719e+21
1.86896472e+21
2.216321171e+21
2.012480924e+21
1.898835659e+21
1.881182063e+21
1.859974264e+21
1.84290053e+21
1.996239105e+21
1.720109106e+21
1.871915287e+21
2.023747242e+21
2.002806716e+21
1.984969546e+21
1.96513447e+21
2.028903168e+21
1.929023818e+21
1.912029791e+21
1.865297294e+21
2.071323142e+21
1.44775462e+21
1.859333582e+21
1.648449304e+21
1.440008332e+21
1.639724383e+21
1.840596203e+21
2.442739569e+21
2.029914244e+21
1.81672943e+21
1.609390841e+21
2.19861634e+21
2.388921037e+21
1.778644169e+21
1.770489278e+21
1.951387269e+21
2.329551108e+21
2.309178087e+21
2.104576938e+21
1.895288688e+21
1.883332105e+21
1.678091969e+21
2.036958296e+21
2.015560623e+21
2.182609361e+21
2.158641528e+21
2.141704974e+21
2.117275213e+21
1.574775167e+21
2.074958203e+21
1.885453915e+21
2.031940425e+21
2.0134287e+21
1.988455961e+21
1.969640303e+21
1.944721598e+21
2.086180823e+21
1.90093592e+21
2.038634401e+21
1.85727889e+21
1.838146289e+21
1.813911833e+21
1.794848927e+21
2.066140739e+21
1.752059431e+21
1.872652237e+21
1.709895117e+21
1.686893195e+21
2.085570582e+21
1.92026405e+21
1.899138972e+21
2.14109634e+21
2.117461135e+21
1.958257049e+21
2.194835357e+21
1.783066451e+21
1.76339042e+21
2.112354871e+21
1.843344952e+21
1.81853787e+21
1.798644469e+21
2.011146912e+21
1.872283366e+21
2.19370233e+21
1.827434098e+21
1.803235182e+21
2.007010567e+21
1.980636689e+21
2.068630883e+21
2.041686288e+21
1.914086455e+21
1.88940375e+21
2.07776145e+21
1.641015056e+21
2.030476926e+21
2.105157152e+21
1.687147292e+21
1.960235717e+21
1.843887784e+21
1.725487049e+21
1.803676062e+21
1.96958145e+21
2.04364158e+21
1.744152231e+21
2.182371441e+21
1.97740607e+21
2.137110557e+21
1.936910629e+21
1.919127654e+21
1.898013197e+21
1.88078924e+21
2.029820047e+21
1.927772106e+21
1.990724597e+21
1.972997644e+21
1.953224526e+21
1.93594798e+21
1.997157857e+21
2.137938679e+21
2.056757388e+21
1.849987508e+21
2.257727149e+21
1.84518685e+21
2.044912714e+21
1.837385195e+21
2.034137219e+21
1.826669377e+21
2.424317717e+21
1.611694187e+21
2.003437165e+21
1.597322822e+21
1.785440266e+21
2.173517242e+21
1.961611172e+21
1.757373582e+21
2.324413654e+21
2.119714754e+21
1.910244777e+21
1.899286887e+21
1.693387712e+21
2.243638117e+21
2.036251628e+21
1.838491166e+21
1.819268195e+21
1.805906571e+21
1.786165392e+21
2.126617046e+21
2.102466615e+21
2.085050347e+21
1.888871122e+21
1.872427526e+21
2.018005565e+21
1.999655623e+21
1.810375095e+21
1.9563004e+21
1.931648339e+21
1.912792017e+21
1.888283165e+21
1.869320988e+21
1.998790455e+21
1.826058696e+21
1.952243317e+21
1.931754079e+21
1.906152359e+21
1.740751837e+21
1.717525272e+21
2.123697362e+21
2.234904818e+21
1.93418829e+21
2.044467323e+21
2.426392691e+21
2.393682975e+21
1.841216919e+21
2.075854333e+21
2.052932503e+21
2.1518204e+21
2.002907379e+21
2.346426064e+21
1.709941104e+21
1.927980396e+21
2.264442291e+21
2.351749862e+21
2.093591774e+21
1.83621494e+21
2.270557069e+21
1.904462298e+21
2.105826962e+21
2.078198607e+21
1.948065387e+21
2.136362922e+21
2.325527569e+21
2.086886352e+21
1.858893706e+21
1.835214995e+21
2.018456862e+21
1.893408962e+21
2.071802232e+21
2.240958897e+21
2.218889233e+21
2.001183033e+21
1.793023134e+21
1.678241495e+21
2.031566372e+21
1.642585513e+21
2.079069344e+21
1.697646621e+21
2.035931776e+21
2.100452604e+21
1.734304099e+21
2.05823606e+21
2.039556394e+21
2.017697243e+21
1.999574559e+21
1.978787378e+21
1.961169288e+21
1.941458076e+21
1.924291012e+21
1.985064165e+21
2.125002313e+21
2.245321275e+21
1.835998982e+21
1.833277845e+21
1.831253763e+21
1.826549728e+21
2.228774612e+21
2.220737394e+21
1.812951722e+21
1.80462873e+21
2.199505038e+21
1.988511823e+21
1.783613745e+21
1.969123994e+21
1.961301692e+21
2.141883639e+21
1.938278642e+21
2.115130328e+21
2.10423704e+21
2.275654497e+21
2.074076835e+21
2.054792406e+21
2.041886803e+21
2.021712589e+21
2.007930583e+21
2.167672072e+21
1.972470143e+21
1.95100508e+21
2.111740214e+21
2.087863725e+21
1.898053193e+21
1.534809648e+21
1.859579897e+21
2.00426053e+21
1.986069698e+21
1.961635445e+21
1.943139977e+21
1.918749676e+21
2.058388251e+21
1.875797731e+21
2.011739657e+21
1.985702454e+21
1.814129039e+21
2.237979086e+21
1.77161762e+21
2.185274879e+21
2.017854139e+21
1.706589534e+21
2.110199614e+21
2.220799045e+21
1.784713929e+21
2.031671091e+21
2.277270179e+21
1.718036289e+21
1.829798743e+21
2.063060809e+21
2.295332027e+21
1.635439652e+21
2.488328728e+21
2.209415224e+21
1.82095141e+21
1.796558999e+21
2.132307226e+21
1.986974005e+21
1.849793457e+21
2.05338883e+21
2.031287142e+21
2.004484079e+21
1.652600332e+21
2.283333438e+21
2.151682045e+21
2.12373349e+21
1.996537798e+21
1.970852926e+21
2.053258786e+21
1.82441664e+21
2.207236102e+21
2.08041939e+21
2.059626159e+21
1.743498017e+21
1.726324157e+21
2.178907584e+21
1.688679762e+21
1.946451982e+21
2.111434524e+21
1.9958047e+21
2.156707674e+21
1.954123979e+21
2.111939649e+21
2.088059778e+21
1.810272392e+21
1.96080568e+21
1.943008622e+21
2.005718383e+21
1.98770348e+21
1.966992466e+21
1.949481912e+21
1.929832542e+21
1.912773584e+21
1.973116057e+21
2.033991131e+21
1.823290634e+21
1.822220415e+21
2.223874407e+21
1.817529518e+21
2.215749015e+21
2.413210058e+21
2.404554159e+21
1.99937618e+21
1.990245994e+21
1.786235445e+21
1.776426497e+21
2.163867356e+21
1.368249173e+21
2.141582816e+21
2.126227268e+21
2.308955521e+21
1.908885813e+21
1.899076106e+21
1.694441312e+21
1.684763927e+21
1.66917422e+21
1.843014806e+21
2.189868762e+21
2.174972484e+21
1.973069494e+21
1.958639766e+21
1.937420088e+21
2.097070079e+21
1.900673764e+21
2.05635544e+21
2.032432708e+21
1.846907375e+21
1.99070147e+21
2.137056065e+21
1.948494687e+21
2.091001723e+21
1.906022132e+21
2.044767822e+21
2.174055709e+21
1.844821521e+21
2.276290082e+21
1.95255043e+21
2.075320808e+21
1.906911537e+21
1.881813812e+21
2.148211169e+21
2.119740218e+21
2.236663851e+21
1.79308205e+21
2.182815541e+21
1.615227236e+21
1.996875169e+21
1.707434032e+21
1.94841569e+21
2.178575513e+21
1.901074126e+21
2.000605648e+21
2.102227845e+21
1.952056738e+21
1.689293611e+21
1.666716421e+21
2.119508836e+21
2.091286756e+21
1.953671774e+21
1.927783675e+21
2.019218065e+21
2.103321924e+21
2.080908851e+21
1.729425645e+21
1.925098482e+21
1.794564628e+21
2.08926838e+21
2.062421947e+21
2.0412229e+21
2.216798974e+21
2.194322548e+21
2.166756173e+21
2.145096767e+21
2.022209346e+21
2.002286278e+21
1.97782876e+21
1.958626213e+21
2.211531168e+21
1.642777402e+21
1.803766166e+21
2.144100814e+21
1.854383355e+21
2.012092939e+21
2.075812331e+21
1.885349278e+21
2.034023401e+21
1.931578448e+21
1.993880918e+21
1.975972522e+21
2.036809721e+21
1.93793301e+21
1.918345408e+21
2.05984264e+21
1.961310919e+21
1.94406817e+21
2.211862551e+21
2.009607905e+21
2.207325898e+21
2.204900444e+21
1.999360344e+21
2.195691204e+21
2.386753227e+21
1.786125356e+21
1.778011807e+21
1.773072751e+21
1.371522946e+21
1.952725973e+21
2.134407911e+21
1.546156316e+21
2.30268886e+21
2.101204197e+21
1.895127111e+21
1.885409037e+21
2.056166145e+21
2.230307057e+21
1.841472555e+21
1.829956584e+21
1.812044184e+21
1.979718566e+21
1.959301129e+21
1.945001987e+21
1.924022973e+21
2.082602364e+21
2.059258164e+21
2.042302141e+21
2.018642267e+21
2.001170621e+21
1.977324633e+21
2.122731273e+21
1.935528815e+21
2.077121882e+21
1.893462326e+21
2.031326461e+21
2.005592036e+21
1.985545292e+21
2.11080585e+21
2.089186532e+21
1.767457275e+21
2.040476677e+21
2.157549385e+21
1.849995501e+21
1.965985679e+21
1.666969912e+21
2.193115019e+21
1.898077388e+21
2.541634094e+21
1.719941935e+21
1.827497354e+21
1.807382038e+21
2.165312398e+21
1.763546295e+21
2.237074348e+21
1.966617887e+21
2.304143545e+21
2.158914511e+21
1.775105057e+21
1.989815212e+21
2.07886795e+21
2.056317113e+21
2.029120857e+21
1.561226769e+21
1.980897059e+21
1.959792286e+21
1.826744467e+21
1.913816917e+21
1.99397149e+21
1.661649867e+21
1.845363228e+21
2.232260026e+21
2.103729504e+21
1.586588522e+21
1.958339299e+21
2.132636399e+21
2.010475443e+21
1.801077142e+21
1.872718905e+21
1.854532872e+21
1.740634734e+21
1.814710924e+21
2.06228074e+21
1.865185422e+21
2.1069641e+21
2.087354766e+21
1.891732077e+21
1.959550355e+21
2.022129447e+21
2.00377249e+21
1.899591428e+21
2.046228352e+21
1.943819507e+21
2.08706348e+21
1.906994217e+21
2.126415877e+21
1.871660353e+21
1.932514614e+21
2.195504363e+21
1.994749476e+21
1.99183805e+21
1.989654498e+21
1.786161496e+21
1.981377362e+21
1.77691044e+21
2.167009411e+21
1.96110625e+21
2.151236547e+21
1.750536835e+21
2.132360839e+21
2.311568225e+21
2.302443486e+21
2.095591287e+21
1.706798082e+21
2.069721861e+21
1.871937278e+21
1.670366451e+21
2.029948974e+21
1.645643416e+21
2.180498522e+21
2.159252804e+21
1.965907774e+21
1.768839626e+21
1.931552811e+21
2.084519855e+21
2.068332906e+21
1.874810047e+21
2.028439622e+21
1.837951231e+21
1.987716569e+21
1.964126373e+21
1.946397453e+21
1.92273436e+21
1.904700085e+21
1.881066963e+21
1.862825226e+21
1.839312814e+21
1.972702258e+21
2.097250653e+21
2.075800217e+21
2.04891523e+21
1.882699837e+21
2.143948798e+21
2.262592382e+21
2.51190332e+21
1.932668802e+21
1.907088951e+21
1.616861318e+21
2.127174158e+21
1.840881335e+21
1.816357092e+21
2.053003886e+21
2.152209797e+21
2.003299618e+21
1.976560784e+21
2.076987602e+21
1.928746093e+21
2.146035606e+21
2.235120851e+21
1.745306246e+21
1.722163141e+21
1.703487865e+21
1.793067302e+21
1.995505116e+21
1.969310495e+21
2.164814266e+21
1.922929101e+21
2.114074231e+21
2.086725513e+21
1.961748176e+21
2.038524485e+21
1.916691061e+21
1.792770795e+21
1.971766822e+21
1.849680733e+21
1.831185414e+21
1.808507696e+21
1.884929791e+21
2.04810917e+21
1.936023989e+21
1.912758713e+21
1.984659561e+21
1.782930076e+21
1.942713793e+21
2.007493288e+21
2.075275725e+21
1.96625415e+21
1.778779502e+21
2.010373785e+21
1.992121933e+21
1.970620276e+21
1.95292116e+21
1.932436577e+21
1.995042603e+21
1.974767259e+21
1.87903393e+21
2.01564419e+21
1.997941475e+21
1.981260325e+21
1.980109151e+21
2.1749569e+21
1.975071012e+21
1.773092761e+21
2.163575594e+21
2.155936302e+21
1.760081316e+21
1.946854035e+21
2.329761178e+21
2.124066931e+21
2.116949151e+21
2.103689815e+21
1.71442041e+21
2.080601995e+21
2.071184874e+21
1.868196266e+21
1.858656671e+21
2.211445007e+21
1.832412745e+21
2.178833417e+21
1.984826259e+21
2.144263621e+21
2.129769097e+21
1.932332932e+21
1.743898503e+21
1.552726639e+21
2.054257659e+21
2.031425851e+21
2.014764022e+21
1.991615294e+21
1.974442214e+21
1.951103136e+21
1.933523248e+21
1.910107945e+21
2.049907756e+21
1.868832834e+21
1.850738773e+21
1.827464541e+21
2.1107954e+21
2.083868443e+21
2.357239262e+21
1.890536913e+21
2.158642028e+21
1.846449459e+21
1.967390556e+21
1.941572017e+21
1.920689734e+21
1.624584526e+21
2.41038429e+21
1.98204886e+21
2.22172526e+21
1.547444424e+21
2.16811678e+21
1.761747494e+21
1.866810121e+21
2.087550912e+21
2.064593408e+21
1.917298305e+21
2.014792255e+21
1.871101291e+21
2.082019174e+21
2.05446763e+21
1.806396508e+21
1.671183172e+21
2.204284755e+21
2.066628613e+21
2.152229584e+21
1.699367797e+21
2.312011618e+21
2.074674487e+21
1.847765847e+21
2.128121345e+21
2.106244603e+21
1.98051638e+21
2.05845137e+21
2.032647981e+21
2.108144952e+21
1.987411468e+21
1.967820182e+21
2.221487805e+21
1.741591911e+21
1.720662937e+21
1.973269364e+21
2.038595236e+21
2.019351414e+21
2.082727316e+21
2.063335676e+21
2.039917128e+21
2.02117025e+21
1.915472598e+21
1.980606074e+21
1.959192295e+21
2.022495827e+21
2.001235611e+21
1.983430175e+21
2.041747632e+21
1.945885768e+21
1.926728123e+21
1.909814639e+21
1.770139051e+21
1.375977515e+21
2.159125813e+21
2.352839705e+21
2.346951835e+21
1.952606854e+21
2.140322654e+21
1.747342052e+21
2.126088227e+21
1.927470489e+21
1.725390965e+21
2.101758642e+21
2.278538144e+21
2.080448781e+21
1.878023281e+21
1.869540536e+21
2.226019015e+21
2.030119496e+21
1.82996236e+21
2.001558988e+21
1.98338168e+21
2.150242871e+21
1.77456759e+21
1.938856312e+21
1.919125327e+21
2.078405273e+21
2.056277147e+21
2.040372685e+21
2.01778993e+21
2.001271588e+21
1.978371395e+21
1.96134398e+21
1.938251463e+21
1.920818233e+21
1.897646281e+21
1.879907417e+21
2.011486549e+21
2.145276174e+21
2.118395926e+21
1.947508257e+21
1.774847939e+21
1.9031403e+21
1.87866079e+21
1.716087925e+21
1.834954876e+21
2.094821347e+21
1.79176322e+21
2.045205267e+21
2.421966783e+21
2.129474446e+21
1.97001975e+21
2.078362201e+21
1.666302042e+21
2.028306562e+21
1.876301136e+21
1.855661617e+21
1.831019095e+21
2.29379876e+21
2.02510971e+21
1.767277776e+21
1.860125838e+21
1.609856585e+21
2.042481012e+21
2.244829469e+21
2.104541021e+21
1.972342655e+21
2.054680367e+21
2.032800855e+21
2.006375491e+21
2.0897243e+21
1.753347575e+21
2.041285184e+21
2.216691931e+21
1.894735175e+21
1.772276504e+21
2.046683678e+21
1.732325115e+21
2.191386652e+21
1.976076789e+21
1.863422532e+21
1.840684015e+21
2.005077346e+21
2.071026434e+21
1.962009159e+21
2.115083835e+21
1.658631558e+21
1.984532794e+21
1.795090706e+21
1.943716916e+21
1.925851348e+21
1.904464971e+21
1.969222588e+21
2.029058432e+21
1.930401422e+21
1.98965212e+21
2.050830234e+21
1.873732588e+21
2.011960606e+21
1.915469954e+21
2.050556542e+21
1.952590949e+21
2.146610274e+21
2.338389297e+21
1.167921675e+21
1.747520734e+21
1.938532663e+21
2.124933534e+21
2.120293845e+21
1.918962164e+21
2.296408454e+21
2.093773009e+21
1.707369204e+21
1.696780927e+21
2.065706766e+21
2.051257628e+21
1.485099073e+21
2.026222112e+21
2.015918158e+21
2.180680152e+21
2.168356053e+21
1.790628223e+21
1.779523114e+21
1.938659269e+21
2.100663109e+21
2.079378596e+21
2.064325718e+21
1.872237449e+21
2.026674151e+21
2.004335851e+21
1.987958663e+21
1.965302471e+21
2.110786584e+21
1.925567988e+21
2.067302353e+21
1.885346164e+21
2.17904348e+21
1.844835858e+21
1.82703036e+21
1.804220107e+21
1.786293273e+21
2.057609905e+21
1.745700963e+21
1.723322719e+21
1.989629961e+21
1.963879638e+21
1.804301191e+21
1.917757256e+21
2.303708416e+21
2.273502669e+21
2.116544038e+21
1.827593386e+21
1.807611363e+21
2.038556108e+21
2.142190609e+21
1.865149816e+21
2.090598209e+21
1.820210633e+21
2.040243553e+21
2.131656331e+21
1.874048554e+21
2.080438192e+21
1.486155863e+21
2.143446422e+21
1.673861966e+21
2.202517822e+21
1.743077246e+21
1.935350037e+21
1.808370008e+21
1.994884862e+21
1.766094705e+21
2.05098524e+21
1.928150206e+21
2.003698934e+21
1.883944787e+21
2.251705204e+21
2.035049769e+21
2.009575647e+21
2.084209644e+21
2.152001206e+21
2.130779694e+21
2.104785072e+21
2.084328024e+21
1.880212064e+21
1.950876735e+21
2.015447615e+21
2.083214504e+21
1.973248384e+21
1.954868777e+21
1.932640937e+21
1.914874447e+21
1.975912838e+21
2.039551258e+21
1.936729409e+21
1.999307498e+21
1.899073873e+21
1.960606202e+21
2.018143542e+21
1.923399916e+21
1.980516291e+21
1.887641756e+21
1.356995616e+21
2.324939781e+21
1.741209632e+21
1.932575658e+21
2.313345793e+21
1.92465991e+21
1.726170653e+21
2.296545149e+21
2.095845174e+21
2.280087654e+21
2.078947797e+21
1.88365671e+21
1.684829026e+21
2.237642404e+21
1.851721519e+21
1.843391308e+21
1.646284663e+21
2.183906319e+21
2.1656165e+21
1.794501955e+21
2.134023401e+21
1.944080744e+21
1.92547596e+21
2.086406417e+21
2.065357594e+21
1.708696363e+21
2.028789518e+21
2.013158327e+21
1.991059999e+21
1.974821689e+21
2.115105501e+21
1.935662039e+21
2.231891e+21
1.895902607e+21
1.873204473e+21
2.165043868e+21
1.985822581e+21
2.117969567e+21
2.24102279e+21
1.922949662e+21
1.752623351e+21
1.879361276e+21
1.712631339e+21
1.836075228e+21
2.230633563e+21
1.931168774e+21
2.042215307e+21
1.75093959e+21
1.993906261e+21
2.103769713e+21
1.946394308e+21
2.310154726e+21
2.026425051e+21
1.753671837e+21
1.854130263e+21
2.200511236e+21
2.050799562e+21
2.028282749e+21
1.883756038e+21
2.212466342e+21
1.723646934e+21
2.159490059e+21
1.906760182e+21
2.218952451e+21
2.080382305e+21
1.841394414e+21
1.817383756e+21
2.115338392e+21
1.670336926e+21
2.065928907e+21
1.937375217e+21
2.119016243e+21
1.992353342e+21
1.873276605e+21
2.336327312e+21
2.023547372e+21
2.093388828e+21
2.260848715e+21
1.953790924e+21
2.118760616e+21
1.910925907e+21
1.892349195e+21
1.958636874e+21
2.116221741e+21
1.742669407e+21
1.898829037e+21
1.962091578e+21
2.028325906e+21
2.005242231e+21
1.986805533e+21
1.964686904e+21
1.946843715e+21
2.005927109e+21
1.987911592e+21
2.202908755e+21
1.871414468e+21
2.006544981e+21
2.141832838e+21
1.969077507e+21
2.026887051e+21
1.924739444e+21
2.115999154e+21
2.305075393e+21
2.302576816e+21
1.722675833e+21
1.910984302e+21
1.713935272e+21
2.090253255e+21
2.270229838e+21
2.263997203e+21
2.064331053e+21
2.057467572e+21
2.230725764e+21
1.851673405e+21
2.022729482e+21
2.01364801e+21
1.998224068e+21
1.807366651e+21
1.79229961e+21
2.138653477e+21
1.942869065e+21
1.930868133e+21
1.912470739e+21
2.072341935e+21
1.709603675e+21
2.036731226e+21
2.015319458e+21
1.666517985e+21
1.977958858e+21
1.961857201e+21
1.939675861e+21
2.243583578e+21
1.90069259e+21
1.883685625e+21
1.861218168e+21
1.843905422e+21
2.125021898e+21
1.803921685e+21
2.078486155e+21
1.910901177e+21
1.886861686e+21
1.724024505e+21
1.985750432e+21
2.105512711e+21
2.217001925e+21
1.64519094e+21
2.029842457e+21
2.008095548e+21
1.717669599e+21
2.091148661e+21
2.063779005e+21
1.786091521e+21
1.762632829e+21
1.867832786e+21
1.966122832e+21
1.823000982e+21
2.278697934e+21
2.016461367e+21
1.989886734e+21
1.968108114e+21
1.713711256e+21
1.921045753e+21
1.784307503e+21
2.095924562e+21
1.741902951e+21
2.153988791e+21
1.807055659e+21
2.103320775e+21
1.764684086e+21
2.362368268e+21
1.926439325e+21
1.906383694e+21
2.179249063e+21
1.96076691e+21
2.032798622e+21
2.012174271e+21
2.176261333e+21
1.967138483e+21
2.127867383e+21
1.923669729e+21
2.081185676e+21
2.150556187e+21
1.947652382e+21
2.016667837e+21
1.992819761e+21
2.059817344e+21
2.03588893e+21
2.016918511e+21
1.993944417e+21
1.975608844e+21
2.034987299e+21
2.097164269e+21
1.9945581e+21
1.897579066e+21
1.95569248e+21
2.0158336e+21
2.071812782e+21
2.053542026e+21
1.807172397e+21
2.164534267e+21
1.528887628e+21
1.719015273e+21
2.098040889e+21
1.524197578e+21
1.900573814e+21
2.277001999e+21
2.269162829e+21
2.264236286e+21
2.066450452e+21
1.686099195e+21
1.86356219e+21
2.043115816e+21
2.030628519e+21
2.022708165e+21
1.826146294e+21
1.817963487e+21
1.98451321e+21
1.974481757e+21
2.136105025e+21
2.124105267e+21
2.10516017e+21
1.743485367e+21
1.899640021e+21
1.886926984e+21
1.868052353e+21
2.023208791e+21
2.002027086e+21
1.98666038e+21
1.965029e+21
1.949061823e+21
1.927111552e+21
2.069864297e+21
1.888494359e+21
2.027593841e+21
1.849384284e+21
1.832209245e+21
2.111636414e+21
1.941967281e+21
1.770441414e+21
2.191157001e+21
1.875194175e+21
1.713386898e+21
1.973581954e+21
1.953127418e+21
2.06581489e+21
2.180289045e+21
2.152126537e+21
1.8629549e+21
1.970089755e+21
1.948760755e+21
1.923328807e+21
1.902345654e+21
2.378076788e+21
2.228234245e+21
2.076807521e+21
2.416490801e+21
1.669301711e+21
1.886848926e+21
1.978416456e+21
2.071877468e+21
1.931074729e+21
1.79768816e+21
1.995901341e+21
1.86461544e+21
2.056771946e+21
1.927594258e+21
2.113934455e+21
1.986866989e+21
2.16763031e+21
1.736268925e+21
1.915626199e+21
2.095229344e+21
1.970043296e+21
2.144766853e+21
1.732662202e+21
1.905645998e+21
1.975932797e+21
1.490406325e+21
2.116002328e+21
2.186217076e+21
1.799637672e+21
1.871242501e+21
2.024826337e+21
1.91822476e+21
1.981695306e+21
1.877621852e+21
2.024506664e+21
2.00563871e+21
1.982773196e+21
1.964537647e+21
1.94261341e+21
2.005174757e+21
1.983317238e+21
1.886884916e+21
1.944628755e+21
1.927338441e+21
1.907445447e+21
2.117504397e+21
1.871722895e+21
1.929544506e+21
1.707904176e+21
2.086248801e+21
1.893914475e+21
1.702683393e+21
2.075978033e+21
1.884207946e+21
2.253303457e+21
2.06105201e+21
1.492407374e+21
2.232488117e+21
2.220769769e+21
2.028962892e+21
1.833291856e+21
2.008770351e+21
1.813621791e+21
1.986061923e+21
2.150170063e+21
1.604491842e+21
1.944844795e+21
2.109753649e+21
1.91676776e+21
1.904974468e+21
2.058523983e+21
1.874376401e+21
2.024406598e+21
1.842376003e+21
1.988908909e+21
1.973671278e+21
1.952267088e+21
2.097801625e+21
1.914708967e+21
2.056573879e+21
2.18919365e+21
1.859717999e+21
1.837699932e+21
1.972382224e+21
1.948531467e+21
2.078288654e+21
2.49257e+21
1.887251549e+21
2.007029308e+21
1.844786406e+21
1.821450151e+21
2.079916859e+21
2.053342911e+21
1.896256644e+21
1.8718384e+21
2.116367953e+21
2.088953167e+21
1.808061037e+21
1.91199985e+21
2.017232049e+21
2.364173516e+21
1.96908702e+21
2.186207109e+21
2.162230242e+21
2.015319842e+21
2.11047589e+21
2.429919458e+21
1.94556803e+21
2.371851466e+21
1.89916689e+21
2.094841306e+21
2.290298342e+21
1.829885904e+21
2.129691816e+21
2.207158888e+21
1.767736997e+21
1.744923862e+21
2.132796577e+21
2.205712803e+21
2.083535041e+21
1.763167138e+21
2.132824594e+21
1.723033797e+21
1.800301872e+21
1.871397568e+21
2.130566688e+21
2.104268859e+21
1.811742083e+21
1.879143563e+21
2.038089951e+21
2.013596597e+21
1.907582309e+21
1.970694361e+21
2.036939906e+21
2.013250962e+21
1.911380858e+21
1.971726453e+21
1.953589844e+21
1.931761623e+21
1.993972001e+21
1.972202367e+21
2.110849456e+21
1.933689505e+21
1.993158608e+21
1.896668887e+21
2.10554626e+21
2.15887204e+21
2.213766596e+21
2.072862819e+21
2.260020159e+21
2.256847076e+21
2.254416507e+21
1.874117134e+21
2.24531904e+21
1.864720193e+21
2.232823883e+21
2.223129667e+21
2.032305179e+21
2.20547843e+21
2.015004698e+21
1.820732263e+21
1.995023304e+21
1.981394706e+21
1.793227626e+21
1.779680288e+21
1.770719127e+21
1.931771471e+21
2.095594663e+21
2.077067285e+21
2.064312364e+21
2.044896254e+21
2.031263641e+21
2.011114767e+21
1.830304244e+21
1.975961525e+21
1.960850923e+21
2.101309028e+21
1.923965335e+21
1.902465003e+21
1.88626435e+21
2.019941795e+21
2.155955035e+21
1.826162296e+21
1.960027831e+21
2.08536504e+21
1.917862188e+21
1.748616297e+21
2.019925281e+21
2.137253938e+21
1.833542427e+21
1.949686983e+21
1.653880714e+21
1.76888454e+21
2.288804833e+21
2.126514548e+21
1.972308521e+21
1.687257426e+21
1.925791915e+21
1.774083335e+21
1.62941595e+21
1.484483285e+21
2.080009143e+21
1.932079028e+21
1.791470152e+21
1.88589601e+21
1.865232746e+21
2.185970214e+21
1.706903377e+21
1.79688513e+21
1.99949642e+21
1.863765935e+21
1.952053065e+21
2.140727877e+21
1.905972956e+21
1.77676389e+21
1.861266138e+21
1.939350986e+21
2.019927652e+21
1.694953747e+21
2.071970555e+21
2.045638734e+21
2.217424343e+21
1.903902012e+21
1.790351274e+21
1.861069645e+21
2.210927562e+21
2.092664799e+21
1.891835496e+21
2.135752099e+21
1.938725327e+21
2.089555545e+21
1.983287174e+21
2.045024223e+21
2.025690702e+21
2.002119726e+21
1.98345342e+21
1.960802119e+21
1.942763381e+21
1.921030402e+21
1.982893728e+21
1.961211381e+21
1.943598122e+21
2.153617358e+21
1.90578013e+21
1.886013413e+21
2.018946626e+21
2.072661084e+21
1.907774434e+21
2.245624733e+21
2.057323413e+21
1.867680281e+21
2.05224036e+21
2.04727941e+21
1.114902955e+21
2.037053883e+21
2.217442275e+21
1.839884108e+21
2.201844044e+21
2.190396232e+21
2.1831679e+21
1.989177945e+21
2.161596146e+21
1.967989321e+21
1.781110414e+21
2.121258321e+21
1.934714466e+21
1.744429757e+21
2.081624459e+21
2.063300149e+21
2.050653928e+21
2.031447773e+21
2.017930395e+21
1.99799634e+21
1.983697799e+21
1.963181621e+21
1.948196047e+21
1.927234183e+21
1.911657901e+21
1.890376636e+21
1.874306374e+21
2.007223125e+21
1.836352628e+21
1.965999348e+21
2.097660107e+21
1.924439191e+21
2.19926846e+21
1.882729647e+21
2.007578621e+21
1.841041636e+21
2.10280925e+21
2.35323128e+21
2.05493585e+21
1.623076277e+21
1.739840901e+21
1.981814816e+21
1.829950541e+21
1.677357948e+21
1.786875388e+21
2.14170268e+21
1.99377516e+21
1.844880822e+21
1.824709002e+21
1.800929605e+21
1.781200868e+21
1.875144409e+21
1.738696245e+21
2.173583851e+21
1.810389071e+21
2.12177836e+21
1.767323082e+21
2.289393599e+21
2.264636716e+21
1.80946606e+21
1.790046337e+21
2.286564901e+21
1.95375618e+21
2.131625101e+21
2.008745657e+21
2.08220868e+21
1.962413081e+21
2.034374572e+21
1.821698111e+21
2.272125985e+21
1.874221124e+21
2.221026111e+21
2.015557362e+21
1.628755841e+21
1.971050128e+21
2.035539678e+21
1.928091261e+21
2.078093947e+21
1.800891072e+21
2.033796379e+21
2.014565065e+21
1.991110902e+21
1.972543815e+21
1.94999817e+21
1.932056255e+21
1.91041775e+21
2.050815389e+21
2.028355909e+21
2.010139805e+21
1.835689076e+21
2.04679529e+21
2.100534233e+21
1.858955935e+21
2.134634176e+21
1.89707258e+21
2.04431382e+21
1.857417665e+21
2.040317239e+21
2.038129022e+21
2.218064298e+21
2.029963535e+21
1.655271101e+21
2.20227114e+21
2.192800498e+21
2.186835333e+21
1.994225669e+21
1.98765664e+21
1.975734598e+21
2.14700297e+21
2.132469938e+21
1.769155859e+21
2.107092069e+21
2.096522509e+21
1.732859187e+21
2.067839284e+21
1.878904787e+21
1.867410457e+21
2.018175028e+21
2.004771046e+21
1.985047946e+21
2.135107201e+21
1.950565967e+21
1.935703466e+21
1.914956935e+21
1.899506925e+21
2.034977664e+21
1.862499058e+21
2.608406273e+21
1.9769628e+21
1.803516254e+21
1.786871635e+21
2.059739331e+21
2.040067269e+21
2.159153408e+21
1.710327412e+21
1.68916822e+21
2.229490106e+21
1.926363703e+21
1.770313158e+21
2.016814467e+21
2.128667884e+21
2.232849058e+21
2.079094209e+21
1.539299036e+21
1.776467659e+21
2.12930649e+21
1.982250105e+21
1.956566147e+21
1.814237403e+21
2.029407573e+21
1.889118557e+21
1.981046873e+21
1.959362876e+21
1.820073318e+21
1.912709595e+21
1.88779663e+21
1.977106578e+21
2.493454071e+21
1.930303153e+21
2.011123276e+21
1.780118463e+21
1.447046048e+21
1.942963127e+21
1.817046605e+21
2.197455463e+21
2.070777864e+21
2.146804502e+21
2.023233781e+21
2.097782654e+21
1.977243467e+21
1.957173983e+21
2.116864862e+21
1.913436594e+21
1.979843548e+21
1.960296e+21
2.024439328e+21
1.917573216e+21
2.066757401e+21
1.96164062e+21
2.022691151e+21
2.00356097e+21
1.980222482e+21
1.961753565e+21
2.100922013e+21
2.001527606e+21
2.058248521e+21
1.882658324e+21
2.017176586e+21
2.075948007e+21
1.901597947e+21
1.884698766e+21
1.939659953e+21
2.218359345e+21
1.976323837e+21
1.959047436e+21
2.030332202e+21
2.029189144e+21
1.289514059e+21
1.840191291e+21
2.019363435e+21
1.466275986e+21
2.009353985e+21
2.005030673e+21
2.177944136e+21
1.99102736e+21
1.800701936e+21
1.974259115e+21
2.140878259e+21
1.777171261e+21
2.118235051e+21
2.108832851e+21
1.918687625e+21
2.082633904e+21
1.893585207e+21
2.054235488e+21
2.036306219e+21
1.85521618e+21
2.005074595e+21
1.991782215e+21
1.972266301e+21
1.958203458e+21
2.099620702e+21
1.923370079e+21
1.902835118e+21
1.887509443e+21
2.022209563e+21
2.159312835e+21
2.134741874e+21
2.115828276e+21
1.941769439e+21
1.923876133e+21
2.193387009e+21
1.882806076e+21
1.859941675e+21
1.699999407e+21
1.958875813e+21
1.662109025e+21
2.051689365e+21
2.165917644e+21
1.73760204e+21
2.248401176e+21
1.958643309e+21
2.19614467e+21
2.168027578e+21
2.018491963e+21
1.992520445e+21
1.724500335e+21
1.823801817e+21
1.924144328e+21
2.01789374e+21
1.878412265e+21
1.738129531e+21
1.489898668e+21
2.036110276e+21
2.12576699e+21
1.766850369e+21
2.184554052e+21
2.264011841e+21
1.599674121e+21
1.789496919e+21
1.978570705e+21
1.747470942e+21
1.728889859e+21
1.907490399e+21
2.086086462e+21
2.059471868e+21
1.843936186e+21
2.108034076e+21
1.991522108e+21
2.060137456e+21
2.039224808e+21
2.013834585e+21
1.903046154e+21
1.969103318e+21
2.038279431e+21
1.838375964e+21
1.993858818e+21
2.055543872e+21
1.781341962e+21
2.011706541e+21
1.992676437e+21
1.969452501e+21
1.951080723e+21
2.00910787e+21
1.990616877e+21
1.968271225e+21
1.87236998e+21
1.928961363e+21
1.911638205e+21
2.04242706e+21
2.024278583e+21
1.780563294e+21
1.985497551e+21
1.965352821e+21
1.948179886e+21
1.833218667e+21
2.015408606e+21
1.646697575e+21
1.827709665e+21
2.005689004e+21
2.002482705e+21
1.995784627e+21
1.629407434e+21
2.163287725e+21
1.977638198e+21
1.967498897e+21
2.139317442e+21
2.12660264e+21
2.118399865e+21
1.928839868e+21
1.920293976e+21
1.906043073e+21
1.896517424e+21
2.052206992e+21
2.040809514e+21
2.023072401e+21
2.010741958e+21
1.992143141e+21
1.978960609e+21
1.959648203e+21
1.945700457e+21
2.246784056e+21
2.070458935e+21
1.8908658e+21
1.875662564e+21
1.855016017e+21
1.992602255e+21
2.121549558e+21
2.252981328e+21
1.929877078e+21
2.500464761e+21
1.889397503e+21
1.871403773e+21
2.133176894e+21
1.971427952e+21
1.947196323e+21
1.789904535e+21
2.039562686e+21
2.153140864e+21
2.126054127e+21
1.972278026e+21
1.947259567e+21
1.669659869e+21
1.775140169e+21
1.630582324e+21
2.104939678e+21
2.082069849e+21
2.417922559e+21
1.913227392e+21
2.242569796e+21
1.984565807e+21
1.843612783e+21
1.823452945e+21
1.799791916e+21
2.002673339e+21
1.976693253e+21
1.955212614e+21
2.037099339e+21
2.015089944e+21
2.093737324e+21
1.864153545e+21
2.044611876e+21
2.124018312e+21
2.096796471e+21
2.074726877e+21
1.853213548e+21
1.833923863e+21
2.096614974e+21
1.98073349e+21
2.142135067e+21
2.120388233e+21
2.002960622e+21
1.982899757e+21
2.047500758e+21
2.02727854e+21
1.915528436e+21
1.896877676e+21
2.044451368e+21
2.024829377e+21
1.917472236e+21
1.981909528e+21
2.040415664e+21
2.021378524e+21
2.078146481e+21
2.059017435e+21
1.879271872e+21
1.862193471e+21
1.841707938e+21
1.901217198e+21
1.805557314e+21
2.087768139e+21
1.918344947e+21
1.974592805e+21
2.171669931e+21
1.937432243e+21
2.185019967e+21
2.183797066e+21
1.817333469e+21
1.996935841e+21
1.811089568e+21
1.989019433e+21
2.162615246e+21
1.978146726e+21
2.148827256e+21
1.96442791e+21
2.132075311e+21
2.125089471e+21
2.112516144e+21
2.104382217e+21
2.090327897e+21
1.734236038e+21
1.7214219e+21
2.055401511e+21
2.038860552e+21
2.027557899e+21
2.010009484e+21
1.997780991e+21
1.979377417e+21
1.966303019e+21
1.947190534e+21
1.933356105e+21
1.913673442e+21
2.057432941e+21
1.879046121e+21
2.01929376e+21
1.997148071e+21
2.13261198e+21
1.957910772e+21
1.940618417e+21
1.770581077e+21
2.046699727e+21
2.16692171e+21
2.146313935e+21
1.837698743e+21
1.959665322e+21
1.935655283e+21
1.779317696e+21
2.297922318e+21
1.872949698e+21
1.98156297e+21
1.96080765e+21
1.677873067e+21
1.915416264e+21
2.017101588e+21
1.745959421e+21
1.969848673e+21
2.07023956e+21
2.043625594e+21
1.902433634e+21
1.760517899e+21
2.321699574e+21
1.833336582e+21
1.926629991e+21
2.237274719e+21
1.88094261e+21
1.747378857e+21
1.944446467e+21
1.49279114e+21
1.898572119e+21
2.186425776e+21
2.16298118e+21
1.72847308e+21
1.911287787e+21
1.886825287e+21
2.161751782e+21
2.134237019e+21
2.112022792e+21
1.990531695e+21
2.063873567e+21
1.667438071e+21
2.017288694e+21
1.811094055e+21
1.9722478e+21
1.947968686e+21
1.928726377e+21
1.905250682e+21
1.972455459e+21
1.948749693e+21
1.930042497e+21
1.907170924e+21
1.971258345e+21
1.94826021e+21
1.93007968e+21
1.907947287e+21
2.047914367e+21
1.946994138e+21
1.852126985e+21
2.060687739e+21
2.117818296e+21
1.945376352e+21
1.928094417e+21
1.981241471e+21
2.109274385e+21
1.943772192e+21
2.140891705e+21
1.808647061e+21
1.626873972e+21
2.166201659e+21
1.983572334e+21
1.978888309e+21
1.796123624e+21
2.14820552e+21
1.964973303e+21
1.956678922e+21
1.951392936e+21
1.941479039e+21
2.111049502e+21
1.923730449e+21
2.090548861e+21
2.076648268e+21
2.067480515e+21
2.052269941e+21
2.042050647e+21
1.856879371e+21
2.014477266e+21
1.997114179e+21
1.984986042e+21
1.966774258e+21
1.953806318e+21
1.934890254e+21
2.081264685e+21
1.901684114e+21
1.887295223e+21
2.178602174e+21
2.006776866e+21
1.984848834e+21
1.968114253e+21
2.395026412e+21
1.780429635e+21
1.906524077e+21
2.179654478e+21
1.723141697e+21
1.991239948e+21
2.107817991e+21
1.669750478e+21
1.924250244e+21
1.904921154e+21
1.881352067e+21
2.261036395e+21
2.495440659e+21
1.949469921e+21
2.053210131e+21
1.904429414e+21
2.005604137e+21
1.736021543e+21
2.570800535e+21
1.816361428e+21
2.390761664e+21
1.773525922e+21
1.867409889e+21
2.077885499e+21
1.595277516e+21
2.254071434e+21
1.891204876e+21
1.980621331e+21
1.62919046e+21
1.61149853e+21
2.120930657e+21
1.888225669e+21
2.17455762e+21
2.151245308e+21
1.820253404e+21
2.301159209e+21
1.9754313e+21
1.856910583e+21
1.833303379e+21
2.005192633e+21
1.791306123e+21
2.146122514e+21
2.211358743e+21
2.097701061e+21
1.981561226e+21
2.140046917e+21
1.849499202e+21
1.918427925e+21
1.98122275e+21
2.047226272e+21
2.022621682e+21
2.003201525e+21
1.979457083e+21
1.960721034e+21
1.937834179e+21
1.91974779e+21
1.976787942e+21
1.880243448e+21
1.859066084e+21
2.07243984e+21
2.049575207e+21
1.805483866e+21
1.934847498e+21
2.065173535e+21
2.043454336e+21
1.953138754e+21
2.0047571e+21
1.845315169e+21
1.976267286e+21
1.616046217e+21
1.972480862e+21
1.970386496e+21
1.965754769e+21
2.141049585e+21
2.133986549e+21
2.129426372e+21
2.12047863e+21
1.93852981e+21
2.104064177e+21
2.097193833e+21
1.911154372e+21
2.076896187e+21
1.891217644e+21
2.054054455e+21
2.039007265e+21
2.028872105e+21
2.012681773e+21
1.667970275e+21
1.984383279e+21
1.972353944e+21
1.954330578e+21
1.941467458e+21
1.922744399e+21
1.90913142e+21
1.889844079e+21
1.875569123e+21
2.01049831e+21
1.840997715e+21
1.972700156e+21
1.956094581e+21
1.785371242e+21
1.769651291e+21
2.478153088e+21
2.022136914e+21
1.712869964e+21
1.838010707e+21
1.955672414e+21
1.659905306e+21
1.912978817e+21
2.029056158e+21
1.87042592e+21
1.851236837e+21
2.350486442e+21
1.809045049e+21
2.169073847e+21
2.019805746e+21
1.994237014e+21
1.849495881e+21
1.825956595e+21
2.40820914e+21
2.02079745e+21
2.116358337e+21
1.973115891e+21
2.295967154e+21
2.039764573e+21
2.017491846e+21
2.102116509e+21
2.29807252e+21
2.160414796e+21
2.243810327e+21
2.109428662e+21
1.98232423e+21
2.162817611e+21
2.1396361e+21
1.911046658e+21
1.990251045e+21
1.866603133e+21
1.652544486e+21
2.303378359e+21
1.804528824e+21
1.594204423e+21
1.949057759e+21
2.107943548e+21
1.995819494e+21
2.150216824e+21
1.951283565e+21
1.839679149e+21
1.734762605e+21
2.056388219e+21
1.866658616e+21
1.928052362e+21
1.909536609e+21
1.968935815e+21
2.031558102e+21
1.927519143e+21
1.989089505e+21
2.044894256e+21
1.870212585e+21
1.849125257e+21
2.061356647e+21
2.038581883e+21
1.795799916e+21
1.924431999e+21
1.980699403e+21
1.887236562e+21
2.014533223e+21
1.780241064e+21
1.905889239e+21
1.96319798e+21
1.96210867e+21
2.137583249e+21
1.957374806e+21
2.130321173e+21
1.949694349e+21
1.943291691e+21
1.939145905e+21
2.106582974e+21
2.100911077e+21
1.916138415e+21
1.909892288e+21
1.726128778e+21
2.063420678e+21
1.87900094e+21
2.040801645e+21
1.857088665e+21
2.01586257e+21
1.999842875e+21
1.988815884e+21
1.971813662e+21
1.959881606e+21
1.94204337e+21
2.090057088e+21
2.069979251e+21
2.055349085e+21
1.878150565e+21
2.174652475e+21
1.998162153e+21
1.829725758e+21
1.809876269e+21
1.944220832e+21
1.922487805e+21
2.198753327e+21
2.028631766e+21
2.297228886e+21
1.986506627e+21
2.248791319e+21
1.944184602e+21
1.925204811e+21
2.309375524e+21
2.017264039e+21
1.726795525e+21
1.840568104e+21
1.947522612e+21
1.927183308e+21
1.903017791e+21
1.75730758e+21
2.478747518e+21
2.084298795e+21
2.057841677e+21
1.556590796e+21
1.891363356e+21
1.98769412e+21
2.077655535e+21
1.826650935e+21
1.915883023e+21
1.894972798e+21
1.760555545e+21
2.067885769e+21
1.826398397e+21
2.337925158e+21
2.098050748e+21
1.556556188e+21
2.151203685e+21
2.128151519e+21
2.100912112e+21
1.68266775e+21
1.954372357e+21
1.933808873e+21
2.100208551e+21
1.794938768e+21
2.052149461e+21
2.031043272e+21
1.914458285e+21
1.985255354e+21
2.049733084e+21
1.85274189e+21
2.091386087e+21
1.98443735e+21
2.04552947e+21
1.941198358e+21
2.001253244e+21
1.982030819e+21
2.040131043e+21
1.939980798e+21
2.07708945e+21
1.899412338e+21
2.112277915e+21
2.17033621e+21
1.992564358e+21
2.050391368e+21
2.027705859e+21
2.009496706e+21
1.987748344e+21
2.261962328e+21
2.238068966e+21
2.00370685e+21
2.05392551e+21
2.176431828e+21
1.950300396e+21
2.126423223e+21
1.946592769e+21
1.944533837e+21
2.116367812e+21
2.113013761e+21
1.930597096e+21
2.101620162e+21
2.09286825e+21
2.087242561e+21
2.076779518e+21
2.070021068e+21
2.05798815e+21
2.050118908e+21
2.03666297e+21
1.858742191e+21
2.012989607e+21
2.003018811e+21
1.987166737e+21
1.976228807e+21
1.959402281e+21
2.109863184e+21
1.929909699e+21
1.917251446e+21
1.898904474e+21
1.885506286e+21
2.177701015e+21
1.852548696e+21
1.98597646e+21
1.97014024e+21
1.948843557e+21
2.378449678e+21
2.057960453e+21
2.477015344e+21
2.160617762e+21
1.712705721e+21
1.833747014e+21
1.816402948e+21
1.794771608e+21
1.777272464e+21
1.890827514e+21
2.139315403e+21
2.113085695e+21
2.222169128e+21
1.807338625e+21
2.171727336e+21
1.89226969e+21
1.997026474e+21
2.095127797e+21
2.072634293e+21
1.685266192e+21
1.905160396e+21
2.351145496e+21
1.86044962e+21
1.607088014e+21
2.157258945e+21
2.01752142e+21
1.995512113e+21
2.188765384e+21
1.948439102e+21
2.137119471e+21
1.796845202e+21
1.773775678e+21
2.16749405e+21
1.834040419e+21
2.015990064e+21
1.89071259e+21
2.067534409e+21
2.138411402e+21
1.923557613e+21
1.899186899e+21
1.691479047e+21
1.855751115e+21
1.744831078e+21
1.995064453e+21
1.885038711e+21
1.950305967e+21
2.018522158e+21
1.993715131e+21
2.059834939e+21
2.034784799e+21
1.930998312e+21
1.990737449e+21
1.971612389e+21
1.948225287e+21
1.929774355e+21
2.066149627e+21
2.046855761e+21
1.867671739e+21
2.081777117e+21
2.058254059e+21
2.417235116e+21
1.942243593e+21
1.998832899e+21
1.977162049e+21
2.104761955e+21
2.154290951e+21
1.921817782e+21
1.972446707e+21
1.885425049e+21
1.937571172e+21
2.112547736e+21
1.933901891e+21
2.107483911e+21
2.102596046e+21
1.924330277e+21
1.743697527e+21
2.087987613e+21
1.906053369e+21
1.900938187e+21
2.063400842e+21
1.885305618e+21
1.874393736e+21
1.867238577e+21
2.023674535e+21
2.014802534e+21
2.000228188e+21
1.99033768e+21
1.974650284e+21
1.963800053e+21
1.947146167e+21
2.096687924e+21
2.237581158e+21
1.905368572e+21
2.201738977e+21
2.030070942e+21
2.164391083e+21
1.994686527e+21
1.82209707e+21
1.958223502e+21
1.78812031e+21
2.068662181e+21
2.045697334e+21
1.882925733e+21
2.291044364e+21
2.695799503e+21
1.963239389e+21
1.944695277e+21
2.058866957e+21
1.766975462e+21
2.014224783e+21
2.127025349e+21
1.969709889e+21
1.81959534e+21
2.053836181e+21
2.032427202e+21
2.007085137e+21
1.861714158e+21
2.451119775e+21
2.061099623e+21
1.915364042e+21
1.894634349e+21
2.104407238e+21
1.73460147e+21
1.598318486e+21
2.032578494e+21
2.341010903e+21
2.094962027e+21
1.959268468e+21
2.045606338e+21
1.700527353e+21
1.99747692e+21
1.868093291e+21
2.053270546e+21
1.925646422e+21
2.205812496e+21
2.078676122e+21
1.762796759e+21
2.223821323e+21
2.009085188e+21
1.889199457e+21
1.96301505e+21
1.938315806e+21
2.192433363e+21
2.074826372e+21
1.785871875e+21
2.116478736e+21
1.920659753e+21
1.897065095e+21
2.049066426e+21
2.024152416e+21
2.004422502e+21
1.98033159e+21
1.961302915e+21
2.01878391e+21
1.999661192e+21
1.897222558e+21
1.879503189e+21
1.857867142e+21
2.070846044e+21
2.047421897e+21
2.103948103e+21
2.080605629e+21
2.061921737e+21
1.893847623e+21
1.949226819e+21
1.857121001e+21
2.053199466e+21
1.96190678e+21
1.875356872e+21
2.100007672e+21
2.098852159e+21
1.921375417e+21
2.093837234e+21
2.089002355e+21
1.911894118e+21
2.078944424e+21
1.901653218e+21
2.065967648e+21
2.060432239e+21
2.050193434e+21
2.043543436e+21
2.031766306e+21
2.024023316e+21
2.010850714e+21
2.002049822e+21
1.987627553e+21
1.977816108e+21
1.962290518e+21
1.951526654e+21
1.935042424e+21
1.923393408e+21
1.906091603e+21
1.893632087e+21
2.188256568e+21
2.328073398e+21
1.843922452e+21
1.982593725e+21
1.811118999e+21
1.946450058e+21
1.925557076e+21
1.909449017e+21
2.033579499e+21
2.159765075e+21
1.850541625e+21
2.115791278e+21
1.812394045e+21
2.071496919e+21
1.637585922e+21
2.027073562e+21
2.403235723e+21
1.982695966e+21
1.827961615e+21
2.067756773e+21
2.1699163e+21
2.147318414e+21
1.99587589e+21
1.851333074e+21
1.828151681e+21
1.808552319e+21
1.666723456e+21
1.648695978e+21
1.860364919e+21
2.185172098e+21
2.157374197e+21
1.796941142e+21
1.774007241e+21
2.083673146e+21
1.732232882e+21
2.248818918e+21
2.220037224e+21
1.882259822e+21
1.961409638e+21
2.042377856e+21
2.117098419e+21
1.994691218e+21
2.166197216e+21
2.143190925e+21
2.21215444e+21
1.903377728e+21
1.973282335e+21
1.952746445e+21
1.744561587e+21
2.180990285e+21
1.88453758e+21
2.131880129e+21
2.017738976e+21
1.99751269e+21
2.058765778e+21
1.953476172e+21
1.845828023e+21
1.993999777e+21
2.052118698e+21
1.951100695e+21
2.008276997e+21
1.989250309e+21
2.044612091e+21
1.86970431e+21
1.925171821e+21
1.98373179e+21
1.885836252e+21
2.092932058e+21
1.847928811e+21
2.124348019e+21
1.883867723e+21
1.867143824e+21
1.989394547e+21
1.971914839e+21
1.881783222e+21
1.865395653e+21
2.08647795e+21
1.737777511e+21
2.082556555e+21
1.733638461e+21
1.729652755e+21
1.899617666e+21
2.065624709e+21
2.061246298e+21
2.052775015e+21
2.047283711e+21
1.867391191e+21
2.030557012e+21
1.850662345e+21
2.011223069e+21
1.998188395e+21
1.98945753e+21
1.975184681e+21
1.965451102e+21
1.950084514e+21
1.939405715e+21
1.923088229e+21
1.911530734e+21
1.894401668e+21
2.195712521e+21
1.864232806e+21
2.159669101e+21
1.832788645e+21
2.273823075e+21
2.100317825e+21
2.083649442e+21
1.914121281e+21
1.898133167e+21
1.877204068e+21
1.860797854e+21
2.12277387e+21
1.823003089e+21
1.940510884e+21
1.922229491e+21
2.17091655e+21
2.149828065e+21
1.991299302e+21
2.102864056e+21
2.336972283e+21
1.927601945e+21
1.650058796e+21
1.507283689e+21
2.480988938e+21
1.963804928e+21
1.939280891e+21
2.158317741e+21
1.894404878e+21
1.87392738e+21
2.081538763e+21
1.944542745e+21
2.032795865e+21
2.010657919e+21
1.985051638e+21
2.072505274e+21
2.153741775e+21
1.917285981e+21
1.997948278e+21
1.872280048e+21
2.053740579e+21
1.523700096e+21
2.005684807e+21
1.884999191e+21
1.958957993e+21
1.744340067e+21
1.913573335e+21
2.08279031e+21
1.963013246e+21
2.035088745e+21
2.192215471e+21
1.988860535e+21
1.874770768e+21
1.855726045e+21
1.920021378e+21
1.987171111e+21
1.79210264e+21
2.02786368e+21
2.003217548e+21
1.901031347e+21
1.959842851e+21
1.941004065e+21
1.997878886e+21
1.89978938e+21
2.03401083e+21
2.170008255e+21
1.915170377e+21
2.125225619e+21
1.876014865e+21
2.007672528e+21
1.911806973e+21
1.967509914e+21
2.09022235e+21
2.143105472e+21
1.978924021e+21
2.031595533e+21
2.010488468e+21
1.786816002e+21
2.073121448e+21
1.899321337e+21
1.896803072e+21
2.067067302e+21
2.062335556e+21
1.887497864e+21
2.052474585e+21
2.048130868e+21
1.699791501e+21
2.034301932e+21
1.855589481e+21
2.0177346e+21
2.006204265e+21
1.998583706e+21
1.820210836e+21
1.977022652e+21
1.962896629e+21
1.953239743e+21
1.938029421e+21
2.088053947e+21
2.07055423e+21
1.899813491e+21
2.039758766e+21
1.870587598e+21
2.007368179e+21
1.839967793e+21
1.821788486e+21
1.808162518e+21
1.93868457e+21
1.923322837e+21
1.902820518e+21
1.886950648e+21
2.153324434e+21
2.276834225e+21
1.96975532e+21
1.812444153e+21
1.929342842e+21
2.320730872e+21
1.753804182e+21
1.870387203e+21
1.848029077e+21
2.090988087e+21
1.807444397e+21
1.916804254e+21
1.767094272e+21
1.998543132e+21
2.09719316e+21
2.197097269e+21
1.928651142e+21
1.908003085e+21
2.001852395e+21
1.980226626e+21
2.070289902e+21
1.478976403e+21
2.021882006e+21
1.666561654e+21
1.864767201e+21
2.169954187e+21
1.928083498e+21
2.013073023e+21
2.09200414e+21
2.172806465e+21
2.042953944e+21
2.020935553e+21
1.795676636e+21
2.171221481e+21
1.46156492e+21
1.735255899e+21
1.903638357e+21
2.071978544e+21
1.859857606e+21
1.656452735e+21
1.726539809e+21
1.888651434e+21
1.953919177e+21
2.021981144e+21
1.910134445e+21
1.890982321e+21
2.037578414e+21
2.017426007e+21
1.992911668e+21
1.973476159e+21
1.949756648e+21
1.931011394e+21
2.146594928e+21
1.890000391e+21
2.023518937e+21
1.927510324e+21
2.057694098e+21
2.189748017e+21
1.940947056e+21
1.923296565e+21
1.901872317e+21
1.957285942e+21
1.93592095e+21
1.989803165e+21
1.898257307e+21
2.230028318e+21
1.999914766e+21
1.777424845e+21
2.05993486e+21
2.058810555e+21
2.0560921e+21
1.882775949e+21
1.536941884e+21
1.875531734e+21
2.039490834e+21
2.035181286e+21
2.02688884e+21
2.02148375e+21
2.011566551e+21
2.005073111e+21
1.993662938e+21
1.986102212e+21
1.973336215e+21
1.964742254e+21
1.950760525e+21
1.941179186e+21
1.926122458e+21
1.915609994e+21
2.057918992e+21
1.88823902e+21
2.027400641e+21
2.16915348e+21
1.841813304e+21
1.981335207e+21
1.961829546e+21
1.947179357e+21
1.927211439e+21
1.911964104e+21
2.037164133e+21
1.731599184e+21
2.140791776e+21
2.122135409e+21
1.678618085e+21
1.940622739e+21
2.192345844e+21
1.628808722e+21
2.146280484e+21
2.391166499e+21
2.231408456e+21
2.209198348e+21
1.925740221e+21
1.906126859e+21
2.133878461e+21
1.863279491e+21
1.717613616e+21
1.820873024e+21
2.038020868e+21
2.134817834e+21
1.756780732e+21
1.9695224e+21
2.059161967e+21
2.036818695e+21
2.011084712e+21
1.989205109e+21
2.400419488e+21
2.266369584e+21
1.811357507e+21
1.897064841e+21
1.976970301e+21
1.955558793e+21
1.930666022e+21
2.110901475e+21
1.984816845e+21
1.865394935e+21
1.744788806e+21
2.205784151e+21
2.083186609e+21
1.873889497e+21
2.035306336e+21
2.105677661e+21
1.98887854e+21
1.968419484e+21
2.032255612e+21
1.92414675e+21
1.900348813e+21
1.966805907e+21
1.942682953e+21
1.839837296e+21
1.982711286e+21
1.963371972e+21
1.939773729e+21
2.001167796e+21
2.056498475e+21
1.880311765e+21
1.85827821e+21
1.917615913e+21
1.971295076e+21
1.953125859e+21
1.930942856e+21
1.986973745e+21
1.964811162e+21
2.16351964e+21
1.854549286e+21
1.979482735e+21
2.028249821e+21
2.21841821e+21
2.058053485e+21
1.700126815e+21
2.046914965e+21
1.87531733e+21
2.043110507e+21
2.040973243e+21
1.866645914e+21
1.863716371e+21
2.026670318e+21
2.022394426e+21
2.014189043e+21
1.841423917e+21
1.999012351e+21
1.826522075e+21
1.981277435e+21
1.97377565e+21
1.961140514e+21
1.952613475e+21
1.938773568e+21
1.929266654e+21
2.073890986e+21
2.062590586e+21
2.045437029e+21
1.876804729e+21
2.015191361e+21
1.848097244e+21
1.983371606e+21
1.969514715e+21
1.800179597e+21
2.084550522e+21
1.768498435e+21
2.778002784e+21
2.169939959e+21
2.295355428e+21
1.986510547e+21
2.109881893e+21
1.808068474e+21
2.067333494e+21
1.771146015e+21
2.024450873e+21
2.000785265e+21
2.245608196e+21
2.088398031e+21
1.809179813e+21
1.915052831e+21
1.769196576e+21
1.99729919e+21
1.853038617e+21
2.074280051e+21
1.690211784e+21
1.788503852e+21
1.533464648e+21
2.213277109e+21
1.958933277e+21
2.161939297e+21
1.800836748e+21
2.111535576e+21
1.758799522e+21
2.062144345e+21
1.825002406e+21
2.119821376e+21
2.201632279e+21
2.173660979e+21
2.047739711e+21
2.122802913e+21
2.199932686e+21
2.27072659e+21
2.246428075e+21
2.025092332e+21
1.908187209e+21
2.072482177e+21
1.771048983e+21
2.208957044e+21
2.003806425e+21
1.88876936e+21
1.869339549e+21
2.109792506e+21
1.914325865e+21
1.976602158e+21
1.956779039e+21
2.016822699e+21
1.996869721e+21
1.97261479e+21
2.034761171e+21
2.010304704e+21
1.911331571e+21
2.046013552e+21
1.870721965e+21
2.079889496e+21
1.831509661e+21
1.885779979e+21
2.09260442e+21
2.142699863e+21
2.123211997e+21
2.027102615e+21
1.937153485e+21
1.915938919e+21
1.898937781e+21
1.878586194e+21
1.931062321e+21
1.77436332e+21
2.029541075e+21
1.864553737e+21
1.863541423e+21
2.030291809e+21
2.028171716e+21
2.023587913e+21
2.020417029e+21
2.014009978e+21
2.009767241e+21
2.001647401e+21
1.99632596e+21
1.986613881e+21
1.980220938e+21
1.96904487e+21
1.961601151e+21
1.949094632e+21
1.940633525e+21
1.926933026e+21
1.917499439e+21
1.90274213e+21
1.892391124e+21
2.033105567e+21
2.020967093e+21
1.849041464e+21
1.837053659e+21
2.123247739e+21
2.108437075e+21
1.938696774e+21
2.072284726e+21
1.904667799e+21
2.180358959e+21
1.869704917e+21
1.996809143e+21
2.116159076e+21
1.818066529e+21
2.07433048e+21
1.781488707e+21
2.303010543e+21
1.744618524e+21
1.856922633e+21
1.838969892e+21
2.206576305e+21
1.670623181e+21
1.90448341e+21
1.759450002e+21
2.358806376e+21
1.842909699e+21
2.184363774e+21
1.921191602e+21
2.134630982e+21
1.75985346e+21
1.969697746e+21
1.719227126e+21
2.26362351e+21
2.015179549e+21
1.879286181e+21
1.858860514e+21
1.7274224e+21
1.708636457e+21
1.792438156e+21
1.877265783e+21
2.265338002e+21
2.342674243e+21
1.910700166e+21
1.691162717e+21
2.259035447e+21
2.040530493e+21
2.110643731e+21
1.803482495e+21
2.061887192e+21
2.132943061e+21
1.922983916e+21
2.08420941e+21
1.96864641e+21
1.859830955e+21
2.011618673e+21
1.991177666e+21
1.88107529e+21
1.946853888e+21
1.922994166e+21
1.986747874e+21
1.962620602e+21
2.105426756e+21
2.000116107e+21
1.901641322e+21
1.957341346e+21
2.016331943e+21
1.916041149e+21
1.898128737e+21
1.951229921e+21
2.007596665e+21
1.984749944e+21
2.039538054e+21
2.016730523e+21
1.998621098e+21
1.906101796e+21
2.029129741e+21
1.938121353e+21
1.989723466e+21
1.968850615e+21
1.817135802e+21
2.021362768e+21
2.020268166e+21
2.01763296e+21
2.015529778e+21
2.010993574e+21
2.007847298e+21
1.834714595e+21
1.83085536e+21
1.989260977e+21
1.983980434e+21
1.974368261e+21
1.968024454e+21
1.956962428e+21
2.112040579e+21
1.937195825e+21
1.92879968e+21
2.07483925e+21
1.905874897e+21
2.206474124e+21
1.880991492e+21
2.020921901e+21
2.472462159e+21
1.838038806e+21
2.282676593e+21
1.959941977e+21
1.796577104e+21
2.075590208e+21
1.913007974e+21
2.184914548e+21
1.734165116e+21
2.287902831e+21
1.701699538e+21
1.963783812e+21
2.085794535e+21
1.787554727e+21
1.90766571e+21
2.155345412e+21
1.734824178e+21
1.84656259e+21
2.351225177e+21
1.678044849e+21
2.044795972e+21
1.767761349e+21
1.749810228e+21
2.099018095e+21
1.832890911e+21
1.810466656e+21
1.910825675e+21
1.887272441e+21
1.983816947e+21
2.304950418e+21
1.824087521e+21
2.026484531e+21
1.670442904e+21
1.979373838e+21
1.849100123e+21
1.933197177e+21
2.018414746e+21
1.888015678e+21
1.867520428e+21
2.048754229e+21
1.722598262e+21
2.201008872e+21
2.177311254e+21
1.856600758e+21
2.030082581e+21
1.81352687e+21
2.172025558e+21
1.958154529e+21
1.845301023e+21
2.004336582e+21
2.07363861e+21
1.958683923e+21
2.026648948e+21
2.00145658e+21
1.894981813e+21
1.956656412e+21
2.021247561e+21
1.913298676e+21
1.976728121e+21
1.952727173e+21
2.014240437e+21
1.910429054e+21
1.892048834e+21
2.025361209e+21
2.00615226e+21
2.058866177e+21
2.266239507e+21
2.090684341e+21
1.923449984e+21
1.901539609e+21
1.956713637e+21
2.006464033e+21
2.059462897e+21
1.896365172e+21
1.949153947e+21
1.928182242e+21
1.911264315e+21
2.228876035e+21
1.941691711e+21
2.008824416e+21
2.007739399e+21
2.005130989e+21
2.003044462e+21
1.998555033e+21
1.995433002e+21
1.989157967e+21
1.984980076e+21
1.977026907e+21
1.971786661e+21
1.962272682e+21
1.955977291e+21
1.945027363e+21
1.937697226e+21
2.085894867e+21
2.076868392e+21
2.062320631e+21
1.894390451e+21
1.879922602e+21
2.025539077e+21
2.163412881e+21
1.843317919e+21
1.979430175e+21
2.117917395e+21
2.098313027e+21
1.934884601e+21
2.063495732e+21
2.04818114e+21
2.172283237e+21
1.867839852e+21
1.990434779e+21
2.114951417e+21
1.673669434e+21
2.212219658e+21
2.18765714e+21
2.167917015e+21
2.009332424e+21
1.725139189e+21
1.836317506e+21
1.948505233e+21
1.925550669e+21
1.779369443e+21
1.883690752e+21
1.988886295e+21
1.964846789e+21
2.18757656e+21
2.160883084e+21
2.019356695e+21
1.877203713e+21
2.205393875e+21
1.948829103e+21
1.814436001e+21
2.015821314e+21
2.215550396e+21
2.297195384e+21
2.0558466e+21
1.709466392e+21
1.902252972e+21
2.191300514e+21
2.064306367e+21
2.038219735e+21
1.915363854e+21
1.990676879e+21
1.772324267e+21
1.847139226e+21
1.923562967e+21
1.994247885e+21
1.879131439e+21
2.041018915e+21
2.203157276e+21
1.812928832e+21
1.883768018e+21
1.860238954e+21
1.841101043e+21
2.077979106e+21
1.971158182e+21
2.031478679e+21
2.01109837e+21
1.986470047e+21
1.966808926e+21
2.023888529e+21
1.923969126e+21
1.900843805e+21
1.882552635e+21
1.860175939e+21
1.996074847e+21
2.048513092e+21
1.879033641e+21
1.931569123e+21
1.987363468e+21
1.964703304e+21
2.018935559e+21
1.99630154e+21
2.119688392e+21
2.166242702e+21
2.077767673e+21
2.123881468e+21
1.901516769e+21
1.747085071e+21
1.998359867e+21
1.8300706e+21
1.99536507e+21
1.992782997e+21
1.990712876e+21
1.986269419e+21
1.983171274e+21
1.976960549e+21
1.972814369e+21
1.964942398e+21
2.123053684e+21
1.950324402e+21
1.944076722e+21
1.933236993e+21
1.925962408e+21
1.913828792e+21
2.064356391e+21
2.049952169e+21
1.883043581e+21
2.180169682e+21
2.168365904e+21
1.843373035e+21
2.290524535e+21
1.816421696e+21
1.804700868e+21
2.086064007e+21
1.775640256e+21
2.19808006e+21
1.745432915e+21
1.871824182e+21
1.857125182e+21
1.837722249e+21
2.102916945e+21
1.664203892e+21
2.062250954e+21
2.039424512e+21
1.751572905e+21
1.731733722e+21
2.243426887e+21
1.956627298e+21
1.937775635e+21
2.170347353e+21
1.896053323e+21
2.373054089e+21
1.854475859e+21
1.954262412e+21
1.934055058e+21
2.149331031e+21
2.008577432e+21
1.86724185e+21
2.07824759e+21
1.710493882e+21
2.030496839e+21
2.228077476e+21
1.873371108e+21
2.285246893e+21
2.045164068e+21
2.338363018e+21
1.997560927e+21
2.076222042e+21
1.951015148e+21
2.230572323e+21
1.805278717e+21
2.079567927e+21
1.763304798e+21
1.934498568e+21
1.722432408e+21
1.889689663e+21
1.963123916e+21
2.123048857e+21
1.826721775e+21
2.074399717e+21
2.142068307e+21
1.939058416e+21
1.831876847e+21
2.067586778e+21
1.961298643e+21
2.021331325e+21
1.917673485e+21
1.976554504e+21
1.956988783e+21
2.094339608e+21
1.914364297e+21
1.970160687e+21
2.029247224e+21
1.928001565e+21
1.909709779e+21
2.038263608e+21
2.093984978e+21
2.069723985e+21
2.050636042e+21
1.954831079e+21
2.080532101e+21
1.844367081e+21
2.179306901e+21
2.016238234e+21
1.998354632e+21
2.317593894e+21
1.959434864e+21
1.938736726e+21
1.921905362e+21
1.984208642e+21
1.983142339e+21
1.980586157e+21
1.978532197e+21
1.974133926e+21
1.971059321e+21
1.964911807e+21
2.124196619e+21
1.953004724e+21
1.947843322e+21
1.938520748e+21
1.932320089e+21
1.921588703e+21
1.914368869e+21
1.902355403e+21
2.051994243e+21
1.880982626e+21
2.339789789e+21
2.322054919e+21
1.847602015e+21
2.137941698e+21
1.97345357e+21
1.956286264e+21
1.943682388e+21
1.777677571e+21
2.059579394e+21
1.894030132e+21
1.880015266e+21
2.147453748e+21
1.704491758e+21
2.10842669e+21
1.951617411e+21
2.068556016e+21
1.640541886e+21
1.622439033e+21
1.741823001e+21
2.119573171e+21
2.362278517e+21
2.335068829e+21
1.927163556e+21
1.777616207e+21
1.885752539e+21
2.236016649e+21
1.844479753e+21
1.82230449e+21
2.043941338e+21
1.900357186e+21
1.997912636e+21
2.089558304e+21
2.067291415e+21
1.58809249e+21
1.795436159e+21
1.88400425e+21
2.192502135e+21
1.948647477e+21
2.248759556e+21
1.903364818e+21
1.882700317e+21
2.168881052e+21
2.145362494e+21
1.91659882e+21
1.895879712e+21
1.970507584e+21
2.144238148e+21
2.117213476e+21
2.189787371e+21
1.880192065e+21
1.860247574e+21
2.112412858e+21
1.908450333e+21
1.794813808e+21
2.131366884e+21
2.104791719e+21
1.996339345e+21
2.057297881e+21
1.866687801e+21
2.01128484e+21
1.908140104e+21
2.048684852e+21
1.947266216e+21
1.923636436e+21
1.984223845e+21
1.881958994e+21
1.863843365e+21
1.841679484e+21
1.976220728e+21
2.103231591e+21
1.934731667e+21
1.838750559e+21
2.186148928e+21
2.017096739e+21
2.070128891e+21
1.976282287e+21
1.958536608e+21
2.213621479e+21
1.988302665e+21
1.831147022e+21
1.949542548e+21
1.995416312e+21
2.307782499e+21
1.972125605e+21
1.97106844e+21
1.96853771e+21
1.966499674e+21
1.962145822e+21
1.959094414e+21
1.953009039e+21
1.948924913e+21
1.941211224e+21
1.936088394e+21
1.92685911e+21
1.920704795e+21
1.910079942e+21
2.220066417e+21
1.89101876e+21
2.039779273e+21
1.869835419e+21
2.015815536e+21
1.846701451e+21
1.989795232e+21
1.973613299e+21
1.811005135e+21
2.244133939e+21
1.932404581e+21
2.356560049e+21
1.901451253e+21
2.028043471e+21
1.725479209e+21
1.992900603e+21
1.977295858e+21
2.096540182e+21
2.217871197e+21
2.194120549e+21
2.03923294e+21
2.285705843e+21
2.131915126e+21
2.503144919e+21
1.696722356e+21
1.935271272e+21
1.788889272e+21
1.894278074e+21
1.875563073e+21
1.729783375e+21
2.079202945e+21
1.93343211e+21
1.793881897e+21
1.890305375e+21
1.987360494e+21
1.963108983e+21
2.170697384e+21
1.805498628e+21
2.009345263e+21
1.98449451e+21
2.072099056e+21
1.938616253e+21
2.024128628e+21
1.788422908e+21
1.977133615e+21
2.260596882e+21
1.931170801e+21
1.806530747e+21
1.886285541e+21
2.0586042e+21
1.939487212e+21
2.106586294e+21
1.894608921e+21
1.777249987e+21
1.850947257e+21
2.010496682e+21
2.17021551e+21
1.875185946e+21
2.120771854e+21
2.094351591e+21
1.813702991e+21
2.047110878e+21
1.941872534e+21
2.001337728e+21
1.981253261e+21
1.957017447e+21
1.937639776e+21
2.153397583e+21
1.895439492e+21
2.028711325e+21
1.854627493e+21
2.061639576e+21
1.81517635e+21
2.018069283e+21
2.073232727e+21
1.829624765e+21
1.812747197e+21
1.935381303e+21
1.917772014e+21
1.966422477e+21
1.948765463e+21
2.064881641e+21
2.11478934e+21
1.889424708e+21
1.805973778e+21
2.051523782e+21
2.033726353e+21
1.960188839e+21
1.959140669e+21
1.956634965e+21
2.117497003e+21
1.950302436e+21
1.947273891e+21
1.941249609e+21
1.937195843e+21
1.929559303e+21
2.084847368e+21
2.074948351e+21
2.068330666e+21
2.0569339e+21
2.049228503e+21
2.036467803e+21
2.027708867e+21
2.013721186e+21
2.003954497e+21
1.98887772e+21
1.825993213e+21
1.962130218e+21
2.100565241e+21
1.933677304e+21
1.921256892e+21
2.050160232e+21
2.326845649e+21
2.016495217e+21
2.430535995e+21
1.698548362e+21
1.966145199e+21
2.084786946e+21
1.929780045e+21
1.909178766e+21
1.892721182e+21
2.139385459e+21
2.120178754e+21
2.09637747e+21
1.947065747e+21
1.924767131e+21
2.160455561e+21
2.135288843e+21
1.865483131e+21
1.966334275e+21
1.581499733e+21
1.682784773e+21
2.141265257e+21
2.115404258e+21
1.97691923e+21
1.608233114e+21
1.932070783e+21
1.796132602e+21
1.776830106e+21
1.974267497e+21
2.061432052e+21
2.035837099e+21
2.013772348e+21
1.988648598e+21
2.070606138e+21
1.942447536e+21
1.820272968e+21
1.997143272e+21
2.074344615e+21
1.950742895e+21
2.122742011e+21
2.096065264e+21
1.696635275e+21
2.140702494e+21
2.118000391e+21
1.727725671e+21
1.799543954e+21
1.954762941e+21
1.758568032e+21
1.997180584e+21
1.976631633e+21
1.952148251e+21
2.016316253e+21
1.991488521e+21
1.97150077e+21
1.947393041e+21
1.928108047e+21
1.904719408e+21
1.886116712e+21
2.096376447e+21
2.153086028e+21
1.899528377e+21
1.806237859e+21
1.933746571e+21
1.989331156e+21
1.966236236e+21
1.9480964e+21
1.783148921e+21
1.908277596e+21
1.816899092e+21
2.077597854e+21
2.123083189e+21
2.172136923e+21
2.081403727e+21
1.930054572e+21
1.711992551e+21
2.088795101e+21
1.948395704e+21
1.947356389e+21
1.944875294e+21
1.942868408e+21
2.100151262e+21
1.935595155e+21
1.929630943e+21
1.925607105e+21
1.918046427e+21
1.912999097e+21
1.903951749e+21
2.056045498e+21
1.887471092e+21
1.880410859e+21
2.024474886e+21
1.860720438e+21
2.001927124e+21
1.83898359e+21
1.825198721e+21
1.815377256e+21
1.950779989e+21
2.088432942e+21
2.070457489e+21
2.057178398e+21
1.747256044e+21
1.735197171e+21
1.861857899e+21
1.848141281e+21
1.829755062e+21
2.234422399e+21
2.073164753e+21
1.781969059e+21
1.898620145e+21
2.01672309e+21
1.861692497e+21
1.844999532e+21
1.954658407e+21
1.936491056e+21
1.914376402e+21
1.769612547e+21
1.873987959e+21
1.855510956e+21
2.20037119e+21
2.057144757e+21
1.913041181e+21
1.893326399e+21
2.1043321e+21
1.850905512e+21
2.171260298e+21
2.261228012e+21
1.675184294e+21
1.767670945e+21
1.964145352e+21
1.727052051e+21
2.025463841e+21
2.003521502e+21
1.9785747e+21
1.751107242e+21
2.237818021e+21
1.911726076e+21
2.08648813e+21
1.965669043e+21
2.038058917e+21
2.112154762e+21
1.896044366e+21
1.875785663e+21
1.944876762e+21
2.015885126e+21
2.171618922e+21
1.88019668e+21
1.945141031e+21
1.924903466e+21
2.073778993e+21
1.966922975e+21
2.027036557e+21
1.92282747e+21
1.981735782e+21
1.96184382e+21
2.018607119e+21
1.998614204e+21
1.895399734e+21
2.033292292e+21
2.086115648e+21
2.066024793e+21
2.268267945e+21
1.797386968e+21
2.072281232e+21
1.979570346e+21
1.811642258e+21
2.082115036e+21
1.916314749e+21
1.898876724e+21
1.807924011e+21
1.860601602e+21
1.7718251e+21
1.958744498e+21
2.071048458e+21
2.119123819e+21
1.899989203e+21
2.143313892e+21
1.936743623e+21
1.935713028e+21
1.933256134e+21
1.931264484e+21
1.927039464e+21
2.405069587e+21
1.918150528e+21
1.914156195e+21
1.90667012e+21
1.901659742e+21
1.892701112e+21
1.886681915e+21
2.032730045e+21
2.180917277e+21
1.85780529e+21
2.003991602e+21
1.99027041e+21
1.828288883e+21
1.81463405e+21
2.25610503e+21
2.088757266e+21
2.076439984e+21
1.764539964e+21
1.753239663e+21
2.026903203e+21
1.869153685e+21
1.993788821e+21
1.979121249e+21
2.239423507e+21
1.944216967e+21
1.7867819e+21
1.635793684e+21
2.023047503e+21
2.005653497e+21
1.7192823e+21
1.966021356e+21
1.814473467e+21
2.182834689e+21
1.904097258e+21
1.885852651e+21
1.739738031e+21
1.968687818e+21
1.945547189e+21
2.166660263e+21
2.021944046e+21
2.354263574e+21
2.093375243e+21
2.071442563e+21
2.501094057e+21
2.024598044e+21
1.999900208e+21
1.868518585e+21
2.171251635e+21
2.147814909e+21
2.015195757e+21
1.888460042e+21
1.96860235e+21
1.947264159e+21
1.92297262e+21
2.202489262e+21
1.878358725e+21
1.955870459e+21
2.124507835e+21
2.19720317e+21
1.981001934e+21
2.05316496e+21
2.119608193e+21
2.097135426e+21
1.980873883e+21
1.781870272e+21
1.935613382e+21
2.00254243e+21
1.891673222e+21
2.042409624e+21
2.017146316e+21
1.996637577e+21
1.9720781e+21
2.033626056e+21
1.928425452e+21
2.147988578e+21
2.043351718e+21
1.94556625e+21
1.922180373e+21
2.055958544e+21
1.805768561e+21
1.788622396e+21
1.9885171e+21
1.896945413e+21
1.947005545e+21
1.929039064e+21
2.118801842e+21
1.749600021e+21
2.214199585e+21
1.851455938e+21
1.830897865e+21
2.150715704e+21
1.861363872e+21
2.108637076e+21
1.890543121e+21
2.068038517e+21
1.92523008e+21
1.924208071e+21
2.081922896e+21
1.919798348e+21
1.915614853e+21
2.072040706e+21
1.906805911e+21
1.902840669e+21
1.895427969e+21
2.205529694e+21
1.881582655e+21
2.03190784e+21
1.865391205e+21
2.013303128e+21
1.846991892e+21
1.992339819e+21
1.978748659e+21
1.817717849e+21
1.804190977e+21
2.24313925e+21
2.2251565e+21
1.917113695e+21
2.046936789e+21
2.033847207e+21
1.727546951e+21
2.144573397e+21
1.841010146e+21
1.968061508e+21
2.505353188e+21
1.657230219e+21
2.186991815e+21
2.169057337e+21
1.877849434e+21
2.127685077e+21
1.973022124e+21
1.825015813e+21
2.06252046e+21
2.043394733e+21
2.146451632e+21
2.125906873e+21
1.977736431e+21
2.203059682e+21
1.935317592e+21
1.796073252e+21
1.89307587e+21
1.99069855e+21
2.082531896e+21
1.602788769e+21
1.9227239e+21
2.237998684e+21
1.989684702e+21
1.749633013e+21
1.728186029e+21
1.923233658e+21
2.005031256e+21
1.878943962e+21
2.164912128e+21
2.039481289e+21
1.913380873e+21
1.89266902e+21
2.262517197e+21
1.94616908e+21
1.825736848e+21
1.901176327e+21
1.595777183e+21
1.950199388e+21
2.109216175e+21
1.996123463e+21
1.791993321e+21
1.861821126e+21
1.926178614e+21
1.819496486e+21
1.968039685e+21
2.032475471e+21
2.007352118e+21
1.986941583e+21
1.962514092e+21
1.942810981e+21
1.999041192e+21
1.900067342e+21
1.955240976e+21
1.858690626e+21
1.989377924e+21
1.894435102e+21
1.946759305e+21
1.854107173e+21
2.052148802e+21
1.887728349e+21
2.152811751e+21
1.990747668e+21
1.827337971e+21
2.019635337e+21
2.065658371e+21
2.047110827e+21
1.889390821e+21
2.140162756e+21
2.050643986e+21
1.967112761e+21
1.816321862e+21
1.864894079e+21
2.073340338e+21
2.072242323e+21
1.91042939e+21
1.908467559e+21
1.904324907e+21
1.901384607e+21
2.211527148e+21
1.89165814e+21
1.884317612e+21
1.879379593e+21
2.182359741e+21
1.864661816e+21
1.854543855e+21
1.847636579e+21
2.142354254e+21
1.828451765e+21
1.967359539e+21
1.807268354e+21
1.793867414e+21
1.784257318e+21
2.212504322e+21
2.052862597e+21
1.889991727e+21
2.166834587e+21
1.86101306e+21
1.990395832e+21
2.112415815e+21
2.096919309e+21
1.79942362e+21
1.922772466e+21
2.039062877e+21
1.752715065e+21
1.734231176e+21
2.380649893e+21
2.224022941e+21
1.944841518e+21
2.051476511e+21
2.032474792e+21
2.009457719e+21
1.741464027e+21
1.967311891e+21
1.826224025e+21
1.925195006e+21
1.786695251e+21
1.765545635e+21
1.630902107e+21
1.956700287e+21
2.050124535e+21
2.137931329e+21
2.115233976e+21
1.869596748e+21
1.849548357e+21
1.826926009e+21
2.126147511e+21
2.204965492e+21
1.973385712e+21
1.948956214e+21
2.029313241e+21
2.004088777e+21
1.685042024e+21
2.153458712e+21
1.839735293e+21
2.103617554e+21
1.513467145e+21
1.587963411e+21
2.033065952e+21
2.190183192e+21
1.896096888e+21
1.872441703e+21
2.029221422e+21
1.916835375e+21
2.069338422e+21
1.958514114e+21
2.022637488e+21
1.997652572e+21
2.059728443e+21
1.953042401e+21
1.933432379e+21
2.06897577e+21
2.048475878e+21
1.867980002e+21
2.158012486e+21
1.903636289e+21
1.96070572e+21
1.937360966e+21
1.992765608e+21
2.188102039e+21
2.023108146e+21
1.785321648e+21
2.122612193e+21
1.888409044e+21
2.009830779e+21
1.918563248e+21
1.901336592e+21
1.81301505e+21
1.996605809e+21
2.172242867e+21
2.022722786e+21
2.001028577e+21
2.047690396e+21
1.902608844e+21
1.901603619e+21
2.057485056e+21
1.897269737e+21
1.893167259e+21
1.890248251e+21
2.041557427e+21
1.880606277e+21
1.873336747e+21
1.868434156e+21
1.859733076e+21
2.008330351e+21
1.843821932e+21
2.14312494e+21
1.82573839e+21
1.96943806e+21
1.956100774e+21
2.096428033e+21
2.080938208e+21
2.069806382e+21
1.759996168e+21
2.041273556e+21
1.879377021e+21
2.011039296e+21
1.992990461e+21
1.979314602e+21
2.100720115e+21
1.807286699e+21
2.064848511e+21
1.775639024e+21
1.757551064e+21
2.145447406e+21
2.388250626e+21
2.104706158e+21
2.212083719e+21
1.547537447e+21
1.785481428e+21
2.400734245e+21
1.998839089e+21
1.85601336e+21
2.323933545e+21
1.695555015e+21
2.27427359e+21
2.014403297e+21
1.7564278e+21
1.738385386e+21
1.946668817e+21
1.926316488e+21
1.903148116e+21
1.772193415e+21
1.969563609e+21
2.056701897e+21
2.031600174e+21
2.00970308e+21
1.880532754e+21
1.65350813e+21
2.245481484e+21
1.918283774e+21
2.09390072e+21
2.169881021e+21
2.045472158e+21
2.023404817e+21
2.093325721e+21
2.070841194e+21
1.952043619e+21
1.839239359e+21
1.90710575e+21
1.976745485e+21
1.685914337e+21
2.107201454e+21
1.994290629e+21
1.887737189e+21
2.03382293e+21
1.929023691e+21
1.988046311e+21
1.96782939e+21
1.943661698e+21
1.924143888e+21
2.059044958e+21
1.960231561e+21
2.013933503e+21
1.917547321e+21
1.894497779e+21
2.101389489e+21
1.928052934e+21
1.909736994e+21
1.887232087e+21
2.013372677e+21
1.776717248e+21
2.041967396e+21
1.948890095e+21
1.931151268e+21
2.113834202e+21
2.027278407e+21
1.871026376e+21
1.920674098e+21
1.965133212e+21
1.882997619e+21
1.926993254e+21
1.973988704e+21
1.891496409e+21
1.890499387e+21
1.888135405e+21
1.886202553e+21
2.038984563e+21
2.035845052e+21
1.873563178e+21
1.869682804e+21
2.017690049e+21
1.857615473e+21
2.003080605e+21
1.996745611e+21
2.138760484e+21
1.978615679e+21
1.815294014e+21
2.259442491e+21
1.944970139e+21
1.786725692e+21
2.069165824e+21
1.76409674e+21
2.041784968e+21
2.029814628e+21
2.012640946e+21
1.856981378e+21
1.840370066e+21
1.827759213e+21
2.228430092e+21
1.935611707e+21
1.916659463e+21
2.037638428e+21
1.88248182e+21
1.73374024e+21
2.507364479e+21
1.962564214e+21
2.070844235e+21
1.924113154e+21
1.776022209e+21
1.633922343e+21
2.11260285e+21
2.215530801e+21
1.946789055e+21
1.807207676e+21
2.024343233e+21
2.121876012e+21
2.329871541e+21
1.960063836e+21
1.822813816e+21
1.80376962e+21
2.116274705e+21
2.204035984e+21
1.959654904e+21
1.615552456e+21
1.915052615e+21
1.894421621e+21
1.975143811e+21
2.159456344e+21
1.92969833e+21
2.009278306e+21
2.083610371e+21
1.962931925e+21
2.132395988e+21
1.821752221e+21
1.893758274e+21
1.967093005e+21
2.220089228e+21
2.013356638e+21
1.988266889e+21
2.146032985e+21
2.031013478e+21
2.009675951e+21
1.89841821e+21
1.878668796e+21
1.939736948e+21
2.003244501e+21
1.978531997e+21
1.958410513e+21
2.014969455e+21
1.99473356e+21
1.970393291e+21
1.872830545e+21
1.927225741e+21
2.061057054e+21
2.036282317e+21
2.016655707e+21
1.992635221e+21
2.046802947e+21
1.950434756e+21
2.075292258e+21
1.838923204e+21
1.75187176e+21
2.147326851e+21
1.853228328e+21
1.832206076e+21
1.883005231e+21
1.86197738e+21
1.977296495e+21
1.955593706e+21
2.067707857e+21
1.981519714e+21
1.964371959e+21
2.193931865e+21
1.879524087e+21
2.033614269e+21
2.18780769e+21
1.871239662e+21
1.86836236e+21
2.01796655e+21
2.01379262e+21
1.851754539e+21
1.846921355e+21
2.144782642e+21
2.138008658e+21
1.974641242e+21
2.118649394e+21
1.804968455e+21
1.797283222e+21
2.082732032e+21
1.776628498e+21
2.057525888e+21
1.754186339e+21
1.885343709e+21
2.018483634e+21
1.715539685e+21
1.988737255e+21
1.971005461e+21
1.957518225e+21
1.80068459e+21
1.925031602e+21
2.178561692e+21
1.756372679e+21
1.872327092e+21
1.591759443e+21
2.100162512e+21
2.082218279e+21
1.802364736e+21
2.041508041e+21
2.271423457e+21
1.75035367e+21
2.225176855e+21
1.959082263e+21
2.057730335e+21
2.157416693e+21
1.895452781e+21
2.228243722e+21
2.086166119e+21
1.950060722e+21
1.813563592e+21
1.794629073e+21
2.327253263e+21
1.973648698e+21
1.733195911e+21
2.464794212e+21
2.01138971e+21
2.094453881e+21
1.861937388e+21
1.944143058e+21
2.12233892e+21
1.999408459e+21
1.974686353e+21
1.562671536e+21
1.929107621e+21
2.099137967e+21
1.978812092e+21
2.050784607e+21
2.025261212e+21
1.912569838e+21
1.88876511e+21
1.868751938e+21
2.109159162e+21
2.087002159e+21
1.975220878e+21
1.954672891e+21
1.846548708e+21
1.993686797e+21
1.969108316e+21
2.030293095e+21
1.925168059e+21
2.064651441e+21
1.961025589e+21
2.019251337e+21
1.84134229e+21
1.823339635e+21
1.876481476e+21
1.932727981e+21
1.90970264e+21
1.964307573e+21
2.084929219e+21
2.136621589e+21
1.900535279e+21
2.231689524e+21
1.930241609e+21
2.117599389e+21
1.890949833e+21
1.807043915e+21
2.117731991e+21
1.902188513e+21
2.011017915e+21
2.057722618e+21
1.844687418e+21
1.954848461e+21
2.02546117e+21
2.024398443e+21
1.866355742e+21
1.864451061e+21
1.86046525e+21
2.01240907e+21
2.006374387e+21
1.848212178e+21
1.99457792e+21
1.9893788e+21
1.980218377e+21
1.973972507e+21
1.963419615e+21
1.95614721e+21
2.093886314e+21
2.084983265e+21
2.218943776e+21
1.766644786e+21
1.899872166e+21
2.616579999e+21
1.874862089e+21
2.150655475e+21
2.274752527e+21
1.977770706e+21
2.380235393e+21
2.085856144e+21
2.341917027e+21
2.051321283e+21
2.03136015e+21
1.881272018e+21
1.862281331e+21
1.583235559e+21
1.827857985e+21
1.812259389e+21
2.177022984e+21
2.030743447e+21
2.008458629e+21
1.865566619e+21
2.090623917e+21
2.192524365e+21
2.047108108e+21
2.146299933e+21
2.239318477e+21
2.216847212e+21
1.729630722e+21
2.396667236e+21
1.578855931e+21
2.120377078e+21
1.764254679e+21
2.072863059e+21
1.832348413e+21
1.919372275e+21
2.106773182e+21
1.979893362e+21
2.264505142e+21
1.934587153e+21
1.910817302e+21
2.188598613e+21
1.965076332e+21
1.846648202e+21
2.111741297e+21
1.994024394e+21
1.969270902e+21
2.040901301e+21
2.107150184e+21
1.903388259e+21
1.79021566e+21
2.036936282e+21
2.011634478e+21
2.077047039e+21
1.880351586e+21
2.029953711e+21
2.00485191e+21
1.984219861e+21
1.959773978e+21
1.939840689e+21
2.155559161e+21
1.896806289e+21
1.873676677e+21
2.00969425e+21
2.138069594e+21
2.117162836e+21
1.867601215e+21
2.145530044e+21
2.193066761e+21
2.172223698e+21
1.860382224e+21
2.055603324e+21
2.03161772e+21
2.012858231e+21
1.783832664e+21
1.97154636e+21
2.083555564e+21
1.798415971e+21
1.712415212e+21
2.023635657e+21
1.807670548e+21
1.855848979e+21
2.025690402e+21
1.945416858e+21
2.32365567e+21
2.322439252e+21
1.855653252e+21
2.008242561e+21
1.849814203e+21
2.000892262e+21
1.994914645e+21
1.990799123e+21
2.288329941e+21
2.130214687e+21
2.120441999e+21
2.113762697e+21
1.952324809e+21
2.244349908e+21
2.082110065e+21
2.073269225e+21
1.765223543e+21
1.903170375e+21
1.889303486e+21
2.312927834e+21
2.151341966e+21
1.996196972e+21
1.696693199e+21
1.826429837e+21
2.506500269e+21
1.936196666e+21
2.055204352e+21
1.768199296e+21
2.289829114e+21
1.737519939e+21
1.720032595e+21
1.83726956e+21
1.688307594e+21
1.802680134e+21
2.165581752e+21
2.020091779e+21
1.873110543e+21
1.855856451e+21
2.202146535e+21
2.060021653e+21
1.91679528e+21
2.25392477e+21
2.110646212e+21
2.205566686e+21
1.9503297e+21
1.930357703e+21
1.795341967e+21
1.998700995e+21
2.084600113e+21
2.062534241e+21
2.145020103e+21
2.228181888e+21
1.991577395e+21
2.073844568e+21
2.35584678e+21
2.026447081e+21
2.001594388e+21
2.177952512e+21
1.760003454e+21
1.644268007e+21
1.91051207e+21
1.984419613e+21
1.773171633e+21
2.123436108e+21
2.188256376e+21
2.074703405e+21
2.048942814e+21
1.850955978e+21
1.915035912e+21
1.894920904e+21
2.041578124e+21
2.020340671e+21
1.99537745e+21
1.974842407e+21
1.95052772e+21
1.930687215e+21
1.986482324e+21
1.966526631e+21
1.942554885e+21
1.846363572e+21
2.128002224e+21
1.95667729e+21
1.784452424e+21
1.914515554e+21
1.964455981e+21
1.801650785e+21
1.994032109e+21
2.045898292e+21
1.952286947e+21
1.796096794e+21
1.980230434e+21
1.691553509e+21
1.939870366e+21
1.657287061e+21
1.900896199e+21
1.949022792e+21
1.991773676e+21
1.974349984e+21
1.826962008e+21
2.060983947e+21
2.002341367e+21
2.001295512e+21
2.152584942e+21
1.843195522e+21
1.992558116e+21
1.836467559e+21
1.831001602e+21
2.131767251e+21
1.971989281e+21
2.118159443e+21
2.259083235e+21
1.951713004e+21
2.389359614e+21
2.231749962e+21
1.922575142e+21
1.914422784e+21
2.194253217e+21
1.74701024e+21
1.878851739e+21
2.012630857e+21
1.711610439e+21
1.985237183e+21
2.249899187e+21
1.816468168e+21
2.07741708e+21
1.78815847e+21
2.316682856e+21
2.570393373e+21
2.009631592e+21
1.994128306e+21
1.842509773e+21
2.088611683e+21
1.937784462e+21
2.049373273e+21
1.774096593e+21
2.009551268e+21
2.484524008e+21
1.846246842e+21
2.312520848e+21
2.290545868e+21
2.026189292e+21
1.534293657e+21
1.749952075e+21
2.078905625e+21
2.168806538e+21
1.92065475e+21
2.121311737e+21
1.657270258e+21
1.746738166e+21
2.160324049e+21
1.920997413e+21
1.68929931e+21
2.086123037e+21
2.166875825e+21
2.038582001e+21
1.714096055e+21
1.991897026e+21
1.970372256e+21
1.751520774e+21
1.9251163e+21
2.091482896e+21
2.068950102e+21
2.136220189e+21
2.021417743e+21
2.087103683e+21
1.795511476e+21
2.039230574e+21
2.01763064e+21
1.819350333e+21
1.971693233e+21
1.947290388e+21
2.010818248e+21
1.903242446e+21
1.965553173e+21
1.9413683e+21
1.921619719e+21
1.898078181e+21
1.879008732e+21
2.010787378e+21
1.914277818e+21
2.118029216e+21
1.947504478e+21
1.924094098e+21
1.978827352e+21
1.955239182e+21
2.008378706e+21
1.984664518e+21
1.825634351e+21
2.012495657e+21
1.993908851e+21
2.038852042e+21
1.818260012e+21
2.063847149e+21
1.979338795e+21
1.696165782e+21
2.004436292e+21
1.982289016e+21
2.028337279e+21
1.94362136e+21
1.864668459e+21
1.990978269e+21
2.296085385e+21
1.834612332e+21
2.138206542e+21
1.981279979e+21
1.978249627e+21
1.820661648e+21
2.271143975e+21
1.81004838e+21
2.106239876e+21
1.797126539e+21
2.090060489e+21
2.376008809e+21
1.923385273e+21
1.911882638e+21
2.050231635e+21
1.74569028e+21
2.026915014e+21
1.868514995e+21
1.858603243e+21
1.844105033e+21
1.83336872e+21
1.957965683e+21
1.945584927e+21
2.066206255e+21
2.05214419e+21
1.762087754e+21
1.883843057e+21
1.599152561e+21
1.719067629e+21
1.701867697e+21
2.077603991e+21
2.056137885e+21
2.293485749e+21
1.890932037e+21
1.874175172e+21
1.730190725e+21
1.959185319e+21
1.816323377e+21
1.919019426e+21
2.015889391e+21
1.761355482e+21
1.973271963e+21
1.723694663e+21
2.15794276e+21
2.02346349e+21
1.999668218e+21
2.088782657e+21
1.846741556e+21
2.149665643e+21
2.230165208e+21
1.891145499e+21
1.868354127e+21
1.642909513e+21
2.130133279e+21
1.806134096e+21
2.180522492e+21
2.058924031e+21
1.83995944e+21
1.724300067e+21
1.608430858e+21
1.871890462e+21
1.941191514e+21
2.011814802e+21
1.986908756e+21
2.055066365e+21
1.941366062e+21
1.833495759e+21
1.983249589e+21
2.047743478e+21
2.02242254e+21
2.001385168e+21
1.97669466e+21
1.956350918e+21
1.932294501e+21
1.912636997e+21
2.046651587e+21
2.026087498e+21
2.001406038e+21
1.905344414e+21
1.882276117e+21
2.012971779e+21
1.988774286e+21
1.89664316e+21
2.234420831e+21
1.927604258e+21
2.045933978e+21
1.817095688e+21
1.864926291e+21
2.121434042e+21
1.961637876e+21
1.87674994e+21
1.789082797e+21
1.838686888e+21
1.9478725e+21
1.994972582e+21
1.909252508e+21
2.081813031e+21
1.99677131e+21
1.91766032e+21
2.132031368e+21
2.130922709e+21
1.976292282e+21
1.822419165e+21
2.273225532e+21
1.967119401e+21
2.112177457e+21
1.957276824e+21
2.24989217e+21
2.244057546e+21
1.787099642e+21
1.781492236e+21
1.919780178e+21
1.912707142e+21
1.901308411e+21
1.747631802e+21
2.170106084e+21
1.871791279e+21
1.858291367e+21
1.848447195e+21
2.116241209e+21
1.823412241e+21
1.808286236e+21
1.93508787e+21
2.055115779e+21
1.768994702e+21
1.752695699e+21
2.007664132e+21
1.723247895e+21
2.236137721e+21
2.083604146e+21
1.808372754e+21
2.04541862e+21
2.028046277e+21
2.006558496e+21
2.485996037e+21
2.336059258e+21
2.070966195e+21
2.048010063e+21
1.789929786e+21
2.123675659e+21
1.869293695e+21
2.078857467e+21
2.172403568e+21
2.373206988e+21
1.901538561e+21
1.768685887e+21
1.859674182e+21
1.837663939e+21
2.032156297e+21
2.007914743e+21
2.091022408e+21
1.859286401e+21
1.737128013e+21
2.018910095e+21
2.096998996e+21
2.170059636e+21
1.658756999e+21
1.638420687e+21
2.192762108e+21
1.789117285e+21
2.23560289e+21
2.024009241e+21
2.184330185e+21
1.887658057e+21
1.956456734e+21
2.107909277e+21
2.085586969e+21
1.973965135e+21
1.868311965e+21
1.845230674e+21
1.992040179e+21
1.96748385e+21
1.947234427e+21
2.243855982e+21
1.903737864e+21
2.115492608e+21
1.861542057e+21
1.915492142e+21
2.124073281e+21
1.873536635e+21
1.929414468e+21
2.052853663e+21
1.887831513e+21
2.224034873e+21
1.989702553e+21
2.036412027e+21
1.878199469e+21
1.924980884e+21
1.770970213e+21
1.817818675e+21
2.001406764e+21
1.780700591e+21
1.830072385e+21
2.003341426e+21
2.049649357e+21
1.96358813e+21
2.071996698e+21
1.925210665e+21
2.031717724e+21
1.96863464e+21
1.967613187e+21
1.814043222e+21
1.812205644e+21
1.808402245e+21
1.956113718e+21
1.950355523e+21
1.7966328e+21
2.237364938e+21
1.934027379e+21
1.777184011e+21
1.771614811e+21
1.909171751e+21
1.90214692e+21
2.181750585e+21
1.88286465e+21
2.014348677e+21
1.718363323e+21
1.990346623e+21
1.696986034e+21
1.824154896e+21
1.95306819e+21
1.936918407e+21
1.787224657e+21
2.452972471e+21
2.165619731e+21
2.145727058e+21
2.263310482e+21
1.846036799e+21
1.701003124e+21
1.813627265e+21
1.927437245e+21
1.653283565e+21
2.017548373e+21
1.99623025e+21
1.607595882e+21
1.712513684e+21
2.060406779e+21
2.037626664e+21
1.78087148e+21
1.64343577e+21
1.976147477e+21
1.838642617e+21
1.592735575e+21
1.574291506e+21
2.003423779e+21
1.979972504e+21
1.63281919e+21
1.721106001e+21
2.022228197e+21
1.577492162e+21
1.976827982e+21
1.953101059e+21
2.237201147e+21
2.009215831e+21
2.186317053e+21
1.865192613e+21
1.747950597e+21
1.822476145e+21
2.08746685e+21
1.312063291e+21
1.854198359e+21
1.739778063e+21
1.811709148e+21
2.14720596e+21
1.94728463e+21
2.010638555e+21
1.989348714e+21
1.964767206e+21
1.94413523e+21
1.920138783e+21
1.982782053e+21
1.95835848e+21
2.099719383e+21
1.994165633e+21
1.973876208e+21
1.871740111e+21
1.85292993e+21
1.90663802e+21
2.038743464e+21
1.864877934e+21
1.920494907e+21
1.897408778e+21
2.023647623e+21
1.999511631e+21
1.980494127e+21
2.236665707e+21
2.007977576e+21
2.189768935e+21
1.966144439e+21
1.876377714e+21
1.859290942e+21
1.969329514e+21
1.886593162e+21
1.865326566e+21
2.103814662e+21
2.080457731e+21
1.937286292e+21
1.977946317e+21
1.960868994e+21
1.807061389e+21
1.956636287e+21
1.954258218e+21
1.952281463e+21
1.798337359e+21
1.795597384e+21
1.790330809e+21
1.786660478e+21
2.224976435e+21
2.219220768e+21
2.061940774e+21
1.908666838e+21
1.752627619e+21
1.891702666e+21
1.880507019e+21
1.872575216e+21
1.860286679e+21
1.851440489e+21
2.120972435e+21
1.687813364e+21
1.953905506e+21
1.803820221e+21
2.064175231e+21
1.777684945e+21
1.762183113e+21
1.884870978e+21
1.86760946e+21
1.986525067e+21
1.836370473e+21
2.082599998e+21
2.061942788e+21
2.428753671e+21
2.024311927e+21
2.007158591e+21
2.234258756e+21
2.214525048e+21
2.312313473e+21
2.049954497e+21
1.669580724e+21
2.008158315e+21
1.752007546e+21
2.313258987e+21
2.286879615e+21
2.150843372e+21
2.125994772e+21
2.215057822e+21
1.860810016e+21
1.949794058e+21
2.355001418e+21
2.330143471e+21
1.883835586e+21
2.070818791e+21
1.739111769e+21
1.922850476e+21
1.699672088e+21
1.681360775e+21
1.758626417e+21
2.126238704e+21
1.90932474e+21
1.888730162e+21
1.958832466e+21
1.937750987e+21
2.005039796e+21
1.983545724e+21
1.95908431e+21
1.761998294e+21
2.001285226e+21
2.066187945e+21
1.955654597e+21
2.019255259e+21
1.994353804e+21
1.973609584e+21
1.949317369e+21
1.929253986e+21
1.905574989e+21
2.043367889e+21
2.018382641e+21
1.921247e+21
2.049694605e+21
1.954199072e+21
1.856298899e+21
2.058708007e+21
1.888677403e+21
2.014332479e+21
1.919220919e+21
2.041776634e+21
1.878484564e+21
2.067637271e+21
1.975311467e+21
2.024545518e+21
2.001097834e+21
1.850682692e+21
1.894848856e+21
2.201601139e+21
2.176751732e+21
1.903654976e+21
2.070735942e+21
2.052639159e+21
2.15322877e+21
2.073654166e+21
1.946786944e+21
1.796105708e+21
1.943424411e+21
1.941461425e+21
2.08644787e+21
2.083272922e+21
1.928814183e+21
1.924864769e+21
1.917694453e+21
1.912739756e+21
2.050625764e+21
2.190231184e+21
1.888302775e+21
1.881372479e+21
2.014143469e+21
1.719136274e+21
1.707892558e+21
1.983078616e+21
1.687643914e+21
1.958529209e+21
1.804631793e+21
2.070209136e+21
1.916318817e+21
1.768246532e+21
1.752874393e+21
1.741007037e+21
1.990512468e+21
1.580897275e+21
2.087776973e+21
2.460228631e+21
1.666665107e+21
1.65320151e+21
1.888051024e+21
1.99687527e+21
2.469861849e+21
1.958456722e+21
2.179535395e+21
1.799653877e+21
1.898515349e+21
1.99809745e+21
1.975716088e+21
1.956491049e+21
2.048012063e+21
2.252866278e+21
2.226899606e+21
1.983777108e+21
2.069586603e+21
2.155887205e+21
2.024012727e+21
2.002660205e+21
1.874768703e+21
1.751733282e+21
1.934415066e+21
1.812942346e+21
2.089609139e+21
1.673371391e+21
1.847547021e+21
1.827617986e+21
1.995355867e+21
2.067832284e+21
2.042497569e+21
2.20420507e+21
1.99568779e+21
2.153780093e+21
2.038617407e+21
2.016886751e+21
1.905409015e+21
2.056623137e+21
1.946626126e+21
1.926187247e+21
1.985169899e+21
1.964521589e+21
2.021207659e+21
1.920387715e+21
2.05490127e+21
1.955760935e+21
1.854583755e+21
1.912440145e+21
1.889173089e+21
2.020063656e+21
1.921710372e+21
2.122466416e+21
2.096952097e+21
1.933491889e+21
1.910422748e+21
1.892247396e+21
1.939116482e+21
1.920934712e+21
1.966229133e+21
2.082409442e+21
1.991876747e+21
1.973736198e+21
2.016169626e+21
2.062521695e+21
1.975487088e+21
1.894833687e+21
1.998646874e+21
1.981183412e+21
1.959472962e+21
2.063976213e+21
2.382823311e+21
2.083895542e+21
1.784040056e+21
2.07928071e+21
2.223174991e+21
2.071809783e+21
2.360887352e+21
1.767044299e+21
2.200606498e+21
1.902270716e+21
2.039434259e+21
1.887848044e+21
2.166967436e+21
1.72721954e+21
2.146333684e+21
1.994817007e+21
1.698697499e+21
1.972414191e+21
2.378027567e+21
2.087202907e+21
1.93310505e+21
2.333766208e+21
1.906182464e+21
2.029509018e+21
2.011919427e+21
2.397978806e+21
2.112132662e+21
2.09688162e+21
1.947148251e+21
1.80342311e+21
1.913181734e+21
2.27729393e+21
1.753181837e+21
2.11086533e+21
1.965873754e+21
1.948548024e+21
2.04809341e+21
1.909990474e+21
1.770969466e+21
1.754238434e+21
1.850279252e+21
1.717772426e+21
2.151151153e+21
1.569257733e+21
2.216017385e+21
1.974097567e+21
1.734351836e+21
2.038166893e+21
1.90824213e+21
2.097913196e+21
1.969443607e+21
1.743351577e+21
2.22918533e+21
1.904559663e+21
2.079717882e+21
2.057329946e+21
2.12919339e+21
2.010496414e+21
1.986009149e+21
2.058152864e+21
1.940566638e+21
1.919692426e+21
2.076714557e+21
1.965136935e+21
2.117414857e+21
2.094847809e+21
1.982837227e+21
2.047146475e+21
2.021927618e+21
1.917336955e+21
1.976070189e+21
2.036996778e+21
1.931483293e+21
1.911602564e+21
2.281537248e+21
2.102573612e+21
1.84612298e+21
1.827565114e+21
2.031004866e+21
1.936375548e+21
2.060100523e+21
1.967079048e+21
2.087390477e+21
1.78210457e+21
2.183438931e+21
1.81384659e+21
2.068132079e+21
2.253611985e+21
1.822248561e+21
2.006009613e+21
2.114922935e+21
1.899192526e+21
2.071635866e+21
2.053036257e+21
1.902942233e+21
2.074703152e+21
1.927225298e+21
2.156890872e+21
1.889416176e+21
1.933541814e+21
2.073527995e+21
2.072461295e+21
1.922113202e+21
2.067883146e+21
1.916204195e+21
1.913295527e+21
2.054492985e+21
2.19674607e+21
1.896804547e+21
2.182979599e+21
1.883481088e+21
2.166470809e+21
1.72420163e+21
2.147361826e+21
1.850144574e+21
1.984091614e+21
1.830400997e+21
2.242130117e+21
1.947945679e+21
1.799287563e+21
1.922870018e+21
2.048318175e+21
1.760713295e+21
2.018846795e+21
2.134829427e+21
2.252938674e+21
2.232490023e+21
1.955638158e+21
2.066250844e+21
2.050448782e+21
1.903389619e+21
2.265659716e+21
1.993456189e+21
1.97662153e+21
2.322701378e+21
1.938739087e+21
2.27758635e+21
2.256780207e+21
1.762169132e+21
2.094644274e+21
1.956223952e+21
1.709313361e+21
2.027952006e+21
1.896210169e+21
2.094978953e+21
1.964512027e+21
2.265342973e+21
1.921582125e+21
2.004592057e+21
2.087860295e+21
1.856894275e+21
1.837111446e+21
2.319469179e+21
2.095075091e+21
2.069919826e+21
2.145153043e+21
2.022888188e+21
1.905793318e+21
1.69435679e+21
2.141680169e+21
2.023539965e+21
1.91078878e+21
2.156992452e+21
2.044971906e+21
2.019847875e+21
1.998324032e+21
2.059554974e+21
2.037756747e+21
2.012678589e+21
1.991548821e+21
1.967053521e+21
1.946594396e+21
1.92268807e+21
1.982184818e+21
1.879584346e+21
1.860456138e+21
2.067456434e+21
1.895066452e+21
2.096668239e+21
1.853447263e+21
2.050752415e+21
1.813102288e+21
1.93461113e+21
1.915934065e+21
1.96317977e+21
1.875050941e+21
2.127349897e+21
1.835475828e+21
1.948312739e+21
1.863743803e+21
1.842108044e+21
1.95571034e+21
1.80438301e+21
2.107501342e+21
2.083624145e+21
1.940015254e+21
2.103990253e+21
1.962930088e+21
1.941341484e+21
1.924601233e+21
2.062210501e+21
1.913926711e+21
1.911631913e+21
1.909709148e+21
1.90577158e+21
1.90288228e+21
1.897379835e+21
1.893508699e+21
2.03164698e+21
2.02641677e+21
2.305615732e+21
1.867478512e+21
2.000751792e+21
1.85104794e+21
1.981797431e+21
1.832518014e+21
2.10075156e+21
1.95142578e+21
2.076028096e+21
1.789767754e+21
2.185991766e+21
2.445054471e+21
2.020958665e+21
2.008296016e+21
1.725529109e+21
2.109404525e+21
1.567736078e+21
1.815851202e+21
1.670218376e+21
1.529963386e+21
2.398683159e+21
1.627992724e+21
1.611495371e+21
1.966647954e+21
1.824509871e+21
1.808464135e+21
1.908413714e+21
1.890997411e+21
2.221044048e+21
2.084305506e+21
1.946621406e+21
2.04112464e+21
1.681723853e+21
1.997982805e+21
1.865383586e+21
2.063631299e+21
1.825034872e+21
2.018600851e+21
1.995020812e+21
1.662322623e+21
1.848084268e+21
2.133138635e+21
2.107788787e+21
1.985908998e+21
2.256424484e+21
1.552802258e+21
2.013453342e+21
2.181448465e+21
1.96757597e+21
2.039063356e+21
1.922638314e+21
1.811397471e+21
1.968147992e+21
2.03556973e+21
2.098009171e+21
1.902684558e+21
2.05014911e+21
2.028452763e+21
2.003513792e+21
1.982481534e+21
1.958118765e+21
1.937752938e+21
1.993721441e+21
2.052127146e+21
1.949039206e+21
2.006371128e+21
1.981883507e+21
2.037417241e+21
2.161738283e+21
1.992677062e+21
1.968578447e+21
1.732713405e+21
1.997197965e+21
2.189833332e+21
2.024098679e+21
1.935701593e+21
1.84446406e+21
1.962508714e+21
1.939476429e+21
1.921549708e+21
2.226678614e+21
2.076608341e+21
2.052754594e+21
1.907179437e+21
2.074099711e+21
1.931148736e+21
1.786347884e+21
1.953928978e+21
1.872013466e+21
2.095343854e+21
2.051015879e+21
2.342817316e+21
2.047515413e+21
2.045458806e+21
2.187059942e+21
2.183748196e+21
1.887128174e+21
2.02815035e+21
2.020700612e+21
1.727575469e+21
1.863253677e+21
1.8574577e+21
1.990050722e+21
2.266037951e+21
2.393654715e+21
1.822770065e+21
1.811005019e+21
2.079748062e+21
2.202760603e+21
1.917298008e+21
2.038630381e+21
2.026885333e+21
2.144464856e+21
1.997854944e+21
1.848648986e+21
2.098509892e+21
1.819627238e+21
1.935575006e+21
2.045164077e+21
1.649017923e+21
2.009709923e+21
2.118147395e+21
1.85006533e+21
2.079072929e+21
1.936426685e+21
1.799451119e+21
1.780270014e+21
1.88164183e+21
1.977472036e+21
1.95884228e+21
2.165008281e+21
2.031171277e+21
2.231423455e+21
2.098769843e+21
1.747199713e+21
1.513258076e+21
1.816304995e+21
1.797488763e+21
2.403549065e+21
2.27484486e+21
1.94154399e+21
2.021977539e+21
2.197794895e+21
1.680107067e+21
1.757655509e+21
1.835354137e+21
2.004106097e+21
1.793706872e+21
1.865225813e+21
2.121907635e+21
2.096064265e+21
1.80307332e+21
2.048187837e+21
2.026253616e+21
1.914402515e+21
1.980099887e+21
1.955794237e+21
2.019233352e+21
1.994432081e+21
1.973496437e+21
1.949264809e+21
2.089740719e+21
1.905335754e+21
1.885722853e+21
1.862647583e+21
1.997330325e+21
1.897080821e+21
2.02824603e+21
1.855185837e+21
2.057183305e+21
1.81456109e+21
1.868662649e+21
1.775191155e+21
1.758048382e+21
2.084469111e+21
2.064626921e+21
1.972161764e+21
2.088396169e+21
1.930719908e+21
1.912872418e+21
2.021021064e+21
2.131811832e+21
1.979584862e+21
2.025096295e+21
1.876965413e+21
2.046386306e+21
1.96214182e+21
1.884228478e+21
1.92354248e+21
2.026151207e+21
2.03994214e+21
1.893263574e+21
2.036470758e+21
2.034428032e+21
2.030262207e+21
2.171990971e+21
2.021370291e+21
1.7290764e+21
2.440558333e+21
2.004709549e+21
1.995863718e+21
1.847543855e+21
1.696683011e+21
2.113117958e+21
2.240919393e+21
1.952596449e+21
2.078608114e+21
1.655039435e+21
2.328164428e+21
1.90726004e+21
2.028005398e+21
1.881913819e+21
2.000021954e+21
2.252524793e+21
1.707768033e+21
1.696278364e+21
1.93963408e+21
1.925697015e+21
1.653259784e+21
2.019275175e+21
1.8746056e+21
1.859549623e+21
2.086247406e+21
1.946999731e+21
1.685955304e+21
2.029264495e+21
2.361986192e+21
2.106425662e+21
1.967789884e+21
1.949268316e+21
1.927696382e+21
2.133609767e+21
1.887555404e+21
1.868797703e+21
2.173531675e+21
2.151451019e+21
1.913991074e+21
1.999406897e+21
2.288173599e+21
2.058271465e+21
2.135831473e+21
1.911860234e+21
2.088093912e+21
1.869002478e+21
2.138265768e+21
2.115283108e+21
2.279823129e+21
2.161303724e+21
2.135146755e+21
2.020324706e+21
2.177186546e+21
1.88456659e+21
2.038852295e+21
1.841629135e+21
1.905709624e+21
2.056812415e+21
2.031592787e+21
2.010097368e+21
1.985432331e+21
2.046450435e+21
1.940490561e+21
2.080334534e+21
1.975808878e+21
1.955470105e+21
2.008817578e+21
1.988370632e+21
2.039667775e+21
2.019157015e+21
1.994629586e+21
1.97482818e+21
2.023210278e+21
2.003394324e+21
1.837931349e+21
2.100207995e+21
2.075127524e+21
1.849834423e+21
2.031013067e+21
2.011957832e+21
2.120874043e+21
1.969937735e+21
2.011917908e+21
2.186517971e+21
1.907075989e+21
2.141948156e+21
1.868463362e+21
1.851925774e+21
1.892184755e+21
2.057182918e+21
1.974601211e+21
1.957589691e+21
1.88405967e+21
1.88309842e+21
1.736181101e+21
2.023515593e+21
2.019386253e+21
1.728287735e+21
1.723341824e+21
1.863157836e+21
1.999157973e+21
1.851598736e+21
1.843456109e+21
1.837735276e+21
1.828346332e+21
1.681555805e+21
1.811154327e+21
1.942319091e+21
1.929863161e+21
1.92076752e+21
1.634840239e+21
2.168373292e+21
1.748491847e+21
2.005896376e+21
1.591772348e+21
1.845475469e+21
2.221800491e+21
2.206870708e+21
1.929768929e+21
2.043647291e+21
2.024503357e+21
1.883525205e+21
1.865203417e+21
2.220287788e+21
1.95374928e+21
1.81623948e+21
2.156940632e+21
2.375589255e+21
1.880315157e+21
1.863205664e+21
1.958202082e+21
2.510313213e+21
2.031216558e+21
1.564541189e+21
1.988988158e+21
1.969237586e+21
1.94684722e+21
2.034143181e+21
1.799093417e+21
1.675744129e+21
1.759811125e+21
1.946164312e+21
1.923379285e+21
2.003080098e+21
1.880442533e+21
1.762408105e+21
1.741400353e+21
1.722690378e+21
1.985669572e+21
1.964294561e+21
2.125374111e+21
1.919671038e+21
1.986661253e+21
1.965317689e+21
2.11784501e+21
1.920575978e+21
1.897095322e+21
2.047518402e+21
1.938171692e+21
2.001043683e+21
1.976513438e+21
2.118749083e+21
2.092777864e+21
1.991358314e+21
1.966972758e+21
2.102462466e+21
1.999847768e+21
1.979490964e+21
2.105776454e+21
2.010149097e+21
1.912192578e+21
1.893207441e+21
2.158064177e+21
2.065693892e+21
2.181610229e+21
1.951452736e+21
1.859282363e+21
2.046198851e+21
1.954542558e+21
1.86943696e+21
2.045403467e+21
1.895750841e+21
2.002896389e+21
1.92062867e+21
1.898502479e+21
1.88145782e+21
2.046041785e+21
1.782123788e+21
2.187432943e+21
2.047877617e+21
1.965631477e+21
2.007753877e+21
2.018149562e+21
1.728961698e+21
1.726915795e+21
2.156485281e+21
1.865152901e+21
2.005595459e+21
1.714179023e+21
2.138372251e+21
2.130597846e+21
1.983462461e+21
1.9747692e+21
1.968648009e+21
2.098525164e+21
1.951496485e+21
1.940251597e+21
2.070160022e+21
1.645541293e+21
1.774278125e+21
2.032949013e+21
1.887496156e+21
1.873278642e+21
1.995564068e+21
2.111482234e+21
2.098317992e+21
2.080453988e+21
1.808179547e+21
2.176004102e+21
2.41457123e+21
1.888433203e+21
1.874075709e+21
1.855895077e+21
2.331962186e+21
1.701059926e+21
2.048223988e+21
2.027089328e+21
2.482120422e+21
1.871131944e+21
1.622357098e+21
1.948707257e+21
1.81684558e+21
2.582948425e+21
2.001885229e+21
1.649566687e+21
2.068718706e+21
1.72231514e+21
1.70484227e+21
2.001269302e+21
1.980574519e+21
1.957632694e+21
2.140957494e+21
2.015182945e+21
1.794386901e+21
1.970251126e+21
2.144093551e+21
2.022282505e+21
2.0958277e+21
1.882455173e+21
2.234637532e+21
1.93171743e+21
2.00192733e+21
2.067543868e+21
2.045336709e+21
1.844744278e+21
2.085714765e+21
1.802714977e+21
1.868449004e+21
2.013369365e+21
1.992071189e+21
1.967674317e+21
2.109275202e+21
2.003309298e+21
1.982474932e+21
2.036543932e+21
1.938056784e+21
1.990957707e+21
2.046486032e+21
1.871808634e+21
1.927101891e+21
2.05014571e+21
2.029788665e+21
1.933639911e+21
1.843781726e+21
2.101865315e+21
2.220330241e+21
1.782467531e+21
1.969204042e+21
2.080047071e+21
1.92758987e+21
2.036292108e+21
1.822225013e+21
1.993955415e+21
1.975789164e+21
2.01600609e+21
2.060341179e+21
1.913411196e+21
2.018832025e+21
1.99611465e+21
2.038656119e+21
2.016038105e+21
1.998679931e+21
1.864039313e+21
2.006406878e+21
1.860894592e+21
2.002038186e+21
1.855267337e+21
1.709973462e+21
2.131391427e+21
1.985263277e+21
1.97806982e+21
1.973006918e+21
1.824074827e+21
1.818427276e+21
1.809198082e+21
1.941285842e+21
1.792269043e+21
1.922085558e+21
1.909837629e+21
1.900858314e+21
2.022457151e+21
1.877767024e+21
1.863665746e+21
2.117693501e+21
1.838123295e+21
1.826677248e+21
2.19927896e+21
2.056033949e+21
1.910336645e+21
2.023102779e+21
1.878989907e+21
1.864720554e+21
1.846679184e+21
1.831897108e+21
2.055388354e+21
2.277925024e+21
1.89850934e+21
2.117135851e+21
1.978415369e+21
1.845127264e+21
1.939304065e+21
2.260117444e+21
1.899988887e+21
1.881626097e+21
1.860614453e+21
1.950529253e+21
2.142721323e+21
1.802848393e+21
2.201547323e+21
1.867538599e+21
2.153609249e+21
2.232460529e+21
2.206427844e+21
1.885305987e+21
1.86311481e+21
1.940204044e+21
1.821301054e+21
1.89657599e+21
2.061262935e+21
2.039088831e+21
1.831386754e+21
2.17402224e+21
1.968721427e+21
1.859054364e+21
1.836449445e+21
1.989826562e+21
1.965557269e+21
2.029180098e+21
2.004379705e+21
1.9831788e+21
1.958913902e+21
1.938356001e+21
1.914635451e+21
1.973670454e+21
2.027516936e+21
2.083823179e+21
2.058382732e+21
1.811046877e+21
1.86353354e+21
1.992372246e+21
2.113983851e+21
1.948646446e+21
2.067698067e+21
1.765033339e+21
2.022825145e+21
1.865123139e+21
1.842838624e+21
1.960493607e+21
2.070837822e+21
1.985227716e+21
1.83107496e+21
2.138096224e+21
2.177199775e+21
2.093911174e+21
2.069743123e+21
1.989004891e+21
2.027754467e+21
2.009811423e+21
2.047380517e+21
2.029517297e+21
2.065990905e+21
2.048207859e+21
1.854187847e+21
2.138362513e+21
1.851068615e+21
2.133717374e+21
2.129406934e+21
2.12620139e+21
1.978833093e+21
1.833764605e+21
1.827142298e+21
1.822470954e+21
1.814536212e+21
1.948072672e+21
1.9382177e+21
2.482947632e+21
2.194428708e+21
2.048706488e+21
2.171405608e+21
2.026133234e+21
2.012073028e+21
2.001576081e+21
1.721711648e+21
1.975215524e+21
2.220679983e+21
1.947236809e+21
2.059471577e+21
2.173537427e+21
1.64733099e+21
1.761361566e+21
1.74499788e+21
1.979155557e+21
2.450072487e+21
1.944385558e+21
1.804679892e+21
2.028161636e+21
2.361576116e+21
1.989794292e+21
2.084661014e+21
1.950982675e+21
2.15704897e+21
1.911890378e+21
2.113391471e+21
2.203139892e+21
1.960733888e+21
1.833457327e+21
2.132644401e+21
2.005485927e+21
1.98257076e+21
1.962093594e+21
2.143612874e+21
1.91909507e+21
1.996590213e+21
1.975387089e+21
1.952179107e+21
1.738182913e+21
1.908415163e+21
2.171123593e+21
2.051910819e+21
2.02984451e+21
2.096585666e+21
2.074037535e+21
2.138042692e+21
2.115089254e+21
2.089404425e+21
1.980923529e+21
2.041869197e+21
2.02013358e+21
1.995469965e+21
1.974365447e+21
1.950231148e+21
1.929765562e+21
1.985593242e+21
1.964943835e+21
1.940932319e+21
2.074626923e+21
1.821611641e+21
1.953321526e+21
1.929544542e+21
2.130534632e+21
1.81438365e+21
2.011927342e+21
1.845645266e+21
1.897850043e+21
1.805588958e+21
2.200788758e+21
2.03858372e+21
2.153776431e+21
2.128216526e+21
1.976474816e+21
2.08341756e+21
1.87063555e+21
1.976310825e+21
2.147816727e+21
1.998120866e+21
1.732659386e+21
2.079906572e+21
1.940238618e+21
1.918343909e+21
2.020460043e+21
1.939204649e+21
1.806001547e+21
1.98631996e+21
1.985314598e+21
2.407913816e+21
2.26401361e+21
2.118239169e+21
1.692043263e+21
2.109082565e+21
1.964492789e+21
2.237053624e+21
1.673505491e+21
2.082804044e+21
2.214794798e+21
1.652720081e+21
1.783954513e+21
1.773773536e+21
2.174021981e+21
1.755207466e+21
2.150122972e+21
2.535606991e+21
1.858606584e+21
1.712966286e+21
1.965196081e+21
1.689592786e+21
1.808258128e+21
2.049138288e+21
2.035434334e+21
1.891291816e+21
2.253338122e+21
2.108435021e+21
2.092459363e+21
1.950420564e+21
2.055769779e+21
2.394491617e+21
1.899554941e+21
2.11511488e+21
1.980165491e+21
1.959369774e+21
1.827396317e+21
1.920767319e+21
1.902768805e+21
1.660548991e+21
2.192701876e+21
1.734660747e+21
2.039515991e+21
1.804262544e+21
2.206229168e+21
2.077212537e+21
1.747404828e+21
2.032103686e+21
2.111316296e+21
1.689308626e+21
1.966325466e+21
1.943266854e+21
1.634129882e+21
1.804763182e+21
1.879369536e+21
2.135490601e+21
1.928834374e+21
1.814923519e+21
2.064721537e+21
2.039789186e+21
2.017895719e+21
1.993422669e+21
1.972099811e+21
1.948103199e+21
2.011167367e+21
1.986639085e+21
1.965630082e+21
1.941625025e+21
1.921250929e+21
1.897778112e+21
1.878042284e+21
1.85510853e+21
1.91251063e+21
1.889187996e+21
2.019549602e+21
2.142753077e+21
1.901762354e+21
2.095467666e+21
2.003114043e+21
1.90823919e+21
1.959520412e+21
1.935963546e+21
1.848779811e+21
2.164957863e+21
2.077322704e+21
2.118876713e+21
1.96779876e+21
1.879797448e+21
2.119295296e+21
1.904133984e+21
1.760997855e+21
1.802800163e+21
1.909829929e+21
1.887985628e+21
1.87128204e+21
1.909817916e+21
1.833999453e+21
1.989054514e+21
2.029941963e+21
2.258208045e+21
2.2570673e+21
2.113528509e+21
2.111425206e+21
2.247667128e+21
1.823486638e+21
2.098102349e+21
1.814678987e+21
1.808168868e+21
2.081026471e+21
1.795755164e+21
1.927922974e+21
1.644199476e+21
2.047805462e+21
2.036155613e+21
2.162872585e+21
2.014892819e+21
2.540240992e+21
2.124396191e+21
1.717088519e+21
1.704309319e+21
2.346333329e+21
1.681104676e+21
1.927700534e+21
2.038908176e+21
1.772127479e+21
1.881911094e+21
1.993048999e+21
2.098047418e+21
2.082168181e+21
1.940877447e+21
1.805054958e+21
2.621143293e+21
2.362927639e+21
1.87103171e+21
1.970629431e+21
1.491164103e+21
2.273322528e+21
2.136528989e+21
2.227922184e+21
1.873066606e+21
1.855007955e+21
1.834431733e+21
2.136804327e+21
2.11277225e+21
2.091395266e+21
2.274358144e+21
1.943954376e+21
1.719344351e+21
2.101617449e+21
2.275088043e+21
1.85947927e+21
2.127879165e+21
2.00946598e+21
1.891164592e+21
1.870882859e+21
1.756169039e+21
1.920168473e+21
2.168162881e+21
2.055488856e+21
2.030702479e+21
2.096255603e+21
2.070864635e+21
1.877991119e+21
2.023817628e+21
2.002280394e+21
1.977886022e+21
2.038512159e+21
2.174731339e+21
1.912811104e+21
2.046915292e+21
1.869811273e+21
2.000909793e+21
1.904144249e+21
1.88093658e+21
1.861784889e+21
2.059838494e+21
2.111939813e+21
1.870503367e+21
1.92314985e+21
2.040654743e+21
1.881297536e+21
1.927520959e+21
2.045238984e+21
2.020790267e+21
2.001536478e+21
1.97776736e+21
1.893891923e+21
1.807033472e+21
1.982138385e+21
2.022168537e+21
2.066358433e+21
1.918658e+21
2.024105978e+21
1.879659935e+21
2.103422461e+21
2.079620566e+21
1.884786741e+21
1.86373627e+21
2.078671519e+21
1.965652206e+21
2.104994109e+21
2.242712093e+21
2.240483082e+21
2.09625141e+21
1.953566046e+21
1.948086813e+21
1.805284387e+21
2.213943578e+21
2.346320916e+21
1.786509682e+21
1.918003633e+21
1.635766276e+21
2.308951964e+21
2.160807216e+21
1.748367533e+21
2.004651434e+21
2.261307137e+21
2.113654134e+21
1.708416556e+21
2.217505387e+21
2.075156352e+21
2.187378786e+21
2.045950577e+21
1.90198097e+21
2.015243404e+21
1.872622968e+21
2.231132085e+21
1.842142645e+21
1.58445356e+21
1.931427261e+21
1.916033631e+21
1.541368379e+21
1.998794353e+21
1.862048403e+21
1.845820967e+21
2.054845456e+21
1.696877719e+21
1.902581583e+21
1.884784304e+21
1.864261262e+21
1.737695822e+21
1.718463199e+21
2.126843457e+21
1.892676968e+21
1.977624909e+21
1.749361775e+21
2.036852587e+21
1.912823102e+21
2.191626697e+21
2.067802399e+21
1.851026894e+21
1.92568426e+21
2.000383777e+21
1.976788516e+21
1.955596107e+21
1.932340593e+21
2.184662962e+21
2.068566684e+21
1.868395909e+21
2.109596211e+21
1.913050331e+21
1.804002879e+21
1.954686115e+21
2.014911008e+21
1.993471615e+21
1.969209752e+21
1.948389209e+21
2.085025206e+21
1.904445105e+21
1.959598981e+21
2.016789771e+21
1.992195255e+21
1.971684777e+21
1.872756931e+21
2.076129995e+21
2.124136457e+21
1.957745413e+21
2.077273027e+21
1.914798609e+21
1.751548982e+21
1.873129087e+21
2.124775082e+21
1.832720415e+21
2.012009516e+21
1.926409051e+21
2.231718431e+21
2.210762925e+21
2.120437775e+21
1.782515747e+21
2.013338616e+21
1.994991144e+21
2.095122746e+21
2.076313497e+21
2.112879266e+21
1.974520982e+21
1.952147266e+21
1.935126714e+21
1.855494771e+21
2.011998976e+21
2.234832892e+21
1.814887996e+21
1.812780912e+21
2.08959402e+21
2.085427824e+21
2.221122779e+21
1.93804928e+21
2.072292183e+21
2.20256669e+21
2.059650206e+21
1.777358914e+21
2.04448483e+21
2.03427393e+21
1.891794496e+21
1.881099354e+21
2.007106299e+21
2.393416359e+21
1.985191469e+21
1.708703884e+21
2.353613186e+21
1.817044128e+21
1.806689271e+21
1.920440499e+21
2.290262848e+21
2.649611157e+21
1.879966325e+21
1.863426075e+21
2.343536409e+21
1.955365904e+21
2.183173989e+21
1.801939365e+21
2.145111569e+21
1.651947695e+21
2.106204716e+21
1.853150946e+21
2.066643766e+21
1.590629882e+21
1.91401913e+21
1.782227994e+21
1.875918942e+21
1.964687632e+21
2.161972949e+21
2.245001499e+21
2.222823773e+21
1.883940319e+21
2.072114879e+21
2.25349785e+21
2.230276021e+21
1.904106224e+21
1.983318709e+21
2.058436123e+21
2.036614276e+21
1.821161154e+21
1.896555526e+21
1.874223091e+21
1.854137385e+21
1.923729682e+21
1.99369049e+21
1.969853893e+21
1.948692095e+21
1.925258061e+21
1.991181297e+21
1.967123844e+21
1.946094083e+21
1.922495671e+21
1.984740003e+21
2.042301322e+21
1.939881694e+21
1.996100453e+21
2.133170964e+21
2.107171601e+21
1.853563818e+21
1.983556296e+21
1.963134345e+21
1.939234039e+21
1.993313051e+21
2.114948931e+21
1.87708055e+21
1.925652738e+21
2.118355094e+21
1.813738001e+21
1.795956034e+21
1.979099593e+21
1.959964882e+21
1.936527918e+21
2.182633989e+21
2.156697202e+21
1.747999504e+21
1.983284234e+21
1.90155072e+21
1.941942177e+21
1.986316871e+21
2.024638528e+21
1.884858395e+21
2.103643288e+21
1.906318712e+21
1.943585197e+21
1.926642162e+21
2.020512637e+21
1.94591317e+21
1.806452255e+21
2.083321108e+21
2.219637165e+21
1.94025706e+21
1.936401073e+21
1.795395067e+21
1.928114654e+21
1.924228937e+21
1.780436231e+21
1.91251752e+21
1.904324597e+21
2.034072908e+21
1.88901623e+21
2.016640187e+21
1.871589529e+21
1.996968892e+21
1.852179329e+21
1.97521326e+21
1.830931078e+21
1.691332781e+21
1.937141057e+21
2.311337502e+21
2.038331639e+21
2.025728255e+21
2.134373022e+21
1.870733546e+21
2.10156162e+21
1.963875064e+21
2.067489779e+21
2.051893176e+21
2.271450365e+21
2.490583293e+21
1.878899102e+21
1.746780111e+21
1.61379585e+21
1.714027487e+21
2.148517632e+21
2.241171836e+21
2.106470744e+21
1.867136589e+21
1.738255648e+21
1.829132407e+21
2.12820668e+21
2.21255763e+21
2.187831283e+21
1.753216275e+21
1.937318198e+21
1.412795852e+21
1.895468433e+21
1.875615117e+21
2.244311869e+21
2.123984893e+21
2.003837836e+21
1.793657415e+21
1.865865658e+21
1.938170386e+21
2.097594715e+21
1.894631767e+21
1.961156275e+21
2.028279675e+21
1.916794664e+21
2.068625723e+21
2.043663752e+21
1.937577255e+21
1.9973309e+21
1.976084547e+21
1.952083584e+21
2.011925158e+21
1.987444701e+21
1.966594525e+21
1.942644315e+21
1.999340978e+21
2.050953166e+21
1.879478607e+21
1.930873585e+21
2.058226456e+21
1.960610158e+21
1.797110613e+21
2.059391631e+21
1.96861969e+21
2.014309684e+21
2.063336843e+21
1.970580348e+21
2.153407545e+21
2.194142462e+21
1.843951955e+21
2.017250488e+21
2.062765964e+21
2.038417278e+21
2.145779389e+21
1.933535983e+21
2.039521381e+21
1.893679612e+21
1.997755103e+21
1.914960188e+21
1.957336467e+21
1.876458575e+21
1.976359918e+21
2.069132087e+21
1.937388401e+21
1.797198571e+21
1.934474369e+21
2.20827685e+21
1.930329019e+21
1.926505037e+21
2.061026037e+21
1.781261263e+21
1.914419546e+21
1.907640108e+21
2.038708629e+21
1.624002235e+21
1.888848731e+21
2.013722331e+21
2.006461498e+21
1.9951879e+21
1.854471149e+21
1.842906389e+21
1.965334857e+21
1.951940654e+21
2.071284163e+21
1.799042132e+21
1.661041102e+21
1.774756612e+21
2.26773705e+21
2.123926006e+21
1.86159101e+21
2.091340749e+21
1.832193088e+21
1.936471295e+21
1.921878785e+21
2.141573528e+21
1.888496645e+21
1.753072653e+21
2.086163358e+21
1.835608707e+21
1.819657698e+21
1.688225615e+21
2.007590469e+21
1.986289009e+21
1.749116315e+21
1.946472409e+21
1.927764952e+21
1.906566992e+21
2.097510361e+21
2.177824576e+21
2.053186734e+21
2.131515976e+21
1.908663836e+21
2.085530621e+21
1.867154484e+21
1.942815084e+21
2.114460077e+21
1.994893904e+21
1.87964111e+21
1.764703306e+21
1.837689015e+21
1.906736059e+21
1.796447435e+21
1.952535126e+21
1.931570657e+21
2.081896748e+21
2.059576912e+21
1.865191984e+21
1.929134647e+21
1.905794745e+21
2.049483602e+21
1.943631726e+21
1.923087621e+21
2.058018242e+21
1.879780503e+21
1.856905468e+21
2.220428852e+21
2.042135879e+21
2.02110997e+21
1.922584909e+21
2.049389983e+21
1.952202662e+21
2.147283326e+21
1.767729208e+21
2.030187394e+21
2.005678513e+21
1.84904387e+21
1.962134133e+21
1.943158659e+21
1.986119219e+21
1.90161339e+21
1.879001435e+21
1.98972104e+21
1.839369852e+21
2.07370843e+21
1.863098952e+21
1.907655398e+21
1.885497385e+21
2.049399749e+21
2.025828288e+21
2.007912133e+21
2.04345317e+21
1.967769904e+21
2.002877055e+21
1.928937998e+21
1.78803921e+21
2.062089849e+21
1.922403201e+21
1.920502062e+21
2.053617465e+21
1.913846643e+21
2.044872703e+21
1.904709662e+21
1.76241563e+21
1.893170277e+21
1.885111368e+21
1.879326404e+21
1.736454606e+21
2.395662053e+21
1.852855451e+21
1.845198335e+21
1.964706254e+21
1.95555477e+21
2.071750717e+21
2.18984492e+21
2.173783004e+21
2.161437803e+21
2.018353291e+21
2.13127064e+21
2.113580762e+21
1.852537402e+21
2.081218815e+21
2.06645166e+21
1.927160266e+21
2.032194257e+21
2.012937278e+21
1.996960997e+21
1.744757042e+21
2.076285028e+21
1.94114664e+21
2.037488236e+21
2.128415078e+21
1.776190831e+21
2.086897416e+21
2.176254458e+21
1.937490872e+21
2.23869807e+21
2.214133611e+21
1.670329314e+21
2.064675229e+21
1.737273987e+21
1.919790362e+21
1.900040504e+21
2.07615488e+21
2.054429822e+21
1.837426281e+21
1.913654823e+21
1.891456626e+21
2.151991019e+21
1.941841037e+21
1.921052473e+21
1.807953656e+21
1.78855365e+21
1.943989441e+21
1.83570762e+21
1.986456845e+21
2.050606921e+21
1.857096419e+21
2.004276829e+21
1.980054911e+21
1.958998158e+21
2.01588827e+21
2.074365753e+21
2.049170726e+21
1.949687843e+21
2.080058962e+21
2.134667791e+21
1.882772298e+21
2.012457763e+21
1.840737587e+21
2.040629059e+21
2.159852182e+21
2.13811292e+21
1.830593169e+21
1.882106564e+21
1.997120995e+21
2.045725021e+21
2.021131047e+21
1.868143749e+21
2.043557775e+21
1.958782149e+21
2.129031276e+21
2.045121007e+21
2.084111709e+21
2.002254924e+21
1.978776825e+21
2.022013965e+21
1.937946386e+21
2.040582883e+21
1.957761358e+21
1.99924996e+21
1.976475402e+21
1.959254238e+21
1.937197803e+21
2.033535168e+21
1.778972736e+21
2.325187097e+21
1.912663852e+21
2.047258557e+21
1.770798099e+21
1.90416788e+21
1.89891263e+21
2.165826031e+21
1.88842924e+21
2.018188614e+21
2.143599325e+21
2.137028121e+21
2.525203652e+21
1.986409293e+21
1.975316093e+21
1.836017792e+21
1.824636299e+21
2.075596308e+21
1.80384154e+21
1.66633828e+21
2.035878103e+21
2.150849696e+21
1.631914587e+21
2.370408375e+21
2.227061444e+21
2.089380953e+21
1.949359423e+21
2.056514324e+21
2.397422934e+21
1.546606909e+21
1.767678678e+21
2.221306877e+21
2.083823937e+21
1.951694263e+21
1.932045185e+21
1.802623714e+21
2.118504212e+21
1.878430173e+21
2.295904057e+21
2.166207159e+21
1.928591841e+21
1.910084618e+21
2.204032087e+21
2.182320395e+21
1.952551544e+21
1.932871201e+21
2.31349113e+21
1.991047097e+21
1.673174859e+21
2.240030721e+21
1.925528025e+21
1.905149496e+21
2.071397892e+21
2.235630875e+21
1.841234658e+21
2.003682903e+21
1.980041945e+21
1.869765382e+21
2.111474438e+21
2.088815413e+21
1.977838083e+21
2.041714724e+21
2.017168174e+21
1.995619041e+21
1.971528506e+21
2.031838844e+21
2.087524493e+21
1.906581833e+21
2.118875839e+21
1.941343044e+21
1.91775537e+21
2.049639208e+21
2.024726807e+21
2.00387932e+21
2.052851473e+21
2.104512104e+21
1.935602149e+21
1.987085808e+21
1.963031142e+21
1.943518616e+21
1.920062528e+21
2.037031376e+21
1.945457067e+21
1.926638205e+21
2.166148648e+21
1.950449535e+21
1.927242146e+21
1.845497693e+21
1.949452695e+21
1.931410971e+21
2.031893522e+21
2.135395064e+21
2.050247421e+21
1.912321464e+21
1.890279281e+21
1.990662203e+21
2.083718216e+21
1.950811959e+21
2.042276571e+21
1.968499266e+21
1.769997743e+21
2.041286962e+21
2.310813266e+21
1.765349195e+21
1.761885032e+21
2.165241737e+21
2.024329502e+21
2.154951332e+21
2.01318019e+21
1.874210552e+21
2.13289367e+21
1.594771633e+21
1.719173653e+21
1.844763892e+21
2.096563087e+21
1.82692815e+21
1.945324744e+21
1.807198148e+21
1.538561961e+21
1.913273236e+21
1.899319459e+21
2.518076257e+21
1.873840097e+21
2.110613365e+21
2.216318499e+21
1.590066249e+21
1.94001512e+21
2.046672106e+21
2.1474048e+21
1.894465859e+21
2.228467069e+21
2.094457455e+21
1.958808299e+21
1.714005323e+21
1.809909346e+21
1.906364867e+21
1.886718351e+21
1.86973877e+21
2.06768449e+21
1.940626986e+21
1.919774184e+21
2.112628345e+21
1.776113303e+21
2.068975372e+21
1.943741842e+21
2.025434138e+21
2.303119343e+21
2.180345325e+21
1.959670517e+21
1.842224449e+21
2.204549252e+21
1.896719439e+21
1.781055315e+21
2.225793251e+21
2.108143433e+21
1.994912107e+21
1.792191617e+21
2.038918243e+21
1.927120536e+21
2.079758487e+21
1.969293788e+21
1.694082762e+21
2.008488328e+21
1.987035728e+21
1.963075218e+21
1.942204713e+21
1.918709644e+21
1.977536184e+21
1.875417198e+21
1.933069373e+21
1.909600174e+21
2.040923521e+21
1.866789914e+21
1.84756824e+21
1.898140422e+21
2.167853593e+21
1.998792771e+21
1.908004591e+21
1.745290309e+21
2.004410851e+21
1.911939618e+21
2.096025019e+21
2.070826076e+21
1.984637454e+21
2.091612548e+21
1.812708346e+21
1.791133112e+21
2.15451132e+21
2.00379292e+21
1.985246723e+21
1.961937119e+21
2.004804561e+21
1.981457878e+21
2.0231748e+21
2.058648687e+21
1.923849441e+21
1.95950991e+21
1.999572772e+21
1.976993453e+21
2.016024753e+21
1.761112855e+21
1.895639319e+21
1.893478236e+21
1.891612488e+21
2.022762972e+21
1.885101099e+21
1.745650326e+21
2.010173711e+21
2.003144401e+21
1.998077559e+21
1.857007615e+21
1.851326902e+21
1.973840216e+21
2.228987773e+21
1.825447142e+21
1.817928065e+21
1.935776682e+21
2.055242605e+21
1.91381018e+21
1.777011044e+21
2.01609995e+21
1.879395588e+21
2.237748112e+21
2.223989119e+21
2.083140996e+21
1.582444371e+21
2.051432471e+21
2.036923646e+21
1.662287178e+21
2.003344999e+21
1.98450326e+21
1.968800557e+21
2.064332285e+21
1.819736428e+21
1.914095941e+21
1.89752479e+21
1.988485409e+21
1.642171257e+21
2.058210081e+21
1.931749499e+21
2.229542921e+21
2.313331342e+21
1.664078517e+21
2.059635462e+21
1.935011279e+21
2.016349248e+21
2.093462735e+21
1.775966948e+21
1.950977831e+21
2.027120849e+21
2.003973186e+21
1.888363657e+21
1.959902578e+21
1.939036598e+21
1.916430723e+21
2.076500387e+21
1.873633873e+21
2.118339739e+21
2.093231339e+21
1.984497272e+21
1.790316651e+21
1.771139738e+21
1.999882861e+21
1.978525934e+21
2.117585287e+21
2.014495313e+21
1.990149694e+21
2.126651592e+21
2.023078797e+21
2.001860562e+21
1.977574606e+21
1.957011953e+21
2.08196805e+21
1.98693998e+21
2.03552441e+21
2.014790023e+21
2.20361959e+21
1.97032801e+21
2.08552408e+21
2.064789841e+21
1.903885146e+21
1.952535093e+21
1.796022407e+21
1.778644823e+21
2.082792339e+21
1.998461698e+21
1.847270255e+21
2.019212408e+21
2.120027333e+21
1.915073943e+21
2.07572581e+21
1.935815027e+21
2.03283098e+21
1.955329264e+21
1.932743769e+21
1.915655956e+21
2.065908618e+21
1.99103038e+21
1.968513615e+21
2.007382145e+21
2.156697501e+21
1.751446332e+21
1.884029043e+21
2.01661587e+21
1.744325393e+21
1.875710185e+21
2.137807956e+21
2.000180897e+21
1.860327629e+21
1.855626817e+21
2.111799987e+21
2.105346539e+21
1.964115307e+21
2.087542803e+21
1.946239659e+21
1.809016221e+21
2.054743348e+21
1.917388797e+21
1.77754192e+21
2.273637817e+21
2.006354283e+21
1.870322443e+21
2.226992504e+21
1.967390763e+21
2.073188318e+21
2.422915713e+21
2.281891347e+21
2.027267611e+21
2.127143977e+21
1.993909744e+21
2.091391335e+21
1.844319446e+21
1.940571309e+21
1.924484838e+21
1.905245806e+21
2.110974123e+21
1.869389589e+21
1.961571217e+21
2.264487586e+21
2.029783579e+21
1.902378568e+21
2.09351549e+21
2.277809892e+21
1.845341549e+21
1.82497149e+21
2.208080043e+21
2.183406531e+21
1.964539524e+21
1.74812573e+21
1.729867272e+21
1.900166662e+21
2.16209335e+21
1.858424486e+21
2.022510851e+21
1.817245485e+21
2.06748973e+21
2.04320734e+21
1.845543266e+21
1.910541872e+21
2.06187823e+21
2.037312804e+21
1.931515956e+21
1.99135082e+21
1.970088718e+21
1.946384263e+21
1.925696743e+21
2.06098423e+21
1.960778808e+21
2.169492252e+21
1.993401082e+21
1.893496106e+21
1.798855681e+21
1.999162713e+21
1.978577252e+21
2.099361893e+21
2.149630515e+21
2.265154452e+21
2.10220142e+21
2.007548044e+21
2.124662047e+21
2.031319557e+21
1.877295655e+21
1.920966324e+21
1.902377595e+21
2.138860149e+21
1.925871692e+21
1.90293539e+21
2.010721472e+21
1.986918121e+21
1.845492227e+21
2.006174786e+21
1.987885625e+21
1.964696981e+21
2.006061219e+21
2.04118521e+21
1.907531967e+21
1.999975346e+21
2.039205256e+21
2.016109244e+21
1.943290729e+21
1.877731709e+21
1.876800701e+21
2.14248422e+21
2.140378105e+21
2.269730386e+21
1.999727541e+21
2.26018076e+21
2.653715924e+21
1.718920696e+21
1.978363359e+21
1.970070782e+21
1.833119516e+21
2.215083855e+21
2.207148201e+21
1.807621022e+21
2.057361516e+21
1.916959007e+21
1.908078947e+21
1.895298188e+21
2.011248269e+21
1.871908483e+21
2.109514679e+21
1.846949828e+21
1.468494718e+21
1.82058555e+21
2.049700124e+21
2.271108112e+21
1.8990143e+21
1.999536471e+21
2.218040941e+21
1.850342928e+21
1.720997694e+21
1.931579567e+21
2.140945532e+21
2.231149569e+21
2.101275196e+21
2.079766857e+21
2.169577092e+21
2.146862501e+21
2.126928867e+21
2.104220496e+21
1.771474939e+21
1.958385363e+21
1.939146038e+21
2.018719312e+21
1.998421791e+21
1.976134401e+21
2.053652811e+21
2.127203957e+21
1.817951368e+21
2.081046755e+21
2.152651682e+21
1.757828642e+21
2.013726993e+21
1.899856775e+21
2.148059411e+21
1.945962939e+21
1.925113236e+21
1.902359048e+21
1.967509029e+21
1.944098175e+21
1.923282987e+21
1.982891269e+21
2.043461621e+21
1.938144771e+21
1.997445361e+21
1.973352702e+21
2.030606417e+21
2.006050212e+21
1.908666152e+21
2.111810962e+21
2.015215597e+21
2.138249698e+21
2.04325813e+21
1.874309725e+21
1.997924491e+21
1.832743785e+21
2.093411246e+21
1.861287045e+21
2.047531709e+21
2.090261457e+21
2.002983349e+21
1.781012354e+21
2.025075998e+21
1.936287393e+21
1.91781615e+21
2.084465698e+21
1.877157794e+21
1.978586857e+21
2.021527811e+21
1.937208193e+21
2.159490319e+21
1.89713689e+21
2.056365851e+21
2.090637369e+21
1.899476591e+21
2.048400879e+21
2.030567354e+21
2.007535181e+21
1.990317342e+21
1.734985444e+21
1.734126745e+21
2.131898049e+21
2.262917586e+21
1.859967106e+21
1.857206281e+21
2.249051264e+21
1.980490388e+21
1.973628536e+21
1.968651427e+21
2.091119439e+21
1.954445855e+21
2.074613508e+21
1.808790218e+21
1.670349466e+21
2.047373845e+21
2.162044927e+21
2.278630881e+21
2.0119209e+21
2.001579019e+21
1.738750038e+21
2.222923744e+21
2.328332317e+21
2.07047729e+21
1.811969619e+21
1.800012622e+21
2.0224867e+21
2.24448968e+21
1.873121692e+21
1.859109055e+21
1.95686135e+21
1.713020551e+21
1.696474208e+21
2.243250385e+21
1.998835206e+21
1.651314462e+21
1.961339554e+21
2.051734932e+21
2.13715868e+21
2.011464311e+21
2.513727165e+21
1.867270824e+21
1.949649906e+21
1.828903433e+21
1.909283908e+21
1.790619371e+21
1.869059561e+21
1.849893653e+21
2.021624225e+21
1.714738606e+21
1.883627009e+21
1.770545662e+21
2.026571054e+21
1.913881871e+21
1.981756691e+21
2.049700999e+21
2.025699592e+21
2.004001892e+21
1.980348112e+21
1.788764946e+21
1.851675242e+21
1.998385988e+21
1.97450329e+21
1.953428339e+21
1.929974744e+21
1.989028157e+21
1.886457682e+21
1.944303045e+21
1.920810546e+21
2.052721537e+21
1.877661385e+21
1.783812986e+21
2.055900648e+21
2.107399088e+21
1.938286984e+21
1.989597168e+21
2.035703679e+21
2.154184086e+21
1.990842076e+21
2.039010379e+21
2.014418385e+21
2.061136726e+21
1.839289946e+21
1.951593588e+21
2.121046605e+21
2.037149564e+21
2.012873247e+21
1.993952043e+21
2.031897829e+21
1.891080115e+21
1.929103167e+21
2.090719551e+21
1.948217262e+21
2.047741633e+21
1.96618651e+21
2.006124658e+21
1.983097879e+21
1.965835591e+21
1.999033735e+21
1.981893282e+21
2.257662423e+21
1.991070889e+21
2.519181473e+21
2.251793882e+21
1.850835045e+21
2.24410997e+21
1.974733092e+21
1.970789802e+21
2.225846564e+21
2.220238966e+21
2.080930317e+21
2.074590598e+21
1.935507167e+21
2.442877439e+21
2.429475295e+21
1.91014001e+21
1.898503663e+21
2.267673433e+21
2.002283619e+21
2.116502439e+21
1.730465203e+21
1.966529207e+21
1.707484501e+21
1.575814618e+21
1.923663844e+21
2.149856043e+21
1.776193043e+21
1.763683321e+21
1.980934061e+21
1.734820412e+21
1.833240197e+21
1.818791485e+21
1.913843771e+21
1.786375208e+21
2.10025969e+21
1.5342101e+21
1.952454892e+21
1.827460913e+21
1.70203375e+21
2.002428122e+21
1.772597854e+21
1.549114462e+21
1.940992031e+21
2.124259328e+21
1.900859476e+21
1.881769797e+21
1.762923743e+21
2.035664914e+21
2.012813064e+21
1.89697008e+21
1.969237923e+21
1.94844719e+21
1.926117619e+21
1.996386199e+21
1.883567044e+21
2.040920933e+21
2.104755915e+21
1.995458863e+21
1.971938348e+21
2.035626961e+21
2.011467387e+21
1.98993999e+21
1.966185977e+21
1.945203372e+21
2.001951361e+21
1.980681596e+21
2.035110348e+21
1.93616856e+21
1.989305898e+21
2.195574663e+21
1.944636644e+21
1.924417722e+21
1.974236113e+21
1.881539278e+21
1.930242738e+21
1.981338973e+21
1.95735806e+21
2.076049602e+21
1.777497105e+21
1.895189037e+21
1.87233464e+21
1.98638262e+21
1.831667819e+21
1.943503838e+21
1.920227856e+21
2.028699261e+21
1.941875257e+21
1.923619543e+21
2.084765448e+21
1.883215225e+21
1.68093247e+21
1.903550021e+21
1.940080643e+21
1.922664339e+21
1.957951732e+21
1.940646059e+21
1.974765517e+21
1.901647618e+21
1.935309434e+21
2.028360792e+21
1.982300355e+21
1.981322701e+21
1.979096698e+21
2.108968474e+21
1.841792218e+21
1.9704256e+21
2.227117886e+21
1.961183781e+21
1.954429824e+21
2.469380398e+21
2.717977509e+21
1.935503754e+21
1.797745059e+21
2.175179661e+21
2.036028813e+21
2.154417036e+21
2.015369184e+21
2.131441927e+21
1.743645946e+21
2.230331374e+21
1.845277441e+21
2.07954122e+21
2.063596464e+21
2.171621955e+21
1.914645454e+21
1.783160045e+21
2.12150022e+21
1.872510046e+21
1.971762054e+21
2.072161103e+21
1.710756419e+21
2.036743296e+21
2.017162008e+21
1.889364231e+21
1.760610639e+21
2.072705888e+21
1.72768921e+21
2.03326124e+21
2.012111257e+21
1.993472757e+21
1.972322719e+21
1.850677938e+21
1.932410712e+21
1.913464234e+21
1.693297579e+21
1.972120466e+21
1.950252528e+21
2.12330236e+21
2.004078375e+21
2.077621655e+21
2.054110084e+21
2.124815051e+21
2.100505222e+21
1.987827317e+21
2.14345884e+21
1.855501351e+21
1.92116371e+21
1.986988364e+21
2.048973607e+21
1.942565102e+21
2.002997357e+21
1.981565085e+21
2.039519209e+21
2.098467994e+21
1.9138396e+21
2.130197175e+21
2.026629485e+21
1.928101856e+21
1.981038128e+21
2.111055952e+21
1.936572881e+21
2.137565578e+21
2.038882022e+21
2.017885994e+21
1.922264985e+21
1.832209831e+21
1.810042382e+21
2.067476325e+21
2.04249502e+21
1.887366829e+21
2.197575751e+21
2.044124521e+21
1.954402076e+21
1.999996908e+21
2.103527331e+21
1.957183812e+21
1.871464355e+21
2.162846892e+21
2.076132499e+21
1.935912756e+21
1.79352646e+21
2.014129322e+21
1.756374277e+21
2.088728647e+21
2.007132281e+21
1.989393174e+21
1.966502881e+21
2.005087212e+21
1.98224504e+21
1.965257295e+21
1.9726407e+21
2.103114135e+21
1.969460673e+21
1.967533554e+21
1.832837325e+21
1.960848186e+21
1.825197165e+21
1.691448156e+21
1.815305202e+21
1.940079445e+21
1.932044137e+21
1.797758411e+21
2.172479423e+21
1.910054369e+21
1.519708494e+21
2.017984313e+21
2.507200379e+21
1.996508157e+21
2.355149048e+21
2.09644124e+21
1.83656802e+21
2.069738457e+21
1.691455851e+21
2.16144307e+21
2.024818179e+21
1.893174977e+21
2.463604395e+21
2.213308742e+21
1.962674591e+21
2.062626274e+21
2.157035245e+21
2.140067206e+21
1.896430711e+21
2.323320745e+21
1.862194992e+21
1.846159418e+21
1.934924881e+21
1.917614451e+21
1.897709861e+21
2.089049617e+21
1.860238207e+21
1.944852234e+21
2.025163091e+21
2.005320142e+21
1.884231689e+21
1.963506531e+21
1.94177524e+21
2.210178856e+21
1.710359287e+21
2.256713786e+21
1.952317967e+21
1.931721952e+21
2.091530407e+21
1.979341508e+21
1.956485437e+21
1.935602608e+21
1.826080934e+21
1.978589473e+21
2.040345696e+21
2.01849435e+21
1.99459836e+21
1.973260378e+21
1.949759808e+21
1.928959494e+21
1.905872779e+21
1.964196872e+21
1.940595205e+21
1.843298006e+21
2.200474043e+21
1.801988248e+21
2.076927697e+21
2.055333958e+21
1.957960863e+21
1.937797776e+21
1.914352905e+21
1.965026553e+21
2.149253498e+21
2.058973565e+21
2.101904781e+21
1.946737817e+21
1.989587462e+21
1.838717817e+21
2.011248476e+21
1.991774682e+21
2.031394692e+21
2.074882466e+21
1.988009146e+21
2.153939249e+21
2.006759849e+21
1.988175571e+21
2.024264345e+21
2.00580611e+21
1.982312929e+21
1.964517684e+21
1.998795844e+21
1.924527894e+21
2.01426079e+21
1.941270472e+21
1.973955999e+21
1.957043595e+21
1.832203081e+21
2.092917236e+21
2.482562835e+21
2.219069397e+21
1.82396909e+21
1.951363425e+21
2.205608177e+21
1.812766626e+21
1.806560961e+21
1.802022942e+21
2.307318897e+21
2.172515334e+21
1.907720441e+21
1.774192711e+21
1.764542607e+21
1.75732761e+21
2.121007778e+21
1.738663422e+21
1.973917889e+21
2.08655258e+21
1.584215036e+21
1.817671481e+21
2.164569234e+21
2.270879115e+21
2.133967492e+21
1.648845431e+21
2.101912446e+21
1.739294787e+21
1.723826919e+21
2.167244279e+21
2.147202822e+21
2.018205632e+21
2.109941582e+21
2.20268268e+21
2.180961464e+21
2.162197261e+21
2.033292803e+21
1.484823238e+21
2.204165298e+21
1.9758002e+21
2.36648684e+21
2.038197053e+21
1.814659305e+21
1.996544886e+21
1.777288177e+21
1.759470766e+21
1.93337133e+21
1.913586893e+21
1.986834469e+21
2.247015305e+21
2.036536392e+21
1.923466548e+21
2.173181174e+21
2.060515471e+21
1.859649564e+21
2.01502633e+21
2.078159005e+21
2.05592482e+21
1.947132219e+21
1.926284248e+21
1.986269507e+21
1.96502499e+21
1.941649217e+21
2.000977987e+21
1.897972009e+21
2.034299262e+21
2.009878059e+21
1.912168433e+21
1.964707058e+21
1.869335093e+21
1.994515269e+21
1.973778677e+21
1.949923453e+21
1.929842769e+21
2.118339657e+21
1.817187037e+21
1.933311682e+21
1.845486411e+21
1.958250604e+21
2.139330902e+21
1.981445967e+21
1.831191733e+21
2.003016089e+21
1.983619785e+21
2.023074031e+21
1.941146194e+21
1.856115991e+21
1.899949856e+21
1.93795702e+21
2.100009293e+21
2.015934493e+21
1.938799893e+21
1.916073524e+21
2.01395621e+21
1.93365613e+21
1.97293847e+21
2.005902843e+21
1.988452761e+21
1.965735993e+21
1.948898268e+21
2.083841162e+21
1.822466396e+21
2.080498571e+21
1.81865895e+21
1.815186259e+21
2.071434644e+21
1.936772101e+21
2.190642078e+21
2.311586432e+21
2.17768617e+21
1.91357605e+21
1.907769174e+21
1.89863465e+21
1.765749151e+21
1.756172145e+21
2.498569504e+21
1.738462972e+21
1.85406466e+21
1.964640406e+21
2.443243257e+21
1.940686414e+21
2.412244231e+21
1.795420001e+21
1.665509149e+21
1.652079274e+21
1.875695645e+21
2.208489885e+21
2.192998336e+21
2.287939604e+21
2.043817457e+21
1.91246388e+21
1.785833573e+21
1.768782739e+21
1.863853637e+21
1.954074219e+21
2.044903025e+21
2.024246124e+21
2.111753843e+21
2.089926336e+21
2.070611481e+21
2.048778016e+21
1.826334262e+21
2.10786512e+21
1.590276877e+21
1.966202403e+21
2.238477821e+21
2.213795829e+21
2.19115324e+21
1.413088085e+21
1.957724849e+21
2.027861828e+21
2.006485281e+21
1.983643302e+21
1.962585401e+21
2.028174479e+21
2.093781078e+21
1.896988607e+21
1.962002915e+21
1.93900162e+21
2.001647721e+21
1.978009922e+21
1.956858057e+21
2.014172733e+21
1.912984665e+21
1.968892161e+21
1.94798428e+21
2.001605765e+21
1.98047207e+21
2.257663939e+21
1.936129102e+21
2.059914681e+21
1.820087909e+21
1.94195176e+21
1.850769372e+21
2.109691721e+21
2.088193437e+21
1.925426982e+21
1.974103608e+21
1.815767494e+21
2.130609018e+21
1.841812776e+21
2.084259438e+21
2.059200847e+21
1.975531392e+21
1.951858092e+21
1.933225545e+21
1.910153691e+21
1.831150525e+21
1.930030471e+21
1.971908772e+21
2.066722117e+21
1.930853647e+21
2.023851285e+21
2.005683332e+21
2.038966976e+21
1.964812773e+21
1.99761397e+21
1.980238609e+21
1.957584163e+21
1.940820462e+21
2.203447574e+21
2.331919378e+21
2.199921829e+21
2.327057383e+21
1.806487606e+21
1.932666536e+21
2.184509979e+21
2.051923437e+21
1.917131563e+21
1.784836627e+21
2.031438695e+21
1.645540091e+21
2.01561066e+21
1.882913119e+21
1.997577968e+21
2.113765762e+21
2.101067896e+21
2.214429837e+21
1.711018508e+21
2.067052506e+21
2.052382974e+21
1.920825361e+21
1.667969288e+21
2.131471006e+21
1.761939296e+21
2.217153296e+21
1.85127384e+21
1.838300866e+21
1.935907935e+21
2.147571162e+21
1.679845627e+21
1.777779885e+21
1.870897244e+21
2.073796921e+21
1.945361514e+21
2.035800419e+21
2.121346936e+21
2.102414967e+21
1.872656362e+21
1.958438233e+21
1.937829387e+21
1.717341322e+21
1.698954076e+21
1.880261638e+21
1.761942683e+21
2.228826937e+21
2.108457856e+21
1.992044239e+21
1.969884778e+21
2.042210769e+21
1.927476265e+21
1.907165629e+21
1.975275066e+21
1.954313285e+21
2.107473363e+21
2.085000258e+21
1.974931464e+21
1.953813484e+21
2.014892493e+21
1.993329421e+21
1.969818745e+21
1.948758729e+21
1.925628796e+21
1.905096064e+21
2.039229151e+21
2.017577054e+21
1.916732006e+21
1.97235604e+21
2.023590854e+21
1.779890714e+21
1.904975676e+21
1.740157468e+21
1.862413686e+21
1.985020697e+21
1.961039832e+21
2.218349036e+21
2.123064155e+21
1.830491817e+21
1.875374131e+21
1.790402031e+21
1.965361247e+21
2.205534945e+21
1.858574314e+21
1.967508694e+21
1.881220818e+21
2.049586644e+21
2.025119064e+21
1.762910976e+21
2.102371797e+21
2.082897498e+21
1.940670573e+21
1.981244159e+21
1.957983918e+21
1.940407339e+21
2.030602539e+21
2.012660983e+21
1.878871468e+21
1.972092042e+21
2.003652433e+21
2.093876786e+21
1.805930467e+21
1.676115436e+21
1.931836986e+21
1.801291415e+21
1.926291349e+21
1.795221688e+21
2.174111524e+21
2.169794895e+21
1.908028379e+21
1.903249091e+21
1.895457686e+21
1.889716852e+21
2.006101603e+21
1.998972411e+21
2.112453058e+21
1.732575368e+21
1.72219591e+21
1.836733122e+21
2.311284248e+21
2.420515897e+21
1.922706391e+21
1.91193834e+21
2.134651769e+21
2.121664185e+21
1.870792834e+21
1.742377618e+21
2.073199721e+21
2.173057297e+21
1.587062418e+21
1.57527111e+21
1.895263903e+21
2.21224814e+21
2.081660339e+21
2.173206919e+21
2.259513853e+21
1.920105939e+21
1.900792554e+21
1.779184578e+21
2.278774121e+21
1.949871172e+21
2.030940786e+21
1.709876854e+21
1.990123858e+21
1.970673951e+21
1.754368881e+21
1.833300841e+21
2.099449516e+21
2.077997929e+21
1.868112305e+21
2.218413659e+21
2.102129455e+21
1.899118342e+21
1.966977139e+21
1.857651037e+21
2.011220624e+21
2.07629278e+21
1.795697658e+21
1.861096826e+21
2.006548631e+21
1.985079972e+21
1.96169513e+21
1.940726171e+21
1.917717315e+21
1.897272256e+21
1.95276865e+21
2.086600107e+21
1.908907493e+21
1.813205776e+21
1.791423825e+21
1.846505015e+21
1.970207474e+21
1.949724502e+21
1.926202328e+21
1.906364862e+21
1.883345363e+21
2.071279782e+21
1.909848959e+21
1.890607209e+21
2.067912494e+21
1.981290821e+21
1.82692199e+21
1.938191421e+21
1.851059131e+21
1.896339574e+21
1.811155185e+21
1.917576593e+21
1.894678401e+21
1.876855589e+21
1.854546248e+21
2.015175873e+21
1.932782093e+21
1.857119976e+21
1.892653285e+21
1.932501535e+21
2.022306448e+21
2.004439408e+21
1.98124005e+21
2.018568125e+21
1.941481667e+21
1.924864083e+21
2.054102364e+21
1.796462163e+21
2.050831578e+21
1.6646792e+21
2.044957756e+21
1.914324533e+21
2.03652856e+21
1.905458288e+21
2.025611985e+21
2.39939469e+21
1.886526562e+21
2.256981845e+21
2.121474462e+21
2.113942577e+21
1.855211311e+21
2.094010029e+21
1.836617152e+21
2.071946737e+21
2.058406681e+21
2.288844541e+21
1.674610647e+21
2.022078998e+21
2.124862216e+21
1.877286393e+21
2.211436439e+21
1.965703164e+21
1.949146659e+21
2.163222155e+21
1.918465443e+21
1.792212208e+21
1.775792389e+21
1.761888483e+21
2.181474723e+21
1.839022763e+21
1.821046735e+21
1.805432367e+21
1.892446802e+21
1.562987131e+21
1.753189532e+21
1.839200908e+21
1.819924324e+21
1.902768406e+21
2.08063032e+21
1.962198658e+21
2.329146552e+21
2.017618539e+21
1.900470748e+21
2.069168053e+21
2.139242963e+21
1.564737304e+21
2.184301015e+21
1.981192903e+21
1.958748637e+21
2.114156185e+21
2.089929959e+21
1.981505323e+21
1.788259163e+21
2.021883155e+21
1.998273589e+21
1.976898523e+21
2.035039837e+21
1.932759558e+21
2.069026459e+21
2.046971817e+21
1.944805519e+21
2.001127522e+21
1.977192467e+21
1.956321915e+21
2.007179572e+21
1.98613988e+21
2.107586824e+21
1.941836204e+21
1.918423022e+21
1.968986263e+21
2.014694224e+21
1.925396934e+21
2.105956319e+21
1.882988511e+21
1.926709035e+21
1.841756798e+21
1.884551045e+21
1.994732174e+21
1.84360448e+21
1.888700521e+21
2.177067852e+21
1.848238781e+21
2.069650641e+21
1.869281759e+21
2.025799857e+21
2.066062318e+21
2.041621573e+21
1.90740098e+21
1.999214055e+21
1.981267534e+21
1.958131262e+21
1.996284729e+21
1.973153339e+21
2.010331641e+21
1.933529353e+21
1.91698388e+21
2.044377164e+21
1.915669516e+21
1.913559102e+21
1.911699053e+21
2.289709003e+21
1.778264574e+21
1.900243058e+21
2.149340755e+21
2.016084182e+21
1.885353372e+21
1.752500593e+21
1.87200297e+21
1.738931371e+21
1.608994745e+21
1.846574624e+21
2.084269999e+21
2.071851265e+21
1.941037449e+21
2.169434779e+21
2.398207466e+21
2.143188532e+21
1.894408739e+21
1.762635037e+21
1.635136844e+21
1.96967221e+21
2.187004172e+21
1.940351455e+21
1.926793993e+21
2.246895924e+21
1.561163708e+21
1.988862935e+21
2.082933006e+21
2.063223642e+21
1.93859172e+21
2.026332498e+21
2.11470781e+21
2.19820302e+21
1.971143074e+21
1.848255753e+21
2.136429425e+21
2.114082041e+21
1.994283422e+21
1.677096773e+21
2.149175546e+21
1.836049115e+21
1.913362792e+21
1.797798832e+21
2.0604129e+21
2.037614472e+21
1.92477863e+21
1.903258802e+21
2.152258052e+21
1.950588694e+21
1.929910109e+21
2.081267332e+21
1.973298611e+21
2.035293761e+21
2.013548155e+21
1.99006652e+21
1.968784237e+21
1.945647267e+21
1.924858084e+21
1.902087792e+21
1.960224848e+21
1.93690707e+21
1.916348975e+21
1.969186505e+21
2.098279312e+21
2.147152857e+21
2.124647026e+21
1.88194624e+21
1.790751368e+21
1.981473199e+21
2.031103861e+21
1.729828932e+21
1.780686194e+21
1.962182451e+21
1.942410646e+21
2.183668909e+21
1.965394913e+21
2.135889706e+21
1.85855504e+21
1.962844778e+21
2.069235043e+21
1.85856812e+21
2.024900179e+21
2.000706803e+21
2.041939985e+21
2.076989968e+21
1.940160864e+21
1.917195971e+21
1.957276474e+21
1.93424485e+21
1.973260499e+21
1.950196093e+21
1.988196132e+21
1.965132373e+21
2.0021621e+21
1.925641918e+21
1.962200378e+21
1.780400665e+21
2.160863197e+21
2.158489149e+21
2.029546606e+21
2.405550667e+21
1.896327408e+21
2.269590106e+21
2.139257619e+21
1.504984192e+21
2.001633198e+21
2.118103041e+21
1.987487982e+21
1.607210516e+21
2.217482798e+21
1.715483446e+21
1.952583679e+21
1.94098082e+21
2.173601954e+21
2.279443168e+21
1.909765396e+21
1.659308415e+21
1.885763929e+21
1.988575032e+21
1.976512367e+21
2.191450982e+21
2.062549754e+21
1.931635269e+21
2.256649007e+21
1.67764805e+21
1.998262721e+21
2.310044847e+21
1.964563501e+21
1.729791343e+21
1.930058654e+21
2.123637817e+21
2.000186196e+21
2.188635453e+21
1.962577545e+21
1.94249974e+21
1.82331841e+21
2.104997783e+21
2.085013133e+21
1.866398442e+21
1.750918413e+21
1.92448131e+21
2.09577879e+21
1.790214981e+21
1.865210478e+21
1.844608027e+21
2.007986738e+21
2.075827744e+21
2.143290118e+21
1.942496455e+21
1.65983187e+21
2.07267622e+21
2.05060132e+21
1.942476538e+21
1.921728193e+21
1.981926589e+21
1.960736289e+21
2.018459787e+21
1.996896825e+21
2.210096208e+21
2.030363517e+21
2.006235417e+21
1.908600048e+21
1.885812612e+21
2.164455582e+21
2.138516216e+21
1.970163921e+21
1.802300962e+21
1.783564406e+21
2.18498495e+21
1.953208797e+21
2.067489985e+21
2.046416864e+21
2.089121992e+21
1.801221927e+21
1.84540878e+21
1.957542226e+21
2.127358984e+21
2.106458398e+21
2.018067715e+21
2.060966132e+21
1.851137968e+21
1.894572495e+21
1.992699652e+21
1.973949301e+21
1.950455576e+21
1.932382979e+21
2.025223877e+21
1.949415592e+21
1.983119796e+21
1.965317922e+21
1.997819978e+21
1.925168018e+21
1.957176355e+21
1.994058689e+21
1.917818572e+21
2.007049659e+21
1.898625409e+21
2.024216668e+21
2.021998767e+21
1.767532817e+21
1.638200232e+21
2.013285492e+21
1.882490434e+21
2.129268646e+21
1.872464027e+21
1.867791055e+21
2.108261952e+21
2.10190051e+21
1.968945975e+21
1.716728652e+21
2.195448318e+21
2.186533336e+21
1.811312454e+21
1.923225901e+21
2.149601249e+21
1.901045189e+21
2.005710627e+21
1.877197658e+21
1.979579156e+21
1.736102508e+21
2.066772416e+21
1.596999296e+21
2.036114513e+21
1.9095865e+21
2.004229252e+21
2.210438202e+21
2.080808125e+21
1.738577026e+21
2.152748059e+21
1.708089225e+21
2.008656785e+21
1.991476491e+21
2.075381723e+21
1.954086135e+21
1.934135509e+21
2.017199537e+21
1.896373047e+21
1.977243277e+21
2.054090321e+21
1.937204602e+21
2.203800961e+21
2.086933803e+21
2.064172978e+21
2.228861455e+21
1.928749361e+21
1.999609213e+21
1.977327632e+21
2.045463416e+21
1.934471083e+21
2.000976065e+21
1.978149253e+21
2.042178209e+21
1.850418847e+21
1.99708263e+21
1.973852977e+21
1.95275387e+21
1.929859837e+21
2.068351328e+21
2.043936886e+21
2.099935409e+21
1.998153131e+21
1.824876995e+21
2.178756084e+21
1.932753645e+21
1.909609248e+21
1.889595197e+21
2.010507853e+21
2.131721882e+21
1.965659742e+21
2.084372683e+21
2.127893152e+21
1.90237725e+21
1.879437093e+21
2.059835336e+21
2.035002165e+21
1.94975204e+21
1.862060239e+21
2.161654654e+21
1.884410156e+21
1.803943283e+21
2.028143687e+21
1.765282973e+21
1.984756337e+21
2.02565709e+21
2.060406511e+21
2.041313704e+21
2.074755507e+21
1.998724e+21
1.918736037e+21
2.013365858e+21
1.934517145e+21
1.972214e+21
2.003431289e+21
1.986020608e+21
1.963115719e+21
1.893725703e+21
1.889762207e+21
1.888845717e+21
1.760996257e+21
2.010617096e+21
1.881425931e+21
2.129154259e+21
1.873737931e+21
1.620696636e+21
1.988031076e+21
1.983074159e+21
2.098511888e+21
2.09218568e+21
2.572330859e+21
2.074998106e+21
2.185368479e+21
1.934669255e+21
1.68282968e+21
1.914442151e+21
2.258698739e+21
2.128954786e+21
1.879180922e+21
2.10229747e+21
1.622900015e+21
1.958733639e+21
2.17182352e+21
1.70341894e+21
2.027049594e+21
1.677438967e+21
2.106213378e+21
2.310705145e+21
2.180691455e+21
2.163678775e+21
2.036172902e+21
1.913215914e+21
2.105193752e+21
1.878482187e+21
1.859784014e+21
2.150475034e+21
2.128563317e+21
1.707279655e+21
1.788909844e+21
2.264156731e+21
2.045393479e+21
1.929014149e+21
2.099112906e+21
1.794777275e+21
1.962104741e+21
1.664661609e+21
1.829264361e+21
1.991301301e+21
1.700628784e+21
2.125576599e+21
2.101649182e+21
1.992750165e+21
2.05570503e+21
2.033824012e+21
2.010413034e+21
1.98895044e+21
1.965844874e+21
2.025871023e+21
2.002147719e+21
1.980767288e+21
2.03570837e+21
1.859097743e+21
1.913592023e+21
2.044751784e+21
2.02038192e+21
1.925023242e+21
1.901989395e+21
1.809669374e+21
1.859466964e+21
1.910911142e+21
2.027770405e+21
2.283696843e+21
1.845970458e+21
1.894825855e+21
1.871984861e+21
2.117849151e+21
2.026937609e+21
2.071491853e+21
2.046545792e+21
2.026435097e+21
1.75181207e+21
1.796791667e+21
2.020099923e+21
1.818910285e+21
2.036781434e+21
2.076954187e+21
1.934944341e+21
1.858921508e+21
1.836879986e+21
2.047639495e+21
1.967282596e+21
1.893919539e+21
1.981822456e+21
1.964318902e+21
1.94145603e+21
1.924586338e+21
1.902361048e+21
1.938489495e+21
1.630183856e+21
2.005408647e+21
1.878021669e+21
2.126364401e+21
2.247242971e+21
1.994621208e+21
2.113741965e+21
2.233660198e+21
1.855174432e+21
1.727182715e+21
1.965977967e+21
1.960056695e+21
1.950879554e+21
1.822486912e+21
1.812817312e+21
2.166564094e+21
1.675171413e+21
2.263064195e+21
2.011786688e+21
2.001581611e+21
1.98763069e+21
1.976565025e+21
2.192632843e+21
1.835259933e+21
1.706953456e+21
2.148058093e+21
1.793835583e+21
2.004017965e+21
1.765839096e+21
2.190990858e+21
2.279700072e+21
2.046508717e+21
1.920612249e+21
2.010732316e+21
1.991286775e+21
1.766463442e+21
2.057548589e+21
1.937321862e+21
1.917621296e+21
2.100002814e+21
2.078207473e+21
1.960491864e+21
1.745802831e+21
1.920892663e+21
1.805273452e+21
2.257599195e+21
1.953931219e+21
2.118217264e+21
2.00385664e+21
1.802783762e+21
1.961037982e+21
2.116829185e+21
1.918617647e+21
2.070878212e+21
1.962018097e+21
2.025537888e+21
1.835399583e+21
1.898347368e+21
1.957901489e+21
1.936982442e+21
2.073853763e+21
1.972799839e+21
1.949563309e+21
2.005950315e+21
2.058420141e+21
1.810295774e+21
1.863269877e+21
2.138587635e+21
2.040155504e+21
1.946676136e+21
1.994561407e+21
1.973826994e+21
2.08938931e+21
1.861082093e+21
1.974870765e+21
2.08954855e+21
1.931184047e+21
1.911719225e+21
1.953809728e+21
2.06331329e+21
2.038468688e+21
2.081511464e+21
1.994167275e+21
2.036551226e+21
2.012119711e+21
1.87211379e+21
2.088395046e+21
1.891418191e+21
1.868878422e+21
1.909419046e+21
1.94394061e+21
1.982860445e+21
1.959458475e+21
1.941869251e+21
1.973919387e+21
1.956486763e+21
1.987403806e+21
1.9701373e+21
1.99998787e+21
1.930712698e+21
1.747462976e+21
1.746618209e+21
2.118588282e+21
1.992037432e+21
2.23687145e+21
1.861329598e+21
2.104004819e+21
1.482249672e+21
2.092868661e+21
2.333266637e+21
1.956969248e+21
2.194965486e+21
2.184716368e+21
1.935114405e+21
2.165483948e+21
1.917080562e+21
2.024921646e+21
1.7785436e+21
1.64929467e+21
2.344194898e+21
2.095107252e+21
1.967706997e+21
1.953073333e+21
1.9412719e+21
2.152544519e+21
1.913428153e+21
2.009159763e+21
1.884343919e+21
2.087735883e+21
1.963255452e+21
1.945509886e+21
1.930358677e+21
1.487337693e+21
2.107405099e+21
1.878360576e+21
1.965796617e+21
1.741434488e+21
2.030575928e+21
1.909469492e+21
1.692786678e+21
2.069428267e+21
2.049833256e+21
1.835055167e+21
1.817197312e+21
1.892357967e+21
1.873491992e+21
1.94582551e+21
2.017725466e+21
1.995591235e+21
2.064658642e+21
1.952993392e+21
1.932474017e+21
1.997641972e+21
1.976499607e+21
2.039009506e+21
2.017319008e+21
1.994161104e+21
1.972883142e+21
1.950022039e+21
1.929191877e+21
1.986097188e+21
1.96489623e+21
2.097119606e+21
1.844254639e+21
2.050226649e+21
2.028478721e+21
2.078579913e+21
1.90974648e+21
1.959504933e+21
2.082598302e+21
1.773823812e+21
1.755384324e+21
2.081150586e+21
2.128371924e+21
2.102755923e+21
1.812762161e+21
1.923586878e+21
1.969859296e+21
2.010998744e+21
1.990974084e+21
1.903551646e+21
2.010498535e+21
1.986325771e+21
1.905599087e+21
2.125669108e+21
2.105357725e+21
1.842435086e+21
1.942839968e+21
1.977849925e+21
2.017150981e+21
2.050154949e+21
2.031451945e+21
1.951696343e+21
1.989439074e+21
1.966079099e+21
2.002847856e+21
1.925986228e+21
1.962290538e+21
1.887150705e+21
2.13088973e+21
2.2363947e+21
2.1111311e+21
1.736693825e+21
1.982875776e+21
1.979195754e+21
1.976299802e+21
2.34075191e+21
1.844319261e+21
1.960747954e+21
1.833630041e+21
2.069795382e+21
1.942186009e+21
2.053963016e+21
1.926323376e+21
2.035916944e+21
2.027680951e+21
1.778637965e+21
2.478742608e+21
1.876446751e+21
1.866946424e+21
1.853998865e+21
2.189390128e+21
1.944395093e+21
2.273714428e+21
2.255824004e+21
1.90498477e+21
1.778073549e+21
2.317507348e+21
2.078618179e+21
1.846100315e+21
1.937065094e+21
2.242324898e+21
2.009822302e+21
1.783579417e+21
1.974214607e+21
2.060403371e+21
2.244021246e+21
2.021939775e+21
1.901386702e+21
1.784786899e+21
2.25698225e+21
2.235625192e+21
1.92356121e+21
2.000095791e+21
2.072943398e+21
1.865716404e+21
2.030062336e+21
2.100735692e+21
2.168065893e+21
1.966786676e+21
1.856604782e+21
2.012067393e+21
1.903021943e+21
2.054059111e+21
2.030763027e+21
2.009166556e+21
1.986133276e+21
1.964946448e+21
2.023130995e+21
1.921463728e+21
1.899041319e+21
2.035337924e+21
1.856691319e+21
1.913460015e+21
1.966464863e+21
1.870776793e+21
1.922479971e+21
2.048521639e+21
1.807202292e+21
1.859795685e+21
1.908192148e+21
1.958295241e+21
2.00387736e+21
1.709687162e+21
1.959378739e+21
2.006279077e+21
1.849978585e+21
2.02754364e+21
1.873889207e+21
1.79125484e+21
2.148910765e+21
1.877459891e+21
2.040375247e+21
2.081823572e+21
1.996346956e+21
1.977269315e+21
2.012806606e+21
2.052501019e+21
2.085965035e+21
1.951816975e+21
1.871910235e+21
1.967246721e+21
1.999538192e+21
1.981589356e+21
1.958300847e+21
1.941008373e+21
1.91834341e+21
1.901681545e+21
2.140696989e+21
1.967110882e+21
1.978796522e+21
1.854227754e+21
1.975704446e+21
1.727073255e+21
1.60074271e+21
2.090218785e+21
2.084797201e+21
1.835903934e+21
1.707841829e+21
1.946969754e+21
2.181596899e+21
2.054208082e+21
1.563569415e+21
2.157313342e+21
2.026738121e+21
2.137284896e+21
2.006739737e+21
1.762589152e+21
2.101568552e+21
1.974775262e+21
1.845754158e+21
1.720788538e+21
2.049663846e+21
2.037302202e+21
1.684424827e+21
1.785049955e+21
2.212869939e+21
2.197509467e+21
2.17850502e+21
2.162453099e+21
1.500094786e+21
1.701065834e+21
1.895863905e+21
1.88039718e+21
2.172712864e+21
2.05162263e+21
2.234502828e+21
1.912707933e+21
1.993023212e+21
2.270962755e+21
2.052090514e+21
1.935890265e+21
1.819775014e+21
2.08662674e+21
2.158199386e+21
1.858005091e+21
2.113606015e+21
2.092102667e+21
1.709363766e+21
2.136816782e+21
2.025150632e+21
1.916762517e+21
1.981469639e+21
1.960511947e+21
2.022582983e+21
2.001079732e+21
1.978169824e+21
1.957073356e+21
2.015054043e+21
1.993538801e+21
1.970301953e+21
1.949277487e+21
1.926390707e+21
1.982117229e+21
1.883364633e+21
2.086998284e+21
1.988560499e+21
2.040457222e+21
1.872108535e+21
1.852492088e+21
1.830316858e+21
1.880955644e+21
1.927208762e+21
2.043597729e+21
2.086325138e+21
1.865210407e+21
2.106008786e+21
1.954478996e+21
1.930943802e+21
1.975436782e+21
2.014615435e+21
1.994810678e+21
2.094002971e+21
1.890725699e+21
1.928293766e+21
1.969547843e+21
2.004939932e+21
2.044477418e+21
1.962367091e+21
1.944176149e+21
1.921071906e+21
2.015518328e+21
1.991679552e+21
1.97380134e+21
2.05894967e+21
2.094474045e+21
1.910761009e+21
1.999398804e+21
1.976191754e+21
1.959313111e+21
1.846659149e+21
1.968822004e+21
2.08961748e+21
1.964802973e+21
2.083749922e+21
2.080706406e+21
1.831168505e+21
2.193078065e+21
1.942971462e+21
2.180416654e+21
2.171735708e+21
1.684058468e+21
1.795990704e+21
1.789667608e+21
2.017641691e+21
1.891289097e+21
1.997770677e+21
1.520756283e+21
2.092218456e+21
2.081645642e+21
1.837582455e+21
2.17002684e+21
2.04063664e+21
2.028340952e+21
1.788849978e+21
1.888319598e+21
1.98290936e+21
2.297350575e+21
1.735258628e+21
1.722484001e+21
2.027082081e+21
1.799616813e+21
2.202381514e+21
1.976388098e+21
2.266501003e+21
1.940770591e+21
1.921646887e+21
2.20537459e+21
2.183123319e+21
1.96647385e+21
1.946219166e+21
2.217000324e+21
1.907610493e+21
2.077987174e+21
2.149304601e+21
2.127910849e+21
2.196465067e+21
1.90236289e+21
1.881599172e+21
1.950776191e+21
2.104637254e+21
1.99577501e+21
2.059284806e+21
1.952614718e+21
2.014468575e+21
1.993057745e+21
1.970269976e+21
1.949263103e+21
1.926759674e+21
1.985616359e+21
1.962498176e+21
1.94156086e+21
1.995539975e+21
1.974298222e+21
2.026032923e+21
1.930306498e+21
1.834038104e+21
2.03245605e+21
1.936506924e+21
2.129129575e+21
1.963415546e+21
1.80421987e+21
2.125380349e+21
2.035633428e+21
1.743011201e+21
1.990661391e+21
1.901149831e+21
2.011774513e+21
1.9234403e+21
2.094710892e+21
2.194924289e+21
2.111249339e+21
2.085864893e+21
1.944129788e+21
1.860769888e+21
2.080788651e+21
1.879656008e+21
1.978330125e+21
1.839732914e+21
1.87963624e+21
1.857286692e+21
1.951876971e+21
1.928774596e+21
1.966074301e+21
1.942927529e+21
1.979266663e+21
1.956106043e+21
1.991529524e+21
2.02018466e+21
1.848862343e+21
1.960824977e+21
1.959882985e+21
1.713053028e+21
2.078132651e+21
2.074307277e+21
1.827600189e+21
2.308988531e+21
2.061875128e+21
2.175978987e+21
2.291169744e+21
2.041854194e+21
1.796233821e+21
1.787935759e+21
1.662870201e+21
2.00862655e+21
2.118201153e+21
1.988881435e+21
2.212763304e+21
2.08295119e+21
1.842164451e+21
2.058168138e+21
1.933054852e+21
2.25743178e+21
2.131650312e+21
2.337626526e+21
1.990689754e+21
2.193678885e+21
1.960631233e+21
1.94375058e+21
2.036645508e+21
2.230859088e+21
2.002731463e+21
2.088573691e+21
1.967984581e+21
2.154321764e+21
1.830855395e+21
2.014278362e+21
2.096289851e+21
2.07517994e+21
1.860353234e+21
1.744320736e+21
1.919829373e+21
2.184694015e+21
1.787225375e+21
1.861289421e+21
1.934910737e+21
1.914064214e+21
2.075047749e+21
1.784727639e+21
2.031180498e+21
2.00880368e+21
1.901304434e+21
1.965557057e+21
2.029336545e+21
2.006419014e+21
1.985099818e+21
1.962432973e+21
1.941514941e+21
1.919128398e+21
2.056866901e+21
1.954755972e+21
1.856548884e+21
1.987695771e+21
2.04217684e+21
1.79386199e+21
1.922745714e+21
1.89994783e+21
2.024517382e+21
1.928960418e+21
2.05013899e+21
1.746232568e+21
1.866327344e+21
1.775657284e+21
1.824957867e+21
2.070149141e+21
1.982943375e+21
1.763180702e+21
2.068626143e+21
1.852128392e+21
2.086600757e+21
2.123959811e+21
2.041220928e+21
2.077789825e+21
1.997120281e+21
1.913353781e+21
2.013505156e+21
1.989389625e+21
2.028616952e+21
1.77531965e+21
1.929072574e+21
1.962185132e+21
1.944281806e+21
1.976146142e+21
2.012807735e+21
1.93533103e+21
1.918244607e+21
1.948435023e+21
1.983721945e+21
1.960639789e+21
2.046212185e+21
1.951961065e+21
1.829085723e+21
1.948931592e+21
1.703674562e+21
1.700546916e+21
2.304520109e+21
2.177612943e+21
2.294075839e+21
1.925514404e+21
2.160835392e+21
1.913136333e+21
2.145830331e+21
1.898616259e+21
1.773697257e+21
1.764433775e+21
1.523012481e+21
2.096545711e+21
2.202970266e+21
2.188974862e+21
1.948677437e+21
1.935295103e+21
2.037792367e+21
1.685682244e+21
2.122355829e+21
2.216644165e+21
1.761829156e+21
2.184207644e+21
2.060632704e+21
2.150452718e+21
1.921184274e+21
1.90400653e+21
1.889241918e+21
2.079716938e+21
2.165931406e+21
2.043088072e+21
1.924437594e+21
1.805257616e+21
1.789305729e+21
1.968135195e+21
1.852621124e+21
1.930116032e+21
1.91189845e+21
1.891922137e+21
1.967242684e+21
2.131733187e+21
2.018773828e+21
1.99706073e+21
1.976770917e+21
1.955266325e+21
2.110935564e+21
2.087716978e+21
1.979744357e+21
1.872578998e+21
1.937009601e+21
1.831897401e+21
1.977205188e+21
1.954658069e+21
2.094980475e+21
1.911557334e+21
1.891160534e+21
2.102840584e+21
1.926309454e+21
1.903762496e+21
1.80816353e+21
2.084671054e+21
2.062570386e+21
1.81976349e+21
1.944617615e+21
1.992638148e+21
2.042181645e+21
2.226519492e+21
1.927953675e+21
1.904851865e+21
1.817900655e+21
1.86259147e+21
1.975284975e+21
1.951531391e+21
2.060643902e+21
2.035847355e+21
1.952580261e+21
1.991313964e+21
1.971732626e+21
1.826273858e+21
1.868845909e+21
1.846408696e+21
2.064725383e+21
1.923419149e+21
1.96304211e+21
1.93959207e+21
1.921608446e+21
1.954580153e+21
1.992081108e+21
2.023149666e+21
1.950800312e+21
2.034893352e+21
1.963851955e+21
1.993278634e+21
1.975975344e+21
1.952955238e+21
1.885331465e+21
2.186074047e+21
2.063636663e+21
2.303949294e+21
1.696015258e+21
1.93475428e+21
1.81118978e+21
1.806542813e+21
1.923196605e+21
1.797096547e+21
1.912156496e+21
1.666528787e+21
2.136266102e+21
2.244584884e+21
2.11898219e+21
1.990835813e+21
2.09945519e+21
2.087299246e+21
2.193263529e+21
1.835254032e+21
1.940130778e+21
2.153526259e+21
1.803465848e+21
1.902135569e+21
2.335578051e+21
1.986354844e+21
1.863861472e+21
1.957336053e+21
2.267764382e+21
2.034198718e+21
1.806708516e+21
2.001246196e+21
1.881227864e+21
1.760294735e+21
1.745980641e+21
2.03451371e+21
1.916373754e+21
1.997475605e+21
1.979837969e+21
1.959976747e+21
1.84495302e+21
2.114380381e+21
1.904032783e+21
2.072591762e+21
2.145787579e+21
1.938441322e+21
2.101954953e+21
1.988977302e+21
1.879288765e+21
2.124432129e+21
2.102447252e+21
1.99271852e+21
2.057556747e+21
2.034676192e+21
2.013182825e+21
1.990511353e+21
1.969373102e+21
1.946944528e+21
1.926201948e+21
1.983381012e+21
1.96222239e+21
1.861875254e+21
2.072275112e+21
1.820483934e+21
2.101299849e+21
1.92824044e+21
2.348062099e+21
1.812709187e+21
1.937080915e+21
2.126713879e+21
1.964138045e+21
2.148617862e+21
1.989104434e+21
1.897514391e+21
1.810897814e+21
1.921691594e+21
1.967685503e+21
2.073633289e+21
1.924427838e+21
2.02802737e+21
2.007822973e+21
1.921676563e+21
2.025538091e+21
1.879900009e+21
2.04182585e+21
2.076641349e+21
1.998021069e+21
1.91601754e+21
1.955486368e+21
2.045771388e+21
1.914201858e+21
2.002663436e+21
1.929267434e+21
1.960853152e+21
1.99723119e+21
2.026999014e+21
2.009105488e+21
1.933272074e+21
1.864694852e+21
1.94533069e+21
2.030242732e+21
2.055375971e+21
1.933546414e+21
1.931482524e+21
2.050229767e+21
2.166867462e+21
1.803094596e+21
1.678582059e+21
2.034280677e+21
2.027641261e+21
2.022624771e+21
1.896148085e+21
2.126786752e+21
1.999425171e+21
1.992410667e+21
1.865466452e+21
1.857960965e+21
1.73177832e+21
1.72392786e+21
1.484625648e+21
2.386166705e+21
2.144157864e+21
2.244536754e+21
2.228121345e+21
1.8825334e+21
1.758048173e+21
1.855848954e+21
1.624131312e+21
1.827962188e+21
2.025541672e+21
1.904856383e+21
1.678130497e+21
1.873281513e+21
1.959115537e+21
2.045470954e+21
1.722109364e+21
1.506613587e+21
1.790261023e+21
1.774464421e+21
1.951885656e+21
2.030753199e+21
2.009991048e+21
1.991043149e+21
1.688840748e+21
2.044132685e+21
1.930581815e+21
1.820385332e+21
2.071002642e+21
1.871721276e+21
1.939589016e+21
1.919524688e+21
1.984772153e+21
2.049359142e+21
1.94216169e+21
2.005202021e+21
1.982651741e+21
1.96160282e+21
1.939291627e+21
2.078521984e+21
1.896593013e+21
1.95454642e+21
2.163718586e+21
2.06419945e+21
2.040087666e+21
1.794119534e+21
2.068524971e+21
1.973507484e+21
1.950166113e+21
2.001069166e+21
2.118521914e+21
1.956573225e+21
2.002271276e+21
1.981458933e+21
2.092758216e+21
2.004387464e+21
2.178372639e+21
2.090820567e+21
1.872035507e+21
2.108764776e+21
1.767733826e+21
2.000138501e+21
1.976076815e+21
2.078931747e+21
1.993525584e+21
1.914362383e+21
1.891372885e+21
1.99036799e+21
1.966511243e+21
1.947988567e+21
1.98130899e+21
2.019019919e+21
1.994961277e+21
1.921846873e+21
1.953295077e+21
1.935761814e+21
1.912893813e+21
2.0013424e+21
1.925778756e+21
1.960662244e+21
1.988759271e+21
1.971792339e+21
1.925843727e+21
2.526462943e+21
1.802694972e+21
1.921030187e+21
2.277068704e+21
2.273757174e+21
2.26795448e+21
2.263510159e+21
2.137397817e+21
1.776761808e+21
2.35970825e+21
1.764492631e+21
2.107710919e+21
1.866953704e+21
1.857277609e+21
1.84981166e+21
2.413890335e+21
1.945251333e+21
1.819278935e+21
1.923260412e+21
2.247232237e+21
2.12308466e+21
2.107593631e+21
1.984691761e+21
1.969326846e+21
1.84790503e+21
2.048464436e+21
1.927251436e+21
2.33542505e+21
1.791418513e+21
1.566619788e+21
1.865402011e+21
2.053591707e+21
1.935073191e+21
1.916700141e+21
2.000470658e+21
1.98095086e+21
2.159832535e+21
1.943861094e+21
1.637194557e+21
1.620486622e+21
1.699644622e+21
1.962310917e+21
2.128378939e+21
1.831224556e+21
1.903695623e+21
1.973005185e+21
2.041758725e+21
2.107466465e+21
1.824964567e+21
1.890937219e+21
1.95617549e+21
2.018594617e+21
1.997284244e+21
1.974853953e+21
2.035305848e+21
1.931698652e+21
1.911128616e+21
1.889198369e+21
1.946930271e+21
1.847412995e+21
2.056186486e+21
2.032192491e+21
1.936110615e+21
1.913363547e+21
1.820274749e+21
1.870713929e+21
1.922181427e+21
2.040046389e+21
1.879456937e+21
1.788265982e+21
2.110001084e+21
1.815757453e+21
2.063282788e+21
1.907019572e+21
2.147926707e+21
2.057815973e+21
1.97340436e+21
1.886780861e+21
1.930246606e+21
2.030062393e+21
2.071006352e+21
2.046105245e+21
2.026253821e+21
2.060797509e+21
2.041090177e+21
1.901383911e+21
1.997622986e+21
1.973731976e+21
2.011297401e+21
1.987318134e+21
1.969182696e+21
2.10794463e+21
1.928329179e+21
1.958461293e+21
1.888710701e+21
2.177578883e+21
1.901697133e+21
1.879462527e+21
1.964157598e+21
2.037123355e+21
2.275699395e+21
2.27328247e+21
1.792976847e+21
1.789719981e+21
2.025401981e+21
1.663732623e+21
2.372107156e+21
1.891524756e+21
1.768924458e+21
2.466789788e+21
1.990962755e+21
1.981883851e+21
2.207289082e+21
2.195877911e+21
1.956841877e+21
2.060042824e+21
2.164649859e+21
1.924607428e+21
2.365507662e+21
2.349417546e+21
2.002678942e+21
2.098550263e+21
2.305550791e+21
1.851981756e+21
2.056502803e+21
1.825057645e+21
2.238930546e+21
1.902739043e+21
1.88880369e+21
1.768054219e+21
2.167186604e+21
1.738274266e+21
2.129860479e+21
1.908756216e+21
1.992192287e+21
2.071430125e+21
1.955408098e+21
1.83910713e+21
2.014148576e+21
2.088565799e+21
2.068901303e+21
1.954372383e+21
1.935451412e+21
2.097438412e+21
1.896048582e+21
2.054438344e+21
2.033602689e+21
2.099084845e+21
1.990829233e+21
1.969068043e+21
2.033158345e+21
2.010648783e+21
1.989428749e+21
2.049080481e+21
1.946244765e+21
2.004338442e+21
2.062320078e+21
2.038682927e+21
1.939373245e+21
1.916943533e+21
1.896514344e+21
1.874405731e+21
2.077007352e+21
1.906010854e+21
2.030875726e+21
1.863545482e+21
1.914817305e+21
2.032248337e+21
2.080303996e+21
1.986995945e+21
1.898537981e+21
1.875837261e+21
2.055425498e+21
2.030785688e+21
1.815551669e+21
1.985935039e+21
1.902489e+21
1.816962157e+21
2.0469742e+21
2.083638021e+21
2.184502399e+21
2.038334515e+21
2.018556539e+21
1.876997399e+21
1.917141189e+21
1.894150601e+21
1.990021912e+21
2.022390198e+21
2.003633734e+21
1.979733333e+21
2.016157162e+21
1.938352385e+21
1.97431322e+21
2.003679284e+21
2.038257842e+21
2.065908155e+21
2.150383045e+21
1.821609582e+21
1.806075464e+21
1.789515951e+21
1.788664003e+21
2.144122875e+21
2.14207015e+21
2.138189312e+21
2.135084975e+21
2.011350136e+21
1.889331835e+21
1.647812266e+21
1.995976738e+21
1.754272475e+21
2.215449431e+21
2.205372589e+21
2.081989394e+21
1.956183335e+21
2.062941356e+21
1.937164026e+21
1.928405881e+21
2.36719816e+21
2.243154009e+21
2.227932039e+21
2.215654279e+21
1.979606057e+21
1.858433966e+21
2.169542568e+21
2.047774706e+21
2.03114967e+21
2.017149945e+21
2.210534126e+21
2.29885135e+21
1.86423696e+21
1.849840207e+21
1.832882855e+21
2.020028279e+21
2.000924071e+21
1.884783041e+21
2.062932148e+21
2.142138059e+21
2.120809128e+21
1.814905042e+21
1.796450386e+21
2.15418786e+21
2.131878565e+21
2.019456996e+21
2.089036442e+21
1.798535933e+21
2.135222778e+21
2.025511555e+21
1.916538827e+21
2.06916585e+21
1.961308812e+21
1.772009419e+21
2.002765258e+21
1.981634805e+21
1.959440952e+21
1.938655569e+21
2.156275904e+21
1.896289363e+21
2.187010851e+21
1.854599672e+21
1.909555914e+21
1.813640668e+21
2.016584061e+21
1.995140113e+21
1.971741934e+21
2.023103678e+21
1.856431763e+21
1.978157891e+21
2.024509673e+21
1.9342244e+21
1.911188612e+21
1.958871055e+21
2.068941322e+21
1.915522805e+21
1.827308861e+21
2.131649848e+21
1.850778308e+21
1.768934339e+21
1.685254859e+21
1.606665128e+21
2.014705015e+21
1.994884429e+21
2.150070972e+21
1.951772883e+21
1.928325395e+21
1.967756521e+21
2.058515037e+21
1.86919398e+21
2.014714784e+21
1.940583018e+21
1.972206208e+21
2.008490857e+21
2.038242359e+21
1.913633836e+21
1.943497853e+21
1.978408965e+21
1.955093143e+21
1.989135982e+21
2.066635949e+21
1.849112117e+21
2.019192068e+21
1.899512647e+21
2.016099322e+21
1.658729055e+21
1.773998231e+21
1.88951977e+21
1.649143612e+21
1.998616871e+21
2.10934799e+21
1.987249417e+21
2.095943521e+21
1.857507506e+21
2.311350164e+21
1.957778683e+21
1.947707887e+21
2.396345574e+21
1.815345715e+21
2.033038685e+21
1.908070469e+21
2.233526928e+21
1.996565154e+21
1.985572136e+21
2.299714829e+21
2.068247633e+21
1.836307224e+21
1.931798257e+21
1.703243444e+21
1.902953067e+21
2.096461051e+21
2.081132551e+21
2.269033042e+21
2.251524326e+21
2.230926169e+21
2.011687459e+21
1.992699249e+21
1.877047433e+21
1.956670107e+21
2.1333991e+21
1.728160622e+21
1.99781329e+21
2.071703441e+21
2.145504029e+21
1.93868646e+21
1.828512385e+21
2.080701516e+21
1.880937336e+21
1.860907615e+21
1.929767831e+21
1.822205029e+21
1.803383302e+21
2.038550079e+21
2.017211683e+21
1.994943313e+21
1.97390169e+21
2.033150334e+21
1.931125329e+21
1.988825351e+21
1.967662311e+21
2.022969444e+21
2.001411189e+21
2.054403019e+21
1.881959777e+21
2.083271984e+21
1.913899009e+21
2.18246966e+21
2.087369136e+21
1.920501846e+21
2.041016834e+21
2.086375575e+21
1.995705241e+21
1.903953578e+21
1.749581035e+21
1.928146733e+21
2.039889093e+21
1.950441576e+21
1.866197084e+21
1.907378741e+21
2.076952799e+21
2.114174818e+21
2.031541826e+21
2.067934742e+21
1.92714224e+21
1.963469709e+21
1.944414444e+21
1.9210525e+21
1.960333102e+21
1.99377801e+21
1.974991988e+21
1.839839292e+21
1.988480281e+21
1.964736104e+21
1.946804724e+21
1.92363658e+21
1.959324555e+21
2.04075569e+21
1.919015555e+21
1.896377495e+21
2.083163822e+21
1.908083862e+21
1.941604042e+21
2.246855374e+21
1.89119059e+21
1.653047278e+21
2.123315598e+21
2.001739215e+21
1.998837787e+21
1.759226393e+21
2.106948127e+21
1.750134115e+21
1.745821839e+21
1.739033208e+21
1.965034258e+21
1.726007182e+21
1.605312462e+21
2.281535958e+21
1.704297184e+21
1.920517451e+21
1.911849679e+21
2.011667403e+21
2.001583915e+21
1.877616454e+21
2.196808735e+21
1.853787268e+21
1.734313004e+21
1.936131921e+21
1.923668432e+21
2.014125158e+21
1.789712019e+21
2.296497418e+21
1.968849263e+21
1.95150104e+21
2.03837322e+21
1.918774147e+21
1.803073713e+21
1.885314679e+21
2.262927707e+21
1.948708256e+21
1.931573775e+21
1.912411979e+21
1.989744608e+21
2.250953407e+21
1.858165155e+21
1.930937543e+21
1.912274188e+21
1.982327061e+21
1.962684618e+21
2.030082824e+21
2.009520917e+21
1.815043372e+21
1.96737896e+21
1.861364876e+21
2.009331791e+21
1.987182228e+21
1.966228697e+21
1.944266674e+21
2.003805585e+21
1.981158509e+21
1.96008206e+21
1.937695375e+21
2.147096123e+21
1.819152186e+21
1.874765947e+21
1.852975524e+21
1.979939037e+21
1.956760586e+21
1.936031805e+21
1.913226254e+21
2.03328629e+21
2.009207819e+21
1.919606682e+21
1.964515012e+21
2.011134222e+21
1.78841232e+21
1.769988167e+21
2.007878059e+21
2.051508193e+21
1.836873025e+21
2.069149211e+21
2.044288765e+21
2.023912571e+21
1.93898497e+21
2.039899967e+21
1.956096816e+21
1.995811622e+21
1.913834261e+21
2.067845804e+21
1.929527975e+21
2.023777895e+21
1.999537419e+21
1.980989184e+21
1.957322376e+21
1.939457998e+21
1.969594433e+21
2.00466971e+21
1.928761333e+21
1.911741111e+21
2.144459746e+21
1.923398129e+21
2.050868554e+21
1.934200849e+21
2.001573697e+21
2.118308776e+21
1.998521035e+21
1.761717447e+21
1.641313605e+21
1.990137227e+21
1.868352267e+21
1.864705714e+21
1.858714281e+21
2.085905382e+21
1.846946594e+21
2.186722128e+21
1.833137549e+21
1.94091028e+21
1.930975425e+21
2.036378752e+21
1.912300992e+21
2.015658772e+21
1.66924877e+21
2.103792631e+21
2.089615658e+21
2.296880957e+21
1.628794557e+21
2.374633096e+21
1.92800731e+21
1.702761553e+21
2.005719476e+21
1.991930133e+21
2.079061306e+21
2.270273537e+21
1.8411628e+21
1.928477111e+21
2.112052252e+21
1.79568969e+21
1.877628262e+21
2.057740438e+21
2.134892032e+21
2.116133355e+21
1.904708061e+21
1.981740839e+21
2.055111184e+21
2.035807994e+21
2.014833674e+21
2.08606858e+21
2.064229617e+21
2.043785536e+21
1.84625804e+21
2.088646857e+21
2.066214615e+21
1.959684489e+21
2.022671731e+21
2.001513223e+21
1.979481296e+21
1.958615126e+21
2.098164607e+21
1.916238993e+21
2.210376616e+21
1.95255999e+21
2.007496337e+21
1.909722829e+21
2.114258497e+21
1.792921827e+21
1.772102979e+21
2.045477812e+21
1.94935496e+21
2.000140402e+21
1.976598378e+21
2.025614084e+21
1.932621125e+21
1.844081067e+21
1.957133987e+21
2.070364245e+21
1.913682338e+21
1.893967359e+21
2.129411862e+21
1.979953001e+21
1.89310184e+21
1.874003675e+21
1.78977627e+21
2.016340403e+21
1.992099729e+21
2.03226883e+21
2.007832999e+21
1.871382082e+21
2.022225823e+21
2.002878124e+21
2.035373954e+21
1.90418204e+21
1.992034165e+21
1.973554317e+21
2.058295742e+21
1.932166512e+21
1.96217427e+21
2.154784652e+21
1.97340836e+21
1.955995166e+21
2.034606454e+21
1.916114639e+21
2.043074737e+21
2.075073429e+21
1.992879308e+21
2.109108752e+21
1.989846341e+21
2.1048866e+21
1.750926773e+21
1.864952549e+21
1.976533657e+21
1.624559168e+21
2.313360935e+21
1.846135947e+21
1.838993522e+21
2.062715878e+21
1.939348214e+21
2.159947511e+21
2.375120434e+21
2.252973235e+21
1.904154537e+21
1.895575342e+21
1.772979854e+21
1.874364909e+21
1.971278458e+21
2.178281073e+21
1.838212762e+21
1.612275082e+21
2.133278446e+21
1.801633887e+21
1.787132751e+21
1.879259767e+21
1.966945829e+21
1.849831234e+21
1.935464369e+21
1.819482747e+21
1.903098981e+21
2.086426883e+21
2.165268096e+21
1.951807326e+21
1.932977371e+21
1.724403976e+21
1.897065963e+21
1.785820136e+21
2.046914323e+21
1.843363117e+21
2.189284652e+21
1.535770814e+21
1.877300552e+21
1.947227083e+21
1.839019407e+21
1.907094659e+21
2.058157281e+21
1.95204997e+21
2.014824954e+21
1.993755265e+21
1.971839821e+21
2.032354468e+21
1.929325615e+21
1.988418291e+21
1.887360768e+21
2.02289925e+21
1.999848208e+21
1.902451346e+21
2.106234153e+21
2.009385387e+21
1.986075609e+21
2.110521019e+21
2.157783531e+21
1.850272712e+21
2.320803469e+21
1.948413368e+21
1.719082364e+21
1.973251403e+21
2.08427775e+21
1.863007015e+21
2.038016129e+21
2.017019932e+21
1.992891277e+21
1.972563021e+21
1.948911347e+21
2.053716642e+21
2.21351144e+21
2.06969816e+21
2.044818666e+21
2.024694575e+21
1.941515905e+21
2.039193661e+21
2.014684106e+21
2.052418386e+21
2.027775447e+21
1.952868018e+21
1.984587013e+21
1.96617505e+21
1.996624331e+21
1.924929647e+21
2.007642504e+21
1.884905e+21
2.0177194e+21
1.89735643e+21
2.026928678e+21
2.059587638e+21
1.936055058e+21
2.067221208e+21
1.750817757e+21
2.216654313e+21
2.097790547e+21
1.746492955e+21
1.975818277e+21
2.205074482e+21
2.431079899e+21
2.310802346e+21
1.957902986e+21
2.06797787e+21
2.059997229e+21
2.053876677e+21
1.703875807e+21
1.811134186e+21
2.139766594e+21
2.01904714e+21
1.449941385e+21
1.998573494e+21
1.765491481e+21
1.7566648e+21
1.853936226e+21
1.952220551e+21
1.938201072e+21
1.819610761e+21
2.018180999e+21
2.21629847e+21
1.989116851e+21
2.079436189e+21
2.268142806e+21
2.046921046e+21
2.028994176e+21
2.214725859e+21
1.795601415e+21
1.979001785e+21
1.96046519e+21
2.041122322e+21
1.540165428e+21
2.003729159e+21
2.172907685e+21
1.685078512e+21
1.853438718e+21
1.927852691e+21
2.089777873e+21
1.889645496e+21
2.048016468e+21
1.939589262e+21
2.006298011e+21
1.899654869e+21
1.964739105e+21
1.944474704e+21
2.007038824e+21
1.986057215e+21
1.964257116e+21
1.94356351e+21
2.002021738e+21
1.980812925e+21
1.958508592e+21
2.01519524e+21
2.068883445e+21
1.895235027e+21
1.948394026e+21
2.07593198e+21
1.978592188e+21
2.030069308e+21
1.934710611e+21
1.985118982e+21
2.171982292e+21
1.733139715e+21
1.781164864e+21
1.965878651e+21
1.87555305e+21
2.121211219e+21
1.964931045e+21
1.87986457e+21
1.98548147e+21
1.901833548e+21
2.192209926e+21
1.860078512e+21
2.021518703e+21
2.001364787e+21
1.977309262e+21
1.839190401e+21
2.110152723e+21
1.973573569e+21
1.949849906e+21
2.04479068e+21
2.020233463e+21
1.890014439e+21
1.977195336e+21
2.013263281e+21
1.935413132e+21
1.971017534e+21
1.89486527e+21
1.98218246e+21
1.907070863e+21
1.941332663e+21
2.019308631e+21
2.051847052e+21
1.92875306e+21
2.010394185e+21
2.091933715e+21
2.207110068e+21
1.972720926e+21
1.970842822e+21
1.851601416e+21
2.311157828e+21
1.959573544e+21
2.300891627e+21
1.949521555e+21
2.173525246e+21
1.709335406e+21
1.931495524e+21
1.922840837e+21
1.803431289e+21
2.130692323e+21
2.122185469e+21
2.11019375e+21
1.879575732e+21
1.86794523e+21
1.858614247e+21
1.846174995e+21
1.944056987e+21
1.822897772e+21
1.918630542e+21
2.009817373e+21
1.786720852e+21
1.980918186e+21
1.967333165e+21
2.156171398e+21
1.936616041e+21
1.818652847e+21
1.904934321e+21
1.987029317e+21
1.77389609e+21
1.854940515e+21
1.839302703e+21
2.013373347e+21
2.090752452e+21
1.881964273e+21
2.051354662e+21
2.123020447e+21
2.011674544e+21
2.172058944e+21
1.792591563e+21
2.128700899e+21
2.019829812e+21
1.99849311e+21
1.892272901e+21
1.87204387e+21
1.936958006e+21
1.916007947e+21
1.978418382e+21
2.038263028e+21
2.016795961e+21
1.914612439e+21
1.973265515e+21
2.107159132e+21
1.930336239e+21
1.984725453e+21
2.039119107e+21
1.941054904e+21
2.36356136e+21
2.117177169e+21
2.094682204e+21
1.99885844e+21
2.11895632e+21
1.954469388e+21
2.072007904e+21
2.115790315e+21
1.891024209e+21
2.068790329e+21
1.981247398e+21
1.82713336e+21
2.131221524e+21
1.97812656e+21
2.021106919e+21
2.059291057e+21
1.853193248e+21
1.647851716e+21
2.054383122e+21
1.790905531e+21
2.009714187e+21
1.868752253e+21
1.908439115e+21
1.828359478e+21
1.980630031e+21
2.012747374e+21
1.993774663e+21
2.024576807e+21
2.005791414e+21
2.035341899e+21
2.069835451e+21
2.202440821e+21
2.026766782e+21
2.105348574e+21
2.086774345e+21
1.860864738e+21
2.044164431e+21
2.118583468e+21
2.051693707e+21
2.198683919e+21
2.428978992e+21
1.964268286e+21
1.962399924e+21
1.843677563e+21
2.186206461e+21
1.951202169e+21
2.176512279e+21
2.055400494e+21
2.164264553e+21
1.929011271e+21
1.923288966e+21
2.139949974e+21
2.132504943e+21
2.121694691e+21
1.890785387e+21
2.433104709e+21
1.98177542e+21
1.969540778e+21
2.068583387e+21
1.838478475e+21
2.473728473e+21
1.922120024e+21
2.01682976e+21
1.790836173e+21
2.198028661e+21
2.180448601e+21
2.165507415e+21
2.147369839e+21
1.827210289e+21
1.811271347e+21
1.997067309e+21
1.979011187e+21
1.963054044e+21
1.944736088e+21
2.024770469e+21
1.909851547e+21
1.893115372e+21
1.68705291e+21
1.950359471e+21
1.838828566e+21
2.003756712e+21
1.802956119e+21
1.696297289e+21
1.855355499e+21
1.837015066e+21
2.077302991e+21
2.056306999e+21
1.949593048e+21
2.013390468e+21
1.991645713e+21
1.970838085e+21
2.030484716e+21
1.928741469e+21
1.907339684e+21
1.965775403e+21
1.865946424e+21
2.153805156e+21
1.901201462e+21
2.106681236e+21
1.78501926e+21
1.91319053e+21
1.818327097e+21
1.942930812e+21
2.204771264e+21
1.970321507e+21
1.808116846e+21
2.201926229e+21
2.175940863e+21
2.220441645e+21
2.061132609e+21
2.039711104e+21
2.015422211e+21
1.930314055e+21
1.907250908e+21
2.013646867e+21
1.989525082e+21
1.969449354e+21
2.006618386e+21
1.866209377e+21
2.022213675e+21
2.061198192e+21
1.97823087e+21
1.901403207e+21
1.878541721e+21
2.029704101e+21
2.00531656e+21
1.986412345e+21
1.962575943e+21
1.944364673e+21
1.974440702e+21
1.903540702e+21
1.880799963e+21
2.01924466e+21
1.94403847e+21
1.926888351e+21
1.904027177e+21
1.837852383e+21
1.963398019e+21
1.995350029e+21
1.728391922e+21
1.84275035e+21
1.955887772e+21
2.06897194e+21
1.721082414e+21
1.718599752e+21
2.057190369e+21
1.939124596e+21
1.932972144e+21
2.041657048e+21
2.146827292e+21
2.027807839e+21
1.79445845e+21
2.235275504e+21
2.223971295e+21
2.325861893e+21
2.092516013e+21
2.08311971e+21
1.852363722e+21
1.734706909e+21
2.046239492e+21
1.60661082e+21
1.701492581e+21
2.219929501e+21
1.888386038e+21
1.980529461e+21
2.378347631e+21
1.643174661e+21
1.934959859e+21
2.021991577e+21
1.803949523e+21
2.088456513e+21
1.773951757e+21
1.955176172e+21
2.033814097e+21
2.016692399e+21
1.997378687e+21
1.791326399e+21
1.587035952e+21
1.85016077e+21
2.01477048e+21
1.905178192e+21
1.706122567e+21
2.04540762e+21
2.024168723e+21
2.091306679e+21
2.069284255e+21
1.963028832e+21
1.942107253e+21
1.838528153e+21
1.984037363e+21
1.963315655e+21
1.941854923e+21
2.001473857e+21
1.900121972e+21
1.880008259e+21
1.936370718e+21
2.069063288e+21
2.045592377e+21
2.09878015e+21
2.074736773e+21
1.832732008e+21
2.101400697e+21
1.792309784e+21
1.84229456e+21
2.033112518e+21
1.939989961e+21
1.919550101e+21
1.964659358e+21
2.078162282e+21
1.854802529e+21
2.032189121e+21
2.008001821e+21
1.987313613e+21
2.090261525e+21
1.880851579e+21
1.734438973e+21
1.900893667e+21
1.999250296e+21
1.979313863e+21
1.955530824e+21
1.994953846e+21
2.028935818e+21
1.951825624e+21
2.041787821e+21
2.022243987e+21
1.997940411e+21
1.979104199e+21
2.118292605e+21
1.93720168e+21
2.126654377e+21
1.949197301e+21
1.925896583e+21
1.908610056e+21
2.140709148e+21
2.020785789e+21
1.996788416e+21
2.127944672e+21
2.053879531e+21
1.939426409e+21
2.065252521e+21
2.40832883e+21
1.833015026e+21
2.060183959e+21
2.170787514e+21
2.167658594e+21
1.59325944e+21
1.817330448e+21
1.81157869e+21
2.145977909e+21
1.912748516e+21
2.131446035e+21
1.898600033e+21
2.114594048e+21
1.993192571e+21
1.985254158e+21
1.864441672e+21
1.965257369e+21
2.061690048e+21
1.943447728e+21
2.252282563e+21
1.919970868e+21
2.012209382e+21
2.000253924e+21
1.776175488e+21
1.972433066e+21
1.853737346e+21
2.045617104e+21
2.332835834e+21
1.812434534e+21
1.896502582e+21
2.179110903e+21
2.159484254e+21
2.239465468e+21
1.736331634e+21
2.199981246e+21
1.610528416e+21
1.972065298e+21
1.952745097e+21
2.119327945e+21
1.733224602e+21
1.98810657e+21
2.057275931e+21
1.948879471e+21
1.928675354e+21
1.822826628e+21
1.975438556e+21
1.955488499e+21
1.934678724e+21
1.998002712e+21
1.976486921e+21
2.037344198e+21
1.934500649e+21
1.993899779e+21
1.89295868e+21
2.107041636e+21
2.006266314e+21
2.137646212e+21
2.113424225e+21
1.941585386e+21
1.919365569e+21
1.971981635e+21
2.093600304e+21
1.928512023e+21
1.976667495e+21
1.955743007e+21
2.001860059e+21
2.11737463e+21
1.88992852e+21
2.204093296e+21
1.847987348e+21
1.959408787e+21
1.936099229e+21
1.980023254e+21
1.956385178e+21
2.061356103e+21
1.974960363e+21
2.01612393e+21
1.991936118e+21
1.912311409e+21
2.007419309e+21
2.104575547e+21
1.905997244e+21
1.944682431e+21
2.034312541e+21
2.01483851e+21
1.990618327e+21
1.971849631e+21
2.056402886e+21
1.983704915e+21
2.012894366e+21
1.942030856e+21
1.866941927e+21
2.004366688e+21
2.031240982e+21
1.962990483e+21
1.989392889e+21
1.972154071e+21
2.14368867e+21
2.02883495e+21
1.82800835e+21
1.941347269e+21
1.939339462e+21
2.279411464e+21
2.047846237e+21
1.931291427e+21
2.15316021e+21
1.922771849e+21
1.803954204e+21
2.024478931e+21
1.79267721e+21
2.010793172e+21
1.890655018e+21
2.105750953e+21
1.984880879e+21
1.867149596e+21
2.184349473e+21
1.957101173e+21
2.053162364e+21
2.150463449e+21
2.136199051e+21
2.124526941e+21
2.00396445e+21
1.887222091e+21
1.977044769e+21
1.654233766e+21
2.153924047e+21
1.833600166e+21
2.121391084e+21
2.005706565e+21
1.690066369e+21
1.973077658e+21
1.955340415e+21
1.842628174e+21
2.017690549e+21
2.000728098e+21
1.887272528e+21
1.683690071e+21
1.852470895e+21
1.835683822e+21
1.999074189e+21
1.980372819e+21
1.960207462e+21
1.941340864e+21
1.921246987e+21
1.988748977e+21
1.967871455e+21
2.03270178e+21
2.011102755e+21
1.990396701e+21
1.968993729e+21
2.029626835e+21
1.927201869e+21
1.906927498e+21
2.043003295e+21
1.943642395e+21
1.921888095e+21
1.901479754e+21
1.879957563e+21
2.08315445e+21
1.912243105e+21
1.819136449e+21
1.870079233e+21
2.06370722e+21
1.899044617e+21
2.087715384e+21
1.856947655e+21
1.973488103e+21
2.084745343e+21
1.86328042e+21
1.906979997e+21
2.017310372e+21
1.86472223e+21
1.909147923e+21
1.886365031e+21
1.74264433e+21
2.029250107e+21
2.008769935e+21
1.984675262e+21
2.024423086e+21
2.000103006e+21
1.980408739e+21
1.956595828e+21
2.051567294e+21
1.970589247e+21
2.007487074e+21
1.983349715e+21
1.964648052e+21
1.941047767e+21
1.976450444e+21
1.952744603e+21
1.987211966e+21
1.911758354e+21
1.945804242e+21
1.922578422e+21
1.855472545e+21
1.932500643e+21
2.063122742e+21
2.087213365e+21
1.828820695e+21
1.820302205e+21
2.1605957e+21
1.931169872e+21
1.702358396e+21
2.039230054e+21
2.149422801e+21
2.256964597e+21
2.139957112e+21
2.133217433e+21
1.90399794e+21
2.00833166e+21
2.002392465e+21
1.88277622e+21
1.765879169e+21
1.757011751e+21
2.078154918e+21
2.066547861e+21
2.273847797e+21
1.829472837e+21
1.820371876e+21
1.914695569e+21
1.904242315e+21
1.785703986e+21
2.088366666e+21
1.865385417e+21
2.162378017e+21
2.043071768e+21
1.927660911e+21
1.710419075e+21
2.097545135e+21
1.881353578e+21
2.161729542e+21
2.239711814e+21
2.221705029e+21
1.722620797e+21
1.803046036e+21
2.067850798e+21
1.677090601e+21
1.937503499e+21
2.102809472e+21
1.900802973e+21
1.972699002e+21
1.863888013e+21
2.10966584e+21
2.000869967e+21
1.981127654e+21
1.960362106e+21
2.024953347e+21
2.00346872e+21
1.98284838e+21
1.961557139e+21
2.021967717e+21
2.079954454e+21
2.13723609e+21
1.957075951e+21
2.091285072e+21
2.067905937e+21
1.818623938e+21
1.872981373e+21
2.075428529e+21
1.978449202e+21
2.029903715e+21
1.791527558e+21
2.127006295e+21
1.892068638e+21
1.7333738e+21
1.987192538e+21
2.101863852e+21
2.077125931e+21
1.856471207e+21
1.900024214e+21
2.009952401e+21
1.921998302e+21
2.029008343e+21
1.9421545e+21
1.984349359e+21
1.960607342e+21
2.062119982e+21
2.097313641e+21
1.957743556e+21
1.992839839e+21
2.03125118e+21
2.006826837e+21
2.044113629e+21
1.963427079e+21
2.000189088e+21
1.976133992e+21
1.957498886e+21
1.987697845e+21
2.02247178e+21
1.945618142e+21
2.032063274e+21
2.059207349e+21
1.887670134e+21
2.066756024e+21
1.998563263e+21
1.876026724e+21
1.908715587e+21
2.07951546e+21
2.109775558e+21
2.152534653e+21
1.925050569e+21
2.03619052e+21
2.034262307e+21
2.143501963e+21
1.915112168e+21
2.13514818e+21
2.131009379e+21
2.012508182e+21
2.119120106e+21
1.888862107e+21
1.883280456e+21
1.874962816e+21
1.978375085e+21
1.85910464e+21
2.287416324e+21
1.841399244e+21
1.72532463e+21
2.036316897e+21
1.919553327e+21
2.012813957e+21
1.685754917e+21
1.883061129e+21
2.287878214e+21
1.961056025e+21
1.948536245e+21
1.933111248e+21
1.717821093e+21
2.104418331e+21
2.188649952e+21
2.169743597e+21
1.761661986e+21
2.036865593e+21
2.116715682e+21
1.334547091e+21
1.985014562e+21
1.685262714e+21
2.041774368e+21
1.929971576e+21
2.003574838e+21
1.803291432e+21
2.054406447e+21
2.121970736e+21
2.014002601e+21
1.993222449e+21
1.887757368e+21
2.037818973e+21
1.933211106e+21
1.995892423e+21
1.975357095e+21
1.954176511e+21
2.094940835e+21
1.912768299e+21
1.892656926e+21
1.949780458e+21
1.929161881e+21
2.060230141e+21
1.887372642e+21
1.866056767e+21
1.993911142e+21
2.044167558e+21
2.022430048e+21
2.070542758e+21
1.977920712e+21
2.164424273e+21
1.934275317e+21
2.048212846e+21
1.891529496e+21
2.002801946e+21
1.84971158e+21
1.89311899e+21
2.002647911e+21
1.85119043e+21
1.958469614e+21
2.184808968e+21
1.977157706e+21
2.13665023e+21
1.873359803e+21
2.030017601e+21
1.950657551e+21
1.752025794e+21
2.023899903e+21
2.05669426e+21
2.036713929e+21
1.956316785e+21
1.992943972e+21
1.968970582e+21
2.004579382e+21
1.926956133e+21
2.015129241e+21
2.043329642e+21
2.076588378e+21
2.051703993e+21
1.931624106e+21
2.059206676e+21
2.041045571e+21
1.869154818e+21
2.048012521e+21
1.97550789e+21
1.815386611e+21
1.917900904e+21
1.465944536e+21
2.140333747e+21
1.913223546e+21
1.909868196e+21
1.794940019e+21
1.902438419e+21
2.12213616e+21
1.781461019e+21
2.110316278e+21
1.770383055e+21
2.096122101e+21
1.647541759e+21
1.860748373e+21
1.633630489e+21
1.844097428e+21
1.725971278e+21
2.14781532e+21
1.921260693e+21
2.017925149e+21
2.321147641e+21
1.993700998e+21
2.083821187e+21
2.278628498e+21
2.055956042e+21
2.042840838e+21
2.330707262e+21
2.012880454e+21
2.195844509e+21
1.88267677e+21
1.964678601e+21
2.144623265e+21
2.028840658e+21
1.91671659e+21
2.183881685e+21
1.977249992e+21
1.77196009e+21
2.126280566e+21
1.922497986e+21
2.177265917e+21
1.886165609e+21
1.690592719e+21
2.113846434e+21
2.093531953e+21
1.89930129e+21
1.966058914e+21
1.860926471e+21
1.925897677e+21
1.98837321e+21
1.967922202e+21
1.946851217e+21
1.926548735e+21
1.905632286e+21
1.964168165e+21
2.097942287e+21
1.922002237e+21
1.976588484e+21
1.880397292e+21
2.007917828e+21
2.060147341e+21
1.963927437e+21
2.015011212e+21
2.06296936e+21
2.11145231e+21
2.017400371e+21
1.85839435e+21
1.904712928e+21
1.951960691e+21
1.929017304e+21
2.106286857e+21
1.886263775e+21
1.995396319e+21
2.098911416e+21
1.762544873e+21
1.990327075e+21
2.031581056e+21
1.946461437e+21
2.047239278e+21
1.963206859e+21
2.002520313e+21
1.920280306e+21
1.958984455e+21
1.821580135e+21
1.916624964e+21
2.004950882e+21
1.985751154e+21
2.016355e+21
1.997337613e+21
2.026652698e+21
1.902164042e+21
1.931520135e+21
1.965611008e+21
1.890935986e+21
1.873963596e+21
2.05171228e+21
1.984017804e+21
2.009359367e+21
2.040540108e+21
1.872261888e+21
1.951538836e+21
1.572872644e+21
1.909025198e+21
1.794888404e+21
2.241489536e+21
1.790054316e+21
2.122637236e+21
2.005991059e+21
2.224564766e+21
1.884967889e+21
1.769756041e+21
1.873266535e+21
1.538138224e+21
2.187681125e+21
1.962100452e+21
2.169239935e+21
2.160634524e+21
1.82635146e+21
2.245999385e+21
2.019745603e+21
1.903947493e+21
1.576190037e+21
2.299154984e+21
2.075420514e+21
2.269453272e+21
2.047709278e+21
2.136389841e+21
1.81675354e+21
1.804373421e+21
1.988300011e+21
1.973911017e+21
1.761232243e+21
2.039072558e+21
2.020878708e+21
1.527364422e+21
2.080779298e+21
2.06333383e+21
2.229581706e+21
1.933865496e+21
2.097470821e+21
1.897769077e+21
2.057876964e+21
1.95003028e+21
2.018043101e+21
1.911760763e+21
1.892097047e+21
1.95861018e+21
2.022442468e+21
1.918639374e+21
1.98091044e+21
2.04223236e+21
2.020396495e+21
1.919359982e+21
1.977655542e+21
1.956873289e+21
2.012765497e+21
2.068087181e+21
1.893563184e+21
2.17322904e+21
2.000548835e+21
2.125897638e+21
2.029218286e+21
2.007646606e+21
1.984573535e+21
2.033634969e+21
1.802132083e+21
1.851644041e+21
1.830031958e+21
2.01195401e+21
2.187152967e+21
2.033089535e+21
1.749840233e+21
1.924061665e+21
2.027976396e+21
1.881638065e+21
2.04514037e+21
2.024271211e+21
1.878856483e+21
2.09987562e+21
1.896876185e+21
1.995324331e+21
2.029344712e+21
1.837125332e+21
1.985194498e+21
2.022074095e+21
1.942249579e+21
1.978610068e+21
1.954798444e+21
1.936360197e+21
1.91306763e+21
2.000602951e+21
2.028577064e+21
1.958514668e+21
1.985938635e+21
2.069042506e+21
2.044272237e+21
1.877982973e+21
1.904391489e+21
1.93630669e+21
1.961095512e+21
1.991848293e+21
2.125763432e+21
1.901112152e+21
1.899168408e+21
1.897374583e+21
2.005478361e+21
2.225112057e+21
1.775737411e+21
1.883071722e+21
1.656351205e+21
1.65231021e+21
2.30452138e+21
2.078895586e+21
2.069778322e+21
1.954063133e+21
2.05235993e+21
1.829042964e+21
1.92591468e+21
2.023832546e+21
2.011560687e+21
1.896239346e+21
1.98845277e+21
1.873545843e+21
2.067087301e+21
2.054865128e+21
2.141504828e+21
1.722557686e+21
2.211651642e+21
1.996901931e+21
1.980440375e+21
2.064424972e+21
1.851770201e+21
2.031068069e+21
2.012979005e+21
1.806665448e+21
1.884265138e+21
1.868477778e+21
2.035884726e+21
2.018135886e+21
1.907723115e+21
1.890486797e+21
2.050014048e+21
1.942589371e+21
2.010375416e+21
2.077642964e+21
2.056306092e+21
2.036053225e+21
2.014840906e+21
1.994541469e+21
1.973503478e+21
1.953219062e+21
2.012879329e+21
1.912224678e+21
1.970332096e+21
1.871647103e+21
2.005345388e+21
1.831527552e+21
1.886611932e+21
1.941264138e+21
1.845586789e+21
1.899011713e+21
2.021825346e+21
1.85745452e+21
2.189228084e+21
2.02625335e+21
1.795607967e+21
1.981605009e+21
2.026027233e+21
1.937868119e+21
1.717004112e+21
1.895072176e+21
1.937277119e+21
2.1088592e+21
2.083844175e+21
1.999876301e+21
1.914305319e+21
1.955892152e+21
1.992909391e+21
1.972790278e+21
1.949150772e+21
1.871228123e+21
2.079854608e+21
2.002161903e+21
2.034603755e+21
2.014832818e+21
1.990585613e+21
1.97152016e+21
2.001893845e+21
1.929415058e+21
2.065048034e+21
1.99341806e+21
1.969452669e+21
2.054178299e+21
2.080256428e+21
1.96101979e+21
1.987205813e+21
1.871198411e+21
2.043452392e+21
2.073990006e+21
1.953967896e+21
1.984612202e+21
1.894146318e+21
1.893264435e+21
2.113842849e+21
2.000698056e+21
2.10817064e+21
1.994350757e+21
1.768432262e+21
2.316581173e+21
2.199402316e+21
2.303742326e+21
2.185795749e+21
1.634516901e+21
1.627365099e+21
1.729859015e+21
1.936430919e+21
1.928760915e+21
2.131232496e+21
2.015637322e+21
2.214330456e+21
1.783671508e+21
2.084697779e+21
2.177030028e+21
1.749997629e+21
2.04665702e+21
2.234553908e+21
1.917560226e+21
1.802369948e+21
1.790106681e+21
1.972642631e+21
2.056307716e+21
1.941599113e+21
2.119465519e+21
2.005140823e+21
1.989076564e+21
1.876969666e+21
1.768191133e+21
2.028047035e+21
1.827615961e+21
1.99091673e+21
2.152297362e+21
1.953419207e+21
1.847241167e+21
2.002765778e+21
2.06978857e+21
2.048565039e+21
1.943880763e+21
2.007296273e+21
1.987080698e+21
1.966151703e+21
2.10811204e+21
1.925201177e+21
2.143285009e+21
2.041585196e+21
1.942444898e+21
2.074825163e+21
1.900838647e+21
1.87971153e+21
1.859777202e+21
1.838862899e+21
2.037642878e+21
2.014486079e+21
1.993077722e+21
1.829483697e+21
1.879688909e+21
2.133194555e+21
1.83828948e+21
1.884155885e+21
2.064063237e+21
2.039849308e+21
1.888271054e+21
2.12337113e+21
2.037629166e+21
1.824707582e+21
1.743633091e+21
2.030529782e+21
2.009808204e+21
1.92562122e+21
2.025316595e+21
1.883343455e+21
1.981086411e+21
1.899733479e+21
1.995019302e+21
1.971030182e+21
1.951875353e+21
1.928383233e+21
1.96448088e+21
1.940828862e+21
2.029326203e+21
1.952138394e+21
1.881743296e+21
1.962394034e+21
1.89330422e+21
1.97167379e+21
1.903874958e+21
1.930550284e+21
1.9135275e+21
1.890641344e+21
2.018446494e+21
1.946891904e+21
1.977428496e+21
1.886358348e+21
1.996391904e+21
1.661966585e+21
2.213865936e+21
1.878517046e+21
2.096511045e+21
1.871261157e+21
1.97750853e+21
2.190410487e+21
1.857313092e+21
2.068038395e+21
1.95342623e+21
1.836848774e+21
2.045861343e+21
2.250015777e+21
1.707512759e+21
2.228761297e+21
2.007508202e+21
1.890367834e+21
2.090009765e+21
2.076354697e+21
1.858565761e+21
1.743027028e+21
1.834662802e+21
2.124529274e+21
2.211543626e+21
2.194210607e+21
1.98117509e+21
2.063151354e+21
1.950718136e+21
1.74062338e+21
1.823317948e+21
1.997363444e+21
2.264425731e+21
1.963216993e+21
2.039494064e+21
2.02026946e+21
2.00267865e+21
2.073475858e+21
1.876088625e+21
2.034467108e+21
2.015507376e+21
2.081961946e+21
2.061993338e+21
2.040882051e+21
1.93659882e+21
1.916482601e+21
1.979675534e+21
1.958854498e+21
2.100295166e+21
1.918091107e+21
1.898112051e+21
1.955846724e+21
1.857897788e+21
1.990668095e+21
1.893887311e+21
2.022690334e+21
1.927124128e+21
2.052050363e+21
2.175268128e+21
1.935514192e+21
1.985872284e+21
1.963110702e+21
1.942282483e+21
1.851265829e+21
1.899524331e+21
1.944451855e+21
1.990321631e+21
2.032553963e+21
2.011278475e+21
2.179906832e+21
1.966907615e+21
1.88090156e+21
2.047672428e+21
1.961990297e+21
2.063340409e+21
1.918773297e+21
1.89940047e+21
1.876649241e+21
2.032103477e+21
1.950344988e+21
1.987927481e+21
1.964023552e+21
1.83379602e+21
1.976424731e+21
2.011866458e+21
1.933918678e+21
1.96888632e+21
1.89260624e+21
2.031286257e+21
2.109758379e+21
1.886542164e+21
1.914243121e+21
1.84713912e+21
1.923624945e+21
2.053330587e+21
1.980447666e+21
2.011187891e+21
2.034494632e+21
1.970296609e+21
2.099649942e+21
1.988218356e+21
2.096543578e+21
1.874087439e+21
2.090938182e+21
2.197836474e+21
2.302126059e+21
2.297682797e+21
1.745193505e+21
2.502608293e+21
1.951237522e+21
2.161663417e+21
1.614186317e+21
1.930341459e+21
2.027513548e+21
2.019494981e+21
2.008391473e+21
1.999444388e+21
2.1965991e+21
1.769402397e+21
1.551058595e+21
1.748322683e+21
1.940360178e+21
1.624348773e+21
2.116142022e+21
1.902438625e+21
2.086247711e+21
1.973404198e+21
2.348675903e+21
2.04026321e+21
2.119162859e+21
1.9118355e+21
2.179136277e+21
1.973727912e+21
2.235056279e+21
1.939320816e+21
2.104030916e+21
2.176405621e+21
1.885981764e+21
1.957970113e+21
1.938660788e+21
2.095203823e+21
2.074140551e+21
2.054256604e+21
1.948537456e+21
2.013256938e+21
1.909359618e+21
1.972325358e+21
1.951611259e+21
1.931571736e+21
1.91103336e+21
2.04872803e+21
2.260472993e+21
2.005356824e+21
1.907124733e+21
2.037945562e+21
2.164630826e+21
2.067833479e+21
1.825561036e+21
2.022911075e+21
1.785684145e+21
1.978718758e+21
2.025918475e+21
2.07354471e+21
1.912955689e+21
2.027917969e+21
1.870695947e+21
2.04932097e+21
1.894645414e+21
2.198058044e+21
1.980492899e+21
2.086358035e+21
2.124118678e+21
1.854909752e+21
2.016126471e+21
2.056021626e+21
1.971723092e+21
1.892668673e+21
2.045315177e+21
2.024904664e+21
2.000598028e+21
2.037482641e+21
1.957066559e+21
1.993416863e+21
1.969419576e+21
2.004734054e+21
2.034116277e+21
1.90887538e+21
1.938268327e+21
2.127867338e+21
1.948427474e+21
2.083052913e+21
2.10819798e+21
1.940041892e+21
2.015043941e+21
2.045992084e+21
1.925218804e+21
1.908553626e+21
1.93289256e+21
1.869729505e+21
2.091087435e+21
1.980111463e+21
2.087999689e+21
2.195825373e+21
1.424818589e+21
2.079447976e+21
2.074411743e+21
2.179379778e+21
2.281277888e+21
1.733888094e+21
1.943345143e+21
2.045278256e+21
1.929211976e+21
1.815752723e+21
2.125646916e+21
2.117246566e+21
2.000349552e+21
1.991445097e+21
2.396205151e+21
1.762353114e+21
2.162860642e+21
2.048692587e+21
2.136133715e+21
1.719058259e+21
1.806703485e+21
2.094437109e+21
2.078086023e+21
2.162263433e+21
2.047094206e+21
1.935556651e+21
2.110961124e+21
1.999668835e+21
2.170749082e+21
2.059767886e+21
2.040960149e+21
1.931908934e+21
2.00489191e+21
2.07779532e+21
1.878844352e+21
2.039232695e+21
2.019154204e+21
1.739440962e+21
2.066377702e+21
1.876029567e+21
2.025687674e+21
2.005771191e+21
1.902289387e+21
2.046905792e+21
1.944421389e+21
2.004648122e+21
1.904027362e+21
1.884206206e+21
2.019235694e+21
2.074892634e+21
2.128219789e+21
1.955341498e+21
2.082427086e+21
1.986772794e+21
2.037259852e+21
2.015624767e+21
2.206297163e+21
1.901201706e+21
2.088276652e+21
1.928384212e+21
1.974205264e+21
2.088039398e+21
1.997183397e+21
1.91028475e+21
2.018118709e+21
1.932576688e+21
2.037134239e+21
1.952966156e+21
1.867590434e+21
2.033180491e+21
1.8263647e+21
2.04875458e+21
1.964760741e+21
2.121732479e+21
1.921633902e+21
1.960106484e+21
1.936579928e+21
1.917497057e+21
1.950158679e+21
1.986379024e+21
1.962463904e+21
1.943661448e+21
1.973585021e+21
2.007799305e+21
1.98360713e+21
1.965187257e+21
2.094796255e+21
1.923787929e+21
1.850622989e+21
1.982716557e+21
1.811977532e+21
2.087246464e+21
1.966301585e+21
1.949282704e+21
2.01991778e+21
2.00276192e+21
1.86337401e+21
1.752951479e+21
2.188973848e+21
1.968223412e+21
1.855670933e+21
2.180021236e+21
1.631065297e+21
2.062034051e+21
2.27206433e+21
2.158610333e+21
1.827987666e+21
1.822617528e+21
1.814715173e+21
1.702083921e+21
2.011280835e+21
2.003338382e+21
2.097233449e+21
1.983509557e+21
1.971611414e+21
1.755359776e+21
2.359479576e+21
1.93856944e+21
2.026405267e+21
1.813023014e+21
2.199543898e+21
1.887553651e+21
1.577133672e+21
1.958043874e+21
1.55364495e+21
1.928063945e+21
1.911656937e+21
2.181681577e+21
1.974389141e+21
1.958614321e+21
2.125595707e+21
2.107844301e+21
1.72493278e+21
2.159925506e+21
1.960892224e+21
2.031554888e+21
1.749203365e+21
1.906220669e+21
2.058672744e+21
1.869043008e+21
1.934084387e+21
1.915076701e+21
1.977674425e+21
1.957787539e+21
1.9372843e+21
1.997296669e+21
1.897072545e+21
2.111995588e+21
2.011894204e+21
1.914217138e+21
1.81758519e+21
1.873335042e+21
1.92671171e+21
1.979615251e+21
2.029944263e+21
1.936662518e+21
1.985654218e+21
1.824239124e+21
1.942107136e+21
1.921509398e+21
1.967185274e+21
2.14773338e+21
1.990100307e+21
2.034787799e+21
2.140718197e+21
1.861547819e+21
2.029939889e+21
1.82051642e+21
1.923038784e+21
1.964616897e+21
1.941261631e+21
1.981493467e+21
1.957847386e+21
1.938076825e+21
1.914875653e+21
2.068106373e+21
1.986527946e+21
1.966951343e+21
1.943299393e+21
1.979390705e+21
2.064199258e+21
1.990619893e+21
1.913480243e+21
2.000724806e+21
1.976610018e+21
2.061320057e+21
1.934658311e+21
1.967436939e+21
1.993589921e+21
1.975696621e+21
2.147136673e+21
1.88636623e+21
2.007091961e+21
2.037096307e+21
2.012707405e+21
2.042025656e+21
1.855836528e+21
1.636745339e+21
2.071119134e+21
1.851364986e+21
1.630745781e+21
1.845538263e+21
1.841089288e+21
1.945634043e+21
1.616374926e+21
1.934937821e+21
1.927750385e+21
2.028874034e+21
1.913776272e+21
2.225053628e+21
2.003261562e+21
1.99535664e+21
2.088902508e+21
1.97563701e+21
1.860452734e+21
1.954118394e+21
1.839275672e+21
1.930941429e+21
2.119383277e+21
1.906251789e+21
2.190962139e+21
1.880198171e+21
2.061952737e+21
1.852930383e+21
1.741101487e+21
1.920629026e+21
1.999530892e+21
1.984330488e+21
1.873188609e+21
1.858232374e+21
2.02545597e+21
2.008551649e+21
2.080189719e+21
2.062121243e+21
2.042323748e+21
2.111931839e+21
1.916936608e+21
2.071756071e+21
1.965565656e+21
2.031390866e+21
2.01071787e+21
1.908008573e+21
1.970405065e+21
1.950598702e+21
2.01062439e+21
2.069598895e+21
2.047682381e+21
1.948440241e+21
2.004605905e+21
2.059870958e+21
2.037408324e+21
1.941246376e+21
2.067467447e+21
1.972509094e+21
1.878203809e+21
2.072680223e+21
1.978574746e+21
2.027477099e+21
1.935205468e+21
1.914683429e+21
2.027808654e+21
2.006367689e+21
2.18137401e+21
1.962191844e+21
1.939245531e+21
2.110844748e+21
2.086008555e+21
1.939220939e+21
1.916281936e+21
2.018892241e+21
1.994900601e+21
1.974539003e+21
2.069223876e+21
2.106851146e+21
2.081634299e+21
1.946365002e+21
1.923007808e+21
1.960057324e+21
1.991816423e+21
1.972451386e+21
2.002829449e+21
1.983637078e+21
2.012694379e+21
1.941234197e+21
2.073328522e+21
1.900017769e+21
2.181510458e+21
2.01077855e+21
1.986556324e+21
1.968726219e+21
1.993665388e+21
2.120682629e+21
1.952356158e+21
2.029874519e+21
2.145470299e+21
1.896031514e+21
2.065813872e+21
2.173536287e+21
2.171348208e+21
1.843912787e+21
1.732467228e+21
2.16249249e+21
1.94156231e+21
1.722511404e+21
1.717225672e+21
2.034254958e+21
2.026715738e+21
2.339839187e+21
2.117945196e+21
2.216193242e+21
2.100322088e+21
1.987438247e+21
2.080637491e+21
1.760687054e+21
2.059023684e+21
2.048868582e+21
2.239183451e+21
1.822143044e+21
2.111106185e+21
1.998753197e+21
1.984042805e+21
1.872899794e+21
1.956171114e+21
1.651482699e+21
1.830760122e+21
2.104576349e+21
2.086732462e+21
2.070880131e+21
2.239273513e+21
2.036289025e+21
1.926074067e+21
2.182867846e+21
1.98225956e+21
2.054372551e+21
2.034681433e+21
2.016371423e+21
1.909803006e+21
1.806049303e+21
2.043433931e+21
1.85522485e+21
1.919844148e+21
1.983644271e+21
2.044988489e+21
1.943462465e+21
1.92316616e+21
1.903444168e+21
1.961785656e+21
1.863725322e+21
1.920548288e+21
1.900408695e+21
1.879709553e+21
2.157460292e+21
1.839346374e+21
2.038248356e+21
1.943488521e+21
1.851643309e+21
1.901133234e+21
2.020277442e+21
2.066092156e+21
2.04418477e+21
1.95329401e+21
1.865999973e+21
1.97608379e+21
2.020459306e+21
1.93243183e+21
2.039688666e+21
1.826730449e+21
1.932420632e+21
1.971171515e+21
1.828930145e+21
2.108404542e+21
2.086883681e+21
2.120907939e+21
1.924531113e+21
1.959122004e+21
1.996612327e+21
1.972654391e+21
1.953211461e+21
1.984859553e+21
1.965560552e+21
1.941888592e+21
1.923278674e+21
2.005653662e+21
1.934442105e+21
1.962762848e+21
2.098049177e+21
1.971637192e+21
1.903536778e+21
2.029061488e+21
1.961804829e+21
1.986639656e+21
2.065182731e+21
2.087807899e+21
1.975664133e+21
2.044915339e+21
2.119718516e+21
1.840943034e+21
1.948334394e+21
2.054509333e+21
2.052581557e+21
1.941219362e+21
2.26152507e+21
2.041231806e+21
2.251758887e+21
2.137966522e+21
1.706223832e+21
2.018648583e+21
1.906797656e+21
1.898585609e+21
1.7869454e+21
1.882812641e+21
1.979582453e+21
1.865193858e+21
2.063239911e+21
2.153488694e+21
2.040833948e+21
1.723515826e+21
1.915864092e+21
1.802480136e+21
1.791887757e+21
1.976361784e+21
2.160235415e+21
1.851204403e+21
1.935446563e+21
2.015718238e+21
1.810633397e+21
1.889799422e+21
2.156770953e+21
2.230785535e+21
1.75195652e+21
2.101557642e+21
1.902819426e+21
1.974828568e+21
1.601751032e+21
1.938961486e+21
2.008864482e+21
2.075697055e+21
1.885045838e+21
2.035898813e+21
1.932409931e+21
1.995967696e+21
1.97637672e+21
2.037526557e+21
1.936378254e+21
1.916183975e+21
2.133607286e+21
1.876509637e+21
2.011746692e+21
1.837095306e+21
1.969322068e+21
2.097735889e+21
1.853224047e+21
1.979409736e+21
2.030983879e+21
2.00830937e+21
2.057961147e+21
2.175055406e+21
2.013128737e+21
2.127428422e+21
1.969075097e+21
1.677949731e+21
2.125070402e+21
1.969149311e+21
1.753580729e+21
1.861476981e+21
1.841996558e+21
1.883117374e+21
2.049904488e+21
2.025678062e+21
1.944051792e+21
1.980996587e+21
1.901358064e+21
2.054814132e+21
1.975945047e+21
2.067145252e+21
1.989662345e+21
2.021955457e+21
2.002025061e+21
1.868064938e+21
2.013126522e+21
1.935125697e+21
2.076294009e+21
1.893469295e+21
2.188197021e+21
1.904440402e+21
2.039731472e+21
2.015121717e+21
1.896880809e+21
1.923321054e+21
1.906058636e+21
1.931378797e+21
1.914354835e+21
1.891324044e+21
2.015583475e+21
1.806137043e+21
2.020399052e+21
2.049301522e+21
2.048357123e+21
1.723203316e+21
2.151984626e+21
2.148305972e+21
2.14524338e+21
2.247112745e+21
2.029194137e+21
2.235942496e+21
1.911875795e+21
2.010645396e+21
2.110268659e+21
2.101200392e+21
2.093983327e+21
1.875394323e+21
2.075566861e+21
1.754656808e+21
1.952389909e+21
1.838630468e+21
2.134505187e+21
1.716806182e+21
2.008856186e+21
1.595995771e+21
2.280771682e+21
1.968740007e+21
2.151914614e+21
2.135275051e+21
1.928029588e+21
2.103644142e+21
1.803731157e+21
2.070886659e+21
2.148593346e+21
2.129763258e+21
1.65348947e+21
2.093665319e+21
1.985954053e+21
2.056882767e+21
1.950394278e+21
2.019567113e+21
2.00141323e+21
1.895693905e+21
2.048827326e+21
1.943901602e+21
1.925319035e+21
1.988673465e+21
2.051210654e+21
1.948914128e+21
2.009734896e+21
1.988804485e+21
1.968422248e+21
1.869754038e+21
2.0816066e+21
1.983054431e+21
1.962269964e+21
1.940947244e+21
1.846615995e+21
1.899324785e+21
2.023771001e+21
2.072671281e+21
2.192105915e+21
1.957636011e+21
1.93685698e+21
1.84640626e+21
1.894493436e+21
1.872714881e+21
1.985270614e+21
1.962263331e+21
2.006331197e+21
1.854982167e+21
1.898865947e+21
2.00166356e+21
1.733256092e+21
1.957464069e+21
2.058372857e+21
1.974117009e+21
2.013176532e+21
1.989178995e+21
1.969087783e+21
1.773868311e+21
1.926110278e+21
2.014943937e+21
1.995081124e+21
1.971090593e+21
1.951922322e+21
1.928409744e+21
1.909926009e+21
1.939305322e+21
1.920999517e+21
2.051692991e+21
2.032635416e+21
2.00810071e+21
1.989759184e+21
2.113181462e+21
1.948107028e+21
1.972735704e+21
2.00303949e+21
1.931805003e+21
1.961803541e+21
2.030521645e+21
2.013291623e+21
2.14857257e+21
1.825446104e+21
2.252707385e+21
1.929083142e+21
2.032781424e+21
2.350393766e+21
2.02503671e+21
2.02114695e+21
2.121038845e+21
2.327490163e+21
2.108110965e+21
1.681551622e+21
1.778987856e+21
1.772881817e+21
2.179373272e+21
1.964055714e+21
2.056230257e+21
1.944761976e+21
2.136714648e+21
1.619961804e+21
1.911342526e+21
1.901020388e+21
2.086658321e+21
1.778069233e+21
1.961176789e+21
1.948779697e+21
1.837052261e+21
1.824635781e+21
2.095644768e+21
1.891454042e+21
1.781728162e+21
1.861284798e+21
1.845000973e+21
2.104854819e+21
2.085832053e+21
1.978534094e+21
1.781938619e+21
1.943147111e+21
2.012093847e+21
2.080713444e+21
2.06041881e+21
1.956242746e+21
2.020994071e+21
2.001683466e+21
1.981432354e+21
1.962000215e+21
1.941854282e+21
2.002462133e+21
1.981636047e+21
2.039786965e+21
2.173554724e+21
2.074145506e+21
1.899974247e+21
1.880065565e+21
2.157205488e+21
2.208065881e+21
1.965391555e+21
1.872565662e+21
2.207798414e+21
1.902522089e+21
2.020424376e+21
1.723260373e+21
2.180665657e+21
1.955281219e+21
2.066119113e+21
1.978336506e+21
2.020606188e+21
1.934846108e+21
1.976017518e+21
2.14456636e+21
1.807712406e+21
1.912302893e+21
2.133557987e+21
2.051240457e+21
1.848055651e+21
1.829190277e+21
1.865694806e+21
2.019992006e+21
1.995832718e+21
2.032361004e+21
1.952203629e+21
1.988185191e+21
2.018840765e+21
1.945173934e+21
2.028503592e+21
1.903318963e+21
2.037056208e+21
1.966087176e+21
1.993466614e+21
2.177507705e+21
1.901072036e+21
1.883707542e+21
1.860965768e+21
1.989862849e+21
2.109699611e+21
1.996055449e+21
2.018955326e+21
1.90839959e+21
2.069386893e+21
2.006234023e+21
2.247056423e+21
2.246023451e+21
2.243781713e+21
2.028187882e+21
2.131301432e+21
2.021853903e+21
1.804715661e+21
1.695295441e+21
1.690140104e+21
2.212938134e+21
1.679855074e+21
2.303043475e+21
2.1889542e+21
1.765932712e+21
1.96410567e+21
1.956383325e+21
2.048221266e+21
1.835235868e+21
2.027071655e+21
2.117958929e+21
2.104375913e+21
1.99335206e+21
2.078634381e+21
1.869641787e+21
1.95367146e+21
2.038397304e+21
1.830057024e+21
2.009033125e+21
1.897914545e+21
1.884298265e+21
1.961857891e+21
1.85428067e+21
1.929990425e+21
2.00580404e+21
1.897356559e+21
2.15036659e+21
1.864099512e+21
2.111949384e+21
2.004675685e+21
2.073052523e+21
2.05286372e+21
1.86433627e+21
2.013623239e+21
1.994391885e+21
1.974243784e+21
1.954890111e+21
1.9348454e+21
1.915432144e+21
1.974519098e+21
1.87612403e+21
1.933737211e+21
1.990191867e+21
2.044670948e+21
2.023251439e+21
2.001317109e+21
1.906881875e+21
2.030992091e+21
2.081265638e+21
1.916161822e+21
2.106486598e+21
2.082772863e+21
2.266739252e+21
2.037235796e+21
1.881268344e+21
1.926091842e+21
2.102880712e+21
1.948634847e+21
1.928128354e+21
2.096214121e+21
2.137136488e+21
1.987818762e+21
2.028637467e+21
2.065442569e+21
1.863790494e+21
1.841682016e+21
1.940486301e+21
1.975469872e+21
1.897999906e+21
1.988958573e+21
2.025359698e+21
2.001065774e+21
1.981336765e+21
1.957511346e+21
1.938472048e+21
1.915116721e+21
1.896757472e+21
1.977976589e+21
1.856181859e+21
2.037518427e+21
1.917660881e+21
1.994204455e+21
1.926589002e+21
1.952119891e+21
2.079694122e+21
1.959025019e+21
1.894399944e+21
1.918342922e+21
2.087288654e+21
1.924677837e+21
1.999225732e+21
1.81186186e+21
1.597967617e+21
1.702801137e+21
1.701208417e+21
1.910609741e+21
2.225873545e+21
1.797612725e+21
1.899703465e+21
2.104377117e+21
1.889357034e+21
1.882432528e+21
1.564107725e+21
1.868916438e+21
1.862510687e+21
2.059428904e+21
1.948770646e+21
1.73423326e+21
1.929683538e+21
2.019237996e+21
1.908850042e+21
1.996455385e+21
1.886404926e+21
2.070671914e+21
1.960513565e+21
2.043534525e+21
1.740544705e+21
2.1109751e+21
1.906115865e+21
1.890751957e+21
1.877196428e+21
2.047564097e+21
2.216794869e+21
2.014345195e+21
1.907491933e+21
1.800295705e+21
1.696060285e+21
1.591898323e+21
1.928813157e+21
1.997312022e+21
2.065447808e+21
1.960140341e+21
2.026400544e+21
2.006305977e+21
1.987153235e+21
1.967107184e+21
1.947831354e+21
1.92788693e+21
1.908550446e+21
1.888754964e+21
1.947308434e+21
1.849775973e+21
2.135656065e+21
1.961961428e+21
1.941413474e+21
2.06811294e+21
1.900154459e+21
1.87929014e+21
1.930920929e+21
1.909449798e+21
2.029141374e+21
2.006319235e+21
1.985032766e+21
1.894804065e+21
1.874724799e+21
2.051782326e+21
1.89912551e+21
1.94189135e+21
1.793359947e+21
2.025673751e+21
2.067117981e+21
2.104778431e+21
2.021646184e+21
1.997795933e+21
1.857376783e+21
2.072171832e+21
1.816615237e+21
2.026588456e+21
2.063433829e+21
1.982131617e+21
1.962339618e+21
1.994198137e+21
1.974535356e+21
1.950791645e+21
1.985477745e+21
2.014568626e+21
1.942747761e+21
1.919303204e+21
2.05533224e+21
1.97974173e+21
1.961349418e+21
2.037011407e+21
1.91994535e+21
1.945375377e+21
1.976113146e+21
1.857009634e+21
1.793448419e+21
1.958308387e+21
1.895150332e+21
1.963640993e+21
2.037545012e+21
2.123217131e+21
2.016131294e+21
1.696107347e+21
1.694522118e+21
2.008835773e+21
2.005979835e+21
2.211875006e+21
1.892258375e+21
1.886529629e+21
1.777414413e+21
2.187600208e+21
1.76574071e+21
1.654794194e+21
1.75219666e+21
1.94886858e+21
2.247724926e+21
2.235627909e+21
1.821061574e+21
1.508598489e+21
1.801429049e+21
1.988802361e+21
1.879181148e+21
2.16099737e+21
1.855388523e+21
1.938831828e+21
1.92660244e+21
2.102997558e+21
2.088813727e+21
1.883643227e+21
1.963655319e+21
1.669014173e+21
2.11649378e+21
1.915631289e+21
1.809910267e+21
2.152361782e+21
2.134476219e+21
2.026607298e+21
1.921725191e+21
2.076524094e+21
1.886407126e+21
2.037918548e+21
2.019033659e+21
1.999041702e+21
1.979966939e+21
2.041689578e+21
1.94082339e+21
2.001019097e+21
1.980956271e+21
2.038854968e+21
2.017985623e+21
1.920011618e+21
1.976076773e+21
1.955029789e+21
1.860153353e+21
1.913634791e+21
2.111952153e+21
1.944732657e+21
1.995424633e+21
1.832311128e+21
1.952335834e+21
2.206168564e+21
1.909919474e+21
2.090544715e+21
2.201838512e+21
1.9787306e+21
2.153603978e+21
1.935194365e+21
1.978659552e+21
2.144872282e+21
1.93515688e+21
1.789086276e+21
2.197857734e+21
1.990944921e+21
1.970426874e+21
1.888067854e+21
1.98559159e+21
2.07735715e+21
2.056370989e+21
2.031789978e+21
2.011500809e+21
1.987377478e+21
2.022441051e+21
1.998121195e+21
1.978683812e+21
2.060506184e+21
1.936096204e+21
2.016117867e+21
1.997081579e+21
2.175303753e+21
2.00473815e+21
1.980499206e+21
2.060527926e+21
1.890210374e+21
2.065373174e+21
1.992954907e+21
2.022425673e+21
1.951532221e+21
1.934657732e+21
1.956826119e+21
1.985355021e+21
1.797663116e+21
1.902536197e+21
1.795057601e+21
2.109860216e+21
2.106293437e+21
2.208466004e+21
1.888489352e+21
1.780156335e+21
1.983576363e+21
1.874636936e+21
2.075329309e+21
1.862343248e+21
2.369545466e+21
1.745408456e+21
2.145689752e+21
1.93372165e+21
2.024564311e+21
2.015618018e+21
2.003750927e+21
2.093615e+21
1.981207785e+21
1.773485511e+21
2.054928596e+21
2.042905506e+21
1.834921419e+21
1.919321766e+21
2.095080085e+21
2.270137654e+21
2.064246526e+21
2.049467366e+21
1.847550358e+21
2.108618193e+21
2.181178912e+21
1.893372081e+21
1.876374192e+21
2.038009661e+21
1.931386867e+21
1.914689128e+21
1.982745802e+21
2.050404541e+21
1.945921965e+21
2.011720143e+21
1.991829841e+21
1.972832433e+21
1.952987661e+21
2.014443407e+21
2.073628995e+21
2.052845534e+21
1.953471707e+21
1.933482407e+21
1.989750497e+21
1.81762527e+21
2.023075687e+21
2.150186846e+21
1.906926361e+21
1.886841034e+21
2.081493832e+21
1.775412217e+21
2.036622566e+21
1.876064349e+21
1.992409671e+21
1.903301767e+21
1.948913113e+21
2.127740944e+21
1.97191271e+21
2.01611371e+21
1.928543413e+21
1.844643691e+21
2.137516998e+21
2.052942214e+21
1.905925507e+21
1.825279265e+21
1.924015259e+21
1.963692553e+21
2.058025054e+21
1.978813068e+21
1.897749314e+21
1.935503205e+21
2.024863555e+21
1.893273232e+21
1.980603317e+21
1.961071668e+21
2.045128018e+21
2.025231789e+21
1.94817055e+21
2.033786797e+21
2.060752561e+21
1.837164121e+21
1.966204543e+21
1.848041844e+21
1.973716981e+21
2.102363236e+21
1.980325831e+21
2.010419282e+21
2.033388871e+21
1.827985355e+21
2.083717273e+21
1.882083775e+21
1.995408578e+21
1.978491593e+21
2.317307715e+21
1.789827693e+21
1.682876416e+21
1.891469214e+21
1.993182979e+21
1.990353087e+21
1.881143438e+21
1.981849785e+21
1.871882666e+21
2.074847296e+21
2.067292579e+21
1.855134921e+21
2.15514371e+21
2.250046954e+21
2.239213359e+21
2.12905071e+21
2.117639614e+21
1.907499246e+21
1.996096138e+21
1.886993363e+21
1.874987441e+21
2.257508476e+21
2.04714637e+21
2.035177349e+21
2.116637527e+21
1.816491116e+21
1.992348277e+21
1.978929415e+21
1.963064179e+21
2.134639802e+21
1.748657234e+21
2.009461827e+21
1.81093737e+21
2.066046471e+21
2.047528802e+21
1.765682477e+21
1.836862095e+21
1.9077044e+21
1.889648941e+21
2.042964782e+21
2.023189409e+21
1.920940277e+21
1.98466983e+21
1.965749159e+21
2.027087124e+21
1.92695766e+21
1.907308622e+21
1.888198882e+21
1.94655527e+21
1.926642757e+21
1.98273868e+21
1.886692776e+21
1.941312419e+21
1.994880128e+21
1.9002648e+21
1.807936575e+21
2.002725574e+21
1.910777616e+21
2.029562775e+21
1.869564496e+21
1.917060518e+21
1.964470111e+21
2.076146864e+21
2.054153515e+21
1.965141641e+21
2.074005409e+21
1.793808819e+21
1.838326846e+21
1.942252107e+21
1.859933629e+21
2.144511122e+21
2.061593609e+21
2.037303594e+21
1.897700952e+21
1.933822491e+21
1.97208067e+21
1.891298725e+21
1.928923297e+21
1.849818847e+21
1.997830295e+21
1.97387518e+21
2.008697567e+21
2.145451695e+21
1.912120038e+21
1.994021492e+21
1.922928802e+21
1.89970948e+21
1.932628467e+21
1.909261416e+21
2.040851588e+21
1.96698105e+21
1.949011792e+21
2.069824985e+21
2.098951552e+21
1.885041516e+21
2.055274852e+21
1.938119605e+21
1.967111384e+21
1.943337299e+21
2.061297067e+21
1.888607839e+21
2.202369023e+21
1.676338058e+21
1.6747749e+21
1.985447701e+21
2.086979641e+21
2.186163526e+21
1.974173015e+21
2.175418167e+21
2.066827149e+21
1.750420175e+21
1.539985149e+21
1.840160278e+21
2.139515361e+21
2.129235448e+21
2.322882939e+21
2.009094285e+21
2.200251726e+21
2.087924594e+21
1.879818608e+21
2.162810453e+21
2.151180836e+21
2.039422865e+21
1.834411495e+21
2.012839828e+21
2.000170475e+21
1.984903439e+21
2.065426968e+21
2.048897603e+21
2.126713927e+21
1.925578226e+21
2.093041554e+21
1.804275032e+21
2.058455898e+21
1.862641881e+21
2.111076174e+21
2.091630466e+21
1.987169103e+21
2.0539727e+21
1.781131465e+21
2.015904393e+21
1.997250919e+21
1.977561109e+21
1.958716566e+21
1.939069389e+21
2.000102944e+21
2.058925336e+21
1.959907435e+21
2.017275142e+21
1.919851327e+21
1.89978472e+21
1.880072682e+21
2.083335333e+21
1.84065851e+21
1.966482298e+21
1.945778752e+21
1.995781456e+21
1.833631943e+21
2.092294924e+21
2.00111764e+21
2.183383886e+21
1.822695737e+21
1.868794113e+21
1.981070974e+21
1.827855787e+21
1.937728186e+21
1.851531798e+21
1.895227362e+21
1.873197122e+21
2.100746204e+21
2.015093871e+21
1.994156378e+21
1.970670941e+21
1.891259218e+21
1.985668124e+21
2.023199632e+21
1.88489184e+21
1.978928799e+21
1.89942079e+21
1.991064482e+21
2.021836838e+21
1.947790345e+21
2.031277264e+21
1.958578149e+21
1.934968818e+21
2.123591716e+21
2.04677496e+21
1.824700659e+21
2.203216772e+21
1.984312612e+21
1.911283665e+21
1.893822705e+21
1.918857009e+21
2.044257778e+21
2.019497999e+21
1.908601741e+21
2.161420554e+21
1.914786314e+21
1.936662386e+21
1.920249164e+21
1.672261095e+21
1.880435129e+21
2.087312887e+21
1.772562775e+21
2.185958781e+21
1.974967924e+21
1.762920525e+21
2.173561329e+21
1.960653687e+21
2.058868766e+21
1.948834197e+21
2.249969801e+21
1.934948364e+21
1.928338835e+21
1.818087917e+21
2.112797801e+21
2.201592351e+21
2.191884245e+21
1.881912654e+21
1.774135143e+21
1.860829722e+21
1.850830941e+21
2.128507774e+21
2.308451575e+21
2.196291567e+21
2.087586828e+21
1.977514032e+21
2.057747324e+21
1.855734928e+21
1.934599154e+21
2.192551676e+21
1.904005372e+21
1.977427687e+21
2.050920895e+21
2.032598524e+21
1.840466038e+21
1.910374932e+21
1.807800956e+21
2.046564025e+21
2.028246066e+21
2.008671653e+21
1.990094079e+21
1.970503132e+21
1.951734113e+21
2.012692064e+21
1.993009006e+21
1.893832085e+21
2.031109816e+21
2.010183024e+21
1.989631912e+21
2.120313209e+21
2.023378793e+21
2.150223071e+21
1.980990775e+21
2.17740039e+21
2.010849142e+21
1.917853709e+21
1.967861375e+21
1.946085946e+21
2.062998865e+21
2.107896555e+21
2.152823971e+21
2.061945977e+21
2.040108014e+21
2.081853925e+21
1.866750936e+21
2.036119527e+21
2.014700207e+21
1.991294815e+21
1.908885501e+21
1.886553556e+21
1.92717609e+21
2.023519679e+21
1.943762977e+21
2.037163393e+21
1.958752378e+21
1.935453314e+21
1.972246695e+21
1.89301117e+21
1.929223665e+21
1.960555114e+21
1.941216917e+21
1.917873477e+21
1.951966754e+21
2.136914262e+21
1.961559273e+21
1.937864174e+21
1.919561691e+21
1.846435059e+21
1.878716464e+21
2.051328492e+21
2.129377447e+21
2.007956997e+21
1.800417846e+21
2.059428688e+21
1.994891167e+21
1.924890096e+21
1.908252912e+21
1.930033169e+21
1.95818311e+21
1.874036057e+21
2.289444389e+21
2.183229018e+21
1.7657303e+21
1.866463462e+21
1.656727742e+21
1.756142154e+21
1.958996521e+21
1.953130076e+21
1.845874292e+21
1.941373989e+21
2.241361101e+21
2.231914066e+21
2.022086566e+21
1.91179048e+21
2.305217766e+21
1.993858884e+21
1.985072878e+21
2.170826584e+21
1.865631543e+21
1.7562607e+21
1.940922679e+21
2.024149383e+21
2.012339762e+21
1.997835686e+21
2.079815266e+21
1.782543303e+21
1.863749615e+21
1.848886593e+21
1.835684738e+21
2.093481145e+21
1.987358867e+21
2.059760793e+21
1.865750347e+21
1.849109111e+21
2.095759111e+21
1.989993646e+21
1.887052665e+21
2.039208605e+21
2.020965954e+21
1.918095184e+21
1.982988347e+21
1.963495355e+21
2.106868038e+21
2.005570931e+21
1.985965212e+21
1.887164981e+21
2.101811367e+21
2.003140598e+21
1.830154656e+21
1.961996641e+21
2.091007402e+21
1.994981744e+21
2.047233871e+21
1.952885572e+21
1.93233406e+21
1.911249667e+21
1.961089131e+21
2.008674047e+21
1.918863223e+21
2.168453773e+21
2.01137493e+21
2.054918135e+21
1.836399913e+21
1.945104594e+21
2.052864029e+21
1.965803589e+21
2.007871173e+21
1.92254113e+21
1.963797403e+21
2.18343885e+21
1.80062721e+21
2.016697429e+21
1.937209378e+21
2.030303176e+21
1.952155563e+21
1.985674533e+21
2.021769839e+21
1.942134211e+21
1.97766941e+21
2.008238998e+21
1.934687708e+21
2.017612859e+21
1.997978217e+21
2.077778167e+21
2.006402564e+21
2.083810338e+21
1.963438927e+21
2.039148739e+21
1.970925257e+21
1.898370164e+21
1.881026148e+21
2.001160458e+21
1.983200036e+21
1.819209987e+21
1.895653393e+21
2.009692498e+21
1.992324131e+21
2.012911934e+21
2.040210764e+21
1.970547174e+21
2.176981518e+21
1.967716366e+21
1.965885624e+21
2.169187217e+21
1.753522073e+21
1.955229321e+21
1.848785154e+21
1.843260618e+21
1.838821013e+21
1.93397068e+21
1.92834284e+21
1.920232107e+21
2.014401641e+21
2.205260919e+21
1.99694396e+21
2.085643882e+21
2.175338769e+21
1.86775039e+21
1.956440012e+21
1.749679775e+21
1.740291361e+21
2.01659811e+21
1.909372102e+21
1.800853646e+21
1.883728502e+21
1.962899056e+21
1.856870996e+21
2.026297479e+21
2.011838359e+21
1.813759453e+21
2.070103367e+21
1.873807875e+21
1.858970381e+21
1.842416199e+21
2.088183629e+21
2.069039061e+21
2.051201191e+21
2.031905866e+21
2.013737917e+21
1.994360762e+21
1.975933178e+21
1.956537246e+21
1.937917497e+21
1.91856001e+21
1.89981219e+21
1.880544655e+21
2.016873257e+21
1.842597549e+21
1.899761308e+21
1.87997955e+21
2.009327301e+21
1.840814586e+21
2.040156216e+21
2.018237381e+21
2.068324197e+21
1.904690951e+21
2.024162031e+21
2.070834168e+21
1.844009321e+21
1.890931897e+21
1.937706893e+21
1.783687968e+21
2.156979303e+21
2.132367679e+21
1.854108074e+21
2.085559096e+21
1.93855427e+21
1.854251043e+21
2.018339081e+21
2.05519715e+21
1.794567892e+21
1.891690379e+21
1.989205878e+21
2.023489008e+21
2.002826653e+21
1.922472313e+21
1.959016958e+21
1.990927942e+21
1.971039234e+21
2.001508438e+21
1.981763447e+21
1.957932277e+21
1.938876969e+21
1.96726855e+21
1.999671344e+21
2.026160504e+21
2.157548107e+21
1.982726062e+21
2.013406569e+21
1.940490902e+21
1.874692501e+21
1.89943788e+21
1.976509999e+21
1.906036541e+21
1.981403167e+21
2.093919967e+21
2.030698882e+21
1.916909961e+21
1.989075854e+21
2.272951284e+21
1.962110626e+21
2.06335614e+21
1.958365942e+21
1.955097805e+21
1.952331038e+21
1.947768898e+21
1.944051585e+21
2.142281575e+21
1.933589288e+21
1.622419891e+21
1.617701693e+21
1.912957604e+21
1.906436162e+21
1.997211891e+21
1.889937639e+21
2.077795452e+21
1.87163762e+21
2.2524855e+21
1.754201382e+21
1.936831095e+21
1.830123368e+21
1.913431399e+21
1.997397335e+21
2.171915824e+21
1.876767679e+21
1.676290525e+21
1.850042966e+21
2.018874494e+21
2.004477763e+21
1.897506509e+21
1.972891728e+21
1.955919652e+21
1.940441395e+21
1.835771563e+21
1.820579877e+21
2.061616651e+21
2.043852509e+21
2.024655246e+21
1.839347949e+21
1.987281514e+21
1.968928032e+21
2.030862789e+21
2.01154405e+21
1.991478775e+21
1.972025942e+21
1.873970615e+21
1.932528419e+21
1.989202751e+21
1.893157746e+21
2.098285586e+21
1.928212469e+21
1.761089204e+21
1.96051564e+21
2.083140435e+21
1.919073891e+21
1.82787424e+21
1.878123399e+21
1.926192876e+21
1.973857413e+21
2.019118555e+21
1.797948288e+21
1.975166322e+21
1.889112619e+21
1.9963711e+21
2.039007608e+21
1.952564295e+21
1.932027586e+21
1.786419879e+21
2.072514266e+21
1.988059918e+21
1.96740414e+21
1.944272659e+21
1.924233869e+21
1.959099843e+21
1.996126532e+21
1.859692572e+21
1.952468425e+21
1.92915806e+21
1.964453366e+21
1.994822841e+21
1.9751424e+21
2.004131066e+21
1.984624656e+21
1.960692105e+21
2.095189504e+21
2.019380987e+21
1.900289498e+21
1.926681439e+21
2.055603197e+21
1.933979476e+21
1.964216818e+21
1.893051887e+21
1.969864947e+21
1.899613853e+21
1.928803442e+21
2.086845901e+21
1.933891732e+21
1.954843311e+21
1.982339294e+21
2.058439082e+21
1.954628803e+21
1.952717681e+21
2.053582703e+21
2.35768734e+21
2.149626633e+21
1.838240708e+21
2.038594003e+21
1.930901746e+21
1.926256876e+21
2.020349654e+21
2.014477974e+21
2.306946012e+21
2.199126277e+21
2.089182997e+21
1.981928785e+21
2.070005869e+21
1.962764736e+21
2.048936498e+21
2.136023959e+21
2.026108912e+21
1.82332343e+21
1.906346035e+21
1.705722025e+21
2.069827312e+21
1.869858112e+21
2.041284164e+21
1.843264967e+21
1.828641541e+21
1.99717083e+21
2.160704003e+21
1.965736858e+21
2.037438172e+21
2.021324565e+21
2.090485351e+21
1.986812626e+21
1.968653666e+21
2.036556295e+21
1.933395513e+21
1.99943585e+21
1.980252346e+21
1.961972381e+21
1.942767932e+21
1.924295125e+21
1.984506701e+21
1.886524252e+21
1.945252478e+21
2.002834883e+21
2.05854886e+21
1.96206393e+21
2.091044401e+21
1.921563342e+21
1.901291464e+21
2.026146711e+21
1.789666116e+21
2.195846903e+21
1.891707641e+21
1.87172603e+21
2.26244691e+21
1.96715801e+21
2.146437564e+21
1.990962303e+21
1.837268903e+21
1.882741241e+21
2.182201631e+21
2.032149308e+21
1.883236738e+21
1.987659047e+21
1.903226209e+21
1.94407007e+21
1.981414389e+21
2.020246885e+21
2.055224634e+21
2.034042054e+21
1.952568491e+21
1.989471091e+21
1.965830875e+21
2.001562485e+21
1.977670071e+21
1.957911362e+21
1.988181759e+21
2.07497439e+21
1.892328166e+21
2.030067605e+21
2.057009983e+21
1.986343495e+21
1.912014352e+21
1.893951143e+21
1.920248218e+21
1.804841064e+21
1.975699394e+21
1.862152309e+21
2.07537956e+21
1.869775644e+21
1.985587197e+21
1.876556969e+21
2.034606004e+21
2.061850498e+21
1.992520475e+21
1.843938329e+21
2.153149628e+21
1.947203822e+21
1.945303758e+21
1.943497849e+21
2.042387546e+21
2.039500932e+21
2.034755323e+21
1.82778911e+21
1.82236198e+21
2.221976686e+21
2.113368937e+21
1.806197834e+21
1.898572704e+21
1.991693391e+21
2.081352648e+21
1.974505556e+21
2.258681566e+21
2.150983663e+21
1.944107577e+21
2.031352417e+21
1.922477362e+21
1.912182986e+21
2.184209894e+21
2.077088283e+21
1.968488611e+21
2.049299158e+21
2.126270265e+21
1.836536451e+21
1.913090924e+21
2.080367747e+21
1.973478947e+21
2.047662501e+21
2.118369842e+21
1.838922951e+21
2.08300005e+21
1.979707993e+21
2.046930454e+21
1.944757322e+21
2.010308143e+21
1.992360729e+21
1.973272728e+21
1.955065702e+21
2.016620519e+21
1.917555506e+21
1.898479943e+21
2.114943463e+21
1.938499447e+21
2.149418629e+21
1.899478387e+21
2.030494386e+21
2.158276346e+21
1.914959915e+21
1.967657381e+21
1.874984301e+21
2.068933566e+21
2.188364022e+21
2.164583193e+21
1.934459951e+21
1.844828271e+21
2.028107514e+21
2.206047772e+21
1.984249855e+21
1.896487175e+21
2.070524355e+21
1.982982801e+21
1.962045209e+21
2.002066721e+21
2.042918417e+21
2.019252816e+21
2.119230394e+21
2.034655962e+21
1.895074323e+21
1.872811606e+21
1.969353177e+21
1.888842881e+21
2.039513022e+21
1.903324047e+21
1.994916166e+21
1.971107131e+21
1.951412786e+21
1.928028404e+21
1.909004254e+21
1.938438031e+21
2.023328629e+21
2.15268817e+21
1.878220538e+21
1.905659294e+21
1.88765493e+21
2.01200437e+21
2.041919511e+21
1.921086848e+21
2.04629824e+21
1.833397665e+21
1.910119706e+21
1.978941241e+21
1.961509718e+21
1.982716712e+21
1.965588385e+21
2.029944042e+21
2.05651335e+21
2.042857501e+21
1.837738457e+21
2.039943072e+21
2.139953209e+21
1.831203848e+21
2.1333869e+21
2.027079326e+21
1.820896005e+21
1.81550068e+21
1.911757629e+21
2.205689432e+21
1.999351993e+21
1.891461078e+21
1.984237322e+21
1.974838836e+21
1.967137726e+21
1.858924367e+21
2.045577579e+21
1.840055845e+21
2.120201828e+21
1.819610982e+21
2.000387087e+21
1.98694815e+21
2.069461624e+21
2.05468064e+21
2.04180954e+21
2.118527526e+21
1.921349724e+21
2.087697771e+21
1.892592186e+21
2.145124614e+21
1.862873426e+21
1.84692562e+21
2.006844427e+21
1.902604148e+21
1.972653989e+21
1.954679477e+21
2.022119036e+21
2.003210572e+21
1.985335503e+21
1.966342139e+21
2.02938279e+21
1.92919107e+21
1.99048222e+21
2.049536307e+21
1.873420903e+21
2.086336591e+21
1.83599131e+21
1.892938362e+21
1.798674877e+21
2.07671094e+21
2.128601916e+21
1.888315331e+21
1.868590561e+21
1.848602288e+21
1.829168746e+21
2.018077921e+21
1.92791527e+21
1.974798903e+21
1.886519034e+21
1.998756364e+21
2.175340767e+21
1.955308537e+21
1.870126554e+21
1.848848942e+21
1.955489874e+21
1.933036374e+21
2.036109138e+21
1.829577842e+21
2.051833317e+21
1.96825573e+21
2.06585518e+21
1.808270824e+21
1.962823377e+21
1.996683675e+21
2.032757967e+21
2.008615528e+21
1.933082901e+21
1.964587605e+21
2.053010384e+21
2.028410599e+21
2.061247052e+21
1.879809012e+21
1.861508536e+21
1.99230881e+21
2.074381471e+21
1.94932914e+21
2.079442592e+21
2.005330821e+21
2.035145758e+21
1.9625724e+21
1.897208994e+21
2.061563875e+21
1.903761983e+21
1.972339625e+21
2.045895741e+21
2.020996576e+21
2.003539286e+21
1.935172951e+21
2.006009545e+21
1.831639353e+21
1.830810141e+21
1.930643529e+21
1.928853814e+21
1.925661807e+21
1.720528473e+21
1.61556882e+21
2.015616329e+21
2.210622153e+21
1.904589552e+21
2.097552116e+21
1.892280173e+21
1.983581611e+21
1.877995025e+21
1.86911752e+21
1.959824678e+21
1.949508244e+21
2.038000038e+21
1.73677269e+21
2.112378337e+21
2.099168294e+21
2.182849455e+21
1.885401326e+21
2.061890767e+21
1.954136035e+21
2.126846035e+21
2.019065277e+21
1.914387007e+21
1.989718552e+21
1.975566205e+21
1.870241509e+21
1.944580271e+21
1.927959675e+21
1.99968188e+21
1.895840024e+21
1.880187029e+21
1.947766515e+21
1.931019525e+21
1.996162942e+21
1.978359646e+21
1.959460062e+21
1.941397203e+21
2.082679681e+21
1.90421691e+21
1.963880341e+21
1.944726305e+21
2.079143721e+21
1.982139962e+21
1.886443218e+21
2.315323387e+21
2.143532563e+21
2.121336935e+21
2.099035012e+21
1.790615653e+21
2.125778446e+21
2.103435699e+21
1.941915312e+21
1.852792771e+21
1.968160522e+21
1.880180602e+21
1.992059927e+21
1.839562511e+21
1.94877771e+21
1.992426002e+21
1.906231816e+21
1.948978196e+21
2.113060056e+21
2.029345101e+21
2.005862978e+21
1.924735137e+21
2.021188442e+21
2.059018373e+21
1.976710823e+21
2.013876052e+21
1.933233143e+21
1.913489316e+21
1.890769051e+21
1.926706321e+21
1.958111064e+21
1.992392648e+21
2.074927751e+21
2.107129508e+21
1.977700867e+21
2.009984017e+21
1.883903898e+21
2.01710927e+21
1.893075078e+21
1.924534293e+21
2.144947839e+21
1.931825522e+21
2.146910598e+21
1.938199791e+21
2.101423072e+21
2.128842349e+21
1.920066049e+21
1.993781073e+21
1.924737246e+21
1.996862524e+21
1.92870384e+21
1.955843258e+21
2.433012048e+21
1.823933868e+21
2.125858699e+21
1.82047665e+21
2.12038192e+21
2.016562571e+21
2.21308975e+21
1.807264602e+21
1.90203925e+21
2.197076348e+21
2.089732157e+21
1.68678375e+21
2.07501715e+21
2.166440554e+21
2.352239851e+21
2.050194092e+21
2.136538344e+21
1.837099532e+21
1.826514291e+21
2.008948172e+21
1.806274217e+21
2.269416748e+21
1.97244774e+21
1.86761373e+21
2.132470132e+21
1.934857288e+21
1.920322168e+21
1.998306693e+21
1.982560675e+21
1.878992336e+21
1.863547248e+21
1.761480831e+21
1.921094139e+21
2.079203767e+21
1.97499309e+21
2.043856406e+21
2.025289333e+21
2.007885029e+21
1.989164727e+21
1.97143264e+21
1.952625991e+21
1.934634375e+21
1.995627763e+21
1.897616958e+21
1.957099841e+21
2.015539852e+21
1.918518774e+21
1.899361892e+21
1.879992495e+21
2.084114804e+21
1.988909336e+21
1.895419166e+21
1.947650316e+21
1.99869709e+21
2.04798292e+21
1.816828233e+21
2.004506726e+21
1.914957869e+21
2.096847078e+21
2.074657973e+21
2.051588483e+21
2.029860738e+21
2.071776389e+21
1.985795629e+21
1.963233696e+21
2.067832952e+21
1.982176336e+21
2.022625855e+21
1.878068707e+21
2.098223031e+21
1.955270692e+21
2.052226669e+21
1.970200045e+21
2.007242617e+21
2.040218306e+21
1.851099446e+21
1.995409547e+21
1.920371671e+21
1.951677084e+21
2.039516305e+21
1.909025323e+21
1.995195019e+21
2.074949352e+21
1.952008849e+21
1.92845858e+21
1.909951877e+21
1.837191272e+21
2.114938007e+21
2.089292032e+21
2.069868669e+21
2.044722043e+21
2.026037155e+21
1.908299261e+21
1.98342499e+21
1.868138924e+21
1.987174826e+21
2.141405871e+21
2.078684785e+21
2.009654101e+21
1.906011117e+21
2.120918585e+21
1.817109054e+21
2.117908151e+21
2.015188222e+21
1.810680363e+21
2.109482218e+21
1.904175185e+21
2.000583499e+21
1.994692573e+21
2.089404348e+21
1.982828847e+21
1.878229977e+21
2.26421964e+21
1.864090325e+21
1.855313407e+21
2.042628524e+21
2.03191792e+21
2.21567996e+21
1.819817983e+21
1.906275725e+21
2.083838704e+21
2.072710184e+21
2.152445814e+21
1.953872482e+21
1.939991238e+21
2.203271559e+21
1.913404948e+21
1.900611874e+21
1.885660745e+21
1.783109947e+21
2.122172272e+21
2.106247721e+21
2.088302538e+21
1.985509078e+21
2.053587321e+21
1.782069498e+21
2.018176958e+21
2.000842909e+21
1.98221541e+21
1.964553972e+21
1.945839425e+21
2.088578375e+21
1.988726967e+21
2.048651149e+21
2.02838064e+21
2.085866617e+21
1.988427759e+21
1.89286473e+21
2.023472597e+21
1.928659972e+21
2.055575442e+21
2.034301127e+21
2.08485447e+21
2.063091594e+21
1.970710816e+21
1.880363293e+21
1.997789347e+21
2.044868855e+21
1.887602386e+21
1.934331759e+21
1.846880715e+21
1.827323543e+21
2.00037427e+21
1.91536378e+21
1.893617214e+21
1.936084083e+21
1.91389519e+21
2.077040381e+21
1.690732949e+21
1.971809233e+21
2.007898035e+21
1.987037348e+21
1.963732016e+21
2.057814244e+21
2.033528039e+21
1.900938717e+21
1.933625033e+21
2.023454456e+21
1.945285248e+21
2.032835567e+21
1.955628765e+21
2.093326417e+21
1.964745474e+21
1.894413544e+21
1.972721234e+21
1.903691261e+21
1.93014692e+21
2.058976173e+21
1.937144565e+21
1.871156386e+21
1.943205751e+21
2.066334474e+21
2.087572322e+21
1.930914391e+21
1.907382558e+21
1.890584384e+21
1.778595925e+21
1.939560691e+21
2.090066737e+21
1.942859087e+21
1.811152317e+21
2.011483472e+21
2.11001685e+21
2.007680965e+21
2.104597893e+21
2.001554851e+21
2.096793165e+21
1.893493317e+21
1.987293865e+21
2.081657331e+21
2.271814997e+21
1.871282833e+21
2.059701532e+21
1.954963056e+21
1.751198713e+21
2.035118588e+21
1.831661441e+21
1.919619573e+21
2.194890721e+21
1.994284562e+21
2.265008251e+21
1.501946796e+21
2.051403032e+21
2.039506953e+21
2.025042749e+21
2.103862934e+21
2.088112371e+21
1.893798381e+21
2.057870968e+21
1.776749091e+21
2.114630252e+21
1.923874237e+21
1.820803778e+21
2.06451939e+21
2.046363469e+21
2.029495932e+21
2.011114362e+21
1.910772929e+21
1.893009711e+21
1.95772314e+21
1.939099871e+21
2.001301136e+21
1.902598783e+21
1.963076419e+21
1.943678339e+21
2.078721901e+21
2.134076665e+21
1.886411866e+21
2.091289199e+21
1.996042713e+21
1.902295158e+21
1.955020213e+21
2.077835807e+21
1.985249312e+21
1.823810316e+21
1.87406285e+21
1.853798436e+21
2.038043012e+21
1.814130454e+21
1.861418312e+21
2.037978395e+21
1.886310104e+21
1.993759205e+21
1.845397596e+21
2.013197136e+21
2.116446032e+21
1.969134202e+21
2.131096941e+21
1.805552636e+21
1.846225355e+21
2.001318161e+21
1.864024498e+21
2.014874149e+21
2.051080442e+21
1.970579242e+21
2.006179364e+21
1.982376083e+21
1.962335847e+21
1.938935142e+21
1.919556431e+21
2.001927984e+21
1.877843218e+21
2.009866252e+21
2.041327089e+21
2.117529456e+21
2.047271941e+21
1.973165607e+21
1.856791528e+21
1.930803446e+21
2.008494278e+21
2.03131461e+21
2.012751204e+21
1.89576273e+21
2.062041317e+21
1.99163218e+21
1.884361311e+21
1.994316707e+21
1.933161115e+21
2.083149204e+21
2.022495055e+21
1.603933129e+21
2.004012791e+21
2.102184137e+21
1.800206491e+21
1.797251722e+21
1.994134448e+21
2.089029571e+21
2.184350569e+21
1.97994984e+21
1.678926113e+21
1.672976683e+21
1.766261264e+21
2.149848584e+21
2.142556857e+21
2.035576085e+21
1.931108258e+21
1.921021266e+21
1.912612453e+21
2.186902455e+21
1.703170919e+21
2.16276463e+21
1.964166335e+21
2.043998691e+21
2.032153291e+21
1.834333086e+21
2.005167892e+21
2.171107359e+21
1.707316083e+21
1.961392744e+21
1.770433455e+21
1.843748943e+21
2.091348949e+21
1.900787811e+21
1.885816817e+21
2.039190262e+21
1.938124808e+21
1.920596816e+21
1.986905826e+21
1.968461434e+21
1.950939645e+21
1.932406842e+21
2.233729943e+21
1.896064866e+21
1.878088782e+21
2.01451784e+21
1.918172189e+21
1.974903624e+21
2.030403077e+21
1.93533843e+21
2.062969684e+21
2.114641165e+21
1.948437539e+21
1.99945513e+21
1.978593056e+21
1.957540177e+21
1.936982431e+21
1.916058107e+21
2.031262586e+21
2.009014531e+21
1.921505979e+21
2.096764741e+21
1.944906809e+21
2.051290577e+21
2.093016131e+21
1.755757239e+21
2.171534872e+21
2.024010948e+21
1.942043603e+21
1.979609062e+21
2.077628061e+21
2.053451307e+21
2.032117753e+21
2.008302606e+21
1.930813314e+21
1.851921756e+21
1.99964296e+21
1.975922991e+21
1.95594707e+21
1.932626359e+21
1.966457053e+21
2.10043687e+21
2.027710413e+21
2.003326045e+21
1.932948916e+21
1.959875431e+21
1.990834061e+21
1.966735529e+21
1.948146907e+21
1.972616299e+21
2.144935844e+21
2.024676614e+21
1.91286297e+21
1.843469299e+21
1.918270932e+21
2.030213074e+21
1.92289762e+21
1.855239347e+21
1.926803631e+21
1.946509977e+21
1.930046174e+21
1.797747018e+21
1.796937658e+21
1.894941804e+21
2.291757964e+21
2.089047122e+21
1.986768862e+21
2.180433888e+21
1.879527541e+21
2.071292889e+21
1.9679375e+21
2.05902683e+21
2.150837626e+21
2.239335139e+21
1.843615099e+21
1.738407179e+21
2.020263171e+21
2.105432043e+21
2.191504747e+21
1.989496288e+21
1.979833464e+21
1.967565955e+21
1.95707902e+21
2.22179739e+21
2.116891216e+21
2.101930422e+21
1.997996812e+21
2.073229957e+21
1.880316906e+21
1.954436861e+21
2.028786944e+21
2.012218153e+21
2.083978325e+21
1.980210191e+21
2.050040975e+21
1.778058772e+21
2.015335848e+21
1.997136433e+21
1.980009842e+21
1.961655775e+21
1.944202997e+21
2.005999851e+21
1.987549742e+21
1.889575672e+21
1.949654584e+21
1.930439669e+21
1.911646581e+21
1.892509914e+21
1.948582723e+21
1.928809808e+21
1.982587183e+21
1.744170701e+21
1.941899045e+21
1.85042834e+21
1.901553383e+21
1.951020655e+21
2.068430872e+21
2.046108259e+21
1.822074415e+21
2.002372765e+21
1.981196545e+21
1.959239703e+21
2.1323509e+21
1.852874984e+21
1.959709632e+21
2.000005628e+21
1.855219029e+21
1.956262572e+21
2.056678557e+21
2.03294512e+21
2.070852622e+21
1.988286942e+21
1.967630581e+21
2.058967327e+21
1.92453618e+21
1.901844718e+21
1.993149009e+21
1.969511775e+21
1.949599757e+21
2.033378414e+21
1.960078316e+21
1.88426303e+21
2.021133615e+21
1.94562754e+21
1.825273942e+21
1.903424932e+21
2.083590463e+21
2.156381947e+21
1.844726919e+21
2.110069435e+21
1.995428599e+21
1.924217588e+21
1.953135149e+21
1.929326179e+21
2.003059238e+21
1.978605022e+21
2.050326527e+21
1.981239198e+21
2.007782726e+21
1.983223495e+21
1.923702884e+21
1.335862011e+21
2.447577424e+21
2.221567342e+21
1.331426065e+21
1.991679343e+21
1.767392249e+21
1.760608146e+21
1.976197908e+21
1.966544712e+21
1.960922132e+21
1.299608091e+21
1.942658441e+21
2.358235221e+21
2.135114645e+21
2.118784142e+21
2.108860655e+21
1.881953997e+21
2.080008424e+21
2.267031073e+21
2.048831643e+21
2.028685182e+21
2.418733208e+21
2.194034456e+21
1.980628882e+21
2.350661764e+21
2.138580932e+21
1.729689347e+21
2.287787584e+21
1.883812716e+21
1.867865295e+21
1.844939297e+21
1.828538511e+21
1.986039174e+21
1.788740409e+21
1.765682697e+21
2.098421472e+21
2.070860524e+21
1.879422647e+21
1.85435321e+21
2.002273218e+21
1.9752269e+21
1.954592072e+21
2.088584524e+21
2.066352479e+21
2.194706262e+21
2.01591968e+21
1.835118735e+21
1.966311485e+21
1.939020246e+21
1.77013145e+21
1.745512854e+21
1.870009169e+21
2.269524113e+21
2.244294755e+21
1.659820088e+21
1.91492428e+21
2.158127385e+21
1.867406525e+21
2.367763226e+21
1.821242326e+21
2.437681574e+21
2.030236853e+21
1.877316195e+21
1.856856684e+21
1.953750575e+21
2.053448271e+21
1.906628392e+21
2.004156092e+21
2.093737134e+21
2.301823755e+21
1.930724954e+21
1.798223826e+21
1.885693688e+21
1.756536897e+21
2.167412566e+21
2.252737789e+21
2.330081693e+21
2.097122411e+21
1.760312919e+21
1.948073272e+21
1.924199241e+21
1.704984166e+21
2.179938892e+21
1.864714458e+21
1.745802777e+21
1.825460097e+21
1.994455751e+21
2.070039897e+21
2.046900297e+21
2.12032553e+21
1.914931606e+21
1.897569521e+21
2.056444678e+21
2.037971901e+21
2.017303907e+21
1.999315229e+21
1.893751691e+21
1.876950695e+21
2.028496199e+21
2.010546265e+21
1.987397297e+21
1.986182508e+21
1.762732068e+21
1.980826869e+21
2.194937612e+21
1.314744286e+21
1.96459154e+21
2.177947091e+21
1.950634169e+21
1.945070455e+21
1.933720248e+21
2.141152434e+21
1.701355946e+21
1.906245561e+21
1.891748204e+21
1.464485647e+21
1.244736729e+21
2.063624302e+21
2.044806572e+21
2.236108291e+21
2.214237573e+21
1.80000256e+21
1.979240258e+21
1.96543369e+21
1.749569552e+21
2.122332623e+21
2.098123355e+21
1.892149565e+21
2.243702281e+21
1.483167821e+21
1.831311422e+21
1.996574504e+21
1.792293777e+21
1.775701596e+21
1.752913685e+21
1.909679599e+21
2.056042806e+21
1.866010181e+21
2.008608014e+21
1.988132965e+21
1.961386958e+21
1.940930172e+21
1.914553276e+21
2.209904766e+21
1.868259863e+21
2.156115061e+21
1.974526346e+21
1.952965826e+21
2.370409239e+21
1.904745257e+21
2.16732289e+21
1.714654166e+21
2.113592409e+21
1.672092563e+21
1.786328633e+21
2.038246317e+21
1.608044486e+21
1.855247147e+21
1.960363426e+21
1.8094644e+21
1.912107792e+21
2.143264039e+21
2.238375176e+21
1.721992323e+21
1.819991446e+21
2.04039435e+21
1.894558451e+21
1.874327669e+21
1.849365844e+21
2.058582711e+21
2.031452519e+21
1.898608965e+21
2.094335358e+21
1.963721996e+21
2.261555387e+21
2.238651485e+21
2.105033336e+21
1.979826566e+21
2.160942279e+21
2.241590793e+21
1.912201205e+21
1.893683954e+21
1.969400508e+21
2.048138453e+21
1.927667729e+21
2.005009545e+21
1.698839893e+21
1.963582666e+21
2.126523768e+21
2.015417547e+21
1.993502775e+21
1.885634328e+21
2.132311513e+21
2.113157461e+21
2.004517239e+21
1.813893705e+21
1.881689538e+21
2.034546997e+21
2.015504715e+21
1.9144434e+21
1.752237965e+21
2.188963871e+21
1.967001359e+21
1.309852635e+21
1.74175192e+21
2.173531579e+21
2.165287007e+21
2.160405909e+21
2.364974349e+21
1.929473007e+21
1.70513686e+21
2.124072403e+21
1.687849633e+21
2.101257194e+21
1.876829746e+21
1.868082899e+21
2.05832075e+21
2.047496277e+21
2.028926351e+21
2.218774733e+21
2.197188112e+21
1.786171097e+21
1.964137788e+21
1.170281925e+21
1.929273055e+21
1.723360379e+21
2.082420571e+21
1.690221231e+21
1.670309488e+21
2.024285746e+21
1.99967174e+21
1.801793977e+21
1.957217791e+21
1.939136647e+21
2.088393638e+21
1.89600487e+21
1.871315996e+21
2.021223048e+21
1.828279424e+21
1.974191032e+21
1.947739613e+21
1.92745793e+21
2.059813776e+21
1.881187275e+21
1.855519107e+21
2.141442158e+21
1.810329244e+21
2.23823089e+21
1.913069591e+21
1.746480399e+21
2.152947962e+21
1.987181529e+21
1.959711839e+21
1.937961952e+21
1.774672953e+21
2.159961023e+21
2.263309306e+21
2.369886547e+21
1.947755128e+21
1.926254818e+21
2.279865999e+21
2.004309137e+21
1.853461624e+21
1.955496033e+21
1.929054915e+21
2.146770372e+21
2.00030539e+21
1.629723298e+21
2.067501426e+21
1.818389016e+21
1.682307021e+21
2.108726184e+21
2.190836996e+21
2.05991053e+21
2.247504374e+21
2.224740249e+21
1.987375911e+21
2.071096026e+21
1.840755841e+21
2.025174827e+21
2.000370384e+21
1.980994465e+21
1.859332077e+21
1.938510714e+21
2.107275433e+21
1.992561801e+21
2.157245692e+21
1.951371938e+21
2.021392066e+21
2.093895106e+21
2.071091885e+21
1.784617461e+21
1.942359471e+21
2.012407914e+21
1.991891646e+21
2.059967281e+21
1.954770075e+21
1.937439831e+21
1.919233639e+21
1.984977497e+21
2.172664255e+21
1.737077205e+21
2.167986186e+21
1.732434643e+21
1.943754204e+21
1.509274635e+21
2.147975824e+21
2.143145022e+21
2.34614495e+21
2.552164959e+21
1.691628746e+21
1.89653644e+21
2.093195091e+21
1.876255173e+21
2.275954687e+21
1.853487374e+21
2.042332584e+21
2.437942069e+21
2.013290886e+21
1.801397321e+21
1.783962986e+21
2.166450708e+21
1.364484834e+21
1.935732193e+21
2.297760462e+21
2.090565618e+21
2.066951086e+21
1.86410697e+21
1.842250711e+21
2.192112902e+21
1.985115951e+21
1.609841662e+21
2.119765671e+21
2.100223254e+21
2.073506179e+21
1.882524591e+21
1.858115003e+21
2.007001608e+21
1.980562447e+21
1.960443274e+21
1.934280872e+21
1.914171424e+21
1.888360258e+21
2.024043824e+21
1.996530192e+21
1.823115096e+21
1.948032627e+21
2.075026913e+21
1.900353012e+21
2.02403869e+21
2.138762463e+21
2.256122884e+21
1.807842195e+21
2.062839061e+21
1.89879673e+21
2.011852604e+21
2.11646632e+21
1.831397328e+21
2.19334904e+21
1.91395684e+21
1.88782406e+21
1.867117539e+21
2.087328271e+21
2.064605915e+21
2.036748466e+21
2.13329453e+21
1.753941835e+21
1.966582813e+21
1.940482564e+21
1.92001128e+21
1.783325995e+21
2.316235951e+21
2.068416318e+21
1.831672286e+21
1.701810957e+21
2.211000837e+21
2.28698467e+21
1.749575051e+21
2.235953964e+21
2.113330335e+21
1.888648474e+21
2.264108113e+21
1.653363263e+21
2.022890628e+21
1.999084197e+21
1.980267663e+21
2.143918253e+21
1.939312138e+21
2.008874884e+21
2.080925461e+21
2.147717235e+21
1.86220876e+21
2.105730413e+21
1.825963626e+21
2.065486021e+21
2.047076562e+21
1.773564936e+21
1.841553552e+21
1.990014657e+21
1.890250637e+21
1.724250162e+21
1.93860941e+21
1.93562602e+21
1.933450764e+21
1.928287616e+21
1.711167065e+21
2.130939247e+21
1.700926212e+21
2.327613015e+21
1.688014859e+21
2.517499459e+21
2.299788689e+21
2.076837846e+21
1.86161109e+21
2.463583679e+21
1.634771692e+21
2.026590881e+21
1.411189408e+21
1.798105104e+21
1.787646677e+21
2.163864922e+21
1.759136217e+21
2.321536661e+21
1.921215555e+21
1.520434588e+21
2.075036082e+21
1.865190673e+21
1.665355575e+21
1.828801276e+21
1.813458334e+21
2.149931494e+21
2.130984608e+21
2.104604676e+21
2.085241546e+21
2.058829474e+21
2.039165066e+21
1.845098955e+21
1.992978896e+21
1.96683132e+21
2.109126137e+21
2.241174661e+21
1.90106684e+21
1.875530683e+21
2.319603852e+21
1.983097891e+21
1.961781181e+21
1.786200559e+21
2.208454742e+21
1.887804377e+21
2.010695199e+21
1.983111828e+21
2.381462517e+21
2.348754449e+21
1.912834919e+21
2.021321574e+21
2.398692518e+21
2.102934451e+21
1.819700899e+21
1.794817642e+21
1.775027237e+21
2.501216048e+21
1.855345599e+21
2.562287946e+21
1.930975685e+21
2.024036762e+21
1.766655679e+21
1.859248447e+21
2.184295339e+21
2.041915077e+21
1.459160562e+21
1.772328502e+21
1.97310248e+21
1.947501374e+21
1.713324258e+21
1.902788325e+21
2.092790557e+21
1.963020496e+21
1.841136951e+21
1.9192288e+21
2.1003876e+21
1.778294229e+21
1.85889761e+21
1.836561391e+21
1.819022644e+21
1.986830299e+21
2.155564714e+21
2.038112979e+21
1.927400485e+21
1.99651177e+21
2.068115494e+21
1.95658907e+21
1.762583709e+21
1.831100986e+21
1.987477322e+21
2.052638257e+21
1.949581749e+21
1.930335369e+21
1.996417461e+21
1.977509888e+21
1.960050895e+21
1.924412493e+21
1.495864325e+21
2.133678586e+21
2.344415762e+21
2.125628024e+21
1.697665316e+21
1.479919555e+21
2.109437684e+21
2.09942868e+21
2.512195077e+21
1.873400144e+21
2.074429071e+21
2.266807692e+21
2.257681346e+21
1.833453522e+21
2.027744461e+21
2.011089988e+21
1.600472089e+21
2.181005121e+21
1.971227077e+21
2.342814017e+21
2.133906334e+21
2.11220052e+21
1.716223523e+21
1.509197461e+21
2.059735563e+21
1.666383973e+21
1.653195101e+21
2.178656153e+21
1.980383075e+21
2.134506511e+21
1.939423831e+21
1.91552076e+21
1.897932725e+21
2.044359077e+21
1.856131026e+21
1.998833446e+21
1.979150774e+21
1.953289277e+21
1.933514284e+21
1.907913778e+21
2.045485504e+21
1.862874261e+21
2.150386663e+21
1.969845122e+21
1.948697875e+21
1.922240468e+21
2.193861798e+21
2.019683486e+21
1.712165563e+21
2.251674633e+21
2.365997958e+21
1.921792792e+21
1.90051417e+21
2.008385795e+21
2.118542623e+21
1.958976111e+21
2.195614262e+21
1.783492585e+21
1.889826037e+21
1.864149398e+21
1.720806425e+21
1.940048198e+21
1.918944674e+21
2.011482745e+21
2.106844101e+21
2.540682548e+21
1.828053627e+21
1.803873711e+21
1.784847879e+21
1.87155743e+21
2.178899913e+21
2.150664182e+21
1.915707689e+21
1.996248347e+21
1.976022535e+21
1.848377636e+21
1.931583287e+21
2.30913987e+21
2.08760243e+21
2.160248183e+21
1.944825726e+21
1.729311086e+21
1.998257694e+21
1.880691155e+21
2.049277967e+21
1.933599075e+21
2.189296305e+21
1.713713547e+21
2.144830202e+21
2.121367014e+21
2.014535052e+21
2.079803866e+21
1.975242238e+21
2.039949337e+21
1.937532594e+21
2.001752002e+21
1.984023238e+21
1.965161291e+21
1.947820893e+21
1.484999581e+21
2.332171347e+21
1.905235892e+21
1.903105946e+21
2.108979205e+21
1.684374967e+21
1.468364927e+21
1.883680672e+21
2.083103431e+21
1.661783979e+21
2.065448414e+21
1.852553678e+21
1.431414946e+21
1.629331698e+21
1.617277266e+21
2.012264327e+21
1.796241978e+21
1.786885823e+21
1.77101794e+21
2.152046964e+21
1.937761281e+21
2.117998075e+21
2.096560854e+21
1.703543234e+21
2.247187825e+21
2.044659033e+21
1.838083246e+21
2.005924473e+21
1.802483058e+21
1.608683725e+21
2.119301288e+21
1.92564375e+21
2.07492412e+21
1.88458447e+21
2.030090671e+21
2.010774377e+21
1.985025123e+21
1.965513221e+21
1.939932439e+21
2.080352433e+21
1.894997972e+21
1.87538869e+21
1.850387509e+21
1.830861184e+21
1.806247671e+21
2.084694683e+21
2.203383256e+21
2.034163079e+21
2.00652071e+21
1.701024986e+21
1.957485434e+21
2.350732948e+21
1.77308589e+21
2.023233347e+21
2.39473744e+21
1.973519282e+21
1.946609311e+21
1.668411262e+21
2.405277247e+21
1.627589065e+21
2.099537799e+21
2.076540363e+21
1.687024354e+21
2.026254069e+21
1.999083501e+21
1.977537596e+21
2.065984521e+21
2.271049919e+21
1.904901258e+21
1.995683388e+21
1.96957741e+21
1.949064684e+21
1.496319055e+21
1.58672396e+21
1.98414644e+21
1.860670535e+21
2.143386892e+21
2.020934323e+21
1.896013122e+21
1.976163778e+21
1.951986865e+21
1.643102019e+21
2.100816693e+21
1.986164833e+21
1.869302596e+21
2.12944839e+21
1.921870696e+21
1.994678018e+21
1.882589391e+21
2.131787425e+21
2.108432892e+21
1.828141769e+21
1.894821996e+21
1.963156873e+21
1.942940652e+21
2.009354567e+21
1.989395468e+21
1.971781958e+21
1.95296596e+21
2.016398507e+21
2.315370234e+21
2.313986826e+21
1.680351906e+21
1.258858629e+21
2.301848076e+21
1.880202477e+21
2.081413328e+21
1.66141938e+21
1.860327103e+21
1.85509338e+21
2.459506173e+21
2.042602908e+21
2.029264856e+21
2.425358687e+21
2.006258902e+21
2.196720634e+21
1.782709972e+21
1.576396277e+21
2.343704143e+21
1.747626104e+21
1.923393809e+21
2.102325252e+21
1.702759985e+21
2.254731928e+21
2.044919597e+21
2.214329028e+21
1.824822871e+21
1.629399262e+21
1.968566575e+21
2.12962637e+21
2.104311163e+21
2.085881573e+21
2.060395575e+21
2.041551995e+21
2.016020053e+21
1.83046732e+21
1.971406271e+21
1.952062324e+21
1.926757031e+21
1.907315073e+21
1.882255861e+21
2.018042001e+21
1.838067039e+21
2.121813863e+21
1.794335976e+21
2.070974656e+21
1.897122365e+21
2.020897129e+21
2.135923278e+21
1.830864154e+21
2.083841793e+21
2.060879691e+21
1.897318275e+21
1.742318288e+21
1.850804358e+21
2.222539288e+21
1.934397672e+21
2.168096414e+21
2.012875297e+21
1.990715872e+21
2.209273411e+21
1.6995103e+21
2.035915224e+21
1.776868944e+21
2.45432705e+21
2.196654969e+21
2.167461275e+21
1.692902794e+21
1.781956735e+21
1.983561971e+21
1.631376633e+21
2.260141439e+21
1.912221817e+21
1.892570387e+21
1.972190379e+21
1.952204126e+21
2.130490295e+21
2.109209835e+21
1.289473171e+21
2.160707391e+21
2.03726722e+21
2.20965387e+21
2.088184705e+21
1.880207102e+21
2.229661361e+21
2.116626114e+21
1.910283739e+21
2.072768333e+21
1.8712135e+21
2.03061472e+21
2.095655535e+21
1.817061412e+21
2.054507989e+21
1.951218496e+21
2.015036388e+21
1.997087622e+21
1.977190549e+21
1.959690807e+21
1.940921058e+21
2.08413087e+21
8.35436876e+20
1.878613928e+21
2.084205876e+21
1.665510143e+21
1.453516332e+21
1.865710028e+21
2.271953566e+21
1.442573239e+21
1.640962355e+21
2.249989299e+21
1.627176202e+21
1.418937275e+21
1.812499062e+21
2.206418472e+21
1.9911522e+21
2.378402956e+21
2.359173772e+21
1.955784964e+21
1.938594181e+21
2.120165868e+21
1.909237823e+21
1.707449464e+21
2.253781311e+21
2.051789174e+21
2.030133972e+21
2.198354781e+21
2.174102944e+21
1.977257813e+21
1.95460274e+21
1.938344301e+21
2.089531603e+21
2.071268532e+21
2.046069072e+21
2.027392823e+21
2.002143141e+21
1.983163383e+21
1.957973019e+21
2.100360466e+21
2.073239331e+21
2.052353253e+21
2.02549096e+21
1.850394977e+21
1.978068681e+21
1.957252444e+21
2.22822545e+21
1.910474465e+21
2.029793104e+21
2.151217595e+21
1.839224442e+21
1.819104276e+21
2.208586165e+21
2.047752638e+21
1.885313304e+21
1.997663766e+21
2.101923373e+21
1.688929755e+21
1.794182405e+21
2.027853686e+21
2.250461569e+21
1.854749543e+21
1.707748198e+21
2.050999833e+21
1.666374933e+21
1.648267819e+21
2.090899077e+21
2.183285603e+21
2.15432236e+21
2.019172809e+21
1.881896556e+21
1.971586911e+21
1.945870054e+21
2.032583615e+21
2.00634121e+21
2.299256742e+21
2.06355531e+21
2.042641008e+21
1.916057684e+21
1.896916064e+21
1.971949874e+21
1.854910341e+21
1.928662317e+21
2.005451735e+21
1.98135355e+21
2.055861191e+21
1.662240878e+21
1.921004519e+21
2.170097896e+21
1.791601964e+21
1.859974264e+21
2.018414866e+21
1.996239105e+21
1.806114562e+21
1.957002346e+21
2.023747242e+21
1.919356436e+21
1.984969546e+21
2.047015073e+21
2.028903168e+21
2.089775803e+21
1.912029791e+21
2.279807804e+21
2.071323142e+21
2.275042975e+21
2.479111443e+21
1.442393141e+21
2.05715476e+21
1.844689931e+21
1.636085514e+21
2.239177939e+21
2.029914244e+21
2.220447081e+21
2.011738551e+21
2.19861634e+21
2.189844284e+21
1.778644169e+21
1.770489278e+21
2.341664723e+21
2.329551108e+21
1.924315072e+21
2.104576938e+21
2.084817557e+21
1.694998895e+21
2.051001296e+21
1.851780269e+21
2.015560623e+21
1.818841134e+21
2.158641528e+21
2.141704974e+21
1.940835612e+21
2.099700223e+21
2.074958203e+21
1.885453915e+21
2.031940425e+21
2.0134287e+21
1.988455961e+21
1.969640303e+21
1.944721598e+21
2.086180823e+21
2.059347247e+21
2.038634401e+21
1.85727889e+21
1.991325147e+21
1.965071152e+21
2.093990415e+21
1.770977776e+21
1.898064384e+21
2.016702409e+21
1.994877636e+21
2.249190927e+21
2.224608621e+21
1.92026405e+21
2.170444539e+21
2.007277819e+21
1.852778493e+21
1.827706579e+21
2.194835357e+21
2.165152119e+21
1.889346878e+21
1.739586364e+21
1.720455289e+21
1.939773728e+21
2.398192625e+21
1.892844153e+21
2.223336497e+21
2.424618365e+21
2.05586336e+21
1.915937381e+21
2.118511154e+21
1.980636689e+21
2.068630883e+21
1.826771942e+21
1.914086455e+21
1.88940375e+21
1.766097233e+21
1.846141938e+21
2.335048465e+21
1.804420416e+21
2.084123126e+21
1.764212145e+21
2.329121411e+21
2.013068224e+21
1.803676062e+21
2.157160636e+21
2.229427178e+21
2.111342175e+21
2.000507155e+21
1.97740607e+21
1.959018011e+21
2.024952021e+21
1.919127654e+21
1.725466542e+21
2.051770079e+21
2.029820047e+21
2.011588284e+21
1.990724597e+21
1.972997644e+21
1.953224526e+21
2.01661248e+21
1.997157857e+21
2.058755765e+21
1.851081649e+21
1.849987508e+21
1.641983381e+21
1.025103806e+21
2.249403985e+21
1.429077374e+21
2.034137219e+21
2.232595906e+21
1.818238287e+21
1.81315596e+21
2.203780882e+21
1.796988174e+21
2.18220477e+21
1.975924766e+21
1.765450055e+21
1.952637313e+21
2.130712516e+21
2.119714754e+21
1.910244777e+21
1.709358199e+21
1.693387712e+21
2.056668274e+21
1.851137844e+21
1.838491166e+21
1.637341375e+21
2.167087885e+21
2.14339847e+21
1.772180871e+21
2.102466615e+21
2.085050347e+21
1.545440009e+21
1.702206841e+21
2.018005565e+21
1.999655623e+21
1.974954649e+21
1.9563004e+21
1.931648339e+21
1.912792017e+21
1.888283165e+21
1.869320988e+21
1.998790455e+21
1.826058696e+21
2.252588443e+21
1.783157611e+21
2.199406568e+21
2.030877143e+21
2.003779484e+21
1.69895789e+21
2.234904818e+21
1.796031983e+21
1.908169502e+21
2.156793503e+21
1.59578865e+21
2.235763402e+21
2.335336125e+21
1.79631594e+21
1.518932047e+21
2.002907379e+21
1.852441629e+21
2.076357055e+21
1.566484072e+21
2.145261118e+21
1.88139989e+21
2.093591774e+21
1.606688072e+21
2.043501362e+21
1.904462298e+21
2.327492958e+21
1.859440859e+21
2.272742952e+21
1.709090337e+21
1.902704375e+21
2.086886352e+21
2.065437451e+21
1.937171384e+21
2.119379706e+21
1.893408962e+21
2.170459481e+21
2.143525901e+21
2.025942343e+21
1.905888603e+21
2.07613205e+21
1.864712772e+21
2.031566372e+21
2.098859266e+21
2.079069344e+21
2.144395732e+21
1.770375457e+21
1.925414887e+21
1.994449714e+21
1.715196717e+21
1.869593361e+21
2.017697243e+21
1.916258952e+21
1.978787378e+21
1.961169288e+21
2.103246249e+21
1.924291012e+21
1.985064165e+21
1.967594735e+21
2.245321275e+21
2.039998869e+21
1.629580306e+21
2.238199044e+21
2.029499697e+21
2.026158739e+21
1.615081741e+21
2.014390803e+21
2.40617164e+21
2.399460041e+21
1.988511823e+21
1.981793049e+21
1.969123994e+21
2.353562031e+21
1.947166944e+21
1.938278642e+21
2.307414903e+21
1.912942763e+21
1.896378748e+21
2.074076835e+21
1.681193787e+21
2.041886803e+21
2.021712589e+21
2.190469727e+21
1.806393394e+21
1.613839208e+21
1.773640982e+21
2.111740214e+21
2.087863725e+21
2.070603483e+21
2.046412864e+21
2.028632615e+21
2.00426053e+21
1.986069698e+21
1.961635445e+21
1.943139977e+21
1.918749676e+21
1.900050693e+21
1.875797731e+21
1.856990452e+21
1.985702454e+21
1.814129039e+21
1.939581875e+21
1.77161762e+21
2.039589887e+21
1.873721701e+21
1.991021124e+21
1.96951964e+21
2.081999105e+21
2.19657099e+21
1.896226352e+21
1.875398971e+21
2.246662839e+21
1.960498653e+21
2.32094341e+21
2.295332027e+21
1.887045752e+21
1.990662983e+21
2.209415224e+21
1.82095141e+21
1.557017799e+21
2.250768739e+21
2.103854829e+21
1.965405548e+21
1.597080201e+21
1.805588571e+21
1.893123852e+21
1.983120399e+21
1.73968262e+21
1.506177431e+21
1.805173467e+21
2.101618735e+21
1.659665622e+21
1.642607029e+21
1.72306016e+21
2.006578275e+21
1.88228421e+21
1.961548723e+21
1.937220019e+21
2.109951747e+21
1.894702247e+21
1.970126389e+21
1.946451982e+21
2.019633023e+21
1.9958047e+21
2.066844855e+21
1.865300162e+21
1.935944679e+21
2.001057287e+21
2.068882734e+21
2.046058101e+21
1.858529986e+21
2.005718383e+21
1.98770348e+21
1.966992466e+21
1.949481912e+21
2.010242232e+21
1.992472483e+21
2.052040699e+21
2.033991131e+21
2.025878483e+21
1.61975148e+21
1.617363205e+21
2.019477242e+21
2.014317286e+21
2.413210058e+21
2.404554159e+21
1.799438562e+21
1.791221394e+21
1.98470605e+21
2.171187941e+21
1.967152142e+21
1.954641676e+21
1.946893469e+21
2.126227268e+21
1.924129601e+21
2.290662975e+21
1.709168495e+21
2.070983826e+21
1.871959919e+21
1.854638022e+21
1.658713325e+21
2.007379699e+21
2.174972484e+21
1.973069494e+21
1.958639766e+21
1.937420088e+21
1.922314239e+21
1.72788524e+21
2.05635544e+21
1.863063315e+21
1.846907375e+21
1.82480968e+21
1.972667137e+21
1.948494687e+21
2.091001723e+21
2.223692488e+21
2.044767822e+21
1.863476322e+21
1.998556648e+21
1.821032065e+21
1.95255043e+21
1.927083607e+21
1.906911537e+21
1.737058903e+21
1.861783013e+21
1.695792174e+21
1.95708087e+21
1.79308205e+21
1.909963599e+21
2.153636314e+21
1.996875169e+21
1.97011619e+21
1.94841569e+21
1.922272512e+21
1.774335851e+21
1.750529942e+21
2.102227845e+21
1.830053192e+21
1.80995744e+21
2.02386994e+21
1.884007855e+21
2.323651951e+21
1.838749905e+21
2.041182715e+21
2.131396847e+21
1.99262077e+21
2.080908851e+21
2.161782057e+21
1.818148566e+21
2.322377753e+21
1.671414704e+21
1.95930085e+21
1.83710061e+21
2.015271795e+21
1.695612878e+21
2.068267256e+21
1.95008797e+21
2.118505029e+21
1.906939312e+21
2.072011082e+21
2.145162042e+21
1.84294264e+21
2.007839047e+21
1.893954475e+21
1.965425746e+21
1.942687324e+21
2.012092939e+21
1.90282797e+21
1.971046972e+21
2.034023401e+21
2.01556012e+21
1.910802547e+21
1.975972522e+21
2.036809721e+21
1.93793301e+21
2.078207525e+21
1.980617923e+21
1.882858482e+21
1.94406817e+21
1.809705724e+21
2.009607905e+21
2.207325898e+21
1.804009454e+21
1.999360344e+21
1.397258039e+21
2.187857125e+21
2.381500475e+21
1.975568675e+21
2.364097002e+21
2.155250343e+21
2.14799857e+21
2.134407911e+21
1.932695394e+21
1.918907383e+21
1.719167071e+21
2.274152534e+21
1.885409037e+21
1.86924195e+21
2.044448135e+21
2.02561981e+21
1.829956584e+21
1.812044184e+21
1.799744151e+21
2.137419414e+21
1.945001987e+21
2.098934153e+21
1.73550197e+21
2.059258164e+21
2.042302141e+21
2.018642267e+21
1.834406403e+21
1.977324633e+21
1.959444252e+21
2.096822883e+21
1.917343276e+21
1.893462326e+21
1.875070579e+21
2.005592036e+21
1.832811039e+21
1.960034003e+21
1.790731313e+21
1.914745381e+21
1.748980009e+21
1.726039508e+21
1.992302847e+21
2.246840777e+21
1.944798231e+21
1.781905953e+21
1.762500432e+21
2.274093663e+21
2.249154839e+21
1.696961828e+21
1.678283321e+21
1.910569763e+21
1.763546295e+21
1.988510532e+21
1.720790651e+21
1.940331406e+21
1.679155731e+21
2.366806742e+21
1.872767258e+21
1.732389959e+21
1.827837433e+21
2.029120857e+21
1.895775363e+21
2.090946896e+21
1.850914937e+21
1.934200024e+21
2.126463241e+21
2.098917358e+21
1.973209217e+21
1.947883408e+21
1.826394567e+21
2.103729504e+21
1.983235652e+21
2.056256264e+21
1.841822344e+21
2.106212369e+21
1.990664209e+21
1.872718905e+21
1.947259516e+21
1.923859443e+21
1.996182017e+21
2.06228074e+21
2.042822129e+21
2.019173929e+21
2.087354766e+21
1.977719898e+21
1.959550355e+21
2.022129447e+21
1.920281969e+21
1.982182359e+21
1.964379218e+21
2.024811986e+21
1.926520135e+21
1.986452309e+21
1.890147446e+21
1.949646202e+21
2.087115783e+21
2.395095669e+21
2.194224424e+21
1.99183805e+21
2.188619948e+21
1.786161496e+21
1.981377362e+21
1.579475947e+21
2.167009411e+21
1.372774375e+21
1.56453567e+21
1.945040928e+21
2.326211824e+21
1.926306854e+21
1.918702905e+21
1.714574689e+21
1.706798082e+21
1.693408796e+21
1.68474355e+21
1.855962723e+21
2.029948974e+21
2.194191221e+21
1.998790312e+21
2.159252804e+21
1.429751109e+21
2.122607552e+21
2.107148521e+21
2.084519855e+21
2.068332906e+21
2.045247324e+21
2.028439622e+21
1.837951231e+21
1.987716569e+21
1.964126373e+21
1.946397453e+21
2.082962223e+21
2.063425092e+21
1.881066963e+21
2.018060661e+21
1.992588882e+21
2.276194913e+21
1.947447035e+21
2.224071661e+21
2.04891523e+21
2.027522901e+21
1.715159039e+21
2.404004405e+21
2.093252767e+21
1.79462103e+21
2.04330959e+21
1.886338205e+21
1.994225773e+21
1.972372859e+21
1.6866173e+21
1.796378401e+21
1.772408068e+21
2.25371207e+21
2.100095832e+21
1.710460378e+21
2.290385985e+21
1.669138805e+21
1.999844972e+21
2.094367496e+21
2.411028397e+21
1.703487865e+21
1.793067302e+21
2.106366512e+21
2.188122772e+21
1.840092126e+21
1.709270312e+21
2.008370519e+21
1.565044135e+21
2.06499808e+21
2.344303157e+21
2.118448014e+21
1.99196755e+21
1.77459014e+21
2.141735586e+21
1.927563594e+21
2.094061543e+21
1.602190322e+21
1.955013299e+21
1.936023989e+21
2.09492621e+21
1.894447763e+21
2.050369588e+21
1.942713793e+21
2.007493288e+21
1.902336081e+21
2.051743461e+21
2.03289086e+21
2.010373785e+21
1.992121933e+21
1.970620276e+21
1.95292116e+21
1.932436577e+21
1.915240899e+21
1.895776569e+21
2.03562009e+21
2.01564419e+21
1.921097572e+21
1.981260325e+21
2.376130982e+21
2.1749569e+21
1.975071012e+21
2.167113374e+21
1.573509523e+21
2.351930511e+21
1.760081316e+21
2.336224842e+21
1.941467649e+21
1.54477595e+21
2.309399074e+21
1.912445286e+21
2.095402723e+21
1.891456359e+21
1.694605806e+21
1.868196266e+21
2.230388005e+21
2.027157923e+21
2.01565402e+21
1.997263965e+21
1.984826259e+21
1.965574986e+21
1.774807581e+21
1.932332932e+21
1.918288353e+21
2.070302185e+21
2.054257659e+21
2.031425851e+21
2.014764022e+21
1.991615294e+21
1.974442214e+21
1.951103136e+21
2.094650185e+21
2.069283607e+21
1.892222544e+21
2.024568903e+21
2.159195236e+21
1.827464541e+21
1.8092532e+21
1.935020697e+21
1.9152569e+21
1.890536913e+21
1.726913623e+21
1.846449459e+21
1.686334762e+21
1.941572017e+21
1.783497611e+21
2.030730657e+21
1.874743337e+21
2.114185451e+21
2.22172526e+21
2.192212935e+21
2.040580499e+21
2.26510392e+21
1.866810121e+21
1.841956687e+21
1.943146737e+21
2.156960593e+21
2.37034383e+21
1.520269799e+21
1.966351442e+21
1.712056358e+21
1.919296289e+21
2.116832017e+21
1.98385628e+21
1.849088759e+21
2.044618105e+21
2.124209746e+21
1.681462995e+21
2.074674487e+21
1.745112189e+21
2.026782234e+21
2.005947241e+21
1.98051638e+21
1.764386888e+21
1.93585522e+21
1.916495411e+21
1.987411468e+21
1.686703013e+21
1.666115853e+21
1.924917375e+21
1.811224144e+21
1.973269364e+21
1.949960661e+21
2.107149301e+21
1.909166706e+21
1.891391037e+21
1.954920581e+21
1.936954823e+21
1.998754015e+21
1.980606074e+21
1.959192295e+21
2.022495827e+21
1.921186187e+21
1.983430175e+21
1.884690122e+21
1.868050338e+21
2.003797247e+21
2.06259981e+21
2.360185401e+21
2.162250381e+21
1.962841648e+21
1.764629779e+21
1.955793195e+21
1.757346169e+21
1.945747868e+21
2.135640286e+21
2.126088227e+21
1.927470489e+21
1.917101072e+21
1.719620707e+21
1.898781787e+21
1.891317074e+21
2.06582561e+21
1.869540536e+21
1.669514261e+21
1.66100686e+21
1.646966124e+21
2.183518896e+21
1.98338168e+21
1.971055965e+21
1.952024349e+21
1.762596647e+21
2.093591266e+21
1.732004394e+21
2.056277147e+21
2.040372685e+21
2.01778993e+21
2.001271588e+21
1.978371395e+21
1.96134398e+21
1.938251463e+21
1.920818233e+21
1.897646281e+21
1.879907417e+21
2.011486549e+21
2.145276174e+21
1.967081931e+21
2.097316584e+21
2.070655929e+21
2.195931115e+21
1.87866079e+21
1.859095252e+21
1.834954876e+21
1.955166591e+21
2.0674191e+21
1.908858249e+21
2.287413072e+21
1.996382293e+21
1.8386851e+21
1.948464563e+21
1.922656203e+21
2.155075722e+21
1.751214393e+21
1.855661617e+21
2.075154975e+21
2.17307251e+21
1.429489207e+21
1.885096295e+21
2.208899433e+21
1.954825853e+21
2.155952179e+21
2.132587995e+21
1.993775704e+21
1.972342655e+21
1.946539295e+21
2.246779893e+21
2.006375491e+21
1.88075187e+21
1.95962376e+21
1.633028147e+21
1.813657035e+21
1.894735175e+21
1.969196116e+21
2.046683678e+21
2.213526536e+21
2.191386652e+21
2.070175684e+21
2.049764785e+21
1.748649814e+21
1.822797588e+21
2.071026434e+21
1.694462455e+21
1.762569863e+21
2.095113547e+21
1.89824876e+21
1.966051726e+21
2.028226347e+21
1.925851348e+21
1.904464971e+21
1.969222588e+21
2.029058432e+21
1.930401422e+21
1.910066035e+21
1.971952148e+21
2.02987697e+21
1.934577506e+21
1.992088752e+21
2.202449619e+21
1.952590949e+21
2.146610274e+21
1.753791973e+21
2.141189738e+21
2.135858675e+21
1.55082613e+21
2.124933534e+21
2.313047831e+21
2.302754597e+21
1.722306341e+21
2.28411601e+21
2.276492272e+21
2.073843355e+21
1.877915242e+21
1.864779661e+21
2.042011225e+21
1.842020102e+21
2.199183445e+21
1.998956806e+21
1.62626704e+21
2.148753867e+21
2.135427737e+21
2.114901021e+21
2.100663109e+21
2.079378596e+21
1.720271432e+21
1.872237449e+21
2.026674151e+21
2.004335851e+21
1.822295441e+21
1.965302471e+21
1.948418385e+21
2.086031987e+21
2.385348869e+21
1.885346164e+21
1.867751555e+21
1.844835858e+21
1.97928289e+21
1.954571783e+21
1.935151045e+21
1.763665633e+21
1.891176043e+21
2.010543172e+21
2.273862813e+21
1.963879638e+21
1.94309359e+21
2.191722579e+21
1.897171636e+21
1.872296316e+21
2.248828041e+21
1.697051001e+21
1.678496266e+21
1.783736594e+21
2.016179397e+21
1.616463174e+21
1.721669113e+21
2.42694751e+21
2.160257879e+21
1.539529572e+21
1.874048554e+21
1.849278393e+21
2.172073953e+21
2.256259392e+21
2.008634359e+21
1.762014258e+21
1.960961901e+21
2.042869484e+21
2.127494127e+21
1.784896982e+21
2.077758477e+21
1.948435978e+21
2.029631796e+21
1.803329041e+21
1.883944787e+21
1.958004525e+21
1.938142637e+21
2.200963804e+21
2.084209644e+21
1.871305397e+21
2.130779694e+21
1.921760283e+21
1.812459152e+21
2.059279879e+21
2.128229165e+21
1.840191301e+21
2.083214504e+21
1.801661568e+21
2.039863072e+21
2.016668803e+21
1.998129858e+21
1.975912838e+21
1.957969208e+21
1.936729409e+21
1.999307498e+21
1.978201951e+21
1.882181954e+21
1.862901731e+21
2.000335913e+21
1.904342587e+21
1.963147426e+21
1.356995616e+21
2.1311948e+21
2.321612842e+21
1.932575658e+21
2.120566977e+21
1.92465991e+21
1.534373914e+21
2.105166386e+21
1.524251035e+21
2.090080349e+21
1.889952543e+21
2.260388052e+21
1.872032251e+21
2.051172203e+21
1.851721519e+21
2.21206957e+21
2.195046217e+21
1.63792974e+21
1.985148458e+21
1.615051759e+21
2.134023401e+21
1.767346131e+21
2.100519229e+21
1.912539216e+21
2.065357594e+21
2.050435635e+21
2.028789518e+21
2.013158327e+21
1.991059999e+21
1.974821689e+21
1.952405078e+21
1.935662039e+21
1.913049429e+21
2.053894491e+21
1.873204473e+21
1.855751887e+21
1.833066998e+21
1.815402486e+21
1.942219751e+21
1.775030457e+21
2.190779188e+21
2.313060032e+21
1.998069896e+21
2.11854834e+21
1.951804368e+21
1.931168774e+21
2.042215307e+21
2.020314911e+21
1.993906261e+21
2.23525532e+21
1.686875067e+21
2.053470868e+21
2.153076616e+21
2.004196385e+21
2.348564999e+21
2.200511236e+21
1.930164294e+21
1.670350499e+21
2.119225543e+21
2.212466342e+21
1.953466526e+21
1.932175316e+21
1.906760182e+21
1.997057206e+21
1.9708885e+21
2.05802905e+21
1.817383756e+21
2.115338392e+21
2.296713273e+21
2.065928907e+21
1.937375217e+21
1.816299637e+21
1.593882674e+21
1.873276605e+21
1.946939427e+21
1.927187973e+21
1.99823479e+21
1.978242625e+21
1.953790924e+21
1.934520563e+21
1.819929435e+21
2.072572928e+21
1.869607926e+21
2.116221741e+21
1.916936347e+21
2.071449858e+21
2.047399907e+21
2.028325906e+21
2.005242231e+21
1.904021969e+21
1.964686904e+21
2.027962203e+21
1.925690025e+21
1.908395128e+21
1.966882817e+21
1.949390071e+21
1.929370174e+21
2.065338808e+21
1.969077507e+21
1.95181716e+21
1.924739444e+21
1.923635594e+21
2.112985777e+21
2.110695414e+21
2.296901111e+21
2.102082732e+21
1.904372524e+21
1.900230232e+21
1.702672378e+21
2.263997203e+21
2.064331053e+21
2.057467572e+21
2.230725764e+21
1.851673405e+21
2.022729482e+21
2.19670692e+21
1.998224068e+21
1.807366651e+21
1.79229961e+21
1.960432354e+21
1.942869065e+21
1.5798012e+21
1.564748787e+21
1.899646774e+21
2.05152441e+21
1.867003624e+21
1.84737617e+21
1.999821582e+21
1.977958858e+21
1.961857201e+21
2.101315516e+21
1.923071638e+21
1.90069259e+21
1.883685625e+21
1.861218168e+21
1.997564207e+21
1.97323462e+21
1.803921685e+21
2.078486155e+21
2.057893575e+21
1.886861686e+21
2.155030631e+21
2.269429066e+21
2.245880225e+21
2.355564545e+21
1.91938943e+21
2.300488118e+21
2.008095548e+21
1.84979803e+21
1.960451869e+21
1.547834253e+21
1.913669487e+21
1.888535174e+21
2.241399343e+21
1.966122832e+21
1.823000982e+21
2.158766464e+21
1.897845993e+21
1.989886734e+21
1.968108114e+21
2.056453507e+21
2.034048444e+21
1.672788284e+21
1.654677286e+21
1.741902951e+21
2.153988791e+21
2.338542618e+21
1.998154737e+21
1.868489033e+21
2.054233277e+21
1.926439325e+21
2.107055662e+21
2.080192287e+21
1.96076691e+21
1.742398819e+21
1.820538626e+21
1.892401159e+21
1.873465222e+21
1.850319463e+21
1.923669729e+21
2.171672009e+21
2.060949679e+21
1.947652382e+21
2.104349047e+21
1.906175423e+21
1.973991621e+21
2.03588893e+21
1.764803697e+21
1.993944417e+21
2.05792588e+21
2.034987299e+21
1.93584394e+21
2.074340424e+21
1.97664486e+21
1.95569248e+21
2.170897723e+21
1.918345168e+21
1.901427802e+21
1.882471247e+21
2.089895154e+21
2.102220488e+21
2.101018667e+21
1.716578909e+21
1.33367288e+21
1.900573814e+21
2.087251833e+21
2.269162829e+21
1.886863571e+21
1.690732188e+21
2.24813226e+21
2.049918409e+21
2.228853617e+21
2.215231112e+21
2.206590726e+21
1.643531665e+21
2.181556184e+21
1.804102918e+21
2.153980099e+21
2.136105025e+21
1.947096495e+21
2.10516017e+21
1.917833903e+21
1.726945474e+21
2.0584658e+21
1.868052353e+21
2.023208791e+21
2.002027086e+21
1.98666038e+21
1.965029e+21
1.949061823e+21
2.087704181e+21
1.910643967e+21
2.045868889e+21
1.871625084e+21
1.849384284e+21
1.984893349e+21
2.413298758e+21
2.091349379e+21
1.917978199e+21
1.752925601e+21
1.875194175e+21
1.998951381e+21
1.832611814e+21
1.953127418e+21
2.06581489e+21
1.771484849e+21
1.88311072e+21
2.395227729e+21
1.970089755e+21
1.818843371e+21
1.666884966e+21
2.029168697e+21
1.752267107e+21
1.856861871e+21
1.954642373e+21
1.691543561e+21
2.146245057e+21
2.004776983e+21
1.862039018e+21
1.726564557e+21
1.817482097e+21
1.79768816e+21
1.885017933e+21
2.413031746e+21
2.165023101e+21
1.820505688e+21
1.691147564e+21
1.777723095e+21
1.961189328e+21
2.246936256e+21
2.016448631e+21
2.294774996e+21
2.167047626e+21
1.657319841e+21
1.925180224e+21
1.905645998e+21
1.787748721e+21
1.956158302e+21
1.932002125e+21
2.095124698e+21
1.979601439e+21
2.049456072e+21
1.936790409e+21
2.092608829e+21
1.981695306e+21
1.9629683e+21
1.94015222e+21
1.92207043e+21
1.900157646e+21
2.046393383e+21
2.023555635e+21
1.924967766e+21
1.983317238e+21
1.96550512e+21
1.866843605e+21
2.081525516e+21
1.983743265e+21
2.04187924e+21
1.871722895e+21
1.929544506e+21
2.087438437e+21
2.275907783e+21
2.083305923e+21
1.891870437e+21
2.264703308e+21
2.072628741e+21
1.877752881e+21
2.06105201e+21
2.23861106e+21
2.04644744e+21
2.035705622e+21
2.213414064e+21
2.016621041e+21
2.008770351e+21
1.99498397e+21
2.166613007e+21
1.791808386e+21
1.961045585e+21
1.768040723e+21
2.109753649e+21
2.091019375e+21
2.078153965e+21
1.886980318e+21
2.044774256e+21
2.024406598e+21
2.009864731e+21
1.988908909e+21
1.973671278e+21
1.952267088e+21
1.936432269e+21
1.914708967e+21
2.056573879e+21
1.8764517e+21
2.169670998e+21
1.990841593e+21
1.972382224e+21
1.948531467e+21
2.078288654e+21
2.052704706e+21
2.322771137e+21
2.29374778e+21
2.128599699e+21
1.681338601e+21
2.079916859e+21
1.916453384e+21
2.302597353e+21
2.005541143e+21
1.984094956e+21
2.088953167e+21
2.066355471e+21
2.166933164e+21
2.017232049e+21
1.74202259e+21
1.846019081e+21
1.943295208e+21
1.921982437e+21
2.133868068e+21
2.11047589e+21
1.967077656e+21
2.060013208e+21
1.694179618e+21
2.01088259e+21
2.094841306e+21
1.744989213e+21
1.937526252e+21
1.597268862e+21
1.99695328e+21
1.975706056e+21
1.950209023e+21
1.828111352e+21
1.704414439e+21
1.785887178e+21
2.154982058e+21
2.035878021e+21
2.010206096e+21
1.895054602e+21
1.964967446e+21
2.037933354e+21
2.104268859e+21
1.992916292e+21
2.058109617e+21
2.038089951e+21
2.101144275e+21
2.080998883e+21
1.799329634e+21
1.95206741e+21
1.929365506e+21
1.994484373e+21
1.971726453e+21
2.03498942e+21
2.092741758e+21
1.914213121e+21
1.972202367e+21
1.954490237e+21
2.088384666e+21
2.146478501e+21
2.124269154e+21
1.955150099e+21
2.15887204e+21
2.139974376e+21
1.884420744e+21
1.695015119e+21
1.880705897e+21
2.066548464e+21
2.248940561e+21
2.24531904e+21
1.864720193e+21
1.860686569e+21
2.037868861e+21
2.032305179e+21
2.021688561e+21
2.015004698e+21
1.820732263e+21
1.813657549e+21
2.161521497e+21
1.972550389e+21
1.957648317e+21
2.124862953e+21
1.931771471e+21
2.095594663e+21
1.903978345e+21
2.064312364e+21
2.044896254e+21
2.031263641e+21
2.011114767e+21
1.996695538e+21
1.975961525e+21
1.960850923e+21
1.939669872e+21
1.923965335e+21
1.902465003e+21
1.88626435e+21
2.019941795e+21
1.847961459e+21
1.826162296e+21
1.960027831e+21
1.936410395e+21
1.917862188e+21
1.894334322e+21
2.019925281e+21
1.994770342e+21
2.115625878e+21
1.949686983e+21
1.929527499e+21
1.904952581e+21
1.750262519e+21
1.993607389e+21
1.840821286e+21
1.817046459e+21
2.054178042e+21
2.15424405e+21
2.381454081e+21
1.731897165e+21
1.835302185e+21
1.69056915e+21
1.791470152e+21
1.768027509e+21
2.214963886e+21
1.840817023e+21
1.820696935e+21
2.021495771e+21
2.221662688e+21
2.192665806e+21
1.952053065e+21
2.247764271e+21
2.117747728e+21
1.672248367e+21
2.068073486e+21
1.837279881e+21
1.817934886e+21
2.293172717e+21
2.071970555e+21
1.850815997e+21
1.831785327e+21
2.189487314e+21
1.790351274e+21
2.04717661e+21
1.934561617e+21
2.001679373e+21
2.072010305e+21
1.957772758e+21
2.114973084e+21
2.00249073e+21
1.983287174e+21
1.789396195e+21
2.025690702e+21
2.002119726e+21
1.98345342e+21
1.960802119e+21
1.942763381e+21
2.001073335e+21
1.982893728e+21
1.961211381e+21
2.021342047e+21
1.845957736e+21
1.90578013e+21
1.961453949e+21
1.869395024e+21
1.998637474e+21
1.981150374e+21
1.68421855e+21
2.057323413e+21
2.241216338e+21
1.679105749e+21
1.8611631e+21
1.672354433e+21
1.851867167e+21
2.032655419e+21
2.023872519e+21
1.834870037e+21
2.190396232e+21
2.001237242e+21
1.989177945e+21
1.621197109e+21
1.789081201e+21
2.137332496e+21
1.944486794e+21
1.934714466e+21
1.918872733e+21
2.081624459e+21
1.89135847e+21
2.050653928e+21
2.031447773e+21
2.017930395e+21
1.99799634e+21
1.983697799e+21
1.963181621e+21
1.948196047e+21
1.927234183e+21
1.911657901e+21
1.890376636e+21
1.874306374e+21
1.852821346e+21
1.989382013e+21
2.419691506e+21
2.247492972e+21
1.776405407e+21
1.759414768e+21
1.882729647e+21
2.150977094e+21
1.982660223e+21
1.962621966e+21
2.214805911e+21
2.191931573e+21
2.164101703e+21
2.141342648e+21
1.981814816e+21
2.091372046e+21
2.451523154e+21
1.786875388e+21
2.267685191e+21
1.869164213e+21
1.844880822e+21
2.189650803e+21
2.041053553e+21
1.781200868e+21
1.757947883e+21
2.31826166e+21
2.059184701e+21
1.923538388e+21
2.12177836e+21
2.319611545e+21
2.071356113e+21
1.833277341e+21
2.23522278e+21
2.316530553e+21
1.76689106e+21
2.056585452e+21
2.030119144e+21
1.908308374e+21
2.181361474e+21
2.158654389e+21
1.937499592e+21
2.205213503e+21
2.082782153e+21
2.155354293e+21
1.943397847e+21
2.015557362e+21
2.171674455e+21
2.060643316e+21
2.035539678e+21
2.015731773e+21
1.991506699e+21
1.972404508e+21
1.779571831e+21
2.014565065e+21
1.991110902e+21
1.972543815e+21
2.031248093e+21
1.932056255e+21
1.990018489e+21
1.971937874e+21
1.95034222e+21
2.010139805e+21
1.912176121e+21
1.895180825e+21
2.100534233e+21
1.858955935e+21
2.134634176e+21
1.97003691e+21
1.858467109e+21
2.228901198e+21
1.854833854e+21
1.667560109e+21
2.033225606e+21
2.029963535e+21
2.023109124e+21
2.20227114e+21
2.010067123e+21
2.004599055e+21
1.450345941e+21
1.98765664e+21
2.155346834e+21
2.14700297e+21
1.95476411e+21
1.769155859e+21
2.107092069e+21
1.9218123e+21
1.906145105e+21
2.067839284e+21
2.049714313e+21
1.867410457e+21
1.849993775e+21
2.004771046e+21
1.985047946e+21
1.970868186e+21
2.113113131e+21
2.097012088e+21
2.074536679e+21
1.899506925e+21
2.034977664e+21
1.862499058e+21
1.841227957e+21
2.129036862e+21
2.254395318e+21
1.935777604e+21
2.059739331e+21
2.040067269e+21
2.159153408e+21
1.852854696e+21
1.829932239e+21
1.950803843e+21
1.926363703e+21
2.178846964e+21
1.747905872e+21
1.862584399e+21
2.101504996e+21
1.949150821e+21
1.924123795e+21
2.1571393e+21
2.004053167e+21
1.858359474e+21
2.3234223e+21
1.693288243e+21
2.148784489e+21
2.243328287e+21
1.981046873e+21
2.189876156e+21
2.275091648e+21
2.025221924e+21
1.554656048e+21
2.086945832e+21
1.951398838e+21
1.608585961e+21
1.799426089e+21
1.989544164e+21
1.963848208e+21
1.84070191e+21
1.917993639e+21
1.997686784e+21
1.972169395e+21
2.04922248e+21
2.119578247e+21
2.097782654e+21
1.883089016e+21
2.143571506e+21
1.840752054e+21
2.09566865e+21
2.069836437e+21
1.871191637e+21
1.936420227e+21
1.917573216e+21
2.066757401e+21
1.876351898e+21
2.022691151e+21
1.920079263e+21
1.980222482e+21
1.961753565e+21
1.939312627e+21
1.921466501e+21
1.899921711e+21
2.196434712e+21
1.939592871e+21
1.999061044e+21
1.977661865e+21
2.110862618e+21
1.865057647e+21
2.070468722e+21
1.903126658e+21
1.886490123e+21
1.845756548e+21
2.213660885e+21
2.21059553e+21
2.02421042e+21
2.20294193e+21
2.199413978e+21
2.19202253e+21
2.005030673e+21
1.996448791e+21
1.99102736e+21
1.98077213e+21
1.974259115e+21
2.140878259e+21
1.954888388e+21
1.765195875e+21
1.93309678e+21
2.093113772e+21
2.082633904e+21
2.065729316e+21
2.054235488e+21
1.866614034e+21
2.023872196e+21
2.005074595e+21
1.991782215e+21
1.972266301e+21
1.958203458e+21
1.938111417e+21
1.923370079e+21
2.061404711e+21
1.887509443e+21
2.177764145e+21
1.850839573e+21
1.82977875e+21
2.115828276e+21
2.091136319e+21
2.071866604e+21
1.900935408e+21
2.17246855e+21
2.432231421e+21
2.124999259e+21
1.958875813e+21
1.939127196e+21
2.188468656e+21
2.165917644e+21
2.004925431e+21
2.248401176e+21
1.828067089e+21
1.808589728e+21
1.657903442e+21
2.144647711e+21
2.2415855e+21
1.724500335e+21
1.945388605e+21
1.803885307e+21
2.01789374e+21
1.878412265e+21
2.665131948e+21
2.062936617e+21
2.262344751e+21
2.013884517e+21
1.987706665e+21
1.747643241e+21
1.83277149e+21
1.706319062e+21
2.000025968e+21
2.186841305e+21
2.055848167e+21
2.135687473e+21
2.208673094e+21
2.086086462e+21
1.86333169e+21
1.843936186e+21
2.299673538e+21
1.896687722e+21
2.153780068e+21
2.039224808e+21
2.196910456e+21
1.993667399e+21
1.790093926e+21
2.126900275e+21
2.013459389e+21
1.907169304e+21
2.055543872e+21
2.035819385e+21
1.927885435e+21
1.992676437e+21
1.969452501e+21
2.032375753e+21
2.00910787e+21
1.990616877e+21
2.047002074e+21
1.950385395e+21
2.083278272e+21
1.988103733e+21
1.966781614e+21
2.099251864e+21
1.854753431e+21
1.911960605e+21
1.965352821e+21
1.731715454e+21
1.833218667e+21
2.015408606e+21
1.829663972e+21
2.193251598e+21
2.005689004e+21
2.002482705e+21
1.995784627e+21
1.991497975e+21
1.802739771e+21
1.797852907e+21
2.146362433e+21
1.782764535e+21
2.12660264e+21
2.118399865e+21
2.104188947e+21
1.920293976e+21
2.079319716e+21
1.896517424e+21
2.052206992e+21
1.870742055e+21
1.685893668e+21
2.010741958e+21
1.826131212e+21
1.978960609e+21
1.959648203e+21
1.945700457e+21
1.925814905e+21
1.911192863e+21
2.2060101e+21
1.875662564e+21
1.855016017e+21
1.839325159e+21
1.81847105e+21
1.802385062e+21
1.781424995e+21
1.765033949e+21
2.034735773e+21
2.015357909e+21
1.848753308e+21
2.112244234e+21
2.086281775e+21
1.789904535e+21
1.767620994e+21
2.01856956e+21
1.993175744e+21
2.103763227e+21
2.077076871e+21
2.054965992e+21
2.028731622e+21
2.132299962e+21
1.733479735e+21
1.959595152e+21
1.934338047e+21
1.913227392e+21
1.888479828e+21
1.751087477e+21
1.843612783e+21
1.823452945e+21
1.912278911e+21
2.113932969e+21
1.976693253e+21
1.737966768e+21
2.144315093e+21
1.802975213e+21
1.989050458e+21
1.657025373e+21
1.737920094e+21
2.022874583e+21
1.897101569e+21
1.877133841e+21
1.853213548e+21
1.833923863e+21
1.906013613e+21
2.169374775e+21
2.04899876e+21
2.02819744e+21
1.820873293e+21
1.982899757e+21
2.047500758e+21
1.850993449e+21
1.915528436e+21
2.069321101e+21
1.959265894e+21
2.024829377e+21
1.917472236e+21
1.981909528e+21
1.958799037e+21
2.102233665e+21
1.918289059e+21
2.059017435e+21
1.957574867e+21
1.939784866e+21
2.148659261e+21
1.82516851e+21
2.031251979e+21
1.938641844e+21
1.918344947e+21
1.901459738e+21
1.954502938e+21
1.937432243e+21
2.185019967e+21
1.819830889e+21
1.999066816e+21
2.178475463e+21
1.811089568e+21
1.989019433e+21
2.162615246e+21
1.978146726e+21
1.969758318e+21
1.96442791e+21
2.132075311e+21
1.770907893e+21
1.936473132e+21
1.929017032e+21
1.741939915e+21
2.081083245e+21
1.7214219e+21
1.884118052e+21
2.038860552e+21
2.027557899e+21
2.010009484e+21
1.997780991e+21
1.979377417e+21
1.966303019e+21
1.947190534e+21
2.094469114e+21
2.073146229e+21
1.899168868e+21
2.192220475e+21
2.01929376e+21
1.997148071e+21
2.284941407e+21
1.807302251e+21
1.940618417e+21
1.770581077e+21
1.900506889e+21
2.16692171e+21
2.28940153e+21
1.837698743e+21
1.959665322e+21
2.212177466e+21
1.916188288e+21
1.892406615e+21
2.408078184e+21
2.245771366e+21
1.69936663e+21
1.806940227e+21
2.043110682e+21
1.76496389e+21
1.870670808e+21
2.092964215e+21
2.192018358e+21
1.803199054e+21
2.140237839e+21
1.995253619e+21
1.973444638e+21
1.947920118e+21
2.153292343e+21
2.013547247e+21
1.88094261e+21
2.184223571e+21
1.944446467e+21
1.599419079e+21
1.898572119e+21
1.97819475e+21
1.544986557e+21
1.830147967e+21
1.810693693e+21
2.085438475e+21
1.768706004e+21
2.328258566e+21
1.92002072e+21
1.895744471e+21
1.970061132e+21
2.037979865e+21
2.108983635e+21
2.082758163e+21
1.792952545e+21
1.859424655e+21
2.104065139e+21
1.991852986e+21
2.058214392e+21
2.03347794e+21
2.013957388e+21
1.990091399e+21
1.971258345e+21
1.94826021e+21
2.010499667e+21
1.987445091e+21
2.126680304e+21
2.102753669e+21
2.160814816e+21
1.984365971e+21
2.117818296e+21
1.795732018e+21
1.85393694e+21
1.907862158e+21
1.891073587e+21
1.87178063e+21
1.926802535e+21
1.989511768e+21
2.169165295e+21
2.166201659e+21
1.983572334e+21
1.978888309e+21
1.975735986e+21
1.61115414e+21
1.964973303e+21
1.600919118e+21
1.951392936e+21
1.941479039e+21
1.935128711e+21
1.748845863e+21
2.090548861e+21
2.076648268e+21
1.722900429e+21
2.052269941e+21
2.042050647e+21
2.025686586e+21
1.846604161e+21
1.997114179e+21
1.984986042e+21
1.966774258e+21
1.953806318e+21
1.934890254e+21
1.921167401e+21
2.06015779e+21
1.887295223e+21
1.867373292e+21
2.161144317e+21
1.984848834e+21
1.968114253e+21
2.09564811e+21
1.780429635e+21
2.053179775e+21
1.889033881e+21
1.723141697e+21
1.991239948e+21
1.967296792e+21
2.087188098e+21
2.474036028e+21
2.177052748e+21
2.015734357e+21
1.862029972e+21
1.838745749e+21
2.209399244e+21
1.796558865e+21
2.031391375e+21
1.629553361e+21
1.860023082e+21
1.713867023e+21
2.058542952e+21
2.032147414e+21
1.891760983e+21
1.633983653e+21
1.500695083e+21
2.165019486e+21
2.028664291e+21
1.779957531e+21
2.200690368e+21
1.846415855e+21
2.148664707e+21
1.802791058e+21
2.307831373e+21
1.967456894e+21
2.048805055e+21
2.022503783e+21
2.001008008e+21
1.9754313e+21
1.759178447e+21
1.929793031e+21
2.005192633e+21
2.168423201e+21
1.86619349e+21
1.9349389e+21
2.188905454e+21
1.981561226e+21
1.961709674e+21
2.025641983e+21
2.092830463e+21
1.895082631e+21
1.961925178e+21
1.854069875e+21
2.003201525e+21
1.979457083e+21
2.042417744e+21
2.01857727e+21
1.999737281e+21
1.897716425e+21
1.880243448e+21
1.936527171e+21
1.918925778e+21
2.049575207e+21
1.880712361e+21
2.009264709e+21
2.065173535e+21
1.970473824e+21
1.953138754e+21
1.933158632e+21
2.12920981e+21
1.976267286e+21
1.975167599e+21
1.79316442e+21
1.970386496e+21
1.965754769e+21
1.962628787e+21
1.956154337e+21
1.951974174e+21
2.12047863e+21
1.93852981e+21
1.928725496e+21
2.097193833e+21
1.911154372e+21
2.076896187e+21
1.891217644e+21
2.054054455e+21
1.869089993e+21
2.028872105e+21
2.012681773e+21
2.00156433e+21
1.984383279e+21
1.972353944e+21
1.954330578e+21
1.941467458e+21
1.922744399e+21
1.90913142e+21
1.889844079e+21
2.188163977e+21
2.165152026e+21
1.840997715e+21
1.82095399e+21
1.805625767e+21
1.785371242e+21
1.769651291e+21
2.186605666e+21
2.022136914e+21
1.855609127e+21
2.120781585e+21
1.955672414e+21
1.936556191e+21
1.912978817e+21
2.164326568e+21
1.736824069e+21
1.98346804e+21
1.958738702e+21
2.196697559e+21
1.786296109e+21
1.893567887e+21
1.8695972e+21
1.849495881e+21
2.069417475e+21
2.046977769e+21
1.783056574e+21
1.881207411e+21
1.973115891e+21
1.836773723e+21
1.813124065e+21
2.017491846e+21
1.880841087e+21
1.860344421e+21
2.052394056e+21
2.030114105e+21
1.793014363e+21
1.877991375e+21
2.059826296e+21
1.8339738e+21
2.112209464e+21
1.592200836e+21
1.964845403e+21
2.041378483e+21
2.015456064e+21
1.994479226e+21
2.063088077e+21
1.949057759e+21
2.016293829e+21
1.905100426e+21
1.702254986e+21
2.12867298e+21
2.014886687e+21
1.908238865e+21
1.885022534e+21
2.036354854e+21
1.928052362e+21
1.99255994e+21
1.968935815e+21
1.950295777e+21
1.927519143e+21
1.989089505e+21
1.966244477e+21
1.870212585e+21
1.849125257e+21
1.908663562e+21
1.96307885e+21
1.945449909e+21
2.146481845e+21
1.980699403e+21
1.742064519e+21
2.014533223e+21
1.780241064e+21
1.835300748e+21
2.141670524e+21
2.140482186e+21
1.781319374e+21
1.957374806e+21
2.130321173e+21
2.12693929e+21
1.943291691e+21
1.939145905e+21
2.106582974e+21
1.925835154e+21
2.090332817e+21
1.562639144e+21
2.071354534e+21
1.891468955e+21
2.049819207e+21
2.040801645e+21
1.688262423e+21
2.01586257e+21
1.833189302e+21
1.823081227e+21
1.971813662e+21
1.959881606e+21
1.94204337e+21
2.090057088e+21
2.388437598e+21
1.897245309e+21
2.191175659e+21
1.863987836e+21
2.151866934e+21
2.287157197e+21
1.960699291e+21
1.794665383e+21
2.218255159e+21
2.198753327e+21
1.883729497e+21
2.153652081e+21
2.270293288e+21
1.827142946e+21
2.083054931e+21
1.650175552e+21
2.037684286e+21
2.151748308e+21
2.1252868e+21
2.366444705e+21
1.817687771e+21
1.927183308e+21
1.649282086e+21
2.00835152e+21
2.10693539e+21
2.329510418e+21
2.057841677e+21
1.676328549e+21
2.127783775e+21
1.753847753e+21
2.193080842e+21
2.283313668e+21
2.141281026e+21
1.894972798e+21
1.980624988e+21
1.959049676e+21
2.148703996e+21
1.806578531e+21
1.99314821e+21
1.867867425e+21
2.151203685e+21
2.330832616e+21
1.800781811e+21
2.177570029e+21
2.052090974e+21
1.740427986e+21
1.909280501e+21
1.88940923e+21
2.052149461e+21
2.21568357e+21
1.823293604e+21
1.985255354e+21
1.960614254e+21
2.117419303e+21
1.917103913e+21
1.811877581e+21
1.960299076e+21
1.941198358e+21
2.001253244e+21
1.982030819e+21
1.958525802e+21
2.020813331e+21
1.997201395e+21
1.978554519e+21
1.955812885e+21
2.015312195e+21
1.915927267e+21
2.050391368e+21
1.952605642e+21
2.08392251e+21
2.061368653e+21
1.897129695e+21
2.165873193e+21
1.789023973e+21
2.124750528e+21
1.965809393e+21
1.950300396e+21
1.772019352e+21
2.123555748e+21
1.767758034e+21
1.940003827e+21
2.113013761e+21
2.106105923e+21
1.926485149e+21
2.09286825e+21
2.087242561e+21
1.730649599e+21
2.070021068e+21
2.05798815e+21
2.050118908e+21
1.866941056e+21
2.027718754e+21
1.845240473e+21
2.003018811e+21
1.987166737e+21
1.976228807e+21
1.959402281e+21
1.947566016e+21
1.929909699e+21
1.917251446e+21
1.898904474e+21
1.885506286e+21
2.177701015e+21
1.852548696e+21
2.13874388e+21
2.121689489e+21
1.798932514e+21
2.229796573e+21
2.057960453e+21
1.74848142e+21
2.016576578e+21
2.140882151e+21
1.833747014e+21
1.956126251e+21
1.794771608e+21
1.913985731e+21
2.296004838e+21
2.005608191e+21
1.981017839e+21
1.830021635e+21
2.194625473e+21
2.04397867e+21
2.144572316e+21
1.872212319e+21
1.971884985e+21
1.950714629e+21
1.685266192e+21
2.024232921e+21
2.116030946e+21
1.86044962e+21
2.525424022e+21
2.043719e+21
2.129605943e+21
2.217235681e+21
2.298203653e+21
1.948439102e+21
1.602839604e+21
2.113935531e+21
2.086794916e+21
2.064280048e+21
1.935931554e+21
1.814391057e+21
1.990223779e+21
2.067534409e+21
1.944010365e+21
2.115913374e+21
2.089105589e+21
2.06736328e+21
2.041326226e+21
2.112163936e+21
1.995064453e+21
1.974802459e+21
2.038956238e+21
2.018522158e+21
1.993715131e+21
2.059834939e+21
2.034784799e+21
1.930998312e+21
1.990737449e+21
1.971612389e+21
1.948225287e+21
1.929774355e+21
1.907215041e+21
2.046855761e+21
2.02331105e+21
2.004674261e+21
2.058254059e+21
1.812926337e+21
2.091646946e+21
1.924802051e+21
2.123618497e+21
1.814449961e+21
2.226100649e+21
1.992996219e+21
1.831557657e+21
1.885425049e+21
2.113714006e+21
2.112547736e+21
2.109711154e+21
1.931860252e+21
1.927379709e+21
1.749391161e+21
2.092437033e+21
1.913988645e+21
2.079330948e+21
2.07375075e+21
2.063400842e+21
1.885305618e+21
2.044793166e+21
2.036987539e+21
2.023674535e+21
2.014802534e+21
1.833542506e+21
1.99033768e+21
1.974650284e+21
1.963800053e+21
1.947146167e+21
2.096687924e+21
2.077753932e+21
1.905368572e+21
1.887204837e+21
2.030070942e+21
1.855192357e+21
2.148123952e+21
1.973938493e+21
2.108856079e+21
1.78812031e+21
1.773139013e+21
1.899576096e+21
1.738085292e+21
1.861473546e+21
1.986378581e+21
2.243702159e+21
2.083602082e+21
2.333382551e+21
2.17473903e+21
1.87994313e+21
1.994086265e+21
1.838395897e+21
2.209508627e+21
2.053836181e+21
1.778373802e+21
1.756199495e+21
2.23405699e+21
1.96089582e+21
2.182340777e+21
2.035074294e+21
1.776219702e+21
2.104407238e+21
1.965881666e+21
1.940815304e+21
1.693815411e+21
1.895104064e+21
1.874439709e+21
2.068116716e+21
1.830279355e+21
2.23194215e+21
1.99747692e+21
1.868093291e+21
1.950607019e+21
2.128346046e+21
1.503963065e+21
2.177660699e+21
2.154529373e+21
1.933757672e+21
1.913414465e+21
1.98365943e+21
1.96301505e+21
1.846015054e+21
2.009730582e+21
1.804196845e+21
2.053752656e+21
1.940105508e+21
2.007962469e+21
1.897065095e+21
1.963688658e+21
1.939812732e+21
2.004422502e+21
2.062845406e+21
1.961302915e+21
1.938032553e+21
2.079647639e+21
2.134375378e+21
1.879503189e+21
1.935278273e+21
1.917450041e+21
2.047421897e+21
1.878525092e+21
1.931990941e+21
1.914641613e+21
2.185208796e+21
2.021420405e+21
1.928548732e+21
1.769999539e+21
1.96190678e+21
2.014272196e+21
2.100007672e+21
1.923947812e+21
1.572034432e+21
2.093837234e+21
1.740835296e+21
2.085702674e+21
2.078944424e+21
1.383020522e+21
2.065967648e+21
2.060432239e+21
2.050193434e+21
1.873248149e+21
2.031766306e+21
1.855354706e+21
2.010850714e+21
2.002049822e+21
1.987627553e+21
1.977816108e+21
1.962290518e+21
1.951526654e+21
1.935042424e+21
2.083676192e+21
2.223773537e+21
2.051434761e+21
1.875648487e+21
2.017663612e+21
1.997582656e+21
2.135100935e+21
1.962045583e+21
1.946450058e+21
2.369916401e+21
2.203210405e+21
1.743068142e+21
2.159765075e+21
1.850541625e+21
2.115791278e+21
2.091223898e+21
2.071496919e+21
1.910516909e+21
1.891935325e+21
2.002696436e+21
1.982695966e+21
1.697392928e+21
1.55081758e+21
1.914632029e+21
2.147318414e+21
1.871133646e+21
2.221599689e+21
2.071905239e+21
2.290832937e+21
2.023878483e+21
1.766459977e+21
2.325456148e+21
2.185172098e+21
2.157374197e+21
2.133867606e+21
1.774007241e+21
2.193340154e+21
1.732232882e+21
1.927559073e+21
2.114321166e+21
1.777689831e+21
2.16787381e+21
1.940258963e+21
2.016284208e+21
1.496018414e+21
1.969270197e+21
2.143190925e+21
2.115973812e+21
2.188884387e+21
1.879316509e+21
1.952746445e+21
1.928199649e+21
1.999241095e+21
2.064017349e+21
2.04305179e+21
2.017738976e+21
1.99751269e+21
1.887201963e+21
2.038409919e+21
2.013630571e+21
1.910916452e+21
1.97003395e+21
1.951100695e+21
1.927945917e+21
1.909680297e+21
2.123251018e+21
2.025513003e+21
1.925171821e+21
2.060029167e+21
2.112136602e+21
1.793941764e+21
1.847928811e+21
1.831334499e+21
1.883867723e+21
2.010770272e+21
2.060444352e+21
2.042340369e+21
1.881783222e+21
1.934484381e+21
2.08647795e+21
1.911555262e+21
2.082556555e+21
2.080366154e+21
2.075583306e+21
1.899617666e+21
2.065624709e+21
2.061246298e+21
1.88171043e+21
1.876676735e+21
1.867391191e+21
2.030557012e+21
2.018904376e+21
2.011223069e+21
1.998188395e+21
1.98945753e+21
1.975184681e+21
1.965451102e+21
1.950084514e+21
2.101022858e+21
1.923088229e+21
1.911530734e+21
2.052268473e+21
1.882039304e+21
2.01958554e+21
1.851144943e+21
2.138253419e+21
1.970646665e+21
2.250340526e+21
1.785985236e+21
2.06136138e+21
2.044143411e+21
2.02160438e+21
2.00393615e+21
2.12277387e+21
1.823003089e+21
2.079118804e+21
2.334135811e+21
1.899551981e+21
2.149828065e+21
2.124052589e+21
1.840006049e+21
1.817645109e+21
1.927601945e+21
1.903913995e+21
1.758497637e+21
2.232890044e+21
2.209280544e+21
1.818075835e+21
2.278224283e+21
2.131205488e+21
1.991047841e+21
2.081538763e+21
2.058927612e+21
1.919862761e+21
1.898954701e+21
2.095332284e+21
1.7452676e+21
1.938367597e+21
2.236833644e+21
1.997948278e+21
2.184326722e+21
2.053740579e+21
1.828440116e+21
2.005684807e+21
2.083420158e+21
2.252801691e+21
1.93815563e+21
2.009252001e+21
2.08279031e+21
2.149966889e+21
2.035088745e+21
2.100873159e+21
1.988860535e+21
1.696221171e+21
1.855726045e+21
1.832747679e+21
2.073569855e+21
2.048117303e+21
1.85887504e+21
1.91975015e+21
1.983684884e+21
1.959842851e+21
1.941004065e+21
1.917963731e+21
2.137263052e+21
1.955779644e+21
2.09250796e+21
1.991777192e+21
2.049324704e+21
1.951055459e+21
1.858956045e+21
1.911806973e+21
1.967509914e+21
1.801915819e+21
2.143105472e+21
1.978924021e+21
1.821430478e+21
1.941161279e+21
1.99298708e+21
2.073121448e+21
2.071986913e+21
2.069239715e+21
1.894811694e+21
2.062335556e+21
1.715907149e+21
2.052474585e+21
2.048130868e+21
2.039749801e+21
1.864776771e+21
2.024279434e+21
2.0177346e+21
2.006204265e+21
1.998583706e+21
1.985684548e+21
1.977022652e+21
1.962896629e+21
1.953239743e+21
1.938029421e+21
2.088053947e+21
1.911280827e+21
1.899813491e+21
1.882854245e+21
1.870587598e+21
1.852955242e+21
1.839967793e+21
1.973604193e+21
1.808162518e+21
1.93868457e+21
2.219218658e+21
1.756449709e+21
1.741800598e+21
1.866214509e+21
1.849927808e+21
1.688361703e+21
2.230700497e+21
1.791532639e+21
1.91119013e+21
2.02362021e+21
2.137585375e+21
1.848029077e+21
1.829614576e+21
2.06565074e+21
1.916804254e+21
1.893315291e+21
2.123452077e+21
1.727100249e+21
1.95297535e+21
2.290273231e+21
1.908003085e+21
2.119608419e+21
2.329678383e+21
1.955273796e+21
1.934046066e+21
2.134208784e+21
1.555457543e+21
2.084151577e+21
1.952958768e+21
2.035199248e+21
1.695219388e+21
2.196604347e+21
2.172806465e+21
1.940806246e+21
2.121982331e+21
2.194715889e+21
1.677762054e+21
1.948753227e+21
1.92806211e+21
1.998820275e+21
1.977797701e+21
2.045843366e+21
1.93252819e+21
2.090021875e+21
1.978587216e+21
2.042733685e+21
1.93406892e+21
1.823310152e+21
2.062889805e+21
1.867780213e+21
2.017426007e+21
1.992911668e+21
1.973476159e+21
1.949756648e+21
1.931011394e+21
2.067091412e+21
1.968750408e+21
1.945691285e+21
2.004610737e+21
2.057694098e+21
1.887713808e+21
1.940947056e+21
1.99726951e+21
1.901872317e+21
1.88479387e+21
1.93592095e+21
1.776609969e+21
1.898257307e+21
1.951274778e+21
1.930952188e+21
2.050874821e+21
2.05993486e+21
2.058810555e+21
2.0560921e+21
2.053937398e+21
2.049255845e+21
2.046034619e+21
2.039490834e+21
2.035181286e+21
1.857981436e+21
1.85302677e+21
2.011566551e+21
1.837983685e+21
1.993662938e+21
1.986102212e+21
1.973336215e+21
1.964742254e+21
1.950760525e+21
1.941179186e+21
1.926122458e+21
1.915609994e+21
1.899617531e+21
2.045592272e+21
2.027400641e+21
2.014213945e+21
2.148782188e+21
1.828924806e+21
1.961829546e+21
2.096962384e+21
2.075458472e+21
1.764889942e+21
2.037164133e+21
2.020199049e+21
2.140791776e+21
1.839184021e+21
1.958387766e+21
1.940622739e+21
1.781280998e+21
1.628808722e+21
2.012137953e+21
1.726953583e+21
1.968889814e+21
2.079245504e+21
2.054122903e+21
1.779051735e+21
1.882833936e+21
1.863279491e+21
1.96298699e+21
1.578089954e+21
1.918137288e+21
2.134817834e+21
1.991018163e+21
2.548793694e+21
2.059161967e+21
1.923662101e+21
2.234538568e+21
2.320739294e+21
1.745759627e+21
2.050524862e+21
1.811357507e+21
1.791672349e+21
1.768868164e+21
1.852634646e+21
1.930666022e+21
1.909863239e+21
1.885576003e+21
1.963573616e+21
2.132519652e+21
2.013976834e+21
1.893806008e+21
2.154972921e+21
2.12782026e+21
2.014126458e+21
2.169685681e+21
1.968419484e+21
1.943896673e+21
2.011607966e+21
1.986728304e+21
1.966805907e+21
1.942682953e+21
1.923466264e+21
1.982711286e+21
1.963371972e+21
2.020597634e+21
1.921121084e+21
1.898306284e+21
1.880311765e+21
2.090562986e+21
1.994320549e+21
1.971295076e+21
1.878005634e+21
1.930942856e+21
1.986973745e+21
1.964811162e+21
1.947167676e+21
1.854549286e+21
2.120874359e+21
1.888370523e+21
2.079767072e+21
1.920849919e+21
1.904142033e+21
1.876338718e+21
2.045800723e+21
2.043110507e+21
2.040973243e+21
1.866645914e+21
2.033145132e+21
2.026670318e+21
2.022394426e+21
2.014189043e+21
2.008826091e+21
1.999012351e+21
1.992569536e+21
1.981277435e+21
1.97377565e+21
1.961140514e+21
1.952613475e+21
1.938773568e+21
2.090038875e+21
1.91436091e+21
2.062590586e+21
1.888095719e+21
2.033205123e+21
2.170206081e+21
2.002105348e+21
2.135938652e+21
2.272516979e+21
2.10020953e+21
1.78675759e+21
2.063248174e+21
2.339370765e+21
1.880614631e+21
2.008435999e+21
2.270297768e+21
2.250540686e+21
1.808068474e+21
1.929511261e+21
1.907388016e+21
2.024450873e+21
1.867399581e+21
1.981418997e+21
1.957873154e+21
1.550725554e+21
2.04272302e+21
1.89556776e+21
2.246961589e+21
1.729502709e+21
1.830247104e+21
1.690211784e+21
2.026971033e+21
1.887341105e+21
1.980300571e+21
1.843701908e+21
1.93436674e+21
1.913389045e+21
2.111535576e+21
2.088574433e+21
1.845076519e+21
1.825002406e+21
2.225812445e+21
1.677434117e+21
1.656122651e+21
2.354900668e+21
1.920631207e+21
1.899941865e+21
1.875817618e+21
2.148757289e+21
1.639360459e+21
2.099005929e+21
2.072482177e+21
1.771048983e+21
2.116917167e+21
2.185970646e+21
1.978710758e+21
2.047371887e+21
1.846068443e+21
2.088355489e+21
1.976602158e+21
2.041856389e+21
1.93278842e+21
1.996869721e+21
1.97261479e+21
1.953370724e+21
1.929892516e+21
1.911331571e+21
1.888627894e+21
1.948668713e+21
2.079889496e+21
1.907822564e+21
1.885779979e+21
2.017868548e+21
1.994927459e+21
2.04999779e+21
2.099499136e+21
2.080646336e+21
1.915938919e+21
1.96926881e+21
1.94816346e+21
2.068995344e+21
1.979097549e+21
1.894238336e+21
2.034058622e+21
2.03295428e+21
2.030291809e+21
2.028171716e+21
2.023587913e+21
2.020417029e+21
2.014009978e+21
2.009767241e+21
2.001647401e+21
1.99632596e+21
1.986613881e+21
1.980220938e+21
1.96904487e+21
1.961601151e+21
1.949094632e+21
1.940633525e+21
1.926933026e+21
1.917499439e+21
1.90274213e+21
2.207789644e+21
1.876712831e+21
1.865508086e+21
2.157215042e+21
1.990141464e+21
1.819926634e+21
2.108437075e+21
1.938696774e+21
1.776244051e+21
1.904667799e+21
2.035001695e+21
1.725881462e+21
1.854179918e+21
1.975081804e+21
2.097769071e+21
1.659464384e+21
1.781488707e+21
1.896596918e+21
2.013021374e+21
2.122197295e+21
2.101679877e+21
2.076777699e+21
1.799132656e+21
2.285380092e+21
2.136475002e+21
2.110510968e+21
1.842909699e+21
2.184363774e+21
2.041266077e+21
1.778859152e+21
2.229147717e+21
2.08556232e+21
2.063072551e+21
1.810898808e+21
1.903225129e+21
2.100378672e+21
1.968205251e+21
2.2672419e+21
2.029005792e+21
1.687000617e+21
1.877265783e+21
1.750488456e+21
1.935252635e+21
1.910700166e+21
2.089083356e+21
1.866159717e+21
2.040530493e+21
2.014705379e+21
1.898402626e+21
1.686998611e+21
1.947469751e+21
2.014554578e+21
1.902973809e+21
1.96864641e+21
2.036957713e+21
2.011618673e+21
1.904604724e+21
1.966578712e+21
2.031499709e+21
2.006602609e+21
1.986747874e+21
1.962620602e+21
1.943470851e+21
2.000116107e+21
1.901641322e+21
1.957341346e+21
1.938780715e+21
2.222607733e+21
1.898128737e+21
1.951229921e+21
1.933241233e+21
1.984749944e+21
1.966697409e+21
1.944704433e+21
2.141379747e+21
1.835505433e+21
2.099099732e+21
2.145777212e+21
2.05833462e+21
1.900959214e+21
2.153642432e+21
2.021362768e+21
2.020268166e+21
2.01763296e+21
2.015529778e+21
2.010993574e+21
2.007847298e+21
2.001506831e+21
1.997296757e+21
1.989260977e+21
1.983980434e+21
1.974368261e+21
1.968024454e+21
1.956962428e+21
2.112040579e+21
1.937195825e+21
1.92879968e+21
1.915236231e+21
1.905874897e+21
2.206474124e+21
1.880991492e+21
1.86546637e+21
1.85434662e+21
2.144378608e+21
2.282676593e+21
1.80917721e+21
2.096006622e+21
1.927333764e+21
1.913007974e+21
1.893592608e+21
2.023192636e+21
2.001914977e+21
2.127124422e+21
1.963783812e+21
2.085794535e+21
1.787554727e+21
1.771403873e+21
1.751218147e+21
1.868272191e+21
2.110357245e+21
1.959354314e+21
2.19436634e+21
2.044795972e+21
2.146567353e+21
1.999783118e+21
1.728603137e+21
1.832890911e+21
2.172559987e+21
2.149678884e+21
2.241136023e+21
1.867121833e+21
2.304950418e+21
1.938092991e+21
1.688737109e+21
1.781805764e+21
1.759443411e+21
1.849100123e+21
1.933197177e+21
2.124647101e+21
2.202684958e+21
2.282524967e+21
2.048754229e+21
1.925256881e+21
2.201008872e+21
2.07834256e+21
2.052032416e+21
2.030082581e+21
2.004424435e+21
1.888717876e+21
2.051399983e+21
1.937566074e+21
2.09544279e+21
2.16379681e+21
1.780621749e+21
1.850418605e+21
1.914436729e+21
1.98111735e+21
1.871584394e+21
1.684372967e+21
1.996485575e+21
1.976728121e+21
1.952727173e+21
2.014240437e+21
1.910429054e+21
1.892048834e+21
2.025361209e+21
2.00615226e+21
1.906357571e+21
1.964074239e+21
1.792015149e+21
2.071407675e+21
1.974675748e+21
2.029184513e+21
1.863145173e+21
2.059462897e+21
2.036836666e+21
1.809928665e+21
2.134773197e+21
1.843004876e+21
2.026250941e+21
2.209511257e+21
2.008824416e+21
2.007739399e+21
2.005130989e+21
2.003044462e+21
1.998555033e+21
1.995433002e+21
1.989157967e+21
1.984980076e+21
1.977026907e+21
1.971786661e+21
1.962272682e+21
2.118975398e+21
1.945027363e+21
1.937697226e+21
1.925441416e+21
1.917109285e+21
1.903680582e+21
1.894390451e+21
1.879922602e+21
1.869728378e+21
1.854353898e+21
1.843317919e+21
1.827166316e+21
1.966637581e+21
1.948433525e+21
2.083721878e+21
1.91610318e+21
2.04818114e+21
2.027464354e+21
2.442559806e+21
1.990434779e+21
1.832957895e+21
2.092086793e+21
1.659164744e+21
2.050928569e+21
2.438906642e+21
2.009332424e+21
2.123248233e+21
1.967483042e+21
2.208305931e+21
2.182290759e+21
1.652271625e+21
2.009270135e+21
1.864580902e+21
2.087649714e+21
1.944512497e+21
1.920784964e+21
1.781785319e+21
2.111854177e+21
1.973247151e+21
1.719555091e+21
1.814436001e+21
1.903831241e+21
1.661662797e+21
2.078414871e+21
1.731239242e+21
1.923149691e+21
2.113614413e+21
1.878257583e+21
1.85787573e+21
1.936308748e+21
2.217789725e+21
1.791609191e+21
2.067711644e+21
2.041574934e+21
1.827384818e+21
2.08921207e+21
2.161001155e+21
2.041018915e+21
2.111359056e+21
2.084868157e+21
2.063174496e+21
2.125987376e+21
2.104115478e+21
2.077979106e+21
2.056860712e+21
2.031478679e+21
2.01109837e+21
1.986470047e+21
1.966808926e+21
1.942932988e+21
1.923969126e+21
2.059247455e+21
2.039432021e+21
2.0151906e+21
1.919302737e+21
2.048513092e+21
2.104517678e+21
1.782986883e+21
1.987363468e+21
2.037470093e+21
1.874725876e+21
1.925005056e+21
2.119688392e+21
2.166242702e+21
1.869990906e+21
2.055369162e+21
2.105250709e+21
1.88147623e+21
1.731911884e+21
1.996440655e+21
1.99536507e+21
1.992782997e+21
1.990712876e+21
1.986269419e+21
1.983171274e+21
1.976960549e+21
1.972814369e+21
1.964942398e+21
1.959741862e+21
1.950324402e+21
1.944076722e+21
1.933236993e+21
1.925962408e+21
1.913828792e+21
2.064356391e+21
2.207640797e+21
1.883043581e+21
1.86871687e+21
2.168365904e+21
1.843373035e+21
1.832419628e+21
1.967790171e+21
1.955092607e+21
1.937059435e+21
2.071580299e+21
2.344618731e+21
2.181791143e+21
1.871824182e+21
1.857125182e+21
2.120448749e+21
2.38330587e+21
1.664203892e+21
1.649800763e+21
2.039424512e+21
2.290518415e+21
2.131364581e+21
1.847528024e+21
1.956627298e+21
1.808590593e+21
2.170347353e+21
1.769649768e+21
1.998361338e+21
1.730844135e+21
2.320686614e+21
1.813176617e+21
1.910516472e+21
2.126729045e+21
1.983944465e+21
1.847331191e+21
1.938559733e+21
1.917691459e+21
1.671058107e+21
1.983569409e+21
1.849961771e+21
2.045164068e+21
2.019495334e+21
1.787291355e+21
1.97241094e+21
1.745645132e+21
2.129182672e+21
1.905571979e+21
1.881513839e+21
2.155150309e+21
2.031223497e+21
2.009504476e+21
1.889689663e+21
1.869641825e+21
2.123048857e+21
2.100730041e+21
1.894017133e+21
1.874309769e+21
2.115336454e+21
2.093573539e+21
1.981437329e+21
2.046572497e+21
2.021331325e+21
2.001050593e+21
1.976554504e+21
1.956988783e+21
1.933236561e+21
1.994129476e+21
1.89135426e+21
1.951199254e+21
2.005121627e+21
1.98609817e+21
2.038263608e+21
1.944414622e+21
2.069723985e+21
1.977399041e+21
1.882429928e+21
2.008789615e+21
1.915304276e+21
2.038706455e+21
1.946712778e+21
2.067263412e+21
1.772277683e+21
1.824301425e+21
2.072442707e+21
1.789360164e+21
1.984208642e+21
1.817880478e+21
1.980586157e+21
1.978532197e+21
1.974133926e+21
1.971059321e+21
1.964911807e+21
1.960796879e+21
1.953004724e+21
1.947843322e+21
2.100064144e+21
1.932320089e+21
2.241853487e+21
2.073899608e+21
1.902355403e+21
1.894148532e+21
2.19447973e+21
2.027817817e+21
1.857643935e+21
1.847602015e+21
1.832521456e+21
2.125257691e+21
2.257253381e+21
2.242710448e+21
1.925817369e+21
2.206692208e+21
1.748335506e+21
2.024631825e+21
2.004290164e+21
1.704491758e+21
1.827303131e+21
2.091018654e+21
2.068556016e+21
1.640541886e+21
2.028048792e+21
1.741823001e+21
1.722153201e+21
2.231040821e+21
2.075616737e+21
2.055641127e+21
1.904588793e+21
1.885752539e+21
1.863347208e+21
2.336341021e+21
1.943791456e+21
2.524868712e+21
2.256674159e+21
1.997912636e+21
2.437818021e+21
2.067291415e+21
1.814962846e+21
1.571006639e+21
2.105651809e+21
1.973251921e+21
1.840389283e+21
1.92750819e+21
1.797622328e+21
1.882700317e+21
1.859040902e+21
1.532401781e+21
1.714851576e+21
2.19522914e+21
1.970507584e+21
1.949307407e+21
2.117213476e+21
1.999371078e+21
1.974201668e+21
2.232297089e+21
2.112412858e+21
1.999328921e+21
1.884554499e+21
2.04255993e+21
1.929392409e+21
1.996339345e+21
1.971577136e+21
2.036386692e+21
2.01128484e+21
1.991102717e+21
1.966737458e+21
1.947266216e+21
1.923636436e+21
1.904854891e+21
2.117203868e+21
2.096823785e+21
2.148626064e+21
2.128237707e+21
1.953000763e+21
1.934731667e+21
1.912300581e+21
1.967534036e+21
1.94505757e+21
1.855977626e+21
1.976282287e+21
1.888588872e+21
2.075270137e+21
2.056864826e+21
1.966787543e+21
1.949542548e+21
1.995416312e+21
2.10997257e+21
1.972125605e+21
1.97106844e+21
1.96853771e+21
1.966499674e+21
1.962145822e+21
1.959094414e+21
1.953009039e+21
1.948924913e+21
2.102978826e+21
2.097429094e+21
1.92685911e+21
1.920704795e+21
1.910079942e+21
2.061490245e+21
1.89101876e+21
1.882873175e+21
1.869835419e+21
1.860752802e+21
2.000593239e+21
2.295917576e+21
1.973613299e+21
1.811005135e+21
1.795307151e+21
1.932404581e+21
2.061990043e+21
1.901451253e+21
1.883183223e+21
2.013059078e+21
1.85055056e+21
1.977295858e+21
2.096540182e+21
1.940637297e+21
2.056988015e+21
2.175181803e+21
1.882345988e+21
1.73218104e+21
2.23965598e+21
2.218790773e+21
1.548217017e+21
1.533333662e+21
1.894278074e+21
1.875563073e+21
1.976895286e+21
1.956896889e+21
2.054271617e+21
1.67428977e+21
2.126593547e+21
2.338071169e+21
1.847631984e+21
2.170697384e+21
2.031185957e+21
2.34423614e+21
1.76399512e+21
1.744925521e+21
2.261718962e+21
1.917595543e+21
1.788422908e+21
1.977133615e+21
1.64407046e+21
1.829530233e+21
2.308344843e+21
1.886285541e+21
2.0586042e+21
1.842512851e+21
2.106586294e+21
1.989339368e+21
2.057868406e+21
1.850947257e+21
2.010496682e+21
1.808512925e+21
1.964480515e+21
1.944040866e+21
2.094351591e+21
2.072803418e+21
2.047110878e+21
1.941872534e+21
1.917948656e+21
1.981253261e+21
1.957017447e+21
1.937639776e+21
2.073642117e+21
2.053392783e+21
1.872656607e+21
1.854627493e+21
1.908925533e+21
1.966441046e+21
1.868582669e+21
1.851100649e+21
1.975994746e+21
1.957766973e+21
1.935381303e+21
1.917772014e+21
1.825963729e+21
1.879166697e+21
1.996052253e+21
1.910132307e+21
2.024383616e+21
2.006637531e+21
1.919167409e+21
2.033726353e+21
1.960188839e+21
1.959140669e+21
2.119687879e+21
1.954612618e+21
1.950302436e+21
1.947273891e+21
2.10302041e+21
1.937195843e+21
1.929559303e+21
1.924474493e+21
1.915336939e+21
1.909228307e+21
1.898708215e+21
1.891595541e+21
1.879816433e+21
2.183686472e+21
1.858819556e+21
1.849804151e+21
1.835887126e+21
1.825993213e+21
2.113063312e+21
1.800484492e+21
1.784932896e+21
1.773467901e+21
1.757280199e+21
1.89056209e+21
2.016495217e+21
2.144590583e+21
2.123185452e+21
2.106584141e+21
1.806815353e+21
2.34330434e+21
1.909178766e+21
2.163109922e+21
1.871962277e+21
1.987667582e+21
2.09637747e+21
1.947065747e+21
2.309720557e+21
2.160455561e+21
1.758473165e+21
2.487310842e+21
1.966334275e+21
2.189768861e+21
1.682784773e+21
1.784387714e+21
2.232926717e+21
1.628051131e+21
1.837980702e+21
1.704768338e+21
2.132907465e+21
1.99893387e+21
1.974267497e+21
2.061432052e+21
1.821538457e+21
1.801796311e+21
1.674651451e+21
2.174136445e+21
2.044681617e+21
1.921399244e+21
1.997143272e+21
2.17312293e+21
2.04828004e+21
1.929765465e+21
1.905513876e+21
2.167922852e+21
2.047628472e+21
2.025913417e+21
1.909591532e+21
1.799543954e+21
2.132468663e+21
2.022353237e+21
2.084014522e+21
2.062572138e+21
2.037024262e+21
2.016316253e+21
1.908509833e+21
1.97150077e+21
1.947393041e+21
1.928108047e+21
1.904719408e+21
1.964704909e+21
1.941089303e+21
1.922398239e+21
1.975509512e+21
1.88149777e+21
2.008121439e+21
1.989331156e+21
2.403177622e+21
1.803792963e+21
1.854474878e+21
2.049631492e+21
1.886779827e+21
1.731331545e+21
1.780650416e+21
2.036378365e+21
1.947119616e+21
1.930054572e+21
1.975376021e+21
2.023520254e+21
1.948395704e+21
1.947356389e+21
1.944875294e+21
2.104774108e+21
1.938601164e+21
1.935595155e+21
1.929630943e+21
1.925607105e+21
1.918046427e+21
2.072415688e+21
1.903951749e+21
1.897888152e+21
1.887471092e+21
2.193812669e+21
1.868746049e+21
2.015780474e+21
1.84793273e+21
1.83898359e+21
2.281498401e+21
1.815377256e+21
2.100839988e+21
2.237606724e+21
2.36623713e+21
1.76329577e+21
1.892860714e+21
2.168996464e+21
2.005077737e+21
2.416800137e+21
1.970505451e+21
1.955119599e+21
2.211375736e+21
1.919043602e+21
2.03423587e+21
2.151171296e+21
1.994670533e+21
1.976785213e+21
2.084968967e+21
2.194689863e+21
2.297251682e+21
1.896013443e+21
1.99892049e+21
2.721416069e+21
1.711399814e+21
2.178153273e+21
1.913041181e+21
1.774993499e+21
1.636702744e+21
2.082268701e+21
2.05698344e+21
2.148166611e+21
1.675184294e+21
1.988629813e+21
1.964145352e+21
2.050874311e+21
2.025463841e+21
1.792624502e+21
1.562032658e+21
2.060126167e+21
1.729223017e+21
1.911726076e+21
2.08648813e+21
2.063952495e+21
2.135109342e+21
1.824133658e+21
2.085648802e+21
1.969574947e+21
1.944876762e+21
1.832622841e+21
2.081134801e+21
2.059263031e+21
2.033556533e+21
2.099894691e+21
1.900964077e+21
2.052441365e+21
2.027036557e+21
2.006428665e+21
1.981735782e+21
1.96184382e+21
1.937862834e+21
1.918669636e+21
2.1323247e+21
2.033292292e+21
1.931588563e+21
2.066024793e+21
2.117050082e+21
2.096951463e+21
1.8502511e+21
1.979570346e+21
1.956573638e+21
2.225709176e+21
2.12923861e+21
2.039534259e+21
1.946995089e+21
2.067335114e+21
1.976266458e+21
2.026287411e+21
2.004240443e+21
2.119123819e+21
2.09653981e+21
2.078364987e+21
1.936743623e+21
1.935713028e+21
1.933256134e+21
2.092203191e+21
1.927039464e+21
1.92405567e+21
1.918150528e+21
1.914156195e+21
1.90667012e+21
2.060131387e+21
2.050426204e+21
1.886681915e+21
1.876366195e+21
2.025137472e+21
2.012622397e+21
1.849838402e+21
2.449563582e+21
1.98064629e+21
2.117073059e+21
1.804884024e+21
1.790363371e+21
2.076439984e+21
1.764539964e+21
1.899342968e+21
1.737345603e+21
1.869153685e+21
1.851375334e+21
1.696389642e+21
1.8195316e+21
2.083089607e+21
2.199116185e+21
2.044742104e+21
1.753307836e+21
1.871943264e+21
2.248292239e+21
1.703885175e+21
2.073683962e+21
1.926030608e+21
1.904097258e+21
2.388746691e+21
2.361073042e+21
1.84564483e+21
1.945547189e+21
1.805550219e+21
2.021944046e+21
1.647984502e+21
2.093375243e+21
1.956362421e+21
1.93266359e+21
2.137075713e+21
2.111005775e+21
2.418082874e+21
1.954126472e+21
2.147814909e+21
2.121258692e+21
1.993374488e+21
1.8649917e+21
2.049751746e+21
2.327808961e+21
1.902149817e+21
1.878358725e+21
2.151457505e+21
2.027939297e+21
1.815080879e+21
2.169668784e+21
1.95983928e+21
1.843137559e+21
1.914775824e+21
2.160953327e+21
2.049150813e+21
1.935613382e+21
1.741341244e+21
2.063643515e+21
1.957309223e+21
1.84905079e+21
1.996637577e+21
1.9720781e+21
2.033626056e+21
2.008776513e+21
1.988878313e+21
1.964761267e+21
1.94556625e+21
2.075954803e+21
1.903665318e+21
1.956249274e+21
2.012200195e+21
2.135814662e+21
1.896945413e+21
1.802782912e+21
1.786147281e+21
1.906921658e+21
1.959552023e+21
2.214199585e+21
1.988600823e+21
2.034330961e+21
1.881876241e+21
1.994318435e+21
1.91095235e+21
2.020925406e+21
2.003412314e+21
1.92523008e+21
1.924208071e+21
1.921774981e+21
1.919798348e+21
1.915614853e+21
1.912652959e+21
2.065706404e+21
1.902840669e+21
1.895427969e+21
2.047991858e+21
2.03838121e+21
1.875607237e+21
1.865391205e+21
2.013303128e+21
1.846991892e+21
1.992339819e+21
1.978748659e+21
1.969194337e+21
1.954540225e+21
1.7945114e+21
1.7801252e+21
2.06458398e+21
1.900727019e+21
2.469671608e+21
1.871509197e+21
1.858630277e+21
1.699393981e+21
1.968061508e+21
1.809421747e+21
2.071537774e+21
2.186991815e+21
1.626793003e+21
1.877849434e+21
1.99470476e+21
2.104556932e+21
2.085732358e+21
1.933612932e+21
1.787970392e+21
2.146451632e+21
1.875800182e+21
1.854127904e+21
1.713490864e+21
2.41914699e+21
1.915811469e+21
1.656441386e+21
1.873598635e+21
1.735443247e+21
2.404183154e+21
1.696521088e+21
1.790398948e+21
2.321298819e+21
2.187041266e+21
2.160232536e+21
2.136926287e+21
2.005031256e+21
2.192101289e+21
2.061821074e+21
1.937507225e+21
2.114789386e+21
2.191511496e+21
2.164146884e+21
1.94616908e+21
2.114011087e+21
2.186352776e+21
1.783515675e+21
2.043066026e+21
1.925806073e+21
1.905390578e+21
1.881592987e+21
2.127795573e+21
2.10128576e+21
2.079424556e+21
1.882472742e+21
1.947788993e+21
2.007352118e+21
1.986941583e+21
1.962514092e+21
1.942810981e+21
2.158964488e+21
1.979236815e+21
1.955240976e+21
1.858690626e+21
1.836348853e+21
1.894435102e+21
1.946759305e+21
1.854107173e+21
1.905566745e+21
1.887728349e+21
1.865770184e+21
2.061845799e+21
1.897620201e+21
1.94999274e+21
2.13451365e+21
1.910636772e+21
1.754434333e+21
2.006402583e+21
2.116793792e+21
2.032683187e+21
1.751453224e+21
1.864894079e+21
1.91385262e+21
1.912839067e+21
1.91042939e+21
2.226545486e+21
1.904324907e+21
2.059833324e+21
2.053560923e+21
1.89165814e+21
2.04134408e+21
1.879379593e+21
2.026476903e+21
1.864661816e+21
2.009089176e+21
1.847636579e+21
1.836303646e+21
2.133193726e+21
2.118694888e+21
2.409691139e+21
2.092845316e+21
2.081633537e+21
2.507504898e+21
2.19949564e+21
1.889991727e+21
1.877923309e+21
1.717858209e+21
1.848224701e+21
1.971588094e+21
2.096919309e+21
1.937840821e+21
2.060113357e+21
1.903125352e+21
1.887539301e+21
1.867633574e+21
1.983874911e+21
2.224022941e+21
1.685529315e+21
1.538607383e+21
1.778415443e+21
2.135048826e+21
1.865854314e+21
1.721397905e+21
2.069720562e+21
2.045519694e+21
2.263147318e+21
1.53013955e+21
2.096874137e+21
1.956700287e+21
2.164020343e+21
2.025408628e+21
2.449218288e+21
1.979573027e+21
1.958345319e+21
1.719459773e+21
1.807225384e+21
2.204965492e+21
1.7656609e+21
1.948956214e+21
2.130778904e+21
2.004088777e+21
1.685042024e+21
1.859805252e+21
1.646078946e+21
2.007998574e+21
1.891833931e+21
1.96160186e+21
2.217890129e+21
2.007667926e+21
2.076677544e+21
2.139933375e+21
2.11744844e+21
1.916835375e+21
1.983115988e+21
2.043666901e+21
2.022637488e+21
1.914417048e+21
1.977339305e+21
1.953042401e+21
2.013992061e+21
2.06897577e+21
2.048475878e+21
2.101477502e+21
1.926796862e+21
1.97978174e+21
1.96070572e+21
2.309930382e+21
1.992765608e+21
1.8963551e+21
2.16761587e+21
1.999560245e+21
1.768843494e+21
1.888409044e+21
1.80191725e+21
2.124123596e+21
1.969241471e+21
2.148758578e+21
1.930052282e+21
2.172242867e+21
1.892224542e+21
1.871929959e+21
1.983700071e+21
2.061159581e+21
2.060070587e+21
1.899216975e+21
1.897269737e+21
2.050931197e+21
2.047768939e+21
1.884514548e+21
1.880606277e+21
2.341670933e+21
1.868434156e+21
1.859733076e+21
2.008330351e+21
1.997473759e+21
1.836964234e+21
1.977883256e+21
1.817942824e+21
2.106570064e+21
1.946683173e+21
1.932299765e+21
2.217649695e+21
2.053328862e+21
1.895468302e+21
1.879377021e+21
1.723747968e+21
2.277703384e+21
2.120694216e+21
1.680576092e+21
1.668264645e+21
1.927191944e+21
1.775639024e+21
1.757551064e+21
2.145447406e+21
2.255570036e+21
2.104706158e+21
1.951838576e+21
2.063383263e+21
1.785481428e+21
2.400734245e+21
1.873911646e+21
2.103481808e+21
1.834684378e+21
2.058888233e+21
2.15457498e+21
1.895908986e+21
2.10771336e+21
2.086062463e+21
2.290198608e+21
1.813003754e+21
1.791198227e+21
1.882955503e+21
1.641303008e+21
1.731959492e+21
2.245452823e+21
2.115476926e+21
1.985006796e+21
1.860196646e+21
2.245481484e+21
2.120208382e+21
1.994191162e+21
1.97261911e+21
1.850665286e+21
1.927052206e+21
1.998174551e+21
2.070841194e+21
1.766134703e+21
2.115125263e+21
2.088734869e+21
1.976745485e+21
1.952111338e+21
2.107201454e+21
2.080998917e+21
2.059349661e+21
1.864337686e+21
1.929023691e+21
1.988046311e+21
1.96782939e+21
1.943661698e+21
2.00431655e+21
1.979850921e+21
2.038640823e+21
2.091392484e+21
1.917547321e+21
1.894497779e+21
1.801190991e+21
1.853897052e+21
2.05663984e+21
2.032403786e+21
2.013372677e+21
1.847785938e+21
1.901142058e+21
1.948890095e+21
1.862181579e+21
1.977457802e+21
2.027278407e+21
2.205138229e+21
1.920674098e+21
1.899628772e+21
2.142721429e+21
1.991226362e+21
2.101342814e+21
2.049121109e+21
2.048041003e+21
2.202824639e+21
2.043386099e+21
1.882139597e+21
2.035845052e+21
1.873563178e+21
2.025489704e+21
1.862483122e+21
2.167218052e+21
2.157163729e+21
1.996745611e+21
2.138760484e+21
1.826414473e+21
1.966568515e+21
2.108812991e+21
1.795357051e+21
1.9356195e+21
1.773570706e+21
2.058112863e+21
2.041784968e+21
2.319788146e+21
2.012640946e+21
1.714136656e+21
1.840370066e+21
1.68716235e+21
2.089153211e+21
2.073869686e+21
2.190467958e+21
2.037638428e+21
1.748018833e+21
2.267198775e+21
1.979498273e+21
2.093401828e+21
1.553133176e+21
1.924113154e+21
2.029739667e+21
1.885295011e+21
2.361144362e+21
1.723190623e+21
1.825114739e+21
1.686727164e+21
2.024343233e+21
2.239758013e+21
2.329871541e+21
1.844765964e+21
1.822813816e+21
1.916505221e+21
1.559360309e+21
2.204035984e+21
1.850785187e+21
1.83095945e+21
1.595877179e+21
1.473439039e+21
2.287008623e+21
1.953793835e+21
2.0312614e+21
2.009278306e+21
2.083610371e+21
1.864785329e+21
1.841614717e+21
1.917633917e+21
1.79907036e+21
2.154435196e+21
2.035081792e+21
1.921840428e+21
1.988266889e+21
1.967196903e+21
2.119318412e+21
2.009675951e+21
1.984709947e+21
1.878668796e+21
2.024073337e+21
1.836307459e+21
1.978531997e+21
2.121611389e+21
1.934370677e+21
1.914944218e+21
1.89157756e+21
2.028899757e+21
1.927225741e+21
1.908386161e+21
1.88544659e+21
1.941964755e+21
1.845032612e+21
2.119903052e+21
1.805958108e+21
1.860606852e+21
2.051106651e+21
2.032171242e+21
2.078058243e+21
2.196418759e+21
2.103644013e+21
2.017505604e+21
2.061474957e+21
1.779566845e+21
2.08596662e+21
2.003091987e+21
1.917599723e+21
2.027738797e+21
2.037222446e+21
2.036151094e+21
1.877182402e+21
2.18780769e+21
1.871239662e+21
1.86836236e+21
2.01796655e+21
1.858885495e+21
1.851754539e+21
2.154741581e+21
2.144782642e+21
1.83257885e+21
1.974641242e+21
1.967317294e+21
2.105796531e+21
2.096830426e+21
1.785198884e+21
1.776628498e+21
2.057525888e+21
2.192732924e+21
2.175396587e+21
2.018483634e+21
2.001462965e+21
2.130789916e+21
2.111791565e+21
1.817695495e+21
1.939198789e+21
2.200036117e+21
2.450881904e+21
2.431900632e+21
2.006064741e+21
1.857052683e+21
1.837642198e+21
1.821940995e+21
2.317326089e+21
1.913913788e+21
1.766662689e+21
1.75035367e+21
1.73069311e+21
1.591754339e+21
1.815644413e+21
1.797847244e+21
2.132384379e+21
1.759139781e+21
2.317962354e+21
1.950060722e+21
2.153606766e+21
1.794629073e+21
1.883966927e+21
2.192942997e+21
1.841520655e+21
2.357629246e+21
2.01138971e+21
2.199176575e+21
1.861937388e+21
1.841819739e+21
2.021275162e+21
2.199349305e+21
2.073420671e+21
2.051006391e+21
1.736196859e+21
2.003722605e+21
1.69612465e+21
1.584697196e+21
2.11731854e+21
1.912569838e+21
1.708882719e+21
2.135716501e+21
2.109159162e+21
1.913085312e+21
1.975220878e+21
1.954672891e+21
2.014416772e+21
1.993686797e+21
1.969108316e+21
2.030293095e+21
1.925168059e+21
1.905832099e+21
2.039466613e+21
1.941587824e+21
1.994787481e+21
2.127229574e+21
1.951540735e+21
1.932727981e+21
1.983152742e+21
2.109811838e+21
1.941140997e+21
1.92295943e+21
1.900535279e+21
1.882988036e+21
1.999178809e+21
2.049289732e+21
2.026017678e+21
2.275536782e+21
1.919194617e+21
1.902188513e+21
2.011017915e+21
1.929114954e+21
1.97190724e+21
1.891788833e+21
1.869656464e+21
1.868675486e+21
2.021885387e+21
2.019821983e+21
1.86046525e+21
2.01240907e+21
1.852037896e+21
2.002229859e+21
1.99457792e+21
1.836349662e+21
1.980218377e+21
2.125816546e+21
1.963419615e+21
2.257092935e+21
2.093886314e+21
2.084983265e+21
1.923084606e+21
2.355526382e+21
2.046016179e+21
1.889752221e+21
1.874862089e+21
1.863901412e+21
1.990408461e+21
2.119040042e+21
2.1002077e+21
2.085856144e+21
2.066397377e+21
2.051321283e+21
2.16678416e+21
2.01564859e+21
1.995301426e+21
1.979044449e+21
1.827857985e+21
1.68281229e+21
2.048962808e+21
2.030743447e+21
2.008458629e+21
1.616824403e+21
2.090623917e+21
2.314331274e+21
1.80627186e+21
1.788583277e+21
2.12145961e+21
2.100171043e+21
1.960248152e+21
1.82603218e+21
1.804406778e+21
2.455173459e+21
1.764254679e+21
1.963765003e+21
2.047918814e+21
1.812740482e+21
1.896095864e+21
2.084098275e+21
2.058641038e+21
1.832766776e+21
1.81024797e+21
1.790671593e+21
1.866822515e+21
2.138224234e+21
2.207729538e+21
1.994024394e+21
2.063045707e+21
2.040901301e+21
2.015534958e+21
2.084663331e+21
1.969237226e+21
1.948373835e+21
2.099096846e+21
1.990503412e+21
2.05129264e+21
2.029953711e+21
2.00485191e+21
1.901544034e+21
2.041431227e+21
2.10149408e+21
1.995888112e+21
2.054873479e+21
1.873676677e+21
2.086990182e+21
2.061709965e+21
2.117162836e+21
2.017009313e+21
1.775611071e+21
1.973760085e+21
1.882593872e+21
1.788829061e+21
2.055603324e+21
1.891506153e+21
1.735222613e+21
1.783832664e+21
1.97154636e+21
2.083555564e+21
2.131455965e+21
2.107587954e+21
1.827799948e+21
1.936789873e+21
2.111828148e+21
2.088993227e+21
2.133683006e+21
2.013834914e+21
2.167609969e+21
1.855653252e+21
1.853762364e+21
2.003965386e+21
2.000892262e+21
1.994914645e+21
1.990799123e+21
1.830663953e+21
1.978056495e+21
2.120441999e+21
1.962779647e+21
1.802145977e+21
1.795479926e+21
1.933387918e+21
2.073269225e+21
1.765223543e+21
1.903170375e+21
2.034634523e+21
1.734695875e+21
2.007919169e+21
1.853611474e+21
1.696693199e+21
1.826429837e+21
2.228000239e+21
2.21279619e+21
2.055204352e+21
2.176245287e+21
1.751045793e+21
2.138486079e+21
2.116963193e+21
2.09973664e+21
2.207786853e+21
1.931443e+21
2.420356076e+21
2.020091779e+21
1.873110543e+21
1.732132688e+21
2.07980506e+21
2.302377142e+21
2.15639469e+21
1.779414292e+21
2.345162458e+21
2.089484229e+21
2.065054976e+21
1.930357703e+21
2.019759713e+21
1.776623107e+21
1.865168522e+21
1.953979807e+21
2.252271108e+21
2.228181888e+21
1.886757532e+21
1.970152339e+21
2.150990539e+21
1.925124727e+21
2.001594388e+21
2.177952512e+21
1.662225485e+21
1.934432949e+21
1.91051207e+21
1.984419613e+21
2.053146102e+21
1.93878949e+21
1.82354698e+21
2.074703405e+21
2.138027284e+21
1.939096739e+21
2.089130085e+21
1.981053673e+21
2.041578124e+21
1.936159809e+21
1.912236723e+21
1.974842407e+21
1.95052772e+21
2.011132516e+21
1.907023031e+21
2.045187696e+21
1.942554885e+21
2.000227203e+21
1.900001985e+21
2.031934109e+21
1.933156793e+21
2.135421195e+21
1.746183094e+21
2.017848879e+21
1.922816677e+21
2.116446509e+21
2.02201148e+21
2.141500024e+21
1.980230434e+21
1.96220207e+21
2.140546611e+21
1.988744473e+21
2.031992489e+21
2.078957645e+21
1.927522912e+21
1.783283856e+21
1.952959388e+21
1.998529888e+21
1.848315108e+21
2.001295512e+21
2.152584942e+21
1.843195522e+21
1.992558116e+21
1.989506522e+21
2.288752002e+21
2.131767251e+21
1.820297798e+21
1.96686234e+21
2.108477686e+21
1.801581234e+21
1.941354686e+21
2.082966631e+21
1.922575142e+21
1.767159493e+21
1.901686122e+21
1.74701024e+21
2.167905852e+21
2.012630857e+21
1.854244642e+21
1.843434527e+21
1.82804309e+21
1.956196488e+21
1.800428136e+21
2.063259773e+21
1.771581007e+21
2.164541788e+21
2.277582471e+21
2.260012081e+21
1.710901932e+21
2.088611683e+21
1.937784462e+21
2.177459103e+21
2.154260149e+21
1.883954314e+21
2.111845407e+21
1.846246842e+21
1.70396273e+21
1.808325685e+21
1.787814081e+21
1.888361424e+21
1.749952075e+21
1.963410868e+21
1.940511113e+21
1.694695367e+21
2.232959723e+21
1.878239626e+21
1.965080436e+21
1.728259239e+21
2.241163649e+21
2.217205344e+21
1.668898429e+21
2.063691262e+21
1.834723801e+21
2.319071134e+21
1.991897026e+21
1.970372256e+21
2.140747613e+21
2.213883745e+21
1.996415492e+21
2.162993288e+21
2.229099328e+21
1.745769869e+21
2.087103683e+21
1.795511476e+21
2.039230574e+21
2.105353711e+21
1.992621793e+21
1.971693233e+21
1.947290388e+21
2.010818248e+21
1.985992118e+21
1.965553173e+21
2.022258646e+21
2.001687208e+21
1.898078181e+21
1.957300763e+21
1.933449402e+21
2.067420043e+21
1.815453614e+21
1.87260046e+21
1.998097717e+21
1.905537451e+21
1.955239182e+21
1.936650895e+21
2.12642627e+21
2.036284469e+21
1.873702853e+21
2.062664329e+21
1.902928573e+21
2.222317792e+21
1.997271435e+21
2.045316755e+21
2.087588655e+21
2.004436292e+21
2.11017863e+21
2.091722819e+21
2.006318824e+21
1.864668459e+21
2.450434793e+21
1.836868308e+21
1.834612332e+21
1.832748465e+21
1.828873827e+21
1.978249627e+21
1.820661648e+21
1.968324778e+21
1.81004838e+21
1.955794171e+21
1.946887084e+21
1.940770454e+21
1.782006607e+21
1.77543256e+21
2.353086324e+21
2.050231635e+21
2.03663866e+21
2.171694658e+21
1.868514995e+21
1.858603243e+21
1.7022508e+21
1.974397083e+21
1.818110992e+21
1.806614575e+21
2.203953338e+21
1.915334577e+21
2.033178177e+21
2.287523712e+21
2.132203415e+21
1.851303601e+21
2.225519296e+21
1.947753741e+21
2.184646503e+21
1.656406375e+21
2.773366987e+21
1.999120183e+21
2.224530932e+21
1.836736237e+21
1.695235152e+21
2.158896854e+21
1.897307662e+21
2.113626579e+21
1.508972677e+21
1.953520618e+21
1.93079089e+21
1.573804937e+21
1.888575539e+21
1.868910798e+21
1.955373412e+21
2.257148925e+21
2.336363551e+21
1.891145499e+21
1.972151578e+21
1.950955047e+21
2.130133279e+21
2.006815662e+21
1.784063857e+21
2.058924031e+21
1.743119469e+21
2.107477859e+21
1.797658018e+21
1.965484985e+21
1.756316131e+21
1.73747642e+21
2.167536825e+21
1.965715653e+21
2.029609974e+21
1.920805081e+21
1.983249589e+21
2.047743478e+21
1.938154934e+21
2.001385168e+21
1.97669466e+21
2.037865539e+21
1.932294501e+21
1.912636997e+21
1.88921685e+21
1.870234614e+21
2.001406038e+21
1.98155819e+21
1.957567162e+21
1.938417269e+21
1.91511598e+21
2.042538787e+21
2.090264648e+21
1.927604258e+21
2.045933978e+21
2.236425462e+21
2.00306898e+21
2.053000686e+21
1.961637876e+21
1.87674994e+21
2.054132101e+21
1.773019499e+21
1.9478725e+21
1.866264673e+21
2.036536008e+21
2.144898274e+21
1.871973103e+21
1.97952033e+21
2.132031368e+21
2.130922709e+21
2.280337248e+21
1.822419165e+21
1.970128795e+21
1.815802524e+21
1.961307639e+21
1.806717069e+21
2.24989217e+21
1.795246037e+21
1.787099642e+21
1.781492236e+21
1.77210478e+21
2.05983846e+21
2.193817397e+21
2.038903769e+21
2.025432345e+21
2.015775223e+21
1.715345877e+21
2.132823687e+21
1.834075714e+21
1.963674721e+21
2.086484119e+21
1.796867308e+21
1.644092623e+21
2.041147733e+21
2.157163938e+21
2.141508407e+21
1.855805426e+21
1.973062695e+21
2.213829405e+21
1.937542236e+21
1.917579956e+21
1.901293384e+21
2.131968402e+21
1.98879683e+21
2.090158284e+21
1.705501573e+21
2.168481243e+21
1.670601133e+21
1.769729715e+21
1.986124551e+21
2.30984163e+21
1.829392478e+21
2.260197132e+21
1.901538561e+21
2.100314491e+21
1.640888984e+21
1.945761817e+21
1.711289513e+21
2.113594466e+21
2.195573529e+21
2.272461156e+21
2.043680016e+21
1.917964591e+21
1.997141901e+21
2.268698711e+21
1.951478822e+21
1.831176062e+21
1.716074694e+21
1.977445421e+21
2.049302649e+21
2.116009661e+21
2.093316427e+21
1.887658057e+21
2.045386586e+21
1.93225017e+21
2.085586969e+21
2.059789707e+21
2.038158507e+21
2.012978918e+21
1.992040179e+21
1.96748385e+21
1.947234427e+21
2.083580555e+21
2.062382686e+21
1.958789452e+21
2.094234814e+21
1.992111828e+21
1.896494001e+21
1.948478101e+21
1.85520622e+21
1.906221258e+21
1.960440417e+21
2.152291813e+21
1.918641747e+21
1.966190923e+21
2.295577129e+21
2.062479518e+21
2.043427169e+21
1.95247191e+21
2.001406764e+21
1.846652465e+21
2.026151569e+21
2.067965343e+21
1.85749473e+21
2.026929682e+21
1.883633362e+21
1.925210665e+21
1.97015052e+21
1.817201206e+21
1.816258326e+21
1.96521349e+21
1.963222781e+21
1.959102432e+21
2.25705429e+21
1.800328175e+21
1.7966328e+21
1.939049613e+21
1.934027379e+21
2.073381347e+21
1.919249378e+21
2.056031116e+21
1.755827926e+21
2.181750585e+21
1.88286465e+21
2.014348677e+21
1.861560266e+21
2.274681855e+21
2.404063548e+21
2.245113718e+21
2.092573061e+21
2.490323667e+21
1.787224657e+21
2.316696222e+21
1.759566032e+21
1.877511176e+21
1.997038661e+21
2.109756341e+21
1.962695913e+21
2.202261679e+21
2.055933061e+21
2.034810541e+21
2.017548373e+21
2.12099464e+21
2.225901991e+21
1.957158496e+21
2.060406779e+21
1.917766272e+21
1.899596246e+21
1.76082404e+21
1.743659538e+21
1.60881229e+21
2.275336536e+21
2.136538472e+21
2.1147251e+21
1.869974032e+21
1.741673803e+21
2.043813377e+21
1.915795134e+21
1.78782445e+21
1.664697248e+21
1.747511474e+21
1.932128263e+21
2.009215831e+21
2.186317053e+21
1.963360645e+21
2.136384063e+21
1.918395942e+21
1.992581993e+21
1.968094937e+21
1.854198359e+21
2.014479863e+21
1.902294605e+21
2.057739045e+21
2.124310505e+21
1.748381352e+21
1.989348714e+21
2.050191867e+21
2.028662849e+21
2.003623078e+21
1.982782053e+21
1.95835848e+21
1.938202507e+21
2.073932258e+21
2.052831257e+21
2.105707624e+21
2.007340757e+21
2.059169062e+21
1.812216413e+21
1.939473052e+21
1.920494907e+21
2.043363299e+21
2.095920752e+21
2.21374502e+21
2.05122606e+21
1.88718669e+21
2.077218182e+21
1.984478097e+21
1.966144439e+21
1.876377714e+21
2.124903934e+21
2.166262466e+21
2.146812908e+21
1.801004961e+21
2.040062702e+21
1.954369384e+21
1.999779398e+21
1.854324672e+21
2.02214615e+21
1.807061389e+21
1.956636287e+21
1.803930663e+21
1.952281463e+21
2.098060252e+21
1.9452305e+21
1.790330809e+21
2.084437224e+21
2.076644672e+21
1.775376614e+21
1.767377807e+21
2.055487364e+21
1.752627619e+21
2.182733845e+21
1.880507019e+21
2.016619464e+21
2.003385654e+21
1.993858988e+21
2.262370597e+21
1.828464477e+21
2.093470185e+21
1.942575623e+21
1.788951867e+21
1.91442994e+21
1.762183113e+21
1.750237337e+21
2.267811487e+21
1.854090063e+21
1.967539793e+21
1.952437498e+21
2.190814213e+21
1.917437108e+21
2.150831423e+21
2.132606003e+21
2.482509729e+21
1.72240837e+21
2.068912054e+21
1.80878338e+21
1.78883649e+21
2.126285275e+21
2.102409055e+21
2.313258987e+21
1.943847673e+21
1.924438807e+21
1.790311387e+21
2.10430493e+21
1.970269429e+21
1.949794058e+21
1.819773823e+21
1.694649797e+21
1.883835586e+21
1.967277851e+21
1.943713154e+21
1.922850476e+21
2.299556354e+21
1.9780715e+21
2.149432287e+21
1.739649849e+21
1.90932474e+21
2.077603178e+21
1.86555473e+21
1.937750987e+21
2.187316141e+21
1.983545724e+21
1.95908431e+21
2.114397953e+21
2.088297627e+21
1.894005617e+21
1.870626136e+21
2.019255259e+21
1.994353804e+21
2.055843317e+21
1.949317369e+21
2.090025152e+21
2.064372905e+21
1.886185744e+21
2.018382641e+21
1.99809688e+21
1.897865375e+21
2.104522078e+21
2.004802811e+21
2.058708007e+21
1.888677403e+21
2.014332479e+21
1.848138662e+21
1.900964452e+21
1.948058066e+21
1.791952301e+21
1.83908309e+21
2.024545518e+21
2.267910879e+21
2.181161744e+21
1.960188471e+21
1.94258924e+21
1.920663293e+21
1.84019981e+21
1.88248722e+21
1.990437972e+21
1.968666304e+21
1.890684681e+21
1.946786944e+21
1.945781184e+21
2.092918597e+21
1.941461425e+21
1.937415879e+21
1.785662504e+21
2.077184505e+21
2.07293129e+21
1.917694453e+21
1.765605929e+21
1.904152495e+21
2.044215772e+21
1.888302775e+21
1.881372479e+21
1.870276079e+21
2.005658986e+21
1.992541317e+21
2.124727088e+21
1.9689179e+21
1.958529209e+21
1.943449624e+21
2.070209136e+21
1.916318817e+21
2.040284461e+21
1.618037902e+21
1.874930655e+21
2.123213299e+21
2.107863033e+21
2.218263034e+21
2.330742913e+21
1.923075123e+21
1.907540204e+21
2.013921092e+21
1.622461157e+21
1.852396387e+21
2.080860267e+21
1.937364795e+21
2.039607727e+21
2.017172558e+21
2.115632594e+21
1.859497494e+21
2.186666467e+21
1.820455167e+21
1.914936336e+21
2.004209646e+21
2.093986947e+21
1.742809771e+21
2.263681566e+21
2.237066698e+21
1.897257036e+21
2.291383971e+21
2.163905819e+21
1.832603746e+21
2.215818422e+21
2.288619533e+21
1.968672225e+21
1.847547021e+21
2.019998826e+21
1.995355867e+21
1.879847531e+21
2.135338368e+21
1.928679436e+21
1.99568779e+21
1.884557581e+21
1.861346328e+21
1.929196023e+21
2.078628016e+21
1.970930506e+21
1.946626126e+21
1.926187247e+21
1.985169899e+21
1.964521589e+21
2.021207659e+21
2.00040387e+21
1.896831942e+21
1.955760935e+21
2.009132401e+21
1.912440145e+21
1.813606165e+21
2.169698001e+21
2.069534247e+21
2.049277919e+21
1.807717325e+21
2.076713511e+21
1.981179146e+21
2.03241387e+21
2.077624802e+21
2.058144335e+21
1.830627124e+21
1.813711449e+21
1.991876747e+21
2.039527405e+21
2.211282816e+21
2.191429301e+21
1.911761698e+21
1.95799481e+21
2.123562303e+21
2.105007375e+21
1.959472962e+21
2.003271031e+21
2.084970397e+21
1.786196179e+21
1.932710061e+21
2.07928071e+21
2.223174991e+21
1.92382337e+21
1.918220974e+21
1.91429799e+21
1.907192299e+21
2.194927749e+21
1.893760383e+21
2.033067124e+21
1.733573949e+21
1.871154502e+21
2.003244772e+21
2.279790865e+21
1.981813749e+21
1.972414191e+21
2.098259618e+21
1.948056047e+21
1.656947186e+21
1.784644747e+21
1.906182464e+21
2.164809619e+21
1.743663504e+21
1.998315672e+21
1.84811608e+21
1.834771418e+21
1.687528484e+21
1.674607174e+21
2.168272632e+21
1.771228612e+21
2.254090934e+21
2.359202428e+21
1.843006644e+21
1.704979521e+21
1.807141244e+21
2.148739284e+21
1.770969466e+21
1.988136892e+21
1.850279252e+21
1.946808749e+21
1.698277226e+21
1.793437409e+21
1.772813908e+21
2.193441741e+21
1.951145816e+21
2.038166893e+21
2.226282485e+21
1.993017536e+21
2.073098534e+21
1.948451762e+21
1.621225694e+21
2.20527961e+21
1.881649513e+21
2.057329946e+21
2.12919339e+21
2.010496414e+21
2.080581014e+21
1.777495655e+21
1.848158703e+21
2.102520276e+21
1.98642262e+21
1.875812529e+21
1.940963619e+21
2.007562483e+21
1.896626912e+21
2.047146475e+21
2.021927618e+21
1.917336955e+21
1.976070189e+21
2.036996778e+21
1.931483293e+21
1.991252671e+21
2.045516154e+21
1.946827419e+21
1.923044771e+21
1.979862207e+21
1.955782463e+21
2.01085153e+21
1.912950486e+21
1.894224269e+21
1.943432513e+21
2.067241301e+21
2.113005418e+21
2.092899912e+21
1.792381135e+21
1.912155624e+21
1.754757873e+21
2.206610574e+21
1.982740252e+21
2.161150115e+21
1.877420003e+21
2.053036257e+21
1.966373641e+21
2.137572944e+21
2.113730972e+21
1.972014512e+21
1.950365085e+21
2.054388177e+21
2.073527995e+21
1.924428346e+21
1.922113202e+21
2.215589085e+21
2.063604517e+21
2.207648685e+21
1.907743486e+21
1.903846594e+21
1.750896505e+21
1.891915652e+21
2.028364249e+21
2.310902196e+21
2.011568569e+21
1.861046915e+21
1.850144574e+21
1.984091614e+21
1.971201074e+21
1.961863852e+21
1.947945679e+21
1.660880828e+21
1.648174301e+21
1.91176363e+21
1.896152779e+21
2.288026367e+21
1.867975749e+21
1.987887066e+21
2.10116708e+21
2.086014035e+21
1.678828811e+21
1.922295733e+21
1.903389619e+21
1.762179779e+21
1.993456189e+21
2.223699222e+21
1.955959055e+21
2.05991028e+21
2.037840419e+21
2.019224396e+21
1.997125017e+21
2.56012078e+21
1.956223952e+21
1.709313361e+21
1.802624005e+21
1.784668395e+21
1.984716903e+21
1.85537247e+21
1.941722548e+21
1.921582125e+21
1.899087212e+21
1.98346728e+21
2.269537447e+21
2.04123494e+21
2.016929721e+21
1.79577865e+21
2.168487437e+21
2.047646087e+21
1.926560179e+21
2.001082984e+21
1.788487723e+21
2.04856364e+21
2.115519054e+21
2.092768664e+21
1.79749371e+21
1.956060084e+21
2.107667347e+21
1.911440379e+21
2.059554974e+21
2.037756747e+21
2.012678589e+21
1.991548821e+21
1.967053521e+21
1.946594396e+21
2.002800073e+21
1.902897426e+21
1.95790036e+21
1.860456138e+21
2.067456434e+21
1.895066452e+21
1.946906222e+21
1.927585153e+21
2.123993572e+21
1.885626379e+21
1.93461113e+21
2.057855107e+21
1.75283908e+21
2.222282597e+21
1.921477326e+21
2.039417587e+21
2.015495937e+21
1.730619246e+21
1.97368719e+21
1.95571034e+21
1.86882526e+21
2.043637665e+21
1.957343894e+21
2.127758666e+21
1.856461988e+21
2.085613219e+21
1.880674563e+21
1.804313656e+21
1.914909751e+21
1.913926711e+21
1.764583304e+21
2.203510555e+21
1.90577158e+21
2.1956334e+21
1.75142754e+21
1.747854184e+21
2.321882263e+21
2.02641677e+21
2.305615732e+21
2.011130706e+21
1.714930107e+21
2.27821285e+21
1.698683512e+21
2.114443862e+21
2.10075156e+21
1.95142578e+21
2.076028096e+21
2.340465524e+21
1.912742795e+21
1.765872674e+21
1.886228087e+21
2.008296016e+21
2.123728134e+21
2.109404525e+21
1.959670097e+21
2.204962173e+21
1.927175049e+21
1.912454232e+21
1.893697231e+21
1.878453143e+21
2.355262465e+21
1.72081696e+21
2.189411845e+21
2.049592687e+21
2.027689571e+21
1.772810073e+21
1.753455827e+21
1.852716005e+21
1.946621406e+21
1.927728827e+21
2.130183548e+21
1.997982805e+21
2.414025817e+21
2.280855646e+21
2.469164827e+21
2.231085151e+21
1.680017526e+21
1.870112951e+21
1.848084268e+21
1.929982574e+21
2.107788787e+21
2.184499898e+21
2.158319071e+21
1.746902541e+21
2.013453342e+21
2.27629405e+21
1.873881876e+21
2.039063356e+21
1.831084109e+21
2.173676965e+21
1.878686719e+21
1.947066699e+21
1.835758025e+21
1.816198896e+21
2.05014911e+21
2.028452763e+21
1.836554309e+21
1.982481534e+21
1.958118765e+21
1.937752938e+21
1.993721441e+21
1.973199179e+21
2.18292391e+21
2.006371128e+21
1.905657218e+21
2.037417241e+21
1.938110185e+21
2.140282771e+21
1.822757822e+21
2.021498973e+21
2.139854963e+21
2.048553762e+21
1.744912654e+21
2.004833792e+21
2.049404511e+21
2.165526857e+21
2.073233424e+21
1.987810043e+21
2.095697519e+21
1.881926309e+21
1.988606013e+21
2.034324733e+21
1.948396698e+21
1.931148736e+21
1.847946087e+21
1.892868698e+21
2.053176059e+21
1.97560992e+21
1.904514745e+21
1.757112987e+21
2.193766514e+21
1.753250405e+21
1.89545195e+21
2.183748196e+21
1.741964469e+21
1.883282468e+21
2.020700612e+21
1.871540092e+21
1.863253677e+21
1.8574577e+21
1.847904242e+21
1.841155836e+21
1.97124506e+21
1.962983146e+21
1.950313098e+21
1.941098191e+21
1.78974299e+21
1.917298008e+21
1.902721689e+21
2.162011021e+21
1.876406749e+21
1.598283955e+21
1.980695342e+21
1.967353023e+21
2.079573987e+21
1.548460005e+21
1.917341322e+21
1.775865455e+21
2.260923663e+21
2.118147395e+21
1.726727641e+21
1.712177706e+21
1.815400017e+21
2.279304751e+21
1.780270014e+21
2.116847059e+21
2.210115805e+21
1.613164231e+21
1.937112672e+21
2.144014126e+21
2.231423455e+21
2.209231414e+21
2.074799659e+21
2.161797251e+21
2.136829406e+21
1.797488763e+21
1.985540532e+21
2.068040782e+21
1.737170939e+21
2.021977539e+21
1.898095591e+21
1.976596549e+21
2.148245623e+21
1.931951723e+21
2.194973344e+21
1.888112497e+21
2.145009685e+21
2.214164488e+21
2.187197494e+21
1.893226986e+21
2.137239482e+21
2.026253616e+21
2.001420811e+21
1.894008587e+21
1.870759705e+21
1.935098629e+21
1.911330744e+21
1.973496437e+21
1.949264809e+21
1.928991433e+21
1.905335754e+21
1.885722853e+21
2.017868214e+21
2.074150722e+21
1.821197588e+21
2.103366253e+21
1.92939327e+21
1.983712472e+21
2.032308421e+21
1.940534289e+21
2.05922174e+21
1.828370317e+21
2.292916023e+21
1.858164229e+21
1.972161764e+21
1.886293314e+21
1.86414336e+21
1.780950182e+21
1.890632608e+21
2.131811832e+21
1.788012133e+21
1.835243517e+21
2.064661954e+21
1.9843746e+21
2.146092616e+21
1.945010042e+21
2.043763885e+21
1.906965842e+21
1.894231987e+21
1.893263574e+21
2.181932956e+21
1.889111744e+21
2.175280936e+21
2.027191573e+21
1.876986699e+21
1.873166101e+21
1.722747059e+21
2.004709549e+21
1.995863718e+21
1.847543855e+21
1.979463513e+21
1.831368897e+21
1.820747006e+21
2.231538799e+21
1.801460366e+21
2.344639199e+21
2.19121358e+21
2.17972576e+21
2.163205758e+21
1.881913819e+21
2.266691548e+21
1.722518959e+21
2.101868348e+21
1.957244266e+21
1.810325141e+21
2.310836418e+21
1.780433613e+21
1.893070477e+21
1.999579306e+21
2.107489573e+21
2.208967841e+21
1.946999731e+21
1.926806062e+21
1.790527496e+21
2.243886882e+21
2.223449309e+21
1.736285192e+21
2.178594e+21
1.814302477e+21
2.021314516e+21
1.776522733e+21
2.198585533e+21
2.064855092e+21
1.506015713e+21
2.020323912e+21
1.999406897e+21
1.976149926e+21
1.749530745e+21
1.72900643e+21
2.314357125e+21
1.988660869e+21
1.96737103e+21
2.04107187e+21
1.922984643e+21
1.899852607e+21
2.067333997e+21
2.042314287e+21
2.112157647e+21
1.723606016e+21
1.974307857e+21
2.038852295e+21
2.017022386e+21
1.992332789e+21
1.971111898e+21
1.692993989e+21
2.010097368e+21
1.985432331e+21
1.964592418e+21
1.940490561e+21
2.000321668e+21
1.896776523e+21
1.955470105e+21
2.086079793e+21
2.141322219e+21
2.115211026e+21
2.093940608e+21
2.068504756e+21
1.97482818e+21
2.023210278e+21
1.931844527e+21
1.979310683e+21
2.030201062e+21
2.075127524e+21
2.123883968e+21
1.827911761e+21
1.877827309e+21
2.054596729e+21
1.969937735e+21
2.076818485e+21
1.800661858e+21
2.034214388e+21
1.889954255e+21
2.055309698e+21
2.037118351e+21
1.770108319e+21
1.996677538e+21
2.094274011e+21
2.13555239e+21
1.739132003e+21
1.738244696e+21
2.025544618e+21
2.023515593e+21
2.019386253e+21
2.016335691e+21
1.866953643e+21
2.149797503e+21
1.856360975e+21
1.994029408e+21
1.843456109e+21
1.696371024e+21
1.687704307e+21
2.382204057e+21
1.671834763e+21
2.219793246e+21
2.205557899e+21
2.0579652e+21
1.771076926e+21
2.303896623e+21
2.017490593e+21
1.872169951e+21
2.255010826e+21
1.977295145e+21
2.091106345e+21
2.077054784e+21
1.929768929e+21
1.788191379e+21
1.897971897e+21
1.757956858e+21
2.113897205e+21
1.850239824e+21
1.95374928e+21
1.695156848e+21
2.396600702e+21
1.900471404e+21
1.880315157e+21
1.979656018e+21
2.188578797e+21
2.053892629e+21
1.918371194e+21
2.235058842e+21
1.878488816e+21
2.188041762e+21
2.055005399e+21
1.820022846e+21
2.010751466e+21
1.780478137e+21
1.966847728e+21
1.741304911e+21
2.024609773e+21
1.902926093e+21
1.880442533e+21
2.05614279e+21
1.838144817e+21
1.91410042e+21
1.985669572e+21
1.964294561e+21
1.940558971e+21
1.919671038e+21
1.986661253e+21
1.965317689e+21
1.853114384e+21
2.095173795e+21
1.897095322e+21
2.047518402e+21
2.022440026e+21
2.001043683e+21
1.976513438e+21
2.037258734e+21
2.012286407e+21
1.991358314e+21
1.966972758e+21
1.946724505e+21
1.922930547e+21
1.903356696e+21
1.95536385e+21
1.93569913e+21
1.985738446e+21
1.893207441e+21
1.870322287e+21
1.923232244e+21
1.829737611e+21
1.881757995e+21
1.859282363e+21
1.977992223e+21
1.819746519e+21
2.069733777e+21
1.913441953e+21
1.961121559e+21
2.002896389e+21
2.112691537e+21
2.025069311e+21
2.069603602e+21
1.984040519e+21
1.905028877e+21
2.065908891e+21
2.047877617e+21
2.084760658e+21
2.066805462e+21
2.018149562e+21
2.161202122e+21
1.870825444e+21
1.86895391e+21
2.152099501e+21
1.719081822e+21
1.714179023e+21
2.138372251e+21
2.556717415e+21
1.700110681e+21
1.9747692e+21
1.968648009e+21
2.378328519e+21
1.951496485e+21
1.940251597e+21
1.794138686e+21
2.331183498e+21
1.774278125e+21
2.032949013e+21
1.887496156e+21
2.140889877e+21
1.995564068e+21
1.847546955e+21
1.836028243e+21
1.820397239e+21
2.195646593e+21
2.048003861e+21
2.033323141e+21
1.762537656e+21
1.749137328e+21
1.732168739e+21
1.841022778e+21
1.822564206e+21
1.927740224e+21
2.027089328e+21
1.536550737e+21
1.520294704e+21
1.854122397e+21
2.063337096e+21
2.043951277e+21
2.021437898e+21
2.113101075e+21
1.979480024e+21
1.850958842e+21
2.152893925e+21
2.131052837e+21
2.211929229e+21
1.876333755e+21
2.369765893e+21
2.140957494e+21
2.317460387e+21
2.292827706e+21
1.871738569e+21
1.851717158e+21
1.829684171e+21
2.0958277e+21
2.07070069e+21
2.141527635e+21
1.839730886e+21
2.00192733e+21
1.977650657e+21
2.134264391e+21
1.932589244e+21
1.998809983e+21
2.060245688e+21
2.038308004e+21
1.929478975e+21
1.992071189e+21
2.049660747e+21
1.947023263e+21
1.923176926e+21
1.982474932e+21
1.879886707e+21
2.015579056e+21
2.067533003e+21
2.046486032e+21
1.94668098e+21
1.778863284e+21
2.05014571e+21
1.957296213e+21
1.790407325e+21
1.98561109e+21
1.891678784e+21
1.94278896e+21
1.851023974e+21
1.697589691e+21
1.878752194e+21
2.060527103e+21
2.036292108e+21
1.887304478e+21
1.800991988e+21
2.166994567e+21
2.205006661e+21
1.997906598e+21
1.789965313e+21
1.896478569e+21
1.935626328e+21
1.978695645e+21
1.956742866e+21
2.057464635e+21
2.007426953e+21
2.006406878e+21
2.00404033e+21
2.145040913e+21
1.997980209e+21
1.85247125e+21
1.705113142e+21
2.127067797e+21
1.836779119e+21
1.973006918e+21
1.964388276e+21
2.098185319e+21
2.226705332e+21
2.218612391e+21
1.930135892e+21
2.059377384e+21
1.773420656e+21
1.76508272e+21
2.157287628e+21
1.743640808e+21
1.863665746e+21
1.985337657e+21
1.838123295e+21
1.957154195e+21
2.328648311e+21
1.927531827e+21
2.292403974e+21
2.275990627e+21
2.004255901e+21
1.989035258e+21
2.092903075e+21
2.19827653e+21
1.692672762e+21
1.918252652e+21
2.017166174e+21
1.999517193e+21
2.094792743e+21
1.960447718e+21
1.711150645e+21
1.808093955e+21
1.899988887e+21
2.102993873e+21
2.079510271e+21
1.950529253e+21
1.821313124e+21
1.908898299e+21
1.782204976e+21
1.971290743e+21
1.845950785e+21
2.029509572e+21
2.005843494e+21
2.182985879e+21
2.059232159e+21
2.23123465e+21
2.013016954e+21
1.991404789e+21
1.873875395e+21
1.946402975e+21
1.922956092e+21
1.99285372e+21
2.058208765e+21
2.036107161e+21
2.011349392e+21
1.903312363e+21
2.051016281e+21
2.029180098e+21
2.004379705e+21
1.9831788e+21
1.958913902e+21
1.938356001e+21
1.994411928e+21
1.973670454e+21
1.871554095e+21
1.85228727e+21
2.058382732e+21
1.811046877e+21
1.86353354e+21
1.918580681e+21
2.041087856e+21
1.948646446e+21
2.067698067e+21
1.906236006e+21
2.092577736e+21
2.003280408e+21
1.979345189e+21
1.825287151e+21
1.870434162e+21
1.919053459e+21
1.961866028e+21
2.008514635e+21
2.0491292e+21
1.840103759e+21
2.007023634e+21
1.74037928e+21
2.150648677e+21
2.131618176e+21
2.047380517e+21
1.790750556e+21
2.065990905e+21
1.989687635e+21
1.996817681e+21
1.995805012e+21
1.851068615e+21
1.991469549e+21
1.84548601e+21
1.984454631e+21
2.120178314e+21
1.974823421e+21
2.389339928e+21
2.102851101e+21
2.093695629e+21
1.808924624e+21
1.799773578e+21
1.655298422e+21
1.92012512e+21
2.048706488e+21
2.171405608e+21
2.026133234e+21
2.14621123e+21
1.868137676e+21
2.11902972e+21
1.975215524e+21
2.090051749e+21
1.947236809e+21
2.059471577e+21
2.045682284e+21
1.774048758e+21
1.887173107e+21
2.118925997e+21
2.10285278e+21
1.592547116e+21
1.822861461e+21
1.804679892e+21
2.147465262e+21
2.007339699e+21
1.755700846e+21
2.432104516e+21
1.836218988e+21
1.929991183e+21
1.799426239e+21
1.890929211e+21
1.982825903e+21
2.178593209e+21
2.049158189e+21
1.919379961e+21
2.216589709e+21
1.878224931e+21
1.652289343e+21
1.939459267e+21
1.818090066e+21
1.996590213e+21
2.074156443e+21
1.854570152e+21
2.124445783e+21
2.003835921e+21
1.982330237e+21
1.958642146e+21
1.93757885e+21
1.731962072e+21
1.98386199e+21
2.04895758e+21
2.115089254e+21
1.915287389e+21
1.980923529e+21
1.956791314e+21
2.02013358e+21
1.912325383e+21
1.974365447e+21
2.031490779e+21
1.929765562e+21
1.906169513e+21
1.964943835e+21
2.018569611e+21
2.074626923e+21
1.821611641e+21
2.028449277e+21
1.855331291e+21
1.983601209e+21
1.886958997e+21
2.011927342e+21
1.987617978e+21
2.249303755e+21
2.152817604e+21
1.925690163e+21
1.902678138e+21
1.95185989e+21
2.128216526e+21
1.844709828e+21
1.692776767e+21
1.935140224e+21
1.976310825e+21
1.958303486e+21
1.810797035e+21
1.794540079e+21
2.079906572e+21
2.061503531e+21
2.098188651e+21
1.961034747e+21
1.821677095e+21
1.922517776e+21
2.128199957e+21
1.985314598e+21
1.982987848e+21
1.839511058e+21
2.118239169e+21
1.833046868e+21
2.249688069e+21
1.683850962e+21
1.957421921e+21
2.091881863e+21
2.221657646e+21
1.937945448e+21
2.203626774e+21
2.058409053e+21
2.319550009e+21
1.766392859e+21
2.430287261e+21
2.015740286e+21
2.001794993e+21
1.858606584e+21
2.108266198e+21
1.965196081e+21
1.949530138e+21
1.679096833e+21
1.664924859e+21
2.417078272e+21
1.891291816e+21
1.627410866e+21
2.3564862e+21
1.723201829e+21
2.072321849e+21
2.055769779e+21
2.035317874e+21
2.136999309e+21
1.762595733e+21
1.863685168e+21
1.844112728e+21
2.055820856e+21
2.259726258e+21
1.902768805e+21
1.99265879e+21
1.863796595e+21
2.385158528e+21
2.039515991e+21
1.698129453e+21
1.996112104e+21
1.869491283e+21
1.850193348e+21
2.13370887e+21
2.010777425e+21
1.888050817e+21
2.06464174e+21
2.040430197e+21
1.826380456e+21
1.994738253e+21
2.06730649e+21
2.042643183e+21
2.02068363e+21
1.905669694e+21
1.974951036e+21
1.9511027e+21
2.017895719e+21
1.906752118e+21
2.057843281e+21
2.032803338e+21
2.011167367e+21
1.903862457e+21
1.965630082e+21
1.941625025e+21
1.921250929e+21
2.055926288e+21
2.034545807e+21
2.086997096e+21
1.91251063e+21
2.040323036e+21
1.944751469e+21
1.847200929e+21
1.97490706e+21
1.806437643e+21
2.074653831e+21
2.120265766e+21
1.88953754e+21
2.074246657e+21
1.985726463e+21
1.961993063e+21
1.943301884e+21
1.920232021e+21
1.96779876e+21
2.074259253e+21
1.990853157e+21
1.967605117e+21
2.012568977e+21
2.113627778e+21
1.909829929e+21
1.887985628e+21
1.87128204e+21
1.969499726e+21
1.893160725e+21
1.813549704e+21
2.029941963e+21
1.834794037e+21
1.974933888e+21
2.113528509e+21
2.252186887e+21
1.685750346e+21
1.683218435e+21
1.958228859e+21
1.954269678e+21
1.94725878e+21
1.942291373e+21
1.657620152e+21
2.341049326e+21
2.192265968e+21
2.047805462e+21
2.307643028e+21
2.162872585e+21
1.746240443e+21
2.139150309e+21
2.124396191e+21
2.113339716e+21
2.09761147e+21
2.346333329e+21
2.198367654e+21
1.799187165e+21
2.038908176e+21
1.772127479e+21
2.132832573e+21
1.868483436e+21
1.974632864e+21
1.837207219e+21
2.062182287e+21
2.045728953e+21
1.906286031e+21
1.890342111e+21
1.87103171e+21
1.854710052e+21
2.294098621e+21
1.704991896e+21
2.024080095e+21
2.116526075e+21
2.31378816e+21
2.073244185e+21
1.834431733e+21
1.709443462e+21
1.795856413e+21
1.777685976e+21
1.964218397e+21
1.943954376e+21
1.820482254e+21
2.301771491e+21
1.978337429e+21
1.76161194e+21
2.321322726e+21
1.913777124e+21
2.080281051e+21
1.870882859e+21
2.125888836e+21
2.103041661e+21
1.897142521e+21
1.966119775e+21
1.942411066e+21
1.921567636e+21
2.070864635e+21
2.048717584e+21
2.023817628e+21
2.002280394e+21
1.977886022e+21
1.956971673e+21
1.933094524e+21
1.912811104e+21
2.046915292e+21
1.947720076e+21
1.846993655e+21
1.980310019e+21
2.031411507e+21
1.861784889e+21
1.765575852e+21
2.111939813e+21
2.086330679e+21
1.92314985e+21
2.111022148e+21
2.090330596e+21
1.927520959e+21
1.908889719e+21
2.088149943e+21
2.268408009e+21
1.845916203e+21
2.089811777e+21
2.065181111e+21
2.110018281e+21
2.085361304e+21
2.003741511e+21
1.856765806e+21
1.840096344e+21
2.061562509e+21
1.983226892e+21
2.020202836e+21
1.943686326e+21
1.980219787e+21
1.847708017e+21
1.965652206e+21
1.964661169e+21
1.962373082e+21
2.380513274e+21
1.956501316e+21
1.814025614e+21
2.087235871e+21
2.221888476e+21
2.213943578e+21
2.346320916e+21
1.923933504e+21
1.781003373e+21
1.908393989e+21
2.173131261e+21
2.025756765e+21
1.882857343e+21
1.871008005e+21
2.12828907e+21
1.849447367e+21
2.10266653e+21
2.34794688e+21
1.94545908e+21
1.930040106e+21
2.045950577e+21
1.775182239e+21
1.637385266e+21
1.747781437e+21
2.107180303e+21
1.964952155e+21
1.950096689e+21
2.172855669e+21
2.035785733e+21
2.134202371e+21
2.116370491e+21
2.327560503e+21
1.730457157e+21
2.054845456e+21
1.810002901e+21
2.014498147e+21
2.106523634e+21
2.302910971e+21
1.9549078e+21
2.148078999e+21
2.126843457e+21
2.208123129e+21
1.561282823e+21
1.955169043e+21
1.935009958e+21
1.912823102e+21
1.892768511e+21
1.772402056e+21
1.558759489e+21
1.92568426e+21
2.190896518e+21
1.694390157e+21
1.955596107e+21
2.024356811e+21
2.002607715e+21
2.068566684e+21
1.957367143e+21
1.845896685e+21
2.000007164e+21
1.975812677e+21
1.954686115e+21
1.930956383e+21
1.82734898e+21
1.969209752e+21
1.948389209e+21
2.004831929e+21
1.904445105e+21
1.881215022e+21
2.016789771e+21
1.91557236e+21
1.971684777e+21
2.097487762e+21
1.927834995e+21
1.977644288e+21
1.957745413e+21
2.005642922e+21
1.914798609e+21
1.96173486e+21
1.873129087e+21
2.05623395e+21
1.968477483e+21
2.0790765e+21
1.99283695e+21
1.903524544e+21
1.950673169e+21
1.991926394e+21
1.909838301e+21
2.013338616e+21
2.057334617e+21
1.910258974e+21
1.893109365e+21
1.811039371e+21
1.795019074e+21
1.892991288e+21
1.993766918e+21
1.971463194e+21
1.954513291e+21
1.815801725e+21
1.954494765e+21
1.812780912e+21
1.950287752e+21
1.807370781e+21
1.804662258e+21
2.076481371e+21
2.348597807e+21
1.927245854e+21
2.334270233e+21
2.050798747e+21
1.771886853e+21
2.169892192e+21
1.756666318e+21
2.015463593e+21
2.007106299e+21
1.595610906e+21
1.852845371e+21
2.103020165e+21
1.830588034e+21
2.07662186e+21
1.935738505e+21
2.176499232e+21
2.290262848e+21
1.766407438e+21
1.879966325e+21
1.863426075e+21
2.220192388e+21
1.833155535e+21
2.304461433e+21
1.922068656e+21
2.025938704e+21
1.651947695e+21
2.106204716e+21
2.084794814e+21
2.066643766e+21
2.045095563e+21
1.91401913e+21
2.005006493e+21
1.875918942e+21
1.637239693e+21
2.161972949e+21
2.565715998e+21
1.799428769e+21
1.98860367e+21
2.072114879e+21
1.946202688e+21
2.027523655e+21
2.104538458e+21
2.18165058e+21
1.76437382e+21
1.939632643e+21
1.917011741e+21
1.80172775e+21
2.155356555e+21
1.946844254e+21
1.923729682e+21
1.903068195e+21
1.969853893e+21
1.682961354e+21
2.100281521e+21
2.077754397e+21
2.052650967e+21
1.946094083e+21
2.006082439e+21
1.984740003e+21
1.960609269e+21
1.939881694e+21
1.996100453e+21
1.896151968e+21
1.951084815e+21
1.853563818e+21
1.830975042e+21
1.963134345e+21
2.013819964e+21
1.919486642e+21
1.969090384e+21
1.87708055e+21
1.925652738e+21
2.047743257e+21
2.023015462e+21
1.934106498e+21
2.183834033e+21
1.892379886e+21
2.070081567e+21
1.984212718e+21
1.96063382e+21
2.071703116e+21
2.175214966e+21
2.091705792e+21
2.06722877e+21
1.924244469e+21
2.024638528e+21
2.12806593e+21
2.103643288e+21
1.906318712e+21
2.061378239e+21
2.101791449e+21
2.020512637e+21
2.003145911e+21
1.667494389e+21
2.083321108e+21
1.942182519e+21
2.07884685e+21
2.489658523e+21
2.071609692e+21
1.652669703e+21
1.786784013e+21
1.917392864e+21
2.049125914e+21
1.768301411e+21
1.898468047e+21
2.02394596e+21
1.882197508e+21
2.138959461e+21
1.996968892e+21
1.984477852e+21
2.238575028e+21
2.092492661e+21
1.691332781e+21
1.80799832e+21
1.926114585e+21
2.038331639e+21
1.645904207e+21
2.008821668e+21
2.244880255e+21
1.977940348e+21
2.086617255e+21
1.945872733e+21
1.931193577e+21
1.912800307e+21
2.13478568e+21
1.761467908e+21
1.979684126e+21
2.074880379e+21
2.056832985e+21
2.374677383e+21
1.792937469e+21
1.663003219e+21
1.867136589e+21
2.17281956e+21
2.151920479e+21
2.12820668e+21
1.896477968e+21
1.666919073e+21
1.959477014e+21
1.631425851e+21
1.816451809e+21
2.194752922e+21
1.974331702e+21
2.049154315e+21
1.930895357e+21
1.812996137e+21
1.982463458e+21
2.145745506e+21
1.938170386e+21
1.915195175e+21
2.165293448e+21
1.961156275e+21
1.851907529e+21
2.003921695e+21
2.068625723e+21
2.043663752e+21
2.021819744e+21
1.914108779e+21
1.976084547e+21
1.952083584e+21
2.011925158e+21
1.907946913e+21
2.045258306e+21
1.864938543e+21
2.153136437e+21
1.974991937e+21
1.879478607e+21
2.153666691e+21
1.91121028e+21
1.960610158e+21
1.868995037e+21
1.988378126e+21
1.898311844e+21
1.94485073e+21
1.925781053e+21
1.766727208e+21
1.884231602e+21
1.994674965e+21
1.843951955e+21
1.756960102e+21
1.998304528e+21
1.911016199e+21
1.956445914e+21
1.871163854e+21
1.915914025e+21
1.954766051e+21
1.93721707e+21
1.855117682e+21
2.016649694e+21
2.052376566e+21
2.034488151e+21
2.011656196e+21
1.937388401e+21
1.797198571e+21
1.796297628e+21
1.932242244e+21
1.654567731e+21
1.788897534e+21
1.64882083e+21
2.055301457e+21
2.187908053e+21
1.907640108e+21
2.174622537e+21
1.894669275e+21
2.023766498e+21
1.74522602e+21
2.006461498e+21
2.128200426e+21
1.722008924e+21
1.711270219e+21
1.965334857e+21
1.951940654e+21
2.330194683e+21
1.927545142e+21
1.916585886e+21
2.02829327e+21
2.141751658e+21
1.624178711e+21
2.109803145e+21
1.845300661e+21
2.198631706e+21
1.936471295e+21
2.162113633e+21
2.141573528e+21
1.888496645e+21
2.103687183e+21
2.202061322e+21
2.065059795e+21
1.933386304e+21
1.913322363e+21
1.784524862e+21
1.87593962e+21
1.858436085e+21
1.946472409e+21
1.927764952e+21
1.694726215e+21
2.202385879e+21
1.970412712e+21
1.745208724e+21
2.131515976e+21
2.109575819e+21
2.184841603e+21
2.16196835e+21
2.039955838e+21
2.114460077e+21
1.804904008e+21
2.067605221e+21
2.04334067e+21
1.929573466e+21
2.088329969e+21
1.886269807e+21
1.952535126e+21
1.931570657e+21
1.99515105e+21
2.059576912e+21
1.78041053e+21
2.013010067e+21
1.988655386e+21
1.967504257e+21
2.024616381e+21
2.003216272e+21
2.13717279e+21
1.958104691e+21
2.01164759e+21
2.067295827e+21
1.966501217e+21
1.946254045e+21
1.996530482e+21
1.976197483e+21
1.952202662e+21
2.147283326e+21
1.979856713e+21
2.030187394e+21
2.213162497e+21
2.122976295e+21
1.826814537e+21
2.01016413e+21
2.118527167e+21
1.90161339e+21
2.073380894e+21
1.98972104e+21
1.775943306e+21
2.199387729e+21
1.925202251e+21
2.092267211e+21
2.007142377e+21
2.109676212e+21
1.906661918e+21
2.066968372e+21
2.04345317e+21
2.025645489e+21
1.945651997e+21
2.042404939e+21
1.925580688e+21
1.787144536e+21
1.922403201e+21
2.057680781e+21
1.916709634e+21
1.777143311e+21
1.908547856e+21
2.040760352e+21
1.897986064e+21
2.163623174e+21
2.01976218e+21
1.879326404e+21
1.870028037e+21
1.730200372e+21
1.985202269e+21
1.976998216e+21
1.833725837e+21
2.346665724e+21
2.071750717e+21
2.061030513e+21
2.045913416e+21
1.652864202e+21
2.018353291e+21
1.755164056e+21
1.989252482e+21
2.099542389e+21
2.081218815e+21
1.8233397e+21
1.686265233e+21
2.151735096e+21
2.012937278e+21
2.114429291e+21
1.977391314e+21
1.96093586e+21
1.94114664e+21
1.584713073e+21
2.352458771e+21
1.998214685e+21
2.196734122e+21
1.741003566e+21
2.045129254e+21
2.1320934e+21
2.425003479e+21
1.879120478e+21
2.064675229e+21
1.941659162e+21
2.02083196e+21
1.400029845e+21
2.175019398e+21
2.250089805e+21
1.934132928e+21
2.105020306e+21
1.891456626e+21
1.777731711e+21
1.849372416e+21
2.195488541e+21
1.988749022e+21
2.056836698e+21
1.855626285e+21
2.010536917e+21
2.072824534e+21
1.965164966e+21
1.941509893e+21
2.004276829e+21
1.980054911e+21
1.958998158e+21
2.01588827e+21
2.074365753e+21
1.970356467e+21
1.871700329e+21
2.003019741e+21
1.905953384e+21
1.882772298e+21
1.863386818e+21
1.840737587e+21
2.113508669e+21
2.087857109e+21
2.13811292e+21
2.041815457e+21
2.021521865e+21
1.997120995e+21
1.909343353e+21
2.021131047e+21
1.934863168e+21
1.977636556e+21
2.089367626e+21
2.193547375e+21
1.789480881e+21
1.831492108e+21
1.814543525e+21
1.916940049e+21
2.144560266e+21
1.877385561e+21
1.920548596e+21
1.957761358e+21
1.99924996e+21
1.976475402e+21
2.016879362e+21
1.994174209e+21
1.97704808e+21
1.778972736e+21
1.77808425e+21
2.185901546e+21
1.774290749e+21
2.179443814e+21
1.768155888e+21
2.034549247e+21
2.030461904e+21
1.753541438e+21
1.749096799e+21
2.009624367e+21
2.003463863e+21
1.993581831e+21
1.986409293e+21
1.975316093e+21
1.96716192e+21
1.694305135e+21
2.075596308e+21
1.546149891e+21
1.794518147e+21
1.78139334e+21
1.771287985e+21
1.757446479e+21
1.871375033e+21
2.227061444e+21
1.720666667e+21
2.071194387e+21
1.935542893e+21
1.798067201e+21
2.022485958e+21
2.121214413e+21
1.870574212e+21
2.083823937e+21
1.836888718e+21
1.932045185e+21
1.802623714e+21
2.00700399e+21
2.099421959e+21
2.077246528e+21
2.274517517e+21
2.142879823e+21
2.01620043e+21
2.099078178e+21
2.078400376e+21
1.952551544e+21
2.034601265e+21
2.011731417e+21
1.991047097e+21
2.263707162e+21
1.75306752e+21
2.021804426e+21
2.095664446e+21
1.883088993e+21
1.769874442e+21
2.209481589e+21
2.094759398e+21
1.980041945e+21
1.958801828e+21
1.847540133e+21
2.001781437e+21
1.891845123e+21
2.041714724e+21
1.9331195e+21
1.995619041e+21
1.971528506e+21
1.95056529e+21
2.00723509e+21
1.986022743e+21
1.961922073e+21
1.941343044e+21
1.994465585e+21
2.049639208e+21
2.024726807e+21
2.078097072e+21
1.906219225e+21
1.814234573e+21
2.078980085e+21
1.987085808e+21
2.033139398e+21
2.082341374e+21
1.98863619e+21
2.104932422e+21
1.811287614e+21
2.125945605e+21
1.969226043e+21
2.015464519e+21
1.927242146e+21
1.972773396e+21
1.949452695e+21
1.931410971e+21
1.90874846e+21
1.891349914e+21
2.050247421e+21
2.151361647e+21
2.067492964e+21
1.873564427e+21
2.025837154e+21
1.950811959e+21
1.985546666e+21
1.968499266e+21
1.633844071e+21
2.041286962e+21
2.174883074e+21
2.036941379e+21
2.032944268e+21
2.029914128e+21
2.024329502e+21
2.154951332e+21
1.744756164e+21
1.874210552e+21
2.266199524e+21
2.259259814e+21
1.983661907e+21
1.712995042e+21
2.096563087e+21
2.087917885e+21
2.07501306e+21
1.807198148e+21
2.051415948e+21
2.168376334e+21
2.025940757e+21
1.888557192e+21
1.99876277e+21
2.234767092e+21
1.970060888e+21
2.201630191e+21
1.94001512e+21
2.28745706e+21
1.789504e+21
1.657657627e+21
1.759316107e+21
2.094457455e+21
1.958808299e+21
1.942539366e+21
2.036148014e+21
1.682086647e+21
1.664751486e+21
2.089708037e+21
1.850033491e+21
2.048439596e+21
1.813120063e+21
1.795734094e+21
1.776113303e+21
1.862077835e+21
1.943741842e+21
2.025434138e+21
1.802441225e+21
2.081238719e+21
2.057654042e+21
1.93918363e+21
1.916999349e+21
1.896719439e+21
1.874795069e+21
2.133051866e+21
1.741509792e+21
2.08558993e+21
1.971410779e+21
2.038918243e+21
1.927120536e+21
1.993101883e+21
1.883672319e+21
2.032899314e+21
1.924801314e+21
1.987035728e+21
1.963075218e+21
2.023129909e+21
1.998655879e+21
1.977536184e+21
2.031701964e+21
1.855746598e+21
1.833216167e+21
1.965333761e+21
1.94146151e+21
1.9953737e+21
1.898140422e+21
2.095591807e+21
2.141563684e+21
1.978671428e+21
1.884913533e+21
1.935293236e+21
2.116790291e+21
2.23125244e+21
1.937224393e+21
1.984637454e+21
2.026249656e+21
1.877447929e+21
2.047009271e+21
1.9010394e+21
2.00379292e+21
2.109324644e+21
1.900626584e+21
1.761797948e+21
1.981457878e+21
1.963669659e+21
1.941011619e+21
1.982147909e+21
2.017142555e+21
1.999572772e+21
1.920507926e+21
1.960024065e+21
1.896583074e+21
2.031042128e+21
2.299223572e+21
2.161842844e+21
1.887912107e+21
1.615800942e+21
2.282773503e+21
2.010173711e+21
1.736058481e+21
1.731667218e+21
2.254937818e+21
2.380277446e+21
2.105429564e+21
1.966753917e+21
1.955836223e+21
1.817928065e+21
1.935776682e+21
1.669884616e+21
2.168984871e+21
1.777011044e+21
2.01609995e+21
1.879395588e+21
1.740470754e+21
2.34754407e+21
2.328216407e+21
2.312803311e+21
1.810087475e+21
2.036923646e+21
2.018491573e+21
1.649813529e+21
1.867767774e+21
2.200424152e+21
2.179017412e+21
2.388404062e+21
2.02668982e+21
1.89752479e+21
1.657071174e+21
1.970605509e+21
1.624902695e+21
2.253707749e+21
1.91103679e+21
1.892725644e+21
2.080098147e+21
2.265599008e+21
1.935011279e+21
1.814714323e+21
2.292840139e+21
1.874631778e+21
2.146075614e+21
1.737532156e+21
2.099400481e+21
1.888363657e+21
2.146559966e+21
2.123706751e+21
1.825172117e+21
1.986217762e+21
2.052075194e+21
2.030075583e+21
2.006013366e+21
1.984497272e+21
2.046076173e+21
2.024159701e+21
1.916554408e+21
1.978525934e+21
2.036139699e+21
1.933915501e+21
1.910543706e+21
1.969121845e+21
1.945268074e+21
2.0788552e+21
1.901514044e+21
1.881742262e+21
1.933256046e+21
2.060530349e+21
1.962827109e+21
1.942833237e+21
2.061450585e+21
1.97032801e+21
2.016006611e+21
2.133616169e+21
1.903885146e+21
1.8178775e+21
1.929061103e+21
1.844520557e+21
1.952617818e+21
2.127394711e+21
2.102066152e+21
1.956112021e+21
1.870612353e+21
2.038627101e+21
2.014675051e+21
1.935815027e+21
1.973041834e+21
1.896076862e+21
1.815607783e+21
2.089806498e+21
1.893749567e+21
1.99103038e+21
1.968513615e+21
2.007382145e+21
2.021903907e+21
1.751446332e+21
2.018602546e+21
1.613292696e+21
1.87850427e+21
1.741730886e+21
2.004194958e+21
2.000180897e+21
1.993208174e+21
2.120716363e+21
1.847824989e+21
1.97376238e+21
1.964115307e+21
2.218014228e+21
1.816490349e+21
1.938231666e+21
1.926321889e+21
1.789562877e+21
1.9045092e+21
2.021011393e+21
1.755559998e+21
1.995010606e+21
1.855827086e+21
1.84442884e+21
1.951236064e+21
1.93833257e+21
2.041692258e+21
1.908016575e+21
1.890794646e+21
1.876620935e+21
1.975202928e+21
1.959589411e+21
1.826420056e+21
2.037689828e+21
2.129392371e+21
1.999870222e+21
1.979353682e+21
2.070547396e+21
2.156654844e+21
1.922952864e+21
2.008066266e+21
1.884163941e+21
1.967199453e+21
2.050379499e+21
2.0277461e+21
1.806610944e+21
1.984915028e+21
2.160993477e+21
2.136598115e+21
2.018178485e+21
2.090183328e+21
2.16209335e+21
1.672582037e+21
1.838646228e+21
1.998970033e+21
2.06748973e+21
1.954372239e+21
1.845543266e+21
1.997384684e+21
1.975966637e+21
2.037312804e+21
1.931515956e+21
1.99135082e+21
1.970088718e+21
1.946384263e+21
1.925696743e+21
1.981715606e+21
1.882347656e+21
1.937046654e+21
1.993401082e+21
1.893496106e+21
2.023712641e+21
1.92511965e+21
2.12513853e+21
1.882186525e+21
2.006321814e+21
2.052796223e+21
2.10220142e+21
1.869096455e+21
1.987587076e+21
1.895898253e+21
2.011388202e+21
2.05344676e+21
2.03357605e+21
2.074046205e+21
1.990067415e+21
1.966366569e+21
1.88505138e+21
1.800644547e+21
1.968525042e+21
1.884588436e+21
1.987885625e+21
1.964696981e+21
1.947059418e+21
1.982865632e+21
2.080943963e+21
1.88569104e+21
1.982560666e+21
1.96010621e+21
1.943290729e+21
1.877731709e+21
2.010857894e+21
2.008578956e+21
2.006604473e+21
2.002703282e+21
2.26635788e+21
1.861325332e+21
1.857601147e+21
2.115594703e+21
1.846472468e+21
2.232746886e+21
1.964056624e+21
2.215083855e+21
2.077315954e+21
2.194968384e+21
1.800191326e+21
2.044756274e+21
2.289694736e+21
1.642591763e+21
2.011248269e+21
2.121496281e+21
1.613158284e+21
1.846949828e+21
2.202742077e+21
2.18470266e+21
1.929129528e+21
2.151576106e+21
1.780325906e+21
1.999536471e+21
2.218040941e+21
1.96598936e+21
1.720997694e+21
1.704334912e+21
2.140945532e+21
2.231149569e+21
1.880088333e+21
1.970305444e+21
1.844140528e+21
1.932176251e+21
2.339621754e+21
2.314642545e+21
2.084088163e+21
1.958385363e+21
2.245326991e+21
2.119655277e+21
1.898500702e+21
1.877327681e+21
1.858066829e+21
2.127203957e+21
2.00931467e+21
2.081046755e+21
2.246245233e+21
2.035380533e+21
1.922193948e+21
1.899856775e+21
2.058556935e+21
1.945962939e+21
2.100123531e+21
2.07530078e+21
2.053052899e+21
1.944098175e+21
2.006903986e+21
1.982891269e+21
1.961723156e+21
1.938144771e+21
1.997445361e+21
2.052286811e+21
2.030606417e+21
2.006050212e+21
1.985012798e+21
1.885545502e+21
1.865940368e+21
1.917051453e+21
1.970284625e+21
2.018487396e+21
1.997924491e+21
2.114704368e+21
1.953850497e+21
1.792350488e+21
1.842778538e+21
2.090261457e+21
2.002983349e+21
1.978902615e+21
2.025075998e+21
1.936287393e+21
2.109597765e+21
2.084465698e+21
1.877157794e+21
1.916756017e+21
1.960269393e+21
1.997745949e+21
2.039518635e+21
1.89713689e+21
2.056365851e+21
2.032564109e+21
1.957036488e+21
1.991500855e+21
1.974162706e+21
2.007535181e+21
1.990317342e+21
2.268827119e+21
1.734126745e+21
2.131898049e+21
1.996691988e+21
1.992821899e+21
1.989863873e+21
2.249051264e+21
2.112523081e+21
2.105203772e+21
1.837407998e+21
2.091119439e+21
2.084742245e+21
1.81528682e+21
1.937989519e+21
1.798837886e+21
2.17533471e+21
1.780507587e+21
1.898859067e+21
1.886175843e+21
2.251776396e+21
1.862946469e+21
2.222923744e+21
1.960700899e+21
1.826891726e+21
1.811969619e+21
1.800012622e+21
2.0224867e+21
2.24448968e+21
1.756051586e+21
1.742914739e+21
1.95686135e+21
1.713020551e+21
2.035769049e+21
1.794600308e+21
1.776742405e+21
1.871489724e+21
2.288229479e+21
2.051734932e+21
1.816584878e+21
2.329063939e+21
1.67581811e+21
2.282219896e+21
1.949649906e+21
1.727297687e+21
1.808795282e+21
2.188534787e+21
1.869059561e+21
1.849893653e+21
2.117892045e+21
2.000528374e+21
2.071989709e+21
2.143292117e+21
1.842337322e+21
1.913881871e+21
2.16191639e+21
1.604113825e+21
1.937625696e+21
1.916871374e+21
1.722041837e+21
2.044302796e+21
2.020009355e+21
1.915119905e+21
1.97450329e+21
1.953428339e+21
1.929974744e+21
2.14815041e+21
2.043662489e+21
2.022075167e+21
1.997642968e+21
2.128748261e+21
1.95276784e+21
1.932464068e+21
1.835625579e+21
2.034730154e+21
1.938286984e+21
1.918540126e+21
2.105900358e+21
1.945714659e+21
2.059491802e+21
1.971043367e+21
1.880123826e+21
1.7951836e+21
1.904978873e+21
2.016646708e+21
2.121046605e+21
1.973488641e+21
1.949970958e+21
1.931641042e+21
2.093470491e+21
1.830077531e+21
1.989387641e+21
1.911515018e+21
2.007254149e+21
1.989234729e+21
2.024015525e+21
2.063442506e+21
2.039757818e+21
1.90966886e+21
1.999033735e+21
1.981893282e+21
1.726447735e+21
1.991070889e+21
1.988827479e+21
1.854418491e+21
2.115240051e+21
2.24410997e+21
2.106381965e+21
1.970789802e+21
1.833050112e+21
1.959034382e+21
1.950872172e+21
2.074590598e+21
2.3226086e+21
1.671442458e+21
2.173741054e+21
2.037482677e+21
2.151637484e+21
1.637764146e+21
1.877140892e+21
1.867502152e+21
1.85406986e+21
2.089437282e+21
1.829447679e+21
1.939464146e+21
2.043892834e+21
1.910983149e+21
2.249844521e+21
1.998841098e+21
2.213985127e+21
2.197439188e+21
2.062395222e+21
2.046140421e+21
2.139001861e+21
1.786375208e+21
1.989719706e+21
1.972555843e+21
1.952454892e+21
1.934958613e+21
1.914787969e+21
1.897037168e+21
2.08540924e+21
2.06548595e+21
1.736677081e+21
2.225414535e+21
2.000904711e+21
2.178891343e+21
2.056744367e+21
1.938728489e+21
1.916964823e+21
1.991818584e+21
1.969237923e+21
1.94844719e+21
2.109557392e+21
1.996386199e+21
1.883567044e+21
1.597242469e+21
1.929359589e+21
2.082217944e+21
2.057674798e+21
1.950809171e+21
2.011467387e+21
1.98993999e+21
1.966185977e+21
1.945203372e+21
2.001951361e+21
1.980681596e+21
2.035110348e+21
1.858721817e+21
1.912794133e+21
1.892736779e+21
2.019430361e+21
1.998433788e+21
1.974236113e+21
2.026273069e+21
1.787261794e+21
1.769052655e+21
1.887452415e+21
2.214452909e+21
2.187688744e+21
1.96287436e+21
2.006072829e+21
1.920169866e+21
1.962501235e+21
2.008287299e+21
1.984235451e+21
2.028699261e+21
1.87923412e+21
2.04772403e+21
1.900815555e+21
1.883215225e+21
1.92106568e+21
1.963035959e+21
1.940080643e+21
1.980926895e+21
2.015538548e+21
1.940646059e+21
1.918343645e+21
2.013509243e+21
1.935309434e+21
1.97354023e+21
1.982300355e+21
1.849234521e+21
2.242976257e+21
2.240779004e+21
2.236461979e+21
2.101787307e+21
1.834097083e+21
2.222674952e+21
1.824134503e+21
1.94951084e+21
1.811985006e+21
2.193570921e+21
2.054565782e+21
2.047227916e+21
1.781525211e+21
2.154417036e+21
1.88940861e+21
2.00606299e+21
2.117284363e+21
1.982516777e+21
2.091314433e+21
1.834889312e+21
2.184984492e+21
1.689039298e+21
2.393306817e+21
2.139792054e+21
1.885777973e+21
1.872510046e+21
1.971762054e+21
1.611680858e+21
1.938857275e+21
1.69728608e+21
1.793032896e+21
1.889364231e+21
1.540534309e+21
2.181795671e+21
2.159611513e+21
2.03326124e+21
1.800310072e+21
1.783633519e+21
2.179935636e+21
1.953493379e+21
1.830704885e+21
2.215590165e+21
1.892509059e+21
2.070726489e+21
1.950252528e+21
1.930274872e+21
2.004078375e+21
1.983184307e+21
2.054110084e+21
1.940048525e+21
1.82652628e+21
2.078183104e+21
1.7862157e+21
1.943858559e+21
1.92116371e+21
1.986988364e+21
2.048973607e+21
1.85810575e+21
2.002997357e+21
1.981565085e+21
1.957938441e+21
1.937047379e+21
1.9138396e+21
2.051300983e+21
2.026629485e+21
2.00522593e+21
1.904844354e+21
2.111055952e+21
1.936572881e+21
2.06385642e+21
2.111699237e+21
1.945818637e+21
2.420629981e+21
1.973149049e+21
1.949276412e+21
2.067476325e+21
1.974411853e+21
2.089584704e+21
1.997796138e+21
2.110064022e+21
2.019548812e+21
2.129028967e+21
1.912297574e+21
2.020318773e+21
1.9338465e+21
1.977460015e+21
2.076132499e+21
1.996410029e+21
1.913094891e+21
2.07336842e+21
1.932011705e+21
1.972688166e+21
2.007132281e+21
1.989393174e+21
2.022688678e+21
1.949390345e+21
1.98224504e+21
1.965257295e+21
2.10415008e+21
1.840224868e+21
1.969460673e+21
1.83636465e+21
1.832837325e+21
2.091571398e+21
1.694825939e+21
1.821559552e+21
1.685640544e+21
2.198756705e+21
2.189650022e+21
2.054581042e+21
2.044686516e+21
1.655380453e+21
2.026277992e+21
1.639612254e+21
2.131120322e+21
2.121289917e+21
1.983283409e+21
1.726481021e+21
2.44875736e+21
1.947989136e+21
1.933092402e+21
1.921282729e+21
2.382139035e+21
2.12982185e+21
1.759717425e+21
1.863838941e+21
2.078126038e+21
2.062626274e+21
1.929978903e+21
1.802161858e+21
2.007985459e+21
1.88078346e+21
1.862194992e+21
2.063354643e+21
2.257412362e+21
1.917614451e+21
1.68685321e+21
1.984597136e+21
1.75689164e+21
2.047212878e+21
1.923904936e+21
1.804788128e+21
1.7850616e+21
1.963506531e+21
2.330130288e+21
1.633610459e+21
1.995419168e+21
1.786565081e+21
1.580447878e+21
1.839735192e+21
2.091530407e+21
2.159281645e+21
1.778623124e+21
1.935602608e+21
1.999993403e+21
1.892563843e+21
2.040345696e+21
2.01849435e+21
1.99459836e+21
1.973260378e+21
1.949759808e+21
1.928959494e+21
1.985284144e+21
2.042764747e+21
2.17346663e+21
1.996906174e+21
1.896960382e+21
2.027236779e+21
1.928575719e+21
1.908524389e+21
1.957960863e+21
1.937797776e+21
1.701647027e+21
2.175565112e+21
1.941261224e+21
2.127606017e+21
2.101904781e+21
2.013866707e+21
2.055907044e+21
1.90438631e+21
2.076127459e+21
2.120276275e+21
2.094875776e+21
2.074882466e+21
1.863758574e+21
1.78469252e+21
1.945948945e+21
1.988175571e+21
1.845652785e+21
1.946811813e+21
1.807402965e+21
2.080077548e+21
2.055904296e+21
1.981131656e+21
1.958309101e+21
1.996735342e+21
1.973955999e+21
1.957043595e+21
2.093946378e+21
1.962109909e+21
2.221240431e+21
1.696935421e+21
2.214819609e+21
2.08145432e+21
1.946124862e+21
1.812766626e+21
1.806560961e+21
1.673307017e+21
1.922765748e+21
1.789130275e+21
1.780539078e+21
2.027648813e+21
1.764542607e+21
1.631804209e+21
1.996242614e+21
1.738663422e+21
2.467397361e+21
1.841075806e+21
1.949803121e+21
1.575315284e+21
1.924061541e+21
2.151359162e+21
2.133967492e+21
1.766620104e+21
2.218685359e+21
2.087153744e+21
2.298435892e+21
2.053178791e+21
2.260213496e+21
2.130328167e+21
2.109941582e+21
1.762146144e+21
1.853817244e+21
1.945977535e+21
2.033292803e+21
2.015117252e+21
2.099205046e+21
1.871810716e+21
2.263596108e+21
2.038197053e+21
2.217916929e+21
1.796890398e+21
2.172241105e+21
1.857219142e+21
2.22337703e+21
2.104945583e+21
2.081445634e+21
2.05976403e+21
2.129106228e+21
2.015060194e+21
1.62988588e+21
1.881340212e+21
1.948204305e+21
1.927416489e+21
1.818389129e+21
1.970261286e+21
2.031790142e+21
2.010035737e+21
1.986269507e+21
1.96502499e+21
1.941649217e+21
2.000977987e+21
2.056136344e+21
1.877814703e+21
2.087181062e+21
1.98865517e+21
1.964707058e+21
1.944108497e+21
1.846773398e+21
1.973778677e+21
2.02214284e+21
1.858367111e+21
2.047728335e+21
1.956970656e+21
1.864264836e+21
1.913837759e+21
1.823198838e+21
1.93876863e+21
2.113542365e+21
2.027390847e+21
2.196856356e+21
2.111595255e+21
1.959852968e+21
1.878528575e+21
1.794245458e+21
1.899949856e+21
2.059079333e+21
1.920008496e+21
1.956642302e+21
1.938799893e+21
1.974136358e+21
1.898872998e+21
1.990528369e+21
1.97293847e+21
1.894463796e+21
1.933217962e+21
1.965735993e+21
2.057170394e+21
1.823361017e+21
1.952642567e+21
2.340560892e+21
1.81865895e+21
1.94484242e+21
2.200899309e+21
2.065890241e+21
2.061780779e+21
1.66947909e+21
1.921487797e+21
2.29629126e+21
1.907769174e+21
1.772059007e+21
1.89187409e+21
2.132494747e+21
1.998855603e+21
1.738462972e+21
1.977668971e+21
1.84185038e+21
2.076756769e+21
1.819393513e+21
1.809183173e+21
1.675725335e+21
2.141368906e+21
2.124101924e+21
2.227388578e+21
1.976017266e+21
1.962156406e+21
1.601557723e+21
2.157362872e+21
1.91246388e+21
2.343906564e+21
2.100429502e+21
1.644576738e+21
2.279753255e+21
1.93727655e+21
1.917706854e+21
1.900578459e+21
1.880933702e+21
1.863550333e+21
1.946339115e+21
2.029260291e+21
2.00749059e+21
2.186630706e+21
1.572961922e+21
1.84917733e+21
1.828787858e+21
1.714815579e+21
1.789911574e+21
1.957724849e+21
1.93568629e+21
1.915281405e+21
1.983643302e+21
1.962585401e+21
2.028174479e+21
2.0065402e+21
2.069442117e+21
1.791393966e+21
2.023306038e+21
2.001647721e+21
1.978009922e+21
1.956858057e+21
1.933605824e+21
2.072400053e+21
1.968892161e+21
1.94798428e+21
1.924620928e+21
1.904300068e+21
1.881386616e+21
2.010595606e+21
1.839209536e+21
2.038498458e+21
1.94195176e+21
1.779585934e+21
2.180014778e+21
2.018586989e+21
1.925426982e+21
1.90603107e+21
2.017519437e+21
1.864282891e+21
2.236486942e+21
1.953993224e+21
2.059200847e+21
2.039258211e+21
2.077784421e+21
1.933225545e+21
1.971771552e+21
1.892188876e+21
1.990343924e+21
2.031663583e+21
2.066722117e+21
1.813832214e+21
2.081675607e+21
1.948378094e+21
2.038966976e+21
1.852537757e+21
1.886635417e+21
1.980238609e+21
1.957584163e+21
1.940820462e+21
1.684989321e+21
2.202368301e+21
2.199921829e+21
1.80993352e+21
1.806487606e+21
2.061510972e+21
2.184509979e+21
2.308413866e+21
2.428366647e+21
1.657348296e+21
2.031438695e+21
2.025280112e+21
1.889634993e+21
1.882913119e+21
2.122426591e+21
1.989426599e+21
1.853883438e+21
1.845358198e+21
1.955449724e+21
1.945461182e+21
2.052382974e+21
2.040876946e+21
2.263672606e+21
2.01305595e+21
2.114327155e+21
1.86707646e+21
2.08268307e+21
2.412769886e+21
1.822030998e+21
1.695450918e+21
1.903825044e+21
2.000002371e+21
1.870897244e+21
2.073796921e+21
1.729210235e+21
1.928653028e+21
1.378875509e+21
2.102414967e+21
2.080729291e+21
2.267665322e+21
1.937829387e+21
2.020401555e+21
2.098707976e+21
1.682339361e+21
1.859828388e+21
1.841204861e+21
2.108457856e+21
1.707466491e+21
1.782276704e+21
1.949383007e+21
2.019260849e+21
1.99798304e+21
2.065060296e+21
2.13197813e+21
1.844039192e+21
1.911250236e+21
1.889064879e+21
2.038761897e+21
1.930938639e+21
1.910274028e+21
1.969818745e+21
1.948758729e+21
2.005863329e+21
1.984475066e+21
2.117661042e+21
2.017577054e+21
1.916732006e+21
2.048215888e+21
2.098538663e+21
1.92821494e+21
1.831707381e+21
1.957677151e+21
1.862413686e+21
2.055914293e+21
2.101114106e+21
2.010378814e+21
2.054578214e+21
2.033879796e+21
2.143284721e+21
1.923024404e+21
2.030873288e+21
1.881191571e+21
1.922663083e+21
1.904040672e+21
1.881220818e+21
1.801151899e+21
1.841017331e+21
1.945281077e+21
1.9221685e+21
2.142408855e+21
2.058286972e+21
1.864700385e+21
2.073159443e+21
1.940407339e+21
1.917791287e+21
1.956753734e+21
1.989393319e+21
1.972092042e+21
2.057805202e+21
2.040187638e+21
1.805930467e+21
2.062911305e+21
1.674258721e+21
1.801291415e+21
1.669452502e+21
2.179912049e+21
2.174111524e+21
1.786889913e+21
2.162432163e+21
1.903249091e+21
1.769093841e+21
1.763735729e+21
1.504576202e+21
2.373779738e+21
1.863929169e+21
1.732575368e+21
1.968223898e+21
1.714284247e+21
2.067991169e+21
1.936412718e+21
1.922706391e+21
2.031434486e+21
1.897468239e+21
1.768053487e+21
1.63694373e+21
1.858536126e+21
1.842844197e+21
2.173057297e+21
2.040508823e+21
2.250387301e+21
2.006750015e+21
1.769798512e+21
2.191221409e+21
2.064546573e+21
1.829130262e+21
1.813433387e+21
1.900792554e+21
2.093158327e+21
2.071612837e+21
1.949871172e+21
2.030940786e+21
1.810457846e+21
2.189136244e+21
1.872140254e+21
1.656903944e+21
1.929790359e+21
2.194879039e+21
1.794634575e+21
2.054923535e+21
2.125979757e+21
1.919335589e+21
2.079986755e+21
2.05638519e+21
1.94611061e+21
1.923776249e+21
1.98978058e+21
1.88120707e+21
1.861096826e+21
2.006548631e+21
1.985079972e+21
1.96169513e+21
2.021589761e+21
1.997622203e+21
2.134431288e+21
2.187100889e+21
2.086600107e+21
1.985263793e+21
1.888756017e+21
2.015351804e+21
2.141945817e+21
1.897236827e+21
2.021936521e+21
1.783520674e+21
1.906364862e+21
1.953098895e+21
1.795109145e+21
2.114475633e+21
2.025650581e+21
1.934498785e+21
1.981290821e+21
1.82692199e+21
2.002797802e+21
1.914888757e+21
1.833128255e+21
2.060969694e+21
1.979433903e+21
2.139153034e+21
2.058486775e+21
1.854546248e+21
1.955905995e+21
1.932782093e+21
1.915154975e+21
1.950006415e+21
2.046178096e+21
2.022306448e+21
2.004439408e+21
1.98124005e+21
1.964012229e+21
1.941481667e+21
2.085269424e+21
1.797339568e+21
2.053099615e+21
1.666300657e+21
1.6646792e+21
2.172767616e+21
2.169567804e+21
1.909245525e+21
1.778427735e+21
1.899011236e+21
2.39939469e+21
1.760758124e+21
1.630042443e+21
1.996681846e+21
1.989593014e+21
1.731530557e+21
1.847655908e+21
1.959058295e+21
2.193825957e+21
2.058406681e+21
2.409310043e+21
2.033455786e+21
2.022078998e+21
2.124862216e+21
1.994616793e+21
2.211436439e+21
1.618814371e+21
1.949146659e+21
2.049368358e+21
1.918465443e+21
1.904225471e+21
1.886779413e+21
1.872006513e+21
2.290548459e+21
2.055378382e+21
1.713926339e+21
2.124038078e+21
1.997582736e+21
2.188181983e+21
2.268833512e+21
2.145734393e+21
2.022138138e+21
2.002914112e+21
1.783397417e+21
2.060308591e+21
1.94095546e+21
2.113695613e+21
1.900470748e+21
1.881061867e+21
2.0462324e+21
2.024954158e+21
2.00227593e+21
2.161301349e+21
1.869714608e+21
2.114156185e+21
1.915769129e+21
1.981505323e+21
2.043724758e+21
2.021883155e+21
1.998273589e+21
1.976898523e+21
2.035039837e+21
2.013291207e+21
1.909870578e+21
1.889512447e+21
1.944805519e+21
1.924161079e+21
1.901146603e+21
2.031565065e+21
2.081519556e+21
1.912579144e+21
1.962236009e+21
2.013756063e+21
1.918423022e+21
1.968986263e+21
2.084166439e+21
1.99416111e+21
1.902154095e+21
2.01748769e+21
1.993147278e+21
1.973310855e+21
2.144489121e+21
1.866039776e+21
2.097894753e+21
1.951657205e+21
2.052663975e+21
1.9714547e+21
2.069650641e+21
1.92958117e+21
1.90663516e+21
2.007031966e+21
1.924957483e+21
1.90740098e+21
1.999214055e+21
2.037875178e+21
2.014077869e+21
1.996284729e+21
1.973153339e+21
1.955998354e+21
2.04094765e+21
2.023482985e+21
2.172150736e+21
2.298803419e+21
2.041129708e+21
2.16659226e+21
2.162502947e+21
2.159321268e+21
2.40697454e+21
1.896477137e+21
1.764073659e+21
2.136733822e+21
1.877679206e+21
1.996803168e+21
2.111559522e+21
2.104070051e+21
1.723469649e+21
1.961665881e+21
1.949977661e+21
2.06235229e+21
1.687338161e+21
1.918565973e+21
2.262254561e+21
1.776008193e+21
1.762635037e+21
2.102318799e+21
1.737946067e+21
2.071898689e+21
1.940351455e+21
1.700112347e+21
2.022206332e+21
1.449652014e+21
1.878370549e+21
1.754048847e+21
1.846042206e+21
1.6154931e+21
2.346279735e+21
2.220443201e+21
2.19820302e+21
1.659909957e+21
1.745574878e+21
2.136429425e+21
1.912740894e+21
2.293425935e+21
2.071707778e+21
2.149175546e+21
1.932683279e+21
1.913362792e+21
2.081661805e+21
2.0604129e+21
2.037614472e+21
1.92477863e+21
2.175152916e+21
1.883225796e+21
1.861925571e+21
2.017633296e+21
1.821108915e+21
1.973298611e+21
1.950489854e+21
2.013548155e+21
1.99006652e+21
1.968784237e+21
2.026715903e+21
2.005060504e+21
1.902087792e+21
1.960224848e+21
2.091859635e+21
1.916348975e+21
1.969186505e+21
1.948402218e+21
2.22119261e+21
2.344438097e+21
1.954328788e+21
1.790751368e+21
2.052240099e+21
1.891027732e+21
1.937408404e+21
1.917662055e+21
1.894520987e+21
1.942410646e+21
2.051325339e+21
1.965394913e+21
1.941717915e+21
2.114907459e+21
1.899527204e+21
1.943826859e+21
1.796615849e+21
2.08626079e+21
1.940079324e+21
1.981882926e+21
1.958304827e+21
2.05774637e+21
1.801002276e+21
2.072410384e+21
1.93424485e+21
2.02963937e+21
2.005915982e+21
1.988196132e+21
1.965132373e+21
2.0021621e+21
1.925641918e+21
1.962200378e+21
2.034743618e+21
2.033753597e+21
2.031519199e+21
1.649006618e+21
2.025726878e+21
1.896327408e+21
2.017413428e+21
2.265096302e+21
2.382891638e+21
2.251837348e+21
2.118103041e+21
2.11170598e+21
2.101736828e+21
2.094289309e+21
1.838017978e+21
2.318693119e+21
1.94098082e+21
1.811334962e+21
1.799560396e+21
2.267846408e+21
1.777830444e+21
1.885763929e+21
2.105550033e+21
1.7439815e+21
2.191450982e+21
2.177135851e+21
1.818009665e+21
1.918151656e+21
1.901334457e+21
1.887248126e+21
1.760034169e+21
2.073705918e+21
2.162239179e+21
2.037284134e+21
2.017455926e+21
2.000186196e+21
2.188635453e+21
2.169164655e+21
1.840262912e+21
1.722022942e+21
1.804283814e+21
2.085013133e+21
1.669935448e+21
2.140011394e+21
1.92448131e+21
1.905253446e+21
1.978658663e+21
2.144992049e+21
1.936838428e+21
2.099258862e+21
1.805067604e+21
1.964682608e+21
1.765905869e+21
1.834551014e+21
1.986314711e+21
1.965159599e+21
2.026932039e+21
2.005281593e+21
1.981926589e+21
1.960736289e+21
1.937721396e+21
1.996896825e+21
1.973300186e+21
1.952272613e+21
1.929072516e+21
1.98494405e+21
1.961245117e+21
2.015182784e+21
2.064774277e+21
1.897194887e+21
2.018577078e+21
1.997592135e+21
1.903051408e+21
1.953208797e+21
2.136406318e+21
1.841775178e+21
2.156513024e+21
2.06806962e+21
2.109038606e+21
2.088045041e+21
2.191824408e+21
2.042626325e+21
2.018067715e+21
1.936059094e+21
2.097956364e+21
1.833457254e+21
1.992699652e+21
1.914132656e+21
2.00956029e+21
1.873825919e+21
1.909496798e+21
1.949415592e+21
1.983119796e+21
1.965317922e+21
1.997819978e+21
1.980172818e+21
2.011542365e+21
1.940165211e+21
1.97109131e+21
1.954232563e+21
1.898625409e+21
2.277243752e+21
2.274748613e+21
1.641280473e+21
2.268277245e+21
2.139115835e+21
1.882490434e+21
1.878766453e+21
2.122125898e+21
1.743271651e+21
2.35629277e+21
1.854618097e+21
1.968945975e+21
2.329846028e+21
1.829540265e+21
2.186533336e+21
1.932066618e+21
2.163629139e+21
2.030178958e+21
2.257491161e+21
1.887727649e+21
2.229172219e+21
1.979579156e+21
1.967582843e+21
2.066772416e+21
1.825142052e+21
1.696762094e+21
1.684929265e+21
2.226921392e+21
2.099916292e+21
1.752259474e+21
2.064560219e+21
1.82983585e+21
1.921600378e+21
1.902938006e+21
1.886661939e+21
1.764074465e+21
1.954086135e+21
2.035932115e+21
2.118059514e+21
1.896373047e+21
1.878381113e+21
1.858462671e+21
2.034064832e+21
1.820531229e+21
1.992073176e+21
1.876520889e+21
1.950253773e+21
1.928749361e+21
1.908717885e+21
1.797570574e+21
2.045463416e+21
1.934471083e+21
2.000976065e+21
1.892142764e+21
1.786905932e+21
2.018638743e+21
1.913870854e+21
1.973852977e+21
2.034118614e+21
1.929859837e+21
1.90924738e+21
1.965323929e+21
2.099935409e+21
1.998153131e+21
1.976950078e+21
1.953367523e+21
1.932753645e+21
1.836162738e+21
1.889595197e+21
2.010507853e+21
1.98960709e+21
1.965659742e+21
2.014893593e+21
1.990609722e+21
1.970319294e+21
2.0136826e+21
2.059835336e+21
1.903711703e+21
2.07973551e+21
1.862060239e+21
1.97092042e+21
1.884410156e+21
1.803943283e+21
1.905225887e+21
2.00877028e+21
1.924612205e+21
1.906500791e+21
2.001537754e+21
1.924667206e+21
1.959491312e+21
1.998724e+21
2.031602863e+21
1.84558537e+21
1.989789063e+21
1.972214e+21
1.949284498e+21
1.932344375e+21
1.910058537e+21
1.998932686e+21
1.889762207e+21
2.014768765e+21
1.886781704e+21
2.136280664e+21
1.881425931e+21
1.628176787e+21
1.748822069e+21
2.368710469e+21
2.112283018e+21
1.611247754e+21
1.975070012e+21
2.09218568e+21
1.837379185e+21
2.319115531e+21
1.821140399e+21
1.813752427e+21
1.8030318e+21
2.153747419e+21
1.902062096e+21
2.01067952e+21
1.99662973e+21
1.985503166e+21
1.970664304e+21
1.843514014e+21
1.943210518e+21
2.15766399e+21
1.801821861e+21
2.012926761e+21
1.773653371e+21
2.420738723e+21
1.962622309e+21
2.055494836e+21
2.036172902e+21
1.806926141e+21
1.789414689e+21
2.191562551e+21
1.75646268e+21
2.048071461e+21
2.128563317e+21
1.80770787e+21
1.987677604e+21
1.870390343e+21
1.947993789e+21
2.218366271e+21
2.003698683e+21
1.605853351e+21
2.14897186e+21
1.942105211e+21
2.012190797e+21
1.900787605e+21
1.969149118e+21
2.037010908e+21
1.92651175e+21
2.079391476e+21
1.713087525e+21
1.949081345e+21
2.010413034e+21
1.98895044e+21
1.965844874e+21
1.944836182e+21
1.922061811e+21
1.901536597e+21
1.957411894e+21
1.936560149e+21
1.990135704e+21
1.817557141e+21
1.79589504e+21
1.850983887e+21
2.048296272e+21
2.243990024e+21
1.859466964e+21
1.698587682e+21
2.097693523e+21
2.006885104e+21
1.98270901e+21
2.030170559e+21
2.005698065e+21
1.919300793e+21
2.157707777e+21
1.877289492e+21
2.046545792e+21
1.963109e+21
2.064635654e+21
1.796791667e+21
2.142530221e+21
2.000801313e+21
1.976876098e+21
2.017612639e+21
1.934944341e+21
1.917012805e+21
1.951684985e+21
2.047639495e+21
1.911074521e+21
2.005326571e+21
1.981822456e+21
2.07344773e+21
1.94145603e+21
1.924586338e+21
1.95520441e+21
1.938489495e+21
2.257177646e+21
1.754732566e+21
2.128424559e+21
1.876203883e+21
1.623008812e+21
2.119285033e+21
1.616390914e+21
2.109567965e+21
1.978852728e+21
1.727182715e+21
1.597357098e+21
1.837553152e+21
1.828949582e+21
1.94398604e+21
2.41708975e+21
2.166564094e+21
2.034136715e+21
1.905738269e+21
1.775105901e+21
1.648361327e+21
2.338389047e+21
1.627759432e+21
2.423436301e+21
2.064667424e+21
2.275937942e+21
1.921946715e+21
1.68172086e+21
1.892683634e+21
2.20729887e+21
2.081441315e+21
1.845471487e+21
2.154219702e+21
2.134013609e+21
2.222388349e+21
2.096091342e+21
1.974282671e+21
1.85179373e+21
1.631428936e+21
2.018548733e+21
2.00000268e+21
1.781320691e+21
1.764442678e+21
2.133759015e+21
2.016937296e+21
2.090316628e+21
2.069465929e+21
2.046975562e+21
2.026120861e+21
1.821687854e+21
1.983062138e+21
2.139314162e+21
2.028627969e+21
1.831407754e+21
1.98459162e+21
1.876712962e+21
2.025537888e+21
2.002254091e+21
1.98088421e+21
1.957901489e+21
1.936982442e+21
2.073853763e+21
2.130623827e+21
2.027545841e+21
2.005950315e+21
1.905944575e+21
1.885724765e+21
2.086862262e+21
1.991098833e+21
2.040155504e+21
2.018775253e+21
2.137030079e+21
2.114814637e+21
2.019742999e+21
1.930011059e+21
2.111068749e+21
1.954738966e+21
1.931184047e+21
2.043561931e+21
1.888682737e+21
1.869877669e+21
1.974766542e+21
1.892283149e+21
2.056485003e+21
2.036551226e+21
2.073093036e+21
2.053286092e+21
1.849721327e+21
1.95052501e+21
1.810475971e+21
2.083002595e+21
2.001115334e+21
1.982860445e+21
2.015443003e+21
1.997351229e+21
1.973919387e+21
2.010833618e+21
1.933690189e+21
2.129878163e+21
2.105250389e+21
1.878531274e+21
1.87228176e+21
1.871376653e+21
2.243211122e+21
1.743032753e+21
1.864059542e+21
2.109506878e+21
1.856474841e+21
2.223374509e+21
1.96975874e+21
1.964856115e+21
1.956969248e+21
1.951080432e+21
1.699223841e+21
1.814169755e+21
1.92487462e+21
1.677445492e+21
2.263147723e+21
1.897113173e+21
2.002714957e+21
1.992565664e+21
2.095107252e+21
1.967706997e+21
2.297733333e+21
2.055464365e+21
2.039252702e+21
2.02598275e+21
1.897539776e+21
1.884343919e+21
1.977855047e+21
2.290464694e+21
1.729342121e+21
1.930358677e+21
2.23100654e+21
2.107405099e+21
2.295774038e+21
2.069259597e+21
1.946309134e+21
2.030575928e+21
2.009967887e+21
2.290240799e+21
1.970884064e+21
2.147444363e+21
2.12480072e+21
2.199765167e+21
2.270829561e+21
2.060841191e+21
2.223800583e+21
2.10944026e+21
2.17700862e+21
1.885123108e+21
1.864220965e+21
1.932474017e+21
1.997641972e+21
2.062434373e+21
2.039009506e+21
1.84920909e+21
1.911071058e+21
1.972883142e+21
1.950022039e+21
2.089957866e+21
1.9066533e+21
1.96489623e+21
1.941777413e+21
1.997942525e+21
1.822423688e+21
2.253865246e+21
1.930109919e+21
1.836294692e+21
1.81435642e+21
1.938970833e+21
2.057635622e+21
1.825599697e+21
2.219893958e+21
2.059714765e+21
2.034925087e+21
1.8799015e+21
2.056248042e+21
1.969859296e+21
1.946127817e+21
1.990974084e+21
1.903551646e+21
1.759186218e+21
1.86218041e+21
1.905599087e+21
1.943468899e+21
1.924898491e+21
2.020735256e+21
1.942839968e+21
1.977849925e+21
1.959518096e+21
1.936257452e+21
1.918593504e+21
2.007459095e+21
1.989439074e+21
1.966079099e+21
1.948716833e+21
1.925986228e+21
1.962290538e+21
1.939571558e+21
1.922998049e+21
2.2363947e+21
1.862762735e+21
1.612644266e+21
1.85894604e+21
1.979195754e+21
2.09981854e+21
1.847962035e+21
1.844319261e+21
1.960747954e+21
1.955872043e+21
1.704537374e+21
1.578026133e+21
1.812320308e+21
1.926323376e+21
1.916157124e+21
1.908405601e+21
2.015789694e+21
2.006601159e+21
1.993724673e+21
1.983630575e+21
1.738123936e+21
2.304621187e+21
1.601266547e+21
2.160028706e+21
2.030241604e+21
2.017042698e+21
2.000332743e+21
2.207149855e+21
1.969217222e+21
1.846100315e+21
1.614220911e+21
1.815215394e+21
1.798262059e+21
1.783579417e+21
2.285932703e+21
1.957383203e+21
1.938018349e+21
1.920842786e+21
1.601167749e+21
1.983096554e+21
2.060722924e+21
1.846820811e+21
2.115917331e+21
2.000095791e+21
1.696044598e+21
1.959002224e+21
2.030062336e+21
1.918063023e+21
1.987393735e+21
2.05618607e+21
1.945014534e+21
2.099548584e+21
2.076023938e+21
1.968473315e+21
2.030763027e+21
2.009166556e+21
1.986133276e+21
1.964946448e+21
1.942205755e+21
2.001524717e+21
2.057294762e+21
1.957055697e+21
2.011415596e+21
1.989998415e+21
1.890831599e+21
1.945607865e+21
1.996421509e+21
1.975360152e+21
1.807202292e+21
1.931326288e+21
1.978865931e+21
2.098173473e+21
1.865678921e+21
1.914849622e+21
1.891813955e+21
1.805651169e+21
1.982119913e+21
2.02754364e+21
1.938506076e+21
1.983175002e+21
2.02250425e+21
1.877459891e+21
2.040375247e+21
1.959363362e+21
2.11733768e+21
2.037186567e+21
1.716805635e+21
2.052501019e+21
1.912134616e+21
2.066629738e+21
1.98535934e+21
2.02345377e+21
1.888452737e+21
1.871501058e+21
2.012698093e+21
1.941008373e+21
1.971630727e+21
1.954506032e+21
1.931848503e+21
1.967110882e+21
1.978796522e+21
2.101458121e+21
2.34614903e+21
2.343885131e+21
2.585815148e+21
1.967264739e+21
1.962162072e+21
2.080691125e+21
2.073807935e+21
1.946969754e+21
2.423996554e+21
1.933372313e+21
1.924393126e+21
2.157313342e+21
2.026738121e+21
1.781070747e+21
2.242826765e+21
1.997601039e+21
2.101568552e+21
2.207101764e+21
2.076473428e+21
1.950227009e+21
1.935793632e+21
1.81093529e+21
2.133604781e+21
1.896615577e+21
2.102226442e+21
1.867883047e+21
1.960654518e+21
2.162453099e+21
1.928693296e+21
1.807382448e+21
1.895863905e+21
1.98486369e+21
1.96578783e+21
2.05162263e+21
2.132934517e+21
1.812039094e+21
2.192325534e+21
1.974750222e+21
2.052090514e+21
2.032684778e+21
2.011330279e+21
1.8969334e+21
1.970529874e+21
2.136705855e+21
2.021710101e+21
1.910180696e+21
1.889296794e+21
1.780680652e+21
2.025150632e+21
1.916762517e+21
1.895318786e+21
2.045751597e+21
1.938308692e+21
2.001079732e+21
1.978169824e+21
1.957073356e+21
2.015054043e+21
2.153021905e+21
2.049114031e+21
2.027248586e+21
2.003446335e+21
1.905881951e+21
1.958699218e+21
1.937926978e+21
1.91491011e+21
2.113330694e+21
2.016116884e+21
2.066241175e+21
1.759920056e+21
1.950620668e+21
2.064866531e+21
1.771118032e+21
2.086325138e+21
1.998439722e+21
2.237634335e+21
1.759031097e+21
1.930943802e+21
2.03916055e+21
2.077572167e+21
1.994810678e+21
1.909238003e+21
1.95171685e+21
1.928293766e+21
1.909864575e+21
2.004939932e+21
2.102891059e+21
1.962367091e+21
2.0013578e+21
1.921071906e+21
2.015518328e+21
1.991679552e+21
1.97380134e+21
2.004766784e+21
1.98706512e+21
1.963837704e+21
1.946783046e+21
1.976191754e+21
1.959313111e+21
1.846659149e+21
1.968822004e+21
1.966698804e+21
2.210403345e+21
1.838602872e+21
1.713522923e+21
1.953246405e+21
1.827565054e+21
1.942971462e+21
2.180416654e+21
1.809779756e+21
1.684058468e+21
2.035456132e+21
2.028289955e+21
1.78027208e+21
1.773083529e+21
2.232802522e+21
1.988681293e+21
1.975984097e+21
2.312939603e+21
2.067280262e+21
2.055814901e+21
1.927267938e+21
1.915655343e+21
1.900653102e+21
1.999397222e+21
2.093070991e+21
1.859759989e+21
2.060619621e+21
2.045449751e+21
2.133770612e+21
1.905476626e+21
2.097506203e+21
2.080408524e+21
2.060455458e+21
1.83862477e+21
1.921646887e+21
1.904641692e+21
2.08389044e+21
1.96647385e+21
1.848908208e+21
2.120609005e+21
1.812229968e+21
1.983533211e+21
1.868960523e+21
1.942875123e+21
2.104945689e+21
1.721185472e+21
1.881599172e+21
1.862104546e+21
2.104637254e+21
1.99577501e+21
2.059284806e+21
1.952614718e+21
2.014468575e+21
1.993057745e+21
1.970269976e+21
1.949263103e+21
1.926759674e+21
1.906191704e+21
1.883998249e+21
1.94156086e+21
1.918788437e+21
2.050232769e+21
2.101071179e+21
1.85606394e+21
1.980761152e+21
2.105043766e+21
2.15167436e+21
1.774274646e+21
1.963415546e+21
2.081792157e+21
1.919698379e+21
1.899924533e+21
1.877088986e+21
1.990661391e+21
2.032263612e+21
2.011774513e+21
1.987554977e+21
1.967758717e+21
2.132212167e+21
1.924962632e+21
1.963166958e+21
2.126391955e+21
1.860769888e+21
1.961886443e+21
1.879656008e+21
2.036516305e+21
1.897224567e+21
1.936594914e+21
2.026130936e+21
1.951876971e+21
1.983882441e+21
1.966074301e+21
1.996897738e+21
2.032760357e+21
2.008973774e+21
1.88671218e+21
2.071984266e+21
1.90021963e+21
2.083376538e+21
1.959882985e+21
1.835413958e+21
1.955889554e+21
1.952289202e+21
1.949440202e+21
2.187462819e+21
2.061875128e+21
2.055091266e+21
2.170581862e+21
2.041854194e+21
2.035731664e+21
1.787935759e+21
1.900423087e+21
1.890472047e+21
2.000523311e+21
2.105874461e+21
1.746918398e+21
1.967231679e+21
1.957299729e+21
1.943825464e+21
1.705636634e+21
1.918817013e+21
1.795073947e+21
1.89236433e+21
2.101283629e+21
1.645259163e+21
2.396327063e+21
1.835764437e+21
1.92945364e+21
1.912164932e+21
2.213545301e+21
1.775287638e+21
1.864406445e+21
1.64138801e+21
1.932569584e+21
2.014278362e+21
1.996466525e+21
2.07517994e+21
2.154093219e+21
1.841227444e+21
1.919829373e+21
1.994720622e+21
1.881289868e+21
2.140482834e+21
2.027049344e+21
2.096356044e+21
2.075047749e+21
1.963200403e+21
1.854556106e+21
1.92146439e+21
2.074150291e+21
2.05101606e+21
2.029336545e+21
2.006419014e+21
1.902387326e+21
2.044201014e+21
2.022411397e+21
1.919128398e+21
1.89864637e+21
2.189326688e+21
1.933905088e+21
2.064145609e+21
2.117813019e+21
1.943350489e+21
2.070649231e+21
2.046097663e+21
2.024517382e+21
1.857517439e+21
1.979444542e+21
2.095479081e+21
2.073697049e+21
1.843951795e+21
1.960139931e+21
2.003370136e+21
1.916845262e+21
1.763180702e+21
1.939337009e+21
1.979861385e+21
1.770449127e+21
1.936551592e+21
2.041220928e+21
1.955566894e+21
2.057639078e+21
2.032938392e+21
2.013505156e+21
2.106412544e+21
1.970656468e+21
2.061661529e+21
1.929072574e+21
1.962185132e+21
1.944281806e+21
1.976146142e+21
2.012807735e+21
1.989090225e+21
2.024813752e+21
2.001095429e+21
1.983721945e+21
2.012235572e+21
2.046212185e+21
2.317953764e+21
1.829085723e+21
1.827123367e+21
1.825365602e+21
1.94348219e+21
1.940648512e+21
2.177612943e+21
1.811112505e+21
2.166203704e+21
2.040788981e+21
2.152278375e+21
2.026617535e+21
1.898616259e+21
1.655450773e+21
1.999691612e+21
1.757322093e+21
1.980070949e+21
1.855132856e+21
1.958556455e+21
2.063305522e+21
2.049135991e+21
1.811370993e+21
1.798061061e+21
2.122355829e+21
1.551650915e+21
2.202286445e+21
2.184207644e+21
2.169087057e+21
1.612839538e+21
2.454846572e+21
2.115562811e+21
1.889241918e+21
2.079716938e+21
2.269070997e+21
1.532316054e+21
2.025723783e+21
1.905549706e+21
2.087523351e+21
1.968135195e+21
1.852621124e+21
2.123127635e+21
2.198683217e+21
1.986518244e+21
1.873564461e+21
2.131733187e+21
2.110536274e+21
1.815509754e+21
1.886917694e+21
2.044142067e+21
2.022979915e+21
2.000728771e+21
1.979744357e+21
2.042813452e+21
2.02122741e+21
1.998433528e+21
1.977205188e+21
1.954658069e+21
1.933828131e+21
1.911557334e+21
2.048757245e+21
1.947074614e+21
2.08041421e+21
1.827611996e+21
2.109524119e+21
1.861313441e+21
2.062570386e+21
1.96534457e+21
1.800571865e+21
2.134969445e+21
2.042181645e+21
1.809047087e+21
1.996809164e+21
1.972882289e+21
1.885230309e+21
1.929112594e+21
2.10697064e+21
2.016582437e+21
2.060643902e+21
1.844986666e+21
1.763620881e+21
2.053542526e+21
2.094965915e+21
2.008901243e+21
1.989416613e+21
2.084654979e+21
1.887748922e+21
1.981704578e+21
1.905305578e+21
1.93959207e+21
1.978126342e+21
2.0104253e+21
1.992081108e+21
1.968469945e+21
1.950800312e+21
1.927793702e+21
1.963851955e+21
2.098188036e+21
2.079974047e+21
2.055742355e+21
1.885331465e+21
1.943176931e+21
1.942246271e+21
1.940167827e+21
1.817159205e+21
1.692909995e+21
2.052681751e+21
2.047415188e+21
1.802996817e+21
2.276322293e+21
2.031666277e+21
2.142679869e+21
2.017584652e+21
1.772040698e+21
2.11898219e+21
2.225051791e+21
1.982818791e+21
2.319221385e+21
2.077828606e+21
2.064660786e+21
2.168381458e+21
2.040182772e+21
2.141615695e+21
2.014025897e+21
2.446796054e+21
2.096707891e+21
1.644583652e+21
1.848595161e+21
1.727820482e+21
1.927135628e+21
1.912985488e+21
2.21190369e+21
1.985740523e+21
1.656747986e+21
1.951390128e+21
2.136239396e+21
2.01723553e+21
1.797728045e+21
1.781854172e+21
1.861977909e+21
2.039158601e+21
1.729947584e+21
2.094436061e+21
2.072591762e+21
2.052492467e+21
1.753827863e+21
2.010565607e+21
1.988977302e+21
1.879288765e+21
1.947396119e+21
1.927243315e+21
1.906078584e+21
2.057556747e+21
1.949898018e+21
2.013182825e+21
1.990511353e+21
1.88731589e+21
1.946944528e+21
1.926201948e+21
1.983381012e+21
1.96222239e+21
1.93945339e+21
1.995524182e+21
1.972190929e+21
1.951207002e+21
2.076566627e+21
1.981177396e+21
1.957725922e+21
1.865337177e+21
1.984932954e+21
2.174581407e+21
2.079307609e+21
1.989104434e+21
1.761977649e+21
1.945038393e+21
2.054222049e+21
2.164454053e+21
1.749628088e+21
1.988575433e+21
2.02802737e+21
1.882334038e+21
1.98366613e+21
1.902778206e+21
1.879900009e+21
1.921718447e+21
2.135973959e+21
1.939255744e+21
2.032139815e+21
2.013000673e+21
2.045771388e+21
1.970501912e+21
2.002663436e+21
1.984389361e+21
1.960853152e+21
1.99723119e+21
2.026999014e+21
2.009105488e+21
1.933272074e+21
1.968289011e+21
2.047716515e+21
1.877974528e+21
1.813567034e+21
2.054393065e+21
1.931482524e+21
2.291433268e+21
2.046485936e+21
1.682888289e+21
1.798480777e+21
2.034280677e+21
1.908368246e+21
1.903646843e+21
1.896148085e+21
1.772322293e+21
1.881811926e+21
1.992410667e+21
2.098649758e+21
2.090206086e+21
1.847230208e+21
1.72392786e+21
1.827231567e+21
2.045285747e+21
1.918457036e+21
2.132309917e+21
2.116715277e+21
1.993270659e+21
2.087682206e+21
2.074184125e+21
1.948957574e+21
2.043016563e+21
2.132149128e+21
1.799031028e+21
2.097663121e+21
2.185495098e+21
2.062226881e+21
2.25001805e+21
2.228612118e+21
1.908377211e+21
2.08863786e+21
1.380138994e+21
1.951885656e+21
2.127455732e+21
1.818563329e+21
1.991043149e+21
2.157963178e+21
2.044132685e+21
1.930581815e+21
1.820385332e+21
2.071002642e+21
2.13911003e+21
1.939589016e+21
2.00677581e+21
2.071066595e+21
1.963969178e+21
2.026603503e+21
2.005202021e+21
1.982651741e+21
1.96160282e+21
1.939291627e+21
1.998578831e+21
1.975617722e+21
2.032728277e+21
2.086442922e+21
1.987747619e+21
1.964528864e+21
1.943629495e+21
2.068524971e+21
1.900414614e+21
2.166851237e+21
2.072535921e+21
1.836052326e+21
2.166206071e+21
2.071315113e+21
2.118111274e+21
2.092758216e+21
1.870761633e+21
1.914327471e+21
2.090820567e+21
2.065694352e+21
1.98096085e+21
2.209667283e+21
2.125147157e+21
2.037829215e+21
1.956641644e+21
2.05393545e+21
1.734890909e+21
1.950478287e+21
1.931827755e+21
2.082188375e+21
1.947988567e+21
1.868091334e+21
1.962936032e+21
1.994961277e+21
1.976756784e+21
1.953295077e+21
1.989532976e+21
1.912893813e+21
1.948675494e+21
2.029874905e+21
1.909065869e+21
1.937765444e+21
1.971792339e+21
1.925843727e+21
1.924924147e+21
2.283413631e+21
2.041094574e+21
1.797685819e+21
2.034414314e+21
2.148588455e+21
2.025245932e+21
2.018653494e+21
1.895212596e+21
2.241722838e+21
1.999758315e+21
1.990615868e+21
1.633584491e+21
1.857277609e+21
2.081038118e+21
1.9541017e+21
1.830824784e+21
2.274098668e+21
1.696994481e+21
2.022509013e+21
1.899602064e+21
2.107593631e+21
2.094952414e+21
1.859919799e+21
1.956605326e+21
1.940650519e+21
1.713112388e+21
1.910802314e+21
1.896796073e+21
1.775502426e+21
1.865402011e+21
1.745552951e+21
1.935073191e+21
2.017579096e+21
2.100494191e+21
2.179045946e+21
1.865309917e+21
2.138247203e+21
1.926111244e+21
1.811132107e+21
1.982918725e+21
1.962310917e+21
1.94330251e+21
1.922785784e+21
1.813043451e+21
2.152369293e+21
1.952986606e+21
1.756222055e+21
1.998770716e+21
1.976888911e+21
2.041226598e+21
2.018594617e+21
1.83084389e+21
1.974853953e+21
2.035305848e+21
2.012186096e+21
1.911128616e+21
1.967914968e+21
2.180561903e+21
2.232290702e+21
1.903876376e+21
2.032192491e+21
2.010576408e+21
1.986954453e+21
1.747463759e+21
2.086565537e+21
1.850989522e+21
2.040046389e+21
1.879456937e+21
2.132163287e+21
2.041936533e+21
1.815757453e+21
1.86361026e+21
2.104297459e+21
1.952660643e+21
1.800588976e+21
2.164378975e+21
1.949673556e+21
1.930246606e+21
2.030062393e+21
1.949182449e+21
1.985925679e+21
1.966658121e+21
2.060797509e+21
1.982773314e+21
1.959001605e+21
1.997622986e+21
1.973731976e+21
1.955428029e+21
1.932114852e+21
1.969182696e+21
1.999844906e+21
1.928329179e+21
1.905529907e+21
1.941174887e+21
2.022037534e+21
1.901697133e+21
1.879462527e+21
1.913794583e+21
2.276784926e+21
1.557057481e+21
1.794696687e+21
2.032040427e+21
1.789719981e+21
1.906260688e+21
1.901408712e+21
2.016291083e+21
1.773304459e+21
1.533067864e+21
2.349323607e+21
1.873847299e+21
2.098465254e+21
2.091115972e+21
1.733587825e+21
2.071950223e+21
2.288936471e+21
2.050720919e+21
2.264244033e+21
1.914934774e+21
2.125663494e+21
2.113938883e+21
2.319450291e+21
1.976186392e+21
2.396682273e+21
1.948265814e+21
1.717701313e+21
2.025699066e+21
1.902739043e+21
1.88880369e+21
1.976060597e+21
2.063987242e+21
1.94277712e+21
2.028438551e+21
2.009217069e+21
1.992192287e+21
2.071430125e+21
2.053178503e+21
1.935902242e+21
1.918236739e+21
2.088565799e+21
1.974860335e+21
2.047437735e+21
2.21194447e+21
2.006245437e+21
2.076624637e+21
1.965114937e+21
1.768350165e+21
1.924161108e+21
1.990829233e+21
1.969068043e+21
1.948443414e+21
2.010648783e+21
1.906535884e+21
1.967117261e+21
2.027338297e+21
2.004338442e+21
1.903680072e+21
2.038682927e+21
1.861798316e+21
1.916943533e+21
1.896514344e+21
1.949381961e+21
2.151186186e+21
2.052627074e+21
2.030875726e+21
2.006895135e+21
1.985736465e+21
2.172403394e+21
1.941617063e+21
1.918478843e+21
2.169757692e+21
2.009825636e+21
2.055425498e+21
2.030785688e+21
1.750710538e+21
1.857810198e+21
1.7756564e+21
1.942269892e+21
2.109003721e+21
1.961071078e+21
1.881099288e+21
1.918432484e+21
2.137295159e+21
1.994309736e+21
1.975236377e+21
2.008947607e+21
1.933164143e+21
2.022390198e+21
2.003633734e+21
1.979733333e+21
1.961666428e+21
1.938352385e+21
1.97431322e+21
2.056407687e+21
1.881468777e+21
1.910965043e+21
1.94558466e+21
2.024010647e+21
1.956581753e+21
2.266720205e+21
1.90790827e+21
1.786769062e+21
1.785058458e+21
2.138189312e+21
1.897853311e+21
2.366294278e+21
1.889331835e+21
2.000914895e+21
1.761155946e+21
2.339029966e+21
1.749039025e+21
2.321444831e+21
1.734991162e+21
2.186322551e+21
2.177549209e+21
1.937164026e+21
2.268712801e+21
2.141750716e+21
2.130996309e+21
1.782345631e+21
2.326436993e+21
1.759649829e+21
2.077073257e+21
1.952588312e+21
1.832219474e+21
2.03114967e+21
2.017149945e+21
1.578952947e+21
1.880878378e+21
1.86423696e+21
1.849840207e+21
1.73105603e+21
2.121029693e+21
1.900877867e+21
2.281579471e+21
1.86646242e+21
2.044768148e+21
2.024408713e+21
2.005947677e+21
2.080100446e+21
2.15418786e+21
1.946497821e+21
2.019456996e+21
1.99820877e+21
1.88846273e+21
1.957287546e+21
1.849380116e+21
2.003654228e+21
1.896735363e+21
2.046583108e+21
1.940772221e+21
2.002765258e+21
1.981634805e+21
1.959440952e+21
2.019432884e+21
1.996551763e+21
2.133325534e+21
2.10890332e+21
1.931874659e+21
2.138702624e+21
1.96477739e+21
1.792519165e+21
1.921246034e+21
1.898714455e+21
1.950849976e+21
1.927832985e+21
2.048806387e+21
2.024509673e+21
1.865144957e+21
1.979445349e+21
1.958871055e+21
1.868721194e+21
1.849470294e+21
1.957830923e+21
2.131649848e+21
2.042238133e+21
2.021639244e+21
2.122172785e+21
1.915639191e+21
1.953653348e+21
1.813531299e+21
1.911174198e+21
1.892628251e+21
1.928325395e+21
2.025631713e+21
1.944153091e+21
2.039120705e+21
2.014714784e+21
1.996028247e+21
1.972206208e+21
2.062774394e+21
1.930966446e+21
1.966790331e+21
1.943497853e+21
1.874282178e+21
1.955093143e+21
2.040139469e+21
1.965824439e+21
1.999040126e+21
2.019192068e+21
1.780793107e+21
2.253287478e+21
2.132651643e+21
1.773998231e+21
1.771424784e+21
1.649143612e+21
1.881051173e+21
1.640603992e+21
1.987249417e+21
2.212384828e+21
1.973601725e+21
1.964647639e+21
1.727451779e+21
1.718565783e+21
2.168122186e+21
1.815345715e+21
2.145985278e+21
2.020309909e+21
2.010174235e+21
1.885644868e+21
1.875262573e+21
2.190204599e+21
2.068247633e+21
2.052343368e+21
2.039120382e+21
1.916148875e+21
2.008672682e+21
1.991637998e+21
1.977075923e+21
1.547067983e+21
2.046840296e+21
2.129520434e+21
1.810518714e+21
1.893064287e+21
2.074631373e+21
2.054503612e+21
2.036426413e+21
2.016187393e+21
2.092947256e+21
1.883366764e+21
2.145504029e+21
2.123323266e+21
2.102789243e+21
1.990236233e+21
1.880937336e+21
1.772292967e+21
2.017484551e+21
2.082520033e+21
1.975134093e+21
1.953610493e+21
1.933161196e+21
1.994943313e+21
1.97390169e+21
1.951824321e+21
1.931125329e+21
2.147931379e+21
1.888955819e+21
1.86735641e+21
1.924433835e+21
1.978314018e+21
2.032516559e+21
2.008869413e+21
2.06112201e+21
2.18246966e+21
1.799456152e+21
1.920501846e+21
1.970636944e+21
1.877738017e+21
1.995705241e+21
2.039950262e+21
2.086038927e+21
2.06112237e+21
2.039889093e+21
2.015456296e+21
1.994900331e+21
1.780220159e+21
2.076952799e+21
2.114174818e+21
2.031541826e+21
1.946291522e+21
1.92714224e+21
1.72547338e+21
2.062257743e+21
1.979266212e+21
2.017989957e+21
1.99377801e+21
1.918563646e+21
2.00709741e+21
1.933244717e+21
1.964736104e+21
1.946804724e+21
1.977070929e+21
1.906369837e+21
1.936101552e+21
1.86715027e+21
1.94763094e+21
1.981546075e+21
2.008509329e+21
1.891819323e+21
1.892088736e+21
2.363988237e+21
1.771122084e+21
1.769429665e+21
1.766240484e+21
1.7636804e+21
1.876508153e+21
1.87284278e+21
2.100160938e+21
2.094986206e+21
2.08683985e+21
2.196214759e+21
2.071208618e+21
2.293303517e+21
2.281535958e+21
2.158776433e+21
2.033489066e+21
2.136773171e+21
1.899908103e+21
2.001583915e+21
1.656720401e+21
1.977127861e+21
1.962833577e+21
1.95110213e+21
1.936131921e+21
1.923668432e+21
1.802111983e+21
2.105543551e+21
2.296497418e+21
2.176096554e+21
1.848790459e+21
2.140291881e+21
1.918774147e+21
2.103585998e+21
2.182995944e+21
1.770986901e+21
1.851272844e+21
1.834995086e+21
2.103653177e+21
2.084494351e+21
1.875794506e+21
1.858165155e+21
1.930937543e+21
1.821213513e+21
1.982327061e+21
2.051897555e+21
1.853553882e+21
1.922150442e+21
1.901474008e+21
1.96737896e+21
1.94597237e+21
2.009331791e+21
1.987182228e+21
2.048154893e+21
2.025277785e+21
1.923653362e+21
1.901912168e+21
2.116888625e+21
1.937695375e+21
1.91705011e+21
1.970748201e+21
2.024747222e+21
2.001213566e+21
2.126601188e+21
1.884287971e+21
1.936031805e+21
1.842366022e+21
2.17351293e+21
1.870641763e+21
2.125278827e+21
2.099998805e+21
1.944096415e+21
1.722174827e+21
2.097763753e+21
1.878337539e+21
1.987398562e+21
1.900213474e+21
1.943746228e+21
1.98234062e+21
1.962581887e+21
1.878391689e+21
1.979902909e+21
1.956096816e+21
1.995811622e+21
2.087819193e+21
2.067845804e+21
1.986278798e+21
1.967561843e+21
1.943994713e+21
1.980989184e+21
1.957322376e+21
1.993331831e+21
1.916362151e+21
1.899160778e+21
1.980890018e+21
1.96340979e+21
1.99128405e+21
1.923398129e+21
2.050868554e+21
1.934200849e+21
2.001573697e+21
2.000624955e+21
1.880960974e+21
1.996613107e+21
1.758550291e+21
1.873070332e+21
2.101896301e+21
1.981249821e+21
1.974883923e+21
2.317672646e+21
2.193249081e+21
1.841450213e+21
1.947708646e+21
2.169252665e+21
1.930975425e+21
2.036378752e+21
1.912300992e+21
2.015658772e+21
1.891815273e+21
2.103792631e+21
1.979635886e+21
2.07813039e+21
1.954553468e+21
2.15875736e+21
2.035118827e+21
1.915606747e+21
2.111283659e+21
1.991930133e+21
1.871155176e+21
1.85749653e+21
2.148023267e+21
2.029975907e+21
2.112052252e+21
1.895450228e+21
1.976450802e+21
2.155728078e+21
2.231932579e+21
2.116133355e+21
1.999943464e+21
1.981740839e+21
1.868282894e+21
1.85073454e+21
2.106417022e+21
2.08606858e+21
2.064229617e+21
2.043785536e+21
2.110009189e+21
1.914592953e+21
1.980122339e+21
1.959684489e+21
2.022671731e+21
1.918116838e+21
1.979481296e+21
2.040224089e+21
1.936767329e+21
1.916238993e+21
1.97355055e+21
2.030662389e+21
1.93028494e+21
1.833333915e+21
2.114258497e+21
2.091742132e+21
1.993615851e+21
1.972425033e+21
1.94935496e+21
1.785839645e+21
1.976598378e+21
1.885916561e+21
1.932621125e+21
1.912380365e+21
1.822159229e+21
2.137150188e+21
2.111649477e+21
2.024585797e+21
2.06488423e+21
1.91608355e+21
2.01930863e+21
1.874003675e+21
1.78977627e+21
2.016340403e+21
2.112833046e+21
2.03226883e+21
1.830671264e+21
2.046824152e+21
1.848892181e+21
2.002878124e+21
2.035373954e+21
2.016192748e+21
1.881365601e+21
1.973554317e+21
1.949964387e+21
1.985837804e+21
2.015206007e+21
1.997117482e+21
2.025340159e+21
2.007468723e+21
1.932876131e+21
2.117810917e+21
1.893581464e+21
1.926853899e+21
1.992879308e+21
1.874763335e+21
2.106896126e+21
1.637134022e+21
1.867655225e+21
1.864952549e+21
1.976533657e+21
1.97267899e+21
2.082024841e+21
1.961519443e+21
1.609119331e+21
1.948120551e+21
2.05342752e+21
1.932584615e+21
2.035817515e+21
1.464432603e+21
1.792145446e+21
2.230088638e+21
1.994602336e+21
2.205135188e+21
2.080793928e+21
1.960452966e+21
2.162603249e+21
2.042215104e+21
2.133278446e+21
1.907612351e+21
2.207634575e+21
1.983663088e+21
2.173992759e+21
1.747062832e+21
1.833597823e+21
2.223812246e+21
2.203588293e+21
2.384487866e+21
2.263689373e+21
2.146988059e+21
1.932977371e+21
1.820204197e+21
2.08677256e+21
2.067791736e+21
1.953872763e+21
1.935531273e+21
2.006844264e+21
1.897128652e+21
2.056091081e+21
2.035737405e+21
2.101736466e+21
1.907094659e+21
1.972400728e+21
1.95204997e+21
1.846922875e+21
1.993755265e+21
1.971839821e+21
2.032354468e+21
1.929325615e+21
2.067955023e+21
1.887360768e+21
1.945095432e+21
1.84601373e+21
1.826353292e+21
2.031011505e+21
2.158228749e+21
1.838958897e+21
2.037744432e+21
2.157783531e+21
2.063765717e+21
1.898839202e+21
2.01799956e+21
2.131662131e+21
1.973251403e+21
1.882573452e+21
2.062614909e+21
2.103758585e+21
1.951954773e+21
1.864317646e+21
1.972563021e+21
1.886043239e+21
1.929248966e+21
2.090538582e+21
2.008824685e+21
1.804251764e+21
2.084244415e+21
2.059183536e+21
2.097456337e+21
2.014684106e+21
2.052418386e+21
1.971448351e+21
1.897071788e+21
1.984587013e+21
1.96617505e+21
1.996624331e+21
1.924929647e+21
2.060475201e+21
2.041980416e+21
2.0177194e+21
1.999916237e+21
2.077601895e+21
1.908886103e+21
1.936055058e+21
1.968782103e+21
1.86753894e+21
1.866656263e+21
1.748158789e+21
1.746492955e+21
2.092042882e+21
1.972961379e+21
2.19954848e+21
1.848641877e+21
1.612390694e+21
2.18286553e+21
2.17444152e+21
2.167980937e+21
1.931059248e+21
1.811134186e+21
1.801908711e+21
2.243385711e+21
2.007611148e+21
2.220637215e+21
1.986177917e+21
2.086039449e+21
2.07204637e+21
2.060677248e+21
1.938201072e+21
1.926646688e+21
1.911960946e+21
1.79414638e+21
1.88442649e+21
2.079436189e+21
1.752655804e+21
1.842228942e+21
2.028994176e+21
2.114056502e+21
1.995112683e+21
1.979001785e+21
1.96046519e+21
1.943926021e+21
1.925206785e+21
2.194560507e+21
1.889484944e+21
1.872309458e+21
1.853438718e+21
1.836050182e+21
1.81719815e+21
1.979628614e+21
2.137060663e+21
2.027752411e+21
1.919067662e+21
1.986002818e+21
2.050162544e+21
2.029017083e+21
2.007038824e+21
1.986057215e+21
2.046101163e+21
1.94356351e+21
2.082102607e+21
1.980812925e+21
1.958508592e+21
1.937687731e+21
1.91563282e+21
2.046853829e+21
2.248146953e+21
1.927651124e+21
1.978592188e+21
2.030069308e+21
1.863054662e+21
1.985118982e+21
1.891726513e+21
2.079767658e+21
1.918177546e+21
2.169245408e+21
1.87555305e+21
2.054923368e+21
2.030428746e+21
1.944687487e+21
2.241672627e+21
1.901833548e+21
2.066940787e+21
1.860078512e+21
1.837744275e+21
2.001364787e+21
1.857472337e+21
1.898519124e+21
1.875691309e+21
2.03161985e+21
2.007198432e+21
1.987990939e+21
1.907998271e+21
1.945603099e+21
1.977195336e+21
1.95885076e+21
2.042936083e+21
1.91774679e+21
2.052770709e+21
2.086507852e+21
2.061698231e+21
1.890244962e+21
2.019308631e+21
1.951756952e+21
2.126573887e+21
2.108462194e+21
2.091933715e+21
2.09094638e+21
2.088763334e+21
2.086774753e+21
2.198776681e+21
1.61781048e+21
1.72903548e+21
2.070802464e+21
1.949521555e+21
1.715940983e+21
1.709335406e+21
1.931495524e+21
2.601490544e+21
1.916145744e+21
2.130692323e+21
1.898797525e+21
1.999130921e+21
2.211265567e+21
1.86794523e+21
1.858614247e+21
2.063372053e+21
1.512044323e+21
2.251814895e+21
1.918630542e+21
1.904037512e+21
2.312226985e+21
2.085177038e+21
2.277964717e+21
1.950821741e+21
1.936616041e+21
1.818652847e+21
1.804674619e+21
1.887677851e+21
1.970995656e+21
2.343082755e+21
1.936108109e+21
1.821623504e+21
1.900684047e+21
1.976062487e+21
2.237841449e+21
1.753799499e+21
2.011674544e+21
1.991054032e+21
1.971850719e+21
2.040005028e+21
2.1076485e+21
2.085384115e+21
1.978285305e+21
1.87204387e+21
1.936958006e+21
1.832703253e+21
1.978418382e+21
1.956732507e+21
2.016795961e+21
2.074163475e+21
2.052196136e+21
1.951073271e+21
2.007549688e+21
1.908389858e+21
2.114642037e+21
2.239678736e+21
1.994254898e+21
2.04417106e+21
1.877990942e+21
1.99885844e+21
1.977692566e+21
1.954469388e+21
2.072007904e+21
2.047539014e+21
1.891024209e+21
2.002055157e+21
2.113330558e+21
1.82713336e+21
1.937474113e+21
2.105747628e+21
1.894787736e+21
2.059291057e+21
1.914966357e+21
1.891977896e+21
1.933537056e+21
1.850602382e+21
1.891495706e+21
1.810353745e+21
1.966270603e+21
1.942631946e+21
2.03721946e+21
2.012747374e+21
1.993774663e+21
2.024576807e+21
2.005791414e+21
2.035341899e+21
2.069835451e+21
2.04512362e+21
1.922830024e+21
1.899948714e+21
1.883186604e+21
1.961452021e+21
2.044164431e+21
1.921505936e+21
2.002843857e+21
1.8515233e+21
1.734984994e+21
1.964268286e+21
2.077835213e+21
1.958907411e+21
1.610888971e+21
2.065978767e+21
1.832852445e+21
1.827022662e+21
1.936447232e+21
1.929011271e+21
2.036423611e+21
1.802063136e+21
1.795793636e+21
1.898358407e+21
1.557117377e+21
2.101317703e+21
2.091874054e+21
1.750702914e+21
2.068583387e+21
1.730332683e+21
2.151068237e+21
2.028904469e+21
1.910680825e+21
2.106866086e+21
2.093360629e+21
1.97278683e+21
2.062388014e+21
2.249625546e+21
2.334768703e+21
2.012523718e+21
2.096920674e+21
1.880060628e+21
2.159359448e+21
2.139209697e+21
1.735517545e+21
2.100836701e+21
1.98777114e+21
1.968228396e+21
1.67173669e+21
2.022711423e+21
1.912676861e+21
1.893103925e+21
1.874854899e+21
1.94370576e+21
1.924491973e+21
1.990748699e+21
2.056306999e+21
1.949593048e+21
2.013390468e+21
1.991645713e+21
1.970838085e+21
1.949265327e+21
2.009105696e+21
1.986812171e+21
1.965775403e+21
1.943694192e+21
1.846118705e+21
2.053297579e+21
1.88096539e+21
1.859395062e+21
2.133943284e+21
1.891060181e+21
1.942930812e+21
2.062527957e+21
2.111058758e+21
2.016745713e+21
2.133116034e+21
1.903948255e+21
2.018583314e+21
1.928156312e+21
2.039711104e+21
1.950408592e+21
2.059001658e+21
1.970825939e+21
2.076573332e+21
1.740834447e+21
1.907904062e+21
2.006618386e+21
1.866209377e+21
1.90325993e+21
2.120089569e+21
2.036414131e+21
1.959021486e+21
2.049318241e+21
1.973323431e+21
2.00531656e+21
1.986412345e+21
2.017091941e+21
1.998374803e+21
1.92107744e+21
2.009292963e+21
1.98528885e+21
1.967469156e+21
1.94403847e+21
2.129718703e+21
2.004239134e+21
1.937195755e+21
1.963398019e+21
1.849348807e+21
1.958844179e+21
2.418609834e+21
2.301044438e+21
1.954029054e+21
2.294776552e+21
1.947746386e+21
2.057190369e+21
2.281323055e+21
2.160380631e+21
1.701380874e+21
2.033836382e+21
1.689839866e+21
2.243073063e+21
2.123511729e+21
1.890375601e+21
2.104351237e+21
2.092516013e+21
2.412033349e+21
1.852363722e+21
1.626287727e+21
2.046239492e+21
1.927932985e+21
1.914179153e+21
2.008507643e+21
1.783475703e+21
2.084767854e+21
2.068128375e+21
2.156666742e+21
1.833119866e+21
1.920891998e+21
1.904168941e+21
1.790105583e+21
1.773951757e+21
2.05293498e+21
1.743269226e+21
2.016692399e+21
1.807152145e+21
2.262728083e+21
1.960456176e+21
2.035176847e+21
2.01477048e+21
1.905178192e+21
2.065306266e+21
2.04540762e+21
1.936161388e+21
1.917031122e+21
1.983064078e+21
2.048377911e+21
1.942107253e+21
2.005667076e+21
1.984037363e+21
1.963315655e+21
1.941854923e+21
2.001473857e+21
1.97929372e+21
2.036675614e+21
1.85891589e+21
1.992431314e+21
1.969829696e+21
1.948867282e+21
1.852443547e+21
1.832732008e+21
1.884014418e+21
2.079079349e+21
2.05486701e+21
2.033112518e+21
1.939989961e+21
1.713884019e+21
1.964659358e+21
2.145199775e+21
2.252260214e+21
1.966634633e+21
2.072776073e+21
1.987313613e+21
1.963579008e+21
1.818156526e+21
1.982215969e+21
1.900893667e+21
1.938666954e+21
1.799376239e+21
1.955530824e+21
1.994953846e+21
1.970966223e+21
2.00923226e+21
1.985071493e+21
1.966070543e+21
1.997940411e+21
1.979104199e+21
2.009662215e+21
1.93720168e+21
1.967155299e+21
2.159921333e+21
2.029999101e+21
1.908610056e+21
1.885862821e+21
1.970266144e+21
2.046708127e+21
1.92999633e+21
1.956075744e+21
1.987912069e+21
1.950516269e+21
2.17896418e+21
2.062141905e+21
2.289093288e+21
1.942283566e+21
1.825396711e+21
2.048476423e+21
1.930913601e+21
2.038026026e+21
2.145977909e+21
1.912748516e+21
2.019264664e+21
1.898600033e+21
1.892005201e+21
1.88245965e+21
1.654378465e+21
1.974114711e+21
1.746895439e+21
2.170200051e+21
2.159386364e+21
1.823276361e+21
1.706640772e+21
1.800397868e+21
2.316083491e+21
1.880656399e+21
1.972433066e+21
1.853737346e+21
2.250178815e+21
2.129980544e+21
1.913125341e+21
1.796686657e+21
1.981009912e+21
1.963167504e+21
1.849993212e+21
2.02572024e+21
2.104329888e+21
1.989476279e+21
1.972065298e+21
1.766769373e+21
2.027183252e+21
2.006891644e+21
2.078475051e+21
2.057275931e+21
2.037464902e+21
2.016342416e+21
1.822826628e+21
2.061327189e+21
1.955488499e+21
2.018795191e+21
1.998002712e+21
1.976486921e+21
1.95585043e+21
1.934500649e+21
2.073655771e+21
1.971831958e+21
1.950964478e+21
1.929102225e+21
1.908612689e+21
1.962465351e+21
2.016261747e+21
1.771722063e+21
2.191090705e+21
2.02140719e+21
1.928512023e+21
2.047262763e+21
1.955743007e+21
1.863800745e+21
1.980769815e+21
1.822431073e+21
1.936930472e+21
1.913986896e+21
2.024722413e+21
2.00063587e+21
1.980023254e+21
2.019494377e+21
2.186286775e+21
1.974960363e+21
1.893934601e+21
1.871212717e+21
1.972071141e+21
2.007419309e+21
1.87073382e+21
1.963754736e+21
1.944682431e+21
1.921295178e+21
2.01483851e+21
1.990618327e+21
2.026623231e+21
2.002287021e+21
1.983704915e+21
1.959923462e+21
2.099492817e+21
1.918801425e+21
1.952972671e+21
1.980459958e+21
2.013323572e+21
1.989392889e+21
1.922850219e+21
1.948807882e+21
1.980529356e+21
1.713757828e+21
2.055544167e+21
2.053418253e+21
2.051470317e+21
1.820307766e+21
2.158502183e+21
2.039835988e+21
2.148980302e+21
1.916701341e+21
1.574594724e+21
1.904719535e+21
1.675660977e+21
1.779440017e+21
1.884092958e+21
1.874609719e+21
2.086814254e+21
1.965914526e+21
1.739645487e+21
1.728978833e+21
2.257986621e+21
2.243009004e+21
1.8058479e+21
2.00396445e+21
2.096913434e+21
2.081099757e+21
1.757623377e+21
2.051356235e+21
1.935466842e+21
2.020372461e+21
2.105991893e+21
1.988313375e+21
1.775769892e+21
2.053107436e+21
1.842628174e+21
2.113771051e+21
1.905455332e+21
1.887272528e+21
1.590151734e+21
1.94509444e+21
2.019252204e+21
1.908207181e+21
2.070389765e+21
1.871107123e+21
2.117826397e+21
1.833917578e+21
2.075216324e+21
1.967871455e+21
2.03270178e+21
2.011102755e+21
1.990396701e+21
1.968993729e+21
1.948441761e+21
2.087802024e+21
1.906927498e+21
1.885849195e+21
1.943642395e+21
1.921888095e+21
1.901479754e+21
1.879957563e+21
2.008756077e+21
1.985790916e+21
1.891901907e+21
2.013931482e+21
1.921382584e+21
2.18038456e+21
2.018124871e+21
1.925723494e+21
2.109590731e+21
2.017495493e+21
1.996371878e+21
1.906979997e+21
1.822086788e+21
1.993323763e+21
2.036424451e+21
1.823486197e+21
1.804881627e+21
2.029250107e+21
1.826154486e+21
1.864391913e+21
2.024423086e+21
1.941276447e+21
1.922161423e+21
1.899048892e+21
1.994579313e+21
2.026891797e+21
1.951723544e+21
1.983349715e+21
1.964648052e+21
1.99496576e+21
1.976450444e+21
1.952744603e+21
1.987211966e+21
2.015096644e+21
1.894598868e+21
1.922578422e+21
2.056064172e+21
1.932500643e+21
1.866634862e+21
1.990133673e+21
1.973201276e+21
2.047839981e+21
1.705733447e+21
2.0447681e+21
1.929339515e+21
2.379101729e+21
2.262550317e+21
1.918419908e+21
1.914698468e+21
1.796393628e+21
1.791998061e+21
2.119905641e+21
1.668660388e+21
1.772024678e+21
1.876246617e+21
2.415891157e+21
2.187531493e+21
1.413953799e+21
1.840733931e+21
1.614240739e+21
1.713291177e+21
1.808323593e+21
2.010033555e+21
1.995786808e+21
1.670693333e+21
1.96901794e+21
2.059407635e+21
1.940918179e+21
1.927660911e+21
1.811031962e+21
2.097545135e+21
1.881353578e+21
2.259989975e+21
2.14233304e+21
2.028513287e+21
2.009724263e+21
1.803046036e+21
1.97385758e+21
1.956605702e+21
2.02976557e+21
1.919956474e+21
1.9913174e+21
2.062367139e+21
1.863888013e+21
1.933860354e+21
1.913875621e+21
2.067263639e+21
1.789895836e+21
2.024953347e+21
2.00346872e+21
1.98284838e+21
2.125020234e+21
1.941089008e+21
1.919957958e+21
1.978922305e+21
2.113642028e+21
2.013830069e+21
1.914727719e+21
1.894399936e+21
2.022819883e+21
1.927183634e+21
1.905173306e+21
1.957407154e+21
2.006510865e+21
1.843405455e+21
1.962145254e+21
1.7333738e+21
1.850144777e+21
1.966259733e+21
1.943117806e+21
2.254286465e+21
1.965542291e+21
2.009952401e+21
2.050131522e+21
1.902195321e+21
1.9421545e+21
1.984349359e+21
1.960607342e+21
1.880168219e+21
2.037390394e+21
2.017069118e+21
1.992839839e+21
2.03125118e+21
1.892151018e+21
1.987332695e+21
1.907329163e+21
1.94462828e+21
2.031026603e+21
1.957498886e+21
1.933976281e+21
1.916025897e+21
1.945618142e+21
1.927854901e+21
2.007727165e+21
1.989706357e+21
2.01634734e+21
1.8986351e+21
1.974764972e+21
1.908715587e+21
1.982793811e+21
1.822078891e+21
1.812660761e+21
2.038288838e+21
1.809947129e+21
2.034262307e+21
1.805054285e+21
1.915112168e+21
1.57326708e+21
2.01885099e+21
2.124314192e+21
2.230652743e+21
2.222190714e+21
1.883280456e+21
1.874962816e+21
2.308104266e+21
1.968463736e+21
2.069567151e+21
1.733081641e+21
2.156655787e+21
2.250666044e+21
2.13283703e+21
1.695001227e+21
2.001833964e+21
2.19690465e+21
1.767905893e+21
2.167482975e+21
1.948536245e+21
1.933111248e+21
1.919917692e+21
2.204628727e+21
1.790713597e+21
1.87386947e+21
2.055272317e+21
1.842878394e+21
2.020501333e+21
2.19247022e+21
2.079539065e+21
1.966139833e+21
1.948966442e+21
2.021874984e+21
1.912503255e+21
1.983620575e+21
1.875762408e+21
1.945139842e+21
1.926437271e+21
1.993222449e+21
2.059371674e+21
1.95290985e+21
2.017263763e+21
1.995892423e+21
1.975357095e+21
1.954176511e+21
1.93379154e+21
1.912768299e+21
2.129239042e+21
2.027771677e+21
1.929161881e+21
1.983925321e+21
1.811877737e+21
2.015341308e+21
1.920062581e+21
1.971161574e+21
1.950200404e+21
1.927746706e+21
1.907280687e+21
2.024783998e+21
2.07243784e+21
1.911665323e+21
1.959084121e+21
2.069562011e+21
1.981833836e+21
1.89311899e+21
2.131851002e+21
1.978858736e+21
1.579410979e+21
1.872693401e+21
2.038943885e+21
2.07560308e+21
2.054652687e+21
2.030017601e+21
1.950657551e+21
1.985629233e+21
1.90824848e+21
1.942433468e+21
1.866987768e+21
2.01221155e+21
1.992943972e+21
1.968970582e+21
1.950401561e+21
1.980482693e+21
2.068158958e+21
1.886150439e+21
1.92084425e+21
1.949118793e+21
1.880791893e+21
1.908533017e+21
1.941482372e+21
2.21347281e+21
1.85296371e+21
1.927324771e+21
1.958706607e+21
1.917900904e+21
2.029769357e+21
2.140333747e+21
2.138308669e+21
2.022213384e+21
1.682756267e+21
1.790530276e+21
2.12213616e+21
2.004143646e+21
1.888177722e+21
1.881031996e+21
2.096122101e+21
2.196722346e+21
2.189115733e+21
1.851447887e+21
1.844097428e+21
1.833844483e+21
1.825643022e+21
1.921260693e+21
2.230338322e+21
1.793614086e+21
1.783837735e+21
1.771248009e+21
2.071480453e+21
1.95315824e+21
2.14498288e+21
2.229372163e+21
1.912236431e+21
1.397355596e+21
2.279029774e+21
2.161146462e+21
1.657208887e+21
1.932229198e+21
1.82088076e+21
1.99397893e+21
1.977249992e+21
1.865221147e+21
2.126280566e+21
2.197140555e+21
2.086546504e+21
1.975983019e+21
2.046506975e+21
1.937692565e+21
2.093531953e+21
2.071965043e+21
1.880578092e+21
1.945514038e+21
1.925897677e+21
1.905524326e+21
1.967922202e+21
1.946851217e+21
1.926548735e+21
1.905632286e+21
1.964168165e+21
1.864837588e+21
1.922002237e+21
2.052611118e+21
1.880397292e+21
1.933550501e+21
1.91299396e+21
2.036665491e+21
1.799117154e+21
1.991832485e+21
2.041070567e+21
1.947834841e+21
1.92722377e+21
2.108789313e+21
2.01926968e+21
2.195088656e+21
2.040465393e+21
1.886263775e+21
1.995396319e+21
1.971704664e+21
1.951388967e+21
2.052524796e+21
2.031581056e+21
1.946461437e+21
1.926813438e+21
2.022697976e+21
2.002520313e+21
1.978470618e+21
2.074218834e+21
1.935428893e+21
1.860253642e+21
1.949257802e+21
1.985751154e+21
1.961858919e+21
1.943355516e+21
1.973319732e+21
2.007839823e+21
1.879316888e+21
1.965611008e+21
2.095361498e+21
1.975258926e+21
1.851545228e+21
2.182419584e+21
2.009359367e+21
1.943371531e+21
1.920268603e+21
1.85634182e+21
1.68522069e+21
1.909025198e+21
1.794888404e+21
1.905266105e+21
2.013811105e+21
1.56404849e+21
1.894547111e+21
2.224564766e+21
1.774087425e+21
1.880365793e+21
1.542690087e+21
1.867739272e+21
1.859528956e+21
2.180111613e+21
1.952315941e+21
2.052602798e+21
1.82635146e+21
1.711237627e+21
2.019745603e+21
2.221272075e+21
1.99650738e+21
1.776619761e+21
2.179191539e+21
2.166296305e+21
2.047709278e+21
2.136389841e+21
2.018615044e+21
1.904616388e+21
2.187130012e+21
2.072606568e+21
2.250463421e+21
2.039072558e+21
1.924646388e+21
2.004665804e+21
2.175360175e+21
1.875758027e+21
1.67218628e+21
1.933865496e+21
2.188665205e+21
1.988139033e+21
1.968404052e+21
2.03866802e+21
1.930302096e+21
1.824862546e+21
1.892097047e+21
1.95861018e+21
1.938174032e+21
2.002058477e+21
2.063448375e+21
1.960543065e+21
1.939580635e+21
1.999333315e+21
1.977655542e+21
2.035148221e+21
2.167593612e+21
1.838299716e+21
1.817820657e+21
1.948412243e+21
1.852360032e+21
2.052590823e+21
1.956746205e+21
1.935944942e+21
1.842818283e+21
1.823258938e+21
2.0100704e+21
1.92022345e+21
1.897810919e+21
1.810758609e+21
1.922043517e+21
1.901922468e+21
1.944266925e+21
1.988197054e+21
2.027976396e+21
2.007080603e+21
2.10711432e+21
2.085612763e+21
1.757639936e+21
1.979882728e+21
2.074708327e+21
1.936638321e+21
2.08732599e+21
2.009355832e+21
2.041914341e+21
1.96590537e+21
1.997742424e+21
1.978610068e+21
2.009098401e+21
1.99014798e+21
1.91306763e+21
1.947955505e+21
1.976562267e+21
1.906974809e+21
1.985938635e+21
2.018578055e+21
1.844831043e+21
2.075665392e+21
1.904391489e+21
1.93630669e+21
2.056758708e+21
2.039273253e+21
1.90199886e+21
1.901112152e+21
2.122599985e+21
1.785764314e+21
1.894062896e+21
2.002600852e+21
1.997704587e+21
1.772302797e+21
1.877198033e+21
1.872618238e+21
2.194782266e+21
1.750648915e+21
1.85190692e+21
1.84550407e+21
1.944340986e+21
1.829042964e+21
1.92591468e+21
1.704280039e+21
1.905689072e+21
2.001585977e+21
2.093108179e+21
2.081717604e+21
1.860378571e+21
1.849378615e+21
2.039528407e+21
2.2291923e+21
2.010592402e+21
1.897056834e+21
2.277506431e+21
1.966119021e+21
2.241616559e+21
1.934350542e+21
2.204691291e+21
2.091928414e+21
1.978478395e+21
2.148749445e+21
2.035884726e+21
1.926402437e+21
1.907723115e+21
1.980509978e+21
1.871751957e+21
2.119188405e+21
2.097783043e+21
2.077642964e+21
1.970626671e+21
2.036053225e+21
1.930889202e+21
1.994541469e+21
1.973503478e+21
1.953219062e+21
1.932364156e+21
1.912224678e+21
1.891518812e+21
1.949632399e+21
1.85108805e+21
2.060468496e+21
2.113005364e+21
2.015928144e+21
2.140880676e+21
2.045089537e+21
1.949617298e+21
2.286097871e+21
2.118607823e+21
1.956382545e+21
2.071855346e+21
1.776611387e+21
1.890958751e+21
2.138337235e+21
2.047197211e+21
1.960419493e+21
2.066428927e+21
1.853239903e+21
1.704963416e+21
1.937380167e+21
2.099560672e+21
1.955892152e+21
1.932518197e+21
1.972790278e+21
1.949150772e+21
1.871228123e+21
1.96430713e+21
2.059366529e+21
1.978086984e+21
1.95886524e+21
1.990585613e+21
2.026284609e+21
1.947788606e+21
2.036604783e+21
2.012098084e+21
2.04587643e+21
1.969452669e+21
2.002823841e+21
1.978780504e+21
1.860454673e+21
2.036885958e+21
1.969682537e+21
1.994798764e+21
1.832828377e+21
1.810994636e+21
1.890106859e+21
2.228407433e+21
2.004632931e+21
2.225097736e+21
2.22299784e+21
2.330083338e+21
1.883553492e+21
1.878959278e+21
1.985641005e+21
1.759521853e+21
1.755232248e+21
1.967216174e+21
1.852452487e+21
2.169820131e+21
2.054207581e+21
2.044010415e+21
2.143067684e+21
2.024670872e+21
1.909551147e+21
1.792553226e+21
2.203358921e+21
1.771993112e+21
1.866025738e+21
2.264702814e+21
1.637325616e+21
1.828271379e+21
2.119408671e+21
2.202896604e+21
1.989007423e+21
1.874010499e+21
2.154227131e+21
1.747439201e+21
2.023126177e+21
1.718692134e+21
1.989076564e+21
1.97081815e+21
1.954316515e+21
2.028047035e+21
1.918996759e+21
1.900420515e+21
2.152297362e+21
1.953419207e+21
2.023168897e+21
2.002765778e+21
1.983547379e+21
1.792494409e+21
1.943880763e+21
2.007296273e+21
1.987080698e+21
2.04807469e+21
1.945949575e+21
1.925201177e+21
1.90514223e+21
2.041585196e+21
2.097840489e+21
1.997979786e+21
2.052905739e+21
1.954899991e+21
2.157341554e+21
1.985971931e+21
2.110415838e+21
1.942540148e+21
1.850715027e+21
2.110942727e+21
1.879688909e+21
2.133194555e+21
1.634035093e+21
2.018738448e+21
1.930897867e+21
1.842444536e+21
1.888271054e+21
2.059026551e+21
2.164980989e+21
2.139312337e+21
2.117268754e+21
1.845936165e+21
1.888001646e+21
1.92562122e+21
2.025316595e+21
2.059906904e+21
1.981086411e+21
1.95730116e+21
2.052019853e+21
1.914715034e+21
2.00764322e+21
1.983479897e+21
1.96448088e+21
1.940828862e+21
1.922519561e+21
2.057659388e+21
1.934013944e+21
2.014035982e+21
1.944474605e+21
1.820006575e+21
2.054180875e+21
1.881048995e+21
1.9135275e+21
1.939119327e+21
1.970388244e+21
2.04186224e+21
2.071591758e+21
1.664433837e+21
1.996391904e+21
1.994359902e+21
2.213865936e+21
2.099519051e+21
1.765482985e+21
1.981335343e+21
2.087370115e+21
2.190410487e+21
2.185074226e+21
1.741506017e+21
2.061949909e+21
1.728798846e+21
1.830507517e+21
2.142872169e+21
2.027671402e+21
2.016498317e+21
1.796191549e+21
2.205429139e+21
2.299010741e+21
1.972536962e+21
2.168326721e+21
1.948089032e+21
2.140439936e+21
1.922193153e+21
1.708920075e+21
2.194210607e+21
1.882116335e+21
2.063151354e+21
2.14578995e+21
2.030727276e+21
2.30313846e+21
1.902250899e+21
1.981372514e+21
1.963216993e+21
2.224902616e+21
2.02026946e+21
2.093709498e+21
1.983324734e+21
1.876088625e+21
2.034467108e+21
1.840245865e+21
1.995213531e+21
1.976076949e+21
2.040882051e+21
2.020798769e+21
1.999807932e+21
1.979675534e+21
2.040473435e+21
2.019514582e+21
1.998011569e+21
1.898112051e+21
1.955846724e+21
2.090135012e+21
2.14379641e+21
1.969642803e+21
2.022690334e+21
1.927124128e+21
1.97876285e+21
2.030250253e+21
1.720457059e+21
1.844024264e+21
2.103332895e+21
1.872915252e+21
2.056962032e+21
2.035204641e+21
2.212652111e+21
1.923977577e+21
1.90142145e+21
1.946398524e+21
2.115791925e+21
1.903458982e+21
1.943598278e+21
1.861520389e+21
1.839365903e+21
1.941967444e+21
1.918773297e+21
1.89940047e+21
1.93529453e+21
1.857923179e+21
1.8929819e+21
1.874331625e+21
1.964023552e+21
2.000504749e+21
1.976424731e+21
1.957491689e+21
1.933918678e+21
1.915673176e+21
1.945178636e+21
2.08337052e+21
2.006843336e+21
2.039505042e+21
1.914243121e+21
1.946984477e+21
1.923624945e+21
1.95555294e+21
1.932144065e+21
1.915417039e+21
1.987180804e+21
1.970296609e+21
1.98914205e+21
1.877761781e+21
1.544821583e+21
2.094568314e+21
1.980888804e+21
2.197836474e+21
1.754000807e+21
2.297682797e+21
2.072417287e+21
2.067372068e+21
1.734433353e+21
2.161663417e+21
2.367473265e+21
2.037582652e+21
2.240936026e+21
2.125784191e+21
2.219801102e+21
2.209912218e+21
2.301199057e+21
1.977567385e+21
1.964674221e+21
2.056850215e+21
1.736111738e+21
2.233479563e+21
2.116142022e+21
2.202823671e+21
1.887557452e+21
2.170744618e+21
1.663645431e+21
1.845952428e+21
2.119162859e+21
2.198610825e+21
2.179136277e+21
2.067714956e+21
1.862546899e+21
2.031669426e+21
2.104030916e+21
1.995038486e+21
2.065599074e+21
1.957970113e+21
1.938660788e+21
2.095203823e+21
2.074140551e+21
2.054256604e+21
1.779099417e+21
1.929371232e+21
1.909359618e+21
1.972325358e+21
1.951611259e+21
1.931571736e+21
1.99065975e+21
2.206322493e+21
1.87073627e+21
2.005356824e+21
1.830839744e+21
1.962466096e+21
1.940703499e+21
1.920131088e+21
2.263695684e+21
1.950664251e+21
1.999966243e+21
2.049387285e+21
1.956059217e+21
1.797072082e+21
1.776315997e+21
1.892723438e+21
2.071127655e+21
2.115428098e+21
1.763980213e+21
1.93946298e+21
1.852719163e+21
2.086358035e+21
2.061644599e+21
1.793079427e+21
1.955031729e+21
2.176964075e+21
2.031472277e+21
2.010960466e+21
1.986877601e+21
1.967050245e+21
2.000598028e+21
2.037482641e+21
1.901150372e+21
1.993416863e+21
1.969419576e+21
1.950552053e+21
1.980586901e+21
1.961899696e+21
2.043039588e+21
2.127867338e+21
2.050976288e+21
2.032246744e+21
1.95761241e+21
2.03953122e+21
1.867601701e+21
1.948563889e+21
1.877088334e+21
1.956267466e+21
2.168611165e+21
2.009959218e+21
2.421259135e+21
2.310130041e+21
1.978104969e+21
2.305616642e+21
1.753622878e+21
1.970003346e+21
1.746873047e+21
2.179379778e+21
1.955381047e+21
2.275728124e+21
2.159272381e+21
1.61469336e+21
2.143568863e+21
2.349797642e+21
2.444493953e+21
1.905521909e+21
1.895067997e+21
1.991445097e+21
2.187839486e+21
1.969688774e+21
1.956873914e+21
2.151127216e+21
1.830971756e+21
2.123542555e+21
2.208193148e+21
1.994702008e+21
2.078086023e+21
1.96569403e+21
2.047094206e+21
1.838778818e+21
2.015008346e+21
2.094891161e+21
1.981988292e+21
2.059767886e+21
1.762647401e+21
2.023904598e+21
2.18715481e+21
1.897117466e+21
1.789375573e+21
1.950570403e+21
1.931364891e+21
1.913385058e+21
1.89417956e+21
1.961303638e+21
2.025687674e+21
1.922197391e+21
1.984997622e+21
1.96502956e+21
1.944421389e+21
2.004648122e+21
1.904027362e+21
2.119731982e+21
2.019235694e+21
1.921196883e+21
1.90019624e+21
1.955341498e+21
1.859309898e+21
1.986772794e+21
1.891741291e+21
1.943638168e+21
1.850442782e+21
2.11244634e+21
1.949058209e+21
2.272738535e+21
1.90612922e+21
1.68390274e+21
1.997183397e+21
1.976156638e+21
1.692615692e+21
1.99699591e+21
2.037134239e+21
2.015965064e+21
2.054349478e+21
2.094792021e+21
2.009001171e+21
1.867982117e+21
1.964760741e+21
2.121732479e+21
1.979865232e+21
1.960106484e+21
1.936579928e+21
1.97389403e+21
2.005877498e+21
1.986379024e+21
1.962463904e+21
1.943661448e+21
1.973585021e+21
2.007799305e+21
2.035807318e+21
1.913471803e+21
2.094796255e+21
1.923787929e+21
1.900639827e+21
2.032284471e+21
2.007866994e+21
2.038705848e+21
2.110177311e+21
1.996826184e+21
1.925968116e+21
1.956186061e+21
1.86337401e+21
1.972070413e+21
1.970076463e+21
1.968223412e+21
2.07398516e+21
2.071020175e+21
2.174753729e+21
2.279090267e+21
2.163870791e+21
1.834818783e+21
2.043045038e+21
2.144255916e+21
2.134959027e+21
2.446745637e+21
2.011280835e+21
1.89789952e+21
1.992371777e+21
1.983509557e+21
2.075380436e+21
1.755359776e+21
2.154307439e+21
1.93856944e+21
2.026405267e+21
1.913746515e+21
1.799626825e+21
1.688863793e+21
2.267129654e+21
2.055946068e+21
1.747850568e+21
2.12087034e+21
1.81607409e+21
2.086825856e+21
1.974389141e+21
2.05188167e+21
2.125595707e+21
2.107844301e+21
1.906504652e+21
1.799937922e+21
2.050023688e+21
1.766569468e+21
2.01158387e+21
1.992867063e+21
2.058672744e+21
2.038956009e+21
2.018175013e+21
1.998340905e+21
1.977674425e+21
2.03936202e+21
2.098724659e+21
1.917404802e+21
1.976117235e+21
1.955551471e+21
2.011894204e+21
1.837648452e+21
2.120516055e+21
1.798401641e+21
2.297233193e+21
1.906296168e+21
1.957446253e+21
1.936662518e+21
1.843821774e+21
1.824239124e+21
1.942107136e+21
1.852884063e+21
2.035019249e+21
2.080616712e+21
1.990100307e+21
2.100426115e+21
2.0109777e+21
1.604782602e+21
1.966504267e+21
2.008845705e+21
1.923038784e+21
1.964616897e+21
2.062590483e+21
2.041538724e+21
2.017176094e+21
1.996806426e+21
1.856849118e+21
1.953211574e+21
1.986527946e+21
2.023149953e+21
1.887776553e+21
1.979390705e+21
1.955557192e+21
1.990619893e+21
2.019784701e+21
1.895423501e+21
1.924593965e+21
2.061320057e+21
1.985570372e+21
2.01788404e+21
2.043429669e+21
2.025089037e+21
1.95194243e+21
1.934734595e+21
1.959304058e+21
2.08447064e+21
1.919093107e+21
1.995615982e+21
2.074170237e+21
1.854978051e+21
1.635094053e+21
1.851364986e+21
1.739462167e+21
2.171221486e+21
1.949388658e+21
2.161815603e+21
2.155166568e+21
1.934937821e+21
1.927750385e+21
2.028874034e+21
2.020097175e+21
2.119098693e+21
2.2141312e+21
1.99535664e+21
1.671122006e+21
1.767675219e+21
2.067169704e+21
2.262663403e+21
2.043639636e+21
1.829312933e+21
2.321229304e+21
1.906251789e+21
1.892194575e+21
1.880198171e+21
1.865576286e+21
2.145498338e+21
2.031285068e+21
2.112691928e+21
1.999530892e+21
1.984330488e+21
2.060507469e+21
1.858232374e+21
2.209588331e+21
2.008551649e+21
2.17063275e+21
2.151778689e+21
1.953527063e+21
2.023934679e+21
1.916936608e+21
1.985432901e+21
2.051025032e+21
1.94674958e+21
2.01071787e+21
1.908008573e+21
1.970405065e+21
1.950598702e+21
2.01062439e+21
1.91039898e+21
1.968925366e+21
1.870502632e+21
2.081706132e+21
1.983579441e+21
2.037408324e+21
1.941246376e+21
1.993629324e+21
1.753341417e+21
2.094919633e+21
2.001208491e+21
1.907911362e+21
1.887651092e+21
1.866090987e+21
1.914683429e+21
1.89262141e+21
2.006367689e+21
2.115271767e+21
1.962191844e+21
2.003887049e+21
2.046879756e+21
2.086008555e+21
2.001776454e+21
1.916281936e+21
1.896535135e+21
1.994900601e+21
1.914704488e+21
2.010103194e+21
1.872756575e+21
2.023811124e+21
2.060857061e+21
2.036125914e+21
2.016058961e+21
1.936488189e+21
1.972451386e+21
1.948698924e+21
1.930025265e+21
1.906763096e+21
1.941234197e+21
1.969662096e+21
1.951369601e+21
1.87711365e+21
1.910239622e+21
2.036220232e+21
1.968726219e+21
1.896413418e+21
1.976090631e+21
1.904737715e+21
2.077080903e+21
1.865626347e+21
1.988520857e+21
2.065813872e+21
1.847505844e+21
1.519943746e+21
2.169309161e+21
2.057304833e+21
2.270617115e+21
1.725833164e+21
1.93782533e+21
1.717225672e+21
1.927188907e+21
2.133384987e+21
1.91441388e+21
2.012047936e+21
2.11066023e+21
1.995305984e+21
1.882836234e+21
1.872573742e+21
1.967826708e+21
2.059023684e+21
2.048868582e+21
2.035621319e+21
2.024603383e+21
2.111106185e+21
2.198628516e+21
1.984042805e+21
1.971473467e+21
2.151788225e+21
2.137212905e+21
2.216183306e+21
2.008913788e+21
1.70732656e+21
1.788487386e+21
2.052667387e+21
2.036289025e+21
1.926074067e+21
1.819056538e+21
2.072362267e+21
2.054372551e+21
2.123145843e+21
1.9287031e+21
2.083421461e+21
1.978053998e+21
1.95829085e+21
2.023881654e+21
1.919844148e+21
1.983644271e+21
1.963188949e+21
1.943462465e+21
1.92316616e+21
1.982754341e+21
1.961785656e+21
1.863725322e+21
1.99737022e+21
1.900408695e+21
2.1052747e+21
2.08306511e+21
2.060067939e+21
2.038248356e+21
2.15943169e+21
1.92286036e+21
1.901133234e+21
2.089942181e+21
1.997222418e+21
1.839766293e+21
1.885939044e+21
1.865999973e+21
2.041953249e+21
2.020459306e+21
2.254503802e+21
1.912208124e+21
2.141683974e+21
2.057092931e+21
1.909572405e+21
2.072787498e+21
2.108404542e+21
2.086883681e+21
1.944165611e+21
2.041169363e+21
1.959122004e+21
1.93956626e+21
2.029015945e+21
2.009017503e+21
1.929724566e+21
2.020159456e+21
1.941888592e+21
1.976703082e+21
1.952873303e+21
1.934442105e+21
1.962762848e+21
1.944533384e+21
2.123301591e+21
1.903536778e+21
1.880593574e+21
2.010849949e+21
2.035094281e+21
2.017155226e+21
1.850557001e+21
1.92862451e+21
1.719587899e+21
1.981476004e+21
2.057524568e+21
2.273056793e+21
2.054509333e+21
1.944550949e+21
1.725528322e+21
2.04614173e+21
1.8263653e+21
1.822852432e+21
2.031068196e+21
2.239418779e+21
1.806159259e+21
2.118664063e+21
1.898585609e+21
1.997174271e+21
1.882812641e+21
2.187959554e+21
2.1760595e+21
1.960077915e+21
1.948394533e+21
1.93879225e+21
2.230432245e+21
2.117533997e+21
1.902617921e+21
2.289634356e+21
2.075179874e+21
1.865657858e+21
1.948636214e+21
2.128991219e+21
2.111704821e+21
2.096522881e+21
2.078779364e+21
2.156770953e+21
1.858987946e+21
1.844164758e+21
1.827441428e+21
1.993429875e+21
1.795298698e+21
2.046681874e+21
2.027096099e+21
2.008864482e+21
1.729747546e+21
1.970729739e+21
2.035898813e+21
1.848392108e+21
1.995967696e+21
1.97637672e+21
2.037526557e+21
1.936378254e+21
1.996024974e+21
1.975562302e+21
1.876509637e+21
1.934371819e+21
1.837095306e+21
2.045065224e+21
2.097735889e+21
1.853224047e+21
2.052721208e+21
1.885913602e+21
1.936584035e+21
2.128925325e+21
2.245218483e+21
1.943710504e+21
1.990174976e+21
1.901175956e+21
1.946421688e+21
1.992253502e+21
2.034787622e+21
2.013370467e+21
2.054043565e+21
1.969030803e+21
2.071429111e+21
2.049904488e+21
2.025678062e+21
1.822548555e+21
1.920966387e+21
2.020192943e+21
2.113523107e+21
1.917829016e+21
1.952303849e+21
1.93281485e+21
2.021955457e+21
2.002025061e+21
1.977951111e+21
2.013126522e+21
1.988879189e+21
1.916579085e+21
1.893469295e+21
2.031897234e+21
2.007383126e+21
1.937744898e+21
1.863987588e+21
1.946798725e+21
1.923321054e+21
2.052678531e+21
1.979663267e+21
1.866495964e+21
1.985890247e+21
2.156205578e+21
1.945070662e+21
1.928562732e+21
2.157159496e+21
1.940548853e+21
1.830903523e+21
1.721587701e+21
2.040890674e+21
2.037981211e+21
1.926096638e+21
1.815594754e+21
2.129469043e+21
2.124306438e+21
2.116468837e+21
2.004755226e+21
1.996140373e+21
1.989284161e+21
1.875394323e+21
2.179345204e+21
2.167517233e+21
2.157904636e+21
2.145068879e+21
1.829575874e+21
1.81779478e+21
2.008856186e+21
1.895244978e+21
1.685787765e+21
1.968740007e+21
2.054100313e+21
2.135275051e+21
2.024431067e+21
2.008023954e+21
2.088530813e+21
1.694361812e+21
1.774924938e+21
1.851968051e+21
2.204652627e+21
2.002636392e+21
2.076224692e+21
2.146312452e+21
1.950394278e+21
1.843952581e+21
1.914395264e+21
1.98186181e+21
2.048827326e+21
2.028419063e+21
2.009028558e+21
1.988673465e+21
1.969162228e+21
1.948914128e+21
1.929345501e+21
2.068356664e+21
1.968422248e+21
1.869754038e+21
2.15870314e+21
1.906783107e+21
1.886798043e+21
1.79164361e+21
1.994345275e+21
1.899324785e+21
1.87921593e+21
2.144142704e+21
1.838540445e+21
2.097467154e+21
2.075203908e+21
2.051562511e+21
2.097474875e+21
2.207128253e+21
2.117621988e+21
1.962263331e+21
1.941610836e+21
2.046876874e+21
1.835570415e+21
2.064215546e+21
2.104668112e+21
2.018634821e+21
1.816211344e+21
2.033938736e+21
1.953965458e+21
2.047684259e+21
2.02700213e+21
1.945532986e+21
1.926110278e+21
1.958973272e+21
1.939662204e+21
1.971090593e+21
2.006142386e+21
1.981976681e+21
1.909926009e+21
1.939305322e+21
1.869080611e+21
1.949108342e+21
1.931003645e+21
1.907695675e+21
1.890271225e+21
1.965750197e+21
1.996809703e+21
1.876504694e+21
2.098422323e+21
2.026039393e+21
2.008513149e+21
1.984373426e+21
1.967534995e+21
2.256001199e+21
2.362342017e+21
1.930892044e+21
2.250596999e+21
2.032781424e+21
2.029885525e+21
1.598713192e+21
2.02114695e+21
2.333142729e+21
1.904310134e+21
2.108110965e+21
1.996842551e+21
1.883634201e+21
1.981456148e+21
1.764254553e+21
2.170798421e+21
2.261853282e+21
1.944761976e+21
2.238462964e+21
1.822457029e+21
2.011939501e+21
2.101127797e+21
1.788564275e+21
2.074414106e+21
2.157294468e+21
1.948779697e+21
1.933739222e+21
1.824635781e+21
1.809875027e+21
2.080599446e+21
2.063053661e+21
1.768220558e+21
2.121751119e+21
2.104854819e+21
1.995143703e+21
2.068467462e+21
2.049229411e+21
1.943147111e+21
2.012093847e+21
1.907320657e+21
2.06041881e+21
1.956242746e+21
2.020994071e+21
1.918279988e+21
1.981432354e+21
1.962000215e+21
1.941854282e+21
2.002462133e+21
2.060901488e+21
1.961333621e+21
1.863046906e+21
1.997325303e+21
1.975973217e+21
2.03047081e+21
1.9340463e+21
1.913657097e+21
1.819806995e+21
2.08863093e+21
2.065359806e+21
2.043449651e+21
2.020424376e+21
1.930051618e+21
2.180665657e+21
2.02270471e+21
1.99947011e+21
1.978336506e+21
1.955425343e+21
1.805856367e+21
1.784790016e+21
2.207641841e+21
1.994717138e+21
2.035677273e+21
2.072599188e+21
2.051240457e+21
1.848055651e+21
2.124220967e+21
2.098906657e+21
2.019992006e+21
2.05285651e+21
1.975906532e+21
2.007980876e+21
1.988185191e+21
1.964277501e+21
1.999206543e+21
1.921740245e+21
2.009058906e+21
1.932591787e+21
1.966087176e+21
1.942352085e+21
1.924309135e+21
1.901072036e+21
2.081992546e+21
1.909938551e+21
2.086929329e+21
1.965856456e+21
1.948530319e+21
1.925050427e+21
1.861853258e+21
1.747482265e+21
1.960637796e+21
2.140053736e+21
1.925162958e+21
1.709547972e+21
2.134934613e+21
2.450996647e+21
2.021853903e+21
2.01703515e+21
2.013163337e+21
2.218308887e+21
2.002182121e+21
2.204809784e+21
1.988992092e+21
2.084718286e+21
2.077567896e+21
1.653983722e+21
2.059350869e+21
2.15063233e+21
1.73327832e+21
2.027071655e+21
1.916248555e+21
2.304792667e+21
1.99335206e+21
2.078634381e+21
2.164848386e+21
2.051355033e+21
2.038397304e+21
1.926375815e+21
2.200369613e+21
1.708123091e+21
2.072728092e+21
1.868436087e+21
1.946994703e+21
1.929990425e+21
2.09697695e+21
2.078057184e+21
2.060767982e+21
1.864099512e+21
1.935953602e+21
1.917515873e+21
1.900298146e+21
1.881791744e+21
1.949078828e+21
2.013623239e+21
1.994391885e+21
1.974243784e+21
1.954890111e+21
2.096082516e+21
1.915432144e+21
1.974519098e+21
1.954295864e+21
1.856387722e+21
1.990191867e+21
2.120399502e+21
1.873380962e+21
2.075439965e+21
2.126906707e+21
1.958456659e+21
1.937730077e+21
1.916161822e+21
2.036270378e+21
2.013347101e+21
1.991982979e+21
1.765604356e+21
2.015644655e+21
2.058925762e+21
1.840020623e+21
2.143498332e+21
2.056670244e+21
2.032692481e+21
1.948565621e+21
1.987818762e+21
2.151585193e+21
2.004694258e+21
1.923912768e+21
1.960500211e+21
1.940486301e+21
1.917367817e+21
1.897999906e+21
1.932131185e+21
1.969099707e+21
2.001065774e+21
1.981336765e+21
2.011886661e+21
1.992318494e+21
1.968314408e+21
1.896757472e+21
1.977976589e+21
1.959303074e+21
1.884704545e+21
1.867196121e+21
2.044059567e+21
2.025388438e+21
1.903316894e+21
2.031329142e+21
2.006806117e+21
1.941759943e+21
2.011920626e+21
2.040904462e+21
1.833026512e+21
1.953788784e+21
1.81186186e+21
2.024092315e+21
1.915651279e+21
1.807533943e+21
1.592174784e+21
2.225873545e+21
2.009096575e+21
1.794164384e+21
2.104377117e+21
1.889357034e+21
2.091591697e+21
1.981203119e+21
2.180402511e+21
2.069456318e+21
2.162400349e+21
1.641070018e+21
1.632219539e+21
1.828121246e+21
1.716352297e+21
2.109781626e+21
1.796809847e+21
1.985689396e+21
1.873465065e+21
2.058539243e+21
1.946223357e+21
1.933938562e+21
1.727161445e+21
1.810810072e+21
1.796214359e+21
1.783336607e+21
2.047564097e+21
1.662596152e+21
2.10590634e+21
2.089157831e+21
1.89031049e+21
1.963859278e+21
1.945653505e+21
1.928813157e+21
2.084151675e+21
1.979387483e+21
2.045363834e+21
2.026400544e+21
1.922709895e+21
1.987153235e+21
1.967107184e+21
1.947831354e+21
2.008215553e+21
1.988073381e+21
1.967453088e+21
1.869416096e+21
1.926849972e+21
1.983109204e+21
1.961961428e+21
1.941413474e+21
1.920390587e+21
2.119403051e+21
1.80700975e+21
1.930920929e+21
2.050890524e+21
1.88920059e+21
2.2138695e+21
1.985032766e+21
2.097818787e+21
1.606906971e+21
1.919409273e+21
2.030099683e+21
2.006621061e+21
2.113602795e+21
2.025673751e+21
1.941838103e+21
1.919062687e+21
2.021646184e+21
1.997795933e+21
1.857376783e+21
2.072171832e+21
2.051017203e+21
1.794978347e+21
2.006116222e+21
2.038763949e+21
2.018406464e+21
1.938803744e+21
1.974535356e+21
1.950791645e+21
1.931816184e+21
1.961553662e+21
1.995254457e+21
2.074922383e+21
2.003948934e+21
1.928979121e+21
1.961349418e+21
1.838278587e+21
1.969174718e+21
1.896740993e+21
1.927915264e+21
1.904625266e+21
2.029428474e+21
1.865055607e+21
2.033819869e+21
1.963640993e+21
1.901708678e+21
1.910895418e+21
1.803906948e+21
2.120134183e+21
2.012245016e+21
2.008835773e+21
2.005979835e+21
2.001220244e+21
1.682007445e+21
1.991336831e+21
1.881968202e+21
1.979257331e+21
1.76574071e+21
1.758218831e+21
2.164478227e+21
2.256584672e+21
2.043386297e+21
1.829150108e+21
1.821061574e+21
2.011464652e+21
2.101667224e+21
1.789922125e+21
1.780276877e+21
1.866315911e+21
1.953040551e+21
1.841890237e+21
2.119262684e+21
1.911815962e+21
2.183759806e+21
1.977825388e+21
2.057162715e+21
2.039906212e+21
1.932450842e+21
2.006851827e+21
2.17189232e+21
2.152361782e+21
1.9566032e+21
1.938493937e+21
1.834374046e+21
2.076524094e+21
1.972152905e+21
1.783178729e+21
2.019033659e+21
1.999041702e+21
1.979966939e+21
1.960021995e+21
2.021691031e+21
1.920978333e+21
1.980956271e+21
1.96043747e+21
1.940370791e+21
1.996812083e+21
1.90007382e+21
1.955029789e+21
1.934559487e+21
1.913634791e+21
1.966300281e+21
1.872705522e+21
1.995424633e+21
1.832311128e+21
2.022062114e+21
1.999340261e+21
2.182765113e+21
1.888233936e+21
1.934948996e+21
2.044688286e+21
2.023082525e+21
2.064207322e+21
2.042487279e+21
2.081787803e+21
1.997581295e+21
1.974164167e+21
2.014702923e+21
2.051276585e+21
2.030136779e+21
1.947069974e+21
1.927191837e+21
2.019652785e+21
1.770763907e+21
1.975351367e+21
2.011500809e+21
1.987377478e+21
1.967780482e+21
1.998121195e+21
1.925205871e+21
1.9548392e+21
1.988423128e+21
2.016117867e+21
1.997081579e+21
1.871772997e+21
2.00473815e+21
1.881474245e+21
1.91334736e+21
2.035611172e+21
1.873245437e+21
1.9455036e+21
1.928359362e+21
1.951532221e+21
1.750404615e+21
1.911318534e+21
1.940233316e+21
2.009152895e+21
2.008232652e+21
1.689465977e+21
2.109860216e+21
1.895664093e+21
1.787805813e+21
1.783573277e+21
1.989586492e+21
2.296772631e+21
1.666343943e+21
1.867796378e+21
2.069270275e+21
2.163498034e+21
2.258763885e+21
2.145689752e+21
1.93372165e+21
2.227020742e+21
2.116398919e+21
2.103938473e+21
2.093615e+21
2.278388952e+21
2.06906643e+21
1.859221111e+21
1.751061862e+21
2.221220666e+21
2.015287854e+21
2.095080085e+21
1.70260324e+21
1.970417139e+21
1.956309759e+21
2.124682912e+21
2.016939141e+21
1.999414003e+21
1.803211506e+21
2.144427648e+21
2.126618777e+21
2.019177179e+21
2.001720452e+21
2.068952141e+21
2.050404541e+21
2.030527268e+21
1.844076798e+21
1.991829841e+21
1.972832433e+21
1.952987661e+21
1.933865671e+21
1.914119072e+21
1.973889936e+21
1.953471707e+21
1.933482407e+21
2.142808227e+21
1.893359656e+21
2.023075687e+21
2.076042472e+21
1.906926361e+21
1.814270225e+21
1.866166884e+21
1.988461683e+21
1.966394202e+21
2.015032078e+21
2.061113453e+21
2.243177083e+21
1.881709213e+21
2.260724753e+21
2.103373557e+21
2.01611371e+21
1.992828193e+21
1.971860497e+21
1.948912557e+21
2.115152584e+21
1.905925507e+21
2.129492476e+21
1.984140736e+21
2.142210058e+21
1.940423623e+21
1.978813068e+21
2.012764423e+21
1.935503205e+21
1.912371136e+21
2.004642246e+21
1.980603317e+21
1.961071668e+21
1.99130886e+21
1.971936216e+21
2.000823808e+21
2.138083556e+21
2.060752561e+21
2.041293468e+21
1.915789042e+21
1.848041844e+21
2.07240283e+21
2.053471068e+21
2.028626461e+21
1.91468503e+21
1.844236418e+21
1.968599613e+21
1.944802788e+21
2.019797222e+21
2.040758773e+21
2.023457311e+21
1.790646871e+21
2.105679639e+21
1.998415743e+21
1.786387591e+21
1.573565509e+21
1.885597661e+21
1.567619531e+21
1.877541902e+21
1.871882666e+21
1.659877837e+21
2.170657208e+21
1.75207187e+21
1.642014255e+21
1.840947508e+21
2.035648508e+21
1.926283976e+21
2.117639614e+21
2.007893943e+21
1.896291331e+21
1.688362483e+21
2.171038089e+21
1.864898306e+21
2.04714637e+21
2.229003763e+21
2.116637527e+21
1.912095912e+21
2.182095732e+21
1.978929415e+21
2.056543426e+21
2.134639802e+21
1.932726416e+21
2.009461827e+21
2.173124844e+21
2.155874578e+21
2.136551794e+21
1.942250725e+21
2.099270966e+21
2.081132072e+21
2.061435208e+21
1.957841249e+21
1.854590291e+21
2.00445942e+21
1.98466983e+21
1.965749159e+21
2.027087124e+21
1.92695766e+21
1.986779815e+21
1.966873836e+21
1.868693059e+21
2.157839888e+21
1.83022032e+21
1.962160487e+21
1.791980694e+21
1.847111229e+21
1.9002648e+21
2.16952389e+21
2.074251487e+21
2.052316699e+21
1.889592929e+21
1.869564496e+21
1.780127624e+21
1.896729762e+21
2.009174385e+21
1.987890498e+21
1.89963692e+21
1.944380071e+21
2.050067222e+21
2.028498589e+21
1.942252107e+21
2.045926992e+21
2.02196763e+21
2.061593609e+21
1.797620818e+21
2.075610417e+21
1.992423173e+21
2.030083043e+21
2.063234973e+21
1.985656335e+21
1.793763731e+21
1.997830295e+21
1.97387518e+21
2.008697567e+21
1.930906526e+21
1.965234483e+21
1.994021492e+21
1.870957753e+21
2.156426977e+21
1.932628467e+21
1.808773973e+21
1.941297852e+21
2.016155576e+21
1.949011792e+21
2.02168952e+21
2.003544663e+21
1.932167554e+21
2.00856406e+21
1.938119605e+21
1.829871055e+21
2.03372508e+21
1.882053844e+21
2.098453154e+21
2.097494307e+21
1.990651444e+21
1.570101469e+21
2.403436691e+21
1.878281677e+21
2.186163526e+21
1.870269172e+21
1.761052802e+21
1.963485792e+21
1.956351961e+21
1.745316503e+21
1.942391405e+21
2.139515361e+21
1.825058955e+21
2.120893119e+21
1.908639571e+21
2.000228842e+21
1.988499613e+21
1.780880787e+21
1.867881755e+21
2.053399889e+21
2.233653614e+21
1.737863522e+21
2.012839828e+21
2.190662901e+21
2.07942265e+21
2.159310012e+21
2.048897603e+21
1.941782281e+21
1.925578226e+21
1.911037941e+21
1.804275032e+21
2.058455898e+21
1.951339114e+21
1.847191652e+21
1.743025388e+21
1.987169103e+21
1.968390504e+21
1.950763034e+21
1.931908377e+21
1.997250919e+21
1.977561109e+21
1.958716566e+21
1.939069389e+21
2.000102944e+21
2.058925336e+21
2.11670003e+21
1.862100131e+21
1.919851327e+21
1.975776109e+21
1.880072682e+21
2.0089305e+21
2.061537531e+21
1.966482298e+21
2.161976391e+21
2.138337275e+21
2.18625347e+21
1.883065431e+21
2.00111764e+21
1.978691647e+21
2.025217485e+21
1.802051466e+21
1.782963876e+21
2.023697478e+21
1.873137246e+21
2.04306957e+21
2.021575853e+21
1.99807693e+21
2.100746204e+21
1.770840068e+21
1.933727396e+21
1.851236339e+21
1.950361069e+21
1.985668124e+21
1.965393928e+21
2.056245644e+21
1.978928799e+21
2.011151425e+21
1.935757135e+21
1.967192599e+21
2.001895633e+21
1.9778226e+21
1.958578149e+21
1.987265273e+21
1.968206956e+21
1.944436212e+21
1.875386788e+21
2.153143664e+21
1.885096981e+21
1.911283665e+21
1.990941818e+21
1.966828434e+21
1.901635143e+21
1.87860279e+21
2.001704265e+21
1.885494525e+21
2.097146916e+21
1.891623726e+21
1.875592207e+21
2.090326368e+21
1.775966511e+21
1.774215954e+21
1.876831173e+21
1.873678955e+21
1.974967924e+21
2.177725355e+21
2.070058408e+21
1.651076789e+21
2.058868766e+21
1.948834197e+21
1.738613028e+21
2.138627139e+21
1.928338835e+21
1.717083032e+21
1.810969544e+21
1.601158073e+21
2.092253143e+21
1.78286462e+21
1.97126127e+21
2.056706535e+21
1.948243096e+21
2.03175742e+21
1.923709646e+21
2.196291567e+21
1.992696518e+21
2.071681367e+21
2.151281293e+21
1.948521674e+21
2.026722923e+21
1.827126397e+21
1.722671527e+21
1.977427687e+21
2.140091369e+21
1.767476977e+21
2.015748518e+21
2.08404538e+21
1.979972476e+21
2.046564025e+21
2.028246066e+21
1.924977001e+21
1.824252906e+21
1.970503132e+21
1.951734113e+21
1.932184381e+21
1.993009006e+21
2.051651426e+21
2.031109816e+21
2.010183024e+21
1.913107608e+21
1.968862266e+21
2.173258704e+21
1.927786201e+21
1.907620746e+21
2.104820377e+21
1.939033101e+21
1.775790471e+21
1.827299848e+21
1.737576738e+21
1.994232236e+21
1.903906566e+21
1.883720974e+21
1.795888431e+21
1.842678206e+21
2.01679599e+21
1.99549238e+21
1.781604586e+21
2.14061897e+21
1.866838889e+21
1.970462453e+21
2.129979822e+21
2.168073101e+21
1.844973825e+21
1.943762977e+21
2.037163393e+21
1.84353165e+21
1.935453314e+21
2.028596601e+21
2.004364768e+21
1.984344341e+21
1.960555114e+21
1.941216917e+21
1.917873477e+21
2.004722612e+21
1.980554682e+21
1.909939293e+21
1.937864174e+21
2.020591253e+21
2.19576061e+21
2.027036185e+21
1.953646183e+21
1.839007795e+21
2.007956997e+21
2.037314931e+21
1.965818293e+21
1.902105531e+21
1.924890096e+21
1.999122099e+21
1.930033169e+21
1.95818311e+21
2.082262285e+21
1.873181773e+21
2.183229018e+21
1.869596788e+21
2.177540706e+21
1.86381871e+21
2.169352072e+21
1.958996521e+21
2.055926396e+21
1.948422864e+21
2.043551568e+21
2.037601001e+21
2.029012787e+21
1.718773581e+21
2.113031584e+21
1.904310329e+21
1.694780052e+21
2.084326522e+21
2.072152648e+21
2.160204944e+21
2.244110894e+21
2.135014947e+21
2.216925514e+21
2.108165465e+21
2.092970719e+21
2.079815266e+21
2.063997509e+21
2.143312057e+21
2.033775252e+21
2.019253212e+21
2.093481145e+21
2.168027855e+21
1.701541525e+21
1.865750347e+21
1.849109111e+21
2.008435815e+21
1.903472184e+21
1.972827786e+21
2.039208605e+21
1.936759039e+21
1.918095184e+21
1.900363833e+21
1.963495355e+21
2.025834652e+21
1.925348093e+21
1.985965212e+21
1.965796856e+21
2.179656233e+21
1.926096729e+21
1.982667544e+21
2.03745805e+21
1.941649731e+21
1.921093531e+21
1.974118375e+21
2.025214667e+21
2.003901989e+21
2.123610741e+21
1.821011336e+21
2.147203291e+21
1.918863223e+21
2.303982133e+21
2.01137493e+21
1.85605509e+21
2.164328469e+21
1.750594135e+21
1.860408026e+21
2.029216608e+21
2.070617147e+21
1.860523675e+21
2.086534741e+21
2.001485612e+21
1.860648117e+21
2.07601206e+21
1.937209378e+21
2.030303176e+21
1.894739223e+21
1.985674533e+21
2.021769839e+21
1.886644662e+21
1.97766941e+21
1.953962269e+21
1.934687708e+21
1.964517783e+21
1.945399843e+21
1.921944805e+21
2.057848784e+21
1.982161054e+21
2.164817278e+21
2.039148739e+21
1.872378994e+21
1.99572248e+21
2.073951907e+21
1.905867103e+21
1.888761939e+21
2.005795627e+21
1.941888842e+21
2.055367327e+21
2.082884319e+21
2.05764331e+21
1.995858356e+21
1.970547174e+21
1.762318372e+21
1.553460289e+21
1.655482631e+21
2.272481846e+21
1.650373716e+21
2.161042933e+21
1.951495441e+21
1.945663986e+21
1.73666429e+21
1.93397068e+21
2.029834569e+21
2.122361803e+21
2.215841805e+21
2.004782654e+21
1.99694396e+21
2.085643882e+21
1.977580699e+21
2.162658346e+21
1.956440012e+21
1.846884207e+21
2.030339922e+21
2.01659811e+21
1.909372102e+21
1.800853646e+21
2.166287777e+21
1.775956288e+21
1.764027447e+21
1.842088618e+21
2.103285557e+21
1.995135398e+21
1.980098873e+21
1.873807875e+21
1.94749278e+21
1.930150304e+21
1.827160676e+21
2.069039061e+21
2.051201191e+21
2.031905866e+21
2.013737917e+21
1.994360762e+21
1.975933178e+21
2.038059631e+21
1.937917497e+21
1.998500011e+21
1.89981219e+21
1.958900682e+21
1.939301208e+21
1.919372447e+21
1.975751761e+21
1.804780368e+21
1.860488241e+21
2.061712336e+21
1.967293494e+21
1.946157474e+21
2.068324197e+21
1.97523506e+21
2.024162031e+21
2.139861973e+21
1.844009321e+21
1.958465179e+21
1.870889414e+21
1.915813003e+21
2.156979303e+21
1.938516072e+21
2.109847118e+21
1.959161575e+21
2.063622287e+21
1.792442675e+21
2.018339081e+21
1.994750175e+21
1.734748962e+21
1.891690379e+21
1.989205878e+21
2.08130298e+21
2.002826653e+21
1.979015617e+21
2.014988871e+21
1.990927942e+21
1.971039234e+21
1.947413615e+21
2.035324621e+21
1.957932277e+21
1.991279049e+21
2.122579225e+21
1.94839772e+21
1.975506492e+21
2.007021495e+21
2.032294214e+21
1.915191614e+21
1.940490902e+21
1.970830578e+21
1.89943788e+21
1.976509999e+21
1.952525237e+21
1.88924488e+21
1.820799971e+21
1.805065673e+21
2.050647865e+21
1.989075854e+21
2.066319349e+21
1.962110626e+21
2.269691754e+21
2.061437834e+21
1.955097805e+21
1.746822508e+21
2.152797203e+21
2.04637009e+21
1.83624135e+21
2.23889286e+21
2.028024863e+21
1.92102076e+21
1.510229687e+21
2.006774907e+21
2.097072485e+21
1.790467237e+21
2.176738093e+21
1.970144863e+21
2.154551348e+21
1.754201382e+21
1.83998954e+21
1.733801085e+21
1.722088259e+21
1.807169017e+21
1.888622456e+21
2.158282831e+21
1.955672279e+21
1.942545114e+21
2.110641516e+21
2.004477763e+21
1.987863962e+21
1.972891728e+21
1.867014213e+21
1.764037632e+21
1.923189256e+21
2.080662716e+21
1.975715957e+21
1.873531467e+21
2.024655246e+21
1.922954674e+21
1.987281514e+21
2.133005368e+21
1.949628278e+21
1.931082288e+21
1.911819624e+21
1.893144904e+21
2.108216942e+21
1.932528419e+21
2.065710549e+21
1.968884056e+21
2.023346815e+21
1.854050451e+21
1.907846638e+21
1.96051564e+21
1.795810719e+21
1.919073891e+21
2.038782806e+21
2.156363903e+21
2.063778082e+21
1.905793365e+21
1.884510651e+21
2.064310998e+21
1.909327445e+21
2.019396248e+21
1.931972033e+21
1.97528862e+21
1.88957835e+21
1.932027586e+21
1.971221935e+21
2.011557964e+21
1.927815678e+21
1.96740414e+21
2.003190012e+21
2.040854104e+21
1.959099843e+21
1.939094346e+21
1.916046892e+21
2.008253237e+21
1.92915806e+21
2.019021515e+21
1.94090871e+21
2.028524627e+21
1.898650483e+21
1.932397691e+21
1.960692105e+21
2.044087321e+21
1.968896462e+21
2.100319971e+21
2.025485616e+21
1.957717331e+21
1.982328963e+21
2.155847727e+21
2.035030779e+21
1.969864947e+21
1.899613853e+21
1.974727333e+21
1.950747255e+21
1.933891732e+21
1.865986797e+21
2.070443262e+21
1.646751266e+21
1.748878403e+21
1.952717681e+21
1.642866162e+21
1.845146614e+21
1.944900287e+21
2.144614159e+21
2.038594003e+21
1.930901746e+21
2.331784639e+21
2.020349654e+21
2.014477974e+21
2.00604001e+21
1.899245421e+21
2.089182997e+21
1.981928785e+21
2.168577577e+21
2.159041209e+21
1.951368093e+21
2.038931961e+21
2.219071666e+21
2.015252213e+21
1.906346035e+21
1.895246694e+21
1.975744252e+21
2.056843923e+21
2.134069808e+21
1.751101718e+21
2.011505695e+21
2.178731814e+21
2.070674669e+21
2.144440209e+21
2.037438172e+21
2.109208241e+21
2.003381795e+21
1.986812626e+21
2.054247304e+21
1.951699783e+21
2.017456187e+21
1.99943585e+21
1.980252346e+21
1.961972381e+21
1.942767932e+21
1.924295125e+21
1.984506701e+21
1.965129429e+21
2.100872677e+21
1.925802772e+21
1.829821209e+21
1.96206393e+21
2.091044401e+21
1.995469625e+21
2.047544653e+21
2.098509093e+21
2.076012695e+21
1.912511819e+21
1.891707641e+21
1.87172603e+21
1.851092926e+21
2.034991045e+21
2.079361391e+21
1.924596893e+21
2.165352635e+21
2.077507577e+21
1.989654428e+21
2.15915864e+21
2.008785854e+21
1.863430357e+21
1.964620603e+21
2.00482226e+21
1.981414389e+21
2.020246885e+21
1.937783226e+21
2.092157542e+21
2.009996976e+21
1.989471091e+21
2.021997472e+21
2.001562485e+21
1.977670071e+21
1.957911362e+21
1.934447117e+21
1.915360976e+21
2.05002218e+21
1.925961574e+21
1.902734235e+21
1.935411611e+21
2.062962853e+21
1.844110323e+21
2.06795962e+21
1.999959017e+21
1.927511604e+21
2.053142289e+21
2.028211843e+21
1.963264426e+21
1.985587197e+21
1.922326651e+21
1.898965604e+21
1.972204824e+21
1.90396401e+21
2.019551503e+21
1.948087758e+21
1.844719411e+21
2.047688166e+21
2.045787209e+21
1.838148791e+21
1.937525886e+21
1.729542025e+21
2.030876789e+21
1.82236198e+21
1.716981984e+21
1.811459089e+21
1.605509186e+21
1.798647825e+21
1.892108722e+21
2.081352648e+21
1.579604445e+21
1.865867381e+21
2.053211679e+21
2.138518334e+21
1.93462135e+21
1.922477362e+21
2.007792136e+21
2.184209894e+21
2.171501387e+21
2.155963717e+21
2.049299158e+21
2.033823732e+21
1.928363274e+21
1.821991357e+21
1.899466204e+21
2.063182535e+21
1.780576088e+21
2.118369842e+21
2.101626229e+21
1.996208381e+21
1.979707993e+21
2.046930454e+21
1.860202656e+21
1.926545303e+21
1.992360729e+21
1.973272728e+21
1.955065702e+21
1.935955698e+21
1.917555506e+21
1.977583274e+21
1.958280984e+21
1.938499447e+21
2.302948531e+21
1.899478387e+21
1.95529089e+21
2.009429701e+21
1.98861222e+21
1.967657381e+21
1.947099082e+21
2.282961176e+21
2.117771634e+21
1.745631607e+21
1.934459951e+21
1.844828271e+21
2.095711097e+21
1.87179811e+21
2.050391517e+21
1.831091065e+21
1.876412696e+21
2.046949988e+21
1.962045209e+21
2.002066721e+21
1.981011798e+21
2.080442296e+21
1.816483195e+21
2.034655962e+21
1.954295396e+21
1.989862332e+21
1.969353177e+21
2.06055587e+21
2.039513022e+21
2.015284285e+21
1.994916166e+21
1.971107131e+21
2.059824607e+21
1.928028404e+21
1.909004254e+21
1.886047814e+21
1.919568187e+21
1.947670249e+21
1.928983255e+21
1.905659294e+21
2.036680319e+21
1.962931093e+21
1.99330238e+21
1.921086848e+21
1.903533247e+21
1.880407862e+21
2.003296277e+21
1.978941241e+21
2.143975738e+21
2.072840199e+21
2.010260848e+21
1.941685605e+21
2.05651335e+21
2.247143251e+21
1.735641876e+21
2.039943072e+21
1.936148142e+21
1.831203848e+21
2.1333869e+21
1.824371393e+21
1.922056894e+21
1.916361829e+21
1.911757629e+21
2.005172211e+21
2.099319593e+21
1.991011662e+21
2.182661054e+21
1.876096894e+21
1.967137726e+21
2.250276865e+21
2.142986035e+21
1.7432108e+21
2.023829017e+21
2.011148981e+21
1.714617503e+21
2.176181307e+21
1.975395186e+21
1.961286065e+21
2.134619065e+21
1.750087956e+21
2.104335412e+21
2.087697771e+21
1.802468748e+21
1.96636423e+21
1.862873426e+21
2.022823298e+21
1.919590322e+21
1.902604148e+21
2.058421554e+21
1.954679477e+21
1.853609116e+21
2.003210572e+21
1.985335503e+21
1.966342139e+21
1.948207479e+21
2.009574031e+21
1.910862931e+21
1.891879668e+21
1.873420903e+21
2.086336591e+21
1.912490947e+21
1.892938362e+21
1.873619664e+21
2.07671094e+21
1.981801784e+21
1.960942844e+21
1.796721693e+21
1.990802464e+21
1.829168746e+21
1.80931124e+21
1.859061154e+21
2.110991931e+21
1.886519034e+21
2.065381576e+21
1.977582516e+21
1.955308537e+21
1.999100799e+21
2.040109177e+21
1.955489874e+21
2.057748399e+21
1.974408861e+21
2.012535626e+21
1.991485279e+21
2.027899843e+21
1.947806313e+21
1.983264775e+21
1.962823377e+21
2.05373178e+21
1.976292468e+21
1.897025776e+21
1.877851961e+21
1.964587605e+21
1.944957206e+21
1.975031373e+21
1.955542075e+21
1.879809012e+21
1.964925677e+21
1.839054286e+21
2.074381471e+21
2.049294737e+21
1.831889902e+21
2.054241329e+21
1.986689907e+21
1.9625724e+21
1.992069444e+21
2.061563875e+21
2.04306164e+21
1.880602898e+21
1.954967042e+21
1.976085541e+21
2.048062382e+21
1.891191748e+21
1.962400641e+21
2.035154836e+21
1.830810141e+21
1.930643529e+21
1.928853814e+21
1.925661807e+21
1.922943588e+21
2.019461025e+21
2.015616329e+21
2.311104978e+21
1.804347997e+21
1.797901814e+21
1.991873866e+21
1.983581611e+21
2.075678712e+21
2.164241339e+21
2.057815912e+21
2.144459069e+21
1.843904796e+21
2.219209549e+21
2.01636114e+21
2.099168294e+21
2.087942957e+21
1.885401326e+21
2.155613075e+21
1.954136035e+21
1.941902902e+21
2.110840972e+21
2.096709579e+21
2.080160305e+21
1.975566205e+21
2.137418867e+21
2.032970283e+21
2.015594206e+21
2.08662457e+21
2.068189117e+21
1.965650076e+21
2.032452016e+21
2.014976895e+21
1.912989486e+21
1.978359646e+21
1.959460062e+21
2.103180304e+21
2.002576617e+21
1.90421691e+21
1.963880341e+21
1.866937252e+21
1.925133075e+21
1.982139962e+21
1.961900947e+21
1.86719628e+21
1.995702731e+21
1.755589188e+21
1.881893459e+21
1.933864905e+21
1.771482038e+21
1.963206652e+21
2.080623549e+21
1.921414725e+21
2.036028126e+21
2.081628524e+21
2.058461924e+21
2.036658494e+21
2.013736967e+21
2.120969615e+21
2.033313938e+21
1.948978196e+21
1.92661358e+21
1.844859182e+21
1.945079251e+21
1.98488311e+21
1.902295005e+21
2.000189277e+21
1.976710823e+21
1.89879742e+21
1.990092942e+21
2.026047511e+21
1.946379905e+21
1.981755073e+21
1.958111064e+21
1.938544198e+21
2.074927751e+21
1.896416557e+21
1.977700867e+21
2.009984017e+21
1.934820219e+21
2.067537002e+21
1.893075078e+21
1.924534293e+21
1.901203767e+21
1.883529884e+21
2.003783225e+21
2.032746122e+21
2.008026491e+21
1.804888079e+21
1.965781907e+21
1.993781073e+21
2.014259909e+21
1.996862524e+21
1.884869662e+21
1.868916891e+21
1.926134538e+21
1.823933868e+21
1.923395966e+21
1.82047665e+21
2.322323055e+21
1.915734442e+21
1.810709796e+21
1.706861013e+21
1.701824592e+21
2.097209241e+21
1.890710047e+21
1.885228897e+21
2.07501715e+21
1.969491413e+21
1.960199876e+21
1.952565802e+21
2.039422965e+21
2.03047843e+21
1.73038196e+21
2.104612371e+21
2.281609538e+21
1.985739655e+21
1.784595574e+21
1.960994416e+21
1.947037947e+21
1.934857288e+21
1.737434343e+21
1.998306693e+21
1.982560675e+21
1.878992336e+21
2.129768283e+21
1.937628914e+21
1.921094139e+21
2.079203767e+21
2.060862355e+21
2.043856406e+21
2.025289333e+21
2.007885029e+21
1.989164727e+21
1.97143264e+21
2.033985407e+21
1.934634375e+21
1.915802653e+21
1.976684332e+21
1.957099841e+21
1.938019088e+21
1.841778023e+21
2.051310843e+21
2.105591594e+21
2.009682132e+21
1.915246027e+21
1.968319903e+21
2.019785513e+21
1.99869709e+21
1.836122618e+21
1.956584251e+21
1.935385804e+21
2.120131927e+21
2.164487306e+21
2.007733522e+21
1.98540821e+21
1.89890198e+21
1.942290365e+21
1.985795629e+21
1.773243338e+21
2.130494556e+21
1.982176336e+21
2.022625855e+21
1.938651568e+21
1.918375343e+21
1.955270692e+21
1.934956574e+21
1.912252985e+21
1.892543039e+21
1.983545575e+21
2.019381214e+21
1.995409547e+21
1.975239433e+21
1.951677084e+21
1.932173341e+21
1.962053804e+21
2.047700151e+21
2.023075618e+21
1.952008849e+21
1.92845858e+21
1.960213769e+21
2.085460363e+21
1.869014983e+21
1.992115658e+21
1.877322747e+21
2.092273718e+21
2.073154298e+21
2.094474799e+21
1.98342499e+21
2.004832016e+21
2.077500954e+21
2.007568004e+21
1.990230113e+21
1.965965968e+21
2.03596642e+21
1.817930216e+21
2.321861569e+21
2.117908151e+21
2.015188222e+21
2.112460423e+21
1.707676081e+21
1.904175185e+21
2.100612674e+21
2.094427202e+21
2.188899793e+21
2.081970289e+21
1.977084187e+21
2.067330975e+21
2.256530393e+21
2.148257629e+21
1.848092474e+21
1.838401927e+21
1.926678226e+21
2.011377771e+21
1.620334366e+21
1.894398822e+21
1.790067886e+21
2.152445814e+21
2.046914029e+21
2.032371773e+21
2.111468578e+21
2.00451947e+21
1.991117201e+21
1.885660745e+21
1.693954449e+21
2.033748427e+21
1.755206435e+21
2.001289932e+21
2.07183556e+21
1.968021182e+21
1.951790403e+21
1.934086251e+21
2.000842909e+21
1.98221541e+21
1.964553972e+21
1.945839425e+21
1.9279185e+21
2.068276046e+21
1.969856874e+21
1.950366e+21
1.854103659e+21
1.835471778e+21
1.89286473e+21
2.098416026e+21
1.928659972e+21
2.055575442e+21
1.961647515e+21
1.86917987e+21
1.920809415e+21
1.900328287e+21
1.950006378e+21
1.997789347e+21
2.181193445e+21
2.022431127e+21
1.867630663e+21
1.912840741e+21
2.218892874e+21
1.935846067e+21
2.234591077e+21
2.019858362e+21
1.936084083e+21
1.975633745e+21
2.138129804e+21
1.690732949e+21
2.091312823e+21
2.007898035e+21
2.045479623e+21
2.02148884e+21
2.000652737e+21
1.920554259e+21
2.012758642e+21
1.988871462e+21
1.968766498e+21
1.999320949e+21
1.979339895e+21
1.955628765e+21
1.936326935e+21
2.016449302e+21
1.843213178e+21
1.871556042e+21
1.9537884e+21
1.979637867e+21
2.009952931e+21
1.985573179e+21
1.919134755e+21
1.848415227e+21
2.113296621e+21
1.99479133e+21
2.022862695e+21
1.771140947e+21
2.07064004e+21
2.089850212e+21
2.11588439e+21
2.04652368e+21
1.856509794e+21
1.811152317e+21
2.112057645e+21
1.909062865e+21
2.007680965e+21
1.904159999e+21
1.801399366e+21
2.196640458e+21
1.893493317e+21
1.887929171e+21
2.081657331e+21
1.975491302e+21
1.772794262e+21
1.863539481e+21
1.75946675e+21
1.848487531e+21
1.938208179e+21
2.024467909e+21
1.727657616e+21
2.099460689e+21
1.89931863e+21
1.887506876e+21
1.971305169e+21
2.144648625e+21
2.039506953e+21
2.209137544e+21
2.103862934e+21
1.906537383e+21
2.074160132e+21
2.057870968e+21
2.043261454e+21
1.85030147e+21
1.923874237e+21
1.90750872e+21
1.892476108e+21
1.961098325e+21
2.029495932e+21
2.011114362e+21
1.993850013e+21
2.057619251e+21
2.039294937e+21
1.939099871e+21
1.92124909e+21
2.061148682e+21
1.884553362e+21
1.865931206e+21
2.155711601e+21
1.981642618e+21
1.810955392e+21
2.091289199e+21
1.996042713e+21
1.902295158e+21
1.882612057e+21
1.862887275e+21
2.197954596e+21
2.034249968e+21
1.943472585e+21
1.991116839e+21
2.105977779e+21
1.948510487e+21
1.994376763e+21
1.972237156e+21
1.821264928e+21
1.929444392e+21
1.845397596e+21
2.139021957e+21
1.929700794e+21
1.907598758e+21
1.948431489e+21
1.986107899e+21
1.965336668e+21
2.001318161e+21
1.980526029e+21
1.899738483e+21
1.994105986e+21
2.026881506e+21
2.006179364e+21
1.982376083e+21
1.962335847e+21
2.046653761e+21
1.919556431e+21
1.949245669e+21
1.982167841e+21
2.009866252e+21
1.990293912e+21
1.966277352e+21
1.947405017e+21
2.022494747e+21
1.856791528e+21
1.930803446e+21
1.912851694e+21
2.078554485e+21
1.919134869e+21
2.034477076e+21
1.970395037e+21
1.946367812e+21
1.929227057e+21
1.949998558e+21
2.021032075e+21
2.039750262e+21
1.893399626e+21
1.603933129e+21
2.004012791e+21
2.002080131e+21
1.900217963e+21
1.797251722e+21
1.695014281e+21
1.890074374e+21
1.985773244e+21
1.781954856e+21
1.777686472e+21
1.86979747e+21
2.256889393e+21
1.954407803e+21
2.045167909e+21
2.035576085e+21
1.737997432e+21
2.305225519e+21
2.103873698e+21
1.806571593e+21
2.270894559e+21
2.068731385e+21
1.964166335e+21
2.043998691e+21
1.939782687e+21
1.92604974e+21
1.822879901e+21
1.990181745e+21
1.797174824e+21
1.872238529e+21
1.947476801e+21
1.931546512e+21
2.004209409e+21
1.987187257e+21
2.057254709e+21
1.954224001e+21
2.022391104e+21
1.920596816e+21
1.986905826e+21
1.968461434e+21
1.950939645e+21
1.932406842e+21
1.914625666e+21
1.975067568e+21
2.03459618e+21
1.937036385e+21
1.994899076e+21
2.050861456e+21
2.030403077e+21
1.93533843e+21
1.768259729e+21
1.968803843e+21
1.948437539e+21
1.928046018e+21
2.049257094e+21
2.027452327e+21
2.282872151e+21
1.84762746e+21
1.895845081e+21
1.94204738e+21
2.186541286e+21
2.031240843e+21
1.815246355e+21
2.051290577e+21
1.902741937e+21
2.006579702e+21
1.985403311e+21
2.146678279e+21
2.063421328e+21
1.979609062e+21
1.958906457e+21
1.99478127e+21
2.09017826e+21
1.893542457e+21
1.987601941e+21
2.020278279e+21
1.99964296e+21
1.866149491e+21
1.95594707e+21
1.986310424e+21
2.019604541e+21
1.942904105e+21
2.027710413e+21
2.054693379e+21
2.034683069e+21
1.959875431e+21
1.990834061e+21
1.819230365e+21
2.094257925e+21
1.972616299e+21
1.858944398e+21
1.930505609e+21
1.959518164e+21
2.027816229e+21
1.872597814e+21
1.84974969e+21
2.057053268e+21
1.987756443e+21
1.970594623e+21
1.989765755e+21
1.972936089e+21
1.897621853e+21
1.896767527e+21
2.094409362e+21
2.092474663e+21
2.089047122e+21
1.887430419e+21
2.27954452e+21
1.978450043e+21
1.775393905e+21
1.869540625e+21
1.76488014e+21
1.955306933e+21
1.84988555e+21
1.746582725e+21
2.028141709e+21
1.827857155e+21
2.105432043e+21
2.000939117e+21
1.989496288e+21
1.88555568e+21
2.154953189e+21
2.143467498e+21
1.851497825e+21
2.116891216e+21
2.101930422e+21
1.907178775e+21
1.892949091e+21
2.148933607e+21
1.776760783e+21
2.028786944e+21
1.749754916e+21
2.083978325e+21
1.894114096e+21
1.964622601e+21
2.032067168e+21
2.015335848e+21
1.913922415e+21
1.980009842e+21
1.961655775e+21
1.944202997e+21
1.925759857e+21
1.908047752e+21
1.968307992e+21
1.949654584e+21
1.930439669e+21
1.988112444e+21
2.1953115e+21
1.873637234e+21
1.928809808e+21
2.056016338e+21
1.889518259e+21
2.013821232e+21
2.206279944e+21
2.112837092e+21
1.881341346e+21
1.93053548e+21
1.97790465e+21
2.024527128e+21
1.802135489e+21
1.849116775e+21
2.155163673e+21
2.067734206e+21
1.852874984e+21
2.212575391e+21
2.12500598e+21
2.040740932e+21
2.078528983e+21
2.056678557e+21
2.03294512e+21
2.011685404e+21
2.04676597e+21
2.083373556e+21
2.058967327e+21
2.037744191e+21
2.013717937e+21
1.993149009e+21
1.969511775e+21
2.003755306e+21
1.926358497e+21
2.013053405e+21
1.988944309e+21
1.917485737e+21
1.84322609e+21
1.977380104e+21
2.053695322e+21
1.885153276e+21
2.107373266e+21
1.844726919e+21
1.966201065e+21
2.042938804e+21
1.877285452e+21
1.999638367e+21
1.975262516e+21
2.003059238e+21
1.933636726e+21
2.050326527e+21
1.981239198e+21
1.964135276e+21
2.02633705e+21
1.923702884e+21
)
;

boundaryField
{
    BCSymmetryPlane
    {
        type            symmetry;
    }
    BCWall
    {
        type            calculated;
        value           uniform 0;
    }
    inlet
    {
        type            calculated;
        value           uniform 0;
    }
    outlet
    {
        type            calculated;
        value           uniform 0;
    }
}


// ************************************************************************* //
