/*--------------------------------*- C++ -*----------------------------------*\
| =========                 |                                                 |
| \\      /  F ield         | OpenFOAM: The Open Source CFD Toolbox           |
|  \\    /   O peration     | Version:  2506                                  |
|   \\  /    A nd           | Website:  www.openfoam.com                      |
|    \\/     M anipulation  |                                                 |
\*---------------------------------------------------------------------------*/
FoamFile
{
    version     2.0;
    format      ascii;
    arch        "LSB;label=32;scalar=64";
    class       volScalarField;
    location    "0";
    object      rhoN_O2;
}
// * * * * * * * * * * * * * * * * * * * * * * * * * * * * * * * * * * * * * //

dimensions      [0 -3 0 0 0 0 0];

internalField   nonuniform List<scalar> 
60000
(
4.452873371e+20
6.675211155e+20
4.443134685e+20
0
2.212977048e+20
2.209240311e+20
4.401520366e+20
4.391550907e+20
0
0
6.498040453e+20
4.317018757e+20
2.143850201e+20
2.135114645e+20
8.475136567e+20
2.108860655e+20
6.273179992e+20
2.080008424e+20
1.030468669e+21
4.097663287e+20
8.114740727e+20
4.031222014e+20
1.994576778e+20
3.961257763e+20
0
0
1.921877052e+20
3.812979306e+20
3.767625432e+20
3.73573059e+20
7.379757188e+20
0
5.416470474e+20
3.577480818e+20
1.765682697e+20
5.246053679e+20
5.17715131e+20
1.708566043e+20
3.37155129e+20
8.342805074e+20
4.938067249e+20
4.88648018e+20
6.426413919e+20
4.768505722e+20
3.13529466e+20
6.202829783e+20
6.117062451e+20
4.537641888e+20
2.983108071e+20
4.425328624e+20
2.90918809e+20
8.630811551e+20
4.255357712e+20
2.805368444e+20
4.149550221e+20
0
1.213946654e+21
6.669309019e+20
5.261696057e+20
3.902662127e+20
2.565980604e+20
5.075592131e+20
1.25154413e+20
3.713713369e+20
2.442188218e+20
4.83164299e+20
2.38328549e+20
4.715661393e+20
4.652749187e+20
3.452735633e+20
5.678602805e+20
2.247779782e+20
3.327694743e+20
3.293506681e+20
5.418531415e+20
3.218196842e+20
0
5.242806028e+20
0
4.101206889e+20
6.076418655e+20
4.011727449e+20
4.954406574e+20
2.944285986e+20
4.849452158e+20
5.764610833e+20
1.899481667e+20
3.763708904e+20
4.65204613e+20
1.84376133e+20
4.559360966e+20
5.421627203e+20
4.470531909e+20
3.544298959e+20
4.385443276e+20
3.477069964e+20
6.025573564e+20
4.265797035e+20
5.071240498e+20
1.675455221e+20
2.208219219e+20
4.413738907e+20
6.610245256e+20
2.200918744e+20
0
8.764961904e+20
4.365758978e+20
4.355894183e+20
2.167371299e+20
8.64475758e+20
0
6.423457301e+20
2.126694933e+20
6.354151871e+20
2.101942449e+20
2.092122353e+20
1.037280607e+21
2.063624302e+20
4.089613143e+20
0
4.025886497e+20
8.000011378e+20
9.896201292e+20
3.93086738e+20
5.831898508e+20
7.717573175e+20
0
3.784299129e+20
7.479007604e+20
1.853959776e+20
7.32524569e+20
3.630135462e+20
1.792293777e+20
1.775701596e+20
8.764568423e+20
3.472144725e+20
5.140107014e+20
3.392745784e+20
3.347680023e+20
4.970332413e+20
1.634489131e+20
8.087209051e+20
4.786383189e+20
3.157006808e+20
4.670649658e+20
7.700410931e+20
1.51886642e+20
1.502281405e+20
2.963011549e+20
4.395565979e+20
4.334645781e+20
7.14439236e+20
4.227184818e+20
2.786820939e+20
1.374098948e+20
5.435323513e+20
4.020111214e+20
3.9755296e+20
5.227635803e+20
5.169898286e+20
2.549477056e+20
1.260743552e+20
6.217708822e+20
1.229994517e+20
3.639982893e+20
4.800927883e+20
5.92049516e+20
4.685819173e+20
5.779268263e+20
6.86194237e+20
7.900093128e+20
5.584144014e+20
4.409127069e+20
6.545739988e+20
4.307724547e+20
5.330122583e+20
4.210066672e+20
3.126041946e+20
4.116080531e+20
6.113429435e+20
5.032108433e+20
2.990027295e+20
5.908201525e+20
7.802432204e+20
2.891501593e+20
5.7285987e+20
7.550399525e+20
6.545275554e+20
4.622877757e+20
5.496593311e+20
5.436825749e+20
1.795842217e+20
5.330778783e+20
6.163375929e+20
2.614587703e+20
6.910071259e+20
1.710626853e+20
5.086367494e+20
5.038761789e+20
4.994200174e+20
6.570892369e+20
2.188963871e+20
2.185557065e+20
2.183087724e+20
6.5315697e+20
2.173531579e+20
2.165287007e+20
4.320811817e+20
2.14997668e+20
4.287717794e+20
2.131421075e+20
4.248144805e+20
4.219624083e+20
6.303771582e+20
6.256099155e+20
4.151295331e+20
6.174962251e+20
4.094992554e+20
2.028926351e+20
6.051203818e+20
3.994887477e+20
9.923172762e+20
5.892413364e+20
1.950469875e+20
1.929273055e+20
1.914844866e+20
1.89310961e+20
5.63407077e+20
0
3.680519538e+20
3.635766799e+20
7.207175909e+20
1.779288901e+20
5.288554491e+20
6.961312125e+20
5.170922372e+20
5.103589081e+20
3.36870508e+20
4.98621661e+20
4.935477579e+20
0
1.606214942e+20
3.168944271e+20
0
3.092531845e+20
3.059203084e+20
4.525823111e+20
2.984307853e+20
5.886367972e+20
2.910800665e+20
1.435298641e+20
1.419415378e+20
2.799588341e+20
6.921292686e+20
1.365133041e+20
5.399902558e+20
5.325433662e+20
3.949810912e+20
2.597006837e+20
2.568339758e+20
3.799776665e+20
6.263466054e+20
6.178205415e+20
3.666555062e+20
2.411318644e+20
3.577950619e+20
3.529950688e+20
5.82044035e+20
3.445835709e+20
3.409479405e+20
2.243076028e+20
6.659135319e+20
4.381673992e+20
2.168326873e+20
3.210720535e+20
3.178200355e+20
5.229936609e+20
2.071096026e+20
3.067926401e+20
3.037762241e+20
4.000740768e+20
2.971491698e+20
2.93578749e+20
2.907766071e+20
3.831409877e+20
6.641872671e+20
5.627597456e+20
2.787674197e+20
2.756443726e+20
3.641556707e+20
3.601898931e+20
5.353852383e+20
2.648672006e+20
6.124719737e+20
8.66039846e+20
4.291598502e+20
5.949300227e+20
4.21182572e+20
4.172247042e+20
3.308295829e+20
0
2.171346506e+20
2.167986186e+20
6.496629911e+20
4.319453786e+20
6.468319866e+20
6.443927471e+20
2.143145022e+20
0
4.253608266e+20
2.114535933e+20
6.321788132e+20
8.372780363e+20
6.254183911e+20
4.138099431e+20
2.059430415e+20
2.042332584e+20
2.031618391e+20
0
4.003105157e+20
5.946543285e+20
1.969500644e+20
3.898528098e+20
0
1.914800385e+20
3.801028396e+20
7.516185767e+20
3.728213939e+20
9.211253553e+20
1.826760752e+20
9.023254322e+20
7.154851833e+20
5.299414176e+20
7.00074418e+20
1.727921816e+20
5.134157975e+20
3.378390914e+20
3.34500268e+20
6.601874822e+20
8.168513643e+20
4.83570218e+20
4.785428561e+20
4.720900644e+20
4.670870362e+20
4.607377367e+20
9.115575479e+20
1.498486636e+20
4.446486243e+20
2.923620019e+20
2.891483843e+20
5.703366567e+20
7.050384013e+20
2.781295685e+20
5.500904162e+20
6.781416893e+20
6.706175347e+20
3.968374349e+20
9.156986642e+20
5.16082127e+20
3.827913681e+20
2.517098746e+20
2.489490052e+20
6.139200798e+20
2.428948135e+20
5.990436664e+20
5.925818138e+20
1.169294557e+20
3.470440258e+20
3.424380995e+20
4.5176736e+20
4.458314988e+20
1.102969501e+20
4.354560669e+20
7.542180001e+20
3.190895544e+20
2.105715082e+20
5.197692432e+20
3.087485385e+20
5.081713554e+20
5.031738894e+20
6.958178588e+20
5.90636899e+20
4.862833126e+20
9.632812516e+19
4.759724278e+20
1.885969203e+20
1.864276742e+20
3.693927881e+20
4.565624736e+20
5.428501201e+20
5.369293088e+20
3.547064305e+20
6.141713706e+20
5.217038931e+20
4.303095878e+20
6.82358854e+20
2.533664195e+20
3.348279185e+20
5.804209417e+20
5.752936721e+20
6.465938107e+20
4.308020912e+20
4.301391155e+20
6.444835881e+20
6.427625385e+20
1.069479415e+21
4.261878493e+20
2.126157765e+20
2.116011832e+20
6.330055723e+20
6.293748648e+20
8.362867961e+20
2.076837846e+20
4.136913533e+20
4.105972798e+20
1.021732307e+21
0
2.015984868e+20
5.993683679e+20
7.945096342e+20
3.934299858e+20
3.909191593e+20
0
0
3.801086469e+20
3.772792876e+20
3.730381345e+20
1.850395083e+20
1.828801276e+20
3.626916667e+20
7.166438314e+20
5.32746152e+20
7.015348921e+20
1.737701288e+20
6.862764912e+20
5.097912665e+20
1.677362686e+20
9.964894479e+20
3.278052201e+20
4.867214161e+20
3.201678088e+20
3.168444733e+20
1.562942236e+20
4.639207703e+20
9.152759497e+20
1.509062447e+20
1.488500466e+20
5.889212644e+20
5.808628853e+20
2.872421713e+20
4.249525345e+20
2.801720608e+20
2.763240528e+20
4.098931969e+20
1.347547716e+20
5.330427819e+20
5.257336127e+20
3.899359069e+20
1.282012601e+20
2.535753196e+20
3.751824072e+20
6.18448533e+20
4.880548468e+20
2.413719607e+20
3.571829579e+20
3.533311358e+20
3.486090838e+20
3.448887378e+20
2.26879453e+20
8.979449609e+20
0
5.480840222e+20
6.491671247e+20
4.283310645e+20
4.2284185e+20
1.046395279e+20
4.132674728e+20
3.068561585e+20
6.060722527e+20
2.000369142e+20
4.939706191e+20
5.870202979e+20
5.799667551e+20
7.659042714e+20
5.676657998e+20
2.811606149e+20
9.264149903e+19
3.671239019e+20
2.72251605e+20
8.991806498e+19
3.557434672e+20
1.762583709e+20
4.359764252e+20
5.184723448e+20
5.131595643e+20
4.238221194e+20
1.678552494e+20
6.654724869e+20
5.767737174e+20
2.450063619e+20
2.138236103e+20
4.273898071e+20
4.267357173e+20
0
0
2.122081645e+20
6.342512378e+20
6.328313053e+20
8.39771472e+20
6.280487692e+20
4.163111431e+20
0
2.060734265e+20
2.052437587e+20
2.03717058e+20
4.055488921e+20
0
6.001770335e+20
1.982731928e+20
0
3.904690029e+20
0
7.680729163e+20
5.720745077e+20
1.886496826e+20
1.872486876e+20
5.554613244e+20
1.836883446e+20
1.089328077e+21
1.80034825e+20
1.778755426e+20
5.289337722e+20
5.224147528e+20
3.450786773e+20
5.110897693e+20
5.062175525e+20
1.665694538e+20
3.298584624e+20
1.627741065e+20
6.445047615e+20
4.769784444e+20
7.867251938e+20
6.209580869e+20
3.071980947e+20
1.515265478e+20
5.995993461e+20
1.478646514e+20
2.925149064e+20
1.442631062e+20
2.853609271e+20
2.814593292e+20
5.567054018e+20
6.863545685e+20
8.14506073e+20
4.016771591e+20
9.268623974e+20
2.611968148e+20
5.166151206e+20
3.821769824e+20
5.039536098e+20
7.456597591e+20
4.916589787e+20
1.212530124e+20
5.996702106e+20
4.732900577e+20
8.193282614e+20
6.929134221e+20
2.285067034e+20
4.509684276e+20
5.577649621e+20
4.40366454e+20
7.626149695e+20
6.451992545e+20
4.257128197e+20
4.2026281e+20
5.200059302e+20
2.053752929e+20
4.06649113e+20
5.019869283e+20
4.970481976e+20
6.873516947e+20
3.889651452e+20
1.921456763e+20
6.660858979e+20
2.821036733e+20
3.72595994e+20
4.603807322e+20
2.736620381e+20
5.411726991e+20
3.574717004e+20
3.53561169e+20
4.379424025e+20
2.599754833e+20
2.576402919e+20
2.549936671e+20
4.212027378e+20
3.336253337e+20
2.480029047e+20
4.094086024e+20
4.869552234e+20
4.242855946e+20
4.24031154e+20
2.116928769e+20
2.114562162e+20
6.326937615e+20
0
2.097664181e+20
6.278935573e+20
4.166206862e+20
4.154459948e+20
0
4.116785952e+20
8.179513977e+20
8.146658491e+20
2.021596582e+20
4.024528654e+20
3.991648839e+20
5.956286078e+20
7.871190845e+20
3.912812661e+20
3.875522562e+20
3.850905591e+20
3.811928826e+20
7.57130326e+20
3.745313042e+20
7.435123758e+20
5.514249737e+20
3.647135406e+20
9.012415288e+20
1.787426361e+20
3.532168814e+20
5.251755682e+20
1.729103433e+20
5.139775828e+20
5.075226676e+20
5.026935943e+20
3.308375205e+20
4.913783052e+20
4.849831097e+20
3.200542205e+20
6.316659908e+20
1.562823908e+20
7.709947955e+20
6.102870612e+20
3.010412785e+20
4.467202893e+20
4.406766512e+20
1.452973628e+20
5.732916314e+20
2.835041644e+20
5.592815525e+20
6.913920434e+20
2.727824445e+20
2.697644463e+20
5.321638756e+20
3.947038563e+20
6.488697702e+20
0
1.265935393e+20
6.259957944e+20
4.940088939e+20
0
3.615052187e+20
3.575742475e+20
5.879657354e+20
1.16325741e+20
3.443307534e+20
3.406574879e+20
5.60265076e+20
0
6.565258033e+20
4.331254853e+20
3.206397974e+20
4.231263893e+20
2.0885752e+20
5.168529264e+20
2.04132085e+20
3.031401484e+20
4.989508215e+20
3.952327556e+20
3.903973729e+20
2.899591799e+20
3.819666714e+20
1.891585555e+20
6.542559087e+20
3.703388505e+20
4.57588261e+20
3.626687306e+20
7.17176911e+20
1.776489521e+20
3.51405482e+20
6.964349597e+20
5.167696353e+20
3.414185867e+20
3.379027221e+20
2.511693209e+20
1.657829557e+20
4.929454895e+20
4.8824149e+20
4.032797014e+20
2.104882031e+20
6.310873162e+20
2.100439882e+20
6.294293146e+20
1.255553496e+21
6.267341591e+20
6.244239983e+20
4.153548451e+20
4.13406023e+20
4.122429733e+20
8.198353911e+20
0
6.087794569e+20
8.084528958e+20
4.012517803e+20
0
1.980788858e+20
1.970495346e+20
7.812347143e+20
5.825420347e+20
5.770181426e+20
7.644819099e+20
3.783911077e+20
1.878943273e+20
5.577053447e+20
1.84527419e+20
7.299291485e+20
0
5.368817932e+20
1.774688642e+20
3.507185272e+20
5.214703934e+20
1.030197787e+21
5.103879987e+20
0
4.992183599e+20
6.571354238e+20
4.880155809e+20
1.605630859e+20
1.589429227e+20
6.274186203e+20
1.552340001e+20
3.063445065e+20
6.062325321e+20
0
5.917070445e+20
4.377974689e+20
5.773991798e+20
5.695795408e+20
2.816714083e+20
2.778455723e+20
6.869598969e+20
6.776136697e+20
4.020734512e+20
1.322003113e+20
3.922128156e+20
5.158393791e+20
6.376754158e+20
8.806329424e+20
4.976789681e+20
2.454748234e+20
4.855743713e+20
4.790388761e+20
4.738317183e+20
4.674908666e+20
3.468402583e+20
4.563076369e+20
2.257203725e+20
5.568614795e+20
6.611873236e+20
2.175168844e+20
2.152515656e+20
3.187036362e+20
6.308567956e+20
2.075989873e+20
2.054951712e+20
6.08711513e+20
5.021928179e+20
1.983804879e+20
5.892838339e+20
6.790890732e+20
2.882157221e+20
1.898349732e+20
3.760414204e+20
9.290255672e+19
5.521633341e+20
4.548294615e+20
4.506018115e+20
6.237378333e+20
5.29725579e+20
4.365949031e+20
4.326336695e+20
5.136269973e+20
5.938491074e+20
4.197992474e+20
1.664239685e+20
4.942976372e+20
4.899227018e+20
2.426151322e+20
5.611121574e+20
4.17718438e+20
0
6.252617629e+20
4.163775358e+20
2.076451903e+20
0
6.196236998e+20
8.243275652e+20
4.102405888e+20
2.045444817e+20
2.033970253e+20
2.027053249e+20
8.055551388e+20
2.005834975e+20
5.9734566e+20
3.964004926e+20
1.965978143e+20
9.77892482e+20
1.938594181e+20
7.709694065e+20
1.909237823e+20
7.588664283e+20
7.51260437e+20
5.595788657e+20
3.691152676e+20
1.831962318e+20
0
5.392521308e+20
5.330734746e+20
3.524262366e+20
0
5.178171331e+20
3.410115119e+20
1.689494019e+20
3.336905235e+20
4.957908457e+20
0
1.130963328e+21
1.594799486e+20
7.893666356e+20
1.558069969e+20
1.541995814e+20
6.086365171e+20
1.204463042e+21
7.427418168e+20
2.939191484e+20
8.699113301e+20
5.736580253e+20
2.829576065e+20
5.597243927e+20
2.760732707e+20
6.825842126e+20
9.426566522e+20
7.990655063e+20
1.313702108e+20
6.495883674e+20
1.281558861e+20
6.33704277e+20
5.001025708e+20
6.182498477e+20
7.318920849e+20
2.412940981e+20
5.951339047e+20
3.532002469e+20
3.484831795e+20
2.298195372e+20
3.401561622e+20
3.365288015e+20
6.641987843e+20
1.095326062e+20
6.486233512e+20
3.209342551e+20
5.27984529e+20
1.045116701e+20
2.06355531e+20
4.085282016e+20
5.042257062e+20
3.993507504e+20
7.887799498e+20
6.833880204e+20
7.714649267e+20
3.819908067e+20
4.717508452e+20
1.86896472e+20
2.770401463e+20
4.573820282e+20
4.521037283e+20
2.687402946e+20
5.314212184e+20
4.387858404e+20
6.075510319e+20
4.300272766e+20
4.254352925e+20
6.745824141e+20
7.510525185e+20
4.962423864e+20
4.094030146e+20
5.680928869e+20
4.018799621e+20
3.186716318e+20
2.072552549e+20
6.213969425e+20
2.068220886e+20
4.131852405e+20
8.242246519e+20
6.171464279e+20
6.148966435e+20
2.045106893e+20
8.142465231e+20
4.059828488e+20
4.03717651e+20
4.023477102e+20
5.996226382e+20
1.393537271e+21
0
5.901630925e+20
3.902774539e+20
7.765170359e+20
5.772945217e+20
3.826503524e+20
3.790577376e+20
7.53332842e+20
3.729093265e+20
1.851780269e+20
5.496983518e+20
5.456523402e+20
3.59773588e+20
1.784754145e+20
1.764396011e+20
3.499500372e+20
8.645659179e+20
5.14214704e+20
5.079851063e+20
3.3557145e+20
1.657046634e+20
6.565467676e+20
0
4.814263438e+20
9.5046796e+20
1.568180308e+20
6.190929633e+20
7.658942873e+20
7.557965969e+20
8.974244636e+20
5.903259254e+20
0
4.321505163e+20
2.849825195e+20
2.811488659e+20
8.342282329e+20
5.486468715e+20
2.713055674e+20
5.35274085e+20
2.646826418e+20
9.138532895e+20
5.164318487e+20
5.094475575e+20
6.297822927e+20
4.970246755e+20
6.144483174e+20
4.849434321e+20
4.79638525e+20
3.549082786e+20
4.680708415e+20
6.927481041e+20
5.710731557e+20
4.508087956e+20
5.575029354e+20
2.200707432e+20
4.355012386e+20
3.223715192e+20
1.063381364e+20
5.248343749e+20
3.116642175e+20
4.10253764e+20
4.060953852e+20
2.004911574e+20
9.924395836e+19
2.940353575e+20
1.940934509e+20
4.793019581e+20
3.797212763e+20
3.751583715e+20
7.431423928e+20
5.507849152e+20
5.455928603e+20
5.392925644e+20
4.452313661e+20
5.282483534e+20
5.23398451e+20
2.588199814e+20
4.274520999e+20
5.074550116e+20
3.35264714e+20
5.806280076e+20
6.576658813e+20
5.696904869e+20
4.839869951e+20
3.994315714e+20
4.750974842e+20
4.113514776e+20
6.166625026e+20
4.104958453e+20
2.050207611e+20
4.089825428e+20
4.083078211e+20
4.068274438e+20
8.118530566e+20
2.020264764e+20
0
1.202062299e+21
3.993307054e+20
3.967645036e+20
1.975924766e+20
7.846444689e+20
1.952637313e+20
1.937011378e+20
1.927013413e+20
1.910244777e+20
0
1.128925142e+21
3.739396862e+20
3.702275688e+20
5.515473498e+20
0
0
5.358496176e+20
7.088723485e+20
8.760277561e+20
5.212625868e+20
3.434311131e+20
0
1.681671304e+20
3.332759372e+20
3.291591082e+20
1.630250333e+20
3.219413899e+20
4.781980042e+20
4.720707912e+20
1.55776749e+20
4.612593359e+20
0
3.003451257e+20
2.971929352e+20
4.398813137e+20
4.351879592e+20
5.725084241e+20
4.247394724e+20
4.190446534e+20
5.526252257e+20
4.088934647e+20
4.043987818e+20
2.65964775e+20
1.315154942e+20
6.487044791e+20
6.415414071e+20
2.531553411e+20
5.007268448e+20
3.704883258e+20
3.664159509e+20
3.614963243e+20
3.575435196e+20
3.527624794e+20
3.489319624e+20
4.59053735e+20
4.541114138e+20
4.481087761e+20
3.32498994e+20
4.375154963e+20
5.411292742e+20
6.409088765e+20
6.342347916e+20
4.173772703e+20
6.196312352e+20
4.078255544e+20
2.018456862e+20
4.982655163e+20
6.906007439e+20
2.922989866e+20
6.753141143e+20
3.811777206e+20
5.662178319e+20
7.458851089e+20
4.6171963e+20
3.650190028e+20
6.32760235e+20
2.680494665e+20
3.540750914e+20
3.50075434e+20
4.335760247e+20
5.14559015e+20
1.699630328e+20
5.884950292e+20
4.165780331e+20
3.297978963e+20
4.90292322e+20
7.280467787e+20
4.008939608e+20
6.352205328e+20
3.935189469e+20
0
8.159995476e+20
4.073950766e+20
8.138905614e+20
6.088499092e+20
4.052317477e+20
4.037704353e+20
2.014390803e+20
6.0154291e+20
1.999550034e+20
1.988511823e+20
1.981793049e+20
5.907371981e+20
1.961301692e+20
1.947166944e+20
7.753114566e+20
3.845691505e+20
0
5.689136244e+20
1.885524395e+20
3.735986193e+20
1.85626073e+20
5.513761607e+20
9.126957197e+20
3.612786787e+20
5.379464027e+20
1.773640982e+20
3.519567023e+20
3.479772876e+20
6.902011611e+20
6.821376213e+20
5.071581538e+20
5.010651326e+20
6.620232327e+20
0
4.857849942e+20
4.796874189e+20
4.750126733e+20
7.81582388e+20
4.642476131e+20
3.054926853e+20
3.023548398e+20
7.459930287e+20
4.42904405e+20
7.284249597e+20
5.76529754e+20
5.688631781e+20
2.813599486e+20
2.775998807e+20
2.745713737e+20
4.063342182e+20
2.679141387e+20
0
0
7.736478034e+20
5.100737838e+20
7.54818301e+20
4.976657456e+20
6.137264511e+20
2.427935214e+20
4.790823997e+20
4.738460503e+20
2.337616476e+20
4.624483642e+20
3.422314717e+20
3.38547857e+20
6.681613596e+20
1.101733555e+20
5.436508186e+20
4.30336409e+20
2.12373349e+20
5.254046838e+20
3.111873042e+20
7.18640575e+20
3.040694399e+20
7.023023962e+20
3.962703601e+20
3.923097445e+20
3.874440038e+20
4.79534488e+20
6.631457864e+20
3.752621694e+20
4.634409481e+20
4.590075051e+20
7.257471638e+20
4.493140988e+20
6.217667206e+20
4.39987427e+20
8.700249073e+20
2.586103417e+20
3.410096835e+20
3.379145429e+20
5.014295958e+20
4.141048917e+20
3.278320776e+20
5.68598891e+20
6.432775141e+20
3.187955973e+20
4.735478536e+20
4.693825686e+20
0
2.02468935e+20
0
4.038954485e+20
4.028634573e+20
8.044033526e+20
2.003795132e+20
1.99937618e+20
5.970737981e+20
7.938824199e+20
5.921421658e+20
5.901456425e+20
0
1.946893469e+20
1.93293388e+20
5.772388803e+20
1.908885813e+20
9.49538053e+20
3.765425137e+20
3.743919837e+20
5.563914066e+20
5.529044418e+20
3.64978127e+20
1.268733949e+21
0
5.341744815e+20
7.045163955e+20
3.495116799e+20
6.911540961e+20
3.427259067e+20
5.081081769e+20
1.679006704e+20
4.976753674e+20
0
3.247491145e+20
4.825388591e+20
4.76505533e+20
1.572898324e+20
7.764484674e+20
3.074702535e+20
3.035053442e+20
4.505885608e+20
5.929488023e+20
2.933710057e+20
4.342647259e+20
4.296422338e+20
1.413160145e+20
1.397914907e+20
2.758587769e+20
1.364259713e+20
6.730113482e+20
2.662500225e+20
2.626821587e+20
2.597887587e+20
2.563030015e+20
3.802148252e+20
5.001514121e+20
2.47320923e+20
3.660106384e+20
3.619914881e+20
5.952558647e+20
1.177504909e+20
3.485477926e+20
6.895312143e+20
5.669951986e+20
1.121787814e+20
2.214023078e+20
5.476075924e+20
4.323564113e+20
2.138998313e+20
5.278131258e+20
2.08926838e+20
3.09363292e+20
6.123668699e+20
4.030543589e+20
2.99225802e+20
6.894224188e+20
4.875219924e+20
6.74069782e+20
4.767348281e+20
8.476408972e+20
4.663395744e+20
3.68588528e+20
4.563270561e+20
5.411298499e+20
4.466876696e+20
4.415198464e+20
4.374115086e+20
2.594765413e+20
5.998838612e+20
4.237548753e+20
5.0389003e+20
1.661567432e+20
5.763253189e+20
2.444171665e+20
5.652304612e+20
3.197242347e+20
2.376741507e+20
4.707146206e+20
3.110509072e+20
6.032352412e+20
0
4.013319815e+20
2.004454949e+20
5.998081031e+20
1.996082913e+20
3.977922046e+20
3.969167458e+20
3.951137349e+20
1.970080835e+20
1.959318494e+20
1.952725973e+20
3.880741657e+20
1.932695394e+20
0
5.730556902e+20
1.895127111e+20
1.885409037e+20
0
1.30101245e+21
9.207362773e+20
5.489869752e+20
3.624088369e+20
1.799744151e+20
7.12473138e+20
8.840918122e+20
3.498223588e+20
3.471003939e+20
6.864193879e+20
1.701918451e+20
6.728807557e+20
6.670568738e+20
3.295541056e+20
6.531480839e+20
8.064703396e+20
3.195572127e+20
4.733655815e+20
3.125117632e+20
7.713815523e+20
3.054685065e+20
4.523155392e+20
0
2.945762125e+20
5.829933363e+20
1.438366257e+20
1.423073462e+20
4.212826456e+20
8.334849561e+20
2.741393774e+20
4.067308689e+20
1.337702155e+20
3.969096774e+20
5.22142101e+20
2.58197434e+20
5.094852702e+20
6.298379624e+20
3.728457247e+20
1.229136179e+20
2.425414257e+20
3.598190852e+20
4.733613485e+20
2.340959073e+20
4.619706556e+20
4.569593584e+20
2.25457873e+20
4.460647912e+20
5.50249183e+20
3.266320477e+20
2.149111137e+20
2.126463241e+20
7.346210752e+20
3.1155935e+20
2.050403587e+20
4.058654593e+20
4.007103818e+20
2.974853478e+20
3.916678598e+20
5.816281088e+20
2.872107776e+20
2.843806013e+20
4.681797263e+20
4.636332181e+20
3.664494178e+20
4.536777311e+20
5.3798628e+20
5.329101205e+20
5.267410249e+20
2.609193457e+20
2.57963465e+20
4.259892077e+20
8.425539364e+19
6.679241632e+20
5.781365215e+20
6.547930727e+20
1.619849589e+20
3.210866892e+20
3.972904618e+20
2.362684307e+20
6.238867845e+20
3.865029228e+20
5.987739172e+20
7.978997904e+20
7.967352201e+20
3.979308997e+20
7.938495536e+20
5.944132085e+20
1.974344934e+20
1.970008555e+20
3.9222125e+20
1.955669588e+20
3.890081855e+20
3.877019706e+20
3.852613708e+20
3.83740581e+20
3.810165976e+20
1.896442314e+20
5.644695986e+20
3.743874555e+20
3.711925447e+20
5.536224474e+20
3.656985368e+20
5.451246305e+20
1.799377336e+20
7.148755543e+20
3.537679253e+20
0
6.948399516e+20
3.44722151e+20
8.52186385e+20
5.071099054e+20
1.670864756e+20
8.28215237e+20
4.910315932e+20
4.865993633e+20
3.204557267e+20
6.349000284e+20
6.270223209e+20
1.552354355e+20
1.532760679e+20
4.552389826e+20
4.494108541e+20
7.413572204e+20
0
2.896461288e+20
4.287897596e+20
5.656480954e+20
4.186505534e+20
2.760955431e+20
6.811031968e+20
1.347384432e+20
5.317935396e+20
7.889491436e+20
2.594795846e+20
3.849382287e+20
1.266005763e+20
3.756186783e+20
3.706051469e+20
4.887029653e+20
9.643730463e+20
3.57672601e+20
4.70551758e+20
8.144762483e+20
6.888652563e+20
4.542634307e+20
6.724002384e+20
5.543069768e+20
1.094061386e+20
3.247221398e+20
4.273175779e+20
4.228148461e+20
4.173451027e+20
6.194994241e+20
5.096311212e+20
5.043923844e+20
3.9839351e+20
2.957650233e+20
7.788129403e+20
2.891345391e+20
3.807384623e+20
9.424648955e+19
7.44766971e+20
4.609580927e+20
5.465024895e+20
6.314825877e+20
2.674395114e+20
4.415258621e+20
6.982585349e+20
6.05288753e+20
6.839144871e+20
4.235189292e+20
3.350622974e+20
7.47045725e+20
4.926550691e+20
3.254868599e+20
3.220727628e+20
5.58611929e+20
7.109162133e+20
6.263446432e+20
3.876238827e+20
3.842195145e+20
9.906301627e+20
7.920436605e+20
3.954467091e+20
5.925213036e+20
1.970103068e+20
3.933773808e+20
9.799710464e+20
7.822583628e+20
5.840562105e+20
1.941467649e+20
3.861939875e+20
3.848998456e+20
3.824890572e+20
5.7147347e+20
1.891456359e+20
5.648686021e+20
1.12091776e+21
1.115194003e+21
3.685741678e+20
3.66482549e+20
9.078472569e+20
3.608775016e+20
5.360659052e+20
1.774807581e+20
3.513332604e+20
6.975594012e+20
1.725251821e+20
5.135644148e+20
1.015712925e+21
0
4.979038235e+20
8.226842557e+20
4.877757839e+20
4.83380812e+20
3.183513241e+20
6.307408479e+20
1.557360695e+20
3.084564622e+20
1.522887118e+20
6.030844001e+20
2.976954918e+20
2.946549077e+20
0
5.756378742e+20
2.840691475e+20
2.810557937e+20
2.77367431e+20
5.487684956e+20
5.415281753e+20
8.034614301e+20
5.285463626e+20
6.534486059e+20
5.158148081e+20
1.275362812e+20
6.291955334e+20
1.244540081e+20
0
7.286800265e+20
2.396622881e+20
1.185171915e+20
3.508314921e+20
4.626709275e+20
3.424112716e+20
5.644989087e+20
5.570610572e+20
6.612854266e+20
2.17539854e+20
2.152229584e+20
4.248419493e+20
6.30548623e+20
4.149348974e+20
5.132682909e+20
3.040173351e+20
7.020815343e+20
9.902581901e+20
3.920859752e+20
2.90378283e+20
1.916495411e+20
5.67831848e+20
3.748228919e+20
4.628099593e+20
3.666509286e+20
3.622448289e+20
1.79388124e+20
2.659037264e+20
4.389894378e+20
6.942424387e+20
4.298615993e+20
4.249827349e+20
5.052925624e+20
4.996885037e+20
2.475757592e+20
4.081650614e+20
5.662988315e+20
4.802965467e+20
4.76023242e+20
4.711725305e+20
1.556708615e+20
4.624147494e+20
3.819629278e+20
5.900463503e+20
3.931364328e+20
3.925683296e+20
7.842799017e+20
3.911586391e+20
5.857820563e+20
7.78299147e+20
1.941491169e+20
1.932807479e+20
7.709881955e+20
7.668404289e+20
5.732069023e+20
3.797563573e+20
5.673951222e+20
1.878023281e+20
1.869540536e+20
9.275079229e+20
3.691126356e+20
3.659924721e+20
5.458797241e+20
0
5.375607177e+20
7.098270361e+20
1.762596647e+20
1.744659389e+20
5.196013183e+20
3.427128579e+20
3.400621141e+20
3.362983217e+20
0
6.594571315e+20
4.903359949e+20
1.615209553e+20
8.003409304e+20
1.5813719e+20
6.266358057e+20
7.736486726e+20
6.129360498e+20
6.052559789e+20
2.996166549e+20
5.916159798e+20
7.319770383e+20
2.89024737e+20
4.290219811e+20
2.823007502e+20
1.396547565e+20
5.5131176e+20
2.726940356e+20
1.345537101e+20
3.992764586e+20
2.626693001e+20
5.195905502e+20
6.408854009e+20
5.070766406e+20
2.501734848e+20
1.237107744e+20
3.662038191e+20
7.243575032e+20
4.764964023e+20
1.178185184e+20
2.325157298e+20
2.299795122e+20
7.942981713e+20
4.489658937e+20
4.430612676e+20
2.191491839e+20
4.325642877e+20
4.279580748e+20
5.279935502e+20
9.403759349e+20
4.125523705e+20
2.041285184e+20
4.030348966e+20
7.977832314e+20
9.84598058e+19
3.898445102e+20
2.887208525e+20
3.81110722e+20
3.763955789e+20
3.726845063e+20
1.840684015e+20
5.468392763e+20
4.502231377e+20
2.675467035e+20
3.525139725e+20
2.618891933e+20
5.177042072e+20
3.419220393e+20
6.760754491e+20
5.86128671e+20
3.312112993e+20
4.923056471e+20
3.24649349e+20
3.217335703e+20
1.591721696e+20
4.732685155e+20
4.68433147e+20
3.869155011e+20
3.830939908e+20
4.556792316e+20
7.810363794e+20
3.90292777e+20
3.897315495e+20
5.839608376e+20
0
1.938532663e+20
5.795273274e+20
9.637699297e+20
0
3.827347423e+20
7.613720032e+20
3.794153787e+20
7.541248563e+20
7.511660966e+20
3.729559323e+20
5.569121523e+20
3.684040204e+20
1.832652871e+20
3.63446692e+20
3.613926755e+20
1.074376934e+21
3.559046228e+20
8.812087588e+20
1.750552591e+20
1.732815497e+20
8.601357159e+20
6.808136178e+20
0
5.010839627e+20
1.656632219e+20
1.637752059e+20
3.247363975e+20
4.81391997e+20
3.180465159e+20
4.71336541e+20
1.556459629e+20
6.14945286e+20
6.0901012e+20
4.510550268e+20
4.465733182e+20
2.939442721e+20
4.364252408e+20
7.180511327e+20
4.263492774e+20
5.61108468e+20
5.551695971e+20
2.739653224e+20
4.065367792e+20
4.012063534e+20
3.968520072e+20
3.91627154e+20
2.582301948e+20
2.548195135e+20
2.520224246e+20
4.973732842e+20
7.378581915e+20
3.640421266e+20
6.000716332e+20
3.552760551e+20
5.856401732e+20
2.311597992e+20
1.143196817e+20
3.384389087e+20
4.463631908e+20
4.405035645e+20
8.715386228e+20
4.300777861e+20
4.254988253e+20
7.349575808e+20
2.077758477e+20
4.101970481e+20
6.088895388e+20
4.007397868e+20
3.966199553e+20
1.958004525e+20
6.783499229e+20
3.827763137e+20
5.684208119e+20
3.742610793e+20
3.705703816e+20
3.660495777e+20
2.718688728e+20
4.47669539e+20
2.660286457e+20
4.381407859e+20
6.944048348e+20
5.147604479e+20
4.249714733e+20
4.201393341e+20
4.995324644e+20
2.469891047e+20
3.263282013e+20
5.64879411e+20
6.397783994e+20
4.747684683e+20
3.921212404e+20
3.881045273e+20
4.616159799e+20
3.04694814e+20
3.020226809e+20
1.938565165e+20
3.874899636e+20
7.738709474e+20
7.730302633e+20
7.711152644e+20
1.92465991e+20
7.67186957e+20
3.827575248e+20
1.905313794e+20
5.700219134e+20
0
3.76731342e+20
1.872032251e+20
7.458808013e+20
5.555164556e+20
3.686782616e+20
9.146025906e+20
1.819921933e+20
0
5.383505864e+20
0
0
3.500865382e+20
3.477344029e+20
1.721131329e+20
6.834785452e+20
1.690657932e+20
8.388159694e+20
3.318433332e+20
4.937054223e+20
0
8.065258495e+20
7.971039286e+20
4.739756518e+20
4.683011183e+20
4.639379717e+20
0
3.025670811e+20
2.988030387e+20
7.395960238e+20
5.842077835e+20
4.33698756e+20
4.281578348e+20
1.41236556e+20
1.394145977e+20
4.138218801e+20
1.361476871e+20
0
5.317083363e+20
3.944568212e+20
3.892788617e+20
1.283419292e+20
5.066062626e+20
5.010490963e+20
7.416521051e+20
4.890024969e+20
4.825410735e+20
5.965537498e+20
4.709390095e+20
3.493367908e+20
4.596391825e+20
2.273147431e+20
2.243247273e+20
6.656857354e+20
1.094938055e+20
7.582212291e+20
6.41429561e+20
7.403684373e+20
5.219802893e+20
1.032964454e+20
4.078684667e+20
6.054332123e+20
4.980883355e+20
2.957805166e+20
5.840818281e+20
5.78156392e+20
4.757701881e+20
3.768081191e+20
4.651883152e+20
3.684801072e+20
6.369753022e+20
2.703355992e+20
6.232026418e+20
6.17231341e+20
4.356673517e+20
4.315520538e+20
3.412333179e+20
6.761086352e+20
3.342070385e+20
1.655671277e+20
2.45585863e+20
4.055924405e+20
3.209483375e+20
6.361317093e+20
3.933765634e+20
7.017804255e+20
5.402236487e+20
6.119522396e+20
2.272012508e+20
5.254892355e+20
1.924739444e+20
3.847271188e+20
3.841792322e+20
7.675256052e+20
3.828168519e+20
3.821968604e+20
9.52186262e+20
3.800460463e+20
3.783716396e+20
0
3.753329187e+20
3.740850131e+20
3.717876274e+20
1.851673405e+20
1.838844984e+20
3.661178201e+20
1.816567335e+20
3.614733302e+20
0
5.346633692e+20
1.766244605e+20
3.510669332e+20
6.954439051e+20
5.180854837e+20
3.41920735e+20
5.091828065e+20
3.358865764e+20
0
9.88979429e+20
0
4.849189653e+20
4.807679096e+20
4.751731476e+20
4.709214062e+20
3.10203028e+20
6.146351407e+20
0
4.509804212e+20
7.423164839e+20
5.879695929e+20
4.354296198e+20
0
0
4.211025422e+20
5.542504811e+20
4.112977351e+20
5.41291322e+20
2.677460731e+20
6.606421536e+20
3.920903738e+20
2.579723756e+20
8.930457604e+20
5.036093796e+20
4.98088743e+20
7.372960619e+20
2.430667976e+20
2.398629405e+20
1.186153745e+20
4.682086434e+20
5.788553276e+20
2.284948341e+20
4.520107653e+20
2.230384379e+20
3.309354572e+20
4.354757378e+20
3.230983187e+20
7.44081742e+20
6.309962326e+20
4.15219785e+20
3.081349915e+20
3.041746302e+20
5.016799196e+20
5.943406534e+20
6.862684184e+20
5.807996064e+20
3.832712897e+20
6.623404057e+20
9.367326108e+19
5.55095839e+20
3.664132817e+20
2.714590012e+20
4.480325389e+20
3.541186149e+20
4.384060514e+20
5.198660246e+20
5.14954336e+20
2.544861162e+20
5.88267899e+20
5.815671215e+20
4.115851759e+20
5.697964437e+20
3.226406567e+20
4.786939441e+20
3.162631776e+20
3.129107968e+20
6.202564924e+20
6.906042606e+20
4.563426725e+20
7.529884988e+20
2.23917338e+20
7.64443814e+20
3.820033939e+20
3.814619798e+20
5.715740916e+20
1.900573814e+20
0
3.781938049e+20
0
1.87859132e+20
3.7468871e+20
1.86356219e+20
3.714756029e+20
5.53807778e+20
7.35530242e+20
7.304585176e+20
1.817963487e+20
0
3.589966831e+20
5.340262563e+20
5.310263168e+20
5.262900425e+20
3.486970733e+20
1.726945474e+20
3.430776334e+20
3.396458824e+20
1.686007326e+20
6.67342362e+20
3.311100633e+20
1.637524167e+20
6.496872744e+20
3.211852587e+20
6.368813222e+20
4.721235897e+20
4.679062709e+20
4.62346071e+20
3.053682076e+20
6.033246896e+20
2.98764197e+20
0
4.382314002e+20
4.327371174e+20
1.427822415e+20
2.819402791e+20
4.18527304e+20
5.508839707e+20
5.450722613e+20
4.035237256e+20
2.661364143e+20
3.940179509e+20
2.598347673e+20
6.411096024e+20
5.072921743e+20
3.754858087e+20
6.18953957e+20
1.221651483e+20
4.832981601e+20
4.769433461e+20
3.537841735e+20
3.491323158e+20
1.151043038e+20
7.951484176e+20
4.4942204e+20
0
3.290497836e+20
1.082511551e+20
4.283542796e+20
3.170901682e+20
5.228597339e+20
3.096614729e+20
3.064003985e+20
2.016448631e+20
4.988641296e+20
4.925108241e+20
4.87447012e+20
6.738130784e+20
3.811291995e+20
5.645522277e+20
6.520527674e+20
3.680004048e+20
4.554618909e+20
5.398913017e+20
4.455339287e+20
2.641077831e+20
3.487681382e+20
5.169639928e+20
6.827715827e+20
5.904811103e+20
5.84977957e+20
4.130777491e+20
4.092786765e+20
6.475378033e+20
4.010349514e+20
3.17330758e+20
1.572404096e+20
3.889257511e+20
6.938418388e+20
3.814890895e+20
6.806264133e+20
4.492134948e+20
3.710662512e+20
0
7.586359276e+20
3.787828951e+20
5.67561131e+20
5.661758271e+20
3.768415893e+20
9.388764405e+20
1.873683646e+20
1.865509217e+20
1.860406764e+20
5.551924423e+20
1.84451172e+20
3.666583711e+20
1.826154865e+20
5.440865372e+20
1.805510839e+20
5.375425158e+20
5.34830614e+20
1.768040723e+20
7.032512162e+20
3.485032291e+20
1.731794971e+20
1.715436653e+20
8.519892732e+20
8.435027493e+20
6.699549103e+20
4.972272272e+20
3.28945213e+20
4.880667721e+20
3.227387115e+20
6.382363222e+20
4.745939722e+20
3.1274195e+20
3.099529998e+20
4.59424983e+20
3.034434191e+20
7.494351798e+20
2.968983792e+20
2.932435294e+20
4.355195882e+20
2.867184725e+20
4.257199398e+20
5.604462004e+20
2.773222479e+20
2.737790548e+20
5.417876125e+20
1.337027429e+20
2.645459941e+20
1.30559573e+20
3.874416507e+20
2.549333134e+20
3.782310092e+20
7.465811102e+20
6.153396937e+20
2.42911901e+20
2.402478046e+20
7.112893559e+20
3.517459817e+20
3.471313511e+20
6.866710694e+20
3.388359237e+20
4.468627977e+20
5.512740278e+20
2.181236516e+20
5.382017366e+20
2.129691816e+20
4.204112168e+20
3.119535878e+20
2.052851603e+20
5.078087089e+20
1.002596729e+20
2.976478631e+20
5.877223795e+20
2.908397173e+20
2.871722995e+20
6.632691108e+20
4.67849392e+20
3.705333371e+20
5.489397023e+20
5.43522625e+20
8.948302681e+20
5.316756394e+20
3.501907125e+20
5.202497207e+20
5.997765446e+20
6.789799688e+20
4.194272838e+20
4.155175778e+20
2.464658066e+20
6.511966145e+20
4.829404056e+20
3.987944003e+20
3.155523786e+20
4.690776568e+20
3.867379011e+20
4.599596787e+20
4.55200533e+20
4.511884844e+20
5.211070441e+20
6.641299789e+20
1.884420744e+20
3.766700265e+20
3.761411794e+20
7.514721689e+20
5.622351402e+20
3.7421984e+20
3.729440386e+20
3.721373138e+20
3.705216112e+20
9.237750814e+20
3.675797384e+20
5.495467358e+20
5.462196788e+20
1.813657549e+20
3.602535829e+20
3.586455252e+20
1.779680288e+20
3.541438255e+20
1.756155883e+20
3.492657772e+20
8.654447022e+20
8.601301516e+20
5.112240635e+20
6.770878805e+20
1.675928973e+20
3.327825897e+20
8.233173021e+20
8.170212178e+20
1.61639156e+20
0
4.756162507e+20
1.571886959e+20
4.661404142e+20
3.079935765e+20
3.043603826e+20
0
1.489546457e+20
4.425835819e+20
4.371540744e+20
4.328411316e+20
5.699343835e+20
2.820834504e+20
4.177900678e+20
1.378233928e+20
5.442721661e+20
4.039067353e+20
3.987214778e+20
2.629744695e+20
5.191561311e+20
1.283861276e+20
1.267202382e+20
3.760190654e+20
1.237069404e+20
7.341208739e+20
3.622648178e+20
7.165880608e+20
3.536055018e+20
6.994622797e+20
3.451531918e+20
4.551742338e+20
3.369159618e+20
4.443325377e+20
3.288998708e+20
6.50684355e+20
4.281455755e+20
9.529864778e+20
6.270931375e+20
4.136146973e+20
4.082844181e+20
3.029891477e+20
1.994063232e+20
4.933263226e+20
4.870568414e+20
6.748682784e+20
3.807804024e+20
2.826870432e+20
1.861069645e+20
5.527318904e+20
3.639417042e+20
5.405244274e+20
2.669690124e+20
4.406193925e+20
2.611944431e+20
4.311493857e+20
6.816747408e+20
4.220188962e+20
1.668433105e+20
5.785072476e+20
4.902005296e+20
4.856908454e+20
6.403434673e+20
2.379472474e+20
4.706907314e+20
5.442074742e+20
6.153192452e+20
2.286936156e+20
6.035242921e+20
4.486548059e+20
4.441416608e+20
6.60383458e+20
5.614061832e+20
3.740588023e+20
5.603040844e+20
7.462692217e+20
5.5834893e+20
0
1.851867167e+20
7.39147425e+20
7.359536434e+20
3.669740074e+20
5.475990579e+20
1.819306583e+20
5.425030759e+20
1.801330122e+20
1.789081201e+20
3.562220827e+20
3.535430535e+20
5.276493997e+20
3.488859514e+20
8.673435245e+20
3.438833582e+20
5.126634819e+20
5.078619433e+20
6.72643465e+20
1.66499695e+20
3.306162998e+20
6.543938735e+20
1.623496705e+20
3.212056972e+20
6.372193004e+20
4.725941591e+20
4.685765935e+20
4.632053365e+20
7.651469282e+20
7.561535955e+20
5.993314592e+20
8.882027035e+20
5.864715892e+20
2.896507149e+20
1.433984729e+20
5.664743496e+20
5.607491332e+20
4.152761083e+20
4.109871699e+20
4.057690694e+20
5.353356619e+20
5.28483951e+20
1.307107529e+20
2.580550689e+20
5.105358252e+20
5.039300424e+20
7.476656851e+20
4.919682192e+20
4.865890673e+20
4.802478948e+20
4.749868982e+20
2.343930511e+20
4.636523321e+20
4.575966001e+20
4.525972678e+20
4.46690181e+20
4.418307704e+20
2.180374856e+20
3.235195308e+20
4.257567199e+20
2.105936867e+20
7.275433777e+20
4.113170905e+20
7.105417003e+20
4.017491314e+20
2.974583828e+20
9.812065405e+19
3.874999185e+20
9.587884795e+19
5.680314962e+20
5.622663372e+20
5.552565278e+20
5.496974624e+20
4.524321781e+20
4.479659382e+20
4.425086256e+20
6.13483583e+20
6.061107345e+20
6.860537419e+20
3.389660631e+20
3.357608442e+20
1.659259085e+20
4.931359537e+20
2.437497712e+20
2.415070319e+20
3.980036978e+20
3.943875749e+20
7.021231994e+20
2.319392083e+20
5.354093139e+20
3.790361649e+20
3.000763191e+20
6.692241368e+20
1.472161501e+20
3.648216501e+20
0
5.572252994e+20
5.564501561e+20
3.705689131e+20
3.69677383e+20
3.690842791e+20
5.517570338e+20
3.670451901e+20
5.482001244e+20
3.644725554e+20
5.438797279e+20
1.264872407e+21
5.388367085e+20
5.367507426e+20
3.554116563e+20
1.769155859e+20
3.511820115e+20
5.241306274e+20
0
6.892797614e+20
1.708095261e+20
1.188352109e+21
0
1.670642539e+20
4.962619866e+20
6.56956062e+20
1.625471639e+20
3.226172444e+20
4.787392337e+20
6.331689751e+20
6.261469734e+20
3.104165097e+20
4.603069893e+20
6.082962462e+20
3.005860424e+20
5.956238783e+20
2.942484759e+20
5.828763625e+20
5.75774242e+20
2.850545687e+20
5.630560734e+20
2.786862633e+20
5.503896295e+20
4.085338057e+20
5.378171913e+20
1.330417428e+20
2.626881245e+20
7.796603283e+20
5.130996787e+20
6.344527353e+20
6.262666147e+20
6.194531579e+20
7.337123052e+20
2.418983205e+20
4.775076643e+20
4.722796393e+20
2.33064338e+20
4.610265591e+20
5.68772912e+20
3.375369874e+20
5.552343028e+20
6.590355259e+20
2.168220931e+20
4.289562563e+20
4.233943739e+20
4.18851403e+20
5.168021599e+20
3.067836516e+20
4.037881345e+20
9.988433922e+19
8.874762276e+20
3.903280913e+20
4.817223288e+20
9.535375698e+19
5.649267049e+20
2.795962833e+20
3.681504108e+20
5.466961697e+20
4.499644428e+20
5.346261819e+20
3.520764049e+20
6.101369324e+20
4.305744586e+20
3.411548905e+20
4.213939897e+20
4.174085355e+20
4.125463504e+20
3.269589275e+20
4.04023464e+20
4.803666254e+20
4.749804278e+20
4.706645811e+20
5.43086004e+20
4.613217793e+20
3.042556716e+20
4.52327704e+20
2.984092235e+20
3.697265574e+20
2.195915375e+20
2.902292497e+20
3.691513095e+20
7.378869616e+20
5.526488824e+20
3.680382582e+20
9.178924706e+20
3.665689964e+20
3.653370883e+20
5.468265472e+20
5.44486034e+20
5.430074618e+20
5.402105809e+20
5.38434304e+20
7.136260864e+20
1.777171261e+20
1.765195875e+20
1.757360709e+20
1.744261477e+20
3.471056506e+20
0
3.423725814e+20
6.787687396e+20
5.059680491e+20
3.341790991e+20
4.979455539e+20
4.930665752e+20
1.631836215e+20
4.845278543e+20
6.411233598e+20
4.757087796e+20
7.864622679e+20
6.22218327e+20
4.627098931e+20
1.524815625e+20
1.511305911e+20
5.974675197e+20
2.959809435e+20
1.462258006e+20
1.448312366e+20
8.584346192e+20
2.833332345e+20
2.798394018e+20
0
4.10337873e+20
5.414794109e+20
4.009850862e+20
2.645177854e+20
2.611524412e+20
6.459249029e+20
5.10124136e+20
5.046229909e+20
4.981301111e+20
2.463571908e+20
2.431735756e+20
4.810360819e+20
3.560988953e+20
7.044045995e+20
3.476259063e+20
4.584303594e+20
3.393517126e+20
4.475298926e+20
4.417125922e+20
8.738216207e+20
5.390504383e+20
2.132898828e+20
6.315871479e+20
3.124059007e+20
6.1675445e+20
5.084970174e+20
9.03548084e+20
7.946996045e+20
9.807008897e+19
2.911478188e+20
2.874591922e+20
7.586750889e+20
6.554982815e+20
3.70768147e+20
1.830758713e+20
2.718637362e+20
4.475234814e+20
4.43104224e+20
3.501668502e+20
6.068265966e+20
5.995336294e+20
2.544774231e+20
5.86747741e+20
6.642254791e+20
3.282420835e+20
5.690652109e+20
1.607286296e+20
3.981233754e+20
5.511159429e+20
5.461079107e+20
6.172676363e+20
3.823276409e+20
5.295181268e+20
5.248129659e+20
2.225704118e+20
3.676847317e+20
4.367450714e+20
3.607740529e+20
1.833218667e+20
3.664379284e+20
3.659327943e+20
1.827709665e+20
9.116768201e+20
5.461316469e+20
3.628699321e+20
7.241810818e+20
3.605479542e+20
3.595705814e+20
3.577270721e+20
5.348293605e+20
7.088675468e+20
0
1.753490789e+20
1.745721797e+20
3.465532859e+20
6.896426998e+20
5.130517481e+20
6.802698382e+20
1.685893668e+20
6.702473192e+20
1.660119284e+20
9.894803047e+20
3.266080339e+20
4.864251143e+20
1.604845754e+20
1.592660719e+20
3.151443001e+20
6.252208548e+20
4.637540043e+20
7.663854828e+20
4.546177625e+20
1.501987552e+20
5.938083318e+20
1.470861624e+20
5.81353078e+20
5.758165455e+20
4.266353788e+20
4.224488468e+20
5.563418067e+20
1.376849642e+20
8.158250744e+20
1.34571304e+20
5.315135317e+20
1.314852017e+20
3.894519134e+20
6.421768727e+20
7.607743582e+20
2.508588191e+20
6.190999054e+20
4.89898788e+20
4.835845119e+20
4.783068479e+20
4.721199571e+20
2.334783303e+20
3.456773968e+20
2.279316181e+20
7.874089632e+20
4.450385197e+20
6.58897751e+20
4.344916921e+20
4.288630186e+20
2.12114731e+20
3.140605986e+20
5.178204292e+20
4.089223751e+20
6.068623748e+20
3.993898039e+20
4.939825898e+20
5.85225331e+20
7.721784686e+20
5.718040838e+20
1.886412848e+20
4.656815363e+20
4.609539636e+20
3.641746586e+20
3.605272285e+20
5.341306326e+20
3.525701808e+20
6.094863205e+20
4.311085628e+20
4.259273684e+20
5.905752351e+20
6.669468648e+20
4.954773819e+20
2.448498796e+20
5.659859868e+20
6.394296864e+20
6.33543826e+20
3.132119787e+20
5.431397623e+20
6.139026461e+20
6.083895035e+20
6.770839929e+20
5.219420349e+20
3.689124898e+20
3.656653342e+20
4.343339862e+20
5.740539981e+20
5.462549917e+20
3.639661777e+20
5.452000406e+20
3.630792439e+20
3.622179135e+20
3.616398969e+20
3.604358743e+20
1.798315206e+20
8.953446899e+20
5.357530664e+20
0
7.083631571e+20
1.76043012e+20
7.014607388e+20
6.967759658e+20
1.734236038e+20
1.7214219e+20
0
3.39810092e+20
5.068894747e+20
1.675007904e+20
1.498335743e+21
8.247405905e+20
1.638585849e+20
1.622658779e+20
8.055650438e+20
3.189455737e+20
4.747922171e+20
3.131743535e+20
1.553302892e+20
6.145070989e+20
7.616471357e+20
4.518255627e+20
2.985566795e+20
4.426452693e+20
5.847713505e+20
2.889228946e+20
8.585255738e+20
5.65445767e+20
2.799521889e+20
4.147832749e+20
4.10611776e+20
2.703438021e+20
5.351284853e+20
6.605209901e+20
3.921615299e+20
7.744029542e+20
5.107776704e+20
6.303442464e+20
2.494227745e+20
4.924621682e+20
4.871151907e+20
1.202132703e+20
4.756084086e+20
5.868392997e+20
4.643399147e+20
6.875012182e+20
4.533247037e+20
4.474549437e+20
4.425747319e+20
4.368447142e+20
5.401240187e+20
3.198838158e+20
3.164286864e+20
6.246930789e+20
6.179946229e+20
3.050246612e+20
3.017822822e+20
1.986131881e+20
3.930457786e+20
3.880430943e+20
3.84004144e+20
5.687233414e+20
3.752497394e+20
7.410835871e+20
2.750848219e+20
4.527735137e+20
4.482381363e+20
6.198082184e+20
6.136856655e+20
5.196138224e+20
4.28794665e+20
4.236412376e+20
5.874042381e+20
5.804433247e+20
4.928145863e+20
4.870650525e+20
3.216799467e+20
7.949780362e+19
4.725956232e+20
2.336392965e+20
3.086878308e+20
3.816088406e+20
7.563636773e+19
3.74110837e+20
3.70787388e+20
2.93517255e+20
3.636679974e+20
4.31949376e+20
3.568152842e+20
7.234588246e+20
7.230550984e+20
3.610336098e+20
5.40974273e+20
3.597978743e+20
7.184494495e+20
3.580342533e+20
3.572678732e+20
7.115196081e+20
3.547987157e+20
8.824904722e+20
7.036831675e+20
1.748845863e+20
5.226372152e+20
5.19162067e+20
3.445800858e+20
3.420449902e+20
5.105126618e+20
5.064216465e+20
1.678731055e+20
4.992785447e+20
0
4.916935646e+20
6.512687727e+20
4.837225636e+20
3.201945669e+20
3.169473523e+20
1.572746019e+20
1.55614441e+20
6.174698049e+20
3.053613591e+20
7.569670203e+20
4.490674522e+20
4.451074086e+20
1.466556982e+20
2.906205971e+20
2.871902828e+20
2.844628497e+20
2.810423988e+20
5.565834927e+20
8.24678676e+20
1.360657967e+20
2.68764581e+20
3.990064226e+20
0
2.599293228e+20
5.133025328e+20
6.348098047e+20
3.760507757e+20
4.960061551e+20
8.569335116e+20
3.632722856e+20
3.586142496e+20
1.182350614e+20
3.501393541e+20
4.617523331e+20
6.836903639e+20
4.508142869e+20
6.67484074e+20
5.501725919e+20
3.25838092e+20
2.148664707e+20
3.181395985e+20
3.147042781e+20
4.142014513e+20
4.09761011e+20
2.022503783e+20
5.002520019e+20
2.96314695e+20
1.954642719e+20
2.894689546e+20
3.819414539e+20
5.656756177e+20
4.665483725e+20
7.371195811e+20
4.560219697e+20
4.503548242e+20
6.241803508e+20
3.522855623e+20
4.360063465e+20
2.584203587e+20
4.265054734e+20
5.056554204e+20
2.504001907e+20
4.123868924e+20
8.169670974e+20
4.03715454e+20
4.799369474e+20
7.116436592e+20
3.13373908e+20
2.323832606e+20
2.302710933e+20
2.277305785e+20
6.018279555e+20
5.953376916e+20
5.162933837e+20
4.37883072e+20
3.616923618e+20
4.295908072e+20
2.838946414e+20
1.796606624e+20
5.386820724e+20
5.379493259e+20
0
5.361149369e+20
5.352623963e+20
8.891610622e+20
1.774521977e+20
5.301196576e+20
1.762299827e+20
7.013547258e+20
1.747661528e+20
3.474826132e+20
3.461493645e+20
5.157866301e+20
1.711712046e+20
3.398345442e+20
5.072180263e+20
3.354469621e+20
3.33594055e+20
6.614610932e+20
6.574513147e+20
3.257217631e+20
6.471558192e+20
3.204573998e+20
3.1818857e+20
4.724610197e+20
1.562974269e+20
1.546537161e+20
6.136659051e+20
4.552384976e+20
3.009376279e+20
2.975618736e+20
2.949418818e+20
2.915474222e+20
7.221917549e+20
1.427391636e+20
4.24156317e+20
5.587635469e+20
4.149763266e+20
2.732826881e+20
6.763520525e+20
2.672037029e+20
3.966936079e+20
3.917477404e+20
2.58435007e+20
1.275925792e+20
1.262378591e+20
4.985592534e+20
6.164986271e+20
7.303826382e+20
2.40820914e+20
2.377408765e+20
3.527263896e+20
5.803282032e+20
3.443950731e+20
3.399607621e+20
1.120828803e+20
4.425508441e+20
5.471601237e+20
5.40103699e+20
1.068481108e+20
5.273571656e+20
4.173314168e+20
6.179478888e+20
6.113246001e+20
4.023256121e+20
2.985376567e+20
6.876958911e+20
2.916254975e+20
5.758445897e+20
3.79900805e+20
2.813301924e+20
2.784368227e+20
5.498983169e+20
3.628762717e+20
4.479618384e+20
2.660841224e+20
1.75207538e+20
6.93905042e+20
4.284142122e+20
6.787849512e+20
5.029701813e+20
4.151166541e+20
4.101949615e+20
4.875739444e+20
4.818797858e+20
6.365086417e+20
4.718986744e+20
6.234041949e+20
3.081875429e+20
6.1077234e+20
2.265090981e+20
4.489499791e+20
3.700830767e+20
3.667961858e+20
3.629301081e+20
2.877904605e+20
4.272578554e+20
2.823539613e+20
7.138901746e+20
1.783735155e+20
1.781319374e+20
3.558863283e+20
3.550535289e+20
5.317348226e+20
0
7.051439656e+20
5.266457435e+20
7.003036924e+20
6.967776055e+20
1.736265716e+20
1.726128778e+20
8.597586159e+20
5.124548018e+20
5.102004113e+20
3.376524846e+20
3.35977095e+20
6.666142915e+20
4.972039711e+20
4.929534155e+20
4.899704014e+20
4.855108424e+20
3.215472443e+20
1.592291732e+20
1.581037758e+20
7.825627355e+20
9.31993918e+20
6.148191241e+20
1.067340025e+21
4.524690671e+20
5.982217944e+20
4.436510319e+20
5.863342206e+20
5.796090761e+20
2.871536108e+20
2.83786661e+20
4.216483722e+20
1.388703287e+20
4.12543888e+20
6.792280952e+20
4.034528077e+20
5.313217e+20
3.944074508e+20
2.596696816e+20
3.854366615e+20
3.806035583e+20
5.0208788e+20
4.957495036e+20
3.678174344e+20
4.841980415e+20
1.197377535e+20
5.910510487e+20
5.846159175e+20
4.6170123e+20
3.424970502e+20
7.888930096e+20
5.573449406e+20
3.301041647e+20
1.088360931e+20
9.669167982e+20
2.125386507e+20
1.049025374e+20
3.113112375e+20
7.17067895e+20
4.053621941e+20
8.003474713e+20
3.959218234e+20
5.86311707e+20
5.80142662e+20
5.727841504e+20
3.77881846e+20
2.798385628e+20
3.69280595e+20
3.646587209e+20
2.707166391e+20
4.455941487e+20
6.175806301e+20
4.357054347e+20
4.31399424e+20
3.409215784e+20
2.531997858e+20
5.00313311e+20
5.780923221e+20
3.264209669e+20
6.46660266e+20
4.793283347e+20
3.165687231e+20
4.693950923e+20
3.1004803e+20
3.831854535e+20
6.075233682e+20
2.25300651e+20
4.465548235e+20
4.417218543e+20
7.296652672e+20
6.497619578e+20
4.293657535e+20
6.374251583e+20
2.808299133e+20
7.092001441e+20
0
5.308889371e+20
1.767758034e+20
3.527279686e+20
1.760844801e+20
5.265264807e+20
3.50270027e+20
6.9762275e+20
5.218106403e+20
0
6.900070226e+20
5.144970376e+20
3.416864847e+20
5.091657425e+20
0
1.677491339e+20
6.67672937e+20
8.279861404e+20
1.646857339e+20
4.898505702e+20
4.868915039e+20
3.216516165e+20
1.597709538e+20
1.582420395e+20
3.142510477e+20
6.2220029e+20
3.08758116e+20
3.0553484e+20
1.515492492e+20
4.497331284e+20
1.486531048e+20
4.409915255e+20
5.828271398e+20
2.880823682e+20
4.281764302e+20
8.463447757e+20
4.19169911e+20
1.380593545e+20
5.468530659e+20
4.051773244e+20
6.685360635e+20
5.282714238e+20
7.842949863e+20
2.581912321e+20
2.554973337e+20
5.046052507e+20
6.240707731e+20
4.929712463e+20
6.095983216e+20
4.815046264e+20
9.52580198e+20
3.526718244e+20
1.162781013e+20
4.59168004e+20
2.270798889e+20
3.3625357e+20
5.543089202e+20
5.47191346e+20
3.247398503e+20
4.274238943e+20
3.170903297e+20
8.347179663e+20
2.064280048e+20
6.113468064e+20
5.03997516e+20
4.975559447e+20
5.907241169e+20
5.832031096e+20
3.847115226e+20
3.798373798e+20
6.577974073e+20
3.71150223e+20
3.673328584e+20
3.627389915e+20
6.283462369e+20
2.659508137e+20
5.265709978e+20
2.600497996e+20
6.007851906e+20
5.934788998e+20
5.876951383e+20
6.635791498e+20
6.572041297e+20
4.870563218e+20
4.824435887e+20
6.357383468e+20
3.149008864e+20
3.890982789e+20
3.855142809e+20
2.286948954e+20
3.776929869e+20
2.988067066e+20
5.182159369e+20
2.196846721e+20
5.806239876e+20
5.026678885e+20
4.982490546e+20
2.113335758e+20
2.793222295e+20
7.045713353e+20
1.760456447e+20
3.516185256e+20
3.512473185e+20
7.008653487e+20
3.498782322e+20
5.231092582e+20
0
3.46555158e+20
0
3.439001403e+20
5.141742595e+20
1.703994305e+20
3.394979231e+20
3.372790892e+20
8.39501056e+20
8.334284117e+20
4.975844201e+20
6.582167614e+20
1.636500044e+20
6.490487222e+20
3.22567373e+20
6.393089023e+20
1.587807143e+20
0
6.246372129e+20
4.637980892e+20
4.603122755e+20
6.073656901e+20
7.531628853e+20
4.470300776e+20
1.477615844e+20
1.461212382e+20
5.793617639e+20
4.295708183e+20
2.837683688e+20
8.413883098e+20
5.55627222e+20
5.490311885e+20
4.077635681e+20
2.685633044e+20
5.317563373e+20
1.313139926e+20
3.899132871e+20
6.418238067e+20
6.351335007e+20
5.017712843e+20
2.482285544e+20
2.451119775e+20
6.062057715e+20
4.788410104e+20
3.552439404e+20
5.84557566e+20
3.46920294e+20
5.708280307e+20
2.258420549e+20
4.459068387e+20
3.30783478e+20
3.265447447e+20
1.076634915e+20
8.502636763e+20
4.205214568e+20
4.151318425e+20
4.106541092e+20
3.040494351e+20
4.010568174e+20
4.949228862e+20
2.937994599e+20
4.83439418e+20
7.65365786e+20
2.833799185e+20
3.739076285e+20
4.615037634e+20
3.654055604e+20
2.706295267e+20
4.464679686e+20
4.4093307e+20
4.365135803e+20
6.036116211e+20
7.683999096e+20
5.060381041e+20
5.011056255e+20
2.475414487e+20
5.720466835e+20
5.652594948e+20
3.999322384e+20
3.162037597e+20
3.132505315e+20
6.192890472e+20
5.368860115e+20
6.066435249e+20
4.508460221e+20
2.972293755e+20
4.418403722e+20
5.827223455e+20
4.331615153e+20
4.285663848e+20
4.247998895e+20
5.605447944e+20
4.862036335e+20
3.500012787e+20
8.745217328e+20
5.240114775e+20
5.234593085e+20
3.481670591e+20
3.476171123e+20
5.197361061e+20
6.91510261e+20
1.721639706e+20
1.717026866e+20
5.125483584e+20
5.108858589e+20
6.772554353e+20
0
6.702835713e+20
3.336749703e+20
6.625425176e+20
0
3.270484197e+20
4.878816634e+20
4.837606061e+20
3.20565568e+20
4.765229009e+20
6.312106957e+20
7.815202029e+20
0
9.21961226e+20
7.625360481e+20
9.055594997e+20
5.989077101e+20
1.481197751e+20
4.406420809e+20
2.90511357e+20
2.879686766e+20
8.540961346e+20
2.821055037e+20
5.576597061e+20
6.904989728e+20
4.093964806e+20
6.756911874e+20
6.675654785e+20
5.287189244e+20
0
3.877043949e+20
1.276421353e+20
3.789385437e+20
1.247422431e+20
2.468444099e+20
7.312606725e+20
4.822806183e+20
7.143100527e+20
8.243479892e+20
2.325456148e+20
5.750452891e+20
4.541840415e+20
5.615441069e+20
3.326263577e+20
4.386680307e+20
2.165291103e+20
4.283464606e+20
7.400124079e+20
3.137099703e+20
2.064641724e+20
5.10594464e+20
2.016284208e+20
4.986728045e+20
4.923175492e+20
2.92253308e+20
4.809031391e+20
4.75844432e+20
2.818974764e+20
9.298792594e+19
3.672761236e+20
4.543729761e+20
5.384393085e+20
6.21798371e+20
2.631833447e+20
3.473935112e+20
3.431276297e+20
5.945362263e+20
2.517038214e+20
4.984999441e+20
5.745932355e+20
7.316627606e+20
3.213243196e+20
4.774200743e+20
3.145557063e+20
5.453304238e+20
3.850343642e+20
5.340816358e+20
5.280341506e+20
2.242427205e+20
3.695857622e+20
3.662668997e+20
1.449129017e+20
2.872528959e+20
4.262988315e+20
4.929787098e+20
4.878697242e+20
4.836210951e+20
1.738731625e+20
6.951110045e+20
5.206391388e+20
6.934553845e+20
5.188958265e+20
5.180775451e+20
6.885415697e+20
0
5.131937537e+20
6.824279036e+20
6.79051342e+20
1.692130843e+20
5.047260941e+20
5.028057671e+20
4.995470988e+20
4.973643826e+20
4.937961703e+20
8.18937959e+20
1.625070429e+20
3.232342858e+20
4.807720573e+20
4.778826835e+20
4.736004169e+20
4.705098259e+20
4.660582015e+20
0
3.054647742e+20
1.51588205e+20
1.500227018e+20
2.97664206e+20
2.944801971e+20
4.380307309e+20
1.444003129e+20
1.431382964e+20
4.245547741e+20
4.206930206e+20
4.158237608e+20
5.492084261e+20
2.713645688e+20
5.374570163e+20
3.982598604e+20
5.25716014e+20
1.298317935e+20
2.570135926e+20
3.80782799e+20
6.280348705e+20
4.961977875e+20
9.819024641e+20
6.060252783e+20
4.796261647e+20
5.920015244e+20
2.342409225e+20
5.78205212e+20
2.287697347e+20
5.646655181e+20
3.351096532e+20
1.102806465e+20
1.09079225e+20
7.538096212e+20
6.39095327e+20
4.2062069e+20
6.240933492e+20
4.107481158e+20
3.047400193e+20
4.011369614e+20
2.976314512e+20
3.917915985e+20
1.93815563e+20
3.827146669e+20
4.73361434e+20
0
4.625201694e+20
2.740269338e+20
5.424165097e+20
3.570991939e+20
5.302074413e+20
3.49094796e+20
2.591962319e+20
3.413528838e+20
2.5348296e+20
5.842717849e+20
3.306141473e+20
4.899607128e+20
4.043758469e+20
3.995757773e+20
3.957894541e+20
4.693871147e+20
4.650017689e+20
4.596408905e+20
6.831082345e+20
3.752029729e+20
4.461494507e+20
6.617793368e+20
3.643536879e+20
4.324597966e+20
5.000579434e+20
4.240551473e+20
4.903851286e+20
5.546175083e+20
4.123421544e+20
3.455202413e+20
3.453311521e+20
5.173099287e+20
1.722556085e+20
3.437225927e+20
3.431814298e+20
6.84158195e+20
8.533878617e+20
0
1.69525161e+20
6.747598112e+20
3.362890999e+20
1.671836888e+20
4.996459264e+20
3.309474247e+20
4.942556631e+20
4.907241573e+20
3.255399571e+20
0
1.606195344e+20
3.185468046e+20
3.166355818e+20
1.569045204e+20
1.558822999e+20
1.544129369e+20
3.066612988e+20
4.554471214e+20
7.534010491e+20
4.473887468e+20
1.479479106e+20
8.782248545e+20
2.903000997e+20
5.74219849e+20
1.423021391e+20
2.813936172e+20
5.576751242e+20
1.37810203e+20
4.095407421e+20
2.69816028e+20
4.007972578e+20
3.960062307e+20
2.613735108e+20
1.291031712e+20
5.111478011e+20
3.786630583e+20
4.996357829e+20
4.93457214e+20
7.323657564e+20
1.205406964e+20
5.96250964e+20
3.532680698e+20
2.329678383e+20
3.450483169e+20
3.413022469e+20
2.246535562e+20
7.777287717e+20
5.484609414e+20
8.679816749e+20
6.426944993e+20
4.238048469e+20
4.184008279e+20
4.138678981e+20
2.042953944e+20
5.052338883e+20
6.983186919e+20
2.960756565e+20
3.897506454e+20
2.892093165e+20
2.855457535e+20
1.883616858e+20
2.789786408e+20
3.681006077e+20
6.36093614e+20
6.295504778e+20
5.328870482e+20
1.758244473e+20
4.341214647e+20
3.438149675e+20
3.395964024e+20
4.202970849e+20
6.643038895e+20
3.289126932e+20
4.87439162e+20
4.827528484e+20
1.590070317e+20
4.725000978e+20
3.113106057e+20
2.313012389e+20
5.334762477e+20
3.020342092e+20
5.22562669e+20
4.438376688e+20
4.388936117e+20
4.349524315e+20
5.019054315e+20
2.131931962e+20
4.921407834e+20
4.181303096e+20
3.448128907e+20
4.101749642e+20
0
8.578377314e+20
3.426820167e+20
1.026968699e+21
1.707713204e+20
1.705028849e+20
5.098727084e+20
1.017590643e+21
3.378148066e+20
6.738279165e+20
1.005783276e+21
3.341788519e+20
0
3.310170354e+20
6.577787385e+20
9.823711271e+20
3.251267542e+20
3.235298643e+20
0
3.192683324e+20
1.583014609e+20
6.294130068e+20
3.11907791e+20
1.549395343e+20
4.60453326e+20
6.09641602e+20
7.545498256e+20
1.497830275e+20
5.92988135e+20
5.882966473e+20
2.910234475e+20
5.771997282e+20
7.135972587e+20
8.488541637e+20
5.595393617e+20
5.544636398e+20
4.110648457e+20
2.714681204e+20
6.707126511e+20
3.985277499e+20
5.250372837e+20
2.59905688e+20
3.851480443e+20
3.812253718e+20
5.020890496e+20
1.242186327e+20
1.226866869e+20
4.855661397e+20
3.596507415e+20
9.488079264e+20
9.369497237e+20
5.792712942e+20
5.719894351e+20
3.394697826e+20
3.351807853e+20
7.735797648e+20
5.455498836e+20
3.237670834e+20
5.327522078e+20
7.37747438e+20
6.243064108e+20
4.116965881e+20
3.048420035e+20
8.041529429e+20
5.954450536e+20
2.945360424e+20
2.907981344e+20
2.877109763e+20
2.840709012e+20
5.62166849e+20
4.625696218e+20
4.577560132e+20
2.712107101e+20
4.473680645e+20
2.65076819e+20
5.247672954e+20
3.45517966e+20
5.985931022e+20
3.378579049e+20
5.017738081e+20
4.956778216e+20
5.726501585e+20
4.849434322e+20
6.403736947e+20
3.954804759e+20
7.834632354e+20
3.871412937e+20
5.369324556e+20
3.032761655e+20
3.004809014e+20
3.713351647e+20
3.679581009e+20
7.277078377e+20
2.16351964e+20
4.993017309e+20
3.534790599e+20
3.496982451e+20
4.159534144e+20
4.802124798e+20
5.440405808e+20
5.117287413e+20
3.409667872e+20
0
3.401622071e+20
3.393901661e+20
3.388575219e+20
5.066675794e+20
5.055986066e+20
8.392454346e+20
6.69608697e+20
4.997530878e+20
4.98142384e+20
3.302129059e+20
8.224065208e+20
3.268567524e+20
3.254355792e+20
3.231289281e+20
8.038611058e+20
4.785902275e+20
4.759824429e+20
4.720239297e+20
1.251203153e+21
4.650441603e+20
6.160324147e+20
4.577011398e+20
4.545033957e+20
3.000299329e+20
1.488964659e+20
2.947497392e+20
4.386320185e+20
4.339879918e+20
2.869194285e+20
1.418936105e+20
2.813175857e+20
4.172465708e+20
6.891111645e+20
6.812100057e+20
4.048901747e+20
4.00157053e+20
6.604729989e+20
3.915746308e+20
9.045899066e+20
3.830105662e+20
2.52742368e+20
4.993247976e+20
3.706077235e+20
7.320988415e+20
1.207294131e+20
4.769343606e+20
1.179588191e+20
3.494648067e+20
5.761568462e+20
5.68931394e+20
4.50209187e+20
1.000201062e+21
5.496248507e+20
2.170678258e+20
3.220592481e+20
6.359464128e+20
2.096792647e+20
1.035076657e+20
4.095479422e+20
4.04343412e+20
2.999908208e+20
1.974544861e+20
1.953415717e+20
5.785978091e+20
3.816374417e+20
5.652224119e+20
5.592786261e+20
3.681595074e+20
5.464926614e+20
2.698241943e+20
5.340970141e+20
5.274481264e+20
6.961184965e+20
6.015745698e+20
2.552320486e+20
5.042056748e+20
2.496087152e+20
4.931536976e+20
4.883426811e+20
3.216487527e+20
5.574717082e+20
4.721569735e+20
4.676804911e+20
4.621976658e+20
5.341903179e+20
5.280183941e+20
2.989434886e+20
2.955448087e+20
4.392852408e+20
5.791721756e+20
5.73971403e+20
1.419214014e+20
2.813241158e+20
4.87040865e+20
7.58631626e+20
5.459579446e+20
4.735595841e+20
3.390097703e+20
1.694128567e+20
3.383819682e+20
1.690143097e+20
8.431616305e+20
1.010208514e+21
5.035024944e+20
3.349612068e+20
1.668039501e+20
6.654419867e+20
8.277557838e+20
6.600736461e+20
4.922612176e+20
4.904002877e+20
6.496982108e+20
3.234389208e+20
1.605777521e+20
1.597916199e+20
4.756855326e+20
6.307970412e+20
6.255709435e+20
1.554590071e+20
4.622603661e+20
1.530878049e+20
6.066422113e+20
3.012052964e+20
7.456526052e+20
2.960406752e+20
4.395387229e+20
5.814290558e+20
4.314703655e+20
5.70516898e+20
4.232318152e+20
1.398512714e+20
4.148660961e+20
5.481503715e+20
1.354712084e+20
1.342014249e+20
1.326373309e+20
5.254199692e+20
5.191944247e+20
7.710568527e+20
6.348278034e+20
3.770250004e+20
8.690339281e+20
6.143032332e+20
2.42707086e+20
4.802979005e+20
4.743624404e+20
3.519706921e+20
1.158645733e+20
4.58460567e+20
5.659058776e+20
2.239088387e+20
4.421849837e+20
3.280342084e+20
4.318556e+20
4.271591141e+20
1.054375386e+20
3.128776306e+20
6.17819455e+20
7.12987813e+20
3.016894999e+20
4.974007991e+20
5.89313595e+20
7.773449499e+20
1.918767028e+20
2.847603939e+20
4.686107253e+20
4.636832741e+20
3.662826506e+20
4.530890021e+20
4.474196385e+20
2.656901365e+20
3.498467257e+20
5.194376519e+20
2.565102668e+20
5.078749272e+20
3.344337681e+20
5.794681299e+20
5.724310088e+20
3.239118086e+20
3.200185771e+20
7.131154956e+20
4.697619231e+20
4.653073715e+20
2.299249379e+20
4.555508969e+20
3.001892186e+20
3.717771602e+20
1.470185144e+20
3.642032238e+20
5.041826307e+20
4.996552744e+20
3.529818141e+20
4.198199464e+20
5.53748958e+20
6.175003861e+20
4.073484031e+20
4.038079559e+20
6.737875892e+20
1.683556805e+20
3.362721601e+20
3.359216296e+20
5.027483935e+20
6.692824326e+20
3.335844718e+20
8.322069819e+20
3.315434961e+20
3.306634056e+20
3.290613768e+20
1.640020379e+20
4.892406071e+20
8.123232996e+20
1.614329854e+20
4.8219992e+20
6.38412077e+20
3.176458162e+20
0
4.702478729e+20
6.218221232e+20
6.181155399e+20
4.595097016e+20
3.043568791e+20
1.507647675e+20
8.982885521e+20
7.412822171e+20
2.943089191e+20
1.456609699e+20
7.225687984e+20
1.42993927e+20
9.926580638e+20
4.208108169e+20
4.17158907e+20
5.500168392e+20
2.725236728e+20
2.694181764e+20
5.337920547e+20
7.91383967e+20
1.306236209e+20
6.454018648e+20
3.833992448e+20
5.050746713e+20
2.499728897e+20
7.408299159e+20
4.887709097e+20
6.034888853e+20
5.971330234e+20
2.359090551e+20
3.500853436e+20
3.457425627e+20
4.560218801e+20
6.754948437e+20
2.227257205e+20
2.199304264e+20
4.350823818e+20
7.517989021e+20
4.249294202e+20
3.146692797e+20
4.150045395e+20
7.170639801e+20
4.053172381e+20
1.000458578e+20
4.948434667e+20
2.93147488e+20
4.833529956e+20
6.681414784e+20
9.443589382e+19
3.729818151e+20
5.53590307e+20
3.644248331e+20
3.606328017e+20
2.670932623e+20
3.524606866e+20
5.221191078e+20
5.168132218e+20
4.253600895e+20
7.579678352e+20
5.823082926e+20
4.941820303e+20
5.695454254e+20
2.417088524e+20
4.776072635e+20
7.095183126e+20
5.452895563e+20
3.857985115e+20
3.812715142e+20
3.777065845e+20
4.480037873e+20
5.178519187e+20
5.119529716e+20
5.797670036e+20
4.299565784e+20
4.260957718e+20
6.32121724e+20
3.480632049e+20
3.443182576e+20
4.778160789e+20
4.052501881e+20
5.356390926e+20
3.348040694e+20
5.019348498e+20
5.012827473e+20
6.676814873e+20
4.996387583e+20
6.651443339e+20
3.315263279e+20
6.616600252e+20
4.942567268e+20
4.929466653e+20
4.905681704e+20
1.629981076e+20
4.862568406e+20
1.614747688e+20
4.81360354e+20
6.390364282e+20
3.172800971e+20
3.157317418e+20
3.133204337e+20
4.674320946e+20
4.635884744e+20
3.072196531e+20
4.56791579e+20
1.51279814e+20
1.498795019e+20
2.976745541e+20
2.947851046e+20
5.851946115e+20
5.792755299e+20
5.747199544e+20
2.843478256e+20
2.819935222e+20
6.973622642e+20
4.14791186e+20
5.46914285e+20
6.774740672e+20
4.018664849e+20
0
3.934966084e+20
5.196013955e+20
2.567400892e+20
3.81293452e+20
5.023175338e+20
4.972215738e+20
4.912116973e+20
2.430640622e+20
6.002453012e+20
2.375713759e+20
2.346504641e+20
5.803668092e+20
4.585480242e+20
3.402067502e+20
6.719404381e+20
9.969976784e+20
4.375610255e+20
3.246073578e+20
5.342082476e+20
6.340843239e+20
3.130429305e+20
5.160765918e+20
6.114659204e+20
7.056603672e+20
5.972030637e+20
2.953873778e+20
1.94435708e+20
1.923562967e+20
6.647492949e+20
5.637394317e+20
4.638679353e+20
5.50789319e+20
2.719393248e+20
3.588129558e+20
2.65748422e+20
4.383573913e+20
3.46329851e+20
5.999177075e+20
5.925146147e+20
5.865703578e+20
3.310783411e+20
1.639007439e+20
4.85733247e+20
6.413230419e+20
4.752109512e+20
4.706381588e+20
4.650439847e+20
3.070884379e+20
3.03483421e+20
2.25484037e+20
5.200378407e+20
3.680302719e+20
3.638339451e+20
5.768387311e+20
3.564824178e+20
3.532813987e+20
4.891515778e+20
2.770356898e+20
3.425615271e+20
6.112018186e+20
6.047602168e+20
4.662839689e+20
6.654802183e+20
3.325608449e+20
3.321304995e+20
1.658927396e+20
6.620898062e+20
6.610570915e+20
3.294934248e+20
3.288023949e+20
3.274903997e+20
3.266236436e+20
0
8.100319675e+20
3.222061654e+20
6.419874695e+20
0
1.587966455e+20
3.153772567e+20
0
3.114528117e+20
1.548832788e+20
6.144576782e+20
6.108065428e+20
4.541054241e+20
4.511752169e+20
2.980091439e+20
4.43910064e+20
1.465386707e+20
1.454527429e+20
2.879729511e+20
7.14278916e+20
7.068162497e+20
2.803889259e+20
4.160509729e+20
4.124501907e+20
6.798081706e+20
5.389455094e+20
5.328411453e+20
5.278651498e+20
5.217672794e+20
3.87555127e+20
5.106699654e+20
5.056142195e+20
2.497951673e+20
1.236317239e+20
6.107070036e+20
6.043922055e+20
8.358509564e+20
5.907580681e+20
3.501078469e+20
2.309163988e+20
5.701646272e+20
5.640268997e+20
6.684232428e+20
3.305949015e+20
4.352851225e+20
6.458412846e+20
6.377353686e+20
4.205391424e+20
5.190555105e+20
6.161100467e+20
3.041689531e+20
3.008797861e+20
1.980540883e+20
3.918455108e+20
3.868997136e+20
5.74144136e+20
4.724224156e+20
2.804462737e+20
2.769194161e+20
3.65344355e+20
5.411477523e+20
2.677585384e+20
4.406950945e+20
3.489289232e+20
6.030461437e+20
5.969169784e+20
3.368885541e+20
3.335084321e+20
1.647128754e+20
5.707883951e+20
5.638606637e+20
3.190607162e+20
6.3045142e+20
3.902398507e+20
4.627203755e+20
5.347187382e+20
3.774562236e+20
6.730666e+20
3.695935687e+20
5.126590105e+20
2.896046043e+20
5.7393989e+20
4.256231724e+20
6.327020034e+20
4.171527381e+20
4.134526824e+20
2.726581051e+20
4.72967036e+20
3.342649528e+20
4.639081908e+20
4.960521604e+20
3.305237232e+20
6.601953856e+20
1.648776831e+20
6.580446421e+20
3.285098868e+20
3.274853011e+20
1.633997399e+20
4.88251181e+20
1.623202768e+20
3.230867914e+20
1.61026674e+20
8.006619597e+20
1.595307391e+20
4.755888508e+20
3.156914221e+20
4.702456565e+20
1.55985986e+20
3.096073226e+20
3.079336691e+20
4.581303639e+20
4.554123623e+20
4.514506762e+20
4.485420896e+20
7.406989879e+20
4.413384415e+20
5.827785021e+20
2.892331178e+20
0
2.840819596e+20
5.622471172e+20
2.788024872e+20
5.516149376e+20
1.367118238e+20
5.408130111e+20
5.359455389e+20
3.974199695e+20
2.624753907e+20
3.891781382e+20
2.569551408e+20
5.078903448e+20
7.543010156e+20
6.211157359e+20
3.688959507e+20
2.42973932e+20
6.011592172e+20
5.938616208e+20
5.876213634e+20
5.804328622e+20
3.445485692e+20
2.268703557e+20
3.366442798e+20
5.54118897e+20
3.288753202e+20
5.412909657e+20
4.283351534e+20
3.172274696e+20
7.321612345e+20
5.164002506e+20
4.08640475e+20
4.034944884e+20
2.993494282e+20
4.92626896e+20
3.898614815e+20
4.81184881e+20
1.904162932e+20
4.700480162e+20
3.720495148e+20
5.510642237e+20
1.817571746e+20
3.589627617e+20
4.440347674e+20
4.384982747e+20
1.735947256e+20
7.714867054e+20
2.545483365e+20
5.0282121e+20
5.807382926e+20
4.916843645e+20
4.056804616e+20
5.610606271e+20
4.762137228e+20
3.136598323e+20
6.989412618e+20
3.069465806e+20
5.320594267e+20
4.506924837e+20
4.464765386e+20
5.884001787e+20
2.186148928e+20
4.322350155e+20
3.569187742e+20
4.940705718e+20
2.098432081e+20
5.534053698e+20
4.113729652e+20
2.712810404e+20
4.033536305e+20
3.990832623e+20
3.296832141e+20
1.643438004e+20
1.642557033e+20
1.640448092e+20
6.554998912e+20
9.810729109e+20
1.142805075e+21
4.882522598e+20
6.496416376e+20
1.61767602e+20
3.22681399e+20
6.422863699e+20
3.201174658e+20
4.775199854e+20
1.585761727e+20
3.151697934e+20
3.138121959e+20
7.790980913e+20
3.101254671e+20
6.155671504e+20
1.071428202e+21
4.554492228e+20
4.527512837e+20
1.496089293e+20
0
5.891400122e+20
5.850619239e+20
7.243012395e+20
5.751597365e+20
4.270501293e+20
2.824708369e+20
2.795386909e+20
5.544677993e+20
5.485301372e+20
2.718977253e+20
0
2.664893907e+20
5.269778776e+20
2.610342086e+20
2.580361696e+20
5.111112206e+20
1.26285205e+20
1.250375382e+20
7.413357323e+20
4.892242222e+20
3.625185206e+20
5.979606323e+20
3.544322578e+20
5.845177923e+20
4.619079959e+20
7.997306152e+20
4.513746571e+20
3.348908771e+20
6.614981699e+20
3.271735351e+20
4.308036118e+20
6.391985143e+20
5.260067378e+20
2.081193279e+20
3.082632112e+20
5.082028425e+20
4.014512771e+20
2.978345591e+20
3.921150857e+20
5.818461636e+20
2.872617674e+20
3.789217843e+20
4.676973649e+20
4.627368141e+20
4.569310642e+20
3.61702585e+20
4.464728444e+20
7.952894452e+20
4.363232482e+20
2.591004273e+20
4.264814328e+20
2.532877218e+20
4.169453599e+20
2.476566576e+20
8.154239364e+19
4.036749534e+20
3.190218641e+20
6.318131639e+20
2.340820759e+20
6.182091644e+20
3.054280853e+20
6.050587833e+20
3.737165339e+20
3.702201298e+20
2.927399624e+20
4.350593272e+20
4.30084734e+20
4.261715586e+20
4.213762451e+20
4.871913658e+20
5.506351043e+20
4.775330768e+20
4.048767232e+20
6.688791771e+19
1.32356373e+20
3.936244554e+20
3.266981398e+20
1.632617224e+20
4.891587412e+20
4.886531544e+20
3.25050406e+20
3.245456485e+20
8.088540037e+20
3.228659738e+20
1.607966086e+20
1.603728744e+20
4.788342348e+20
4.773070768e+20
4.746770539e+20
1.576329618e+20
3.133027389e+20
3.119552103e+20
1.549016297e+20
3.083006919e+20
3.059811876e+20
1.521661011e+20
4.527992812e+20
3.000807487e+20
7.4372204e+20
4.433669751e+20
4.393200497e+20
5.817114122e+20
5.761414906e+20
8.578362334e+20
2.830913937e+20
4.213168283e+20
4.169573892e+20
0
6.818495591e+20
5.407774806e+20
8.022695472e+20
2.650223442e+20
3.930707757e+20
5.192175326e+20
3.849534262e+20
6.354281063e+20
3.768156782e+20
3.730966263e+20
3.686876765e+20
6.08269128e+20
3.60596737e+20
1.189591809e+20
4.700898351e+20
4.65157466e+20
4.594951754e+20
3.409536676e+20
7.858080134e+20
6.663112899e+20
4.387261104e+20
4.339856951e+20
5.357466051e+20
7.419161281e+20
6.279942941e+20
3.105909207e+20
6.134044851e+20
3.03378828e+20
9.985716358e+19
4.93891575e+20
4.876857238e+20
2.894648197e+20
4.76378469e+20
2.827725459e+20
3.722960858e+20
3.683478941e+20
4.546646504e+20
3.599087909e+20
5.331171656e+20
4.396420081e+20
2.605018153e+20
6.875240461e+20
4.243800545e+20
4.20065886e+20
4.978721303e+20
3.285834617e+20
3.245655068e+20
6.427026822e+20
3.174532346e+20
3.929409817e+20
4.658614327e+20
4.613755774e+20
4.558868104e+20
6.020792862e+20
4.462492087e+20
5.15752522e+20
2.184706929e+20
6.493654667e+20
4.27955741e+20
5.65415584e+20
5.590458746e+20
4.847728326e+20
4.109193268e+20
2.036378365e+20
5.371364457e+20
4.658752414e+20
2.633834695e+20
4.569239283e+20
1.623663086e+20
4.868390973e+20
1.620729412e+20
6.476228025e+20
4.846502911e+20
6.451983849e+20
4.824077357e+20
3.209345174e+20
4.795116067e+20
3.188331828e+20
1.586626458e+20
3.16314692e+20
9.43735546e+20
6.268036198e+20
9.343730244e+20
4.651801094e+20
4.619831826e+20
7.662431624e+20
4.562996803e+20
4.538443141e+20
3.001199983e+20
2.983475631e+20
4.436694619e+20
4.408239425e+20
1.164837362e+21
1.445997643e+20
5.728793534e+20
5.686588557e+20
4.222511681e+20
9.775597994e+20
1.382109835e+20
4.11223629e+20
5.424628986e+20
2.68896412e+20
3.989341065e+20
3.953570426e+20
1.303105604e+20
2.581988074e+20
1.276250935e+20
5.056035848e+20
4.997301225e+20
7.422043826e+20
4.889713755e+20
3.630255454e+20
0
3.549986997e+20
1.169073389e+20
4.627263781e+20
4.571074311e+20
4.522456024e+20
6.700737175e+20
2.209588681e+20
4.364767449e+20
5.397037661e+20
3.198100802e+20
2.108970002e+20
2.08271021e+20
5.150315417e+20
3.051570029e+20
4.024686475e+20
2.980697329e+20
1.965669043e+20
6.793529724e+20
3.840281386e+20
5.688133097e+20
2.813678495e+20
3.704527166e+20
4.581557104e+20
2.714523653e+20
5.371990515e+20
6.1890851e+20
4.374780606e+20
5.184447482e+20
3.420735608e+20
4.222992828e+20
4.180059718e+20
5.780062698e+20
1.63486985e+20
4.037214238e+20
3.997228408e+20
4.738499334e+20
2.346106491e+20
4.635812551e+20
4.591166206e+20
3.780446574e+20
6.74020113e+20
2.960401759e+20
4.399045213e+20
5.797255224e+20
2.153912106e+20
6.387715829e+20
7.736164431e+20
4.172132333e+20
3.445558523e+20
4.770298346e+20
4.052574822e+20
4.008480885e+20
1.324452387e+20
3.931012145e+20
5.845401525e+20
4.841859057e+20
6.452376759e+20
4.833140335e+20
4.82816121e+20
3.21173244e+20
6.413518898e+20
3.196917546e+20
1.595130162e+20
3.177783534e+20
4.754149354e+20
3.154501853e+20
4.716704787e+20
6.254553984e+20
4.673394165e+20
3.096342149e+20
6.166128008e+20
1.530977239e+20
6.094296278e+20
3.024390084e+20
1.50407002e+20
7.459847378e+20
4.449514251e+20
1.47044997e+20
0
2.895576004e+20
7.189052633e+20
2.848269745e+20
4.240974105e+20
4.198919076e+20
6.943632023e+20
5.497790463e+20
0
6.743491678e+20
5.348409325e+20
5.290099386e+20
5.242723616e+20
1.296052476e+20
1.284020405e+20
5.077592688e+20
7.543410604e+20
4.970680089e+20
4.921719546e+20
2.431933986e+20
4.814800585e+20
3.568136551e+20
4.708527147e+20
3.488958739e+20
1.150801424e+20
4.547443741e+20
3.374330073e+20
4.444222684e+20
3.297385737e+20
4.34250327e+20
4.295629818e+20
2.121258692e+20
5.245722338e+20
7.252745499e+20
4.099503493e+20
4.048363411e+20
6.006788896e+20
6.920268986e+20
2.933805689e+20
3.862741517e+20
4.77652863e+20
4.71667127e+20
2.7997704e+20
5.529412678e+20
2.735394034e+20
1.800794439e+20
6.236545952e+20
4.399121322e+20
2.612011865e+20
4.299257323e+20
2.55301203e+20
6.723821053e+20
4.991593943e+20
3.286796833e+20
5.694152958e+20
6.428084841e+20
4.77330795e+20
5.501331548e+20
5.4475855e+20
3.844360747e+20
3.807330636e+20
4.514421402e+20
5.962074653e+20
5.155414703e+20
2.918377558e+20
2.884452659e+20
5.001212387e+20
2.825069123e+20
4.898880058e+20
3.459686852e+20
3.428622108e+20
3.390551602e+20
3.360493287e+20
3.323864058e+20
4.612643604e+20
3.911468527e+20
5.81635833e+20
1.6043584e+20
8.017533631e+20
1.601479151e+20
6.399327826e+20
7.981728554e+20
4.781632398e+20
4.767014778e+20
6.342802229e+20
7.897616535e+20
4.726135058e+20
7.83992773e+20
4.689018093e+20
6.217970683e+20
3.097389428e+20
7.695799552e+20
3.065138183e+20
4.566343059e+20
3.029529749e+20
3.006984962e+20
2.990852334e+20
4.450313e+20
7.373514213e+20
4.38629312e+20
5.81099202e+20
1.43962246e+20
0
5.664646602e+20
2.81151644e+20
6.95931441e+20
2.762050366e+20
1.366869884e+20
5.422643342e+20
2.682642049e+20
2.659606346e+20
9.207436579e+20
2.607165448e+20
2.578150576e+20
5.108486833e+20
3.787855822e+20
7.50320073e+20
7.416511615e+20
4.895688182e+20
6.047867474e+20
3.592146505e+20
5.915862092e+20
7.025994883e+20
5.784810823e+20
4.579396483e+20
3.393042176e+20
1.118999342e+20
6.632282339e+20
6.561123798e+20
1.080116268e+20
6.410778861e+20
4.221118434e+20
5.219288784e+20
4.123642148e+20
4.078962579e+20
3.021127694e+20
3.984566357e+20
3.934812517e+20
4.8654227e+20
1.921828261e+20
2.851764491e+20
3.754769841e+20
3.714665501e+20
1.834101021e+20
8.165959622e+20
4.479983302e+20
2.659744466e+20
5.253214401e+20
2.599280695e+20
5.989685999e+20
4.234323898e+20
4.181983579e+20
4.967353958e+20
4.906285229e+20
4.857027453e+20
2.398849431e+20
5.541863081e+20
5.474674734e+20
3.872272137e+20
3.825726777e+20
5.304418285e+20
2.246260737e+20
3.708214347e+20
3.664551432e+20
2.904197459e+20
7.176039171e+20
7.109813099e+19
4.919756076e+20
4.874981849e+20
2.065658371e+20
4.77659193e+20
4.048694615e+20
4.012805167e+20
3.968988361e+20
4.589929776e+20
3.892118276e+20
5.787602314e+20
1.594877183e+20
6.376130223e+20
3.184048983e+20
3.180779266e+20
1.586937422e+20
4.753461517e+20
7.898311241e+20
3.152763566e+20
3.140529353e+20
3.132299321e+20
3.117656774e+20
1.553884847e+20
1.545453212e+20
4.619091448e+20
3.060506077e+20
4.571129412e+20
4.540060474e+20
3.012113923e+20
2.989779023e+20
2.973762196e+20
5.900011524e+20
1.466330426e+20
2.907679581e+20
2.889112783e+20
5.726194032e+20
4.265133925e+20
1.40827721e+20
2.795892413e+20
1.384172015e+20
2.746817809e+20
5.437501004e+20
2.696484715e+20
1.334023981e+20
7.935499642e+20
5.232995155e+20
3.889683036e+20
3.846518458e+20
5.08118698e+20
0
8.707320134e+20
2.459139864e+20
3.652448051e+20
3.609740636e+20
2.382260335e+20
7.06218254e+20
6.989580457e+20
3.453000506e+20
4.555832301e+20
6.751362093e+20
3.33984312e+20
2.199525586e+20
5.439848109e+20
5.373311791e+20
3.189221266e+20
3.149950703e+20
2.077248118e+20
4.103065714e+20
8.117252966e+20
4.008177554e+20
3.964804763e+20
3.915379477e+20
4.841408665e+20
5.737138784e+20
5.675501793e+20
4.67048062e+20
2.772362662e+20
4.56288165e+20
3.611613119e+20
6.241472343e+20
6.175891284e+20
1.742577614e+20
4.311121713e+20
3.406111502e+20
5.05659372e+20
2.497065715e+20
4.943348263e+20
4.068838335e+20
4.833580947e+20
3.978799558e+20
5.515127363e+20
4.669950005e+20
5.395031214e+20
6.091636123e+20
3.770587924e+20
4.470832998e+20
4.428368017e+20
5.105571424e+20
5.057770364e+20
3.570643295e+20
2.83014959e+20
4.196464541e+20
4.158270578e+20
4.79640812e+20
5.432390264e+20
5.371896446e+20
2.662141078e+20
3.949532485e+20
3.262456107e+20
5.163944715e+20
4.479322741e+20
0
4.754009047e+20
4.748042438e+20
3.162116228e+20
6.310557529e+20
7.876034379e+20
1.57042879e+20
3.134343795e+20
6.244455822e+20
3.114056927e+20
3.099555127e+20
6.179478003e+20
1.536518276e+20
7.654017643e+20
3.042897317e+20
3.029904707e+20
6.018771612e+20
4.492345785e+20
5.945537738e+20
7.392165649e+20
2.933326946e+20
4.37415762e+20
2.891349263e+20
7.182283199e+20
4.270693844e+20
0
7.002400383e+20
2.780441075e+20
4.129697023e+20
5.463504689e+20
2.703924714e+20
2.681809258e+20
6.634029517e+20
5.261765396e+20
2.602451435e+20
5.158458156e+20
2.550687754e+20
1.263544339e+20
2.498548861e+20
3.71202672e+20
2.446245837e+20
2.42222145e+20
8.378902701e+20
7.109658696e+20
4.683807466e+20
2.317847181e+20
5.72549652e+20
2.266254692e+20
2.238997783e+20
2.215241768e+20
7.659414036e+20
3.247424048e+20
5.346316246e+20
5.288692315e+20
5.223702096e+20
4.133770324e+20
7.144713813e+20
4.038492157e+20
6.979669067e+20
3.945238219e+20
3.896137444e+20
3.854104412e+20
7.612093529e+20
3.765165806e+20
3.718178322e+20
5.517718078e+20
4.540727977e+20
6.289644727e+20
5.323940012e+20
2.634001817e+20
2.601248646e+20
2.574187076e+20
5.931983545e+20
5.032235714e+20
4.970115778e+20
2.459786738e+20
4.859154244e+20
3.206906481e+20
2.375821105e+20
2.352277873e+20
3.098359236e+20
5.3691325e+20
4.54679467e+20
3.001984984e+20
3.707794105e+20
3.672571143e+20
4.35515097e+20
2.876246681e+20
4.974808294e+20
6.337140195e+20
3.480160884e+20
4.138181288e+20
5.455056006e+20
4.054556813e+20
4.677565941e+20
3.311507066e+20
3.27522202e+20
3.895857144e+20
3.853986508e+20
3.820623298e+20
4.728741022e+20
0
6.293784682e+20
0
3.136899328e+20
3.132069311e+20
6.245210592e+20
1.558069003e+20
9.312415609e+20
1.548012895e+20
7.704156175e+20
3.071916325e+20
1.52768606e+20
6.088048242e+20
1.512745012e+20
4.518884981e+20
1.496130876e+20
5.955752308e+20
1.477975588e+20
4.410241849e+20
5.833671336e+20
0
7.188003379e+20
4.285341641e+20
4.247007845e+20
7.029843126e+20
4.178306423e+20
8.295478745e+20
6.845212368e+20
4.075276856e+20
2.689259743e+20
4.000939014e+20
2.639331031e+20
3.925128427e+20
3.882832941e+20
6.413710514e+20
2.537174584e+20
3.770590021e+20
3.728122676e+20
2.461700891e+20
9.733945277e+20
2.409610235e+20
3.572370411e+20
5.894100034e+20
3.494807311e+20
4.611914909e+20
2.27851727e+20
2.254712024e+20
1.113828792e+20
1.102017992e+20
3.266091507e+20
6.462209824e+20
5.319590597e+20
4.209825825e+20
5.197746871e+20
6.16987527e+20
4.062522801e+20
7.03247407e+20
3.96878166e+20
2.944397888e+20
5.815625423e+20
2.876450876e+20
5.681274822e+20
3.746843819e+20
4.625185891e+20
3.660648434e+20
4.518788385e+20
2.682541232e+20
5.29829603e+20
5.242632916e+20
2.588752105e+20
1.707880724e+20
3.373455562e+20
4.173426044e+20
3.297553328e+20
7.344039423e+20
5.641914474e+20
3.98946712e+20
1.576314633e+20
5.462422422e+20
3.083561186e+20
3.816772321e+20
4.525071816e+20
5.228366647e+20
5.904104358e+20
5.84800842e+20
4.334299458e+20
4.29370812e+20
6.3655034e+20
3.50374352e+20
2.078058243e+20
4.118285174e+20
5.428758744e+20
4.707513076e+20
3.324959608e+20
3.95459299e+20
4.563051981e+20
1.292317411e+20
6.391999076e+20
5.069346991e+20
6.268376758e+20
4.698810218e+20
6.257274673e+20
3.125439557e+20
3.118732771e+20
3.113937267e+20
1.552281961e+20
1.549071246e+20
1.543128782e+20
3.078202258e+20
9.19192561e+20
0
3.037909603e+20
4.539962987e+20
6.016561518e+20
4.493208056e+20
8.925994422e+20
1.480523749e+20
0
1.461821949e+20
4.350793174e+20
1.441774024e+20
5.718465615e+20
1.420526611e+20
2.815722087e+20
4.19468191e+20
4.155425977e+20
5.500090292e+20
4.084803173e+20
6.755279533e+20
6.68688247e+20
3.979398607e+20
5.250406281e+20
3.904159274e+20
6.437016915e+20
6.379712627e+20
3.785705762e+20
3.750757865e+20
6.181046821e+20
4.897705657e+20
6.052148043e+20
4.794259317e+20
2.369315976e+20
2.345519707e+20
3.476943531e+20
6.882567256e+20
2.26695449e+20
4.486572682e+20
1.10821584e+20
4.385885995e+20
4.332989777e+20
6.429897943e+20
4.234504653e+20
5.236134703e+20
7.24086762e+20
2.046466377e+20
4.042550324e+20
3.998816919e+20
9.873431765e+19
3.906678841e+20
8.680984295e+20
4.770768106e+20
1.884582945e+20
4.660874106e+20
4.602866391e+20
3.642990168e+20
5.396471743e+20
2.669645626e+20
2.636448952e+20
6.087089629e+20
5.152750116e+20
5.099146672e+20
4.196701609e+20
4.984216992e+20
5.743232587e+20
4.872703428e+20
3.208613431e+20
2.382290124e+20
2.353230707e+20
3.106540519e+20
3.068903817e+20
3.798624239e+20
6.004740724e+20
4.460141496e+20
5.141507108e+20
4.365127941e+20
5.032587769e+20
4.985450375e+20
3.519509776e+20
4.184417858e+20
2.06811601e+20
5.464772617e+20
6.078053034e+20
4.684928668e+20
3.970747483e+20
5.903343661e+20
3.243577283e+20
3.215191591e+20
3.816594658e+20
5.675366498e+20
1.558047054e+20
3.114459143e+20
4.665889356e+20
6.214836871e+20
3.100775416e+20
7.740034885e+20
1.543364913e+20
1.540176815e+20
4.602872122e+20
1.530291385e+20
3.046489811e+20
6.073761559e+20
1.510322781e+20
4.514185869e+20
2.991266163e+20
5.957095042e+20
2.958591702e+20
4.416611966e+20
4.384320383e+20
7.268277774e+20
4.326604821e+20
1.433770317e+20
4.265160988e+20
1.412693361e+20
2.800276933e+20
1.390570763e+20
8.265589508e+20
1.367547522e+20
2.708480199e+20
4.031297181e+20
6.651004754e+20
0
5.222451386e+20
3.883412976e+20
5.122407021e+20
3.807643964e+20
3.765859929e+20
3.731133239e+20
3.689336325e+20
3.654207274e+20
4.81672496e+20
3.577166554e+20
1.178588672e+20
4.667046763e+20
4.612348593e+20
3.423810338e+20
4.511016946e+20
6.695927616e+20
3.307977524e+20
5.454902787e+20
8.622816059e+20
4.265271721e+20
6.320319546e+20
3.126147413e+20
6.175923115e+20
4.072815058e+20
6.034159901e+20
4.974087758e+20
6.877767161e+20
2.91576032e+20
1.919764816e+20
3.798141704e+20
4.688740243e+20
6.493776866e+20
4.580761269e+20
6.34462753e+20
3.580431321e+20
3.542497882e+20
5.247742116e+20
2.596308798e+20
5.128231599e+20
4.229070231e+20
5.012129775e+20
1.653516551e+20
4.082862455e+20
3.233067815e+20
5.588486714e+20
7.903359536e+20
3.122794461e+20
4.637755961e+20
4.581577701e+20
3.024518337e+20
5.976323889e+20
2.959351784e+20
4.386133523e+20
3.62037283e+20
2.146594874e+20
4.961801127e+20
4.903904841e+20
2.77635618e+20
4.802626402e+20
6.118592153e+20
6.72114698e+20
6.660799892e+20
4.610348648e+20
6.527856958e+20
3.227983122e+20
5.11958339e+20
3.165141254e+20
4.392876777e+20
3.09820756e+20
3.096585669e+20
3.09275542e+20
0
6.166047343e+20
3.078295787e+20
4.603649182e+20
1.531383941e+20
3.051106588e+20
3.043163839e+20
4.543804284e+20
4.529491493e+20
4.505364943e+20
4.488699816e+20
1.041055033e+21
4.442719768e+20
4.413058857e+20
1.024784048e+21
5.813241495e+20
1.445579896e+20
2.868455955e+20
8.55512988e+20
5.655643998e+20
2.809892057e+20
5.570000597e+20
1.382997619e+20
5.480544938e+20
6.800766523e+20
4.040874906e+20
2.673107599e+20
5.292407983e+20
2.6246708e+20
2.597396298e+20
5.150514668e+20
2.547743238e+20
1.262557362e+20
3.746221086e+20
4.948950537e+20
2.446829483e+20
6.058887216e+20
4.791988199e+20
3.558828584e+20
3.517743687e+20
2.321649143e+20
2.294505529e+20
6.813027188e+20
5.610443647e+20
4.441557768e+20
3.291473863e+20
3.256633012e+20
4.290040206e+20
5.305194971e+20
2.096397258e+20
6.221533703e+20
5.121406044e+20
5.066117701e+20
5.00398597e+20
2.969935243e+20
1.955559394e+20
2.901649424e+20
2.865768105e+20
6.614732042e+20
9.332482281e+19
6.462631633e+20
6.382414429e+20
2.706134876e+20
2.672534105e+20
5.288445651e+20
3.481883475e+20
4.306638419e+20
4.253287759e+20
4.209043064e+20
4.988443626e+20
4.937106018e+20
4.063599416e+20
4.022265031e+20
3.178371719e+20
8.652717175e+20
3.885109771e+20
3.07727262e+20
4.560004765e+20
6.020545508e+20
4.46113106e+20
3.68176068e+20
5.093034024e+20
5.044622197e+20
4.272925948e+20
5.643857357e+20
4.183472028e+20
2.763225837e+20
5.462704647e+20
3.383107018e+20
4.682445712e+20
3.977488945e+20
3.932888688e+20
3.248371321e+20
3.855045825e+20
3.821322549e+20
4.409908296e+20
3.74724354e+20
6.16105036e+20
1.539458086e+20
4.612682018e+20
6.143985075e+20
4.598211037e+20
3.060779265e+20
4.577504004e+20
6.090763574e+20
3.033829664e+20
7.564855153e+20
7.53027745e+20
4.503953086e+20
2.986699518e+20
5.951333231e+20
1.478903956e+20
5.890531644e+20
5.851341913e+20
5.823367466e+20
7.226352841e+20
2.875186938e+20
4.279026098e+20
4.254079678e+20
4.218560976e+20
2.794566412e+20
1.38494472e+20
6.877532575e+20
1.362754621e+20
5.411354469e+20
4.019263184e+20
3.988256613e+20
3.948235228e+20
7.832293811e+20
2.583712616e+20
5.123433183e+20
1.267211852e+20
8.791786797e+20
2.484524008e+20
3.692493684e+20
2.434232472e+20
3.616651371e+20
2.383752108e+20
2.36045178e+20
2.333269433e+20
3.464842708e+20
6.848862751e+20
5.648984557e+20
5.582399308e+20
3.314540516e+20
5.458556767e+20
4.320648098e+20
2.13444157e+20
4.223248274e+20
5.215307591e+20
2.063691262e+20
4.077164002e+20
4.033167189e+20
1.991897026e+20
3.940744511e+20
1.946134193e+20
1.058813965e+21
4.753370219e+20
4.702159322e+20
3.715165547e+20
3.675304988e+20
4.537181919e+20
3.591022953e+20
2.659865966e+20
2.631692139e+20
4.331786507e+20
6.858063418e+20
7.619831953e+20
1.675681873e+20
3.309986863e+20
4.094902443e+20
8.089034583e+20
5.604724182e+20
4.745195452e+20
3.13168122e+20
3.866898805e+20
6.891400145e+20
4.538634035e+20
4.494241104e+20
2.960144767e+20
6.596091175e+20
2.89665064e+20
5.020946765e+20
4.252852539e+20
3.510835291e+20
4.163784118e+20
2.750219105e+20
4.757321432e+20
5.387437072e+20
3.328785725e+20
5.278236786e+20
4.566600183e+20
3.879554114e+20
2.557792279e+20
4.436987797e+20
4.388822427e+20
6.215561529e+20
9.189130474e+20
1.53072359e+20
3.057687221e+20
3.054580774e+20
6.096246089e+20
4.565191446e+20
6.068872159e+20
3.028191966e+20
1.055861555e+21
3.008914109e+20
4.492816348e+20
5.971601398e+20
1.485005506e+20
5.918108532e+20
2.941357905e+20
4.393353503e+20
4.3642257e+20
5.791185754e+20
4.311957681e+20
2.859389605e+20
4.255627e+20
0
2.797093833e+20
5.558814076e+20
4.13241251e+20
1.368096127e+20
2.710904236e+20
4.036806551e+20
2.665254269e+20
2.644719429e+20
3.927386993e+20
6.492512471e+20
5.140344712e+20
2.548317499e+20
1.260621358e+20
2.498900229e+20
6.179252589e+20
3.673472473e+20
2.421764503e+20
7.196322846e+20
4.743269155e+20
3.522710964e+20
8.125237493e+20
4.5965191e+20
4.543037389e+20
6.744878301e+20
4.44370715e+20
4.397437173e+20
2.172637125e+20
5.374164107e+20
3.185950297e+20
2.101272777e+20
3.113923545e+20
2.053636891e+20
4.057396721e+20
6.020446986e+20
1.982293174e+20
3.921760059e+20
5.810398231e+20
4.789722407e+20
4.730678994e+20
5.615671386e+20
6.470638378e+20
4.572306369e+20
1.806280687e+20
1.78701423e+20
3.529756477e+20
6.11165253e+20
5.17369458e+20
4.266132245e+20
1.685352117e+20
5.837373407e+20
5.765359426e+20
6.521169726e+20
1.610245417e+20
3.187728328e+20
2.361521062e+20
3.11705769e+20
3.079086212e+20
3.048551062e+20
3.011641787e+20
3.727725516e+20
4.419498414e+20
2.917912553e+20
3.603904566e+20
4.997492521e+20
4.938461327e+20
3.494414785e+20
6.907134413e+20
5.474668495e+20
5.41141483e+20
3.351339178e+20
3.313116291e+20
3.283369443e+20
4.545035832e+20
4.504776797e+20
3.818505015e+20
4.415967036e+20
3.743946207e+20
3.711600619e+20
4.568638646e+20
3.044175298e+20
4.560674496e+20
4.556047913e+20
7.577418441e+20
3.02633754e+20
6.034792735e+20
9.033585343e+20
8.99956868e+20
7.48019182e+20
5.956998805e+20
1.484576863e+20
7.383769917e+20
4.413939557e+20
5.850179725e+20
2.91271967e+20
5.786949556e+20
1.007887612e+21
0
7.10941229e+20
5.64330989e+20
4.207874402e+20
2.781978825e+20
1.382205622e+20
1.370077186e+20
4.082295466e+20
4.044682383e+20
5.353771018e+20
2.651150608e+20
2.63075026e+20
7.813515549e+20
7.750168945e+20
1.278386638e+20
3.802586769e+20
2.50819812e+20
6.214990094e+20
1.106554385e+21
2.436430818e+20
2.409423603e+20
1.193286524e+20
5.899099052e+20
5.841542797e+20
3.464762444e+20
6.860221793e+20
4.520394264e+20
3.355656285e+20
6.632572076e+20
4.375703957e+20
4.32391515e+20
2.139111891e+20
5.283986165e+20
3.136533613e+20
2.065873778e+20
4.087360031e+20
4.037820191e+20
5.991425704e+20
1.972781488e+20
3.902957644e+20
1.92755375e+20
1.90674966e+20
4.708203383e+20
3.726004816e+20
6.440029404e+20
2.730412731e+20
1.797769578e+20
4.446492578e+20
1.756591064e+20
3.475978281e+20
5.149474266e+20
3.396930845e+20
4.193706078e+20
3.320066965e+20
5.738494562e+20
4.05673839e+20
4.808262819e+20
1.58644822e+20
4.701094685e+20
3.878212619e+20
3.064787428e+20
6.068780804e+20
6.744731888e+20
3.710412439e+20
4.398972134e+20
6.534801392e+20
4.304583625e+20
2.131824164e+20
5.61768835e+20
3.478147165e+20
3.437465864e+20
6.130281506e+20
6.059395583e+20
2.001406764e+20
2.638074949e+20
4.575180961e+20
3.877435017e+20
4.483607968e+20
5.067324206e+20
4.395144512e+20
4.347249888e+20
4.309704262e+20
6.057337353e+20
1.513548605e+20
3.023405369e+20
3.020342741e+20
4.521005612e+20
9.02821716e+20
4.500820437e+20
4.491581999e+20
5.966306501e+20
4.463140105e+20
4.442960028e+20
2.952691351e+20
7.342968273e+20
0
7.27250195e+20
4.34507227e+20
4.316461451e+20
1.431969436e+20
5.686704637e+20
4.242465085e+20
4.209588222e+20
4.185146121e+20
5.534052593e+20
4.124364592e+20
5.451049935e+20
2.707024664e+20
2.682158823e+20
9.31951375e+20
3.95579314e+20
5.233855767e+20
1.295448047e+20
5.139832652e+20
2.543513177e+20
2.521935466e+20
1.247643906e+20
6.183061085e+20
8.562568419e+20
7.272023926e+20
5.9930196e+20
2.374495307e+20
5.869413465e+20
3.487319076e+20
2.298303271e+20
4.550673072e+20
4.497975731e+20
5.565066052e+20
4.399938898e+20
3.265638381e+20
2.151382502e+20
2.12866126e+20
3.154984323e+20
3.121307341e+20
4.111791703e+20
3.050728836e+20
3.013823747e+20
2.981341435e+20
9.816803227e+19
5.826501991e+20
4.795989854e+20
5.693091408e+20
5.623128392e+20
1.854198359e+20
4.578363325e+20
4.529272869e+20
2.68400745e+20
4.425646886e+20
4.370953381e+20
5.189605341e+20
3.416986445e+20
5.071657121e+20
1.669685899e+20
3.304636755e+20
5.711878901e+20
4.03792189e+20
4.785997518e+20
4.7373029e+20
3.119566851e+20
2.316162412e+20
4.575931248e+20
7.550901719e+20
5.96760939e+20
3.693259436e+20
4.378635641e+20
7.950044233e+20
3.570556484e+20
4.243915987e+20
4.892706235e+20
4.154436365e+20
5.474422337e+20
4.745865888e+20
6.031214081e+20
4.648227355e+20
3.282215857e+20
4.553845563e+20
4.502512402e+20
5.73767635e+20
3.152208683e+20
2.499724248e+20
3.708649345e+20
5.514944045e+20
4.517653472e+20
4.515314509e+20
4.509826657e+20
0
2.997228932e+20
4.488993461e+20
4.475827021e+20
4.466651194e+20
4.44995287e+20
5.917922048e+20
5.891259356e+20
2.93641052e+20
4.381569047e+20
5.820623587e+20
2.893087721e+20
1.440442474e+20
4.292969259e+20
1.424184992e+20
1.413981623e+20
2.813022273e+20
4.18694037e+20
2.775108033e+20
2.752233642e+20
5.469799829e+20
9.4886783e+20
4.039009239e+20
5.336027029e+20
3.973050135e+20
3.935079586e+20
3.904874996e+20
5.154856971e+20
5.113165623e+20
1.138675459e+21
1.003579296e+21
4.965019458e+20
3.690875079e+20
1.217007091e+20
6.029277932e+20
5.962788299e+20
5.906347986e+20
4.672020122e+20
4.626517973e+20
2.286879615e+20
3.396068483e+20
7.832612318e+20
2.215057822e+20
6.567564764e+20
3.249656763e+20
3.21136557e+20
5.295780615e+20
3.139725976e+20
3.106228186e+20
5.115034615e+20
2.024053133e+20
3.999228441e+20
5.934214499e+20
4.885073381e+20
4.832360691e+20
3.818649479e+20
5.666190486e+20
3.731109459e+20
2.768215696e+20
6.379672077e+20
4.508058463e+20
2.671478604e+20
6.166994029e+20
5.220744068e+20
3.443646575e+20
3.401138429e+20
4.206781789e+20
4.154903758e+20
4.93402396e+20
5.685508992e+20
3.21542331e+20
5.557927051e+20
3.143642907e+20
5.434107111e+20
5.379491601e+20
3.036584601e+20
5.261305195e+20
5.940156477e+20
3.676264298e+20
5.084900699e+20
5.755235654e+20
5.6865805e+20
4.928426357e+20
3.478675118e+20
4.135274541e+20
4.086851312e+20
2.024545518e+20
4.66922828e+20
3.965748626e+20
2.613584629e+20
5.180237973e+20
4.481547684e+20
3.807309952e+20
3.76497444e+20
3.110059332e+20
5.536873979e+20
4.879186273e+20
2.995056837e+20
5.987019027e+20
1.494941855e+20
7.467159326e+20
4.470959721e+20
1.041636461e+21
2.967406436e+20
4.441995621e+20
1.475149579e+20
2.942676548e+20
4.394198065e+20
2.920308245e+20
2.905081192e+20
4.341628798e+20
5.754695627e+20
5.730454247e+20
5.692975192e+20
2.832969451e+20
2.812739857e+20
6.994747173e+20
8.329069815e+20
0
0
1.36018964e+20
2.696729836e+20
2.678472364e+20
2.654016624e+20
1.317414396e+20
7.82916365e+20
3.884571522e+20
5.128200328e+20
6.358467348e+20
3.776102048e+20
4.992188176e+20
6.174654622e+20
3.672106353e+20
1.210852997e+20
3.599307753e+20
3.55971628e+20
1.175351441e+20
5.810929669e+20
2.301754175e+20
6.826706876e+20
4.505732556e+20
4.453799212e+20
8.816787146e+20
6.535536641e+20
6.467661616e+20
3.195809569e+20
6.32419012e+20
3.124614505e+20
3.091294027e+20
2.036226385e+20
6.043141152e+20
1.990103942e+20
3.93734445e+20
1.944786338e+20
3.847616812e+20
3.800677841e+20
1.879847531e+20
3.713631945e+20
5.510512674e+20
7.25704651e+20
4.48704186e+20
3.545421577e+20
3.507629133e+20
2.59828502e+20
3.427705228e+20
1.69271837e+20
7.537254446e+20
2.481462373e+20
6.548405297e+20
5.659381446e+20
4.000807739e+20
4.742079855e+20
2.346913122e+20
8.500175543e+20
3.059904231e+20
5.289684649e+20
2.992686897e+20
5.173835618e+20
3.659424855e+20
7.230869302e+20
6.444972964e+20
2.122691943e+20
4.905826582e+20
5.540332806e+20
5.488384892e+20
4.74607032e+20
2.686979925e+20
5.975630241e+20
3.28956033e+20
3.902263793e+20
3.222690148e+20
5.735285093e+20
5.052889832e+20
4.996617184e+20
4.333838714e+20
4.286347105e+20
3.642310965e+20
1.48926457e+20
5.953987263e+20
7.433500235e+20
7.426002537e+20
8.892699963e+20
0
2.95110919e+20
7.362684578e+20
1.467070999e+20
5.853140663e+20
4.370216269e+20
4.35657241e+20
1.444644957e+20
7.196748085e+20
4.292667368e+20
4.274607872e+20
1.415581249e+20
7.044336395e+20
1.398839745e+20
4.174405815e+20
2.761578643e+20
5.491214607e+20
2.723117806e+20
4.059018036e+20
5.365118473e+20
1.332210448e+20
2.640165828e+20
7.863306076e+20
1.298098834e+20
1.288159364e+20
3.826363469e+20
6.325816473e+20
8.765909186e+20
4.966741954e+20
8.600697672e+20
3.653527546e+20
3.614282489e+20
3.581232139e+20
4.722585244e+20
3.508476867e+20
5.782122661e+20
4.580726469e+20
4.528739269e+20
4.483593522e+20
5.540043463e+20
4.386883482e+20
5.419849488e+20
5.363597087e+20
3.180403549e+20
1.048956598e+20
3.109647801e+20
4.10200371e+20
5.066330295e+20
7.016798759e+20
5.942051092e+20
4.898404634e+20
2.903445532e+20
5.744275468e+20
4.728593213e+20
6.548668204e+20
3.696317405e+20
1.828278501e+20
3.611677491e+20
3.572976245e+20
4.411280953e+20
5.237119521e+20
4.31051571e+20
5.970843886e+20
4.212349203e+20
3.334499052e+20
2.470087736e+20
4.888792267e+20
6.438277644e+20
4.77900641e+20
3.933684911e+20
4.672385804e+20
3.076871634e+20
4.568912785e+20
7.522240244e+20
3.72379913e+20
2.207250561e+20
3.642738978e+20
3.598949098e+20
4.277050967e+20
5.634681114e+20
2.790533216e+20
3.446886799e+20
6.146214504e+20
5.399254995e+20
6.68669871e+20
4.626393921e+20
6.548939744e+20
2.589544832e+20
3.207869151e+20
2.537256311e+20
3.772187549e+20
4.973484641e+20
3.69752721e+20
3.656934534e+20
4.833854534e+20
4.443274276e+20
0
5.914194469e+20
8.86235634e+20
7.370016134e+20
1.47176579e+20
1.467494989e+20
5.857989519e+20
4.377241262e+20
4.365959197e+20
2.897663212e+20
1.444313873e+20
5.747338768e+20
2.863149101e+20
5.692752534e+20
8.503249775e+20
5.632003068e+20
2.802662646e+20
1.391389771e+20
4.152202069e+20
2.746957168e+20
0
4.063184527e+20
4.037693589e+20
5.337073568e+20
6.626290219e+20
5.252917701e+20
3.911276315e+20
1.291406778e+20
7.689182932e+20
1.268926413e+20
3.776099527e+20
6.22955059e+20
3.706165369e+20
4.889897638e+20
3.635135788e+20
1.198729658e+20
3.563337169e+20
3.524338265e+20
6.982147581e+20
4.602879887e+20
3.418626722e+20
5.633200017e+20
3.34625324e+20
6.61572301e+20
2.182791141e+20
3.236204247e+20
5.337728125e+20
6.330290705e+20
4.17572059e+20
5.158039652e+20
5.10308735e+20
2.016929721e+20
3.990619222e+20
3.942704431e+20
3.900278261e+20
2.889840269e+20
7.623173273e+20
5.647855967e+20
5.586991744e+20
3.679163572e+20
1.819798838e+20
2.696240565e+20
6.22382754e+20
4.39097364e+20
5.213019215e+20
4.290739528e+20
5.94345718e+20
4.193080394e+20
4.978872052e+20
4.09802817e+20
2.433242995e+20
4.005600146e+20
3.964369637e+20
2.349480432e+20
4.651140346e+20
3.062898421e+20
4.548159486e+20
2.246430256e+20
5.189652336e+20
1.464823153e+20
5.801927321e+20
3.582613203e+20
6.386446883e+20
4.206813793e+20
4.16677987e+20
5.489935217e+20
4.078835174e+20
4.702823854e+20
3.328113935e+20
6.5789573e+20
3.911420679e+20
5.155380028e+20
3.831820622e+20
3.788407536e+20
5.006490979e+20
3.712923976e+20
6.134156525e+20
5.460022924e+20
4.210065197e+20
4.419022501e+20
2.944502632e+20
5.881944347e+20
2.938014074e+20
0
7.318778001e+20
2.9190459e+20
7.282725766e+20
2.902352828e+20
5.789762199e+20
1.441009832e+20
1.436521933e+20
5.71643369e+20
4.271649093e+20
5.662278374e+20
1.409629241e+20
4.201503119e+20
5.575502228e+20
8.304112385e+20
4.130233278e+20
4.098734561e+20
1.358363595e+20
5.389223107e+20
0
6.636650418e+20
3.955133484e+20
3.919340195e+20
3.891109718e+20
6.423916829e+20
6.37484744e+20
2.524929641e+20
3.756906285e+20
3.71883547e+20
3.687464914e+20
2.432679828e+20
3.616928271e+20
1.192758571e+20
0
7.01382331e+20
3.47384251e+20
4.580285662e+20
4.535832534e+20
6.726895414e+20
6.659942682e+20
1.097284462e+20
2.172243473e+20
1.073549925e+20
2.124843001e+20
3.150032861e+20
7.272661475e+20
3.080140447e+20
1.015780302e+20
2.007417893e+20
4.964772495e+20
4.905270617e+20
5.823008469e+20
1.917574612e+20
1.896911708e+20
5.621645629e+20
3.707387919e+20
5.493252327e+20
4.528493677e+20
4.473063617e+20
5.310181905e+20
3.496681952e+20
3.459426469e+20
2.562686388e+20
5.071131907e+20
6.678379306e+20
2.478101917e+20
4.079414094e+20
4.036985288e+20
4.784931459e+20
6.314237371e+20
7.016541141e+20
4.63008722e+20
3.811314437e+20
5.282192847e+20
3.72713497e+20
4.428171249e+20
3.645515643e+20
3.609819594e+20
4.279709926e+20
2.825591396e+20
5.583720494e+20
4.839253982e+20
3.415674186e+20
4.737089999e+20
3.343924878e+20
3.975620085e+20
5.239243797e+20
3.89364064e+20
3.848914864e+20
6.357264792e+20
3.771090383e+20
2.49180482e+20
2.463928116e+20
3.663616834e+20
1.811625935e+20
5.388027054e+20
4.395034026e+20
4.392782467e+20
2.925022019e+20
2.922084009e+20
5.832159846e+20
2.911664261e+20
7.258185286e+20
5.794715286e+20
1.44335758e+20
4.318938673e+20
1.433272059e+20
5.71525446e+20
2.842929603e+20
7.081368598e+20
8.448193112e+20
7.010654095e+20
5.572323136e+20
4.159496123e+20
5.506901507e+20
6.847492887e+20
8.154521523e+20
4.053770665e+20
4.020871604e+20
3.995709888e+20
2.640927123e+20
7.869412093e+20
0
3.871150012e+20
2.556455096e+20
5.073901301e+20
2.512137403e+20
4.983876224e+20
1.233376887e+20
3.668952227e+20
3.630800034e+20
4.798536318e+20
3.560540028e+20
4.704104576e+20
3.489656534e+20
4.60904066e+20
6.836868255e+20
9.027427898e+20
5.578558638e+20
6.627694242e+20
3.275999462e+20
4.323594502e+20
4.273658811e+20
2.114692663e+20
5.225106664e+20
3.102061172e+20
4.087461032e+20
7.076921385e+20
2.996993039e+20
3.953193098e+20
2.929425849e+20
2.897927584e+20
5.72601742e+20
8.496506236e+20
5.595677439e+20
2.76770561e+20
4.556661446e+20
7.212293278e+20
5.343098705e+20
2.642939499e+20
1.740365923e+20
4.304564971e+20
3.401381281e+20
1.68269446e+20
3.324053468e+20
2.466870546e+20
5.685355692e+20
3.214985721e+20
7.145009079e+20
3.928589277e+20
5.432722116e+20
6.145631768e+20
3.794161642e+20
4.5072134e+20
2.968297339e+20
7.347083231e+20
5.080771053e+20
5.031014824e+20
2.840305848e+20
3.516096763e+20
1.389646074e+20
4.129253843e+20
4.080334684e+20
5.389409467e+20
5.326123885e+20
5.936500606e+20
5.867480509e+20
4.522025099e+20
2.554303048e+20
5.69558333e+20
4.379585964e+20
3.720702375e+20
5.51852387e+20
3.646893828e+20
3.005535124e+20
2.979634128e+20
4.371304586e+20
2.912713191e+20
1.45462197e+20
8.718977279e+20
7.250936453e+20
1.447993981e+20
4.331507767e+20
5.763588002e+20
4.306867647e+20
0
2.851233883e+20
5.684750324e+20
2.827805019e+20
7.043726525e+20
4.201723861e+20
4.184135248e+20
1.385738743e+20
4.137598587e+20
4.108525462e+20
4.086985799e+20
1.352003599e+20
2.688448313e+20
5.333391877e+20
2.650029168e+20
7.882006304e+20
5.219318042e+20
6.465446933e+20
1.28379801e+20
8.902168067e+20
5.048187938e+20
8.748159464e+20
6.198498744e+20
4.908817425e+20
1.216874832e+20
4.817015155e+20
3.581054991e+20
2.361986192e+20
7.021418872e+20
4.630093844e+20
4.586513684e+20
4.535756193e+20
2.245905018e+20
6.66196025e+20
7.695049367e+20
4.347063351e+20
4.302902038e+20
8.506626997e+20
4.209277679e+20
3.120236726e+20
6.174814394e+20
3.051187818e+20
6.037453371e+20
6.960313041e+20
6.885798604e+20
4.859694928e+20
4.807461608e+20
1.899852607e+20
9.396972712e+19
3.713298704e+20
4.591647059e+20
6.350127426e+20
4.487063311e+20
4.432287597e+20
3.507865019e+20
6.063621532e+20
5.99903621e+20
1.692993989e+20
4.18770285e+20
4.963580827e+20
6.548641393e+20
4.851226403e+20
4.000643335e+20
7.903235513e+19
3.910940211e+20
4.635732873e+20
5.353305548e+20
3.777162547e+20
4.487015589e+20
2.216255096e+20
3.657089223e+20
5.780600794e+20
3.577489865e+20
1.413793345e+20
5.600554654e+20
3.458545874e+20
3.425619303e+20
5.416034847e+20
4.023915663e+20
3.976638831e+20
3.939875471e+20
4.543040437e+20
3.858561125e+20
5.085535971e+20
3.779908511e+20
3.114105603e+20
4.321160139e+20
4.272675253e+20
4.235376596e+20
5.385276029e+20
4.15246298e+20
7.246383345e+20
1.448537246e+20
5.787270337e+20
1.445368281e+20
4.327256256e+20
7.201198895e+20
4.30835456e+20
4.299595006e+20
7.139849905e+20
7.1215336e+20
1.418043161e+20
0
4.219260767e+20
2.802593008e+20
4.179586909e+20
2.774741558e+20
2.756947373e+20
6.859884001e+20
9.536568063e+20
2.710466615e+20
1.344993729e+20
1.069811401e+21
2.652953913e+20
3.95459029e+20
5.227765862e+20
5.19263696e+20
5.146050477e+20
5.109118226e+20
3.795943795e+20
5.02273388e+20
6.217344722e+20
0
7.3265598e+20
2.42165264e+20
5.991501755e+20
4.75117851e+20
5.875984865e+20
4.65801416e+20
6.911301465e+20
4.564205841e+20
1.128453644e+20
4.470117683e+20
6.629960527e+20
6.564125286e+20
5.407908944e+20
3.211805022e+20
4.233160981e+20
4.189360322e+20
7.246281103e+20
6.145782039e+20
4.049219547e+20
1.001540049e+20
5.938239578e+20
4.89557807e+20
1.934889281e+20
3.82820084e+20
5.673341636e+20
3.741513449e+20
6.468529903e+20
3.656516263e+20
5.418167054e+20
3.573304889e+20
6.177047947e+20
3.491956325e+20
2.586948167e+20
2.559398003e+20
5.056100065e+20
5.836377408e+20
4.117736329e+20
6.519227948e+20
4.024572815e+20
3.982716629e+20
7.08110193e+20
4.672138813e+20
2.307516656e+20
5.329398749e+20
4.512378115e+20
4.466997993e+20
5.148210787e+20
4.368940249e+20
6.474192532e+20
4.273849431e+20
4.926216645e+20
3.484737028e+20
4.131738584e+20
4.774463986e+20
5.391841538e+20
6.008904513e+20
3.299037849e+20
5.883364677e+20
6.460956095e+20
3.201047783e+20
2.531336638e+20
4.390068247e+20
6.200126622e+20
4.916203554e+20
4.253341835e+20
3.011584731e+20
5.360813119e+20
4.72412677e+20
1.441535402e+20
4.322404244e+20
8.634578974e+20
4.312970562e+20
5.738932003e+20
4.297704554e+20
5.713930077e+20
2.851163001e+20
2.840797128e+20
5.667035603e+20
4.231648287e+20
4.218531447e+20
2.798033551e+20
0
0
2.760213363e+20
5.485137642e+20
4.09448798e+20
5.421197368e+20
8.089269239e+20
4.014168519e+20
3.991128136e+20
3.959029189e+20
3.934346236e+20
3.900851227e+20
3.874670457e+20
2.560004826e+20
7.62496178e+20
1.258955469e+20
4.997535223e+20
6.186316924e+20
4.909394076e+20
4.860171217e+20
3.614512919e+20
0
3.545886317e+20
4.677829859e+20
8.111785488e+20
4.585193547e+20
5.677642437e+20
4.492084218e+20
4.448633843e+20
5.498555622e+20
4.355197275e+20
3.229340888e+20
5.327632092e+20
4.213198531e+20
8.339261134e+20
5.151664985e+20
3.058510706e+20
7.053140307e+20
2.990644834e+20
9.851255629e+20
1.949175955e+20
3.851966676e+20
4.763244774e+20
4.706137931e+20
3.724395886e+20
4.599327215e+20
4.549834842e+20
1.797864233e+20
3.557107319e+20
8.784496564e+20
6.083334731e+20
3.433742813e+20
8.492950018e+19
5.033423413e+20
3.320118648e+20
4.099321494e+20
3.245038772e+20
3.205294876e+20
5.550929809e+20
4.699716767e+20
6.20178171e+20
3.828764821e+20
3.031831158e+20
2.994893815e+20
4.44715821e+20
2.928779585e+20
5.074471663e+20
7.161629301e+20
5.673174543e+20
3.503108859e+20
4.163119201e+20
6.85564435e+20
3.395179382e+20
2.683931705e+20
5.317489298e+20
5.254947374e+20
3.253973237e+20
5.145691395e+20
4.461459403e+20
3.78001142e+20
4.370420683e+20
3.703376509e+20
3.058836401e+20
4.234182592e+20
4.197233186e+20
3.557714302e+20
6.466317424e+20
4.301629184e+20
8.598886619e+20
2.862914757e+20
4.290081827e+20
2.854257441e+20
4.274933654e+20
2.841855236e+20
2.836090396e+20
7.064535073e+20
4.227871968e+20
2.806268965e+20
2.797580425e+20
2.783381665e+20
5.546530978e+20
5.514673978e+20
2.745836512e+20
2.72833947e+20
5.431023754e+20
8.089828604e+20
2.68252432e+20
5.324759274e+20
3.970675314e+20
3.938835632e+20
2.609538926e+20
5.174774024e+20
1.285021218e+20
3.82067329e+20
5.057756948e+20
5.010639752e+20
2.486294072e+20
4.924477823e+20
1.221264739e+20
6.045259865e+20
5.994539536e+20
5.932841687e+20
5.880932919e+20
5.818868731e+20
1.15320454e+20
2.281534194e+20
6.780352332e+20
3.352921565e+20
2.213677761e+20
3.283437271e+20
4.334509451e+20
4.285442646e+20
3.181497165e+20
3.145067605e+20
3.112564331e+20
6.153169283e+20
2.029509572e+20
2.005843494e+20
3.969065235e+20
5.883520453e+20
5.820612132e+20
2.875738506e+20
5.68972797e+20
1.873875395e+20
2.780575678e+20
3.662773508e+20
5.4350556e+20
4.47436688e+20
2.655791948e+20
3.497998942e+20
4.325709917e+20
6.836720937e+20
4.227458538e+20
4.175791052e+20
3.305297999e+20
5.713498882e+20
4.845890002e+20
6.382118171e+20
3.947340908e+20
6.238513649e+20
3.858931813e+20
5.336547824e+20
5.282220058e+20
1.490826832e+20
5.903325174e+20
2.915839795e+20
4.330325436e+20
4.990995334e+20
4.236080014e+20
3.48762956e+20
6.217077128e+20
2.730131295e+20
4.056193669e+20
4.008073204e+20
4.632198004e+20
4.577687399e+20
7.126987413e+20
4.482470124e+20
5.076148301e+20
4.390364199e+20
4.972512228e+20
4.301297353e+20
2.436135058e+20
5.419536662e+20
4.178417963e+20
4.131981811e+20
2.926011227e+20
4.278895031e+20
2.851150017e+20
1.423898934e+20
4.267434748e+20
7.098023114e+20
5.669870373e+20
5.653808836e+20
2.821176315e+20
2.81098815e+20
1.401900734e+20
4.187391258e+20
8.348882882e+20
5.537764856e+20
2.758830703e+20
5.486071771e+20
0
6.785642526e+20
5.403021958e+20
8.048292113e+20
5.337536216e+20
6.621967875e+20
6.584051746e+20
1.306282343e+20
5.192631489e+20
1.029735788e+21
2.557102856e+20
5.068710737e+20
3.774346214e+20
6.232135285e+20
4.947888893e+20
3.67510873e+20
4.860963895e+20
6.01559964e+20
7.158217538e+20
4.723152233e+20
7.022803382e+20
3.474435023e+20
3.442910602e+20
3.405866794e+20
3.373924197e+20
5.561556504e+20
6.609419676e+20
3.267889814e+20
2.157008619e+20
6.397933204e+20
5.277594544e+20
1.043458295e+20
4.130723357e+20
2.04153607e+20
6.060300221e+20
5.989770638e+20
2.963080633e+20
5.856537322e+20
1.931314348e+20
6.679453069e+20
2.831900339e+20
8.394180625e+20
3.690626382e+20
5.469353911e+20
4.508777249e+20
2.672553365e+20
2.643861567e+20
6.094096239e+20
2.583813299e+20
4.25389416e+20
5.892056276e+20
4.157229094e+20
4.113261348e+20
4.062981558e+20
2.412206952e+20
5.559661078e+20
3.143910135e+20
6.210983419e+20
3.84190171e+20
5.313033954e+20
4.50766506e+20
5.93706013e+20
4.408002688e+20
5.080274221e+20
5.748363835e+20
2.839454255e+20
4.21744454e+20
4.166743749e+20
4.126478921e+20
5.436223252e+20
6.057496212e+20
4.655473651e+20
1.976474816e+20
3.255339937e+20
5.160373932e+20
5.100156967e+20
5.685397219e+20
4.370889395e+20
6.188069237e+20
5.505635044e+20
4.850596544e+20
3.59689483e+20
4.159770676e+20
3.525826635e+20
4.660649153e+20
1.418799971e+20
2.836163711e+20
2.832839783e+20
7.075042532e+20
2.824318892e+20
4.230108157e+20
4.21816513e+20
5.612836541e+20
8.38895109e+20
2.789175818e+20
4.165608087e+20
2.768493498e+20
1.377266734e+20
4.116818106e+20
8.18664709e+20
4.076291214e+20
2.700319179e+20
2.687653715e+20
6.672649978e+20
2.655152262e+20
3.952999122e+20
3.930392162e+20
3.899060276e+20
3.874838846e+20
3.842134291e+20
2.544292918e+20
3.782583632e+20
7.511127072e+20
8.681791265e+20
4.923433796e+20
3.657038557e+20
1.088348706e+21
5.986229042e+20
9.497774705e+20
4.700255289e+20
3.49440969e+20
2.305140911e+20
4.568490792e+20
3.389589386e+20
5.59637884e+20
4.428130644e+20
3.289052814e+20
1.084162967e+20
4.293717877e+20
5.306654541e+20
2.101170636e+20
2.077212537e+20
5.139425965e+20
1.016051843e+20
6.032332274e+20
9.937109563e+19
5.898976399e+20
4.858167135e+20
4.806264358e+20
6.649127512e+20
3.758739073e+20
7.427793394e+20
9.184925592e+19
3.629847037e+20
8.977050163e+19
4.434324318e+20
3.509383858e+20
4.333527541e+20
3.429738802e+20
4.235006954e+20
4.189932015e+20
2.483298856e+20
3.276050136e+20
6.472083416e+20
5.603648544e+20
3.9537044e+20
4.695105709e+20
5.410733213e+20
4.590025511e+20
5.289726389e+20
2.991925337e+20
2.955521486e+20
5.851576474e+20
3.612875285e+20
4.292387236e+20
5.654042044e+20
4.89880103e+20
2.765662209e+20
3.423666316e+20
4.059295993e+20
5.360832783e+20
4.635042809e+20
3.93559752e+20
4.537442117e+20
5.137685566e+20
3.808267968e+20
3.773566833e+20
4.351586601e+20
3.080370853e+20
3.04513811e+20
4.829114941e+20
3.580908593e+20
3.54967636e+20
6.435176368e+20
2.899917089e+20
1.411380028e+20
4.232001188e+20
7.045095029e+20
7.038084021e+20
4.214375865e+20
2.805364059e+20
6.993674497e+20
1.395906913e+20
4.172697387e+20
1.387350981e+20
1.381350126e+20
6.885439193e+20
1.096132984e+21
6.826018207e+20
9.502059526e+20
9.462567558e+20
8.059571275e+20
1.336968943e+20
5.310990477e+20
6.604186613e+20
6.555035843e+20
2.607037033e+20
7.758944661e+20
3.855401068e+20
5.097270439e+20
2.531610684e+20
2.509214792e+20
7.473933746e+20
4.936582159e+20
2.449609625e+20
1.213048404e+21
7.220219833e+20
5.957143848e+20
5.907319098e+20
2.338789637e+20
3.477581348e+20
5.735246552e+20
6.819967584e+20
3.373466825e+20
6.683766553e+20
4.407215543e+20
6.547086899e+20
2.15815498e+20
4.273608654e+20
3.169158376e+20
6.274185797e+20
5.168995783e+20
6.138803291e+20
5.05689515e+20
7.005391495e+20
2.967506144e+20
6.8507131e+20
1.934435605e+20
3.827554248e+20
5.673493777e+20
4.677207146e+20
4.62149747e+20
7.314927515e+20
4.517006003e+20
4.468454034e+20
6.180398848e+20
3.493759338e+20
6.902882116e+20
5.121793961e+20
4.216286725e+20
5.839984482e+20
2.472357528e+20
4.077024319e+20
4.027280258e+20
3.985023134e+20
3.149100449e+20
4.674528182e+20
2.308742069e+20
2.284973098e+20
4.514247793e+20
2.978855822e+20
2.94262642e+20
4.369530647e+20
2.877697488e+20
3.56138861e+20
6.333066445e+20
2.787107461e+20
3.442001712e+20
6.817463281e+20
2.020790267e+20
4.670251783e+20
3.955534721e+20
4.571463262e+20
4.51758368e+20
3.196997396e+20
4.423493674e+20
3.130846111e+20
5.570297418e+20
4.293558136e+20
4.244393402e+20
3.605867077e+20
3.565063828e+20
3.533975139e+20
3.494505506e+20
4.041861287e+20
4.212111869e+20
2.806658812e+20
2.803390116e+20
8.401811556e+20
8.385005639e+20
5.581617273e+20
2.782981161e+20
2.777360596e+20
6.918573682e+20
4.140566322e+20
2.748476434e+20
4.110007785e+20
1.363138563e+20
4.074621114e+20
2.70100902e+20
2.689796205e+20
4.009302867e+20
6.650903343e+20
3.9631015e+20
3.942499744e+20
9.130904533e+20
9.07880904e+20
5.146773615e+20
0
2.535974627e+20
5.03810851e+20
4.993661248e+20
8.676624775e+20
4.912380388e+20
3.656431292e+20
1.207142038e+20
4.790084078e+20
4.742671936e+20
4.703045537e+20
4.655121007e+20
1.153638104e+20
3.424742427e+20
5.656259065e+20
5.595828187e+20
2.217393299e+20
3.289872815e+20
1.086059889e+20
4.296157998e+20
4.253686914e+20
3.154461613e+20
5.204276077e+20
3.087109015e+20
4.073705175e+20
5.033745005e+20
4.980969766e+20
6.892674662e+20
5.845348086e+20
4.814210651e+20
3.810254814e+20
4.706639324e+20
2.793708724e+20
5.520973122e+20
3.641104937e+20
1.798753638e+20
1.779424676e+20
1.757996843e+20
6.956546657e+20
5.15429394e+20
5.099181171e+20
1.679092507e+20
5.81429221e+20
4.102520317e+20
8.118288371e+20
5.613529401e+20
7.141669145e+20
3.919197962e+20
4.654130241e+20
2.298686833e+20
4.550041794e+20
5.243719405e+20
2.224424994e+20
3.662304237e+20
5.075636257e+20
4.297806262e+20
5.673477359e+20
2.101858779e+20
5.550012111e+20
6.168701851e+20
5.430282712e+20
4.69468887e+20
5.978510849e+20
3.938326643e+20
3.901346338e+20
5.783012113e+20
3.819676601e+20
5.033346541e+20
6.234347325e+20
4.929700579e+20
5.496123962e+20
4.829438321e+20
5.385057223e+20
7.09871733e+20
2.345608139e+20
2.89921058e+20
4.023997953e+20
1.396770558e+20
5.584270757e+20
5.577787421e+20
4.179188041e+20
5.561140865e+20
2.776403474e+20
4.152962742e+20
2.763056244e+20
4.129812544e+20
5.492400549e+20
1.367199165e+20
4.08896966e+20
1.35618262e+20
5.405127133e+20
1.343642395e+20
6.690354329e+20
3.989027265e+20
2.646921958e+20
3.943162809e+20
3.922688643e+20
6.489443313e+20
3.871477009e+20
8.96205566e+20
6.361841244e+20
5.046878395e+20
3.75993265e+20
3.72685215e+20
6.167201078e+20
3.666311069e+20
3.638623314e+20
2.40258582e+20
4.766914597e+20
2.359925279e+20
3.510341193e+20
5.791096706e+20
4.592541702e+20
4.544656807e+20
5.629468029e+20
3.341677489e+20
6.620890385e+20
0
3.242959423e+20
4.276193331e+20
3.175462533e+20
5.233167553e+20
6.216344638e+20
6.145903227e+20
2.027523655e+20
5.010805853e+20
2.974978063e+20
4.901038388e+20
3.879265287e+20
2.875517612e+20
2.84483329e+20
2.811334637e+20
2.781206077e+20
5.49637052e+20
4.531114751e+20
5.3723288e+20
5.314614804e+20
1.750234601e+20
6.060116992e+20
2.565813709e+20
5.922895036e+20
3.343470732e+20
3.307900004e+20
4.084602644e+20
2.424852118e+20
3.992200905e+20
1.58012664e+20
3.902169631e+20
3.861591288e+20
3.051625071e+20
3.775258355e+20
2.983436983e+20
5.906112743e+20
7.292927349e+19
7.219540576e+20
6.418842459e+20
4.236710187e+20
3.487957694e+20
2.763009282e+20
3.412240677e+20
2.027549877e+20
4.674377732e+20
3.307021196e+20
3.267723033e+20
3.884443342e+20
6.397691076e+20
5.07080192e+20
2.505731842e+20
3.103620111e+20
5.52174144e+20
4.25613186e+20
4.808327517e+20
4.170072182e+20
2.944826055e+20
4.670647664e+20
4.6183146e+20
5.723274031e+20
6.947893287e+20
5.555522955e+20
4.161819684e+20
6.9294895e+20
2.766287248e+20
8.286438769e+20
4.131674258e+20
5.497796962e+20
4.108698994e+20
9.5625876e+20
9.521622983e+20
1.356048605e+20
1.349297307e+20
0
4.01054899e+20
5.325250378e+20
5.291940939e+20
2.63361768e+20
6.539039565e+20
3.903075649e+20
3.874282115e+20
2.56815278e+20
2.547914549e+20
5.064320638e+20
2.511027085e+20
8.73008988e+20
2.472425435e+20
4.909687659e+20
2.432340917e+20
6.034979928e+20
2.391000384e+20
8.30194431e+20
3.522935817e+20
4.658080297e+20
2.305422643e+20
0
3.392396261e+20
3.361757754e+20
3.326006438e+20
6.589893845e+20
5.432048901e+20
6.455761437e+20
6.384620041e+20
3.160796614e+20
1.04182442e+20
5.156518457e+20
4.078564626e+20
5.04569947e+20
6.983304753e+20
5.922995106e+20
3.903151077e+20
2.896343035e+20
2.86262548e+20
5.66418131e+20
4.664664144e+20
5.537629675e+20
3.647990809e+20
1.804411206e+20
3.565738682e+20
3.527442913e+20
5.227621812e+20
1.723854769e+20
4.257632816e+20
2.52727468e+20
2.496663625e+20
1.646737123e+20
4.88020896e+20
4.82862038e+20
7.154800924e+20
3.93318905e+20
4.662346357e+20
4.613863794e+20
4.557673702e+20
3.758957214e+20
6.683793179e+20
2.205242631e+20
2.178455731e+20
2.87537698e+20
5.681080361e+20
6.327706146e+20
4.862126824e+20
4.126673686e+20
2.718041859e+20
4.037639147e+20
2.65956662e+20
5.926988425e+20
3.904355783e+20
5.801529275e+20
3.185026998e+20
1.893334755e+20
4.366048993e+20
5.562331039e+20
5.497779518e+20
4.23766234e+20
3.590550353e+20
3.558793577e+20
5.863933047e+20
5.231540959e+20
2.299035652e+20
2.279280472e+20
5.529841758e+20
2.763534812e+20
8.281038189e+20
2.757612885e+20
2.752150052e+20
2.748034716e+20
5.480803886e+20
2.734885066e+20
4.087800231e+20
2.718278172e+20
6.766675981e+20
2.698355331e+20
2.684963108e+20
1.337640999e+20
6.650626333e+20
2.649244498e+20
2.632723413e+20
5.240892953e+20
2.602587539e+20
6.472763008e+20
5.140120378e+20
6.388619622e+20
6.33841647e+20
8.818977415e+20
3.748104717e+20
2.482121347e+20
4.920801762e+20
2.442924117e+20
4.841178238e+20
6.005871203e+20
3.569289214e+20
7.081862418e+20
3.506145305e+20
3.47693893e+20
3.441766325e+20
4.549144246e+20
2.250967486e+20
2.230656077e+20
3.310481682e+20
4.372790787e+20
3.244120682e+20
5.354902645e+20
3.177611653e+20
5.243775901e+20
9.333533898e+20
5.132966835e+20
2.030015215e+20
5.022799568e+20
7.944878555e+20
3.930851546e+20
4.85703771e+20
3.844472867e+20
4.74974739e+20
5.63892333e+20
7.430329709e+20
4.594222537e+20
2.723908655e+20
2.694671152e+20
3.550063865e+20
4.389933312e+20
6.939655827e+20
6.865256373e+20
2.543443615e+20
3.355016778e+20
6.628851286e+20
3.279173762e+20
1.619693105e+20
4.006432543e+20
1.583090955e+20
3.132967505e+20
4.642263669e+20
3.828325606e+20
5.294426354e+20
4.49135549e+20
3.697278671e+20
2.927699975e+20
2.892152092e+20
4.294566652e+20
3.535458417e+20
5.60051695e+20
2.766453122e+20
5.478648503e+20
4.059587861e+20
4.69038297e+20
5.296317918e+20
3.934372532e+20
5.831383764e+20
4.492918477e+20
6.342654663e+20
3.770378964e+20
3.726197905e+20
4.922981672e+20
6.082249628e+20
4.219352424e+20
4.170822946e+20
4.133936744e+20
5.254593865e+20
4.630046833e+20
5.722505873e+20
5.106012348e+20
2.750829554e+20
2.749453132e+20
4.119435431e+20
2.743574375e+20
8.214469858e+20
6.835166581e+20
4.089745406e+20
5.442027605e+20
4.067112993e+20
5.409057935e+20
1.34650812e+20
4.027128009e+20
5.342937249e+20
5.323693452e+20
7.940809074e+20
5.271995242e+20
1.30980417e+20
6.518515901e+20
1.035875358e+21
5.152576283e+20
3.836087654e+20
5.085736008e+20
5.045883227e+20
1.253688612e+20
4.973131204e+20
3.705074803e+20
4.896985446e+20
3.646679401e+20
3.613425498e+20
2.390816773e+20
5.920403759e+20
4.698731758e+20
6.979028167e+20
5.767458411e+20
1.141850965e+20
6.791627454e+20
4.480873849e+20
6.660715616e+20
4.393468244e+20
5.440636145e+20
2.152767636e+20
3.1981401e+20
7.380445371e+20
5.219779106e+20
8.258700915e+20
3.065777624e+20
6.062495881e+20
4.000085272e+20
2.965935542e+20
5.869799491e+20
5.802398784e+20
8.611446706e+20
4.728641566e+20
2.806944807e+20
3.698744832e+20
4.57393446e+20
5.423860969e+20
3.577107301e+20
1.767263128e+20
2.622439457e+20
6.045738223e+20
5.126517302e+20
9.285482097e+20
2.505346037e+20
4.125114398e+20
4.897495394e+20
6.450842464e+20
3.989164911e+20
5.516998109e+20
3.899375685e+20
4.622353249e+20
6.861432184e+20
3.012435676e+20
3.726773636e+20
7.362950348e+20
3.643980463e+20
2.159852182e+20
4.27622584e+20
5.632594365e+20
6.97076505e+20
2.754649648e+20
3.409541701e+20
3.368551745e+20
3.33597098e+20
3.955273112e+20
3.264636916e+20
3.225804963e+20
3.834601888e+20
2.52619601e+20
3.754227983e+20
3.710206547e+20
4.289120532e+20
4.844865965e+20
5.401542926e+20
4.746088142e+20
2.94007347e+20
2.906581474e+20
4.033758725e+20
5.127876537e+20
3.954096159e+20
5.473762264e+20
4.103271347e+20
2.732376932e+20
2.729678076e+20
1.362152383e+20
4.080359742e+20
0
5.414565077e+20
2.697756058e+20
5.381836304e+20
5.358998312e+20
4.006927726e+20
2.658109108e+20
1.324272862e+20
5.267509581e+20
3.934323839e+20
1.303311642e+20
5.18899077e+20
3.865374728e+20
2.563597353e+20
8.906966699e+20
3.795617111e+20
1.255318913e+20
2.49516671e+20
3.711769073e+20
6.145238097e+20
4.873398558e+20
4.838857234e+20
9.589691737e+20
3.569092866e+20
3.535357356e+20
2.338217765e+20
4.630719861e+20
4.592221795e+20
2.272994336e+20
5.633199105e+20
6.6900133e+20
6.629753553e+20
5.46643823e+20
4.332414318e+20
4.285759647e+20
3.183474363e+20
6.297234534e+20
4.156800752e+20
5.138293538e+20
4.069202529e+20
6.035194251e+20
2.986570645e+20
2.952661516e+20
2.921779201e+20
4.813820063e+20
7.620597985e+20
4.707722482e+20
5.589077187e+20
1.841234658e+20
4.553824779e+20
4.500095331e+20
4.451822337e+20
2.639343047e+20
5.222038532e+20
3.439718406e+20
4.253572342e+20
3.361946956e+20
4.989047602e+20
3.285880843e+20
4.876413225e+20
4.014470179e+20
3.177636388e+20
6.278150635e+20
5.435760523e+20
3.83551074e+20
6.073005062e+20
3.749494087e+20
3.710887629e+20
2.932644961e+20
5.805550633e+20
3.584448423e+20
1.419347006e+20
4.907577856e+20
5.552910332e+20
5.485892937e+20
4.074062752e+20
5.366778115e+20
5.314864013e+20
4.594860768e+20
3.900899069e+20
5.781726438e+20
2.54551406e+20
3.773134248e+20
4.984286377e+20
4.310077169e+20
4.880903005e+20
5.427125526e+20
4.78080366e+20
4.134985928e+20
5.26939995e+20
5.209295539e+20
5.737682231e+20
2.836495237e+20
5.061855256e+20
4.084610177e+20
0
9.515113448e+20
8.147765514e+20
2.710592357e+20
5.413104341e+20
5.398212006e+20
4.040533747e+20
5.368480506e+20
2.677443646e+20
5.332234175e+20
5.315905444e+20
6.612206357e+20
2.635376988e+20
1.310351929e+20
3.914846035e+20
5.187532651e+20
1.29085582e+20
5.128539869e+20
2.551030982e+20
5.064851892e+20
7.55422877e+20
6.246133656e+20
3.72461182e+20
7.387728331e+20
4.892511536e+20
4.850037799e+20
8.427473377e+20
3.579008e+20
4.736164648e+20
4.69150962e+20
3.490762425e+20
4.608960704e+20
5.713351078e+20
3.393580024e+20
5.60695549e+20
5.549171621e+20
7.698924346e+20
4.353019978e+20
6.46875662e+20
2.133082427e+20
2.112628345e+20
1.044772531e+20
1.034487686e+20
5.11511011e+20
5.063585345e+20
3.004068708e+20
7.928528454e+20
2.939505775e+20
3.878367261e+20
5.750998048e+20
3.793438878e+20
3.749590137e+20
5.564483128e+20
2.749752304e+20
4.533891152e+20
4.480479043e+20
5.318917157e+20
2.62789164e+20
5.199396218e+20
5.993502835e+20
5.929289666e+20
5.02122082e+20
4.96758932e+20
3.27179203e+20
5.664763746e+20
3.197849407e+20
3.955072367e+20
4.688542994e+20
3.092910997e+20
3.055360279e+20
4.535385602e+20
2.240147896e+20
2.956109184e+20
3.650270043e+20
4.335707186e+20
2.141563684e+20
6.360015305e+20
2.792464494e+20
4.147056933e+20
4.097013466e+20
4.732959721e+20
5.344067292e+20
5.292366545e+20
4.57540245e+20
4.531770864e+20
3.838142383e+20
4.4357586e+20
5.0094823e+20
3.722337606e+20
4.291737447e+20
3.037582669e+20
4.203092467e+20
4.760411294e+20
4.117297374e+20
4.080892753e+20
3.457958665e+20
3.999145544e+20
4.518842179e+20
4.480055006e+20
1.354702196e+20
5.416112341e+20
1.352484454e+20
5.404607109e+20
5.394034591e+20
2.69300157e+20
4.028423828e+20
2.680231615e+20
2.670859202e+20
6.66025853e+20
3.979302032e+20
3.967129076e+20
3.947680433e+20
2.622338556e+20
1.303890816e+20
0
3.871553363e+20
5.138106512e+20
3.82762036e+20
3.807880809e+20
2.520124938e+20
1.252930392e+20
4.972773582e+20
2.471099021e+20
2.450754113e+20
3.651794701e+20
3.620174949e+20
7.18914228e+20
2.374695969e+20
3.535314704e+20
3.502064576e+20
8.106825825e+20
8.027958886e+20
3.412005803e+20
4.503755155e+20
1.116191053e+20
5.52357058e+20
2.189561676e+20
4.333073854e+20
5.365970832e+20
4.246748422e+20
7.360599726e+20
2.080098147e+20
4.119270924e+20
3.055280968e+20
3.024523872e+20
4.984435084e+20
3.946593217e+20
2.926466747e+20
3.86118257e+20
5.725637675e+20
4.720909144e+20
5.599721652e+20
2.770052284e+20
4.562930293e+20
3.611305021e+20
4.461033031e+20
4.413207789e+20
5.233078347e+20
6.902599208e+20
3.410126955e+20
5.903799127e+20
4.166422626e+20
4.946314835e+20
4.886735277e+20
6.446385002e+20
2.388179633e+20
4.725892428e+20
4.668643378e+20
3.849731851e+20
5.324239324e+20
6.774272143e+20
4.461360107e+20
5.88722957e+20
3.634865017e+20
5.036975059e+20
4.265070175e+20
5.629508599e+20
4.866222854e+20
2.753053121e+20
4.759712866e+20
3.366439815e+20
6.651934839e+20
4.611301393e+20
5.857853453e+20
4.512655447e+20
3.821938459e+20
5.048031021e+20
5.611837058e+20
4.942126305e+20
5.49456832e+20
6.049421958e+20
2.391565859e+20
4.147668135e+20
3.51407958e+20
4.64401444e+20
4.017044536e+20
3.98206076e+20
3.937027229e+20
3.345636908e+20
4.043807815e+20
1.347266409e+20
6.728675154e+20
2.68882116e+20
6.70894382e+20
1.339792989e+20
8.016779834e+20
1.333453931e+20
2.657610899e+20
1.325447727e+20
5.279499968e+20
1.315841587e+20
6.547051023e+20
2.609428503e+20
2.594986213e+20
3.876463331e+20
2.568429186e+20
6.391295991e+20
5.078691201e+20
6.315660602e+20
7.523828561e+20
2.493763257e+20
7.423308345e+20
7.377715361e+20
6.097612699e+20
8.480204995e+20
4.803981783e+20
2.385020719e+20
2.363493308e+20
2.345776169e+20
3.485652225e+20
4.610798615e+20
3.424537605e+20
4.528199619e+20
6.724396961e+20
3.333117037e+20
4.398563739e+20
5.448808936e+20
4.313309688e+20
5.341535733e+20
5.28438491e+20
4.18703098e+20
4.141472532e+20
3.075569248e+20
5.06936525e+20
4.014690987e+20
4.96228757e+20
6.875888334e+20
4.855904807e+20
3.844149494e+20
1.900166662e+20
5.640243521e+20
3.716848972e+20
1.838646228e+20
2.725868227e+20
6.292360047e+20
2.665053053e+20
5.27298076e+20
4.342140617e+20
6.013811505e+20
5.09328201e+20
4.19894773e+20
2.489188525e+20
4.104351496e+20
4.865960658e+20
4.011868215e+20
3.17074497e+20
5.490180662e+20
3.099274646e+20
3.066770896e+20
5.301789098e+20
4.497139202e+20
5.923445077e+20
3.664031949e+20
2.171753682e+20
5.015804536e+20
3.539303832e+20
4.20440284e+20
6.230321516e+20
4.112249123e+20
3.385532594e+20
4.693239138e+20
3.974413083e+20
3.279961372e+20
5.833254952e+20
3.209786153e+20
3.171558983e+20
4.398453221e+20
4.967295302e+20
6.766804831e+20
4.863454027e+20
4.819116666e+20
5.358264493e+20
4.130126038e+20
3.499174645e+20
5.202359909e+20
3.999950691e+20
3.965121332e+20
4.480242765e+20
3.886581459e+20
2.68247387e+20
4.021715788e+20
6.695263187e+20
6.688681578e+20
1.335135521e+20
6.66575847e+20
5.318072376e+20
2.653715924e+20
6.611233447e+20
5.275635624e+20
3.940141563e+20
2.618742166e+20
2.605981006e+20
3.894967414e+20
2.582315746e+20
5.143403789e+20
5.111890685e+20
7.632315788e+20
3.790596376e+20
6.28515084e+20
4.991755955e+20
6.204454938e+20
3.693899655e+20
3.671236795e+20
4.854894799e+20
2.41141191e+20
1.195320059e+20
4.747535749e+20
4.704791697e+20
1.167389969e+20
5.782321648e+20
3.441995388e+20
3.408669825e+20
6.760880628e+20
3.346724354e+20
3.317802941e+20
2.189228271e+20
6.508731276e+20
4.293725002e+20
3.1903933e+20
6.312661487e+20
6.252264489e+20
5.153645693e+20
3.061809533e+20
7.065517591e+20
3.996843582e+20
3.952268802e+20
5.867579461e+20
5.801465337e+20
5.740899056e+20
2.837791029e+20
5.615613083e+20
5.551037816e+20
2.745991354e+20
3.61877481e+20
4.475123772e+20
5.307171651e+20
7.87546324e+20
2.594125975e+20
6.843509665e+20
3.381040304e+20
5.017259965e+20
7.435842261e+20
4.90430789e+20
4.037801606e+20
3.195912578e+20
5.525387567e+20
3.905012341e+20
2.314673321e+20
3.817332303e+20
5.279527404e+20
5.971009177e+20
4.423964892e+20
3.648675231e+20
2.162665067e+20
4.994811228e+20
3.524507279e+20
4.884626241e+20
4.825559006e+20
4.095063418e+20
5.394223115e+20
4.005966697e+20
5.277073641e+20
5.879252897e+20
4.518003916e+20
3.8356323e+20
3.158281361e+20
3.128596324e+20
4.946467142e+20
5.513257667e+20
5.448398042e+20
4.199008954e+20
5.928552782e+20
5.287797902e+20
4.065128218e+20
5.755989669e+20
5.121002198e+20
5.076418386e+20
6.134135274e+20
4.422927427e+20
5.338416752e+20
4.001830949e+20
1.33243628e+20
3.993383976e+20
2.657095865e+20
5.306303661e+20
3.968913995e+20
2.640653851e+20
3.947257072e+20
5.249737138e+20
7.841697898e+20
5.211855613e+20
2.593266885e+20
2.583986025e+20
2.569768409e+20
3.838825959e+20
7.630746802e+20
6.329530224e+20
2.514901124e+20
2.501973773e+20
4.967857252e+20
4.939830541e+20
7.35262837e+20
2.435855635e+20
6.03989873e+20
3.600025244e+20
2.379396118e+20
3.543931074e+20
4.68280423e+20
2.323886319e+20
5.755474558e+20
3.426041102e+20
3.392948415e+20
6.729751154e+20
4.441856013e+20
2.201752616e+20
4.358532341e+20
3.239581471e+20
4.274317361e+20
4.234661707e+20
3.142158956e+20
4.14949072e+20
5.130657646e+20
6.096344777e+20
6.029317605e+20
1.989577079e+20
3.934862235e+20
2.920884715e+20
2.888034607e+20
3.810530236e+20
3.767254017e+20
2.795598414e+20
1.842337322e+20
5.468233917e+20
8.107186464e+20
6.238220431e+20
5.284433717e+20
4.356525851e+20
8.610209183e+20
5.110756989e+20
6.733364518e+20
3.330643313e+20
5.758967929e+20
4.069642372e+20
5.629093002e+20
3.978056315e+20
1.572048068e+20
5.444048526e+20
3.073296873e+20
3.80133618e+20
4.506387324e+20
4.459532464e+20
4.405501389e+20
5.086825384e+20
5.743072546e+20
2.842281669e+20
4.913767501e+20
2.779592369e+20
2.74598907e+20
5.437361011e+20
2.68589118e+20
5.319062519e+20
3.941335599e+20
3.25265598e+20
6.427413954e+20
4.456264672e+20
3.774137338e+20
5.607990122e+20
4.925812919e+20
4.880206749e+20
4.822757919e+20
4.181439102e+20
3.542213204e+20
5.850690379e+20
3.4697409e+20
3.439070843e+20
6.799192728e+20
5.616673118e+20
4.44229719e+20
4.954733204e+20
5.312146877e+20
2.654761186e+20
7.955309915e+20
2.649169273e+20
3.966075095e+20
7.920388128e+20
0
3.941579604e+20
7.85592905e+20
3.918068763e+20
5.202325791e+20
0
5.161352445e+20
2.571449935e+20
7.672027249e+20
2.546853346e+20
2.531338217e+20
2.519637147e+20
1.251427262e+20
7.470008608e+20
3.708139721e+20
6.14540377e+20
4.878527145e+20
4.848660364e+20
2.404579805e+20
5.971822341e+20
2.368257391e+20
4.703155524e+20
6.991531982e+20
3.469640824e+20
2.291550246e+20
6.820468069e+20
6.75474272e+20
3.349453514e+20
1.105399837e+20
6.575186144e+20
2.169394325e+20
3.224931022e+20
2.127542188e+20
1.053909538e+20
4.170818481e+20
3.098228924e+20
4.086299014e+20
1.011552061e+20
6.002714134e+20
8.913646405e+20
3.917608319e+20
1.938728489e+20
3.833929645e+20
2.84545512e+20
3.750929378e+20
4.639159977e+20
5.503193197e+20
3.629793089e+20
3.587746751e+20
2.662070782e+20
5.261889788e+20
4.337954051e+20
4.286822495e+20
4.240889503e+20
6.704891291e+20
3.316566651e+20
4.096220785e+20
3.242005621e+20
5.605463812e+20
5.545908469e+20
3.130938997e+20
3.872337119e+20
3.060470612e+20
3.785473557e+20
1.495874341e+20
3.700803311e+20
4.387191362e+20
4.342013718e+20
3.574523588e+20
6.368589557e+20
4.194338701e+20
4.844115737e+20
3.418263663e+20
4.061119366e+20
6.018218487e+20
3.97276524e+20
3.270835391e+20
2.591338451e+20
3.840455712e+20
3.803811114e+20
3.75846824e+20
5.584701899e+20
2.452665233e+20
5.467399039e+20
3.001665126e+20
3.56915629e+20
4.7032258e+20
5.826255574e+20
4.031077096e+20
4.566226021e+20
3.385312314e+20
3.355848738e+20
4.423564421e+20
5.482056196e+20
5.28613428e+20
0
2.638795597e+20
5.272421185e+20
1.31556587e+20
5.254468267e+20
2.620138689e+20
2.614911708e+20
2.605906432e+20
5.198695574e+20
6.471375021e+20
7.742015015e+20
7.704621682e+20
5.11806979e+20
3.817554024e+20
3.801912416e+20
2.51921148e+20
6.268946845e+20
1.24546139e+20
2.478145971e+20
4.920739843e+20
2.446519083e+20
3.641640819e+20
3.619369925e+20
2.393306817e+20
4.755093453e+20
3.5358337e+20
2.340637558e+20
5.79930016e+20
4.604802452e+20
4.562017117e+20
7.920668371e+20
5.6032278e+20
4.445562897e+20
7.702671546e+20
6.545387014e+20
1.079805756e+20
5.350687475e+20
2.118011849e+20
6.295177127e+20
4.152258355e+20
4.112617639e+20
6.102349617e+20
4.028345755e+20
3.984229599e+20
4.930301164e+20
4.875631319e+20
1.930274872e+20
1.908646072e+20
6.610614355e+20
2.801059205e+20
4.619163154e+20
3.65305256e+20
4.517789356e+20
4.465539249e+20
2.650716216e+20
4.366281159e+20
4.319539921e+20
2.561217009e+20
5.912154659e+20
5.007493393e+20
3.302608475e+20
5.710653786e+20
4.842618447e+20
5.582032168e+20
6.311695332e+20
3.117891516e+20
5.398685196e+20
6.095501932e+20
4.523691325e+20
4.469014342e+20
5.159641051e+20
4.369032903e+20
5.765388554e+20
3.559749972e+20
5.637568712e+20
5.569361176e+20
4.134952649e+20
4.08499004e+20
4.718417073e+20
5.993388413e+20
3.95637004e+20
3.908804153e+20
4.516122051e+20
3.824595147e+20
3.7880977e+20
3.74292871e+20
5.561606293e+20
4.885017646e+20
4.234809153e+20
5.380579381e+20
4.739127817e+20
1.170916185e+20
2.901012009e+20
4.587730928e+20
3.978786349e+20
5.056721695e+20
3.89878069e+20
3.854365356e+20
3.821333629e+20
7.890562798e+20
6.572231672e+20
6.56486891e+20
7.870134216e+20
3.927508555e+20
7.843392743e+20
2.607424522e+20
2.602227932e+20
3.889939718e+20
6.466931484e+20
2.576058849e+20
5.136452604e+20
8.945503508e+20
2.546739159e+20
3.799271235e+20
3.783720587e+20
5.014400758e+20
3.743452795e+20
2.479104261e+20
3.699602188e+20
3.673136039e+20
6.08746605e+20
4.832731004e+20
6.004008528e+20
1.191069517e+20
4.732937443e+20
3.51943485e+20
2.329798676e+20
5.772572327e+20
8.021324401e+20
5.676408538e+20
2.252702323e+20
2.231094955e+20
4.425372848e+20
4.381635275e+20
6.515856768e+20
2.149916535e+20
6.392048171e+20
6.325699538e+20
5.222624043e+20
5.167328354e+20
4.094425757e+20
7.088070818e+20
3.007980214e+20
1.983401777e+20
3.927013062e+20
5.825325719e+20
5.765683973e+20
5.701197623e+20
7.522379287e+20
5.578051334e+20
3.679470385e+20
2.728083139e+20
3.598802742e+20
3.557246249e+20
3.519277468e+20
4.347811746e+20
5.161537754e+20
4.2507202e+20
6.728314499e+20
2.493247951e+20
4.933150945e+20
5.686799439e+20
6.429864979e+20
3.176454631e+20
4.714072494e+20
3.88119041e+20
4.608245016e+20
4.552704916e+20
3.754142184e+20
2.225279675e+20
2.936191368e+20
4.35102414e+20
5.74162304e+20
4.254117568e+20
4.210771185e+20
4.159845481e+20
6.176920695e+20
4.068202803e+20
4.027733414e+20
3.315979103e+20
5.253479476e+20
5.839108478e+20
3.21253981e+20
4.443675888e+20
3.772513575e+20
3.727517149e+20
4.923289711e+20
4.864872362e+20
4.819819566e+20
5.358346796e+20
6.489372709e+20
5.830332144e+20
4.622394551e+20
3.997591687e+20
3.962263312e+20
5.035651975e+20
4.991838356e+20
3.289926666e+20
5.97985543e+20
3.92614946e+20
2.616146545e+20
7.83967211e+20
3.916004818e+20
5.211340256e+20
3.90272685e+20
5.189666299e+20
5.179333218e+20
5.161602746e+20
3.861477732e+20
6.40921916e+20
3.833850589e+20
3.815440882e+20
3.801841524e+20
3.781162728e+20
2.510468014e+20
2.495303268e+20
6.209512223e+20
3.701096042e+20
6.136919352e+20
8.530388656e+20
2.423561975e+20
3.60761539e+20
5.975997671e+20
5.927687479e+20
3.533240209e+20
4.670916546e+20
6.957179146e+20
5.74608973e+20
2.281309767e+20
4.520426993e+20
4.484901405e+20
6.662973416e+20
2.20268268e+20
5.452403659e+20
3.243295892e+20
2.140308214e+20
5.302940137e+20
3.148807568e+20
2.079789685e+20
6.173443932e+20
2.038197053e+20
4.032576234e+20
5.989634659e+20
4.936911602e+20
3.909935036e+20
4.833428326e+20
5.74076068e+20
6.622781562e+20
9.362563771e+19
6.47988852e+20
5.49561871e+20
4.527460779e+20
7.167010333e+20
5.313284467e+20
7.008787234e+20
4.329497927e+20
5.13981205e+20
3.386316903e+20
4.187574452e+20
1.655224589e+20
4.093802063e+20
4.045102535e+20
4.001955974e+20
5.535751694e+20
3.129691172e+20
5.41121016e+20
5.354071612e+20
5.289595927e+20
5.981872299e+20
4.432256154e+20
5.848233116e+20
3.610969357e+20
5.71805265e+20
4.236679314e+20
3.494590457e+20
3.45234229e+20
4.784594398e+20
2.025776487e+20
4.679786348e+20
5.283855912e+20
3.923982285e+20
3.230671111e+20
5.1190188e+20
4.425474444e+20
3.757057149e+20
3.093526652e+20
4.903096403e+20
5.450504118e+20
3.000013275e+20
3.557531458e+20
3.525090714e+20
2.903141703e+20
4.027912419e+20
3.412334347e+20
3.94587694e+20
4.457561874e+20
5.523479892e+20
4.368302207e+20
4.872245669e+20
1.302400726e+20
1.301761711e+20
2.600623214e+20
6.495210534e+20
5.186246454e+20
3.883939958e+20
5.164725602e+20
5.154451948e+20
7.705288106e+20
5.123967458e+20
3.827152099e+20
2.543692232e+20
3.7972693e+20
2.522498787e+20
1.254408675e+20
3.747854256e+20
3.725277796e+20
7.416258641e+20
6.139501268e+20
3.664864886e+20
2.425858017e+20
1.206122116e+20
4.78778667e+20
7.137896355e+20
1.180056625e+20
4.689239111e+20
4.64945239e+20
6.925257903e+20
4.575879208e+20
4.541816572e+20
4.499915011e+20
3.348437949e+20
3.316467635e+20
3.289153476e+20
3.256790364e+20
3.228794251e+20
3.19617809e+20
7.391138451e+20
6.269779007e+20
4.141222962e+20
2.048778016e+20
0
5.018726475e+20
4.969615241e+20
5.898607208e+20
4.866256133e+20
6.737639479e+20
3.810701288e+20
2.82617617e+20
4.661249641e+20
6.452287635e+20
4.560193822e+20
7.213248369e+20
4.460421366e+20
8.818149907e+19
5.234452694e+20
8.622675487e+19
5.118268473e+20
4.215220912e+20
2.502059651e+20
4.945024806e+20
2.446072572e+20
4.028345466e+20
6.376615549e+20
4.725341187e+20
3.116774848e+20
4.619090228e+20
3.808600135e+20
6.020437171e+20
1.489330079e+20
5.885470516e+20
2.912140654e+20
5.034689748e+20
5.69467499e+20
4.219383441e+20
2.088193437e+20
2.750609974e+20
2.722901528e+20
5.380051833e+20
3.329076591e+20
5.262322216e+20
3.907986447e+20
5.148002117e+20
3.186340955e+20
5.666684784e+20
4.988969148e+20
4.929428881e+20
4.883068068e+20
5.4282107e+20
3.585288676e+20
5.314428301e+20
5.265964493e+20
3.469459346e+20
4.011366665e+20
3.398278294e+20
3.929625546e+20
4.439142157e+20
4.400530243e+20
5.437733787e+20
3.234700769e+20
1.296145632e+20
2.591021531e+20
1.294071664e+20
2.585619314e+20
9.032438029e+20
6.442221786e+20
5.140023481e+20
6.412260739e+20
5.112350836e+20
6.374416524e+20
5.078596737e+20
5.06320028e+20
6.298783312e+20
5.02110165e+20
2.49697246e+20
3.730174873e+20
6.17961146e+20
1.230238799e+20
4.888624309e+20
7.295479432e+20
7.243704614e+20
3.601547552e+20
4.765626538e+20
2.368301117e+20
3.523878592e+20
1.166922787e+20
4.6281846e+20
6.893628246e+20
2.277538747e+20
4.521202447e+20
2.23979417e+20
2.222224856e+20
5.502638954e+20
6.548832381e+20
4.323025587e+20
6.428843428e+20
4.242693873e+20
4.204829935e+20
3.121093936e+20
6.184541787e+20
5.099551018e+20
5.051003887e+20
3.997539002e+20
4.948056943e+20
3.915428185e+20
4.84527595e+20
3.833559738e+20
4.742962474e+20
3.752161481e+20
7.426220978e+20
5.507075042e+20
2.724522327e+20
5.387113817e+20
4.441621103e+20
4.390569505e+20
8.687501074e+19
1.717331708e+20
7.645357113e+20
5.037231233e+20
4.152769627e+20
4.103789053e+20
4.05991402e+20
4.011726658e+20
2.381370079e+20
2.352956713e+20
3.879955873e+20
4.600156815e+20
3.034393908e+20
4.496868564e+20
5.932969048e+20
5.128780667e+20
3.625328058e+20
5.014190692e+20
4.253615779e+20
3.501856843e+20
5.545872591e+20
4.109156429e+20
2.033879796e+20
4.018658852e+20
5.304894906e+20
5.240963324e+20
5.189493989e+20
5.76798925e+20
5.077441791e+20
5.643662455e+20
4.968694895e+20
3.682034662e+20
4.863202692e+20
4.204743594e+20
4.760908566e+20
4.704655936e+20
4.661750962e+20
4.031143362e+20
5.136372369e+20
4.512450087e+20
4.472579962e+20
4.973483298e+20
3.834623415e+20
2.707638423e+20
3.221348902e+20
2.579900667e+20
3.867958697e+20
2.575782648e+20
1.286636725e+20
5.13677693e+20
1.282301206e+20
3.836667396e+20
7.658099629e+20
3.816056758e+20
2.537665455e+20
2.527276915e+20
3.779433705e+20
7.52288101e+20
4.997431027e+20
3.727858337e+20
4.950215336e+20
2.460279872e+20
7.346932488e+20
4.865861575e+20
3.630773846e+20
6.008457473e+20
3.584884387e+20
3.557752948e+20
3.536106975e+20
3.507736563e+20
1.161585079e+20
3.455332869e+20
3.4311431e+20
5.668080065e+20
4.500774601e+20
3.344583359e+20
2.21224814e+20
2.191221409e+20
1.086603459e+20
7.531712844e+20
4.266902087e+20
5.279979318e+20
6.279474982e+20
3.107419255e+20
3.078743955e+20
7.108292751e+20
5.029049571e+20
2.985185787e+20
3.941347903e+20
3.898597514e+20
2.894685539e+20
5.725771406e+20
9.445445133e+19
1.868112305e+20
4.621695123e+20
6.397785296e+20
3.61736827e+20
5.364483106e+20
5.30757439e+20
3.497774998e+20
3.460487966e+20
5.985658859e+20
4.229765513e+20
5.016371577e+20
4.135583275e+20
4.904237825e+20
3.234543618e+20
5.59334217e+20
7.11477096e+20
5.467752221e+20
6.182518837e+20
2.290688992e+20
3.777512033e+20
5.224986157e+20
5.170214042e+20
2.189119416e+20
5.054841302e+20
3.567041347e+20
7.766671661e+20
5.580282557e+20
2.761706376e+20
4.092533484e+20
2.025650581e+20
6.003616918e+20
4.623011916e+20
3.914832837e+20
4.52244665e+20
3.191481261e+20
6.321131913e+20
3.747217625e+20
3.092865473e+20
4.278306067e+20
4.843498294e+20
2.991203626e+20
4.148891504e+20
5.271223889e+20
5.223149933e+20
4.014719089e+20
3.97867963e+20
3.932262538e+20
4.454309796e+20
5.503444584e+20
4.910030573e+20
5.932305093e+20
5.346844676e+20
8.986697842e+20
3.849561779e+20
3.845309209e+20
2.561044924e+20
3.834295793e+20
6.381081778e+20
1.27283035e+20
2.54061105e+20
2.532014981e+20
7.577035862e+20
3.773053123e+20
1.253878803e+20
4.991704616e+20
4.973982535e+20
4.947230164e+20
7.39062363e+20
4.897645737e+20
7.312753189e+20
3.632482377e+20
4.818620086e+20
7.176902775e+20
3.568374702e+20
3.541437027e+20
2.346607991e+20
5.819569577e+20
3.468887937e+20
3.439670574e+20
5.692689882e+20
4.514036336e+20
7.840928411e+20
3.329610729e+20
2.202360604e+20
3.272212084e+20
7.572446672e+20
8.569631693e+20
5.310095196e+20
2.102718669e+20
6.251948524e+20
2.06257592e+20
5.108891412e+20
5.055345346e+20
3.004371168e+20
1.981552686e+20
9.810993288e+19
5.822866379e+20
5.764624398e+20
5.701412245e+20
4.702654667e+20
3.720422545e+20
3.681734832e+20
3.640501692e+20
4.502711143e+20
4.451701448e+20
3.523593642e+20
5.224824898e+20
1.723048107e+20
3.40620793e+20
3.369805258e+20
3.330455982e+20
4.11853859e+20
5.698111544e+20
4.026582413e+20
2.387338222e+20
5.51107797e+20
2.333766623e+20
3.848322157e+20
3.041834565e+20
7.524315057e+19
3.716999207e+20
5.884858904e+20
5.087278541e+20
3.59599297e+20
3.552635225e+20
3.516046898e+20
2.778888585e+20
4.125850573e+20
6.793407481e+20
3.362479483e+20
4.650676981e+20
1.973310855e+20
3.899071129e+20
4.504233942e+20
1.907177048e+20
4.406967883e+20
4.976155091e+20
4.928636749e+20
4.261045437e+20
5.426947042e+20
4.170764412e+20
5.312731674e+20
4.083243145e+20
5.780002968e+20
6.283244173e+20
3.962535068e+20
5.035194673e+20
3.88166475e+20
5.480981497e+20
4.889995884e+20
4.296731894e+20
3.194973134e+20
1.277735727e+20
5.108452043e+20
6.378530339e+20
2.548932071e+20
3.816181671e+20
7.621133887e+20
6.334143526e+20
2.528636182e+20
2.520105227e+20
7.541413488e+20
5.00714455e+20
6.240009899e+20
0
3.713064796e+20
2.462099499e+20
3.678123528e+20
3.656208115e+20
1.213148406e+20
3.615724631e+20
3.597311199e+20
9.525282363e+20
2.368010924e+20
2.350180049e+20
4.671819554e+20
3.475892135e+20
1.151054827e+20
6.848299255e+20
5.667041156e+20
2.246895924e+20
5.575584671e+20
3.314771558e+20
4.385122117e+20
3.25772154e+20
4.307981599e+20
8.531926308e+20
6.344123431e+20
4.187053371e+20
4.149774894e+20
7.187661262e+20
7.121431418e+20
4.026822935e+20
3.988566844e+20
3.946110053e+20
2.930693927e+20
4.831708198e+20
5.740088377e+20
1.892419823e+20
5.61930791e+20
5.557130377e+20
4.582806261e+20
7.250509721e+20
4.483870942e+20
5.319787347e+20
1.754463735e+20
5.20316833e+20
5.147735508e+20
3.392156269e+20
3.355913591e+20
2.48758315e+20
3.281307061e+20
4.053431807e+20
1.604048403e+20
3.9626829e+20
5.488629574e+20
6.972865451e+20
4.599237539e+20
3.786897125e+20
3.746927342e+20
2.22119261e+20
2.930547621e+20
2.895301908e+20
2.865202189e+20
5.661351998e+20
3.501903208e+20
2.767726292e+20
5.479034442e+20
3.383073191e+20
3.348983873e+20
3.308589257e+20
4.585921463e+20
2.58895722e+20
3.84528629e+20
5.698581612e+20
2.508163689e+20
4.956181654e+20
5.522455033e+20
6.062747887e+20
3.002852919e+20
4.747405641e+20
2.939637672e+20
5.228716286e+20
5.756695511e+20
5.68895544e+20
6.765464568e+20
3.900392186e+20
3.31366022e+20
4.366960829e+20
4.328999136e+20
5.88390586e+20
3.712270985e+20
6.358573805e+20
2.542191997e+20
5.078797999e+20
2.536933258e+20
6.330396493e+20
7.585309631e+20
3.782650177e+20
1.258386835e+20
3.762460481e+20
3.753062247e+20
1.245942965e+20
7.453079931e+20
6.181578906e+20
4.927739551e+20
3.676035955e+20
9.762918396e+20
3.639339038e+20
4.830226565e+20
3.599120791e+20
3.580810118e+20
3.555660889e+20
2.357204911e+20
4.679000074e+20
4.650617333e+20
3.460185762e+20
3.437582923e+20
3.408768122e+20
6.76994702e+20
4.473728134e+20
6.660875737e+20
3.300064068e+20
8.731393338e+20
7.567837127e+20
8.578038461e+20
6.370913451e+20
2.105459154e+20
4.168829434e+20
4.131742199e+20
4.089473137e+20
4.051818688e+20
7.016659278e+20
5.95718038e+20
6.876204785e+20
3.890929807e+20
3.84896262e+20
6.66838706e+20
2.826655233e+20
3.730420956e+20
2.766912041e+20
2.738163733e+20
2.707601406e+20
4.465187745e+20
2.648858803e+20
7.862361487e+20
6.908920734e+20
4.272086084e+20
5.911885115e+20
5.013203982e+20
2.477408237e+20
3.267893815e+20
3.22953566e+20
6.390069841e+20
4.735920446e+20
4.685454271e+20
3.086516026e+20
4.580640116e+20
2.262975135e+20
3.73181997e+20
6.636774463e+20
2.918761365e+20
5.046442694e+20
2.140277287e+20
5.638670839e+20
4.185447422e+20
4.13497997e+20
6.139250593e+20
4.717372241e+20
5.336953857e+20
6.590745644e+20
3.262570377e+20
5.1572339e+20
4.468245086e+20
2.522584644e+20
3.74721115e+20
4.936367915e+20
2.444609672e+20
5.434635413e+20
4.187165184e+20
3.546282865e+20
5.270135397e+20
6.364989327e+20
3.440145162e+20
3.399633937e+20
6.176713469e+20
3.329699963e+20
4.40038404e+20
2.174640394e+20
5.389347809e+20
4.79454643e+20
3.69719674e+20
7.594501636e+20
1.265135418e+20
2.527498459e+20
2.525046882e+20
8.821078175e+20
6.291517161e+20
2.509987245e+20
2.505021937e+20
4.993237406e+20
3.73558211e+20
2.480308179e+20
7.418472388e+20
4.922364939e+20
1.226234752e+20
4.87877404e+20
1.214740742e+20
3.622624908e+20
3.606048565e+20
3.582668749e+20
3.564459729e+20
3.539489342e+20
4.692994145e+20
4.657833307e+20
2.314803344e+20
8.037448285e+20
5.703568913e+20
4.524698918e+20
3.369858529e+20
5.567303479e+20
4.420876404e+20
1.095162171e+20
5.433053207e+20
3.229122088e+20
5.337778828e+20
4.228751125e+20
4.192582086e+20
5.188454308e+20
5.142331935e+20
3.053898173e+20
5.042998843e+20
6.986637542e+20
5.931729831e+20
2.934414744e+20
3.874409204e+20
2.874522993e+20
4.743031371e+20
6.567823111e+20
2.786076819e+20
6.429164536e+20
3.635653114e+20
3.595141148e+20
3.55732768e+20
3.51722015e+20
1.739979187e+20
3.44025957e+20
5.105445521e+20
5.046596856e+20
4.160588812e+20
5.757071181e+20
6.509179566e+20
6.432866123e+20
3.182078966e+20
3.144518287e+20
4.666523132e+20
6.14816348e+20
3.801827074e+20
4.507771208e+20
3.716833932e+20
2.937860381e+20
3.633836918e+20
7.180385188e+20
6.395165646e+20
3.510106681e+20
4.168745365e+20
4.118502874e+20
4.076522678e+20
4.698592733e+20
5.980167106e+20
3.938713867e+20
3.899504081e+20
2.56835895e+20
6.357807805e+20
3.768820312e+20
6.220494078e+20
2.458355984e+20
4.869746133e+20
6.014413141e+20
4.17047048e+20
4.120813022e+20
4.082627407e+20
3.457925845e+20
3.997447999e+20
4.514673029e+20
5.033414644e+20
3.86903429e+20
5.478372221e+20
5.414679161e+20
5.904385591e+20
3.714002711e+20
4.734314257e+20
1.259841472e+20
6.29615239e+20
6.289272347e+20
7.539814109e+20
8.779987676e+20
3.757331046e+20
3.747475862e+20
7.480138322e+20
6.212597111e+20
3.718264048e+20
4.93767503e+20
2.461394917e+20
7.349516741e+20
4.882348485e+20
3.642280798e+20
4.836673137e+20
4.8080848e+20
4.786105376e+20
3.56636643e+20
2.365505317e+20
3.523464229e+20
3.503829116e+20
8.114500074e+20
4.608785034e+20
0
3.40683788e+20
6.756831979e+20
5.591463224e+20
5.542666784e+20
6.6020147e+20
6.542074364e+20
3.245518162e+20
3.215009845e+20
4.25159092e+20
5.262984381e+20
3.130803645e+20
1.033213341e+20
3.072107192e+20
4.054406318e+20
5.021410751e+20
6.956871616e+20
6.890911789e+20
5.843981368e+20
3.858028298e+20
3.81656892e+20
2.833858855e+20
4.671677956e+20
4.624060026e+20
5.487793083e+20
3.62054782e+20
5.370406687e+20
1.771313833e+20
1.751374318e+20
6.064891805e+20
4.282718813e+20
5.931986701e+20
5.026032585e+20
4.972376099e+20
5.733714217e+20
5.672438864e+20
4.004295439e+20
4.753841492e+20
3.914823789e+20
5.422368416e+20
4.592620855e+20
5.301208328e+20
2.2448688e+20
2.961574219e+20
3.657671914e+20
6.514809747e+20
5.00625721e+20
2.123234602e+20
4.89461822e+20
4.844205425e+20
6.153234859e+20
2.706894079e+20
3.342830109e+20
3.970967157e+20
6.538508416e+20
3.884047224e+20
5.116364481e+20
4.432826774e+20
3.753883008e+20
2.478333334e+20
2.448605967e+20
2.425213713e+20
5.391480266e+20
6.527570302e+20
3.518080619e+20
4.066390799e+20
4.592199965e+20
4.550309989e+20
3.37248445e+20
4.456281268e+20
5.505062378e+20
3.273864837e+20
3.235760049e+20
4.276858529e+20
5.284336243e+20
4.715244717e+20
2.507975163e+20
6.266902021e+20
8.764101124e+20
6.254012944e+20
2.496936634e+20
3.739914765e+20
4.973510506e+20
4.963689329e+20
8.657480684e+20
6.168509697e+20
8.601153606e+20
3.675106304e+20
2.438599443e+20
3.644973825e+20
6.042724374e+20
3.610940156e+20
4.786204036e+20
5.955432092e+20
3.550211802e+20
4.709603791e+20
7.01516714e+20
4.650741234e+20
2.308034572e+20
3.441112374e+20
5.689844854e+20
4.522227564e+20
6.726883438e+20
5.56671657e+20
2.20729887e+20
5.477477145e+20
3.256714388e+20
4.308439404e+20
4.268027219e+20
6.349680998e+20
7.336319698e+20
6.234576856e+20
6.172645768e+20
2.039286171e+20
4.037097466e+20
2.00000268e+20
6.927358243e+20
7.841967456e+20
3.879561846e+20
4.802231657e+20
5.700863532e+20
3.762665326e+20
3.72177375e+20
4.604820138e+20
2.732531781e+20
6.309743168e+20
7.131047206e+20
4.410060803e+20
4.360494651e+20
4.314329609e+20
2.559154039e+20
4.219870599e+20
4.17136269e+20
4.952210526e+20
3.263169148e+20
4.842456104e+20
6.3810885e+20
2.367359807e+20
7.018427912e+20
3.85759676e+20
6.861400471e+20
6.034319248e+20
4.471847705e+20
2.949776048e+20
3.643134829e+20
4.32594697e+20
4.986403518e+20
4.229629273e+20
4.178778619e+20
2.757158656e+20
5.447919353e+20
4.044287516e+20
3.329627667e+20
3.955281156e+20
4.558889365e+20
5.158283226e+20
3.822128791e+20
2.523044199e+20
3.739063641e+20
4.937093881e+20
4.877865967e+20
4.831261392e+20
5.37015869e+20
5.910681848e+20
4.672196055e+20
4.050282824e+20
2.286988953e+20
5.098784002e+20
4.478762228e+20
4.438558287e+20
4.386487527e+20
4.347748363e+20
5.9084978e+20
5.324695406e+20
5.263125973e+20
4.174513941e+20
6.2409392e+20
4.99033774e+20
4.984913605e+20
3.735070185e+20
8.698944529e+20
4.963545596e+20
4.950599575e+20
2.470416121e+20
1.231099212e+20
4.912140288e+20
6.115528898e+20
2.43885054e+20
4.854925261e+20
9.675572025e+20
3.609139913e+20
5.990876757e+20
7.146782282e+20
1.185695733e+20
3.534202865e+20
3.516292348e+20
2.327896947e+20
2.314949408e+20
4.595466666e+20
6.851547883e+20
4.531672672e+20
4.502183889e+20
3.348599605e+20
5.542187998e+20
4.395233437e+20
3.272092421e+20
4.323355303e+20
4.289685949e+20
3.1871522e+20
6.322215296e+20
3.130600961e+20
5.173148993e+20
4.097492914e+20
4.061151855e+20
4.019935773e+20
3.983027477e+20
4.92721016e+20
1.952222148e+20
4.829092546e+20
2.869258913e+20
5.677073902e+20
4.68372998e+20
3.706334304e+20
3.668591756e+20
2.721260775e+20
8.976776706e+19
6.214069884e+20
4.391986401e+20
3.47415995e+20
4.296738276e+20
3.398349176e+20
4.202747933e+20
3.32360184e+20
2.466103927e+20
2.437527549e+20
4.822979692e+20
3.177755501e+20
7.073626429e+20
3.10684386e+20
4.610636597e+20
3.037372814e+20
6.010307323e+20
5.196449783e+20
2.938071507e+20
3.628712839e+20
2.154412037e+20
4.257177149e+20
4.212922377e+20
4.162301171e+20
4.806001119e+20
4.748158536e+20
4.028360357e+20
4.64314074e+20
5.252958123e+20
5.838383451e+20
3.853498227e+20
3.807103293e+20
4.397965544e+20
3.103634017e+20
2.458837532e+20
4.858672246e+20
6.616838563e+20
5.349005089e+20
3.532436305e+20
4.072043964e+20
2.881644258e+20
4.555899886e+20
2.257168828e+20
5.576275264e+20
5.526219649e+20
3.822931582e+20
5.954412545e+20
1.069992349e+20
3.712441558e+20
3.669459704e+20
4.157833619e+20
3.727324499e+20
3.72552547e+20
7.442973535e+20
2.47859472e+20
3.710992039e+20
2.470374752e+20
2.463949379e+20
3.688638522e+20
3.676402413e+20
2.444840054e+20
3.652580086e+20
4.855465023e+20
6.041067693e+20
6.01976055e+20
2.395196404e+20
3.578260502e+20
7.114551859e+20
2.360707246e+20
5.863896096e+20
4.667366059e+20
4.634997162e+20
3.456931781e+20
5.718809096e+20
2.273714428e+20
5.639560011e+20
2.241158553e+20
2.222591937e+20
4.41429971e+20
2.188019136e+20
5.42970681e+20
3.228441823e+20
4.271095044e+20
5.289006057e+20
5.245821816e+20
5.195301597e+20
5.151008428e+20
5.100048286e+20
5.054849438e+20
6.004379058e+20
4.957741386e+20
2.943889891e+20
2.916032859e+20
2.885341814e+20
1.904853134e+20
5.653481995e+20
5.597149211e+20
5.536533643e+20
3.653453377e+20
5.420164733e+20
4.469969717e+20
5.304585092e+20
1.74962382e+20
3.460039897e+20
2.567573889e+20
5.076907568e+20
3.348610927e+20
4.137777658e+20
4.912366121e+20
5.664766787e+20
5.604269207e+20
4.747603297e+20
4.696933672e+20
5.415349681e+20
5.357688041e+20
2.268997919e+20
6.734796455e+20
2.218246121e+20
5.121304098e+20
3.614404583e+20
4.291836195e+20
5.65390266e+20
6.294520418e+20
4.836945352e+20
4.10324919e+20
6.08083057e+20
2.67503877e+20
4.624946463e+20
2.616185343e+20
4.523180845e+20
5.757604844e+20
4.424228046e+20
2.503279854e+20
5.564659764e+20
4.898408405e+20
3.024768115e+20
3.595035119e+20
4.144013601e+20
2.932144312e+20
2.89717366e+20
3.444382896e+20
3.970718681e+20
3.37242295e+20
5.554272757e+20
6.054856366e+20
3.263834746e+20
4.852520933e+20
4.262985355e+20
5.282448736e+20
4.699090952e+20
5.694268343e+20
3.710243479e+20
6.180759179e+20
7.408891674e+20
2.467247506e+20
6.156702733e+20
3.688621386e+20
2.45270259e+20
3.671807868e+20
0
4.867424386e+20
3.635994831e+20
1.208357696e+20
2.405491408e+20
3.595522237e+20
3.576596684e+20
4.749521992e+20
4.721740558e+20
3.525178303e+20
3.502614253e+20
6.969795044e+20
1.153596349e+20
5.735961792e+20
2.277404273e+20
7.922841895e+20
4.491799538e+20
3.346968665e+20
5.532174848e+20
2.197509467e+20
3.267757529e+20
2.162453099e+20
5.357481377e+20
6.378996876e+20
3.159773174e+20
6.267990601e+20
5.173125868e+20
7.180679204e+20
8.125464828e+20
5.033441928e+20
6.975581243e+20
3.949500444e+20
4.885929794e+20
5.807670795e+20
2.87332897e+20
4.7423335e+20
4.691737796e+20
4.645012728e+20
7.351673094e+20
1.819219711e+20
2.69899542e+20
4.45170163e+20
5.28300165e+20
5.227534137e+20
3.446034155e+20
3.409585995e+20
6.741943278e+20
5.836482551e+20
2.47271228e+20
7.339025085e+20
3.22408647e+20
7.974155205e+20
4.728724687e+20
5.457976962e+20
3.852781414e+20
3.049411122e+20
4.520075119e+20
3.72678265e+20
5.892031107e+20
4.372408332e+20
5.04029221e+20
6.412472614e+20
2.111904067e+20
5.573201909e+20
3.441444218e+20
4.768394702e+20
4.711056764e+20
3.996879443e+20
3.948766473e+20
4.560450992e+20
4.505535538e+20
6.372376718e+20
6.295673233e+20
5.610405031e+20
2.463532907e+20
3.049557578e+20
4.218142613e+20
5.371494117e+20
4.717505722e+20
7.009636863e+20
3.463000749e+20
4.574532115e+20
4.520169191e+20
3.359197213e+20
3.872710239e+20
4.93450335e+20
4.876459745e+20
3.222267762e+20
4.246135575e+20
5.2615758e+20
3.64035323e+20
4.640478421e+20
3.693318298e+20
8.613596266e+20
7.375120516e+20
4.912007433e+20
7.354411489e+20
3.671834834e+20
1.220779003e+20
6.091883513e+20
7.286142983e+20
3.634027757e+20
6.032599188e+20
6.014494527e+20
7.183962817e+20
4.772446953e+20
7.121088321e+20
7.092334114e+20
2.350318444e+20
2.339625051e+20
1.162343586e+20
4.625879205e+20
9.187912273e+20
1.14211939e+20
4.534748089e+20
4.507424337e+20
3.354093709e+20
3.332328703e+20
4.406465244e+20
2.187952928e+20
7.591756497e+20
3.229657502e+20
6.401311836e+20
2.117196251e+20
4.195012407e+20
1.040204262e+20
3.090683186e+20
7.150207441e+20
7.07975169e+20
2.004885991e+20
1.984657562e+20
4.916184625e+20
2.919328749e+20
4.819565921e+20
4.769026233e+20
3.778158497e+20
1.868960523e+20
3.700714521e+20
1.830387556e+20
1.811774181e+20
2.687998817e+20
5.320298704e+20
2.630796567e+20
5.20636959e+20
4.290176679e+20
4.244814604e+20
5.875533343e+20
5.813085088e+20
5.746620763e+20
4.873157758e+20
3.211266123e+20
3.176986174e+20
3.924996351e+20
5.436370407e+20
5.372607624e+20
3.03738188e+20
3.75191282e+20
3.71212788e+20
3.668076208e+20
5.081140124e+20
4.30334872e+20
4.25825915e+20
3.506099189e+20
5.551445753e+20
4.113639384e+20
6.106900284e+20
4.692722465e+20
5.971984172e+20
5.244551258e+20
5.191676163e+20
5.7703209e+20
4.443326134e+20
2.508484902e+20
4.346689815e+20
3.680938046e+20
4.86032447e+20
6.002483509e+20
5.350599389e+20
3.524355015e+20
4.654894412e+20
4.599332284e+20
5.126280653e+20
5.065327341e+20
4.461433076e+20
4.408627648e+20
4.369054003e+20
3.77791464e+20
3.744558552e+20
4.229418472e+20
4.716780451e+20
4.661964599e+20
4.108582985e+20
6.127578053e+20
3.674780597e+20
4.894437222e+20
1.222430971e+20
2.440361503e+20
2.436800252e+20
2.430514243e+20
2.425735445e+20
2.41775443e+20
2.411757625e+20
4.804362809e+20
2.394978428e+20
3.575871518e+20
2.375528859e+20
2.363090058e+20
3.530335255e+20
3.509790768e+20
6.987673592e+20
4.628780421e+20
6.908116692e+20
4.573706974e+20
2.274182179e+20
4.514863559e+20
4.487684868e+20
1.113155488e+20
1.105938752e+20
2.193678885e+20
6.535437444e+20
1.079861433e+20
1.071918689e+20
3.186941554e+20
5.270345955e+20
3.132860537e+20
2.071562717e+20
5.129337533e+20
3.051425659e+20
4.028556724e+20
4.991166312e+20
5.929085543e+20
6.853932969e+20
4.845335378e+20
4.799573433e+20
2.849600889e+20
5.643869605e+20
2.791934131e+20
2.764158196e+20
3.645836598e+20
4.510973368e+20
1.784727639e+20
4.415609777e+20
5.240357427e+20
4.32114644e+20
2.563770075e+20
6.764455151e+20
4.180039613e+20
4.135624621e+20
3.270721622e+20
4.044822793e+20
3.998184163e+20
3.95551327e+20
4.691414332e+20
5.414934246e+20
6.115986989e+20
2.269085378e+20
4.484654974e+20
5.91614066e+20
3.653745826e+20
7.230419222e+20
4.286578706e+20
4.241666876e+20
4.190958162e+20
4.838626447e+20
5.463560874e+20
3.379551605e+20
4.674530318e+20
1.32196225e+20
5.224239118e+20
3.232228349e+20
4.47065474e+20
3.793819559e+20
4.372858434e+20
3.711310779e+20
4.277802581e+20
4.236315748e+20
4.783384452e+20
5.922073988e+20
4.095802168e+20
5.796048434e+20
3.436102548e+20
5.106368578e+20
5.04561891e+20
2.777545438e+20
5.489294839e+20
3.808014634e+20
4.838327575e+20
2.664228621e+20
4.212832483e+20
4.176256726e+20
3.611704874e+20
4.603977416e+20
7.319853993e+20
4.877561929e+20
6.090411225e+20
3.650731204e+20
4.858705475e+20
7.277431922e+20
2.419569937e+20
3.622225009e+20
4.81378601e+20
2.400928213e+20
4.782840833e+20
8.344895732e+20
3.559905486e+20
3.547394513e+20
3.528867551e+20
7.029288374e+20
2.329495234e+20
4.63783214e+20
3.456276097e+20
5.731404228e+20
4.553635536e+20
4.528427481e+20
4.495152652e+20
4.468117535e+20
3.324966247e+20
6.606859335e+20
2.184207644e+20
6.50726117e+20
3.225679076e+20
6.403947579e+20
6.346688433e+20
8.396630745e+20
4.159433875e+20
5.156979538e+20
5.107720181e+20
2.025723783e+20
2.005841795e+20
5.964352432e+20
6.888473184e+20
4.875318746e+20
3.860232065e+20
4.779746124e+20
5.67576641e+20
1.873564461e+20
5.561043097e+20
4.588122336e+20
6.354284139e+20
5.391193411e+20
4.443787102e+20
4.397782424e+20
3.479528297e+20
5.164550496e+20
2.553516815e+20
3.36871235e+20
1.665361273e+20
3.29534198e+20
4.07220431e+20
3.223046885e+20
2.389446668e+20
5.51588489e+20
3.894149229e+20
2.311571345e+20
3.046019994e+20
3.013605884e+20
5.211677634e+20
5.156425964e+20
4.367432377e+20
5.041601223e+20
6.404908334e+20
4.225203404e+20
4.174724048e+20
2.065664652e+20
6.122738138e+20
4.039779233e+20
5.321689915e+20
5.267426599e+20
2.602041854e+20
4.507658536e+20
2.544809194e+20
3.779187601e+20
3.733713683e+20
4.313165119e+20
4.261305668e+20
5.425681671e+20
5.956157083e+20
3.539529228e+20
5.828542875e+20
3.46419196e+20
3.422809536e+20
4.521431638e+20
3.909160306e+20
5.533558633e+20
4.374377655e+20
5.418889756e+20
4.283986004e+20
3.184624793e+20
4.720923081e+20
3.639954582e+20
4.111484711e+20
3.566843313e+20
2.428971163e+20
2.427807839e+20
3.637814675e+20
2.422878939e+20
4.836885699e+20
4.829839413e+20
4.8174475e+20
7.211987268e+20
3.594193095e+20
5.975489051e+20
3.571133115e+20
2.373629002e+20
2.36272093e+20
3.531636983e+20
5.855399449e+20
3.499091983e+20
5.798053462e+20
4.617396903e+20
4.588135079e+20
3.423760197e+20
2.266869746e+20
2.254332311e+20
3.356709828e+20
5.560900122e+20
8.828243752e+20
3.289167304e+20
4.349635672e+20
3.239663403e+20
3.211892713e+20
3.188309146e+20
4.213149886e+20
3.135379773e+20
2.070934982e+20
3.081142307e+20
4.06902742e+20
5.043088826e+20
9.987378025e+19
6.929432891e+20
2.93996512e+20
6.797195337e+20
3.844327965e+20
3.808065566e+20
3.768348658e+20
3.731804486e+20
2.769201889e+20
7.311147662e+20
5.424483551e+20
3.579597647e+20
5.311080323e+20
4.380098442e+20
6.064795494e+20
2.571945934e+20
2.54334524e+20
5.871783239e+20
4.976278384e+20
4.10286063e+20
6.489815093e+20
3.21033658e+20
3.966762025e+20
6.279111649e+20
6.206250848e+20
2.302527902e+20
2.275604918e+20
3.001856927e+20
5.191416568e+20
5.136385841e+20
2.175251024e+20
5.739499008e+20
2.126713879e+20
5.611822986e+20
6.931025363e+20
4.801286565e+20
4.743785977e+20
4.024217364e+20
4.638565918e+20
2.62358067e+20
3.240052014e+20
5.131807568e+20
4.436309872e+20
3.764668075e+20
5.57906099e+20
6.137994214e+20
4.244935503e+20
4.203759102e+20
4.746608797e+20
4.11357279e+20
4.064279629e+20
5.176287446e+20
5.114428469e+20
5.067004918e+20
3.337772394e+20
3.307315601e+20
4.902132881e+20
5.397922135e+20
4.267366346e+20
3.700983793e+20
4.702553693e+20
4.143766339e+20
4.60736216e+20
4.060485465e+20
4.836178756e+20
4.833866035e+20
3.621529733e+20
6.030087549e+20
4.815261026e+20
4.808252256e+20
4.79594874e+20
5.983178462e+20
5.963650769e+20
3.569337831e+20
3.55527766e+20
3.544644587e+20
5.880662269e+20
4.688025099e+20
3.497749597e+20
3.48367681e+20
2.30903776e+20
3.447855719e+20
5.710098647e+20
0
5.642520694e+20
3.366805132e+20
5.570303361e+20
2.214745176e+20
1.098780108e+20
4.366703421e+20
5.413771039e+20
4.3010875e+20
6.396447385e+20
5.291267729e+20
7.341820924e+20
2.081423903e+20
4.124453762e+20
2.045470954e+20
2.026011016e+20
4.017636233e+20
5.967536742e+20
1.971627134e+20
1.951885656e+20
4.835126664e+20
3.828554376e+20
4.740578927e+20
5.629469161e+20
4.645756101e+20
2.757974021e+20
5.461155995e+20
4.502179657e+20
4.456479228e+20
3.526525483e+20
2.617533666e+20
3.451777658e+20
5.977297497e+20
4.22209063e+20
2.506502526e+20
1.652209784e+20
5.72134156e+20
4.040190889e+20
3.997157662e+20
3.951235443e+20
3.90909284e+20
3.86378319e+20
5.351628205e+20
5.289116171e+20
2.990199223e+20
4.432553509e+20
3.654643488e+20
2.166851237e+20
3.573337796e+20
4.237043828e+20
4.192656911e+20
3.452191855e+20
4.782831908e+20
4.050499774e+20
4.008774928e+20
1.980338763e+20
6.533814271e+20
5.809765366e+20
5.751176661e+20
5.050668075e+20
6.250432816e+20
4.322668033e+20
3.668703082e+20
5.436887956e+20
5.384144202e+20
5.910540264e+20
5.26862115e+20
5.205470937e+20
6.302315953e+20
3.396529698e+20
5.047549797e+20
4.987403191e+20
5.490991066e+20
4.340655727e+20
5.377116151e+20
4.782234533e+20
5.266690525e+20
3.122884469e+20
3.611746238e+20
5.099382747e+20
3.539114455e+20
6.018261646e+20
2.406155184e+20
2.403593296e+20
2.401287734e+20
5.992286064e+20
3.590142906e+20
5.968301264e+20
4.765284545e+20
8.312102622e+20
4.738031489e+20
3.539562375e+20
5.881642103e+20
4.683802043e+20
4.66738426e+20
2.321597012e+20
5.780661438e+20
2.298943176e+20
3.43279647e+20
6.822296005e+20
4.525318616e+20
5.618080593e+20
1.117412979e+20
6.655558833e+20
2.205213067e+20
6.564422821e+20
1.087002959e+20
5.390695885e+20
7.494866696e+20
5.307784205e+20
3.161326788e+20
5.22206596e+20
0
4.107183414e+20
4.073838296e+20
8.070316385e+20
6.001411974e+20
4.95237715e+20
4.908710308e+20
4.859652735e+20
6.741389353e+20
3.8129097e+20
6.609729084e+20
4.672168851e+20
7.40305718e+20
2.746836834e+20
4.532608627e+20
5.380923232e+20
4.438605923e+20
1.756222055e+20
6.952245969e+20
5.157101506e+20
3.40204433e+20
5.887567634e+20
4.993210609e+20
6.582846509e+20
4.884734035e+20
2.414623316e+20
3.981517951e+20
4.722995923e+20
5.451404757e+20
4.618532488e+20
6.092404402e+20
2.257991657e+20
3.723289644e+20
6.623181508e+20
2.912439599e+20
3.597526787e+20
4.983433329e+20
4.924249905e+20
2.088285486e+20
6.190151477e+20
2.722582044e+20
3.362513803e+20
3.327875464e+20
2.630371823e+20
4.556208167e+20
5.144539932e+20
4.456074361e+20
3.144634768e+20
3.113300977e+20
3.691022533e+20
4.872956122e+20
4.212569621e+20
3.575742038e+20
5.887992882e+20
4.665348975e+20
4.609415542e+20
4.565995397e+20
3.947463951e+20
2.23477489e+20
6.072360965e+20
6.016947127e+20
3.242991739e+20
3.749528959e+20
4.763824767e+20
3.672493029e+20
4.147769301e+20
4.111777586e+20
4.571665607e+20
4.029041227e+20
1.198307856e+20
5.988682618e+20
5.982322289e+20
2.390635797e+20
3.579439962e+20
4.765651719e+20
5.941902225e+20
2.372107156e+20
8.275420809e+20
2.358565944e+20
1.174661804e+20
4.684618248e+20
1.16581403e+20
6.970386575e+20
3.467175649e+20
6.906500742e+20
0
3.417868198e+20
3.39636605e+20
3.37929666e+20
6.712621559e+20
2.225198824e+20
4.418000554e+20
1.097881329e+20
5.447005165e+20
5.411849483e+20
4.294253282e+20
3.198472209e+20
3.171231738e+20
4.197341533e+20
4.160127574e+20
4.127974483e+20
3.067542822e+20
5.071096378e+20
4.018434139e+20
6.972673004e+20
3.94558119e+20
3.910816196e+20
7.74360897e+20
2.877355109e+20
1.898696181e+20
6.582867782e+20
5.583921094e+20
4.608217647e+20
3.647718977e+20
6.320161939e+20
6.252638437e+20
4.420875412e+20
2.623856056e+20
6.059045493e+20
5.992815783e+20
2.541447931e+20
4.188851631e+20
4.144643227e+20
4.098160961e+20
9.731223827e+20
6.413883015e+20
4.75920018e+20
3.136435272e+20
3.102997193e+20
6.134219306e+20
3.793028688e+20
4.498573755e+20
4.45073004e+20
5.131567684e+20
5.077189315e+20
5.017237837e+20
4.255149568e+20
2.803101154e+20
2.773738662e+20
4.111026092e+20
4.068295673e+20
3.349709394e+20
3.315202417e+20
5.240737258e+20
5.835701793e+20
1.921872618e+20
5.707466999e+20
4.385770725e+20
4.342066485e+20
3.06417356e+20
4.247643554e+20
2.997550757e+20
3.562158599e+20
3.519370123e+20
5.22856688e+20
4.591880245e+20
3.980043824e+20
4.494200441e+20
4.452519409e+20
4.399407407e+20
4.359258729e+20
5.38431218e+20
4.802383507e+20
4.218272177e+20
4.181041728e+20
5.164770387e+20
3.583971742e+20
4.554023956e+20
3.511813402e+20
5.965053171e+20
5.962213344e+20
3.573538125e+20
2.380077945e+20
3.563648854e+20
3.558474959e+20
1.183147139e+20
1.180832397e+20
4.708035047e+20
3.522311891e+20
5.847574915e+20
5.830130082e+20
3.482167246e+20
2.313321549e+20
3.452088239e+20
4.584314125e+20
6.837049502e+20
4.537425601e+20
1.127237219e+20
4.486308019e+20
2.227932039e+20
7.754789975e+20
4.399124571e+20
6.559178705e+20
3.254313853e+20
8.622209288e+20
1.069026142e+20
4.246631464e+20
5.263176491e+20
4.179729728e+20
7.249810402e+20
6.166134023e+20
2.036536506e+20
5.050070697e+20
3.001386106e+20
4.959955371e+20
5.894091852e+20
7.789592943e+20
7.712033191e+20
2.865639539e+20
1.891000406e+20
2.809810252e+20
2.780711172e+20
4.589674992e+20
5.449660282e+20
6.294875766e+20
6.227733102e+20
4.40328599e+20
6.098078086e+20
2.586457313e+20
5.116457771e+20
3.375256037e+20
3.337942097e+20
4.128405843e+20
4.08216865e+20
2.423319461e+20
4.791724231e+20
4.740723408e+20
7.029677734e+20
3.863749317e+20
2.291467097e+20
4.534101669e+20
3.734414927e+20
6.650467042e+20
2.921099161e+20
5.057759196e+20
6.42610995e+20
2.825939844e+20
4.886747487e+20
5.526355429e+20
3.412836808e+20
4.728309443e+20
4.00440256e+20
5.28420084e+20
4.568272153e+20
2.583817998e+20
4.467395916e+20
4.422335847e+20
4.369179263e+20
4.943585009e+20
3.663100028e+20
3.022552164e+20
5.375177431e+20
2.957231642e+20
2.921705144e+20
4.630015344e+20
4.57447786e+20
3.964956927e+20
2.798214978e+20
4.990070618e+20
4.930515521e+20
5.428353668e+20
4.827416114e+20
3.72095468e+20
5.777966591e+20
5.206339383e+20
5.144981955e+20
3.570244071e+20
2.520287742e+20
5.997120379e+20
0
4.748781618e+20
4.743763111e+20
4.739225873e+20
2.365330975e+20
2.361899712e+20
7.067758336e+20
5.878284915e+20
2.343719988e+20
7.013821473e+20
3.493239202e+20
1.160942191e+20
6.934050492e+20
2.303269039e+20
2.291421044e+20
3.42335082e+20
3.403773215e+20
7.906261552e+20
7.856760756e+20
4.467053856e+20
1.109202863e+20
0
8.760818397e+20
6.531308313e+20
4.32072288e+20
1.073221254e+20
3.193581458e+20
3.171588446e+20
2.096461051e+20
2.081132551e+20
4.125514623e+20
9.210781334e+20
4.056229399e+20
6.035062378e+20
4.981748124e+20
4.939598507e+20
1.956670107e+20
4.848634317e+20
4.800446173e+20
9.513396619e+19
4.708416911e+20
4.664139193e+20
5.539104171e+20
4.571280963e+20
4.523264166e+20
6.26979112e+20
3.544585934e+20
4.38583598e+20
4.338583402e+20
4.293769767e+20
2.548187599e+20
4.202524339e+20
1.662452761e+20
4.112295188e+20
2.439780401e+20
4.827813322e+20
4.773180842e+20
6.296519395e+20
5.446456196e+20
1.539547068e+20
4.565340042e+20
5.269487376e+20
3.720128542e+20
3.680575018e+20
5.092429207e+20
3.598912304e+20
2.84518792e+20
4.222793451e+20
5.5636682e+20
5.505393767e+20
3.399917103e+20
4.037494697e+20
3.989269103e+20
4.606201179e+20
4.551030345e+20
5.148129886e+20
4.450550396e+20
2.517518544e+20
3.730896737e+20
5.540568616e+20
6.082161006e+20
5.420087551e+20
2.379963283e+20
4.713731985e+20
5.239234092e+20
3.459411356e+20
5.696508601e+20
3.385700551e+20
5.575270582e+20
3.866489435e+20
3.274560174e+20
4.326232719e+20
5.343434944e+20
4.236377416e+20
5.755977588e+20
5.70518138e+20
5.637879038e+20
5.080887372e+20
4.51914599e+20
4.978471902e+20
2.36511092e+20
7.091964711e+20
1.180748056e+20
1.179619776e+20
2.354987312e+20
5.878934667e+20
9.382540765e+20
3.511580212e+20
4.667024307e+20
1.163881226e+20
3.478066416e+20
4.623610018e+20
1.150671455e+20
5.733258792e+20
1.140767979e+20
6.817188737e+20
4.518864591e+20
3.373852375e+20
4.470372007e+20
4.447964256e+20
7.73136187e+20
6.590426204e+20
4.361852394e+20
5.419728138e+20
4.302515381e+20
7.480932789e+20
5.300329363e+20
8.422174206e+20
5.219312314e+20
6.217418726e+20
8.216846483e+20
5.095933051e+20
5.049405651e+20
3.005122855e+20
1.984541768e+20
2.951644836e+20
4.871770641e+20
2.897360662e+20
4.781029947e+20
2.842492297e+20
4.689486265e+20
7.432660619e+20
1.838988136e+20
6.374247295e+20
3.604231021e+20
3.568517487e+20
7.061157647e+20
6.115933225e+20
4.321531837e+20
1.710764313e+20
6.768599549e+20
4.186107898e+20
4.139962975e+20
2.457785871e+20
6.480888914e+20
4.00761117e+20
2.37739021e+20
4.704196944e+20
5.42554705e+20
4.600920264e+20
4.547880464e+20
5.24934465e+20
5.188331468e+20
3.666553772e+20
2.898904571e+20
5.019341716e+20
7.086023162e+20
3.505666017e+20
2.078490847e+20
3.427869075e+20
5.419351756e+20
4.692646518e+20
5.9613744e+20
4.58885821e+20
2.590810398e+20
5.128770482e+20
3.800426949e+20
3.762089474e+20
2.477925776e+20
5.519761557e+20
4.847462424e+20
5.399735208e+20
2.963783055e+20
5.283030764e+20
5.79949776e+20
5.744016122e+20
3.405049368e+20
3.372963159e+20
4.443416486e+20
3.30164864e+20
4.34960528e+20
3.771168329e+20
4.258582558e+20
4.747901944e+20
3.649007928e+20
5.683554654e+20
4.595270885e+20
3.036944414e+20
6.00254211e+20
4.463540422e+20
3.532188878e+20
3.530514627e+20
3.526801827e+20
2.348956596e+20
4.689467442e+20
3.512006872e+20
4.670880669e+20
4.661764285e+20
1.161696426e+20
5.794181616e+20
5.771708108e+20
1.150906383e+20
9.165687745e+20
7.991983504e+20
5.679339484e+20
4.525286116e+20
2.249765873e+20
4.479241716e+20
3.338497541e+20
2.214518559e+20
7.698584003e+20
3.28125851e+20
3.257589114e+20
3.238136041e+20
5.355575862e+20
4.256903883e+20
5.278209148e+20
6.290305684e+20
2.079061306e+20
4.127770067e+20
5.114341112e+20
6.08992772e+20
4.022956671e+20
4.988026917e+20
1.976450802e+20
4.899381996e+20
3.881621876e+20
2.885636393e+20
3.809416123e+20
3.774744455e+20
4.670707236e+20
4.62683635e+20
2.747500464e+20
5.441918035e+20
4.487455688e+20
8.88602407e+19
5.275022972e+20
4.351347619e+20
6.887382049e+20
2.556110203e+20
4.213899439e+20
5.003783057e+20
3.299135494e+20
3.264358543e+20
3.227945549e+20
7.185896223e+20
2.36826066e+20
3.905119979e+20
4.632683855e+20
3.055556526e+20
4.530553921e+20
5.22935533e+20
5.168633689e+20
2.92211116e+20
5.775866548e+20
2.857343432e+20
4.235567953e+20
6.286388537e+20
4.141330982e+20
4.780950913e+20
5.398990308e+20
4.007156603e+20
4.619233231e+20
3.918553156e+20
3.226381609e+20
4.470861616e+20
5.048271574e+20
3.748007351e+20
6.78880654e+20
4.888097948e+20
4.225666092e+20
4.781809012e+20
4.724312938e+20
4.678455206e+20
4.622230454e+20
4.57800714e+20
5.088434884e+20
5.600535411e+20
5.533428237e+20
3.837466728e+20
3.791597419e+20
4.29370336e+20
4.242538963e+20
5.255572321e+20
4.154543916e+20
4.63262013e+20
4.069212908e+20
4.033925556e+20
3.488176381e+20
3.952520818e+20
3.516845837e+20
3.515181254e+20
2.340995695e+20
2.338762889e+20
7.003707093e+20
5.827976716e+20
4.650667428e+20
3.481198218e+20
3.470041402e+20
4.615339866e+20
3.448112853e+20
2.291906531e+20
3.422379201e+20
3.410443438e+20
5.655048652e+20
4.505946469e+20
7.840636327e+20
6.690265914e+20
5.540562044e+20
7.717973156e+20
6.570928193e+20
5.445702683e+20
2.162603249e+20
6.449100329e+20
2.133278446e+20
6.358707836e+20
7.358781916e+20
6.264199224e+20
4.140938588e+20
4.110736075e+20
4.07466183e+20
6.064942489e+20
4.00652417e+20
4.967683054e+20
3.936851083e+20
3.903614653e+20
4.832443427e+20
5.748013255e+20
4.742664908e+20
7.519242676e+20
1.860831203e+20
5.530089352e+20
4.561009691e+20
4.516972981e+20
6.257668508e+20
5.310619318e+20
4.378617637e+20
1.733722418e+20
4.28782767e+20
4.24358689e+20
5.037062385e+20
2.492194081e+20
4.107999627e+20
2.438825362e+20
5.62719971e+20
5.567571215e+20
4.718401919e+20
4.668229038e+20
6.153379101e+20
3.804902692e+20
3.761132416e+20
5.20951767e+20
3.677917794e+20
4.366595212e+20
3.596305885e+20
4.981503456e+20
4.219642671e+20
2.783447669e+20
4.813430619e+20
4.082589109e+20
3.361738307e+20
7.318956129e+20
3.944547347e+20
4.554561136e+20
5.14294523e+20
3.181553259e+20
4.400767557e+20
3.111691881e+20
3.074321444e+20
6.087347531e+20
3.007086273e+20
2.977492022e+20
4.706705224e+20
5.826267602e+20
3.453744182e+20
4.560929747e+20
3.942896702e+20
3.905736035e+20
3.307645022e+20
6.007757096e+20
3.777397383e+20
5.347026797e+20
4.754942772e+20
4.188677777e+20
5.173639487e+20
2.05119614e+20
5.067321696e+20
5.023384482e+20
2.978546244e+20
4.429759732e+20
2.334423676e+20
2.333320329e+20
4.66175677e+20
2.328657274e+20
2.324492091e+20
2.321131034e+20
5.788285473e+20
6.932407038e+20
4.606830555e+20
3.446629784e+20
6.86665743e+20
5.705212991e+20
5.679586024e+20
5.659794331e+20
4.504771778e+20
3.365078567e+20
3.34601858e+20
1.110318608e+20
3.310296528e+20
3.293746499e+20
3.271652163e+20
4.338267891e+20
2.153556747e+20
6.422155627e+20
5.311002628e+20
7.387661566e+20
3.140710817e+20
5.198590473e+20
6.185844015e+20
8.187684185e+20
4.057988351e+20
4.02677429e+20
1.995112683e+20
4.947504464e+20
1.96046519e+20
6.803741074e+20
2.887810178e+20
4.770783711e+20
4.723712359e+20
3.744618916e+20
5.560316153e+20
3.672100364e+20
1.81719815e+20
6.298818319e+20
6.233093599e+20
3.526525932e+20
3.489213932e+20
4.31739743e+20
3.416937574e+20
2.536271354e+20
3.345064707e+20
4.137619198e+20
5.729083256e+20
4.049090646e+20
4.004043476e+20
7.130926529e+20
3.917017183e+20
3.10030037e+20
5.363771895e+20
6.064752087e+20
4.496293906e+20
5.931234228e+20
5.862495373e+20
2.900099012e+20
4.299356913e+20
7.08971065e+20
3.503197245e+20
5.546047089e+20
2.740253637e+20
6.778891899e+20
5.358722999e+20
6.628785059e+20
4.584839105e+20
3.241145811e+20
3.842867361e+20
2.535778064e+20
5.010765544e+20
4.960209365e+20
5.513232825e+20
3.638845067e+20
4.194292375e+20
4.746297809e+20
2.93076767e+20
4.063239701e+20
5.734852664e+20
5.679974111e+20
4.489407695e+20
4.447092799e+20
3.29532556e+20
4.353001688e+20
5.376147588e+20
5.327074417e+20
3.684460248e+20
4.173015705e+20
5.154245576e+20
4.087016133e+20
3.533790104e+20
3.503153503e+20
3.461864467e+20
3.922720361e+20
2.324370795e+20
3.484910633e+20
2.320848148e+20
1.159319307e+20
0
3.466736742e+20
5.763451599e+20
3.451337441e+20
8.027441699e+20
3.431881967e+20
3.418670813e+20
4.544695351e+20
2.26216569e+20
4.508578222e+20
3.364251036e+20
2.233879441e+20
3.331884869e+20
4.422531135e+20
4.395165246e+20
2.186604996e+20
0
3.240094978e+20
6.433756844e+20
2.131811714e+20
7.404590323e+20
5.255061329e+20
6.255531113e+20
3.106315523e+20
5.133741424e+20
4.077086401e+20
6.062176157e+20
6.015582065e+20
7.948117267e+20
7.883982624e+20
4.881422407e+20
1.936108109e+20
4.793746064e+20
2.851026071e+20
2.82294641e+20
6.52703756e+20
3.692209472e+20
1.82879504e+20
9.0502456e+19
3.585183126e+20
5.321752248e+20
4.390934374e+20
4.344550239e+20
6.880992366e+20
5.105574192e+20
1.68431131e+20
4.165234667e+20
4.121704963e+20
3.261220845e+20
5.64702869e+20
3.988775914e+20
3.157224824e+20
4.68257585e+20
6.949210459e+20
4.58013566e+20
6.79706369e+20
4.479357471e+20
5.908903401e+20
2.920244371e+20
3.611521042e+20
4.283268085e+20
2.825275094e+20
4.188148689e+20
4.144015808e+20
3.412565024e+20
3.376828944e+20
2.669406876e+20
4.622910596e+20
5.872928657e+20
5.166597635e+20
5.104842734e+20
5.052767297e+20
2.496110372e+20
6.177310828e+20
2.441261801e+20
4.833842641e+20
5.969685103e+20
4.728739264e+20
2.919925395e+20
4.048204184e+20
3.999536359e+20
3.961260061e+20
2.795482463e+20
4.984436658e+20
4.377463367e+20
4.3368463e+20
4.284930313e+20
5.307270388e+20
5.243906718e+20
4.677154112e+20
5.134996523e+20
3.053816114e+20
4.023491325e+20
2.492883453e+20
2.956162978e+20
4.884985016e+20
4.628808251e+20
2.313313326e+20
3.466355799e+20
4.617411585e+20
3.456895431e+20
6.903809877e+20
1.147765981e+20
2.291065557e+20
4.567556654e+20
1.139086607e+20
5.673562561e+20
4.525385801e+20
5.631447301e+20
4.489484091e+20
6.700088496e+20
2.224453396e+20
3.317870057e+20
4.403945377e+20
3.282567964e+20
4.354912393e+20
5.407289634e+20
6.453204711e+20
5.339222288e+20
7.430425432e+20
4.213732172e+20
5.233401573e+20
3.114926573e+20
7.21835805e+20
7.157899463e+20
4.060467309e+20
7.043833015e+20
2.995600964e+20
2.968516781e+20
5.889162131e+20
2.917104132e+20
3.856705655e+20
3.819703093e+20
2.839673058e+20
3.749006468e+20
3.714970421e+20
2.75824285e+20
4.553992526e+20
2.704434179e+20
4.463940235e+20
2.650507855e+20
3.499076315e+20
2.596628738e+20
3.427178331e+20
4.238245756e+20
3.355650779e+20
4.979114282e+20
4.105912678e+20
7.309744978e+20
3.214569114e+20
3.178899473e+20
3.145240644e+20
3.887388383e+20
3.846080636e+20
6.844325263e+20
4.514316935e+20
5.206306174e+20
3.679212558e+20
4.363985033e+20
3.598020021e+20
6.400948832e+20
2.81474501e+20
3.477147781e+20
5.504815571e+20
4.079889118e+20
4.710027732e+20
6.648814869e+20
5.263770591e+20
3.250680986e+20
5.790942164e+20
5.086002422e+20
4.404852521e+20
3.730359529e+20
4.923623386e+20
3.648397065e+20
4.214021174e+20
3.568612368e+20
2.355655076e+20
5.818326089e+20
5.185645111e+20
4.554040535e+20
3.382840168e+20
5.013291399e+20
2.758906034e+20
3.816119889e+20
3.240607789e+20
4.802693601e+20
4.230090449e+20
3.134666606e+20
5.695305453e+20
3.069534426e+20
3.549531172e+20
5.010597835e+20
4.967168603e+20
4.417645542e+20
4.380036648e+20
3.456783845e+20
3.455156906e+20
3.451566657e+20
3.448286566e+20
4.589553104e+20
2.291466337e+20
3.428650614e+20
5.703307637e+20
2.274084875e+20
1.134253916e+20
3.389727303e+20
6.759359464e+20
3.364609594e+20
4.470551007e+20
4.44794259e+20
5.537766413e+20
5.506621088e+20
2.19275759e+20
3.268877156e+20
5.420959089e+20
3.230904462e+20
4.284295521e+20
3.190298589e+20
5.28554643e+20
1.049103354e+20
3.12715178e+20
5.170320938e+20
5.134920814e+20
2.036799851e+20
6.06597473e+20
6.013165078e+20
2.983509304e+20
7.88423003e+20
1.955176172e+20
4.842414517e+20
6.722307995e+20
6.657928956e+20
4.714016839e+20
3.734202239e+20
4.625401924e+20
3.663219055e+20
5.443366262e+20
3.591836984e+20
4.446538305e+20
3.520293432e+20
5.228266698e+20
3.448807092e+20
6.827926371e+20
2.533183374e+20
3.34277846e+20
3.306728938e+20
3.272192758e+20
6.472849743e+20
4.803537257e+20
3.958587441e+20
4.700020648e+20
2.323644862e+20
5.364238154e+20
4.545760838e+20
5.246950374e+20
2.963909675e+20
2.199278409e+20
5.796967439e+20
4.301543481e+20
4.251448986e+20
4.907512975e+20
6.235682017e+20
4.798875252e+20
2.709874976e+20
4.022249578e+20
1.987288424e+20
4.588814144e+20
3.886455137e+20
3.205344537e+20
5.700713249e+20
5.015604209e+20
4.336097431e+20
3.679149033e+20
4.846667384e+20
5.398128718e+20
4.148095688e+20
5.280760181e+20
3.478175687e+20
3.44439816e+20
5.104469552e+20
3.932141085e+20
3.884884133e+20
4.398009331e+20
5.97467145e+20
4.843004199e+20
4.784972349e+20
4.741290731e+20
4.16410072e+20
4.126724446e+20
4.077541235e+20
4.041571578e+20
4.492773937e+20
5.443579392e+20
3.912151488e+20
4.36370942e+20
4.589450046e+20
1.146823253e+20
5.728171957e+20
3.433639932e+20
2.285039489e+20
5.704364721e+20
5.690212287e+20
5.679157649e+20
5.661183405e+20
3.388386173e+20
0
2.243627405e+20
4.467294195e+20
1.112944236e+20
4.429316824e+20
5.514594883e+20
6.58038237e+20
5.459048247e+20
3.255300076e+20
6.478159092e+20
2.145031013e+20
4.26660193e+20
3.177172709e+20
2.105530446e+20
4.179236443e+20
8.30498133e+20
4.119416324e+20
4.091234208e+20
3.042829349e+20
3.020724223e+20
3.992637015e+20
3.962019824e+20
3.926335008e+20
3.894722552e+20
3.858514743e+20
3.826054341e+20
0
3.756314854e+20
5.579271705e+20
3.685787731e+20
4.561117373e+20
4.518424024e+20
2.683403388e+20
6.200980135e+20
3.506682463e+20
5.208076081e+20
4.294431644e+20
4.251061955e+20
5.88815264e+20
4.16250565e+20
4.941217303e+20
4.074688396e+20
4.030209684e+20
3.190239647e+20
2.36619835e+20
5.462700538e+20
6.94476801e+20
3.817225379e+20
3.019177464e+20
3.733818049e+20
2.952870106e+20
3.651817842e+20
4.331586835e+20
2.857054848e+20
4.941668738e+20
2.793918581e+20
4.141779433e+20
4.781168519e+20
4.049846828e+20
2.671628238e+20
4.61996837e+20
3.918817573e+20
4.517564868e+20
5.109737429e+20
3.786551957e+20
3.747920186e+20
4.320225794e+20
3.665679873e+20
4.828936043e+20
4.780778523e+20
5.904174438e+20
4.092230231e+20
5.775749224e+20
5.147688789e+20
5.085781352e+20
5.59677364e+20
4.423596282e+20
5.477360085e+20
3.246951925e+20
3.752955245e+20
4.767381394e+20
4.198985634e+20
5.704544778e+20
4.111521412e+20
5.078102456e+20
4.529978038e+20
4.476134001e+20
4.437346659e+20
4.872019705e+20
3.864447524e+20
4.570020874e+20
3.425906945e+20
4.563151674e+20
4.558822928e+20
7.963846478e+20
2.272107561e+20
6.799453294e+20
2.262084528e+20
4.509885509e+20
4.498842069e+20
4.481693024e+20
2.234214636e+20
4.448600042e+20
2.216579951e+20
2.205423199e+20
4.393293166e+20
5.460873683e+20
1.08727843e+20
1.080611771e+20
2.150463449e+20
3.204298577e+20
6.373580823e+20
4.218872525e+20
4.193826868e+20
3.121649636e+20
5.169480519e+20
4.102712471e+20
6.112000554e+20
7.071303614e+20
2.005706565e+20
5.964940126e+20
4.932694145e+20
4.888351037e+20
4.849021511e+20
4.804025116e+20
4.763638329e+20
3.774545055e+20
1.870766745e+20
3.704941791e+20
4.589209555e+20
5.452020516e+20
7.201355704e+20
4.455016959e+20
7.059421324e+20
4.366470425e+20
3.458693873e+20
5.989173994e+20
7.622631674e+20
6.703675851e+20
4.146659794e+20
4.10207027e+20
3.247402936e+20
4.818004672e+20
5.561871868e+20
6.286163984e+20
5.442198705e+20
3.843776189e+20
3.802959508e+20
5.263881176e+20
5.951869858e+20
4.412868703e+20
4.365927478e+20
4.315567462e+20
4.269739077e+20
4.923449008e+20
6.263146153e+20
3.438791953e+20
4.083078833e+20
5.379987982e+20
4.658201049e+20
5.260634476e+20
4.55521697e+20
4.501053659e+20
5.091061129e+20
3.772730063e+20
4.356610824e+20
4.304469925e+20
6.087181622e+20
3.608500476e+20
2.977092773e+20
3.529593539e+20
2.912365793e+20
4.028285529e+20
4.55903843e+20
4.504203994e+20
3.903447088e+20
5.509304765e+20
3.27441342e+20
4.852619417e+20
5.341757956e+20
4.222150492e+20
3.660653621e+20
4.650223024e+20
4.096429984e+20
4.047533519e+20
3.510353464e+20
4.955129855e+20
4.420977304e+20
3.883187655e+20
3.850148832e+20
2.275377757e+20
6.82293379e+20
4.543929111e+20
3.404716791e+20
2.265811171e+20
2.262550317e+20
2.256964597e+20
2.252586433e+20
5.613730086e+20
1.119998788e+20
5.578699054e+20
2.224880517e+20
7.752607966e+20
5.518372404e+20
2.196264689e+20
5.468828733e+20
5.438283844e+20
3.248353995e+20
3.228481477e+20
1.070806986e+20
5.318598802e+20
3.173737192e+20
2.100828219e+20
1.044183333e+20
4.145300926e+20
6.178222905e+20
5.10767942e+20
4.058233498e+20
5.030644339e+20
4.994155083e+20
1.980372187e+20
5.895626022e+20
1.947575491e+20
3.863834833e+20
1.914023108e+20
4.744857989e+20
4.699660904e+20
4.658585004e+20
2.767862141e+20
3.657059951e+20
2.715432819e+20
5.380088188e+20
7.988091484e+20
2.6370823e+20
6.089604248e+20
3.445439398e+20
3.409325401e+20
3.374922246e+20
5.008671801e+20
4.957120951e+20
4.086577373e+20
4.043935433e+20
4.799894894e+20
3.166275688e+20
7.045473425e+20
4.64730016e+20
2.297673263e+20
6.062079794e+20
5.244347845e+20
5.929795796e+20
4.396553782e+20
2.89986245e+20
2.866444093e+20
3.545010491e+20
3.503830811e+20
6.933495199e+20
5.48191045e+20
5.42416478e+20
3.350203114e+20
3.315127155e+20
5.896626872e+20
3.241858712e+20
5.125328804e+20
3.170325535e+20
2.506005806e+20
3.720655048e+20
3.063448972e+20
3.639035262e+20
4.194627282e+20
3.559533738e+20
4.689034916e+20
4.06250236e+20
4.58703277e+20
3.406856048e+20
6.17077082e+20
5.000472721e+20
4.391408871e+20
3.262498143e+20
5.372156337e+20
2.661147079e+20
4.732584669e+20
2.605209325e+20
4.118414698e+20
3.061086703e+20
3.528607845e+20
4.496767342e+20
1.974764972e+20
3.915314025e+20
4.836082465e+20
4.315450006e+20
3.398738926e+20
3.397148063e+20
5.656084777e+20
4.520582905e+20
4.512635713e+20
4.506146277e+20
3.371286601e+20
5.607919417e+20
4.472240404e+20
5.576631858e+20
1.111095357e+20
6.646872196e+20
4.411677214e+20
7.693680885e+20
3.280772894e+20
4.356983475e+20
5.415880128e+20
7.548295255e+20
5.358728677e+20
4.26567406e+20
3.178127301e+20
4.214387292e+20
3.138435215e+20
4.159778572e+20
2.0642695e+20
3.076636176e+20
8.139415781e+20
3.031448987e+20
4.008415868e+20
9.948408871e+19
3.944988359e+20
5.872206621e+20
4.849679984e+20
4.81071746e+20
3.812991688e+20
5.671470178e+20
3.745028254e+20
3.712317033e+20
5.514204502e+20
7.285726685e+20
5.409874295e+20
7.145761555e+20
3.536617894e+20
3.50261322e+20
3.466473824e+20
1.716143062e+20
4.245456195e+20
6.724212543e+20
5.821352899e+20
4.115327281e+20
3.256960852e+20
3.222985899e+20
4.781920748e+20
3.943035263e+20
5.459385283e+20
3.858323763e+20
4.578289203e+20
5.284643398e+20
1.492845413e+20
5.169399256e+20
5.110418896e+20
3.611482229e+20
4.283881569e+20
4.94480178e+20
4.189208271e+20
3.454063067e+20
3.413688077e+20
6.079916236e+20
4.005603892e+20
5.284890229e+20
5.875196866e+20
5.16812364e+20
4.468390693e+20
4.42235074e+20
1.872693401e+20
5.560756049e+20
4.883771953e+20
6.647405753e+20
4.179448002e+20
2.955541744e+20
5.256077381e+20
5.782571153e+20
5.141735649e+20
4.526030953e+20
5.030528875e+20
4.428764383e+20
2.187745091e+20
5.959560325e+20
4.817390333e+20
4.242377349e+20
4.715376097e+20
4.153176756e+20
2.564629991e+20
3.558254933e+20
5.022455308e+20
3.982527943e+20
5.902594161e+20
4.38859826e+20
4.818311927e+20
5.732799825e+20
3.384531006e+20
2.255299285e+20
4.505965784e+20
7.877979307e+20
5.6172594e+20
3.365512535e+20
4.476325691e+20
4.467655073e+20
6.68047882e+20
4.442771112e+20
5.532447046e+20
3.309666475e+20
4.393444691e+20
5.472789334e+20
4.356347969e+20
5.423815965e+20
4.314928196e+20
5.3695383e+20
7.471569362e+20
4.248263471e+20
5.275335547e+20
3.147948945e+20
4.167642374e+20
6.214441358e+20
4.111912084e+20
4.085681675e+20
0
4.025760908e+20
2.994333421e+20
5.945295062e+20
3.929357203e+20
4.874143785e+20
6.762802192e+20
3.833433179e+20
1.899027552e+20
5.649285691e+20
4.663052867e+20
4.622349057e+20
4.577376157e+20
6.350358926e+20
3.592696399e+20
2.669356924e+20
1.761538695e+20
6.106134862e+20
3.453275072e+20
6.838465789e+20
5.075254012e+20
5.024080897e+20
5.799421862e+20
4.09983792e+20
5.678316048e+20
5.619100477e+20
5.558094168e+20
3.142669063e+20
3.885078309e+20
3.844004473e+20
6.081810719e+20
6.76943025e+20
4.462039617e+20
4.414601445e+20
5.091663727e+20
2.878587446e+20
7.825056192e+20
4.222904621e+20
2.086965902e+20
3.441471018e+20
4.76178232e+20
4.038539361e+20
4.656248664e+20
3.291073215e+20
5.85392206e+20
5.149409856e+20
6.996371388e+20
4.406362183e+20
3.109886054e+20
4.925044983e+20
5.474422792e+20
5.419162796e+20
6.544022864e+20
5.300789063e+20
5.237128107e+20
4.609375188e+20
3.415462752e+20
5.073419023e+20
5.569308006e+20
3.861182799e+20
5.449608109e+20
3.778746836e+20
4.799966915e+20
4.227031205e+20
4.176259751e+20
5.172660547e+20
3.577446459e+20
4.051813181e+20
5.004176293e+20
4.464040059e+20
5.881051805e+20
4.858428829e+20
4.320604358e+20
5.235835902e+20
3.370441381e+20
1.122955999e+20
3.365415758e+20
4.482979071e+20
7.831487632e+20
2.234354986e+20
3.343318431e+20
4.449129532e+20
2.217609281e+20
7.742682677e+20
6.611528946e+20
0
4.37536225e+20
4.360223226e+20
2.169239935e+20
5.40158631e+20
6.44594633e+20
2.139047034e+20
4.252096005e+20
2.115497214e+20
3.152380073e+20
2.090140895e+20
3.113130771e+20
4.126278676e+20
2.047709278e+20
5.086642479e+20
6.055845132e+20
4.009718712e+20
2.982450017e+20
3.947822035e+20
1.956924714e+20
9.709869326e+19
0
4.773013819e+20
3.783235088e+20
2.81363704e+20
3.715969511e+20
4.604441656e+20
4.559719176e+20
3.614798242e+20
6.263103803e+20
4.431886999e+20
4.387050219e+20
5.213892989e+20
4.300220561e+20
6.812557148e+20
3.370737446e+20
3.336764128e+20
3.301517399e+20
4.901357664e+20
3.232634391e+20
3.99866663e+20
4.7463733e+20
6.261994525e+20
6.96726518e+20
5.361707506e+20
6.05940219e+20
3.746946621e+20
6.668496117e+20
4.398408907e+20
4.3483249e+20
4.30209987e+20
4.252657575e+20
5.6100275e+20
2.772510897e+20
6.172146805e+20
4.744527299e+20
5.365210695e+20
5.964962638e+20
2.623341335e+20
3.240444876e+20
2.565415554e+20
3.802455742e+20
5.017701508e+20
3.718437036e+20
4.29390863e+20
2.424330946e+20
4.199751241e+20
4.742190462e+20
4.694880778e+20
2.899063874e+20
4.018711664e+20
3.403190568e+20
5.055185237e+20
4.439427608e+20
6.045752986e+20
2.171998271e+20
5.378778324e+20
3.719853726e+20
4.738270147e+20
4.161183721e+20
4.638587372e+20
3.564505242e+20
5.046445137e+20
4.487426862e+20
3.953648365e+20
3.906444081e+20
4.356690052e+20
3.826527829e+20
5.21674553e+20
6.712937154e+20
4.473205063e+20
3.35147366e+20
3.348308088e+20
3.342463934e+20
5.562780144e+20
4.439343527e+20
2.215378497e+20
4.416936548e+20
6.609240839e+20
2.194782266e+20
4.376622287e+20
5.446785058e+20
5.427953148e+20
6.481136621e+20
6.455445755e+20
5.349763e+20
5.325875121e+20
3.176148453e+20
4.213865214e+20
3.139662269e+20
3.122576405e+20
7.234805554e+20
2.054865128e+20
3.059292611e+20
6.079615364e+20
5.026481004e+20
1.996901931e+20
3.960880749e+20
4.915297553e+20
2.923847685e+20
8.704577437e+20
4.792807155e+20
4.754382759e+20
8.479193121e+20
8.408150002e+20
5.552412888e+20
6.421341457e+20
2.725318736e+20
4.501159041e+20
3.565241822e+20
3.531980674e+20
5.244457607e+20
1.731369136e+20
4.283971024e+20
6.786844084e+20
5.87661931e+20
2.493176837e+20
3.289172464e+20
4.883047655e+20
3.220606926e+20
6.374082262e+20
3.940664192e+20
4.679117758e+20
5.399006813e+20
3.815682401e+20
3.773223865e+20
4.479840319e+20
4.429408294e+20
6.573502082e+20
4.332482885e+20
2.857622339e+20
4.943418253e+20
2.794832207e+20
4.834329141e+20
3.41656036e+20
4.052054466e+20
4.677612701e+20
5.943475774e+20
3.920838986e+20
4.520313279e+20
5.112385939e+20
5.051743455e+20
4.999690753e+20
6.792696292e+20
3.056081487e+20
4.227383556e+20
3.586891414e+20
2.362606996e+20
3.508552731e+20
5.777373911e+20
4.576370064e+20
3.956173968e+20
5.037082045e+20
4.423523584e+20
3.285866933e+20
3.787366733e+20
4.823537644e+20
5.294994959e+20
4.721253299e+20
5.182770182e+20
2.567722873e+20
4.059036932e+20
5.531081459e+20
4.968014533e+20
3.446944441e+20
3.405753987e+20
2.893939543e+20
3.812620286e+20
4.252740433e+20
5.571018582e+20
6.682109771e+20
3.337646604e+20
3.33449676e+20
3.328690483e+20
3.323917928e+20
6.631620981e+20
5.51566946e+20
2.199402316e+20
6.582120931e+20
4.371591497e+20
3.269033801e+20
4.339640263e+20
6.486971308e+20
7.530564686e+20
2.143067684e+20
4.262464993e+20
5.304308743e+20
5.272215371e+20
3.147655602e+20
4.169395558e+20
3.110042897e+20
6.17646222e+20
4.093314039e+20
4.062825288e+20
4.036968896e+20
4.005266552e+20
4.972518558e+20
3.945285261e+20
5.875164903e+20
4.853997782e+20
2.890180253e+20
3.819315853e+20
3.788717265e+20
3.753939332e+20
9.306269119e+19
8.296556053e+20
7.310463844e+20
3.619848601e+20
5.380743406e+20
2.663753464e+20
6.157470557e+20
4.353838649e+20
2.587235712e+20
5.121412598e+20
4.225827745e+20
3.345493789e+20
3.311801163e+20
6.553839009e+20
5.675686261e+20
6.417337257e+20
2.381427787e+20
4.711350452e+20
3.107911836e+20
4.610722584e+20
4.562012754e+20
3.007538448e+20
2.975643523e+20
4.413270958e+20
4.366377596e+20
5.036215198e+20
2.847253888e+20
4.925533029e+20
5.569448619e+20
4.128763655e+20
5.446783643e+20
2.691651264e+20
3.994961103e+20
2.632063623e+20
5.209023597e+20
4.504120579e+20
3.820554686e+20
6.92130462e+20
6.227261041e+20
4.922496441e+20
4.872262313e+20
4.81405305e+20
4.169769461e+20
5.296903466e+20
5.826724738e+20
5.181091305e+20
2.850027574e+20
5.631514807e+20
4.461429378e+20
3.305799828e+20
4.9112022e+20
5.930310412e+20
4.272265691e+20
5.803654685e+20
3.136238827e+20
3.614936378e+20
5.628742276e+20
4.044459056e+20
4.008157806e+20
4.950128934e+20
2.943888462e+20
4.847798319e+20
2.883494991e+20
5.223368522e+20
4.237346778e+20
3.328867673e+20
3.32731984e+20
2.215955447e+20
4.427731872e+20
3.315030081e+20
6.620561194e+20
4.402967428e+20
7.690310948e+20
5.476026217e+20
3.277611339e+20
7.619088825e+20
5.426183971e+20
5.402496394e+20
3.230307383e+20
5.357180422e+20
4.268781898e+20
6.367889421e+20
4.226333057e+20
6.301226112e+20
3.135014647e+20
7.267241439e+20
5.16268267e+20
3.07593005e+20
3.057771337e+20
4.046722427e+20
5.026235515e+20
4.986842289e+20
6.934112813e+20
3.929812102e+20
5.852154409e+20
4.835064944e+20
5.757846151e+20
5.706752698e+20
3.774042884e+20
5.609191408e+20
5.562256539e+20
6.4281301e+20
4.551542387e+20
8.113601184e+20
1.786751072e+20
4.422754583e+20
4.381537775e+20
3.469936576e+20
4.295819455e+20
2.551102564e+20
5.051996923e+20
2.499759915e+20
3.299459223e+20
2.448568122e+20
4.846834997e+20
4.795227766e+20
3.954400106e+20
3.911693448e+20
2.322372235e+20
3.828207874e+20
4.545329546e+20
5.244011977e+20
4.447209525e+20
5.130125909e+20
4.350536256e+20
5.734856865e+20
2.127720305e+20
4.907776756e+20
3.468361577e+20
4.799578074e+20
5.427212376e+20
4.023003838e+20
7.29784598e+20
3.278312844e+20
4.541596556e+20
2.564596273e+20
4.441404292e+20
5.015737493e+20
3.102533981e+20
5.518097709e+20
3.034324131e+20
5.996166555e+20
3.561375882e+20
4.691623103e+20
2.322403974e+20
4.015416151e+20
4.543834242e+20
5.611495862e+20
5.001261874e+20
4.941061826e+20
4.893729222e+20
4.297597062e+20
4.78918294e+20
5.782963512e+20
4.16674104e+20
4.631176929e+20
3.569133824e+20
5.541230087e+20
5.49149468e+20
3.945897324e+20
5.377770585e+20
4.347324146e+20
3.830834078e+20
3.785106293e+20
4.691182401e+20
2.210157834e+20
5.522828767e+20
5.517219941e+20
3.307213127e+20
6.602962679e+20
4.395672948e+20
1.096250504e+20
4.376538661e+20
0
4.352362249e+20
2.168041692e+20
3.242495126e+20
4.304496845e+20
2.144823844e+20
4.268449574e+20
5.314460477e+20
6.342288864e+20
3.157017455e+20
2.091999143e+20
7.285774577e+20
3.102117191e+20
7.198975752e+20
3.063726597e+20
2.030435967e+20
4.030746709e+20
5.006417433e+20
3.973805163e+20
5.920212595e+20
3.914459839e+20
5.829323457e+20
2.889767535e+20
4.77958875e+20
1.89490111e+20
4.699352172e+20
8.381461047e+20
2.770458308e+20
6.403572353e+20
2.720507026e+20
5.388519325e+20
4.449932074e+20
3.524837797e+20
1.746003185e+20
6.049576607e+20
5.135641509e+20
5.083141191e+20
4.194285287e+20
4.980938135e+20
4.930813395e+20
4.879028147e+20
1.609643113e+20
4.7775834e+20
5.515806234e+20
3.89736723e+20
4.627746516e+20
6.86564904e+20
3.01917861e+20
4.478546536e+20
4.431071742e+20
5.841795314e+20
5.057277687e+20
4.285641949e+20
4.240111625e+20
6.287333198e+20
4.147089419e+20
5.465587684e+20
4.731808594e+20
3.340528477e+20
4.627498964e+20
6.533260049e+20
3.878925961e+20
5.749818093e+20
2.52891883e+20
3.748444725e+20
4.946426006e+20
4.887579323e+20
3.628273458e+20
5.377426615e+20
4.731671684e+20
5.259381884e+20
4.628353517e+20
5.715994365e+20
4.527739202e+20
2.79580937e+20
3.876088344e+20
4.923548941e+20
4.876380133e+20
4.282350056e+20
4.241945289e+20
4.714706741e+20
2.594960168e+20
3.589208504e+20
5.08061686e+20
4.517567101e+20
3.979573112e+20
3.931793056e+20
3.897127778e+20
5.775656413e+20
3.817107251e+20
4.242934888e+20
5.141756139e+20
3.301717003e+20
6.600371545e+20
5.494736025e+20
5.489563433e+20
2.192028598e+20
3.28333891e+20
4.367182618e+20
3.269069667e+20
2.172645608e+20
6.502080354e+20
5.398180952e+20
6.45877344e+20
7.50249102e+20
5.340449186e+20
2.125646916e+20
7.41036298e+20
5.264077769e+20
5.240644992e+20
4.167313307e+20
5.183391511e+20
6.179601835e+20
6.14607776e+20
6.103239187e+20
5.056053703e+20
2.007448316e+20
2.992053013e+20
6.926953409e+20
9.828470148e+19
1.949613529e+20
3.871113302e+20
4.797638918e+20
5.713339529e+20
4.719019743e+20
2.80877439e+20
4.638545792e+20
5.519739812e+20
7.290516035e+20
3.613557079e+20
3.578751147e+20
2.659868732e+20
5.267358793e+20
2.609161443e+20
4.304953546e+20
3.410962849e+20
5.064219185e+20
4.178689981e+20
3.308329369e+20
0
4.861053472e+20
8.018592487e+19
3.966723671e+20
4.710515515e+20
3.106516453e+20
4.61087252e+20
3.040313984e+20
6.016435379e+20
2.231171878e+20
4.415050654e+20
4.365556825e+20
3.599329941e+20
2.846835049e+20
4.22489268e+20
4.176553304e+20
5.509669177e+20
4.084562615e+20
5.388488768e+20
2.662911196e+20
5.928469915e+20
3.255030176e+20
5.153537833e+20
4.456231148e+20
4.409923577e+20
3.112650724e+20
6.777268305e+20
5.479094101e+20
4.820599011e+20
5.358438384e+20
2.946850665e+20
5.240819732e+20
4.612015257e+20
5.126240986e+20
4.511757782e+20
5.014693745e+20
4.96594756e+20
4.361030898e+20
4.319247662e+20
4.800612212e+20
3.698577667e+20
5.220018763e+20
5.171545413e+20
4.087407327e+20
4.05007985e+20
4.501515379e+20
3.965433114e+20
4.407512915e+20
4.368655389e+20
3.83668602e+20
4.278913252e+20
5.16723153e+20
3.726068688e+20
4.384409435e+20
7.669162718e+20
4.377947695e+20
5.467287255e+20
4.366284548e+20
5.450053091e+20
3.262130594e+20
5.426405397e+20
5.409676977e+20
3.2379155e+20
2.150573724e+20
6.432767747e+20
4.269918055e+20
4.255209804e+20
6.351413164e+20
7.380720356e+20
4.194466898e+20
3.131857196e+20
3.113070654e+20
8.260516594e+20
7.181024796e+20
5.101498526e+20
5.066013167e+20
4.028940032e+20
5.998756085e+20
2.98034787e+20
6.899959817e+20
4.895109686e+20
3.884112374e+20
5.784191836e+20
5.73497081e+20
7.588457658e+20
4.700926526e+20
3.730693945e+20
3.696688187e+20
3.665816175e+20
2.723578074e+20
4.499844805e+20
4.456573236e+20
8.832847339e+19
4.373008413e+20
5.198783642e+20
3.43112124e+20
6.79652003e+20
5.886343787e+20
5.828494308e+20
4.944186064e+20
4.078724039e+20
6.457614334e+20
4.793512005e+20
3.95223447e+20
2.346661765e+20
3.869027316e+20
5.359807986e+20
4.543962974e+20
3.746670084e+20
4.446257793e+20
2.932763335e+20
2.174940281e+20
5.020976898e+20
3.545811104e+20
2.104891297e+20
4.161658149e+20
3.431266783e+20
5.426717998e+20
3.355833406e+20
3.316833846e+20
5.907448447e+20
2.594809936e+20
5.135304328e+20
4.440493506e+20
3.766585697e+20
5.583015823e+20
4.297599461e+20
4.853154077e+20
3.602715395e+20
5.339583779e+20
2.34918403e+20
4.061857445e+20
4.595791939e+20
3.973055893e+20
3.371916588e+20
3.886598785e+20
4.948476763e+20
5.43210331e+20
4.842048389e+20
4.783700609e+20
5.265065279e+20
4.681444779e+20
3.6073101e+20
4.582085474e+20
4.540239089e+20
2.491987402e+20
4.445317398e+20
4.879856074e+20
3.86946919e+20
5.256669423e+20
4.263689945e+20
4.680714894e+20
4.640967399e+20
3.275005638e+20
5.455817797e+20
3.270188106e+20
6.534229364e+20
4.348655417e+20
5.428053714e+20
3.248981096e+20
4.323631206e+20
3.232749851e+20
3.224896368e+20
5.35486218e+20
2.135656878e+20
5.316045199e+20
5.297746734e+20
4.217392763e+20
3.150563116e+20
5.222256269e+20
2.079617905e+20
4.134339409e+20
1.028483365e+20
5.109099089e+20
6.097709776e+20
7.064610924e+20
1.003290415e+20
3.983567526e+20
0
1.963764511e+20
3.900906069e+20
5.803671623e+20
3.841258052e+20
9.521575676e+19
4.724596399e+20
3.746377217e+20
6.503813309e+20
5.523970827e+20
6.390846155e+20
5.426581875e+20
5.379446722e+20
1.775933694e+20
3.519886399e+20
6.099343754e+20
4.316158481e+20
5.127562581e+20
3.385651444e+20
5.864593787e+20
4.147844723e+20
4.926012663e+20
3.250997836e+20
5.629748292e+20
3.979997875e+20
3.937850732e+20
6.235008772e+20
5.397015897e+20
4.577491017e+20
6.036765404e+20
4.479799329e+20
2.953524925e+20
1.461117847e+20
2.889544321e+20
5.717738547e+20
4.946436866e+20
4.194780204e+20
6.911448101e+20
4.786708573e+20
5.407489743e+20
3.343946148e+20
6.610224271e+20
4.578447635e+20
3.878491062e+20
3.837899542e+20
5.056990436e+20
2.502220567e+20
3.090777317e+20
4.282498692e+20
4.231607335e+20
4.188416068e+20
5.320861396e+20
3.511418577e+20
2.891158748e+20
6.297063241e+20
5.090314785e+20
4.480131025e+20
4.426258719e+20
5.479031627e+20
5.413052566e+20
3.752826905e+20
3.707594908e+20
4.197263129e+20
3.628324914e+20
3.594628212e+20
4.058624108e+20
6.032335649e+20
4.96639081e+20
2.953089329e+20
4.376338657e+20
4.337759923e+20
4.761844288e+20
4.248574575e+20
3.731252694e+20
3.237126976e+20
3.261811376e+20
5.433840718e+20
3.257022312e+20
6.507927483e+20
3.248376053e+20
3.243738735e+20
4.314582911e+20
2.153139255e+20
3.219798135e+20
5.35330252e+20
5.333462468e+20
5.317816334e+20
5.29486299e+20
3.165990345e+20
6.300966264e+20
4.184080521e+20
2.080637491e+20
4.142793068e+20
5.14755921e+20
5.122171456e+20
4.071242639e+20
3.036905074e+20
4.021154637e+20
3.997506394e+20
3.968085611e+20
6.900157136e+20
7.824684455e+20
7.771683291e+20
3.854231836e+20
3.826502453e+20
3.794059023e+20
4.706545751e+20
4.665153152e+20
6.479101442e+20
3.668712509e+20
5.457169615e+20
6.30718951e+20
1.786410914e+20
6.192508709e+20
3.506732909e+20
2.604276827e+20
5.160140864e+20
5.960015631e+20
3.37313609e+20
3.338859387e+20
4.959110677e+20
1.635990791e+20
4.858656162e+20
4.8079154e+20
5.551712156e+20
6.277714098e+20
2.329656652e+20
5.377535207e+20
3.800817389e+20
5.263186749e+20
4.463710949e+20
5.150169848e+20
5.82356673e+20
1.439621127e+20
5.697364028e+20
4.92886394e+20
4.876531756e+20
4.132184313e+20
4.08836954e+20
4.714847609e+20
5.331428495e+20
4.610862176e+20
4.562327464e+20
7.085583377e+20
5.736624372e+20
5.669163461e+20
4.986891954e+20
5.543919886e+20
5.486790436e+20
6.024012977e+20
4.173767362e+20
3.534846565e+20
5.248721218e+20
3.457274125e+20
4.563685318e+20
4.508924321e+20
5.022543758e+20
4.410799007e+20
3.275934253e+20
4.315307983e+20
5.876684837e+20
5.278035953e+20
4.705399715e+20
4.648648851e+20
4.093754492e+20
3.538835985e+20
4.007445849e+20
3.959144366e+20
5.394963279e+20
3.391823802e+20
3.84220043e+20
3.321512566e+20
4.703962221e+20
4.182781375e+20
4.60808373e+20
4.331630669e+20
4.329631987e+20
3.243962105e+20
4.321224331e+20
4.313820805e+20
2.1538334e+20
5.371662646e+20
7.505862955e+20
4.275933044e+20
5.331949474e+20
4.249786491e+20
2.118664063e+20
6.328618698e+20
1.051144353e+20
2.092014045e+20
6.25131301e+20
7.253531668e+20
6.189719732e+20
2.050941613e+20
3.061250922e+20
2.027665678e+20
4.033398089e+20
3.004133559e+20
2.986479595e+20
5.929085353e+20
4.909625943e+20
2.92295432e+20
2.903169844e+20
2.879597483e+20
3.811859783e+20
6.614297978e+20
3.750906005e+20
5.576963837e+20
6.454576654e+20
4.56860357e+20
3.624417954e+20
4.488246745e+20
5.339170107e+20
4.406730651e+20
3.49367736e+20
6.054116411e+20
6.854712137e+20
5.089747033e+20
4.200891155e+20
2.49495962e+20
4.9409418e+20
4.075053115e+20
3.227297089e+20
7.185689907e+20
2.370674762e+20
2.345637046e+20
3.094994911e+20
3.827281888e+20
5.302020952e+20
3.745956945e+20
4.447737713e+20
5.13180302e+20
4.352108313e+20
4.303520078e+20
4.967492424e+20
3.50815388e+20
4.859276261e+20
3.431336165e+20
4.752939889e+20
4.027079355e+20
2.656338003e+20
5.907447934e+20
3.247371721e+20
3.851331685e+20
3.811027361e+20
4.393940538e+20
3.727099069e+20
4.296892859e+20
4.252613295e+20
5.402717965e+20
4.753395161e+20
3.522538512e+20
5.230442771e+20
4.593656115e+20
5.116274602e+20
5.054888642e+20
3.892826507e+20
3.296585185e+20
4.352705993e+20
5.375349158e+20
5.323830792e+20
5.259636929e+20
4.167994326e+20
3.088281733e+20
5.609261547e+20
4.030243434e+20
4.492612443e+20
4.931592445e+20
4.887329835e+20
3.862757594e+20
4.785887086e+20
3.782648089e+20
4.687403431e+20
4.631120623e+20
5.05099763e+20
6.471478489e+20
5.390413482e+20
3.231006218e+20
4.303969252e+20
6.444917917e+20
3.21786507e+20
6.420322128e+20
4.271987656e+20
6.38840713e+20
2.124306438e+20
3.174703256e+20
4.220537317e+20
5.253000981e+20
4.187966655e+20
3.125657205e+20
4.151133722e+20
3.09645319e+20
6.165441818e+20
4.085845484e+20
6.098586248e+20
2.019771978e+20
2.008856186e+20
2.992492071e+20
4.958199308e+20
3.937480013e+20
4.890715031e+20
3.882318275e+20
3.856059176e+20
3.824807532e+20
3.797328751e+20
1.882624236e+20
2.802513061e+20
4.629920127e+20
1.837210523e+20
5.461735616e+20
5.416238327e+20
5.36578113e+20
6.205799976e+20
1.756145315e+20
2.610538996e+20
4.308395239e+20
6.829424419e+20
3.380698438e+20
3.348380931e+20
4.143069719e+20
5.743389832e+20
3.248190214e+20
3.215575834e+20
3.97760897e+20
3.149475598e+20
5.453449277e+20
3.854827036e+20
3.050852971e+20
4.528315302e+20
5.225627195e+20
2.954585592e+20
4.383057196e+20
5.059427504e+20
6.432428112e+20
4.949916582e+20
3.495778591e+20
7.609080995e+20
5.470833362e+20
4.73623359e+20
4.01296046e+20
2.647027486e+20
5.232702217e+20
3.883221672e+20
5.117192184e+20
5.063642524e+20
5.0041589e+20
4.952160264e+20
5.505367693e+20
3.632422688e+20
3.589303652e+20
5.328996703e+20
5.850526455e+20
5.21229119e+20
5.149940258e+20
5.66503023e+20
2.798533245e+20
5.541892012e+20
4.380201317e+20
3.795404514e+20
4.821024359e+20
4.24428002e+20
4.717229162e+20
3.115134351e+20
4.616309231e+20
4.065270832e+20
5.020251776e+20
4.97439796e+20
4.422937943e+20
4.383240812e+20
3.849240397e+20
3.815313315e+20
4.711719519e+20
4.203864731e+20
4.153339729e+20
3.660530223e+20
1.074286285e+20
2.147583652e+20
4.290871209e+20
3.21513857e+20
4.279539839e+20
5.341804013e+20
7.460661564e+20
4.255046211e+20
5.302597112e+20
5.289750372e+20
6.324332894e+20
2.101939527e+20
4.18585378e+20
2.085743314e+20
4.151187184e+20
2.067427068e+20
6.16869077e+20
2.04711787e+20
3.052449497e+20
4.049904509e+20
4.023879002e+20
4.002148185e+20
1.987293639e+20
3.951264963e+20
2.941765184e+20
3.897559394e+20
5.801217666e+20
5.762007728e+20
5.715394821e+20
9.457270211e+19
3.751006656e+20
6.514496794e+20
2.76750146e+20
5.490925614e+20
3.627534006e+20
4.496668395e+20
3.563877237e+20
5.299492122e+20
8.748234116e+20
4.334819676e+20
4.292539188e+20
4.252701621e+20
1.684161726e+20
7.506312996e+20
1.651193628e+20
4.905000538e+20
5.663741657e+20
2.402954559e+20
3.170617674e+20
3.922667241e+20
5.43388681e+20
4.609212237e+20
4.559938193e+20
6.016209808e+20
2.975455845e+20
2.944087841e+20
6.551305183e+20
5.041522935e+20
4.27315822e+20
4.227826864e+20
2.786792243e+20
4.825129045e+20
2.725832071e+20
5.393879225e+20
3.332450183e+20
5.275564015e+20
4.562659135e+20
4.514640918e+20
2.549700023e+20
4.415283682e+20
2.493396422e+20
6.16871901e+20
3.657527978e+20
3.619836101e+20
5.365322857e+20
4.130429657e+20
4.664237015e+20
5.771405732e+20
4.561903356e+20
4.516357787e+20
4.462179724e+20
4.970462978e+20
4.365061113e+20
5.403260927e+20
5.338167347e+20
4.758297408e+20
4.178576837e+20
5.691304985e+20
5.111452856e+20
3.544779985e+20
4.002256917e+20
4.4614126e+20
4.897278336e+20
5.338656424e+20
3.35634029e+20
3.802010379e+20
5.164769439e+20
4.189169831e+20
5.058501293e+20
5.471547337e+20
5.350134341e+20
3.208604929e+20
8.547739859e+20
6.404803839e+20
5.328253581e+20
2.128267267e+20
2.123194895e+20
1.059559651e+20
4.225350261e+20
2.107560127e+20
3.149728263e+20
4.187351772e+20
4.169436572e+20
6.232703689e+20
5.168699131e+20
5.148377172e+20
5.120553166e+20
5.097877411e+20
6.081214964e+20
5.042759354e+20
2.004167536e+20
3.98670412e+20
6.92878127e+20
9.840219934e+19
3.90734292e+20
3.88266153e+20
5.779127445e+20
7.653459522e+20
5.693743635e+20
5.652894796e+20
5.60530826e+20
2.781421005e+20
2.757129179e+20
4.558645544e+20
2.71050937e+20
2.687958237e+20
1.775332869e+20
5.27987346e+20
4.35799062e+20
2.591315654e+20
3.421439534e+20
4.237127886e+20
5.873067781e+20
3.323986476e+20
4.935609459e+20
6.516300372e+20
4.030927916e+20
7.182870538e+20
2.369422918e+20
3.126873383e+20
6.187959074e+20
3.061833641e+20
4.543713218e+20
4.496114309e+20
4.447371354e+20
5.133912741e+20
2.901417272e+20
5.74142245e+20
3.548447818e+20
4.212973196e+20
4.165545727e+20
4.121344094e+20
3.395392993e+20
1.343763103e+20
4.649187205e+20
5.914352002e+20
3.897269694e+20
5.14167561e+20
3.811298401e+20
4.399986886e+20
4.969546905e+20
3.688431759e+20
4.25238176e+20
4.20855918e+20
5.346818757e+20
5.880261517e+20
5.229184957e+20
2.875757433e+20
4.546191023e+20
4.500799329e+20
5.002664435e+20
3.852599265e+20
3.26251891e+20
4.307715662e+20
2.127907468e+20
4.741893679e+20
4.16416124e+20
3.609242504e+20
5.093796068e+20
4.541828403e+20
4.985511139e+20
3.457980261e+20
3.904239783e+20
5.320147754e+20
3.822487842e+20
5.209599847e+20
4.678885176e+20
4.638419231e+20
5.040822908e+20
5.452433815e+20
6.394806564e+20
5.326558723e+20
3.192752132e+20
4.253021042e+20
5.307249279e+20
3.17981935e+20
5.28709625e+20
1.055390814e+20
3.156565675e+20
3.14892839e+20
4.183183395e+20
3.12821545e+20
4.15314764e+20
5.173640796e+20
3.089143355e+20
6.154012566e+20
1.020137212e+20
3.046868743e+20
4.038475993e+20
2.009315834e+20
6.987593849e+20
3.971378792e+20
3.944136979e+20
3.921027129e+20
5.838670071e+20
3.867877123e+20
5.757204818e+20
5.718347596e+20
1.890751957e+20
3.754392856e+20
1.861421907e+20
2.770993587e+20
6.409280165e+20
2.724988476e+20
4.500739261e+20
5.355979848e+20
8.84387957e+19
3.506933013e+20
5.210379187e+20
6.024222774e+20
4.261174654e+20
5.06600136e+20
4.179804119e+20
1.655961029e+20
3.278511974e+20
4.057981988e+20
6.426289768e+20
1.590458705e+20
2.360943705e+20
5.452463614e+20
4.624439932e+20
6.101874472e+20
4.527603295e+20
4.480184941e+20
5.17028235e+20
5.846629105e+20
6.505235102e+20
5.721247196e+20
4.243221774e+20
3.498519611e+20
4.151005313e+20
4.106964343e+20
6.090441639e+20
5.356356569e+20
4.633056865e+20
5.238966924e+20
3.883782699e+20
4.483399868e+20
4.43116133e+20
5.637594493e+20
4.333367358e+20
6.126200557e+20
3.632356242e+20
4.194076608e+20
4.736392758e+20
4.102034406e+20
4.632202186e+20
2.865880317e+20
2.265293277e+20
2.803342311e+20
3.323663562e+20
3.29089226e+20
4.335092543e+20
4.292924854e+20
4.771346745e+20
4.725602662e+20
6.224767149e+20
3.08299836e+20
5.58388693e+20
3.520370751e+20
3.974656404e+20
4.430643115e+20
5.349782287e+20
4.819788161e+20
4.285406848e+20
4.247640993e+20
4.662639017e+20
4.160086095e+20
4.109946264e+20
3.169514463e+20
3.184825697e+20
3.183365202e+20
5.300335458e+20
4.236305296e+20
3.171845957e+20
6.334673163e+20
4.21309525e+20
3.153763959e+20
3.144216049e+20
2.091075779e+20
4.166857538e+20
3.116013018e+20
6.205478229e+20
2.061407835e+20
4.102881222e+20
4.086772593e+20
4.064778017e+20
2.023401748e+20
6.034393955e+20
8.006351329e+20
7.955209443e+20
2.967128128e+20
4.91135766e+20
3.906081101e+20
3.877663656e+20
6.743108541e+20
5.735447886e+20
2.848382355e+20
2.825464841e+20
1.870147923e+20
7.41784077e+20
4.601073434e+20
5.473232254e+20
1.809910267e+20
4.484087047e+20
2.668095273e+20
4.405668039e+20
2.620534352e+20
4.326091863e+20
4.287288923e+20
4.245663641e+20
5.888848171e+20
3.33173617e+20
4.949917348e+20
4.083379156e+20
3.234705649e+20
4.002038193e+20
3.961912543e+20
3.136699951e+20
3.104593266e+20
3.072018589e+20
4.560177168e+20
3.007738138e+20
3.720306705e+20
3.680066906e+20
2.913037453e+20
3.601356772e+20
2.850606619e+20
4.933145345e+20
1.394525596e+20
4.825993733e+20
5.456912782e+20
4.046215578e+20
6.005014125e+20
5.936191799e+20
5.220858129e+20
3.870388729e+20
3.829663649e+20
3.785068733e+20
4.993953237e+20
4.318484116e+20
3.663096223e+20
5.429849784e+20
4.776792422e+20
4.720169635e+20
4.087982685e+20
2.308174611e+20
4.569713308e+20
2.821930525e+20
3.911251573e+20
4.968443696e+20
4.372845517e+20
2.700163777e+20
5.347794087e+20
4.755014271e+20
3.66288471e+20
3.618673095e+20
3.072433199e+20
3.035307563e+20
4.0094763e+20
4.951248014e+20
4.906018871e+20
5.816031919e+20
4.803193428e+20
4.745130732e+20
3.292320862e+20
3.717204231e+20
5.527593521e+20
5.005834257e+20
3.609736402e+20
5.28724446e+20
3.170893661e+20
4.223664943e+20
6.329580648e+20
0
5.258252391e+20
2.098321502e+20
2.094301571e+20
6.263925358e+20
3.124394893e+20
1.037664654e+20
6.207810826e+20
3.090711477e+20
3.08013257e+20
5.108785125e+20
6.106489419e+20
5.061410777e+20
4.031236036e+20
3.00562639e+20
2.990878572e+20
6.934227246e+20
6.896888099e+20
2.935612281e+20
6.809685019e+20
3.862992462e+20
9.59660883e+19
5.713854777e+20
3.783562757e+20
3.753175502e+20
3.726304302e+20
4.618875895e+20
5.500743113e+20
3.635298187e+20
7.212846024e+20
3.57404608e+20
3.544364628e+20
4.389515606e+20
4.3515662e+20
2.586190176e+20
5.126011352e+20
5.07631817e+20
4.191083632e+20
5.809503704e+20
7.398121625e+20
7.32370373e+20
1.611554726e+20
3.190198454e+20
6.316447797e+20
5.469720779e+20
3.866964813e+20
6.12230922e+20
3.02937545e+20
3.746436457e+20
3.7072187e+20
2.200299647e+20
5.80566472e+20
2.871025975e+20
6.391483981e+20
2.809134574e+20
4.863870534e+20
4.122226906e+20
3.398753156e+20
3.360195023e+20
5.319352361e+20
5.915738129e+20
2.601437045e+20
5.785630238e+20
3.180420156e+20
4.40077029e+20
5.598933312e+20
4.303702759e+20
3.65055853e+20
4.208783379e+20
5.355525145e+20
2.352028634e+20
4.656030748e+20
4.025528847e+20
2.846328242e+20
3.374772592e+20
4.454760547e+20
4.951508293e+20
3.81319491e+20
4.30553267e+20
4.263645872e+20
4.212260648e+20
4.693354148e+20
4.636693262e+20
5.613557037e+20
4.5373951e+20
4.994707687e+20
3.947433962e+20
4.889216828e+20
4.830063004e+20
5.265383834e+20
3.783049063e+20
3.749713549e+20
3.704386262e+20
3.672358585e+20
3.174513647e+20
4.946228982e+20
1.053321689e+20
6.317038918e+20
7.362584318e+20
2.10163246e+20
3.147131019e+20
4.190217025e+20
3.135239063e+20
3.129236503e+20
5.199674072e+20
1.037423648e+20
5.168231447e+20
4.122522046e+20
4.105035638e+20
2.045497231e+20
3.053472762e+20
4.055334686e+20
6.050398897e+20
4.015787887e+20
4.990240345e+20
2.979463204e+20
1.97367099e+20
3.926101697e+20
4.874158024e+20
5.814792425e+20
8.6589717e+20
4.78023978e+20
5.692423648e+20
1.884694681e+20
3.739169865e+20
2.784312785e+20
1.840691825e+20
6.393742175e+20
5.432812111e+20
5.389686446e+20
5.341379484e+20
6.179888669e+20
5.248177415e+20
6.069968544e+20
6.871450695e+20
2.553705978e+20
5.057973522e+20
6.6815314e+20
4.961674574e+20
4.914372897e+20
4.054174247e+20
4.81739415e+20
6.357695408e+20
3.933747671e+20
3.893110539e+20
4.623942616e+20
4.5755508e+20
5.282739773e+20
3.733293113e+20
5.171911442e+20
5.116097539e+20
1.44634926e+20
2.861036534e+20
4.24617248e+20
1.399698466e+20
4.847019064e+20
6.161980236e+20
4.741824405e+20
6.027523154e+20
4.638411163e+20
3.275236069e+20
7.129393595e+20
3.843876041e+20
3.803434854e+20
4.385730564e+20
4.339845135e+20
4.901739708e+20
4.24445743e+20
4.194448576e+20
5.337283928e+20
4.102047709e+20
3.48014236e+20
3.438724955e+20
2.269321526e+20
6.166062825e+20
4.439622877e+20
3.838090628e+20
3.257347406e+20
4.29090339e+20
3.718011185e+20
4.197939984e+20
4.157683895e+20
3.594044962e+20
2.542932194e+20
3.517060503e+20
3.484380761e+20
4.917452624e+20
4.385276531e+20
5.776255771e+20
3.339241106e+20
4.241343412e+20
4.671079209e+20
5.537484585e+20
4.574677638e+20
5.423266881e+20
4.48108058e+20
4.196906308e+20
6.292482921e+20
3.143133858e+20
4.18693725e+20
4.179889897e+20
5.217449102e+20
5.205151253e+20
4.156153716e+20
3.107740239e+20
4.133654299e+20
5.148294634e+20
6.159940597e+20
4.089245063e+20
3.056450516e+20
4.055686567e+20
3.029847312e+20
5.022735713e+20
5.000572105e+20
4.971249032e+20
6.925647503e+20
3.932382641e+20
4.889047355e+20
3.884614981e+20
5.792878405e+20
2.875485468e+20
4.762310654e+20
2.835576341e+20
4.694152201e+20
3.725268369e+20
4.623291146e+20
3.66776805e+20
9.100180671e+19
4.510687579e+20
5.369884951e+20
4.434861622e+20
5.277690434e+20
4.35756347e+20
2.591959699e+20
5.134931749e+20
2.544473522e+20
5.039760984e+20
4.160939415e+20
4.943902773e+20
3.264527611e+20
4.039727893e+20
4.000205888e+20
4.75136616e+20
3.135851896e+20
4.655250327e+20
3.839702653e+20
4.559483328e+20
5.264203509e+20
5.952386666e+20
4.417580424e+20
3.641633885e+20
6.485929172e+20
6.415011824e+20
4.231458329e+20
4.882021489e+20
4.140243394e+20
4.776152251e+20
6.075652456e+20
4.671985282e+20
4.622498938e+20
4.569639467e+20
3.875456372e+20
2.553836962e+20
5.053939632e+20
3.746394244e+20
4.325065714e+20
4.88507605e+20
4.23002868e+20
4.180211087e+20
4.728148046e+20
4.672160292e+20
3.468342226e+20
3.998255419e+20
3.957857598e+20
4.469225389e+20
4.977661205e+20
4.917981498e+20
3.787370116e+20
5.345466485e+20
5.293454458e+20
4.183716363e+20
3.625644393e+20
4.605243661e+20
4.561751647e+20
4.506579762e+20
2.976468917e+20
3.430509143e+20
4.370360088e+20
3.357999765e+20
3.803270286e+20
4.226856277e+20
4.189613578e+20
3.679013708e+20
5.014916538e+20
4.503866013e+20
4.46569573e+20
7.316142289e+20
7.31280328e+20
1.043656443e+20
5.213419925e+20
4.163731012e+20
4.157827209e+20
6.222072442e+20
6.210175225e+20
2.063845986e+20
2.058868766e+20
3.077106627e+20
7.158994822e+20
5.09196938e+20
4.059660704e+20
6.060293055e+20
6.036565146e+20
3.002171387e+20
2.988933062e+20
9.904803444e+19
3.94252254e+20
3.917536258e+20
4.870607741e+20
2.9025106e+20
4.809274115e+20
3.819637508e+20
3.795612415e+20
3.766693395e+20
5.612038155e+20
4.63933732e+20
4.606188462e+20
3.654252793e+20
3.6266769e+20
4.494153834e+20
6.24193316e+20
4.418692443e+20
3.505649596e+20
6.946817935e+20
6.026003187e+20
2.558205031e+20
5.070615165e+20
3.347786088e+20
5.804441065e+20
5.7473008e+20
4.879335284e+20
3.220307302e+20
2.391610807e+20
6.312773617e+20
3.905980416e+20
4.6388839e+20
3.826215216e+20
3.786273588e+20
5.245796872e+20
1.482912463e+20
4.402201722e+20
3.629000649e+20
5.027122854e+20
4.972213319e+20
3.514038169e+20
3.475153475e+20
5.501330307e+20
2.039899892e+20
2.018272473e+20
1.99543159e+20
4.606695516e+20
3.252896757e+20
2.574828878e+20
5.090298816e+20
4.407156704e+20
4.978237038e+20
6.773464681e+20
6.694222296e+20
4.215697696e+20
4.166069927e+20
2.356076336e+20
5.238420155e+20
5.184932765e+20
4.554007797e+20
5.071491503e+20
4.454143928e+20
6.063274375e+20
4.901387785e+20
3.235361528e+20
4.794683693e+20
4.220468656e+20
4.169588803e+20
4.645798279e+20
4.589678306e+20
5.051478133e+20
4.491328521e+20
5.438389765e+20
3.907292366e+20
3.871595357e+20
4.780849992e+20
4.264147531e+20
4.212467771e+20
4.639281784e+20
3.666457325e+20
4.543459315e+20
4.48844923e+20
3.560332927e+20
5.205655714e+20
3.121969622e+20
1.039632866e+20
4.154659529e+20
5.184620728e+20
0
8.264198371e+20
5.155254002e+20
4.111852793e+20
7.178400025e+20
4.087103136e+20
5.094002501e+20
3.043519181e+20
3.033129849e+20
9.055849644e+20
5.01134297e+20
5.981576653e+20
4.962682194e+20
4.933696782e+20
3.927645354e+20
4.878501944e+20
1.940922679e+20
5.78328395e+20
4.791285149e+20
5.708101961e+20
3.781482301e+20
1.876361372e+20
2.795624422e+20
3.697773186e+20
2.753527107e+20
3.640836775e+20
7.226759517e+20
1.791096342e+20
3.553810184e+20
8.80528148e+19
5.239397778e+20
5.191287773e+20
4.288756058e+20
2.549010756e+20
6.736553181e+20
7.505589851e+20
2.478735434e+20
5.726861452e+20
4.051669304e+20
4.813370233e+20
2.383158254e+20
4.717912453e+20
3.113794618e+20
6.933948224e+20
4.57538664e+20
4.527684556e+20
2.987153432e+20
3.694410636e+20
5.118084677e+20
3.616454763e+20
4.29407569e+20
2.831480988e+20
2.801555902e+20
3.463231115e+20
2.055924881e+20
7.454059843e+20
4.02274986e+20
5.96589136e+20
5.246856894e+20
1.945104594e+20
4.490640062e+20
4.43891133e+20
3.137298708e+20
3.100872791e+20
4.909493508e+20
3.639064749e+20
4.801672559e+20
5.338316725e+20
5.87033145e+20
6.38095284e+20
3.444980406e+20
4.538684646e+20
4.492821865e+20
5.548954888e+20
3.845468297e+20
4.342138375e+20
2.68706626e+20
3.185704514e+20
4.20626993e+20
4.675000876e+20
3.601235372e+20
3.557724968e+20
4.531012907e+20
4.47618016e+20
4.434581829e+20
2.920569482e+20
4.340829573e+20
4.288200981e+20
5.666285816e+20
5.131105091e+20
4.161190375e+20
4.567482949e+20
5.433611267e+20
4.473137631e+20
4.435240792e+20
6.222780549e+20
2.073315732e+20
4.142560771e+20
4.138706576e+20
7.230624056e+20
9.283352152e+20
4.116272254e+20
3.08130859e+20
6.144202061e+20
3.064701688e+20
4.071517221e+20
5.074586421e+20
4.04259391e+20
3.021602461e+20
7.016739288e+20
4.992359899e+20
3.972655014e+20
2.966371049e+20
1.966053042e+20
4.89110003e+20
4.860221597e+20
1.933657068e+20
5.761708885e+20
5.728116306e+20
6.634723958e+20
5.651185505e+20
2.804141508e+20
4.642177491e+20
5.526265853e+20
4.572359907e+20
4.534398632e+20
3.600179769e+20
7.138315715e+20
5.311343947e+20
2.632023141e+20
5.220459074e+20
2.586298826e+20
5.128002977e+20
4.233137221e+20
7.551517191e+20
4.154918255e+20
5.763138435e+20
2.445671557e+20
4.844793743e+20
3.997000021e+20
6.332707299e+20
4.701361637e+20
4.6543229e+20
3.838744894e+20
2.27971357e+20
6.767926382e+20
2.976781186e+20
2.945303337e+20
3.6431361e+20
1.441598129e+20
6.418937163e+20
5.643528744e+20
2.093960721e+20
6.212502503e+20
3.414832075e+20
4.051996922e+20
5.345398325e+20
5.285001388e+20
3.268150458e+20
4.523204168e+20
4.475433281e+20
3.79192563e+20
3.752040522e+20
5.562753128e+20
4.281325323e+20
4.835758e+20
3.589135784e+20
6.502685677e+20
4.095423867e+20
4.046978016e+20
4.005653306e+20
3.958031234e+20
4.477753047e+20
2.765177697e+20
3.285065391e+20
5.409482264e+20
5.356117423e+20
4.233367084e+20
3.668145617e+20
4.659320249e+20
4.614626179e+20
4.558861134e+20
3.010532242e+20
2.974089093e+20
5.401822502e+20
4.366104529e+20
4.80690385e+20
5.698313639e+20
5.176573808e+20
5.113756573e+20
4.607914341e+20
4.551999929e+20
3.610131346e+20
4.012137128e+20
4.420168565e+20
4.132638698e+20
4.130759212e+20
3.09503421e+20
4.122875667e+20
3.086996535e+20
4.110170607e+20
5.125707627e+20
2.04637009e+20
4.080536333e+20
6.106071436e+20
4.056049727e+20
5.05531779e+20
3.020459375e+20
9.030487082e+20
2.995817836e+20
3.978816082e+20
9.894264057e+19
4.925362158e+20
3.917366087e+20
4.872781617e+20
2.905246642e+20
5.779336951e+20
2.870147099e+20
2.853424764e+20
5.665867367e+20
6.568686878e+20
5.587635082e+20
3.700085931e+20
2.753010673e+20
3.644505023e+20
3.614298112e+20
3.587075869e+20
4.445271936e+20
6.174131711e+20
5.245061608e+20
6.068599589e+20
4.295034689e+20
2.554815637e+20
5.061638114e+20
4.180336248e+20
4.140169822e+20
5.742706761e+20
3.249380463e+20
7.241558579e+20
3.18636604e+20
4.73286226e+20
3.904105449e+20
3.092045471e+20
6.120623848e+20
3.786315492e+20
6.744489383e+20
2.966480722e+20
5.136510178e+20
3.630584518e+20
4.309945727e+20
4.264608647e+20
4.921199876e+20
6.956012589e+20
3.439630137e+20
6.125764386e+20
4.711276628e+20
4.661347414e+20
5.267110193e+20
2.605672578e+20
3.863944065e+20
4.460329143e+20
2.5194378e+20
3.116173525e+20
2.464027419e+20
5.486067174e+20
3.012211997e+20
3.577098437e+20
2.945867665e+20
5.831011725e+20
4.60964669e+20
5.132896798e+20
3.381259222e+20
5.020633093e+20
4.409504136e+20
2.728407453e+20
4.852271775e+20
4.804400432e+20
3.691820384e+20
4.700426817e+20
5.159716067e+20
4.599196473e+20
4.54360722e+20
5.000761837e+20
2.47010441e+20
4.404863994e+20
3.867958953e+20
4.311695455e+20
3.786103775e+20
3.752123708e+20
3.706563616e+20
3.673911317e+20
3.629297219e+20
4.947164895e+20
4.887108277e+20
3.964678587e+20
4.116878165e+20
3.086256005e+20
2.055492296e+20
4.107165406e+20
4.100325808e+20
5.11815865e+20
5.106224189e+20
5.096485007e+20
4.065056307e+20
4.055277634e+20
4.040699309e+20
3.021716961e+20
6.01812003e+20
4.998014267e+20
2.984547138e+20
4.954821963e+20
8.871453724e+20
7.851058943e+20
4.878420233e+20
5.825519888e+20
5.788882606e+20
6.717507375e+20
4.765865088e+20
3.790493388e+20
1.881661193e+20
2.804787167e+20
4.639282191e+20
3.686529933e+20
9.143207704e+19
4.539024613e+20
3.601173338e+20
7.14813403e+20
4.429213418e+20
3.515347069e+20
3.484142251e+20
6.046821036e+20
5.13561826e+20
5.091390738e+20
2.521820234e+20
4.998589625e+20
3.300420577e+20
5.722419445e+20
4.856919831e+20
4.008948178e+20
1.587605361e+20
4.716310629e+20
4.668605948e+20
3.081284435e+20
3.049702015e+20
5.282479811e+20
5.974412575e+20
2.217188472e+20
5.118861633e+20
5.788990602e+20
5.011065126e+20
5.666701686e+20
4.203794758e+20
4.852623041e+20
3.427949863e+20
6.104973135e+20
3.353808694e+20
5.309232808e+20
4.593172257e+20
3.895326706e+20
5.134592073e+20
5.08037327e+20
2.510982318e+20
4.348004166e+20
4.911551507e+20
6.075218969e+20
4.203000218e+20
3.565141562e+20
6.459277421e+20
6.392703599e+20
5.168563654e+20
6.252623428e+20
3.931661751e+20
6.11588537e+20
5.493527975e+20
5.438642673e+20
3.761424949e+20
4.788402439e+20
4.730820415e+20
3.643711086e+20
4.114019967e+20
4.583869605e+20
5.534778386e+20
3.488857368e+20
3.938970705e+20
3.902359058e+20
4.818779009e+20
3.342324657e+20
4.245094555e+20
5.609326932e+20
4.617644645e+20
5.034665039e+20
4.521346676e+20
4.482283692e+20
3.985040951e+20
3.512263484e+20
5.126546732e+20
5.124220585e+20
1.023844083e+20
5.114468023e+20
3.063581319e+20
3.059251399e+20
4.069510646e+20
7.108068763e+20
4.049693288e+20
5.049947013e+20
8.050929283e+20
7.024102689e+20
3.996995167e+20
2.987540087e+20
4.955601544e+20
4.93626389e+20
2.946106391e+20
2.933159541e+20
3.888215154e+20
4.836553374e+20
2.883716042e+20
5.736548959e+20
4.748282378e+20
6.608917264e+20
3.749502116e+20
6.520497319e+20
2.773395998e+20
3.673072903e+20
5.46597407e+20
2.713523148e+20
3.58814354e+20
0
3.530616403e+20
1.751355191e+20
4.339583437e+20
4.303713028e+20
5.117326135e+20
7.609919955e+20
4.188141964e+20
5.811052127e+20
3.288787881e+20
5.702274964e+20
4.839889245e+20
3.195925843e+20
1.582066619e+20
3.133249575e+20
2.326199336e+20
5.373546573e+20
6.078330837e+20
2.256104873e+20
2.976932891e+20
5.892184354e+20
5.101333949e+20
2.163443424e+20
5.70740294e+20
5.647391024e+20
4.189515858e+20
5.52702843e+20
5.466157839e+20
6.084322541e+20
5.347994599e+20
2.645666473e+20
5.885649853e+20
4.529272026e+20
4.477703098e+20
3.797506855e+20
4.379520951e+20
4.333463309e+20
5.507053136e+20
3.63296639e+20
4.787425793e+20
2.96105363e+20
2.926268135e+20
5.212993703e+20
3.434259783e+20
4.53225116e+20
4.478409523e+20
3.879003657e+20
6.022827344e+20
4.336472858e+20
4.284507564e+20
4.242231676e+20
5.239021707e+20
4.150417701e+20
2.562724012e+20
5.076271724e+20
5.014892879e+20
4.967512973e+20
4.41659496e+20
4.375541809e+20
3.842173696e+20
4.758833117e+20
4.23091769e+20
4.658828551e+20
4.602188931e+20
4.561650506e+20
3.154322042e+20
4.467246329e+20
4.854214013e+20
3.938004286e+20
5.107143752e+20
3.062897429e+20
8.159772287e+20
6.114152026e+20
6.104012825e+20
6.095391144e+20
2.027079326e+20
5.058044458e+20
6.051668933e+20
6.037129355e+20
5.012930527e+20
4.998379983e+20
5.973034985e+20
2.976355983e+20
4.937097091e+20
5.901413179e+20
3.913524983e+20
6.81859193e+20
3.873801778e+20
7.709824828e+20
3.830759963e+20
4.762826397e+20
5.676994713e+20
5.643986247e+20
6.537620218e+20
4.640476228e+20
4.605494621e+20
5.48957064e+20
4.538473415e+20
5.407406245e+20
4.469009613e+20
2.661247751e+20
6.156418732e+20
6.107787388e+20
4.324100337e+20
6.003729532e+20
4.249303212e+20
5.897847189e+20
5.842697501e+20
4.136115632e+20
2.457927673e+20
4.870518697e+20
4.019148063e+20
4.777157327e+20
6.306265561e+20
4.683552258e+20
3.86358628e+20
3.824981895e+20
4.543052068e+20
4.496687193e+20
2.966729915e+20
3.670003303e+20
7.262751273e+20
5.030820741e+20
2.84400352e+20
5.628211527e+20
2.783555754e+20
3.44270584e+20
2.723860556e+20
4.716297585e+20
5.330016971e+20
3.295970859e+20
5.214156099e+20
5.158969803e+20
1.912602354e+20
3.154015925e+20
3.741360725e+20
5.553024922e+20
3.049296403e+20
5.431323487e+20
2.982205651e+20
4.721954698e+20
5.249818521e+20
5.195708939e+20
4.563848399e+20
3.387929945e+20
3.905641304e+20
5.523094002e+20
4.365750233e+20
3.241595344e+20
3.73654584e+20
4.228199081e+20
4.69952253e+20
5.687942748e+20
2.554242064e+20
3.541626902e+20
4.498451862e+20
5.446159168e+20
3.912840626e+20
4.845585138e+20
4.308085755e+20
5.217324733e+20
5.153909688e+20
3.714657527e+20
3.669469069e+20
4.54643498e+20
4.940213852e+20
3.56184762e+20
3.518496275e+20
4.360890314e+20
3.052732255e+20
8.136933959e+20
4.064512693e+20
6.091117307e+20
5.067531071e+20
4.04830229e+20
4.03892205e+20
4.031232658e+20
3.014484754e+20
5.012077769e+20
5.993006047e+20
1.991873866e+20
4.958954028e+20
4.942092172e+20
1.967492126e+20
3.919649356e+20
2.924262366e+20
7.763809669e+20
4.824368584e+20
1.920343943e+20
4.770837032e+20
3.796259922e+20
3.770802652e+20
3.748892304e+20
1.861081938e+20
2.774147003e+20
3.671027777e+20
3.646451441e+20
6.330922667e+20
3.591938555e+20
5.343547168e+20
2.651700369e+20
6.134417148e+20
3.477707617e+20
4.308727328e+20
5.982413276e+20
3.387420026e+20
5.037442239e+20
5.822141913e+20
3.297266077e+20
5.715091848e+20
4.044577507e+20
5.607214526e+20
3.173694849e+20
6.284417092e+20
4.667343131e+20
3.85026615e+20
5.336530667e+20
4.527463723e+20
2.987514048e+20
4.434894957e+20
2.925981979e+20
3.619025883e+20
5.013723827e+20
4.960149707e+20
4.206871397e+20
5.548329464e+20
4.117317268e+20
2.036028126e+20
4.028958433e+20
5.312159805e+20
3.941919666e+20
5.196740561e+20
5.784462586e+20
4.447874238e+20
3.772215864e+20
3.72892951e+20
4.304671426e+20
4.254860862e+20
4.811837843e+20
4.161270322e+20
4.118036747e+20
3.488313217e+20
3.452358946e+20
3.4115879e+20
4.502327803e+20
5.004976899e+20
4.403900162e+20
4.351357919e+20
2.692422497e+20
2.660163783e+20
5.267823769e+20
3.643133176e+20
4.123044137e+20
3.564142509e+20
3.529941223e+20
4.981776521e+20
3.454292322e+20
4.387393308e+20
3.380694664e+20
3.339638708e+20
5.200048219e+20
3.735863239e+20
4.165126336e+20
5.028744414e+20
5.437584745e+20
4.028519817e+20
5.324966729e+20
3.945076036e+20
4.34631835e+20
4.05502008e+20
6.079779559e+20
4.049254664e+20
5.056879584e+20
6.058234057e+20
4.033125142e+20
2.011899773e+20
4.016143559e+20
7.007513025e+20
2.996013202e+20
6.965773857e+20
3.968902941e+20
5.92862043e+20
4.923728531e+20
4.90049969e+20
2.928848703e+20
2.913461378e+20
4.834472452e+20
4.806616556e+20
7.653135894e+20
3.802682563e+20
3.782361247e+20
2.817782486e+20
4.669034324e+20
5.562965562e+20
4.606803066e+20
4.572195639e+20
5.449927345e+20
4.505819717e+20
6.263307788e+20
5.324420707e+20
3.522961661e+20
3.492898435e+20
2.599004709e+20
2.576077944e+20
4.258034178e+20
5.063223333e+20
3.346475049e+20
4.144093182e+20
2.4642908e+20
4.881564978e+20
4.836585938e+20
5.587757737e+20
4.744042396e+20
2.348519809e+20
6.201661082e+20
3.069630039e+20
5.318213297e+20
4.511981987e+20
5.21028701e+20
2.946532349e+20
4.374044228e+20
5.049463782e+20
4.282922336e+20
3.531005035e+20
5.590240717e+20
2.764836863e+20
4.787394674e+20
4.058413699e+20
4.015467044e+20
4.632619156e+20
4.583556504e+20
3.884580729e+20
3.843475412e+20
5.066409538e+20
5.639544413e+20
3.716580631e+20
4.290418481e+20
3.634971691e+20
4.196446062e+20
4.147543892e+20
2.345401908e+20
4.05629421e+20
4.587983124e+20
3.400363843e+20
4.48751381e+20
4.988523868e+20
4.938098583e+20
4.337060187e+20
3.757003719e+20
3.711993683e+20
3.150307924e+20
5.187373379e+20
4.109492313e+20
6.089869201e+20
4.523570235e+20
4.468843635e+20
4.91846048e+20
5.344700547e+20
3.850918455e+20
4.279650787e+20
5.182885744e+20
4.188949597e+20
4.612616255e+20
3.64514912e+20
2.709783853e+20
4.907388453e+20
4.865006944e+20
4.805694589e+20
4.331843447e+20
5.049806156e+20
1.00950503e+20
4.034110764e+20
4.030376445e+20
3.017800604e+20
4.018061368e+20
3.006592397e+20
2.000583499e+20
4.986731433e+20
1.989908902e+20
5.94848654e+20
1.977084187e+20
3.937773286e+20
1.962200342e+20
2.929442222e+20
6.808761747e+20
2.902739885e+20
9.633391129e+19
9.577989385e+19
5.718827175e+20
4.735997054e+20
2.826422979e+20
2.807538018e+20
6.512908273e+20
4.619026756e+20
2.754089449e+20
4.555726067e+20
4.525266367e+20
2.693801064e+20
2.67466492e+20
5.305430679e+20
1.755206435e+20
5.220756344e+20
3.453059266e+20
8.556613837e+19
5.091627137e+20
4.204535329e+20
3.334738182e+20
4.129615438e+20
4.911384931e+20
3.243065709e+20
4.81979625e+20
3.977453935e+20
3.151770999e+20
3.900732001e+20
3.862715957e+20
6.118239259e+20
5.300021243e+20
6.744908655e+20
4.450753781e+20
3.670670432e+20
2.17960835e+20
4.313492007e+20
1.422821789e+20
4.926777039e+20
4.178585096e+20
4.822250147e+20
4.771360662e+20
3.370718546e+20
4.669076659e+20
4.617201788e+20
4.568308857e+20
3.226410112e+20
4.469182154e+20
5.049645905e+20
4.371802767e+20
3.704313272e+20
3.054471149e+20
6.038331961e+20
4.182625646e+20
4.13390772e+20
3.506536496e+20
4.04297768e+20
4.572920542e+20
5.648688997e+20
3.913697359e+20
3.314785771e+20
4.375036661e+20
5.403570132e+20
3.744697098e+20
5.285483149e+20
2.093326417e+20
5.170382826e+20
3.072021963e+20
5.564085531e+20
3.506799692e+20
3.464366267e+20
4.902324222e+20
4.842861412e+20
3.358485821e+20
4.2655736e+20
4.696214714e+20
5.102954565e+20
5.057156738e+20
4.541387044e+20
4.051252252e+20
4.446489813e+20
4.408092479e+20
4.354305703e+20
3.022225246e+20
5.030978657e+20
5.028708679e+20
4.019079715e+20
8.030723861e+20
7.015326311e+20
5.003887127e+20
2.995418807e+20
5.97945258e+20
5.961881594e+20
7.930123167e+20
8.889710858e+20
8.863971312e+20
5.884861519e+20
3.909926112e+20
5.837329044e+20
4.845520447e+20
2.892097012e+20
6.718668507e+20
1.908600627e+20
5.697955891e+20
1.887506876e+20
5.632300483e+20
4.662279619e+20
3.70819446e+20
7.363791814e+20
3.65889206e+20
4.539374721e+20
5.410852518e+20
5.368359047e+20
5.330247272e+20
4.405479691e+20
5.246929736e+20
4.335247091e+20
1.720432825e+20
5.968560118e+20
5.919363134e+20
8.379643175e+19
4.153854193e+20
3.292190801e+20
4.078589874e+20
4.847749678e+20
4.803122726e+20
3.170997972e+20
6.28184454e+20
4.664828015e+20
5.389279003e+20
3.04868095e+20
4.527388479e+20
2.987555998e+20
4.435650473e+20
3.658259919e+20
2.896326241e+20
5.015465741e+20
3.545088058e+20
3.507327531e+20
5.552778815e+20
4.11955208e+20
4.755433694e+20
4.031401008e+20
4.65354578e+20
6.574123854e+20
6.504517599e+20
3.858888783e+20
5.09075199e+20
5.032992841e+20
3.734904762e+20
6.15354438e+20
4.871078721e+20
4.21295615e+20
1.191113132e+20
4.708983907e+20
3.495045934e+20
4.029748298e+20
4.557956539e+20
5.067203764e+20
5.572720457e+20
3.85462016e+20
3.815653036e+20
4.308744759e+20
3.732470838e+20
4.741408383e+20
3.651361813e+20
5.15350321e+20
3.061990634e+20
6.05008416e+20
4.494011578e+20
3.946331213e+20
5.374922845e+20
4.827008614e+20
4.782129234e+20
5.196386213e+20
4.680816755e+20
4.161430383e+20
5.040545442e+20
5.431724126e+20
4.037917095e+20
5.318177885e+20
4.832902787e+20
3.47191534e+20
3.872862871e+20
7.017207441e+20
5.010031978e+20
3.003120196e+20
2.000229434e+20
4.992365893e+20
4.985336121e+20
2.984327959e+20
4.964433111e+20
6.92982444e+20
2.962810787e+20
3.936415725e+20
4.90628129e+20
3.908815607e+20
4.869447402e+20
7.754575563e+20
2.896662387e+20
5.763063797e+20
2.868918679e+20
2.852481463e+20
3.784824265e+20
4.701662238e+20
3.74126921e+20
5.574541884e+20
3.694824166e+20
6.4201658e+20
5.468639704e+20
6.332396462e+20
6.290111884e+20
5.349252939e+20
6.196517093e+20
3.511902749e+20
3.485581581e+20
6.047961216e+20
3.428757849e+20
2.548987827e+20
5.89864072e+20
5.845294656e+20
4.139387138e+20
5.74134585e+20
2.438674556e+20
1.610339035e+20
3.98880347e+20
3.950135136e+20
4.695221954e+20
5.423701877e+20
3.836344378e+20
4.557469903e+20
3.760005699e+20
4.466165608e+20
2.947099548e+20
5.833492868e+20
3.608217664e+20
4.998637826e+20
4.239842263e+20
4.194728952e+20
4.842456078e+20
4.105838801e+20
3.385437644e+20
4.687700572e+20
5.963294417e+20
4.586672871e+20
3.241511349e+20
3.205141527e+20
4.439731187e+20
3.762336941e+20
2.481754139e+20
4.906693208e+20
4.855109008e+20
4.799052272e+20
4.748864139e+20
3.52020224e+20
4.644840577e+20
2.869003723e+20
5.110976419e+20
5.611884109e+20
3.888194644e+20
3.842072482e+20
4.346549044e+20
3.757884587e+20
2.657374396e+20
5.776201393e+20
3.639480228e+20
3.595713414e+20
3.052024604e+20
5.025321618e+20
4.479376637e+20
3.441787176e+20
3.409257088e+20
3.849007412e+20
3.813219277e+20
5.179405292e+20
2.33275972e+20
4.147805922e+20
5.024042917e+20
4.51158461e+20
4.024669438e+20
3.975512886e+20
3.941189246e+20
3.893019955e+20
4.717890647e+20
5.992490061e+20
5.989792192e+20
4.986688957e+20
9.964165061e+19
3.979137375e+20
5.960306587e+20
2.973318939e+20
6.924575152e+20
2.958989842e+20
5.9038125e+20
3.921955866e+20
2.932960399e+20
3.894495894e+20
2.910971208e+20
5.794690596e+20
2.886090245e+20
3.82805826e+20
5.716968906e+20
3.789516739e+20
5.656667041e+20
4.684680845e+20
6.523596733e+20
2.777246737e+20
3.681549941e+20
4.569413961e+20
2.724541107e+20
5.408425975e+20
3.581556012e+20
4.441901956e+20
5.292487679e+20
5.249264747e+20
8.68324302e+19
4.304804764e+20
4.270918699e+20
2.540083959e+20
4.19861635e+20
3.328560722e+20
3.300016403e+20
4.086782864e+20
4.860507492e+20
3.209599761e+20
6.360159173e+20
4.72393918e+20
3.899309169e+20
3.860879339e+20
8.411244957e+20
1.514007931e+20
4.496729361e+20
3.709249631e+20
5.140040845e+20
4.360426752e+20
6.472996816e+20
5.693625663e+20
3.521395153e+20
6.271137819e+20
4.826338701e+20
6.820360863e+20
6.073581383e+20
4.672203119e+20
5.943589635e+20
6.530799009e+20
3.230834696e+20
5.750301674e+20
6.953808372e+20
5.62501583e+20
2.473625372e+20
3.667992322e+20
6.049054581e+20
3.587550212e+20
4.141705243e+20
4.09353194e+20
4.629719013e+20
5.147418316e+20
6.226440582e+20
5.034294843e+20
4.982872524e+20
4.923779437e+20
3.249332928e+20
3.745697078e+20
5.297508962e+20
3.66384478e+20
4.664154496e+20
4.096057978e+20
5.577225935e+20
4.007210384e+20
3.472650771e+20
5.390954866e+20
5.339998976e+20
4.316051118e+20
4.751020474e+20
3.28524954e+20
4.185289606e+20
4.593633758e+20
4.097166623e+20
4.946512554e+20
4.011508423e+20
4.402753772e+20
3.05532154e+20
4.742490967e+20
4.702384827e+20
0
4.45014077e+20
4.443134685e+20
4.438086884e+20
6.638931144e+20
6.627720933e+20
4.401520366e+20
0
2.18504968e+20
8.715209475e+20
2.166013484e+20
6.475528136e+20
0
2.135114645e+20
2.118784142e+20
0
6.273179992e+20
2.080008424e+20
2.060937339e+20
4.097663287e+20
2.028685182e+20
2.015611007e+20
1.994576778e+20
7.922515527e+20
5.87665441e+20
3.888328967e+20
5.765631156e+20
1.906489653e+20
3.767625432e+20
1.867865295e+20
7.379757188e+20
7.314154044e+20
9.027450791e+20
3.577480818e+20
3.531365394e+20
3.497369119e+20
0
6.834264171e+20
5.057326935e+20
5.005683045e+20
6.584089666e+20
4.88648018e+20
4.819810439e+20
1.589501907e+20
4.70294199e+20
3.101414892e+20
6.117062451e+20
6.050189184e+20
0
4.425328624e+20
5.818376181e+20
2.876937184e+20
7.092262854e+20
7.01342111e+20
2.766366814e+20
2.735606114e+20
5.395318463e+20
1.333861804e+20
3.946272043e+20
7.805324255e+20
3.848970906e+20
8.88228623e+20
7.509264779e+20
3.713713369e+20
2.442188218e+20
3.623732243e+20
1.191642745e+20
5.894576741e+20
5.815936484e+20
4.60364751e+20
4.542882244e+20
1.123889891e+20
5.546157906e+20
5.489177802e+20
5.418531415e+20
3.218196842e+20
4.236512169e+20
5.242806028e+20
3.106434562e+20
3.075905167e+20
4.05094577e+20
3.008795587e+20
6.936169203e+20
9.814286619e+19
5.819342589e+20
2.882305417e+20
6.648185836e+20
2.822781678e+20
5.582455357e+20
4.609403326e+20
6.383105352e+20
5.421627203e+20
6.258744672e+20
4.430373698e+20
2.631265966e+20
5.215604946e+20
5.16477734e+20
5.972115849e+20
3.380826999e+20
8.377276106e+19
0
4.413738907e+20
1.101707543e+21
2.200918744e+20
2.194937612e+20
8.764961904e+20
6.548638467e+20
2.177947091e+20
0
2.161189395e+20
2.148578053e+20
6.423457301e+20
4.253389866e+20
1.059025312e+21
4.203884897e+20
2.092122353e+20
4.14912243e+20
6.190872907e+20
4.089613143e+20
2.032825719e+20
6.038829745e+20
2.000002844e+20
1.979240258e+20
3.93086738e+20
5.831898508e+20
3.858786588e+20
5.722154605e+20
5.676448694e+20
5.609255703e+20
5.561879328e+20
1.831311422e+20
3.630135462e+20
1.792293777e+20
3.551403192e+20
5.258741054e+20
6.94428945e+20
0
5.089118675e+20
6.695360047e+20
1.656777471e+20
1.634489131e+20
3.23488362e+20
3.190922126e+20
6.314013616e+20
3.113766439e+20
9.240493118e+20
6.07546568e+20
6.00912562e+20
2.963011549e+20
2.930377319e+20
7.224409634e+20
4.286635416e+20
7.04530803e+20
4.180231409e+20
1.374098948e+20
6.794154391e+20
2.680074143e+20
2.650353067e+20
3.920726852e+20
6.462372857e+20
3.824215585e+20
6.303717761e+20
7.461250586e+20
2.459989033e+20
6.066638155e+20
6.001159854e+20
2.368198064e+20
7.028728759e+20
5.779268263e+20
4.574628247e+20
4.51433893e+20
4.467315212e+20
4.409127069e+20
6.545739988e+20
2.153862273e+20
6.3961471e+20
6.315100008e+20
7.294097875e+20
4.116080531e+20
9.170144153e+20
3.01926506e+20
7.973406121e+20
3.938801017e+20
3.901216102e+20
2.891501593e+20
4.77383225e+20
9.437999406e+19
3.740157459e+20
2.773726654e+20
7.328791082e+20
2.718412875e+20
3.591684434e+20
3.553852522e+20
5.282893654e+20
5.229175405e+20
2.591276722e+20
4.276567133e+20
5.934095409e+20
3.359174526e+20
3.329466783e+20
0
4.377927742e+20
6.556671196e+20
6.549263173e+20
4.3543798e+20
8.694126315e+20
2.165287007e+20
6.481217726e+20
0
4.287717794e+20
8.5256843e+20
4.248144805e+20
6.329436125e+20
2.101257194e+20
4.17073277e+20
2.075647666e+20
6.174962251e+20
2.047496277e+20
1.217355811e+21
4.034135879e+20
5.992331216e+20
3.969269105e+20
7.856551152e+20
5.851409626e+20
5.787819164e+20
5.744534597e+20
1.89310961e+20
3.75604718e+20
3.711798863e+20
3.680519538e+20
5.453650199e+20
5.405381932e+20
0
1.057710898e+21
1.740328031e+20
6.894563163e+20
3.402392721e+20
6.73741016e+20
4.98621661e+20
6.580636772e+20
4.869349032e+20
3.212429884e+20
3.168944271e+20
6.27062425e+20
4.638797767e+20
1.529601542e+20
3.017215407e+20
2.984307853e+20
7.357959964e+20
2.910800665e+20
1.435298641e+20
1.419415378e+20
1.39979417e+20
2.768517074e+20
5.460532163e+20
2.699951279e+20
3.994075247e+20
3.949810912e+20
7.791020511e+20
5.136679515e+20
5.066368887e+20
6.263466054e+20
4.942564332e+20
3.666555062e+20
4.822637288e+20
3.577950619e+20
5.883251146e+20
3.49226421e+20
6.891671418e+20
5.682465675e+20
4.486152057e+20
5.549279432e+20
4.381673992e+20
3.25249031e+20
2.140480356e+20
6.35640071e+20
7.321911252e+20
3.106644039e+20
4.090568534e+20
2.025174827e+20
3.000555576e+20
6.933480629e+20
6.850170809e+20
3.877021428e+20
4.789262347e+20
3.795355812e+20
6.565530366e+20
1.858449464e+20
3.675258301e+20
7.283113413e+20
8.104272594e+20
5.353852383e+20
5.297344012e+20
2.624879887e+20
5.196239076e+20
6.008237902e+20
2.549700097e+20
2.527095432e+20
5.841145859e+20
5.789517701e+20
6.517992766e+20
2.171346506e+20
1.083993093e+21
4.331086607e+20
2.159726893e+20
2.156106622e+20
0
2.143145022e+20
4.265718091e+20
6.380412398e+20
8.45814373e+20
2.107262711e+20
2.093195091e+20
4.169455941e+20
6.207149146e+20
6.178291246e+20
6.126997751e+20
2.031618391e+20
2.013290886e+20
1.401086805e+21
1.982181095e+20
5.908501931e+20
3.898528098e+20
1.935732193e+20
1.914800385e+20
5.701542594e+20
3.758092884e+20
3.728213939e+20
7.369002842e+20
3.653521504e+20
3.609301729e+20
0
1.766471392e+20
5.250558135e+20
0
3.422771983e+20
1.013517274e+21
5.01750402e+20
4.951406117e+20
3.267405457e+20
4.83570218e+20
4.785428561e+20
1.573633548e+20
7.784783937e+20
3.071584911e+20
6.07705032e+20
8.990919818e+20
1.482162081e+20
0
1.012019345e+21
8.555049851e+20
7.050384013e+20
5.56259137e+20
9.626582283e+20
5.425133515e+20
2.682470139e+20
7.936748699e+20
3.924422847e+20
5.16082127e+20
3.827913681e+20
5.034197492e+20
0
6.139200798e+20
4.85789627e+20
4.792349331e+20
4.74065451e+20
3.507883671e+20
5.784067097e+20
6.848761991e+20
2.2588368e+20
3.343736241e+20
5.514847503e+20
7.620481171e+20
5.387271429e+20
2.127263696e+20
3.158572624e+20
7.276769405e+20
6.17497077e+20
2.032685422e+20
8.05078223e+20
3.97610205e+20
3.937579326e+20
5.835399751e+20
5.77968751e+20
3.807779422e+20
4.714923007e+20
2.796415113e+20
5.540891822e+20
3.652499789e+20
3.619000801e+20
3.579528725e+20
5.320596458e+20
4.386938361e+20
5.217038931e+20
3.442476702e+20
5.970639972e+20
3.378218926e+20
4.185348981e+20
4.145863869e+20
1.643696206e+20
0
4.308020912e+20
6.452086732e+20
4.296557254e+20
4.28508359e+20
2.138958831e+20
6.39281774e+20
8.504631062e+20
2.116011832e+20
0
8.391664864e+20
4.18143398e+20
4.153675691e+20
8.273827066e+20
0
4.08692923e+20
0
2.015984868e+20
3.995789119e+20
7.945096342e+20
3.934299858e+20
3.909191593e+20
3.869227769e+20
3.84243111e+20
7.602172938e+20
3.772792876e+20
3.730381345e+20
1.850395083e+20
3.657602552e+20
3.626916667e+20
1.791609578e+20
1.775820507e+20
3.507674461e+20
5.213103864e+20
3.431382456e+20
6.797216887e+20
5.032088058e+20
3.321631493e+20
0
4.867214161e+20
1.600839044e+20
3.168444733e+20
4.688826707e+20
9.278415407e+20
1.525459916e+20
4.527187341e+20
4.465501398e+20
7.361515805e+20
5.808628853e+20
4.308632569e+20
1.416508448e+20
9.806022129e+20
4.144860792e+20
1.366310656e+20
5.390190863e+20
3.997820864e+20
5.257336127e+20
0
3.846037803e+20
3.803629794e+20
5.002432096e+20
3.710691198e+20
6.100685585e+20
4.827439214e+20
8.334269018e+20
3.533311358e+20
6.972181676e+20
3.448887378e+20
5.671986324e+20
3.367293603e+20
6.646231881e+20
2.192336089e+20
4.327780831e+20
2.141655322e+20
5.285523125e+20
6.278371671e+20
4.132674728e+20
3.068561585e+20
6.060722527e+20
7.001291999e+20
9.879412382e+19
3.913468653e+20
5.799667551e+20
4.786901696e+20
3.784438665e+20
3.748808198e+20
6.484904932e+20
2.753429264e+20
6.35253745e+20
5.395083899e+20
2.668076004e+20
1.762583709e+20
5.231717103e+20
3.456482299e+20
5.986861584e+20
3.390576955e+20
3.357104989e+20
2.495521826e+20
3.295849813e+20
4.083439365e+20
6.414708309e+20
6.410847106e+20
6.401035759e+20
0
0
2.122081645e+20
2.114170793e+20
2.109437684e+20
4.19885736e+20
4.186991795e+20
6.244667147e+20
8.297716286e+20
8.242937061e+20
6.157312762e+20
4.07434116e+20
0
0
4.001180223e+20
1.982731928e+20
3.942454153e+20
7.809380058e+20
3.879829699e+20
1.920182291e+20
7.627660103e+20
3.772993652e+20
3.744973751e+20
3.703075496e+20
0
3.631093589e+20
1.80034825e+20
3.557510851e+20
1.763112574e+20
3.482765019e+20
6.901573546e+20
3.407265129e+20
5.062175525e+20
6.662778154e+20
3.298584624e+20
4.883223194e+20
3.222523807e+20
3.179856296e+20
3.146900775e+20
9.314371303e+20
6.143961894e+20
3.030530957e+20
7.494991826e+20
4.435939541e+20
4.387723596e+20
4.327893185e+20
2.853609271e+20
8.443779875e+20
2.783527009e+20
2.745418274e+20
2.715020243e+20
5.355695454e+20
1.324089139e+20
5.223936295e+20
3.874613404e+20
5.095693099e+20
6.299420123e+20
3.728298795e+20
4.916589787e+20
3.637590372e+20
5.996702106e+20
5.916125721e+20
4.68187578e+20
2.309711407e+20
5.712667584e+20
7.891947484e+20
5.577649621e+20
5.504580675e+20
5.447249782e+20
2.150664182e+20
5.321410246e+20
7.354599174e+20
5.200059302e+20
5.134382323e+20
6.099736696e+20
4.015895426e+20
1.98819279e+20
7.855447939e+20
3.889651452e+20
4.803641907e+20
1.903102565e+20
1.880691155e+20
3.72595994e+20
1.841522929e+20
2.736620381e+20
5.411726991e+20
3.574717004e+20
7.07122338e+20
6.131193635e+20
3.466339777e+20
5.152805838e+20
2.549936671e+20
3.369621902e+20
3.336253337e+20
4.133381745e+20
5.731720433e+20
5.681144273e+20
1.272856784e+21
0
4.233857538e+20
6.343686486e+20
8.43591682e+20
2.105468709e+20
4.195328363e+20
2.092978524e+20
6.249310293e+20
4.154459948e+20
4.130896827e+20
6.175178927e+20
4.089756988e+20
1.018332311e+21
8.086386329e+20
6.03679298e+20
1.99582442e+20
1.985428693e+20
3.935595423e+20
5.869218992e+20
5.813283843e+20
3.850905591e+20
1.905964413e+20
3.78565163e+20
5.617969563e+20
3.717561879e+20
7.352332982e+20
5.470703109e+20
5.407449173e+20
0
0
5.251755682e+20
1.729103433e+20
3.426517219e+20
1.691742225e+20
5.026935943e+20
4.962562807e+20
4.913783052e+20
6.466441463e+20
4.800813307e+20
4.737494931e+20
6.251295634e+20
1.541989591e+20
3.051435306e+20
3.010412785e+20
1.489067631e+20
5.875688682e+20
2.905947255e+20
5.732916314e+20
5.670083288e+20
0
4.148352261e+20
1.363912223e+20
5.395288927e+20
3.991229067e+20
2.631359042e+20
6.488697702e+20
8.983752949e+20
2.531870787e+20
2.503983177e+20
4.940088939e+20
4.885977325e+20
4.820069582e+20
4.767656633e+20
3.527794413e+20
5.816287048e+20
5.738845891e+20
3.406574879e+20
3.361590456e+20
5.543564968e+20
6.565258033e+20
3.248441139e+20
1.068799325e+20
9.52034376e+20
5.221437999e+20
5.168529264e+20
5.103302125e+20
6.062802969e+20
4.989508215e+20
4.940409445e+20
4.879967162e+20
3.866122399e+20
5.729500071e+20
4.728963889e+20
2.803953895e+20
3.703388505e+20
2.745529566e+20
1.813343653e+20
5.378826833e+20
5.329468563e+20
3.51405482e+20
2.611631099e+20
3.445130902e+20
5.1212788e+20
2.534270416e+20
5.860617488e+20
3.315659114e+20
5.75103071e+20
3.254943266e+20
1.613118806e+20
6.314646094e+20
4.207248774e+20
8.401759529e+20
6.294293146e+20
4.18517832e+20
2.089113864e+20
4.162826655e+20
2.076774225e+20
6.201090345e+20
2.061214866e+20
2.049588478e+20
6.127808724e+20
0
6.063396718e+20
2.006258902e+20
1.997018758e+20
1.980788858e+20
3.940990692e+20
1.953086786e+20
3.883613565e+20
0
1.911204775e+20
5.675866615e+20
1.127365964e+21
3.718035632e+20
3.690548381e+20
3.649645742e+20
1.810443625e+20
1.789605977e+20
7.098754566e+20
7.014370543e+20
1.738234645e+20
1.716996312e+20
3.402586658e+20
5.040050133e+20
0
9.857031357e+20
0
6.422523438e+20
7.947146136e+20
6.274186203e+20
3.104680001e+20
1.531722533e+20
1.51558133e+20
7.4763999e+20
4.437802834e+20
7.296624482e+20
4.330493848e+20
4.271846556e+20
4.225071125e+20
5.556911447e+20
2.747839588e+20
6.776136697e+20
6.701224186e+20
5.288012451e+20
3.922128156e+20
1.289598448e+20
1.275350832e+20
2.516094121e+20
4.976789681e+20
3.682122351e+20
4.855743713e+20
5.987985952e+20
3.553737887e+20
1.168727166e+20
2.312268389e+20
6.844614554e+20
9.0288149e+20
4.454891836e+20
6.611873236e+20
4.350337688e+20
5.38128914e+20
3.187036362e+20
6.308567956e+20
3.113984809e+20
6.164855136e+20
4.058076753e+20
3.013156908e+20
4.959512198e+20
1.964279446e+20
5.820763485e+20
5.764314442e+20
4.74587433e+20
4.700517755e+20
3.716102269e+20
4.601361118e+20
2.728976769e+20
4.506018115e+20
3.56421619e+20
6.180131755e+20
3.492759225e+20
5.191604034e+20
2.568134987e+20
5.938491074e+20
8.395984949e+19
5.824838898e+20
4.942976372e+20
5.715764854e+20
1.617434215e+20
3.206355185e+20
6.26577657e+20
4.174697617e+20
4.168411753e+20
6.245663038e+20
0
8.292044571e+20
4.130824666e+20
8.243275652e+20
4.102405888e+20
1.431811372e+21
0
2.027053249e+20
6.041663541e+20
2.005834975e+20
1.9911522e+20
3.964004926e+20
3.931956286e+20
5.867354892e+20
5.815782542e+20
0
0
5.691498213e+20
5.634453277e+20
1.865262886e+20
0
1.831962318e+20
3.623504907e+20
3.595014205e+20
5.330734746e+20
5.286393549e+20
6.965105344e+20
3.452114221e+20
5.115172679e+20
1.689494019e+20
3.336905235e+20
8.263180762e+20
0
4.84698569e+20
6.379197943e+20
0
4.674209907e+20
4.625987443e+20
4.564773878e+20
4.516736409e+20
4.456450901e+20
1.469595742e+20
2.899704434e+20
2.868290127e+20
2.829576065e+20
4.197932945e+20
6.901831767e+20
5.460673701e+20
1.34665236e+20
1.065420675e+21
1.182331897e+21
6.495883674e+20
5.126235444e+20
5.069634216e+20
2.500512854e+20
3.709499086e+20
4.879280566e+20
7.238822942e+20
2.380535619e+20
4.709336625e+20
5.808052992e+20
4.596390744e+20
3.401561622e+20
5.608813358e+20
3.320993922e+20
6.571956369e+20
4.324155675e+20
1.06978085e+21
5.27984529e+20
5.225583504e+20
6.190665931e+20
5.10660252e+20
3.025354237e+20
6.988638132e+20
2.957924812e+20
4.881343003e+20
9.643311584e+19
4.774885084e+20
2.830505071e+20
5.606894159e+20
2.770401463e+20
4.573820282e+20
4.521037283e+20
4.479004911e+20
2.657106092e+20
4.387858404e+20
4.339650228e+20
3.440218213e+20
2.552611755e+20
4.216140088e+20
6.676022386e+20
2.481211932e+20
8.188060293e+19
4.869367602e+20
4.018799621e+20
5.576753556e+20
4.145105098e+20
4.142646284e+20
2.068220886e+20
4.131852405e+20
6.181684889e+20
2.05715476e+20
4.099310957e+20
4.090213785e+20
2.035616308e+20
4.059828488e+20
6.055764765e+20
4.023477102e+20
1.998742127e+20
3.981535061e+20
1.976271298e+20
1.967210308e+20
1.951387269e+20
5.82387777e+20
5.772945217e+20
1.913251762e+20
3.790577376e+20
5.649996315e+20
9.322733162e+20
5.555340808e+20
5.496983518e+20
7.275364536e+20
5.39660382e+20
5.354262434e+20
1.764396011e+20
6.999000743e+20
5.187395507e+20
3.428098027e+20
5.079851063e+20
3.3557145e+20
1.657046634e+20
3.282733838e+20
1.620601331e+20
4.814263438e+20
7.920566333e+20
3.136360617e+20
3.095464816e+20
4.595365724e+20
1.511593194e+20
7.478537197e+20
7.379074067e+20
0
5.762006884e+20
4.274737792e+20
2.811488659e+20
2.780760776e+20
1.371617179e+20
5.426111349e+20
5.35274085e+20
5.293652837e+20
6.527523496e+20
3.873238866e+20
7.641713363e+20
6.297822927e+20
1.242561689e+20
4.915586539e+20
6.061792901e+20
3.597288938e+20
4.732110382e+20
2.340354207e+20
4.618320694e+20
4.568585245e+20
4.508087956e+20
4.460023483e+20
5.50176858e+20
5.443765482e+20
2.149143461e+20
6.380288182e+20
2.0993375e+20
5.194403625e+20
3.07690323e+20
3.045715389e+20
5.012278934e+20
3.969758335e+20
7.840942867e+20
4.852336273e+20
3.834415665e+20
9.493031907e+19
2.813687786e+20
6.502495937e+20
3.671899434e+20
7.274571471e+20
1.797641881e+20
8.904627321e+19
2.641241767e+20
6.106315261e+20
3.450933085e+20
2.564712599e+20
2.537275058e+20
4.190808925e+20
4.147342911e+20
6.576658813e+20
4.069217763e+20
6.453159935e+20
3.195452571e+20
2.375487421e+20
2.056757388e+20
2.055541675e+20
1.231487536e+21
0
8.179650855e+20
2.041539105e+20
6.102411658e+20
4.059265283e+20
2.020264764e+20
1.410232414e+21
0
0
1.983822518e+20
7.903699063e+20
3.923222345e+20
1.952637313e+20
7.748045512e+20
5.781040239e+20
1.910244777e+20
5.697860662e+20
9.407709514e+20
5.609095292e+20
3.702275688e+20
5.515473498e+20
1.819268195e+20
5.417719713e+20
7.144661568e+20
7.088723485e+20
3.504111024e+20
3.475083912e+20
3.434311131e+20
6.808827366e+20
8.40835652e+20
9.998278115e+20
1.645795541e+20
6.521001332e+20
4.829120849e+20
1.593993347e+20
3.147138608e+20
6.231069961e+20
4.612593359e+20
1.52171558e+20
6.006902515e+20
7.429823381e+20
4.398813137e+20
1.450626531e+20
4.293813181e+20
2.831596483e+20
2.793631023e+20
1.381563064e+20
1.362978216e+20
5.391983757e+20
3.989471624e+20
3.945464827e+20
6.487044791e+20
1.026466251e+21
5.063106823e+20
3.755451336e+20
7.409766517e+20
3.664159509e+20
7.229926486e+20
3.575435196e+20
3.527624794e+20
6.978639248e+20
3.442903012e+20
2.270557069e+20
2.240543881e+20
3.32498994e+20
3.281366222e+20
1.082258548e+20
5.340907304e+20
4.228231944e+20
8.347545406e+20
6.196312352e+20
8.156511089e+20
7.064599019e+20
3.98612413e+20
4.932862457e+20
5.845979731e+20
7.717875592e+20
3.811777206e+20
5.662178319e+20
6.526494703e+20
5.54063556e+20
3.650190028e+20
7.231545543e+20
5.360989329e+20
2.655563185e+20
4.375942925e+20
5.202912296e+20
3.430393433e+20
3.399260656e+20
5.884950292e+20
4.998936398e+20
5.771463185e+20
6.53723096e+20
5.662586056e+20
2.405363765e+20
3.97012833e+20
5.509265257e+20
2.041201159e+20
4.079997738e+20
1.018487691e+21
4.069452807e+20
6.088499092e+20
4.052317477e+20
2.018852177e+20
2.014390803e+20
4.010286066e+20
3.999100068e+20
3.977023645e+20
5.945379148e+20
3.938247987e+20
5.883905077e+20
3.894333889e+20
3.876557283e+20
5.768537257e+20
1.912942763e+20
0
9.427621977e+20
9.339965481e+20
1.85626073e+20
0
3.650782879e+20
1.806393394e+20
7.172618702e+20
1.773640982e+20
7.039134047e+20
1.739886438e+20
5.176508708e+20
1.705344053e+20
0
6.680868435e+20
4.965174246e+20
3.269392408e+20
3.238566628e+20
7.994790316e+20
7.916877889e+20
3.126329552e+20
7.737460218e+20
7.637317132e+20
7.558870995e+20
5.967944229e+20
8.8580881e+20
1.456849919e+20
4.323973155e+20
2.844315891e+20
2.813599486e+20
2.775998807e+20
5.491427474e+20
5.417789576e+20
4.018712081e+20
5.286265504e+20
7.841994611e+20
6.447065028e+20
5.100737838e+20
6.290152508e+20
0
6.137264511e+20
6.069838034e+20
5.988529996e+20
3.553845377e+20
3.506424714e+20
4.624483642e+20
3.422314717e+20
5.642464283e+20
1.113602266e+20
7.712134884e+20
8.698413098e+20
4.30336409e+20
6.371200471e+20
6.304856205e+20
5.18645507e+20
7.18640575e+20
3.040694399e+20
4.01315655e+20
5.944055401e+20
4.903871807e+20
5.811660057e+20
4.79534488e+20
5.684106741e+20
4.690777117e+20
4.634409481e+20
4.590075051e+20
2.721551864e+20
5.391769186e+20
2.664714517e+20
3.519899416e+20
6.960199259e+20
6.034241306e+20
3.410096835e+20
2.534359072e+20
7.521443936e+20
3.312839134e+20
4.097900971e+20
7.31055717e+20
5.628678249e+20
3.187955973e+20
2.367739268e+20
4.693825686e+20
2.025878483e+20
8.098757401e+20
4.043408013e+20
6.058431727e+20
6.042951859e+20
8.044033526e+20
4.007590265e+20
3.998752359e+20
3.980491988e+20
9.923530249e+20
0
5.901456425e+20
0
5.840680407e+20
7.731735521e+20
1.924129601e+20
5.726657438e+20
1.899076106e+20
3.765425137e+20
1.871959919e+20
5.563914066e+20
0
5.474671905e+20
0
7.174798159e+20
3.56116321e+20
3.522581977e+20
3.495116799e+20
8.639426202e+20
3.427259067e+20
8.468469615e+20
6.716026818e+20
0
3.287778561e+20
4.871236718e+20
3.216925727e+20
4.76505533e+20
6.291593297e+20
9.317381609e+20
4.612053803e+20
7.587633605e+20
6.007847477e+20
4.447116017e+20
7.334275142e+20
7.237745431e+20
2.864281559e+20
7.065800727e+20
5.591659628e+20
8.275763307e+20
0
4.038068089e+20
5.32500045e+20
5.253643174e+20
5.195775174e+20
5.126060031e+20
3.802148252e+20
1.25037853e+20
4.94641846e+20
2.440070923e+20
3.619914881e+20
2.381023459e+20
4.710019637e+20
4.647303902e+20
4.596874762e+20
4.535961588e+20
4.487151256e+20
5.535057695e+20
3.285645554e+20
3.242673085e+20
2.138998313e+20
3.166878755e+20
7.312439331e+20
3.09363292e+20
4.0824458e+20
5.038179487e+20
8.976774059e+20
6.894224188e+20
1.95008797e+20
2.888870494e+20
1.906939312e+20
6.592762534e+20
6.528754042e+20
6.45029924e+20
9.126541122e+19
5.411298499e+20
1.786750678e+20
4.415198464e+20
6.12376112e+20
2.594765413e+20
2.570930834e+20
4.237548753e+20
4.199083583e+20
3.323134864e+20
1.646643768e+20
4.073619442e+20
4.844832525e+20
3.996552933e+20
5.545730184e+20
6.276194941e+20
3.110509072e+20
2.010784137e+20
6.028823716e+20
0
0
9.996801719e+20
5.988248738e+20
0
1.984583729e+20
3.951137349e+20
1.182048501e+21
7.837273976e+20
5.858177919e+20
5.821112485e+20
1.932695394e+20
5.756722149e+20
3.820371268e+20
3.790254223e+20
7.541636148e+20
1.86924195e+20
3.717178428e+20
3.682945109e+20
3.659913168e+20
3.624088369e+20
3.599488303e+20
1.781182845e+20
5.304550873e+20
1.749111794e+20
6.942007879e+20
0
6.807673804e+20
6.728807557e+20
5.002926553e+20
4.943311584e+20
4.898610629e+20
6.451762717e+20
3.195572127e+20
4.733655815e+20
6.250235265e+20
0
1.527342532e+20
3.015436928e+20
4.476828282e+20
4.418643188e+20
2.914966682e+20
4.31509877e+20
2.846146924e+20
4.212826456e+20
5.556566374e+20
4.11209066e+20
4.067308689e+20
5.350808618e+20
3.969096774e+20
6.526776263e+20
2.58197434e+20
5.094852702e+20
5.038703699e+20
3.728457247e+20
1.229136179e+20
4.850828515e+20
3.598190852e+20
4.733613485e+20
3.511438609e+20
6.929559835e+20
5.71199198e+20
3.381868095e+20
4.460647912e+20
3.301495098e+20
3.266320477e+20
5.372777843e+20
7.442621344e+20
2.098917358e+20
1.038531167e+20
3.07560538e+20
5.073318241e+20
5.008879772e+20
4.95808913e+20
5.875017897e+20
6.785661269e+20
5.744215552e+20
7.583482703e+20
2.809078358e+20
4.636332181e+20
5.496741267e+20
6.351488235e+20
4.483219e+20
5.329101205e+20
6.145311957e+20
6.088118067e+20
3.439512867e+20
4.259892077e+20
5.897877555e+20
2.504715612e+20
5.781365215e+20
5.729439386e+20
2.429774383e+20
4.816300339e+20
4.767485541e+20
3.937807179e+20
3.899292403e+20
5.41104092e+20
5.987739172e+20
5.984248428e+20
3.9836761e+20
1.989654498e+20
3.969247768e+20
0
0
1.970008555e+20
9.80553125e+20
3.911339176e+20
5.835122783e+20
1.938509853e+20
9.631534269e+20
3.83740581e+20
9.525414941e+20
3.792884627e+20
5.644695986e+20
3.743874555e+20
3.711925447e+20
3.690816316e+20
3.656985368e+20
5.451246305e+20
1.079626402e+21
3.574377771e+20
1.768839626e+20
3.511914202e+20
6.948399516e+20
3.44722151e+20
3.40874554e+20
3.380732703e+20
5.012594267e+20
4.969291422e+20
4.910315932e+20
3.243995756e+20
6.409114533e+20
7.936250355e+20
6.270223209e+20
1.552354355e+20
6.131042715e+20
4.552389826e+20
0
1.482714441e+20
5.854043514e+20
5.792922575e+20
5.717196795e+20
4.242360715e+20
5.582007378e+20
1.380477716e+20
2.724412787e+20
8.084306591e+20
2.658967698e+20
5.259660957e+20
0
1.283127429e+20
6.330028815e+20
5.008249044e+20
6.176752448e+20
3.66527224e+20
4.821865232e+20
4.768968013e+20
7.05827637e+20
3.490612493e+20
6.888652563e+20
3.406975731e+20
3.362001192e+20
4.434455814e+20
3.282184158e+20
2.164814266e+20
1.068293945e+20
4.228148461e+20
4.173451027e+20
3.09749712e+20
4.077048969e+20
3.026354306e+20
6.971886425e+20
3.943533645e+20
3.894064702e+20
4.818908986e+20
7.614769246e+20
4.712324477e+20
3.723834855e+20
2.765748556e+20
3.64334993e+20
1.804235965e+20
3.565860152e+20
5.298310346e+20
4.364115843e+20
5.188189312e+20
8.548931089e+20
3.388151433e+20
2.512967231e+20
3.320203222e+20
2.463275345e+20
5.696020049e+20
4.831091442e+20
3.192068165e+20
5.529348326e+20
4.697584824e+20
3.876238827e+20
4.610634174e+20
3.962520651e+20
7.920436605e+20
1.186340127e+21
3.950142024e+20
5.910309203e+20
3.933773808e+20
1.959942093e+20
7.822583628e+20
5.840562105e+20
1.941467649e+20
5.792909812e+20
0
5.737335858e+20
1.904911567e+20
1.891456359e+20
7.531581361e+20
1.868196266e+20
3.717313342e+20
1.842870839e+20
3.66482549e+20
3.631389028e+20
3.608775016e+20
3.573772701e+20
5.324422744e+20
3.513332604e+20
1.743898503e+20
5.175755463e+20
3.423762765e+20
6.771419502e+20
3.357940037e+20
3.319358823e+20
3.290737023e+20
3.251838559e+20
6.445077493e+20
3.183513241e+20
6.307408479e+20
3.11472139e+20
6.169129245e+20
0
1.507711e+20
0
2.946549077e+20
7.271295818e+20
4.317284057e+20
4.261037212e+20
1.405278968e+20
2.77367431e+20
2.743842478e+20
8.122922629e+20
5.356409534e+20
7.92819544e+20
6.534486059e+20
1.28953702e+20
3.826088435e+20
5.033564267e+20
6.222700403e+20
7.367826747e+20
4.857866843e+20
3.594934322e+20
7.111031489e+20
2.338876614e+20
5.783386594e+20
4.565483622e+20
3.386993452e+20
3.342366343e+20
5.510711889e+20
4.35079708e+20
5.380573961e+20
5.310524366e+20
6.30548623e+20
8.298697947e+20
4.106146328e+20
5.066955584e+20
7.020815343e+20
2.97077457e+20
3.920859752e+20
5.80756566e+20
4.791238527e+20
5.67831848e+20
4.685286148e+20
4.628099593e+20
4.583136607e+20
5.433672433e+20
2.690821859e+20
4.431728774e+20
3.511915502e+20
2.603409145e+20
3.438892794e+20
3.399861879e+20
5.895079895e+20
4.164070865e+20
4.951515185e+20
4.897980736e+20
7.280984977e+20
4.002471223e+20
4.76023242e+20
7.852875509e+20
4.670125844e+20
4.624147494e+20
5.347480989e+20
0
5.897046493e+20
5.888524944e+20
3.921399508e+20
7.823172782e+20
3.905213708e+20
3.891495735e+20
3.882982338e+20
1.932807479e+20
1.927470489e+20
5.751303217e+20
3.821379348e+20
1.898781787e+20
7.565268296e+20
3.756046563e+20
3.739081072e+20
7.420063383e+20
0
3.659924721e+20
5.458797241e+20
1.803074255e+20
5.375607177e+20
1.77456759e+20
7.050386588e+20
8.723296943e+20
3.464008788e+20
3.427128579e+20
3.400621141e+20
5.044474825e+20
1.000635794e+21
3.297285658e+20
4.903359949e+20
3.230419106e+20
1.600681861e+20
3.162743801e+20
1.566589514e+20
4.641892035e+20
4.597020374e+20
6.052559789e+20
4.494249823e+20
7.395199747e+20
2.927908153e+20
5.780494739e+20
2.860146541e+20
1.411503751e+20
4.189642694e+20
1.3782794e+20
5.453880713e+20
8.073222608e+20
1.330921529e+20
6.566732501e+20
5.195905502e+20
3.845312406e+20
1.267691601e+20
3.752602271e+20
1.237107744e+20
2.441358794e+20
2.414525011e+20
4.764964023e+20
4.712740737e+20
2.325157298e+20
5.749487804e+20
1.134711673e+20
5.612073672e+20
3.322959507e+20
6.574475517e+20
2.162821439e+20
2.139790374e+20
6.335922602e+20
6.269172899e+20
4.125523705e+20
4.082570368e+20
4.030348966e+20
6.980603275e+20
4.92299029e+20
2.923833826e+20
6.736819892e+20
4.763884025e+20
4.704944737e+20
4.658556329e+20
4.601710036e+20
6.379791556e+20
5.402677653e+20
3.56728938e+20
2.643854794e+20
4.364819889e+20
4.314201726e+20
2.564415295e+20
2.535282934e+20
5.023960037e+20
4.140141241e+20
4.102547059e+20
5.681363608e+20
6.434671407e+20
3.97930424e+20
4.732685155e+20
1.561443823e+20
4.642986013e+20
6.895691834e+20
5.316257702e+20
3.905181897e+20
3.90292777e+20
5.845973243e+20
1.946536125e+20
3.883379408e+20
5.815597988e+20
3.863515516e+20
3.855079719e+20
3.837924328e+20
3.827347423e+20
7.613720032e+20
3.794153787e+20
3.770624281e+20
1.877915242e+20
3.729559323e+20
3.712747682e+20
5.526060306e+20
3.665305742e+20
3.63446692e+20
5.420890132e+20
7.162512891e+20
7.118092456e+20
5.287252553e+20
3.501105181e+20
0
5.160814295e+20
5.106102133e+20
5.066685377e+20
6.681119503e+20
3.313264438e+20
6.551008236e+20
8.118409938e+20
4.81391997e+20
4.770697738e+20
3.142243606e+20
0
0
7.6126265e+20
6.014067024e+20
4.465733182e+20
5.878885442e+20
5.81900321e+20
2.872204531e+20
8.526985547e+20
5.61108468e+20
4.163771978e+20
2.739653224e+20
9.485858182e+20
2.674709023e+20
3.968520072e+20
3.91627154e+20
5.164603895e+20
2.548195135e+20
1.260112123e+20
6.217166052e+20
4.91905461e+20
2.42694751e+20
6.000716332e+20
5.921267586e+20
5.856401732e+20
2.311597992e+20
2.286393635e+20
4.512518783e+20
3.347723931e+20
3.303776734e+20
5.447116393e+20
3.225583396e+20
5.318735317e+20
5.249697006e+20
6.233275431e+20
4.101970481e+20
1.014815898e+20
4.007397868e+20
2.974649664e+20
5.874013576e+20
4.845356592e+20
4.784703922e+20
1.89473604e+20
3.742610793e+20
2.779277862e+20
4.575619722e+20
6.343607031e+20
3.581356312e+20
4.433810761e+20
5.257689431e+20
5.208036261e+20
2.573802239e+20
5.099657679e+20
4.201393341e+20
4.162770537e+20
3.293188063e+20
5.710743523e+20
4.034852936e+20
5.598060995e+20
5.538965464e+20
3.921212404e+20
3.881045273e+20
3.846799833e+20
4.57042221e+20
6.040453618e+20
3.877130331e+20
5.812349454e+20
5.804032106e+20
7.730302633e+20
0
7.69863964e+20
1.917967393e+20
0
5.715941383e+20
3.800146089e+20
5.669857629e+20
1.88365671e+20
5.616096754e+20
3.729404006e+20
0
1.843391308e+20
5.487615544e+20
5.459765799e+20
3.609360833e+20
3.589003909e+20
1.778352835e+20
3.534692263e+20
1.750432691e+20
3.477344029e+20
3.442262657e+20
0
1.690657932e+20
1.677631939e+20
3.318433332e+20
3.291369482e+20
3.254008464e+20
3.226103398e+20
3.188415715e+20
7.899594197e+20
4.683011183e+20
3.092919811e+20
0
1.512835405e+20
0
2.958384095e+20
4.381558376e+20
2.89132504e+20
7.135963913e+20
4.23709668e+20
4.182437931e+20
4.138218801e+20
4.084430613e+20
6.734383038e+20
1.329270841e+20
5.259424283e+20
2.595192411e+20
6.417096462e+20
6.332578283e+20
3.757868222e+20
3.708260525e+20
4.890024969e+20
3.619058051e+20
5.965537498e+20
9.418780191e+20
2.328911939e+20
3.447293869e+20
4.546294862e+20
0
5.547381128e+20
4.379752221e+20
4.332692738e+20
2.138098537e+20
2.115338392e+20
5.219802893e+20
4.131857815e+20
5.098355834e+20
3.027166061e+20
1.992353342e+20
1.971870111e+20
2.92040914e+20
4.817969933e+20
2.854621129e+20
6.594142085e+20
2.791129891e+20
4.60600134e+20
3.63985887e+20
3.604474657e+20
8.902894883e+19
4.408795293e+20
8.713347033e+19
4.315520538e+20
5.118499768e+20
4.22567897e+20
4.177587982e+20
5.79484947e+20
4.911717259e+20
4.867109286e+20
6.418966749e+20
3.180658546e+20
3.147012507e+20
3.119024113e+20
5.402236487e+20
6.119522396e+20
3.786687513e+20
5.254892355e+20
5.774218333e+20
5.770906783e+20
1.920896161e+20
1.918814013e+20
1.914084259e+20
5.732952906e+20
5.713117572e+20
1.900230232e+20
7.567432793e+20
3.773328672e+20
0
5.611275197e+20
3.717876274e+20
1.851673405e+20
3.677689967e+20
1.8305891e+20
3.63313467e+20
5.422099954e+20
0
5.346633692e+20
3.532489209e+20
3.510669332e+20
6.954439051e+20
6.90780645e+20
5.128811025e+20
1.697276022e+20
3.358865764e+20
4.999553954e+20
6.593196193e+20
3.269762001e+20
1.616396551e+20
4.807679096e+20
1.108737344e+21
3.139476041e+20
4.65304542e+20
4.609763555e+20
3.035745569e+20
4.509804212e+20
2.969265936e+20
5.879695929e+20
2.902864132e+20
1.436687087e+20
7.09196583e+20
2.807350281e+20
6.928131014e+20
5.483969801e+20
2.70645661e+20
2.677460731e+20
7.927705843e+20
3.920903738e+20
7.739171267e+20
1.275779658e+20
2.518046898e+20
3.735665572e+20
2.45765354e+20
6.076669941e+20
5.996573512e+20
3.558461236e+20
4.682086434e+20
2.31542131e+20
5.712370853e+20
3.39008074e+20
4.460768757e+20
6.618709144e+20
4.354757378e+20
4.307977583e+20
2.125947834e+20
3.154981163e+20
5.190247313e+20
4.108466554e+20
6.083492604e+20
2.006719678e+20
4.952838779e+20
3.921533819e+20
3.871997376e+20
1.916356448e+20
4.731002898e+20
2.810197832e+20
5.55095839e+20
7.328265634e+20
7.238906698e+20
2.688195233e+20
5.311779223e+20
6.13768472e+20
4.332216871e+20
6.007800586e+20
4.241435271e+20
3.361530851e+20
4.984861042e+20
3.292681407e+20
4.069974598e+20
6.452813135e+20
3.9891162e+20
4.743947665e+20
3.129107968e+20
2.325961847e+20
2.302014202e+20
3.802855604e+20
3.764942494e+20
5.224737886e+20
3.82221907e+20
1.91001697e+20
5.721929697e+20
5.715740916e+20
1.33040167e+21
3.795003332e+20
3.781938049e+20
3.773727143e+20
3.75718264e+20
5.62033065e+20
1.86356219e+20
3.714756029e+20
3.692051853e+20
1.838825605e+20
5.478438882e+20
1.817963487e+20
0
3.589966831e+20
3.560175042e+20
1.770087723e+20
5.262900425e+20
3.486970733e+20
3.453890948e+20
5.146164501e+20
5.094688237e+20
8.43003663e+20
0
1.655550317e+20
1.637524167e+20
4.872654558e+20
6.423705174e+20
6.368813222e+20
3.147490598e+20
4.679062709e+20
1.54115357e+20
3.053682076e+20
7.54155862e+20
1.493820985e+20
7.376839227e+20
2.921542668e+20
1.442457058e+20
2.85564483e+20
7.048506978e+20
4.18527304e+20
6.886049634e+20
4.08804196e+20
5.380316342e+20
2.661364143e+20
0
2.598347673e+20
5.128876819e+20
3.804691307e+20
2.503238724e+20
3.713723742e+20
3.664954449e+20
1.2082454e+20
2.38471673e+20
1.179280578e+20
4.655097544e+20
4.604172151e+20
5.679631555e+20
4.4942204e+20
2.217668156e+20
3.290497836e+20
3.247534652e+20
2.141771398e+20
7.398770592e+20
3.137158404e+20
4.128819638e+20
9.192011955e+20
2.016448631e+20
1.995456519e+20
7.880173185e+20
2.924682072e+20
2.887770336e+20
3.811291995e+20
4.704601898e+20
3.726015814e+20
4.600005061e+20
5.465542691e+20
4.499094181e+20
2.673203572e+20
5.282155662e+20
4.359601728e+20
3.446426619e+20
6.827715827e+20
4.217722216e+20
2.507048387e+20
5.783088488e+20
3.274229412e+20
6.475378033e+20
3.208279611e+20
4.75996137e+20
4.717212289e+20
3.889257511e+20
2.312806129e+20
3.814890895e+20
3.781257852e+20
5.240824106e+20
5.194927517e+20
1.897671307e+20
3.793179638e+20
1.893914475e+20
1.891870437e+20
1.132351654e+21
3.768415893e+20
3.755505762e+20
3.747367291e+20
3.731018434e+20
5.581220292e+20
9.253207371e+20
5.533535161e+20
9.166459278e+20
3.652309729e+20
1.813621791e+20
3.611021678e+20
1.791808386e+20
3.565537427e+20
1.768040723e+20
7.032512162e+20
8.712580729e+20
6.927179883e+20
1.715436653e+20
1.022387128e+21
8.435027493e+20
6.699549103e+20
3.314848182e+20
3.28945213e+20
3.25377848e+20
4.841080672e+20
4.786772417e+20
4.745939722e+20
3.1274195e+20
1.549764999e+20
6.12566644e+20
6.068868382e+20
1.49887036e+20
4.453475688e+20
4.398652941e+20
2.903463921e+20
1.433592363e+20
2.838132932e+20
2.802231002e+20
4.159833718e+20
1.368895274e+20
2.708938062e+20
4.011082286e+20
3.968189911e+20
1.30559573e+20
5.165888677e+20
2.549333134e+20
3.782310092e+20
6.221509252e+20
3.692038162e+20
4.858238019e+20
0
3.556446779e+20
2.344973211e+20
3.471313511e+20
2.288903565e+20
5.647265395e+20
5.585784971e+20
8.820384445e+20
3.271854774e+20
4.305613893e+20
3.194537725e+20
8.408224336e+20
4.15938117e+20
5.132129007e+20
3.046852253e+20
3.007790186e+20
1.984319087e+20
6.856761094e+20
6.786260071e+20
7.657927986e+20
1.895054602e+20
5.614192704e+20
2.779000028e+20
5.489397023e+20
8.152839375e+20
5.368981609e+20
4.430630328e+20
4.377383906e+20
4.335414339e+20
4.284118175e+20
1.697449922e+20
6.710836541e+20
3.324140622e+20
4.107763443e+20
4.883974609e+20
4.02450338e+20
5.583121604e+20
3.155523786e+20
3.127184379e+20
3.867379011e+20
5.366196251e+20
5.310672885e+20
5.263865651e+20
4.466631807e+20
2.951688795e+20
3.768841489e+20
7.533400531e+20
3.761411794e+20
5.636041266e+20
1.12447028e+21
3.7421984e+20
3.729440386e+20
7.442746276e+20
3.705216112e+20
5.542650488e+20
7.351594768e+20
5.495467358e+20
1.092439358e+21
9.068287744e+20
5.403803743e+20
5.379682878e+20
7.118721152e+20
1.770719127e+20
5.268467649e+20
6.985315544e+20
3.461778809e+20
1.720260303e+20
5.112240635e+20
3.385439402e+20
1.675928973e+20
4.991738846e+20
4.939903813e+20
1.634042436e+20
6.46556624e+20
6.413217784e+20
3.170775005e+20
4.715660876e+20
4.661404142e+20
4.619903647e+20
3.043603826e+20
1.507713716e+20
5.95818583e+20
2.950557213e+20
2.914360496e+20
5.771215088e+20
4.274507876e+20
5.641669007e+20
5.570534238e+20
0
2.721360831e+20
2.692711568e+20
3.987214778e+20
5.25948939e+20
1.297890328e+20
3.851583829e+20
8.870416675e+20
2.506793769e+20
8.659485827e+20
6.117673949e+20
8.452845748e+20
7.165880608e+20
2.357370012e+20
2.331540932e+20
5.752553196e+20
3.413806754e+20
6.738319237e+20
4.443325377e+20
7.67433032e+20
6.50684355e+20
1.070363939e+20
2.117747728e+20
1.045155229e+20
7.238257202e+20
3.062133136e+20
2.019927652e+20
6.979221312e+20
5.919915871e+20
9.741136829e+19
6.748682784e+20
5.711706036e+20
4.71145072e+20
1.861069645e+20
2.763659452e+20
4.549271302e+20
6.30611832e+20
7.119173665e+20
1.76247757e+20
2.611944431e+20
4.311493857e+20
6.816747408e+20
3.37615117e+20
5.839515868e+20
4.958633551e+20
4.902005296e+20
4.047423711e+20
6.403434673e+20
3.965787457e+20
3.137938209e+20
1.554878498e+20
3.076596226e+20
6.860808468e+20
3.772026825e+20
5.982064078e+20
3.701180507e+20
5.136315785e+20
5.614061832e+20
1.870294012e+20
7.470721126e+20
1.865673054e+20
7.444652399e+20
3.716343185e+20
1.851867167e+20
1.847868562e+20
5.519652325e+20
9.174350184e+20
5.475990579e+20
1.819306583e+20
1.808343586e+20
1.801330122e+20
3.578162403e+20
7.124441654e+20
3.535430535e+20
1.758831332e+20
1.744429757e+20
1.734687049e+20
3.438833582e+20
5.126634819e+20
3.385746289e+20
8.408043312e+20
3.3299939e+20
6.612325997e+20
9.815908103e+20
4.870490116e+20
3.212056972e+20
3.186096502e+20
3.150627727e+20
6.247687914e+20
7.720088942e+20
3.060587713e+20
1.512307191e+20
2.996657296e+20
5.921351357e+20
5.864715892e+20
5.793014299e+20
4.301954188e+20
4.248557622e+20
4.205618499e+20
4.152761083e+20
8.219743398e+20
6.762817823e+20
5.353356619e+20
1.321209878e+20
3.921322587e+20
2.580550689e+20
5.105358252e+20
6.29912553e+20
3.738328426e+20
6.14960274e+20
7.298836009e+20
0
5.937336228e+20
4.687861022e+20
2.31826166e+20
2.287983001e+20
1.13149317e+20
7.817078167e+20
4.418307704e+20
3.270562284e+20
6.470390617e+20
5.321958999e+20
5.264842167e+20
3.118043047e+20
5.141463631e+20
6.090357431e+20
5.021864143e+20
5.949167657e+20
5.887239243e+20
4.843748981e+20
2.876365439e+20
4.733595802e+20
4.68555281e+20
5.552565278e+20
5.496974624e+20
4.524321781e+20
2.687795629e+20
1.770034502e+20
8.764051186e+19
2.597617434e+20
6.860537419e+20
6.779321262e+20
5.875814773e+20
4.148147713e+20
4.109466281e+20
5.687494661e+20
5.635164077e+20
4.776044374e+20
7.098976348e+20
4.680821329e+20
4.638784165e+20
4.589222691e+20
5.306506309e+20
3.750953988e+20
3.717911871e+20
5.152565253e+20
5.837146401e+20
7.433868437e+20
3.714835329e+20
7.419335414e+20
1.852844565e+20
3.69677383e+20
1.845421396e+20
5.517570338e+20
1.83522595e+20
5.482001244e+20
5.467088332e+20
5.438797279e+20
5.420881745e+20
7.184489447e+20
5.367507426e+20
3.554116563e+20
8.845779296e+20
5.267730172e+20
1.747102091e+20
5.19857756e+20
3.446398807e+20
3.416190522e+20
3.39529174e+20
6.727250092e+20
5.011927616e+20
3.308413244e+20
1.642390155e+20
1.625471639e+20
4.839258665e+20
3.191594891e+20
6.331689751e+20
1.565367434e+20
1.552082548e+20
1.074049642e+21
6.082962462e+20
4.508790636e+20
1.489059696e+20
5.884969518e+20
4.371572719e+20
1.439435605e+20
1.425272843e+20
5.630560734e+20
8.360587898e+20
2.751948148e+20
6.808896762e+20
4.033628935e+20
1.330417428e+20
2.626881245e+20
1.299433881e+20
2.565498394e+20
8.882338294e+20
7.515199376e+20
2.477812632e+20
4.891415368e+20
7.256949614e+20
1.193769161e+20
4.722796393e+20
4.661286759e+20
2.305132796e+20
5.68772912e+20
5.625616457e+20
4.441874423e+20
3.295177629e+20
5.420552328e+20
1.072390641e+20
5.292429674e+20
5.235642537e+20
9.302438879e+20
5.11306086e+20
2.018940672e+20
4.994216961e+20
5.916508184e+20
3.903280913e+20
3.85377863e+20
4.767687849e+20
1.883089016e+20
3.727950444e+20
6.442632189e+20
7.289282262e+20
2.699786657e+20
3.564174546e+20
6.161337086e+20
6.101369324e+20
6.02804242e+20
1.705774452e+20
3.371151918e+20
2.504451213e+20
3.300370803e+20
4.086986594e+20
4.848281568e+20
2.401833127e+20
2.374902139e+20
3.922204843e+20
6.206697188e+20
6.91982669e+20
3.803195895e+20
4.52327704e+20
4.476138353e+20
4.436718689e+20
2.927887167e+20
7.255731243e+20
5.537269643e+20
0
3.684325883e+20
1.840191291e+20
0
3.665689964e+20
3.653370883e+20
1.093653094e+21
3.629906894e+20
1.810024873e+20
7.202807746e+20
5.38434304e+20
3.568130432e+20
1.421737009e+21
7.060783502e+20
1.054416426e+21
1.744261477e+20
6.942113012e+20
0
0
1.696921849e+20
0
1.002537297e+21
8.299092564e+20
1.643555251e+20
3.26367243e+20
6.46037139e+20
1.6028084e+20
7.928479659e+20
6.291698144e+20
4.666637453e+20
7.711831552e+20
6.099262498e+20
7.556529557e+20
4.481006398e+20
4.439714152e+20
2.924516012e+20
4.344937099e+20
2.861448731e+20
1.416666173e+20
2.798394018e+20
4.155272562e+20
2.73558582e+20
4.061095582e+20
1.336616954e+20
5.290355708e+20
3.917286618e+20
2.583699611e+20
2.55062068e+20
5.046229909e+20
1.245325278e+20
4.927143816e+20
3.647603634e+20
3.607770615e+20
8.308974224e+20
5.870038329e+20
3.476259063e+20
1.146075899e+20
4.524689502e+20
2.237649463e+20
3.312844442e+20
2.184554052e+20
6.468605259e+20
4.265797655e+20
2.105290493e+20
6.248118015e+20
2.055848167e+20
7.118958244e+20
5.019711578e+20
1.986749011e+20
2.942102669e+20
5.822956377e+20
5.749183844e+20
8.53509475e+20
3.745704466e+20
0
5.49227614e+20
4.531062271e+20
6.265328739e+20
2.658625344e+20
8.754171255e+19
6.935161105e+20
3.425906454e+20
5.93780654e+20
3.352844234e+20
4.151409244e+20
4.103026044e+20
2.438850904e+20
3.214572592e+20
3.184987003e+20
3.936542449e+20
3.900770791e+20
4.629507272e+20
8.411208101e+20
6.051635734e+20
2.249198425e+20
2.96760549e+20
4.41221678e+20
2.91163381e+20
3.607740529e+20
7.332874668e+20
3.664379284e+20
7.318655887e+20
5.483128996e+20
9.116768201e+20
1.820438823e+20
1.81434966e+20
1.810452704e+20
5.408219313e+20
7.191411628e+20
8.943176803e+20
3.56552907e+20
0
7.061332884e+20
3.506981579e+20
3.491443593e+20
3.465532859e+20
5.172320248e+20
1.026103496e+21
1.700674595e+20
3.371787335e+20
1.675618298e+20
6.640477136e+20
1.649133841e+20
8.165200847e+20
4.864251143e+20
1.604845754e+20
1.592660719e+20
1.5757215e+20
1.094136496e+21
6.183386725e+20
4.598312897e+20
1.515392542e+20
1.501987552e+20
4.453562488e+20
2.941723248e+20
2.90676539e+20
0
5.688471718e+20
5.632651291e+20
2.781709033e+20
0
6.798542286e+20
1.34571304e+20
5.315135317e+20
3.944556051e+20
6.490865223e+20
0
6.339786318e+20
5.017176382e+20
2.476399622e+20
3.67424091e+20
2.417922559e+20
2.391534239e+20
5.901499464e+20
4.669566605e+20
4.609031957e+20
3.418974272e+20
3.374609842e+20
6.675577796e+20
2.196325837e+20
6.517375381e+20
3.21647264e+20
3.181720965e+20
2.093737324e+20
3.106922575e+20
1.022305938e+20
5.057186457e+20
1.99694902e+20
5.927791078e+20
3.901502207e+20
4.826115429e+20
2.859020419e+20
4.71603212e+20
4.656815363e+20
3.687631709e+20
5.462619879e+20
3.605272285e+20
6.231524047e+20
2.644276356e+20
3.482778974e+20
5.173302754e+20
4.259273684e+20
5.062073443e+20
2.501050743e+20
4.128978182e+20
4.080831327e+20
3.234205639e+20
5.595009756e+20
4.751578695e+20
6.264239575e+20
5.431397623e+20
3.06951323e+20
2.281460638e+20
6.770839929e+20
4.47378887e+20
4.426949877e+20
3.656653342e+20
4.343339862e+20
3.587837488e+20
5.462549917e+20
1.819830889e+20
7.269333875e+20
7.261584877e+20
1.811089568e+20
3.616398969e+20
1.802179372e+20
1.798315206e+20
3.58137876e+20
5.357530664e+20
5.330188276e+20
3.541815786e+20
5.281290359e+20
1.753651847e+20
3.483879829e+20
5.202708113e+20
5.1642657e+20
1.712834593e+20
3.39810092e+20
3.379263165e+20
8.375039518e+20
3.329634984e+20
3.298962362e+20
4.915757548e+20
8.113293894e+20
4.833390263e+20
4.784183606e+20
3.165281447e+20
4.697615303e+20
6.21321157e+20
4.608803242e+20
3.046588543e+20
1.506085209e+20
2.985566795e+20
5.901936924e+20
2.923856753e+20
2.889228946e+20
2.861751913e+20
2.827228835e+20
2.799521889e+20
4.147832749e+20
4.10611776e+20
4.055157032e+20
8.026927279e+20
2.64208396e+20
1.3072051e+20
7.744029542e+20
3.830832528e+20
3.782065478e+20
3.741341617e+20
1.23115542e+20
6.088939884e+20
1.202132703e+20
4.756084086e+20
2.347357199e+20
3.482549361e+20
2.291670727e+20
2.266623518e+20
4.474549437e+20
4.425747319e+20
5.460558927e+20
5.401240187e+20
2.132558772e+20
1.054762288e+20
5.205775658e+20
2.059982076e+20
3.050246612e+20
5.029704704e+20
2.979197821e+20
2.94784334e+20
6.790754151e+20
2.88003108e+20
0
3.752497394e+20
5.558126904e+20
1.833898813e+20
9.055470274e+19
5.378857636e+20
3.541761248e+20
4.38346904e+20
3.46409215e+20
3.43035732e+20
5.930977326e+20
3.356595646e+20
4.975228498e+20
3.285430575e+20
4.870650525e+20
4.825199201e+20
3.974890181e+20
2.362978116e+20
6.23038124e+20
5.402037039e+20
3.816088406e+20
5.294545741e+20
3.74110837e+20
5.932598208e+20
4.402758825e+20
3.636679974e+20
4.31949376e+20
1.427261137e+20
5.425941184e+20
3.615275492e+20
7.220672196e+20
1.803247577e+20
5.396968115e+20
7.184494495e+20
5.370513799e+20
7.145357464e+20
3.55759804e+20
3.547987157e+20
5.294942833e+20
5.277623756e+20
3.497691725e+20
3.484248101e+20
6.922160893e+20
3.445800858e+20
6.840899804e+20
6.806835491e+20
3.37614431e+20
1.678731055e+20
4.992785447e+20
3.308310071e+20
8.194892743e+20
6.512687727e+20
3.224817091e+20
3.201945669e+20
6.338947047e+20
1.572746019e+20
6.224577641e+20
4.631023537e+20
6.107227181e+20
3.027868081e+20
5.987566029e+20
2.967382724e+20
2.933113965e+20
8.718617913e+20
4.307854242e+20
5.689256994e+20
4.215635982e+20
2.782917463e+20
1.37446446e+20
4.081973902e+20
2.68764581e+20
5.320085635e+20
2.626779642e+20
2.599293228e+20
3.849768996e+20
5.078478438e+20
2.507005171e+20
7.440092327e+20
3.672572192e+20
3.632722856e+20
5.976904159e+20
4.729402458e+20
3.501393541e+20
4.617523331e+20
4.55793576e+20
1.127035717e+20
3.33742037e+20
3.301035551e+20
4.344507894e+20
4.297329414e+20
6.36279197e+20
4.196057041e+20
7.248525399e+20
5.122012637e+20
4.045007565e+20
4.002016015e+20
3.9508626e+20
5.863928156e+20
3.859586061e+20
7.638829078e+20
3.771170785e+20
8.397870706e+20
8.292595288e+20
6.384307576e+20
4.503548242e+20
4.458431077e+20
6.16499734e+20
6.976101545e+20
1.722802391e+20
5.118065681e+20
4.21379517e+20
5.842671116e+20
2.474321354e+20
5.718769682e+20
3.229723632e+20
6.399159299e+20
3.953575885e+20
3.13373908e+20
1.549221737e+20
3.837851556e+20
3.036407713e+20
5.265994611e+20
6.69754903e+20
3.687809883e+20
3.6490256e+20
3.616923618e+20
3.579923393e+20
4.258419621e+20
5.389819872e+20
7.182427632e+20
3.586328839e+20
3.582520901e+20
3.574099579e+20
5.352623963e+20
5.334966373e+20
1.774521977e+20
3.534131051e+20
3.524599654e+20
5.260160443e+20
0
1.737413066e+20
5.192240467e+20
1.719288767e+20
5.135136137e+20
1.699172721e+20
3.381453509e+20
3.354469621e+20
0
1.653652733e+20
3.287256573e+20
0
6.471558192e+20
3.204573998e+20
3.1818857e+20
4.724610197e+20
3.125948538e+20
6.186148646e+20
3.068329525e+20
3.034923317e+20
6.018752558e+20
7.43904684e+20
4.424128228e+20
1.457737111e+20
4.333150529e+20
8.564349818e+20
4.24156317e+20
4.190726602e+20
1.383254422e+20
5.465653762e+20
1.352704105e+20
2.672037029e+20
6.611560132e+20
5.223303205e+20
6.460875175e+20
3.827777377e+20
2.524757182e+20
4.985592534e+20
6.164986271e+20
8.521130778e+20
1.20410457e+20
3.566113147e+20
4.703018527e+20
3.481969219e+20
3.443950731e+20
9.065620324e+20
4.483315213e+20
3.319131331e+20
4.37728099e+20
2.160414796e+20
5.342405539e+20
2.109428662e+20
2.086657084e+20
3.089739444e+20
4.075497334e+20
5.029070152e+20
3.980502089e+20
4.912113508e+20
4.860424959e+20
2.879222949e+20
6.648264088e+20
4.688836539e+20
5.568736454e+20
6.415480364e+20
1.814381359e+20
4.479618384e+20
2.660841224e+20
3.50415076e+20
4.336906512e+20
3.427313698e+20
5.090887134e+20
5.029701813e+20
3.320933233e+20
4.101949615e+20
4.875739444e+20
4.015664881e+20
3.978179011e+20
4.718986744e+20
4.675531462e+20
3.081875429e+20
6.871188825e+20
4.530181961e+20
2.244749895e+20
6.66149538e+20
5.135146601e+20
3.629301081e+20
3.597380756e+20
3.560482128e+20
4.941194322e+20
0
7.134940619e+20
3.562638748e+20
7.117726567e+20
3.550535289e+20
8.862247043e+20
5.29988643e+20
3.525719828e+20
5.266457435e+20
3.501518462e+20
5.225832041e+20
1.736265716e+20
1.726128778e+20
0
3.416365345e+20
5.102004113e+20
0
3.35977095e+20
6.666142915e+20
4.972039711e+20
3.286356103e+20
4.899704014e+20
4.855108424e+20
3.215472443e+20
9.553750391e+20
4.743113273e+20
3.130250942e+20
0
3.074095621e+20
4.574314394e+20
3.016460448e+20
5.982217944e+20
2.957673546e+20
7.329177758e+20
4.347068071e+20
4.307304161e+20
4.256799914e+20
2.810989148e+20
0
5.500585174e+20
5.433824762e+20
1.344842692e+20
3.98491275e+20
3.944074508e+20
5.193393631e+20
2.569577744e+20
3.806035583e+20
2.5104394e+20
2.478747518e+20
4.904232459e+20
1.210495104e+20
5.986887676e+20
8.274714682e+20
3.507695505e+20
3.462759225e+20
6.849941005e+20
4.507960055e+20
3.344069644e+20
4.401388862e+20
2.176721862e+20
3.223055994e+20
5.313466268e+20
4.196101495e+20
4.1508165e+20
4.097530829e+20
4.053621941e+20
5.002171696e+20
5.938827351e+20
2.931558535e+20
2.90071331e+20
9.546402506e+19
5.668227689e+20
5.596771256e+20
5.539208925e+20
4.558234011e+20
2.707166391e+20
5.347129784e+20
4.411290215e+20
2.614232608e+20
4.31399424e+20
5.113823676e+20
7.595993573e+20
5.00313311e+20
6.606769396e+20
3.264209669e+20
2.424975997e+20
4.793283347e+20
3.165687231e+20
3.129300615e+20
3.1004803e+20
3.831854535e+20
4.556425261e+20
3.004008681e+20
5.209806274e+20
5.153421633e+20
6.566987405e+20
5.053704116e+20
3.578047946e+20
4.249501056e+20
6.318673048e+20
5.31900108e+20
3.544038704e+20
1.76962979e+20
8.838790169e+20
5.290919529e+20
5.282534403e+20
1.755088269e+20
3.50270027e+20
1.744056875e+20
6.957475203e+20
1.730649599e+20
0
3.429980251e+20
3.416864847e+20
6.788876566e+20
1.689765628e+20
3.354982679e+20
5.007547028e+20
0
8.234286695e+20
4.898505702e+20
6.491886719e+20
3.216516165e+20
7.988547692e+20
1.582420395e+20
1.571255239e+20
3.11100145e+20
4.63137174e+20
3.0553484e+20
3.030984984e+20
2.998220856e+20
0
2.939943504e+20
5.828271398e+20
1.440411841e+20
1.427254767e+20
4.231723878e+20
6.986165184e+20
8.283561269e+20
1.367132665e+20
2.701182163e+20
1.337072127e+20
2.641357119e+20
1.30715831e+20
3.872868482e+20
2.554973337e+20
2.523026254e+20
6.240707731e+20
1.232428116e+20
7.315179859e+20
6.01880783e+20
3.572175743e+20
7.053436488e+20
3.488343038e+20
2.29584002e+20
6.812396668e+20
5.604226166e+20
7.760324882e+20
1.094382692e+20
1.082466168e+20
4.274238943e+20
6.341806594e+20
4.173589832e+20
4.128560095e+20
3.056734032e+20
6.047970192e+20
6.965783226e+20
4.922700975e+20
4.860025913e+20
5.770672839e+20
5.697560697e+20
3.758842327e+20
3.71150223e+20
5.509992877e+20
3.627389915e+20
5.385824888e+20
3.546010849e+20
5.265709978e+20
5.200995993e+20
3.433058232e+20
5.086961998e+20
3.358257933e+20
4.976843624e+20
4.107525811e+20
5.682323755e+20
3.216290592e+20
6.357383468e+20
3.149008864e+20
3.890982789e+20
3.084114247e+20
5.336214226e+20
2.266157921e+20
1.494033533e+20
5.92246785e+20
4.393693441e+20
6.53201986e+20
2.872387934e+20
2.847137455e+20
3.522226263e+20
5.586444589e+20
3.522856677e+20
5.281369341e+20
8.79046314e+20
7.02494637e+20
0
3.498782322e+20
0
3.479979354e+20
5.198327371e+20
3.45625125e+20
5.158502105e+20
8.569570992e+20
1.703994305e+20
5.092468846e+20
1.011837268e+21
3.358004224e+20
6.667427294e+20
3.317229467e+20
4.936625711e+20
1.636500044e+20
3.245243611e+20
6.451347459e+20
3.196544511e+20
6.351228573e+20
7.863353489e+20
7.807965161e+20
3.091987261e+20
4.603122755e+20
3.036828451e+20
3.012651541e+20
7.450501293e+20
7.388079219e+20
2.922424764e+20
2.896808819e+20
5.727610911e+20
5.675367375e+20
7.011569248e+20
0
5.490311885e+20
4.077635681e+20
8.056899131e+20
1.329390843e+20
3.939419778e+20
5.198843828e+20
6.418238067e+20
1.016213601e+21
2.508856421e+20
6.205713861e+20
3.676679663e+20
4.849646172e+20
7.182615156e+20
5.920732339e+20
5.84557566e+20
5.7820049e+20
4.566624246e+20
3.387630823e+20
2.229534193e+20
6.61566956e+20
2.176964964e+20
4.30653966e+20
3.188488786e+20
0
2.075659212e+20
5.133176365e+20
5.067490585e+20
3.00792613e+20
6.928920407e+20
4.896657665e+20
4.83439418e+20
4.783536163e+20
4.722998642e+20
3.739076285e+20
7.384060214e+20
5.481083406e+20
3.60839369e+20
3.571743749e+20
6.17306298e+20
4.365135803e+20
3.449209263e+20
4.268888387e+20
1.68679368e+20
4.175880212e+20
5.775967137e+20
4.903257287e+20
3.230054256e+20
5.599051337e+20
5.533565795e+20
4.698757973e+20
4.644667854e+20
3.834900082e+20
3.791522031e+20
3.757050184e+20
3.715367194e+20
2.945602481e+20
5.098820523e+20
5.053551012e+20
2.857109232e+20
3.539999079e+20
2.802723972e+20
6.251189574e+20
7.000025574e+20
5.247130397e+20
5.240114775e+20
8.724321808e+20
0
6.952342246e+20
0
0
0
5.151080598e+20
3.416989056e+20
1.702952863e+20
5.079415765e+20
3.373372193e+20
3.351417856e+20
3.336749703e+20
3.312712588e+20
1.64818009e+20
4.905726295e+20
4.878816634e+20
1.612535354e+20
3.20565568e+20
7.942048348e+20
1.578026739e+20
4.689121217e+20
1.552048932e+20
7.683010217e+20
3.050144192e+20
6.037063331e+20
7.486346376e+20
7.405988753e+20
4.406420809e+20
1.452556785e+20
5.759373532e+20
5.69397423e+20
7.052637593e+20
1.394149265e+20
4.142993837e+20
1.091723948e+21
6.756911874e+20
2.670261914e+20
3.965391933e+20
7.834121206e+20
1.292347983e+20
2.552842705e+20
1.263128479e+20
4.989689724e+20
3.702666149e+20
2.437535575e+20
2.411403092e+20
8.333617282e+20
3.532919954e+20
1.162728074e+20
6.900543469e+20
4.541840415e+20
3.369264641e+20
5.543772629e+20
3.29001023e+20
5.413227758e+20
3.212598454e+20
5.285802914e+20
4.182799604e+20
6.193925172e+20
7.148322496e+20
5.040710521e+20
3.989382436e+20
5.90781059e+20
9.741776933e+19
6.732643948e+20
3.806755456e+20
6.577607783e+20
4.649396297e+20
5.509141854e+20
4.543729761e+20
1.794797695e+20
2.664850161e+20
3.509111263e+20
6.079386446e+20
6.004733519e+20
5.096024797e+20
6.712101903e+20
3.323332961e+20
3.283389917e+20
3.251834492e+20
2.409932397e+20
3.182800495e+20
7.077503392e+20
2.337130388e+20
3.850343642e+20
4.577842592e+20
3.771672504e+20
2.98990294e+20
5.913372195e+20
5.127736596e+20
4.347387052e+20
6.463190159e+20
5.683984421e+20
4.929787098e+20
6.272610739e+20
4.836210951e+20
3.47746325e+20
6.951110045e+20
3.470927592e+20
5.200915384e+20
0
6.907700602e+20
3.442707848e+20
6.870820994e+20
5.131937537e+20
6.824279036e+20
3.39525671e+20
6.768523373e+20
3.364840627e+20
3.352038448e+20
6.660627984e+20
1.657881275e+20
4.937961703e+20
4.913627754e+20
6.500281714e+20
4.848514287e+20
9.615441146e+20
4.778826835e+20
4.736004169e+20
4.705098259e+20
1.553527338e+20
3.085241572e+20
3.054647742e+20
4.54764615e+20
3.000454035e+20
2.97664206e+20
7.362004928e+20
4.380307309e+20
1.444003129e+20
1.431382964e+20
4.245547741e+20
5.609240274e+20
1.386079203e+20
1.373021065e+20
2.713645688e+20
4.030927622e+20
5.310131471e+20
3.942870105e+20
3.894953806e+20
1.02805437e+21
6.346379983e+20
8.792488187e+20
3.721483407e+20
2.45475616e+20
2.424101113e+20
5.995327059e+20
3.552009147e+20
7.027227674e+20
2.312820848e+20
5.719243367e+20
4.517324144e+20
3.351096532e+20
4.411225861e+20
3.272376749e+20
4.30748355e+20
4.260635513e+20
5.257758625e+20
6.240933492e+20
5.134351447e+20
3.047400193e+20
5.014212017e+20
4.960524186e+20
2.938436989e+20
6.783544705e+20
1.913573335e+20
2.840168604e+20
2.804304637e+20
4.625201694e+20
7.307384902e+20
5.424165097e+20
7.141983877e+20
3.534716275e+20
4.36368495e+20
6.911899518e+20
2.560146629e+20
5.914602401e+20
4.173369892e+20
6.612282947e+20
3.266404752e+20
6.47001355e+20
4.794909327e+20
4.749473449e+20
3.129247431e+20
4.650017689e+20
3.064272604e+20
3.795045747e+20
4.502435675e+20
5.948659343e+20
4.411862245e+20
2.914829503e+20
5.045364294e+20
4.286210943e+20
3.533792894e+20
4.203301102e+20
2.773087541e+20
4.123421544e+20
6.910404826e+20
8.633278803e+20
0
5.167668256e+20
5.15583889e+20
1.715907149e+20
8.551977438e+20
5.12032717e+20
3.399583002e+20
3.39050322e+20
5.060698584e+20
3.362890999e+20
3.343673776e+20
3.330972843e+20
6.618948493e+20
6.590075507e+20
1.635747191e+20
1.627699786e+20
6.460098071e+20
3.212390688e+20
3.185468046e+20
4.749533727e+20
3.138090409e+20
3.117645997e+20
3.088258737e+20
4.599919481e+20
3.036314143e+20
6.027208393e+20
1.491295823e+20
7.397395528e+20
2.927416182e+20
5.806001993e+20
7.177748113e+20
4.269064172e+20
4.220904258e+20
2.788375621e+20
5.51240812e+20
1.365135807e+20
6.7454007e+20
2.671981719e+20
3.960062307e+20
1.306867554e+20
9.037221986e+20
3.833608508e+20
2.524420388e+20
6.245447287e+20
6.168215175e+20
3.661828782e+20
4.821627856e+20
4.770007712e+20
3.532680698e+20
2.329678383e+20
4.600644226e+20
4.550696626e+20
4.493071124e+20
1.111041102e+20
4.387687531e+20
1.084977094e+20
4.284629996e+20
3.178536352e+20
4.184008279e+20
5.173348727e+20
4.085907887e+20
6.062806659e+20
1.995196263e+20
3.94767542e+20
3.897506454e+20
2.892093165e+20
1.903638357e+20
4.709042145e+20
6.50950162e+20
2.760754558e+20
4.543525814e+20
8.993578255e+19
8.881450804e+20
7.912100128e+20
6.077700506e+20
6.87629935e+20
3.395964024e+20
3.362376679e+20
0
4.111408665e+20
5.686790223e+20
1.609176161e+20
4.770210951e+20
3.150000652e+20
3.891382571e+20
3.084016519e+20
3.810544627e+20
4.530513138e+20
4.479108591e+20
4.438376688e+20
3.657446764e+20
3.624603596e+20
5.019054315e+20
4.974507912e+20
3.51529131e+20
5.575070794e+20
4.827380469e+20
5.468999523e+20
3.433224767e+20
6.862701851e+20
1.713410084e+20
3.423228997e+20
1.707713204e+20
3.410057698e+20
0
1.017590643e+21
5.067222099e+20
5.053709374e+20
3.352610919e+20
6.683577037e+20
1.661385782e+20
6.620340708e+20
3.288893692e+20
6.549140847e+20
3.251267542e+20
3.235298643e+20
1.605102048e+20
3.192683324e+20
3.166029219e+20
3.147065034e+20
6.238155819e+20
1.549395343e+20
4.60453326e+20
3.04820801e+20
7.545498256e+20
8.986981647e+20
4.447411012e+20
4.412224855e+20
4.365351713e+20
2.885998641e+20
7.135972587e+20
8.488541637e+20
2.797696808e+20
4.158477299e+20
1.370216152e+20
1.357340602e+20
5.365701209e+20
3.985277499e+20
2.625186419e+20
3.898585319e+20
2.567653629e+20
1.143676115e+21
7.531335744e+20
7.453117962e+20
6.134334343e+20
9.711322795e+20
4.79534322e+20
5.93004954e+20
5.855935773e+20
6.95125553e+20
3.431936611e+20
4.526263768e+20
5.586346421e+20
5.525569748e+20
3.273299301e+20
5.396118057e+20
6.393026494e+20
3.161774734e+20
3.121532054e+20
1.02924147e+20
4.064560046e+20
5.025955893e+20
4.962042113e+20
3.927147231e+20
4.846635573e+20
3.83614635e+20
3.787612016e+20
2.810834245e+20
6.475974705e+20
4.577560132e+20
4.520178501e+20
6.263152902e+20
8.835893967e+20
1.749224318e+20
3.45517966e+20
6.841064025e+20
3.378579049e+20
5.017738081e+20
3.304518811e+20
4.90842993e+20
3.232956215e+20
4.80280271e+20
6.327687614e+20
4.700779412e+20
3.09713035e+20
4.602278191e+20
2.274571241e+20
3.756011268e+20
3.713351647e+20
5.887329615e+20
4.366247026e+20
5.048212493e+20
2.853152748e+20
7.069581197e+20
4.196378941e+20
3.466278453e+20
4.802124798e+20
4.080304356e+20
5.117287413e+20
1.704833936e+20
1.702592089e+20
1.700811036e+20
3.393901661e+20
3.388575219e+20
1.688891931e+20
5.055986066e+20
8.392454346e+20
0
1.665843626e+20
4.98142384e+20
9.906387176e+20
3.289626083e+20
4.902851286e+20
4.881533688e+20
6.462578561e+20
6.430888846e+20
1.595300758e+20
6.346432572e+20
3.146826198e+20
3.128007882e+20
3.100294402e+20
3.080162073e+20
1.525670466e+20
4.545033957e+20
7.500748321e+20
7.444823294e+20
4.421246088e+20
5.848426913e+20
1.446626639e+20
1.434597142e+20
5.675744421e+20
4.219763786e+20
6.954109513e+20
6.891111645e+20
5.449680046e+20
6.748169578e+20
5.335427373e+20
1.320945998e+20
3.915746308e+20
1.292271295e+20
3.830105662e+20
2.52742368e+20
4.993247976e+20
2.470718156e+20
3.660494207e+20
4.829176525e+20
7.154015409e+20
3.538764572e+20
5.824413444e+20
8.066195847e+20
5.68931394e+20
1.125522968e+20
4.445338055e+20
4.396998805e+20
5.426695645e+20
5.367654136e+20
4.239642752e+20
5.241981616e+20
1.035076657e+20
3.071609566e+20
4.04343412e+20
9.999694025e+20
2.961817291e+20
2.930123576e+20
4.821648409e+20
1.908187209e+20
4.710186766e+20
5.592786261e+20
7.363190147e+20
1.821642205e+20
6.295897868e+20
6.231131831e+20
4.395401054e+20
6.091036844e+20
6.87513794e+20
5.955414467e+20
6.722742331e+20
5.824203354e+20
1.643845659e+20
4.069522342e+20
2.412365645e+20
3.185552618e+20
4.721569735e+20
5.456272397e+20
3.851647215e+20
6.105032205e+20
3.017247966e+20
4.48415233e+20
3.694310109e+20
2.928568272e+20
5.067756536e+20
3.587321269e+20
5.676856057e+20
4.923172026e+20
4.174635986e+20
5.517320916e+20
2.047342292e+20
5.412109532e+20
5.085146554e+20
6.776514267e+20
3.383819682e+20
6.760572387e+20
3.372646522e+20
1.010208514e+21
6.713366592e+20
3.349612068e+20
5.004118502e+20
3.327209933e+20
0
4.950552346e+20
6.563482901e+20
1.634667626e+20
1.624245527e+20
8.08597302e+20
1.605777521e+20
6.391664796e+20
4.756855326e+20
4.730977809e+20
0
1.554590071e+20
7.704339435e+20
6.123512196e+20
4.549816584e+20
3.012052964e+20
2.982610421e+20
4.440610128e+20
5.860516305e+20
1.453572639e+20
4.314703655e+20
2.85258449e+20
4.232318152e+20
2.797025428e+20
2.765773974e+20
2.740751858e+20
5.418848337e+20
5.368056996e+20
3.979119927e+20
5.254199692e+20
2.595972123e+20
3.855284264e+20
3.80896682e+20
0
6.207385201e+20
6.143032332e+20
4.85414172e+20
7.204468508e+20
4.743624404e+20
3.519706921e+20
3.4759372e+20
8.023059922e+20
6.790870531e+20
4.478176775e+20
4.421849837e+20
3.280342084e+20
4.318556e+20
2.135795571e+20
6.326252315e+20
3.128776306e+20
5.148495458e+20
4.074216074e+20
3.016894999e+20
4.974007991e+20
1.96437865e+20
5.830087124e+20
1.918767028e+20
5.695207879e+20
4.686107253e+20
2.782099644e+20
3.662826506e+20
8.155602038e+20
4.474196385e+20
3.542535153e+20
3.498467257e+20
4.328647099e+20
6.84027378e+20
5.078749272e+20
5.016506521e+20
4.13905807e+20
2.453275752e+20
7.288015693e+20
4.800278657e+20
4.754103304e+20
4.697619231e+20
3.102049143e+20
6.131331678e+20
4.555508969e+20
5.253311325e+20
2.974217282e+20
2.940370288e+20
3.642032238e+20
7.20260901e+19
3.568966246e+20
4.941745398e+20
4.897899375e+20
6.921861975e+20
5.488892321e+20
4.752398036e+20
4.711092819e+20
3.368937946e+20
8.417784026e+20
8.406804001e+20
1.679608148e+20
6.703311913e+20
3.346412163e+20
3.335844718e+20
0
4.973152442e+20
4.959951084e+20
3.290613768e+20
8.200101893e+20
3.261604047e+20
0
4.842989563e+20
8.036665334e+20
7.980150963e+20
1.588229081e+20
3.152105892e+20
3.134985819e+20
9.327331849e+20
1.54528885e+20
6.126796021e+20
6.087137582e+20
6.030590698e+20
1.497147587e+20
4.447693303e+20
4.414633787e+20
5.826438795e+20
5.780550387e+20
1.42993927e+20
2.836165897e+20
2.805405446e+20
6.952648451e+20
4.125126294e+20
2.725236728e+20
4.041272647e+20
4.00344041e+20
5.275893113e+20
1.306236209e+20
3.872411189e+20
2.555994965e+20
3.788060035e+20
1.249864448e+20
0
4.887709097e+20
6.034888853e+20
3.58279814e+20
4.718181102e+20
2.333902291e+20
2.304950418e+20
6.840328202e+20
4.503298958e+20
4.454514411e+20
4.398608528e+20
6.526235728e+20
4.295993726e+20
4.249294202e+20
3.146692797e+20
5.187556743e+20
3.073131343e+20
3.039879286e+20
4.001834313e+20
4.948434667e+20
4.885791467e+20
6.766941938e+20
4.772439132e+20
3.777435753e+20
2.797363613e+20
4.613252558e+20
3.644248331e+20
1.803164009e+20
6.23217612e+20
6.168062015e+20
2.610595539e+20
6.890842957e+20
2.552160537e+20
3.368745934e+20
2.495606968e+20
4.118183586e+20
3.254545288e+20
8.056961747e+20
4.776072635e+20
3.941768403e+20
7.010865724e+20
6.172776184e+20
6.100344227e+20
3.777065845e+20
5.226710852e+20
4.438730732e+20
5.850891104e+20
3.623543773e+20
4.299565784e+20
4.260957718e+20
2.107072413e+20
4.176758459e+20
4.820455606e+20
4.09556639e+20
4.052501881e+20
3.347744329e+20
3.348040694e+20
5.019348498e+20
0
6.676814873e+20
1.665462528e+20
8.314304173e+20
1.657631639e+20
4.962450189e+20
6.59008969e+20
1.643155551e+20
1.635227235e+20
4.889943227e+20
3.241712271e+20
4.844243064e+20
6.418138053e+20
6.390364282e+20
1.11048034e+21
4.735976127e+20
6.266408674e+20
1.558106982e+20
4.635884744e+20
6.144393062e+20
4.56791579e+20
3.025596279e+20
1.498795019e+20
2.976745541e+20
2.947851046e+20
4.388959587e+20
2.896377649e+20
1.436799886e+20
4.265217384e+20
4.229902833e+20
5.578898114e+20
5.530549146e+20
5.46914285e+20
5.419792537e+20
0
1.327030146e+20
3.934966084e+20
2.598006977e+20
2.567400892e+20
3.81293452e+20
2.511587669e+20
4.972215738e+20
8.596204703e+20
4.861281244e+20
4.80196241e+20
8.314998157e+20
7.039513924e+20
4.642934473e+20
5.731850303e+20
5.670112503e+20
3.359702191e+20
4.431100793e+20
4.375610255e+20
3.246073578e+20
5.342082476e+20
5.284036032e+20
7.304335045e+20
3.096459551e+20
5.095549336e+20
3.024258717e+20
1.990676879e+20
4.923122963e+20
3.888714159e+20
6.732470384e+20
4.748209249e+20
3.758262878e+20
3.710943482e+20
3.671928794e+20
5.438786496e+20
3.588129558e+20
6.200796514e+20
3.50685913e+20
5.194947765e+20
7.713227668e+20
4.232247248e+20
5.865703578e+20
4.966175116e+20
6.556029754e+20
4.85733247e+20
4.008269012e+20
1.584036504e+20
3.921984657e+20
3.100293232e+20
3.070884379e+20
3.03483421e+20
4.509680739e+20
5.943289608e+20
7.360605438e+19
3.638339451e+20
4.326290483e+20
1.425929671e+20
3.532813987e+20
4.192727809e+20
4.848124571e+20
4.110738325e+20
3.395565659e+20
2.687823186e+20
4.662839689e+20
4.991101637e+20
3.325608449e+20
8.303262487e+20
6.635709586e+20
4.965673546e+20
4.957928186e+20
4.942401372e+20
6.576047898e+20
1.637451998e+20
6.532472873e+20
1.625270335e+20
8.100319675e+20
4.833092482e+20
0
3.189714653e+20
7.939832273e+20
1.576886284e+20
3.138405969e+20
1.557264058e+20
1.548832788e+20
1.536144195e+20
3.054032714e+20
3.027369494e+20
3.007834779e+20
1.490045719e+20
2.959400427e+20
1.465386707e+20
2.909054858e+20
4.319594267e+20
4.285673496e+20
4.240897498e+20
2.803889259e+20
4.160509729e+20
5.499335877e+20
4.078849023e+20
5.389455094e+20
2.664205726e+20
3.958988624e+20
2.608836397e+20
1.291850423e+20
2.553349827e+20
7.584213292e+20
6.244879183e+20
2.472634478e+20
6.107070036e+20
6.043922055e+20
2.38814559e+20
4.726064545e+20
1.167026156e+20
2.309163988e+20
4.561317018e+20
3.384161398e+20
8.912309904e+20
8.815864039e+20
4.352851225e+20
3.229206423e+20
6.377353686e+20
8.410782849e+20
4.152444084e+20
3.080550234e+20
3.041689531e+20
4.011730481e+20
3.961081766e+20
6.857296438e+20
5.803495705e+20
2.87072068e+20
3.779379325e+20
3.73928365e+20
2.769194161e+20
3.65344355e+20
6.313390444e+20
5.355170768e+20
3.525560756e+20
3.489289232e+20
7.753450419e+20
5.116431243e+20
3.368885541e+20
5.002626482e+20
5.764950638e+20
3.261647972e+20
5.638606637e+20
4.785910743e+20
3.940321375e+20
5.46335791e+20
5.398404381e+20
3.819419558e+20
2.264737342e+20
5.982814222e+20
2.956748549e+20
3.661850075e+20
4.344069064e+20
7.891673487e+20
3.54685977e+20
5.624017808e+20
2.781018254e+20
1.378175608e+20
4.089871577e+20
5.405337555e+20
1.337059811e+20
3.313629934e+20
3.307014403e+20
6.610474465e+20
3.300976928e+20
1.648776831e+20
4.935334816e+20
4.927648302e+20
4.912279517e+20
3.267994799e+20
6.510015746e+20
1.623202768e+20
8.077169784e+20
4.830800221e+20
1.120926744e+21
4.785922173e+20
3.170592339e+20
3.156914221e+20
4.702456565e+20
4.679579579e+20
6.192146451e+20
3.079336691e+20
4.581303639e+20
7.590206038e+20
3.009671175e+20
0
4.444193927e+20
8.826768831e+20
0
4.338496767e+20
4.294907495e+20
5.681639192e+20
1.405617793e+20
2.788024872e+20
4.137112032e+20
6.83559119e+20
5.408130111e+20
2.679727694e+20
6.623666159e+20
3.937130861e+20
7.783562765e+20
1.284775704e+20
5.078903448e+20
1.257168359e+20
3.726694415e+20
3.688959507e+20
2.42973932e+20
3.606955303e+20
4.750892966e+20
7.051456361e+20
4.643462898e+20
6.890971384e+20
3.403055336e+20
4.488590397e+20
5.54118897e+20
4.385004269e+20
2.165163863e+20
5.354189418e+20
1.057424899e+20
1.045944621e+20
6.196803007e+20
3.064803562e+20
3.026208663e+20
9.978314273e+19
4.92626896e+20
3.898614815e+20
5.774218572e+20
3.808325863e+20
2.820288097e+20
3.720495148e+20
3.673761491e+20
4.543929365e+20
4.487034521e+20
2.664208605e+20
7.015972396e+20
4.33986814e+20
4.286037252e+20
5.09096673e+20
3.3521414e+20
4.148130661e+20
4.097369704e+20
4.056804616e+20
2.404545545e+20
3.96844769e+20
4.704897484e+20
5.436209814e+20
3.836832258e+20
3.800424476e+20
5.258078977e+20
3.720637822e+20
3.677501117e+20
3.643581547e+20
3.601958462e+20
6.424537936e+20
4.234890615e+20
2.098432081e+20
4.150540274e+20
3.428108044e+20
2.712810404e+20
4.033536305e+20
5.986248935e+20
4.615564997e+20
8.217190019e+20
1.642557033e+20
6.561792366e+20
6.554998912e+20
4.905364554e+20
6.530314712e+20
6.51003013e+20
4.872312282e+20
6.470704081e+20
8.067034975e+20
9.634295549e+20
0
4.775199854e+20
3.171523453e+20
3.151697934e+20
6.276243917e+20
3.116392365e+20
4.651882006e+20
6.155671504e+20
6.122446868e+20
4.554492228e+20
3.018341892e+20
8.976535757e+20
1.486465062e+20
5.891400122e+20
7.313274049e+20
4.345807437e+20
1.437899341e+20
0
4.237062553e+20
2.795386909e+20
4.158508495e+20
8.227952058e+20
4.07846588e+20
8.067197093e+20
5.329787814e+20
5.269778776e+20
1.305171043e+20
5.160723391e+20
3.833334154e+20
6.314260248e+20
3.751126147e+20
3.706678662e+20
2.446121111e+20
2.416790137e+20
2.391842529e+20
7.088645155e+20
4.676142338e+20
3.464309969e+20
2.284944615e+20
5.642183214e+20
4.465211695e+20
3.307490849e+20
1.09057845e+20
6.462054178e+20
4.261323428e+20
5.260067378e+20
4.162386558e+20
2.055088075e+20
6.09843411e+20
4.014512771e+20
4.963909319e+20
1.960575429e+20
2.909230818e+20
4.787696123e+20
2.841913382e+20
2.80618419e+20
4.627368141e+20
4.569310642e+20
5.425538774e+20
6.250619821e+20
6.185584574e+20
4.363232482e+20
4.318340455e+20
5.117777194e+20
4.22146203e+20
2.50167216e+20
1.651044384e+20
5.707967555e+20
6.458799254e+20
1.59510932e+20
3.948832275e+20
2.340820759e+20
6.182091644e+20
5.344991492e+20
5.294264354e+20
2.989732271e+20
4.442641557e+20
5.122949342e+20
1.450197757e+20
4.30084734e+20
4.261715586e+20
3.511468709e+20
3.479938327e+20
5.506351043e+20
3.410950548e+20
4.72356177e+20
2.675516709e+20
4.632473056e+20
2.624163036e+20
9.800944193e+20
4.897851672e+20
3.261058275e+20
6.515375392e+20
4.87575609e+20
6.490912969e+20
4.853124022e+20
3.228659738e+20
3.215932172e+20
1.603728744e+20
6.384456464e+20
1.591023589e+20
6.329027385e+20
0
3.133027389e+20
3.119552103e+20
4.647048891e+20
1.079052422e+21
4.589717815e+20
7.608305055e+20
6.037323749e+20
6.001614975e+20
5.94977632e+20
5.911559668e+20
2.928800331e+20
7.271392652e+20
2.880707453e+20
2.859454111e+20
7.077284841e+20
2.808778855e+20
2.779715928e+20
5.513657271e+20
5.454796473e+20
2.703887403e+20
2.674231824e+20
6.625558605e+20
6.551179595e+20
2.596087663e+20
5.132712349e+20
6.354281063e+20
3.768156782e+20
6.218277104e+20
6.144794608e+20
4.866153024e+20
4.807956493e+20
2.379183619e+20
3.525673763e+20
4.65157466e+20
6.892427631e+20
1.136512225e+20
4.490331505e+20
4.442075266e+20
3.290445828e+20
4.339856951e+20
2.14298642e+20
7.419161281e+20
3.13997147e+20
6.211818414e+20
4.089363234e+20
9.101364841e+20
3.994286543e+20
8.89004835e+20
4.876857238e+20
4.824413662e+20
2.858270814e+20
2.827725459e+20
1.861480429e+20
5.525218411e+20
5.455975805e+20
5.398631863e+20
5.331171656e+20
7.913556145e+20
4.341696921e+20
4.297025288e+20
4.243800545e+20
5.040790632e+20
6.638295071e+20
6.571669235e+20
4.868482602e+20
4.820270117e+20
5.555431606e+20
3.929409817e+20
5.435050048e+20
3.075837183e+20
6.838302157e+20
4.515594647e+20
3.718743406e+20
4.420735903e+20
5.097649502e+20
2.886068741e+20
2.853038273e+20
3.5338474e+20
4.891651403e+20
4.847728326e+20
4.109193268e+20
4.072756731e+20
2.685682228e+20
3.327680296e+20
4.609210715e+20
3.263742345e+20
3.247326173e+20
3.245593982e+20
4.862188236e+20
9.714342038e+20
4.846502911e+20
0
3.216051571e+20
4.814017761e+20
6.393488089e+20
3.188331828e+20
3.173252915e+20
6.32629384e+20
1.572892577e+20
4.701027148e+20
3.114576748e+20
4.651801094e+20
3.079887884e+20
3.06497265e+20
7.604994671e+20
6.051257521e+20
6.002399966e+20
7.458689078e+20
7.394491032e+20
2.938826283e+20
8.736280218e+20
4.337992928e+20
5.728793534e+20
7.108235696e+20
2.815007787e+20
4.189541998e+20
4.146329506e+20
5.482981721e+20
2.712314493e+20
5.37792824e+20
6.648901776e+20
5.271427234e+20
1.303105604e+20
3.872982111e+20
3.828752804e+20
2.528017924e+20
3.747975919e+20
3.711021913e+20
4.889713755e+20
4.840340606e+20
4.782602953e+20
1.183328999e+20
2.338146778e+20
3.470447835e+20
4.571074311e+20
3.391842018e+20
5.583947646e+20
4.419177363e+20
5.455959312e+20
2.158815064e+20
5.330168003e+20
2.108970002e+20
6.24813063e+20
4.120252334e+20
5.085950049e+20
5.030858094e+20
2.980697329e+20
3.931338086e+20
6.793529724e+20
3.840281386e+20
4.740110914e+20
4.689464159e+20
4.630658958e+20
2.748934262e+20
1.809682435e+20
2.685995257e+20
5.304930086e+20
5.249736727e+20
6.048522062e+20
3.420735608e+20
4.222992828e+20
3.344047775e+20
4.128616213e+20
3.269739701e+20
3.229771391e+20
3.997228408e+20
4.738499334e+20
4.692212982e+20
3.863177126e+20
3.825971839e+20
4.536535889e+20
4.49346742e+20
3.700502199e+20
3.665871011e+20
5.797255224e+20
2.153912106e+20
4.258477219e+20
4.219726053e+20
2.781421555e+20
4.823781932e+20
4.770298346e+20
4.052574822e+20
4.676561033e+20
5.297809548e+20
2.620674763e+20
3.247445292e+20
3.227906038e+20
1.61309419e+20
6.444187113e+20
6.43754828e+20
4.81759866e+20
1.603379725e+20
6.393835093e+20
7.975650811e+20
1.588891767e+20
4.754149354e+20
6.309003705e+20
3.144469858e+20
3.127276992e+20
3.11559611e+20
1.548171075e+20
3.083064004e+20
4.592931716e+20
1.52357407e+20
4.536585125e+20
4.51221006e+20
2.983938951e+20
4.449514251e+20
2.94089994e+20
1.022723137e+21
2.895576004e+20
5.751242106e+20
7.120674362e+20
5.65463214e+20
8.397838152e+20
5.554905619e+20
6.872238078e+20
5.452645612e+20
5.394793342e+20
4.011306993e+20
5.290099386e+20
3.932042712e+20
7.776314857e+20
6.420102027e+20
7.616389031e+20
2.514470201e+20
6.213350111e+20
3.691289659e+20
6.079834964e+20
4.814800585e+20
7.136273102e+20
5.885658934e+20
2.325972493e+20
5.75400712e+20
7.958026546e+20
5.623883455e+20
8.888445368e+20
5.495642896e+20
4.34250327e+20
2.147814909e+20
3.181888038e+20
1.049144468e+20
5.180532499e+20
5.124379366e+20
3.036272558e+20
6.006788896e+20
5.931659131e+20
5.867611378e+20
5.794112276e+20
4.77652863e+20
5.660005524e+20
2.7997704e+20
4.607843898e+20
4.558990057e+20
3.601588878e+20
5.345610816e+20
2.639472793e+20
4.353353109e+20
6.018960252e+20
1.70200802e+20
5.883343421e+20
4.991593943e+20
6.573593666e+20
5.694152958e+20
4.017553025e+20
5.568859275e+20
4.715427041e+20
3.112906e+20
5.382105045e+20
4.568796764e+20
4.514421402e+20
2.981037327e+20
5.155414703e+20
3.647971948e+20
4.326678988e+20
3.572294562e+20
4.943870965e+20
4.199040049e+20
4.843561593e+20
5.485795373e+20
6.102992883e+20
4.704690602e+20
6.647728115e+20
3.953694518e+20
5.86720279e+20
3.231310183e+20
3.2087168e+20
3.207013452e+20
4.804437452e+20
1.599831956e+20
3.192691421e+20
4.781632398e+20
7.94502463e+20
4.757101672e+20
3.159046614e+20
1.575378353e+20
1.567985546e+20
3.126012062e+20
7.772463354e+20
4.646084142e+20
4.617479731e+20
4.597707274e+20
6.088457411e+20
3.029529749e+20
6.013969923e+20
4.486278501e+20
1.483437667e+20
4.424108528e+20
4.38629312e+20
4.358244015e+20
2.879244919e+20
7.148577989e+20
2.832323301e+20
5.623032881e+20
6.95931441e+20
4.143075548e+20
5.467479537e+20
5.422643342e+20
8.047926147e+20
2.659606346e+20
6.576740413e+20
2.607165448e+20
2.578150576e+20
2.554243417e+20
3.787855822e+20
5.00213382e+20
3.708255807e+20
7.343532273e+20
3.628720485e+20
2.394764337e+20
5.915862092e+20
3.512997441e+20
3.470886494e+20
8.013943846e+20
7.917098411e+20
3.356998027e+20
5.526901949e+20
5.467603165e+20
3.240348804e+20
8.547705148e+20
4.221118434e+20
7.307004297e+20
7.216373759e+20
2.039481289e+20
5.035212824e+20
4.980707946e+20
3.934812517e+20
9.7308454e+19
5.765484783e+20
1.901176327e+20
4.693462302e+20
5.571998251e+20
4.585252554e+20
8.165959622e+20
6.271976623e+20
5.319488932e+20
3.502142934e+20
2.599280695e+20
5.13401657e+20
2.540594339e+20
3.345586863e+20
2.483676979e+20
3.270856819e+20
6.476036604e+20
2.398849431e+20
3.166778903e+20
7.038867515e+20
3.097817709e+20
3.825726777e+20
3.788870204e+20
5.990028632e+20
4.449857216e+20
3.664551432e+20
2.904197459e+20
3.588019585e+20
4.97686917e+20
3.514111483e+20
1.392851957e+20
6.196975113e+20
4.77659193e+20
4.048694615e+20
6.688008611e+20
3.307490301e+20
3.934225523e+20
4.540804655e+20
3.215334619e+20
3.189754367e+20
3.188065112e+20
3.184048983e+20
1.590389633e+20
3.173874845e+20
3.168974345e+20
6.318648993e+20
6.305527133e+20
3.140529353e+20
4.698448982e+20
6.235313547e+20
4.66165454e+20
4.636359637e+20
4.619091448e+20
3.060506077e+20
3.047419608e+20
3.026706983e+20
1.054239873e+21
4.484668535e+20
4.460643294e+20
1.180002305e+21
1.466330426e+20
8.723038742e+20
5.778225565e+20
7.15774254e+20
8.530267851e+20
4.224831631e+20
2.795892413e+20
5.53668806e+20
2.746817809e+20
8.156251506e+20
1.348242358e+20
8.004143889e+20
5.290333095e+20
5.232995155e+20
3.889683036e+20
5.128691277e+20
1.270296745e+20
5.023644297e+20
4.975611505e+20
1.229569932e+20
2.434965367e+20
6.016234393e+20
3.573390503e+20
4.708121693e+20
5.824650381e+20
4.604000675e+20
9.111664601e+20
3.375681046e+20
4.453124161e+20
3.299288379e+20
4.351878487e+20
6.447974149e+20
3.189221266e+20
3.149950703e+20
4.154496236e+20
2.051532857e+20
3.043969862e+20
4.008177554e+20
4.956005954e+20
9.788448693e+19
4.841408665e+20
5.737138784e+20
1.891833931e+20
6.538672868e+20
5.544725324e+20
5.47545798e+20
3.611613119e+20
1.783277812e+20
4.411350917e+20
5.227732841e+20
4.311121713e+20
4.257639377e+20
5.05659372e+20
7.491197144e+20
3.295565509e+20
3.255070668e+20
4.833580947e+20
5.570319381e+20
6.303002701e+20
6.226600006e+20
4.624312469e+20
1.522909031e+20
2.262352754e+20
2.980555332e+20
4.428368017e+20
5.105571424e+20
2.16761587e+20
4.284771954e+20
7.075373976e+20
4.196464541e+20
4.158270578e+20
5.48160928e+20
3.395243915e+20
3.357435279e+20
5.324282156e+20
3.949532485e+20
3.914947328e+20
2.581972358e+20
3.839419492e+20
6.342029479e+20
1.584669682e+20
3.165361625e+20
1.581058114e+20
3.155278764e+20
6.300827503e+20
3.140857581e+20
3.134343795e+20
4.683341867e+20
7.785142318e+20
4.649332691e+20
4.634608502e+20
1.536518276e+20
3.061607057e+20
1.065014061e+21
3.029904707e+20
6.018771612e+20
2.99489719e+20
4.459153304e+20
4.43529939e+20
8.799980838e+20
4.37415762e+20
4.337023894e+20
7.182283199e+20
4.270693844e+20
2.827592289e+20
2.800960153e+20
2.780441075e+20
1.376565674e+20
4.097628517e+20
2.703924714e+20
2.681809258e+20
6.634029517e+20
5.261765396e+20
2.602451435e+20
7.737687235e+20
8.927407139e+20
3.790633018e+20
4.997097723e+20
2.47468448e+20
3.669368755e+20
6.055553625e+20
3.590958301e+20
4.739772464e+20
0
2.317847181e+20
1.145099304e+20
3.399382038e+20
3.358496675e+20
5.538104421e+20
3.282606015e+20
5.412373414e+20
5.346316246e+20
5.288692315e+20
4.178961676e+20
5.167212905e+20
5.103367009e+20
4.038492157e+20
5.982573486e+20
1.97261911e+20
2.922103083e+20
2.890578309e+20
5.709070147e+20
2.823874355e+20
3.718178322e+20
6.437337757e+20
2.724436786e+20
2.695562026e+20
2.661970006e+20
5.268003634e+20
6.069580175e+20
3.432249435e+20
4.237131104e+20
5.870941667e+20
4.970115778e+20
4.919573476e+20
4.049295203e+20
3.206906481e+20
5.543582578e+20
6.272740994e+20
7.74589809e+19
4.602113571e+20
5.304593781e+20
5.253473722e+20
4.449352926e+20
2.938056914e+20
4.35515097e+20
2.157185011e+20
4.974808294e+20
4.22476013e+20
6.264289591e+20
2.069090644e+20
2.727528003e+20
3.378797344e+20
4.009342235e+20
4.636109892e+20
4.585310828e+20
1.947928572e+20
3.853986508e+20
5.094164397e+20
1.576247007e+20
3.150832312e+20
4.720338512e+20
1.57183546e+20
0
1.096224259e+21
4.683907944e+20
1.558069003e+20
6.208277073e+20
1.548012895e+20
3.08166247e+20
6.143832649e+20
6.110744239e+20
1.522012061e+20
4.538235036e+20
4.518884981e+20
2.992261752e+20
4.466814231e+20
4.433926765e+20
1.029056431e+21
2.916835668e+20
5.799470366e+20
4.312802027e+20
4.285341641e+20
2.831338564e+20
7.029843126e+20
4.178306423e+20
4.147739372e+20
4.107127421e+20
4.075276856e+20
6.723149358e+20
2.667292676e+20
6.598327577e+20
2.616752285e+20
0
3.848226308e+20
3.805761876e+20
5.027453362e+20
2.485415118e+20
6.154252226e+20
1.21674316e+20
6.024025586e+20
2.381580274e+20
5.894100034e+20
6.989614623e+20
3.458936182e+20
3.417775905e+20
4.509424049e+20
6.682972753e+20
6.612107951e+20
3.266091507e+20
6.462209824e+20
4.255672477e+20
3.157369369e+20
4.158197497e+20
6.16987527e+20
6.093784201e+20
7.03247407e+20
1.98439083e+20
3.925863851e+20
2.907812711e+20
4.794084793e+20
1.893758274e+20
2.810132864e+20
5.550223069e+20
1.830324217e+20
6.326303739e+20
2.682541232e+20
1.766098677e+20
6.990177221e+20
4.314586842e+20
3.415761448e+20
6.746911123e+20
3.338740835e+20
4.12194166e+20
4.080021902e+20
5.641914474e+20
2.393680272e+20
3.940786583e+20
1.560692121e+20
1.541780593e+20
3.816772321e+20
3.77089318e+20
5.228366647e+20
5.166091313e+20
2.193003157e+20
6.501449187e+20
5.72494416e+20
4.950947089e+20
2.802994816e+20
2.770744324e+20
4.118285174e+20
4.071569058e+20
4.707513076e+20
5.319935373e+20
4.613691822e+20
5.21491655e+20
4.523110937e+20
3.195999538e+20
5.703015365e+20
1.567094189e+20
4.698810218e+20
6.257274673e+20
3.125439557e+20
0
1.089878043e+21
6.209127846e+20
3.098142492e+20
6.172515129e+20
1.539101129e+20
4.595962805e+20
7.635745207e+20
7.594774008e+20
7.566604978e+20
1.50414038e+20
4.493208056e+20
7.438328685e+20
8.883142492e+20
2.939322697e+20
5.847287796e+20
2.900528782e+20
8.650644146e+20
7.148082019e+20
2.841053221e+20
4.22358313e+20
2.796454607e+20
4.155425977e+20
8.250135437e+20
4.084803173e+20
1.080844725e+21
4.012129482e+20
2.652932405e+20
6.563007851e+20
7.808318548e+20
2.574806766e+20
3.827827576e+20
7.571411524e+20
5.001010486e+20
3.708628092e+20
3.673279243e+20
4.841718434e+20
2.397129659e+20
8.292605917e+20
5.863799269e+20
6.953887063e+20
3.441283628e+20
4.53390898e+20
5.608215852e+20
5.541079198e+20
4.385885995e+20
5.416237221e+20
2.143299314e+20
4.234504653e+20
4.188907763e+20
5.1720483e+20
6.139399131e+20
5.053187905e+20
4.998521149e+20
6.911402235e+20
4.883348551e+20
1.929107621e+20
2.862460864e+20
4.711457362e+20
6.525223749e+20
6.444012948e+20
2.732242626e+20
8.994119572e+19
5.339291252e+20
6.151714222e+20
3.478336931e+20
3.435166744e+20
2.549573336e+20
6.714722574e+20
6.645622656e+20
3.281847193e+20
4.06058619e+20
1.604306716e+20
6.352773664e+20
3.922051178e+20
4.659810779e+20
5.37058168e+20
2.279174543e+20
3.002370362e+20
2.230070748e+20
4.407006093e+20
2.910085294e+20
5.032587769e+20
4.985450375e+20
4.927313686e+20
4.184417858e+20
5.514976025e+20
6.147869195e+20
4.727374582e+20
4.015653144e+20
3.970747483e+20
2.623708294e+20
4.541008196e+20
3.858229909e+20
4.452693767e+20
3.783577666e+20
3.116094107e+20
6.228918286e+20
3.110592904e+20
7.768546088e+20
3.100775416e+20
4.644020931e+20
7.716824566e+20
3.08035363e+20
4.602872122e+20
1.530291385e+20
9.139469432e+20
6.073761559e+20
4.530968342e+20
7.523643116e+20
4.486899244e+20
4.467821281e+20
0
5.888815954e+20
4.384320383e+20
8.721933329e+20
5.768806428e+20
2.867540633e+20
5.686881318e+20
2.825386723e+20
2.800276933e+20
4.171712289e+20
2.755196503e+20
2.735095044e+20
2.708480199e+20
8.062594362e+20
3.990602853e+20
3.958088898e+20
3.916838539e+20
2.588941984e+20
0
7.615287927e+20
5.021146572e+20
1.24371108e+20
1.229778775e+20
1.096262182e+21
2.40836248e+20
5.961944257e+20
7.071532034e+20
5.833808454e+20
9.224697186e+20
5.706350563e+20
5.638771183e+20
6.695927616e+20
5.513295873e+20
3.272941672e+20
2.155704015e+20
2.132635861e+20
5.266932955e+20
4.168196551e+20
5.146602596e+20
5.091018823e+20
2.011386634e+20
4.974087758e+20
1.965076332e+20
4.859600533e+20
3.839529631e+20
7.596283407e+20
7.501984388e+20
4.638412047e+20
3.664609015e+20
8.157378252e+20
6.265754811e+20
5.313746823e+20
2.623871058e+20
2.596308798e+20
1.709410533e+20
1.691628092e+20
4.176774813e+20
4.960549653e+20
4.899434945e+20
6.466135631e+20
7.983552448e+19
4.742015721e+20
4.684191692e+20
3.091837307e+20
4.581577701e+20
6.805166259e+20
7.470404861e+20
5.178865623e+20
3.655111269e+20
5.068521962e+20
3.577658123e+20
3.544143662e+20
4.203347006e+20
3.470445225e+20
4.802626402e+20
4.758905008e+20
5.376917584e+20
5.328639914e+20
3.951727413e+20
4.56949987e+20
3.227983122e+20
3.839687542e+20
4.431197755e+20
5.020430603e+20
3.09820756e+20
0
3.09275542e+20
6.17920788e+20
6.166047343e+20
6.156591574e+20
1.534549727e+20
0
4.576659882e+20
9.129491516e+20
4.543804284e+20
1.509830498e+20
9.010729887e+20
4.488699816e+20
2.974442951e+20
4.442719768e+20
2.942039238e+20
4.391931634e+20
7.266551869e+20
5.782319585e+20
2.868455955e+20
4.27756494e+20
5.655643998e+20
2.809892057e+20
2.785000298e+20
4.148992856e+20
2.740272469e+20
5.440613218e+20
1.346958302e+20
1.3365538e+20
5.292407983e+20
1.3123354e+20
5.194792596e+20
2.575257334e+20
2.547743238e+20
3.787672086e+20
4.994961448e+20
2.474475269e+20
7.340488449e+20
2.423554886e+20
3.593991149e+20
3.558828584e+20
5.862906145e+20
3.482473715e+20
3.441758294e+20
1.135504531e+20
3.366266188e+20
5.551947209e+20
1.097157954e+20
4.342177349e+20
2.145020103e+20
4.244155976e+20
3.144595887e+20
5.18461142e+20
7.169968462e+20
6.079341242e+20
8.006377552e+20
5.939870487e+20
4.888898484e+20
1.934432949e+20
3.821024139e+20
3.779846881e+20
4.666241141e+20
5.539398542e+20
3.64709396e+20
5.412269752e+20
6.235912912e+20
5.288445651e+20
6.093296082e+20
3.445310735e+20
2.551972655e+20
5.050851676e+20
3.325629084e+20
4.937106018e+20
3.250879533e+20
4.022265031e+20
3.972964648e+20
3.146442609e+20
6.216175634e+20
4.61590893e+20
3.040003177e+20
3.762840942e+20
2.23056553e+20
4.418112817e+20
5.093034024e+20
5.765282511e+20
2.136462974e+20
6.349339526e+20
4.880717366e+20
2.763225837e+20
2.731352323e+20
5.412971229e+20
2.006762448e+20
4.64040377e+20
3.932888688e+20
3.248371321e+20
2.57003055e+20
3.821322549e+20
4.409908296e+20
4.37178413e+20
6.16105036e+20
7.697290431e+20
3.075121346e+20
4.607988806e+20
9.196422074e+20
6.12155853e+20
7.629173341e+20
6.090763574e+20
4.550744496e+20
3.025942061e+20
3.01211098e+20
3.002635391e+20
7.466748794e+20
4.463499923e+20
1.478903956e+20
4.417898733e+20
1.462835478e+20
4.367525599e+20
2.890541137e+20
2.875186938e+20
1.426342033e+20
4.254079678e+20
5.624747968e+20
5.589132824e+20
4.15483416e+20
4.126519545e+20
5.451018484e+20
5.411354469e+20
2.679508789e+20
3.988256613e+20
5.264313638e+20
2.610764604e+20
2.583712616e+20
7.685149774e+20
3.801635557e+20
3.767908627e+20
4.969048017e+20
2.461662456e+20
3.651348708e+20
4.822201828e+20
4.767504216e+20
3.54067767e+20
6.9998083e+20
4.619790277e+20
2.28295425e+20
4.519187646e+20
5.582399308e+20
4.419387354e+20
4.366845414e+20
4.320648098e+20
5.336103925e+20
6.334872411e+20
4.172246073e+20
2.063691262e+20
7.135037004e+20
2.016583595e+20
6.97163959e+20
4.925930639e+20
2.91920129e+20
5.775348901e+20
3.802696175e+20
5.642591187e+20
5.57274832e+20
4.594131235e+20
7.25949107e+20
3.591022953e+20
4.433109944e+20
6.140614991e+20
5.198143809e+20
5.143547563e+20
5.079887969e+20
2.51352281e+20
5.79247701e+20
2.456941466e+20
8.089034583e+19
4.003374415e+20
4.745195452e+20
4.697521831e+20
5.413658326e+20
3.062844509e+20
4.538634035e+20
4.494241104e+20
5.920289533e+20
2.931596078e+20
4.34497596e+20
5.738224874e+20
2.835235026e+20
4.213002349e+20
4.163784118e+20
2.750219105e+20
6.796173474e+20
6.060866706e+20
3.994542869e+20
3.298897991e+20
3.261857273e+20
3.879554114e+20
4.476136488e+20
4.436987797e+20
4.388822427e+20
4.350893071e+20
3.063043491e+20
6.12289436e+20
3.057687221e+20
3.054580774e+20
7.620307611e+20
4.565191446e+20
1.51721804e+20
3.028191966e+20
0
1.504457055e+20
2.995210899e+20
4.478701048e+20
8.910033035e+20
4.438581399e+20
1.470678953e+20
2.928902335e+20
5.8189676e+20
2.895592877e+20
5.749276907e+20
5.71877921e+20
5.674169333e+20
4.230850891e+20
4.19564075e+20
2.779407038e+20
2.754941673e+20
4.10428838e+20
1.355452118e+20
2.691204367e+20
2.665254269e+20
7.934158288e+20
5.23651599e+20
5.194009977e+20
3.855258534e+20
3.822476249e+20
5.042485431e+20
4.997800458e+20
4.943402071e+20
1.224490824e+20
2.421764503e+20
1.199387141e+20
4.743269155e+20
1.174236988e+20
2.321496426e+20
4.5965191e+20
5.678796737e+20
4.496585534e+20
4.44370715e+20
2.198718586e+20
3.258955687e+20
3.224498464e+20
4.24793373e+20
5.253181942e+20
6.227847089e+20
5.134092228e+20
4.057396721e+20
5.017039155e+20
9.911465871e+19
4.902200074e+20
9.683997052e+19
5.747666889e+20
6.622950591e+20
5.615671386e+20
4.621884556e+20
5.486767643e+20
6.321982405e+20
4.467535575e+20
5.294634716e+20
4.365466093e+20
4.31141215e+20
4.266132245e+20
3.370704234e+20
4.169552433e+20
4.941736651e+20
7.336315942e+20
4.830736252e+20
3.187728328e+20
2.361521062e+20
4.675586535e+20
5.388400871e+20
3.810688827e+20
6.776194021e+20
2.982180413e+20
6.629247621e+20
5.106346968e+20
3.603904566e+20
4.283565018e+20
6.349450277e+20
4.892180699e+20
6.216420971e+20
4.790334933e+20
5.41141483e+20
5.362142685e+20
5.300986066e+20
5.253391108e+20
3.895744999e+20
4.504776797e+20
6.364175026e+20
5.677671903e+20
3.119955172e+20
2.474400412e+20
4.568638646e+20
1.522087649e+20
1.520224832e+20
7.593413188e+20
7.577418441e+20
6.052675079e+20
1.508698184e+20
4.516792671e+20
1.499928113e+20
2.992076728e+20
4.467749104e+20
2.969153726e+20
4.43026195e+20
4.413939557e+20
4.387634794e+20
8.738159011e+20
2.893474778e+20
2.87967889e+20
1.429454897e+20
7.10941229e+20
4.232482418e+20
2.805249601e+20
1.390989412e+20
8.29323373e+20
4.110231559e+20
5.443060622e+20
6.741137305e+20
4.015328263e+20
1.325575304e+20
5.26150052e+20
2.604505183e+20
1.291694824e+20
7.670319826e+20
5.070115692e+20
3.76229718e+20
4.971992075e+20
6.147524363e+20
1.218215409e+20
4.818847206e+20
3.579859571e+20
2.359639621e+20
4.673234237e+20
5.774604074e+20
5.716851494e+20
3.390295698e+20
7.829864665e+20
4.421714717e+20
4.375703957e+20
4.32391515e+20
2.139111891e+20
6.340783398e+20
3.136533613e+20
3.098810668e+20
4.087360031e+20
1.009455048e+20
3.994283803e+20
2.959172231e+20
4.878697055e+20
1.92755375e+20
2.860124489e+20
7.533125412e+20
3.726004816e+20
5.520025204e+20
2.730412731e+20
4.494423944e+20
6.22508961e+20
4.39147766e+20
6.951956562e+20
6.007719978e+20
5.944628979e+20
4.193706078e+20
5.810117189e+20
4.918709624e+20
4.868086068e+20
3.205508546e+20
7.139016991e+20
3.134063123e+20
6.20514019e+20
2.298590571e+20
5.310183203e+20
5.245902579e+20
3.710412439e+20
7.331620224e+20
4.356534261e+20
2.869722417e+20
6.395472491e+20
6.319899394e+20
5.565035463e+20
4.812452209e+20
6.811423896e+20
2.019798528e+20
6.004220293e+20
3.297593687e+20
5.228778242e+20
4.523674187e+20
2.562061696e+20
3.800493155e+20
4.395144512e+20
4.968285586e+20
3.694032225e+20
6.057337353e+20
6.054194421e+20
3.023405369e+20
9.061028222e+20
4.521005612e+20
3.00940572e+20
6.001093916e+20
2.994387999e+20
5.966306501e+20
1.487713368e+20
4.442960028e+20
4.429037027e+20
8.811561927e+20
1.463189938e+20
8.72700234e+20
4.34507227e+20
5.755281934e+20
4.295908307e+20
5.686704637e+20
4.242465085e+20
2.806392148e+20
1.395048707e+20
4.150539444e+20
1.374788197e+20
6.813812419e+20
4.060536996e+20
4.023238234e+20
1.331359107e+20
3.95579314e+20
3.925391825e+20
9.068136327e+20
6.424790815e+20
3.815269765e+20
3.782903199e+20
4.990575625e+20
4.946448868e+20
1.22322406e+20
3.636011963e+20
4.79441568e+20
0
3.521648079e+20
4.649758768e+20
4.596606542e+20
6.826009608e+20
6.746963597e+20
1.11301321e+20
4.399938898e+20
6.531276761e+20
2.151382502e+20
4.257322521e+20
6.309968647e+20
3.121307341e+20
3.083843777e+20
5.084548061e+20
3.013823747e+20
3.975121914e+20
3.926721291e+20
1.94216733e+20
3.836791884e+20
2.846545704e+20
6.560316457e+20
4.635495898e+20
2.747017995e+20
3.623418295e+20
7.1573532e+20
3.540517508e+20
5.245144057e+20
5.189605341e+20
3.416986445e+20
3.381104748e+20
4.174214746e+20
3.304636755e+20
2.4479481e+20
4.845506268e+20
5.583663771e+20
5.526853383e+20
6.239133702e+20
7.720541373e+20
2.287965624e+20
3.020360688e+20
2.237853521e+20
5.170563211e+20
5.108408248e+20
2.890925176e+20
4.284667781e+20
3.536596656e+20
4.892706235e+20
5.539248487e+20
3.421513961e+20
4.745865888e+20
4.690944285e+20
5.976292313e+20
5.251545371e+20
4.553845563e+20
4.502512402e+20
6.375195944e+20
5.67397563e+20
3.12465531e+20
2.472432896e+20
4.289400924e+20
6.023537963e+20
7.525524181e+20
0
4.505264916e+20
4.495843398e+20
2.992662307e+20
8.951654043e+20
5.955534925e+20
5.933270493e+20
1.479480512e+20
1.472814839e+20
4.40461578e+20
2.921046031e+20
2.910311793e+20
7.232719304e+20
5.761769897e+20
1.430989753e+20
4.272554975e+20
4.241944869e+20
5.626044545e+20
5.58258716e+20
2.775108033e+20
4.128350462e+20
4.102349872e+20
1.084420377e+21
6.731682065e+20
5.336027029e+20
2.64870009e+20
3.935079586e+20
3.904874996e+20
5.154856971e+20
3.834874217e+20
3.795584863e+20
3.763422359e+20
2.482509729e+20
2.460583386e+20
4.868028363e+20
6.029277932e+20
3.577672979e+20
2.362539194e+20
7.008030183e+20
4.626517973e+20
4.57375923e+20
1.132022828e+20
3.356833851e+20
5.537644554e+20
5.472970637e+20
5.416094605e+20
2.14091038e+20
5.295780615e+20
5.232876627e+20
4.141637582e+20
5.115034615e+20
4.048106266e+20
2.999421331e+20
4.945178749e+20
1.954029352e+20
2.899416415e+20
3.818649479e+20
3.777460324e+20
5.596664189e+20
3.690954261e+20
4.556908627e+20
3.60644677e+20
5.342957208e+20
4.404995735e+20
4.350620057e+20
4.304558219e+20
2.550853822e+20
4.206781789e+20
4.98588451e+20
4.111686633e+20
5.685508992e+20
3.21542331e+20
4.763937472e+20
3.143642907e+20
3.881505079e+20
3.073995201e+20
6.832315352e+20
6.76453525e+20
3.712597798e+20
3.676264298e+20
5.084900699e+20
5.755235654e+20
3.554112812e+20
4.224365449e+20
4.870145165e+20
4.824486965e+20
6.130276968e+20
4.049091036e+20
4.002195668e+20
5.287664835e+20
4.5737731e+20
3.88517848e+20
4.481547684e+20
2.538206635e+20
6.2749574e+20
4.354083064e+20
6.152082199e+20
4.269287989e+20
4.492585256e+20
1.496754757e+20
4.484825565e+20
1.493431865e+20
4.470959721e+20
0
4.451109654e+20
7.403326034e+20
4.425448738e+20
2.942676548e+20
7.323663442e+20
4.380462368e+20
0
4.341628798e+20
2.877347814e+20
2.865227124e+20
4.269731394e+20
5.665938902e+20
4.219109786e+20
4.196848304e+20
6.940891513e+20
6.900697119e+20
8.212794931e+20
4.080568921e+20
0
4.017708546e+20
5.308033249e+20
2.634828792e+20
3.914581825e+20
2.589714348e+20
7.692300492e+20
7.630160818e+20
7.552204096e+20
2.496094088e+20
6.174654622e+20
3.672106353e+20
7.265117983e+20
3.599307753e+20
2.373144186e+20
2.350702882e+20
3.486557802e+20
4.603508351e+20
4.551137918e+20
1.126433139e+20
6.680698819e+20
5.510491966e+20
4.357024427e+20
3.233830808e+20
4.261079425e+20
5.270158433e+20
5.207690842e+20
7.213019397e+20
5.090565962e+20
3.021570576e+20
4.975259854e+20
7.8746889e+20
3.889572675e+20
5.771425218e+20
3.800677841e+20
6.579466359e+20
2.785223958e+20
2.755256337e+20
3.628523255e+20
8.076675347e+20
3.545421577e+20
6.138350982e+20
3.464380027e+20
1.713852614e+20
5.924514296e+20
4.187363581e+20
2.481462373e+20
8.185506622e+19
4.850898383e+20
4.800969287e+20
3.16138657e+20
3.91152187e+20
5.409202618e+20
1.529952116e+20
5.289684649e+20
5.237202071e+20
5.173835618e+20
2.195654913e+20
6.507782372e+20
3.580540536e+20
4.245383885e+20
5.606658951e+20
4.847791206e+20
4.802336781e+20
5.424080366e+20
2.686979925e+20
5.311671325e+20
5.263296528e+20
5.203018391e+20
4.511766208e+20
5.098031194e+20
4.421278603e+20
6.24577148e+20
6.191198163e+20
4.898682406e+20
4.249362792e+20
4.467793709e+20
5.953987263e+20
2.973400094e+20
2.970401015e+20
5.928466642e+20
5.919456524e+20
7.377772976e+20
7.362684578e+20
4.401212997e+20
4.389855498e+20
4.370216269e+20
4.35657241e+20
4.333934872e+20
1.439349617e+20
5.723556491e+20
2.849738581e+20
5.662324997e+20
7.044336395e+20
5.595358982e+20
6.957343024e+20
2.761578643e+20
2.745607304e+20
8.169353418e+20
4.059018036e+20
5.365118473e+20
2.664420895e+20
6.60041457e+20
3.931653038e+20
3.894296502e+20
5.152637458e+20
3.826363469e+20
6.325816473e+20
3.756818223e+20
4.966741954e+20
2.457342192e+20
1.217842515e+20
4.819043318e+20
5.968720232e+20
2.361292622e+20
3.508476867e+20
4.625698129e+20
4.580726469e+20
2.264369635e+20
3.362695142e+20
5.540043463e+20
3.290162611e+20
4.33587959e+20
4.290877669e+20
4.240538066e+20
4.195826392e+20
3.109647801e+20
7.178506492e+20
2.026532118e+20
2.004799645e+20
3.961367395e+20
1.959361854e+20
3.871260709e+20
3.829516978e+20
3.78287457e+20
8.419716262e+20
7.39263481e+20
4.570696252e+20
7.223354982e+20
3.572976245e+20
4.411280953e+20
6.109972775e+20
1.724206284e+20
3.411910792e+20
4.212349203e+20
4.168123815e+20
8.233625786e+19
4.888792267e+20
4.828708233e+20
4.77900641e+20
4.720421893e+20
7.008578707e+20
3.846089542e+20
3.045941856e+20
5.265568171e+20
5.213318782e+20
4.414501122e+20
4.371286774e+20
4.318738917e+20
4.989892795e+20
4.930345974e+20
4.883433127e+20
4.825641518e+20
4.097476336e+20
4.72434812e+20
6.68669871e+20
2.643653669e+20
3.929363846e+20
4.531703457e+20
3.207869151e+20
4.440198544e+20
5.029583399e+20
6.216855801e+20
2.46501814e+20
4.266423622e+20
4.833854534e+20
2.962182851e+20
4.44098849e+20
5.914194469e+20
2.95411878e+20
4.42200968e+20
5.887063159e+20
4.402484968e+20
5.857989519e+20
4.377241262e+20
2.910639465e+20
7.244158031e+20
5.77725549e+20
2.873669384e+20
4.294723651e+20
4.269564401e+20
5.668833184e+20
5.632003068e+20
5.605325292e+20
6.956948855e+20
2.768134713e+20
4.120435752e+20
2.7310909e+20
2.708789685e+20
0
4.002805176e+20
5.301032175e+20
6.566147126e+20
3.911276315e+20
5.16562711e+20
6.407652443e+20
6.344632065e+20
2.517399685e+20
6.22955059e+20
6.176942282e+20
4.889897638e+20
4.846847718e+20
4.794918633e+20
5.938895281e+20
4.699117686e+20
4.654765054e+20
5.753599859e+20
4.558168963e+20
5.633200017e+20
2.230835493e+20
5.513102508e+20
5.456977853e+20
4.314938996e+20
3.202636875e+20
6.330290705e+20
4.17572059e+20
4.126431722e+20
6.123704819e+20
5.042324301e+20
6.983583638e+20
3.942704431e+20
5.850417391e+20
5.779680538e+20
3.811586636e+20
2.823927983e+20
4.655826453e+20
3.679163572e+20
6.369295934e+20
6.291227985e+20
3.55647288e+20
5.269168369e+20
4.344182679e+20
3.432591623e+20
3.396261246e+20
3.354464315e+20
1.659624017e+20
8.196056339e+20
4.055404992e+20
5.607840204e+20
3.171495709e+20
3.132640576e+20
5.426330403e+20
6.891521447e+20
3.790132905e+20
5.990480682e+20
5.189652336e+20
5.126881036e+20
2.90096366e+20
5.732181125e+20
3.548026046e+20
3.505678161e+20
4.861243181e+20
4.803693315e+20
4.078835174e+20
3.359159896e+20
3.993736722e+20
2.63158292e+20
4.563324126e+20
5.155380028e+20
5.109094163e+20
5.682611304e+20
3.754868235e+20
3.712923976e+20
3.067078263e+20
3.033346069e+20
4.811503082e+20
1.4730075e+20
4.416753948e+20
5.881944347e+20
2.938014074e+20
5.863912555e+20
4.391266801e+20
7.297614749e+20
1.456545153e+20
8.707058485e+20
5.789762199e+20
5.764039329e+20
4.309565798e+20
5.71643369e+20
4.271649093e+20
1.415569593e+20
2.819258482e+20
4.201503119e+20
1.393875557e+20
5.536074923e+20
5.506977704e+20
4.098734561e+20
1.358363595e+20
5.389223107e+20
5.355456043e+20
3.981990251e+20
2.636755656e+20
2.612893463e+20
7.782219435e+20
1.284783366e+20
6.37484744e+20
2.524929641e+20
2.50460419e+20
2.479223647e+20
3.687464914e+20
4.865359656e+20
4.822571028e+20
5.963792857e+20
3.545620147e+20
2.337941103e+20
2.315895007e+20
5.725357077e+20
3.401874401e+20
2.242298471e+20
3.329971341e+20
5.486422311e+20
3.258365209e+20
4.294199699e+20
7.436950502e+20
2.100021908e+20
3.116854918e+20
7.186994376e+20
4.063121209e+20
1.003708946e+20
5.957726994e+20
4.905270617e+20
1.941002823e+20
2.876361918e+20
5.690735125e+20
2.810822814e+20
3.707387919e+20
3.662168218e+20
1.811397471e+20
4.473063617e+20
2.655090953e+20
3.496681952e+20
4.324283086e+20
2.562686388e+20
2.535565954e+20
4.173987066e+20
8.260339723e+20
6.52706255e+20
4.036985288e+20
4.784931459e+20
1.578559343e+20
4.677694094e+20
5.401768423e+20
4.573577324e+20
5.282192847e+20
2.981707976e+20
4.428171249e+20
5.832825029e+20
5.77571135e+20
4.992994913e+20
3.531989246e+20
4.885755432e+20
6.221897976e+20
4.098809023e+20
4.060362857e+20
4.681494829e+20
3.313016738e+20
4.584338322e+20
3.244700533e+20
4.490400675e+20
5.085811833e+20
3.771090383e+20
5.606560845e+20
5.543838261e+20
5.495425252e+20
3.623251869e+20
4.789357382e+20
2.930022684e+20
5.85704329e+20
4.387533029e+20
5.844168018e+20
5.832159846e+20
5.823328523e+20
8.709822343e+20
5.794715286e+20
4.33007274e+20
1.439646224e+20
2.866544118e+20
2.85762723e+20
5.685859206e+20
4.248821159e+20
2.816064371e+20
2.804261638e+20
1.114464627e+21
4.159496123e+20
4.13017613e+20
1.369498577e+20
5.436347682e+20
4.053770665e+20
4.020871604e+20
5.327613184e+20
1.320463562e+20
3.934706047e+20
3.899201225e+20
5.161533349e+20
6.391137741e+20
6.342376627e+20
6.280343508e+20
3.737907168e+20
6.166884433e+20
2.445968151e+20
2.420533356e+20
5.998170397e+20
9.494773408e+20
3.528078432e+20
4.652875379e+20
1.152260165e+20
2.278956085e+20
4.513713949e+20
4.462846911e+20
3.313847121e+20
7.643998744e+20
5.404493127e+20
6.410488217e+20
5.286731656e+20
4.180085331e+20
3.102061172e+20
1.021865258e+20
4.043955077e+20
3.995990719e+20
1.976596549e+20
5.858851698e+20
3.863903446e+20
4.771681183e+20
3.776224994e+20
3.730451626e+20
2.76770561e+20
2.733996868e+20
5.409219959e+20
5.343098705e+20
4.404899165e+20
2.610548884e+20
5.165477966e+20
3.401381281e+20
5.048083381e+20
4.155066835e+20
3.289160728e+20
6.497549363e+20
4.822478582e+20
4.763339386e+20
3.142871422e+20
4.656618956e+20
6.145631768e+20
4.55299397e+20
6.009617866e+20
5.936594678e+20
2.938833292e+20
5.806595489e+20
5.749731227e+20
7.10076462e+20
4.219316116e+20
4.168938223e+20
1.376417948e+20
4.760390465e+20
6.063085651e+20
5.991889371e+20
5.276889428e+20
3.259711394e+20
4.522025099e+20
2.554303048e+20
5.062740738e+20
5.630896239e+20
4.9609365e+20
3.679015913e+20
3.646893828e+20
4.808856199e+20
4.17148778e+20
5.828406114e+20
2.912713191e+20
2.909243941e+20
7.265814399e+20
7.250936453e+20
4.343981942e+20
5.77534369e+20
2.881794001e+20
2.871245098e+20
8.591612355e+20
5.702467765e+20
5.684750324e+20
1.413902509e+20
8.45247183e+20
2.801149241e+20
4.184135248e+20
8.314432458e+20
0
4.108525462e+20
4.086985799e+20
6.760017995e+20
5.376896626e+20
5.333391877e+20
1.325014584e+20
2.627335435e+20
6.524147553e+20
9.051625707e+20
1.28379801e+20
3.815214886e+20
7.572281907e+20
4.998948265e+20
3.719099246e+20
2.454408713e+20
6.084374159e+20
2.408507577e+20
2.387369994e+20
1.180993096e+20
5.851182393e+20
3.472570383e+20
4.586513684e+20
5.669695241e+20
0
4.441306833e+20
3.2978783e+20
2.173531675e+20
2.151451019e+20
4.253313499e+20
6.313916518e+20
4.160315634e+20
4.116542929e+20
6.102375636e+20
3.018726685e+20
3.977321738e+20
4.918427574e+20
6.803572899e+20
4.807461608e+20
2.849778911e+20
3.758789085e+20
3.713298704e+20
6.428305883e+20
3.628644243e+20
1.794825324e+20
3.545830078e+20
3.507865019e+20
6.063621532e+20
5.99903621e+20
5.078981968e+20
3.35016228e+20
5.790844299e+20
5.730061219e+20
4.042688669e+20
6.401029336e+20
3.951617756e+20
3.910940211e+20
4.635732873e+20
5.353305548e+20
3.021730038e+20
3.739179658e+20
5.17126189e+20
3.657089223e+20
4.335450596e+20
7.15497973e+20
4.948276708e+20
2.100207995e+20
4.150255048e+20
4.795867024e+20
4.739030491e+20
4.694568274e+20
3.313865693e+20
5.909813206e+20
3.89403466e+20
3.858561125e+20
5.721227968e+20
1.889954255e+20
5.605390086e+20
5.555777322e+20
4.272675253e+20
4.235376596e+20
2.991820016e+20
4.745671977e+20
1.449276669e+20
2.897074493e+20
2.893635168e+20
5.781473122e+20
5.769675008e+20
5.760959116e+20
4.30835456e+20
2.866396671e+20
5.711879924e+20
1.42430672e+20
4.254129483e+20
5.65457008e+20
5.625681022e+20
5.605186016e+20
5.572782545e+20
2.774741558e+20
4.13542106e+20
4.1159304e+20
6.811834331e+20
5.42093323e+20
5.379974914e+20
8.023585504e+20
1.326476957e+20
6.590983817e+20
3.920824397e+20
2.59631848e+20
1.286512619e+20
6.386397783e+20
5.061258393e+20
7.53410082e+20
6.217344722e+20
2.466986431e+20
3.6632799e+20
3.63247896e+20
3.594901053e+20
5.938973137e+20
5.875984865e+20
2.32900708e+20
3.455650733e+20
5.705257302e+20
3.385360931e+20
1.117529421e+20
4.419973685e+20
3.282062643e+20
7.571072522e+20
5.35300837e+20
5.291451226e+20
6.284040483e+20
5.175915073e+20
4.097188026e+20
7.086134207e+20
4.006160195e+20
2.969119789e+20
3.916462456e+20
4.837223203e+20
4.78525105e+20
1.891113879e+20
7.483026898e+20
6.468529903e+20
3.656516263e+20
5.418167054e+20
3.573304889e+20
2.647306263e+20
3.491956325e+20
1.724632111e+20
4.265663338e+20
4.213416721e+20
5.002609207e+20
4.117736329e+20
3.259613974e+20
4.024572815e+20
1.593086652e+20
6.294312826e+20
2.336069407e+20
4.615033312e+20
3.045370714e+20
3.008252077e+20
2.233498997e+20
6.619128154e+20
2.912626833e+20
2.877418903e+20
6.410774146e+20
7.741197586e+20
4.87863184e+20
2.75449239e+20
3.410331419e+20
4.717861346e+20
4.673592399e+20
1.31961514e+20
5.883364677e+20
3.876573657e+20
3.201047783e+20
3.797004957e+20
5.64437346e+20
4.960101298e+20
4.30167811e+20
4.860962097e+20
4.81853557e+20
5.360813119e+20
5.314642617e+20
7.207677009e+20
5.763205659e+20
4.317289487e+20
4.312970562e+20
4.304199002e+20
7.162840924e+20
4.285447558e+20
2.851163001e+20
1.420398564e+20
7.083794504e+20
8.463296573e+20
9.843240043e+20
8.394100654e+20
2.787852121e+20
5.54357599e+20
0
6.856422053e+20
4.09448798e+20
1.084239474e+21
2.69642308e+20
8.028337037e+20
5.321504181e+20
3.959029189e+20
3.934346236e+20
7.801702454e+20
5.166227277e+20
6.400012066e+20
1.270826963e+20
5.035821875e+20
4.997535223e+20
4.949053539e+20
6.136742594e+20
7.290256825e+20
4.819350559e+20
5.962027436e+20
9.455696845e+20
3.508372394e+20
5.794132491e+20
1.146298387e+20
3.406585462e+20
4.492084218e+20
3.336475382e+20
8.797688995e+20
2.177598637e+20
3.229340888e+20
2.131052837e+20
2.106599266e+20
4.169630567e+20
4.121331988e+20
4.078014274e+20
4.03036589e+20
5.981289669e+20
4.925627814e+20
2.923763933e+20
3.851966676e+20
8.573840592e+20
4.706137931e+20
6.517692801e+20
7.358923544e+20
2.729900905e+20
4.494660584e+20
3.557107319e+20
3.513798626e+20
5.214286912e+20
8.584357033e+20
7.643655016e+20
6.711231217e+20
4.980177972e+20
4.099321494e+20
2.433779079e+20
5.609266033e+20
3.171959891e+20
3.133144511e+20
3.876113569e+20
3.828764821e+20
4.547746737e+20
4.492340722e+20
3.705965175e+20
5.857559171e+20
2.899698093e+20
5.013140511e+20
4.254880907e+20
3.503108859e+20
3.469266001e+20
2.056693305e+20
5.432287012e+20
2.683931705e+20
3.988116973e+20
5.254947374e+20
4.555562532e+20
4.50247997e+20
6.373513433e+20
4.410013323e+20
4.370420683e+20
4.937835345e+20
4.282370962e+20
4.234182592e+20
4.796837927e+20
4.150666686e+20
1.763541116e+20
4.301629184e+20
4.299443309e+20
8.588744271e+20
1.430027276e+20
5.708514882e+20
4.274933654e+20
1.420927618e+20
7.090225991e+20
4.238721044e+20
2.818581312e+20
1.403134483e+20
1.398790212e+20
5.56676333e+20
1.386632744e+20
4.136005484e+20
6.864591279e+20
2.72833947e+20
5.431023754e+20
2.696609535e+20
6.7063108e+20
2.662379637e+20
3.970675314e+20
2.625890421e+20
2.609538926e+20
3.881080518e+20
3.855063655e+20
2.547115527e+20
2.528878474e+20
5.010639752e+20
1.243147036e+20
4.924477823e+20
3.663794216e+20
4.836207892e+20
4.795631629e+20
4.74627335e+20
4.704746335e+20
1.163773746e+20
5.7660227e+20
3.42230129e+20
4.520234888e+20
2.235281043e+20
4.427355521e+20
2.188958181e+20
5.418136814e+20
6.428163969e+20
4.24199622e+20
2.096711736e+20
5.187607218e+20
4.102112855e+20
2.029509572e+20
4.011686989e+20
4.961331544e+20
2.941760227e+20
4.85051011e+20
2.875738506e+20
4.741439975e+20
4.684688488e+20
1.853717119e+20
6.409853639e+20
1.8116852e+20
4.47436688e+20
7.082111863e+20
4.372498678e+20
3.460567934e+20
5.98213082e+20
2.536475123e+20
4.175791052e+20
7.436920498e+20
4.08107063e+20
3.230593335e+20
3.988823857e+20
5.526277271e+20
2.339442619e+20
4.630718176e+20
2.287091924e+20
2.263808596e+20
4.472480496e+20
4.42749388e+20
5.10271964e+20
6.495488154e+20
3.564996667e+20
4.236080014e+20
3.48762956e+20
2.76314539e+20
2.730131295e+20
4.056193669e+20
4.008073204e+20
3.970455432e+20
4.577687399e+20
4.535355626e+20
5.122822999e+20
5.710666838e+20
3.763169314e+20
2.486256114e+20
5.530239454e+20
4.263236351e+20
3.613024441e+20
4.775334815e+20
4.131981811e+20
3.511213473e+20
5.705193374e+20
4.276725026e+20
4.271696803e+20
2.844956499e+20
1.419604623e+20
1.417467593e+20
1.413452209e+20
1.410588158e+20
5.621976301e+20
4.205702202e+20
4.187391258e+20
5.565921921e+20
2.768882428e+20
5.517661406e+20
4.114553828e+20
6.829021626e+20
5.428514021e+20
2.701510979e+20
2.682764038e+20
8.006304324e+20
1.324393575e+20
5.267241397e+20
1.306282343e+20
6.490789362e+20
1.287169735e+20
3.835654283e+20
1.267177684e+20
5.032461618e+20
1.246427057e+20
4.947888893e+20
2.450072487e+20
2.430481948e+20
3.609359784e+20
3.579108769e+20
7.084728349e+20
7.022803382e+20
5.790725038e+20
1.147636867e+21
4.541155726e+20
6.747848395e+20
5.561556504e+20
4.406279784e+20
3.267889814e+20
5.392521549e+20
4.265288802e+20
5.277594544e+20
5.217291474e+20
5.163404196e+20
3.062304106e+20
1.010050037e+20
6.988065744e+20
5.926161267e+20
3.904358215e+20
5.793943044e+20
1.908415163e+20
4.719833899e+20
5.596120416e+20
5.535939572e+20
6.380912896e+20
7.214043598e+20
6.235957851e+20
2.643861567e+20
3.482340708e+20
3.445084399e+20
3.403115328e+20
6.733778601e+20
2.494337457e+20
5.758565887e+20
5.688174181e+20
5.628482888e+20
4.765423782e+20
3.143910135e+20
2.329118782e+20
6.147042736e+20
4.554029104e+20
2.25383253e+20
4.452795098e+20
7.346671146e+20
3.628767301e+20
2.874181917e+20
2.839454255e+20
3.514537117e+20
4.166743749e+20
3.438732434e+20
2.718111626e+20
3.365275673e+20
3.990405986e+20
5.270599509e+20
2.60427195e+20
5.805420673e+20
4.462637346e+20
5.053686416e+20
3.122063854e+20
3.094034619e+20
2.446948908e+20
4.244271976e+20
5.994824716e+20
4.75402363e+20
5.876377725e+20
3.495486865e+20
8.512799828e+20
1.418081856e+20
2.832839783e+20
4.245025519e+20
9.885116122e+20
7.050180261e+20
5.624220174e+20
4.209627406e+20
8.38895109e+20
0
6.942680145e+20
2.768493498e+20
4.131800201e+20
1.372272702e+20
4.093323545e+20
5.435054952e+20
9.451117125e+20
8.062961146e+20
6.672649978e+20
2.655152262e+20
5.270665496e+20
3.930392162e+20
2.599373517e+20
6.458064744e+20
6.403557151e+20
6.360732294e+20
3.782583632e+20
2.503709024e+20
2.48051179e+20
2.461716898e+20
1.219012852e+20
2.418552681e+20
3.591737425e+20
3.561665514e+20
3.525191467e+20
5.82401615e+20
3.457711366e+20
4.568490792e+20
2.259726258e+20
4.477103072e+20
2.214065322e+20
2.192701876e+20
3.252488901e+20
4.293717877e+20
4.245323633e+20
3.151755954e+20
4.154425074e+20
3.083655579e+20
5.080259215e+20
3.016166137e+20
4.968554782e+20
4.915813666e+20
2.914900281e+20
1.922505743e+20
4.749376794e+20
7.517478146e+20
5.570845045e+20
4.592462796e+20
5.444770556e+20
5.386230098e+20
2.660594591e+20
4.386729823e+20
6.066938557e+20
1.714869401e+20
3.388005563e+20
3.351945612e+20
4.966597713e+20
4.914075204e+20
3.236041708e+20
2.401563662e+20
4.74444528e+20
3.912588091e+20
4.637771325e+20
3.825021259e+20
4.53405119e+20
1.495962668e+20
7.388803714e+20
2.925788237e+20
3.612875285e+20
3.576989363e+20
4.947286788e+20
5.598629748e+20
5.531324417e+20
3.423666316e+20
5.412394657e+20
4.690728685e+20
5.297191782e+20
2.62373168e+20
3.241030084e+20
3.853264175e+20
3.808267968e+20
4.402494638e+20
4.351586601e+20
4.928593365e+20
4.263193353e+20
5.432754309e+20
4.177726692e+20
4.141289086e+20
3.510096201e+20
4.059883925e+20
0
1.410667063e+20
5.636076023e+20
1.407616804e+20
2.80958391e+20
1.402682029e+20
2.797469799e+20
5.583627652e+20
5.563596516e+20
8.324105885e+20
2.762700253e+20
0
1.37016623e+20
5.460814565e+20
6.787185375e+20
1.351795365e+20
2.686523758e+20
2.673937886e+20
5.310990477e+20
3.962511968e+20
2.622014337e+20
3.910555549e+20
5.172629774e+20
3.855401068e+20
3.82295283e+20
5.063221368e+20
5.018429583e+20
1.245655624e+20
4.936582159e+20
4.89921925e+20
3.639145212e+20
6.016849861e+20
4.765715079e+20
5.907319098e+20
3.508184456e+20
5.795968913e+20
2.294098621e+20
5.68330632e+20
3.373466825e+20
6.683766553e+20
3.305411657e+20
4.3647246e+20
3.237232471e+20
4.273608654e+20
5.281930626e+20
3.137092898e+20
4.135196626e+20
6.138803291e+20
5.05689515e+20
3.002310641e+20
4.945843573e+20
4.8933665e+20
2.901653407e+20
6.698219935e+20
6.619076073e+20
6.548090005e+20
5.545796964e+20
1.828731879e+20
5.420407204e+20
3.574763228e+20
5.297484727e+20
4.367199172e+20
7.765742381e+20
5.121793961e+20
6.74605876e+20
5.005700985e+20
6.592953407e+20
4.892429183e+20
3.221824206e+20
3.985023134e+20
4.723650673e+20
6.232704243e+20
3.847903449e+20
5.331603896e+20
4.514247793e+20
5.212997688e+20
5.149596236e+20
1.456510216e+20
2.877697488e+20
4.273666332e+20
3.518370247e+20
6.270991788e+20
6.195603082e+20
2.726985313e+20
4.041580535e+20
4.670251783e+20
3.955534721e+20
3.265330902e+20
5.162952778e+20
5.115195833e+20
5.055421342e+20
3.130846111e+20
4.951375483e+20
4.906923584e+20
4.850735316e+20
4.807822769e+20
4.753418438e+20
5.889958565e+20
5.824175843e+20
5.196678797e+20
7.020186449e+20
4.209988218e+20
4.205085175e+20
8.401811556e+20
6.987504699e+20
4.186212955e+20
5.565962322e+20
4.166040893e+20
6.918573682e+20
8.281132644e+20
9.619667521e+20
4.110007785e+20
1.363138563e+20
5.432828151e+20
2.70100902e+20
6.724490512e+20
2.672868578e+20
3.990542006e+20
3.9631015e+20
1.314166581e+20
2.608829867e+20
3.89091816e+20
5.146773615e+20
6.393595553e+20
3.80396194e+20
1.259527127e+20
2.496830624e+20
7.43710695e+20
7.368570582e+20
4.875241723e+20
8.449994268e+20
0
1.185667984e+20
5.878806921e+20
3.491340755e+20
2.307276209e+20
4.566323236e+20
9.050014503e+20
6.714993824e+20
5.543483247e+20
7.676369902e+20
1.086059889e+20
3.222118498e+20
4.253686914e+20
5.257436022e+20
4.163420861e+20
5.145181692e+20
2.036852587e+20
3.020247003e+20
9.961939533e+19
2.954003427e+20
1.948449362e+20
4.814210651e+20
6.667945925e+20
4.706639324e+20
3.724944966e+20
5.520973122e+20
7.282209873e+20
5.396260914e+20
2.669137013e+20
6.15298895e+20
2.608704996e+20
5.15429394e+20
3.399454114e+20
4.197731267e+20
2.491839519e+20
4.102520317e+20
5.68280186e+20
4.009663858e+20
6.348150351e+20
6.270716739e+20
4.654130241e+20
3.064915777e+20
3.033361196e+20
5.992822178e+20
3.707374991e+20
5.127225932e+20
3.625454469e+20
5.014107306e+20
4.964292689e+20
4.203717557e+20
6.937515139e+20
6.168701851e+20
4.072712034e+20
3.353349193e+20
3.321394916e+20
5.25110219e+20
4.551570728e+20
3.855341409e+20
5.729514902e+20
5.033346541e+20
5.610912593e+20
4.313488006e+20
3.664082641e+20
5.433118112e+20
3.590038149e+20
3.549358665e+20
5.277618312e+20
5.79842116e+20
6.323425355e+20
6.983852788e+20
1.396067689e+20
6.972234277e+20
6.965313401e+20
5.561140865e+20
5.552806948e+20
4.152962742e+20
2.763056244e+20
5.506416725e+20
5.492400549e+20
1.367199165e+20
2.725979773e+20
2.71236524e+20
8.107690699e+20
2.687284791e+20
4.014212597e+20
1.329675755e+20
7.940765874e+20
1.314387603e+20
7.845377287e+20
6.489443313e+20
2.580984673e+20
3.840880997e+20
6.361841244e+20
3.785158796e+20
2.506621767e+20
2.4845681e+20
6.167201078e+20
4.888414759e+20
4.851497753e+20
3.60387873e+20
5.958643246e+20
2.359925279e+20
2.340227462e+20
3.474658024e+20
5.740677128e+20
4.544656807e+20
1.125893606e+20
6.683354977e+20
4.413926923e+20
7.640451903e+20
2.161972949e+20
2.138096665e+20
5.292437555e+20
1.046633511e+20
3.108172319e+20
4.097268818e+20
3.041285483e+20
6.012967023e+20
3.966637418e+20
3.92083071e+20
4.849081609e+20
2.875517612e+20
5.689666579e+20
4.685557728e+20
5.562412154e+20
5.49637052e+20
1.8124459e+20
3.581552533e+20
4.42884567e+20
2.625351901e+20
2.597192997e+20
4.276356182e+20
5.922895036e+20
5.015206099e+20
4.961850006e+20
4.901523172e+20
4.849704236e+20
3.992200905e+20
7.9006332e+20
3.902169631e+20
4.633909545e+20
3.814531338e+20
3.775258355e+20
3.729296229e+20
3.691320465e+20
2.917170939e+20
3.609770288e+20
4.279228306e+20
4.942828552e+20
3.487957694e+20
5.526018565e+20
4.777136948e+20
4.055099755e+20
6.677682474e+20
1.984212718e+20
5.228356853e+20
3.884443342e+20
3.838614646e+20
2.53540096e+20
5.011463684e+20
4.345068155e+20
5.52174144e+20
4.25613186e+20
3.606245637e+20
4.765796779e+20
2.944826055e+20
5.254478622e+20
4.6183146e+20
4.578619225e+20
6.947893287e+20
4.166642216e+20
2.774546456e+20
2.7717958e+20
4.149430872e+20
4.143219385e+20
0
9.621144683e+20
2.739132663e+20
1.366083943e+20
4.080695564e+20
9.492340237e+20
6.746486535e+20
6.722133958e+20
4.01054899e+20
3.993937784e+20
3.968955704e+20
1.053447072e+21
2.615615826e+20
6.505126082e+20
2.582854743e+20
5.13630556e+20
8.917700921e+20
3.798240479e+20
1.255513542e+20
2.494311394e+20
4.94485087e+20
2.454843829e+20
3.648511375e+20
4.827983943e+20
4.782000767e+20
3.557976133e+20
7.045871634e+20
3.493560223e+20
4.610845286e+20
2.285369983e+20
4.523195014e+20
7.844101426e+20
3.326006438e+20
4.393262563e+20
6.518458681e+20
3.227880719e+20
4.256413361e+20
2.107197742e+20
4.167297682e+20
2.062607383e+20
6.11784694e+20
6.054839364e+20
2.992844894e+20
3.948663404e+20
3.903151077e+20
5.792686071e+20
3.816833974e+20
2.832090655e+20
2.798798487e+20
2.768814837e+20
7.295981618e+20
7.217644826e+20
6.240042694e+20
3.527442913e+20
1.742540604e+20
6.895419077e+20
3.406106253e+20
4.212124467e+20
4.161106041e+20
3.293474246e+20
4.88020896e+20
4.023850316e+20
4.769867283e+20
3.93318905e+20
2.331173178e+20
5.382841093e+20
5.317285985e+20
6.014331543e+20
4.455862119e+20
2.940323508e+20
5.809215283e+20
6.469598206e+20
4.970945316e+20
3.515392304e+20
3.472947731e+20
4.126673686e+20
5.436083718e+20
4.710579005e+20
5.31913324e+20
3.951325617e+20
4.555081746e+20
4.512300547e+20
6.370053995e+20
5.680004266e+20
3.118606424e+20
4.944294257e+20
4.276050736e+20
5.448423009e+20
4.188975412e+20
2.965661314e+20
4.104753133e+20
5.231540959e+20
4.598071304e+20
2.84910059e+20
4.147381318e+20
5.527069625e+20
5.520692126e+20
2.757612885e+20
2.752150052e+20
4.122052074e+20
2.740401943e+20
6.837212665e+20
4.087800231e+20
2.718278172e+20
2.706670392e+20
4.047532996e+20
0
5.350563996e+20
3.9903758e+20
1.324622249e+20
2.632723413e+20
1.310223238e+20
3.903881309e+20
2.589105203e+20
1.285030094e+20
7.666343546e+20
7.606099764e+20
3.779561749e+20
3.748104717e+20
1.241060673e+20
3.690601322e+20
1.221462059e+20
4.841178238e+20
4.804696963e+20
7.138578428e+20
3.540931209e+20
2.337430203e+20
6.95387786e+20
2.294510883e+20
6.823716368e+20
5.627418715e+20
2.230656077e+20
5.517469471e+20
2.186395394e+20
9.732362045e+20
4.283922116e+20
2.118407769e+20
4.195020721e+20
4.148237288e+20
2.053186734e+20
3.045022822e+20
3.013679741e+20
6.951768735e+20
2.94813866e+20
1.942815084e+20
6.727827517e+20
2.849848434e+20
6.578743885e+20
7.430329709e+20
2.756533522e+20
4.539847758e+20
5.389342304e+20
6.212611764e+20
2.633959987e+20
6.072198848e+20
5.14894228e+20
5.08688723e+20
4.193770973e+20
6.628851286e+20
4.098967203e+20
4.049232762e+20
5.609005561e+20
3.957727388e+20
4.699451257e+20
3.868553058e+20
3.828325606e+20
3.78173311e+20
2.245677745e+20
4.436734405e+20
4.391549963e+20
3.615190115e+20
6.441849978e+20
4.949641784e+20
4.200387713e+20
2.766453122e+20
2.739324252e+20
2.706391907e+20
4.69038297e+20
1.986119219e+20
3.934372532e+20
4.535520705e+20
3.851072981e+20
3.805592798e+20
5.655568446e+20
2.484131936e+20
3.692236254e+20
4.25757474e+20
4.219352424e+20
4.170822946e+20
5.90562392e+20
3.503062577e+20
4.051290979e+20
4.578004698e+20
3.404008232e+20
8.252488661e+20
5.498906264e+20
6.865725719e+20
5.48714875e+20
2.738156619e+20
4.101099949e+20
2.726496937e+20
4.081520704e+20
4.067112993e+20
5.409057935e+20
0
5.369504011e+20
2.671468624e+20
5.323693452e+20
3.970404537e+20
2.635997621e+20
2.619608339e+20
5.214812721e+20
5.179376792e+20
2.576288141e+20
2.557391769e+20
7.628604011e+20
6.307354034e+20
6.268443059e+20
2.486565602e+20
2.470049869e+20
7.345478169e+20
1.2155598e+20
2.408950332e+20
2.390816773e+20
3.552242255e+20
3.524048819e+20
2.326342722e+20
3.460475046e+20
4.567403859e+20
2.263875818e+20
3.360655387e+20
3.330357808e+20
6.590202366e+20
5.440636145e+20
3.229151454e+20
1.0660467e+20
3.163048016e+20
4.175823285e+20
3.097012843e+20
2.043851749e+20
3.031247941e+20
3.000063954e+20
2.965935542e+20
2.934899745e+20
4.83533232e+20
6.697791882e+20
4.728641566e+20
9.356482689e+19
5.548117248e+20
4.57393446e+20
5.423860969e+20
3.577107301e+20
6.185420949e+20
4.370732428e+20
6.045738223e+20
2.563258651e+20
4.220673681e+20
4.175576728e+20
4.125114398e+20
5.713744627e+20
4.03177654e+20
4.786997893e+20
3.940712935e+20
6.239001096e+20
1.540784416e+20
3.811906769e+20
3.765544595e+20
5.21748309e+20
2.945180139e+20
4.372776556e+20
4.319704364e+20
3.563521533e+20
3.520371478e+20
5.57661204e+20
2.754649648e+20
4.091450041e+20
3.368551745e+20
3.33597098e+20
5.932909668e+20
3.917564299e+20
5.806448934e+20
4.473702203e+20
5.052392021e+20
3.754227983e+20
5.56530982e+20
3.676389028e+20
4.844865965e+20
4.80137149e+20
4.152827124e+20
4.704117552e+20
5.231846654e+20
5.186261218e+20
5.127876537e+20
5.648708799e+20
1.368440566e+20
2.735514231e+20
4.098565398e+20
4.094517114e+20
5.448609534e+20
5.440479656e+20
5.425464658e+20
4.060923808e+20
1.348878029e+20
6.72729538e+20
5.358998312e+20
4.006927726e+20
3.987163661e+20
1.324272862e+20
2.63375479e+20
3.934323839e+20
3.909934927e+20
2.594495385e+20
2.576916485e+20
5.127194706e+20
3.817271442e+20
8.856439926e+20
3.76595674e+20
1.247583355e+20
3.711769073e+20
3.687142858e+20
2.436699279e+20
6.048571542e+20
1.198711467e+20
3.569092866e+20
1.178452452e+20
3.507326647e+20
2.31535993e+20
5.740277244e+20
2.272994336e+20
3.379919463e+20
4.460008867e+20
4.419835702e+20
4.373150584e+20
4.332414318e+20
3.214319735e+20
2.122316242e+20
6.297234534e+20
2.078400376e+20
2.055317415e+20
4.069202529e+20
5.029328542e+20
9.955235484e+19
5.905323031e+20
3.895705601e+20
4.813820063e+20
4.762873741e+20
4.707722482e+20
4.657564322e+20
2.761851987e+20
3.643059823e+20
5.400114397e+20
5.342186805e+20
2.639343047e+20
6.092378287e+20
2.579788804e+20
2.552143405e+20
5.883407174e+20
4.157539668e+20
6.571761687e+20
5.689148763e+20
3.211576143e+20
4.766454582e+20
5.493381805e+20
3.882686088e+20
4.602612888e+20
3.795628164e+20
5.249291722e+20
3.710887629e+20
3.665806201e+20
3.628469146e+20
3.584448423e+20
3.548367514e+20
5.608660407e+20
4.85879654e+20
5.485892937e+20
4.753073211e+20
5.366778115e+20
4.650506012e+20
3.938452087e+20
3.900899069e+20
3.854484292e+20
3.181892575e+20
3.14427854e+20
4.984286377e+20
4.925802479e+20
4.880903005e+20
3.618083684e+20
4.78080366e+20
5.316410479e+20
4.098422183e+20
2.315242462e+20
4.590145785e+20
4.538392379e+20
3.936998532e+20
6.807683628e+20
4.082573925e+20
1.359301921e+20
4.073882757e+20
6.776480893e+20
4.059828256e+20
1.349553001e+20
4.040533747e+20
4.026360379e+20
2.677443646e+20
2.666117087e+20
5.315905444e+20
2.644882543e+20
3.953065482e+20
6.551759647e+20
9.134640749e+20
5.187532651e+20
3.872567461e+20
6.410674836e+20
5.102061963e+20
8.863490811e+20
7.55422877e+20
3.747680194e+20
2.483074547e+20
4.925152221e+20
6.11563942e+20
7.275056699e+20
4.815699073e+20
3.579008e+20
5.92020581e+20
3.518632215e+20
2.32717495e+20
4.608960704e+20
3.428010647e+20
5.655966706e+20
1.121391098e+20
4.439337297e+20
4.39938534e+20
3.264764984e+20
6.46875662e+20
4.266164853e+20
2.112628345e+20
2.089545063e+20
3.103463058e+20
4.092088088e+20
4.050868276e+20
2.002712472e+20
2.97319817e+20
6.858846808e+20
4.847959076e+20
5.750998048e+20
2.845079159e+20
4.686987672e+20
2.782241564e+20
3.666336405e+20
3.627112921e+20
8.064862277e+20
5.318917157e+20
5.255783281e+20
1.733132073e+20
4.281073453e+20
4.235206904e+20
4.184350683e+20
4.139657767e+20
4.089740038e+20
3.237007855e+20
2.398387055e+20
3.164057894e+20
4.688542994e+20
4.639366496e+20
4.583040418e+20
2.267692801e+20
3.733579827e+20
5.173191073e+20
2.920216034e+20
2.890471458e+20
4.283127367e+20
6.360015305e+20
4.188696741e+20
4.838233089e+20
4.097013466e+20
6.76137103e+20
1.336016823e+20
3.307729091e+20
3.921773528e+20
3.236979189e+20
4.47783278e+20
4.4357586e+20
5.0094823e+20
3.722337606e+20
3.678632097e+20
4.252615736e+20
4.803534249e+20
5.355462705e+20
5.293668052e+20
4.663877432e+20
5.186937997e+20
3.427839038e+20
2.824276362e+20
4.480055006e+20
1.354702196e+20
8.124168511e+20
6.762422271e+20
2.702303554e+20
4.045525943e+20
1.346500785e+20
5.371231771e+20
6.700579037e+20
4.006288802e+20
2.664103412e+20
1.326434011e+20
3.967129076e+20
3.947680433e+20
6.55584639e+20
5.215563262e+20
7.79112028e+20
2.581035575e+20
5.138106512e+20
3.82762036e+20
3.807880809e+20
3.780187407e+20
3.758791177e+20
2.486386791e+20
4.942198042e+20
7.352262338e+20
6.086324502e+20
4.826899932e+20
4.79276152e+20
4.749391937e+20
5.892191174e+20
2.334709717e+20
2.31623595e+20
3.440553808e+20
2.274670536e+20
7.881571521e+20
1.116191053e+20
4.418856464e+20
6.568685029e+20
3.249805391e+20
3.219582499e+20
4.246748422e+20
2.103028493e+20
3.12014722e+20
3.089453193e+20
8.147415913e+20
4.032698497e+20
2.99066105e+20
1.973296609e+20
2.926466747e+20
7.722365139e+20
6.679910621e+20
4.720909144e+20
5.599721652e+20
3.693403045e+20
1.825172117e+20
4.514131276e+20
3.568826425e+20
6.178490904e+20
6.105258072e+20
4.314124505e+20
3.410126955e+20
4.216999376e+20
4.166422626e+20
4.121929029e+20
4.072279397e+20
3.223192501e+20
4.776359266e+20
3.150594952e+20
4.668643378e+20
1.53989274e+20
5.324239324e+20
4.516181429e+20
5.948480142e+20
7.359036962e+20
5.088811024e+20
3.597839328e+20
4.975915204e+20
2.111065725e+20
2.780698774e+20
5.506106242e+20
4.079753885e+20
4.039727778e+20
5.321547871e+20
3.293786709e+20
3.254363029e+20
5.157320511e+20
5.095917945e+20
5.048031021e+20
6.235374508e+20
4.942126305e+20
5.49456832e+20
5.444479762e+20
4.783131719e+20
3.555144116e+20
4.09975951e+20
5.224516245e+20
4.017044536e+20
3.413194937e+20
4.499459691e+20
5.018455362e+20
2.695871877e+20
8.083598454e+20
5.382940123e+20
5.37764232e+20
2.683577528e+20
1.339792989e+20
5.344519889e+20
4.000361794e+20
1.328805449e+20
5.301790906e+20
2.639749984e+20
6.579207934e+20
1.309410205e+20
7.82828551e+20
2.594986213e+20
1.292154444e+20
2.568429186e+20
5.113036793e+20
2.539345601e+20
2.526264241e+20
0
6.234408143e+20
4.94887223e+20
7.377715361e+20
4.878090159e+20
3.634373569e+20
7.205972674e+20
9.540082876e+20
5.90873327e+20
7.037328507e+20
3.485652225e+20
2.305399307e+20
3.424537605e+20
4.528199619e+20
4.482931307e+20
2.222078024e+20
0
3.269285361e+20
2.156654844e+20
2.136614293e+20
5.28438491e+20
5.233788725e+20
5.176840664e+20
6.151138496e+20
5.06936525e+20
6.02203648e+20
3.969830056e+20
2.946809286e+20
4.855904807e+20
5.766224242e+20
5.700499985e+20
3.760162347e+20
3.716848972e+20
2.757969342e+20
3.63449097e+20
3.595634313e+20
6.218457123e+20
3.515320507e+20
5.21056874e+20
6.872927434e+20
4.244401675e+20
5.878526822e+20
6.637836066e+20
5.746092095e+20
4.865960658e+20
3.209494572e+20
4.756117455e+20
4.705869139e+20
5.423730631e+20
5.366849068e+20
5.301789098e+20
3.747616002e+20
4.442583808e+20
3.664031949e+20
5.067425259e+20
5.015804536e+20
2.831443066e+20
5.605870454e+20
4.845805623e+20
4.112249123e+20
5.416852151e+20
4.693239138e+20
2.649608722e+20
3.279961372e+20
3.240697196e+20
1.925871692e+20
5.074494372e+20
5.026803681e+20
4.346383389e+20
3.690984453e+20
4.255522274e+20
4.216727082e+20
3.572176329e+20
2.360072022e+20
4.08237042e+20
5.780399899e+20
3.428529164e+20
3.965121332e+20
5.040273111e+20
4.997033304e+20
6.706184674e+20
5.362287718e+20
2.678105275e+20
4.013208947e+20
2.670271042e+20
2.666303388e+20
2.659036188e+20
5.307431848e+20
3.966740068e+20
5.275635624e+20
5.253522085e+20
1.309371083e+20
2.605981006e+20
7.789934829e+20
7.746947237e+20
6.429254737e+20
7.667836027e+20
7.632315788e+20
5.054128501e+20
2.514060336e+20
1.247938989e+20
4.96356395e+20
2.46259977e+20
7.34247359e+20
3.641171099e+20
4.82282382e+20
7.171920354e+20
3.560651812e+20
2.352395848e+20
8.171729782e+20
5.782321648e+20
6.883990776e+20
4.5448931e+20
2.253626876e+20
4.462299138e+20
2.211868627e+20
3.283842407e+20
1.084788546e+20
5.367156252e+20
4.253857734e+20
4.208440991e+20
5.210220408e+20
3.092187416e+20
7.144222244e+20
3.028078968e+20
5.995265373e+20
4.940336003e+20
3.911719641e+20
5.801465337e+20
4.784082547e+20
4.729651716e+20
9.359355138e+19
2.775518908e+20
4.576652257e+20
5.428162215e+20
7.160198036e+20
2.653585826e+20
3.500205885e+20
2.594125975e+20
2.566316124e+20
3.381040304e+20
6.689679954e+20
4.957228174e+20
4.086923242e+20
4.037801606e+20
4.793868867e+20
6.314728648e+20
4.686014809e+20
3.857788868e+20
3.817332303e+20
5.279527404e+20
3.731880736e+20
5.898619856e+20
3.648675231e+20
4.325330134e+20
2.854177845e+20
3.524507279e+20
4.884626241e+20
5.514924578e+20
2.730042278e+20
6.742778894e+20
6.008950046e+20
3.298171026e+20
3.919501931e+20
2.581716523e+20
3.8356323e+20
4.421593906e+20
4.380034853e+20
6.183083927e+20
4.900673481e+20
4.843020482e+20
4.798867376e+20
3.557131669e+20
1.1750662e+20
4.64586082e+20
5.180390702e+20
5.121002198e+20
3.384278924e+20
3.345891968e+20
2.764329642e+20
6.67302094e+20
5.335774599e+20
3.997308841e+20
2.662255984e+20
9.299835529e+20
2.65315183e+20
3.968913995e+20
6.601634627e+20
3.947257072e+20
1.312434284e+20
5.227798598e+20
3.90889171e+20
2.593266885e+20
6.459965063e+20
2.569768409e+20
5.118434611e+20
2.543582267e+20
7.595436269e+20
2.514901124e+20
6.254934434e+20
6.209821565e+20
3.704872906e+20
2.450876123e+20
0
2.415959492e+20
4.800033659e+20
5.948490294e+20
4.725241432e+20
7.024206346e+20
5.809715797e+20
3.453284735e+20
4.568054802e+20
6.785896831e+20
5.608125962e+20
2.220928007e+20
4.403505232e+20
7.627431598e+20
5.399302452e+20
5.342896701e+20
6.351992561e+20
7.33170423e+20
5.1868634e+20
2.052263059e+20
3.048172389e+20
4.01954507e+20
3.979154158e+20
3.934862235e+20
6.815397668e+20
1.925356405e+20
1.905265118e+20
6.59269453e+20
3.727464551e+20
2.763505983e+20
4.556861598e+20
1.801596992e+20
3.564697389e+20
2.642216859e+20
3.485220681e+20
4.305104591e+20
5.110756989e+20
5.891693953e+20
4.163304141e+20
5.758967929e+20
1.627856949e+20
4.020780716e+20
5.569278841e+20
5.502168239e+20
4.666327308e+20
6.146593746e+20
2.280801708e+20
1.502129108e+20
5.202787875e+20
5.874001853e+20
5.086825384e+20
5.743072546e+20
1.421140834e+20
2.105900358e+20
4.864286647e+20
6.178475407e+20
2.718680506e+20
4.700309565e+20
5.319062519e+20
3.941335599e+20
4.553718372e+20
5.784672559e+20
3.183046194e+20
5.032183118e+20
4.361770095e+20
4.310086304e+20
4.270180906e+20
3.617068439e+20
2.986742216e+20
5.903688673e+20
4.095483265e+20
3.4697409e+20
2.865892369e+20
3.966195758e+20
2.246669247e+20
3.887010041e+20
4.954733204e+20
1.328036719e+20
5.309522372e+20
5.303539943e+20
2.649169273e+20
3.966075095e+20
0
3.949466184e+20
3.941579604e+20
3.927964525e+20
2.612045842e+20
5.202325791e+20
1.296619123e+20
3.871014333e+20
2.571449935e+20
3.836013624e+20
5.093706693e+20
5.062676434e+20
2.519637147e+20
7.50856357e+20
4.980005739e+20
4.944186294e+20
6.14540377e+20
3.658895359e+20
6.060825455e+20
3.606869708e+20
3.583093405e+20
4.736514782e+20
7.054733286e+20
4.661021321e+20
4.626187765e+20
5.728875616e+20
4.546978713e+20
6.75474272e+20
4.465938019e+20
4.421599346e+20
3.287593072e+20
5.423485812e+20
6.449862044e+20
4.255084376e+20
6.323457227e+20
2.08540924e+20
3.098228924e+20
3.06472426e+20
4.046208245e+20
5.002261778e+20
3.961620624e+20
9.794020797e+19
1.938728489e+20
4.792412056e+20
3.793940161e+20
8.4395911e+20
1.855663991e+20
3.668795464e+20
1.814896544e+20
2.690810063e+20
4.436784636e+20
6.138871419e+20
3.470363241e+20
4.286822495e+20
1.696355801e+20
5.028668468e+20
4.974849976e+20
5.7347091e+20
5.673509836e+20
5.605463812e+20
6.338181107e+20
6.261877994e+20
4.646804543e+20
3.825588265e+20
6.813852403e+20
6.731434536e+20
2.960642649e+20
4.387191362e+20
4.342013718e+20
4.289428306e+20
2.830484247e+20
4.194338701e+20
3.46008267e+20
4.101916396e+20
5.414825821e+20
5.349527544e+20
6.621275401e+20
4.579169548e+20
3.239173064e+20
3.20037976e+20
5.071748152e+20
5.011290986e+20
4.343657032e+20
4.292164157e+20
3.644932693e+20
4.202331176e+20
3.56915629e+20
5.291129025e+20
4.078378902e+20
4.031077096e+20
3.995447769e+20
2.821093595e+20
6.711697476e+20
4.976509974e+20
3.837439337e+20
2.64306714e+20
7.925290806e+20
3.958193395e+20
0
3.946697611e+20
3.9408512e+20
6.550346723e+20
5.229823416e+20
5.211812865e+20
6.498369468e+20
5.177100017e+20
7.742015015e+20
6.420518068e+20
5.11806979e+20
1.272518008e+20
7.603824831e+20
3.77881722e+20
3.761368107e+20
3.736384171e+20
4.956291943e+20
6.150924804e+20
1.223259541e+20
3.641640819e+20
7.238739849e+20
0
7.132640179e+20
3.5358337e+20
7.021912673e+20
3.479580096e+20
3.453601839e+20
4.562017117e+20
4.526096212e+20
5.6032278e+20
4.445562897e+20
1.100381649e+20
7.636284849e+20
3.239417269e+20
2.14027499e+20
5.295029624e+20
3.147588563e+20
3.114193766e+20
7.197080868e+20
3.051174808e+20
1.007086439e+20
3.984229599e+20
3.944240931e+20
4.875631319e+20
2.895412309e+20
2.862969107e+20
5.666240876e+20
4.668432008e+20
1.847665262e+20
5.479578841e+20
4.517789356e+20
4.465539249e+20
2.650716216e+20
4.366281159e+20
4.319539921e+20
5.122434019e+20
5.067561136e+20
5.842075625e+20
4.953912713e+20
4.894846102e+20
3.228412298e+20
5.582032168e+20
4.733771499e+20
3.117891516e+20
3.856203711e+20
3.047750966e+20
6.031588433e+20
6.703521513e+20
2.948366315e+20
3.640860753e+20
4.324041416e+20
4.271699966e+20
2.818784356e+20
4.873191029e+20
5.513270199e+20
7.489148407e+20
2.696238328e+20
5.993388413e+20
3.296975034e+20
5.863206229e+20
3.225801465e+20
4.462027672e+20
5.050796933e+20
4.990571613e+20
4.943650038e+20
3.663763234e+20
5.444754626e+20
5.380579381e+20
1.777172931e+20
4.683664739e+20
5.221821617e+20
4.587730928e+20
4.547184399e+20
4.494863729e+20
3.89878069e+20
4.404988979e+20
4.913143237e+20
6.575468999e+20
6.572231672e+20
7.877842692e+20
6.55844518e+20
1.047335615e+21
5.228928496e+20
3.911136783e+20
7.806683796e+20
0
2.586772594e+20
6.440147122e+20
5.136452604e+20
8.945503508e+20
3.820108739e+20
2.53284749e+20
5.044960782e+20
6.268000948e+20
2.495635196e+20
2.479104261e+20
7.399204376e+20
2.44875736e+20
8.522452469e+20
4.832731004e+20
1.200801706e+20
4.764278069e+20
5.916171804e+20
5.865724749e+20
3.494698014e+20
1.154514465e+20
3.437710457e+20
5.676408538e+20
4.505404645e+20
3.346642432e+20
4.425372848e+20
4.381635275e+20
3.257928384e+20
4.29983307e+20
4.261365447e+20
3.162849769e+20
3.133574426e+20
3.100397012e+20
1.023606439e+20
7.088070818e+20
6.015960427e+20
5.950205332e+20
1.963506531e+20
3.883550479e+20
4.804736645e+20
6.651397227e+20
5.641784465e+20
4.648376111e+20
5.519205577e+20
3.637444186e+20
2.699102057e+20
1.778623124e+20
3.519277468e+20
4.347811746e+20
2.580768877e+20
0
3.36415725e+20
4.155413251e+20
4.933150945e+20
3.249599679e+20
3.214932489e+20
3.176454631e+20
3.928393745e+20
5.433666574e+20
2.304122508e+20
2.276352458e+20
3.003313747e+20
5.192319243e+20
5.872382736e+20
1.45034138e+20
4.30621728e+20
4.963137162e+20
7.719747173e+20
4.159845481e+20
3.431622608e+20
4.746236603e+20
4.699022316e+20
3.315979103e+20
5.253479476e+20
7.13668814e+20
5.140063697e+20
4.443675888e+20
5.0300181e+20
4.348770007e+20
5.538700925e+20
4.256763317e+20
5.422297012e+20
3.572231198e+20
4.129600815e+20
3.498199286e+20
4.044595232e+20
4.568676214e+20
4.528300928e+20
5.035651975e+20
4.43718965e+20
4.386568888e+20
3.805362546e+20
2.617432973e+20
7.848439634e+20
1.306612018e+20
3.916004818e+20
6.51417532e+20
1.30090895e+20
5.189666299e+20
5.179333218e+20
2.580801373e+20
5.148636976e+20
2.563687664e+20
6.389750981e+20
6.359068136e+20
5.069122032e+20
2.520775152e+20
0
4.990606535e+20
3.725707334e+20
3.701096042e+20
4.909535482e+20
3.655880852e+20
1.211780987e+20
6.012692317e+20
5.975997671e+20
2.371074992e+20
5.888733681e+20
3.50318741e+20
5.797649288e+20
2.298435892e+20
5.703274419e+20
3.390320245e+20
3.363676054e+20
2.220991139e+20
4.40536536e+20
4.361922928e+20
5.405493153e+20
5.350770535e+20
2.121176055e+20
4.198410091e+20
2.079789685e+20
4.115629288e+20
8.152788213e+20
5.040720292e+20
7.986179545e+20
5.924293923e+20
3.909935036e+20
5.800113991e+20
5.74076068e+20
2.838334955e+20
7.490051016e+20
6.47988852e+20
3.663745807e+20
4.527460779e+20
2.687628875e+20
3.542189645e+20
6.132688829e+20
5.195397513e+20
4.283176708e+20
5.079475354e+20
2.512544671e+20
4.138061473e+20
5.731322888e+20
7.281184564e+20
4.802347168e+20
3.954108353e+20
4.694536759e+20
2.319090069e+20
4.589204239e+20
3.022626244e+20
4.486404224e+20
5.909674872e+20
5.117203977e+20
3.610969357e+20
6.432809231e+20
3.530566095e+20
2.795672365e+20
4.142810748e+20
2.734053942e+20
2.701035316e+20
5.348327255e+20
5.9443379e+20
3.923982285e+20
4.522939555e+20
5.1190188e+20
3.793263809e+20
3.757057149e+20
4.949642643e+20
4.290209353e+20
5.450504118e+20
3.600015931e+20
4.743375277e+20
5.287636071e+20
5.225655065e+20
4.027912419e+20
3.412334347e+20
6.200663763e+20
5.571952342e+20
4.971131903e+20
4.368302207e+20
5.413606299e+20
1.302400726e+20
3.905285134e+20
2.600623214e+20
5.196168427e+20
5.186246454e+20
7.767879916e+20
5.164725602e+20
7.731677922e+20
1.284214684e+20
5.123967458e+20
6.378586832e+20
2.543692232e+20
2.531512867e+20
3.783748181e+20
6.272043374e+20
6.24642376e+20
4.967037062e+20
3.708129321e+20
7.367401522e+20
4.886486515e+20
4.851716035e+20
4.824488462e+20
2.393893335e+20
4.75859757e+20
4.720226498e+20
4.689239111e+20
3.487089293e+20
3.462628951e+20
3.431909406e+20
3.406362429e+20
4.499915011e+20
4.464583932e+20
5.527446058e+20
1.096384492e+20
7.599177516e+20
1.07626475e+20
3.19617809e+20
6.335261529e+20
7.314742175e+20
1.03530574e+21
5.12194504e+20
1.014630145e+20
5.018726475e+20
4.969615241e+20
4.915506006e+20
2.91975368e+20
7.700159404e+20
3.810701288e+20
6.594411063e+20
5.593499569e+20
3.687021506e+20
5.472232586e+20
3.606624185e+20
4.460421366e+20
8.818149907e+19
4.362043912e+20
3.449070195e+20
5.118268473e+20
3.37217673e+20
4.170099418e+20
3.296683204e+20
2.446072572e+20
2.417007279e+20
4.782461661e+20
3.937784323e+20
4.675162273e+20
4.619090228e+20
3.046880108e+20
5.267882525e+20
5.957320314e+20
5.149786702e+20
5.096246145e+20
4.315448355e+20
2.847337495e+20
4.219383441e+20
2.784257916e+20
1.375304987e+20
3.40362691e+20
4.707545354e+20
3.329076591e+20
3.288951385e+20
3.907986447e+20
3.217501323e+20
3.823609146e+20
4.407421499e+20
4.988969148e+20
4.929428881e+20
3.662301051e+20
2.412538089e+20
4.182836788e+20
3.542952201e+20
3.510642995e+20
6.360675467e+20
2.865261903e+20
4.531037725e+20
4.491000623e+20
3.329356617e+20
6.050729084e+20
4.893960408e+20
4.312934359e+20
3.888436895e+20
5.182043062e+20
5.176286656e+20
5.171238628e+20
3.871044869e+20
6.442221786e+20
3.855017611e+20
1.282452148e+20
3.834263127e+20
5.099533219e+20
6.348245921e+20
5.06320028e+20
3.779269987e+20
5.02110165e+20
0
4.973566498e+20
8.651456044e+20
3.690716396e+20
3.666468232e+20
4.863652954e+20
4.829136409e+20
6.002579253e+20
4.765626538e+20
5.920752793e+20
3.523878592e+20
5.834613936e+20
8.099323049e+20
6.893628246e+20
7.971385615e+20
3.390901835e+20
4.479588339e+20
5.555562141e+20
4.402111163e+20
5.457360317e+20
5.403781983e+20
6.428843428e+20
4.242693873e+20
2.102414967e+20
3.121093936e+20
4.123027858e+20
4.079640815e+20
5.051003887e+20
2.998154252e+20
2.968834166e+20
3.915428185e+20
5.81433114e+20
4.791949673e+20
5.691554968e+20
5.628242222e+20
2.784832867e+20
1.835691681e+20
4.540870545e+20
4.489261514e+20
6.218269545e+20
2.634341703e+20
3.47500043e+20
2.575997562e+20
4.247420618e+20
2.518615616e+20
3.322215701e+20
3.283031242e+20
4.05991402e+20
4.814071989e+20
4.762740159e+20
3.137275617e+20
2.327973524e+20
3.06677121e+20
3.034393908e+20
2.248434282e+20
4.449726786e+20
2.93073181e+20
5.800524893e+20
4.297877736e+20
3.544679816e+20
3.501856843e+20
3.466170369e+20
3.424297024e+20
4.745719524e+20
3.348882376e+20
3.97867118e+20
5.240963324e+20
5.189493989e+20
5.127101556e+20
5.077441791e+20
3.762441637e+20
6.210868619e+20
3.682034662e+20
4.255302355e+20
6.006776564e+20
3.570681425e+20
4.704655936e+20
4.079032092e+20
2.879388115e+20
3.424248246e+20
3.948393826e+20
3.354434972e+20
4.420874042e+20
4.930230105e+20
3.790693793e+20
4.295131869e+20
6.449751666e+20
5.157278263e+20
3.863673972e+20
0
2.568388465e+20
3.846903617e+20
5.115556528e+20
5.105399753e+20
3.816056758e+20
3.806498182e+20
1.263638458e+20
3.779433705e+20
7.52288101e+20
3.748073271e+20
6.213097229e+20
6.18776917e+20
4.920559744e+20
1.224488748e+20
2.432930787e+20
4.841031795e+20
3.605074484e+20
7.169768774e+20
2.371835298e+20
3.536106975e+20
7.015473127e+20
1.161585079e+20
4.607110492e+20
2.287428733e+20
3.400848039e+20
4.500774601e+20
5.574305598e+20
3.318372209e+20
0
4.346413837e+20
5.379794889e+20
4.266902087e+20
4.223983454e+20
4.186316655e+20
6.214838511e+20
2.05249597e+20
3.046411179e+20
4.023239657e+20
9.950619289e+19
2.956010927e+20
6.82254565e+20
3.859580718e+20
2.862885703e+20
6.611811593e+20
8.406505371e+20
2.773017074e+20
3.655877312e+20
3.61736827e+20
3.57632207e+20
1.769191463e+20
6.121106247e+20
4.325609957e+20
2.565282368e+20
5.075718615e+20
5.016371577e+20
6.616933241e+20
2.452118912e+20
3.234543618e+20
3.196195526e+20
6.324240853e+20
3.124429841e+20
3.864074273e+20
5.344940981e+20
7.555024067e+20
3.732132969e+20
5.170214042e+20
6.567358248e+20
5.054841302e+20
4.993857886e+20
3.5303053e+20
4.185211918e+20
3.45213297e+20
4.774622398e+20
4.051301163e+20
6.003616918e+20
3.302151368e+20
4.567304976e+20
4.52244665e+20
5.106370018e+20
6.321131913e+20
3.747217625e+20
3.092865473e+20
6.723052391e+20
6.054372867e+20
4.187685077e+20
5.334289076e+20
4.099840803e+20
5.223149933e+20
6.308844283e+20
3.97867963e+20
3.370510747e+20
4.454309796e+20
3.30206675e+20
4.364471621e+20
4.314403704e+20
3.742791273e+20
5.13525591e+20
5.132749039e+20
5.127078946e+20
3.841567386e+20
5.11239439e+20
5.104865422e+20
3.818491051e+20
5.0812221e+20
6.330037453e+20
7.577035862e+20
5.030737497e+20
1.253878803e+20
1.247926154e+20
2.486991268e+20
6.184037705e+20
3.695311815e+20
4.897645737e+20
4.875168793e+20
4.843309836e+20
3.613965064e+20
4.78460185e+20
2.378916468e+20
2.360958018e+20
2.346607991e+20
1.163913915e+20
1.156295979e+20
4.586227433e+20
6.831227858e+20
6.771054504e+20
3.36039789e+20
4.439480972e+20
3.303540906e+20
6.544424168e+20
5.40889048e+20
5.356019808e+20
1.062019039e+20
7.359515343e+20
3.125974262e+20
4.12515184e+20
6.130669695e+20
5.055345346e+20
3.004371168e+20
3.963105371e+20
1.962198658e+20
9.704777299e+19
3.843082932e+20
1.900470748e+20
3.762123734e+20
3.720422545e+20
6.443035956e+20
6.37087796e+20
7.204337829e+20
4.451701448e+20
3.523593642e+20
3.483216599e+20
6.030668373e+20
5.960863877e+20
4.212256572e+20
1.665227991e+20
4.11853859e+20
4.884095609e+20
4.026582413e+20
3.978897037e+20
4.723781117e+20
3.111688831e+20
4.617986589e+20
3.041834565e+20
4.514589034e+20
4.460399049e+20
2.206822089e+20
3.633770386e+20
3.59599297e+20
4.26316227e+20
3.516046898e+20
4.168332878e+20
4.813492335e+20
4.755385237e+20
5.379967173e+20
6.643824259e+20
5.919932566e+20
5.848606693e+20
3.860771951e+20
4.450079779e+20
2.518267361e+20
5.598174478e+20
4.928636749e+20
4.869766213e+20
4.823952926e+20
3.574940925e+20
5.312731674e+20
3.499922696e+20
5.780002968e+20
5.140836141e+20
6.226840821e+20
3.356796449e+20
4.990711822e+20
4.384785197e+20
4.889995884e+20
4.833823381e+20
4.7924597e+20
6.388678636e+20
2.554226021e+20
7.654236406e+20
3.823398106e+20
5.088242228e+20
5.080755924e+20
6.334143526e+20
3.792954274e+20
2.520105227e+20
5.027608992e+20
3.755358413e+20
6.240009899e+20
4.968375346e+20
3.713064796e+20
4.924198997e+20
4.904164704e+20
2.437472077e+20
4.852593623e+20
6.026207718e+20
7.194622397e+20
4.762641181e+20
2.368010924e+20
3.525270073e+20
2.335909777e+20
4.634522846e+20
3.453164481e+20
2.282766418e+20
5.667041156e+20
5.61723981e+20
3.345350803e+20
4.41969541e+20
2.192561059e+20
3.25772154e+20
5.384976999e+20
2.132981577e+20
5.286769526e+20
2.093526685e+20
2.074887447e+20
2.053617503e+20
4.069389382e+20
7.046940136e+20
3.988566844e+20
2.95958254e+20
3.907591902e+20
2.899024919e+20
4.783406981e+20
3.784839646e+20
2.809653955e+20
5.557130377e+20
4.582806261e+20
4.531568576e+20
1.793548377e+20
1.773262449e+20
1.754463735e+20
4.335973608e+20
6.005691426e+20
5.088234403e+20
4.194891989e+20
4.145971917e+20
2.460980296e+20
3.242745446e+20
2.406072605e+20
6.340292639e+20
3.920449696e+20
3.873814139e+20
5.365777129e+20
3.786897125e+20
5.245698279e+20
5.182782757e+20
2.197910716e+20
4.342952863e+20
6.446704925e+20
2.830675999e+20
4.902664491e+20
2.767726292e+20
5.479034442e+20
4.05968783e+20
2.009390324e+20
5.293742811e+20
5.241053101e+20
1.941717915e+20
4.486167338e+20
5.065405878e+20
4.389286455e+20
3.097613534e+20
4.908848918e+20
3.637648732e+20
2.402282335e+20
3.56055423e+20
4.115492741e+20
4.066779333e+20
6.332365062e+20
3.982268808e+20
6.201675854e+20
3.343193303e+20
4.418213627e+20
2.729350518e+20
3.246749352e+20
3.209403196e+20
3.712270985e+20
5.086859044e+20
6.355479992e+20
8.887896498e+20
1.268466629e+20
3.798237896e+20
5.056873087e+20
6.304416962e+20
2.516773669e+20
3.762460481e+20
6.255103744e+20
1.245942965e+20
1.242179988e+20
7.417894687e+20
2.463869775e+20
3.676035955e+20
6.101823998e+20
2.426226025e+20
3.622669923e+20
2.399413861e+20
2.387206745e+20
2.370440592e+20
1.06074221e+21
5.848750093e+20
2.325308667e+20
4.613581015e+20
4.583443897e+20
4.545024163e+20
4.513298013e+20
4.473728134e+20
6.660875737e+20
6.600128135e+20
4.365696669e+20
5.405597948e+20
2.144509615e+20
7.432732359e+20
6.316377461e+20
4.168829434e+20
3.09880665e+20
3.067104853e+20
1.012954672e+20
3.007139691e+20
5.95718038e+20
5.893889816e+20
2.918197355e+20
9.62240655e+19
4.763133615e+20
3.768873644e+20
4.663026195e+20
5.533824081e+20
5.476327467e+20
4.51266901e+20
2.679112647e+20
1.765905869e+20
3.494382883e+20
4.318075459e+20
4.272086084e+20
4.222775082e+20
2.506601991e+20
2.477408237e+20
7.352761084e+20
4.036919575e+20
3.19503492e+20
2.367960223e+20
2.342727136e+20
3.086516026e+20
6.107520155e+20
3.771625224e+20
4.478183964e+20
4.424516309e+20
2.918761365e+20
5.767363079e+20
3.567128812e+20
3.524169274e+20
3.487872851e+20
5.513306627e+20
5.457111638e+20
6.065192881e+20
6.004073089e+20
3.295372822e+20
3.262570377e+20
3.867925425e+20
3.191603633e+20
3.783876966e+20
3.74721115e+20
4.936367915e+20
6.111524179e+20
3.623090276e+20
2.392665819e+20
4.728377154e+20
5.270135397e+20
5.20771854e+20
4.013502689e+20
3.399633937e+20
5.053674657e+20
5.549499938e+20
3.850336035e+20
5.980261084e+20
5.92828259e+20
3.729091668e+20
4.225367703e+20
5.063001091e+20
3.795406253e+20
7.582495377e+20
5.050093764e+20
3.780462075e+20
6.291517161e+20
6.274968112e+20
1.252510968e+20
3.744928055e+20
2.490388073e+20
4.960616358e+20
7.418472388e+20
6.152956173e+20
3.678704255e+20
6.098467551e+20
1.214740742e+20
4.830166544e+20
4.808064753e+20
3.582668749e+20
5.940766214e+20
4.719319122e+20
4.692994145e+20
6.986749961e+20
1.157401672e+20
3.444620693e+20
4.562855131e+20
6.787048378e+20
4.493144706e+20
5.567303479e+20
2.210438202e+20
4.380648685e+20
4.346442565e+20
5.381870147e+20
3.202667297e+20
5.285938907e+20
2.096291043e+20
4.150763446e+20
4.113865548e+20
5.089830288e+20
3.025799306e+20
5.988546465e+20
9.886216385e+19
1.956276496e+20
5.811613806e+20
7.665394648e+20
4.743031371e+20
4.691302222e+20
3.714769091e+20
2.75535623e+20
2.726739836e+20
4.493926436e+20
2.66799576e+20
4.396525188e+20
6.089927153e+20
3.44025957e+20
2.552722761e+20
4.20549738e+20
2.496353287e+20
6.579509922e+20
3.254589783e+20
3.216433062e+20
7.955197416e+20
3.144518287e+20
3.888769277e+20
3.842602175e+20
4.562192488e+20
6.010361611e+20
2.973467146e+20
3.672325477e+20
5.087371685e+20
3.590192594e+20
4.263443764e+20
2.808085345e+20
4.863536259e+20
3.432085728e+20
6.114784017e+20
4.0273652e+20
5.315704094e+20
2.625809245e+20
3.249586734e+20
3.852538424e+20
4.450465463e+20
4.39695703e+20
3.110247039e+20
2.458355984e+20
4.869746133e+20
4.210089199e+20
3.574688983e+20
4.709500597e+20
4.082627407e+20
6.339530716e+20
3.426383999e+20
2.821670643e+20
4.47414635e+20
5.527191842e+20
4.382697777e+20
4.873211245e+20
5.367623265e+20
3.714002711e+20
5.786384092e+20
7.55904883e+20
1.259230478e+20
1.257854469e+20
2.51327137e+20
3.762851861e+20
3.757331046e+20
7.494951724e+20
3.740069161e+20
2.485038845e+20
4.957685398e+20
4.93767503e+20
2.461394917e+20
3.67475837e+20
1.220587121e+20
3.642280798e+20
4.836673137e+20
3.6060636e+20
3.589579032e+20
7.13273286e+20
3.548257976e+20
3.523464229e+20
4.671772155e+20
4.636857185e+20
3.456588775e+20
3.429195032e+20
3.40683788e+20
4.504554652e+20
4.473170579e+20
2.217066714e+20
5.501678917e+20
4.36138291e+20
5.409196937e+20
3.215009845e+20
3.18869319e+20
7.368178133e+20
2.08720243e+20
5.166066706e+20
2.048071461e+20
4.054406318e+20
7.029975051e+20
1.987677604e+20
1.96883194e+20
4.869984473e+20
3.858028298e+20
9.541422301e+19
2.833858855e+20
3.737342365e+20
2.774436015e+20
4.573160902e+20
4.525684775e+20
5.370406687e+20
5.313941498e+20
4.378435796e+20
4.332065575e+20
4.282718813e+20
3.389706686e+20
1.675344195e+20
4.972376099e+20
5.733714217e+20
4.051742046e+20
4.805154527e+20
2.376920746e+20
3.131859031e+20
3.873120297e+20
3.061747237e+20
4.543892853e+20
2.9931584e+20
3.701967773e+20
5.852275062e+20
2.895470999e+20
5.00625721e+20
4.246469204e+20
4.195387045e+20
4.844205425e+20
4.102156572e+20
4.737064639e+20
4.01139613e+20
3.970967157e+20
3.923105049e+20
3.23670602e+20
4.476818921e+20
4.432826774e+20
3.12823584e+20
3.717500001e+20
4.285060442e+20
6.669337711e+20
3.594320177e+20
2.96707741e+20
4.104427389e+20
3.485477827e+20
4.592199965e+20
4.550309989e+20
5.058726674e+20
2.785175792e+20
4.404049903e+20
4.365153116e+20
4.853640074e+20
4.811465845e+20
4.227468994e+20
5.763076877e+20
2.507975163e+20
6.266902021e+20
5.008057785e+20
3.752407766e+20
3.745404951e+20
3.739914765e+20
2.486755253e+20
3.722766997e+20
6.183914774e+20
6.168509697e+20
3.686208688e+20
7.350212607e+20
7.315798328e+20
3.644973825e+20
1.208544875e+20
7.221880312e+20
0
5.955432092e+20
2.366807868e+20
4.709603791e+20
4.676778093e+20
5.813426543e+20
3.462051858e+20
3.441112374e+20
5.689844854e+20
6.783341346e+20
4.484588959e+20
3.340029942e+20
5.518247175e+20
6.572972575e+20
3.256714388e+20
4.308439404e+20
5.335034024e+20
4.233120665e+20
3.144137013e+20
4.15638457e+20
4.115097179e+20
4.078572341e+20
2.018548733e+20
4.00000536e+20
5.937735637e+20
9.80245932e+19
5.819342769e+20
4.802231657e+20
4.75071961e+20
4.703331657e+20
5.582660624e+20
2.762892083e+20
3.643375708e+20
4.506959405e+20
1.782761801e+20
4.410060803e+20
4.360494651e+20
4.314329609e+20
5.118308078e+20
1.68794824e+20
3.337090152e+20
1.650736842e+20
3.263169148e+20
5.649532121e+20
3.988180313e+20
4.734719615e+20
6.238602589e+20
5.400635464e+20
1.52475566e+20
7.54289906e+19
2.235923853e+20
4.424664073e+20
2.914507863e+20
4.32594697e+20
4.986403518e+20
4.229629273e+20
4.178778619e+20
4.135737984e+20
6.128909272e+20
2.696191677e+20
5.9933298e+20
3.955281156e+20
3.256349547e+20
3.86871242e+20
4.459150256e+20
5.676849448e+20
5.608595462e+20
4.319957146e+20
5.487599212e+20
5.435169066e+20
5.37015869e+20
5.319613663e+20
3.504147041e+20
4.050282824e+20
5.145725144e+20
5.098784002e+20
6.158298064e+20
4.993378073e+20
4.934798468e+20
5.434685453e+20
4.834225473e+20
3.194817244e+20
4.210500779e+20
4.696328184e+20
7.48912704e+20
3.742753305e+20
2.492456802e+20
6.225116975e+20
6.213531806e+20
1.240886399e+20
4.950599575e+20
4.940832241e+20
3.693297637e+20
2.456070144e+20
3.669317339e+20
8.53597689e+20
1.213731315e+20
3.628339509e+20
6.015233189e+20
2.396350703e+20
5.955651901e+20
4.742782933e+20
7.068405729e+20
4.688389797e+20
5.819742368e+20
5.787373519e+20
3.446599999e+20
2.283849294e+20
3.398754504e+20
2.251091944e+20
6.69719921e+20
4.433750398e+20
5.494041796e+20
4.362789894e+20
0
1.072421487e+20
3.1871522e+20
4.214810198e+20
2.087067307e+20
6.207778792e+20
3.073119685e+20
5.076439819e+20
4.019935773e+20
1.991513738e+20
5.912652192e+20
3.904444297e+20
2.897455527e+20
3.825678551e+20
5.677073902e+20
5.620475976e+20
4.632917881e+20
2.751443817e+20
4.535434624e+20
2.693033012e+20
4.438621345e+20
3.513589121e+20
6.079779913e+20
8.593476552e+20
5.947111058e+20
5.043297519e+20
5.81630322e+20
3.28813857e+20
7.312582646e+20
3.215319794e+20
3.177755501e+20
4.715750952e+20
3.883554825e+20
2.305318298e+20
3.037372814e+20
4.507730492e+20
5.196449783e+20
4.407107261e+20
4.354455407e+20
5.02696142e+20
4.966706674e+20
5.617229836e+20
2.774867448e+20
6.179144295e+20
4.069850174e+20
4.028360357e+20
3.3165291e+20
3.939718592e+20
5.838383451e+20
5.780247341e+20
3.172586077e+20
5.026246336e+20
4.965814427e+20
5.532384446e+20
4.251338216e+20
4.210715449e+20
4.160337292e+20
4.121175689e+20
4.65376453e+20
3.45797311e+20
3.416924915e+20
3.950045449e+20
5.018647738e+20
3.868353754e+20
5.461330832e+20
4.871792082e+20
4.81496557e+20
4.242790352e+20
2.621042645e+20
2.598646012e+20
3.727324499e+20
3.72552547e+20
3.721486768e+20
2.47859472e+20
0
4.940749505e+20
2.463949379e+20
2.459092348e+20
4.901869884e+20
3.667260081e+20
4.870106782e+20
3.641598767e+20
6.041067693e+20
6.01976055e+20
9.580785618e+20
7.156521005e+20
4.743034573e+20
4.721414492e+20
5.863896096e+20
8.167890603e+20
1.15874929e+20
3.456931781e+20
3.431285457e+20
4.547428855e+20
5.639560011e+20
2.241158553e+20
5.556479842e+20
6.621449565e+20
1.094009568e+20
3.257824086e+20
3.228441823e+20
4.271095044e+20
2.115602423e+20
5.245821816e+20
5.195301597e+20
5.151008428e+20
4.080038628e+20
5.054849438e+20
5.003649215e+20
9.915482772e+19
4.906483151e+20
4.860054765e+20
5.770683629e+20
4.762132835e+20
4.711234996e+20
5.597149211e+20
1.845511214e+20
5.480180066e+20
4.516803944e+20
6.257957604e+20
5.304585092e+20
4.37405955e+20
4.325049871e+20
3.423431852e+20
5.076907568e+20
3.348610927e+20
3.310222127e+20
4.093638434e+20
6.474019185e+20
2.40182966e+20
3.165068865e+20
3.131289115e+20
3.868106915e+20
4.592304035e+20
2.268997919e+20
5.238175021e+20
5.175907615e+20
2.926459485e+20
4.3372855e+20
5.72244826e+20
5.65390266e+20
4.895738103e+20
5.527937545e+20
4.787124055e+20
2.026943523e+20
4.681317847e+20
3.964239825e+20
5.232370685e+20
1.938506076e+20
5.117870972e+20
3.16016289e+20
3.754919781e+20
4.328068706e+20
4.898408405e+20
4.23467536e+20
4.793380159e+20
7.104023316e+20
4.105002037e+20
4.056043124e+20
4.018446712e+20
2.268982103e+20
1.686211475e+20
4.443418205e+20
4.95397339e+20
3.263834746e+20
3.774182948e+20
5.328731693e+20
4.225958989e+20
4.699090952e+20
4.141286068e+20
4.946991306e+20
3.708455508e+20
4.939261116e+20
4.934495013e+20
2.462681093e+20
3.688621386e+20
1.226351295e+20
1.223935956e+20
6.099435104e+20
7.301136579e+20
6.059991386e+20
7.250146173e+20
7.216474224e+20
3.595522237e+20
5.960994473e+20
4.749521992e+20
7.082610836e+20
5.875297172e+20
8.172766591e+20
0
6.921578092e+20
5.735961792e+20
3.41610641e+20
2.263669113e+20
3.368849654e+20
7.809593551e+20
4.425739878e+20
2.197509467e+20
3.267757529e+20
3.243679649e+20
2.142992551e+20
7.442163022e+20
2.106515449e+20
6.267990601e+20
1.034625174e+20
2.05162263e+20
4.062732414e+20
5.033441928e+20
4.982558031e+20
5.924250666e+20
7.81748767e+20
4.839725663e+20
1.915552647e+20
4.7423335e+20
3.753390237e+20
4.645012728e+20
3.675836547e+20
3.638439422e+20
5.397990839e+20
4.45170163e+20
3.5220011e+20
6.098789827e+20
5.169051233e+20
4.261982493e+20
6.741943278e+20
3.335132886e+20
3.296949706e+20
5.708130622e+20
5.642151322e+20
5.581908643e+20
2.364362343e+20
3.898554973e+20
2.311668849e+20
4.574116683e+20
3.013383413e+20
5.962852239e+20
4.41902333e+20
5.101143054e+20
1.440083488e+20
5.699975656e+20
4.223808134e+20
2.786600954e+20
6.882888436e+20
5.449593945e+20
4.711056764e+20
5.995319165e+20
4.606894219e+20
4.560450992e+20
5.792831405e+20
5.735139046e+20
3.77740394e+20
3.74027002e+20
3.079416134e+20
3.049557578e+20
3.615550811e+20
2.984163399e+20
2.358752861e+20
5.841364052e+20
4.040167541e+20
4.574532115e+20
4.520169191e+20
3.919063415e+20
3.319465919e+20
4.93450335e+20
4.334630884e+20
4.296357016e+20
4.246135575e+20
4.73541822e+20
5.200504615e+20
3.093652281e+20
2.462212198e+20
3.691541257e+20
2.458373505e+20
6.140009292e+20
3.677205745e+20
2.44788989e+20
3.66233701e+20
4.87350681e+20
3.643071491e+20
2.422685171e+20
4.82607935e+20
1.202898905e+20
8.381289954e+20
5.965558692e+20
4.747392214e+20
8.2743898e+20
1.175159222e+20
2.339625051e+20
2.324687173e+20
4.625879205e+20
5.742445171e+20
3.426358169e+20
4.534748089e+20
2.253712169e+20
4.472124945e+20
1.110776234e+20
3.304848933e+20
4.375905856e+20
4.33814657e+20
5.382762503e+20
5.33442653e+20
3.175794376e+20
2.097506203e+20
5.20102131e+20
6.181366373e+20
2.042916412e+20
7.07975169e+20
6.014657974e+20
9.923287812e+19
6.882658475e+20
3.892438332e+20
4.819565921e+20
3.815220986e+20
4.722698122e+20
5.606881569e+20
2.77553589e+20
5.491162667e+20
4.529435452e+20
3.583998422e+20
3.546865802e+20
7.015457512e+20
4.338641325e+20
1.716070672e+20
2.546888762e+20
5.875533343e+20
4.152203634e+20
4.92567494e+20
6.497543678e+20
2.408449592e+20
4.76547926e+20
3.924996351e+20
4.659746064e+20
4.605092249e+20
6.07476376e+20
6.753443076e+20
2.969702304e+20
2.200845725e+20
2.903508643e+20
4.30334872e+20
4.967969008e+20
4.207319027e+20
4.857515034e+20
4.799245948e+20
5.428355808e+20
2.681555694e+20
5.308430375e+20
4.588982351e+20
3.893757123e+20
5.129174134e+20
4.443326134e+20
6.271212254e+20
3.725734127e+20
5.521407069e+20
5.467865028e+20
3.001241755e+20
4.161577303e+20
4.111747518e+20
4.654894412e+20
4.599332284e+20
3.417520436e+20
3.939699043e+20
3.903753942e+20
3.857549192e+20
6.007449254e+20
4.317616731e+20
4.279495488e+20
3.700741163e+20
4.192693734e+20
3.107976399e+20
4.108582985e+20
7.353093663e+20
4.899707463e+20
4.894437222e+20
4.889723886e+20
3.660542254e+20
3.655200379e+20
3.645771364e+20
6.064338612e+20
2.41775443e+20
4.82351525e+20
1.201090702e+20
3.592467642e+20
5.959785863e+20
4.751057717e+20
2.363090058e+20
2.353556837e+20
2.339860512e+20
5.823061327e+20
4.628780421e+20
4.605411128e+20
5.717133718e+20
5.685455447e+20
3.386147669e+20
1.121921217e+20
4.452621954e+20
6.635632514e+20
4.387357769e+20
6.535437444e+20
5.399307166e+20
5.359593443e+20
7.436196959e+20
5.270345955e+20
3.132860537e+20
4.143125434e+20
5.129337533e+20
5.085709431e+20
4.028556724e+20
6.987632837e+20
3.952723696e+20
4.895666407e+20
2.907201227e+20
7.679317492e+20
1.899733926e+20
7.525159474e+20
4.653223551e+20
3.685544261e+20
5.468754897e+20
6.315362715e+20
2.677091458e+20
5.298731733e+20
4.366964523e+20
4.32114644e+20
1.70918005e+20
4.227784469e+20
5.852055458e+20
4.962749545e+20
3.270721622e+20
4.853787352e+20
3.998184163e+20
6.328821232e+20
6.255219109e+20
3.867810176e+20
3.822491868e+20
7.563617927e+20
5.979539965e+20
5.176623077e+20
2.192247496e+20
5.784335377e+20
5.001008491e+20
2.827777917e+20
4.889451189e+20
4.838626447e+20
4.097670656e+20
4.055461926e+20
3.338950227e+20
4.626867874e+20
6.530298897e+20
2.585782679e+20
3.831989777e+20
3.161516299e+20
5.622246558e+20
3.711310779e+20
4.888917236e+20
5.446691676e+20
3.587538339e+20
4.73765919e+20
4.680916764e+20
4.636838748e+20
3.436102548e+20
6.241117151e+20
5.04561891e+20
3.888563613e+20
5.489294839e+20
3.808014634e+20
3.225551717e+20
4.262765793e+20
5.266040603e+20
4.698288816e+20
5.159578391e+20
4.603977416e+20
4.879902662e+20
6.096952411e+20
3.654246735e+20
4.867641606e+20
4.858705475e+20
4.851621281e+20
6.048924841e+20
2.414816673e+20
6.017232512e+20
1.200464107e+20
5.978551041e+20
2.384255923e+20
5.933175811e+20
5.912324189e+20
7.057735102e+20
4.686192249e+20
4.658990468e+20
2.31891607e+20
4.60836813e+20
5.731404228e+20
5.69204442e+20
4.528427481e+20
6.742728978e+20
1.117029384e+20
2.216644165e+20
3.303429667e+20
4.368415288e+20
2.169087057e+20
1.075226359e+20
6.403947579e+20
3.173344217e+20
4.198315373e+20
3.119575406e+20
2.062791815e+20
5.107720181e+20
3.038585675e+20
6.017525386e+20
4.970293693e+20
3.936270391e+20
5.850382496e+20
4.825290081e+20
4.779746124e+20
9.459610684e+19
2.810346692e+20
2.780521549e+20
5.505746803e+20
3.631019508e+20
2.695596706e+20
4.443787102e+20
2.638669454e+20
4.349410371e+20
5.164550496e+20
4.255861359e+20
4.210890438e+20
2.49804191e+20
5.766848465e+20
2.443322586e+20
3.223046885e+20
3.982411113e+20
5.51588489e+20
5.451808921e+20
3.082095126e+20
4.56902999e+20
3.013605884e+20
2.978101505e+20
2.946529122e+20
5.82324317e+20
5.761829969e+20
3.558282408e+20
4.929403971e+20
5.566298731e+20
5.508439073e+20
4.762129663e+20
4.713075771e+20
3.326056197e+20
3.950569949e+20
2.602041854e+20
6.439512195e+20
3.817213791e+20
3.149323001e+20
7.467427367e+20
2.464665782e+20
3.043789763e+20
6.02853519e+20
4.764925667e+20
4.719372304e+20
5.245688588e+20
5.196287939e+20
6.275150816e+20
5.651789548e+20
5.02606325e+20
3.32013518e+20
4.921174862e+20
3.251333854e+20
4.283986004e+20
4.24616639e+20
3.671829063e+20
3.11996107e+20
4.6254203e+20
5.095490447e+20
4.857942327e+20
4.855615679e+20
2.425209783e+20
3.634318409e+20
3.627664274e+20
4.829839413e+20
7.22617125e+20
2.403995756e+20
8.386450554e+20
1.19509781e+20
1.190377705e+20
4.747258004e+20
2.36272093e+20
2.354424656e+20
4.68431956e+20
9.330911956e+20
4.63844277e+20
3.463047677e+20
2.294067539e+20
3.423760197e+20
6.800609239e+20
6.762996932e+20
6.713419655e+20
1.112180024e+20
4.414121876e+20
5.481945507e+20
1.087408918e+20
4.319551204e+20
4.282523618e+20
8.502157724e+20
6.319724829e+20
4.180506364e+20
4.141869964e+20
3.081142307e+20
7.120797986e+20
5.043088826e+20
2.996213408e+20
5.939513906e+20
3.919953493e+20
4.855139526e+20
1.922163982e+20
3.808065566e+20
5.652522987e+20
4.664755607e+20
5.538403777e+20
4.569467289e+20
4.52040296e+20
1.789798824e+20
3.540720216e+20
7.008157508e+20
2.599198069e+20
4.286576557e+20
6.782253975e+20
5.871783239e+20
4.976278384e+20
4.923432756e+20
4.056134433e+20
3.21033658e+20
5.553466835e+20
5.494222693e+20
5.430469492e+20
6.907583707e+20
5.309744809e+20
4.50278539e+20
4.44978563e+20
5.136385841e+20
3.625418374e+20
2.869749504e+20
3.544523132e+20
3.507389366e+20
4.851717754e+20
6.173082726e+20
4.066102266e+20
7.377731834e+20
5.301218192e+20
4.591266173e+20
2.592041611e+20
3.848855676e+20
3.802551319e+20
3.764668075e+20
7.438747987e+20
3.682796529e+20
5.457774219e+20
4.203759102e+20
5.933260996e+20
2.938266279e+20
2.903056878e+20
4.601144396e+20
4.546158639e+20
2.815002732e+20
2.781476995e+20
3.858534868e+20
5.991495743e+20
3.778545495e+20
5.334207932e+20
5.287119704e+20
4.180047727e+20
4.143766339e+20
3.583503902e+20
4.060485465e+20
4.836178756e+20
9.66773207e+20
8.450236044e+20
3.618052529e+20
2.407630513e+20
4.808252256e+20
2.39797437e+20
1.076972123e+21
4.770920615e+20
4.759117108e+20
5.925462766e+20
3.544644587e+20
1.176132454e+20
4.688025099e+20
4.663666129e+20
3.48367681e+20
6.92711328e+20
2.29857048e+20
5.710098647e+20
5.681349297e+20
1.128504139e+20
5.611341886e+20
4.456242689e+20
5.536862941e+20
6.59268065e+20
5.458379276e+20
2.165508415e+20
6.451631251e+20
4.264298257e+20
6.349521275e+20
5.244157803e+20
3.122135855e+20
6.186680643e+20
3.068206432e+20
2.026011016e+20
3.013227175e+20
2.983768371e+20
3.943254269e+20
9.759428281e+19
4.835126664e+20
2.871415782e+20
5.688694712e+20
3.752979441e+20
2.787453661e+20
3.677298695e+20
3.640770663e+20
1.800871863e+20
5.347775074e+20
3.526525483e+20
6.980089775e+20
6.903555316e+20
6.83119714e+20
4.22209063e+20
5.013005052e+20
6.608839137e+20
4.086672543e+20
3.232152711e+20
3.197726129e+20
2.370741266e+20
3.127274272e+20
3.86378319e+20
3.05807326e+20
4.533528147e+20
5.232848641e+20
5.910071346e+20
5.116500884e+20
2.889134983e+20
5.002672914e+20
4.237043828e+20
5.590209215e+20
2.761753484e+20
4.099570207e+20
4.050499774e+20
4.676904083e+20
4.620790447e+20
7.187195698e+20
5.164235881e+20
3.834117774e+20
2.525334038e+20
4.375302971e+20
4.322668033e+20
5.503054624e+20
3.62459197e+20
4.785905957e+20
4.137378185e+20
5.26862115e+20
3.470313958e+20
3.437626884e+20
3.962617981e+20
5.608388663e+20
4.433247281e+20
4.941891959e+20
4.883237693e+20
5.914827766e+20
3.719515748e+20
5.266690525e+20
5.204807448e+20
4.127709987e+20
3.059629648e+20
5.561465571e+20
3.610956988e+20
6.01538796e+20
2.403593296e+20
2.401287734e+20
5.992286064e+20
2.393428604e+20
2.387320506e+20
5.956605681e+20
3.562329695e+20
3.553523617e+20
4.719416501e+20
8.234298944e+20
2.341901021e+20
5.834230325e+20
3.482395518e+20
4.624529151e+20
4.597886353e+20
5.72132745e+20
0
3.393988962e+20
3.370848356e+20
1.117412979e+20
5.546299028e+20
4.410426135e+20
4.376281881e+20
1.087002959e+20
6.468835062e+20
3.212085727e+20
4.246227364e+20
8.430204769e+20
4.177652768e+20
9.327010054e+20
2.053591707e+20
2.036919148e+20
5.04394774e+20
3.000705987e+20
1.98095086e+20
5.890452369e+20
5.831583282e+20
4.815278109e+20
2.859682275e+20
2.832741036e+20
2.803301311e+20
3.70152859e+20
2.746836834e+20
3.626086902e+20
5.380923232e+20
2.663163554e+20
3.512444109e+20
6.083215223e+20
3.438067671e+20
4.252555413e+20
5.887567634e+20
4.161008841e+20
2.468567441e+20
3.256489357e+20
3.219497754e+20
3.981517951e+20
4.722995923e+20
4.672632649e+20
2.309266244e+20
3.046202201e+20
5.2686472e+20
4.467947573e+20
4.415454339e+20
2.184329699e+20
2.158516072e+20
4.983433329e+20
2.110392816e+20
2.088285486e+20
3.438973043e+20
4.764518576e+20
3.362513803e+20
5.324600742e+20
5.260743646e+20
6.50886881e+20
3.858404949e+20
4.456074361e+20
5.660342582e+20
5.603941759e+20
3.07585211e+20
3.654717092e+20
3.610773961e+20
3.575742038e+20
5.887992882e+20
1.749505866e+20
6.914123312e+20
5.136744821e+20
3.38354053e+20
3.910856058e+20
5.52032815e+20
5.469951933e+20
4.864487609e+20
3.749528959e+20
3.705197041e+20
4.721776752e+20
4.147769301e+20
4.625749784e+20
4.571665607e+20
5.036301534e+20
4.793231424e+20
3.593209571e+20
1.196464458e+20
3.585953695e+20
8.352026577e+20
7.148477578e+20
1.188380445e+20
4.744214312e+20
4.728811891e+20
7.075697832e+20
7.047970822e+20
2.342309124e+20
3.497442089e+20
3.485193287e+20
2.311450433e+20
6.906500742e+20
6.866809412e+20
5.696446996e+20
4.528488067e+20
5.6321611e+20
3.35631078e+20
3.337798237e+20
3.313500415e+20
1.097881329e+20
4.357604132e+20
4.329479586e+20
6.441379924e+20
4.264629612e+20
3.171231738e+20
6.296012299e+20
8.320255147e+20
5.159968104e+20
4.090057095e+20
4.056877103e+20
5.023042674e+20
6.972673004e+20
3.94558119e+20
4.888520245e+20
4.839755606e+20
5.754710218e+20
1.898696181e+20
1.880819366e+20
6.51457461e+20
5.529861176e+20
8.207367698e+20
2.708640831e+20
5.359404375e+20
2.652525247e+20
1.749237371e+20
4.327889638e+20
1.712233081e+20
3.388597241e+20
5.026621958e+20
6.631429162e+20
5.737425346e+20
3.243741276e+20
3.206941507e+20
5.55240021e+20
3.136435272e+20
4.654495789e+20
3.833887066e+20
4.551634425e+20
4.498573755e+20
5.93430672e+20
5.131567684e+20
2.175938278e+20
5.733986099e+20
3.545957973e+20
4.90542702e+20
4.160607993e+20
4.796197108e+20
4.068295673e+20
5.35953503e+20
2.652161934e+20
5.240737258e+20
3.890467862e+20
2.562496824e+20
3.804978e+20
5.0123094e+20
2.481180848e+20
3.677008272e+20
3.640837332e+20
4.19657106e+20
5.343237898e+20
3.519370123e+20
4.066663129e+20
5.739850307e+20
5.117199202e+20
3.932425386e+20
3.339389557e+20
4.949333333e+20
4.90416607e+20
3.769018526e+20
5.335981674e+20
3.163704133e+20
5.22630216e+20
4.13181631e+20
5.631955595e+20
4.048021294e+20
5.016876289e+20
3.579031902e+20
8.347098682e+20
4.7647175e+20
7.140233834e+20
8.315180658e+20
1.18615832e+20
3.549441416e+20
5.904161984e+20
4.708035047e+20
8.218727747e+20
1.052563485e+21
4.664104066e+20
3.482167246e+20
4.626643098e+20
4.602784319e+20
4.584314125e+20
3.418524751e+20
4.537425601e+20
3.381711658e+20
4.486308019e+20
5.569830097e+20
3.323481418e+20
1.099781143e+20
5.465982254e+20
6.508627705e+20
5.388880805e+20
3.207078426e+20
1.061657866e+20
5.263176491e+20
4.179729728e+20
2.0713744e+20
6.166134023e+20
7.127877771e+20
5.050070697e+20
5.002310177e+20
6.94393752e+20
2.947045926e+20
3.894796472e+20
4.820020744e+20
2.865639539e+20
2.836500609e+20
3.746413669e+20
9.269037241e+19
3.671739993e+20
1.816553427e+20
2.6978039e+20
3.55870463e+20
4.40328599e+20
1.742308024e+20
1.724304875e+20
4.263714809e+20
5.906698064e+20
5.84139867e+20
8.256811686e+19
2.44930119e+20
9.693277844e+20
3.993103526e+20
6.320964544e+20
3.124301215e+20
5.409249044e+20
4.582934193e+20
4.534101669e+20
3.734414927e+20
4.433644695e+20
3.651373952e+20
7.22537028e+20
2.14203665e+20
4.238909766e+20
4.188640703e+20
6.217149858e+20
2.047702085e+20
5.40378222e+20
2.00220128e+20
3.96315063e+20
5.220882461e+20
4.521681496e+20
5.743794749e+20
5.054098111e+20
4.369179263e+20
3.089740631e+20
4.884133371e+20
3.627062597e+20
5.375177431e+20
3.54867797e+20
4.090387201e+20
3.472511508e+20
3.430858395e+20
5.097801763e+20
3.357857974e+20
5.544522909e+20
3.834845405e+20
4.342682935e+20
5.363795682e+20
3.72095468e+20
5.777966591e+20
5.206339383e+20
4.63048376e+20
5.100348673e+20
3.528402839e+20
4.997600316e+20
7.126560239e+20
4.748781618e+20
5.929703889e+20
4.739225873e+20
5.913327437e+20
5.90474928e+20
4.711838891e+20
2.351313966e+20
3.515579983e+20
4.675880982e+20
4.65765227e+20
8.12659534e+20
5.77837541e+20
4.606538078e+20
4.582842088e+20
3.42335082e+20
3.403773215e+20
5.64732968e+20
6.734366362e+20
5.58381732e+20
5.546014317e+20
4.412382524e+20
4.380409198e+20
3.265654157e+20
7.561265041e+20
3.219663761e+20
4.25810861e+20
6.343176891e+20
5.241152627e+20
2.081132551e+20
5.156893278e+20
6.140520889e+20
6.084344098e+20
6.035062378e+20
4.981748124e+20
3.951678806e+20
5.870010321e+20
2.90918059e+20
3.840356939e+20
4.75669831e+20
5.650100293e+20
4.664139193e+20
5.539104171e+20
5.485537156e+20
3.618611333e+20
6.26979112e+20
5.316878901e+20
2.631501588e+20
5.206300082e+20
5.152523721e+20
5.945771065e+20
3.362019471e+20
4.156131902e+20
2.467377113e+20
4.879560802e+20
4.023177769e+20
4.773180842e+20
5.509454471e+20
4.668391025e+20
5.388414739e+20
5.326230049e+20
5.269487376e+20
3.720128542e+20
5.152805025e+20
3.637449434e+20
1.439564922e+20
3.5564849e+20
6.334190176e+20
4.868209675e+20
2.752696884e+20
6.119850785e+20
4.037494697e+20
5.983903654e+20
5.922258658e+20
4.551030345e+20
3.217581179e+20
4.450550396e+20
5.035037088e+20
3.109080614e+20
3.078093675e+20
5.473944906e+20
4.817855601e+20
5.354917388e+20
3.535298989e+20
5.239234092e+20
5.189117033e+20
4.557206881e+20
4.514267401e+20
3.345162349e+20
3.866489435e+20
4.911840261e+20
4.326232719e+20
4.274747955e+20
4.765924593e+20
4.186165518e+20
3.111917117e+20
4.100275664e+20
3.048532423e+20
3.012763993e+20
3.982777521e+20
3.54766638e+20
4.727976474e+20
1.180748056e+20
4.718479106e+20
3.532480967e+20
5.878934667e+20
2.345635191e+20
8.193687162e+20
1.166756077e+20
3.491643677e+20
2.318710944e+20
2.311805009e+20
2.301342909e+20
3.439955275e+20
6.844607874e+20
4.544792491e+20
4.518864591e+20
5.623087292e+20
3.352779005e+20
3.335973192e+20
6.626881603e+20
4.393617469e+20
7.63324169e+20
4.33578251e+20
6.453773071e+20
3.206114053e+20
2.120131745e+20
4.211087103e+20
6.263174776e+20
6.217418726e+20
5.135529052e+20
5.095933051e+20
4.039524521e+20
0
2.976812651e+20
3.935526448e+20
6.820478898e+20
3.86314755e+20
4.781029947e+20
4.737487162e+20
2.813691759e+20
3.716330309e+20
5.516964409e+20
3.642427026e+20
2.703173266e+20
4.460646858e+20
4.41322353e+20
3.494818985e+20
5.185838205e+20
5.13229294e+20
3.384299775e+20
6.697772637e+20
4.96795557e+20
3.277047828e+20
4.860666685e+20
6.412177872e+20
3.962317017e+20
5.488229768e+20
6.2006252e+20
3.83410022e+20
3.031920309e+20
3.749531893e+20
3.705951049e+20
4.399864527e+20
2.898904571e+20
4.302292899e+20
2.834409265e+20
4.20679922e+20
4.849811977e+20
4.799016706e+20
4.741932786e+20
4.022268444e+20
3.9742496e+20
3.933307037e+20
3.886215598e+20
3.846577861e+20
3.167022457e+20
5.643134211e+20
6.194814439e+20
5.519761557e+20
3.029664015e+20
3.599823472e+20
4.742052887e+20
4.109023928e+20
4.059648432e+20
5.744016122e+20
3.972557596e+20
2.248642106e+20
5.554270608e+20
3.30164864e+20
4.89330594e+20
3.771168329e+20
4.790905378e+20
4.220357284e+20
4.170294775e+20
3.100120721e+20
3.574099577e+20
4.049259218e+20
5.002118425e+20
4.959489358e+20
1.177396293e+20
5.884191045e+20
4.702402436e+20
7.046869789e+20
5.861834302e+20
5.853344787e+20
2.335440334e+20
4.661764285e+20
2.323392851e+20
1.158836323e+20
4.617366486e+20
2.301812767e+20
2.291421936e+20
3.425135788e+20
5.679339484e+20
6.787929174e+20
4.499531745e+20
2.239620858e+20
7.789827595e+20
1.107259279e+20
5.498988573e+20
3.28125851e+20
4.343452152e+20
5.396893401e+20
2.142230345e+20
5.321129854e+20
4.222567318e+20
4.193537122e+20
2.079061306e+20
6.191655101e+20
5.114341112e+20
6.08992772e+20
8.045913342e+20
5.9856323e+20
4.941127004e+20
3.919505596e+20
5.822432815e+20
3.847515191e+20
7.618832245e+20
5.662116683e+20
7.473131577e+20
4.62683635e+20
3.663333952e+20
5.441918035e+20
1.794982275e+20
6.220216849e+20
5.275022972e+20
1.740539048e+20
6.026459293e+20
3.408146937e+20
5.056679326e+20
5.003783057e+20
4.948703241e+20
5.71262745e+20
6.455891098e+20
5.589030396e+20
1.57884044e+20
1.562047992e+20
3.86056988e+20
4.583334789e+20
3.020369281e+20
5.22935533e+20
2.215128724e+20
4.38316674e+20
4.331899911e+20
4.286015147e+20
4.941495945e+20
4.889413307e+20
2.070665491e+20
2.73197195e+20
5.398990308e+20
6.010734905e+20
5.939014154e+20
5.877829734e+20
2.581105287e+20
5.109556133e+20
3.786203681e+20
3.123339459e+20
4.320149617e+20
4.277085704e+20
4.225666092e+20
5.977261265e+20
2.952695587e+20
4.678455206e+20
3.46667284e+20
4.57800714e+20
2.261526615e+20
3.360321246e+20
4.42674259e+20
5.482095326e+20
3.791597419e+20
4.830416281e+20
4.772856333e+20
3.153343393e+20
4.154543916e+20
3.60314899e+20
4.577864521e+20
4.53816625e+20
4.983109116e+20
4.940651022e+20
1.172281946e+20
1.171727085e+20
4.68199139e+20
2.338762889e+20
2.334569031e+20
5.827976716e+20
3.488000571e+20
1.160399406e+20
4.626721869e+20
5.769174833e+20
3.448112853e+20
4.583813062e+20
4.563172267e+20
4.547257918e+20
4.524038922e+20
6.758919704e+20
3.360272712e+20
4.460177276e+20
6.648674453e+20
4.410270375e+20
3.285464097e+20
1.089140537e+20
2.162603249e+20
7.523950384e+20
5.333196114e+20
4.239138557e+20
4.205018238e+20
5.22016602e+20
4.140938588e+20
5.138420094e+20
7.130658202e+20
4.043294992e+20
5.008155212e+20
3.974146443e+20
1.968425541e+20
1.951807326e+20
6.765420798e+20
4.790011046e+20
5.69119789e+20
5.639432007e+20
3.721662406e+20
9.216815586e+19
3.648807753e+20
3.613578385e+20
2.681857932e+20
5.310619318e+20
3.502894109e+20
6.93488967e+20
1.715131068e+20
5.092304268e+20
5.876572783e+20
2.492194081e+20
8.215999255e+20
6.503534297e+20
4.019428364e+20
3.181469265e+20
3.145601279e+20
3.890190865e+20
4.615034325e+20
4.56588323e+20
4.513358899e+20
2.23265043e+20
4.413501353e+20
5.094361081e+20
2.157783531e+20
5.693146807e+20
4.219642671e+20
6.262757256e+20
3.438164728e+20
6.123883664e+20
4.034085969e+20
5.988236833e+20
5.916821021e+20
3.253257954e+20
3.214340769e+20
5.726795867e+20
4.400767557e+20
3.111691881e+20
5.533778599e+20
6.087347531e+20
4.209920783e+20
4.168488831e+20
3.530028918e+20
5.243640842e+20
3.453744182e+20
4.560929747e+20
3.379625745e+20
4.463698326e+20
4.410193363e+20
5.46159736e+20
4.31702558e+20
3.742918758e+20
4.754942772e+20
3.141508333e+20
4.656275538e+20
2.563995175e+20
4.053857357e+20
5.52572293e+20
4.964243739e+20
4.921955257e+20
7.003271027e+20
3.499980494e+20
3.496317578e+20
3.492985911e+20
2.324492091e+20
4.642262068e+20
3.472971284e+20
5.777005865e+20
4.606830555e+20
4.595506379e+20
4.57777162e+20
4.564170393e+20
2.27183441e+20
4.527835465e+20
4.504771778e+20
5.608464278e+20
0
2.220637215e+20
3.310296528e+20
4.391661999e+20
7.633855048e+20
6.507401837e+20
6.46067024e+20
3.211077814e+20
4.248802102e+20
2.110760447e+20
1.046903606e+20
6.238308567e+20
5.154870013e+20
7.164223662e+20
6.086982527e+20
5.033467862e+20
3.990225366e+20
4.947504464e+20
4.901162975e+20
1.943926021e+20
3.850413571e+20
2.862470226e+20
1.889484944e+20
2.808464187e+20
4.633596794e+20
3.672100364e+20
5.451594451e+20
3.599324754e+20
4.452209714e+20
5.289788898e+20
3.489213932e+20
5.180876916e+20
5.979640754e+20
6.763390276e+20
1.672532353e+20
5.792666877e+20
5.729083256e+20
2.429454388e+20
6.406469561e+20
3.961625849e+20
6.267227493e+20
5.425525647e+20
4.597518767e+20
3.790470055e+20
5.245676223e+20
5.931234228e+20
3.664059608e+20
5.800198023e+20
6.449035369e+20
4.962797455e+20
4.904476144e+20
4.159535316e+20
4.110380455e+20
2.03366757e+20
4.688882624e+20
4.640149541e+20
3.92986209e+20
3.889374973e+20
4.483345254e+20
3.16972258e+20
4.384419851e+20
4.340183195e+20
5.513232825e+20
3.638845067e+20
4.793477e+20
4.153010583e+20
2.93076767e+20
4.063239701e+20
3.440911598e+20
3.407984467e+20
4.489407695e+20
3.891206199e+20
3.844546486e+20
3.264751266e+20
3.763303312e+20
3.19624465e+20
3.684460248e+20
3.651388742e+20
4.638821019e+20
5.108770167e+20
5.553098735e+20
4.504054504e+20
1.4836562e+20
4.413060406e+20
3.486556192e+20
5.808184389e+20
3.481272223e+20
5.796596536e+20
1.157250885e+20
2.311157828e+20
3.458070959e+20
4.601783254e+20
8.027441699e+20
2.287921311e+20
4.55822775e+20
2.272347676e+20
5.655414226e+20
2.254289111e+20
3.364251036e+20
5.584698603e+20
6.663769737e+20
2.211265567e+20
1.098791312e+21
2.186604996e+20
4.343941164e+20
6.480189957e+20
3.216878422e+20
3.197717571e+20
3.173395853e+20
4.204049063e+20
2.085177038e+20
4.141754031e+20
5.133741424e+20
5.096358002e+20
5.051813465e+20
4.010388043e+20
2.980543975e+20
2.956493484e+20
2.928853444e+20
7.744432436e+20
5.752495276e+20
4.751710118e+20
2.82294641e+20
5.594603623e+20
2.769157104e+20
4.571987601e+20
1.81004912e+20
3.585183126e+20
4.43479354e+20
2.634560625e+20
6.082370335e+20
5.160744275e+20
2.552787096e+20
3.368622619e+20
4.9982816e+20
4.121704963e+20
4.076526056e+20
2.420155153e+20
4.786531097e+20
5.525143443e+20
3.902146542e+20
7.721344954e+20
6.87020349e+20
5.286605092e+20
5.22591705e+20
2.954451701e+20
3.650305464e+20
2.166912625e+20
4.283268085e+20
4.944231414e+20
3.490123907e+20
2.762677206e+20
2.047539014e+20
4.727560522e+20
6.006165471e+20
5.283326395e+20
5.220381028e+20
4.520772931e+20
7.01915876e+20
6.315959121e+20
3.744165558e+20
3.706386497e+20
3.051577251e+20
3.625381981e+20
2.387874041e+20
2.95546204e+20
2.919925395e+20
4.048204184e+20
3.428174022e+20
3.395365767e+20
6.150061419e+20
3.876784067e+20
3.283097525e+20
4.3368463e+20
4.820546603e+20
4.776543349e+20
4.195125374e+20
4.677154112e+20
4.621496871e+20
4.580724171e+20
3.520554909e+20
4.487190215e+20
4.434244467e+20
4.396486514e+20
6.943212376e+20
1.156656663e+20
4.621807732e+20
3.463058689e+20
5.761492386e+20
8.054444857e+20
2.295531963e+20
5.727663892e+20
7.993224144e+20
5.695433035e+20
3.404137536e+20
2.262692901e+20
5.631447301e+20
2.244742045e+20
3.350044248e+20
2.224453396e+20
3.317870057e+20
1.100986344e+20
3.282567964e+20
8.709824787e+20
4.325831707e+20
3.226602356e+20
6.407066746e+20
5.307446737e+20
5.267165216e+20
5.233401573e+20
3.114926573e+20
5.155970036e+20
5.112785331e+20
3.045350482e+20
1.006261859e+20
2.995600964e+20
2.968516781e+20
1.963054044e+20
3.889472176e+20
3.856705655e+20
4.774628867e+20
2.839673058e+20
3.749006468e+20
3.714970421e+20
3.677657133e+20
4.553992526e+20
5.408868357e+20
5.356728282e+20
3.534010474e+20
3.499076315e+20
6.058800389e+20
2.570383748e+20
3.390596605e+20
3.355650779e+20
9.128376183e+20
2.463547607e+20
2.436581659e+20
4.821853672e+20
5.563074078e+20
5.504171127e+20
4.66486606e+20
3.846080636e+20
3.041922339e+20
3.761930779e+20
2.975032099e+20
3.679212558e+20
4.363985033e+20
2.158812013e+20
2.133649611e+20
4.925803768e+20
3.477147781e+20
5.504815571e+20
4.759870638e+20
2.691444418e+20
3.324407434e+20
3.947827943e+20
1.950408592e+20
5.147504146e+20
3.178751514e+20
4.404852521e+20
3.730359529e+20
3.69271754e+20
4.256463243e+20
1.806009075e+20
4.758149824e+20
5.300223922e+20
6.400158698e+20
5.761827901e+20
3.984785468e+20
4.510453557e+20
3.342194266e+20
4.414249655e+20
3.270959905e+20
3.780709087e+20
3.735428356e+20
4.758851755e+20
4.179555474e+20
5.177550411e+20
5.627479781e+20
4.056607054e+20
4.509538051e+20
4.470451743e+20
4.908495046e+20
4.380036648e+20
4.609045126e+20
5.758594843e+20
2.301044438e+20
4.597715421e+20
4.589553104e+20
2.291466337e+20
4.571534152e+20
5.703307637e+20
7.959297062e+20
4.537015663e+20
3.389727303e+20
0
3.364609594e+20
3.352913256e+20
5.559928237e+20
5.537766413e+20
6.607945305e+20
3.289136385e+20
6.537754312e+20
4.336767271e+20
2.153936308e+20
5.355369401e+20
6.380597178e+20
6.342655716e+20
2.098206709e+20
6.254303561e+20
6.204385125e+20
1.026984163e+20
4.073599703e+20
3.032987365e+20
4.008776719e+20
2.983509304e+20
3.942115015e+20
4.887940429e+20
1.936965807e+20
3.841318855e+20
3.804530832e+20
3.771213471e+20
2.800651679e+20
4.625401924e+20
2.747414291e+20
3.628910841e+20
5.387755475e+20
5.335845966e+20
3.520293432e+20
4.356888915e+20
1.724403546e+20
5.120944779e+20
4.221972289e+20
1.67138923e+20
3.306728938e+20
3.272192758e+20
4.854637307e+20
5.6041268e+20
5.542022417e+20
4.700020648e+20
4.647289724e+20
3.065278945e+20
5.303387644e+20
3.747821696e+20
5.186841932e+20
6.597835228e+20
3.623104649e+20
4.301543481e+20
6.377173478e+20
3.505366411e+20
4.849974902e+20
4.113321645e+20
5.419749953e+20
6.703749296e+20
5.961865272e+20
7.210993655e+20
4.534197659e+20
2.56427563e+20
4.433888083e+20
4.388653683e+20
2.477769961e+20
5.518723549e+20
3.029167115e+20
3.598752479e+20
4.148095688e+20
4.69400905e+20
4.057871635e+20
4.592530879e+20
3.402979702e+20
4.493875526e+20
2.774917238e+20
2.199004666e+20
4.88836755e+20
3.228669466e+20
4.784972349e+20
3.687670569e+20
3.12307554e+20
3.61088389e+20
4.58723389e+20
3.53637513e+20
3.993576833e+20
4.453837685e+20
5.379208296e+20
4.848566023e+20
3.442087534e+20
3.440469758e+20
2.291268783e+20
4.578186576e+20
5.712598722e+20
4.563491777e+20
4.552169829e+20
3.407494589e+20
6.793420087e+20
5.647310288e+20
2.250292371e+20
1.121813702e+20
3.350470646e+20
1.112944236e+20
3.321987618e+20
3.30875693e+20
6.58038237e+20
3.275428948e+20
3.255300076e+20
3.239079546e+20
4.290062025e+20
5.333252412e+20
3.177172709e+20
5.263826116e+20
5.224045554e+20
6.228735997e+20
5.149270405e+20
5.11404276e+20
2.028552899e+20
4.027632297e+20
4.990796269e+20
4.95252478e+20
9.81583752e+19
7.789445105e+20
5.787772114e+20
3.826054341e+20
5.684217939e+20
5.634472281e+20
4.649393087e+20
2.764340798e+20
1.824446949e+20
5.422108828e+20
6.261274572e+20
6.200980135e+20
3.506682463e+20
1.73602536e+20
1.717772658e+20
3.400849564e+20
5.046987977e+20
6.660009039e+20
2.470608651e+20
5.704563755e+20
5.642293558e+20
7.178039206e+20
3.154931133e+20
5.462700538e+20
5.40148623e+20
5.34411553e+20
3.77397183e+20
4.480581659e+20
3.691087632e+20
4.382181411e+20
5.053517974e+20
4.285582272e+20
3.529763384e+20
2.793918581e+20
5.522372577e+20
2.732096296e+20
4.724821299e+20
4.007442357e+20
6.599954814e+20
1.306272524e+20
3.872198458e+20
4.47102025e+20
6.310919928e+20
4.997226915e+20
4.937400908e+20
3.665679873e+20
5.432553049e+20
3.585583892e+20
4.132922106e+20
4.67683455e+20
5.198174301e+20
4.575723368e+20
5.650868169e+20
5.037096276e+20
4.423596282e+20
2.190944034e+20
3.246951925e+20
4.289091709e+20
4.23767235e+20
5.773605246e+20
4.148759839e+20
4.625461589e+20
4.062481965e+20
4.529978038e+20
4.973482223e+20
5.423423695e+20
3.410413793e+20
5.313615346e+20
4.570020874e+20
5.709844908e+20
2.281575837e+20
6.838234391e+20
4.550769416e+20
4.544215121e+20
6.799453294e+20
4.524169056e+20
6.764828264e+20
6.748263104e+20
1.120423256e+20
5.58553659e+20
6.672900063e+20
3.324869926e+20
2.205423199e+20
4.393293166e+20
3.27652421e+20
2.174556859e+20
1.080611771e+20
5.376158622e+20
3.204298577e+20
5.311317352e+20
6.328308788e+20
6.290740302e+20
4.162199514e+20
5.169480519e+20
1.025678118e+20
2.037333518e+20
4.040744922e+20
2.005706565e+20
3.976626751e+20
4.932694145e+20
4.888351037e+20
3.879217209e+20
6.725635162e+20
4.763638329e+20
5.661817583e+20
3.741533491e+20
5.557412686e+20
5.507051467e+20
4.54335043e+20
5.401016778e+20
5.346020351e+20
4.412138327e+20
1.74658817e+20
1.729346936e+20
4.277981424e+20
1.69391815e+20
6.703675851e+20
4.146659794e+20
6.563312432e+20
4.059253669e+20
4.015003893e+20
3.178212496e+20
3.143081992e+20
6.219655663e+20
3.843776189e+20
6.845327115e+20
4.511898151e+20
6.69585359e+20
2.941912469e+20
2.182963739e+20
4.315567462e+20
3.558115897e+20
7.73684844e+20
5.567241024e+20
4.126550344e+20
2.041539417e+20
4.707489485e+20
3.992743757e+20
4.603055166e+20
3.904471688e+20
4.501053659e+20
2.545530564e+20
4.401518407e+20
1.24474595e+20
4.304469925e+20
4.261027135e+20
4.811333968e+20
5.954185546e+20
3.529593539e+20
4.659785268e+20
4.60375489e+20
4.55903843e+20
6.756305991e+20
6.133988282e+20
3.856513335e+20
3.820148991e+20
5.391799352e+20
3.205054774e+20
4.749919304e+20
4.706554655e+20
4.650223024e+20
4.096429984e+20
4.553475209e+20
4.01183253e+20
5.45064284e+20
5.403416705e+20
4.368586112e+20
4.812686039e+20
2.275377757e+20
5.685778158e+20
4.543929111e+20
5.674527985e+20
6.797433513e+20
4.525100634e+20
4.513929195e+20
3.37887965e+20
7.859222121e+20
7.839991516e+20
3.347219433e+20
4.449761034e+20
2.215030847e+20
3.311023442e+20
5.490661721e+20
4.375062986e+20
3.262970306e+20
2.16556933e+20
6.456962955e+20
5.35403493e+20
5.318598802e+20
5.289561986e+20
4.201656437e+20
5.220916664e+20
5.181626157e+20
3.089111453e+20
5.10767942e+20
3.043675123e+20
6.036773207e+20
5.9929861e+20
4.950930467e+20
5.895626022e+20
4.868938726e+20
4.829793542e+20
3.828046216e+20
1.897943196e+20
9.399321807e+20
4.658585004e+20
6.458344995e+20
4.571324939e+20
2.715432819e+20
5.380088188e+20
3.550262882e+20
4.395137167e+20
4.34971732e+20
5.168159097e+20
5.113988102e+20
4.218652807e+20
3.339114534e+20
5.783307776e+20
4.086577373e+20
4.85272252e+20
3.19992993e+20
4.749413533e+20
4.696982284e+20
7.745500266e+19
3.829455439e+20
3.031039897e+20
4.495155296e+20
5.188571322e+20
2.931035855e+20
3.624828063e+20
2.866444093e+20
3.545010491e+20
6.306895459e+20
4.85344664e+20
3.426194031e+20
4.068123585e+20
4.69028436e+20
3.978152586e+20
5.241446109e+20
5.186973939e+20
2.562664402e+20
5.706585963e+20
4.38551016e+20
3.100545873e+20
4.288828561e+20
4.245541139e+20
4.793859751e+20
5.339300607e+20
3.516776187e+20
4.06250236e+20
4.58703277e+20
3.97466539e+20
3.365874993e+20
5.000472721e+20
5.489261089e+20
3.806247833e+20
4.834940703e+20
4.790064743e+20
2.629213705e+20
4.16833492e+20
4.118414698e+20
4.591630055e+20
4.032694681e+20
4.996408158e+20
3.455838701e+20
4.404728278e+20
4.836082465e+20
4.315450006e+20
5.664564877e+20
3.397148063e+20
4.524867821e+20
3.390437179e+20
1.128158928e+20
4.506146277e+20
5.618811001e+20
0
3.354180303e+20
3.345979115e+20
8.888762855e+20
7.754684229e+20
5.514596517e+20
3.297291808e+20
6.561545788e+20
4.356983475e+20
2.166352051e+20
7.548295255e+20
6.430474412e+20
3.199255545e+20
3.178127301e+20
7.37517776e+20
4.184580286e+20
3.119833929e+20
6.192808499e+20
3.076636176e+20
3.052280918e+20
4.041931983e+20
5.010519835e+20
5.969045323e+20
4.931235448e+20
5.872206621e+20
2.90980799e+20
1.924286984e+20
6.672735453e+20
5.671470178e+20
5.617542381e+20
3.712317033e+20
5.514204502e+20
4.553579178e+20
4.508228579e+20
7.145761555e+20
1.768308947e+20
3.50261322e+20
4.33309228e+20
6.864572247e+20
4.245456195e+20
5.883685975e+20
4.989731056e+20
6.58452365e+20
2.442720639e+20
2.417239425e+20
2.390960374e+20
3.154428211e+20
7.01920965e+20
4.629988516e+20
3.815241002e+20
3.774745284e+20
4.47853624e+20
5.169399256e+20
3.650299211e+20
4.333778675e+20
2.855921046e+20
7.064002544e+20
6.283812407e+20
2.07243784e+20
2.048212846e+20
4.053277491e+20
2.670402595e+20
2.642445115e+20
1.958398955e+20
4.522108185e+20
3.830049166e+20
3.790586349e+20
4.993849069e+20
3.707170699e+20
3.662828965e+20
4.230167297e+20
4.179448002e+20
4.137758442e+20
4.088060186e+20
5.204314037e+20
4.570431688e+20
3.960277084e+20
3.912633569e+20
2.76797774e+20
4.375490183e+20
5.417782113e+20
4.817390333e+20
5.833268855e+20
3.667514742e+20
4.672323851e+20
5.129259982e+20
4.066577066e+20
5.524700839e+20
3.982527943e+20
5.902594161e+20
4.38859826e+20
4.818311927e+20
4.299599869e+20
1.128177002e+20
1.127649643e+20
3.379474338e+20
4.501702461e+20
6.74071128e+20
4.487350046e+20
4.476325691e+20
5.584568841e+20
5.567065683e+20
3.332078334e+20
5.532447046e+20
6.619332949e+20
6.590167037e+20
3.2836736e+20
4.356347969e+20
5.423815965e+20
2.157464098e+20
6.44344596e+20
4.269468207e+20
3.186197603e+20
4.220268437e+20
4.197265259e+20
0
4.142960905e+20
7.195846148e+20
2.042840838e+20
6.0801059e+20
6.038641362e+20
6.986777982e+20
2.972647531e+20
2.947017902e+20
3.899315028e+20
3.864458395e+20
4.791791474e+20
3.798055105e+20
1.88309523e+20
2.79783172e+20
1.848939623e+20
3.661900925e+20
4.535970661e+20
5.389044598e+20
2.669356924e+20
4.403846738e+20
5.233829882e+20
4.31659384e+20
3.419232894e+20
2.537627006e+20
5.861427713e+20
7.456399537e+20
3.279870336e+20
6.489504055e+20
6.421829117e+20
3.970067263e+20
5.499670861e+20
7.770156619e+20
6.919208052e+20
2.28067902e+20
4.5129535e+20
2.974693078e+20
3.678834538e+20
3.636902662e+20
5.037528031e+20
4.979581213e+20
5.630539494e+20
4.869587104e+20
4.818059426e+20
4.76178232e+20
6.057809041e+20
5.986605425e+20
6.582146429e+20
5.203486276e+20
5.149409856e+20
2.54413505e+20
5.665322807e+20
2.487908843e+20
3.693783738e+20
6.082691991e+20
3.612775197e+20
4.759289356e+20
3.533859375e+20
4.655224984e+20
5.185547086e+20
2.276975168e+20
5.073419023e+20
5.012377206e+20
3.309585256e+20
3.269764865e+20
4.858388789e+20
3.199977943e+20
2.641894503e+20
4.69829222e+20
3.620862383e+20
4.599574019e+20
3.545336533e+20
4.003341035e+20
4.96004451e+20
5.390964154e+20
3.886743063e+20
2.880402905e+20
5.235835902e+20
4.493921841e+20
4.491823995e+20
6.730831516e+20
1.120744768e+20
3.356351842e+20
3.351532479e+20
5.572197385e+20
3.336847149e+20
3.326413922e+20
2.212195051e+20
2.203842982e+20
4.394680641e+20
3.281521688e+20
2.180111613e+20
9.761579706e+20
4.321269048e+20
3.222973165e+20
6.417141101e+20
4.252096005e+20
4.230994429e+20
4.203173431e+20
4.18028179e+20
1.037710257e+21
7.220987683e+20
2.047709278e+20
4.069313983e+20
5.04653761e+20
3.007289034e+20
2.982450017e+20
4.934777543e+20
6.8492365e+20
2.912960798e+20
5.773939165e+20
2.863808292e+20
9.458087719e+19
3.751516054e+20
3.715969511e+20
5.525329987e+20
3.647775341e+20
4.518497803e+20
4.473645574e+20
5.318264399e+20
1.754820088e+20
3.475928659e+20
2.580132337e+20
4.257848217e+20
4.213421808e+20
2.502573096e+20
6.603034799e+20
4.08446472e+20
3.232634391e+20
3.198933304e+20
3.164248867e+20
3.913746578e+20
4.644843454e+20
3.063832861e+20
3.787126369e+20
2.997557297e+20
5.186608091e+20
4.398408907e+20
3.623604083e+20
4.30209987e+20
4.961433838e+20
5.6100275e+20
4.851894069e+20
2.057382268e+20
5.422316913e+20
3.353256684e+20
3.313868132e+20
4.590847337e+20
3.240444876e+20
5.130831107e+20
3.802455742e+20
3.763276131e+20
3.718437036e+20
4.29390863e+20
5.454744629e+20
5.399680167e+20
3.556642847e+20
4.108020681e+20
4.058689424e+20
4.592813331e+20
4.537587424e+20
2.246748994e+20
3.884499157e+20
5.496139079e+20
3.800996974e+20
4.303022659e+20
3.719853726e+20
4.211795686e+20
4.161183721e+20
4.638587372e+20
4.582935311e+20
5.046445137e+20
4.487426862e+20
4.447854411e+20
4.883055101e+20
4.356690052e+20
5.261475765e+20
3.319747155e+20
4.475291436e+20
2.236602531e+20
6.702947321e+20
4.464410784e+20
4.456618579e+20
4.450224115e+20
3.329507645e+20
5.538446242e+20
4.416936548e+20
1.10154014e+20
5.486955666e+20
4.376622287e+20
2.178714023e+20
5.427953148e+20
2.160378874e+20
4.303630504e+20
3.2098578e+20
4.260700097e+20
7.411013056e+20
4.213865214e+20
3.139662269e+20
2.081717604e+20
7.234805554e+20
4.109730255e+20
4.079056814e+20
4.053076909e+20
4.021184803e+20
3.993803862e+20
6.931541311e+20
2.949178532e+20
4.873079475e+20
4.835876354e+20
3.834245724e+20
3.803506207e+20
1.884265138e+20
4.671194445e+20
4.62701074e+20
2.752003482e+20
2.725318736e+20
4.501159041e+20
7.130483644e+20
4.414975843e+20
5.244457607e+20
6.925476545e+20
7.711147844e+20
3.393422042e+20
3.358068177e+20
5.817412619e+20
4.933758696e+20
5.69688893e+20
3.220606926e+20
3.983801413e+20
4.72879703e+20
3.899264798e+20
3.856433438e+20
5.341955361e+20
6.791802957e+20
2.986560213e+20
3.691173579e+20
6.573502082e+20
5.776643847e+20
4.286433508e+20
2.824810431e+20
5.589664414e+20
5.524947589e+20
6.149808647e+20
5.402739289e+20
5.345843087e+20
4.622703379e+20
5.881258479e+20
3.228795199e+20
5.112385939e+20
3.157339659e+20
4.374729409e+20
5.557660602e+20
4.278514081e+20
4.227383556e+20
5.380337121e+20
3.543910494e+20
4.093311519e+20
5.777373911e+20
5.148416322e+20
3.956173968e+20
3.91773048e+20
3.870583136e+20
3.833511422e+20
3.787366733e+20
3.215691763e+20
4.235995967e+20
5.245836999e+20
4.664493164e+20
4.108356597e+20
4.059036932e+20
3.016953523e+20
5.961617439e+20
4.924206344e+20
5.838435406e+20
4.340909315e+20
4.765775357e+20
3.780213719e+20
1.114203716e+20
4.454739847e+20
4.450195472e+20
5.5574946e+20
5.547817472e+20
6.647835855e+20
5.526350818e+20
5.51566946e+20
4.398804632e+20
2.19404031e+20
6.557387246e+20
4.358711735e+20
4.339640263e+20
3.243485654e+20
6.454769731e+20
4.286135367e+20
7.459313737e+20
4.243446994e+20
8.435544594e+20
6.295311204e+20
3.127046669e+20
6.220085795e+20
3.08823111e+20
6.139971059e+20
1.015706322e+20
3.027726672e+20
3.003949914e+20
5.96702227e+20
1.972642631e+20
5.875164903e+20
5.824797338e+20
9.633934177e+19
3.819315853e+20
3.788717265e+20
1.876969666e+20
4.653134559e+20
3.687358246e+20
3.655231922e+20
4.524810751e+20
3.587162271e+20
4.439589107e+20
3.518554604e+20
3.483070919e+20
6.036883329e+20
3.414275065e+20
3.380662196e+20
2.509120342e+20
4.139751454e+20
2.457689628e+20
4.864873938e+20
4.010835785e+20
3.969046312e+20
5.496575528e+20
8.546757549e+20
4.610722584e+20
4.562012754e+20
3.759423059e+20
6.695197927e+20
2.206635479e+20
5.821836794e+20
5.755674512e+20
4.270880832e+20
4.925533029e+20
5.569448619e+20
3.440636379e+20
2.723391822e+20
4.037476896e+20
3.994961103e+20
3.948095435e+20
5.209023597e+20
2.573783188e+20
4.4573138e+20
4.404466576e+20
3.11363052e+20
3.691872331e+20
3.045163946e+20
4.81405305e+20
2.978406758e+20
5.296903466e+20
3.496034843e+20
3.45406087e+20
3.990038603e+20
6.194666288e+20
4.461429378e+20
4.407733104e+20
3.2741348e+20
4.852072155e+20
4.272265691e+20
2.638024857e+20
4.18165177e+20
4.13135586e+20
5.117038433e+20
5.561131202e+20
4.509177531e+20
3.465090254e+20
4.906480769e+20
5.33257815e+20
4.325242486e+20
3.79881347e+20
4.237346778e+20
3.328867673e+20
6.654639679e+20
4.431910894e+20
4.427731872e+20
3.315030081e+20
2.206853731e+20
4.402967428e+20
5.493079249e+20
6.571231461e+20
4.370148452e+20
4.353765043e+20
3.255710383e+20
3.241497836e+20
4.307076511e+20
4.285744338e+20
4.268781898e+20
8.490519228e+20
3.169749793e+20
6.301226112e+20
6.270029295e+20
3.114532045e+20
6.195219204e+20
5.126550084e+20
3.057771337e+20
3.03504182e+20
7.03672972e+20
5.984210747e+20
3.962350179e+20
4.912265128e+20
6.827513478e+20
6.769090921e+20
9.596410251e+19
4.755627249e+20
4.717553605e+20
2.804595704e+20
6.489299295e+20
5.5098258e+20
3.64123391e+20
3.606044971e+20
5.360253216e+20
6.191856416e+20
7.886767995e+20
2.602452432e+20
2.577491673e+20
5.102205127e+20
5.051996923e+20
4.166266524e+20
4.949188835e+20
4.080946871e+20
1.615611666e+20
5.594432394e+20
3.163520085e+20
2.347016069e+20
3.870620392e+20
3.828207874e+20
6.060439395e+20
2.996578273e+20
4.447209525e+20
4.397250779e+20
2.900357504e+20
3.58428554e+20
4.964680711e+20
3.505554825e+20
4.855706208e+20
3.428270053e+20
6.105613923e+20
5.364005118e+20
3.980643262e+20
3.278312844e+20
5.839195572e+20
5.129192545e+20
4.441404292e+20
4.388770306e+20
3.723040777e+20
4.904975742e+20
3.641188957e+20
5.396549899e+20
2.967813235e+20
4.691623103e+20
4.644807947e+20
5.162677908e+20
2.839896401e+20
5.050346276e+20
2.778478819e+20
4.941061826e+20
4.34998153e+20
5.371996327e+20
4.257051502e+20
4.7315156e+20
4.16674104e+20
4.116601715e+20
3.569133824e+20
4.533733708e+20
3.993814313e+20
3.945897324e+20
3.91110588e+20
4.830360162e+20
3.351979818e+20
5.677659439e+20
4.691182401e+20
4.420315667e+20
8.836526028e+20
2.206887976e+20
3.307213127e+20
4.401975119e+20
3.296754711e+20
2.192501008e+20
5.470673326e+20
5.453729703e+20
7.616633935e+20
3.252062537e+20
9.727485378e+20
2.152248423e+20
6.434471531e+20
6.402674361e+20
5.314460477e+20
3.171144432e+20
5.261695758e+20
6.275997429e+20
5.204124698e+20
1.034039064e+20
4.11370043e+20
2.042484398e+20
4.060871933e+20
4.030746709e+20
6.00770092e+20
3.973805163e+20
5.920212595e+20
1.957229919e+20
2.914661729e+20
1.92651169e+20
6.69142425e+20
4.737252775e+20
5.639222607e+20
2.793820349e+20
2.770458308e+20
4.573980252e+20
2.720507026e+20
2.694259662e+20
5.339918489e+20
6.168466144e+20
3.492006371e+20
3.456900918e+20
5.135641509e+20
5.083141191e+20
2.516571172e+20
6.641250847e+20
4.930813395e+20
4.879028147e+20
4.828929339e+20
3.1850556e+20
5.515806234e+20
3.89736723e+20
3.085164344e+20
4.57709936e+20
3.773973262e+20
3.732122113e+20
2.954047828e+20
4.381346485e+20
2.889872964e+20
2.857094633e+20
3.533426354e+20
4.191555465e+20
2.764726279e+20
2.732793842e+20
4.731808594e+20
3.340528477e+20
5.949641525e+20
3.266630024e+20
3.878925961e+20
3.194343385e+20
5.05783766e+20
4.373185513e+20
2.473213003e+20
4.276631908e+20
2.418848972e+20
4.182442923e+20
5.323130644e+20
3.506254589e+20
4.628353517e+20
5.144394929e+20
4.527739202e+20
3.914133118e+20
3.876088344e+20
3.829426954e+20
2.709100074e+20
4.282350056e+20
3.711702128e+20
4.190850437e+20
5.70891237e+20
5.12744072e+20
4.064493488e+20
4.015615201e+20
2.984679834e+20
4.91474132e+20
4.384268751e+20
3.850437609e+20
4.294245658e+20
4.714372097e+20
4.206891386e+20
4.402289337e+20
5.500309621e+20
4.39578882e+20
2.195825373e+20
3.288042897e+20
4.377785213e+20
4.367182618e+20
4.358759556e+20
5.43161402e+20
5.418400295e+20
5.398180952e+20
5.3823112e+20
8.574275451e+20
4.272359349e+20
6.376940748e+20
5.293116414e+20
3.158446662e+20
3.144386995e+20
4.167313307e+20
2.073356605e+20
6.179601835e+20
7.170424054e+20
5.086032655e+20
7.078475184e+20
5.018620791e+20
2.992053013e+20
2.968694318e+20
3.931388059e+20
3.899227059e+20
6.774448279e+20
6.716694486e+20
2.856669765e+20
2.831411846e+20
4.68129065e+20
2.783127475e+20
5.519739812e+20
6.37920153e+20
5.420335618e+20
6.262814506e+20
5.319737464e+20
2.633679397e+20
6.088043367e+20
4.304953546e+20
5.969184985e+20
5.064219185e+20
5.014427978e+20
3.308329369e+20
5.731336217e+20
5.671229051e+20
6.414873989e+20
1.586689468e+20
4.710515515e+20
3.106516453e+20
3.073915013e+20
6.080627968e+20
5.264380957e+20
4.462343756e+20
3.679208879e+20
4.365556825e+20
5.758927905e+20
4.270252573e+20
4.92904146e+20
6.264829956e+20
2.066125941e+20
4.084562615e+20
6.73561096e+20
4.660094592e+20
3.952313277e+20
5.208048282e+20
5.153537833e+20
5.092835598e+20
6.299890825e+20
2.490120579e+20
3.696691803e+20
4.261517634e+20
4.820599011e+20
5.953820426e+20
4.125590931e+20
5.240819732e+20
4.035513349e+20
5.126240986e+20
6.767636673e+20
5.014693745e+20
4.414175609e+20
5.451288622e+20
3.239435747e+20
4.267210855e+20
5.283682382e+20
4.698016887e+20
3.102927248e+20
3.576481411e+20
5.062599813e+20
4.501515379e+20
4.956791392e+20
4.407512915e+20
4.854061543e+20
4.316271772e+20
4.754348058e+20
3.757986567e+20
4.191827274e+20
5.480511794e+20
3.286784022e+20
4.377947695e+20
2.186914902e+20
4.366284548e+20
5.450053091e+20
2.174753729e+20
7.596967556e+20
4.327741582e+20
7.555136167e+20
5.376434311e+20
3.216383874e+20
4.269918055e+20
3.191407353e+20
5.292844303e+20
5.271943111e+20
6.291700348e+20
5.219761993e+20
3.113070654e+20
7.22795202e+20
0
3.060899116e+20
2.026405267e+20
3.021705024e+20
1.999585362e+20
4.96724645e+20
2.957125636e+20
4.895109686e+20
1.942056187e+20
3.856127891e+20
2.867485405e+20
6.639900451e+20
2.820555916e+20
4.663367432e+20
6.469204326e+20
1.832908087e+20
3.631437432e+20
5.399813766e+20
3.565258589e+20
7.066277872e+20
5.247610096e+20
5.198783642e+20
2.57334093e+20
5.097390022e+20
5.045437532e+20
1.665284088e+20
4.120155053e+20
5.710213655e+20
4.036008959e+20
2.396756003e+20
5.533128257e+20
3.128882353e+20
4.642832779e+20
7.656868551e+20
5.301290136e+20
5.245338118e+20
3.705214827e+20
3.665954168e+20
2.899920375e+20
3.58641207e+20
5.673297767e+20
3.508152162e+20
3.468048458e+20
2.745013426e+20
4.748378248e+20
4.698166768e+20
3.316833846e+20
4.594682126e+20
3.892214903e+20
4.493391287e+20
5.709205937e+20
4.39434998e+20
5.583015823e+20
6.139427802e+20
4.853154077e+20
5.404073092e+20
4.746296693e+20
2.34918403e+20
4.061857445e+20
5.170265932e+20
4.540635306e+20
3.933902686e+20
4.441827183e+20
5.498307515e+20
5.43210331e+20
3.228032259e+20
5.315222899e+20
3.685545696e+20
4.161284248e+20
4.122640115e+20
3.05472365e+20
4.540239089e+20
3.488782362e+20
3.951393242e+20
5.367841681e+20
3.385785541e+20
4.300911346e+20
4.263689945e+20
4.212643405e+20
4.640967399e+20
4.366674184e+20
6.546981357e+20
4.360250808e+20
5.445191136e+20
4.348655417e+20
6.513664457e+20
3.248981096e+20
2.161815603e+20
4.310333135e+20
6.449792736e+20
5.35486218e+20
3.203485317e+20
3.189627119e+20
6.35729608e+20
4.217392763e+20
3.150563116e+20
3.133353761e+20
4.15923581e+20
6.201509113e+20
5.142416826e+20
6.130918907e+20
4.065139851e+20
7.064610924e+20
2.006580831e+20
2.987675644e+20
2.968733954e+20
3.927529023e+20
4.876132586e+20
6.770950227e+20
1.920629026e+20
7.617260541e+20
2.834757839e+20
5.619565826e+20
1.858232374e+20
5.523970827e+20
3.651912088e+20
6.331012187e+20
4.482872268e+20
4.439834234e+20
1.759943199e+20
5.228008932e+20
5.179390177e+20
3.418375054e+20
4.232064305e+20
6.7023929e+20
4.147844723e+20
4.926012663e+20
1.625498918e+20
4.825498536e+20
3.1839983e+20
5.512991025e+20
2.338128289e+20
2.313006813e+20
5.340406187e+20
4.527574053e+20
3.733166107e+20
2.953524925e+20
2.922235694e+20
2.889544321e+20
5.003021229e+20
4.946436866e+20
4.893910238e+20
3.45572405e+20
3.419077552e+20
6.083425961e+20
5.350313838e+20
5.288179417e+20
5.232511583e+20
2.585660708e+20
7.036149161e+20
5.056990436e+20
6.881106559e+20
3.70893278e+20
2.44714211e+20
4.836122669e+20
4.78676122e+20
3.547240931e+20
4.096655007e+20
5.204085747e+20
6.297063241e+20
6.221495849e+20
4.480131025e+20
4.426258719e+20
3.287418976e+20
4.871747309e+20
3.752826905e+20
5.296564155e+20
4.197263129e+20
3.628324914e+20
3.594628212e+20
4.565952122e+20
5.026946374e+20
5.959668973e+20
4.429633993e+20
4.862598508e+20
3.855786598e+20
4.761844288e+20
2.83238305e+20
4.197659281e+20
4.624467108e+20
3.261811376e+20
1.086768144e+20
6.514044624e+20
5.423272903e+20
2.165584035e+20
2.16249249e+20
7.550520094e+20
5.382848138e+20
6.439596269e+20
6.423963024e+20
6.400154961e+20
4.254253067e+20
5.29486299e+20
4.22132046e+20
3.150483132e+20
1.04602013e+20
5.201593727e+20
4.142793068e+20
5.14755921e+20
1.024434291e+20
4.071242639e+20
2.024603383e+20
5.026443297e+20
1.998753197e+20
2.976064208e+20
5.914420402e+20
2.934256671e+20
4.857302057e+20
3.854231836e+20
5.73975368e+20
2.845544267e+20
5.647854902e+20
5.598183782e+20
4.627929601e+20
3.668712509e+20
5.457169615e+20
4.505135364e+20
6.252438199e+20
6.192508709e+20
4.383416136e+20
3.472369102e+20
4.300117387e+20
3.405723218e+20
5.059704136e+20
3.338859387e+20
2.479555338e+20
2.453986187e+20
3.239104108e+20
2.4039577e+20
5.551712156e+20
4.708285573e+20
5.435865522e+20
3.072877261e+20
2.280490434e+20
4.511302928e+20
3.719759124e+20
3.678692749e+20
3.639729207e+20
5.758484508e+20
3.560852518e+20
4.22474052e+20
4.179884362e+20
6.886973855e+20
3.406974617e+20
5.388397268e+20
3.998571371e+20
5.269556773e+20
1.955283199e+20
5.79729549e+20
3.18701354e+20
3.779442307e+20
4.36353046e+20
4.927928788e+20
4.877147054e+20
4.216809084e+20
2.981262402e+20
5.302269848e+20
2.332764986e+20
4.609698833e+20
3.993224653e+20
4.508924321e+20
4.46448334e+20
3.859449132e+20
4.913901379e+20
4.315307983e+20
3.739708533e+20
4.750232358e+20
3.659755334e+20
4.648648851e+20
5.117193115e+20
4.549931981e+20
5.510238042e+20
3.46425132e+20
4.414060864e+20
4.845462575e+20
4.802750537e+20
3.321512566e+20
4.233565999e+20
4.647534861e+20
3.225658611e+20
4.331630669e+20
4.329631987e+20
3.243962105e+20
6.481836497e+20
3.235365604e+20
5.384583501e+20
4.297330117e+20
5.361330682e+20
4.275933044e+20
4.265559579e+20
3.187339868e+20
4.237328125e+20
3.164309349e+20
4.204577412e+20
5.230035113e+20
6.25131301e+20
2.072437619e+20
8.252959643e+20
6.15282484e+20
7.142918817e+20
6.082997033e+20
7.058446657e+20
4.005511412e+20
3.981972793e+20
3.952723569e+20
4.909625943e+20
3.897272427e+20
4.838616407e+20
1.919731655e+20
2.858894838e+20
4.724498556e+20
2.813179504e+20
5.576963837e+20
4.610411896e+20
4.56860357e+20
5.436626931e+20
3.590597396e+20
3.559446738e+20
3.525384521e+20
6.11393538e+20
3.459495092e+20
4.284195086e+20
5.938038205e+20
3.360712924e+20
4.98991924e+20
3.2939612e+20
2.445031869e+20
2.420472817e+20
2.395229969e+20
3.951124603e+20
6.255032122e+20
4.642492366e+20
6.123651021e+20
4.544589387e+20
3.745956945e+20
4.447737713e+20
5.13180302e+20
3.626756927e+20
5.738026771e+20
4.967492424e+20
5.613046209e+20
5.553458584e+20
3.431336165e+20
4.073948477e+20
2.013539677e+20
3.320422503e+20
4.594681726e+20
3.247371721e+20
3.851331685e+20
3.175856134e+20
3.138528956e+20
3.10591589e+20
5.524576533e+20
4.252613295e+20
6.003019961e+20
4.753395161e+20
5.283807768e+20
5.230442771e+20
4.593656115e+20
3.410849735e+20
4.493234349e+20
4.44894458e+20
2.747154321e+20
2.720441245e+20
5.375349158e+20
3.726681554e+20
4.733673236e+20
4.167994326e+20
3.602995355e+20
3.569530075e+20
4.534023863e+20
3.993433282e+20
5.42475169e+20
5.376062819e+20
4.345602293e+20
4.785887086e+20
4.728310111e+20
5.624884117e+20
4.16800856e+20
5.510179233e+20
4.314318993e+20
3.234248089e+20
4.30800829e+20
3.227976939e+20
6.444917917e+20
3.21786507e+20
5.35026844e+20
4.271987656e+20
4.258938087e+20
5.310766096e+20
3.174703256e+20
6.330805976e+20
3.151800588e+20
4.187966655e+20
5.209428676e+20
5.188917153e+20
4.128604253e+20
3.082720909e+20
6.128768225e+20
2.032862083e+20
4.039543957e+20
5.022140465e+20
3.989989427e+20
9.916398616e+19
4.921850017e+20
5.868858038e+20
6.794056981e+20
5.784088764e+20
2.868605649e+20
4.746660939e+20
3.765248471e+20
3.736684081e+20
6.481888177e+20
4.593026307e+20
5.461735616e+20
3.610825551e+20
7.15437484e+20
4.432714269e+20
3.512290631e+20
5.221077992e+20
5.170074287e+20
8.536780524e+20
5.916222266e+20
5.022571396e+20
4.143069719e+20
2.461452785e+20
2.43614266e+20
4.823363752e+20
4.773130763e+20
5.511582296e+20
4.674385095e+20
6.167723258e+20
4.576279457e+20
4.528315302e+20
3.732590854e+20
3.69323199e+20
4.383057196e+20
3.613876788e+20
5.717713878e+20
6.364178463e+20
5.593245745e+20
3.458673179e+20
4.786979192e+20
4.73623359e+20
3.344133716e+20
3.308784357e+20
3.270438886e+20
4.530425284e+20
4.477543161e+20
3.797731893e+20
3.127599313e+20
4.333140231e+20
4.893660172e+20
4.843230251e+20
4.785738203e+20
5.921107448e+20
2.340210582e+20
3.474860793e+20
3.433293505e+20
5.098527207e+20
5.037359841e+20
5.541892012e+20
2.190100658e+20
4.337605159e+20
4.821024359e+20
5.305350025e+20
3.668956015e+20
3.63432341e+20
5.129232479e+20
4.573429686e+20
5.020251776e+20
5.471837756e+20
3.931500394e+20
3.896214055e+20
4.811550497e+20
4.292227479e+20
4.240547567e+20
4.670960812e+20
5.076304113e+20
3.202963945e+20
3.222858855e+20
3.221375478e+20
6.436306814e+20
4.286851427e+20
5.349424799e+20
4.27344321e+20
4.263235179e+20
1.063761553e+20
6.363116534e+20
3.173850223e+20
3.162166447e+20
5.254848817e+20
6.27878067e+20
2.085743314e+20
4.151187184e+20
5.168567669e+20
1.028115128e+20
1.023558935e+20
3.052449497e+20
4.049904509e+20
4.023879002e+20
3.001611139e+20
2.980940459e+20
6.914713686e+20
3.922353579e+20
3.897559394e+20
3.867478444e+20
4.801673107e+20
3.810263214e+20
4.728635105e+20
2.813254992e+20
1.861284798e+20
4.612502433e+20
3.660617076e+20
6.34818451e+20
2.698001037e+20
4.454846547e+20
2.649746061e+20
1.749646823e+20
7.802675416e+20
4.292539188e+20
1.701080648e+20
4.210404315e+20
5.838243442e+20
4.127984071e+20
4.087500448e+20
4.854635706e+20
4.805909119e+20
5.54858093e+20
3.922667241e+20
5.43388681e+20
3.841010197e+20
4.559938193e+20
3.76013113e+20
2.975455845e+20
3.680109801e+20
5.823382385e+20
1.440435124e+20
2.848772147e+20
5.637102485e+20
4.180188365e+20
5.514433194e+20
4.770206125e+20
2.696939613e+20
6.664900366e+20
5.935009517e+20
2.607233791e+20
5.804538324e+20
5.099400045e+20
5.676793305e+20
4.986792845e+20
4.318103307e+20
6.095879964e+20
3.016530084e+20
3.576881904e+20
6.490675176e+20
5.830296269e+20
4.039984013e+20
6.842855034e+20
3.951813064e+20
5.019952189e+20
4.418189314e+20
3.819428474e+20
5.403260927e+20
4.270533878e+20
2.64349856e+20
4.178576837e+20
2.069565449e+20
5.111452856e+20
5.570368548e+20
4.502539032e+20
3.965700089e+20
4.407550502e+20
4.853324022e+20
4.315294659e+20
4.277261677e+20
4.22572045e+20
5.585559775e+20
5.518365047e+20
4.559622781e+20
2.140053736e+20
1.069534976e+20
7.479272376e+20
6.404803839e+20
4.262602865e+20
4.256534533e+20
3.184792343e+20
2.119119302e+20
5.281687826e+20
6.322680382e+20
1.049909421e+20
6.281027659e+20
6.254154858e+20
2.077567896e+20
3.101219478e+20
2.059350869e+20
4.096442533e+20
1.019575482e+20
1.013535827e+20
5.042759354e+20
5.010418841e+20
2.99002809e+20
3.959303583e+20
4.920109967e+20
3.90734292e+20
1.941330765e+20
6.742315352e+20
2.870047321e+20
3.79582909e+20
4.710745663e+20
3.736872173e+20
2.781421005e+20
2.757129179e+20
5.470374653e+20
2.71050937e+20
2.687958237e+20
2.662999303e+20
5.27987346e+20
4.35799062e+20
4.318859424e+20
5.987519185e+20
6.779404618e+20
2.517029049e+20
2.492989857e+20
4.113007882e+20
3.258150186e+20
4.837113499e+20
3.990483632e+20
4.738845836e+20
2.345155037e+20
2.320484653e+20
5.358208872e+20
5.300998754e+20
3.746761924e+20
4.447371354e+20
4.400496635e+20
4.352125909e+20
5.023744644e+20
5.677516509e+20
7.723784192e+20
3.471288106e+20
5.495125459e+20
2.716314394e+20
6.718815516e+20
3.320848004e+20
6.571502224e+20
3.897269694e+20
3.213547256e+20
3.811298401e+20
5.657125997e+20
4.969546905e+20
4.303170385e+20
3.644898652e+20
4.20855918e+20
1.188181946e+20
4.116183062e+20
3.486123304e+20
5.176363379e+20
4.546191023e+20
4.500799329e+20
4.446812831e+20
4.402970588e+20
5.981284668e+20
4.846180119e+20
3.723838069e+20
5.268770755e+20
4.684681395e+20
3.609242504e+20
3.565657248e+20
5.046476004e+20
3.988408911e+20
2.469985901e+20
3.41620981e+20
3.869198367e+20
4.300298823e+20
3.788799889e+20
4.678885176e+20
3.710735385e+20
4.58256628e+20
4.543694846e+20
5.32900547e+20
4.261246979e+20
7.449754974e+20
6.379531563e+20
2.122899712e+20
6.359638701e+20
4.229677e+20
0
4.208754233e+20
5.248213984e+20
4.183183395e+20
7.299169384e+20
4.15314764e+20
4.138912637e+20
2.059428904e+20
6.154012566e+20
5.10068606e+20
4.062491658e+20
4.038475993e+20
6.027947502e+20
3.992910771e+20
5.957068188e+20
4.930171224e+20
4.901283911e+20
5.838670071e+20
4.834846404e+20
5.757204818e+20
6.671405529e+20
2.836127935e+20
4.69299107e+20
3.722843813e+20
4.618322645e+20
4.578057261e+20
4.541647459e+20
3.600591409e+20
2.677989924e+20
4.421939785e+20
3.506933013e+20
2.605189593e+20
4.303016267e+20
4.261174654e+20
5.91033492e+20
5.015764942e+20
4.139902572e+20
5.737395954e+20
4.869578386e+20
4.016431105e+20
3.976146763e+20
3.14792494e+20
3.894616867e+20
3.853699943e+20
4.576405854e+20
4.527603295e+20
5.226882431e+20
5.17028235e+20
5.846629105e+20
6.505235102e+20
3.575779498e+20
5.657629032e+20
5.597631378e+20
4.151005313e+20
4.7914584e+20
3.383578688e+20
3.347722856e+20
3.309326332e+20
5.89383779e+20
1.94189135e+20
5.123885564e+20
6.330230471e+20
6.263993881e+20
3.095262398e+20
3.063100278e+20
1.816178121e+20
3.594922807e+20
4.144343664e+20
3.516029491e+20
4.632202186e+20
5.731760635e+20
4.530586553e+20
3.924679236e+20
3.323663562e+20
4.93633839e+20
5.418865679e+20
3.756309247e+20
2.650748192e+20
5.250669625e+20
5.187305957e+20
4.624497539e+20
4.568634761e+20
3.520370751e+20
3.477824353e+20
3.446055756e+20
5.349782287e+20
4.819788161e+20
4.761563164e+20
4.247640993e+20
4.662639017e+20
5.54678146e+20
4.109946264e+20
4.075090024e+20
6.369651393e+20
7.427852137e+20
2.120134183e+20
4.236305296e+20
5.286409928e+20
3.167336581e+20
4.21309525e+20
9.461291876e+20
4.192288065e+20
3.136613669e+20
6.250286308e+20
8.309368047e+20
2.068492743e+20
4.12281567e+20
4.102881222e+20
3.065079445e+20
7.11336153e+20
5.058504371e+20
2.011464652e+20
4.003175665e+20
2.983203541e+20
1.978085419e+20
7.858172255e+20
2.929560826e+20
3.877663656e+20
5.779807321e+20
4.779539905e+20
4.747303926e+20
8.476394522e+20
7.480591691e+20
7.41784077e+20
3.680858747e+20
3.648821503e+20
6.334685934e+20
3.587269637e+20
3.557460364e+20
3.524534431e+20
5.241068704e+20
4.326091863e+20
8.574577847e+20
4.245663641e+20
3.365056098e+20
5.830538298e+20
3.299944899e+20
4.083379156e+20
5.660734886e+20
2.401222916e+20
3.961912543e+20
2.352524963e+20
4.656889899e+20
3.840023236e+20
5.320206697e+20
5.263541741e+20
3.720306705e+20
3.680066906e+20
5.097815543e+20
4.321628127e+20
7.126516547e+20
3.523675247e+20
3.48631399e+20
2.757710705e+20
4.092684587e+20
2.697477052e+20
6.672237916e+20
3.297884333e+20
3.26303633e+20
4.515453518e+20
3.191386374e+20
3.154223944e+20
3.745464928e+20
6.786189325e+20
5.494644335e+20
3.016583213e+20
4.776792422e+20
4.720169635e+20
5.839975264e+20
5.193392875e+20
3.998499145e+20
3.386316629e+20
3.911251573e+20
3.312295797e+20
4.372845517e+20
5.400327555e+20
4.813014678e+20
4.755014271e+20
4.186153955e+20
5.686486293e+20
2.560360999e+20
3.541192157e+20
4.510660837e+20
2.970748808e+20
5.396620758e+20
4.362023939e+20
4.803193428e+20
5.219643805e+20
5.173647069e+20
4.646505289e+20
4.14569514e+20
4.550758415e+20
4.060953453e+20
4.229795568e+20
7.398751876e+20
3.167748707e+20
4.219720432e+20
3.159440155e+20
4.206601913e+20
4.196643004e+20
5.235753926e+20
6.263925358e+20
2.082929929e+20
8.301317235e+20
5.173175688e+20
2.060474318e+20
4.106843427e+20
2.04351405e+20
2.035496473e+20
5.061410777e+20
2.015618018e+20
6.01125278e+20
4.98479762e+20
5.943623354e+20
5.911618371e+20
4.892687134e+20
5.836872873e+20
3.862992462e+20
1.919321766e+20
3.809236518e+20
4.729453446e+20
3.753175502e+20
2.794728227e+20
2.771325537e+20
6.417533632e+20
6.361771827e+20
6.311240271e+20
2.68053456e+20
4.430455785e+20
4.389515606e+20
3.48125296e+20
2.586190176e+20
3.417340901e+20
0
5.029300358e+20
6.639432805e+20
1.644027028e+20
3.254979436e+20
4.028886815e+20
3.987748067e+20
1.579111949e+20
4.688332096e+20
3.09357185e+20
3.06115461e+20
5.301407038e+20
4.495723748e+20
4.44866244e+20
5.13403251e+20
5.07995663e+20
5.74205195e+20
2.840659547e+20
3.511418217e+20
2.779354591e+20
2.061113453e+20
4.078503787e+20
5.376312036e+20
4.654433316e+20
5.915738129e+20
3.902155567e+20
5.142782434e+20
3.180420156e+20
5.029451761e+20
4.97682961e+20
5.533332119e+20
3.042132108e+20
5.411292916e+20
4.165408446e+20
5.292064425e+20
5.238034592e+20
3.450453297e+20
4.554125187e+20
3.937234691e+20
4.454760547e+20
4.401340705e+20
5.4474213e+20
4.843724253e+20
4.263645872e+20
3.685728067e+20
4.693354148e+20
6.182257683e+20
3.061940202e+20
3.529085078e+20
3.995766149e+20
3.947433962e+20
4.889216828e+20
3.381044102e+20
4.308041318e+20
4.255930196e+20
3.280999356e+20
4.167434545e+20
5.049493054e+20
4.535019495e+20
4.946228982e+20
3.159965066e+20
4.211359279e+20
4.207191039e+20
7.355713609e+20
1.049043673e+20
6.285325538e+20
6.270478126e+20
3.129236503e+20
6.239608887e+20
3.112270944e+20
6.201877737e+20
2.061261023e+20
6.157553457e+20
3.068245847e+20
2.035648508e+20
4.055334686e+20
2.016799632e+20
9.035522746e+20
6.986336483e+20
3.972617606e+20
4.934177476e+20
2.944576272e+20
3.899326419e+20
2.907396213e+20
9.621079667e+19
2.868143868e+20
5.692423648e+20
2.827042022e+20
2.804377399e+20
4.640521308e+20
4.601729563e+20
4.566958697e+20
3.621874741e+20
3.593124297e+20
5.341379484e+20
5.297047431e+20
2.624088707e+20
5.202830181e+20
5.153588021e+20
7.661117933e+20
5.900969109e+20
4.175957125e+20
3.307783049e+20
5.733435047e+20
4.054174247e+20
4.014495125e+20
3.97355963e+20
3.146998137e+20
1.557244216e+20
4.623942616e+20
6.1007344e+20
7.546771104e+20
7.466586226e+19
4.43306695e+20
5.846968616e+20
3.615873149e+20
5.722073068e+20
7.076954134e+19
3.499246164e+20
4.154587769e+20
4.107986824e+20
4.064420919e+20
2.009174385e+20
4.638411163e+20
5.895424924e+20
3.888760143e+20
4.484522048e+20
4.437340663e+20
3.759197626e+20
3.719867259e+20
3.676304781e+20
3.638106369e+20
5.992069394e+20
2.37212619e+20
3.516040893e+20
4.640189813e+20
5.731208258e+20
4.538643052e+20
3.923858161e+20
3.884670018e+20
3.289791967e+20
4.343129874e+20
4.29090339e+20
4.780300095e+20
5.772167478e+20
5.197104869e+20
3.594044962e+20
4.06869151e+20
6.029246577e+20
4.977686801e+20
3.9339621e+20
5.359782427e+20
4.813546476e+20
4.770344436e+20
5.655124549e+20
5.138187129e+20
4.614570487e+20
4.117209874e+20
3.615511254e+20
4.032972522e+20
4.196906308e+20
2.097494307e+20
5.238556431e+20
2.093468625e+20
4.179889897e+20
3.130469461e+20
4.164121002e+20
4.156153716e+20
3.107740239e+20
6.200481448e+20
4.118635707e+20
6.159940597e+20
5.111556329e+20
6.112901032e+20
6.083529851e+20
2.019898208e+20
6.027282855e+20
4.000457684e+20
7.953998452e+20
3.957512859e+20
2.949286981e+20
4.889047355e+20
2.913461236e+20
2.896439203e+20
4.79247578e+20
5.714772785e+20
7.56153691e+20
3.75532176e+20
5.587902554e+20
5.547949376e+20
5.501652075e+20
5.460108403e+20
1.804275032e+20
3.5799233e+20
5.321833946e+20
3.518460289e+20
5.229076164e+20
4.319932832e+20
2.567465874e+20
6.785262725e+20
3.359840656e+20
4.160939415e+20
3.295935182e+20
4.896791416e+20
5.65561905e+20
5.600288243e+20
3.9594718e+20
5.487740818e+20
3.879375273e+20
6.143524245e+20
3.039655552e+20
4.512174436e+20
5.952386666e+20
2.945053616e+20
3.641633885e+20
6.485929172e+20
5.702232732e+20
3.526215274e+20
4.882021489e+20
3.450202828e+20
3.411537322e+20
1.35014499e+20
4.671985282e+20
6.603569912e+20
3.916833829e+20
3.229546976e+20
3.830755443e+20
3.790454724e+20
4.370793284e+20
4.325065714e+20
4.274441544e+20
4.834318491e+20
6.568903137e+20
4.13712954e+20
2.336080146e+20
5.202513339e+20
2.855896728e+20
4.523265826e+20
6.14518491e+20
4.424587738e+20
5.464423887e+20
4.32842299e+20
3.74182654e+20
2.646727229e+20
4.183716363e+20
3.625644393e+20
3.581856181e+20
4.054890353e+20
3.505117593e+20
4.960781529e+20
4.900727347e+20
4.855955653e+20
3.837714017e+20
4.754087857e+20
4.696506974e+20
4.655126198e+20
4.138890422e+20
4.103113531e+20
5.404639216e+20
4.46569573e+20
3.135489552e+20
5.223430914e+20
4.174625774e+20
3.128051955e+20
1.040932753e+20
2.078913605e+20
4.148048295e+20
5.175146021e+20
4.127691973e+20
5.147171915e+20
3.077106627e+20
3.068140638e+20
5.09196938e+20
8.119321409e+20
4.04019537e+20
7.042659337e+20
4.002895183e+20
6.974177144e+20
2.971441033e+20
4.928153175e+20
3.917536258e+20
5.844729289e+20
4.837517667e+20
3.847419292e+20
4.774546885e+20
5.693418622e+20
4.708366744e+20
2.806019078e+20
3.711469856e+20
4.606188462e+20
4.567815991e+20
4.533346125e+20
3.595323067e+20
2.675114211e+20
3.534953955e+20
3.505649596e+20
4.341761209e+20
4.304287991e+20
4.263675052e+20
3.38041011e+20
2.510839566e+20
4.975235199e+20
4.926257829e+20
1.626445095e+20
4.025384127e+20
1.594407205e+20
4.734580213e+20
3.905980416e+20
3.865736584e+20
4.591458259e+20
5.300783023e+20
2.997598212e+20
5.190193619e+20
2.934801148e+20
5.806401039e+20
4.308962446e+20
4.972213319e+20
4.919653437e+20
4.865214866e+20
3.438331442e+20
6.119699677e+20
5.382059927e+20
4.656007044e+20
3.290496797e+20
5.855214163e+20
6.437072195e+20
5.090298816e+20
6.295938148e+20
4.355957409e+20
4.926156132e+20
4.259959643e+20
4.215697696e+20
4.761222773e+20
4.712152673e+20
4.656373471e+20
2.880518203e+20
3.984756823e+20
3.944493391e+20
4.454143928e+20
4.960860852e+20
5.445986427e+20
3.77458845e+20
4.794683693e+20
3.692910074e+20
3.648390203e+20
5.161998088e+20
4.589678306e+20
4.54633032e+20
5.489401526e+20
5.438389765e+20
5.372527003e+20
3.871595357e+20
4.302764993e+20
3.790353361e+20
4.212467771e+20
4.175353605e+20
5.041378822e+20
4.997805247e+20
4.48844923e+20
5.340499391e+20
4.164524571e+20
3.121969622e+20
4.158531463e+20
8.309319057e+20
4.147696582e+20
2.070909677e+20
2.066049593e+20
3.093152401e+20
4.111852793e+20
3.076457154e+20
5.108878919e+20
3.056401501e+20
1.014506394e+20
5.055216416e+20
5.03102758e+20
4.009074376e+20
3.987717769e+20
4.962682194e+20
5.920436138e+20
5.89146803e+20
3.902801555e+20
5.822768037e+20
5.78328395e+20
2.874771089e+20
3.805401308e+20
2.836111726e+20
4.69090343e+20
5.591248844e+20
6.471103075e+20
3.671369476e+20
5.461255162e+20
2.710034819e+20
1.791096342e+20
2.665357638e+20
7.044225184e+20
6.112630741e+20
5.191287773e+20
5.146507269e+20
1.699340504e+20
2.526207443e+20
6.671635423e+20
4.957470869e+20
2.454369194e+20
3.241335443e+20
2.406685117e+20
6.355088677e+20
6.290549938e+20
3.113794618e+20
3.081754766e+20
3.8128222e+20
3.773070464e+20
5.974306864e+20
3.694410636e+20
3.655774769e+20
5.063036668e+20
3.578396408e+20
3.539351236e+20
5.603111803e+20
4.155877338e+20
4.111849763e+20
2.710567216e+20
6.7045831e+20
5.96589136e+20
4.590999783e+20
4.538577386e+20
3.849120053e+20
3.80478114e+20
5.019677933e+20
6.201745582e+20
3.682120131e+20
3.639064749e+20
5.401881629e+20
4.152024119e+20
4.69626516e+20
3.480519731e+20
6.315797411e+20
4.538684646e+20
3.931219132e+20
2.219581955e+20
4.394820911e+20
3.256603781e+20
4.299306017e+20
3.716655266e+20
4.20626993e+20
4.675000876e+20
4.115697568e+20
4.065971392e+20
4.531012907e+20
4.47618016e+20
3.4491192e+20
3.894092643e+20
4.82314397e+20
4.288200981e+20
4.721904847e+20
4.198176893e+20
5.085899348e+20
4.110734654e+20
4.980810329e+20
4.473137631e+20
4.435240792e+20
5.185650457e+20
1.036657866e+20
6.213841157e+20
5.173383221e+20
4.131785175e+20
5.157417862e+20
2.058136127e+20
3.08130859e+20
5.120168384e+20
7.150970605e+20
3.053637916e+20
7.10442099e+20
7.074539342e+20
4.028803282e+20
2.004782654e+20
3.993887919e+20
3.972655014e+20
2.966371049e+20
4.915132605e+20
4.89110003e+20
1.944088639e+20
2.900485602e+20
3.841139257e+20
3.818744204e+20
4.739088541e+20
6.593049756e+20
5.608283016e+20
5.570612989e+20
3.684177235e+20
5.486831888e+20
5.441278358e+20
3.600179769e+20
6.246026251e+20
5.311343947e+20
5.264046283e+20
8.700765123e+19
1.724199217e+20
4.273335815e+20
2.539882333e+20
4.195287328e+20
4.154918255e+20
4.939832944e+20
5.706566967e+20
4.844793743e+20
3.997000021e+20
3.957942062e+20
5.48492191e+20
3.878602416e+20
5.374242852e+20
5.319331663e+20
2.255975461e+20
5.209367075e+20
5.890606675e+20
5.82901776e+20
5.045593452e+20
3.566076201e+20
5.643528744e+20
4.88590835e+20
4.141668336e+20
4.780764905e+20
3.376664101e+20
2.672699163e+20
4.624376215e+20
4.575410642e+20
6.461720239e+20
3.83608567e+20
3.159938025e+20
4.377380609e+20
3.708502085e+20
4.892943227e+20
5.44022775e+20
4.785514379e+20
4.138072704e+20
2.925302762e+20
4.046978016e+20
4.577889492e+20
4.523464267e+20
3.358314785e+20
4.424284315e+20
4.927598086e+20
4.868534037e+20
4.820505681e+20
4.233367084e+20
3.668145617e+20
4.659320249e+20
5.127362422e+20
4.558861134e+20
4.014042989e+20
5.452496671e+20
4.419672956e+20
2.910736353e+20
3.84552308e+20
3.324016289e+20
3.294183332e+20
5.113756573e+20
4.147122907e+20
5.007199921e+20
4.9639306e+20
5.349516171e+20
3.536134852e+20
7.232117721e+20
4.130759212e+20
6.19006842e+20
3.09215675e+20
5.144994225e+20
4.110170607e+20
5.125707627e+20
9.208665405e+20
5.100670416e+20
4.07071429e+20
2.028024863e+20
6.066381348e+20
4.027279166e+20
6.020324721e+20
4.993029727e+20
6.962928143e+20
2.968279217e+20
6.895507021e+20
4.896707608e+20
1.949112647e+20
3.873662189e+20
7.705782602e+20
5.740294198e+20
4.755707941e+20
4.721556139e+20
5.630303038e+20
5.587635082e+20
2.775064449e+20
2.753010673e+20
6.377883791e+20
2.710723584e+20
1.793537935e+20
5.334326324e+20
4.410094079e+20
6.119238543e+20
3.467771193e+20
5.154041627e+20
2.554815637e+20
5.061638114e+20
3.344268998e+20
8.280339644e+19
4.922320081e+20
3.249380463e+20
5.632323339e+20
2.38977453e+20
5.521672637e+20
4.684926539e+20
5.411079574e+20
5.355545867e+20
4.54357859e+20
4.496326256e+20
4.449721082e+20
2.935148673e+20
6.535052133e+20
2.154972863e+20
6.39691297e+20
3.515142769e+20
5.564810071e+20
3.439630137e+20
2.041921462e+20
4.03823711e+20
5.993160961e+20
3.29194387e+20
3.908508867e+20
3.219953388e+20
5.09751902e+20
3.149297249e+20
5.609112346e+20
4.928054837e+20
3.657378116e+20
4.217096796e+20
4.769464583e+20
4.713388265e+20
4.66480938e+20
3.457235017e+20
4.562574931e+20
4.508345629e+20
4.462784972e+20
4.960692153e+20
3.819770434e+20
3.23484785e+20
2.669111351e+20
3.691820384e+20
4.17815717e+20
5.159716067e+20
4.088174642e+20
4.038761973e+20
4.000609469e+20
2.964125291e+20
3.915434661e+20
3.867958953e+20
4.790772728e+20
5.20589269e+20
4.690154635e+20
3.706563616e+20
4.133150232e+20
3.629297219e+20
3.148195842e+20
4.442825706e+20
4.40519843e+20
6.175317247e+20
4.115008006e+20
5.138730741e+20
2.053582703e+20
7.175570164e+20
4.09452692e+20
8.169958702e+20
3.057891004e+20
2.032528154e+20
6.082916451e+20
5.050874136e+20
4.028955948e+20
3.009060015e+20
5.99761712e+20
2.984547138e+20
1.981928785e+20
3.942868322e+20
3.925529472e+20
4.878420233e+20
5.825519888e+20
5.788882606e+20
3.838575643e+20
3.812692071e+20
5.685740082e+20
5.644983578e+20
3.739716223e+20
2.783569314e+20
4.608162417e+20
4.571603852e+20
2.723414768e+20
1.800586669e+20
3.574067015e+20
5.315056101e+20
2.636510302e+20
4.355177814e+20
6.046821036e+20
5.13561826e+20
2.545695369e+20
4.203033723e+20
4.165491354e+20
2.475315433e+20
6.539907938e+20
2.428459915e+20
4.810737814e+20
3.969013402e+20
7.860517715e+20
5.446706939e+20
2.310963326e+20
6.099404029e+20
3.773199865e+20
2.987206288e+20
4.434376944e+20
6.581393528e+20
2.894495301e+20
5.726931572e+20
4.250026265e+20
3.503162298e+20
2.772927452e+20
5.484719782e+20
4.748312439e+20
4.695332172e+20
4.645578707e+20
3.937004791e+20
5.842990059e+20
3.850944055e+20
4.445326611e+20
2.510982318e+20
3.726860714e+20
3.683663631e+20
3.645131382e+20
3.602571616e+20
5.347712343e+20
5.284863344e+20
4.649238981e+20
2.871424252e+20
3.41052187e+20
2.246663858e+20
4.447916633e+20
3.845469583e+20
5.98250694e+20
4.836117792e+20
4.256357724e+20
3.153880277e+20
4.684771396e+20
5.142524958e+20
4.583869605e+20
5.534778386e+20
4.984081954e+20
4.431342043e+20
3.902359058e+20
4.336901108e+20
4.297274559e+20
4.245094555e+20
3.272107377e+20
4.617644645e+20
4.576968217e+20
4.521346676e+20
4.930512061e+20
2.656693967e+20
4.390329355e+20
5.126546732e+20
3.074532351e+20
4.095376332e+20
3.068680814e+20
1.021193773e+20
3.059251399e+20
3.052132985e+20
5.077191973e+20
5.062116611e+20
3.029968208e+20
5.031830802e+20
6.020659448e+20
2.997746375e+20
6.970926869e+20
5.946721853e+20
3.949011112e+20
3.928141854e+20
5.866319082e+20
2.916161365e+20
4.836553374e+20
2.883716042e+20
4.780457466e+20
3.798625903e+20
5.664786226e+20
5.624253174e+20
2.794498851e+20
3.69786133e+20
4.591341129e+20
4.554978391e+20
6.331554013e+20
2.691107655e+20
5.341728263e+20
5.295924605e+20
5.254065574e+20
3.471666749e+20
3.442970422e+20
2.558663068e+20
5.918826632e+20
5.863398749e+20
3.320601215e+20
3.288787881e+20
1.629221418e+20
4.839889245e+20
2.396944382e+20
3.164133239e+20
4.699874362e+20
3.101599115e+20
4.605897062e+20
3.798956773e+20
6.016279661e+20
2.976932891e+20
5.15566131e+20
4.372571957e+20
4.326886848e+20
7.134253675e+20
5.647391024e+20
4.8877685e+20
6.908785538e+20
2.73307892e+20
3.380179189e+20
4.679495274e+20
5.291332946e+20
4.577727663e+20
4.529272026e+20
2.558687485e+20
3.797506855e+20
3.753875101e+20
5.571595683e+20
4.28326355e+20
4.238460788e+20
5.984282241e+20
4.737685807e+20
3.511521762e+20
5.212993703e+20
4.579013045e+20
5.66531395e+20
5.598011903e+20
4.987290416e+20
3.83270831e+20
4.336472858e+20
3.748944119e+20
3.181673757e+20
5.239021707e+20
4.150417701e+20
4.100358419e+20
4.568644552e+20
5.014892879e+20
2.980507784e+20
4.41659496e+20
4.861713121e+20
4.322445408e+20
4.758833117e+20
4.23091769e+20
5.124711406e+20
3.221532252e+20
5.017815557e+20
4.95679178e+20
3.12707243e+20
4.41292183e+20
5.250672382e+20
3.064286251e+20
3.062897429e+20
5.099857679e+20
6.114152026e+20
3.052006413e+20
4.063594096e+20
5.067698314e+20
4.046435567e+20
4.034445955e+20
4.024752903e+20
4.010344422e+20
1.999351993e+20
2.986517492e+20
3.968474643e+20
2.962258254e+20
5.901413179e+20
7.827049965e+20
3.896338246e+20
6.779153112e+20
3.854912414e+20
4.788449954e+20
1.905130559e+20
3.784663142e+20
2.821993124e+20
3.735782982e+20
3.712380982e+20
6.44769247e+20
5.48957064e+20
2.723084049e+20
7.209874994e+20
5.362811536e+20
1.774165167e+20
3.517953561e+20
3.490164222e+20
5.188920404e+20
2.573026942e+20
5.949024497e+20
4.212747992e+20
5.008026429e+20
4.136115632e+20
5.735164571e+20
4.870518697e+20
4.019148063e+20
3.184771551e+20
5.517982366e+20
5.464144301e+20
3.86358628e+20
5.354974653e+20
5.300227413e+20
3.747239327e+20
5.93345983e+20
4.404003964e+20
3.631375636e+20
2.874754709e+20
2.84400352e+20
4.221158645e+20
4.17533363e+20
4.819788176e+20
4.766755973e+20
4.042540787e+20
3.331260607e+20
5.273553375e+20
3.258847562e+20
3.869227353e+20
5.100272943e+20
3.154015925e+20
2.494240483e+20
4.936022153e+20
3.049296403e+20
4.224362712e+20
3.578646781e+20
4.721954698e+20
3.499879014e+20
3.46380596e+20
5.704810499e+20
5.081894918e+20
5.021538819e+20
4.418475202e+20
5.457187791e+20
4.322127125e+20
3.202753577e+20
4.756723966e+20
4.17735336e+20
3.619599931e+20
5.108484129e+20
4.553520302e+20
4.498451862e+20
5.446159168e+20
2.93463047e+20
3.87646811e+20
3.350733365e+20
4.268720236e+20
4.685372443e+20
4.178989718e+20
4.128152703e+20
4.54643498e+20
5.389324202e+20
3.56184762e+20
4.398120344e+20
3.924801283e+20
3.052732255e+20
6.102700469e+20
2.032256346e+20
7.106303525e+20
4.054024857e+20
6.072453434e+20
3.029191537e+20
4.031232658e+20
5.024141257e+20
2.004831108e+20
1.997668682e+20
1.991873866e+20
5.950744834e+20
1.976836869e+20
6.886222442e+20
4.899561694e+20
3.899016489e+20
5.822857252e+20
3.859494867e+20
5.761031828e+20
9.541674064e+19
3.796259922e+20
2.828101989e+20
2.811669228e+20
2.791622907e+20
9.247156676e+19
4.588784721e+20
3.646451441e+20
4.522087619e+20
8.081861749e+20
6.234138362e+20
4.419500615e+20
6.134417148e+20
3.477707617e+20
2.585236397e+20
3.418521872e+20
1.693710013e+20
4.197868532e+20
3.326938236e+20
6.594532155e+20
6.53153354e+20
3.235662006e+20
5.607214526e+20
5.553965987e+20
7.069969229e+20
3.889452609e+20
3.85026615e+20
4.574169143e+20
3.772886436e+20
8.215663633e+20
4.434894957e+20
5.120468464e+20
4.34283106e+20
5.013723827e+20
4.960149707e+20
4.90801663e+20
5.548329464e+20
2.744878179e+20
5.429408336e+20
4.028958433e+20
4.648139829e+20
3.941919666e+20
5.846333131e+20
3.213590325e+20
5.083284844e+20
4.400918508e+20
4.971906013e+20
4.919624487e+20
5.470535393e+20
4.811837843e+20
4.161270322e+20
3.529745783e+20
2.906927681e+20
4.603145262e+20
5.11738185e+20
3.939536828e+20
2.780542722e+20
5.504875203e+20
5.439197399e+20
5.923329494e+20
3.724229297e+20
3.687476638e+20
4.68402837e+20
3.092283102e+20
4.58246894e+20
4.538495858e+20
3.985421216e+20
4.441232985e+20
4.874881453e+20
3.380694664e+20
3.816729951e+20
3.78185325e+20
4.669829049e+20
3.239542706e+20
5.028744414e+20
4.984452683e+20
4.47613313e+20
4.437472275e+20
3.945076036e+20
4.34631835e+20
4.05502008e+20
5.066482966e+20
2.024627332e+20
4.045503667e+20
3.029117028e+20
4.033125142e+20
4.023799546e+20
4.016143559e+20
6.006439735e+20
1.997342134e+20
4.975552755e+20
8.930031618e+20
5.92862043e+20
5.908474238e+20
3.920399752e+20
6.833980307e+20
2.913461378e+20
4.834472452e+20
4.806616556e+20
9.566419867e+19
5.704023844e+20
5.673541871e+20
5.635564971e+20
4.669034324e+20
1.854321854e+20
3.685442453e+20
5.486634766e+20
3.633284897e+20
6.308147603e+20
5.368549533e+20
4.437017256e+20
6.165182907e+20
3.492898435e+20
8.66334903e+19
5.152155887e+20
4.258034178e+20
3.375482222e+20
3.346475049e+20
4.144093182e+20
3.285721066e+20
5.695159141e+20
4.030488282e+20
3.991255526e+20
4.744042396e+20
4.697039618e+20
5.426453447e+20
3.837037549e+20
5.318213297e+20
6.76797298e+20
4.465960294e+20
7.366330873e+19
5.832058971e+20
4.328111814e+20
2.141461168e+20
4.943407049e+20
4.192680538e+20
5.529673727e+20
3.419567624e+20
3.382011416e+20
6.023200566e+20
3.309013683e+20
6.547937863e+20
3.237150608e+20
2.562316941e+20
5.69971073e+20
5.012928367e+20
2.47772042e+20
5.516252333e+20
6.058286151e+20
4.196446062e+20
4.147543892e+20
4.104453338e+20
4.635764812e+20
4.587983124e+20
2.266909229e+20
3.365635357e+20
4.434243438e+20
6.584131444e+20
3.25279514e+20
5.36714817e+20
3.181708871e+20
4.725461887e+20
5.187373379e+20
3.082119235e+20
4.059912801e+20
3.518332405e+20
4.468843635e+20
4.426614432e+20
4.858818679e+20
3.850918455e+20
5.230684295e+20
4.711714313e+20
5.119827285e+20
4.612616255e+20
3.64514912e+20
4.06467578e+20
4.015136007e+20
3.980460227e+20
4.805694589e+20
3.465474757e+20
3.029883694e+20
4.038020121e+20
2.017055382e+20
2.015188222e+20
4.023734139e+20
7.031607393e+20
6.013184794e+20
7.002042247e+20
4.986731433e+20
2.984863354e+20
4.957072116e+20
3.954168374e+20
2.953329965e+20
4.905500855e+20
5.858884444e+20
3.890720999e+20
4.837899808e+20
5.780034678e+20
6.70459257e+20
4.765689312e+20
5.683196465e+20
6.59498695e+20
5.615076036e+20
5.582492806e+20
2.771416054e+20
3.672119265e+20
1.822290427e+20
6.335372913e+20
4.48966844e+20
6.240884814e+20
5.305430679e+20
4.388016086e+20
4.350630287e+20
4.316324083e+20
4.278306918e+20
4.243022615e+20
4.204535329e+20
5.835791818e+20
3.303692351e+20
5.729949086e+20
4.864598563e+20
5.623095625e+20
4.772944721e+20
3.939713749e+20
3.120585601e+20
7.725431913e+20
5.353459352e+20
4.542875352e+20
5.246040065e+20
2.967169188e+20
2.936536346e+20
3.632680584e+20
6.47023801e+20
4.268465367e+20
4.926777039e+20
3.482154246e+20
3.444464391e+20
2.726491807e+20
4.719005964e+20
3.335054756e+20
4.617201788e+20
3.263077755e+20
3.226410112e+20
7.023000527e+20
3.787234429e+20
4.371802767e+20
3.704313272e+20
5.498048069e+20
6.038331961e+20
3.585107697e+20
2.952791228e+20
3.506536496e+20
5.7756824e+20
4.001305474e+20
5.648688997e+20
4.472796981e+20
3.314785771e+20
4.375036661e+20
3.782499093e+20
5.349567283e+20
4.228386519e+20
3.663321229e+20
5.170382826e+20
4.608032944e+20
5.564085531e+20
2.003885538e+20
2.9694568e+20
4.4120918e+20
3.874289129e+20
5.277620576e+20
5.213478845e+20
4.226593242e+20
3.711239684e+20
5.516898259e+20
5.449664452e+20
4.501391392e+20
4.891138794e+20
4.848901726e+20
3.483444562e+20
4.749211101e+20
7.04337012e+20
5.028708679e+20
0
7.026883378e+20
4.008757892e+20
6.004664552e+20
3.993891742e+20
4.98287715e+20
3.974587729e+20
5.947592375e+20
2.963236953e+20
4.924428507e+20
0
4.887407639e+20
2.918664522e+20
4.845520447e+20
4.820161687e+20
4.799048933e+20
3.817201253e+20
3.798637261e+20
4.71876719e+20
7.509733978e+20
7.45964739e+20
8.343437535e+20
4.602369884e+20
1.82944603e+20
5.447249665e+20
6.312661271e+20
4.473632539e+20
3.553498181e+20
2.643287815e+20
5.246929736e+20
5.202296509e+20
4.301082063e+20
6.821211564e+20
6.764986439e+20
5.027785905e+20
4.984625032e+20
5.761333902e+20
5.710025824e+20
7.271624517e+20
5.60364318e+20
3.963747465e+20
3.926152837e+20
3.887356679e+20
7.698970004e+20
3.04868095e+20
3.018258986e+20
2.987555998e+20
7.392750788e+19
2.926607935e+20
4.344489361e+20
4.298970635e+20
2.836070446e+20
3.507327531e+20
2.776389408e+20
5.492736106e+20
2.717390682e+20
4.703301176e+20
4.65354578e+20
3.287061927e+20
3.2522588e+20
4.502036914e+20
4.454407991e+20
5.662116946e+20
3.112420635e+20
5.538189942e+20
3.653309041e+20
4.814807029e+20
5.955565662e+20
5.297606896e+20
6.407584213e+20
2.878391641e+20
5.127701106e+20
2.815113202e+20
4.458176365e+20
5.506600229e+20
4.360746327e+20
4.308744759e+20
2.666050599e+20
4.741408383e+20
3.129738696e+20
4.122802568e+20
5.103317723e+20
5.0417368e+20
3.994676958e+20
4.932914016e+20
5.374922845e+20
4.827008614e+20
4.782129234e+20
4.723987466e+20
4.680816755e+20
4.161430383e+20
4.582314039e+20
4.526436772e+20
4.935232005e+20
3.988633413e+20
5.272257586e+20
4.773883592e+20
3.872862871e+20
5.012291029e+20
3.006019187e+20
5.005200327e+20
5.000573586e+20
3.993892715e+20
4.985336121e+20
4.973879932e+20
6.950206355e+20
2.96992476e+20
5.925621575e+20
4.920519657e+20
2.943768774e+20
4.886019508e+20
4.869447402e+20
4.846609727e+20
6.758878902e+20
4.802553164e+20
5.737837358e+20
4.754135772e+20
2.838618198e+20
4.701662238e+20
5.611903816e+20
6.503632197e+20
2.771118124e+20
2.751499628e+20
4.557199754e+20
4.52314033e+20
5.391524472e+20
3.566168626e+20
5.311300365e+20
2.633927062e+20
3.485581581e+20
6.047961216e+20
3.428757849e+20
4.248313045e+20
2.52798888e+20
5.010252562e+20
3.31150971e+20
5.74134585e+20
4.877349112e+20
6.441356138e+20
5.584324858e+20
4.740162164e+20
4.695221954e+20
3.874072769e+20
3.836344378e+20
4.557469903e+20
6.016009118e+20
4.466165608e+20
4.420649322e+20
5.104306259e+20
4.329861197e+20
2.856364472e+20
4.239842263e+20
4.893850444e+20
6.226014958e+20
4.790145268e+20
3.385437644e+20
2.678686041e+20
5.300706148e+20
3.276194908e+20
5.834720428e+20
4.487198138e+20
5.708225812e+20
3.762336941e+20
6.204385348e+20
4.906693208e+20
4.855109008e+20
3.599289204e+20
4.748864139e+20
3.52020224e+20
4.064235505e+20
4.016605212e+20
3.407317613e+20
3.928318876e+20
2.777281888e+20
6.037542471e+20
3.803230413e+20
4.294725242e+20
4.783273913e+20
4.20087374e+20
4.679331722e+20
5.136733449e+20
4.578036906e+20
5.025321618e+20
3.981668122e+20
4.425154941e+20
4.870367268e+20
4.330133338e+20
4.289871687e+20
4.708550266e+20
3.732415551e+20
4.608673247e+20
4.567311742e+20
3.609267688e+20
4.471854931e+20
3.975512886e+20
3.503279329e+20
4.325577728e+20
4.717890647e+20
3.994993374e+20
3.993194795e+20
2.992013374e+20
2.989249518e+20
2.984353031e+20
4.966922156e+20
4.955531565e+20
4.946125109e+20
5.917979684e+20
7.87175e+20
2.941466899e+20
3.910613865e+20
6.815367814e+20
4.851618681e+20
5.794690596e+20
6.734210571e+20
5.742087389e+20
4.764140755e+20
1.89475837e+20
2.82833352e+20
1.873872338e+20
8.387481514e+20
1.851497825e+20
4.601937427e+20
6.397179546e+20
4.540901845e+20
4.507021646e+20
3.581556012e+20
3.553521565e+20
5.292487679e+20
2.624632374e+20
2.604972906e+20
3.443843811e+20
4.270918699e+20
4.233473266e+20
3.35889308e+20
1.664280361e+20
2.475012303e+20
4.086782864e+20
3.240338328e+20
4.814399642e+20
5.565139276e+20
3.936615983e+20
3.899309169e+20
3.860879339e+20
5.352610427e+20
6.056031725e+20
5.246184254e+20
5.192949483e+20
2.937166197e+20
5.813902336e+20
4.315331211e+20
6.405328871e+20
4.225674184e+20
5.574344728e+20
3.447384786e+20
4.092216518e+20
3.374211879e+20
3.337287942e+20
3.301994241e+20
4.571559306e+20
3.230834696e+20
5.750301674e+20
5.689479577e+20
5.62501583e+20
4.328844401e+20
3.667992322e+20
3.629432748e+20
5.381325317e+20
4.733377421e+20
4.09353194e+20
2.893574383e+20
4.575482948e+20
3.396240318e+20
4.474928749e+20
4.982872524e+20
4.923779437e+20
4.873999392e+20
4.815896243e+20
5.827259858e+20
4.187251178e+20
4.145915107e+20
3.584050731e+20
4.563184856e+20
3.506309086e+20
4.960929674e+20
4.90086806e+20
4.854544523e+20
3.836489883e+20
3.800816379e+20
3.28524954e+20
4.650321784e+20
4.134270383e+20
4.552407359e+20
3.597463676e+20
4.011508423e+20
3.522203018e+20
4.801219563e+20
4.311355425e+20
4.702384827e+20
6.679310057e+20
4.45014077e+20
8.886269369e+20
2.219043442e+20
4.425954096e+20
8.836961244e+20
2.200760183e+20
2.195775453e+20
2.18504968e+20
8.715209475e+20
6.498040453e+20
2.158509379e+20
2.143850201e+20
6.405343935e+20
2.118784142e+20
4.217721311e+20
8.364239989e+20
2.080008424e+20
6.182812017e+20
8.195326574e+20
8.114740727e+20
4.031222014e+20
9.972883889e+20
1.980628882e+20
3.917769607e+20
1.944164484e+20
3.843754104e+20
5.719468959e+20
5.651438148e+20
0
1.844939297e+20
3.657077022e+20
5.416470474e+20
5.366221227e+20
1.765682697e+20
1.74868456e+20
1.725717103e+20
5.125698128e+20
1.685775645e+20
5.005683045e+20
0
8.144133633e+20
1.60660348e+20
4.768505722e+20
3.13529466e+20
4.652122338e+20
4.587796838e+20
6.050189184e+20
4.474662106e+20
4.425328624e+20
5.818376181e+20
4.315405776e+20
5.673810283e+20
2.805368444e+20
6.915917035e+20
1.367803057e+20
1.348829616e+20
2.667723608e+20
3.946272043e+20
1.300887376e+20
3.848970906e+20
2.537796066e+20
3.754632389e+20
6.189522281e+20
4.884376437e+20
4.83164299e+20
2.38328549e+20
5.894576741e+20
3.48956189e+20
1.150911878e+20
4.542882244e+20
6.743339346e+20
6.655389487e+20
4.391342242e+20
4.334825132e+20
2.145464561e+20
3.177384127e+20
3.145683617e+20
3.106434562e+20
3.075905167e+20
2.025472885e+20
8.023454899e+20
1.981762629e+20
4.907143309e+20
1.939780863e+20
3.843073889e+20
3.798963335e+20
4.70463613e+20
5.582455357e+20
5.531283991e+20
4.559360966e+20
2.710813601e+20
6.258744672e+20
1.772149479e+20
5.262531931e+20
4.346337455e+20
6.886369787e+20
4.265797035e+20
7.606860747e+20
4.188638053e+20
6.624657657e+20
8.827477814e+20
6.610245256e+20
1.100459372e+21
8.779750446e+20
0
4.365758978e+20
2.177947091e+20
2.167371299e+20
0
6.445734159e+20
2.141152434e+20
4.253389866e+20
2.118050624e+20
0
6.276367058e+20
4.14912243e+20
8.254497209e+20
2.044806572e+20
0
4.025886497e+20
1.000001422e+21
0
7.86173476e+20
1.943966169e+20
9.646966469e+20
5.722154605e+20
9.460747823e+20
3.739503802e+20
1.112375866e+21
3.662622845e+20
3.630135462e+20
3.584587553e+20
5.327104788e+20
7.011654738e+20
3.472144725e+20
6.853476018e+20
6.785491567e+20
6.695360047e+20
6.627109884e+20
3.268978263e+20
4.85232543e+20
4.786383189e+20
6.314013616e+20
4.670649658e+20
6.160328745e+20
9.11319852e+20
9.01368843e+20
4.444517323e+20
4.395565979e+20
7.224409634e+20
4.286635416e+20
4.227184818e+20
2.786820939e+20
5.496395793e+20
2.717661756e+20
5.360148285e+20
6.625882667e+20
3.920726852e+20
5.169898286e+20
2.549477056e+20
7.564461313e+20
6.217708822e+20
8.609961616e+20
1.213327631e+20
4.800927883e+20
5.92049516e+20
4.685819173e+20
4.62341461e+20
6.86194237e+20
6.771508395e+20
6.700972817e+20
5.511408836e+20
2.181913329e+20
5.384655683e+20
3.19807355e+20
6.315100008e+20
5.21006991e+20
4.116080531e+20
5.094524529e+20
4.025686746e+20
3.98670306e+20
6.89290178e+20
3.901216102e+20
5.783003186e+20
4.77383225e+20
7.550399525e+20
3.740157459e+20
3.698302206e+20
6.412692197e+20
4.530688124e+20
2.693763325e+20
2.665389392e+20
4.402411378e+20
6.972233873e+20
5.182553444e+20
5.131880559e+20
5.934095409e+20
3.359174526e+20
4.161833478e+20
8.761189825e+20
8.755855484e+20
0
4.366175449e+20
4.3543798e+20
1.086765789e+21
6.49586102e+20
0
6.449930041e+20
2.143858897e+20
4.26284215e+20
8.496289611e+20
8.439248166e+20
8.405028776e+20
2.085366385e+20
0
2.05832075e+20
6.142488831e+20
4.057852703e+20
8.068271757e+20
7.989774954e+20
1.984634552e+20
3.928275576e+20
3.900939751e+20
9.646365274e+20
1.914844866e+20
7.572438439e+20
3.75604718e+20
1.855899432e+20
5.520779307e+20
1.8178834e+20
5.405381932e+20
0
7.051405989e+20
1.740328031e+20
1.723640791e+20
5.103589081e+20
5.05305762e+20
3.324144407e+20
4.935477579e+20
1.623116344e+20
3.212429884e+20
1.584472136e+20
4.702968188e+20
4.638797767e+20
4.588804625e+20
3.017215407e+20
7.460769634e+20
5.886367972e+20
4.366200998e+20
5.741194565e+20
8.516492268e+20
5.599176681e+20
4.152775612e+20
6.825665204e+20
5.399902558e+20
2.662716831e+20
1.316603637e+20
6.492517092e+20
3.852509636e+20
5.066368887e+20
8.768852475e+20
6.178205415e+20
3.666555062e+20
4.822637288e+20
4.770600826e+20
1.176650229e+20
3.49226421e+20
3.445835709e+20
5.682465675e+20
6.729228085e+20
4.439423546e+20
4.381673992e+20
4.336653746e+20
5.351200891e+20
1.059400118e+20
5.229936609e+20
4.142192052e+20
4.090568534e+20
4.050349654e+20
5.000925959e+20
5.942983396e+20
1.95719166e+20
6.784787499e+20
3.831409877e+20
3.795355812e+20
1.875865819e+20
3.716898929e+20
2.756443726e+20
6.372724236e+20
5.402848396e+20
3.569234922e+20
2.648672006e+20
6.124719737e+20
6.928318768e+20
4.291598502e+20
1.699800065e+20
1.684730288e+20
4.172247042e+20
4.962443743e+20
0
4.342693013e+20
4.335972372e+20
2.165543304e+20
4.319453786e+20
4.312213244e+20
1.073987912e+21
0
6.398577137e+20
2.126804133e+20
2.114535933e+20
2.107262711e+20
6.279585272e+20
4.169455941e+20
6.207149146e+20
2.059430415e+20
2.042332584e+20
4.063236781e+20
2.013290886e+20
2.001552579e+20
3.96436219e+20
3.939001287e+20
3.898528098e+20
5.807196579e+20
0
0
7.516185767e+20
7.456427878e+20
1.842250711e+20
1.826760752e+20
0
3.577425917e+20
1.766471392e+20
3.50037209e+20
3.455843632e+20
1.711385992e+20
3.378390914e+20
6.690005361e+20
4.951406117e+20
3.267405457e+20
3.223801453e+20
4.785428561e+20
6.294534192e+20
6.22782715e+20
6.143169822e+20
0
5.993946545e+20
5.928648324e+20
1.461810009e+20
7.228709607e+20
4.277524925e+20
5.64030721e+20
4.171943528e+20
8.251356242e+20
6.781416893e+20
5.364940277e+20
3.968374349e+20
3.924422847e+20
2.580410635e+20
3.827913681e+20
3.775648119e+20
2.489490052e+20
3.683520479e+20
2.428948135e+20
5.990436664e+20
3.555490883e+20
3.507883671e+20
3.470440258e+20
3.424380995e+20
5.647091999e+20
5.572893735e+20
3.308908502e+20
2.177280335e+20
2.154908572e+20
3.190895544e+20
7.370002789e+20
5.197692432e+20
4.11664718e+20
7.114398976e+20
3.019043336e+20
2.982076538e+20
4.921974158e+20
2.917699876e+20
5.77968751e+20
2.855834567e+20
2.828953804e+20
2.796415113e+20
7.387855762e+20
1.826249895e+20
3.619000801e+20
3.579528725e+20
4.433830381e+20
5.264326033e+20
4.347532443e+20
4.303095878e+20
4.264742837e+20
3.378218926e+20
5.859488573e+20
3.316691095e+20
2.465544309e+20
4.310625404e+20
8.616041824e+20
2.150695577e+20
6.444835881e+20
6.427625385e+20
2.138958831e+20
2.130939247e+20
6.378473296e+20
2.116011832e+20
4.220037149e+20
0
4.18143398e+20
6.230513537e+20
4.136913533e+20
6.158959197e+20
6.130393844e+20
8.106363526e+20
6.047954604e+20
3.995789119e+20
3.972548171e+20
5.901449787e+20
3.909191593e+20
3.869227769e+20
0
3.801086469e+20
3.772792876e+20
1.865190673e+20
5.551185249e+20
5.486403828e+20
5.440375001e+20
8.958047892e+20
1.775820507e+20
0
3.475402576e+20
0
8.496521108e+20
3.354725372e+20
1.660815746e+20
4.917078301e+20
3.244809441e+20
6.403356175e+20
4.752667099e+20
3.125884471e+20
4.639207703e+20
4.576379748e+20
6.036249788e+20
2.977000932e+20
8.833818966e+20
7.260786066e+20
7.181054282e+20
2.833016897e+20
5.603441217e+20
2.763240528e+20
6.831553281e+20
5.390190863e+20
7.995641728e+20
3.943002096e+20
3.899359069e+20
6.410063006e+20
1.267876598e+20
3.751824072e+20
4.947588264e+20
2.440274234e+20
2.413719607e+20
4.762439439e+20
3.533311358e+20
5.810151396e+20
4.598516504e+20
4.537589059e+20
4.489724805e+20
3.32311594e+20
2.192336089e+20
4.327780831e+20
2.141655322e+20
2.11420925e+20
4.185581114e+20
7.232180774e+20
3.068561585e+20
3.030361264e+20
3.000553714e+20
3.951764953e+20
3.913468653e+20
4.833056292e+20
7.659042714e+20
2.838328999e+20
5.623212297e+20
3.705659961e+20
4.589048774e+20
3.6300214e+20
2.697541949e+20
4.44679334e+20
2.643875563e+20
3.487811402e+20
5.184723448e+20
3.421063762e+20
6.78115391e+20
3.357104989e+20
4.991043652e+20
4.119812267e+20
2.450063619e+20
8.552944412e+20
0
1.066839293e+21
4.262574112e+20
2.125628024e+20
2.122081645e+20
4.228341585e+20
8.437750737e+20
6.29828604e+20
0
4.163111431e+20
2.074429071e+20
6.182202796e+20
6.157312762e+20
2.03717058e+20
0
6.033269964e+20
6.001770335e+20
3.965463857e+20
1.971227077e+20
1.952345014e+20
7.759659398e+20
5.760546872e+20
1.906915026e+20
1.886496826e+20
0
3.703075496e+20
3.673766892e+20
1.815546794e+20
1.80034825e+20
5.336266277e+20
7.052450296e+20
0
5.17618016e+20
3.407265129e+20
5.062175525e+20
3.331389077e+20
1.649292312e+20
1.627741065e+20
6.445047615e+20
4.769784444e+20
0
6.209580869e+20
3.071980947e+20
3.030530957e+20
4.496995096e+20
4.435939541e+20
5.850298127e+20
1.442631062e+20
8.560827813e+20
2.814593292e+20
4.175290514e+20
2.745418274e+20
4.072530365e+20
4.016771591e+20
5.296356557e+20
2.611968148e+20
5.166151206e+20
6.369616374e+20
2.519768049e+20
4.97106506e+20
3.68744234e+20
4.850120496e+20
1.199340421e+20
4.732900577e+20
4.68187578e+20
9.238845628e+20
3.42760055e+20
4.509684276e+20
5.577649621e+20
3.302748405e+20
4.357799826e+20
7.527324636e+20
5.321410246e+20
8.405256199e+20
1.04001186e+20
3.080629394e+20
6.099736696e+20
6.02384314e+20
2.982289186e+20
4.909654962e+20
1.944825726e+20
2.882185144e+20
3.806205131e+20
9.403455777e+19
4.657449924e+20
3.683045857e+20
2.736620381e+20
5.411726991e+20
5.362075506e+20
3.53561169e+20
7.00707844e+20
5.199509666e+20
4.294004865e+20
5.099873342e+20
2.527216427e+20
2.502190003e+20
4.133381745e+20
8.188172048e+19
3.246368156e+20
6.36428392e+20
4.24031154e+20
2.116928769e+20
6.343686486e+20
2.108979205e+20
4.210937417e+20
6.292992544e+20
4.185957049e+20
2.083103431e+20
0
4.130896827e+20
4.116785952e+20
6.134635483e+20
8.146658491e+20
0
2.012264327e+20
3.991648839e+20
3.970857385e+20
9.838988557e+20
3.912812661e+20
5.813283843e+20
7.701811181e+20
5.717893239e+20
9.464129075e+20
0
5.576342818e+20
5.514249737e+20
3.647135406e+20
1.802483058e+20
5.362279083e+20
7.064337627e+20
7.002340909e+20
3.458206866e+20
5.139775828e+20
6.766968902e+20
0
4.962562807e+20
3.275855368e+20
3.233220732e+20
4.800813307e+20
4.737494931e+20
1.562823908e+20
3.083979182e+20
6.102870612e+20
3.010412785e+20
1.489067631e+20
4.406766512e+20
1.452973628e+20
4.299687236e+20
5.670083288e+20
4.194611643e+20
4.148352261e+20
1.363912223e+20
6.744111158e+20
3.991229067e+20
5.262718084e+20
5.190958162e+20
3.850179835e+20
6.329676967e+20
2.503983177e+20
4.940088939e+20
3.664482994e+20
3.615052187e+20
4.767656633e+20
3.527794413e+20
4.653029639e+20
8.034384247e+20
5.677624799e+20
3.361590456e+20
4.434851974e+20
4.376838688e+20
7.579695992e+20
4.275197299e+20
6.34689584e+20
4.177150399e+20
1.033705853e+20
4.0826417e+20
1.010467161e+20
3.991606572e+20
2.964245667e+20
6.831954027e+20
4.832652998e+20
5.729500071e+20
3.783171111e+20
9.346512982e+19
9.258471263e+19
4.57588261e+20
2.72001548e+20
3.585884555e+20
2.664734281e+20
4.392568525e+20
4.352718498e+20
5.167696353e+20
3.414185867e+20
2.534270416e+20
5.860617488e+20
3.315659114e+20
3.286303263e+20
3.254943266e+20
3.226237611e+20
8.419528125e+20
6.310873162e+20
2.100439882e+20
4.19619543e+20
8.37035664e+20
6.267341591e+20
8.325653311e+20
6.230322676e+20
6.201090345e+20
4.122429733e+20
4.099176956e+20
4.085205816e+20
8.117059425e+20
8.084528958e+20
2.006258902e+20
5.991056274e+20
3.961577715e+20
3.940990692e+20
3.906173571e+20
3.883613565e+20
0
5.733614324e+20
1.891955538e+20
3.757886546e+20
5.577053447e+20
3.690548381e+20
1.824822871e+20
3.620887249e+20
7.15842391e+20
7.098754566e+20
7.014370543e+20
8.691173223e+20
0
3.402586658e+20
3.360033422e+20
3.328122399e+20
4.928515679e+20
6.506874412e+20
3.211261719e+20
3.178858454e+20
4.705639652e+20
4.657020002e+20
6.126890131e+20
4.546743991e+20
5.98111992e+20
2.958535222e+20
1.459324896e+20
1.443497949e+20
8.543693112e+20
5.633428167e+20
4.167683585e+20
5.495679175e+20
4.065682018e+20
5.360979349e+20
2.644006226e+20
2.614752104e+20
3.868795343e+20
7.65210499e+20
6.290235303e+20
2.488394841e+20
4.909496468e+20
2.427871857e+20
4.790388761e+20
3.553737887e+20
5.843635832e+20
5.780670971e+20
4.563076369e+20
6.771611175e+20
2.227445918e+20
2.203957745e+20
2.175168844e+20
3.228773484e+20
5.31172727e+20
5.257139963e+20
3.113984809e+20
3.082427568e+20
5.072595942e+20
2.008771272e+20
5.951414637e+20
4.910698616e+20
2.910381742e+20
1.921438147e+20
5.695049195e+20
4.700517755e+20
4.645127836e+20
5.521633341e+20
5.457953539e+20
3.604814492e+20
2.673162143e+20
4.414379825e+20
4.365949031e+20
3.461069356e+20
4.280224978e+20
1.696711736e+20
5.037590969e+20
5.824838898e+20
4.942976372e+20
2.449613509e+20
3.234868429e+20
5.611121574e+20
6.26577657e+20
0
6.252617629e+20
2.081887679e+20
8.305807611e+20
4.146022285e+20
2.065412333e+20
0
6.153608833e+20
4.090889634e+20
6.101910759e+20
0
0
8.023339899e+20
3.9823044e+20
0
5.897934429e+20
1.955784964e+20
1.938594181e+20
7.709694065e+20
9.546189114e+20
5.691498213e+20
3.756302185e+20
7.461051543e+20
3.691152676e+20
1.282373622e+21
1.811752454e+20
3.595014205e+20
1.776911582e+20
3.524262366e+20
3.482552672e+20
1.72605711e+20
3.410115119e+20
3.378988038e+20
5.005357853e+20
9.915816915e+20
6.526576731e+20
4.84698569e+20
6.379197943e+20
4.736199814e+20
3.116139938e+20
3.083991629e+20
7.607956464e+20
3.011157606e+20
2.970967267e+20
5.878382968e+20
5.799408867e+20
7.170725316e+20
7.073940161e+20
8.395865891e+20
6.901831767e+20
2.730336851e+20
5.386609441e+20
3.995327531e+20
1.313702108e+20
2.598353469e+20
3.844676583e+20
6.33704277e+20
5.001025708e+20
4.945998781e+20
2.439640283e+20
7.238822942e+20
7.141606856e+20
2.354668313e+20
4.646442393e+20
4.596390744e+20
4.535415496e+20
6.730576029e+20
2.213995948e+20
3.285978185e+20
5.405194593e+20
3.209342551e+20
1.055969058e+20
2.090233402e+20
4.127110621e+20
4.085282016e+20
4.03380565e+20
2.995130628e+20
2.957924812e+20
4.881343003e+20
3.857324634e+20
4.774885084e+20
1.887003381e+20
2.803447079e+20
3.693868618e+20
2.744292169e+20
4.521037283e+20
4.479004911e+20
5.314212184e+20
2.632715042e+20
3.471720182e+20
5.160327319e+20
5.10522351e+20
4.216140088e+20
5.00701679e+20
4.13535322e+20
4.912836176e+20
4.869367602e+20
4.018799621e+20
5.576753556e+20
0
8.285292567e+20
6.204662659e+20
8.26370481e+20
1.030280815e+21
4.11430952e+20
8.198621914e+20
4.090213785e+20
2.035616308e+20
2.029914244e+20
2.018588255e+20
4.023477102e+20
7.994968509e+20
5.972302591e+20
7.905085194e+20
7.868841234e+20
7.805549078e+20
5.82387777e+20
5.772945217e+20
5.739755285e+20
7.581154751e+20
5.649996315e+20
7.45818653e+20
7.407121077e+20
0
1.818841134e+20
3.59773588e+20
5.354262434e+20
5.293188033e+20
3.499500372e+20
1.729131836e+20
3.428098027e+20
6.773134751e+20
8.389286249e+20
1.657046634e+20
4.924100757e+20
6.482405325e+20
1.604754479e+20
1.584113267e+20
6.272721233e+20
4.643197224e+20
7.658942873e+20
3.023186388e+20
2.991414879e+20
5.903259254e+20
5.840198105e+20
4.321505163e+20
4.274737792e+20
5.622977317e+20
6.951901941e+20
4.114851537e+20
8.139167023e+20
6.690926063e+20
5.293652837e+20
2.611009398e+20
3.873238866e+20
1.273618894e+20
8.816952098e+20
2.485123378e+20
4.915586539e+20
3.63707574e+20
5.995481563e+20
2.366055191e+20
4.680708415e+20
5.772900868e+20
2.284292623e+20
3.381065967e+20
5.575029354e+20
1.100353716e+20
4.355012386e+20
6.447430384e+20
3.190144091e+20
4.198674999e+20
5.194403625e+20
6.15380646e+20
2.030476926e+20
3.007367361e+20
2.977318751e+20
5.88070715e+20
3.881869019e+20
4.793019581e+20
6.645122335e+20
6.565271501e+20
5.573567946e+20
6.42582401e+20
2.727964302e+20
7.190567526e+20
3.561850928e+20
6.162897457e+20
4.361653758e+20
5.176399627e+20
5.984329398e+20
3.383033411e+20
5.02897071e+20
5.806280076e+20
6.576658813e+20
4.069217763e+20
3.226579967e+20
5.592042e+20
3.959145702e+20
0
6.166625026e+20
8.209916906e+20
4.100415222e+20
4.089825428e+20
2.041539105e+20
6.102411658e+20
6.088897924e+20
2.020264764e+20
2.014617734e+20
0
3.993307054e+20
7.935290073e+20
9.879623829e+20
1.961611172e+20
1.952637313e+20
7.748045512e+20
5.781040239e+20
3.820489554e+20
9.496434436e+20
3.763083806e+20
0
3.702275688e+20
3.676982332e+20
5.457804584e+20
3.611813142e+20
1.786165392e+20
3.544361743e+20
5.256166537e+20
1.737541956e+20
6.868622261e+20
3.404413683e+20
3.363342608e+20
3.332759372e+20
3.291591082e+20
8.151251665e+20
3.219413899e+20
3.187986695e+20
0
1.55776749e+20
3.075062239e+20
4.565146739e+20
0
2.971929352e+20
4.398813137e+20
8.703759184e+20
7.156355301e+20
8.494789448e+20
2.793631023e+20
1.381563064e+20
2.725956431e+20
2.695991879e+20
5.319295499e+20
2.630309885e+20
6.487044791e+20
2.566165628e+20
2.531553411e+20
2.503634224e+20
2.469922172e+20
3.664159509e+20
1.204987748e+20
2.383623464e+20
4.703499725e+20
2.326213083e+20
3.442903012e+20
4.541114138e+20
6.721631642e+20
2.21665996e+20
3.281366222e+20
5.411292742e+20
6.409088765e+20
3.171173958e+20
6.260659055e+20
4.130874901e+20
4.078255544e+20
4.036913725e+20
2.989593098e+20
4.932862457e+20
1.94865991e+20
3.858937796e+20
4.764721507e+20
3.774785546e+20
3.729425544e+20
3.69375704e+20
2.737642521e+20
7.231545543e+20
1.786996443e+20
7.966689556e+20
6.126320095e+20
4.335760247e+20
5.14559015e+20
5.098890984e+20
2.522121554e+20
1.666312133e+20
4.946968444e+20
2.45146161e+20
4.853645191e+20
4.008939608e+20
3.176102664e+20
3.148151576e+20
4.082402319e+20
1.019999435e+21
6.110926148e+20
4.069452807e+20
4.058999395e+20
6.078476216e+20
6.05655653e+20
4.028781605e+20
2.005143033e+20
1.999550034e+20
5.965535468e+20
1.981793049e+20
1.969123994e+20
1.961301692e+20
9.735834722e+20
1.938278642e+20
3.845691505e+20
1.912942763e+20
3.792757496e+20
0
1.867993096e+20
3.712521459e+20
3.675841071e+20
1.825391439e+20
1.806393394e+20
5.379464027e+20
0
5.279350535e+20
5.219659313e+20
6.902011611e+20
1.705344053e+20
6.762108717e+20
5.010651326e+20
3.310116164e+20
3.269392408e+20
1.619283314e+20
3.197916126e+20
3.166751155e+20
1.563164776e+20
3.094984087e+20
4.582390279e+20
3.023548398e+20
1.491986057e+20
5.905392067e+20
5.827399678e+20
7.206621925e+20
5.688631781e+20
2.813599486e+20
5.551997614e+20
5.491427474e+20
2.708894788e+20
2.679141387e+20
7.929398256e+20
5.227996407e+20
3.868239017e+20
6.375922298e+20
3.774091505e+20
3.732493092e+20
6.137264511e+20
2.427935214e+20
1.197705999e+20
2.369230251e+20
5.84404119e+20
2.312241821e+20
1.140771572e+20
4.513971426e+20
6.681613596e+20
2.20346711e+20
4.349206549e+20
5.379205112e+20
4.247466981e+20
3.152428103e+20
4.149164056e+20
6.159776357e+20
7.094953598e+20
3.009867412e+20
2.9720277e+20
4.903871807e+20
4.843050048e+20
3.836275904e+20
4.736755617e+20
4.690777117e+20
3.707527585e+20
5.508090062e+20
6.350287683e+20
5.391769186e+20
1.776476345e+20
7.039798831e+20
3.480099629e+20
5.172206834e+20
5.967669462e+20
3.379145429e+20
4.178579965e+20
3.312839134e+20
4.917481165e+20
3.24913652e+20
1.608193785e+20
5.578922953e+20
3.15698569e+20
3.911521405e+20
4.051756965e+20
6.074068051e+20
4.043408013e+20
0
8.057269145e+20
4.022016763e+20
6.011385397e+20
3.998752359e+20
3.980491988e+20
0
3.947614439e+20
5.901456425e+20
1.954641676e+20
3.893786938e+20
5.798801641e+20
7.696518404e+20
3.817771625e+20
1.899076106e+20
3.765425137e+20
3.743919837e+20
5.563914066e+20
7.372059224e+20
3.64978127e+20
3.62495414e+20
3.587399079e+20
0
3.522581977e+20
5.242675198e+20
1.72788524e+20
0
5.081081769e+20
6.716026818e+20
6.635671565e+20
6.575557123e+20
8.118727864e+20
1.608462864e+20
4.76505533e+20
1.572898324e+20
6.21158774e+20
7.686756338e+20
6.070106884e+20
3.003923738e+20
2.964744011e+20
1.466855028e+20
0
2.864281559e+20
1.413160145e+20
4.193744721e+20
1.379293884e+20
2.728519427e+20
5.384090786e+20
6.656250563e+20
1.313410794e+20
3.896831381e+20
3.844545023e+20
1.267382751e+20
6.251892651e+20
4.94641846e+20
3.660106384e+20
3.619914881e+20
8.333582105e+20
3.532514727e+20
5.809129877e+20
2.298437381e+20
4.535961588e+20
3.365363442e+20
4.428046156e+20
8.761721478e+20
4.323564113e+20
1.069499157e+20
5.278131258e+20
2.08926838e+20
4.124843894e+20
3.06183435e+20
7.053451282e+20
7.979354719e+20
9.848891697e+19
2.925131955e+20
3.851827326e+20
6.674287593e+20
5.650939315e+20
7.461433191e+20
6.45029924e+20
4.563270561e+20
4.509415416e+20
4.466876696e+20
3.532158771e+20
5.248938103e+20
4.324609022e+20
3.427907778e+20
5.085058503e+20
4.199083583e+20
2.492351148e+20
7.409896957e+20
1.629447777e+20
4.844832525e+20
4.79586352e+20
3.168988677e+20
3.13809747e+20
5.443390876e+20
6.032352412e+20
2.009607905e+20
6.019979723e+20
2.004454949e+20
3.998720687e+20
3.992165825e+20
1.988961023e+20
5.953751187e+20
3.951137349e+20
3.940161669e+20
5.877955482e+20
1.952725973e+20
1.940370828e+20
3.865390789e+20
5.756722149e+20
5.730556902e+20
3.790254223e+20
0
1.86924195e+20
3.717178428e+20
7.365890218e+20
9.14978292e+20
3.624088369e+20
5.399232454e+20
3.56236569e+20
7.072734497e+20
8.74555897e+20
0
1.71604847e+20
1.701918451e+20
3.364403779e+20
6.670568738e+20
9.886623167e+20
6.531480839e+20
3.225881358e+20
4.79335819e+20
6.311541086e+20
4.687676449e+20
1.542763105e+20
6.109370129e+20
7.53859232e+20
5.969104376e+20
4.418643188e+20
7.287416704e+20
2.876732513e+20
4.269220387e+20
0
5.556566374e+20
0
1.355769563e+20
2.675404309e+20
1.323032258e+20
5.22142101e+20
5.16394868e+20
2.547426351e+20
7.558055549e+20
4.971276329e+20
0
3.638121386e+20
2.398793901e+20
3.550210114e+20
5.852397682e+20
5.774633195e+20
6.854390376e+20
5.636446826e+20
3.345485934e+20
5.50249183e+20
4.35509397e+20
4.298222275e+20
8.505852965e+20
5.247293395e+20
6.231187001e+20
2.050403587e+20
9.131972834e+20
3.005327863e+20
1.983235652e+20
2.937508949e+20
5.816281088e+20
6.701584811e+20
3.791741351e+20
7.49087562e+20
4.636332181e+20
4.580617722e+20
5.444132773e+20
5.3798628e+20
6.217284739e+20
3.511606833e+20
3.47892461e+20
6.019147517e+20
2.555935246e+20
4.212769682e+20
4.17452602e+20
4.129546582e+20
4.910948045e+20
3.239699178e+20
3.210866892e+20
3.178323694e+20
3.937807179e+20
2.339575442e+20
2.319017537e+20
3.991826114e+20
5.984248428e+20
1.99183805e+20
1.989654498e+20
3.969247768e+20
1.981377362e+20
5.923034801e+20
0
0
1.955669588e+20
1.945040928e+20
0
3.852613708e+20
5.756108714e+20
3.810165976e+20
1.896442314e+20
1.881565329e+20
0
3.711925447e+20
3.690816316e+20
7.313970737e+20
5.451246305e+20
3.598754673e+20
5.361566657e+20
3.537679253e+20
3.511914202e+20
1.737099879e+20
3.44722151e+20
5.11311831e+20
3.380732703e+20
5.012594267e+20
3.312860948e+20
4.910315932e+20
6.487991511e+20
4.8068359e+20
0
1.097289062e+21
7.761771774e+20
4.598282036e+20
1.062224293e+21
2.996072361e+20
4.448143322e+20
5.854043514e+20
4.344691932e+20
5.717196795e+20
4.242360715e+20
2.791003689e+20
2.760955431e+20
5.448825575e+20
4.042153295e+20
3.988451547e+20
3.944745718e+20
5.189591693e+20
1.026501943e+21
2.532011526e+20
3.756186783e+20
2.470700979e+20
4.887029653e+20
4.821865232e+20
4.768968013e+20
5.881896975e+20
4.65414999e+20
4.592435042e+20
1.135658577e+20
6.724002384e+20
2.217227907e+20
4.376245545e+20
8.659257063e+20
6.409763668e+20
7.399259807e+20
3.13008827e+20
6.194994241e+20
2.038524485e+20
3.026354306e+20
4.979918875e+20
4.929417056e+20
3.894064702e+20
3.855127188e+20
4.759230779e+20
5.654789373e+20
3.723834855e+20
2.765748556e+20
5.465024895e+20
4.510589912e+20
6.240255267e+20
4.415258621e+20
3.491292674e+20
2.594094656e+20
4.274465544e+20
2.541113575e+20
6.701245949e+20
2.490152417e+20
5.747642473e+20
4.068585749e+20
4.831091442e+20
5.58611929e+20
4.739441422e+20
3.91465402e+20
3.876238827e+20
4.610634174e+20
1.981260325e+20
3.960218303e+20
3.954467091e+20
1.975071012e+20
3.940206135e+20
1.966886904e+20
9.799710464e+20
5.866937721e+20
5.840562105e+20
1.941467649e+20
5.792909812e+20
3.848998456e+20
1.147467172e+21
5.7147347e+20
3.782912718e+20
3.765790681e+20
5.604588799e+20
0
5.528612518e+20
3.66482549e+20
1.815694514e+20
1.804387508e+20
3.573772701e+20
3.549615162e+20
3.513332604e+20
1.743898503e+20
3.450503642e+20
1.02712883e+21
5.078564626e+20
8.394850093e+20
3.319358823e+20
3.290737023e+20
4.877757839e+20
6.445077493e+20
0
1.57685212e+20
4.672082085e+20
1.542282311e+20
1.522887118e+20
1.0553977e+21
8.930864754e+20
1.473274538e+20
8.725554981e+20
1.439094686e+20
2.840691475e+20
4.215836905e+20
0
4.115763717e+20
1.353820438e+20
5.356409534e+20
2.642731813e+20
3.920691635e+20
7.737222122e+20
7.65217687e+20
5.033564267e+20
6.222700403e+20
4.911884498e+20
7.286800265e+20
4.793245763e+20
2.37034383e+20
4.677753229e+20
4.626709275e+20
2.282741811e+20
3.386993452e+20
2.228244229e+20
3.306427133e+20
3.26309781e+20
4.304459169e+20
6.372629239e+20
5.254571858e+20
2.074674487e+20
6.159219491e+20
3.040173351e+20
4.011894481e+20
2.97077457e+20
2.940644814e+20
3.87171044e+20
6.707733938e+20
1.892772827e+20
4.685286148e+20
6.47933943e+20
3.666509286e+20
5.433672433e+20
4.484703099e+20
6.204420284e+20
4.389894378e+20
2.603409145e+20
5.158339191e+20
5.099792819e+20
8.421542707e+20
6.662513383e+20
4.951515185e+20
5.714310859e+20
2.426994992e+20
5.603459712e+20
3.17348828e+20
5.497012856e+20
3.891771537e+20
3.082764996e+20
5.347480989e+20
3.933642335e+20
3.931364328e+20
9.814208239e+20
5.882099262e+20
1.955793195e+20
5.857820563e+20
3.891495735e+20
3.882982338e+20
7.731229918e+20
9.637352444e+20
7.668404289e+20
1.910689674e+20
3.797563573e+20
5.673951222e+20
3.756046563e+20
5.608621608e+20
3.710031691e+20
7.382252712e+20
3.659924721e+20
9.097995401e+20
5.409222764e+20
3.583738118e+20
5.323702771e+20
3.525193294e+20
5.233978166e+20
8.660021971e+20
5.140692869e+20
5.100931712e+20
0
3.335452646e+20
6.594571315e+20
3.268906633e+20
4.845628658e+20
4.802045583e+20
6.325487602e+20
1.566589514e+20
4.641892035e+20
1.532340125e+20
3.026279894e+20
1.498083274e+20
1.479039949e+20
0
4.335371054e+20
2.860146541e+20
4.234511252e+20
8.379285389e+20
2.7565588e+20
5.453880713e+20
5.382148406e+20
1.330921529e+20
3.940039501e+20
5.195905502e+20
6.408854009e+20
6.338458007e+20
8.756071966e+20
3.711323233e+20
4.882717588e+20
2.414525011e+20
4.764964023e+20
1.178185184e+20
4.650314596e+20
4.599590243e+20
2.269423347e+20
4.489658937e+20
3.322959507e+20
7.670221436e+20
3.244232158e+20
3.209685561e+20
4.223948401e+20
2.0897243e+20
4.125523705e+20
0
2.015174483e+20
3.988916157e+20
2.953794174e+20
1.949222551e+20
2.887208525e+20
3.81110722e+20
3.763955789e+20
5.590267595e+20
6.442394051e+20
4.556993969e+20
5.402677653e+20
2.675467035e+20
6.168994519e+20
1.745927956e+20
7.765563107e+20
4.274025491e+20
2.535282934e+20
5.023960037e+20
2.484084745e+20
4.923056471e+20
1.623246745e+20
4.021669629e+20
3.183443392e+20
3.943904296e+20
4.68433147e+20
2.321493007e+20
4.597127889e+20
4.556792316e+20
1.952590949e+20
7.805855541e+20
5.845973243e+20
1.946536125e+20
7.766758817e+20
1.163119598e+21
3.863515516e+20
1.927539859e+20
3.837924328e+20
5.741021135e+20
3.806860016e+20
0
3.770624281e+20
5.633745725e+20
5.594338984e+20
3.712747682e+20
3.684040204e+20
3.665305742e+20
5.45170038e+20
5.420890132e+20
5.371884668e+20
3.559046228e+20
5.287252553e+20
3.501105181e+20
0
1.720271432e+20
3.404068089e+20
3.377790251e+20
1.670279876e+20
8.283161096e+20
3.275504118e+20
4.871045963e+20
6.418559959e+20
4.770697738e+20
4.71336541e+20
0
3.07472643e+20
3.0450506e+20
6.014067024e+20
1.488577727e+20
1.469721361e+20
1.454750803e+20
4.308306796e+20
4.263492774e+20
7.01385585e+20
0
1.369826612e+20
6.775612987e+20
8.024127068e+20
6.61420012e+20
3.91627154e+20
5.164603895e+20
3.822292702e+20
6.300560615e+20
6.217166052e+20
3.689290957e+20
2.42694751e+20
8.401002864e+20
4.737014068e+20
4.685121385e+20
5.778994979e+20
2.286393635e+20
2.256259392e+20
7.811355839e+20
3.303776734e+20
4.357693114e+20
4.300777861e+20
3.19124119e+20
5.249697006e+20
5.194396193e+20
3.07647786e+20
7.103711286e+20
4.007397868e+20
2.974649664e+20
5.874013576e+20
4.845356592e+20
4.784703922e+20
1.89473604e+20
2.806958095e+20
3.705703816e+20
4.575619722e+20
1.812459152e+20
4.47669539e+20
2.660286457e+20
4.381407859e+20
4.340030217e+20
2.573802239e+20
4.249714733e+20
5.041672009e+20
4.995324644e+20
2.469891047e+20
3.263282013e+20
6.455764697e+20
5.598060995e+20
3.956403903e+20
5.489697366e+20
4.657254327e+20
4.616159799e+20
6.855633314e+20
3.020226809e+20
0
5.812349454e+20
3.869354737e+20
3.865151317e+20
5.783364483e+20
7.69863964e+20
7.67186957e+20
5.741362872e+20
5.715941383e+20
1.900073045e+20
1.889952543e+20
1.88365671e+20
3.744064503e+20
3.729404006e+20
7.406886074e+20
1.843391308e+20
5.487615544e+20
7.279687732e+20
3.609360833e+20
3.589003909e+20
1.067011701e+21
3.534692263e+20
5.251298074e+20
6.954688058e+20
1.721131329e+20
3.417392726e+20
1.690657932e+20
0
1.659216666e+20
1.645684741e+20
3.254008464e+20
3.226103398e+20
4.782623572e+20
4.739756518e+20
9.366022367e+20
4.639379717e+20
3.055111663e+20
3.025670811e+20
2.988030387e+20
4.437576143e+20
1.460519459e+20
5.78265008e+20
5.708771131e+20
4.23709668e+20
4.182437931e+20
6.897031334e+20
2.722953742e+20
8.081259646e+20
3.987812522e+20
5.259424283e+20
5.190384823e+20
6.417096462e+20
3.79954697e+20
6.263113703e+20
4.944347367e+20
6.112531211e+20
7.238116102e+20
5.965537498e+20
5.886737619e+20
4.657823878e+20
3.447293869e+20
4.546294862e+20
5.608118182e+20
3.328428677e+20
5.474690277e+20
3.249519553e+20
6.41429561e+20
6.346015176e+20
2.087921157e+20
4.131857815e+20
4.078684667e+20
4.036221415e+20
3.984706684e+20
2.957805166e+20
3.893878854e+20
3.854375946e+20
2.854621129e+20
2.826060893e+20
5.582259783e+20
5.527201608e+20
3.63985887e+20
5.406711985e+20
3.561157953e+20
2.645277176e+20
6.099342923e+20
6.041728753e+20
6.824666357e+20
2.535407382e+20
4.177587982e+20
4.139178193e+20
4.093097716e+20
5.678294167e+20
3.209483375e+20
3.975823183e+20
4.720518761e+20
1.559512057e+20
7.717480695e+20
2.294820898e+20
7.573375026e+20
3.002795631e+20
7.698957777e+20
3.847271188e+20
5.762688483e+20
9.594070065e+20
5.742252778e+20
7.643937208e+20
1.904372524e+20
0
9.459290991e+20
3.773328672e+20
5.629993781e+20
7.481700263e+20
5.576814411e+20
3.703346811e+20
5.516534951e+20
3.661178201e+20
0
5.422099954e+20
1.79229961e+20
7.128844923e+20
3.532489209e+20
5.266003999e+20
1.738609763e+20
3.453903225e+20
6.8384147e+20
5.091828065e+20
5.038298645e+20
6.666071939e+20
3.296598097e+20
4.904643002e+20
3.232793102e+20
1.602559699e+20
1.583910492e+20
3.139476041e+20
3.10203028e+20
0
3.035745569e+20
3.006536141e+20
4.453898904e+20
2.939847964e+20
4.354296198e+20
5.746748348e+20
0
5.614700563e+20
2.771252406e+20
4.112977351e+20
2.70645661e+20
5.354921461e+20
3.963852921e+20
3.920903738e+20
2.579723756e+20
5.103118631e+20
0
2.490443715e+20
6.14413385e+20
3.646001965e+20
5.996573512e+20
4.744614982e+20
2.341043217e+20
2.31542131e+20
4.569896683e+20
1.130026913e+20
3.345576568e+20
3.309354572e+20
5.443446722e+20
3.230983187e+20
4.251895669e+20
5.258301939e+20
5.190247313e+20
3.081349915e+20
4.055661736e+20
4.013439357e+20
2.971703267e+20
4.901917274e+20
4.83999672e+20
3.832712897e+20
4.731002898e+20
4.683663054e+20
3.700638927e+20
1.832066408e+20
6.334043361e+20
4.480325389e+20
6.19707576e+20
2.630436309e+20
1.732886749e+20
4.291286133e+20
3.393148216e+20
5.042296277e+20
2.492430521e+20
7.408533166e+20
7.325954276e+20
3.226406567e+20
3.9891162e+20
7.115921497e+20
3.129107968e+20
6.202564924e+20
4.604028404e+20
4.563426725e+20
2.258965496e+20
5.971129012e+20
7.64443814e+20
7.640067879e+20
5.721929697e+20
3.810493944e+20
9.50286907e+20
3.795003332e+20
0
5.660590714e+20
0
1.87344355e+20
0
5.572134043e+20
1.846025927e+20
5.516476815e+20
5.478438882e+20
3.635926974e+20
5.412308755e+20
0
8.900437604e+20
5.310263168e+20
1.052580085e+21
0
0
3.430776334e+20
8.491147061e+20
3.372014652e+20
3.33671181e+20
1.655550317e+20
6.550096666e+20
1.624218186e+20
4.81777888e+20
4.776609916e+20
4.721235897e+20
3.11937514e+20
4.62346071e+20
4.580523113e+20
4.524935172e+20
4.481462956e+20
2.950735691e+20
5.843085336e+20
4.327371174e+20
2.85564483e+20
1.409701396e+20
8.370546079e+20
2.754419853e+20
2.725361306e+20
4.035237256e+20
5.322728286e+20
5.253572679e+20
3.89752151e+20
1.282219205e+20
5.072921743e+20
3.754858087e+20
3.713723742e+20
3.664954449e+20
1.2082454e+20
5.961791826e+20
7.075683471e+20
3.491323158e+20
6.906258227e+20
1.135926311e+20
5.617775499e+20
4.435336312e+20
4.387330448e+20
6.495069303e+20
2.141771398e+20
6.341803365e+20
3.137158404e+20
1.03220491e+20
3.064003985e+20
4.032897261e+20
3.990913037e+20
2.955064944e+20
4.87447012e+20
1.925180224e+20
3.811291995e+20
3.763681518e+20
4.657519767e+20
4.600005061e+20
2.732771346e+20
5.398913017e+20
2.673203572e+20
5.282155662e+20
3.487681382e+20
6.031246583e+20
3.413857914e+20
5.06126666e+20
2.507048387e+20
4.95693299e+20
7.367016178e+20
8.094222541e+19
3.208279611e+20
5.553288265e+20
6.289616385e+20
3.889257511e+20
3.083741506e+20
3.814890895e+20
3.025006281e+20
4.492134948e+20
5.194927517e+20
5.69301392e+20
3.793179638e+20
5.681743426e+20
1.135122262e+21
3.774505514e+20
1.884207946e+20
3.755505762e+20
3.747367291e+20
5.596527651e+20
5.581220292e+20
7.402565897e+20
0
0
3.652309729e+20
0
3.611021678e+20
0
3.565537427e+20
1.768040723e+20
5.274384121e+20
3.485032291e+20
5.195384912e+20
3.430873305e+20
3.407957093e+20
3.374010997e+20
6.699549103e+20
1.657424091e+20
1.644726065e+20
0
3.227387115e+20
4.786772417e+20
3.163959815e+20
3.1274195e+20
9.298589993e+20
7.657083049e+20
0
4.496611079e+20
2.968983792e+20
2.932435294e+20
2.903463921e+20
5.73436945e+20
2.838132932e+20
2.802231002e+20
5.546444958e+20
1.368895274e+20
2.708938062e+20
5.348109714e+20
1.32272997e+20
2.611191459e+20
1.291472169e+20
1.274666567e+20
3.782310092e+20
6.221509252e+20
3.692038162e+20
4.858238019e+20
2.402478046e+20
3.556446779e+20
3.517459817e+20
5.785522518e+20
5.722258912e+20
5.647265395e+20
4.468627977e+20
5.512740278e+20
4.362473032e+20
5.382017366e+20
2.129691816e+20
3.153084126e+20
5.199226463e+20
5.132129007e+20
6.093704507e+20
5.012983643e+20
2.976478631e+20
2.938611897e+20
5.816794346e+20
2.871722995e+20
7.580218409e+20
3.742795136e+20
4.631666714e+20
5.489397023e+20
3.623484167e+20
2.684490804e+20
2.658378197e+20
2.626430344e+20
3.468331471e+20
2.570470905e+20
6.789799688e+20
3.355418271e+20
2.493105467e+20
1.643105377e+20
4.069978841e+20
1.609801352e+20
3.987944003e+20
6.311047573e+20
3.127184379e+20
3.867379011e+20
7.665994645e+20
5.310672885e+20
3.007923229e+20
3.722193172e+20
3.689610994e+20
1.884420744e+20
3.766700265e+20
3.761411794e+20
3.757360844e+20
3.748234268e+20
1.8710992e+20
1.864720193e+20
3.721373138e+20
7.410432224e+20
3.695100326e+20
1.837898692e+20
3.663644906e+20
5.462196788e+20
3.627315098e+20
5.403803743e+20
1.793227626e+20
1.779680288e+20
0
3.512311766e+20
5.238986658e+20
5.192668213e+20
8.601301516e+20
8.520401058e+20
6.770878805e+20
8.379644863e+20
8.319564743e+20
1.646634604e+20
8.170212178e+20
3.23278312e+20
3.206608892e+20
1.585387502e+20
3.143773917e+20
1.553801381e+20
6.15987153e+20
4.565405739e+20
1.055399601e+21
1.04268252e+21
4.425835819e+20
4.371540744e+20
2.885607544e+20
4.274507876e+20
4.231251755e+20
4.177900678e+20
6.89116964e+20
5.442721661e+20
2.692711568e+20
5.316286371e+20
3.944617042e+20
5.191561311e+20
2.567722553e+20
6.336011911e+20
5.013587538e+20
3.711208212e+20
4.89413916e+20
2.415098785e+20
7.165880608e+20
5.893425031e+20
4.663081865e+20
4.602042557e+20
3.413806754e+20
8.984425649e+20
3.332494033e+20
3.288998708e+20
5.422369625e+20
6.422183632e+20
4.235495457e+20
2.090310458e+20
2.068073486e+20
6.124266271e+20
4.039855303e+20
4.98515808e+20
2.959957935e+20
5.844682097e+20
7.712780325e+20
2.855853018e+20
5.653740864e+20
5.583208935e+20
3.68487927e+20
5.459125563e+20
4.504370229e+20
5.339380249e+20
5.28743271e+20
4.353240718e+20
5.173792628e+20
5.964653982e+20
4.220188962e+20
4.171082763e+20
4.958633551e+20
4.902005296e+20
3.237938969e+20
1.600858668e+20
3.172629965e+20
3.922422761e+20
5.442074742e+20
6.922341509e+20
4.573872312e+20
3.772026825e+20
2.991032039e+20
2.220708304e+20
6.60383458e+20
1.122812366e+21
3.740588023e+20
1.867680281e+20
1.865673054e+20
7.444652399e+20
5.574514777e+20
3.703734333e+20
1.847868562e+20
5.519652325e+20
9.174350184e+20
1.825330193e+20
3.638613167e+20
5.425030759e+20
1.801330122e+20
5.367243604e+20
5.343331241e+20
1.767715267e+20
5.276493997e+20
1.046657854e+21
0
3.438833582e+20
1.708878273e+20
3.385746289e+20
1.681608662e+20
0
3.306162998e+20
3.271969368e+20
1.623496705e+20
1.606028486e+20
6.372193004e+20
0
3.123843957e+20
7.720088942e+20
1.530293856e+20
6.049228764e+20
4.494985944e+20
5.921351357e+20
4.398536919e+20
1.448253575e+20
2.867969459e+20
2.832371748e+20
1.401872833e+20
2.768507388e+20
5.479828932e+20
2.705127129e+20
4.015017464e+20
6.606049388e+20
5.228430116e+20
3.870826033e+20
5.105358252e+20
2.519650212e+20
3.738328426e+20
6.14960274e+20
4.865890673e+20
3.601859211e+20
2.374934491e+20
4.687861022e+20
4.636523321e+20
4.575966001e+20
4.525972678e+20
5.583627262e+20
4.418307704e+20
4.360749711e+20
2.156796872e+20
5.321958999e+20
4.211873733e+20
2.078695365e+20
6.169756357e+20
5.07529786e+20
4.017491314e+20
3.966111771e+20
5.887239243e+20
4.843748981e+20
4.793942398e+20
5.680314962e+20
4.68555281e+20
4.627137732e+20
3.664649749e+20
3.619457425e+20
5.375591259e+20
3.540069005e+20
5.258430712e+20
4.329362389e+20
6.002970241e+20
3.389660631e+20
3.357608442e+20
4.977777255e+20
2.465679769e+20
8.124992373e+20
4.025117198e+20
6.368059165e+20
3.155100599e+20
5.460958217e+20
3.092522777e+20
4.589222691e+20
5.306506309e+20
6.001526381e+20
2.974329497e+20
4.416484503e+20
3.648216501e+20
0
5.572252994e+20
3.709667707e+20
1.111706739e+21
3.69677383e+20
7.381685582e+20
1.839190113e+20
3.670451901e+20
5.482001244e+20
7.289451109e+20
9.064662132e+20
3.613921164e+20
3.592244723e+20
1.789169142e+20
1.777058282e+20
1.769155859e+20
5.267730172e+20
3.494204182e+20
1.039715512e+21
8.615997018e+20
3.416190522e+20
3.39529174e+20
1.681812523e+20
6.682570154e+20
4.962619866e+20
3.28478031e+20
6.501886556e+20
0
1.595797446e+20
6.331689751e+20
1.565367434e+20
6.208330193e+20
4.603069893e+20
9.124443693e+20
4.508790636e+20
1.489059696e+20
7.356211898e+20
2.914381813e+20
2.87887121e+20
1.425272843e+20
7.038200917e+20
4.180293949e+20
5.503896295e+20
1.361779352e+20
4.033628935e+20
6.652087138e+20
7.880643735e+20
2.598867761e+20
2.565498394e+20
3.806716412e+20
6.262666147e+20
3.716718948e+20
4.891415368e+20
6.047458012e+20
4.775076643e+20
3.542097295e+20
2.33064338e+20
4.610265591e+20
3.412637472e+20
5.625616457e+20
2.220937211e+20
3.295177629e+20
4.336441862e+20
6.434343844e+20
5.292429674e+20
5.235642537e+20
5.168021599e+20
4.090448688e+20
6.056822017e+20
2.996530177e+20
4.930423487e+20
2.927460685e+20
5.780667946e+20
3.814150279e+20
4.707722541e+20
9.319876111e+19
3.681504108e+20
9.111602828e+19
1.799857771e+20
5.346261819e+20
4.400955062e+20
2.614872567e+20
2.583446752e+20
6.82309781e+20
3.371151918e+20
5.008902426e+20
1.650185402e+20
3.269589275e+20
4.848281568e+20
4.003055211e+20
3.166536186e+20
6.275527748e+20
2.327511446e+20
3.075478529e+20
5.324474253e+20
4.52327704e+20
2.984092235e+20
5.915624919e+20
3.659858958e+20
5.804584994e+20
1.845756548e+20
7.378869616e+20
3.684325883e+20
3.680382582e+20
7.343139765e+20
7.331379928e+20
1.826685441e+20
9.113775787e+20
0
3.620049746e+20
3.601403873e+20
0
5.352195648e+20
3.554342523e+20
1.765195875e+20
5.272082128e+20
5.232784431e+20
8.677641265e+20
1.032864658e+21
3.423725814e+20
3.393843698e+20
8.432800818e+20
5.012686487e+20
1.659818513e+20
6.574221003e+20
4.895508646e+20
6.46037139e+20
6.411233598e+20
6.342783727e+20
3.145849072e+20
4.666637453e+20
0
7.624078123e+20
1.511305911e+20
2.987337598e+20
2.959809435e+20
0
1.448312366e+20
2.861448731e+20
1.416666173e+20
2.798394018e+20
8.310545124e+20
5.47117164e+20
4.061095582e+20
1.336616954e+20
6.612944635e+20
5.223048825e+20
3.875549417e+20
1.27531034e+20
5.046229909e+20
1.245325278e+20
2.463571908e+20
8.511075145e+20
7.215541229e+20
3.560988953e+20
3.522022998e+20
5.793765105e+20
9.168607189e+20
4.524689502e+20
4.475298926e+20
5.521407403e+20
5.461385129e+20
2.156201753e+20
2.132898828e+20
2.105290493e+20
8.33082402e+20
2.055848167e+20
7.118958244e+20
4.015769262e+20
4.966872528e+20
3.922803559e+20
5.822956377e+20
3.83278923e+20
4.741719306e+20
2.809278349e+20
6.488442572e+20
4.576896783e+20
4.531062271e+20
5.370281777e+20
2.658625344e+20
3.501668502e+20
3.467580552e+20
4.282383067e+20
5.93780654e+20
5.029266352e+20
3.321127395e+20
4.923631252e+20
3.251801205e+20
3.214572592e+20
4.777480504e+20
5.511159429e+20
5.461079107e+20
3.086338181e+20
3.058621128e+20
3.025817867e+20
3.748664042e+20
4.451408235e+20
5.147586244e+20
4.367450714e+20
2.886192423e+20
5.499656001e+20
7.328758569e+20
1.829663972e+20
7.310838661e+20
1.82335364e+20
0
5.443048981e+20
5.431358113e+20
5.408219313e+20
1.078711744e+21
0
3.56552907e+20
5.316506601e+20
1.765333221e+20
3.506981579e+20
5.23716539e+20
3.465532859e+20
1.724106749e+20
1.710172494e+20
6.802698382e+20
5.057681003e+20
3.351236596e+20
1.660119284e+20
6.596535364e+20
6.532160677e+20
8.107085239e+20
6.419383018e+20
3.185321438e+20
3.151443001e+20
4.689156411e+20
6.183386725e+20
4.598312897e+20
3.030785083e+20
1.501987552e+20
5.938083318e+20
5.883446495e+20
5.81353078e+20
2.879082728e+20
2.844235859e+20
4.224488468e+20
8.3451271e+20
2.753699285e+20
6.798542286e+20
5.38285216e+20
5.315135317e+20
5.259408068e+20
1.298173045e+20
6.421768727e+20
0
6.271470477e+20
3.714599432e+20
2.44949394e+20
4.835845119e+20
5.978835599e+20
5.901499464e+20
4.669566605e+20
8.065805925e+20
5.698290453e+20
3.374609842e+20
7.788174095e+20
8.785303347e+20
4.344916921e+20
3.21647264e+20
4.24229462e+20
6.281211972e+20
2.071281717e+20
4.089223751e+20
2.022874583e+20
2.995423529e+20
6.915756257e+20
4.876877758e+20
6.756561601e+20
6.671047645e+20
2.829619272e+20
4.656815363e+20
4.609539636e+20
4.552183233e+20
2.703954214e+20
6.231524047e+20
5.288552712e+20
4.353473718e+20
6.035519879e+20
4.259273684e+20
5.062073443e+20
3.334734324e+20
5.780569455e+20
4.896997593e+20
2.425654229e+20
3.99643554e+20
2.375789348e+20
5.481209628e+20
3.103655785e+20
4.604269846e+20
4.562921276e+20
5.266208834e+20
2.982525914e+20
5.902599837e+20
4.387984011e+20
5.791119816e+20
2.87026999e+20
5.462549917e+20
5.459492666e+20
7.269333875e+20
3.630792439e+20
7.24435827e+20
3.616398969e+20
5.406538115e+20
5.394945618e+20
5.37206814e+20
3.571687109e+20
1.776729425e+20
3.541815786e+20
3.520860239e+20
8.768259236e+20
8.709699573e+20
3.468472075e+20
1.7214219e+20
8.564172964e+20
5.09715138e+20
3.379263165e+20
3.350015807e+20
3.329634984e+20
0
1.638585849e+20
3.245317557e+20
8.055650438e+20
4.784183606e+20
3.165281447e+20
3.131743535e+20
3.106605785e+20
7.681338736e+20
3.046588543e+20
6.024340836e+20
2.985566795e+20
4.426452693e+20
2.923856753e+20
5.778457893e+20
4.292627869e+20
4.240843252e+20
1.399760944e+20
4.147832749e+20
1.36870592e+20
4.055157032e+20
4.01346364e+20
6.605209901e+20
7.843230599e+20
3.872014771e+20
3.830832528e+20
6.303442464e+20
3.741341617e+20
2.462310841e+20
2.435575953e+20
6.010663513e+20
2.378042043e+20
4.694714398e+20
4.643399147e+20
2.291670727e+20
0
5.593186796e+20
6.638620978e+20
3.276335356e+20
5.401240187e+20
2.132558772e+20
3.164286864e+20
1.041155132e+20
2.059982076e+20
4.066995483e+20
6.035645644e+20
4.965329702e+20
4.913072233e+20
1.940215472e+20
3.84004144e+20
4.739361179e+20
3.752497394e+20
2.779063452e+20
5.501696438e+20
3.62218811e+20
5.378857636e+20
1.770880624e+20
1.753387616e+20
3.46409215e+20
8.5758933e+19
4.236412376e+20
4.195744558e+20
2.487614249e+20
5.749503506e+20
4.870650525e+20
3.216799467e+20
2.384934109e+20
5.513615604e+20
3.11519062e+20
3.086878308e+20
4.579306088e+20
4.538182064e+20
3.74110837e+20
5.191023432e+20
5.136551963e+20
3.636679974e+20
4.31949376e+20
4.995413979e+20
5.425941184e+20
1.807637746e+20
3.610336098e+20
5.40974273e+20
5.396968115e+20
5.388370871e+20
5.370513799e+20
5.359018098e+20
5.336397061e+20
5.321980736e+20
8.824904722e+20
1.759207919e+20
8.744229313e+20
5.226372152e+20
3.461080447e+20
1.722900429e+20
3.420449902e+20
3.403417746e+20
6.752288621e+20
5.036193166e+20
3.328523631e+20
6.616620142e+20
1.638978549e+20
4.884515795e+20
8.062042726e+20
1.600972834e+20
3.169473523e+20
1.572746019e+20
3.112288821e+20
0
3.053613591e+20
1.513934041e+20
2.993783015e+20
4.451074086e+20
5.86622793e+20
8.718617913e+20
2.871902828e+20
5.689256994e+20
4.215635982e+20
4.174376195e+20
2.74892892e+20
2.721315935e+20
5.37529162e+20
3.990064226e+20
2.626779642e+20
1.299646614e+20
5.133025328e+20
6.348098047e+20
6.267512929e+20
2.480030776e+20
6.120953654e+20
6.054538093e+20
4.781523327e+20
3.547051843e+20
1.16713118e+20
2.308761666e+20
1.13948394e+20
5.635178586e+20
5.562367283e+20
6.602071103e+20
4.344507894e+20
6.445994121e+20
4.241861314e+20
4.196057041e+20
5.177518142e+20
3.073207582e+20
4.045007565e+20
3.001512011e+20
2.96314695e+20
4.886606797e+20
4.824482577e+20
4.774268174e+20
3.771170785e+20
6.531677216e+20
2.764198429e+20
1.824087879e+20
4.503548242e+20
6.241803508e+20
3.522855623e+20
3.488050772e+20
5.168407174e+20
4.265054734e+20
3.371036136e+20
8.346673023e+20
4.948642708e+20
3.26786839e+20
4.844585448e+20
5.599264387e+20
5.535006239e+20
3.917173851e+20
2.323832606e+20
4.605421867e+20
3.036407713e+20
4.513709666e+20
5.209204801e+20
5.162933837e+20
5.83844096e+20
5.063693065e+20
4.295908072e+20
4.968156224e+20
3.593213248e+20
1.795606908e+20
3.586328839e+20
1.791260451e+20
1.78704979e+20
3.568415975e+20
1.778322124e+20
3.549043954e+20
0
1.762299827e+20
1.052032089e+21
6.990646112e+20
3.474826132e+20
1.730746822e+20
3.438577534e+20
3.423424091e+20
3.398345442e+20
5.072180263e+20
6.708939242e+20
0
6.614610932e+20
3.287256573e+20
3.257217631e+20
8.08944774e+20
6.409147996e+20
6.3637714e+20
7.874350328e+20
3.125948538e+20
4.639611484e+20
9.204988576e+20
4.552384976e+20
4.514064418e+20
2.975618736e+20
2.949418818e+20
2.915474222e+20
7.221917549e+20
2.854783273e+20
1.41385439e+20
5.587635469e+20
4.149763266e+20
1.36641344e+20
1.352704105e+20
5.344074057e+20
3.966936079e+20
7.834954808e+20
2.58435007e+20
6.379628961e+20
3.787135773e+20
3.7391944e+20
4.931989017e+20
2.434608794e+20
2.40820914e+20
2.377408765e+20
4.703018527e+20
5.803282032e+20
4.591934308e+20
3.399607621e+20
3.36248641e+20
4.425508441e+20
1.094320247e+20
6.481244388e+20
3.205443324e+20
6.328285987e+20
4.173314168e+20
5.14956574e+20
5.094371667e+20
5.029070152e+20
4.975627611e+20
7.859381613e+20
2.916254975e+20
6.71818688e+20
5.698512075e+20
6.564371155e+20
4.640613711e+20
4.582485974e+20
1.814381359e+20
8.063313091e+20
5.321682449e+20
4.38018845e+20
5.204287815e+20
5.997798971e+20
5.939368323e+20
1.005940363e+21
3.320933233e+20
5.742729461e+20
7.313609165e+20
4.015664881e+20
4.773814813e+20
6.291982326e+20
4.675531462e+20
4.622813144e+20
3.817327125e+20
4.530181961e+20
5.985999721e+20
5.181163074e+20
5.868738973e+20
2.903440865e+20
4.316856907e+20
4.98467498e+20
5.647079225e+20
5.354176309e+20
1.783735155e+20
1.781319374e+20
5.338294925e+20
8.876338223e+20
5.317348226e+20
5.29988643e+20
3.525719828e+20
3.510971623e+20
3.501518462e+20
0
5.208797148e+20
6.904515114e+20
6.878068927e+20
6.83273069e+20
3.401336075e+20
1.688262423e+20
6.7195419e+20
3.333071458e+20
3.31469314e+20
0
3.266469343e+20
8.091847374e+20
4.823208665e+20
1.592291732e+20
6.32415103e+20
7.825627355e+20
4.65996959e+20
3.074095621e+20
3.049542929e+20
4.524690671e+20
2.991108972e+20
4.436510319e+20
5.863342206e+20
5.796090761e+20
5.743072215e+20
8.513599829e+20
2.810989148e+20
8.332219723e+20
2.750292587e+20
4.075368571e+20
2.689685385e+20
3.98491275e+20
2.629383006e+20
2.596696816e+20
5.139155487e+20
2.537357055e+20
2.5104394e+20
3.718121277e+20
1.226058115e+20
3.631485312e+20
4.789510141e+20
7.092612584e+20
3.507695505e+20
6.925518449e+20
4.566627336e+20
3.380970041e+20
6.688139288e+20
6.602083293e+20
2.176721862e+20
5.37175999e+20
5.313466268e+20
5.245126869e+20
6.226224751e+20
2.048765414e+20
7.093838396e+20
2.000868678e+20
2.969413676e+20
2.931558535e+20
4.834522183e+20
2.863920752e+20
6.612932304e+20
4.663976047e+20
6.462410412e+20
3.646587209e+20
4.511943986e+20
6.238318081e+20
6.175806301e+20
4.357054347e+20
3.451195392e+20
3.409215784e+20
7.595993573e+20
5.00313311e+20
5.780923221e+20
5.712366921e+20
4.849951995e+20
3.195522231e+20
1.582843615e+20
3.911625769e+20
4.65072045e+20
3.831854535e+20
6.075233682e+20
3.004008681e+20
4.465548235e+20
2.944812362e+20
4.377991603e+20
3.609788655e+20
2.862438356e+20
3.54125088e+20
4.914523482e+20
5.31900108e+20
1.772019352e+20
8.848148952e+20
3.535516068e+20
5.290919529e+20
3.521689602e+20
3.510176538e+20
1.751350135e+20
6.9762275e+20
3.478737602e+20
5.191948796e+20
1.725017557e+20
6.859960501e+20
1.195902696e+21
5.091657425e+20
5.069296885e+20
5.032474018e+20
8.345911713e+20
4.967916843e+20
3.293714678e+20
8.16417617e+20
4.868915039e+20
3.216516165e+20
0
3.16484079e+20
4.713765716e+20
4.666502175e+20
3.08758116e+20
6.110696799e+20
1.515492492e+20
2.998220856e+20
4.459593145e+20
5.879887007e+20
5.828271398e+20
4.321235523e+20
4.281764302e+20
4.231723878e+20
6.986165184e+20
5.52237418e+20
5.468530659e+20
8.103546488e+20
4.011216381e+20
3.962035678e+20
3.921474931e+20
6.454780803e+20
8.942406679e+20
7.569078761e+20
6.240707731e+20
1.232428116e+20
3.65758993e+20
7.222569396e+20
2.381450495e+20
5.87786374e+20
4.651124051e+20
2.29584002e+20
7.947796112e+20
1.120845233e+20
5.543089202e+20
6.566296152e+20
1.082466168e+20
4.274238943e+20
7.39877436e+20
6.260384748e+20
3.096420071e+20
3.056734032e+20
6.047970192e+20
4.975559447e+20
3.93816078e+20
2.916015548e+20
3.847115226e+20
1.899186899e+20
3.758842327e+20
5.567253345e+20
5.509992877e+20
4.534237394e+20
4.488187406e+20
7.092021697e+20
2.632854989e+20
1.733665331e+20
1.716529116e+20
5.934788998e+20
2.51869345e+20
6.635791498e+20
3.286020649e+20
5.682323755e+20
7.236653831e+20
4.768037601e+20
7.872522159e+19
1.556393116e+20
5.397199933e+20
4.573897908e+20
4.532315842e+20
2.988067066e+20
3.701542406e+20
5.125975682e+20
2.903119938e+20
4.308581901e+20
4.982490546e+20
4.931116768e+20
6.284750163e+20
1.761428338e+20
3.520912894e+20
7.032370512e+20
7.02494637e+20
1.752163372e+20
1.749391161e+20
0
0
0
8.640628125e+20
8.597503508e+20
1.713914198e+20
8.519971526e+20
5.092468846e+20
1.686395446e+20
3.358004224e+20
0
4.975844201e+20
6.582167614e+20
9.819000264e+20
6.490487222e+20
3.22567373e+20
3.196544511e+20
4.763421429e+20
6.290682791e+20
0
1.545993631e+20
7.671871258e+20
6.073656901e+20
3.012651541e+20
4.470300776e+20
7.388079219e+20
1.461212382e+20
5.793617639e+20
1.431902728e+20
1.135073475e+21
2.804627699e+20
4.167204165e+20
4.117733914e+20
4.077635681e+20
2.685633044e+20
5.317563373e+20
2.626279852e+20
1.299710957e+20
7.70188568e+20
6.351335007e+20
2.508856421e+20
3.723428316e+20
6.127799438e+20
2.424823086e+20
4.788410104e+20
3.552439404e+20
4.676460528e+20
2.31280196e+20
4.566624246e+20
6.775261646e+20
4.459068387e+20
2.205223187e+20
4.353929929e+20
2.15326983e+20
5.314147977e+20
2.102607284e+20
7.264807243e+20
4.106541092e+20
5.067490585e+20
6.015852261e+20
4.949228862e+20
6.855320731e+20
4.83439418e+20
1.913414465e+20
4.722998642e+20
2.804307214e+20
2.76902258e+20
5.481083406e+20
6.314688957e+20
1.785871875e+20
4.4093307e+20
1.746054321e+20
1.724604632e+20
2.561333032e+20
4.216984201e+20
4.175880212e+20
4.125690812e+20
7.35488593e+20
4.03756782e+20
5.599051337e+20
6.324075195e+20
2.349378986e+20
5.418779163e+20
4.601880099e+20
6.824739655e+20
4.508460221e+20
3.715367194e+20
1.472801241e+20
2.913611728e+20
3.609679294e+20
4.285663848e+20
2.123999447e+20
3.503404965e+20
2.778306477e+20
0
3.498086931e+20
5.240114775e+20
3.489728723e+20
3.481670591e+20
0
3.464907374e+20
3.457551305e+20
0
6.868107464e+20
8.542472641e+20
5.108858589e+20
3.386277176e+20
3.373372193e+20
3.351417856e+20
5.005124554e+20
1.656356294e+20
3.29636018e+20
4.905726295e+20
8.131361057e+20
6.450141414e+20
8.014139201e+20
3.176819339e+20
4.734080218e+20
7.815202029e+20
4.656146797e+20
3.073204087e+20
3.050144192e+20
3.018531666e+20
5.989077101e+20
5.924791002e+20
7.344034682e+20
1.01678975e+21
7.199216915e+20
5.69397423e+20
2.821055037e+20
9.759044857e+20
5.523991783e+20
1.091723948e+21
6.756911874e+20
6.675654785e+20
1.321797311e+20
1.305686868e+20
5.169391932e+20
2.552842705e+20
2.526256958e+20
3.742267293e+20
7.405332297e+20
2.437535575e+20
7.234209275e+20
4.762067018e+20
4.710559938e+20
1.162728074e+20
3.450271734e+20
6.812760623e+20
5.615441069e+20
1.108754526e+20
5.483350384e+20
4.330582206e+20
5.354330757e+20
4.228642331e+20
4.182799604e+20
3.096962586e+20
6.127133568e+20
6.048852625e+20
4.986728045e+20
6.892445688e+20
4.870888467e+20
5.77083767e+20
3.806755456e+20
1.879316509e+20
3.719517038e+20
7.345522472e+20
6.361221665e+20
1.794797695e+20
3.553133548e+20
5.263666894e+20
5.210902668e+20
5.146914445e+20
4.246687331e+20
1.678025476e+20
4.154166201e+20
7.387627313e+20
3.251834492e+20
3.213243196e+20
2.387100371e+20
6.291114126e+20
4.674260776e+20
3.850343642e+20
3.814868827e+20
3.017338003e+20
2.98990294e+20
1.478343049e+20
4.395202797e+20
2.898258035e+20
6.463190159e+20
4.973486368e+20
4.929787098e+20
6.272610739e+20
4.145323673e+20
5.216194875e+20
5.213332534e+20
5.206391388e+20
1.733638461e+20
5.188958265e+20
5.180775451e+20
3.442707848e+20
3.435410497e+20
6.842583383e+20
5.118209277e+20
0
3.384261687e+20
1.009452188e+21
3.352038448e+20
3.330313992e+20
4.973643826e+20
3.291974469e+20
1.637875918e+20
1.625070429e+20
1.616171429e+20
0
7.964711392e+20
3.157336113e+20
6.273464346e+20
6.214109354e+20
1.542620786e+20
6.109295484e+20
6.0635282e+20
3.000454035e+20
4.46496309e+20
4.417202957e+20
2.920204873e+20
4.332009387e+20
8.588297786e+20
4.245547741e+20
2.804620137e+20
4.158237608e+20
1.373021065e+20
0
4.030927622e+20
6.637664339e+20
2.62858007e+20
5.193271741e+20
8.995475741e+20
7.61565598e+20
5.024278964e+20
2.480988938e+20
2.45475616e+20
2.424101113e+20
2.398130824e+20
4.736012195e+20
4.684818449e+20
1.040769382e+21
6.86309204e+20
2.258662072e+20
5.585160886e+20
5.514032327e+20
4.363168999e+20
5.384354437e+20
4.260635513e+20
3.154655175e+20
3.120466746e+20
3.080610868e+20
5.079000321e+20
5.014212017e+20
3.968419349e+20
1.958957993e+20
4.845389075e+20
2.870360002e+20
5.680337208e+20
2.804304637e+20
2.775121016e+20
4.567115564e+20
3.616110064e+20
1.785495969e+20
7.069432551e+20
6.10915893e+20
4.319937199e+20
3.413528838e+20
5.069659201e+20
6.677391827e+20
4.95921221e+20
4.08300594e+20
6.47001355e+20
4.794909327e+20
2.374736724e+20
3.129247431e+20
3.87501474e+20
3.830340755e+20
5.313064046e+20
6.753653513e+20
3.717912089e+20
4.411862245e+20
3.643536879e+20
3.603831638e+20
4.286210943e+20
2.827034315e+20
2.802200735e+20
5.546175083e+20
4.123421544e+20
0
6.906623042e+20
1.724366429e+20
1.722556085e+20
3.437225927e+20
6.863628596e+20
5.131186463e+20
0
3.399583002e+20
6.781006439e+20
1.686899528e+20
3.362890999e+20
3.343673776e+20
1.665486421e+20
8.273685617e+20
4.942556631e+20
3.271494382e+20
6.510799143e+20
4.845073553e+20
1.606195344e+20
3.185468046e+20
4.749533727e+20
6.276180818e+20
6.235291994e+20
6.176517475e+20
6.133225975e+20
9.108942428e+20
3.013604197e+20
1.491295823e+20
2.958958211e+20
5.854832364e+20
4.354501495e+20
2.871099245e+20
7.115106953e+20
4.220904258e+20
2.788375621e+20
5.51240812e+20
5.460543228e+20
1.34908014e+20
6.679954297e+20
6.600103846e+20
2.613735108e+20
3.873095137e+20
1.277869503e+20
0
1.249089457e+20
2.46728607e+20
7.323657564e+20
3.616220892e+20
4.770007712e+20
2.355120465e+20
3.494517575e+20
4.600644226e+20
3.413022469e+20
4.493071124e+20
2.222082205e+20
5.484609414e+20
4.339908374e+20
6.426944993e+20
1.059512117e+20
4.184008279e+20
4.138678981e+20
1.021476972e+20
6.062806659e+20
3.990392525e+20
2.960756565e+20
3.897506454e+20
4.820155275e+20
2.855457535e+20
3.767233716e+20
6.50950162e+20
1.840503038e+20
2.726115489e+20
5.396146953e+20
3.552580321e+20
4.395611182e+20
2.604728788e+20
3.438149675e+20
3.395964024e+20
5.043565019e+20
4.151899309e+20
5.755972132e+20
3.249594413e+20
4.827528484e+20
1.590070317e+20
4.725000978e+20
3.891382571e+20
6.168033037e+20
3.048435701e+20
3.775427615e+20
3.732590493e+20
2.219188344e+20
5.120425469e+20
3.624603596e+20
4.302046556e+20
5.685151899e+20
4.921407834e+20
4.181303096e+20
2.758503125e+20
5.468999523e+20
1.02996743e+21
3.431350926e+20
5.140230251e+20
6.846457995e+20
3.415426409e+20
0
6.798302779e+20
3.39196881e+20
1.689074033e+20
6.738279165e+20
1.676305459e+20
6.683577037e+20
4.984157345e+20
1.655085177e+20
3.288893692e+20
3.274570424e+20
8.128168856e+20
4.852947964e+20
3.210204096e+20
3.192683324e+20
1.583014609e+20
4.720597551e+20
6.238155819e+20
9.296372056e+20
6.13937768e+20
7.620520025e+20
6.036398605e+20
2.995660549e+20
2.964940675e+20
1.470741618e+20
5.82046895e+20
8.657995922e+20
4.281583552e+20
7.073784697e+20
2.797696808e+20
8.316954597e+20
0
2.714681204e+20
2.682850605e+20
5.313703332e+20
2.625186419e+20
7.797170639e+20
2.567653629e+20
8.895258676e+20
1.255222624e+20
4.968745308e+20
6.134334343e+20
1.213915349e+20
5.994179024e+20
4.744039632e+20
4.684748618e+20
2.317085177e+20
3.431936611e+20
5.657829709e+20
2.234538568e+20
6.630683698e+20
4.364399068e+20
2.158447223e+20
2.131008831e+20
3.161774734e+20
7.283574793e+20
5.146207351e+20
4.064560046e+20
3.015573536e+20
5.954450536e+20
3.927147231e+20
7.754616917e+20
1.918073175e+20
6.628321029e+20
5.62166849e+20
5.550835462e+20
2.746536079e+20
5.424214201e+20
7.157889031e+20
5.30153638e+20
4.373060795e+20
5.182769489e+20
3.420532012e+20
5.067868573e+20
3.345158721e+20
4.130648513e+20
3.27228662e+20
6.46591243e+20
5.603269828e+20
5.536726662e+20
4.700779412e+20
5.419978112e+20
5.369324556e+20
5.307332897e+20
2.253606761e+20
5.198692305e+20
7.359162018e+19
5.821662702e+20
5.048212493e+20
4.279729122e+20
4.948706838e+20
2.09818947e+20
3.466278453e+20
5.488142627e+20
6.120456534e+20
3.411524942e+20
6.819335745e+20
3.405184178e+20
3.401622071e+20
8.484754153e+20
5.082862829e+20
5.066675794e+20
5.055986066e+20
1.678490869e+20
6.69608697e+20
3.331687252e+20
4.98142384e+20
3.302129059e+20
4.934439125e+20
4.902851286e+20
4.881533688e+20
4.846933921e+20
1.607722212e+20
3.190601517e+20
4.759824429e+20
4.720239297e+20
4.692011823e+20
7.750736005e+20
3.080162073e+20
4.577011398e+20
4.545033957e+20
3.000299329e+20
1.488964659e+20
1.473748696e+20
2.924213457e+20
2.893253279e+20
4.303791427e+20
4.256808316e+20
2.813175857e+20
4.172465708e+20
2.756444658e+20
6.812100057e+20
4.048901747e+20
8.003141059e+20
2.641891996e+20
6.526243847e+20
1.292271295e+20
5.106807549e+20
2.52742368e+20
1.248311994e+20
8.647513547e+20
4.880658943e+20
4.829176525e+20
9.538687212e+20
7.077529144e+20
5.824413444e+20
2.304627385e+20
7.965039517e+20
3.376568903e+20
2.222669027e+20
5.496248507e+20
7.597373904e+20
6.441184963e+20
4.239642752e+20
6.29037794e+20
7.245536596e+20
3.071609566e+20
6.06515118e+20
4.999847013e+20
4.936362152e+20
4.883539293e+20
6.750307773e+20
2.862280813e+20
3.768149412e+20
1.864262087e+20
2.761196305e+20
4.554105512e+20
5.396483887e+20
4.450808451e+20
3.516320843e+20
3.480592482e+20
5.156353455e+20
5.104640972e+20
5.882399539e+20
3.328116202e+20
5.753459806e+20
3.255617874e+20
4.82473129e+20
4.778328928e+20
6.295426313e+20
3.897337426e+20
5.392306102e+20
3.052516102e+20
4.525871949e+20
5.978869773e+20
5.172034153e+20
4.392852408e+20
4.343791317e+20
2.869857015e+20
1.419214014e+20
3.516551447e+20
4.87040865e+20
4.137990687e+20
4.094684584e+20
4.735595841e+20
3.390097703e+20
0
1.691909841e+20
5.07042929e+20
1.011793957e+21
5.051042572e+20
5.035024944e+20
1.674806034e+20
5.004118502e+20
6.654419867e+20
1.655511568e+20
6.600736461e+20
1.640870725e+20
4.904002877e+20
1.624245527e+20
4.851583812e+20
6.423110086e+20
4.793748597e+20
0
3.153985206e+20
7.819636794e+20
3.109180143e+20
3.081735774e+20
3.061756098e+20
1.516605528e+20
1.506026482e+20
8.947831263e+20
1.480203376e+20
2.930258153e+20
8.721435837e+20
7.191172758e+20
7.131461224e+20
1.128618174e+21
6.992563571e+20
5.531547947e+20
4.111127786e+20
5.418848337e+20
1.342014249e+20
6.631866545e+20
6.567749615e+20
3.893958185e+20
2.570189509e+20
3.80896682e+20
3.770250004e+20
3.724431121e+20
1.228606466e+20
3.64060629e+20
3.602234254e+20
3.557718303e+20
9.385885123e+20
3.4759372e+20
4.58460567e+20
3.395435266e+20
2.239088387e+20
4.421849837e+20
5.467236807e+20
4.318556e+20
3.203693356e+20
3.163126158e+20
7.300478047e+20
1.23563891e+21
5.092770093e+20
3.016894999e+20
4.974007991e+20
1.96437865e+20
7.773449499e+20
5.756301084e+20
5.695207879e+20
1.874442901e+20
3.709466193e+20
2.74711988e+20
4.530890021e+20
3.579357108e+20
6.199436518e+20
3.498467257e+20
5.194376519e+20
4.275171113e+20
4.23229106e+20
5.016506521e+20
3.311246456e+20
7.359827257e+20
3.239118086e+20
6.400371542e+20
4.754103304e+20
2.348809616e+20
5.428586001e+20
4.598498758e+20
3.037005979e+20
4.502838279e+20
4.461325922e+20
6.615833147e+20
3.642032238e+20
2.881043604e+20
4.996552744e+20
3.529818141e+20
2.099099732e+20
4.845303383e+20
4.802780781e+20
5.431312041e+20
4.711092819e+20
6.737875892e+20
1.683556805e+20
3.362721601e+20
3.359216296e+20
3.351655956e+20
5.019618245e+20
6.671689436e+20
6.657655855e+20
4.973152442e+20
3.306634056e+20
0
3.280040757e+20
3.261604047e+20
3.249293198e+20
1.614329854e+20
3.214666133e+20
3.192060385e+20
3.176458162e+20
3.152105892e+20
3.134985819e+20
6.218221232e+20
1.54528885e+20
4.595097016e+20
3.043568791e+20
4.522943024e+20
4.49144276e+20
4.447693303e+20
5.886178382e+20
5.826438795e+20
5.780550387e+20
0
5.672331793e+20
2.805405446e+20
5.562118761e+20
1.375042098e+20
4.087855092e+20
4.041272647e+20
1.334480137e+20
3.956919835e+20
3.918708628e+20
3.872411189e+20
7.667984896e+20
5.050746713e+20
6.249322242e+20
1.234716526e+20
4.887709097e+20
2.413955541e+20
5.971330234e+20
7.077271652e+20
4.667804582e+20
5.762376045e+20
4.560218801e+20
2.251649479e+20
3.340885808e+20
4.398608528e+20
2.175411909e+20
2.147996863e+20
1.06232355e+20
3.146692797e+20
3.112534046e+20
6.146262686e+20
3.039879286e+20
5.002292891e+20
3.958747734e+20
3.908633174e+20
4.833529956e+20
6.681414784e+20
9.443589382e+19
5.594727226e+20
5.53590307e+20
5.466372496e+20
1.803164009e+20
5.341865246e+20
4.405758582e+20
4.350992565e+20
3.445421478e+20
5.104321074e+20
4.210932418e+20
4.991213937e+20
5.76545702e+20
3.254545288e+20
3.222784699e+20
4.776072635e+20
4.730122084e+20
7.010865724e+20
3.857985115e+20
1.525086057e+20
3.777065845e+20
5.97338383e+20
2.959153821e+20
6.582252492e+20
5.072961282e+20
4.299565784e+20
3.550798098e+20
4.214144827e+20
3.480632049e+20
5.509092121e+20
4.09556639e+20
6.078752822e+20
4.68684206e+20
8.370101734e+20
3.346232332e+20
3.341884982e+20
1.001522231e+21
4.996387583e+20
1.662860835e+20
4.972894918e+20
6.616600252e+20
4.942567268e+20
1.643155551e+20
3.270454469e+20
4.889943227e+20
4.862568406e+20
3.229495376e+20
1.604534513e+20
6.390364282e+20
4.759201456e+20
1.578658709e+20
3.133204337e+20
3.116213964e+20
3.09058983e+20
6.144393062e+20
4.56791579e+20
4.538394419e+20
4.496385057e+20
7.441863852e+20
4.421776569e+20
2.925973058e+20
4.344566474e+20
2.873599772e+20
9.952173896e+20
5.639870445e+20
6.973622642e+20
2.765274573e+20
1.367285712e+20
5.419792537e+20
2.679109899e+20
3.981090437e+20
2.623310723e+20
7.794020932e+20
3.851101339e+20
2.541956346e+20
3.767381503e+20
3.729161803e+20
1.228029243e+20
4.861281244e+20
4.80196241e+20
5.939284398e+20
3.519756962e+20
3.482200855e+20
6.878220364e+20
2.268045001e+20
2.23980146e+20
7.754426388e+20
5.469512818e+20
4.328098104e+20
1.068416495e+20
7.397650445e+20
6.26085861e+20
6.192919101e+20
7.133769071e+20
4.032344955e+20
4.976692198e+20
3.93849837e+20
6.805249779e+20
5.7706889e+20
5.697851099e+20
3.758262878e+20
4.638679353e+20
3.671928794e+20
4.53232208e+20
4.485161948e+20
6.200796514e+20
4.383573913e+20
4.329123137e+20
2.571075889e+20
3.385797798e+20
5.027745924e+20
5.793870969e+20
4.097518596e+20
4.85733247e+20
2.404961407e+20
6.336146016e+20
6.275175451e+20
5.425513155e+20
6.141768759e+20
3.793542763e+20
6.012907652e+20
5.200378407e+20
3.680302719e+20
5.821343122e+20
3.605242069e+20
6.41668352e+20
2.82625119e+20
6.289091714e+20
4.848124571e+20
4.795861379e+20
6.112018186e+20
3.359778982e+20
2.664479822e+20
1.663700546e+20
1.662804225e+20
3.321304995e+20
3.317854793e+20
1.655224515e+20
8.263213643e+20
3.294934248e+20
0
1.637451998e+20
4.899354655e+20
1.625270335e+20
4.860191805e+20
4.833092482e+20
6.419874695e+20
3.189714653e+20
4.763899364e+20
6.307545135e+20
4.707608953e+20
4.671792175e+20
6.195331154e+20
7.680720977e+20
3.054032714e+20
3.027369494e+20
1.50391739e+20
4.470137158e+20
2.959400427e+20
4.39616012e+20
5.818109716e+20
2.879729511e+20
4.285673496e+20
2.827264999e+20
7.009723148e+20
8.321019458e+20
6.874169846e+20
5.438465364e+20
6.736818867e+20
1.332102863e+20
2.639325749e+20
3.913254596e+20
5.167401693e+20
1.276674914e+20
3.792106646e+20
8.742830856e+20
3.708951717e+20
1.221414007e+20
6.043922055e+20
3.582218385e+20
8.270612954e+20
4.668104625e+20
5.772909971e+20
7.982304781e+20
2.256107599e+20
3.342116214e+20
4.407932019e+20
3.264638419e+20
3.229206423e+20
5.314461405e+20
4.205391424e+20
3.114333063e+20
3.080550234e+20
4.055586042e+20
6.017595722e+20
3.961081766e+20
4.898068885e+20
6.770744989e+20
8.61216204e+20
9.448448313e+19
3.73928365e+20
2.769194161e+20
2.740082663e+20
4.509564603e+20
5.355170768e+20
1.762780378e+20
4.36161154e+20
3.445977964e+20
5.969169784e+20
4.211106927e+20
5.836397562e+20
3.294257507e+20
2.446235979e+20
4.027576169e+20
3.190607162e+20
3.940321375e+20
4.682878209e+20
5.398404381e+20
3.055535647e+20
5.284387131e+20
2.991407111e+20
5.913497099e+20
3.661850075e+20
5.068080575e+20
4.304549175e+20
2.837487816e+20
4.921015582e+20
3.476272818e+20
4.134526824e+20
4.089871577e+20
4.72967036e+20
4.679709339e+20
4.639081908e+20
3.307014403e+20
6.610474465e+20
1.650488464e+20
8.243884156e+20
9.870669631e+20
6.570197736e+20
4.912279517e+20
1.633997399e+20
3.255007873e+20
4.869608305e+20
1.615433957e+20
3.220533481e+20
3.202647839e+20
3.190614782e+20
6.341184677e+20
1.57845711e+20
4.702456565e+20
4.679579579e+20
4.644109838e+20
0
7.635506065e+20
9.108247245e+20
3.009671175e+20
4.485420896e+20
4.444193927e+20
5.884512554e+20
2.913892511e+20
4.338496767e+20
4.294907495e+20
7.10204899e+20
7.028088965e+20
2.788024872e+20
5.516149376e+20
2.734236476e+20
2.704065056e+20
0
1.059786585e+21
3.937130861e+20
6.486302304e+20
3.854327113e+20
6.34862931e+20
3.771505078e+20
2.484462944e+20
6.148265844e+20
4.85947864e+20
6.011592172e+20
1.187723242e+20
5.876213634e+20
5.804328622e+20
1.148495231e+20
2.268703557e+20
1.122147599e+20
1.108237794e+20
4.385004269e+20
3.247745794e+20
3.212513651e+20
5.287124493e+20
4.183778483e+20
4.131202005e+20
4.08640475e+20
2.017472442e+20
4.989157136e+20
4.92626896e+20
4.873268518e+20
3.849479048e+20
3.808325863e+20
5.640576194e+20
3.720495148e+20
4.592201864e+20
2.726357619e+20
5.384441425e+20
6.216486744e+20
3.507986198e+20
4.33986814e+20
3.428829802e+20
3.39397782e+20
1.6760707e+20
5.807382926e+20
5.736317586e+20
3.245443693e+20
4.809091089e+20
6.349516303e+20
6.273196645e+20
4.659608412e+20
4.604198709e+20
6.840764058e+20
4.506924837e+20
5.953020515e+20
5.148501564e+20
6.558446785e+20
6.483525232e+20
3.569187742e+20
5.64652082e+20
4.896341521e+20
4.150540274e+20
4.113729652e+20
3.391013005e+20
5.378048407e+20
2.660555082e+20
3.956198569e+20
4.930314012e+20
4.9276711e+20
4.921344275e+20
3.277499456e+20
3.270243036e+20
3.265157356e+20
4.882522598e+20
3.248208188e+20
4.853028061e+20
0
6.422863699e+20
3.201174658e+20
4.775199854e+20
3.171523453e+20
3.151697934e+20
7.845304896e+20
3.116392365e+20
4.651882006e+20
4.616753628e+20
3.061223434e+20
3.036328152e+20
6.036683783e+20
0
0
7.364250152e+20
2.925309619e+20
7.243012395e+20
4.313698023e+20
5.694001724e+20
5.649416738e+20
4.193080363e+20
2.772338996e+20
6.856626715e+20
4.07846588e+20
8.067197093e+20
5.329787814e+20
0
9.136197301e+20
3.870542543e+20
7.666668309e+20
2.525704099e+20
2.500750764e+20
2.471119108e+20
1.223060556e+20
4.833580274e+20
8.371448852e+20
4.725763437e+20
0
1.15476999e+20
7.997306152e+20
2.256873285e+20
5.581514619e+20
2.2049939e+20
5.452892252e+20
3.231027089e+20
7.457316e+20
1.052013476e+20
7.284176476e+20
5.137720187e+20
3.049217055e+20
4.014512771e+20
4.963909319e+20
5.881726286e+20
6.788205242e+20
3.830156898e+20
2.841913382e+20
2.80618419e+20
2.776420885e+20
5.48317277e+20
1.808512925e+20
5.357674133e+20
3.534619756e+20
4.363232482e+20
4.318340455e+20
5.970740059e+20
6.754339248e+20
5.837235039e+20
1.651044384e+20
7.338815428e+20
4.036749534e+20
3.987773301e+20
3.15906582e+20
7.802735864e+20
3.091045822e+20
4.581421279e+20
3.025293917e+20
3.737165339e+20
3.702201298e+20
5.122949342e+20
5.075692151e+20
4.30084734e+20
2.130857793e+20
4.213762451e+20
4.871913658e+20
4.818057163e+20
4.775330768e+20
4.048767232e+20
6.019912594e+20
5.956036786e+20
1.968122277e+20
3.266981398e+20
3.265234448e+20
4.891587412e+20
4.886531544e+20
4.87575609e+20
4.868184727e+20
3.235416015e+20
6.457319476e+20
0
1.603728744e+20
7.98057058e+20
1.591023589e+20
3.164513692e+20
7.881648088e+20
1.566513694e+20
3.119552103e+20
4.647048891e+20
7.707517297e+20
6.119623753e+20
0
3.018661874e+20
3.000807487e+20
2.97488816e+20
0
4.393200497e+20
2.908557061e+20
5.761414906e+20
7.148635278e+20
1.415456968e+20
7.021947138e+20
2.779715928e+20
6.892071589e+20
6.818495591e+20
4.055831105e+20
2.674231824e+20
6.625558605e+20
5.240943676e+20
2.596087663e+20
6.415890436e+20
8.895993488e+20
2.512104522e+20
6.218277104e+20
6.144794608e+20
3.649614768e+20
1.201989123e+20
5.947959047e+20
3.525673763e+20
3.488680995e+20
3.446213815e+20
4.546048901e+20
6.735497258e+20
5.552594082e+20
6.580891655e+20
4.339856951e+20
5.357466051e+20
4.239520732e+20
5.233285784e+20
3.105909207e+20
2.044681617e+20
3.03378828e+20
6.990001451e+20
3.9511326e+20
4.876857238e+20
4.824413662e+20
4.76378469e+20
4.712875765e+20
4.653701073e+20
9.208697352e+19
5.455975805e+20
5.398631863e+20
3.554114438e+20
4.396420081e+20
6.078375689e+20
3.437620231e+20
4.243800545e+20
3.360527088e+20
5.808508187e+20
5.75021058e+20
4.057068835e+20
3.213513411e+20
5.555431606e+20
4.715291781e+20
3.882178606e+20
3.075837183e+20
5.318679455e+20
3.010396431e+20
5.949989449e+20
5.15752522e+20
4.369413859e+20
6.493654667e+20
4.27955741e+20
4.94738636e+20
2.09642203e+20
5.540260944e+20
3.424327724e+20
4.751549519e+20
5.371364457e+20
3.327680296e+20
3.950752042e+20
3.916490814e+20
0
6.491187964e+20
1.620729412e+20
3.238114013e+20
4.846502911e+20
6.451983849e+20
4.824077357e+20
4.814017761e+20
1.598372022e+20
3.188331828e+20
7.933132288e+20
4.74472038e+20
9.43735546e+20
4.701027148e+20
3.114576748e+20
4.651801094e+20
4.619831826e+20
3.06497265e+20
3.041997868e+20
1.51281438e+20
7.502999957e+20
7.458689078e+20
2.957796413e+20
0
2.912093406e+20
7.229988214e+20
4.29659515e+20
1.421647139e+20
5.630015574e+20
2.793027998e+20
4.146329506e+20
6.853727151e+20
4.068471739e+20
4.03344618e+20
5.319121421e+20
5.271427234e+20
3.909316813e+20
2.581988074e+20
2.552501869e+20
2.528017924e+20
3.747975919e+20
3.711021913e+20
6.112142194e+20
9.680681211e+20
3.586952215e+20
4.733315996e+20
1.169073389e+20
5.784079726e+20
6.856611466e+20
1.130614006e+20
3.350368588e+20
1.104794341e+20
1.091191862e+20
6.476445193e+20
2.132067201e+20
2.108970002e+20
4.16542042e+20
8.240504668e+20
6.103140058e+20
5.030858094e+20
5.961394657e+20
3.931338086e+20
3.882016985e+20
2.880211039e+20
5.688133097e+20
3.751571327e+20
3.704527166e+20
6.414179945e+20
3.61936487e+20
6.267322267e+20
5.304930086e+20
3.499824484e+20
3.456298321e+20
5.131103413e+20
5.912189959e+20
5.016071662e+20
2.477169728e+20
3.269739701e+20
4.037214238e+20
3.197782726e+20
4.738499334e+20
6.256283976e+20
3.863177126e+20
6.121554942e+20
3.780446574e+20
3.744556183e+20
4.440602639e+20
5.132219415e+20
5.072598321e+20
5.025794914e+20
3.548731016e+20
3.516438378e+20
6.953553888e+19
5.512893637e+20
3.407355962e+20
2.701716548e+20
4.676561033e+20
2.648904774e+20
5.241349526e+20
5.845401525e+20
6.455812076e+20
3.22618838e+20
3.222093557e+20
1.60938707e+20
3.21173244e+20
3.206759449e+20
3.196917546e+20
3.190260324e+20
3.177783534e+20
6.338865806e+20
6.309003705e+20
4.716704787e+20
1.563638496e+20
1.090458639e+21
6.192684299e+20
4.624596006e+20
7.654886194e+20
6.094296278e+20
6.048780167e+20
6.01628008e+20
2.983938951e+20
1.483171417e+20
4.41134991e+20
4.383099157e+20
2.895576004e+20
8.626863159e+20
2.848269745e+20
2.82731607e+20
5.598558768e+20
4.166179214e+20
5.497790463e+20
5.452645612e+20
6.743491678e+20
1.337102331e+20
2.645049693e+20
6.55340452e+20
5.184209905e+20
2.568040811e+20
2.538796344e+20
1.257235101e+20
2.485340044e+20
1.230429886e+20
3.647900978e+20
7.222200878e+20
7.136273102e+20
4.708527147e+20
2.325972493e+20
2.301602848e+20
4.547443741e+20
6.748660146e+20
5.555278355e+20
4.396514317e+20
4.34250327e+20
4.295629818e+20
3.181888038e+20
4.19657787e+20
4.144425999e+20
3.074627619e+20
3.036272558e+20
4.004525931e+20
1.97721971e+20
2.933805689e+20
7.725483035e+20
4.77652863e+20
3.773337016e+20
3.733027201e+20
6.450981457e+20
1.823596023e+20
2.701191659e+20
4.45467568e+20
4.399121322e+20
4.353353109e+20
1.719702929e+20
1.70200802e+20
2.521432895e+20
4.991593943e+20
4.93019525e+20
4.067252113e+20
4.82106363e+20
3.977756625e+20
5.501331548e+20
3.8911325e+20
2.306616448e+20
6.091729018e+20
4.514421402e+20
1.490518663e+20
7.364878146e+20
5.836755116e+20
3.605565823e+20
4.286753475e+20
5.650138245e+20
4.199040049e+20
4.151624223e+20
3.428622108e+20
2.712441281e+20
6.048887916e+20
5.318182492e+20
3.953694518e+20
5.215291369e+20
4.523834257e+20
3.2087168e+20
4.810520179e+20
1.601479151e+20
1.599831956e+20
7.981728554e+20
3.187754932e+20
3.178009852e+20
0
9.477139843e+20
6.301513411e+20
3.135971092e+20
3.126012062e+20
1.554492671e+20
4.646084142e+20
1.53915991e+20
1.532569091e+20
7.610571764e+20
6.059059497e+20
1.503492481e+20
1.495426167e+20
2.966875333e+20
8.848217056e+20
7.310488533e+20
1.452748005e+20
5.758489838e+20
4.289146794e+20
4.248484952e+20
0
5.567451528e+20
5.524100731e+20
0
1.355660835e+20
5.365284098e+20
5.319212693e+20
2.630696165e+20
3.910748171e+20
3.867225863e+20
2.554243417e+20
5.050474429e+20
7.50320073e+20
2.472170538e+20
2.447844091e+20
7.257440969e+20
7.18429301e+20
5.915862092e+20
3.512997441e+20
5.784810823e+20
3.434547363e+20
4.524056235e+20
3.356998027e+20
4.42152156e+20
6.561123798e+20
3.240348804e+20
2.136926287e+20
4.221118434e+20
6.263146541e+20
4.123642148e+20
5.098703224e+20
7.049297954e+20
3.984566357e+20
4.918515646e+20
4.8654227e+20
1.921828261e+20
5.703528982e+20
4.693462302e+20
5.571998251e+20
6.419353575e+20
4.536644235e+20
1.791993321e+20
2.659744466e+20
5.253214401e+20
7.797842085e+20
4.278347142e+20
3.387459118e+20
4.181983579e+20
3.311569306e+20
3.270856819e+20
4.047522878e+20
3.998082384e+20
4.750168355e+20
3.910481953e+20
4.646726564e+20
6.121162843e+20
4.546644245e+20
2.246260737e+20
5.933142955e+20
4.397461719e+20
5.082345554e+20
5.740831336e+20
3.55490655e+20
4.21693378e+20
5.571407827e+20
4.131316742e+20
4.77659193e+20
4.723477051e+20
5.350406889e+20
3.968988361e+20
4.589929776e+20
5.189491035e+20
3.858401543e+20
6.379508733e+20
3.188065112e+20
4.776073475e+20
4.771168899e+20
4.760812267e+20
6.337948689e+20
3.159324497e+20
0
9.42158806e+20
7.830748303e+20
3.117656774e+20
4.66165454e+20
1.545453212e+20
1.539697149e+20
4.590759115e+20
1.523709804e+20
1.513353491e+20
7.530284808e+20
4.484668535e+20
5.947524392e+20
2.950005762e+20
0
5.815359161e+20
2.889112783e+20
2.863097016e+20
2.843422617e+20
4.224831631e+20
4.193838619e+20
4.152516045e+20
4.120226714e+20
1.359375251e+20
1.348242358e+20
4.002071944e+20
1.322583274e+20
2.616497578e+20
2.593122024e+20
5.128691277e+20
3.810890235e+20
5.023644297e+20
3.731708629e+20
8.606989523e+20
6.087413418e+20
3.609740636e+20
4.76452067e+20
2.354060847e+20
3.494790229e+20
5.755000844e+20
3.416874225e+20
4.500908062e+20
6.679686241e+20
5.498813965e+20
4.351878487e+20
5.373311791e+20
5.315368777e+20
6.299901407e+20
2.077248118e+20
4.103065714e+20
4.058626483e+20
2.004088777e+20
2.973603573e+20
1.957689739e+20
4.841408665e+20
5.737138784e+20
4.729584828e+20
3.736384496e+20
6.468846211e+20
8.21318697e+20
4.514516399e+20
3.566555624e+20
3.529080734e+20
2.61386642e+20
2.586673028e+20
6.812223003e+20
5.05659372e+20
3.329420953e+20
5.76723964e+20
4.882606002e+20
4.833580947e+20
1.591519823e+20
5.515127363e+20
3.113300003e+20
4.624312469e+20
5.330181608e+20
6.787058263e+20
5.961110663e+20
5.166429353e+20
4.376204078e+20
4.33523174e+20
6.427157931e+20
5.660299181e+20
5.595286055e+20
5.54436077e+20
3.4260058e+20
5.432390264e+20
3.357435279e+20
5.324282156e+20
3.949532485e+20
3.262456107e+20
3.227465447e+20
1.919709746e+20
6.342029479e+20
3.169339365e+20
3.165361625e+20
4.743174342e+20
1.577639382e+20
4.725620628e+20
4.711286371e+20
1.567171898e+20
3.122227911e+20
3.114056927e+20
3.099555127e+20
4.634608502e+20
6.146073105e+20
1.530803529e+20
4.564345975e+20
4.54485706e+20
3.009385806e+20
7.487242975e+20
4.459153304e+20
4.43529939e+20
2.933326946e+20
2.91610508e+20
5.782698525e+20
1.149165312e+21
7.117823074e+20
5.655184577e+20
7.002400383e+20
1.390220538e+20
9.635959719e+20
5.463504689e+20
6.759811784e+20
5.363618515e+20
0
3.946324047e+20
6.506128586e+20
5.158458156e+20
5.101375508e+20
3.790633018e+20
7.495646584e+20
2.47468448e+20
2.446245837e+20
4.8444429e+20
3.590958301e+20
4.739772464e+20
4.683807466e+20
2.317847181e+20
2.290198608e+20
5.665636731e+20
2.238997783e+20
6.645725305e+20
6.56521203e+20
2.164949365e+20
6.415579495e+20
4.230953852e+20
5.223702096e+20
4.133770324e+20
6.124040411e+20
3.028869117e+20
3.988382324e+20
3.945238219e+20
5.844206166e+20
3.854104412e+20
3.806046765e+20
3.765165806e+20
6.506812063e+20
6.437337757e+20
2.724436786e+20
2.695562026e+20
4.436616676e+20
7.024004846e+20
3.468331528e+20
3.432249435e+20
4.237131104e+20
5.032235714e+20
2.485057889e+20
4.919573476e+20
4.859154244e+20
3.206906481e+20
1.583880737e+20
4.704555746e+20
4.647538854e+20
5.3691325e+20
3.788995558e+20
6.003969968e+20
4.449352926e+20
2.938056914e+20
3.629292475e+20
6.471555032e+20
4.264121395e+20
4.928886818e+20
4.176193061e+20
4.827878169e+20
4.773174005e+20
4.054556813e+20
6.682237058e+20
4.636109892e+20
4.585310828e+20
6.493095239e+20
6.423310846e+20
4.457393847e+20
3.152494015e+20
6.301664624e+20
7.867230853e+20
0
4.705348992e+20
3.132069311e+20
7.806513241e+20
3.116138006e+20
3.104138536e+20
3.096025789e+20
1.540831235e+20
7.679790811e+20
1.52768606e+20
7.610060303e+20
7.563725059e+20
4.518884981e+20
5.984523504e+20
5.955752308e+20
4.433926765e+20
5.880322466e+20
4.375253502e+20
2.899735183e+20
2.875201351e+20
1.428447214e+20
2.831338564e+20
4.217905876e+20
2.785537615e+20
4.147739372e+20
6.845212368e+20
4.075276856e+20
5.378519486e+20
4.000939014e+20
3.958996546e+20
3.925128427e+20
3.882832941e+20
2.565484206e+20
1.268587292e+20
5.027453362e+20
3.728122676e+20
4.923401781e+20
3.650229479e+20
7.228830704e+20
4.763160549e+20
2.357640014e+20
2.329871541e+20
6.917872363e+20
6.83555181e+20
4.509424049e+20
1.113828792e+20
4.408071968e+20
4.354788676e+20
6.462209824e+20
5.319590597e+20
5.262282281e+20
4.158197497e+20
3.084937635e+20
3.046892101e+20
6.027834917e+20
2.976586245e+20
3.925863851e+20
0
7.670535669e+20
5.681274822e+20
5.620265729e+20
4.625185891e+20
7.321296867e+20
4.518788385e+20
4.470902053e+20
5.29829603e+20
6.990177221e+20
2.588752105e+20
5.977582534e+20
3.373455562e+20
4.173426044e+20
2.473164996e+20
5.712030662e+20
4.02993891e+20
3.98946712e+20
3.152629266e+20
6.242768482e+20
3.083561186e+20
4.580126786e+20
5.279250452e+20
3.734547605e+20
2.214039134e+20
5.84800842e+20
5.056682701e+20
5.00932614e+20
4.950947089e+20
5.605989633e+20
2.078058243e+20
5.491046898e+20
4.071569058e+20
2.690007472e+20
3.98995153e+20
5.272790653e+20
4.563051981e+20
3.230793527e+20
3.835199446e+20
5.069346991e+20
4.701282568e+20
4.698810218e+20
3.128637337e+20
1.562719779e+20
3.118732771e+20
1.556968634e+20
1.552281961e+20
4.647213737e+20
1.543128782e+20
1.539101129e+20
7.659938008e+20
1.527149041e+20
6.075819206e+20
7.566604978e+20
0
2.995472037e+20
2.975331474e+20
4.441571246e+20
1.469661349e+20
2.923643898e+20
2.900528782e+20
5.767096097e+20
7.148082019e+20
4.261579832e+20
4.22358313e+20
4.19468191e+20
4.155425977e+20
8.250135437e+20
2.723202115e+20
0
5.349505976e+20
7.958797214e+20
5.250406281e+20
9.109704973e+20
1.287403383e+20
2.551885051e+20
8.833313445e+20
3.750757865e+20
7.417256185e+20
6.122132071e+20
6.052148043e+20
4.794259317e+20
2.369315976e+20
3.518279561e+20
1.158981177e+20
5.735472713e+20
3.400431735e+20
4.486572682e+20
5.541079198e+20
2.192942997e+20
4.332989777e+20
2.143299314e+20
5.293130816e+20
7.330588585e+20
4.13763864e+20
3.069699566e+20
4.042550324e+20
3.998816919e+20
5.924059059e+20
3.906678841e+20
2.893661432e+20
3.816614485e+20
4.711457362e+20
3.728699285e+20
3.682293113e+20
4.55373771e+20
3.597647829e+20
4.449409377e+20
4.394081587e+20
3.478336931e+20
4.29395843e+20
5.94900445e+20
4.196701609e+20
5.814919824e+20
5.743232587e+20
1.624234476e+20
4.812920147e+20
3.97048354e+20
5.49087165e+20
3.106540519e+20
4.603355726e+20
1.519449696e+20
5.254148133e+20
2.230070748e+20
5.876008124e+20
4.365127941e+20
2.87576444e+20
4.985450375e+20
3.519509776e+20
4.881820834e+20
5.514976025e+20
4.098579463e+20
3.37669613e+20
4.015653144e+20
3.970747483e+20
4.591489514e+20
3.243577283e+20
2.572153273e+20
4.452693767e+20
5.044770221e+20
7.790235268e+20
6.228918286e+20
4.665889356e+20
4.661127653e+20
7.751938541e+20
3.096013954e+20
3.086729826e+20
4.620530445e+20
3.068581415e+20
6.121165538e+20
3.046489811e+20
4.555321169e+20
6.041291122e+20
4.514185869e+20
2.991266163e+20
1.48927376e+20
4.437887553e+20
1.472203989e+20
2.922880256e+20
4.360966665e+20
4.326604821e+20
5.735081266e+20
8.530321977e+20
1.412693361e+20
8.400830799e+20
1.390570763e+20
2.755196503e+20
2.735095044e+20
5.416960399e+20
6.718828635e+20
3.990602853e+20
6.596814829e+20
3.916838539e+20
3.883412976e+20
3.841805266e+20
3.807643964e+20
6.276433214e+20
3.731133239e+20
2.45955755e+20
3.654207274e+20
4.81672496e+20
4.769555406e+20
5.892943362e+20
3.500285072e+20
5.765435741e+20
4.56508045e+20
3.38326271e+20
3.347963808e+20
6.615955047e+20
2.181961115e+20
6.467112045e+20
3.198953791e+20
3.160159773e+20
3.126147413e+20
5.146602596e+20
7.127426352e+20
4.022773267e+20
3.979270206e+20
4.912690829e+20
3.887680426e+20
3.839529631e+20
5.697212555e+20
3.750992194e+20
3.710729638e+20
5.496913522e+20
2.719126084e+20
1.79021566e+20
4.428122352e+20
3.498494744e+20
2.596308798e+20
4.273526332e+20
4.229070231e+20
3.34141985e+20
2.480274826e+20
5.716007436e+20
5.657868677e+20
5.588486714e+20
5.532351675e+20
6.245588922e+20
2.31887798e+20
4.581577701e+20
3.780647922e+20
1.494080972e+20
2.959351784e+20
3.655111269e+20
5.068521962e+20
6.439784621e+20
4.252972394e+20
4.903904841e+20
6.246801406e+20
6.174805374e+20
5.43874858e+20
6.049032282e+20
5.994719903e+20
5.268969884e+20
4.56949987e+20
5.164772995e+20
2.559791695e+20
4.431197755e+20
4.392876777e+20
1.54910378e+20
6.193171339e+20
3.09275542e+20
6.17920788e+20
3.083023671e+20
7.695739468e+20
4.603649182e+20
4.594151822e+20
0
3.043163839e+20
1.514601428e+20
6.039321991e+20
3.003576629e+20
4.488699816e+20
2.974442951e+20
5.923626357e+20
5.884078476e+20
4.391931634e+20
1.162648299e+21
0
5.736911911e+20
7.1292749e+20
1.413910999e+20
4.214838085e+20
2.785000298e+20
4.148992856e+20
1.370136235e+20
5.440613218e+20
5.387833208e+20
5.346215198e+20
5.292407983e+20
2.6246708e+20
5.194792596e+20
3.862886001e+20
5.095486475e+20
6.312786809e+20
6.24370181e+20
3.711712903e+20
3.670244224e+20
4.847109773e+20
7.187982298e+20
5.931380973e+20
4.690324916e+20
5.804122858e+20
4.589011058e+20
3.406513594e+20
2.244177459e+20
1.110389442e+20
3.291473863e+20
4.342177349e+20
2.145020103e+20
6.366233965e+20
4.192794516e+20
4.147689136e+20
5.121406044e+20
5.066117701e+20
4.003188776e+20
6.929848901e+20
2.933339091e+20
4.836082373e+20
1.91051207e+20
5.669770321e+20
6.532737597e+20
4.616165452e+20
2.73532047e+20
4.510224794e+20
4.454223509e+20
5.288445651e+20
4.352354344e+20
5.167966102e+20
4.253287759e+20
1.683617225e+20
3.325629084e+20
4.114255015e+20
7.31447895e+20
2.413359019e+20
5.562150508e+20
3.146442609e+20
3.108087817e+20
3.846590775e+20
6.080006353e+20
5.267977319e+20
5.204652904e+20
3.68176068e+20
5.820610313e+20
2.161980942e+20
3.560771623e+20
2.116446509e+20
3.48622669e+20
3.454032297e+20
4.097028485e+20
5.412971229e+20
5.351366528e+20
3.314574121e+20
1.966444344e+20
3.898045585e+20
3.855045825e+20
4.458209641e+20
5.039895195e+20
5.62086531e+20
3.08052518e+20
6.157832345e+20
1.537560673e+20
3.071992537e+20
3.065474025e+20
0
1.525834668e+20
6.090763574e+20
0
3.025942061e+20
3.01211098e+20
6.005270782e+20
2.986699518e+20
7.439166539e+20
7.394519778e+20
1.472632911e+20
2.925670957e+20
4.367525599e+20
2.890541137e+20
2.875186938e+20
7.131710163e+20
8.508159356e+20
2.812373984e+20
5.589132824e+20
2.76988944e+20
2.75101303e+20
2.725509242e+20
1.352838617e+20
9.378280763e+20
9.305932097e+20
2.632156819e+20
6.52691151e+20
5.167425232e+20
2.561716591e+20
7.603271114e+20
8.791786797e+20
2.484524008e+20
7.384987368e+20
2.434232472e+20
7.233302742e+20
3.575628162e+20
5.90112945e+20
3.49990415e+20
4.619790277e+20
3.424431375e+20
3.389390734e+20
4.465919446e+20
6.629081031e+20
4.366845414e+20
2.160324049e+20
3.201662355e+20
5.279060342e+20
6.25836911e+20
5.159228156e+20
5.096455003e+20
5.041458986e+20
4.979742564e+20
1.970372256e+20
6.811469677e+20
4.81279075e+20
2.852022131e+20
5.642591187e+20
4.643956933e+20
4.594131235e+20
2.722309151e+20
5.386534429e+20
6.206353921e+20
5.263384278e+20
4.331786507e+20
4.286289636e+20
4.233239974e+20
4.189204683e+20
2.482490147e+20
3.275921954e+20
4.044517292e+20
4.804049298e+20
3.163463635e+20
2.348760915e+20
4.640278565e+20
5.35997789e+20
4.538634035e+20
2.996160736e+20
2.960144767e+20
4.397394117e+20
5.79330128e+20
3.586390546e+20
5.670470053e+20
6.319503524e+20
5.551712158e+20
3.437773882e+20
5.436938779e+20
3.36714817e+20
4.660300014e+20
5.938016385e+20
5.871343092e+20
5.172738819e+20
2.557792279e+20
5.070843197e+20
3.761847794e+20
2.486224612e+20
4.594565237e+20
3.06144718e+20
9.173061662e+20
4.581871161e+20
7.620307611e+20
9.130382893e+20
4.551654119e+20
3.028191966e+20
3.016747299e+20
1.504457055e+20
1.048323815e+21
0
4.455016517e+20
5.918108532e+20
5.88271581e+20
1.464451168e+20
2.9094838e+20
7.238982193e+20
7.186596134e+20
7.148474012e+20
7.092711666e+20
1.41028363e+20
0
2.779407038e+20
2.754941673e+20
9.576672886e+20
1.355452118e+20
5.382408734e+20
1.332627134e+20
3.967079144e+20
2.618257995e+20
5.194009977e+20
2.570172356e+20
1.27415875e+20
7.563728147e+20
6.247250573e+20
8.650953624e+20
4.897963298e+20
6.054411257e+20
4.797548564e+20
2.371634578e+20
5.871184941e+20
2.321496426e+20
6.89477865e+20
5.678796737e+20
1.124146383e+20
3.332780363e+20
4.397437173e+20
6.517911374e+20
3.224498464e+20
4.24793373e+20
4.202545554e+20
6.227847089e+20
4.107273783e+20
1.01434918e+21
4.013631324e+20
4.955732936e+20
2.941320044e+20
4.841998526e+20
3.831777926e+20
5.676814793e+20
3.743780924e+20
4.621884556e+20
6.401228917e+20
6.321982405e+20
7.14805692e+20
2.647317358e+20
1.746186437e+20
1.72456486e+20
5.119358694e+20
2.528028175e+20
4.169552433e+20
3.294491101e+20
6.521169726e+20
4.025613544e+20
2.390796246e+20
5.510215812e+20
3.11705769e+20
2.309314659e+20
4.572826592e+20
3.764552234e+20
4.47327062e+20
5.156081483e+20
5.106346968e+20
3.603904566e+20
4.283565018e+20
4.232966851e+20
3.494414785e+20
4.834994089e+20
3.421667809e+20
4.058561122e+20
2.010803507e+20
5.300986066e+20
4.59671722e+20
5.843617499e+20
3.861237255e+20
2.54567001e+20
3.785114602e+20
4.991928276e+20
3.711600619e+20
3.045759097e+20
3.044175298e+20
7.60112416e+20
1.518682638e+20
4.546451065e+20
4.539506309e+20
3.017396368e+20
1.505597557e+20
2.999856227e+20
2.992076728e+20
5.956998805e+20
4.45373059e+20
7.383769917e+20
2.942626372e+20
4.387634794e+20
5.825439341e+20
4.340212167e+20
4.319518335e+20
1.000618428e+21
5.687529832e+20
5.64330989e+20
7.013124003e+20
4.172968237e+20
4.146616865e+20
1.370077186e+20
2.721530311e+20
5.392909844e+20
2.676885509e+20
2.651150608e+20
3.94612539e+20
3.906757774e+20
2.583389648e+20
7.670319826e+20
3.802586769e+20
3.76229718e+20
1.242998019e+20
8.606534109e+20
1.218215409e+20
4.818847206e+20
0
5.899099052e+20
7.009851356e+20
3.464762444e+20
2.286740598e+20
4.520394264e+20
4.47420838e+20
4.421714717e+20
7.657481925e+20
3.242936362e+20
5.347779728e+20
5.283986165e+20
5.227556021e+20
4.131747557e+20
7.152880055e+20
6.056730286e+20
3.994283803e+20
6.904735207e+20
2.927218233e+20
3.8551075e+20
2.860124489e+20
2.82492203e+20
3.726004816e+20
4.600021003e+20
3.640550308e+20
3.595539155e+20
3.557194063e+20
2.634886596e+20
5.213967421e+20
4.291228555e+20
2.547698134e+20
5.87118851e+20
4.980100448e+20
1.639569875e+20
4.05673839e+20
5.609639956e+20
3.17289644e+20
6.268126247e+20
5.429497666e+20
3.064787428e+20
6.068780804e+20
4.496487925e+20
4.452494927e+20
5.132134157e+20
4.356534261e+20
3.587153021e+20
5.684864436e+20
4.213266263e+20
4.173776597e+20
6.187438555e+20
4.086854337e+20
4.039597055e+20
6.004220293e+20
4.616631161e+20
7.189570082e+20
5.169913357e+20
3.20257712e+20
2.533662103e+20
3.139388937e+20
4.347249888e+20
1.847016112e+20
4.543003014e+20
4.540645816e+20
7.558513423e+20
4.530514111e+20
6.028007482e+20
3.00940572e+20
6.001093916e+20
2.994387999e+20
5.966306501e+20
2.975426737e+20
7.404933381e+20
1.476345676e+20
8.811561927e+20
0
5.81800156e+20
1.448357423e+20
2.877640967e+20
4.295908307e+20
9.951733115e+20
7.070775142e+20
7.015980369e+20
2.790097414e+20
6.917565741e+20
1.374788197e+20
4.088287451e+20
2.707024664e+20
5.364317646e+20
3.994077322e+20
2.637195427e+20
2.616927884e+20
2.590896093e+20
6.424790815e+20
2.543513177e+20
7.565806399e+20
4.990575625e+20
3.709836651e+20
4.89289624e+20
2.424007975e+20
3.59581176e+20
5.936238267e+20
3.521648079e+20
6.974638153e+20
6.894909813e+20
3.413004804e+20
5.622469664e+20
4.452052841e+20
3.299954174e+20
4.354184507e+20
4.302765004e+20
6.385983781e+20
4.206645765e+20
4.161743121e+20
3.083843777e+20
5.084548061e+20
1.004607916e+20
2.981341435e+20
5.890081936e+20
4.855418326e+20
7.673583767e+20
3.795394272e+20
5.623128392e+20
4.635495898e+20
3.66269066e+20
3.623418295e+20
6.26268405e+20
3.540517508e+20
4.370953381e+20
3.459736894e+20
6.83397289e+20
7.607485682e+20
4.174214746e+20
4.130795944e+20
4.895896201e+20
3.230337512e+20
5.583663771e+20
3.158201933e+20
3.899458564e+20
5.404378961e+20
3.050620832e+20
4.530541032e+20
5.221658217e+20
5.170563211e+20
5.108408248e+20
2.890925176e+20
2.856445187e+20
6.36587398e+20
3.494790168e+20
2.769624243e+20
6.158725129e+20
4.067885047e+20
5.361079183e+20
2.656129917e+20
4.5951022e+20
5.854944295e+20
3.859296344e+20
4.462637161e+20
5.043533893e+20
4.374517434e+20
4.326757569e+20
4.289400924e+20
6.023537963e+20
9.030629018e+20
3.006551105e+20
3.003509944e+20
7.49307233e+20
8.977986922e+20
7.459711702e+20
2.977767463e+20
5.933270493e+20
2.958961024e+20
4.418444517e+20
0
4.381569047e+20
8.73093538e+20
5.786175443e+20
4.321327423e+20
1.430989753e+20
7.120924959e+20
2.827963246e+20
8.439066818e+20
6.97823395e+20
2.775108033e+20
4.128350462e+20
6.837249787e+20
5.422101886e+20
1.346336413e+20
5.336027029e+20
2.64870009e+20
5.246772781e+20
2.603249997e+20
6.443571213e+20
0
6.325974772e+20
5.017896478e+20
3.723764593e+20
3.690875079e+20
7.302042545e+20
6.029277932e+20
5.962788299e+20
5.906347986e+20
4.672020122e+20
4.626517973e+20
1.143439807e+20
3.396068483e+20
3.356833851e+20
4.430115643e+20
3.283782382e+20
2.166437842e+20
5.352275949e+20
4.236624492e+20
6.279451952e+20
3.106228186e+20
2.046013846e+20
3.036079699e+20
1.999614221e+20
5.934214499e+20
4.885073381e+20
7.731777106e+20
5.727974219e+20
1.888730162e+20
1.86555473e+20
9.227385652e+19
5.468290352e+20
1.803223385e+20
2.671478604e+20
2.642997441e+20
2.610372034e+20
1.721823288e+20
1.700569214e+20
3.365425432e+20
2.492942255e+20
3.289349307e+20
4.061077851e+20
4.019279138e+20
3.175958315e+20
4.71546436e+20
5.434107111e+20
3.073995201e+20
6.073169201e+20
3.006460111e+20
2.970078239e+20
4.411517158e+20
3.632071928e+20
5.035831198e+20
3.554112812e+20
4.224365449e+20
4.174410141e+20
2.756849694e+20
4.086851312e+20
3.37424253e+20
6.003293502e+20
5.287664835e+20
4.5737731e+20
3.88517848e+20
3.201105489e+20
3.807309952e+20
4.39247018e+20
5.598106797e+20
2.460832879e+20
4.269287989e+20
2.995056837e+20
5.987019027e+20
5.97976742e+20
5.97372746e+20
2.980639814e+20
1.488052087e+20
4.451109654e+20
2.961330414e+20
4.425448738e+20
2.942676548e+20
5.858930754e+20
4.380462368e+20
1.452540596e+20
1.447209599e+20
5.754695627e+20
2.865227124e+20
2.846487596e+20
0
5.625479714e+20
4.196848304e+20
4.164534908e+20
5.520557695e+20
6.843995776e+20
2.720379281e+20
5.393459672e+20
5.356944728e+20
5.308033249e+20
5.269657584e+20
9.134024258e+20
5.179428697e+20
7.692300492e+20
3.815080409e+20
3.776102048e+20
6.240235219e+20
3.704792773e+20
7.344212706e+20
4.843411988e+20
4.799077004e+20
7.119432559e+20
7.052108646e+20
4.648743735e+20
5.754385439e+20
5.688922397e+20
5.632165695e+20
2.226899606e+20
2.204196786e+20
5.446280534e+20
4.311774411e+20
3.195809569e+20
3.16209506e+20
4.166152674e+20
3.091294027e+20
4.07245277e+20
1.007190192e+20
4.975259854e+20
3.93734445e+20
7.77914535e+20
4.809521015e+20
2.850508381e+20
3.759695062e+20
3.713631945e+20
4.592093895e+20
6.349915696e+20
3.589633488e+20
7.090843155e+20
7.015258266e+20
5.196570041e+20
2.570778921e+20
5.924514296e+20
7.537254446e+20
4.135770622e+20
3.274202649e+20
2.425449191e+20
4.000807739e+20
3.951733212e+20
7.040739366e+20
4.636459387e+20
3.824880289e+20
3.022676942e+20
5.237202071e+20
5.912954992e+20
5.855079768e+20
3.615434651e+20
5.01275675e+20
4.952947866e+20
4.204994213e+20
4.847791206e+20
4.802336781e+20
1.356020092e+20
4.030469887e+20
4.64771241e+20
2.631648264e+20
5.85339569e+20
2.578152119e+20
5.098031194e+20
5.052889832e+20
3.12288574e+20
1.857359449e+20
3.674011804e+20
3.642310965e+20
8.935587418e+20
8.930980894e+20
4.460100141e+20
4.455601522e+20
2.964233321e+20
7.399320655e+20
5.902218381e+20
4.417610747e+20
4.401212997e+20
5.853140663e+20
7.283693782e+20
5.808763213e+20
5.77857983e+20
8.636097702e+20
8.585334736e+20
8.549215744e+20
7.077906247e+20
4.226601837e+20
8.393038472e+20
2.78293721e+20
1.380789322e+20
1.372803652e+20
5.446235612e+20
4.059018036e+20
5.365118473e+20
3.996631343e+20
0
0
5.192395336e+20
6.440796822e+20
5.101817959e+20
5.060653179e+20
3.756818223e+20
2.483370977e+20
3.686013288e+20
2.43568503e+20
6.023804148e+20
2.387488093e+20
5.903231554e+20
1.169492289e+20
4.625698129e+20
6.871089703e+20
3.396554452e+20
5.604491903e+20
3.324026078e+20
5.483604352e+20
4.33587959e+20
5.363597087e+20
5.300672582e+20
4.195826392e+20
5.182746334e+20
4.10200371e+20
2.026532118e+20
5.011999114e+20
3.961367395e+20
2.939042781e+20
6.77470624e+20
3.829516978e+20
2.837155928e+20
3.742096116e+20
2.772238054e+20
6.398974752e+20
5.417516236e+20
6.252708429e+20
3.529024762e+20
2.618559761e+20
4.31051571e+20
6.823821584e+20
4.212349203e+20
4.168123815e+20
3.293450315e+20
5.703590978e+20
3.219138822e+20
3.982505342e+20
5.507158876e+20
3.893654837e+20
5.384525359e+20
3.807427321e+20
3.761120122e+20
4.468558956e+20
2.943000748e+20
6.556930161e+20
5.038528737e+20
4.989892795e+20
4.930345974e+20
3.48816652e+20
4.136264158e+20
5.463301782e+20
6.074161869e+20
5.349358968e+20
2.643653669e+20
3.929363846e+20
3.884317249e+20
3.207869151e+20
4.440198544e+20
5.029583399e+20
3.108427901e+20
6.16254535e+20
3.656934534e+20
4.833854534e+20
8.886548552e+20
5.921317987e+20
7.392743086e+20
2.95411878e+20
5.896012907e+20
4.41529737e+20
1.467494989e+20
7.322486899e+20
5.836321683e+20
2.910639465e+20
0
2.888627745e+20
4.310504076e+20
2.863149101e+20
1.423188134e+20
4.251624888e+20
1.408000767e+20
8.407987938e+20
4.174169313e+20
6.920336782e+20
4.120435752e+20
5.462181801e+20
1.083515874e+21
2.691795726e+20
5.337073568e+20
1.325258044e+20
2.626458851e+20
1.303758772e+20
9.039847442e+20
8.97071342e+20
3.806779239e+20
5.034799369e+20
6.22955059e+20
7.412330739e+20
1.222474409e+20
7.270271577e+20
4.794918633e+20
3.563337169e+20
3.524338265e+20
3.491073791e+20
6.904319831e+20
5.697711204e+20
4.506560014e+20
4.461670986e+20
3.307861505e+20
2.182791141e+20
5.393673745e+20
5.337728125e+20
3.165145353e+20
6.263580885e+20
2.063215861e+20
4.08246988e+20
5.042324301e+20
3.990619222e+20
4.928380538e+20
4.875347826e+20
4.816400448e+20
5.717379955e+20
3.765237311e+20
5.586991744e+20
1.839581786e+20
5.459396515e+20
4.493734275e+20
3.55647288e+20
4.39097364e+20
6.081855751e+20
6.00703534e+20
3.396261246e+20
5.870312551e+20
4.978872052e+20
3.278422536e+20
4.866485991e+20
4.806720175e+20
4.757243564e+20
6.265281152e+20
4.651140346e+20
3.828623026e+20
3.790132905e+20
3.744050426e+20
5.189652336e+20
2.929646307e+20
5.801927321e+20
5.015658484e+20
3.548026046e+20
4.907949425e+20
5.555706493e+20
4.803693315e+20
6.798058623e+20
5.374655833e+20
5.324982295e+20
4.60527011e+20
4.563324126e+20
4.510957524e+20
2.554547082e+20
4.419808792e+20
6.258113724e+20
4.331744639e+20
3.067078263e+20
4.853353711e+20
4.811503082e+20
4.419022501e+20
5.889005264e+20
2.940972174e+20
2.938014074e+20
5.863912555e+20
5.855022401e+20
1.45952295e+20
4.36963546e+20
5.804705656e+20
1.44744055e+20
2.882019664e+20
5.74608773e+20
7.145542113e+20
4.271649093e+20
4.24670878e+20
2.819258482e+20
4.201503119e+20
4.181626671e+20
4.152056192e+20
2.753488852e+20
4.098734561e+20
2.71672719e+20
2.694611553e+20
4.016592032e+20
5.309320334e+20
6.591889141e+20
3.919340195e+20
3.891109718e+20
3.854350097e+20
5.099877952e+20
2.524929641e+20
1.252302095e+20
6.198059117e+20
6.145774856e+20
1.216339914e+20
3.616928271e+20
5.963792857e+20
3.545620147e+20
1.168970552e+20
6.94768502e+20
6.870428493e+20
3.401874401e+20
5.605746178e+20
2.219980894e+20
4.389137848e+20
4.344486945e+20
3.220649775e+20
5.312107502e+20
3.150032861e+20
3.116854918e+20
7.186994376e+20
6.094681813e+20
5.018544732e+20
4.964772495e+20
9.810541233e+19
3.882005646e+20
9.587873058e+19
1.896911708e+20
5.621645629e+20
9.268469799e+19
5.493252327e+20
6.339891148e+20
4.473063617e+20
2.655090953e+20
3.496681952e+20
5.189139703e+20
3.416915184e+20
3.380754605e+20
4.173987066e+20
4.956203834e+20
4.079414094e+20
3.22958823e+20
5.582420035e+20
3.946398357e+20
3.118462729e+20
3.086724813e+20
5.335840211e+20
4.527593869e+20
4.472561965e+20
4.428171249e+20
4.374618772e+20
2.887855675e+20
3.566424938e+20
5.651182793e+20
4.885755432e+20
2.073965992e+20
5.465078697e+20
3.383635714e+20
2.675139902e+20
2.65041339e+20
5.239243797e+20
5.840460959e+20
3.848914864e+20
4.450085354e+20
3.771090383e+20
4.98360964e+20
4.927856232e+20
6.106028057e+20
2.415501246e+20
4.190687709e+20
5.860045368e+20
5.85704329e+20
4.387533029e+20
4.383126013e+20
5.832159846e+20
5.823328523e+20
1.451637057e+20
4.346036464e+20
5.77343032e+20
7.198231121e+20
5.733088237e+20
5.71525446e+20
5.685859206e+20
5.665094879e+20
2.816064371e+20
4.206392457e+20
2.786161568e+20
6.932493539e+20
1.376725377e+20
6.847492887e+20
1.35908692e+20
0
4.020871604e+20
5.327613184e+20
2.640927123e+20
2.623137364e+20
7.79840245e+20
6.451916686e+20
1.278227548e+20
3.805425976e+20
3.768206105e+20
2.491938112e+20
1.233376887e+20
4.891936303e+20
1.210266678e+20
2.399268159e+20
4.747386704e+20
7.056156864e+20
2.326437689e+20
4.60904066e+20
3.418434128e+20
4.513713949e+20
5.578558638e+20
0
2.183999641e+20
5.404493127e+20
6.410488217e+20
6.344077988e+20
5.225106664e+20
4.136081563e+20
3.065595774e+20
4.043955077e+20
4.994988399e+20
3.953193098e+20
9.76475283e+19
3.863903446e+20
4.771681183e+20
5.664337491e+20
6.528290345e+20
3.690274147e+20
5.467993736e+20
3.606146639e+20
3.562065803e+20
5.285878998e+20
4.350914806e+20
3.443651977e+20
4.251726601e+20
3.365388921e+20
4.155066835e+20
5.756031274e+20
4.873162022e+20
5.626225013e+20
3.969449489e+20
3.142871422e+20
5.432722116e+20
6.913835739e+20
4.55299397e+20
3.004808933e+20
5.194520343e+20
4.408249938e+20
1.451648872e+20
3.593582017e+20
5.680611696e+20
5.625754821e+20
2.779292149e+20
2.752835895e+20
5.440446245e+20
5.389409467e+20
3.994592914e+20
4.617278249e+20
3.911653672e+20
2.584014342e+20
5.108606095e+20
5.062740738e+20
3.753930826e+20
4.9609365e+20
4.292185232e+20
5.470340743e+20
4.207749174e+20
5.959268257e+20
2.914203057e+20
4.369069787e+20
4.363865911e+20
1.017214016e+21
8.701123743e+20
5.791975922e+20
1.443835922e+20
2.881794001e+20
2.871245098e+20
5.72774157e+20
7.128084706e+20
2.842375162e+20
7.069512547e+20
5.63498122e+20
7.002873102e+20
4.184135248e+20
1.385738743e+20
2.758399058e+20
2.739016975e+20
4.086985799e+20
4.056010797e+20
1.344224157e+20
4.000043908e+20
3.975043752e+20
2.627335435e+20
3.914488532e+20
6.465446933e+20
5.13519204e+20
2.543476591e+20
2.524093969e+20
3.749211199e+20
6.198498744e+20
3.681613069e+20
3.650624495e+20
6.021268944e+20
2.387369994e+20
7.085958576e+20
8.191655351e+20
4.630093844e+20
5.733142105e+20
5.669695241e+20
5.614762544e+20
5.551633541e+20
4.397171067e+20
4.347063351e+20
2.151451019e+20
4.253313499e+20
2.104638839e+20
5.200394543e+20
4.116542929e+20
3.051187818e+20
4.024968914e+20
7.954643475e+20
1.96737103e+20
1.943877971e+20
4.807461608e+20
3.799705214e+20
2.819091814e+20
2.784974028e+20
2.754988236e+20
2.721483182e+20
4.487063311e+20
3.545830078e+20
3.507865019e+20
6.063621532e+20
1.714010346e+20
2.539490984e+20
3.35016228e+20
3.309053885e+20
2.455740522e+20
4.042688669e+20
4.800772002e+20
5.532264859e+20
6.257504337e+20
1.545244291e+20
4.588547612e+20
6.043460075e+20
3.739179658e+20
5.17126189e+20
7.314178445e+20
6.503175894e+20
5.723983784e+20
6.362070054e+20
4.900485322e+20
2.766836699e+20
5.480990884e+20
4.062026135e+20
3.353263053e+20
4.63941197e+20
5.909813206e+20
3.89403466e+20
3.858561125e+20
5.721227968e+20
3.779908511e+20
6.851032327e+20
5.555777322e+20
5.493439611e+20
3.025268997e+20
4.188548022e+20
3.559253983e+20
7.246383345e+20
4.345611739e+20
5.787270337e+20
7.226841403e+20
2.884837504e+20
5.760959116e+20
5.744472746e+20
5.732793341e+20
8.567819886e+20
4.27292016e+20
4.254129483e+20
1.41364252e+20
5.625681022e+20
5.605186016e+20
4.179586909e+20
4.162112337e+20
0
1.3719768e+20
4.087100599e+20
6.776166538e+20
5.379974914e+20
6.686321253e+20
3.97943087e+20
3.95459029e+20
6.534707328e+20
6.4907962e+20
2.573025238e+20
3.83183867e+20
5.061258393e+20
3.76705041e+20
4.973875778e+20
3.700479647e+20
2.4421866e+20
3.63247896e+20
2.396600702e+20
4.75117851e+20
4.700787892e+20
5.8225177e+20
6.911301465e+20
6.846308762e+20
3.385360931e+20
5.587647104e+20
3.314980264e+20
6.564125286e+20
2.163163578e+20
4.282406696e+20
4.233160981e+20
3.142020242e+20
6.211098088e+20
2.048594013e+20
4.049219547e+20
3.004620147e+20
2.969119789e+20
5.874693684e+20
3.869778562e+20
2.87115063e+20
4.727784696e+20
4.676891811e+20
7.392605604e+20
7.313032525e+20
6.321194896e+20
2.679978667e+20
3.529741684e+20
6.983912649e+20
3.449264222e+20
4.265663338e+20
5.056100065e+20
4.168841005e+20
4.117736329e+20
2.44471048e+20
4.024572815e+20
3.982716629e+20
7.08110193e+20
3.893449011e+20
3.845861093e+20
3.806713392e+20
6.768567173e+20
2.977998662e+20
5.148210787e+20
5.097096957e+20
3.596773629e+20
4.273849431e+20
4.22247141e+20
2.090842217e+20
3.443115487e+20
2.728265135e+20
4.043881154e+20
4.005936342e+20
4.618652989e+20
3.922243118e+20
3.230478047e+20
5.76188601e+20
4.429839117e+20
5.64437346e+20
4.340088635e+20
4.916203554e+20
4.253341835e+20
4.81853557e+20
4.765167217e+20
2.952579231e+20
2.883070804e+20
4.322404244e+20
5.756385983e+20
1.006359798e+21
0
1.432568185e+20
1.428482519e+20
7.127907503e+20
1.420398564e+20
1.416758901e+20
2.821098858e+20
1.406177149e+20
5.596067103e+20
2.787852121e+20
4.157681993e+20
5.520426726e+20
1.371284411e+20
0
5.421197368e+20
5.39284616e+20
6.690280864e+20
1.330376045e+20
3.959029189e+20
5.245794981e+20
5.20113497e+20
3.874670457e+20
5.120009653e+20
2.541653927e+20
2.517910937e+20
3.748151417e+20
4.949053539e+20
3.682045557e+20
7.290256825e+20
4.819350559e+20
1.192405487e+20
4.727848423e+20
1.169457465e+20
3.476479495e+20
2.292596773e+20
4.54211395e+20
2.246042109e+20
4.448633843e+20
5.498555622e+20
3.266397956e+20
3.229340888e+20
3.196579255e+20
4.213198531e+20
5.212038209e+20
4.121331988e+20
4.078014274e+20
4.03036589e+20
6.97817128e+20
3.940502251e+20
6.822115843e+20
4.814958345e+20
2.857946864e+20
5.647365518e+20
4.655494858e+20
5.519192658e+20
3.639867873e+20
3.595728467e+20
4.446384149e+20
4.392248282e+20
3.476191275e+20
6.009049923e+20
4.246475009e+20
5.033423413e+20
2.490088986e+20
6.55891439e+20
1.622519386e+20
3.205294876e+20
3.964949864e+20
2.349858383e+20
4.651336283e+20
3.828764821e+20
2.273873368e+20
2.246170361e+20
1.48238607e+20
2.928779585e+20
4.34954714e+20
5.729303441e+20
3.545734089e+20
4.203730631e+20
4.856972401e+20
2.74225774e+20
3.395179382e+20
5.36786341e+20
5.98217546e+20
6.568684218e+20
5.20635718e+20
5.145691395e+20
3.186756717e+20
5.040015226e+20
6.243458119e+20
4.937835345e+20
2.447069121e+20
3.629299364e+20
3.597628445e+20
3.557714302e+20
4.702776309e+20
4.301629184e+20
7.165738849e+20
4.294372136e+20
2.860054551e+20
2.854257441e+20
5.699911539e+20
4.262782855e+20
5.672180792e+20
4.238721044e+20
5.637162624e+20
5.61253793e+20
4.196370637e+20
2.783381665e+20
2.773265489e+20
2.757336989e+20
2.745836512e+20
2.72833947e+20
6.788779692e+20
2.696609535e+20
4.02378648e+20
3.993569456e+20
3.970675314e+20
2.625890421e+20
3.91430839e+20
2.587387012e+20
3.855063655e+20
2.547115527e+20
1.264439237e+20
3.757979814e+20
2.486294072e+20
6.155597278e+20
4.885058955e+20
1.209051973e+20
4.795631629e+20
2.373136675e+20
4.704746335e+20
3.491321239e+20
3.45961362e+20
2.281534194e+20
5.65029361e+20
3.352921565e+20
6.641033282e+20
4.377916361e+20
8.669018903e+20
5.356803307e+20
3.181497165e+20
2.096711736e+20
2.075042887e+20
5.127641069e+20
6.088528715e+20
3.008765241e+20
2.976798926e+20
4.902933711e+20
5.820612132e+20
1.917159004e+20
4.741439975e+20
5.621626186e+20
4.634292797e+20
6.409853639e+20
4.529213e+20
4.47436688e+20
4.426319914e+20
6.995997884e+20
4.325709917e+20
4.272950586e+20
5.918441953e+20
5.010949262e+20
3.305297999e+20
3.264856504e+20
3.230593335e+20
2.393294314e+20
4.73680909e+20
3.119256825e+20
4.630718176e+20
4.574183849e+20
5.282220058e+20
4.472480496e+20
5.903325174e+20
7.289599486e+20
3.60860453e+20
4.277996e+20
7.766146693e+20
6.277733209e+20
4.144718086e+20
4.777729767e+20
4.056193669e+20
6.012109806e+20
5.293940577e+20
3.923732056e+20
5.83117152e+20
3.842117249e+20
1.903555613e+20
5.017559085e+20
4.3509482e+20
3.686826303e+20
3.654202587e+20
3.010853701e+20
4.178417963e+20
5.312548042e+20
4.681617964e+20
4.278895031e+20
8.553450051e+20
7.119494671e+20
5.689912998e+20
5.678418491e+20
2.834935187e+20
2.826904418e+20
4.231764473e+20
2.81098815e+20
7.00950367e+20
1.395797086e+20
5.565921921e+20
5.537764856e+20
1.379415351e+20
4.114553828e+20
5.463217301e+20
1.357128505e+20
2.701510979e+20
2.682764038e+20
4.003152162e+20
5.2975743e+20
3.950431047e+20
3.918847029e+20
2.596315745e+20
2.574339471e+20
2.557102856e+20
6.335888422e+20
2.516230809e+20
7.478562342e+20
4.947888893e+20
4.900144973e+20
2.430481948e+20
8.421839496e+20
5.965181282e+20
2.361576116e+20
5.852336152e+20
5.790725038e+20
5.738184337e+20
3.405866794e+20
4.498565596e+20
1.112311301e+20
4.406279784e+20
4.357186419e+20
6.471025858e+20
3.198966602e+20
2.111037818e+20
2.08691659e+20
4.130723357e+20
4.083072141e+20
4.040200147e+20
4.991475531e+20
2.963080633e+20
2.928268661e+20
4.82828587e+20
4.771037907e+20
4.719833899e+20
6.528807152e+20
2.767969786e+20
8.204030866e+20
4.508777249e+20
5.34510673e+20
6.169010323e+20
2.611755531e+20
6.028897697e+20
5.104672992e+20
4.208611626e+20
5.820120732e+20
7.403870426e+20
3.250385246e+20
4.02034492e+20
5.559661078e+20
3.929887669e+20
4.658237564e+20
4.610282052e+20
3.036019402e+20
3.75638755e+20
5.93706013e+20
3.673335573e+20
2.903013841e+20
4.311272876e+20
4.259181382e+20
6.32616681e+20
3.472286457e+20
3.438732434e+20
3.397639533e+20
2.019165404e+20
3.325338322e+20
5.929424447e+20
3.906407925e+20
4.51532719e+20
3.825117725e+20
3.15855401e+20
3.746476624e+20
3.712841542e+20
5.505635044e+20
5.456921112e+20
5.395342245e+20
5.942529538e+20
5.288739952e+20
4.660649153e+20
1.418799971e+20
4.254245567e+20
4.249259675e+20
8.490051039e+20
2.824318892e+20
1.410036052e+20
4.21816513e+20
5.612836541e+20
1.398158515e+20
6.972939545e+20
2.777072058e+20
1.384246749e+20
5.509066935e+20
5.489090808e+20
2.728882363e+20
6.79381869e+20
2.700319179e+20
2.687653715e+20
2.669059991e+20
6.637880656e+20
5.270665496e+20
3.930392162e+20
5.198747034e+20
3.874838846e+20
2.56142286e+20
2.544292918e+20
6.304306053e+20
5.007418048e+20
2.48051179e+20
2.461716898e+20
3.657038557e+20
2.418552681e+20
1.197245808e+20
4.748887352e+20
2.350127645e+20
5.82401615e+20
4.610281821e+20
4.568490792e+20
6.779178773e+20
3.357827304e+20
4.428130644e+20
4.385403752e+20
5.420814836e+20
2.146858938e+20
5.306654541e+20
5.25292659e+20
4.154425074e+20
3.083655579e+20
3.048155529e+20
7.037720986e+20
4.968554782e+20
3.932650933e+20
4.858167135e+20
2.883758615e+20
3.799501435e+20
3.758739073e+20
5.570845045e+20
2.755477677e+20
3.629847037e+20
6.283935114e+20
4.434324318e+20
5.264075787e+20
7.800349573e+20
1.714869401e+20
3.388005563e+20
6.703891223e+20
3.311065142e+20
3.276050136e+20
1.618020854e+20
3.202084882e+20
5.53518616e+20
2.347552854e+20
3.09184755e+20
4.590025511e+20
4.53405119e+20
5.235869339e+20
7.388803714e+20
3.657235296e+20
4.335450342e+20
5.007785109e+20
4.240531533e+20
6.298458467e+20
3.457077761e+20
3.423666316e+20
4.735845325e+20
6.030936881e+20
5.297191782e+20
2.62373168e+20
5.83385415e+20
5.779896262e+20
3.808267968e+20
2.515711222e+20
4.97324183e+20
4.928593365e+20
4.263193353e+20
4.829114941e+20
4.177726692e+20
4.141289086e+20
5.265144301e+20
4.059883925e+20
2.822760056e+20
5.64266825e+20
2.818038012e+20
4.222850413e+20
5.61916782e+20
2.805364059e+20
5.594939598e+20
5.583627652e+20
6.954495644e+20
5.549403923e+20
4.144050379e+20
1.101670271e+21
6.850831149e+20
4.095610924e+20
6.787185375e+20
4.055386096e+20
4.029785638e+20
6.684844715e+20
3.983242858e+20
3.962511968e+20
3.933021506e+20
5.214074065e+20
2.586314887e+20
1.285133689e+20
5.097270439e+20
2.531610684e+20
3.763822187e+20
8.71958937e+20
3.702436619e+20
2.449609625e+20
7.278290425e+20
3.610109917e+20
1.19142877e+20
7.088782917e+20
7.016368912e+20
2.318387565e+20
5.735246552e+20
3.409983792e+20
1.124488942e+20
5.569805461e+20
7.7126272e+20
3.27354345e+20
4.316309961e+20
4.273608654e+20
1.056386125e+20
6.274185797e+20
6.202794939e+20
5.11566941e+20
5.05689515e+20
4.003080854e+20
6.924181002e+20
1.9573466e+20
4.836089012e+20
6.698219935e+20
6.619076073e+20
4.677207146e+20
4.62149747e+20
6.400561576e+20
3.613604802e+20
4.468454034e+20
6.180398848e+20
2.620319503e+20
6.040021852e+20
1.707264654e+20
5.902801415e+20
4.171417487e+20
4.120595879e+20
5.707834046e+20
5.638192361e+20
3.985023134e+20
5.510925786e+20
4.674528182e+20
4.617484139e+20
6.093261596e+20
4.514247793e+20
4.468283733e+20
6.620909446e+20
2.184765323e+20
5.755394975e+20
4.985944055e+20
5.629392396e+20
4.877438057e+20
2.065201027e+20
2.726985313e+20
4.715177291e+20
4.003072957e+20
4.614790508e+20
3.918397082e+20
3.226845486e+20
5.115195833e+20
5.68734901e+20
4.383184556e+20
5.570297418e+20
3.680192688e+20
4.850735316e+20
3.004889231e+20
2.970886523e+20
4.711966852e+20
3.494505506e+20
5.774087552e+20
7.020186449e+20
1.403329406e+20
2.803390116e+20
5.601207704e+20
4.19250282e+20
4.186212955e+20
2.782981161e+20
4.166040893e+20
6.918573682e+20
8.281132644e+20
9.619667521e+20
1.370002595e+20
4.08941569e+20
4.074621114e+20
2.70100902e+20
4.034694307e+20
2.672868578e+20
2.660361337e+20
5.284135334e+20
2.628333163e+20
9.130904533e+20
2.59394544e+20
1.286693404e+20
5.114876442e+20
5.071949253e+20
3.778581382e+20
3.745245936e+20
4.9580713e+20
3.684285291e+20
3.656431292e+20
6.035710191e+20
3.592563059e+20
7.114007904e+20
7.054568305e+20
3.491340755e+20
5.768190522e+20
4.566323236e+20
6.787510878e+20
2.238331275e+20
5.543483247e+20
6.57974563e+20
3.258179666e+20
1.074039499e+20
3.190265185e+20
5.257436022e+20
5.204276077e+20
5.145181692e+20
4.073705175e+20
7.047243006e+20
2.98858186e+20
4.923339044e+20
6.819572767e+20
6.739894911e+20
5.715382221e+20
3.765311459e+20
3.724944966e+20
4.600810935e+20
4.551381171e+20
2.698130457e+20
5.338274027e+20
6.15298895e+20
4.34784166e+20
3.43619596e+20
5.099181171e+20
4.197731267e+20
2.491839519e+20
1.641008127e+20
4.059144185e+20
5.613529401e+20
3.967593969e+20
4.703037554e+20
6.205506989e+20
4.597373665e+20
6.066722392e+20
2.996411089e+20
5.190324987e+20
4.394765084e+20
5.800727151e+20
2.865204175e+20
4.255108019e+20
3.503097964e+20
4.162509083e+20
4.797879217e+20
6.109068051e+20
5.365358709e+20
4.649952883e+20
5.907489964e+20
3.901346338e+20
4.49789831e+20
3.819676601e+20
4.404178224e+20
3.740608395e+20
4.929700579e+20
4.885443521e+20
5.433118112e+20
4.786717532e+20
6.507157552e+20
4.691216277e+20
2.89921058e+20
5.173711654e+20
0
8.376406135e+20
5.577787421e+20
4.179188041e+20
4.170855649e+20
1.388201737e+20
2.768641828e+20
4.144584365e+20
4.129812544e+20
4.119300412e+20
5.468796659e+20
5.451959547e+20
2.71236524e+20
1.351281783e+20
2.687284791e+20
6.690354329e+20
6.648378775e+20
5.293843916e+20
3.943162809e+20
5.230251525e+20
2.595777325e+20
6.452461682e+20
5.121174663e+20
5.089472995e+20
3.785158796e+20
6.266554417e+20
4.969136199e+20
4.933760862e+20
2.444207379e+20
3.638623314e+20
6.006464551e+20
5.958643246e+20
4.719850557e+20
4.680454924e+20
4.632877365e+20
4.592541702e+20
5.680821009e+20
1.125893606e+20
3.341677489e+20
6.620890385e+20
3.274479387e+20
5.404932372e+20
3.207144998e+20
4.233950044e+20
5.233167553e+20
6.216344638e+20
5.121586022e+20
6.082570966e+20
5.010805853e+20
4.958296772e+20
6.861453743e+20
3.879265287e+20
1.917011741e+20
2.84483329e+20
3.748446183e+20
2.781206077e+20
3.664247013e+20
3.624891801e+20
4.476940667e+20
2.657307402e+20
6.125821103e+20
4.328654995e+20
5.131627418e+20
2.538383587e+20
5.015206099e+20
4.134875005e+20
4.901523172e+20
6.466272315e+20
4.790641086e+20
6.32050656e+20
2.341301778e+20
2.316954773e+20
4.577437606e+20
4.530310026e+20
3.729296229e+20
2.953056372e+20
4.375756409e+20
6.497586518e+20
4.992433023e+20
7.061183646e+19
4.185549232e+20
6.907523206e+20
6.824481354e+20
5.406799673e+20
3.338841237e+20
3.968425435e+20
4.574812246e+20
2.589628895e+20
3.838614646e+20
4.43695168e+20
3.132164802e+20
3.724344133e+20
4.908214613e+20
4.864150697e+20
5.409368456e+20
5.361521377e+20
3.533791266e+20
4.086816706e+20
5.772893249e+20
2.289309612e+20
8.337471945e+20
1.388880739e+20
0
5.5435916e+20
2.766287248e+20
6.905365641e+20
2.754449505e+20
0
2.739132663e+20
0
4.080695564e+20
4.068145816e+20
4.047891921e+20
5.377707166e+20
5.347398653e+20
1.331312595e+20
2.645970469e+20
2.63361768e+20
2.615615826e+20
5.204100866e+20
3.874282115e+20
7.70445834e+20
7.643743646e+20
0
1.255513542e+20
6.235778486e+20
4.94485087e+20
8.591953403e+20
6.080852292e+20
2.413991971e+20
3.586500576e+20
2.371984088e+20
3.522935817e+20
4.658080297e+20
3.458133964e+20
5.713424957e+20
1.130798754e+20
3.361757754e+20
6.652012876e+20
4.393262563e+20
7.604868461e+20
7.531721677e+20
6.384620041e+20
5.267994356e+20
6.250946523e+20
3.093911074e+20
5.098205783e+20
1.009139894e+20
6.983304753e+20
4.935829255e+20
4.878938846e+20
2.896343035e+20
4.771042467e+20
1.888060437e+20
4.664664144e+20
5.537629675e+20
2.735993107e+20
2.70661681e+20
2.674304012e+20
3.527442913e+20
6.098892114e+20
4.309636923e+20
5.10915938e+20
2.52727468e+20
2.496663625e+20
2.470105684e+20
4.88020896e+20
4.82862038e+20
6.359823044e+20
4.719826861e+20
5.439404083e+20
6.151818392e+20
3.038449134e+20
3.758957214e+20
6.683793179e+20
3.675404385e+20
6.535367194e+20
3.594221225e+20
3.550675225e+20
4.921549225e+20
4.862126824e+20
6.190010528e+20
2.038531394e+20
3.364699289e+20
3.324458275e+20
4.609879886e+20
5.856533674e+20
5.801529275e+20
3.822032397e+20
5.048892681e+20
3.742327708e+20
5.562331039e+20
4.886915127e+20
4.23766234e+20
2.992125294e+20
2.965661314e+20
4.691146438e+20
3.487693972e+20
3.448553478e+20
5.69820118e+20
1.382460439e+20
2.763534812e+20
5.520692126e+20
4.136419327e+20
5.504300105e+20
6.870086791e+20
6.851004857e+20
2.734885066e+20
4.087800231e+20
4.077417257e+20
5.413340785e+20
8.095065992e+20
0
4.012922997e+20
3.9903758e+20
6.623111245e+20
2.632723413e+20
3.930669715e+20
6.506468848e+20
1.035642081e+21
5.140120378e+20
6.388619622e+20
3.803049882e+20
6.299269582e+20
4.997472956e+20
3.72318202e+20
3.690601322e+20
4.885848235e+20
1.210294559e+20
6.005871203e+20
5.948815356e+20
7.081862418e+20
2.337430203e+20
1.043081679e+21
3.441766325e+20
4.549144246e+20
6.752902459e+20
5.576640192e+20
2.206987788e+20
6.559186181e+20
1.081373561e+20
3.212941587e+20
5.296019422e+20
4.195020721e+20
5.18529661e+20
6.159560203e+20
6.090045645e+20
4.018239654e+20
4.965549097e+20
5.896277319e+20
4.85703771e+20
6.727827517e+20
4.74974739e+20
3.75928222e+20
4.643956068e+20
3.67537803e+20
4.539847758e+20
8.982237174e+19
3.550063865e+20
2.633959987e+20
4.337284892e+20
3.432628187e+20
2.543443615e+20
2.516262584e+20
3.314425643e+20
4.918760644e+20
4.049232762e+20
4.807719052e+20
5.540818344e+20
4.699451257e+20
3.094842446e+20
3.828325606e+20
5.294426354e+20
2.994236993e+20
6.655101608e+20
4.391549963e+20
5.061266161e+20
5.010327761e+20
7.070916834e+20
5.60051695e+20
5.532906244e+20
5.478648503e+20
5.412783814e+20
5.36043768e+20
1.986119219e+20
3.934372532e+20
3.887589176e+20
3.209227484e+20
2.537061865e+20
6.912361434e+20
3.726197905e+20
5.538354382e+20
5.474024666e+20
4.822117056e+20
4.170822946e+20
5.315061528e+20
4.086906339e+20
5.208802687e+20
4.578004698e+20
4.538677642e+20
6.877073884e+20
5.498906264e+20
8.238870863e+20
5.48714875e+20
5.476313239e+20
4.101099949e+20
4.089745406e+20
5.442027605e+20
0
4.056793451e+20
1.34650812e+20
9.39663202e+20
0
2.661846726e+20
3.970404537e+20
0
2.619608339e+20
5.214812721e+20
3.884532594e+20
6.440720353e+20
3.836087654e+20
1.017147202e+21
3.78441242e+20
8.775820282e+20
1.243282801e+20
4.940099738e+20
2.448492723e+20
4.862239201e+20
4.817900664e+20
4.781633546e+20
5.920403759e+20
3.524048819e+20
5.815856806e+20
4.613966729e+20
3.425552894e+20
4.527751636e+20
2.240436925e+20
5.550596346e+20
5.491835305e+20
2.176254458e+20
3.229151454e+20
6.3962802e+20
1.054349339e+20
5.219779106e+20
5.161688072e+20
5.109629373e+20
6.062495881e+20
4.000085272e+20
3.954580723e+20
2.934899745e+20
4.83533232e+20
2.870482235e+20
5.674369879e+20
4.678241345e+20
2.774058624e+20
4.57393446e+20
1.807953656e+20
5.365660951e+20
6.185420949e+20
4.370732428e+20
6.909415112e+20
4.272097752e+20
2.532404208e+20
5.010692073e+20
4.950137278e+20
7.346243091e+20
7.257197771e+20
3.989164911e+20
3.940712935e+20
3.119500548e+20
4.622353249e+20
3.811906769e+20
6.024871353e+20
4.472128363e+20
2.945180139e+20
3.643980463e+20
5.759605819e+20
2.850817226e+20
3.520371478e+20
3.485382525e+20
6.197961708e+20
2.727633361e+20
6.737103489e+20
2.668776784e+20
5.273697483e+20
4.570491682e+20
5.161287941e+20
2.556401259e+20
4.420843018e+20
5.005637311e+20
4.946942062e+20
4.289120532e+20
4.844865965e+20
5.401542926e+20
3.559566106e+20
3.528088164e+20
4.650530359e+20
5.186261218e+20
5.127876537e+20
4.518967039e+20
2.736881132e+20
4.103271347e+20
1.366188466e+20
6.82419519e+20
4.08645715e+20
2.720239828e+20
2.712732329e+20
5.414565077e+20
8.093268173e+20
1.345459076e+20
1.339749578e+20
6.678212877e+20
3.987163661e+20
3.972818585e+20
1.316877395e+20
7.868647679e+20
5.213246569e+20
3.891743077e+20
2.576916485e+20
1.281798677e+20
1.272423814e+20
3.795617111e+20
5.021275653e+20
2.49516671e+20
6.186281788e+20
2.458095239e+20
6.091748198e+20
4.838857234e+20
2.397422934e+20
5.948488111e+20
3.535357356e+20
5.845544412e+20
2.31535993e+20
4.592221795e+20
1.136497168e+20
3.379919463e+20
3.34500665e+20
2.209917851e+20
5.46643823e+20
4.332414318e+20
5.357199559e+20
5.305790606e+20
5.247695445e+20
7.274401316e+20
2.055317415e+20
7.121104426e+20
4.023462834e+20
5.97314129e+20
7.873764041e+20
5.843558401e+20
2.888292038e+20
1.905149496e+20
2.824633489e+20
3.726051458e+20
4.603086644e+20
6.375354691e+20
3.600076265e+20
4.451822337e+20
1.759562031e+20
6.962718043e+20
4.299648007e+20
3.402857873e+20
4.202433696e+20
4.989047602e+20
4.107351054e+20
5.689148763e+20
3.211576143e+20
5.560863679e+20
4.708612976e+20
4.659223305e+20
4.602612888e+20
2.277376898e+20
5.249291722e+20
4.453065155e+20
4.398967441e+20
5.079856804e+20
5.018227792e+20
3.548367514e+20
5.608660407e+20
2.776455166e+20
4.80015632e+20
3.395052293e+20
5.366778115e+20
5.314864013e+20
2.625634724e+20
3.900899069e+20
5.139312389e+20
6.363785149e+20
4.401989956e+20
4.984286377e+20
3.694351859e+20
4.880903005e+20
4.221097631e+20
4.183203203e+20
3.544273653e+20
5.26939995e+20
5.209295539e+20
2.868841115e+20
2.26919619e+20
4.499426894e+20
8.169220354e+20
5.4434319e+20
4.077905764e+20
5.431843676e+20
8.131777072e+20
1.353276085e+20
4.048659004e+20
4.040533747e+20
4.026360379e+20
5.354887292e+20
6.665292718e+20
3.986929083e+20
5.289765086e+20
3.953065482e+20
3.931055788e+20
1.304948678e+20
2.593766325e+20
5.163423281e+20
7.692809803e+20
5.102061963e+20
1.266212973e+20
3.777114385e+20
3.747680194e+20
6.207686367e+20
3.693864165e+20
4.892511536e+20
3.637528349e+20
6.019623841e+20
2.386005333e+20
5.92020581e+20
3.518632215e+20
1.163587475e+20
4.608960704e+20
1.142670216e+20
4.524773365e+20
1.121391098e+20
4.439337297e+20
4.39938534e+20
4.353019978e+20
5.390630516e+20
0
5.281570864e+20
5.223862657e+20
3.103463058e+20
2.046044044e+20
6.076302414e+20
5.006781181e+20
4.955330284e+20
6.858846808e+20
4.847959076e+20
1.916999349e+20
4.741798598e+20
2.812192603e+20
3.709655418e+20
3.666336405e+20
8.161004073e+20
3.584383234e+20
6.205403349e+20
2.62789164e+20
8.665660363e+19
6.849717525e+20
2.541124143e+20
4.184350683e+20
8.279315533e+19
4.907688045e+20
2.427755891e+20
3.997311758e+20
4.746086841e+20
3.125695329e+20
2.319683248e+20
5.346880488e+20
3.779488002e+20
5.227011758e+20
4.434163777e+20
3.650270043e+20
4.335707186e+20
4.996981928e+20
4.94667857e+20
4.886812864e+20
5.529409244e+20
5.462684622e+20
4.056822618e+20
4.67605888e+20
5.953912363e+20
3.921773528e+20
5.179166702e+20
3.838142383e+20
3.8020788e+20
3.130926438e+20
3.101948005e+20
4.904842796e+20
3.645099202e+20
5.40397603e+20
6.545565529e+20
4.705482713e+20
4.080892753e+20
4.610611553e+20
5.141758556e+20
5.083697452e+20
4.480055006e+20
6.77351098e+20
5.416112341e+20
5.409937817e+20
2.702303554e+20
1.348508648e+20
4.039502355e+20
2.685615886e+20
6.700579037e+20
5.341718403e+20
3.996155118e+20
2.652868021e+20
3.967129076e+20
2.631786955e+20
6.55584639e+20
2.607781631e+20
3.89556014e+20
6.452588939e+20
3.853579884e+20
6.379367266e+20
3.807880809e+20
5.040249875e+20
2.505860784e+20
2.486386791e+20
2.471099021e+20
4.901508225e+20
3.651794701e+20
3.620174949e+20
5.9909519e+20
3.562043953e+20
5.892191174e+20
5.836774294e+20
4.6324719e+20
8.027958886e+20
2.274670536e+20
9.00751031e+20
5.580955265e+20
3.314142348e+20
5.473904191e+20
4.333073854e+20
2.146388333e+20
3.185061316e+20
4.206056986e+20
5.200245366e+20
4.119270924e+20
6.110561935e+20
4.032698497e+20
6.978209118e+20
3.946593217e+20
4.877444578e+20
4.826478212e+20
3.817091783e+20
3.776727315e+20
5.599721652e+20
2.770052284e+20
2.737758176e+20
3.611305021e+20
3.568826425e+20
2.647924673e+20
5.233078347e+20
3.451299604e+20
3.410126955e+20
5.903799127e+20
3.333138101e+20
5.770700641e+20
2.443367638e+20
4.028990626e+20
3.184239511e+20
5.513541165e+20
3.112428919e+20
3.849731851e+20
3.803028089e+20
6.774272143e+20
5.204920124e+20
5.151325873e+20
5.088811024e+20
2.158703597e+20
2.843380117e+20
4.925820024e+20
4.866222854e+20
2.064789841e+20
3.399794904e+20
4.713015741e+20
3.32596742e+20
4.611301393e+20
3.905235635e+20
3.867990383e+20
3.184948715e+20
5.048031021e+20
3.741224705e+20
5.559892093e+20
4.273553138e+20
4.234595371e+20
5.381023184e+20
2.962620096e+20
6.44247923e+20
4.063512635e+20
6.312498556e+20
5.688658229e+20
4.499459691e+20
3.90324306e+20
5.391743753e+20
5.389065636e+20
4.037205092e+20
8.06646348e+20
6.70894382e+20
2.679585979e+20
2.672259945e+20
5.333815726e+20
0
7.95268636e+20
1.319874992e+20
6.579207934e+20
3.928230614e+20
2.609428503e+20
2.594986213e+20
2.584308888e+20
5.136858371e+20
6.391295991e+20
6.348364001e+20
3.789396361e+20
3.761914281e+20
6.234408143e+20
3.711654173e+20
6.148096134e+20
3.658567619e+20
2.422915713e+20
3.602986337e+20
3.577531078e+20
4.726986616e+20
7.037328507e+20
4.6475363e+20
5.763498268e+20
0
1.132049905e+20
3.36219848e+20
6.666234073e+20
4.398563739e+20
4.359047148e+20
3.234982266e+20
4.273228587e+20
7.398138874e+20
3.140273235e+20
4.141472532e+20
3.075569248e+20
8.1109844e+20
2.007345493e+20
1.984915028e+20
3.929079048e+20
2.913542884e+20
3.844149494e+20
5.700499985e+20
5.640243521e+20
3.716848972e+20
3.677292456e+20
7.26898194e+20
1.797817156e+20
6.218457123e+20
3.515320507e+20
1.736856247e+20
6.013811505e+20
6.79104268e+20
2.519368638e+20
3.318918033e+20
3.283481197e+20
4.054967215e+20
6.418989145e+20
3.963431212e+20
4.705869139e+20
4.648911969e+20
3.066770896e+20
2.272195328e+20
1.499046401e+20
6.663875711e+20
4.396838339e+20
3.619589471e+20
5.015804536e+20
4.955025365e+20
6.306604261e+20
3.461289731e+20
6.853748538e+20
4.062639113e+20
4.022776404e+20
4.636815264e+20
3.279961372e+20
3.888836635e+20
4.493700614e+20
2.537247186e+20
3.770102761e+20
3.725471476e+20
4.921312604e+20
4.255522274e+20
3.011947916e+20
4.762901771e+20
2.950090027e+20
2.915978871e+20
4.624319919e+20
2.285686109e+20
6.23090495e+20
5.040273111e+20
3.886581459e+20
9.388658544e+20
5.362287718e+20
4.017157912e+20
2.675472631e+20
6.675677605e+20
2.666303388e+20
3.988554282e+20
2.653715924e+20
5.288986757e+20
1.318908906e+20
2.626761042e+20
6.546855414e+20
5.211962012e+20
3.894967414e+20
5.164631491e+20
3.857552842e+20
3.833918013e+20
3.816157894e+20
2.527064251e+20
3.771090504e+20
2.495877978e+20
3.722672963e+20
3.693899655e+20
7.34247359e+20
2.4274474e+20
6.028529775e+20
8.367240413e+20
4.747535749e+20
7.057187545e+20
3.502169906e+20
5.782321648e+20
4.589327184e+20
4.5448931e+20
3.380440314e+20
4.462299138e+20
5.529671568e+20
2.189228271e+20
3.254365638e+20
6.440587503e+20
5.317322167e+20
6.312661487e+20
3.126132245e+20
4.122916555e+20
4.082412711e+20
3.028078968e+20
4.996054478e+20
4.940336003e+20
2.933789731e+20
5.801465337e+20
4.784082547e+20
4.729651716e+20
2.807806541e+20
1.850345939e+20
3.661321806e+20
3.61877481e+20
6.265173281e+20
7.076228868e+20
4.375257356e+20
3.458834633e+20
4.27719354e+20
3.381040304e+20
4.181049971e+20
4.131023478e+20
4.90430789e+20
4.037801606e+20
4.793868867e+20
6.314728648e+20
3.905012341e+20
5.400904416e+20
3.053865843e+20
3.016872802e+20
4.478256883e+20
3.68663741e+20
2.189205139e+20
4.325330134e+20
4.281266767e+20
4.229408735e+20
1.395607498e+20
3.446827861e+20
5.460084557e+20
2.022833668e+20
4.005966697e+20
3.298171026e+20
5.226002575e+20
4.518003916e+20
3.8356323e+20
6.316562722e+20
5.631473383e+20
6.183083927e+20
5.513257667e+20
4.843020482e+20
2.99929211e+20
4.149986948e+20
4.700264802e+20
4.065128218e+20
5.180390702e+20
5.121002198e+20
4.512371899e+20
4.46118929e+20
4.975793356e+20
2.669208376e+20
8.003661899e+20
9.327053963e+20
3.993383976e+20
5.314191731e+20
3.979727745e+20
5.291885327e+20
5.281307702e+20
5.263009429e+20
5.249737138e+20
9.148647547e+20
2.605927807e+20
6.483167213e+20
7.751958075e+20
5.139536818e+20
3.838825959e+20
3.815373401e+20
5.063624179e+20
6.287252811e+20
5.003947547e+20
0
4.939830541e+20
7.35262837e+20
6.089639087e+20
7.247878476e+20
4.800033659e+20
5.948490294e+20
3.543931074e+20
3.512103173e+20
5.809715797e+20
3.453284735e+20
3.426041102e+20
2.26196561e+20
3.364875577e+20
4.441856013e+20
3.302628924e+20
2.179266171e+20
7.559023433e+20
7.480055382e+20
3.17599628e+20
7.33170423e+20
4.14949072e+20
5.130657646e+20
6.096344777e+20
4.01954507e+20
4.973942697e+20
6.886008911e+20
1.947256477e+20
2.888034607e+20
5.715795353e+20
4.709067521e+20
6.523062965e+20
3.684674644e+20
2.734116959e+20
3.603193984e+20
3.564697389e+20
3.522955812e+20
3.485220681e+20
5.16612551e+20
4.258964158e+20
3.366682259e+20
4.163304141e+20
4.936258225e+20
3.255713898e+20
4.020780716e+20
4.773667578e+20
6.288192274e+20
3.110884872e+20
2.304972655e+20
3.041068944e+20
3.75532277e+20
5.202787875e+20
3.671251158e+20
5.086825384e+20
2.153652205e+20
4.263422503e+20
3.50983393e+20
4.864286647e+20
6.864972675e+20
2.718680506e+20
7.386200744e+20
6.648828149e+20
3.941335599e+20
4.553718372e+20
3.213706977e+20
5.72948315e+20
5.032183118e+20
4.984880109e+20
4.310086304e+20
3.660155062e+20
6.028447398e+20
5.376135988e+20
3.542213204e+20
2.92534519e+20
4.04803105e+20
4.012249317e+20
3.966195758e+20
3.370003871e+20
4.44229719e+20
3.303155469e+20
3.984110158e+20
3.982141779e+20
2.651769972e+20
2.649169273e+20
2.644050064e+20
6.60032344e+20
3.949466184e+20
0
3.927964525e+20
7.836137527e+20
2.601162896e+20
2.593238247e+20
3.871014333e+20
3.857174903e+20
6.393356041e+20
6.367133366e+20
5.062676434e+20
5.039274295e+20
2.502854523e+20
2.490002869e+20
3.708139721e+20
4.916323016e+20
2.439263572e+20
3.636495273e+20
2.404579805e+20
9.554915746e+20
2.368257391e+20
4.703155524e+20
4.661021321e+20
1.156546941e+20
1.145775123e+20
4.546978713e+20
6.75474272e+20
3.349453514e+20
6.63239902e+20
4.383457429e+20
5.423485812e+20
5.374885037e+20
2.127542188e+20
2.107819076e+20
4.170818481e+20
4.130971899e+20
4.086299014e+20
6.069312367e+20
5.002261778e+20
3.961620624e+20
5.876412478e+20
3.877456978e+20
5.750894468e+20
4.742425201e+20
3.750929378e+20
5.566991972e+20
4.58599433e+20
2.722344817e+20
4.484683438e+20
7.098855418e+20
3.507926525e+20
3.470363241e+20
6.001551493e+20
3.392711602e+20
4.190557057e+20
3.316566651e+20
5.7347091e+20
2.431504216e+20
4.804683267e+20
3.961363192e+20
3.913673746e+20
2.323402271e+20
7.65117653e+20
3.785473557e+20
5.235560194e+20
3.700803311e+20
5.849588482e+20
3.618344765e+20
5.004333023e+20
3.538105309e+20
4.194338701e+20
4.844115737e+20
5.469221861e+20
4.061119366e+20
5.349527544e+20
4.63489278e+20
3.270835391e+20
6.478346127e+20
5.120607616e+20
5.071748152e+20
3.132056866e+20
3.723134599e+20
6.131663082e+20
4.252421475e+20
4.802664201e+20
3.56915629e+20
2.939516125e+20
6.408881131e+20
4.606945253e+20
3.424669516e+20
6.206405909e+20
3.915156861e+20
3.870618869e+20
4.385644957e+20
5.28613428e+20
5.283527204e+20
5.277591194e+20
5.272421185e+20
2.63113174e+20
2.627234134e+20
7.860416068e+20
6.53727927e+20
0
5.198695574e+20
5.177100017e+20
6.451679179e+20
2.568207227e+20
1.279517448e+20
5.090072032e+20
1.267304139e+20
3.77881722e+20
8.776525583e+20
2.49092278e+20
2.478145971e+20
3.690554882e+20
6.116297707e+20
4.855521092e+20
2.412913283e+20
2.393306817e+20
4.755093453e+20
5.893056166e+20
3.510956336e+20
6.959160192e+20
5.756003065e+20
2.281008559e+20
6.789144318e+20
5.6032278e+20
3.334172173e+20
1.100381649e+20
5.454489178e+20
3.239417269e+20
5.350687475e+20
3.177017774e+20
5.245980939e+20
4.152258355e+20
1.02815441e+20
5.085291347e+20
1.007086439e+20
5.976344398e+20
4.930301164e+20
1.950252528e+20
2.895412309e+20
3.817292143e+20
3.777493917e+20
4.668432008e+20
1.847665262e+20
3.65305256e+20
4.517789356e+20
3.5724314e+20
3.534288289e+20
6.986049855e+20
2.591723953e+20
5.122434019e+20
2.533780568e+20
5.842075625e+20
5.779564832e+20
4.079038419e+20
5.649721521e+20
5.582032168e+20
6.311695332e+20
5.456310153e+20
4.627444454e+20
3.809688707e+20
4.523691325e+20
6.703521513e+20
6.633824209e+20
3.640860753e+20
2.882694277e+20
4.983649961e+20
4.932872623e+20
4.177020882e+20
4.134952649e+20
4.08499004e+20
3.370297909e+20
3.329660229e+20
3.95637004e+20
5.863206229e+20
5.161282344e+20
3.824595147e+20
5.050796933e+20
5.614393065e+20
2.471825019e+20
5.495644851e+20
4.839781889e+20
4.184895074e+20
4.14673684e+20
4.098206646e+20
5.221821617e+20
3.440798196e+20
5.683980499e+20
6.180437627e+20
3.34181202e+20
4.404988979e+20
3.821333629e+20
6.575468999e+20
3.943339003e+20
3.938921346e+20
6.55844518e+20
5.236678073e+20
2.614464248e+20
5.214849044e+20
3.903341898e+20
2.593293145e+20
1.293386297e+20
1.288029424e+20
5.136452604e+20
2.555858145e+20
6.366847898e+20
3.799271235e+20
1.261240196e+20
5.014400758e+20
2.495635196e+20
4.958208522e+20
2.466401459e+20
3.673136039e+20
6.08746605e+20
4.832731004e+20
4.803206822e+20
7.146417104e+20
4.732937443e+20
5.865724749e+20
5.824496689e+20
5.772572327e+20
1.145903486e+20
5.676408538e+20
1.126351161e+20
5.577737386e+20
3.319029636e+20
5.477044093e+20
3.257928384e+20
5.374791337e+20
6.392048171e+20
3.162849769e+20
3.133574426e+20
8.267725366e+20
1.023606439e+20
3.037744636e+20
4.010640285e+20
5.950205332e+20
7.854026124e+20
4.854438099e+20
6.726631302e+20
3.800798416e+20
0
7.437401778e+20
5.519205577e+20
5.456166279e+20
1.799401371e+20
3.557246249e+20
3.519277468e+20
5.217374096e+20
6.021794047e+20
2.55043212e+20
3.36415725e+20
5.817578551e+20
4.933150945e+20
3.249599679e+20
5.626131856e+20
3.970568289e+20
5.499751243e+20
6.209904656e+20
3.072163344e+20
5.311489068e+20
3.003313747e+20
5.192319243e+20
2.202143526e+20
2.90068276e+20
4.30621728e+20
4.963137162e+20
3.508975988e+20
4.159845481e+20
6.176920695e+20
4.746236603e+20
4.699022316e+20
7.295154027e+20
2.626739738e+20
5.839108478e+20
3.855047772e+20
4.443675888e+20
5.0300181e+20
5.591275723e+20
2.461644855e+20
6.081090452e+20
6.024774458e+20
5.358346796e+20
5.309486762e+20
2.915166072e+20
4.622394551e+20
4.568676214e+20
2.83018808e+20
3.357101317e+20
3.327892237e+20
2.193284444e+20
5.97985543e+20
2.617432973e+20
2.616146545e+20
3.919836055e+20
9.137344575e+20
5.211340256e+20
5.203635799e+20
2.59483315e+20
1.294833304e+20
7.742404119e+20
0
5.127375328e+20
2.555900393e+20
5.087254509e+20
1.267280508e+20
1.260387576e+20
6.276170035e+20
4.990606535e+20
1.241902445e+20
4.934794723e+20
3.682151611e+20
4.874507803e+20
4.847123949e+20
6.012692317e+20
3.585598603e+20
5.927687479e+20
4.710986945e+20
7.006374819e+20
5.797649288e+20
5.74608973e+20
6.843929302e+20
3.390320245e+20
1.121225351e+20
2.220991139e+20
4.40536536e+20
3.271442196e+20
4.324394522e+20
5.350770535e+20
4.24235211e+20
5.248012614e+20
5.199474212e+20
8.231258575e+20
2.038197053e+20
5.040720292e+20
5.989634659e+20
4.936911602e+20
1.954967518e+20
5.800113991e+20
3.827173787e+20
6.622781562e+20
3.745025508e+20
3.70279344e+20
6.411555161e+20
5.432952935e+20
6.271134041e+20
5.313284467e+20
3.504393617e+20
4.329497927e+20
4.283176708e+20
5.92605458e+20
4.187574452e+20
4.138061473e+20
4.912562475e+20
4.045102535e+20
3.201564779e+20
5.535751694e+20
4.694536759e+20
6.184240183e+20
4.589204239e+20
5.289595927e+20
2.990936149e+20
5.170965513e+20
4.386174837e+20
2.888775486e+20
3.573782906e+20
2.824452876e+20
4.892426639e+20
4.142810748e+20
4.101080913e+20
6.077329461e+20
5.348327255e+20
4.623373923e+20
3.269985238e+20
4.522939555e+20
4.47914145e+20
5.057685079e+20
5.009409533e+20
4.949642643e+20
3.677322302e+20
3.633669412e+20
6.000026551e+20
4.150453367e+20
5.875151191e+20
4.645026724e+20
4.027912419e+20
3.981056738e+20
4.509573646e+20
4.457561874e+20
3.866435924e+20
5.460377759e+20
4.330885039e+20
2.604801452e+20
6.508808557e+20
5.201246427e+20
6.495210534e+20
3.889684841e+20
7.767879916e+20
5.164725602e+20
3.865838961e+20
3.852644053e+20
3.842975593e+20
7.654304199e+20
3.815538347e+20
2.531512867e+20
5.044997574e+20
3.763226025e+20
3.747854256e+20
0
2.472086214e+20
4.911601014e+20
4.886486515e+20
6.064645043e+20
3.618366347e+20
3.590840003e+20
2.379298785e+20
8.260396372e+20
7.033858667e+20
4.64945239e+20
3.462628951e+20
3.431909406e+20
4.541816572e+20
4.499915011e+20
2.232291966e+20
4.421956846e+20
2.192768984e+20
6.513580728e+20
1.07626475e+20
4.261570786e+20
6.335261529e+20
4.179852671e+20
3.105917221e+20
6.146334048e+20
4.058520581e+20
3.011235885e+20
6.957461337e+20
2.949303604e+20
2.91975368e+20
9.625199255e+19
4.76337661e+20
4.710293616e+20
4.661249641e+20
2.765266129e+20
4.560193822e+20
4.508280231e+20
5.352505639e+20
2.645444972e+20
3.48963513e+20
4.311337743e+20
3.412178982e+20
3.37217673e+20
1.668039767e+20
8.24170801e+20
3.261430096e+20
4.834014559e+20
6.376615549e+20
3.937784323e+20
2.337581136e+20
5.388938599e+20
6.093760217e+20
5.267882525e+20
3.723325196e+20
2.942735258e+20
6.552316472e+20
4.315448355e+20
4.271006242e+20
6.329075162e+20
3.480322395e+20
6.876524936e+20
2.042176146e+20
4.035038875e+20
4.660707227e+20
3.946741662e+20
3.907986447e+20
3.861001588e+20
3.186340955e+20
5.037053141e+20
3.741726861e+20
2.46471444e+20
4.883068068e+20
5.4282107e+20
5.975481126e+20
3.542952201e+20
4.680857327e+20
5.204189018e+20
4.584419045e+20
4.531037725e+20
5.613750779e+20
3.329356617e+20
4.950596523e+20
4.893960408e+20
2.695583974e+20
2.592291263e+20
5.182043062e+20
5.176286656e+20
5.171238628e+20
6.451741449e+20
2.576888715e+20
7.710035221e+20
1.282452148e+20
2.556175418e+20
1.147394974e+21
3.808947553e+20
2.53160014e+20
5.039026649e+20
2.510550825e+20
1.24848623e+20
3.730174873e+20
4.943689168e+20
3.690716396e+20
1.222156077e+20
6.079566193e+20
2.414568205e+20
3.601547552e+20
4.765626538e+20
7.104903352e+20
5.873130987e+20
4.667691149e+20
4.6281846e+20
3.446814123e+20
5.693846868e+20
3.390901835e+20
0
3.333337284e+20
3.301583372e+20
3.27441619e+20
6.48453838e+20
3.214421714e+20
4.242693873e+20
4.204829935e+20
3.121093936e+20
4.123027858e+20
5.099551018e+20
6.061204664e+20
6.995693254e+20
2.968834166e+20
3.915428185e+20
4.84527595e+20
6.708729542e+20
1.897184989e+20
3.752161481e+20
4.641388112e+20
5.507075042e+20
6.357218763e+20
3.591409211e+20
3.553296883e+20
3.512455604e+20
3.47500043e+20
1.717331708e+20
6.79587299e+20
2.518615616e+20
4.152769627e+20
3.283031242e+20
5.683879627e+20
3.209381326e+20
4.762740159e+20
3.137275617e+20
5.431938222e+20
3.06677121e+20
6.827386292e+20
3.74739047e+20
5.191347917e+20
4.396097715e+20
5.075459281e+20
5.014190692e+20
4.962551742e+20
3.501856843e+20
2.772936295e+20
6.163734643e+20
4.067759592e+20
4.688435327e+20
5.304894906e+20
3.930722493e+20
3.892120491e+20
3.845326167e+20
3.808081343e+20
4.389515243e+20
3.105434309e+20
4.909379549e+20
4.863202692e+20
4.204743594e+20
3.570681425e+20
5.292737928e+20
4.079032092e+20
2.879388115e+20
3.994956287e+20
3.384337565e+20
4.472579962e+20
4.420874042e+20
4.38242676e+20
4.332221477e+20
4.295131869e+20
3.869851e+20
2.578639132e+20
1.287891324e+20
5.1465469e+20
3.852582697e+20
5.129204822e+20
3.836667396e+20
5.105399753e+20
7.632113516e+20
3.806498182e+20
7.581830746e+20
3.779433705e+20
5.015254007e+20
2.498715514e+20
1.242619446e+20
2.475107668e+20
6.15069968e+20
2.448977496e+20
3.649396181e+20
3.630773846e+20
3.605074484e+20
7.169768774e+20
7.115505895e+20
2.35740465e+20
2.338491042e+20
4.646340315e+20
5.758888115e+20
3.4311431e+20
3.400848039e+20
4.500774601e+20
4.459444478e+20
7.742868489e+20
2.191221409e+20
5.433017297e+20
3.227876933e+20
3.200176565e+20
6.335975182e+20
4.186316655e+20
3.107419255e+20
5.131239926e+20
5.077351965e+20
3.017429743e+20
5.970371574e+20
2.956010927e+20
2.923948136e+20
2.894685539e+20
6.68006664e+20
1.889089027e+20
3.736224609e+20
3.697356098e+20
4.56984664e+20
6.330394472e+20
3.57632207e+20
3.538382927e+20
3.497774998e+20
3.460487966e+20
4.275470614e+20
3.38381241e+20
5.852433507e+20
4.135583275e+20
5.721610795e+20
4.043179522e+20
1.598097763e+20
4.74318064e+20
3.124429841e+20
3.864074273e+20
3.817814986e+20
5.288516847e+20
2.239279782e+20
3.69301003e+20
2.918825888e+20
6.499081674e+20
4.993857886e+20
2.11818318e+20
4.185211918e+20
2.761706376e+20
6.138800226e+20
4.726518023e+20
3.335342732e+20
3.302151368e+20
2.609888558e+20
1.938191421e+20
3.829777513e+20
4.424792339e+20
3.747217625e+20
3.092865473e+20
3.055932905e+20
4.238061007e+20
4.785925802e+20
1.778096359e+20
2.928457716e+20
4.64279994e+20
2.867656492e+20
5.115445239e+20
5.05576612e+20
4.454309796e+20
2.751722292e+20
5.455589526e+20
3.775103241e+20
5.346844676e+20
1.283813977e+20
1.28318726e+20
5.127078946e+20
5.122089847e+20
0
1.276216356e+20
2.5456607e+20
3.810916575e+20
6.330037453e+20
7.577035862e+20
5.030737497e+20
5.01551521e+20
2.495852308e+20
3.730486901e+20
3.710422623e+20
6.158853025e+20
3.673234303e+20
3.656376595e+20
4.843309836e+20
4.818620086e+20
1.196150462e+20
2.378916468e+20
2.360958018e+20
3.519911987e+20
1.163913915e+20
3.468887937e+20
1.146556858e+20
0
4.514036336e+20
4.480530521e+20
5.549351215e+20
3.303540906e+20
3.272212084e+20
5.40889048e+20
4.284815846e+20
3.186057118e+20
3.154078004e+20
4.167965683e+20
7.21901572e+20
4.08711313e+20
7.077483484e+20
7.010199391e+20
3.963105371e+20
4.905496644e+20
3.88191092e+20
4.803853665e+20
3.800941497e+20
5.6431856e+20
2.790316909e+20
6.443035956e+20
5.460752537e+20
3.602168915e+20
4.451701448e+20
2.642695231e+20
4.354020748e+20
1.723048107e+20
4.257759912e+20
4.212256572e+20
5.828297969e+20
4.942246308e+20
4.884095609e+20
4.026582413e+20
3.978897037e+20
3.936484264e+20
4.667533246e+20
5.38765102e+20
3.041834565e+20
3.762157529e+20
3.716999207e+20
3.678036815e+20
5.087278541e+20
4.315191564e+20
4.26316227e+20
4.219256278e+20
2.084166439e+20
4.125850573e+20
4.076044489e+20
6.724958967e+20
7.308206685e+20
3.94662171e+20
2.599380752e+20
5.147695934e+20
4.450079779e+20
5.036534723e+20
4.976155091e+20
3.080397968e+20
3.65232466e+20
6.029941157e+20
4.7665879e+20
4.132124635e+20
5.833204494e+20
4.046002078e+20
3.99842811e+20
3.962535068e+20
4.475728598e+20
4.436188286e+20
5.480981497e+20
3.803330132e+20
4.833823381e+20
3.727468656e+20
6.388678636e+20
0
2.551412135e+20
6.372330177e+20
5.088242228e+20
6.350944906e+20
1.266828705e+20
6.321590456e+20
2.520105227e+20
5.027608992e+20
3.755358413e+20
2.49600396e+20
7.452563018e+20
4.950753061e+20
3.693149248e+20
8.582288231e+20
4.874944153e+20
2.426296812e+20
6.026207718e+20
3.597311199e+20
4.762641181e+20
4.736021847e+20
3.525270073e+20
4.671819554e+20
4.634522846e+20
3.453164481e+20
3.424149627e+20
9.06726585e+20
6.740687773e+20
1.115116934e+20
2.209847705e+20
0
6.51544308e+20
4.307981599e+20
3.199472365e+20
8.458831241e+20
6.280580056e+20
2.074887447e+20
5.134043759e+20
1.017347345e+20
2.013411467e+20
8.974275399e+20
4.932637566e+20
2.930693927e+20
5.798049838e+20
5.740088377e+20
2.838629735e+20
2.809653955e+20
6.483318773e+20
4.582806261e+20
7.250509721e+20
5.38064513e+20
4.433156122e+20
5.263391206e+20
1.734389443e+20
6.863647344e+20
3.392156269e+20
2.516935193e+20
4.9751663e+20
5.742287357e+20
4.053431807e+20
6.416193614e+20
3.17014632e+20
3.920449696e+20
4.648576967e+20
3.832697949e+20
3.786897125e+20
5.245698279e+20
3.701987684e+20
2.930547621e+20
5.790603817e+20
5.014103831e+20
5.661351998e+20
4.902664491e+20
4.843521011e+20
4.794155137e+20
4.736302468e+20
6.028170971e+20
6.617178513e+20
3.275658188e+20
2.58895722e+20
1.922643145e+20
6.331757347e+20
5.016327377e+20
4.336658947e+20
4.295242803e+20
3.637648732e+20
3.603423502e+20
3.56055423e+20
4.703420275e+20
4.647747809e+20
5.18102596e+20
4.551164352e+20
4.510309712e+20
3.900392186e+20
3.31366022e+20
3.821090726e+20
3.787874244e+20
4.814104794e+20
4.242595412e+20
6.358573805e+20
3.813287995e+20
5.078797999e+20
6.342333145e+20
6.330396493e+20
3.792654815e+20
6.304416962e+20
6.291934173e+20
3.762460481e+20
2.502041498e+20
1.245942965e+20
3.726539965e+20
4.945263125e+20
1.231934888e+20
2.450690637e+20
1.2203648e+20
7.278678076e+20
1.207556641e+20
3.599120791e+20
5.968016863e+20
4.740881185e+20
3.535807366e+20
4.679000074e+20
4.650617333e+20
1.153395254e+20
6.875165845e+20
1.136256041e+20
3.38497351e+20
2.236864067e+20
4.440583825e+20
5.500106779e+20
2.182848335e+20
3.243358769e+20
2.144509615e+20
5.309094542e+20
3.158188731e+20
2.084414717e+20
4.131742199e+20
6.134209706e+20
4.051818688e+20
5.011899484e+20
4.964316984e+20
7.858519754e+20
3.890929807e+20
3.84896262e+20
4.763133615e+20
3.768873644e+20
2.797815717e+20
2.766912041e+20
3.650884978e+20
2.707601406e+20
4.465187745e+20
4.414764671e+20
1.747191442e+20
3.454460367e+20
5.126503301e+20
5.067330099e+20
4.177669985e+20
5.780619219e+20
4.901840723e+20
6.45907132e+20
4.79255238e+20
5.525240521e+20
3.904545226e+20
3.858145033e+20
3.817200097e+20
4.525950269e+20
4.478183964e+20
3.687096924e+20
5.107832389e+20
3.604601925e+20
2.140277287e+20
4.933836984e+20
3.487872851e+20
3.445816642e+20
5.457111638e+20
2.69564128e+20
4.669834625e+20
3.954447387e+20
5.872626679e+20
3.223271188e+20
6.383207266e+20
3.153230805e+20
4.996281533e+20
3.702275936e+20
4.278066925e+20
4.830787034e+20
4.187165184e+20
3.546282865e+20
1.756711799e+20
4.050447753e+20
5.160217743e+20
3.966239593e+20
3.930635844e+20
4.439599951e+20
4.950432045e+20
4.892940887e+20
5.389347809e+20
3.729091668e+20
3.69719674e+20
1.012600218e+21
5.06054167e+20
3.791247689e+20
5.050093764e+20
2.52030805e+20
5.033213729e+20
5.01997449e+20
2.505021937e+20
4.993237406e+20
2.490388073e+20
6.200770447e+20
6.182060323e+20
1.230591235e+20
3.678704255e+20
4.87877404e+20
3.644222227e+20
2.415083272e+20
3.606048565e+20
3.582668749e+20
4.752612971e+20
3.539489342e+20
3.519745609e+20
8.151208287e+20
5.78700836e+20
4.592827591e+20
2.281427565e+20
3.393524189e+20
6.739717058e+20
5.567303479e+20
1.105219101e+20
4.380648685e+20
3.259831924e+20
5.381870147e+20
4.270223062e+20
3.171563344e+20
3.144436564e+20
6.22614517e+20
3.085399161e+20
0
4.034399075e+20
1.996182155e+20
5.931729831e+20
2.934414744e+20
7.748818408e+20
4.790871655e+20
5.691637645e+20
7.506083555e+20
6.50084591e+20
4.592260383e+20
2.726739836e+20
2.696355861e+20
2.66799576e+20
3.51722015e+20
3.479958373e+20
6.880519141e+20
4.254537935e+20
5.046596856e+20
3.32847105e+20
4.112193701e+20
4.881884675e+20
4.824649592e+20
3.977598708e+20
5.502907002e+20
3.888769277e+20
2.305561305e+20
3.801827074e+20
5.259066409e+20
4.460200718e+20
1.468930191e+20
2.907069534e+20
5.026269632e+20
4.263443764e+20
4.914149354e+20
4.168745365e+20
2.059251437e+20
2.717681785e+20
3.356137666e+20
1.993389035e+20
4.595166179e+20
4.549421428e+20
5.136717899e+20
2.543123122e+20
5.025093749e+20
3.732296447e+20
4.916711968e+20
3.043591333e+20
6.615854455e+20
2.978907485e+20
4.120813022e+20
5.249092381e+20
4.034246819e+20
4.568511999e+20
3.386004772e+20
4.47414635e+20
3.86903429e+20
4.930534999e+20
4.331743329e+20
4.294098612e+20
4.244574527e+20
4.734314257e+20
2.519682943e+20
5.036921912e+20
2.515708939e+20
6.283178425e+20
6.271419768e+20
5.009774728e+20
3.747475862e+20
2.493379441e+20
3.727558267e+20
3.718264048e+20
3.703256272e+20
8.61488221e+20
4.899677827e+20
4.882348485e+20
3.642280798e+20
3.627504853e+20
4.8080848e+20
4.786105376e+20
4.75515524e+20
3.548257976e+20
3.523464229e+20
2.335886077e+20
4.636857185e+20
2.304392517e+20
8.001455074e+20
3.40683788e+20
7.882970642e+20
4.473170579e+20
2.217066714e+20
6.6020147e+20
6.542074364e+20
2.163678775e+20
4.286679793e+20
3.18869319e+20
6.315581257e+20
4.17440486e+20
6.199280047e+20
4.096142923e+20
4.054406318e+20
5.021410751e+20
4.969194011e+20
3.937663879e+20
2.921990684e+20
3.858028298e+20
5.724853381e+20
5.66771771e+20
6.540349138e+20
3.699248021e+20
2.743896541e+20
3.62054782e+20
1.790135562e+20
4.428284582e+20
1.751374318e+20
3.46565246e+20
4.282718813e+20
3.389706686e+20
3.35068839e+20
4.972376099e+20
5.733714217e+20
5.672438864e+20
5.606013614e+20
5.546148408e+20
3.131859031e+20
3.098496238e+20
3.061747237e+20
4.543892853e+20
2.2448688e+20
5.182754882e+20
5.120740679e+20
5.790941997e+20
4.291077609e+20
2.123234602e+20
4.89461822e+20
5.536234771e+20
4.102156572e+20
4.737064639e+20
3.342830109e+20
3.309139298e+20
5.884657574e+20
3.884047224e+20
4.476818921e+20
3.799565806e+20
3.753883008e+20
3.717500001e+20
6.121514918e+20
3.63782057e+20
3.594320177e+20
2.96707741e+20
2.931733849e+20
4.64730377e+20
5.166224961e+20
3.412732492e+20
4.496645933e+20
5.013316426e+20
6.606074854e+20
3.819508976e+20
4.853640074e+20
3.207643897e+20
5.284336243e+20
4.715244717e+20
2.507975163e+20
7.520282425e+20
5.008057785e+20
5.003210355e+20
9.987746536e+20
3.739914765e+20
3.730132879e+20
6.204611662e+20
7.420697729e+20
4.934807757e+20
6.143681147e+20
2.450070869e+20
1.219299721e+20
2.42998255e+20
3.625634624e+20
2.407293437e+20
4.786204036e+20
4.764345673e+20
3.550211802e+20
2.354801895e+20
4.676778093e+20
4.650741234e+20
9.232138288e+20
2.294074916e+20
2.275937942e+20
2.261113782e+20
6.726883438e+20
7.793403198e+20
3.310948305e+20
5.477477145e+20
7.599000239e+20
4.308439404e+20
3.201020414e+20
5.291400831e+20
3.144137013e+20
4.15638457e+20
4.115097179e+20
4.078572341e+20
7.064920565e+20
2.00000268e+20
6.927358243e+20
5.881475592e+20
7.759123693e+20
1.920892663e+20
1.900287844e+20
2.821998994e+20
5.582660624e+20
3.683856111e+20
2.732531781e+20
4.506959405e+20
6.239666305e+20
2.646036482e+20
7.848890372e+20
3.451463687e+20
4.265256732e+20
6.751792959e+20
2.502817614e+20
4.952210526e+20
2.447376861e+20
5.649532121e+20
3.988180313e+20
4.734719615e+20
3.119301294e+20
3.85759676e+20
3.811889151e+20
4.525739436e+20
4.471847705e+20
4.424664073e+20
2.914507863e+20
5.046938131e+20
5.698746878e+20
4.934567486e+20
6.964631032e+20
4.135737984e+20
4.085939515e+20
4.044287516e+20
3.329627667e+20
5.932921734e+20
4.558889365e+20
3.223927016e+20
3.822128791e+20
5.046088398e+20
3.739063641e+20
3.702820411e+20
4.877865967e+20
4.831261392e+20
2.983421494e+20
3.546409109e+20
3.504147041e+20
4.050282824e+20
5.145725144e+20
4.532252446e+20
2.799226393e+20
4.438558287e+20
3.838176586e+20
3.260811272e+20
3.759953146e+20
3.727286784e+20
2.631562987e+20
3.652699699e+20
2.49637568e+20
1.247584435e+20
9.969827209e+20
4.98009358e+20
6.213531806e+20
7.445318394e+20
0
3.705624181e+20
3.693297637e+20
2.456070144e+20
3.669317339e+20
4.87770108e+20
3.641193946e+20
3.628339509e+20
1.203046638e+20
1.198175351e+20
3.573391141e+20
3.557087199e+20
5.890338108e+20
7.032584695e+20
2.327896947e+20
2.314949408e+20
5.744333332e+20
2.283849294e+20
7.930427175e+20
4.502183889e+20
6.69719921e+20
2.216875199e+20
6.592850156e+20
5.453487368e+20
4.323355303e+20
3.217264462e+20
2.124768133e+20
8.429620395e+20
2.087067307e+20
5.173148993e+20
5.121866142e+20
2.030575928e+20
5.024919717e+20
7.966054954e+20
2.956326096e+20
3.904444297e+20
3.863274037e+20
3.825678551e+20
4.730894918e+20
3.746983984e+20
2.779750728e+20
5.502887634e+20
5.442521549e+20
7.181421365e+20
2.663172807e+20
2.635191841e+20
6.079779913e+20
6.015433586e+20
3.398349176e+20
3.362198346e+20
5.81630322e+20
3.28813857e+20
3.250036732e+20
4.019149743e+20
3.972194376e+20
1.571916984e+20
4.66026579e+20
3.842197164e+20
3.796716017e+20
3.756442077e+20
5.938799752e+20
5.141625137e+20
5.805940543e+20
4.308824074e+20
5.676236199e+20
4.915076107e+20
5.549734895e+20
4.806001119e+20
4.069850174e+20
4.69975375e+20
4.64314074e+20
3.283098827e+20
3.243546362e+20
3.853498227e+20
3.172586077e+20
4.397965544e+20
4.345087624e+20
2.458837532e+20
3.644004185e+20
3.609184671e+20
2.971669494e+20
4.121175689e+20
4.072043964e+20
3.45797311e+20
3.986412401e+20
2.821461035e+20
5.018647738e+20
4.973597684e+20
5.461330832e+20
3.247861388e+20
4.279969396e+20
5.30348794e+20
3.669459704e+20
2.598646012e+20
4.969765999e+20
3.72552547e+20
1.240495589e+20
2.47859472e+20
4.947989386e+20
3.705562129e+20
3.695924069e+20
3.688638522e+20
2.450934942e+20
2.444840054e+20
8.522686868e+20
3.641598767e+20
2.416427077e+20
6.01976055e+20
1.197598202e+20
3.578260502e+20
5.928793216e+20
3.541060869e+20
4.691116877e+20
2.333683029e+20
2.317498581e+20
2.304621187e+20
2.287523638e+20
6.821143283e+20
4.511648009e+20
0
4.445183874e+20
6.621449565e+20
3.282028704e+20
3.257824086e+20
5.380736371e+20
4.271095044e+20
5.289006057e+20
5.245821816e+20
7.273422236e+20
3.090605057e+20
6.120057943e+20
4.04387955e+20
3.002189529e+20
5.949289663e+20
7.850373042e+20
6.804076671e+20
4.808903024e+20
1.904853134e+20
4.711234996e+20
5.597149211e+20
2.768266821e+20
4.566816722e+20
7.22688631e+20
2.68198183e+20
3.536390062e+20
6.123683369e+20
4.325049871e+20
4.279289815e+20
2.538453784e+20
5.860069123e+20
2.482666595e+20
4.912366121e+20
1.618504796e+20
4.803659321e+20
3.165068865e+20
1.565644557e+20
3.868106915e+20
2.296152018e+20
3.781663198e+20
5.986485738e+20
4.436492241e+20
2.194844613e+20
3.614404583e+20
4.291836195e+20
2.120213498e+20
4.895738103e+20
5.527937545e+20
3.419374325e+20
4.729534888e+20
3.343798462e+20
5.285653101e+20
4.578324349e+20
5.815518229e+20
3.838403229e+20
3.792195468e+20
2.503279854e+20
6.182955294e+20
2.449204203e+20
4.23467536e+20
4.194207639e+20
4.144013601e+20
4.6914309e+20
5.214912588e+20
3.444382896e+20
3.970718681e+20
3.934493441e+20
3.88799093e+20
3.302648927e+20
4.351779661e+20
3.235013955e+20
2.664365847e+20
3.697714115e+20
4.176969735e+20
4.141286068e+20
3.710243479e+20
6.180759179e+20
4.939261116e+20
2.467247506e+20
3.69402164e+20
2.459080924e+20
6.131756475e+20
3.671807868e+20
7.319322125e+20
6.084280482e+20
7.271989663e+20
7.250146173e+20
6.01372852e+20
8.389551886e+20
2.384397789e+20
2.374760996e+20
4.721740558e+20
5.875297172e+20
2.335076169e+20
4.646530029e+20
5.767981743e+20
3.441577075e+20
3.41610641e+20
4.527338226e+20
5.614749423e+20
2.231312443e+20
1.10643497e+20
4.395018935e+20
5.446262549e+20
4.324906198e+20
3.214488826e+20
5.31583073e+20
6.319546348e+20
2.0893302e+20
4.138500694e+20
4.103245259e+20
5.078415517e+20
2.013376771e+20
4.982558031e+20
5.924250666e+20
4.885929794e+20
5.807670795e+20
1.915552647e+20
8.536200301e+20
2.815042678e+20
4.645012728e+20
6.432713957e+20
1.819219711e+20
4.498325699e+20
7.122722608e+20
5.28300165e+20
8.712556895e+19
5.169051233e+20
7.671568488e+20
2.528228729e+20
5.002699329e+20
1.648474853e+20
6.523577854e+20
4.836129704e+20
3.987077602e+20
3.152483125e+20
4.678265968e+20
3.852781414e+20
3.811763902e+20
4.520075119e+20
5.217495709e+20
2.209511665e+20
5.829877777e+20
5.760333954e+20
5.699975656e+20
2.815872089e+20
4.87655167e+20
2.753155374e+20
3.405996215e+20
4.711056764e+20
3.330732869e+20
5.92314971e+20
3.908957993e+20
6.436479339e+20
2.548950687e+20
5.66610591e+20
4.363648357e+20
4.927065814e+20
3.049557578e+20
3.01295901e+20
4.774661438e+20
6.486570367e+20
4.088954837e+20
2.885833958e+20
4.002715601e+20
5.08519034e+20
4.478929618e+20
5.532443199e+20
4.93450335e+20
5.418288605e+20
5.907490896e+20
4.776902522e+20
5.2615758e+20
5.200504615e+20
3.609260994e+20
4.924424397e+20
8.613596266e+20
3.687560258e+20
3.684005575e+20
1.225735248e+20
7.343669669e+20
1.220779003e+20
1.218376703e+20
2.428714328e+20
7.268055514e+20
1.206519838e+20
3.608696716e+20
3.591981409e+20
5.965558692e+20
4.747392214e+20
4.728222743e+20
2.350318444e+20
2.339625051e+20
4.649374346e+20
1.040822821e+21
4.593956137e+20
3.426358169e+20
2.267374045e+20
5.634280422e+20
3.354093709e+20
2.221552469e+20
3.304848933e+20
2.187952928e+20
3.253609927e+20
3.229657502e+20
2.133770612e+20
6.351588752e+20
4.195012407e+20
6.241225572e+20
4.120910915e+20
5.107291029e+20
3.034179296e+20
3.007328987e+20
4.961643906e+20
5.89942155e+20
3.892438332e+20
3.855652737e+20
3.815220986e+20
1.889079249e+20
5.606881569e+20
2.77553589e+20
4.575968889e+20
3.623548362e+20
5.375997634e+20
2.660149352e+20
4.384660945e+20
6.074097855e+20
6.006247351e+20
3.395851683e+20
3.357447624e+20
4.152203634e+20
4.104729116e+20
5.685350718e+20
4.816899184e+20
2.38273963e+20
3.924996351e+20
5.436370407e+20
6.140122999e+20
2.27803641e+20
2.251147692e+20
3.71212788e+20
5.868921932e+20
5.081140124e+20
4.30334872e+20
4.967969008e+20
3.506099189e+20
3.469653596e+20
1.371213128e+20
4.749811332e+20
4.692722465e+20
4.644876578e+20
2.622275629e+20
3.893757123e+20
3.8468806e+20
4.443326134e+20
4.389848578e+20
6.209556878e+20
4.294427721e+20
5.467865028e+20
4.201738456e+20
4.161577303e+20
4.111747518e+20
3.491170809e+20
2.874582678e+20
5.126280653e+20
4.502513192e+20
5.019112211e+20
3.306470736e+20
5.461317503e+20
3.77791464e+20
4.279495488e+20
5.286773089e+20
5.240867167e+20
3.625972466e+20
5.649301604e+20
4.902062442e+20
6.124634329e+20
4.894437222e+20
4.889723886e+20
4.880723006e+20
4.873600505e+20
2.430514243e+20
2.425735445e+20
4.835508861e+20
7.235272874e+20
6.005453511e+20
4.789956856e+20
3.575871518e+20
3.563293288e+20
5.907725146e+20
1.176778418e+20
3.509790768e+20
6.987673592e+20
2.314390211e+20
5.75676391e+20
5.717133718e+20
5.685455447e+20
4.514863559e+20
3.365763651e+20
6.678932931e+20
3.317816257e+20
4.387357769e+20
7.624677018e+20
2.159722866e+20
6.431512132e+20
3.186941554e+20
4.216276764e+20
4.177147383e+20
6.214688151e+20
4.103470026e+20
3.051425659e+20
4.028556724e+20
3.99293305e+20
2.964542772e+20
1.958266563e+20
9.690670756e+19
5.759488119e+20
3.799467852e+20
5.643869605e+20
4.653223551e+20
3.685544261e+20
3.645836598e+20
4.510973368e+20
3.569455277e+20
3.532487822e+20
6.113750332e+20
4.32114644e+20
5.12754015e+20
5.073341363e+20
4.180039613e+20
4.962749545e+20
5.723762839e+20
5.66275191e+20
5.597457828e+20
3.95551327e+20
4.691414332e+20
4.641372211e+20
3.057993494e+20
5.294532549e+20
5.979539965e+20
5.91614066e+20
4.384494992e+20
5.061293455e+20
2.857719137e+20
4.948611356e+20
4.190958162e+20
4.838626447e+20
4.780615765e+20
4.731372247e+20
2.671160181e+20
5.948830124e+20
1.306059779e+20
5.171565358e+20
5.109319703e+20
5.058426078e+20
4.997552496e+20
2.474207186e+20
4.277802581e+20
4.236315748e+20
4.185461395e+20
5.922073988e+20
5.266031359e+20
4.636838748e+20
5.154153822e+20
5.106368578e+20
4.484994587e+20
3.888563613e+20
4.940365355e+20
3.808014634e+20
5.913511481e+20
4.795611517e+20
2.633020302e+20
3.132192544e+20
5.159578391e+20
3.069318277e+20
2.439951331e+20
4.877561929e+20
3.654246735e+20
2.433820803e+20
2.429352737e+20
4.851621281e+20
6.048924841e+20
4.829633345e+20
3.610339507e+20
2.400928213e+20
4.782840833e+20
4.768511847e+20
7.119810973e+20
3.547394513e+20
4.705156734e+20
3.514644187e+20
6.988485702e+20
4.63783214e+20
2.304184065e+20
4.585123382e+20
4.553635536e+20
2.264213741e+20
5.618940815e+20
6.702176303e+20
5.541610412e+20
6.606859335e+20
5.46051911e+20
3.253630585e+20
3.225679076e+20
4.269298386e+20
4.231125622e+20
3.14873653e+20
1.039858469e+20
2.062791815e+20
0
5.064309458e+20
1.002920898e+20
1.988117477e+20
3.936270391e+20
3.900254997e+20
4.825290081e+20
1.91189845e+20
6.621727479e+20
5.620693384e+20
6.487883613e+20
7.340995737e+20
5.446529262e+20
4.492661176e+20
4.443787102e+20
6.156895394e+20
6.08917452e+20
5.164550496e+20
3.404689087e+20
4.210890438e+20
4.99608382e+20
5.766848465e+20
3.257763448e+20
5.640332048e+20
4.778893335e+20
2.363950667e+20
6.230638766e+20
5.393666471e+20
3.046019994e+20
3.013605884e+20
3.722626882e+20
4.419793684e+20
6.551148566e+20
5.761829969e+20
3.558282408e+20
3.521002837e+20
4.174724048e+20
4.131329304e+20
4.081825425e+20
5.38637231e+20
5.321689915e+20
6.584283249e+20
3.903062781e+20
2.575804878e+20
5.089618388e+20
1.889593801e+20
2.489142456e+20
5.54549801e+20
6.087579526e+20
6.02853519e+20
5.360541375e+20
4.129450766e+20
5.245688588e+20
5.196287939e+20
5.134214304e+20
3.956252684e+20
3.909160306e+20
4.426846906e+20
4.374377655e+20
3.79322283e+20
4.819484255e+20
4.24616639e+20
4.196376072e+20
4.159948093e+20
4.6254203e+20
4.076392357e+20
3.643456745e+20
3.641711759e+20
2.425209783e+20
3.634318409e+20
2.418442849e+20
2.414919707e+20
1.204361875e+20
2.403995756e+20
4.79225746e+20
1.19509781e+20
7.14226623e+20
4.747258004e+20
2.36272093e+20
1.177212328e+20
2.34215978e+20
5.831819972e+20
3.478832077e+20
3.463047677e+20
5.735168849e+20
3.423760197e+20
6.800609239e+20
4.508664621e+20
1.118903276e+20
4.448720098e+20
6.621182814e+20
3.289167304e+20
4.349635672e+20
7.559214607e+20
4.282523618e+20
5.313848577e+20
3.159862415e+20
4.180506364e+20
5.177337455e+20
2.054094872e+20
4.06902742e+20
7.060324357e+20
4.993689013e+20
3.959675938e+20
2.93996512e+20
4.855139526e+20
4.805409956e+20
3.808065566e+20
7.536697316e+20
6.53065785e+20
5.538403777e+20
4.569467289e+20
7.232644735e+20
2.684698235e+20
3.540720216e+20
5.256118131e+20
6.064795494e+20
4.286576557e+20
5.086690481e+20
3.355304708e+20
5.805658114e+20
4.10286063e+20
3.244907547e+20
4.012920725e+20
3.966762025e+20
3.924444781e+20
3.87890678e+20
5.372565106e+20
6.826814754e+20
4.50278539e+20
3.708154692e+20
3.668847029e+20
5.075585724e+20
4.304624256e+20
3.544523132e+20
1.402955746e+20
5.54482029e+20
4.115388484e+20
3.388418555e+20
4.024217364e+20
3.31326137e+20
3.935371005e+20
5.184083222e+20
3.848855676e+20
3.168792766e+20
5.647002113e+20
3.719373993e+20
4.910395371e+20
4.851354861e+20
3.002685073e+20
3.559956598e+20
6.464185813e+20
3.483668254e+20
4.026001347e+20
4.546158639e+20
3.941003825e+20
3.337772394e+20
3.858534868e+20
3.812770018e+20
3.238753281e+20
3.733945553e+20
5.287119704e+20
4.180047727e+20
4.143766339e+20
4.60736216e+20
3.045364099e+20
4.836178756e+20
4.833866035e+20
2.414353156e+20
6.030087549e+20
3.61144577e+20
4.808252256e+20
3.596961555e+20
2.393271385e+20
2.385460308e+20
3.569337831e+20
3.55527766e+20
4.726192782e+20
7.056794723e+20
2.34401255e+20
4.663666129e+20
1.161225603e+20
3.46355664e+20
3.447855719e+20
4.568078918e+20
5.681349297e+20
4.514016555e+20
5.611341886e+20
1.114060672e+20
4.429490353e+20
3.296340325e+20
3.275027566e+20
2.165508415e+20
4.3010875e+20
6.396447385e+20
5.291267729e+20
4.195326242e+20
4.162847806e+20
3.093340322e+20
6.136412863e+20
7.091038557e+20
6.02645435e+20
4.972947285e+20
2.957440702e+20
3.903771313e+20
3.868101331e+20
7.657108753e+20
5.688694712e+20
4.691224301e+20
5.574907321e+20
1.838649347e+20
4.550963329e+20
4.502179657e+20
4.456479228e+20
5.289788224e+20
6.107578553e+20
3.451777658e+20
5.977297497e+20
4.22209063e+20
2.506502526e+20
5.782734245e+20
3.269338034e+20
6.464305422e+20
3.197726129e+20
6.321976709e+20
3.127274272e+20
1.545513276e+20
4.58710989e+20
4.533528147e+20
5.232848641e+20
5.171312428e+20
2.192786093e+20
3.611418729e+20
5.717340473e+20
4.237043828e+20
2.096328456e+20
4.833068598e+20
4.099570207e+20
4.050499774e+20
6.013162393e+20
4.620790447e+20
5.227051417e+20
5.809765366e+20
5.751176661e+20
2.525334038e+20
5.000346253e+20
5.557716042e+20
5.503054624e+20
3.62459197e+20
4.785905957e+20
5.319486238e+20
5.26862115e+20
2.891928298e+20
4.583502512e+20
3.396529698e+20
4.48671093e+20
4.433247281e+20
4.392792853e+20
5.425819659e+20
4.301692921e+20
5.844953318e+20
3.686683368e+20
1.561442235e+20
5.675601232e+20
3.059629648e+20
2.527938896e+20
3.610956988e+20
2.406155184e+20
2.403593296e+20
3.601931601e+20
2.396914426e+20
3.590142906e+20
1.193660253e+20
3.573963409e+20
2.374886464e+20
3.553523617e+20
7.079124751e+20
3.528985262e+20
3.512851532e+20
5.834230325e+20
4.643194024e+20
4.624529151e+20
3.448414764e+20
2.28853098e+20
5.685246671e+20
4.525318616e+20
6.741696712e+20
4.469651915e+20
3.327779417e+20
2.205213067e+20
3.282211411e+20
2.174005918e+20
6.468835062e+20
4.282780969e+20
2.123113682e+20
3.161326788e+20
6.266479152e+20
2.072668901e+20
3.080387561e+20
4.073838296e+20
6.052737288e+20
5.001176645e+20
6.93332801e+20
7.853936492e+20
3.887722188e+20
2.889166866e+20
4.766137125e+20
2.832741036e+20
2.803301311e+20
5.552292885e+20
4.57806139e+20
7.252173803e+20
6.27774377e+20
5.326327108e+20
4.390555136e+20
3.476122985e+20
2.578550753e+20
1.701022165e+20
3.364324362e+20
5.825412377e+20
4.937134882e+20
2.442367017e+20
4.829246631e+20
7.166732311e+20
5.51016191e+20
6.230176866e+20
6.158043317e+20
3.046202201e+20
4.515983314e+20
4.467947573e+20
3.679545282e+20
2.912439599e+20
5.036537502e+20
2.847676188e+20
4.220785633e+20
5.568761295e+20
2.751178434e+20
4.764518576e+20
6.052524845e+20
3.327875464e+20
3.945557735e+20
3.254434405e+20
5.144539932e+20
3.182910258e+20
5.660342582e+20
4.981281563e+20
3.691022533e+20
4.872956122e+20
3.610773961e+20
5.959570063e+20
4.710394305e+20
4.665348975e+20
4.609415542e+20
3.424496547e+20
5.639234216e+20
4.469549781e+20
4.41626252e+20
4.92295674e+20
3.242991739e+20
3.213881965e+20
3.705197041e+20
3.672493029e+20
4.147769301e+20
3.083833189e+20
4.063702762e+20
4.029041227e+20
5.99153928e+20
4.790946094e+20
4.785857831e+20
1.195317898e+20
2.386293308e+20
4.765651719e+20
4.75352178e+20
3.558160734e+20
2.364405945e+20
5.89641486e+20
1.174661804e+20
3.513463686e+20
3.497442089e+20
2.323462192e+20
0
3.453250371e+20
6.866809412e+20
3.417868198e+20
7.924854117e+20
7.885025541e+20
2.23754052e+20
4.450397649e+20
4.418000554e+20
7.685169302e+20
4.357604132e+20
6.494219379e+20
4.294253282e+20
4.264629612e+20
3.171231738e+20
6.296012299e+20
6.24019136e+20
6.191961725e+20
3.067542822e+20
2.028438551e+20
3.013825604e+20
2.98828843e+20
5.918371784e+20
2.933112147e+20
2.903853364e+20
5.754710218e+20
3.797392361e+20
1.880819366e+20
4.653267579e+20
6.451504706e+20
5.471578466e+20
2.708640831e+20
1.786468125e+20
3.53670033e+20
4.373093427e+20
5.193467565e+20
5.992815783e+20
6.777194482e+20
5.026621958e+20
3.315714581e+20
4.917793153e+20
4.054676595e+20
4.008676884e+20
5.55240021e+20
3.136435272e+20
4.654495789e+20
5.367441893e+20
5.310240163e+20
1.499524585e+20
3.7089417e+20
2.932324391e+20
2.175938278e+20
4.300489574e+20
7.091915946e+20
7.007752885e+20
4.854042658e+20
2.055513046e+20
4.746344952e+20
3.349709394e+20
2.652161934e+20
5.895829416e+20
3.890467862e+20
5.124993649e+20
5.073303999e+20
3.75923205e+20
4.342066485e+20
4.289842983e+20
3.03403111e+20
4.796081211e+20
3.562158599e+20
4.10593181e+20
4.066663129e+20
4.591880245e+20
3.980043824e+20
5.055975496e+20
3.339389557e+20
4.399407407e+20
3.814351388e+20
2.153724872e+20
3.735187172e+20
4.218272177e+20
6.271562592e+20
4.648293348e+20
5.631955595e+20
4.048021294e+20
4.51518866e+20
3.579031902e+20
4.769770675e+20
4.7647175e+20
2.380077945e+20
7.127297707e+20
7.116949918e+20
1.183147139e+20
4.723329587e+20
3.531026285e+20
4.696415855e+20
5.847574915e+20
4.664104066e+20
2.321444831e+20
5.783303873e+20
2.301392159e+20
6.876471187e+20
4.558033001e+20
2.268712801e+20
3.381711658e+20
5.607885023e+20
4.455864078e+20
2.215654279e+20
3.299343428e+20
6.559178705e+20
8.678170274e+20
3.233328483e+20
3.207078426e+20
4.246631464e+20
4.210541193e+20
4.179729728e+20
3.107061601e+20
3.083067011e+20
6.109609518e+20
7.070098976e+20
3.001386106e+20
1.983982149e+20
2.947045926e+20
4.868495589e+20
9.640041489e+19
4.776065899e+20
3.782000812e+20
2.809810252e+20
4.634518621e+20
4.589674992e+20
4.541383569e+20
2.6978039e+20
6.227733102e+20
4.40328599e+20
6.969232098e+20
5.172914626e+20
6.821943694e+20
5.906698064e+20
4.172427621e+20
4.954087011e+20
4.89860238e+20
4.038865768e+20
3.993103526e+20
4.740723408e+20
4.686451823e+20
3.090999454e+20
6.87440129e+20
5.28978528e+20
5.228180898e+20
2.216822347e+20
2.921099161e+20
5.780296224e+20
3.570061083e+20
5.651879687e+20
5.58485427e+20
4.144766572e+20
5.460538892e+20
3.377363888e+20
3.337002133e+20
5.28420084e+20
5.220882461e+20
5.813590495e+20
5.105595333e+20
4.422335847e+20
3.120842331e+20
5.561533135e+20
4.273616699e+20
3.627062597e+20
2.986209684e+20
2.957231642e+20
3.506046173e+20
4.630015344e+20
5.146287593e+20
4.531379345e+20
4.477143965e+20
4.990070618e+20
4.930515521e+20
3.799847568e+20
3.754656977e+20
2.657824772e+20
3.151618141e+20
4.685705444e+20
3.086989173e+20
5.100348673e+20
5.040575484e+20
5.497360348e+20
7.126560239e+20
4.748781618e+20
3.557822333e+20
2.369612936e+20
4.730661949e+20
3.542849568e+20
4.711838891e+20
3.526970949e+20
4.687439977e+20
8.182791719e+20
6.986478405e+20
4.643768766e+20
6.934050492e+20
3.454903558e+20
1.145710522e+20
7.987818579e+20
4.538364287e+20
5.64732968e+20
3.367183181e+20
6.700580784e+20
1.109202863e+20
5.515478155e+20
6.570613798e+20
5.442756928e+20
4.32072288e+20
6.439327522e+20
6.387162916e+20
4.228784594e+20
3.144691576e+20
4.162265102e+20
7.219650589e+20
4.093680593e+20
5.070286749e+20
5.029218649e+20
1.992699249e+20
1.975839403e+20
2.93500516e+20
7.757814908e+20
2.880267704e+20
3.805358648e+20
7.533467057e+20
5.596967031e+20
4.615920143e+20
4.571280963e+20
3.618611333e+20
7.165475565e+20
1.772292967e+20
4.38583598e+20
1.735433361e+20
2.57626186e+20
5.096375199e+20
5.883534074e+20
3.324905521e+20
4.112295188e+20
3.253040535e+20
4.023177769e+20
5.568710982e+20
5.509454471e+20
5.446456196e+20
2.309320602e+20
4.565340042e+20
3.011135644e+20
5.952205668e+20
4.416690021e+20
2.18246966e+20
1.439564922e+20
5.690375841e+20
4.926592359e+20
4.868209675e+20
4.129045325e+20
4.079900524e+20
2.018747348e+20
3.324390919e+20
3.948172439e+20
3.250735961e+20
5.791646122e+20
5.08634331e+20
3.776277816e+20
5.596345106e+20
3.693712411e+20
3.649296604e+20
4.215623651e+20
3.569944925e+20
4.713731985e+20
5.821371213e+20
3.459411356e+20
3.417905161e+20
5.078550826e+20
3.902689408e+20
4.971200702e+20
4.911840261e+20
3.785453629e+20
3.74040446e+20
3.706830239e+20
3.139624139e+20
4.667875675e+20
3.587741206e+20
3.048532423e+20
5.021273322e+20
4.480624711e+20
3.54766638e+20
4.727976474e+20
2.361496112e+20
5.898098882e+20
4.709974623e+20
7.054721601e+20
3.518452787e+20
5.852633687e+20
2.333512153e+20
2.327762451e+20
1.159355472e+20
3.467707514e+20
5.753357273e+20
3.439955275e+20
3.422303937e+20
9.089584982e+20
5.648580739e+20
1.124617458e+20
3.352779005e+20
5.55995532e+20
4.417921069e+20
2.196808735e+20
4.361852394e+20
2.167891255e+20
4.302515381e+20
5.343523421e+20
2.120131745e+20
5.263858879e+20
4.175449851e+20
4.144945817e+20
2.054211621e+20
4.076746441e+20
3.029643391e+20
7.011953327e+20
3.969083535e+20
5.903289672e+20
2.923062385e+20
7.726295099e+20
6.693441926e+20
3.78998973e+20
3.751589012e+20
3.716330309e+20
5.516964409e+20
3.642427026e+20
6.307404286e+20
4.460646858e+20
6.178512941e+20
5.242228478e+20
2.592919102e+20
5.13229294e+20
4.230374718e+20
4.186107898e+20
4.139962975e+20
4.096309785e+20
3.240444457e+20
5.610655638e+20
2.37739021e+20
5.488229768e+20
7.7507815e+19
6.134560352e+20
5.305860541e+20
4.499438272e+20
5.188331468e+20
2.933243018e+20
5.073083e+20
4.302292899e+20
4.960216214e+20
5.609065627e+20
4.156981695e+20
3.427869075e+20
2.709675878e+20
5.363024592e+20
3.9742496e+20
1.966653519e+20
5.181620797e+20
5.769866792e+20
3.167022457e+20
3.135074562e+20
3.716888663e+20
4.293147878e+20
3.029664015e+20
3.599823472e+20
3.556539666e+20
5.283030764e+20
5.79949776e+20
6.318417734e+20
3.405049368e+20
5.059444738e+20
4.443416486e+20
4.95247296e+20
3.80590462e+20
5.387383327e+20
4.790905378e+20
4.220357284e+20
4.691581622e+20
3.616807507e+20
4.084685231e+20
4.049259218e+20
4.501906583e+20
3.967591486e+20
3.532188878e+20
1.176838209e+20
5.878003045e+20
3.523434894e+20
4.689467442e+20
7.024013744e+20
3.503160501e+20
4.661764285e+20
6.970178553e+20
6.953017939e+20
6.926049729e+20
2.301812767e+20
4.582843873e+20
5.708559646e+20
3.407603691e+20
3.393964587e+20
2.249765873e+20
1.119810429e+20
4.451330054e+20
4.429037117e+20
5.498988573e+20
6.56251702e+20
1.085863038e+20
5.396893401e+20
3.213345517e+20
4.256903883e+20
3.166925489e+20
3.145152842e+20
3.118591959e+20
5.159712584e+20
7.160077557e+20
4.059951813e+20
5.028695839e+20
8.97844845e+20
1.976450802e+20
1.959752798e+20
2.911216407e+20
9.618787978e+19
4.761770153e+20
5.662116683e+20
5.604848683e+20
3.70146908e+20
1.831666976e+20
3.627945357e+20
3.589964551e+20
9.774626477e+20
4.395852476e+20
2.610808572e+20
4.30461378e+20
4.260183672e+20
3.371119551e+20
5.003783057e+20
8.247838735e+20
5.71262745e+20
6.455891098e+20
5.589030396e+20
4.73652132e+20
4.686143975e+20
3.86056988e+20
3.819445657e+20
3.020369281e+20
5.22935533e+20
5.90700993e+20
3.65263895e+20
5.775866548e+20
5.000351005e+20
6.35335193e+20
2.793950461e+20
4.141330982e+20
4.780950913e+20
3.374368943e+20
4.675016037e+20
4.619233231e+20
1.306184385e+20
4.516934253e+20
4.470861616e+20
6.310339468e+20
4.372675242e+20
3.702985386e+20
4.888097948e+20
3.018332923e+20
5.379535138e+20
4.133773821e+20
4.678455206e+20
4.044451647e+20
5.150258032e+20
3.957671576e+20
5.04048187e+20
4.980085413e+20
4.933885793e+20
3.791597419e+20
2.6835646e+20
5.303173703e+20
3.153343393e+20
5.193179895e+20
4.63262013e+20
4.069212908e+20
5.546647639e+20
4.983109116e+20
5.434716124e+20
4.689127783e+20
4.686908339e+20
3.511493543e+20
3.508144333e+20
4.669138062e+20
5.827976716e+20
6.976001141e+20
3.481198218e+20
5.783402337e+20
3.4615049e+20
8.045596657e+20
2.291906531e+20
5.703965334e+20
3.410443438e+20
6.786058383e+20
3.379459852e+20
2.240181808e+20
2.230088638e+20
5.540562044e+20
6.615405563e+20
5.475773494e+20
6.534843219e+20
3.243904874e+20
1.074850055e+20
5.333196114e+20
2.119569279e+20
3.153763678e+20
4.176132816e+20
6.211407882e+20
4.110736075e+20
2.037330915e+20
6.064942489e+20
8.01304834e+20
3.974146443e+20
3.936851083e+20
2.927710989e+20
1.932977371e+20
4.790011046e+20
5.69119789e+20
2.819716004e+20
3.721662406e+20
2.765044676e+20
5.473211629e+20
4.516972981e+20
4.46976322e+20
2.655309659e+20
4.378617637e+20
3.467444835e+20
4.28782767e+20
3.394869512e+20
4.197551988e+20
2.492194081e+20
4.929599553e+20
3.251767149e+20
5.62719971e+20
3.181469265e+20
5.504802239e+20
5.44626721e+20
2.307517163e+20
8.370785922e+20
5.265585382e+20
5.95373448e+20
5.88466847e+20
3.638829344e+20
3.596305885e+20
4.981503456e+20
3.516368892e+20
5.566895339e+20
2.750531782e+20
5.443452146e+20
4.70643363e+20
3.992157889e+20
3.287122789e+20
4.554561136e+20
3.857208923e+20
3.181553259e+20
4.400767557e+20
1.867015129e+20
4.91891431e+20
4.869878024e+20
3.608503528e+20
5.35948564e+20
3.530028918e+20
2.913133801e+20
4.604992243e+20
5.701162184e+20
5.069438617e+20
3.905736035e+20
6.064015874e+20
4.915437624e+20
3.777397383e+20
4.277621438e+20
3.169961848e+20
4.188677777e+20
4.656275538e+20
5.640789386e+20
4.053857357e+20
3.516369137e+20
4.467819365e+20
3.937564206e+20
4.668847351e+20
2.333320329e+20
4.66175677e+20
3.492985911e+20
4.648984182e+20
1.160565517e+20
6.945942568e+20
3.466203519e+20
4.606830555e+20
3.446629784e+20
3.433328715e+20
6.846255589e+20
4.543668819e+20
4.527835465e+20
4.504771778e+20
2.243385711e+20
4.461358107e+20
3.330955823e+20
2.206864352e+20
3.293746499e+20
7.633855048e+20
5.422834864e+20
6.46067024e+20
6.422155627e+20
3.186601577e+20
2.110760447e+20
3.140710817e+20
4.158872378e+20
6.185844015e+20
3.07038157e+20
6.086982527e+20
8.05354858e+20
2.992669024e+20
1.979001785e+20
4.901162975e+20
5.831778064e+20
2.887810178e+20
4.770783711e+20
3.778969887e+20
5.616928373e+20
5.560316153e+20
3.672100364e+20
3.6343963e+20
8.098480696e+20
3.561767771e+20
6.171420381e+20
5.233820898e+20
6.044356402e+20
8.542343935e+19
8.454237845e+19
5.853863237e+20
4.137619198e+20
4.910642791e+20
8.098181293e+20
4.004043476e+20
5.546276189e+20
3.917017183e+20
3.10030037e+20
3.065012511e+20
3.790470055e+20
4.496293906e+20
7.414042785e+19
6.595307295e+20
3.625123764e+20
7.165594855e+20
4.962797455e+20
3.503197245e+20
5.546047089e+20
5.480507273e+20
5.423113519e+20
6.028563374e+20
3.314392529e+20
5.894793135e+20
5.83406246e+20
3.842867361e+20
3.16972258e+20
4.384419851e+20
3.100130853e+20
4.9006514e+20
3.638845067e+20
5.99184625e+20
4.153010583e+20
3.516921204e+20
3.482776886e+20
3.440911598e+20
5.1119767e+20
3.928231733e+20
5.558865998e+20
6.041430193e+20
5.44125211e+20
4.838532829e+20
4.794366975e+20
5.789866104e+20
4.694642668e+20
3.607971903e+20
5.108770167e+20
2.524135789e+20
3.503153503e+20
4.450968601e+20
4.903400451e+20
3.486556192e+20
3.484910633e+20
3.481272223e+20
4.637277229e+20
3.471752654e+20
6.933473484e+20
4.610761279e+20
4.601783254e+20
3.440332157e+20
6.863763934e+20
4.55822775e+20
1.136173838e+20
2.26216569e+20
2.254289111e+20
6.728502073e+20
5.584698603e+20
4.442513158e+20
6.633796702e+20
3.296373935e+20
1.093302498e+20
3.257955873e+20
3.240094978e+20
3.216878422e+20
5.329529284e+20
4.23119447e+20
2.102024532e+20
4.170354076e+20
5.177192539e+20
2.05349657e+20
5.096358002e+20
4.041450772e+20
2.005194022e+20
4.967573292e+20
1.970995656e+20
4.881422407e+20
1.936108109e+20
3.834996851e+20
1.900684047e+20
4.704910683e+20
1.864867874e+20
2.769157104e+20
6.400782641e+20
2.71507368e+20
3.585183126e+20
7.982628371e+20
5.269121249e+20
3.475640191e+20
6.020868321e+20
4.25464516e+20
2.526466964e+20
3.332187733e+20
4.121704963e+20
5.707136478e+20
3.226873537e+20
4.786531097e+20
3.157224824e+20
3.121717233e+20
6.177075964e+20
3.053423773e+20
5.286605092e+20
2.239678736e+20
5.908903401e+20
6.570549835e+20
4.33382525e+20
3.569390071e+20
5.650550187e+20
6.282223033e+20
4.144015808e+20
4.095078029e+20
3.376828944e+20
3.336758595e+20
4.622910596e+20
4.5678334e+20
2.583298818e+20
6.381053418e+20
4.421171385e+20
4.992220744e+20
4.32411758e+20
4.882523602e+20
6.042303301e+20
4.178779572e+20
3.546554448e+20
5.839850789e+20
5.20483395e+20
4.570898696e+20
4.527154356e+20
2.795482463e+20
2.215305181e+20
5.471829209e+20
3.252634725e+20
5.891779181e+20
4.776543349e+20
3.670734702e+20
5.716521693e+20
3.594497566e+20
5.598662876e+20
5.532300571e+20
2.991460143e+20
3.941550637e+20
2.93099101e+20
5.786010313e+20
4.626626652e+20
4.621807732e+20
5.771764482e+20
4.609193908e+20
4.602539918e+20
3.443297944e+20
4.582131113e+20
4.567556654e+20
4.556346428e+20
3.404137536e+20
2.262692901e+20
5.631447301e+20
5.611855114e+20
5.58340708e+20
4.448906792e+20
4.423826743e+20
4.403945377e+20
4.376757285e+20
5.443640492e+20
1.081457927e+20
5.377670593e+20
5.339222288e+20
4.24595739e+20
6.320598259e+20
5.233401573e+20
6.229853146e+20
5.155970036e+20
6.135342397e+20
3.045350482e+20
8.050094874e+20
4.992668273e+20
4.947527968e+20
1.963054044e+20
1.944736088e+20
4.820882069e+20
3.819703093e+20
4.732788429e+20
3.749006468e+20
4.643713027e+20
2.75824285e+20
6.375589537e+20
2.704434179e+20
6.249516328e+20
6.184518329e+20
6.123383552e+20
6.058800389e+20
5.140767497e+20
1.695298303e+20
1.67782539e+20
5.808966662e+20
3.284730142e+20
4.873163319e+20
6.429138229e+20
6.357798946e+20
3.931550805e+20
5.442343737e+20
3.846080636e+20
6.083844678e+20
5.266703091e+20
5.950064198e+20
2.943370046e+20
2.181992517e+20
5.03722803e+20
3.556082684e+20
5.62949002e+20
4.172577338e+20
2.752407786e+20
6.119833678e+20
4.710027732e+20
3.989288921e+20
3.947827943e+20
5.201089578e+20
5.147504146e+20
5.086002422e+20
5.034117167e+20
3.730359529e+20
4.308170463e+20
5.472595598e+20
3.612018149e+20
4.758149824e+20
5.889137691e+20
5.23649348e+20
5.761827901e+20
4.554040535e+20
5.074260252e+20
3.899226644e+20
2.758906034e+20
4.906439858e+20
3.780709087e+20
3.735428356e+20
4.230090449e+20
5.224444343e+20
3.624285288e+20
5.627479781e+20
4.563682936e+20
5.010597835e+20
5.960602323e+20
4.417645542e+20
3.893365909e+20
2.304522563e+20
3.455156906e+20
4.602088876e+20
3.448286566e+20
3.442164828e+20
3.437199505e+20
5.714417691e+20
4.562646109e+20
5.685212187e+20
4.537015663e+20
4.519636404e+20
3.379679732e+20
6.729219189e+20
3.352913256e+20
1.111985647e+20
1.107553283e+20
4.40529687e+20
3.289136385e+20
6.537754312e+20
6.505150907e+20
3.230904462e+20
3.213221641e+20
3.190298589e+20
4.228437144e+20
3.147310063e+20
6.254303561e+20
1.034064188e+20
6.161904977e+20
4.073599703e+20
5.054978942e+20
6.013165078e+20
5.967018609e+20
5.913172522e+20
4.887940429e+20
4.842414517e+20
6.722307995e+20
4.75566354e+20
3.771213471e+20
3.734202239e+20
3.700321539e+20
2.747414291e+20
1.814455421e+20
3.591836984e+20
5.335845966e+20
3.520293432e+20
5.228266698e+20
7.759815957e+20
7.681417168e+20
2.533183374e+20
5.849862305e+20
3.306728938e+20
5.726337327e+20
5.663743525e+20
5.6041268e+20
5.542022417e+20
2.350010324e+20
3.872741437e+20
3.831598682e+20
4.545760838e+20
5.996514713e+20
3.704887094e+20
4.398556819e+20
3.623104649e+20
5.018467394e+20
1.417149662e+20
4.206439693e+20
5.54282846e+20
4.113321645e+20
3.387343721e+20
4.692624507e+20
6.624294746e+20
4.588814144e+20
4.534197659e+20
3.205344537e+20
4.433888083e+20
3.761703157e+20
4.955539922e+20
5.518723549e+20
4.846667384e+20
4.198544558e+20
2.962925491e+20
4.107257919e+20
2.898479739e+20
5.166597239e+20
5.104469552e+20
4.493875526e+20
3.884884133e+20
4.398009331e+20
3.80206365e+20
4.304892621e+20
4.784972349e+20
4.21448065e+20
3.64358813e+20
5.674246114e+20
5.606619198e+20
3.53637513e+20
3.993576833e+20
4.453837685e+20
4.401170424e+20
1.939426409e+20
4.589450046e+20
5.734116263e+20
3.436903174e+20
2.289093288e+20
3.427559233e+20
1.140872944e+20
6.828254744e+20
5.679157649e+20
5.661183405e+20
3.388386173e+20
2.250292371e+20
1.121813702e+20
1.116823549e+20
4.451776943e+20
3.321987618e+20
4.411675907e+20
2.19346079e+20
6.550857897e+20
3.255300076e+20
4.318772728e+20
1.072515506e+20
2.133300965e+20
3.177172709e+20
5.263826116e+20
6.268854664e+20
7.266858664e+20
4.119416324e+20
6.136851312e+20
6.085658698e+20
3.020724223e+20
8.983433284e+20
5.943029736e+20
3.926335008e+20
5.842083828e+20
7.717029485e+20
8.608622268e+20
0
1.878157427e+20
1.859757235e+20
5.528681596e+20
4.561117373e+20
2.711054414e+20
2.683403388e+20
3.54341722e+20
5.260023694e+20
4.340063401e+20
4.294431644e+20
5.101274346e+20
5.88815264e+20
3.33000452e+20
5.76475352e+20
4.074688396e+20
4.836251621e+20
3.190239647e+20
4.732396699e+20
3.901928955e+20
2.31492267e+20
3.817225379e+20
5.283560561e+20
4.480581659e+20
2.952870106e+20
4.382181411e+20
6.497380253e+20
2.857054848e+20
4.235716061e+20
4.889357517e+20
4.832076005e+20
3.415120371e+20
4.049846828e+20
4.675349416e+20
3.959972889e+20
5.225090097e+20
3.872198458e+20
2.554868714e+20
5.048735942e+20
4.372573551e+20
4.320225794e+20
4.276626518e+20
6.639787059e+20
2.987986577e+20
6.494591882e+20
4.67683455e+20
4.043024456e+20
4.003757947e+20
3.955607718e+20
5.037096276e+20
4.976545818e+20
6.025096093e+20
5.952745196e+20
4.289091709e+20
4.23767235e+20
3.149239225e+20
5.185949798e+20
4.625461589e+20
2.539051228e+20
4.529978038e+20
3.978785778e+20
4.930385177e+20
3.897615764e+20
3.864447524e+20
4.570020874e+20
6.851813889e+20
4.563151674e+20
3.419117196e+20
6.826154124e+20
2.272107561e+20
4.532968863e+20
2.262084528e+20
4.509885509e+20
5.623552586e+20
3.361269768e+20
2.234214636e+20
4.448600042e+20
1.108289976e+20
3.308134798e+20
5.491616458e+20
4.368698947e+20
7.610949007e+20
5.403058854e+20
4.300926898e+20
4.272398102e+20
6.373580823e+20
7.383026919e+20
2.096913434e+20
3.121649636e+20
4.135584415e+20
4.102712471e+20
4.074667036e+20
5.050931153e+20
5.014266412e+20
7.953253501e+20
4.932694145e+20
3.91068083e+20
4.849021511e+20
4.804025116e+20
4.763638329e+20
4.718181319e+20
4.676916863e+20
5.557412686e+20
5.507051467e+20
3.634680344e+20
6.301186241e+20
5.346020351e+20
2.647282996e+20
4.366470425e+20
7.782061214e+20
4.277981424e+20
2.540877225e+20
3.351837926e+20
4.975991753e+20
4.922484324e+20
5.682955137e+20
4.015003893e+20
4.767318744e+20
3.92885249e+20
5.442198705e+20
6.150041903e+20
4.56355141e+20
5.263881176e+20
2.975934929e+20
4.412868703e+20
4.365927478e+20
2.157783731e+20
5.692985435e+20
3.516749291e+20
4.175430768e+20
3.438791953e+20
5.444105111e+20
6.05248648e+20
5.323658342e+20
3.287896547e+20
5.205962251e+20
5.144061325e+20
5.091061129e+20
4.401518407e+20
3.111864874e+20
3.68954565e+20
5.478463459e+20
6.01416746e+20
4.167929882e+20
4.706124719e+20
4.07731211e+20
5.754693613e+20
3.419278823e+20
5.630254993e+20
5.018717685e+20
4.407443812e+20
5.457355701e+20
4.313439482e+20
3.739230569e+20
5.277688116e+20
4.706554655e+20
4.650223024e+20
5.632591228e+20
4.047533519e+20
4.513311597e+20
3.468590898e+20
5.403416705e+20
4.368586112e+20
5.293954643e+20
2.275377757e+20
3.411466895e+20
4.543929111e+20
4.539622388e+20
3.398716756e+20
4.525100634e+20
3.385446896e+20
2.252586433e+20
2.245492035e+20
8.959990304e+20
1.115739811e+20
2.224880517e+20
3.322546271e+20
5.518372404e+20
4.392529377e+20
2.187531493e+20
3.262970306e+20
5.413923325e+20
4.30464197e+20
3.212420958e+20
2.127439521e+20
2.115824794e+20
3.151242328e+20
2.088366666e+20
4.145300926e+20
4.11881527e+20
3.064607652e+20
6.087350247e+20
3.018386603e+20
3.995324066e+20
6.931302654e+20
1.965208674e+20
1.947575491e+20
4.829793542e+20
1.914023108e+20
4.744857989e+20
2.819796542e+20
3.726868003e+20
2.767862141e+20
1.828529976e+20
4.525721365e+20
3.586725459e+20
4.437828602e+20
5.274164601e+20
4.34971732e+20
2.584079548e+20
4.261656752e+20
5.90611393e+20
4.173893167e+20
5.783307776e+20
4.086577373e+20
5.661509607e+20
4.799894894e+20
5.540982455e+20
3.914151903e+20
4.64730016e+20
4.595346527e+20
3.031039897e+20
5.244347845e+20
4.447346847e+20
4.396553782e+20
3.624828063e+20
5.016277163e+20
4.963014688e+20
4.905363135e+20
5.546796159e+20
2.055716419e+20
5.42416478e+20
2.680162491e+20
2.652101724e+20
3.275903818e+20
3.890230454e+20
3.843996603e+20
4.438455749e+20
1.879504354e+20
3.100545873e+20
5.51420815e+20
4.245541139e+20
4.194627282e+20
3.559533738e+20
5.275164281e+20
5.803574801e+20
5.733790962e+20
3.97466539e+20
3.926854158e+20
2.22243232e+20
3.842482762e+20
4.349997524e+20
3.223293802e+20
4.257835327e+20
4.206741928e+20
3.647293055e+20
4.118414698e+20
6.122173406e+20
3.02452101e+20
4.496767342e+20
4.93691243e+20
2.936485519e+20
3.868865972e+20
3.835955561e+20
3.398738926e+20
3.397148063e+20
3.393650866e+20
3.390437179e+20
1.128158928e+20
2.253073138e+20
5.618811001e+20
6.729503301e+20
1.118060101e+20
2.230652743e+20
4.444381427e+20
1.107812033e+20
0
2.198194539e+20
4.374363858e+20
4.356983475e+20
3.249528077e+20
4.313311574e+20
2.143491471e+20
2.13283703e+20
5.296878836e+20
4.214387292e+20
6.27687043e+20
3.119833929e+20
4.128539e+20
4.102181568e+20
2.034853945e+20
2.020965992e+20
6.012623802e+20
1.989681774e+20
9.862470896e+19
6.850907724e+20
4.849679984e+20
7.697147936e+20
4.766239609e+20
5.671470178e+20
3.745028254e+20
2.784237775e+20
2.757102251e+20
7.285726685e+20
4.508228579e+20
3.572880777e+20
6.189081314e+20
3.50261322e+20
3.466473824e+20
2.574214592e+20
6.792729911e+20
2.521579704e+20
3.326487371e+20
4.938392738e+20
6.513921704e+20
4.028732374e+20
3.187947166e+20
3.943035263e+20
4.6794731e+20
3.08665901e+20
3.052192802e+20
3.774745284e+20
5.971381654e+20
4.430913648e+20
4.380359054e+20
5.778371566e+20
4.283881569e+20
4.238401526e+20
4.88740965e+20
4.835688293e+20
3.413688077e+20
4.728823739e+20
2.670402595e+20
4.624278951e+20
2.611198607e+20
3.87609273e+20
5.106732221e+20
5.054115132e+20
5.618080203e+20
3.707170699e+20
1.831414482e+20
4.834476911e+20
5.970640003e+20
4.72886679e+20
5.256077381e+20
4.047799807e+20
3.999127727e+20
3.394523215e+20
3.353685917e+20
4.982359931e+20
4.922426456e+20
4.876003902e+20
3.211593556e+20
4.772674518e+20
3.667514742e+20
4.153176756e+20
4.103407986e+20
5.083221333e+20
5.022455308e+20
5.475975922e+20
4.42694562e+20
4.38859826e+20
3.854649542e+20
5.732799825e+20
3.384531006e+20
4.510598571e+20
4.505965784e+20
1.125425615e+20
2.24690376e+20
2.243675023e+20
5.595407114e+20
3.350741305e+20
5.567065683e+20
4.442771112e+20
4.425957637e+20
5.516110791e+20
3.295083518e+20
6.5673472e+20
2.178173985e+20
5.423815965e+20
4.314928196e+20
5.3695383e+20
5.336835259e+20
2.124131736e+20
6.330402656e+20
1.049316315e+20
4.167642374e+20
4.142960905e+20
4.111912084e+20
6.128522513e+20
3.04005295e+20
1.006440227e+20
5.988666842e+20
3.963530041e+20
4.911696504e+20
3.899315028e+20
3.864458395e+20
6.708508064e+20
2.848541329e+20
1.88309523e+20
2.79783172e+20
4.622349057e+20
3.661900925e+20
4.535970661e+20
5.389044598e+20
4.448928207e+20
5.284616086e+20
3.489219921e+20
5.179912608e+20
5.983657565e+20
5.075254012e+20
5.861427713e+20
4.970933025e+20
2.459902752e+20
3.244752028e+20
5.619100477e+20
5.558094168e+20
3.928336329e+20
3.885078309e+20
4.612805368e+20
5.321584379e+20
4.5129535e+20
3.718366347e+20
5.150368353e+20
7.273805324e+20
4.317881169e+20
4.268212468e+20
2.815269747e+20
4.869587104e+20
5.506353629e+20
4.76178232e+20
4.711629254e+20
5.321427045e+20
3.949287858e+20
1.951307353e+20
3.21838116e+20
4.452236338e+20
6.294803119e+20
3.731863265e+20
3.693783738e+20
3.649615194e+20
6.021291995e+20
4.759289356e+20
5.300789063e+20
5.81903123e+20
4.609375188e+20
3.984706544e+20
5.073419023e+20
4.455446405e+20
4.412780342e+20
3.269764865e+20
4.318567813e+20
5.333296572e+20
4.227031205e+20
3.654227282e+20
5.172660547e+20
4.088510239e+20
4.558289829e+20
3.502923405e+20
5.456048961e+20
2.940525902e+20
5.344271711e+20
3.840537207e+20
5.235835902e+20
4.493921841e+20
2.245911997e+20
4.48722101e+20
3.362234303e+20
2.237567895e+20
1.117177493e+20
3.343318431e+20
2.224564766e+20
4.435218562e+20
5.530487627e+20
3.305764473e+20
4.394680641e+20
1.093840563e+20
5.450279032e+20
4.338479869e+20
4.321269048e+20
4.297297553e+20
5.347617585e+20
6.378144008e+20
5.288743036e+20
5.253966789e+20
6.270422684e+20
4.150841027e+20
6.189418014e+20
5.119273194e+20
2.034656992e+20
4.037230088e+20
3.007289034e+20
9.941500056e+19
5.921733052e+20
3.913849428e+20
7.767895461e+20
4.811615971e+20
5.727616583e+20
1.891617544e+20
2.81363704e+20
4.644961888e+20
1.841776662e+20
6.383606846e+20
2.711098682e+20
3.578916459e+20
5.318264399e+20
4.387050219e+20
3.475928659e+20
4.300220561e+20
2.55470893e+20
4.213421808e+20
2.502573096e+20
4.126896749e+20
4.901357664e+20
4.848951587e+20
4.798399956e+20
4.7463733e+20
6.261994525e+20
4.644843454e+20
3.063832861e+20
3.787126369e+20
5.245725269e+20
2.222832039e+20
5.864545209e+20
3.623604083e+20
4.30209987e+20
2.83510505e+20
2.80501375e+20
5.545021794e+20
3.428970447e+20
4.744527299e+20
6.706513368e+20
3.976641759e+20
3.279176669e+20
5.184711801e+20
3.84812333e+20
3.802455742e+20
3.136063442e+20
5.577655554e+20
4.907324148e+20
3.030413683e+20
4.799715704e+20
4.149416654e+20
2.934300487e+20
5.218314974e+20
5.166914997e+20
2.83599214e+20
4.493497988e+20
1.664785353e+20
3.847297355e+20
3.257997406e+20
4.303022659e+20
3.188446051e+20
4.211795686e+20
5.721627616e+20
4.123188776e+20
3.564505242e+20
3.532511596e+20
4.487426862e+20
3.953648365e+20
4.883055101e+20
3.87261338e+20
3.34821185e+20
5.21674553e+20
4.475291436e+20
4.473205063e+20
8.937263094e+20
4.464410784e+20
5.570773224e+20
4.450224115e+20
5.549179408e+20
6.64613549e+20
2.208468274e+20
3.304620419e+20
4.389564533e+20
6.564933431e+20
5.446785058e+20
3.256771889e+20
4.320757747e+20
5.379538129e+20
4.2798104e+20
5.325875121e+20
7.411013056e+20
4.213865214e+20
6.279324538e+20
5.204294009e+20
4.134174602e+20
2.054865128e+20
5.098821018e+20
4.053076909e+20
2.010592402e+20
3.993803862e+20
2.970660562e+20
2.949178532e+20
6.822311265e+20
3.868701083e+20
4.792807155e+20
2.852629655e+20
2.826397707e+20
4.671194445e+20
4.62701074e+20
4.586672469e+20
2.725318736e+20
5.401390849e+20
5.347862733e+20
4.414975843e+20
7.866686411e+20
3.462738273e+20
2.570382615e+20
4.241777553e+20
3.358068177e+20
3.324235782e+20
3.289172464e+20
3.255365103e+20
5.63606212e+20
5.577321979e+20
3.940664192e+20
6.238823677e+20
5.399006813e+20
1.52627296e+20
3.018579092e+20
5.973120425e+20
3.691173579e+20
3.651945601e+20
3.610402404e+20
3.572027924e+20
5.649620861e+20
3.493540259e+20
2.071855346e+20
6.149808647e+20
4.052054466e+20
2.004691157e+20
6.603861971e+20
5.881258479e+20
3.228795199e+20
3.195241212e+20
5.051743455e+20
3.749768065e+20
3.705107068e+20
6.112162974e+20
4.227383556e+20
1.793445707e+20
4.134562243e+20
4.093311519e+20
5.19963652e+20
5.148416322e+20
3.956173968e+20
4.477406262e+20
4.423523584e+20
3.833511422e+20
5.951576295e+20
4.287589017e+20
4.765495463e+20
5.770420699e+20
4.146216146e+20
5.648990321e+20
5.073796165e+20
4.525430285e+20
3.974411626e+20
4.924206344e+20
3.405753987e+20
4.823232572e+20
4.289197821e+20
4.252740433e+20
6.685222298e+20
3.341054886e+20
1.112548868e+21
5.5574946e+20
3.328690483e+20
1.107972643e+20
4.421080654e+20
5.51566946e+20
5.49850579e+20
4.388080621e+20
6.557387246e+20
4.358711735e+20
2.169820131e+20
8.649295077e+20
4.303179821e+20
3.214601526e+20
4.262464993e+20
4.243446994e+20
6.326658445e+20
3.147655602e+20
6.254093338e+20
8.293447726e+20
3.08823111e+20
6.139971059e+20
6.094237932e+20
4.036968896e+20
4.005266552e+20
5.96702227e+20
2.958963946e+20
5.875164903e+20
3.883198225e+20
6.743753924e+20
3.819315853e+20
5.683075898e+20
3.753939332e+20
3.722507647e+20
2.765518684e+20
6.396655864e+20
3.619848601e+20
2.690371703e+20
3.551671286e+20
3.518554604e+20
6.095374108e+20
3.449647616e+20
4.267843831e+20
5.070993294e+20
5.018240683e+20
5.795652036e+20
5.734609133e+20
4.054061615e+20
4.010835785e+20
5.556664837e+20
3.140900301e+20
3.107911836e+20
4.610722584e+20
5.322348213e+20
6.015076895e+20
5.207376166e+20
2.942180639e+20
4.366377596e+20
4.316755884e+20
6.406321249e+20
4.221885454e+20
2.088543232e+20
4.816890931e+20
4.765935688e+20
4.710389713e+20
4.660787954e+20
3.948095435e+20
4.557895647e+20
5.791012173e+20
3.183795572e+20
3.775257065e+20
4.981808833e+20
4.922496441e+20
4.872262313e+20
3.008783156e+20
4.765450812e+20
4.708358637e+20
4.66137979e+20
5.756768117e+20
5.130049633e+20
5.631514807e+20
2.230714689e+20
3.856766466e+20
2.728445667e+20
4.312953027e+20
4.272265691e+20
4.220839771e+20
4.704358241e+20
4.13135586e+20
3.581926903e+20
3.538901674e+20
4.509177531e+20
4.45511604e+20
4.415832692e+20
4.363018487e+20
4.805824985e+20
4.748516838e+20
4.237346778e+20
0
3.32731984e+20
3.32393317e+20
2.213865936e+20
4.420040107e+20
3.310280597e+20
6.604451142e+20
8.788926798e+20
3.28561573e+20
5.462685565e+20
6.530647564e+20
3.255710383e+20
1.080499279e+20
3.230307383e+20
6.428616507e+20
5.335977372e+20
5.306574518e+20
8.452666113e+20
5.25102176e+20
1.045004882e+20
5.190886742e+20
4.130146136e+20
4.101240067e+20
3.057771337e+20
4.046722427e+20
4.020988412e+20
4.986842289e+20
1.98117509e+20
7.859624204e+20
5.852154409e+20
4.835064944e+20
4.798205126e+20
4.755627249e+20
3.774042884e+20
6.544056643e+20
2.781128269e+20
3.6732172e+20
2.730925432e+20
5.409067456e+20
3.573502144e+20
1.769101833e+20
4.381537775e+20
4.33742072e+20
6.014147237e+20
5.102205127e+20
4.209997436e+20
6.666026439e+20
4.124324029e+20
4.080946871e+20
5.65464083e+20
5.594432394e+20
4.745280128e+20
4.694032137e+20
5.418868549e+20
5.359491024e+20
3.030219698e+20
3.745722841e+20
5.188411113e+20
5.863001038e+20
3.62544688e+20
2.867428432e+20
2.836960406e+20
3.505554825e+20
2.774689262e+20
5.485232085e+20
3.392007735e+20
5.364005118e+20
2.653762175e+20
2.622650275e+20
3.892797048e+20
3.205745341e+20
3.172431637e+20
3.134835933e+20
3.723040777e+20
3.678731806e+20
3.641188957e+20
6.59578321e+20
4.154938529e+20
3.518717327e+20
2.903004967e+20
6.309939666e+20
6.247772082e+20
3.928047103e+20
5.001261874e+20
4.392054957e+20
5.437476913e+20
2.685998164e+20
4.257051502e+20
6.308687467e+20
5.729268931e+20
4.631176929e+20
5.608638866e+20
3.526237328e+20
4.493041102e+20
5.42560882e+20
3.91110588e+20
4.830360162e+20
5.267396857e+20
4.258244579e+20
5.160300641e+20
4.420315667e+20
6.627394521e+20
5.517219941e+20
5.512021879e+20
5.502468899e+20
6.593509423e+20
3.288751512e+20
6.564807991e+20
4.362983762e+20
2.176181124e+20
4.336083383e+20
4.323326835e+20
4.304496845e+20
4.289647688e+20
3.20133718e+20
4.251568381e+20
2.114096288e+20
4.209356607e+20
4.183998286e+20
6.244949637e+20
7.238273446e+20
2.056850215e+20
4.084968796e+20
3.04565395e+20
5.038433386e+20
2.002566973e+20
3.973805163e+20
4.933510496e+20
4.893074798e+20
4.857769548e+20
9.63255845e+19
4.77958875e+20
7.57960444e+20
1.879740869e+20
3.725093799e+20
3.693944411e+20
5.488776302e+20
4.534178376e+20
5.388519325e+20
5.339918489e+20
4.406047246e+20
3.492006371e+20
5.185351377e+20
4.279701257e+20
5.930331389e+20
4.194285287e+20
4.980938135e+20
4.930813395e+20
4.879028147e+20
1.609643113e+20
3.9813195e+20
4.727833915e+20
3.89736723e+20
5.399037602e+20
4.57709936e+20
4.528767915e+20
3.732122113e+20
6.646607612e+20
1.460448828e+20
3.612341205e+20
5.714189265e+20
7.066852708e+19
2.79437031e+20
2.07354471e+20
3.415992302e+20
4.055835938e+20
4.008634172e+20
4.627498964e+20
3.919956029e+20
3.878925961e+20
5.749818093e+20
3.793378245e+20
5.622667088e+20
4.328122755e+20
6.720421569e+20
4.837697943e+20
5.377426615e+20
5.323130644e+20
5.843757649e+20
3.471265138e+20
4.001196056e+20
3.961771802e+20
3.914133118e+20
3.322361438e+20
5.470609934e+20
4.334560118e+20
4.817643814e+20
3.711702128e+20
4.190850437e+20
5.189920336e+20
3.589208504e+20
4.572555174e+20
3.513663301e+20
4.97446639e+20
2.948844792e+20
3.897127778e+20
3.850437609e+20
3.817107251e+20
4.242934888e+20
4.674323763e+20
5.502861671e+20
3.300185772e+20
5.494736025e+20
5.489563433e+20
4.384057196e+20
5.472231517e+20
2.183591309e+20
6.538139334e+20
2.172645608e+20
3.251040177e+20
5.398180952e+20
3.22938672e+20
6.430706588e+20
0
6.376940748e+20
4.234493132e+20
4.211262216e+20
3.144386995e+20
5.209141634e+20
4.146713209e+20
4.119734557e+20
4.097385174e+20
2.034413062e+20
3.033632222e+20
5.018620791e+20
2.992053013e+20
4.947823863e+20
2.948541045e+20
1.949613529e+20
3.871113302e+20
4.797638918e+20
3.808893019e+20
6.60662764e+20
2.80877439e+20
2.783127475e+20
3.679826541e+20
3.645258017e+20
2.710167809e+20
2.68406336e+20
6.206360375e+20
2.633679397e+20
4.348602405e+20
2.582972127e+20
5.969184985e+20
1.688073062e+20
2.507213989e+20
4.135411712e+20
7.368860851e+20
3.240702315e+20
3.207436995e+20
6.346757873e+20
6.280687353e+20
2.32988734e+20
5.379351273e+20
4.560470976e+20
3.00821769e+20
2.974895837e+20
5.15089243e+20
5.093149629e+20
6.478793893e+20
4.270252573e+20
4.22489268e+20
4.176553304e+20
4.132251883e+20
4.084562615e+20
6.062049864e+20
4.660094592e+20
4.611032156e+20
5.208048282e+20
5.797730063e+20
5.729440048e+20
3.149945412e+20
5.602771303e+20
4.312807103e+20
2.435152934e+20
5.423173887e+20
5.358438384e+20
4.125590931e+20
5.823133036e+20
4.035513349e+20
3.987076323e+20
4.511757782e+20
3.900317357e+20
4.96594756e+20
4.361030898e+20
3.239435747e+20
3.733809498e+20
4.226945906e+20
3.654013134e+20
3.102927248e+20
4.087407327e+20
3.543819869e+20
4.501515379e+20
3.965433114e+20
4.407512915e+20
4.854061543e+20
4.795857525e+20
3.328043641e+20
3.757986567e+20
4.657585859e+20
3.288307076e+20
3.286784022e+20
8.75589539e+20
4.373829804e+20
5.457855685e+20
2.180021236e+20
4.349507459e+20
7.596967556e+20
2.163870791e+20
5.396525833e+20
3.225860587e+20
2.144255916e+20
3.202438541e+20
5.319012255e+20
5.292844303e+20
2.108777245e+20
6.291700348e+20
4.175809594e+20
4.150760872e+20
4.130258297e+20
3.077582055e+20
8.162397642e+20
1.013202633e+20
4.028940032e+20
2.999378042e+20
4.96724645e+20
3.942834181e+20
4.895109686e+20
4.855140467e+20
3.856127891e+20
5.73497081e+20
9.485572072e+19
6.581297136e+20
1.865346973e+20
4.620860233e+20
3.665816175e+20
3.631437432e+20
3.599875844e+20
4.456573236e+20
4.41642367e+20
5.247610096e+20
5.198783642e+20
4.28890155e+20
5.097390022e+20
5.045437532e+20
2.497926132e+20
3.296124042e+20
6.525958462e+20
4.036008959e+20
3.994593338e+20
3.95223447e+20
3.128882353e+20
3.869027316e+20
4.594121131e+20
4.543962974e+20
4.496004101e+20
5.187300758e+20
5.865526669e+20
5.074860657e+20
3.58641207e+20
5.673297767e+20
3.508152162e+20
2.774438766e+20
6.862533566e+20
2.713358999e+20
3.355833406e+20
6.633667691e+20
5.251065286e+20
3.243512419e+20
5.135304328e+20
6.343562152e+20
1.883292849e+20
5.583015823e+20
5.525485022e+20
4.853154077e+20
3.602715395e+20
5.932870866e+20
4.69836806e+20
3.481592096e+20
4.021317947e+20
3.973055893e+20
6.743833176e+20
3.886598785e+20
5.498307515e+20
3.802472317e+20
5.380053765e+20
4.252178319e+20
3.685545696e+20
3.120963186e+20
4.637970129e+20
4.582085474e+20
3.531297069e+20
3.987179843e+20
4.445317398e+20
4.879856074e+20
4.353152838e+20
4.778790384e+20
4.263689945e+20
4.212643405e+20
4.176870659e+20
6.550011276e+20
6.546981357e+20
5.45031351e+20
4.356152909e+20
1.087163854e+20
4.342442971e+20
3.248981096e+20
6.485446809e+20
1.077583284e+20
5.37482728e+20
7.496807052e+20
3.203485317e+20
3.189627119e+20
2.119098693e+20
5.271740953e+20
2.100375411e+20
3.133353761e+20
2.079617905e+20
3.100754557e+20
4.113933461e+20
8.174558543e+20
4.065139851e+20
7.064610924e+20
7.023032908e+20
2.987675644e+20
2.968733954e+20
6.87317579e+20
3.900906069e+20
2.901835811e+20
5.761887078e+20
4.760787838e+20
4.724596399e+20
7.492754434e+20
4.645580935e+20
2.761985414e+20
3.651912088e+20
4.522151562e+20
5.379446722e+20
3.551867387e+20
2.639914799e+20
6.099343754e+20
6.042621873e+20
3.418375054e+20
5.078477166e+20
5.864593787e+20
3.318275778e+20
4.926012663e+20
4.063747295e+20
4.825498536e+20
3.979997875e+20
3.937850732e+20
3.117504386e+20
1.542004542e+20
4.577491017e+20
3.772978377e+20
3.733166107e+20
2.953524925e+20
2.922235694e+20
5.056702562e+20
4.28830391e+20
4.239803028e+20
4.194780204e+20
6.911448101e+20
3.419077552e+20
5.407489743e+20
4.012735378e+20
5.288179417e+20
3.924383687e+20
1.292830354e+20
1.279299847e+20
6.95336185e+20
3.753330851e+20
5.56339917e+20
3.670713165e+20
4.836122669e+20
3.590070915e+20
4.729654574e+20
4.681891436e+20
4.625853997e+20
5.152142652e+20
4.524724253e+20
5.040147403e+20
3.872976379e+20
3.835322139e+20
4.871747309e+20
5.361181293e+20
5.82622057e+20
4.72192102e+20
4.664989175e+20
5.13518316e+20
3.043968081e+20
5.026946374e+20
4.469751729e+20
3.937452439e+20
4.376338657e+20
5.301706572e+20
4.761844288e+20
4.248574575e+20
5.596879041e+20
5.086913819e+20
4.349081835e+20
8.694145149e+20
1.085674104e+20
2.169309161e+20
5.413960088e+20
3.243738735e+20
8.629165822e+20
2.153139255e+20
7.512862314e+20
7.494623528e+20
4.266769974e+20
3.1906898e+20
1.058972598e+20
5.276650575e+20
2.100322088e+20
7.322140912e+20
3.120956236e+20
8.285586137e+20
8.236094736e+20
5.122171456e+20
4.071242639e+20
5.061508456e+20
6.031731956e+20
5.99625959e+20
1.984042805e+20
4.928683668e+20
4.890427784e+20
5.828762468e+20
3.854231836e+20
6.696379293e+20
3.794059023e+20
3.765236601e+20
5.598183782e+20
3.702343681e+20
3.668712509e+20
5.457169615e+20
6.30718951e+20
2.679616371e+20
4.423220506e+20
3.506732909e+20
4.340461378e+20
4.300117387e+20
4.257154022e+20
5.902988158e+20
3.338859387e+20
3.306073784e+20
5.725967769e+20
4.858656162e+20
4.006596167e+20
6.344813892e+20
6.277714098e+20
5.435865522e+20
3.072877261e+20
4.560980867e+20
3.007535285e+20
3.719759124e+20
4.414431298e+20
4.367675048e+20
2.15943169e+20
2.136511511e+20
3.5206171e+20
2.786589575e+20
4.132184313e+20
3.406974617e+20
3.367748292e+20
1.999285686e+20
3.95216758e+20
5.865849597e+20
5.79729549e+20
5.736624372e+20
3.779442307e+20
6.233614943e+20
3.695946591e+20
4.267503672e+20
6.024012977e+20
3.577514882e+20
5.302269848e+20
5.248721218e+20
4.609698833e+20
2.281842659e+20
3.945308781e+20
5.022543758e+20
3.859449132e+20
4.913901379e+20
3.236480987e+20
3.739708533e+20
5.278035953e+20
3.659755334e+20
2.582582695e+20
3.582035181e+20
3.538835985e+20
4.007445849e+20
3.959144366e+20
4.904512071e+20
3.87637006e+20
2.881650322e+20
4.270516156e+20
4.703962221e+20
3.718027889e+20
3.686466984e+20
4.331630669e+20
3.24722399e+20
2.162641403e+20
5.401530414e+20
4.313820805e+20
5.384583501e+20
3.222997588e+20
4.289064546e+20
4.275933044e+20
3.199169684e+20
6.374679737e+20
3.177996094e+20
4.219079132e+20
4.204577412e+20
4.18402809e+20
2.083771003e+20
7.253531668e+20
5.158099777e+20
9.22923726e+20
4.081667895e+20
4.055331355e+20
3.025048567e+20
4.005511412e+20
1.990986396e+20
2.964542677e+20
1.963850377e+20
4.871590534e+20
2.903169844e+20
4.799329138e+20
2.858894838e+20
4.724498556e+20
9.377265013e+19
4.647469864e+20
6.454576654e+20
3.654882856e+20
3.624417954e+20
7.181194792e+20
5.339170107e+20
7.050769042e+20
2.62025802e+20
2.594621319e+20
5.141034103e+20
4.241455861e+20
5.881247617e+20
4.98991924e+20
2.4704709e+20
5.705074361e+20
5.647769906e+20
3.992049948e+20
4.741349524e+20
2.345637046e+20
2.321246183e+20
3.061825511e+20
3.787157823e+20
5.244339723e+20
4.447737713e+20
3.665573586e+20
5.802811084e+20
1.434506693e+20
3.548208874e+20
3.50815388e+20
3.470911615e+20
4.117603398e+20
4.073948477e+20
2.68471957e+20
4.648591505e+20
4.594681726e+20
4.546320409e+20
3.209443071e+20
3.811027361e+20
4.393940538e+20
3.10591589e+20
4.910734696e+20
6.682678035e+20
3.601811976e+20
4.753395161e+20
2.348359008e+20
4.649282463e+20
5.167863129e+20
5.116274602e+20
4.493234349e+20
4.44894458e+20
4.395446913e+20
5.440882491e+20
4.837814243e+20
4.259064633e+20
3.155782158e+20
4.688993617e+20
5.147136222e+20
5.609261547e+20
4.030243434e+20
3.494254122e+20
4.438433201e+20
4.887329835e+20
5.311291691e+20
3.828709669e+20
4.2554791e+20
5.624884117e+20
5.094232685e+20
4.132634425e+20
4.314318993e+20
7.546578874e+20
3.231006218e+20
3.227976939e+20
6.444917917e+20
2.14524338e+20
4.280214752e+20
3.203990742e+20
4.258938087e+20
5.310766096e+20
4.232937675e+20
4.220537317e+20
6.303601177e+20
3.140974991e+20
5.209428676e+20
5.188917153e+20
3.09645319e+20
5.137868181e+20
6.128768225e+20
2.032862083e+20
3.029657967e+20
5.022140465e+20
1.994994714e+20
2.974919585e+20
3.937480013e+20
9.781430063e+19
9.705795687e+19
1.928029588e+20
2.868605649e+20
5.695993127e+20
5.647872707e+20
9.341710202e+19
4.629920127e+20
2.755815784e+20
6.372024885e+20
5.416238327e+20
6.260077985e+20
3.546171415e+20
4.390363288e+20
3.480718662e+20
4.308395239e+20
4.268390262e+20
4.225873047e+20
4.185476163e+20
4.971683663e+20
6.563874093e+20
3.248190214e+20
3.215575834e+20
1.591043588e+20
3.149475598e+20
4.674385095e+20
6.167723258e+20
3.813566214e+20
5.283034519e+20
5.225627195e+20
4.431878388e+20
2.922038131e+20
5.059427504e+20
5.717713878e+20
3.535654702e+20
4.194934309e+20
5.533877087e+20
2.735416681e+20
4.059628791e+20
4.01296046e+20
3.308784357e+20
3.924526663e+20
3.23601806e+20
6.39649023e+20
5.063642524e+20
3.753119175e+20
1.857060099e+20
3.670245129e+20
3.632422688e+20
4.187520927e+20
3.552664469e+20
4.095368518e+20
4.633147725e+20
4.00550909e+20
2.266012092e+20
5.597066491e+20
3.879324409e+20
4.380201317e+20
5.422006449e+20
3.749685612e+20
3.713745018e+20
3.668956015e+20
5.191890586e+20
4.616309231e+20
5.081588541e+20
4.016201421e+20
4.97439796e+20
4.422937943e+20
4.383240812e+20
5.292705546e+20
3.815313315e+20
3.769375615e+20
4.670960812e+20
5.537786305e+20
3.660530223e+20
4.297145141e+20
4.295167304e+20
4.290871209e+20
5.358564284e+20
4.279539839e+20
2.136721605e+20
4.263235179e+20
2.127523105e+20
6.363116534e+20
5.289750372e+20
4.216221929e+20
5.254848817e+20
4.18585378e+20
4.171486628e+20
4.151187184e+20
4.134854135e+20
1.028115128e+20
3.070676805e+20
6.104898994e+20
4.049904509e+20
7.041788254e+20
4.002148185e+20
3.974587278e+20
4.939081204e+20
2.941765184e+20
4.871949243e+20
4.834348055e+20
4.801673107e+20
4.762829017e+20
3.782908084e+20
2.813254992e+20
5.583854395e+20
2.76750146e+20
1.830308538e+20
6.34818451e+20
5.396002075e+20
4.454846547e+20
6.182740809e+20
3.499293646e+20
4.334819676e+20
6.8680627e+20
3.402161297e+20
5.052485177e+20
3.336139109e+20
1.651193628e+20
3.270000359e+20
4.854635706e+20
4.004924266e+20
3.170617674e+20
3.922667241e+20
6.986425899e+20
6.913818355e+20
5.319927891e+20
3.008104904e+20
5.207047729e+20
5.888175682e+20
3.63961399e+20
5.761740498e+20
3.560965184e+20
5.637102485e+20
3.483490304e+20
2.757216597e+20
6.814580179e+20
4.045409419e+20
3.99894022e+20
4.616118513e+20
3.910850687e+20
1.934846108e+20
4.46197504e+20
3.78452887e+20
3.116745528e+20
3.084359505e+20
6.70546796e+20
5.429754152e+20
5.365322857e+20
5.900613796e+20
2.915148135e+20
1.154281146e+20
3.991665437e+20
3.38726834e+20
4.462179724e+20
4.970462978e+20
5.456326391e+20
4.322608742e+20
3.736717143e+20
4.758297408e+20
4.178576837e+20
5.173913622e+20
3.066871714e+20
3.544779985e+20
3.501974802e+20
3.469987577e+20
4.897278336e+20
5.338656424e+20
4.315294659e+20
4.752512974e+20
4.695244945e+20
3.723706517e+20
3.678910031e+20
4.559622781e+20
4.280107473e+20
2.139069953e+20
4.273869929e+20
0
7.459555013e+20
4.256534533e+20
4.24638979e+20
1.059559651e+20
5.281687826e+20
5.268900318e+20
4.199637685e+20
5.234189715e+20
5.211795715e+20
7.271487637e+20
5.168699131e+20
4.118701738e+20
7.168774432e+20
5.097877411e+20
6.081214964e+20
5.042759354e+20
5.010418841e+20
9.9667603e+19
4.949129479e+20
2.95206598e+20
6.837850111e+20
1.941330765e+20
4.815939537e+20
2.870047321e+20
6.642700908e+20
3.768596531e+20
5.60530826e+20
5.56284201e+20
3.676172239e+20
4.558645544e+20
3.614012494e+20
3.583944316e+20
4.438332172e+20
5.27987346e+20
5.229588745e+20
3.455087539e+20
1.710719767e+20
1.694851154e+20
6.712077464e+20
7.47896957e+20
4.935609459e+20
5.701762825e+20
3.224742333e+20
6.384773812e+20
3.949038197e+20
3.908591728e+20
6.187959074e+20
6.123667282e+20
5.300998754e+20
3.746761924e+20
5.929828472e+20
3.667080529e+20
5.077480227e+20
6.459100256e+20
4.967826945e+20
3.510810996e+20
4.859803348e+20
2.060672047e+20
5.432628788e+20
5.375052413e+20
3.320848004e+20
1.971450667e+20
3.897269694e+20
3.856256708e+20
5.081731202e+20
6.914265107e+20
3.105966815e+20
4.303170385e+20
4.25238176e+20
3.60733644e+20
3.564545838e+20
3.52815691e+20
3.486123304e+20
4.026060406e+20
3.409643267e+20
2.812999581e+20
4.446812831e+20
3.852599265e+20
3.806272062e+20
3.769251204e+20
3.191861202e+20
4.215016604e+20
5.20520155e+20
4.640454648e+20
4.584416461e+20
4.541828403e+20
4.486960025e+20
4.939971801e+20
4.392269756e+20
4.352848162e+20
5.733731763e+20
3.315199902e+20
4.678885176e+20
5.102261154e+20
4.58256628e+20
5.452433815e+20
3.197403282e+20
2.130623489e+20
3.192752132e+20
4.253021042e+20
2.122899712e+20
5.299698917e+20
5.28709625e+20
2.110781628e+20
8.417508467e+20
4.198571187e+20
4.183183395e+20
4.170953934e+20
5.19143455e+20
5.173640796e+20
3.089143355e+20
4.102675044e+20
5.10068606e+20
4.062491658e+20
6.057713989e+20
5.023289585e+20
2.994683078e+20
5.957068188e+20
4.930171224e+20
3.921027129e+20
9.731116786e+19
4.834846404e+20
3.838136545e+20
4.765289663e+20
7.563007826e+20
4.69299107e+20
2.79213286e+20
3.694658116e+20
2.746834356e+20
3.633317968e+20
2.700443557e+20
5.355979848e+20
4.421939785e+20
5.260399519e+20
3.473586125e+20
6.024222774e+20
5.965644516e+20
5.91033492e+20
1.671921647e+20
4.967883087e+20
4.098139967e+20
8.115963976e+20
6.426289768e+20
6.361834821e+20
3.934906175e+20
3.115693494e+20
1.541479977e+20
4.576405854e+20
4.527603295e+20
3.73348745e+20
3.693058822e+20
4.384971829e+20
5.059627301e+20
2.860623598e+20
4.243221774e+20
1.399407844e+20
2.767336875e+20
4.106964343e+20
3.383578688e+20
5.356356569e+20
5.956787398e+20
5.238966924e+20
3.883782699e+20
3.842914173e+20
5.064184377e+20
5.011195105e+20
3.095262398e+20
3.675720334e+20
4.843141656e+20
6.590691812e+20
5.328441853e+20
3.516029491e+20
5.211227459e+20
2.865880317e+20
4.530586553e+20
4.485347698e+20
3.877607489e+20
3.29089226e+20
5.418865679e+20
4.829540461e+20
4.241197106e+20
3.675468737e+20
4.668575362e+20
3.596831419e+20
5.076260846e+20
3.520370751e+20
3.974656404e+20
5.415230474e+20
4.377094598e+20
4.337809345e+20
4.285406848e+20
4.247640993e+20
4.662639017e+20
5.084549672e+20
3.653285568e+20
4.980665585e+20
2.123217131e+20
1.061121734e+20
4.240268366e+20
4.236305296e+20
3.171845957e+20
5.278894302e+20
5.266369062e+20
6.307527917e+20
5.240360082e+20
6.273227338e+20
4.166857538e+20
2.077342012e+20
4.136985486e+20
3.092111753e+20
2.051440611e+20
3.065079445e+20
1.016194504e+21
1.011700874e+20
5.028661629e+20
5.003969581e+20
5.966407082e+20
3.956170838e+20
5.893629191e+20
1.953040551e+20
4.84707957e+20
2.889903661e+20
3.823631924e+20
3.797843141e+20
4.709108068e+20
9.350739614e+19
3.708920385e+20
3.680858747e+20
6.38543763e+20
3.619820534e+20
5.380904456e+20
1.778730182e+20
3.524534431e+20
6.114580154e+20
4.326091863e+20
3.429831139e+20
5.943929098e+20
4.206320122e+20
2.498802128e+20
5.774903573e+20
5.716730818e+20
4.043382062e+20
3.201630555e+20
3.961912543e+20
2.352524963e+20
6.985334849e+20
1.536009295e+20
6.840265753e+20
3.759672672e+20
2.976245364e+20
4.416080287e+20
8.010852996e+20
4.321628127e+20
2.850606619e+20
5.637880395e+20
4.880839586e+20
4.825993733e+20
4.774798684e+20
5.394954103e+20
5.337790333e+20
3.9574612e+20
3.915643596e+20
5.160518306e+20
4.467940924e+20
3.785068733e+20
3.121220773e+20
3.084631511e+20
3.052580186e+20
5.429849784e+20
4.776792422e+20
5.900212044e+20
4.087982685e+20
4.616349222e+20
5.140927472e+20
3.386316629e+20
3.911251573e+20
4.416394396e+20
2.733028448e+20
4.320262044e+20
3.743455861e+20
3.170009514e+20
5.232692443e+20
4.135626395e+20
4.096577598e+20
4.552961344e+20
3.508291762e+20
3.960998411e+20
3.924815097e+20
3.877354613e+20
3.842554742e+20
3.796104586e+20
3.292320862e+20
5.111155818e+20
4.606327934e+20
5.005834257e+20
4.060953453e+20
6.344693352e+20
5.284822768e+20
4.223664943e+20
1.054930108e+20
4.212586873e+20
2.103300956e+20
3.147482253e+20
5.235753926e+20
4.175950238e+20
4.165859857e+20
5.188323272e+20
4.13854055e+20
3.090711477e+20
6.16026514e+20
3.065271075e+20
3.05324471e+20
4.049128622e+20
3.023427027e+20
4.007501853e+20
4.98479762e+20
3.962415569e+20
3.941078914e+20
8.806836842e+20
3.891248582e+20
7.725984924e+20
4.798304415e+20
3.809236518e+20
2.837672067e+20
5.629763253e+20
7.452608604e+20
2.771325537e+20
5.500743113e+20
5.45294728e+20
3.606423012e+20
3.57404608e+20
4.430455785e+20
2.633709363e+20
3.48125296e+20
6.034443744e+20
7.689017027e+20
4.230265142e+20
3.352866905e+20
3.319716402e+20
2.466040542e+20
4.882469154e+20
4.028886815e+20
5.582847294e+20
1.579111949e+20
4.688332096e+20
3.09357185e+20
5.357020568e+20
4.544063175e+20
2.997149165e+20
5.19010618e+20
3.667166078e+20
5.07995663e+20
5.024295456e+20
5.681319094e+20
4.915985504e+20
4.169031886e+20
2.748151271e+20
3.398753156e+20
7.39242905e+20
3.324595226e+20
2.629216946e+20
3.902155567e+20
5.142782434e+20
3.816504188e+20
1.88604441e+20
4.354725909e+20
4.918517439e+20
3.042132108e+20
5.411292916e+20
4.760466796e+20
5.292064425e+20
6.402042279e+20
2.875377748e+20
5.123390836e+20
2.249848395e+20
3.34107041e+20
5.501675881e+20
3.81319491e+20
5.381915837e+20
4.263645872e+20
4.212260648e+20
3.650386559e+20
4.121505122e+20
3.572263569e+20
5.041550111e+20
4.495236918e+20
3.947433962e+20
4.889216828e+20
4.830063004e+20
3.829370061e+20
3.783049063e+20
2.812285162e+20
5.093531111e+20
4.590448231e+20
4.988521445e+20
4.496571802e+20
2.106643378e+20
4.211359279e+20
4.207191039e+20
5.254081149e+20
6.294262038e+20
3.142662769e+20
4.18031875e+20
5.215394171e+20
4.159739258e+20
4.149694592e+20
6.201877737e+20
2.061261023e+20
4.105035638e+20
5.113743078e+20
5.08912127e+20
6.083002028e+20
4.033599265e+20
3.011840915e+20
2.994144207e+20
3.972617606e+20
9.868354951e+19
2.944576272e+20
4.874158024e+20
9.691320709e+19
5.7726478e+20
4.78023978e+20
4.743686373e+20
4.711736703e+20
2.804377399e+20
4.640521308e+20
5.522075475e+20
3.653566957e+20
3.621874741e+20
4.491405372e+20
4.45114957e+20
3.531364954e+20
6.122873651e+20
4.335691817e+20
6.012519358e+20
3.404941303e+20
7.586960283e+20
5.846339975e+20
3.307783049e+20
3.276248598e+20
4.054174247e+20
4.81739415e+20
4.768271556e+20
3.933747671e+20
7.007598971e+20
3.082628411e+20
3.812959e+20
4.528062663e+20
5.973268981e+20
4.43306695e+20
4.385226462e+20
3.615873149e+20
6.437332201e+20
4.953867894e+20
7.698341561e+20
3.462156475e+20
6.161980236e+20
4.741824405e+20
2.67889918e+20
2.650520664e+20
5.895424924e+20
4.536886833e+20
2.562584027e+20
4.437340663e+20
4.385730564e+20
4.339845135e+20
4.289022244e+20
4.24445743e+20
5.392862454e+20
5.930315476e+20
3.516040893e+20
5.800237266e+20
5.731208258e+20
3.403982289e+20
4.484409327e+20
3.329717158e+20
3.838090628e+20
3.257347406e+20
5.363629238e+20
4.24915564e+20
5.772167478e+20
3.637973408e+20
5.134349946e+20
5.085864388e+20
3.517060503e+20
4.977686801e+20
3.442216837e+20
5.359782427e+20
4.332191829e+20
4.293309993e+20
4.241343412e+20
4.671079209e+20
4.614570487e+20
5.032145402e+20
4.971327974e+20
4.48108058e+20
4.196906308e+20
5.243735768e+20
7.333979003e+20
3.140202937e+20
3.134917423e+20
5.217449102e+20
5.205151253e+20
4.156153716e+20
2.071826826e+20
5.167067873e+20
5.148294634e+20
2.053313532e+20
7.15617886e+20
4.075267355e+20
4.055686567e+20
6.059694624e+20
3.013641428e+20
8.000915369e+20
3.976999226e+20
6.925647503e+20
5.898573962e+20
6.844666297e+20
4.855768727e+20
2.896439203e+20
6.709466093e+20
6.667234916e+20
3.780768455e+20
3.75532176e+20
3.725268369e+20
6.472607605e+20
1.833884025e+20
9.100180671e+19
3.608550063e+20
1.78996165e+20
4.434861622e+20
6.157305506e+20
1.743025388e+20
3.455946266e+20
1.711643916e+20
5.088947044e+20
2.519880492e+20
5.825315181e+20
5.767886569e+20
2.448395708e+20
2.423836736e+20
2.400123533e+20
3.9594718e+20
8.623592713e+20
3.879375273e+20
3.839702653e+20
5.319397216e+20
8.2723198e+20
3.720241666e+20
4.417580424e+20
6.554940993e+20
5.044611578e+20
4.989453641e+20
3.526215274e+20
5.57945313e+20
4.140243394e+20
3.411537322e+20
2.70028998e+20
2.002279407e+20
5.943212921e+20
3.916833829e+20
5.813184557e+20
6.384592406e+20
5.685682086e+20
3.746394244e+20
6.178665306e+20
3.053172531e+20
6.042898114e+20
4.7773841e+20
3.546111034e+20
4.672160292e+20
5.202513339e+20
5.14061411e+20
5.654082283e+19
6.14518491e+20
3.871514271e+20
3.825096721e+20
4.869475863e+20
3.74182654e+20
3.70541812e+20
3.137787272e+20
5.179491991e+20
3.070162441e+20
5.575474235e+20
4.005848677e+20
4.960781529e+20
3.920581878e+20
4.370360088e+20
3.837714017e+20
3.3278615e+20
4.696506974e+20
4.655126198e+20
3.219136995e+20
4.103113531e+20
4.954252615e+20
4.46569573e+20
3.135489552e+20
2.089372366e+20
4.174625774e+20
1.042683985e+20
3.122798259e+20
4.157827209e+20
3.111036221e+20
5.175146021e+20
4.127691973e+20
7.206040682e+20
3.077106627e+20
3.068140638e+20
6.110363255e+20
3.044745528e+20
6.060293055e+20
2.012188382e+20
5.003618979e+20
2.988933062e+20
1.980960689e+20
4.928153175e+20
3.917536258e+20
8.767093933e+20
4.837517667e+20
4.809274115e+20
4.774546885e+20
3.795612415e+20
2.825020046e+20
5.612038155e+20
5.567204784e+20
4.606188462e+20
4.567815991e+20
6.346684574e+20
5.392984601e+20
5.350228423e+20
2.651215466e+20
3.505649596e+20
3.473408967e+20
2.582572794e+20
5.116410063e+20
3.38041011e+20
4.18473261e+20
4.975235199e+20
5.7473008e+20
4.066112736e+20
1.610153651e+20
4.783221614e+20
3.156386809e+20
3.905980416e+20
5.412031217e+20
4.591458259e+20
3.786273588e+20
3.746997765e+20
3.707281156e+20
5.135902009e+20
3.629000649e+20
2.872641631e+20
7.103161884e+20
6.325268704e+20
4.865214866e+20
2.750665154e+20
5.439733046e+20
4.036544945e+20
4.656007044e+20
3.948596156e+20
3.903476109e+20
3.862243317e+20
5.090298816e+20
2.518375259e+20
4.978237038e+20
4.926156132e+20
4.259959643e+20
6.02242528e+20
4.166069927e+20
4.712152673e+20
4.074326787e+20
2.880518203e+20
2.277003899e+20
5.071491503e+20
4.454143928e+20
4.409654091e+20
3.267591856e+20
4.313815371e+20
4.794683693e+20
4.748027238e+20
4.169588803e+20
4.645798279e+20
5.609606818e+20
4.041182507e+20
5.489401526e+20
5.438389765e+20
4.395703911e+20
4.355544777e+20
3.824679994e+20
4.264147531e+20
4.680519746e+20
3.711425427e+20
3.208150159e+20
4.089113384e+20
4.937294153e+20
4.895457775e+20
5.205655714e+20
4.162626162e+20
3.118898597e+20
4.154659529e+20
3.110772437e+20
5.177274193e+20
3.099074389e+20
6.186304802e+20
5.139815991e+20
6.152914308e+20
4.087103136e+20
3.056401501e+20
6.087038361e+20
6.066259699e+20
2.012411032e+20
6.013611564e+20
3.987717769e+20
6.947755072e+20
3.946957425e+20
7.855290707e+20
3.902801555e+20
2.911384019e+20
4.819403292e+20
4.791285149e+20
3.805401308e+20
2.836111726e+20
1.876361372e+20
1.863749615e+20
4.622216482e+20
3.671369476e+20
6.371464356e+20
4.516724698e+20
7.164385368e+20
3.553810184e+20
4.40264074e+20
3.492931852e+20
5.191287773e+20
3.431004846e+20
4.24835126e+20
4.210345738e+20
3.335817711e+20
4.957470869e+20
4.090615323e+20
2.431001582e+20
3.208913489e+20
3.177544339e+20
5.504231195e+20
2.335345964e+20
4.622632149e+20
5.33795108e+20
1.509228185e+20
5.974306864e+20
2.955528509e+20
3.655774769e+20
5.063036668e+20
7.156792816e+20
4.247221483e+20
4.902722828e+20
3.463231115e+20
4.797158057e+20
5.421134432e+20
4.69320817e+20
3.977260907e+20
3.279285559e+20
4.538577386e+20
4.490640062e+20
3.80478114e+20
6.274597416e+20
4.961396466e+20
5.523180197e+20
4.852086332e+20
2.40083628e+20
2.965731514e+20
3.52219887e+20
3.480519731e+20
4.019143807e+20
3.404013485e+20
3.931219132e+20
3.884268421e+20
3.845468297e+20
4.342138375e+20
4.836719269e+20
5.309507523e+20
4.732053671e+20
3.116667251e+20
2.57231098e+20
3.557724968e+20
5.034458786e+20
4.973533511e+20
2.463656572e+20
3.894092643e+20
4.82314397e+20
4.764667757e+20
4.249714362e+20
4.198176893e+20
3.236481403e+20
3.653986359e+20
4.52800939e+20
3.578510105e+20
3.991716713e+20
5.185650457e+20
4.146631463e+20
6.213841157e+20
5.173383221e+20
4.131785175e+20
6.188901435e+20
1.029068063e+20
7.189720044e+20
1.024033677e+20
8.172537834e+20
5.089396526e+20
4.059669137e+20
5.053242387e+20
5.036004102e+20
7.016739288e+20
4.992359899e+20
2.97949126e+20
3.955161399e+20
3.932106084e+20
6.847540042e+20
3.888177278e+20
3.867314137e+20
5.761708885e+20
5.728116306e+20
5.68690625e+20
9.418642508e+19
5.608283016e+20
5.570612989e+20
3.684177235e+20
3.657887925e+20
5.441278358e+20
1.800089884e+20
4.461447322e+20
3.540895965e+20
5.264046283e+20
6.090535586e+20
6.03469726e+20
1.709334326e+20
5.92639211e+20
4.195287328e+20
3.323934604e+20
4.116527453e+20
2.445671557e+20
5.652259367e+20
7.194600039e+20
3.16635365e+20
3.917801364e+20
4.6543229e+20
6.14199183e+20
6.079236187e+20
4.511950921e+20
2.976781186e+20
3.681629172e+20
4.37176332e+20
6.487191581e+20
5.705721922e+20
4.938087651e+20
3.489934536e+20
5.522224448e+20
4.780764905e+20
4.727329742e+20
5.345398325e+20
2.642500694e+20
4.575410642e+20
4.523204168e+20
4.475433281e+20
3.79192563e+20
3.126700435e+20
4.326585766e+20
5.50456113e+20
3.02234875e+20
4.785514379e+20
4.729225947e+20
4.095423867e+20
4.625117733e+20
5.150125679e+20
4.523464267e+20
2.238876523e+20
3.871248776e+20
3.285065391e+20
3.786637585e+20
1.606835227e+20
4.76253797e+20
5.764228827e+20
3.623915749e+20
3.589153695e+20
3.545780882e+20
4.515798363e+20
5.452496671e+20
2.946448638e+20
5.33634998e+20
4.80690385e+20
4.748594699e+20
4.23537857e+20
5.113756573e+20
4.607914341e+20
4.551999929e+20
4.512664182e+20
4.012137128e+20
4.420168565e+20
4.132638698e+20
8.261518423e+20
7.221746491e+20
2.061437834e+20
4.11599538e+20
4.110170607e+20
5.125707627e+20
2.04637009e+20
4.080536333e+20
6.106071436e+20
2.028024863e+20
5.05531779e+20
4.027279166e+20
7.023712175e+20
4.993029727e+20
4.973520102e+20
2.968279217e+20
2.955217295e+20
3.917366087e+20
3.898225294e+20
2.905246642e+20
4.816114126e+20
4.783578498e+20
5.706849529e+20
5.665867367e+20
3.753535359e+20
5.587635082e+20
2.775064449e+20
3.670680897e+20
3.644505023e+20
5.421447168e+20
6.277382772e+20
4.445271936e+20
4.410094079e+20
3.496707739e+20
3.467771193e+20
2.577020813e+20
4.258026061e+20
2.530819057e+20
4.180336248e+20
5.796237751e+20
5.742706761e+20
4.061725579e+20
3.218470479e+20
3.18636604e+20
3.155241507e+20
3.904105449e+20
5.411079574e+20
4.590467886e+20
4.54357859e+20
2.248163128e+20
2.966480722e+20
3.668935842e+20
3.630584518e+20
5.028270014e+20
5.686144863e+20
2.812114215e+20
3.478006295e+20
6.879260273e+20
4.764483411e+20
2.692158073e+20
4.661347414e+20
5.267110193e+20
7.165599589e+20
5.795916098e+20
5.09751902e+20
5.038875599e+20
4.362642935e+20
4.312047983e+20
5.486067174e+20
3.614654397e+20
4.769464583e+20
5.891735331e+20
4.081708207e+20
4.60964669e+20
3.421931199e+20
3.944802425e+20
4.462784972e+20
2.204752068e+20
3.274088944e+20
3.23484785e+20
4.804400432e+20
3.164417472e+20
5.222696463e+20
4.64374446e+20
4.599196473e+20
5.553297713e+20
4.500685653e+20
4.446187937e+20
4.894293327e+20
4.351453822e+20
3.832618182e+20
4.259366746e+20
3.752123708e+20
4.63320452e+20
3.673911317e+20
5.443945828e+20
3.597938105e+20
4.887108277e+20
3.524158744e+20
7.204536788e+20
3.086256005e+20
3.083238444e+20
5.133956757e+20
1.025081452e+20
4.09452692e+20
2.042489676e+20
6.115782008e+20
9.146376691e+20
5.069097042e+20
2.020349654e+20
5.036194934e+20
3.009060015e+20
3.998411414e+20
5.969094276e+20
7.927715141e+20
1.971434161e+20
4.90691184e+20
1.951368093e+20
3.883679925e+20
4.824068839e+20
4.798219554e+20
1.906346035e+20
9.47623347e+19
9.408305963e+19
2.804787167e+20
1.855712876e+20
3.686529933e+20
5.485924622e+20
1.815609845e+20
5.401760007e+20
5.361100522e+20
1.771685367e+20
5.273020603e+20
6.968284503e+20
6.046821036e+20
5.991554637e+20
5.091390738e+20
1.681213489e+20
3.332393083e+20
6.600841155e+20
4.087442461e+20
6.475893108e+20
5.612527449e+20
5.556618762e+20
4.716310629e+20
3.890504957e+20
3.851605544e+20
5.336978525e+20
3.773199865e+20
2.987206288e+20
3.69531412e+20
2.92506379e+20
4.341742952e+20
2.863465786e+20
5.666701686e+20
3.503162298e+20
5.545854904e+20
4.113539836e+20
4.748312439e+20
6.707617389e+20
5.309232808e+20
2.624669861e+20
2.596884471e+20
6.418240092e+20
1.905139976e+20
3.766473476e+20
3.105717262e+20
2.455775754e+20
4.860175176e+20
4.803428821e+20
4.159331822e+20
5.872070382e+20
4.068084109e+20
2.871424252e+20
4.547362493e+20
5.05499368e+20
3.891927054e+20
3.845469583e+20
5.98250694e+20
3.761424949e+20
4.256357724e+20
5.256467128e+20
4.684771396e+20
4.114019967e+20
4.583869605e+20
4.025293372e+20
2.990449173e+20
5.416084719e+20
3.902359058e+20
4.818779009e+20
5.252224461e+20
3.301740209e+20
5.141883021e+20
5.541173574e+20
4.119271395e+20
3.617077341e+20
4.034055322e+20
4.427823279e+20
3.951296419e+20
6.151856079e+20
0
6.143064498e+20
3.068680814e+20
5.105968864e+20
6.118502797e+20
6.104265969e+20
5.077191973e+20
5.062116611e+20
6.059936416e+20
4.025464642e+20
2.006886483e+20
2.997746375e+20
4.979233478e+20
1.982240618e+20
3.949011112e+20
5.892212781e+20
7.821758775e+20
5.83232273e+20
2.901932025e+20
9.612386808e+19
5.736548959e+20
5.697938854e+20
4.720655188e+20
6.561628703e+20
6.520497319e+20
2.773395998e+20
2.754804677e+20
3.643982713e+20
1.809015432e+20
7.176287079e+20
5.341728263e+20
3.530616403e+20
5.254065574e+20
2.603750062e+20
4.303713028e+20
4.264438446e+20
2.536639985e+20
5.025770357e+20
2.490450911e+20
6.577575762e+20
4.073053546e+20
3.22659283e+20
3.994907304e+20
4.746199858e+20
6.26649915e+20
5.427798451e+20
5.373546573e+20
5.318539482e+20
3.760174788e+20
7.442332227e+19
4.419138266e+20
5.830095942e+20
4.326886848e+20
6.420828308e+20
2.117771634e+20
3.491263215e+20
4.145271323e+20
5.466157839e+20
3.380179189e+20
4.679495274e+20
4.629916328e+20
5.231688758e+20
4.529272026e+20
3.838031227e+20
3.797506855e+20
3.753875101e+20
3.095330935e+20
3.671368757e+20
4.843955186e+20
4.188997569e+20
3.553264355e+20
2.341014508e+20
5.792215225e+20
4.579013045e+20
5.66531395e+20
2.239204761e+20
5.541433795e+20
4.380238068e+20
4.878531965e+20
4.284507564e+20
5.302789595e+20
4.715119536e+20
4.669219914e+20
3.075268814e+20
5.583898897e+20
5.014892879e+20
3.477259081e+20
4.907327733e+20
5.347884433e+20
4.80271712e+20
3.331183182e+20
4.23091769e+20
5.124711406e+20
4.602188931e+20
3.193155354e+20
4.055556911e+20
4.467246329e+20
4.41292183e+20
3.062892223e+20
4.085715002e+20
6.125794858e+20
5.099857679e+20
4.076101351e+20
4.069341883e+20
4.063594096e+20
6.081237977e+20
2.023217783e+20
2.017222978e+20
2.012376452e+20
5.012930527e+20
1.999351993e+20
2.986517492e+20
5.952711965e+20
9.874194181e+19
2.950706589e+20
5.870287474e+20
2.922253684e+20
4.842252223e+20
4.818640517e+20
1.915379982e+20
2.857695838e+20
5.676994713e+20
3.762657498e+20
4.669728727e+20
3.712380982e+20
3.684395697e+20
4.5746422e+20
2.723084049e+20
5.407406245e+20
5.362811536e+20
5.322495502e+20
3.517953561e+20
5.235246332e+20
4.324100337e+20
5.146053885e+20
2.549581927e+20
2.527648795e+20
4.173355358e+20
4.136115632e+20
4.096546122e+20
2.435259348e+20
3.21531845e+20
3.184771551e+20
3.941415976e+20
4.683552258e+20
6.181738048e+20
5.354974653e+20
4.543052068e+20
4.496687193e+20
3.708412393e+20
4.404003964e+20
5.083925891e+20
3.593443387e+20
3.5550044e+20
4.924685086e+20
4.17533363e+20
4.131247008e+20
4.766755973e+20
3.368783989e+20
4.66376485e+20
6.591941719e+20
4.562386587e+20
5.158969803e+20
3.825204707e+20
4.415622295e+20
5.612041087e+20
4.319019384e+20
3.659155683e+20
4.8278431e+20
2.385764521e+20
4.131710361e+20
2.916565845e+20
4.041106953e+20
2.85240525e+20
6.2112049e+20
5.021538819e+20
2.761547001e+20
5.457187791e+20
5.942924797e+20
4.270338103e+20
4.228199081e+20
4.69952253e+20
5.170857044e+20
5.108484129e+20
4.047573602e+20
4.498451862e+20
4.455948411e+20
5.380155861e+20
3.87646811e+20
3.82940956e+20
5.217324733e+20
5.153909688e+20
5.571986291e+20
4.586836336e+20
3.182504486e+20
3.592882801e+20
4.452309525e+20
4.837932378e+20
5.233068377e+20
3.052732255e+20
4.06846698e+20
4.064512693e+20
3.045558654e+20
7.094543499e+20
7.084529007e+20
4.03892205e+20
3.023424493e+20
4.019313005e+20
4.009662215e+20
5.993006047e+20
1.991873866e+20
1.983581611e+20
4.942092172e+20
4.918730316e+20
2.939737017e+20
3.899016489e+20
3.881904834e+20
3.859494867e+20
5.761031828e+20
3.816669626e+20
3.796259922e+20
5.656203978e+20
2.811669228e+20
4.652704845e+20
3.69886267e+20
3.671027777e+20
3.646451441e+20
4.522087619e+20
4.489923194e+20
7.124729557e+20
2.651700369e+20
7.010762455e+20
1.738853808e+20
3.446981862e+20
1.709260936e+20
5.081130039e+20
2.518721119e+20
5.822141913e+20
3.297266077e+20
2.449325078e+20
4.853493009e+20
2.40309194e+20
3.967118562e+20
3.142208546e+20
4.667343131e+20
3.85026615e+20
3.049446095e+20
3.018309149e+20
5.228149585e+20
5.174044117e+20
5.851963959e+20
2.895220707e+20
5.729970088e+20
4.960149707e+20
3.505726164e+20
4.854788281e+20
4.117317268e+20
4.750732294e+20
4.700451506e+20
3.984119853e+20
6.569866109e+20
4.547147991e+20
3.85630839e+20
3.812463633e+20
6.915729084e+20
4.971906013e+20
3.689718365e+20
4.254860862e+20
4.210358113e+20
5.3502047e+20
5.294618675e+20
4.651084289e+20
4.603145262e+20
3.4115879e+20
3.939536828e+20
6.117193988e+20
3.853412642e+20
4.895277659e+20
3.769391496e+20
4.78829481e+20
5.267823769e+20
4.163580773e+20
4.638424654e+20
3.054979294e+20
4.034218541e+20
4.483598869e+20
4.934703316e+20
5.849857744e+20
5.312520186e+20
4.293821195e+20
2.836389937e+20
4.669829049e+20
3.702334521e+20
4.571585831e+20
3.625056497e+20
4.47613313e+20
4.437472275e+20
4.8217596e+20
3.911686515e+20
4.05502008e+20
3.03988978e+20
6.073881996e+20
5.056879584e+20
3.029117028e+20
1.008281285e+20
4.023799546e+20
5.020179449e+20
7.007513025e+20
4.993355336e+20
4.975552755e+20
3.968902941e+20
2.964310215e+20
1.969491413e+20
2.940299814e+20
3.905131604e+20
1.942307586e+20
2.900683471e+20
4.806616556e+20
7.653135894e+20
4.753353203e+20
3.782361247e+20
4.696304143e+20
6.536648054e+20
5.562965562e+20
5.528163679e+20
6.401073894e+20
5.449927345e+20
4.505819717e+20
5.368549533e+20
6.211824159e+20
3.522961661e+20
3.492898435e+20
3.465339612e+20
6.869541183e+20
3.406427343e+20
5.063223333e+20
1.673237524e+20
4.972911818e+20
4.107151333e+20
4.881564978e+20
6.448781251e+20
5.587757737e+20
3.953368663e+20
5.479879555e+20
4.651245812e+20
6.139260078e+20
3.798723783e+20
5.263978985e+20
1.488653431e+20
3.683165437e+20
5.1030516e+20
5.049463782e+20
3.569101946e+20
3.531005035e+20
5.590240717e+20
5.529673727e+20
3.419567624e+20
6.087620549e+20
2.676978029e+20
2.647210946e+20
3.928762718e+20
3.884580729e+20
3.843475412e+20
2.533204769e+20
4.386312322e+20
3.097150526e+20
6.129169259e+20
6.058286151e+20
5.395430651e+20
4.740050162e+20
4.690803815e+20
4.635764812e+20
4.587983124e+20
5.667273072e+20
4.48751381e+20
3.879963009e+20
2.743388102e+20
5.421325234e+20
4.830433353e+20
4.242278495e+20
3.675359245e+20
4.149898703e+20
5.136865392e+20
4.059912801e+20
3.518332405e+20
4.468843635e+20
2.951076288e+20
5.344700547e+20
3.850918455e+20
4.279650787e+20
5.182885744e+20
2.327194221e+20
4.15135463e+20
3.64514912e+20
4.516306422e+20
4.46126223e+20
3.980460227e+20
3.49505061e+20
4.765027791e+20
6.059767387e+20
5.047525151e+20
4.034110764e+20
4.030376445e+20
1.005933535e+20
3.013546026e+20
2.004394931e+20
4.001166998e+20
5.98407772e+20
2.984863354e+20
2.97424327e+20
3.954168374e+20
6.891103251e+20
3.924400684e+20
5.858884444e+20
2.918040749e+20
5.80547977e+20
6.74337379e+20
2.873396816e+20
5.718827175e+20
3.788797643e+20
2.826422979e+20
2.807538018e+20
1.860830935e+20
5.542832107e+20
2.754089449e+20
3.644580854e+20
2.71515982e+20
1.795867376e+20
5.34932984e+20
3.536953786e+20
2.632809652e+20
5.220756344e+20
6.042853716e+20
3.422645535e+20
7.637440706e+20
5.045442395e+20
5.835791818e+20
4.955538526e+20
5.729949086e+20
4.053832136e+20
5.623095625e+20
3.977453935e+20
4.727656498e+20
7.021317601e+20
3.862715957e+20
5.353459352e+20
3.78572946e+20
3.747171475e+20
3.708961484e+20
3.670670432e+20
2.906144467e+20
5.751322676e+20
6.402698051e+20
4.222951748e+20
2.785723397e+20
4.822250147e+20
6.134606565e+20
5.393149673e+20
4.669076659e+20
3.957601532e+20
5.220924408e+20
4.516974157e+20
5.107636747e+20
3.787234429e+20
3.747259515e+20
2.469542181e+20
4.887153839e+20
6.038331961e+20
3.585107697e+20
4.724465965e+20
4.090959245e+20
3.46540944e+20
5.716150677e+20
2.824344498e+20
3.354597736e+20
3.867250066e+20
4.921916244e+20
4.322856106e+20
4.279653826e+20
3.17128989e+20
3.139989625e+20
4.653344543e+20
3.072021963e+20
5.058259574e+20
5.009713846e+20
4.4541852e+20
3.921859377e+20
4.842861412e+20
4.318053198e+20
2.843715734e+20
4.696214714e+20
3.711239684e+20
4.137673694e+20
3.633109635e+20
4.501391392e+20
4.891138794e+20
4.848901726e+20
3.483444562e+20
4.749211101e+20
4.024782926e+20
7.040192151e+20
3.014309786e+20
4.01536193e+20
5.010947365e+20
4.003109702e+20
4.992364678e+20
1.99315086e+20
1.987293865e+20
3.965061584e+20
5.926473905e+20
1.969771403e+20
3.923241013e+20
6.842370695e+20
4.86444087e+20
5.814624536e+20
3.85612935e+20
3.839239147e+20
4.771501566e+20
4.748296576e+20
4.71876719e+20
3.754866989e+20
1.864911848e+20
7.41638892e+20
1.840947954e+20
4.573615075e+20
4.539374721e+20
2.705426259e+20
6.263085555e+20
4.441872726e+20
4.405479691e+20
3.497953158e+20
2.601148255e+20
5.161298475e+20
4.263257227e+20
5.073739829e+20
4.189821588e+20
4.984625032e+20
7.407429303e+20
4.078589874e+20
3.231833118e+20
4.002602271e+20
6.341995943e+20
3.926152837e+20
5.44229935e+20
4.619382002e+20
5.335191663e+20
3.018258986e+20
4.481333997e+20
3.696375394e+20
5.85321587e+20
5.068570922e+20
5.015465741e+20
4.254105669e+20
5.61172405e+20
2.082292056e+20
3.432960066e+20
6.114129035e+20
4.703301176e+20
4.65354578e+20
5.916711468e+20
2.60180704e+20
5.788333175e+20
6.363439987e+20
3.145620526e+20
3.112420635e+20
3.07677219e+20
2.435539361e+20
3.611105272e+20
4.168895963e+20
2.354491954e+20
5.825076557e+20
4.029748298e+20
4.557956539e+20
3.378135843e+20
3.90090432e+20
3.303960138e+20
4.905839618e+20
3.770151664e+20
4.265680958e+20
4.214585229e+20
3.129738696e+20
4.638152889e+20
3.061990634e+20
4.03338944e+20
3.495342338e+20
3.946331213e+20
5.374922845e+20
3.861606892e+20
4.303916311e+20
4.723987466e+20
4.680816755e+20
3.699049229e+20
4.582314039e+20
4.073793095e+20
4.48657455e+20
4.431814904e+20
4.832902787e+20
5.207873009e+20
4.303180968e+20
7.017207441e+20
3.006019187e+20
8.008320523e+20
5.000573586e+20
4.992365893e+20
6.979470569e+20
4.973879932e+20
4.964433111e+20
3.95989968e+20
6.913225171e+20
4.920519657e+20
5.887537548e+20
4.886019508e+20
1.947778961e+20
1.938643891e+20
2.896662387e+20
7.684085063e+20
6.694143585e+20
5.704962926e+20
5.677236397e+20
4.701662238e+20
6.547221118e+20
6.503632197e+20
8.313354373e+20
9.171665428e+19
2.734319852e+20
4.52314033e+20
3.594349648e+20
6.240795096e+20
2.655650183e+20
5.267854123e+20
5.228372372e+20
6.047961216e+20
5.143136773e+20
8.49662609e+19
2.52798888e+20
4.175210469e+20
1.655754855e+20
4.100961322e+20
3.251566074e+20
4.025847587e+20
6.382085552e+20
3.950135136e+20
3.13014797e+20
3.874072769e+20
3.836344378e+20
2.278734951e+20
6.768010257e+20
2.977443739e+20
2.210324661e+20
4.375119651e+20
5.05150473e+20
4.998637826e+20
4.94648264e+20
4.194728952e+20
4.842456078e+20
4.790145268e+20
4.739612702e+20
7.366386614e+20
5.963294417e+20
3.931433889e+20
3.241511349e+20
4.487198138e+20
3.805483874e+20
5.016449255e+20
3.722631209e+20
4.293356557e+20
6.06888626e+20
5.99881534e+20
3.561648104e+20
4.693602987e+20
4.644840577e+20
2.295202978e+20
2.271545075e+20
5.050695698e+20
4.999107399e+20
3.842072482e+20
5.976504935e+20
3.757884587e+20
4.251799034e+20
4.725982958e+20
5.719183216e+20
4.623060104e+20
4.578036906e+20
4.522789456e+20
4.977085153e+20
4.425154941e+20
3.409257088e+20
2.405629632e+20
4.289871687e+20
4.237695239e+20
5.132071383e+20
4.147805922e+20
3.653849394e+20
4.060426149e+20
4.471854931e+20
4.41723654e+20
4.379099162e+20
3.893019955e+20
4.288991497e+20
7.989986748e+20
3.993194795e+20
4.986688957e+20
2.989249518e+20
5.968706062e+20
2.980153293e+20
6.93774419e+20
4.946125109e+20
7.890639579e+20
9.839687501e+19
5.882933799e+20
4.888267332e+20
2.92087192e+20
2.910971208e+20
5.794690596e+20
7.696240652e+20
4.785072825e+20
6.669797057e+20
2.842137554e+20
5.656667041e+20
2.810808507e+20
4.659711952e+20
2.777246737e+20
3.681549941e+20
6.397179546e+20
9.081803689e+19
5.408425975e+20
5.372334018e+20
3.553521565e+20
6.174568959e+20
3.499509832e+20
5.209945812e+20
4.304804764e+20
5.979286178e+20
5.926862572e+20
5.878062889e+20
1.664280361e+20
2.475012303e+20
3.269426291e+20
4.860507492e+20
6.419199522e+20
4.77011938e+20
5.511262377e+20
6.23889467e+20
5.405231074e+20
2.293975897e+20
4.542023794e+20
5.246184254e+20
4.451099557e+20
2.937166197e+20
4.360426752e+20
4.315331211e+20
4.270219247e+20
6.338511276e+20
4.180758546e+20
4.826338701e+20
4.774252604e+20
4.723896631e+20
1.334915177e+20
5.283190786e+20
4.571559306e+20
5.815502453e+20
3.833534449e+20
5.689479577e+20
5.000014071e+20
3.710438058e+20
4.279324376e+20
4.839243664e+20
6.577175388e+20
5.325049598e+20
4.678322217e+20
4.629719013e+20
5.147418316e+20
5.660400529e+20
5.593660936e+20
4.982872524e+20
4.923779437e+20
5.41555488e+20
5.886095408e+20
4.238007169e+20
3.66384478e+20
4.145915107e+20
3.584050731e+20
3.549143777e+20
3.005407788e+20
3.968743739e+20
3.430607642e+20
1.941817809e+20
4.795612353e+20
4.275918426e+20
3.28524954e+20
3.720257427e+20
4.134270383e+20
5.462888831e+20
4.946512554e+20
4.457231581e+20
5.283304527e+20
4.364745058e+20
4.311355425e+20
4.702384827e+20
4.452873371e+20
2.225070385e+20
2.221567342e+20
0
2.212977048e+20
8.836961244e+20
2.200760183e+20
4.391550907e+20
6.555149041e+20
4.357604737e+20
2.166013484e+20
4.317018757e+20
4.287700401e+20
6.405343935e+20
4.237568284e+20
6.326581966e+20
2.091059997e+20
6.240025272e+20
4.121874678e+20
1.024415822e+21
2.028685182e+20
2.015611007e+20
0
3.961257763e+20
5.87665441e+20
3.888328967e+20
3.843754104e+20
1.906489653e+20
1.883812716e+20
5.603595885e+20
9.224696486e+20
1.828538511e+20
5.416470474e+20
3.577480818e+20
3.531365394e+20
1.74868456e+20
1.725717103e+20
1.025139626e+21
6.74310258e+20
5.005683045e+20
3.292044833e+20
1.628826727e+20
0
6.358007629e+20
3.13529466e+20
0
4.587796838e+20
1.512547296e+20
5.966216142e+20
5.900438165e+20
2.90918809e+20
4.315405776e+20
4.255357712e+20
5.610736888e+20
4.149550221e+20
2.735606114e+20
1.348829616e+20
5.335447215e+20
3.946272043e+20
3.902662127e+20
6.414951509e+20
3.806694098e+20
1.25154413e+20
2.475808912e+20
3.663282327e+20
6.039553738e+20
4.76657098e+20
4.715661393e+20
2.326374594e+20
8.056383143e+20
2.271441122e+20
1.123889891e+20
1.109231581e+20
2.195671121e+20
3.251118849e+20
4.290929122e+20
3.177384127e+20
3.145683617e+20
3.106434562e+20
5.126508612e+20
2.025472885e+20
2.005863725e+20
5.945287888e+20
2.944285986e+20
2.909671295e+20
2.882305417e+20
5.698445002e+20
6.586490582e+20
2.791227678e+20
1.84376133e+20
5.471233159e+20
2.710813601e+20
5.36463829e+20
5.316448438e+20
3.508354621e+20
3.477069964e+20
7.74716601e+20
6.825275256e+20
5.071240498e+20
6.701820885e+20
6.624657657e+20
4.413738907e+20
4.406830171e+20
1.100459372e+21
4.389875223e+20
6.573721428e+20
2.182879489e+20
2.177947091e+20
0
0
4.297156106e+20
0
6.380084799e+20
4.236101247e+20
4.203884897e+20
2.092122353e+20
4.14912243e+20
0
4.089613143e+20
2.032825719e+20
2.012943248e+20
4.000005689e+20
3.958480517e+20
5.89630107e+20
7.775864677e+20
1.929393294e+20
9.536924342e+20
1.892149565e+20
7.479007604e+20
9.269798879e+20
9.156557112e+20
7.260270924e+20
0
1.775701596e+20
3.505827369e+20
3.472144725e+20
1.713369005e+20
6.785491567e+20
6.695360047e+20
3.313554942e+20
3.268978263e+20
1.61744181e+20
4.786383189e+20
3.157006808e+20
6.227532877e+20
1.540082186e+20
6.07546568e+20
6.00912562e+20
8.889034646e+20
0
5.779527708e+20
1.428878472e+20
9.863431242e+20
6.967052348e+20
1.374098948e+20
2.717661756e+20
5.360148285e+20
0
2.613817902e+20
5.169898286e+20
2.549477056e+20
6.303717761e+20
2.487083529e+20
3.68998355e+20
3.639982893e+20
6.001159854e+20
3.552297096e+20
3.51436438e+20
3.467560958e+20
5.718285309e+20
5.642923663e+20
6.700972817e+20
4.409127069e+20
6.545739988e+20
5.384655683e+20
2.132049033e+20
5.26258334e+20
6.252083892e+20
6.174120796e+20
4.075619624e+20
7.044951806e+20
6.976730356e+20
3.938801017e+20
3.901216102e+20
5.783003186e+20
2.86429935e+20
5.662799644e+20
2.805118095e+20
1.849151103e+20
4.580494426e+20
7.249100999e+20
3.591684434e+20
3.553852522e+20
4.402411378e+20
5.229175405e+20
4.318794537e+20
4.276567133e+20
5.086367494e+20
7.558142683e+20
4.994200174e+20
4.380594913e+20
2.188963871e+20
0
4.366175449e+20
2.1771899e+20
2.173531579e+20
4.330574014e+20
6.481217726e+20
6.449930041e+20
2.143858897e+20
4.26284215e+20
4.248144805e+20
0
2.101257194e+20
4.17073277e+20
8.302590662e+20
6.174962251e+20
4.094992554e+20
2.028926351e+20
4.034135879e+20
3.994887477e+20
3.969269105e+20
5.892413364e+20
3.900939751e+20
0
0
7.572438439e+20
5.63407077e+20
5.567698295e+20
3.680519538e+20
0
5.405381932e+20
1.779288901e+20
1.762851497e+20
1.740328031e+20
3.447281581e+20
1.70119636e+20
3.36870508e+20
1.662072203e+20
6.580636772e+20
0
3.212429884e+20
6.337888543e+20
3.135312125e+20
0
4.588804625e+20
3.017215407e+20
7.460769634e+20
5.886367972e+20
5.82160133e+20
4.305895924e+20
4.258246134e+20
4.199382511e+20
4.152775612e+20
1.365133041e+20
4.049926919e+20
3.994075247e+20
7.899621825e+20
1.298503418e+20
5.136679515e+20
5.066368887e+20
6.263466054e+20
1.235641083e+20
8.555295145e+20
4.822637288e+20
4.770600826e+20
5.883251146e+20
6.98452842e+20
5.743059515e+20
3.409479405e+20
4.486152057e+20
0
2.190836996e+20
6.504980619e+20
2.140480356e+20
2.118800237e+20
7.321911252e+20
4.142192052e+20
3.067926401e+20
4.050349654e+20
5.000925959e+20
2.971491698e+20
3.91438332e+20
2.907766071e+20
3.831409877e+20
4.744194765e+20
5.627597456e+20
2.787674197e+20
2.756443726e+20
5.46233506e+20
3.601898931e+20
2.676926192e+20
5.297344012e+20
4.374799812e+20
2.598119538e+20
4.291598502e+20
5.099400195e+20
4.21182572e+20
4.172247042e+20
4.135369786e+20
4.34532851e+20
4.342693013e+20
6.503958559e+20
0
0
6.468319866e+20
2.147975824e+20
6.429435065e+20
2.132859046e+20
2.126804133e+20
8.45814373e+20
4.214525421e+20
4.186390181e+20
4.169455941e+20
2.069049715e+20
6.178291246e+20
6.126997751e+20
6.094855172e+20
6.039872657e+20
2.001552579e+20
0
3.939001287e+20
1.949264049e+20
3.871464386e+20
5.744401154e+20
1.900514198e+20
3.758092884e+20
7.456427878e+20
5.526752132e+20
7.307043008e+20
1.804650864e+20
3.577425917e+20
5.299414176e+20
3.50037209e+20
5.183765448e+20
6.845543967e+20
0
3.34500268e+20
4.951406117e+20
4.901108186e+20
6.447602906e+20
4.785428561e+20
9.441801288e+20
7.784783937e+20
6.143169822e+20
7.596312899e+20
1.498486636e+20
4.446486243e+20
1.461810009e+20
2.891483843e+20
4.277524925e+20
5.64030721e+20
5.56259137e+20
4.125678121e+20
0
5.364940277e+20
1.32279145e+20
7.848845693e+20
1.290205317e+20
6.379856135e+20
3.775648119e+20
4.978980104e+20
4.911360639e+20
3.643422202e+20
3.594261998e+20
4.74065451e+20
5.846472785e+20
6.940880516e+20
2.282920664e+20
6.776510399e+20
2.229157494e+20
2.205939001e+20
6.531841004e+20
3.232362858e+20
2.127263696e+20
5.264287706e+20
4.158153946e+20
4.11664718e+20
8.130741687e+20
5.031738894e+20
3.97610205e+20
3.937579326e+20
3.890266501e+20
5.77968751e+20
5.711669134e+20
2.828953804e+20
5.592830226e+20
5.540891822e+20
4.565624736e+20
3.619000801e+20
4.474410906e+20
2.660298229e+20
1.754775344e+20
4.347532443e+20
4.303095878e+20
5.117691405e+20
4.222773658e+20
5.859488573e+20
4.975036643e+20
4.109240515e+20
1.077656351e+21
0
0
4.296557254e+20
4.28508359e+20
0
4.261878493e+20
4.252315531e+20
4.232023663e+20
2.110018574e+20
2.097916216e+20
4.18143398e+20
4.153675691e+20
2.068456766e+20
6.158959197e+20
4.08692923e+20
0
2.015984868e+20
3.995789119e+20
3.972548171e+20
3.934299858e+20
1.954595796e+20
3.869227769e+20
5.763646665e+20
1.900543235e+20
7.545585751e+20
3.730381345e+20
3.700790166e+20
1.828801276e+20
1.813458334e+20
3.583219157e+20
5.32746152e+20
3.507674461e+20
5.213103864e+20
3.431382456e+20
8.496521108e+20
6.709450745e+20
3.321631493e+20
6.556104401e+20
4.867214161e+20
0
6.336889466e+20
6.251768943e+20
4.639207703e+20
4.576379748e+20
3.018124894e+20
1.488500466e+20
1.472303161e+20
4.35647164e+20
2.872421713e+20
8.499050691e+20
4.202580913e+20
4.144860792e+20
5.465242625e+20
5.390190863e+20
7.995641728e+20
0
6.498931781e+20
3.846037803e+20
3.803629794e+20
5.002432096e+20
6.18448533e+20
4.880548468e+20
4.827439214e+20
3.571829579e+20
5.888852264e+20
3.486090838e+20
3.448887378e+20
3.403191794e+20
2.244862402e+20
4.430821254e+20
6.577008266e+20
3.245835624e+20
4.283310645e+20
6.34262775e+20
5.231976393e+20
3.099506046e+20
4.091415447e+20
3.030361264e+20
5.000922856e+20
4.939706191e+20
1.956734326e+20
1.933222517e+20
2.872141018e+20
2.838328999e+20
3.748808198e+20
3.705659961e+20
3.671239019e+20
1.8150107e+20
2.697541949e+20
2.668076004e+20
1.762583709e+20
2.615858551e+20
4.320602873e+20
5.131595643e+20
2.542932716e+20
3.357104989e+20
3.327362435e+20
3.295849813e+20
4.083439365e+20
4.276472206e+20
0
0
2.131287056e+20
2.125628024e+20
2.122081645e+20
8.45668317e+20
6.328313053e+20
2.09942868e+20
4.186991795e+20
4.163111431e+20
1.037214536e+21
4.12146853e+20
8.209750349e+20
1.01858529e+21
2.027744461e+20
4.022179976e+20
2.000590112e+20
3.965463857e+20
5.91368123e+20
1.952345014e+20
1.939914849e+20
5.760546872e+20
0
7.545987304e+20
3.744973751e+20
3.703075496e+20
1.836883446e+20
5.446640383e+20
5.401044751e+20
5.336266277e+20
5.289337722e+20
3.482765019e+20
1.725393387e+20
6.814530258e+20
6.749567367e+20
4.997083615e+20
1.154504618e+21
1.627741065e+20
3.222523807e+20
3.179856296e+20
6.293801551e+20
3.104790434e+20
9.215942841e+20
1.515265478e+20
2.997996731e+20
2.957293027e+20
2.925149064e+20
4.327893185e+20
4.280413907e+20
2.814593292e+20
5.567054018e+20
4.118127411e+20
2.715020243e+20
1.338923864e+20
2.648178278e+20
3.917952221e+20
6.457689007e+20
7.643539648e+20
2.519768049e+20
3.728298795e+20
4.916589787e+20
4.850120496e+20
4.797361685e+20
4.732900577e+20
4.68187578e+20
3.46456711e+20
4.570134067e+20
7.891947484e+20
2.231059848e+20
5.504580675e+20
3.268349869e+20
4.301328364e+20
2.128564098e+20
3.151971075e+20
2.080023721e+20
2.053752929e+20
8.132982261e+20
6.02384314e+20
1.98819279e+20
4.909654962e+20
3.889651452e+20
3.842913525e+20
2.854653848e+20
5.642073466e+20
3.72595994e+20
2.762284393e+20
5.473240763e+20
2.705863495e+20
2.681037753e+20
6.187320457e+20
5.25530883e+20
3.466339777e+20
5.152805838e+20
6.799831123e+20
8.424054756e+19
3.336253337e+20
4.133381745e+20
6.550537638e+20
5.681144273e+20
2.121427973e+20
4.24031154e+20
8.467715076e+20
0
6.326937615e+20
6.316406126e+20
4.195328363e+20
4.185957049e+20
2.083103431e+20
8.308919897e+20
4.130896827e+20
6.175178927e+20
1.022439247e+21
4.073329245e+20
6.064789747e+20
0
3.991648839e+20
7.941714771e+20
0
3.912812661e+20
1.937761281e+20
7.701811181e+20
5.717893239e+20
3.78565163e+20
3.745313042e+20
0
1.838083246e+20
5.470703109e+20
5.407449173e+20
3.574852722e+20
8.830422034e+20
0
8.645517165e+20
3.426517219e+20
3.383484451e+20
0
1.654187602e+20
6.551710736e+20
4.849831097e+20
4.800813307e+20
6.316659908e+20
1.562823908e+20
6.167958364e+20
3.051435306e+20
3.010412785e+20
2.978135262e+20
2.937844341e+20
4.358920883e+20
7.166145393e+20
8.505124932e+20
4.194611643e+20
5.531136348e+20
4.091736668e+20
4.046466695e+20
6.652048444e+20
5.262718084e+20
3.893218621e+20
1.283393278e+20
3.79780618e+20
5.007966355e+20
2.470044469e+20
4.885977325e+20
1.205017396e+20
4.767656633e+20
5.879657354e+20
3.489772229e+20
3.443307534e+20
3.406574879e+20
6.723180912e+20
5.543564968e+20
4.376838688e+20
3.248441139e+20
3.206397974e+20
2.115631947e+20
5.221437999e+20
5.168529264e+20
3.061981275e+20
5.052335807e+20
3.991606572e+20
5.928491333e+20
2.927980297e+20
3.866122399e+20
4.774583392e+20
4.728963889e+20
4.673256491e+20
1.851694253e+20
4.57588261e+20
4.533359133e+20
5.378826833e+20
4.441223802e+20
2.635541115e+20
2.611631099e+20
3.445130902e+20
1.707092933e+20
7.602811247e+20
2.511693209e+20
3.315659114e+20
5.75103071e+20
4.8824149e+20
3.226237611e+20
6.314646094e+20
4.207248774e+20
1.050219941e+21
2.098097715e+20
4.18517832e+20
2.089113864e+20
4.162826655e+20
6.230322676e+20
2.067030115e+20
4.122429733e+20
2.049588478e+20
8.170411632e+20
6.087794569e+20
8.084528958e+20
8.025035606e+20
5.991056274e+20
3.961577715e+20
7.881981384e+20
9.765433929e+20
1.941806782e+20
3.846787617e+20
0
5.675866615e+20
3.757886546e+20
7.436071263e+20
3.690548381e+20
1.824822871e+20
3.620887249e+20
3.579211955e+20
3.549377283e+20
1.753592636e+20
5.214703934e+20
5.150988937e+20
3.402586658e+20
1.680016711e+20
3.328122399e+20
3.285677119e+20
6.506874412e+20
9.633785157e+20
4.768287681e+20
4.705639652e+20
6.209360003e+20
3.063445065e+20
4.546743991e+20
5.98111992e+20
1.479267611e+20
2.918649793e+20
5.773991798e+20
1.423948852e+20
4.225071125e+20
5.556911447e+20
6.869598969e+20
4.065682018e+20
1.340244837e+20
7.932018677e+20
6.53688026e+20
7.737590686e+20
1.275350832e+20
5.032188242e+20
2.488394841e+20
6.136870585e+20
6.069679641e+20
1.19759719e+20
3.553737887e+20
7.012362999e+20
5.780670971e+20
4.563076369e+20
3.385805588e+20
5.568614795e+20
5.509894363e+20
3.262753266e+20
2.152515656e+20
5.31172727e+20
1.051427993e+20
5.189974682e+20
3.082427568e+20
3.043557565e+20
4.017542543e+20
1.983804879e+20
3.928558892e+20
2.910381742e+20
4.803595369e+20
4.74587433e+20
4.700517755e+20
2.787076702e+20
3.681088894e+20
5.457953539e+20
3.604814492e+20
2.673162143e+20
2.648627895e+20
1.746379612e+20
4.326336695e+20
5.136269973e+20
6.786846942e+20
8.395984949e+19
2.496359528e+20
4.942976372e+20
4.082689182e+20
2.426151322e+20
4.809532778e+20
8.35436876e+20
6.262046425e+20
4.168411753e+20
4.163775358e+20
6.229355708e+20
2.073011143e+20
1.032706166e+21
8.243275652e+20
1.025601472e+21
4.090889634e+20
6.101910759e+20
0
4.027775694e+20
0
3.9823044e+20
3.964004926e+20
0
5.867354892e+20
3.877188361e+20
3.854847033e+20
9.546189114e+20
5.691498213e+20
3.756302185e+20
7.461051543e+20
9.227881689e+20
1.831962318e+20
3.623504907e+20
5.392521308e+20
1.776911582e+20
7.048524732e+20
0
0
6.820230239e+20
1.689494019e+20
1.668452618e+20
4.957908457e+20
3.263288365e+20
3.231323794e+20
3.189598971e+20
4.736199814e+20
3.116139938e+20
3.083991629e+20
7.607956464e+20
1.505578803e+20
2.970967267e+20
4.408787226e+20
2.899704434e+20
1.434145063e+20
1.414788032e+20
5.597243927e+20
1.380366353e+20
4.095505276e+20
4.039957081e+20
2.663551688e+20
5.254808433e+20
1.299176735e+20
3.844676583e+20
5.069634216e+20
2.500512854e+20
4.945998781e+20
1.219820141e+20
8.445293432e+20
4.761071238e+20
2.354668313e+20
3.484831795e+20
4.596390744e+20
2.267707748e+20
6.730576029e+20
4.427991896e+20
5.476630308e+20
4.324155675e+20
2.1395617e+20
4.223876232e+20
5.225583504e+20
1.031777655e+20
4.085282016e+20
4.03380565e+20
3.993507504e+20
3.943899749e+20
3.905074402e+20
3.857324634e+20
4.774885084e+20
4.717508452e+20
4.672411799e+20
2.770401463e+20
4.573820282e+20
4.521037283e+20
4.479004911e+20
1.771404061e+20
2.632715042e+20
5.207580274e+20
4.300272766e+20
2.552611755e+20
5.059368105e+20
3.338011193e+20
6.616565152e+20
4.912836176e+20
5.680928869e+20
8.037599242e+19
1.593358159e+20
4.145105098e+20
4.142646284e+20
0
4.131852405e+20
2.06056163e+20
4.11430952e+20
1.024827739e+21
4.090213785e+20
2.035616308e+20
6.089742732e+20
4.03717651e+20
4.023477102e+20
7.994968509e+20
1.99076753e+20
5.928813895e+20
7.868841234e+20
1.951387269e+20
1.94129259e+20
1.924315072e+20
5.739755285e+20
1.326702081e+21
0
3.729093265e+20
0
5.496983518e+20
1.818841134e+20
5.39660382e+20
3.569508289e+20
5.293188033e+20
3.499500372e+20
8.645659179e+20
1.714049013e+20
3.386567375e+20
1.67785725e+20
4.971139903e+20
3.282733838e+20
6.482405325e+20
8.023772397e+20
1.267290613e+21
3.136360617e+20
4.643197224e+20
9.190731447e+20
3.023186388e+20
2.991414879e+20
5.903259254e+20
4.380148578e+20
5.762006884e+20
4.274737792e+20
5.622977317e+20
4.171141164e+20
5.486468715e+20
4.069583512e+20
4.014555638e+20
6.617066046e+20
2.611009398e+20
2.582159244e+20
6.368094469e+20
5.038258342e+20
4.970246755e+20
3.686689904e+20
4.849434321e+20
3.597288938e+20
4.732110382e+20
4.680708415e+20
6.927481041e+20
3.426438934e+20
5.635109945e+20
4.460023483e+20
4.401414864e+20
3.266259289e+20
1.074571731e+20
5.316906819e+20
9.447018748e+20
6.233284351e+20
4.10253764e+20
5.076192315e+20
2.004911574e+20
2.977318751e+20
2.940353575e+20
3.881869019e+20
4.793019581e+20
3.797212763e+20
4.689479643e+20
6.502495937e+20
2.753924576e+20
6.365250037e+20
7.190567526e+20
6.233239125e+20
5.282483534e+20
3.489323006e+20
4.313666356e+20
2.564712599e+20
3.383033411e+20
5.867132496e+20
3.317874329e+20
3.288329406e+20
5.696904869e+20
6.453159935e+20
4.793178857e+20
1.583658281e+20
6.170272164e+20
6.166625026e+20
4.104958453e+20
6.150622834e+20
2.044912714e+20
4.083078211e+20
4.068274438e+20
4.059265283e+20
8.081059055e+20
0
0
1.996653527e+20
1.983822518e+20
5.927774297e+20
1.961611172e+20
3.905274626e+20
5.811034134e+20
0
0
1.899286887e+20
7.526167611e+20
1.869698431e+20
7.404551376e+20
1.838491166e+20
3.638536389e+20
5.417719713e+20
5.358496176e+20
3.544361743e+20
5.256166537e+20
0
5.151466696e+20
5.106620524e+20
5.045013912e+20
9.998278115e+20
8.228977706e+20
6.521001332e+20
9.658241697e+20
6.37597339e+20
7.867846521e+20
7.788837451e+20
4.612593359e+20
7.608577899e+20
9.010353772e+20
4.457894029e+20
2.932542091e+20
5.802506123e+20
4.293813181e+20
5.663192966e+20
2.793631023e+20
4.144689193e+20
2.725956431e+20
2.695991879e+20
3.989471624e+20
2.630309885e+20
3.892226875e+20
7.698496885e+20
7.594660234e+20
0
2.469922172e+20
4.885546012e+20
3.614963243e+20
7.150870393e+20
2.351749862e+20
3.489319624e+20
3.442903012e+20
2.270557069e+20
3.360815821e+20
6.64997988e+20
2.187577482e+20
4.329034193e+20
4.272725844e+20
2.114115972e+20
5.217215879e+20
2.065437451e+20
5.09781943e+20
2.018456862e+20
9.965310325e+19
7.892579931e+20
2.922989866e+20
4.823672245e+20
3.811777206e+20
4.718481932e+20
5.594138317e+20
2.77031778e+20
4.562737535e+20
2.711829579e+20
4.467491108e+20
4.425938642e+20
2.625565755e+20
6.070064346e+20
4.287991791e+20
4.24907582e+20
5.884950292e+20
3.332624265e+20
3.297978963e+20
5.72007709e+20
1.61788173e+20
4.81072753e+20
7.146230993e+20
3.935189469e+20
4.082402319e+20
6.119996607e+20
2.036975383e+20
4.069452807e+20
2.029499697e+20
2.026158739e+20
2.018852177e+20
6.043172408e+20
4.010286066e+20
1.999550034e+20
0
3.963586099e+20
0
9.806508462e+20
5.841500833e+20
5.814835925e+20
0
1.912942763e+20
5.689136244e+20
5.656573186e+20
5.603979289e+20
1.85626073e+20
5.513761607e+20
3.650782879e+20
9.031966968e+20
5.379464027e+20
7.094563928e+20
3.519567023e+20
3.479772876e+20
6.902011611e+20
6.821376213e+20
3.381054358e+20
1.670217109e+20
4.965174246e+20
4.904088611e+20
8.09641657e+20
0
1.583375578e+20
4.689494328e+20
0
7.637317132e+20
4.535322597e+20
0
5.905392067e+20
4.370549758e+20
7.206621925e+20
2.844315891e+20
9.8475982e+20
4.16399821e+20
6.864284342e+20
2.708894788e+20
5.358282774e+20
3.964699128e+20
6.534995509e+20
3.868239017e+20
5.100737838e+20
7.54818301e+20
6.22082182e+20
2.454905804e+20
6.069838034e+20
2.395411998e+20
5.923075628e+20
7.012849428e+20
2.312241821e+20
3.422314717e+20
4.513971426e+20
3.340806798e+20
5.508667774e+20
8.698413098e+20
6.455046135e+20
6.371200471e+20
2.101618735e+20
3.111873042e+20
4.106517571e+20
5.067823999e+20
2.006578275e+20
2.9720277e+20
5.884646168e+20
3.874440038e+20
4.79534488e+20
2.84205337e+20
7.505243388e+20
2.780645689e+20
5.508090062e+20
5.443103728e+20
3.594512791e+20
4.441190862e+20
1.759949708e+20
2.610074722e+20
5.172206834e+20
5.967669462e+20
2.534359072e+20
5.85001195e+20
4.141048917e+20
2.458740582e+20
3.24913652e+20
3.216387571e+20
3.187955973e+20
2.367739268e+20
3.911521405e+20
2.025878483e+20
6.074068051e+20
6.065112019e+20
4.038954485e+20
8.057269145e+20
2.011008381e+20
4.007590265e+20
9.996880898e+20
1.990245994e+20
1.98470605e+20
5.921421658e+20
7.868608567e+20
3.909283351e+20
1.946893469e+20
7.731735521e+20
3.848259202e+20
1.908885813e+20
3.798152212e+20
0
1.871959919e+20
5.563914066e+20
7.372059224e+20
1.824890635e+20
5.43743121e+20
3.587399079e+20
5.341744815e+20
3.522581977e+20
6.990233598e+20
5.183655721e+20
0
5.081081769e+20
0
4.976753674e+20
6.575557123e+20
1.623745573e+20
3.216925727e+20
1.588351777e+20
0
3.10579387e+20
1.537351268e+20
3.035053442e+20
4.505885608e+20
1.482372006e+20
4.400565085e+20
7.237745431e+20
1.432140779e+20
4.239480436e+20
4.193744721e+20
2.758587769e+20
2.728519427e+20
5.384090786e+20
6.656250563e+20
6.567053968e+20
1.298943794e+20
3.844545023e+20
2.534765502e+20
7.502271181e+20
3.709813845e+20
3.660106384e+20
6.033191468e+20
5.952558647e+20
4.710019637e+20
4.647303902e+20
4.596874762e+20
4.535961588e+20
3.365363442e+20
5.535057695e+20
4.380860739e+20
4.323564113e+20
4.277996626e+20
5.278131258e+20
7.312439331e+20
3.09363292e+20
5.103057249e+20
3.022907692e+20
3.98967736e+20
3.939556679e+20
4.875219924e+20
1.925913663e+20
3.813878625e+20
4.709116096e+20
1.865358298e+20
9.2147132e+19
2.737962336e+20
3.607532333e+20
4.466876696e+20
5.298238157e+20
5.248938103e+20
4.324609022e+20
2.570930834e+20
7.627587755e+20
5.878717016e+20
4.153918579e+20
4.116609421e+20
4.073619442e+20
4.844832525e+20
3.197242347e+20
1.584494338e+20
3.922621838e+20
3.88813634e+20
4.021568275e+20
8.038431622e+20
4.013319815e+20
2.004454949e+20
3.998720687e+20
5.988248738e+20
1.193376614e+21
3.969167458e+20
0
5.910242504e+20
7.837273976e+20
1.952725973e+20
3.880741657e+20
3.865390789e+20
5.756722149e+20
5.730556902e+20
5.685381334e+20
5.656227111e+20
9.346209749e+20
5.575767641e+20
5.524417664e+20
0
5.436132553e+20
3.599488303e+20
7.12473138e+20
7.072734497e+20
0
5.206505909e+20
3.43209694e+20
3.403836902e+20
1.682201889e+20
3.335284369e+20
3.295541056e+20
4.898610629e+20
3.225881358e+20
9.58671638e+20
0
1.562558816e+20
9.256578628e+20
4.582027597e+20
1.055402925e+21
5.969104376e+20
4.418643188e+20
5.829933363e+20
4.31509877e+20
1.423073462e+20
2.808550971e+20
4.16742478e+20
6.853484434e+20
2.711539126e+20
6.688510773e+20
5.292129032e+20
5.22142101e+20
9.03691019e+20
7.642279052e+20
3.779027774e+20
3.728457247e+20
4.916544718e+20
3.638121386e+20
3.598190852e+20
1.183403371e+20
9.36383629e+20
4.619706556e+20
1.142398396e+20
3.381868095e+20
3.345485934e+20
3.301495098e+20
2.177546985e+20
6.447333412e+20
4.252926482e+20
4.197834716e+20
3.1155935e+20
6.151210761e+20
0
6.010655727e+20
5.949706956e+20
2.937508949e+20
5.816281088e+20
5.744215552e+20
6.635547365e+20
3.74543781e+20
4.636332181e+20
6.412864811e+20
3.629421849e+20
1.7932876e+20
6.217284739e+20
2.633705124e+20
1.739462305e+20
5.1592693e+20
3.407913661e+20
5.897877555e+20
5.844336428e+20
4.955455899e+20
1.636982682e+20
4.049623972e+20
5.619017062e+20
3.972904618e+20
5.512930051e+20
1.559716961e+20
6.184046766e+20
3.991826114e+20
3.989498952e+20
1.99183805e+20
5.968963495e+20
1.984623884e+20
1.981377362e+20
0
3.940017111e+20
1.372774375e+21
7.822678352e+20
3.890081855e+20
1.938509853e+20
3.852613708e+20
3.83740581e+20
1.905082988e+20
5.689326941e+20
7.526261314e+20
5.615811833e+20
3.711925447e+20
7.381632632e+20
1.279944879e+21
9.085410508e+20
1.799377336e+20
7.148755543e+20
1.768839626e+20
5.267871303e+20
3.474199758e+20
1.723610755e+20
1.70437277e+20
3.380732703e+20
3.341729512e+20
3.312860948e+20
4.910315932e+20
3.243995756e+20
4.8068359e+20
7.936250355e+20
7.837779011e+20
1.086648048e+21
3.065521357e+20
1.517463275e+20
2.996072361e+20
5.930857763e+20
5.854043514e+20
0
5.717196795e+20
0
1.395501845e+20
2.760955431e+20
4.086619181e+20
4.042153295e+20
2.658967698e+20
2.629830479e+20
3.892193769e+20
2.566254858e+20
2.532011526e+20
3.756186783e+20
4.941401959e+20
6.108787066e+20
4.821865232e+20
1.192242003e+20
2.35275879e+20
4.65414999e+20
3.444326281e+20
4.542634307e+20
5.60333532e+20
0
3.282184158e+20
2.164814266e+20
5.341469724e+20
5.285185576e+20
4.173451027e+20
2.06499808e+20
2.038524485e+20
6.052708613e+20
4.979918875e+20
2.957650233e+20
4.867580877e+20
2.891345391e+20
3.807384623e+20
3.769859582e+20
4.654793569e+20
6.453413298e+20
3.64334993e+20
4.510589912e+20
7.131720305e+20
7.064413794e+20
6.982585349e+20
6.05288753e+20
5.129358653e+20
4.235189292e+20
6.701245949e+20
4.980304833e+20
3.284367127e+20
4.068585749e+20
3.220727628e+20
5.58611929e+20
5.529348326e+20
1.565861608e+20
3.876238827e+20
3.842195145e+20
5.943780976e+20
5.940327454e+20
1.977233546e+20
3.950142024e+20
1.970103068e+20
5.900660712e+20
3.919884186e+20
5.866937721e+20
1.946854035e+20
7.765870594e+20
5.792909812e+20
9.622496141e+20
7.649781144e+20
3.809823134e+20
3.782912718e+20
7.531581361e+20
3.736392533e+20
0
5.528612518e+20
5.497238235e+20
3.631389028e+20
0
7.147545403e+20
3.549615162e+20
1.756666302e+20
3.487797006e+20
1.725251821e+20
3.423762765e+20
5.078564626e+20
3.357940037e+20
6.638717647e+20
1.645368511e+20
1.62591928e+20
8.056346866e+20
9.550539724e+20
1.57685212e+20
6.22944278e+20
6.169129245e+20
4.568661353e+20
6.030844001e+20
8.930864754e+20
2.946549077e+20
5.817036654e+20
5.756378742e+20
1.420345737e+20
7.026394841e+20
1.386837155e+20
2.743842478e+20
1.353820438e+20
4.01730715e+20
3.96409772e+20
2.613794424e+20
2.579074041e+20
1.275362812e+20
5.033564267e+20
0
2.455942249e+20
3.643400133e+20
2.396622881e+20
1.185171915e+20
3.508314921e+20
5.783386594e+20
5.706854527e+20
5.644989087e+20
5.570610572e+20
5.510711889e+20
5.43849635e+20
3.228344376e+20
6.372629239e+20
3.152743115e+20
7.261360704e+20
6.159219491e+20
4.053564467e+20
5.014868102e+20
2.97077457e+20
1.960429876e+20
4.83963805e+20
4.791238527e+20
3.785545653e+20
5.622343378e+20
5.553719511e+20
4.583136607e+20
1.811224144e+20
2.690821859e+20
4.431728774e+20
2.633936627e+20
6.074621339e+20
6.01806239e+20
4.249827349e+20
1.684308541e+20
4.164070865e+20
5.776767715e+20
4.897980736e+20
3.235993323e+20
4.002471223e+20
3.96686035e+20
3.926437754e+20
3.11341723e+20
5.394838743e+20
6.8753327e+20
3.933642335e+20
5.897046493e+20
5.888524944e+20
7.842799017e+20
5.867379586e+20
1.952606854e+20
3.891495735e+20
5.824473507e+20
7.731229918e+20
9.637352444e+20
1.917101072e+20
3.821379348e+20
3.797563573e+20
3.782634148e+20
9.390116407e+20
3.739081072e+20
3.710031691e+20
3.691126356e+20
5.489887081e+20
5.458797241e+20
5.409222764e+20
8.959345296e+20
1.064740554e+21
1.762596647e+20
3.489318777e+20
3.464008788e+20
5.140692869e+20
1.700310571e+20
0
6.670905293e+20
3.297285658e+20
4.903359949e+20
3.230419106e+20
6.402727444e+20
6.325487602e+20
7.832947571e+20
3.09459469e+20
1.532340125e+20
3.026279894e+20
1.498083274e+20
7.395199747e+20
4.39186223e+20
7.225618424e+20
4.290219811e+20
2.823007502e+20
1.396547565e+20
8.2696764e+20
2.726940356e+20
4.036611304e+20
2.661843057e+20
1.3133465e+20
9.092834628e+20
6.408854009e+20
7.606149609e+20
3.752602271e+20
7.422646467e+20
6.103396985e+20
4.829050021e+20
4.764964023e+20
2.356370369e+20
3.487735947e+20
4.599590243e+20
2.269423347e+20
5.612073672e+20
4.430612676e+20
6.574475517e+20
3.244232158e+20
7.489266309e+20
3.167961301e+20
2.0897243e+20
4.125523705e+20
4.082570368e+20
8.060697931e+20
5.983374236e+20
3.938392232e+20
4.873056377e+20
2.887208525e+20
6.669437635e+20
1.881977895e+20
6.521978861e+20
4.601710036e+20
6.379791556e+20
6.303123928e+20
5.35093407e+20
6.168994519e+20
7.8566758e+20
7.765563107e+20
4.274025491e+20
3.380377246e+20
4.186633364e+20
3.312112993e+20
4.923056471e+20
4.058116863e+20
4.021669629e+20
4.775165088e+20
3.155123436e+20
2.342165735e+20
4.642986013e+20
5.363315871e+20
2.278396158e+20
3.905181897e+20
3.90292777e+20
5.845973243e+20
0
3.883379408e+20
5.815597988e+20
3.863515516e+20
3.855079719e+20
3.837924328e+20
5.741021135e+20
1.903430008e+20
0
3.770624281e+20
5.633745725e+20
0
5.569121523e+20
3.684040204e+20
5.497958613e+20
1.81723346e+20
1.806963377e+20
1.790628223e+20
0
3.524835035e+20
3.501105181e+20
3.465630993e+20
6.881085727e+20
8.510170222e+20
1.182226588e+21
6.681119503e+20
4.969896658e+20
1.637752059e+20
1.623681988e+20
0
7.951162897e+20
3.142243606e+20
3.112919258e+20
7.686816075e+20
3.0450506e+20
3.007033512e+20
2.977155455e+20
0
4.364252408e+20
4.308306796e+20
7.105821289e+20
2.80554234e+20
2.775847985e+20
4.109479835e+20
1.355122597e+20
5.349418045e+20
3.968520072e+20
5.221695387e+20
5.164603895e+20
6.370487836e+20
5.040448492e+20
4.973732842e+20
4.91905461e+20
3.640421266e+20
6.000716332e+20
4.737014068e+20
3.513841039e+20
6.934793975e+20
3.429590452e+20
9.025037567e+20
0
6.607553467e+20
7.62596295e+20
2.150388931e+20
2.127494127e+20
6.299636407e+20
9.349913147e+20
4.101970481e+20
6.088895388e+20
5.009247336e+20
3.966199553e+20
5.874013576e+20
4.845356592e+20
3.827763137e+20
4.736840099e+20
6.549568888e+20
3.705703816e+20
4.575619722e+20
6.343607031e+20
1.790678156e+20
2.660286457e+20
7.886534147e+20
1.736012087e+20
1.71586816e+20
4.249714733e+20
2.520836004e+20
3.33021643e+20
6.586376126e+20
6.526564027e+20
4.034852936e+20
3.998614996e+20
3.956403903e+20
4.705454885e+20
4.657254327e+20
3.077439866e+20
4.57042221e+20
5.285396916e+20
5.815695496e+20
1.356214873e+21
0
9.662878292e+20
0
1.92465991e+20
3.835934785e+20
1.913787624e+20
7.621255177e+20
1.330051131e+21
1.889952543e+20
1.88365671e+20
1.872032251e+20
7.458808013e+20
1.851721519e+20
3.686782616e+20
1.829205181e+20
9.099609665e+20
1.804680416e+20
1.794501955e+20
1.778352835e+20
3.534692263e+20
7.001730765e+20
5.216016044e+20
5.163393986e+20
5.126089089e+20
6.762631728e+20
3.355263878e+20
3.318433332e+20
4.937054223e+20
9.762025391e+20
3.226103398e+20
7.971039286e+20
3.159837679e+20
4.683011183e+20
4.639379717e+20
0
3.025670811e+20
5.976060773e+20
2.958384095e+20
5.842077835e+20
4.33698756e+20
2.854385565e+20
1.41236556e+20
2.788291954e+20
4.138218801e+20
5.445907484e+20
2.693753215e+20
3.987812522e+20
6.574280353e+20
2.595192411e+20
5.13367717e+20
3.79954697e+20
3.757868222e+20
2.472173684e+20
3.667518727e+20
4.825410735e+20
4.772429998e+20
3.532042571e+20
5.822279847e+20
1.149097956e+20
4.546294862e+20
4.486494546e+20
7.76633358e+20
4.379752221e+20
3.249519553e+20
3.207147805e+20
6.346015176e+20
5.219802893e+20
3.098893361e+20
5.098355834e+20
4.036221415e+20
2.988530013e+20
2.957805166e+20
4.867348567e+20
9.635939866e+19
3.806161505e+20
4.710101489e+20
5.582259783e+20
4.60600134e+20
1.819929435e+20
5.406711985e+20
1.780578977e+20
4.408795293e+20
3.485338813e+20
6.041728753e+20
3.412333179e+20
5.915950558e+20
4.177587982e+20
2.483506916e+20
3.274478173e+20
1.622369762e+20
4.011854218e+20
4.77098782e+20
3.933765634e+20
4.67853617e+20
5.402236487e+20
3.059761198e+20
4.544025015e+20
3.753494539e+20
5.774218333e+20
3.847271188e+20
3.841792322e+20
7.675256052e+20
3.828168519e+20
0
1.904372524e+20
1.900230232e+20
5.675574594e+20
1.886664336e+20
1.876664594e+20
3.740850131e+20
0
3.703346811e+20
0
9.152945502e+20
9.082836675e+20
3.614733302e+20
7.169198441e+20
5.346633692e+20
3.532489209e+20
3.510669332e+20
6.954439051e+20
5.180854837e+20
3.41920735e+20
3.394552043e+20
1.679432882e+20
3.333035969e+20
3.296598097e+20
4.904643002e+20
4.849189653e+20
0
3.167820984e+20
4.709214062e+20
3.10203028e+20
7.682939259e+20
4.553618353e+20
3.006536141e+20
5.938531871e+20
8.819543893e+20
2.902864132e+20
5.746748348e+20
2.836786332e+20
8.422050844e+20
6.928131014e+20
1.37099245e+20
0
2.677460731e+20
7.927705843e+20
6.534839564e+20
6.449309389e+20
6.378898289e+20
5.036093796e+20
4.98088743e+20
1.22882677e+20
2.430667976e+20
4.797258809e+20
1.186153745e+20
4.682086434e+20
3.473131966e+20
2.284948341e+20
3.39008074e+20
5.575960946e+20
4.412472763e+20
4.354757378e+20
3.230983187e+20
5.314869586e+20
2.103320775e+20
3.114148388e+20
8.216933107e+20
7.097408038e+20
5.016799196e+20
2.971703267e+20
6.862684184e+20
7.743994752e+20
4.790891121e+20
1.892401159e+20
6.557128276e+20
4.625798659e+20
1.832066408e+20
6.334043361e+20
8.064585699e+20
5.311779223e+20
7.891308926e+20
3.465773497e+20
4.291286133e+20
8.482870541e+19
2.521148138e+20
5.815671215e+20
3.292681407e+20
4.883969517e+20
5.646211493e+20
3.19129296e+20
1.581315888e+20
5.475938945e+20
6.202564924e+20
3.836690337e+20
3.802855604e+20
3.011953995e+20
2.985564506e+20
7.64443814e+20
1.91001697e+20
7.629239596e+20
5.715740916e+20
7.602295256e+20
9.48750833e+20
1.890969024e+20
3.773727143e+20
1.87859132e+20
3.7468871e+20
3.727124381e+20
3.714756029e+20
7.384103706e+20
5.516476815e+20
9.13073147e+20
7.271853948e+20
3.608205837e+20
7.179933662e+20
5.340262563e+20
7.08035089e+20
3.508600284e+20
1.743485367e+20
5.180836421e+20
3.430776334e+20
5.094688237e+20
1.686007326e+20
3.33671181e+20
1.655550317e+20
6.550096666e+20
4.872654558e+20
8.029631467e+20
6.368813222e+20
1.573745299e+20
3.11937514e+20
4.62346071e+20
4.580523113e+20
4.524935172e+20
5.975283941e+20
1.475367845e+20
5.843085336e+20
1.442457058e+20
4.283467245e+20
2.819402791e+20
4.18527304e+20
4.13162978e+20
5.450722613e+20
4.035237256e+20
5.322728286e+20
2.62678634e+20
2.598347673e+20
6.411096024e+20
3.804691307e+20
6.258096811e+20
4.951631656e+20
4.886605933e+20
3.624736201e+20
3.577075096e+20
1.179280578e+20
3.491323158e+20
4.604172151e+20
2.271852622e+20
3.3706653e+20
7.761838547e+20
3.290497836e+20
2.165023101e+20
3.212657097e+20
5.284836137e+20
3.137158404e+20
5.161024548e+20
1.021334662e+20
3.024672946e+20
4.988641296e+20
2.955064944e+20
1.949788048e+20
6.738130784e+20
3.811291995e+20
3.763681518e+20
4.657519767e+20
9.200010121e+19
2.732771346e+20
5.398913017e+20
3.56427143e+20
2.641077831e+20
4.359601728e+20
4.308033274e+20
4.267322392e+20
5.06126666e+20
5.84977957e+20
4.130777491e+20
4.911344118e+20
2.428266762e+20
4.812419416e+20
2.379980685e+20
5.503414337e+20
4.667109013e+20
6.938418388e+20
6.86680361e+20
4.537509422e+20
2.994756632e+20
2.226397507e+20
3.795342613e+20
5.689769457e+20
5.681743426e+20
5.67561131e+20
1.887252757e+20
3.768415893e+20
1.126651729e+21
7.494734583e+20
7.462036868e+20
1.860406764e+20
3.701282949e+20
1.84451172e+20
3.666583711e+20
5.478464594e+20
5.440865372e+20
1.805510839e+20
5.375425158e+20
3.565537427e+20
5.304122169e+20
7.032512162e+20
1.742516146e+20
6.927179883e+20
3.430873305e+20
3.407957093e+20
1.687005499e+20
3.349774551e+20
1.657424091e+20
3.28945213e+20
3.25377848e+20
3.227387115e+20
4.786772417e+20
4.745939722e+20
7.81854875e+20
9.298589993e+20
3.06283322e+20
6.068868382e+20
2.997740719e+20
5.937967584e+20
2.932435294e+20
4.355195882e+20
2.867184725e+20
1.419066466e+20
4.203346503e+20
5.546444958e+20
8.213371644e+20
4.063407094e+20
4.011082286e+20
3.968189911e+20
1.30559573e+20
5.165888677e+20
2.549333134e+20
2.521540061e+20
3.732905551e+20
6.153396937e+20
7.287357029e+20
6.006195116e+20
2.37096452e+20
4.689946423e+20
4.628418015e+20
6.866710694e+20
3.388359237e+20
3.351470983e+20
3.307644167e+20
6.543709548e+20
7.534824312e+20
3.194537725e+20
2.102056084e+20
5.199226463e+20
6.158554809e+20
5.078087089e+20
3.007790186e+20
4.960797718e+20
3.918149196e+20
4.847328622e+20
4.786204991e+20
3.790109204e+20
3.742795136e+20
6.484333399e+20
1.829799008e+20
3.623484167e+20
2.684490804e+20
0
4.377383906e+20
2.601248604e+20
5.997765446e+20
5.941074727e+20
2.516563703e+20
3.324140622e+20
4.929316132e+20
2.441987304e+20
4.829404056e+20
6.380710404e+20
3.155523786e+20
4.690776568e+20
7.734758021e+19
3.066397858e+20
3.03467022e+20
2.255942422e+20
3.722193172e+20
5.90337759e+20
1.884420744e+20
3.766700265e+20
1.880705897e+20
7.514721689e+20
7.496468536e+20
0
1.864720193e+20
5.582059707e+20
5.557824168e+20
1.847550163e+20
3.675797384e+20
0
3.641464525e+20
7.254630195e+20
5.403803743e+20
5.379682878e+20
1.779680288e+20
3.541438255e+20
5.268467649e+20
5.238986658e+20
6.923557618e+20
5.16078091e+20
3.408160423e+20
1.692719701e+20
5.027786918e+20
4.991738846e+20
4.939903813e+20
6.536169742e+20
4.84917468e+20
3.206608892e+20
1.109771252e+21
1.571886959e+20
4.661404142e+20
3.079935765e+20
4.565405739e+20
7.538568581e+20
2.979092915e+20
7.376393031e+20
4.371540744e+20
5.771215088e+20
5.699343835e+20
5.641669007e+20
2.785267119e+20
4.134701784e+20
6.803402077e+20
5.385423137e+20
1.329071593e+20
3.944617042e+20
6.489451639e+20
2.567722553e+20
1.267202382e+20
3.760190654e+20
3.711208212e+20
6.117673949e+20
2.415098785e+20
3.582940304e+20
2.357370012e+20
5.828852331e+20
5.752553196e+20
7.965549092e+20
2.246106412e+20
0
3.288998708e+20
6.50684355e+20
4.281455755e+20
7.412117049e+20
4.180620917e+20
1.034036743e+20
4.082844181e+20
5.049819129e+20
4.98515808e+20
1.97330529e+20
5.844682097e+20
3.856390162e+20
3.807804024e+20
5.653740864e+20
3.72213929e+20
4.606099087e+20
2.729562781e+20
6.30611832e+20
2.669690124e+20
6.168671495e+20
6.965185149e+20
5.173792628e+20
2.556280278e+20
3.37615117e+20
5.005299316e+20
5.785072476e+20
3.268003531e+20
4.047423711e+20
5.603005339e+20
3.965787457e+20
3.137938209e+20
3.109756996e+20
5.384043396e+20
5.336184364e+20
2.263216095e+20
4.486548059e+20
3.701180507e+20
4.402556387e+20
7.485415776e+20
5.610882035e+20
1.867680281e+20
3.731346109e+20
5.5834893e+20
3.716343185e+20
0
7.39147425e+20
3.679768217e+20
5.50461011e+20
5.475990579e+20
9.096532917e+20
7.233374346e+20
3.602660243e+20
0
5.343331241e+20
3.535430535e+20
7.035325329e+20
6.977719028e+20
5.204061147e+20
1.719416791e+20
8.544391365e+20
1.692873144e+20
6.72643465e+20
8.324984751e+20
4.959244497e+20
8.179923419e+20
4.870490116e+20
4.818085458e+20
4.779144753e+20
4.725941591e+20
3.123843957e+20
9.264106731e+20
7.651469282e+20
4.536921573e+20
1.498328648e+20
5.921351357e+20
2.932357946e+20
4.344760724e+20
5.735938917e+20
4.248557622e+20
5.607491332e+20
4.152761083e+20
4.109871699e+20
5.410254258e+20
5.353356619e+20
3.963629633e+20
3.921322587e+20
3.870826033e+20
5.105358252e+20
3.779475318e+20
0
3.689761644e+20
7.298836009e+20
1.200619737e+20
4.749868982e+20
3.515895766e+20
3.47739249e+20
4.575966001e+20
3.394479509e+20
4.46690181e+20
5.52288463e+20
4.360749711e+20
2.156796872e+20
6.386350799e+20
4.211873733e+20
6.236086094e+20
4.113170905e+20
3.045178716e+20
3.013118486e+20
3.966111771e+20
4.906032702e+20
1.937499592e+20
2.876365439e+20
9.467191604e+19
3.748442248e+20
1.850855093e+20
7.329299498e+20
3.619457425e+20
3.583727506e+20
3.540069005e+20
3.505620475e+20
6.061107345e+20
6.002970241e+20
3.389660631e+20
5.875814773e+20
4.977777255e+20
4.931359537e+20
4.062496187e+20
5.635164077e+20
3.184029583e+20
3.155100599e+20
3.120547553e+20
4.638784165e+20
5.354093139e+20
4.548433979e+20
3.000763191e+20
3.717911871e+20
5.888646004e+20
4.377859801e+20
1.115080266e+21
1.857417665e+20
1.854833854e+20
1.852844565e+20
3.69677383e+20
5.536264187e+20
0
7.340903802e+20
5.482001244e+20
3.644725554e+20
9.064662132e+20
7.227842327e+20
5.388367085e+20
7.156676568e+20
5.331174845e+20
3.538311718e+20
5.267730172e+20
8.735510456e+20
5.19857756e+20
1.033919642e+21
5.124285783e+20
8.488229351e+20
8.409062615e+20
8.353212693e+20
4.962619866e+20
4.927170465e+20
3.250943278e+20
4.839258665e+20
6.383189783e+20
3.165844875e+20
3.130734867e+20
6.208330193e+20
1.534356631e+20
9.124443693e+20
7.51465106e+20
2.978119392e+20
0
4.371572719e+20
4.318306815e+20
2.850545687e+20
8.445841101e+20
4.180293949e+20
4.127922221e+20
4.085338057e+20
6.722714891e+20
7.982504565e+20
3.940321868e+20
6.497169403e+20
2.565498394e+20
3.806716412e+20
6.262666147e+20
4.955625263e+20
4.891415368e+20
6.047458012e+20
1.193769161e+20
2.361398197e+20
4.661286759e+20
5.762831989e+20
2.275091648e+20
7.875863039e+20
4.441874423e+20
0
5.420552328e+20
5.361953204e+20
2.11697187e+20
6.282771045e+20
4.13441728e+20
8.180897377e+20
4.037881345e+20
4.994216961e+20
2.958254092e+20
4.879101142e+20
5.780667946e+20
4.767687849e+20
9.415445082e+19
5.591925667e+20
4.601880135e+20
2.733480848e+20
2.699786657e+20
6.237305456e+20
5.281146074e+20
5.229745135e+20
4.305744586e+20
1.705774452e+20
3.371151918e+20
5.008902426e+20
3.300370803e+20
3.269589275e+20
6.464375424e+20
7.20549938e+20
5.541438325e+20
4.706645811e+20
5.43086004e+20
3.075478529e+20
3.803195895e+20
6.031036053e+20
4.476138353e+20
2.957812459e+20
4.39183075e+20
6.530158118e+20
1.845756548e+20
3.689434808e+20
0
1.104114775e+21
0
5.498534946e+20
9.133427206e+20
1.822755157e+20
9.074767234e+20
3.620049746e+20
3.601403873e+20
5.38434304e+20
1.784065216e+20
5.331513784e+20
5.295587626e+20
3.514721418e+20
3.488522954e+20
3.471056506e+20
3.442882194e+20
5.135588721e+20
3.393843698e+20
5.059680491e+20
3.341790991e+20
4.979455539e+20
6.574221003e+20
6.527344861e+20
1.130564993e+21
1.6028084e+20
1.585695932e+20
3.145849072e+20
7.777729088e+20
4.627098931e+20
4.574446874e+20
6.045223646e+20
4.481006398e+20
7.399523587e+20
4.386774017e+20
2.896624733e+20
2.861448731e+20
4.249998518e+20
2.798394018e+20
4.155272562e+20
6.83896455e+20
4.061095582e+20
5.346467816e+20
2.645177854e+20
5.223048825e+20
5.167399223e+20
3.82593102e+20
2.523114954e+20
2.490650556e+20
2.463571908e+20
4.863471511e+20
4.810360819e+20
3.560988953e+20
2.348015332e+20
2.317506042e+20
4.584303594e+20
2.262344751e+20
2.237649463e+20
5.521407403e+20
3.276831078e+20
6.468605259e+20
3.199348241e+20
3.15793574e+20
4.16541201e+20
2.055848167e+20
3.050982104e+20
8.031538524e+20
2.980123517e+20
1.961401779e+20
3.881970918e+20
3.83278923e+20
2.845031583e+20
2.809278349e+20
2.780761102e+20
9.153793566e+19
3.624849817e+20
1.790093926e+20
2.658625344e+20
7.003337004e+20
2.600685414e+20
3.425906454e+20
4.241290385e+20
3.352844234e+20
4.151409244e+20
2.461815626e+20
4.877701808e+20
4.018215739e+20
1.592493501e+20
3.149233959e+20
4.680924949e+20
5.401091817e+20
4.587931691e+20
6.051635734e+20
3.748664042e+20
5.93521098e+20
6.618325171e+20
4.367450714e+20
3.607740529e+20
5.499656001e+20
1.099313785e+21
3.659327943e+20
7.310838661e+20
7.293414561e+20
1.820438823e+20
7.257398642e+20
1.810452704e+20
9.013698856e+20
1.438282326e+21
8.943176803e+20
1.782764535e+20
3.544337734e+20
5.295999663e+20
3.506981579e+20
1.745721797e+20
6.931065719e+20
3.448213499e+20
3.420344987e+20
3.401349191e+20
3.371787335e+20
1.675618298e+20
4.980357852e+20
6.596535364e+20
1.633040169e+20
3.242834096e+20
4.814537263e+20
4.777982157e+20
7.878607501e+20
3.126104274e+20
4.637540043e+20
7.663854828e+20
4.546177625e+20
1.501987552e+20
8.907124977e+20
0
8.72029617e+20
5.758165455e+20
7.110589647e+20
4.224488468e+20
5.563418067e+20
1.376849642e+20
6.798542286e+20
1.34571304e+20
3.986351488e+20
3.944556051e+20
3.894519134e+20
3.853061236e+20
3.803871791e+20
2.508588191e+20
3.714599432e+20
7.34848182e+20
8.462728958e+20
7.174602718e+20
2.360599785e+20
7.004349908e+20
5.761289947e+20
4.558632362e+20
3.374609842e+20
2.225192599e+20
3.294488755e+20
5.431146151e+20
5.360787733e+20
5.302868275e+20
5.23434331e+20
2.071281717e+20
2.044611876e+20
4.045749165e+20
5.990847059e+20
5.927791078e+20
4.876877758e+20
3.860892343e+20
4.765034032e+20
2.829619272e+20
4.656815363e+20
5.531447564e+20
4.552183233e+20
3.605272285e+20
5.341306326e+20
1.762850904e+20
4.353473718e+20
6.035519879e+20
5.11112842e+20
3.374715629e+20
2.501050743e+20
6.606365092e+20
4.896997593e+20
2.425654229e+20
7.193583972e+20
4.751578695e+20
4.698179681e+20
7.759139462e+19
3.836891538e+20
3.041947517e+20
1.504631095e+20
5.219420349e+20
5.164774857e+20
4.387984011e+20
5.067229839e+20
1.435134995e+20
3.641699944e+20
3.639661777e+20
3.634666937e+20
1.815396219e+20
9.055447838e+20
1.808199484e+20
1.802179372e+20
3.596630412e+20
3.58137876e+20
5.357530664e+20
1.776729425e+20
5.312723678e+20
8.802150598e+20
3.507303694e+20
3.483879829e+20
3.468472075e+20
3.4428438e+20
1.712834593e+20
1.69905046e+20
5.068894747e+20
1.675007904e+20
8.324087461e+20
3.298962362e+20
1.638585849e+20
9.735952672e+20
4.833390263e+20
3.189455737e+20
6.330562894e+20
4.697615303e+20
0
1.536267747e+20
3.046588543e+20
6.024340836e+20
1.194226718e+21
4.426452693e+20
2.923856753e+20
5.778457893e+20
5.723503825e+20
2.827228835e+20
4.199282833e+20
6.913054582e+20
4.10611776e+20
2.703438021e+20
8.026927279e+20
2.64208396e+20
2.6144102e+20
6.453357952e+20
6.38472088e+20
5.042753971e+20
2.494227745e+20
3.693466261e+20
4.871151907e+20
3.606398108e+20
3.567063064e+20
3.521035798e+20
2.321699574e+20
4.583341455e+20
3.399935278e+20
1.118637359e+20
2.212873659e+20
3.276335356e+20
5.401240187e+20
4.265117544e+20
5.27381144e+20
1.041155132e+20
1.029991038e+20
7.117242095e+20
5.029704704e+20
5.958395642e+20
2.94784334e+20
4.850538679e+20
1.92002072e+20
5.687233414e+20
3.752497394e+20
3.705417936e+20
2.750848219e+20
5.433282165e+20
5.378857636e+20
5.312641872e+20
7.013550463e+20
4.330115187e+20
3.43035732e+20
5.083694851e+20
4.195744558e+20
7.462842746e+20
4.928145863e+20
4.870650525e+20
3.216799467e+20
5.564846254e+20
7.088934348e+20
3.893988275e+20
4.630317462e+20
4.579306088e+20
3.781818386e+20
5.237551718e+20
4.449448656e+20
4.402758825e+20
2.909343979e+20
2.879662507e+20
4.995413979e+20
3.617294123e+20
7.230550984e+20
3.610336098e+20
1.803247577e+20
5.396968115e+20
3.592247247e+20
3.580342533e+20
0
3.55759804e+20
3.547987157e+20
7.059923778e+20
1.759207919e+20
3.497691725e+20
3.484248101e+20
3.461080447e+20
6.891601716e+20
6.840899804e+20
3.403417746e+20
5.064216465e+20
0
3.328523631e+20
3.308310071e+20
3.277957097e+20
3.256343863e+20
3.224817091e+20
6.403891337e+20
6.338947047e+20
7.863730094e+20
4.668433231e+20
4.631023537e+20
1.526806795e+20
6.055736162e+20
1.496891507e+20
2.967382724e+20
2.933113965e+20
7.265514927e+20
5.743805655e+20
5.689256994e+20
9.836483958e+20
1.391458732e+20
1.37446446e+20
5.44263187e+20
5.37529162e+20
6.650107044e+20
2.626779642e+20
2.599293228e+20
6.41628166e+20
3.808858828e+20
3.760507757e+20
3.720046164e+20
3.672572192e+20
3.632722856e+20
3.586142496e+20
3.547051843e+20
4.668524722e+20
5.771904164e+20
4.55793576e+20
4.508142869e+20
4.449893826e+20
5.501725919e+20
4.344507894e+20
6.445994121e+20
6.36279197e+20
5.245071302e+20
5.177518142e+20
5.122012637e+20
1.011251891e+20
5.002520019e+20
2.96314695e+20
5.863928156e+20
4.824482577e+20
5.729121809e+20
7.54234157e+20
3.73238698e+20
2.764198429e+20
4.560219697e+20
4.503548242e+20
3.566744862e+20
3.522855623e+20
2.616038079e+20
6.02980837e+20
2.55903284e+20
4.21379517e+20
1.669334605e+20
3.299095139e+20
4.084835487e+20
3.229723632e+20
3.999474562e+20
5.535006239e+20
4.700608621e+20
4.647665211e+20
3.837851556e+20
1.518203857e+20
4.513709666e+20
5.209204801e+20
2.21268593e+20
4.37883072e+20
5.787077789e+20
4.295908072e+20
2.838946414e+20
3.593213248e+20
3.591213816e+20
0
7.165041803e+20
1.072229874e+21
3.568415975e+20
5.334966373e+20
5.32356593e+20
5.301196576e+20
5.286899481e+20
7.013547258e+20
3.495323056e+20
0
5.192240467e+20
6.877155068e+20
5.135136137e+20
0
1.183508728e+21
5.031704432e+20
1.667970275e+20
3.307305466e+20
1.643628287e+20
6.514435261e+20
4.853668644e+20
3.204573998e+20
0
7.874350328e+20
3.125948538e+20
1.546537161e+20
3.068329525e+20
4.552384976e+20
1.504688139e+20
4.463428104e+20
4.424128228e+20
5.830948443e+20
5.777534039e+20
5.709566546e+20
2.82770878e+20
2.793817734e+20
6.91627211e+20
2.732826881e+20
1.352704105e+20
9.3521296e+20
2.644624053e+20
5.223303205e+20
6.460875175e+20
6.379628961e+20
5.049514365e+20
4.985592534e+20
7.397983525e+20
3.651913191e+20
4.81641828e+20
3.566113147e+20
7.054527791e+20
1.160656406e+20
4.591934308e+20
3.399607621e+20
5.604144016e+20
1.10637711e+20
1.094320247e+20
5.40103699e+20
6.410886647e+20
1.054714331e+20
3.129985626e+20
3.089739444e+20
1.018874333e+20
5.029070152e+20
3.980502089e+20
3.929690806e+20
5.83250995e+20
2.879222949e+20
3.79900805e+20
2.813301924e+20
1.856245485e+20
6.415480364e+20
3.628762717e+20
7.167389414e+20
2.660841224e+20
2.62811307e+20
3.46952521e+20
3.427313698e+20
2.545443567e+20
4.191418178e+20
3.320933233e+20
5.742729461e+20
3.250492962e+20
4.818797858e+20
3.182543209e+20
4.718986744e+20
6.234041949e+20
4.622813144e+20
4.58079255e+20
3.775151634e+20
3.741249826e+20
3.700830767e+20
4.40155423e+20
3.629301081e+20
5.036333058e+20
3.560482128e+20
4.941194322e+20
3.569450873e+20
7.134940619e+20
3.562638748e+20
1.779431642e+20
3.550535289e+20
5.317348226e+20
7.06651524e+20
3.525719828e+20
1.755485812e+20
1.750759231e+20
5.225832041e+20
1.736265716e+20
3.452257557e+20
8.597586159e+20
5.124548018e+20
1.700668038e+20
3.376524846e+20
5.039656425e+20
1.666535729e+20
0
4.929534155e+20
6.532938685e+20
3.236738949e+20
4.823208665e+20
4.776875196e+20
3.162075515e+20
6.260501884e+20
0
4.611143431e+20
1.524771465e+20
7.541151119e+20
1.495554486e+20
1.478836773e+20
7.329177758e+20
4.347068071e+20
2.871536108e+20
2.83786661e+20
8.432967445e+20
4.166109861e+20
5.500585174e+20
6.792280952e+20
2.689685385e+20
3.98491275e+20
2.629383006e+20
5.193393631e+20
5.139155487e+20
3.806035583e+20
5.0208788e+20
4.957495036e+20
4.904232459e+20
3.631485312e+20
3.592132606e+20
4.72840839e+20
4.67692734e+20
3.462759225e+20
4.566627336e+20
3.380970041e+20
7.802829169e+20
4.401388862e+20
3.265082793e+20
5.37175999e+20
5.313466268e+20
5.245126869e+20
1.037704125e+20
4.097530829e+20
6.080432911e+20
3.001303018e+20
3.959218234e+20
4.885930892e+20
4.834522183e+20
1.909280501e+20
5.668227689e+20
3.731180837e+20
3.69280595e+20
7.293174417e+20
3.609555188e+20
4.455941487e+20
3.529032172e+20
2.614232608e+20
2.588396544e+20
1.704607892e+20
3.375997144e+20
5.00313311e+20
3.303384698e+20
8.160524174e+20
5.658277327e+20
6.391044463e+20
5.539952654e+20
4.693950923e+20
3.875600375e+20
3.065483628e+20
2.278212631e+20
3.755010851e+20
4.465548235e+20
3.681015452e+20
2.918661069e+20
3.609788655e+20
5.009267124e+20
5.666001407e+20
1.404149566e+20
1.77300036e+20
3.544038704e+20
3.539259581e+20
3.535516068e+20
1.763639843e+20
3.521689602e+20
5.265264807e+20
3.50270027e+20
1.744056875e+20
6.957475203e+20
6.922598395e+20
5.17505267e+20
3.429980251e+20
5.12529727e+20
1.697219142e+20
5.069296885e+20
1.677491339e+20
5.007547028e+20
1.655972281e+20
6.587429356e+20
6.531340936e+20
4.868915039e+20
8.041290413e+20
1.597709538e+20
0
4.713765716e+20
4.666502175e+20
6.175162321e+20
6.110696799e+20
6.061969968e+20
5.996441712e+20
4.459593145e+20
7.349858759e+20
2.914135699e+20
4.321235523e+20
1.427254767e+20
5.642298504e+20
2.794466073e+20
5.52237418e+20
2.73426533e+20
4.051773244e+20
6.685360635e+20
7.924071356e+20
1.30715831e+20
1.290956161e+20
1.277486668e+20
5.046052507e+20
3.744424639e+20
2.464856232e+20
2.438393286e+20
3.611284698e+20
4.76290099e+20
5.87786374e+20
4.651124051e+20
8.03544007e+20
5.676997223e+20
6.725071399e+20
3.325853521e+20
2.188765384e+20
2.164932336e+20
4.274238943e+20
4.227871063e+20
4.173589832e+20
4.128560095e+20
4.075645376e+20
2.015990064e+20
3.980447558e+20
1.96908039e+20
4.860025913e+20
5.770672839e+20
5.697560697e+20
4.698552909e+20
9.278755575e+19
3.673328584e+20
5.441084873e+20
5.385824888e+20
4.432513561e+20
5.265709978e+20
3.467330662e+20
3.433058232e+20
3.391307999e+20
5.0373869e+20
2.488421812e+20
4.929030973e+20
3.247042145e+20
3.216290592e+20
6.357383468e+20
5.510765511e+20
5.447375905e+20
2.313085686e+20
5.336214226e+20
4.532315842e+20
3.735083832e+20
5.182159369e+20
5.125975682e+20
4.354679907e+20
3.590484918e+20
3.558921819e+20
4.226671515e+20
4.888139016e+20
1.761428338e+20
5.281369341e+20
3.516185256e+20
3.512473185e+20
3.504326743e+20
3.498782322e+20
1.743697527e+20
8.699948386e+20
5.198327371e+20
3.45625125e+20
5.158502105e+20
3.427828397e+20
5.111982915e+20
6.789958462e+20
6.745581785e+20
3.358004224e+20
6.667427294e+20
3.317229467e+20
8.227709518e+20
8.18250022e+20
3.245243611e+20
3.22567373e+20
4.794816767e+20
7.939035716e+20
1.572670698e+20
4.684779097e+20
3.091987261e+20
3.068748503e+20
6.073656901e+20
3.012651541e+20
1.490100259e+20
0
1.461212382e+20
5.793617639e+20
2.863805455e+20
7.094209219e+20
5.609255399e+20
8.334408329e+20
6.862889856e+20
4.077635681e+20
5.371266087e+20
9.305735902e+20
9.191979483e+20
5.198843828e+20
5.134590453e+20
6.351335007e+20
6.272141054e+20
4.964571088e+20
7.353359326e+20
1.212411543e+20
3.591307578e+20
3.552439404e+20
1.169115132e+20
5.7820049e+20
5.708280307e+20
3.387630823e+20
4.459068387e+20
4.410446374e+20
4.353929929e+20
4.30653966e+20
2.125659191e+20
6.307821852e+20
5.189148031e+20
6.159811638e+20
3.040494351e+20
4.010568174e+20
6.928920407e+20
5.875989198e+20
2.900636508e+20
3.82682893e+20
5.667598371e+20
9.347690714e+19
5.538045161e+20
3.654055604e+20
1.804196845e+20
5.357615624e+20
4.4093307e+20
5.238162964e+20
3.449209263e+20
5.122666064e+20
3.373587361e+20
4.175880212e+20
4.125690812e+20
6.537676382e+20
7.267622076e+20
4.79918686e+20
7.114584594e+20
3.132505315e+20
5.418779163e+20
6.902820148e+20
5.308130843e+20
5.259870258e+20
3.715367194e+20
2.945602481e+20
4.370417591e+20
5.053551012e+20
3.57138654e+20
3.539999079e+20
2.802723972e+20
2.778306477e+20
7.000025574e+20
3.498086931e+20
3.49340985e+20
3.489728723e+20
1.044501177e+21
3.476171123e+20
5.197361061e+20
1.728775653e+20
3.443279413e+20
1.717026866e+20
1.708494528e+20
1.702952863e+20
1.693138588e+20
1.686686096e+20
6.702835713e+20
3.336749703e+20
4.969068882e+20
0
4.905726295e+20
3.252544423e+20
4.837606061e+20
8.014139201e+20
4.765229009e+20
4.734080218e+20
4.689121217e+20
1.552048932e+20
6.146408173e+20
4.575216289e+20
1.509265833e+20
5.989077101e+20
4.443593252e+20
2.937613873e+20
1.452556785e+20
4.319530149e+20
4.270480673e+20
8.463165111e+20
1.394149265e+20
2.761995891e+20
6.823274676e+20
4.054147124e+20
2.670261914e+20
3.965391933e+20
6.528434338e+20
3.877043949e+20
2.552842705e+20
3.789385437e+20
6.237112155e+20
2.468444099e+20
8.531374513e+20
1.205701546e+20
7.143100527e+20
2.355279969e+20
3.488184222e+20
1.150090578e+20
2.270920208e+20
2.246176427e+20
3.326263577e+20
3.29001023e+20
3.247936655e+20
5.354330757e+20
3.171481748e+20
4.182799604e+20
5.16160431e+20
1.021188928e+20
3.024426312e+20
4.986728045e+20
4.923175492e+20
3.896710773e+20
6.732643948e+20
4.75844432e+20
1.879316509e+20
2.789637778e+20
5.509141854e+20
7.269967617e+20
2.692196543e+20
5.329700323e+20
5.263666894e+20
4.34241889e+20
5.146914445e+20
5.945362263e+20
3.356050952e+20
1.66166648e+20
6.566779834e+20
2.438875869e+20
4.016553995e+20
4.774200743e+20
3.145557063e+20
4.674260776e+20
4.62041237e+20
4.577842592e+20
4.526007005e+20
4.48485441e+20
5.913372195e+20
3.662668997e+20
3.622822543e+20
3.590661199e+20
4.262988315e+20
6.338297697e+20
4.878697242e+20
4.836210951e+20
5.216194875e+20
5.213332534e+20
5.206391388e+20
6.934553845e+20
5.188958265e+20
1.72692515e+20
3.442707848e+20
5.153115746e+20
8.553229229e+20
8.530348795e+20
6.79051342e+20
3.384261687e+20
0
3.352038448e+20
6.660627984e+20
4.973643826e+20
4.937961703e+20
1.637875918e+20
6.500281714e+20
9.697028574e+20
0
3.185884557e+20
7.893340282e+20
3.136732173e+20
1.087469137e+21
6.170483145e+20
3.054647742e+20
4.54764615e+20
7.501135088e+20
7.44160515e+20
7.362004928e+20
5.840409745e+20
1.444003129e+20
4.294148893e+20
4.245547741e+20
5.609240274e+20
4.158237608e+20
1.373021065e+20
4.070468532e+20
2.687285082e+20
3.982598604e+20
2.62858007e+20
1.298317935e+20
0
1.269275997e+20
3.768209223e+20
3.721483407e+20
3.68213424e+20
3.63615167e+20
3.597196236e+20
0
4.684818449e+20
3.469231272e+20
5.719243367e+20
3.387993108e+20
5.585160886e+20
3.308419396e+20
1.09079225e+20
3.230612662e+20
2.130317757e+20
4.2062069e+20
6.240933492e+20
1.026870289e+20
4.063200257e+20
4.011369614e+20
2.976314512e+20
5.876873978e+20
2.907233445e+20
5.740720004e+20
5.680337208e+20
3.73907285e+20
7.40032271e+20
3.653692451e+20
3.616110064e+20
3.570991939e+20
4.418395344e+20
4.36368495e+20
4.319937199e+20
3.413528838e+20
5.069659201e+20
5.00804387e+20
4.132676842e+20
0
7.278765243e+20
3.995757773e+20
5.541052357e+20
3.911559289e+20
5.425020637e+20
2.298204453e+20
4.554054897e+20
3.752029729e+20
2.974329671e+20
5.14717262e+20
5.10095163e+20
2.883065311e+20
4.286210943e+20
4.240551473e+20
6.304951654e+20
5.546175083e+20
4.810658468e+20
5.18280362e+20
6.906623042e+20
3.448732858e+20
1.722556085e+20
3.437225927e+20
5.147721447e+20
5.131186463e+20
6.827102894e+20
5.099374503e+20
1.69525161e+20
3.373799056e+20
6.725781999e+20
6.687347552e+20
4.996459264e+20
3.309474247e+20
4.942556631e+20
6.542988764e+20
3.255399571e+20
3.230049036e+20
3.212390688e+20
1.114913816e+21
6.332711636e+20
6.276180818e+20
7.794114993e+20
4.632388106e+20
9.199838963e+20
4.554471214e+20
4.520406295e+20
7.456479114e+20
1.479479106e+20
4.391124273e+20
4.354501495e+20
4.306648868e+20
2.846042781e+20
4.220904258e+20
2.788375621e+20
2.75620406e+20
4.095407421e+20
6.7454007e+20
8.015945156e+20
3.960062307e+20
5.227470217e+20
2.582063425e+20
3.833608508e+20
1.262210194e+20
1.249089457e+20
4.93457214e+20
2.441219188e+20
0
3.577505784e+20
3.532680698e+20
8.153874342e+20
2.300322113e+20
6.826044938e+20
3.369803343e+20
6.666246614e+20
4.387687531e+20
4.339908374e+20
7.498102492e+20
4.238048469e+20
4.184008279e+20
3.104009236e+20
4.085907887e+20
4.041871106e+20
4.987990656e+20
4.934594275e+20
2.92312984e+20
2.892093165e+20
2.855457535e+20
2.825425287e+20
4.649644014e+20
3.681006077e+20
3.634820652e+20
6.295504778e+20
5.328870482e+20
4.395611182e+20
6.077700506e+20
5.157224513e+20
5.942937042e+20
5.043565019e+20
3.321519447e+20
3.289126932e+20
3.249594413e+20
1.609176161e+20
3.975175792e+20
3.937500815e+20
4.669659085e+20
5.397028907e+20
3.048435701e+20
4.530513138e+20
2.239554296e+20
5.178106137e+20
5.120425469e+20
5.074445035e+20
3.585038796e+20
4.974507912e+20
3.51529131e+20
4.181303096e+20
5.517006251e+20
2.050874821e+20
1.02996743e+21
6.862701851e+20
5.140230251e+20
1.711614499e+20
6.830852818e+20
3.410057698e+20
5.098727084e+20
3.39196881e+20
8.445370165e+20
3.369139583e+20
3.352610919e+20
3.341788519e+20
6.645543127e+20
3.310170354e+20
1.644446846e+20
3.274570424e+20
1.625633771e+20
9.705895929e+20
4.815306145e+20
4.789024986e+20
3.166029219e+20
3.147065034e+20
9.357233729e+20
3.098790685e+20
1.53484442e+20
1.524104005e+20
3.018199302e+20
4.493490824e+20
5.92988135e+20
1.470741618e+20
4.365351713e+20
2.885998641e+20
7.135972587e+20
2.829513879e+20
5.595393617e+20
5.544636398e+20
4.110648457e+20
4.072021806e+20
5.365701209e+20
3.985277499e+20
1.312593209e+20
3.898585319e+20
7.702960886e+20
3.812253718e+20
2.510445248e+20
1.242186327e+20
3.680600606e+20
6.069576747e+20
3.596507415e+20
4.744039632e+20
4.684748618e+20
6.95125553e+20
4.575915481e+20
5.657829709e+20
4.469077137e+20
4.420455799e+20
4.364399068e+20
6.475341668e+20
6.393026494e+20
2.107849823e+20
3.121532054e+20
3.087724411e+20
3.048420035e+20
4.020764714e+20
4.962042113e+20
2.945360424e+20
2.907981344e+20
5.754219525e+20
3.787612016e+20
3.747778993e+20
1.850278487e+20
5.493072159e+20
5.424214201e+20
4.473680645e+20
3.534357587e+20
3.498448636e+20
6.910359319e+20
5.130798019e+20
1.689289524e+20
2.508869041e+20
4.956778216e+20
5.726501585e+20
3.232956215e+20
5.603269828e+20
5.536726662e+20
2.350389706e+20
3.871412937e+20
4.602278191e+20
4.549142483e+20
5.258415775e+20
5.198692305e+20
4.415497211e+20
3.638539189e+20
4.32703928e+20
5.706305496e+20
4.241748718e+20
5.595171921e+20
6.239301215e+20
6.174160455e+20
2.720202904e+20
1.705762471e+20
5.114501809e+20
6.810368356e+20
5.102433107e+20
6.787803323e+20
1.69428761e+20
1.688891931e+20
8.426643443e+20
5.035472608e+20
1.674021743e+20
3.331687252e+20
6.641898453e+20
6.604258117e+20
9.868878249e+20
6.537135048e+20
3.254355792e+20
4.846933921e+20
4.823166635e+20
4.785902275e+20
9.519648858e+20
1.573413099e+20
3.128007882e+20
3.100294402e+20
4.62024311e+20
9.154022796e+20
6.060045276e+20
3.000299329e+20
7.444823294e+20
2.947497392e+20
0
1.446626639e+20
4.303791427e+20
4.256808316e+20
5.626351714e+20
5.563287611e+20
6.891111645e+20
2.724840023e+20
1.349633916e+20
6.669284216e+20
5.283783991e+20
5.220995077e+20
2.58454259e+20
5.106807549e+20
2.52742368e+20
2.496623988e+20
4.941436313e+20
6.100823679e+20
3.621882394e+20
2.384671803e+20
7.077529144e+20
6.989296133e+20
3.456941077e+20
2.275725576e+20
1.125522968e+20
4.445338055e+20
3.297749104e+20
4.341356516e+20
2.147061654e+20
1.059910688e+20
3.14518897e+20
4.140306626e+20
5.119349277e+20
4.04343412e+20
1.999938805e+20
5.923634583e+20
5.860247151e+20
3.857318727e+20
6.67865523e+20
2.826112059e+20
5.592786261e+20
3.681595074e+20
4.554105512e+20
2.698241943e+20
3.560646761e+20
4.395401054e+20
5.220888723e+20
5.156353455e+20
4.253867476e+20
8.403427913e+19
5.824203354e+20
2.465768488e+20
4.069522342e+20
2.412365645e+20
3.981940773e+20
5.508498024e+20
3.897337426e+20
4.621976658e+20
3.052516102e+20
4.525871949e+20
5.978869773e+20
5.910896174e+20
3.66071034e+20
5.791721756e+20
5.022249777e+20
5.676856057e+20
7.033102894e+20
3.478863321e+20
4.137990687e+20
4.777132015e+20
4.059082149e+20
6.780195406e+20
0
3.383819682e+20
6.760572387e+20
3.372646522e+20
5.051042572e+20
0
6.699224135e+20
8.340197503e+20
3.327209933e+20
8.277557838e+20
1.650184115e+20
3.281741451e+20
4.904002877e+20
1.624245527e+20
6.468778416e+20
0
6.391664796e+20
7.92809221e+20
7.884963015e+20
3.127854718e+20
4.663770214e+20
4.622603661e+20
4.592634147e+20
4.549816584e+20
1.204821186e+21
8.947831263e+20
2.960406752e+20
4.395387229e+20
2.907145279e+20
5.752938206e+20
8.557753469e+20
7.053863587e+20
5.594050857e+20
5.531547947e+20
6.851879644e+20
2.709424169e+20
8.052085494e+20
3.979119927e+20
5.254199692e+20
3.893958185e+20
3.855284264e+20
3.80896682e+20
8.797250009e+20
2.48295408e+20
3.685819399e+20
4.85414172e+20
6.003723757e+20
3.557718303e+20
1.17323564e+20
6.951874399e+20
5.730757087e+20
1.131811755e+20
4.478176775e+20
1.105462459e+20
0
4.318556e+20
4.271591141e+20
4.217501544e+20
5.214627176e+20
5.148495458e+20
5.092770093e+20
3.016894999e+20
6.963611188e+20
5.89313595e+20
4.858405937e+20
3.837534056e+20
2.847603939e+20
5.623328704e+20
3.709466193e+20
6.409946386e+20
7.249424034e+20
6.26387494e+20
8.856337882e+19
3.498467257e+20
3.462917679e+20
3.42013689e+20
5.078749272e+20
1.67216884e+20
4.966869685e+20
1.635517168e+20
4.048897607e+20
4.000232214e+20
7.923505507e+19
3.914682693e+20
4.653073715e+20
3.065665839e+20
5.314760463e+20
4.502838279e+20
5.948434563e+20
3.67546286e+20
4.370438686e+20
4.321565406e+20
3.568966246e+20
4.23578177e+20
4.198199464e+20
6.229675778e+20
6.175003861e+20
4.752398036e+20
4.711092819e+20
8.422344865e+20
6.734227221e+20
5.044082401e+20
5.038824445e+20
5.027483935e+20
3.346412163e+20
5.003767077e+20
0
4.973152442e+20
1.653317028e+20
3.290613768e+20
3.280040757e+20
3.261604047e+20
3.249293198e+20
6.457319417e+20
4.8219992e+20
3.192060385e+20
4.764687243e+20
4.728158838e+20
1.56749291e+20
0
4.635866549e+20
4.595097016e+20
4.565353187e+20
1.507647675e+20
5.988590347e+20
8.895386605e+20
1.471544596e+20
5.826438795e+20
7.225687984e+20
4.289817809e+20
2.836165897e+20
9.818919061e+20
2.78105938e+20
4.125126294e+20
4.087855092e+20
5.388363529e+20
4.00344041e+20
5.275893113e+20
3.918708628e+20
5.163214918e+20
3.833992448e+20
2.525373356e+20
2.499728897e+20
3.704149579e+20
4.887709097e+20
4.827911083e+20
3.58279814e+20
8.256816928e+20
7.001706873e+20
8.067326463e+20
5.700273502e+20
1.125824739e+20
1.002265742e+21
5.49826066e+20
7.613941682e+20
3.221995295e+20
5.311617752e+20
3.146692797e+20
4.150045395e+20
5.121885572e+20
5.066465476e+20
3.001375735e+20
5.938121601e+20
2.93147488e+20
5.800235947e+20
4.772439132e+20
5.666153629e+20
3.729818151e+20
4.613252558e+20
5.466372496e+20
4.507910022e+20
6.23217612e+20
2.643455149e+20
7.831786618e+20
6.029487587e+20
3.402880716e+20
6.737491869e+20
4.159344947e+20
4.941820303e+20
5.695454254e+20
1.611392349e+20
3.980060529e+20
3.941768403e+20
3.115940322e+20
4.629582138e+20
6.100344227e+20
5.287892183e+20
5.97338383e+20
3.698942277e+20
5.850891104e+20
2.898835018e+20
5.732754379e+20
3.550798098e+20
4.916502298e+20
4.872884868e+20
4.131819091e+20
3.412971992e+20
6.078752822e+20
6.025939792e+20
6.696081388e+20
3.346232332e+20
8.354712454e+20
8.346018591e+20
6.661850111e+20
4.988582504e+20
6.630526557e+20
1.654150063e+20
6.59008969e+20
1.643155551e+20
4.905681704e+20
6.519924302e+20
6.483424542e+20
4.844243064e+20
1.604534513e+20
3.195182141e+20
4.759201456e+20
0
6.266408674e+20
4.674320946e+20
1.545294915e+20
1.536098266e+20
4.56791579e+20
1.51279814e+20
0
2.976745541e+20
2.947851046e+20
4.388959587e+20
1.448188825e+20
2.873599772e+20
1.137391302e+21
4.229902833e+20
4.184173585e+20
2.765274573e+20
6.836428562e+20
4.064844403e+20
0
5.308120582e+20
6.558276806e+20
2.598006977e+20
7.702202677e+20
5.083912693e+20
2.511587669e+20
3.729161803e+20
6.140146217e+20
3.645960933e+20
3.601471807e+20
2.375713759e+20
4.693009282e+20
4.642934473e+20
4.585480242e+20
2.268045001e+20
4.479602921e+20
2.215550396e+20
9.845123073e+20
4.328098104e+20
4.27366598e+20
3.170421619e+20
3.130429305e+20
4.128612734e+20
3.057329602e+20
2.016172478e+20
3.981353758e+20
5.907747556e+20
5.833071239e+20
3.847125934e+20
4.748209249e+20
6.576960037e+20
2.783207612e+20
5.50789319e+20
5.438786496e+20
4.485161948e+20
7.086624587e+20
2.630144348e+20
3.46329851e+20
3.428101186e+20
4.232247248e+20
3.351830616e+20
8.276958527e+19
4.097518596e+20
3.238221647e+20
2.404961407e+20
5.544127764e+20
2.353190794e+20
5.425513155e+20
6.141768759e+20
3.03483421e+20
2.25484037e+20
5.200378407e+20
3.680302719e+20
5.821343122e+20
3.605242069e+20
4.990753849e+20
2.82625119e+20
4.192727809e+20
3.462946122e+20
2.740492217e+20
4.753791923e+20
3.359778982e+20
5.328959644e+20
3.327401091e+20
3.325608449e+20
9.963914984e+20
8.294636982e+20
4.965673546e+20
4.957928186e+20
3.294934248e+20
3.288023949e+20
6.549807994e+20
4.899354655e+20
1.625270335e+20
4.860191805e+20
4.833092482e+20
4.814906021e+20
1.594857327e+20
1.111576518e+21
3.153772567e+20
4.707608953e+20
6.229056234e+20
1.548832788e+20
7.680720977e+20
7.635081785e+20
3.027369494e+20
4.511752169e+20
5.960182877e+20
8.87820128e+20
1.025770695e+21
1.454527429e+20
2.879729511e+20
4.285673496e+20
5.654529997e+20
4.205833889e+20
2.773673153e+20
1.374833969e+20
6.798081706e+20
1.347363773e+20
3.99630859e+20
3.958988624e+20
3.913254596e+20
6.459252116e+20
8.936724395e+20
3.792106646e+20
2.497951673e+20
1.236317239e+20
1.221414007e+20
3.626353233e+20
4.77629118e+20
4.726064545e+20
5.835130781e+20
6.927491965e+20
3.420987763e+20
2.256107599e+20
4.456154952e+20
3.305949015e+20
4.352851225e+20
4.305608564e+20
4.251569124e+20
4.205391424e+20
6.228666126e+20
4.107400312e+20
4.055586042e+20
9.026393583e+20
5.94162265e+20
2.938841331e+20
4.83624642e+20
2.87072068e+20
9.448448313e+19
3.73928365e+20
9.230647203e+19
9.133608876e+19
7.215303364e+20
5.355170768e+20
4.406950945e+20
3.489289232e+20
6.030461437e+20
1.705477081e+20
4.211106927e+20
2.501313241e+20
6.588515014e+20
4.077059965e+20
2.416545701e+20
3.988258953e+20
3.1522571e+20
3.902398507e+20
5.398404381e+20
5.347187382e+20
5.284387131e+20
2.243555333e+20
5.913497099e+20
2.92948006e+20
3.620057553e+20
5.7393989e+20
4.965603678e+20
2.812008904e+20
5.562036509e+20
3.44543902e+20
4.77151684e+20
4.72967036e+20
4.011179433e+20
3.313629934e+20
6.614028805e+20
8.263093081e+20
6.601953856e+20
1.648776831e+20
9.870669631e+20
4.927648302e+20
1.637426506e+20
1.633997399e+20
8.137519683e+20
3.246405537e+20
1.615433957e+20
8.051333702e+20
6.405295678e+20
1.595307391e+20
4.755888508e+20
3.156914221e+20
3.134971043e+20
1.55985986e+20
3.096073226e+20
3.079336691e+20
4.581303639e+20
6.07216483e+20
4.514506762e+20
2.990280597e+20
2.962795952e+20
1.471128138e+20
5.827785021e+20
1.446165589e+20
7.158179158e+20
4.261229394e+20
1.405617793e+20
5.576049745e+20
2.758074688e+20
6.83559119e+20
4.056097584e+20
8.039183083e+20
2.649466463e+20
5.249507815e+20
3.891781382e+20
2.569551408e+20
3.809177586e+20
5.028673437e+20
6.211157359e+20
4.918612676e+20
4.85947864e+20
2.404636869e+20
3.563169725e+20
4.700970908e+20
6.965194346e+20
5.742476154e+20
6.806110672e+20
7.855033195e+20
5.54118897e+20
2.192502135e+20
5.412909657e+20
4.283351534e+20
4.229699595e+20
2.091889241e+20
7.229603508e+20
4.08640475e+20
4.034944884e+20
3.991325709e+20
1.970507584e+20
3.898614815e+20
4.81184881e+20
4.760407329e+20
3.76038413e+20
7.440990296e+20
2.755321119e+20
6.361501111e+20
4.487034521e+20
3.552278139e+20
4.384982747e+20
3.471894512e+20
5.143244702e+20
4.242472275e+20
2.51410605e+20
5.807382926e+20
4.916843645e+20
4.868165539e+20
4.809091089e+20
3.174758152e+20
4.704897484e+20
4.659608412e+20
5.371565161e+20
6.840764058e+20
5.258078977e+20
2.232382693e+20
3.677501117e+20
5.829730476e+20
5.042741847e+20
5.710700388e+20
3.529075513e+20
5.595818881e+20
4.150540274e+20
4.799351261e+20
4.069215605e+20
4.033536305e+20
3.325693853e+20
5.934297854e+20
1.643438004e+20
4.9276711e+20
6.561792366e+20
4.916249184e+20
4.905364554e+20
4.897736034e+20
4.882522598e+20
6.496416376e+20
6.470704081e+20
4.840220985e+20
3.21143185e+20
6.402349316e+20
3.183466569e+20
4.75728518e+20
3.151697934e+20
1.569060979e+20
4.674588548e+20
1.550627335e+20
4.616753628e+20
3.061223434e+20
7.590820381e+20
6.036683783e+20
7.480446464e+20
4.459395186e+20
4.418550091e+20
1.46265481e+20
1.448602479e+20
1.437899341e+20
2.847000862e+20
7.061770922e+20
6.988467272e+20
1.386169498e+20
9.599277402e+20
4.07846588e+20
4.033598547e+20
2.664893907e+20
3.952334082e+20
6.525855215e+20
3.870542543e+20
5.111112206e+20
5.051408198e+20
5.001501529e+20
2.471119108e+20
6.115302778e+20
3.625185206e+20
3.587763794e+20
1.181440859e+20
1.169035585e+20
8.083389929e+20
7.997306152e+20
4.513746571e+20
5.581514619e+20
2.2049939e+20
4.362313801e+20
4.308036118e+20
5.326654285e+20
5.260067378e+20
2.081193279e+20
3.082632112e+20
4.06562274e+20
5.018140964e+20
4.963909319e+20
1.960575429e+20
3.878974424e+20
4.787696123e+20
7.578435686e+20
4.676973649e+20
3.701894513e+20
3.655448513e+20
2.712769387e+20
4.464728444e+20
3.534619756e+20
4.363232482e+20
6.045676636e+20
5.117777194e+20
2.532877218e+20
3.33556288e+20
1.651044384e+20
2.446271809e+20
4.036749534e+20
5.582882621e+20
7.107898094e+20
4.681641518e+20
3.863807277e+20
6.108561706e+20
4.537940875e+20
6.72689761e+20
4.442641557e+20
5.854799249e+20
3.625494394e+20
3.58403945e+20
3.551429655e+20
3.511468709e+20
4.175925993e+20
4.818057163e+20
5.457520877e+20
4.048767232e+20
4.013275063e+20
3.308909326e+20
3.280203795e+20
4.900472097e+20
6.530468896e+20
3.261058275e+20
4.886531544e+20
3.25050406e+20
4.868184727e+20
8.088540037e+20
4.842989607e+20
0
4.811186233e+20
1.596114116e+20
4.773070768e+20
6.329027385e+20
1.576329618e+20
4.699541083e+20
9.358656309e+20
6.196065188e+20
1.541503459e+20
1.529905938e+20
6.086644044e+20
1.509330937e+20
3.000807487e+20
1.48744408e+20
2.955779834e+20
2.928800331e+20
4.362835591e+20
1.440353726e+20
4.289181167e+20
4.246370905e+20
2.808778855e+20
8.339147783e+20
2.756828636e+20
6.818495591e+20
2.703887403e+20
2.674231824e+20
3.975335163e+20
3.930707757e+20
3.894131495e+20
3.849534262e+20
2.541712425e+20
3.768156782e+20
7.461932525e+20
2.457917843e+20
2.433076512e+20
2.403978247e+20
4.758367237e+20
2.350449175e+20
2.32578733e+20
5.743689692e+20
2.273024451e+20
3.367748629e+20
3.331556449e+20
3.290445828e+20
3.254892713e+20
7.500452471e+20
4.239520732e+20
3.13997147e+20
5.176515345e+20
4.089363234e+20
2.02252552e+20
3.994286543e+20
5.9266989e+20
2.926114343e+20
2.894648197e+20
5.716541628e+20
4.712875765e+20
8.376661931e+20
3.683478941e+20
6.365305106e+20
3.599087909e+20
6.219700266e+20
2.637852048e+20
5.210036305e+20
2.578215173e+20
2.546280327e+20
5.880922404e+20
4.148934419e+20
3.285834617e+20
4.057068835e+20
4.820270117e+20
3.174532346e+20
3.929409817e+20
4.658614327e+20
6.920633661e+20
3.799056754e+20
4.515594647e+20
4.462492087e+20
5.894314538e+20
3.641178216e+20
5.050620297e+20
2.853038273e+20
6.36092532e+20
6.289266089e+20
5.540260944e+20
4.109193268e+20
4.751549519e+20
4.6999439e+20
4.658752414e+20
3.292293368e+20
3.263742345e+20
3.247326173e+20
0
1.620729412e+20
8.095285032e+20
3.231001941e+20
4.838987887e+20
3.216051571e+20
4.814017761e+20
3.196744045e+20
6.376663656e+20
1.586626458e+20
1.58157346e+20
3.145785153e+20
4.701027148e+20
7.78644187e+20
4.651801094e+20
4.619831826e+20
6.129945299e+20
1.520998934e+20
1.51281438e+20
4.501799974e+20
5.966951263e+20
1.478898206e+20
0
1.019232692e+21
8.675985857e+20
5.728793534e+20
9.951529975e+20
4.222511681e+20
2.793027998e+20
6.910549176e+20
8.224472581e+20
2.712314493e+20
5.37792824e+20
5.319121421e+20
1.317856809e+20
5.212422418e+20
2.581988074e+20
5.105003738e+20
7.584053772e+20
1.249325306e+20
4.948029217e+20
2.444856878e+20
3.630255454e+20
4.782602953e+20
4.733315996e+20
2.338146778e+20
5.784079726e+20
7.999380044e+20
3.391842018e+20
4.467158117e+20
2.209588681e+20
4.364767449e+20
2.158815064e+20
2.132067201e+20
3.163455003e+20
5.206775525e+20
5.150315417e+20
4.068760039e+20
6.037029712e+20
7.94852621e+20
6.879841651e+20
3.882016985e+20
4.800351732e+20
5.688133097e+20
3.751571327e+20
4.630658958e+20
3.665245683e+20
2.714523653e+20
6.267322267e+20
2.652465043e+20
3.499824484e+20
7.776671223e+20
3.420735608e+20
4.222992828e+20
6.688095549e+20
7.431509183e+20
2.452304775e+20
4.844657086e+20
3.197782726e+20
1.579499778e+20
3.128141988e+20
3.863177126e+20
6.121554942e+20
3.780446574e+20
2.995644946e+20
4.440602639e+20
5.865393617e+20
5.072598321e+20
5.025794914e+20
3.548731016e+20
3.516438378e+20
3.476776944e+20
4.134670227e+20
3.407355962e+20
4.728003959e+20
4.676561033e+20
5.960035741e+20
3.931012145e+20
3.89693435e+20
3.227906038e+20
1.61309419e+20
1.611046778e+20
3.21877414e+20
3.21173244e+20
3.206759449e+20
6.393835093e+20
4.785390486e+20
3.177783534e+20
7.923582257e+20
3.154501853e+20
3.144469858e+20
7.81819248e+20
6.231192221e+20
3.096342149e+20
3.083064004e+20
3.061954478e+20
3.047148139e+20
4.536585125e+20
4.51221006e+20
4.475908427e+20
2.966342834e+20
2.94089994e+20
4.383099157e+20
2.895576004e+20
4.31343158e+20
7.120674362e+20
4.240974105e+20
8.397838152e+20
4.166179214e+20
0
5.452645612e+20
4.046095007e+20
4.011306993e+20
5.290099386e+20
3.932042712e+20
2.592104952e+20
2.568040811e+20
3.808194516e+20
3.771705302e+20
4.970680089e+20
3.691289659e+20
2.431933986e+20
7.222200878e+20
3.568136551e+20
3.53139536e+20
4.651944985e+20
5.75400712e+20
1.136860935e+20
4.499106764e+20
4.444222684e+20
3.297385737e+20
6.513754905e+20
4.295629818e+20
3.181888038e+20
3.147433403e+20
2.072213e+20
5.124379366e+20
5.060454264e+20
5.005657413e+20
3.954439421e+20
4.889676148e+20
4.828426897e+20
6.687140082e+20
5.660005524e+20
3.733027201e+20
1.843137559e+20
4.558990057e+20
4.501986098e+20
3.563740544e+20
3.519297058e+20
6.094694353e+20
4.299257323e+20
4.25502005e+20
2.521432895e+20
4.991593943e+20
4.93019525e+20
2.440351268e+20
2.410531815e+20
3.977756625e+20
3.143618028e+20
3.8911325e+20
4.613232896e+20
3.045864509e+20
6.019228536e+20
5.962074653e+20
4.418926888e+20
3.647971948e+20
5.047792153e+20
2.85783565e+20
4.943870965e+20
2.799360033e+20
4.843561593e+20
4.800070951e+20
2.712441281e+20
5.376789259e+20
2.659091246e+20
4.612643604e+20
5.86720279e+20
5.170096294e+20
4.8130752e+20
4.810520179e+20
4.804437452e+20
3.199663913e+20
4.789037132e+20
6.375509864e+20
4.767014778e+20
1.585700557e+20
4.738569921e+20
4.726135058e+20
3.135971092e+20
7.815030155e+20
6.217970683e+20
1.548694714e+20
6.156639641e+20
1.532569091e+20
1.522114353e+20
7.573824371e+20
3.006984962e+20
2.990852334e+20
4.450313e+20
1.474702843e+20
5.848390826e+20
4.358244015e+20
4.318867379e+20
1.429715598e+20
5.664646602e+20
2.81151644e+20
1.391862882e+20
2.762050366e+20
4.100609653e+20
2.711321671e+20
5.365284098e+20
2.659606346e+20
0
6.517913619e+20
1.289075288e+20
1.277121708e+20
7.575711644e+20
5.00213382e+20
4.944341077e+20
6.119610228e+20
4.838293979e+20
3.592146505e+20
4.732689674e+20
3.512997441e+20
3.470886494e+20
3.434547363e+20
7.917098411e+20
4.475997369e+20
3.31614117e+20
6.561123798e+20
6.480697609e+20
4.273852574e+20
2.110559217e+20
2.087715514e+20
5.154552685e+20
4.078962579e+20
8.056340518e+20
4.980707946e+20
4.918515646e+20
4.8654227e+20
6.726398913e+20
1.901176327e+20
2.816077381e+20
2.785999126e+20
1.834101021e+20
8.165959622e+20
2.687989981e+20
5.319488932e+20
5.253214401e+20
2.599280695e+20
5.989685999e+20
3.387459118e+20
2.509190148e+20
4.967353958e+20
3.270856819e+20
4.047522878e+20
2.398849431e+20
6.333557807e+20
3.910481953e+20
3.097817709e+20
4.590872132e+20
3.788870204e+20
5.990028632e+20
2.224928608e+20
2.931641146e+20
5.082345554e+20
5.740831336e+20
4.26588786e+20
5.622578373e+20
3.482129892e+20
3.442763952e+20
5.458962206e+20
3.37391218e+20
3.344004306e+20
2.645992241e+20
4.589929776e+20
7.135550173e+20
3.215334619e+20
4.78463155e+20
6.376130223e+20
6.368097966e+20
0
3.173874845e+20
4.753461517e+20
6.318648993e+20
6.305527133e+20
6.281058706e+20
7.830748303e+20
0
4.66165454e+20
1.545453212e+20
0
4.590759115e+20
3.047419608e+20
1.513353491e+20
7.530284808e+20
2.989779023e+20
1.486881098e+20
4.425008643e+20
4.398991279e+20
4.361519371e+20
4.333669174e+20
4.294645524e+20
7.108556542e+20
2.81655442e+20
5.591784825e+20
4.152516045e+20
2.746817809e+20
5.437501004e+20
4.044727073e+20
4.002071944e+20
1.322583274e+20
6.541243944e+20
5.186244047e+20
2.564345639e+20
7.62178047e+20
3.767733223e+20
4.975611505e+20
3.688709795e+20
4.869930734e+20
1.203246879e+20
4.76452067e+20
4.708121693e+20
5.824650381e+20
3.453000506e+20
2.27791615e+20
4.500908062e+20
3.33984312e+20
5.498813965e+20
6.52781773e+20
7.522636507e+20
2.126147511e+20
2.099967136e+20
6.231744354e+20
6.154598571e+20
1.014656621e+20
3.006133165e+20
2.973603573e+20
6.851914085e+20
6.777972131e+20
2.868569392e+20
3.783667862e+20
1.868192248e+20
5.544725324e+20
4.56288165e+20
4.514516399e+20
1.783277812e+20
4.411350917e+20
5.227732841e+20
6.897794741e+20
5.960695128e+20
5.05659372e+20
6.658841905e+20
5.76723964e+20
4.068838335e+20
2.416790473e+20
4.77455947e+20
2.363626013e+20
4.669950005e+20
4.624312469e+20
4.568727093e+20
5.278823093e+20
5.21597183e+20
4.428368017e+20
5.834938771e+20
4.33523174e+20
4.998900613e+20
3.537686988e+20
4.895875298e+20
3.465225481e+20
3.4260058e+20
2.037146349e+20
4.028922334e+20
3.327676348e+20
5.266043314e+20
3.914947328e+20
5.809437804e+20
5.119225989e+20
7.927536848e+20
7.923348412e+20
4.748042438e+20
3.162116228e+20
4.732918146e+20
7.876034379e+20
6.281715161e+20
1.567171898e+20
3.122227911e+20
0
4.649332691e+20
4.634608502e+20
4.609554829e+20
6.123214114e+20
9.128691951e+20
6.059809414e+20
0
4.492345785e+20
7.431922173e+20
2.95686626e+20
2.933326946e+20
5.832210161e+20
2.891349263e+20
4.309369919e+20
2.84712923e+20
5.655184577e+20
5.601920306e+20
5.560882151e+20
5.506262697e+20
2.731752344e+20
4.055887071e+20
6.704523144e+20
2.653611807e+20
2.630882698e+20
3.903677152e+20
5.158458156e+20
2.550687754e+20
3.790633018e+20
6.246372153e+20
6.1867112e+20
3.669368755e+20
6.055553625e+20
4.787944401e+20
1.184943116e+20
2.341903733e+20
2.317847181e+20
5.72549652e+20
7.931891423e+20
5.597494458e+20
6.645725305e+20
6.56521203e+20
4.329898731e+20
4.277052997e+20
5.288692315e+20
5.223702096e+20
6.200655486e+20
7.144713813e+20
6.057738235e+20
4.985477905e+20
2.958928665e+20
5.844206166e+20
2.890578309e+20
5.709070147e+20
2.823874355e+20
2.788633741e+20
7.356957437e+20
1.816291191e+20
4.492603376e+20
4.436616676e+20
6.14600424e+20
3.468331528e+20
6.006436512e+20
5.084557324e+20
5.032235714e+20
5.798468407e+20
4.099644563e+20
5.669013285e+20
3.206906481e+20
4.75164221e+20
3.136370497e+20
3.872949045e+20
4.602113571e+20
6.062392893e+20
6.003969968e+20
4.449352926e+20
2.203542686e+20
5.081009466e+20
5.033431692e+20
4.264121395e+20
5.633013506e+20
4.176193061e+20
5.51757505e+20
4.773174005e+20
4.054556813e+20
4.009342235e+20
3.311507066e+20
3.930266424e+20
5.194476192e+20
5.138648677e+20
3.820623298e+20
4.728741022e+20
7.877080781e+20
3.146892341e+20
9.431012763e+20
3.136899328e+20
1.566034655e+20
7.806513241e+20
3.116138006e+20
7.760346341e+20
4.644038684e+20
3.08166247e+20
4.607874487e+20
3.055372119e+20
3.044024121e+20
6.050980048e+20
4.518884981e+20
1.496130876e+20
5.955752308e+20
5.911902353e+20
5.880322466e+20
7.29208917e+20
5.799470366e+20
8.625604054e+20
2.856894427e+20
4.247007845e+20
1.405968625e+20
4.178306423e+20
4.147739372e+20
5.476169894e+20
2.716851238e+20
8.06777923e+20
1.333646338e+20
5.278662062e+20
7.850256855e+20
9.059943529e+20
6.413710514e+20
2.537174584e+20
2.513726681e+20
4.970830235e+20
4.923401781e+20
6.083715798e+20
4.819220469e+20
2.381580274e+20
4.715280027e+20
4.659743082e+20
6.917872363e+20
2.27851727e+20
7.891492086e+20
2.227657584e+20
6.612107951e+20
4.354788676e+20
3.231104912e+20
3.191754358e+20
2.104912913e+20
5.197746871e+20
5.141562725e+20
2.0312614e+20
4.018556612e+20
3.96878166e+20
2.944397888e+20
5.815625423e+20
8.629352628e+20
3.787516548e+20
3.746843819e+20
9.250371782e+19
9.151621084e+19
5.422546062e+20
7.153443285e+20
5.29829603e+20
1.747544305e+20
4.314586842e+20
2.561821086e+20
3.373455562e+20
5.008111253e+20
4.946329993e+20
4.080021902e+20
1.611975564e+20
3.191573696e+20
2.36447195e+20
4.682076362e+20
5.396232075e+20
3.053417857e+20
3.77089318e+20
5.228366647e+20
4.428078268e+20
3.655005262e+20
4.334299458e+20
3.5780901e+20
2.829112622e+20
3.50374352e+20
3.463430405e+20
3.431904312e+20
2.714379372e+20
3.36250934e+20
4.654943451e+20
5.931889485e+20
3.911187412e+20
1.938476116e+20
3.195999538e+20
3.802010243e+20
9.402565137e+20
4.698810218e+20
3.128637337e+20
4.688159336e+20
7.796831927e+20
4.670905901e+20
3.104563923e+20
1.549071246e+20
6.172515129e+20
1.539101129e+20
3.063975203e+20
4.581447124e+20
4.556864405e+20
1.513320996e+20
3.008280759e+20
2.995472037e+20
5.950662948e+20
4.441571246e+20
2.939322697e+20
5.847287796e+20
2.900528782e+20
2.883548049e+20
4.288849211e+20
2.841053221e+20
5.631444174e+20
2.796454607e+20
1.385141992e+20
9.62515801e+20
2.723202115e+20
6.755279533e+20
5.349505976e+20
6.632331012e+20
5.250406281e+20
2.602772849e+20
3.862210149e+20
2.551885051e+20
3.785705762e+20
2.500505243e+20
2.472418728e+20
3.673279243e+20
3.631288826e+20
2.397129659e+20
4.738631952e+20
8.209318976e+20
0
5.735472713e+20
5.667386225e+20
7.851502193e+20
7.757510878e+20
7.675300491e+20
4.332989777e+20
3.214948972e+20
4.234504653e+20
4.188907763e+20
4.13763864e+20
3.069699566e+20
5.053187905e+20
5.998225378e+20
4.936715882e+20
4.883348551e+20
3.858215242e+20
5.724921728e+20
3.76916589e+20
5.593048928e+20
3.682293113e+20
4.55373771e+20
5.396471743e+20
4.449409377e+20
5.272897905e+20
2.608752698e+20
3.435166744e+20
5.099146672e+20
5.875382252e+20
2.492108496e+20
4.922770789e+20
4.872703428e+20
4.812920147e+20
3.176386832e+20
4.706461414e+20
4.659810779e+20
4.603355726e+20
6.077798782e+20
5.254148133e+20
4.460141496e+20
5.141507108e+20
4.365127941e+20
5.032587769e+20
7.834279161e+20
2.815607821e+20
3.487014882e+20
4.136232019e+20
3.415482886e+20
4.727374582e+20
4.015653144e+20
5.294329977e+20
5.247416588e+20
4.541008196e+20
3.858229909e+20
4.452693767e+20
5.044770221e+20
7.790235268e+20
4.671688714e+20
1.555296452e+20
6.214836871e+20
3.100775416e+20
1.548006977e+20
7.716824566e+20
1.540176815e+20
6.13716283e+20
3.060582769e+20
6.092979621e+20
0
4.530968342e+20
4.514185869e+20
1.495633081e+20
2.978547521e+20
5.917183404e+20
8.833223931e+20
4.384320383e+20
2.90731111e+20
2.884403214e+20
5.735081266e+20
2.843440659e+20
4.238080084e+20
2.800276933e+20
4.171712289e+20
2.755196503e+20
6.837737609e+20
4.062720299e+20
6.718828635e+20
0
3.958088898e+20
7.833677078e+20
5.177883969e+20
2.561203511e+20
5.076858618e+20
2.510573286e+20
3.731133239e+20
6.148893874e+20
7.308414549e+20
3.61254372e+20
3.577166554e+20
9.428709379e+20
8.167331836e+20
3.459261445e+20
6.847620675e+20
4.511016946e+20
3.347963808e+20
2.205318349e+20
6.545883344e+20
7.544964052e+20
3.198953791e+20
2.106773182e+20
3.126147413e+20
5.146602596e+20
6.109222587e+20
5.028466584e+20
9.948175516e+19
5.895228995e+20
4.859600533e+20
6.719176855e+20
1.899070852e+20
7.501984388e+20
5.566094457e+20
3.664609015e+20
6.34462753e+20
5.370646981e+20
6.199371293e+20
3.498494744e+20
5.192617597e+20
7.692347398e+20
3.383256185e+20
8.353549625e+19
5.787307928e+20
2.449717473e+20
2.424800862e+20
2.395065735e+20
3.951679768e+20
4.684191692e+20
3.091837307e+20
5.345173984e+20
2.268388753e+20
3.735202431e+20
3.69918973e+20
2.924089015e+20
5.792596528e+20
5.008721372e+20
4.252972394e+20
3.502789172e+20
5.552712361e+20
3.43044743e+20
4.079061435e+20
4.032688188e+20
3.330399946e+20
5.927591119e+20
4.56949987e+20
4.51917637e+20
4.479635466e+20
1.899084752e+20
2.510215301e+20
6.196415119e+20
4.644878504e+20
6.18551084e+20
6.17920788e+20
3.083023671e+20
3.078295787e+20
4.603649182e+20
6.125535762e+20
1.525553294e+20
3.043163839e+20
3.029202856e+20
1.509830498e+20
4.505364943e+20
4.488699816e+20
4.461664426e+20
5.923626357e+20
5.884078476e+20
1.463977211e+20
4.359931121e+20
4.336739688e+20
7.171139888e+20
4.27756494e+20
4.241732998e+20
1.404946028e+20
4.177500448e+20
4.148992856e+20
5.480544938e+20
8.160919828e+20
4.040874906e+20
5.346215198e+20
3.969305988e+20
3.9370062e+20
7.792188894e+20
3.862886001e+20
3.821614856e+20
3.787672086e+20
6.24370181e+20
4.948950537e+20
2.446829483e+20
3.63533233e+20
7.187982298e+20
4.745104778e+20
2.345162458e+20
3.482473715e+20
2.294505529e+20
2.271009063e+20
2.244177459e+20
6.662336651e+20
3.291473863e+20
6.513266024e+20
3.217530154e+20
4.244155976e+20
3.144595887e+20
2.073844568e+20
2.048562418e+20
3.039670621e+20
3.002391582e+20
5.939870487e+20
2.933339091e+20
3.868865898e+20
4.776280174e+20
1.88992344e+20
3.732992913e+20
3.692932362e+20
2.73532047e+20
3.608179835e+20
1.781689403e+20
2.644222826e+20
6.093296082e+20
4.306638419e+20
5.103945311e+20
6.734468902e+20
2.494221813e+20
3.291404012e+20
7.31447895e+20
5.631171044e+20
4.767557578e+20
3.146442609e+20
3.108087817e+20
5.385227085e+20
3.800003971e+20
4.515409131e+20
4.46113106e+20
3.68176068e+20
5.093034024e+20
3.603301569e+20
6.409388922e+20
4.938375187e+20
4.183472028e+20
4.144838756e+20
4.097028485e+20
2.706485614e+20
4.682445712e+20
4.64040377e+20
3.932888688e+20
4.547719849e+20
4.497553462e+20
3.821322549e+20
5.039895195e+20
4.99632472e+20
4.62078777e+20
3.078916172e+20
3.075121346e+20
9.215977612e+20
3.065474025e+20
0
1.525834668e+20
6.090763574e+20
6.067659327e+20
3.025942061e+20
3.01211098e+20
3.002635391e+20
1.493349759e+20
5.951333231e+20
4.436711867e+20
1.472632911e+20
7.314177391e+20
1.455841866e+20
5.781082273e+20
2.875186938e+20
2.852684065e+20
1.418026559e+20
9.843308944e+20
5.589132824e+20
5.539778879e+20
2.75101303e+20
2.725509242e+20
0
2.679508789e+20
5.317675484e+20
2.632156819e+20
5.221529208e+20
3.875568924e+20
7.685149774e+20
2.534423705e+20
2.511939085e+20
3.726786013e+20
2.461662456e+20
6.08558118e+20
6.027752285e+20
7.151256324e+20
4.72090356e+20
6.9998083e+20
4.619790277e+20
3.424431375e+20
4.519187646e+20
3.349439585e+20
0
4.366845414e+20
3.240486074e+20
4.26888314e+20
3.167436205e+20
3.129184555e+20
5.159228156e+20
6.115746003e+20
3.024875392e+20
2.987845539e+20
4.925930639e+20
3.892268387e+20
4.81279075e+20
3.802696175e+20
7.523454916e+20
4.643956933e+20
6.431783729e+20
2.722309151e+20
3.591022953e+20
2.659865966e+20
4.386153565e+20
6.06450111e+20
2.571773782e+20
6.773183959e+20
3.351363747e+20
4.137483579e+20
4.094902443e+20
3.235613833e+20
4.003374415e+20
5.536061361e+20
1.56584061e+20
3.093519044e+20
4.594266763e+20
4.538634035e+20
4.494241104e+20
4.44021715e+20
7.328990194e+20
5.06913862e+20
2.869112437e+20
7.088087566e+20
3.510835291e+20
4.163784118e+20
2.750219105e+20
4.757321432e+20
7.407725974e+20
5.326057159e+20
5.278236786e+20
3.914228728e+20
5.172738819e+20
5.115584557e+20
5.070843197e+20
6.896720956e+20
2.486224612e+20
7.657608729e+20
4.59217077e+20
1.52884361e+20
4.581871161e+20
4.572184567e+20
3.043460964e+20
4.551654119e+20
7.570479916e+20
1.055861555e+21
3.008914109e+20
2.995210899e+20
7.464501747e+20
2.970011012e+20
2.959054266e+20
4.412036858e+20
5.85780467e+20
2.9094838e+20
4.343389316e+20
4.311957681e+20
4.289084407e+20
4.255627e+20
5.641134522e+20
2.797093833e+20
5.558814076e+20
2.754941673e+20
1.368096127e+20
2.710904236e+20
2.691204367e+20
0
3.967079144e+20
3.927386993e+20
2.597004988e+20
3.855258534e+20
3.822476249e+20
6.303106789e+20
7.496700688e+20
6.179252589e+20
7.346944947e+20
6.054411257e+20
3.598161423e+20
4.743269155e+20
5.871184941e+20
2.321496426e+20
4.5965191e+20
5.678796737e+20
5.620731917e+20
5.554633938e+20
5.496796466e+20
4.345274249e+20
4.299331286e+20
4.24793373e+20
3.151909165e+20
7.265821604e+20
7.187729119e+20
4.057396721e+20
3.010223493e+20
5.946879523e+20
4.902200074e+20
3.873598821e+20
3.831777926e+20
3.784543195e+20
4.679726155e+20
3.697507645e+20
5.486767643e+20
1.806280687e+20
5.36104269e+20
2.647317358e+20
5.238559312e+20
5.17369458e+20
4.266132245e+20
4.213380292e+20
5.00346292e+20
3.294491101e+20
5.70602351e+20
5.635858961e+20
4.781592492e+20
3.935868437e+20
3.11705769e+20
3.079086212e+20
5.334964358e+20
3.011641787e+20
3.727725516e+20
4.419498414e+20
5.835825107e+20
4.324685479e+20
3.569637515e+20
4.232966851e+20
2.795531828e+20
6.907134413e+20
3.421667809e+20
2.705707415e+20
5.362142685e+20
5.300986066e+20
3.283369443e+20
3.246454166e+20
3.217697712e+20
3.182087513e+20
5.046819469e+20
5.61591931e+20
4.330200722e+20
6.091518195e+20
4.566262948e+20
7.60112416e+20
4.556047913e+20
1.515483688e+20
7.565843849e+20
0
7.527987786e+20
8.99956868e+20
5.984153456e+20
7.446248507e+20
8.907461179e+20
4.43026195e+20
1.177050549e+21
1.462544931e+20
1.456359835e+20
4.340212167e+20
2.87967889e+20
7.147274487e+20
1.421882458e+20
7.054137363e+20
1.402624801e+20
4.172968237e+20
4.146616865e+20
5.480308745e+20
5.443060622e+20
6.741137305e+20
4.015328263e+20
1.325575304e+20
3.94612539e+20
6.511262957e+20
3.875084472e+20
6.391933188e+20
6.337644615e+20
2.50819812e+20
3.728994056e+20
8.606534109e+20
3.654646227e+20
3.614135405e+20
4.773146095e+20
1.17981981e+20
7.009851356e+20
2.30984163e+20
8.003592092e+20
5.650492829e+20
4.47420838e+20
4.421714717e+20
1.093925989e+20
5.404893937e+20
4.278223783e+20
3.170391699e+20
3.136533613e+20
4.131747557e+20
6.131040047e+20
6.056730286e+20
4.992854753e+20
5.918344463e+20
1.951478822e+20
5.78266125e+20
2.860124489e+20
6.591484736e+20
6.520508428e+20
3.680016802e+20
4.550687885e+20
3.595539155e+20
4.446492578e+20
3.513182128e+20
5.213967421e+20
4.291228555e+20
5.944628979e+20
3.354964863e+20
3.320066965e+20
4.098924687e+20
4.868086068e+20
4.808262819e+20
2.37967233e+20
3.134063123e+20
6.20514019e+20
3.064787428e+20
3.034390402e+20
5.995317233e+20
3.710412439e+20
5.865296179e+20
3.630445218e+20
4.304583625e+20
6.395472491e+20
2.106633131e+20
2.782517732e+20
2.062479518e+20
5.449139116e+20
2.693064703e+20
5.337084705e+20
3.297593687e+20
3.921583681e+20
5.816152526e+20
5.124123392e+20
3.800493155e+20
4.395144512e+20
4.347249888e+20
3.078360187e+20
0
6.054194421e+20
7.558513423e+20
6.040685481e+20
4.521005612e+20
6.01881144e+20
6.001093916e+20
2.994387999e+20
2.983153251e+20
2.975426737e+20
5.923946704e+20
2.952691351e+20
5.874374618e+20
7.315949692e+20
2.90900078e+20
8.69014454e+20
2.877640967e+20
5.727877742e+20
4.265028478e+20
2.828310057e+20
7.015980369e+20
4.185146121e+20
5.534052593e+20
1.374788197e+20
2.725524967e+20
2.707024664e+20
6.705397057e+20
5.325436429e+20
1.318597713e+20
5.233855767e+20
2.590896093e+20
5.139832652e+20
3.815269765e+20
6.304838665e+20
3.742931718e+20
4.946448868e+20
2.44644812e+20
2.424007975e+20
3.59581176e+20
3.56174296e+20
4.695530772e+20
5.81219846e+20
3.447454907e+20
4.550673072e+20
4.497975731e+20
4.452052841e+20
3.299954174e+20
2.177092254e+20
5.378456255e+20
5.321653151e+20
5.258307206e+20
3.121307341e+20
5.139739629e+20
4.067638449e+20
4.018431662e+20
1.987560957e+20
4.908401613e+20
3.884334661e+20
2.877593913e+20
2.846545704e+20
5.623128392e+20
4.635495898e+20
3.66269066e+20
5.435127443e+20
5.3680149e+20
3.540517508e+20
4.370953381e+20
4.324671117e+20
1.708493223e+20
3.381104748e+20
5.843900645e+20
3.304636755e+20
2.4479481e+20
4.03792189e+20
3.190665012e+20
5.526853383e+20
4.679350277e+20
4.632324824e+20
3.81327604e+20
3.020360688e+20
3.729755869e+20
3.693259436e+20
5.838180855e+20
3.61365647e+20
2.856445187e+20
2.121957993e+20
3.494790168e+20
3.462030304e+20
2.052908376e+20
4.067885047e+20
3.350674489e+20
2.656129917e+20
3.938659028e+20
4.553845563e+20
2.572864229e+20
5.100156756e+20
3.78265042e+20
4.999448496e+20
5.562974017e+20
4.289400924e+20
0
6.020419345e+20
6.013102209e+20
7.508774859e+20
4.495843398e+20
1.496331154e+20
2.983884681e+20
5.955534925e+20
2.966635246e+20
7.39740256e+20
4.418444517e+20
4.40461578e+20
2.921046031e+20
1.455155897e+20
1.446543861e+20
1.440442474e+20
0
4.272554975e+20
4.241944869e+20
2.813022273e+20
4.18694037e+20
5.550216066e+20
1.376116821e+20
4.102349872e+20
4.066576414e+20
1.346336413e+20
4.002020272e+20
1.324350045e+20
3.935079586e+20
6.508124994e+20
3.866142728e+20
2.556582811e+20
6.325974772e+20
6.272370598e+20
4.965019458e+20
3.690875079e+20
2.434014182e+20
3.617566759e+20
3.577672979e+20
4.725078389e+20
1.16800503e+20
3.46988848e+20
1.143439807e+21
7.924159793e+20
2.237889234e+20
2.215057822e+20
5.472970637e+20
6.499313526e+20
4.281820759e+20
7.414092861e+20
6.279451952e+20
1.035409395e+20
7.161048461e+20
3.036079699e+20
2.999421331e+20
9.890357498e+19
2.931044028e+20
3.865888553e+20
4.773311849e+20
4.721825405e+20
3.731109459e+20
7.381908521e+20
3.645526901e+20
2.704835078e+20
8.014435812e+20
4.404995735e+20
6.090868079e+20
3.443646575e+20
5.951992251e+20
6.730850863e+20
4.154903758e+20
3.289349307e+20
7.309940132e+20
3.21542331e+20
4.763937472e+20
5.501375087e+20
5.434107111e+20
2.3054964e+20
6.832315352e+20
3.758075139e+20
2.970078239e+20
6.617275737e+20
5.811315085e+20
5.035831198e+20
3.554112812e+20
4.928426357e+20
2.782940094e+20
4.135274541e+20
5.449135083e+20
3.37424253e+20
5.336260891e+20
4.62670673e+20
3.920376943e+20
5.82776772e+20
1.920663293e+20
3.172758294e+20
4.39247018e+20
4.354083064e+20
4.306457539e+20
6.098982841e+20
1.497528419e+20
1.496754757e+20
4.484825565e+20
1.493431865e+20
4.470959721e+20
2.976104174e+20
1.483703218e+20
8.883991241e+20
4.425448738e+20
4.414014822e+20
1.464732688e+20
7.300770613e+20
2.905081192e+20
2.894419199e+20
7.193369534e+20
4.297840685e+20
1.423243798e+20
4.249454177e+20
7.031849643e+20
4.196848304e+20
0
2.760278848e+20
4.106397465e+20
1.36018964e+20
4.045094754e+20
2.678472364e+20
5.308033249e+20
2.634828792e+20
3.914581825e+20
3.884571522e+20
3.846150246e+20
5.086773878e+20
3.776102048e+20
3.744141132e+20
3.704792773e+20
0
8.47597098e+20
3.599307753e+20
7.119432559e+20
5.876757205e+20
5.810929669e+20
5.754385439e+20
5.688922397e+20
6.758598834e+20
6.680698819e+20
4.408393573e+20
4.357024427e+20
4.311774411e+20
4.261079425e+20
2.108063373e+20
2.083076337e+20
3.091294027e+20
4.07245277e+20
7.050331344e+20
9.950519709e+19
1.968672225e+20
5.834359013e+20
4.809521015e+20
5.701016762e+20
5.639542593e+20
5.570447917e+20
4.592093895e+20
6.349915696e+20
1.794816744e+20
4.431776972e+20
5.261443699e+20
5.196570041e+20
3.427705228e+20
2.539077555e+20
4.187363581e+20
3.308616498e+20
6.548405297e+20
4.850898383e+20
5.601130835e+20
3.951733212e+20
2.346913122e+20
5.409202618e+20
5.354832405e+20
5.289684649e+20
5.237202071e+20
4.434716244e+20
5.123194797e+20
3.615434651e+20
3.580540536e+20
5.660511847e+20
6.307491319e+20
4.847791206e+20
4.116288669e+20
5.424080366e+20
6.045704831e+20
2.655835663e+20
3.947472396e+20
3.902263793e+20
3.222690148e+20
5.735285093e+20
2.526444916e+20
4.996617184e+20
3.714718898e+20
5.511017706e+20
4.85641462e+20
2.978529139e+20
5.953987263e+20
4.460100141e+20
1.485200507e+20
2.964233321e+20
1.479864131e+20
1.475554595e+20
4.417610747e+20
5.868283996e+20
7.316425829e+20
2.913477513e+20
5.808763213e+20
4.333934872e+20
2.878699234e+20
5.723556491e+20
2.849738581e+20
7.077906247e+20
2.817734558e+20
6.994198727e+20
4.174405815e+20
4.142367965e+20
1.372803652e+20
1.361558903e+20
1.353006012e+20
8.047677709e+20
3.996631343e+20
5.280331656e+20
2.621102025e+20
3.894296502e+20
2.576318729e+20
6.377272448e+20
7.590979768e+20
1.252272741e+20
3.725056465e+20
7.372026576e+20
3.653527546e+20
4.819043318e+20
5.968720232e+20
1.180646311e+20
4.677969157e+20
2.312849064e+20
8.016271321e+20
4.528739269e+20
4.483593522e+20
6.648052155e+20
2.193441741e+20
2.167939795e+20
6.436316504e+20
6.360807099e+20
5.24478299e+20
6.219295601e+20
4.10200371e+20
3.039798177e+20
4.009599291e+20
2.971025546e+20
6.857766488e+20
2.903445532e+20
2.872137734e+20
4.728593213e+20
4.677620146e+20
1.848158703e+20
8.227253253e+20
3.611677491e+20
3.572976245e+20
4.411280953e+20
2.618559761e+20
2.586309426e+20
5.117866188e+20
5.054819044e+20
3.334499052e+20
3.293450315e+20
4.888792267e+20
4.828708233e+20
2.389503205e+20
1.573473964e+20
3.893654837e+20
5.384525359e+20
3.807427321e+20
6.017792195e+20
6.702838434e+20
2.207250561e+20
3.642738978e+20
3.598949098e+20
7.128418278e+20
4.930345974e+20
4.883433127e+20
4.825641518e+20
5.463301782e+20
3.374534372e+20
4.680689097e+20
4.626393921e+20
4.58425782e+20
3.236931041e+20
3.207869151e+20
5.074512622e+20
5.029583399e+20
4.351799061e+20
5.546290815e+20
4.266423622e+20
5.438086351e+20
5.924365701e+20
2.960658993e+20
7.392743086e+20
4.43117817e+20
4.42200968e+20
2.94353158e+20
4.402484968e+20
5.857989519e+20
5.836321683e+20
4.365959197e+20
2.897663212e+20
7.221569363e+20
4.310504076e+20
7.157872752e+20
4.269564401e+20
4.251624888e+20
7.040003835e+20
5.605325292e+20
4.174169313e+20
1.107253885e+21
4.120435752e+20
2.7310909e+20
5.417579369e+20
5.383591453e+20
2.668536784e+20
3.975774131e+20
9.192605977e+20
6.518793859e+20
5.16562711e+20
1.281530489e+20
2.537852826e+20
8.810898896e+20
4.983640472e+20
3.706165369e+20
2.444948819e+20
0
2.397459316e+20
4.751116225e+20
8.223455951e+20
4.654765054e+20
2.301439944e+20
5.697711204e+20
4.506560014e+20
2.230835493e+20
5.513102508e+20
8.731164564e+20
5.393673745e+20
5.337728125e+20
5.275242254e+20
1.043930147e+20
4.126431722e+20
5.10308735e+20
4.033859441e+20
2.992964416e+20
1.971352215e+20
4.875347826e+20
2.889840269e+20
4.764483296e+20
5.647855967e+20
2.793495872e+20
2.759372679e+20
3.639597676e+20
4.493734275e+20
5.33470932e+20
4.39097364e+20
5.213019215e+20
6.00703534e+20
6.792522491e+20
4.193080394e+20
3.319248035e+20
3.278422536e+20
4.055404992e+20
3.204480117e+20
3.964369637e+20
6.265281152e+20
5.426330403e+20
3.828623026e+20
5.306186067e+20
5.241670597e+20
2.224136715e+20
3.662057883e+20
4.35144549e+20
5.732181125e+20
4.257631255e+20
2.804542528e+20
4.16677987e+20
4.803693315e+20
4.758641036e+20
6.046487812e+20
2.662491148e+20
5.26316584e+20
5.215227572e+20
2.577690014e+20
3.193183852e+20
6.31401256e+20
5.632302352e+20
5.569385964e+20
3.680493915e+20
3.640015283e+20
4.210065197e+20
1.4730075e+20
4.416753948e+20
7.352430434e+20
1.028304926e+21
5.863912555e+20
1.4637556e+20
1.45952295e+20
0
2.902352828e+20
5.789762199e+20
7.205049161e+20
4.309565798e+20
2.858216845e+20
5.695532124e+20
1.415569593e+20
8.457775447e+20
2.80100208e+20
5.575502228e+20
2.768037462e+20
6.883722131e+20
2.732489708e+20
4.075090785e+20
4.04191733e+20
1.338864011e+20
5.309320334e+20
3.955133484e+20
2.612893463e+20
3.891109718e+20
5.139133463e+20
5.099877952e+20
5.049859282e+20
5.00920838e+20
1.239611823e+20
3.687464914e+20
4.865359656e+20
6.028213785e+20
2.385517143e+20
5.909366911e+20
7.01382331e+20
4.631790013e+20
1.145071415e+20
5.669790668e+20
5.605746178e+20
6.659942682e+20
3.291853386e+20
4.344486945e+20
3.220649775e+20
5.312107502e+20
4.200043815e+20
6.233709836e+20
2.053426965e+20
5.078901511e+20
4.014835786e+20
3.971817996e+20
4.905270617e+20
2.911504234e+20
2.876361918e+20
3.793823417e+20
5.621645629e+20
3.707387919e+20
5.493252327e+20
2.717096206e+20
7.156901788e+20
3.54012127e+20
5.245022929e+20
4.324283086e+20
1.708457592e+20
4.225943256e+20
5.843581893e+20
7.434305751e+20
4.895296913e+20
4.844382345e+20
3.987442882e+20
7.103517043e+20
3.898078412e+20
3.858406016e+20
3.811314437e+20
3.772994891e+20
4.472561965e+20
5.166199791e+20
2.916412515e+20
2.887855675e+20
1.426569975e+20
2.825591396e+20
2.791860247e+20
3.456609987e+20
4.098809023e+20
3.383635714e+20
2.675139902e+20
2.65041339e+20
3.929432848e+20
5.191520853e+20
4.490400675e+20
4.450085354e+20
5.028120511e+20
3.73770723e+20
4.927856232e+20
4.884822446e+20
2.415501246e+20
2.993348363e+20
4.395034026e+20
1.024982576e+21
7.312555048e+20
1.461042004e+20
2.916079923e+20
4.367496392e+20
2.903274114e+20
1.448678821e+20
4.33007274e+20
2.879292448e+20
1.433272059e+20
1.428813615e+20
4.264394404e+20
4.248821159e+20
5.632128742e+20
8.412784913e+20
1.393080784e+20
4.159496123e+20
5.506901507e+20
4.108495732e+20
4.077260761e+20
6.756284442e+20
2.68058107e+20
2.663806592e+20
1.320463562e+20
7.869412093e+20
3.899201225e+20
3.871150012e+20
3.834682645e+20
2.536950651e+20
2.512137403e+20
2.491938112e+20
2.466753773e+20
1.222984076e+20
7.261600068e+20
5.998170397e+20
3.560540028e+20
5.88013072e+20
3.489656534e+20
4.60904066e+20
3.418434128e+20
3.385285462e+20
3.347135183e+20
4.418462828e+20
8.735998564e+20
6.485391752e+20
0
3.172038994e+20
7.31514933e+20
6.204122345e+20
4.087461032e+20
4.043955077e+20
5.993986078e+20
1.976596549e+20
5.858851698e+20
1.931951723e+20
2.86300871e+20
3.776224994e+20
9.326129065e+19
4.612842684e+20
4.556661446e+20
7.212293278e+20
4.452582254e+20
2.642939499e+20
2.610548884e+20
4.304564971e+20
5.102071922e+20
5.048083381e+20
5.817093569e+20
4.933741092e+20
3.248774681e+20
5.626225013e+20
3.969449489e+20
6.285742843e+20
5.432722116e+20
4.609223826e+20
1.517664657e+20
6.7608201e+20
4.452446009e+20
3.673541615e+20
4.354946616e+20
5.749731227e+20
4.260458772e+20
2.81287741e+20
3.474115186e+20
6.193880764e+20
3.400278903e+20
6.063085651e+20
2.663061943e+20
3.957667071e+20
3.911653672e+20
5.81403227e+20
1.915727286e+20
5.69558333e+20
5.630896239e+20
6.201170625e+20
5.51852387e+20
6.078156381e+20
2.4044281e+20
1.787780477e+20
2.914203057e+20
8.738139574e+20
7.273109852e+20
0
2.900374581e+20
1.447993981e+20
7.219179612e+20
2.881794001e+20
7.178112745e+20
5.72774157e+20
7.128084706e+20
7.105937905e+20
1.413902509e+20
1.408745305e+20
4.201723861e+20
1.394711749e+20
2.771477486e+20
4.137598587e+20
5.478033949e+20
4.086985799e+20
5.408014396e+20
5.376896626e+20
5.333391877e+20
2.650029168e+20
6.568338587e+20
3.914488532e+20
7.75853632e+20
3.85139403e+20
7.630429772e+20
7.572281907e+20
2.499474133e+20
2.479399498e+20
2.454408713e+20
4.867499327e+20
3.612761366e+20
3.581054991e+20
4.723972384e+20
7.021418872e+20
4.630093844e+20
1.146628421e+20
3.401817145e+20
4.491810035e+20
1.110326708e+20
4.397171067e+20
2.173531675e+20
4.302902038e+20
3.189985124e+20
4.209277679e+20
6.240473452e+20
4.116542929e+20
3.051187818e+20
3.018726685e+20
3.977321738e+20
3.93474206e+20
4.859694928e+20
4.807461608e+20
5.699557822e+20
2.819091814e+20
5.569948056e+20
8.264964707e+20
3.628644243e+20
3.589650648e+20
6.205202636e+20
2.630898765e+20
6.063621532e+20
4.285025864e+20
5.078981968e+20
3.35016228e+20
6.61810777e+20
6.548641393e+20
6.468301871e+20
4.000643335e+20
3.951617756e+20
3.128752169e+20
5.408355019e+20
5.353305548e+20
4.532595056e+20
5.234851521e+20
2.216255096e+20
3.657089223e+20
6.503175894e+20
4.292987838e+20
5.655173381e+20
4.900485322e+20
4.841964223e+20
4.795867024e+20
5.416034847e+20
6.035873495e+20
3.976638831e+20
3.939875471e+20
7.139063544e+20
3.215467604e+20
6.356919964e+20
4.409893263e+20
1.868463362e+20
4.938468731e+20
3.662293074e+20
4.235376596e+20
4.786912026e+20
2.966044986e+20
5.797106676e+20
1.448537246e+20
2.893635168e+20
2.890736561e+20
1.442418752e+20
5.760959116e+20
2.872236373e+20
4.299595006e+20
2.855939962e+20
1.42430672e+20
2.836086322e+20
7.0682126e+20
2.812840511e+20
4.203889512e+20
5.572782545e+20
5.549483116e+20
9.649315807e+20
6.859884001e+20
8.174201197e+20
0
5.379974914e+20
4.011792752e+20
5.305907827e+20
6.590983817e+20
5.227765862e+20
7.78895544e+20
1.286512619e+20
3.83183867e+20
2.530629196e+20
2.51136694e+20
4.973875778e+20
6.167466079e+20
3.6632799e+20
3.63247896e+20
2.396600702e+20
5.938973137e+20
4.700787892e+20
3.49351062e+20
6.911301465e+20
2.282102921e+20
2.256907287e+20
8.940235366e+20
6.629960527e+20
4.376083524e+20
2.163163578e+20
3.211805022e+20
5.291451226e+20
2.094680161e+20
3.105549044e+20
4.097188026e+20
4.049219547e+20
3.004620147e+20
5.938239578e+20
2.937346842e+20
1.934889281e+20
5.742301259e+20
4.727784696e+20
6.547648536e+20
4.620378502e+20
5.484774394e+20
2.709083527e+20
6.253283557e+20
2.647306263e+20
4.364945406e+20
2.586948167e+20
5.971928673e+20
5.898783409e+20
3.335072804e+20
4.117736329e+20
4.889420961e+20
4.024572815e+20
3.982716629e+20
7.867891033e+20
3.114759209e+20
5.38420553e+20
5.329398749e+20
4.512378115e+20
5.211497659e+20
5.148210787e+20
3.640783541e+20
5.754837806e+20
5.698465908e+20
4.926216645e+20
4.181684434e+20
6.197607877e+20
3.410331419e+20
3.369900961e+20
4.005936342e+20
3.958845419e+20
4.575950305e+20
3.876573657e+20
3.201047783e+20
5.062673276e+20
3.135763033e+20
4.960101298e+20
6.145254443e+20
4.253341835e+20
4.216218624e+20
7.147750826e+20
4.133610924e+20
5.766141607e+20
7.204007074e+20
5.756385983e+20
2.875313708e+20
1.434733001e+20
1.432568185e+20
4.285447558e+20
4.276744502e+20
4.261195692e+20
7.083794504e+20
4.231648287e+20
5.624708596e+20
5.596067103e+20
2.787852121e+20
6.929469988e+20
5.520426726e+20
5.485137642e+20
4.09448798e+20
5.421197368e+20
4.04463462e+20
5.352224691e+20
2.66075209e+20
5.278705586e+20
2.62289749e+20
2.600567485e+20
3.874670457e+20
5.120009653e+20
2.541653927e+20
2.517910937e+20
2.498767612e+20
2.47452677e+20
3.682045557e+20
7.290256825e+20
3.614512919e+20
4.769621949e+20
3.545886317e+20
1.052511718e+21
4.635305993e+20
3.43889516e+20
4.54211395e+20
3.369063163e+20
5.560792303e+20
2.199422249e+20
4.355197275e+20
2.152893925e+20
1.065526418e+20
5.266498164e+20
5.212038209e+20
2.060665994e+20
6.117021412e+20
3.022774417e+20
2.990644834e+20
3.940502251e+20
9.745879776e+19
5.777950014e+20
4.763244774e+20
6.588593104e+20
3.724395886e+20
8.278788987e+20
4.549834842e+20
4.494660584e+20
1.77855366e+20
4.392248282e+20
4.345239094e+20
1.716871407e+20
6.794360015e+20
5.872327315e+20
3.320118648e+20
2.459592896e+20
5.678817851e+20
2.403971157e+20
3.171959891e+20
4.699716767e+20
3.876113569e+20
5.360270749e+20
4.547746737e+20
2.994893815e+20
2.96477214e+20
2.928779585e+20
5.799396187e+20
5.729303441e+20
2.836587271e+20
5.604974175e+20
5.550825601e+20
4.11338661e+20
6.790358764e+20
4.696880484e+20
6.646861622e+20
5.254947374e+20
3.253973237e+20
3.859268546e+20
5.098810747e+20
5.670017129e+20
4.994766495e+20
4.320605927e+20
3.058836401e+20
4.839065819e+20
5.996047409e+20
3.557714302e+20
3.527082232e+20
4.301629184e+20
4.299443309e+20
2.862914757e+20
1.430027276e+20
7.135643603e+20
2.849955769e+20
2.841855236e+20
0
2.825814029e+20
1.409290656e+20
2.806268965e+20
5.595160849e+20
4.175072497e+20
2.773265489e+20
5.514673978e+20
5.491673023e+20
8.185018411e+20
4.073267815e+20
1.348304767e+20
2.68252432e+20
3.993569456e+20
0
2.625890421e+20
0
6.46846753e+20
2.570042436e+20
7.64134658e+20
8.851074659e+20
3.757979814e+20
3.729441108e+20
1.231119456e+20
3.663794216e+20
4.836207892e+20
2.397815814e+20
7.119410025e+20
2.352373168e+20
5.818868731e+20
4.61281816e+20
5.703835484e+20
4.520234888e+20
3.352921565e+20
2.213677761e+20
4.377916361e+20
2.167254726e+20
4.285442646e+20
3.181497165e+20
5.241779341e+20
2.075042887e+20
5.127641069e+20
3.044264357e+20
5.014608736e+20
3.969065235e+20
3.922346969e+20
4.85051011e+20
9.58579502e+19
6.638015965e+20
3.74775079e+20
4.634292797e+20
3.662773508e+20
5.4350556e+20
7.158987008e+20
4.426319914e+20
3.497998942e+20
3.460567934e+20
5.98213082e+20
1.690983415e+20
4.175791052e+20
3.305297999e+20
4.08107063e+20
6.461186669e+20
4.786588628e+20
5.526277271e+20
6.238513649e+20
3.858931813e+20
3.811819874e+20
8.300631519e+20
5.217893912e+20
2.951662587e+20
6.560639538e+20
5.052046342e+20
2.138998e+20
5.648106686e+20
5.580207296e+20
1.381572695e+20
6.825328238e+20
6.084290503e+20
2.672048803e+20
3.970455432e+20
4.577687399e+20
3.239539733e+20
5.122822999e+20
5.076148301e+20
4.390364199e+20
4.972512228e+20
3.686826303e+20
4.263236351e+20
6.623878142e+20
4.178417963e+20
4.722264926e+20
5.266820209e+20
8.557790061e+20
7.127875043e+20
7.119494671e+20
2.844956499e+20
5.678418491e+20
5.669870373e+20
5.653808836e+20
2.821176315e+20
5.621976301e+20
5.607602936e+20
5.583188344e+20
6.957402401e+20
1.384441214e+20
5.517661406e+20
5.486071771e+20
2.73160865e+20
4.071385516e+20
6.753777448e+20
8.048292113e+20
2.668768108e+20
2.64878715e+20
6.584051746e+20
5.225129372e+20
5.192631489e+20
5.148678942e+20
3.835654283e+20
3.801533053e+20
3.774346214e+20
1.246427057e+20
2.473944447e+20
6.125181217e+20
4.860963895e+20
7.218719568e+20
3.579108769e+20
4.723152233e+20
2.340934461e+20
8.107015054e+20
4.59054747e+20
3.405866794e+20
4.498565596e+20
6.673867804e+20
2.203139892e+20
1.089296605e+20
7.549530168e+20
5.331611003e+20
2.111037818e+20
3.130374885e+20
5.163404196e+20
9.186912317e+20
3.030150111e+20
1.996590213e+20
8.8892419e+20
4.880447768e+20
7.725257392e+20
2.862622744e+20
5.663800678e+20
5.596120416e+20
2.767969786e+20
3.64623594e+20
5.410532699e+20
4.454255608e+20
3.525148756e+20
5.223511062e+20
3.445084399e+20
2.552336496e+20
2.525166975e+20
5.820120732e+20
4.935913617e+20
3.250385246e+20
4.824413904e+20
3.971186485e+20
4.715865203e+20
4.658237564e+20
4.610282052e+20
5.313033954e+20
5.25894257e+20
5.93706013e+20
5.142669802e+20
4.354520761e+20
7.185454793e+20
5.67890851e+20
5.623259387e+20
5.555658332e+20
4.126478921e+20
6.795279065e+20
4.711385942e+20
3.325338322e+20
3.294124693e+20
3.906407925e+20
6.450467415e+20
5.100156967e+20
4.421975614e+20
2.497651083e+20
4.331648466e+20
4.28216059e+20
4.244271976e+20
4.795859773e+20
5.348276584e+20
5.288739952e+20
5.243230298e+20
0
7.090409279e+20
1.416419892e+20
4.245025519e+20
5.648637784e+20
2.820072105e+20
7.030275217e+20
2.806418271e+20
4.194475545e+20
8.367527454e+20
2.777072058e+20
4.152740246e+20
2.754533468e+20
5.489090808e+20
2.728882363e+20
4.076291214e+20
1.350159589e+20
5.37530743e+20
5.338119982e+20
3.982728393e+20
5.270665496e+20
2.620261442e+20
3.899060276e+20
6.458064744e+20
6.403557151e+20
5.088585835e+20
7.565167264e+20
6.25927256e+20
4.96102358e+20
9.846867591e+20
3.657038557e+20
7.255658043e+20
4.788983233e+20
1.068499654e+21
7.050382934e+20
3.49440969e+20
3.457711366e+20
3.426368094e+20
2.259726258e+20
4.477103072e+20
3.321097983e+20
3.289052814e+20
7.58914077e+20
9.660865222e+20
4.245323633e+20
6.303511908e+20
3.115818805e+20
5.139425965e+20
5.080259215e+20
2.010777425e+20
3.974843825e+20
2.949488199e+20
2.914900281e+20
4.806264358e+20
2.849626076e+20
4.698423841e+20
6.49931922e+20
5.510955355e+20
3.629847037e+20
1.795410033e+20
5.321189182e+20
5.264075787e+20
2.600116524e+20
6.002042903e+20
4.235006954e+20
5.027918418e+20
5.794363998e+20
3.276050136e+20
4.045052135e+20
5.603648544e+20
3.16296352e+20
4.695105709e+20
4.637771325e+20
1.530008504e+20
3.778375992e+20
3.739906671e+20
5.1721626e+20
5.120129415e+20
2.890300228e+20
6.438580854e+20
6.360797299e+20
3.499143593e+20
6.914155522e+20
4.10839958e+20
5.412394657e+20
4.690728685e+20
3.310744863e+20
3.2796646e+20
2.592824067e+20
5.137685566e+20
4.442979296e+20
5.031422444e+20
1.864965686e+20
6.160741706e+20
3.654165732e+20
3.621836206e+20
4.774544791e+20
1.77483818e+20
5.850160335e+20
4.639867343e+20
7.056900141e+20
7.053335313e+20
1.409019006e+20
5.630467217e+20
5.61916782e+20
4.208046088e+20
5.594939598e+20
1.395906913e+20
2.781798258e+20
5.549403923e+20
6.906750632e+20
0
4.110498689e+20
1.365203641e+20
4.072311225e+20
4.055386096e+20
2.686523758e+20
2.673937886e+20
9.294233335e+20
2.641674645e+20
5.244028675e+20
5.214074065e+20
6.465787217e+20
2.570267379e+20
5.097270439e+20
5.063221368e+20
6.273036979e+20
3.736966873e+20
7.404873238e+20
4.89921925e+20
3.639145212e+20
3.610109917e+20
7.148572618e+20
3.544391459e+20
4.677579275e+20
3.477581348e+20
4.588197241e+20
3.409983792e+20
0
5.569805461e+20
3.305411657e+20
4.3647246e+20
5.395387451e+20
3.205206491e+20
7.394702876e+20
3.137092898e+20
3.10139747e+20
4.092535528e+20
3.03413709e+20
1.000770214e+20
6.924181002e+20
4.8933665e+20
6.770524617e+20
5.741331373e+20
6.619076073e+20
5.612648576e+20
4.62149747e+20
4.571829697e+20
4.517006003e+20
2.681072421e+20
6.180398848e+20
2.620319503e+20
5.177161587e+20
4.268161634e+20
5.05954407e+20
2.502850492e+20
5.768834231e+20
5.707834046e+20
3.221824206e+20
5.579032388e+20
3.936375561e+20
2.337264091e+20
1.53916138e+20
6.093261596e+20
4.514247793e+20
5.212997688e+20
5.885252841e+20
4.369530647e+20
5.035970603e+20
5.698221777e+20
7.036740495e+20
3.483884326e+20
3.442001712e+20
4.090477969e+20
5.388774047e+20
4.670251783e+20
5.933302081e+20
3.918397082e+20
5.808321875e+20
4.475796354e+20
5.055421342e+20
2.504676889e+20
3.713531612e+20
3.680192688e+20
4.850735316e+20
5.408800615e+20
4.753418438e+20
3.533975139e+20
5.241758259e+20
4.041861287e+20
5.616149159e+20
2.806658812e+20
7.008475291e+20
5.601207704e+20
9.782506579e+20
6.977021591e+20
8.348943482e+20
2.777360596e+20
5.534858945e+20
2.760377548e+20
4.122714652e+20
1.370002595e+20
2.726277127e+20
1.358207038e+20
5.402018039e+20
5.379592409e+20
5.345737156e+20
3.990542006e+20
1.321033833e+20
5.256666325e+20
1.304414933e+20
3.89091816e+20
3.860080211e+20
5.114876442e+20
1.267987313e+20
5.03810851e+20
4.993661248e+20
4.9580713e+20
3.684285291e+20
3.656431292e+20
1.207142038e+20
4.790084078e+20
7.114007904e+20
5.878806921e+20
3.491340755e+20
6.921828626e+20
4.566323236e+20
5.656259065e+20
3.357496912e+20
3.326089948e+20
3.289872815e+20
4.344239555e+20
3.222118498e+20
2.126843457e+20
4.205948817e+20
7.285986507e+20
3.087109015e+20
3.055278881e+20
7.047243006e+20
5.97716372e+20
3.938671235e+20
4.871123405e+20
6.739894911e+20
3.810254814e+20
4.706639324e+20
4.656181207e+20
6.441135309e+20
3.641104937e+20
4.496884095e+20
4.448561689e+20
6.15298895e+20
2.608704996e+20
5.15429394e+20
5.949044699e+20
5.037277521e+20
6.644905383e+20
4.92302438e+20
5.68280186e+20
2.405798315e+20
4.761112763e+20
5.486877146e+20
3.878441868e+20
3.064915777e+20
4.550041794e+20
2.996411089e+20
2.224424994e+20
5.127225932e+20
4.350545363e+20
7.163010437e+20
2.836738679e+20
4.90433715e+20
4.856260597e+20
6.854113167e+20
4.751497373e+20
3.353349193e+20
4.649952883e+20
4.594714417e+20
3.251121948e+20
3.212784507e+20
4.456289368e+20
3.775009906e+20
2.49373893e+20
5.545913151e+20
1.832041321e+20
5.433118112e+20
3.590038149e+20
1.774679332e+20
1.759206104e+20
3.479052696e+20
4.023997953e+20
9.777393903e+20
5.584270757e+20
2.788893711e+20
4.179188041e+20
2.780570433e+20
2.776403474e+20
2.768641828e+20
2.763056244e+20
4.129812544e+20
5.492400549e+20
4.101597494e+20
4.08896966e+20
1.35618262e+20
5.405127133e+20
2.687284791e+20
2.676141731e+20
7.97805453e+20
3.970382937e+20
5.257550412e+20
1.307562881e+20
1.297888663e+20
3.871477009e+20
5.121174663e+20
7.634209493e+20
5.046878395e+20
3.75993265e+20
8.695988349e+20
8.634081509e+20
4.888414759e+20
6.064372191e+20
3.60387873e+20
3.575185948e+20
5.899813196e+20
8.190796117e+20
3.474658024e+20
4.592541702e+20
6.816985211e+20
5.629468029e+20
7.797247473e+20
1.103481731e+20
4.365972516e+20
5.404932372e+20
6.414289996e+20
6.350925066e+20
3.139900532e+20
2.072114879e+20
6.145903227e+20
8.110094621e+20
4.008644682e+20
6.941615481e+20
3.92083071e+20
5.81889793e+20
4.792529353e+20
8.534499869e+20
4.685557728e+20
9.270686924e+20
2.74818526e+20
9.062229502e+19
3.581552533e+20
4.42884567e+20
6.125821103e+20
3.462923996e+20
5.131627418e+20
5.076767174e+20
8.358676831e+19
4.134875005e+20
6.53536423e+20
4.849704236e+20
3.992200905e+20
3.16025328e+20
4.682603557e+20
5.406227803e+20
4.577437606e+20
2.265155013e+20
5.221014721e+20
2.214792279e+20
3.646463674e+20
5.053678403e+20
4.279228306e+20
4.942828552e+20
2.790366155e+20
3.453761603e+20
2.729792542e+20
3.379249796e+20
3.338841237e+20
4.629829674e+20
5.88190146e+20
1.942221671e+20
2.55907643e+20
5.07080192e+20
4.385030723e+20
4.345068155e+20
3.067634133e+20
3.648113023e+20
4.808327517e+20
2.978622987e+20
2.355860844e+20
3.502985748e+20
5.772893249e+20
5.723274031e+20
6.947893287e+20
4.166642216e+20
4.161819684e+20
5.5435916e+20
9.682005367e+20
0
2.754449505e+20
2.748898481e+20
5.478265325e+20
4.098251828e+20
5.440927419e+20
2.712097211e+20
5.397189228e+20
6.722133958e+20
1.336849663e+20
1.331312595e+20
3.968955704e+20
9.217661881e+20
6.539039565e+20
6.505126082e+20
7.74856423e+20
5.13630556e+20
2.547914549e+20
5.064320638e+20
2.511027085e+20
2.494311394e+20
2.472425435e+20
3.682265744e+20
2.432340917e+20
6.034979928e+20
4.782000767e+20
3.557976133e+20
2.348623878e+20
3.493560223e+20
3.458133964e+20
4.570739966e+20
4.523195014e+20
1.120585918e+21
3.326006438e+20
2.196631282e+20
2.17281956e+20
4.303840958e+20
5.320516701e+20
5.267994356e+20
2.083648841e+20
7.21912584e+20
6.11784694e+20
3.027419682e+20
2.992844894e+20
3.948663404e+20
4.878938846e+20
3.861790714e+20
3.816833974e+20
2.832090655e+20
3.731731315e+20
1.845876558e+20
5.471986213e+20
3.608822413e+20
1.782869341e+20
3.527442913e+20
2.613810906e+20
5.171564308e+20
1.703053127e+20
6.739399148e+20
4.161106041e+20
5.76357993e+20
4.88020896e+20
3.219080253e+20
1.589955761e+20
3.14655124e+20
4.662346357e+20
4.613863794e+20
3.038449134e+20
5.2625401e+20
5.198505806e+20
5.145566139e+20
4.356911462e+20
5.031909716e+20
5.681080361e+20
3.515392304e+20
4.167537278e+20
4.814452633e+20
3.397552324e+20
3.364699289e+20
3.98934993e+20
5.268434156e+20
4.555081746e+20
4.512300547e+20
3.822032397e+20
5.680004266e+20
4.989770278e+20
3.708220693e+20
4.886915127e+20
3.632282006e+20
4.787400471e+20
3.558793577e+20
5.277539742e+20
3.487693972e+20
4.023312391e+20
4.558560944e+20
2.764920879e+20
5.527069625e+20
6.900865158e+20
4.136419327e+20
4.128225079e+20
4.122052074e+20
0
8.204655199e+20
5.450400308e+20
2.718278172e+20
5.413340785e+20
4.047532996e+20
5.369926216e+20
1.337640999e+20
2.660250533e+20
2.649244498e+20
7.89817024e+20
2.620446477e+20
2.602587539e+20
5.178210407e+20
6.425150472e+20
5.110895697e+20
6.33841647e+20
6.299269582e+20
3.748104717e+20
1.241060673e+20
4.920801762e+20
3.664386176e+20
4.841178238e+20
1.201174241e+20
2.379526143e+20
4.721241612e+20
3.506145305e+20
4.635918573e+20
2.294510883e+20
3.411858184e+20
6.752902459e+20
7.807296269e+20
3.310481682e+20
5.465988484e+20
7.569614924e+20
1.070980529e+20
5.296019422e+20
1.04875518e+20
2.074118644e+20
4.106373468e+20
4.06003043e+20
3.013679741e+20
6.951768735e+20
2.94813866e+20
4.85703771e+20
2.88335465e+20
3.799797912e+20
4.699102775e+20
4.643956068e+20
4.594222537e+20
1.815939103e+20
2.694671152e+20
1.775031933e+20
4.389933312e+20
2.602370935e+20
5.14894228e+20
5.934701768e+20
4.193770973e+20
3.314425643e+20
4.098967203e+20
4.859079314e+20
5.609005561e+20
3.166181911e+20
3.916209381e+20
5.415974281e+20
3.062660485e+20
5.294426354e+20
2.994236993e+20
5.915645874e+20
3.659624969e+20
5.784304184e+20
5.010327761e+20
4.2425501e+20
3.500323094e+20
3.458066402e+20
4.108986377e+20
5.412783814e+20
4.02032826e+20
5.958357658e+20
3.934372532e+20
4.535520705e+20
4.492918477e+20
5.708389197e+20
2.513585976e+20
3.726197905e+20
4.922981672e+20
5.474024666e+20
4.822117056e+20
4.170822946e+20
3.543374352e+20
2.919218814e+20
4.630046833e+20
4.578004698e+20
5.106012348e+20
4.12624433e+20
2.749453132e+20
2.746290288e+20
1.371787187e+20
6.845391548e+20
1.367033316e+20
2.726496937e+20
1.360506901e+20
4.067112993e+20
4.056793451e+20
1.34650812e+20
2.684752006e+20
1.335734312e+20
3.992770089e+20
2.646936358e+20
2.635997621e+20
2.619608339e+20
3.911109541e+20
5.179376792e+20
7.728864424e+20
6.393479423e+20
2.542868004e+20
1.261470807e+20
5.014754447e+20
2.486565602e+20
3.705074803e+20
3.672739085e+20
8.508918602e+20
2.408950332e+20
7.172450319e+20
3.552242255e+20
3.524048819e+20
6.979028167e+20
5.767458411e+20
1.141850965e+20
5.659689545e+20
6.721310774e+20
3.330357808e+20
4.393468244e+20
5.440636145e+20
3.229151454e+20
4.2641868e+20
3.163048016e+20
7.307690748e+20
4.129350458e+20
6.131555248e+20
4.041663921e+20
3.000063954e+20
2.965935542e+20
5.869799491e+20
5.802398784e+20
4.784137059e+20
3.782913253e+20
3.742593076e+20
2.774058624e+20
3.659147568e+20
3.615907312e+20
5.365660951e+20
3.534526257e+20
3.496585943e+20
3.454707556e+20
6.835356403e+20
2.532404208e+20
3.340461382e+20
6.600183037e+20
2.448747697e+20
5.644487156e+20
5.584830875e+20
4.728855522e+20
4.679250822e+20
2.311176624e+20
4.574288123e+20
3.765544595e+20
2.981418909e+20
4.417770209e+20
3.643980463e+20
2.87980291e+20
2.13811292e+20
2.816297183e+20
4.18245903e+20
4.820636884e+20
3.409541701e+20
4.042262094e+20
4.003165176e+20
1.977636556e+20
3.264636916e+20
4.516126949e+20
4.473702203e+20
4.420843018e+20
5.631341975e+20
5.56530982e+20
4.289120532e+20
4.844865965e+20
4.201200054e+20
3.559566106e+20
5.88014694e+20
4.650530359e+20
2.881256232e+20
3.988348418e+20
5.083837919e+20
4.105321698e+20
4.103271347e+20
5.464753864e+20
4.094517114e+20
4.08645715e+20
5.440479656e+20
4.069098494e+20
5.414565077e+20
4.046634087e+20
2.690918152e+20
6.69874789e+20
2.671285151e+20
3.987163661e+20
3.972818585e+20
0
5.245765119e+20
7.819869854e+20
3.891743077e+20
5.153832971e+20
3.84539603e+20
2.544847628e+20
5.060822815e+20
5.021275653e+20
3.742750065e+20
4.94902543e+20
4.916190477e+20
2.436699279e+20
7.258285851e+20
4.794845868e+20
8.327883355e+20
8.249167163e+20
3.507326647e+20
5.788399826e+20
3.444166347e+20
2.272994336e+20
4.506559284e+20
3.34500665e+20
1.104958926e+20
6.559725876e+20
2.166207159e+20
3.214319735e+20
4.244632484e+20
1.049539089e+20
5.19600094e+20
2.055317415e+20
8.138405058e+20
5.029328542e+20
9.955235484e+19
2.952661516e+20
6.817484802e+20
1.925528025e+20
5.715448489e+20
4.707722482e+20
4.657564322e+20
4.603086644e+20
5.464589735e+20
7.200152529e+20
3.56145787e+20
1.759562031e+20
2.611019266e+20
6.879436812e+20
2.552143405e+20
4.202433696e+20
6.652063469e+20
4.107351054e+20
4.876413225e+20
5.620258251e+20
2.383227291e+20
3.923844147e+20
1.553074435e+20
5.369715036e+20
3.036502531e+20
4.499392904e+20
5.19524268e+20
5.132128682e+20
4.354162975e+20
5.018227792e+20
4.96771452e+20
5.608660407e+20
2.082341374e+20
4.80015632e+20
3.395052293e+20
4.695930851e+20
3.321790008e+20
3.938452087e+20
5.851348604e+20
3.212070243e+20
3.181892575e+20
3.14427854e+20
3.115178986e+20
5.541527788e+20
4.270790129e+20
3.618083684e+20
2.988002288e+20
4.134985928e+20
4.098422183e+20
3.472863693e+20
3.442609339e+20
3.403794285e+20
3.936998532e+20
4.084610177e+20
6.804289875e+20
1.359301921e+20
2.715921838e+20
9.487073251e+20
4.059828256e+20
5.398212006e+20
6.734222912e+20
4.026360379e+20
2.677443646e+20
6.665292718e+20
3.986929083e+20
3.967323814e+20
6.58844247e+20
3.931055788e+20
3.914846035e+20
2.593766325e+20
6.454279101e+20
3.846404902e+20
5.102061963e+20
7.597277838e+20
3.777114385e+20
3.747680194e+20
6.207686367e+20
3.693864165e+20
6.11563942e+20
3.637528349e+20
3.611774304e+20
7.158016e+20
2.368082324e+20
3.518632215e+20
3.490762425e+20
2.304480352e+20
4.570680862e+20
4.524773365e+20
4.485564392e+20
5.549171621e+20
2.19969267e+20
3.264764984e+20
8.625008826e+20
3.19962364e+20
6.337885036e+20
3.134317594e+20
4.137950744e+20
4.092088088e+20
6.076302414e+20
4.005424944e+20
2.97319817e+20
4.899176292e+20
3.878367261e+20
2.875499024e+20
5.690158318e+20
4.686987672e+20
3.709655418e+20
3.666336405e+20
6.347447612e+20
4.480479043e+20
6.205403349e+20
4.379819401e+20
6.065962254e+20
5.137288144e+20
5.082248285e+20
4.184350683e+20
4.139657767e+20
3.27179203e+20
4.855511782e+20
2.398387055e+20
5.537101314e+20
5.469966826e+20
3.866138747e+20
2.291520209e+20
5.291283202e+20
5.227011758e+20
2.217081888e+20
4.380324051e+20
4.335707186e+20
2.855418245e+20
4.94667857e+20
4.886812864e+20
2.764704622e+20
4.779849044e+20
4.056822618e+20
5.344067292e+20
2.646183273e+20
3.268144607e+20
3.884375027e+20
3.198451986e+20
3.8020788e+20
3.130926438e+20
4.342727208e+20
5.517948146e+20
6.682681871e+20
6.004417811e+20
4.165359882e+20
4.705482713e+20
5.246862111e+20
5.763264442e+20
4.57045205e+20
5.083697452e+20
5.040061882e+20
4.064106588e+20
2.70805617e+20
1.352484454e+20
4.053455332e+20
4.045525943e+20
5.386003141e+20
5.371231771e+20
6.700579037e+20
5.341718403e+20
3.996155118e+20
3.979302032e+20
5.289505435e+20
3.947680433e+20
1.311169278e+20
5.215563262e+20
6.492600233e+20
2.581035575e+20
3.853579884e+20
5.103493813e+20
7.615761618e+20
5.040249875e+20
3.758791177e+20
1.243193396e+20
8.648846574e+20
6.126885282e+20
3.651794701e+20
1.086052485e+21
5.9909519e+20
0
4.713752939e+20
1.167354859e+20
5.790589875e+20
4.587405078e+20
1.137335268e+20
4.503755155e+20
3.348573159e+20
2.209428232e+20
6.568685029e+20
3.249805391e+20
5.365970832e+20
4.246748422e+20
6.309085479e+20
6.24029444e+20
4.119270924e+20
4.073707957e+20
4.032698497e+20
3.987548067e+20
6.90653813e+20
5.852933493e+20
2.895886927e+20
3.817091783e+20
4.720909144e+20
2.799860826e+20
5.540104567e+20
6.38810241e+20
5.416957531e+20
3.568826425e+20
5.295849347e+20
5.233078347e+20
4.314124505e+20
5.967722171e+20
4.216999376e+20
3.333138101e+20
4.946314835e+20
4.072279397e+20
3.223192501e+20
4.776359266e+20
4.725892428e+20
5.446750608e+20
3.079785481e+20
3.803028089e+20
4.516181429e+20
5.204920124e+20
4.415422177e+20
6.542757031e+20
3.597839328e+20
4.265070175e+20
3.518442874e+20
4.171048161e+20
4.817842962e+20
4.759712866e+20
4.039727778e+20
3.32596742e+20
3.952544051e+20
1.952617818e+20
4.512655447e+20
3.821938459e+20
5.048031021e+20
4.364762156e+20
4.942126305e+20
4.884060729e+20
6.049421958e+20
5.381023184e+20
2.962620096e+20
4.68543944e+20
3.48301083e+20
3.443181031e+20
3.98206076e+20
3.937027229e+20
3.90324306e+20
6.739679691e+20
6.736332045e+20
5.382940123e+20
2.68882116e+20
5.367155056e+20
5.359171957e+20
2.672259945e+20
4.000361794e+20
6.644027247e+20
2.650895453e+20
2.639749984e+20
2.631683174e+20
1.309410205e+20
5.218857007e+20
3.892479319e+20
2.584308888e+20
2.568429186e+20
5.113036793e+20
3.809018401e+20
5.052528482e+20
3.761914281e+20
6.234408143e+20
3.711654173e+20
1.229619227e+20
2.43904508e+20
3.634373569e+20
4.803981783e+20
2.385020719e+20
4.726986616e+20
7.037328507e+20
1.161884075e+20
2.305399307e+20
5.707562674e+20
1.132049905e+20
7.845129787e+20
2.222078024e+20
5.498204673e+20
4.359047148e+20
3.234982266e+20
5.341535733e+20
4.227507928e+20
7.327304215e+20
5.176840664e+20
8.201517995e+20
4.0554922e+20
5.018363733e+20
3.969830056e+20
4.91134881e+20
4.855904807e+20
1.922074747e+20
3.800333324e+20
3.760162347e+20
7.433697944e+20
3.677292456e+20
4.543113712e+20
6.292360047e+20
6.218457123e+20
6.151810887e+20
3.473712494e+20
3.436463717e+20
7.639923015e+20
5.038737276e+20
5.808106557e+20
2.462610898e+20
6.487947544e+20
4.011868215e+20
3.963431212e+20
2.352934569e+20
3.099274646e+20
5.366849068e+20
3.02959377e+20
2.248569601e+20
4.442583808e+20
5.129644729e+20
5.067425259e+20
5.732348041e+20
3.539303832e+20
4.905136647e+20
4.153547677e+20
1.370749708e+20
3.385532594e+20
4.022776404e+20
5.961619625e+20
3.279961372e+20
3.888836635e+20
3.851743384e+20
1.90293539e+20
3.770102761e+20
4.967295302e+20
5.53647668e+20
4.863454027e+20
4.216727082e+20
2.976813607e+20
4.720144044e+20
4.08237042e+20
5.202359909e+20
5.142793746e+20
3.398675427e+20
4.480242765e+20
6.10748515e+20
4.023710805e+20
5.362287718e+20
1.339052637e+20
4.013208947e+20
2.670271042e+20
1.333151694e+20
3.988554282e+20
2.653715924e+20
3.966740068e+20
5.275635624e+20
1.313380521e+20
3.928113248e+20
5.211962012e+20
5.193289886e+20
1.291157873e+20
2.571701895e+20
3.833918013e+20
7.632315788e+20
3.790596376e+20
5.028120672e+20
7.487633933e+20
2.481781975e+20
7.38779931e+20
0
7.282342199e+20
1.205705955e+20
5.976600295e+20
7.121303623e+20
1.176197924e+20
3.502169906e+20
6.938785978e+20
5.73665898e+20
4.5448931e+20
3.380440314e+20
6.693448707e+20
7.741540196e+20
0
2.169577092e+20
5.367156252e+20
4.253857734e+20
2.104220496e+20
5.210220408e+20
5.153645693e+20
2.041206356e+20
5.046798279e+20
3.996843582e+20
3.952268802e+20
6.845509372e+20
3.867643558e+20
2.870449528e+20
2.837791029e+20
4.679677569e+20
1.850345939e+20
4.576652257e+20
6.332855918e+20
3.580099018e+20
1.769057217e+20
6.125360298e+20
5.18825195e+20
5.988070957e+20
5.916820532e+20
4.181049971e+20
2.478614087e+20
4.086923242e+20
6.460482569e+20
3.195912578e+20
6.314728648e+20
5.467017277e+20
5.400904416e+20
5.344265225e+20
5.279527404e+20
4.478256883e+20
3.68663741e+20
4.378410278e+20
1.441776711e+20
5.708355689e+20
4.229408735e+20
4.884626241e+20
4.825559006e+20
4.777573987e+20
5.394223115e+20
4.005966697e+20
3.957805231e+20
5.226002575e+20
6.454291309e+20
5.114176399e+20
4.421593906e+20
5.005754118e+20
2.473233571e+20
3.675505111e+20
4.237642921e+20
2.99929211e+20
2.964276391e+20
3.525198601e+20
4.64586082e+20
5.180390702e+20
4.552001954e+20
3.948325411e+20
3.903540629e+20
3.31719557e+20
1.334604188e+20
5.335774599e+20
5.329745122e+20
1.331127992e+20
2.657095865e+20
1.061260732e+21
5.291885327e+20
7.921961553e+20
2.631504714e+20
5.249737138e+20
9.148647547e+20
5.211855613e+20
3.889900328e+20
3.875979038e+20
2.569768409e+20
3.838825959e+20
1.271791134e+20
5.063624179e+20
6.287252811e+20
3.75296066e+20
1.241964313e+20
4.939830541e+20
4.901752246e+20
6.089639087e+20
8.455858222e+20
6.000042073e+20
3.569094176e+20
4.725241432e+20
4.68280423e+20
1.161943159e+20
4.604379646e+20
3.426041102e+20
2.26196561e+20
2.243250385e+20
2.220928007e+20
4.403505232e+20
6.537798512e+20
4.319441961e+20
5.342896701e+20
3.17599628e+20
6.284317911e+20
5.1868634e+20
7.182920705e+20
6.096344777e+20
4.01954507e+20
1.989577079e+20
6.886008911e+20
3.894512953e+20
5.776069215e+20
1.905265118e+20
2.825440513e+20
4.659330689e+20
5.527011966e+20
3.645489278e+20
2.702395488e+20
4.455871737e+20
4.403694764e+20
2.613915511e+20
6.027146428e+20
2.555378495e+20
3.366682259e+20
5.828625797e+20
5.758967929e+20
5.697499321e+20
4.020780716e+20
6.364890104e+20
4.716144205e+20
5.444048526e+20
3.841621091e+20
5.321870652e+20
2.253193662e+20
2.229766232e+20
6.608252084e+20
2.906757362e+20
6.460956615e+20
3.552852086e+20
4.211800715e+20
5.559184739e+20
4.118983605e+20
3.398350632e+20
6.043255154e+20
5.319062519e+20
5.255114132e+20
2.602124784e+20
3.856448373e+20
4.456264672e+20
4.403160228e+20
3.115550068e+20
4.310086304e+20
2.440103375e+20
4.219913179e+20
4.778787545e+20
4.722950938e+20
5.265621341e+20
3.4697409e+20
5.158606265e+20
5.66599394e+20
4.493338495e+20
3.887010041e+20
4.404207293e+20
3.984110158e+20
3.982141779e+20
3.977654957e+20
7.947507819e+20
2.644050064e+20
3.960194064e+20
2.632977456e+20
3.941579604e+20
6.546607541e+20
5.224091684e+20
2.601162896e+20
6.483095617e+20
5.161352445e+20
3.857174903e+20
1.278671208e+20
7.640560039e+20
5.062676434e+20
5.039274295e+20
2.502854523e+20
1.245001435e+20
3.708139721e+20
1.229080754e+20
3.658895359e+20
2.424330182e+20
7.213739415e+20
5.971822341e+20
3.552386087e+20
4.703155524e+20
5.826276651e+20
4.626187765e+20
6.874650739e+20
5.683723391e+20
5.628952267e+20
4.465938019e+20
6.63239902e+20
3.287593072e+20
2.169394325e+20
7.524839051e+20
4.255084376e+20
4.215638151e+20
4.170818481e+20
6.196457849e+20
3.06472426e+20
2.023104122e+20
2.000904711e+20
2.971215468e+20
1.958804159e+20
5.816185467e+20
1.916964823e+20
5.690910241e+20
9.377323444e+19
2.783495986e+20
3.668795464e+20
7.259586178e+20
4.484683438e+20
2.662070782e+20
5.261889788e+20
3.470363241e+20
5.144186994e+20
2.544533702e+20
5.866779879e+20
3.316566651e+20
5.7347091e+20
5.673509836e+20
4.804683267e+20
3.169090554e+20
4.696408495e+20
2.323402271e+20
5.355823571e+20
3.028378846e+20
2.243811512e+20
2.960642649e+20
5.118389922e+20
5.065682672e+20
6.434142458e+20
4.953347433e+20
2.7962258e+20
6.228148805e+20
4.785569128e+20
7.445385504e+20
4.680836601e+20
5.29702032e+20
4.579169548e+20
4.534842289e+20
4.480531664e+20
4.437779633e+20
5.63770236e+20
4.964179466e+20
4.905330465e+20
4.252421475e+20
3.601998151e+20
5.353734435e+20
4.7032258e+20
4.661004459e+20
5.758681566e+20
4.566226021e+20
2.821093595e+20
4.474464984e+20
5.529455527e+20
3.837439337e+20
1.32153357e+20
3.962645403e+20
3.958193395e+20
5.272421185e+20
6.577829351e+20
3.9408512e+20
1.310069345e+20
5.229823416e+20
0
1.299673894e+20
3.882825012e+20
6.451679179e+20
5.136414454e+20
3.838552343e+20
6.36259004e+20
1.267304139e+20
6.2980287e+20
5.015157476e+20
2.49092278e+20
6.195364929e+20
4.920739843e+20
4.893038165e+20
3.641640819e+20
1.206456642e+20
2.393306817e+20
4.755093453e+20
5.893056166e+20
3.510956336e+20
5.79930016e+20
8.058404291e+20
2.281008559e+20
6.789144318e+20
6.72387336e+20
8.891125795e+20
5.501908247e+20
5.454489178e+20
5.399028782e+20
4.28054998e+20
6.354035548e+20
5.245980939e+20
6.228387533e+20
3.084463229e+20
5.085291347e+20
6.042518633e+20
3.984229599e+20
9.860602328e+19
2.925378791e+20
4.825687181e+20
4.771615179e+20
1.888746959e+20
4.668432008e+20
4.619163154e+20
2.73978942e+20
5.421347227e+20
4.465539249e+20
5.301432433e+20
3.493024927e+20
3.455631937e+20
5.122434019e+20
2.533780568e+20
4.172911161e+20
4.953912713e+20
4.894846102e+20
4.035515372e+20
6.379465335e+20
5.522733416e+20
5.456310153e+20
4.627444454e+20
3.047750966e+20
2.261845662e+20
3.724178618e+20
3.685457894e+20
4.369032903e+20
4.324041416e+20
4.983649961e+20
5.637568712e+20
5.569361176e+20
6.202428974e+20
4.765821714e+20
4.044357491e+20
3.329660229e+20
4.615765047e+20
3.908804153e+20
3.225801465e+20
5.736892721e+20
3.7880977e+20
3.119107258e+20
3.707737529e+20
2.442508823e+20
5.444754626e+20
4.782737227e+20
4.14673684e+20
3.512748554e+20
4.061416813e+20
3.440798196e+20
5.115582449e+20
3.933005763e+20
3.89878069e+20
4.404988979e+20
4.367238433e+20
3.945281399e+20
3.943339003e+20
3.938921346e+20
1.311689036e+20
3.927508555e+20
6.536160619e+20
3.911136783e+20
1.301113966e+20
7.779879435e+20
3.880158891e+20
2.576058849e+20
3.852339453e+20
1.277929073e+20
2.546739159e+20
2.53284749e+20
6.306200978e+20
2.507200379e+20
2.495635196e+20
8.676864914e+20
2.466401459e+20
4.897514719e+20
3.65247963e+20
3.624548253e+20
4.803206822e+20
1.191069517e+20
4.732937443e+20
2.3462899e+20
8.154295365e+20
4.618057861e+20
4.583613943e+20
3.405845123e+20
1.013716045e+21
3.346642432e+20
2.212686424e+20
4.381635275e+20
3.257928384e+20
6.449749605e+20
5.326706809e+20
3.162849769e+20
4.178099235e+20
4.133862683e+20
4.094425757e+20
4.050326182e+20
2.005320142e+20
5.950205332e+20
4.908766327e+20
3.883550479e+20
4.804736645e+20
5.701197623e+20
2.820892232e+20
3.718700889e+20
5.519205577e+20
5.456166279e+20
2.699102057e+20
2.667934687e+20
5.278916203e+20
5.217374096e+20
1.720512585e+20
4.2507202e+20
4.205196562e+20
3.324330601e+20
5.755342769e+20
1.62479984e+20
6.429864979e+20
6.352909262e+20
3.142714996e+20
3.104952328e+20
3.072163344e+20
4.552704916e+20
4.504970621e+20
5.192319243e+20
5.872382736e+20
4.35102414e+20
4.30621728e+20
5.672156757e+20
2.80718079e+20
3.466537901e+20
3.431622608e+20
4.746236603e+20
4.027733414e+20
3.979174924e+20
4.596794541e+20
1.946369493e+20
3.21253981e+20
5.078486729e+20
2.51500905e+20
5.591275723e+20
3.692467283e+20
3.648654271e+20
3.614864675e+20
2.976859331e+20
3.539657841e+20
4.081232501e+20
3.466795913e+20
5.710845267e+20
4.528300928e+20
3.916618203e+20
4.43718965e+20
3.838247777e+20
5.436232209e+20
3.92614946e+20
2.616146545e+20
6.533060092e+20
3.916004818e+20
7.817010384e+20
2.6018179e+20
7.784499449e+20
2.589666609e+20
3.87120206e+20
5.148636976e+20
3.845531496e+20
3.833850589e+20
2.543627254e+20
2.534561016e+20
3.781162728e+20
2.510468014e+20
8.733561437e+20
3.725707334e+20
1.233698681e+20
2.454767741e+20
7.311761705e+20
2.423561975e+20
3.60761539e+20
2.390399068e+20
7.113224975e+20
4.710986945e+20
4.670916546e+20
3.478589573e+20
3.447653838e+20
4.562619535e+20
3.390320245e+20
6.727352107e+20
3.331486708e+20
3.30402402e+20
5.452403659e+20
5.405493153e+20
6.420924642e+20
5.302940137e+20
3.148807568e+20
4.159579369e+20
2.057814644e+20
4.076394107e+20
6.048864351e+20
5.989634659e+20
4.936911602e+20
5.864902553e+20
7.733485322e+20
6.697554127e+20
4.730558259e+20
4.681281885e+20
2.77709508e+20
7.327491613e+20
4.527460779e+20
5.37525775e+20
3.542189645e+20
4.380492021e+20
4.329497927e+20
4.283176708e+20
5.92605458e+20
5.862604232e+20
4.138061473e+20
4.912562475e+20
3.236082028e+20
4.001955974e+20
4.744930024e+20
3.129691172e+20
6.184240183e+20
5.354071612e+20
6.800909049e+20
5.234138262e+20
5.170965513e+20
3.655145698e+20
4.333163229e+20
3.573782906e+20
2.824452876e+20
4.892426639e+20
4.833279206e+20
4.784594398e+20
4.726811803e+20
3.342704534e+20
3.962891934e+20
3.269985238e+20
2.584536889e+20
3.8392641e+20
4.425474444e+20
5.009409533e+20
2.474821321e+20
5.515983453e+20
3.633669412e+20
5.400023896e+20
2.964609548e+20
4.700120952e+20
2.903141703e+20
2.877080299e+20
3.981056738e+20
3.382180234e+20
5.571952342e+20
3.866435924e+20
4.368302207e+20
4.872245669e+20
2.604801452e+20
2.603523423e+20
2.600623214e+20
2.598084214e+20
5.186246454e+20
1.035717322e+21
3.873544202e+20
9.020290908e+20
8.989502791e+20
2.561983729e+20
3.827152099e+20
2.543692232e+20
3.7972693e+20
3.783748181e+20
5.017634699e+20
3.747854256e+20
2.483518531e+20
9.888344855e+20
4.911601014e+20
2.443243257e+20
2.425858017e+20
3.618366347e+20
5.984733338e+20
2.379298785e+20
4.720226498e+20
5.861548889e+20
4.64945239e+20
3.462628951e+20
2.287939604e+20
3.406362429e+20
4.499915011e+20
6.696875897e+20
2.210978423e+20
4.385537969e+20
3.256790364e+20
5.381323751e+20
3.19617809e+20
3.167630765e+20
5.224815839e+20
1.03530574e+20
3.073167024e+20
2.029260291e+20
2.00749059e+20
4.969615241e+20
2.949303604e+20
2.91975368e+20
3.850079702e+20
5.716051931e+20
2.82617617e+20
2.796749785e+20
4.608776882e+20
3.648155057e+20
5.409936277e+20
2.676252819e+20
4.409074954e+20
2.617226347e+20
6.035872841e+20
5.118268473e+20
3.37217673e+20
5.838139185e+20
3.296683204e+20
4.076787619e+20
3.222676373e+20
7.970769436e+19
6.300454916e+20
4.675162273e+20
3.849241856e+20
3.808600135e+20
4.515327878e+20
3.723325196e+20
4.414102887e+20
4.368210981e+20
2.87696557e+20
3.559171869e+20
3.516152868e+20
5.568515832e+20
4.813567455e+20
4.765077674e+20
4.707545354e+20
3.329076591e+20
4.604531939e+20
6.513310745e+20
2.574001059e+20
4.460877337e+20
4.407421499e+20
2.494484574e+20
4.313250271e+20
4.272684559e+20
3.618807134e+20
3.585288676e+20
3.542952201e+20
2.340428663e+20
2.891216121e+20
4.584419045e+20
3.964658009e+20
5.052375701e+20
2.774463848e+20
2.750331402e+20
4.35018703e+20
4.852051154e+20
6.480728158e+20
3.886532297e+20
3.882214992e+20
6.464048285e+20
3.871044869e+20
7.730666144e+20
3.855017611e+20
2.564904296e+20
6.390438545e+20
3.824649914e+20
5.078596737e+20
1.26580007e+20
3.779269987e+20
3.765826237e+20
4.99394492e+20
3.730174873e+20
0
7.381432791e+20
4.888624309e+20
4.863652954e+20
7.243704614e+20
4.802063402e+20
5.957033173e+20
5.920752793e+20
7.047757184e+20
3.500768362e+20
9.256369199e+20
4.595752164e+20
2.277538747e+20
5.651503059e+20
4.479588339e+20
5.555562141e+20
3.301583372e+20
3.27441619e+20
3.24226919e+20
2.142947809e+20
2.121346936e+20
4.204829935e+20
7.282552517e+20
6.184541787e+20
4.079640815e+20
4.04080311e+20
4.996923753e+20
5.937668332e+20
2.936571139e+20
1.93811038e+20
1.916779869e+20
4.742962474e+20
4.690201851e+20
4.641388112e+20
4.589229202e+20
5.449044654e+20
3.591409211e+20
7.106593765e+20
8.781139011e+19
4.343750537e+20
1.717331708e+20
5.946388866e+20
5.037231233e+20
4.983323552e+20
4.924546863e+20
6.495862431e+20
4.011726658e+20
4.762740159e+20
4.705913426e+20
4.655947048e+20
4.600156815e+20
3.034393908e+20
3.74739047e+20
3.708105655e+20
2.93073181e+20
7.975721728e+20
3.58156478e+20
6.380423668e+20
3.501856843e+20
4.852638517e+20
4.794015834e+20
3.38979966e+20
4.688435327e+20
2.652447453e+20
4.585842909e+20
5.189493989e+20
5.127101556e+20
4.442761567e+20
5.016588849e+20
4.347608033e+20
4.295707105e+20
4.863202692e+20
6.60745422e+20
5.356022137e+20
3.528491952e+20
4.079032092e+20
4.031143362e+20
5.136372369e+20
4.512450087e+20
3.913507467e+20
5.526092553e+20
3.28682007e+20
2.166110739e+20
2.684457418e+20
3.869851e+20
3.867958697e+20
1.287891324e+20
5.1465469e+20
2.568388465e+20
1.282301206e+20
5.115556528e+20
7.658099629e+20
2.544037839e+20
3.806498182e+20
3.790915373e+20
3.779433705e+20
1.253813502e+20
4.997431027e+20
3.727858337e+20
4.950215336e+20
6.15069968e+20
2.448977496e+20
4.865861575e+20
2.420515897e+20
2.403382989e+20
2.389922925e+20
2.371835298e+20
2.35740465e+20
7.015473127e+20
4.646340315e+20
4.607110492e+20
1.143714367e+20
5.668080065e+20
5.625968252e+20
1.11486112e+20
3.318372209e+20
3.286832114e+20
2.173206919e+20
6.455753867e+20
4.266902087e+20
8.447966909e+20
6.279474982e+20
3.107419255e+20
3.078743955e+20
2.030940786e+20
6.034859485e+20
6.965433503e+20
3.941347903e+20
5.847896272e+20
3.859580718e+20
4.771476172e+20
3.778178053e+20
4.670280762e+20
3.697356098e+20
8.225723953e+20
4.521710337e+20
5.364483106e+20
5.30757439e+20
4.372218748e+20
2.595365974e+20
3.420376491e+20
4.229765513e+20
5.016371577e+20
4.135583275e+20
2.452118912e+20
4.851815426e+20
3.196195526e+20
3.952650533e+20
4.686644761e+20
3.864074273e+20
3.817814986e+20
5.288516847e+20
5.224986157e+20
2.954408024e+20
2.918825888e+20
4.332721116e+20
3.567041347e+20
2.11818318e+20
4.882747238e+20
5.523412753e+20
3.41044457e+20
4.726518023e+20
4.669479825e+20
1.981290821e+20
4.567304976e+20
3.876382843e+20
5.74466627e+20
4.424792339e+20
4.996290166e+20
4.330011662e+20
5.500679229e+20
3.027186434e+20
5.384166528e+20
4.148891504e+20
5.271223889e+20
2.901749963e+20
4.588250388e+20
2.841914022e+20
3.932262538e+20
5.01109852e+20
4.953100126e+20
3.818912668e+20
5.39300463e+20
4.812160209e+20
5.13525591e+20
6.415936298e+20
5.127078946e+20
3.841567386e+20
2.556197195e+20
3.828649067e+20
2.5456607e+20
6.351527625e+20
3.798022472e+20
5.051357242e+20
5.030737497e+20
3.761636408e+20
4.991704616e+20
1.243495634e+20
3.710422623e+20
8.622394235e+20
4.897645737e+20
4.875168793e+20
6.054137296e+20
4.818620086e+20
2.392300925e+20
4.757832936e+20
2.360958018e+20
5.866519978e+20
6.983483492e+20
8.094071853e+20
6.879341149e+20
5.692689882e+20
4.514036336e+20
5.600663151e+20
2.219740486e+20
3.303540906e+20
1.090737361e+20
4.327112384e+20
6.42722377e+20
6.372114235e+20
5.256796673e+20
5.209957103e+20
4.12515184e+20
4.08711313e+20
4.044276277e+20
5.007285279e+20
4.953881714e+20
2.943297987e+20
3.88191092e+20
6.725395131e+20
2.850706123e+20
4.702654667e+20
6.510739454e+20
4.60216854e+20
1.820250846e+20
3.602168915e+20
7.122722317e+20
1.761796821e+20
3.483216599e+20
6.030668373e+20
3.40620793e+20
4.212256572e+20
4.995683973e+20
4.942246308e+20
2.442047804e+20
3.221265931e+20
2.387338222e+20
2.361890559e+20
3.889611039e+20
3.078657726e+20
6.083669129e+20
4.514589034e+20
3.716999207e+20
3.678036815e+20
3.633770386e+20
5.753588751e+20
4.26316227e+20
5.625675037e+20
4.168332878e+20
5.501134098e+20
4.076044489e+20
5.379967173e+20
3.986294556e+20
3.288851425e+20
3.899071129e+20
5.791157926e+20
4.450079779e+20
4.406967883e+20
4.354135705e+20
3.696477562e+20
3.043603883e+20
3.617964694e+20
2.979117437e+20
5.312731674e+20
4.083243145e+20
4.046002078e+20
5.140836141e+20
4.528611506e+20
4.475728598e+20
2.772617679e+20
6.029079646e+20
3.259997256e+20
5.370914868e+20
3.194973134e+20
1.277735727e+20
6.385565054e+20
2.551412135e+20
3.823398106e+20
2.544121114e+20
5.080755924e+20
2.53365741e+20
5.057272365e+20
3.780157841e+20
6.28451124e+20
3.755358413e+20
4.992007919e+20
4.968375346e+20
3.713064796e+20
7.386298496e+20
2.452082352e+20
6.093680191e+20
6.065742029e+20
6.026207718e+20
3.597311199e+20
2.381320591e+20
2.368010924e+20
7.050540146e+20
5.839774443e+20
4.634522846e+20
2.302109654e+20
5.706916045e+20
6.800449387e+20
5.61723981e+20
3.345350803e+20
4.41969541e+20
1.096280529e+20
5.4295359e+20
5.384976999e+20
2.132981577e+20
7.401477336e+20
4.187053371e+20
6.22466234e+20
5.134043759e+20
3.052042036e+20
3.020117201e+20
1.994283422e+20
1.973055027e+20
4.884489878e+20
3.865366558e+20
0
6.623469381e+20
5.61930791e+20
4.630941981e+20
3.666245009e+20
2.718941145e+20
4.483870942e+20
5.319787347e+20
3.508927471e+20
3.468778886e+20
6.005691426e+20
4.240195336e+20
5.033870387e+20
4.145971917e+20
7.382940888e+20
3.242745446e+20
4.81214521e+20
3.17014632e+20
3.920449696e+20
3.873814139e+20
3.832697949e+20
4.54427655e+20
5.245698279e+20
5.923180294e+20
2.930547621e+20
4.342952863e+20
5.014103831e+20
3.538344999e+20
3.501903208e+20
3.459657865e+20
3.424396526e+20
4.05968783e+20
4.688577422e+20
3.970307108e+20
5.241053101e+20
3.88343583e+20
1.922643145e+20
6.331757347e+20
5.016327377e+20
4.956181654e+20
6.136061148e+20
5.456473099e+20
5.405135253e+20
3.56055423e+20
4.115492741e+20
4.647747809e+20
5.756695511e+20
5.120059896e+20
4.510309712e+20
5.014789954e+20
4.418213627e+20
3.821090726e+20
4.328999136e+20
5.88390586e+20
4.242595412e+20
1.271714761e+20
5.084383994e+20
3.809098499e+20
3.805399887e+20
3.798237896e+20
5.056873087e+20
1.260883392e+20
2.516773669e+20
0
2.502041498e+20
2.49188593e+20
3.726539965e+20
4.945263125e+20
6.159674438e+20
4.901381274e+20
4.881459198e+20
7.278678076e+20
4.830226565e+20
3.599120791e+20
0
4.740881185e+20
8.250217188e+20
7.018500111e+20
4.650617333e+20
8.073766777e+20
4.583443897e+20
3.408768122e+20
3.38497351e+20
3.355296101e+20
4.440583825e+20
4.400085423e+20
5.457120836e+20
4.324478359e+20
6.433528845e+20
4.247275634e+20
1.052729577e+20
5.211036792e+20
6.197613299e+20
3.067104853e+20
5.06477336e+20
2.004759794e+20
3.971453587e+20
4.911574846e+20
4.863662259e+20
6.735684585e+20
3.810506892e+20
5.653310465e+20
3.730420956e+20
5.533824081e+20
5.476327467e+20
2.707601406e+20
5.358225294e+20
2.648858803e+20
3.494382883e+20
6.045305642e+20
5.126503301e+20
5.067330099e+20
5.848737979e+20
3.303210982e+20
1.633946908e+20
3.22953566e+20
3.99379365e+20
4.735920446e+20
4.685454271e+20
6.944661059e+20
4.580640116e+20
4.525950269e+20
2.985455976e+20
3.687096924e+20
5.107832389e+20
4.325522309e+20
3.567128812e+20
4.933836984e+20
2.092723711e+20
5.513306627e+20
2.046416864e+20
4.717372241e+20
4.002715393e+20
4.613521951e+20
3.915084453e+20
3.223271188e+20
4.468245086e+20
5.045169289e+20
2.498140767e+20
4.319321926e+20
5.500371761e+20
3.623090276e+20
4.187165184e+20
4.728377154e+20
4.684564797e+20
2.893176967e+20
3.440145162e+20
3.966239593e+20
4.49215525e+20
4.994549944e+20
5.50048005e+20
4.349280788e+20
2.694673904e+20
5.327273811e+20
2.640854814e+20
3.797250818e+20
2.530270835e+20
2.527498459e+20
3.787570323e+20
5.0406161e+20
3.774910297e+20
3.764980867e+20
5.010043874e+20
2.496618703e+20
6.225970183e+20
2.480308179e+20
1.236412065e+20
8.614138643e+20
4.904939006e+20
6.098467551e+20
2.429481485e+20
7.245249816e+20
3.606048565e+20
3.582668749e+20
4.752612971e+20
4.719319122e+20
2.346497073e+20
4.657833307e+20
3.472205016e+20
4.592827591e+20
4.562855131e+20
1.13117473e+20
2.246572353e+20
7.79422487e+20
1.105219101e+20
5.475810856e+20
6.519663848e+20
5.381870147e+20
4.270223062e+20
6.343126688e+20
3.144436564e+20
4.150763446e+20
5.142331935e+20
6.107796345e+20
3.025799306e+20
9.980910774e+20
4.943108193e+20
1.956276496e+20
2.905806903e+20
8.623568979e+20
5.691637645e+20
9.382604444e+19
4.643461364e+20
4.592260383e+20
6.36239295e+20
6.29149701e+20
4.446659599e+20
2.637915113e+20
6.089927153e+20
5.160389355e+20
4.254537935e+20
3.364397904e+20
2.496353287e+20
4.934632441e+20
4.881884674e+20
5.628757858e+20
5.568638191e+20
3.930647859e+20
5.444276987e+20
5.379643045e+20
3.801827074e+20
2.253885604e+20
4.460200718e+20
4.406790572e+20
3.633836918e+20
2.154115557e+20
5.684591685e+20
4.212128018e+20
4.863536259e+20
4.118502874e+20
5.43536357e+20
2.684910133e+20
4.651241082e+20
3.282261556e+20
2.599669387e+20
3.210448687e+20
5.722027024e+20
4.39695703e+20
3.110247039e+20
3.687533976e+20
4.261027866e+20
4.811530513e+20
5.957814971e+20
4.709500597e+20
3.49939492e+20
5.186888768e+20
3.426383999e+20
5.643341287e+20
5.592682938e+20
5.527191842e+20
3.287023333e+20
4.873211245e+20
3.757336285e+20
4.244574527e+20
4.208279339e+20
7.55904883e+20
3.777691434e+20
3.773563408e+20
1.005308548e+21
7.525703722e+20
2.504887364e+20
6.245793103e+20
6.233448602e+20
4.970077689e+20
4.957685398e+20
2.468837515e+20
3.692092376e+20
4.899677827e+20
4.882348485e+20
2.428187199e+20
6.045841422e+20
6.010106e+20
2.393052688e+20
5.94394405e+20
1.182752659e+20
7.046928458e+20
4.671772155e+20
9.27371437e+20
4.608785034e+20
5.715325053e+20
3.40683788e+20
5.630693316e+20
3.354877935e+20
5.542666784e+20
0
5.451728637e+20
3.245518162e+20
5.358349741e+20
3.18869319e+20
4.210387505e+20
3.130803645e+20
5.166066706e+20
6.144214384e+20
3.040804738e+20
4.017128601e+20
3.975355209e+20
3.937663879e+20
4.869984473e+20
4.822535373e+20
1.90828446e+20
2.833858855e+20
4.671677956e+20
5.548872031e+20
5.487793083e+20
3.62054782e+20
1.790135562e+20
3.542627666e+20
3.502748637e+20
1.73282623e+20
4.282718813e+20
8.474266716e+20
3.35068839e+20
7.458564149e+20
3.276408124e+20
2.431045228e+20
4.004295439e+20
3.961534577e+20
3.914823789e+20
4.647744356e+20
4.592620855e+20
5.301208328e+20
1.4965792e+20
5.923148437e+20
2.926137531e+20
2.171603249e+20
5.00625721e+20
4.954214071e+20
6.293080568e+20
4.152176078e+20
4.785849335e+20
4.060341119e+20
5.348528174e+20
3.970967157e+20
3.923105049e+20
4.531388428e+20
4.476818921e+20
4.432826774e+20
5.005177344e+20
1.858750001e+20
3.060757459e+20
3.63782057e+20
5.391480266e+20
2.96707741e+20
4.104427389e+20
5.228216741e+20
5.166224961e+20
5.119098738e+20
5.058726674e+20
3.899246109e+20
3.853543665e+20
2.728220697e+20
5.392933416e+20
4.811465845e+20
5.284336243e+20
3.667412558e+20
3.761962744e+20
3.760141213e+20
5.008057785e+20
1.250802589e+20
6.242341585e+20
3.739914765e+20
1.243377626e+20
2.481844665e+20
4.94713182e+20
6.168509697e+20
2.457472459e+20
3.675106304e+20
3.657899164e+20
2.42998255e+20
4.834179499e+20
4.814586875e+20
3.589653027e+20
3.573259255e+20
4.733615735e+20
5.887004738e+20
4.676778093e+20
2.325370617e+20
3.462051858e+20
3.441112374e+20
6.827813825e+20
1.130556891e+20
5.605736198e+20
4.453373256e+20
2.20729887e+20
2.190990858e+20
3.256714388e+20
2.154219702e+20
6.402040828e+20
7.407961164e+20
5.240228356e+20
2.078192285e+20
4.115097179e+20
7.137501597e+20
4.037097466e+20
3.00000402e+20
5.937735637e+20
4.90122966e+20
6.789233231e+20
2.881338994e+20
3.800575688e+20
2.821998994e+20
3.72177375e+20
3.683856111e+20
6.375907489e+20
2.704175643e+20
4.456904504e+20
5.292072963e+20
2.616296791e+20
5.17719553e+20
3.412205386e+20
4.219870599e+20
4.17136269e+20
4.952210526e+20
4.894753723e+20
2.421228052e+20
3.988180313e+20
3.945599679e+20
3.119301294e+20
3.086077408e+20
5.336644811e+20
2.262869718e+20
5.962463607e+20
4.424664073e+20
2.914507863e+20
3.604955808e+20
4.274060158e+20
4.934567486e+20
2.08938931e+20
2.757158656e+20
4.085939515e+20
4.718335435e+20
3.9955532e+20
5.273708208e+20
2.605079637e+20
4.513497823e+20
2.54808586e+20
5.676849448e+20
4.985418188e+20
3.085683676e+20
4.877865967e+20
3.01953837e+20
3.580105793e+20
2.364272739e+20
4.672196055e+20
3.471670992e+20
4.002230667e+20
3.96572089e+20
3.91891695e+20
3.883738501e+20
4.934798468e+20
3.260811272e+20
4.834225473e+20
3.194817244e+20
4.210500779e+20
5.218142426e+20
6.2409392e+20
4.99033774e+20
2.492456802e+20
2.49004679e+20
6.213531806e+20
7.445318394e+20
2.475299787e+20
3.705624181e+20
6.155496062e+20
3.684105216e+20
1.22310578e+20
6.09712635e+20
4.854925261e+20
2.418893006e+20
1.203046638e+20
1.198175351e+20
4.764521521e+20
2.371391466e+20
4.712270486e+20
4.688389797e+20
5.819742368e+20
4.629898815e+20
1.148866666e+20
2.283849294e+20
2.265836336e+20
5.627729861e+20
3.348599605e+20
6.650625597e+20
4.395233437e+20
2.181394947e+20
5.404194129e+20
8.579371897e+20
2.124768133e+20
1.053702549e+20
5.217668268e+20
4.138519194e+20
4.097492914e+20
7.107015747e+20
4.019935773e+20
4.978784346e+20
3.941768128e+20
4.880555371e+20
5.794911055e+20
5.738517826e+20
5.677073902e+20
2.810237988e+20
2.779750728e+20
1.834295878e+20
4.535434624e+20
6.283743694e+20
6.214069884e+20
2.635191841e+20
2.605619963e+20
5.156085931e+20
8.49587294e+19
2.52164876e+20
4.98540276e+20
4.932207855e+20
4.875055098e+20
2.411489846e+20
6.355511001e+20
4.715750952e+20
7.767109651e+19
3.842197164e+20
4.556059221e+20
3.005153661e+20
4.454099814e+20
3.672589384e+20
4.354455407e+20
5.745098765e+20
2.128588575e+20
4.915076107e+20
4.162301171e+20
4.11942953e+20
3.391541811e+20
4.69975375e+20
4.64314074e+20
2.626479061e+20
5.838383451e+20
5.780247341e+20
5.076137723e+20
4.397965544e+20
4.345087624e+20
6.147093829e+20
4.251338216e+20
3.609184671e+20
3.566003393e+20
5.298654458e+20
6.398926229e+20
5.186959665e+20
4.555899886e+20
3.950045449e+20
3.903392685e+20
3.315731789e+20
4.369064665e+20
4.330481851e+20
2.674980872e+20
4.242790352e+20
2.096834116e+20
4.677562822e+20
3.727324499e+20
1.241841823e+20
3.721486768e+20
6.196486799e+20
4.947989386e+20
2.470374752e+20
6.159873448e+20
1.229546174e+20
2.450934942e+20
3.667260081e+20
4.870106782e+20
2.427732512e+20
6.041067693e+20
8.427664771e+20
4.790392809e+20
2.385507002e+20
0
4.721414492e+20
3.518337658e+20
2.333683029e+20
2.317498581e+20
4.609242374e+20
6.862570915e+20
1.136857214e+20
5.639560011e+20
6.72347566e+20
2.222591937e+20
2.207149855e+20
2.188019136e+20
4.343765448e+20
8.609178194e+20
2.135547522e+20
7.40460848e+20
4.196657453e+20
5.195301597e+20
4.120806742e+20
5.100048286e+20
6.065819325e+20
3.002189529e+20
1.983096554e+20
3.925186521e+20
3.888043812e+20
6.732464234e+20
5.714559402e+20
4.711234996e+20
2.798574606e+20
3.691022428e+20
5.480180066e+20
5.420164733e+20
4.469969717e+20
2.652292546e+20
1.74962382e+20
2.595029923e+20
3.423431852e+20
2.538453784e+20
2.511458195e+20
2.482666595e+20
2.456183061e+20
5.664766787e+20
4.803659321e+20
7.912672162e+19
4.696933672e+20
4.641728298e+20
5.357688041e+20
4.537995837e+20
5.238175021e+20
3.697076868e+20
5.121304098e+20
4.3372855e+20
4.291836195e+20
7.067378325e+20
3.496955788e+20
6.218929738e+20
4.10324919e+20
4.053887047e+20
4.012558154e+20
5.946359738e+20
4.578324349e+20
3.877012153e+20
3.838403229e+20
5.056260624e+20
3.754919781e+20
4.946364235e+20
5.510709456e+20
4.23467536e+20
4.194207639e+20
4.144013601e+20
4.105002037e+20
4.056043124e+20
4.018446712e+20
3.970718681e+20
3.934493441e+20
3.332563654e+20
4.95397339e+20
2.719862288e+20
5.391689925e+20
4.795858524e+20
3.169469242e+20
3.654848518e+20
3.623625309e+20
4.946991306e+20
8.653062851e+20
4.939261116e+20
6.168118766e+20
6.156702733e+20
7.377242772e+20
2.45270259e+20
6.11967978e+20
2.439774042e+20
6.084280482e+20
7.271989663e+20
4.833430782e+20
1.202745704e+20
3.595522237e+20
7.153193368e+20
2.374760996e+20
4.721740558e+20
3.525178303e+20
5.837690422e+20
6.969795044e+20
4.614385395e+20
3.441577075e+20
3.41610641e+20
3.395503669e+20
2.245899769e+20
3.346968665e+20
4.425739878e+20
2.197509467e+20
5.446262549e+20
3.243679649e+20
3.214488826e+20
3.189498438e+20
5.266288624e+20
2.0893302e+20
5.173125868e+20
2.05162263e+20
3.04704931e+20
3.020065157e+20
1.993023212e+20
3.949500444e+20
9.771859588e+19
9.679451325e+19
2.87332897e+20
3.7938668e+20
4.691737796e+20
4.645012728e+20
4.594795684e+20
2.728829566e+20
8.996651399e+20
3.561361304e+20
5.28300165e+20
2.613767069e+20
5.169051233e+20
4.261982493e+20
2.528228729e+20
3.335132886e+20
4.94542456e+20
3.261788927e+20
4.030108087e+20
2.392246561e+20
2.364362343e+20
3.118843978e+20
3.852781414e+20
4.574116683e+20
5.273420972e+20
5.217495709e+20
2.946015553e+20
2.186204166e+20
5.760333954e+20
2.849987828e+20
4.927776156e+20
2.786600954e+20
3.441444218e+20
2.724796972e+20
4.711056764e+20
3.996879443e+20
4.606894219e+20
5.863436989e+20
5.149183471e+20
2.548950687e+20
6.295673233e+20
3.116891684e+20
4.927065814e+20
4.879292125e+20
4.218142613e+20
5.968326797e+20
4.127817507e+20
2.920682026e+20
5.194501124e+20
3.430899086e+20
5.08519034e+20
3.919063415e+20
4.425954559e+20
4.3862252e+20
4.876459745e+20
4.296357016e+20
4.776902522e+20
4.73541822e+20
4.680454153e+20
2.578043567e+20
7.386636595e+20
4.922055009e+20
2.458373505e+20
3.684005575e+20
6.128676241e+20
2.44788989e+20
4.883116014e+20
4.87350681e+20
2.428714328e+20
4.845370343e+20
6.032599188e+20
3.608696716e+20
7.183962817e+20
5.965558692e+20
4.747392214e+20
3.546167057e+20
3.525477666e+20
5.849062627e+20
1.046109228e+21
3.469409404e+20
6.890934205e+20
3.426358169e+20
6.802122134e+20
4.507424337e+20
4.472124945e+20
5.553881172e+20
8.812930489e+20
3.281929392e+20
2.169073285e+20
5.382762503e+20
7.468197142e+20
8.468785003e+20
2.097506203e+20
1.040204262e+20
3.090683186e+20
2.042916412e+20
5.056965493e+20
5.012214978e+20
4.961643906e+20
3.9329477e+20
6.811767082e+20
2.891739553e+20
5.722831479e+20
3.778158497e+20
3.737921046e+20
2.77553589e+20
5.491162667e+20
3.623548362e+20
4.479998028e+20
3.546865802e+20
5.261593134e+20
4.338641325e+20
5.148212015e+20
5.093777525e+20
5.036171436e+20
2.491322181e+20
4.104729116e+20
5.685350718e+20
2.408449592e+20
6.353972347e+20
2.354997811e+20
6.212994751e+20
5.372607624e+20
3.79672735e+20
6.003060512e+20
2.969702304e+20
3.668076208e+20
2.903508643e+20
3.586123934e+20
4.25825915e+20
4.908538865e+20
3.469653596e+20
4.113639384e+20
4.749811332e+20
4.692722465e+20
5.308430375e+20
3.277844536e+20
3.244797602e+20
2.564587067e+20
4.443326134e+20
4.389848578e+20
5.588601191e+20
3.680938046e+20
4.86032447e+20
3.601490106e+20
4.756088346e+20
5.286532523e+20
5.818618015e+20
3.449499213e+20
3.417520436e+20
5.065327341e+20
4.461433076e+20
4.408627648e+20
4.915185753e+20
5.397020914e+20
3.744558552e+20
5.286773089e+20
5.764953884e+20
3.107976399e+20
5.135728731e+20
3.676546832e+20
3.674780597e+20
1.223609305e+20
2.444861943e+20
6.100903757e+20
1.218400126e+20
2.430514243e+20
3.638603167e+20
3.626631646e+20
3.617636437e+20
6.005453511e+20
5.98744607e+20
3.575871518e+20
4.751057717e+20
2.363090058e+20
3.530335255e+20
9.359442047e+20
5.823061327e+20
4.628780421e+20
2.302705564e+20
3.430280231e+20
3.411273268e+20
3.386147669e+20
5.609606085e+20
4.452621954e+20
3.317816257e+20
3.290518327e+20
3.267718722e+20
6.479168599e+20
4.287674755e+20
3.186941554e+20
2.108138382e+20
4.177147383e+20
2.071562717e+20
6.155205039e+20
3.051425659e+20
5.035695905e+20
3.99293305e+20
3.952723696e+20
3.916533125e+20
7.752536605e+20
3.839658746e+20
2.849600889e+20
6.584514539e+20
6.514512972e+20
3.685544261e+20
3.645836598e+20
6.315362715e+20
3.569455277e+20
3.532487822e+20
2.620178714e+20
4.32114644e+20
5.12754015e+20
4.227784469e+20
6.688063381e+20
3.308499697e+20
4.088402028e+20
4.853787352e+20
5.597457828e+20
3.164410616e+20
3.909511943e+20
6.188496282e+20
4.586990242e+20
4.538170756e+20
5.23209747e+20
4.437105495e+20
5.845993322e+20
1.446083844e+20
5.001008491e+20
7.776389273e+20
6.286437243e+20
2.764929398e+20
4.097670656e+20
4.055461926e+20
4.006740272e+20
3.965886749e+20
3.918179338e+20
5.171565358e+20
3.193324814e+20
4.426122818e+20
4.372858434e+20
4.948414372e+20
4.277802581e+20
3.631127784e+20
5.979230565e+20
4.145451791e+20
4.680916764e+20
5.796048434e+20
4.008786306e+20
2.836871432e+20
6.166867557e+20
4.4440727e+20
3.842506387e+20
3.264012543e+20
3.76314367e+20
5.328457241e+20
4.212832483e+20
4.698288816e+20
4.643620552e+20
5.115530462e+20
7.319853993e+20
4.877561929e+20
4.87232898e+20
4.867641606e+20
3.644029106e+20
6.064526601e+20
3.629354905e+20
2.414816673e+20
4.81378601e+20
4.801856426e+20
5.978551041e+20
5.960639808e+20
4.746540649e+20
2.364929676e+20
4.705156734e+20
7.029288374e+20
2.329495234e+20
3.478374105e+20
1.152092032e+20
3.438842537e+20
5.69204442e+20
2.264213741e+20
6.742728978e+20
6.702176303e+20
5.541610412e+20
4.40457289e+20
3.276311466e+20
3.253630585e+20
1.075226359e+21
5.336622982e+20
3.173344217e+20
6.297473059e+20
7.279009282e+20
5.156979538e+20
5.107720181e+20
2.025723783e+20
6.017525386e+20
3.976234954e+20
4.920337989e+20
2.925191248e+20
3.860232065e+20
3.823796899e+20
5.67576641e+20
5.620693384e+20
4.634202581e+20
3.670497868e+20
6.354284139e+20
7.188257882e+20
5.332544522e+20
7.036451878e+20
5.219292446e+20
2.582275248e+20
4.255861359e+20
5.053068525e+20
2.49804191e+20
4.94301297e+20
4.07220431e+20
4.028808606e+20
3.18592889e+20
4.727901334e+20
4.672979075e+20
3.082095126e+20
3.046019994e+20
3.767007355e+20
3.722626882e+20
2.209896842e+20
3.639526981e+20
5.041601223e+20
4.269938889e+20
6.337805106e+20
4.870511389e+20
4.819884188e+20
2.040912713e+20
3.366482694e+20
4.656478676e+20
4.608998274e+20
5.204083708e+20
5.795560975e+20
4.45341609e+20
3.779187601e+20
5.600570525e+20
5.54549801e+20
5.478821573e+20
4.822828152e+20
5.360541375e+20
1.769764614e+20
4.6628343e+20
3.46419196e+20
3.993277792e+20
3.956252684e+20
5.584514722e+20
3.873491043e+20
4.374377655e+20
4.877000781e+20
4.819484255e+20
4.24616639e+20
4.196376072e+20
4.159948093e+20
3.597549122e+20
4.076392357e+20
7.28691349e+20
3.641711759e+20
3.637814675e+20
3.634318409e+20
4.836885699e+20
9.659678827e+20
8.430533125e+20
3.605993634e+20
4.79225746e+20
3.585293431e+20
4.76151082e+20
5.934072505e+20
5.906802326e+20
2.354424656e+20
3.51323967e+20
2.332727989e+20
3.478832077e+20
5.771746128e+20
5.735168849e+20
3.423760197e+20
4.533739493e+20
2.254332311e+20
3.356709828e+20
2.224360049e+20
5.517652345e+20
6.578334609e+20
4.349635672e+20
1.079887801e+20
1.070630904e+20
4.251078862e+20
6.319724829e+20
7.315886137e+20
5.177337455e+20
6.162284615e+20
5.086284276e+20
4.034471061e+20
6.991164618e+20
1.979837969e+20
1.959976747e+20
6.797195337e+20
1.922163982e+20
2.856049174e+20
4.710435823e+20
3.731804486e+20
3.692269185e+20
5.483360747e+20
5.424483551e+20
6.264295883e+20
4.42590027e+20
5.256118131e+20
4.331996782e+20
4.286576557e+20
4.238908734e+20
3.355304708e+20
5.805658114e+20
4.923432756e+20
6.489815093e+20
4.81550487e+20
7.140171645e+20
4.709333737e+20
3.87890678e+20
5.372565106e+20
5.309744809e+20
3.001856927e+20
2.966523753e+20
2.935077623e+20
3.625418374e+20
6.456936384e+20
3.544523132e+20
3.507389366e+20
3.465512681e+20
5.487184646e+20
5.421469688e+20
3.35351447e+20
3.975913644e+20
3.935371005e+20
4.53607282e+20
2.565903784e+20
5.703826978e+20
4.392112755e+20
7.438747987e+20
3.682796529e+20
4.851354861e+20
3.603222088e+20
2.966630498e+20
3.525919534e+20
5.225502381e+20
4.026001347e+20
3.977888809e+20
4.504004371e+20
4.450363192e+20
4.960973402e+20
5.446814312e+20
4.858129922e+20
5.334207932e+20
3.700983793e+20
4.180047727e+20
3.625795546e+20
4.095433031e+20
5.075606831e+20
3.627134067e+20
7.250799053e+20
4.828706311e+20
6.030087549e+20
4.815261026e+20
4.808252256e+20
5.994935925e+20
1.196635692e+20
3.578190461e+20
2.379558554e+20
3.55527766e+20
3.544644587e+20
2.352264908e+20
8.204043923e+20
4.663666129e+20
6.96735362e+20
3.46355664e+20
9.194281918e+20
4.568078918e+20
6.817619156e+20
4.514016555e+20
2.244536754e+20
0
4.429490353e+20
3.296340325e+20
2.18335171e+20
3.248262623e+20
2.15054375e+20
6.396447385e+20
1.058253546e+20
3.146494682e+20
5.203559758e+20
5.155567203e+20
4.090941909e+20
1.013005508e+20
7.030863408e+20
2.983768371e+20
2.957440702e+20
4.879714141e+20
4.835126664e+20
4.785692971e+20
4.740578927e+20
2.81473458e+20
5.574907321e+20
6.435272716e+20
4.550963329e+20
3.601743725e+20
2.673887537e+20
5.289788224e+20
4.36255611e+20
6.040610901e+20
5.977297497e+20
4.22209063e+20
5.848505894e+20
4.956629353e+20
4.086672543e+20
4.848229066e+20
4.796589194e+20
4.741482532e+20
3.127274272e+20
2.318269914e+20
5.351628205e+20
3.022352098e+20
4.485298835e+20
5.910071346e+20
5.116500884e+20
2.166851237e+20
4.288005355e+20
4.237043828e+20
5.590209215e+20
3.452191855e+20
4.782831908e+20
4.725583069e+20
4.008774928e+20
4.620790447e+20
7.187195698e+20
4.518706396e+20
5.112157032e+20
3.788001056e+20
3.125216408e+20
2.470096019e+20
5.503054624e+20
4.832789294e+20
4.785905957e+20
4.728432211e+20
4.6832188e+20
4.627085278e+20
3.437626884e+20
3.396529698e+20
3.365033198e+20
6.095715012e+20
3.294594639e+20
2.71290983e+20
3.226269691e+20
3.719515748e+20
4.740021473e+20
5.725288193e+20
5.159637484e+20
3.569567923e+20
3.539114455e+20
4.814609317e+20
7.218465552e+20
3.605389943e+20
9.605150936e+20
5.992286064e+20
5.983571511e+20
3.580980758e+20
3.573963409e+20
3.562329695e+20
4.738031489e+20
3.539562375e+20
4.705313682e+20
4.683802043e+20
2.33369213e+20
4.643194024e+20
2.312264575e+20
5.747357941e+20
5.72132745e+20
2.274098668e+20
5.65664827e+20
5.618080593e+20
8.93930383e+20
1.109259806e+20
3.307819601e+20
3.282211411e+20
3.261008877e+20
4.312556708e+20
2.141390485e+20
4.246227364e+20
4.215102384e+20
2.088826384e+20
1.03633445e+20
6.160775121e+20
3.055378722e+20
7.061526836e+20
7.001647303e+20
5.94285258e+20
6.872194431e+20
2.915791641e+20
5.778333731e+20
4.766137125e+20
3.776988048e+20
5.606602621e+20
4.626910737e+20
3.662449112e+20
9.065217254e+20
8.968205386e+19
4.438605923e+20
1.756222055e+20
2.607092238e+20
6.016618424e+20
5.953577578e+20
5.046486543e+20
4.161008841e+20
1.645711627e+20
5.698856374e+20
4.829246631e+20
3.185214361e+20
3.935829935e+20
2.336316325e+20
3.848777073e+20
3.046202201e+20
3.010655543e+20
2.978631715e+20
5.151363395e+20
4.368659398e+20
4.317032145e+20
4.271514282e+20
4.924249905e+20
5.568761295e+20
3.438973043e+20
3.403227554e+20
4.035016563e+20
5.324600742e+20
4.603150691e+20
4.556208167e+20
3.215337457e+20
5.092656412e+20
4.402488675e+20
4.358621368e+20
4.306192955e+20
4.263836607e+20
5.416160942e+20
4.171699044e+20
4.121595017e+20
4.082180353e+20
5.185592484e+20
5.136744821e+20
5.075310795e+20
4.469549781e+20
4.968295335e+20
6.016947127e+20
3.783490362e+20
4.820822948e+20
2.646569315e+20
4.197134891e+20
4.147769301e+20
4.625749784e+20
4.063702762e+20
6.043561841e+20
5.99153928e+20
7.186419141e+20
2.392928916e+20
4.781271593e+20
4.772586616e+20
4.765651719e+20
4.75352178e+20
2.372107156e+20
4.728811891e+20
4.717131888e+20
3.523985411e+20
4.684618248e+20
2.331628059e+20
5.808655479e+20
8.090076515e+20
5.755417285e+20
6.866809412e+20
4.557157597e+20
5.660610083e+20
3.37929666e+20
5.593851299e+20
2.225198824e+20
5.522500692e+20
3.293643987e+20
4.357604132e+20
3.24710969e+20
3.220689962e+20
4.264629612e+20
5.28538623e+20
7.345347682e+20
7.280223254e+20
4.127974483e+20
4.090057095e+20
7.09953493e+20
4.018434139e+20
4.980480717e+20
5.918371784e+20
3.910816196e+20
4.839755606e+20
7.672946958e+20
1.898696181e+20
6.582867782e+20
6.51457461e+20
5.529861176e+20
8.207367698e+20
2.708640831e+20
1.786468125e+20
8.841750824e+20
3.498474741e+20
6.059045493e+20
5.136699242e+20
3.388597241e+20
3.351081305e+20
4.973571872e+20
3.278528769e+20
4.054676595e+20
4.008676884e+20
5.55240021e+20
3.92054409e+20
3.878746491e+20
4.60066448e+20
6.0688459e+20
4.498573755e+20
2.22536502e+20
3.665405489e+20
5.077189315e+20
2.150244787e+20
5.673532757e+20
3.503876443e+20
2.080303996e+20
5.481368123e+20
4.068295673e+20
3.349709394e+20
1.98912145e+20
4.585645101e+20
4.538879172e+20
4.484369443e+20
1.902489e+20
6.891925424e+20
4.342066485e+20
3.06417356e+20
3.640837332e+20
4.19657106e+20
4.749544798e+20
3.519370123e+20
4.647615004e+20
3.443910184e+20
5.117199202e+20
3.932425386e+20
3.339389557e+20
3.299555555e+20
3.269444047e+20
4.307449744e+20
3.735187172e+20
4.218272177e+20
4.703671944e+20
5.164770387e+20
5.119959632e+20
2.530013309e+20
3.511813402e+20
4.772042537e+20
4.769770675e+20
4.7647175e+20
5.950194861e+20
3.563648854e+20
4.744633279e+20
2.366294278e+20
4.723329587e+20
5.885043808e+20
4.696415855e+20
3.508544949e+20
2.332052033e+20
4.642889661e+20
3.469982324e+20
3.452088239e+20
9.16862825e+20
3.418524751e+20
5.671782002e+20
3.381711658e+20
3.364731014e+20
3.341898058e+20
2.215654279e+20
4.399124571e+20
4.372785803e+20
7.59339899e+20
5.388880805e+20
7.483182993e+20
5.30828933e+20
6.31581179e+20
5.22466216e+20
4.142748801e+20
5.138445019e+20
7.127877771e+20
4.040056558e+20
4.001848142e+20
9.919910743e+19
4.91174321e+20
5.842194707e+20
3.856016595e+20
4.776065899e+20
5.673001218e+20
3.746413669e+20
3.707614896e+20
3.671739993e+20
3.633106855e+20
5.395607799e+20
8.896761575e+20
5.283943188e+20
6.969232098e+20
3.448609751e+20
5.116457771e+20
5.062884055e+20
9.179340767e+20
7.431130517e+20
5.715036111e+20
4.846638922e+20
5.590344936e+20
4.740723408e+20
3.905376519e+20
3.863749317e+20
4.582934193e+20
5.28978528e+20
5.228180898e+20
4.433644695e+20
7.302747904e+20
4.335222168e+20
2.856048867e+20
4.945394726e+20
3.490533919e+20
5.526355429e+20
4.095404169e+20
2.70189111e+20
6.006603839e+20
3.96315063e+20
5.220882461e+20
2.583817998e+20
3.8291965e+20
3.790573583e+20
4.369179263e+20
4.943585009e+20
4.273616699e+20
5.440593896e+20
4.777935494e+20
2.365785313e+20
4.090387201e+20
2.315007672e+20
4.57447786e+20
5.097801763e+20
3.917500969e+20
3.881166036e+20
3.834845405e+20
5.428353668e+20
4.291036546e+20
4.252519635e+20
3.676887831e+20
5.726973321e+20
4.63048376e+20
4.590313805e+20
4.032460387e+20
3.998080253e+20
5.938800199e+20
5.935977023e+20
2.371881556e+20
3.554419405e+20
5.913327437e+20
2.361899712e+20
9.423677781e+20
2.351313966e+20
2.343719988e+20
3.506910737e+20
8.150891472e+20
2.321884383e+20
5.77837541e+20
3.454903558e+20
2.291421044e+20
5.705584699e+20
4.538364287e+20
4.517863744e+20
3.367183181e+20
4.467053856e+20
3.32760859e+20
3.309286893e+20
3.285306899e+20
2.177102771e+20
2.16036144e+20
3.219663761e+20
4.25810861e+20
4.228784594e+20
4.192922102e+20
4.162265102e+20
6.188271934e+20
5.117100741e+20
6.084344098e+20
6.035062378e+20
8.967146622e+20
6.91543791e+20
4.891675267e+20
2.90918059e+20
3.840356939e+20
4.75669831e+20
5.650100293e+20
4.664139193e+20
4.615920143e+20
5.485537156e+20
5.427916999e+20
3.582737783e+20
4.430732418e+20
4.38583598e+20
4.338583402e+20
6.011277674e+20
6.795166932e+20
5.043029207e+20
3.324905521e+20
4.112295188e+20
1.626520267e+20
3.218542215e+20
3.977650701e+20
3.935324622e+20
6.224521367e+20
3.84886767e+20
3.043560028e+20
4.516703465e+20
7.440257084e+19
3.680575018e+20
5.819919094e+20
4.318694765e+20
5.690375841e+20
2.111396725e+20
4.868209675e+20
3.440871104e+20
2.719933682e+20
4.71041048e+20
5.31902547e+20
4.606201179e+20
4.551030345e+20
5.148129886e+20
3.814757483e+20
3.776277816e+20
4.35271286e+20
4.924949881e+20
5.473944906e+20
6.022319501e+20
2.379963283e+20
5.302948483e+20
5.821371213e+20
3.459411356e+20
5.126857741e+20
4.514267401e+20
4.460216466e+20
4.971200702e+20
2.728800145e+20
3.785453629e+20
2.671717472e+20
5.825018948e+20
3.662894829e+20
4.149222822e+20
4.612810122e+20
4.572798635e+20
5.021273322e+20
5.974166282e+20
5.9127773e+20
7.091964711e+20
4.722992223e+20
3.538859329e+20
3.532480967e+20
2.351573867e+20
5.864087978e+20
2.341053475e+20
4.667024307e+20
8.14716858e+20
2.318710944e+20
3.467707514e+20
4.602685819e+20
5.733258792e+20
3.422303937e+20
2.272396246e+20
2.259432296e+20
2.249234917e+20
3.352779005e+20
3.335973192e+20
3.313440801e+20
4.393617469e+20
3.271389296e+20
3.251836883e+20
1.075628845e+20
2.137409368e+20
4.24026349e+20
4.211087103e+20
3.131587388e+20
4.144945817e+20
5.135529052e+20
5.095933051e+20
5.049405651e+20
3.005122855e+20
4.961354419e+20
6.887171284e+20
3.897416513e+20
7.726295099e+20
3.824823958e+20
3.78998973e+20
9.378972531e+19
4.645412887e+20
3.677976273e+20
4.553033782e+20
5.406346531e+20
5.35277623e+20
5.295868236e+20
6.115933225e+20
6.050144572e+20
2.56614647e+20
4.230374718e+20
3.348886318e+20
6.62394076e+20
4.096309785e+20
3.240444457e+20
6.412177872e+20
4.754780421e+20
4.704196944e+20
4.6504689e+20
6.134560352e+20
6.821820696e+20
1.499812757e+20
5.188331468e+20
4.399864527e+20
2.898904571e+20
4.302292899e+20
4.251613897e+20
6.31019883e+20
5.54264226e+20
4.799016706e+20
4.064513817e+20
4.692646518e+20
3.9742496e+20
3.277755864e+20
3.238512998e+20
5.128770482e+20
5.067235932e+20
2.508059649e+20
2.477925776e+20
5.519761557e+20
4.847462424e+20
5.999705786e+20
4.742052887e+20
4.109023928e+20
4.639598208e+20
2.872008061e+20
3.972557596e+20
2.810802632e+20
3.887989425e+20
5.502747734e+20
5.4370066e+20
2.693691663e+20
4.790905378e+20
4.220357284e+20
4.691581622e+20
5.166867868e+20
3.574099577e+20
5.061574023e+20
4.00169474e+20
5.951387229e+20
5.886981463e+20
7.061029254e+20
3.526801827e+20
4.697913192e+20
3.517100581e+20
4.682675829e+20
3.503160501e+20
6.992646428e+20
3.485089277e+20
3.476508969e+20
3.463024865e+20
2.301812767e+20
2.291421936e+20
7.991983504e+20
4.543471588e+20
5.656607645e+20
2.249765873e+20
2.239620858e+20
7.789827595e+20
5.536296397e+20
5.498988573e+20
5.468764183e+20
4.343452152e+20
4.317514721e+20
3.213345517e+20
4.256903883e+20
4.222567318e+20
3.145152842e+20
4.158122612e+20
4.127770067e+20
5.114341112e+20
4.059951813e+20
3.017217503e+20
6.983237684e+20
5.929352405e+20
2.939629197e+20
3.881621876e+20
6.733151585e+20
1.904708061e+20
5.662116683e+20
4.670707236e+20
2.77610181e+20
4.57916744e+20
6.348904374e+20
3.589964551e+20
5.331614442e+20
8.791704953e+20
3.481078096e+20
4.30461378e+20
2.556110203e+20
5.056679326e+20
4.169819214e+20
5.773487114e+20
4.896537814e+20
6.455891098e+20
3.193731655e+20
3.15768088e+20
4.686143975e+20
5.404797831e+20
3.819445657e+20
5.285646242e+20
2.988203046e+20
5.168633689e+20
4.38316674e+20
3.609916593e+20
5.714686863e+20
5.647423937e+20
4.889413307e+20
6.211996472e+20
4.780950913e+20
2.699495154e+20
5.342875471e+20
4.619233231e+20
5.224737541e+20
4.516934253e+20
4.470861616e+20
2.524135787e+20
3.123339459e+20
6.171642309e+20
3.666073461e+20
4.829332677e+20
4.184082885e+20
3.543234704e+20
3.508841404e+20
5.777788067e+20
4.005756247e+20
3.392289923e+20
3.920374787e+20
4.980085413e+20
4.385676261e+20
5.416567741e+20
5.367129201e+20
4.242538963e+20
4.730015089e+20
3.635225927e+20
4.11788456e+20
3.560561294e+20
3.529684861e+20
5.481420027e+20
5.434716124e+20
3.516845837e+20
7.030362508e+20
5.852489238e+20
4.677525778e+20
2.334569031e+20
5.827976716e+20
3.488000571e+20
6.962396436e+20
3.470041402e+20
2.307669933e+20
3.448112853e+20
4.583813062e+20
5.703965334e+20
5.684072397e+20
2.262019461e+20
5.632433087e+20
1.120090904e+20
5.575221595e+20
4.432449635e+20
3.307702781e+20
4.380618796e+20
4.356562146e+20
5.406508123e+20
4.299400219e+20
6.399835337e+20
6.358707836e+20
5.256272797e+20
3.132099612e+20
4.140938588e+20
2.055368038e+20
6.111992745e+20
4.043294992e+20
4.00652417e+20
3.974146443e+20
4.921063854e+20
6.831325642e+20
1.932977371e+20
3.832008837e+20
6.639730871e+20
1.879810669e+20
2.791246804e+20
4.608407793e+20
5.473211629e+20
3.613578385e+20
1.787905288e+20
2.655309659e+20
4.378617637e+20
5.201167253e+20
3.430262136e+20
5.092304268e+20
3.35804159e+20
5.815119522e+20
5.751199478e+20
5.69059251e+20
4.823314037e+20
1.590734633e+20
5.504802239e+20
6.224305383e+20
5.384206713e+20
3.804902692e+20
3.761132416e+20
4.46530086e+20
2.942334235e+20
2.911063475e+20
5.034828239e+20
5.693146807e+20
4.922916449e+20
3.479309587e+20
4.813430619e+20
2.721726073e+20
4.70643363e+20
2.661438592e+20
3.287122789e+20
4.554561136e+20
5.785813384e+20
4.454174563e+20
3.772086478e+20
4.97870701e+20
4.91891431e+20
3.043673765e+20
4.209920783e+20
5.35948564e+20
3.530028918e+20
5.243640842e+20
4.029368212e+20
2.280464874e+20
5.069438617e+20
4.463698326e+20
3.858919193e+20
3.276958416e+20
4.856653778e+20
4.277621438e+20
4.754942772e+20
2.617923611e+20
5.691003435e+20
3.07679421e+20
3.547125187e+20
4.018707585e+20
4.964243739e+20
2.953173154e+20
7.003271027e+20
6.999960987e+20
2.330878385e+20
3.492985911e+20
6.973476273e+20
4.642262068e+20
4.630628379e+20
5.777005865e+20
5.758538193e+20
5.744382974e+20
5.722214525e+20
3.423127795e+20
4.543668819e+20
2.263917732e+20
4.504771778e+20
3.365078567e+20
3.34601858e+20
5.551593038e+20
0
1.0979155e+20
3.271652163e+20
6.507401837e+20
5.383891866e+20
6.422155627e+20
3.186601577e+20
4.221520895e+20
5.234518028e+20
5.198590473e+20
6.185844015e+20
7.164223662e+20
7.101479614e+20
2.013387145e+20
2.992669024e+20
4.947504464e+20
3.92093038e+20
1.943926021e+20
5.775620356e+20
3.816626969e+20
4.723712359e+20
7.489237831e+20
5.560316153e+20
1.836050182e+20
5.451594451e+20
5.39898713e+20
3.561767771e+20
3.526525932e+20
1.744606966e+20
4.31739743e+20
4.271171967e+20
4.227118923e+20
1.672532353e+20
5.792666877e+20
4.910642791e+20
6.478545034e+20
2.402426086e+20
6.338601359e+20
3.917017183e+20
2.325225277e+20
5.363771895e+20
5.306658076e+20
5.245676223e+20
4.448425671e+20
2.198435765e+20
3.625123764e+20
2.866237942e+20
4.962797455e+20
4.203836694e+20
3.46627943e+20
5.480507273e+20
5.423113519e+20
3.349201875e+20
5.303028047e+20
3.92986209e+20
6.482291622e+20
5.123823148e+20
4.437611612e+20
3.758074158e+20
4.340183195e+20
3.67548855e+20
3.638845067e+20
4.194292375e+20
4.746297809e+20
3.516921204e+20
3.482776886e+20
3.440911598e+20
3.407984467e+20
5.611759619e+20
5.558865998e+20
3.844546486e+20
4.897126899e+20
4.838532829e+20
4.261659534e+20
3.684460248e+20
3.651388742e+20
4.638821019e+20
4.59789315e+20
5.048271577e+20
4.504054504e+20
4.450968601e+20
4.903400451e+20
5.810926987e+20
2.323273755e+20
5.802120371e+20
2.318638614e+20
4.629003539e+20
2.311157828e+20
4.610761279e+20
5.752229068e+20
5.733886928e+20
4.575842623e+20
3.418670813e+20
6.817043027e+20
4.52433138e+20
5.635722778e+20
2.242834024e+20
2.233879441e+20
8.885026316e+20
3.316898351e+20
3.296373935e+20
4.373209993e+20
3.257955873e+20
6.480189957e+20
4.289171229e+20
4.263623428e+20
6.346791705e+20
4.204049063e+20
7.298119632e+20
5.177192539e+20
5.133741424e+20
6.115629602e+20
5.051813465e+20
6.015582065e+20
3.974058633e+20
6.898484796e+20
9.762844814e+19
5.808324327e+20
3.834996851e+20
4.751710118e+20
5.645892819e+20
3.729735749e+20
4.615261841e+20
5.486385121e+20
2.71507368e+20
6.274070471e+20
5.321752248e+20
3.5127475e+20
3.475640191e+20
4.300620229e+20
1.701858064e+20
5.895089584e+20
4.165234667e+20
4.121704963e+20
3.261220845e+20
2.420155153e+20
3.988775914e+20
2.367918618e+20
3.902146542e+20
5.404941468e+20
3.816779717e+20
6.79706369e+20
2.239678736e+20
4.431677551e+20
3.650305464e+20
6.500737875e+20
4.997146099e+20
4.944231414e+20
5.584198252e+20
4.144015808e+20
6.825130048e+20
2.701463156e+20
4.004110314e+20
6.604157994e+20
3.915285771e+20
5.166597635e+20
4.466737393e+20
3.789575473e+20
5.616248337e+20
5.559579745e+20
4.882523602e+20
5.438072971e+20
4.775748082e+20
4.137646856e+20
3.503910474e+20
4.048204184e+20
2.856811685e+20
3.395365767e+20
5.031868434e+20
3.876784067e+20
4.924646288e+20
4.878952088e+20
4.820546603e+20
3.184362233e+20
4.719516046e+20
4.677154112e+20
5.134996523e+20
4.580724171e+20
4.023491325e+20
4.985766905e+20
2.956162978e+20
5.373483518e+20
1.157202063e+20
4.626626652e+20
5.777259666e+20
3.463058689e+20
1.152298477e+20
2.301269959e+20
1.147765981e+20
5.727663892e+20
3.42566749e+20
7.973606249e+20
6.808275073e+20
3.394039351e+20
2.252578921e+20
1.122371023e+20
3.350044248e+20
2.224453396e+20
4.423826743e+20
3.302959033e+20
4.376757285e+20
5.443640492e+20
3.24437378e+20
6.453204711e+20
4.271377831e+20
4.24595739e+20
5.267165216e+20
6.280081888e+20
1.038308858e+20
5.155970036e+20
2.045114132e+20
6.090700964e+20
3.018785578e+20
3.994134618e+20
9.895055935e+19
2.944581065e+20
4.86184022e+20
3.856705655e+20
6.684480413e+20
2.839673058e+20
4.686258085e+20
2.786227816e+20
5.516485699e+20
6.375589537e+20
4.507390298e+20
5.356728282e+20
4.417513092e+20
4.373845394e+20
5.193257476e+20
4.283972914e+20
3.390596605e+20
4.194563474e+20
3.319409521e+20
4.105912678e+20
4.060969432e+20
4.018211393e+20
3.178899473e+20
3.931550805e+20
6.219821413e+20
3.846080636e+20
5.323364093e+20
4.514316935e+20
5.206306174e+20
7.358425116e+19
5.091315872e+20
4.317624026e+20
4.978515758e+20
4.925803768e+20
2.086288669e+20
5.504815571e+20
3.399907599e+20
6.055749942e+20
4.654170408e+20
3.947827943e+20
3.900817183e+20
4.504066128e+20
3.814501817e+20
3.775587876e+20
3.108632941e+20
4.308170463e+20
4.86452942e+20
4.214021174e+20
4.758149824e+20
5.300223922e+20
3.490995653e+20
5.185645111e+20
2.846275334e+20
3.946646863e+20
3.342194266e+20
4.966030862e+20
4.361279873e+20
3.780709087e+20
4.269060978e+20
4.230090449e+20
4.701999908e+20
3.624285288e+20
3.069534426e+20
4.563682936e+20
5.511657618e+20
4.967168603e+20
2.454247523e+20
3.893365909e+20
0
5.758594843e+20
4.602088876e+20
5.747144277e+20
2.294776552e+20
6.87439901e+20
5.714417691e+20
5.703307637e+20
2.274084875e+20
2.268507832e+20
2.259818202e+20
3.379679732e+20
5.607682657e+20
1.117637752e+20
6.671913885e+20
2.215106565e+20
3.303972653e+20
5.481893975e+20
4.358502875e+20
2.168383636e+20
4.307872616e+20
8.568591042e+20
4.253731452e+20
5.28554643e+20
5.245516772e+20
5.211919634e+20
4.13625675e+20
9.242857465e+20
6.110399554e+20
5.054978942e+20
4.008776719e+20
3.978012406e+20
3.942115015e+20
6.843116601e+20
5.81089742e+20
4.801648568e+20
3.804530832e+20
4.714016839e+20
4.667752799e+20
2.775241155e+20
2.747414291e+20
1.814455421e+20
6.285714721e+20
3.557230644e+20
6.160513506e+20
5.228266698e+20
5.173210638e+20
4.267453982e+20
5.910761205e+20
5.849862305e+20
4.960093406e+20
4.908289137e+20
4.854637307e+20
3.202358171e+20
4.750304929e+20
7.050030973e+20
4.647289724e+20
3.831598682e+20
6.06101445e+20
2.998257357e+20
2.963909675e+20
3.665464016e+20
5.072346509e+20
1.433847827e+20
5.668598647e+20
4.907512975e+20
6.235682017e+20
2.74221443e+20
3.387343721e+20
5.362999437e+20
6.624294746e+20
3.933269266e+20
3.886455137e+20
3.846413445e+20
3.800475499e+20
6.269505262e+20
6.813867392e+20
4.292340538e+20
3.635000538e+20
5.398128718e+20
2.962925491e+20
5.280760181e+20
5.217263531e+20
2.29626544e+20
2.835816418e+20
5.055609966e+20
5.549834475e+20
4.947760497e+20
4.3452156e+20
4.843004199e+20
5.316635943e+20
5.268100813e+20
4.68461331e+20
3.095043335e+20
4.077541235e+20
4.546768025e+20
5.990365249e+20
4.453837685e+20
4.89018936e+20
4.848566023e+20
2.294725023e+20
3.440469758e+20
5.728171957e+20
2.289093288e+20
2.285039489e+20
2.281745888e+20
3.414127372e+20
7.950820709e+20
2.264473362e+20
9.035696461e+20
6.750877114e+20
4.48725481e+20
6.700941292e+20
3.338832707e+20
3.321987618e+20
6.61751386e+20
4.38692158e+20
4.367238598e+20
3.255300076e+20
4.318772728e+20
5.362577532e+20
1.066650482e+20
2.118115139e+20
4.211060893e+20
4.179236443e+20
4.152490665e+20
5.149270405e+20
2.045617104e+20
5.071382248e+20
5.034540371e+20
4.990796269e+20
2.971514868e+20
4.90791876e+20
3.894722552e+20
1.929257371e+20
3.826054341e+20
3.789478626e+20
4.695393567e+20
4.649393087e+20
5.528681596e+20
9.122234747e+19
2.711054414e+20
4.47233898e+20
6.200980135e+20
6.13669431e+20
5.208076081e+20
5.153317973e+20
4.251061955e+20
5.88815264e+20
4.16250565e+20
4.117681085e+20
4.889626075e+20
6.448335495e+20
4.785359471e+20
3.154931133e+20
3.121543164e+20
6.17312712e+20
3.817225379e+20
4.528766196e+20
5.227345269e+20
7.382175264e+20
5.842908547e+20
4.331586835e+20
4.285582272e+20
4.941668738e+20
4.889357517e+20
5.522372577e+20
3.415120371e+20
5.399795771e+20
4.675349416e+20
3.959972889e+20
4.571953835e+20
5.162931278e+20
3.832303072e+20
5.679827935e+20
4.997226915e+20
4.320225794e+20
5.498519809e+20
3.621702032e+20
5.975973154e+20
3.542504663e+20
4.092230231e+20
4.620599379e+20
3.431792526e+20
5.650868169e+20
4.477418912e+20
5.529495353e+20
4.929624076e+20
5.411586542e+20
5.361364636e+20
2.648545219e+20
4.723858838e+20
4.667354818e+20
4.625461589e+20
5.078102456e+20
5.033308931e+20
4.973482223e+20
3.451269624e+20
5.359221675e+20
4.347503465e+20
3.427515656e+20
3.425906945e+20
2.281575837e+20
4.558822928e+20
5.68846177e+20
2.272107561e+20
2.266484431e+20
7.917295848e+20
2.254942755e+20
4.498842069e+20
3.361269768e+20
6.702643908e+20
3.336450032e+20
3.324869927e+20
5.513557997e+20
5.491616458e+20
5.460873683e+20
3.261835289e+20
7.564282395e+20
5.376158622e+20
3.204298577e+20
7.435844293e+20
3.164154394e+20
2.096913434e+20
6.243299271e+20
4.135584415e+20
2.051356235e+20
3.056000277e+20
4.040744922e+20
2.005706565e+20
4.970783438e+20
4.932694145e+20
8.799031867e+20
5.818825813e+20
4.804025116e+20
5.716365995e+20
1.887272528e+20
6.547683609e+20
6.483648134e+20
5.507051467e+20
2.726010258e+20
2.700508389e+20
4.455016959e+20
4.412138327e+20
4.366470425e+20
3.458693873e+20
4.277981424e+20
3.3878363e+20
6.703675851e+20
3.317327835e+20
5.742898378e+20
3.247402936e+20
4.818004672e+20
3.178212496e+20
6.286163984e+20
4.664741747e+20
6.150041903e+20
5.324143312e+20
5.263881176e+20
5.951869858e+20
5.14834682e+20
5.093582058e+20
2.157783731e+20
5.692985435e+20
4.220099149e+20
6.263146153e+20
3.438791953e+20
4.083078833e+20
4.034990987e+20
5.323658342e+20
4.603055166e+20
3.904471688e+20
2.572030662e+20
5.091061129e+20
3.143941719e+20
2.4894919e+20
3.074621375e+20
4.261027135e+20
4.811333968e+20
2.977092773e+20
4.117859129e+20
4.659785268e+20
4.028285529e+20
3.419278823e+20
5.630254993e+20
3.903447088e+20
3.305582859e+20
2.18294228e+20
4.313439482e+20
4.807582161e+20
3.694381681e+20
4.183604138e+20
5.166914471e+20
4.608483732e+20
3.54159183e+20
2.507395332e+20
5.45064284e+20
2.947318203e+20
3.883187655e+20
4.331417435e+20
4.550755514e+20
3.411466895e+20
2.271964556e+20
4.539622388e+20
3.398716756e+20
7.91892611e+20
3.385446896e+20
6.7577593e+20
5.613730086e+20
2.239997576e+20
5.578699054e+20
4.449761034e+20
2.215030847e+20
1.103674481e+20
9.883191099e+20
2.187531493e+20
3.262970306e+20
2.16556933e+20
4.30464197e+20
6.424841915e+20
5.318598802e+20
3.173737192e+20
4.201656437e+20
4.176733332e+20
5.181626157e+20
3.089111453e+20
3.064607652e+20
4.058233498e+20
5.030644339e+20
3.995324066e+20
3.960744374e+20
3.930417348e+20
3.895150981e+20
5.79575225e+20
1.914023108e+20
3.795886391e+20
1.879864361e+20
6.522019005e+20
6.458344995e+20
6.399854915e+20
3.620577092e+20
4.483406823e+20
4.437828602e+20
4.395137167e+20
5.219660784e+20
3.445439398e+20
7.670982153e+20
5.90611393e+20
5.008671801e+20
4.957120951e+20
6.538523797e+20
4.043935433e+20
3.19992993e+20
5.540982455e+20
5.479812664e+20
4.64730016e+20
6.89301979e+20
3.788799871e+20
4.495155296e+20
2.964897898e+20
3.663794818e+20
5.7997249e+20
3.583055117e+20
3.545010491e+20
4.905363135e+20
6.933495199e+20
4.796671644e+20
5.42416478e+20
4.69028436e+20
3.315127155e+20
3.931084582e+20
3.890230454e+20
3.843996603e+20
3.804390642e+20
4.38551016e+20
4.960873397e+20
3.676138766e+20
3.639035262e+20
4.194627282e+20
5.339300607e+20
3.516776187e+20
5.223217321e+20
4.013653674e+20
4.542474731e+20
4.487833324e+20
3.889256561e+20
4.391408871e+20
3.806247833e+20
5.372156337e+20
5.322294159e+20
2.629213705e+20
2.605209325e+20
4.118414698e+20
5.101811172e+20
4.536781516e+20
2.997844895e+20
3.455838701e+20
4.894142532e+20
4.352474219e+20
3.356461116e+20
6.797477852e+20
4.52953075e+20
4.524867821e+20
4.520582905e+20
3.384476784e+20
4.506146277e+20
5.618811001e+20
5.607919417e+20
4.472240404e+20
1.115326372e+20
5.555476784e+20
4.431248131e+20
3.30875791e+20
3.297291808e+20
3.280772894e+20
2.178491737e+20
4.332704103e+20
5.391639468e+20
3.215237206e+20
1.066418515e+20
4.237503068e+20
7.37517776e+20
5.230725358e+20
2.079889286e+20
4.128539e+20
2.051090784e+20
1.017426973e+20
6.062897975e+20
4.008415868e+20
5.969045323e+20
4.931235448e+20
2.93610331e+20
3.879743987e+20
7.697147936e+20
4.766239609e+20
2.835735089e+20
4.681285317e+20
2.784237775e+20
3.676136335e+20
4.553579178e+20
3.606582863e+20
5.359321166e+20
4.420772367e+20
2.626959915e+20
3.466473824e+20
3.432286123e+20
1.698182478e+20
3.362106272e+20
5.821352899e+20
4.938392738e+20
3.256960852e+20
6.445971799e+20
3.984933957e+20
4.731642316e+20
2.33973655e+20
3.858323763e+20
5.341337403e+20
4.529694341e+20
5.971381654e+20
4.430913648e+20
5.840478738e+20
4.333778675e+20
3.569901308e+20
4.238401526e+20
3.491006893e+20
4.14487568e+20
4.779163307e+20
4.728823739e+20
4.005603892e+20
3.963667672e+20
2.611198607e+20
3.230077275e+20
5.745073749e+20
3.790586349e+20
3.745386802e+20
4.325032483e+20
2.441885977e+20
4.230167297e+20
4.179448002e+20
4.137758442e+20
5.256077381e+20
5.204314037e+20
3.999127727e+20
3.960277084e+20
3.353685917e+20
6.089551027e+20
4.375490183e+20
4.334225691e+20
3.746859148e+20
4.772674518e+20
3.143584065e+20
5.191470945e+20
5.129259982e+20
5.083221333e+20
3.515718716e+20
3.982527943e+20
4.42694562e+20
3.413354202e+20
3.854649542e+20
4.777333188e+20
4.512708009e+20
3.382948928e+20
3.379474338e+20
1.125425615e+20
6.74071128e+20
6.731025069e+20
1.00717328e+21
5.584568841e+20
4.453652547e+20
3.332078334e+20
4.425957637e+20
1.103222158e+20
3.295083518e+20
4.378231467e+20
2.178173985e+20
5.423815965e+20
3.236196147e+20
7.51735362e+20
3.202101155e+20
7.434461074e+20
3.165201328e+20
6.295897889e+20
3.12573178e+20
3.107220679e+20
4.111912084e+20
2.042840838e+20
5.066754917e+20
4.025760908e+20
2.994333421e+20
2.972647531e+20
4.911696504e+20
1.949657514e+20
3.864458395e+20
1.91671659e+20
5.697082657e+20
5.649285691e+20
6.528274014e+20
4.622349057e+20
4.577376157e+20
6.350358926e+20
3.592696399e+20
4.448928207e+20
2.642308043e+20
5.233829882e+20
4.31659384e+20
4.274041118e+20
5.075254012e+20
5.861427713e+20
5.799421862e+20
2.459902752e+20
4.055940034e+20
4.816371838e+20
5.558094168e+20
7.071005393e+20
6.993140957e+20
2.306402684e+20
3.8011317e+20
3.008635667e+20
4.462039617e+20
3.678834538e+20
5.819044259e+20
5.757174892e+20
4.268212468e+20
7.038174368e+19
3.478276503e+20
4.818059426e+20
4.081527703e+20
4.711629254e+20
3.991070284e+20
4.6075025e+20
4.553050491e+20
3.862057392e+20
3.180168813e+20
5.035842495e+20
3.731863265e+20
5.540675606e+20
4.866153593e+20
3.612775197e+20
4.164378186e+20
4.122835938e+20
5.81903123e+20
4.033203289e+20
4.553950337e+20
1.691139674e+20
3.898515605e+20
5.515975427e+20
3.269764865e+20
2.699104883e+20
4.799966915e+20
4.755410106e+20
4.176259751e+20
4.138128438e+20
2.5553189e+20
4.051813181e+20
4.003341035e+20
4.96004451e+20
3.430613553e+20
3.40090018e+20
4.320604358e+20
4.283865738e+20
4.493921841e+20
4.491823995e+20
3.365415758e+20
8.965958142e+20
5.593919737e+20
2.234354986e+20
2.228878954e+20
2.224564766e+20
0
4.424390101e+20
4.407685964e+20
5.493350801e+20
2.187681125e+20
3.270167419e+20
3.253859902e+20
3.240951786e+20
4.297297553e+20
5.347617585e+20
5.315120007e+20
7.404240251e+20
5.253966789e+20
3.135211342e+20
4.150841027e+20
5.157848345e+20
6.143127833e+20
6.103970975e+20
6.055845132e+20
1.002429678e+20
5.964900034e+20
4.934777543e+20
2.935387071e+20
2.912960798e+20
4.811615971e+20
1.909205528e+20
6.620661403e+20
2.81363704e+20
6.502946644e+20
4.604441656e+20
9.119438352e+19
2.711098682e+20
5.368374688e+20
5.318264399e+20
8.774100438e+19
5.213892989e+20
4.300220561e+20
1.703139287e+20
3.370737446e+20
5.005146192e+20
4.952276099e+20
4.08446472e+20
5.657110185e+20
7.197599934e+20
4.7463733e+20
3.913746578e+20
6.193124605e+20
4.595749291e+20
4.544551642e+20
5.995114593e+20
6.668496117e+20
3.665340756e+20
2.898883266e+20
4.30209987e+20
4.961433838e+20
6.311280938e+20
3.465638621e+20
6.857940894e+20
2.711158456e+20
3.353256684e+20
3.313868132e+20
3.935012003e+20
3.240444876e+20
5.130831107e+20
4.436198365e+20
3.763276131e+20
3.09869753e+20
5.520739667e+20
4.848661893e+20
4.199751241e+20
4.742190462e+20
2.934300487e+20
3.478876649e+20
4.018711664e+20
5.104785852e+20
4.493497988e+20
3.884499157e+20
4.946525171e+20
4.886996109e+20
4.840900491e+20
4.782669076e+20
4.211795686e+20
2.600739825e+20
4.123188776e+20
4.582935311e+20
4.541800623e+20
3.988823877e+20
3.459442319e+20
4.883055101e+20
4.356690052e+20
4.783159786e+20
4.268246343e+20
3.356468577e+20
3.354903797e+20
2.234315774e+20
3.348308088e+20
4.456618579e+20
3.337668086e+20
2.219671763e+20
6.64613549e+20
5.521170685e+20
5.507700699e+20
7.681737932e+20
4.376622287e+20
2.178714023e+20
5.427953148e+20
4.320757747e+20
5.379538129e+20
8.5596208e+20
2.130350048e+20
3.176148453e+20
5.267331518e+20
3.139662269e+20
2.081717604e+20
5.167718253e+20
2.054865128e+20
5.098821018e+20
2.026538455e+20
6.031777205e+20
3.993803862e+20
9.902201873e+19
3.932238042e+20
4.873079475e+20
4.835876354e+20
4.792807155e+20
2.852629655e+20
3.768530276e+20
3.736955556e+20
4.62701074e+20
5.504006963e+20
3.633758315e+20
3.600927233e+20
2.673931366e+20
4.414975843e+20
6.118533875e+20
6.059791977e+20
4.283971024e+20
4.241777553e+20
5.87661931e+20
1.662117891e+20
2.466879348e+20
5.69688893e+20
2.415455194e+20
3.983801413e+20
5.516929868e+20
4.679117758e+20
3.08514675e+20
6.105091841e+20
6.037158184e+20
5.226480372e+20
2.214704147e+20
3.651945601e+20
4.332482885e+20
4.286433508e+20
4.943418253e+20
2.096124155e+20
5.524947589e+20
6.833120719e+20
4.727396878e+20
2.672921543e+20
2.641544788e+20
3.267365821e+20
4.520313279e+20
2.556192969e+20
4.420275523e+20
5.624652097e+20
4.940142758e+20
4.889730379e+20
4.831295492e+20
2.989076178e+20
3.543910494e+20
3.508552731e+20
4.044161738e+20
6.292508838e+20
5.651677098e+20
3.91773048e+20
3.870583136e+20
3.833511422e+20
4.328419124e+20
4.287589017e+20
4.235995967e+20
4.721253299e+20
4.146216146e+20
4.108356597e+20
5.073796165e+20
4.022604697e+20
5.961617439e+20
4.431785709e+20
3.405753987e+20
3.3762628e+20
4.289197821e+20
4.252740433e+20
4.456814865e+20
3.341054886e+20
3.337646604e+20
2.22299784e+20
8.876507956e+20
6.647835855e+20
5.526350818e+20
5.51566946e+20
2.199402316e+20
5.485100776e+20
5.464489372e+20
3.269033801e+20
4.339640263e+20
3.243485654e+20
2.15158991e+20
5.357669209e+20
3.196848744e+20
5.304308743e+20
6.326658445e+20
3.147655602e+20
7.296442227e+20
3.110042897e+20
3.08823111e+20
5.116642549e+20
4.062825288e+20
6.055453344e+20
3.003949914e+20
2.983511135e+20
2.958963946e+20
7.833553204e+20
4.853997782e+20
3.853573671e+20
5.728973779e+20
5.683075898e+20
6.569393832e+20
1.861253824e+20
5.531037368e+20
6.396655864e+20
3.619848601e+20
6.277533973e+20
5.327506929e+20
5.277831906e+20
6.095374108e+20
3.449647616e+20
3.414275065e+20
2.535496647e+20
6.690987578e+20
4.967701745e+20
4.915379257e+20
5.675686261e+20
3.208668628e+20
3.17523705e+20
3.140900301e+20
3.884889795e+20
4.610722584e+20
5.322348213e+20
3.007538448e+20
4.463465285e+20
3.677725798e+20
5.094107195e+20
3.59729657e+20
3.55906736e+20
4.221885454e+20
2.088543232e+20
4.128763655e+20
3.404239777e+20
3.36456408e+20
3.994961103e+20
3.290079529e+20
2.604511798e+20
3.860674782e+20
4.4573138e+20
2.516838043e+20
3.736356625e+20
3.691872331e+20
6.090327892e+20
5.415809681e+20
4.169769461e+20
2.942724148e+20
4.66137979e+20
4.029737682e+20
6.270060662e+20
2.252605923e+20
5.01910805e+20
4.407733104e+20
6.002580467e+20
4.312953027e+20
3.738232479e+20
5.803654685e+20
5.749771184e+20
4.13135586e+20
4.60533459e+20
4.044459056e+20
4.509177531e+20
4.950128934e+20
3.925184616e+20
4.363018487e+20
4.325242486e+20
4.748516838e+20
5.178979395e+20
4.438490231e+20
5.545533066e+20
5.539888617e+20
6.641597808e+20
3.315030081e+20
4.413707463e+20
2.201483714e+20
7.690310948e+20
4.380820974e+20
6.555222678e+20
1.088441261e+20
6.511420765e+20
4.321997115e+20
3.230307383e+20
4.285744338e+20
2.134390949e+20
5.306574518e+20
5.282916321e+20
4.200817408e+20
3.135014647e+20
4.152709394e+20
4.130146136e+20
3.07593005e+20
3.057771337e+20
2.023361214e+20
3.015741309e+20
6.981579205e+20
4.952937724e+20
3.929812102e+20
3.901436273e+20
5.802077932e+20
5.757846151e+20
4.755627249e+20
7.548085769e+20
3.739460939e+20
1.854085513e+20
5.5098258e+20
4.551542387e+20
6.310578699e+20
2.680126608e+20
1.769101833e+20
5.25784533e+20
6.072389008e+20
5.154983346e+20
3.401470085e+20
5.051996923e+20
3.33301322e+20
4.949188835e+20
2.448568122e+20
4.039029165e+20
4.795227766e+20
4.745280128e+20
3.129354758e+20
4.644744471e+20
5.359491024e+20
1.515109849e+20
5.244011977e+20
3.706007938e+20
5.863001038e+20
4.350536256e+20
4.301142649e+20
4.25544061e+20
4.206665791e+20
4.855706208e+20
4.799578074e+20
6.105613923e+20
3.352503199e+20
5.307524349e+20
4.589637982e+20
3.892797048e+20
3.205745341e+20
3.172431637e+20
3.134835933e+20
4.96405437e+20
5.518097709e+20
4.854918609e+20
6.59578321e+20
2.374250588e+20
4.105170215e+20
4.644807947e+20
5.162677908e+20
3.975854961e+20
2.805747931e+20
5.556957637e+20
4.941061826e+20
2.718738456e+20
5.90919596e+20
4.257051502e+20
4.205791645e+20
3.64589841e+20
5.145752143e+20
5.098762606e+20
3.022489139e+20
3.494587524e+20
4.932371655e+20
3.422217645e+20
3.86428813e+20
4.788542597e+20
4.731382866e+20
3.752945921e+20
4.420315667e+20
5.522828767e+20
6.620663929e+20
5.512021879e+20
4.401975119e+20
4.395672948e+20
4.385002017e+20
5.470673326e+20
6.544475643e+20
4.352362249e+20
5.420104229e+20
5.404158543e+20
5.380621057e+20
6.434471531e+20
3.20133718e+20
4.251568381e+20
3.171144432e+20
4.209356607e+20
4.183998286e+20
6.244949637e+20
3.102117191e+20
4.11370043e+20
3.063726597e+20
5.076089916e+20
5.038433386e+20
3.00385046e+20
6.954159035e+20
6.906914694e+20
6.850304717e+20
3.886215638e+20
2.889767535e+20
4.77958875e+20
5.68470333e+20
3.759481738e+20
4.656367248e+20
3.693944411e+20
5.488776302e+20
4.534178376e+20
3.592346216e+20
5.339918489e+20
3.524837797e+20
5.238009556e+20
1.728450459e+20
2.567820754e+20
4.235950992e+20
5.033142345e+20
1.660312712e+20
3.28720893e+20
5.692199505e+20
7.243394009e+20
5.5738473e+20
5.515806234e+20
6.235787568e+20
6.170328688e+20
5.339949254e+20
6.038357219e+20
4.478546536e+20
5.169583699e+20
2.920897657e+20
5.057277687e+20
5.714189265e+20
3.533426354e+20
3.492962888e+20
5.529452559e+20
4.782389223e+20
4.731808594e+20
4.676739867e+20
3.966427684e+20
5.879934044e+20
4.525413621e+20
5.749818093e+20
5.690067368e+20
4.373185513e+20
4.946426006e+20
5.498526739e+20
3.628273458e+20
6.572410307e+20
3.548753763e+20
4.675006119e+20
6.363986086e+20
4.001196056e+20
3.961771802e+20
5.59161874e+20
3.322361438e+20
3.829426954e+20
4.876380133e+20
5.352937571e+20
3.711702128e+20
4.714706741e+20
3.113952202e+20
5.12744072e+20
4.572555174e+20
4.015615201e+20
4.477019751e+20
4.423267188e+20
3.897127778e+20
5.294351712e+20
4.771384064e+20
3.771497678e+20
5.141756139e+20
4.402289337e+20
2.200123848e+20
4.39578882e+20
4.391650746e+20
8.768114392e+20
7.661124123e+20
6.550773927e+20
3.269069667e+20
4.345291216e+20
5.418400295e+20
2.159272381e+20
3.22938672e+20
2.143568863e+20
3.204269512e+20
4.251293832e+20
3.175869849e+20
8.422524431e+20
4.192515994e+20
3.12548498e+20
2.073356605e+20
5.149668196e+20
3.07303888e+20
5.086032655e+20
3.033632222e+20
7.026069108e+20
2.992053013e+20
3.958259091e+20
3.931388059e+20
5.848840588e+20
3.871113302e+20
3.838111135e+20
3.808893019e+20
5.662823692e+20
4.68129065e+20
2.783127475e+20
2.759869906e+20
6.37920153e+20
1.806778539e+20
4.473438933e+20
2.659868732e+20
7.023145058e+20
3.478881924e+20
2.582972127e+20
7.674666409e+20
5.908255716e+20
5.014427978e+20
4.135411712e+20
3.275049267e+20
4.861053472e+20
3.207436995e+20
6.346757873e+20
2.355257758e+20
4.659774679e+20
3.842393767e+20
7.600784959e+20
4.512326535e+20
4.462343756e+20
4.415050654e+20
5.093149629e+20
5.758927905e+20
3.558543811e+20
6.33733902e+20
6.264829956e+20
3.443543235e+20
7.488364794e+20
5.388488768e+20
4.660094592e+20
5.269751035e+20
3.906036212e+20
3.220961146e+20
3.183022249e+20
4.409923577e+20
4.357711013e+20
3.696691803e+20
4.261517634e+20
4.218024135e+20
3.572292256e+20
5.304331196e+20
2.329253214e+20
4.035513349e+20
5.695823318e+20
3.383818337e+20
3.900317357e+20
3.862403658e+20
4.90615976e+20
5.399059578e+20
4.800612212e+20
4.226945906e+20
3.654013134e+20
5.171545413e+20
4.087407327e+20
5.568859794e+20
4.001347004e+20
3.469753975e+20
4.897236572e+20
3.883249235e+20
3.83668602e+20
3.803478447e+20
5.16723153e+20
4.191827274e+20
4.384409435e+20
5.47797337e+20
5.472434619e+20
3.280372353e+20
3.274713411e+20
4.360042473e+20
2.174753729e+20
2.170562159e+20
4.327741582e+20
5.396525833e+20
3.225860587e+20
2.144255916e+20
4.269918055e+20
2.127604902e+20
5.292844303e+20
2.108777245e+20
1.048616725e+20
3.131857196e+20
4.150760872e+20
1.032564574e+20
5.129303426e+20
7.142097937e+20
3.0396079e+20
2.014470016e+20
6.998548765e+20
1.98689858e+20
4.928542726e+20
3.916087749e+20
8.739252841e+20
3.856127891e+20
4.779142341e+20
2.845671622e+20
5.641111831e+20
4.663367432e+20
5.54503228e+20
1.832908087e+20
6.355015507e+20
2.699906883e+20
3.565258589e+20
2.649854202e+20
6.122211779e+20
4.332319702e+20
4.28890155e+20
3.398260015e+20
5.886343787e+20
2.497926132e+20
3.296124042e+20
1.631489616e+20
7.264816126e+20
3.994593338e+20
5.533128257e+20
4.69332353e+20
6.964249168e+20
3.062747421e+20
6.058617299e+20
4.496004101e+20
2.223128896e+20
4.399145002e+20
4.349880563e+20
2.869129656e+20
4.254973325e+20
3.508152162e+20
5.548877532e+20
6.176280209e+20
3.391698749e+20
6.711666812e+19
5.970300922e+20
5.251065286e+20
3.243512419e+20
4.493391287e+20
3.806137291e+20
4.39434998e+20
5.583015823e+20
4.297599461e+20
6.066442596e+20
4.20316796e+20
3.559722519e+20
4.69836806e+20
3.481592096e+20
5.170265932e+20
3.405476479e+20
4.495888784e+20
3.886598785e+20
4.398646012e+20
4.345682648e+20
4.842048389e+20
4.783700609e+20
3.159039168e+20
4.681444779e+20
4.122640115e+20
5.091206083e+20
3.531297069e+20
3.987179843e+20
3.951393242e+20
4.879856074e+20
4.353152838e+20
3.823032308e+20
4.263689945e+20
3.744571916e+20
5.569160879e+20
6.550011276e+20
8.729308476e+20
9.810564318e+20
5.445191136e+20
3.261491563e+20
3.256832228e+20
1.082993699e+20
5.404539008e+20
5.387916419e+20
6.449792736e+20
4.283889744e+20
3.203485317e+20
5.316045199e+20
6.35729608e+20
4.217392763e+20
5.250938526e+20
4.177805015e+20
6.238853715e+20
6.201509113e+20
4.113933461e+20
4.087279272e+20
5.081424814e+20
6.055380792e+20
4.013161662e+20
5.975351289e+20
2.968733954e+20
5.891293534e+20
4.876132586e+20
3.869114415e+20
6.722201591e+20
6.665102974e+20
3.779677119e+20
4.682971522e+20
6.503813309e+20
7.365294436e+20
4.56489011e+20
5.426581875e+20
4.482872268e+20
5.327801081e+20
2.639914799e+20
3.485339288e+20
5.179390177e+20
2.56378129e+20
6.771302888e+20
5.026794675e+20
2.488706834e+20
4.105010553e+20
5.689246213e+20
2.412749268e+20
5.571997026e+20
2.362710439e+20
4.676256579e+20
3.084009084e+20
5.340406187e+20
6.791361079e+20
4.479799329e+20
5.90704985e+20
3.652794618e+20
5.056702562e+20
3.573586592e+20
5.653070704e+20
3.49565017e+20
5.529158481e+20
5.470524083e+20
4.731553525e+20
5.350313838e+20
4.62715699e+20
3.270319739e+20
4.524906239e+20
6.396499237e+20
5.056990436e+20
3.753330851e+20
2.472621854e+20
5.506069747e+20
4.231607335e+20
3.590070915e+20
6.503275039e+20
4.096655007e+20
4.047622248e+20
2.862301473e+20
2.827952658e+20
5.600163782e+20
4.426258719e+20
3.835322139e+20
3.789136796e+20
4.288945034e+20
2.648282077e+20
4.197263129e+20
3.109992783e+20
3.081109896e+20
4.058624108e+20
4.021557099e+20
4.96639081e+20
4.921815548e+20
5.83511821e+20
4.337759923e+20
5.238028716e+20
4.248574575e+20
4.664065868e+20
5.086913819e+20
5.436352294e+20
7.607377005e+20
6.514044624e+20
3.253963742e+20
6.496752106e+20
5.406231225e+20
7.550520094e+20
4.30627851e+20
4.293064179e+20
5.35330252e+20
5.333462468e+20
2.127126534e+20
4.235890392e+20
2.11066023e+20
2.100322088e+20
4.184080521e+20
3.120956236e+20
5.178491336e+20
3.088535526e+20
5.122171456e+20
5.089053298e+20
4.049206765e+20
4.021154637e+20
3.997506394e+20
4.960107013e+20
4.928683668e+20
3.912342228e+20
5.828762468e+20
3.854231836e+20
3.826502453e+20
5.691088534e+20
2.823927451e+20
3.732122522e+20
5.553515522e+20
4.585890636e+20
3.638113077e+20
5.406162437e+20
1.786410914e+20
6.192508709e+20
6.136782591e+20
2.604276827e+20
5.160140864e+20
5.108584827e+20
4.216420113e+20
5.843003928e+20
8.265184461e+19
4.089976978e+20
5.668432189e+20
3.205276933e+20
2.37930521e+20
4.708285573e+20
5.435865522e+20
6.145754522e+20
6.081307823e+20
6.015070571e+20
4.463710949e+20
4.414431298e+20
3.639729207e+20
2.15943169e+20
4.985193525e+20
2.81649368e+20
5.57317915e+20
6.198276469e+20
3.406974617e+20
2.020648975e+20
2.665714248e+20
3.293472983e+20
5.21408853e+20
5.153151547e+20
4.461818956e+20
3.149535256e+20
5.610253449e+20
4.927928788e+20
3.048216909e+20
1.807203893e+20
5.962524803e+20
3.534846565e+20
5.248721218e+20
5.185911187e+20
4.563685318e+20
4.508924321e+20
3.906422923e+20
4.962148883e+20
4.913901379e+20
4.854721481e+20
3.739708533e+20
3.694625167e+20
5.228221905e+20
5.16516539e+20
4.605473804e+20
3.538835985e+20
3.506515118e+20
4.454037412e+20
3.923609657e+20
4.845462575e+20
4.322475483e+20
5.219519747e+20
4.703962221e+20
4.647534861e+20
4.147275357e+20
5.414538337e+20
3.24722399e+20
3.243962105e+20
4.321224331e+20
4.313820805e+20
5.384583501e+20
4.297330117e+20
2.144532273e+20
4.275933044e+20
5.331949474e+20
4.249786491e+20
3.177996094e+20
5.273848915e+20
4.204577412e+20
3.138021068e+20
6.25131301e+20
2.072437619e+20
5.158099777e+20
5.127354033e+20
4.081667895e+20
8.11066271e+20
4.033398089e+20
3.004133559e+20
9.954931982e+19
3.952723569e+20
5.891551132e+20
5.845908641e+20
1.935446563e+20
5.759194965e+20
4.764824729e+20
3.779598844e+20
3.750906005e+20
4.647469864e+20
6.454576654e+20
4.56860357e+20
4.530522443e+20
1.795298698e+20
6.229031791e+20
6.169422912e+20
3.49367736e+20
4.324368865e+20
1.713678034e+20
6.786329377e+20
3.360712924e+20
4.158266033e+20
2.4704709e+20
1.630021246e+20
5.647769906e+20
3.193639958e+20
3.160899682e+20
3.909395076e+20
3.094994911e+20
6.123651021e+20
6.816884081e+20
4.495148334e+20
2.965158475e+20
5.13180302e+20
5.077459698e+20
3.586266732e+20
4.967492424e+20
4.209784656e+20
7.636005552e+20
4.117603398e+20
4.752939889e+20
6.040619032e+20
5.976760506e+20
1.969149311e+20
5.195794753e+20
4.493220299e+20
5.081369815e+20
3.138528956e+20
5.590648603e+20
3.683051022e+20
4.86012948e+20
3.601811976e+20
5.941743951e+20
2.93544876e+20
4.068122155e+20
2.871035072e+20
5.116274602e+20
5.054888642e+20
5.561180724e+20
4.944877778e+20
4.896794242e+20
3.225209495e+20
4.791447713e+20
4.733673236e+20
4.167994326e+20
4.117708977e+20
4.589395811e+20
4.030243434e+20
5.490970763e+20
4.931592445e+20
4.887329835e+20
3.862757594e+20
4.785887086e+20
3.309817078e+20
5.156143774e+20
3.704896498e+20
4.591816028e+20
0
3.234248089e+20
3.231006218e+20
0
1.074152986e+20
5.363108449e+20
4.280214752e+20
5.33998457e+20
4.258938087e+20
1.062153219e+20
4.232937675e+20
4.220537317e+20
8.404801569e+20
3.140974991e+20
4.167542941e+20
2.075566861e+20
4.128604253e+20
7.193015454e+20
2.042922742e+20
4.065724165e+20
4.039543957e+20
2.008856186e+20
4.987486784e+20
5.94983917e+20
5.90622002e+20
9.781430063e+19
4.852897843e+20
6.748103558e+20
5.737211297e+20
6.645325314e+20
2.823936353e+20
3.736684081e+20
5.555904152e+20
5.511631568e+20
3.641157077e+20
2.708119163e+20
1.78859371e+20
1.773085708e+20
2.634217973e+20
1.740359331e+20
2.585037143e+20
5.122068314e+20
3.380698438e+20
5.022571396e+20
7.457525495e+20
6.563874093e+20
6.496380427e+20
5.62725771e+20
3.97760897e+20
4.724213396e+20
3.11625673e+20
3.854827036e+20
3.813566214e+20
3.018876868e+20
4.479109024e+20
3.69323199e+20
3.652547663e+20
6.504978219e+20
3.573571173e+20
2.121392821e+20
4.894090027e+20
2.075203908e+20
3.419270851e+20
4.059628791e+20
4.01296046e+20
3.970541228e+20
5.232702217e+20
5.177628896e+20
1.918947069e+20
3.797731893e+20
4.378639038e+20
3.095100165e+20
6.728782736e+20
4.843230251e+20
4.187520927e+20
4.736885959e+20
4.680421164e+20
3.474860793e+20
3.433293505e+20
4.532024184e+20
4.477653192e+20
4.987702811e+20
4.927726481e+20
5.422006449e+20
5.356693732e+20
4.774815023e+20
4.193092589e+20
4.672701527e+20
3.077539487e+20
5.081588541e+20
4.518226598e+20
3.482078572e+20
3.440062845e+20
4.383240812e+20
5.292705547e+20
3.815313315e+20
5.18289147e+20
4.670960812e+20
3.691857537e+20
3.202963945e+20
6.445717711e+20
4.295167304e+20
3.218153407e+20
6.430277141e+20
4.279539839e+20
4.27344321e+20
2.13161759e+20
2.127523105e+20
1.060519422e+21
4.231800297e+20
5.270277412e+20
2.101939527e+20
5.232317225e+20
4.171486628e+20
2.075593592e+20
2.067427068e+20
5.140575641e+20
4.09423574e+20
2.034966331e+20
3.037428382e+20
5.029848753e+20
4.002148185e+20
3.974587278e+20
4.939081204e+20
4.902941973e+20
3.897559394e+20
4.834348055e+20
4.801673107e+20
4.762829017e+20
2.837181063e+20
4.688758321e+20
9.306423992e+19
2.76750146e+20
3.660617076e+20
3.627534006e+20
7.194669433e+20
4.454846547e+20
5.299492122e+20
5.24894047e+20
5.201783611e+20
6.009554863e+20
6.804322594e+20
5.052485177e+20
2.502104332e+20
1.651193628e+20
4.087500448e+20
6.472847608e+20
8.009848531e+20
7.926544186e+19
4.707200689e+20
4.657617266e+20
4.609212237e+20
3.799948494e+20
4.512157356e+20
1.487727923e+20
3.680109801e+20
3.63961399e+20
3.601087811e+20
5.697544294e+20
4.227826864e+20
2.090094182e+20
3.446520746e+20
3.407290089e+20
4.719644322e+20
5.331920293e+20
5.275564015e+20
7.169892926e+20
4.514640918e+20
2.549700023e+20
5.046038494e+20
4.363443739e+20
5.551847109e+20
2.438351986e+20
3.016530084e+20
4.173028888e+20
4.720491037e+20
5.247266642e+20
5.194265159e+20
4.561903356e+20
5.645447234e+20
4.462179724e+20
3.865915649e+20
4.365061113e+20
3.241956556e+20
4.270533878e+20
4.229597696e+20
5.223221046e+20
4.65652226e+20
4.089162285e+20
5.063971407e+20
5.002821146e+20
4.4614126e+20
3.917822668e+20
3.397326815e+20
3.35634029e+20
4.752512974e+20
5.164769439e+20
3.723706517e+20
4.598637539e+20
3.191735946e+20
4.280107473e+20
6.417209859e+20
9.616207341e+20
2.134934613e+20
2.131301432e+20
3.1924009e+20
4.24638979e+20
4.238238604e+20
7.394362956e+20
2.107560127e+20
3.149728263e+20
1.046837943e+20
7.296514001e+20
2.077567896e+20
8.269918609e+20
1.029675434e+20
6.144663799e+20
6.117452893e+20
4.054143309e+20
8.068414967e+20
2.004167536e+20
2.99002809e+20
4.949129479e+20
7.872175947e+20
3.90734292e+20
7.765323061e+20
3.85275163e+20
3.826729761e+20
4.744786363e+20
6.595043929e+20
3.736872173e+20
1.85428067e+20
4.595215299e+20
2.735187327e+20
3.614012494e+20
3.583944316e+20
3.550665738e+20
3.51991564e+20
8.715981241e+19
3.455087539e+20
6.842879068e+20
3.389702309e+20
4.195048415e+20
5.816976332e+20
4.935609459e+20
4.887225279e+20
4.030927916e+20
2.394290179e+20
6.318461115e+20
2.345155037e+20
6.187959074e+20
6.123667282e+20
6.05828429e+20
5.245466694e+20
2.223685677e+20
4.400496635e+20
4.352125909e+20
1.435355612e+20
5.677516509e+20
3.510810996e+20
2.777030484e+20
4.808234776e+20
4.75355019e+20
3.359407758e+20
4.649187205e+20
4.600051557e+20
3.247724745e+20
3.856256708e+20
4.446514802e+20
3.771417331e+20
4.969546905e+20
4.917909012e+20
3.037415543e+20
3.60733644e+20
4.752727784e+20
4.704209213e+20
2.324082203e+20
5.176363379e+20
6.251012657e+20
2.812999581e+20
5.558516038e+20
4.402970588e+20
4.893778365e+20
3.769251204e+20
4.787791803e+20
4.741893679e+20
3.643641085e+20
3.609242504e+20
4.584416461e+20
4.541828403e+20
5.484062252e+20
4.939971801e+20
4.880299729e+20
4.836497958e+20
5.255920783e+20
2.841599916e+20
4.210996659e+20
4.174577308e+20
4.124309652e+20
4.998064331e+20
1.065801094e+20
4.261246979e+20
2.128501421e+20
4.253021042e+20
3.184349568e+20
6.359638701e+20
5.28709625e+20
5.276954069e+20
3.156565675e+20
6.297856781e+20
3.137387546e+20
3.12821545e+20
5.19143455e+20
6.208368955e+20
5.148572259e+20
5.128343805e+20
4.080548848e+20
5.078114572e+20
4.038475993e+20
4.018631668e+20
3.992910771e+20
5.957068188e+20
4.930171224e+20
5.881540694e+20
2.919335036e+20
3.867877123e+20
9.595341363e+19
5.718347596e+20
3.781503913e+20
5.631589284e+20
4.653554766e+20
6.465651702e+20
6.409280165e+20
4.541647459e+20
4.500739261e+20
6.248643156e+20
3.537551828e+20
4.383666266e+20
3.473586125e+20
3.442413014e+20
5.965644516e+20
3.37733424e+20
4.179804119e+20
4.139902572e+20
4.917767961e+20
6.492771181e+20
6.426289768e+20
6.361834821e+20
3.934906175e+20
3.115693494e+20
5.395179921e+20
4.576405854e+20
6.036804394e+20
5.973579921e+20
3.693058822e+20
6.577457743e+20
2.891215601e+20
3.575779498e+20
6.364832661e+20
3.498519611e+20
3.459171094e+20
3.422470285e+20
2.030147213e+20
5.356356569e+20
5.294922132e+20
4.584096059e+20
3.236485583e+20
3.202428477e+20
3.165115236e+20
5.637594493e+20
4.952419837e+20
4.28834039e+20
4.843141656e+20
4.793230409e+20
4.144343664e+20
4.688039322e+20
5.211227459e+20
3.439056381e+20
5.096909872e+20
5.046016161e+20
4.431551416e+20
4.93633839e+20
4.335092543e+20
3.219693641e+20
5.301496383e+20
4.725602662e+20
3.63111417e+20
5.652163659e+20
3.045756507e+20
3.520370751e+20
5.465152555e+20
4.430643115e+20
4.377094598e+20
4.819788161e+20
4.761563164e+20
4.719601103e+20
4.196375116e+20
4.160086095e+20
4.56660696e+20
4.527877805e+20
5.308042828e+20
4.244486935e+20
3.180201275e+20
4.236305296e+20
5.286409928e+20
4.223115442e+20
2.106547625e+20
4.205018612e+20
4.192288065e+20
5.227689449e+20
2.083428769e+20
4.154684024e+20
5.171231857e+20
3.092111753e+20
2.051440611e+20
4.086772593e+20
4.064778017e+20
7.081906119e+20
6.034393955e+20
5.003969581e+20
4.972005902e+20
4.945213547e+20
2.946814596e+20
3.906081101e+20
9.694159141e+19
4.816506101e+20
3.823631924e+20
2.848382355e+20
4.709108068e+20
6.54551773e+20
6.490610674e+20
2.76064406e+20
6.38543763e+20
3.619820534e+20
1.793634819e+20
5.336190547e+20
2.643400823e+20
6.114580154e+20
5.191310235e+20
6.002204493e+20
4.245663641e+20
5.047584147e+20
2.498802128e+20
5.774903573e+20
4.083379156e+20
4.852058474e+20
2.401222916e+20
4.754295051e+20
5.489224915e+20
3.880741583e+20
2.304013942e+20
4.560177168e+20
3.007738138e+20
4.464368047e+20
3.680066906e+20
3.641296816e+20
4.321628127e+20
2.137954964e+20
4.228410296e+20
5.578102384e+20
3.447138381e+20
5.456912782e+20
5.394954103e+20
4.670566541e+20
3.297884333e+20
3.26303633e+20
4.515453518e+20
3.829663649e+20
4.415913522e+20
3.121220773e+20
6.169263022e+20
5.494644335e+20
4.826533141e+20
3.582594317e+20
5.310190839e+20
3.503985159e+20
4.616349222e+20
5.140927472e+20
4.515088839e+20
5.028752023e+20
4.416394396e+20
3.826239827e+20
5.94036031e+20
4.813014678e+20
2.641674595e+20
4.186153955e+20
3.101719796e+20
6.144866397e+20
4.047076751e+20
3.007107225e+20
5.446372815e+20
2.943611323e+20
3.877354613e+20
2.881916057e+20
4.270617659e+20
4.703315518e+20
5.111155818e+20
4.14569514e+20
4.095682574e+20
4.060953453e+20
4.229795568e+20
5.284822768e+20
4.223664943e+20
6.329580648e+20
6.31888031e+20
4.206601913e+20
3.147482253e+20
5.235753926e+20
5.219937798e+20
5.207324821e+20
4.150658618e+20
4.13854055e+20
1.030237159e+20
2.053421713e+20
3.065271075e+20
3.05324471e+20
5.061410777e+20
4.031236036e+20
4.007501853e+20
4.98479762e+20
1.981207785e+20
6.896888099e+20
4.892687134e+20
7.782497164e+20
1.931496231e+20
3.838643532e+20
5.713854777e+20
9.458906892e+19
4.691469378e+20
5.589456453e+20
1.847550358e+20
2.750371556e+20
9.088245466e+19
6.311240271e+20
7.148092161e+20
5.316546942e+20
8.779031211e+20
6.09219268e+20
4.31031696e+20
4.271676126e+20
2.538159085e+20
3.352866905e+20
3.319716402e+20
4.932081083e+20
4.068724295e+20
4.028886815e+20
5.582847294e+20
3.947779873e+20
3.906943413e+20
6.187143701e+20
6.12230922e+20
6.0587509e+20
2.997149165e+20
5.19010618e+20
4.400599294e+20
5.07995663e+20
5.74205195e+20
4.971154207e+20
3.511418217e+20
4.863870534e+20
6.183340359e+20
4.758254418e+20
3.360195023e+20
3.989514271e+20
5.258433892e+20
4.552514829e+20
5.142782434e+20
4.452588219e+20
3.77208882e+20
3.732622208e+20
4.918517439e+20
5.475837794e+20
3.006273842e+20
5.950583494e+20
4.116050109e+20
5.238034592e+20
2.875377748e+20
3.984859539e+20
5.062158888e+20
5.568450683e+20
4.951508293e+20
5.99216343e+20
5.381915837e+20
4.796601606e+20
3.159195486e+20
3.650386559e+20
4.121505122e+20
4.592910303e+20
3.529085078e+20
2.996824612e+20
4.934292453e+20
3.42245178e+20
3.864050403e+20
4.308041318e+20
5.201692461e+20
4.687141937e+20
5.093531111e+20
4.131403408e+20
4.535019495e+20
4.496571802e+20
2.106643378e+20
6.317038918e+20
5.258988798e+20
4.203264919e+20
8.392349384e+20
4.190217025e+20
4.18031875e+20
3.129236503e+20
5.199674072e+20
4.149694592e+20
1.033646289e+20
3.091891534e+20
4.105035638e+20
2.045497231e+20
2.035648508e+20
7.0968357e+20
9.075598346e+20
3.011840915e+20
4.990240345e+20
3.972617606e+20
5.921012971e+20
4.907627121e+20
3.899326419e+20
2.907396213e+20
3.848431867e+20
2.868143868e+20
3.794949098e+20
8.481126066e+20
4.673962332e+20
4.640521308e+20
4.601729563e+20
1.826783479e+20
3.621874741e+20
7.186248595e+20
1.780459828e+20
6.179888669e+20
5.248177415e+20
4.335691817e+20
5.153588021e+20
5.107411955e+20
5.057973522e+20
2.505574275e+20
5.788620336e+20
3.276248598e+20
8.108348494e+20
4.014495125e+20
2.384135778e+20
4.720497205e+20
5.450354755e+20
6.165256822e+20
3.812959e+20
5.282739773e+20
2.239975868e+20
4.43306695e+20
4.385226462e+20
2.892698519e+20
3.576295667e+20
4.24617248e+20
4.199095397e+20
5.539450359e+20
4.792651294e+20
2.709613946e+20
4.018348769e+20
3.975780997e+20
2.620188855e+20
4.536886833e+20
5.765814061e+20
4.437340663e+20
4.385730564e+20
4.959823011e+20
1.225434927e+20
5.457159553e+20
5.392862454e+20
4.744252381e+20
2.344027262e+20
4.640189813e+20
4.584966607e+20
3.971312671e+20
5.605511659e+20
4.994575737e+20
6.031285273e+20
4.343129874e+20
3.218177543e+20
3.718011185e+20
4.197939984e+20
3.637973408e+20
5.134349946e+20
4.06869151e+20
4.019497718e+20
4.479918121e+20
3.9339621e+20
4.385276531e+20
3.369482533e+20
4.770344436e+20
5.18386417e+20
4.671079209e+20
4.614570487e+20
4.574677638e+20
4.067450161e+20
4.48108058e+20
5.246132886e+20
4.194988614e+20
6.286267717e+20
4.18693725e+20
3.134917423e+20
5.217449102e+20
4.164121002e+20
6.234230573e+20
4.143653652e+20
1.033413575e+20
4.118635707e+20
3.079970299e+20
4.089245063e+20
3.056450516e+20
4.055686567e+20
5.04974552e+20
3.013641428e+20
4.000457684e+20
4.971249032e+20
5.936269288e+20
5.898573962e+20
5.866856826e+20
5.826922472e+20
4.827398671e+20
5.750970936e+20
5.714772785e+20
6.616344796e+20
4.694152201e+20
5.587902554e+20
1.849316459e+20
3.66776805e+20
9.100180671e+19
4.510687579e+20
6.264865776e+20
7.98275092e+20
3.518460289e+20
3.486050776e+20
6.047905965e+20
2.567465874e+20
5.088947044e+20
4.19980082e+20
4.160939415e+20
4.943902773e+20
4.080659513e+20
5.65561905e+20
4.800247065e+20
5.54326052e+20
3.135851896e+20
4.655250327e+20
3.839702653e+20
5.319397216e+20
3.008116291e+20
6.696434999e+20
3.68131702e+20
3.641633885e+20
5.044611578e+20
4.989453641e+20
5.641944439e+20
5.57945313e+20
4.140243394e+20
5.458459715e+20
5.400579961e+20
4.671985282e+20
4.622498938e+20
5.222445105e+20
3.875456372e+20
5.746133165e+20
4.422197178e+20
3.121995203e+20
4.942932245e+20
4.88507605e+20
3.625738868e+20
2.985865062e+20
4.13712954e+20
4.672160292e+20
4.046399264e+20
3.998255419e+20
3.39244937e+20
2.793265868e+20
4.424587738e+20
3.278654332e+20
4.32842299e+20
5.345466485e+20
5.293454458e+20
4.183716363e+20
5.179491991e+20
5.116937401e+20
3.548029059e+20
3.505117593e+20
2.976468917e+20
4.900727347e+20
3.884764523e+20
4.317428269e+20
5.229496643e+20
3.757205579e+20
3.724100958e+20
4.138890422e+20
3.647212028e+20
4.053479412e+20
5.358834876e+20
3.135489552e+20
2.089372366e+20
2.087312887e+20
5.213419925e+20
6.245596518e+20
5.197284011e+20
4.148048295e+20
2.070058408e+20
7.223460952e+20
4.117737532e+20
5.128511044e+20
3.068140638e+20
7.128757131e+20
3.044745528e+20
9.090439583e+20
7.042659337e+20
4.002895183e+20
4.981555103e+20
5.942882066e+20
9.85630635e+19
4.896920322e+20
4.870607741e+20
2.9025106e+20
5.771128938e+20
4.774546885e+20
3.795612415e+20
6.591713441e+20
5.612038155e+20
5.567204784e+20
5.527426154e+20
5.48137919e+20
5.44001535e+20
5.392984601e+20
2.675114211e+20
1.767476977e+20
4.382061995e+20
5.210113451e+20
6.026003187e+20
5.116410063e+20
7.605922748e+20
2.510839566e+20
8.292058664e+20
3.284171886e+20
4.066112736e+20
3.220307302e+20
5.580425217e+20
1.578193404e+20
3.124784333e+20
3.865736584e+20
8.417673476e+20
5.300783023e+20
3.746997765e+20
2.224368694e+20
4.402201722e+20
4.354800779e+20
6.46344367e+20
5.682529507e+20
5.622461071e+20
5.560245561e+20
4.12599773e+20
4.759766415e+20
2.691029964e+20
1.99543159e+20
3.290496797e+20
6.505793515e+20
5.793364975e+20
5.726586168e+20
5.036750518e+20
2.489118519e+20
2.463078066e+20
3.65139398e+20
4.215697696e+20
4.761222773e+20
6.479209925e+20
5.238420155e+20
5.184932765e+20
5.123258772e+20
3.944493391e+20
1.670303973e+20
4.409654091e+20
4.356789142e+20
5.392269214e+20
3.196455796e+20
4.220468656e+20
5.211986004e+20
4.12959847e+20
4.07971405e+20
3.03088688e+20
2.495182512e+20
4.943990696e+20
4.884115457e+20
4.355544777e+20
4.302764993e+20
4.737941701e+20
4.212467771e+20
3.247497249e+20
4.583071656e+20
4.543459315e+20
3.590759384e+20
4.450416159e+20
7.287917999e+20
3.121969622e+20
2.079265731e+20
2.077329764e+20
3.110772437e+20
5.177274193e+20
3.099074389e+20
2.062101601e+20
5.139815991e+20
6.152914308e+20
4.087103136e+20
3.056401501e+20
5.072531968e+20
5.055216416e+20
3.018616548e+20
6.013611564e+20
4.984647211e+20
5.955218633e+20
5.920436138e+20
7.855290707e+20
4.878501944e+20
6.793229377e+20
1.927761317e+20
3.833028119e+20
4.756751634e+20
4.726852877e+20
1.876361372e+20
5.591248844e+20
2.773329889e+20
2.753527107e+20
5.461255162e+20
3.613379759e+20
1.791096342e+20
5.330715276e+20
5.283168888e+20
3.492931852e+20
4.326073145e+20
3.431004846e+20
4.24835126e+20
3.36827659e+20
1.667908856e+20
4.131225724e+20
6.544984516e+20
4.051669304e+20
4.813370233e+20
3.971930423e+20
3.931593711e+20
7.006037891e+20
3.852193458e+20
5.33795108e+20
6.036912742e+20
2.240365074e+20
2.955528509e+20
4.386929723e+20
5.786327621e+20
5.009754971e+20
4.95509173e+20
3.501944877e+20
3.463231115e+20
4.111849763e+20
6.098776236e+20
4.69320817e+20
4.640137725e+20
3.279285559e+20
5.835313782e+20
5.132160071e+20
6.341301899e+20
5.019677933e+20
6.201745582e+20
3.068433443e+20
4.245575541e+20
5.401881629e+20
5.931463027e+20
5.283298305e+20
2.900433109e+20
4.019143807e+20
4.538684646e+20
2.808013666e+20
3.329372933e+20
2.197410455e+20
4.884905672e+20
3.761892765e+20
4.247606018e+20
4.732053671e+20
4.155556334e+20
3.601235372e+20
4.065971392e+20
4.027567029e+20
4.47618016e+20
5.420044458e+20
4.867615804e+20
3.376200779e+20
4.764667757e+20
3.305333393e+20
5.131105091e+20
4.161190375e+20
4.110734654e+20
3.622407512e+20
4.473137631e+20
5.32228895e+20
6.222780549e+20
4.146631463e+20
2.071280386e+20
2.069353288e+20
7.230624056e+20
6.188901435e+20
5.145340317e+20
5.135514317e+20
3.07210103e+20
5.107836147e+20
4.071517221e+20
0
5.053242387e+20
3.021602461e+20
5.011956635e+20
4.992359899e+20
2.97949126e+20
6.921532448e+20
1.966053042e+20
4.89110003e+20
9.720443194e+19
1.933657068e+20
2.880854443e+20
7.637488408e+20
2.843453125e+20
9.418642508e+19
4.67356918e+20
5.570612989e+20
4.605221544e+20
5.486831888e+20
4.534398632e+20
2.700134827e+20
4.461447322e+20
6.196567938e+20
5.264046283e+20
3.480306049e+20
8.620996086e+19
3.418668652e+20
5.079764666e+20
5.034344794e+20
4.985901906e+20
5.763138435e+20
2.445671557e+20
4.844793743e+20
5.59580003e+20
3.957942062e+20
3.917801364e+20
3.878602416e+20
5.374242852e+20
3.039618093e+20
2.255975461e+20
4.465171779e+20
6.626932509e+20
5.10039054e+20
5.766392517e+20
2.852860961e+20
4.938087651e+20
4.88590835e+20
4.831946392e+20
4.780764905e+20
5.402662562e+20
4.677223535e+20
4.624376215e+20
2.614520367e+20
4.523204168e+20
2.557390446e+20
6.951863655e+20
5.002720696e+20
4.326585766e+20
4.281325323e+20
3.02234875e+20
4.187325082e+20
4.138072704e+20
3.510363315e+20
4.046978016e+20
5.722361865e+20
4.523464267e+20
5.037472178e+20
4.424284315e+20
3.832576289e+20
5.409482264e+20
5.356117423e+20
3.704196199e+20
5.764228827e+20
4.659320249e+20
4.614626179e+20
5.06540126e+20
3.512287615e+20
5.452496671e+20
4.419672956e+20
3.880981804e+20
4.80690385e+20
4.748594699e+20
3.294183332e+20
4.648869612e+20
3.686331473e+20
3.641599943e+20
4.512664182e+20
3.566344114e+20
5.304202278e+20
3.099479023e+20
2.065379606e+20
5.15839035e+20
4.122875667e+20
3.086996535e+20
4.110170607e+20
4.100566101e+20
3.069555135e+20
1.020134083e+20
4.07071429e+20
2.028024863e+20
3.033190674e+20
3.020459375e+20
6.020324721e+20
2.995817836e+20
4.973520102e+20
5.936558434e+20
2.955217295e+20
2.938024565e+20
5.847337941e+20
4.842077736e+20
5.779336951e+20
3.826862799e+20
2.853424764e+20
3.777244911e+20
4.691919199e+20
5.587635082e+20
5.550128897e+20
4.588351122e+20
2.733378767e+20
5.421447168e+20
3.587075869e+20
7.112435098e+20
6.174131711e+20
5.245061608e+20
3.467771193e+20
4.295034689e+20
4.258026061e+20
4.218031762e+20
4.180336248e+20
4.968203786e+20
5.742706761e+20
5.68641581e+20
3.218470479e+20
6.372732079e+20
2.36643113e+20
3.904105449e+20
6.957102309e+20
6.120623848e+20
6.058104787e+20
4.496326256e+20
5.932961443e+20
3.668935842e+20
2.904467614e+20
3.591621439e+20
5.686144863e+20
2.812114215e+20
5.564810071e+20
4.815482191e+20
3.403202437e+20
4.03823711e+20
3.995440641e+20
1.975166322e+20
2.605672578e+20
4.507934743e+20
3.823139265e+20
4.409016149e+20
5.609112346e+20
4.928054837e+20
3.047815097e+20
5.421981595e+20
4.17328151e+20
4.713388265e+20
5.831011725e+20
5.185852526e+20
3.421931199e+20
5.071888832e+20
5.020633093e+20
4.960692153e+20
4.911133415e+20
4.852271775e+20
4.270578162e+20
4.219223296e+20
5.222696463e+20
5.675687674e+20
5.110218303e+20
4.038761973e+20
4.500685653e+20
4.446187937e+20
5.383722659e+20
4.351453822e+20
4.311695455e+20
3.786103775e+20
2.814092781e+20
4.63320452e+20
5.051628061e+20
4.536621523e+20
4.947164895e+20
3.554260565e+20
4.40519843e+20
3.087658623e+20
3.086256005e+20
5.138730741e+20
7.18753946e+20
5.12540726e+20
2.04726346e+20
3.063734513e+20
7.13507901e+20
3.04879223e+20
2.027638817e+20
5.050874136e+20
3.021716961e+20
8.02416004e+20
3.998411414e+20
2.984547138e+20
3.963857571e+20
5.914302483e+20
5.888294207e+20
5.854104279e+20
3.883679925e+20
4.824068839e+20
2.878931732e+20
3.812692071e+20
6.633363429e+20
4.704152981e+20
2.804787167e+20
5.567138629e+20
6.451427383e+20
5.485924622e+20
2.723414768e+20
5.401760007e+20
2.680550261e+20
5.315056101e+20
4.394183836e+20
3.484142251e+20
5.182989459e+20
3.423745507e+20
3.394260492e+20
6.724853957e+20
4.998589625e+20
4.125525722e+20
6.539907938e+20
5.666406469e+20
4.810737814e+20
5.556618762e+20
7.860517715e+19
2.334302974e+20
4.621926653e+20
3.812127518e+20
2.263919919e+20
3.73400786e+20
3.69531412e+20
3.656329738e+20
2.894495301e+20
2.863465786e+20
4.250026265e+20
2.802529838e+20
6.239086767e+20
2.742359891e+20
4.748312439e+20
3.353808694e+20
4.645578707e+20
3.937004791e+20
3.246105588e+20
3.850944055e+20
5.715419929e+20
4.394219056e+20
1.863430357e+20
6.139439384e+20
4.252653279e+20
4.803428821e+20
5.347712343e+20
4.697656306e+20
5.230393854e+20
4.594278803e+20
5.115782805e+20
3.369995786e+20
4.447916633e+20
4.944175178e+20
3.263185604e+20
3.761424949e+20
3.192268293e+20
4.205173702e+20
4.684771396e+20
4.628272462e+20
4.07455076e+20
4.025293372e+20
2.990449173e+20
4.923713381e+20
4.877948823e+20
5.30065691e+20
4.77474951e+20
3.773417382e+20
4.67443911e+20
3.694115716e+20
3.203877752e+20
4.521346676e+20
4.034055322e+20
3.985040951e+20
5.268395226e+20
6.151856079e+20
2.049688234e+20
5.119220415e+20
4.091574418e+20
2.042387546e+20
5.098752331e+20
4.069510646e+20
5.077191973e+20
7.086963255e+20
3.029968208e+20
7.044563123e+20
3.010329724e+20
2.997746375e+20
4.979233478e+20
5.946721853e+20
3.949011112e+20
9.820354635e+19
4.888599235e+20
6.804376519e+20
3.869242699e+20
4.806193404e+20
4.780457466e+20
3.798625903e+20
1.888262075e+20
6.561628703e+20
2.794498851e+20
4.622326663e+20
3.673072903e+20
7.287965426e+20
2.713523148e+20
3.58814354e+20
5.341728263e+20
8.826541008e+20
3.502710382e+20
2.603750062e+20
3.442970422e+20
3.411550757e+20
2.536639985e+20
5.863398749e+20
3.320601215e+20
7.399772732e+20
4.887664255e+20
8.066482075e+20
4.793888764e+20
4.746199858e+20
3.916561969e+20
3.101599115e+20
6.141196083e+20
3.039165419e+20
2.256104873e+20
5.209632559e+20
2.946092177e+20
5.830095942e+20
2.884591232e+20
3.567126838e+20
3.52961939e+20
3.491263215e+20
4.145271323e+20
4.782888109e+20
3.380179189e+20
3.342496625e+20
3.968499709e+20
3.923766568e+20
5.823349747e+20
3.198359356e+20
3.164589046e+20
4.379520951e+20
4.333463309e+20
4.895158343e+20
6.054943983e+20
4.787425793e+20
2.368842904e+20
4.096775389e+20
4.63377218e+20
2.289506522e+20
5.098782555e+20
4.478409523e+20
3.879003657e+20
4.380238068e+20
3.252354643e+20
3.213380673e+20
4.242231676e+20
4.191217365e+20
3.631615489e+20
4.100358419e+20
5.076271724e+20
5.516382167e+20
4.470761676e+20
4.41659496e+20
4.375541809e+20
4.80271712e+20
3.807066494e+20
4.23091769e+20
5.124711406e+20
5.062407825e+20
4.105485455e+20
4.506174345e+20
5.360695595e+20
5.295506196e+20
4.81311635e+20
2.042857501e+20
3.062897429e+20
4.079886144e+20
2.038050675e+20
3.052006413e+20
1.015898524e+20
2.027079326e+20
3.034826675e+20
4.034445955e+20
5.030941129e+20
1.002586105e+20
1.999351993e+20
3.982023323e+20
3.968474643e+20
3.949677672e+20
4.917844316e+20
6.84866872e+20
4.870422807e+20
3.873801778e+20
5.782368621e+20
1.915379982e+20
5.715391677e+20
1.892331571e+20
2.821993124e+20
1.867891491e+20
6.496666719e+20
4.605494621e+20
5.48957064e+20
3.630778732e+20
4.506171871e+20
3.575207691e+20
4.435412918e+20
2.638465171e+20
2.617623166e+20
6.053740472e+20
5.146053885e+20
3.39944257e+20
5.897847189e+20
7.512039644e+20
4.136115632e+20
8.193092244e+19
4.870518697e+20
4.822977675e+20
2.388578664e+20
5.517982366e+20
3.902960215e+20
5.409020792e+20
3.824981895e+20
5.300227413e+20
2.248343596e+20
5.191777351e+20
2.936002642e+20
4.357650764e+20
2.156066032e+20
5.68800704e+20
4.924685086e+20
5.567111507e+20
2.754164672e+20
3.404825695e+20
4.042540787e+20
2.665008486e+20
3.295970859e+20
3.258847562e+20
4.514098578e+20
3.825204707e+20
3.154015925e+20
3.117800604e+20
3.085013846e+20
7.318311367e+20
3.620882325e+20
5.367970171e+20
4.131710361e+20
4.083192183e+20
2.886504966e+20
3.99336735e+20
4.517239927e+20
5.021538819e+20
2.761547001e+20
5.457187791e+20
5.942924797e+20
4.270338103e+20
3.699674196e+20
4.17735336e+20
4.653771339e+20
5.619332542e+20
5.565413703e+20
4.498451862e+20
4.455948411e+20
4.401945705e+20
5.814702165e+20
3.82940956e+20
5.217324733e+20
4.685372443e+20
4.643321909e+20
4.128152703e+20
5.001078478e+20
5.389324202e+20
4.452309525e+20
4.837932378e+20
3.05262322e+20
6.105464509e+20
5.085583724e+20
2.032256346e+20
3.045558654e+20
5.067531071e+20
2.024151145e+20
4.03892205e+20
4.031232658e+20
5.024141257e+20
5.012077769e+20
5.993006047e+20
5.975621598e+20
9.917908057e+19
0
6.886222442e+20
1.959824678e+20
4.873770611e+20
1.940952417e+20
5.7892423e+20
1.920343943e+20
1.908334813e+20
3.796259922e+20
4.713503315e+20
4.68611538e+20
4.652704845e+20
6.473009673e+20
4.588784721e+20
1.823225721e+20
3.617670095e+20
4.489923194e+20
4.452955973e+20
6.187300861e+20
6.134417148e+20
2.608280712e+20
4.308727328e+20
2.563891404e+20
5.927985046e+20
5.037442239e+20
4.158672795e+20
4.945899116e+20
3.26576677e+20
4.044577507e+20
4.80618388e+20
2.380271137e+20
3.927760683e+20
3.889452609e+20
3.08021292e+20
5.336530667e+20
5.28204101e+20
4.481271072e+20
4.434894957e+20
4.388972969e+20
4.34283106e+20
6.446216349e+20
3.542964076e+20
5.609161863e+20
4.854788281e+20
4.803536813e+20
2.714704168e+20
3.357465361e+20
5.312159805e+20
4.598906277e+20
4.547147991e+20
5.141744521e+20
6.354106055e+20
3.14351322e+20
4.971906013e+20
3.689718365e+20
4.254860862e+20
5.413317573e+20
3.566803134e+20
5.294618675e+20
4.651084289e+20
5.178538419e+20
5.11738185e+20
5.627909754e+20
5.561085444e+20
3.853412642e+20
3.807438179e+20
3.230906997e+20
4.256262054e+20
3.687476638e+20
3.643133176e+20
4.123044137e+20
5.600795372e+20
4.538495858e+20
2.49088826e+20
2.96082199e+20
3.899905162e+20
4.829563805e+20
4.293821195e+20
3.78185325e+20
3.735863239e+20
4.627918151e+20
5.028744414e+20
4.078188559e+20
4.47613313e+20
5.324966729e+20
4.8217596e+20
4.780950185e+20
4.05502008e+20
4.053186373e+20
9.110822995e+20
4.045503667e+20
1.009705676e+20
5.041406427e+20
4.023799546e+20
6.024215339e+20
6.006439735e+20
9.986710672e+19
7.960884408e+20
5.953354412e+20
4.940517025e+20
6.893219944e+20
9.800999379e+19
2.928848703e+20
2.913461378e+20
2.900683471e+20
3.845293245e+20
4.783209934e+20
5.704023844e+20
5.673541871e+20
6.5748258e+20
4.669034324e+20
1.854321854e+20
2.764081839e+20
5.486634766e+20
4.541606121e+20
6.308147603e+20
6.263307788e+20
5.324420707e+20
2.642221246e+20
3.492898435e+20
6.064344321e+20
3.434770592e+20
7.664461521e+20
4.219352777e+20
2.509856287e+20
2.486455909e+20
4.107151333e+20
5.695159141e+20
2.418292969e+20
4.789506631e+20
3.16269493e+20
5.479879555e+20
3.876038176e+20
3.837037549e+20
3.038979027e+20
3.759984989e+20
2.977306863e+20
4.419798524e+20
3.645036857e+20
6.49216772e+20
4.996742725e+20
4.237206042e+20
4.192680538e+20
3.456046079e+20
5.471308198e+20
5.411218266e+20
5.353956059e+20
5.294421892e+20
2.619175145e+20
5.179440972e+20
2.562316941e+20
5.066409538e+20
3.13308023e+20
4.336010736e+20
4.903335407e+20
4.240800306e+20
4.196446062e+20
4.147543892e+20
2.345401908e+20
4.635764812e+20
4.587983124e+20
2.833636536e+20
4.48751381e+20
3.325682579e+20
4.389420963e+20
5.421325234e+20
4.293718536e+20
5.302848119e+20
3.675359245e+20
4.149898703e+20
4.109492313e+20
3.552423701e+20
5.02618915e+20
3.972305454e+20
3.442922336e+20
4.372936811e+20
5.295012875e+20
3.328617279e+20
3.298200019e+20
4.654388441e+20
4.612616255e+20
4.5564364e+20
4.516306422e+20
4.46126223e+20
3.980460227e+20
3.931931936e+20
5.198212136e+20
1.009961231e+20
4.038020121e+20
3.025583073e+20
3.022782334e+20
3.017800604e+20
3.013546026e+20
3.006592397e+20
6.001750497e+20
6.981424006e+20
3.979817805e+20
4.957072116e+20
4.942710467e+20
5.90665993e+20
2.943300513e+20
2.929442222e+20
5.836081498e+20
3.870319847e+20
3.853356452e+20
6.70459257e+20
6.671965037e+20
5.683196465e+20
4.710704964e+20
4.67923003e+20
1.860830935e+20
4.619026756e+20
5.508178898e+20
4.555726067e+20
3.620213093e+20
3.591734752e+20
5.34932984e+20
7.073907573e+20
5.265619304e+20
1.740252115e+20
3.453059266e+20
1.711322767e+20
5.94023166e+20
5.88634946e+20
5.002107272e+20
6.607384701e+20
4.092820776e+20
5.675364991e+20
4.016496875e+20
5.568435508e+20
6.303541998e+20
3.900732001e+20
3.090172765e+20
2.294339722e+20
3.78572946e+20
5.99547436e+20
4.450753781e+20
5.873072691e+20
6.538825051e+20
5.751322676e+20
5.691287156e+20
6.334427622e+20
6.267877644e+20
2.755571512e+20
6.134606565e+20
4.044862255e+20
3.335054756e+20
4.617201788e+20
2.610462204e+20
1.290564045e+20
3.83072756e+20
3.787234429e+20
3.122716262e+20
3.704313271e+20
2.443576919e+20
4.226832373e+20
5.975179495e+20
5.315024211e+20
4.675381995e+20
4.04297768e+20
5.14453561e+20
3.954082298e+20
4.472796981e+20
4.972178656e+20
4.375036661e+20
4.322856106e+20
3.20974037e+20
5.814031464e+20
5.233316042e+20
5.170382826e+20
4.096029284e+20
4.552433617e+20
5.009713846e+20
4.4541852e+20
3.921859377e+20
3.874289129e+20
4.797836887e+20
4.739526223e+20
4.226593242e+20
5.102954565e+20
4.137673694e+20
4.087248339e+20
4.951530531e+20
3.112542869e+20
3.526473983e+20
4.354305703e+20
4.317464637e+20
3.018587194e+20
5.028708679e+20
4.019079715e+20
4.01536193e+20
8.017515785e+20
5.003887127e+20
3.993891742e+20
5.97945258e+20
4.968234662e+20
3.965061584e+20
3.950982604e+20
2.954657104e+20
1.961620506e+20
2.932444584e+20
4.86444087e+20
2.907312268e+20
8.676291037e+20
7.678478293e+20
3.817201253e+20
6.647615207e+20
4.71876719e+20
7.509733978e+20
3.729823695e+20
9.27048615e+19
7.363791814e+20
5.48833809e+20
4.539374721e+20
6.312661271e+20
6.263085555e+20
4.441872726e+20
2.643287815e+20
3.497953158e+20
5.202296509e+20
4.301082063e+20
5.968560118e+20
3.382493219e+20
5.865750223e+20
5.81539587e+20
5.761333902e+20
4.078589874e+20
2.423874839e+20
4.803122726e+20
3.963747465e+20
3.926152837e+20
3.887356679e+20
5.389279003e+20
3.04868095e+20
3.772823732e+20
2.987555998e+20
5.174925552e+20
5.121563886e+20
3.620407801e+20
3.582475529e+20
3.545088058e+20
3.507327531e+20
4.858681463e+20
1.373184027e+20
3.396738353e+20
3.35950084e+20
4.65354578e+20
3.287061927e+20
4.553162319e+20
3.858888783e+20
4.454407991e+20
5.662116946e+20
4.357388889e+20
5.538189942e+20
4.871078721e+20
4.814807029e+20
6.551122228e+20
5.297606896e+20
5.825076557e+20
5.181104954e+20
4.557956539e+20
3.378135843e+20
2.786360228e+20
3.85462016e+20
4.905839618e+20
3.770151664e+20
4.265680958e+20
3.160938922e+20
5.737854277e+20
4.638152889e+20
4.082654178e+20
4.53756312e+20
4.993346197e+20
3.946331213e+20
3.909034796e+20
3.861606892e+20
4.303916311e+20
3.779189973e+20
4.680816755e+20
4.161430383e+20
4.582314039e+20
4.526436772e+20
4.48657455e+20
4.431814904e+20
4.393547988e+20
3.905904757e+20
4.303180968e+20
8.019665646e+20
7.014044769e+20
5.005200327e+20
4.000458869e+20
3.993892715e+20
9.970672242e+19
3.979103946e+20
4.964433111e+20
4.9498746e+20
4.938017979e+20
3.936415725e+20
3.925025032e+20
7.817631213e+20
2.921668441e+20
4.846609727e+20
4.827770645e+20
3.842042532e+20
4.781531132e+20
2.852481463e+20
5.677236397e+20
7.522659581e+20
3.74126921e+20
3.716361256e+20
4.618530207e+20
8.254498885e+20
4.557199754e+20
5.427768396e+20
4.49293706e+20
3.566168626e+20
3.54086691e+20
2.633927062e+20
6.099767767e+20
5.183966757e+20
4.285947311e+20
5.947638263e+20
4.2133148e+20
3.340168375e+20
4.139387138e+20
3.280769057e+20
4.064457593e+20
4.025847587e+20
5.584324858e+20
1.580054055e+20
3.912684962e+20
5.423701877e+20
3.069075502e+20
5.31704822e+20
4.512006838e+20
5.954887478e+20
3.683874435e+20
3.645933042e+20
4.329861197e+20
4.284546708e+20
2.119921132e+20
4.194728952e+20
4.842456078e+20
6.158758201e+20
2.708350115e+20
4.018029062e+20
4.63811788e+20
3.276194908e+20
2.593209079e+20
3.205141527e+20
5.073978499e+20
3.135280784e+20
4.963508279e+20
4.293356557e+20
3.641331756e+20
6.598696874e+20
4.748864139e+20
4.106902614e+20
4.644840577e+20
4.590405956e+20
4.54309015e+20
5.050695698e+20
4.443651021e+20
4.939807476e+20
3.259911783e+20
3.221043932e+20
3.188849275e+20
3.675764523e+20
4.159405975e+20
4.109386759e+20
4.578036906e+20
3.517725132e+20
3.981668122e+20
5.900206588e+20
4.383330542e+20
5.292385191e+20
4.289871687e+20
3.295985186e+20
2.799311663e+20
5.069540571e+20
3.653849394e+20
4.51158461e+20
4.024669438e+20
4.858960194e+20
4.817009078e+20
3.460462182e+20
4.717890647e+20
3.994993374e+20
6.988090891e+20
3.989351165e+20
2.989249518e+20
7.95827475e+20
4.966922156e+20
3.964425252e+20
5.93535013e+20
2.958989842e+20
5.9038125e+20
1.960977933e+20
2.932960399e+20
1.947247947e+20
3.881294945e+20
3.863127064e+20
4.810150408e+20
3.82805826e+20
2.858484453e+20
3.789516739e+20
3.771111361e+20
3.747744676e+20
3.727769562e+20
4.628744562e+20
2.761162456e+20
4.569413961e+20
5.449082214e+20
5.408425975e+20
2.686167009e+20
5.330282348e+20
3.528325119e+20
2.624632374e+20
5.209945812e+20
3.443843811e+20
5.979286178e+20
5.080167919e+20
3.35889308e+20
4.992841082e+20
5.775028706e+20
5.72149601e+20
4.860507492e+20
1.604799881e+20
6.360159173e+20
3.936615983e+20
4.679171002e+20
1.544351735e+20
4.587951795e+20
5.29902776e+20
4.496729361e+20
3.709249631e+20
2.937166197e+20
2.906951168e+20
1.438443737e+20
2.846812832e+20
3.521395153e+20
4.877551637e+20
3.447384786e+20
6.138324776e+20
4.049054255e+20
4.004745531e+20
3.301994241e+20
6.530799009e+20
3.230834696e+20
2.555689633e+20
4.425150782e+20
4.375012312e+20
4.947250744e+20
6.113320537e+20
6.049054581e+20
4.783400282e+20
4.141705243e+20
4.678322217e+20
4.629719013e+20
5.147418316e+20
5.094360476e+20
5.034294843e+20
4.429220021e+20
4.923779437e+20
4.873999392e+20
4.28079666e+20
4.767758065e+20
4.187251178e+20
3.627675719e+20
3.584050731e+20
5.070205395e+20
4.508111682e+20
4.464836706e+20
4.410781254e+20
4.854544523e+20
3.836489883e+20
4.751020474e+20
3.754570903e+20
4.650321784e+20
4.134270383e+20
5.007648095e+20
4.047146635e+20
5.348677897e+20
5.283304527e+20
4.801219563e+20
4.742490967e+20
4.702384827e+20
)
;

boundaryField
{
    BCSymmetryPlane
    {
        type            symmetry;
    }
    BCWall
    {
        type            calculated;
        value           uniform 0;
    }
    inlet
    {
        type            calculated;
        value           uniform 0;
    }
    outlet
    {
        type            calculated;
        value           uniform 0;
    }
}


// ************************************************************************* //
