/*--------------------------------*- C++ -*----------------------------------*\
| =========                 |                                                 |
| \\      /  F ield         | OpenFOAM: The Open Source CFD Toolbox           |
|  \\    /   O peration     | Version:  2506                                  |
|   \\  /    A nd           | Website:  www.openfoam.com                      |
|    \\/     M anipulation  |                                                 |
\*---------------------------------------------------------------------------*/
FoamFile
{
    version     2.0;
    format      ascii;
    arch        "LSB;label=32;scalar=64";
    class       volScalarField;
    location    "0";
    object      rhoM_N2;
}
// * * * * * * * * * * * * * * * * * * * * * * * * * * * * * * * * * * * * * //

dimensions      [1 -3 0 0 0 0 0];

internalField   nonuniform List<scalar> 
60000
(
9.317637529e-05
9.311919561e-05
0.0001136331696
9.286696805e-05
8.232274619e-05
0.0001027296745
9.210181365e-05
0.0001123139144
0.0001219257722
0.0001114457412
0.0001107915897
0.0001104077547
0.0001096579378
8.935454789e-05
9.852346259e-05
9.806202048e-05
7.77874319e-05
7.737631337e-05
9.583358626e-05
0.0001047977386
9.433386095e-05
8.435332063e-05
8.347303815e-05
0.0001013091673
6.376170035e-05
8.136328364e-05
8.043055463e-05
7.092141509e-05
9.635702042e-05
0.0001042268835
8.578967732e-05
7.652433668e-05
0.0001007463508
9.149407192e-05
9.031466994e-05
9.757659843e-05
9.629501436e-05
8.739315308e-05
8.622742424e-05
8.534689591e-05
9.184805084e-05
9.088853134e-05
8.964847417e-05
9.608539029e-05
8.7474721e-05
0.0001081618443
8.533302119e-05
8.440013912e-05
9.710016771e-05
8.917037177e-05
8.116634772e-05
9.364430533e-05
7.914965345e-05
9.783722449e-05
0.0001157724512
9.540426322e-05
0.0001003529234
9.303686081e-05
0.0001039842683
9.073689446e-05
9.545447846e-05
8.850563779e-05
8.729520306e-05
8.634383582e-05
9.084940172e-05
8.986855962e-05
9.4199359e-05
0.0001096391274
8.113231395e-05
8.027610346e-05
8.449760974e-05
7.83913199e-05
9.800061019e-05
9.699377177e-05
8.566698166e-05
7.981128167e-05
9.357396253e-05
8.776457292e-05
8.185455072e-05
0.0001001207132
9.418448916e-05
0.0001025999295
8.293676604e-05
0.0001004001521
6.76498576e-05
0.0001027541881
7.949330778e-05
9.625685522e-05
9.518086383e-05
8.144815677e-05
7.208349687e-05
9.664050488e-05
8.730948817e-05
9.064544587e-05
9.380463168e-05
8.488397049e-05
8.405675121e-05
8.727820734e-05
9.432507326e-05
9.349040134e-05
9.241397432e-05
8.209554367e-05
0.0001024588015
8.187417727e-05
0.0001020645989
9.170341392e-05
9.135350661e-05
0.0001012745398
9.070448888e-05
8.039624549e-05
8.991799152e-05
7.965087054e-05
9.889131438e-05
8.86404186e-05
9.774032386e-05
0.0001070120583
7.717367719e-05
8.636267705e-05
9.508350558e-05
9.452639593e-05
6.552130274e-05
9.300013226e-05
7.362773762e-05
9.139266659e-05
0.0001084733122
0.0001076601458
7.095471711e-05
7.918645928e-05
9.563780974e-05
9.483004254e-05
8.515598115e-05
0.0001012807794
0.0001000099927
8.257012421e-05
8.966153496e-05
9.687283783e-05
8.763882459e-05
9.465760736e-05
9.340027265e-05
9.244818288e-05
9.120449354e-05
9.025325301e-05
8.902672732e-05
9.542053078e-05
8.687408364e-05
0.0001002593503
9.887820394e-05
0.000104784128
8.26680222e-05
8.857065447e-05
9.406181344e-05
9.966427342e-05
9.172991055e-05
9.071102157e-05
9.584340165e-05
8.214132659e-05
8.723641334e-05
7.394485057e-05
0.0001033111526
9.015010136e-05
8.891301235e-05
9.379932029e-05
9.830197648e-05
9.151159203e-05
9.591354923e-05
8.929725863e-05
8.809696798e-05
7.626170704e-05
9.137023124e-05
7.977008006e-05
8.39667041e-05
9.867182473e-05
8.713537369e-05
9.638602132e-05
0.0001051623255
8.426923804e-05
8.32014426e-05
8.72165703e-05
9.569887234e-05
8.054443281e-05
9.827707769e-05
0.0001019599308
8.699826746e-05
9.523843809e-05
8.963654939e-05
8.879327986e-05
9.21620642e-05
9.130659398e-05
9.458407891e-05
0.0001022366356
8.848433907e-05
9.185732939e-05
9.502113181e-05
9.826182196e-05
9.32100516e-05
9.639549406e-05
9.147577097e-05
8.672256577e-05
8.981592888e-05
8.90216181e-05
0.0001120337149
0.00010178682
6.097704213e-05
0.0001015135792
9.111539731e-05
8.085537473e-05
8.054867665e-05
0.0001105047622
8.997652408e-05
0.0001096583826
8.919997199e-05
8.889243005e-05
8.829563394e-05
9.770845952e-05
9.69695369e-05
7.721409316e-05
0.0001148542979
8.56877192e-05
9.434507533e-05
0.0001031730251
8.359302046e-05
0.000110742608
0.0001095988886
9.976653413e-05
8.074007734e-05
9.794431488e-05
0.0001056355162
8.732809694e-05
9.492925592e-05
9.412928719e-05
8.453157808e-05
9.216176194e-05
9.101062728e-05
9.016985408e-05
9.711030415e-05
8.816422644e-05
9.492675691e-05
8.615463243e-05
9.274362895e-05
9.179988298e-05
9.056989199e-05
8.962679376e-05
0.000103149136
9.476480898e-05
0.0001006619115
9.957706037e-05
8.418030986e-05
9.713922063e-05
8.895773597e-05
8.121133856e-05
8.676380287e-05
8.58036596e-05
8.46175576e-05
8.367842858e-05
8.887016096e-05
8.160602741e-05
8.667143285e-05
9.183310371e-05
8.453257254e-05
7.762806917e-05
8.245515363e-05
7.572530459e-05
9.193169657e-05
9.093056554e-05
8.970105356e-05
8.31873519e-05
9.301420062e-05
9.202116193e-05
9.613881629e-05
0.0001109785546
9.908788355e-05
8.773410782e-05
8.659283227e-05
9.074447964e-05
8.460248609e-05
7.881936881e-05
9.241297988e-05
9.149066694e-05
9.510571843e-05
9.417062946e-05
8.83663617e-05
8.751043051e-05
9.555988279e-05
9.464778561e-05
0.0001024423216
9.265412375e-05
9.595053663e-05
9.50596901e-05
8.972224328e-05
8.466619343e-05
9.211856516e-05
9.543241873e-05
9.442515701e-05
7.730271268e-05
9.262296153e-05
9.578847855e-05
9.484884362e-05
9.009095215e-05
9.312455399e-05
9.230145363e-05
9.092599908e-05
0.0001009676125
0.0001008113577
9.062798726e-05
0.0001004273005
8.020716634e-05
6.991661306e-05
8.969061916e-05
9.917794563e-05
0.0001087860314
0.000108158513
9.798771605e-05
9.733357171e-05
8.724586556e-05
7.696864942e-05
0.0001053398657
8.547161863e-05
5.66821531e-05
8.425622357e-05
8.376497542e-05
9.217142092e-05
6.410724595e-05
9.97048561e-05
9.901270167e-05
7.123057431e-05
9.721130123e-05
9.61132255e-05
7.801287668e-05
9.423112385e-05
0.00010193325
8.391626519e-05
9.981018307e-05
9.856910368e-05
8.95220162e-05
9.641803733e-05
9.549533834e-05
9.425710651e-05
9.332557478e-05
9.209615377e-05
9.116061226e-05
8.994406054e-05
8.900897124e-05
9.512614798e-05
8.687818874e-05
9.998008886e-05
0.0001059685649
8.36155543e-05
8.959669779e-05
8.836641507e-05
9.411779908e-05
9.945245451e-05
0.0001049097141
8.406466208e-05
8.313241414e-05
0.0001135209188
8.731440302e-05
9.841568387e-05
8.515997577e-05
8.999182089e-05
8.306572688e-05
8.778381877e-05
8.682096557e-05
9.706076462e-05
0.0001072987839
9.470880365e-05
8.266516302e-05
0.0001033071741
9.68252832e-05
9.023243923e-05
0.0001050359112
9.847303231e-05
9.744735537e-05
0.0001012435356
8.016259887e-05
8.408009759e-05
7.833260107e-05
8.700937132e-05
8.135523989e-05
8.97938785e-05
7.955179191e-05
9.70665913e-05
0.0001007035913
9.044869615e-05
9.406441422e-05
9.295741515e-05
9.208244632e-05
9.969219878e-05
9.447220556e-05
9.341268211e-05
9.676303391e-05
9.154644714e-05
9.07161696e-05
9.791646422e-05
9.299371895e-05
9.604509999e-05
9.518906013e-05
9.425230804e-05
8.95246147e-05
8.868002816e-05
9.171824829e-05
0.0001002220407
9.014533759e-05
7.000514105e-05
0.0001098844518
0.0001095910128
0.0001094077442
0.0001089975425
5.931980166e-05
5.90367301e-05
0.0001079274501
0.0001073084144
9.721834004e-05
9.657295982e-05
8.656491567e-05
9.546386755e-05
7.601688367e-05
8.481282839e-05
0.000103117626
9.290209702e-05
0.0001015979195
0.0001006197189
0.0001090664454
9.895550019e-05
9.827017564e-05
7.953773437e-05
9.64891778e-05
0.0001040776395
8.604337137e-05
9.354318526e-05
0.000101190975
9.164082994e-05
8.257565356e-05
9.786411745e-05
9.696373187e-05
9.573557052e-05
9.482117557e-05
9.359683789e-05
9.267351865e-05
9.14576564e-05
9.05301834e-05
8.932681864e-05
8.839960805e-05
8.721217675e-05
8.628926328e-05
9.930744054e-05
8.420568454e-05
8.3058326e-05
9.584693578e-05
8.778290354e-05
8.681894626e-05
9.880146428e-05
9.771000622e-05
9.636801342e-05
8.259347917e-05
9.399145318e-05
8.675271275e-05
8.556314547e-05
0.0001027481115
8.942037893e-05
0.0001002256451
8.722990967e-05
7.477042764e-05
0.0001077991143
8.979036937e-05
9.965404526e-05
9.857938689e-05
9.185849358e-05
9.622395785e-05
0.0001002239983
8.872818645e-05
0.0001030165942
9.174926531e-05
9.05588139e-05
9.460762387e-05
8.847965711e-05
8.758328481e-05
7.686774994e-05
8.561286823e-05
9.394119917e-05
8.836630687e-05
7.809675488e-05
9.098814618e-05
0.0001033790741
9.348819012e-05
9.238760891e-05
9.151778014e-05
9.47722535e-05
9.815975328e-05
9.283779731e-05
8.780499045e-05
9.511690955e-05
9.425416382e-05
9.325535736e-05
9.241769546e-05
9.147069234e-05
9.065555134e-05
8.585796009e-05
8.509729426e-05
9.195420979e-05
9.493996524e-05
9.942797878e-05
9.936813015e-05
8.929444884e-05
0.0001189258177
9.884170313e-05
4.933839824e-05
0.000108139836
8.827996709e-05
6.833640353e-05
7.787804738e-05
9.679234077e-05
9.646095182e-05
8.6241729e-05
8.589451303e-05
7.578274558e-05
0.0001131481409
6.546097911e-05
9.302744019e-05
9.219703467e-05
9.166205906e-05
0.0001089408518
9.922664455e-05
7.143078122e-05
9.753870357e-05
9.649431265e-05
8.707063971e-05
9.47061558e-05
9.395658825e-05
8.442292593e-05
0.0001004594324
9.925455275e-05
9.018320816e-05
9.716914402e-05
9.627695097e-05
9.506269709e-05
9.415646477e-05
9.294575524e-05
9.2030511e-05
9.08279514e-05
9.740078207e-05
8.871799066e-05
8.779853163e-05
8.662365312e-05
9.285062412e-05
8.45518137e-05
8.364410878e-05
0.0001031355943
8.841263045e-05
0.0001006235165
8.625034022e-05
8.507108224e-05
7.766040355e-05
9.574646231e-05
8.206148685e-05
8.716394352e-05
9.851223195e-05
7.894673726e-05
9.609041242e-05
8.885614841e-05
9.373537143e-05
9.246181012e-05
9.144857004e-05
9.021224123e-05
8.923092734e-05
0.0001155419353
8.70828895e-05
9.129134336e-05
8.500449365e-05
0.0001153351754
8.299542636e-05
9.726594053e-05
8.612101905e-05
7.500441334e-05
9.402931905e-05
8.793999299e-05
9.188504787e-05
9.54995112e-05
9.927321472e-05
9.336956866e-05
7.858332004e-05
8.675360318e-05
8.591267645e-05
7.594557855e-05
0.0001017684097
9.61973526e-05
9.095999702e-05
9.847543861e-05
9.75605166e-05
9.226994519e-05
9.557899589e-05
9.453341756e-05
9.36758799e-05
9.671087979e-05
9.184876407e-05
9.485764416e-05
9.401245108e-05
9.30814681e-05
9.225708056e-05
9.138000005e-05
9.057367155e-05
0.0001085110408
0.0001084459676
6.890603143e-05
9.832714053e-05
8.826077973e-05
8.811386545e-05
9.754138444e-05
9.732350139e-05
6.780501668e-05
8.693207442e-05
7.683468099e-05
0.000114858328
0.00011410422
8.523441446e-05
8.460381696e-05
9.35702912e-05
0.0001020864191
8.309019079e-05
0.0001006528529
0.0001000701838
0.0001081270795
0.000107440266
9.749007972e-05
9.681804044e-05
9.578638104e-05
9.507664505e-05
7.692378383e-05
0.0001017550778
0.0001005785546
9.973839094e-05
9.85475099e-05
8.954243438e-05
9.648397157e-05
7.966652534e-05
8.653261483e-05
9.350100853e-05
9.230366821e-05
9.139636477e-05
9.772409661e-05
8.929512752e-05
8.811740571e-05
8.720557409e-05
0.0001003835224
0.0001064188063
9.098972642e-05
9.693830278e-05
8.879634521e-05
8.783225579e-05
8.66386978e-05
9.887207734e-05
9.752472071e-05
7.715935205e-05
7.610630203e-05
8.780832728e-05
9.898248085e-05
0.0001101223759
8.448284408e-05
0.0001133877962
9.418559326e-05
0.0001106134569
0.0001091142144
9.087917825e-05
7.844663245e-05
7.205121087e-05
9.295738277e-05
9.195549824e-05
9.606828021e-05
0.0001003236302
9.378837372e-05
0.0001031103084
8.649727458e-05
8.056134026e-05
8.945850349e-05
8.853919697e-05
8.74068721e-05
8.171444767e-05
9.017534855e-05
9.397344601e-05
9.28048528e-05
9.189161567e-05
9.076738921e-05
9.438171306e-05
9.324761365e-05
9.675460116e-05
9.996095634e-05
9.471416102e-05
8.936698738e-05
0.0001011845758
8.337181591e-05
9.499777713e-05
9.395704075e-05
8.905662047e-05
9.611915216e-05
8.731780354e-05
9.427485946e-05
9.343498739e-05
9.250688927e-05
9.168786104e-05
9.081291713e-05
9.376253058e-05
6.851391012e-05
9.7818534e-05
9.767045453e-05
9.756154376e-05
8.757485635e-05
9.714379467e-05
9.678571974e-05
9.657000148e-05
9.611690034e-05
0.0001054311404
0.0001048364506
5.698862114e-05
0.0001037968974
7.518611931e-05
9.329103892e-05
0.0001114336467
8.28960137e-05
0.000100790837
9.081853554e-05
0.0001083528185
8.943781211e-05
0.0001066452264
0.000105571119
0.0001048450346
7.779989559e-05
7.722472487e-05
9.333968986e-05
0.0001010227543
8.321667795e-05
9.90276262e-05
8.969626332e-05
8.891070207e-05
8.782436137e-05
9.493216776e-05
8.593285477e-05
9.285461494e-05
9.167039162e-05
9.077089805e-05
8.959420196e-05
8.869015088e-05
0.0001021123805
8.662057204e-05
9.25926271e-05
9.866434461e-05
9.734272669e-05
8.94217271e-05
8.821618999e-05
0.000100683982
8.607770811e-05
9.823290366e-05
9.689864335e-05
9.583090561e-05
9.452710692e-05
8.101780041e-05
0.0001045043461
7.903088234e-05
0.0001019427573
8.302533914e-05
8.774878247e-05
8.099725206e-05
0.0001198530825
9.031683306e-05
9.467005789e-05
8.81326996e-05
8.151871986e-05
8.064036005e-05
9.548237302e-05
8.921597723e-05
8.803979992e-05
9.73598334e-05
8.597354856e-05
9.008278021e-05
0.0001037380336
8.800452298e-05
9.653352908e-05
9.077749188e-05
9.435028451e-05
8.873747093e-05
9.224692688e-05
9.590594396e-05
0.0001037551091
8.934687386e-05
9.268692566e-05
9.180111175e-05
9.071934664e-05
8.558531679e-05
9.305810783e-05
9.219313063e-05
9.115482906e-05
9.031821123e-05
8.932731717e-05
9.656383504e-05
8.757340304e-05
8.678680527e-05
8.979505903e-05
9.286457443e-05
9.193936052e-05
9.112562254e-05
9.025282917e-05
8.945730967e-05
8.740758315e-05
8.735554763e-05
0.0001066071306
9.680777709e-05
7.724401078e-05
0.0001060345199
7.683333878e-05
0.0001054108874
9.538093691e-05
9.511318399e-05
5.674777005e-05
7.540638088e-05
0.0001030103634
0.000102598459
0.000101847435
9.216311453e-05
6.399258856e-05
9.094400083e-05
9.01446294e-05
9.858771286e-05
8.877955876e-05
0.0001058618668
8.73340258e-05
8.673472419e-05
9.440122968e-05
8.518624777e-05
9.2671138e-05
9.19424883e-05
8.262638856e-05
9.013301002e-05
9.716321955e-05
9.631398676e-05
9.514221183e-05
9.427376626e-05
9.309965606e-05
9.221709731e-05
9.104574539e-05
9.015393384e-05
8.89898113e-05
9.543442624e-05
8.694030426e-05
8.604336644e-05
9.198019365e-05
9.101223864e-05
9.670498454e-05
9.567068281e-05
8.764356651e-05
8.669406907e-05
9.21027009e-05
7.808155278e-05
8.986184961e-05
8.252443131e-05
8.140513518e-05
9.289136511e-05
0.0001038481517
0.0001026999209
8.938873056e-05
8.840174664e-05
9.883277055e-05
8.624585375e-05
9.642678218e-05
0.0001065916678
8.855592502e-05
8.21190574e-05
8.102233924e-05
0.0001015227806
7.381388719e-05
9.389153561e-05
9.265573041e-05
8.149225898e-05
9.048295749e-05
8.954065717e-05
8.347435403e-05
0.0001069154385
0.0001103486202
0.0001092302279
7.502878508e-05
8.820659699e-05
8.711088571e-05
8.171368187e-05
0.0001031352174
7.549093318e-05
9.652022293e-05
9.55975454e-05
9.44706899e-05
8.507305725e-05
8.829585814e-05
9.580591504e-05
9.884434661e-05
9.385629125e-05
9.686099309e-05
9.198283446e-05
9.100060907e-05
9.018323648e-05
9.313051229e-05
9.230108387e-05
9.137875287e-05
9.05702374e-05
9.343709119e-05
8.890938527e-05
6.746158547e-05
8.668487348e-05
7.693781697e-05
8.645901157e-05
8.623450421e-05
8.60919267e-05
0.0001048398777
0.0001046072176
9.465615832e-05
9.439101234e-05
0.0001032507892
0.0001029004269
0.0001022356598
7.405655213e-05
0.0001010862769
0.0001006228073
0.0001088874096
7.221608434e-05
8.948065086e-05
8.006958623e-05
0.0001057571088
9.633243717e-05
9.537156025e-05
7.749700427e-05
9.372356899e-05
0.0001014913353
8.36473592e-05
9.958928127e-05
8.204441451e-05
8.9499722e-05
9.648555643e-05
9.564393494e-05
9.448522977e-05
7.802036212e-05
9.24632022e-05
9.158827407e-05
9.796535048e-05
0.0001044695166
9.575964697e-05
8.750446121e-05
9.356042407e-05
9.259661933e-05
0.0001054336253
9.041551471e-05
9.607554435e-05
8.825999386e-05
8.707832904e-05
8.613596652e-05
9.151395583e-05
9.051376327e-05
8.929227834e-05
8.200210776e-05
8.711585734e-05
0.0001046158142
0.0001032001465
7.804576314e-05
8.883491784e-05
8.785462983e-05
8.089076594e-05
9.142990963e-05
9.583694576e-05
0.0001059401592
9.351833142e-05
9.794382358e-05
7.51631693e-05
9.028666591e-05
8.385043598e-05
0.000103695546
8.698296126e-05
9.619133606e-05
9.49384124e-05
8.900502014e-05
0.0001025001534
0.0001014467028
8.107640011e-05
8.96963182e-05
8.390554936e-05
0.0001061414135
9.115096083e-05
8.574078195e-05
9.360767242e-05
8.38709369e-05
9.59467535e-05
8.639030316e-05
9.390882803e-05
9.302358269e-05
8.776986486e-05
7.867238238e-05
8.597241952e-05
9.735211188e-05
9.628103307e-05
9.143200417e-05
9.438663217e-05
9.353885522e-05
9.256869378e-05
9.174439044e-05
9.082494048e-05
9.377248031e-05
8.915312674e-05
9.573214307e-05
8.607529669e-05
9.55826879e-05
8.589625563e-05
9.533465392e-05
8.557959707e-05
0.0001044247252
0.0001040461188
8.494012604e-05
8.454808037e-05
7.494377969e-05
0.000102475811
8.355995011e-05
0.0001014725218
0.0001010685518
8.209342756e-05
9.987739855e-05
9.907813199e-05
8.960612371e-05
0.0001065916586
8.831684026e-05
0.0001049900382
0.0001043291724
7.747011877e-05
0.0001025878071
8.459597105e-05
0.0001007695867
9.13623598e-05
9.064705157e-05
9.776469758e-05
8.887527105e-05
9.581728054e-05
9.498314175e-05
8.60174872e-05
9.298398647e-05
9.183539119e-05
9.854863263e-05
8.982164778e-05
8.894482879e-05
8.780516717e-05
8.692342596e-05
9.294375618e-05
8.491172935e-05
8.379629008e-05
9.673630042e-05
0.0001022724054
9.443578714e-05
0.0001064865669
9.216846551e-05
9.093268979e-05
9.636402373e-05
9.506773054e-05
9.402271676e-05
8.657153425e-05
9.173205724e-05
9.049427484e-05
9.546136138e-05
8.240206354e-05
7.567234442e-05
8.039596671e-05
0.0001079094975
8.965108843e-05
7.20450192e-05
8.748509488e-05
0.0001027604629
9.072049437e-05
9.502281334e-05
8.334823236e-05
9.276721933e-05
9.663623525e-05
0.000100650045
8.443974448e-05
9.830639271e-05
9.218820458e-05
9.124069938e-05
8.533749727e-05
9.855115631e-05
9.731125533e-05
8.257611752e-05
9.061268583e-05
8.972030376e-05
0.000101917393
9.654014033e-05
0.0001040509727
9.44678363e-05
9.335360997e-05
8.827005278e-05
9.140486806e-05
9.055470463e-05
8.953179224e-05
8.870965465e-05
9.570797678e-05
9.088773179e-05
8.991363339e-05
8.523186558e-05
9.201361306e-05
9.11943719e-05
9.403937558e-05
9.693615973e-05
8.861326432e-05
9.149315516e-05
8.542426852e-05
0.0001138319369
7.577548424e-05
8.515329999e-05
0.0001038089095
9.421638134e-05
9.387662621e-05
8.430225509e-05
0.0001025630661
0.0001022769842
7.39726398e-05
8.293803912e-05
7.325141256e-05
0.0001094406344
9.054326291e-05
0.0001081559482
0.000107294793
0.0001067422062
9.699977295e-05
8.767688439e-05
8.686167898e-05
7.768451153e-05
7.691697442e-05
0.0001018568423
8.39972928e-05
9.171986165e-05
9.072173622e-05
9.001292662e-05
9.708566323e-05
9.628306197e-05
8.722834833e-05
9.43314166e-05
9.319811466e-05
9.235224097e-05
9.121604817e-05
9.035600892e-05
8.922185992e-05
0.0001030777501
9.449331071e-05
0.000100741732
9.233516412e-05
8.43570003e-05
0.0001040660275
8.924523761e-05
8.806657763e-05
0.0001072345343
7.935641335e-05
9.158266326e-05
7.745036671e-05
9.575676658e-05
0.0001070690665
8.720605215e-05
9.217925472e-05
0.0001093958248
8.394078667e-05
8.894411605e-05
9.359746932e-05
8.67804644e-05
9.132249592e-05
9.031918995e-05
7.797066055e-05
8.262690501e-05
7.60894163e-05
9.139135798e-05
9.01779928e-05
0.0001049498357
8.803025912e-05
0.0001024612206
9.606309965e-05
9.505055433e-05
8.394056621e-05
9.772527118e-05
8.682125787e-05
0.0001050241869
8.954845006e-05
8.864059529e-05
9.213285872e-05
8.665141482e-05
9.458476743e-05
9.36530855e-05
9.691401993e-05
0.0001003357225
9.482001799e-05
8.964416576e-05
8.436810779e-05
8.77510435e-05
8.260615003e-05
9.002142756e-05
9.304916384e-05
8.417766622e-05
8.324898899e-05
9.427815747e-05
9.326590481e-05
9.242821183e-05
9.146514966e-05
9.442803011e-05
9.347626377e-05
9.264997048e-05
9.541989249e-05
8.730515776e-05
0.0001036236844
8.473324931e-05
8.460831266e-05
7.512455341e-05
8.429917843e-05
7.480951179e-05
0.000102494121
9.297099235e-05
0.0001018010826
0.0001015177144
8.260383213e-05
7.317805967e-05
9.089083791e-05
0.0001086366556
8.988142543e-05
8.052482381e-05
8.876319029e-05
7.064563114e-05
9.630074789e-05
8.704613622e-05
8.624066803e-05
0.0001028402262
0.0001018288974
9.270820213e-05
9.174773146e-05
9.935645357e-05
7.371002788e-05
9.751375869e-05
9.641599641e-05
8.765215063e-05
8.663244416e-05
9.368857411e-05
9.256761834e-05
9.172902187e-05
9.815541987e-05
9.723158011e-05
9.601586491e-05
9.508170371e-05
9.387261971e-05
8.578420074e-05
0.000112903988
9.0793595e-05
0.0001033954474
8.867138647e-05
9.423544551e-05
9.323236474e-05
7.885433611e-05
7.800365181e-05
0.000102619465
9.5157115e-05
8.762607754e-05
8.04740693e-05
0.0001038251232
0.0001026815069
7.150853743e-05
8.839994687e-05
9.302816265e-05
8.050296043e-05
9.077063833e-05
9.538475711e-05
7.196643404e-05
8.760636524e-05
8.643985257e-05
8.550187057e-05
8.964194089e-05
9.389364003e-05
9.265686582e-05
8.657676036e-05
9.549672235e-05
7.957073725e-05
0.0001128992276
0.0001020085287
8.631235848e-05
9.966270808e-05
7.965361769e-05
9.275999861e-05
0.0001053338967
8.161118153e-05
9.403273459e-05
8.423904413e-05
0.0001051074713
9.107611888e-05
8.569683276e-05
9.336451567e-05
8.806888307e-05
9.13922972e-05
9.444109514e-05
9.763024872e-05
9.652527338e-05
7.969885584e-05
8.670024748e-05
9.372354557e-05
9.271546269e-05
9.188272227e-05
9.092318594e-05
9.386863017e-05
8.920306148e-05
8.841478408e-05
9.849703435e-05
9.03991699e-05
9.350146238e-05
0.0001121361211
9.33096857e-05
0.0001025278706
7.437620479e-05
0.000102099641
0.0001017353563
9.228314339e-05
0.0001010503377
8.244788293e-05
0.000100219141
9.080175774e-05
8.120451917e-05
0.000107844403
9.815211264e-05
9.770599517e-05
9.693575175e-05
7.013721617e-05
0.0001043037008
8.642439844e-05
0.0001027541685
0.0001021115774
8.426005457e-05
0.0001004257236
9.939000275e-05
9.866464624e-05
8.946706826e-05
9.684100991e-05
8.777587923e-05
9.496704957e-05
9.386686542e-05
9.305443389e-05
9.194559545e-05
9.11141577e-05
9.750226406e-05
8.915646233e-05
8.804599815e-05
8.719078195e-05
9.326002967e-05
9.942999885e-05
8.413069029e-05
8.326900605e-05
8.218676329e-05
8.810486795e-05
0.0001003260464
9.925937399e-05
0.0001044780961
9.043311773e-05
0.0001019798484
8.826059854e-05
9.330472528e-05
7.99773e-05
7.283882309e-05
9.604944545e-05
8.291872772e-05
7.614740965e-05
9.824484845e-05
9.144773175e-05
9.586449853e-05
0.0001059667206
9.905086217e-05
8.70836775e-05
9.666735969e-05
0.0001115552034
8.387032877e-05
0.0001088955672
7.164244363e-05
8.606754458e-05
9.493698449e-05
9.393651368e-05
9.271967428e-05
9.658339851e-05
0.0001001109551
8.964553332e-05
7.453213101e-05
8.760943493e-05
9.561591628e-05
9.916759254e-05
8.013180695e-05
8.815798642e-05
8.272735763e-05
9.917114535e-05
0.0001022393876
0.0001012608696
9.589605441e-05
9.499122898e-05
9.797383063e-05
8.492924704e-05
9.596240898e-05
9.111909152e-05
9.40290193e-05
8.929311157e-05
9.217147972e-05
9.134363364e-05
9.038760705e-05
9.331581906e-05
8.867523107e-05
9.155401691e-05
9.428489031e-05
8.626745238e-05
9.280995716e-05
9.275585063e-05
0.0001018825163
0.0001017708276
0.0001015135117
0.0001013474521
0.0001009877433
7.328431826e-05
0.0001003105847
0.0001000324994
8.139996283e-05
9.014070817e-05
8.061594183e-05
8.029771656e-05
9.744499484e-05
7.054765407e-05
9.624206655e-05
7.834057507e-05
8.630226664e-05
0.0001029737752
0.0001020298918
8.449431773e-05
8.367104614e-05
9.972513982e-05
9.047614689e-05
9.798240624e-05
8.077514437e-05
9.617748013e-05
9.510400057e-05
9.432244241e-05
9.323425338e-05
9.242882044e-05
9.133187633e-05
9.050748158e-05
8.940714774e-05
8.856855397e-05
9.475874824e-05
8.662137299e-05
9.265538302e-05
8.467445076e-05
9.055628711e-05
8.963008794e-05
9.52745582e-05
8.754554242e-05
8.640113657e-05
9.205922752e-05
8.43580865e-05
8.986909929e-05
9.501389596e-05
8.771472651e-05
7.418519877e-05
7.948662622e-05
0.0001025593058
8.353159563e-05
8.830390197e-05
9.315343223e-05
8.042131688e-05
9.089875154e-05
9.529211164e-05
8.870280504e-05
8.20524628e-05
9.197763918e-05
0.000101435409
8.449299812e-05
9.901093511e-05
8.248087815e-05
9.157293802e-05
8.556428385e-05
8.444863633e-05
0.0001032196743
0.0001018843732
8.642016966e-05
9.005181911e-05
0.0001031986818
7.410119286e-05
8.251844151e-05
9.506385453e-05
8.963170713e-05
9.294777711e-05
9.641415881e-05
9.09081184e-05
9.00251155e-05
9.317867447e-05
8.809182099e-05
9.534218583e-05
8.623000087e-05
9.334843788e-05
9.247947448e-05
9.540607095e-05
9.059069895e-05
9.348238098e-05
9.26336699e-05
9.163384285e-05
9.081083392e-05
9.734649255e-05
8.905870182e-05
0.0001028458789
9.46563342e-05
9.012255272e-05
8.575779563e-05
8.291574461e-05
8.286756798e-05
0.0001011354959
9.184080206e-05
0.0001007707719
0.0001097522892
7.290984585e-05
0.0001000312881
8.147584136e-05
9.027824566e-05
9.87691123e-05
9.843813552e-05
0.000106714447
0.0001062940654
7.915744862e-05
9.631009666e-05
0.0001042453517
8.642753521e-05
9.426284343e-05
8.520719265e-05
8.442979489e-05
7.551361721e-05
9.970825837e-05
9.078140778e-05
9.802197965e-05
9.730953647e-05
9.626905161e-05
9.552298115e-05
8.658952688e-05
9.368652703e-05
9.261011117e-05
9.181156293e-05
9.072629581e-05
8.990883103e-05
8.882001943e-05
9.532071064e-05
9.414245401e-05
0.0001004025785
8.497710117e-05
9.114112996e-05
8.99784624e-05
8.905944585e-05
0.0001081968818
8.030148345e-05
9.246450751e-05
9.148366083e-05
9.028309879e-05
8.293263889e-05
9.442897556e-05
9.962921733e-05
8.602092052e-05
0.0001033102246
9.594155431e-05
8.302611904e-05
8.192125845e-05
9.838089338e-05
7.99409202e-05
9.600359349e-05
7.801007479e-05
8.266574106e-05
9.244409818e-05
8.605679252e-05
0.0001114548689
7.874759776e-05
7.771001748e-05
7.687443084e-05
7.586702409e-05
8.506687432e-05
8.889817789e-05
9.773503657e-05
9.164874545e-05
0.0001002412972
8.953310517e-05
9.327654669e-05
9.209401168e-05
9.571798869e-05
9.451813111e-05
8.91170366e-05
9.241463326e-05
8.714632236e-05
8.17785198e-05
9.377097498e-05
9.264411499e-05
9.17570254e-05
9.891618624e-05
9.798244252e-05
9.281153602e-05
9.594510896e-05
9.090380699e-05
9.398441661e-05
8.906947579e-05
9.209818243e-05
9.110244169e-05
9.404605595e-05
9.305745592e-05
9.222950314e-05
9.128967779e-05
8.68643407e-05
8.600914339e-05
8.880638071e-05
0.0001006029027
0.0001096850648
9.127213663e-05
0.0001094070463
8.184994523e-05
9.987584059e-05
0.000108572731
8.125140543e-05
9.886310258e-05
0.0001075528533
9.805971985e-05
8.884706985e-05
8.829335308e-05
8.794624394e-05
7.859527433e-05
0.0001043203619
9.488406051e-05
6.865495022e-05
9.360257474e-05
8.461135723e-05
9.222724813e-05
9.99862935e-05
9.076913224e-05
9.83528929e-05
8.112666157e-05
8.053820433e-05
8.764881341e-05
9.487732984e-05
9.382723175e-05
9.305912883e-05
9.199426985e-05
9.880270298e-05
9.012869304e-05
9.676121849e-05
9.559393138e-05
9.470033614e-05
0.0001007290572
9.975534211e-05
9.146930981e-05
0.0001044913084
8.253042918e-05
9.530341039e-05
9.407755188e-05
7.979808849e-05
8.532540174e-05
9.091524647e-05
8.972598894e-05
7.608163594e-05
8.75944653e-05
9.283177663e-05
8.549885717e-05
9.060360219e-05
0.0001013239819
8.252672325e-05
9.306453633e-05
8.053571417e-05
0.0001021708655
7.85927891e-05
8.308906015e-05
9.313553882e-05
9.730783291e-05
8.555237852e-05
7.914613921e-05
9.394611327e-05
8.7559983e-05
8.661871493e-05
8.045695752e-05
9.950025239e-05
9.820680033e-05
9.231357094e-05
9.112250484e-05
9.966574911e-05
9.370561345e-05
8.346807059e-05
0.0001007243813
9.517079104e-05
8.950346428e-05
8.860824287e-05
8.31363735e-05
9.53140625e-05
9.415098734e-05
8.899809221e-05
9.630272916e-05
9.53803998e-05
9.835139833e-05
9.742277992e-05
9.629298253e-05
8.744656155e-05
9.431252515e-05
9.344565669e-05
8.855762115e-05
9.156885036e-05
9.435121706e-05
8.976366612e-05
9.621957652e-05
8.802794388e-05
9.075892223e-05
8.995785401e-05
8.906935286e-05
8.828785112e-05
0.0001089545749
9.981737773e-05
0.0001087351023
8.146253685e-05
8.125971412e-05
9.91559457e-05
8.084406217e-05
9.859366381e-05
9.815491468e-05
8.008724484e-05
0.0001062113944
9.70354831e-05
9.643371599e-05
7.859075286e-05
7.804102883e-05
7.768924524e-05
9.421932823e-05
9.374019435e-05
0.0001014016271
9.242617675e-05
9.991705483e-05
9.102260728e-05
9.014765602e-05
9.768083456e-05
8.863351265e-05
7.999262158e-05
9.497349968e-05
9.4240348e-05
9.320161706e-05
9.244007783e-05
9.13865649e-05
9.815157615e-05
8.953891143e-05
9.612955943e-05
8.766859662e-05
9.408798456e-05
8.578486739e-05
9.911639703e-05
9.08875879e-05
8.306263718e-05
9.567886057e-05
8.117509479e-05
8.681238195e-05
8.590937939e-05
8.479751723e-05
9.035385193e-05
8.280601868e-05
8.821848109e-05
9.328047716e-05
9.226809168e-05
8.498309243e-05
9.606163245e-05
8.294375163e-05
9.375234195e-05
9.251143086e-05
9.149441574e-05
7.899714146e-05
7.812932664e-05
8.260168282e-05
8.714325777e-05
9.136591062e-05
0.0001010014388
0.0001049160617
8.302355349e-05
8.705451693e-05
8.611891017e-05
7.999446822e-05
9.398205305e-05
7.811549144e-05
8.212340381e-05
9.537081367e-05
0.0001038156664
6.987900033e-05
9.682484658e-05
0.0001001519315
0.0001036421775
8.899549294e-05
8.369996455e-05
9.571727103e-05
9.477337511e-05
9.36171795e-05
8.427935055e-05
9.159318768e-05
8.246888016e-05
9.779302342e-05
9.283324635e-05
9.175604983e-05
9.485363283e-05
8.596050775e-05
8.517028519e-05
9.187994696e-05
9.483913351e-05
9.005791753e-05
8.924908672e-05
9.9345302e-05
9.481491593e-05
9.023430259e-05
9.65931438e-05
8.855193031e-05
9.479736897e-05
0.0001081719362
9.009141653e-05
8.996249764e-05
9.885124492e-05
8.964214949e-05
8.949668581e-05
7.1348387e-05
9.789023696e-05
9.745680058e-05
0.0001060240759
9.667107257e-05
8.759003703e-05
8.704949969e-05
9.537950746e-05
0.0001033260607
0.000102861235
8.505804093e-05
8.462636988e-05
9.23094033e-05
9.178877498e-05
8.26934068e-05
9.861791413e-05
8.139512014e-05
8.893307354e-05
9.603912813e-05
9.534525705e-05
9.43387126e-05
8.581087367e-05
9.258428998e-05
9.182920854e-05
9.078683613e-05
9.000828481e-05
8.895679843e-05
9.550609385e-05
8.710400801e-05
8.629246273e-05
9.234075001e-05
9.848558489e-05
8.336604779e-05
8.941715927e-05
8.14969858e-05
8.739029934e-05
8.627380371e-05
9.194499796e-05
8.427612431e-05
7.697086969e-05
8.863214431e-05
8.141869093e-05
9.889775056e-05
8.55971302e-05
8.447351299e-05
8.951849565e-05
0.0001001180627
9.901982765e-05
8.621705721e-05
9.095446442e-05
0.0001009717196
7.767129822e-05
8.211998979e-05
8.663552412e-05
8.549288794e-05
0.0001004162878
9.387989837e-05
8.254503119e-05
8.146339131e-05
8.562484023e-05
7.953726557e-05
9.836323524e-05
8.252508373e-05
7.685255536e-05
9.482941851e-05
0.0001032263627
0.0001111733165
8.252276414e-05
9.053268335e-05
9.409495279e-05
9.291791774e-05
9.198828208e-05
8.21987753e-05
9.423878742e-05
8.462671873e-05
8.799423755e-05
9.93563069e-05
9.020395169e-05
8.508583378e-05
8.82955502e-05
9.520409568e-05
9.431715461e-05
9.324376375e-05
9.238645726e-05
9.135794103e-05
9.052823273e-05
9.327561057e-05
9.613540457e-05
9.146005099e-05
9.064663829e-05
9.33043416e-05
8.536733742e-05
9.860534284e-05
8.726874803e-05
7.160030733e-05
8.944905513e-05
0.0001071860058
0.0001070698219
8.900491806e-05
8.886077004e-05
8.855332237e-05
0.0001060328469
7.917426559e-05
8.772989162e-05
9.599139396e-05
0.0001043697187
7.779656104e-05
8.610281335e-05
8.550629174e-05
9.363463248e-05
9.291741918e-05
9.244680421e-05
0.0001000103183
8.287282223e-05
9.855644894e-05
8.978536818e-05
9.701442476e-05
9.636389998e-05
7.949657089e-05
8.68156685e-05
9.37123548e-05
9.299170355e-05
9.197508689e-05
9.122635984e-05
9.019492755e-05
8.942283119e-05
9.574738923e-05
0.0001094892269
8.654664481e-05
8.574160213e-05
9.175540981e-05
9.087255487e-05
8.974606291e-05
8.202175821e-05
8.773906839e-05
9.352832937e-05
9.893292333e-05
9.790634106e-05
8.376110396e-05
9.562672341e-05
9.438767427e-05
8.715134678e-05
9.830355245e-05
0.0001033158135
9.596572372e-05
9.491800654e-05
0.0001053802627
9.26445062e-05
8.57106672e-05
0.0001073747579
0.0001003826406
7.170299391e-05
9.797265862e-05
9.690038184e-05
0.0001115626028
9.458325264e-05
9.334158624e-05
8.720149297e-05
0.0001063105145
8.012838304e-05
9.391374558e-05
8.313375365e-05
8.688474001e-05
8.119357027e-05
8.486472183e-05
0.0001026437115
8.751666122e-05
0.0001002932274
0.0001035275298
9.35661036e-05
0.000101196152
8.276032616e-05
9.03418478e-05
8.5191088e-05
9.25675194e-05
9.166745745e-05
9.056583576e-05
9.37750544e-05
9.266611888e-05
9.179061039e-05
9.466883524e-05
9.378671075e-05
9.271841538e-05
9.186581126e-05
9.084183302e-05
9.001674323e-05
9.274695166e-05
8.823742656e-05
8.730211232e-05
9.013102155e-05
9.277117234e-05
9.19530485e-05
9.10363095e-05
9.02386872e-05
0.000106639912
9.7697368e-05
9.755890134e-05
7.973458578e-05
9.721435058e-05
7.941044473e-05
8.793005963e-05
9.651307167e-05
0.0001048253956
0.0001045381501
9.532120604e-05
8.636807767e-05
8.584020559e-05
9.40559297e-05
0.0001018989632
0.0001014423626
9.227986428e-05
0.0001001600746
9.932888367e-05
9.877089492e-05
9.788994791e-05
9.728648346e-05
8.833326099e-05
9.571865972e-05
9.47612012e-05
9.407920879e-05
8.533640454e-05
9.237970766e-05
9.13738485e-05
9.063137478e-05
8.961068717e-05
8.884494445e-05
8.781498768e-05
8.70305664e-05
8.59963692e-05
8.519772991e-05
8.41637942e-05
9.724774614e-05
9.604644673e-05
8.830362715e-05
8.719652915e-05
9.295123921e-05
9.177156085e-05
9.730759817e-05
8.325234007e-05
9.504697556e-05
0.000100073884
9.281507449e-05
9.160917359e-05
9.061737511e-05
8.347247023e-05
9.435634442e-05
8.730045051e-05
0.0001036128924
9.089087034e-05
8.427511668e-05
8.316699597e-05
8.773847504e-05
0.0001082310179
9.634230226e-05
0.0001056411469
9.404156186e-05
9.280941234e-05
8.160434633e-05
9.563989549e-05
9.959237e-05
9.338305455e-05
0.000102114506
9.119530375e-05
0.0001092317421
8.438837519e-05
8.814929171e-05
9.160701327e-05
8.613188701e-05
8.952088042e-05
9.304316584e-05
0.0001006314346
9.096136105e-05
9.839410824e-05
8.89517073e-05
9.623562452e-05
9.115624182e-05
9.006075404e-05
9.730631056e-05
9.214883172e-05
8.334080631e-05
9.413955987e-05
8.9376275e-05
8.835733054e-05
9.13510006e-05
9.785915052e-05
8.951100114e-05
9.222425154e-05
9.505182762e-05
8.680822764e-05
8.603638801e-05
8.86962133e-05
9.846395446e-05
9.051651921e-05
8.62729034e-05
8.824171576e-05
8.819142659e-05
9.687372541e-05
8.79719753e-05
8.77572532e-05
7.885410255e-05
8.731550896e-05
8.712628953e-05
0.0001040954143
8.650891452e-05
8.605482855e-05
8.576979499e-05
9.377287841e-05
7.642458108e-05
8.433341327e-05
8.395625401e-05
9.998290794e-05
9.118861968e-05
9.043528298e-05
8.992824927e-05
8.102700078e-05
9.663415937e-05
8.774458478e-05
9.508200289e-05
9.413490682e-05
9.345870998e-05
9.248426427e-05
9.177571443e-05
9.078041961e-05
9.00441005e-05
9.64534642e-05
0.000102986892
0.0001017975047
9.368329418e-05
8.545304683e-05
9.877083292e-05
8.363696606e-05
8.973753512e-05
8.181494471e-05
8.775719703e-05
8.666065832e-05
8.578256786e-05
8.469743204e-05
0.0001096116185
9.548044537e-05
8.817593393e-05
9.325766315e-05
9.84111098e-05
9.106530214e-05
9.00801838e-05
0.0001126167912
8.793870964e-05
0.0001041480649
9.156254642e-05
9.036322716e-05
8.937218332e-05
0.0001102498502
8.723300346e-05
9.684964696e-05
9.046891339e-05
9.978717952e-05
7.792170035e-05
8.71564238e-05
8.11419984e-05
9.510024685e-05
8.417606904e-05
8.308376672e-05
0.0001063761734
9.545759953e-05
9.445241985e-05
8.857942097e-05
9.227083755e-05
9.565181726e-05
9.466832798e-05
8.902341283e-05
8.371403705e-05
9.137098625e-05
9.9071351e-05
9.359421924e-05
7.582140619e-05
9.570209718e-05
9.477118271e-05
9.363224175e-05
9.273451272e-05
8.765305787e-05
9.077113458e-05
9.361616975e-05
9.274352336e-05
9.168528005e-05
9.084192772e-05
9.356970359e-05
8.901091014e-05
9.170741004e-05
9.088379601e-05
8.9916562e-05
9.268187525e-05
8.819510326e-05
9.441119036e-05
8.654099126e-05
8.921479383e-05
9.638812107e-05
9.633335929e-05
9.619810662e-05
8.735863963e-05
9.586109141e-05
8.700611279e-05
8.670948897e-05
8.652192546e-05
7.753164714e-05
0.0001030932991
8.546228918e-05
8.517974405e-05
9.313045524e-05
7.590156842e-05
9.213485382e-05
8.338508461e-05
8.275513339e-05
9.880612731e-05
8.982737342e-05
9.744515184e-05
8.048635731e-05
9.599052492e-05
9.508767581e-05
9.445375932e-05
9.351683667e-05
8.510914732e-05
9.188221092e-05
9.117956791e-05
9.019464904e-05
9.691975376e-05
8.846462263e-05
8.771129229e-05
8.670211704e-05
9.30910585e-05
9.199292565e-05
9.114129414e-05
8.311669233e-05
0.0001097607283
8.808654598e-05
0.0001006355631
9.938230812e-05
0.0001049350435
0.0001100876829
9.613181648e-05
8.858029504e-05
8.764776155e-05
8.034237778e-05
9.782650265e-05
9.656304039e-05
8.357936909e-05
7.6602384e-05
9.325272821e-05
8.628559092e-05
8.534155159e-05
8.422657013e-05
8.330336207e-05
9.317504973e-05
9.215415535e-05
9.62977405e-05
7.937100702e-05
9.399955335e-05
8.264585201e-05
8.666511597e-05
0.000100856075
9.456665398e-05
9.35515059e-05
9.719943631e-05
9.135714626e-05
0.0001044187399
8.453397222e-05
9.73601373e-05
9.1758696e-05
8.153331526e-05
9.414412484e-05
9.738458791e-05
8.763298339e-05
7.355877772e-05
0.0001028081316
9.730891316e-05
9.215941488e-05
9.103643324e-05
9.83462484e-05
8.501879122e-05
9.623254288e-05
9.113139192e-05
9.026984191e-05
9.309856727e-05
9.223058405e-05
9.497635262e-05
9.033849724e-05
8.932791369e-05
9.220455837e-05
9.11963292e-05
9.037731269e-05
9.299012094e-05
8.861877604e-05
9.471559359e-05
8.692686864e-05
8.949454465e-05
0.0001057714172
7.831616256e-05
8.696867154e-05
9.553184639e-05
9.542917673e-05
0.000103852901
8.640497905e-05
9.472300558e-05
9.451847697e-05
9.411007215e-05
9.385360238e-05
9.336563938e-05
8.459775612e-05
6.727038142e-05
9.213803572e-05
9.151150344e-05
8.282163423e-05
9.041863593e-05
9.814278835e-05
8.922758207e-05
9.679553733e-05
9.594345694e-05
9.535540763e-05
9.446232146e-05
9.383376336e-05
9.290682982e-05
9.224194765e-05
9.128794536e-05
0.0001056896355
8.961638951e-05
9.629976677e-05
9.522772305e-05
8.715524639e-05
8.61561926e-05
8.539039719e-05
8.438674126e-05
9.057396678e-05
8.260285143e-05
9.544825115e-05
9.428130771e-05
0.0001066884639
0.000105364229
9.77806301e-05
9.011491549e-05
8.918421587e-05
8.176246748e-05
7.467932484e-05
0.0001044416408
8.509270014e-05
8.999670526e-05
7.715472658e-05
0.0001054473614
9.271054495e-05
8.006782768e-05
9.616216442e-05
0.0001060747538
0.0001049127311
8.719421501e-05
0.0001024092088
9.04325281e-05
7.892164858e-05
7.78916003e-05
8.7316806e-05
9.124868771e-05
9.02619491e-05
7.424132804e-05
9.79260643e-05
9.665933446e-05
0.0001004127847
9.440054019e-05
9.80770067e-05
0.0001060439135
9.125220826e-05
9.910310414e-05
7.579222931e-05
0.0001012516142
9.58664105e-05
9.897447608e-05
9.798357267e-05
9.67752429e-05
8.332166451e-05
9.05372648e-05
9.373152744e-05
9.260506151e-05
9.171680961e-05
9.063105112e-05
9.367727552e-05
9.258665695e-05
9.172328739e-05
9.067491489e-05
9.358397484e-05
9.253585974e-05
8.802730671e-05
8.706327672e-05
8.98764432e-05
8.891618964e-05
8.812590834e-05
9.418645464e-05
8.6441451e-05
9.583771371e-05
9.160671634e-05
0.0001037024647
9.500691355e-05
0.000103499729
0.0001033887268
9.454499069e-05
6.006846643e-05
9.407457426e-05
9.387180736e-05
8.497101929e-05
0.000101687843
9.273149361e-05
9.242603376e-05
9.18716588e-05
9.983563812e-05
9.915985212e-05
9.049232219e-05
9.797978119e-05
8.936427197e-05
9.669354262e-05
9.615452672e-05
8.736907259e-05
9.472863956e-05
9.384513878e-05
9.322185365e-05
9.23047295e-05
9.164537065e-05
9.070131745e-05
9.001021118e-05
8.904549747e-05
9.568766136e-05
8.734750279e-05
9.382339004e-05
9.275185835e-05
0.0001060716579
9.78407568e-05
9.001365861e-05
8.893660185e-05
8.808719028e-05
8.701388232e-05
7.953022466e-05
7.854632224e-05
8.423292307e-05
8.317763276e-05
8.865183585e-05
8.127762303e-05
8.042373349e-05
0.0001099349801
9.063551317e-05
8.350697271e-05
0.0001121077983
9.901275178e-05
9.793554427e-05
9.098032584e-05
7.873790331e-05
0.0001054695053
9.882451453e-05
8.128118787e-05
9.646980749e-05
0.0001005021736
9.417281948e-05
9.294622229e-05
0.0001021505065
0.000105863387
9.474571311e-05
9.843919194e-05
9.251380363e-05
8.651268157e-05
8.08374922e-05
0.0001032688154
8.82478137e-05
8.253528916e-05
9.52888453e-05
8.960035316e-05
8.867899399e-05
9.632000318e-05
9.100859022e-05
9.415446757e-05
9.321169693e-05
9.2062725e-05
8.28670582e-05
9.822931697e-05
8.916715455e-05
9.610421916e-05
9.121628884e-05
9.40551385e-05
9.316558512e-05
9.208034541e-05
9.122154078e-05
9.393545537e-05
8.934819232e-05
8.834635958e-05
8.754361209e-05
9.379871126e-05
9.653158232e-05
9.549824892e-05
9.114403235e-05
8.325617336e-05
9.283833857e-05
8.849538961e-05
9.109570575e-05
9.441044742e-05
8.577935929e-05
0.0001027926921
9.412578453e-05
0.0001024367997
9.375002083e-05
9.343496032e-05
8.475811482e-05
0.0001012744023
8.416615659e-05
0.0001004791681
0.0001001487805
9.955083905e-05
7.437461729e-05
8.208160821e-05
9.806072757e-05
9.732979041e-05
9.684247651e-05
8.004701101e-05
9.552195021e-05
9.468823917e-05
9.411005713e-05
9.323596865e-05
9.261787302e-05
9.171038299e-05
9.105646081e-05
9.012218089e-05
8.943670869e-05
8.8481833e-05
8.77691891e-05
8.679945662e-05
8.606404012e-05
9.217510451e-05
0.0001054135873
8.3346719e-05
8.946024017e-05
8.159399672e-05
8.755048255e-05
9.979302448e-05
8.563747014e-05
8.458145919e-05
7.728806966e-05
7.632284438e-05
8.183107598e-05
9.944430137e-05
9.225057765e-05
8.500511962e-05
9.611362555e-05
8.895289621e-05
9.972611857e-05
9.265220067e-05
9.164487497e-05
8.480678448e-05
7.828862234e-05
8.831252604e-05
9.826444163e-05
0.0001023758294
0.0001012558056
9.467912783e-05
0.000109253235
0.0001026981777
8.126541072e-05
9.023704337e-05
8.926181594e-05
9.300120753e-05
0.0001065304122
8.125739879e-05
0.0001134965343
0.0001027032989
9.700302047e-05
0.000100325701
9.476861503e-05
9.356796707e-05
9.260577804e-05
8.273324739e-05
9.482395359e-05
8.938679418e-05
9.691942197e-05
8.740133592e-05
9.065912424e-05
8.141379267e-05
9.271443502e-05
9.16001738e-05
9.072120134e-05
8.964667272e-05
9.265945433e-05
9.157954129e-05
9.072525363e-05
9.342351594e-05
9.256368477e-05
9.518559642e-05
9.432063772e-05
9.687243967e-05
9.244682358e-05
8.793783176e-05
9.41289541e-05
9.65955587e-05
9.574510414e-05
9.13889062e-05
8.7235166e-05
9.376913482e-05
7.667713653e-05
9.358731215e-05
8.498849943e-05
8.478594427e-05
8.465040527e-05
8.436725921e-05
9.260465584e-05
0.0001005928792
0.0001003201922
8.317154427e-05
9.118840597e-05
9.888702278e-05
9.850559373e-05
8.969105388e-05
8.117606355e-05
8.863100288e-05
8.818806023e-05
8.747532305e-05
8.698950555e-05
9.407286665e-05
9.349950103e-05
9.263465604e-05
9.202166833e-05
9.112364145e-05
9.047507127e-05
8.95503931e-05
8.887046811e-05
8.792525972e-05
8.721830924e-05
8.625824481e-05
9.978338986e-05
9.865205445e-05
8.381090539e-05
8.283626228e-05
0.0001025925983
0.000101373443
8.702027544e-05
8.596702884e-05
9.167139976e-05
7.760968203e-05
0.0001024376134
8.851702057e-05
8.134835327e-05
8.032498247e-05
7.948280443e-05
9.054756986e-05
7.76391839e-05
0.0001179200255
8.748701315e-05
9.212206592e-05
9.112117456e-05
0.0001011900591
8.896507371e-05
9.330270652e-05
0.0001139957948
8.572799441e-05
9.008997206e-05
9.41516146e-05
8.277716467e-05
9.702269383e-05
8.586642065e-05
7.478298888e-05
9.863334991e-05
8.275496773e-05
8.668313985e-05
9.507445222e-05
8.465730128e-05
9.285812941e-05
0.0001010688379
8.617442999e-05
8.976574698e-05
8.8629633e-05
9.21041073e-05
9.527844233e-05
8.573743724e-05
9.737119935e-05
9.639596772e-05
8.279024805e-05
8.197256704e-05
8.907207227e-05
9.221412158e-05
9.110586409e-05
9.415456605e-05
8.916245898e-05
9.215879303e-05
9.108415523e-05
9.399410138e-05
8.920044125e-05
8.837936373e-05
9.102723132e-05
9.38079961e-05
8.920772826e-05
8.840659973e-05
9.79514843e-05
9.361403211e-05
9.263392619e-05
9.521925303e-05
8.751829823e-05
8.675391046e-05
9.313647608e-05
8.462213632e-05
0.0001014072076
8.44159242e-05
0.0001010587979
8.408127602e-05
0.0001005616089
9.198382278e-05
8.326705616e-05
9.134589782e-05
9.914150194e-05
9.058193872e-05
9.004600062e-05
9.785377307e-05
8.910022663e-05
9.67703709e-05
9.605534203e-05
9.557617028e-05
8.690643104e-05
9.428144229e-05
9.346544102e-05
9.289681606e-05
9.20410499e-05
9.14330904e-05
9.808972317e-05
8.990105889e-05
8.898581507e-05
8.831135238e-05
9.465694836e-05
8.66743014e-05
8.57237403e-05
8.499982034e-05
9.104285088e-05
9.023875638e-05
8.233202009e-05
8.837357035e-05
9.40444022e-05
9.980359795e-05
8.545299154e-05
9.112443747e-05
9.643711142e-05
8.273827286e-05
8.171141419e-05
9.953389826e-05
8.599983291e-05
7.902054828e-05
0.0001020275892
9.500464669e-05
7.620861939e-05
7.538803358e-05
8.587309058e-05
0.0001019288537
0.0001006185072
8.8463164e-05
8.73216878e-05
8.636722414e-05
9.590641994e-05
8.431839489e-05
8.842828325e-05
9.260876264e-05
0.0001015663961
8.037045399e-05
7.933118631e-05
9.318824815e-05
8.714468451e-05
9.578916655e-05
8.037399823e-05
9.355250749e-05
8.773737584e-05
8.681398635e-05
0.0001037530224
8.48169153e-05
9.255972382e-05
9.597012086e-05
9.045851536e-05
9.380392427e-05
9.26374609e-05
9.587813736e-05
9.058054391e-05
9.376240276e-05
9.262116385e-05
8.773138845e-05
9.061686071e-05
9.364901853e-05
9.253925006e-05
9.166351305e-05
9.436885392e-05
8.974870514e-05
8.871954884e-05
9.1565402e-05
9.415663649e-05
8.971240083e-05
9.227301766e-05
8.441018638e-05
9.046000039e-05
9.310471312e-05
9.895200459e-05
9.469914653e-05
9.038540694e-05
8.959631787e-05
8.410208836e-05
9.246067071e-05
0.0001007283771
9.223611354e-05
0.0001003836069
7.516777365e-05
9.156726027e-05
7.475830247e-05
9.098556989e-05
9.898884169e-05
9.027877531e-05
8.180316822e-05
8.945346587e-05
9.721052202e-05
9.656414446e-05
9.613784394e-05
8.747800624e-05
9.49553551e-05
9.419442626e-05
9.367319289e-05
9.286580932e-05
9.230185098e-05
9.145500301e-05
9.085199379e-05
8.997239683e-05
8.933428416e-05
9.579733724e-05
9.507249683e-05
0.0001013050011
8.613703779e-05
0.000106494774
9.855710604e-05
9.048709161e-05
8.968914284e-05
9.547285956e-05
8.784007547e-05
9.348043704e-05
9.259265758e-05
9.147930081e-05
9.058396343e-05
8.947763635e-05
7.592471458e-05
9.998042413e-05
9.276899326e-05
9.160894e-05
8.460699458e-05
8.353998721e-05
7.08447742e-05
9.90893794e-05
9.802321641e-05
7.969481658e-05
8.446080639e-05
8.893633389e-05
7.6971025e-05
9.226171982e-05
9.125380483e-05
7.418040449e-05
8.909217345e-05
8.794102674e-05
0.0001023321021
9.090882768e-05
8.492597254e-05
8.382978421e-05
9.26804099e-05
8.667165369e-05
7.621554804e-05
7.523714071e-05
0.0001023515596
9.645043322e-05
9.089088642e-05
8.973537593e-05
9.324145743e-05
8.767972075e-05
9.979469689e-05
9.8543674e-05
9.754309932e-05
9.214259703e-05
9.121949984e-05
9.009703256e-05
9.326175752e-05
9.613237344e-05
9.122952076e-05
9.013307868e-05
9.314887093e-05
9.204475437e-05
9.497242508e-05
9.386384305e-05
8.926827222e-05
8.824381375e-05
8.743132034e-05
9.3650454e-05
8.923004867e-05
8.824559917e-05
9.444937477e-05
9.343080897e-05
9.260090617e-05
9.162703281e-05
8.745721309e-05
8.98918764e-05
8.580715536e-05
9.189642882e-05
9.184529334e-05
0.0001000585746
9.995233315e-05
9.971737826e-05
9.955880572e-05
9.923037454e-05
9.076679911e-05
9.860225632e-05
9.833633035e-05
9.783898425e-05
9.751951326e-05
9.694764907e-05
9.657567269e-05
9.593631319e-05
9.551353214e-05
9.481383784e-05
8.648067348e-05
9.358970243e-05
9.307274133e-05
9.227382249e-05
9.171445839e-05
9.844940289e-05
9.027823678e-05
8.940761455e-05
8.877461103e-05
0.0001025240413
9.448179456e-05
9.348817141e-05
9.274025991e-05
8.467436055e-05
8.396159818e-05
8.99380763e-05
8.914618379e-05
8.812020835e-05
9.402936648e-05
9.292319553e-05
9.204192079e-05
9.743439349e-05
9.648199593e-05
9.530733747e-05
8.806103724e-05
9.318729137e-05
0.0001045287657
9.108134965e-05
9.61378226e-05
8.899582401e-05
0.0001056610881
8.693626981e-05
9.746843294e-05
9.056744713e-05
9.518446625e-05
9.949455681e-05
8.747614461e-05
9.714694122e-05
0.0001067624727
9.484905264e-05
0.0001042370787
9.260376413e-05
9.668319386e-05
8.539039481e-05
9.936874303e-05
9.80884328e-05
7.762364352e-05
9.578192276e-05
0.0001042308443
7.95095991e-05
8.791933989e-05
0.0001005018424
0.0001084846851
9.371870698e-05
9.715963089e-05
8.285174165e-05
9.063118578e-05
0.0001022810869
9.280560649e-05
9.581903723e-05
9.073468575e-05
8.961865569e-05
8.873310724e-05
9.163779999e-05
9.074506316e-05
9.355245372e-05
9.265403719e-05
9.155551541e-05
9.068875365e-05
9.336420849e-05
8.879295552e-05
9.50875829e-05
9.058842207e-05
9.673236503e-05
8.875285565e-05
8.77722755e-05
9.046342078e-05
8.948608794e-05
9.551372679e-05
9.450700015e-05
9.033023078e-05
8.940370624e-05
8.534148479e-05
8.29897328e-05
9.953242164e-05
9.939762107e-05
8.274357134e-05
9.905993457e-05
8.24188975e-05
9.857788759e-05
8.1972986e-05
8.979309926e-05
9.769236508e-05
8.100039664e-05
9.688362695e-05
8.829148702e-05
7.995755128e-05
9.531659313e-05
9.48972765e-05
9.420504319e-05
9.37376095e-05
9.299269367e-05
9.247993862e-05
9.168933528e-05
9.113449466e-05
9.030501669e-05
8.971168117e-05
8.884987864e-05
8.822190687e-05
8.733400128e-05
8.667543438e-05
0.0001000618124
8.508224773e-05
9.117251703e-05
9.040626868e-05
8.939568292e-05
8.860975909e-05
9.433137714e-05
9.34685003e-05
9.237255814e-05
9.149769678e-05
9.040458399e-05
8.952202371e-05
9.475231929e-05
9.38027778e-05
0.000105002451
9.781304781e-05
7.848516125e-05
8.363975556e-05
8.849032729e-05
9.922511728e-05
9.220940767e-05
9.121872373e-05
9.006083573e-05
7.794927755e-05
8.794839605e-05
7.611699246e-05
8.587642877e-05
9.024797274e-05
8.908856059e-05
8.811623511e-05
8.698244739e-05
0.0001012175666
8.492752545e-05
8.894742532e-05
0.0001073152957
9.168115945e-05
7.621407341e-05
8.953437461e-05
0.0001023444329
7.364145916e-05
8.179048312e-05
8.992211261e-05
8.878154331e-05
8.346465273e-05
9.542494992e-05
9.015062525e-05
8.47831526e-05
9.231437394e-05
9.53125884e-05
9.43574977e-05
9.724945303e-05
9.227633679e-05
9.511712038e-05
9.026572363e-05
9.305827585e-05
9.216443307e-05
9.107144978e-05
9.020910711e-05
8.915507025e-05
9.200278514e-05
9.094529913e-05
9.371201707e-05
9.265424265e-05
8.828073944e-05
8.730400228e-05
9.344159682e-05
8.558360926e-05
8.82165308e-05
8.728468967e-05
0.0001064827069
0.0001020942629
8.814548902e-05
9.068896842e-05
9.063878986e-05
9.87453423e-05
9.864089828e-05
9.841110324e-05
9.006721158e-05
8.977276497e-05
8.958155942e-05
9.731837363e-05
8.896871416e-05
9.657024761e-05
8.823464802e-05
8.772174491e-05
9.533052923e-05
9.47048281e-05
9.428892206e-05
8.580368201e-05
9.314037472e-05
9.240325327e-05
9.189463951e-05
9.111220606e-05
9.056181973e-05
9.72192011e-05
9.658154159e-05
8.829905804e-05
8.767604232e-05
8.679694046e-05
8.614351437e-05
9.94515904e-05
8.456448106e-05
9.759208887e-05
8.986080188e-05
8.202442375e-05
8.807975151e-05
8.037498073e-05
9.955102003e-05
7.871006414e-05
7.796560345e-05
9.629639976e-05
9.535750337e-05
0.000106764225
7.460862469e-05
9.825848482e-05
8.509600601e-05
0.0001080530306
0.0001128659472
9.972261267e-05
0.0001044694474
0.000108885024
9.070823025e-05
0.0001063523344
8.305308602e-05
8.746261245e-05
0.0001027317025
0.0001014187329
9.503293351e-05
9.902667635e-05
8.248116732e-05
9.159983132e-05
0.0001006693536
9.440725265e-05
8.846820199e-05
8.733236723e-05
0.0001103873755
9.475875499e-05
9.374353797e-05
9.7172676e-05
0.0001052965738
8.135683378e-05
9.391770046e-05
8.83121908e-05
9.613239252e-05
7.334856282e-05
0.0001024858675
7.590313397e-05
9.182831434e-05
9.481146507e-05
8.978035513e-05
8.867698167e-05
8.780046429e-05
9.067509761e-05
9.369539633e-05
8.871223759e-05
9.16799761e-05
9.059247586e-05
8.97345075e-05
9.977118681e-05
9.15180701e-05
8.684673585e-05
8.60467875e-05
9.216404285e-05
9.4838709e-05
9.378795503e-05
8.950329538e-05
9.193803526e-05
0.0001012463078
9.683537823e-05
8.605472958e-05
9.171877188e-05
9.416650661e-05
9.828770128e-05
9.004734726e-05
8.992643792e-05
9.799800186e-05
9.777071614e-05
8.948135789e-05
8.108193503e-05
8.900047199e-05
8.863148167e-05
8.839362571e-05
9.594813915e-05
9.563641227e-05
8.715930871e-05
8.682659383e-05
9.41008659e-05
7.807359821e-05
9.301061075e-05
9.255070213e-05
9.182123822e-05
9.131670245e-05
9.808748815e-05
8.999629706e-05
8.918359187e-05
8.859963859e-05
0.0001023808624
8.71368912e-05
0.0001006441854
9.275292351e-05
9.884876606e-05
8.4052978e-05
9.700552684e-05
8.245096409e-05
8.15356509e-05
8.755604656e-05
9.987521526e-05
0.0001055618332
9.781139101e-05
9.042833037e-05
8.297233836e-05
0.0001011253649
9.366145239e-05
9.890667873e-05
7.937930853e-05
9.065483924e-05
0.0001014723438
0.0001004146065
9.332945888e-05
7.502708057e-05
9.688050912e-05
9.584113247e-05
8.906442794e-05
9.911305936e-05
7.61093951e-05
9.679076203e-05
8.493921097e-05
9.451489996e-05
9.330600599e-05
9.228859037e-05
0.0001012288708
0.0001051333994
9.390099475e-05
8.799411483e-05
8.204043037e-05
9.547708038e-05
9.896809112e-05
9.790799554e-05
9.205565683e-05
9.107783257e-05
8.991973175e-05
8.897377262e-05
9.224016349e-05
8.258684746e-05
9.013168499e-05
8.49567928e-05
9.228466862e-05
9.134734638e-05
9.431558367e-05
9.742983113e-05
8.821352691e-05
9.528158879e-05
9.020129206e-05
9.320564634e-05
9.208541893e-05
9.120058553e-05
9.387345181e-05
9.298424542e-05
8.822084896e-05
9.103843572e-05
8.999043967e-05
8.916142691e-05
9.16790027e-05
8.735141678e-05
9.329287025e-05
8.903083499e-05
8.806391446e-05
9.063904708e-05
9.299890551e-05
9.218157601e-05
8.797049867e-05
9.366365712e-05
8.13752973e-05
9.759662539e-05
9.746613481e-05
8.924981209e-05
9.71386095e-05
8.082097861e-05
9.667091573e-05
9.646568142e-05
8.806187098e-05
7.984174926e-05
7.944499556e-05
8.710603895e-05
9.447713322e-05
9.411708418e-05
9.350455819e-05
9.309531671e-05
9.24246812e-05
9.196844902e-05
9.124650909e-05
9.830815518e-05
8.997947273e-05
8.943779348e-05
8.863325956e-05
8.805389206e-05
8.721765464e-05
8.660433042e-05
8.574239402e-05
8.509902297e-05
0.0001052712918
8.354762556e-05
0.0001033135431
8.878937931e-05
8.105266861e-05
8.70385325e-05
8.605018556e-05
9.182534146e-05
9.075911717e-05
8.348132582e-05
8.883903629e-05
0.0001068267767
8.691702531e-05
9.834171993e-05
9.107165902e-05
8.41318537e-05
9.496574864e-05
9.985030627e-05
0.0001044092575
8.608698795e-05
9.067632339e-05
9.53107072e-05
9.411034945e-05
9.309244078e-05
8.650696872e-05
8.556673901e-05
0.0001108776791
0.0001044472039
9.280275381e-05
8.159225371e-05
9.565173448e-05
8.963149688e-05
7.865274736e-05
0.0001021125953
9.120554816e-05
0.0001092161558
9.375721569e-05
0.0001020284558
9.157106414e-05
8.153867293e-05
8.050318549e-05
8.850706435e-05
8.738821769e-05
8.647877112e-05
8.539169874e-05
8.873904223e-05
8.345809282e-05
9.500190825e-05
8.974552054e-05
8.480744093e-05
9.174374998e-05
9.0836642e-05
8.973241232e-05
9.272098961e-05
9.160657869e-05
9.072618232e-05
8.964948516e-05
8.880013381e-05
9.873117232e-05
9.780890673e-05
9.310130926e-05
9.933918426e-05
0.0001017220074
0.0001007971029
9.280298489e-05
9.878218286e-05
8.75998491e-05
8.68221878e-05
9.250684644e-05
9.169404002e-05
0.0001037071642
9.959140124e-05
8.085102057e-05
9.696798513e-05
9.683887981e-05
9.673702614e-05
9.651462374e-05
9.63624234e-05
8.804725323e-05
9.584795287e-05
9.545403819e-05
8.726546818e-05
8.683369036e-05
8.655249264e-05
9.387905351e-05
9.352187269e-05
9.291576038e-05
8.480062723e-05
9.184608768e-05
9.139347622e-05
9.82355074e-05
9.018236574e-05
8.942360266e-05
9.629336073e-05
8.808967755e-05
9.480772993e-05
0.0001011346297
9.325142652e-05
9.9428784e-05
9.163506992e-05
9.068872322e-05
8.996900627e-05
9.585330416e-05
9.505266861e-05
8.728998914e-05
9.983896177e-05
0.000105289584
9.129038546e-05
9.02337561e-05
0.0001085373152
8.832916714e-05
8.747112941e-05
9.259541753e-05
8.556028128e-05
9.659485438e-05
0.0001195113206
0.0001003362675
8.177014014e-05
0.000103829387
9.131692916e-05
7.890449124e-05
8.921046664e-05
8.808982684e-05
0.0001034759275
9.679155249e-05
7.978344497e-05
9.452500772e-05
9.868979286e-05
0.0001025610013
9.12993113e-05
9.514154291e-05
9.41067869e-05
8.312516387e-05
9.189774568e-05
9.549893692e-05
9.446940597e-05
8.393790917e-05
9.226574986e-05
9.109154665e-05
9.01242368e-05
9.787927607e-05
8.804522673e-05
0.0001043201325
9.463162666e-05
8.919576696e-05
9.668574285e-05
8.71768407e-05
8.629126107e-05
9.739744809e-05
9.642099828e-05
9.523745459e-05
9.036667525e-05
9.314961599e-05
9.22413471e-05
9.49298881e-05
9.025668902e-05
9.290136822e-05
9.202104807e-05
8.730600333e-05
9.009409272e-05
9.617985635e-05
9.529359872e-05
9.42134665e-05
9.68144308e-05
8.889902425e-05
8.810072173e-05
9.049221244e-05
9.301077747e-05
9.201996696e-05
9.446919228e-05
9.026399948e-05
9.26738992e-05
8.836680172e-05
9.634739144e-05
9.621964673e-05
8.810874376e-05
9.589860336e-05
7.978968243e-05
8.748672919e-05
9.523808537e-05
8.694433527e-05
9.459503982e-05
9.412899367e-05
9.382465888e-05
9.328849834e-05
9.293414231e-05
9.233433148e-05
9.193155333e-05
9.127469326e-05
9.082564804e-05
9.011836809e-05
8.962570021e-05
9.628077168e-05
8.834132732e-05
0.0001021448428
0.0001087279042
9.334262034e-05
8.555850235e-05
8.471316458e-05
9.80928166e-05
8.321430691e-05
8.943451193e-05
8.84811541e-05
9.449268244e-05
0.0001001295862
0.0001058727915
9.15936224e-05
9.724459977e-05
8.971444215e-05
8.252245954e-05
8.782511712e-05
8.697300494e-05
8.593335207e-05
0.0001154617484
7.804286701e-05
7.130511826e-05
9.977771585e-05
9.87405216e-05
9.178304181e-05
0.000102165023
8.968227811e-05
9.426727742e-05
0.0001040374465
9.749704035e-05
9.092023151e-05
0.0001058036965
8.879431809e-05
0.0001033268225
8.671167483e-05
8.576743925e-05
8.965588266e-05
8.375443288e-05
7.295864437e-05
0.0001058467149
9.024749046e-05
9.867217838e-05
8.81377949e-05
8.719428085e-05
0.0001042095788
9.862037692e-05
9.737110196e-05
9.634700229e-05
9.513171653e-05
0.0001027000695
8.873505916e-05
9.618631944e-05
9.911699097e-05
9.402212319e-05
7.670926281e-05
8.793067794e-05
9.474739627e-05
8.599278357e-05
9.267039258e-05
8.794303135e-05
9.066368412e-05
9.353336438e-05
9.242283717e-05
9.154689396e-05
9.409363056e-05
9.679956848e-05
9.213896907e-05
8.777869205e-05
0.0001006679656
8.943329027e-05
9.183848824e-05
9.775555899e-05
9.668849634e-05
8.922135262e-05
0.0001013458485
9.721529698e-05
8.658251685e-05
8.900796724e-05
8.780472341e-05
9.573469083e-05
9.560828267e-05
8.754908161e-05
9.529039681e-05
8.721222562e-05
9.483632377e-05
9.463592981e-05
9.425033105e-05
9.399899435e-05
9.353784464e-05
9.323589967e-05
9.270532662e-05
9.235375288e-05
9.176013402e-05
9.136051482e-05
9.071036443e-05
9.026483214e-05
8.956469429e-05
8.907586473e-05
0.0001030542511
8.780311445e-05
8.702227368e-05
9.366094846e-05
9.991837175e-05
9.213208711e-05
9.824238729e-05
9.750875087e-05
0.0001102957931
8.20673823e-05
9.472813217e-05
8.722930892e-05
8.627390857e-05
8.552205699e-05
7.805574095e-05
9.023895738e-05
9.557257662e-05
9.467450698e-05
8.108915952e-05
8.648052172e-05
9.765693477e-05
8.459930143e-05
9.551671499e-05
0.000112270872
8.171499282e-05
9.241866273e-05
0.0001140986188
9.031530199e-05
9.476797038e-05
9.375408322e-05
9.258234457e-05
9.158279161e-05
7.97925262e-05
7.366494282e-05
0.0001039060434
0.0001079143772
8.625143659e-05
8.531262648e-05
9.909191066e-05
9.311426593e-05
8.225236962e-05
9.093348389e-05
7.560081686e-05
8.880864063e-05
9.229398331e-05
9.587148179e-05
9.916216382e-05
8.919040264e-05
9.246507835e-05
9.584944775e-05
0.0001032455396
9.791401123e-05
9.248285213e-05
8.737098299e-05
8.628250459e-05
8.947282386e-05
8.836621979e-05
9.145647468e-05
9.426235546e-05
9.332992831e-05
8.83545717e-05
9.510082989e-05
9.395778999e-05
9.305430251e-05
8.827124221e-05
9.107760111e-05
9.001035079e-05
8.916913995e-05
9.519080645e-05
9.431344293e-05
8.978884282e-05
8.89722688e-05
9.136371902e-05
8.718984149e-05
8.623654181e-05
9.86206577e-05
9.106142302e-05
9.670916884e-05
9.888946995e-05
9.802931215e-05
9.518154588e-05
8.720225584e-05
9.500463857e-05
9.490525579e-05
8.679903499e-05
9.454124862e-05
9.424016977e-05
9.404134082e-05
9.36597905e-05
8.562621214e-05
9.295407434e-05
9.265448343e-05
9.212940074e-05
9.178056772e-05
9.119303392e-05
9.07965266e-05
9.015297093e-05
8.971089941e-05
8.901778232e-05
8.853273438e-05
9.511282183e-05
8.72714199e-05
0.0001009145828
8.593652185e-05
8.513241201e-05
9.158243424e-05
8.370835127e-05
9.000791362e-05
9.594104011e-05
8.838435173e-05
0.0001009022081
8.672139725e-05
8.577468756e-05
9.156887415e-05
9.700982771e-05
7.690480596e-05
9.50287958e-05
9.413696561e-05
9.303651481e-05
8.599358445e-05
8.497169488e-05
9.614498436e-05
8.311329286e-05
8.814390084e-05
0.0001044837139
8.61662957e-05
0.0001021277884
7.859484795e-05
0.0001164316008
8.22762763e-05
9.208397655e-05
9.644865605e-05
8.99480534e-05
8.897259058e-05
9.301869879e-05
8.689568889e-05
8.579605815e-05
8.985453023e-05
8.871452458e-05
0.000102375901
8.663591616e-05
0.000109502881
7.990836679e-05
8.369743899e-05
9.640715284e-05
0.0001044589055
9.416679343e-05
8.429416994e-05
9.198994753e-05
9.535700575e-05
8.987693973e-05
8.470636252e-05
9.619232528e-05
9.106354091e-05
9.810535152e-05
8.901615274e-05
9.191200034e-05
9.099022532e-05
9.378225551e-05
9.285444205e-05
9.172658776e-05
9.083173868e-05
9.347916874e-05
8.887691805e-05
9.148041362e-05
9.061309516e-05
8.596876585e-05
8.871374922e-05
8.768876902e-05
9.035566944e-05
8.932841844e-05
8.51115154e-05
9.089383331e-05
8.340521951e-05
9.569050491e-05
8.830060683e-05
9.058960089e-05
8.979439791e-05
9.202803603e-05
9.437365997e-05
9.458372591e-05
9.453237402e-05
9.440856912e-05
8.64508194e-05
9.409683796e-05
9.394939184e-05
9.365146396e-05
9.345417668e-05
9.307660414e-05
9.282915714e-05
9.237754548e-05
9.208027363e-05
9.156058648e-05
9.121445352e-05
9.06329004e-05
9.02394589e-05
8.96023857e-05
8.91637239e-05
8.847750907e-05
8.799618725e-05
8.726714662e-05
9.397496982e-05
8.598042809e-05
9.254157806e-05
8.462658847e-05
9.804232399e-05
9.014939997e-05
8.947829408e-05
9.537990287e-05
9.462757883e-05
9.362906931e-05
7.958710726e-05
8.528121076e-05
8.454009358e-05
9.002594284e-05
8.921147297e-05
7.559293431e-05
7.48843951e-05
8.634690242e-05
7.940409284e-05
9.05345278e-05
8.963535913e-05
8.855847858e-05
8.765831259e-05
9.236589179e-05
8.569530102e-05
0.0001015729155
9.49188726e-05
9.374587729e-05
9.274427737e-05
9.697864787e-05
8.527366545e-05
0.0001105214179
9.370584901e-05
9.252720783e-05
8.643701392e-05
0.0001054267484
0.0001042802187
8.334837426e-05
8.729285893e-05
9.097391475e-05
7.578041898e-05
8.417137049e-05
9.251654864e-05
8.677642686e-05
9.488466794e-05
9.368380014e-05
9.710329433e-05
0.0001002358342
9.486959788e-05
8.941875208e-05
8.42745544e-05
9.154205804e-05
9.060033654e-05
8.947330009e-05
8.856411965e-05
9.542181924e-05
8.659267508e-05
9.33070213e-05
9.238377613e-05
9.126185798e-05
9.037139459e-05
9.300539897e-05
8.842632146e-05
8.737571771e-05
9.015330323e-05
9.265974998e-05
8.473246681e-05
9.771159064e-05
8.989571733e-05
9.570905286e-05
8.467724954e-05
9.042875612e-05
8.961674243e-05
8.863373353e-05
8.784732379e-05
9.334130874e-05
8.933172253e-05
9.155155359e-05
8.762632644e-05
9.399336869e-05
9.394246973e-05
9.381993266e-05
9.372213467e-05
9.351120118e-05
9.336489935e-05
8.531422866e-05
9.287429918e-05
8.479224913e-05
9.225509016e-05
9.180812414e-05
9.151313713e-05
9.099875292e-05
9.065528023e-05
9.007960587e-05
8.968918512e-05
9.648002514e-05
8.862318273e-05
9.527240058e-05
0.0001020437884
0.0001012015506
8.622711781e-05
9.259120487e-05
9.199186671e-05
9.113730193e-05
8.354083535e-05
8.272709543e-05
8.89548708e-05
8.805205629e-05
8.735856773e-05
8.643982885e-05
9.891128564e-05
9.131594726e-05
9.698944589e-05
0.0001086970778
8.870645549e-05
8.143164383e-05
0.0001116959874
7.973193468e-05
0.0001154059691
7.802908546e-05
0.000101025701
9.394388886e-05
9.298991497e-05
9.186290957e-05
9.659335102e-05
9.541159277e-05
9.440673099e-05
0.0001151825961
9.224748805e-05
9.110316527e-05
9.012132406e-05
9.946661573e-05
9.321071405e-05
9.715426586e-05
0.0001011566538
0.0001048759468
0.0001037358947
8.291535519e-05
9.166412765e-05
8.574036447e-05
8.952444496e-05
9.304264777e-05
9.204088481e-05
9.541950736e-05
8.540847432e-05
7.989063106e-05
9.660791938e-05
9.539009921e-05
9.438714734e-05
8.896521237e-05
9.642419536e-05
9.521874801e-05
9.423917607e-05
8.49748848e-05
9.612725925e-05
9.494037198e-05
9.398801157e-05
9.283657922e-05
9.191785763e-05
9.080181354e-05
8.99156931e-05
9.623786359e-05
9.531196e-05
9.055701561e-05
8.969815392e-05
9.92831023e-05
9.132945212e-05
9.721682184e-05
8.944042425e-05
9.182242226e-05
9.435707984e-05
8.663625056e-05
8.916054025e-05
8.491501826e-05
0.0001035836098
9.926695366e-05
0.0001015700465
8.165791291e-05
9.6515469e-05
9.341033536e-05
9.335988206e-05
9.323859099e-05
9.314156748e-05
9.293280905e-05
9.278763458e-05
9.249584547e-05
9.230157352e-05
9.193175118e-05
9.168807975e-05
9.124567969e-05
9.095294402e-05
9.798075339e-05
9.010292099e-05
8.953302584e-05
8.914558173e-05
8.852114708e-05
8.808915595e-05
8.741640101e-05
9.418756706e-05
9.34130776e-05
9.285714016e-05
9.912377263e-05
9.144864754e-05
9.06021589e-05
8.305120058e-05
0.0001028063052
9.524042303e-05
8.754301445e-05
0.000100216792
0.0001057773911
9.178889149e-05
9.728203586e-05
9.000968735e-05
8.901029988e-05
9.450763237e-05
8.09760967e-05
8.638966247e-05
9.148796145e-05
0.0001026862258
8.356889905e-05
8.865072758e-05
8.759161996e-05
9.248321272e-05
7.994470374e-05
7.911735224e-05
8.931650082e-05
9.390008633e-05
8.728997265e-05
0.0001079482265
0.0001119430364
9.491768329e-05
8.852815272e-05
9.787193877e-05
8.138635074e-05
7.043979665e-05
9.936273404e-05
8.354060967e-05
8.733897761e-05
9.119073377e-05
9.477721766e-05
9.375202021e-05
9.719479862e-05
0.0001007270958
9.945386463e-05
8.497339406e-05
7.948502283e-05
7.864165073e-05
9.490737955e-05
8.537234445e-05
0.0001011614288
8.759521284e-05
9.062021191e-05
9.376464599e-05
9.259994391e-05
9.165885546e-05
9.052776864e-05
8.96195711e-05
9.237085717e-05
9.145661507e-05
9.411081661e-05
9.319225452e-05
8.838923692e-05
9.118614327e-05
9.370636292e-05
9.281748037e-05
0.0001023118483
9.436506947e-05
9.327250129e-05
9.241240128e-05
9.474235931e-05
9.723337861e-05
9.282802159e-05
8.870895922e-05
9.098219347e-05
9.339565692e-05
8.920302165e-05
9.789415795e-05
9.686242806e-05
8.672881821e-05
9.283449045e-05
9.278447574e-05
9.266440936e-05
9.256814872e-05
9.236152796e-05
9.221746426e-05
9.192866552e-05
9.173586818e-05
9.89839733e-05
9.112799658e-05
9.06900847e-05
9.039956757e-05
8.989552016e-05
8.955725199e-05
8.899303883e-05
8.860852816e-05
8.799025463e-05
9.48583204e-05
9.413661233e-05
8.642486959e-05
8.57168461e-05
0.0001065093909
9.150224295e-05
9.091180621e-05
9.700197633e-05
9.632848388e-05
9.53966746e-05
8.792618308e-05
8.034445336e-05
7.971352702e-05
8.545408458e-05
9.126659539e-05
8.383427104e-05
8.950169139e-05
8.851102381e-05
0.0001065091063
9.291417471e-05
9.818291787e-05
7.278653548e-05
9.611367149e-05
0.0001009211519
8.816647952e-05
9.292380224e-05
9.773087775e-05
9.655277727e-05
8.993356018e-05
8.883901594e-05
9.339885057e-05
9.225341765e-05
8.590090037e-05
7.95379655e-05
8.392720267e-05
9.84253225e-05
9.223597751e-05
9.614360144e-05
8.508958925e-05
0.0001037914312
9.288658309e-05
8.688989246e-05
9.072220438e-05
8.957775669e-05
8.394546032e-05
8.749039352e-05
9.110408125e-05
8.095876508e-05
8.454272402e-05
9.226409777e-05
9.563217934e-05
9.872177183e-05
8.918969067e-05
0.0001006534819
8.715540425e-05
9.83631451e-05
9.735116958e-05
9.614278519e-05
9.516562113e-05
9.007557716e-05
9.304885256e-05
9.190978445e-05
9.479164419e-05
9.364114593e-05
9.272702065e-05
8.794797309e-05
9.073076529e-05
8.965207276e-05
9.235356492e-05
8.775857199e-05
8.34602584e-05
9.624216529e-05
0.0001021656171
8.753299164e-05
9.007269148e-05
9.5658808e-05
8.826192948e-05
9.37550779e-05
9.612774866e-05
9.508951417e-05
9.111372116e-05
9.015125777e-05
9.245027516e-05
9.226570184e-05
9.221611879e-05
9.209725629e-05
9.200174718e-05
9.179722757e-05
9.165425842e-05
9.136839902e-05
9.117705489e-05
0.0001059505063
9.057471448e-05
9.014121479e-05
0.0001048283648
8.93538747e-05
8.901815242e-05
9.583115343e-05
0.0001027575579
8.746569211e-05
0.0001015468769
9.357881324e-05
8.591349369e-05
8.521224769e-05
8.470669938e-05
9.796479674e-05
9.733363344e-05
8.955050764e-05
8.208895013e-05
8.807240113e-05
8.742070985e-05
8.654238603e-05
9.907358341e-05
0.0001111140865
0.0001101966831
8.977533109e-05
9.53564971e-05
0.0001005912201
9.345550334e-05
8.008012386e-05
8.543573969e-05
9.048391714e-05
8.363889835e-05
8.856337888e-05
9.937915881e-05
9.24220215e-05
9.7204083e-05
9.603544663e-05
8.38617108e-05
0.0001159811745
0.0001147624523
0.0001025624868
9.612905081e-05
8.967050811e-05
7.305180871e-05
0.0001082194206
0.0001019513493
0.0001006801196
9.460852702e-05
8.358943824e-05
9.240920723e-05
9.605044661e-05
9.500891043e-05
9.381246855e-05
9.743823887e-05
9.162860266e-05
9.064279444e-05
8.502536847e-05
0.0001018251128
8.305748446e-05
7.785136098e-05
9.822719788e-05
8.87429405e-05
0.0001001506105
8.259046674e-05
8.971674701e-05
9.68658569e-05
9.566435146e-05
9.469198118e-05
8.962788067e-05
9.258627636e-05
9.14532918e-05
9.432070732e-05
8.944909426e-05
8.857575243e-05
8.75110932e-05
9.750230602e-05
9.991111199e-05
0.0001024974481
8.732166872e-05
9.688540888e-05
9.234205305e-05
9.48788635e-05
9.379499835e-05
9.294164881e-05
9.517916658e-05
9.432452202e-05
9.650006136e-05
9.564421442e-05
8.199469445e-05
9.690570974e-05
9.278685849e-05
0.0001011797784
9.170384062e-05
9.165468245e-05
9.153700351e-05
9.144223482e-05
9.123978071e-05
9.109789023e-05
9.081492032e-05
9.062500845e-05
9.778851543e-05
9.002811032e-05
8.95989486e-05
8.931277296e-05
8.881871728e-05
0.0001032330884
9.526007005e-05
8.755360264e-05
9.419295924e-05
8.652500531e-05
9.30275856e-05
8.540813381e-05
9.883248136e-05
0.0001052646735
8.348178254e-05
9.676887554e-05
9.588253698e-05
8.161613838e-05
0.0001010400229
9.360724711e-05
8.605060106e-05
8.537681045e-05
9.098984389e-05
9.023963433e-05
8.927327983e-05
8.85027096e-05
8.752908846e-05
0.0001053299317
8.576564958e-05
9.710472559e-05
8.399077319e-05
9.506668703e-05
9.395619249e-05
8.139943738e-05
9.192563081e-05
8.530847375e-05
8.99045931e-05
8.341550821e-05
0.0001043802999
9.784827843e-05
9.665424815e-05
0.0001062499246
8.920291661e-05
8.824374612e-05
0.0001025322163
8.113903671e-05
0.0001001618398
8.421440425e-05
9.294539056e-05
7.742038997e-05
9.07835157e-05
8.507315583e-05
8.400367973e-05
9.6945149e-05
9.116675743e-05
8.567684759e-05
9.795626268e-05
8.809931485e-05
9.569088086e-05
8.606904743e-05
9.348809573e-05
9.25054361e-05
9.134834396e-05
8.62889048e-05
8.927173657e-05
9.638535895e-05
9.519065581e-05
8.637111314e-05
8.918461249e-05
9.212827664e-05
9.10013113e-05
9.01002496e-05
8.900710008e-05
9.54827644e-05
9.43350766e-05
8.624017843e-05
9.231563878e-05
8.792260445e-05
9.384022165e-05
9.640532179e-05
8.848065364e-05
9.103616422e-05
9.332838727e-05
8.917639864e-05
8.817297928e-05
8.73812514e-05
0.0001024181294
9.51655203e-05
9.413383814e-05
9.641893339e-05
8.616399884e-05
9.151768588e-05
9.1148781e-05
9.869171119e-05
9.098352586e-05
9.088948672e-05
9.068906328e-05
9.054823592e-05
9.026810681e-05
9.007960669e-05
8.972450761e-05
8.948806393e-05
8.906316767e-05
8.877911628e-05
9.564742635e-05
0.0001026190581
9.469575282e-05
9.428846232e-05
9.363803515e-05
9.318388412e-05
9.248281397e-05
9.198440812e-05
9.123905515e-05
8.37225289e-05
8.299937966e-05
8.246625737e-05
8.852299002e-05
9.467353233e-05
9.376702759e-05
7.97787697e-05
9.872812354e-05
0.0001110169843
9.694259298e-05
7.691551893e-05
9.51180135e-05
0.0001068711496
9.326383486e-05
9.242654254e-05
9.748155237e-05
9.053855725e-05
0.0001074020059
0.0001004611836
8.760964519e-05
8.09619679e-05
9.143454377e-05
0.0001131380578
0.000106195739
9.403723253e-05
8.743670932e-05
9.733419975e-05
9.614936545e-05
8.984129141e-05
9.396018674e-05
9.811433744e-05
8.670324756e-05
8.072133929e-05
7.971909484e-05
8.871197132e-05
9.24721598e-05
8.184070761e-05
9.032381043e-05
7.053557752e-05
9.286716213e-05
9.186383295e-05
9.524502186e-05
8.524738941e-05
0.0001018973545
9.642543815e-05
9.954266595e-05
8.992292964e-05
9.302438747e-05
0.0001004145527
9.089647674e-05
9.81280962e-05
9.286889714e-05
8.79171374e-05
9.472162818e-05
9.375870575e-05
9.260421624e-05
9.167478582e-05
9.055377639e-05
9.339273351e-05
9.595024017e-05
9.135877826e-05
0.000104702357
9.654283957e-05
9.539431509e-05
9.798840384e-05
8.646078418e-05
8.22256878e-05
9.481628074e-05
9.058648261e-05
9.286639579e-05
9.202138629e-05
8.44858078e-05
9.338802354e-05
9.235411871e-05
8.522243459e-05
9.366316771e-05
8.046330956e-05
9.185498497e-05
0.0001001642526
9.060040022e-05
9.05520721e-05
9.043670118e-05
9.034338096e-05
9.014495415e-05
9.00051747e-05
8.972783883e-05
8.954073036e-05
9.662158875e-05
8.8954458e-05
8.853375634e-05
0.0001029604323
9.508135626e-05
0.0001020122891
8.689669126e-05
8.652350035e-05
9.308961128e-05
8.551273692e-05
8.487174053e-05
8.441504242e-05
0.0001046668494
0.0001040487126
8.252251992e-05
9.565879552e-05
9.478864037e-05
8.068666847e-05
9.989583725e-05
8.593856957e-05
9.817339658e-05
8.441927125e-05
0.0001092557825
8.92355275e-05
9.459196793e-05
0.0001000294653
8.656870112e-05
9.804854656e-05
8.483217485e-05
8.404371182e-05
7.7149369e-05
8.81646251e-05
8.714044012e-05
9.203334344e-05
9.094867584e-05
9.565723122e-05
7.227708713e-05
7.703471784e-05
0.0001087238252
9.682549461e-05
0.0001115913516
9.988974742e-05
9.866835491e-05
7.705940527e-05
9.640680104e-05
8.030792039e-05
8.426995613e-05
9.316374983e-05
0.000101688326
8.142648675e-05
0.0001087884715
8.889526252e-05
9.702169805e-05
8.683342998e-05
0.0001037954291
8.48222151e-05
9.698266931e-05
9.594643669e-05
9.474328228e-05
9.373865834e-05
9.677276822e-05
9.575573093e-05
9.456037878e-05
8.950801119e-05
9.241277637e-05
9.146191833e-05
9.425719991e-05
8.941147738e-05
9.215071387e-05
9.122573765e-05
9.01106218e-05
9.293556048e-05
8.813608761e-05
8.727516147e-05
9.700437763e-05
9.251199906e-05
8.437956754e-05
9.750824301e-05
9.291961022e-05
8.864076104e-05
9.098067418e-05
0.0001001569129
9.240895566e-05
9.483834305e-05
9.053527162e-05
9.292671336e-05
0.0001077405955
9.422236462e-05
9.630375327e-05
9.545990579e-05
8.225642912e-05
9.664397188e-05
9.005857845e-05
9.751154377e-05
8.989641023e-05
8.98037985e-05
9.707461301e-05
8.946858863e-05
0.0001040596661
8.900826305e-05
8.86601606e-05
8.842717799e-05
8.801060169e-05
9.504160146e-05
8.725102807e-05
0.0001014126534
8.638794597e-05
9.318560951e-05
8.542852992e-05
9.21000525e-05
9.141219028e-05
9.79149583e-05
8.325189673e-05
8.965771215e-05
9.572629304e-05
8.831944802e-05
8.751878473e-05
0.0001002872842
9.271118019e-05
8.545562821e-05
9.111654395e-05
8.394851116e-05
7.669417695e-05
8.240310681e-05
0.0001003431562
8.082783592e-05
9.224610804e-05
9.141999306e-05
0.0001084795923
8.358972839e-05
0.0001003459255
9.938443471e-05
9.245464965e-05
7.437948664e-05
9.046794427e-05
8.955529088e-05
8.848978646e-05
8.757860494e-05
8.652617672e-05
9.097085257e-05
9.515526027e-05
0.0001098344439
9.299535966e-05
8.177516629e-05
0.000100963201
8.988605394e-05
8.877467625e-05
9.269191371e-05
0.0001011757997
8.578211058e-05
8.941822684e-05
0.0001024157507
9.194071653e-05
9.094797636e-05
0.0001032800513
0.0001021699474
9.650309419e-05
9.547217066e-05
8.999119133e-05
8.903707581e-05
9.211063557e-05
9.942836118e-05
9.409720508e-05
9.3118223e-05
9.595942344e-05
8.705771023e-05
9.379730369e-05
9.284364733e-05
9.170163164e-05
9.078106715e-05
8.967178353e-05
8.878352787e-05
9.501585488e-05
9.408758384e-05
8.938138736e-05
8.49796198e-05
9.096559124e-05
9.356730909e-05
9.589071347e-05
8.82079617e-05
9.724211026e-05
8.970031646e-05
8.538771423e-05
9.111916907e-05
9.974277195e-05
9.565855682e-05
9.14431767e-05
8.125672768e-05
8.964461363e-05
8.885928429e-05
9.094164325e-05
9.616379106e-05
8.952319873e-05
8.947567532e-05
8.93625366e-05
8.927062317e-05
9.649909821e-05
8.893836261e-05
0.0001034442207
8.848209109e-05
8.813740054e-05
8.790611208e-05
9.478472626e-05
8.721573653e-05
9.396908195e-05
9.361859545e-05
8.5885123e-05
9.264380157e-05
8.493398089e-05
9.156753665e-05
0.0001048686005
9.039851179e-05
8.967380695e-05
8.228841862e-05
8.838380636e-05
8.106333868e-05
0.0001004136666
0.0001063708405
8.560697178e-05
9.151486013e-05
9.061027362e-05
8.99047394e-05
0.0001080510643
0.0001008611662
9.355714146e-05
9.275377133e-05
9.174552877e-05
9.092489499e-05
8.991300132e-05
8.907923916e-05
9.393882438e-05
8.140972792e-05
9.196474402e-05
9.105980019e-05
7.874323451e-05
8.351740624e-05
8.802802793e-05
0.0001089029207
0.0001022176072
9.0500323e-05
9.992509208e-05
9.366024495e-05
7.71002822e-05
0.0001118671608
9.542827229e-05
8.446201149e-05
8.341985306e-05
9.222483281e-05
8.628721194e-05
9.009408596e-05
9.833770645e-05
9.26411678e-05
9.605861056e-05
0.0001040713916
8.936501414e-05
8.840469922e-05
0.0001003931586
9.500257019e-05
9.807855212e-05
9.703882018e-05
8.332768942e-05
9.069728629e-05
9.770978785e-05
9.266435677e-05
9.549270821e-05
8.663426694e-05
8.945262876e-05
9.239278363e-05
9.125690526e-05
9.034071063e-05
8.923719882e-05
9.571589235e-05
8.728195718e-05
9.003032718e-05
9.250607347e-05
8.809123224e-05
9.400601184e-05
9.656190159e-05
9.54249193e-05
9.45316273e-05
0.0001034426046
9.256976655e-05
9.804371038e-05
9.391304319e-05
9.285134377e-05
8.88446099e-05
8.471893483e-05
9.018779612e-05
8.305108145e-05
8.537269384e-05
9.652453325e-05
8.671757467e-05
8.899414683e-05
8.894701661e-05
8.883496663e-05
8.874374151e-05
8.855110816e-05
9.578224956e-05
9.549058291e-05
8.79621035e-05
0.0001022242304
9.467374698e-05
9.423117598e-05
9.393233897e-05
8.623628926e-05
8.591510093e-05
8.538811954e-05
8.502300707e-05
9.851931229e-05
8.403797846e-05
9.036607098e-05
9.679595949e-05
8.230516076e-05
8.863967428e-05
0.0001014053254
9.404062107e-05
8.65371073e-05
8.594244859e-05
9.822733541e-05
9.100629803e-05
9.010959818e-05
8.940891968e-05
8.217423393e-05
9.403990444e-05
9.304817271e-05
0.0001045502078
9.125035302e-05
9.646413928e-05
0.000107317865
0.0001004169577
9.927977042e-05
9.254637399e-05
0.0001086325035
9.058071165e-05
8.392646979e-05
7.754257391e-05
8.209787203e-05
9.208772252e-05
9.633871412e-05
0.000111219256
9.941380681e-05
7.765135255e-05
9.205014577e-05
9.612211608e-05
9.994359931e-05
9.392256628e-05
0.0001025308954
9.659203749e-05
9.062646395e-05
0.0001085175256
8.387111531e-05
7.835445414e-05
8.64809442e-05
0.0001080602414
8.892565115e-05
9.676730558e-05
9.12144865e-05
9.453756677e-05
9.76000385e-05
8.397000502e-05
8.292241827e-05
9.025623977e-05
9.723583084e-05
8.820555026e-05
9.107090628e-05
9.405264319e-05
9.289084458e-05
9.194627769e-05
9.081647164e-05
9.365063084e-05
9.620737331e-05
8.792688767e-05
8.686107009e-05
8.601221193e-05
8.851908742e-05
9.1172816e-05
8.662238933e-05
0.0001029595564
9.496362849e-05
9.407452877e-05
9.962094794e-05
8.554127137e-05
9.106328055e-05
8.701181183e-05
8.921319103e-05
9.156972839e-05
9.991727389e-05
9.28421701e-05
9.794840564e-05
8.192027284e-05
9.304782884e-05
9.52176034e-05
8.847131123e-05
8.842456828e-05
8.831358934e-05
8.822304276e-05
8.803227752e-05
9.522125564e-05
9.493242038e-05
9.473554121e-05
9.436933861e-05
9.412237063e-05
8.647758805e-05
9.338736132e-05
9.28825298e-05
9.965530971e-05
9.197157141e-05
9.862339821e-05
8.396186399e-05
8.35576316e-05
0.0001036753143
9.624599675e-05
0.0001022997772
0.0001016991647
9.41134185e-05
8.683380387e-05
7.943490551e-05
8.546397692e-05
8.465902063e-05
9.696788251e-05
0.0001088175165
9.526986301e-05
9.429937439e-05
8.729289134e-05
9.254471176e-05
8.563523182e-05
9.681119337e-05
0.0001019440293
0.0001126766315
9.988318002e-05
9.294601764e-05
9.205826265e-05
8.531282355e-05
0.0001013699677
8.905576585e-05
9.366975333e-05
0.0001034535974
8.083492044e-05
0.0001011695235
9.484275887e-05
9.370205723e-05
8.755743089e-05
9.158470782e-05
8.556962367e-05
9.446940807e-05
7.37772578e-05
9.230281603e-05
9.130465203e-05
7.59381011e-05
8.920019551e-05
9.736638349e-05
8.714044917e-05
9.058519558e-05
9.408832397e-05
9.733964601e-05
9.62941155e-05
9.941479288e-05
9.407709322e-05
8.868041739e-05
8.774054394e-05
8.664712369e-05
8.981946197e-05
9.676644964e-05
9.176976927e-05
9.063223431e-05
9.359958429e-05
9.244415346e-05
9.912940554e-05
9.038026894e-05
9.320071959e-05
9.206306782e-05
8.750473687e-05
9.00460653e-05
8.916595045e-05
9.161791259e-05
9.073499615e-05
9.9999207e-05
9.221826139e-05
9.450677606e-05
0.000100309103
8.922674019e-05
8.840310571e-05
9.062338942e-05
8.979853394e-05
9.19517878e-05
8.798388285e-05
9.321720697e-05
9.547074871e-05
9.442465084e-05
9.057867859e-05
0.0001015525445
9.475145778e-05
8.795458301e-05
8.790822151e-05
9.511482101e-05
9.501745359e-05
0.0001021060731
9.466679491e-05
8.712068776e-05
9.418527123e-05
9.382258726e-05
9.357737948e-05
9.314324815e-05
8.570646545e-05
8.524488213e-05
8.492827298e-05
8.441117166e-05
9.805980409e-05
8.348410287e-05
9.000630675e-05
9.62162108e-05
8.886637326e-05
8.137971514e-05
8.090261161e-05
9.358780399e-05
9.299191361e-05
9.216007024e-05
9.806631161e-05
0.0001036219993
9.643494041e-05
8.275861753e-05
8.843350778e-05
9.378793354e-05
8.061892114e-05
7.977378041e-05
8.517528688e-05
9.629425694e-05
8.947126167e-05
8.848396362e-05
9.351063252e-05
9.245744238e-05
0.0001030221823
0.0001018414025
8.963750073e-05
8.85947862e-05
9.318572154e-05
8.667122132e-05
9.650431947e-05
0.0001006535004
9.960190368e-05
0.0001087653816
8.711452226e-05
7.08741857e-05
9.515603966e-05
9.399716585e-05
0.000102772373
0.0001015119964
9.563306668e-05
9.917633787e-05
9.343144122e-05
8.766046491e-05
0.000100403968
9.464930375e-05
9.808697487e-05
8.805975973e-05
8.71141188e-05
9.893272621e-05
9.787658749e-05
9.245441035e-05
9.563259491e-05
9.444212674e-05
9.751297223e-05
8.827644679e-05
9.132892171e-05
9.019776808e-05
9.31508693e-05
9.200173786e-05
9.106608884e-05
9.744392285e-05
9.275511055e-05
8.795835652e-05
9.797244787e-05
9.320063684e-05
0.0001029383495
8.767326644e-05
8.682823182e-05
8.92257771e-05
9.517633703e-05
9.069521616e-05
8.319059483e-05
9.537645927e-05
9.123748127e-05
9.018772774e-05
9.575013029e-05
9.150851457e-05
9.068687691e-05
8.967416063e-05
9.807390615e-05
9.093510733e-05
8.713450141e-05
8.619610754e-05
9.428985404e-05
8.744385577e-05
0.0001019641817
8.728898169e-05
0.0001162663515
8.701264431e-05
0.000101358658
8.661733345e-05
8.643817551e-05
8.610658605e-05
9.303866325e-05
8.548490817e-05
8.521491651e-05
8.475767793e-05
9.148025418e-05
8.393103318e-05
8.357366984e-05
8.99293938e-05
8.261322518e-05
9.567495379e-05
9.516460888e-05
0.0001011559413
8.715523977e-05
7.977259533e-05
9.247628236e-05
8.510520008e-05
8.452284049e-05
9.017274371e-05
8.312011453e-05
8.230878393e-05
0.0001005185594
8.706320976e-05
9.868908545e-05
9.155395952e-05
9.077170312e-05
0.0001017692374
9.493012389e-05
8.214981504e-05
8.720512035e-05
8.622560315e-05
0.0001081780737
0.0001013129582
0.0001003198762
9.91558736e-05
9.815999976e-05
8.622819958e-05
9.601181322e-05
8.960137622e-05
9.90971741e-05
9.275766578e-05
9.177466444e-05
8.563071046e-05
8.969707631e-05
9.845223317e-05
9.252250021e-05
0.0001010101033
8.088658356e-05
9.398929504e-05
0.0001022697427
0.000101005207
0.0001044548255
9.41886796e-05
9.317310112e-05
9.201476229e-05
9.10268713e-05
8.561331487e-05
9.316947356e-05
9.619210882e-05
8.275901441e-05
7.355692577e-05
9.300203369e-05
9.584115216e-05
9.484412809e-05
9.367037991e-05
9.270643605e-05
9.156353668e-05
9.063228376e-05
9.325032785e-05
9.23137423e-05
9.48351975e-05
9.028383383e-05
9.989281925e-05
9.538345464e-05
8.725638864e-05
9.678507045e-05
8.880117277e-05
8.457435385e-05
9.026305635e-05
8.279408659e-05
8.510174638e-05
9.404479136e-05
9.296181463e-05
9.211557343e-05
0.0001036308042
8.402754205e-05
8.616522038e-05
9.455188764e-05
9.049580618e-05
8.970384538e-05
8.577796493e-05
9.090045342e-05
9.418394439e-05
8.689341008e-05
8.678554202e-05
9.392172221e-05
9.372093696e-05
9.357702176e-05
9.3296409e-05
0.0001002655106
9.274787327e-05
9.962196914e-05
8.499706572e-05
8.472897374e-05
9.129901208e-05
8.396385717e-05
8.345632594e-05
9.002659882e-05
8.254470848e-05
8.214898256e-05
0.0001019354489
8.787347829e-05
8.718108714e-05
0.0001066725116
8.594299392e-05
8.539731369e-05
0.0001041703019
9.052615667e-05
9.608747803e-05
0.0001081046316
0.0001070526799
9.997617009e-05
8.65960819e-05
9.202556687e-05
7.892429656e-05
7.825077147e-05
8.932197243e-05
8.852772216e-05
8.171916045e-05
8.67488478e-05
7.434012694e-05
9.062434041e-05
7.279275596e-05
9.980294687e-05
8.768699722e-05
8.680706979e-05
0.0001018752495
9.021740239e-05
9.96370868e-05
8.821884634e-05
9.741993807e-05
0.0001065342514
0.0001102642604
9.916756752e-05
9.796495296e-05
8.721951282e-05
9.572680829e-05
8.048900759e-05
8.885300455e-05
0.0001017698355
9.137604942e-05
0.0001039468554
9.373251712e-05
9.713747407e-05
9.157109694e-05
9.921563369e-05
9.372237555e-05
9.69368449e-05
9.156953103e-05
9.883569091e-05
8.947400308e-05
7.646129411e-05
9.141072825e-05
9.045981224e-05
9.322561382e-05
9.226622355e-05
9.492655207e-05
9.396103339e-05
9.280879721e-05
9.18765546e-05
8.712596546e-05
8.626226087e-05
9.231879067e-05
9.141606674e-05
9.031719477e-05
9.632690058e-05
9.517909745e-05
9.764145523e-05
9.316221752e-05
9.888160817e-05
9.447022397e-05
9.682542179e-05
8.932885108e-05
9.167690576e-05
8.750933369e-05
9.601543044e-05
7.962730737e-05
8.499269759e-05
9.006072909e-05
8.629697751e-05
9.125102235e-05
9.921625978e-05
8.643999092e-05
0.0001007938635
8.628787622e-05
0.0001077499374
8.601636043e-05
8.588445246e-05
8.562787478e-05
8.545122389e-05
9.221969662e-05
9.197962702e-05
9.860055296e-05
9.126925359e-05
9.078310361e-05
8.348981657e-05
8.990253818e-05
9.640701895e-05
8.208289474e-05
9.530491645e-05
9.461050533e-05
9.410725124e-05
9.336824134e-05
9.28231592e-05
9.204560606e-05
9.799498548e-05
8.417663402e-05
7.717126711e-05
8.919586887e-05
9.4870693e-05
8.768698547e-05
9.943960268e-05
8.613393993e-05
0.0001159448326
9.662314229e-05
0.0001017870461
9.477604844e-05
8.806337599e-05
8.129299756e-05
9.205047999e-05
0.0001023998139
7.888671155e-05
9.470166678e-05
8.825894888e-05
8.724004343e-05
8.096751388e-05
0.0001013597817
9.504172927e-05
9.391882665e-05
7.228635267e-05
0.0001020356898
0.0001009556234
8.976909131e-05
9.374279513e-05
9.260834887e-05
9.161208378e-05
0.00010002106
9.894127871e-05
9.7727846e-05
9.206799254e-05
8.184016063e-05
0.000103443802
9.772269236e-05
7.469922399e-05
9.547129374e-05
9.015371128e-05
8.903468129e-05
0.0001006682174
9.527584085e-05
7.787236221e-05
9.309685943e-05
9.61241695e-05
8.702226755e-05
9.003143113e-05
8.505296382e-05
9.183017194e-05
9.069953897e-05
9.725836845e-05
9.237142808e-05
8.778574879e-05
9.394195426e-05
9.658789436e-05
8.835009232e-05
8.748605191e-05
9.680654401e-05
8.902497325e-05
8.796397336e-05
9.047890241e-05
8.941097546e-05
9.185377848e-05
9.078134301e-05
9.315525104e-05
8.255512398e-05
8.18035277e-05
9.020397203e-05
9.247661798e-05
8.534368454e-05
9.062955985e-05
8.664215492e-05
8.58842243e-05
9.667148972e-05
9.002752606e-05
8.594665252e-05
8.590176121e-05
9.294554267e-05
9.285097444e-05
9.265395239e-05
9.962836507e-05
8.514157448e-05
8.496615186e-05
9.875115555e-05
0.0001125650447
9.104105436e-05
9.773578197e-05
9.72170693e-05
9.685794833e-05
8.939974412e-05
9.58684025e-05
8.842840466e-05
9.477530551e-05
8.736660585e-05
8.021771557e-05
7.958988542e-05
9.890735251e-05
9.154277318e-05
8.44657698e-05
9.015990126e-05
8.954547413e-05
9.505213481e-05
9.436049356e-05
9.967772696e-05
8.036337075e-05
7.955693985e-05
7.891036015e-05
8.409984565e-05
8.933986613e-05
0.000106065632
8.760387559e-05
9.820081143e-05
8.585047815e-05
8.489385745e-05
9.529876362e-05
8.313335476e-05
6.585660466e-05
7.052306863e-05
8.592809915e-05
7.961802948e-05
9.981755713e-05
0.0001038326271
9.247568039e-05
8.629978249e-05
0.0001004550683
7.940122641e-05
8.346194401e-05
7.760377696e-05
9.116356151e-05
9.00543599e-05
8.908258029e-05
0.000111147854
9.162230989e-05
9.502000199e-05
8.951790796e-05
8.399205176e-05
9.183317156e-05
9.06964789e-05
9.826846711e-05
8.439158369e-05
9.184041202e-05
9.48242217e-05
9.381982476e-05
8.862835194e-05
8.769748596e-05
9.054900305e-05
9.350304853e-05
8.850077375e-05
9.139822253e-05
9.027362595e-05
8.935531695e-05
8.826063541e-05
9.465506489e-05
8.990539721e-05
9.613503202e-05
9.848835855e-05
0.0001010080688
8.602920728e-05
8.860749145e-05
9.76533347e-05
9.338960982e-05
8.569497867e-05
9.142215098e-05
8.712718268e-05
9.271676159e-05
8.532595797e-05
9.081198615e-05
0.0001021604339
9.510722909e-05
9.403934519e-05
9.921959648e-05
9.812330629e-05
0.0001002125387
9.32938253e-05
9.537779167e-05
9.258048953e-05
9.253224101e-05
9.241859625e-05
8.52228036e-05
9.212951902e-05
9.906465439e-05
9.17158305e-05
9.152710219e-05
9.819512459e-05
8.394870364e-05
8.356638408e-05
8.33038395e-05
8.976858282e-05
8.943741519e-05
8.890254269e-05
8.852607308e-05
8.793914785e-05
0.0001144483085
8.688594726e-05
9.307313164e-05
7.91546622e-05
9.836728322e-05
0.0001040518906
9.046969909e-05
0.0001088890696
9.542470483e-05
0.0001008456376
0.0001063698526
0.000105344175
7.378767208e-05
9.131174758e-05
7.849447577e-05
0.0001015860624
9.479741097e-05
8.20664504e-05
8.133920246e-05
7.47071638e-05
9.679599967e-05
9.00896395e-05
8.923440329e-05
9.373885668e-05
8.736323192e-05
9.175714626e-05
9.083870872e-05
8.450049544e-05
7.840921025e-05
7.748714343e-05
8.179233141e-05
0.0001010276263
8.996350716e-05
9.382623625e-05
0.0001074801025
9.653162988e-05
0.0001002688212
8.961775008e-05
8.865108187e-05
0.0001013942959
9.573996744e-05
9.906728984e-05
9.354327862e-05
8.799062929e-05
0.0001044514878
9.456375802e-05
9.354938831e-05
8.399205195e-05
9.556058595e-05
9.848020571e-05
9.337731973e-05
9.222110589e-05
9.125256872e-05
9.404264812e-05
9.306441031e-05
9.191630171e-05
9.476074758e-05
9.359551489e-05
8.893762036e-05
9.516929881e-05
9.783664824e-05
9.306538076e-05
9.214245584e-05
9.452790659e-05
8.666961826e-05
9.932822686e-05
9.158598027e-05
9.049404365e-05
8.631383512e-05
8.857483137e-05
9.74941725e-05
9.314270755e-05
8.273592763e-05
8.492539148e-05
9.350236306e-05
9.243594453e-05
8.244540671e-05
8.755686886e-05
9.276622504e-05
8.878024161e-05
8.213698686e-05
8.994830762e-05
8.629471439e-05
8.497667882e-05
8.493249083e-05
9.189759109e-05
8.474249118e-05
8.45639898e-05
8.443481735e-05
9.120080521e-05
8.401234369e-05
9.067065445e-05
8.347894071e-05
8.310013333e-05
8.283938897e-05
8.92697783e-05
8.894088208e-05
9.521167502e-05
9.480902527e-05
0.0001210919195
8.703829445e-05
9.970447909e-05
0.0001190115617
8.528452072e-05
7.826646387e-05
8.408530998e-05
0.0001092633544
0.0001083046016
8.858581162e-05
9.40388654e-05
9.335638212e-05
0.0001047867278
9.786390968e-05
9.083211825e-05
8.408933305e-05
7.727847224e-05
0.0001001981614
0.0001049680913
8.669911181e-05
9.147516253e-05
8.497052478e-05
0.0001008343778
8.878051737e-05
0.0001152094045
0.0001195179656
8.592610862e-05
0.0001063334378
9.458924996e-05
8.322027586e-05
8.73841371e-05
9.156160531e-05
8.545137315e-05
9.44952678e-05
9.336803554e-05
9.237091489e-05
0.0001056694438
9.027956469e-05
9.387931943e-05
8.358038857e-05
7.79741883e-05
8.620657696e-05
7.618656197e-05
9.309705213e-05
8.319395377e-05
9.096109257e-05
8.983841019e-05
9.310707413e-05
0.0001003155424
9.097523815e-05
8.984963292e-05
8.889814453e-05
9.17893788e-05
9.477437059e-05
9.360351967e-05
9.262986833e-05
9.148799901e-05
9.809193427e-05
8.943368843e-05
9.958928702e-05
8.744036114e-05
9.377518112e-05
8.550756923e-05
9.17144499e-05
8.711945355e-05
8.971777278e-05
8.52300851e-05
9.453679346e-05
9.674551698e-05
9.582549615e-05
8.816259655e-05
9.057095216e-05
8.951161109e-05
9.501936334e-05
9.705131925e-05
8.996323406e-05
9.200286386e-05
9.117682059e-05
8.414033988e-05
9.233029837e-05
9.425223023e-05
8.758895134e-05
8.66344799e-05
9.161199918e-05
9.154151074e-05
9.85320142e-05
9.138242728e-05
0.0001053344531
8.409070438e-05
9.095928788e-05
8.371526013e-05
8.354342519e-05
8.322997569e-05
8.301440595e-05
8.263905653e-05
8.23800887e-05
8.877648642e-05
9.525366499e-05
8.116112176e-05
0.0001212275163
8.697669823e-05
9.322121026e-05
9.916191211e-05
8.548567146e-05
9.787292615e-05
9.081767083e-05
0.0001093667144
0.0001022842419
8.871583769e-05
9.440748515e-05
9.977630821e-05
9.905311757e-05
9.810366987e-05
9.126535994e-05
8.433366784e-05
0.0001015759428
0.0001005323583
9.381599934e-05
9.862625078e-05
8.625370214e-05
9.669586193e-05
0.0001014447338
0.0001114701646
8.833122542e-05
7.641976332e-05
9.729620223e-05
9.084043679e-05
0.0001005129915
0.0001045779358
8.280818285e-05
0.0001022985794
9.111131082e-05
9.00353577e-05
9.403361117e-05
8.313383692e-05
8.70844748e-05
9.081919924e-05
8.511533454e-05
9.809996296e-05
9.24215845e-05
9.129627001e-05
9.482631991e-05
7.136432903e-05
9.70672085e-05
9.151641458e-05
8.622022371e-05
9.793119151e-05
9.26689229e-05
9.984507714e-05
8.643288367e-05
8.942970618e-05
8.848277106e-05
8.341718159e-05
9.433282246e-05
9.316847314e-05
9.219936546e-05
9.106366933e-05
9.388168393e-05
9.272870192e-05
9.178524368e-05
9.066241161e-05
9.33413452e-05
9.220501465e-05
9.129040179e-05
9.018549691e-05
9.273774444e-05
8.483606554e-05
8.401751292e-05
9.96185259e-05
0.0001052491165
0.0001007548005
9.981033367e-05
9.864224749e-05
8.827310552e-05
8.413543642e-05
0.0001018957839
9.462628315e-05
8.772658202e-05
9.571054934e-05
9.189844954e-05
8.208351411e-05
9.008381259e-05
9.197450375e-05
9.402979596e-05
9.103071746e-05
9.098358735e-05
0.0001048534698
9.078108805e-05
9.755980174e-05
9.74111581e-05
9.712544636e-05
9.000302155e-05
0.0001034614042
8.943459695e-05
8.903165701e-05
8.875300796e-05
8.149718427e-05
0.0001014971238
0.0001008964343
8.707474756e-05
9.981153527e-05
9.933690317e-05
8.547518911e-05
7.848332141e-05
0.0001038361212
8.38776403e-05
8.318626182e-05
8.902099222e-05
8.194151475e-05
8.764650049e-05
9.925010275e-05
0.0001170063265
7.929185365e-05
9.684089991e-05
7.790277597e-05
0.0001069929907
9.413050461e-05
8.749956984e-05
8.657752679e-05
9.725455834e-05
7.922716162e-05
8.410842715e-05
9.427168301e-05
0.0001043651689
9.233079766e-05
9.143156145e-05
8.507192167e-05
6.843077992e-05
0.0001040618494
8.240015096e-05
9.670739115e-05
8.059148773e-05
8.461948276e-05
9.850151944e-05
9.246493e-05
9.629307377e-05
9.989662603e-05
8.941254715e-05
8.368385513e-05
9.198032473e-05
9.540548312e-05
9.887009974e-05
9.322278041e-05
9.221725017e-05
8.674829493e-05
8.581468656e-05
9.32343505e-05
9.223487615e-05
9.937900407e-05
9.422285877e-05
9.305976301e-05
8.807126117e-05
9.093793874e-05
9.389536954e-05
8.887339139e-05
9.177284566e-05
9.064325764e-05
8.971031036e-05
8.860923698e-05
9.136212198e-05
9.385479281e-05
8.933798552e-05
8.825073996e-05
9.087025686e-05
8.977061476e-05
8.547314493e-05
9.120132612e-05
8.36307681e-05
9.585442255e-05
9.821649669e-05
9.058470007e-05
9.614513309e-05
8.868467347e-05
8.786527549e-05
8.994934764e-05
9.835056592e-05
9.114876392e-05
8.731938633e-05
8.633381503e-05
9.14706216e-05
9.62892213e-05
9.834007606e-05
9.440370134e-05
9.075286468e-05
9.748910005e-05
9.047882504e-05
9.732071476e-05
9.027795625e-05
0.0001039498135
9.687219087e-05
8.279063956e-05
0.0001032763982
0.0001028916832
0.0001094675676
0.000102165105
0.0001018457501
9.456039281e-05
8.075429565e-05
9.365767133e-05
9.326314287e-05
8.603508759e-05
8.562650166e-05
8.501506218e-05
8.456649333e-05
0.0001161905239
9.626472481e-05
8.9108825e-05
8.854834559e-05
0.0001003183499
8.718427545e-05
9.872941843e-05
8.576367717e-05
9.101402743e-05
0.0001023584596
8.942299321e-05
7.687387024e-05
9.950028896e-05
0.0001044615376
9.187886077e-05
9.106823756e-05
9.571792942e-05
9.484175929e-05
9.93160842e-05
8.744614721e-05
9.727496266e-05
0.0001016799907
7.936046744e-05
8.904453963e-05
8.801820694e-05
8.712087799e-05
9.117073614e-05
0.0001002487551
8.916308697e-05
8.822245217e-05
0.0001017062022
8.145559761e-05
8.995030055e-05
9.835212225e-05
0.0001017938166
8.238893262e-05
9.947582116e-05
8.945709089e-05
9.27840478e-05
9.17835557e-05
9.929323412e-05
8.968359377e-05
9.279948225e-05
9.597782537e-05
9.891726201e-05
9.78628528e-05
8.86015192e-05
9.164826853e-05
9.445368506e-05
9.346195513e-05
9.231040029e-05
9.13502539e-05
9.398615616e-05
9.301877993e-05
8.82026853e-05
9.094288347e-05
8.983140062e-05
8.892846672e-05
8.784654863e-05
9.045396148e-05
8.248572213e-05
9.188815812e-05
8.742120986e-05
8.990737285e-05
8.554448529e-05
8.798950391e-05
8.694859798e-05
9.889383528e-05
8.512416125e-05
8.746119656e-05
8.644745082e-05
8.260085989e-05
9.072763319e-05
9.291015698e-05
9.186014958e-05
9.104675867e-05
9.293707962e-05
9.212502866e-05
8.82681336e-05
9.597489392e-05
8.310096298e-05
9.69011427e-05
8.295786262e-05
9.668655303e-05
0.0001033776371
8.945778672e-05
8.233594641e-05
8.216755989e-05
8.868444189e-05
8.165131225e-05
9.483369304e-05
9.453762129e-05
9.404638673e-05
0.0001003946358
0.0001064581507
7.950770642e-05
0.000105319245
8.516602701e-05
0.0001040736771
9.705493519e-05
8.346871449e-05
0.0001021365917
8.863748458e-05
0.0001006636473
9.355425337e-05
9.292167873e-05
9.207578326e-05
8.531687093e-05
0.0001026147128
0.0001018289978
8.896295065e-05
9.412814912e-05
0.0001106382967
8.660756282e-05
9.141312954e-05
9.060748313e-05
0.0001008384814
8.881455705e-05
9.882009622e-05
0.0001033246437
7.528323705e-05
9.585170136e-05
8.423455041e-05
9.903137192e-05
8.758808714e-05
8.669578481e-05
7.056644034e-05
0.0001047510511
7.887400802e-05
9.755296361e-05
9.157912773e-05
8.583442762e-05
9.423374348e-05
7.923970599e-05
7.828652314e-05
7.744377727e-05
9.450715205e-05
9.348808323e-05
8.795183376e-05
9.570410818e-05
8.593937967e-05
8.501495028e-05
9.656722691e-05
9.137886746e-05
8.615231701e-05
8.523412021e-05
9.220193104e-05
9.519231109e-05
9.010214946e-05
9.303252355e-05
9.188726378e-05
9.472035017e-05
9.355622202e-05
9.259324919e-05
9.145817418e-05
9.052747496e-05
8.942158185e-05
8.49817778e-05
9.444172626e-05
8.311519659e-05
8.553095923e-05
9.485692299e-05
0.0001004106798
8.618257698e-05
8.515411833e-05
9.731984589e-05
8.975693224e-05
9.526632482e-05
9.1011192e-05
9.017013211e-05
0.0001014171639
8.222193848e-05
9.031037603e-05
8.949954932e-05
9.143637431e-05
9.062680586e-05
8.383430048e-05
8.596750763e-05
9.636022496e-05
8.990969434e-05
8.953197666e-05
0.0001032529824
8.250301284e-05
0.0001030248924
8.910349505e-05
8.8968242e-05
8.871007211e-05
9.533877942e-05
8.141668747e-05
9.474131458e-05
9.431893756e-05
0.0001074569521
9.353793845e-05
9.985232489e-05
9.264954749e-05
0.0001054402972
9.166084994e-05
9.122666913e-05
9.704943653e-05
8.366687169e-05
0.0001085734821
0.0001015965815
8.817110423e-05
0.0001063932261
9.306522034e-05
9.243674856e-05
0.0001038107861
8.487469604e-05
9.608066425e-05
9.534586835e-05
0.0001003086329
9.364726826e-05
0.0001042826769
8.042378852e-05
7.958308405e-05
0.0001014202885
8.918548657e-05
7.732441656e-05
8.740358896e-05
8.657863e-05
0.0001070169574
9.008081413e-05
9.429976828e-05
9.336046539e-05
9.228933599e-05
9.134980925e-05
9.02900985e-05
7.942539451e-05
0.0001030254812
9.708550371e-05
0.0001007365144
9.49174247e-05
7.97191472e-05
9.278189691e-05
9.625127191e-05
0.00010428369
8.06265435e-05
7.975745037e-05
9.629594423e-05
8.226845343e-05
8.126352539e-05
8.885167828e-05
9.194180326e-05
9.09567939e-05
8.983932068e-05
8.484188772e-05
8.778853075e-05
9.475568875e-05
9.358955439e-05
9.260702016e-05
9.146798874e-05
9.051663942e-05
8.940499525e-05
8.848473029e-05
9.104236675e-05
9.372047796e-05
8.901548535e-05
9.164541364e-05
8.704917241e-05
9.997494535e-05
9.876570111e-05
9.442636714e-05
9.662307809e-05
9.239059824e-05
8.802757861e-05
9.041912317e-05
9.253972051e-05
9.167182053e-05
9.99685985e-05
8.975923282e-05
9.177645434e-05
9.397188182e-05
9.888663316e-05
8.612016849e-05
9.39525069e-05
9.894077798e-05
9.495803069e-05
8.842386631e-05
8.463035533e-05
8.390058499e-05
0.000109591758
0.0001026895293
8.205312364e-05
9.56323581e-05
9.543517683e-05
8.848402603e-05
0.0001085885075
8.804815451e-05
8.097564391e-05
0.0001009589783
9.380974008e-05
0.0001001974048
9.303495831e-05
9.269478532e-05
9.215358053e-05
9.17668636e-05
7.814795802e-05
9.074129876e-05
0.0001029709936
9.602792372e-05
8.258950141e-05
0.0001010622515
8.14446342e-05
0.0001058372001
9.258127333e-05
8.582639661e-05
9.112465953e-05
9.046830093e-05
8.961363977e-05
8.892912179e-05
9.979784406e-05
8.734807113e-05
9.222711967e-05
9.144912986e-05
0.0001074636314
9.530605994e-05
8.319491036e-05
8.243566841e-05
9.240712211e-05
0.0001023046619
9.051789539e-05
8.963939046e-05
9.905353497e-05
7.22603781e-05
9.694508223e-05
0.0001060597876
9.984014301e-05
9.880519953e-05
0.0001025335696
9.179137733e-05
8.593591847e-05
7.557405449e-05
7.934319221e-05
9.234476841e-05
0.0001003618368
9.025663127e-05
8.02504975e-05
8.820639444e-05
8.713550725e-05
9.481644604e-05
9.365995217e-05
8.42299824e-05
9.151888161e-05
9.876938343e-05
9.755742647e-05
9.651799848e-05
9.533193364e-05
9.432305347e-05
9.316339132e-05
9.218539131e-05
9.484637769e-05
9.010551162e-05
8.899972513e-05
9.542391227e-05
9.063032307e-05
0.0001004728927
8.506853822e-05
9.473990171e-05
9.012212358e-05
8.922765068e-05
8.475823871e-05
8.728543778e-05
9.950325577e-05
9.197299995e-05
9.412058857e-05
9.322477135e-05
9.847388677e-05
0.0001006969988
9.640535422e-05
0.0001016764837
9.135931371e-05
9.052714487e-05
8.650436157e-05
8.572771572e-05
8.475525636e-05
9.559186241e-05
8.879380947e-05
8.51790914e-05
9.547268676e-05
9.464967525e-05
0.0001089968438
0.0001021321924
8.840879053e-05
8.152614385e-05
0.0001016982873
9.477467171e-05
8.775146011e-05
8.757263476e-05
8.725096571e-05
8.702661426e-05
9.997072613e-05
9.965974965e-05
9.253735857e-05
9.219941915e-05
9.821024493e-05
0.0001173583495
8.421173339e-05
0.0001031555039
0.000102428368
9.552252578e-05
9.47963127e-05
9.425016797e-05
0.0001121823178
8.670690457e-05
8.596217786e-05
7.318553247e-05
9.065642849e-05
9.600452029e-05
8.915637149e-05
9.437456421e-05
8.761079194e-05
9.849385389e-05
9.176324037e-05
9.099001523e-05
0.000101299321
0.0001004093725
7.726371861e-05
8.749634512e-05
8.654348205e-05
9.108616604e-05
0.0001006728851
9.444946438e-05
9.857313114e-05
8.21834086e-05
9.647818414e-05
9.549739355e-05
7.949005389e-05
9.833320881e-05
0.0001069056823
9.135570153e-05
9.5033469e-05
0.0001081252489
9.290678421e-05
9.191173954e-05
9.081220132e-05
0.0001033111184
9.31909335e-05
9.657695422e-05
9.974295035e-05
8.579887392e-05
8.899159805e-05
9.222720029e-05
9.109983292e-05
9.422079313e-05
9.711241848e-05
9.607789016e-05
9.0944432e-05
9.389435089e-05
9.274109175e-05
9.176758431e-05
9.064081361e-05
8.969810163e-05
9.967287666e-05
9.499328872e-05
9.022199228e-05
8.573156317e-05
8.468568784e-05
9.780653077e-05
8.626614142e-05
8.882623626e-05
9.112725795e-05
0.0001002609383
9.245195536e-05
8.501921973e-05
8.723503232e-05
8.960480839e-05
8.538100326e-05
9.711042184e-05
8.977847574e-05
9.815014335e-05
9.397747948e-05
9.011750018e-05
8.908131879e-05
9.122425967e-05
9.600678088e-05
8.938987456e-05
9.694206931e-05
9.044296694e-05
8.94447253e-05
9.14449714e-05
8.80817874e-05
8.803675621e-05
8.793189811e-05
8.784369608e-05
9.440719261e-05
9.426440813e-05
8.727988151e-05
8.710222367e-05
8.678338309e-05
8.656049448e-05
0.0001126950192
8.591078927e-05
9.861970004e-05
7.860798802e-05
9.117740778e-05
0.0001037665541
0.0001095426476
8.978588933e-05
8.915500253e-05
0.0001140269038
0.0001005890678
0.0001062609196
9.300102086e-05
9.858108505e-05
7.941121352e-05
0.0001031467728
9.620585037e-05
8.357525046e-05
9.461732917e-05
9.389629565e-05
8.716916038e-05
9.223366131e-05
0.0001027170046
7.921855154e-05
8.959648188e-05
8.325952854e-05
8.786588635e-05
8.162399439e-05
7.535477732e-05
0.000101304621
8.436506519e-05
9.921285415e-05
8.26083071e-05
9.712251594e-05
8.085537833e-05
9.003822514e-05
9.888953884e-05
9.786570603e-05
0.0001064000723
0.0001004951043
9.931616348e-05
9.825955361e-05
8.322545736e-05
0.0001006310282
8.587080937e-05
0.0001028316038
0.0001060117755
8.739184622e-05
8.633419487e-05
8.967486707e-05
8.858427759e-05
9.597828421e-05
8.656257677e-05
9.379154096e-05
8.861549753e-05
9.165670324e-05
9.053285358e-05
9.346952762e-05
9.232260339e-05
9.135354743e-05
9.399251156e-05
9.301495754e-05
9.187511283e-05
9.820370869e-05
9.700271037e-05
9.245923439e-05
9.133179038e-05
9.389080121e-05
8.587988495e-05
9.523060336e-05
8.73593295e-05
8.650370494e-05
9.53250163e-05
9.1149027e-05
9.327698221e-05
9.238895259e-05
9.759017789e-05
8.420043525e-05
9.245685283e-05
9.160210469e-05
9.053630585e-05
9.868270077e-05
9.459096906e-05
9.374173107e-05
8.977966454e-05
9.185551839e-05
9.082486823e-05
9.284550553e-05
9.738374152e-05
9.378634245e-05
9.434791115e-05
8.756407655e-05
9.418782473e-05
0.0001008144376
0.0001006087079
8.036537967e-05
0.0001001692435
8.663683937e-05
9.296084576e-05
9.272236748e-05
8.572070908e-05
7.888125261e-05
9.809781283e-05
9.774043116e-05
9.069703592e-05
9.676911184e-05
0.0001153782476
7.655630545e-05
8.869008299e-05
8.192385344e-05
7.505065005e-05
9.327418148e-05
8.635364988e-05
8.581460929e-05
8.508188941e-05
9.658304745e-05
9.571653887e-05
8.909024907e-05
8.825569322e-05
0.0001051007064
0.0001040783506
9.177189525e-05
7.949317383e-05
9.008547822e-05
0.0001002977394
9.38951653e-05
9.289932071e-05
8.122412191e-05
0.0001017689141
8.489422865e-05
0.0001049461889
9.873372433e-05
9.248794935e-05
8.648235064e-05
7.544032977e-05
9.458765791e-05
0.0001033420425
0.0001120130216
0.0001058992224
0.0001000226027
8.472991902e-05
8.382890209e-05
9.204271346e-05
9.105775211e-05
8.997235158e-05
9.3455953e-05
9.673047489e-05
9.568920646e-05
9.453294416e-05
8.926470326e-05
9.657882774e-05
9.138727255e-05
8.206649415e-05
8.9306783e-05
9.222470214e-05
8.727547189e-05
9.404346121e-05
9.304853124e-05
9.190787487e-05
9.094322987e-05
8.982846522e-05
8.889423516e-05
8.780566393e-05
9.05226895e-05
8.941627042e-05
8.850608636e-05
9.442151206e-05
9.001000956e-05
8.891695487e-05
9.480600341e-05
9.36599853e-05
9.274253265e-05
8.835521426e-05
9.074255222e-05
8.965872728e-05
9.197663836e-05
8.461821314e-05
9.003341929e-05
8.59069456e-05
9.423189092e-05
9.914337127e-05
0.0001012171309
9.416572294e-05
9.915282712e-05
9.802400189e-05
9.429892942e-05
8.476302656e-05
9.52263092e-05
9.694137058e-05
9.610645398e-05
8.714081504e-05
8.709644552e-05
8.030158446e-05
8.690635682e-05
9.340111834e-05
8.659874677e-05
9.2994212e-05
7.954744773e-05
9.246794653e-05
9.223100444e-05
0.0001049448775
0.0001111583036
9.10759921e-05
8.426283036e-05
9.022169924e-05
9.626244104e-05
0.0001020235601
8.25039328e-05
9.45321291e-05
8.776857125e-05
8.710745685e-05
8.660748054e-05
8.591093341e-05
9.147354998e-05
0.0001027874298
9.008608814e-05
8.33281571e-05
8.864018069e-05
7.610385808e-05
9.295415515e-05
9.205239583e-05
8.560755919e-05
9.039918463e-05
8.403742537e-05
8.871496825e-05
9.893022825e-05
9.78835898e-05
9.160523469e-05
9.061488747e-05
9.50437344e-05
0.0001148850539
9.308766316e-05
8.181850766e-05
0.0001012583366
9.510408915e-05
8.422986338e-05
8.816117927e-05
0.0001066383017
7.665677498e-05
8.533244869e-05
9.839130728e-05
8.807449037e-05
8.703584348e-05
9.063668192e-05
9.851404774e-05
9.745598807e-05
8.753416552e-05
9.525142479e-05
8.982486051e-05
9.732096727e-05
8.77807212e-05
9.097301969e-05
9.395019075e-05
9.698573657e-05
9.180969847e-05
8.688287869e-05
8.972077233e-05
9.263131028e-05
9.149685574e-05
9.053658174e-05
9.315388234e-05
8.849768096e-05
8.741473186e-05
8.651485486e-05
8.901878208e-05
9.163709675e-05
9.052066555e-05
9.305678554e-05
9.53317755e-05
9.775607197e-05
8.658409825e-05
8.903338298e-05
8.796306345e-05
0.0001032453562
9.244836406e-05
8.209543746e-05
8.7361977e-05
0.0001019960916
8.857870668e-05
9.078585332e-05
8.673706057e-05
9.483787989e-05
9.960330091e-05
8.709624076e-05
9.471385421e-05
9.387568916e-05
8.156850322e-05
8.64330234e-05
8.547408611e-05
9.567210553e-05
9.33453533e-05
8.663378268e-05
8.653159854e-05
8.644514881e-05
8.626993116e-05
8.613991313e-05
9.250238795e-05
9.890865257e-05
9.855026427e-05
8.519162016e-05
7.829490413e-05
0.0001105743663
8.412771082e-05
9.671763392e-05
8.33405105e-05
9.576104834e-05
8.880744976e-05
8.83899116e-05
9.404425752e-05
9.355303566e-05
9.285048984e-05
9.231820105e-05
9.157792844e-05
8.494049205e-05
9.023512205e-05
9.560557863e-05
9.475269759e-05
7.643535188e-05
8.154816197e-05
9.249013948e-05
9.15952875e-05
9.086209656e-05
8.995346678e-05
8.362382653e-05
8.828068431e-05
9.297754945e-05
9.740786256e-05
8.043601666e-05
0.000100786773
9.458591504e-05
9.874354009e-05
9.778921508e-05
0.0001017865554
9.069961027e-05
7.970923321e-05
8.87637709e-05
7.799767659e-05
9.166501955e-05
9.537412388e-05
8.965358532e-05
8.860813636e-05
8.766672838e-05
9.119456703e-05
9.021948804e-05
9.360528837e-05
9.700986188e-05
0.0001045622471
8.188795372e-05
9.367543247e-05
9.687986607e-05
9.570670757e-05
8.644602792e-05
9.352774671e-05
9.252693512e-05
8.742456898e-05
9.435687457e-05
9.320365628e-05
9.221781418e-05
9.488489214e-05
9.013355404e-05
8.903054849e-05
8.810464907e-05
8.702726541e-05
8.972016466e-05
8.862481207e-05
0.0001052670997
8.318813723e-05
9.264530944e-05
8.813125779e-05
9.732406418e-05
8.620161941e-05
0.0001017718223
9.406136924e-05
9.636469549e-05
9.203955129e-05
0.000100593603
8.386893179e-05
8.615888288e-05
9.7308555e-05
9.640870246e-05
8.932922604e-05
9.146584719e-05
8.749368654e-05
9.248872744e-05
8.857600192e-05
9.345623116e-05
9.240310008e-05
9.437255429e-05
9.057894412e-05
8.979928456e-05
0.0001061165968
7.954708548e-05
9.269582062e-05
8.598881018e-05
8.581509945e-05
0.0001054595889
0.0001051608444
8.527005413e-05
9.803321174e-05
7.822606096e-05
9.735684675e-05
9.058537927e-05
8.368947139e-05
9.621422076e-05
8.290825963e-05
9.526485168e-05
8.203841814e-05
0.0001130582345
8.732396942e-05
8.686840191e-05
8.621802174e-05
0.0001102170262
9.718740631e-05
8.451007749e-05
8.978008905e-05
0.0001010694904
8.838564348e-05
7.60530762e-05
9.273417304e-05
8.052689173e-05
9.683911504e-05
9.606479898e-05
9.510663031e-05
7.766666029e-05
8.235996706e-05
9.252543456e-05
8.078061429e-05
9.60572058e-05
8.974459003e-05
0.0001098212326
8.792820832e-05
7.683450374e-05
8.61088966e-05
9.528585577e-05
9.420956642e-05
8.834693267e-05
8.733745928e-05
7.683145444e-05
8.069171318e-05
9.86313861e-05
9.748351713e-05
9.644827462e-05
9.531514492e-05
9.429642305e-05
8.874130506e-05
8.778891051e-05
8.673986645e-05
9.009741654e-05
8.477498562e-05
8.805641967e-05
9.527652746e-05
9.835165029e-05
9.310908468e-05
8.810803349e-05
9.099079608e-05
9.002220267e-05
8.892313033e-05
9.180799328e-05
9.068574837e-05
8.973409862e-05
8.863688234e-05
9.502468384e-05
8.66432187e-05
9.289718334e-05
8.470494133e-05
9.432289139e-05
9.317473742e-05
9.223745624e-05
8.774359334e-05
0.0001002370944
8.912337042e-05
8.8250027e-05
9.041833935e-05
9.274261376e-05
8.21549239e-05
9.389119128e-05
8.65918099e-05
9.190607893e-05
9.082398425e-05
9.298348778e-05
9.486291958e-05
8.518620166e-05
9.00091009e-05
9.495592245e-05
9.102649939e-05
8.740168648e-05
8.641539829e-05
9.395139199e-05
9.017301619e-05
9.481508122e-05
9.236387814e-05
8.572304818e-05
8.562258244e-05
0.0001052766329
8.536503851e-05
7.868001172e-05
9.153418333e-05
7.829906975e-05
9.102011933e-05
9.078767288e-05
8.393700295e-05
0.0001029879581
9.606435468e-05
8.93349529e-05
0.0001015144239
8.213726796e-05
9.417363135e-05
0.0001062295131
9.928903167e-05
9.877166416e-05
0.0001041615269
9.747372563e-05
9.669669483e-05
9.009000318e-05
8.932962226e-05
0.0001123941396
8.208206481e-05
9.895909917e-05
9.227503859e-05
8.012888503e-05
0.0001076997855
0.0001012164297
8.350789513e-05
8.832930475e-05
9.835284193e-05
8.66613603e-05
8.039178926e-05
0.0001062174109
9.456954388e-05
8.847874945e-05
9.78063356e-05
9.686260537e-05
8.066172475e-05
8.984604657e-05
0.0001036389632
0.000107474878
9.659038297e-05
9.081365681e-05
8.504353925e-05
9.350115024e-05
7.393209515e-05
9.143413418e-05
9.939809958e-05
9.833616876e-05
9.275532879e-05
7.86516151e-05
9.498290802e-05
8.96907984e-05
9.705303515e-05
9.600955149e-05
8.247843232e-05
8.975249218e-05
9.26941541e-05
9.568971256e-05
8.270968582e-05
9.351928257e-05
9.237871746e-05
9.140179879e-05
9.028556365e-05
8.933816821e-05
8.824668221e-05
9.460638003e-05
0.0001006396378
8.893174428e-05
8.433335214e-05
8.69528301e-05
8.933063691e-05
9.183317829e-05
8.73593244e-05
8.64916028e-05
9.53059462e-05
8.460929207e-05
8.680722258e-05
9.233628055e-05
8.808672305e-05
9.03635376e-05
9.236978169e-05
8.540246618e-05
9.645305529e-05
8.958839206e-05
9.149363792e-05
8.481091456e-05
8.961160122e-05
0.0001002660713
9.628726703e-05
9.824230709e-05
9.435694143e-05
9.353397208e-05
8.977071034e-05
8.630153258e-05
7.875500557e-05
9.839402761e-05
8.51751989e-05
8.509043581e-05
9.145195627e-05
8.479212868e-05
9.756175924e-05
9.087354003e-05
8.407985234e-05
8.386536679e-05
9.634917131e-05
9.605187674e-05
7.645527562e-05
8.252656012e-05
0.0001009933184
0.0001005735752
9.993868381e-05
9.947048936e-05
8.026234358e-05
9.827029681e-05
0.0001097313
9.092041651e-05
8.418454957e-05
8.963807483e-05
8.29580764e-05
9.417591745e-05
8.750886586e-05
8.109218114e-05
0.0001090367584
7.403945091e-05
8.461012619e-05
0.000106317737
8.310215668e-05
7.691329465e-05
8.700297451e-05
0.0001078050218
9.600802727e-05
0.0001004240227
8.889085085e-05
9.323854341e-05
8.709759717e-05
8.62578699e-05
9.031878593e-05
8.445719103e-05
9.824390964e-05
8.752489187e-05
7.691465725e-05
0.0001094241687
8.935533731e-05
8.376446688e-05
0.000105791594
9.10166169e-05
9.44488184e-05
8.009157265e-05
7.914523819e-05
7.829644763e-05
9.885383089e-05
0.0001020432388
9.66187584e-05
8.726890729e-05
9.032211459e-05
9.747588553e-05
9.228290529e-05
9.526536768e-05
9.41075197e-05
9.310603831e-05
9.197170003e-05
9.09991828e-05
9.363426599e-05
9.265178787e-05
9.884239034e-05
9.056898353e-05
8.946375519e-05
8.854270756e-05
8.746355098e-05
9.349883711e-05
9.920329319e-05
9.143242878e-05
9.701437655e-05
8.942646801e-05
8.834627691e-05
9.072034786e-05
8.32276014e-05
8.876337192e-05
8.143784778e-05
8.99690647e-05
9.503172167e-05
8.806597441e-05
9.603092166e-05
9.51426425e-05
9.403083697e-05
8.443891962e-05
9.209558398e-05
9.982522666e-05
9.022367688e-05
8.94255035e-05
9.117650741e-05
8.490375271e-05
8.666373654e-05
9.665822562e-05
9.140282757e-05
8.48312626e-05
8.473246627e-05
8.464825142e-05
9.097731119e-05
8.435219104e-05
9.058603678e-05
8.3945724e-05
9.651410286e-05
8.343241139e-05
9.585311565e-05
8.281665687e-05
8.240172616e-05
7.578795271e-05
0.0001004775355
7.504531411e-05
0.0001056451305
8.659476153e-05
0.0001105705319
9.777399365e-05
0.0001031140005
0.0001025256935
9.572998924e-05
7.729857023e-05
7.664983309e-05
8.785201714e-05
9.288209922e-05
0.0001095113998
7.423834861e-05
0.0001076819016
8.981136765e-05
8.352709111e-05
0.0001047537664
8.747664698e-05
0.0001028199852
0.0001019239265
9.024196295e-05
9.468577674e-05
7.80618032e-05
9.795334897e-05
9.688675441e-05
0.0001060537481
0.0001048799571
8.900839867e-05
8.8009479e-05
8.711958152e-05
9.570037946e-05
9.944932758e-05
9.362765709e-05
9.264603765e-05
8.24166956e-05
9.513304009e-05
9.402153401e-05
9.744726687e-05
9.629784057e-05
8.660497045e-05
9.413259173e-05
9.312125875e-05
8.782414638e-05
9.515473453e-05
9.809622383e-05
8.491334763e-05
9.187528948e-05
9.089290436e-05
9.369336189e-05
9.269643009e-05
9.156825347e-05
9.060009822e-05
9.32246847e-05
8.85566974e-05
9.476620672e-05
9.378072436e-05
8.907411476e-05
9.168334214e-05
8.708319727e-05
8.964432727e-05
9.877234527e-05
8.766348907e-05
9.659319574e-05
8.574042659e-05
9.44785521e-05
9.032644711e-05
8.924055344e-05
8.522149931e-05
8.420259824e-05
9.266691816e-05
8.546168815e-05
9.070630236e-05
8.664879816e-05
9.472797971e-05
9.654587834e-05
9.566605971e-05
8.88270423e-05
9.370891355e-05
9.26346638e-05
8.903294609e-05
9.352560082e-05
9.271016168e-05
9.706557021e-05
8.019253063e-05
9.09297633e-05
8.439229181e-05
9.726266816e-05
9.068838048e-05
8.404274133e-05
0.0001032822092
8.368219926e-05
8.993748073e-05
8.321572276e-05
0.0001021586502
9.536214173e-05
8.239273865e-05
0.0001008999869
9.425190438e-05
0.0001062149314
9.955247241e-05
0.0001112938607
9.231140329e-05
9.16785353e-05
9.120251096e-05
8.449255194e-05
9.601262983e-05
8.334711764e-05
0.0001064972224
9.387193814e-05
9.324632973e-05
8.664931248e-05
9.176795203e-05
8.524173236e-05
9.587772434e-05
0.0001061342286
8.312307329e-05
9.876287291e-05
0.0001033795481
9.155723892e-05
9.609893512e-05
0.0001003801072
8.376648427e-05
8.805320182e-05
6.670547063e-05
9.643341794e-05
8.04253937e-05
9.942149494e-05
8.859540467e-05
9.733691648e-05
9.15356748e-05
9.049842501e-05
8.956585747e-05
0.0001025210877
7.839067197e-05
9.115931402e-05
0.0001037218556
9.359809826e-05
9.259932358e-05
8.715137374e-05
9.483912723e-05
8.09340559e-05
8.006479765e-05
9.576176086e-05
8.649535593e-05
8.952449983e-05
9.258993033e-05
8.749424747e-05
8.655888031e-05
9.328283343e-05
9.229041012e-05
9.1168331e-05
9.020449879e-05
9.281867105e-05
8.817106651e-05
9.072544391e-05
8.978199744e-05
8.868785361e-05
8.777475675e-05
9.017438282e-05
8.925612883e-05
9.156270286e-05
8.728424556e-05
9.285925423e-05
8.865316067e-05
9.4070219e-05
9.314795043e-05
8.885474723e-05
8.799566468e-05
9.004854817e-05
8.303930223e-05
9.724743746e-05
9.33237513e-05
0.0001011474959
9.13695121e-05
9.321322452e-05
8.947736779e-05
9.414569155e-05
9.047320297e-05
8.664005144e-05
9.141393947e-05
8.763802341e-05
9.773330238e-05
8.858504691e-05
9.314628485e-05
9.04615706e-05
9.041613609e-05
0.0001096639487
8.377752806e-05
9.004264992e-05
8.34858706e-05
8.32532363e-05
0.0001022590235
0.0001082642185
0.0001016366453
9.487617186e-05
0.0001071956423
8.783925468e-05
8.752218413e-05
9.324526402e-05
8.047784634e-05
9.227822012e-05
9.18474166e-05
0.0001155448291
9.67962761e-05
9.007705917e-05
7.762241778e-05
8.293461856e-05
8.242181839e-05
8.757206958e-05
8.698910988e-05
8.622583705e-05
7.419765475e-05
9.613827473e-05
8.980050133e-05
9.450429017e-05
8.823780809e-05
9.282935877e-05
0.0001083003669
9.648193761e-05
7.438879294e-05
8.938964147e-05
9.900376586e-05
8.248495966e-05
9.192901914e-05
8.082888764e-05
8.005144182e-05
8.906544958e-05
8.328699077e-05
0.0001017341547
9.111568113e-05
9.008529619e-05
8.446500913e-05
8.813928213e-05
9.180642414e-05
9.074826254e-05
8.080797068e-05
9.317845938e-05
0.0001009640318
8.676275308e-05
9.441658596e-05
9.753815425e-05
9.649088927e-05
9.11937668e-05
9.841565728e-05
8.507954499e-05
9.218313378e-05
9.503036446e-05
9.401461811e-05
8.900605823e-05
9.188793146e-05
9.077188665e-05
8.981233906e-05
9.241617861e-05
8.778877961e-05
9.033296066e-05
9.65450999e-05
9.53693222e-05
9.438741565e-05
9.323891485e-05
8.545315195e-05
9.116837235e-05
9.359352071e-05
8.915745491e-05
9.807944527e-05
9.366540032e-05
8.954881898e-05
9.163198618e-05
8.448759916e-05
8.656889349e-05
9.186832059e-05
9.077627194e-05
8.992370376e-05
9.774847856e-05
8.804006613e-05
8.990942319e-05
8.334226007e-05
9.373714078e-05
9.28956123e-05
9.46110018e-05
9.377421076e-05
8.998205261e-05
8.919777335e-05
9.086938415e-05
9.273822421e-05
8.356973356e-05
8.995305814e-05
7.701365516e-05
9.617174936e-05
8.318373533e-05
8.944853002e-05
8.282864872e-05
9.537911668e-05
7.603308429e-05
0.000101119948
8.810212127e-05
8.783146601e-05
9.363808839e-05
8.708042903e-05
9.896131983e-05
8.623290842e-05
9.181622904e-05
8.529553281e-05
9.076524043e-05
9.631471356e-05
8.365545915e-05
0.0001128869087
0.0001061050917
8.787481068e-05
8.133387236e-05
8.656398197e-05
8.580648073e-05
9.655657574e-05
8.441804552e-05
0.0001005382839
9.405077078e-05
7.683820724e-05
7.608335312e-05
8.622808546e-05
9.602528046e-05
0.0001004792235
0.0001046699881
9.335295682e-05
9.749368555e-05
8.641727794e-05
8.045419291e-05
9.462112974e-05
9.358066318e-05
9.265752018e-05
9.16241911e-05
9.069952398e-05
9.439570749e-05
0.0001074376828
0.0001062130952
9.596191337e-05
9.03409014e-05
9.385319386e-05
9.276256653e-05
8.303314604e-05
9.93342203e-05
9.827042008e-05
9.288528514e-05
9.188828629e-05
8.253898487e-05
8.981803557e-05
9.277452383e-05
9.577032641e-05
9.461610247e-05
8.970476111e-05
8.861945563e-05
9.148894797e-05
9.414466171e-05
8.942357437e-05
9.201716178e-05
9.469394284e-05
8.634610424e-05
9.968959878e-05
9.14423066e-05
9.398161362e-05
8.59617291e-05
8.508628053e-05
8.405317017e-05
8.98638072e-05
9.206333718e-05
8.789311289e-05
8.683204736e-05
8.916500439e-05
8.809305657e-05
9.970414085e-05
8.619757412e-05
8.537588394e-05
9.339932995e-05
0.000101475773
9.437870139e-05
9.058335461e-05
9.240970804e-05
9.442894221e-05
9.050387447e-05
9.249423279e-05
8.865977919e-05
9.062179905e-05
8.95908254e-05
9.150130053e-05
9.313378308e-05
9.497182967e-05
8.953950197e-05
9.588717798e-05
8.939174886e-05
8.93033459e-05
8.912699796e-05
8.899386888e-05
8.87474753e-05
7.59162851e-05
0.0001008644022
0.0001006084776
0.0001064414669
9.987277461e-05
9.937863283e-05
9.283190457e-05
0.0001046201596
7.967302809e-05
8.526825144e-05
7.880885725e-05
7.827333177e-05
0.0001078176587
0.0001070268455
9.459468974e-05
8.798758878e-05
9.327443272e-05
0.0001098440355
9.188585512e-05
8.539118372e-05
9.609000221e-05
8.961295236e-05
8.893838395e-05
8.258963243e-05
9.832096204e-05
0.0001027661898
8.581978115e-05
8.495371177e-05
8.421618043e-05
9.37622853e-05
0.0001084031466
0.0001072555435
0.0001062556239
9.509851031e-05
7.435675732e-05
9.805448851e-05
9.22334968e-05
9.120702823e-05
9.979106165e-05
9.866712047e-05
8.370178431e-05
7.355520145e-05
0.0001046291759
8.993718115e-05
8.898494929e-05
9.674800644e-05
9.571681791e-05
9.459539909e-05
8.932894e-05
7.986635276e-05
8.732613198e-05
8.628662224e-05
8.942518549e-05
9.237024328e-05
9.535322182e-05
9.420543655e-05
8.543229985e-05
9.207255337e-05
9.109341433e-05
8.998925237e-05
0.0001001679309
8.79567127e-05
9.428690406e-05
9.314041796e-05
8.508175908e-05
8.754891184e-05
9.011338652e-05
9.244184161e-05
0.0001016670549
9.038981383e-05
9.279410072e-05
9.494441877e-05
8.751795521e-05
8.646156582e-05
8.878446589e-05
8.771708743e-05
8.686868432e-05
8.88947632e-05
9.715559461e-05
8.999995848e-05
9.212631036e-05
9.397449159e-05
9.01953273e-05
8.626230221e-05
9.117444789e-05
9.293058529e-05
9.209630689e-05
9.37945669e-05
9.02308548e-05
9.190610622e-05
8.842575376e-05
9.272910071e-05
8.667943652e-05
8.908548085e-05
7.632084705e-05
8.258609277e-05
9.51975229e-05
8.867612016e-05
9.4868364e-05
9.460653997e-05
0.0001007109104
8.153967684e-05
9.384577054e-05
8.721769752e-05
8.695033165e-05
9.270155513e-05
9.852590091e-05
9.185219832e-05
7.927662536e-05
9.696638619e-05
9.651522831e-05
8.38786316e-05
8.344509384e-05
0.0001183354147
9.413130435e-05
0.000105070193
8.701893902e-05
8.629863094e-05
8.572607145e-05
8.497988736e-05
9.000274455e-05
0.0001059061581
8.298140915e-05
9.863647022e-05
9.785441346e-05
6.99817539e-05
8.54153254e-05
0.0001056942366
8.906087786e-05
0.0001036952062
8.220894406e-05
0.0001016757511
9.065576961e-05
9.46617162e-05
8.881893474e-05
6.344463793e-05
7.248421312e-05
0.0001003508728
8.514806292e-05
8.886823535e-05
9.258369e-05
9.610913233e-05
9.057515522e-05
9.401390583e-05
8.4159979e-05
9.632000199e-05
8.663069639e-05
8.989828216e-05
8.046608384e-05
8.788686181e-05
9.936467457e-05
9.00015979e-05
8.903575697e-05
8.797079823e-05
9.493973467e-05
8.989005675e-05
9.27962854e-05
9.167607553e-05
9.825972649e-05
8.96029744e-05
9.604405983e-05
8.758020136e-05
9.749424766e-05
8.917562471e-05
9.1778289e-05
9.414979652e-05
8.627813737e-05
8.522999418e-05
9.111086025e-05
9.000549991e-05
9.239949007e-05
9.454098199e-05
9.037361565e-05
8.928290755e-05
8.209236445e-05
9.04637536e-05
8.958867652e-05
8.546441028e-05
9.674229692e-05
9.559121044e-05
9.173396293e-05
8.187701319e-05
0.000101399076
8.875680341e-05
8.794777101e-05
8.692446051e-05
9.170179021e-05
9.339161075e-05
8.712074584e-05
8.612701959e-05
9.071275607e-05
8.96899794e-05
9.153521588e-05
0.0001076294782
8.226386459e-05
0.0001074528169
7.577421928e-05
0.0001008340357
8.809827316e-05
8.78559004e-05
9.394240962e-05
8.737202023e-05
9.337584715e-05
0.0001053782779
9.887584127e-05
7.994157486e-05
7.965426946e-05
9.139704708e-05
7.281613626e-05
7.839658718e-05
9.603967302e-05
9.539084156e-05
0.0001067606466
8.831835486e-05
8.781790945e-05
8.713356451e-05
9.237037314e-05
8.015685239e-05
9.668825923e-05
8.457253412e-05
9.517025292e-05
9.98543232e-05
7.708107964e-05
6.54465592e-05
0.0001028029534
8.572666909e-05
9.032808054e-05
9.468088266e-05
0.0001042893721
0.0001083753218
8.694285279e-05
8.602655732e-05
8.522586847e-05
8.926949956e-05
9.823721807e-05
8.25892686e-05
7.696588384e-05
8.562694325e-05
9.889182179e-05
9.312612996e-05
8.756068611e-05
8.656844507e-05
9.918924269e-05
9.805451671e-05
7.937770853e-05
9.589576776e-05
8.193701406e-05
8.950443748e-05
9.697993173e-05
8.750375571e-05
9.480969832e-05
8.553787289e-05
9.670876965e-05
9.555355948e-05
8.665233327e-05
9.339470725e-05
9.239716135e-05
9.128299764e-05
9.031251915e-05
9.665499832e-05
9.195543254e-05
9.447414133e-05
9.348323489e-05
8.524455178e-05
8.787309604e-05
9.375018946e-05
9.278487703e-05
8.826352963e-05
9.072467288e-05
8.630501645e-05
9.529422932e-05
9.089471928e-05
9.320510457e-05
9.208037765e-05
0.0001006092009
7.765597783e-05
9.228564163e-05
9.422060902e-05
9.332211001e-05
9.518593109e-05
8.250510997e-05
9.608813237e-05
9.519878429e-05
9.123007601e-05
8.474855646e-05
9.492984559e-05
8.5776661e-05
9.572716394e-05
9.216987775e-05
8.575737489e-05
9.032355864e-05
9.45567726e-05
9.3745151e-05
8.189174774e-05
8.814722835e-05
9.433579068e-05
8.167712493e-05
8.151734775e-05
7.513474381e-05
0.0001061489679
0.0001121676931
8.072671937e-05
9.910464693e-05
9.868669038e-05
8.608670096e-05
7.954576072e-05
8.535712e-05
9.094638439e-05
9.057177326e-05
8.401270798e-05
9.556878112e-05
7.119373869e-05
8.263101355e-05
8.78893572e-05
0.0001048702738
8.093189005e-05
0.0001149061045
8.547004968e-05
7.924394502e-05
8.416906757e-05
0.0001002885348
9.385985816e-05
0.000104115018
9.227940158e-05
9.693447451e-05
9.065859284e-05
8.461774392e-05
7.853423051e-05
7.785432595e-05
8.732765086e-05
8.654242526e-05
8.563237205e-05
9.48167046e-05
9.380005577e-05
0.0001026803662
9.188833562e-05
9.577304898e-05
9.944939549e-05
0.000103136264
0.0001019815418
9.17582923e-05
0.0001043285395
8.977249475e-05
8.874738396e-05
9.219935557e-05
8.67956856e-05
9.016520183e-05
8.911402862e-05
0.0001007554101
8.71239751e-05
9.43985146e-05
9.733525726e-05
8.826698737e-05
9.514254204e-05
9.020161666e-05
9.299455302e-05
9.200145593e-05
9.089327615e-05
8.992707078e-05
9.254196078e-05
9.888929905e-05
9.407316408e-05
9.666676678e-05
9.195721918e-05
0.0001015011776
8.989640615e-05
8.897075687e-05
9.127146058e-05
0.0001003797172
8.594116403e-05
0.0001014367081
9.374430742e-05
9.281230334e-05
8.85306593e-05
7.82697257e-05
9.588764071e-05
8.883342755e-05
9.079672852e-05
9.292846896e-05
9.774607608e-05
9.389337699e-05
8.408402525e-05
8.905093836e-05
8.516580895e-05
9.001539873e-05
9.73068359e-05
8.816757407e-05
9.531940861e-05
9.717600215e-05
9.606475076e-05
9.258291268e-05
9.415119403e-05
9.075040114e-05
0.0001002864338
9.397183203e-05
9.38650184e-05
9.377263795e-05
9.358976628e-05
8.099048621e-05
0.0001056210743
9.92089725e-05
9.268418009e-05
9.244997893e-05
7.364902456e-05
8.56612873e-05
9.133136177e-05
0.0001152715041
7.843345827e-05
9.012777246e-05
8.957396785e-05
9.510248435e-05
0.0001003676349
9.985059413e-05
9.912644129e-05
7.537399445e-05
9.780208745e-05
8.576594107e-05
9.640325677e-05
9.576574355e-05
8.376943234e-05
9.426794392e-05
9.891219494e-05
9.271680308e-05
9.184693614e-05
9.648096101e-05
9.023656588e-05
8.42245129e-05
9.38053376e-05
8.782763391e-05
7.669995519e-05
0.0001013478462
8.524178272e-05
9.438493641e-05
8.846060339e-05
8.761362326e-05
0.00010591816
8.580838202e-05
9.900470334e-05
8.400740889e-05
7.845376648e-05
8.221597908e-05
8.580383794e-05
8.043882817e-05
0.0001060292997
8.305258584e-05
9.073757553e-05
8.977190209e-05
9.717720231e-05
9.613827243e-05
9.087830909e-05
8.581776187e-05
8.480200625e-05
9.188244863e-05
9.473504539e-05
8.981549194e-05
9.259781312e-05
9.160912539e-05
9.427798775e-05
9.327593601e-05
8.846378466e-05
9.482326315e-05
9.00726694e-05
9.269315033e-05
9.509137446e-05
9.061735493e-05
9.640406863e-05
9.881894166e-05
9.088789161e-05
8.663010976e-05
9.874657691e-05
9.775236604e-05
8.691298515e-05
9.242279903e-05
9.130781407e-05
9.35295514e-05
0.0001047257847
9.151092227e-05
8.740160337e-05
8.656793254e-05
9.143604547e-05
8.473305954e-05
9.239169261e-05
9.153641444e-05
8.763336225e-05
8.683445842e-05
8.028466298e-05
9.602543039e-05
9.491511226e-05
8.601235049e-05
9.299885357e-05
9.482304442e-05
8.854079765e-05
9.294481946e-05
9.978802796e-05
9.350489208e-05
8.094573193e-05
8.708663414e-05
0.0001055424629
9.918648604e-05
8.655162792e-05
9.254834284e-05
8.607825948e-05
9.199389619e-05
9.771551077e-05
0.0001156829352
7.876577591e-05
9.659519188e-05
8.405437752e-05
7.175048286e-05
8.913859381e-05
8.281062629e-05
9.400679012e-05
8.767785421e-05
8.124082817e-05
9.232228947e-05
8.015762252e-05
0.0001081179236
9.030104327e-05
0.0001065241211
7.781533584e-05
9.382317524e-05
9.844776626e-05
0.0001085672671
9.141850526e-05
8.536148563e-05
0.0001109522028
7.85952373e-05
9.856103221e-05
8.74241075e-05
9.161920314e-05
9.07968013e-05
9.982910629e-05
0.0001038473019
8.316931509e-05
8.237358465e-05
9.58578099e-05
8.542448598e-05
8.448340319e-05
9.757294395e-05
0.0001010792746
9.094748165e-05
9.441884836e-05
8.898393537e-05
0.0001011672502
9.574620306e-05
8.173903184e-05
8.938201859e-05
8.413651434e-05
9.98847626e-05
9.460033468e-05
9.765574418e-05
9.650148627e-05
9.148916983e-05
9.433102448e-05
9.332103535e-05
9.220444403e-05
9.502096537e-05
9.387888733e-05
8.916596092e-05
9.910177272e-05
8.715987545e-05
0.0001004568221
9.940333318e-05
9.469209509e-05
9.717817436e-05
9.942861095e-05
9.501150303e-05
9.385966391e-05
8.95855071e-05
9.505596132e-05
9.734362295e-05
8.975539751e-05
8.886287616e-05
9.719715776e-05
9.003410152e-05
8.895167256e-05
8.505319191e-05
9.603985467e-05
8.917845097e-05
9.105325164e-05
9.019743201e-05
9.200428883e-05
9.115252676e-05
8.72651753e-05
9.762695819e-05
9.097364245e-05
9.288898315e-05
9.451423106e-05
9.367873187e-05
9.525064089e-05
8.917574965e-05
9.075731963e-05
9.254975641e-05
8.688273263e-05
7.443405566e-05
7.434994445e-05
0.0001176051581
8.648847042e-05
9.252867008e-05
8.612543369e-05
8.595328285e-05
8.565547845e-05
0.0001037479302
9.723705393e-05
7.876416796e-05
7.838149161e-05
8.410874511e-05
8.962067326e-05
7.735234306e-05
9.462126035e-05
0.0001000698728
9.355432183e-05
9.88905134e-05
9.817727894e-05
9.188084807e-05
0.0001082674527
8.495046527e-05
9.549079892e-05
7.812054779e-05
8.29814396e-05
8.788949063e-05
9.25439186e-05
9.185160674e-05
0.0001016992354
9.027618303e-05
7.888605066e-05
9.909558574e-05
9.294583708e-05
8.702427215e-05
9.626908309e-05
0.0001054483769
9.440898471e-05
0.0001033786789
9.740692763e-05
8.200431036e-05
8.5887209e-05
8.976867684e-05
9.345442288e-05
9.251533416e-05
9.148554696e-05
9.054742616e-05
9.400552647e-05
8.416508658e-05
8.32092231e-05
8.233037328e-05
8.995211975e-05
0.0001017091509
8.796297313e-05
9.945505716e-05
9.419503101e-05
9.318608796e-05
8.808243994e-05
9.109924333e-05
9.393043503e-05
8.518120273e-05
9.181440299e-05
9.461918516e-05
9.348315164e-05
9.61894017e-05
9.503030573e-05
9.764289892e-05
8.931769037e-05
9.191630883e-05
9.080370458e-05
8.985957915e-05
9.218511657e-05
9.123584671e-05
9.013034478e-05
9.251626832e-05
9.139607552e-05
9.047573163e-05
8.618973193e-05
8.849305046e-05
9.367045489e-05
9.275115267e-05
9.163605268e-05
9.982401202e-05
9.265117215e-05
9.472745475e-05
8.774869312e-05
9.851369314e-05
0.0001002095066
9.644508588e-05
8.970329729e-05
9.721845912e-05
9.333731792e-05
9.521998592e-05
9.142767273e-05
9.328479662e-05
9.484873856e-05
9.4023108e-05
9.295506869e-05
9.21580376e-05
8.645519042e-05
8.64124766e-05
9.864584294e-05
9.23897784e-05
9.835866237e-05
9.821281279e-05
9.182508878e-05
8.553227741e-05
9.13251752e-05
0.0001032411119
9.676325972e-05
9.646846278e-05
9.600115547e-05
0.0001016365587
8.918731677e-05
8.882151046e-05
8.239505896e-05
9.373050188e-05
9.310618826e-05
8.683885007e-05
0.0001034570982
8.001315709e-05
0.0001190970439
7.891194743e-05
8.945036875e-05
9.441451122e-05
9.360537338e-05
7.654385615e-05
8.127655929e-05
0.0001075588655
9.057352348e-05
0.0001004313923
7.852388412e-05
9.344975305e-05
8.738185708e-05
9.681961597e-05
9.583299431e-05
8.497693243e-05
9.893071173e-05
9.311290766e-05
9.212295319e-05
0.0001008473515
8.550580686e-05
8.937062461e-05
8.373786216e-05
0.0001013184475
9.563861308e-05
9.015087474e-05
8.468192104e-05
8.37986533e-05
8.720910803e-05
9.92316319e-05
0.0001023593935
9.705159272e-05
9.175662315e-05
9.490282337e-05
9.379318547e-05
9.278883715e-05
9.169513317e-05
8.282457199e-05
9.35332335e-05
9.253220955e-05
9.142764793e-05
9.045195682e-05
8.936710877e-05
8.841762645e-05
8.735319801e-05
9.363311154e-05
8.894492717e-05
9.153275061e-05
9.042560393e-05
8.604367699e-05
8.840190594e-05
0.000100951819
7.978336648e-05
8.555138638e-05
8.451592482e-05
9.33184296e-05
9.53695562e-05
0.0001007157603
9.639179943e-05
9.236679184e-05
8.821443051e-05
8.434806658e-05
9.821965484e-05
8.843860841e-05
9.612282523e-05
9.810459669e-05
9.694159332e-05
8.756950795e-05
9.212110271e-05
8.021678761e-05
9.294749988e-05
8.940389178e-05
9.372254248e-05
9.289416062e-05
9.182659652e-05
9.102739702e-05
8.99918887e-05
9.176962072e-05
9.21769665e-05
8.598940524e-05
9.202799644e-05
9.806703404e-05
8.564333815e-05
7.329983233e-05
0.0001096528041
9.119504582e-05
9.088098683e-05
7.856528686e-05
8.425730277e-05
0.0001020010478
8.956622705e-05
7.73468297e-05
0.0001005925485
7.660853518e-05
9.371466706e-05
0.0001107722907
8.10795365e-05
9.794871952e-05
0.0001029664812
9.669866674e-05
8.466814905e-05
8.415035074e-05
7.233769855e-05
9.95003305e-05
9.316921799e-05
9.251369946e-05
0.0001024736338
8.029624275e-05
9.015686327e-05
9.997015009e-05
9.900903522e-05
8.785543676e-05
9.210194406e-05
9.638082378e-05
9.037974181e-05
7.961822962e-05
9.8487551e-05
0.00010733277
8.688600608e-05
8.127560609e-05
8.512777715e-05
8.429313493e-05
8.337000435e-05
9.628878173e-05
8.615240541e-05
9.424567064e-05
8.875204233e-05
8.782673358e-05
9.117447712e-05
9.450807813e-05
9.342681923e-05
9.243397022e-05
8.721198154e-05
9.860664325e-05
8.527347104e-05
9.641213103e-05
9.527727275e-05
9.032927726e-05
9.313937711e-05
9.214277646e-05
9.10441375e-05
9.75787617e-05
8.899354142e-05
9.17168228e-05
9.061372218e-05
9.682927519e-05
8.857526245e-05
9.11523802e-05
8.658715287e-05
9.596932355e-05
8.8036013e-05
0.0001005339629
8.93853218e-05
9.830510442e-05
9.064135314e-05
8.652388419e-05
9.497601844e-05
8.46281805e-05
8.980093639e-05
9.8117977e-05
9.087969655e-05
8.999986087e-05
8.595777593e-05
8.807327152e-05
9.572540176e-05
9.48253873e-05
8.51824952e-05
8.43936967e-05
9.451884445e-05
9.916624957e-05
8.439378401e-05
9.442794091e-05
8.799841387e-05
8.722068075e-05
8.62171049e-05
9.323655536e-05
9.217439438e-05
9.138446421e-05
7.338223403e-05
0.0001039069827
9.15799213e-05
9.149031026e-05
9.131457389e-05
8.510081127e-05
7.880940618e-05
7.865233925e-05
9.6470505e-05
9.622794049e-05
0.000101818726
8.359576613e-05
8.913555281e-05
0.0001006598653
9.422192662e-05
8.210673673e-05
6.995089058e-05
8.123292564e-05
8.06948437e-05
9.748451766e-05
9.678713464e-05
0.0001019041817
9.550684647e-05
8.933964689e-05
7.200015232e-05
0.0001045387558
0.0001091024803
0.0001029188565
9.663286075e-05
0.000101240573
8.974401899e-05
9.42755922e-05
8.818402808e-05
9.260092683e-05
7.64047651e-05
9.089620191e-05
8.497545104e-05
0.0001089844213
9.31459257e-05
8.256968613e-05
7.68898459e-05
9.519539884e-05
8.475307535e-05
9.790975596e-05
8.300536439e-05
9.130305369e-05
0.0001038364309
9.383650667e-05
9.278699132e-05
9.182004217e-05
9.942876502e-05
8.982507077e-05
9.302763505e-05
0.0001004065965
8.684127405e-05
9.409668131e-05
9.704315818e-05
9.600460223e-05
9.092290509e-05
9.385998727e-05
9.274882376e-05
9.175660758e-05
9.066383105e-05
9.343397547e-05
8.862308421e-05
8.768174838e-05
8.662816996e-05
9.285613707e-05
9.173700405e-05
8.728380577e-05
8.967877092e-05
8.533306164e-05
9.778926755e-05
9.678223338e-05
9.231435122e-05
9.137373472e-05
9.671640743e-05
8.61680437e-05
0.0001008914295
8.428032168e-05
8.943195641e-05
8.855396342e-05
9.050618141e-05
8.962986071e-05
9.445985317e-05
9.648203467e-05
9.244242529e-05
9.157318862e-05
9.331433299e-05
9.525168417e-05
9.135981288e-05
9.601321895e-05
9.21775512e-05
9.403683914e-05
9.294400673e-05
8.685847217e-05
9.106137321e-05
9.284819343e-05
8.923926081e-05
9.100252718e-05
0.0001217106332
0.0001034031922
9.721193416e-05
9.711691948e-05
8.481456267e-05
0.0001028368525
0.0001025607802
9.031462299e-05
9.000544789e-05
0.0001077352287
8.344803346e-05
7.725208936e-05
9.462293387e-05
0.0001119642329
8.20512312e-05
8.755257199e-05
8.702370146e-05
9.239754188e-05
9.752388071e-05
9.131735996e-05
8.499922982e-05
0.0001014260686
9.506066553e-05
7.224981184e-05
0.0001047422378
7.667131253e-05
0.0001085988097
0.0001024444629
9.084567863e-05
9.547281377e-05
8.407994206e-05
8.863286401e-05
0.0001032760879
0.0001024247446
8.620250186e-05
0.0001005421726
7.961946556e-05
0.0001035664209
0.0001122549898
9.187470932e-05
9.090396189e-05
7.582093038e-05
9.375739744e-05
7.891343663e-05
0.0001010092114
9.545128906e-05
8.540667852e-05
0.0001023290591
0.0001011866411
6.965747445e-05
9.039444485e-05
9.3700299e-05
8.842130901e-05
9.581396939e-05
9.059150017e-05
9.369872433e-05
9.260796066e-05
9.161714979e-05
9.447824159e-05
9.346666176e-05
9.236153208e-05
9.137366204e-05
9.028668859e-05
9.676729544e-05
8.825569844e-05
9.459491569e-05
9.345932977e-05
9.958573198e-05
8.784507521e-05
9.040104512e-05
8.930996151e-05
9.178070847e-05
9.738784356e-05
9.306130688e-05
8.865251465e-05
9.099913549e-05
9.632034988e-05
0.0001048851443
0.0001036184673
9.637017173e-05
8.599475496e-05
0.0001003558469
9.314024813e-05
9.521374968e-05
9.701272192e-05
9.317501731e-05
9.206335315e-05
8.834766831e-05
9.574718901e-05
9.486041977e-05
9.098386703e-05
9.288614032e-05
9.449726242e-05
9.632464842e-05
8.991501003e-05
9.436282854e-05
9.068352437e-05
9.246305339e-05
9.394579935e-05
9.314109637e-05
8.478628727e-05
9.079787937e-05
7.860383663e-05
8.456764116e-05
8.440616104e-05
0.0001083619248
8.405590918e-05
0.0001018648566
9.554557252e-05
9.530579472e-05
9.491337206e-05
0.0001005394355
8.828651122e-05
0.0001172961936
7.582900439e-05
9.294678554e-05
8.661270876e-05
9.196160715e-05
8.564604269e-05
0.0001022497303
9.024191824e-05
0.0001009524211
9.461863407e-05
0.0001106373935
9.328347617e-05
9.267108794e-05
9.188480286e-05
9.124027287e-05
0.000101069732
8.975765e-05
8.36984192e-05
0.0001038015764
9.252944701e-05
8.66691941e-05
9.591247623e-05
0.000115106515
0.0001040355968
7.855724296e-05
9.232249588e-05
8.665509048e-05
8.574135996e-05
9.907863369e-05
9.334831244e-05
0.00010630007
8.685699113e-05
8.598674586e-05
0.000102941506
9.745868543e-05
9.637260739e-05
9.536916766e-05
9.85817375e-05
9.330156559e-05
8.804671291e-05
9.955660488e-05
9.431011326e-05
8.113401676e-05
8.820997023e-05
9.51997936e-05
9.408373076e-05
8.919842655e-05
9.197746139e-05
9.099389966e-05
8.99126708e-05
8.89537869e-05
9.15534855e-05
9.420451979e-05
9.307466809e-05
9.56339494e-05
9.098385675e-05
8.310461838e-05
8.894417317e-05
9.140481479e-05
9.030075683e-05
8.606077578e-05
9.483064285e-05
8.41541955e-05
7.993960238e-05
9.49611908e-05
9.694180897e-05
9.597727812e-05
0.000100937918
9.388937439e-05
9.276056315e-05
9.482550683e-05
9.368918843e-05
8.40953112e-05
8.309168557e-05
8.514849943e-05
9.81601435e-05
9.725095533e-05
9.061100253e-05
9.250544292e-05
9.410908475e-05
9.326427496e-05
9.217829872e-05
9.397418805e-05
9.288904963e-05
9.208109533e-05
9.355620981e-05
9.024815146e-05
8.437908062e-05
9.03618759e-05
9.026149857e-05
8.416190867e-05
9.000179321e-05
8.986899392e-05
7.170332756e-05
7.752423234e-05
0.0001010328334
9.485131787e-05
0.0001062696367
7.651761422e-05
8.201015872e-05
9.339249069e-05
9.288737551e-05
9.250833686e-05
9.195261852e-05
0.0001029709874
9.66114379e-05
0.0001017719381
7.298032398e-05
7.257118317e-05
9.972073532e-05
8.810080157e-05
8.739218908e-05
8.139286441e-05
9.146449815e-05
8.013842836e-05
0.0001112008293
9.46061612e-05
8.852786456e-05
9.300011023e-05
0.0001023490845
9.135621171e-05
8.040827591e-05
0.0001096117804
9.371050091e-05
7.820983679e-05
0.0001064293032
8.148133804e-05
9.010906649e-05
9.864610591e-05
0.00010223706
0.0001012372451
8.648202003e-05
9.462823931e-05
8.913026392e-05
8.821910201e-05
0.0001003234176
9.927929171e-05
9.816361262e-05
8.868320174e-05
8.767527736e-05
9.50062754e-05
9.799751136e-05
9.695251199e-05
9.183431308e-05
9.48024282e-05
9.369250093e-05
9.268981807e-05
9.159657166e-05
9.061728092e-05
8.9541739e-05
8.858696695e-05
9.117707263e-05
9.020897405e-05
8.91280383e-05
9.171455585e-05
9.758204783e-05
8.966199473e-05
8.858136895e-05
8.766043244e-05
9.992565737e-05
9.23034624e-05
9.11883522e-05
8.381199953e-05
8.598409827e-05
9.77279242e-05
9.031935769e-05
8.942063477e-05
9.138929796e-05
9.350819481e-05
8.940383337e-05
0.0001032942064
9.622444486e-05
8.952967114e-05
8.560730588e-05
8.480209694e-05
9.776028857e-05
9.685473365e-05
9.844492545e-05
9.212785339e-05
9.104625221e-05
9.022894128e-05
9.180015645e-05
9.098904861e-05
9.250678934e-05
9.170227996e-05
9.316983815e-05
9.736527055e-05
0.0001019705738
8.993003971e-05
0.0001018078092
9.572577233e-05
8.957254771e-05
7.751510788e-05
0.0001010961859
0.0001068304898
9.46382076e-05
8.850108273e-05
9.401470125e-05
8.787183363e-05
8.745349174e-05
9.295221711e-05
8.667270634e-05
0.0001150925066
9.724256194e-05
9.679583553e-05
7.353533305e-05
0.0001012985903
9.499371265e-05
8.890513279e-05
9.374679017e-05
9.865738459e-05
9.786585012e-05
8.642192985e-05
9.640378704e-05
9.041062068e-05
9.488366029e-05
8.371440758e-05
9.331387571e-05
9.258258464e-05
9.679720575e-05
8.589600346e-05
8.505455719e-05
9.424519984e-05
9.820761531e-05
9.733186222e-05
0.0001011464968
7.635285009e-05
9.443874655e-05
9.821733812e-05
9.716779736e-05
8.705452181e-05
9.970663143e-05
8.97352517e-05
8.874945679e-05
8.345050775e-05
8.252386106e-05
9.026170575e-05
8.924910489e-05
0.0001009245747
9.146443695e-05
9.049414335e-05
9.352175901e-05
8.850197973e-05
9.542850409e-05
9.440836624e-05
8.941682337e-05
9.230621871e-05
9.121882354e-05
9.776408084e-05
9.660500976e-05
9.925105489e-05
9.806804163e-05
8.983972685e-05
9.941590224e-05
8.431406858e-05
0.0001006556262
9.273148185e-05
0.0001017940528
8.058861276e-05
8.625105978e-05
9.192915002e-05
8.433202015e-05
9.631450987e-05
0.0001046665439
0.0001004722688
8.685232475e-05
0.0001013430255
8.495187256e-05
8.712170439e-05
9.79465599e-05
8.817979019e-05
9.873918441e-05
9.492004137e-05
9.662859846e-05
9.571963503e-05
8.901821992e-05
9.921777681e-05
9.259783299e-05
8.635607889e-05
9.067529828e-05
9.250430141e-05
9.1425104e-05
9.320643247e-05
9.212766234e-05
9.132656867e-05
9.027889751e-05
9.199246266e-05
8.954602493e-05
8.950231136e-05
0.0001072841269
7.740758282e-05
9.509053566e-05
7.714727869e-05
9.469857805e-05
0.0001004176518
0.000105964827
7.633863631e-05
8.187525277e-05
9.911911934e-05
9.284570585e-05
0.0001098628392
7.476501585e-05
0.000108826933
8.540269755e-05
9.067813955e-05
9.008556296e-05
0.0001008296253
8.899359441e-05
0.0001161505965
9.880609305e-05
0.0001091172716
8.65951953e-05
9.140519714e-05
9.063531964e-05
0.0001111782334
0.0001049513448
8.854648441e-05
9.805703597e-05
8.704830287e-05
9.129471714e-05
8.048429034e-05
9.464087001e-05
8.889099358e-05
8.310995541e-05
7.75241617e-05
8.152331324e-05
9.977664928e-05
8.932795226e-05
7.450840495e-05
0.0001013564199
0.0001049285732
0.0001037925932
9.381926207e-05
8.83718898e-05
8.746937681e-05
9.514980659e-05
8.560033484e-05
9.310583076e-05
8.793794863e-05
9.522189398e-05
9.011590739e-05
9.31325038e-05
8.813391066e-05
9.503320125e-05
9.010016807e-05
9.29197219e-05
9.192578133e-05
9.084417832e-05
8.987331946e-05
9.620973036e-05
8.786232878e-05
9.405079491e-05
9.305242977e-05
8.840331703e-05
9.096896904e-05
8.987704083e-05
8.893493019e-05
8.786456794e-05
9.698393039e-05
9.581457203e-05
8.828793762e-05
0.0001001441974
9.592602583e-05
8.84501654e-05
8.443185983e-05
9.57707267e-05
8.870032294e-05
9.669696399e-05
9.574714437e-05
8.277148389e-05
9.953451746e-05
9.25564847e-05
9.740218375e-05
8.774709996e-05
9.53333697e-05
9.142911415e-05
9.607189777e-05
9.493540313e-05
9.675724969e-05
9.561955223e-05
9.212894033e-05
9.105310367e-05
9.282723988e-05
9.175163025e-05
9.095392345e-05
9.490406572e-05
9.161585461e-05
0.0001010050092
9.5017208e-05
0.0001127086311
9.482027304e-05
0.000100556387
8.268930267e-05
0.0001001428091
8.230710774e-05
9.374791445e-05
8.76689318e-05
9.313288863e-05
9.28513473e-05
0.0001039632541
9.208400693e-05
0.000103038864
8.551637202e-05
0.0001020082064
7.897596121e-05
9.527434402e-05
8.921331773e-05
8.858512597e-05
0.0001046068826
8.19625292e-05
9.775782417e-05
9.697739056e-05
9.634328903e-05
0.0001008412065
8.43255724e-05
9.403259443e-05
8.814999365e-05
0.0001027579183
9.175868031e-05
9.593989935e-05
8.513648636e-05
8.9265279e-05
7.866713054e-05
0.0001022164404
9.648226628e-05
8.116923182e-05
0.0001040746334
9.362363323e-05
8.346076121e-05
8.257235286e-05
8.630893615e-05
8.986977248e-05
9.341993834e-05
8.799752177e-05
8.709927261e-05
8.613552085e-05
0.0001022882358
9.693025183e-05
9.173999947e-05
9.894804465e-05
9.789907644e-05
9.677893093e-05
8.776889041e-05
8.675439657e-05
9.362998919e-05
9.253809318e-05
9.154846701e-05
9.047259793e-05
9.696472599e-05
9.213237742e-05
9.479647365e-05
9.006617874e-05
9.267463641e-05
9.861080114e-05
9.408534556e-05
8.607121365e-05
9.538932508e-05
9.087628865e-05
8.660073616e-05
9.871982546e-05
9.770309951e-05
8.687200898e-05
8.917128555e-05
8.809522591e-05
9.343665005e-05
8.923265225e-05
9.139086345e-05
0.0001023285341
9.238300311e-05
8.832801499e-05
8.164072806e-05
8.930419817e-05
9.986439518e-05
9.867122187e-05
8.936490286e-05
8.830174491e-05
9.295134319e-05
8.644810925e-05
9.636708285e-05
9.523311406e-05
8.651337816e-05
9.068411833e-05
9.245112014e-05
9.137865535e-05
9.310053767e-05
8.954234918e-05
9.370832616e-05
8.870210458e-05
9.456954228e-05
9.446564278e-05
0.000100272287
0.000111858106
9.993645439e-05
0.0001055359399
0.0001053269781
8.164539244e-05
8.144145075e-05
8.111088702e-05
9.241819114e-05
7.473528898e-05
0.0001031129501
9.686354742e-05
9.079514108e-05
7.333268162e-05
0.0001010724909
8.925819563e-05
7.770357956e-05
8.818039004e-05
0.0001096100284
7.071138862e-05
8.65014824e-05
9.117589482e-05
7.459554942e-05
8.453744943e-05
0.0001101808877
9.361276121e-05
0.0001135679313
9.207178748e-05
9.13522028e-05
9.551691574e-05
7.977575768e-05
8.393678472e-05
0.0001027990432
9.207902012e-05
8.645670552e-05
9.508025045e-05
8.949454527e-05
0.0001025434634
7.848585151e-05
8.678752753e-05
8.594091212e-05
8.948838092e-05
7.973485671e-05
8.762631221e-05
9.106890158e-05
8.577427326e-05
8.488307574e-05
9.652599012e-05
9.135774127e-05
9.853754746e-05
9.343106234e-05
9.236363406e-05
8.740688128e-05
9.032515901e-05
8.54751279e-05
9.21595864e-05
9.117423744e-05
9.385838012e-05
9.656993047e-05
8.80881203e-05
9.07806765e-05
8.611379713e-05
9.939989052e-05
9.119789793e-05
9.717659201e-05
9.944100404e-05
8.821956226e-05
0.0001005683937
9.288803428e-05
9.504684532e-05
8.433676555e-05
8.972906536e-05
9.833033033e-05
8.774312368e-05
8.996102846e-05
0.0001041996886
8.495733262e-05
8.992926613e-05
8.607754998e-05
9.090764412e-05
9.583492516e-05
9.755497092e-05
8.241390355e-05
9.26605338e-05
9.735159053e-05
9.34445535e-05
9.25787118e-05
9.417291027e-05
9.331393752e-05
8.958035424e-05
9.399834861e-05
9.03181115e-05
9.207803604e-05
9.353671995e-05
9.272372905e-05
8.917856359e-05
9.332780914e-05
9.417182029e-05
8.236031569e-05
9.402294268e-05
9.393174401e-05
8.203602702e-05
7.021333152e-05
8.753580516e-05
9.318681605e-05
8.126493879e-05
9.84325886e-05
8.650074774e-05
9.198905761e-05
8.583373862e-05
0.0001026358487
0.0001020883468
8.472816678e-05
0.0001010712349
8.943000441e-05
0.0001055095946
8.839860127e-05
8.777933567e-05
9.27452968e-05
0.0001028798932
9.687451995e-05
8.54265932e-05
8.486910543e-05
9.993928736e-05
7.83492108e-05
8.8019068e-05
9.764610756e-05
8.657256964e-05
9.600205016e-05
9.50976455e-05
7.942614896e-05
8.84866173e-05
0.0001023514102
9.650525013e-05
0.0001004297427
0.0001041379277
9.379977848e-05
9.28224702e-05
8.734472176e-05
8.641851422e-05
9.008001399e-05
9.356572342e-05
8.82203835e-05
9.162113239e-05
9.932363858e-05
0.0001024992517
9.298182839e-05
9.612508646e-05
8.684326198e-05
9.404167377e-05
9.709083862e-05
9.198394026e-05
9.49612867e-05
8.995558897e-05
9.286434229e-05
9.178416341e-05
9.080305495e-05
9.721668929e-05
8.878000316e-05
9.138756271e-05
9.403044111e-05
9.291412059e-05
9.192817864e-05
8.733806715e-05
8.641638892e-05
9.221209272e-05
9.1245645e-05
9.348861515e-05
8.260422293e-05
9.466757719e-05
9.692332974e-05
9.894703155e-05
9.793845733e-05
8.739382483e-05
9.578234314e-05
8.547009092e-05
9.368558554e-05
8.658580109e-05
9.164779951e-05
9.346674373e-05
9.256095189e-05
8.573516494e-05
8.774673813e-05
9.508787176e-05
9.142267073e-05
8.759671111e-05
8.949702509e-05
9.647613108e-05
9.559611358e-05
9.446953314e-05
9.362151238e-05
9.252519144e-05
9.170795098e-05
9.064172915e-05
9.983779272e-05
8.881772197e-05
9.050430754e-05
8.787394265e-05
8.783132584e-05
8.773534924e-05
8.765033902e-05
8.748630577e-05
9.900567306e-05
8.712881379e-05
9.275371519e-05
0.0001039988756
9.22129484e-05
9.758080277e-05
9.72866341e-05
7.404638116e-05
9.648741194e-05
7.903749332e-05
9.558475288e-05
8.38409787e-05
8.902156e-05
8.29180195e-05
8.249699795e-05
0.0001092273911
7.603309182e-05
8.624554364e-05
8.572340163e-05
0.0001009897937
9.505077684e-05
8.902126132e-05
8.840103358e-05
9.278424196e-05
9.721466646e-05
0.0001014021526
9.558050988e-05
8.471550941e-05
0.0001037919633
9.789150948e-05
8.734942169e-05
9.128439869e-05
0.0001047588552
9.897819423e-05
0.000107407976
9.242700861e-05
8.697315094e-05
9.05817112e-05
9.418411583e-05
9.317198877e-05
9.224210574e-05
8.689320998e-05
7.740676483e-05
8.931383242e-05
9.680439733e-05
9.156543401e-05
9.883931187e-05
8.958279639e-05
9.669170364e-05
9.160735542e-05
9.457281655e-05
9.348420608e-05
9.248619545e-05
9.141178666e-05
9.420300257e-05
9.682386371e-05
9.210567891e-05
9.101965309e-05
9.005004691e-05
9.61005914e-05
9.508095794e-05
9.046821263e-05
9.295641079e-05
9.184414175e-05
9.088159597e-05
8.979079896e-05
9.543939536e-05
8.453704896e-05
8.688428444e-05
8.901679762e-05
8.496263791e-05
9.948262403e-05
9.232498641e-05
9.425259881e-05
9.632437116e-05
9.516437935e-05
7.950591449e-05
8.727777993e-05
8.931293752e-05
8.53951331e-05
8.739863919e-05
9.192473854e-05
9.657836969e-05
8.724839935e-05
8.914109543e-05
9.075335181e-05
9.257036884e-05
8.886496525e-05
9.324768553e-05
9.215474421e-05
9.134082894e-05
9.027770538e-05
9.446511276e-05
8.845978871e-05
8.770355174e-05
9.329667605e-05
9.325150207e-05
9.897174198e-05
7.561101649e-05
8.708066511e-05
0.0001043436219
0.0001156341193
8.655433268e-05
9.776769258e-05
0.0001089975663
9.141797547e-05
9.68390511e-05
9.638564297e-05
9.604506028e-05
8.429600502e-05
8.395435863e-05
9.458735726e-05
0.0001107710369
9.905090926e-05
7.664880169e-05
9.78615816e-05
9.731676033e-05
0.0001019574272
8.000586269e-05
8.995644714e-05
8.937052223e-05
0.0001042666933
0.0001035409282
8.211151797e-05
0.0001069751287
0.0001060060533
9.516265533e-05
9.923163284e-05
0.0001033410582
8.772142267e-05
0.0001014677383
7.654080753e-05
8.534412624e-05
8.916939027e-05
9.300012462e-05
9.203490237e-05
8.204658451e-05
8.117983163e-05
8.932150882e-05
9.278155398e-05
0.0001049783626
9.518436364e-05
8.99321373e-05
8.894390948e-05
7.963797269e-05
8.704334496e-05
9.022984402e-05
8.921572056e-05
9.629583686e-05
9.520053026e-05
8.633855246e-05
8.922544793e-05
9.211111578e-05
9.104241924e-05
9.382258701e-05
8.901618458e-05
8.806578483e-05
9.428088162e-05
8.968912467e-05
9.217147966e-05
9.119364963e-05
9.70390952e-05
8.915698106e-05
8.470288477e-05
9.387304924e-05
9.605950206e-05
9.506091792e-05
9.391804947e-05
9.936110506e-05
9.499809372e-05
8.149239344e-05
8.980005817e-05
8.582960109e-05
9.085215235e-05
9.594406801e-05
8.590234457e-05
9.679028309e-05
8.113768101e-05
8.896026037e-05
9.072830698e-05
9.266963258e-05
9.156120566e-05
9.619634707e-05
9.233427454e-05
9.147853065e-05
8.77346137e-05
8.956863896e-05
8.851153854e-05
9.029692015e-05
9.178725151e-05
9.350376322e-05
8.99165938e-05
9.161138447e-05
9.299943595e-05
9.705744913e-05
0.0001044733222
9.862154959e-05
7.533450685e-05
8.68403818e-05
9.245735328e-05
9.232194808e-05
8.057100808e-05
8.041204473e-05
9.15937814e-05
9.136580936e-05
0.0001023739538
7.371425757e-05
9.594546047e-05
8.998281983e-05
8.950666985e-05
8.914424614e-05
9.415885656e-05
9.372924771e-05
8.764823104e-05
9.265430336e-05
9.201012683e-05
0.0001130274048
9.081790998e-05
9.026914335e-05
7.902104221e-05
9.420819787e-05
9.342592898e-05
8.762199224e-05
9.707971854e-05
8.621963528e-05
0.0001005180108
8.976167848e-05
0.0001037418041
9.309462024e-05
8.73437668e-05
7.697645702e-05
9.526671025e-05
9.914286967e-05
9.813668207e-05
8.334484996e-05
8.706380353e-05
9.07783299e-05
9.880323348e-05
9.784172893e-05
9.239437776e-05
0.0001001849843
9.909811347e-05
8.529475832e-05
9.279499242e-05
9.18324257e-05
9.494211058e-05
9.394458913e-05
9.289035168e-05
9.190723173e-05
9.481394201e-05
8.59882227e-05
9.272849133e-05
9.17390661e-05
9.067602481e-05
9.344523153e-05
9.604766001e-05
8.771296772e-05
9.029264969e-05
9.290432742e-05
8.474270151e-05
9.083076941e-05
9.32020386e-05
8.88032113e-05
9.449168233e-05
8.682280509e-05
9.568005643e-05
9.468543043e-05
9.354771883e-05
9.577673658e-05
9.462401654e-05
9.053739902e-05
9.561553396e-05
8.549189345e-05
9.954443784e-05
8.959383378e-05
9.441616166e-05
9.348818186e-05
9.236414835e-05
7.717676302e-05
8.47230973e-05
9.510201608e-05
8.843688414e-05
9.307969664e-05
9.197002152e-05
9.379752061e-05
9.268408831e-05
9.183855669e-05
9.334684793e-05
9.250891692e-05
9.142267812e-05
9.061533273e-05
9.453382403e-05
9.124651001e-05
9.019007743e-05
9.183615007e-05
8.088294163e-05
9.239303166e-05
8.652456734e-05
9.79664563e-05
9.778464024e-05
9.189794079e-05
9.165891691e-05
0.0001029130148
7.407950863e-05
8.526379688e-05
8.492248701e-05
8.466717134e-05
0.0001011274732
9.51724143e-05
7.796364296e-05
7.76482529e-05
8.822044306e-05
8.232966521e-05
8.180135054e-05
9.223882174e-05
0.000107763684
8.03736639e-05
0.0001116883416
7.929579066e-05
8.391665296e-05
0.0001042138727
0.0001033505251
0.0001026324683
8.648145635e-05
0.0001009925467
9.507761168e-05
7.944236781e-05
8.361918576e-05
0.0001073295144
0.0001014642402
7.664700541e-05
9.011785321e-05
8.461817958e-05
8.376108786e-05
9.682468927e-05
9.582361594e-05
0.0001039565714
8.944559625e-05
7.528932012e-05
8.324752237e-05
9.109360342e-05
9.010708503e-05
9.343707012e-05
8.821318102e-05
8.314143674e-05
9.455422927e-05
9.356113377e-05
9.251281675e-05
8.755426962e-05
8.656127403e-05
8.564072447e-05
9.235519734e-05
9.137000985e-05
9.031256763e-05
9.307089934e-05
9.198481388e-05
9.100308989e-05
8.993348577e-05
9.253492631e-05
9.144061612e-05
8.699112088e-05
9.283360015e-05
9.525625623e-05
9.411909535e-05
8.980667238e-05
8.873093487e-05
9.106072871e-05
9.639341094e-05
8.268047117e-05
8.482758646e-05
9.951144223e-05
9.216857594e-05
9.428077928e-05
9.614990139e-05
9.519240008e-05
9.110749612e-05
9.312201057e-05
9.200237477e-05
9.680479611e-05
9.564316778e-05
9.194302317e-05
8.258427105e-05
8.998750894e-05
9.430300263e-05
9.609828281e-05
8.968151763e-05
9.40906003e-05
8.781305229e-05
9.214390505e-05
9.10609894e-05
9.276402516e-05
8.920296855e-05
9.08845305e-05
8.740309171e-05
9.628490107e-05
8.05122835e-05
9.771780262e-05
9.76121478e-05
9.178160724e-05
9.73374702e-05
9.147781037e-05
7.98354693e-05
8.536953293e-05
9.643206899e-05
9.053409358e-05
8.453687983e-05
8.990181255e-05
0.0001006698154
8.916895147e-05
7.761214804e-05
0.000104905067
9.331339777e-05
9.28884483e-05
0.0001031519898
9.722864086e-05
9.119179136e-05
0.0001013544449
9.001440391e-05
8.4208491e-05
8.876918838e-05
8.300482288e-05
9.260860695e-05
9.707498072e-05
0.0001013004834
0.0001005540691
8.470178058e-05
9.887445158e-05
9.79529684e-05
8.743846889e-05
8.659812702e-05
9.540045228e-05
8.501267576e-05
8.894091888e-05
8.340802144e-05
8.723459105e-05
9.087829417e-05
9.902078706e-05
8.016587827e-05
0.0001014385136
8.726632301e-05
9.935682225e-05
8.119003973e-05
9.305308821e-05
8.366885801e-05
7.86615678e-05
9.007517813e-05
9.723213495e-05
9.614435294e-05
8.720016181e-05
9.405010872e-05
9.305020753e-05
9.198489681e-05
9.479574068e-05
8.99520125e-05
9.269955426e-05
9.528380244e-05
9.064140312e-05
0.000100326428
8.862351073e-05
9.107951365e-05
9.011360447e-05
8.561857702e-05
8.81040279e-05
8.370485277e-05
9.608021466e-05
9.493008781e-05
8.746443745e-05
8.641466431e-05
9.819487089e-05
9.701411893e-05
8.673228391e-05
8.262793845e-05
0.0001030010431
8.978888678e-05
9.778412073e-05
9.953459382e-05
8.696127797e-05
8.305185313e-05
9.642701062e-05
8.686360824e-05
9.15839747e-05
9.048765663e-05
8.69194971e-05
9.393389532e-05
9.306313772e-05
9.458454032e-05
9.372160225e-05
9.261309915e-05
9.178176231e-05
9.070215125e-05
8.990127055e-05
9.625458582e-05
9.297204438e-05
9.431115119e-05
9.59032207e-05
9.159429378e-05
0.000114437779
8.5735776e-05
7.994292098e-05
0.0001082937092
9.106150389e-05
7.947271312e-05
0.0001076435817
0.0001016416946
0.0001070221174
0.0001009857104
7.830871874e-05
8.351356775e-05
8.321954375e-05
8.278265173e-05
0.0001044346198
9.28963365e-05
9.247368013e-05
0.0001026930559
9.141893779e-05
0.0001068094802
0.0001062171032
9.488960377e-05
9.431785426e-05
0.0001091757502
9.813708031e-05
8.708276939e-05
8.139184893e-05
8.573262158e-05
0.0001051253517
9.425931679e-05
8.86046631e-05
9.753403846e-05
9.673899637e-05
0.0001006017377
8.549605183e-05
9.405955816e-05
9.788855852e-05
0.0001015152343
8.229693062e-05
9.049919123e-05
9.860831875e-05
8.870388793e-05
8.784218506e-05
9.559733075e-05
9.894785449e-05
9.362432347e-05
8.845987438e-05
9.582715782e-05
9.07110929e-05
9.78656323e-05
8.876860151e-05
8.777701485e-05
9.079658438e-05
9.367278872e-05
9.267718512e-05
9.161755388e-05
9.06407343e-05
9.332742169e-05
9.233116067e-05
8.760591856e-05
9.389388318e-05
8.565471583e-05
9.180486732e-05
9.072125199e-05
8.630697321e-05
8.528277182e-05
8.775854872e-05
9.004757197e-05
9.240422355e-05
9.782016738e-05
8.712300179e-05
9.564211569e-05
8.203602716e-05
0.0001028711803
9.565127982e-05
8.840346714e-05
9.656517664e-05
8.943997395e-05
9.740405647e-05
9.331563835e-05
9.52856503e-05
9.128726355e-05
9.322709873e-05
8.652579979e-05
8.293429053e-05
9.286675466e-05
9.199235081e-05
8.554758049e-05
9.534882015e-05
9.421508854e-05
9.076227914e-05
9.225053353e-05
9.396196764e-05
9.03461301e-05
9.452335659e-05
9.341728049e-05
9.260612285e-05
8.912122326e-05
9.313644054e-05
8.547971384e-05
7.974273896e-05
0.0001081058821
9.094886427e-05
8.510760741e-05
0.0001076456512
9.041512984e-05
7.895768873e-05
8.994046481e-05
0.0001009320566
9.494622e-05
8.352487267e-05
9.42242145e-05
0.0001049389873
9.889531894e-05
8.755231433e-05
9.248298673e-05
0.0001028934936
7.533340136e-05
9.636822785e-05
0.0001063386871
0.0001004619977
8.39764622e-05
8.347093854e-05
0.0001035234604
8.742445837e-05
8.670515792e-05
9.116935235e-05
9.038440196e-05
9.968843805e-05
9.385542877e-05
9.802843476e-05
9.226274282e-05
9.151128302e-05
9.06353942e-05
8.986448565e-05
9.366394384e-05
9.747747807e-05
9.649586722e-05
0.0001047183044
9.462939994e-05
8.034485926e-05
9.717139032e-05
8.747997888e-05
9.953245176e-05
9.425779448e-05
8.900398595e-05
0.0001006849256
9.128881872e-05
9.444989314e-05
9.340937114e-05
9.242932236e-05
9.139840317e-05
9.436414935e-05
9.329848416e-05
9.230714154e-05
9.125313326e-05
9.028044474e-05
9.667609305e-05
8.828705619e-05
9.089615268e-05
9.352365006e-05
8.887293593e-05
9.144414073e-05
9.731701293e-05
9.9723946e-05
8.834757408e-05
9.077791333e-05
9.634085642e-05
8.546958755e-05
9.419178469e-05
9.964114319e-05
8.891945323e-05
9.114650679e-05
9.315671133e-05
9.528042915e-05
9.41342586e-05
9.017917093e-05
9.503334648e-05
9.702693521e-05
9.295447642e-05
9.491677317e-05
9.377554373e-05
9.568021711e-05
9.731197744e-05
9.362798975e-05
8.978583467e-05
9.433068827e-05
9.054130214e-05
9.497845555e-05
9.384851173e-05
9.299222125e-05
9.189079561e-05
9.106594996e-05
9.499249806e-05
8.919837421e-05
9.549964634e-05
9.467051965e-05
9.116975017e-05
9.039142327e-05
8.509330267e-05
9.639281761e-05
9.062531903e-05
0.0001018554006
8.472367671e-05
8.460014609e-05
8.438250154e-05
9.544562899e-05
0.0001007284723
8.931452953e-05
8.896083949e-05
8.869432035e-05
9.380350957e-05
9.897230692e-05
9.845540467e-05
8.716317583e-05
9.748937554e-05
7.548071807e-05
9.107287517e-05
8.528329491e-05
8.999122228e-05
7.896445421e-05
7.838422437e-05
7.791279952e-05
7.730546525e-05
9.216568772e-05
8.633080713e-05
9.077629332e-05
9.49962488e-05
0.0001042242468
0.0001082110378
8.784974917e-05
9.187149572e-05
7.673585553e-05
8.550323583e-05
8.948634812e-05
9.793522566e-05
0.0001063145821
0.0001052460296
8.614688225e-05
8.97503955e-05
8.001295012e-05
8.357566039e-05
8.276471008e-05
9.48157848e-05
9.813993676e-05
9.286332392e-05
9.191984766e-05
9.505260611e-05
9.81585037e-05
8.89889362e-05
9.205811259e-05
8.70749234e-05
9.398707457e-05
9.292715904e-05
9.194004124e-05
9.089160021e-05
9.366980009e-05
8.888741604e-05
9.160308834e-05
8.691741079e-05
0.0001003221964
9.560695255e-05
8.7582921e-05
9.0013118e-05
9.590952294e-05
9.815804268e-05
8.707565541e-05
8.934847126e-05
0.0001015105118
9.382692298e-05
9.605340633e-05
0.0001012292705
8.453238044e-05
9.589020016e-05
8.878905961e-05
8.772133601e-05
9.581994146e-05
8.283353927e-05
9.372385251e-05
8.391521503e-05
9.16855671e-05
9.058318334e-05
8.970460363e-05
8.585800436e-05
9.600973031e-05
8.943899042e-05
9.128145814e-05
9.019103128e-05
8.935479275e-05
9.348477645e-05
9.263177151e-05
9.153385244e-05
9.5751782e-05
9.213247401e-05
9.131911593e-05
9.02483129e-05
9.188285351e-05
8.842261807e-05
9.240671925e-05
0.0001072998011
9.031445162e-05
9.021780394e-05
8.449790301e-05
7.872031475e-05
8.983501309e-05
9.520480622e-05
9.501793225e-05
8.913598875e-05
8.335807227e-05
9.409935758e-05
9.933637373e-05
9.338654478e-05
8.211055986e-05
8.712834381e-05
7.593029604e-05
7.549065608e-05
8.588358239e-05
8.533931247e-05
9.021608119e-05
8.959802672e-05
9.43438072e-05
8.324640373e-05
8.791783093e-05
9.236550026e-05
0.0001019641864
0.0001011290294
0.0001004295655
0.0001045471078
8.895382519e-05
9.795573485e-05
7.775741837e-05
8.185370516e-05
0.0001050669527
9.460488753e-05
9.380145217e-05
9.288261563e-05
0.0001058718354
9.569586465e-05
9.030559519e-05
8.938062518e-05
8.853752441e-05
9.199481162e-05
9.544089972e-05
9.013752148e-05
9.349130073e-05
9.248744455e-05
9.154820983e-05
9.878609402e-05
9.776379723e-05
9.669016817e-05
9.567638875e-05
8.67280727e-05
9.361300135e-05
9.255877794e-05
9.157584926e-05
9.053292055e-05
8.956839058e-05
9.222721708e-05
8.75936075e-05
9.739934925e-05
8.922295622e-05
8.817969058e-05
9.422078428e-05
8.621459658e-05
9.21247489e-05
9.777753355e-05
9.341034635e-05
8.570656934e-05
9.133241909e-05
9.346487702e-05
9.568278226e-05
9.138564843e-05
9.044428525e-05
9.552132529e-05
8.234763829e-05
9.039745119e-05
9.843448392e-05
9.43032727e-05
9.044615051e-05
8.935796019e-05
9.704168853e-05
9.869475045e-05
8.935990777e-05
9.932278907e-05
9.017539209e-05
9.179465849e-05
9.627894649e-05
9.248591482e-05
9.162833893e-05
9.053707619e-05
8.971093569e-05
9.117967158e-05
9.036121654e-05
9.921626754e-05
9.342340518e-05
8.989715143e-05
9.393400319e-05
9.521881796e-05
9.204612988e-05
8.433086706e-05
7.867116972e-05
9.542730847e-05
9.533568414e-05
7.83683732e-05
8.943349195e-05
0.0001115058082
7.790098357e-05
8.873912344e-05
9.958452549e-05
7.163884485e-05
9.889558397e-05
9.844228638e-05
8.174743767e-05
9.216570188e-05
0.000102594282
8.052769189e-05
9.085099821e-05
0.0001008974431
0.0001003894421
9.445579642e-05
8.871531522e-05
8.288611402e-05
8.75378031e-05
9.707722258e-05
9.137326908e-05
0.0001006961413
9.500027017e-05
7.931594758e-05
8.857582179e-05
9.266426837e-05
0.0001016255221
8.150951747e-05
8.560295944e-05
8.949903665e-05
8.87395403e-05
9.712166048e-05
9.626469484e-05
9.530081717e-05
8.993335594e-05
9.791527818e-05
9.258350644e-05
9.16196106e-05
9.9372723e-05
9.404691412e-05
8.464791792e-05
9.211459578e-05
8.289051364e-05
9.019088923e-05
8.9257898e-05
8.82792136e-05
9.52952001e-05
9.423706287e-05
8.935681506e-05
9.219330596e-05
9.121453115e-05
9.017706063e-05
9.293391563e-05
9.554087302e-05
9.088640853e-05
9.701959589e-05
8.887525411e-05
8.783710784e-05
8.342655834e-05
9.962164012e-05
9.856573488e-05
9.068272428e-05
9.637292035e-05
9.194385107e-05
8.448203676e-05
9.310561434e-05
9.849217422e-05
8.475670776e-05
8.699041595e-05
8.901622739e-05
9.418493271e-05
8.704965107e-05
9.211467952e-05
9.687812702e-05
9.009998904e-05
9.763054514e-05
9.667032622e-05
8.708082209e-05
8.623604296e-05
8.794883913e-05
9.527423246e-05
9.413226611e-05
8.791730755e-05
9.213086806e-05
9.388442622e-05
9.276569936e-05
9.191919044e-05
9.082822109e-05
9.251328338e-05
9.142038349e-05
9.061341049e-05
9.438918308e-05
9.117079433e-05
9.48485191e-05
9.168834376e-05
9.514871663e-05
7.272604044e-05
8.382531619e-05
0.0001060768856
9.473804268e-05
0.0001001649871
7.215676228e-05
8.309464925e-05
8.834577644e-05
9.36353473e-05
9.875379028e-05
0.0001093985431
9.256363787e-05
9.766501564e-05
8.636340884e-05
9.676827248e-05
7.483060039e-05
8.513335246e-05
8.988374987e-05
8.943160915e-05
8.359703922e-05
8.833149597e-05
8.768698763e-05
9.228816687e-05
0.0001068359814
7.581845638e-05
9.525359628e-05
7.965972603e-05
8.885230759e-05
0.0001078012435
8.256086283e-05
9.15601487e-05
9.549201438e-05
8.050922932e-05
8.443568517e-05
8.371969704e-05
9.211421499e-05
9.586711231e-05
8.587006382e-05
8.956417283e-05
9.308265805e-05
9.659646932e-05
9.124745766e-05
9.466659368e-05
8.515194185e-05
9.273717251e-05
8.75745256e-05
9.081387719e-05
9.799719064e-05
9.29428383e-05
9.592208802e-05
9.491703681e-05
9.38646497e-05
8.90039791e-05
9.18307088e-05
9.085605305e-05
8.982398734e-05
8.886748066e-05
9.516836784e-05
9.053225758e-05
8.948406695e-05
9.207146153e-05
9.099706378e-05
9.695446234e-05
8.897140493e-05
8.802848687e-05
9.367959754e-05
0.0001026231306
9.159104823e-05
9.063159007e-05
8.635261311e-05
9.178504714e-05
8.443272158e-05
0.0001052274222
9.479202458e-05
9.38253439e-05
8.671765122e-05
8.880319619e-05
9.065982036e-05
9.265183708e-05
9.725844373e-05
9.346938962e-05
9.514389387e-05
9.144960262e-05
9.308916746e-05
8.948722503e-05
9.645202021e-05
9.554345367e-05
8.915629296e-05
9.352532916e-05
9.241029323e-05
9.156699537e-05
9.047946952e-05
9.71395824e-05
9.106845014e-05
9.026463225e-05
8.920296353e-05
9.081888742e-05
8.739500752e-05
8.899144811e-05
9.472623602e-05
0.0001169589715
8.345339593e-05
9.448987986e-05
8.322197911e-05
7.20209116e-05
8.841550511e-05
9.375753534e-05
8.795590117e-05
9.322231894e-05
9.831919297e-05
9.802563683e-05
8.673656381e-05
0.0001026389423
0.0001021083229
8.56406092e-05
7.982665941e-05
8.476313131e-05
8.949424542e-05
9.428237682e-05
9.364107075e-05
9.31245708e-05
9.758258723e-05
9.699781541e-05
9.624858127e-05
9.059436034e-05
0.0001098255277
6.940684693e-05
8.356195629e-05
9.27087811e-05
0.0001063952627
9.11766364e-05
8.558444472e-05
8.017403374e-05
9.342859373e-05
8.800509427e-05
9.173476266e-05
7.728750507e-05
9.001945427e-05
8.919800838e-05
9.711830964e-05
0.0001005768156
9.087831581e-05
0.0001028554179
9.329041284e-05
8.816625905e-05
8.72243062e-05
9.045111093e-05
9.35404684e-05
9.659849671e-05
9.156166399e-05
9.060261873e-05
8.959953639e-05
9.250843682e-05
9.147095266e-05
9.427123082e-05
8.947366806e-05
9.589788363e-05
9.844486211e-05
9.739532438e-05
8.913787429e-05
8.818791699e-05
8.367347185e-05
0.0001000301576
8.862950471e-05
9.106301693e-05
8.998774434e-05
8.574126379e-05
9.449954766e-05
9.995860703e-05
8.283717576e-05
9.45878744e-05
8.411120288e-05
9.866042393e-05
9.747771301e-05
8.442315261e-05
8.043036907e-05
9.436345439e-05
8.740214516e-05
8.653118209e-05
9.688916795e-05
8.464946796e-05
8.920711053e-05
8.282018742e-05
9.273540274e-05
9.184849152e-05
8.807800296e-05
9.517990515e-05
9.404114423e-05
9.058094173e-05
9.205759999e-05
9.121748891e-05
9.013338589e-05
9.180556471e-05
8.826734531e-05
9.234875916e-05
9.60647292e-05
8.570812423e-05
9.882231984e-05
9.564674645e-05
9.430749063e-05
8.871773456e-05
0.0001052406978
7.747153709e-05
9.390214729e-05
9.376581517e-05
8.802614713e-05
0.0001043265423
9.304254261e-05
8.189375148e-05
9.788840408e-05
9.21743566e-05
9.175510693e-05
9.143403423e-05
9.09625251e-05
9.592677306e-05
0.0001006755539
8.439611619e-05
9.959140832e-05
9.387599529e-05
8.287907184e-05
8.757373537e-05
8.182371703e-05
9.150054294e-05
8.070698355e-05
9.522152382e-05
8.450651652e-05
8.392405431e-05
7.831606619e-05
9.717871617e-05
9.150296414e-05
0.0001146900928
9.469894753e-05
7.044848623e-05
7.908652391e-05
9.225516991e-05
9.13584237e-05
9.960941976e-05
9.861762443e-05
8.883482572e-05
8.793151887e-05
9.581452959e-05
9.051214866e-05
8.963635259e-05
8.869322109e-05
9.199511298e-05
9.101387091e-05
9.418628733e-05
9.316992161e-05
8.819819437e-05
9.120085977e-05
9.416964342e-05
9.312858451e-05
9.214601841e-05
9.111400428e-05
9.014748395e-05
9.283965698e-05
8.817745538e-05
8.71680039e-05
8.623888476e-05
9.234612399e-05
8.784821983e-05
9.72441647e-05
0.0001030822391
8.829022216e-05
8.735472668e-05
9.296439061e-05
9.198434191e-05
9.41396998e-05
7.709265824e-05
9.204420871e-05
9.108750405e-05
9.310235951e-05
9.828613563e-05
9.407377584e-05
9.311434109e-05
8.902881862e-05
9.400622486e-05
7.836435093e-05
9.769759874e-05
8.232817313e-05
9.838407295e-05
8.88696002e-05
9.900811536e-05
8.966713086e-05
9.419187466e-05
9.572094922e-05
9.481911279e-05
9.368423747e-05
9.28153135e-05
9.170758869e-05
9.087064041e-05
9.228410471e-05
9.145575039e-05
8.793014613e-05
9.199601689e-05
9.330424776e-05
8.537983678e-05
9.375470401e-05
9.760313417e-05
8.836934696e-05
9.384779674e-05
9.374861849e-05
8.264025116e-05
8.249091774e-05
9.335408612e-05
8.764020337e-05
8.746887954e-05
8.17372346e-05
9.240709791e-05
9.204685298e-05
9.177248023e-05
9.135611523e-05
8.568160825e-05
8.524086283e-05
9.551148787e-05
0.0001002411212
8.928428224e-05
8.350614289e-05
0.0001090519523
9.799807298e-05
9.7458499e-05
9.166006248e-05
9.111175097e-05
9.543396662e-05
8.48381401e-05
9.405097393e-05
8.848731763e-05
8.773689498e-05
9.193403044e-05
7.673457198e-05
9.993697747e-05
8.959196685e-05
8.886629352e-05
8.802748934e-05
0.0001010641855
9.098515997e-05
9.920305813e-05
8.482388388e-05
9.289831799e-05
9.195538226e-05
9.542828788e-05
9.014892039e-05
8.077453462e-05
8.413271349e-05
9.579345146e-05
9.477336641e-05
9.381303162e-05
9.280229897e-05
9.58369412e-05
9.47925787e-05
9.380034324e-05
9.276486404e-05
9.178642861e-05
9.075983092e-05
9.353888312e-05
8.878116366e-05
9.149629746e-05
0.0001013040852
8.948617334e-05
9.552974038e-05
9.451202001e-05
8.649298861e-05
0.000102688043
8.79535273e-05
9.371567639e-05
8.268827394e-05
8.508928803e-05
9.378258209e-05
8.960028356e-05
8.220999555e-05
9.38717517e-05
8.965882308e-05
8.261550828e-05
9.06955333e-05
9.874756638e-05
0.0001005188597
9.950492045e-05
9.541768406e-05
8.874144066e-05
8.484614604e-05
8.401135704e-05
9.683475609e-05
8.49355582e-05
9.744975411e-05
8.847444542e-05
8.741292448e-05
9.446104537e-05
9.333002955e-05
9.246433305e-05
9.136022885e-05
9.052641965e-05
8.944910095e-05
9.110859181e-05
9.246193089e-05
9.164595908e-05
8.81815535e-05
8.977927986e-05
9.339568379e-05
9.259957737e-05
8.248324334e-05
9.343663507e-05
8.784765535e-05
8.227847941e-05
8.760552799e-05
9.294595709e-05
0.0001036184346
0.0001088589866
0.0001030828994
0.0001028289063
9.164705006e-05
9.137409298e-05
9.096057849e-05
8.531089082e-05
9.017770875e-05
9.509978287e-05
9.455724158e-05
0.0001045894236
9.87393417e-05
9.307365206e-05
9.244499836e-05
9.704402585e-05
0.0001064837216
8.064555469e-05
8.502846021e-05
8.945058207e-05
9.858612615e-05
8.322160887e-05
9.222524858e-05
8.191449171e-05
7.641667229e-05
9.004513701e-05
7.983110335e-05
8.850086807e-05
8.766713258e-05
9.60760394e-05
8.155344053e-05
8.981818053e-05
8.448079917e-05
9.252312428e-05
9.158566676e-05
8.208444571e-05
8.123730093e-05
9.73893926e-05
8.798828979e-05
8.711643314e-05
8.619025553e-05
9.344272262e-05
9.2437566e-05
9.546064869e-05
9.442196372e-05
9.343392828e-05
9.24039736e-05
9.142963441e-05
9.040840034e-05
8.944988131e-05
8.843891582e-05
9.478956843e-05
0.0001009151751
9.627425653e-05
9.163979135e-05
8.717661651e-05
8.960989636e-05
9.547706023e-05
9.43593438e-05
9.002547892e-05
8.896502081e-05
8.802727368e-05
9.342816359e-05
8.926171072e-05
9.449994624e-05
8.728322524e-05
9.856139008e-05
9.449770157e-05
9.336632973e-05
8.347073959e-05
9.425058833e-05
9.038419961e-05
8.641766142e-05
9.411193455e-05
9.016280108e-05
9.206548529e-05
8.544586547e-05
9.007567453e-05
9.169005958e-05
8.814192739e-05
9.236196411e-05
9.410567213e-05
9.297848997e-05
9.211599706e-05
9.354369854e-05
9.018479689e-05
9.406144225e-05
8.831097616e-05
8.9687402e-05
9.610374234e-05
9.022048504e-05
9.17916449e-05
8.838743258e-05
8.53280144e-05
9.307317693e-05
9.302906042e-05
8.74646853e-05
0.0001146878058
0.0001035786121
8.709777043e-05
9.230827921e-05
9.754741767e-05
8.643021406e-05
0.0001023831892
0.0001127214593
8.027572024e-05
9.056845203e-05
9.556128847e-05
0.0001003539287
9.469161198e-05
9.415270177e-05
8.331389592e-05
9.314408138e-05
0.0001132726243
8.182494997e-05
0.0001068049645
9.59359994e-05
7.528666294e-05
9.961371103e-05
9.402436451e-05
8.344848663e-05
7.799979048e-05
9.667635074e-05
7.677652325e-05
9.037040746e-05
0.0001038332676
9.35337426e-05
8.813843562e-05
9.650021039e-05
9.568493037e-05
9.024770863e-05
9.39274646e-05
0.0001018542636
9.215094902e-05
9.556267004e-05
8.175619831e-05
8.091388866e-05
0.0001012196755
9.181334338e-05
9.503602743e-05
9.811542727e-05
9.712207887e-05
8.807239795e-05
8.716335792e-05
9.405423547e-05
9.307036486e-05
9.204588028e-05
9.107560335e-05
9.005968082e-05
8.910511317e-05
8.809929656e-05
9.805756268e-05
9.693890967e-05
8.525002707e-05
9.129066152e-05
9.031843706e-05
9.270313709e-05
8.832080981e-05
9.400222807e-05
9.632819044e-05
9.519438974e-05
9.419105492e-05
9.307641381e-05
9.527752177e-05
0.0001035593829
9.316639102e-05
7.97807568e-05
8.806948218e-05
8.7015512e-05
9.503774407e-05
9.683215913e-05
8.71411709e-05
9.470385124e-05
9.375982876e-05
9.543968703e-05
0.0001000593536
9.611024134e-05
9.517732309e-05
9.134682934e-05
8.248996614e-05
8.938683946e-05
9.114871381e-05
9.262958869e-05
9.177027575e-05
9.067334399e-05
8.984574282e-05
8.877512779e-05
9.042212179e-05
9.176348875e-05
9.095377523e-05
8.75135101e-05
8.675461148e-05
9.500297529e-05
8.959870628e-05
8.176666571e-05
8.172796415e-05
9.797066985e-05
8.700197946e-05
9.227384095e-05
0.0001084003669
8.109601327e-05
9.712543028e-05
9.143559094e-05
9.121065411e-05
0.0001122360734
7.993024027e-05
9.017969194e-05
9.515137193e-05
8.414712395e-05
9.428692987e-05
9.375160866e-05
8.295929733e-05
7.729084052e-05
0.0001025387862
9.675691765e-05
8.609655942e-05
9.553299853e-05
8.996494959e-05
9.423757533e-05
8.870397431e-05
8.799000663e-05
9.224033358e-05
9.627682218e-05
8.601715237e-05
9.473588754e-05
0.0001034072694
9.315168695e-05
7.853906908e-05
9.153178768e-05
9.529699271e-05
0.0001033659649
9.354891572e-05
7.057085383e-05
9.178175592e-05
9.518151602e-05
9.00022042e-05
9.331825828e-05
8.821648233e-05
9.145135548e-05
8.643032941e-05
8.551440245e-05
9.67417109e-05
9.570431359e-05
9.077032359e-05
8.978563701e-05
8.884671899e-05
9.169055168e-05
9.450448276e-05
8.971364109e-05
8.876299251e-05
9.507579867e-05
9.04469376e-05
0.0001001462449
9.200254709e-05
9.444203496e-05
9.343642049e-05
0.0001026139065
8.798689353e-05
9.364780525e-05
8.93468227e-05
9.483646902e-05
0.0001003084954
9.592479591e-05
9.175619023e-05
8.441324889e-05
8.662982618e-05
8.559667744e-05
8.471483713e-05
8.669077054e-05
9.172418047e-05
9.354774465e-05
8.971007694e-05
9.721004406e-05
8.491849805e-05
9.508406796e-05
8.307202742e-05
9.575203441e-05
8.669486192e-05
9.368281094e-05
8.748433371e-05
9.429155828e-05
9.080836282e-05
8.971987123e-05
9.142713981e-05
9.53523025e-05
9.945469842e-05
8.844193556e-05
9.495208936e-05
9.382395209e-05
8.822707398e-05
9.660848814e-05
9.109907758e-05
9.233493355e-05
9.154836779e-05
0.000113978236
9.222448601e-05
9.212796817e-05
8.662605059e-05
0.0001188977705
8.094944481e-05
8.074658235e-05
0.0001020796936
7.497616728e-05
9.081869481e-05
7.982489262e-05
8.48935693e-05
7.923022503e-05
0.0001000085658
8.902555225e-05
0.0001043174356
8.816758959e-05
8.777068593e-05
8.209535389e-05
8.679022025e-05
8.62080345e-05
0.0001109512013
0.0001001403887
9.954341222e-05
8.396695155e-05
9.815036081e-05
8.762583179e-05
9.669378279e-05
9.588058224e-05
9.994092009e-05
0.0001037830521
9.830362735e-05
0.0001020500137
0.0001012259413
0.0001002777945
8.135330399e-05
9.39982213e-05
7.986291932e-05
9.225410237e-05
8.27092703e-05
9.911263543e-05
9.818278347e-05
8.449971398e-05
9.205273057e-05
9.937332081e-05
9.83900735e-05
9.32928575e-05
9.234913103e-05
9.533255831e-05
8.255563256e-05
9.332730532e-05
9.235166049e-05
9.133795591e-05
9.037570323e-05
8.937025038e-05
9.579211304e-05
9.107064951e-05
9.370657867e-05
9.62030802e-05
9.517870307e-05
9.408494997e-05
8.274071748e-05
9.200453676e-05
9.439822283e-05
8.663204179e-05
9.890146356e-05
9.773920315e-05
8.70382765e-05
8.282416617e-05
9.771772672e-05
8.098370133e-05
8.630678146e-05
9.136929359e-05
9.645649933e-05
8.636844393e-05
9.433094399e-05
9.320023912e-05
9.802613758e-05
9.68491233e-05
8.460314781e-05
9.473108921e-05
9.655749605e-05
9.267087374e-05
9.447032304e-05
9.600143359e-05
8.98003907e-05
9.394085603e-05
9.047054412e-05
9.193958312e-05
9.108656032e-05
8.999671062e-05
9.165231535e-05
9.055876937e-05
9.217148438e-05
8.628207095e-05
9.264754698e-05
9.624529762e-05
9.54108879e-05
9.658601864e-05
8.892316719e-05
9.727491776e-05
0.0001026306181
9.712749501e-05
9.164419123e-05
9.148068244e-05
0.000102095397
8.576015979e-05
9.094274156e-05
9.065275232e-05
0.0001010689239
7.94840964e-05
9.509775023e-05
8.941209891e-05
0.0001048244437
8.864801481e-05
9.868162431e-05
9.812400938e-05
8.740027155e-05
9.196883278e-05
7.625784925e-05
8.584713726e-05
9.039864989e-05
8.975090797e-05
8.425985799e-05
0.000103294035
9.285693368e-05
0.0001018087689
8.666620311e-05
9.548759049e-05
9.479225883e-05
9.866191696e-05
9.3241522e-05
9.239686322e-05
9.1651298e-05
9.987390245e-05
0.0001035333811
8.916367678e-05
0.0001016390794
9.626247257e-05
9.105217397e-05
9.872045077e-05
9.354286631e-05
9.258401248e-05
9.169105845e-05
9.486023381e-05
9.392208627e-05
9.292992962e-05
9.19902667e-05
9.100685997e-05
9.398457108e-05
9.296803776e-05
9.199645477e-05
9.098806157e-05
9.378101217e-05
9.273904e-05
9.175684646e-05
9.435390338e-05
9.33510605e-05
9.583933869e-05
8.779540599e-05
9.720205712e-05
9.616740286e-05
0.0001052383065
9.068529335e-05
9.294691744e-05
8.8678322e-05
9.412864178e-05
9.634836755e-05
9.838424965e-05
8.793262571e-05
9.30955648e-05
8.598613708e-05
9.709908712e-05
8.708946139e-05
7.714693582e-05
9.104455073e-05
9.285530583e-05
9.191838512e-05
9.365290583e-05
8.990947312e-05
9.438072148e-05
9.070313001e-05
9.232804098e-05
9.412074727e-05
9.033238547e-05
9.209929642e-05
9.359275287e-05
9.271052184e-05
9.159842096e-05
9.326930075e-05
9.46433983e-05
8.88437063e-05
9.509824833e-05
0.0001014942442
8.834761518e-05
9.230159204e-05
8.886886463e-05
8.809850121e-05
8.70589997e-05
9.08607213e-05
9.147682305e-05
7.529834876e-05
9.67113268e-05
0.0001127225603
0.0001018055705
0.0001123595057
9.606801265e-05
9.055436613e-05
0.0001115054768
7.945129084e-05
0.0001002518504
9.469369789e-05
9.950767381e-05
7.828537883e-05
9.346623453e-05
8.274966634e-05
9.771127319e-05
9.215255702e-05
9.667162654e-05
9.112654183e-05
9.051802847e-05
8.502097207e-05
9.930953456e-05
7.897480745e-05
9.307080936e-05
7.300595194e-05
0.00010139086
8.63109384e-05
9.985269751e-05
9.440586494e-05
7.954499997e-05
9.750681136e-05
9.662522121e-05
8.215381173e-05
8.138720529e-05
8.518498615e-05
9.324850176e-05
9.243135803e-05
9.588084041e-05
9.069171541e-05
9.405608117e-05
0.0001016451132
8.802933252e-05
7.887782395e-05
9.449060504e-05
8.135352433e-05
8.854503997e-05
8.765008582e-05
8.671450817e-05
9.362265675e-05
9.261152564e-05
9.164397097e-05
9.44175393e-05
8.968647829e-05
9.608223657e-05
8.775221397e-05
9.399705111e-05
0.0001001519398
9.19421027e-05
9.446208186e-05
8.646187038e-05
8.554169197e-05
9.808056362e-05
8.030780688e-05
9.26003931e-05
9.816423223e-05
9.054492822e-05
7.999185127e-05
8.853359387e-05
9.699292823e-05
9.584266633e-05
0.0001009656997
9.371713283e-05
8.676761676e-05
8.868716724e-05
8.778241811e-05
9.540394495e-05
9.444125108e-05
9.613526266e-05
8.397942196e-05
9.126726131e-05
9.036881787e-05
9.46932571e-05
9.645299906e-05
9.264626214e-05
9.438124069e-05
9.324722002e-05
9.236817402e-05
9.125978135e-05
9.292442834e-05
9.429288436e-05
9.343212279e-05
8.988656492e-05
9.630243765e-05
9.277667802e-05
8.724240546e-05
9.319711973e-05
9.007960261e-05
9.586290826e-05
9.278377633e-05
9.108625431e-05
8.568789127e-05
9.094878142e-05
9.086235101e-05
0.0001013717542
9.589786619e-05
7.971612678e-05
9.547336984e-05
8.988320468e-05
8.966277204e-05
8.406523712e-05
0.0001047700717
7.822717307e-05
9.354627983e-05
9.307319869e-05
0.0001030024553
8.70596794e-05
9.686506654e-05
0.0001064019514
9.074685515e-05
9.51501364e-05
9.462937732e-05
9.889925625e-05
9.831116359e-05
7.317495897e-05
8.724753467e-05
9.135957097e-05
9.073405079e-05
9.944675275e-05
9.872373874e-05
7.456324697e-05
0.0001017376673
9.62368828e-05
8.636990739e-05
9.907580102e-05
0.0001027072629
0.0001017236431
8.768071321e-05
9.550222227e-05
8.603247579e-05
8.942833518e-05
8.437217706e-05
9.603674135e-05
9.924673496e-05
9.003150453e-05
8.914194719e-05
9.622171787e-05
8.731210847e-05
9.42344215e-05
9.326351903e-05
9.225773736e-05
9.129417795e-05
9.029625392e-05
9.306853436e-05
9.940013064e-05
8.742038406e-05
9.364288794e-05
8.908466935e-05
9.512004553e-05
9.062232861e-05
9.647525993e-05
9.203980143e-05
9.434564507e-05
8.667610114e-05
9.555131595e-05
0.0001010597136
7.732245701e-05
9.244690397e-05
8.820643048e-05
8.728281584e-05
8.932861465e-05
0.0001005933615
9.036008193e-05
8.346717175e-05
8.836105536e-05
8.74595984e-05
9.505345012e-05
9.409423651e-05
9.296513876e-05
8.924906147e-05
9.644322474e-05
8.730856833e-05
9.704110168e-05
9.342930008e-05
8.966851514e-05
9.403434538e-05
9.032355609e-05
9.202834525e-05
9.344929299e-05
9.258209694e-05
9.394495711e-05
8.81880076e-05
9.197457465e-05
9.114902621e-05
9.717290456e-05
9.16173757e-05
9.749319442e-05
8.974482935e-05
9.09575221e-05
9.469249442e-05
9.069900653e-05
8.532364999e-05
9.588959856e-05
9.579855411e-05
9.562890261e-05
9.549106543e-05
0.0001164217434
8.450586582e-05
8.423840907e-05
7.877997852e-05
9.417473574e-05
9.911224061e-05
8.828490153e-05
9.832862322e-05
9.783253534e-05
9.744289159e-05
9.68961304e-05
0.0001066152123
8.073144188e-05
9.037031934e-05
8.478235078e-05
9.423857012e-05
7.386926548e-05
8.322109089e-05
8.745052257e-05
8.689086716e-05
9.098760806e-05
8.560907581e-05
8.961132432e-05
8.896032836e-05
9.282881061e-05
8.751111287e-05
9.128728893e-05
8.149706941e-05
7.62538976e-05
8.895576344e-05
9.251064696e-05
0.0001004344684
9.080264699e-05
9.854874945e-05
9.332046146e-05
9.664908987e-05
9.150405553e-05
9.474211792e-05
8.968340398e-05
9.283395614e-05
8.786407144e-05
9.488370283e-05
9.387397637e-05
9.29071261e-05
9.190664183e-05
9.0947045e-05
9.370237516e-05
9.271633974e-05
9.169018605e-05
9.434864214e-05
0.0001004676439
9.230050966e-05
9.476443264e-05
9.028372043e-05
8.581778745e-05
9.169714602e-05
0.0001074233535
9.631846157e-05
9.191503852e-05
8.769411946e-05
9.950625087e-05
8.257761056e-05
0.0001004362013
9.627880262e-05
8.900039067e-05
8.807542495e-05
9.002861416e-05
9.801115106e-05
9.684106629e-05
9.004378248e-05
8.89657926e-05
9.090886085e-05
0.0001010454867
9.725896307e-05
8.785411564e-05
9.786276296e-05
8.862887184e-05
9.308737227e-05
9.459553315e-05
9.368999073e-05
9.256375221e-05
9.169100782e-05
9.310634646e-05
9.224227856e-05
8.867329392e-05
8.786377438e-05
9.163573293e-05
9.320305101e-05
9.445270568e-05
9.127905747e-05
9.250676935e-05
9.39977934e-05
8.835407734e-05
9.434082519e-05
9.562768679e-05
7.965233646e-05
0.0001007886126
9.539336976e-05
8.993458058e-05
9.508770142e-05
0.0001001219498
9.466823749e-05
9.961209618e-05
9.413827029e-05
0.0001146192991
9.869643155e-05
0.000103429951
9.791741934e-05
8.716935194e-05
9.192965951e-05
0.0001015722505
9.100520455e-05
0.0001004968947
9.499672285e-05
8.443326749e-05
9.385097761e-05
9.808878622e-05
8.775582722e-05
0.0001016096956
9.615233766e-05
9.538806495e-05
8.526240773e-05
9.394731944e-05
9.326535526e-05
0.0001017022291
9.174811109e-05
9.546949575e-05
9.019180011e-05
8.48871238e-05
8.860367292e-05
9.214608116e-05
9.134018634e-05
9.47538863e-05
9.389522751e-05
9.71822657e-05
9.627312407e-05
9.114964698e-05
9.437563882e-05
8.527716739e-05
8.84560958e-05
9.548454539e-05
9.452063276e-05
9.351627813e-05
9.255344661e-05
9.155820842e-05
9.815275373e-05
9.708279414e-05
9.236680066e-05
9.49996532e-05
9.037937135e-05
0.000100091932
9.195556091e-05
9.441146882e-05
8.994763323e-05
9.575925085e-05
8.458984489e-05
9.030324914e-05
8.934429018e-05
9.484672838e-05
8.413492998e-05
9.274421898e-05
9.809596897e-05
9.694065846e-05
8.664253952e-05
9.173231367e-05
9.380493231e-05
8.969956935e-05
8.581619915e-05
8.479210816e-05
9.839716733e-05
8.864133423e-05
0.0001018994203
9.508398755e-05
9.690436975e-05
9.026935477e-05
9.479750655e-05
9.365763855e-05
8.479811481e-05
9.425046858e-05
9.334814894e-05
9.222576176e-05
9.389380483e-05
9.276590786e-05
9.190494564e-05
9.080262403e-05
8.997363649e-05
8.649414824e-05
9.524199713e-05
0.0001011630409
9.560698399e-05
8.755714453e-05
8.679852107e-05
9.479831864e-05
9.622965736e-05
9.522455912e-05
0.0001004677001
8.451708147e-05
0.0001002689095
8.955618653e-05
9.468773077e-05
9.970141109e-05
0.0001099825326
7.83115347e-05
9.895189292e-05
8.301104193e-05
9.311124963e-05
8.754909425e-05
0.0001026417267
8.680736182e-05
8.646218226e-05
9.609447552e-05
0.0001006989739
0.0001000829258
8.962654472e-05
9.397964082e-05
7.870868235e-05
7.815080973e-05
8.254269246e-05
9.15593342e-05
0.0001005505778
9.025269534e-05
9.907162526e-05
8.889148547e-05
9.753584877e-05
9.208730669e-05
9.138220335e-05
9.509037333e-05
9.432586787e-05
8.010186707e-05
9.707979446e-05
9.178437745e-05
8.664968107e-05
8.580372637e-05
9.778064045e-05
9.259625912e-05
9.590007195e-05
9.49251538e-05
9.809946158e-05
9.708569058e-05
9.61277592e-05
9.51201787e-05
9.416033065e-05
9.316129549e-05
9.220244968e-05
9.121240697e-05
9.402149883e-05
9.299796358e-05
8.833909171e-05
9.464419301e-05
9.00414406e-05
9.259623251e-05
8.8089597e-05
8.709363385e-05
8.272065136e-05
9.199788789e-05
8.764834256e-05
9.330275524e-05
9.89057927e-05
9.449831696e-05
0.0001031704086
9.559081347e-05
9.458387335e-05
9.035497799e-05
8.940897937e-05
8.530453542e-05
0.0001025075725
9.533111576e-05
9.434888793e-05
8.739695248e-05
8.938873752e-05
8.831923386e-05
9.024807449e-05
9.195222234e-05
9.3793714e-05
8.994155098e-05
9.715184216e-05
9.331744791e-05
9.241097031e-05
9.39079123e-05
9.300879261e-05
8.933772422e-05
9.102369819e-05
8.992989708e-05
8.909520421e-05
9.536158107e-05
8.722240821e-05
9.335931319e-05
8.777666121e-05
9.61041551e-05
9.293319174e-05
8.723524264e-05
8.647949853e-05
9.444869055e-05
8.695631762e-05
0.0001000928614
8.424927196e-05
9.468285916e-05
9.984837492e-05
0.0001101647193
9.429111085e-05
9.405889616e-05
8.866120599e-05
8.838265098e-05
9.853908492e-05
0.0001033318682
8.757254118e-05
0.00010770007
9.710524375e-05
0.0001017039597
9.62348725e-05
8.562506483e-05
8.524181998e-05
9.468873572e-05
0.000104135768
8.374365439e-05
8.818605408e-05
9.242691707e-05
9.671485179e-05
8.638967857e-05
9.537572146e-05
9.462070845e-05
9.397491861e-05
9.319566894e-05
8.326818225e-05
9.63070283e-05
8.646824249e-05
9.922445247e-05
8.947934476e-05
8.42194539e-05
8.790778776e-05
8.70719069e-05
9.494250813e-05
8.119666129e-05
0.0001016358873
9.643100931e-05
8.722295198e-05
9.456032094e-05
7.736396949e-05
8.462529222e-05
8.77807176e-05
9.0810308e-05
8.989431644e-05
9.280899765e-05
9.185410492e-05
9.086920778e-05
8.99213066e-05
9.26497145e-05
9.534259267e-05
8.703819966e-05
9.329426859e-05
9.93488757e-05
9.478385409e-05
9.024250524e-05
9.271686809e-05
9.16590132e-05
9.404299724e-05
8.632021362e-05
8.540379075e-05
9.090581948e-05
8.03069663e-05
8.57177076e-05
0.0001005212818
9.31302905e-05
8.601158848e-05
9.41010698e-05
9.612709971e-05
0.0001038900836
9.988195029e-05
9.578826746e-05
8.331866147e-05
8.799946588e-05
8.992127055e-05
9.717216605e-05
9.070557612e-05
9.504739931e-05
9.142244992e-05
9.032315624e-05
8.94456867e-05
9.356783707e-05
9.267189472e-05
9.155713207e-05
9.069367258e-05
8.96034602e-05
9.37035097e-05
9.745110601e-05
8.690522362e-05
9.063402388e-05
8.982052095e-05
9.341766874e-05
9.259377468e-05
9.606471996e-05
9.976746711e-05
9.410163193e-05
9.996569696e-05
9.442841508e-05
9.438427509e-05
9.428733402e-05
8.896489488e-05
0.0001149291273
0.000109547433
0.0001092783009
8.829203338e-05
9.319267954e-05
9.812970693e-05
8.746798779e-05
9.233969464e-05
0.0001021475891
9.161449344e-05
8.609232675e-05
8.070638156e-05
9.530597653e-05
8.489240052e-05
8.437536544e-05
7.901770056e-05
8.830911705e-05
9.758641728e-05
8.236303241e-05
7.705907284e-05
9.082185816e-05
9.97417039e-05
8.481747731e-05
9.359894111e-05
9.282433605e-05
7.832926244e-05
0.0001004933105
0.0001042579356
8.535622481e-05
8.467095535e-05
8.388954213e-05
9.194212461e-05
8.239614417e-05
9.887204633e-05
9.7910076e-05
9.280595973e-05
9.18832104e-05
9.930007758e-05
9.419828173e-05
8.923679949e-05
8.831750997e-05
8.347202303e-05
9.046640276e-05
8.566057929e-05
9.245935426e-05
9.150838237e-05
9.052858157e-05
8.958451618e-05
8.861190131e-05
9.133381966e-05
9.755431635e-05
9.294802816e-05
9.191136449e-05
9.443355199e-05
8.991009828e-05
9.579685136e-05
9.808726479e-05
9.035166346e-05
8.93123459e-05
8.836427919e-05
8.410472583e-05
8.641533727e-05
8.224278322e-05
9.076617213e-05
9.588546356e-05
8.87602446e-05
8.166221274e-05
8.679973988e-05
9.168426687e-05
9.36666704e-05
8.965801494e-05
9.446851909e-05
9.33389086e-05
8.679692411e-05
9.128911896e-05
8.216223048e-05
9.741058279e-05
8.573437849e-05
9.529141079e-05
9.174432733e-05
9.323021603e-05
8.977250008e-05
9.122643974e-05
9.287619902e-05
9.423935043e-05
9.336455175e-05
9.224313725e-05
9.140091187e-05
9.505786306e-05
9.420465646e-05
9.307767905e-05
8.764398649e-05
8.88773954e-05
9.488511502e-05
9.152480231e-05
9.738654777e-05
7.83627621e-05
9.921316249e-05
8.867870522e-05
9.901780023e-05
9.884456176e-05
0.0001038975068
0.0001036428714
8.27538093e-05
0.0001134307147
7.715030239e-05
8.198295893e-05
9.706750866e-05
8.646809647e-05
8.61689115e-05
9.078269127e-05
7.535212903e-05
8.99209513e-05
8.951911836e-05
8.897510891e-05
9.837062047e-05
8.795140404e-05
8.747239645e-05
9.650705389e-05
8.154558234e-05
9.521848142e-05
9.461155011e-05
0.0001032521595
8.856466206e-05
9.707874805e-05
9.637620542e-05
7.279759937e-05
9.030178473e-05
9.397085991e-05
7.990025134e-05
8.796021579e-05
8.722274825e-05
9.935573479e-05
8.136048406e-05
8.905131551e-05
9.244846505e-05
9.98517692e-05
9.479806291e-05
9.383900419e-05
8.48561084e-05
9.598092293e-05
8.315577569e-05
8.620661019e-05
9.309571917e-05
9.211233544e-05
9.116525254e-05
9.3948437e-05
8.925023918e-05
9.5639422e-05
9.099460795e-05
9.359359559e-05
9.260434821e-05
9.15727156e-05
8.711650894e-05
9.991630015e-05
9.203670637e-05
9.435865032e-05
9.335556718e-05
8.569105014e-05
7.825988363e-05
9.669131753e-05
9.885721799e-05
9.139992946e-05
8.731880405e-05
9.553881826e-05
8.843939477e-05
0.000102462867
9.543345859e-05
8.25132896e-05
8.749617004e-05
9.509902719e-05
8.557146484e-05
9.863996538e-05
8.927471209e-05
8.82047426e-05
9.005368193e-05
8.62761409e-05
9.076547345e-05
9.231154415e-05
8.357906258e-05
9.28950227e-05
9.200536817e-05
9.342307563e-05
9.504301298e-05
9.389973619e-05
9.547614346e-05
8.949145739e-05
9.107093208e-05
9.234614652e-05
9.386387955e-05
9.274015515e-05
8.962426637e-05
9.30954455e-05
9.454017414e-05
9.341511063e-05
9.482620624e-05
9.36454733e-05
8.840171506e-05
8.311654678e-05
9.341779565e-05
9.843556287e-05
8.277416854e-05
9.805400014e-05
8.241208007e-05
9.7559086e-05
9.21989097e-05
9.185163784e-05
8.140517454e-05
9.624469197e-05
8.076794284e-05
8.538897498e-05
8.004752737e-05
8.457975303e-05
8.915514952e-05
9.353757193e-05
0.0001028709845
9.732953034e-05
8.227988828e-05
9.61195595e-05
9.077366702e-05
9.483807094e-05
9.423403814e-05
9.349254667e-05
0.0001067843308
9.669500129e-05
9.142453449e-05
9.517124215e-05
9.444466519e-05
8.023159178e-05
9.285309527e-05
7.885649603e-05
9.991684919e-05
9.036551975e-05
9.384331872e-05
9.29333689e-05
9.209371398e-05
9.11810596e-05
9.033040575e-05
9.348245684e-05
8.855953132e-05
9.163414021e-05
8.678676873e-05
9.369010214e-05
9.274617832e-05
9.176791175e-05
9.082468638e-05
8.985493323e-05
8.891844755e-05
9.162044245e-05
9.065790656e-05
0.0001004215267
9.226320045e-05
9.474565124e-05
8.679690618e-05
9.268536856e-05
8.830404463e-05
8.729953013e-05
8.969362116e-05
0.000105082948
8.122481101e-05
9.634127359e-05
9.21446329e-05
8.478923971e-05
8.700359623e-05
9.212387449e-05
9.419815663e-05
9.008338605e-05
8.023250682e-05
8.80897765e-05
9.88063885e-05
9.475811327e-05
9.663329661e-05
9.267028666e-05
8.617506622e-05
9.063551089e-05
8.973123609e-05
8.59673238e-05
9.310052849e-05
9.460907462e-05
9.368972604e-05
9.2562231e-05
9.167568743e-05
9.308806378e-05
8.971780018e-05
9.110038826e-05
8.781531136e-05
8.916956099e-05
9.074332634e-05
9.437260866e-05
8.651114227e-05
9.009494355e-05
9.616974989e-05
8.823335508e-05
8.522651955e-05
9.085950718e-05
9.22844674e-05
9.325885106e-05
0.0001035727015
8.794698801e-05
9.303245961e-05
8.255152399e-05
0.0001030414558
9.251111269e-05
8.720273416e-05
9.715859731e-05
9.182058699e-05
7.114765162e-05
8.107203827e-05
8.57621407e-05
8.546584698e-05
8.003914467e-05
9.965264729e-05
8.919207997e-05
8.386112123e-05
8.825688531e-05
7.806185893e-05
9.693844673e-05
0.0001060524628
0.0001053086808
0.0001046865065
8.029158475e-05
0.0001032454795
9.312244733e-05
9.711328744e-05
9.631427644e-05
9.561830879e-05
9.479857668e-05
9.407536724e-05
9.767900293e-05
8.808767642e-05
7.855118053e-05
9.520313308e-05
9.430418713e-05
9.773176352e-05
0.000100993776
9.174167507e-05
9.909162888e-05
9.407735373e-05
8.503046881e-05
9.223495314e-05
9.525827432e-05
9.432047526e-05
8.945014018e-05
9.239925246e-05
9.52354731e-05
9.048665525e-05
8.952185473e-05
9.597153983e-05
8.763111841e-05
8.671074023e-05
8.575944006e-05
8.838899711e-05
9.090284958e-05
8.993882549e-05
8.550712481e-05
9.136645119e-05
8.698263106e-05
8.274831613e-05
0.0001112466817
0.0001003545023
8.959417132e-05
0.0001013101758
9.387133784e-05
9.59789405e-05
9.179321886e-05
0.0001029433288
8.676866573e-05
8.290603668e-05
9.362637522e-05
9.555732067e-05
9.728083591e-05
7.929606915e-05
9.51377234e-05
9.417722168e-05
9.304893756e-05
9.212051811e-05
8.833760676e-05
9.541892317e-05
9.165290348e-05
9.335540973e-05
9.223181521e-05
9.388581539e-05
9.024854209e-05
9.188041401e-05
0.0001005878878
9.479281856e-05
9.365267316e-05
9.041806911e-05
9.168283123e-05
9.085992726e-05
8.977058822e-05
9.354205587e-05
9.242327494e-05
9.162305333e-05
8.390629253e-05
9.195042508e-05
7.739617341e-05
9.283222352e-05
0.0001030419283
9.779752773e-05
0.0001130425257
8.722589373e-05
8.70136438e-05
8.173701922e-05
9.166867888e-05
9.652565393e-05
0.0001012250372
8.074161749e-05
8.541346798e-05
0.0001001395289
9.466137806e-05
0.000109174097
9.376717173e-05
8.843601921e-05
8.790210426e-05
8.260763596e-05
9.172296873e-05
9.122460278e-05
7.628306524e-05
0.0001137490937
9.408629643e-05
7.946478348e-05
9.739302991e-05
8.751840958e-05
8.679972481e-05
8.617297368e-05
0.0001034220391
8.478428457e-05
8.403193348e-05
8.774649706e-05
9.563671351e-05
9.914722281e-05
9.394252988e-05
8.889162282e-05
9.222460013e-05
9.554651357e-05
9.460272053e-05
9.3721093e-05
8.874362794e-05
9.188757815e-05
9.490101537e-05
9.396714276e-05
8.524181309e-05
9.205491233e-05
9.108673415e-05
9.390742807e-05
8.919123645e-05
8.826221038e-05
9.458474756e-05
9.359160108e-05
8.900583308e-05
9.158839036e-05
8.708805605e-05
8.961127194e-05
9.54203419e-05
9.440663675e-05
9.333479547e-05
9.56410277e-05
9.128464765e-05
9.999286428e-05
9.246044333e-05
9.46370158e-05
8.729918329e-05
9.254995584e-05
9.45137593e-05
9.95582845e-05
8.944029501e-05
8.851084268e-05
9.620811478e-05
9.521676788e-05
9.123254879e-05
9.030148613e-05
8.922295833e-05
9.108218818e-05
8.453718379e-05
8.909322244e-05
8.802365834e-05
9.507973151e-05
8.871774958e-05
9.043948555e-05
9.190374997e-05
9.102336352e-05
9.49231751e-05
9.155321386e-05
9.778465574e-05
8.96109745e-05
9.571098987e-05
9.009513524e-05
9.369716329e-05
9.285618277e-05
9.40356656e-05
9.775320259e-05
8.984469902e-05
8.906689231e-05
8.80037213e-05
9.16187923e-05
9.76337223e-05
9.245215356e-05
0.0001026202909
0.0001025236069
7.675944115e-05
9.197945645e-05
9.685373204e-05
9.666679767e-05
8.62234666e-05
9.613280117e-05
9.577324173e-05
8.041387913e-05
8.006364132e-05
9.47475933e-05
9.924145259e-05
7.907917189e-05
9.339020352e-05
9.297416405e-05
9.241406214e-05
9.679671937e-05
9.135735127e-05
8.60791815e-05
9.022674828e-05
9.441527244e-05
9.371486098e-05
8.846339605e-05
9.239097004e-05
9.635145999e-05
9.101119125e-05
9.487223927e-05
8.958279359e-05
0.0001066804209
9.692419178e-05
8.303755288e-05
8.660843082e-05
9.017841793e-05
8.932983432e-05
9.698607547e-05
7.934594705e-05
8.276873658e-05
9.014772665e-05
8.930806294e-05
8.841024098e-05
8.756268773e-05
9.454642615e-05
8.971576229e-05
9.264544931e-05
9.171312915e-05
9.074992353e-05
9.730292619e-05
9.626830551e-05
8.793771081e-05
9.423833962e-05
9.683559585e-05
9.577580411e-05
8.774487834e-05
0.0001006553334
8.585201499e-05
9.507521873e-05
9.74248423e-05
9.299843029e-05
9.201042226e-05
8.445984263e-05
9.320583469e-05
8.259869387e-05
9.429818555e-05
0.0001056275104
8.607148073e-05
9.417694361e-05
9.31911962e-05
9.209291979e-05
8.81960442e-05
8.715133986e-05
9.200352372e-05
8.806806993e-05
8.998118175e-05
9.446346087e-05
8.250852498e-05
8.967246112e-05
9.146783638e-05
9.30278083e-05
9.211119439e-05
9.360369771e-05
9.269388411e-05
9.15780103e-05
9.322013353e-05
8.960817493e-05
9.122833586e-05
9.01294772e-05
9.41192053e-05
9.775465732e-05
9.44994736e-05
9.336305341e-05
8.558569424e-05
9.369954326e-05
9.060822085e-05
9.176074126e-05
9.540382436e-05
0.0001030326022
9.563666418e-05
9.723556573e-05
9.207518305e-05
0.0001073121946
9.700058585e-05
0.0001019293298
7.124845435e-05
8.630644648e-05
9.62741017e-05
9.092521869e-05
8.566490866e-05
9.036554913e-05
8.509434007e-05
8.970835691e-05
9.933235487e-05
9.390045251e-05
9.845196531e-05
7.832947721e-05
8.772839717e-05
0.0001017345361
8.67699739e-05
0.0001005730199
8.573778476e-05
8.514018665e-05
8.934046892e-05
0.0001026809814
9.275364339e-05
7.822509528e-05
9.5975011e-05
9.065702912e-05
8.100304584e-05
8.031247549e-05
8.412892457e-05
8.777376722e-05
8.707200609e-05
9.490464691e-05
9.41115638e-05
7.203941157e-05
8.821596219e-05
9.984715699e-05
9.482432029e-05
9.389067049e-05
9.706080567e-05
8.807934955e-05
9.516586348e-05
9.419447685e-05
9.326836038e-05
9.230238941e-05
9.518111932e-05
9.418291102e-05
8.948749215e-05
9.222632534e-05
9.856753715e-05
8.667180903e-05
8.933565508e-05
8.835912515e-05
9.442043273e-05
8.991622669e-05
8.896327068e-05
9.47325831e-05
8.703179796e-05
9.266448083e-05
8.51315875e-05
9.386803551e-05
9.607485627e-05
8.546947272e-05
0.0001033579502
8.977339368e-05
8.882824089e-05
8.47609858e-05
8.087833437e-05
0.0001036073742
9.66718247e-05
8.684295519e-05
9.7407829e-05
9.058768914e-05
8.966314161e-05
9.689842744e-05
9.317941802e-05
8.935597643e-05
8.846421764e-05
9.534808234e-05
9.440853159e-05
9.327330366e-05
9.236662462e-05
9.125457154e-05
9.038025733e-05
9.425201977e-05
8.844884308e-05
8.73831141e-05
8.897643883e-05
9.265641484e-05
8.945613869e-05
9.303131784e-05
8.98914119e-05
9.336581524e-05
9.028554471e-05
9.143302371e-05
9.727396127e-05
8.737318768e-05
8.879687441e-05
9.684064339e-05
0.0001069848199
9.160855552e-05
0.0001016915429
9.136450417e-05
0.0001013709875
8.090083873e-05
9.083802635e-05
9.558899218e-05
9.033784245e-05
8.500142646e-05
0.0001096786901
0.000114166934
9.398694654e-05
7.875752323e-05
8.825232768e-05
0.0001121495587
9.708757306e-05
9.650519028e-05
9.60285054e-05
0.0001001752959
9.014347896e-05
9.893923714e-05
8.898921295e-05
9.298071931e-05
9.239078398e-05
9.167089471e-05
9.560149216e-05
9.030561269e-05
9.862047081e-05
8.889204755e-05
8.380502926e-05
9.618095672e-05
8.240170252e-05
9.024540035e-05
0.0001022762713
9.709555835e-05
8.788196904e-05
9.532610151e-05
9.446730229e-05
9.353864996e-05
9.669737575e-05
9.173960416e-05
9.481145442e-05
8.993492401e-05
8.90510666e-05
9.196186079e-05
9.103712055e-05
9.008371996e-05
8.91593233e-05
9.188945142e-05
9.093314338e-05
9.715127589e-05
8.901109691e-05
8.803928262e-05
9.059448264e-05
9.648379411e-05
8.523343441e-05
9.439240821e-05
0.0001000608968
9.233292115e-05
8.482711927e-05
8.385741171e-05
8.615910892e-05
0.0001009369548
8.426497682e-05
9.253966429e-05
8.851326924e-05
9.04939965e-05
9.253176486e-05
8.849269202e-05
9.633042921e-05
8.365218708e-05
8.564501784e-05
9.026866583e-05
8.376313292e-05
9.379868839e-05
9.285149879e-05
8.904171786e-05
8.548173007e-05
9.501279377e-05
9.407647281e-05
9.29452338e-05
9.20416678e-05
9.345933745e-05
9.006210003e-05
8.897683132e-05
9.058544813e-05
9.433111229e-05
9.34550981e-05
9.469643314e-05
9.148581765e-05
8.806683478e-05
8.497965092e-05
8.168879068e-05
8.771602969e-05
8.888550115e-05
9.031916533e-05
9.359089431e-05
8.848004347e-05
9.13726573e-05
9.133038993e-05
8.616945659e-05
0.0001012805551
9.09956146e-05
9.591370912e-05
0.000100718414
9.047198299e-05
9.520448312e-05
8.997460866e-05
9.462041472e-05
8.937724034e-05
0.0001038223627
8.375737586e-05
9.805438173e-05
9.278408376e-05
9.71339666e-05
0.0001063724558
9.612339125e-05
8.130161002e-05
9.978070522e-05
0.0001086916768
0.0001032442425
7.464480691e-05
8.798704773e-05
8.742921494e-05
8.21835448e-05
7.709165619e-05
8.995691015e-05
9.377471219e-05
8.41231211e-05
9.666524232e-05
0.0001001687608
8.208741512e-05
8.990262521e-05
0.0001018883473
8.411201906e-05
9.588863782e-05
9.496805427e-05
9.411296259e-05
9.318925921e-05
9.63366573e-05
8.7424942e-05
9.445967529e-05
9.349838095e-05
8.872239862e-05
9.544149535e-05
9.070283962e-05
9.349403413e-05
8.883355258e-05
9.52172307e-05
9.422657007e-05
9.321417456e-05
8.514133292e-05
9.473948705e-05
9.373980095e-05
8.583681813e-05
8.832457386e-05
9.405466764e-05
8.973275932e-05
9.20037257e-05
9.752863975e-05
8.998705427e-05
9.53922637e-05
9.429310239e-05
9.329609754e-05
7.991761144e-05
9.732471544e-05
9.017491719e-05
9.22055365e-05
8.818127073e-05
9.59914365e-05
8.335826424e-05
9.387848918e-05
8.714088534e-05
9.181606365e-05
9.346979852e-05
8.980453011e-05
9.679599489e-05
8.784403221e-05
9.204985903e-05
9.114266554e-05
9.261946369e-05
9.171898943e-05
9.061449995e-05
9.473207344e-05
8.866448395e-05
9.758636775e-05
8.917904306e-05
9.073868644e-05
9.200393526e-05
9.116367249e-05
8.313738217e-05
8.467983651e-05
9.496654886e-05
9.412939032e-05
9.521307653e-05
9.438916514e-05
9.325799703e-05
9.461659704e-05
9.606034504e-05
8.590902175e-05
9.087092251e-05
8.069830079e-05
9.566467476e-05
8.044472063e-05
8.025124214e-05
8.510282906e-05
9.482305506e-05
8.961428418e-05
8.432204161e-05
0.000103856953
6.893911612e-05
8.833113063e-05
9.766497709e-05
7.782389769e-05
9.674964332e-05
0.0001011359358
8.617014118e-05
7.621791126e-05
8.992357178e-05
9.414405729e-05
9.349184532e-05
9.294202365e-05
9.225799045e-05
9.625719204e-05
0.0001000581525
9.034581826e-05
0.0001075330682
8.451787293e-05
9.262246589e-05
8.754175098e-05
9.111044106e-05
8.607949059e-05
9.382732241e-05
8.881543549e-05
9.636484544e-05
9.137491825e-05
9.87262817e-05
8.560811714e-05
8.880583979e-05
8.798040174e-05
9.106052454e-05
9.411049692e-05
9.315417691e-05
9.223945858e-05
9.128828615e-05
9.037100462e-05
9.315336087e-05
8.85101538e-05
9.487195431e-05
9.388516308e-05
8.93054954e-05
8.483424413e-05
9.0902754e-05
0.0001003219036
9.237197492e-05
8.800865221e-05
8.702509712e-05
9.60361924e-05
9.822521708e-05
8.42246699e-05
8.966839959e-05
9.505459181e-05
8.456415962e-05
9.60656772e-05
0.0001010766858
8.788997979e-05
8.686281076e-05
9.188160036e-05
9.665923701e-05
9.275619035e-05
8.879511685e-05
9.071493521e-05
9.243847913e-05
9.149494311e-05
9.862221917e-05
9.220253606e-05
9.377856063e-05
9.01898311e-05
9.172842916e-05
9.082433295e-05
9.229596923e-05
9.139856565e-05
9.029781955e-05
9.191669329e-05
9.080860858e-05
8.995155788e-05
9.607207625e-05
9.280029715e-05
8.462873484e-05
0.0001001610997
8.974885385e-05
8.894332642e-05
9.463188408e-05
0.000100497555
9.267020059e-05
9.843040947e-05
9.076635583e-05
9.428139313e-05
8.56038511e-05
9.563074652e-05
9.553468398e-05
0.0001004684657
8.525188366e-05
0.0001001532531
0.0001049085715
9.972075069e-05
9.444467112e-05
8.92568342e-05
8.892678233e-05
9.359198497e-05
9.318891033e-05
7.820513986e-05
9.241472045e-05
9.689535166e-05
9.636834931e-05
9.114362306e-05
9.536878502e-05
8.540890071e-05
8.01434859e-05
0.0001031541561
9.312814034e-05
9.258086743e-05
7.811569953e-05
9.131904255e-05
8.608100473e-05
9.449817842e-05
8.926752196e-05
8.862573996e-05
8.787567313e-05
9.156899285e-05
8.212079249e-05
9.004134433e-05
9.347362905e-05
8.005433156e-05
8.348138945e-05
9.517070715e-05
9.425996863e-05
8.935079848e-05
8.847658697e-05
9.562323431e-05
9.466929481e-05
8.985706181e-05
8.894531045e-05
9.190151748e-05
9.095518553e-05
9.004158879e-05
9.652776774e-05
8.818910114e-05
9.452917294e-05
9.354622117e-05
9.610304821e-05
9.509553293e-05
9.057723894e-05
9.306891164e-05
9.545153618e-05
8.76949825e-05
0.0001000568418
8.909552483e-05
0.0001011400764
8.392664285e-05
9.254313636e-05
9.156199201e-05
8.42666355e-05
8.646380199e-05
9.156544297e-05
9.664178241e-05
8.655867963e-05
9.451347855e-05
9.340262173e-05
8.665505334e-05
9.419402989e-05
8.757345807e-05
9.769914986e-05
9.393897186e-05
9.554885714e-05
9.458384011e-05
9.612225421e-05
8.723248197e-05
9.140923628e-05
9.309416533e-05
9.197472666e-05
9.10803729e-05
9.498241963e-05
9.407209009e-05
9.538351571e-05
9.448322139e-05
9.094989704e-05
9.247632559e-05
9.136058084e-05
9.284732382e-05
9.402080997e-05
9.999476843e-05
9.429956975e-05
8.901749981e-05
8.574790386e-05
9.37246316e-05
9.475272794e-05
9.394855592e-05
0.0001003079166
9.524860622e-05
9.014507348e-05
9.506392085e-05
8.491179356e-05
9.975381716e-05
8.956349368e-05
9.435752736e-05
8.416726394e-05
9.878024939e-05
9.349501089e-05
8.340836873e-05
9.282052733e-05
8.276469102e-05
8.236106736e-05
0.000101339552
8.159154155e-05
8.600791336e-05
8.549631675e-05
8.98016825e-05
8.452745729e-05
9.341181266e-05
8.812889148e-05
9.222250713e-05
7.781444876e-05
9.096729958e-05
9.929028988e-05
9.413604463e-05
9.337311386e-05
7.945910412e-05
9.629622965e-05
9.556569537e-05
8.611651435e-05
8.543028931e-05
8.465690205e-05
0.0001007420329
9.564504864e-05
9.481575821e-05
8.166075716e-05
8.901937977e-05
9.215657416e-05
9.527047065e-05
9.039142448e-05
9.341982796e-05
9.247331614e-05
9.15660436e-05
9.062450696e-05
8.971456578e-05
8.87802322e-05
9.519289994e-05
9.418885966e-05
8.603973945e-05
8.866541448e-05
8.422666462e-05
9.372535633e-05
0.0001030411725
9.171547183e-05
9.074444615e-05
8.640895097e-05
8.878028956e-05
8.777900041e-05
9.006384959e-05
8.585789108e-05
9.124015708e-05
9.330133068e-05
8.923791411e-05
8.820373675e-05
9.329440067e-05
9.517977463e-05
8.829726652e-05
9.016868818e-05
9.498862406e-05
8.533319924e-05
9.008408266e-05
8.901473057e-05
9.911933868e-05
8.977632845e-05
9.156258191e-05
9.57888888e-05
9.219836699e-05
9.369489305e-05
9.277127229e-05
9.165571255e-05
9.328562095e-05
9.216191566e-05
8.881155942e-05
9.017769749e-05
9.415493577e-05
8.586335169e-05
8.979166951e-05
9.104226595e-05
9.252380206e-05
9.369256877e-05
9.285165121e-05
8.725746826e-05
9.979428889e-05
9.20198822e-05
9.556785822e-05
9.012747211e-05
8.936269407e-05
0.0001049040557
0.0001048557718
0.000114727169
9.966929568e-05
0.0001044742663
9.438967691e-05
8.920819613e-05
8.409035074e-05
8.876547566e-05
8.855042122e-05
9.802715986e-05
8.79661692e-05
9.245504536e-05
9.698706409e-05
8.686359183e-05
7.690828692e-05
9.083397159e-05
0.000104710079
8.989463768e-05
8.474425185e-05
8.419966812e-05
8.839744803e-05
0.0001016500696
9.186691039e-05
0.0001003141928
0.0001042109943
8.991887383e-05
8.03800078e-05
8.858861972e-05
9.235024361e-05
9.157145e-05
9.520471743e-05
9.437179978e-05
9.362028172e-05
9.699119048e-05
9.618373698e-05
9.943217492e-05
9.857055346e-05
9.356236387e-05
8.869041057e-05
9.580947467e-05
9.492030018e-05
9.39762243e-05
9.307828115e-05
9.213660446e-05
9.123301001e-05
9.029622412e-05
8.938990961e-05
9.583191921e-05
8.755393282e-05
9.024133453e-05
9.287562657e-05
8.481485038e-05
9.791381462e-05
9.685108777e-05
8.556255287e-05
9.13907073e-05
9.37723266e-05
0.0001026626262
9.829697459e-05
0.0001004290255
9.295266452e-05
9.189461371e-05
0.0001003261536
8.677700276e-05
9.812549068e-05
9.395818775e-05
9.296935548e-05
9.781286712e-05
8.505728636e-05
8.985577358e-05
9.465899321e-05
9.070669386e-05
8.977193531e-05
9.425083818e-05
9.328870412e-05
9.217698402e-05
9.124592463e-05
8.750300875e-05
9.187965373e-05
9.337111072e-05
9.245061139e-05
9.133890379e-05
9.547562059e-05
8.936092139e-05
9.342123911e-05
9.229431588e-05
9.142305371e-05
9.031937197e-05
9.418986817e-05
9.305247332e-05
8.298227435e-05
9.108937704e-05
8.801503114e-05
9.810103191e-05
9.281657838e-05
8.296497817e-05
9.090498534e-05
9.408812405e-05
9.328988209e-05
7.960999899e-05
9.449341517e-05
8.943072827e-05
8.438329058e-05
9.91055166e-05
9.89644279e-05
8.885570637e-05
8.868514278e-05
9.823939356e-05
8.330131403e-05
9.275949736e-05
0.0001022237251
0.0001017863703
9.177656182e-05
9.133091364e-05
9.097182463e-05
9.048017444e-05
8.533846785e-05
0.0001083976567
9.379532399e-05
7.921472187e-05
8.805632725e-05
9.665649872e-05
0.0001052411522
9.08457229e-05
9.478547461e-05
8.061882786e-05
9.342004029e-05
8.825302635e-05
8.761986934e-05
9.991461974e-05
9.053525371e-05
8.547100455e-05
9.326988784e-05
9.242836953e-05
9.165937588e-05
9.493592516e-05
8.592994057e-05
8.511155682e-05
8.836386381e-05
9.5458163e-05
9.457269442e-05
8.97320856e-05
9.273922267e-05
9.180233593e-05
9.468998978e-05
8.997031108e-05
9.277874445e-05
8.814253255e-05
8.723976738e-05
8.991878029e-05
9.25439218e-05
9.859857682e-05
9.408119191e-05
9.650795838e-05
8.52596223e-05
9.444113222e-05
8.676724677e-05
9.570163765e-05
8.162635567e-05
9.039234227e-05
8.30450835e-05
9.788917998e-05
8.747897802e-05
9.574004795e-05
9.472820456e-05
9.363190441e-05
9.563516635e-05
0.0001004277129
9.353114981e-05
0.0001010992198
9.147310762e-05
9.039348656e-05
9.225762945e-05
9.11632598e-05
9.023261297e-05
8.915760351e-05
8.825699562e-05
9.512904716e-05
9.417922596e-05
9.046484853e-05
9.213215956e-05
9.102427759e-05
9.264280995e-05
8.905292753e-05
9.554915764e-05
8.955549267e-05
9.110759292e-05
9.000737652e-05
8.917123098e-05
9.04122445e-05
8.728930172e-05
9.758159307e-05
9.445680513e-05
9.776012656e-05
9.689855715e-05
0.0001000813539
9.274519253e-05
9.375930608e-05
8.873836034e-05
9.416352665e-05
8.916659303e-05
8.907778448e-05
7.910619138e-05
8.390761111e-05
9.364567987e-05
9.342299075e-05
9.324377841e-05
8.806818233e-05
9.76167801e-05
8.753311253e-05
8.242847712e-05
9.173264849e-05
8.179526098e-05
6.703441081e-05
0.0001001565545
9.487276071e-05
8.500763794e-05
9.858929518e-05
9.81048456e-05
9.283517542e-05
8.310110123e-05
9.628624401e-05
8.660568671e-05
8.59744168e-05
9.892095742e-05
8.031300721e-05
8.420266835e-05
9.231596428e-05
8.72896339e-05
8.222831272e-05
0.0001030809614
9.792464481e-05
8.869837488e-05
0.0001004565003
9.547034079e-05
7.4023272e-05
8.968981181e-05
8.883696513e-05
8.803971283e-05
9.114652585e-05
9.030147424e-05
9.329322793e-05
9.240262541e-05
9.147048407e-05
9.057415798e-05
8.964674227e-05
9.614322873e-05
9.148656858e-05
9.054984217e-05
8.601458274e-05
8.866786343e-05
9.12312064e-05
9.027572655e-05
9.960179642e-05
9.515388868e-05
8.40259534e-05
8.646234826e-05
9.20779125e-05
9.435507391e-05
0.0001029449318
8.593822887e-05
9.754857358e-05
8.406132091e-05
8.617485769e-05
9.135448574e-05
8.728801617e-05
8.339123755e-05
8.830671507e-05
9.320822895e-05
8.923641494e-05
9.115786429e-05
9.28975109e-05
8.915408561e-05
9.360296189e-05
9.809722281e-05
8.615896066e-05
9.061913564e-05
9.480252363e-05
9.385590059e-05
9.273021337e-05
9.181589405e-05
9.071181147e-05
8.982945257e-05
9.121224527e-05
9.033777089e-05
9.165969626e-05
8.840497796e-05
8.969752914e-05
9.354127996e-05
9.241076139e-05
9.156662437e-05
9.272145391e-05
8.51656568e-05
9.742158233e-05
8.778458052e-05
8.672508572e-05
9.242324608e-05
9.767972288e-05
8.421852717e-05
8.392015711e-05
8.881588912e-05
9.365692754e-05
8.864468832e-05
9.341086343e-05
8.836869062e-05
7.346584842e-05
8.799001445e-05
0.0001023442324
7.7788019e-05
9.687943777e-05
9.659640355e-05
9.618491255e-05
9.106269112e-05
0.0001001615878
8.076484338e-05
0.0001039566978
7.99749541e-05
9.820976162e-05
9.772752591e-05
8.32313788e-05
9.198097198e-05
9.135125247e-05
8.627556632e-05
9.466346401e-05
0.0001030250655
9.778938645e-05
8.388486037e-05
9.196888056e-05
9.565806625e-05
9.05440189e-05
8.985896417e-05
8.059334495e-05
8.836886878e-05
9.174442098e-05
8.684650115e-05
9.423723934e-05
9.748387789e-05
9.253510494e-05
9.569228877e-05
9.476321247e-05
8.60613097e-05
8.520915255e-05
9.206846268e-05
9.114102276e-05
9.024828762e-05
8.932549247e-05
8.842988795e-05
9.116034233e-05
9.022724179e-05
9.999420507e-05
8.481929533e-05
9.790187638e-05
8.64971309e-05
8.898401778e-05
0.0001015921812
9.043006856e-05
8.947341525e-05
9.50335214e-05
9.726816032e-05
8.976348343e-05
9.515491664e-05
8.466706096e-05
9.618030956e-05
9.507800532e-05
9.710796119e-05
9.298608922e-05
9.200766916e-05
8.21359915e-05
9.579026554e-05
9.179863377e-05
8.800588676e-05
9.53843612e-05
9.440136024e-05
9.602595101e-05
9.233000893e-05
9.659710747e-05
9.562125098e-05
9.185383857e-05
9.093659908e-05
8.98460235e-05
9.150179243e-05
9.040148327e-05
9.449552151e-05
9.090002281e-05
8.75952715e-05
8.894181515e-05
8.810202197e-05
9.174217109e-05
8.855930778e-05
8.979088274e-05
9.1251951e-05
9.240220712e-05
9.157288271e-05
9.267240319e-05
9.185575206e-05
8.210374846e-05
9.424546952e-05
9.522461984e-05
9.02208492e-05
0.0001032598843
8.846793314e-05
8.838018893e-05
0.0001079193501
0.0001077369093
9.291331974e-05
0.0001024505473
8.764652073e-05
9.223630089e-05
9.20134296e-05
9.167767222e-05
7.697685424e-05
8.62308502e-05
8.593569871e-05
9.977457349e-05
8.51855274e-05
8.002090439e-05
8.903992594e-05
9.7833139e-05
8.344551216e-05
9.212616199e-05
9.621158898e-05
9.10039807e-05
8.594795306e-05
9.430530348e-05
8.03236159e-05
0.0001018494614
9.67646175e-05
8.726133043e-05
8.663657502e-05
9.450220081e-05
9.805074599e-05
0.0001014248194
9.223426853e-05
9.971588564e-05
9.888777312e-05
8.572723978e-05
8.903304446e-05
8.8189085e-05
9.137115234e-05
9.048537138e-05
9.354498666e-05
8.876091731e-05
9.173670815e-05
9.459783985e-05
8.99247537e-05
9.271514256e-05
8.811444676e-05
9.083643436e-05
8.631065463e-05
8.540621363e-05
8.804122402e-05
9.058883353e-05
9.308826156e-05
9.208254023e-05
0.0001046108212
8.67767601e-05
8.916120153e-05
8.49060925e-05
9.046799193e-05
9.264704972e-05
9.166437261e-05
0.0001031243852
9.27562068e-05
8.86374763e-05
9.374928751e-05
9.266651098e-05
0.0001035226761
8.770106507e-05
9.256903075e-05
9.148442436e-05
8.204630295e-05
9.505837889e-05
9.131170372e-05
9.296393174e-05
8.389585404e-05
9.091944439e-05
9.264798428e-05
8.89252578e-05
9.321586444e-05
8.953977497e-05
9.118983257e-05
9.009327112e-05
8.921678987e-05
9.303830705e-05
9.214618643e-05
9.103374439e-05
8.780113529e-05
9.377283207e-05
9.290156297e-05
9.407228562e-05
9.321291883e-05
9.657710976e-05
8.903285391e-05
9.235368524e-05
0.000102437487
9.904602769e-05
8.111322024e-05
9.067771481e-05
9.409076496e-05
0.0001028568629
0.0001028098084
8.803547249e-05
0.0001026122048
9.268300851e-05
7.306690937e-05
0.000106911652
9.700633158e-05
8.704254397e-05
0.0001013044192
8.170973918e-05
9.584863757e-05
0.0001049862864
9.987140231e-05
9.465765563e-05
8.957220487e-05
0.0001031593012
9.803542179e-05
9.281847042e-05
8.774519137e-05
9.63644861e-05
7.758958478e-05
9.065933924e-05
9.012928259e-05
9.394984295e-05
9.78037059e-05
7.940930988e-05
8.763830268e-05
9.128248434e-05
0.0001035764356
8.987177836e-05
9.343997493e-05
9.262944649e-05
9.18941539e-05
9.52100893e-05
8.210423518e-05
8.948142492e-05
9.677264137e-05
9.585673719e-05
9.10396181e-05
9.407830751e-05
9.320736303e-05
9.228714707e-05
9.140733589e-05
9.425955125e-05
9.333701166e-05
9.23852614e-05
8.780124802e-05
9.413541284e-05
8.600533266e-05
9.219734862e-05
8.773121409e-05
9.027102747e-05
8.932629905e-05
8.496376271e-05
0.0001008828609
0.0001031046041
8.885115915e-05
9.437466905e-05
9.659416564e-05
8.595962429e-05
8.819793393e-05
9.654082919e-05
9.551813844e-05
8.833311678e-05
9.342746243e-05
8.937011795e-05
9.432518437e-05
9.322810113e-05
8.936981089e-05
8.832322236e-05
9.304457038e-05
9.194830485e-05
9.100069098e-05
9.264767754e-05
8.361042019e-05
9.594042624e-05
9.497110587e-05
9.383626517e-05
9.289910871e-05
9.178519588e-05
9.087999262e-05
8.978715344e-05
9.138340348e-05
9.5162052e-05
9.908280433e-05
9.311143627e-05
9.459707762e-05
8.410798975e-05
9.25849745e-05
9.603784976e-05
9.516050072e-05
8.953196446e-05
9.760124717e-05
9.203715204e-05
8.471002145e-05
9.441411217e-05
9.572512957e-05
9.666973215e-05
9.168290867e-05
9.269916809e-05
9.753348528e-05
9.743714961e-05
9.247897651e-05
9.718244011e-05
0.0001067490086
0.000101656604
0.0001062936313
0.0001059739422
9.610746245e-05
8.139453816e-05
9.070512529e-05
8.556745294e-05
7.57999728e-05
9.429471269e-05
9.392526668e-05
8.408059583e-05
0.0001023117053
8.78419704e-05
8.281095657e-05
8.685650159e-05
8.638946676e-05
0.0001038648931
8.978961528e-05
9.359705199e-05
9.300792708e-05
8.350772325e-05
9.604235402e-05
9.527373854e-05
9.889219762e-05
9.806694824e-05
9.309484827e-05
9.228866786e-05
9.155653841e-05
9.486169009e-05
8.99846219e-05
8.510321457e-05
9.240336328e-05
9.550973053e-05
9.465441502e-05
9.37395543e-05
9.287216774e-05
9.195659158e-05
9.108032034e-05
9.768062045e-05
8.928459541e-05
9.205771935e-05
9.478112355e-05
8.658765608e-05
9.284401016e-05
8.480638989e-05
9.791418527e-05
9.341526824e-05
8.901424554e-05
9.144142685e-05
8.712764854e-05
8.948941494e-05
9.182264574e-05
9.729171396e-05
9.305197028e-05
8.883643186e-05
0.0001004507873
9.620952549e-05
9.211980027e-05
9.713747895e-05
9.611131802e-05
8.609622859e-05
9.400327716e-05
9.291057724e-05
9.193853976e-05
8.802296408e-05
9.834816681e-05
9.441305327e-05
9.344002575e-05
9.504926095e-05
8.870285243e-05
9.030345454e-05
9.464933742e-05
8.832306675e-05
9.258449842e-05
9.147445587e-05
9.057225106e-05
8.948310896e-05
9.353534027e-05
8.997605004e-05
9.393008725e-05
9.279565977e-05
9.42762007e-05
8.847918266e-05
9.919082667e-05
9.115352866e-05
9.257879453e-05
8.699617963e-05
9.063668499e-05
9.17227812e-05
9.307924832e-05
9.622920231e-05
9.327744761e-05
9.005480094e-05
9.136813463e-05
8.748015851e-05
0.0001068713965
9.706004924e-05
8.727264955e-05
9.196640873e-05
8.216906022e-05
9.162001671e-05
0.0001058834876
8.637195453e-05
7.65899181e-05
7.154272907e-05
9.511235977e-05
7.576850437e-05
9.910646695e-05
9.393454235e-05
9.824509775e-05
8.841394736e-05
8.802407867e-05
9.211467203e-05
0.000100830014
0.0001001909898
9.512296917e-05
8.997782861e-05
9.392512347e-05
9.768722926e-05
8.824798865e-05
0.0001050907457
9.133592098e-05
8.629167415e-05
9.424261593e-05
8.496137744e-05
9.696827361e-05
8.777082438e-05
8.292854055e-05
9.040644739e-05
9.373230608e-05
9.287027226e-05
9.206872012e-05
7.930435597e-05
9.431344207e-05
9.340323186e-05
9.253937469e-05
9.162839562e-05
9.075563628e-05
9.73337882e-05
9.267491878e-05
9.173249162e-05
8.718148289e-05
8.987837557e-05
9.963464423e-05
9.859456422e-05
9.060240597e-05
9.998537279e-05
9.211607103e-05
8.43742651e-05
8.68255933e-05
8.587722718e-05
9.150555392e-05
9.372488923e-05
9.592944723e-05
0.0001043408795
8.759302531e-05
8.969464998e-05
9.486502266e-05
9.075581953e-05
8.979715712e-05
8.876208561e-05
8.782833716e-05
9.259520891e-05
9.44898323e-05
9.05545707e-05
9.801497144e-05
9.962858653e-05
9.038497845e-05
9.743461488e-05
9.108198557e-05
8.99985791e-05
9.170947134e-05
9.061399054e-05
9.227201185e-05
9.623058017e-05
9.528139701e-05
9.165836994e-05
9.321960145e-05
9.20957927e-05
9.121250621e-05
9.248201787e-05
9.395749328e-05
9.282078944e-05
8.736031559e-05
8.857343381e-05
9.451532166e-05
9.11469051e-05
8.812571563e-05
8.705766728e-05
8.844790721e-05
9.803190273e-05
9.084646901e-05
9.183367125e-05
9.519440165e-05
9.682519627e-05
7.742484662e-05
8.218297803e-05
8.210645893e-05
9.643394554e-05
9.62973e-05
9.607130606e-05
8.150456577e-05
7.648046194e-05
9.060166318e-05
8.552263311e-05
8.527360188e-05
8.491418514e-05
9.87283766e-05
8.889825733e-05
9.321097924e-05
8.807871622e-05
9.230588881e-05
9.635509815e-05
9.131775447e-05
9.527714296e-05
8.574025935e-05
9.860499135e-05
9.802969414e-05
0.0001017469175
0.000101107383
9.161334398e-05
9.099757494e-05
0.0001031678719
8.962730733e-05
9.734687326e-05
7.981052542e-05
9.161457789e-05
9.915130413e-05
8.598357365e-05
8.527119884e-05
9.253470456e-05
8.774794894e-05
9.482320012e-05
8.61436738e-05
9.306931415e-05
9.220895816e-05
9.1302534e-05
9.043325887e-05
8.952868634e-05
9.973517293e-05
9.506593593e-05
9.411444233e-05
8.956349789e-05
9.573996544e-05
9.123284381e-05
9.028671248e-05
9.276665108e-05
9.179650445e-05
9.417248203e-05
8.652562515e-05
8.887310953e-05
8.793383586e-05
9.340334317e-05
9.560050699e-05
8.822896287e-05
9.352893424e-05
9.247131608e-05
9.149206709e-05
8.441753938e-05
0.0001014243134
9.140986688e-05
9.628369736e-05
8.651435087e-05
9.702386546e-05
9.024880578e-05
8.093819308e-05
9.101830015e-05
9.00802361e-05
9.44090977e-05
9.344509352e-05
8.969575532e-05
9.401229753e-05
8.772897678e-05
9.196162756e-05
9.338311342e-05
9.246195002e-05
8.888115593e-05
9.046109268e-05
9.903210189e-05
8.851322082e-05
9.92605266e-05
9.364093342e-05
9.25077233e-05
9.164802446e-05
9.7327978e-05
8.74677159e-05
9.526953179e-05
9.00231159e-05
8.893138051e-05
9.244777951e-05
8.707906243e-05
9.474859648e-05
8.736037793e-05
9.486980054e-05
9.645309851e-05
9.158872245e-05
9.149881104e-05
8.179118872e-05
9.606400531e-05
8.633517502e-05
9.091816341e-05
9.074453799e-05
9.047337534e-05
9.500575233e-05
8.519649785e-05
8.022921132e-05
0.0001080888547
8.898619248e-05
9.32223934e-05
9.285789412e-05
0.000101600652
9.195750252e-05
9.599253977e-05
7.732829147e-05
0.00010396014
8.541930099e-05
8.930648772e-05
9.322509287e-05
9.696175156e-05
0.0001007323816
8.258196741e-05
9.06617264e-05
9.422283279e-05
9.355048369e-05
8.855680528e-05
9.207459759e-05
8.71320662e-05
9.879099741e-05
8.975198912e-05
9.305468299e-05
8.01752636e-05
9.140665307e-05
9.054680516e-05
8.973719595e-05
9.273777545e-05
9.188089276e-05
9.097898192e-05
9.011316362e-05
8.921304048e-05
9.570303906e-05
9.108888172e-05
9.739170667e-05
9.639088429e-05
8.833890084e-05
8.392228713e-05
8.651270322e-05
9.586962363e-05
8.80910309e-05
8.714460691e-05
8.954417342e-05
9.512873139e-05
8.438661707e-05
8.345461696e-05
8.574643341e-05
9.734922604e-05
9.32103833e-05
9.830102582e-05
9.422077772e-05
9.314569725e-05
8.621602542e-05
8.816227089e-05
9.595843634e-05
8.90967626e-05
8.247667427e-05
9.275588313e-05
9.179214768e-05
9.071246519e-05
8.433647864e-05
9.678058856e-05
9.313143936e-05
8.939496258e-05
9.109428855e-05
9.257814929e-05
9.16533244e-05
9.05547331e-05
9.464259487e-05
9.596514009e-05
9.259447579e-05
0.0001011072494
9.536894104e-05
9.186105186e-05
9.33264995e-05
8.989184284e-05
9.819040085e-05
9.023282694e-05
9.16436219e-05
9.715624754e-05
9.190771497e-05
9.9439321e-05
9.427792742e-05
9.101723857e-05
9.442749801e-05
9.535512574e-05
8.838127045e-05
0.0001008880422
9.123814409e-05
8.635145447e-05
7.668548741e-05
9.569689258e-05
9.078339328e-05
8.580434567e-05
9.515620918e-05
9.961609322e-05
9.464410725e-05
8.015768273e-05
0.000103431802
8.895252859e-05
9.798078484e-05
8.358331762e-05
9.25074739e-05
9.201665573e-05
9.161173613e-05
9.563269959e-05
9.063373808e-05
8.55595136e-05
0.0001030166812
9.342328807e-05
8.84561677e-05
9.221199139e-05
9.59966668e-05
9.959959534e-05
8.60269979e-05
9.387766395e-05
9.320821597e-05
8.403243111e-05
9.590944106e-05
9.095026382e-05
9.023052486e-05
8.129845493e-05
9.67508163e-05
9.586517426e-05
9.107917745e-05
9.022369939e-05
8.941739234e-05
9.240859042e-05
9.15551535e-05
9.065771491e-05
8.979532637e-05
8.88996125e-05
9.169920629e-05
9.440126975e-05
8.986257149e-05
9.605554052e-05
0.0001021169288
8.71163212e-05
8.621334597e-05
8.871486865e-05
9.116397725e-05
8.016499051e-05
9.254200764e-05
8.499615215e-05
9.056728391e-05
9.276682478e-05
8.545441319e-05
8.450011152e-05
8.67010619e-05
8.878372619e-05
9.087283116e-05
0.0001048094828
9.777678671e-05
9.07942397e-05
9.273732411e-05
8.87973881e-05
9.92063814e-05
8.964342904e-05
8.316753866e-05
9.588799251e-05
8.947687492e-05
8.573942843e-05
9.016788708e-05
9.433713228e-05
9.338377553e-05
9.226887405e-05
9.134708153e-05
9.025225501e-05
9.184412159e-05
9.319209455e-05
9.22850465e-05
9.357145088e-05
9.742631194e-05
8.920615508e-05
9.533952441e-05
9.188788404e-05
9.558554867e-05
9.442654794e-05
9.133608205e-05
9.24282584e-05
9.814148575e-05
9.910424468e-05
9.609574289e-05
9.281927636e-05
9.829117162e-05
8.676838604e-05
9.013035989e-05
0.0001005032882
0.000100457633
7.646431342e-05
0.000109815335
8.579931753e-05
9.043786335e-05
9.497576991e-05
9.953435219e-05
9.92381871e-05
9.428520499e-05
8.924894598e-05
8.898956449e-05
8.861681744e-05
9.296306536e-05
9.714700935e-05
8.755170409e-05
9.62552729e-05
0.0001003954162
9.073861633e-05
8.578078035e-05
8.524129638e-05
8.92468837e-05
8.421283611e-05
9.69418684e-05
8.312238318e-05
8.694840219e-05
8.197611631e-05
9.428300305e-05
8.928342323e-05
8.86471507e-05
9.628637212e-05
9.140676391e-05
9.062170653e-05
9.399159225e-05
8.505662271e-05
9.238678711e-05
9.154239549e-05
9.469986772e-05
8.990289134e-05
9.297376702e-05
9.208173411e-05
9.503303722e-05
9.410282172e-05
8.947972333e-05
9.597074405e-05
9.137851844e-05
9.407240985e-05
9.313182205e-05
9.926780057e-05
9.123597274e-05
9.723356466e-05
8.935269542e-05
8.841005306e-05
8.412126969e-05
8.987703236e-05
8.893179959e-05
9.448028718e-05
8.381173223e-05
9.245180782e-05
9.778131972e-05
8.73331784e-05
9.566573867e-05
9.458654011e-05
9.660410231e-05
8.654996764e-05
9.744790978e-05
8.757050833e-05
8.953782865e-05
9.135485804e-05
9.604921191e-05
9.492776208e-05
9.394148016e-05
9.010692002e-05
9.458295553e-05
8.812401029e-05
9.251040572e-05
9.14111357e-05
9.307265554e-05
9.196165831e-05
9.104287835e-05
8.995179092e-05
9.153829329e-05
8.799325972e-05
9.197767841e-05
9.325969012e-05
8.999663991e-05
9.124836913e-05
9.502152246e-05
9.158106888e-05
0.0001020710791
9.187002181e-05
8.881034088e-05
8.992525298e-05
8.694456745e-05
9.66242142e-05
8.938818928e-05
9.46091792e-05
8.962326241e-05
9.265220211e-05
9.39091449e-05
8.58183923e-05
9.054497774e-05
9.045662473e-05
9.512910522e-05
9.022246983e-05
9.009495369e-05
0.0001040777348
9.44357707e-05
8.944760051e-05
8.923256372e-05
8.891245027e-05
9.798623251e-05
8.828363075e-05
9.724442983e-05
9.678289815e-05
9.640523378e-05
9.132929811e-05
9.092794577e-05
9.492105244e-05
9.44578874e-05
9.833471705e-05
0.0001022539852
9.273395485e-05
8.780418651e-05
9.589351662e-05
9.529241083e-05
9.457280353e-05
8.539894499e-05
9.319485789e-05
9.253113936e-05
8.759555416e-05
8.279678807e-05
9.439985609e-05
9.365371885e-05
9.282368971e-05
8.805396855e-05
9.121633836e-05
8.649942349e-05
9.347932863e-05
9.26447739e-05
9.175718187e-05
9.091055514e-05
9.752376828e-05
8.916633102e-05
8.827931736e-05
0.0001056296763
8.653461531e-05
9.28088258e-05
8.479271518e-05
9.441798894e-05
8.997779662e-05
9.932013252e-05
8.471858166e-05
9.389344461e-05
9.620541081e-05
9.191128892e-05
8.766561932e-05
8.99523877e-05
8.896171883e-05
8.801986609e-05
9.014713396e-05
8.919203097e-05
9.122757272e-05
9.928811319e-05
8.923422603e-05
9.12351022e-05
8.43683429e-05
8.923839085e-05
9.104994518e-05
8.446646856e-05
9.461150223e-05
9.638229564e-05
9.797145715e-05
9.157492271e-05
9.581584796e-05
9.220298454e-05
9.371071926e-05
9.276360173e-05
9.165648158e-05
9.074069455e-05
9.463406083e-05
9.123449498e-05
9.013736846e-05
9.408478127e-05
8.818333324e-05
9.441865407e-05
8.861315718e-05
9.23957413e-05
9.355820323e-05
9.268856065e-05
9.15638019e-05
9.294001077e-05
9.3996888e-05
9.315327687e-05
8.774073198e-05
9.333136935e-05
9.010095603e-05
9.139985989e-05
9.64444066e-05
9.155859966e-05
9.02432301e-05
8.545483827e-05
9.01144852e-05
9.950782423e-05
9.934280873e-05
0.000103926419
8.483326977e-05
9.878360827e-05
8.911082503e-05
9.3575505e-05
9.79025332e-05
9.761836107e-05
8.795294015e-05
9.688038723e-05
9.642150618e-05
8.689830906e-05
0.0001000884014
8.6060371e-05
9.456918591e-05
9.410804931e-05
9.797168606e-05
0.0001018768566
8.359374715e-05
7.435951881e-05
0.0001042283452
8.631285784e-05
8.566219996e-05
8.083392768e-05
8.86363858e-05
7.962405696e-05
8.727975775e-05
9.487348232e-05
9.406128335e-05
9.737558178e-05
8.444967958e-05
8.774021874e-05
9.08925957e-05
9.402853518e-05
9.314929158e-05
9.23181009e-05
9.143490945e-05
9.814095174e-05
8.970738476e-05
8.885512628e-05
8.797240458e-05
8.7114072e-05
8.982838102e-05
9.248806222e-05
9.154249918e-05
8.712331436e-05
0.0001000158823
8.53275768e-05
9.118384223e-05
9.357326579e-05
8.926616048e-05
8.178494876e-05
9.384062335e-05
0.0001024549258
8.866166109e-05
9.398907329e-05
9.294217094e-05
8.889233408e-05
9.092184698e-05
8.995953595e-05
0.000100794144
9.386351393e-05
0.0001014844097
8.894094917e-05
8.791121529e-05
9.541024926e-05
9.429734268e-05
9.331762972e-05
8.950940579e-05
8.59023878e-05
8.754031711e-05
9.452324548e-05
9.340062204e-05
8.988835489e-05
9.135332362e-05
9.044051009e-05
9.432109285e-05
9.33903472e-05
9.226729234e-05
8.896459544e-05
9.026691456e-05
9.175343409e-05
9.296800515e-05
8.978736047e-05
9.77965604e-05
8.562148939e-05
8.903377228e-05
8.822021822e-05
9.586272019e-05
8.85249322e-05
9.384667144e-05
9.30200597e-05
8.979961451e-05
9.730522467e-05
9.20306682e-05
8.922381583e-05
0.0001040981699
9.932145014e-05
7.559993608e-05
8.969170235e-05
9.425607792e-05
8.471072541e-05
0.0001079906783
0.0001030987752
9.812147874e-05
0.0001025471112
9.289159373e-05
7.872881455e-05
7.840106319e-05
7.813447724e-05
8.233954549e-05
9.113184752e-05
8.611952669e-05
7.671614429e-05
9.870658122e-05
8.0366394e-05
9.761132568e-05
8.826304319e-05
0.0001008218359
8.280365877e-05
9.086732561e-05
9.029848494e-05
8.961896561e-05
9.325799561e-05
0.0001009329957
9.186382855e-05
9.524872826e-05
9.042298258e-05
9.372513057e-05
9.29852074e-05
9.617079396e-05
8.742869687e-05
9.450901873e-05
9.369642564e-05
9.282157678e-05
9.199372356e-05
9.111489289e-05
9.027496996e-05
8.939502016e-05
8.85460863e-05
9.497325331e-05
8.681258223e-05
8.593794046e-05
8.862452715e-05
9.47371784e-05
9.377059719e-05
9.623722057e-05
9.183925938e-05
9.760512807e-05
8.326362784e-05
8.896382796e-05
9.128910932e-05
9.674899503e-05
9.572762648e-05
9.151946426e-05
8.430595522e-05
8.645540082e-05
9.164963223e-05
0.0001027005853
9.264780908e-05
8.863977946e-05
9.647442072e-05
8.958753148e-05
9.150501545e-05
9.044618517e-05
9.509394537e-05
9.398526257e-05
9.300880138e-05
9.191705326e-05
9.364523642e-05
9.518330241e-05
8.897725321e-05
9.309257032e-05
9.21516109e-05
9.105216446e-05
9.515021105e-05
9.401018811e-05
9.063290794e-05
9.196309032e-05
9.346425677e-05
8.523392229e-05
9.379558107e-05
9.266104328e-05
9.178548169e-05
9.974007453e-05
9.881287545e-05
9.539439423e-05
9.672089687e-05
9.988764335e-05
9.253522342e-05
9.35346461e-05
9.060375581e-05
8.950028194e-05
8.666383352e-05
9.376130712e-05
9.296774951e-05
8.485129518e-05
8.01010957e-05
9.414517094e-05
9.405796026e-05
8.451236509e-05
9.377015955e-05
9.823100641e-05
7.47002702e-05
9.775480669e-05
9.287640925e-05
9.254528124e-05
9.227699339e-05
0.0001010829783
9.616041822e-05
8.20343648e-05
8.171487882e-05
9.031730273e-05
8.992118761e-05
8.493291455e-05
9.341609001e-05
8.39917511e-05
0.0001011308838
7.861613135e-05
9.118624035e-05
9.484856284e-05
0.0001028238444
9.354712276e-05
8.447387385e-05
8.799865907e-05
8.737314365e-05
9.903422516e-05
8.190885862e-05
8.527038303e-05
9.668297518e-05
8.784425788e-05
8.711937929e-05
9.417595399e-05
9.336665387e-05
9.249615981e-05
9.167161775e-05
9.079710859e-05
8.996049845e-05
8.908482334e-05
8.823918856e-05
9.464534831e-05
8.65131721e-05
9.277956793e-05
8.478751485e-05
8.7419651e-05
9.691133838e-05
9.590962797e-05
9.152687548e-05
9.05657397e-05
8.630088506e-05
9.52312058e-05
8.123318542e-05
8.99954399e-05
9.222573882e-05
8.492230666e-05
9.024762181e-05
8.001195084e-05
9.43885243e-05
8.429540182e-05
8.936080332e-05
9.129036686e-05
9.032670302e-05
9.217119964e-05
9.405210227e-05
8.733019487e-05
9.19920926e-05
9.367524132e-05
9.542854012e-05
9.430884038e-05
9.333678167e-05
9.223486924e-05
9.129285907e-05
9.278654395e-05
9.184863365e-05
9.327390064e-05
9.234178426e-05
9.123550189e-05
9.033507973e-05
8.924875898e-05
9.076841147e-05
8.967332399e-05
9.114994024e-05
9.004719925e-05
9.605753318e-05
9.263337812e-05
9.848723948e-05
9.507957498e-05
8.982883338e-05
9.306449688e-05
9.651899515e-05
9.534343168e-05
8.400329945e-05
9.335191217e-05
8.843255804e-05
9.548041386e-05
8.862951692e-05
8.923007478e-05
9.38839678e-05
8.441376773e-05
9.839156496e-05
9.822940967e-05
9.34199268e-05
8.854414609e-05
9.767848934e-05
0.0001020285251
8.327768757e-05
9.681161843e-05
9.193441469e-05
9.613089035e-05
7.299385273e-05
9.989397976e-05
9.498222638e-05
0.0001034826769
9.407006438e-05
7.571400609e-05
8.864182121e-05
0.0001057074542
9.638102357e-05
9.138536249e-05
9.950793426e-05
9.020959255e-05
8.110793427e-05
9.744698058e-05
9.258694986e-05
8.768322463e-05
9.120607378e-05
9.868101064e-05
8.569795417e-05
8.49678095e-05
9.634035353e-05
9.151298498e-05
9.470426476e-05
9.384522854e-05
9.303919527e-05
9.217301658e-05
9.135175972e-05
9.048153328e-05
8.964821025e-05
8.877677182e-05
9.526227844e-05
8.706433826e-05
8.980814599e-05
9.246189081e-05
8.801820994e-05
9.060660627e-05
0.0001000306912
9.558425805e-05
9.797339535e-05
9.694573285e-05
8.931763781e-05
9.491084054e-05
9.715210348e-05
9.289720461e-05
0.0001014254952
8.463874268e-05
8.994642677e-05
9.508137682e-05
9.407453168e-05
9.301740354e-05
9.203322963e-05
9.392341384e-05
9.002790984e-05
9.186696913e-05
9.658237774e-05
8.704255522e-05
9.168912935e-05
9.611335448e-05
8.152697353e-05
9.399923105e-05
9.303035227e-05
8.930577304e-05
9.359327684e-05
8.991356403e-05
9.409063219e-05
9.296842413e-05
9.20393051e-05
9.093673758e-05
9.247269445e-05
9.136066453e-05
9.047104681e-05
8.937944667e-05
9.318067754e-05
8.745050277e-05
9.346281129e-05
8.78252917e-05
9.37017544e-05
9.256294713e-05
8.953333352e-05
9.275779685e-05
8.764972109e-05
9.080503394e-05
9.628476187e-05
9.51104171e-05
9.018957211e-05
9.313859898e-05
9.63658107e-05
9.357620303e-05
7.950388422e-05
9.811578354e-05
8.402144839e-05
9.3203621e-05
0.0001023795306
0.0001021437813
0.0001019496665
8.778870647e-05
9.679706591e-05
0.0001010463801
9.159437023e-05
8.209381819e-05
9.99963603e-05
9.047860018e-05
9.463301432e-05
9.413775775e-05
9.818854118e-05
8.431243268e-05
9.273423213e-05
9.215752322e-05
8.730065749e-05
9.539024101e-05
9.052629725e-05
8.132387585e-05
9.782962645e-05
9.709722527e-05
8.386821403e-05
9.569100001e-05
8.261883271e-05
9.013611448e-05
9.75928931e-05
9.273093528e-05
9.200014532e-05
8.722624287e-05
9.437156082e-05
9.351681784e-05
9.271402559e-05
9.567929516e-05
9.1034126e-05
9.016814401e-05
8.93380827e-05
9.215712855e-05
9.858569775e-05
9.399628449e-05
8.95005263e-05
8.505819851e-05
9.473560392e-05
8.335281235e-05
9.625361526e-05
8.845672483e-05
9.427541914e-05
9.661936502e-05
9.231409302e-05
9.785443811e-05
9.037147522e-05
9.897223872e-05
9.476900004e-05
9.373007344e-05
8.037338354e-05
8.559509258e-05
9.981182256e-05
9.270980302e-05
9.76469866e-05
9.068823975e-05
9.262563809e-05
8.870334224e-05
8.777074971e-05
8.675680415e-05
8.861881704e-05
9.853548826e-05
8.938579977e-05
8.566093525e-05
9.537524058e-05
9.424999002e-05
9.328734045e-05
9.218048784e-05
9.37833007e-05
9.516939987e-05
8.925937404e-05
9.063992359e-05
9.45963521e-05
9.106240172e-05
9.492170965e-05
0.0001031539349
8.591052133e-05
8.716459067e-05
9.088505901e-05
8.080412421e-05
8.672391366e-05
8.56695127e-05
9.57695108e-05
9.245311167e-05
8.736181715e-05
9.471568945e-05
9.805408679e-05
9.067493293e-05
8.989199184e-05
8.879423481e-05
9.404602005e-05
8.390575183e-05
0.0001025052543
8.844188978e-05
7.90590684e-05
0.0001021438062
7.881816407e-05
9.713987507e-05
9.695537865e-05
9.206766755e-05
9.184713441e-05
7.779341577e-05
9.125683199e-05
8.633596471e-05
9.510030775e-05
9.014694092e-05
9.877618739e-05
9.37938633e-05
9.338330301e-05
8.400557909e-05
8.359730594e-05
8.745091763e-05
9.13337346e-05
8.640539919e-05
8.590466185e-05
9.382613733e-05
9.324030696e-05
8.833693065e-05
9.192549225e-05
9.120476262e-05
9.467392901e-05
8.98169128e-05
8.509176035e-05
8.83866332e-05
9.167641298e-05
9.482234716e-05
8.620442081e-05
9.319069766e-05
9.239112091e-05
9.15334567e-05
9.071869347e-05
9.734499464e-05
0.0001001588551
8.816701625e-05
8.733112835e-05
8.646930421e-05
9.276280706e-05
9.183301854e-05
8.742013249e-05
9.69157937e-05
9.592809029e-05
0.0001017215319
8.724670313e-05
8.965413986e-05
9.529045487e-05
0.000104029278
9.650323184e-05
9.227872705e-05
9.445371027e-05
8.407725812e-05
8.935002801e-05
9.140583793e-05
8.742356108e-05
8.94234486e-05
8.552825008e-05
8.747433388e-05
9.520629317e-05
9.126449367e-05
9.030502754e-05
8.647292312e-05
9.660970483e-05
9.821364251e-05
9.179366191e-05
9.071789771e-05
9.242349024e-05
9.394293998e-05
9.298339762e-05
9.188041906e-05
9.095153874e-05
8.986712569e-05
8.896889478e-05
9.034504087e-05
8.703557003e-05
9.79318232e-05
8.751680551e-05
8.879743298e-05
9.951681763e-05
9.373953216e-05
9.058883119e-05
8.725218677e-05
8.644091449e-05
9.195798669e-05
9.545652772e-05
9.215042157e-05
8.919959833e-05
9.440490796e-05
9.357356444e-05
8.832264462e-05
9.163264996e-05
9.453550124e-05
8.775276603e-05
9.288359595e-05
7.891551213e-05
9.739003532e-05
8.803339831e-05
9.251494397e-05
9.70039897e-05
8.295559839e-05
7.359834162e-05
8.25558166e-05
9.608454844e-05
8.662620019e-05
0.0001000139496
8.149232658e-05
8.572810209e-05
0.0001077812451
8.946879758e-05
8.455223681e-05
9.304366894e-05
8.810626419e-05
8.767833914e-05
9.149181691e-05
7.367004596e-05
8.609464885e-05
8.559603614e-05
9.773976463e-05
8.02377356e-05
9.221366287e-05
9.159829501e-05
8.675034521e-05
9.023691493e-05
8.949996394e-05
8.479186809e-05
8.407283704e-05
9.135495096e-05
9.055399315e-05
9.371311692e-05
9.286684413e-05
9.207045765e-05
9.121699353e-05
9.417233265e-05
8.954783333e-05
9.242106298e-05
8.786526875e-05
9.42852957e-05
8.976544462e-05
8.533590338e-05
9.504184789e-05
9.060909662e-05
9.658886038e-05
8.87758483e-05
9.800059126e-05
8.69539239e-05
9.266375767e-05
9.497202728e-05
9.072246045e-05
8.976989983e-05
9.197256623e-05
0.0001004165455
9.000665581e-05
9.212563934e-05
8.50310031e-05
9.31449643e-05
8.615868674e-05
9.700562679e-05
9.881277808e-05
9.201886384e-05
9.096620959e-05
9.563555292e-05
9.175159666e-05
9.079209565e-05
9.51746176e-05
9.1494822e-05
9.308248122e-05
9.475510486e-05
9.363788407e-05
9.268142894e-05
9.412625024e-05
9.317462171e-05
9.206388318e-05
9.114364168e-05
9.248591039e-05
9.398271309e-05
9.047168059e-05
9.194817484e-05
9.316764142e-05
9.458012423e-05
9.343504957e-05
9.255189134e-05
9.142834952e-05
9.720587889e-05
0.0001003878395
9.730798333e-05
9.1849707e-05
9.314225457e-05
9.82782108e-05
9.326757084e-05
9.62221837e-05
9.539150323e-05
9.221989253e-05
8.945218409e-05
8.28234447e-05
9.311919561e-05
9.297259328e-05
8.254841605e-05
7.203240291e-05
0.0001027296745
0.0001023353485
9.189320272e-05
9.144432912e-05
8.105144811e-05
9.064766433e-05
0.0001003706861
8.972013089e-05
9.928283099e-05
0.0001083758089
7.844961638e-05
8.751086088e-05
0.0001063924309
8.625022763e-05
0.0001047977386
9.433386095e-05
0.000103098503
9.274782017e-05
0.0001013091673
8.197932902e-05
9.944401334e-05
7.149382633e-05
8.865176886e-05
9.635702042e-05
8.685573622e-05
0.0001029476128
9.352974484e-05
0.0001007463508
9.981171482e-05
9.031466994e-05
8.944521523e-05
8.827042983e-05
9.533798518e-05
9.406628099e-05
9.310570463e-05
9.184805084e-05
9.088853134e-05
0.0001045898865
8.869420642e-05
9.476428109e-05
0.0001009510547
9.955519139e-05
9.143348404e-05
9.710016771e-05
8.917037177e-05
8.793021003e-05
9.364430533e-05
9.893706682e-05
9.131474286e-05
0.0001029088455
0.0001017645474
8.153675027e-05
0.0001054417756
9.1750825e-05
9.073689446e-05
0.0001133521932
8.850563779e-05
9.893456346e-05
8.634383582e-05
9.084940172e-05
9.54853446e-05
9.4199359e-05
8.771130191e-05
7.031467209e-05
9.097958392e-05
9.505981096e-05
8.361740789e-05
9.284268334e-05
9.188883641e-05
0.0001007846843
8.978769188e-05
9.357396253e-05
8.288876331e-05
9.148449786e-05
0.0001001207132
8.94752647e-05
9.32726632e-05
7.832916793e-05
8.670922228e-05
9.470980064e-05
9.82866147e-05
9.274219241e-05
9.625685522e-05
9.085446093e-05
8.573490187e-05
9.328452536e-05
9.664050488e-05
9.146708285e-05
9.064544587e-05
8.972616943e-05
9.296815816e-05
8.805945365e-05
9.521258983e-05
9.039486188e-05
9.349040134e-05
8.214575495e-05
9.235748663e-05
8.196704117e-05
0.0001125769937
9.185813905e-05
6.113560928e-05
0.0001015038962
9.114708578e-05
8.062621234e-05
0.0001004953069
0.0001098997674
8.960722936e-05
0.0001087804458
0.0001083382894
9.774032386e-05
8.755532046e-05
8.682038684e-05
9.595853005e-05
8.557515502e-05
8.507375633e-05
8.424167495e-05
0.0001023001455
0.0001012381392
0.0001005319332
7.23155415e-05
8.074510934e-05
9.756273602e-05
0.0001055819457
8.69434634e-05
8.620912958e-05
9.367157926e-05
9.284071445e-05
0.0001000099927
9.082713664e-05
9.78125836e-05
8.072736486e-05
9.560599046e-05
8.676947341e-05
9.340027265e-05
9.244818288e-05
9.120449354e-05
9.025325301e-05
9.644562126e-05
8.808048995e-05
8.687408364e-05
8.593658599e-05
8.475274624e-05
8.382730239e-05
9.644602591e-05
9.538378174e-05
8.734311248e-05
9.966427342e-05
8.517777408e-05
8.423166289e-05
8.945384154e-05
0.0001074155809
9.346758572e-05
9.243106321e-05
9.115689932e-05
9.015010136e-05
9.48405465e-05
9.96617778e-05
8.095456886e-05
0.00011438949
0.0001071974962
8.371617997e-05
8.259090748e-05
0.000103498031
9.137023124e-05
8.508808539e-05
8.921462311e-05
9.34785708e-05
8.713537369e-05
0.0001014589698
9.013913614e-05
9.418326605e-05
9.298984761e-05
8.72165703e-05
9.569887234e-05
9.475815625e-05
9.359721685e-05
9.269084616e-05
9.615597983e-05
7.709778321e-05
8.515472192e-05
8.435361586e-05
0.0001009394036
9.130659398e-05
8.168624997e-05
0.0001022366356
9.269787902e-05
9.185732939e-05
9.502113181e-05
9.007333679e-05
9.726266253e-05
8.836253622e-05
9.54529784e-05
9.460643538e-05
9.372096927e-05
8.90216181e-05
0.0001018488317
0.00010178682
0.0001117912439
9.136222127e-05
8.099146428e-05
8.085537473e-05
7.048009207e-05
0.0001105047622
8.997652408e-05
7.975155096e-05
8.919997199e-05
8.889243005e-05
0.0001079168859
8.793761357e-05
9.69695369e-05
8.68658548e-05
0.0001052831064
8.56877192e-05
7.547606027e-05
9.379365918e-05
7.430490708e-05
8.305695602e-05
9.133240714e-05
9.069684921e-05
9.868231675e-05
8.904028625e-05
0.0001056355162
8.732809694e-05
8.629932357e-05
0.0001026864951
8.453157808e-05
0.0001005401039
9.101062728e-05
9.016985408e-05
8.90177788e-05
9.617915612e-05
9.492675691e-05
9.398687174e-05
9.274362895e-05
9.179988298e-05
9.056989199e-05
9.709569324e-05
0.000103149136
8.747520829e-05
9.3471775e-05
9.24644132e-05
8.418030986e-05
9.020070487e-05
8.895773597e-05
0.0001015141732
8.676380287e-05
7.920337809e-05
8.46175576e-05
9.655203297e-05
9.521802959e-05
8.788341414e-05
8.048061622e-05
8.57108968e-05
7.849453165e-05
8.957084904e-05
8.245515363e-05
9.320037488e-05
9.767742761e-05
0.0001079800466
8.970105356e-05
9.427899882e-05
8.207135349e-05
9.743417146e-05
8.545672559e-05
8.455508924e-05
0.0001043030353
0.0001083774273
9.168652829e-05
8.570311966e-05
8.957910292e-05
7.881936881e-05
9.241297988e-05
8.186007042e-05
9.510571843e-05
9.417062946e-05
9.766808399e-05
9.211624265e-05
9.100941218e-05
9.464778561e-05
9.798830762e-05
8.824202262e-05
9.595053663e-05
8.209700509e-05
9.399473106e-05
8.466619343e-05
9.211856516e-05
9.543241873e-05
9.853059862e-05
9.357696798e-05
9.665004681e-05
9.578847855e-05
9.089680847e-05
8.617395423e-05
9.312455399e-05
9.230145363e-05
8.082311029e-05
7.067732878e-05
9.073022189e-05
8.05582109e-05
9.038457048e-05
0.0001102848537
8.989278822e-05
9.965624351e-05
8.926015106e-05
7.911711374e-05
4.916296043e-05
9.798771605e-05
7.786685737e-05
0.0001066338357
7.696864942e-05
8.618716289e-05
0.0001139621582
9.447025516e-05
0.0001029798288
9.307219491e-05
9.217142092e-05
0.0001007399579
8.157670045e-05
8.101039227e-05
9.794203967e-05
8.837391021e-05
8.737565955e-05
9.534907149e-05
8.566465804e-05
9.343881246e-05
9.230789171e-05
9.981018307e-05
9.035501171e-05
9.766038131e-05
9.641803733e-05
9.549533834e-05
9.425710651e-05
9.332557478e-05
9.209615377e-05
9.116061226e-05
8.994406054e-05
0.0001038437998
9.512614798e-05
8.687818874e-05
9.283865394e-05
8.477485196e-05
9.058351716e-05
8.959669779e-05
9.516383162e-05
9.411779908e-05
0.0001060826181
8.523914272e-05
8.406466208e-05
8.952721523e-05
7.568061253e-05
8.731440302e-05
0.0001045666641
9.124283118e-05
0.0001199890945
8.306572688e-05
9.948832794e-05
8.682096557e-05
7.422293765e-05
8.470956621e-05
0.0001002799098
8.266516302e-05
8.699551504e-05
0.0001022044656
0.0001008480203
7.877693339e-05
8.810744996e-05
9.23185472e-05
9.618135879e-05
8.016259887e-05
0.00010386365
9.301996377e-05
9.667707924e-05
9.092644459e-05
7.561589769e-05
8.891082626e-05
9.70665913e-05
8.697128337e-05
8.592626134e-05
8.062664076e-05
8.853087157e-05
9.208244632e-05
8.235442508e-05
8.158963207e-05
8.91666511e-05
8.414176862e-05
9.986885143e-05
7.834578284e-05
8.975675887e-05
9.299371895e-05
9.204322082e-05
9.122284929e-05
9.425230804e-05
8.95246147e-05
9.253568156e-05
9.553984197e-05
0.0001102442447
0.0001001614862
9.000660992e-05
8.990546053e-05
9.962819347e-05
9.946158564e-05
6.936207248e-05
0.0001087529697
8.855509515e-05
9.811586371e-05
9.755310404e-05
9.721834004e-05
8.691566384e-05
0.0001058015636
7.637109404e-05
9.502110459e-05
9.423647599e-05
9.374329637e-05
0.0001021923067
0.0001015979195
8.232522453e-05
8.179983408e-05
8.995954562e-05
7.146921865e-05
9.721278645e-05
8.771743436e-05
9.540450291e-05
0.0001032520456
0.0001020471112
9.275839377e-05
9.997181448e-05
9.083321891e-05
9.786411745e-05
8.080310989e-05
9.573557052e-05
8.691941094e-05
7.799736491e-05
9.267351865e-05
9.907912776e-05
9.05301834e-05
8.932681864e-05
8.839960805e-05
9.447985815e-05
9.348003522e-05
9.221405193e-05
9.122282492e-05
8.997985317e-05
0.0001026931455
8.10303725e-05
9.349732675e-05
0.0001119749928
9.771000622e-05
9.636801342e-05
8.894682372e-05
9.399145318e-05
8.055609041e-05
9.778645197e-05
9.066009834e-05
8.942037893e-05
9.433001889e-05
9.88605643e-05
9.202514171e-05
9.07782015e-05
7.85665732e-05
9.411770941e-05
9.310275429e-05
9.185849358e-05
0.0001015697333
8.967410378e-05
8.872818645e-05
8.241327532e-05
0.0001019436281
0.0001006209043
8.962827524e-05
8.847965711e-05
0.000107046237
8.647621869e-05
9.512540914e-05
9.863825913e-05
9.766802338e-05
7.350282812e-05
9.098814618e-05
9.888433174e-05
9.79400087e-05
9.678701886e-05
9.587576967e-05
9.47722535e-05
9.815975328e-05
8.861789743e-05
9.198618047e-05
9.511690955e-05
9.835217094e-05
9.325535736e-05
9.241769546e-05
9.544767896e-05
8.277245991e-05
8.585796009e-05
9.283341192e-05
9.195420979e-05
9.493996524e-05
8.948518091e-05
0.0001093049432
0.0001091376597
8.91943633e-05
0.0001087258734
0.0001085444761
9.830894185e-05
6.866219662e-05
8.786109026e-05
8.76128033e-05
7.743387262e-05
7.716876146e-05
8.6241729e-05
6.680684347e-05
0.0001042012752
9.429011742e-05
8.4164116e-05
8.372469617e-05
8.29773312e-05
8.249585315e-05
9.078404317e-05
9.02060405e-05
7.143078122e-05
9.753870357e-05
9.649431265e-05
8.707063971e-05
9.47061558e-05
8.541508023e-05
9.286521853e-05
0.0001004594324
9.925455275e-05
9.838168163e-05
8.907171535e-05
8.825387172e-05
9.506269709e-05
9.415646477e-05
9.294575524e-05
9.2030511e-05
9.08279514e-05
8.990841422e-05
9.611115655e-05
8.779853163e-05
8.662365312e-05
8.570826842e-05
8.45518137e-05
9.061445118e-05
9.625988803e-05
8.841263045e-05
8.049881324e-05
9.288498177e-05
9.161501165e-05
9.707550444e-05
9.574646231e-05
0.000100998753
9.338993948e-05
8.004118846e-05
7.894673726e-05
0.0001020960632
8.885614841e-05
9.373537143e-05
0.0001040195364
8.573303441e-05
9.021224123e-05
8.923092734e-05
8.803195073e-05
9.796825069e-05
9.666142238e-05
0.0001009428362
8.912263551e-05
9.336985465e-05
9.726594053e-05
8.612101905e-05
0.0001150067671
9.402931905e-05
9.282554815e-05
0.0001015571582
0.0001098244379
8.036403096e-05
8.870109023e-05
9.7073513e-05
0.0001004515405
9.495611607e-05
9.381512644e-05
8.84942693e-05
0.0001049425665
9.529142545e-05
9.41938978e-05
9.331875501e-05
9.226994519e-05
8.311217034e-05
9.453341756e-05
8.553015121e-05
8.86516398e-05
8.386191502e-05
9.090524232e-05
9.009526561e-05
8.92030736e-05
9.225708056e-05
9.138000005e-05
9.057367155e-05
6.905248053e-05
0.0001084459676
0.0001181246253
9.832714053e-05
8.826077973e-05
8.811386545e-05
8.778724599e-05
9.732350139e-05
0.0001065507405
0.0001062503132
9.604335124e-05
9.571527337e-05
9.508684998e-05
9.470490496e-05
0.0001034046652
8.421326208e-05
8.352525196e-05
0.0001015546776
0.0001006528529
0.0001091674732
9.010589956e-05
0.000107440266
9.749007972e-05
9.681804044e-05
9.578638104e-05
0.0001037199764
8.547087092e-05
9.3275488e-05
0.0001005785546
9.973839094e-05
9.033521741e-05
9.768265569e-05
8.84436406e-05
9.55998304e-05
9.439921618e-05
9.350100853e-05
9.230366821e-05
9.139636477e-05
9.020685841e-05
8.929512752e-05
8.811740571e-05
9.447270527e-05
8.604301917e-05
9.222963212e-05
8.399051669e-05
0.0001038624673
9.56268333e-05
8.107592842e-05
9.330321301e-05
8.568913369e-05
9.102307266e-05
9.001924406e-05
8.244849386e-05
0.0001066243974
0.000111355291
9.788655637e-05
8.448284408e-05
0.0001014522387
0.0001000721928
8.150465243e-05
8.614280087e-05
9.655912689e-05
8.965329423e-05
8.867841338e-05
8.748930143e-05
9.736464519e-05
9.073115353e-05
9.504343913e-05
9.378837372e-05
9.279927757e-05
9.667342453e-05
0.0001107718429
8.448858663e-05
0.0001082145741
0.0001019746841
9.613464431e-05
0.0001044135615
9.867211831e-05
8.816461016e-05
8.729703488e-05
8.622901975e-05
8.988734577e-05
7.548616343e-05
8.795872833e-05
9.561482781e-05
9.471416102e-05
9.787812904e-05
9.696855185e-05
9.17089975e-05
9.499777713e-05
8.170177457e-05
9.310464868e-05
9.211418749e-05
9.128679461e-05
9.034674031e-05
9.343498739e-05
9.250688927e-05
9.168786104e-05
9.081291713e-05
9.001202936e-05
6.851391012e-05
9.7818534e-05
7.813636362e-05
7.804923501e-05
8.757485635e-05
0.0001165725536
9.678571974e-05
9.657000148e-05
6.728183024e-05
9.584649128e-05
9.530586422e-05
9.498103523e-05
8.492473423e-05
5.638958948e-05
9.329103892e-05
9.286137225e-05
9.210668188e-05
9.162803359e-05
9.990038909e-05
8.126461384e-05
8.943781211e-05
9.775812422e-05
0.000105571119
0.0001048450346
0.0001037331941
8.580524985e-05
9.333968986e-05
9.26041914e-05
9.153834575e-05
9.077532402e-05
7.338785181e-05
9.699349316e-05
9.580839422e-05
9.493216776e-05
9.374493247e-05
9.285461494e-05
9.167039162e-05
9.077089805e-05
8.959420196e-05
9.608099678e-05
8.752489753e-05
8.662057204e-05
8.547011732e-05
8.456943823e-05
9.734272669e-05
8.94217271e-05
0.0001085737723
8.725945105e-05
0.0001059417946
9.168404342e-05
8.397882424e-05
0.0001149970867
8.192349266e-05
8.724993891e-05
9.220971712e-05
8.511018099e-05
7.795622616e-05
9.488610188e-05
9.944862013e-05
0.0001041393241
9.702392396e-05
7.902722893e-05
9.467005789e-05
8.262440588e-05
0.0001032570452
9.676843206e-05
9.017779674e-05
8.396797857e-05
9.839742344e-05
9.73598334e-05
8.597354856e-05
9.508737911e-05
9.385822086e-05
9.778280332e-05
9.170685262e-05
9.077749188e-05
8.963277029e-05
9.340786413e-05
8.302223419e-05
8.677204454e-05
9.473292572e-05
9.828156124e-05
9.710058878e-05
9.617259326e-05
9.935928442e-05
8.986458263e-05
9.305810783e-05
9.638372747e-05
8.701142774e-05
8.621283799e-05
9.744798237e-05
8.449335566e-05
9.155401227e-05
9.467651484e-05
8.979505903e-05
9.286457443e-05
9.193936052e-05
9.112562254e-05
9.401336372e-05
8.945730967e-05
9.711953684e-05
9.706171959e-05
5.814934395e-05
8.712699938e-05
0.0001158660162
8.675551632e-05
7.683333878e-05
0.0001054108874
8.584284322e-05
8.560186559e-05
8.512165508e-05
0.0001036837737
9.364578488e-05
5.59627958e-05
9.25885773e-05
8.294680308e-05
0.000100559782
9.094400083e-05
8.113016646e-05
9.858771286e-05
7.990160289e-05
7.939640007e-05
7.860062322e-05
8.673472419e-05
8.581929971e-05
8.518624777e-05
9.2671138e-05
0.0001003008963
9.915166628e-05
9.013301002e-05
9.716321955e-05
9.631398676e-05
8.721369418e-05
9.427376626e-05
9.309965606e-05
9.221709731e-05
0.0001062200363
9.015393384e-05
9.640562891e-05
8.809331653e-05
0.000101430355
9.321364697e-05
9.198019365e-05
9.101223864e-05
8.979748565e-05
8.883706261e-05
0.0001011271921
8.002529453e-05
9.21027009e-05
9.109514491e-05
7.702444252e-05
8.252443131e-05
8.140513518e-05
9.289136511e-05
9.163072205e-05
8.457640543e-05
0.000101307228
8.840174664e-05
6.976430862e-05
0.0001092447481
9.075461852e-05
9.537149226e-05
9.409067033e-05
8.21190574e-05
9.722680708e-05
7.480625936e-05
0.0001159932513
0.0001043239285
9.265573041e-05
0.0001018653237
8.545612652e-05
8.954065717e-05
8.347435403e-05
9.719585318e-05
9.595532194e-05
9.023366652e-05
9.378598135e-05
8.356414452e-05
8.252610225e-05
9.079297985e-05
8.071451796e-05
7.549093318e-05
8.335837435e-05
9.55975454e-05
9.876481216e-05
7.656575153e-05
9.250042281e-05
9.164044047e-05
9.472583217e-05
9.385629125e-05
8.878924367e-05
7.998507344e-05
9.100060907e-05
9.018323648e-05
8.925007428e-05
9.230108387e-05
9.137875287e-05
9.05702374e-05
8.969960754e-05
8.890938527e-05
8.673632418e-05
6.742156827e-05
9.617227121e-05
8.645901157e-05
8.623450421e-05
0.000105223466
0.0001143707757
7.607797641e-05
0.00011358739
0.0001038301136
0.0001126372246
9.354584262e-05
9.294150892e-05
9.257069017e-05
0.0001102759385
0.0001097703352
0.0001088874096
0.0001083241265
7.158452069e-05
8.896620692e-05
0.0001057571088
9.633243717e-05
8.670141841e-05
8.610778252e-05
7.668292008e-05
9.3033724e-05
9.201209513e-05
9.12901745e-05
9.845329741e-05
8.9499722e-05
8.84450934e-05
9.564393494e-05
9.448522977e-05
9.362443454e-05
9.24632022e-05
9.158827407e-05
9.042955429e-05
8.954529995e-05
0.0001031257737
8.750446121e-05
9.356042407e-05
0.0001139650699
0.0001054336253
9.041551471e-05
9.607554435e-05
8.825999386e-05
0.000107173328
7.951012294e-05
9.151395583e-05
9.051376327e-05
9.567029823e-05
8.200210776e-05
8.08932961e-05
0.0001107696856
8.498835592e-05
0.0001080633643
9.47572457e-05
9.956858048e-05
8.089076594e-05
0.0001028586483
0.0001014744132
9.478856351e-05
9.901940974e-05
8.706117652e-05
9.126956272e-05
8.497568557e-05
9.433174048e-05
0.000103695546
8.186631648e-05
0.000101254038
8.994165386e-05
8.900502014e-05
0.0001025001534
9.178511206e-05
8.584560012e-05
0.0001038588948
0.000102551227
9.229688128e-05
8.659341278e-05
9.927880016e-05
0.0001025226888
8.828519673e-05
7.850188923e-05
9.934884863e-05
8.537166185e-05
8.456689335e-05
9.194938223e-05
9.52349892e-05
9.4160269e-05
8.923943589e-05
9.628103307e-05
9.143200417e-05
9.438663217e-05
9.353885522e-05
9.256869378e-05
9.174439044e-05
9.082494048e-05
9.002158109e-05
9.286784036e-05
9.573214307e-05
8.607529669e-05
0.0001146992255
0.0001145283408
0.0001048681193
9.508844119e-05
0.0001139178821
9.458738069e-05
5.66267507e-05
6.575961806e-05
9.367972461e-05
0.000102475811
0.0001021288279
8.302297239e-05
8.269245145e-05
9.121491951e-05
8.171787154e-05
8.106392617e-05
8.960612371e-05
8.882638213e-05
8.831684026e-05
9.624086833e-05
0.0001043291724
8.607790974e-05
9.403882315e-05
9.305556815e-05
9.237212111e-05
8.305669072e-05
9.888769262e-05
9.776469758e-05
8.887527105e-05
9.581728054e-05
8.706787994e-05
8.60174872e-05
9.298398647e-05
9.183539119e-05
9.096796858e-05
8.982164778e-05
8.894482879e-05
9.512226443e-05
9.416704479e-05
9.294375618e-05
9.19877068e-05
9.077931425e-05
8.982656467e-05
9.545424506e-05
8.769037378e-05
9.983115645e-05
7.900154187e-05
9.742788192e-05
9.636402373e-05
9.506773054e-05
0.0001002908979
9.893889629e-05
7.950111627e-05
0.0001025601781
9.546136138e-05
7.651620186e-05
8.149329399e-05
9.188110481e-05
0.0001022300503
8.965108843e-05
8.312886831e-05
9.295291331e-05
9.194357209e-05
9.605699404e-05
8.446472297e-05
8.855749688e-05
9.276721933e-05
8.646399996e-05
8.555253825e-05
8.940678828e-05
9.339107307e-05
8.248418304e-05
0.0001008449835
8.05965252e-05
9.385824411e-05
8.340964742e-05
0.0001055139279
8.608205154e-05
9.420631895e-05
8.862382004e-05
8.337557574e-05
9.10446011e-05
8.587985118e-05
8.911026407e-05
8.827005278e-05
9.971440152e-05
9.055470463e-05
8.546216532e-05
9.677416871e-05
7.975664732e-05
9.48393723e-05
9.38229218e-05
8.910604129e-05
9.201361306e-05
9.11943719e-05
9.027780055e-05
8.947953206e-05
8.861326432e-05
8.783342896e-05
9.491585392e-05
9.485994741e-05
0.0001136632264
0.0001040762555
0.0001132460831
8.479474321e-05
0.0001126519515
9.366917233e-05
7.459132084e-05
9.297907659e-05
0.0001017123797
8.293803912e-05
9.15642657e-05
8.208047583e-05
8.148893662e-05
8.111696115e-05
8.047109474e-05
9.784702234e-05
9.699977295e-05
8.767688439e-05
9.554784688e-05
9.494773632e-05
0.0001025559659
7.639263174e-05
0.0001007967514
9.171986165e-05
9.072173622e-05
9.819591995e-05
8.090471936e-05
9.628306197e-05
9.515819817e-05
7.860951384e-05
9.319811466e-05
9.235224097e-05
9.121604817e-05
9.035600892e-05
8.922185992e-05
9.571505367e-05
9.449331071e-05
8.635005603e-05
9.233516412e-05
9.841650035e-05
0.0001110037627
8.924523761e-05
8.806657763e-05
8.712805908e-05
9.919551669e-05
9.158266326e-05
8.390456394e-05
8.937298214e-05
7.557816459e-05
8.720605215e-05
9.832453837e-05
7.293054988e-05
7.794501619e-05
0.0001008033315
8.189778566e-05
9.256582869e-05
0.0001084454639
9.031918995e-05
8.910932634e-05
9.915228602e-05
9.782924953e-05
8.063943351e-05
7.956881718e-05
9.44548521e-05
7.249550751e-05
9.733815957e-05
0.0001061750049
8.504523282e-05
7.900288584e-05
9.283900762e-05
0.0001012914675
8.115505351e-05
0.0001131138317
9.330588978e-05
8.291957284e-05
0.0001094544187
9.458476743e-05
8.919341476e-05
8.810365448e-05
8.288603166e-05
8.620001636e-05
9.391293555e-05
8.01497024e-05
9.192966462e-05
8.673645753e-05
9.002142756e-05
8.49579322e-05
8.818612652e-05
9.51417017e-05
9.427815747e-05
8.937982544e-05
9.242821183e-05
9.146514966e-05
9.06509089e-05
9.347626377e-05
8.894397166e-05
9.541989249e-05
8.730515776e-05
0.0001130440193
9.414805478e-05
8.460831266e-05
9.390569177e-05
9.366575382e-05
9.351188974e-05
0.0001118117684
0.0001115651908
0.0001018010826
6.460218192e-05
0.0001009602393
7.317805967e-05
9.089083791e-05
9.958360093e-05
8.988142543e-05
9.84192291e-05
9.763950932e-05
0.0001059684467
8.754613444e-05
7.83415226e-05
8.624066803e-05
9.427020733e-05
9.334315598e-05
9.270820213e-05
0.0001000884343
9.935645357e-05
9.009003407e-05
9.751375869e-05
8.838133004e-05
9.562052796e-05
9.45081209e-05
9.368857411e-05
9.256761834e-05
9.172902187e-05
9.060500296e-05
8.975222779e-05
9.601586491e-05
9.508170371e-05
9.387261971e-05
0.0001000815675
8.467799104e-05
8.38094723e-05
8.960938774e-05
8.867138647e-05
9.423544551e-05
8.657291012e-05
9.199672547e-05
8.450395612e-05
8.337831532e-05
9.5157115e-05
8.1367072e-05
8.04740693e-05
9.771776305e-05
7.248106368e-05
0.0001013037614
8.839994687e-05
9.302816265e-05
8.625317189e-05
9.077063833e-05
0.0001122173613
0.0001162534704
8.213096741e-05
0.0001080498157
8.550187057e-05
8.436888555e-05
8.346101336e-05
8.750926216e-05
9.166951096e-05
9.047057907e-05
7.957073725e-05
9.326457932e-05
0.0001020085287
9.590262053e-05
9.491686484e-05
9.371013846e-05
8.348399875e-05
7.785548887e-05
9.067909059e-05
9.851048386e-05
9.310631193e-05
0.0001007279933
0.000104086993
9.855135767e-05
9.76083573e-05
8.806888307e-05
8.308390654e-05
9.033496057e-05
8.542646763e-05
8.84815006e-05
9.165368422e-05
9.458208816e-05
9.372354557e-05
9.271546269e-05
9.188272227e-05
9.092318594e-05
9.386863017e-05
9.29198557e-05
9.209873341e-05
9.120095774e-05
9.763110349e-05
8.415131615e-05
7.475741408e-05
9.33096857e-05
8.388643962e-05
0.0001022672816
9.281785544e-05
9.248668756e-05
0.0001015114577
9.186394337e-05
9.160875881e-05
0.000100219141
0.0001089621093
7.218179482e-05
0.000107844403
8.922919331e-05
8.882363198e-05
8.812341068e-05
7.013721617e-05
9.561172573e-05
7.77819586e-05
8.562847379e-05
5.105578869e-05
8.426005457e-05
8.368810303e-05
9.939000275e-05
9.866464624e-05
9.76004381e-05
9.684100991e-05
9.575550462e-05
9.496704957e-05
9.386686542e-05
9.305443389e-05
9.194559545e-05
9.11141577e-05
9.750226406e-05
9.658616753e-05
8.804599815e-05
8.719078195e-05
8.608618124e-05
9.232785608e-05
9.114158115e-05
9.020808989e-05
8.903566023e-05
8.132757042e-05
0.0001003260464
7.940749919e-05
9.14183341e-05
8.397360932e-05
9.560610785e-05
9.456492701e-05
8.708441026e-05
8.61294e-05
8.497862694e-05
8.404326477e-05
0.0001006870265
9.957738185e-05
8.668663099e-05
9.144773175e-05
7.894723408e-05
8.36579373e-05
7.153673379e-05
0.000103411867
8.055613308e-05
9.03065932e-05
9.959601541e-05
8.815355437e-05
7.675976103e-05
8.606754458e-05
9.993366789e-05
8.404845961e-05
8.295970857e-05
8.692505866e-05
8.580939011e-05
8.964553332e-05
9.782342196e-05
8.760943493e-05
9.106277741e-05
9.015235686e-05
9.793887516e-05
9.697378506e-05
0.0001001436434
9.917114535e-05
9.37194386e-05
8.860326088e-05
8.33878734e-05
9.499122898e-05
9.389158769e-05
8.492924704e-05
9.196397527e-05
8.715739189e-05
9.40290193e-05
9.317542077e-05
9.217147972e-05
9.134363364e-05
9.415375735e-05
9.704845182e-05
9.237003236e-05
9.521617759e-05
9.428489031e-05
9.705088393e-05
9.280995716e-05
8.348026557e-05
9.262046933e-05
0.0001017708276
6.459950742e-05
0.0001013474521
0.0001009877433
6.412377848e-05
0.0001094297288
7.275090868e-05
9.044440314e-05
9.915477899e-05
9.853059557e-05
9.814165358e-05
9.744499484e-05
8.818456758e-05
8.749278778e-05
8.704508341e-05
0.00010356272
8.581147935e-05
8.502490982e-05
0.0001013931813
9.203815075e-05
9.972513982e-05
9.870125115e-05
8.981720572e-05
9.693017325e-05
9.617748013e-05
9.510400057e-05
9.432244241e-05
9.323425338e-05
8.472641874e-05
9.133187633e-05
9.804977171e-05
9.685774338e-05
8.856855397e-05
9.475874824e-05
9.383982074e-05
9.978272018e-05
9.173065499e-05
9.055628711e-05
8.273546579e-05
8.846923261e-05
0.0001010140874
8.640113657e-05
9.863488663e-05
7.786900293e-05
8.986909929e-05
8.867963623e-05
9.398006412e-05
8.654939856e-05
0.0001039440497
7.842770446e-05
8.949813817e-05
8.241697517e-05
9.315343223e-05
9.191007643e-05
9.657992351e-05
9.529211164e-05
8.315887973e-05
8.20524628e-05
9.197763918e-05
8.541929178e-05
0.0001003354353
9.901093511e-05
9.279098791e-05
9.666032347e-05
8.053109068e-05
7.451350265e-05
9.830445172e-05
7.762618909e-05
8.642016966e-05
7.583311083e-05
8.912613432e-05
8.799516652e-05
0.000100855873
9.959070474e-05
9.859487784e-05
0.0001017999464
9.641415881e-05
9.956603444e-05
8.145129498e-05
0.0001016494631
9.648151823e-05
8.290624854e-05
9.033619139e-05
8.928981015e-05
8.443778105e-05
9.143081799e-05
9.452942499e-05
9.348238098e-05
9.26336699e-05
9.163384285e-05
9.459461867e-05
8.985830082e-05
9.276948106e-05
9.182667755e-05
9.101570596e-05
8.651765061e-05
9.647752008e-05
9.212860513e-05
0.0001012825831
0.0001011354959
9.184080206e-05
0.0001007707719
9.146024103e-05
0.000100251038
9.093753468e-05
8.147584136e-05
9.930607022e-05
9.87691123e-05
9.843813552e-05
9.782157638e-05
9.743622664e-05
0.0001055432648
9.631009666e-05
0.0001042453517
8.642753521e-05
0.0001028321928
8.520719265e-05
7.598681541e-05
9.229442104e-05
9.139923684e-05
9.078140778e-05
8.985348135e-05
9.730953647e-05
8.824663064e-05
7.960248429e-05
8.658952688e-05
9.368652703e-05
9.261011117e-05
9.181156293e-05
9.072629581e-05
8.990883103e-05
8.882001943e-05
9.532071064e-05
8.690072678e-05
9.323096571e-05
0.0001062213765
8.413027381e-05
9.689988258e-05
0.0001027608991
8.790996644e-05
9.368506403e-05
9.246450751e-05
9.801820804e-05
0.0001160782699
9.569150641e-05
8.183844549e-05
9.340239125e-05
8.602092052e-05
9.115608052e-05
8.394886002e-05
8.895655611e-05
8.777277691e-05
0.0001041680048
7.99409202e-05
9.035632329e-05
9.472651939e-05
8.266574106e-05
0.0001033198744
9.143534206e-05
8.491799536e-05
8.924727746e-05
0.0001036133566
8.712435496e-05
9.609823051e-05
9.00708081e-05
8.395939023e-05
9.284828474e-05
8.200150909e-05
9.069450701e-05
9.424537387e-05
9.794037403e-05
9.669871226e-05
9.115998923e-05
9.001726773e-05
9.357288843e-05
8.361323962e-05
8.278900624e-05
9.469091767e-05
8.950865794e-05
9.685521112e-05
8.341547764e-05
9.891618624e-05
8.57346372e-05
8.877625185e-05
8.395197034e-05
9.090380699e-05
9.006839925e-05
9.29420617e-05
9.209818243e-05
9.110244169e-05
9.028421371e-05
8.933515769e-05
9.591868326e-05
9.128967779e-05
8.68643407e-05
8.600914339e-05
9.235863594e-05
0.0001097486212
9.140422064e-05
8.214492296e-05
0.0001002897924
8.184994523e-05
9.987584059e-05
9.047727584e-05
0.0001083352072
9.886310258e-05
9.859011551e-05
7.131615989e-05
0.0001066164838
9.712268839e-05
9.674086833e-05
0.0001047936991
8.693363493e-05
7.763241314e-05
9.440055655e-05
0.0001021118997
9.307249296e-05
9.222724813e-05
9.165410237e-05
7.426565365e-05
9.83528929e-05
9.735199388e-05
8.053820433e-05
9.561688736e-05
9.487732984e-05
9.382723175e-05
9.305912883e-05
8.43280807e-05
9.120249506e-05
9.012869304e-05
9.676121849e-05
9.559393138e-05
0.0001019849774
8.633919186e-05
8.550457895e-05
8.443320906e-05
9.752522117e-05
9.628550071e-05
8.849602393e-05
8.735772675e-05
8.64479292e-05
9.845238662e-05
9.740919264e-05
8.972598894e-05
0.0001268027266
0.0001001079603
9.283177663e-05
7.939179594e-05
8.456336204e-05
0.0001072842161
7.073719136e-05
8.724800281e-05
0.0001092984692
9.649470633e-05
0.0001178891836
7.754978947e-05
9.313553882e-05
7.568387004e-05
9.624642584e-05
0.0001002517763
8.872688475e-05
8.7559983e-05
0.0001019043705
0.0001005711969
9.452523977e-05
0.0001031171403
9.231357094e-05
0.0001007143475
8.06817969e-05
8.902033278e-05
0.0001020165307
8.698923842e-05
9.517079104e-05
9.84538107e-05
8.860824287e-05
8.75119721e-05
9.964651988e-05
0.000102710168
9.32360966e-05
9.630272916e-05
9.123342589e-05
9.835139833e-05
8.930421493e-05
9.228077493e-05
9.539624896e-05
9.431252515e-05
8.955208767e-05
9.240795251e-05
9.156885036e-05
9.057716838e-05
8.976366612e-05
9.251882358e-05
9.536360587e-05
9.075892223e-05
0.0001007527965
9.263212697e-05
9.181936516e-05
9.987502702e-05
9.074307066e-05
9.061258527e-05
9.051392983e-05
9.931742837e-05
9.014176882e-05
8.084406217e-05
8.963060346e-05
8.923174062e-05
0.0001067829931
8.850949537e-05
9.70354831e-05
0.0001052004174
9.605536461e-05
9.538347968e-05
9.495352196e-05
0.0001027847217
6.81746868e-05
0.0001014016271
9.242617675e-05
7.493779112e-05
9.929738976e-05
9.834289748e-05
9.768083456e-05
8.863351265e-05
8.799188374e-05
9.497349968e-05
9.4240348e-05
9.320161706e-05
9.244007783e-05
9.13865649e-05
9.06014549e-05
9.700048739e-05
8.873497794e-05
0.0001168914622
8.685044729e-05
0.0001143798232
8.495691174e-05
0.0001048702937
9.690641005e-05
8.884465625e-05
9.470427725e-05
9.349025748e-05
9.912620699e-05
9.132040317e-05
8.390000536e-05
9.554540617e-05
0.0001071224413
9.949917564e-05
9.226809168e-05
9.105331331e-05
7.805007637e-05
8.886830532e-05
8.203329921e-05
8.672946643e-05
8.577601476e-05
8.463979442e-05
8.929065902e-05
8.810846167e-05
9.258971138e-05
9.136591062e-05
8.505384322e-05
9.442445554e-05
9.340149768e-05
7.681280906e-05
9.118472841e-05
9.499343101e-05
8.90356292e-05
8.787992788e-05
8.695419226e-05
8.106519162e-05
9.909677244e-05
9.317200044e-05
0.0001014355536
9.104721043e-05
8.111126935e-05
9.789504224e-05
9.691574843e-05
8.701570094e-05
8.615761373e-05
8.936185316e-05
9.270728561e-05
9.575651439e-05
9.071576818e-05
9.371831411e-05
9.686947445e-05
9.175604983e-05
9.090139813e-05
8.986780356e-05
9.291303838e-05
9.187994696e-05
9.104556817e-05
9.005791753e-05
9.296779867e-05
8.830693511e-05
9.116818839e-05
9.023430259e-05
8.943809611e-05
9.563608473e-05
9.830838263e-05
9.014328019e-05
9.910055819e-05
7.196999811e-05
9.885124492e-05
8.067793454e-05
0.000107396023
8.026693538e-05
9.789023696e-05
7.087767315e-05
0.0001060240759
9.667107257e-05
8.759003703e-05
8.704949969e-05
8.670864315e-05
9.471555567e-05
0.000102861235
6.804643274e-05
0.0001015516439
7.552587543e-05
9.178877498e-05
9.096274749e-05
9.039975462e-05
8.953463216e-05
8.084824868e-05
8.003260678e-05
9.534525705e-05
9.43387126e-05
9.361186219e-05
9.258428998e-05
9.182920854e-05
9.078683613e-05
9.000828481e-05
8.895679843e-05
8.815947124e-05
8.710400801e-05
9.348350129e-05
8.52376154e-05
8.441621562e-05
0.0001042075597
8.253891625e-05
8.14969858e-05
0.0001142796222
7.963735727e-05
7.880999825e-05
9.07589031e-05
0.0001026278263
9.496301176e-05
0.0001002076196
8.653553174e-05
7.948304947e-05
8.447351299e-05
8.951849565e-05
8.245016924e-05
9.31951319e-05
8.04692534e-05
9.095446442e-05
0.0001065812596
7.767129822e-05
8.759465577e-05
9.205024438e-05
8.549288794e-05
8.984615221e-05
9.387989837e-05
8.254503119e-05
0.0001018292391
8.058808492e-05
9.942158196e-05
8.360874995e-05
8.252508373e-05
8.165584007e-05
8.060500573e-05
9.853425529e-05
8.801220889e-05
9.169196016e-05
9.958595168e-05
0.0001030563769
8.849325499e-05
0.0001007490709
9.085127797e-05
9.423878742e-05
9.30893906e-05
9.218443934e-05
9.93563069e-05
9.020395169e-05
9.318924652e-05
9.23089843e-05
9.520409568e-05
9.431715461e-05
8.935860693e-05
9.238645726e-05
9.135794103e-05
9.052823273e-05
8.954458615e-05
9.243788901e-05
9.511845303e-05
9.789836935e-05
8.971571308e-05
9.603825459e-05
9.156210406e-05
8.726874803e-05
8.055034574e-05
8.944905513e-05
0.0001071860058
8.922485161e-05
9.790540987e-05
0.0001066329241
8.855332237e-05
8.836070578e-05
7.037712497e-05
8.772989162e-05
6.981192288e-05
9.567224211e-05
9.508468571e-05
0.000103323376
9.405692091e-05
0.0001021468718
9.291741918e-05
0.0001008510591
0.0001000103183
9.116010446e-05
9.034341153e-05
8.978536818e-05
9.701442476e-05
9.636389998e-05
9.539588507e-05
9.4708002e-05
9.37123548e-05
9.299170355e-05
9.197508689e-05
9.122635984e-05
9.771117151e-05
8.942283119e-05
9.574738923e-05
9.489066335e-05
0.0001009710856
0.0001071770027
9.175540981e-05
9.78627514e-05
0.0001035531495
8.202175821e-05
0.0001079865457
8.684773442e-05
8.574186688e-05
9.790634106e-05
0.0001030905895
0.000121127183
9.438767427e-05
9.337644298e-05
9.830355245e-05
0.0001033158135
9.596572372e-05
0.0001008503819
8.781688557e-05
9.843478783e-05
9.142471168e-05
9.607215177e-05
8.922901385e-05
0.0001047966834
9.797265862e-05
9.690038184e-05
8.50000783e-05
7.356475206e-05
8.815594256e-05
9.746049215e-05
8.606089268e-05
0.0001001604788
9.885657429e-05
8.313375365e-05
0.00010619246
8.119357027e-05
8.95794286e-05
9.331246504e-05
8.291052115e-05
8.661687823e-05
9.452513594e-05
0.0001024771611
9.239648659e-05
9.582774608e-05
9.03418478e-05
9.796975119e-05
9.25675194e-05
9.166745745e-05
9.879909355e-05
9.37750544e-05
8.46081955e-05
9.179061039e-05
9.072430044e-05
8.597115152e-05
9.271841538e-05
9.186581126e-05
9.084183302e-05
9.001674323e-05
9.274695166e-05
8.823742656e-05
9.093970033e-05
0.0001009467441
8.563492831e-05
8.487973708e-05
9.10363095e-05
0.0001006508434
9.775325271e-05
0.0001065789469
9.755890134e-05
9.745338262e-05
9.721435058e-05
0.000105880593
8.793005963e-05
0.0001052869873
6.98835971e-05
9.582663759e-05
8.665564186e-05
8.636807767e-05
9.442422614e-05
0.0001026064688
9.340738294e-05
8.453530214e-05
7.550170714e-05
9.18134017e-05
9.932888367e-05
9.053998701e-05
8.157495659e-05
8.107206955e-05
9.636355744e-05
8.774210475e-05
9.47612012e-05
8.623927473e-05
9.30942595e-05
9.237970766e-05
9.13738485e-05
0.0001057366039
8.961068717e-05
9.624868982e-05
8.781498768e-05
0.0001015356608
9.31627333e-05
9.229754073e-05
9.117744371e-05
9.724774614e-05
8.232552577e-05
9.509621385e-05
9.390395447e-05
8.631186498e-05
8.521644936e-05
9.082042496e-05
9.606039239e-05
9.504697556e-05
9.381926621e-05
8.043973123e-05
0.0001038237301
9.665853345e-05
8.943478954e-05
9.435634442e-05
9.312048055e-05
0.0001093691642
9.657154974e-05
0.00010113014
9.980039517e-05
7.677116566e-05
9.199636521e-05
0.0001070470025
9.507703222e-05
7.836796822e-05
0.0001082776477
9.180488962e-05
0.0001006735742
8.46535145e-05
9.338305455e-05
0.000102114506
0.0001007948094
8.548571118e-05
7.501188906e-05
8.814929171e-05
8.702666261e-05
9.066514422e-05
9.847296846e-05
0.0001019044197
9.188087506e-05
9.962434782e-05
8.556009413e-05
9.318750289e-05
9.205146694e-05
9.115624182e-05
8.59670834e-05
9.325188095e-05
9.214883172e-05
9.127802596e-05
9.413955987e-05
8.9376275e-05
9.219895361e-05
9.13510006e-05
9.033152356e-05
9.697025124e-05
9.591322161e-05
9.870766714e-05
9.404224661e-05
8.962123751e-05
9.224406183e-05
9.143081485e-05
9.399792379e-05
8.972381954e-05
0.0001058900589
9.701056925e-05
9.687372541e-05
0.0001055663704
7.020580256e-05
9.637723645e-05
0.0001047786108
9.583891848e-05
6.939694287e-05
7.785802307e-05
0.0001032657943
8.576979499e-05
9.377287841e-05
7.642458108e-05
8.433341327e-05
9.235187941e-05
8.331908995e-05
9.94784942e-05
9.865667234e-05
8.992824927e-05
7.29243007e-05
9.663415937e-05
8.774458478e-05
9.508200289e-05
9.413490682e-05
9.345870998e-05
9.248426427e-05
9.177571443e-05
9.078041961e-05
9.754777555e-05
8.903396695e-05
8.827447883e-05
8.725500406e-05
9.368329418e-05
8.545304683e-05
9.877083292e-05
8.363696606e-05
9.664042243e-05
0.0001022686809
8.775719703e-05
7.999445383e-05
8.578256786e-05
9.121261912e-05
9.671613395e-05
8.911508234e-05
8.187765294e-05
9.325766315e-05
9.226041544e-05
8.4994282e-05
9.608552938e-05
0.0001007623921
7.621354836e-05
7.521804685e-05
0.0001030078647
8.471552546e-05
9.495794478e-05
9.371237264e-05
9.813712889e-05
9.146911102e-05
0.000101112315
8.928326589e-05
7.272692032e-05
9.741012072e-05
7.60706235e-05
8.00844184e-05
0.0001039822029
8.797104712e-05
9.670561221e-05
9.545759953e-05
8.972979886e-05
0.0001025656453
8.765729567e-05
9.565181726e-05
0.0001036843592
9.347458348e-05
8.8120039e-05
0.0001000729849
9.9071351e-05
8.508565386e-05
9.267060757e-05
9.154113643e-05
9.477118271e-05
9.770320878e-05
8.870257738e-05
8.765305787e-05
9.471770565e-05
9.361616975e-05
9.274352336e-05
9.168528005e-05
9.084192772e-05
8.982691545e-05
9.271969806e-05
8.803911364e-05
8.724844417e-05
8.9916562e-05
8.555250023e-05
9.172290739e-05
9.790790111e-05
8.654099126e-05
9.264613205e-05
8.762556461e-05
8.757578117e-05
9.619810662e-05
0.0001048303676
7.843180206e-05
0.0001044073353
8.670948897e-05
7.786973291e-05
9.476090206e-05
0.0001030932991
8.546228918e-05
9.369771846e-05
9.313045524e-05
9.276858362e-05
0.0001005107496
0.0001000621015
9.103064673e-05
9.880612731e-05
8.166124856e-05
9.744515184e-05
9.658362877e-05
9.599052492e-05
9.508767581e-05
9.445375932e-05
9.351683667e-05
9.284634254e-05
9.188221092e-05
9.117956791e-05
9.019464904e-05
8.946438808e-05
8.846462263e-05
9.502056665e-05
9.392729346e-05
8.593020784e-05
9.199292565e-05
9.114129414e-05
9.696947438e-05
9.604063727e-05
8.808654598e-05
9.392652556e-05
8.61313337e-05
8.525972287e-05
9.066044472e-05
0.000108949392
8.858029504e-05
8.764776155e-05
9.27027436e-05
9.782650265e-05
0.0001086334204
0.0001014892339
0.0001001723483
9.325272821e-05
8.628559092e-05
9.103098837e-05
9.545677948e-05
8.885691954e-05
8.769416445e-05
8.131249002e-05
9.62977405e-05
7.937100702e-05
7.833296112e-05
9.297658351e-05
9.176306397e-05
8.572766377e-05
9.95438463e-05
8.862774243e-05
8.261952086e-05
9.135714626e-05
9.017982084e-05
9.39266358e-05
9.272394028e-05
9.1758696e-05
9.512220113e-05
0.000103110232
9.295801573e-05
9.201463256e-05
9.086672542e-05
8.995711517e-05
9.730891316e-05
9.215941488e-05
9.517445293e-05
9.83462484e-05
9.716433282e-05
9.22228536e-05
8.320692305e-05
9.419461764e-05
9.309856727e-05
9.223058405e-05
9.117729851e-05
9.410260129e-05
8.932791369e-05
9.58927407e-05
9.484418237e-05
9.399240519e-05
9.299012094e-05
8.861877604e-05
8.769962369e-05
9.040394338e-05
9.982083827e-05
9.212349239e-05
9.571975424e-05
9.56655387e-05
9.553184639e-05
7.807841732e-05
0.000103852901
0.0001036859749
9.472300558e-05
6.874071052e-05
8.555461104e-05
0.0001023857481
0.0001018534248
9.305753174e-05
0.0001009055721
9.213803572e-05
8.319227586e-05
9.110379766e-05
9.863851192e-05
8.996422265e-05
9.733918044e-05
9.679553733e-05
9.594345694e-05
9.535540763e-05
9.446232146e-05
8.601428308e-05
8.516459401e-05
9.224194765e-05
9.128794536e-05
9.059111616e-05
8.961638951e-05
9.629976677e-05
8.790251359e-05
9.441818359e-05
8.61561926e-05
9.962213005e-05
8.438674126e-05
9.057396678e-05
8.948642238e-05
8.863051892e-05
8.754692859e-05
0.0001200245218
9.219370039e-05
9.126192143e-05
0.0001029884749
8.918421587e-05
0.0001006307292
9.334915605e-05
8.601076303e-05
8.509270014e-05
0.000101996266
8.902468452e-05
8.787280115e-05
9.850495401e-05
9.150608877e-05
0.0001074753602
8.374322665e-05
8.282584038e-05
9.809349188e-05
8.08493754e-05
8.511296763e-05
7.892164858e-05
9.866269372e-05
9.758937141e-05
0.0001013874308
9.02619491e-05
7.424132804e-05
9.79260643e-05
8.699340102e-05
9.084966236e-05
8.496048617e-05
9.80770067e-05
9.682270362e-05
9.125220826e-05
9.009373104e-05
8.025059574e-05
9.244712601e-05
9.58664105e-05
9.467123799e-05
8.9463262e-05
9.256762364e-05
9.998599741e-05
9.465259502e-05
9.780681124e-05
9.260506151e-05
9.171680961e-05
9.457153161e-05
9.367727552e-05
8.872887958e-05
9.172328739e-05
9.067491489e-05
9.358397484e-05
9.623729413e-05
9.169511116e-05
9.069091325e-05
9.347150093e-05
8.891618964e-05
8.812590834e-05
9.418645464e-05
8.989910904e-05
9.241493822e-05
8.821387499e-05
7.777684852e-05
8.636992141e-05
0.000103499729
8.615727229e-05
8.594999154e-05
9.439330438e-05
9.407457426e-05
9.387180736e-05
8.497101929e-05
0.000101687843
7.587122204e-05
9.242603376e-05
9.18716588e-05
9.151600161e-05
9.915985212e-05
9.871889694e-05
9.797978119e-05
8.936427197e-05
9.669354262e-05
9.615452672e-05
9.531171556e-05
8.683458626e-05
9.384513878e-05
9.322185365e-05
9.23047295e-05
9.164537065e-05
9.070131745e-05
9.001021118e-05
8.904549747e-05
8.832707202e-05
9.462646136e-05
8.660620619e-05
9.988661668e-05
8.485732634e-05
9.085213131e-05
9.693778619e-05
8.209532478e-05
9.4863128e-05
8.032050676e-05
7.953022466e-05
8.509184909e-05
0.0001101507456
8.957591221e-05
8.865183585e-05
9.378187273e-05
8.661017453e-05
8.550498453e-05
0.0001027202483
9.543654024e-05
9.440656701e-05
0.0001048370313
8.065280116e-05
9.666659621e-05
0.0001068585831
9.991847874e-05
8.23537621e-05
8.128118787e-05
0.0001125481087
9.521258547e-05
9.417281948e-05
7.745518524e-05
0.0001072580318
9.578115963e-05
9.973232959e-05
9.843919194e-05
8.764465607e-05
9.612520175e-05
9.03477854e-05
7.979863007e-05
8.82478137e-05
8.712058301e-05
9.075128124e-05
9.856038847e-05
9.754689339e-05
8.756363926e-05
8.234110544e-05
9.415446757e-05
8.897480161e-05
9.2062725e-05
8.701041111e-05
9.822931697e-05
9.727325951e-05
8.809553423e-05
9.518221444e-05
9.40551385e-05
9.316558512e-05
9.208034541e-05
9.122154078e-05
9.017803716e-05
8.934819232e-05
8.834635958e-05
8.754361209e-05
9.019106852e-05
9.295633853e-05
8.842430456e-05
9.464957205e-05
8.325617336e-05
9.627679555e-05
8.849538961e-05
9.109570575e-05
8.582767947e-05
9.435729522e-05
8.566057677e-05
8.556889503e-05
0.0001024367997
7.67045625e-05
9.343496032e-05
8.475811482e-05
6.751626822e-05
9.258277224e-05
0.0001004791681
0.0001001487805
9.955083905e-05
8.263846366e-05
9.849792985e-05
9.806072757e-05
9.732979041e-05
9.684247651e-05
9.605641322e-05
9.552195021e-05
9.468823917e-05
9.411005713e-05
9.323596865e-05
9.261787302e-05
9.171038299e-05
9.105646081e-05
9.012218089e-05
9.688976775e-05
8.8481833e-05
8.77691891e-05
8.679945662e-05
0.0001004080468
8.508471185e-05
9.838601483e-05
8.3346719e-05
8.946024017e-05
9.519299618e-05
8.755048255e-05
9.979302448e-05
7.904997243e-05
9.108772529e-05
8.372874213e-05
8.904331845e-05
9.442047228e-05
0.0001056595702
8.610053914e-05
8.500511962e-05
0.0001021207271
0.0001067434755
9.38598763e-05
9.844296321e-05
9.737267966e-05
9.611435574e-05
9.506475569e-05
9.93515918e-05
9.280530598e-05
9.159942631e-05
9.592655271e-05
7.889927319e-05
7.803802503e-05
9.242835993e-05
9.650267523e-05
9.023704337e-05
7.934383639e-05
9.789600793e-05
0.0001016881207
9.559693975e-05
8.985142298e-05
8.402997181e-05
9.238382902e-05
9.120518274e-05
9.476861503e-05
0.000102479202
0.0001014253759
8.708762883e-05
9.91341333e-05
8.513028017e-05
8.427775824e-05
7.907739916e-05
8.241738567e-05
8.141379267e-05
8.465231023e-05
9.16001738e-05
9.072120134e-05
9.354435414e-05
9.265945433e-05
9.157954129e-05
9.072525363e-05
9.716045658e-05
8.886113738e-05
8.786362747e-05
9.069292088e-05
9.328457153e-05
9.244682358e-05
8.793783176e-05
8.715643898e-05
8.624603455e-05
9.232563613e-05
9.47736805e-05
9.059036469e-05
0.0001022936016
9.37165002e-05
9.358731215e-05
7.648964949e-05
9.326453869e-05
7.618536474e-05
8.436725921e-05
9.260465584e-05
9.221013929e-05
8.360016018e-05
9.148869869e-05
9.947826105e-05
9.888702278e-05
8.208799477e-05
9.784478605e-05
8.92936699e-05
9.668836678e-05
9.620515662e-05
9.542762515e-05
9.489764242e-05
9.407286665e-05
8.570787595e-05
9.263465604e-05
9.202166833e-05
9.112364145e-05
9.801466054e-05
9.701292585e-05
8.887046811e-05
8.792525972e-05
8.721830924e-05
8.625824481e-05
9.265600487e-05
9.160547914e-05
0.0001047636317
8.973928414e-05
8.207407861e-05
8.109875438e-05
0.0001004080101
9.257987721e-05
0.000104767314
9.054462904e-05
8.963291171e-05
7.587173192e-05
9.386348454e-05
8.650382728e-05
9.171092819e-05
0.0001086570838
0.0001075004085
8.254401786e-05
9.915194824e-05
9.212206592e-05
0.0001025113214
9.556838916e-05
8.896507371e-05
0.0001042794955
9.228231004e-05
9.644399371e-05
7.949115181e-05
9.938225985e-05
8.277716467e-05
9.191623626e-05
7.071352288e-05
8.973958665e-05
9.863334991e-05
7.788702845e-05
7.705167986e-05
9.03207296e-05
9.87668515e-05
0.0001021439424
8.728672362e-05
9.978091893e-05
9.425403433e-05
7.97666697e-05
0.0001052618369
9.960928062e-05
9.859805282e-05
9.737119935e-05
9.639596772e-05
9.520878525e-05
9.836708045e-05
9.312080282e-05
9.622343122e-05
9.506698862e-05
9.415456605e-05
9.303908763e-05
9.215879303e-05
9.108415523e-05
9.023433732e-05
9.291712631e-05
9.574431071e-05
9.466832057e-05
9.019999625e-05
9.277603739e-05
9.194286372e-05
8.745668241e-05
9.361403211e-05
8.920304003e-05
9.181856542e-05
9.088438662e-05
8.675391046e-05
9.313647608e-05
0.0001015465636
7.605540567e-05
0.000101299109
7.57940984e-05
0.0001008975312
6.704107262e-05
8.362165707e-05
9.159376178e-05
8.304172529e-05
8.261791828e-05
9.058193872e-05
9.823200068e-05
9.785377307e-05
8.910022663e-05
8.064197575e-05
8.805073019e-05
9.557617028e-05
8.690643104e-05
9.428144229e-05
9.346544102e-05
9.289681606e-05
9.20410499e-05
9.14330904e-05
9.054435985e-05
8.990105889e-05
8.898581507e-05
8.831135238e-05
9.465694836e-05
0.0001011200183
9.286738532e-05
8.499982034e-05
9.104285088e-05
8.329731358e-05
9.605402344e-05
8.837357035e-05
9.40444022e-05
9.980359795e-05
7.88796845e-05
8.461554908e-05
9.000797066e-05
8.273827286e-05
0.0001005678944
8.709216098e-05
7.98569877e-05
9.117755571e-05
0.0001020275892
8.312906586e-05
9.965742535e-05
9.85843516e-05
9.159796328e-05
8.494071138e-05
8.943867307e-05
9.95210595e-05
8.186408231e-05
0.0001025610787
0.0001012345544
7.904849521e-05
8.322661953e-05
9.260876264e-05
9.648807625e-05
9.543991411e-05
8.428938546e-05
0.0001029975374
7.262057042e-05
8.621024989e-05
8.510188047e-05
8.887488211e-05
8.311961921e-05
9.138314352e-05
9.022001944e-05
8.48169153e-05
8.815211792e-05
8.724556442e-05
9.476606371e-05
8.527629479e-05
8.842666723e-05
8.337229335e-05
9.058054391e-05
8.560915034e-05
8.859415673e-05
9.570696922e-05
9.061686071e-05
8.974697609e-05
8.868344797e-05
9.166351305e-05
9.059409977e-05
8.974870514e-05
9.611284458e-05
9.1565402e-05
9.415663649e-05
8.61239048e-05
8.517509323e-05
8.792727748e-05
9.046000039e-05
8.62080677e-05
8.189131415e-05
9.131703415e-05
8.703779927e-05
7.964117144e-05
0.000100922506
0.0001008661862
0.0001007283771
9.223611354e-05
9.201830636e-05
9.187172335e-05
5.827007472e-05
8.306478052e-05
9.925698533e-05
9.898884169e-05
7.386445252e-05
9.816380186e-05
9.758559913e-05
8.910964519e-05
9.656414446e-05
9.613784394e-05
8.747800624e-05
7.912946259e-05
9.419442626e-05
9.367319289e-05
9.286580932e-05
9.230185098e-05
9.145500301e-05
9.085199379e-05
8.997239683e-05
8.933428416e-05
9.579733724e-05
9.507249683e-05
9.40689296e-05
9.331512427e-05
9.229547077e-05
9.151731275e-05
9.744763712e-05
8.968914284e-05
0.0001022923495
0.0001013539332
0.0001068347852
9.920641884e-05
9.147930081e-05
0.0001035245296
8.947763635e-05
0.0001012329528
8.748287111e-05
8.039979416e-05
7.939441467e-05
8.460699458e-05
9.54742711e-05
8.265223657e-05
9.326059238e-05
9.225714486e-05
0.000113849738
9.572224724e-05
0.0001222874591
8.796688572e-05
9.226171982e-05
9.125380483e-05
0.0001006734061
9.433288953e-05
8.276802517e-05
8.698228678e-05
9.090882768e-05
8.992161799e-05
9.369211176e-05
9.755832621e-05
9.148674557e-05
8.574249154e-05
8.934410459e-05
0.0001023515596
9.185755545e-05
9.543543074e-05
8.973537593e-05
8.880138803e-05
9.644769282e-05
8.243909743e-05
0.0001028281816
8.906109068e-05
8.795429717e-05
9.536584075e-05
9.009703256e-05
9.326175752e-05
9.212685788e-05
9.519602166e-05
9.405190819e-05
9.314887093e-05
9.204475437e-05
9.877132208e-05
9.386384305e-05
8.926827222e-05
9.192063932e-05
8.743132034e-05
9.004851346e-05
9.993765451e-05
8.824559917e-05
9.794749976e-05
9.343080897e-05
8.574157979e-05
9.162703281e-05
9.418469102e-05
8.323321889e-05
8.250688016e-05
0.0001002506496
7.51461491e-05
9.172036006e-05
9.162297205e-05
9.971737826e-05
7.466910429e-05
9.096117666e-05
8.251527192e-05
9.860225632e-05
9.833633035e-05
9.783898425e-05
8.939288715e-05
9.694764907e-05
9.657567269e-05
9.593631319e-05
8.755407113e-05
9.481383784e-05
9.434255289e-05
9.358970243e-05
9.307274133e-05
9.227382249e-05
9.171445839e-05
9.08763719e-05
9.027823678e-05
8.940761455e-05
8.877461103e-05
0.0001098471871
8.721396421e-05
0.0001006795692
9.274025991e-05
8.467436055e-05
9.795519788e-05
8.99380763e-05
8.914618379e-05
0.0001016771635
8.731298316e-05
9.956056664e-05
9.204192079e-05
8.444314102e-05
9.004986287e-05
8.259969248e-05
8.806103724e-05
9.318729137e-05
9.838001476e-05
8.500925967e-05
9.012920868e-05
8.899582401e-05
9.392096718e-05
0.0001043235238
8.600155848e-05
9.056744713e-05
0.0001007835525
8.843960605e-05
9.841066269e-05
7.555873206e-05
9.074810177e-05
9.484905264e-05
9.902522476e-05
8.745911056e-05
9.668319386e-05
8.539039481e-05
9.440030588e-05
9.80884328e-05
0.0001067325098
9.578192276e-05
9.949307866e-05
8.886366958e-05
9.717400725e-05
9.136531125e-05
9.040390423e-05
8.033032027e-05
8.832693717e-05
8.721235963e-05
8.199964428e-05
8.523423912e-05
8.436873317e-05
9.998508233e-05
9.485898965e-05
8.961865569e-05
8.873310724e-05
7.968504347e-05
9.074506316e-05
8.965443482e-05
9.265403719e-05
9.155551541e-05
9.446745172e-05
8.962964015e-05
8.879295552e-05
8.777315345e-05
9.421195896e-05
8.956700466e-05
9.230296988e-05
8.77722755e-05
9.394278312e-05
8.948608794e-05
8.52801132e-05
0.0001046327502
8.363910257e-05
8.940370624e-05
8.534148479e-05
9.958767936e-05
9.953242164e-05
9.111448598e-05
9.929228561e-05
9.080494002e-05
7.417700775e-05
9.036306363e-05
8.1972986e-05
9.795610828e-05
9.769236508e-05
9.720047597e-05
8.073635579e-05
9.631798584e-05
8.795330641e-05
8.73735437e-05
8.698917012e-05
9.420504319e-05
8.592614204e-05
9.299269367e-05
8.477327706e-05
9.168933528e-05
9.113449466e-05
9.030501669e-05
9.71876546e-05
8.884987864e-05
9.557373245e-05
8.733400128e-05
8.667543438e-05
8.576726781e-05
9.217243504e-05
8.415924649e-05
9.736059704e-05
8.251909193e-05
9.542589441e-05
9.433137714e-05
8.01158574e-05
9.237255814e-05
9.149769678e-05
9.040458399e-05
0.0001087053145
8.8435498e-05
8.754925928e-05
9.882583619e-05
0.0001039263633
0.0001086717617
9.558829206e-05
8.849032729e-05
0.0001108986605
7.492014373e-05
8.55175535e-05
0.0001013184402
9.465269416e-05
7.145807179e-05
9.786470459e-05
0.000107345536
9.555667702e-05
9.956956771e-05
9.329954306e-05
8.698244739e-05
0.0001012175666
8.492752545e-05
9.883047258e-05
9.268139178e-05
0.0001013318078
9.050421218e-05
0.0001036713811
8.373635419e-05
8.744923275e-05
9.542223031e-05
9.441821824e-05
7.990338898e-05
8.785752919e-05
9.976244764e-05
9.444351217e-05
9.326146786e-05
8.811826604e-05
8.288051165e-05
9.02549978e-05
8.914533194e-05
8.826432215e-05
9.115390703e-05
9.419032031e-05
8.918084769e-05
9.216443307e-05
9.107144978e-05
9.39678199e-05
8.915507025e-05
8.832267374e-05
9.094529913e-05
9.010770872e-05
9.265424265e-05
8.828073944e-05
9.079616237e-05
9.344159682e-05
9.2430298e-05
8.82165308e-05
9.064179312e-05
8.651719933e-05
8.562744627e-05
9.46747845e-05
9.068896842e-05
7.415900989e-05
9.87453423e-05
9.042082343e-05
9.021017797e-05
6.55034266e-05
8.977276497e-05
8.958155942e-05
9.731837363e-05
8.896871416e-05
9.657024761e-05
8.021331638e-05
8.772174491e-05
7.944210769e-05
9.47048281e-05
9.428892206e-05
8.580368201e-05
9.314037472e-05
9.240325327e-05
9.189463951e-05
9.111220606e-05
9.810863804e-05
9.72192011e-05
9.658154159e-05
8.829905804e-05
9.498237918e-05
8.679694046e-05
9.332214057e-05
8.524422035e-05
9.865856124e-05
9.062122538e-05
8.294843251e-05
8.202442375e-05
8.130438601e-05
0.0001004687259
8.627755069e-05
9.182840816e-05
0.0001104512716
8.345687979e-05
0.0001080718372
9.420372792e-05
9.326078086e-05
9.825848482e-05
8.509600601e-05
9.604713834e-05
8.910469513e-05
8.212450455e-05
9.286173104e-05
8.023107034e-05
9.637749464e-05
9.515735179e-05
9.412683082e-05
0.0001038618523
7.569704392e-05
9.074307679e-05
9.503293351e-05
8.860281568e-05
9.79463862e-05
8.142207229e-05
9.563588592e-05
9.440725265e-05
8.355330188e-05
9.703596359e-05
9.598902221e-05
8.528287949e-05
8.905636107e-05
0.0001017999463
0.0001052965738
7.683700969e-05
9.838997191e-05
8.83121908e-05
8.30234299e-05
9.492166953e-05
0.0001024858675
9.698733786e-05
8.348028576e-05
9.481146507e-05
8.978035513e-05
8.867698167e-05
9.179139448e-05
9.067509761e-05
9.369539633e-05
8.871223759e-05
9.16799761e-05
9.059247586e-05
8.97345075e-05
8.868549938e-05
9.517879291e-05
8.684673585e-05
8.60467875e-05
9.216404285e-05
9.4838709e-05
9.726158299e-05
8.606086094e-05
9.193803526e-05
9.112167705e-05
8.681792531e-05
9.598412146e-05
9.49944423e-05
8.767226477e-05
9.828770128e-05
9.823346974e-05
9.810156864e-05
8.98315017e-05
8.962315646e-05
8.948135789e-05
9.729832203e-05
9.709142398e-05
9.668888909e-05
9.642940987e-05
9.594813915e-05
9.563641227e-05
8.715930871e-05
8.682659383e-05
9.41008659e-05
9.368831785e-05
9.301061075e-05
9.255070213e-05
9.182123822e-05
9.131670245e-05
9.054229675e-05
8.999629706e-05
8.918359187e-05
8.859963859e-05
9.506794368e-05
8.71368912e-05
9.345531497e-05
0.0001070226041
9.178813992e-05
8.4052978e-05
9.700552684e-05
9.619279143e-05
9.512492605e-05
8.082096606e-05
9.321686757e-05
7.917137488e-05
8.476987221e-05
9.042833037e-05
8.297233836e-05
0.0001074457002
8.741735557e-05
9.890667873e-05
7.937930853e-05
8.461118329e-05
8.953442103e-05
0.000106321348
8.166327652e-05
9.234102225e-05
9.118165564e-05
9.584113247e-05
8.349790119e-05
8.810049721e-05
8.698216583e-05
9.679076203e-05
9.555661234e-05
9.976572774e-05
8.812233899e-05
9.228859037e-05
9.110598376e-05
9.512069474e-05
9.390099475e-05
0.0001026598006
8.686633803e-05
9.547708038e-05
8.482979239e-05
8.858342454e-05
9.205565683e-05
8.197004931e-05
9.441571833e-05
9.342246126e-05
8.345538601e-05
9.5626876e-05
9.442366999e-05
9.345247208e-05
7.970039562e-05
9.549949849e-05
9.841626122e-05
8.525110224e-05
9.222323268e-05
9.131152259e-05
9.412308736e-05
8.932207774e-05
9.208541893e-05
9.120058553e-05
9.011851374e-05
8.92648756e-05
8.822084896e-05
9.832151058e-05
9.359005726e-05
8.916142691e-05
8.815288721e-05
9.084547345e-05
9.329287025e-05
9.245509788e-05
9.14509881e-05
9.399604882e-05
7.971334758e-05
9.218157601e-05
9.122866528e-05
9.68934384e-05
8.951282703e-05
9.759662539e-05
9.746613481e-05
8.113619281e-05
9.71386095e-05
8.890307647e-05
9.667091573e-05
8.842687463e-05
9.606749562e-05
8.782592419e-05
9.533399467e-05
8.710603895e-05
9.447713322e-05
9.411708418e-05
9.350455819e-05
8.533737365e-05
9.24246812e-05
9.196844902e-05
9.124650909e-05
9.07459894e-05
8.997947273e-05
8.943779348e-05
8.863325956e-05
9.539171639e-05
8.721765464e-05
0.0001010383855
9.288759352e-05
8.509902297e-05
8.421703347e-05
8.354762556e-05
8.953840402e-05
8.878937931e-05
8.780705767e-05
8.034326077e-05
7.943094051e-05
0.0001049432474
9.724191126e-05
9.632460671e-05
8.883903629e-05
8.169106456e-05
9.312538426e-05
0.0001106344349
9.107165902e-05
9.615068994e-05
8.903038935e-05
8.222966398e-05
9.860874317e-05
9.756525302e-05
0.0001020108638
8.409768282e-05
8.857444654e-05
7.666436299e-05
8.110028317e-05
9.09146602e-05
9.503801069e-05
8.35577631e-05
0.0001031141709
9.179128543e-05
8.558313085e-05
8.963149688e-05
9.83159342e-05
9.238758624e-05
9.600584017e-05
0.0001092161558
8.438149412e-05
9.739079873e-05
8.241395773e-05
9.512845175e-05
8.944798388e-05
9.293241757e-05
0.0001004964503
7.783089401e-05
9.393086861e-05
8.873904223e-05
0.0001001497114
7.847983725e-05
8.974552054e-05
8.88458905e-05
9.174374998e-05
9.0836642e-05
8.973241232e-05
9.272098961e-05
9.542351946e-05
9.072618232e-05
8.964948516e-05
8.880013381e-05
9.507446223e-05
9.418635463e-05
8.952048968e-05
9.224352824e-05
8.769138572e-05
9.384557853e-05
9.280298489e-05
9.196961853e-05
9.433829903e-05
9.684013254e-05
9.581066239e-05
9.496882717e-05
9.398461758e-05
8.3528272e-05
9.702122468e-05
9.696798513e-05
8.876897316e-05
8.061418845e-05
8.847173842e-05
8.833222145e-05
8.804725323e-05
9.584795287e-05
9.545403819e-05
9.519869256e-05
8.683369036e-05
8.655249264e-05
8.605579905e-05
8.57283833e-05
9.291576038e-05
9.250977516e-05
9.184608768e-05
9.139347622e-05
9.067892991e-05
9.018236574e-05
9.687556955e-05
8.888617913e-05
8.808967755e-05
8.751482763e-05
0.0001011346297
8.607823987e-05
8.5224672e-05
9.868392145e-05
9.766477885e-05
8.996900627e-05
9.585330416e-05
9.505266861e-05
9.400460369e-05
9.983896177e-05
8.554778698e-05
9.781112728e-05
9.667902439e-05
8.299912339e-05
8.201994091e-05
9.996700504e-05
0.000111114501
9.167172995e-05
8.452049758e-05
7.170679234e-05
8.262986738e-05
9.345158873e-05
9.229278848e-05
9.131692916e-05
7.326845615e-05
8.921046664e-05
0.0001046066694
8.713762315e-05
9.141424402e-05
9.574013396e-05
8.92736184e-05
8.830139361e-05
9.230490115e-05
9.12993113e-05
0.0001051564422
8.915379811e-05
9.290459491e-05
0.0001112446395
9.072399008e-05
8.974593568e-05
7.927469199e-05
9.687903736e-05
9.564612399e-05
0.0001036428723
7.563398605e-05
9.244748806e-05
9.128011594e-05
9.463162666e-05
0.0001019380194
9.24820149e-05
9.132811883e-05
9.861858409e-05
8.928099408e-05
9.240345668e-05
9.126922731e-05
9.036667525e-05
8.926838199e-05
9.22413471e-05
9.113269258e-05
9.025668902e-05
8.918531349e-05
9.570188999e-05
8.730600333e-05
9.730162013e-05
9.261763945e-05
8.823481363e-05
9.072407885e-05
8.989911431e-05
8.547983101e-05
9.148921102e-05
9.719533929e-05
9.301077747e-05
7.887425739e-05
9.121163392e-05
9.348771374e-05
8.947824751e-05
8.836680172e-05
8.831844216e-05
8.820134284e-05
9.611862956e-05
9.589860336e-05
8.776865068e-05
8.748672919e-05
8.730157825e-05
9.484836575e-05
8.671211984e-05
9.412899367e-05
9.382465888e-05
8.551445682e-05
9.293414231e-05
9.233433148e-05
9.193155333e-05
9.127469326e-05
9.082564804e-05
9.76282321e-05
8.962570021e-05
9.628077168e-05
9.57031046e-05
9.484878261e-05
9.423085027e-05
9.334262034e-05
8.555850235e-05
8.471316458e-05
9.80928166e-05
0.0001040178836
8.943451193e-05
8.84811541e-05
0.0001012421598
9.345428043e-05
8.602164306e-05
9.8136024e-05
9.076162646e-05
8.971444215e-05
9.521822254e-05
8.155189447e-05
0.0001180347924
9.820954522e-05
9.115401191e-05
7.804286701e-05
8.318930463e-05
9.390843845e-05
8.712398965e-05
8.031016158e-05
7.378584996e-05
9.52874205e-05
8.872214345e-05
9.308613638e-05
9.749704035e-05
9.626848042e-05
0.0001163840662
8.879431809e-05
8.782779914e-05
9.691304834e-05
9.081258273e-05
7.471323555e-05
9.360789557e-05
9.72781925e-05
9.622428631e-05
9.024749046e-05
8.927482806e-05
8.349896359e-05
7.342676282e-05
8.155532254e-05
8.965488811e-05
9.737110196e-05
9.634700229e-05
0.0001037800544
8.986256085e-05
9.296053816e-05
8.782229166e-05
8.67273671e-05
8.993420479e-05
9.28585813e-05
9.592437593e-05
9.474739627e-05
8.990154645e-05
9.267039258e-05
9.176664141e-05
9.066368412e-05
9.353336438e-05
9.242283717e-05
8.78850182e-05
9.047464477e-05
8.962923007e-05
8.505135607e-05
9.83121351e-05
9.025403811e-05
8.943329027e-05
8.503563726e-05
9.10137963e-05
8.66862381e-05
8.591685808e-05
9.15381857e-05
9.397478708e-05
8.978927673e-05
0.0001017233911
9.5786971e-05
9.573469083e-05
9.560828267e-05
7.959007419e-05
8.734953041e-05
9.514060977e-05
8.693329679e-05
8.674960232e-05
9.425033105e-05
7.833249529e-05
9.353784464e-05
9.323589967e-05
8.497988274e-05
9.235375288e-05
9.176013402e-05
9.136051482e-05
9.071036443e-05
9.026483214e-05
8.956469429e-05
8.907586473e-05
9.569323314e-05
9.512004065e-05
8.702227368e-05
8.645626012e-05
9.27813452e-05
8.504500348e-05
9.122507391e-05
8.357892932e-05
8.272184483e-05
8.20673823e-05
9.472813217e-05
9.393925576e-05
9.954681759e-05
9.210067676e-05
8.456038603e-05
8.379331757e-05
0.0001083155868
9.467450698e-05
8.108915952e-05
8.03033416e-05
9.155337635e-05
8.459930143e-05
0.0001014865097
0.0001004528855
8.755177802e-05
8.086632989e-05
0.0001026887569
9.031530199e-05
0.0001059171434
0.0001047839754
0.0001089204054
0.0001077444607
7.97925262e-05
9.471206934e-05
7.27342304e-05
8.222047785e-05
8.625143659e-05
8.029423669e-05
8.422812406e-05
8.821351509e-05
9.676749367e-05
0.0001100773752
0.0001039511232
0.0001075051966
9.690868247e-05
0.0001004367904
8.564005058e-05
8.473088251e-05
9.246507835e-05
0.0001002062408
9.033984714e-05
8.939974938e-05
9.668661814e-05
8.737098299e-05
9.449988598e-05
8.540587732e-05
9.63995125e-05
9.145647468e-05
9.426235546e-05
9.332992831e-05
9.219607481e-05
9.12967967e-05
9.019947839e-05
9.305430251e-05
9.562717906e-05
8.743449707e-05
9.001035079e-05
9.630267114e-05
9.519080645e-05
8.732726197e-05
9.669567688e-05
9.581628948e-05
9.813140192e-05
9.389675237e-05
9.287012195e-05
9.533330244e-05
9.106142302e-05
9.348552988e-05
8.931952125e-05
9.802931215e-05
8.724975039e-05
9.512973364e-05
8.708758535e-05
9.490525579e-05
8.679903499e-05
9.454124862e-05
9.424016977e-05
9.404134082e-05
8.585480796e-05
9.341041324e-05
9.295407434e-05
8.493327647e-05
9.212940074e-05
9.178056772e-05
9.119303392e-05
9.07965266e-05
9.766571851e-05
9.718680769e-05
8.901778232e-05
9.591046225e-05
8.779645092e-05
9.454403823e-05
9.37063983e-05
9.309789867e-05
8.513241201e-05
0.0001056720395
9.765974314e-05
9.000791362e-05
9.594104011e-05
8.838435173e-05
8.744858035e-05
0.0001000631507
8.577468756e-05
7.848760642e-05
9.054250587e-05
7.690480596e-05
9.50287958e-05
0.000106688561
8.683408049e-05
0.0001167055789
7.890228811e-05
9.013592283e-05
8.904995663e-05
9.40201609e-05
9.287441235e-05
0.0001091439746
7.94327243e-05
7.859484795e-05
9.425415302e-05
0.0001151867868
0.0001029173856
9.109039738e-05
9.523911536e-05
9.420627238e-05
9.301869879e-05
9.20072e-05
9.084288511e-05
0.000114814122
9.364310928e-05
8.775077226e-05
8.663591616e-05
9.998089138e-05
9.400984329e-05
9.299715443e-05
8.263470243e-05
8.175044776e-05
0.0001031350595
0.000102040311
8.322900015e-05
9.102259639e-05
9.843664828e-05
9.74123169e-05
9.201005027e-05
9.106354091e-05
8.584218258e-05
8.496996397e-05
9.191200034e-05
9.099022532e-05
9.378225551e-05
9.285444205e-05
9.172658776e-05
9.083173868e-05
8.974000199e-05
8.887691805e-05
9.148041362e-05
9.423761896e-05
9.671486158e-05
9.226229919e-05
9.119631978e-05
0.0001042565417
8.589271003e-05
9.872935786e-05
9.426027158e-05
8.006901073e-05
8.249181458e-05
8.503021399e-05
9.382494378e-05
9.620828348e-05
9.202803603e-05
0.000103811026
9.458372591e-05
9.453237402e-05
9.440856912e-05
9.43099848e-05
9.409683796e-05
9.394939184e-05
9.365146396e-05
8.566632863e-05
9.307660414e-05
8.509339405e-05
9.237754548e-05
9.208027363e-05
9.156058648e-05
9.121445352e-05
9.81856421e-05
9.02394589e-05
9.706925117e-05
8.91637239e-05
8.847750907e-05
8.799618725e-05
9.453940884e-05
8.674612599e-05
8.598042809e-05
8.542299513e-05
9.167880418e-05
9.804232399e-05
9.014939997e-05
9.636123978e-05
0.0001021927531
8.786846606e-05
8.025348798e-05
9.285162514e-05
9.18413039e-05
9.754626182e-05
8.359551835e-05
0.0001019559691
9.449116788e-05
8.736512761e-05
9.251453831e-05
7.940409284e-05
9.657016299e-05
8.963535913e-05
9.446237715e-05
9.35022001e-05
9.236589179e-05
0.0001028343612
9.028703599e-05
7.816848331e-05
9.374587729e-05
8.728873164e-05
8.081553989e-05
8.527366545e-05
8.420679459e-05
9.891172952e-05
8.73868074e-05
0.0001067751348
0.000100406427
9.434876933e-05
9.805691089e-05
8.729285893e-05
0.0001053382171
8.998924754e-05
9.819993223e-05
9.251654864e-05
9.134360722e-05
8.58480329e-05
8.92226668e-05
0.0001015170804
8.716159491e-05
9.486959788e-05
8.516071627e-05
9.270200984e-05
9.154205804e-05
8.648213942e-05
9.354026827e-05
9.258976145e-05
9.542181924e-05
9.052870577e-05
9.33070213e-05
9.238377613e-05
9.126185798e-05
9.037139459e-05
8.928518302e-05
9.211075152e-05
9.101637261e-05
9.375943536e-05
9.265974998e-05
9.532402517e-05
8.724249165e-05
8.989571733e-05
8.887269194e-05
9.483851949e-05
9.042875612e-05
8.629760382e-05
9.19164644e-05
9.435453296e-05
8.69039771e-05
8.614130386e-05
8.208070322e-05
0.0001001443731
9.399336869e-05
8.611393058e-05
9.381993266e-05
9.372213467e-05
8.571860108e-05
9.336489935e-05
9.307006763e-05
9.287429918e-05
8.479224913e-05
9.225509016e-05
9.180812414e-05
9.151313713e-05
9.099875292e-05
9.065528023e-05
9.007960587e-05
8.968918512e-05
8.905848474e-05
8.862318273e-05
9.527240058e-05
9.475494639e-05
8.674418619e-05
9.341271096e-05
9.259120487e-05
9.199186671e-05
9.814786362e-05
9.74643079e-05
8.962102005e-05
8.89548708e-05
9.482529138e-05
0.0001075182372
8.643982885e-05
9.231719993e-05
8.47933796e-05
8.405751977e-05
8.951524057e-05
0.0001077149817
0.0001002235616
7.446399163e-05
8.586516042e-05
7.896197885e-05
0.0001080402722
9.508301271e-05
9.981538191e-05
9.298991497e-05
8.612147772e-05
0.0001250031601
9.541159277e-05
8.885339388e-05
9.872793955e-05
0.0001031001337
8.574415555e-05
9.012132406e-05
8.899644565e-05
8.803234105e-05
8.692750103e-05
0.0001011566538
9.488776143e-05
0.0001086756992
8.291535519e-05
8.201527211e-05
8.574036447e-05
0.0001083716965
9.304264777e-05
0.0001012449733
9.541950736e-05
9.889402289e-05
9.320573624e-05
7.465157407e-05
8.671827201e-05
9.009682246e-05
8.896521237e-05
9.642419536e-05
9.935869357e-05
9.833653156e-05
9.711415406e-05
9.612725925e-05
9.494037198e-05
9.398801157e-05
9.283657922e-05
9.191785763e-05
9.836863134e-05
8.99156931e-05
8.8834951e-05
9.164611538e-05
9.055701561e-05
9.328608008e-05
9.573727722e-05
9.132945212e-05
9.374479249e-05
9.632045688e-05
9.522325272e-05
8.761728843e-05
9.330057752e-05
8.916054025e-05
7.838309378e-05
9.387264636e-05
9.286263407e-05
8.252566276e-05
7.851722395e-05
8.40618601e-05
9.341033536e-05
9.335988206e-05
9.323859099e-05
9.314156748e-05
8.51884083e-05
9.278763458e-05
9.249584547e-05
9.230157352e-05
9.193175118e-05
9.168807975e-05
9.124567969e-05
9.095294402e-05
9.044377236e-05
9.761149774e-05
8.953302584e-05
8.914558173e-05
9.589790934e-05
8.808915595e-05
9.470110109e-05
0.0001014327645
8.622745625e-05
8.571428322e-05
8.496323369e-05
8.441413619e-05
9.06021589e-05
8.997213397e-05
9.595255155e-05
9.524042303e-05
9.427709248e-05
8.685455311e-05
0.0001123884781
9.834524088e-05
9.07965668e-05
9.643895074e-05
8.901029988e-05
0.0001008081412
9.343395773e-05
8.638966247e-05
0.0001097855537
9.060549334e-05
0.0001074457273
8.865072758e-05
8.175217863e-05
7.514261034e-05
9.707571168e-05
0.0001186760284
7.815193822e-05
9.390008633e-05
0.0001091124658
8.096116988e-05
7.995931173e-05
0.0001054640925
8.852815272e-05
8.241847475e-05
8.138635074e-05
9.056545284e-05
8.445832394e-05
9.336891669e-05
9.704330846e-05
0.0001055892707
9.477721766e-05
8.90644192e-05
8.793815113e-05
0.0001007270958
9.04126042e-05
9.839024575e-05
0.0001015641958
7.864165073e-05
9.490737955e-05
8.537234445e-05
9.273130976e-05
8.342401223e-05
8.650111137e-05
8.561119852e-05
8.454777487e-05
8.767368783e-05
9.052776864e-05
9.351607419e-05
8.852207145e-05
9.145661507e-05
9.034638394e-05
8.946456434e-05
9.207212179e-05
9.118614327e-05
9.370636292e-05
8.924757728e-05
8.819986923e-05
9.786007204e-05
8.981796421e-05
9.925776434e-05
9.8126015e-05
0.0001005862537
9.614330808e-05
8.870895922e-05
8.448346536e-05
9.661619682e-05
7.964555504e-05
8.210477764e-05
0.000103111617
9.29237338e-05
8.509828291e-05
8.505243609e-05
9.266440936e-05
9.256814872e-05
9.236152796e-05
9.221746426e-05
9.192866552e-05
9.938052386e-05
9.136982151e-05
9.112799658e-05
9.06900847e-05
9.793286487e-05
8.989552016e-05
8.955725199e-05
8.899303883e-05
0.0001033766162
8.799025463e-05
8.756152652e-05
9.413661233e-05
9.362694206e-05
9.285991661e-05
8.520751272e-05
0.0001055795111
8.391859035e-05
8.314455114e-05
9.632848388e-05
9.53966746e-05
0.0001014532882
9.373519559e-05
9.964190878e-05
9.202747571e-05
9.126659539e-05
7.738548096e-05
8.310871343e-05
8.851102381e-05
9.397862319e-05
9.291417471e-05
9.818291787e-05
9.098316935e-05
9.611367149e-05
7.717499852e-05
9.404424483e-05
9.873153988e-05
8.048425227e-05
0.0001022323524
9.555440769e-05
9.439145444e-05
0.0001043869506
0.0001085334325
9.126970664e-05
0.0001060506207
0.0001101544535
0.0001087858828
9.223597751e-05
9.614360144e-05
7.007377938e-05
8.402163482e-05
9.288658309e-05
7.240824372e-05
9.549705725e-05
9.900699424e-05
7.928182364e-05
9.669990862e-05
9.565928531e-05
9.445189259e-05
8.899234108e-05
9.226409777e-05
8.693834486e-05
9.442952088e-05
9.34368188e-05
8.807179669e-05
9.545591894e-05
9.83631451e-05
8.923857211e-05
9.213683581e-05
9.516562113e-05
9.007557716e-05
8.917181704e-05
9.190978445e-05
9.099997842e-05
8.989550009e-05
8.901793983e-05
9.527697085e-05
8.710153468e-05
9.323815567e-05
8.880150473e-05
9.126891487e-05
8.693776916e-05
8.249328453e-05
8.854353482e-05
9.763295221e-05
8.673666587e-05
8.906164883e-05
8.826192948e-05
9.698801162e-05
8.971923209e-05
8.558056275e-05
0.0001005392785
9.325992183e-05
8.320524764e-05
9.226570184e-05
9.221611879e-05
9.209725629e-05
9.200174718e-05
9.179722757e-05
9.165425842e-05
9.136839902e-05
9.117705489e-05
9.081471966e-05
9.057471448e-05
9.765298269e-05
9.734062446e-05
8.93538747e-05
0.0001112726905
9.583115343e-05
9.541773232e-05
8.746569211e-05
8.704018017e-05
9.357881324e-05
8.591349369e-05
8.521224769e-05
8.470669938e-05
9.096731126e-05
9.733363344e-05
0.0001033275088
8.208895013e-05
8.807240113e-05
9.414537984e-05
9.319949264e-05
8.586377229e-05
9.804184106e-05
9.075020959e-05
8.336280744e-05
9.53564971e-05
8.173036631e-05
0.0001183769709
9.240014291e-05
9.153829252e-05
7.841939486e-05
8.961310537e-05
8.856337888e-05
8.768749306e-05
9.24220215e-05
9.7204083e-05
8.473715879e-05
8.945249152e-05
8.28436961e-05
7.650830152e-05
0.0001025624868
7.476703952e-05
9.494524388e-05
9.914174039e-05
8.760619762e-05
9.175621434e-05
9.061210766e-05
0.0001045673193
8.358943824e-05
8.754556475e-05
9.124792428e-05
9.025846491e-05
9.850309198e-05
8.351849046e-05
8.704717253e-05
9.970707389e-05
9.397540726e-05
0.0001018251128
9.180037757e-05
9.515166342e-05
0.0001024979456
8.87429405e-05
8.345884209e-05
9.084951342e-05
8.971674701e-05
9.282977952e-05
7.972029289e-05
9.469198118e-05
8.962788067e-05
9.258627636e-05
9.526384562e-05
9.054787902e-05
8.944909426e-05
9.226640878e-05
8.75110932e-05
9.750230602e-05
8.563809599e-05
8.835986908e-05
9.081453547e-05
8.996502254e-05
8.892197701e-05
9.48788635e-05
9.379499835e-05
0.0001062190272
0.0001050252873
8.781938257e-05
9.006672394e-05
9.564421442e-05
9.460926283e-05
0.0001000317004
8.660106792e-05
9.504767062e-05
9.170384062e-05
9.165468245e-05
9.153700351e-05
9.144223482e-05
9.123978071e-05
9.109789023e-05
9.081492032e-05
9.062500845e-05
9.026632194e-05
9.002811032e-05
8.95989486e-05
8.931277296e-05
8.881871728e-05
8.848550435e-05
8.793237235e-05
9.48497362e-05
9.419295924e-05
0.0001009458395
8.587161748e-05
9.964282278e-05
0.0001129514073
9.122938367e-05
9.739541297e-05
8.9856813e-05
8.21850317e-05
9.521882811e-05
8.083201833e-05
8.692101517e-05
9.266987806e-05
9.851170436e-05
0.0001104876676
8.379394617e-05
8.927327983e-05
0.0001201108202
9.378116621e-05
8.674229667e-05
0.0001102701209
7.889758955e-05
9.598945507e-05
9.506668703e-05
9.982845452e-05
9.884217396e-05
9.192563081e-05
9.099570534e-05
9.552363017e-05
7.785447433e-05
0.0001043802999
9.784827843e-05
9.128456769e-05
9.03124359e-05
8.920291661e-05
8.824374612e-05
9.22789947e-05
9.128141629e-05
0.0001001618398
9.907576971e-05
9.783725322e-05
9.677548746e-05
8.600543593e-05
8.979944227e-05
9.333742192e-05
9.232871333e-05
8.660841956e-05
9.469546313e-05
9.350370528e-05
0.0001013142121
8.264212438e-05
9.03724998e-05
9.348809573e-05
9.671022865e-05
9.550054141e-05
9.450689573e-05
9.332954278e-05
9.236930232e-05
9.122437848e-05
9.422303251e-05
9.306220434e-05
9.212827664e-05
9.10013113e-05
9.01002496e-05
8.900710008e-05
8.813793637e-05
9.070680442e-05
8.98335192e-05
8.521443579e-05
8.440570028e-05
8.688909412e-05
8.607618017e-05
9.528685777e-05
9.440787401e-05
8.33289172e-05
8.587356906e-05
9.796997698e-05
9.709027933e-05
8.641529669e-05
8.882115228e-05
0.0001004094273
9.330864521e-05
8.924128451e-05
8.846709635e-05
9.1148781e-05
9.11000411e-05
9.098352586e-05
9.088948672e-05
9.068906328e-05
9.054823592e-05
9.026810681e-05
9.007960669e-05
8.972450761e-05
8.948806393e-05
8.906316767e-05
8.877911628e-05
8.828993202e-05
0.0001026190581
9.469575282e-05
8.703550368e-05
9.363803515e-05
9.318388412e-05
9.959687658e-05
8.490868442e-05
8.42206663e-05
9.069940631e-05
0.0001037492246
9.62106336e-05
0.0001089513723
0.0001014359275
0.0001004646724
9.307523132e-05
8.556437373e-05
9.142575174e-05
9.694259298e-05
0.0001025540252
8.87768126e-05
8.801153497e-05
9.948142385e-05
9.242654254e-05
9.138895535e-05
9.657446106e-05
9.546844969e-05
9.455170221e-05
8.760964519e-05
8.09619679e-05
0.0001028638617
9.051044625e-05
8.383874135e-05
8.850563062e-05
9.290150366e-05
7.570437758e-05
8.546610262e-05
0.000105695637
9.396018674e-05
8.262259995e-05
9.180343859e-05
9.08115067e-05
9.964886855e-05
9.856885702e-05
9.733911558e-05
8.665486688e-05
9.032381043e-05
8.934506486e-05
9.286716213e-05
9.186383295e-05
8.163859017e-05
9.422079882e-05
8.417607547e-05
8.327651477e-05
9.521472395e-05
8.564088537e-05
9.302438747e-05
8.786273358e-05
8.676481871e-05
9.403942552e-05
9.690667527e-05
9.191337092e-05
8.288142465e-05
9.375870575e-05
9.260421624e-05
9.167478582e-05
9.055377639e-05
8.965702417e-05
8.856945246e-05
9.501312939e-05
9.026065259e-05
9.654283957e-05
8.832806952e-05
0.0001014879897
9.683607828e-05
9.59299691e-05
8.465739351e-05
9.729659243e-05
9.618305278e-05
9.530786437e-05
9.748362438e-05
9.016774687e-05
8.598486914e-05
8.837882106e-05
9.67852733e-05
8.355805223e-05
9.49168178e-05
9.105841143e-05
9.060040022e-05
9.05520721e-05
9.043670118e-05
9.034338096e-05
9.014495415e-05
9.00051747e-05
8.972783883e-05
8.954073036e-05
8.918915885e-05
8.8954458e-05
9.591156936e-05
9.560611566e-05
8.776740577e-05
9.472569703e-05
0.000115862255
8.652350035e-05
9.308961128e-05
8.551273692e-05
8.487174053e-05
0.0001125533899
9.768905944e-05
9.017555096e-05
8.252251992e-05
0.0001024915666
8.80180232e-05
0.0001008583356
9.323611477e-05
8.593856957e-05
7.853871726e-05
7.792548115e-05
8.354853954e-05
8.92355275e-05
8.828583674e-05
0.0001062813069
9.893565842e-05
9.804854656e-05
9.089161591e-05
0.0001020530786
9.495306953e-05
9.404226677e-05
9.294980279e-05
8.628125947e-05
9.663296809e-05
9.565723122e-05
0.0001056357427
8.803967753e-05
9.785144265e-05
8.606710632e-05
9.033585607e-05
8.411768204e-05
8.828221228e-05
8.733399264e-05
8.118467456e-05
0.0001003849005
8.922701237e-05
9.806710508e-05
9.200372353e-05
8.142648675e-05
8.513880382e-05
0.0001029313566
9.240161719e-05
0.0001005439716
9.476973965e-05
0.0001026795235
9.257436616e-05
0.0001003076384
0.0001033563079
9.799950645e-05
8.415023324e-05
9.159243828e-05
8.633773714e-05
9.357655715e-05
8.839482957e-05
9.543852347e-05
9.032981658e-05
9.329893292e-05
9.215071387e-05
9.122573765e-05
9.01106218e-05
8.921813806e-05
8.813608761e-05
8.727516147e-05
8.981886818e-05
8.539569144e-05
9.492701348e-05
8.706093126e-05
9.636107727e-05
9.886854116e-05
9.771998338e-05
9.014122164e-05
8.250799612e-05
9.810863074e-05
9.700207673e-05
9.292671336e-05
9.506523133e-05
8.480012816e-05
9.319718059e-05
9.545990579e-05
8.834949795e-05
9.664397188e-05
9.756345999e-05
9.001065579e-05
9.738777775e-05
8.98037985e-05
8.960733509e-05
8.946858863e-05
9.662683284e-05
8.900826305e-05
8.86601606e-05
0.000103165041
8.801060169e-05
8.773070904e-05
8.725102807e-05
8.692513148e-05
8.638794597e-05
0.0001003537333
9.254757408e-05
9.21000525e-05
9.844389722e-05
8.392710711e-05
9.01895548e-05
0.0001034512063
9.572629304e-05
0.0001019070554
0.0001009832131
0.0001069731032
8.608895303e-05
8.545562821e-05
8.460821938e-05
9.040608894e-05
0.0001022589026
8.240310681e-05
8.780026165e-05
8.704536176e-05
7.994662697e-05
9.751465926e-05
0.0001024529482
8.358972839e-05
0.000106248627
8.184600505e-05
9.823306526e-05
8.582248458e-05
8.481369775e-05
9.515249656e-05
8.848978646e-05
0.0001039995934
9.193406277e-05
0.0001070245324
8.986885693e-05
0.0001046042323
0.0001033281774
8.177516629e-05
8.581872088e-05
8.489238427e-05
0.0001035704556
8.781339193e-05
9.154000926e-05
8.101643777e-05
8.941822684e-05
7.91394437e-05
0.0001011347882
8.640057754e-05
9.42991773e-05
8.884343252e-05
8.773008563e-05
8.679288241e-05
8.999119133e-05
8.903707581e-05
8.373694142e-05
8.699981603e-05
8.591483942e-05
8.502098622e-05
9.196111413e-05
9.497204752e-05
9.379730369e-05
9.284364733e-05
9.170163164e-05
9.078106715e-05
0.0001008807565
9.248284153e-05
9.501585488e-05
8.685007739e-05
8.938138736e-05
9.206125479e-05
9.096559124e-05
8.66363973e-05
9.246604513e-05
9.160057561e-05
0.0001005952865
8.305584858e-05
8.538771423e-05
8.786491303e-05
9.009024563e-05
8.609270113e-05
9.459638969e-05
9.688302146e-05
8.964461363e-05
9.498751079e-05
9.397303136e-05
9.616379106e-05
8.952319873e-05
8.947567532e-05
8.93625366e-05
9.670984176e-05
9.649909821e-05
8.893836261e-05
8.866647488e-05
8.848209109e-05
9.548218391e-05
8.790611208e-05
8.749359347e-05
9.448371457e-05
8.674069103e-05
9.361859545e-05
9.304221658e-05
9.264380157e-05
8.493398089e-05
9.156753665e-05
9.088612046e-05
9.735224346e-05
8.967380695e-05
8.228841862e-05
9.51825607e-05
9.457389512e-05
9.371942212e-05
9.307448542e-05
9.219212345e-05
9.151486013e-05
9.708243602e-05
8.34829723e-05
8.898322946e-05
0.0001008611662
7.484571317e-05
9.893735608e-05
7.95127916e-05
9.698655465e-05
0.0001078956016
8.314062321e-05
0.000123294707
9.885466962e-05
9.196474402e-05
8.536856268e-05
0.0001012413015
8.351740624e-05
9.352977968e-05
9.256748258e-05
9.683773317e-05
0.0001011474198
9.992509208e-05
9.366024495e-05
7.71002822e-05
8.644280603e-05
8.538319099e-05
8.943036511e-05
9.81410036e-05
9.707877138e-05
0.0001054621479
9.957767396e-05
9.365495853e-05
0.0001019052846
9.605861056e-05
8.1447176e-05
0.0001027697663
9.724516914e-05
8.729839881e-05
9.500257019e-05
8.954998237e-05
8.86006619e-05
9.166045836e-05
8.657468237e-05
9.363854669e-05
9.266435677e-05
9.151384536e-05
9.451010939e-05
9.334187349e-05
9.239278363e-05
9.125690526e-05
9.034071063e-05
8.923719882e-05
9.203451188e-05
9.455545361e-05
9.363154026e-05
8.894814757e-05
0.0001057094787
9.052430769e-05
8.96646229e-05
8.860885363e-05
9.790775685e-05
8.675831357e-05
8.265157728e-05
8.497121566e-05
9.067466239e-05
9.605311425e-05
9.201763168e-05
9.099441148e-05
8.396794811e-05
8.612704743e-05
9.451976818e-05
8.445896659e-05
9.269809707e-05
8.899414683e-05
9.6359268e-05
8.883496663e-05
9.613905331e-05
8.855110816e-05
8.841438421e-05
8.814515346e-05
8.79621035e-05
8.762076896e-05
0.0001092389388
8.698262398e-05
8.670677444e-05
9.342264669e-05
8.591510093e-05
8.538811954e-05
9.210825765e-05
9.148221856e-05
9.804430821e-05
8.341483475e-05
8.988196238e-05
8.916392416e-05
0.0001022765472
8.788461532e-05
8.732343385e-05
8.65371073e-05
9.916436376e-05
0.0001047758244
9.100629803e-05
9.010959818e-05
9.579527109e-05
0.0001011375187
9.403990444e-05
0.0001054545957
7.99501589e-05
9.125035302e-05
8.440612187e-05
9.539365776e-05
8.860319796e-05
9.927977042e-05
9.833052237e-05
9.719750311e-05
9.058071165e-05
0.0001063068617
8.862008447e-05
0.0001039906379
8.125387281e-05
9.098656334e-05
9.003463584e-05
9.418150119e-05
8.282810939e-05
9.205014577e-05
0.0001062402336
7.995487945e-05
9.392256628e-05
8.788362462e-05
0.0001062512412
8.585665006e-05
8.492675916e-05
8.387111531e-05
0.0001060089674
8.64809442e-05
9.905522129e-05
8.447936859e-05
0.0001055643334
9.12144865e-05
8.164608039e-05
9.76000385e-05
9.656550577e-05
9.12146601e-05
9.025623977e-05
9.318433789e-05
8.820555026e-05
9.107090628e-05
9.405264319e-05
9.289084458e-05
9.194627769e-05
9.460049129e-05
0.0001011426813
9.99076569e-05
9.891774863e-05
9.40994926e-05
8.601221193e-05
9.560061441e-05
9.1172816e-05
8.662238933e-05
9.266360075e-05
9.157207033e-05
9.407452877e-05
9.630024967e-05
8.554127137e-05
9.106328055e-05
8.701181183e-05
0.0001019579326
9.156972839e-05
0.0001030396887
7.427373608e-05
0.000104070181
8.79884412e-05
8.70447431e-05
0.0001011687036
9.58439205e-05
8.842456828e-05
8.831358934e-05
8.822304276e-05
8.803227752e-05
0.0001025459676
8.76299265e-05
0.0001020228905
0.0001088876984
8.688218827e-05
9.368405372e-05
9.338736132e-05
9.28825298e-05
9.25370733e-05
9.197157141e-05
8.453434133e-05
8.396186399e-05
9.052076757e-05
8.985193907e-05
8.249656865e-05
8.865980695e-05
9.491922036e-05
8.739103147e-05
9.351332725e-05
0.0001059132073
8.546397692e-05
9.117125299e-05
9.050335701e-05
8.321339501e-05
9.526986301e-05
0.0001005859994
9.976330439e-05
8.637506431e-05
9.175203409e-05
8.470979419e-05
0.0001019440293
0.0001008159335
8.225673649e-05
8.132776544e-05
8.630462124e-05
9.66878667e-05
7.88433082e-05
9.462175122e-05
8.815976784e-05
8.167389269e-05
0.0001023908992
9.584481175e-05
7.90356324e-05
7.808504769e-05
0.0001030087422
8.64966685e-05
9.060313094e-05
8.949733396e-05
8.361422551e-05
8.258673013e-05
9.130465203e-05
9.966875769e-05
8.920019551e-05
9.272988904e-05
9.631312803e-05
9.964371513e-05
9.856872035e-05
8.849058728e-05
8.7540105e-05
9.077002828e-05
9.835332474e-05
9.712617142e-05
9.191866507e-05
9.07731772e-05
8.981946197e-05
9.676644964e-05
9.575975924e-05
8.669170238e-05
8.969960161e-05
8.859231374e-05
9.150406666e-05
9.038026894e-05
9.320071959e-05
9.206306782e-05
8.750473687e-05
0.0001080552784
9.273258846e-05
9.514167846e-05
8.72451886e-05
8.965446145e-05
9.563375255e-05
9.113153406e-05
9.02781927e-05
9.583612836e-05
0.0001014998621
9.385993904e-05
9.941980544e-05
9.829329041e-05
9.112616438e-05
9.010996673e-05
9.547074871e-05
9.137869436e-05
9.661725716e-05
0.0001015525445
8.586850862e-05
8.795458301e-05
8.790822151e-05
8.779829632e-05
8.770841869e-05
8.751949124e-05
8.738473376e-05
8.712068776e-05
9.418527123e-05
0.0001010397094
0.0001007756394
8.597838291e-05
8.570646545e-05
8.524488213e-05
8.492827298e-05
9.847970027e-05
0.0001050640758
9.739812002e-05
9.692986881e-05
8.247103782e-05
8.203049839e-05
8.816135806e-05
8.764449591e-05
0.0001069574903
9.299191361e-05
8.557720808e-05
9.806631161e-05
9.066924937e-05
0.0001028639364
9.549071254e-05
0.0001073835452
9.378793354e-05
9.302183208e-05
9.204666971e-05
9.7343185e-05
9.027586588e-05
0.0001014007632
9.438289453e-05
9.351063252e-05
9.245744238e-05
8.585181856e-05
9.618354676e-05
0.0001008421883
0.0001107434828
9.866723457e-05
8.125426999e-05
9.650431947e-05
9.005839509e-05
8.911749277e-05
9.840677379e-05
9.223890592e-05
8.60615112e-05
7.512318921e-05
9.89443851e-05
0.000102772373
7.734247344e-05
9.563306668e-05
8.973097236e-05
8.40882971e-05
9.227417359e-05
9.584015126e-05
8.563508435e-05
8.916997715e-05
9.246274772e-05
9.582553068e-05
9.032988045e-05
8.936557988e-05
9.245441035e-05
9.563259491e-05
9.033594731e-05
9.751297223e-05
8.827644679e-05
9.132892171e-05
9.411941017e-05
9.31508693e-05
9.200173786e-05
9.106608884e-05
8.994823648e-05
8.904490613e-05
9.162328804e-05
9.071522951e-05
8.603135708e-05
8.873995647e-05
0.0001017009891
0.0001007207489
9.265753776e-05
8.837802725e-05
0.0001041315445
9.650109e-05
8.879877242e-05
0.0001042714072
9.662970829e-05
9.575013029e-05
8.835304855e-05
9.381401059e-05
8.658194819e-05
9.194428702e-05
9.396627758e-05
9.013913939e-05
8.916838711e-05
9.13432961e-05
8.744385577e-05
8.739787005e-05
8.728898169e-05
8.719976364e-05
9.4263698e-05
8.687884975e-05
0.0001010535557
8.643817551e-05
8.610658605e-05
9.303866325e-05
9.973239286e-05
9.231615956e-05
8.475767793e-05
9.148025418e-05
8.393103318e-05
8.357366984e-05
8.99293938e-05
9.638209604e-05
8.200710325e-05
8.836713682e-05
9.441221187e-05
8.045099056e-05
9.971574416e-05
8.587083362e-05
9.819830778e-05
8.452284049e-05
0.0001030545642
7.672625957e-05
8.864022885e-05
9.423614948e-05
9.328201046e-05
9.868908545e-05
9.155395952e-05
0.0001028745969
8.380996023e-05
0.0001067963894
8.801765897e-05
8.720512035e-05
8.622560315e-05
0.0001024844909
9.005596288e-05
8.359989685e-05
9.91558736e-05
0.0001145199997
8.622819958e-05
9.067782359e-05
8.960137622e-05
9.388153336e-05
9.275766578e-05
9.687325691e-05
0.0001007420123
9.966341812e-05
0.0001033748448
0.000107131316
0.0001010101033
8.564461788e-05
9.398929504e-05
9.297249337e-05
0.000101005207
8.174725474e-05
9.41886796e-05
0.0001020467298
8.763310694e-05
7.802303254e-05
8.561331487e-05
9.316947356e-05
9.200984322e-05
9.103491585e-05
9.807590102e-05
9.300203369e-05
9.584115216e-05
9.089228942e-05
8.976744741e-05
9.270643605e-05
9.156353668e-05
9.063228376e-05
9.325032785e-05
9.23137423e-05
8.75401823e-05
8.667248048e-05
8.56224165e-05
9.538345464e-05
9.074664419e-05
0.0001002416801
8.197031333e-05
9.472327631e-05
9.026305635e-05
8.610585005e-05
9.492117866e-05
9.080186752e-05
9.616739444e-05
8.893917435e-05
8.164851242e-05
8.713967323e-05
8.924254968e-05
8.540170497e-05
9.95453868e-05
8.67137172e-05
9.169368665e-05
9.090045342e-05
9.418394439e-05
9.413452759e-05
0.000101249799
9.392172221e-05
0.0001009302398
8.637878931e-05
0.0001004730558
9.310368846e-05
9.988232505e-05
9.25061142e-05
9.208015453e-05
8.472897374e-05
0.0001053450139
8.396385717e-05
9.041101977e-05
9.002659882e-05
8.942343419e-05
9.584047965e-05
9.513975232e-05
8.111397996e-05
0.0001072997996
8.667141564e-05
8.594299392e-05
9.196633782e-05
8.46383703e-05
9.052615667e-05
0.0001153049736
0.0001081046316
8.816103049e-05
9.372765946e-05
9.896695074e-05
7.975549129e-05
9.713759577e-05
0.0001023279319
8.336717427e-05
0.0001062332666
9.923040912e-05
0.0001098818739
8.577706955e-05
8.496031913e-05
0.0001007899698
8.316912239e-05
9.316743455e-05
9.765795352e-05
9.651339431e-05
9.021740239e-05
8.91489724e-05
9.859753414e-05
8.716520775e-05
7.609589387e-05
8.520420119e-05
8.429243239e-05
0.0001028632006
8.721951282e-05
9.572680829e-05
9.46929501e-05
8.885300455e-05
8.326622907e-05
0.0001005136544
9.490799841e-05
8.480561073e-05
9.713747407e-05
8.721056851e-05
9.058818729e-05
9.798248353e-05
9.69368449e-05
9.573178244e-05
9.883569091e-05
8.13400028e-05
9.255840866e-05
9.538510774e-05
9.439284755e-05
9.322561382e-05
9.226622355e-05
9.112948998e-05
9.020259205e-05
8.909644532e-05
9.18765546e-05
9.075621402e-05
8.985652174e-05
9.231879067e-05
9.141606674e-05
8.684345651e-05
8.944640768e-05
9.857835093e-05
9.764145523e-05
8.650777341e-05
9.228950096e-05
9.121263004e-05
0.0001032804499
8.613853497e-05
9.167690576e-05
9.688533372e-05
8.982088654e-05
8.88150736e-05
9.106360456e-05
9.30627534e-05
9.522425105e-05
0.0001000817664
9.338000921e-05
8.643999092e-05
8.639474018e-05
8.628787622e-05
8.619994992e-05
0.0001003524205
9.304149017e-05
8.562787478e-05
9.969309453e-05
9.931351944e-05
8.49042711e-05
9.860055296e-05
9.126925359e-05
9.078310361e-05
8.348981657e-05
9.681811804e-05
0.0001032932346
9.57633772e-05
8.168992838e-05
8.109471885e-05
8.738530472e-05
8.002992115e-05
9.28231592e-05
8.547091992e-05
9.146198645e-05
7.770150833e-05
0.0001028950228
0.0001019381358
0.0001011954059
0.0001002136977
9.943960268e-05
9.228636421e-05
9.153539415e-05
9.662314229e-05
8.382462621e-05
0.0001006995515
9.393426772e-05
9.871292561e-05
9.780363499e-05
0.0001023998139
8.452147666e-05
8.356029422e-05
0.0001048075018
9.269254615e-05
9.176318239e-05
9.602505639e-05
6.864124892e-05
0.0001095719644
9.293959629e-05
8.67303363e-05
9.086006103e-05
9.974343479e-05
8.880896381e-05
9.260834887e-05
8.196870654e-05
0.00010002106
8.951829978e-05
8.376672514e-05
0.0001012747918
9.54801874e-05
9.444868875e-05
9.32807518e-05
8.348736798e-05
9.547129374e-05
7.727460967e-05
9.751417475e-05
8.808469022e-05
9.113341299e-05
9.016799835e-05
9.309685943e-05
9.211899577e-05
9.097782517e-05
9.394584118e-05
9.278505144e-05
9.183017194e-05
9.069953897e-05
8.977695549e-05
9.237142808e-05
8.778574879e-05
9.032880218e-05
8.58559061e-05
9.89521034e-05
9.448493606e-05
9.680654401e-05
8.902497325e-05
8.796397336e-05
8.377676149e-05
9.272249307e-05
9.185377848e-05
9.078134301e-05
8.9943001e-05
9.20807152e-05
9.753497533e-05
9.020397203e-05
8.939406405e-05
8.534368454e-05
9.062955985e-05
9.261747595e-05
9.476879923e-05
9.081261155e-05
9.29316398e-05
0.0001002710946
8.590176121e-05
9.294554267e-05
8.570859179e-05
8.552672529e-05
8.539574149e-05
8.514157448e-05
0.0001062076898
9.169750158e-05
9.14590988e-05
8.403789634e-05
8.37735274e-05
9.027299292e-05
9.685794833e-05
9.627664751e-05
8.902065947e-05
9.523058963e-05
0.0001015449702
8.064609771e-05
9.358733483e-05
9.285486632e-05
8.571970551e-05
9.154277318e-05
8.44657698e-05
9.659989421e-05
9.594157942e-05
8.237851684e-05
8.177909442e-05
8.721801109e-05
9.272696625e-05
9.791623366e-05
9.712044326e-05
0.000108128373
8.933986613e-05
8.83880267e-05
7.592335884e-05
9.820081143e-05
9.729720857e-05
9.055344795e-05
8.408714437e-05
9.976002571e-05
8.780880621e-05
8.679762292e-05
9.129860535e-05
8.492589811e-05
8.931044585e-05
0.0001038326271
9.247568039e-05
7.61468669e-05
9.040956146e-05
8.436380306e-05
0.0001031000485
9.70047212e-05
7.676931496e-05
9.00543599e-05
9.8459694e-05
9.26232117e-05
9.162230989e-05
8.597047799e-05
9.399380336e-05
9.283332037e-05
8.746016339e-05
9.93342388e-05
9.826846711e-05
9.283074206e-05
8.766584783e-05
8.65786372e-05
9.381982476e-05
9.668547484e-05
8.769748596e-05
9.448591622e-05
8.960708818e-05
9.234863348e-05
9.52064818e-05
9.027362595e-05
9.307845516e-05
9.561568836e-05
9.101448547e-05
9.709782898e-05
8.901391854e-05
0.0001020057999
9.055895824e-05
8.947037557e-05
8.860749145e-05
9.091862196e-05
9.338960982e-05
9.887882154e-05
9.795230462e-05
0.0001000349134
8.632250217e-05
8.532595797e-05
9.081198615e-05
9.287312171e-05
8.59033037e-05
9.707287245e-05
8.719297872e-05
8.920300572e-05
8.842282825e-05
9.32938253e-05
8.959731945e-05
9.970206565e-05
9.253224101e-05
9.241859625e-05
9.23247039e-05
8.504263294e-05
9.198860764e-05
9.17158305e-05
8.448655586e-05
9.819512459e-05
9.094442895e-05
9.053024942e-05
8.33038395e-05
9.667385842e-05
8.943741519e-05
8.890254269e-05
8.852607308e-05
8.793914785e-05
8.078704127e-05
8.688594726e-05
0.0001063692933
9.23471059e-05
9.836728322e-05
8.454216111e-05
7.754545636e-05
8.967335146e-05
8.906305784e-05
9.454278524e-05
8.759870215e-05
8.055731027e-05
7.993664475e-05
8.522429774e-05
7.849447577e-05
9.561041165e-05
0.0001007222492
8.792833971e-05
0.0001161988607
9.194727852e-05
7.971435267e-05
9.00896395e-05
8.365725309e-05
0.0001047669575
9.282343391e-05
9.715462545e-05
8.549525527e-05
8.450049544e-05
8.363649093e-05
8.2652953e-05
9.712839355e-05
9.092486367e-05
7.996756192e-05
9.876445921e-05
9.770918413e-05
9.653162988e-05
9.549411544e-05
8.490102639e-05
0.0001026486211
0.0001013942959
7.750378317e-05
8.555811396e-05
9.799772046e-05
9.678969221e-05
8.704290648e-05
9.456375802e-05
8.929714339e-05
8.819165455e-05
9.556058595e-05
9.848020571e-05
9.337731973e-05
9.222110589e-05
9.52200717e-05
9.404264812e-05
9.306441031e-05
9.191630171e-05
9.097031768e-05
8.985169429e-05
9.634908872e-05
8.784858352e-05
9.058948911e-05
8.948594303e-05
9.214245584e-05
8.752583943e-05
8.666961826e-05
8.220267051e-05
9.158598027e-05
8.71424124e-05
9.627312378e-05
8.529428206e-05
9.424436675e-05
8.993089005e-05
9.228238081e-05
9.436154609e-05
9.350236306e-05
9.243594453e-05
8.855247387e-05
8.453766648e-05
9.276622504e-05
9.765826577e-05
9.973776976e-05
8.4145191e-05
9.204769534e-05
0.0001133022384
0.0001061656135
8.482854562e-05
8.474249118e-05
9.161098895e-05
9.850728691e-05
8.418535865e-05
9.101337233e-05
8.369598872e-05
9.73920975e-05
8.310013333e-05
9.66459538e-05
8.240287228e-05
9.57824884e-05
0.0001088133429
8.803695203e-05
9.418260403e-05
8.703829445e-05
0.0001129984096
9.917630145e-05
8.528452072e-05
9.783307984e-05
9.055341075e-05
9.640884211e-05
0.0001019337427
8.858581162e-05
0.0001003081231
9.335638212e-05
9.862280263e-05
0.0001162133927
9.083211825e-05
9.610209491e-05
8.322297011e-05
9.430415187e-05
8.747340944e-05
8.669911181e-05
7.432356955e-05
9.629992809e-05
9.523246791e-05
7.213417036e-05
8.229243177e-05
9.235479161e-05
0.000102037254
0.0001010167659
8.40793333e-05
7.281774138e-05
9.766462382e-05
9.664836116e-05
9.047792451e-05
9.44952678e-05
8.84539284e-05
0.0001069557962
8.645681762e-05
8.552800866e-05
9.85732854e-05
0.0001067971632
9.632105613e-05
8.16693887e-05
8.963124937e-05
9.753024508e-05
9.195121206e-05
9.529257317e-05
9.411642972e-05
9.310707413e-05
9.19559139e-05
8.684000005e-05
8.984963292e-05
8.485731978e-05
9.17893788e-05
9.477437059e-05
8.970337301e-05
8.877029048e-05
9.148799901e-05
9.054640086e-05
8.943368843e-05
9.590079491e-05
9.108370952e-05
9.016844339e-05
8.550756923e-05
9.524192874e-05
9.757378797e-05
8.971777278e-05
8.863928851e-05
0.0001046657356
9.674551698e-05
8.921684125e-05
9.795844061e-05
8.086692158e-05
8.951161109e-05
9.818667545e-05
9.392063153e-05
9.616759503e-05
9.813638812e-05
9.421604794e-05
9.31553763e-05
9.828709181e-05
9.130684804e-05
9.050858305e-05
8.374666391e-05
9.447487415e-05
9.154151074e-05
9.149401319e-05
0.0001054412623
9.128985933e-05
0.0001051133805
8.396241959e-05
0.0001046440752
9.746732938e-05
9.710163831e-05
9.685014028e-05
8.952564457e-05
8.23800887e-05
8.194752592e-05
8.164599856e-05
8.116112176e-05
9.428806825e-05
9.366721348e-05
7.990389451e-05
0.0001123835004
0.0001052131341
9.134806441e-05
7.784371786e-05
9.006670595e-05
8.949871165e-05
9.505268324e-05
9.440748515e-05
8.106825042e-05
9.905311757e-05
8.584071113e-05
9.126535994e-05
9.035750126e-05
0.0001015759428
0.0001005323583
8.795249938e-05
8.122161829e-05
8.625370214e-05
0.0001023838538
0.0001014447338
8.360262342e-05
9.937262859e-05
7.641976332e-05
9.189085766e-05
0.0001068711021
0.0001005129915
8.889124539e-05
8.798369428e-05
9.206872145e-05
8.604957133e-05
9.00353577e-05
8.908447374e-05
9.291428832e-05
7.740842205e-05
8.125928353e-05
9.457259393e-05
9.809996296e-05
9.704266372e-05
8.216664301e-05
9.031078086e-05
8.474514073e-05
8.383077098e-05
0.0001002322636
9.915325726e-05
8.941543573e-05
9.26689229e-05
9.568486559e-05
8.231703207e-05
9.755967946e-05
9.25047152e-05
9.533392182e-05
9.433282246e-05
9.316847314e-05
9.219936546e-05
9.106366933e-05
9.012641658e-05
8.901955384e-05
8.811383394e-05
9.066241161e-05
9.33413452e-05
9.220501465e-05
8.777923249e-05
9.018549691e-05
8.243355062e-05
8.483606554e-05
9.746031499e-05
8.633605578e-05
8.880394202e-05
9.100433596e-05
8.371189275e-05
9.864224749e-05
0.0001008835492
9.97160728e-05
9.880803291e-05
9.462628315e-05
9.680174567e-05
9.8701504e-05
8.893398342e-05
9.087817634e-05
8.717788315e-05
0.0001005971135
9.11804082e-05
9.103071746e-05
9.798232484e-05
9.087300714e-05
9.776424867e-05
8.362268721e-05
9.045321823e-05
9.018791448e-05
9.692633091e-05
9.656397727e-05
8.943459695e-05
8.218306801e-05
8.875300796e-05
8.149718427e-05
8.119769904e-05
0.0001008964343
0.0001004708626
8.650333057e-05
9.933690317e-05
8.547518911e-05
9.156387497e-05
8.436684845e-05
0.0001225903974
0.0001023830915
0.0001017382768
9.454790163e-05
8.138603617e-05
0.0001054532342
9.853164334e-05
9.149060037e-05
8.473578742e-05
8.988781843e-05
8.916082554e-05
8.824734807e-05
0.0001049994838
9.234936191e-05
8.009198922e-05
8.488624459e-05
9.532288411e-05
8.318089677e-05
7.690065078e-05
0.0001140556912
9.680988859e-05
0.0001116568972
8.422249837e-05
9.88587569e-05
0.0001030001887
8.652766577e-05
0.0001007393597
9.955233266e-05
8.372629152e-05
8.273177947e-05
0.0001059223811
7.611171507e-05
9.411847068e-05
9.763116432e-05
0.0001011783572
9.086236488e-05
9.43760043e-05
7.102688031e-05
9.221725017e-05
9.542312442e-05
8.581468656e-05
9.32343505e-05
0.0001006198649
8.695662856e-05
9.012621274e-05
8.49676097e-05
9.607773946e-05
9.489176217e-05
9.389536954e-05
9.273745188e-05
9.177284566e-05
9.064325764e-05
9.344823995e-05
9.96853916e-05
8.77076371e-05
8.663519337e-05
9.291150494e-05
8.472071036e-05
9.436526674e-05
8.977061476e-05
9.572992232e-05
8.782349922e-05
8.36307681e-05
8.59384478e-05
9.494261346e-05
0.0001035253715
8.973545755e-05
9.185198324e-05
9.41413666e-05
0.0001023561542
9.220365555e-05
9.418705605e-05
9.334141298e-05
8.037975882e-05
9.442128682e-05
9.62892213e-05
8.387830017e-05
0.000102985856
8.508081063e-05
9.748910005e-05
8.351891542e-05
9.732071476e-05
9.027795625e-05
9.008983839e-05
8.303330646e-05
8.968985952e-05
8.950621176e-05
8.231334652e-05
0.0001026258446
9.535409802e-05
9.505603338e-05
8.780607904e-05
8.748382029e-05
8.696783766e-05
8.660148981e-05
9.265317125e-05
9.221315563e-05
8.501506218e-05
7.806137845e-05
9.03704075e-05
7.701177985e-05
8.9108825e-05
8.222346376e-05
8.777855616e-05
8.718427545e-05
9.255882977e-05
9.801563106e-05
0.0001031492311
9.633737376e-05
9.53845261e-05
8.278724487e-05
9.364733079e-05
9.865811882e-05
8.613643197e-05
9.676000241e-05
9.571792942e-05
9.484175929e-05
9.93160842e-05
8.198076301e-05
0.0001080832918
9.632841224e-05
9.523256093e-05
8.380662554e-05
0.0001087283733
0.0001127446656
8.610569524e-05
9.022387955e-05
0.0001040236015
8.332120483e-05
9.201989718e-05
0.0001006216206
7.574762152e-05
9.366868785e-05
9.253983329e-05
7.781176969e-05
9.04325647e-05
8.945709089e-05
9.72023358e-05
8.741291019e-05
8.634194271e-05
9.822488841e-05
0.0001012357988
8.345897859e-05
9.891726201e-05
9.78628528e-05
9.262886098e-05
9.563297586e-05
9.051811485e-05
9.346195513e-05
9.231040029e-05
9.13502539e-05
9.022670992e-05
9.301877993e-05
8.82026853e-05
9.458059881e-05
8.983140062e-05
8.537132805e-05
9.838813446e-05
9.393295999e-05
9.623334249e-05
8.8484893e-05
9.078356408e-05
8.324756746e-05
9.212483031e-05
0.000101024986
9.338923487e-05
9.570371156e-05
9.142965467e-05
9.995565321e-05
9.570967769e-05
9.789731542e-05
9.072763319e-05
8.69159533e-05
8.889691895e-05
8.810976645e-05
9.87456471e-05
9.212502866e-05
9.396285189e-05
8.750652093e-05
9.002604323e-05
9.69011427e-05
8.987101784e-05
8.978037067e-05
8.959395213e-05
8.945778672e-05
8.919727528e-05
8.901485655e-05
0.0001023282022
9.52598643e-05
8.128602261e-05
9.453762129e-05
8.732878768e-05
8.031570862e-05
9.315088189e-05
8.613334863e-05
9.215433933e-05
9.826849271e-05
7.805525779e-05
9.058460618e-05
9.631005518e-05
7.660244377e-05
0.0001139624802
8.808069137e-05
9.97912036e-05
9.911645731e-05
9.821416881e-05
9.750499535e-05
7.847007452e-05
8.984911567e-05
8.303208728e-05
8.82451398e-05
8.152295543e-05
8.08337253e-05
9.141312954e-05
9.627045082e-05
8.963420572e-05
7.771273742e-05
8.235008018e-05
8.157208717e-05
9.679273335e-05
9.052660684e-05
0.000105293188
7.818266204e-05
0.0001081970488
8.669578481e-05
8.064736038e-05
9.477476052e-05
9.859251003e-05
7.316472271e-05
0.0001108589441
8.106584831e-05
0.0001036571178
0.000107206661
8.749670233e-05
9.566584251e-05
9.000681148e-05
9.793989672e-05
9.674701714e-05
9.135392144e-05
9.453331763e-05
8.92656978e-05
8.817007674e-05
9.137886746e-05
9.025480829e-05
9.74104231e-05
9.621071065e-05
9.12259648e-05
9.010214946e-05
9.303252355e-05
9.188726378e-05
9.093153616e-05
8.981397314e-05
9.259324919e-05
9.511650115e-05
8.690637596e-05
9.299844512e-05
8.85226852e-05
8.394820112e-05
8.657832978e-05
8.210972086e-05
9.824467024e-05
8.367556653e-05
9.612672048e-05
8.842927673e-05
8.109987158e-05
9.296253696e-05
9.526632482e-05
9.1011192e-05
9.327944701e-05
8.912417432e-05
8.526719546e-05
9.934141363e-05
9.546618594e-05
9.438593477e-05
8.770336051e-05
8.961597637e-05
9.742984198e-05
8.50237279e-05
9.271937229e-05
8.953197666e-05
9.636945023e-05
0.000103128766
8.241991396e-05
9.595761006e-05
8.8968242e-05
0.0001023577755
0.0001021486922
9.498613538e-05
0.0001015085513
9.431893756e-05
0.0001007408926
9.353793845e-05
7.988185991e-05
7.941389785e-05
8.567024149e-05
8.511364637e-05
8.471047848e-05
7.763954922e-05
9.653869811e-05
9.580013124e-05
8.889700881e-05
8.817110423e-05
0.000100134801
8.686087231e-05
8.627429865e-05
8.549123559e-05
7.881221775e-05
9.608066425e-05
8.342763481e-05
8.85076173e-05
9.950022253e-05
9.848919483e-05
0.0001091465701
9.663660206e-05
9.578582802e-05
7.246320784e-05
9.389393439e-05
9.286631327e-05
9.198979438e-05
9.096441377e-05
0.000100678557
7.858314024e-05
8.298708035e-05
8.203496532e-05
7.612484104e-05
9.02900985e-05
8.935356882e-05
9.321353064e-05
9.223122853e-05
9.593953754e-05
9.017155347e-05
8.90978704e-05
8.350370722e-05
8.250109021e-05
9.974961652e-05
9.406430075e-05
0.0001063432672
9.191885586e-05
8.659837203e-05
9.8371636e-05
8.038961368e-05
8.776263039e-05
9.509119363e-05
8.983932068e-05
8.484188772e-05
8.379814299e-05
9.475568875e-05
9.358955439e-05
9.260702016e-05
9.146798874e-05
9.051663942e-05
8.940499525e-05
9.217159405e-05
9.104236675e-05
9.372047796e-05
9.257610477e-05
9.517023724e-05
0.00010097704
8.963270963e-05
8.173713195e-05
9.105399689e-05
8.995941753e-05
8.249160557e-05
9.12878593e-05
8.396061437e-05
9.573074535e-05
0.0001011551123
9.684457979e-05
8.975923282e-05
9.789488463e-05
9.397188182e-05
8.69003746e-05
8.908982947e-05
8.220844354e-05
8.439066357e-05
9.495803069e-05
8.557148353e-05
8.745136717e-05
9.508732966e-05
8.90433034e-05
8.899759205e-05
8.205312364e-05
9.56323581e-05
9.543517683e-05
0.0001089034167
9.501494403e-05
9.482108947e-05
8.772361423e-05
9.422837979e-05
9.380974008e-05
0.0001068772318
9.303495831e-05
8.607372923e-05
7.898878331e-05
7.865731166e-05
9.117261769e-05
9.074129876e-05
9.653530647e-05
8.962606214e-05
8.258950141e-05
0.0001010622515
7.517966234e-05
0.0001058372001
8.023710355e-05
9.195685351e-05
9.719963683e-05
9.046830093e-05
8.363939712e-05
8.892912179e-05
8.805692123e-05
0.0001164640948
0.0001037555096
8.573355924e-05
8.4839709e-05
8.969982112e-05
9.428756507e-05
8.243566841e-05
9.240712211e-05
0.0001076891178
7.986873123e-05
0.0001001852011
9.384019102e-05
9.290620041e-05
9.184270948e-05
9.090838933e-05
9.484813586e-05
9.386493955e-05
7.812081496e-05
0.0001014536276
9.071013616e-05
8.97441897e-05
7.934319221e-05
9.696200683e-05
0.0001049237385
9.025663127e-05
9.362558042e-05
0.0001014373536
0.0001002058333
9.481644604e-05
9.791722273e-05
8.844148152e-05
9.151888161e-05
9.465399246e-05
9.34925337e-05
9.249641521e-05
9.533193364e-05
9.432305347e-05
8.928158335e-05
9.218539131e-05
9.105252258e-05
9.385990794e-05
9.270804701e-05
9.542391227e-05
9.063032307e-05
8.970793988e-05
9.57021055e-05
8.772213121e-05
9.705459463e-05
8.236398524e-05
0.0001017098864
9.399970222e-05
9.950325577e-05
8.540349996e-05
9.412058857e-05
8.679547677e-05
9.847388677e-05
9.12566552e-05
8.707580381e-05
8.627095585e-05
9.440462417e-05
9.052714487e-05
8.352145255e-05
9.45961001e-05
9.060044645e-05
9.269513931e-05
9.165812591e-05
9.085769749e-05
8.704862616e-05
8.90820473e-05
8.174763289e-05
8.851456671e-05
9.520946673e-05
8.152614385e-05
9.491840149e-05
9.477467171e-05
0.0001080017971
9.430899128e-05
8.725096571e-05
9.37209692e-05
8.664129598e-05
9.965974965e-05
8.592754725e-05
8.561374635e-05
9.821024493e-05
9.779862462e-05
8.421173339e-05
9.026106588e-05
0.000108830141
8.278618901e-05
8.847655852e-05
9.425016797e-05
9.971761579e-05
9.29002549e-05
7.982202229e-05
9.148191558e-05
8.461266659e-05
8.400395526e-05
8.915637149e-05
8.847615394e-05
7.592935301e-05
8.111258555e-05
9.176324037e-05
9.099001523e-05
9.56715809e-05
8.367447704e-05
8.278255565e-05
8.202782355e-05
9.73614173e-05
8.572815627e-05
7.947859347e-05
8.395507945e-05
8.819701207e-05
8.21834086e-05
0.0001015559833
9.549739355e-05
9.4394439e-05
0.0001032498693
0.0001020463331
9.616389635e-05
8.077844865e-05
9.402195555e-05
9.290678421e-05
9.191173954e-05
9.535281139e-05
8.983575511e-05
8.875327e-05
9.657695422e-05
8.239635029e-05
8.579887392e-05
8.899159805e-05
9.222720029e-05
9.938163591e-05
8.602768069e-05
9.306606771e-05
8.406815389e-05
8.699032626e-05
8.606982165e-05
8.88768796e-05
9.176758431e-05
9.064081361e-05
8.969810163e-05
9.598128863e-05
8.768611267e-05
9.383087197e-05
9.28758601e-05
8.468568784e-05
8.383416924e-05
8.626614142e-05
8.882623626e-05
9.450234158e-05
8.689281317e-05
9.575381091e-05
9.48291297e-05
9.046595944e-05
8.960480839e-05
9.803004078e-05
8.771263908e-05
9.906590426e-05
8.588137543e-05
8.488288469e-05
9.91292502e-05
8.31425642e-05
8.533882356e-05
9.01881881e-05
9.515696325e-05
8.553711998e-05
9.044296694e-05
8.94447253e-05
9.14449714e-05
9.485730951e-05
8.126469804e-05
0.0001149878668
8.108648869e-05
8.092045081e-05
9.426440813e-05
0.0001007075556
9.380239473e-05
0.0001068103176
7.99019949e-05
9.280766288e-05
8.591078927e-05
9.204505337e-05
9.825998503e-05
9.117740778e-05
9.728114451e-05
9.021159217e-05
9.619916714e-05
8.278678806e-05
8.868759184e-05
8.172861755e-05
8.125835027e-05
8.060088474e-05
9.858108505e-05
0.0001038454331
9.101185836e-05
7.816725342e-05
0.0001074538934
9.461732917e-05
9.976481413e-05
8.135788302e-05
8.646905748e-05
0.0001141300051
0.0001075108914
9.5196262e-05
9.991143425e-05
9.335750424e-05
0.0001033903929
9.15022296e-05
9.597279884e-05
7.909224862e-05
8.876939582e-05
9.809736468e-05
8.689909321e-05
9.096230062e-05
0.0001000424724
8.900058496e-05
0.0001027589913
7.73818708e-05
8.613866079e-05
9.931616348e-05
9.358052725e-05
9.709636692e-05
7.776033995e-05
8.135129309e-05
8.494784661e-05
9.717746086e-05
8.739184622e-05
9.065090462e-05
9.394509883e-05
9.702087545e-05
9.597828421e-05
8.244054931e-05
8.15578617e-05
8.055954321e-05
9.564177729e-05
9.446906461e-05
9.346952762e-05
9.232260339e-05
9.135354743e-05
9.02328111e-05
8.929435924e-05
9.187511283e-05
9.45665343e-05
8.622463144e-05
9.245923439e-05
8.781902922e-05
9.736823829e-05
9.275027575e-05
8.842841741e-05
9.743925214e-05
9.648490166e-05
8.875087725e-05
9.440434939e-05
9.649342987e-05
8.920312664e-05
9.129403738e-05
0.0001029116431
9.245685283e-05
9.160210469e-05
9.053630585e-05
9.270193103e-05
8.86790335e-05
9.081230197e-05
9.267578275e-05
9.185551839e-05
9.933969963e-05
8.721850519e-05
9.181895629e-05
9.378634245e-05
8.760877464e-05
8.082837835e-05
0.0001210986318
8.737251256e-05
9.390146075e-05
8.036537967e-05
0.0001001692435
9.996558389e-05
9.960090617e-05
8.609934123e-05
9.231460978e-05
9.860156577e-05
0.0001177173754
0.0001042564599
7.77403165e-05
0.0001096716601
7.691883172e-05
7.655630545e-05
9.502508892e-05
0.0001008293581
9.381331257e-05
9.327418148e-05
8.018553203e-05
9.807383919e-05
9.723644504e-05
9.054660698e-05
9.571653887e-05
8.909024907e-05
0.000100023119
8.758392203e-05
8.673195887e-05
7.456466489e-05
9.084934152e-05
0.000101346163
0.0001002977394
9.38951653e-05
0.0001038286526
8.122412191e-05
0.0001017689141
0.0001167295644
7.34623322e-05
9.873372433e-05
9.248794935e-05
0.000106831139
8.549904041e-05
9.458765791e-05
9.349994317e-05
9.253249612e-05
8.183121731e-05
8.573365944e-05
9.885157219e-05
7.917174086e-05
9.204271346e-05
8.65048645e-05
9.447096915e-05
8.455538604e-05
9.673047489e-05
8.26406783e-05
9.882989616e-05
9.776610357e-05
8.818066881e-05
8.307933868e-05
9.437646828e-05
9.336618223e-05
8.019539316e-05
8.727547189e-05
9.404346121e-05
8.917150911e-05
9.190787487e-05
9.473253111e-05
8.982846522e-05
9.259816162e-05
8.780566393e-05
9.776450466e-05
9.656957205e-05
9.204632982e-05
9.092441902e-05
8.654808612e-05
9.233683775e-05
8.803414602e-05
9.031498583e-05
9.274253265e-05
0.0001014448756
9.722416309e-05
9.286082468e-05
9.514824658e-05
9.088622893e-05
8.692881862e-05
9.2043156e-05
9.727162933e-05
9.013033752e-05
9.526318203e-05
9.710840178e-05
8.457152901e-05
8.649176638e-05
9.144138611e-05
9.323932922e-05
8.4023214e-05
9.694137058e-05
9.33605553e-05
0.0001005470943
0.0001071956253
8.699338317e-05
0.0001002765656
9.340111834e-05
8.659874677e-05
8.635176828e-05
9.943430966e-05
8.58630932e-05
9.881893333e-05
9.838582266e-05
8.500340866e-05
9.10759921e-05
9.074458654e-05
8.377729215e-05
8.984494497e-05
9.564708764e-05
8.25039328e-05
8.822998716e-05
0.0001128453059
8.088549565e-05
9.279372916e-05
7.363794292e-05
8.537531332e-05
9.069479103e-05
9.609182735e-05
0.0001011841908
0.0001004588714
8.781214394e-05
9.295415515e-05
8.054584635e-05
8.560755919e-05
8.474923559e-05
7.843493035e-05
8.871496825e-05
0.0001099224758
8.700763538e-05
0.0001023823211
9.594517496e-05
8.976352693e-05
8.877481435e-05
8.791612631e-05
9.715947784e-05
9.113250297e-05
9.510408915e-05
9.413925907e-05
9.795686585e-05
0.0001017911062
9.102992028e-05
7.111037391e-05
0.0001030766076
9.270998987e-05
7.787417574e-05
9.063668192e-05
9.851404774e-05
8.859635279e-05
8.315745725e-05
9.958103501e-05
9.410223482e-05
9.732096727e-05
7.524061817e-05
9.097301969e-05
8.986539985e-05
9.698573657e-05
9.580142449e-05
9.083210044e-05
9.362167548e-05
9.263131028e-05
9.149685574e-05
9.430893931e-05
9.315388234e-05
9.218508433e-05
9.834157334e-05
9.011964048e-05
9.614028465e-05
9.516160047e-05
9.400222961e-05
8.616369031e-05
8.51176567e-05
8.427247584e-05
8.658409825e-05
8.903338298e-05
9.447884593e-05
0.0001032453562
8.607261481e-05
8.525295429e-05
0.00010296233
9.272371963e-05
8.857870668e-05
9.381204843e-05
8.075519432e-05
0.0001007652474
9.374428321e-05
8.999944878e-05
8.610350383e-05
9.387568916e-05
9.844474526e-05
8.922118545e-05
9.650300044e-05
9.29386168e-05
8.001030283e-05
9.329791981e-05
9.318787535e-05
9.974440247e-05
9.954222826e-05
8.613991313e-05
9.910970137e-05
9.890865257e-05
9.855026427e-05
9.174482171e-05
9.134405481e-05
9.756561731e-05
9.707043556e-05
8.38219494e-05
8.33405105e-05
9.576104834e-05
0.0001014942283
0.0001010170418
0.0001065834919
0.0001060267737
8.047042453e-05
8.000910758e-05
9.157792844e-05
7.280613605e-05
9.625079685e-05
9.560557863e-05
0.0001006747412
9.995392168e-05
8.737303068e-05
8.092887204e-05
9.15952875e-05
9.086209656e-05
0.0001011976501
8.91987483e-05
9.379822708e-05
8.750828184e-05
8.658476672e-05
0.0001018856211
7.9568505e-05
8.933114198e-05
8.834948324e-05
9.264241428e-05
9.669722762e-05
9.069961027e-05
8.967288736e-05
8.38324503e-05
9.262224096e-05
9.648949426e-05
9.060541769e-05
8.493497557e-05
8.860813636e-05
9.228076672e-05
0.0001048737521
8.119753924e-05
8.4690499e-05
8.819078353e-05
0.0001002054868
9.050773832e-05
8.941745827e-05
8.845552989e-05
8.738438517e-05
9.467898296e-05
9.759417048e-05
8.85040249e-05
9.139841303e-05
7.86307288e-05
9.320365628e-05
9.221781418e-05
9.488489214e-05
9.388911879e-05
9.274015467e-05
9.177567611e-05
8.702726541e-05
9.689777784e-05
9.925978952e-05
8.421367978e-05
8.665430962e-05
8.578269393e-05
9.491058531e-05
8.390005533e-05
9.614796011e-05
9.192293631e-05
9.406136924e-05
9.636469549e-05
9.838710655e-05
9.116295271e-05
9.629395872e-05
9.23130888e-05
8.514498563e-05
8.73703866e-05
8.635158518e-05
9.441635839e-05
9.041014276e-05
8.670818198e-05
9.429058269e-05
9.345623116e-05
9.240310008e-05
9.159689093e-05
8.783412763e-05
8.707809412e-05
9.285202216e-05
9.280493306e-05
9.269582062e-05
8.598881018e-05
9.241626095e-05
7.909469171e-05
9.201573881e-05
9.182928906e-05
0.0001045687592
0.0001043014146
7.78854774e-05
9.70557635e-05
9.656477468e-05
9.621422076e-05
8.290825963e-05
9.526485168e-05
8.834906569e-05
0.0001004962084
7.484911665e-05
9.307328776e-05
8.005959161e-05
0.0001285865306
9.718740631e-05
9.65829457e-05
8.379474978e-05
7.728843381e-05
0.0001001703959
7.60530762e-05
9.273417304e-05
9.203073341e-05
9.11426965e-05
0.0001017156695
8.391761498e-05
9.985713466e-05
9.3341296e-05
8.164008932e-05
9.155136286e-05
6.40381372e-05
0.0001003027771
9.41324851e-05
7.758371322e-05
9.220140448e-05
0.0001013045842
0.0001003009008
9.420956642e-05
9.816325853e-05
8.248537821e-05
8.163342034e-05
9.018485591e-05
9.393465343e-05
9.284144489e-05
9.185549964e-05
8.623751207e-05
9.429642305e-05
8.874130506e-05
8.778891051e-05
9.107685978e-05
9.867812288e-05
9.749123346e-05
8.805641967e-05
9.113406974e-05
8.195970858e-05
9.310908468e-05
9.211294411e-05
9.494691765e-05
9.393621148e-05
9.278935339e-05
9.180799328e-05
9.068574837e-05
8.973409862e-05
9.233008577e-05
8.771509278e-05
8.66432187e-05
9.289718334e-05
8.823431388e-05
8.733601054e-05
8.972382122e-05
9.90698604e-05
9.111834693e-05
9.355462141e-05
8.582250485e-05
9.478706604e-05
0.0001001060186
8.314855026e-05
9.16343382e-05
8.763177853e-05
8.968437454e-05
8.5779007e-05
9.082398425e-05
8.698455309e-05
8.893398711e-05
8.812365689e-05
7.839502337e-05
9.495592245e-05
9.67156556e-05
9.022109572e-05
8.920299178e-05
9.118811575e-05
9.290553183e-05
9.21060789e-05
8.576645827e-05
8.572304818e-05
9.879528743e-05
9.211705377e-05
9.193157994e-05
8.523667936e-05
9.807233928e-05
9.134891471e-05
9.752155642e-05
8.43028391e-05
7.748031042e-05
8.367771596e-05
0.000102468645
8.93349529e-05
8.248046943e-05
9.477377072e-05
0.0001067301155
9.998071821e-05
9.308346719e-05
9.259843515e-05
9.803437823e-05
7.310529422e-05
7.856606455e-05
7.807800275e-05
0.000119106163
9.464769654e-05
8.794506944e-05
6.985348177e-05
9.227503859e-05
7.440539324e-05
9.06945562e-05
8.434702475e-05
8.907508814e-05
7.728814166e-05
9.835284193e-05
8.124502529e-05
8.575124187e-05
7.966305818e-05
9.456954388e-05
9.368338177e-05
9.78063356e-05
9.176457351e-05
9.074444035e-05
8.984604657e-05
7.896301957e-05
9.770443458e-05
9.659038297e-05
9.081365681e-05
8.976818032e-05
9.350115024e-05
0.0001016566308
8.686242747e-05
9.036190871e-05
0.0001028059946
0.0001015891696
9.612975179e-05
8.63480982e-05
8.96907984e-05
0.0001012727323
9.600955149e-05
9.897411878e-05
9.383215091e-05
8.866397348e-05
9.568971256e-05
9.452535522e-05
9.351928257e-05
9.237871746e-05
9.140179879e-05
9.404746214e-05
8.933816821e-05
9.19236273e-05
9.460638003e-05
9.34510922e-05
8.893174428e-05
9.487502116e-05
8.69528301e-05
9.620222436e-05
8.503072064e-05
9.071929842e-05
9.314480302e-05
9.53059462e-05
8.786349561e-05
9.002230489e-05
9.233628055e-05
8.494076866e-05
9.03635376e-05
9.236978169e-05
9.150264233e-05
9.343889731e-05
9.556095153e-05
9.739645327e-05
8.188640027e-05
9.250229803e-05
0.0001002660713
9.062331014e-05
9.824230709e-05
9.435694143e-05
9.07829729e-05
9.249103489e-05
9.169537837e-05
0.0001050066741
9.183442577e-05
9.172713728e-05
8.509043581e-05
9.145195627e-05
7.826965724e-05
9.105764196e-05
0.0001038554743
8.407985234e-05
9.031654885e-05
0.0001091957275
8.324495984e-05
8.282654859e-05
8.252656012e-05
0.0001009933184
9.428772674e-05
8.744634833e-05
8.08197726e-05
8.026234358e-05
0.0001044121904
0.0001036351167
9.092041651e-05
9.621091379e-05
9.561394648e-05
9.480923017e-05
8.828992261e-05
0.000105010639
8.68844798e-05
8.60816514e-05
7.973479329e-05
7.332877603e-05
7.833938519e-05
8.310215668e-05
9.88885217e-05
8.700297451e-05
9.163426852e-05
0.0001013418066
9.51385478e-05
9.934859801e-05
8.287870526e-05
9.222098523e-05
9.640585459e-05
8.53010756e-05
8.942526109e-05
9.824390964e-05
8.752489187e-05
9.614332156e-05
0.0001094241687
8.465242482e-05
8.841804837e-05
9.659232497e-05
8.646578606e-05
8.995125562e-05
9.344016809e-05
9.233611122e-05
8.699605292e-05
9.455583824e-05
0.0001020432388
8.821712724e-05
9.55802318e-05
9.853321591e-05
8.122990461e-05
9.629520552e-05
9.526536768e-05
9.41075197e-05
9.310603831e-05
9.197170003e-05
9.09991828e-05
8.988889535e-05
9.265178787e-05
9.518156107e-05
9.056898353e-05
9.304230539e-05
9.208441587e-05
9.79591771e-05
9.349883711e-05
9.578248998e-05
9.143242878e-05
8.363308323e-05
8.61143766e-05
9.161836124e-05
9.072034786e-05
8.962972459e-05
9.193349235e-05
9.396674744e-05
9.927620932e-05
9.196618226e-05
9.110273215e-05
8.102609015e-05
9.811585007e-05
9.990776428e-05
8.73506065e-05
9.785155798e-05
9.697307732e-05
9.586265669e-05
9.501459747e-05
8.841358294e-05
9.585907564e-05
8.666373654e-05
8.860337349e-05
9.140282757e-05
9.788222608e-05
7.821458425e-05
8.464825142e-05
8.447893182e-05
0.0001103067114
7.764517439e-05
8.3945724e-05
9.007982934e-05
8.343241139e-05
8.307270023e-05
0.0001019281931
8.874032048e-05
8.841927816e-05
9.419768956e-05
0.000106314195
0.0001056451305
9.278010164e-05
7.985649523e-05
0.0001038848683
9.09829416e-05
9.046384722e-05
9.572998924e-05
8.32446141e-05
0.0001002343971
7.613841485e-05
8.707696801e-05
8.069261041e-05
0.0001027915596
9.067949605e-05
8.981136765e-05
8.909556385e-05
0.0001157804786
9.841122785e-05
9.19968289e-05
9.119509215e-05
9.555031371e-05
9.468577674e-05
7.80618032e-05
9.795334897e-05
9.688675441e-05
0.0001111039266
8.98971061e-05
7.911857659e-05
9.778831e-05
9.195955828e-05
9.091536049e-05
8.997796305e-05
9.830903994e-05
8.338143389e-05
0.0001053102222
9.513304009e-05
9.402153401e-05
9.301784565e-05
8.316631685e-05
9.093521898e-05
8.557508339e-05
8.465568978e-05
9.61883508e-05
8.688040979e-05
9.400888117e-05
8.895684037e-05
9.586986728e-05
9.089290436e-05
9.369336189e-05
9.269643009e-05
9.156825347e-05
0.0001019251105
9.32246847e-05
8.85566974e-05
9.476620672e-05
9.73876753e-05
8.907411476e-05
9.520962453e-05
9.753318094e-05
8.619646853e-05
9.196045939e-05
8.429181641e-05
9.992399559e-05
8.574042659e-05
9.122067099e-05
9.032644711e-05
9.242771606e-05
8.206514748e-05
9.979567198e-05
9.266691816e-05
8.85138913e-05
9.070630236e-05
9.262457734e-05
9.176773035e-05
9.654587834e-05
8.98681167e-05
0.0001002885961
9.08692495e-05
0.0001010559969
8.625066653e-05
9.902710675e-05
8.998339222e-05
9.436930437e-05
9.088486805e-05
0.0001104147126
9.088400657e-05
9.077849028e-05
8.421063902e-05
8.404274133e-05
7.746165692e-05
0.000102993476
8.993748073e-05
0.0001088205605
9.577373457e-05
8.26471895e-05
8.873064162e-05
0.0001072062361
0.0001005353647
9.996699422e-05
7.466435431e-05
8.037889939e-05
9.231140329e-05
9.779043766e-05
9.120251096e-05
0.0001086332811
8.40110511e-05
7.739375209e-05
0.0001005807101
9.973893427e-05
9.324632973e-05
0.000103979175
9.750344904e-05
9.660729667e-05
7.895812592e-05
9.496220455e-05
0.0001052892262
9.327604663e-05
8.161543273e-05
8.617151898e-05
9.609893512e-05
8.981378015e-05
7.853107901e-05
7.769400161e-05
8.723023082e-05
9.135797489e-05
0.0001105849163
9.942149494e-05
8.859540467e-05
0.0001022037623
9.15356748e-05
0.000100024575
8.956585747e-05
9.78610383e-05
9.683553597e-05
9.115931402e-05
8.568327203e-05
8.914104596e-05
0.0001058277984
0.0001002240798
9.914999665e-05
8.519374305e-05
9.270660781e-05
9.576176086e-05
9.06141824e-05
9.359379528e-05
8.856428119e-05
9.147125872e-05
9.049337487e-05
9.328283343e-05
9.229041012e-05
9.496701146e-05
9.020449879e-05
8.91059242e-05
8.817106651e-05
9.072544391e-05
8.978199744e-05
8.868785361e-05
9.479673729e-05
9.017438282e-05
9.268905687e-05
9.156270286e-05
9.735550467e-05
8.95428523e-05
9.850351186e-05
9.731401965e-05
8.672395385e-05
8.56813634e-05
0.0001037091762
8.383830346e-05
9.534142108e-05
9.116947262e-05
9.33237513e-05
9.222271686e-05
9.431691572e-05
9.612613779e-05
9.525010119e-05
9.129279181e-05
9.047320297e-05
0.0001006142533
9.418405885e-05
9.58540881e-05
8.958886051e-05
9.395383763e-05
8.782364e-05
8.400002984e-05
9.041613609e-05
8.386066664e-05
8.377752806e-05
8.361103207e-05
8.990786064e-05
8.96573314e-05
8.308545659e-05
8.915876817e-05
8.893206468e-05
0.00010120125
9.458439022e-05
9.411348716e-05
8.127059955e-05
8.702891308e-05
0.0001114308642
9.227822012e-05
9.79705777e-05
9.121960194e-05
8.469674159e-05
9.608219645e-05
8.95643282e-05
8.885851989e-05
7.06472729e-05
8.757206958e-05
9.278838387e-05
0.0001207161719
7.990516665e-05
8.482788947e-05
9.541303267e-05
9.450429017e-05
9.92675341e-05
7.098715671e-05
9.205531187e-05
7.504150703e-05
9.032924857e-05
9.464785568e-05
8.858231682e-05
9.79508896e-05
8.682185141e-05
9.09324986e-05
8.505465694e-05
9.896161064e-05
9.308546027e-05
0.0001017341547
9.111568113e-05
9.956795894e-05
0.0001032350112
8.350037254e-05
9.639674535e-05
8.167343628e-05
9.87652975e-05
9.761552887e-05
9.657429133e-05
9.110089074e-05
9.870824895e-05
8.905657562e-05
8.39051211e-05
9.948410924e-05
9.021435251e-05
9.31823588e-05
9.218313378e-05
8.711116742e-05
9.401461811e-05
9.287588684e-05
9.188793146e-05
9.077188665e-05
8.981233906e-05
8.871953146e-05
9.144664542e-05
9.033296066e-05
8.939361102e-05
9.890151932e-05
9.788324586e-05
9.323891485e-05
8.887127803e-05
9.454497873e-05
9.359352071e-05
8.915745491e-05
8.50021859e-05
9.689524171e-05
8.635064687e-05
9.479170984e-05
8.76167695e-05
8.966063968e-05
8.880604324e-05
9.380214768e-05
9.891607413e-05
9.182432834e-05
8.510539725e-05
9.280972716e-05
8.621613111e-05
9.65776602e-05
9.008059374e-05
9.739367833e-05
9.653227578e-05
8.725532374e-05
9.4603699e-05
9.35420131e-05
8.743889711e-05
8.99981746e-05
0.000102803495
8.984926435e-05
9.617174936e-05
8.95824842e-05
0.0001086160722
8.282864872e-05
0.0001017377245
8.236917465e-05
7.583996099e-05
0.0001006881386
8.783146601e-05
8.739554916e-05
9.952049032e-05
9.277623734e-05
9.239240187e-05
8.56951471e-05
8.529553281e-05
9.076524043e-05
9.029504397e-05
9.560623903e-05
8.317982747e-05
8.842090975e-05
8.201648996e-05
6.971474774e-05
9.23349141e-05
8.008604868e-05
9.655657574e-05
0.0001013016546
8.378190328e-05
7.745357594e-05
7.683820724e-05
9.238692879e-05
9.161734081e-05
8.535580485e-05
8.990246315e-05
9.42029893e-05
0.000108911783
9.236243894e-05
0.0001016673858
9.051096702e-05
7.47008919e-05
8.373006705e-05
9.753423177e-05
8.197953941e-05
9.547318314e-05
0.0001038352782
9.809527556e-05
0.0001015951345
7.768345368e-05
0.0001038920366
9.832239357e-05
9.717983161e-05
0.0001005138084
9.501534116e-05
8.117991224e-05
9.288528514e-05
8.7711546e-05
9.904678184e-05
9.390067355e-05
8.874084888e-05
9.577032641e-05
8.278908966e-05
9.360496811e-05
9.247247544e-05
9.148894797e-05
9.037887524e-05
8.942357437e-05
8.833647531e-05
9.105186811e-05
8.634610424e-05
9.256891316e-05
8.79252948e-05
8.702001261e-05
8.940019827e-05
8.508628053e-05
9.750167739e-05
9.319209635e-05
9.206333718e-05
8.789311289e-05
9.326405087e-05
8.279607551e-05
9.123923717e-05
7.789386004e-05
9.23545437e-05
8.537588394e-05
9.641221156e-05
9.252202836e-05
8.553069814e-05
9.058335461e-05
9.529751141e-05
9.72904253e-05
9.050387447e-05
8.688852171e-05
9.420101539e-05
9.336791417e-05
9.502057239e-05
9.150130053e-05
9.579474831e-05
9.233372329e-05
8.314382326e-05
0.0001022796565
7.662149903e-05
9.568215632e-05
8.912699796e-05
0.0001080639836
9.508658068e-05
8.856899928e-05
8.195232682e-05
8.803241789e-05
0.0001064414669
0.000106114823
9.937863283e-05
8.664311093e-05
9.231190549e-05
0.000104187806
9.135884083e-05
7.880885725e-05
8.429435729e-05
8.3858179e-05
8.918903796e-05
8.868252163e-05
9.971926728e-05
8.161512863e-05
9.828150542e-05
9.188585512e-05
0.0001024694205
8.478529607e-05
8.401214283e-05
8.337973496e-05
9.910755892e-05
9.832096204e-05
8.653994927e-05
0.0001019109901
9.026331876e-05
9.474320298e-05
9.897130115e-05
8.775492823e-05
9.704072984e-05
9.107624907e-05
0.0001051088798
8.427099163e-05
8.824903965e-05
9.22334968e-05
9.120702823e-05
8.55351957e-05
9.396868616e-05
9.300198256e-05
0.0001057356021
9.09818921e-05
9.893089926e-05
8.008645436e-05
9.674800644e-05
0.0001044183468
8.169602648e-05
7.656766286e-05
8.827333726e-05
7.485097027e-05
9.450439579e-05
8.536040433e-05
9.237024328e-05
8.343406909e-05
9.420543655e-05
8.93155862e-05
9.207255337e-05
9.109341433e-05
8.998925237e-05
9.274808417e-05
8.79567127e-05
9.066048468e-05
8.955809419e-05
9.217190567e-05
9.455282479e-05
9.3579286e-05
9.586561352e-05
9.488925127e-05
9.038981383e-05
8.948002569e-05
9.494441877e-05
0.0001037249839
9.286612626e-05
8.878446589e-05
8.771708743e-05
9.617604336e-05
9.502543652e-05
7.893892062e-05
9.299995709e-05
8.023904451e-05
8.810108586e-05
9.892390736e-05
9.201312235e-05
9.687285088e-05
8.729842861e-05
8.651471253e-05
9.655323063e-05
9.296512313e-05
8.649986467e-05
9.110532206e-05
9.272910071e-05
9.455938529e-05
0.0001145384754
7.632084705e-05
8.893886914e-05
8.250451985e-05
8.234211158e-05
8.22192488e-05
9.460653997e-05
0.0001070053423
0.0001003565253
8.133300114e-05
8.721769752e-05
8.695033165e-05
9.270155513e-05
8.005229449e-05
9.185219832e-05
9.147302927e-05
9.090598705e-05
7.8418623e-05
0.0001018526241
0.0001072865492
8.875156104e-05
0.0001058977174
0.000105070193
9.282020162e-05
9.780511507e-05
9.715621431e-05
9.064521319e-05
0.0001068782592
0.0001003321498
8.851350309e-05
9.863647022e-05
8.154534455e-05
9.689781309e-05
9.075378323e-05
9.512481294e-05
8.906087786e-05
9.332568554e-05
0.0001027611801
9.150817598e-05
9.569220126e-05
8.967952061e-05
9.868770526e-05
8.784642174e-05
8.214877487e-05
0.0001003508728
9.46089588e-05
9.354551089e-05
0.000101842059
8.695588163e-05
8.604639746e-05
9.401390583e-05
7.973050642e-05
9.632000199e-05
9.529376603e-05
9.417915274e-05
8.893619793e-05
8.788686181e-05
9.108428502e-05
9.818356134e-05
9.712991669e-05
9.196947088e-05
9.493973467e-05
9.379832009e-05
8.892977351e-05
9.167607553e-05
9.070128599e-05
9.706988893e-05
8.865605523e-05
9.122937641e-05
9.749424766e-05
0.0001034437247
8.824835481e-05
9.066276702e-05
8.627813737e-05
8.863919394e-05
9.448533655e-05
9.667257397e-05
8.57995265e-05
9.128094813e-05
9.037361565e-05
8.290555701e-05
0.0001010367563
9.358319338e-05
9.576720594e-05
8.851671065e-05
9.674229692e-05
8.364230913e-05
9.469312302e-05
9.357372936e-05
8.69134937e-05
8.589368072e-05
8.227372127e-05
8.972847536e-05
9.170179021e-05
9.064479867e-05
9.256579245e-05
8.881848895e-05
9.071275607e-05
9.496586054e-05
9.153521588e-05
8.230489507e-05
8.859185417e-05
0.0001074528169
0.0001073468107
0.0001008340357
9.439100695e-05
8.158047894e-05
9.394240962e-05
9.98537374e-05
8.092573419e-05
9.298083342e-05
0.0001050555813
7.994157486e-05
9.803602395e-05
8.530391061e-05
9.102017032e-05
9.64881073e-05
9.603967302e-05
8.346698637e-05
8.303605845e-05
9.420624519e-05
9.952696404e-05
8.713356451e-05
9.814352146e-05
0.0001030588102
8.531316991e-05
9.021070306e-05
8.957200275e-05
8.3211936e-05
9.359845385e-05
8.180819899e-05
8.116022639e-05
9.108458591e-05
9.564149704e-05
8.942083362e-05
9.907490351e-05
0.0001083753218
0.0001022857092
8.602655732e-05
7.018600932e-05
9.918833284e-05
9.823721807e-05
8.25892686e-05
8.177625158e-05
9.038399565e-05
8.947355305e-05
9.778243646e-05
8.295222895e-05
8.656844507e-05
9.468064075e-05
9.359749323e-05
8.819745392e-05
8.717797069e-05
9.487443733e-05
8.524232141e-05
8.854689419e-05
8.750375571e-05
9.480969832e-05
8.961110493e-05
9.670876965e-05
8.759076285e-05
9.452981811e-05
9.339470725e-05
8.854727963e-05
9.128299764e-05
9.783856241e-05
8.921999845e-05
9.563364985e-05
9.084052051e-05
8.629221683e-05
9.234826443e-05
9.138801988e-05
9.027796022e-05
8.591192317e-05
9.844778305e-05
9.744501901e-05
8.630501645e-05
8.543620559e-05
9.089471928e-05
8.677716633e-05
8.890519222e-05
9.432112586e-05
9.629341252e-05
8.920945358e-05
0.0001033387325
9.031171937e-05
8.626225005e-05
7.95584989e-05
8.735284761e-05
8.9429161e-05
9.408101589e-05
9.32234121e-05
9.21377913e-05
8.854365006e-05
9.572716394e-05
9.216987775e-05
9.379712879e-05
9.563670915e-05
9.193019558e-05
9.3745151e-05
8.189174774e-05
8.185099775e-05
0.0001006248434
8.79599807e-05
8.151734775e-05
8.765720111e-05
8.117274014e-05
7.477846205e-05
9.93559623e-05
7.432848519e-05
8.635085408e-05
9.223575102e-05
9.790247474e-05
9.755099428e-05
0.0001091356613
0.0001147242461
0.0001020154311
0.0001075148788
7.712655025e-05
9.443544406e-05
9.960793816e-05
9.321802118e-05
0.0001040552872
9.192488358e-05
0.0001139600662
9.056450859e-05
9.539160991e-05
8.914536427e-05
9.938102629e-05
8.219606688e-05
9.227940158e-05
8.616397734e-05
7.999287604e-05
8.990635292e-05
9.424107662e-05
8.823490275e-05
9.760149214e-05
9.672388706e-05
9.06695704e-05
8.483599885e-05
9.873690081e-05
0.0001026803662
0.0001112332484
8.140709164e-05
8.997802449e-05
0.000103136264
8.807496793e-05
9.17582923e-05
9.979251606e-05
0.000103238369
8.431001477e-05
0.0001009802466
9.113546988e-05
0.0001030459449
8.911402862e-05
9.235912591e-05
9.127273582e-05
9.43985146e-05
8.51683501e-05
8.024271579e-05
9.117826946e-05
9.020161666e-05
9.299455302e-05
9.200145593e-05
9.468049599e-05
9.367403206e-05
9.624363921e-05
9.522673241e-05
9.045496546e-05
8.592601491e-05
8.488358694e-05
8.400097458e-05
8.989640615e-05
8.554880468e-05
8.789103611e-05
9.368773609e-05
8.924659342e-05
8.834810058e-05
8.404662044e-05
9.281230334e-05
9.485427783e-05
9.392367084e-05
0.0001051670898
8.577020591e-05
8.77701709e-05
8.693308387e-05
9.478407377e-05
8.802504093e-05
8.408402525e-05
9.192354928e-05
9.368238985e-05
9.564136116e-05
9.452664059e-05
9.367804745e-05
9.259599693e-05
8.637866858e-05
8.805935486e-05
8.99376866e-05
8.892057214e-05
9.075040114e-05
8.775062958e-05
9.397183203e-05
9.38650184e-05
8.126961956e-05
0.0001060684018
8.099048621e-05
0.0001056210743
0.0001116100941
9.886312543e-05
9.244997893e-05
9.819869941e-05
9.177995068e-05
9.742011922e-05
0.0001031376616
9.653348711e-05
9.012777246e-05
0.0001074887614
0.0001069902949
8.855967782e-05
9.985059413e-05
8.746450702e-05
8.696999359e-05
8.054289555e-05
9.148367047e-05
9.640325677e-05
8.449918548e-05
0.0001061079476
0.0001109034634
8.792195106e-05
8.726287349e-05
9.184693614e-05
7.504074745e-05
0.0001008526325
0.0001052806411
9.38053376e-05
8.266130251e-05
0.0001022666069
8.107827696e-05
0.0001103128953
8.444967995e-05
8.846060339e-05
9.248104677e-05
0.0001011036982
9.534264669e-05
0.000103719213
9.800864371e-05
9.22985488e-05
8.221597908e-05
9.031982941e-05
9.384529953e-05
0.0001060292997
8.742377457e-05
9.505841246e-05
9.404675457e-05
8.02768193e-05
8.777842266e-05
9.913997355e-05
8.990432196e-05
9.28783878e-05
9.188244863e-05
8.684045827e-05
8.981549194e-05
9.259781312e-05
9.160912539e-05
9.050686824e-05
9.327593601e-05
8.846378466e-05
8.752916598e-05
8.646976262e-05
9.62582715e-05
8.452566619e-05
9.410263781e-05
8.951806372e-05
8.859629253e-05
9.762032803e-05
9.329396436e-05
8.558036666e-05
9.449395384e-05
7.72559868e-05
9.242279903e-05
8.501072345e-05
8.729424797e-05
9.240510419e-05
9.761165042e-05
0.0001024708453
8.955303367e-05
0.000100284695
8.473305954e-05
9.527893301e-05
9.153641444e-05
9.611401021e-05
8.963556998e-05
8.858997295e-05
9.328184667e-05
9.491511226e-05
8.870023644e-05
9.034174347e-05
9.218907097e-05
9.374907986e-05
9.294481946e-05
9.978802796e-05
8.103757313e-05
9.962551622e-05
9.952758187e-05
9.933408277e-05
9.298733066e-05
9.89161462e-05
8.02085638e-05
9.222670658e-05
0.000104259749
0.0001038227302
8.524005749e-05
9.694249342e-05
0.0001026323914
9.005826163e-05
9.566731048e-05
9.508116673e-05
8.281062629e-05
9.400679012e-05
8.183266393e-05
9.284666076e-05
8.655214638e-05
9.733425592e-05
0.0001024275066
9.030104327e-05
6.727839229e-05
0.0001000482889
8.278515462e-05
8.203980522e-05
8.142545032e-05
8.604094613e-05
0.0001013667642
8.981844988e-05
9.431428476e-05
8.299876397e-05
8.74241075e-05
9.670915887e-05
7.061973434e-05
0.0001048205616
8.901197308e-05
9.29539404e-05
9.206459461e-05
9.10649194e-05
9.966190031e-05
0.0001032574928
8.363395196e-05
0.0001010792746
8.185273349e-05
8.992271272e-05
9.343313214e-05
9.67686741e-05
9.139410292e-05
9.464519477e-05
8.086944539e-05
8.834334005e-05
9.572289749e-05
9.048727665e-05
9.358675484e-05
9.248059101e-05
9.546695982e-05
9.433102448e-05
9.332103535e-05
9.220444403e-05
9.122012676e-05
9.387888733e-05
9.288120929e-05
8.809046464e-05
9.44231984e-05
9.328133484e-05
9.585321414e-05
9.469209509e-05
9.717817436e-05
9.257146537e-05
9.501150303e-05
8.71554022e-05
9.290348884e-05
9.177816955e-05
9.085404809e-05
8.65498476e-05
8.886287616e-05
0.0001003325499
8.692947733e-05
9.201897162e-05
9.41660339e-05
8.70361183e-05
9.809629606e-05
8.224164664e-05
9.310702659e-05
8.912915481e-05
9.684955968e-05
9.008018096e-05
9.483761653e-05
8.82168654e-05
9.015695423e-05
9.181382446e-05
8.832566147e-05
9.525064089e-05
8.917574965e-05
9.33503859e-05
9.254975641e-05
8.688273263e-05
9.924540754e-05
0.000105329088
8.665643227e-05
8.031072253e-05
9.252867008e-05
7.9973617e-05
0.0001043718435
8.565547845e-05
8.543947191e-05
9.115973806e-05
9.088173226e-05
9.646952814e-05
8.410874511e-05
0.0001015700964
0.0001071032442
7.687977403e-05
8.241048352e-05
8.770717672e-05
8.725633535e-05
8.662701083e-05
8.039574206e-05
7.407773082e-05
6.796037221e-05
9.549079892e-05
8.928062605e-05
7.191724766e-05
0.0001043687701
8.710015868e-05
8.644857105e-05
9.099405276e-05
9.558654673e-05
9.466326079e-05
9.38800286e-05
9.294583708e-05
0.0001075005715
8.61354954e-05
8.034162048e-05
8.447119685e-05
8.861029622e-05
9.740692763e-05
9.165187629e-05
8.5887209e-05
8.504400964e-05
7.943625945e-05
8.788956745e-05
9.60598243e-05
7.243794093e-05
8.505261918e-05
9.302456937e-05
0.0001007269543
8.666355082e-05
8.566868548e-05
8.051974443e-05
9.634039915e-05
9.116713573e-05
8.600415875e-05
9.318608796e-05
8.808243994e-05
9.109924333e-05
9.00166669e-05
8.905307558e-05
9.181440299e-05
9.083441775e-05
8.974382558e-05
8.879021695e-05
9.868531749e-05
8.679368793e-05
9.289039799e-05
0.0001025220368
8.731125441e-05
8.640344149e-05
8.535658942e-05
9.461495215e-05
9.013034478e-05
9.91245732e-05
9.139607552e-05
8.401317937e-05
9.257415652e-05
8.849305046e-05
9.05481064e-05
0.0001020262679
9.774512286e-05
9.37740719e-05
9.265117215e-05
8.584675586e-05
9.067364956e-05
8.692384689e-05
8.303073402e-05
9.077184554e-05
9.250652533e-05
8.888544834e-05
9.059210268e-05
9.521998592e-05
9.142767273e-05
9.595007652e-05
8.957936419e-05
9.4023108e-05
9.295506869e-05
9.21580376e-05
9.263056117e-05
8.64124766e-05
9.864584294e-05
8.623045984e-05
8.606382957e-05
9.207451199e-05
9.182508878e-05
9.164172579e-05
0.0001035018652
9.109509875e-05
8.466785225e-05
0.0001024977417
8.400101104e-05
8.96793165e-05
8.324149565e-05
8.882151046e-05
8.828042031e-05
8.787234551e-05
0.0001105635986
9.262810674e-05
8.046663194e-05
7.429793158e-05
8.506931709e-05
9.018508277e-05
7.826907266e-05
9.441451122e-05
0.0001046177702
9.841352933e-05
9.211343386e-05
0.0001021809223
9.59013778e-05
9.514552957e-05
9.422866095e-05
7.787479421e-05
9.766207556e-05
9.172384671e-05
0.0001008768361
8.497693243e-05
8.409110497e-05
9.311290766e-05
8.72743767e-05
9.604509665e-05
9.500645207e-05
8.937062461e-05
8.838996562e-05
0.0001013184475
9.563861308e-05
9.015087474e-05
8.468192104e-05
9.261956417e-05
9.156956343e-05
9.491721313e-05
8.529949455e-05
9.283195825e-05
8.758586755e-05
9.077661366e-05
9.787115006e-05
8.875453988e-05
9.568187809e-05
9.071262646e-05
9.35332335e-05
8.867670082e-05
9.142764793e-05
9.045195682e-05
9.681436783e-05
8.841762645e-05
9.09929146e-05
8.64305645e-05
9.961831843e-05
9.505324102e-05
8.694769608e-05
9.292717115e-05
9.520205255e-05
9.085663706e-05
8.975628729e-05
9.213226225e-05
9.751837479e-05
8.366479895e-05
8.901158579e-05
9.127365775e-05
9.017297366e-05
8.313011265e-05
8.517255359e-05
8.133563563e-05
9.821965484e-05
9.138656202e-05
9.029719946e-05
9.521916737e-05
9.409036999e-05
9.039433078e-05
8.932955414e-05
8.574897986e-05
9.568124987e-05
8.940389178e-05
9.104475555e-05
9.289416062e-05
9.182659652e-05
9.362817979e-05
8.99918887e-05
9.176962072e-05
9.832209761e-05
9.213150562e-05
9.81631962e-05
8.580865478e-05
0.0001101128633
9.773310977e-05
7.919369188e-05
0.000109434055
9.088098683e-05
9.065225407e-05
9.027568154e-05
0.0001020010478
9.553730885e-05
8.924634197e-05
9.46753398e-05
9.428742791e-05
9.957183375e-05
9.328192905e-05
8.687093197e-05
9.794871952e-05
9.152576108e-05
8.532235301e-05
0.0001072463221
8.415035074e-05
9.459545195e-05
9.397253436e-05
8.220813352e-05
9.251369946e-05
9.168693552e-05
8.029624275e-05
8.485351838e-05
8.418538955e-05
8.858703152e-05
9.819137049e-05
9.721871873e-05
8.623547391e-05
0.0001004219353
9.952278703e-05
8.371441835e-05
8.293895864e-05
8.688600608e-05
9.561836011e-05
8.985709811e-05
8.429313493e-05
9.263333817e-05
9.628878173e-05
9.975541679e-05
8.078200341e-05
9.762724656e-05
9.221807026e-05
9.117447712e-05
8.591643466e-05
9.767349283e-05
9.243397022e-05
8.721198154e-05
9.038942298e-05
9.745539547e-05
9.641213103e-05
9.527727275e-05
9.032927726e-05
9.313937711e-05
8.83034941e-05
9.483764323e-05
9.007270311e-05
8.899354142e-05
9.538549571e-05
9.061372218e-05
8.607046684e-05
8.857526245e-05
8.414065864e-05
9.005063899e-05
8.911437187e-05
0.000101580015
9.383169872e-05
8.93853218e-05
9.830510442e-05
9.711573551e-05
8.972847249e-05
8.864428388e-05
8.776255756e-05
9.909068843e-05
9.8117977e-05
9.693834298e-05
9.299985623e-05
0.0001007780821
7.926594437e-05
8.992386226e-05
9.48253873e-05
9.370074471e-05
8.720681992e-05
9.173887844e-05
9.090239544e-05
9.528330453e-05
9.442794091e-05
8.266517666e-05
9.250678261e-05
9.405502352e-05
9.323655536e-05
8.961399453e-05
9.138446421e-05
9.172779253e-05
7.945828092e-05
7.936926512e-05
7.929160223e-05
8.522693563e-05
9.725807002e-05
0.0001091207163
0.000102853059
8.441169187e-05
9.622794049e-05
9.582938918e-05
8.359576613e-05
0.0001069626634
0.0001006598653
8.244418579e-05
9.970103746e-05
8.743861322e-05
9.283762931e-05
8.645876111e-05
9.175013426e-05
8.540041292e-05
8.492015139e-05
8.988879667e-05
8.933964689e-05
9.96925186e-05
9.353467623e-05
9.81922323e-05
9.750207458e-05
9.126436848e-05
9.591212176e-05
8.446495905e-05
9.95131251e-05
8.818402808e-05
9.774542277e-05
9.677936913e-05
0.0001009957799
9.497256293e-05
8.421523465e-05
9.31459257e-05
8.256968613e-05
8.650107664e-05
8.091608902e-05
8.946157954e-05
8.392264796e-05
9.222818265e-05
0.0001004333591
8.577792122e-05
9.830491175e-05
8.395013501e-05
8.744765921e-05
9.942876502e-05
8.982507077e-05
9.302763505e-05
9.622298832e-05
9.511187158e-05
9.818784137e-05
9.299969326e-05
8.400402695e-05
9.092290509e-05
9.385998727e-05
9.274882376e-05
9.175660758e-05
9.066383105e-05
9.343397547e-05
8.862308421e-05
8.768174838e-05
9.74566912e-05
9.285613707e-05
0.0001093787356
9.775786247e-05
8.622958742e-05
8.87463841e-05
9.104518013e-05
9.344491498e-05
9.231435122e-05
8.811038705e-05
9.026864694e-05
9.255086175e-05
9.143285799e-05
9.052330848e-05
9.868353811e-05
0.0001038218881
9.653992684e-05
9.859284678e-05
8.560424193e-05
8.771094061e-05
8.377594792e-05
9.729651291e-05
9.048662593e-05
8.964864393e-05
9.135981288e-05
9.052674929e-05
9.21775512e-05
8.866330548e-05
9.294400673e-05
9.2122622e-05
9.106137321e-05
9.284819343e-05
9.178895397e-05
9.353037516e-05
9.128297494e-05
9.123811075e-05
8.506044239e-05
9.104711201e-05
8.481456267e-05
7.863994602e-05
0.0001085937673
0.0001023565727
9.600581108e-05
9.576464775e-05
8.940860728e-05
8.913702619e-05
9.462293387e-05
0.0001060713785
8.20512312e-05
8.755257199e-05
7.542054127e-05
8.084784915e-05
8.031378411e-05
7.990268997e-05
8.499922982e-05
9.579128705e-05
8.946886167e-05
0.000100038201
8.820398969e-05
9.857740182e-05
9.230898824e-05
0.0001078362768
9.084567863e-05
9.547281377e-05
8.407994206e-05
9.384656189e-05
8.778467476e-05
8.193979569e-05
8.113176645e-05
8.546084674e-05
9.952433195e-05
0.0001035664209
0.0001073743381
8.70391983e-05
9.568838094e-05
9.477616298e-05
0.0001031331372
9.748130407e-05
7.805257243e-05
9.999658853e-05
8.540667852e-05
0.0001023290591
9.678722197e-05
8.707184307e-05
9.90034396e-05
9.3700299e-05
9.684238606e-05
8.748231988e-05
9.470929563e-05
9.777258191e-05
9.260796066e-05
9.560050413e-05
8.660505479e-05
9.346666176e-05
9.236153208e-05
9.137366204e-05
9.028668859e-05
9.304547639e-05
9.193301921e-05
9.09566497e-05
9.705391937e-05
8.891583212e-05
9.135887822e-05
8.692408184e-05
9.617995855e-05
9.857927946e-05
9.738784356e-05
8.309045257e-05
9.850279406e-05
7.799925899e-05
9.310967155e-05
8.58151181e-05
8.791869954e-05
9.637017173e-05
8.906599621e-05
8.819150186e-05
0.0001021538205
8.033660129e-05
9.407294246e-05
8.443985943e-05
9.494033294e-05
8.264781874e-05
0.0001013793766
9.207040742e-05
9.649804079e-05
8.742224971e-05
9.449726242e-05
9.364896375e-05
9.520412827e-05
9.436282854e-05
9.068352437e-05
8.989463524e-05
9.394579935e-05
9.062376944e-05
9.084245065e-05
7.869149546e-05
9.674318354e-05
7.248654956e-05
9.646418405e-05
9.030160402e-05
9.005990269e-05
8.388870545e-05
8.957397424e-05
7.743595821e-05
8.898128631e-05
8.871126657e-05
8.828651122e-05
8.79721452e-05
9.332800541e-05
8.713761145e-05
0.0001039352505
9.196160715e-05
0.0001084849874
7.384702746e-05
9.588203813e-05
8.412701756e-05
8.348703006e-05
8.85099148e-05
8.230894956e-05
8.721984747e-05
9.188480286e-05
0.0001073414975
7.979189369e-05
8.975765e-05
9.41607216e-05
9.342141877e-05
9.252944701e-05
8.66691941e-05
9.591247623e-05
8.007409742e-05
8.421929266e-05
9.81965537e-05
9.232249588e-05
8.665509048e-05
8.574135996e-05
9.436060352e-05
8.868089682e-05
0.00010630007
8.685699113e-05
7.693550946e-05
8.951435307e-05
8.859880494e-05
9.637260739e-05
8.669924333e-05
8.572325e-05
8.481960508e-05
8.804671291e-05
8.711202927e-05
9.020967355e-05
8.51907176e-05
9.622905843e-05
9.123313553e-05
9.408373076e-05
9.3076619e-05
9.197746139e-05
9.478531215e-05
9.365903208e-05
9.266019469e-05
9.15534855e-05
8.695801827e-05
8.949487316e-05
9.209195127e-05
9.448323585e-05
9.003000325e-05
9.236510291e-05
9.47901783e-05
0.0001003341743
8.937080562e-05
9.810066501e-05
8.739089533e-05
9.592752285e-05
9.179581777e-05
8.130603333e-05
9.907331935e-05
8.258556928e-05
8.48033059e-05
9.874511561e-05
8.889891265e-05
8.490582701e-05
9.569466447e-05
9.455260772e-05
9.9339916e-05
9.535556797e-05
8.891515916e-05
9.335679049e-05
9.250544292e-05
9.142025376e-05
9.592896853e-05
9.481196439e-05
9.397418805e-05
9.288904963e-05
9.208109533e-05
9.10276636e-05
9.275504456e-05
0.0001024603122
8.433775084e-05
0.0001083137983
8.416190867e-05
9.000179321e-05
9.586026018e-05
9.560443674e-05
8.348763482e-05
0.0001010328334
8.892311051e-05
0.0001062696367
8.240358455e-05
9.958376416e-05
8.755546002e-05
9.869283648e-05
9.250833686e-05
9.195261852e-05
0.0001144122083
0.0001022944637
9.046394495e-05
9.543580828e-05
8.931837928e-05
9.972073532e-05
8.810080157e-05
9.831621272e-05
8.681905537e-05
8.070396896e-05
0.0001015086759
9.001971898e-05
8.935026336e-05
9.894290744e-05
8.266676465e-05
8.187926763e-05
0.0001015069019
8.543379316e-05
9.964707313e-05
9.864263254e-05
8.309795159e-05
9.675391201e-05
8.148133804e-05
0.0001043368138
0.0001033435395
9.758992089e-05
9.203385914e-05
9.10337053e-05
9.913434594e-05
9.358677712e-05
9.263005711e-05
8.723775444e-05
8.201332793e-05
0.0001024315958
9.712922095e-05
8.350026416e-05
8.674486015e-05
9.391428172e-05
8.887313599e-05
9.58271093e-05
9.085232703e-05
9.369250093e-05
9.268981807e-05
9.159657166e-05
9.061728092e-05
9.327264479e-05
9.59692142e-05
8.752998972e-05
9.020897405e-05
9.269315983e-05
9.524203877e-05
8.364175529e-05
8.966199473e-05
0.0001022092719
9.777509773e-05
8.660223638e-05
9.560001463e-05
9.444507907e-05
9.992969175e-05
8.598409827e-05
0.0001008804379
9.34338183e-05
9.250410493e-05
8.52966781e-05
9.350819481e-05
8.940383337e-05
9.148915427e-05
9.039266032e-05
9.241772505e-05
8.846088274e-05
9.610904319e-05
8.658768416e-05
9.685473365e-05
9.571034419e-05
8.670856789e-05
9.372408316e-05
9.553652606e-05
9.180015645e-05
9.358873571e-05
8.99371563e-05
9.170227996e-05
9.065173442e-05
8.987563435e-05
0.0001019705738
8.393470373e-05
0.0001018078092
9.572577233e-05
8.957254771e-05
8.944050909e-05
8.325568249e-05
8.902540819e-05
8.280843165e-05
0.0001003012271
9.989062008e-05
7.615558915e-05
8.745349174e-05
9.876173068e-05
9.245088676e-05
8.631937993e-05
0.0001201231647
9.110196286e-05
7.919189713e-05
9.004319138e-05
8.381798175e-05
9.446170359e-05
0.0001102903414
9.865738459e-05
9.786585012e-05
8.102055924e-05
9.104802109e-05
9.572889249e-05
0.0001001549747
8.371440758e-05
9.331387571e-05
8.743910772e-05
9.679720575e-05
8.589600346e-05
9.506097569e-05
9.920547352e-05
0.0001080283768
9.246526911e-05
8.669699723e-05
0.0001049851689
9.443874655e-05
8.418628982e-05
9.254075939e-05
9.163633874e-05
9.517451182e-05
9.422201428e-05
9.318692963e-05
9.662690371e-05
9.121058327e-05
9.455988222e-05
0.000101998977
9.671938411e-05
9.562191136e-05
9.872088365e-05
8.13232687e-05
8.447916247e-05
9.542850409e-05
9.440836624e-05
9.330451134e-05
9.230621871e-05
9.121882354e-05
9.400392388e-05
9.288943246e-05
9.557508989e-05
9.443589194e-05
8.983972685e-05
9.231476637e-05
9.134024097e-05
9.02429752e-05
8.929698253e-05
8.822151247e-05
0.0001007357659
9.620310514e-05
9.849551788e-05
8.757555938e-05
8.347257522e-05
8.563626316e-05
9.105299363e-05
8.995419349e-05
9.213002318e-05
9.40538589e-05
9.313009779e-05
9.497848233e-05
8.817979019e-05
9.873918441e-05
9.204367648e-05
9.094456326e-05
9.571963503e-05
9.458185867e-05
9.094962874e-05
8.987436731e-05
9.715058875e-05
9.067529828e-05
8.721834133e-05
9.1425104e-05
9.320643247e-05
9.212766234e-05
9.132656867e-05
9.529439182e-05
8.950617988e-05
9.551575993e-05
0.0001014359529
9.536366839e-05
8.931644171e-05
9.509053566e-05
9.495049685e-05
7.694259467e-05
0.0001122314931
0.0001000778921
8.221083911e-05
0.0001052681821
0.0001107801922
9.864856246e-05
8.673382046e-05
9.776963611e-05
8.018826639e-05
7.970918438e-05
0.000102012907
9.008556296e-05
9.522797944e-05
0.000111241993
0.000105088635
8.782763827e-05
9.820554443e-05
0.0001136561938
0.000107535526
0.0001012982984
9.000142704e-05
9.445621034e-05
0.0001041723346
9.805703597e-05
9.216879128e-05
0.0001065105033
0.0001006053629
7.969757474e-05
8.395260505e-05
9.777641813e-05
9.690520212e-05
8.631880225e-05
9.502538027e-05
8.462648109e-05
9.313550619e-05
9.674930988e-05
9.580434946e-05
9.927987177e-05
8.488409426e-05
9.720907878e-05
9.621631449e-05
9.514980659e-05
8.988035158e-05
9.310583076e-05
8.793794863e-05
9.522189398e-05
9.421208499e-05
9.31325038e-05
8.813391066e-05
8.711376781e-05
9.401756669e-05
9.29197219e-05
9.192578133e-05
9.084417832e-05
8.987331946e-05
8.880898187e-05
8.786232878e-05
9.766813318e-05
9.663136937e-05
0.0001025478478
9.096896904e-05
9.679065936e-05
8.893493019e-05
9.462338086e-05
9.029538347e-05
9.251062127e-05
0.0001046375557
9.691373941e-05
8.633342324e-05
9.160909988e-05
9.381317758e-05
8.032383529e-05
9.481758659e-05
9.065340374e-05
9.873924263e-05
9.755210601e-05
9.075206004e-05
9.544887484e-05
9.167264353e-05
8.491654835e-05
8.972552442e-05
8.865853493e-05
8.783716367e-05
9.222296304e-05
8.869414555e-05
9.030735488e-05
9.476119577e-05
9.365462092e-05
9.282723988e-05
9.175163025e-05
9.095392345e-05
9.240659031e-05
8.913975043e-05
8.912206697e-05
8.90786325e-05
7.711643179e-05
9.482027304e-05
8.281114226e-05
8.268930267e-05
0.0001060335626
0.0001117025034
9.96071591e-05
0.0001052027182
9.313288863e-05
8.704813809e-05
8.086030875e-05
0.0001035945078
9.731448268e-05
9.691855496e-05
8.500683867e-05
0.0001184639418
9.527434402e-05
8.921331773e-05
9.965826672e-05
8.809000636e-05
9.289086643e-05
9.775782417e-05
9.158975775e-05
9.634328903e-05
8.491891076e-05
9.486626895e-05
9.403259443e-05
0.0001037058749
7.706843872e-05
9.685638477e-05
8.079149419e-05
0.0001051686008
7.934691466e-05
8.35838262e-05
0.00010708389
0.0001013063796
9.071855321e-05
8.988263797e-05
7.489890658e-05
0.000102007597
9.174705873e-05
0.0001044792385
8.986977248e-05
9.786850683e-05
9.679727395e-05
8.709927261e-05
9.044229689e-05
8.950220628e-05
9.271589306e-05
8.756999949e-05
9.070237426e-05
9.789907644e-05
9.677893093e-05
9.574788045e-05
9.069777823e-05
9.362998919e-05
9.253809318e-05
9.154846701e-05
9.047259793e-05
9.696472599e-05
9.213237742e-05
9.479647365e-05
9.366882589e-05
9.267463641e-05
8.452354384e-05
9.060070313e-05
8.607121365e-05
9.198256347e-05
8.414471171e-05
9.326233125e-05
9.213850376e-05
9.118955954e-05
8.687200898e-05
9.554066309e-05
8.809522591e-05
8.720754005e-05
8.307867623e-05
9.748358768e-05
8.728022027e-05
8.344271249e-05
8.538374782e-05
9.038794893e-05
9.218497876e-05
9.701112674e-05
8.73945108e-05
9.77428625e-05
9.382060397e-05
9.568520623e-05
8.374660584e-05
8.833649262e-05
9.258774978e-05
9.17566132e-05
9.327509314e-05
9.245112014e-05
9.137865535e-05
9.058430692e-05
8.954234918e-05
9.370832616e-05
9.461557821e-05
9.456954228e-05
8.85615401e-05
0.000100272287
8.242176234e-05
9.405783942e-05
9.380972439e-05
9.36239805e-05
9.914083367e-05
0.0001047104367
8.690452181e-05
9.819432809e-05
6.898642059e-05
8.019896119e-05
8.546783596e-05
7.944574845e-05
8.461463264e-05
8.422707572e-05
7.252228395e-05
8.325383524e-05
9.369166442e-05
8.768802268e-05
8.15900638e-05
8.109513975e-05
0.0001019024707
9.058031001e-05
0.0001003882212
8.919405199e-05
8.841205225e-05
9.291921653e-05
0.0001023019861
9.13522028e-05
0.0001005441218
0.0001096916668
9.874915849e-05
9.790385065e-05
8.238649168e-05
9.606300614e-05
9.983426297e-05
9.42047845e-05
9.788239693e-05
8.77194811e-05
6.851646911e-05
9.498732392e-05
8.948838092e-05
9.745371375e-05
8.762631221e-05
9.540551594e-05
9.006298692e-05
8.912722952e-05
9.652599012e-05
9.966299048e-05
9.853754746e-05
8.936884224e-05
9.637944424e-05
9.137992134e-05
9.425233983e-05
9.324559407e-05
9.21595864e-05
9.117423744e-05
9.385838012e-05
8.914147428e-05
8.80881203e-05
9.07806765e-05
8.970187201e-05
8.874990225e-05
8.769028647e-05
8.67648143e-05
9.258300376e-05
8.821956226e-05
8.715927454e-05
8.957060448e-05
9.504684532e-05
0.0001005553743
9.293367483e-05
8.564254577e-05
8.774312368e-05
8.685892403e-05
8.274681157e-05
9.102571352e-05
8.093633952e-05
9.201393274e-05
8.797513947e-05
9.002674788e-05
8.894717937e-05
9.093947978e-05
9.546842876e-05
9.457011652e-05
9.34445535e-05
9.530161509e-05
9.417291027e-05
9.598005002e-05
9.484978684e-05
8.877621814e-05
9.289862897e-05
9.207803604e-05
9.353671995e-05
9.021768232e-05
9.413292824e-05
9.087181416e-05
7.062886522e-05
9.412607507e-05
9.402294268e-05
9.393174401e-05
7.031659459e-05
9.361777536e-05
8.753580516e-05
9.901099206e-05
8.126493879e-05
0.0001100128931
8.073403122e-05
9.198905761e-05
0.0001144449848
9.123186552e-05
8.507362233e-05
8.472816678e-05
8.984109772e-05
9.501937968e-05
9.995645809e-05
7.734877611e-05
9.326554415e-05
0.0001036565082
9.746516195e-05
9.687451995e-05
9.076575527e-05
0.0001060863818
7.889943739e-05
9.401905296e-05
8.8019068e-05
9.250683875e-05
0.0001018500819
0.0001111602686
8.008222779e-05
9.431855189e-05
9.831846367e-05
9.260365682e-05
9.167998762e-05
9.086500529e-05
8.047021685e-05
8.910978956e-05
9.28224702e-05
9.194181238e-05
9.551519992e-05
8.557601329e-05
9.356572342e-05
9.704242185e-05
9.598404346e-05
8.204996231e-05
8.968684527e-05
8.875538165e-05
9.194573487e-05
8.270786855e-05
9.813044219e-05
8.89999354e-05
8.798463851e-05
9.100456642e-05
9.386670153e-05
9.286434229e-05
9.178416341e-05
9.080305495e-05
8.973848242e-05
9.247916996e-05
9.504306522e-05
9.041388568e-05
8.934050057e-05
9.192817864e-05
9.781863521e-05
8.641638892e-05
8.879683003e-05
8.786617667e-05
8.681085693e-05
8.260422293e-05
9.140317798e-05
9.046177442e-05
9.256335209e-05
9.161984718e-05
8.42726168e-05
8.960283713e-05
8.547009092e-05
9.670770121e-05
9.255723565e-05
9.164779951e-05
9.346674373e-05
8.677589239e-05
9.14508426e-05
9.623835795e-05
9.229116965e-05
9.419305469e-05
9.307150555e-05
9.492108722e-05
9.647613108e-05
9.559611358e-05
8.922122574e-05
9.362151238e-05
9.252519144e-05
9.170795098e-05
9.064172915e-05
8.985401345e-05
8.881772197e-05
8.805824518e-05
7.615741696e-05
0.000105397591
0.0001052824191
8.765033902e-05
7.5821465e-05
8.735794682e-05
0.0001045545765
7.53623936e-05
0.0001039988756
8.644963913e-05
8.036066111e-05
9.156389092e-05
7.404638116e-05
9.081168183e-05
9.03285638e-05
9.558475288e-05
0.0001006091744
0.000100149255
0.0001160852273
8.799679781e-05
0.0001037660215
9.232589721e-05
0.0001078069296
0.000107154252
7.972878449e-05
0.0001003313756
9.42578061e-05
8.320097278e-05
9.793892207e-05
7.674842089e-05
9.126193738e-05
8.551940357e-05
8.969877467e-05
9.884948889e-05
0.000102786085
8.734942169e-05
7.206663055e-05
9.04735568e-05
7.541195751e-05
7.471859198e-05
7.856295732e-05
8.697315094e-05
8.605262564e-05
8.072924214e-05
9.317198877e-05
8.784962451e-05
9.558253098e-05
9.03078923e-05
9.356687206e-05
9.259551049e-05
7.07551081e-05
9.883931187e-05
9.365474168e-05
9.669170364e-05
8.762442692e-05
8.66917485e-05
8.958903083e-05
9.248619545e-05
9.141178666e-05
9.043488246e-05
8.937587419e-05
8.842145176e-05
9.101965309e-05
9.725405066e-05
8.898202907e-05
8.451640706e-05
9.394775927e-05
9.295641079e-05
9.864741151e-05
9.088159597e-05
8.646521382e-05
9.543939536e-05
8.778847392e-05
9.01022209e-05
8.583762628e-05
9.125616665e-05
9.015612803e-05
9.232498641e-05
9.425259881e-05
8.428382477e-05
8.921660564e-05
9.422923199e-05
9.309629859e-05
9.219400003e-05
0.0001024741597
9.303726107e-05
8.91391404e-05
9.657836969e-05
9.542793679e-05
9.184234075e-05
9.075335181e-05
9.257036884e-05
8.62512898e-05
9.324768553e-05
9.215474421e-05
9.134082894e-05
9.027770538e-05
9.446511276e-05
8.845978871e-05
9.744839083e-05
8.74656338e-05
0.0001049079398
0.0001047936092
8.724348057e-05
8.127528744e-05
9.854675404e-05
9.250729541e-05
8.078404383e-05
8.62656111e-05
8.605071027e-05
7.999072854e-05
9.68390511e-05
9.638564297e-05
7.909593199e-05
9.553547236e-05
9.514827311e-05
8.345943288e-05
8.307827768e-05
9.905090926e-05
8.75986305e-05
9.242482707e-05
9.191027365e-05
9.122506646e-05
9.600703523e-05
9.524800286e-05
9.988470132e-05
9.905335863e-05
9.836388179e-05
8.724348784e-05
9.169296741e-05
7.067070223e-05
0.0001051797769
8.930846956e-05
9.842005547e-05
9.259483504e-05
9.663594126e-05
9.567600941e-05
9.482680693e-05
0.0001032487677
0.0001023001371
9.203490237e-05
8.660472809e-05
9.019981293e-05
9.82536597e-05
8.836338475e-05
8.748196882e-05
8.653123968e-05
9.849710276e-05
9.317933374e-05
0.0001005953339
8.704334496e-05
9.433120057e-05
9.327098059e-05
8.827118379e-05
9.12338415e-05
9.026303212e-05
9.310481523e-05
9.211111578e-05
9.104241924e-05
9.006968353e-05
9.272519227e-05
8.806578483e-05
8.702850611e-05
9.686425465e-05
8.862642275e-05
9.119364963e-05
8.664204929e-05
8.915698106e-05
0.0001050315771
9.052044034e-05
9.605950206e-05
9.83388806e-05
8.744094261e-05
9.615590813e-05
9.499809372e-05
9.402968474e-05
8.980005817e-05
8.582960109e-05
8.782374728e-05
9.894232013e-05
9.18266442e-05
9.972332197e-05
9.562655262e-05
9.182994619e-05
9.072830698e-05
9.547780327e-05
9.156120566e-05
9.344788001e-05
9.233427454e-05
9.685962068e-05
9.571048767e-05
9.22030107e-05
8.851153854e-05
9.287683216e-05
9.178725151e-05
9.097663449e-05
8.99165938e-05
9.161138447e-05
8.81047288e-05
9.705744913e-05
8.125702838e-05
9.862154959e-05
0.0001043093172
9.262974059e-05
9.245735328e-05
9.809206984e-05
9.208115209e-05
8.615576221e-05
9.731839274e-05
9.707617245e-05
8.531162813e-05
9.639556759e-05
9.030160986e-05
7.311104112e-05
9.510083671e-05
9.471576152e-05
9.969761283e-05
8.821576255e-05
8.764823104e-05
8.175379708e-05
7.577304563e-05
9.688063271e-05
0.00010150237
7.433929453e-05
0.0001000933201
0.0001099095642
8.823559959e-05
9.277622708e-05
9.197025967e-05
0.000101434865
9.046620971e-05
7.480139873e-05
9.38616323e-05
9.79943371e-05
9.704862978e-05
9.140954271e-05
8.097670371e-05
8.497960257e-05
8.87903314e-05
9.260538884e-05
8.706380353e-05
9.531724639e-05
8.982112135e-05
8.449967499e-05
9.679411003e-05
9.147324651e-05
9.478949984e-05
9.382423415e-05
8.857703821e-05
9.18324257e-05
9.081419273e-05
9.802913648e-05
9.289035168e-05
9.190723173e-05
8.691278017e-05
8.989677828e-05
9.272849133e-05
9.17390661e-05
9.445419251e-05
9.344523153e-05
9.604766001e-05
9.502238169e-05
9.029264969e-05
9.647757078e-05
8.82736474e-05
9.083076941e-05
8.629818389e-05
9.221871943e-05
0.0001012410882
8.682280509e-05
9.568005643e-05
9.468543043e-05
8.06445852e-05
8.939162081e-05
8.516161489e-05
9.053739902e-05
9.25311619e-05
8.549189345e-05
9.351144161e-05
9.25802949e-05
0.0001003171718
8.764517049e-05
8.08186298e-05
9.432715481e-05
8.47230973e-05
9.78991342e-05
9.672784203e-05
9.307969664e-05
8.926502089e-05
9.111759145e-05
9.00359715e-05
9.183855669e-05
9.075387993e-05
9.250891692e-05
9.142267812e-05
9.061533273e-05
9.453382403e-05
9.124651001e-05
9.019007743e-05
9.425289086e-05
6.932823569e-05
8.084390271e-05
9.806117632e-05
0.0001094919217
0.0001035366779
9.764156209e-05
9.165891691e-05
8.004345592e-05
9.117477985e-05
8.526379688e-05
9.058398614e-05
0.0001128895618
9.550928023e-05
0.0001007707916
8.35324746e-05
7.76482529e-05
8.822044306e-05
8.781830956e-05
0.0001090684674
8.138719565e-05
8.621094721e-05
7.501541964e-05
0.0001010513567
7.929579066e-05
8.916144377e-05
9.379248545e-05
9.818299881e-05
8.21059746e-05
0.0001017428898
8.584366467e-05
0.0001050857813
9.930295976e-05
8.853796139e-05
9.269367148e-05
8.213771825e-05
9.101831892e-05
0.0001043469879
9.402019954e-05
9.30678754e-05
9.682468927e-05
8.669755728e-05
9.039701863e-05
9.839015587e-05
8.857567073e-05
7.886607383e-05
8.241802214e-05
9.010708503e-05
0.0001019313492
9.241380869e-05
9.145558042e-05
9.044317582e-05
9.356113377e-05
8.849052037e-05
9.551374868e-05
9.443048076e-05
9.342624487e-05
9.235519734e-05
9.137000985e-05
9.031256763e-05
8.934806336e-05
8.830542133e-05
9.100308989e-05
9.712816463e-05
9.253492631e-05
8.792366934e-05
8.699112088e-05
9.627188163e-05
8.845223792e-05
9.411909535e-05
9.313284544e-05
8.873093487e-05
8.780855982e-05
8.996718354e-05
7.950045305e-05
9.425287384e-05
8.707251195e-05
9.524086181e-05
8.819814836e-05
8.11264793e-05
9.816716258e-05
9.404644761e-05
9.312201057e-05
8.912730056e-05
9.965199599e-05
9.001709909e-05
9.75153276e-05
8.808988912e-05
8.998750894e-05
9.160863113e-05
9.075948932e-05
8.704382593e-05
9.40906003e-05
9.039578912e-05
9.214390505e-05
9.10609894e-05
9.025688935e-05
9.168082879e-05
9.08845305e-05
9.225881903e-05
9.147065602e-05
8.05122835e-05
0.0001034659087
8.612836571e-05
9.751795769e-05
9.73374702e-05
9.147781037e-05
7.413293578e-05
8.536953293e-05
9.075959434e-05
9.619247443e-05
9.580846381e-05
0.0001123772657
0.0001118553505
9.474201094e-05
0.0001053307723
8.281978974e-05
7.684632757e-05
0.000103816501
0.0001031519898
8.642545854e-05
8.046334532e-05
9.60200004e-05
6.883454416e-05
9.473455238e-05
9.399090534e-05
8.300482288e-05
7.717383912e-05
9.196577121e-05
7.597536256e-05
9.552636565e-05
9.466669594e-05
8.898700642e-05
0.0001077482652
9.715385432e-05
9.622014114e-05
9.063042967e-05
9.445852862e-05
9.362201987e-05
9.730935835e-05
0.0001010084739
7.724655004e-05
6.751417299e-05
8.016587827e-05
7.938666279e-05
9.162963916e-05
9.071709857e-05
8.97363597e-05
9.728277404e-05
9.621918671e-05
9.522189787e-05
9.826383069e-05
8.912945704e-05
9.213833823e-05
8.720016181e-05
9.013135419e-05
9.305020753e-05
9.198489681e-05
9.100391106e-05
9.370001302e-05
9.269955426e-05
9.528380244e-05
9.064140312e-05
8.599408117e-05
9.571339159e-05
9.107951365e-05
9.011360447e-05
9.246806318e-05
9.826987727e-05
9.040124099e-05
8.282777126e-05
9.16566365e-05
9.718270828e-05
8.961520743e-05
9.502729441e-05
8.44961681e-05
8.363470235e-05
0.0001009897026
9.694215822e-05
8.679592389e-05
9.778412073e-05
9.660710576e-05
8.696127797e-05
9.450728115e-05
9.359092208e-05
9.807181576e-05
8.880870274e-05
9.322970683e-05
9.778443423e-05
9.125006974e-05
9.306313772e-05
9.195719198e-05
9.372160225e-05
9.261309915e-05
9.178176231e-05
9.574115965e-05
9.239852807e-05
9.131845322e-05
9.541867712e-05
9.431115119e-05
9.59032207e-05
0.0001087682239
9.727211212e-05
9.71672128e-05
0.0001084939642
7.409569575e-05
9.106150389e-05
7.379609075e-05
8.498177501e-05
7.905465136e-05
0.0001013893744
9.537539316e-05
9.508915847e-05
8.351356775e-05
9.431548292e-05
8.278265173e-05
0.0001099311788
8.743184612e-05
8.159442365e-05
8.107346515e-05
0.0001021741069
9.078805815e-05
7.966282743e-05
9.488960377e-05
0.0001047976158
8.318152398e-05
9.813708031e-05
9.220528524e-05
8.647883948e-05
8.573262158e-05
0.0001051253517
9.425931679e-05
8.368218181e-05
6.827382692e-05
8.706509673e-05
0.0001053922967
9.024583248e-05
8.465360235e-05
8.390447873e-05
9.690090548e-05
0.0001005851374
8.14492721e-05
9.412612244e-05
9.313908232e-05
9.662640357e-05
9.125199754e-05
9.464577386e-05
9.362432347e-05
9.267224935e-05
7.916156516e-05
9.895755589e-05
9.378789762e-05
9.683847438e-05
8.777701485e-05
8.68489068e-05
9.367278872e-05
9.267718512e-05
9.161755388e-05
9.06407343e-05
9.706051855e-05
8.863791424e-05
8.760591856e-05
8.667127678e-05
9.636155531e-05
9.886678019e-05
8.723197306e-05
0.0001001160889
9.210539357e-05
9.113387752e-05
8.337738145e-05
8.910407271e-05
9.129882289e-05
9.680333532e-05
9.564211569e-05
9.15017226e-05
9.351925483e-05
9.565127982e-05
9.145186256e-05
9.05298531e-05
9.540263888e-05
9.150078032e-05
9.331563835e-05
8.373587451e-05
9.413999053e-05
9.040203514e-05
9.489926428e-05
8.846324323e-05
9.559812979e-05
9.469800819e-05
9.356766616e-05
9.534882015e-05
8.898091696e-05
9.335548712e-05
9.225053353e-05
9.142245501e-05
9.03461301e-05
9.452335659e-05
8.850058152e-05
9.504312608e-05
8.912122326e-05
9.313644054e-05
7.978106625e-05
7.974273896e-05
9.103653233e-05
9.094886427e-05
7.943376692e-05
9.064896939e-05
7.346229299e-05
7.895768873e-05
0.0001011830229
7.289537421e-05
0.0001005312918
0.0001057981721
9.976681535e-05
9.941588273e-05
8.790695017e-05
8.755231433e-05
8.704281104e-05
8.664715254e-05
9.685723032e-05
0.0001017220183
0.0001010217528
8.988705062e-05
7.872793331e-05
0.0001043386732
8.799494137e-05
8.742445837e-05
8.160485451e-05
8.610438833e-05
0.0001004271133
9.470401614e-05
9.385542877e-05
9.312701302e-05
9.711867665e-05
8.66948997e-05
8.58651103e-05
8.986448565e-05
9.834714103e-05
0.0001067610474
0.0001010909085
9.561236492e-05
9.012323803e-05
9.819927243e-05
8.833762756e-05
9.185397782e-05
8.654995805e-05
8.140445887e-05
9.748055604e-05
9.648972033e-05
9.543831048e-05
9.444989314e-05
8.934809414e-05
9.644798855e-05
9.537224679e-05
9.04323098e-05
8.941104732e-05
9.230714154e-05
9.125313326e-05
9.404212994e-05
9.295778178e-05
8.828705619e-05
9.453199878e-05
9.712071352e-05
0.0001030926057
9.847830541e-05
9.036579773e-05
8.940767572e-05
9.17455577e-05
9.077791333e-05
9.966295492e-05
9.861875487e-05
9.419178469e-05
9.964114319e-05
8.891945323e-05
9.428948978e-05
8.073581648e-05
9.220686692e-05
9.109766961e-05
9.919708802e-05
9.800313856e-05
9.408672505e-05
9.295447642e-05
8.62879756e-05
8.809217744e-05
8.723784501e-05
9.731197744e-05
9.638175415e-05
8.70650518e-05
9.702585079e-05
9.586726109e-05
9.234016512e-05
9.384851173e-05
9.299222125e-05
9.189079561e-05
9.106594996e-05
9.249269548e-05
8.919837421e-05
8.81535197e-05
9.467051965e-05
9.596815807e-05
8.801270161e-05
8.509330267e-05
0.0001020629834
9.628940147e-05
9.619676723e-05
7.90754316e-05
9.588016557e-05
7.875700144e-05
8.983118023e-05
8.953641978e-05
8.931452953e-05
8.896083949e-05
8.315092533e-05
9.380350957e-05
8.797538393e-05
8.751591526e-05
0.0001089539698
9.207329913e-05
8.087219793e-05
7.500119132e-05
7.462288305e-05
9.528482359e-05
7.370015726e-05
9.406106924e-05
8.310698615e-05
8.245916294e-05
9.72860037e-05
0.0001015656554
9.077629332e-05
8.499664366e-05
0.0001042242468
9.345498718e-05
9.273029079e-05
0.0001015421795
0.0001007158104
9.500359537e-05
0.0001036157715
8.860806131e-05
8.782508956e-05
9.609420092e-05
7.707878938e-05
9.423791528e-05
8.445811401e-05
9.677181729e-05
9.147678483e-05
9.05059764e-05
9.813993676e-05
0.0001013054443
9.191984766e-05
9.505260611e-05
9.81585037e-05
7.685408126e-05
9.205811259e-05
9.103287446e-05
9.398707457e-05
9.292715904e-05
9.194004124e-05
9.089160021e-05
8.992300809e-05
9.62947007e-05
9.526721188e-05
8.691741079e-05
0.0001003221964
9.20659543e-05
8.7582921e-05
8.3089032e-05
9.248418283e-05
0.0001049275629
8.707565541e-05
0.0001058944845
9.49614465e-05
9.706233412e-05
9.925518654e-05
9.806585584e-05
9.392486716e-05
9.279696789e-05
8.878905961e-05
9.377108332e-05
8.983119512e-05
7.69168579e-05
9.079498212e-05
8.680884314e-05
9.16855671e-05
9.058318334e-05
9.531114136e-05
9.970606958e-05
9.875286546e-05
9.214926286e-05
9.128145814e-05
8.753835389e-05
9.198287489e-05
9.088797711e-05
9.263177151e-05
9.153385244e-05
9.323199826e-05
9.462254087e-05
9.872336857e-05
8.780916931e-05
8.946488368e-05
8.842261807e-05
9.477612231e-05
8.471036932e-05
8.466979839e-05
9.021780394e-05
0.0001013974836
0.0001012118333
0.0001179084547
0.0001064053717
8.383935199e-05
8.913598875e-05
9.44724819e-05
7.749358859e-05
8.829899887e-05
8.789321861e-05
9.305863451e-05
8.168282232e-05
9.220107376e-05
9.166722524e-05
6.978041069e-05
0.0001013404336
0.0001008297378
8.959802672e-05
7.861983933e-05
8.844930396e-05
8.274619382e-05
0.0001026283336
0.0001070623958
9.101612644e-05
9.038660895e-05
9.956867411e-05
8.401194601e-05
9.305794811e-05
0.0001020566116
9.629847666e-05
9.551541153e-05
7.095366564e-05
7.504116173e-05
8.823848485e-05
9.666558883e-05
9.113891871e-05
9.933615471e-05
8.491159392e-05
9.739127685e-05
9.199481162e-05
9.1102677e-05
9.442978441e-05
9.349130073e-05
9.66914193e-05
9.570949209e-05
9.467000677e-05
9.369030568e-05
9.669016817e-05
9.567638875e-05
8.67280727e-05
9.361300135e-05
9.255877794e-05
9.157584926e-05
9.053292055e-05
9.330040685e-05
9.222721708e-05
9.48930748e-05
9.379196594e-05
8.565403797e-05
9.523406582e-05
0.0001012001016
8.621459658e-05
8.530069343e-05
9.103425537e-05
9.341034635e-05
9.889219539e-05
8.807054698e-05
9.024195022e-05
8.611450403e-05
9.453687769e-05
9.044428525e-05
8.627732607e-05
8.844746335e-05
8.738420282e-05
8.948589447e-05
9.135629543e-05
8.752853275e-05
8.647544535e-05
9.133335391e-05
9.305505043e-05
8.656741065e-05
8.552795726e-05
9.290797973e-05
9.179465849e-05
8.825570095e-05
8.455855069e-05
8.639243385e-05
9.31238498e-05
9.227410528e-05
9.371244024e-05
9.036121654e-05
9.177504747e-05
9.096489451e-05
8.746749869e-05
9.393400319e-05
9.283834751e-05
9.440628706e-05
0.0001068190983
9.552927752e-05
0.0001010406796
9.533568414e-05
0.0001063570779
8.384389871e-05
0.0001003552274
9.459405148e-05
9.428531866e-05
8.298710458e-05
9.368156634e-05
0.0001098839822
0.0001039113023
7.629760849e-05
8.674419e-05
9.179488394e-05
9.126471747e-05
8.016264548e-05
7.965587613e-05
9.510578723e-05
8.396070793e-05
9.393386317e-05
8.806649615e-05
8.75378031e-05
9.196789507e-05
9.137326908e-05
0.0001158005625
9.500027017e-05
8.923044102e-05
9.841757976e-05
0.0001072954686
9.194690092e-05
0.000105482905
9.511439938e-05
8.949903665e-05
8.87395403e-05
8.787197853e-05
8.709662866e-05
8.168641471e-05
8.993335594e-05
0.0001023659726
7.935729123e-05
8.7256772e-05
9.505216983e-05
9.404691412e-05
0.0001015775015
9.630162286e-05
9.532409069e-05
8.609130335e-05
9.331507518e-05
8.82792136e-05
9.52952001e-05
9.031051858e-05
9.324189397e-05
9.219330596e-05
9.121453115e-05
9.017706063e-05
9.293391563e-05
8.81915751e-05
9.088640853e-05
8.983295916e-05
9.243026428e-05
8.783710784e-05
9.037877153e-05
8.931595321e-05
9.516691644e-05
9.068272428e-05
9.30497162e-05
9.194385107e-05
8.123272765e-05
9.310561434e-05
9.849217422e-05
8.789584509e-05
9.941761823e-05
8.594670231e-05
9.418493271e-05
9.305307528e-05
9.211467952e-05
8.219962292e-05
9.009998904e-05
0.0001005020318
9.098383645e-05
8.146270453e-05
9.458146648e-05
9.344564158e-05
9.527423246e-05
9.14427728e-05
9.058146838e-05
9.476317857e-05
9.127652549e-05
9.276569936e-05
9.191919044e-05
9.587423338e-05
9.001292437e-05
9.389120466e-05
9.551143268e-05
9.196894761e-05
9.596925719e-05
9.247730612e-05
9.403932693e-05
0.0001007457
7.272604044e-05
0.0001005903794
8.93279037e-05
7.244673852e-05
9.460026558e-05
9.435884299e-05
7.755500597e-05
8.282416542e-05
9.36353473e-05
9.326746859e-05
0.000103928616
9.800855774e-05
9.223918144e-05
9.176112189e-05
8.064022706e-05
8.552068616e-05
7.44916834e-05
9.517102928e-05
9.469229204e-05
9.404666913e-05
8.313552562e-05
9.284504573e-05
8.203392611e-05
8.139884298e-05
0.0001010912752
7.520020759e-05
7.965972603e-05
8.885230759e-05
8.82010174e-05
8.741738417e-05
9.15601487e-05
9.071741366e-05
8.998090336e-05
9.850829937e-05
0.0001023240742
8.750850424e-05
0.0001049973135
9.942849495e-05
9.852059012e-05
8.865015052e-05
9.220572072e-05
9.559257469e-05
9.896962067e-05
8.940953895e-05
8.430652046e-05
9.17447411e-05
9.49417807e-05
8.574754181e-05
8.890184533e-05
8.792858069e-05
8.700728375e-05
9.38646497e-05
9.287371732e-05
9.18307088e-05
9.464172192e-05
9.356665348e-05
8.886748066e-05
9.1508046e-05
9.415354788e-05
9.306342962e-05
9.915388165e-05
9.449695085e-05
8.656648423e-05
9.581535916e-05
0.000101571331
9.033389763e-05
8.607101278e-05
9.159104823e-05
9.710527508e-05
9.59473479e-05
9.495004877e-05
8.443272158e-05
9.903757381e-05
9.173421733e-05
9.07987199e-05
8.970791506e-05
9.768351581e-05
9.358433069e-05
9.265183708e-05
9.439790127e-05
9.913420111e-05
9.234554405e-05
9.699200278e-05
9.582708415e-05
8.948722503e-05
8.841435186e-05
9.023548402e-05
8.915629296e-05
8.832947754e-05
9.241029323e-05
9.156699537e-05
9.047946952e-05
9.215806535e-05
9.35297596e-05
9.27042169e-05
8.920296353e-05
9.559882887e-05
8.739500752e-05
8.899144811e-05
0.0001002983675
9.468107219e-05
0.0001057076348
9.448987986e-05
9.431824299e-05
8.310105185e-05
7.18375979e-05
8.82423862e-05
9.895038882e-05
9.322231894e-05
8.193266081e-05
0.0001034715055
9.757863429e-05
8.643279353e-05
9.136007836e-05
9.099314728e-05
0.0001011137686
8.476313131e-05
8.949424542e-05
9.952028664e-05
9.364107075e-05
8.277739627e-05
9.244666159e-05
9.699781541e-05
9.118286646e-05
0.0001006604004
8.985724993e-05
8.923737463e-05
9.339277468e-05
9.758819063e-05
9.188681778e-05
9.597540673e-05
9.984851884e-05
8.489015337e-05
9.342859373e-05
8.33732472e-05
9.632150079e-05
8.638015273e-05
9.001945427e-05
8.473810796e-05
0.0001015327783
8.308519551e-05
9.520585466e-05
9.856977546e-05
8.904993953e-05
9.656304562e-05
9.137784459e-05
9.045111093e-05
9.760744528e-05
9.659849671e-05
9.156166399e-05
9.060261873e-05
9.349516841e-05
9.250843682e-05
9.528224235e-05
9.427123082e-05
8.947366806e-05
9.589788363e-05
8.750654409e-05
9.378809015e-05
9.270338927e-05
8.818791699e-05
9.413265583e-05
9.658084186e-05
9.203833182e-05
8.76903126e-05
9.332062376e-05
9.233674562e-05
8.472373238e-05
9.350966464e-05
9.239531143e-05
8.828201611e-05
9.657212182e-05
9.866042393e-05
8.224682035e-05
9.648360298e-05
9.234597931e-05
8.846573849e-05
9.322895483e-05
9.806867303e-05
8.834012372e-05
9.311441476e-05
9.478255493e-05
9.386287908e-05
9.273540274e-05
8.91470653e-05
9.341606374e-05
8.724824639e-05
9.404114423e-05
9.058094173e-05
9.205759999e-05
9.121748891e-05
9.514079622e-05
8.932433323e-05
9.317108672e-05
9.963945067e-05
9.60647292e-05
8.570812423e-05
9.882231984e-05
9.564674645e-05
0.0001054024895
9.426259297e-05
9.970171368e-05
8.853889954e-05
8.837849157e-05
9.376581517e-05
7.152124454e-05
7.687218904e-05
9.851563335e-05
9.281291834e-05
8.701191474e-05
9.759637757e-05
8.63577477e-05
9.143403423e-05
9.09625251e-05
7.993897755e-05
9.537684055e-05
0.0001054951452
8.910810218e-05
0.0001043066614
9.323895582e-05
9.272513156e-05
8.693769934e-05
0.0001016672699
8.575117002e-05
9.522152382e-05
9.94194312e-05
0.0001036708906
9.30003286e-05
8.746084456e-05
9.631890962e-05
9.557507736e-05
0.0001041688423
9.393131497e-05
8.839082084e-05
8.302965291e-05
9.13584237e-05
9.055401796e-05
8.068714726e-05
9.3276567e-05
9.232809482e-05
0.0001001697355
9.051214866e-05
9.817314807e-05
8.869322109e-05
9.617670902e-05
9.515086504e-05
9.418628733e-05
8.506818929e-05
9.621621205e-05
9.516611454e-05
9.416964342e-05
9.312858451e-05
9.214601841e-05
9.111400428e-05
9.014748395e-05
9.283965698e-05
8.817745538e-05
9.443200423e-05
8.983217163e-05
9.589789799e-05
8.784821983e-05
9.029815294e-05
8.590186596e-05
9.168599993e-05
9.407432104e-05
8.632407699e-05
9.526949698e-05
0.0001006320929
8.351704643e-05
9.204420871e-05
9.108750405e-05
8.068871158e-05
9.828613563e-05
0.0001001430517
9.912171794e-05
9.496407319e-05
9.106853033e-05
8.707150103e-05
9.769759874e-05
8.800597817e-05
8.71401789e-05
9.442395021e-05
9.900811536e-05
9.238431665e-05
9.150067824e-05
9.306203397e-05
9.218524855e-05
9.368423747e-05
9.28153135e-05
9.170758869e-05
9.087064041e-05
9.727243469e-05
9.392752743e-05
8.793014613e-05
8.715412126e-05
8.851941454e-05
9.012316105e-05
9.375470401e-05
8.830759759e-05
7.732317859e-05
9.384779674e-05
8.271936925e-05
9.916830139e-05
8.249091774e-05
8.237125246e-05
0.0001205052796
8.200207457e-05
7.628808563e-05
9.784280955e-05
7.580329069e-05
0.0001025692426
8.59822261e-05
9.639180928e-05
9.589597068e-05
6.898051902e-05
0.0001055169697
8.403226564e-05
8.350614289e-05
9.866605205e-05
9.284027967e-05
9.7458499e-05
9.166006248e-05
0.0001012352789
0.000100456807
8.982861893e-05
8.910092267e-05
7.865539345e-05
9.748543887e-05
0.00010644993
9.112230423e-05
9.993697747e-05
9.430733353e-05
0.0001028978136
8.802748934e-05
9.647035885e-05
9.098515997e-05
8.116613847e-05
8.482388388e-05
9.732204741e-05
9.633420999e-05
8.675298899e-05
9.014892039e-05
9.352840851e-05
8.413271349e-05
9.579345146e-05
9.065278526e-05
8.973420416e-05
9.683718153e-05
9.58369412e-05
9.084288792e-05
9.380034324e-05
9.276486404e-05
9.178642861e-05
9.075983092e-05
9.728043844e-05
0.0001035780243
8.783644556e-05
9.045007611e-05
8.59067264e-05
9.199160185e-05
9.451202001e-05
8.995270815e-05
9.24192387e-05
8.118787136e-05
8.367471106e-05
8.599580489e-05
8.836195296e-05
9.378258209e-05
8.960028356e-05
8.853384136e-05
9.38717517e-05
9.275050664e-05
9.791467648e-05
9.371871775e-05
8.977051489e-05
9.756242262e-05
9.657830515e-05
9.541768406e-05
9.160406778e-05
9.615896551e-05
8.961211417e-05
8.300121951e-05
9.589498507e-05
9.203587888e-05
9.383653302e-05
8.741292448e-05
9.446104537e-05
9.333002955e-05
9.246433305e-05
9.136022885e-05
9.052641965e-05
9.19337982e-05
9.849577493e-05
9.002872218e-05
9.164595908e-05
9.056483873e-05
8.977927986e-05
9.339568379e-05
9.259957737e-05
0.0001264743064
0.000109925453
0.0001043190907
7.679324745e-05
9.308087349e-05
9.294595709e-05
0.0001090720364
9.25301386e-05
8.680665211e-05
7.57686678e-05
9.7038053e-05
8.062419969e-05
8.560995623e-05
9.597475217e-05
0.000100786851
9.509978287e-05
9.455724158e-05
8.890101008e-05
9.87393417e-05
9.307365206e-05
7.703749863e-05
8.172128492e-05
8.113045453e-05
9.57665962e-05
0.0001000334826
9.442005885e-05
7.393959461e-05
7.832622011e-05
8.251732768e-05
8.673299123e-05
9.074479834e-05
0.0001042627902
9.391894511e-05
7.452704679e-05
7.843901336e-05
0.0001052261384
9.514568062e-05
8.53272715e-05
8.892715702e-05
9.692898734e-05
8.286322231e-05
9.936538165e-05
8.978859576e-05
9.315507118e-05
9.636812692e-05
8.711643314e-05
9.029455342e-05
9.344272262e-05
9.2437566e-05
9.546064869e-05
9.048771523e-05
9.343392828e-05
9.24039736e-05
9.142963441e-05
9.040840034e-05
8.944988131e-05
9.580882547e-05
9.11438158e-05
9.731106173e-05
9.983996973e-05
8.459057663e-05
9.066368118e-05
8.960989636e-05
8.52473752e-05
9.43593438e-05
9.002547892e-05
9.226002158e-05
8.802727368e-05
8.698484197e-05
9.244962896e-05
8.819994983e-05
0.0001028695155
8.624121632e-05
0.0001005943275
9.035451264e-05
9.539513096e-05
8.835992656e-05
9.329981896e-05
0.000100820605
9.696381135e-05
8.452762602e-05
9.485534848e-05
9.647113843e-05
8.188697685e-05
9.169005958e-05
9.348386239e-05
9.236196411e-05
9.410567213e-05
9.039575414e-05
9.211599706e-05
9.354369854e-05
9.268993013e-05
9.158614114e-05
8.831097616e-05
9.453536968e-05
8.889596166e-05
8.784626175e-05
9.17916449e-05
8.606144751e-05
8.302185185e-05
9.307317693e-05
8.755676275e-05
8.199814247e-05
9.284250946e-05
8.177258851e-05
8.165415977e-05
8.687838044e-05
8.128951472e-05
9.183210244e-05
9.160601135e-05
9.661839372e-05
9.097914961e-05
8.524089603e-05
8.494336753e-05
7.394500009e-05
8.943096687e-05
8.369129046e-05
9.372813291e-05
6.727072544e-05
9.782635733e-05
9.205306872e-05
9.154711243e-05
8.078821002e-05
9.034399553e-05
8.467165437e-05
7.917841222e-05
9.326595564e-05
8.774976429e-05
8.700871566e-05
8.637358866e-05
9.037040746e-05
8.495449169e-05
9.821042973e-05
9.277730065e-05
9.650021039e-05
0.0001002413556
9.476009406e-05
7.603651896e-05
9.742581734e-05
9.215094902e-05
8.687515458e-05
9.036211392e-05
9.368976582e-05
9.27847025e-05
0.000100160011
9.503602743e-05
9.811542727e-05
8.902857229e-05
9.607897958e-05
9.508729955e-05
9.405423547e-05
9.307036486e-05
9.204588028e-05
9.107560335e-05
9.381216752e-05
9.281782621e-05
8.809929656e-05
9.079403952e-05
8.616791971e-05
9.235419599e-05
9.480184081e-05
9.031843706e-05
9.613658662e-05
9.171776403e-05
9.400222807e-05
8.968486696e-05
0.0001050420852
8.769512009e-05
9.628594532e-05
9.527752177e-05
8.473040415e-05
9.627193739e-05
9.512321003e-05
8.806948218e-05
9.301658179e-05
9.800767357e-05
8.216061987e-05
8.133175951e-05
8.609441022e-05
9.375982876e-05
8.701853817e-05
9.450050059e-05
8.787222065e-05
9.2457971e-05
9.403350079e-05
9.313383274e-05
8.412879008e-05
9.114871381e-05
9.262958869e-05
9.431945008e-05
9.319204799e-05
9.23414579e-05
9.124110357e-05
9.286596291e-05
9.176348875e-05
9.334729563e-05
9.697443011e-05
9.378876917e-05
9.036868381e-05
9.189610901e-05
9.266888781e-05
9.807355698e-05
9.797066985e-05
7.612673203e-05
9.770171395e-05
7.588025685e-05
0.0001027216168
8.633371581e-05
0.0001075712835
9.121065411e-05
8.551319875e-05
8.525892296e-05
9.54843797e-05
9.515137193e-05
9.992470969e-05
8.381060433e-05
9.375160866e-05
9.851416558e-05
8.759628592e-05
9.22849076e-05
0.000101849387
8.609655942e-05
9.050494597e-05
8.496689684e-05
9.423757533e-05
0.0001084159686
9.287834033e-05
9.224033358e-05
9.146298107e-05
0.0001003533444
0.0001042094763
9.400660858e-05
7.91789339e-05
9.701885005e-05
9.153178768e-05
9.529699271e-05
8.988344774e-05
9.354891572e-05
8.380288893e-05
9.178175592e-05
9.950794857e-05
9.857384269e-05
8.059304124e-05
9.661805207e-05
9.976511506e-05
9.877751932e-05
9.365863125e-05
9.271080628e-05
9.171663386e-05
9.077032359e-05
9.368936036e-05
8.884671899e-05
9.169055168e-05
9.072430345e-05
8.971364109e-05
8.876299251e-05
9.507579867e-05
9.04469376e-05
8.941629006e-05
8.846398759e-05
0.0001084334476
9.343642049e-05
9.577297936e-05
8.460278224e-05
0.0001003369342
9.265596428e-05
9.483646902e-05
9.383697955e-05
9.272730271e-05
0.0001044122165
9.066608214e-05
8.044198145e-05
9.782477421e-05
9.984248662e-05
8.370143362e-05
9.172418047e-05
9.939447869e-05
9.260395039e-05
9.435092511e-05
9.907158106e-05
8.669429726e-05
9.691736532e-05
9.3016262e-05
9.482250523e-05
9.635946268e-05
9.278641454e-05
9.429155828e-05
9.340288747e-05
8.971987123e-05
9.142713981e-05
9.284303138e-05
9.199559604e-05
9.335537643e-05
8.764808248e-05
9.141820973e-05
9.061158949e-05
9.896479273e-05
8.642733001e-05
8.540981353e-05
9.383707698e-05
0.0001031231659
9.764945577e-05
8.670867592e-05
8.662605059e-05
9.18755499e-05
9.713933377e-05
9.151279333e-05
0.0001128249245
0.0001071088104
8.547641865e-05
9.578987115e-05
0.0001061169616
7.923022503e-05
8.948134837e-05
0.000109972741
9.388569201e-05
7.779493199e-05
8.777068593e-05
0.000107750152
8.679022025e-05
9.635015621e-05
9.077825562e-05
9.513336928e-05
9.456624161e-05
8.396695155e-05
8.833532473e-05
8.762583179e-05
9.669378279e-05
8.629252402e-05
9.042273722e-05
8.491340625e-05
8.426025201e-05
9.277273975e-05
8.742240387e-05
9.116163133e-05
9.039255999e-05
7.609379819e-05
0.0001020470636
9.664715487e-05
8.27092703e-05
9.480339041e-05
8.110751678e-05
8.872469968e-05
8.368430052e-05
9.523276578e-05
9.42904871e-05
9.32928575e-05
8.833395142e-05
9.136036838e-05
9.434929435e-05
9.332730532e-05
9.235166049e-05
9.133795591e-05
9.037570323e-05
9.309401081e-05
9.579211304e-05
9.107064951e-05
9.010247949e-05
9.62030802e-05
9.517870307e-05
9.408494997e-05
8.274071748e-05
8.859696133e-05
9.776958793e-05
8.663204179e-05
9.560474811e-05
0.0001009971766
9.026191637e-05
9.875189043e-05
8.826117252e-05
9.34427323e-05
9.555393662e-05
8.527800735e-05
9.042796812e-05
8.934666614e-05
8.548741799e-05
9.320023912e-05
8.649365081e-05
9.115211605e-05
9.306346259e-05
9.19448807e-05
9.103992485e-05
9.539648767e-05
9.177117096e-05
9.066802061e-05
9.508276662e-05
8.872191958e-05
9.305541681e-05
9.193958312e-05
9.614692478e-05
8.999671062e-05
9.165231535e-05
8.811123507e-05
9.217148438e-05
8.628207095e-05
9.264754698e-05
8.920295877e-05
9.773798273e-05
8.968701731e-05
9.12032484e-05
8.646659356e-05
9.182739518e-05
0.0001079194389
9.164419123e-05
8.071824921e-05
0.000102095397
0.0001072001997
9.62923146e-05
0.000101317782
9.574950688e-05
8.478303616e-05
0.0001003809586
9.467163414e-05
8.385955493e-05
8.864801481e-05
7.790654551e-05
9.295958783e-05
9.2541464e-05
7.664069398e-05
9.659327571e-05
9.089696886e-05
9.039864989e-05
7.977858487e-05
9.912924469e-05
7.870021714e-05
8.796972665e-05
8.726465903e-05
8.185141404e-05
0.0001098107291
9.005264589e-05
7.517098435e-05
9.790359811e-05
9.239686322e-05
9.1651298e-05
7.717528825e-05
0.0001035333811
9.808004446e-05
9.28008986e-05
0.0001006380395
9.538799178e-05
9.872045077e-05
9.354286631e-05
9.679237669e-05
9.169105845e-05
9.898459181e-05
8.98385173e-05
8.484906617e-05
9.598984351e-05
9.100685997e-05
9.006854728e-05
9.296803776e-05
9.199645477e-05
9.098806157e-05
9.002977168e-05
0.0001001581632
9.175684646e-05
8.709591081e-05
9.33510605e-05
9.228973355e-05
9.481903847e-05
8.6787551e-05
9.273285275e-05
9.16591702e-05
9.740272249e-05
8.298831914e-05
8.8678322e-05
9.412864178e-05
8.992514304e-05
8.886319323e-05
9.421352755e-05
9.61987503e-05
8.905707055e-05
8.496170123e-05
8.708946139e-05
8.901569518e-05
8.810762974e-05
9.285530583e-05
8.904593559e-05
8.51390053e-05
8.990947312e-05
9.438072148e-05
9.070313001e-05
8.961251036e-05
9.143158306e-05
8.76755506e-05
9.473070489e-05
9.099295418e-05
9.271052184e-05
9.159842096e-05
9.326930075e-05
9.215278255e-05
9.131158703e-05
9.022141508e-05
9.182812574e-05
9.551093533e-05
9.703500702e-05
8.886886463e-05
9.273526443e-05
9.164105232e-05
9.313223933e-05
0.0001022388022
9.143370921e-05
8.059277234e-05
8.588385549e-05
9.644738253e-05
9.630814778e-05
8.539378902e-05
9.588109354e-05
9.557612298e-05
7.415453812e-05
8.969902408e-05
9.995445889e-05
9.427042782e-05
8.350440409e-05
9.865880311e-05
0.0001086089371
8.228317743e-05
9.215255702e-05
9.667162654e-05
0.0001063142988
0.0001056043665
0.000100024673
7.944762765e-05
9.378258384e-05
9.307080936e-05
9.24742058e-05
8.20783152e-05
9.590104267e-05
8.083313608e-05
8.96855717e-05
8.422411762e-05
9.750681136e-05
0.0001058276232
9.128201303e-05
9.947325091e-05
8.518498615e-05
0.0001021293115
9.243135803e-05
9.152262039e-05
9.069171541e-05
8.978080476e-05
8.046904794e-05
8.802933252e-05
9.548368162e-05
9.038231786e-05
8.948887676e-05
9.256981452e-05
8.765008582e-05
9.459764528e-05
9.362265675e-05
8.875271207e-05
9.164397097e-05
9.064083772e-05
9.342341489e-05
8.869129529e-05
9.506489847e-05
8.676650872e-05
9.657508476e-05
9.547833742e-05
0.0001014592731
9.337882001e-05
9.580669501e-05
8.793429842e-05
9.034628274e-05
9.590755e-05
9.161995008e-05
9.377867566e-05
9.279054748e-05
9.801933607e-05
9.699292823e-05
9.275096742e-05
9.178699968e-05
9.674026615e-05
8.377562998e-05
8.277468942e-05
9.070849871e-05
9.540394495e-05
9.157939498e-05
9.048024721e-05
9.237736416e-05
9.126726131e-05
9.858416495e-05
8.928221384e-05
9.645299906e-05
8.735219002e-05
9.175953956e-05
9.324722002e-05
9.236817402e-05
9.125978135e-05
9.292442834e-05
9.181149266e-05
9.343212279e-05
8.74571983e-05
8.667219389e-05
9.753445638e-05
9.667401686e-05
9.086719173e-05
9.007960261e-05
9.358045806e-05
9.73098142e-05
8.572823935e-05
8.568789127e-05
9.094878142e-05
9.620719519e-05
8.536568774e-05
0.0001012255254
9.565935214e-05
7.956114153e-05
9.517045201e-05
0.0001107598949
8.931931444e-05
8.905456094e-05
7.822717307e-05
8.834926428e-05
8.790246543e-05
8.240196422e-05
9.218083701e-05
9.686506654e-05
8.613491306e-05
9.578834711e-05
9.51501364e-05
0.0001045903644
0.0001038442191
9.831116359e-05
9.756661196e-05
9.209461993e-05
0.0001009763679
9.550952714e-05
9.944675275e-05
7.991921707e-05
9.786426164e-05
8.786434901e-05
9.16541741e-05
9.091569199e-05
0.000108082692
8.931066337e-05
9.287810894e-05
9.644878453e-05
9.550222227e-05
9.033409958e-05
9.794531949e-05
9.280939477e-05
0.0001002122518
9.511145434e-05
9.003150453e-05
9.724576057e-05
8.820324138e-05
9.524957288e-05
9.42344215e-05
9.326351903e-05
9.225773736e-05
9.509810203e-05
9.782094174e-05
9.306853436e-05
9.940013064e-05
9.470541607e-05
9.004123841e-05
8.552128257e-05
9.159708088e-05
8.365138025e-05
8.613862493e-05
9.544868297e-05
8.760667042e-05
8.667610114e-05
8.23718241e-05
9.779972286e-05
9.987484031e-05
9.244690397e-05
9.765711946e-05
9.975178953e-05
9.548920877e-05
9.449679413e-05
8.433607646e-05
9.539105343e-05
9.130642387e-05
9.329023829e-05
9.217304254e-05
8.839155551e-05
8.733088793e-05
9.482712781e-05
9.093218333e-05
9.003696109e-05
9.704110168e-05
9.609870865e-05
9.23058244e-05
9.403434538e-05
9.290422912e-05
9.202834525e-05
9.092363643e-05
9.258209694e-05
9.14727214e-05
9.308734136e-05
9.681534174e-05
9.354768479e-05
9.006269203e-05
9.396653918e-05
9.052939482e-05
9.204597882e-05
9.55053982e-05
8.567416162e-05
0.0001067047136
9.065637811e-05
9.056239864e-05
8.515427032e-05
8.500346899e-05
8.488094705e-05
8.467035882e-05
7.394263259e-05
9.476821021e-05
9.453597422e-05
0.0001046385953
9.389580689e-05
8.828490153e-05
9.315343253e-05
7.723621211e-05
8.718574511e-05
8.669653773e-05
9.138446766e-05
8.5777157e-05
8.534974604e-05
9.974394209e-05
8.431872064e-05
8.864311857e-05
0.000102802524
9.230888493e-05
8.206359677e-05
0.0001053540725
9.036513557e-05
8.961132432e-05
9.364245091e-05
7.426304848e-05
9.672280896e-05
9.128728893e-05
8.602468437e-05
9.419599115e-05
8.895576344e-05
8.810537806e-05
6.986745628e-05
8.647871142e-05
8.997929297e-05
8.90786223e-05
0.0001008512242
9.566333078e-05
9.886134044e-05
9.375992235e-05
9.68702151e-05
8.786407144e-05
9.488370283e-05
8.213972932e-05
8.903599585e-05
9.190664183e-05
9.0947045e-05
9.370237516e-05
9.642499333e-05
9.535779349e-05
9.797743607e-05
8.970325346e-05
9.585052926e-05
8.774484504e-05
9.375617121e-05
9.268321044e-05
9.509333661e-05
8.728147473e-05
8.303315653e-05
8.863235857e-05
8.769411946e-05
9.308649275e-05
9.210579639e-05
9.102030746e-05
9.627880262e-05
8.28624327e-05
9.111250857e-05
8.402670655e-05
8.613101153e-05
9.684106629e-05
9.875769691e-05
8.89657926e-05
9.943156655e-05
9.262502948e-05
9.448013556e-05
9.334499786e-05
8.970753271e-05
8.862887184e-05
9.574701147e-05
8.934022576e-05
9.368999073e-05
9.256375221e-05
9.169100782e-05
9.56227342e-05
9.473531312e-05
9.359958803e-05
8.786377438e-05
9.163573293e-05
9.081322919e-05
9.209138804e-05
8.893856881e-05
9.250676935e-05
8.711990607e-05
9.741603399e-05
9.658703531e-05
7.437708973e-05
8.496249223e-05
9.548394878e-05
0.0001006930014
0.0001005151195
7.39571011e-05
8.431322085e-05
9.466823749e-05
9.436935428e-05
8.367846248e-05
8.85694584e-05
9.350188252e-05
0.000103429951
7.730322579e-05
8.2041743e-05
0.0001072512694
9.649363798e-05
9.100520455e-05
9.547204995e-05
9.499672285e-05
7.94666047e-05
9.879050275e-05
9.318434691e-05
9.750647469e-05
9.67711387e-05
8.172948701e-05
9.06186617e-05
9.947280901e-05
9.864468541e-05
9.792862303e-05
8.783374335e-05
9.174811109e-05
9.546949575e-05
8.56822101e-05
7.148389372e-05
9.303385657e-05
8.337026391e-05
9.134018634e-05
9.47538863e-05
9.816319239e-05
0.0001014075816
9.208733606e-05
8.700648121e-05
9.437563882e-05
9.339880238e-05
8.84560958e-05
9.150602266e-05
9.058227306e-05
9.351627813e-05
9.255344661e-05
9.537313377e-05
9.06025419e-05
9.334884052e-05
9.975614471e-05
9.49996532e-05
9.037937135e-05
9.294250825e-05
9.90290656e-05
9.441146882e-05
8.648810888e-05
8.891930436e-05
9.135703248e-05
9.69923787e-05
9.265333796e-05
9.484672838e-05
0.0001003147242
9.274421898e-05
8.227403849e-05
9.381354044e-05
9.592566875e-05
0.000100905545
9.077896675e-05
9.567954064e-05
9.173455771e-05
9.648757135e-05
8.682103e-05
9.150073211e-05
9.340780198e-05
9.508398755e-05
8.859828092e-05
9.300478977e-05
9.479750655e-05
9.098170602e-05
9.274793807e-05
9.163240001e-05
9.075514481e-05
9.222576176e-05
9.135613443e-05
9.276590786e-05
8.942102819e-05
9.080262403e-05
8.754191659e-05
9.610460915e-05
9.28609472e-05
9.645778319e-05
9.094322867e-05
9.21654153e-05
9.36510359e-05
9.705542146e-05
9.622965736e-05
7.935379927e-05
0.0001004677001
8.979939906e-05
0.0001055462205
8.428817556e-05
7.890644231e-05
9.44539684e-05
9.427074224e-05
8.875307266e-05
7.811991546e-05
9.857561229e-05
8.276555523e-05
9.784898769e-05
8.211338137e-05
9.191367722e-05
9.663420371e-05
9.609447552e-05
9.062907647e-05
9.507877951e-05
8.464729224e-05
8.408704705e-05
0.0001033051456
9.280408656e-05
0.0001019645025
0.0001011971589
9.576245503e-05
9.975297906e-05
9.435392882e-05
7.485598776e-05
7.895759186e-05
9.669167203e-05
9.595131351e-05
9.961848634e-05
8.983415987e-05
9.345217824e-05
7.942892274e-05
8.304300817e-05
9.531464917e-05
9.4384099e-05
9.352930826e-05
9.680517999e-05
9.590007195e-05
9.49251538e-05
9.809946158e-05
9.304045348e-05
8.81171126e-05
9.51201787e-05
9.023698354e-05
9.316129549e-05
9.220244968e-05
9.121240697e-05
9.026063887e-05
9.299796358e-05
8.833909171e-05
0.0001019245156
9.364309822e-05
9.259623251e-05
8.8089597e-05
8.709363385e-05
8.616734516e-05
8.859055871e-05
9.776161285e-05
8.997051398e-05
0.0001022026525
9.123975431e-05
9.99463333e-05
8.603173212e-05
9.773666913e-05
9.035497799e-05
8.632591112e-05
9.444430707e-05
9.949264387e-05
9.533111576e-05
9.729729068e-05
9.322341598e-05
9.803926051e-05
8.547022632e-05
9.588857915e-05
9.75250843e-05
9.655235264e-05
9.266705253e-05
9.17545176e-05
9.331744791e-05
9.505128374e-05
8.869080606e-05
9.300879261e-05
9.189023063e-05
9.355213425e-05
9.242794978e-05
9.1570071e-05
9.047124358e-05
8.722240821e-05
9.096548464e-05
9.014900341e-05
9.141614754e-05
8.828653216e-05
9.412223548e-05
9.785837992e-05
9.66974689e-05
9.810456346e-05
8.95567707e-05
0.0001053115899
8.942270032e-05
0.0001051035525
9.96728413e-05
8.90527158e-05
8.883340192e-05
8.344584093e-05
8.318367151e-05
9.33528173e-05
7.749890114e-05
0.000103026519
9.23143457e-05
9.710524375e-05
9.661876172e-05
9.116987921e-05
9.066183335e-05
8.022759528e-05
9.967235339e-05
8.430038361e-05
0.000108374141
9.798450453e-05
8.269776791e-05
9.18791092e-05
9.118910515e-05
0.0001096820797
8.988967303e-05
8.927617268e-05
8.853588549e-05
8.326818225e-05
7.796283244e-05
8.646824249e-05
8.569384531e-05
8.500537752e-05
9.308465957e-05
9.669856653e-05
8.70719069e-05
9.062693958e-05
8.974367827e-05
8.046174408e-05
8.385305157e-05
9.552989979e-05
9.044900264e-05
8.957933309e-05
8.865506804e-05
9.576078284e-05
9.475858227e-05
9.380276498e-05
9.280899765e-05
9.185410492e-05
9.465542477e-05
9.741474881e-05
8.894372592e-05
8.800854708e-05
9.791797461e-05
9.329426859e-05
9.225252743e-05
9.127334098e-05
9.024250524e-05
9.271686809e-05
8.826423493e-05
9.068431877e-05
8.964022183e-05
9.52580743e-05
8.441254666e-05
9.636835956e-05
9.206716743e-05
9.423870166e-05
9.002594748e-05
9.215527337e-05
9.713658818e-05
0.0001021350434
8.6080355e-05
9.106883703e-05
8.998291792e-05
8.906477605e-05
9.083815833e-05
8.430119114e-05
8.884312325e-05
9.345422995e-05
9.504739931e-05
9.680024109e-05
8.766659282e-05
8.94456867e-05
9.096873049e-05
9.267189472e-05
9.155713207e-05
9.069367258e-05
8.96034602e-05
9.123762787e-05
9.014227306e-05
9.656135958e-05
8.824891799e-05
8.982052095e-05
8.87467853e-05
9.490861905e-05
9.377746473e-05
9.29651398e-05
8.962060184e-05
8.885839729e-05
8.918239202e-05
8.389713342e-05
9.428733402e-05
0.0001046645822
0.0001097050761
8.346471086e-05
8.846338647e-05
9.34856824e-05
9.837005062e-05
8.780026409e-05
0.0001029035151
9.746967768e-05
9.704020961e-05
0.0001017938816
8.102807223e-05
0.000100882977
0.0001103542886
9.487974176e-05
9.430187902e-05
9.87721257e-05
9.321517911e-05
0.000107345059
9.689768519e-05
9.632384104e-05
9.560195596e-05
7.599367916e-05
9.895372352e-05
8.891899405e-05
8.818311924e-05
9.215207346e-05
8.678967722e-05
8.159316696e-05
9.434109058e-05
9.804005356e-05
9.272002025e-05
0.0001006985174
8.673278333e-05
8.597569246e-05
8.088223669e-05
9.702441244e-05
9.18832104e-05
9.102507111e-05
8.600712679e-05
8.923679949e-05
9.634637452e-05
9.142173951e-05
9.439972462e-05
9.344790468e-05
9.245935426e-05
9.150838237e-05
9.807263003e-05
9.331720435e-05
9.230406386e-05
8.768046687e-05
0.000104780562
9.294802816e-05
8.837631201e-05
9.443355199e-05
9.682625969e-05
9.237553524e-05
9.470494531e-05
9.704437927e-05
8.93123459e-05
8.836427919e-05
9.380911727e-05
8.641533727e-05
9.173233513e-05
0.0001001557761
8.660622516e-05
8.569954651e-05
8.771126554e-05
9.278592883e-05
9.168426687e-05
9.36666704e-05
8.676582091e-05
0.0001001938839
8.485355327e-05
0.000100796428
9.128911896e-05
9.585593556e-05
9.199888374e-05
8.305517916e-05
8.470347626e-05
9.174432733e-05
9.06404878e-05
9.233742865e-05
9.122643974e-05
9.036603148e-05
9.175936753e-05
9.336455175e-05
9.709803921e-05
9.140091187e-05
9.268141649e-05
8.478419081e-05
8.609685312e-05
9.225682789e-05
8.431958025e-05
8.58484374e-05
8.929249006e-05
8.189323335e-05
0.0001044836828
9.921316249e-05
9.911149407e-05
8.859487389e-05
9.36422164e-05
8.831288081e-05
9.327858422e-05
9.827014855e-05
8.249506525e-05
9.258036287e-05
9.735476373e-05
8.684987617e-05
8.138173786e-05
9.630643049e-05
9.582617412e-05
0.0001054929806
6.993851768e-05
8.454583401e-05
8.897510891e-05
8.36150274e-05
9.283759315e-05
8.261281887e-05
8.20309958e-05
8.63423813e-05
8.569663328e-05
7.568924009e-05
0.0001126387195
8.390336406e-05
8.321035547e-05
9.637620542e-05
8.189729929e-05
8.57866955e-05
8.50212542e-05
9.321695989e-05
7.916419421e-05
0.0001003061605
9.503592024e-05
8.992474554e-05
8.905131551e-05
8.824626209e-05
9.569127882e-05
8.655475309e-05
9.383900419e-05
8.081534133e-05
9.198171781e-05
9.107537337e-05
9.404357475e-05
9.309571917e-05
9.211233544e-05
9.116525254e-05
9.019049952e-05
8.925023918e-05
9.19609827e-05
9.099460795e-05
8.999384191e-05
8.548093681e-05
9.509474312e-05
8.363184858e-05
9.991630015e-05
9.885424018e-05
9.435865032e-05
9.002143978e-05
8.569105014e-05
8.47815406e-05
9.024522969e-05
9.247933296e-05
8.509648605e-05
8.731880405e-05
9.553881826e-05
9.453866338e-05
9.342202577e-05
9.245116301e-05
8.8407096e-05
8.749617004e-05
9.221723849e-05
8.8423847e-05
8.454854175e-05
8.927471209e-05
9.371753901e-05
9.551148084e-05
9.436452911e-05
9.610461894e-05
9.231154415e-05
8.880275399e-05
9.28950227e-05
9.200536817e-05
9.089812764e-05
9.254188106e-05
9.14286905e-05
9.057993097e-05
9.191014543e-05
8.86743286e-05
8.997829661e-05
9.621047654e-05
9.274015515e-05
9.192232448e-05
9.082482488e-05
9.679113066e-05
9.341511063e-05
9.262094563e-05
0.0001040505259
7.800151329e-05
7.792176261e-05
8.822791812e-05
0.000103616382
7.7600783e-05
8.773252644e-05
8.241208007e-05
9.242439726e-05
8.707674805e-05
8.164590031e-05
9.158082136e-05
9.117918186e-05
9.591193212e-05
0.0001004576176
9.005346829e-05
0.000109456151
8.420208566e-05
9.353757193e-05
8.32765113e-05
9.246305382e-05
9.679986856e-05
8.650760355e-05
9.077366702e-05
8.535426384e-05
8.952233623e-05
8.881791934e-05
8.357034581e-05
9.669500129e-05
9.599576121e-05
9.970320606e-05
8.095257017e-05
8.468890243e-05
0.0001061178232
9.638016181e-05
8.688421669e-05
9.036551975e-05
9.384331872e-05
9.715761294e-05
9.209371398e-05
8.289187236e-05
9.854226081e-05
9.348245684e-05
9.258496456e-05
9.561823326e-05
9.467647498e-05
9.369010214e-05
9.274617832e-05
9.176791175e-05
9.460904831e-05
9.734284433e-05
9.262338286e-05
8.795562476e-05
9.065790656e-05
8.966207742e-05
8.871461582e-05
9.474565124e-05
9.374065868e-05
8.58197857e-05
8.151142581e-05
8.394185589e-05
8.969362116e-05
9.523142164e-05
9.422078077e-05
8.991852202e-05
9.849943517e-05
9.421026635e-05
9.943268141e-05
9.519467031e-05
8.204355578e-05
9.308616559e-05
9.211880413e-05
8.80897765e-05
9.008817775e-05
9.475811327e-05
9.663329661e-05
9.547847717e-05
9.72944296e-05
9.612857216e-05
8.701210772e-05
8.865380267e-05
9.044051339e-05
9.460907462e-05
8.848474126e-05
8.999105792e-05
9.42222343e-05
9.56039574e-05
8.971780018e-05
9.110038826e-05
9.513325397e-05
9.157954912e-05
9.074332634e-05
8.729466301e-05
8.884928125e-05
9.24050703e-05
9.159023799e-05
9.728292996e-05
9.644053528e-05
9.529167826e-05
9.008721818e-05
9.325885106e-05
9.321543131e-05
0.0001034670447
0.0001085378695
9.287046449e-05
9.273731018e-05
9.251111269e-05
8.720273416e-05
8.181776615e-05
9.182058699e-05
0.0001016395023
0.0001064070502
0.0001008966361
0.0001005480553
9.004403775e-05
8.47047502e-05
6.937161776e-05
8.879412836e-05
9.316004561e-05
9.269845748e-05
7.755075739e-05
0.0001012318963
7.658813152e-05
9.041107384e-05
9.918372234e-05
7.978059781e-05
8.38102026e-05
9.248884518e-05
8.255509409e-05
9.106505599e-05
9.931279462e-05
7.615624967e-05
9.323904825e-05
8.808767642e-05
9.600699843e-05
9.520313308e-05
7.715797129e-05
9.773176352e-05
9.257762796e-05
9.174167507e-05
9.083399314e-05
8.9987034e-05
9.31286087e-05
9.62451685e-05
9.525827432e-05
9.039045546e-05
9.333927671e-05
9.239925246e-05
9.142605418e-05
9.048665525e-05
9.325193201e-05
9.228032676e-05
8.763111841e-05
9.032368774e-05
8.575944006e-05
9.546011687e-05
0.0001083841668
0.0001037755679
9.576797979e-05
9.813433646e-05
8.363714525e-05
9.267811406e-05
8.507099189e-05
9.388001829e-05
8.319458765e-05
8.86464038e-05
9.387133784e-05
9.907503536e-05
9.179321886e-05
9.991558387e-05
9.275271164e-05
9.771068609e-05
8.484890254e-05
9.266164429e-05
9.728083591e-05
9.062407903e-05
9.51377234e-05
9.417722168e-05
9.852240447e-05
9.212051811e-05
8.833760676e-05
9.011787188e-05
9.165290348e-05
9.335540973e-05
9.223181521e-05
9.388581539e-05
9.024854209e-05
9.188041401e-05
9.322779844e-05
9.236223347e-05
9.365267316e-05
9.517691486e-05
8.933198941e-05
9.784915243e-05
8.746877826e-05
9.582356943e-05
8.791482251e-05
8.938834471e-05
8.611435285e-05
9.195042508e-05
0.0001031948979
9.283222352e-05
9.788983186e-05
8.235581283e-05
7.707444937e-05
9.235682866e-05
9.213209343e-05
8.173701922e-05
8.657597449e-05
0.0001066862491
9.110253352e-05
9.083431967e-05
7.034050305e-05
0.0001001395289
8.967920027e-05
8.932426121e-05
9.870228603e-05
8.352290703e-05
8.790210426e-05
8.746690866e-05
8.689544406e-05
8.64233079e-05
9.058613998e-05
8.53118203e-05
9.408629643e-05
0.0001028367786
7.884197659e-05
9.212464166e-05
9.136813137e-05
8.617297368e-05
9.442881835e-05
8.924661534e-05
0.0001017228668
9.652114677e-05
9.998383686e-05
9.052572517e-05
9.394252988e-05
8.46586884e-05
8.384054557e-05
8.723812109e-05
9.460272053e-05
9.3721093e-05
8.470982667e-05
9.188757815e-05
9.490101537e-05
9.005184515e-05
9.299106883e-05
9.205491233e-05
9.108673415e-05
9.015113095e-05
9.290753797e-05
9.193980247e-05
8.730899775e-05
8.999192412e-05
8.900583308e-05
9.511102076e-05
9.405510053e-05
0.0001033976215
8.860460319e-05
0.0001011499679
9.000140992e-05
8.574712828e-05
8.802448167e-05
9.031613548e-05
8.927215218e-05
8.832788141e-05
9.665266721e-05
9.563495436e-05
9.146492835e-05
9.654136679e-05
9.540298134e-05
8.261011984e-05
9.037731994e-05
9.810212448e-05
8.838153164e-05
9.312340757e-05
8.643474088e-05
9.93623871e-05
8.999119565e-05
8.36936332e-05
9.60258091e-05
9.507973151e-05
9.393644073e-05
9.043948555e-05
9.190374997e-05
9.355179029e-05
9.242519681e-05
8.907880268e-05
9.045080656e-05
8.96109745e-05
8.613989088e-05
9.246605985e-05
8.666987605e-05
8.589196906e-05
9.862277124e-05
9.093321171e-05
9.882916892e-05
9.574690923e-05
8.80037213e-05
8.943739248e-05
9.249510533e-05
0.0001078608458
8.722724726e-05
9.227124625e-05
0.0001023459215
0.0001073093659
9.17561672e-05
0.0001017545239
8.62234666e-05
9.107318005e-05
8.569184786e-05
0.0001055432164
0.0001000795517
8.976087786e-05
9.924145259e-05
9.884896487e-05
8.847492965e-05
9.297416405e-05
8.268626613e-05
0.0001016365553
9.135735127e-05
9.5643535e-05
9.497552451e-05
8.49737452e-05
7.497188878e-05
9.777533248e-05
0.0001062496155
8.25869657e-05
0.0001001123104
8.583678791e-05
9.406193327e-05
8.445533321e-05
7.489596637e-05
9.614874544e-05
9.959969544e-05
8.588420756e-05
9.783743759e-05
8.855250369e-05
8.769815201e-05
9.104561024e-05
9.834297453e-05
8.930806294e-05
8.841024098e-05
8.756268773e-05
9.060699173e-05
9.361644761e-05
9.264544931e-05
9.171312915e-05
9.074992353e-05
8.981808571e-05
9.626830551e-05
9.16017821e-05
9.061378809e-05
8.966258875e-05
8.86813001e-05
9.125467348e-05
9.02427127e-05
0.000103022418
9.167967521e-05
9.070588766e-05
9.63198028e-05
9.529650876e-05
9.09567536e-05
8.677784609e-05
9.530618524e-05
9.429818555e-05
8.698736153e-05
0.000101441388
9.113897768e-05
9.31911962e-05
8.615144109e-05
9.407578048e-05
9.877151851e-05
8.91284136e-05
9.659078637e-05
9.279309368e-05
7.779343837e-05
9.625994582e-05
9.782450304e-05
9.415806687e-05
8.771193354e-05
8.684769756e-05
9.360369771e-05
9.269388411e-05
9.15780103e-05
9.070067047e-05
8.960817493e-05
9.369396656e-05
9.743727265e-05
9.653251826e-05
8.821761759e-05
9.44994736e-05
9.336305341e-05
9.483820173e-05
9.598489797e-05
9.060822085e-05
9.847494184e-05
9.540382436e-05
8.987950404e-05
8.911598254e-05
9.723556573e-05
9.207518305e-05
0.0001022020901
8.168470388e-05
8.154346385e-05
7.124845435e-05
9.138329628e-05
7.600586976e-05
0.0001161822239
9.070402093e-05
9.036554913e-05
0.0001001109883
8.970835691e-05
7.449926615e-05
8.401619435e-05
0.0001082971618
9.301625419e-05
8.772839717e-05
0.0001017345361
9.1590528e-05
8.62054456e-05
8.097457449e-05
8.041017628e-05
9.874472881e-05
0.0001026809814
0.0001020290077
7.822509528e-05
7.31238179e-05
9.065702912e-05
7.650287663e-05
8.477427969e-05
7.970108643e-05
9.216245558e-05
9.14256064e-05
9.921849449e-05
8.555596709e-05
9.322747379e-05
8.821596219e-05
9.984715699e-05
9.894711683e-05
7.756185823e-05
8.89724052e-05
8.407574275e-05
9.120061916e-05
9.419447685e-05
9.326836038e-05
9.230238941e-05
9.137387455e-05
9.041559458e-05
8.948749215e-05
9.222632534e-05
8.761558858e-05
9.028313441e-05
9.290908128e-05
8.835912515e-05
0.0001014145389
9.683285951e-05
9.238493494e-05
8.796597003e-05
9.037917481e-05
9.928337232e-05
8.51315875e-05
8.739437789e-05
8.966986585e-05
8.230393669e-05
9.082971379e-05
8.667775942e-05
0.000101080412
8.778816386e-05
9.286030984e-05
8.880632074e-05
9.66718247e-05
8.394819002e-05
8.881302056e-05
9.341855443e-05
9.526708796e-05
9.412990094e-05
9.04388469e-05
9.206373329e-05
9.114495151e-05
9.26995245e-05
9.440853159e-05
9.068237856e-05
9.236662462e-05
9.125457154e-05
9.540138273e-05
9.425201977e-05
9.336266769e-05
8.981042282e-05
9.378597606e-05
9.265641484e-05
8.474792087e-05
8.837975194e-05
9.21963199e-05
9.108860023e-05
8.802840609e-05
8.697287621e-05
8.843087388e-05
8.955751737e-05
8.446531956e-05
8.155001549e-05
8.660675899e-05
9.669791971e-05
0.0001016915429
8.12128926e-05
9.630243812e-05
0.0001011260484
9.083802635e-05
9.05579926e-05
8.531907343e-05
9.500159427e-05
9.472250508e-05
9.431181503e-05
7.420022095e-05
9.844690404e-05
9.805814187e-05
8.289315208e-05
8.737881576e-05
8.202941174e-05
8.642565486e-05
8.109428716e-05
9.014347896e-05
8.951645265e-05
8.898921295e-05
9.762975528e-05
8.777124478e-05
8.708734997e-05
7.739168413e-05
9.030561269e-05
9.413772213e-05
8.00028428e-05
8.821582027e-05
8.306537171e-05
9.541249766e-05
9.884020039e-05
9.375324867e-05
8.44309203e-05
9.206682471e-05
9.532610151e-05
9.036002828e-05
8.540485431e-05
9.266831843e-05
8.775092572e-05
9.086097715e-05
9.38451381e-05
9.292285211e-05
9.196186079e-05
9.103712055e-05
9.008371996e-05
9.287429511e-05
8.821387336e-05
9.093314338e-05
8.995488509e-05
8.545065303e-05
9.508242523e-05
9.059448264e-05
8.959209453e-05
9.205210917e-05
9.776356565e-05
9.005480708e-05
9.563052548e-05
8.808970078e-05
9.030798184e-05
8.615910892e-05
8.516555558e-05
8.738590189e-05
9.870897525e-05
9.156545093e-05
9.954339615e-05
8.954686922e-05
9.734196122e-05
8.757311746e-05
8.942130343e-05
8.849985177e-05
9.308956164e-05
8.655523735e-05
9.103990343e-05
8.738964592e-05
9.44381856e-05
9.08243382e-05
9.23735495e-05
8.885000209e-05
9.036342175e-05
9.20416678e-05
9.093340941e-05
9.006210003e-05
9.144840997e-05
9.303370349e-05
9.191236582e-05
9.585138267e-05
8.522678983e-05
9.617739804e-05
9.270193134e-05
8.957314557e-05
9.75727222e-05
9.446341659e-05
9.332977621e-05
9.472497828e-05
8.706129704e-05
8.632199363e-05
9.13726573e-05
9.133038993e-05
8.616945659e-05
9.115249962e-05
9.605092652e-05
9.086561917e-05
9.568249329e-05
9.047198299e-05
0.0001002152454
9.99717874e-05
8.466037107e-05
0.0001042734471
0.0001038223627
9.853808925e-05
9.315166265e-05
8.790071093e-05
8.256387161e-05
7.736178607e-05
8.651105213e-05
9.564895296e-05
9.978070522e-05
9.451450153e-05
9.855132239e-05
8.86407082e-05
0.0001018797395
0.0001058353655
0.0001050123073
9.06960661e-05
9.445475566e-05
9.377471219e-05
8.855065379e-05
9.227136767e-05
8.274810679e-05
9.93689762e-05
9.41837026e-05
9.339765166e-05
9.672882192e-05
9.171956661e-05
8.670996259e-05
8.592922671e-05
9.318925921e-05
8.429457513e-05
9.1398803e-05
9.052385548e-05
9.349838095e-05
9.257989422e-05
9.162383553e-05
9.070283962e-05
8.975427276e-05
9.25349506e-05
9.155502952e-05
9.060247122e-05
8.604385344e-05
8.868888846e-05
8.772174727e-05
9.026795647e-05
9.270376358e-05
8.832457386e-05
8.73364771e-05
8.973275932e-05
9.528957305e-05
8.777577577e-05
9.320087764e-05
9.221252158e-05
9.114999898e-05
9.018622762e-05
8.606512001e-05
7.603493394e-05
9.618657833e-05
9.22055365e-05
9.406002211e-05
9.017377368e-05
9.198153295e-05
9.956809459e-05
8.432988904e-05
9.459836861e-05
9.346979852e-05
9.524722891e-05
9.141843962e-05
9.316791296e-05
8.941986306e-05
8.593451323e-05
9.004670081e-05
9.171898943e-05
9.061449995e-05
9.223912414e-05
8.866448395e-05
8.782773097e-05
8.917904306e-05
8.59629661e-05
9.200393526e-05
8.882614243e-05
9.006549735e-05
9.15457692e-05
9.722765717e-05
9.412939032e-05
8.857030375e-05
8.999897141e-05
8.241404389e-05
9.031584263e-05
0.0001061719603
0.0001061229092
0.0001060160763
0.000100872876
8.055972611e-05
9.552810575e-05
9.028264741e-05
8.510282906e-05
8.983236795e-05
8.961428418e-05
7.936192152e-05
9.396581462e-05
9.356022903e-05
8.34238456e-05
9.278172823e-05
0.0001070078593
9.674964332e-05
9.631993884e-05
8.138291111e-05
0.0001095632474
7.572511308e-05
9.885126015e-05
0.0001028410298
9.758912483e-05
9.687088997e-05
9.167351623e-05
7.731766327e-05
8.131123643e-05
9.40914347e-05
9.786280024e-05
9.262246589e-05
8.754175098e-05
9.544903349e-05
8.177551606e-05
9.382732241e-05
9.304474194e-05
0.0001005546213
8.722151288e-05
9.461268663e-05
9.783784816e-05
8.880583979e-05
9.197951091e-05
9.501967778e-05
9.018922622e-05
8.927275287e-05
9.223945858e-05
9.509196474e-05
9.037100462e-05
9.687949531e-05
9.588599995e-05
8.757411167e-05
9.749613089e-05
8.93054954e-05
9.190376448e-05
8.391023446e-05
9.686252759e-05
9.237197492e-05
8.800865221e-05
9.371933536e-05
8.941300672e-05
9.167686928e-05
8.098525952e-05
8.006107106e-05
9.188610541e-05
8.769616553e-05
8.367010594e-05
8.576203648e-05
9.092066875e-05
8.386754143e-05
9.188160036e-05
8.494296586e-05
9.855345225e-05
8.879511685e-05
8.788009348e-05
9.80408112e-05
8.594979504e-05
9.314320699e-05
9.220253606e-05
9.645794807e-05
9.284247319e-05
9.434924142e-05
9.341931389e-05
9.229596923e-05
9.139856565e-05
9.531436508e-05
8.943245834e-05
9.571718202e-05
9.238268106e-05
8.886667053e-05
9.280029715e-05
8.933033122e-05
9.317311599e-05
9.665261184e-05
9.122392453e-05
9.463188408e-05
8.709788099e-05
9.267020059e-05
9.40557246e-05
9.508856325e-05
8.999587526e-05
0.0001007104131
7.549795778e-05
0.0001005628252
9.544504241e-05
8.023706698e-05
8.513026515e-05
9.991292522e-05
9.972075069e-05
0.0001043862154
8.92568342e-05
7.410565194e-05
0.0001083696668
9.318891033e-05
9.286860359e-05
9.241472045e-05
8.236104891e-05
8.673151438e-05
0.0001055347214
7.629502801e-05
9.96437175e-05
8.01434859e-05
8.90876803e-05
8.381532631e-05
9.72099108e-05
8.730578182e-05
7.305523404e-05
9.061158393e-05
8.549835191e-05
8.480414587e-05
9.305702696e-05
0.0001010570241
0.0001002898493
8.644293947e-05
8.575366126e-05
8.922482773e-05
8.005433156e-05
9.600359787e-05
8.689499349e-05
9.835822813e-05
9.341219841e-05
9.651991306e-05
9.562323431e-05
8.678018691e-05
9.376389058e-05
9.281249786e-05
9.190151748e-05
9.474498492e-05
9.379332166e-05
8.910255484e-05
8.818910114e-05
9.089343552e-05
8.635035801e-05
8.89843039e-05
9.157347615e-05
0.0001045121988
9.306891164e-05
8.863356931e-05
0.0001011865183
9.33863857e-05
8.909552483e-05
9.135232704e-05
9.038253845e-05
8.296970846e-05
9.787661215e-05
9.3629595e-05
8.337580906e-05
9.766980584e-05
9.362172671e-05
9.252824374e-05
8.565283994e-05
9.632145366e-05
8.954355512e-05
9.419402989e-05
8.757345807e-05
8.653353273e-05
9.393897186e-05
9.281888979e-05
9.188144468e-05
8.811206636e-05
9.51627076e-05
9.140923628e-05
9.050821629e-05
9.197472666e-05
9.10803729e-05
9.498241963e-05
8.912092745e-05
9.049205337e-05
9.206057469e-05
9.334331538e-05
9.484751343e-05
8.667542285e-05
9.98108731e-05
8.9434429e-05
8.635911819e-05
9.429956975e-05
8.234118732e-05
9.234389647e-05
9.808391679e-05
9.905967012e-05
9.608375038e-05
0.0001003079166
9.023552168e-05
9.515313311e-05
9.506392085e-05
9.490141633e-05
8.479074459e-05
8.956349368e-05
9.435752736e-05
9.902031052e-05
9.878024939e-05
8.36534308e-05
9.322111799e-05
7.327936368e-05
8.276469102e-05
8.236106736e-05
9.651385905e-05
9.119054644e-05
9.078613077e-05
0.0001044954982
0.0001039808955
9.391939699e-05
9.341181266e-05
9.74056169e-05
0.0001014447578
9.612373082e-05
9.551566456e-05
9.026389989e-05
0.0001031013822
9.781945262e-05
0.0001015310775
9.19191283e-05
7.819011439e-05
9.042234007e-05
9.82448327e-05
9.735543735e-05
9.654444817e-05
9.148656827e-05
9.893818248e-05
9.390987074e-05
9.306571522e-05
9.616338174e-05
8.733126476e-05
9.039142448e-05
9.341982796e-05
8.86202613e-05
9.15660436e-05
9.440052808e-05
8.971456578e-05
9.247940854e-05
9.153163455e-05
9.056621121e-05
9.679470689e-05
9.575864764e-05
8.773610898e-05
9.025404684e-05
8.586764377e-05
9.171547183e-05
9.746625698e-05
9.637921455e-05
8.878028956e-05
9.428114859e-05
9.971354776e-05
9.539765676e-05
9.124015708e-05
9.641137504e-05
8.616074466e-05
9.124524491e-05
9.028490387e-05
8.625667075e-05
9.124050873e-05
9.307735554e-05
8.923173775e-05
9.671095914e-05
9.008408266e-05
8.901473057e-05
8.810607883e-05
9.793781285e-05
9.694861614e-05
9.046728387e-05
8.956412793e-05
9.369489305e-05
9.277127229e-05
9.420170457e-05
9.328562095e-05
9.714364083e-05
8.881155942e-05
9.017769749e-05
9.174070665e-05
9.3018631e-05
8.979166951e-05
8.870784888e-05
9.714999216e-05
9.369256877e-05
8.832230237e-05
9.844432316e-05
9.31413363e-05
8.763798305e-05
9.122386466e-05
9.44192565e-05
8.723501088e-05
8.492233084e-05
8.488324385e-05
9.976275562e-05
8.471890133e-05
0.0001044742663
9.438967691e-05
8.920819613e-05
7.41973683e-05
9.862830628e-05
8.855042122e-05
9.802715986e-05
8.30791598e-05
7.78568803e-05
8.728835768e-05
8.686359183e-05
9.132859072e-05
7.17110302e-05
8.091233381e-05
8.989463768e-05
0.0001035763078
8.419966812e-05
9.30499453e-05
9.240915422e-05
9.186691039e-05
9.11947207e-05
8.608734312e-05
9.441481752e-05
9.377667577e-05
8.415918873e-05
9.235024361e-05
9.593199524e-05
9.520471743e-05
9.008217252e-05
8.936481437e-05
9.27741822e-05
9.200183537e-05
9.943217492e-05
9.035634067e-05
9.356236387e-05
9.272179286e-05
9.181741323e-05
9.096528767e-05
9.006054829e-05
9.307828115e-05
9.213660446e-05
9.123301001e-05
9.40585668e-05
8.938990961e-05
8.846023312e-05
9.485009389e-05
8.663168115e-05
0.000103592045
8.834880248e-05
8.392612682e-05
0.0001003100552
8.556255287e-05
8.462102528e-05
8.372529161e-05
9.272753338e-05
0.0001015735404
8.747044153e-05
9.295266452e-05
9.189461371e-05
9.092057669e-05
9.607453878e-05
8.279338277e-05
8.789636919e-05
9.896737842e-05
8.595676201e-05
9.678932585e-05
8.116005355e-05
9.179053887e-05
9.921044641e-05
8.977193531e-05
8.870667123e-05
9.328870412e-05
9.488807178e-05
9.392962829e-05
9.545782773e-05
9.187965373e-05
8.818382679e-05
9.245061139e-05
9.133890379e-05
9.045058792e-05
8.936092139e-05
9.096278545e-05
8.98655181e-05
0.000101046533
9.031937197e-05
8.948037476e-05
9.537878515e-05
9.681265341e-05
9.336661147e-05
9.704221382e-05
9.36418941e-05
9.281657838e-05
9.169813377e-05
9.523379417e-05
9.836485696e-05
8.480898372e-05
9.45368738e-05
8.454673989e-05
7.949398069e-05
8.438329058e-05
7.928441328e-05
9.89644279e-05
9.37921345e-05
8.868514278e-05
9.332742388e-05
0.0001029016232
8.299533974e-05
0.0001022237251
9.69394003e-05
7.728552574e-05
8.652402345e-05
8.139584309e-05
9.048017444e-05
9.007949385e-05
9.425883195e-05
8.441579159e-05
9.319379044e-05
9.269087079e-05
9.665649872e-05
7.321123631e-05
9.08457229e-05
9.027188058e-05
8.957647539e-05
8.45228936e-05
9.266567766e-05
9.20008628e-05
9.991461974e-05
9.053525371e-05
9.401810501e-05
8.479080713e-05
0.0001008309486
8.749304061e-05
9.493592516e-05
9.00218425e-05
8.105862554e-05
9.639694233e-05
9.5458163e-05
9.457269442e-05
9.363348062e-05
8.887508839e-05
9.180233593e-05
9.090239018e-05
8.997031108e-05
8.906759468e-05
9.181513808e-05
8.723976738e-05
8.991878029e-05
8.898454019e-05
9.859857682e-05
9.059670332e-05
8.961453278e-05
9.208039208e-05
9.106823464e-05
9.010444857e-05
8.580146824e-05
8.815646412e-05
8.393574639e-05
8.623912517e-05
9.47314645e-05
9.997597488e-05
9.88284366e-05
8.556095896e-05
9.061152039e-05
7.770357266e-05
8.861268783e-05
9.353114981e-05
9.243357243e-05
8.8614573e-05
8.756869011e-05
8.946194371e-05
8.840073678e-05
9.570125619e-05
9.456109463e-05
9.628035886e-05
9.248657363e-05
9.156313635e-05
9.304955848e-05
9.213215956e-05
9.102427759e-05
9.264280995e-05
9.647400482e-05
9.064920084e-05
9.197591139e-05
9.350516116e-05
9.237599169e-05
9.621106501e-05
9.273050718e-05
9.418056239e-05
8.850423558e-05
0.0001034526913
9.109466339e-05
8.808959741e-05
9.35543091e-05
9.058832759e-05
9.375930608e-05
9.085117844e-05
9.416352665e-05
0.0001040276919
8.412901867e-05
7.910619138e-05
8.390761111e-05
7.885951989e-05
8.850599123e-05
9.815134569e-05
7.828282874e-05
9.27359411e-05
8.753311253e-05
8.242847712e-05
0.0001013887168
9.141823286e-05
9.576344402e-05
9.538719478e-05
9.487276071e-05
9.91755776e-05
8.919983849e-05
9.343318628e-05
8.819341665e-05
9.695128477e-05
8.711612553e-05
9.572207479e-05
8.14494475e-05
0.0001034173646
8.031300721e-05
8.863438774e-05
9.671196258e-05
9.16541156e-05
8.655611865e-05
9.878592137e-05
9.792464481e-05
9.714583916e-05
9.62708128e-05
8.301768765e-05
9.0472888e-05
9.376662143e-05
8.883696513e-05
9.204151796e-05
7.925784856e-05
8.637532318e-05
9.329322793e-05
8.855251602e-05
9.147048407e-05
9.057415798e-05
9.33820232e-05
9.244541224e-05
9.148656858e-05
9.054984217e-05
9.318246463e-05
8.866786343e-05
9.474009896e-05
9.374786988e-05
9.273270701e-05
9.855224185e-05
9.747010594e-05
9.311329812e-05
9.536640937e-05
8.459420419e-05
8.364275706e-05
9.548692096e-05
9.125511722e-05
9.340146768e-05
8.925253118e-05
9.135448574e-05
8.728801617e-05
9.2326013e-05
8.53631579e-05
9.320822895e-05
9.211500897e-05
9.400654755e-05
9.571258698e-05
9.472621596e-05
8.809690531e-05
8.719753138e-05
8.885142818e-05
9.328440433e-05
9.216912019e-05
9.124879224e-05
9.273021337e-05
9.181589405e-05
9.323158401e-05
8.982945257e-05
9.121224527e-05
8.789620951e-05
8.683550172e-05
9.796227288e-05
8.733706785e-05
8.652568396e-05
9.010049235e-05
9.385578998e-05
9.950595054e-05
9.188926128e-05
9.520745546e-05
8.778458052e-05
9.322946715e-05
8.382573481e-05
8.918583393e-05
9.264037989e-05
8.885663694e-05
9.375010518e-05
8.379830359e-05
9.356939323e-05
7.37454185e-05
8.836869062e-05
8.326129487e-05
7.821334618e-05
7.797655802e-05
9.723502375e-05
9.687943777e-05
9.176658337e-05
0.0001009941582
8.147714469e-05
8.108319014e-05
8.076484338e-05
8.978078445e-05
9.40881813e-05
8.885645099e-05
9.772752591e-05
0.0001017272407
9.658002058e-05
9.135125247e-05
8.627556632e-05
8.564789601e-05
9.854571482e-05
9.334441434e-05
9.712983832e-05
9.196888056e-05
9.130997233e-05
9.05440189e-05
9.413796246e-05
9.331860994e-05
0.0001009929929
9.174442098e-05
9.098204882e-05
8.604269679e-05
9.342204964e-05
8.046530865e-05
9.569228877e-05
9.476321247e-05
8.60613097e-05
8.908229585e-05
9.206846268e-05
9.493856537e-05
9.024828762e-05
8.932549247e-05
9.211446661e-05
0.0001020995834
9.022724179e-05
8.570931864e-05
8.835343264e-05
8.741238962e-05
8.995701614e-05
8.898401778e-05
8.804655702e-05
9.043006856e-05
8.615958505e-05
8.847948545e-05
8.105680026e-05
8.655764474e-05
9.515491664e-05
8.466706096e-05
8.99751283e-05
8.587690803e-05
9.103871362e-05
8.698698669e-05
9.497565849e-05
8.21359915e-05
9.579026554e-05
0.0001004047557
8.800588676e-05
8.977351643e-05
9.717787084e-05
9.053875381e-05
9.233000893e-05
9.391385448e-05
8.499666753e-05
9.185383857e-05
9.353478762e-05
9.241305274e-05
9.150179243e-05
9.040148327e-05
9.200879726e-05
9.827029493e-05
8.75952715e-05
8.894181515e-05
9.286429342e-05
8.703744437e-05
8.855930778e-05
9.439554339e-05
9.1251951e-05
9.240220712e-05
9.380636765e-05
8.605294582e-05
9.404279378e-05
8.642499838e-05
8.996158455e-05
9.73407225e-05
9.651532706e-05
9.342560961e-05
8.355304797e-05
7.856016794e-05
8.829765004e-05
8.814838033e-05
8.802314502e-05
8.781475485e-05
0.0001071235253
9.709084304e-05
8.232780543e-05
9.167767222e-05
9.62210678e-05
7.664964462e-05
9.070990419e-05
8.076989282e-05
0.0001041156446
8.943512844e-05
7.966730215e-05
8.851569719e-05
9.271723573e-05
0.0001013387782
9.163008474e-05
0.0001001043788
9.047152953e-05
8.981457474e-05
9.817330833e-05
9.742122394e-05
9.67646175e-05
9.598746347e-05
9.096840377e-05
9.450220081e-05
9.378767007e-05
9.297275112e-05
9.642673528e-05
8.725139994e-05
8.652680148e-05
8.980948929e-05
9.308000102e-05
9.620627455e-05
9.534381114e-05
9.441951796e-05
8.964727888e-05
8.876091731e-05
9.173670815e-05
9.459783985e-05
8.99247537e-05
9.642374827e-05
8.811444676e-05
8.720297699e-05
9.350320918e-05
8.540621363e-05
9.508452194e-05
9.058883353e-05
9.308826156e-05
8.185114687e-05
0.0001012362786
0.0001068021663
8.916120153e-05
9.143733038e-05
0.0001033919908
9.264704972e-05
9.798605348e-05
9.374944113e-05
9.27562068e-05
8.86374763e-05
8.165260525e-05
9.266651098e-05
9.464930385e-05
8.477769624e-05
9.256903075e-05
8.86255361e-05
9.053385153e-05
8.946670954e-05
9.684574637e-05
9.569816503e-05
9.742744341e-05
8.824534308e-05
9.529506954e-05
9.154070656e-05
9.321586444e-05
8.953977497e-05
9.118983257e-05
9.009327112e-05
9.417327819e-05
9.303830705e-05
8.729638715e-05
9.103374439e-05
9.492014626e-05
9.846147367e-05
9.522410204e-05
8.718894765e-05
8.639246135e-05
9.208515116e-05
8.680703257e-05
9.235368524e-05
8.718084002e-05
9.689285318e-05
9.178601237e-05
9.489528294e-05
8.781804729e-05
9.306097121e-05
7.343557742e-05
8.31446129e-05
0.0001026122048
9.756106158e-05
9.742254583e-05
8.26135493e-05
8.730569842e-05
8.220684709e-05
0.0001013044192
9.612910492e-05
0.0001054335013
0.0001049862864
8.084827806e-05
0.0001041234212
8.957220487e-05
9.378118291e-05
9.803542179e-05
8.81775469e-05
8.774519137e-05
9.63644861e-05
8.671777122e-05
8.159340532e-05
9.914221085e-05
8.94760409e-05
9.78037059e-05
8.823256654e-05
9.640213295e-05
9.562926931e-05
9.926075078e-05
0.0001027106038
9.768724652e-05
9.683987588e-05
9.18941539e-05
9.52100893e-05
9.441987045e-05
8.948142492e-05
9.274044798e-05
9.186270648e-05
9.499786237e-05
9.015837803e-05
9.320736303e-05
9.228714707e-05
9.140733589e-05
9.04891692e-05
8.960353119e-05
9.23852614e-05
8.780124802e-05
9.775600564e-05
9.317244372e-05
8.865129675e-05
9.124046265e-05
9.374299007e-05
8.589067216e-05
8.836231321e-05
9.079457478e-05
9.312673918e-05
9.214194283e-05
9.762896798e-05
8.371494355e-05
9.232700386e-05
8.504800772e-05
9.031238859e-05
8.627444762e-05
8.833311678e-05
9.342746243e-05
9.234912188e-05
9.137752236e-05
9.031472297e-05
8.936981089e-05
9.687063098e-05
9.022503794e-05
9.194830485e-05
8.824309428e-05
8.719781416e-05
9.170175118e-05
9.061040256e-05
8.705684705e-05
9.122970224e-05
9.289910871e-05
9.178519588e-05
9.087999262e-05
9.228124103e-05
8.891358177e-05
9.028194677e-05
8.941618927e-05
9.072396355e-05
8.986722374e-05
8.64443228e-05
9.25849745e-05
9.832446523e-05
8.609759589e-05
8.729366535e-05
9.094661668e-05
9.203715204e-05
9.774233244e-05
9.226833689e-05
9.147067937e-05
9.246670032e-05
9.168290867e-05
9.269916809e-05
9.265681102e-05
9.743714961e-05
8.27443474e-05
0.0001020415621
9.704455331e-05
8.229344131e-05
8.69675165e-05
8.670595268e-05
0.0001057182087
0.0001053341082
9.547907926e-05
8.081370555e-05
0.0001042249626
0.000103724184
0.0001033177933
0.0001074363169
9.301064116e-05
8.78419704e-05
7.821034788e-05
9.599929123e-05
9.09362808e-05
9.031729832e-05
9.427909605e-05
9.805405447e-05
8.857897817e-05
7.471743659e-05
9.604235402e-05
8.22818651e-05
8.169355455e-05
9.380316788e-05
9.732643228e-05
8.809372841e-05
9.571819925e-05
9.486169009e-05
9.816504207e-05
9.320828263e-05
8.838582575e-05
9.153015842e-05
9.071048106e-05
8.983373953e-05
9.287216774e-05
9.195659158e-05
9.487533368e-05
9.392367351e-05
8.928459541e-05
8.837541057e-05
9.113569572e-05
9.741111309e-05
9.99858571e-05
9.540718863e-05
8.74233797e-05
8.995544349e-05
9.243787036e-05
9.821486588e-05
9.718083876e-05
0.000102747106
0.0001016607864
9.08055997e-05
9.626065891e-05
9.200916157e-05
9.417261306e-05
8.069186009e-05
9.211980027e-05
9.106638651e-05
9.611131802e-05
9.797157047e-05
9.400327716e-05
9.581403278e-05
8.619238102e-05
9.370186499e-05
8.991832394e-05
9.441305327e-05
9.06917897e-05
8.961787461e-05
8.60148872e-05
9.295943849e-05
9.202018915e-05
9.092080401e-05
9.00127068e-05
9.401541298e-05
9.057225106e-05
9.445439279e-05
9.353534027e-05
8.997605004e-05
9.152162347e-05
8.803690799e-05
9.191929568e-05
9.313598175e-05
9.227053644e-05
8.887469045e-05
9.032077515e-05
9.368819344e-05
9.726863755e-05
9.17227812e-05
8.874998096e-05
8.553706872e-05
8.903756362e-05
9.424339633e-05
9.344468315e-05
9.234016732e-05
8.258244275e-05
8.735404431e-05
9.212113008e-05
8.712607143e-05
0.0001015029567
8.679791057e-05
8.181905858e-05
9.117039645e-05
8.616365786e-05
9.539030542e-05
9.511235977e-05
8.523956741e-05
8.966775581e-05
8.923781524e-05
8.421008379e-05
8.37605817e-05
8.802407867e-05
9.211467203e-05
9.624683151e-05
8.652858209e-05
9.512296917e-05
8.997782861e-05
9.392512347e-05
0.0001021275579
0.0001014851869
8.757562143e-05
9.568525055e-05
7.766250673e-05
9.424261593e-05
8.071330857e-05
9.696827361e-05
0.0001003095136
9.536782163e-05
9.451583137e-05
9.780762374e-05
9.690811019e-05
9.607170795e-05
9.120000937e-05
9.038371532e-05
9.340323186e-05
8.868356741e-05
9.162839562e-05
9.075563628e-05
8.984657372e-05
9.267491878e-05
8.806319196e-05
9.081404467e-05
0.0001006637806
9.963464423e-05
9.859456422e-05
9.408711389e-05
8.964205836e-05
9.552777736e-05
9.787414751e-05
9.016503919e-05
0.0001056950488
9.804166492e-05
9.695678197e-05
8.633650251e-05
7.904612083e-05
9.697799231e-05
8.041589309e-05
8.568453659e-05
9.378101351e-05
8.680391854e-05
9.467955799e-05
8.782833716e-05
8.970160863e-05
9.735316055e-05
8.20650797e-05
0.0001008153992
9.962858653e-05
9.312391719e-05
9.47280978e-05
9.108198557e-05
9.264559613e-05
9.170947134e-05
9.061399054e-05
9.227201185e-05
9.369819648e-05
9.277399182e-05
9.413562318e-05
8.831330663e-05
8.96722192e-05
9.601316444e-05
9.722468545e-05
9.160855594e-05
9.050026971e-05
9.195822694e-05
9.992900225e-05
8.776422726e-05
9.11469051e-05
9.253200142e-05
9.358699232e-05
8.844790721e-05
9.163851776e-05
9.084646901e-05
8.974654236e-05
9.312495813e-05
0.0001065077159
8.710295245e-05
8.701727086e-05
7.727666723e-05
0.0001012556428
9.62973e-05
7.685704485e-05
9.588772443e-05
0.0001051606352
0.0001001386804
8.552263311e-05
9.00110242e-05
9.43490946e-05
8.932567407e-05
9.825596863e-05
9.321097924e-05
9.271443813e-05
9.230588881e-05
0.0001009434362
9.131775447e-05
8.620312934e-05
8.574025935e-05
8.964090123e-05
0.0001024855893
9.289935942e-05
9.231543668e-05
9.161334398e-05
8.233113923e-05
8.597322657e-05
9.389527434e-05
8.888192776e-05
9.241218733e-05
9.577887689e-05
9.915130413e-05
8.598357365e-05
8.933173212e-05
9.655795259e-05
8.774794894e-05
9.087223345e-05
9.005929534e-05
9.306931415e-05
9.220895816e-05
9.1302534e-05
9.043325887e-05
8.952868634e-05
9.234738234e-05
9.506593593e-05
9.049465609e-05
9.672857773e-05
8.51021915e-05
9.474179934e-05
8.681414662e-05
9.276665108e-05
9.519637499e-05
9.08091791e-05
9.650935113e-05
8.558151288e-05
9.770426207e-05
9.662414811e-05
9.241382342e-05
8.19268941e-05
9.352893424e-05
9.247131608e-05
9.149206709e-05
9.044736362e-05
8.949204124e-05
9.435857226e-05
9.336600956e-05
9.228197426e-05
9.417022236e-05
0.0001015299065
8.93111096e-05
9.653456077e-05
9.280994022e-05
8.631688933e-05
9.07752337e-05
9.233386577e-05
8.61779394e-05
9.288950482e-05
8.94071379e-05
9.338311342e-05
9.246195002e-05
8.888115593e-05
8.801619829e-05
8.69550163e-05
8.851322082e-05
9.92605266e-05
9.129991008e-05
9.019503022e-05
9.164802446e-05
8.601077126e-05
9.195323979e-05
9.305396129e-05
9.880585892e-05
8.893138051e-05
8.814788279e-05
8.707906243e-05
9.264307211e-05
9.776042292e-05
9.486980054e-05
8.680778866e-05
8.676826337e-05
9.631453793e-05
9.62249279e-05
9.606400531e-05
9.113157363e-05
8.134783042e-05
8.596850967e-05
9.047337534e-05
0.0001045063276
7.573022031e-05
8.966794206e-05
8.459127756e-05
9.36696763e-05
0.0001025446327
0.0001067865782
9.236422907e-05
8.276175227e-05
9.599253977e-05
9.097446055e-05
9.944013387e-05
8.991505368e-05
8.930648772e-05
9.322509287e-05
9.255439921e-05
0.0001007323816
8.692838675e-05
9.497895147e-05
9.422283279e-05
8.504589426e-05
8.433981455e-05
8.370417963e-05
9.128121221e-05
9.467470585e-05
9.383162499e-05
8.091711564e-05
9.621031632e-05
9.140665307e-05
8.660998755e-05
9.363881316e-05
8.887370147e-05
9.188089276e-05
9.097898192e-05
9.011316362e-05
9.664746052e-05
8.834126682e-05
9.837599226e-05
8.657040593e-05
9.639088429e-05
9.187245687e-05
9.441257303e-05
9.343371947e-05
9.586962363e-05
0.0001016434972
9.049632256e-05
8.954417342e-05
9.512873139e-05
8.438661707e-05
8.987420288e-05
8.574643341e-05
9.734922604e-05
8.699635774e-05
7.986958348e-05
8.814201786e-05
9.615039716e-05
9.513492461e-05
9.697849798e-05
8.432711072e-05
8.334858437e-05
9.669679052e-05
9.556666747e-05
9.457372792e-05
9.621019036e-05
9.249807335e-05
9.14038892e-05
9.313143936e-05
9.202422618e-05
9.36969825e-05
9.257814929e-05
9.16533244e-05
9.307014235e-05
9.215200027e-05
9.350449548e-05
8.772108233e-05
8.666335663e-05
9.060049399e-05
8.950564027e-05
9.33264995e-05
9.450168093e-05
9.362340546e-05
9.023282694e-05
0.0001005844631
9.274005447e-05
9.628427282e-05
9.079242352e-05
9.427792742e-05
9.525059851e-05
9.232910917e-05
9.535512574e-05
9.660278398e-05
0.0001008880422
0.0001056441668
9.114875749e-05
9.10640163e-05
9.091204795e-05
9.078339328e-05
9.533816186e-05
8.564058826e-05
8.538522276e-05
8.517969653e-05
9.430315615e-05
9.402891089e-05
0.0001029976647
8.864928152e-05
8.358331762e-05
8.325672651e-05
0.0001012183213
0.0001099340834
9.563269959e-05
9.516542498e-05
9.456577819e-05
8.957972275e-05
9.787201607e-05
8.84561677e-05
8.782094418e-05
9.163318195e-05
9.959959534e-05
8.602699791e-05
9.387766395e-05
9.320821597e-05
9.243567422e-05
9.173946536e-05
9.095026382e-05
8.612913737e-05
8.942830042e-05
9.271953228e-05
8.787640973e-05
7.919928474e-05
9.414646893e-05
8.941739234e-05
9.240859042e-05
9.15551535e-05
9.44351197e-05
9.353679831e-05
8.88996125e-05
9.536717454e-05
8.713963362e-05
8.986257149e-05
9.605554052e-05
0.0001021169288
9.060097405e-05
8.276481213e-05
9.895119965e-05
8.441109005e-05
9.018561433e-05
8.923693594e-05
9.480340047e-05
9.703637562e-05
9.596568081e-05
9.811432625e-05
9.38890128e-05
9.908692789e-05
9.796824958e-05
8.178554804e-05
8.684214287e-05
9.777678671e-05
9.07942397e-05
8.983928274e-05
8.87973881e-05
9.070297728e-05
9.244478619e-05
8.316753866e-05
8.218970787e-05
8.947687492e-05
8.841878557e-05
9.281988376e-05
8.647570459e-05
9.078978177e-05
8.970584977e-05
9.134708153e-05
9.025225501e-05
9.68086687e-05
9.319209455e-05
8.742793879e-05
9.11721829e-05
9.742631194e-05
8.920615508e-05
9.068881591e-05
9.418508114e-05
9.330970227e-05
9.667479908e-05
8.688066342e-05
9.24282584e-05
9.159872003e-05
9.479536447e-05
8.541843813e-05
9.281927636e-05
9.201726704e-05
9.29661279e-05
9.62756117e-05
9.093154646e-05
8.132284573e-05
0.0001099174505
9.549159569e-05
9.533257503e-05
9.51977509e-05
9.972455841e-05
9.479462113e-05
9.451255914e-05
8.485668449e-05
9.394625892e-05
9.367322578e-05
8.861681744e-05
9.761121863e-05
8.789491322e-05
8.755170409e-05
0.0001008388573
0.0001049588442
9.981247796e-05
0.000103839892
9.421406442e-05
9.370922789e-05
9.750959971e-05
9.253541984e-05
8.312238318e-05
9.12958223e-05
9.923424606e-05
9.428300305e-05
9.778660639e-05
9.708973648e-05
8.791364411e-05
9.140676391e-05
8.650253805e-05
9.807818322e-05
9.315725345e-05
9.640360394e-05
9.552249964e-05
9.469986772e-05
8.990289134e-05
9.297376702e-05
9.208173411e-05
9.123171573e-05
9.033870885e-05
9.320804514e-05
8.858837912e-05
8.77233777e-05
9.045424024e-05
8.954982889e-05
9.572252198e-05
8.421782099e-05
8.681568273e-05
9.278933755e-05
9.181043972e-05
9.085097126e-05
8.987703236e-05
8.563802923e-05
8.79644053e-05
9.348231672e-05
8.926381445e-05
0.0001009355558
9.357126257e-05
8.949375553e-05
8.848418269e-05
8.754746772e-05
8.654996764e-05
9.154197586e-05
8.757050833e-05
9.242614571e-05
9.706453666e-05
9.604921191e-05
9.492776208e-05
8.565252603e-05
9.82984582e-05
8.917821521e-05
9.613528396e-05
9.251040572e-05
9.14111357e-05
9.307265554e-05
9.196165831e-05
9.610081603e-05
9.494911264e-05
9.153829329e-05
9.288177414e-05
9.197767841e-05
9.565096422e-05
8.762830728e-05
9.35880709e-05
9.038632624e-05
8.700201544e-05
9.753458671e-05
8.962928957e-05
9.325085792e-05
9.86984484e-05
8.694456745e-05
9.877141896e-05
9.364476972e-05
8.830190059e-05
8.962326241e-05
8.853432646e-05
8.778463545e-05
9.058608076e-05
8.57794526e-05
9.521749972e-05
0.0001046420157
9.022246983e-05
9.483679335e-05
9.461612253e-05
7.554861656e-05
8.003206361e-05
8.4536113e-05
9.359205292e-05
8.39881993e-05
7.899061699e-05
9.724442983e-05
9.678289815e-05
0.0001055866846
8.21963683e-05
0.0001045671376
9.492105244e-05
9.895588204e-05
9.386495718e-05
8.447068343e-05
8.831805224e-05
9.219439583e-05
9.589351662e-05
8.662946439e-05
9.027403973e-05
9.393883949e-05
8.895872798e-05
8.832517848e-05
0.0001001092048
9.107646688e-05
9.439985609e-05
8.550991721e-05
8.878787712e-05
9.605887478e-05
9.121633836e-05
9.436300744e-05
9.347932863e-05
9.26447739e-05
9.175718187e-05
9.091055514e-05
9.002193995e-05
9.288159481e-05
8.827931736e-05
9.47024684e-05
9.374583325e-05
8.923925558e-05
9.892483437e-05
9.092102638e-05
0.0001003598501
9.247046821e-05
8.810732493e-05
9.724678191e-05
8.957055489e-05
9.847638099e-05
8.766561932e-05
0.0001060153141
8.896171883e-05
8.801986609e-05
9.014713396e-05
9.841879279e-05
9.122757272e-05
9.026192108e-05
8.923422603e-05
7.946283095e-05
9.600535571e-05
9.787436416e-05
9.389525596e-05
9.009756647e-05
9.182881099e-05
8.536717614e-05
8.980716905e-05
9.157492271e-05
9.315429663e-05
9.483735553e-05
9.110764373e-05
9.276360173e-05
9.165648158e-05
9.074069455e-05
9.463406083e-05
9.123449498e-05
9.013736846e-05
9.408478127e-05
9.056666657e-05
8.733725502e-05
8.861315718e-05
8.777595423e-05
9.127629583e-05
9.268856065e-05
8.933053844e-05
8.630143858e-05
8.962493972e-05
9.09869216e-05
9.630080339e-05
8.69678669e-05
9.21963271e-05
9.347712943e-05
9.439239794e-05
8.952396411e-05
9.02432301e-05
9.969731131e-05
9.01144852e-05
8.529242077e-05
8.515097891e-05
9.920249086e-05
9.425918864e-05
0.0001034875896
8.911082503e-05
0.0001076118307
8.857848242e-05
9.761836107e-05
9.258204226e-05
9.226703546e-05
8.723850559e-05
9.147190427e-05
0.0001000884014
9.058986421e-05
9.006589134e-05
0.0001030707207
9.35184276e-05
0.0001018768566
8.799341805e-05
8.310769749e-05
8.251410661e-05
9.494414363e-05
8.137908996e-05
8.083392768e-05
8.86363858e-05
9.219627648e-05
8.727975775e-05
8.249868028e-05
9.815090436e-05
9.331826587e-05
9.651391952e-05
9.17284105e-05
9.08925957e-05
9.402853518e-05
9.314929158e-05
9.23181009e-05
9.143490945e-05
9.814095174e-05
8.970738476e-05
8.885512628e-05
9.163792144e-05
9.4373578e-05
9.342151626e-05
9.604529538e-05
9.506336453e-05
9.060824694e-05
9.31182352e-05
9.215378294e-05
8.780666289e-05
8.688946109e-05
9.257231457e-05
8.832774466e-05
8.413297265e-05
9.605149294e-05
9.816112478e-05
9.398907329e-05
9.60402433e-05
8.582708118e-05
9.092184698e-05
8.995953595e-05
0.000100794144
8.213057469e-05
9.568530053e-05
8.320282342e-05
8.507536964e-05
8.979788166e-05
8.875044017e-05
9.057299355e-05
9.222181202e-05
9.664018627e-05
9.284579088e-05
9.189759977e-05
9.080616032e-05
9.24565936e-05
9.389091594e-05
9.044051009e-05
8.935682481e-05
9.093270648e-05
9.469537898e-05
9.136904396e-05
8.789146944e-05
9.175343409e-05
9.064380503e-05
9.208960048e-05
8.869920595e-05
9.012788356e-05
8.680792797e-05
9.263122913e-05
8.496922926e-05
9.068407688e-05
8.958091365e-05
9.724824423e-05
8.979961451e-05
9.93755486e-05
8.794041628e-05
9.125162983e-05
9.46346999e-05
9.932145014e-05
8.032493209e-05
8.497108644e-05
9.425607792e-05
9.412302823e-05
7.981919701e-05
0.0001030987752
9.812147874e-05
6.991848488e-05
8.824701404e-05
9.72532415e-05
9.223654493e-05
9.651906012e-05
9.606280307e-05
9.113184752e-05
8.611952669e-05
0.0001083051449
8.524659287e-05
9.822559267e-05
8.87375688e-05
0.0001015024997
9.205471975e-05
0.000100236008
9.086732561e-05
9.889834065e-05
8.961896561e-05
9.325799561e-05
0.0001009329957
8.768819998e-05
9.524872826e-05
9.453311815e-05
9.780013624e-05
8.894237229e-05
9.617079396e-05
9.537676022e-05
9.450901873e-05
8.97924079e-05
8.895401108e-05
9.199372356e-05
9.491134676e-05
9.027496996e-05
8.939502016e-05
9.961434709e-05
8.766761844e-05
9.766415501e-05
8.593794046e-05
8.862452715e-05
9.122839402e-05
9.377059719e-05
8.59260898e-05
9.864216748e-05
9.4239434e-05
9.65858083e-05
8.896382796e-05
8.476845865e-05
9.674899503e-05
9.891854736e-05
9.467530785e-05
8.430595522e-05
9.880617237e-05
8.553965674e-05
9.967997988e-05
9.563644808e-05
9.454909809e-05
7.893361696e-05
9.536737222e-05
9.436454718e-05
9.044618517e-05
8.950018388e-05
8.845671771e-05
9.574435437e-05
9.4620496e-05
9.096965823e-05
8.989534116e-05
8.897725321e-05
9.050666559e-05
9.21516109e-05
9.105216446e-05
9.264625813e-05
9.153623579e-05
9.063290794e-05
9.196309032e-05
9.106773737e-05
9.233674915e-05
8.676091249e-05
8.802799112e-05
9.408011873e-05
9.067279503e-05
8.758413961e-05
8.873897137e-05
9.452269466e-05
8.903029081e-05
9.899116924e-05
9.35346461e-05
0.0001011390763
9.366308575e-05
9.079068274e-05
9.579959641e-05
9.296774951e-05
8.485129518e-05
9.894841233e-05
0.0001082669466
0.0001034637563
8.451236509e-05
8.439314359e-05
8.887567247e-05
9.337533775e-05
9.775480669e-05
9.287640925e-05
8.329075312e-05
9.227699339e-05
9.189361666e-05
9.158135068e-05
8.20343648e-05
9.533402528e-05
7.676970732e-05
8.992118761e-05
7.599260775e-05
0.0001023128605
8.39917511e-05
9.67338889e-05
8.29836942e-05
8.250183651e-05
9.915986115e-05
9.853951758e-05
8.929498082e-05
9.714495493e-05
9.637948374e-05
8.737314365e-05
9.490779911e-05
9.009974448e-05
9.339137189e-05
9.668297518e-05
8.784425788e-05
9.503932286e-05
9.417595399e-05
9.336665387e-05
8.864215315e-05
9.167161775e-05
9.458032145e-05
9.370885255e-05
8.908482334e-05
9.559245427e-05
9.100514261e-05
8.65131721e-05
8.564267809e-05
9.53859542e-05
9.091643704e-05
8.998909992e-05
0.0001061856595
0.0001016965283
9.392002635e-05
9.293941468e-05
9.194737112e-05
9.098116767e-05
9.963780846e-05
9.85861346e-05
9.12128479e-05
9.958358269e-05
8.616671629e-05
8.829894209e-05
9.031650195e-05
8.936080332e-05
8.540066577e-05
9.324046763e-05
8.641049966e-05
8.550191116e-05
9.014729793e-05
9.756737094e-05
9.643039548e-05
9.27020104e-05
8.35306872e-05
8.800325129e-05
9.487015122e-05
8.607612426e-05
8.763173595e-05
9.184863365e-05
9.327390064e-05
9.234178426e-05
8.876967751e-05
9.277656837e-05
8.683663036e-05
8.837976907e-05
8.967332399e-05
9.114994024e-05
9.466500434e-05
9.83446173e-05
9.037402743e-05
9.177220042e-05
9.065726917e-05
9.640167484e-05
8.657162501e-05
8.364979579e-05
9.534343168e-05
9.030354691e-05
9.127742523e-05
8.843255804e-05
9.344891569e-05
9.265813133e-05
8.453375505e-05
8.918976941e-05
9.379307526e-05
8.433562711e-05
9.822940967e-05
8.874893046e-05
8.854414609e-05
9.30271327e-05
9.275320465e-05
9.715730216e-05
9.220154136e-05
9.653113542e-05
8.697556746e-05
9.58044317e-05
9.989397976e-05
9.950518954e-05
0.0001034826769
8.95905375e-05
8.907530128e-05
9.307391227e-05
9.689849972e-05
8.761911233e-05
8.703367856e-05
8.220220656e-05
9.020959255e-05
9.818328886e-05
8.897333009e-05
8.837845214e-05
8.768322463e-05
9.53518044e-05
9.045759308e-05
9.794051905e-05
8.901389567e-05
9.634035353e-05
9.151298498e-05
8.286623166e-05
8.993501069e-05
9.303919527e-05
9.217301658e-05
9.135175972e-05
9.048153328e-05
8.964821025e-05
9.617483614e-05
8.793441087e-05
8.706433826e-05
8.621582015e-05
8.890566424e-05
9.153893833e-05
0.0001010612147
8.623335451e-05
0.0001058254286
9.121660947e-05
9.360277655e-05
9.262569847e-05
9.491084054e-05
9.715210348e-05
8.969385273e-05
9.191685503e-05
8.777351093e-05
9.614962862e-05
8.894709444e-05
9.103986937e-05
9.601796494e-05
0.0001009396712
9.098830715e-05
9.002790984e-05
9.186696913e-05
9.09010614e-05
8.704255522e-05
9.446758781e-05
9.336725864e-05
9.239723667e-05
9.399923105e-05
9.037234221e-05
9.455905381e-05
9.359327684e-05
9.2482523e-05
9.154764213e-05
9.296842413e-05
9.452685389e-05
9.585223691e-05
9.003920249e-05
9.616912056e-05
9.523268085e-05
8.937944667e-05
9.08511606e-05
8.284784473e-05
8.890364976e-05
8.78252917e-05
9.37017544e-05
8.815518774e-05
9.39008132e-05
9.275779685e-05
9.192531724e-05
9.925201384e-05
8.372587988e-05
9.304279934e-05
9.223933511e-05
9.313859898e-05
9.235056859e-05
7.953977257e-05
9.821068051e-05
9.344360338e-05
0.0001026928814
0.0001025239831
0.0001023795306
9.285798301e-05
8.804743923e-05
9.702962294e-05
9.218768182e-05
0.0001010463801
9.159437023e-05
9.121535354e-05
9.090578209e-05
9.047860018e-05
9.463301432e-05
8.068950665e-05
9.372542567e-05
0.0001020624185
9.273423213e-05
0.0001053228837
9.166569037e-05
7.371064078e-05
9.914784937e-05
9.416448782e-05
9.357616443e-05
9.287560678e-05
9.225503543e-05
9.569100001e-05
9.501165762e-05
9.833030671e-05
9.352652255e-05
8.466737569e-05
9.600015164e-05
9.119107209e-05
9.043941245e-05
8.962028376e-05
8.885094119e-05
9.185212335e-05
9.1034126e-05
9.016814401e-05
8.93380827e-05
8.847084341e-05
9.493437561e-05
9.038104278e-05
8.95005263e-05
9.214638172e-05
9.473560392e-05
9.37719139e-05
8.937835703e-05
9.866327001e-05
8.754146063e-05
9.328766278e-05
8.901716113e-05
9.785443811e-05
9.35990279e-05
9.897223872e-05
8.84510667e-05
9.373007344e-05
9.273851947e-05
9.782296295e-05
9.981182256e-05
8.971916422e-05
0.0001035649858
9.946452102e-05
9.262563809e-05
8.58419441e-05
8.777074971e-05
8.675680415e-05
8.861881704e-05
9.306129447e-05
8.938579977e-05
9.369164792e-05
8.477799162e-05
8.901387946e-05
9.069602543e-05
8.961991873e-05
9.12486169e-05
9.266494198e-05
9.17388011e-05
8.819019593e-05
9.217080461e-05
9.106240172e-05
9.254866691e-05
9.377630448e-05
8.823242731e-05
8.716459067e-05
9.315718548e-05
9.651603725e-05
9.561867404e-05
9.006282104e-05
9.794609059e-05
8.600289458e-05
9.801569729e-05
9.471568945e-05
0.000100140344
9.067493293e-05
9.397799147e-05
8.879423481e-05
9.20450409e-05
9.322861314e-05
8.38679353e-05
8.844188978e-05
9.30106687e-05
9.285800561e-05
9.736361444e-05
8.326275006e-05
9.695537865e-05
9.206766755e-05
7.807006425e-05
9.60977489e-05
8.213114879e-05
9.087996286e-05
9.510030775e-05
9.014694092e-05
8.530670729e-05
8.932748886e-05
9.783012696e-05
7.516288655e-05
9.239702236e-05
8.307837175e-05
0.000104381411
9.072566915e-05
9.449512804e-05
9.382613733e-05
8.476391542e-05
9.254345116e-05
9.610392372e-05
9.949610467e-05
8.644141344e-05
8.98169128e-05
8.914374894e-05
9.240420744e-05
9.566234398e-05
9.482234716e-05
9.404118634e-05
9.319069766e-05
9.239112091e-05
9.15334567e-05
9.071869347e-05
8.985691813e-05
8.903009345e-05
8.816701625e-05
8.733112835e-05
9.367507957e-05
9.276280706e-05
9.536505771e-05
8.742013249e-05
8.653195866e-05
9.250208706e-05
9.494009642e-05
9.060234556e-05
9.297466356e-05
9.200457711e-05
9.427653319e-05
8.685290866e-05
9.227872705e-05
8.500833924e-05
0.0001058750658
9.243106346e-05
8.835897666e-05
9.345277219e-05
9.240423022e-05
9.142675008e-05
9.330595614e-05
0.0001009763715
9.126449367e-05
8.466096332e-05
9.205182139e-05
9.384942755e-05
9.275732903e-05
9.44934755e-05
9.071789771e-05
9.242349024e-05
9.133341387e-05
9.040052547e-05
9.188041906e-05
9.347797037e-05
8.986712569e-05
9.144025297e-05
8.790328301e-05
9.187087947e-05
8.598891793e-05
8.988212458e-05
9.580775664e-05
9.257378384e-05
8.916687206e-05
8.605938963e-05
8.501495121e-05
9.530664931e-05
9.633693844e-05
8.894812811e-05
9.215042157e-05
9.132339829e-05
9.65027948e-05
9.149415189e-05
9.24306746e-05
8.552380663e-05
9.051271395e-05
8.974714708e-05
8.359523635e-05
9.748386793e-05
8.347717314e-05
9.266673507e-05
9.714069116e-05
9.70039897e-05
9.21728871e-05
9.199792702e-05
8.25558166e-05
9.150909376e-05
0.0001003040213
9.092177237e-05
8.149232658e-05
9.024010746e-05
8.532681903e-05
7.604847795e-05
9.790258999e-05
8.861301804e-05
8.370095098e-05
9.206225609e-05
8.277831054e-05
9.533770654e-05
8.609464885e-05
9.415563975e-05
8.924065466e-05
9.290685174e-05
9.6405193e-05
9.159829501e-05
9.914325166e-05
9.844027083e-05
8.543178376e-05
9.69049921e-05
9.20797739e-05
9.532690535e-05
8.661686302e-05
9.371311692e-05
9.286684413e-05
9.207045765e-05
9.121699353e-05
9.040543935e-05
9.327899305e-05
9.242106298e-05
9.152632161e-05
9.065893817e-05
8.617482684e-05
8.889156602e-05
9.856191633e-05
8.712413137e-05
8.624005391e-05
9.219030401e-05
9.462126052e-05
9.698706896e-05
8.604491783e-05
8.514733481e-05
9.396254833e-05
8.335776413e-05
9.197256623e-05
8.158844325e-05
8.690297802e-05
9.826734863e-05
8.806782464e-05
9.31449643e-05
9.507165434e-05
9.406606234e-05
9.300026172e-05
8.626768485e-05
9.380890364e-05
9.000993216e-05
9.731229949e-05
9.079209565e-05
9.245534281e-05
9.1494822e-05
9.308248122e-05
8.685884612e-05
9.363788407e-05
9.268142894e-05
9.158229753e-05
9.569285473e-05
9.455209624e-05
9.360698335e-05
9.005207064e-05
8.675327362e-05
9.047168059e-05
8.723288382e-05
9.083845038e-05
8.535279503e-05
9.571395322e-05
9.255189134e-05
8.473847028e-05
9.499665437e-05
9.384080651e-05
9.082078444e-05
8.97136673e-05
9.102538515e-05
9.409615927e-05
8.704973278e-05
9.212762269e-05
9.539150323e-05
9.422467281e-05
9.14400104e-05
0.0001035293059
8.277261832e-05
9.297259328e-05
8.254841605e-05
0.0001029034327
0.0001130026419
0.0001023353485
8.168284687e-05
9.144432912e-05
0.0001215771722
6.043177622e-05
8.029654888e-05
9.968903433e-05
9.928283099e-05
9.852346259e-05
7.844961638e-05
7.77874319e-05
4.836019586e-05
0.0001150003035
7.621653713e-05
8.490047485e-05
8.435332063e-05
8.347303815e-05
8.28893187e-05
0.0001001969577
8.136328364e-05
8.043055463e-05
8.865176886e-05
9.635702042e-05
9.554130984e-05
8.578967732e-05
0.0001020324489
0.0001007463508
9.149407192e-05
9.852509448e-05
9.757659843e-05
9.629501436e-05
9.533798518e-05
8.622742424e-05
9.310570463e-05
9.184805084e-05
9.088853134e-05
8.964847417e-05
8.869420642e-05
8.7474721e-05
9.37402651e-05
9.244410629e-05
9.846682897e-05
8.322871518e-05
0.0001028888905
8.793021003e-05
0.0001003331843
0.0001055328713
8.479226123e-05
9.004523979e-05
9.540426322e-05
9.408086569e-05
0.0001054417756
9.786754667e-05
8.468776816e-05
9.545447846e-05
7.670488608e-05
0.0001047542437
0.000103612603
8.517131411e-05
7.863498967e-05
8.865822023e-05
9.319325828e-05
9.194995581e-05
9.633132416e-05
0.0001003409116
9.406958388e-05
8.768475649e-05
0.0001020987071
9.070621588e-05
9.477589699e-05
8.372407173e-05
9.751619213e-05
9.629947143e-05
0.0001048883662
9.889371362e-05
9.793629636e-05
9.675956038e-05
8.670922228e-05
9.019981013e-05
8.935146791e-05
9.274219241e-05
9.188154362e-05
9.085446093e-05
9.002164696e-05
9.328452536e-05
0.000100842266
9.146708285e-05
9.064544587e-05
8.972616943e-05
8.892606432e-05
9.206215609e-05
9.124539858e-05
9.039486188e-05
9.349040134e-05
8.214575495e-05
8.209554367e-05
0.0001127046816
8.187417727e-05
0.0001020645989
0.0001018926821
9.135350661e-05
0.0001114019937
0.0001007827654
0.0001004953069
7.992710358e-05
0.000109519947
9.889131438e-05
8.86404186e-05
0.0001075143562
8.755532046e-05
0.0001061138061
8.636267705e-05
0.0001045918561
7.562111674e-05
0.0001029620472
8.370011904e-05
7.362773762e-05
8.225339993e-05
9.943386956e-05
9.868846698e-05
0.0001064320757
0.0001055819457
9.563780974e-05
9.483004254e-05
9.367157926e-05
9.284071445e-05
9.167582667e-05
9.082713664e-05
8.966153496e-05
8.072736486e-05
9.560599046e-05
9.465760736e-05
8.56169166e-05
9.244818288e-05
9.120449354e-05
9.777435742e-05
9.644562126e-05
9.542053078e-05
8.687408364e-05
8.593658599e-05
9.887820394e-05
8.382730239e-05
9.644602591e-05
8.17575272e-05
9.406181344e-05
8.637570363e-05
8.517777408e-05
7.77523042e-05
8.945384154e-05
0.0001137341445
8.723641334e-05
9.243106321e-05
0.0001093882792
7.813008784e-05
8.298547819e-05
9.379932029e-05
9.251950727e-05
0.0001086700155
9.027157574e-05
7.81351013e-05
9.360302848e-05
0.0001089452958
9.137023124e-05
0.0001010421014
9.971046112e-05
9.34785708e-05
8.200976348e-05
0.0001116048668
7.511594678e-05
8.922625205e-05
8.32014426e-05
0.0001017526653
9.091392872e-05
9.949606406e-05
8.891735601e-05
8.342176154e-05
8.241941128e-05
9.523843809e-05
0.0001030820318
0.0001021122718
9.21620642e-05
9.565452703e-05
9.888335523e-05
9.797677577e-05
9.269787902e-05
7.933132993e-05
9.088977826e-05
9.007333679e-05
9.726266253e-05
8.836253622e-05
9.147577097e-05
9.460643538e-05
9.372096927e-05
8.515111297e-05
9.166394854e-05
0.00010178682
7.113988248e-05
9.136222127e-05
9.111539731e-05
8.085537473e-05
0.0001107544304
0.0001004588748
6.998174095e-05
9.96894387e-05
0.000109022188
0.0001185232401
9.810625993e-05
5.862507571e-05
9.69695369e-05
8.68658548e-05
0.0001052831064
8.56877192e-05
7.547606027e-05
0.0001031730251
9.288113385e-05
9.228550669e-05
9.133240714e-05
9.976653413e-05
9.868231675e-05
5.342417175e-05
8.802959686e-05
0.0001047937163
7.766939121e-05
0.0001026864951
9.298473589e-05
9.216176194e-05
9.928432067e-05
9.016985408e-05
8.092525345e-05
9.617915612e-05
9.492675691e-05
9.398687174e-05
9.274362895e-05
9.179988298e-05
9.056989199e-05
8.962679376e-05
8.841354517e-05
8.747520829e-05
8.628163847e-05
8.535176603e-05
8.418030986e-05
9.020070487e-05
9.580063874e-05
8.121133856e-05
8.008966418e-05
9.240394111e-05
9.112660049e-05
9.011523077e-05
0.0001079137669
9.416080086e-05
8.048061622e-05
0.0001040775175
8.453257254e-05
9.554223898e-05
0.000106013769
9.902539831e-05
9.767742761e-05
9.661372589e-05
8.970105356e-05
8.31873519e-05
9.301420062e-05
9.202116193e-05
8.545672559e-05
0.0001004091685
9.908788355e-05
9.28949377e-05
7.640544024e-05
9.074447964e-05
0.0001094855702
8.867178991e-05
9.727682092e-05
7.22294739e-05
8.559514658e-05
8.946209798e-05
8.83663617e-05
9.672205478e-05
9.100941218e-05
9.915482302e-05
9.798830762e-05
9.265412375e-05
7.850498451e-05
9.938058511e-05
8.972224328e-05
9.736612244e-05
0.0001004929802
9.958165433e-05
9.442515701e-05
9.357696798e-05
9.262296153e-05
8.780610534e-05
8.694477332e-05
9.009095215e-05
9.312455399e-05
8.845555973e-05
0.0001010288879
0.0001009676125
9.073022189e-05
9.062798726e-05
0.0001004273005
7.018127055e-05
9.988087581e-05
0.0001195874922
8.926015106e-05
7.911711374e-05
9.832592087e-05
8.818894444e-05
0.0001070669289
0.0001066338357
9.621081177e-05
9.576351432e-05
0.0001044653117
0.0001039172807
0.0001029798288
9.307219491e-05
9.217142092e-05
0.0001007399579
8.157670045e-05
9.901270167e-05
9.794203967e-05
8.837391021e-05
9.61132255e-05
9.534907149e-05
9.423112385e-05
9.343881246e-05
8.391626519e-05
8.317515256e-05
9.035501171e-05
9.766038131e-05
8.838320088e-05
9.549533834e-05
9.425710651e-05
9.332557478e-05
9.209615377e-05
9.116061226e-05
8.994406054e-05
9.642638551e-05
8.780875198e-05
9.41180378e-05
9.998008886e-05
9.183942295e-05
0.0001045194429
9.648875147e-05
8.836641507e-05
8.067239921e-05
8.619212725e-05
9.179599985e-05
9.699768702e-05
8.313241414e-05
9.460076566e-05
8.731440302e-05
7.996274314e-05
9.124283118e-05
9.599127562e-05
9.493225929e-05
8.193156419e-05
9.839709431e-05
7.993239439e-05
8.470956621e-05
9.470880365e-05
8.817617389e-05
9.786995442e-05
8.60669184e-05
7.43090676e-05
9.453232007e-05
8.810744996e-05
7.693212266e-05
9.618135879e-05
8.51727613e-05
9.891776187e-05
0.0001028115389
0.0001015109332
9.571204693e-05
0.0001086978529
0.0001076288949
0.0001016888099
9.612615531e-05
9.044869615e-05
9.406441422e-05
8.410432799e-05
0.0001008522031
9.969219878e-05
9.01780144e-05
9.765871311e-05
9.676303391e-05
8.7385245e-05
9.483963186e-05
8.975675887e-05
8.895051378e-05
9.204322082e-05
9.518906013e-05
9.425230804e-05
8.95246147e-05
8.482437476e-05
9.171824829e-05
0.0001002220407
0.0001001614862
0.0001000073444
9.989495615e-05
8.966537413e-05
8.951542708e-05
0.0001089975425
8.897970248e-05
7.871564013e-05
0.0001079274501
8.779779364e-05
9.721834004e-05
9.657295982e-05
9.618323964e-05
9.546386755e-05
0.000104523215
7.538918079e-05
9.374329637e-05
9.290209702e-05
6.465322148e-05
9.14724717e-05
9.088870453e-05
9.895550019e-05
9.827017564e-05
7.070020833e-05
7.894569092e-05
8.673136628e-05
7.743903423e-05
9.354318526e-05
0.000101190975
9.997181448e-05
9.083321891e-05
8.970877433e-05
8.888342088e-05
9.573557052e-05
9.482117557e-05
9.359683789e-05
9.267351865e-05
9.14576564e-05
9.05301834e-05
8.932681864e-05
9.576624205e-05
8.721217675e-05
8.628926328e-05
8.512066332e-05
9.122282492e-05
8.997985317e-05
8.900072608e-05
8.778290354e-05
8.014056578e-05
9.221469999e-05
8.468200539e-05
9.636801342e-05
8.259347917e-05
7.519316254e-05
0.0001053425798
8.556314547e-05
9.066009834e-05
7.749766174e-05
0.0001002256451
9.304523699e-05
8.627357035e-05
8.51045639e-05
0.0001010141655
9.965404526e-05
8.762612168e-05
0.0001026653752
0.0001069155087
8.967410378e-05
9.916679662e-05
9.786576445e-05
0.0001019436281
9.05588139e-05
9.460762387e-05
9.339519362e-05
0.0001021804989
9.128045306e-05
8.561286823e-05
8.454707925e-05
9.766802338e-05
0.0001056603154
0.0001000869608
9.888433174e-05
9.348819012e-05
9.238760891e-05
9.151778014e-05
8.184876439e-05
8.53563072e-05
9.705769718e-05
9.198618047e-05
9.098139174e-05
8.196014245e-05
8.920077661e-05
9.643585613e-05
9.544767896e-05
9.065555134e-05
9.366322918e-05
9.283341192e-05
8.812278439e-05
9.114236663e-05
9.942797878e-05
7.949450412e-05
0.0001091376597
6.937339368e-05
8.895753281e-05
9.867679649e-05
5.898536511e-05
9.808885232e-05
9.762343362e-05
7.787804738e-05
9.679234077e-05
8.681485664e-05
0.0001054065577
9.543834781e-05
9.472843197e-05
8.486110567e-05
9.351568444e-05
0.0001023301842
0.0001014167381
9.166205906e-05
0.0001089408518
9.02060405e-05
8.928847652e-05
8.86715487e-05
9.649431265e-05
9.577770369e-05
8.609650528e-05
9.395658825e-05
9.286521853e-05
9.208781301e-05
9.925455275e-05
8.198473469e-05
9.716914402e-05
9.627695097e-05
9.506269709e-05
9.415646477e-05
9.294575524e-05
9.2030511e-05
9.08279514e-05
8.990841422e-05
8.871799066e-05
9.511507593e-05
9.384229088e-05
8.570826842e-05
9.159779817e-05
9.061445118e-05
0.0001031355943
9.521360202e-05
8.720704767e-05
8.625034022e-05
8.507108224e-05
8.413210385e-05
8.936336482e-05
0.000100998753
9.338993948e-05
8.619820296e-05
0.000109310867
9.609041242e-05
8.293240518e-05
0.0001054522929
0.0001040195364
8.573303441e-05
9.58505063e-05
8.365399438e-05
8.803195073e-05
9.252557009e-05
0.0001020315014
0.0001009428362
0.0001100926674
0.0001037442829
9.726594053e-05
8.105507675e-05
8.000470756e-05
9.897823058e-05
0.0001025966585
8.221293757e-05
8.594956008e-05
8.981862284e-05
7.469565493e-05
9.245096476e-05
8.218762406e-05
9.495611607e-05
8.488035249e-05
8.84942693e-05
8.307953179e-05
9.095999702e-05
8.991235699e-05
8.907699341e-05
8.807585677e-05
9.557899589e-05
9.042326897e-05
9.36758799e-05
9.26812598e-05
9.184876407e-05
9.485764416e-05
9.401245108e-05
9.30814681e-05
9.225708056e-05
9.138000005e-05
9.057367155e-05
8.878176068e-05
9.858724331e-05
7.874975021e-05
0.0001081598546
7.845402642e-05
5.874257697e-05
0.0001072955229
0.0001070558515
0.0001065507405
9.65911938e-05
6.723034587e-05
5.742916402e-05
9.508684998e-05
9.470490496e-05
0.0001128050893
0.0001122843494
9.280583551e-05
0.0001107869211
8.235233422e-05
0.0001000701838
6.307412969e-05
9.848691048e-05
8.86273452e-05
8.80164004e-05
9.578638104e-05
9.507664505e-05
0.0001025650451
9.3275488e-05
7.543391596e-05
8.311532578e-05
9.85475099e-05
8.954243438e-05
8.84436406e-05
9.55998304e-05
9.439921618e-05
8.570925782e-05
9.230366821e-05
9.139636477e-05
9.020685841e-05
8.929512752e-05
9.546052286e-05
8.720557409e-05
8.604301917e-05
8.513504504e-05
8.399051669e-05
9.693830278e-05
0.0001092878095
0.0001081012379
8.66386978e-05
8.568913369e-05
9.102307266e-05
9.644919006e-05
9.513287753e-05
8.15363039e-05
0.0001051688859
7.953282705e-05
0.0001025863107
7.161334494e-05
8.829899368e-05
0.0001106134569
0.000103371361
9.087917825e-05
7.284330156e-05
0.0001053056159
9.842546411e-05
9.195549824e-05
7.47197735e-05
8.4483057e-05
8.857790851e-05
9.795479299e-05
9.667342453e-05
8.056134026e-05
7.45487529e-05
8.853919697e-05
8.255093476e-05
8.652117988e-05
8.06832066e-05
0.0001033707906
8.352436752e-05
7.810787332e-05
9.076738921e-05
0.0001033704476
8.436688854e-05
8.795872833e-05
9.996095634e-05
9.901935015e-05
8.511141656e-05
8.853650387e-05
8.75404067e-05
9.086743899e-05
9.395704075e-05
8.500859227e-05
8.810922282e-05
9.128679461e-05
9.034674031e-05
9.343498739e-05
9.250688927e-05
9.168786104e-05
9.081291713e-05
9.001202936e-05
7.830161156e-05
0.0001076003874
0.0001172045454
8.780538938e-05
0.0001070359355
7.771503573e-05
7.742857579e-05
9.657000148e-05
0.0001057285904
7.667719303e-05
8.577527779e-05
0.0001044791387
0.0001037968974
9.398264913e-05
9.329103892e-05
7.42890978e-05
0.0001013173501
9.162803359e-05
7.265482843e-05
9.029401538e-05
8.943781211e-05
7.998391982e-05
8.797593254e-05
9.610794842e-05
8.644432843e-05
8.580524985e-05
8.485426351e-05
9.26041914e-05
9.153834575e-05
9.077532402e-05
9.785046908e-05
8.891070207e-05
7.984032852e-05
9.493216776e-05
9.374493247e-05
9.285461494e-05
9.167039162e-05
9.077089805e-05
8.959420196e-05
8.869015088e-05
0.0001021123805
0.000108275715
8.547011732e-05
9.161689142e-05
9.734272669e-05
8.94217271e-05
0.0001085737723
0.000100683982
8.607770811e-05
9.168404342e-05
9.04387338e-05
8.305345153e-05
8.822529979e-05
8.724993891e-05
9.220971712e-05
7.29515837e-05
7.195959338e-05
8.302533914e-05
9.35987013e-05
9.835380607e-05
9.131663431e-05
8.4672031e-05
0.0001002388848
0.0001046575808
9.238788251e-05
0.0001075204801
0.0001113961019
8.396797857e-05
9.839742344e-05
9.223563164e-05
9.608808369e-05
8.00735824e-05
8.397840814e-05
9.289366315e-05
0.000106186882
8.599972915e-05
8.019774184e-05
8.873747093e-05
0.0001014716196
0.0001050398434
8.571074231e-05
9.828156124e-05
9.268692566e-05
9.180111175e-05
9.935928442e-05
9.842311431e-05
9.305810783e-05
9.219313063e-05
8.701142774e-05
9.031821123e-05
9.338764977e-05
8.851684879e-05
9.55346215e-05
9.073166006e-05
9.369919203e-05
8.899521716e-05
9.193936052e-05
9.112562254e-05
9.025282917e-05
9.318469757e-05
0.0001068314905
9.706171959e-05
0.0001066071306
9.680777709e-05
8.689951213e-05
9.639501814e-05
6.722917143e-05
0.0001054108874
0.0001049190306
9.511318399e-05
0.0001134955401
0.0001036837737
9.364578488e-05
7.461706107e-05
8.332971957e-05
9.216311453e-05
9.141798366e-05
0.0001000384009
8.113016646e-05
9.858771286e-05
0.0001065354705
8.82182223e-05
9.606742838e-05
7.806125177e-05
9.440122968e-05
8.518624777e-05
9.2671138e-05
9.19424883e-05
7.436374971e-05
9.013301002e-05
8.096934962e-05
8.82878212e-05
9.514221183e-05
9.427376626e-05
9.309965606e-05
8.45323392e-05
9.104574539e-05
9.015393384e-05
8.89898113e-05
9.543442624e-05
8.694030426e-05
9.321364697e-05
9.198019365e-05
9.801318008e-05
0.0001036124834
9.567068281e-05
8.764356651e-05
9.336284362e-05
9.868146525e-05
7.808155278e-05
8.986184961e-05
8.887246448e-05
9.392900213e-05
9.908412278e-05
9.163072205e-05
9.665874906e-05
0.0001072664767
0.000106082096
8.720538578e-05
8.624585375e-05
9.642678218e-05
0.0001122017556
8.855592502e-05
7.116984975e-05
8.642382852e-05
8.549286784e-05
0.0001001759898
8.345914277e-05
8.236064926e-05
9.167879135e-05
9.048295749e-05
9.948961907e-05
9.329486627e-05
8.26164752e-05
8.635978974e-05
9.023366652e-05
9.378598135e-05
9.284904947e-05
0.0001008652361
8.625333086e-05
8.968279773e-05
9.325350569e-05
9.652022293e-05
8.690685946e-05
0.0001030589344
9.358036298e-05
8.829585814e-05
8.747496591e-05
8.648880329e-05
8.569487462e-05
9.282511838e-05
7.998507344e-05
8.704406085e-05
9.410424676e-05
9.313051229e-05
9.230108387e-05
9.137875287e-05
9.434399729e-05
8.969960754e-05
8.890938527e-05
8.673632418e-05
9.631652609e-05
6.732058985e-05
8.645901157e-05
7.665289263e-05
6.696038743e-05
7.62471838e-05
8.558772346e-05
0.00011358739
9.439101234e-05
8.447791847e-05
7.48366741e-05
0.0001022356598
0.0001110848282
8.270695384e-05
8.232775141e-05
9.073950803e-05
0.0001083241265
0.000107376781
9.786282761e-05
8.813092399e-05
8.757494288e-05
7.803127657e-05
9.471856078e-05
9.372356899e-05
0.0001014913353
0.000100376831
9.958928127e-05
9.845329741e-05
7.322704528e-05
9.648555643e-05
8.767360703e-05
9.448522977e-05
9.362443454e-05
9.24632022e-05
9.158827407e-05
9.042955429e-05
9.700740828e-05
8.839352028e-05
9.479649964e-05
8.636346837e-05
8.547380246e-05
8.434690022e-05
8.346047512e-05
9.607554435e-05
8.147076356e-05
8.707832904e-05
7.951012294e-05
7.844053357e-05
9.697903207e-05
8.929227834e-05
8.83099622e-05
9.956097981e-05
9.846194277e-05
9.105895277e-05
0.0001020598441
8.291258998e-05
8.199765451e-05
9.82245015e-05
8.571554028e-05
8.456201097e-05
8.36369678e-05
9.351833142e-05
8.706117652e-05
0.0001020071583
8.497568557e-05
8.385043598e-05
9.332599138e-05
9.209960604e-05
9.619133606e-05
9.49384124e-05
8.900502014e-05
8.785727436e-05
9.661590743e-05
7.630720011e-05
9.441717706e-05
9.788980759e-05
7.845234909e-05
9.115096083e-05
8.574078195e-05
8.023514779e-05
8.38709369e-05
9.158553744e-05
9.502933347e-05
8.110307876e-05
0.000101480272
9.194938223e-05
9.93756409e-05
9.006634426e-05
8.923943589e-05
8.825761364e-05
8.745669964e-05
9.438663217e-05
8.964140291e-05
9.256869378e-05
9.174439044e-05
9.082494048e-05
9.002158109e-05
9.286784036e-05
9.941414858e-05
9.563921854e-05
8.602441911e-05
0.0001049843124
8.580118853e-05
9.508844119e-05
8.543841156e-05
9.458738069e-05
8.494012604e-05
0.0001127307738
7.494377969e-05
9.315982818e-05
7.427551121e-05
8.302297239e-05
0.0001010685518
9.121491951e-05
8.171787154e-05
0.0001080852349
9.856673608e-05
8.882638213e-05
8.831684026e-05
7.874252863e-05
0.0001043291724
9.468570072e-05
8.548983922e-05
8.459597105e-05
8.397465555e-05
8.305669072e-05
9.888769262e-05
9.776469758e-05
9.695484115e-05
8.783250717e-05
8.706787994e-05
9.383725876e-05
9.298398647e-05
8.418244193e-05
9.096796858e-05
8.982164778e-05
8.894482879e-05
8.780516717e-05
8.692342596e-05
9.294375618e-05
8.491172935e-05
9.077931425e-05
8.982656467e-05
8.86360847e-05
8.094496041e-05
7.986492516e-05
9.875192734e-05
0.000103923074
8.993975548e-05
9.506773054e-05
0.0001128272601
0.0001113062583
8.561658676e-05
9.652722649e-05
9.546136138e-05
0.0001000596486
9.313519313e-05
0.000109108812
7.951226135e-05
8.965108843e-05
0.0001052965665
0.0001093563686
9.73520175e-05
8.53839947e-05
0.0001055809037
8.855749688e-05
9.792095373e-05
9.663623525e-05
9.05850405e-05
9.934087586e-05
0.000108137032
9.704021535e-05
8.643855731e-05
8.533749727e-05
9.385824411e-05
8.804351672e-05
9.633880378e-05
0.0001042045887
0.0001031783493
9.305501104e-05
8.337557574e-05
7.803822952e-05
9.44678363e-05
7.638022634e-05
9.667672448e-05
7.894056787e-05
9.467082756e-05
9.767104608e-05
8.064514059e-05
9.570797678e-05
9.48393723e-05
9.38229218e-05
9.2980217e-05
9.201361306e-05
9.11943719e-05
9.027780055e-05
8.947953206e-05
9.230548367e-05
9.881260758e-05
0.0001044074393
8.537395267e-05
8.524741977e-05
8.515329999e-05
8.493456234e-05
0.0001036380195
0.0001032642888
8.430225509e-05
8.391523594e-05
0.0001022769842
9.246579975e-05
8.293803912e-05
9.15642657e-05
9.12005287e-05
9.959758921e-05
9.012995683e-05
9.835356023e-05
9.784702234e-05
0.0001058179341
9.644457283e-05
9.554784688e-05
9.494773632e-05
9.40096354e-05
9.336877213e-05
0.0001007967514
9.171986165e-05
9.072173622e-05
9.819591995e-05
9.708566323e-05
8.825947347e-05
7.136864863e-05
8.647046522e-05
9.319811466e-05
9.235224097e-05
9.121604817e-05
9.035600892e-05
8.922185992e-05
9.571505367e-05
8.72245945e-05
9.354589403e-05
9.233516412e-05
8.43570003e-05
0.0001040660275
8.238021933e-05
0.0001016152819
9.383021747e-05
7.935641335e-05
9.812428207e-05
0.0001032671556
8.29891977e-05
9.447270574e-05
0.0001058930633
7.988868743e-05
8.508564153e-05
9.593232762e-05
0.0001067329393
7.604794382e-05
0.0001157072859
0.0001027378079
8.467424058e-05
8.353999344e-05
9.915228602e-05
9.239429122e-05
8.601539575e-05
9.548258061e-05
9.44548521e-05
9.320850966e-05
7.684591545e-05
0.0001061750049
0.0001000532151
9.87536073e-05
9.283900762e-05
9.164466108e-05
9.547653354e-05
8.483537374e-05
0.0001026364788
9.673950165e-05
9.577261638e-05
8.10726578e-05
8.027407329e-05
0.0001013192027
7.852360895e-05
9.051001717e-05
9.818170535e-05
9.280491857e-05
0.0001002869069
9.086676503e-05
9.82051937e-05
9.709477966e-05
8.417766622e-05
9.117746413e-05
9.034990091e-05
9.326590481e-05
9.242821183e-05
9.146514966e-05
9.06509089e-05
8.973721322e-05
8.894397166e-05
9.174989663e-05
9.458058757e-05
8.47830145e-05
8.473324931e-05
0.0001034101599
8.451512259e-05
0.0001030323292
0.0001122142677
0.0001118117684
9.297099235e-05
9.254643871e-05
8.305994818e-05
8.260383213e-05
0.000100619832
6.362358654e-05
9.958360093e-05
9.886956798e-05
0.0001073664317
8.876319029e-05
8.830703893e-05
7.8791521e-05
7.83415226e-05
7.761660123e-05
8.570018848e-05
0.0001018288974
0.0001011362205
9.174773146e-05
9.10767491e-05
9.009003407e-05
9.751375869e-05
8.838133004e-05
9.562052796e-05
9.45081209e-05
8.588119293e-05
9.256761834e-05
9.937310702e-05
9.060500296e-05
9.723158011e-05
8.863002915e-05
9.508170371e-05
0.0001010935905
8.578420074e-05
0.0001058474888
9.0793595e-05
9.650241757e-05
8.867138647e-05
8.750434226e-05
9.989181937e-05
9.856792014e-05
0.0001040048691
8.337831532e-05
0.0001015009227
7.510806646e-05
9.285469535e-05
7.939568247e-05
9.06013296e-05
0.0001013037614
8.839994687e-05
9.302816265e-05
9.775359481e-05
9.077063833e-05
7.855215292e-05
7.750231358e-05
9.855716089e-05
9.724483414e-05
9.084573748e-05
8.964194089e-05
9.389364003e-05
9.780446948e-05
9.676226157e-05
8.04182925e-05
8.95170794e-05
8.344725518e-05
9.715097969e-05
9.590262053e-05
9.491686484e-05
0.0001030811523
0.0001020359985
0.0001007541621
9.974699965e-05
9.403273459e-05
9.310631193e-05
9.196903735e-05
9.107611888e-05
0.0001028361993
7.638914919e-05
8.387512674e-05
9.970068785e-05
8.6228826e-05
9.356232169e-05
9.652527338e-05
8.766874143e-05
9.458208816e-05
8.981839784e-05
9.271546269e-05
9.188272227e-05
9.471165203e-05
9.011388496e-05
8.920306148e-05
9.578268275e-05
9.120095774e-05
9.03991699e-05
0.0001028516086
9.344676761e-05
0.0001026406543
0.0001025278706
9.297025598e-05
0.000102099641
0.0001109840251
8.305482905e-05
8.267754903e-05
8.244788293e-05
6.377581698e-05
9.080175774e-05
9.924996787e-05
7.189626867e-05
0.000107075032
9.770599517e-05
8.812341068e-05
8.767152022e-05
9.561172573e-05
0.0001037092781
8.562847379e-05
8.509298116e-05
8.426005457e-05
9.205691334e-05
9.110750252e-05
9.044259238e-05
8.946706826e-05
9.684100991e-05
9.575550462e-05
9.496704957e-05
9.386686542e-05
9.305443389e-05
9.194559545e-05
9.870700417e-05
9.00020899e-05
9.658616753e-05
8.804599815e-05
9.445668044e-05
9.326002967e-05
9.232785608e-05
9.815247201e-05
9.714717372e-05
8.218676329e-05
9.488216549e-05
0.0001003260464
8.602479079e-05
9.14183341e-05
7.751410091e-05
0.0001019798484
8.826059854e-05
0.0001181859854
7.99773e-05
8.497862694e-05
8.404326477e-05
0.0001006870265
8.20049027e-05
0.0001040239572
9.144773175e-05
0.0001071426748
0.0001003895248
8.254238514e-05
9.252640735e-05
9.666735969e-05
9.561874574e-05
9.435411986e-05
7.259704478e-05
9.211171324e-05
9.113034132e-05
8.49436177e-05
8.899248664e-05
9.271967428e-05
7.726671881e-05
8.580939011e-05
0.0001038000912
9.782342196e-05
7.377636626e-05
9.106277741e-05
9.916759254e-05
9.348710811e-05
8.37500871e-05
8.708142908e-05
8.623577857e-05
8.093951515e-05
8.438405798e-05
9.589605441e-05
8.673112211e-05
9.797383063e-05
9.706199661e-05
8.796554157e-05
9.111909152e-05
9.40290193e-05
9.317542077e-05
8.833100139e-05
9.514961837e-05
9.038760705e-05
9.704845182e-05
8.867523107e-05
9.887833827e-05
8.703220644e-05
8.986192956e-05
0.0001020909529
9.275585063e-05
9.262046933e-05
9.251893417e-05
8.305650954e-05
9.213404733e-05
8.262633547e-05
0.0001007659376
9.119144063e-05
0.0001000324994
8.139996283e-05
9.915477899e-05
0.0001074879224
0.0001070636221
9.744499484e-05
7.936611082e-05
9.624206655e-05
8.704508341e-05
7.767203997e-05
9.439262729e-05
7.652241883e-05
0.0001013931813
0.0001004052554
9.141471151e-05
8.225104262e-05
8.981720572e-05
9.693017325e-05
9.617748013e-05
8.717866719e-05
9.432244241e-05
8.546473226e-05
9.242882044e-05
9.133187633e-05
9.050748158e-05
8.940714774e-05
8.856855397e-05
8.746961376e-05
8.662137299e-05
8.552804587e-05
9.173065499e-05
9.752215535e-05
9.652471009e-05
9.52745582e-05
8.754554242e-05
9.969361912e-05
0.0001052105457
0.0001168035044
8.986909929e-05
8.867963623e-05
7.518405129e-05
9.891359836e-05
8.560098208e-05
8.44606048e-05
9.546468072e-05
0.0001000777556
9.315343223e-05
9.191007643e-05
9.657992351e-05
8.968669331e-05
9.979065567e-05
0.0001039331196
8.115674045e-05
8.008058604e-05
7.921218574e-05
8.337762956e-05
9.279098791e-05
9.157293802e-05
0.0001006638634
8.941620318e-05
9.830445172e-05
9.703273637e-05
9.12212902e-05
9.479138854e-05
8.912613432e-05
8.336384196e-05
9.168715724e-05
8.60101541e-05
8.515012177e-05
8.409560786e-05
8.764923528e-05
9.523707642e-05
9.00251155e-05
8.894328017e-05
9.228666961e-05
8.290624854e-05
9.033619139e-05
9.334843788e-05
9.65003212e-05
9.143081799e-05
8.271324686e-05
9.348238098e-05
9.26336699e-05
9.163384285e-05
9.081083392e-05
8.985830082e-05
9.276948106e-05
9.182667755e-05
8.737507772e-05
9.372745483e-05
9.29042786e-05
9.212860513e-05
9.207507554e-05
0.0001011354959
9.184080206e-05
8.244881338e-05
0.0001006062651
0.000100251038
8.184378121e-05
9.052871263e-05
0.0001083338948
9.87691123e-05
9.843813552e-05
9.782157638e-05
7.972054907e-05
9.674799275e-05
9.631009666e-05
8.687112638e-05
8.642753521e-05
0.0001028321928
8.520719265e-05
0.0001013157539
9.229442104e-05
9.970825837e-05
9.903426303e-05
8.985348135e-05
8.109128039e-05
7.22017887e-05
9.552298115e-05
9.446130205e-05
9.368652703e-05
9.261011117e-05
9.181156293e-05
9.072629581e-05
8.990883103e-05
8.882001943e-05
9.532071064e-05
8.690072678e-05
8.605935296e-05
8.497710117e-05
9.815198611e-05
9.689988258e-05
0.0001096116257
8.790996644e-05
0.0001003768543
8.585989983e-05
9.148366083e-05
9.028309879e-05
8.931207265e-05
7.554318045e-05
0.0001120828695
9.216527198e-05
0.0001033102246
7.195616573e-05
0.0001008174303
8.192125845e-05
8.680667063e-05
9.707111739e-05
9.600359349e-05
8.915437119e-05
9.368783986e-05
8.700621005e-05
9.681389159e-05
9.553274478e-05
8.399743761e-05
7.771001748e-05
0.0001024992411
9.609823051e-05
0.0001000786757
7.902060257e-05
0.0001075085402
9.647236364e-05
8.59211119e-05
9.895764256e-05
9.794037403e-05
9.209401168e-05
9.571798869e-05
9.451813111e-05
9.802874027e-05
9.241463326e-05
9.150363847e-05
0.0001032991829
8.098402385e-05
8.001082658e-05
9.17570254e-05
9.479467848e-05
9.389984074e-05
9.68468202e-05
9.594510896e-05
9.485614643e-05
9.398441661e-05
8.906947579e-05
9.209818243e-05
9.110244169e-05
9.404605595e-05
9.305745592e-05
9.222950314e-05
9.49412649e-05
9.048368823e-05
8.95928577e-05
8.880638071e-05
8.231146587e-05
6.398295444e-05
0.0001003993503
0.0001094070463
0.0001091332603
9.079621872e-05
9.952500343e-05
8.125140543e-05
9.886310258e-05
8.962737773e-05
8.023067988e-05
9.773177683e-05
0.0001059520237
9.674086833e-05
8.732808259e-05
8.693363493e-05
0.0001035098842
9.440055655e-05
8.509324976e-05
9.307249296e-05
9.222724813e-05
9.99862935e-05
8.251739295e-05
9.015681849e-05
8.923932772e-05
9.66458452e-05
9.561688736e-05
9.487732984e-05
9.382723175e-05
9.305912883e-05
9.199426985e-05
9.120249506e-05
9.012869304e-05
8.931804784e-05
8.824055205e-05
8.74156949e-05
9.353412451e-05
9.975534211e-05
9.850541056e-05
9.055913394e-05
8.253042918e-05
8.849602393e-05
8.735772675e-05
7.979808849e-05
8.532540174e-05
9.740919264e-05
8.331698973e-05
9.510204493e-05
0.0001126214554
9.902056174e-05
9.16059184e-05
9.664384233e-05
7.748304497e-05
9.431625515e-05
8.724800281e-05
8.628826518e-05
8.514238793e-05
0.0001066616423
9.41676015e-05
8.217841661e-05
8.649585148e-05
7.485833121e-05
9.497536705e-05
0.0001043845703
9.786115747e-05
9.171393346e-05
9.554263705e-05
9.452523977e-05
9.329646031e-05
9.717217994e-05
8.153066222e-05
9.491976106e-05
0.0001030761748
8.810518562e-05
8.241085745e-05
9.517079104e-05
8.055311785e-05
0.0001018994793
9.188757071e-05
8.664914773e-05
8.559180668e-05
9.32360966e-05
9.630272916e-05
9.123342589e-05
9.835139833e-05
7.712636744e-05
9.228077493e-05
8.347171784e-05
9.03828366e-05
8.955208767e-05
8.855762115e-05
9.156885036e-05
9.435121706e-05
8.976366612e-05
9.251882358e-05
9.536360587e-05
8.712856534e-05
9.355616817e-05
8.906935286e-05
9.535087921e-05
9.079547911e-05
9.981737773e-05
0.0001087351023
5.43083579e-05
8.125971412e-05
9.014176882e-05
9.880940932e-05
9.859366381e-05
8.923174062e-05
0.0001067829931
9.736044491e-05
7.939266799e-05
7.890031309e-05
9.605536461e-05
9.538347968e-05
6.905710688e-05
9.421932823e-05
9.374019435e-05
0.0001014016271
0.0001008285565
8.326421236e-05
8.27478248e-05
9.014765602e-05
9.768083456e-05
9.669110471e-05
9.599114589e-05
8.705904138e-05
9.4240348e-05
9.320161706e-05
9.244007783e-05
9.13865649e-05
9.815157615e-05
8.953891143e-05
9.612955943e-05
8.766859662e-05
0.0001013255218
8.578486739e-05
8.495691174e-05
8.389623498e-05
8.306263718e-05
9.567886057e-05
8.117509479e-05
8.013450641e-05
9.251779319e-05
9.132040317e-05
8.390000536e-05
8.917571243e-05
0.0001071224413
0.0001057178741
9.841929779e-05
8.498309243e-05
8.405392839e-05
9.4792859e-05
9.961186332e-05
8.672946643e-05
9.721281673e-05
8.463979442e-05
9.48713252e-05
9.912201938e-05
8.714325777e-05
9.674037595e-05
6.910624761e-05
9.967025863e-05
7.78345814e-05
0.0001024170787
8.105309192e-05
8.999377674e-05
8.408920536e-05
9.276214609e-05
8.212340381e-05
9.537081367e-05
8.965898459e-05
9.317200044e-05
8.760343262e-05
0.000104704292
9.462981424e-05
9.344526759e-05
9.691574843e-05
0.0001000680561
9.908125579e-05
9.787250584e-05
9.692125314e-05
8.742986097e-05
9.071576818e-05
9.371831411e-05
9.686947445e-05
9.175604983e-05
9.090139813e-05
8.986780356e-05
8.904166179e-05
9.187994696e-05
9.483913351e-05
9.005791753e-05
9.296779867e-05
8.830693511e-05
9.116818839e-05
9.384367469e-05
8.943809611e-05
9.209400752e-05
8.777534164e-05
6.310029613e-05
0.0001081096998
8.096624787e-05
8.986476811e-05
0.0001075705794
8.949668581e-05
8.026693538e-05
0.0001067893494
9.745680058e-05
0.0001060240759
9.667107257e-05
8.759003703e-05
7.834454972e-05
0.0001040503718
8.610505061e-05
8.571769582e-05
7.655223683e-05
0.0001015516439
0.0001007011672
8.344434089e-05
9.923208817e-05
9.039975462e-05
8.953463216e-05
9.701789841e-05
9.603912813e-05
7.945438087e-05
9.43387126e-05
9.361186219e-05
9.258428998e-05
9.182920854e-05
9.835240581e-05
9.000828481e-05
0.0001037829315
8.815947124e-05
8.710400801e-05
0.0001006745399
9.234075001e-05
9.848558489e-05
0.0001042075597
8.941715927e-05
8.14969858e-05
8.739029934e-05
7.963735727e-05
8.53774981e-05
0.0001037244607
8.979934797e-05
9.496301176e-05
8.141869093e-05
9.271664115e-05
9.782529166e-05
9.050733534e-05
0.0001074221948
9.422876485e-05
8.154574042e-05
8.621705721e-05
0.0001023237725
9.536217965e-05
9.431514784e-05
8.759465577e-05
0.0001028796849
8.014958244e-05
0.0001004162878
8.866434846e-05
0.000103181289
9.673777719e-05
8.562484023e-05
8.450834466e-05
9.836323524e-05
7.767066704e-05
9.606569419e-05
9.008794758e-05
9.853425529e-05
9.264443041e-05
8.710736215e-05
0.00010863922
9.409495279e-05
9.734258049e-05
0.0001051294652
9.085127797e-05
9.852236866e-05
8.885805466e-05
8.799423755e-05
9.107661466e-05
9.840431094e-05
8.103412741e-05
8.82955502e-05
9.123725836e-05
9.431715461e-05
9.324376375e-05
9.238645726e-05
9.135794103e-05
9.052823273e-05
9.327561057e-05
9.243788901e-05
0.0001024352571
8.702077276e-05
9.33043416e-05
9.959522699e-05
9.156210406e-05
9.425024787e-05
8.950038416e-05
9.839396064e-05
0.0001071860058
0.0001070698219
8.010442625e-05
8.886077004e-05
7.969799013e-05
9.719677635e-05
0.0001055656875
0.0001052758699
9.599139396e-05
9.567224211e-05
0.000103728748
8.610281335e-05
9.405692091e-05
9.363463248e-05
9.291741918e-05
8.404254928e-05
8.334193188e-05
9.944738668e-05
9.034341153e-05
8.978536818e-05
8.892988937e-05
9.636389998e-05
7.949657089e-05
9.4708002e-05
9.37123548e-05
7.749308629e-05
9.197508689e-05
9.122635984e-05
9.019492755e-05
0.0001043266364
8.838220545e-05
8.759138155e-05
8.654664481e-05
8.574160213e-05
9.881351826e-05
8.388235834e-05
9.664960621e-05
8.885690472e-05
8.773906839e-05
8.016713946e-05
9.233739511e-05
9.790634106e-05
0.0001030905895
7.650137873e-05
9.438767427e-05
9.337644298e-05
7.987163637e-05
9.723841271e-05
9.596572372e-05
8.305325572e-05
8.196242653e-05
8.685422456e-05
9.142471168e-05
8.476954568e-05
0.000105959454
9.376545358e-05
9.252973314e-05
9.151702729e-05
7.96875734e-05
8.93286275e-05
8.297029888e-05
9.746049215e-05
8.099848723e-05
0.0001001604788
8.402808815e-05
9.780441606e-05
8.205781001e-05
0.0001098501245
8.95794286e-05
8.864684179e-05
0.0001013350814
9.11756613e-05
9.452513594e-05
9.35661036e-05
0.000101196152
9.147193944e-05
9.894583331e-05
8.945064239e-05
9.677513392e-05
0.0001000008627
9.056583576e-05
9.37750544e-05
9.266611888e-05
9.578150649e-05
9.466883524e-05
9.378671075e-05
9.271841538e-05
9.186581126e-05
9.46269094e-05
9.75181385e-05
9.274695166e-05
8.823742656e-05
9.093970033e-05
9.373626242e-05
9.633929435e-05
9.548970422e-05
8.403351646e-05
0.0001006508434
7.10932747e-05
7.993421018e-05
9.755890134e-05
7.087518736e-05
8.837668235e-05
0.000105880593
0.0001055160716
0.0001052869873
9.608994601e-05
7.840361257e-05
8.665564186e-05
9.500488544e-05
9.442422614e-05
9.40559297e-05
8.491580267e-05
8.453530214e-05
9.227986428e-05
9.18134017e-05
9.932888367e-05
9.877089492e-05
9.788994791e-05
8.107206955e-05
8.833326099e-05
8.774210475e-05
8.686443443e-05
9.407920879e-05
9.30942595e-05
9.237970766e-05
9.13738485e-05
9.063137478e-05
8.961068717e-05
9.624868982e-05
8.781498768e-05
9.42831136e-05
8.59963692e-05
8.519772991e-05
9.819109323e-05
9.030147855e-05
8.232552577e-05
0.0001018888006
8.719652915e-05
7.967249075e-05
9.177156085e-05
9.082042496e-05
9.606039239e-05
0.0001013834406
0.000100073884
8.662740286e-05
9.160917359e-05
9.061737511e-05
8.943478954e-05
8.845907289e-05
0.0001105805706
0.0001036128924
9.657154974e-05
0.0001123668222
7.762252957e-05
8.773847504e-05
9.199636521e-05
9.634230226e-05
8.979497488e-05
8.359249943e-05
9.280941234e-05
8.670461798e-05
9.563989549e-05
8.9633133e-05
9.829795216e-05
9.238931499e-05
0.0001007948094
8.0736505e-05
8.907661826e-05
9.742816452e-05
9.160701327e-05
9.973165865e-05
8.056879237e-05
8.861253889e-05
9.188087506e-05
6.930389413e-05
9.839410824e-05
0.0001016590941
8.368315176e-05
8.701277628e-05
9.415442468e-05
8.919745135e-05
9.214883172e-05
8.730941614e-05
9.413955987e-05
9.32622e-05
9.219895361e-05
9.13510006e-05
9.033152356e-05
9.324062619e-05
9.222425154e-05
8.774014857e-05
9.042523712e-05
8.962123751e-05
8.86962133e-05
9.846395446e-05
8.703511462e-05
8.972381954e-05
7.941754419e-05
9.701056925e-05
8.80670231e-05
7.917477777e-05
9.653297852e-05
8.76156695e-05
0.0001047786108
9.583891848e-05
6.939694287e-05
0.0001038106974
0.0001032657943
9.434677449e-05
8.524807128e-05
9.340782132e-05
8.433341327e-05
9.235187941e-05
9.998290794e-05
7.460887065e-05
9.043528298e-05
9.810354466e-05
8.912970086e-05
8.858131276e-05
9.572136522e-05
8.715850264e-05
9.413490682e-05
8.567048415e-05
9.248426427e-05
9.177571443e-05
9.078041961e-05
9.754777555e-05
8.903396695e-05
9.563068539e-05
0.0001017975047
8.647688694e-05
8.545304683e-05
9.171577343e-05
9.060671324e-05
9.664042243e-05
0.000115904505
8.775719703e-05
9.33268628e-05
8.578256786e-05
8.469743204e-05
9.671613395e-05
9.548044537e-05
8.817593393e-05
8.70404856e-05
9.84111098e-05
9.713632229e-05
8.407483821e-05
8.890799303e-05
9.380129028e-05
0.0001099340685
9.156254642e-05
0.0001016586306
0.0001005437062
9.371237264e-05
9.813712889e-05
0.0001129912548
9.046891339e-05
0.0001102910932
8.831126039e-05
9.741012072e-05
0.0001064988729
8.508969455e-05
9.903066946e-05
0.0001026328883
8.219977038e-05
8.11389596e-05
9.917504085e-05
0.0001025656453
9.688437942e-05
8.198727193e-05
9.91763436e-05
8.012107155e-05
8.371403705e-05
8.70199869e-05
9.9071351e-05
9.784850194e-05
8.424600688e-05
8.738017568e-05
9.477118271e-05
9.363224175e-05
8.870257738e-05
9.163728777e-05
9.471770565e-05
9.361616975e-05
8.887920989e-05
9.168528005e-05
9.084192772e-05
8.982691545e-05
9.271969806e-05
9.170741004e-05
9.815449969e-05
8.9916562e-05
9.268187525e-05
8.819510326e-05
9.790790111e-05
0.0001003875499
0.0001029401467
9.638812107e-05
0.0001050909374
0.000104943389
0.0001048303676
8.714644673e-05
0.0001044073353
8.670948897e-05
0.0001038263106
0.0001033755295
9.450219083e-05
0.000102554747
9.369771846e-05
8.466405021e-05
9.276858362e-05
9.213485382e-05
8.338508461e-05
8.275513339e-05
8.233843943e-05
8.982737342e-05
9.744515184e-05
9.658362877e-05
9.599052492e-05
9.508767581e-05
9.445375932e-05
9.351683667e-05
8.510914732e-05
9.188221092e-05
9.117956791e-05
9.77108698e-05
8.946438808e-05
8.846462263e-05
8.771129229e-05
9.392729346e-05
0.0001002519091
8.491654675e-05
9.114129414e-05
9.696947438e-05
8.918059175e-05
8.131065783e-05
9.392652556e-05
9.938230812e-05
8.525972287e-05
9.066044472e-05
7.690545319e-05
8.22531311e-05
0.0001064294247
9.88829265e-05
9.171234624e-05
7.845747032e-05
8.954932403e-05
8.249487508e-05
7.576784167e-05
6.902847273e-05
9.672042514e-05
8.984167481e-05
8.330336207e-05
8.769416445e-05
8.673332268e-05
0.000101647615
7.937100702e-05
8.355515853e-05
9.297658351e-05
8.666511597e-05
9.077046752e-05
9.95438463e-05
8.862774243e-05
8.261952086e-05
8.654887541e-05
9.017982084e-05
9.39266358e-05
7.881534924e-05
9.63466308e-05
9.512220113e-05
0.000103110232
8.853144355e-05
8.325133422e-05
8.653973849e-05
0.0001028081316
9.730891316e-05
8.797035056e-05
9.931247263e-05
9.01507277e-05
9.716433282e-05
9.22228536e-05
9.509362635e-05
9.419461764e-05
9.309856727e-05
9.223058405e-05
9.117729851e-05
9.033849724e-05
8.932791369e-05
9.220455837e-05
9.11963292e-05
9.037731269e-05
0.0001001432072
8.861877604e-05
8.769962369e-05
9.388101813e-05
9.637874039e-05
8.871151119e-05
0.0001044215501
9.56655387e-05
8.684713308e-05
9.542917673e-05
9.519849256e-05
5.184298743e-05
9.472300558e-05
0.0001031110658
8.555461104e-05
0.0001023857481
0.0001018534248
0.0001015173073
9.249677445e-05
0.0001005142208
9.151150344e-05
8.282163423e-05
9.863851192e-05
8.996422265e-05
8.11159837e-05
9.679553733e-05
9.594345694e-05
9.535540763e-05
9.446232146e-05
9.383376336e-05
9.290682982e-05
9.224194765e-05
9.128794536e-05
9.059111616e-05
8.961638951e-05
8.88920924e-05
8.790251359e-05
8.715524639e-05
9.333587531e-05
8.539039719e-05
9.14189697e-05
9.754119499e-05
8.948642238e-05
0.0001022659834
8.754692859e-05
9.335240588e-05
8.560843608e-05
9.77806301e-05
0.0001094252545
9.5554517e-05
7.54730469e-05
8.090260191e-05
9.215438896e-05
8.509270014e-05
7.799714456e-05
8.308970555e-05
9.958917463e-05
9.271054495e-05
8.578695822e-05
8.48489686e-05
8.374322665e-05
8.282584038e-05
8.719421501e-05
8.08493754e-05
0.0001010716491
8.418309182e-05
9.866269372e-05
8.218052329e-05
0.0001064568023
0.0001053056073
8.414017178e-05
8.323715466e-05
0.0001063252679
9.084966236e-05
9.91205672e-05
9.340667305e-05
9.682270362e-05
9.125220826e-05
9.459841759e-05
8.470896217e-05
0.0001056538583
8.715128227e-05
0.0001032777142
9.372341734e-05
7.573714662e-05
9.165383096e-05
9.465259502e-05
8.965624364e-05
9.663136853e-05
8.374143487e-05
9.457153161e-05
9.367727552e-05
9.258665695e-05
9.172328739e-05
9.067491489e-05
8.984061585e-05
8.883442535e-05
9.53629156e-05
9.431854978e-05
9.347150093e-05
8.535954205e-05
9.517598101e-05
9.767484185e-05
8.6441451e-05
9.92604892e-05
8.821387499e-05
9.506059264e-05
8.636992141e-05
9.487475161e-05
9.477299952e-05
0.0001031399898
9.439330438e-05
7.697010621e-05
0.000102405608
0.0001019652231
0.000101687843
9.273149361e-05
9.242603376e-05
9.18716588e-05
9.983563812e-05
9.915985212e-05
8.226574745e-05
9.797978119e-05
9.748829669e-05
8.057795218e-05
9.615452672e-05
8.736907259e-05
8.683458626e-05
9.384513878e-05
9.322185365e-05
9.23047295e-05
9.928248487e-05
9.070131745e-05
9.001021118e-05
8.904549747e-05
8.832707202e-05
9.462646136e-05
8.660620619e-05
0.0001212908917
9.19287702e-05
8.386350583e-05
8.308953102e-05
9.577787891e-05
9.4863128e-05
0.0001004006334
7.953022466e-05
7.854632224e-05
0.0001036712899
8.957591221e-05
8.231956186e-05
9.378187273e-05
9.898305661e-05
0.0001038274812
9.667788071e-05
7.157740518e-05
8.260574614e-05
9.901275178e-05
9.21746299e-05
9.098032584e-05
8.436203926e-05
9.436745215e-05
8.784401291e-05
9.211867958e-05
9.111037374e-05
8.463340931e-05
8.894099618e-05
8.778254327e-05
9.193545586e-05
0.0001159456143
8.975909663e-05
9.351723234e-05
8.277550851e-05
6.728764122e-05
9.03477854e-05
8.449266714e-05
0.000102181679
9.629117069e-05
9.982640936e-05
9.408037082e-05
9.754689339e-05
9.194182122e-05
9.100859022e-05
9.843421609e-05
8.897480161e-05
9.2062725e-05
9.115376402e-05
9.413642877e-05
8.916715455e-05
9.610421916e-05
9.121628884e-05
9.40551385e-05
9.316558512e-05
9.208034541e-05
9.122154078e-05
9.769287359e-05
9.307103366e-05
9.570855621e-05
8.754361209e-05
9.379871126e-05
9.653158232e-05
8.842430456e-05
8.763849264e-05
9.019418781e-05
0.0001031537095
9.189905844e-05
9.109570575e-05
9.441044742e-05
9.435729522e-05
5.996240374e-05
8.556889503e-05
9.390039975e-05
6.818183333e-05
9.343496032e-05
9.32339263e-05
0.0001012744023
9.258277224e-05
8.373264005e-05
9.180304883e-05
9.955083905e-05
8.263846366e-05
9.849792985e-05
9.806072757e-05
8.921897454e-05
9.684247651e-05
8.805171211e-05
9.552195021e-05
9.468823917e-05
8.626755237e-05
9.323596865e-05
9.261787302e-05
9.171038299e-05
9.105646081e-05
9.763236263e-05
8.943670869e-05
8.8481833e-05
8.77691891e-05
9.403274468e-05
0.0001004080468
9.926549716e-05
9.838601483e-05
9.029227891e-05
8.946024017e-05
0.0001019924959
8.755048255e-05
8.648728788e-05
7.904997243e-05
9.108772529e-05
7.728806966e-05
9.540355548e-05
0.0001007151704
8.079849487e-05
0.0001045506547
9.107691388e-05
0.0001021207271
0.0001008132824
9.38598763e-05
9.265220067e-05
8.01892656e-05
8.480678448e-05
8.947271124e-05
9.383205892e-05
8.734617034e-05
8.082302321e-05
6.928028807e-05
9.467912783e-05
9.884816503e-05
8.215854216e-05
0.0001015817634
0.0001052765506
7.438484661e-05
8.321160674e-05
9.200353777e-05
8.125739879e-05
8.039337845e-05
8.869830358e-05
9.700302047e-05
9.576544188e-05
8.574303265e-05
9.802358455e-05
9.260577804e-05
9.579639171e-05
9.482395359e-05
9.364330818e-05
8.849164615e-05
9.156330429e-05
9.477999352e-05
8.548448231e-05
9.271443502e-05
9.558279006e-05
8.283240123e-05
9.354435414e-05
9.265945433e-05
9.157954129e-05
9.072525363e-05
9.342351594e-05
9.256368477e-05
9.152461194e-05
8.706520405e-05
8.969670339e-05
8.889117652e-05
9.497285831e-05
9.41289541e-05
8.279619317e-05
9.232563613e-05
9.13889062e-05
9.059036469e-05
8.524466802e-05
9.37165002e-05
7.657143722e-05
8.498849943e-05
9.326453869e-05
9.311544579e-05
9.280398513e-05
7.576744568e-05
0.0001005928792
9.19601762e-05
9.148869869e-05
9.947826105e-05
9.888702278e-05
9.850559373e-05
8.969105388e-05
8.92936699e-05
8.863100288e-05
8.818806023e-05
9.542762515e-05
9.489764242e-05
9.407286665e-05
9.349950103e-05
9.263465604e-05
9.202166833e-05
9.112364145e-05
9.047507127e-05
0.0001044754586
9.627634046e-05
8.792525972e-05
8.721830924e-05
8.625824481e-05
9.265600487e-05
9.865205445e-05
0.0001047636317
8.973928414e-05
0.0001162716114
8.785698391e-05
8.702027544e-05
9.919272558e-05
9.167139976e-05
9.054462904e-05
8.323056088e-05
9.483966489e-05
0.0001001210502
9.886151689e-05
9.171092819e-05
9.054756986e-05
7.76391839e-05
8.254401786e-05
7.582207807e-05
9.787969504e-05
9.681624797e-05
0.000112433399
8.896507371e-05
0.0001042794955
9.228231004e-05
8.572799441e-05
8.479056193e-05
8.369032409e-05
9.312431025e-05
9.191623626e-05
9.091738657e-05
9.472511924e-05
9.370168242e-05
9.735878556e-05
8.668313985e-05
9.507445222e-05
9.87668515e-05
9.750103588e-05
9.647479979e-05
8.617442999e-05
8.527745963e-05
9.74925963e-05
9.21041073e-05
9.960928062e-05
9.859805282e-05
9.313766894e-05
9.220483868e-05
9.520878525e-05
9.42684521e-05
8.907207227e-05
8.820481195e-05
9.506698862e-05
9.415456605e-05
8.916245898e-05
9.215879303e-05
9.487932836e-05
9.399410138e-05
9.663381136e-05
9.574431071e-05
8.738614207e-05
8.65919964e-05
8.563941913e-05
8.840659973e-05
8.395841512e-05
9.708121849e-05
8.920304003e-05
9.181856542e-05
0.0001009826518
9.009059932e-05
0.0001016034284
0.0001015465636
8.45060063e-05
9.285751662e-05
8.421566489e-05
9.248940362e-05
0.0001005616089
9.198382278e-05
9.99204674e-05
9.134589782e-05
9.914150194e-05
9.881666042e-05
9.823200068e-05
9.785377307e-05
9.720024723e-05
8.064197575e-05
8.004611835e-05
9.557617028e-05
9.480701567e-05
9.428144229e-05
9.346544102e-05
9.289681606e-05
9.20410499e-05
9.14330904e-05
9.054435985e-05
8.990105889e-05
8.898581507e-05
9.567063174e-05
8.737564464e-05
9.389715985e-05
9.286738532e-05
9.916645707e-05
9.104285088e-05
9.023875638e-05
8.233202009e-05
9.51715373e-05
0.0001007618595
9.980359795e-05
8.545299154e-05
9.112443747e-05
9.000797066e-05
8.273827286e-05
0.0001068533878
8.709216098e-05
9.214267812e-05
9.117755571e-05
7.802109764e-05
8.906685627e-05
9.379522386e-05
8.118711309e-05
9.159796328e-05
9.626613956e-05
9.502859013e-05
8.8463164e-05
8.186408231e-05
0.0001079590302
8.525015106e-05
8.958829457e-05
0.0001040332744
8.746383139e-05
8.125311684e-05
9.041676074e-05
6.941478802e-05
8.828360351e-05
0.0001016687986
0.0001005786249
8.037399823e-05
8.887488211e-05
8.773737584e-05
0.0001005214579
9.924202138e-05
9.820905982e-05
9.255972382e-05
9.597012086e-05
7.75358703e-05
9.380392427e-05
8.421587355e-05
9.170952269e-05
9.058054391e-05
8.968577655e-05
8.859415673e-05
9.171917884e-05
9.061686071e-05
8.974697609e-05
8.868344797e-05
9.166351305e-05
9.059409977e-05
8.974870514e-05
8.871954884e-05
9.522801808e-05
9.05352274e-05
8.61239048e-05
9.582197988e-05
9.847855078e-05
9.046000039e-05
8.965639041e-05
9.212772842e-05
9.808125891e-05
9.038540694e-05
9.95514643e-05
8.410208836e-05
7.564963968e-05
0.0001007283771
9.223611354e-05
9.201830636e-05
8.35197485e-05
9.989155666e-05
9.137125858e-05
9.098556989e-05
9.073977155e-05
9.027877531e-05
9.816380186e-05
8.945346587e-05
9.721052202e-05
9.656414446e-05
9.613784394e-05
9.543055226e-05
9.49553551e-05
8.634489074e-05
9.367319289e-05
9.286580932e-05
9.230185098e-05
9.145500301e-05
9.085199379e-05
8.997239683e-05
9.677880784e-05
8.84283113e-05
8.775922785e-05
0.0001013050011
9.331512427e-05
9.229547077e-05
9.151731275e-05
0.0001113687281
8.278997801e-05
8.865336959e-05
0.0001013539332
8.012608889e-05
9.259265758e-05
9.801353659e-05
7.764339723e-05
8.947763635e-05
8.857883368e-05
8.748287111e-05
0.0001051381924
0.0001160379907
9.065035134e-05
9.54742711e-05
8.855596775e-05
9.326059238e-05
8.072500175e-05
0.0001195422249
8.446080639e-05
0.0001111704174
8.246895536e-05
8.683455983e-05
9.662167571e-05
7.418040449e-05
0.0001048143217
8.794102674e-05
9.209889188e-05
7.57573564e-05
7.493468166e-05
9.862327554e-05
8.780249359e-05
0.0001011169293
0.0001000329068
8.46417833e-05
0.0001070039032
9.185755545e-05
8.63463421e-05
8.524860713e-05
9.324145743e-05
8.329573471e-05
9.979469689e-05
0.0001028281816
9.754309932e-05
9.214259703e-05
9.951218165e-05
8.60017129e-05
8.92068985e-05
9.212685788e-05
9.519602166e-05
9.405190819e-05
9.314887093e-05
9.204475437e-05
9.117352807e-05
9.010928933e-05
8.926827222e-05
9.192063932e-05
8.743132034e-05
8.644657292e-05
9.636845257e-05
9.530524711e-05
8.395499979e-05
8.997040864e-05
9.603056936e-05
9.502062662e-05
9.082095205e-05
9.322120516e-05
8.580715536e-05
9.189642882e-05
7.51461491e-05
9.172036006e-05
9.162297205e-05
9.140759674e-05
9.955880572e-05
9.923037454e-05
9.90183263e-05
9.860225632e-05
9.014163615e-05
9.783898425e-05
9.751951326e-05
8.886867832e-05
9.657567269e-05
8.794162043e-05
9.551353214e-05
9.481383784e-05
9.434255289e-05
9.358970243e-05
7.756061778e-05
9.227382249e-05
9.171445839e-05
9.08763719e-05
9.027823678e-05
8.940761455e-05
8.877461103e-05
8.787774966e-05
8.721396421e-05
9.348817141e-05
8.560639376e-05
9.173055726e-05
9.095839803e-05
8.301976274e-05
8.228878503e-05
0.0001152341186
9.402936648e-05
7.964845331e-05
8.546749788e-05
9.093876726e-05
7.718559674e-05
8.895351498e-05
9.435111132e-05
8.697480528e-05
8.608251291e-05
0.0001092976196
8.412059477e-05
0.0001008619339
9.392096718e-05
9.273202113e-05
8.600155848e-05
8.490698169e-05
0.000111981725
9.396708143e-05
9.841066269e-05
9.174988893e-05
0.0001067624727
9.484905264e-05
9.381337083e-05
9.774841769e-05
0.0001068603722
0.000100459288
0.0001043371802
9.80884328e-05
9.217807668e-05
0.0001005710189
9.949307866e-05
8.886366958e-05
9.254667357e-05
8.679704569e-05
7.684331859e-05
0.0001071070937
8.391059031e-05
7.413050569e-05
9.063118578e-05
9.801937499e-05
9.280560649e-05
9.998508233e-05
9.073468575e-05
8.554508043e-05
8.066646113e-05
9.562205216e-05
8.679962563e-05
8.965443482e-05
8.879345231e-05
9.155551541e-05
9.446745172e-05
8.962964015e-05
9.2492662e-05
9.50875829e-05
8.696488519e-05
8.598432447e-05
9.58530841e-05
9.479405754e-05
8.350469611e-05
8.948608794e-05
9.210252226e-05
8.775650014e-05
9.367579488e-05
8.278120948e-05
8.862384959e-05
9.128870608e-05
9.123805317e-05
9.939762107e-05
9.101792847e-05
9.905993457e-05
9.066078725e-05
9.036306363e-05
9.01702846e-05
9.795610828e-05
9.769236508e-05
8.910043631e-05
8.880999137e-05
8.02649882e-05
9.594906153e-05
8.73735437e-05
9.48972765e-05
8.635462292e-05
9.37376095e-05
9.299269367e-05
9.247993862e-05
9.168933528e-05
9.113449466e-05
9.030501669e-05
9.71876546e-05
9.625403519e-05
9.557373245e-05
8.733400128e-05
0.0001011213401
9.291454013e-05
8.508224773e-05
8.415924649e-05
9.040626868e-05
8.939568292e-05
0.0001022420297
9.433137714e-05
0.0001068211432
9.237255814e-05
0.0001045687963
9.040458399e-05
8.952202371e-05
0.0001073859619
9.38027778e-05
8.029599191e-05
8.558641683e-05
9.055980145e-05
8.961402381e-05
8.849032729e-05
8.171480246e-05
0.0001152617596
9.691989397e-05
9.568963796e-05
7.238147201e-05
8.794839605e-05
9.242777656e-05
9.661098237e-05
8.493926846e-05
8.908856059e-05
8.811623511e-05
8.186583284e-05
9.615668824e-05
8.492752545e-05
0.0001087135198
9.755935977e-05
7.237986273e-05
0.0001000309714
9.895904563e-05
9.769241322e-05
7.824405036e-05
9.087831458e-05
8.992211261e-05
9.765969764e-05
8.346465273e-05
9.542494992e-05
9.444351217e-05
8.902231023e-05
9.231437394e-05
9.53125884e-05
8.61524979e-05
9.724945303e-05
9.227633679e-05
9.511712038e-05
9.026572363e-05
9.305827585e-05
9.216443307e-05
9.486609352e-05
9.020910711e-05
9.658465944e-05
8.832267374e-05
9.822092307e-05
0.0001009206338
9.265424265e-05
9.53431986e-05
9.428832246e-05
9.344159682e-05
9.2430298e-05
0.0001051812483
0.0001040702069
9.31723685e-05
9.550753622e-05
0.00010120408
9.068896842e-05
9.887867985e-05
9.051656377e-05
9.042082343e-05
9.841110324e-05
9.825513991e-05
8.977276497e-05
9.772533755e-05
9.731837363e-05
9.705677909e-05
9.657024761e-05
9.625597966e-05
9.569644899e-05
9.533052923e-05
9.47048281e-05
8.643151189e-05
9.360401674e-05
9.314037472e-05
9.240325327e-05
9.189463951e-05
9.111220606e-05
9.810863804e-05
8.974080101e-05
8.915219224e-05
8.829905804e-05
8.767604232e-05
0.0001012630972
8.614351437e-05
9.234790538e-05
9.161152115e-05
9.062122538e-05
0.00011059791
9.569516104e-05
0.0001151812135
0.0001004687259
7.964081602e-05
8.526923615e-05
8.446273707e-05
8.345687979e-05
8.264316959e-05
8.792347939e-05
9.947816625e-05
9.825848482e-05
0.0001033308644
8.404124605e-05
0.0001009853211
8.799054059e-05
9.286173104e-05
9.742344255e-05
9.637749464e-05
7.836487794e-05
8.858995842e-05
0.0001093282656
8.651090734e-05
7.472959265e-05
0.0001003125409
9.381474602e-05
9.279131324e-05
0.0001017775904
9.060241824e-05
9.937605542e-05
8.355330188e-05
8.248056905e-05
0.0001007884733
8.528287949e-05
9.374353797e-05
8.791813543e-05
9.614035003e-05
9.943613018e-05
8.944542901e-05
8.83121908e-05
7.86537757e-05
8.629242684e-05
8.113464511e-05
9.277049708e-05
8.765430005e-05
9.068922746e-05
9.386128036e-05
9.270775357e-05
9.578232468e-05
9.461749316e-05
8.979142149e-05
9.25692914e-05
9.16799761e-05
9.059247586e-05
8.97345075e-05
9.607595767e-05
9.517879291e-05
8.684673585e-05
9.680263594e-05
9.570881373e-05
0.0001124014329
9.031432707e-05
9.294572982e-05
9.193803526e-05
9.78714309e-05
0.0001001745292
8.936452687e-05
9.171877188e-05
8.767226477e-05
9.00970595e-05
9.823346974e-05
8.992643792e-05
9.799800186e-05
9.777071614e-05
8.948135789e-05
8.108193503e-05
9.709142398e-05
8.863148167e-05
8.839362571e-05
9.594813915e-05
8.766671124e-05
8.715930871e-05
8.682659383e-05
9.41008659e-05
9.368831785e-05
9.301061075e-05
9.255070213e-05
9.182123822e-05
9.131670245e-05
9.054229675e-05
9.749598848e-05
0.0001040475238
8.859963859e-05
0.0001023808624
9.43982988e-05
0.0001006441854
9.275292351e-05
8.472751377e-05
9.105739283e-05
8.314759443e-05
9.619279143e-05
9.512492605e-05
8.755604656e-05
0.0001065335629
0.0001253546769
9.129063161e-05
9.042833037e-05
9.573731349e-05
8.216435896e-05
9.366145239e-05
9.890667873e-05
9.159150985e-05
8.461118329e-05
9.550338243e-05
9.45078649e-05
9.332945888e-05
8.656970836e-05
0.0001139770696
9.584113247e-05
8.906442794e-05
8.810049721e-05
9.785493656e-05
8.065896835e-05
7.43218096e-05
9.451489996e-05
0.000108857007
9.741573428e-05
9.110598376e-05
9.512069474e-05
7.907452189e-05
9.288267677e-05
8.686633803e-05
9.547708038e-05
8.954255863e-05
0.000102570281
9.665843967e-05
8.197004931e-05
0.0001034076915
9.342246126e-05
8.784777475e-05
9.128019982e-05
9.013168499e-05
0.0001019481514
9.647942628e-05
8.304304217e-05
9.841626122e-05
8.931067853e-05
8.821352691e-05
9.528158879e-05
9.412308736e-05
9.320564634e-05
9.208541893e-05
9.120058553e-05
9.387345181e-05
9.298424542e-05
8.822084896e-05
8.739689829e-05
8.639082209e-05
9.629434106e-05
9.520511819e-05
9.783358679e-05
9.674816174e-05
9.587936076e-05
8.806391446e-05
9.063904708e-05
8.635612655e-05
9.547377516e-05
9.122866528e-05
8.720409456e-05
9.765035676e-05
9.759662539e-05
8.934395691e-05
9.736343137e-05
9.71386095e-05
8.890307647e-05
9.667091573e-05
8.842687463e-05
9.606749562e-05
9.581009912e-05
9.533399467e-05
9.502476976e-05
9.447713322e-05
9.411708418e-05
9.350455819e-05
9.309531671e-05
9.24246812e-05
9.196844902e-05
9.124650909e-05
9.07459894e-05
8.997947273e-05
8.943779348e-05
8.863325956e-05
8.805389206e-05
0.0001017539304
0.000108255413
8.574239402e-05
9.219060822e-05
8.421703347e-05
9.050992769e-05
8.953840402e-05
8.878937931e-05
9.456144672e-05
0.000100429076
8.605018556e-05
9.838429442e-05
8.427632309e-05
9.632460671e-05
7.614774539e-05
9.425892064e-05
0.0001117504611
9.219536244e-05
8.500021508e-05
9.615068994e-05
0.0001009011079
9.985030627e-05
9.280822886e-05
8.608698795e-05
8.500905318e-05
8.409768282e-05
7.750264072e-05
7.666436299e-05
8.650696872e-05
0.0001016105026
0.0001003179002
8.35577631e-05
8.249133672e-05
9.689080128e-05
8.054882904e-05
0.0001045700797
0.0001032317309
8.75250817e-05
9.120554816e-05
9.49705703e-05
9.844507647e-05
9.275314164e-05
0.0001007281706
9.965837803e-05
0.0001028651815
8.850706435e-05
9.175762857e-05
9.080270968e-05
8.11221138e-05
0.0001014160483
8.763099746e-05
9.9132426e-05
9.382486238e-05
9.288434006e-05
9.573260868e-05
9.0836642e-05
8.583100309e-05
9.272098961e-05
9.542351946e-05
9.072618232e-05
9.338488037e-05
9.250013939e-05
9.507446223e-05
8.694125043e-05
8.952048968e-05
9.224352824e-05
8.769138572e-05
9.73213407e-05
8.592868972e-05
9.878218286e-05
8.75998491e-05
8.68221878e-05
9.250684644e-05
9.169404002e-05
8.750291981e-05
8.674089785e-05
9.702122468e-05
8.080665427e-05
9.683887981e-05
8.061418845e-05
8.042885311e-05
8.833222145e-05
9.605154897e-05
9.584795287e-05
9.545403819e-05
9.519869256e-05
8.683369036e-05
9.442090106e-05
8.605579905e-05
9.352187269e-05
9.291576038e-05
9.250977516e-05
9.184608768e-05
9.139347622e-05
9.067892991e-05
9.018236574e-05
8.942360266e-05
8.888617913e-05
8.808967755e-05
0.0001021006322
8.668682549e-05
0.0001004246132
8.5224672e-05
0.000105732773
9.766477885e-05
9.688969906e-05
8.900663958e-05
8.826319228e-05
8.728998914e-05
8.65271002e-05
9.870898498e-05
8.476964364e-05
9.02337561e-05
8.938367134e-05
0.0001009476196
9.996700504e-05
9.259541753e-05
9.778317861e-05
0.0001086692112
8.963349042e-05
7.6727734e-05
7.008869155e-05
0.0001153659856
9.131692916e-05
9.017656142e-05
0.000100361775
8.808982684e-05
8.713762315e-05
9.679155249e-05
9.042123763e-05
9.452500772e-05
9.349559323e-05
9.230490115e-05
9.637149526e-05
0.0001001489925
8.915379811e-05
9.290459491e-05
8.706102222e-05
9.549893692e-05
7.085205448e-05
9.326434352e-05
8.765246237e-05
9.109154665e-05
8.111181312e-05
8.898116006e-05
9.68497494e-05
9.128011594e-05
9.463162666e-05
0.0001019380194
9.24820149e-05
8.71768407e-05
8.629126107e-05
8.928099408e-05
9.240345668e-05
8.333277276e-05
9.429566113e-05
9.314961599e-05
8.839795764e-05
9.113269258e-05
9.025668902e-05
9.290136822e-05
8.834020615e-05
9.45815036e-05
0.0001009053838
8.905542254e-05
9.882299126e-05
8.723469121e-05
9.335677256e-05
8.889902425e-05
9.148921102e-05
9.719533929e-05
9.965440443e-05
9.201996696e-05
9.446919228e-05
9.348771374e-05
8.308694411e-05
9.640014733e-05
8.831844216e-05
8.820134284e-05
9.611862956e-05
9.589860336e-05
8.776865068e-05
9.54400682e-05
9.523808537e-05
7.904030479e-05
9.459503982e-05
8.628491086e-05
9.382465888e-05
9.328849834e-05
9.293414231e-05
8.463980386e-05
9.193155333e-05
9.127469326e-05
9.082564804e-05
9.011836809e-05
9.709450856e-05
9.628077168e-05
8.834132732e-05
9.484878261e-05
8.698232332e-05
9.334262034e-05
8.555850235e-05
8.471316458e-05
8.407955708e-05
9.014883248e-05
8.943451193e-05
8.84811541e-05
8.774320513e-05
0.0001001295862
0.0001058727915
9.15936224e-05
8.427865314e-05
8.971444215e-05
0.0001079139855
8.155189447e-05
8.697300494e-05
8.593335207e-05
9.723094603e-05
8.404616447e-05
8.913139782e-05
8.216988364e-05
9.293225562e-05
9.751948192e-05
0.000102165023
8.968227811e-05
8.872214345e-05
9.308613638e-05
9.20805381e-05
9.626848042e-05
6.877240275e-05
9.401751327e-05
7.749511689e-05
8.671167483e-05
0.0001009028697
8.965588266e-05
9.360789557e-05
9.72781925e-05
0.0001010355006
9.499735838e-05
9.397350322e-05
8.349896359e-05
0.0001009617989
6.796276879e-05
8.06893993e-05
8.85191836e-05
9.634700229e-05
8.648337866e-05
7.702505216e-05
8.028410114e-05
8.782229166e-05
9.085724172e-05
9.402212319e-05
8.882125167e-05
8.793067794e-05
9.474739627e-05
9.381030934e-05
9.267039258e-05
9.176664141e-05
9.066368412e-05
8.979202981e-05
9.981666414e-05
8.78850182e-05
9.409363056e-05
8.962923007e-05
9.568277558e-05
0.0001018232828
9.025403811e-05
8.943329027e-05
8.843706275e-05
9.10137963e-05
9.002032418e-05
9.252584716e-05
8.826896479e-05
0.0001036963168
9.299603661e-05
8.265025529e-05
9.5786971e-05
9.573469083e-05
9.560828267e-05
8.754908161e-05
7.14677976e-05
8.721222562e-05
9.483632377e-05
9.463592981e-05
9.425033105e-05
9.399899435e-05
9.353784464e-05
9.323589967e-05
9.270532662e-05
9.235375288e-05
9.176013402e-05
9.136051482e-05
9.071036443e-05
9.026483214e-05
8.956469429e-05
8.907586473e-05
9.569323314e-05
8.780311445e-05
9.427412982e-05
0.0001008656368
8.564431864e-05
9.213208711e-05
9.122507391e-05
9.05438401e-05
8.96153319e-05
8.890633082e-05
9.472813217e-05
8.051936208e-05
9.954681759e-05
9.867929653e-05
7.805574095e-05
9.023895738e-05
0.0001019440817
7.573960558e-05
9.980204249e-05
0.0001111892422
0.0001037604932
0.0001027277232
8.95469203e-05
8.863489895e-05
9.922534843e-05
8.664249631e-05
7.986903314e-05
8.467059562e-05
9.476797038e-05
9.92690293e-05
8.169030403e-05
9.158279161e-05
9.575103144e-05
9.471206934e-05
9.351543909e-05
9.249803759e-05
0.0001116195062
0.0001053861857
8.422812406e-05
8.821351509e-05
9.192911899e-05
9.093348389e-05
8.977597002e-05
9.815691859e-05
9.229398331e-05
8.674086448e-05
8.113267949e-05
0.000102568963
9.686817732e-05
8.713586159e-05
9.464174462e-05
9.791401123e-05
9.248285213e-05
9.153150599e-05
9.449988598e-05
8.947282386e-05
8.836621979e-05
9.145647468e-05
9.033475732e-05
8.555243428e-05
9.219607481e-05
9.12967967e-05
9.019947839e-05
9.305430251e-05
9.562717906e-05
8.743449707e-05
8.640993675e-05
8.916913995e-05
9.166522103e-05
9.082035245e-05
8.978884282e-05
9.239427914e-05
9.136371902e-05
0.0001006036633
8.623654181e-05
9.204594719e-05
9.431361669e-05
0.0001031564468
9.569948705e-05
7.90558969e-05
9.518154588e-05
8.720225584e-05
9.500463857e-05
9.490525579e-05
8.679903499e-05
8.666281124e-05
9.424016977e-05
9.404134082e-05
9.36597905e-05
8.562621214e-05
9.295407434e-05
8.493327647e-05
9.212940074e-05
9.178056772e-05
9.119303392e-05
9.07965266e-05
9.015297093e-05
8.971089941e-05
9.643593085e-05
9.591046225e-05
9.511282183e-05
8.72714199e-05
9.37063983e-05
8.593652185e-05
9.222677967e-05
9.158243424e-05
8.370835127e-05
9.693159928e-05
8.223517723e-05
0.0001291771294
0.0001009022081
0.0001067340274
9.237274045e-05
9.810950802e-05
8.407518402e-05
9.613100745e-05
8.235828969e-05
9.413696561e-05
9.303651481e-05
0.0001044207811
9.711050844e-05
8.412686131e-05
8.904995663e-05
8.226764079e-05
9.287441235e-05
8.61662957e-05
9.645402236e-05
7.859484795e-05
8.316542913e-05
7.130610612e-05
0.0001029173856
9.109039738e-05
0.0001005301773
8.373890879e-05
9.818640428e-05
8.178417778e-05
9.588971206e-05
8.486261188e-05
9.857169398e-05
0.000102375901
0.0001010752355
9.521989656e-05
9.871033545e-05
0.0001022968699
0.0001055887864
0.0001044589055
9.416679343e-05
8.87307052e-05
9.637042122e-05
8.235377769e-05
0.0001027165026
9.317699878e-05
8.782777526e-05
8.692428905e-05
9.810535152e-05
8.901615274e-05
9.191200034e-05
9.099022532e-05
9.378225551e-05
9.285444205e-05
9.172658776e-05
9.461639446e-05
9.347916874e-05
8.887691805e-05
9.513963016e-05
8.698857135e-05
9.671486158e-05
8.516519925e-05
8.768876902e-05
9.730610555e-05
9.963554364e-05
9.872935786e-05
9.426027158e-05
9.007763707e-05
8.909115974e-05
8.830060683e-05
8.7354258e-05
8.979439791e-05
8.250789437e-05
9.437365997e-05
8.670174875e-05
8.665467618e-05
9.440856912e-05
9.43099848e-05
9.409683796e-05
9.394939184e-05
9.365146396e-05
9.345417668e-05
9.307660414e-05
9.282915714e-05
9.237754548e-05
9.208027363e-05
9.156058648e-05
9.121445352e-05
9.06329004e-05
9.02394589e-05
8.96023857e-05
8.91637239e-05
8.847750907e-05
8.799618725e-05
9.453940884e-05
9.397496982e-05
8.598042809e-05
8.542299513e-05
9.873101988e-05
9.804232399e-05
9.014939997e-05
9.636123978e-05
8.856705266e-05
0.0001013866916
8.694127865e-05
9.285162514e-05
9.840139704e-05
8.454009358e-05
9.645636733e-05
8.28392249e-05
0.0001070899903
8.112476136e-05
8.634690242e-05
8.551209998e-05
0.0001026057982
7.768397791e-05
8.855847858e-05
8.181442509e-05
0.0001096844965
8.569530102e-05
0.0001015729155
8.93354095e-05
9.926034066e-05
8.183318591e-05
9.159094521e-05
7.994406136e-05
0.0001052584932
9.370584901e-05
8.73868074e-05
8.643701392e-05
8.03251416e-05
7.945159523e-05
8.334837426e-05
8.729285893e-05
0.0001053382171
0.0001089343523
8.884755773e-05
7.863906634e-05
0.0001050451483
9.488466794e-05
9.814493349e-05
8.386193601e-05
9.587775441e-05
9.918185233e-05
8.941875208e-05
9.691573756e-05
9.154205804e-05
8.648213942e-05
9.354026827e-05
9.258976145e-05
8.747000097e-05
9.052870577e-05
8.941922874e-05
9.238377613e-05
9.126185798e-05
9.790234414e-05
9.300539897e-05
8.842632146e-05
9.101637261e-05
9.375943536e-05
8.909591344e-05
8.826298626e-05
9.073219131e-05
9.335324492e-05
9.22908724e-05
9.483851949e-05
9.377796931e-05
9.293588104e-05
8.863373353e-05
9.435453296e-05
9.012264292e-05
9.252214119e-05
9.155155359e-05
8.449681478e-05
9.399336869e-05
9.394246973e-05
9.381993266e-05
9.372213467e-05
9.351120118e-05
9.336489935e-05
8.531422866e-05
8.513477425e-05
9.250063542e-05
9.225509016e-05
9.180812414e-05
9.151313713e-05
9.099875292e-05
9.820988692e-05
9.007960587e-05
8.968918512e-05
9.648002514e-05
8.862318273e-05
0.0001026010468
8.746610436e-05
9.397286837e-05
0.0001149694904
8.54688045e-05
0.0001061444616
9.113730193e-05
8.354083535e-05
9.651494467e-05
8.89548708e-05
0.0001015985265
8.06386779e-05
0.0001063874817
7.912902851e-05
9.131594726e-05
9.698944589e-05
8.312129482e-05
8.870645549e-05
0.0001002235616
8.066932426e-05
8.586516042e-05
0.0001093319707
7.802908546e-05
9.508301271e-05
8.220090275e-05
8.13661756e-05
9.760434142e-05
8.522942737e-05
8.41866995e-05
8.885339388e-05
8.775816849e-05
9.224748805e-05
0.0001071801944
8.48200697e-05
9.423153069e-05
7.767559504e-05
9.204088344e-05
8.598315571e-05
8.989366873e-05
9.385628568e-05
8.779272903e-05
8.683969988e-05
9.526707164e-05
8.010081917e-05
0.0001023469126
0.0001012449733
8.633193523e-05
9.439884004e-05
8.432899945e-05
0.0001009991884
9.105418561e-05
8.580649758e-05
9.320165105e-05
9.642419536e-05
9.107880244e-05
9.423917607e-05
9.306773097e-05
8.811665431e-05
9.098452315e-05
9.398801157e-05
8.896838842e-05
9.191785763e-05
9.080181354e-05
9.366218031e-05
8.8834951e-05
8.798027077e-05
9.417929623e-05
9.328608008e-05
9.573727722e-05
0.0001053801371
9.721682184e-05
8.944042425e-05
8.842159181e-05
9.098718413e-05
9.330057752e-05
9.576502471e-05
8.81809805e-05
9.063565855e-05
8.966047427e-05
8.887379067e-05
0.0001036427356
9.028866455e-05
9.341033536e-05
9.335988206e-05
9.323859099e-05
9.314156748e-05
9.293280905e-05
9.278763458e-05
9.249584547e-05
9.230157352e-05
9.193175118e-05
9.168807975e-05
9.124567969e-05
9.095294402e-05
9.044377236e-05
9.010292099e-05
9.699411133e-05
9.657438021e-05
9.589790934e-05
8.808915595e-05
8.741640101e-05
9.418756706e-05
0.000100598699
8.571428322e-05
9.204350316e-05
9.848315889e-05
9.757155574e-05
8.997213397e-05
9.595255155e-05
9.524042303e-05
0.0001010111705
8.685455311e-05
9.255521723e-05
9.834524088e-05
7.782562869e-05
0.0001028682141
0.000101726057
0.0001008081412
9.343395773e-05
8.02189723e-05
8.538876402e-05
9.060549334e-05
8.953810612e-05
8.274067908e-05
8.759161996e-05
9.248321272e-05
9.13653757e-05
0.00010172231
0.0001004810634
9.390008633e-05
8.728997265e-05
0.0001025508152
9.062055329e-05
8.437127404e-05
9.373569112e-05
0.0001030230934
0.0001068195853
9.559686688e-05
7.949018724e-05
8.845476318e-05
0.0001018954739
9.599024607e-05
9.477721766e-05
8.90644192e-05
9.256647488e-05
8.24130784e-05
8.589197399e-05
8.944567795e-05
9.273252664e-05
8.737961192e-05
9.490737955e-05
0.0001024468133
8.430119069e-05
8.759521284e-05
8.650111137e-05
8.561119852e-05
9.662602842e-05
9.165885546e-05
9.446375858e-05
9.351607419e-05
9.237085717e-05
9.145661507e-05
9.411081661e-05
8.946456434e-05
8.838923692e-05
8.753869753e-05
8.649818116e-05
9.281748037e-05
9.525585877e-05
8.737506432e-05
8.981796421e-05
9.241240128e-05
9.135870362e-05
9.388050348e-05
9.282802159e-05
9.856551024e-05
0.0001007302856
9.661619682e-05
9.876048825e-05
8.842052976e-05
8.123945579e-05
9.29237338e-05
8.509828291e-05
9.278447574e-05
9.266440936e-05
9.256814872e-05
9.236152796e-05
9.221746426e-05
9.192866552e-05
9.173586818e-05
9.136982151e-05
9.872199629e-05
9.06900847e-05
9.039956757e-05
8.989552016e-05
8.955725199e-05
8.899303883e-05
9.599257218e-05
9.532277585e-05
8.756152652e-05
0.0001013778902
0.0001008290145
8.57168461e-05
0.0001065093909
8.446360887e-05
8.391859035e-05
9.700197633e-05
8.25672719e-05
0.0001022107228
8.116263053e-05
8.703982447e-05
8.635632094e-05
8.545408458e-05
9.778563792e-05
7.738548096e-05
9.589466935e-05
9.483323979e-05
8.14481401e-05
8.052561808e-05
0.0001043193502
9.098316935e-05
9.010656702e-05
0.0001009211519
8.816647952e-05
0.0001103470152
8.623312743e-05
9.087320214e-05
8.993356018e-05
9.994389294e-05
9.339885057e-05
8.682674602e-05
9.663851291e-05
7.95379655e-05
9.4418103e-05
0.0001036056026
8.711175653e-05
0.0001062639805
9.510012916e-05
0.0001087338804
9.288658309e-05
9.654432495e-05
9.072220438e-05
0.000103721613
8.394546032e-05
9.669990862e-05
8.199367313e-05
8.995418342e-05
8.009310697e-05
8.787056931e-05
9.12852621e-05
9.872177183e-05
8.494256255e-05
9.645958685e-05
9.960617628e-05
9.016621634e-05
8.518227338e-05
9.614278519e-05
9.120038691e-05
9.39919066e-05
8.917181704e-05
9.190978445e-05
9.099997842e-05
9.738679176e-05
8.901793983e-05
9.161247197e-05
9.435999591e-05
8.965207276e-05
8.880150473e-05
9.477925775e-05
9.737030146e-05
9.624216529e-05
9.535457596e-05
9.089964516e-05
9.67447427e-05
8.576306924e-05
0.0001013377709
9.37550779e-05
9.292349037e-05
0.0001077681161
9.111372116e-05
9.015125777e-05
8.936859932e-05
9.226570184e-05
9.221611879e-05
9.209725629e-05
9.200174718e-05
9.179722757e-05
9.165425842e-05
9.136839902e-05
9.87751428e-05
9.081471966e-05
9.057471448e-05
9.014121479e-05
8.985288412e-05
8.93538747e-05
8.901815242e-05
8.845952625e-05
9.541773232e-05
8.746569211e-05
0.0001088002252
0.0001079755537
8.591349369e-05
9.941428897e-05
9.1765591e-05
9.096731126e-05
9.038123105e-05
8.266200705e-05
9.577044182e-05
8.807240113e-05
8.742070985e-05
9.985659926e-05
7.925886673e-05
9.804184106e-05
9.075020959e-05
9.618785474e-05
7.628519768e-05
7.544341505e-05
8.099476956e-05
9.856015244e-05
0.000109845951
0.0001085807006
8.961310537e-05
8.265915362e-05
8.768749306e-05
0.0001039747742
8.576830853e-05
8.473715879e-05
9.504327224e-05
8.836660917e-05
9.290293756e-05
9.716446113e-05
9.612905081e-05
7.38463008e-05
8.348778138e-05
8.760619762e-05
0.0001019513493
9.061210766e-05
0.0001045673193
8.850646402e-05
8.754556475e-05
0.0001008529689
9.975935595e-05
8.912184512e-05
8.81584066e-05
9.162860266e-05
9.970707389e-05
9.845042665e-05
0.0001018251128
8.742893101e-05
8.65015122e-05
9.822719788e-05
8.87429405e-05
8.345884209e-05
9.910856009e-05
9.787281492e-05
9.282977952e-05
9.566435146e-05
8.680098275e-05
9.352474505e-05
8.872851485e-05
9.526384562e-05
9.054787902e-05
8.944909426e-05
9.226640878e-05
8.75110932e-05
8.666871646e-05
8.563809599e-05
9.189426384e-05
9.780026897e-05
8.996502254e-05
8.550190097e-05
0.0001016559252
9.379499835e-05
9.626099341e-05
9.189712635e-05
9.107195229e-05
0.0001029333988
9.245607394e-05
8.514833654e-05
9.065372846e-05
9.278685849e-05
0.0001073118862
9.170384062e-05
9.165468245e-05
9.153700351e-05
9.144223482e-05
9.123978071e-05
9.109789023e-05
9.081492032e-05
9.062500845e-05
9.026632194e-05
9.002811032e-05
8.95989486e-05
8.931277296e-05
8.881871728e-05
0.0001032330884
8.793237235e-05
9.48497362e-05
8.694734699e-05
9.373542242e-05
8.587161748e-05
9.25254783e-05
9.17730184e-05
8.421173877e-05
0.0001043522282
8.9856813e-05
0.0001095800423
8.841748325e-05
9.430402139e-05
8.023478324e-05
9.266987806e-05
9.19442574e-05
9.748911845e-05
0.0001031310107
0.0001020266055
9.482433172e-05
0.0001062853217
9.913405334e-05
0.0001163962387
7.889758955e-05
8.999011413e-05
8.318335115e-05
8.808393046e-05
8.721368291e-05
8.043492696e-05
9.668293692e-05
8.99045931e-05
8.341550821e-05
8.789919993e-05
9.241226296e-05
9.128456769e-05
0.0001009374284
8.395568622e-05
9.343455472e-05
9.22789947e-05
9.635260609e-05
9.014565578e-05
9.412198122e-05
8.316166524e-05
9.193671309e-05
0.000105117755
8.979944227e-05
8.400367973e-05
8.771227767e-05
9.57250953e-05
9.018615536e-05
9.795626268e-05
8.809931485e-05
8.264212438e-05
8.606904743e-05
9.348809573e-05
0.0001009150212
8.719614651e-05
9.86158912e-05
9.738734899e-05
8.433718908e-05
9.519065581e-05
9.029707282e-05
9.306220434e-05
9.212827664e-05
9.10013113e-05
9.01002496e-05
0.0001001329876
8.813793637e-05
9.43350766e-05
8.624017843e-05
9.586624027e-05
8.440570028e-05
9.384022165e-05
9.640532179e-05
8.507755158e-05
8.429274465e-05
8.999523058e-05
8.917639864e-05
9.143864518e-05
9.061759404e-05
9.601699632e-05
9.833770431e-05
8.785824893e-05
8.397778069e-05
9.539585586e-05
9.456827541e-05
9.1148781e-05
9.11000411e-05
9.098352586e-05
9.846361062e-05
9.068906328e-05
9.054823592e-05
9.026810681e-05
9.007960669e-05
8.972450761e-05
9.694540259e-05
9.648509831e-05
9.617737597e-05
9.564742635e-05
9.528912538e-05
9.469575282e-05
9.428846232e-05
9.363803515e-05
9.318388412e-05
9.248281397e-05
8.490868442e-05
9.123905515e-05
9.767628372e-05
8.991599464e-05
8.933844549e-05
9.533245079e-05
0.0001081983227
9.376702759e-05
0.0001130199237
7.898249883e-05
9.142575174e-05
9.694259298e-05
8.973477209e-05
8.87768126e-05
8.801153497e-05
9.948142385e-05
9.858831205e-05
9.748155237e-05
9.053855725e-05
8.950167158e-05
0.0001004611836
9.929093121e-05
8.67449656e-05
9.143454377e-05
7.353973758e-05
7.824949193e-05
9.956883444e-05
9.836629799e-05
9.192674421e-05
7.47828398e-05
8.984129141e-05
8.352016599e-05
8.262259995e-05
9.180343859e-05
9.58565904e-05
9.466642512e-05
9.364041417e-05
9.24721598e-05
9.628318542e-05
9.032381043e-05
8.464269302e-05
9.286716213e-05
9.64570246e-05
9.070954463e-05
9.870750353e-05
9.746703476e-05
7.889354031e-05
9.954266595e-05
9.848701818e-05
8.033924372e-05
8.367879388e-05
9.089647674e-05
8.17734135e-05
9.286889714e-05
9.191337092e-05
9.077489367e-05
9.375870575e-05
9.260421624e-05
9.167478582e-05
9.055377639e-05
8.965702417e-05
8.856945246e-05
8.770442713e-05
9.74815048e-05
0.0001001185003
8.832806952e-05
8.399006043e-05
8.991921555e-05
9.250389877e-05
9.1429985e-05
9.058648261e-05
8.291642481e-05
8.873490821e-05
8.44858078e-05
9.660830022e-05
9.872336827e-05
0.0001010043669
9.67852733e-05
8.974753758e-05
7.960765364e-05
9.71289722e-05
9.060040022e-05
9.05520721e-05
9.043670118e-05
9.034338096e-05
9.765703366e-05
9.00051747e-05
8.972783883e-05
8.954073036e-05
8.918915885e-05
8.8954458e-05
8.853375634e-05
9.560611566e-05
8.776740577e-05
8.743910496e-05
9.41380822e-05
8.652350035e-05
9.308961128e-05
8.551273692e-05
8.487174053e-05
8.441504242e-05
9.071126948e-05
9.71121318e-05
9.627627324e-05
9.565879552e-05
8.124740603e-05
8.068666847e-05
8.657639228e-05
8.593856957e-05
8.508361037e-05
0.0001039006415
9.640216101e-05
8.286156125e-05
8.828583674e-05
9.377762369e-05
8.656870112e-05
8.579247824e-05
9.089161591e-05
9.004683409e-05
8.901850269e-05
8.228698342e-05
8.714044012e-05
8.628125947e-05
0.0001023172603
9.565723122e-05
8.895641493e-05
8.803967753e-05
9.785144265e-05
8.606710632e-05
0.0001009636038
0.0001051471026
7.789606966e-05
8.219669895e-05
9.133275888e-05
8.030792039e-05
9.418406861e-05
9.316374983e-05
9.200372353e-05
8.142648675e-05
0.000104058538
8.889526252e-05
9.702169805e-05
9.140361051e-05
9.476973965e-05
9.821519644e-05
8.816606301e-05
8.722403335e-05
9.043676945e-05
9.373865834e-05
0.0001009802799
8.742914563e-05
9.044905796e-05
8.950801119e-05
9.643072317e-05
9.146191833e-05
9.425719991e-05
8.941147738e-05
9.215071387e-05
9.122573765e-05
9.386523104e-05
9.293556048e-05
8.813608761e-05
9.454809159e-05
9.700437763e-05
9.607015286e-05
0.0001054744594
8.357849401e-05
9.636107727e-05
9.205002108e-05
8.424136498e-05
9.681834917e-05
8.910863581e-05
8.829776766e-05
8.40684665e-05
8.651797451e-05
8.238986715e-05
9.108161913e-05
9.630375327e-05
9.853925759e-05
8.834949795e-05
9.9664096e-05
9.005857845e-05
9.001065579e-05
8.989641023e-05
8.98037985e-05
8.960733509e-05
0.0001118357358
8.919399954e-05
8.900826305e-05
8.86601606e-05
8.842717799e-05
8.801060169e-05
8.773070904e-05
9.452194708e-05
0.0001014126534
8.638794597e-05
9.318560951e-05
9.254757408e-05
8.501543308e-05
8.438048333e-05
0.0001049088839
9.712721286e-05
9.655445924e-05
8.205110832e-05
8.152564433e-05
9.425099894e-05
8.691564633e-05
9.271118019e-05
9.202913807e-05
0.0001041331931
9.040608894e-05
8.308535837e-05
7.606440629e-05
9.407170891e-05
9.32628876e-05
7.994662697e-05
9.141999306e-05
8.43730162e-05
0.000101501813
8.854052249e-05
8.769214827e-05
8.089781845e-05
9.154398355e-05
9.046794427e-05
0.0001007497022
9.402039812e-05
0.0001094732562
9.734194881e-05
9.632207919e-05
0.0001163008737
9.414380904e-05
9.299535966e-05
8.688611418e-05
0.000100963201
9.987339326e-05
9.370660271e-05
8.781339193e-05
9.154000926e-05
9.054778339e-05
8.941822684e-05
0.0001024157507
8.73436807e-05
9.094797636e-05
9.878961431e-05
0.0001021699474
9.211658991e-05
9.547217066e-05
9.856178098e-05
9.751679732e-05
9.211063557e-05
8.285696765e-05
9.000602225e-05
9.3118223e-05
8.796280482e-05
9.497204752e-05
9.379730369e-05
9.284364733e-05
9.170163164e-05
9.456361162e-05
8.967178353e-05
9.988146886e-05
9.501585488e-05
9.046883062e-05
8.938138736e-05
9.560207228e-05
8.396823807e-05
8.317094141e-05
9.246604513e-05
8.82079617e-05
9.053575783e-05
8.970031646e-05
9.852428565e-05
8.135640096e-05
0.0001029602807
8.609270113e-05
8.513675072e-05
0.0001000082802
8.655342006e-05
9.805162404e-05
8.791025514e-05
9.616379106e-05
8.952319873e-05
8.947567532e-05
9.680941465e-05
8.927062317e-05
8.907609066e-05
9.634989283e-05
8.866647488e-05
8.848209109e-05
8.813740054e-05
0.0001025571308
8.749359347e-05
9.448371457e-05
8.674069103e-05
9.361859545e-05
8.5885123e-05
9.264380157e-05
9.201181263e-05
8.452387998e-05
8.389488043e-05
0.0001043059751
0.0001034697772
8.914578683e-05
9.51825607e-05
9.457389512e-05
8.033093324e-05
9.972266295e-05
8.560697178e-05
9.151486013e-05
0.0001164989232
7.70612052e-05
0.0001016951194
0.0001008611662
8.73199987e-05
9.893735608e-05
9.174552877e-05
8.486323532e-05
9.590720141e-05
9.50178551e-05
9.981000091e-05
9.885466962e-05
9.196474402e-05
0.0001024422752
8.999226802e-05
8.351740624e-05
8.802802793e-05
9.256748258e-05
9.683773317e-05
7.452967777e-05
8.940666134e-05
0.0001040669388
9.252033863e-05
8.135793509e-05
8.036065035e-05
8.943036511e-05
9.323395342e-05
8.737089424e-05
0.0001006684139
9.483587996e-05
8.89722106e-05
8.800910941e-05
0.0001052070497
9.049686222e-05
8.489676343e-05
8.840469922e-05
7.420363899e-05
9.068427154e-05
9.807855212e-05
9.281974104e-05
8.332768942e-05
8.657468237e-05
8.956730553e-05
8.460658662e-05
9.151384536e-05
9.451010939e-05
9.334187349e-05
9.239278363e-05
9.125690526e-05
9.034071063e-05
9.295541544e-05
8.83531314e-05
9.09187054e-05
8.642911409e-05
9.250607347e-05
8.809123224e-05
9.052430769e-05
8.621598356e-05
9.54249193e-05
8.777936821e-05
0.0001001057464
9.256976655e-05
8.497121566e-05
9.391304319e-05
9.605311425e-05
9.519065346e-05
8.785667315e-05
9.951756814e-05
9.535494537e-05
9.14707434e-05
8.445896659e-05
8.671757467e-05
9.641032573e-05
9.6359268e-05
8.883496663e-05
8.874374151e-05
8.855110816e-05
8.841438421e-05
0.0001028360124
8.79621035e-05
8.762076896e-05
8.739115106e-05
0.000101479728
8.670677444e-05
8.623628926e-05
8.591510093e-05
9.96194728e-05
8.502300707e-05
9.148221856e-05
8.403797846e-05
8.341483475e-05
8.296796527e-05
0.000102881451
9.545811076e-05
8.788461532e-05
0.0001007578083
8.65371073e-05
9.255340618e-05
9.822733541e-05
9.750674789e-05
8.367319831e-05
8.940891968e-05
9.481642376e-05
8.150125051e-05
8.064174968e-05
0.00011070022
0.0001034170668
9.043513058e-05
9.539365776e-05
9.451007783e-05
9.343978392e-05
8.097807724e-05
9.148000293e-05
8.491941717e-05
8.952156777e-05
8.308132919e-05
8.209787203e-05
7.583694796e-05
9.098656334e-05
9.533079089e-05
9.941380681e-05
9.83583799e-05
8.693624878e-05
8.60039986e-05
8.495205942e-05
9.886585925e-05
0.0001025308954
9.176243562e-05
9.062646395e-05
9.436306573e-05
9.319012812e-05
7.835445414e-05
0.0001001358301
8.554769111e-05
9.781821626e-05
7.037622224e-05
7.38402986e-05
9.453756677e-05
0.0001018435184
8.816850527e-05
8.706853918e-05
9.435879612e-05
8.913284494e-05
9.622423664e-05
9.107090628e-05
9.405264319e-05
9.289084458e-05
9.57773726e-05
9.081647164e-05
8.990460561e-05
9.620737331e-05
9.525412831e-05
8.686107009e-05
0.0001003475806
8.851908742e-05
9.1172816e-05
9.00872849e-05
9.266360075e-05
0.0001017467448
9.407452877e-05
8.301745661e-05
9.870146697e-05
8.781102053e-05
9.345713123e-05
8.921319103e-05
8.841215154e-05
8.430519984e-05
9.28421701e-05
0.0001010092933
9.405660956e-05
9.304782884e-05
9.52176034e-05
8.847131123e-05
8.842456828e-05
9.567305512e-05
8.822304276e-05
8.803227752e-05
8.789654367e-05
9.493242038e-05
8.744819189e-05
8.711015872e-05
8.688218827e-05
8.647758805e-05
9.338736132e-05
8.573771982e-05
9.965530971e-05
8.489683514e-05
9.157886977e-05
9.095868599e-05
9.748390353e-05
9.676362669e-05
9.624599675e-05
8.18398218e-05
9.491922036e-05
8.739103147e-05
9.351332725e-05
9.267405642e-05
9.2038129e-05
9.768348534e-05
8.403883151e-05
9.601545578e-05
8.256721461e-05
8.172612447e-05
9.976330439e-05
0.0001110536541
9.786883637e-05
0.000102861893
7.196049128e-05
8.302488639e-05
0.0001116341424
9.294601764e-05
8.630462124e-05
0.0001080629098
7.88433082e-05
0.000105753722
9.366975333e-05
8.167389269e-05
8.083492044e-05
9.052009998e-05
8.957371671e-05
8.849638739e-05
8.240699378e-05
9.158470782e-05
9.563663822e-05
9.446940807e-05
9.345119321e-05
8.744477308e-05
7.688812803e-05
0.000104414889
8.920019551e-05
9.736638349e-05
0.0001008994675
9.511445535e-05
9.408832397e-05
9.733964601e-05
9.62941155e-05
9.077002828e-05
8.55246302e-05
8.868041739e-05
9.191866507e-05
7.839501667e-05
9.79848676e-05
9.273451424e-05
8.77797793e-05
9.457276623e-05
8.969960161e-05
9.244415346e-05
9.150406666e-05
9.038026894e-05
8.947269081e-05
9.574559053e-05
9.115076758e-05
9.364790791e-05
8.916595045e-05
8.809414672e-05
9.771461124e-05
8.965446145e-05
8.880277023e-05
8.775629205e-05
9.362182947e-05
8.261735203e-05
9.495148392e-05
9.062338942e-05
8.979853394e-05
9.829329041e-05
9.426844591e-05
8.70027265e-05
8.931134557e-05
9.137869436e-05
8.75593893e-05
8.960518631e-05
9.179047473e-05
8.795458301e-05
8.790822151e-05
8.779829632e-05
8.770841869e-05
9.481278218e-05
9.466679491e-05
8.712068776e-05
8.694025037e-05
9.382258726e-05
8.637911952e-05
9.314324815e-05
9.284867091e-05
9.945236249e-05
9.200562906e-05
8.441117166e-05
0.0001050640758
9.044111145e-05
8.308274469e-05
9.62162108e-05
8.203049839e-05
9.494300099e-05
9.438638021e-05
9.358780399e-05
8.634963407e-05
8.557720808e-05
8.49908034e-05
0.0001036219993
9.000594438e-05
8.912466503e-05
9.475018691e-05
8.753540464e-05
8.061892114e-05
0.0001165924483
9.125923594e-05
9.629425694e-05
8.947126167e-05
8.258503272e-05
7.597738893e-05
9.823603253e-05
0.0001030221823
9.052569107e-05
8.403515693e-05
9.413196034e-05
9.866723457e-05
0.0001083390266
9.114296838e-05
8.476084244e-05
8.387528731e-05
9.840677379e-05
0.0001024876732
9.112395304e-05
7.512318921e-05
8.904994659e-05
8.809060539e-05
9.184418721e-05
0.00010041472
8.973097236e-05
9.343144122e-05
9.688788227e-05
9.127633453e-05
9.915641345e-05
8.471147829e-05
8.805975973e-05
9.146982474e-05
0.0001032341491
9.362108369e-05
9.245441035e-05
9.979053382e-05
9.444212674e-05
9.344993172e-05
8.827644679e-05
8.735809903e-05
9.019776808e-05
9.31508693e-05
9.200173786e-05
9.106608884e-05
9.369607966e-05
9.275511055e-05
9.162328804e-05
8.708662033e-05
8.961599696e-05
9.583915299e-05
9.468712775e-05
9.377449037e-05
9.265753776e-05
9.517633703e-05
9.069521616e-05
9.650109e-05
8.5509929e-05
8.146203685e-05
9.985069857e-05
8.617511726e-05
8.519758253e-05
8.755974322e-05
8.658194819e-05
9.194428702e-05
9.093510733e-05
9.614841535e-05
9.214066668e-05
9.13432961e-05
0.0001020178317
8.739787005e-05
9.45630635e-05
0.0001017330576
8.701264431e-05
8.687884975e-05
9.383544457e-05
9.364135681e-05
8.610658605e-05
8.5881843e-05
9.973239286e-05
9.94174026e-05
9.182081775e-05
9.851719681e-05
8.393103318e-05
8.357366984e-05
9.684703947e-05
8.261322518e-05
9.567495379e-05
8.156966475e-05
8.766848245e-05
9.385948898e-05
7.977259533e-05
9.247628236e-05
9.165175393e-05
9.102459746e-05
8.373183344e-05
8.951396949e-05
0.0001013031187
8.167132955e-05
8.706320976e-05
7.401681409e-05
9.765755682e-05
9.682315e-05
8.380996023e-05
9.493012389e-05
0.0001056211908
8.139144566e-05
0.0001034707238
9.109732522e-05
9.568446056e-05
0.0001003198762
8.813855431e-05
0.0001036133331
9.700672452e-05
9.067782359e-05
8.433070703e-05
8.345025188e-05
0.0001082172767
9.177466444e-05
8.059360985e-05
0.0001146129308
9.352962151e-05
9.739210548e-05
8.658008855e-05
9.040265221e-05
9.868875979e-05
9.297249337e-05
9.182291541e-05
7.266422644e-05
8.970350438e-05
9.760991546e-05
9.201476229e-05
9.536148421e-05
9.417464636e-05
8.893449749e-05
8.782757762e-05
8.689696513e-05
9.807590102e-05
9.704560037e-05
9.184777082e-05
9.089228942e-05
8.586451491e-05
9.270643605e-05
9.156353668e-05
9.440862891e-05
8.952031473e-05
9.6006292e-05
9.11876899e-05
9.389518719e-05
8.56224165e-05
8.478529301e-05
8.725638864e-05
8.987185114e-05
8.880117277e-05
9.134030216e-05
9.694920867e-05
9.93529039e-05
8.837489047e-05
0.0001037735629
8.975623481e-05
9.84683716e-05
8.792916722e-05
8.402754205e-05
9.847453758e-05
8.845176586e-05
9.351233306e-05
9.568410174e-05
8.577796493e-05
9.090045342e-05
9.418394439e-05
9.413452759e-05
8.678554202e-05
8.669697435e-05
8.651163412e-05
9.357702176e-05
9.3296409e-05
8.594186627e-05
9.274787327e-05
9.25061142e-05
9.208015453e-05
9.178972156e-05
9.129901208e-05
9.096084527e-05
9.73657136e-05
9.695172181e-05
0.0001031808856
8.214898256e-05
8.834405573e-05
0.0001216709699
8.718108714e-05
0.0001000054796
0.0001057759925
9.196633782e-05
0.0001106809458
9.699231072e-05
0.0001088991418
9.538643964e-05
9.445824696e-05
8.747914883e-05
8.65960819e-05
7.36204535e-05
8.49953963e-05
8.427006159e-05
0.0001012315688
9.44295703e-05
9.339332623e-05
8.67488478e-05
9.721401215e-05
0.000101952383
9.519052703e-05
9.980294687e-05
0.0001041283092
0.0001030833954
8.042782859e-05
0.0001114450265
7.34168008e-05
9.859753414e-05
8.203784259e-05
9.638813224e-05
8.520420119e-05
8.925081077e-05
9.796495296e-05
9.206504131e-05
0.0001052994891
8.99583026e-05
8.885300455e-05
0.0001017698355
9.137604942e-05
8.586914142e-05
9.819597032e-05
9.272213434e-05
9.157109694e-05
9.490191049e-05
9.798248353e-05
8.850755404e-05
8.324502821e-05
9.471753712e-05
9.354100322e-05
9.65826873e-05
8.743634876e-05
9.439284755e-05
9.322561382e-05
9.226622355e-05
9.112948998e-05
9.020259205e-05
0.000100233501
8.820149242e-05
8.712596546e-05
9.345078261e-05
9.942023611e-05
9.844807188e-05
8.684345651e-05
9.976714703e-05
0.0001019776044
0.000101008402
8.650777341e-05
9.558555457e-05
9.447022397e-05
9.359790773e-05
8.294821886e-05
9.167690576e-05
9.688533372e-05
8.362634264e-05
7.962730737e-05
9.409905805e-05
8.405668049e-05
8.629697751e-05
9.419460371e-05
9.046188392e-05
0.0001080499886
0.0001079934252
8.628787622e-05
9.338327908e-05
8.601636043e-05
9.304149017e-05
9.276353101e-05
9.257215921e-05
0.0001064073423
9.905498295e-05
9.860055296e-05
9.828996541e-05
9.078310361e-05
0.0001043622707
9.681811804e-05
9.640701895e-05
8.208289474e-05
8.849742242e-05
8.785261209e-05
0.0001075511443
0.0001000374014
9.28231592e-05
7.889623377e-05
8.492898741e-05
0.0001165522625
9.003314497e-05
9.556700236e-05
8.222126726e-05
0.0001064770538
8.079467718e-05
7.998151565e-05
8.543303454e-05
7.850630311e-05
8.382462621e-05
0.0001006995515
9.393426772e-05
8.709964025e-05
8.629732499e-05
0.0001023998139
9.579100688e-05
8.91309805e-05
0.0001048075018
9.814504886e-05
0.0001025588509
9.069033104e-05
8.97616332e-05
8.348340147e-05
9.293959629e-05
9.693390527e-05
9.59078422e-05
9.974343479e-05
0.0001036104578
9.260834887e-05
9.64337724e-05
0.0001095468753
9.422978925e-05
9.307413905e-05
0.0001012747918
8.184016063e-05
7.645846232e-05
8.883881124e-05
9.227551198e-05
8.245248096e-05
9.873977902e-05
0.0001017539215
9.647370834e-05
9.527584085e-05
8.606945297e-05
8.904916988e-05
8.811382204e-05
9.493338278e-05
9.394584118e-05
9.278505144e-05
9.183017194e-05
9.069953897e-05
8.977695549e-05
9.237142808e-05
9.144348832e-05
9.032880218e-05
8.58559061e-05
9.89521034e-05
9.098549399e-05
8.297703772e-05
8.902497325e-05
9.134720311e-05
8.377676149e-05
9.272249307e-05
9.513427057e-05
9.078134301e-05
8.351850093e-05
9.20807152e-05
7.865723817e-05
9.020397203e-05
7.706384832e-05
8.839167327e-05
9.062955985e-05
9.261747595e-05
9.180727425e-05
8.495373339e-05
9.583575354e-05
9.310887356e-05
9.306024131e-05
0.0001000951998
8.570859179e-05
9.265395239e-05
8.539574149e-05
8.514157448e-05
9.912717717e-05
9.169750158e-05
9.84944141e-05
0.0001050473704
9.075465469e-05
0.0001111052221
0.0001037763732
8.939974412e-05
8.902065947e-05
0.0001020327746
8.123597615e-05
8.736660585e-05
9.358733483e-05
7.958988542e-05
9.231352901e-05
0.0001046203122
8.44657698e-05
9.659989421e-05
8.314936883e-05
0.0001077257528
0.0001195232918
9.344786903e-05
9.272696625e-05
8.567670445e-05
9.712044326e-05
9.010697749e-05
9.52958572e-05
8.249549159e-05
9.344413396e-05
0.0001155303664
8.585047815e-05
0.0001075322194
0.0001065103829
9.421780206e-05
7.134465504e-05
8.137277149e-05
9.666911155e-05
0.000100849504
8.931044585e-05
9.864099576e-05
7.706306699e-05
8.12233247e-05
0.0001004550683
8.932637971e-05
7.855241789e-05
9.70047212e-05
0.0001007597259
9.479406305e-05
7.970546657e-05
9.26232117e-05
9.162230989e-05
8.144571599e-05
8.951790796e-05
9.725395467e-05
9.620617973e-05
9.93342388e-05
9.399592507e-05
9.705032124e-05
8.349128365e-05
9.48242217e-05
9.381982476e-05
8.459979049e-05
9.168373532e-05
9.054900305e-05
9.350304853e-05
8.850077375e-05
9.139822253e-05
9.027362595e-05
8.935531695e-05
8.826063541e-05
8.737390605e-05
9.350161309e-05
8.901391854e-05
9.848835855e-05
9.055895824e-05
8.947037557e-05
9.201547189e-05
9.091862196e-05
9.338960982e-05
9.228690011e-05
8.489199734e-05
9.358104806e-05
9.271676159e-05
9.480661996e-05
8.454909055e-05
9.596889244e-05
9.203925396e-05
7.887170887e-05
9.32062876e-05
9.217643924e-05
9.431768346e-05
9.037839326e-05
8.670708334e-05
9.258048953e-05
0.0001067679704
8.530947346e-05
9.94266042e-05
9.212951902e-05
9.198860764e-05
8.466076662e-05
0.0001056081948
8.416724965e-05
9.794015425e-05
8.356638408e-05
9.718781275e-05
0.0001104844096
8.943741519e-05
8.890254269e-05
9.533577101e-05
8.117459801e-05
9.425154815e-05
8.688594726e-05
8.642505081e-05
8.575088405e-05
8.525164546e-05
9.104540427e-05
9.046969909e-05
9.607859085e-05
9.542470483e-05
8.193708054e-05
8.759870215e-05
7.436059409e-05
7.993664475e-05
7.91368479e-05
9.660858557e-05
9.561041165e-05
0.0001066470873
8.792833971e-05
8.714914549e-05
8.045386871e-05
9.110211734e-05
8.445903703e-05
8.923440329e-05
9.373885668e-05
8.190302992e-05
9.175714626e-05
8.015180181e-05
0.0001003443383
9.40910523e-05
9.298457212e-05
9.712839355e-05
8.587348235e-05
9.99594524e-05
0.0001037026822
8.793826571e-05
8.687846689e-05
7.639529236e-05
9.905119746e-05
8.398523546e-05
0.0001013942959
9.573996744e-05
8.555811396e-05
8.01799531e-05
7.479203489e-05
8.704290648e-05
9.026540538e-05
9.354938831e-05
9.239125714e-05
9.556058595e-05
9.02735219e-05
8.52575528e-05
9.222110589e-05
9.52200717e-05
9.404264812e-05
9.306441031e-05
9.191630171e-05
9.097031768e-05
8.985169429e-05
8.893762036e-05
9.516929881e-05
9.421306868e-05
9.306538076e-05
8.859851523e-05
8.752583943e-05
9.360318772e-05
9.247800432e-05
8.819390693e-05
0.0001039005686
8.963359801e-05
9.513592999e-05
8.44949495e-05
8.671907255e-05
9.864668294e-05
9.121616122e-05
8.726887219e-05
8.319235007e-05
8.549894029e-05
9.057607123e-05
9.276622504e-05
8.878024161e-05
9.680430595e-05
9.284986593e-05
8.917120487e-05
9.913945862e-05
9.908790596e-05
9.189759109e-05
8.474249118e-05
0.0001057049873
9.147105213e-05
9.821625176e-05
9.101337233e-05
0.0001046199859
0.0001043486759
8.310013333e-05
8.283938897e-05
8.92697783e-05
8.894088208e-05
8.841084109e-05
8.12648788e-05
0.0001009099329
8.703829445e-05
8.641054855e-05
8.595279459e-05
9.840521621e-05
8.47886692e-05
8.408530998e-05
8.998158597e-05
9.556288374e-05
8.225825365e-05
8.150035002e-05
9.335638212e-05
8.013102714e-05
0.000103980404
9.68875928e-05
8.408933305e-05
9.511196584e-05
9.430415187e-05
9.330497007e-05
0.0001155988157
0.0001086267555
9.629992809e-05
9.523246791e-05
8.323173504e-05
9.875091812e-05
8.692215681e-05
9.66668722e-05
0.0001010167659
0.000110354125
8.84215431e-05
8.224389374e-05
8.647484946e-05
8.545137315e-05
9.44952678e-05
9.336803554e-05
9.723254199e-05
8.645681762e-05
8.077645262e-05
9.387931943e-05
9.751045333e-05
0.0001009077731
7.713220044e-05
7.618656197e-05
0.000101963438
8.319395377e-05
0.0001039555344
9.411642972e-05
0.0001015713536
8.777609963e-05
9.097523815e-05
9.801778137e-05
9.697979404e-05
9.17893788e-05
8.687650637e-05
8.580322636e-05
9.262986833e-05
9.148799901e-05
9.054640086e-05
0.0001043393032
8.852381069e-05
9.837040628e-05
8.656170565e-05
8.907038462e-05
9.876940758e-05
8.711945355e-05
8.971777278e-05
9.545769532e-05
8.778416536e-05
0.0001034176216
9.25211687e-05
9.469315926e-05
8.73362753e-05
8.951161109e-05
8.23501149e-05
8.452856838e-05
9.306541454e-05
8.280257747e-05
8.509836588e-05
9.31553763e-05
9.530869509e-05
9.130684804e-05
9.634784647e-05
8.95222959e-05
9.447487415e-05
9.154151074e-05
9.149401319e-05
8.43530098e-05
8.426756246e-05
8.409070438e-05
9.095928788e-05
9.069153181e-05
8.354342519e-05
0.0001040374696
8.993227311e-05
8.263905653e-05
8.23800887e-05
8.877648642e-05
8.844983177e-05
0.0001014514022
8.755320624e-05
9.366721348e-05
7.990389451e-05
9.255111797e-05
7.890985058e-05
8.482320266e-05
9.081767083e-05
9.006670595e-05
8.310594653e-05
0.0001140632199
0.0001007013175
9.977630821e-05
0.0001052439374
8.584071113e-05
7.909664528e-05
8.433366784e-05
8.962583187e-05
7.687768576e-05
9.381599934e-05
9.282470662e-05
7.475320852e-05
7.96318863e-05
9.580891523e-05
9.474963987e-05
8.281052383e-05
7.641976332e-05
9.189085766e-05
8.549688168e-05
7.406220425e-05
7.320455503e-05
9.315920571e-05
9.206872145e-05
7.592609235e-05
8.003142907e-05
9.403361117e-05
7.335338552e-05
9.192250118e-05
9.081919924e-05
0.0001040298533
9.342853615e-05
0.0001016637429
8.673145651e-05
8.127970278e-05
8.474514073e-05
9.70672085e-05
6.101094305e-05
8.622022371e-05
8.089967995e-05
8.424447537e-05
9.984507714e-05
9.054873528e-05
9.349469282e-05
9.25047152e-05
9.136167508e-05
9.040228819e-05
8.928645342e-05
9.219936546e-05
9.106366933e-05
9.763695129e-05
9.272870192e-05
9.178524368e-05
8.703591515e-05
8.616124172e-05
8.865866794e-05
9.480157109e-05
8.671682395e-05
8.930301317e-05
8.822950816e-05
9.409961447e-05
9.297729084e-05
9.209297691e-05
0.0001040049554
9.33709573e-05
0.0001018242555
9.142571643e-05
8.72515637e-05
8.64570288e-05
9.157382241e-05
8.772658202e-05
8.673768534e-05
9.782738177e-05
9.674128449e-05
9.008381259e-05
9.197450375e-05
9.11804082e-05
8.402835458e-05
9.098358735e-05
9.087300714e-05
9.078108805e-05
8.362268721e-05
8.349527837e-05
8.32503826e-05
8.30797122e-05
0.0001034614042
0.0001031937657
9.588024601e-05
8.875300796e-05
8.149718427e-05
8.796417396e-05
8.744357638e-05
8.707474756e-05
8.650333057e-05
8.609198275e-05
9.862521821e-05
7.848332141e-05
9.085660602e-05
8.38776403e-05
9.598414825e-05
8.266234992e-05
8.194151475e-05
8.764650049e-05
8.68438399e-05
9.237341563e-05
8.539122701e-05
9.684089991e-05
9.588033965e-05
0.0001129370457
9.413050461e-05
9.33328745e-05
0.0001038930321
0.0001029754147
0.0001075225765
9.532288411e-05
7.763550365e-05
9.337936166e-05
8.146835088e-05
0.0001075665429
0.0001063399021
0.0001000142168
9.88587569e-05
0.0001030001887
8.652766577e-05
9.066542369e-05
0.0001095075659
0.0001083516714
8.759835473e-05
9.629307377e-05
8.086869726e-05
8.941254715e-05
7.903475207e-05
7.818327602e-05
8.177612839e-05
9.887009974e-05
8.878360039e-05
8.782595254e-05
9.108570967e-05
9.010542089e-05
9.32343505e-05
9.223487615e-05
9.10974204e-05
8.193292067e-05
9.305976301e-05
9.607773946e-05
9.093793874e-05
9.389536954e-05
9.273745188e-05
9.177284566e-05
9.064325764e-05
8.971031036e-05
8.860923698e-05
9.501660685e-05
9.385479281e-05
8.933798552e-05
9.531079916e-05
9.087025686e-05
8.631789881e-05
9.572992232e-05
8.782349922e-05
9.366646028e-05
8.924377272e-05
9.494261346e-05
8.734953221e-05
9.614513309e-05
9.185198324e-05
9.41413666e-05
9.305104929e-05
8.605674518e-05
8.811047179e-05
0.0001023744529
0.0001012189556
8.851995639e-05
9.62892213e-05
9.544772089e-05
0.0001001251378
9.642491872e-05
9.05255929e-05
8.351891542e-05
9.036923513e-05
9.027795625e-05
9.701982595e-05
9.687219087e-05
8.968985952e-05
8.950621176e-05
8.917279206e-05
8.894239865e-05
9.535409802e-05
0.0001018457501
8.780607904e-05
8.748382029e-05
9.365767133e-05
7.993983675e-05
7.941700393e-05
9.221315563e-05
7.847544202e-05
9.10716082e-05
8.391537839e-05
9.626472481e-05
8.9108825e-05
8.222346376e-05
8.150865929e-05
8.09568272e-05
9.255882977e-05
7.351172329e-05
9.708162926e-05
0.0001144006313
7.749992745e-05
7.687387024e-05
8.779437262e-05
9.285470007e-05
0.000114848576
9.106823756e-05
0.0001013483959
8.368390526e-05
8.828096373e-05
9.291153142e-05
9.187079807e-05
9.097683379e-05
9.523256093e-05
0.0001047582819
0.0001035508317
9.224563551e-05
9.623577704e-05
0.0001002487551
9.41165918e-05
9.312369952e-05
8.71767447e-05
8.145559761e-05
8.995030055e-05
8.430181907e-05
9.716682495e-05
7.781176969e-05
8.591093646e-05
8.498423634e-05
9.27840478e-05
9.615420121e-05
9.497613698e-05
0.0001024955357
9.279948225e-05
0.0001001507743
9.479570943e-05
9.378523394e-05
8.86015192e-05
9.563297586e-05
9.051811485e-05
8.9567707e-05
9.231040029e-05
9.13502539e-05
9.398615616e-05
8.929802873e-05
9.555290908e-05
9.094288347e-05
8.62381446e-05
8.892846672e-05
8.784654863e-05
9.393295999e-05
8.935953231e-05
9.869468835e-05
9.750827253e-05
8.990737285e-05
8.88346578e-05
8.798950391e-05
9.016891643e-05
8.932346412e-05
9.142965467e-05
9.683203905e-05
9.262226874e-05
9.177873321e-05
9.375188763e-05
9.590725881e-05
9.186014958e-05
8.810976645e-05
9.293707962e-05
9.212502866e-05
9.111549274e-05
9.597489392e-05
0.000110801284
9.69011427e-05
8.295786262e-05
9.668655303e-05
0.0001033776371
9.633915493e-05
0.0001097812619
8.216755989e-05
0.0001023282022
8.845558828e-05
9.483369304e-05
8.778493405e-05
0.0001007639858
8.031570862e-05
9.980451631e-05
9.275899083e-05
7.898943372e-05
9.171725986e-05
0.0001105782819
9.705493519e-05
8.988938483e-05
0.0001085201287
8.863748458e-05
9.437216933e-05
9.355425337e-05
0.0001115060145
9.821416881e-05
9.750499535e-05
9.054239368e-05
8.385917462e-05
8.896295065e-05
0.0001058941678
8.152295543e-05
9.815523786e-05
9.141312954e-05
9.060748313e-05
9.523634357e-05
8.881455705e-05
8.235008018e-05
8.157208717e-05
8.60379852e-05
7.98764178e-05
0.0001000285286
7.297048457e-05
0.0001030448084
9.179553686e-05
8.064736038e-05
9.477476052e-05
8.873325903e-05
9.755296361e-05
9.157912773e-05
8.106584831e-05
0.0001036571178
8.856202434e-05
9.670688153e-05
9.566584251e-05
9.900749263e-05
9.348808323e-05
9.234942545e-05
9.570410818e-05
9.023634865e-05
8.92656978e-05
9.656722691e-05
9.137886746e-05
9.845979087e-05
9.74104231e-05
9.220193104e-05
9.519231109e-05
9.401963422e-05
8.91561684e-05
9.188726378e-05
9.472035017e-05
8.981397314e-05
8.888951922e-05
0.0001060914821
9.776967296e-05
8.584471858e-05
8.49817778e-05
9.444172626e-05
9.004146297e-05
9.579467434e-05
9.146917574e-05
9.706365717e-05
8.286786248e-05
0.0001015299103
8.434386644e-05
9.616814168e-05
0.0001047929573
8.473455807e-05
9.327944701e-05
9.83439165e-05
8.831245244e-05
9.633106777e-05
9.546618594e-05
8.848681385e-05
9.647369657e-05
8.961597637e-05
0.0001002954256
8.785785217e-05
8.990969434e-05
9.641905179e-05
9.636945023e-05
8.937826391e-05
9.615656628e-05
8.910349505e-05
8.8968242e-05
9.553392381e-05
0.0001021486922
8.820141143e-05
0.0001015085513
8.758187059e-05
0.0001007408926
8.017537581e-05
9.985232489e-05
8.603172267e-05
9.226026006e-05
8.511364637e-05
0.0001042590504
9.05794741e-05
8.366687169e-05
8.941345582e-05
9.524679515e-05
8.187316822e-05
9.387637595e-05
9.926956836e-05
0.0001047616484
0.0001038107861
9.093717433e-05
9.608066425e-05
9.534586835e-05
8.85076173e-05
0.0001053531768
9.269571278e-05
9.191290116e-05
0.0001080056141
9.015136755e-05
0.0001059077653
0.0001049402796
8.194086465e-05
9.740095876e-05
9.096441377e-05
7.948307129e-05
9.429976828e-05
8.817377287e-05
9.741652132e-05
9.134980925e-05
0.0001053384482
8.935356882e-05
9.321353064e-05
9.708550371e-05
8.634558378e-05
8.542568223e-05
0.0001078553168
9.742099175e-05
9.625127191e-05
9.974961652e-05
9.406430075e-05
8.86193893e-05
7.878759074e-05
9.958812784e-05
9.409460835e-05
8.885167828e-05
0.000100300149
9.509119363e-05
9.392292617e-05
9.292206751e-05
9.576930628e-05
9.475568875e-05
9.358955439e-05
9.260702016e-05
9.146798874e-05
9.051663942e-05
8.940499525e-05
9.217159405e-05
8.740067208e-05
8.651121043e-05
9.613672418e-05
8.812059003e-05
9.74950731e-05
8.618529772e-05
9.535998728e-05
8.430925638e-05
8.995941753e-05
8.909093402e-05
9.12878593e-05
8.718986877e-05
9.89217702e-05
8.534962601e-05
9.059654239e-05
8.666408686e-05
8.565802405e-05
9.094053079e-05
8.390380996e-05
9.799881242e-05
9.688852274e-05
9.021070933e-05
9.783554677e-05
9.12762491e-05
9.027237902e-05
8.949395732e-05
9.589278828e-05
8.899759205e-05
8.889088395e-05
8.880147538e-05
8.861837849e-05
8.848402603e-05
8.822816232e-05
8.804815451e-05
9.447158456e-05
9.422837979e-05
0.0001072111315
8.683775083e-05
9.303495831e-05
8.607372923e-05
9.215358053e-05
8.521208763e-05
9.768494753e-05
9.074129876e-05
9.653530647e-05
8.322420056e-05
0.0001016486171
0.0001136950329
9.397457792e-05
9.338576475e-05
8.023710355e-05
9.808731041e-05
7.289972762e-05
8.443708087e-05
7.766515446e-05
7.114329743e-05
0.0001115387669
7.570166164e-05
7.493453473e-05
9.144912986e-05
8.4839709e-05
8.40935823e-05
8.874123772e-05
8.793137963e-05
0.0001032785482
9.692020603e-05
9.051789539e-05
9.491229578e-05
7.820015918e-05
9.290620041e-05
8.674033673e-05
9.59588554e-05
8.486412156e-05
9.386493955e-05
9.276846777e-05
7.729800196e-05
8.593591847e-05
9.919094651e-05
9.801217862e-05
9.234476841e-05
0.0001049237385
7.220530502e-05
9.362558042e-05
0.0001014373536
9.149228261e-05
9.481644604e-05
8.940268162e-05
8.42299824e-05
9.151888161e-05
9.465399246e-05
9.755742647e-05
8.847483194e-05
9.533193364e-05
9.432305347e-05
9.316339132e-05
9.218539131e-05
9.105252258e-05
9.010551162e-05
9.270804701e-05
9.542391227e-05
9.063032307e-05
9.329625747e-05
9.215758308e-05
9.473990171e-05
0.0001005208302
9.265948339e-05
9.15388978e-05
8.057117333e-05
9.286970539e-05
0.00010182725
9.412058857e-05
9.001012406e-05
8.57675788e-05
9.12566552e-05
9.018565395e-05
8.935206142e-05
0.0001035405555
9.656228786e-05
9.545308862e-05
8.868384384e-05
9.644563655e-05
8.97984162e-05
8.30651766e-05
9.085769749e-05
8.704862616e-05
9.743348923e-05
9.537223837e-05
0.0001089410052
9.520946673e-05
9.511383449e-05
0.0001016982873
0.0001015442911
8.775146011e-05
9.430899128e-05
9.396257846e-05
8.033225931e-05
8.664129598e-05
8.637178303e-05
9.253735857e-05
0.0001053707647
0.0001113049443
8.4758808e-05
8.421173339e-05
9.670828487e-05
0.000102428368
8.915435739e-05
9.47963127e-05
9.425016797e-05
9.971761579e-05
9.29002549e-05
8.596217786e-05
9.758070996e-05
8.461266659e-05
9.000423777e-05
9.510012959e-05
7.667933342e-05
9.34515114e-05
9.849385389e-05
8.602803784e-05
9.667689118e-05
9.004384085e-05
8.367447704e-05
8.278255565e-05
8.749634512e-05
9.195244967e-05
9.108616604e-05
0.0001006728851
9.444946438e-05
0.0001037611907
9.759279771e-05
8.124478665e-05
7.036650051e-05
8.445818226e-05
8.358322749e-05
0.0001117650315
0.000105780286
9.028179555e-05
9.402195555e-05
0.0001021974626
7.812497861e-05
8.173098119e-05
8.534396735e-05
9.31909335e-05
8.340736955e-05
8.67330003e-05
9.866870501e-05
9.746698834e-05
8.384290936e-05
9.524073442e-05
9.422079313e-05
8.901971694e-05
9.207464474e-05
9.0944432e-05
9.389435089e-05
9.274109175e-05
9.176758431e-05
9.064081361e-05
9.717294343e-05
8.859811258e-05
8.768611267e-05
8.661311259e-05
9.28758601e-05
8.821425817e-05
9.431344039e-05
8.626614142e-05
9.565902366e-05
8.437709069e-05
8.689281317e-05
8.254638871e-05
8.174924974e-05
9.692781368e-05
9.600515185e-05
9.170552202e-05
9.711042184e-05
8.977847574e-05
8.894856741e-05
9.397747948e-05
9.91292502e-05
9.205069608e-05
9.416697772e-05
8.727889171e-05
9.515696325e-05
9.123959465e-05
8.761662423e-05
8.94447253e-05
9.421603114e-05
9.485730951e-05
8.803675621e-05
9.469589027e-05
9.460090347e-05
9.440719261e-05
0.0001009975801
9.399371855e-05
8.040205262e-05
0.0001134859625
9.321899405e-05
9.280766288e-05
8.591078927e-05
7.889576003e-05
9.825998503e-05
0.0001042027518
9.079573487e-05
9.665527732e-05
7.695933371e-05
0.0001082596459
8.868759184e-05
9.430225102e-05
8.75089926e-05
9.300102086e-05
0.0001047424029
7.941121352e-05
7.887694391e-05
9.019298472e-05
8.95449112e-05
7.687657995e-05
9.389629565e-05
8.716916038e-05
8.646905748e-05
9.701050436e-05
9.053548748e-05
7.839692165e-05
9.436079902e-05
0.0001098323579
9.794879326e-05
9.15022296e-05
9.064097668e-05
8.963788177e-05
9.921285415e-05
8.777132629e-05
8.689909321e-05
0.0001010692229
0.0001000424724
8.900058496e-05
9.297242073e-05
0.0001064000723
9.57096231e-05
9.931616348e-05
8.890150088e-05
9.709636692e-05
8.690861524e-05
9.942935822e-05
9.83606645e-05
0.0001060117755
0.0001005006232
9.928432411e-05
9.394509883e-05
0.0001012391744
8.763234646e-05
9.48066317e-05
8.563575479e-05
8.861549753e-05
9.564177729e-05
9.446906461e-05
9.346952762e-05
9.232260339e-05
9.515994524e-05
9.02328111e-05
9.673555584e-05
9.187511283e-05
9.09293599e-05
9.341001739e-05
9.245923439e-05
9.484455155e-05
9.389080121e-05
9.275027575e-05
9.182951038e-05
9.407927793e-05
9.315783608e-05
8.546380772e-05
9.765967178e-05
9.649342987e-05
8.601730069e-05
9.444210764e-05
9.355603917e-05
9.862064302e-05
9.160210469e-05
9.355418271e-05
0.0001016730856
8.86790335e-05
9.960058926e-05
8.688354633e-05
8.611454849e-05
8.79865911e-05
9.56590057e-05
9.181895629e-05
9.102792061e-05
8.760877464e-05
8.756407655e-05
8.073242119e-05
9.409347506e-05
9.390146075e-05
8.036537967e-05
8.013539481e-05
8.663683937e-05
9.296084576e-05
8.609934123e-05
8.572070908e-05
8.545469033e-05
8.501810445e-05
7.819234493e-05
8.421867621e-05
9.031783771e-05
8.9738637e-05
8.931568969e-05
7.602007113e-05
0.0001008293581
8.130487089e-05
9.327418148e-05
7.401741418e-05
8.581460929e-05
0.0001033137229
0.0001026194879
8.973425519e-05
9.502959901e-05
9.413940611e-05
8.758392203e-05
8.673195887e-05
0.0001032433822
9.084934152e-05
8.445513583e-05
0.0001002977394
0.0001104649003
8.743465479e-05
8.663906337e-05
9.10563968e-05
0.0001167295644
9.445156997e-05
7.275116529e-05
9.248794935e-05
9.156954773e-05
9.052839573e-05
9.458765791e-05
8.365784389e-05
7.792210199e-05
8.183121731e-05
9.049664052e-05
8.943713674e-05
9.314322454e-05
8.744057779e-05
8.19519769e-05
8.097511642e-05
8.010510257e-05
9.233363512e-05
9.133969707e-05
9.882989616e-05
8.926470326e-05
9.237974827e-05
9.138727255e-05
9.847979298e-05
8.9306783e-05
8.821493248e-05
9.52096057e-05
9.012498366e-05
9.304853124e-05
9.190787487e-05
9.852183236e-05
9.731417066e-05
9.259816162e-05
9.146423326e-05
9.776450466e-05
9.299292123e-05
9.204632982e-05
9.79186051e-05
9.3471933e-05
8.891695487e-05
8.803414602e-05
0.0001003499843
9.605476596e-05
0.0001014448756
9.074255222e-05
8.645662988e-05
9.514824658e-05
9.088622893e-05
8.692881862e-05
9.51112612e-05
8.815241408e-05
9.31346821e-05
8.930923315e-05
8.828036526e-05
8.748778863e-05
9.514094301e-05
8.286875616e-05
0.0001017156319
9.52263092e-05
9.140186369e-05
9.33605553e-05
9.384395466e-05
8.039671895e-05
8.030158446e-05
0.0001002765656
8.672960989e-05
9.326018883e-05
7.970932457e-05
9.943430966e-05
9.907279985e-05
9.223100444e-05
9.182676782e-05
9.15421324e-05
9.758142011e-05
9.074458654e-05
9.022169924e-05
9.626244104e-05
7.651767011e-05
8.25039328e-05
9.45321291e-05
8.776857125e-05
8.710745685e-05
9.279372916e-05
9.81839239e-05
9.757178665e-05
9.674111043e-05
8.408034893e-05
0.0001011841908
0.0001122775622
8.781214394e-05
8.714452046e-05
8.629912109e-05
0.0001084362416
7.909928655e-05
9.524241542e-05
9.425965376e-05
0.0001154185996
8.700763538e-05
7.543960503e-05
9.061488747e-05
8.448331946e-05
0.0001201071018
9.308766316e-05
7.670485093e-05
9.619541981e-05
8.008765402e-05
7.927516553e-05
9.305902256e-05
9.209671515e-05
9.102992028e-05
9.955452347e-05
9.370600694e-05
8.343899088e-05
9.161667735e-05
9.970035011e-05
9.403613648e-05
9.745598807e-05
8.753416552e-05
0.0001039106452
8.982486051e-05
9.308962086e-05
9.614078988e-05
9.510815695e-05
8.578060895e-05
9.698573657e-05
8.382624643e-05
8.688287869e-05
9.362167548e-05
9.263131028e-05
9.149685574e-05
9.808129688e-05
9.315388234e-05
9.218508433e-05
9.469929285e-05
9.011964048e-05
9.257953337e-05
9.516160047e-05
8.703910149e-05
8.961023792e-05
9.53317755e-05
9.438517294e-05
8.991425587e-05
8.573585028e-05
9.773673717e-05
0.0001032453562
8.288474019e-05
9.156798794e-05
9.672218882e-05
8.963292898e-05
9.4687583e-05
8.47334631e-05
9.271892682e-05
9.187419614e-05
9.374428321e-05
9.580586483e-05
8.897362063e-05
9.387568916e-05
9.281933124e-05
9.479750954e-05
9.374577186e-05
9.29386168e-05
8.667782806e-05
9.329791981e-05
8.653159854e-05
9.309477564e-05
8.626993116e-05
7.951376596e-05
9.910970137e-05
9.23147424e-05
9.198024665e-05
9.174482171e-05
8.481947947e-05
8.455686834e-05
8.412771082e-05
9.026979166e-05
8.33405105e-05
8.937697845e-05
8.880744976e-05
8.83899116e-05
9.404425752e-05
8.731616661e-05
8.666045719e-05
9.847274779e-05
8.547273321e-05
8.494049205e-05
0.0001022664717
9.560557863e-05
8.883065399e-05
9.407427923e-05
8.737303068e-05
8.670950576e-05
8.587058203e-05
8.518321553e-05
9.557555846e-05
0.0001059235136
8.828068431e-05
9.844681707e-05
9.199631464e-05
8.579841778e-05
9.0177639e-05
0.0001050954612
8.834948324e-05
8.749561349e-05
8.651857208e-05
9.069961027e-05
9.963654152e-05
8.38324503e-05
0.0001023719505
8.684054484e-05
0.0001001428301
0.0001038094146
0.0001025988947
8.766672838e-05
8.663483868e-05
9.021948804e-05
8.4690499e-05
8.819078353e-05
9.584872646e-05
9.481763062e-05
8.515948406e-05
0.0001010920342
9.154554637e-05
8.644602792e-05
8.539489917e-05
9.252693512e-05
9.139841303e-05
9.435687457e-05
9.320365628e-05
9.221781418e-05
9.108949646e-05
9.013355404e-05
8.903054849e-05
9.177567611e-05
9.427953753e-05
9.689777784e-05
9.571479704e-05
8.421367978e-05
8.665430962e-05
9.264530944e-05
9.830024907e-05
9.061205975e-05
9.614796011e-05
8.207405027e-05
9.406136924e-05
8.672822594e-05
8.569199603e-05
9.116295271e-05
9.629395872e-05
9.23130888e-05
8.514498563e-05
9.942147441e-05
0.0001012397895
9.736686959e-05
9.62430552e-05
9.248872744e-05
9.429058269e-05
9.345623116e-05
9.520319402e-05
9.437255429e-05
9.60685771e-05
9.524166545e-05
8.621973487e-05
9.943385685e-05
8.607469058e-05
9.92178579e-05
9.901742244e-05
9.886836463e-05
9.201573881e-05
8.527005413e-05
8.496211684e-05
8.474489937e-05
8.437593385e-05
9.058537927e-05
9.012712303e-05
0.0001154570649
0.0001020409349
9.526485168e-05
0.0001009703608
9.42151954e-05
9.356139581e-05
9.307328776e-05
8.005959161e-05
9.184752185e-05
0.0001032616192
9.05465116e-05
9.576542832e-05
0.0001010694904
7.660089102e-05
8.190331283e-05
8.114240141e-05
9.203073341e-05
0.0001139283706
9.041392845e-05
8.391761498e-05
9.430951607e-05
0.0001098132894
9.252543456e-05
9.693673714e-05
9.072069437e-05
0.0001003027771
8.89029026e-05
9.827270342e-05
0.000102446005
9.117412581e-05
8.525576569e-05
9.916796465e-05
9.32550956e-05
9.218954035e-05
9.123735214e-05
9.967799864e-05
8.923792076e-05
9.284144489e-05
9.185549964e-05
9.077632849e-05
8.082550547e-05
8.874130506e-05
0.0001009572471
9.54138531e-05
9.438776971e-05
9.749123346e-05
9.644274535e-05
9.941898517e-05
9.835165029e-05
9.715730576e-05
9.211294411e-05
9.494691765e-05
9.393621148e-05
9.278935339e-05
9.180799328e-05
9.068574837e-05
8.973409862e-05
9.233008577e-05
9.136988831e-05
9.025335281e-05
9.647015194e-05
8.470494133e-05
9.082945096e-05
8.972382122e-05
9.90698604e-05
8.436883975e-05
9.355462141e-05
8.582250485e-05
8.8250027e-05
8.395988654e-05
0.0001023366772
9.479414296e-05
0.000100150604
9.896206846e-05
9.190607893e-05
9.687891654e-05
8.698455309e-05
9.189845334e-05
9.987347781e-05
9.291262029e-05
8.056866147e-05
9.67156556e-05
9.022109572e-05
8.920299178e-05
9.395139199e-05
9.017301619e-05
8.397907193e-05
9.236387814e-05
9.231712881e-05
0.0001119679924
0.0001052766329
9.849812136e-05
7.868001172e-05
9.807233928e-05
9.134891471e-05
0.0001040229935
7.781800532e-05
9.685038802e-05
0.0001029879581
7.685148375e-05
8.295388484e-05
8.248046943e-05
0.0001010920221
8.161714717e-05
9.998071821e-05
0.0001179057251
8.642520614e-05
7.965293231e-05
9.138161777e-05
7.856606455e-05
8.408400297e-05
9.528493041e-05
9.464769654e-05
8.794506944e-05
0.0001047802227
9.80422285e-05
9.729936039e-05
9.06945562e-05
9.559329471e-05
0.0001113438602
8.832930475e-05
9.835284193e-05
9.207769532e-05
9.111069449e-05
8.497392873e-05
8.931568033e-05
8.847874945e-05
7.72155281e-05
0.0001019606372
8.066172475e-05
9.48374936e-05
8.38982083e-05
0.0001025896563
9.659038297e-05
8.125432451e-05
9.449282139e-05
9.817620776e-05
7.85528511e-05
9.143413418e-05
9.036190871e-05
7.59870395e-05
8.392148795e-05
8.739068344e-05
9.930031293e-05
8.96907984e-05
8.439394361e-05
9.600955149e-05
9.485019717e-05
9.383215091e-05
9.26941541e-05
9.170264121e-05
9.058679875e-05
9.351928257e-05
9.237871746e-05
9.140179879e-05
9.028556365e-05
8.933816821e-05
8.824668221e-05
8.732896618e-05
8.626254665e-05
8.893174428e-05
8.784724181e-05
9.390905651e-05
9.963801809e-05
8.843194946e-05
9.743924645e-05
9.314480302e-05
8.873312232e-05
9.111769915e-05
9.002230489e-05
8.59682612e-05
0.0001006705406
9.659550571e-05
9.852776714e-05
9.150264233e-05
8.741058135e-05
9.854723127e-05
8.854223025e-05
8.188640027e-05
8.383020759e-05
8.88070917e-05
8.77913317e-05
8.701461485e-05
8.880653311e-05
8.528097454e-05
9.249103489e-05
9.439230126e-05
0.0001050066741
0.0001049536295
9.827907565e-05
9.818127209e-05
0.0001045165214
8.479212868e-05
9.756175924e-05
8.438257288e-05
8.407985234e-05
9.676773091e-05
8.350261514e-05
8.964841829e-05
7.645527562e-05
9.522295398e-05
9.468123599e-05
0.0001005735752
9.369251607e-05
0.0001181212061
9.878442287e-05
7.984461615e-05
7.925038335e-05
0.0001091044998
7.817136745e-05
8.963807483e-05
9.480923017e-05
8.240392777e-05
8.750886586e-05
9.267677845e-05
9.755920491e-05
9.682082042e-05
9.025080127e-05
8.393505556e-05
0.0001218831631
0.0001098761352
8.700297451e-05
9.163426852e-05
6.933913081e-05
0.0001057094976
9.934859801e-05
0.0001035983816
8.709759717e-05
8.62578699e-05
8.53010756e-05
9.936140122e-05
9.824390964e-05
9.724987985e-05
0.0001057576537
9.039387847e-05
7.994951233e-05
9.772521136e-05
0.000105791594
8.646578606e-05
9.894638119e-05
9.344016809e-05
8.793915354e-05
8.699605292e-05
8.16618603e-05
8.928783399e-05
0.000100819574
9.55802318e-05
9.442766525e-05
9.747588553e-05
9.629520552e-05
8.732658704e-05
9.41075197e-05
9.310603831e-05
9.197170003e-05
9.479081541e-05
0.0001011250073
8.894571635e-05
9.518156107e-05
8.694622419e-05
9.304230539e-05
8.854270756e-05
8.746355098e-05
8.657299732e-05
9.578248998e-05
9.820520128e-05
8.697840656e-05
8.942646801e-05
9.489044557e-05
8.748033544e-05
8.962972459e-05
9.510361277e-05
9.396674744e-05
9.307144624e-05
9.196618226e-05
8.806597441e-05
8.402705645e-05
9.216943492e-05
9.403083697e-05
9.608566715e-05
8.921759698e-05
9.412092799e-05
8.740418698e-05
9.780914445e-05
9.670235634e-05
8.764258344e-05
8.666373654e-05
9.665822562e-05
9.140282757e-05
9.788222608e-05
0.0001042861123
0.0001041824633
9.747569056e-05
9.084082112e-05
9.058603678e-05
8.3945724e-05
0.0001029483764
0.0001091039226
8.307270023e-05
8.918716893e-05
7.606313184e-05
0.0001073662663
0.0001004775355
8.129909028e-05
9.321629166e-05
0.0001051507819
9.828491721e-05
7.944136984e-05
0.0001031140005
9.649477037e-05
0.0001017131136
9.513670182e-05
8.844211511e-05
9.370881828e-05
8.707696801e-05
0.000103747642
8.565963301e-05
7.367709054e-05
8.981136765e-05
8.909556385e-05
7.167362963e-05
9.294393742e-05
8.658525073e-05
8.583067497e-05
9.555031371e-05
7.890481395e-05
8.847004363e-05
8.764247013e-05
8.668814868e-05
8.080285572e-05
7.990853876e-05
9.889822074e-05
8.8009479e-05
9.195955828e-05
8.134532254e-05
9.471364531e-05
8.894627423e-05
0.0001019106414
9.615281153e-05
8.607275056e-05
8.954431811e-05
9.301784565e-05
9.1920666e-05
9.093521898e-05
8.985383756e-05
0.0001015868277
9.61883508e-05
8.688040979e-05
9.809622383e-05
8.895684037e-05
8.388613387e-05
9.089290436e-05
9.369336189e-05
9.269643009e-05
9.156825347e-05
9.060009822e-05
9.695367209e-05
8.85566974e-05
9.112135261e-05
9.378072436e-05
9.263707935e-05
9.168334214e-05
8.708319727e-05
9.654004476e-05
9.877234527e-05
9.103516173e-05
9.659319574e-05
8.90381353e-05
8.144702767e-05
8.710050257e-05
9.880204131e-05
8.522149931e-05
9.355844248e-05
8.957802089e-05
0.000103774907
0.000102800476
9.860035652e-05
8.288698225e-05
9.362024567e-05
9.27670882e-05
9.742320769e-05
9.654857759e-05
9.824888585e-05
9.181522566e-05
9.077484785e-05
8.998339222e-05
8.628050686e-05
9.355795241e-05
0.0001039197295
8.439229181e-05
8.429431241e-05
9.716612195e-05
9.697239384e-05
0.0001032822092
9.011929151e-05
9.636158649e-05
0.0001024193511
9.577373457e-05
8.26471895e-05
9.506854459e-05
9.459373775e-05
8.796844409e-05
8.747111994e-05
9.333044288e-05
0.0001112938607
9.231140329e-05
7.94547306e-05
0.0001094430132
8.449255194e-05
8.40110511e-05
8.930048318e-05
0.0001064972224
0.0001232069188
8.741843412e-05
8.664931248e-05
0.000108974443
9.092451452e-05
0.0001015175905
8.379018048e-05
9.974768794e-05
7.681556782e-05
9.793851928e-05
8.617151898e-05
9.609893512e-05
7.396428953e-05
8.900188954e-05
8.287360172e-05
8.723023082e-05
9.135797489e-05
0.0001005317421
0.0001043925697
0.0001033613055
8.760322483e-05
9.635334189e-05
0.00010478765
0.000103707835
8.854093942e-05
9.222431997e-05
9.571727972e-05
9.470256382e-05
8.468399366e-05
8.818983198e-05
8.715137374e-05
8.621738839e-05
8.945343021e-05
9.270660781e-05
9.159820604e-05
9.06141824e-05
8.952449983e-05
9.258993033e-05
9.147125872e-05
9.049337487e-05
8.939604871e-05
9.229041012e-05
9.496701146e-05
9.020449879e-05
9.281867105e-05
9.919244982e-05
9.798347943e-05
8.619071755e-05
9.223536776e-05
9.128574702e-05
9.017438282e-05
9.268905687e-05
9.83451253e-05
8.728424556e-05
8.95428523e-05
9.850351186e-05
8.433881703e-05
8.351195556e-05
9.202813106e-05
9.113836699e-05
9.004854817e-05
0.0001014924805
0.0001002864199
8.128197694e-05
9.222271686e-05
8.842210849e-05
9.030031125e-05
9.236373449e-05
9.414569155e-05
8.764591538e-05
9.781941291e-05
8.86438201e-05
9.037671164e-05
8.958886051e-05
9.395383763e-05
9.048496243e-05
8.400002984e-05
9.687443153e-05
0.0001032131282
9.02219533e-05
9.004264992e-05
8.34858706e-05
8.96573314e-05
8.947664556e-05
8.279028473e-05
8.893206468e-05
8.855109374e-05
9.458439022e-05
8.783925468e-05
9.377376871e-05
8.702891308e-05
9.285905347e-05
8.612633878e-05
9.18474166e-05
8.513829514e-05
7.864697433e-05
9.007705917e-05
0.0001074771938
9.478242121e-05
9.419636387e-05
9.924834552e-05
8.698910988e-05
9.772261532e-05
9.132019046e-05
9.613827473e-05
9.541303267e-05
0.000105622442
0.0001158121231
8.736880826e-05
8.122527518e-05
7.504150703e-05
7.970227815e-05
9.990606988e-05
0.0001042144904
9.79508896e-05
8.682185141e-05
8.082888764e-05
8.505465694e-05
9.896161064e-05
0.0001028839298
0.0001017341547
8.15245568e-05
9.008529619e-05
6.56950071e-05
8.813928213e-05
8.721610293e-05
0.0001043605019
9.87652975e-05
9.317845938e-05
8.340506978e-05
8.676275308e-05
9.012492296e-05
9.753815425e-05
8.810037716e-05
9.11937668e-05
9.43150049e-05
8.91309519e-05
9.619109612e-05
9.503036446e-05
9.009734236e-05
9.287588684e-05
9.188793146e-05
9.077188665e-05
9.355451986e-05
9.241617861e-05
9.144664542e-05
9.033296066e-05
9.296935546e-05
9.53693222e-05
8.739575523e-05
8.978562171e-05
9.570753019e-05
9.116837235e-05
8.356564349e-05
9.576171083e-05
9.154081558e-05
9.366540032e-05
9.594516319e-05
9.163198618e-05
0.0001001334509
0.0001020276245
8.574376589e-05
9.380214768e-05
9.591861734e-05
9.478640345e-05
9.977874161e-05
8.990942319e-05
9.483774422e-05
8.805610194e-05
9.28956123e-05
8.904564875e-05
9.101614574e-05
8.725532374e-05
9.190073617e-05
9.621464204e-05
9.008856066e-05
8.356973356e-05
8.995305814e-05
0.0001026848735
8.97602994e-05
8.95824842e-05
9.583771073e-05
8.282864872e-05
8.90205089e-05
8.870526501e-05
9.479995123e-05
7.551610395e-05
8.783146601e-05
9.363808839e-05
9.330045968e-05
9.277623734e-05
8.623290842e-05
8.56951471e-05
9.138807087e-05
9.076524043e-05
9.631471356e-05
8.365545915e-05
7.723841123e-05
8.252618244e-05
0.0001054497728
9.87625593e-05
8.656398197e-05
9.724734483e-05
8.51969786e-05
9.004591522e-05
8.93673635e-05
9.958316907e-05
8.781509399e-05
8.151787835e-05
9.700659615e-05
8.535580485e-05
8.461408297e-05
7.850249108e-05
9.335295682e-05
9.236243894e-05
8.133390865e-05
9.051096702e-05
8.964107028e-05
8.865536512e-05
9.753423177e-05
0.0001012688428
9.547318314e-05
9.911549287e-05
8.875286837e-05
9.697717386e-05
8.682268353e-05
9.03409014e-05
9.832239357e-05
9.276256653e-05
8.740331162e-05
8.205870373e-05
8.54525392e-05
8.866322672e-05
8.353480572e-05
9.079288336e-05
8.981803557e-05
9.680819878e-05
9.577032641e-05
8.673142726e-05
8.970476111e-05
8.861945563e-05
9.530098747e-05
9.037887524e-05
8.942357437e-05
9.569784825e-05
8.740979339e-05
8.634610424e-05
0.0001032499416
9.495931839e-05
9.398161362e-05
8.940019827e-05
9.529663419e-05
9.077742378e-05
9.984867466e-05
8.219940819e-05
9.440371384e-05
9.326405087e-05
8.598053995e-05
9.123923717e-05
9.035687765e-05
9.23545437e-05
8.842502265e-05
8.737356673e-05
9.252202836e-05
8.553069814e-05
9.642744201e-05
8.663410128e-05
8.870597601e-05
8.767562839e-05
9.529708833e-05
9.420101539e-05
9.336791417e-05
9.502057239e-05
9.150130053e-05
9.313378308e-05
8.969561691e-05
8.314382326e-05
9.588717798e-05
8.939174886e-05
8.93033459e-05
9.54932121e-05
8.899386888e-05
9.508658068e-05
8.856899928e-05
8.195232682e-05
8.803241789e-05
8.76576786e-05
8.738867778e-05
8.074513917e-05
0.0001113982855
8.615777845e-05
8.580172256e-05
9.135884083e-05
9.093329682e-05
9.633640833e-05
0.0001018277888
0.0001010809097
0.0001005068579
9.385342803e-05
9.910408476e-05
9.828150542e-05
8.614298918e-05
9.677667488e-05
9.609000221e-05
8.961295236e-05
9.449703295e-05
9.360158343e-05
9.285868637e-05
8.113120244e-05
9.65472538e-05
9.026331876e-05
9.474320298e-05
9.897130115e-05
8.259287363e-05
9.704072984e-05
0.0001011958323
9.009332556e-05
0.0001040994603
0.0001029572129
7.76703131e-05
9.600739814e-05
8.078324039e-05
8.927025185e-05
8.835188343e-05
9.65412019e-05
9.553098671e-05
8.544032209e-05
8.898494929e-05
8.795273313e-05
0.0001000675824
9.029560822e-05
8.932894e-05
8.406984501e-05
8.316774474e-05
9.039550901e-05
8.536040433e-05
9.237024328e-05
9.535322182e-05
8.635498351e-05
9.319887256e-05
9.207255337e-05
9.109341433e-05
9.373880455e-05
9.645800754e-05
9.528643876e-05
9.066048468e-05
9.672274173e-05
9.926205226e-05
8.754891184e-05
9.3579286e-05
8.559429779e-05
9.488925127e-05
0.0001004331265
9.942225077e-05
8.512258235e-05
8.751795521e-05
9.286612626e-05
9.512621346e-05
9.398259368e-05
8.686868432e-05
9.502543652e-05
9.108336995e-05
9.899995433e-05
9.509812682e-05
9.691119445e-05
9.310485399e-05
9.201312235e-05
9.402364938e-05
9.011450695e-05
9.488710407e-05
9.103590317e-05
9.296512313e-05
9.190610622e-05
9.110532206e-05
9.007969784e-05
9.455938529e-05
8.272223222e-05
0.0001081212
8.893886914e-05
9.51975229e-05
8.234211158e-05
8.85438064e-05
8.829943731e-05
0.0001007109104
8.781195968e-05
9.384577054e-05
9.96773686e-05
9.93718076e-05
0.0001174219698
9.236803211e-05
9.185219832e-05
8.537482732e-05
8.484558791e-05
9.651522831e-05
8.38786316e-05
7.748473e-05
9.466833177e-05
0.0001000145109
7.588402831e-05
0.0001102239894
0.0001035583571
9.715621431e-05
9.064521319e-05
9.562791608e-05
0.0001114801664
7.191722126e-05
8.219705852e-05
0.0001032907698
9.689781309e-05
9.075378323e-05
8.984010111e-05
8.382200269e-05
9.851044585e-05
8.734700306e-05
0.0001067595386
0.0001007286329
8.967952061e-05
8.881893474e-05
0.000102487492
0.0001014778984
9.079364681e-05
8.987851086e-05
0.0001075773375
9.258369e-05
7.780263093e-05
0.0001041614285
8.953705317e-05
8.858945158e-05
9.632000199e-05
0.0001039568357
8.561741158e-05
9.317125498e-05
9.207195046e-05
8.694409024e-05
9.818356134e-05
9.712991669e-05
9.196947088e-05
9.493973467e-05
9.379832009e-05
9.27962854e-05
9.167607553e-05
9.448050624e-05
9.706988893e-05
8.865605523e-05
9.852772653e-05
9.027245154e-05
8.917562471e-05
9.530822319e-05
9.414979652e-05
9.318038836e-05
9.545759348e-05
9.785981286e-05
9.000549991e-05
9.239949007e-05
9.128094813e-05
9.037361565e-05
8.928290755e-05
9.472195899e-05
9.04637536e-05
8.958867652e-05
0.0001007259121
9.069590336e-05
8.961675978e-05
8.581564274e-05
9.064955032e-05
8.981061015e-05
9.448304879e-05
9.92958705e-05
9.533650507e-05
8.892294808e-05
8.789798659e-05
9.256579245e-05
9.689289703e-05
9.071275607e-05
9.496586054e-05
9.153521588e-05
8.230489507e-05
9.491984375e-05
0.0001074528169
8.208873756e-05
8.1927654e-05
0.0001006837407
9.413132185e-05
0.0001002052369
9.361287882e-05
8.715079067e-05
9.917955565e-05
7.415688095e-05
7.994157486e-05
8.578152096e-05
9.749018355e-05
8.495215897e-05
9.04576006e-05
8.403471389e-05
7.154313117e-05
8.896720548e-05
8.831835486e-05
0.0001170905459
8.713356451e-05
9.814352146e-05
0.0001030588102
7.393808059e-05
9.021070306e-05
9.517025292e-05
9.98543232e-05
8.809266245e-05
0.0001036237187
9.739227166e-05
9.108458591e-05
7.970124753e-05
8.416078459e-05
8.86459663e-05
8.773240334e-05
8.694285279e-05
9.614732877e-05
9.023915485e-05
8.926949956e-05
9.823721807e-05
8.25892686e-05
9.62073548e-05
9.038399565e-05
9.418268742e-05
0.0001070950495
0.0001013860576
9.112467902e-05
8.566343687e-05
0.0001025115402
8.819745392e-05
8.281907216e-05
0.0001034993862
9.802866962e-05
9.276341296e-05
8.33369102e-05
9.480969832e-05
8.961110493e-05
9.670876965e-05
9.157216116e-05
7.877484842e-05
9.339470725e-05
9.239716135e-05
9.128299764e-05
9.031251915e-05
8.921999845e-05
9.195543254e-05
8.720689969e-05
8.988772586e-05
8.879640811e-05
9.490294372e-05
8.680573098e-05
8.591192317e-05
8.826352963e-05
0.0001008051921
9.294386386e-05
8.87222135e-05
8.115599936e-05
9.320510457e-05
8.890519222e-05
9.746516339e-05
9.629341252e-05
9.228564163e-05
9.72599835e-05
8.429093808e-05
8.32876897e-05
0.0001001847764
9.317637078e-05
9.231397264e-05
9.123007601e-05
9.32234121e-05
9.21377913e-05
9.407762819e-05
9.572716394e-05
8.945899899e-05
9.111721082e-05
9.29801339e-05
9.193019558e-05
9.3745151e-05
8.189174774e-05
8.814722835e-05
8.804673797e-05
8.79599807e-05
9.405847818e-05
8.765720111e-05
8.117274014e-05
9.347307757e-05
9.314621465e-05
9.291060649e-05
8.635085408e-05
8.608670096e-05
9.178357007e-05
0.0001036479314
8.48832921e-05
8.453365504e-05
9.001361569e-05
9.556878112e-05
8.899217336e-05
8.263101355e-05
9.374864768e-05
8.739189485e-05
0.0001040552872
0.000103415494
9.68660563e-05
7.358366323e-05
9.539160991e-05
9.471694954e-05
7.729635378e-05
9.315554246e-05
9.227940158e-05
9.154922592e-05
9.599145125e-05
8.461774392e-05
8.900546125e-05
8.823490275e-05
9.24645715e-05
7.636096347e-05
9.570676876e-05
8.982635172e-05
0.0001036737458
0.0001075699074
7.737965105e-05
9.577304898e-05
8.997802449e-05
9.376024004e-05
9.734601719e-05
8.258246307e-05
9.072046914e-05
9.426111948e-05
9.318475316e-05
8.780891007e-05
9.113546988e-05
9.016520183e-05
8.911402862e-05
9.6557268e-05
8.71239751e-05
9.850279785e-05
9.733525726e-05
9.227912316e-05
8.324972429e-05
8.235799782e-05
9.299455302e-05
9.200145593e-05
9.846771583e-05
9.367403206e-05
9.254196078e-05
9.888929905e-05
9.407316408e-05
9.308651616e-05
9.195721918e-05
9.100105579e-05
9.681151431e-05
9.239270906e-05
9.465188504e-05
9.368773609e-05
0.000102468311
9.162025245e-05
9.697686974e-05
9.601272759e-05
8.85306593e-05
9.079288181e-05
8.351504191e-05
8.270698427e-05
9.684984375e-05
9.292846896e-05
8.589806686e-05
9.389337699e-05
9.858127098e-05
8.905093836e-05
9.652125015e-05
9.001539873e-05
9.452664059e-05
9.092281076e-05
8.987258526e-05
8.907800197e-05
9.606475076e-05
9.258291268e-05
9.153588308e-05
9.334326974e-05
0.0001002864338
8.144225442e-05
8.760735051e-05
9.377263795e-05
8.111113078e-05
8.722052361e-05
9.940806994e-05
9.300841172e-05
8.650523475e-05
8.6286647e-05
9.819869941e-05
9.789861406e-05
9.133136177e-05
9.707074032e-05
9.050014416e-05
8.411925429e-05
9.55455657e-05
8.915857907e-05
8.26556993e-05
0.0001057241585
9.329547416e-05
8.696999359e-05
0.0001035551514
9.148367047e-05
9.640325677e-05
0.0001126655806
0.0001061079476
9.426794392e-05
9.891219494e-05
9.271680308e-05
9.724969708e-05
8.576085423e-05
9.023656588e-05
8.948854496e-05
8.859392996e-05
9.816029673e-05
8.692661588e-05
9.121306158e-05
0.0001052986728
9.438493641e-05
8.846060339e-05
9.734847028e-05
0.00010591816
8.580838202e-05
8.486117429e-05
0.000102675722
0.0001015284037
9.135108787e-05
8.128784647e-05
8.043882817e-05
8.835774978e-05
0.0001005373408
8.64167386e-05
9.404675457e-05
8.450191505e-05
9.613827243e-05
9.500914132e-05
8.581776187e-05
8.884019703e-05
9.58773377e-05
9.473504539e-05
8.981549194e-05
9.259781312e-05
9.160912539e-05
9.050686824e-05
8.954489857e-05
9.583576671e-05
9.117621456e-05
0.0001008813897
9.269315033e-05
8.804756895e-05
8.364678917e-05
9.296106618e-05
9.200384224e-05
9.762032803e-05
9.995781896e-05
0.000105329682
9.775236604e-05
9.335098405e-05
9.879678517e-05
9.445635938e-05
8.729424797e-05
8.932493405e-05
8.846055819e-05
9.945699694e-05
8.955303367e-05
8.848649562e-05
9.349854846e-05
9.239169261e-05
8.581538854e-05
9.328712756e-05
9.243668154e-05
9.13584096e-05
9.328184667e-05
9.491511226e-05
8.870023644e-05
9.299885357e-05
9.482304442e-05
9.374907986e-05
9.036301892e-05
8.731452446e-05
8.727123261e-05
9.962551622e-05
9.952758187e-05
0.0001055424629
9.298733066e-05
0.0001050984053
0.0001233977905
7.992981237e-05
9.199389619e-05
9.160829135e-05
8.524005749e-05
0.0001030013993
0.0001026323914
8.405437752e-05
9.566731048e-05
8.913859381e-05
8.872567103e-05
8.813136574e-05
9.35230445e-05
8.704374447e-05
9.809243257e-05
8.588316698e-05
6.828500439e-05
8.465722806e-05
9.531105574e-05
0.0001056065272
8.830416493e-05
9.297844591e-05
0.0001031389037
8.604094613e-05
8.002639278e-05
8.981844988e-05
9.955396724e-05
0.000103748455
9.770929661e-05
9.670915887e-05
0.0001008853348
9.982910629e-05
9.890219231e-05
9.784625305e-05
8.237358465e-05
9.10649194e-05
9.017029075e-05
9.387044799e-05
9.292661328e-05
9.189024965e-05
9.549485573e-05
9.8914984e-05
8.45347386e-05
9.67686741e-05
0.0001000983032
8.173903184e-05
9.363830518e-05
8.834334005e-05
9.98847626e-05
9.048727665e-05
8.95177655e-05
8.845969575e-05
9.148916983e-05
9.040056513e-05
8.943265888e-05
9.220444403e-05
9.502096537e-05
9.012373184e-05
9.288120929e-05
9.176090066e-05
9.44231984e-05
9.328133484e-05
8.875297605e-05
9.819920972e-05
9.370752527e-05
9.942861095e-05
9.501150303e-05
8.71554022e-05
9.290348884e-05
8.522258601e-05
9.734362295e-05
8.65498476e-05
9.521022446e-05
9.719715776e-05
9.313872571e-05
8.281707446e-05
9.41660339e-05
9.003736375e-05
8.917845097e-05
9.692765497e-05
8.728783743e-05
9.200428883e-05
9.400104322e-05
9.008018096e-05
0.0001004162999
8.82168654e-05
9.562101206e-05
9.721463766e-05
8.832566147e-05
9.525064089e-05
9.442138198e-05
9.33503859e-05
9.254975641e-05
8.067682316e-05
8.063689363e-05
9.913325926e-05
0.0001052256678
8.648847042e-05
8.636009208e-05
0.0001045808838
9.209280305e-05
9.177372692e-05
9.154229134e-05
9.723705393e-05
9.088173226e-05
9.646952814e-05
8.410874511e-05
7.767125016e-05
9.520288377e-05
0.0001005350891
0.000105956336
9.355432183e-05
9.307342437e-05
8.085187677e-05
0.0001033659541
0.0001082674527
9.627719397e-05
8.425658728e-05
8.370058692e-05
9.404563155e-05
0.0001043687701
8.710015868e-05
8.644857105e-05
9.099405276e-05
7.965545561e-05
7.888605066e-05
0.0001043111429
9.294583708e-05
7.678612248e-05
9.120228925e-05
9.540567432e-05
9.937787864e-05
9.353309046e-05
0.0001168883132
8.682809332e-05
9.065872061e-05
8.504400964e-05
8.878170174e-05
8.326380075e-05
8.691126961e-05
8.602005485e-05
9.400552647e-05
7.973534518e-05
8.75886559e-05
8.233037328e-05
9.423555403e-05
8.8995507e-05
9.215168614e-05
9.531109644e-05
9.419503101e-05
9.318608796e-05
9.208618721e-05
8.317757e-05
8.610289878e-05
9.292494843e-05
9.181440299e-05
9.083441775e-05
8.974382558e-05
9.248980932e-05
8.772028222e-05
9.04100916e-05
8.931769037e-05
9.545155148e-05
8.731125441e-05
8.294730383e-05
9.559938015e-05
9.799405758e-05
9.013034478e-05
9.251626832e-05
9.466022108e-05
0.00010016956
9.257415652e-05
9.481398263e-05
9.367045489e-05
9.584285776e-05
8.55269825e-05
9.074910184e-05
9.862866713e-05
9.472745475e-05
9.359860599e-05
9.271877002e-05
9.448324906e-05
8.793522537e-05
8.970329729e-05
9.721845912e-05
9.059210268e-05
9.521998592e-05
9.142767273e-05
9.328479662e-05
9.221405138e-05
9.1411355e-05
9.295506869e-05
9.21580376e-05
0.0001049813027
9.258479636e-05
0.0001171419385
0.0001047084155
8.606382957e-05
0.0001043511136
9.182508878e-05
9.164172579e-05
0.0001035018652
0.0001032411119
9.676325972e-05
9.646846278e-05
9.000108325e-05
0.0001135938009
0.0001129706012
8.882151046e-05
8.828042031e-05
0.0001054468146
9.310618826e-05
9.841736341e-05
8.046663194e-05
9.14436081e-05
7.939802928e-05
7.327537975e-05
8.945036875e-05
9.996830599e-05
8.259297651e-05
8.201127444e-05
9.211343386e-05
8.066914915e-05
8.524566916e-05
8.457380406e-05
8.899373534e-05
8.306644716e-05
9.766207556e-05
7.134076966e-05
9.07891525e-05
8.497693243e-05
7.914456939e-05
9.311290766e-05
8.242580022e-05
7.203382249e-05
9.025612946e-05
9.877805877e-05
8.838996562e-05
8.750229554e-05
8.197595407e-05
9.465841848e-05
9.359580746e-05
8.820910873e-05
9.156956343e-05
9.060279435e-05
8.956446927e-05
9.283195825e-05
8.758586755e-05
9.490282337e-05
9.787115006e-05
9.278883715e-05
9.169513317e-05
9.46566537e-05
9.35332335e-05
9.253220955e-05
9.142764793e-05
9.045195682e-05
9.30907383e-05
9.210169422e-05
9.463263118e-05
9.003183802e-05
9.250272425e-05
0.0001020942218
9.042560393e-05
8.948542407e-05
9.180197924e-05
8.749157643e-05
8.975628729e-05
9.213226225e-05
9.10171498e-05
9.653630648e-05
8.265361537e-05
8.812629024e-05
8.706356078e-05
9.236679184e-05
8.517255359e-05
9.037292847e-05
8.929059531e-05
9.433451563e-05
9.029719946e-05
8.944830875e-05
9.694159332e-05
8.756950795e-05
7.816335987e-05
8.851507599e-05
9.021374988e-05
8.940389178e-05
9.104475555e-05
9.024004175e-05
9.182659652e-05
8.842661425e-05
8.99918887e-05
9.431877685e-05
9.21769665e-05
9.213150562e-05
9.202799644e-05
9.806703404e-05
8.564333815e-05
9.162479041e-05
0.0001035609817
9.119504582e-05
9.088098683e-05
0.0001148261885
0.0001263859542
9.000092455e-05
8.359514525e-05
0.0001011458542
9.46753398e-05
0.0001001803922
9.371466706e-05
9.911204962e-05
8.10795365e-05
0.0001037104089
8.580540102e-05
9.669866674e-05
9.595723559e-05
0.0001009804209
8.90310136e-05
8.291694208e-05
9.864976022e-05
8.707171714e-05
9.168693552e-05
9.635549131e-05
7.955017348e-05
9.470856324e-05
9.379803337e-05
8.785543676e-05
8.186839472e-05
9.638082378e-05
8.033754827e-05
9.454664768e-05
9.356317345e-05
9.269648319e-05
9.171300642e-05
8.60565241e-05
8.985709811e-05
8.897608687e-05
7.873833745e-05
9.170360165e-05
9.068674254e-05
9.873355972e-05
9.318964445e-05
9.660940694e-05
9.551611889e-05
9.880389986e-05
9.767349283e-05
9.243397022e-05
9.967083605e-05
8.628081284e-05
8.933411252e-05
9.239495891e-05
9.527727275e-05
9.032927726e-05
9.313937711e-05
9.214277646e-05
9.483764323e-05
9.75787617e-05
8.899354142e-05
9.905416862e-05
9.423827106e-05
8.965673629e-05
9.211827294e-05
9.816410175e-05
9.005063899e-05
9.939679939e-05
9.4808014e-05
9.383169872e-05
8.93853218e-05
8.519775716e-05
8.416697077e-05
9.61376491e-05
9.497601844e-05
8.776255756e-05
0.0001021872724
9.505179022e-05
9.087969655e-05
9.299985623e-05
9.781402089e-05
9.100904724e-05
8.702309251e-05
0.0001005723805
9.654016122e-05
9.001994314e-05
8.33989804e-05
9.365701348e-05
8.167140388e-05
9.712588208e-05
9.333165107e-05
9.250678261e-05
9.144238398e-05
9.323655536e-05
9.217439438e-05
9.138446421e-05
9.172779253e-05
9.779480728e-05
9.15799213e-05
9.149031026e-05
8.522693563e-05
9.117944064e-05
8.487166819e-05
7.865233925e-05
8.441169187e-05
9.021369421e-05
8.984005236e-05
8.359576613e-05
0.0001010202932
8.881752818e-05
7.066644497e-05
9.383627055e-05
0.0001165848176
9.283762931e-05
0.0001095144307
9.748451766e-05
8.540041292e-05
9.624283824e-05
7.865269709e-05
0.0001005071028
9.415404535e-05
8.803263645e-05
0.0001145576044
0.0001029188565
9.126436848e-05
9.591212176e-05
0.0001003021389
9.95131251e-05
8.818402808e-05
0.0001080344146
8.659206711e-05
8.584641292e-05
8.997400699e-05
8.916907199e-05
8.824350856e-05
9.714080721e-05
8.650107664e-05
9.04356289e-05
9.417008372e-05
9.324738663e-05
8.761677352e-05
9.130305369e-05
9.029254865e-05
0.0001027733168
7.953170685e-05
0.000104937191
9.078278545e-05
8.982507077e-05
9.725616392e-05
9.203938013e-05
9.097657281e-05
9.000552125e-05
8.491276341e-05
9.200441047e-05
9.487607487e-05
9.385998727e-05
9.274882376e-05
9.175660758e-05
9.066383105e-05
8.969661645e-05
8.862308421e-05
9.133515456e-05
9.023767704e-05
8.57133573e-05
0.000102322043
8.379245354e-05
9.657713791e-05
9.557302903e-05
9.104518013e-05
9.010759659e-05
8.90174101e-05
9.137373472e-05
9.994028768e-05
9.574227078e-05
9.773857233e-05
9.052330848e-05
9.251581698e-05
8.550037847e-05
9.352305412e-05
9.261752273e-05
9.445985317e-05
9.648203467e-05
9.244242529e-05
0.0001001581751
9.331433299e-05
9.245016405e-05
9.412829206e-05
9.326998412e-05
9.21775512e-05
9.135007231e-05
9.294400673e-05
8.949054708e-05
9.366312673e-05
9.026907694e-05
9.178895397e-05
9.100252718e-05
8.519744327e-05
9.732065147e-05
0.0001154391718
0.0001031867269
8.481456267e-05
9.073839925e-05
0.0001025607802
8.429364812e-05
8.400508469e-05
8.379406678e-05
0.0001072903287
0.000101021963
8.87090005e-05
8.249996107e-05
8.20512312e-05
8.171573386e-05
9.862686165e-05
8.084784915e-05
9.178718184e-05
9.702469496e-05
7.366599918e-05
8.452172387e-05
0.0001006524694
0.0001055958788
9.92294884e-05
7.667131253e-05
9.773892873e-05
8.087720757e-05
8.015795173e-05
0.000100776859
9.98449312e-05
9.384656189e-05
9.811228355e-05
0.0001024247446
0.0001014147081
0.0001005421726
9.454811535e-05
6.904428059e-05
0.0001024936863
9.187470932e-05
0.0001100416381
9.477616298e-05
8.438165769e-05
9.283933721e-05
8.264390022e-05
8.181539062e-05
8.990176686e-05
8.898179055e-05
9.238780279e-05
0.0001044862117
9.469894223e-05
8.94411945e-05
0.0001010529246
9.581396939e-05
8.647370471e-05
9.369872433e-05
9.663439373e-05
9.560050413e-05
9.054164819e-05
8.957221752e-05
9.236153208e-05
9.137366204e-05
9.028668859e-05
9.304547639e-05
8.825569844e-05
9.459491569e-05
9.345932977e-05
8.891583212e-05
9.135887822e-05
8.692408184e-05
9.274496003e-05
9.178070847e-05
9.067144056e-05
8.973768878e-05
9.850279406e-05
8.449919724e-05
8.989899323e-05
8.58151181e-05
9.105865309e-05
9.947888695e-05
9.213723746e-05
8.515041559e-05
9.314024813e-05
9.223832e-05
9.407294246e-05
9.026329802e-05
8.630939358e-05
8.834766831e-05
9.011500142e-05
9.765043212e-05
9.374095391e-05
9.015419502e-05
8.909741886e-05
9.364896375e-05
8.991501003e-05
9.174163886e-05
9.327448221e-05
9.246305339e-05
9.140672369e-05
9.062376944e-05
9.689861403e-05
8.474468741e-05
9.674318354e-05
8.456764116e-05
8.440616104e-05
9.632171095e-05
9.005990269e-05
0.0001018648566
0.0001074887691
0.0001012624069
8.898128631e-05
8.871126657e-05
8.828651122e-05
8.210733552e-05
8.166200473e-05
0.0001161834819
8.083852818e-05
8.62140067e-05
9.135577887e-05
0.0001136108115
9.024191824e-05
0.0001121693567
8.348703006e-05
7.744617545e-05
7.682168626e-05
8.721984747e-05
0.0001026947797
0.0001019744226
0.0001063891916
9.503751176e-05
8.89295704e-05
8.304126113e-05
8.224839734e-05
8.66691941e-05
9.086445116e-05
9.508799068e-05
9.412744474e-05
9.81965537e-05
9.718157461e-05
9.628343386e-05
9.526817774e-05
8.492454316e-05
9.801572806e-05
7.394787478e-05
9.142841172e-05
0.0001040892187
0.000102941506
0.0001018886257
6.570859594e-05
9.103420549e-05
9.4295575e-05
9.330156559e-05
9.223941352e-05
9.126022114e-05
9.431011326e-05
9.736082012e-05
8.820997023e-05
9.123313553e-05
9.016357531e-05
9.3076619e-05
9.197746139e-05
9.099389966e-05
9.365903208e-05
8.89537869e-05
9.15534855e-05
9.058126903e-05
9.307466809e-05
9.209195127e-05
0.0001049813732
9.003000325e-05
9.578603265e-05
8.463408776e-05
9.030075683e-05
8.606077578e-05
9.810066501e-05
9.710099481e-05
8.953235466e-05
9.179581777e-05
8.443318846e-05
9.907331935e-05
8.564429407e-05
9.691806389e-05
9.575283938e-05
9.186220974e-05
9.076140129e-05
8.989498783e-05
8.882214665e-05
8.514849943e-05
8.974641691e-05
9.169375788e-05
9.610257844e-05
8.97846946e-05
9.410908475e-05
9.326427496e-05
9.481196439e-05
9.136379393e-05
9.288904963e-05
9.208109533e-05
9.10276636e-05
9.024815146e-05
0.0001024603122
0.0001084342511
0.000102296365
0.0001082081683
8.400167367e-05
8.986899392e-05
0.000101579714
9.54144398e-05
8.91466177e-05
8.299490314e-05
9.446189931e-05
7.651761422e-05
9.372589568e-05
8.755546002e-05
9.288737551e-05
9.829010791e-05
9.769965718e-05
0.0001029709874
7.956236063e-05
9.611794151e-05
9.543580828e-05
8.931837928e-05
7.756057191e-05
9.911340176e-05
8.193017727e-05
0.0001030976283
8.608423355e-05
8.548099025e-05
9.001971898e-05
9.986205905e-05
7.811282167e-05
8.266676465e-05
8.699672186e-05
9.64315568e-05
9.04593104e-05
9.466471948e-05
9.864263254e-05
9.776229599e-05
8.707852081e-05
9.106737781e-05
9.010906649e-05
7.985637145e-05
7.900136453e-05
8.743216619e-05
8.193033477e-05
0.0001036404526
9.804329031e-05
9.263005711e-05
9.159964216e-05
9.496280076e-05
8.962764631e-05
8.868320174e-05
9.185029057e-05
9.087556777e-05
9.799751136e-05
9.695251199e-05
9.183431308e-05
9.085232703e-05
9.369250093e-05
9.268981807e-05
9.159657166e-05
9.061728092e-05
8.9541739e-05
8.858696695e-05
9.482415553e-05
9.381733301e-05
8.91280383e-05
9.171455585e-05
9.40969747e-05
8.276491821e-05
8.858136895e-05
8.091732226e-05
8.660223638e-05
9.23034624e-05
9.11883522e-05
0.0001031532302
9.87224832e-05
8.511786947e-05
8.720489708e-05
8.325369444e-05
9.138929796e-05
0.0001025573749
8.64237056e-05
9.148915427e-05
8.747676805e-05
9.530577895e-05
9.416803647e-05
8.197536037e-05
9.776028857e-05
9.685473365e-05
9.024118167e-05
9.212785339e-05
9.104625221e-05
9.022894128e-05
9.442301806e-05
9.358873571e-05
8.736752326e-05
9.170227996e-05
9.316983815e-05
9.736527055e-05
8.39757667e-05
7.793936775e-05
8.983041985e-05
8.376005079e-05
8.957254771e-05
8.347780848e-05
0.0001010961859
0.0001008954626
8.872331962e-05
8.850108273e-05
8.813878242e-05
8.787183363e-05
9.328372452e-05
9.295221711e-05
9.822906718e-05
8.05647546e-05
8.008210983e-05
8.540809018e-05
0.0001074747175
0.0001125539892
8.94058472e-05
8.890513279e-05
9.926130724e-05
9.865738459e-05
8.699186677e-05
8.102055924e-05
9.640378704e-05
0.0001010471643
7.379840245e-05
7.325010663e-05
8.81297715e-05
0.0001028695385
9.679720575e-05
0.0001010541217
0.0001050673942
8.928492616e-05
8.838685378e-05
8.273208289e-05
0.0001059629966
9.066900949e-05
9.443874655e-05
7.950927372e-05
9.254075939e-05
9.163633874e-05
8.157815299e-05
8.524848911e-05
9.762440247e-05
9.662690371e-05
8.686722217e-05
0.0001031562351
9.774901964e-05
8.830900288e-05
9.146443695e-05
8.63807732e-05
9.352175901e-05
9.654761425e-05
8.349994108e-05
8.654100239e-05
9.330451134e-05
9.230621871e-05
9.121882354e-05
9.024376693e-05
8.917385516e-05
8.82231599e-05
9.080374225e-05
9.702690499e-05
8.876419843e-05
8.431406858e-05
8.330120788e-05
8.58624832e-05
9.161464756e-05
9.066218935e-05
8.956840823e-05
8.864596609e-05
8.757555938e-05
9.631450987e-05
8.880797661e-05
8.791323523e-05
9.615793097e-05
9.213002318e-05
8.495187256e-05
9.012590109e-05
8.607424961e-05
8.817979019e-05
8.421871612e-05
8.916731159e-05
8.810254566e-05
8.727378488e-05
8.623640055e-05
9.37056781e-05
8.987436731e-05
8.635607889e-05
8.800837775e-05
8.986132137e-05
9.403724983e-05
9.320643247e-05
9.212766234e-05
9.38634178e-05
9.027889751e-05
8.950617988e-05
9.551575993e-05
8.35354906e-05
9.536366839e-05
7.740758282e-05
9.509053566e-05
8.90160908e-05
9.469857805e-05
8.860381037e-05
9.419095731e-05
0.0001115718531
8.772348511e-05
0.0001049496558
9.864856246e-05
9.829832985e-05
8.626732598e-05
9.737146633e-05
8.540269755e-05
9.634552327e-05
9.571591064e-05
0.0001064312711
7.78693951e-05
9.402667339e-05
9.880609305e-05
8.729381728e-05
0.0001028317944
9.140519714e-05
9.063531964e-05
0.0001005898302
8.920864309e-05
8.333786768e-05
8.257434608e-05
8.192781447e-05
0.0001014385746
8.551455849e-05
8.467867317e-05
8.395260505e-05
8.799877631e-05
7.267890159e-05
8.152331324e-05
8.552284224e-05
8.462648109e-05
8.847873088e-05
9.674930988e-05
9.124223758e-05
0.0001083053147
9.381926207e-05
8.83718898e-05
9.621631449e-05
9.94747978e-05
7.276028461e-05
0.0001015699972
9.212546999e-05
9.108181163e-05
9.83082626e-05
9.71817431e-05
9.21399975e-05
8.315405109e-05
9.401756669e-05
9.29197219e-05
9.192578133e-05
9.462935242e-05
8.987331946e-05
9.620973036e-05
9.518418951e-05
9.043345665e-05
9.305242977e-05
9.193944971e-05
9.096896904e-05
9.333385009e-05
9.235550443e-05
9.800278732e-05
9.029538347e-05
8.920667051e-05
9.155786123e-05
9.368328143e-05
8.953095744e-05
9.792696884e-05
8.755896574e-05
8.959197014e-05
8.564169112e-05
8.763162362e-05
9.275504611e-05
8.572760831e-05
8.782457423e-05
0.0001012336551
8.594310331e-05
9.623875479e-05
8.692160178e-05
9.419969337e-05
9.607189777e-05
9.493540313e-05
8.869414555e-05
9.296345356e-05
9.212894033e-05
9.105310367e-05
9.282723988e-05
9.175163025e-05
9.348042132e-05
8.990911489e-05
8.913975043e-05
9.50635381e-05
8.90786325e-05
8.898049822e-05
8.889400598e-05
0.0001064714686
8.268930267e-05
8.836130218e-05
9.994434511e-05
9.374791445e-05
8.76689318e-05
8.149127755e-05
8.704813809e-05
8.086030875e-05
7.481825563e-05
8.586572001e-05
9.691855496e-05
9.634108383e-05
9.025824139e-05
0.0001008787172
0.0001115166472
9.965826672e-05
8.809000636e-05
8.19625292e-05
7.603386324e-05
9.158975775e-05
0.000101695694
9.022634268e-05
8.959592068e-05
0.0001044806605
7.259411241e-05
9.248212646e-05
9.685638477e-05
9.593989935e-05
9.014451497e-05
9.422446116e-05
9.833391318e-05
0.0001022164404
9.165815296e-05
8.594389252e-05
9.934396829e-05
9.830481489e-05
9.273417912e-05
7.798499992e-05
9.993666291e-05
8.537628386e-05
8.897136985e-05
8.359764568e-05
9.580919987e-05
9.474907293e-05
8.950220628e-05
8.850153428e-05
0.0001000799994
9.070237426e-05
8.974082007e-05
9.677893093e-05
9.175838543e-05
9.464115989e-05
9.362998919e-05
9.253809318e-05
9.154846701e-05
9.047259793e-05
8.950590091e-05
8.844708232e-05
9.115045543e-05
9.006617874e-05
8.911022732e-05
9.156717249e-05
9.756998799e-05
9.984260783e-05
9.879608669e-05
8.751050018e-05
8.326993862e-05
9.213850376e-05
9.444632952e-05
8.043704536e-05
8.280190801e-05
9.124148397e-05
9.032209505e-05
0.0001015406043
9.139086345e-05
9.931887134e-05
8.642280936e-05
9.127228216e-05
9.62194295e-05
8.642341759e-05
9.415785831e-05
9.303286633e-05
9.495020929e-05
9.65800335e-05
9.021748016e-05
8.914961267e-05
9.101335603e-05
8.99423855e-05
9.17566132e-05
9.068411833e-05
9.245112014e-05
9.137865535e-05
9.310053767e-05
8.954234918e-05
9.124231758e-05
8.278863094e-05
0.0001004801387
0.0001003697454
9.43739172e-05
0.000111858106
8.817922446e-05
0.0001055359399
9.947547928e-05
6.998176495e-05
9.307594371e-05
9.849179139e-05
9.241819114e-05
7.473528898e-05
0.0001031129501
7.976998023e-05
9.079514108e-05
9.025560815e-05
0.0001010724909
0.0001059941073
8.880409092e-05
7.715784128e-05
8.768802268e-05
9.246873897e-05
9.190782505e-05
0.0001019024707
9.590856354e-05
8.982104002e-05
0.0001049341788
7.801063434e-05
9.291921653e-05
0.0001074170854
9.13522028e-05
8.043529747e-05
8.974772739e-05
9.874915849e-05
9.300865812e-05
0.0001017715485
9.125985583e-05
9.032623792e-05
8.478430605e-05
9.788239693e-05
9.695311069e-05
8.678752753e-05
8.141770622e-05
8.948838092e-05
9.745371375e-05
8.32449966e-05
8.673228722e-05
8.577427326e-05
9.337138331e-05
9.652599012e-05
9.966299048e-05
9.032608517e-05
7.718218194e-05
9.637944424e-05
9.535296139e-05
9.032515901e-05
8.936036098e-05
9.21595864e-05
9.117423744e-05
9.385838012e-05
9.285570237e-05
0.0001027694737
9.441190356e-05
9.328994689e-05
8.874990225e-05
8.769028647e-05
0.0001006471846
9.944100404e-05
9.161262234e-05
8.380699475e-05
8.293574489e-05
0.0001016018002
9.082420905e-05
9.613828431e-05
9.515838419e-05
9.714417264e-05
8.37568196e-05
8.581150829e-05
9.102571352e-05
9.892219275e-05
9.79503155e-05
9.384014877e-05
9.583492516e-05
8.607791552e-05
8.809762104e-05
9.26605338e-05
9.17886425e-05
9.069618428e-05
8.985580851e-05
9.417291027e-05
9.064782502e-05
9.221507054e-05
9.138728338e-05
9.289862897e-05
8.952031282e-05
9.10087005e-05
9.272372905e-05
8.917856359e-05
9.332780914e-05
8.828608152e-05
9.412607507e-05
9.402294268e-05
8.219027601e-05
7.617631081e-05
9.361777536e-05
8.753580516e-05
9.901099206e-05
8.706957727e-05
8.685228406e-05
9.803418077e-05
9.773837371e-05
9.155598786e-05
7.982788233e-05
0.0001020883468
0.0001016738001
8.422602912e-05
8.943000441e-05
9.995645809e-05
8.839860127e-05
9.326554415e-05
8.72896911e-05
9.205043073e-05
8.072876663e-05
9.610491735e-05
7.426046725e-05
9.467932487e-05
8.879577224e-05
9.319666024e-05
0.0001027853764
9.675757783e-05
8.084383172e-05
0.0001001027847
7.942614896e-05
9.340254048e-05
9.260365682e-05
9.650525013e-05
9.086500529e-05
8.993730118e-05
9.379977848e-05
8.818134669e-05
9.194181238e-05
9.551519992e-05
9.008001399e-05
0.0001024767447
9.704242185e-05
9.598404346e-05
0.0001036420576
8.968684527e-05
9.298182839e-05
9.194573487e-05
9.511404883e-05
8.995290534e-05
9.304538701e-05
9.198394026e-05
9.49612867e-05
8.60444764e-05
9.286434229e-05
9.178416341e-05
9.080305495e-05
8.973848242e-05
9.617833676e-05
9.504306522e-05
9.764699654e-05
9.291412059e-05
8.485678028e-05
0.0001013121579
8.987304448e-05
8.879683003e-05
8.786617667e-05
9.348861515e-05
9.912506751e-05
9.140317798e-05
9.692332974e-05
9.894703155e-05
8.846054211e-05
8.739382483e-05
9.578234314e-05
9.462760066e-05
9.066346988e-05
8.658580109e-05
0.0001005169414
8.762507225e-05
8.388336265e-05
9.430868143e-05
8.208565825e-05
9.229116965e-05
9.419305469e-05
9.580890277e-05
9.492108722e-05
9.647613108e-05
9.294066598e-05
8.922122574e-05
9.362151238e-05
8.995504724e-05
9.170795098e-05
9.315955496e-05
9.234995827e-05
9.128488091e-05
8.805824518e-05
8.787394265e-05
8.783132584e-05
8.188632596e-05
9.349369496e-05
8.748630577e-05
9.900567306e-05
8.712881379e-05
7.53623936e-05
9.244344502e-05
9.22129484e-05
9.758080277e-05
9.72866341e-05
0.000119613385
9.648741194e-05
0.0001016196343
8.996212036e-05
7.825158012e-05
8.902156e-05
0.0001050294914
9.899639754e-05
8.738191287e-05
9.775683234e-05
7.546485069e-05
9.108111423e-05
0.0001009897937
7.92089807e-05
9.42578061e-05
7.800091198e-05
9.793892207e-05
0.0001074477892
0.0001014021526
0.000100611063
9.468203993e-05
8.896454e-05
9.789150948e-05
8.734942169e-05
8.647995666e-05
9.99970891e-05
9.897819423e-05
7.938850397e-05
8.318430775e-05
0.000105283288
9.511079676e-05
8.969915793e-05
9.760875014e-05
8.345714329e-05
9.123787048e-05
7.740676483e-05
8.506079278e-05
9.259551049e-05
7.907923846e-05
9.883931187e-05
9.772668697e-05
9.266288265e-05
9.559028391e-05
9.457281655e-05
9.348420608e-05
9.248619545e-05
9.141178666e-05
9.420300257e-05
9.309986895e-05
9.210567891e-05
9.466043921e-05
8.644804503e-05
8.898202907e-05
9.508095794e-05
9.394775927e-05
8.951358076e-05
8.844250687e-05
8.41496259e-05
8.646521382e-05
8.885736809e-05
9.429132384e-05
0.0001061919032
8.583762628e-05
8.810940228e-05
8.704729603e-05
9.847998551e-05
9.425259881e-05
9.632437116e-05
9.516437935e-05
9.422923199e-05
8.145926127e-05
8.355081252e-05
9.393464641e-05
8.457932825e-05
9.471033668e-05
9.657836969e-05
8.997491183e-05
8.643985012e-05
8.541491935e-05
9.521523653e-05
9.14786407e-05
8.806725856e-05
9.215474421e-05
9.134082894e-05
9.027770538e-05
8.949326472e-05
8.845978871e-05
9.013976152e-05
7.580354929e-05
9.325150207e-05
8.732800763e-05
9.887594464e-05
0.0001044967981
9.274988616e-05
9.828900137e-05
0.0001038651992
8.62656111e-05
8.031399625e-05
9.141797547e-05
9.114263633e-05
9.071589927e-05
8.474564142e-05
8.429600502e-05
0.0001007452304
7.789547069e-05
0.0001052324851
9.354808097e-05
9.307354491e-05
9.242482707e-05
9.191027365e-05
0.0001019574272
8.533958687e-05
7.937333571e-05
9.988470132e-05
8.341335463e-05
9.318683538e-05
8.211151797e-05
0.0001018810749
0.0001060060533
9.516265533e-05
8.930846956e-05
9.349905269e-05
9.259483504e-05
8.214055007e-05
9.567600941e-05
9.008546658e-05
8.916939027e-05
9.765013085e-05
9.663664749e-05
9.116287168e-05
8.117983163e-05
8.932150882e-05
8.394521551e-05
0.0001049783626
9.085780166e-05
9.849710276e-05
9.317933374e-05
8.382944494e-05
9.118826615e-05
9.843255711e-05
8.921572056e-05
9.629583686e-05
9.12338415e-05
9.418751178e-05
8.534608063e-05
8.827315262e-05
9.104241924e-05
9.006968353e-05
9.643419996e-05
9.173519253e-05
9.065469387e-05
9.327668966e-05
9.571653657e-05
8.41787535e-05
8.664204929e-05
9.944432503e-05
9.486723094e-05
9.052044034e-05
9.274710543e-05
9.178295523e-05
9.71566029e-05
8.654031731e-05
9.183149059e-05
9.716400757e-05
8.980005817e-05
8.889494399e-05
9.085215235e-05
9.594406801e-05
9.478879401e-05
9.679028309e-05
9.27287783e-05
9.469963201e-05
9.356356657e-05
8.705329121e-05
9.711036964e-05
8.795094589e-05
8.690284662e-05
8.878798563e-05
9.039323836e-05
9.22030107e-05
9.111481908e-05
9.029692015e-05
9.178725151e-05
9.097663449e-05
9.241427696e-05
9.161138447e-05
9.299943595e-05
8.977814045e-05
8.125702838e-05
8.121774672e-05
9.851435511e-05
9.262974059e-05
0.0001040145224
8.655182633e-05
9.78362241e-05
6.892460977e-05
9.731839274e-05
0.0001084968986
9.099907001e-05
0.0001020658951
0.0001015893111
8.998281983e-05
0.0001006950036
8.914424614e-05
9.415885656e-05
8.270227739e-05
7.669220216e-05
0.0001090050628
9.742248724e-05
9.149837534e-05
9.081790998e-05
9.026914335e-05
0.0001000933201
8.89744091e-05
9.342592898e-05
8.762199224e-05
9.707971854e-05
9.129137853e-05
9.046620971e-05
8.976167848e-05
6.916120274e-05
9.79943371e-05
8.73437668e-05
9.140954271e-05
8.097670371e-05
9.442178063e-05
8.87903314e-05
7.871458051e-05
9.622841443e-05
9.531724639e-05
8.533006528e-05
8.449967499e-05
8.799464548e-05
8.711737763e-05
9.048088621e-05
9.382423415e-05
9.279499242e-05
9.600662687e-05
9.081419273e-05
8.986004177e-05
9.289035168e-05
9.190723173e-05
9.481394201e-05
9.380533386e-05
9.272849133e-05
9.17390661e-05
9.067602481e-05
8.970742227e-05
9.235351924e-05
9.13676747e-05
9.751606166e-05
8.57578407e-05
9.533553919e-05
9.432426054e-05
9.665396596e-05
8.88032113e-05
9.111697939e-05
9.684082106e-05
8.248280727e-05
8.162537106e-05
9.677350224e-05
9.896929447e-05
9.777815042e-05
8.429344047e-05
8.944678983e-05
9.159845727e-05
9.351144161e-05
9.25802949e-05
8.851515155e-05
9.348818186e-05
9.236414835e-05
8.861035755e-05
9.884361351e-05
9.78991342e-05
8.567323151e-05
9.03420585e-05
9.197002152e-05
9.379752061e-05
9.533220512e-05
9.446251545e-05
9.075387993e-05
9.250891692e-05
9.142267812e-05
9.313242531e-05
8.95583596e-05
9.124651001e-05
8.775250777e-05
9.908637244e-05
0.0001039923535
9.816759614e-05
8.075626285e-05
9.220372357e-05
9.203260258e-05
9.189794079e-05
0.0001088449638
8.576084563e-05
9.117477985e-05
8.526379688e-05
9.624548528e-05
9.031164943e-05
9.550928023e-05
8.957403699e-05
9.467013788e-05
9.428716424e-05
8.270666537e-05
0.0001152615313
8.725477391e-05
8.68130087e-05
8.621094721e-05
0.0001018066409
9.04143718e-05
0.0001057277209
0.0001048958162
8.858179182e-05
8.268042005e-05
0.0001077640917
9.665574534e-05
8.584366467e-05
9.007352685e-05
0.0001042681078
9.345673702e-05
8.293644291e-05
9.180097922e-05
9.580875676e-05
0.0001043469879
9.402019954e-05
8.841448163e-05
8.299259081e-05
0.0001049496746
0.0001039565714
8.944559625e-05
9.300445427e-05
9.639186801e-05
8.675581278e-05
9.439789861e-05
9.768420967e-05
0.000100815064
9.145558042e-05
8.633212238e-05
9.356113377e-05
8.849052037e-05
9.551374868e-05
9.443048076e-05
9.342624487e-05
9.235519734e-05
9.137000985e-05
9.407559128e-05
8.934806336e-05
8.830542133e-05
9.464321349e-05
8.633614634e-05
8.897589069e-05
9.144061612e-05
8.699112088e-05
8.939531866e-05
9.525625623e-05
8.403490656e-05
8.648049933e-05
8.873093487e-05
9.106072871e-05
9.318029724e-05
7.950045305e-05
9.111111138e-05
9.329197709e-05
8.602400421e-05
9.428077928e-05
8.713584813e-05
8.329335007e-05
9.992435058e-05
8.730188491e-05
9.487744898e-05
9.680479611e-05
9.283013344e-05
9.194302317e-05
9.359550719e-05
9.544129736e-05
9.699737414e-05
9.075948932e-05
8.704382593e-05
9.147697251e-05
9.297852595e-05
9.214390505e-05
9.10609894e-05
9.025688935e-05
8.920296855e-05
8.842819184e-05
9.954241e-05
9.147065602e-05
9.201403828e-05
8.622159055e-05
9.187025676e-05
8.030890633e-05
7.443453604e-05
9.719517352e-05
9.694306987e-05
8.536953293e-05
7.941464505e-05
9.053409358e-05
0.0001014442558
9.552067583e-05
7.27059778e-05
0.0001003150704
9.424332262e-05
9.938374768e-05
9.331339777e-05
8.196039556e-05
9.772293767e-05
9.18270497e-05
8.582756834e-05
8.0016667e-05
9.530936884e-05
9.473455238e-05
7.832575445e-05
8.300482288e-05
0.0001028984522
0.0001021841902
0.0001013004834
0.0001005540691
6.975440753e-05
7.909956126e-05
8.815767156e-05
8.743846889e-05
0.0001010311482
9.540045228e-05
0.0001039043815
8.894091888e-05
9.267557938e-05
0.0001055997681
9.542220888e-05
9.001889733e-05
8.461953817e-05
9.702814342e-05
0.0001003562715
8.639723674e-05
9.828267968e-05
9.728277404e-05
7.948541511e-05
9.936198038e-05
9.416950441e-05
8.912945704e-05
9.213833823e-05
9.116380553e-05
9.405010872e-05
9.305020753e-05
9.198489681e-05
9.100391106e-05
9.370001302e-05
9.269955426e-05
9.161904081e-05
9.064140312e-05
8.957716788e-05
9.216845116e-05
8.757645544e-05
9.704542019e-05
9.246806318e-05
9.488126081e-05
8.705304688e-05
8.614088211e-05
8.510973389e-05
8.746443745e-05
8.961520743e-05
9.502729441e-05
9.701411893e-05
8.673228391e-05
9.792940853e-05
9.088327333e-05
8.978888678e-05
9.185781038e-05
9.367961771e-05
9.275869651e-05
9.737113815e-05
8.791874498e-05
8.966566012e-05
9.15839747e-05
9.322970683e-05
9.506819995e-05
9.125006974e-05
9.040419093e-05
8.932984364e-05
9.372160225e-05
9.261309915e-05
9.178176231e-05
9.574115965e-05
9.73930431e-05
8.885038691e-05
9.297204438e-05
9.189291654e-05
9.110805967e-05
8.586965042e-05
9.155022317e-05
9.71672128e-05
9.136333826e-05
9.689437137e-05
9.675284789e-05
8.514933549e-05
0.00010197813
9.034817298e-05
0.0001013893744
0.0001009857104
7.830871874e-05
8.351356775e-05
8.321954375e-05
9.382033863e-05
8.794494301e-05
9.28963365e-05
7.071516716e-05
9.728815818e-05
9.679652237e-05
8.544758414e-05
0.0001009062481
9.488960377e-05
9.431785426e-05
8.318152398e-05
8.780686133e-05
9.220528524e-05
0.0001068268017
8.068952619e-05
8.009550604e-05
9.425931679e-05
8.368218181e-05
0.0001024107404
9.190204655e-05
0.0001053922967
9.024583248e-05
8.935658026e-05
0.0001025499185
0.0001015152343
9.144103402e-05
9.049919123e-05
0.0001030905151
8.870388793e-05
9.662640357e-05
9.994266397e-05
9.894785449e-05
0.0001021356256
8.845987438e-05
8.749436149e-05
9.07110929e-05
9.78656323e-05
9.280353794e-05
9.575674348e-05
9.079658438e-05
9.367278872e-05
9.267718512e-05
9.161755388e-05
9.06407343e-05
8.959432482e-05
9.233116067e-05
9.125616517e-05
9.028257998e-05
9.279260882e-05
9.180486732e-05
9.421053091e-05
8.975925214e-05
8.528277182e-05
9.450920631e-05
9.004757197e-05
9.900452523e-05
9.129882289e-05
8.389622394e-05
9.883018621e-05
9.465695441e-05
8.105002085e-05
9.256575466e-05
8.840346714e-05
9.354751487e-05
8.943997395e-05
9.740405647e-05
0.0001020639794
9.817309425e-05
9.699271752e-05
9.040203514e-05
8.652579979e-05
9.675667229e-05
8.740400438e-05
9.199235081e-05
8.554758049e-05
8.740308514e-05
8.636383117e-05
9.076227914e-05
8.968801871e-05
9.142245501e-05
9.03461301e-05
9.203589984e-05
9.0958931e-05
9.260612285e-05
9.393858667e-05
8.597209896e-05
9.117836142e-05
9.113455882e-05
7.965696578e-05
9.663316829e-05
9.64552884e-05
8.49834088e-05
0.0001073679667
9.587719345e-05
0.0001011830229
0.0001065393931
9.494622e-05
8.352487267e-05
8.313901279e-05
7.732346435e-05
9.340113456e-05
9.849635362e-05
9.248298673e-05
0.0001028934936
9.685723032e-05
8.566064698e-05
9.570481843e-05
8.988705062e-05
0.0001049705777
9.912173951e-05
0.0001086996335
9.256707357e-05
0.0001020060681
9.116935235e-05
9.038440196e-05
9.470401614e-05
0.0001037349476
9.312701302e-05
9.711867665e-05
9.151128302e-05
0.000100175962
8.513477587e-05
9.366394384e-05
9.747747807e-05
9.649586722e-05
8.65064254e-05
8.111091423e-05
8.927206585e-05
0.0001015882717
8.310597994e-05
8.654995805e-05
8.997334928e-05
8.900398595e-05
9.648972033e-05
8.29898352e-05
9.444989314e-05
9.340937114e-05
8.841065617e-05
9.139840317e-05
9.436414935e-05
9.329848416e-05
9.230714154e-05
9.125313326e-05
9.028044474e-05
8.923947051e-05
9.564431087e-05
9.089615268e-05
8.632952313e-05
9.242785337e-05
9.496122307e-05
8.341458252e-05
8.940767572e-05
8.834757408e-05
9.414005827e-05
8.969665943e-05
9.533146304e-05
8.119981439e-05
8.678422149e-05
8.256806371e-05
8.48605408e-05
9.626193504e-05
9.220686692e-05
8.198790265e-05
9.619111565e-05
8.612397025e-05
9.702693521e-05
9.87641312e-05
9.491677317e-05
9.661722687e-05
9.286609308e-05
8.89709508e-05
9.362798975e-05
9.250661754e-05
9.433068827e-05
8.255236371e-05
8.970187468e-05
9.124160863e-05
9.040910399e-05
9.189079561e-05
9.359555968e-05
8.99928929e-05
8.919837421e-05
9.060222858e-05
9.224307043e-05
9.116975017e-05
9.51488666e-05
9.076618951e-05
8.505248613e-05
9.062531903e-05
7.922086713e-05
7.90754316e-05
0.000107160185
0.0001012590018
0.0001066745265
8.953641978e-05
0.0001004788457
8.896083949e-05
9.978111039e-05
8.828565606e-05
8.247692243e-05
8.204617056e-05
7.082008036e-05
9.748937554e-05
0.0001024381174
0.0001017873311
9.061350084e-05
8.999122228e-05
9.475734505e-05
7.838422437e-05
9.868954606e-05
0.0001030739537
8.192505575e-05
0.0001015656554
9.581942073e-05
9.999605137e-05
8.933506873e-05
8.853630365e-05
8.784974917e-05
9.67068376e-05
0.0001007158104
9.500359537e-05
8.948634812e-05
8.394447914e-05
8.320271642e-05
9.151828659e-05
8.614688225e-05
8.97503955e-05
8.890327791e-05
8.797437936e-05
9.147678483e-05
9.91255932e-05
9.387298299e-05
9.286332392e-05
9.191984766e-05
9.091988411e-05
9.81585037e-05
9.707883949e-05
9.205811259e-05
8.70749234e-05
9.007094647e-05
8.518322912e-05
9.194004124e-05
9.089160021e-05
9.741659209e-05
8.888741604e-05
8.793896481e-05
9.778208714e-05
8.957338961e-05
8.852495606e-05
8.407960416e-05
9.6937204e-05
9.590952294e-05
8.461900231e-05
9.042471907e-05
9.265767389e-05
9.49614465e-05
0.0001035331564
8.964984591e-05
8.857561173e-05
8.453238044e-05
8.661050337e-05
9.185075132e-05
9.074620966e-05
9.581994146e-05
9.466690203e-05
9.079498212e-05
9.259609935e-05
9.16855671e-05
8.492173438e-05
8.690133477e-05
8.585800436e-05
9.600973031e-05
8.943899042e-05
9.128145814e-05
9.019103128e-05
8.935479275e-05
9.088797711e-05
9.263177151e-05
9.407645945e-05
9.071221452e-05
9.462254087e-05
9.131911593e-05
9.268745649e-05
9.188285351e-05
9.081241855e-05
8.766791314e-05
0.0001016524432
9.595910485e-05
0.0001071336422
7.886470948e-05
8.9966074e-05
8.422032477e-05
8.400424078e-05
8.942864212e-05
8.356498945e-05
8.891527708e-05
7.749358859e-05
9.933637373e-05
0.0001043731971
9.853267184e-05
9.257386529e-05
9.762466634e-05
9.705941496e-05
0.0001019867541
8.533931247e-05
9.021608119e-05
0.000100138971
8.386116195e-05
8.844930396e-05
0.0001086043794
9.236550026e-05
8.666955847e-05
9.101612644e-05
0.0001054510438
9.45902404e-05
8.401194601e-05
9.305794811e-05
8.747709566e-05
8.185370516e-05
8.11880998e-05
9.460488753e-05
8.911137956e-05
9.288261563e-05
9.206246555e-05
9.113891871e-05
8.579031543e-05
9.83186877e-05
8.853752441e-05
9.637551693e-05
9.977912243e-05
9.013752148e-05
9.774090531e-05
9.248744455e-05
8.738692756e-05
9.878609402e-05
9.776379723e-05
9.266141116e-05
9.567638875e-05
9.461244294e-05
9.361300135e-05
9.255877794e-05
9.157584926e-05
9.053292055e-05
8.956839058e-05
9.222721708e-05
9.124334115e-05
8.657719933e-05
9.636079272e-05
8.465250295e-05
9.771044296e-05
8.966318045e-05
0.0001091848876
8.42909772e-05
9.007426255e-05
9.889219539e-05
9.133241909e-05
9.991073061e-05
9.249335618e-05
8.823441918e-05
8.420674834e-05
8.935865914e-05
9.149737587e-05
9.642394794e-05
8.948589447e-05
9.43032727e-05
9.336376827e-05
8.935796019e-05
9.418752122e-05
8.74153504e-05
9.494490201e-05
9.656382271e-05
9.290797973e-05
8.909481559e-05
9.093011613e-05
9.512836953e-05
8.901038639e-05
9.31238498e-05
8.971093569e-05
9.117967158e-05
9.287125034e-05
9.425545416e-05
9.342340518e-05
8.989715143e-05
8.670831064e-05
9.045787707e-05
9.440628706e-05
9.557498267e-05
8.990990825e-05
8.981393739e-05
9.533568414e-05
0.000100759337
8.384389871e-05
7.805406574e-05
9.459405148e-05
9.428531866e-05
9.405205186e-05
8.817088596e-05
9.889558397e-05
9.297327047e-05
9.264709602e-05
8.674419e-05
8.639518488e-05
8.052769189e-05
8.016264548e-05
6.903509265e-05
0.0001109567518
9.970334067e-05
0.0001043709591
0.0001036076425
8.75378031e-05
8.174924007e-05
8.629697635e-05
7.552210599e-05
8.500024173e-05
9.418768775e-05
8.857582179e-05
7.80330681e-05
8.710759035e-05
9.109887247e-05
9.511439938e-05
8.007808542e-05
7.005753181e-05
8.324713755e-05
8.251259557e-05
9.076268302e-05
9.443002374e-05
9.346458371e-05
9.258350644e-05
7.85310948e-05
9.505216983e-05
8.977205439e-05
8.464791792e-05
9.630162286e-05
8.703503933e-05
9.019088923e-05
8.9257898e-05
9.229190513e-05
9.52952001e-05
9.031051858e-05
9.324189397e-05
9.219330596e-05
9.121453115e-05
9.017706063e-05
9.665127226e-05
8.81915751e-05
9.088640853e-05
0.0001006129143
9.598527444e-05
9.486407647e-05
8.342655834e-05
9.618641115e-05
9.176809799e-05
9.068272428e-05
9.30497162e-05
9.8511269e-05
9.098065497e-05
9.310561434e-05
9.21378404e-05
9.731325706e-05
9.320401709e-05
0.0001012943277
9.722315635e-05
8.704965107e-05
9.805756207e-05
8.219962292e-05
9.30064403e-05
9.188757189e-05
9.667032622e-05
9.269893964e-05
8.90178508e-05
8.794883913e-05
9.255211153e-05
9.14427728e-05
9.058146838e-05
9.213086806e-05
9.388442622e-05
9.276569936e-05
8.93658796e-05
9.082822109e-05
9.001292437e-05
8.894956231e-05
9.306242158e-05
8.954871215e-05
9.117079433e-05
9.247730612e-05
9.168834376e-05
8.95517333e-05
0.0001174805269
8.382531619e-05
8.93279037e-05
0.0001058836948
0.0001057297086
0.0001054598833
0.0001052532224
9.93889985e-05
8.261942409e-05
0.0001097264336
8.204890733e-05
9.800855774e-05
8.681334724e-05
8.636340884e-05
8.60162422e-05
0.0001122459006
9.045418699e-05
8.459647047e-05
8.943160915e-05
0.000104496299
9.872343667e-05
9.800310382e-05
9.228816687e-05
9.157369836e-05
8.59275839e-05
9.525359628e-05
8.961719178e-05
0.0001085972648
8.330096087e-05
7.284782014e-05
8.67411935e-05
9.549201438e-05
8.998090336e-05
8.912655657e-05
9.30218856e-05
9.211421499e-05
0.0001004322129
9.038954087e-05
7.612954691e-05
7.535262794e-05
7.90334749e-05
9.124745766e-05
9.896962067e-05
8.515194185e-05
8.852184649e-05
9.17447411e-05
9.49417807e-05
9.799719064e-05
8.486085236e-05
8.792858069e-05
9.096216028e-05
9.38646497e-05
9.287371732e-05
9.18307088e-05
9.464172192e-05
8.982398734e-05
8.886748066e-05
8.784772416e-05
9.053225758e-05
8.590470427e-05
9.561267159e-05
9.449695085e-05
9.00291436e-05
8.897140493e-05
8.464277584e-05
8.698819772e-05
8.938143635e-05
9.48621571e-05
8.739474757e-05
8.315436818e-05
9.81150504e-05
8.443272158e-05
9.594264963e-05
8.867641009e-05
9.987859189e-05
9.568844273e-05
9.176330273e-05
8.773531002e-05
8.975646717e-05
9.439790127e-05
9.630179536e-05
9.514389387e-05
9.42208027e-05
9.582708415e-05
9.491069321e-05
8.841435186e-05
9.288946885e-05
9.177853687e-05
9.352532916e-05
9.241029323e-05
9.156699537e-05
9.801942531e-05
8.966730683e-05
9.106845014e-05
8.782504759e-05
0.0001012574181
8.84289167e-05
8.739500752e-05
9.133332832e-05
9.472623602e-05
0.0001058200219
0.0001057076348
8.337342341e-05
8.322197911e-05
9.418119209e-05
7.736356697e-05
0.0001103029828
8.795590117e-05
8.22549873e-05
0.0001147057251
9.257976812e-05
9.215759905e-05
0.0001026389423
0.0001021083229
9.099314728e-05
9.57919913e-05
0.0001006562184
8.949424542e-05
0.0001099961063
0.0001092479159
9.31245708e-05
9.758258723e-05
0.0001072081118
8.611715166e-05
9.562738036e-05
8.486518049e-05
0.0001041102704
8.847736548e-05
8.782937157e-05
8.221452117e-05
0.0001007741771
8.082975335e-05
9.903851227e-05
8.875716404e-05
9.263694134e-05
9.632150079e-05
9.092647655e-05
8.551848156e-05
9.36579088e-05
9.711830964e-05
9.620391059e-05
9.087831581e-05
8.999849064e-05
9.753088615e-05
8.816625905e-05
9.553138298e-05
9.456252506e-05
9.760744528e-05
9.257355935e-05
9.156166399e-05
9.454186303e-05
9.349516841e-05
9.250843682e-05
9.528224235e-05
9.050038159e-05
9.320173756e-05
9.589788363e-05
9.47987561e-05
9.018085591e-05
8.913787429e-05
8.818791699e-05
8.715986651e-05
9.658084186e-05
8.862950471e-05
9.443572126e-05
8.665486492e-05
8.90390047e-05
9.449954766e-05
9.673413583e-05
9.239531143e-05
8.828201611e-05
8.722643261e-05
9.557728568e-05
9.443153447e-05
8.442315261e-05
9.234597931e-05
8.846573849e-05
8.448874032e-05
9.51843003e-05
9.688916795e-05
0.0001015793616
9.478255493e-05
9.386287908e-05
8.728037905e-05
8.91470653e-05
8.807800296e-05
9.25360189e-05
9.404114423e-05
9.316896864e-05
9.205759999e-05
9.375130805e-05
9.013338589e-05
9.180556471e-05
9.317108672e-05
9.477898967e-05
9.60647292e-05
9.999281161e-05
8.470484557e-05
8.398250908e-05
8.321249173e-05
8.317287615e-05
9.970171368e-05
9.960626198e-05
9.942580302e-05
9.928145136e-05
9.352778132e-05
8.785393033e-05
7.662327038e-05
9.281291834e-05
8.157367007e-05
0.0001030183986
0.0001025498254
9.681250683e-05
9.09625251e-05
9.592677306e-05
9.007812719e-05
8.967087345e-05
0.0001100747145
0.0001043066614
0.0001035988398
0.000103027924
9.205168165e-05
8.641717944e-05
0.0001008837294
9.522152382e-05
9.444845964e-05
9.379747246e-05
0.0001027898369
0.0001068965878
8.668701866e-05
8.601756962e-05
8.522905278e-05
9.393131497e-05
9.30429693e-05
8.764241141e-05
9.592634489e-05
9.960941976e-05
9.861762443e-05
8.439308443e-05
8.353494293e-05
0.0001001697355
9.913235329e-05
9.390475033e-05
9.714019453e-05
8.363192089e-05
9.928785918e-05
9.418628733e-05
8.911905545e-05
9.621621205e-05
9.120085977e-05
8.239843799e-05
9.312858451e-05
9.214601841e-05
9.111400428e-05
9.014748395e-05
0.0001002668295
8.817745538e-05
0.0001016960046
8.623888476e-05
8.879434999e-05
8.433429104e-05
9.377115882e-05
9.277401523e-05
9.168599993e-05
9.407432104e-05
8.632407699e-05
9.198434191e-05
9.41396998e-05
8.994143461e-05
8.887027048e-05
9.108750405e-05
9.620577149e-05
8.907181042e-05
8.496986205e-05
9.912171794e-05
8.606119133e-05
8.225544675e-05
7.836435093e-05
7.470992845e-05
9.368378322e-05
9.276212593e-05
9.997830022e-05
9.075743908e-05
8.966713086e-05
9.150067824e-05
9.572094922e-05
8.691752006e-05
9.368423747e-05
9.023711035e-05
9.170758869e-05
9.339482486e-05
9.47782697e-05
8.898397336e-05
9.037265019e-05
9.199601689e-05
9.091183115e-05
9.249482318e-05
9.609857161e-05
8.598371344e-05
9.389243115e-05
8.83273381e-05
9.374861849e-05
7.713090108e-05
8.249091774e-05
8.786266929e-05
7.668517795e-05
9.293568451e-05
9.808468152e-05
9.240709791e-05
9.746137375e-05
8.637409904e-05
0.0001074777826
9.103670876e-05
9.056841676e-05
0.0001114300692
8.441357574e-05
9.453629884e-05
8.872527682e-05
0.0001038590022
9.284027967e-05
9.232910432e-05
0.0001069367396
9.617351491e-05
8.538828592e-05
8.982861893e-05
7.920082015e-05
8.848731763e-05
9.748543887e-05
9.677266362e-05
0.0001055100365
0.0001046958812
0.0001037380669
9.354346687e-05
9.26605151e-05
8.728270563e-05
9.098515997e-05
9.920305813e-05
8.035946894e-05
9.289831799e-05
9.633420999e-05
9.976593733e-05
9.014892039e-05
8.502582592e-05
9.675262051e-05
8.746358612e-05
8.653220412e-05
8.973420416e-05
8.473253384e-05
8.385732355e-05
9.47925787e-05
9.380034324e-05
9.276486404e-05
9.178642861e-05
9.454149054e-05
8.979732779e-05
9.248037881e-05
9.149629746e-05
9.406807916e-05
9.306562027e-05
9.552974038e-05
8.751112964e-05
9.687214724e-05
8.899630393e-05
0.0001014848392
9.706266483e-05
8.930333585e-05
9.49072828e-05
9.701646424e-05
9.280029369e-05
8.853384136e-05
8.135551814e-05
8.965882308e-05
9.485484284e-05
9.06955333e-05
8.67781644e-05
8.869311147e-05
9.657830515e-05
9.830912903e-05
9.44666949e-05
9.615896551e-05
8.961211417e-05
9.130134146e-05
9.041527164e-05
8.932894126e-05
9.115548922e-05
9.271067748e-05
9.183712744e-05
8.555252709e-05
9.246433305e-05
9.136022885e-05
9.052641965e-05
8.944910095e-05
9.110859181e-05
9.48951396e-05
8.923422332e-05
8.81815535e-05
9.686711774e-05
8.87258996e-05
9.028458794e-05
0.0001044787749
8.794036242e-05
7.686669843e-05
9.873417529e-05
9.308087349e-05
9.294595709e-05
8.18040273e-05
9.797308792e-05
8.138123635e-05
8.118071549e-05
8.086504417e-05
9.137409298e-05
8.025933396e-05
7.464702947e-05
0.0001060914221
7.924981906e-05
8.930406149e-05
8.890101008e-05
9.354253424e-05
9.307365206e-05
8.730916512e-05
0.0001021516062
8.620110794e-05
8.064555469e-05
9.003013434e-05
8.945058207e-05
9.365681984e-05
8.322160887e-05
0.0001067871299
9.155149074e-05
9.074479834e-05
9.478435475e-05
8.922299786e-05
8.384292764e-05
8.766713258e-05
0.0001052261384
9.061493393e-05
8.981818053e-05
8.892715702e-05
9.252312428e-05
0.0001046693334
8.640467969e-05
8.978859576e-05
8.892074976e-05
9.217820835e-05
9.126483472e-05
9.43988513e-05
9.344272262e-05
8.439951678e-05
9.148312166e-05
8.655346674e-05
9.343392828e-05
9.24039736e-05
9.142963441e-05
9.040840034e-05
9.31769597e-05
9.212387065e-05
9.11438158e-05
9.010283493e-05
9.983996973e-05
8.459057663e-05
8.717661651e-05
8.616336188e-05
9.206716522e-05
9.098936723e-05
9.002547892e-05
8.896502081e-05
9.454781247e-05
9.342816359e-05
8.926171072e-05
9.134994804e-05
9.351774133e-05
8.316117288e-05
8.230444975e-05
9.336632973e-05
9.539513096e-05
8.541459568e-05
9.62154383e-05
9.505942756e-05
9.411193455e-05
9.016280108e-05
9.485534848e-05
9.095850195e-05
9.280524043e-05
8.899329312e-05
9.615482988e-05
8.972305085e-05
9.410567213e-05
9.297848997e-05
9.211599706e-05
9.101549048e-05
9.018479689e-05
9.158614114e-05
9.32171415e-05
8.9687402e-05
8.889596166e-05
9.971737821e-05
8.943801298e-05
9.536538778e-05
8.99403395e-05
9.307317693e-05
9.850135809e-05
9.293122814e-05
8.191986129e-05
7.632108261e-05
9.254138108e-05
8.687838044e-05
8.67088157e-05
8.643021406e-05
9.699460025e-05
8.588301664e-05
0.000101682579
8.524089603e-05
9.0252328e-05
8.979035725e-05
9.469161198e-05
8.892199611e-05
9.372813291e-05
7.762006782e-05
9.782635733e-05
9.716712809e-05
0.0001068049645
7.57389469e-05
0.000110420439
8.965233993e-05
7.917841222e-05
9.326595564e-05
9.262475119e-05
9.667635074e-05
0.0001055677195
8.561407022e-05
8.967418567e-05
9.821042973e-05
8.349957059e-05
8.730971416e-05
9.568493037e-05
9.927247949e-05
9.840020101e-05
8.856892485e-05
9.215094902e-05
9.556267004e-05
9.466507172e-05
9.368976582e-05
9.700218898e-05
9.598667717e-05
9.503602743e-05
8.585099886e-05
9.712207887e-05
9.607897958e-05
9.112532874e-05
9.405423547e-05
9.307036486e-05
9.204588028e-05
9.107560335e-05
9.756465422e-05
8.910511317e-05
0.0001027825126
9.079403952e-05
9.334857969e-05
8.880211153e-05
9.831302009e-05
8.337086498e-05
8.240278853e-05
9.511471825e-05
9.064500564e-05
9.30065287e-05
9.191182458e-05
9.419105492e-05
8.98668823e-05
8.574976959e-05
9.100673039e-05
9.627193739e-05
8.898622874e-05
8.806948218e-05
9.901765159e-05
9.206781457e-05
8.802923557e-05
8.71411709e-05
8.322459654e-05
9.375982876e-05
9.263263741e-05
9.450050059e-05
9.336423445e-05
8.701926682e-05
9.403350079e-05
9.313383274e-05
9.464488884e-05
8.854446484e-05
9.262958869e-05
9.177027575e-05
9.571075199e-05
8.984574282e-05
9.124110357e-05
0.0001001974863
9.176348875e-05
9.095377523e-05
9.460920011e-05
8.909933071e-05
9.500297529e-05
9.649091446e-05
9.266888781e-05
9.807355698e-05
9.252785485e-05
9.78772269e-05
8.141809496e-05
8.672029354e-05
9.190881504e-05
7.554200133e-05
0.0001075712835
8.584532152e-05
8.551319875e-05
9.591628833e-05
9.017969194e-05
0.0001004375593
0.0001104431002
0.0001047632554
8.854318595e-05
8.814425341e-05
8.244356322e-05
8.715796829e-05
9.16644483e-05
0.0001012900699
8.547689342e-05
7.497079133e-05
9.919744772e-05
8.377597573e-05
8.310167293e-05
8.738557918e-05
9.146298107e-05
8.601715237e-05
8.999909316e-05
8.460594772e-05
8.84941026e-05
9.701885005e-05
0.0001006849664
9.075904067e-05
8.988344774e-05
8.018478491e-05
8.821356729e-05
8.304063631e-05
9.518151602e-05
8.571638495e-05
0.0001018017363
7.141334284e-05
8.729447568e-05
9.054605938e-05
8.551440245e-05
8.867990166e-05
9.570431359e-05
9.077032359e-05
9.368936036e-05
9.270961981e-05
9.169055168e-05
9.450448276e-05
8.971364109e-05
9.246145053e-05
8.77622757e-05
9.406481511e-05
9.299294166e-05
8.846398759e-05
9.793988811e-05
9.343642049e-05
9.235251581e-05
9.813922739e-05
0.0001003369342
8.603768111e-05
0.0001079173613
9.060122163e-05
7.993732993e-05
9.175619023e-05
9.691891539e-05
8.662982618e-05
9.476775002e-05
9.379142682e-05
9.266944437e-05
9.172418047e-05
9.062437763e-05
9.549782384e-05
0.0001029282819
9.624096446e-05
9.508406796e-05
9.414829774e-05
9.028048959e-05
9.482250523e-05
9.368281094e-05
9.543745496e-05
9.429155828e-05
9.080836282e-05
9.228329612e-05
9.142713981e-05
9.284303138e-05
8.950922858e-05
9.335537643e-05
8.764808248e-05
9.382395209e-05
8.822707398e-05
9.425218355e-05
9.577082515e-05
9.002656021e-05
9.612578617e-05
8.141302569e-05
0.0001030744255
9.754726041e-05
8.121192242e-05
9.18755499e-05
0.0001025359634
0.0001130452153
0.0001074523091
9.104248884e-05
9.616097098e-05
9.578987115e-05
9.550526547e-05
7.923022503e-05
8.421773965e-05
9.949914664e-05
9.388569201e-05
6.742227439e-05
9.293366746e-05
8.209535389e-05
8.168491318e-05
8.62080345e-05
9.077825562e-05
9.012634984e-05
8.461190039e-05
9.384541643e-05
0.0001030578788
9.249393355e-05
9.669378279e-05
0.0001054686405
9.518182866e-05
9.434822916e-05
0.0001029847525
8.349546577e-05
9.202358302e-05
9.116163133e-05
9.491218799e-05
7.161769242e-05
9.317340587e-05
0.0001010402074
7.835615081e-05
8.618490038e-05
8.964515012e-05
9.717467108e-05
8.786851555e-05
9.523276578e-05
9.019090071e-05
9.32928575e-05
8.833395142e-05
9.136036838e-05
9.041807375e-05
9.332730532e-05
9.235166049e-05
9.133795591e-05
9.037570323e-05
9.309401081e-05
9.2107801e-05
9.107064951e-05
9.370657867e-05
9.62030802e-05
8.812842877e-05
9.06003222e-05
9.653083706e-05
9.200453676e-05
9.439822283e-05
8.99640434e-05
9.230803266e-05
0.0001009971766
8.059099676e-05
8.282416617e-05
9.141335726e-05
8.721321681e-05
9.863632167e-05
9.136929359e-05
8.741370252e-05
9.232488834e-05
8.843525999e-05
0.0001019377615
8.649365081e-05
9.400061967e-05
9.306346259e-05
9.19448807e-05
8.552235365e-05
9.81221016e-05
9.177117096e-05
9.066802061e-05
9.508276662e-05
9.394085603e-05
8.788567143e-05
9.193958312e-05
9.361674255e-05
8.999671062e-05
9.165231535e-05
8.811123507e-05
9.217148438e-05
8.867879514e-05
9.027196885e-05
9.389785133e-05
9.54108879e-05
8.968701731e-05
9.348332961e-05
9.727491776e-05
0.0001026306181
9.173152307e-05
9.164419123e-05
8.609946582e-05
0.000107468839
9.112016978e-05
0.0001069914607
9.065275232e-05
0.0001010689239
7.94840964e-05
8.981454188e-05
8.941209891e-05
8.385955493e-05
9.907719302e-05
9.868162431e-05
9.812400938e-05
8.740027155e-05
8.685945318e-05
8.642556248e-05
8.584713726e-05
9.039864989e-05
8.476474642e-05
8.921632022e-05
9.345650786e-05
8.308251961e-05
9.211269564e-05
9.148099217e-05
0.00010026197
9.005264589e-05
8.45673574e-05
8.85794459e-05
9.239686322e-05
8.24861682e-05
8.625473393e-05
8.552757571e-05
9.362186062e-05
9.721998901e-05
8.75113387e-05
9.538799178e-05
9.872045077e-05
9.354286631e-05
0.0001010007409
8.335550768e-05
9.898459181e-05
9.392208627e-05
9.292992962e-05
8.799068989e-05
8.705003997e-05
9.006854728e-05
8.909436952e-05
9.199645477e-05
9.47792308e-05
9.378101217e-05
8.90294784e-05
9.175684646e-05
9.798289966e-05
8.97606351e-05
9.228973355e-05
9.481903847e-05
9.025905304e-05
0.0001099056033
9.844873837e-05
9.740272249e-05
9.294691744e-05
9.853146889e-05
9.088282654e-05
9.634836755e-05
9.838424965e-05
8.793262571e-05
9.61987503e-05
9.212800401e-05
8.496170123e-05
9.910180089e-05
9.198288502e-05
9.398147172e-05
9.575703414e-05
8.617348605e-05
7.662510477e-05
9.552881519e-05
8.327710718e-05
9.34517097e-05
8.689697974e-05
8.874241885e-05
8.501871574e-05
9.209929642e-05
9.359275287e-05
9.271052184e-05
9.414282154e-05
9.326930075e-05
9.46433983e-05
9.624734849e-05
0.0001024134982
9.424465536e-05
9.789870871e-05
9.703500702e-05
8.65302103e-05
9.505364605e-05
9.851413124e-05
9.540375736e-05
0.0001022388022
0.0001129475231
9.133847531e-05
9.125159646e-05
8.57310067e-05
0.0001016586004
9.073090084e-05
0.000101207821
9.557612298e-05
0.0001006383017
8.969902408e-05
8.94329369e-05
9.950767381e-05
9.916147986e-05
9.865880311e-05
8.792152049e-05
0.000113139369
9.215255702e-05
9.158364619e-05
9.618912749e-05
8.548924911e-05
0.000115028374
8.93785811e-05
9.378258384e-05
8.327388206e-05
0.0001022083327
0.00010139086
0.0001006960948
9.985269751e-05
8.496527845e-05
8.422411762e-05
9.286362987e-05
9.20240202e-05
9.128201303e-05
9.04302281e-05
9.41518268e-05
8.880809692e-05
8.802986479e-05
7.844796034e-05
9.069171541e-05
8.550552834e-05
9.317468709e-05
8.383745954e-05
7.887782395e-05
8.627403069e-05
8.542120055e-05
9.659458906e-05
9.561827544e-05
9.065607673e-05
9.362265675e-05
9.261152564e-05
9.164397097e-05
9.44175393e-05
8.968647829e-05
8.869129529e-05
9.140855622e-05
8.676650872e-05
0.0001001519398
8.840586798e-05
9.796067749e-05
8.300339557e-05
8.896335965e-05
8.455221002e-05
9.034628274e-05
0.0001025218638
9.161995008e-05
8.407743335e-05
0.0001023895696
0.0001011812501
0.0001032505365
9.584266633e-05
9.484656634e-05
9.371713283e-05
8.975960355e-05
8.868716724e-05
9.363457931e-05
9.251291632e-05
9.157939498e-05
9.330775494e-05
8.677873603e-05
9.40329359e-05
9.584571592e-05
9.198773547e-05
8.841524913e-05
8.735219002e-05
9.438124069e-05
9.324722002e-05
9.236817402e-05
9.125978135e-05
9.04129573e-05
9.181149266e-05
8.851464264e-05
8.74571983e-05
9.389487671e-05
9.039778884e-05
8.960030831e-05
8.853726374e-05
8.546013581e-05
9.129800786e-05
9.278377633e-05
8.037022439e-05
8.568789127e-05
9.094878142e-05
9.620719519e-05
8.003033226e-05
7.991488849e-05
9.565935214e-05
9.016929374e-05
8.988320468e-05
9.493705275e-05
9.982746908e-05
9.429306452e-05
8.344231794e-05
0.0001039403109
0.0001034146652
0.000108152578
9.730199462e-05
9.686506654e-05
8.613491306e-05
8.066387125e-05
9.51501364e-05
7.470740315e-05
7.9119405e-05
0.0001032267218
8.780995076e-05
9.209461993e-05
0.0001105931649
7.640762171e-05
8.997563344e-05
9.402260832e-05
8.388365284e-05
9.711322786e-05
8.248875669e-05
9.091569199e-05
9.457235552e-05
9.377619654e-05
9.287810894e-05
8.329667755e-05
7.379717175e-05
8.603247579e-05
9.368682734e-05
8.859078591e-05
7.933469938e-05
9.511145434e-05
9.412384564e-05
9.724576057e-05
9.622171787e-05
9.128084068e-05
9.030798727e-05
8.549155911e-05
9.225773736e-05
9.129417795e-05
9.029625392e-05
9.306853436e-05
8.835567168e-05
8.742038406e-05
9.004123841e-05
9.62114429e-05
9.512004553e-05
9.759327696e-05
9.647525993e-05
8.522203836e-05
9.771513239e-05
8.334240494e-05
8.566669706e-05
9.45397321e-05
9.020953318e-05
8.92590797e-05
9.135666014e-05
9.66345461e-05
8.62483176e-05
9.449679413e-05
9.337208466e-05
9.241008301e-05
9.71971609e-05
8.74595984e-05
8.065141222e-05
8.839155551e-05
9.296513876e-05
9.203809464e-05
9.093218333e-05
9.276535385e-05
9.434551552e-05
9.07598915e-05
9.494313367e-05
9.403434538e-05
9.290422912e-05
9.202834525e-05
9.850060613e-05
9.00798781e-05
9.888942854e-05
9.063767448e-05
8.955419111e-05
8.875036762e-05
9.954297541e-05
9.396653918e-05
9.285066136e-05
9.894942723e-05
9.55053982e-05
9.018332802e-05
9.60342422e-05
0.0001119872906
8.523519872e-05
9.579855411e-05
0.0001009416194
0.0001007961246
7.408656397e-05
8.450586582e-05
8.423840907e-05
9.978797279e-05
8.894280598e-05
9.911224061e-05
8.828490153e-05
9.832862322e-05
9.268345454e-05
9.231431835e-05
8.669653773e-05
9.138446766e-05
9.586858723e-05
9.037031934e-05
0.0001047311392
8.927864538e-05
9.356773627e-05
9.301180747e-05
8.25921602e-05
9.171813756e-05
8.619878658e-05
9.512119534e-05
0.0001084768663
8.427820582e-05
8.818737008e-05
0.000101328657
0.0001004160178
0.0001041351442
8.073942099e-05
0.000102299128
7.488957135e-05
9.170103637e-05
9.080264699e-05
9.854874945e-05
8.059494399e-05
9.244695552e-05
9.566333078e-05
9.062289541e-05
8.968340398e-05
8.476143822e-05
9.185789287e-05
9.093021521e-05
8.996256069e-05
9.29071261e-05
9.190664183e-05
9.473650521e-05
8.995428016e-05
9.271633974e-05
8.802257861e-05
9.797743607e-05
9.32913836e-05
9.940054886e-05
9.827422644e-05
9.028372043e-05
8.925049895e-05
9.169714602e-05
9.735241412e-05
8.967580905e-05
9.191503852e-05
9.094204981e-05
9.308649275e-05
9.845792028e-05
8.788167617e-05
0.0001024903383
8.593141168e-05
9.111250857e-05
9.002861416e-05
9.20710813e-05
9.097191076e-05
9.585305877e-05
9.183565688e-05
9.374976275e-05
9.262502948e-05
8.892248052e-05
9.334499786e-05
9.786276296e-05
8.862887184e-05
9.042773306e-05
9.459553315e-05
9.368999073e-05
9.256375221e-05
9.169100782e-05
9.56227342e-05
9.224227856e-05
9.359958803e-05
9.030443478e-05
8.681279962e-05
9.320305101e-05
9.445270568e-05
9.127905747e-05
9.250676935e-05
9.170516429e-05
9.968152316e-05
9.434082519e-05
8.500238826e-05
9.027264799e-05
9.017928496e-05
0.0001059926331
9.522485003e-05
8.980505134e-05
0.0001001219498
8.940889097e-05
8.388387047e-05
9.413827029e-05
8.335949025e-05
9.350188252e-05
8.791545833e-05
9.791741934e-05
9.229696088e-05
8.68224562e-05
0.0001015722505
9.100520455e-05
9.547204995e-05
9.999655037e-05
9.933325587e-05
9.879050275e-05
9.318434691e-05
8.775582722e-05
9.193258177e-05
7.692187013e-05
0.0001001574682
8.526240773e-05
9.864468541e-05
9.326535526e-05
7.858808616e-05
9.174811109e-05
9.092332929e-05
8.56822101e-05
9.382261051e-05
9.303385657e-05
8.775817254e-05
7.829158829e-05
8.613989663e-05
8.535929773e-05
9.29569498e-05
9.208733606e-05
9.114964698e-05
9.027235018e-05
8.933798489e-05
9.247682743e-05
9.150602266e-05
9.452063276e-05
9.351627813e-05
9.255344661e-05
9.155820842e-05
9.437764781e-05
8.961488689e-05
8.867212864e-05
9.49996532e-05
9.037937135e-05
8.93677964e-05
8.841880857e-05
8.741802668e-05
9.686668194e-05
8.891930436e-05
8.458984489e-05
8.695868436e-05
9.596238575e-05
8.83055747e-05
9.707876536e-05
8.634806594e-05
9.176719678e-05
9.694065846e-05
8.664253952e-05
8.867456988e-05
9.380493231e-05
8.67095837e-05
8.877537843e-05
8.771597396e-05
8.103296133e-05
9.436012999e-05
9.340780198e-05
9.228739968e-05
9.413567348e-05
9.300478977e-05
9.208900636e-05
9.098170602e-05
9.539787916e-05
9.163240001e-05
9.334814894e-05
9.222576176e-05
9.135613443e-05
9.025872116e-05
9.190494564e-05
9.080262403e-05
9.24053564e-05
8.889676347e-05
9.047989727e-05
8.939989661e-05
8.627947336e-05
8.986127991e-05
9.59352075e-05
9.705542146e-05
8.504016232e-05
8.464405255e-05
0.0001004677001
8.979939906e-05
7.915966539e-05
9.48241975e-05
9.994816026e-05
0.0001049488538
9.950800569e-05
9.919461063e-05
8.853590419e-05
9.338742217e-05
9.311124963e-05
8.754909425e-05
8.211338137e-05
8.170104642e-05
9.663420371e-05
9.609447552e-05
0.0001057339225
8.507048693e-05
8.464729224e-05
8.903334394e-05
8.854726765e-05
8.303523534e-05
9.710904996e-05
8.674042187e-05
0.0001005505778
9.50028372e-05
8.963623238e-05
7.9534487e-05
9.753584877e-05
8.748294136e-05
0.0001005204237
0.0001041465994
0.0001033092839
8.010186707e-05
8.384164067e-05
9.615506209e-05
7.798471296e-05
9.009391269e-05
9.778064045e-05
8.838733825e-05
9.173050361e-05
8.66707926e-05
9.809946158e-05
9.304045348e-05
9.21224359e-05
9.115683792e-05
9.416033065e-05
9.316129549e-05
9.220244968e-05
9.121240697e-05
9.402149883e-05
9.671788212e-05
9.938147817e-05
9.100403174e-05
9.724475584e-05
9.615762607e-05
8.456601312e-05
8.709363385e-05
9.650742658e-05
9.199788789e-05
9.439052276e-05
8.330603146e-05
9.89057927e-05
8.798119165e-05
8.060188169e-05
9.240445302e-05
9.773666913e-05
9.658635578e-05
8.632591112e-05
8.835112597e-05
9.346278667e-05
8.937292102e-05
9.434888793e-05
9.031018423e-05
9.227224518e-05
9.116824141e-05
9.588857915e-05
9.75250843e-05
9.103507535e-05
9.266705253e-05
9.445317988e-05
9.331744791e-05
9.505128374e-05
9.129935918e-05
9.300879261e-05
9.189023063e-05
9.102369819e-05
9.242794978e-05
9.404493778e-05
9.047124358e-05
9.449094223e-05
9.575314173e-05
8.777666121e-05
9.61041551e-05
9.293319174e-05
8.723524264e-05
8.875527481e-05
9.66974689e-05
9.810456346e-05
0.0001000928614
8.951485145e-05
9.468285916e-05
9.459319729e-05
9.96728413e-05
8.90527158e-05
9.928439039e-05
9.90919361e-05
9.358163045e-05
9.853908492e-05
8.783208796e-05
8.757254118e-05
8.718577094e-05
9.199444144e-05
8.644836575e-05
0.0001063648591
8.562506483e-05
8.022759528e-05
9.468873572e-05
8.925922971e-05
9.359584902e-05
7.838760362e-05
8.756234249e-05
0.000106386337
9.118910515e-05
9.060693539e-05
8.988967303e-05
7.987868082e-05
9.785545238e-05
0.0001017722228
0.0001008930773
8.191728236e-05
9.471425008e-05
9.842727923e-05
6.205643971e-05
9.230317715e-05
7.836471621e-05
9.494250813e-05
8.974367827e-05
9.316622998e-05
8.385305157e-05
9.552989979e-05
9.867163924e-05
9.365112096e-05
9.268484386e-05
8.77807176e-05
9.475858227e-05
8.989431644e-05
9.280899765e-05
9.185410492e-05
9.086920778e-05
9.741474881e-05
8.894372592e-05
8.800854708e-05
9.066479131e-05
8.970602749e-05
9.580070157e-05
8.776282786e-05
8.677163965e-05
9.271686809e-05
9.505379147e-05
9.404299724e-05
9.628023827e-05
9.197331312e-05
0.0001006457287
8.994380225e-05
9.524189734e-05
8.795612155e-05
9.31302905e-05
8.601158848e-05
8.803003304e-05
9.312312784e-05
8.6080355e-05
9.106883703e-05
0.000101593617
9.193783334e-05
9.935423567e-05
8.711123084e-05
9.439581845e-05
9.070557612e-05
8.146919941e-05
9.411134551e-05
9.563628308e-05
9.470719768e-05
9.096873049e-05
9.267189472e-05
9.155713207e-05
9.321294126e-05
8.96034602e-05
9.37035097e-05
9.501482836e-05
9.656135958e-05
9.540423566e-05
8.982052095e-05
9.575311045e-05
9.490861905e-05
8.691569901e-05
9.523258224e-05
9.186111689e-05
8.441547743e-05
8.918239202e-05
6.81664209e-05
9.952551925e-05
8.896489488e-05
8.880887112e-05
8.346471086e-05
8.846338647e-05
9.867933142e-05
8.283793737e-05
9.812970693e-05
8.232281204e-05
9.746967768e-05
7.66106918e-05
8.652479936e-05
7.596381772e-05
8.575053041e-05
8.025766445e-05
9.987341238e-05
8.933862223e-05
9.383351942e-05
0.0001079333653
9.270709642e-05
9.689768519e-05
0.0001059562251
9.560195596e-05
9.499209895e-05
0.0001083778877
9.359894111e-05
0.0001021067697
8.754446979e-05
9.135755497e-05
9.972498184e-05
9.434109058e-05
8.912732142e-05
0.0001015504984
9.194212461e-05
8.239614417e-05
9.887204633e-05
8.939615634e-05
0.0001012428652
8.770670084e-05
7.861256141e-05
9.829385919e-05
9.734923581e-05
8.831750997e-05
9.142173951e-05
8.65330809e-05
8.955424199e-05
9.245935426e-05
9.150838237e-05
9.052858157e-05
8.958451618e-05
8.861190131e-05
9.133381966e-05
9.755431635e-05
8.9373104e-05
9.191136449e-05
8.743847407e-05
9.336817898e-05
9.579685136e-05
9.132262584e-05
9.369802137e-05
9.592807523e-05
9.818253243e-05
9.380911727e-05
8.641533727e-05
8.856915116e-05
9.076617213e-05
8.969930463e-05
9.794233887e-05
8.771126554e-05
9.278592883e-05
9.759938086e-05
8.19583366e-05
9.255020897e-05
9.446851909e-05
9.051045682e-05
9.519662645e-05
9.128911896e-05
9.311719454e-05
8.929303422e-05
9.109277714e-05
8.470347626e-05
8.912306084e-05
9.323021603e-05
9.233742865e-05
9.376050751e-05
9.287619902e-05
9.423935043e-05
8.845062797e-05
8.981568627e-05
9.140091187e-05
8.792852333e-05
8.713930722e-05
9.540462103e-05
9.225682789e-05
9.343521055e-05
9.488511502e-05
8.706017781e-05
9.074655587e-05
7.313857796e-05
8.87696717e-05
8.346231079e-05
0.0001042292634
8.323752569e-05
9.87026315e-05
9.327858422e-05
0.0001034422616
8.765100683e-05
8.229365588e-05
8.710689386e-05
7.152342743e-05
0.0001017271723
9.1237671e-05
0.000100869657
0.0001004695054
8.492534289e-05
0.0001044389714
9.391817052e-05
8.853355842e-05
7.32928367e-05
0.0001069107068
9.650705389e-05
0.0001055295771
9.521848142e-05
9.934212761e-05
8.447903959e-05
8.390336406e-05
9.245595052e-05
9.178686231e-05
8.189729929e-05
9.481687397e-05
9.397085991e-05
7.102244563e-05
9.675623736e-05
9.594502307e-05
0.0001036755493
8.992474554e-05
9.753239318e-05
8.824626209e-05
9.569127882e-05
9.0676408e-05
9.383900419e-05
8.889687547e-05
8.798251269e-05
9.107537337e-05
9.404357475e-05
8.921673088e-05
9.211233544e-05
9.496380473e-05
9.3948437e-05
8.925023918e-05
9.19609827e-05
9.099460795e-05
9.359359559e-05
9.616605391e-05
8.805068807e-05
0.0001010551504
9.302552083e-05
9.885424018e-05
9.435865032e-05
9.335556718e-05
9.228266939e-05
9.456402605e-05
8.379914186e-05
8.610144792e-05
8.509648605e-05
9.355586149e-05
0.000101702613
9.453866338e-05
8.136757083e-05
8.946886743e-05
9.43009024e-05
8.749617004e-05
9.509902719e-05
9.412861132e-05
8.736682648e-05
9.764421634e-05
8.82047426e-05
9.278258138e-05
9.436452911e-05
8.542632795e-05
9.231154415e-05
9.402644541e-05
9.03146054e-05
9.200536817e-05
9.089812764e-05
9.004074914e-05
8.895764481e-05
9.302803721e-05
9.432883347e-05
9.107093208e-05
9.234614652e-05
9.621047654e-05
9.505865903e-05
8.732620826e-05
8.855420426e-05
9.003826108e-05
9.119094133e-05
9.262094563e-05
9.884799959e-05
8.840171506e-05
8.831133095e-05
8.822791812e-05
9.325474377e-05
0.0001034677107
8.257178959e-05
8.756283508e-05
7.702033105e-05
7.683242475e-05
0.0001071602442
9.666864477e-05
9.624469197e-05
9.086393569e-05
9.543473674e-05
8.505049783e-05
8.955503262e-05
9.410821338e-05
9.353757193e-05
8.817512961e-05
9.246305382e-05
8.711988171e-05
9.61195595e-05
9.555122844e-05
9.957997448e-05
8.009893242e-05
0.0001028418013
9.285593979e-05
9.209047742e-05
9.599576121e-05
8.610731432e-05
9.444466519e-05
9.360352374e-05
8.400994334e-05
8.761832892e-05
8.688421669e-05
9.466863974e-05
9.384331872e-05
8.870912486e-05
8.790763607e-05
9.532565322e-05
9.033040575e-05
9.348245684e-05
9.66103978e-05
9.561823326e-05
9.467647498e-05
9.369010214e-05
9.274617832e-05
9.176791175e-05
9.082468638e-05
9.359888878e-05
8.891844755e-05
9.162044245e-05
8.70315903e-05
9.324856052e-05
8.516603118e-05
8.772745486e-05
9.026878243e-05
8.58197857e-05
8.830404463e-05
9.40148786e-05
8.637163519e-05
0.0001017991059
9.422078077e-05
8.349577045e-05
9.21446329e-05
9.421026635e-05
9.011086753e-05
7.984069123e-05
8.81208562e-05
9.008338605e-05
9.806195278e-05
9.689875415e-05
9.2994248e-05
8.901519732e-05
9.094898505e-05
9.267028666e-05
9.173474791e-05
9.063551089e-05
8.701210772e-05
9.671323928e-05
9.310052849e-05
9.460907462e-05
9.368972604e-05
9.2562231e-05
9.167568743e-05
9.308806378e-05
8.971780018e-05
9.602473357e-05
9.269393977e-05
9.157954912e-05
9.551929088e-05
9.673192388e-05
9.118742023e-05
9.24050703e-05
8.701072609e-05
9.502053624e-05
9.644053528e-05
9.085950718e-05
9.22844674e-05
8.807780378e-05
8.803679624e-05
9.829369248e-05
9.303245961e-05
9.802993474e-05
9.273731018e-05
8.223210017e-05
0.0001077210245
0.0001022722077
0.0001071240182
0.0001016395023
7.600503588e-05
7.567247708e-05
8.043844422e-05
9.004403775e-05
8.968738256e-05
9.910231108e-05
9.372713549e-05
0.0001029663662
8.294072512e-05
9.693844673e-05
0.0001012318963
8.137488974e-05
9.516955141e-05
0.0001039067567
8.91665505e-05
8.38102026e-05
8.323996066e-05
9.172788232e-05
9.561830879e-05
9.028435874e-05
9.855514663e-05
9.323904825e-05
9.249206024e-05
8.727908948e-05
8.222088766e-05
9.430418713e-05
8.498414219e-05
9.257762796e-05
0.0001000818273
9.083399314e-05
8.589671427e-05
9.31286087e-05
9.62451685e-05
9.525827432e-05
9.039045546e-05
9.333927671e-05
9.239925246e-05
9.142605418e-05
9.802720985e-05
8.952185473e-05
9.96627529e-05
9.493371161e-05
9.032368774e-05
9.647937007e-05
8.838899711e-05
8.740658613e-05
8.64796399e-05
8.550712481e-05
9.475039382e-05
9.367360268e-05
9.267811406e-05
8.507099189e-05
8.740553427e-05
9.919354682e-05
8.54804608e-05
8.761324865e-05
9.59789405e-05
9.485299282e-05
8.780460401e-05
9.873675756e-05
9.474975621e-05
8.484890254e-05
8.107893875e-05
9.441963486e-05
9.34560815e-05
8.954138673e-05
9.417722168e-05
8.757547064e-05
9.212051811e-05
8.833760676e-05
9.276839752e-05
9.165290348e-05
9.076220391e-05
8.966982034e-05
9.134836092e-05
9.024854209e-05
9.436366844e-05
9.077443533e-05
8.750106329e-05
9.125132256e-05
8.803864624e-05
9.168283123e-05
8.853018553e-05
8.977058822e-05
8.897902875e-05
8.791482251e-05
9.385776195e-05
9.053047351e-05
9.195042508e-05
8.771566319e-05
9.283222352e-05
7.728144621e-05
0.000102944766
8.735104262e-05
9.748776358e-05
8.70136438e-05
9.195414662e-05
0.0001018540876
8.636505878e-05
9.616378539e-05
9.083431967e-05
8.541346798e-05
9.513255243e-05
0.0001046257336
7.93993433e-05
0.0001036374003
9.334913139e-05
8.790210426e-05
9.718545407e-05
9.65504934e-05
8.64233079e-05
8.105075682e-05
8.53118203e-05
9.879061125e-05
0.0001028367786
0.0001020307932
9.212464166e-05
9.593653794e-05
9.070839335e-05
8.093898716e-05
8.478428457e-05
9.287740016e-05
0.0001052957965
9.128959017e-05
9.483647399e-05
9.394252988e-05
9.312455724e-05
9.641662741e-05
8.723812109e-05
9.460272053e-05
9.3721093e-05
9.681123048e-05
9.588269024e-05
9.490101537e-05
9.005184515e-05
8.911644096e-05
9.205491233e-05
9.108673415e-05
9.76637252e-05
8.919123645e-05
8.826221038e-05
9.094687266e-05
8.639224715e-05
9.25660664e-05
8.806575996e-05
9.405510053e-05
8.961127194e-05
9.54203419e-05
0.0001011499679
9.000140992e-05
9.234306123e-05
9.128464765e-05
9.031613548e-05
8.608386103e-05
8.832788141e-05
9.041701126e-05
9.254995584e-05
9.45137593e-05
9.352444908e-05
0.0001013656677
9.146120411e-05
8.746192253e-05
9.521676788e-05
9.123254879e-05
9.594532902e-05
8.922295833e-05
8.832212187e-05
8.726418972e-05
9.449281168e-05
9.069104192e-05
9.243862785e-05
9.132709516e-05
8.527151494e-05
9.190374997e-05
9.355179029e-05
8.992721852e-05
9.155321386e-05
8.800619017e-05
9.445481096e-05
9.810376461e-05
8.772421063e-05
8.901230513e-05
8.589196906e-05
8.944855996e-05
9.54798723e-05
9.209081649e-05
9.352023692e-05
9.46040004e-05
9.16187923e-05
9.76337223e-05
9.245215356e-05
9.748927635e-05
8.714506591e-05
9.722862545e-05
0.0001021993961
0.0001070488617
0.0001068422501
8.115149798e-05
0.0001163712856
9.073254479e-05
0.0001005173489
7.505966374e-05
8.976087786e-05
9.427937996e-05
9.390651662e-05
9.339020352e-05
9.297416405e-05
0.0001021418582
8.227721147e-05
7.212422469e-05
8.129700475e-05
9.022674828e-05
7.553221795e-05
9.840060403e-05
8.846339605e-05
9.701051854e-05
9.176329523e-05
0.0001092134295
9.487223927e-05
9.854107295e-05
8.890035075e-05
0.0001013298369
9.177834792e-05
0.000103930117
9.017841793e-05
9.783743759e-05
0.0001012028614
8.769815201e-05
9.104561024e-05
9.014772665e-05
9.742697775e-05
9.644753561e-05
9.552293207e-05
9.060699173e-05
9.361644761e-05
8.878522226e-05
9.171312915e-05
9.074992353e-05
8.981808571e-05
8.886305124e-05
9.526585338e-05
0.0001051119942
9.32490923e-05
8.86813001e-05
9.476446861e-05
0.0001006553334
9.615425679e-05
8.488858816e-05
9.406536498e-05
8.303431276e-05
9.201042226e-05
9.420520908e-05
9.641982899e-05
8.895243956e-05
9.429818555e-05
8.698736153e-05
9.52934251e-05
8.810101176e-05
0.0001022096991
9.209291979e-05
9.701564862e-05
9.877151851e-05
8.625330348e-05
9.374988089e-05
9.560500561e-05
9.168512379e-05
8.800909332e-05
9.510715573e-05
9.415806687e-05
9.30278083e-05
9.47429428e-05
9.1003595e-05
9.269388411e-05
9.15780103e-05
9.322013353e-05
9.458640687e-05
8.876270516e-05
9.01294772e-05
9.894583121e-05
9.060187752e-05
9.686196044e-05
9.803120608e-05
9.021194799e-05
9.369954326e-05
9.513863189e-05
8.95226744e-05
8.874774359e-05
8.987950404e-05
8.694242199e-05
9.723556573e-05
9.207518305e-05
9.709198556e-05
0.0001021058798
6.625406437e-05
9.66943309e-05
9.646014607e-05
0.0001013411597
0.0001060794218
8.062579638e-05
9.036554913e-05
9.51054389e-05
8.970835691e-05
8.443250164e-05
9.884258159e-05
9.845196531e-05
9.301625419e-05
9.260219701e-05
0.0001114235395
8.194941979e-05
0.0001005730199
9.526420529e-05
9.933021776e-05
7.993620904e-05
8.401171204e-05
9.739132556e-05
9.663100005e-05
0.0001005452496
9.518988057e-05
9.000338427e-05
9.815969227e-05
9.298460084e-05
0.0001009398323
9.57792067e-05
9.490464691e-05
8.983376544e-05
9.322747379e-05
9.66174824e-05
8.736626236e-05
9.482432029e-05
9.389067049e-05
8.088400473e-05
9.608656314e-05
8.723537485e-05
9.419447685e-05
9.326836038e-05
8.845645651e-05
9.518111932e-05
9.041559458e-05
9.321613766e-05
8.853727233e-05
8.761558858e-05
9.389445978e-05
9.648250748e-05
9.896222017e-05
9.092337967e-05
9.683285951e-05
9.238493494e-05
9.47325831e-05
9.372655165e-05
0.0001025928181
8.840587932e-05
9.710486432e-05
8.966986585e-05
9.180054477e-05
9.709383199e-05
9.286902795e-05
8.882824089e-05
9.384251999e-05
8.986481597e-05
9.472674212e-05
9.081292624e-05
8.684295519e-05
9.454289285e-05
8.492595857e-05
9.526708796e-05
9.136137444e-05
9.866056025e-05
8.935597643e-05
9.114495151e-05
9.005096666e-05
8.916361317e-05
9.068237856e-05
9.236662462e-05
9.125457154e-05
9.038025733e-05
9.177170346e-05
9.336266769e-05
9.223773155e-05
9.138120745e-05
9.740802586e-05
8.945613869e-05
8.6053969e-05
9.21963199e-05
8.425695522e-05
9.705696056e-05
9.143302371e-05
9.064164573e-05
9.392617676e-05
9.312842926e-05
8.664689146e-05
8.151224375e-05
0.0001017872839
9.152238865e-05
8.628869839e-05
0.0001013709875
7.584453631e-05
9.588458337e-05
0.0001056509914
0.0001003753805
8.500142646e-05
8.475171507e-05
8.438425555e-05
7.914690235e-05
9.352455883e-05
9.315523478e-05
9.752135539e-05
9.223319441e-05
9.167993076e-05
8.162422959e-05
0.0001097158003
9.014347896e-05
9.42278449e-05
8.430557017e-05
0.0001022787912
8.777124478e-05
7.333671576e-05
9.104904016e-05
7.224449015e-05
8.965497346e-05
8.889204755e-05
0.0001014481933
9.180909505e-05
9.107556594e-05
9.884020039e-05
9.801475998e-05
8.020937429e-05
0.000100436536
9.11814884e-05
9.446730229e-05
8.133795649e-05
8.86392611e-05
9.57282826e-05
8.691049988e-05
8.993492401e-05
8.90510666e-05
9.196186079e-05
9.103712055e-05
9.008371996e-05
9.287429511e-05
8.821387336e-05
9.820779485e-05
9.355308049e-05
8.901109691e-05
8.451771132e-05
8.711007946e-05
8.959209453e-05
9.205210917e-05
9.439240821e-05
9.005480708e-05
9.233292115e-05
8.482711927e-05
9.030798184e-05
8.935018703e-05
9.147411525e-05
9.986960216e-05
9.253966429e-05
9.461763263e-05
9.954339615e-05
8.656197358e-05
9.439220482e-05
8.465401355e-05
8.942130343e-05
9.135468569e-05
9.026866583e-05
9.213944622e-05
9.103990343e-05
9.012057235e-05
8.904171786e-05
9.616694633e-05
9.23735495e-05
9.146323745e-05
9.036342175e-05
9.20416678e-05
9.598526548e-05
9.256382503e-05
8.897683132e-05
9.303370349e-05
9.191236582e-05
9.585138267e-05
8.996161148e-05
9.148581765e-05
9.270193134e-05
9.186989289e-05
9.984185527e-05
8.771602969e-05
9.332977621e-05
9.472497828e-05
9.359089431e-05
9.495419299e-05
8.629639856e-05
7.610865827e-05
9.630703972e-05
8.608847187e-05
7.582967883e-05
8.581752921e-05
8.561065189e-05
9.047198299e-05
7.516143404e-05
8.997460866e-05
8.96403929e-05
9.434264258e-05
8.899059663e-05
0.0001034649937
9.315166265e-05
9.278408376e-05
9.71339666e-05
9.186712095e-05
8.651105213e-05
9.086650532e-05
8.552631876e-05
8.978877646e-05
9.855132239e-05
8.86407082e-05
0.0001018797395
8.742921494e-05
9.588080227e-05
8.61612628e-05
8.096121914e-05
8.93092497e-05
9.297818648e-05
9.227136767e-05
8.71032703e-05
8.640780539e-05
9.41837026e-05
9.339765166e-05
9.672882192e-05
9.588863782e-05
9.496805427e-05
9.820483053e-05
8.913755229e-05
9.63366573e-05
9.1398803e-05
9.445967529e-05
9.349838095e-05
8.872239862e-05
9.162383553e-05
9.070283962e-05
9.349403413e-05
9.623634863e-05
9.52172307e-05
9.060247122e-05
9.321417456e-05
9.578399954e-05
9.473948705e-05
9.026795647e-05
9.61372363e-05
9.172167286e-05
8.73364771e-05
9.637963038e-05
9.20037257e-05
9.427768509e-05
8.998705427e-05
8.903277946e-05
9.429310239e-05
9.329609754e-05
0.0001014338914
9.124192073e-05
9.017491719e-05
9.815428079e-05
9.69993978e-05
9.017377368e-05
8.910711005e-05
9.387848918e-05
9.276287794e-05
9.181606365e-05
9.621891024e-05
9.79685783e-05
9.679599489e-05
9.050597258e-05
8.941986306e-05
9.114266554e-05
9.261946369e-05
9.171898943e-05
9.313156939e-05
9.223912414e-05
9.359028862e-05
9.026739017e-05
9.640977628e-05
8.835082627e-05
0.0001014402363
9.350120255e-05
9.237486907e-05
9.15457692e-05
9.270544056e-05
9.861174224e-05
9.078456134e-05
9.438916514e-05
9.976436891e-05
8.816546542e-05
9.606034504e-05
0.0001010694374
0.0001009676917
8.574194459e-05
8.055972611e-05
0.0001005559008
9.028264741e-05
8.009678029e-05
7.985099374e-05
9.459285552e-05
9.42422818e-05
0.0001088025222
9.848445161e-05
0.0001030529857
9.766497709e-05
9.241587851e-05
9.674964332e-05
8.187194801e-05
9.574460131e-05
9.527238907e-05
0.0001041220305
8.472965156e-05
9.816643758e-05
9.294202365e-05
9.225799045e-05
8.708984042e-05
9.096195679e-05
7.679394552e-05
8.513034568e-05
9.786280024e-05
9.70330595e-05
9.629592607e-05
0.0001041262184
9.468743965e-05
8.956244412e-05
0.0001015033548
9.217506955e-05
9.552832363e-05
9.461268663e-05
9.376127115e-05
8.880583979e-05
8.398129257e-05
9.501967778e-05
8.626795551e-05
8.927275287e-05
9.223945858e-05
9.509196474e-05
9.037100462e-05
8.942722644e-05
8.85101538e-05
9.122303299e-05
8.666322746e-05
8.93054954e-05
8.83690043e-05
8.740649423e-05
0.0001003219036
8.55296064e-05
9.477854854e-05
9.037221624e-05
8.610141388e-05
8.840269538e-05
9.394290104e-05
9.607328527e-05
9.505459181e-05
9.082817145e-05
8.676899876e-05
9.188789623e-05
9.395135771e-05
8.98580801e-05
9.484552295e-05
8.494296586e-05
8.98575594e-05
9.165947546e-05
8.504525176e-05
9.80408112e-05
9.704009117e-05
9.862221917e-05
8.949069677e-05
9.109917318e-05
9.284247319e-05
9.172842916e-05
9.082433295e-05
9.229596923e-05
9.139856565e-05
9.029781955e-05
8.943245834e-05
9.32628953e-05
8.995155788e-05
9.126847244e-05
9.755928674e-05
9.168112941e-05
8.851446019e-05
9.435135917e-05
9.122392453e-05
9.237874399e-05
9.603099699e-05
9.708306729e-05
9.186838217e-05
9.508856325e-05
9.856691099e-05
8.56038511e-05
9.059754933e-05
9.553468398e-05
9.544504241e-05
9.026670035e-05
0.0001051609158
9.491727896e-05
0.0001047067882
9.941544328e-05
7.933940818e-05
9.386715913e-05
8.866609103e-05
8.828423084e-05
8.30929611e-05
8.755078779e-05
9.205058408e-05
8.673151438e-05
9.594065585e-05
0.0001001372243
9.489877857e-05
8.01434859e-05
8.90876803e-05
8.381532631e-05
8.332278069e-05
9.190082297e-05
0.0001004509468
8.608100473e-05
8.999826516e-05
9.373089806e-05
8.419445297e-05
8.787567313e-05
0.0001002898493
0.0001037315274
8.14659782e-05
9.772243037e-05
8.848110331e-05
9.18295284e-05
7.448142299e-05
9.016170912e-05
9.341219841e-05
9.651991306e-05
8.765463145e-05
9.466929481e-05
8.985706181e-05
9.281249786e-05
9.190151748e-05
9.474498492e-05
9.004158879e-05
8.910255484e-05
9.921273878e-05
8.72576981e-05
9.354622117e-05
8.542493174e-05
9.157347615e-05
9.754471885e-05
8.617491818e-05
9.204255274e-05
9.444075039e-05
9.33863857e-05
9.569519334e-05
0.0001011400764
9.361048625e-05
9.892542163e-05
9.156199201e-05
7.80246625e-05
9.88157737e-05
9.156544297e-05
8.154150391e-05
8.655867963e-05
8.565283994e-05
8.756495787e-05
9.532055868e-05
9.419402989e-05
9.039840833e-05
9.21163413e-05
8.841314999e-05
9.554885714e-05
9.188144468e-05
9.612225421e-05
9.251929906e-05
9.402092875e-05
9.309416533e-05
8.686501963e-05
9.361038325e-05
8.998334491e-05
9.654767141e-05
8.80463222e-05
0.0001017511615
8.855647869e-05
9.484751343e-05
9.370315983e-05
8.820495762e-05
8.9434429e-05
8.863172656e-05
8.980911405e-05
8.901749981e-05
8.794656806e-05
9.37246316e-05
8.398537249e-05
9.394855592e-05
9.529252076e-05
9.524860622e-05
8.01289542e-05
0.0001000672851
9.989622771e-05
9.975381716e-05
0.0001044907426
9.435752736e-05
0.000103971326
8.890222445e-05
9.349501089e-05
9.812749262e-05
9.770581824e-05
9.737022473e-05
8.720583603e-05
9.651385905e-05
8.159154155e-05
9.078613077e-05
8.549631675e-05
9.925449119e-05
7.983148744e-05
9.341181266e-05
7.421380335e-05
0.0001060558832
9.154641031e-05
0.0001000640295
9.929028988e-05
8.965337584e-05
9.781945262e-05
8.387349879e-05
9.629622965e-05
9.990959061e-05
9.903399151e-05
7.688726038e-05
9.735543735e-05
9.234686347e-05
9.564504864e-05
9.069333394e-05
9.390987074e-05
9.306571522e-05
8.814976659e-05
9.527047065e-05
9.039142448e-05
8.952733513e-05
9.247331614e-05
9.538129542e-05
9.062450696e-05
9.345267269e-05
9.247940854e-05
9.153163455e-05
8.694356277e-05
9.679470689e-05
9.221203106e-05
9.124555334e-05
9.025404684e-05
8.586764377e-05
8.83186025e-05
9.410535157e-05
9.637921455e-05
0.000101932925
9.10300745e-05
9.006384959e-05
8.585789108e-05
8.809394477e-05
8.708124197e-05
9.231508356e-05
9.124524491e-05
9.329440067e-05
8.625667075e-05
8.829726652e-05
9.307735554e-05
8.059640829e-05
9.102207919e-05
9.571433783e-05
9.17964409e-05
9.361270876e-05
9.249682325e-05
9.156258191e-05
8.248487647e-05
8.956412793e-05
9.369489305e-05
9.277127229e-05
9.165571255e-05
9.076438795e-05
8.967105308e-05
8.881155942e-05
9.017769749e-05
8.932647753e-05
9.54037241e-05
9.451754685e-05
9.337668303e-05
9.252380206e-05
9.826293797e-05
9.058697679e-05
9.173221022e-05
9.31413363e-05
8.982893262e-05
9.122386466e-05
9.44192565e-05
9.361806045e-05
9.990862452e-05
8.488324385e-05
0.0001047508934
8.970236612e-05
9.452433619e-05
0.0001092933101
9.416420703e-05
9.398333317e-05
9.862830628e-05
0.0001082282926
9.802715986e-05
7.81921504e-05
8.272293532e-05
8.243900448e-05
0.0001013408571
9.132859072e-05
9.561470693e-05
9.04314319e-05
9.935723113e-05
7.532822387e-05
8.887742746e-05
8.839744803e-05
9.702961193e-05
8.268021936e-05
9.11947207e-05
9.061825591e-05
8.542293014e-05
8.484556379e-05
9.744748169e-05
8.795261296e-05
8.285035952e-05
8.654974312e-05
8.579254525e-05
9.787574907e-05
9.699119048e-05
9.200183537e-05
8.286014577e-05
9.035634067e-05
9.356236387e-05
9.675317516e-05
9.580947467e-05
9.096528767e-05
9.39762243e-05
9.307828115e-05
9.213660446e-05
9.123301001e-05
9.029622412e-05
9.311448918e-05
9.214607616e-05
9.485009389e-05
0.0001010702947
9.644776605e-05
8.834880248e-05
8.742304877e-05
0.0001003100552
0.0001026750634
9.13907073e-05
8.707430327e-05
0.0001026626262
8.846727713e-05
9.39497335e-05
8.013160735e-05
0.0001014009531
9.092057669e-05
9.607453878e-05
9.199264752e-05
9.395818775e-05
8.997034402e-05
9.188481457e-05
9.972233573e-05
8.405862689e-05
8.892208453e-05
9.921044641e-05
9.538268127e-05
8.593458775e-05
8.505734787e-05
8.675480849e-05
9.392962829e-05
9.28062214e-05
9.45047867e-05
9.077746876e-05
9.245061139e-05
9.387609556e-05
9.045058792e-05
9.432541703e-05
8.850433179e-05
9.472311367e-05
9.142305371e-05
9.269619755e-05
0.0001012541083
8.839984966e-05
8.759240071e-05
8.653490819e-05
9.252862248e-05
9.810103191e-05
9.281657838e-05
9.388142267e-05
8.874058093e-05
9.622649051e-05
9.328988209e-05
0.0001044881237
0.0001044400905
0.0001043358497
9.431073653e-05
9.91055166e-05
9.401620651e-05
8.391927823e-05
7.883123803e-05
7.859151485e-05
0.0001029016232
7.811326093e-05
0.0001070915216
0.0001017863703
8.21158711e-05
9.133091364e-05
9.097182463e-05
9.524228889e-05
8.533846785e-05
9.425883195e-05
9.848509019e-05
9.785347996e-05
9.269087079e-05
9.665649872e-05
8.693834312e-05
9.08457229e-05
9.478547461e-05
8.509765163e-05
9.342004029e-05
8.825302635e-05
8.761986934e-05
9.122639193e-05
8.622405115e-05
8.974455478e-05
9.326988784e-05
8.822708e-05
9.999204641e-05
8.668062732e-05
9.820564636e-05
9.321741937e-05
9.639694233e-05
9.5458163e-05
8.669163655e-05
9.363348062e-05
9.273922267e-05
9.180233593e-05
9.090239018e-05
8.997031108e-05
8.906759468e-05
9.181513808e-05
8.723976738e-05
8.991878029e-05
9.25439218e-05
9.507719908e-05
9.408119191e-05
9.306124558e-05
8.867000719e-05
9.444113222e-05
9.677885217e-05
8.910152471e-05
9.79516268e-05
9.684893815e-05
0.0001054033752
9.47314645e-05
8.747897802e-05
8.956327067e-05
9.77839531e-05
9.061152039e-05
8.965796845e-05
9.747395662e-05
9.937684668e-05
9.243357243e-05
9.433164223e-05
9.604307947e-05
8.666625797e-05
8.563821375e-05
9.023261297e-05
9.185934907e-05
8.825699562e-05
9.248657363e-05
9.417922596e-05
9.304955848e-05
9.213215956e-05
9.102427759e-05
9.013895022e-05
8.905292753e-05
8.819922243e-05
9.197591139e-05
8.631245645e-05
9.474460687e-05
8.917123098e-05
9.273050718e-05
8.958638861e-05
9.077357495e-05
9.670577668e-05
9.109466339e-05
8.808959741e-05
8.920294588e-05
9.705892242e-05
8.949751944e-05
9.296399655e-05
8.425157648e-05
7.430549419e-05
7.918025287e-05
7.910619138e-05
8.884335294e-05
0.0001035031199
8.358899172e-05
8.833621112e-05
9.785353593e-05
8.785510209e-05
8.753311253e-05
7.273100922e-05
8.690461436e-05
8.660674692e-05
9.576344402e-05
9.061783504e-05
8.06418466e-05
8.97302845e-05
9.389456684e-05
8.876152697e-05
9.283517542e-05
8.771782907e-05
9.628624401e-05
9.116388075e-05
9.502435541e-05
8.09353288e-05
9.816034215e-05
8.863438774e-05
8.791996598e-05
8.72896339e-05
9.521173052e-05
0.0001030809614
9.366705155e-05
8.869837488e-05
8.371375026e-05
7.886680327e-05
7.4023272e-05
8.968981181e-05
9.2875009e-05
9.604332309e-05
9.114652585e-05
9.422762529e-05
9.329322793e-05
9.240262541e-05
9.147048407e-05
9.057415798e-05
8.964674227e-05
8.874759575e-05
8.782710584e-05
9.054984217e-05
8.601458274e-05
9.930800704e-05
9.12312064e-05
9.027572655e-05
9.616725172e-05
8.835718235e-05
8.738699153e-05
8.978782319e-05
8.878941562e-05
9.435507391e-05
9.329384441e-05
9.23040236e-05
8.810838904e-05
8.717470316e-05
9.540787816e-05
8.830933622e-05
9.029794776e-05
8.339123755e-05
9.419382941e-05
9.612098611e-05
9.787219703e-05
9.400654755e-05
9.28975109e-05
8.636802043e-05
9.635599018e-05
8.447260853e-05
9.423636322e-05
9.594967303e-05
9.216912019e-05
9.124879224e-05
9.273021337e-05
9.181589405e-05
9.071181147e-05
9.232471515e-05
9.367744109e-05
9.033777089e-05
8.924759899e-05
9.557294915e-05
9.205799044e-05
9.120274796e-05
9.472103042e-05
8.927745877e-05
9.045995503e-05
9.188926128e-05
8.635094798e-05
8.339535149e-05
9.106134001e-05
8.812449044e-05
9.130930617e-05
9.474584306e-05
9.872959659e-05
9.375010518e-05
7.886899161e-05
7.879527851e-05
9.341086343e-05
9.327806232e-05
0.0001028521878
8.799001445e-05
8.772362777e-05
8.264977018e-05
0.0001017234097
8.210694302e-05
7.694793004e-05
8.147714469e-05
9.062238898e-05
0.0001045192091
0.0001039566978
8.467936317e-05
7.014982973e-05
8.376645078e-05
9.247930977e-05
8.738192338e-05
0.0001004863777
8.627556632e-05
9.015568001e-05
8.958701348e-05
9.778938645e-05
9.712983832e-05
8.758941006e-05
9.130997233e-05
7.760915905e-05
9.841696076e-05
8.907685494e-05
8.416082741e-05
0.0001000848229
9.925314417e-05
9.423723934e-05
8.936022139e-05
9.655837038e-05
8.771793137e-05
9.476321247e-05
9.388506513e-05
9.295543915e-05
9.206846268e-05
9.493856537e-05
9.024828762e-05
9.304738799e-05
9.211446661e-05
9.480675603e-05
9.383633146e-05
8.928054025e-05
9.188756995e-05
9.090888521e-05
8.64971309e-05
8.898401778e-05
9.820577514e-05
9.043006856e-05
9.278724544e-05
8.520246747e-05
9.078361629e-05
0.0001025868382
8.881125553e-05
9.721032925e-05
0.0001023854908
9.201097289e-05
0.000100142585
8.998653796e-05
9.200766916e-05
9.973656111e-05
8.99847949e-05
8.319251186e-05
0.0001022003846
9.257893881e-05
9.162484965e-05
8.779515521e-05
9.233000893e-05
9.659710747e-05
9.562125098e-05
9.447823396e-05
9.353478762e-05
9.241305274e-05
9.404350889e-05
9.291263558e-05
9.200879726e-05
9.581353756e-05
9.002847348e-05
9.374948084e-05
9.286429342e-05
0.0001011516245
9.322032397e-05
9.209321306e-05
9.581454855e-05
8.789478238e-05
9.603985259e-05
9.267240319e-05
9.404279378e-05
9.07462483e-05
8.996158455e-05
9.099241451e-05
9.231900849e-05
8.359133492e-05
8.846793314e-05
8.347017843e-05
9.810850005e-05
9.794264481e-05
0.0001026936692
8.781475485e-05
8.277726958e-05
9.223630089e-05
8.717061751e-05
9.650281286e-05
8.659896102e-05
0.0001101838641
8.116149323e-05
9.977457349e-05
8.99180567e-05
9.414224046e-05
9.372623783e-05
9.317441809e-05
9.735309752e-05
9.212616199e-05
8.246707627e-05
9.555417973e-05
9.499510601e-05
8.532384601e-05
8.924846211e-05
9.742122394e-05
0.0001055614009
9.598746347e-05
9.530023253e-05
8.591109164e-05
9.805074599e-05
0.0001014248194
8.804180178e-05
8.725139994e-05
9.476744924e-05
8.980948929e-05
8.903304446e-05
9.219767977e-05
9.534381114e-05
9.048537138e-05
9.354498666e-05
9.262008763e-05
9.173670815e-05
9.081392626e-05
9.367161844e-05
9.642374827e-05
9.545731733e-05
9.083643436e-05
8.99069319e-05
9.252339809e-05
8.451957506e-05
9.407301943e-05
9.998368834e-05
8.867207577e-05
8.773810808e-05
9.678946319e-05
8.255666809e-05
9.470294933e-05
8.723699222e-05
9.264704972e-05
8.850353218e-05
9.062445976e-05
9.893995392e-05
9.1693941e-05
9.374928751e-05
8.967726869e-05
8.577593162e-05
9.939454042e-05
9.546181296e-05
8.86255361e-05
8.487548581e-05
8.946670954e-05
9.131170372e-05
9.569816503e-05
9.201480766e-05
8.824534308e-05
9.000089901e-05
9.415615532e-05
8.80372053e-05
9.209805426e-05
9.118983257e-05
9.509845284e-05
9.417327819e-05
9.058993055e-05
9.457108608e-05
9.582499409e-05
8.542813163e-05
9.142851126e-05
8.593394575e-05
9.177783963e-05
9.775989048e-05
9.208515116e-05
9.348449661e-05
9.455258251e-05
8.500131902e-05
9.689285318e-05
8.751689552e-05
9.278649888e-05
9.199985907e-05
0.0001077548088
8.322698775e-05
7.825375332e-05
8.795331844e-05
9.268300851e-05
9.255141854e-05
8.747316985e-05
9.2156015e-05
8.704254397e-05
9.648039928e-05
9.612910492e-05
8.626377381e-05
0.0001002141825
0.0001046271834
0.0001041234212
9.900085801e-05
9.847024205e-05
8.869871495e-05
9.281847042e-05
8.774519137e-05
8.7186916e-05
0.0001049741441
9.51923062e-05
9.463574672e-05
9.842364499e-05
8.446683691e-05
9.264419486e-05
9.202021781e-05
9.128248434e-05
9.926075078e-05
8.131256138e-05
9.343997493e-05
8.420858772e-05
9.60711609e-05
9.52100893e-05
8.210423518e-05
8.541408743e-05
8.870825459e-05
8.786867576e-05
9.499786237e-05
9.407830751e-05
8.93237229e-05
9.228714707e-05
9.140733589e-05
9.425955125e-05
8.960353119e-05
8.868985094e-05
8.780124802e-05
9.051482004e-05
8.958888819e-05
9.219734862e-05
8.773121409e-05
9.027102747e-05
9.276192594e-05
8.836231321e-05
8.406905072e-05
9.312673918e-05
8.885115915e-05
9.437466905e-05
8.693474908e-05
8.914331407e-05
9.134786015e-05
9.654082919e-05
9.551813844e-05
9.137908632e-05
9.644125154e-05
8.341211009e-05
8.548219833e-05
9.031472297e-05
8.648691376e-05
9.971976718e-05
9.586410281e-05
9.473461711e-05
8.824309428e-05
8.992274585e-05
9.170175118e-05
8.794539072e-05
8.969493332e-05
8.60165764e-05
9.289910871e-05
9.178519588e-05
9.340443686e-05
9.976350382e-05
8.891358177e-05
9.272199939e-05
8.941618927e-05
8.833649082e-05
8.986722374e-05
8.878065585e-05
9.489959886e-05
9.146461882e-05
9.062904831e-05
9.624686179e-05
9.760124717e-05
8.765443051e-05
9.557028061e-05
9.012256162e-05
9.147067937e-05
9.036518441e-05
9.585031361e-05
8.78202645e-05
0.0001024101595
7.794971969e-05
7.787703285e-05
9.23233181e-05
9.704455331e-05
0.000101656604
9.179904519e-05
0.0001011569448
9.610746245e-05
8.139453816e-05
7.160930944e-05
8.556745294e-05
9.94874643e-05
9.900944832e-05
0.0001080140567
9.342288426e-05
0.0001023117053
9.70884936e-05
8.741156527e-05
0.0001005706861
0.0001000299089
9.483316323e-05
8.530013452e-05
9.359705199e-05
9.300792708e-05
9.229800991e-05
9.604235402e-05
9.527373854e-05
9.889219762e-05
8.953938752e-05
9.732643228e-05
8.389878896e-05
9.571819925e-05
8.661284748e-05
9.816504207e-05
9.726081665e-05
9.240336328e-05
9.550973053e-05
8.282261314e-05
9.37395543e-05
9.287216774e-05
9.195659158e-05
9.108032034e-05
9.016672657e-05
9.300478689e-05
9.574002812e-05
9.113569572e-05
9.380329409e-05
8.927308669e-05
8.833998947e-05
8.74233797e-05
9.687509299e-05
8.559062071e-05
9.144142685e-05
9.047871195e-05
9.280383772e-05
8.526388533e-05
9.729171396e-05
9.305197028e-05
0.0001015273507
8.475535176e-05
8.689892625e-05
9.211980027e-05
8.499529408e-05
9.010436064e-05
8.609622859e-05
8.812807233e-05
8.710366617e-05
9.768469849e-05
9.370186499e-05
9.272827156e-05
9.163619877e-05
8.794355365e-05
9.233356778e-05
9.407878288e-05
8.764747058e-05
9.202018915e-05
8.832306675e-05
9.258449842e-05
9.401541298e-05
9.057225106e-05
9.445439279e-05
9.107388394e-05
8.997605004e-05
9.87470148e-05
9.517503566e-05
8.484858063e-05
0.0001024495799
9.227053644e-05
8.887469045e-05
8.806275577e-05
8.92268509e-05
9.50579867e-05
9.390665694e-05
8.874998096e-05
0.0001005060557
8.903756362e-05
9.005480094e-05
8.929158612e-05
7.77601409e-05
8.74402335e-05
9.706004924e-05
8.242416902e-05
0.0001016470833
9.183600848e-05
8.197580443e-05
0.0001010706018
9.117039645e-05
9.573739763e-05
9.062079015e-05
0.0001046235957
8.997509894e-05
8.966775581e-05
8.454108812e-05
9.824509775e-05
0.0001023740443
0.0001019226174
8.750893842e-05
8.249728415e-05
8.652858209e-05
8.606363878e-05
9.897561147e-05
0.0001073429983
0.0001021275579
9.707278751e-05
9.195440251e-05
9.568525055e-05
8.629167415e-05
8.995886066e-05
0.0001019536529
8.853624981e-05
9.195038745e-05
9.536782163e-05
9.451583137e-05
8.558167077e-05
8.883243434e-05
8.406274446e-05
9.516522717e-05
9.431344207e-05
9.340323186e-05
9.253937469e-05
9.162839562e-05
9.075563628e-05
9.359018096e-05
9.267491878e-05
8.806319196e-05
9.444660646e-05
9.347351059e-05
9.251788393e-05
9.859456422e-05
9.408711389e-05
9.998537279e-05
9.211607103e-05
0.0001012491181
9.350448509e-05
8.918019746e-05
9.150555392e-05
9.04929965e-05
9.592944723e-05
9.801718983e-05
0.0001001063146
9.588048791e-05
9.486502266e-05
9.68062075e-05
8.680391854e-05
9.467955799e-05
9.368355964e-05
9.259520891e-05
8.87631758e-05
8.772474037e-05
8.961368817e-05
9.409366506e-05
9.038497845e-05
9.47280978e-05
9.108198557e-05
8.99985791e-05
9.170947134e-05
8.802501938e-05
8.970890041e-05
9.116581279e-05
9.026658664e-05
8.91811167e-05
9.076645404e-05
9.936651317e-05
9.121250621e-05
9.011068407e-05
8.925961861e-05
8.585923023e-05
8.736031559e-05
9.538677487e-05
9.901605126e-05
9.337000034e-05
8.371942985e-05
9.5763434e-05
9.276243927e-05
8.950738944e-05
8.873376043e-05
8.974654236e-05
9.105551462e-05
8.714267665e-05
0.0001064591641
0.0001015201493
8.210645893e-05
8.679055098e-05
7.703784e-05
8.166061015e-05
9.109333821e-05
9.082054856e-05
8.583315459e-05
9.027389051e-05
0.0001042232912
0.0001037840041
9.402702533e-05
8.889825733e-05
0.0001071926261
9.271443813e-05
9.230588881e-05
0.0001009434362
8.675186675e-05
8.166612254e-05
9.025290458e-05
9.412294629e-05
9.357379895e-05
9.289935942e-05
9.671140986e-05
8.28882636e-05
8.666435709e-05
8.597322657e-05
8.535934031e-05
9.734687326e-05
9.241218733e-05
9.577887689e-05
8.675739111e-05
8.598357365e-05
9.745279868e-05
9.253470456e-05
8.774794894e-05
9.482320012e-05
9.397491687e-05
8.919142606e-05
9.220895816e-05
9.1302534e-05
9.796936377e-05
9.325904827e-05
9.234738234e-05
8.775317163e-05
9.773422858e-05
9.314603781e-05
8.51021915e-05
9.123284381e-05
9.723184421e-05
9.276665108e-05
9.519637499e-05
9.08091791e-05
8.985353381e-05
8.887310953e-05
9.11906446e-05
9.340334317e-05
8.922713986e-05
0.0001008331004
9.352893424e-05
9.555369329e-05
8.539259595e-05
9.044736362e-05
9.545817733e-05
9.140986688e-05
9.336600956e-05
8.939816257e-05
9.131657925e-05
0.0001015299065
8.372916525e-05
9.377643046e-05
9.00802361e-05
9.44090977e-05
9.07752337e-05
9.233386577e-05
9.401229753e-05
9.03092408e-05
9.196162756e-05
9.338311342e-05
8.99629784e-05
9.381899793e-05
9.290598708e-05
9.661668477e-05
9.329771925e-05
9.689718073e-05
9.129991008e-05
9.482041639e-05
9.164802446e-05
8.82742126e-05
8.74677159e-05
9.305396129e-05
9.221880166e-05
8.459326439e-05
8.814788279e-05
9.345070114e-05
9.264307211e-05
9.360040493e-05
9.486980054e-05
9.163044358e-05
0.0001012296406
9.149881104e-05
9.141368151e-05
0.0001008672056
8.15387764e-05
9.091816341e-05
8.596850967e-05
8.571161875e-05
8.550517709e-05
8.992963662e-05
8.966794206e-05
8.929079298e-05
9.36696763e-05
0.0001025446327
9.285789412e-05
9.698244052e-05
0.0001011532528
8.685039313e-05
9.097446055e-05
8.136010953e-05
8.092354831e-05
9.377181211e-05
8.878580274e-05
8.373969453e-05
8.759337533e-05
9.127480608e-05
8.634450133e-05
9.422283279e-05
9.355048369e-05
8.433981455e-05
9.625980657e-05
8.71320662e-05
8.644212273e-05
8.567235325e-05
9.710053877e-05
9.621031632e-05
9.538085538e-05
9.448362278e-05
9.363881316e-05
9.273777545e-05
9.188089276e-05
9.097898192e-05
9.011316362e-05
8.921304048e-05
8.834126682e-05
8.744532645e-05
9.378460643e-05
8.568078603e-05
8.833890084e-05
8.74190491e-05
9.343371947e-05
8.559787824e-05
9.486726404e-05
9.384803821e-05
9.617707515e-05
8.856812922e-05
9.412353443e-05
9.62937888e-05
8.574643341e-05
8.79283332e-05
9.010337052e-05
8.294149053e-05
0.0001002995376
9.915509707e-05
8.621602542e-05
9.697849798e-05
9.014277353e-05
8.622267348e-05
9.385276727e-05
9.556666747e-05
8.344740699e-05
8.796360261e-05
9.249807335e-05
9.409223888e-05
9.313143936e-05
8.939496258e-05
9.109428855e-05
9.257814929e-05
9.16533244e-05
9.307014235e-05
9.215200027e-05
9.104385086e-05
9.015777906e-05
9.147798756e-05
9.298471752e-05
9.421646345e-05
0.000100325987
9.219676189e-05
9.362340546e-05
9.023282694e-05
8.717320132e-05
8.83238614e-05
9.190771497e-05
8.863069915e-05
9.213524725e-05
9.736727847e-05
9.442749801e-05
8.91363132e-05
9.249202722e-05
0.0001056922347
9.123814409e-05
9.594606052e-05
9.10640163e-05
9.091204795e-05
9.078339328e-05
9.057125377e-05
9.039839872e-05
9.961609322e-05
8.991190189e-05
7.544252492e-05
7.522312872e-05
8.895252859e-05
8.864928152e-05
9.287035292e-05
8.788210021e-05
9.661748852e-05
8.703114932e-05
0.0001047405757
8.157036427e-05
9.006264589e-05
8.510073661e-05
8.897456007e-05
9.287897608e-05
0.0001009940858
8.72696971e-05
7.794750939e-05
8.602699791e-05
9.387766395e-05
9.320821597e-05
8.823405267e-05
9.173946536e-05
9.095026382e-05
9.023052486e-05
8.536337767e-05
8.465696426e-05
9.586517426e-05
9.503914169e-05
9.414646893e-05
8.552967963e-05
9.240859042e-05
9.15551535e-05
9.44351197e-05
9.353679831e-05
9.260376303e-05
9.169920629e-05
8.713963362e-05
8.986257149e-05
9.249792791e-05
8.803183519e-05
9.757027975e-05
8.966187981e-05
8.189064799e-05
9.116397725e-05
9.686603021e-05
8.923693594e-05
8.499615215e-05
8.733273806e-05
8.956796876e-05
9.178436972e-05
9.38890128e-05
8.360459541e-05
9.184523398e-05
8.784373678e-05
9.283125617e-05
9.481385377e-05
9.07942397e-05
8.983928274e-05
8.306852435e-05
9.637191336e-05
9.244478619e-05
9.148429253e-05
9.040867865e-05
8.947687492e-05
9.109814271e-05
9.281988376e-05
8.647570459e-05
9.078978177e-05
8.970584977e-05
9.134708153e-05
9.27592621e-05
9.184412159e-05
9.319209455e-05
9.22850465e-05
9.11721829e-05
9.742631194e-05
9.390121587e-05
8.836346165e-05
8.959068693e-05
9.558554867e-05
8.993004565e-05
9.133608205e-05
8.802691276e-05
9.159872003e-05
8.833204417e-05
8.968936003e-05
9.703833438e-05
8.992596552e-05
9.090021395e-05
9.217877716e-05
9.571741733e-05
9.089023934e-05
9.080137219e-05
9.549159569e-05
0.0001096324613
9.995763844e-05
8.547819292e-05
9.479462113e-05
8.978693118e-05
8.957094474e-05
9.394625892e-05
9.367322578e-05
0.0001072729895
0.0001022593719
9.714700935e-05
9.215968852e-05
9.62552729e-05
9.126856021e-05
9.527554714e-05
9.932511409e-05
9.421406442e-05
8.478453952e-05
8.864509064e-05
7.931607415e-05
9.624697e-05
8.694840219e-05
9.491971362e-05
8.571182095e-05
8.503183165e-05
9.286844359e-05
0.0001004727361
9.140676391e-05
9.474087501e-05
9.399159225e-05
9.720756881e-05
9.238678711e-05
9.154239549e-05
9.469986772e-05
8.990289134e-05
9.297376702e-05
9.208173411e-05
9.123171573e-05
9.033870885e-05
8.947972333e-05
9.227956159e-05
8.77233777e-05
9.045424024e-05
9.313182205e-05
9.572252198e-05
9.123597274e-05
9.723356466e-05
8.935269542e-05
8.841005306e-05
9.421582205e-05
8.321947441e-05
0.000102106881
8.79644053e-05
8.70352604e-05
0.0001052037813
9.147284748e-05
9.980934674e-05
9.25797471e-05
8.543300397e-05
8.754746772e-05
0.0001014723758
9.449494282e-05
8.757050833e-05
9.242614571e-05
8.850001872e-05
9.039925826e-05
9.213576907e-05
9.394148016e-05
9.556794547e-05
9.458295553e-05
9.079443485e-05
9.251040572e-05
9.14111357e-05
9.307265554e-05
9.196165831e-05
9.104287835e-05
9.245045178e-05
9.648630915e-05
8.799325972e-05
9.439814363e-05
9.565096422e-05
9.236497254e-05
8.890866735e-05
8.806872813e-05
8.929154216e-05
8.39251095e-05
9.187002181e-05
8.659008236e-05
9.650514954e-05
8.694456745e-05
9.232980468e-05
8.725989906e-05
9.46091792e-05
9.587604816e-05
9.265220211e-05
8.57431323e-05
0.0001001214577
9.054497774e-05
9.045662473e-05
9.037264996e-05
9.497102088e-05
9.483679335e-05
9.461612253e-05
8.499219363e-05
8.473983206e-05
0.0001033219159
9.827165557e-05
8.39881993e-05
8.828363075e-05
9.261374269e-05
9.678289815e-05
9.181450836e-05
0.0001050286928
0.0001000207403
9.040100232e-05
9.44578874e-05
8.939519731e-05
8.891650887e-05
0.0001015657601
9.658460516e-05
9.153472041e-05
9.529241083e-05
9.887156732e-05
8.539894499e-05
8.895872798e-05
9.673710024e-05
9.176677103e-05
9.521630628e-05
9.850419765e-05
8.550991721e-05
9.685950231e-05
9.205642166e-05
9.518226612e-05
9.043121546e-05
9.347932863e-05
9.26447739e-05
9.175718187e-05
9.091055514e-05
9.377285412e-05
8.916633102e-05
8.827931736e-05
9.834487103e-05
9.014022428e-05
9.994796625e-05
8.832574498e-05
9.441798894e-05
0.0001003598501
8.904563605e-05
9.149606819e-05
8.718676999e-05
9.620541081e-05
0.000101758927
0.0001006531185
8.99523877e-05
8.578451459e-05
9.430699938e-05
0.0001025812214
9.226761824e-05
8.818665363e-05
9.627938249e-05
9.220870023e-05
9.12351022e-05
9.309610251e-05
9.499570639e-05
9.389525596e-05
9.854421332e-05
9.461150223e-05
8.812095602e-05
8.708573969e-05
9.157492271e-05
8.783119396e-05
9.483735553e-05
8.850456819e-05
9.276360173e-05
9.165648158e-05
9.074069455e-05
8.965332078e-05
8.876869781e-05
9.013736846e-05
9.408478127e-05
0.0001000999999
8.733725502e-05
8.861315718e-05
8.777595423e-05
9.355820323e-05
9.494925725e-05
8.933053844e-05
9.515286817e-05
8.525299144e-05
8.882056632e-05
9.202076768e-05
9.121020187e-05
9.21963271e-05
9.139985989e-05
9.439239794e-05
9.562787075e-05
9.499287379e-05
8.545483827e-05
9.485735284e-05
9.950782423e-05
8.515097891e-05
9.920249086e-05
9.425918864e-05
8.467166423e-05
8.442078161e-05
8.889672975e-05
0.0001025645586
9.296986768e-05
8.795294015e-05
9.226703546e-05
9.183000588e-05
9.147190427e-05
8.643998305e-05
9.511935742e-05
8.556259677e-05
9.858938499e-05
8.461191068e-05
9.301799954e-05
9.239308895e-05
9.622996551e-05
9.554264975e-05
9.494414363e-05
9.851152995e-05
8.934276217e-05
9.707794635e-05
8.800553664e-05
9.974829457e-05
8.662361429e-05
8.588204132e-05
9.331826587e-05
8.847109289e-05
9.17284105e-05
9.08925957e-05
9.402853518e-05
9.314929158e-05
9.23181009e-05
9.143490945e-05
9.436629975e-05
8.970738476e-05
9.255742321e-05
9.53034383e-05
8.7114072e-05
9.70146515e-05
8.53735959e-05
8.802163382e-05
8.363838179e-05
9.656705873e-05
9.897998908e-05
8.780666289e-05
8.688946109e-05
8.596000639e-05
8.505634671e-05
9.384062335e-05
8.964806008e-05
9.182814899e-05
8.772313508e-05
9.294217094e-05
0.0001011533457
9.092184698e-05
8.696088475e-05
8.597147579e-05
9.093027912e-05
8.988619141e-05
9.467907493e-05
8.507536964e-05
9.541024926e-05
9.152389142e-05
9.606226589e-05
8.408459332e-05
9.127128703e-05
9.284579088e-05
9.452324548e-05
9.340062204e-05
8.988835489e-05
9.135332362e-05
9.546498288e-05
9.432109285e-05
9.584798792e-05
8.741111906e-05
8.656014691e-05
9.264235968e-05
9.64587384e-05
9.064380503e-05
9.669408051e-05
9.324788318e-05
9.463427774e-05
9.125961659e-05
8.822021822e-05
9.586272019e-05
8.85249322e-05
9.171379254e-05
9.513415196e-05
9.397634077e-05
9.316457681e-05
8.998554224e-05
9.327944382e-05
8.517122991e-05
8.513267155e-05
8.97749241e-05
8.969170235e-05
8.954327402e-05
8.0004574e-05
7.512395012e-05
9.372615929e-05
0.0001027939301
8.856341418e-05
9.753617341e-05
8.799102803e-05
9.223654493e-05
8.732676868e-05
8.691396468e-05
9.113184752e-05
9.065213336e-05
9.476700177e-05
8.075993009e-05
9.822559267e-05
9.761132568e-05
0.0001015024997
8.767116167e-05
9.587792068e-05
9.086732561e-05
9.889834065e-05
9.38865354e-05
8.901899581e-05
9.252191269e-05
9.186382855e-05
8.696623015e-05
9.042298258e-05
8.965012489e-05
9.29852074e-05
8.815656113e-05
8.742869687e-05
9.057114295e-05
8.97924079e-05
9.282157678e-05
9.199372356e-05
9.111489289e-05
9.027496996e-05
9.684460517e-05
8.85460863e-05
9.132043587e-05
9.042977316e-05
9.668018302e-05
9.216950823e-05
8.771960963e-05
0.0001076625375
9.967426417e-05
9.864216748e-05
9.760512807e-05
8.326362784e-05
9.884869773e-05
9.780975998e-05
9.029906203e-05
8.615486383e-05
9.151946426e-05
8.742839801e-05
9.263078659e-05
8.553965674e-05
9.061816353e-05
9.264780908e-05
8.863977946e-05
9.062748613e-05
9.825729259e-05
9.436454718e-05
9.327262846e-05
8.950018388e-05
9.398526257e-05
9.574435437e-05
9.191705326e-05
9.364523642e-05
8.989534116e-05
8.897725321e-05
8.792076086e-05
8.959184393e-05
9.105216446e-05
9.264625813e-05
9.648414043e-05
9.79815221e-05
9.196309032e-05
9.346425677e-05
8.760153124e-05
9.379558107e-05
8.802799112e-05
8.949084464e-05
9.974007453e-05
8.982988677e-05
9.983134279e-05
9.012629026e-05
9.771617284e-05
9.899116924e-05
8.928307128e-05
9.27108199e-05
8.950028194e-05
9.285410734e-05
8.968472855e-05
9.094671148e-05
0.0001131350602
8.481292485e-05
9.885242949e-05
8.465216424e-05
9.859775927e-05
9.377015955e-05
0.0001029086734
8.403780398e-05
8.84448251e-05
0.0001021640502
9.71725453e-05
7.843544438e-05
9.648829749e-05
0.0001007394858
0.0001093791531
9.533402528e-05
9.9349033e-05
8.542512823e-05
8.493291455e-05
9.341609001e-05
8.39917511e-05
0.0001055278788
9.171881991e-05
8.684403843e-05
9.915986115e-05
8.997086387e-05
8.929498082e-05
9.292126123e-05
9.21890714e-05
8.737314365e-05
8.665494701e-05
8.190885862e-05
8.933087746e-05
9.668297518e-05
9.183717869e-05
9.503932286e-05
9.417595399e-05
9.336665387e-05
9.249615981e-05
9.167161775e-05
9.079710859e-05
8.996049845e-05
9.279669098e-05
8.823918856e-05
9.100514261e-05
9.372260311e-05
8.921112301e-05
8.832032796e-05
8.7419651e-05
9.691133838e-05
9.248428411e-05
8.81369912e-05
9.05657397e-05
9.293941468e-05
9.52312058e-05
8.448251284e-05
9.320956275e-05
8.904554093e-05
9.750338913e-05
9.647159573e-05
9.539886447e-05
9.43885243e-05
9.633760208e-05
9.233949676e-05
9.129036686e-05
9.615423225e-05
9.217119964e-05
9.405210227e-05
8.733019487e-05
9.756737094e-05
9.092008717e-05
9.542854012e-05
9.161430209e-05
9.333678167e-05
9.487015122e-05
8.607612426e-05
9.278654395e-05
8.929728271e-05
9.075298441e-05
9.483750816e-05
8.876967751e-05
9.277656837e-05
9.648514485e-05
9.076841147e-05
8.967332399e-05
8.881276229e-05
8.542939416e-05
9.83446173e-05
9.715207949e-05
9.624889313e-05
9.507957498e-05
9.421072769e-05
8.873591563e-05
9.222926203e-05
8.686845998e-05
9.24036294e-05
9.957537298e-05
9.665884251e-05
9.344891569e-05
8.862951692e-05
9.862271423e-05
8.449557102e-05
9.848272902e-05
9.370625234e-05
8.419663686e-05
9.809092314e-05
8.854414609e-05
9.30271327e-05
9.275320465e-05
9.715730216e-05
9.220154136e-05
8.733769395e-05
0.0001052862132
8.668020011e-05
8.627207343e-05
9.498222638e-05
9.448418326e-05
0.0001030291181
8.462153622e-05
8.864182121e-05
9.689849972e-05
9.638102357e-05
0.0001000887303
9.085507041e-05
9.020959255e-05
0.0001024521275
8.897333009e-05
8.837845214e-05
8.768322463e-05
8.291461252e-05
9.868101064e-05
9.794051905e-05
9.7106068e-05
9.232617213e-05
9.549181042e-05
8.286623166e-05
9.384522854e-05
9.303919527e-05
9.217301658e-05
9.135175972e-05
9.048153328e-05
9.711889444e-05
9.247580398e-05
9.526227844e-05
9.431969978e-05
9.699279767e-05
9.246189081e-05
8.801820994e-05
9.409147574e-05
8.968268869e-05
9.558425805e-05
9.459500241e-05
9.694573285e-05
9.593375913e-05
9.163805293e-05
8.743689313e-05
9.289720461e-05
9.508640176e-05
8.777351093e-05
8.994642677e-05
8.587995325e-05
8.497054475e-05
9.301740354e-05
8.906441577e-05
8.805320047e-05
9.002790984e-05
8.899612635e-05
9.658237774e-05
7.861908214e-05
9.168912935e-05
9.336725864e-05
9.239723667e-05
9.131353874e-05
9.568836234e-05
9.455905381e-05
8.839365034e-05
8.991356403e-05
9.409063219e-05
9.045576402e-05
9.452685389e-05
9.093673758e-05
9.733967837e-05
9.136066453e-05
8.809022979e-05
9.173153738e-05
8.852164366e-05
8.975183179e-05
9.574239205e-05
9.007722226e-05
8.700877195e-05
9.035906744e-05
9.608455304e-05
9.707211298e-05
8.978751917e-05
8.869328896e-05
8.791217388e-05
8.270471052e-05
9.018957211e-05
9.718810328e-05
9.034294753e-05
8.421858273e-05
9.353398144e-05
9.811578354e-05
9.335716488e-05
9.786380204e-05
9.307230056e-05
9.750088216e-05
8.804743923e-05
9.240916471e-05
9.679706591e-05
0.0001056393974
8.701465171e-05
9.577612122e-05
9.090578209e-05
8.143074017e-05
9.463301432e-05
8.517225702e-05
8.926231016e-05
0.0001020624185
9.273423213e-05
0.0001053228837
6.984052599e-05
9.539024101e-05
9.483707331e-05
9.416448782e-05
9.782962645e-05
9.709722527e-05
8.806162473e-05
9.569100001e-05
8.261883271e-05
9.833030671e-05
8.946015201e-05
8.466737569e-05
9.600015164e-05
9.515590131e-05
9.437156082e-05
9.351681784e-05
8.885094119e-05
8.802495155e-05
9.1034126e-05
9.016814401e-05
9.306050281e-05
8.847084341e-05
9.128305347e-05
9.038104278e-05
9.66605684e-05
9.923456493e-05
8.771815178e-05
9.724494775e-05
9.281598615e-05
8.845672483e-05
9.090843989e-05
9.661936502e-05
9.231409302e-05
8.48071797e-05
8.714392253e-05
8.620162727e-05
9.476900004e-05
8.43570661e-05
8.65559515e-05
9.476599535e-05
8.771341982e-05
9.270980302e-05
8.581098822e-05
9.361366684e-05
9.841474048e-05
9.156474037e-05
9.909600774e-05
8.395819757e-05
8.584947901e-05
9.306129447e-05
8.667713917e-05
9.369164792e-05
9.537524058e-05
9.163193474e-05
9.328734045e-05
9.218048784e-05
9.12486169e-05
9.016048409e-05
8.925937404e-05
9.308965126e-05
8.731970963e-05
9.345878072e-05
9.492170965e-05
9.846511971e-05
9.519814525e-05
9.17522007e-05
8.634080606e-05
8.978236023e-05
9.339498395e-05
9.445612939e-05
9.359293101e-05
8.815296694e-05
9.588492126e-05
9.261089635e-05
8.762280096e-05
9.273572686e-05
8.989199184e-05
9.686643797e-05
9.404602005e-05
7.458289051e-05
9.318659478e-05
9.775156239e-05
8.370960183e-05
8.357220505e-05
9.272725185e-05
9.713987507e-05
0.0001015723014
9.206766755e-05
7.807006425e-05
7.779341577e-05
8.213114879e-05
9.996795914e-05
9.962889383e-05
9.465428796e-05
8.979653399e-05
8.932748886e-05
8.893647906e-05
0.0001016909642
7.919744774e-05
0.0001005685553
9.13337346e-05
9.504593911e-05
9.449512804e-05
8.529648848e-05
9.324030696e-05
0.0001009564922
7.939019785e-05
9.120476262e-05
8.232515566e-05
8.573432586e-05
9.724772611e-05
8.83866332e-05
8.769048198e-05
9.482234716e-05
9.012280357e-05
8.930775193e-05
9.239112091e-05
9.15334567e-05
9.071869347e-05
8.985691813e-05
0.0001038684424
8.816701625e-05
8.733112835e-05
9.367507957e-05
8.919500679e-05
9.183301854e-05
9.441374309e-05
8.999323701e-05
9.592809029e-05
9.833081415e-05
9.060234556e-05
9.297466356e-05
9.200457711e-05
9.102561825e-05
9.006968306e-05
8.909670198e-05
9.445371027e-05
9.341917569e-05
8.935002801e-05
9.749956046e-05
9.043816663e-05
9.538501184e-05
9.732525009e-05
8.164271162e-05
0.0001009763715
9.41165091e-05
9.030502754e-05
9.205182139e-05
9.660970483e-05
9.548548577e-05
9.44934755e-05
9.338607117e-05
8.978281909e-05
8.611436165e-05
9.298339762e-05
9.188041906e-05
9.095153874e-05
8.986712569e-05
9.144025297e-05
9.767031446e-05
9.42885342e-05
9.315466109e-05
8.988212458e-05
9.113420754e-05
9.257378384e-05
9.145320211e-05
9.058883119e-05
9.172665788e-05
9.973951672e-05
9.414746256e-05
8.894812811e-05
8.572132239e-05
8.919959833e-05
9.440490796e-05
8.941473935e-05
8.626862963e-05
8.959636885e-05
9.051271395e-05
8.974714708e-05
8.359523635e-05
8.355760108e-05
8.811479386e-05
0.0001065667453
9.714069116e-05
9.23847521e-05
0.0001013901758
8.739803067e-05
9.631511936e-05
9.150909376e-05
9.574474758e-05
0.0001000139496
0.000104129084
8.572810209e-05
8.083593381e-05
9.394223746e-05
9.790258999e-05
0.0001019049707
9.25115774e-05
9.206225609e-05
9.149181691e-05
9.100417442e-05
0.0001033135786
9.843544156e-05
9.773976463e-05
9.290685174e-05
9.6405193e-05
8.743473615e-05
9.088131402e-05
9.433859288e-05
9.356814412e-05
9.69049921e-05
9.20797739e-05
9.532690535e-05
8.267973288e-05
9.371311692e-05
9.286684413e-05
9.207045765e-05
9.121699353e-05
9.040543935e-05
9.327899305e-05
9.242106298e-05
8.786526875e-05
9.065893817e-05
8.976544462e-05
8.889156602e-05
8.800171101e-05
9.060909662e-05
8.968965607e-05
9.219030401e-05
8.110393759e-05
9.029830559e-05
8.604491783e-05
8.84222323e-05
9.072246045e-05
9.618203554e-05
9.514403403e-05
8.472646029e-05
9.311033359e-05
9.212563934e-05
9.110464618e-05
9.915431683e-05
8.615868674e-05
9.112649789e-05
9.300026172e-05
8.626768485e-05
9.096620959e-05
9.563555292e-05
9.453194808e-05
9.62946469e-05
9.245534281e-05
9.1494822e-05
9.574198068e-05
8.949093237e-05
8.84357794e-05
9.268142894e-05
9.158229753e-05
9.065638869e-05
9.455209624e-05
9.114364168e-05
8.761823089e-05
9.398271309e-05
9.047168059e-05
8.487523831e-05
8.850925935e-05
9.688695652e-05
0.0001002717605
8.577980173e-05
9.811822875e-05
9.278742985e-05
8.947611784e-05
9.082078444e-05
8.97136673e-05
9.314225457e-05
9.200513351e-05
9.534018352e-05
9.212762269e-05
9.336189678e-05
9.221989253e-05
8.945218409e-05
6.211758353e-05
0.0001138123502
0.0001033028814
6.191131203e-05
9.261308946e-05
8.218373957e-05
8.18682788e-05
9.189320272e-05
9.144432912e-05
9.118287913e-05
6.043177622e-05
9.03336175e-05
0.0001096579378
9.928283099e-05
9.852346259e-05
9.806202048e-05
8.751086088e-05
9.672039171e-05
0.0001054169449
9.527067142e-05
9.433386095e-05
0.0001124710942
0.0001020226022
9.2099243e-05
0.000109305772
9.944401334e-05
8.043055463e-05
0.0001063821226
8.759729129e-05
8.685573622e-05
8.578967732e-05
8.502704076e-05
9.235082159e-05
8.317642902e-05
8.21042454e-05
9.757659843e-05
9.629501436e-05
8.739315308e-05
8.622742424e-05
9.310570463e-05
9.184805084e-05
9.088853134e-05
9.711918035e-05
9.608539029e-05
0.0001020538412
9.37402651e-05
8.533302119e-05
9.143348404e-05
9.016444144e-05
8.23111124e-05
8.116634772e-05
8.695542638e-05
0.0001055328713
0.0001043597061
7.718163411e-05
8.9043979e-05
0.0001003529234
8.683440342e-05
0.00011010099
8.468776816e-05
0.0001133521932
9.440601364e-05
8.729520306e-05
8.634383582e-05
9.084940172e-05
9.54853446e-05
8.865822023e-05
9.319325828e-05
9.735877674e-05
0.0001070348046
8.977871035e-05
8.361740789e-05
8.768475649e-05
8.16789657e-05
0.0001007846843
0.0001047523072
0.0001083487987
9.751619213e-05
8.185455072e-05
9.058540717e-05
8.94752647e-05
7.928176372e-05
0.0001013671585
8.670922228e-05
8.117982912e-05
8.488389452e-05
9.274219241e-05
9.625685522e-05
9.518086383e-05
9.859513715e-05
8.904431966e-05
8.823698272e-05
9.562467752e-05
9.476569341e-05
9.380463168e-05
9.296815816e-05
8.805945365e-05
8.727820734e-05
9.432507326e-05
9.349040134e-05
9.241397432e-05
9.235748663e-05
8.196704117e-05
9.210844943e-05
0.0001020645989
6.113560928e-05
9.135350661e-05
0.0001012745398
9.070448888e-05
9.044577618e-05
8.991799152e-05
9.956358817e-05
7.911305151e-05
8.86404186e-05
8.796629147e-05
6.809858258e-05
5.78802579e-05
9.595853005e-05
9.508350558e-05
0.0001039790355
0.0001029620472
8.370011904e-05
9.203467202e-05
9.139266659e-05
8.135498418e-05
9.868846698e-05
9.756273602e-05
8.798495476e-05
0.0001043321561
6.896730366e-05
8.515598115e-05
9.284071445e-05
8.334166061e-05
8.257012421e-05
8.151048633e-05
8.880010134e-05
9.560599046e-05
8.676947341e-05
9.340027265e-05
9.244818288e-05
9.120449354e-05
9.025325301e-05
8.902672732e-05
0.0001027605716
8.687408364e-05
0.0001002593503
9.181547509e-05
9.081291093e-05
0.0001102240296
8.857065447e-05
0.0001007805144
7.973141874e-05
9.828204702e-05
7.77523042e-05
8.306428143e-05
9.477845376e-05
7.477406858e-05
8.626899233e-05
9.115689932e-05
8.41400946e-05
8.891301235e-05
9.96617778e-05
0.0001040844457
8.007264303e-05
8.462960226e-05
9.487833729e-05
8.809696798e-05
8.715623662e-05
8.599551175e-05
9.572409607e-05
9.446254211e-05
8.828531687e-05
9.738659413e-05
9.131307283e-05
0.0001051623255
0.0001040972941
9.788405012e-05
9.206193532e-05
0.000100483816
0.0001042339719
8.891735601e-05
8.805630385e-05
9.157712364e-05
9.523843809e-05
8.963654939e-05
9.323294385e-05
7.899605503e-05
9.130659398e-05
9.888335523e-05
9.371691596e-05
9.269787902e-05
8.768199623e-05
9.915248537e-05
9.826182196e-05
9.32100516e-05
8.43460573e-05
8.749856354e-05
9.460643538e-05
9.372096927e-05
8.90216181e-05
8.147906537e-05
0.00010178682
9.146556319e-05
6.090814751e-05
8.099146428e-05
0.0001010692184
0.0001006858458
0.0001004588748
0.0001099713072
8.972049483e-05
7.928886399e-05
9.876936672e-05
7.848500795e-05
9.770845952e-05
8.727258321e-05
8.68658548e-05
9.571191489e-05
9.520857689e-05
9.434507533e-05
0.0001031730251
0.0001021692472
8.305695602e-05
9.133240714e-05
5.441810952e-05
8.971119705e-05
8.013625763e-05
9.683255654e-05
7.859528725e-05
7.766939121e-05
9.412928719e-05
9.298473589e-05
8.378341994e-05
9.101062728e-05
9.016985408e-05
9.711030415e-05
8.816422644e-05
8.701619383e-05
9.398687174e-05
8.501499321e-05
9.179988298e-05
9.056989199e-05
8.962679376e-05
9.57813406e-05
8.747520829e-05
8.628163847e-05
9.957706037e-05
8.418030986e-05
0.0001040777364
8.895773597e-05
8.121133856e-05
0.0001001120802
9.240394111e-05
9.112660049e-05
9.011523077e-05
8.252229232e-05
0.0001004381876
0.0001052438827
0.0001101997245
9.057061344e-05
8.957084904e-05
0.000106013769
9.320037488e-05
8.618596554e-05
9.093056554e-05
8.970105356e-05
9.982482228e-05
9.301420062e-05
7.578213336e-05
9.613881629e-05
8.455508924e-05
7.822727649e-05
9.805576757e-05
0.0001018739203
9.578583962e-05
0.0001045089534
0.0001034504216
9.241297988e-05
9.63059652e-05
8.559514658e-05
9.417062946e-05
9.301722285e-05
9.211624265e-05
8.645894157e-05
9.01407482e-05
9.798830762e-05
9.265412375e-05
0.0001003119247
9.07387951e-05
9.399473106e-05
9.736612244e-05
9.630577266e-05
8.298471194e-05
9.03197154e-05
9.357696798e-05
9.262296153e-05
9.578847855e-05
9.089680847e-05
9.009095215e-05
8.924436424e-05
9.230145363e-05
0.0001010288879
8.077409004e-05
0.0001008113577
8.05582109e-05
9.038457048e-05
7.018127055e-05
9.988087581e-05
9.965624351e-05
0.0001090957402
0.0001186756706
7.866073669e-05
8.818894444e-05
9.733357171e-05
8.724586556e-05
0.0001058318929
8.618716289e-05
9.496846514e-05
0.0001133643062
9.361802618e-05
8.376497542e-05
8.295427883e-05
0.0001007399579
6.344854479e-05
9.001154697e-05
0.0001068458615
9.721130123e-05
9.61132255e-05
8.668097409e-05
8.566465804e-05
0.00010193325
9.230789171e-05
7.48576373e-05
9.856910368e-05
9.766038131e-05
9.641803733e-05
8.753739347e-05
8.640234764e-05
9.332557478e-05
9.209615377e-05
9.116061226e-05
8.994406054e-05
8.900897124e-05
8.780875198e-05
9.41180378e-05
9.283865394e-05
8.477485196e-05
9.058351716e-05
9.648875147e-05
8.836641507e-05
9.411779908e-05
9.945245451e-05
0.0001049097141
8.406466208e-05
9.592201632e-05
8.829404795e-05
9.355114609e-05
9.841568387e-05
8.515997577e-05
0.0001019907303
8.899899308e-05
8.778381877e-05
8.682096557e-05
9.706076462e-05
9.600417504e-05
9.470880365e-05
9.919819562e-05
8.155829535e-05
9.14461008e-05
9.023243923e-05
8.928052451e-05
8.292465878e-05
0.0001077049717
9.618135879e-05
8.51727613e-05
7.913420949e-05
0.0001028115389
0.0001063447872
8.135523989e-05
0.0001039718593
9.82698606e-05
8.782215404e-05
0.0001052810272
7.688139172e-05
9.406441422e-05
9.295741515e-05
9.208244632e-05
9.969219878e-05
9.01780144e-05
9.341268211e-05
9.676303391e-05
9.986885143e-05
8.659270735e-05
9.791646422e-05
8.49073086e-05
9.604509999e-05
9.518906013e-05
8.247076954e-05
8.563224015e-05
9.253568156e-05
8.789665461e-05
8.017763252e-05
9.014533759e-05
9.000660992e-05
8.990546053e-05
8.966537413e-05
7.956926851e-05
9.908867497e-05
7.909306887e-05
0.0001082340052
7.849269097e-05
0.0001170637249
0.000106940174
9.657295982e-05
8.656491567e-05
0.0001145566411
7.601688367e-05
9.423647599e-05
6.562030746e-05
8.361188732e-05
8.312557048e-05
0.0001006197189
8.179983408e-05
0.0001079514547
8.933652331e-05
7.070020833e-05
9.64891778e-05
8.673136628e-05
7.743903423e-05
8.503925933e-05
8.432581251e-05
9.997181448e-05
9.909078427e-05
9.786411745e-05
9.696373187e-05
9.573557052e-05
9.482117557e-05
8.57971014e-05
9.267351865e-05
9.14576564e-05
9.807436535e-05
0.0001042146217
8.839960805e-05
8.721217675e-05
0.0001078615791
9.221405193e-05
9.122282492e-05
8.3058326e-05
0.0001026931455
8.778290354e-05
9.349732675e-05
9.221469999e-05
0.000110738007
0.0001092170819
8.894682372e-05
9.399145318e-05
0.0001115392021
9.778645197e-05
8.461609179e-05
8.345902033e-05
8.253876653e-05
0.0001163065462
8.627357035e-05
0.0001191463895
8.979036937e-05
9.411770941e-05
8.214948908e-05
8.645505278e-05
0.0001015697333
9.494905106e-05
6.785096611e-05
8.241327532e-05
9.174926531e-05
9.05588139e-05
7.966957799e-05
8.847965711e-05
9.73147609e-05
9.128045306e-05
8.561286823e-05
8.924413921e-05
9.766802338e-05
8.269068163e-05
8.643873887e-05
8.540010468e-05
8.458455297e-05
9.238760891e-05
0.0001002337592
9.47722535e-05
8.962412256e-05
9.283779731e-05
9.616737049e-05
9.098139174e-05
8.196014245e-05
8.514619585e-05
9.241769546e-05
9.544767896e-05
9.065555134e-05
8.976059464e-05
9.283341192e-05
9.195420979e-05
9.114236663e-05
8.948518091e-05
6.955769111e-05
9.921605426e-05
0.0001090153329
9.884170313e-05
7.894143719e-05
6.88162593e-05
9.808885232e-05
9.762343362e-05
0.0001168170711
8.711310669e-05
9.646095182e-05
0.0001054065577
0.0001049821826
8.525558877e-05
9.429011742e-05
9.351568444e-05
7.442195215e-05
0.0001014167381
9.166205906e-05
0.0001089408518
9.922664455e-05
9.821732417e-05
7.980439383e-05
7.017768193e-05
9.577770369e-05
7.748685475e-05
7.687357221e-05
0.0001013075111
9.208781301e-05
9.925455275e-05
9.018320816e-05
8.907171535e-05
8.825387172e-05
9.506269709e-05
8.63100927e-05
9.294575524e-05
9.2030511e-05
9.08279514e-05
8.990841422e-05
8.871799066e-05
9.511507593e-05
8.662365312e-05
9.999297983e-05
9.159779817e-05
9.061445118e-05
8.938418174e-05
0.0001020145736
9.391528211e-05
7.961569866e-05
0.0001047028705
0.000110018905
8.936336482e-05
8.837390892e-05
9.338993948e-05
9.851223195e-05
9.109238915e-05
0.0001020960632
8.293240518e-05
8.787691071e-05
8.668294699e-05
8.001749878e-05
9.021224123e-05
8.923092734e-05
9.353394765e-05
9.796825069e-05
0.0001181417385
8.500449365e-05
8.388012754e-05
8.299542636e-05
8.702742048e-05
0.0001013188459
0.0001000058845
8.908040752e-05
9.282554815e-05
9.188504787e-05
8.594956008e-05
8.981862284e-05
0.000107375004
9.7073513e-05
0.0001004515405
9.043439626e-05
8.041296552e-05
9.291898276e-05
8.745213873e-05
9.529142545e-05
8.991235699e-05
0.0001018022782
7.968767994e-05
9.97346044e-05
9.864356615e-05
9.36758799e-05
9.671087979e-05
9.184876407e-05
9.485764416e-05
9.009526561e-05
9.30814681e-05
9.225708056e-05
9.138000005e-05
9.057367155e-05
6.905248053e-05
0.0001084459676
8.859346898e-05
8.849442648e-05
9.806753303e-05
7.832343596e-05
6.827896911e-05
8.759115125e-05
9.686430955e-05
7.727295504e-05
9.604335124e-05
8.614374604e-05
6.656079499e-05
7.576392397e-05
7.520339286e-05
9.35702912e-05
8.352525196e-05
8.309019079e-05
8.235233422e-05
0.0001000701838
9.010589956e-05
9.848691048e-05
9.749007972e-05
7.921476036e-05
0.0001044942339
9.507664505e-05
8.547087092e-05
9.3275488e-05
8.381546217e-05
7.48037932e-05
9.85475099e-05
8.954243438e-05
9.648397157e-05
8.763317787e-05
9.439921618e-05
9.350100853e-05
9.230366821e-05
9.139636477e-05
9.020685841e-05
9.673638814e-05
8.811740571e-05
8.720557409e-05
8.604301917e-05
8.513504504e-05
8.399051669e-05
9.693830278e-05
0.0001024573214
9.458858316e-05
9.330321301e-05
7.909766187e-05
9.102307266e-05
0.0001093090821
8.244849386e-05
9.408035066e-05
0.000111355291
9.17686466e-05
9.051733294e-05
7.758112368e-05
0.000111845392
7.568289154e-05
9.762850765e-05
9.655912689e-05
7.844663245e-05
9.422081422e-05
9.295738277e-05
9.195549824e-05
9.606828021e-05
0.0001056038213
8.857790851e-05
9.279927757e-05
9.158534955e-05
9.063150779e-05
6.957883604e-05
7.378266414e-05
9.226280944e-05
8.652117988e-05
9.96674905e-05
9.397344601e-05
8.816461016e-05
9.189161567e-05
9.076738921e-05
7.64042439e-05
9.768797621e-05
9.235666474e-05
8.692257073e-05
9.901935015e-05
8.936698738e-05
9.275252786e-05
8.75404067e-05
9.912811527e-05
9.804212948e-05
8.500859227e-05
8.810922282e-05
9.128679461e-05
9.034674031e-05
9.343498739e-05
9.250688927e-05
9.168786104e-05
9.081291713e-05
9.376253058e-05
0.0001076647159
0.0001076003874
7.813636362e-05
5.853692626e-05
0.0001070359355
8.74294152e-05
9.678571974e-05
7.725600118e-05
8.650521031e-05
8.626184216e-05
0.0001143670371
9.498103523e-05
9.436081582e-05
0.000112779179
9.329103892e-05
0.0001021475095
8.28960137e-05
7.330242688e-05
0.0001089822426
8.126461384e-05
8.943781211e-05
9.775812422e-05
7.917833928e-05
0.0001048450346
9.508876128e-05
0.0001029662998
8.485426351e-05
7.576706569e-05
9.153834575e-05
9.90276262e-05
9.785046908e-05
9.699349316e-05
9.580839422e-05
9.493216776e-05
9.374493247e-05
8.511673036e-05
9.167039162e-05
9.077089805e-05
8.959420196e-05
8.869015088e-05
8.752489753e-05
9.383895304e-05
8.547011732e-05
9.866434461e-05
8.343662288e-05
9.630032149e-05
8.821618999e-05
9.397171651e-05
9.932043243e-05
8.513518317e-05
9.689864335e-05
9.583090561e-05
8.822529979e-05
8.101780041e-05
8.606240264e-05
0.0001033480769
8.994949173e-05
0.0001008164832
9.35987013e-05
9.256828807e-05
0.0001027312136
7.902722893e-05
9.467005789e-05
8.262440588e-05
0.0001141262078
0.0001021444561
0.0001007869493
7.871997991e-05
8.286098816e-05
9.223563164e-05
7.585901344e-05
0.0001050965769
8.89183145e-05
8.800452298e-05
9.170685262e-05
9.077749188e-05
9.906779874e-05
9.807825734e-05
5.996050247e-05
0.0001004728937
9.473292572e-05
0.0001027489049
9.710058878e-05
8.742963024e-05
0.0001036792533
9.842311431e-05
8.882819384e-05
9.638372747e-05
8.701142774e-05
9.442358446e-05
9.744798237e-05
8.449335566e-05
9.55346215e-05
9.073166006e-05
9.369919203e-05
9.286457443e-05
9.193936052e-05
9.112562254e-05
9.025282917e-05
9.691208547e-05
3.884781473e-05
8.735554763e-05
9.691557325e-05
7.744622167e-05
6.758850944e-05
8.675551632e-05
0.0001056458408
6.707965562e-05
7.630474953e-05
0.0001046245024
7.566369341e-05
6.598058327e-05
8.428120639e-05
0.000102598459
9.25885773e-05
0.0001105957374
0.0001097015804
9.094400083e-05
9.01446294e-05
9.858771286e-05
8.877955876e-05
7.939640007e-05
0.000104800831
9.54081966e-05
9.440122968e-05
0.0001022234973
0.0001010957869
9.19424883e-05
9.088902742e-05
9.013301002e-05
9.716321955e-05
9.631398676e-05
9.514221183e-05
9.427376626e-05
9.309965606e-05
9.221709731e-05
9.104574539e-05
9.766676166e-05
9.640562891e-05
9.543442624e-05
9.418532962e-05
8.604336644e-05
9.198019365e-05
9.101223864e-05
0.0001036124834
8.883706261e-05
9.438537931e-05
0.0001000316182
8.552393655e-05
8.458834885e-05
0.0001026992567
9.522049766e-05
8.766706866e-05
9.289136511e-05
9.773943686e-05
7.853523361e-05
8.342948185e-05
9.429519641e-05
0.0001046464629
8.624585375e-05
7.941029121e-05
9.537149226e-05
7.748643439e-05
7.664445357e-05
9.722680708e-05
0.0001015227806
0.0001001759898
9.389153561e-05
8.750818984e-05
9.167879135e-05
9.048295749e-05
9.451513812e-05
9.329486627e-05
0.0001069154385
9.595532194e-05
9.498280686e-05
8.909668228e-05
8.820659699e-05
9.169566916e-05
8.625333086e-05
8.968279773e-05
9.325350569e-05
9.213294007e-05
9.55975454e-05
7.729420082e-05
8.932671011e-05
0.0001009095522
8.330949134e-05
8.648880329e-05
9.385629125e-05
9.282511838e-05
8.398432712e-05
9.100060907e-05
9.410424676e-05
8.925007428e-05
9.230108387e-05
9.51862009e-05
9.434399729e-05
9.717457484e-05
8.890938527e-05
0.0001060110629
9.631652609e-05
0.0001057894983
0.0001152786821
6.707128105e-05
9.565769633e-05
8.577808177e-05
7.607797641e-05
0.0001041217741
9.439101234e-05
0.0001032507892
9.354584262e-05
0.0001022356598
0.0001018277592
8.270695384e-05
8.232775141e-05
0.0001088874096
0.0001083241265
8.948065086e-05
9.786282761e-05
9.694401638e-05
7.88174486e-05
9.537156025e-05
8.610778252e-05
9.372356899e-05
8.457611273e-05
0.000100376831
9.958928127e-05
9.024885596e-05
9.763606037e-05
9.648555643e-05
8.767360703e-05
9.448522977e-05
9.362443454e-05
9.24632022e-05
9.158827407e-05
9.042955429e-05
9.700740828e-05
9.575964697e-05
9.479649964e-05
8.636346837e-05
9.259661933e-05
9.137580857e-05
9.73705543e-05
8.235046659e-05
8.825999386e-05
9.377666204e-05
9.27618101e-05
0.0001045873781
0.0001034443009
8.929227834e-05
0.0001009256711
9.333841858e-05
8.615419992e-05
8.498835592e-05
0.0001020598441
0.0001006795736
8.785462983e-05
8.089076594e-05
8.000117092e-05
9.019947836e-05
0.0001115159571
8.80172531e-05
0.0001033851471
0.0001127447539
9.559764626e-05
8.909108823e-05
9.851076868e-05
9.209960604e-05
9.619133606e-05
8.494489531e-05
8.900502014e-05
8.785727436e-05
8.212352132e-05
8.584560012e-05
0.0001085797536
8.390554936e-05
9.691172534e-05
8.203586474e-05
0.0001083041456
9.360767242e-05
8.38709369e-05
0.0001003079696
0.0001036683638
9.817741113e-05
9.302358269e-05
9.194938223e-05
9.10943375e-05
9.4160269e-05
8.923943589e-05
8.023419422e-05
9.54073087e-05
9.438663217e-05
9.353885522e-05
9.256869378e-05
9.174439044e-05
9.082494048e-05
9.377248031e-05
9.286784036e-05
9.573214307e-05
8.607529669e-05
8.602441911e-05
7.635222723e-05
4.766732696e-05
0.0001045972853
6.645209788e-05
9.458738069e-05
0.0001038157096
8.454808037e-05
8.431175215e-05
0.000102475811
8.355995011e-05
0.0001014725218
9.188050161e-05
8.209342756e-05
9.079763505e-05
9.907813199e-05
9.856673608e-05
8.882638213e-05
7.948515623e-05
7.874252863e-05
9.563507473e-05
8.607790974e-05
8.548983922e-05
7.613637394e-05
0.0001007695867
9.966802887e-05
8.240641052e-05
9.776469758e-05
9.695484115e-05
7.186296041e-05
7.915261813e-05
9.383725876e-05
9.298398647e-05
9.183539119e-05
9.096796858e-05
8.982164778e-05
8.894482879e-05
8.780516717e-05
8.692342596e-05
9.294375618e-05
8.491172935e-05
0.0001047453626
8.291682893e-05
0.0001022724054
9.443578714e-05
9.317574602e-05
7.900154187e-05
0.000103923074
8.351548723e-05
8.872988183e-05
0.0001002908979
7.420417221e-05
0.0001039629982
0.0001085931298
8.352869121e-05
7.063034018e-05
9.313519313e-05
8.613853576e-05
9.655060307e-05
7.284150935e-05
9.975464198e-05
8.748509488e-05
9.73520175e-05
7.471099537e-05
9.502281334e-05
8.855749688e-05
0.0001082284225
8.646399996e-05
0.0001056825472
7.947270069e-05
8.847575343e-05
9.704021535e-05
9.604284145e-05
9.007846934e-05
9.855115631e-05
8.804351672e-05
0.0001009263659
9.967395442e-05
9.420631895e-05
8.862382004e-05
9.654014033e-05
8.670914391e-05
9.44678363e-05
9.759695588e-05
9.667672448e-05
9.971440152e-05
8.232245875e-05
8.953179224e-05
9.274191168e-05
7.975664732e-05
8.693609128e-05
9.38229218e-05
8.910604129e-05
9.201361306e-05
9.11943719e-05
9.78009506e-05
8.947953206e-05
9.230548367e-05
9.149315516e-05
0.0001044074393
9.485994741e-05
7.577548424e-05
0.0001040762555
9.437173593e-05
9.421638134e-05
7.510130097e-05
9.366917233e-05
0.0001118869813
0.0001115748919
9.246579975e-05
9.21533768e-05
9.15642657e-05
0.0001094406344
9.054326291e-05
9.012995683e-05
0.000107294793
8.895183849e-05
8.818161178e-05
9.644457283e-05
7.817551108e-05
9.494773632e-05
9.40096354e-05
0.0001018568423
8.39972928e-05
7.504352317e-05
8.247430566e-05
9.819591995e-05
9.708566323e-05
9.628306197e-05
9.515819817e-05
9.43314166e-05
9.319811466e-05
9.235224097e-05
9.121604817e-05
9.035600892e-05
8.922185992e-05
8.835235724e-05
8.72245945e-05
8.635005603e-05
9.233516412e-05
8.43570003e-05
9.019055717e-05
8.238021933e-05
9.484092976e-05
8.712805908e-05
9.258248224e-05
9.158266326e-05
9.681295839e-05
0.000102140551
8.817452535e-05
8.720605215e-05
0.000104469822
9.116318735e-05
0.0001079238686
0.0001067329393
8.774762749e-05
9.256582869e-05
0.0001027378079
8.467424058e-05
7.240132765e-05
0.0001046607463
9.782924953e-05
9.139135798e-05
7.426422936e-05
8.395986853e-05
8.803025912e-05
9.221509854e-05
8.089524181e-05
7.003725056e-05
8.394056621e-05
9.772527118e-05
7.717445144e-05
7.638122683e-05
8.012229742e-05
9.330588978e-05
8.752621578e-05
9.12120156e-05
9.008073089e-05
9.811275624e-05
8.810365448e-05
9.16108771e-05
9.051001717e-05
9.391293555e-05
9.280491857e-05
9.610828574e-05
8.673645753e-05
9.002142756e-05
9.304916384e-05
9.620304711e-05
9.51417017e-05
8.642164435e-05
9.326590481e-05
9.242821183e-05
9.146514966e-05
9.06509089e-05
9.347626377e-05
9.264997048e-05
9.541989249e-05
9.458058757e-05
9.420334945e-05
7.531844383e-05
7.520738904e-05
9.390569177e-05
9.366575382e-05
0.0001122142677
0.0001118117684
8.367389312e-05
8.329179484e-05
9.228883131e-05
0.0001009602393
9.147257459e-05
9.089083791e-05
9.05305463e-05
9.886956798e-05
8.947202645e-05
0.0001065158283
7.947633504e-05
9.630074789e-05
8.704613622e-05
8.624066803e-05
7.713016964e-05
9.334315598e-05
0.0001011362205
9.174773146e-05
9.10767491e-05
9.009003407e-05
8.938761213e-05
8.034666368e-05
9.562052796e-05
8.663244416e-05
8.588119293e-05
8.485365014e-05
9.172902187e-05
9.060500296e-05
9.723158011e-05
0.0001034017007
9.508170371e-05
8.665164897e-05
9.293288413e-05
8.467799104e-05
9.0793595e-05
8.960938774e-05
8.867138647e-05
8.077323901e-05
8.657291012e-05
7.885433611e-05
9.100426044e-05
8.337831532e-05
8.881330734e-05
0.0001001440886
9.285469535e-05
9.161040286e-05
9.06013296e-05
8.938567179e-05
8.250661707e-05
8.139964232e-05
9.775359481e-05
8.509747344e-05
8.416302098e-05
9.410995221e-05
8.760636524e-05
0.0001080498157
8.550187057e-05
9.491499624e-05
9.910995337e-05
9.265686582e-05
9.676226157e-05
0.0001005228656
8.454390833e-05
0.0001079905655
7.772078375e-05
9.11074895e-05
8.542517835e-05
9.371013846e-05
7.884599882e-05
9.617442742e-05
9.067909059e-05
9.851048386e-05
8.867267803e-05
9.634851532e-05
9.975003497e-05
8.569683276e-05
9.336451567e-05
8.806888307e-05
9.13922972e-05
9.033496057e-05
9.356232169e-05
8.84815006e-05
9.165368422e-05
9.458208816e-05
9.372354557e-05
8.885231841e-05
9.188272227e-05
9.471165203e-05
9.011388496e-05
9.663664993e-05
9.209873341e-05
8.755291943e-05
9.03991699e-05
8.415131615e-05
9.344676761e-05
0.0001026406543
8.388643962e-05
9.297025598e-05
6.497249881e-05
0.0001017353563
0.0001107397721
9.186394337e-05
0.0001099305106
0.000100219141
9.988193351e-05
9.924996787e-05
8.987033584e-05
8.922919331e-05
7.994126878e-05
0.0001057480928
8.767152022e-05
8.691975067e-05
9.506683828e-05
9.419132117e-05
8.509298116e-05
8.426005457e-05
8.368810303e-05
9.939000275e-05
9.044259238e-05
9.76004381e-05
8.070084159e-05
9.575550462e-05
9.496704957e-05
9.386686542e-05
8.529989773e-05
9.194559545e-05
9.11141577e-05
9.750226406e-05
8.915646233e-05
8.804599815e-05
8.719078195e-05
9.326002967e-05
8.52257133e-05
9.114158115e-05
8.326900605e-05
8.903566023e-05
8.132757042e-05
8.026083711e-05
9.264208239e-05
0.0001044780961
9.043311773e-05
8.285862681e-05
8.195627008e-05
0.0001057453553
0.0001045857
7.890872502e-05
7.804017443e-05
8.884149398e-05
8.20049027e-05
9.246573972e-05
8.001676528e-05
9.022541038e-05
7.808074148e-05
0.0001100565135
8.70836775e-05
8.055613308e-05
8.499444066e-05
9.435411986e-05
8.815355437e-05
9.722903064e-05
8.606754458e-05
8.99403011e-05
9.888054071e-05
9.759965714e-05
9.175422859e-05
9.057657845e-05
8.492734736e-05
9.782342196e-05
9.222045782e-05
9.561591628e-05
8.564473902e-05
9.793887516e-05
9.256588574e-05
8.708142908e-05
9.05475675e-05
8.945946411e-05
9.282246378e-05
9.589605441e-05
9.499122898e-05
9.389158769e-05
9.706199661e-05
9.196397527e-05
9.111909152e-05
9.40290193e-05
8.929311157e-05
9.217147972e-05
9.134363364e-05
9.415375735e-05
8.95831863e-05
9.237003236e-05
8.789185624e-05
9.065854837e-05
9.705088393e-05
0.0001113719486
0.0001020314357
9.262046933e-05
0.0001017708276
8.305650954e-05
9.213404733e-05
7.344563153e-05
0.0001007659376
6.383400844e-05
7.275090868e-05
9.044440314e-05
0.0001081688498
8.95732687e-05
8.921968507e-05
7.972772305e-05
7.936611082e-05
7.8743509e-05
7.834057507e-05
8.630226664e-05
9.439262729e-05
0.0001020298918
9.29437495e-05
0.0001004052554
6.648342655e-05
9.870125115e-05
9.798240624e-05
9.693017325e-05
9.617748013e-05
9.510400057e-05
9.432244241e-05
8.546473226e-05
9.242882044e-05
9.133187633e-05
9.050748158e-05
9.685774338e-05
9.59492668e-05
8.746961376e-05
9.383982074e-05
9.265538302e-05
0.0001058430634
9.055628711e-05
0.0001034193322
9.52745582e-05
9.427981492e-05
7.975489529e-05
0.0001117862049
9.733625366e-05
8.344987791e-05
9.501389596e-05
8.771472651e-05
9.273149846e-05
9.171533794e-05
7.842770446e-05
8.353159563e-05
8.241697517e-05
0.0001047976113
9.765445621e-05
7.95364076e-05
0.0001065029483
7.761495441e-05
9.299279118e-05
9.738808855e-05
0.0001121128205
7.921218574e-05
8.337762956e-05
9.79460428e-05
0.0001017477089
8.556428385e-05
7.948106949e-05
9.338922914e-05
7.277455228e-05
9.602241073e-05
0.0001090100968
9.850783267e-05
9.262649107e-05
8.251844151e-05
9.959070474e-05
8.963170713e-05
9.737386173e-05
7.450184999e-05
9.09081184e-05
9.00251155e-05
9.741406876e-05
8.809182099e-05
9.534218583e-05
9.033619139e-05
9.334843788e-05
8.845862777e-05
9.540607095e-05
9.452942499e-05
9.348238098e-05
9.26336699e-05
9.163384285e-05
9.081083392e-05
8.985830082e-05
8.905870182e-05
8.815361045e-05
9.46563342e-05
9.372745483e-05
8.933103712e-05
9.212860513e-05
0.0001104900906
0.0001011354959
9.184080206e-05
0.0001007707719
7.316819283e-05
0.0001093647688
8.184378121e-05
0.0001086344552
9.027824566e-05
7.183208167e-05
0.0001073870569
8.89287058e-05
9.743622664e-05
8.795272068e-05
7.879916999e-05
8.687112638e-05
0.0001037130423
9.426284343e-05
9.372791191e-05
9.287277438e-05
9.229442104e-05
9.139923684e-05
8.252855253e-05
8.985348135e-05
8.920040843e-05
9.626905161e-05
9.552298115e-05
9.446130205e-05
9.368652703e-05
9.261011117e-05
9.181156293e-05
9.072629581e-05
9.740123361e-05
9.622168771e-05
8.798834829e-05
9.414245401e-05
0.0001004025785
8.497710117e-05
8.413027381e-05
8.99784624e-05
8.905944585e-05
8.790996644e-05
8.030148345e-05
8.585989983e-05
7.841456643e-05
9.028309879e-05
8.293263889e-05
9.442897556e-05
8.717556517e-05
9.830962345e-05
0.0001033102246
0.0001019379015
9.488699319e-05
0.0001053273323
8.680667063e-05
8.565098593e-05
9.035632329e-05
0.0001002986676
0.0001102209881
7.069254567e-05
9.143534206e-05
7.961062065e-05
8.924727746e-05
9.843268881e-05
9.224931701e-05
8.59826273e-05
9.507474189e-05
9.877575321e-05
7.818802925e-05
9.647236364e-05
8.11477168e-05
9.424537387e-05
9.327654669e-05
9.209401168e-05
8.20439903e-05
9.001726773e-05
8.91170366e-05
9.241463326e-05
7.843169012e-05
7.747438718e-05
8.950865794e-05
8.422192272e-05
9.17570254e-05
9.067317072e-05
9.798244252e-05
8.877625185e-05
8.794968321e-05
9.090380699e-05
9.006839925e-05
9.29420617e-05
9.209818243e-05
9.110244169e-05
9.404605595e-05
8.933515769e-05
9.222950314e-05
8.763809068e-05
8.68643407e-05
9.317657201e-05
9.591089117e-05
0.0001097486212
0.0001005446427
9.127213663e-05
8.205528471e-05
9.094438359e-05
8.171659685e-05
9.047727584e-05
9.93072733e-05
9.886310258e-05
8.962737773e-05
8.914519986e-05
7.996236286e-05
8.829335308e-05
8.794624394e-05
9.606089085e-05
8.693363493e-05
7.763241314e-05
7.7236819e-05
7.658392479e-05
0.0001015336287
9.222724813e-05
9.165410237e-05
9.076913224e-05
8.196074409e-05
9.735199388e-05
8.053820433e-05
9.561688736e-05
9.487732984e-05
9.382723175e-05
9.305912883e-05
9.199426985e-05
9.120249506e-05
9.012869304e-05
8.931804784e-05
8.824055205e-05
8.74156949e-05
9.353412451e-05
9.975534211e-05
9.146930981e-05
9.752522117e-05
9.628550071e-05
0.0001021107968
8.735772675e-05
8.64479292e-05
8.532540174e-05
9.091524647e-05
9.613498815e-05
8.87619086e-05
0.0001063647079
9.283177663e-05
8.549885717e-05
9.060360219e-05
8.940351343e-05
0.0001002110211
8.143146929e-05
8.628826518e-05
9.649470633e-05
0.0001010478717
6.647124812e-05
8.765697771e-05
0.0001027138236
9.089940218e-05
0.0001002517763
9.916534178e-05
9.271057024e-05
9.171393346e-05
9.05140772e-05
0.000104475265
9.329646031e-05
8.745496195e-05
9.112250484e-05
7.593580885e-05
8.433505211e-05
8.810518562e-05
9.156761939e-05
9.517079104e-05
0.0001029289839
0.0001018994793
9.626316931e-05
9.53140625e-05
8.131221634e-05
8.476008782e-05
9.630272916e-05
7.879250418e-05
8.195949861e-05
9.742277992e-05
8.826856732e-05
9.142140526e-05
9.431252515e-05
8.955208767e-05
8.855762115e-05
9.156885036e-05
9.435121706e-05
8.976366612e-05
8.881807064e-05
9.169577487e-05
9.438927912e-05
8.995785401e-05
9.263212697e-05
0.0001024139073
9.079547911e-05
9.981737773e-05
8.155132674e-05
9.956532281e-05
9.931742837e-05
7.211341505e-05
9.880940932e-05
0.0001075567242
0.0001070780887
8.008724484e-05
0.0001062113944
0.0001058568907
9.643371599e-05
8.732305874e-05
8.671225425e-05
9.495352196e-05
8.565393475e-05
0.0001022620302
9.295149148e-05
7.562141734e-05
9.991705483e-05
9.929738976e-05
9.834289748e-05
9.768083456e-05
9.669110471e-05
7.999262158e-05
8.705904138e-05
9.4240348e-05
9.320161706e-05
8.473673801e-05
9.13865649e-05
9.06014549e-05
9.700048739e-05
0.0001109187224
8.766859662e-05
8.685044729e-05
8.578486739e-05
9.203665438e-05
9.08875879e-05
8.998452361e-05
8.201045192e-05
8.793968602e-05
9.349025748e-05
0.0001057346208
9.132040317e-05
9.035385193e-05
0.0001019150999
8.821848109e-05
8.706177868e-05
0.0001045705039
7.891287154e-05
7.805007637e-05
8.294375163e-05
9.375234195e-05
7.516553757e-05
8.005761377e-05
0.0001128530592
0.0001004519914
7.158812511e-05
8.714325777e-05
8.599144529e-05
0.0001010014388
0.0001049160617
9.340149768e-05
8.193366299e-05
9.118472841e-05
9.499343101e-05
9.892847689e-05
8.299770966e-05
9.661576918e-05
9.060227299e-05
9.437787852e-05
8.38548004e-05
8.760343262e-05
9.104721043e-05
9.012363261e-05
0.0001023448169
9.691574843e-05
8.701570094e-05
9.908125579e-05
8.936185316e-05
8.427935055e-05
9.575651439e-05
9.896265619e-05
8.556889549e-05
9.686947445e-05
8.377726289e-05
9.485363283e-05
9.377509936e-05
9.291303838e-05
9.187994696e-05
9.104556817e-05
9.005791753e-05
9.296779867e-05
9.198639074e-05
8.752146086e-05
8.662493049e-05
9.301561995e-05
8.855193031e-05
9.12863553e-05
6.310029613e-05
9.910055819e-05
0.0001079549972
8.986476811e-05
9.860636444e-05
8.949668581e-05
7.1348387e-05
9.789023696e-05
7.087767315e-05
9.718873624e-05
8.788279324e-05
0.0001051080444
8.704949969e-05
9.537950746e-05
8.610505061e-05
0.000102861235
0.0001020696491
7.616373289e-05
9.23094033e-05
7.50999068e-05
9.923208817e-05
8.218159511e-05
9.767414417e-05
8.893307354e-05
9.603912813e-05
9.534525705e-05
9.43387126e-05
9.361186219e-05
9.258428998e-05
9.182920854e-05
9.078683613e-05
9.000828481e-05
8.895679843e-05
9.550609385e-05
8.710400801e-05
8.629246273e-05
8.52376154e-05
8.441621562e-05
9.031321843e-05
8.253891625e-05
0.0001018712322
0.0001075572915
9.291025015e-05
9.851249781e-05
9.07589031e-05
8.979934797e-05
9.496301176e-05
9.394464338e-05
9.271664115e-05
0.0001039393724
7.843969063e-05
9.548639536e-05
0.0001001180627
9.31951319e-05
0.0001092082725
0.0001023237725
8.975263967e-05
7.767129822e-05
9.854398774e-05
0.0001028796849
9.083619344e-05
8.984615221e-05
8.866434846e-05
9.286316009e-05
9.164631523e-05
9.569835085e-05
8.450834466e-05
9.836323524e-05
0.0001067971672
9.606569419e-05
9.008794758e-05
8.445793311e-05
7.411554433e-05
8.710736215e-05
9.053268335e-05
8.961424076e-05
9.291791774e-05
9.198828208e-05
9.085127797e-05
8.995520617e-05
8.462671873e-05
9.637464113e-05
8.693676854e-05
9.840431094e-05
8.913754015e-05
9.63224184e-05
9.520409568e-05
9.431715461e-05
9.324376375e-05
8.853702154e-05
9.135794103e-05
9.430024242e-05
8.954458615e-05
8.874037345e-05
9.146005099e-05
9.064663829e-05
8.971571308e-05
9.603825459e-05
9.156210406e-05
9.075949795e-05
8.950038416e-05
8.944905513e-05
9.825383864e-05
9.814733677e-05
0.0001068059017
9.774684705e-05
8.855332237e-05
8.836070578e-05
7.917426559e-05
0.0001052758699
9.599139396e-05
9.567224211e-05
0.000103728748
8.610281335e-05
9.405692091e-05
0.0001021468718
9.291741918e-05
8.404254928e-05
8.334193188e-05
9.116010446e-05
9.034341153e-05
7.346075578e-05
7.276081857e-05
8.833357498e-05
9.539588507e-05
8.68156685e-05
8.59029919e-05
9.299170355e-05
9.197508689e-05
9.122635984e-05
9.771117151e-05
8.942283119e-05
8.838220545e-05
8.759138155e-05
8.654664481e-05
9.288673564e-05
9.175540981e-05
8.388235834e-05
9.664960621e-05
9.569205124e-05
8.773906839e-05
0.0001002089243
0.0001055284515
0.0001044334305
0.0001095337513
8.925160852e-05
0.0001069726975
9.337644298e-05
8.601560839e-05
9.116101192e-05
7.197429279e-05
8.898563113e-05
8.781688557e-05
0.0001042250695
9.142471168e-05
8.476954568e-05
0.0001003826406
8.824983866e-05
9.252973314e-05
9.151702729e-05
9.562508808e-05
9.458325264e-05
7.77846552e-05
7.69424938e-05
8.099848723e-05
0.0001001604788
0.0001087422317
9.291419525e-05
8.688474001e-05
9.552184737e-05
8.95794286e-05
9.79780883e-05
9.672894135e-05
9.11756613e-05
8.102154509e-05
8.465504611e-05
8.79966539e-05
8.71161328e-05
8.603985505e-05
8.945064239e-05
0.0001009827484
9.583416006e-05
9.056583576e-05
9.785223068e-05
8.863715719e-05
9.179061039e-05
9.466883524e-05
8.206337191e-05
9.271841538e-05
9.56935534e-05
9.46269094e-05
9.001674323e-05
9.645682973e-05
9.1913986e-05
9.093970033e-05
0.0001009467441
8.920305032e-05
8.841639279e-05
8.753491298e-05
9.718012467e-05
9.775325271e-05
9.7697368e-05
7.982091928e-05
6.201578894e-05
8.837668235e-05
9.705721022e-05
0.0001055160716
8.773915607e-05
7.861904674e-05
0.0001045381501
9.532120604e-05
0.0001036416932
0.0001030082467
0.0001026064688
7.642422241e-05
0.0001014423626
8.389078571e-05
0.0001001600746
9.932888367e-05
9.053998701e-05
9.788994791e-05
8.917927651e-05
8.030296453e-05
9.571865972e-05
8.686443443e-05
9.407920879e-05
9.30942595e-05
9.237970766e-05
9.13738485e-05
9.063137478e-05
9.707824444e-05
8.884494445e-05
9.513290332e-05
8.70305664e-05
8.59963692e-05
9.229754073e-05
0.0001122183923
9.724774614e-05
8.918598625e-05
8.151104044e-05
8.719652915e-05
9.295123921e-05
8.521644936e-05
9.082042496e-05
9.606039239e-05
8.237404549e-05
8.756464846e-05
0.0001113780894
9.160917359e-05
8.457621677e-05
7.751015093e-05
9.435634442e-05
8.148042048e-05
8.634407701e-05
9.089087034e-05
7.865677556e-05
9.980039517e-05
9.322212973e-05
8.658481432e-05
8.028525189e-05
8.451291753e-05
8.359249943e-05
8.765333387e-05
0.0001122059762
0.0001006735742
8.46535145e-05
7.863836173e-05
8.266412394e-05
9.119530375e-05
0.0001044825359
9.376486132e-05
0.0001067070373
0.0001007677146
7.706537259e-05
8.952088042e-05
8.861253889e-05
8.313031553e-05
9.096136105e-05
8.983809883e-05
9.742329847e-05
9.205146694e-05
9.529970736e-05
9.006075404e-05
9.730631056e-05
9.214883172e-05
9.127802596e-05
9.021707821e-05
8.9376275e-05
8.835733054e-05
9.515729229e-05
9.409533704e-05
8.951100114e-05
9.222425154e-05
9.13959881e-05
8.680822764e-05
9.679093651e-05
9.224406183e-05
9.494738466e-05
8.703511462e-05
8.972381954e-05
9.706588734e-05
0.0001058297119
9.687372541e-05
8.79719753e-05
0.0001053087038
9.637723645e-05
8.731550896e-05
9.583891848e-05
0.0001040954143
9.515980597e-05
9.466031141e-05
0.000102923754
9.377287841e-05
9.340782132e-05
9.27667546e-05
0.0001007475048
8.331908995e-05
9.118861968e-05
8.221389362e-05
9.810354466e-05
9.723240093e-05
9.663415937e-05
8.774458478e-05
9.508200289e-05
9.413490682e-05
9.345870998e-05
9.248426427e-05
9.177571443e-05
9.078041961e-05
9.00441005e-05
8.903396695e-05
9.563068539e-05
8.725500406e-05
0.0001008897014
9.257413407e-05
9.171577343e-05
9.060671324e-05
9.664042243e-05
9.545076882e-05
0.0001080088579
0.0001066592718
9.897988599e-05
7.818224496e-05
9.671613395e-05
8.911508234e-05
0.0001070707769
9.325766315e-05
9.226041544e-05
9.713632229e-05
9.608552938e-05
0.0001007623921
9.380129028e-05
8.100405046e-05
8.583988727e-05
9.036322716e-05
8.937218332e-05
9.922486515e-05
9.813712889e-05
9.146911102e-05
9.579061418e-05
7.877935225e-05
9.350604042e-05
9.741012072e-05
8.11419984e-05
9.00949707e-05
7.42730021e-05
9.285832751e-05
9.18703316e-05
9.068471956e-05
8.500717787e-05
7.92552714e-05
8.304375379e-05
0.0001002066657
9.466832798e-05
9.347458348e-05
8.8120039e-05
9.137098625e-05
9.476390096e-05
9.784850194e-05
9.267060757e-05
9.570209718e-05
9.477118271e-05
9.770320878e-05
9.676644805e-05
8.366882797e-05
9.077113458e-05
8.971549601e-05
9.274352336e-05
9.168528005e-05
9.462700805e-05
9.731249174e-05
8.901091014e-05
9.170741004e-05
9.088379601e-05
9.710988695e-05
9.981125027e-05
9.877851565e-05
9.09144796e-05
0.0001003875499
9.95088085e-05
8.762556461e-05
7.881820305e-05
8.74528242e-05
9.609450359e-05
0.0001045757361
0.0001044073353
8.670948897e-05
8.652192546e-05
9.476090206e-05
9.450219083e-05
9.400851809e-05
9.369771846e-05
8.466405021e-05
8.433507602e-05
0.0001005107496
9.172359307e-05
9.103064673e-05
9.880612731e-05
8.982737342e-05
9.744515184e-05
8.853499304e-05
9.599052492e-05
9.508767581e-05
9.445375932e-05
9.351683667e-05
9.284634254e-05
9.188221092e-05
9.117956791e-05
9.019464904e-05
8.946438808e-05
8.846462263e-05
8.771129229e-05
9.392729346e-05
8.593020784e-05
8.491654675e-05
9.114129414e-05
9.004308336e-05
8.918059175e-05
8.808654598e-05
9.392652556e-05
9.275682091e-05
9.837660331e-05
9.066044472e-05
8.972302872e-05
8.858029504e-05
8.138720715e-05
9.27027436e-05
8.559818982e-05
8.449266034e-05
9.551927896e-05
0.0001001723483
0.0001107376147
8.053321819e-05
8.534155159e-05
7.861146546e-05
8.330336207e-05
8.221327918e-05
0.0001029958207
8.559799156e-05
8.466240749e-05
9.399955335e-05
0.000103307315
0.00010195896
9.077046752e-05
0.0001045210386
9.847526937e-05
7.775954905e-05
9.616541712e-05
8.543351448e-05
8.453397222e-05
0.0001066325313
9.63466308e-05
8.606294388e-05
8.517801771e-05
0.0001018111601
8.325133422e-05
9.519371234e-05
8.995711517e-05
9.307809085e-05
9.634847919e-05
9.103643324e-05
9.83462484e-05
9.311581895e-05
9.22228536e-05
8.320692305e-05
9.419461764e-05
9.309856727e-05
9.223058405e-05
9.117729851e-05
9.033849724e-05
9.304991009e-05
9.220455837e-05
9.11963292e-05
9.399240519e-05
8.583703471e-05
8.861877604e-05
9.120760864e-05
8.692686864e-05
9.293664252e-05
9.212349239e-05
7.831616256e-05
9.56655387e-05
0.0001042165597
7.807841732e-05
8.654408414e-05
7.776448114e-05
8.611182325e-05
9.451847697e-05
9.411007215e-05
8.532145671e-05
0.0001018534248
9.305753174e-05
9.249677445e-05
7.538566559e-05
8.319227586e-05
9.938596108e-05
9.041863593e-05
8.996422265e-05
8.922758207e-05
9.679553733e-05
8.794816886e-05
9.535540763e-05
9.446232146e-05
9.383376336e-05
9.290682982e-05
9.224194765e-05
9.128794536e-05
9.059111616e-05
8.961638951e-05
8.88920924e-05
8.790251359e-05
8.715524639e-05
8.61561926e-05
9.250626362e-05
0.000112515655
0.0001045084232
8.260285143e-05
8.18127867e-05
8.754692859e-05
0.0001000204349
9.219370039e-05
9.126192143e-05
0.0001029884749
0.0001019248181
0.0001006307292
9.957243312e-05
9.215438896e-05
9.724880016e-05
0.0001139958267
8.308970555e-05
0.0001054473614
8.691613589e-05
8.578695822e-05
0.0001018187623
9.49089902e-05
8.282584038e-05
8.174457657e-05
0.0001077991672
9.575208858e-05
8.944453506e-05
9.866269372e-05
0.0001078619368
9.631805925e-05
8.524739637e-05
0.0001039378593
0.0001077186707
8.216043429e-05
9.563122354e-05
9.440054019e-05
8.87363394e-05
0.0001014333085
0.0001003774291
9.009373104e-05
0.0001025424279
9.684937011e-05
0.0001002239746
9.03679999e-05
9.372341734e-05
0.0001009828622
9.581991419e-05
9.465259502e-05
9.373152744e-05
9.260506151e-05
9.171680961e-05
8.275009016e-05
9.367727552e-05
9.258665695e-05
9.172328739e-05
9.445303634e-05
8.984061585e-05
9.253585974e-05
9.169511116e-05
9.069091325e-05
9.347150093e-05
8.891618964e-05
8.812590834e-05
9.767484185e-05
8.6441451e-05
9.92604892e-05
9.160671634e-05
8.641872058e-05
0.0001036439057
8.624977419e-05
7.754154506e-05
9.454499069e-05
9.439330438e-05
9.407457426e-05
0.000102405608
9.346812122e-05
9.321385605e-05
6.744108626e-05
9.242603376e-05
0.0001002236278
9.983563812e-05
9.089653111e-05
8.226574745e-05
9.797978119e-05
8.936427197e-05
8.86357474e-05
9.615452672e-05
9.531171556e-05
8.683458626e-05
8.602471055e-05
9.322185365e-05
9.23047295e-05
9.164537065e-05
9.825976057e-05
9.751106211e-05
9.646595559e-05
8.832707202e-05
9.462646136e-05
8.660620619e-05
8.561710001e-05
9.900021406e-05
0.0001048293823
9.001365861e-05
9.577787891e-05
9.4863128e-05
0.0001004006334
8.615774338e-05
8.509184909e-05
9.07123787e-05
8.957591221e-05
0.0001013163838
8.127762303e-05
8.661017453e-05
9.771998232e-05
9.063551317e-05
8.947175648e-05
0.0001003069775
9.318847227e-05
8.641371553e-05
0.0001080391369
7.873790331e-05
9.991847874e-05
0.0001043147653
9.211867958e-05
0.0001018292412
0.0001057917616
9.417281948e-05
7.229150623e-05
9.704298119e-05
9.074004597e-05
7.479924719e-05
8.367331315e-05
9.251380363e-05
9.131894166e-05
8.55926388e-05
8.91867042e-05
9.289243547e-05
9.170587685e-05
9.52888453e-05
9.856038847e-05
9.754689339e-05
8.756363926e-05
9.967607501e-05
8.559497052e-05
9.744859224e-05
9.624739432e-05
8.701041111e-05
9.004354056e-05
8.916715455e-05
9.610421916e-05
8.725036324e-05
9.40551385e-05
8.928368574e-05
9.208034541e-05
9.122154078e-05
9.017803716e-05
8.934819232e-05
8.834635958e-05
0.0001021342141
9.019106852e-05
9.295633853e-05
9.196127674e-05
9.815511176e-05
8.672518059e-05
9.627679555e-05
8.849538961e-05
8.772179072e-05
8.582767947e-05
0.0001029352311
0.0001027926921
9.412578453e-05
0.0001024367997
0.00010227275
0.0001019290476
9.32339263e-05
9.28348688e-05
9.258277224e-05
9.210590405e-05
9.180304883e-05
9.955083905e-05
9.090231003e-05
8.208160821e-05
8.988900028e-05
9.732979041e-05
9.684247651e-05
9.605641322e-05
9.552195021e-05
8.679755258e-05
9.411005713e-05
9.323596865e-05
9.261787302e-05
9.171038299e-05
9.105646081e-05
9.012218089e-05
8.943670869e-05
9.585531908e-05
8.77691891e-05
0.0001012660327
8.606404012e-05
8.508471185e-05
9.838601483e-05
9.723783883e-05
9.634179711e-05
8.839349645e-05
0.0001010197876
0.0001130987611
9.881246554e-05
9.108772529e-05
9.01694146e-05
0.0001017637925
0.0001007151704
9.322903254e-05
0.0001045506547
8.500511962e-05
8.409942235e-05
7.709251005e-05
9.972611857e-05
0.0001042337258
8.01892656e-05
9.046057011e-05
8.388066679e-05
9.383205892e-05
8.734617034e-05
0.0001239286356
9.592655271e-05
0.0001051990309
9.364563003e-05
9.242835993e-05
8.126541072e-05
8.522387429e-05
7.934383639e-05
9.300120753e-05
0.0001016881207
9.559693975e-05
9.93094675e-05
0.0001027032989
9.700302047e-05
8.66449236e-05
8.574303265e-05
0.0001069348195
8.819597908e-05
0.0001001507732
9.482395359e-05
0.0001021563362
9.270553406e-05
8.323936754e-05
9.890086281e-05
9.362586157e-05
8.868337262e-05
9.558279006e-05
9.46656014e-05
8.964667272e-05
9.265945433e-05
9.157954129e-05
9.450547253e-05
9.342351594e-05
9.256368477e-05
9.518559642e-05
9.069292088e-05
9.687243967e-05
9.244682358e-05
9.145534503e-05
9.761521166e-05
8.624603455e-05
8.890616813e-05
9.13889062e-05
8.052476861e-05
8.524466802e-05
9.37165002e-05
8.507937468e-05
0.0001019861993
9.326453869e-05
9.311544579e-05
9.280398513e-05
9.260465584e-05
8.382739936e-05
8.360016018e-05
9.980585312e-05
8.289855088e-05
9.888702278e-05
9.850559373e-05
9.784478605e-05
8.92936699e-05
9.668836678e-05
8.818806023e-05
9.542762515e-05
8.698950555e-05
7.839405555e-05
9.349950103e-05
8.491510137e-05
9.202166833e-05
9.112364145e-05
9.047507127e-05
8.95503931e-05
8.887046811e-05
0.0001025794697
8.721830924e-05
8.625824481e-05
8.552861988e-05
8.455890382e-05
8.381090539e-05
8.283626228e-05
8.207407861e-05
9.461521344e-05
9.371414278e-05
8.596702884e-05
9.821935689e-05
9.701210254e-05
8.323056088e-05
8.219437624e-05
9.386348454e-05
9.268267209e-05
9.782499007e-05
9.658407451e-05
9.555591865e-05
9.433602041e-05
9.915194824e-05
8.060680768e-05
9.112117456e-05
8.994671921e-05
8.896507371e-05
8.781431202e-05
8.142556768e-05
8.572799441e-05
8.479056193e-05
8.892096934e-05
9.829788304e-05
9.191623626e-05
8.081545473e-05
9.971065183e-05
8.383834743e-05
9.249084629e-05
7.705167986e-05
8.081328438e-05
9.406366809e-05
8.821522294e-05
8.728672362e-05
8.617442999e-05
8.527745963e-05
8.8629633e-05
0.000100875927
9.527844233e-05
9.431118096e-05
8.467060813e-05
9.220483868e-05
9.520878525e-05
8.607119539e-05
8.907207227e-05
9.622343122e-05
9.110586409e-05
9.415456605e-05
8.916245898e-05
9.215879303e-05
9.108415523e-05
9.775386543e-05
8.920044125e-05
9.574431071e-05
9.102723132e-05
9.019999625e-05
9.991265565e-05
8.487033574e-05
9.445321701e-05
9.014684574e-05
8.920304003e-05
8.841787781e-05
9.088438662e-05
9.009059932e-05
0.0001016034284
8.462213632e-05
9.295660693e-05
0.000101299109
8.421566489e-05
9.248940362e-05
0.0001005616089
9.198382278e-05
9.159376178e-05
9.134589782e-05
9.914150194e-05
8.234721702e-05
9.004600062e-05
8.969929198e-05
8.100020603e-05
9.67703709e-05
8.004611835e-05
8.761148942e-05
9.480701567e-05
9.428144229e-05
9.346544102e-05
9.289681606e-05
9.20410499e-05
9.14330904e-05
9.054435985e-05
9.73928138e-05
9.640129966e-05
8.831135238e-05
0.0001019382521
9.389715985e-05
9.286738532e-05
0.0001062497754
8.403955466e-05
9.023875638e-05
8.233202009e-05
8.837357035e-05
0.0001007618595
0.0001064571712
8.545299154e-05
9.112443747e-05
0.0001028662522
8.910275539e-05
8.799690759e-05
0.0001119756355
0.0001044283685
7.902054828e-05
8.402272053e-05
9.500464669e-05
8.207082088e-05
8.698619259e-05
9.732283599e-05
0.0001019288537
8.3848756e-05
9.95210595e-05
9.277929328e-05
9.176517565e-05
9.05782855e-05
0.0001001280939
9.362994697e-05
8.746383139e-05
0.0001015663961
9.041676074e-05
7.437298717e-05
8.828360351e-05
9.198605587e-05
7.184187491e-05
8.510188047e-05
8.419725674e-05
9.697288908e-05
8.224482917e-05
0.0001082640233
8.928096348e-05
8.815211792e-05
9.160784264e-05
9.476606371e-05
9.806773901e-05
9.684825458e-05
8.337229335e-05
8.646324646e-05
9.783902896e-05
9.262116385e-05
9.570696922e-05
9.455672422e-05
9.364901853e-05
9.253925006e-05
9.166351305e-05
9.059409977e-05
9.348823452e-05
9.241619671e-05
9.889063416e-05
9.777804559e-05
0.0001004778889
9.227301766e-05
9.847855078e-05
8.350153882e-05
8.62080677e-05
8.871559033e-05
8.793492178e-05
8.703779927e-05
8.959631787e-05
9.25122972e-05
0.0001008661862
0.0001007283771
9.223611354e-05
9.201830636e-05
9.187172335e-05
7.491866749e-05
9.137125858e-05
7.4442739e-05
9.073977155e-05
9.027877531e-05
8.998348504e-05
8.132133261e-05
9.721052202e-05
9.656414446e-05
8.011486995e-05
9.543055226e-05
9.49553551e-05
9.419442626e-05
8.586709348e-05
9.286580932e-05
9.230185098e-05
9.145500301e-05
9.085199379e-05
8.997239683e-05
8.933428416e-05
9.579733724e-05
8.775922785e-05
8.68328581e-05
0.0001004932108
9.229547077e-05
9.151731275e-05
9.744763712e-05
8.278997801e-05
9.547285956e-05
8.784007547e-05
8.012608889e-05
9.259265758e-05
9.147930081e-05
9.705424653e-05
0.0001150426753
0.0001012329528
9.373164762e-05
8.658439371e-05
8.550167733e-05
0.0001027370648
8.353998721e-05
9.445969894e-05
7.577423131e-05
8.64910733e-05
7.969481658e-05
9.572224724e-05
9.449485476e-05
8.796688572e-05
7.598023985e-05
6.978232134e-05
0.0001006734061
9.433288953e-05
8.276802517e-05
0.0001023321021
8.585833725e-05
9.991290887e-05
8.382978421e-05
0.0001073141588
9.148674557e-05
9.526943505e-05
9.404642589e-05
9.304687235e-05
9.185755545e-05
8.180179778e-05
8.973537593e-05
9.324145743e-05
0.0001008316789
8.677799729e-05
8.997465887e-05
0.0001017841036
9.214259703e-05
9.121949984e-05
9.419235222e-05
9.731661655e-05
8.812134232e-05
9.122952076e-05
8.621424917e-05
9.314887093e-05
9.204475437e-05
9.497242508e-05
9.386384305e-05
9.298778356e-05
8.824381375e-05
8.743132034e-05
9.004851346e-05
8.923004867e-05
9.530524711e-05
8.745312478e-05
9.343080897e-05
9.603056936e-05
9.162703281e-05
9.082095205e-05
8.98918764e-05
9.900825619e-05
9.189642882e-05
9.184529334e-05
8.338214551e-05
9.162297205e-05
9.140759674e-05
9.126223857e-05
9.096117666e-05
9.076679911e-05
9.860225632e-05
9.014163615e-05
8.968573556e-05
9.751951326e-05
8.886867832e-05
9.657567269e-05
8.794162043e-05
9.551353214e-05
8.691268468e-05
9.434255289e-05
9.358970243e-05
9.307274133e-05
9.227382249e-05
9.171445839e-05
9.08763719e-05
9.027823678e-05
8.940761455e-05
8.877461103e-05
8.787774966e-05
0.0001017496249
0.0001006795692
8.560639376e-05
8.467436055e-05
8.396159818e-05
8.301976274e-05
8.228878503e-05
0.0001016771635
9.402936648e-05
8.628582442e-05
9.86163437e-05
9.093876726e-05
9.004986287e-05
8.895351498e-05
0.0001006411854
8.076231919e-05
9.223126384e-05
9.108134965e-05
0.0001021464365
8.306276908e-05
8.805090673e-05
8.693626981e-05
8.600155848e-05
9.622791258e-05
9.518446625e-05
8.291213067e-05
8.747614461e-05
9.174988893e-05
8.540997813e-05
8.431026901e-05
9.381337083e-05
8.745911056e-05
8.650601556e-05
9.543632361e-05
9.440030588e-05
8.337516788e-05
8.732659896e-05
9.578192276e-05
8.527978171e-05
9.821774006e-05
7.403733886e-05
9.136531125e-05
9.492409944e-05
9.371870698e-05
9.274328403e-05
9.59335956e-05
9.063118578e-05
9.375766303e-05
8.858716983e-05
7.915485684e-05
9.898329355e-05
9.369223095e-05
8.873310724e-05
8.765354781e-05
9.469050069e-05
8.965443482e-05
9.265403719e-05
9.155551541e-05
9.068875365e-05
8.962964015e-05
9.2492662e-05
9.143036817e-05
8.696488519e-05
8.598432447e-05
8.875285565e-05
9.128316652e-05
9.046342078e-05
9.981140578e-05
9.210252226e-05
8.100600013e-05
9.367579488e-05
8.278120948e-05
8.534148479e-05
9.958767936e-05
9.953242164e-05
8.283135089e-05
9.101792847e-05
9.905993457e-05
9.890267699e-05
9.036306363e-05
9.01702846e-05
9.795610828e-05
8.955133466e-05
9.720047597e-05
7.266272022e-05
9.631798584e-05
8.795330641e-05
9.531659313e-05
9.48972765e-05
7.850420266e-05
9.37376095e-05
8.524330253e-05
8.477327706e-05
9.168933528e-05
9.113449466e-05
9.030501669e-05
9.71876546e-05
0.0001110623483
8.822190687e-05
0.0001018896682
8.667543438e-05
0.0001000618124
0.0001063528097
9.117251703e-05
8.345194032e-05
0.0001031488649
0.0001022420297
8.759342163e-05
0.0001001448218
0.0001055686379
8.496214701e-05
9.686205428e-05
7.673316318e-05
9.475231929e-05
0.0001000562963
9.882583619e-05
0.0001100396788
8.452248135e-05
8.961402381e-05
7.669161699e-05
9.338834567e-05
9.797249564e-05
0.0001083222344
9.568963796e-05
7.794927755e-05
9.894194555e-05
8.155392049e-05
0.0001019782592
0.0001061740856
9.956956771e-05
8.811623511e-05
9.209906194e-05
9.109580991e-05
9.991473582e-05
8.400590169e-05
9.268139178e-05
8.685583527e-05
0.0001000309714
0.0001083837166
8.373635419e-05
0.0001012570063
9.542223031e-05
8.092990134e-05
8.878154331e-05
8.785752919e-05
9.542494992e-05
0.000103029286
8.47831526e-05
9.231437394e-05
9.116856282e-05
9.84599976e-05
8.914533194e-05
8.42523075e-05
9.115390703e-05
9.026572363e-05
9.305827585e-05
9.216443307e-05
9.107144978e-05
9.39678199e-05
9.286986485e-05
9.200278514e-05
9.094529913e-05
9.371201707e-05
8.909061793e-05
9.53431986e-05
9.079616237e-05
9.69023967e-05
9.585364237e-05
8.82165308e-05
0.0001007131035
8.318961474e-05
9.880089954e-05
9.141013676e-05
9.068896842e-05
8.239889987e-05
9.87453423e-05
8.220074857e-05
9.021017797e-05
9.825513991e-05
9.793392542e-05
8.958155942e-05
9.731837363e-05
9.705677909e-05
8.047520634e-05
9.625597966e-05
9.569644899e-05
9.533052923e-05
8.681275909e-05
9.428892206e-05
8.580368201e-05
9.314037472e-05
9.240325327e-05
9.189463951e-05
9.111220606e-05
9.056181973e-05
8.974080101e-05
8.915219224e-05
8.829905804e-05
8.767604232e-05
0.0001012630972
8.614351437e-05
9.94515904e-05
9.865856124e-05
8.365036189e-05
0.0001036855406
9.569516104e-05
8.130438601e-05
9.377081086e-05
9.955102003e-05
8.526923615e-05
9.095987069e-05
8.345687979e-05
8.900033648e-05
0.000106764225
9.326078086e-05
9.211732952e-05
8.509600601e-05
0.0001020500845
9.504500813e-05
9.972261267e-05
8.705787285e-05
9.169265181e-05
9.070823025e-05
7.836487794e-05
9.412683082e-05
9.8395439e-05
8.651090734e-05
0.000117432217
9.503293351e-05
9.902667635e-05
0.0001031014592
0.0001068664699
9.060241824e-05
7.453204157e-05
9.829800221e-05
9.703596359e-05
9.598902221e-05
9.002081724e-05
8.436918417e-05
9.254540572e-05
9.614035003e-05
9.039648198e-05
9.838997191e-05
9.714340988e-05
9.613239252e-05
9.492166953e-05
9.821562303e-05
9.277049708e-05
9.182831434e-05
9.481146507e-05
9.386128036e-05
9.270775357e-05
9.578232468e-05
9.461749316e-05
8.979142149e-05
9.25692914e-05
9.16799761e-05
9.059247586e-05
8.97345075e-05
8.868549938e-05
9.517879291e-05
9.408396384e-05
9.321735313e-05
9.570881373e-05
8.430107467e-05
9.726158299e-05
8.950329538e-05
9.874826009e-05
8.437192319e-05
0.0001035136802
9.267432416e-05
8.516743103e-05
8.767226477e-05
9.828770128e-05
9.823346974e-05
9.810156864e-05
8.98315017e-05
8.962315646e-05
8.134668899e-05
9.729832203e-05
8.900047199e-05
9.668888909e-05
9.642940987e-05
9.594813915e-05
8.766671124e-05
9.508288223e-05
9.471992054e-05
9.41008659e-05
9.368831785e-05
8.525972652e-05
9.255070213e-05
9.182123822e-05
9.131670245e-05
9.054229675e-05
9.749598848e-05
9.661555786e-05
8.859963859e-05
8.775502494e-05
9.43982988e-05
8.626644459e-05
9.988776378e-05
9.178813992e-05
9.806180766e-05
8.314759443e-05
8.245096409e-05
8.833028848e-05
8.082096606e-05
8.655851989e-05
9.236660403e-05
0.0001043321504
9.688749683e-05
0.0001085022886
0.0001011253649
8.741735557e-05
9.272501131e-05
8.548540919e-05
0.0001027421511
9.550338243e-05
8.269438179e-05
8.166327652e-05
0.00010388365
9.118165564e-05
0.0001014788461
9.463095468e-05
8.259421613e-05
9.785493656e-05
9.141349747e-05
9.024791165e-05
7.876241663e-05
8.812233899e-05
8.716144646e-05
9.61674273e-05
8.510799003e-05
0.00010378531
9.288267677e-05
8.686633803e-05
9.070322636e-05
9.896809112e-05
6.993428253e-05
0.0001012612225
0.0001001856158
8.991973175e-05
8.897377262e-05
9.224016349e-05
9.128019982e-05
8.583969999e-05
9.345247208e-05
8.389515329e-05
9.549949849e-05
9.021490612e-05
9.337025483e-05
8.821352691e-05
9.131152259e-05
9.020129206e-05
9.320564634e-05
9.592231138e-05
9.120058553e-05
9.011851374e-05
9.670361524e-05
9.924845508e-05
8.739689829e-05
8.999043967e-05
8.916142691e-05
9.520511819e-05
8.735141678e-05
8.983757876e-05
8.903083499e-05
0.000101612209
9.399604882e-05
8.967751603e-05
8.230497858e-05
9.122866528e-05
9.366365712e-05
9.765035676e-05
8.946357327e-05
7.309960111e-05
9.736343137e-05
8.094884125e-05
9.698517433e-05
9.667091573e-05
6.431045428e-05
9.606749562e-05
9.581009912e-05
9.533399467e-05
8.710603895e-05
9.447713322e-05
8.627399383e-05
9.350455819e-05
9.309531671e-05
9.24246812e-05
9.196844902e-05
9.124650909e-05
9.07459894e-05
8.997947273e-05
9.689094294e-05
0.0001034054695
9.539171639e-05
8.721765464e-05
9.382135795e-05
9.288759352e-05
9.928219347e-05
9.123511959e-05
9.050992769e-05
0.0001102011126
0.0001024492838
8.105266861e-05
0.000100429076
8.605018556e-05
9.838429442e-05
9.724191126e-05
9.632460671e-05
8.883903629e-05
8.79749926e-05
9.312538426e-05
9.219536244e-05
7.892877115e-05
7.211301745e-05
8.903038935e-05
9.985030627e-05
8.700771456e-05
0.0001033043855
9.634359361e-05
0.0001065237316
9.411034945e-05
8.214038892e-05
0.0001081337109
0.0001016105026
0.0001003179002
9.922484368e-05
8.249133672e-05
0.0001019903171
8.054882904e-05
8.963149688e-05
9.83159342e-05
8.266257716e-05
0.0001008061322
9.022204179e-05
9.375721569e-05
6.956485623e-05
9.157106414e-05
9.965837803e-05
9.839278227e-05
0.000101783124
8.738821769e-05
9.080270968e-05
8.966128368e-05
9.296471091e-05
9.597680674e-05
9.500190825e-05
9.382486238e-05
9.288434006e-05
8.775489129e-05
9.478606122e-05
9.363382155e-05
8.885761504e-05
9.160657869e-05
9.072618232e-05
8.964948516e-05
8.880013381e-05
9.873117232e-05
9.418635463e-05
8.952048968e-05
9.579135625e-05
9.821435201e-05
8.341829203e-05
8.592868972e-05
8.515705419e-05
8.75998491e-05
9.350081763e-05
9.581066239e-05
9.496882717e-05
8.750291981e-05
8.99535237e-05
9.702122468e-05
8.88873197e-05
9.683887981e-05
9.673702614e-05
9.651462374e-05
8.833222145e-05
9.605154897e-05
9.584795287e-05
8.749953501e-05
8.726546818e-05
8.683369036e-05
9.442090106e-05
9.387905351e-05
9.352187269e-05
9.291576038e-05
9.250977516e-05
9.184608768e-05
9.139347622e-05
9.067892991e-05
9.769756289e-05
8.942360266e-05
8.888617913e-05
9.543048401e-05
8.751482763e-05
9.391072761e-05
8.607823987e-05
9.9428784e-05
9.163506992e-05
0.0001046408345
8.304831348e-05
9.585330416e-05
9.505266861e-05
9.400460369e-05
9.318303098e-05
9.870898498e-05
8.476964364e-05
9.667902439e-05
0.0001085373152
8.832916714e-05
9.996700504e-05
9.876844537e-05
8.556028128e-05
8.452049758e-05
8.963349042e-05
8.853200077e-05
8.177014014e-05
0.000103829387
0.0001027315453
8.454052633e-05
0.0001059374291
9.910105519e-05
9.25837246e-05
9.679155249e-05
9.574013396e-05
8.92736184e-05
8.830139361e-05
9.743295121e-05
8.115494338e-05
9.013409328e-05
0.0001040127645
9.290459491e-05
0.0001015711926
9.549893692e-05
8.502246538e-05
9.326434352e-05
9.687903736e-05
0.0001047552787
9.01242368e-05
9.343021806e-05
9.68497494e-05
9.997346032e-05
9.463162666e-05
9.769060191e-05
9.24820149e-05
7.887428444e-05
8.629126107e-05
8.522276708e-05
9.642099828e-05
9.523745459e-05
8.643768937e-05
8.926838199e-05
9.22413471e-05
9.113269258e-05
9.025668902e-05
8.918531349e-05
9.938273192e-05
9.094375347e-05
9.730162013e-05
9.261763945e-05
9.529359872e-05
9.072407885e-05
8.644145607e-05
8.889902425e-05
9.148921102e-05
8.378908559e-05
9.965440443e-05
9.201996696e-05
8.469651722e-05
9.026399948e-05
9.26738992e-05
9.640014733e-05
9.634739144e-05
9.621964673e-05
8.810874376e-05
9.589860336e-05
7.978968243e-05
9.54400682e-05
9.523808537e-05
9.484836575e-05
8.671211984e-05
9.412899367e-05
9.382465888e-05
9.328849834e-05
9.293414231e-05
9.233433148e-05
9.193155333e-05
9.127469326e-05
9.082564804e-05
9.011836809e-05
9.709450856e-05
8.887455848e-05
8.834132732e-05
8.755272241e-05
8.698232332e-05
8.616241877e-05
8.555850235e-05
9.177259496e-05
8.407955708e-05
9.014883248e-05
0.0001031936676
8.167491147e-05
8.099372781e-05
8.677897468e-05
8.602164306e-05
7.85088192e-05
0.0001037275731
8.330626771e-05
8.887034104e-05
9.409833977e-05
9.939771993e-05
8.593335207e-05
8.507707778e-05
9.60527594e-05
8.913139782e-05
8.803916105e-05
9.87405216e-05
8.031016158e-05
9.081335379e-05
0.0001064977053
8.872214345e-05
9.856179146e-05
0.0001083300448
9.092023151e-05
8.993314206e-05
9.924070845e-05
7.232877577e-05
9.691304834e-05
9.081258273e-05
9.463676503e-05
7.882770153e-05
0.0001021421021
0.0001010355006
9.024749046e-05
9.867217838e-05
0.0001020542888
7.801593549e-05
9.061702505e-05
8.965488811e-05
9.294514278e-05
9.19675931e-05
9.513171653e-05
8.986256085e-05
9.718601717e-05
9.200430555e-05
9.498711634e-05
8.993420479e-05
8.478392205e-05
9.592437593e-05
8.685177991e-05
9.381030934e-05
9.267039258e-05
9.176664141e-05
9.066368412e-05
8.979202981e-05
9.611975065e-05
9.154689396e-05
9.047464477e-05
9.321439927e-05
9.568277558e-05
8.777869205e-05
9.025403811e-05
9.287303221e-05
8.843706275e-05
8.764291496e-05
9.002032418e-05
8.261236354e-05
8.826896479e-05
9.073427718e-05
8.978927673e-05
9.536567918e-05
9.5786971e-05
9.573469083e-05
9.560828267e-05
9.550808903e-05
9.529039681e-05
9.514060977e-05
9.483632377e-05
9.463592981e-05
8.639613679e-05
8.616574482e-05
9.353784464e-05
8.546624136e-05
9.270532662e-05
9.235375288e-05
9.176013402e-05
9.136051482e-05
9.071036443e-05
9.026483214e-05
8.956469429e-05
8.907586473e-05
8.83322152e-05
9.512004065e-05
9.427412982e-05
9.366094846e-05
9.991837175e-05
8.504500348e-05
9.122507391e-05
9.750875087e-05
9.650881897e-05
8.20673823e-05
9.472813217e-05
9.393925576e-05
9.954681759e-05
8.552205699e-05
9.106503111e-05
9.023895738e-05
8.282956641e-05
7.573960558e-05
9.356441483e-05
8.03033416e-05
9.155337635e-05
9.668491592e-05
9.551671499e-05
8.272590568e-05
8.755177802e-05
8.664249631e-05
9.127889502e-05
7.338118287e-05
8.919338388e-05
9.92690293e-05
9.258234457e-05
0.0001185189068
9.575103144e-05
8.945028771e-05
0.0001039060434
0.0001079143772
8.117782267e-05
9.534940606e-05
8.422812406e-05
8.331276425e-05
8.225236962e-05
8.614751106e-05
8.977597002e-05
8.880864063e-05
8.767928414e-05
9.130617313e-05
9.916216382e-05
9.364992277e-05
8.806197938e-05
0.0001002062408
9.89436421e-05
9.365688031e-05
0.0001008903841
9.153150599e-05
9.039119528e-05
9.35397704e-05
9.238286615e-05
9.145647468e-05
9.033475732e-05
8.94411813e-05
9.219607481e-05
9.12967967e-05
9.395778999e-05
8.933213041e-05
8.827124221e-05
8.743449707e-05
9.721117885e-05
9.273590554e-05
9.166522103e-05
8.732726197e-05
8.978884282e-05
9.239427914e-05
9.136371902e-05
9.054329693e-05
8.623654181e-05
9.86206577e-05
8.780922934e-05
9.670916884e-05
8.931952125e-05
8.854260452e-05
8.724975039e-05
9.512973364e-05
9.500463857e-05
9.490525579e-05
8.679903499e-05
9.454124862e-05
9.424016977e-05
9.404134082e-05
9.36597905e-05
9.341041324e-05
9.295407434e-05
9.265448343e-05
9.212940074e-05
9.178056772e-05
9.119303392e-05
9.07965266e-05
9.015297093e-05
9.718680769e-05
8.901778232e-05
9.591046225e-05
8.779645092e-05
9.454403823e-05
0.0001009145828
9.309789867e-05
9.932114734e-05
0.0001056720395
9.765974314e-05
8.308422796e-05
9.594104011e-05
0.0001087807406
8.744858035e-05
9.339227397e-05
0.0001055688462
0.0001046501419
8.407518402e-05
8.972227362e-05
8.869354275e-05
9.413696561e-05
8.683408049e-05
9.213598334e-05
9.104110166e-05
7.210873827e-05
9.498662041e-05
8.814390084e-05
0.0001044837139
8.042187599e-05
8.510649032e-05
7.859484795e-05
9.425415302e-05
8.776136138e-05
9.208397655e-05
8.573213871e-05
8.99480534e-05
8.897259058e-05
9.818640428e-05
9.711871112e-05
8.579605815e-05
8.486261188e-05
0.0001035002787
7.800068645e-05
7.700970325e-05
0.000109502881
8.930935112e-05
8.834729671e-05
8.722551923e-05
9.991721393e-05
7.623026135e-05
9.760377572e-05
9.637042122e-05
8.235377769e-05
9.843664828e-05
0.000101647635
9.201005027e-05
9.520279277e-05
8.584218258e-05
9.710853026e-05
9.191200034e-05
9.494632208e-05
8.987466153e-05
9.285444205e-05
9.172658776e-05
9.083173868e-05
8.974000199e-05
8.887691805e-05
8.782119707e-05
9.061309516e-05
9.671486158e-05
8.871374922e-05
8.768876902e-05
9.38308875e-05
9.276412684e-05
9.532489725e-05
9.762670985e-05
9.675005463e-05
8.909115974e-05
9.157099968e-05
9.058960089e-05
9.620828348e-05
9.202803603e-05
8.808208264e-05
9.458372591e-05
9.453237402e-05
9.440856912e-05
9.43099848e-05
9.409683796e-05
9.394939184e-05
9.365146396e-05
9.345417668e-05
9.307660414e-05
9.282915714e-05
9.237754548e-05
9.208027363e-05
9.156058648e-05
9.121445352e-05
9.06329004e-05
9.02394589e-05
8.96023857e-05
8.91637239e-05
8.847750907e-05
0.0001026622185
8.726714662e-05
8.674612599e-05
0.0001003104994
9.254157806e-05
8.462658847e-05
9.804232399e-05
9.014939997e-05
8.259534838e-05
8.856705266e-05
9.462757883e-05
8.025348798e-05
8.62193662e-05
9.18413039e-05
9.754626182e-05
7.716509387e-05
8.28392249e-05
8.819175669e-05
9.360549387e-05
9.868217419e-05
9.772811427e-05
9.657016299e-05
8.365966852e-05
0.0001062701743
9.934608761e-05
9.813876003e-05
8.569530102e-05
0.0001015729155
9.49188726e-05
8.271695055e-05
0.0001036553688
9.697864787e-05
9.593287364e-05
8.420679459e-05
8.849996851e-05
9.766760827e-05
9.152154415e-05
0.0001054267484
9.434876933e-05
7.844552871e-05
8.729285893e-05
8.13977132e-05
8.998924754e-05
8.884755773e-05
9.714237607e-05
8.677642686e-05
9.488466794e-05
9.368380014e-05
8.827572212e-05
7.844543542e-05
9.055734343e-05
9.36767879e-05
8.848828212e-05
9.154205804e-05
9.471853365e-05
9.354026827e-05
8.856411965e-05
9.14459101e-05
9.446473646e-05
9.33070213e-05
9.238377613e-05
9.126185798e-05
9.037139459e-05
9.300539897e-05
8.842632146e-05
9.101637261e-05
9.015330323e-05
0.0001033512596
8.826298626e-05
9.073219131e-05
8.989571733e-05
9.22908724e-05
9.145142951e-05
9.042875612e-05
9.957415826e-05
8.535100266e-05
9.760813754e-05
9.977864037e-05
9.571255985e-05
8.839460346e-05
0.0001001443731
9.399336869e-05
9.394246973e-05
9.381993266e-05
9.372213467e-05
9.351120118e-05
9.336489935e-05
9.307006763e-05
9.287429918e-05
9.250063542e-05
9.225509016e-05
9.180812414e-05
9.151313713e-05
9.099875292e-05
9.820988692e-05
9.007960587e-05
8.968918512e-05
8.905848474e-05
8.862318273e-05
0.0001026010468
8.746610436e-05
8.674418619e-05
8.622711781e-05
9.971360525e-05
0.0001061444616
8.412674024e-05
9.74643079e-05
8.962102005e-05
8.89548708e-05
8.805205629e-05
9.407845755e-05
9.308904645e-05
9.891128564e-05
9.131594726e-05
9.698944589e-05
8.312129482e-05
8.23702801e-05
8.143164383e-05
8.68746569e-05
9.813161191e-05
9.11099756e-05
0.0001020380348
9.508301271e-05
9.981538191e-05
9.298991497e-05
8.038004587e-05
8.522942737e-05
0.0001010240394
9.996006811e-05
0.0001042128251
8.682116522e-05
0.0001071801944
9.012132406e-05
7.852627558e-05
8.285396804e-05
8.181411862e-05
8.598315571e-05
8.989366873e-05
9.879609019e-05
0.0001024248505
0.000106137411
9.526707164e-05
8.952444496e-05
0.0001023469126
9.664292905e-05
9.541950736e-05
9.439884004e-05
9.320573624e-05
8.782538125e-05
9.539009921e-05
9.009682246e-05
9.743808974e-05
0.0001006165517
8.279891131e-05
8.604446511e-05
8.902130789e-05
9.212195678e-05
8.702867431e-05
7.832334297e-05
9.283657922e-05
9.191785763e-05
9.080181354e-05
9.366218031e-05
8.8834951e-05
8.798027077e-05
9.417929623e-05
9.328608008e-05
8.864562705e-05
9.132945212e-05
8.332870443e-05
9.632045688e-05
9.182242226e-05
9.435707984e-05
8.663625056e-05
9.576502471e-05
9.471290498e-05
8.416168294e-05
9.926695366e-05
8.569972672e-05
9.422066874e-05
0.0001027422735
9.341033536e-05
9.335988206e-05
9.323859099e-05
9.314156748e-05
9.293280905e-05
9.278763458e-05
9.249584547e-05
9.230157352e-05
9.193175118e-05
9.168807975e-05
9.124567969e-05
9.853235602e-05
9.044377236e-05
9.010292099e-05
8.953302584e-05
8.914558173e-05
8.852114708e-05
8.808915595e-05
8.741640101e-05
8.694236959e-05
8.622745625e-05
8.571428322e-05
8.496323369e-05
9.144864754e-05
9.06021589e-05
9.689306735e-05
8.909879787e-05
9.524042303e-05
9.427709248e-05
0.000113579031
9.255521723e-05
8.52325421e-05
9.728203586e-05
7.715116059e-05
9.536817844e-05
0.0001134091588
9.343395773e-05
9.873104283e-05
9.148796145e-05
0.0001026862258
0.0001014765203
7.683063057e-05
9.343106129e-05
8.670301193e-05
9.707571168e-05
9.041983113e-05
8.931650082e-05
8.285301735e-05
9.820121923e-05
9.175599253e-05
7.995931173e-05
8.437127404e-05
8.852815272e-05
7.726732008e-05
9.66462915e-05
8.050262474e-05
8.942646064e-05
9.82830702e-05
8.733897761e-05
8.639122146e-05
9.003835677e-05
0.0001031272222
8.330982739e-05
9.614859147e-05
9.493323441e-05
8.497339406e-05
9.714836124e-05
0.0001004865537
9.490737955e-05
9.817819612e-05
9.694636929e-05
9.593761406e-05
9.885841299e-05
9.784136973e-05
9.662602842e-05
9.564402309e-05
9.446375858e-05
9.351607419e-05
9.237085717e-05
9.145661507e-05
9.034638394e-05
8.946456434e-05
9.575500666e-05
9.4833589e-05
9.370636292e-05
8.924757728e-05
9.525585877e-05
9.786007204e-05
8.290889004e-05
9.241240128e-05
9.474235931e-05
8.717475323e-05
8.951273511e-05
9.856551024e-05
0.0001007302856
8.695457713e-05
9.557466605e-05
9.789415795e-05
8.74886447e-05
8.053390262e-05
9.283449045e-05
9.278447574e-05
9.266440936e-05
9.256814872e-05
9.236152796e-05
9.221746426e-05
9.192866552e-05
9.173586818e-05
9.136982151e-05
9.112799658e-05
9.06900847e-05
9.039956757e-05
8.989552016e-05
8.955725199e-05
8.899303883e-05
9.599257218e-05
0.0001026552971
8.756152652e-05
8.689533446e-05
0.0001008290145
8.57168461e-05
8.520751272e-05
9.150224295e-05
9.091180621e-05
9.007326373e-05
9.632848388e-05
0.000109024771
0.0001014532882
8.703982447e-05
8.635632094e-05
9.860086683e-05
0.000110823723
7.738548096e-05
7.671573548e-05
9.483323979e-05
0.0001065091063
9.910845303e-05
8.591005313e-05
9.098316935e-05
8.409946256e-05
0.0001009211519
8.228871422e-05
9.292380224e-05
8.048425227e-05
0.0001079119275
8.431271267e-05
8.883901594e-05
9.88929006e-05
9.225341765e-05
8.590090037e-05
9.014302756e-05
8.917265283e-05
7.770420197e-05
9.223597751e-05
8.602322234e-05
9.510012916e-05
9.390653303e-05
8.310904802e-05
9.171710871e-05
8.117249866e-05
9.900699424e-05
8.860909701e-05
8.749039352e-05
0.0001002144894
9.445189259e-05
9.344195813e-05
8.787056931e-05
8.693834486e-05
9.872177183e-05
9.768394693e-05
8.807179669e-05
8.715540425e-05
9.83631451e-05
9.735116958e-05
9.213683581e-05
9.516562113e-05
9.39919066e-05
9.304885256e-05
9.190978445e-05
9.099997842e-05
8.989550009e-05
9.272702065e-05
8.794797309e-05
9.073076529e-05
9.323815567e-05
9.235356492e-05
9.477925775e-05
9.041527993e-05
9.624216529e-05
9.194905539e-05
8.753299164e-05
9.340871709e-05
8.906164883e-05
9.479985018e-05
9.052214418e-05
9.612774866e-05
8.241091228e-05
8.483001625e-05
9.636858589e-05
8.320524764e-05
9.226570184e-05
8.453144222e-05
9.209725629e-05
9.200174718e-05
9.179722757e-05
9.165425842e-05
9.136839902e-05
9.117705489e-05
9.081471966e-05
9.057471448e-05
9.765298269e-05
8.985288412e-05
0.0001042461872
9.643633179e-05
8.845952625e-05
8.807790676e-05
0.0001020433075
9.429352851e-05
8.638044299e-05
8.591349369e-05
8.521224769e-05
9.882448261e-05
0.0001049622822
0.0001042860358
8.955050764e-05
0.0001026111877
8.129760104e-05
9.414537984e-05
9.319949264e-05
7.925886673e-05
8.496959559e-05
9.723236742e-05
9.618785474e-05
7.628519768e-05
9.430426882e-05
8.099476956e-05
8.008012386e-05
0.0001037433982
9.651617829e-05
9.55873124e-05
8.856337888e-05
8.768749306e-05
8.664564516e-05
0.0001086398575
9.038630271e-05
0.0001174063951
0.0001049353484
9.290293756e-05
0.000113358538
9.612905081e-05
8.439577234e-05
7.305180871e-05
9.791280911e-05
9.175621434e-05
8.557810168e-05
8.962913086e-05
8.358943824e-05
8.754556475e-05
8.644540195e-05
7.125668282e-05
7.974059827e-05
0.000102078155
9.162860266e-05
9.064279444e-05
9.845042665e-05
9.297075513e-05
9.180037757e-05
0.0001038018146
9.822719788e-05
9.296879481e-05
8.76317842e-05
9.497903675e-05
8.971674701e-05
9.282977952e-05
9.167833682e-05
9.469198118e-05
9.352474505e-05
9.258627636e-05
9.14532918e-05
9.054787902e-05
8.944909426e-05
8.857575243e-05
9.844997985e-05
9.750230602e-05
9.991111199e-05
9.896305337e-05
9.081453547e-05
8.996502254e-05
8.892197701e-05
9.149033266e-05
9.044517698e-05
8.630295961e-05
9.189712635e-05
8.781938257e-05
9.650006136e-05
9.564421442e-05
9.145562073e-05
9.065372846e-05
9.278685849e-05
9.811372451e-05
9.170384062e-05
9.165468245e-05
9.153700351e-05
9.144223482e-05
9.123978071e-05
9.109789023e-05
9.081492032e-05
9.062500845e-05
9.778851543e-05
9.753045285e-05
8.95989486e-05
8.931277296e-05
8.881871728e-05
9.585929638e-05
8.793237235e-05
8.755360264e-05
8.694734699e-05
8.652500531e-05
9.30275856e-05
0.0001067601673
9.17730184e-05
8.421173877e-05
8.348178254e-05
8.9856813e-05
9.588253698e-05
8.841748325e-05
8.756801986e-05
9.360724711e-05
8.605060106e-05
9.19442574e-05
9.748911845e-05
9.023963433e-05
9.564994268e-05
0.0001011459538
8.752908846e-05
8.054641834e-05
0.0001041440031
0.0001031737709
7.19920913e-05
7.130001527e-05
8.808393046e-05
8.721368291e-05
9.192563081e-05
9.099570534e-05
9.552363017e-05
7.785447433e-05
9.888659992e-05
0.0001087203094
8.591488724e-05
0.0001009374284
9.4450147e-05
0.0001090069805
8.202577306e-05
8.113903671e-05
0.0001051699317
8.916819274e-05
8.316166524e-05
9.193671309e-05
7.644927638e-05
8.507315583e-05
0.0001073380352
8.771227767e-05
9.57250953e-05
8.567684759e-05
9.795626268e-05
9.250428059e-05
9.569088086e-05
8.606904743e-05
9.348809573e-05
8.4095851e-05
9.134834396e-05
9.039790027e-05
9.738734899e-05
9.638535895e-05
9.519065581e-05
9.029707282e-05
8.918461249e-05
9.212827664e-05
9.10013113e-05
9.01002496e-05
9.642435842e-05
9.54827644e-05
8.707853224e-05
8.624017843e-05
8.876503729e-05
9.143950863e-05
8.688909412e-05
8.607618017e-05
9.188375571e-05
9.103616422e-05
8.999523058e-05
8.917639864e-05
8.490731338e-05
8.73812514e-05
9.281642977e-05
8.882115228e-05
9.413383814e-05
9.330864521e-05
8.924128451e-05
9.456827541e-05
9.1148781e-05
9.11000411e-05
9.856548635e-05
9.088948672e-05
9.068906328e-05
9.054823592e-05
9.779044905e-05
9.007960669e-05
8.972450761e-05
8.948806393e-05
8.906316767e-05
8.877911628e-05
8.828993202e-05
8.795919266e-05
8.741146414e-05
0.000101541421
8.643510937e-05
8.601589303e-05
8.536875135e-05
8.490868442e-05
9.825744401e-05
8.37225289e-05
8.299937966e-05
8.246625737e-05
8.171352925e-05
8.791113716e-05
9.376702759e-05
9.972346213e-05
9.872812354e-05
9.795616258e-05
8.401691392e-05
0.0001089636518
8.87768126e-05
0.0001005846114
8.704624587e-05
9.242654254e-05
9.748155237e-05
9.053855725e-05
0.0001074020059
0.0001004611836
8.176900218e-05
0.0001156599541
9.143454377e-05
0.000101824252
7.824949193e-05
8.29740287e-05
0.0001038310923
7.570437758e-05
8.546610262e-05
7.927172772e-05
9.918019712e-05
9.295042494e-05
9.180343859e-05
9.58565904e-05
8.470153826e-05
8.378352847e-05
7.787129246e-05
0.0001010973447
9.507769519e-05
8.934506486e-05
9.286716213e-05
0.0001010502162
9.524502186e-05
8.973409412e-05
8.860639524e-05
0.0001008084126
9.521472395e-05
9.420497391e-05
8.879600622e-05
8.367879388e-05
9.915979281e-05
9.403942552e-05
9.690667527e-05
9.590960444e-05
9.472162818e-05
9.375870575e-05
8.874570723e-05
9.167478582e-05
9.055377639e-05
8.965702417e-05
8.856945246e-05
9.135877826e-05
9.026065259e-05
8.939151812e-05
9.186119231e-05
8.748964628e-05
9.337764691e-05
9.250389877e-05
0.0001117477594
8.387637279e-05
8.623308181e-05
9.530786437e-05
8.773526194e-05
8.050691685e-05
8.280024436e-05
9.469159399e-05
9.054106212e-05
8.974753758e-05
9.185498497e-05
9.409369182e-05
9.060040022e-05
9.05520721e-05
9.043670118e-05
9.787199603e-05
9.014495415e-05
9.00051747e-05
8.972783883e-05
8.954073036e-05
8.918915885e-05
9.63673295e-05
8.853375634e-05
8.825179907e-05
8.776740577e-05
0.0001020122891
8.689669126e-05
9.373379204e-05
8.592887196e-05
8.551273692e-05
0.0001060896757
8.441504242e-05
9.768905944e-05
0.0001040487126
0.0001100300266
8.19932533e-05
8.80180232e-05
0.0001008583356
9.323611477e-05
0.0001123812064
9.162850347e-05
9.091306135e-05
0.0001028289717
8.92355275e-05
9.459196793e-05
0.0001000294653
9.275217977e-05
9.19205124e-05
9.695105697e-05
0.0001020530786
0.0001068222032
8.81646251e-05
9.294980279e-05
0.0001265458472
7.958009136e-05
0.0001012841272
8.895641493e-05
8.253719769e-05
7.610667761e-05
9.682549461e-05
9.564972995e-05
9.988974742e-05
7.789606966e-05
9.247128632e-05
9.133275888e-05
9.536565546e-05
9.418406861e-05
8.335703932e-05
7.263451858e-05
9.579586676e-05
8.040887027e-05
8.889526252e-05
9.702169805e-05
9.597379103e-05
9.928258439e-05
8.48222151e-05
9.698266931e-05
9.158523502e-05
9.043676945e-05
8.521696213e-05
9.677276822e-05
9.575573093e-05
9.456037878e-05
9.764510312e-05
8.839482957e-05
9.543852347e-05
9.425719991e-05
9.329893292e-05
9.215071387e-05
9.122573765e-05
9.01106218e-05
8.921813806e-05
9.915309857e-05
9.454809159e-05
8.981886818e-05
9.607015286e-05
9.844282879e-05
9.750824301e-05
8.603667613e-05
9.205002108e-05
9.098067418e-05
0.0001034954767
9.900959535e-05
9.483834305e-05
9.053527162e-05
9.613108279e-05
9.189639028e-05
9.422236462e-05
9.319718059e-05
9.853925759e-05
9.748910118e-05
9.664397188e-05
9.005857845e-05
9.001065579e-05
8.989641023e-05
9.728744837e-05
8.960733509e-05
8.946858863e-05
8.919399954e-05
8.900826305e-05
8.86601606e-05
9.579610949e-05
9.53448185e-05
8.773070904e-05
8.725102807e-05
9.416889243e-05
9.358694146e-05
8.60174857e-05
0.0001139047066
9.21000525e-05
9.844389722e-05
8.392710711e-05
8.325189673e-05
9.655445924e-05
8.205110832e-05
8.831944802e-05
8.078657052e-05
8.691564633e-05
8.608895303e-05
7.888211835e-05
8.460821938e-05
9.686366672e-05
0.0001022589026
9.508050786e-05
8.152881439e-05
8.704536176e-05
0.0001045455891
7.923066065e-05
9.642630423e-05
8.956042327e-05
8.854052249e-05
0.0001110767211
0.0001097898965
8.582248458e-05
9.046794427e-05
8.39580852e-05
9.402039812e-05
7.663127932e-05
9.734194881e-05
9.097085257e-05
8.986885693e-05
9.937402066e-05
9.816176853e-05
0.0001124408536
9.086688093e-05
9.987339326e-05
9.863852917e-05
9.269191371e-05
8.672211403e-05
9.53134562e-05
0.0001082431167
8.844996649e-05
8.73436807e-05
0.000100042774
9.42991773e-05
8.440126089e-05
0.0001008895985
9.113252654e-05
8.57058965e-05
8.903707581e-05
0.0001004843297
9.52855128e-05
9.000602225e-05
8.097236783e-05
9.595942344e-05
9.101487888e-05
8.598086171e-05
9.284364733e-05
9.170163164e-05
9.456361162e-05
9.340810784e-05
9.248284153e-05
9.136139893e-05
9.046883062e-05
9.653189835e-05
8.85204373e-05
9.096559124e-05
9.356730909e-05
9.931538181e-05
8.82079617e-05
8.38294054e-05
8.305584858e-05
8.867185709e-05
9.111916907e-05
0.0001029602807
9.246993826e-05
9.459638969e-05
8.750724519e-05
9.273580721e-05
8.885928429e-05
9.397303136e-05
9.315867259e-05
8.952319873e-05
8.947567532e-05
8.93625366e-05
8.927062317e-05
8.907609066e-05
8.893836261e-05
9.605534778e-05
8.848209109e-05
8.813740054e-05
9.523162142e-05
9.478472626e-05
8.721573653e-05
8.674069103e-05
9.361859545e-05
8.5885123e-05
9.264380157e-05
9.201181263e-05
9.156753665e-05
9.088612046e-05
8.344478011e-05
8.27758218e-05
9.600315505e-05
8.838380636e-05
0.0001148397298
8.702517768e-05
8.642630789e-05
7.90218201e-05
9.151486013e-05
8.413811122e-05
9.63265065e-05
0.0001016951194
7.564587462e-05
8.73199987e-05
9.275377133e-05
9.786189735e-05
9.698655465e-05
8.991300132e-05
8.314062321e-05
9.981000091e-05
8.722470848e-05
8.621694752e-05
7.967732517e-05
0.000112490335
8.908523332e-05
7.702452444e-05
8.712233655e-05
8.069811098e-05
0.0001117945167
7.888823059e-05
8.325355106e-05
0.0001079403951
0.0001016974189
0.0001004508129
9.936707234e-05
9.323395342e-05
0.0001019327099
9.587467994e-05
9.009408596e-05
9.833770645e-05
0.0001019052846
0.0001006328301
9.049686222e-05
9.830151555e-05
0.0001016654041
8.293347887e-05
9.500257019e-05
8.954998237e-05
8.86006619e-05
8.749407389e-05
9.894249413e-05
9.770978785e-05
9.669324185e-05
8.753498252e-05
9.057218817e-05
9.334187349e-05
9.239278363e-05
9.125690526e-05
9.034071063e-05
0.0001003918487
9.203451188e-05
9.09187054e-05
8.642911409e-05
8.539022166e-05
8.809123224e-05
9.052430769e-05
8.621598356e-05
8.860885363e-05
8.777936821e-05
8.675831357e-05
9.587582965e-05
8.823933934e-05
9.067466239e-05
9.925488472e-05
8.88446099e-05
8.15811965e-05
9.329772013e-05
9.843091135e-05
9.451976818e-05
8.144257493e-05
8.671757467e-05
8.899414683e-05
8.894701661e-05
8.883496663e-05
0.0001035343651
8.855110816e-05
9.578224956e-05
9.549058291e-05
8.79621035e-05
9.49224997e-05
8.739115106e-05
9.423117598e-05
8.670677444e-05
9.342264669e-05
8.591510093e-05
8.538811954e-05
9.919350824e-05
9.851931229e-05
0.0001120506379
9.731730721e-05
9.679595949e-05
0.0001165989777
0.0001022765472
8.788461532e-05
8.732343385e-05
7.988040674e-05
8.594244859e-05
9.167884639e-05
9.750674789e-05
9.010959818e-05
9.579527109e-05
8.849532885e-05
8.777057748e-05
8.684496119e-05
9.225018334e-05
0.0001034170668
7.837711317e-05
7.154524332e-05
8.26963181e-05
9.927977042e-05
8.676222562e-05
8.004500256e-05
9.624200613e-05
9.511666576e-05
0.0001052363503
7.115148909e-05
9.750464738e-05
9.098656334e-05
0.0001006269459
9.418150119e-05
0.0001138886504
9.205014577e-05
9.106305734e-05
7.995487945e-05
8.403598036e-05
0.0001025308954
8.210323187e-05
9.062646395e-05
9.908121901e-05
9.319012812e-05
7.835445414e-05
8.64809442e-05
7.654267099e-05
9.33719337e-05
8.79702778e-05
9.12144865e-05
0.000103131891
9.335655856e-05
9.656550577e-05
9.950690192e-05
9.846135247e-05
8.913284494e-05
9.221489345e-05
9.50305109e-05
9.405264319e-05
8.902039272e-05
9.194627769e-05
9.081647164e-05
9.365063084e-05
9.620737331e-05
9.525412831e-05
9.771870385e-05
8.959605409e-05
9.205985092e-05
9.1172816e-05
0.0001074117628
9.266360075e-05
8.818051217e-05
0.000100794138
9.297955141e-05
8.225122247e-05
8.781102053e-05
8.378915214e-05
9.877174722e-05
9.156972839e-05
9.991727389e-05
8.97474311e-05
0.0001010092933
8.79884412e-05
8.70447431e-05
9.22420533e-05
9.58439205e-05
9.57932823e-05
8.831358934e-05
8.822304276e-05
9.536830065e-05
9.522125564e-05
8.76299265e-05
8.744819189e-05
0.0001088876984
8.688218827e-05
8.647758805e-05
9.338736132e-05
9.28825298e-05
8.541883689e-05
9.197157141e-05
8.453434133e-05
9.795550799e-05
9.052076757e-05
8.985193907e-05
0.0001031207108
9.547979209e-05
8.813927605e-05
8.739103147e-05
8.01542805e-05
0.0001059132073
9.861228107e-05
7.814678827e-05
7.757430601e-05
8.961442539e-05
8.256721461e-05
8.172612447e-05
9.976330439e-05
0.0001048840067
9.786883637e-05
9.076049378e-05
9.594732171e-05
8.302488639e-05
0.0001116341424
8.713689154e-05
9.781190407e-05
8.531282355e-05
9.573830281e-05
0.0001001877366
8.815976784e-05
9.800867123e-05
9.700190453e-05
0.0001064942353
8.430467455e-05
8.329071754e-05
8.755743089e-05
7.632058985e-05
8.05361164e-05
0.0001044135563
9.836967707e-05
9.230281603e-05
8.649914403e-05
0.000104414889
9.858968977e-05
9.272988904e-05
9.17267886e-05
8.60559358e-05
8.960792759e-05
9.291511664e-05
9.62941155e-05
8.212526368e-05
9.835332474e-05
9.712617142e-05
9.191866507e-05
9.07731772e-05
9.79848676e-05
9.676644964e-05
9.575975924e-05
8.669170238e-05
8.969960161e-05
9.244415346e-05
9.150406666e-05
9.038026894e-05
9.320071959e-05
9.206306782e-05
9.479679828e-05
9.724975052e-05
8.916595045e-05
8.809414672e-05
8.375538106e-05
8.620621293e-05
9.563375255e-05
9.450677606e-05
9.362182947e-05
8.592204611e-05
8.840310571e-05
9.062338942e-05
8.659144344e-05
9.19517878e-05
9.426844591e-05
0.0001025389277
8.931134557e-05
8.833273788e-05
9.963654645e-05
9.259202585e-05
9.771244084e-05
9.528413159e-05
9.523390664e-05
0.0001024313457
9.501745359e-05
8.751949124e-05
9.466679491e-05
8.712068776e-05
9.418527123e-05
8.660546517e-05
0.0001007756394
0.0001003081134
9.284867091e-05
9.945236249e-05
8.492827298e-05
9.144543597e-05
9.805980409e-05
8.348410287e-05
9.000630675e-05
8.247103782e-05
9.570224813e-05
9.494300099e-05
0.0001078701488
9.358780399e-05
7.970735453e-05
8.557720808e-05
7.845304929e-05
9.714562432e-05
9.643494041e-05
0.00010185676
9.475018691e-05
8.128287574e-05
0.000105424743
9.204666971e-05
9.7343185e-05
7.22206927e-05
8.947126167e-05
9.438289453e-05
8.766621799e-05
0.0001097932128
8.012836399e-05
8.486783538e-05
7.843281314e-05
9.413196034e-05
0.0001041487476
0.0001083390266
8.57816173e-05
8.476084244e-05
8.911749277e-05
7.251025437e-05
0.0001024876732
8.60615112e-05
8.513961444e-05
7.420828883e-05
6.85149153e-05
0.000106345901
9.085141335e-05
9.445365512e-05
9.343144122e-05
9.688788227e-05
8.671251781e-05
8.563508435e-05
8.916997715e-05
8.365677175e-05
0.0001001812366
9.463130333e-05
8.936557988e-05
9.245441035e-05
9.1474656e-05
9.854830616e-05
9.344993172e-05
9.228901255e-05
8.735809903e-05
9.411941017e-05
8.538829686e-05
9.200173786e-05
9.865492958e-05
8.994823648e-05
8.904490613e-05
8.795835652e-05
9.434383869e-05
8.961599696e-05
8.873995647e-05
8.767326644e-05
9.03013611e-05
8.579401645e-05
9.857549193e-05
8.3977052e-05
8.651821862e-05
9.537645927e-05
9.449596275e-05
9.662970829e-05
0.0001021334723
9.781944661e-05
9.381401059e-05
9.58585855e-05
8.274985831e-05
9.699744782e-05
9.314377737e-05
8.916838711e-05
9.428985404e-05
9.473084375e-05
9.468102589e-05
8.728898169e-05
0.0001017330576
8.701264431e-05
8.687884975e-05
9.383544457e-05
8.643817551e-05
8.610658605e-05
0.0001001954835
9.973239286e-05
8.521491651e-05
9.182081775e-05
9.148025418e-05
9.791953871e-05
9.750261481e-05
8.301174812e-05
8.261322518e-05
9.567495379e-05
0.0001019620809
0.0001011559413
9.385948898e-05
9.306802788e-05
9.90817311e-05
9.819830778e-05
8.452284049e-05
9.017274371e-05
0.0001023016794
0.0001139660085
0.0001130833794
9.328201046e-05
8.635294977e-05
8.545036222e-05
8.472025625e-05
0.0001077556632
8.899699115e-05
8.214981504e-05
8.139144566e-05
8.047722961e-05
7.401657674e-05
8.44274652e-05
8.359989685e-05
9.91558736e-05
8.17999998e-05
0.0001077852495
9.067782359e-05
0.0001001427146
8.345025188e-05
8.760446212e-05
0.0001019718494
8.563071046e-05
0.0001096297599
9.352962151e-05
0.0001022617108
8.658008855e-05
8.564461788e-05
9.398929504e-05
0.0001022697427
9.641406118e-05
9.53717972e-05
8.073315394e-05
9.317310112e-05
7.886979625e-05
7.368841962e-05
9.845531211e-05
8.893449749e-05
7.946304642e-05
9.931081729e-05
9.807590102e-05
8.895846701e-05
9.184777082e-05
9.089228942e-05
9.367037991e-05
9.270643605e-05
9.156353668e-05
9.440862891e-05
8.952031473e-05
8.862119261e-05
9.48351975e-05
9.028383383e-05
9.275761787e-05
9.891617518e-05
9.074664419e-05
8.987185114e-05
9.22166025e-05
9.810625047e-05
9.026305635e-05
8.941761351e-05
8.837489047e-05
8.755894368e-05
9.296181463e-05
9.529197252e-05
9.420982202e-05
0.0001058124604
8.924254968e-05
8.845176586e-05
9.351233306e-05
8.970384538e-05
9.169368665e-05
8.796818073e-05
8.693902559e-05
8.689341008e-05
9.401767052e-05
9.392172221e-05
8.651163412e-05
9.357702176e-05
8.611976215e-05
9.310368846e-05
9.274787327e-05
8.539025926e-05
9.208015453e-05
9.885046937e-05
9.129901208e-05
0.0001049548215
9.73657136e-05
9.695172181e-05
8.942343419e-05
0.0001095319767
9.513975232e-05
8.787347829e-05
8.718108714e-05
8.667141564e-05
9.255399345e-05
9.853536195e-05
9.765965804e-05
9.699231072e-05
9.608747803e-05
9.538643964e-05
0.0001007554634
9.372765946e-05
9.278151632e-05
9.202556687e-05
8.49953963e-05
7.825077147e-05
9.527677059e-05
9.44295703e-05
9.339332623e-05
7.518233476e-05
9.721401215e-05
0.0001076164042
8.399164149e-05
8.316912239e-05
9.864787187e-05
9.765795352e-05
9.115153907e-05
8.491049637e-05
8.39049152e-05
0.0001141655658
8.203784259e-05
9.131507265e-05
9.522822486e-05
8.429243239e-05
8.816845767e-05
9.69105698e-05
9.572680829e-05
8.522365509e-05
8.417653062e-05
8.326622907e-05
8.680724695e-05
9.94274269e-05
0.0001026594235
9.272213434e-05
9.593162536e-05
9.490191049e-05
9.372237555e-05
9.69368449e-05
9.156953103e-05
9.059938333e-05
9.760800336e-05
9.255840866e-05
9.538510774e-05
9.439284755e-05
9.322561382e-05
8.842179756e-05
9.492655207e-05
9.771947472e-05
9.280879721e-05
9.555161679e-05
8.712596546e-05
9.704504348e-05
9.586951339e-05
9.844807188e-05
9.379093303e-05
8.256591478e-05
9.177984397e-05
8.754061504e-05
8.318055135e-05
9.558555457e-05
8.795503611e-05
8.068785149e-05
8.294821886e-05
9.167690576e-05
9.688533372e-05
9.911270239e-05
9.800283984e-05
8.499269759e-05
9.006072909e-05
9.820000889e-05
9.713818508e-05
9.921625978e-05
9.364332349e-05
0.0001007938635
8.628787622e-05
8.619994992e-05
9.318439047e-05
9.304149017e-05
9.276353101e-05
9.257215921e-05
8.51258738e-05
9.197962702e-05
9.860055296e-05
9.126925359e-05
8.379978795e-05
8.348981657e-05
8.990253818e-05
9.640701895e-05
8.208289474e-05
8.849742242e-05
9.461050533e-05
8.06633582e-05
9.336824134e-05
8.619293355e-05
7.889623377e-05
8.492898741e-05
0.0001036020111
0.0001028950228
9.556700236e-05
0.0001011954059
8.142362936e-05
9.943960268e-05
9.843878849e-05
9.763775376e-05
0.0001026620887
8.981209952e-05
0.0001125465575
9.393426772e-05
8.709964025e-05
8.054416999e-05
9.671093531e-05
0.0001070605371
0.0001002723531
8.274276457e-05
0.0001090500543
9.716101665e-05
9.602505639e-05
8.97616332e-05
9.391882665e-05
8.261297448e-05
8.67303363e-05
9.086006103e-05
0.0001047306065
0.0001036104578
8.773422525e-05
9.161208378e-05
0.00010002106
8.951829978e-05
9.307413905e-05
0.0001012747918
7.729348504e-05
8.995113214e-05
8.883881124e-05
9.227551198e-05
9.547129374e-05
9.015371128e-05
8.479493456e-05
9.647370834e-05
9.941826871e-05
9.016799835e-05
9.714454897e-05
9.211899577e-05
9.493338278e-05
9.003143113e-05
8.891900763e-05
9.183017194e-05
9.069953897e-05
9.351766197e-05
8.867657095e-05
9.510122786e-05
9.032880218e-05
9.301056494e-05
8.835009232e-05
9.448493606e-05
8.989179087e-05
9.929708555e-05
8.119751387e-05
9.382997287e-05
8.941097546e-05
9.841476265e-05
9.402353384e-05
9.957975111e-05
9.20807152e-05
9.124239628e-05
9.953541742e-05
9.247661798e-05
9.448765074e-05
9.667153051e-05
8.962981543e-05
8.292269932e-05
9.081261155e-05
9.29316398e-05
8.594665252e-05
9.306024131e-05
0.0001000951998
8.570859179e-05
9.265395239e-05
9.251205328e-05
0.0001064269681
9.912717717e-05
8.464384762e-05
9.14590988e-05
9.804421239e-05
8.37735274e-05
9.027299292e-05
9.685794833e-05
8.939974412e-05
8.217291643e-05
8.842840466e-05
8.123597615e-05
0.0001008076221
9.358733483e-05
8.622237587e-05
8.571970551e-05
8.500400367e-05
9.096313671e-05
8.371990831e-05
9.594157942e-05
8.237851684e-05
0.0001006511931
0.0001059075849
0.0001050905617
7.955693985e-05
9.712044326e-05
9.010697749e-05
0.0001012518483
0.0001001730969
8.760387559e-05
9.820081143e-05
8.585047815e-05
7.923426696e-05
8.408714437e-05
8.313335476e-05
8.780880621e-05
8.137277149e-05
9.129860535e-05
9.023376674e-05
7.880333458e-05
0.0001038326271
8.733814259e-05
9.137624029e-05
8.036405463e-05
0.0001042141097
0.0001031000485
7.760377696e-05
9.59616437e-05
8.531465675e-05
0.0001078368077
9.26232117e-05
9.162230989e-05
9.954476399e-05
0.0001029455942
9.283332037e-05
0.0001005791879
0.0001036531187
8.117829892e-05
9.705032124e-05
8.349128365e-05
9.48242217e-05
9.789894758e-05
9.265691339e-05
9.168373532e-05
9.054900305e-05
9.350304853e-05
9.234863348e-05
9.139822253e-05
9.403502703e-05
9.307845516e-05
8.826063541e-05
9.101448547e-05
8.990539721e-05
9.613503202e-05
8.441859305e-05
8.707592138e-05
9.291154386e-05
8.860749145e-05
9.091862196e-05
9.005426661e-05
9.887882154e-05
9.46872278e-05
8.712718268e-05
9.59138913e-05
8.848617863e-05
0.0001033377773
9.287312171e-05
9.510722909e-05
9.707287245e-05
9.32062876e-05
9.812330629e-05
9.726511107e-05
9.32938253e-05
8.670708334e-05
0.0001139452179
8.541437632e-05
8.530947346e-05
8.52228036e-05
8.504263294e-05
9.198860764e-05
8.466076662e-05
9.152710219e-05
8.416724965e-05
9.094442895e-05
9.053024942e-05
9.024582612e-05
8.286330722e-05
8.255761402e-05
0.0001094185141
9.533577101e-05
9.470369768e-05
0.0001009838016
8.688594726e-05
8.642505081e-05
7.91546622e-05
9.180946434e-05
8.454216111e-05
8.400757772e-05
0.0001024838302
8.906305784e-05
9.454278524e-05
0.0001063698526
9.914745879e-05
8.608561743e-05
0.0001034866473
9.057054897e-05
0.0001015860624
7.702289641e-05
0.0001289615649
9.295908853e-05
0.0001034406883
8.540823501e-05
7.882843457e-05
0.0001003887037
8.822480629e-05
9.828363591e-05
7.016722949e-05
9.083870872e-05
8.978177641e-05
7.318192957e-05
8.781876256e-05
8.690435212e-05
9.092486367e-05
0.000104957425
0.0001086409051
8.793826571e-05
9.170504839e-05
9.071940967e-05
9.905119746e-05
9.331692829e-05
8.295896934e-05
9.573996744e-05
8.105505533e-05
9.799772046e-05
8.359109782e-05
9.13950518e-05
8.16687001e-05
8.079265354e-05
0.0001007904623
9.140577787e-05
9.437686381e-05
8.931743626e-05
9.222110589e-05
9.52200717e-05
9.012420445e-05
9.306441031e-05
9.191630171e-05
9.476074758e-05
8.985169429e-05
8.893762036e-05
8.784858352e-05
8.696590955e-05
9.306538076e-05
9.214245584e-05
9.102687301e-05
9.013640299e-05
8.905289305e-05
9.497805361e-05
9.719730614e-05
8.963359801e-05
9.513592999e-05
0.000103993784
9.314270755e-05
9.546453188e-05
9.121616122e-05
8.726887219e-05
9.551714268e-05
8.244540671e-05
9.057607123e-05
8.67813073e-05
9.469892438e-05
9.973776976e-05
8.704674931e-05
9.204769534e-05
9.913945862e-05
9.908790596e-05
0.000106035682
8.474249118e-05
9.161098895e-05
8.443481735e-05
9.120080521e-05
8.401234369e-05
0.0001046199859
8.347894071e-05
8.310013333e-05
8.283938897e-05
8.240287228e-05
9.57824884e-05
0.0001020125089
9.480902527e-05
9.418260403e-05
9.373354787e-05
7.976358327e-05
9.917630145e-05
8.528452072e-05
9.131087452e-05
9.702151152e-05
8.355432983e-05
7.645030699e-05
9.491336959e-05
0.0001003081231
9.958014093e-05
8.62949523e-05
9.174741533e-05
0.0001029430674
9.009571398e-05
8.916746797e-05
8.841014238e-05
9.91365307e-05
9.247905259e-05
9.719236019e-05
7.930582313e-05
0.0001008343778
7.76829527e-05
8.229243177e-05
9.235479161e-05
0.0001074076358
8.506675023e-05
0.0001050991666
8.84215431e-05
9.766462382e-05
7.630133776e-05
9.047792451e-05
7.957496235e-05
9.828214267e-05
0.0001020941691
0.0001056694438
9.503112073e-05
8.918535346e-05
9.286709841e-05
0.00010549449
9.074376522e-05
8.51496869e-05
7.979747325e-05
9.195121206e-05
9.529257317e-05
9.839444925e-05
9.733921386e-05
8.777609963e-05
9.511047625e-05
8.984963292e-05
9.697979404e-05
9.578022136e-05
9.477437059e-05
9.360351967e-05
9.262986833e-05
9.148799901e-05
9.054640086e-05
9.68864958e-05
9.590079491e-05
9.108370952e-05
9.738191886e-05
9.26332e-05
8.818697105e-05
9.060423169e-05
8.626708921e-05
8.863928851e-05
9.116047941e-05
0.0001000815693
8.921684125e-05
9.14278779e-05
0.0001067443365
9.59052976e-05
9.501936334e-05
9.078994381e-05
9.306541454e-05
8.58693396e-05
9.421604794e-05
9.616038843e-05
8.637350492e-05
9.425223023e-05
8.758895134e-05
8.95222959e-05
9.161199918e-05
8.449985607e-05
8.445601217e-05
9.138242728e-05
9.128985933e-05
9.109826307e-05
0.0001049530245
8.371526013e-05
8.354342519e-05
9.0165807e-05
8.993227311e-05
9.641223262e-05
8.924509609e-05
9.560544691e-05
8.164599856e-05
0.0001014514022
8.755320624e-05
9.366721348e-05
8.656255238e-05
0.0001057727063
0.000111788955
0.0001043977879
9.730464732e-05
0.0001158000505
8.310594653e-05
0.0001077263743
8.181982047e-05
8.730426968e-05
9.286229773e-05
9.810366987e-05
9.126535994e-05
0.0001024051681
9.560088733e-05
9.461869017e-05
9.381599934e-05
9.862625078e-05
0.0001035044426
9.100787006e-05
9.580891523e-05
8.917613164e-05
8.833122542e-05
8.187831784e-05
8.108016852e-05
7.480977147e-05
0.0001058031489
9.934903897e-05
9.833471714e-05
8.695379248e-05
8.098783184e-05
9.503732202e-05
8.908447374e-05
8.313383692e-05
7.740842205e-05
8.125928353e-05
8.984396423e-05
9.342853615e-05
0.0001016637429
9.129627001e-05
9.934185895e-05
8.920541129e-05
9.265506266e-05
9.151641458e-05
8.622022371e-05
9.367331362e-05
8.845669914e-05
9.568486559e-05
9.878043849e-05
8.129973289e-05
9.25047152e-05
9.533392182e-05
9.433282246e-05
9.316847314e-05
9.219936546e-05
9.106366933e-05
9.012641658e-05
9.643784999e-05
9.545665343e-05
9.791540454e-05
9.33413452e-05
9.575136137e-05
8.426806319e-05
9.018549691e-05
8.930301317e-05
9.501639341e-05
9.746031499e-05
0.0001029391434
9.53820118e-05
8.775418111e-05
9.659064549e-05
9.227823152e-05
9.142571643e-05
8.72515637e-05
9.880803291e-05
0.0001007312046
9.982680022e-05
8.374673067e-05
9.486291565e-05
9.087817634e-05
9.298974203e-05
8.622609726e-05
9.402979596e-05
8.402835458e-05
9.098358735e-05
8.388277582e-05
9.078108805e-05
9.755980174e-05
9.045321823e-05
8.32503826e-05
9.692633091e-05
9.656397727e-05
8.255501257e-05
8.218306801e-05
9.558016242e-05
8.149718427e-05
0.0001014971238
8.744357638e-05
9.377280507e-05
9.315743292e-05
9.271444296e-05
0.0001052002328
8.502359819e-05
9.73463636e-05
9.032976648e-05
8.318626182e-05
8.902099222e-05
8.194151475e-05
8.138603617e-05
0.0001054532342
8.621518793e-05
9.149060037e-05
9.078834366e-05
0.0001018728609
8.916082554e-05
0.0001000136611
9.916617916e-05
0.0001154367024
8.009198922e-05
9.620441053e-05
8.410842715e-05
8.318089677e-05
9.887226529e-05
9.776202105e-05
0.0001075665429
9.038891677e-05
8.948640451e-05
8.32494795e-05
9.785017927e-05
9.161752846e-05
9.066542369e-05
8.461948276e-05
7.880121555e-05
8.759835473e-05
9.147842008e-05
9.038266164e-05
8.941254715e-05
0.0001069293704
9.198032473e-05
9.994860137e-05
8.089371797e-05
8.878360039e-05
9.660854779e-05
8.674829493e-05
9.010542089e-05
0.0001017102005
9.223487615e-05
9.10974204e-05
9.831950481e-05
9.710583966e-05
8.807126117e-05
8.698411532e-05
9.389536954e-05
9.273745188e-05
9.559671423e-05
9.064325764e-05
9.718616955e-05
9.599334006e-05
8.77076371e-05
9.385479281e-05
9.291150494e-05
8.825073996e-05
9.786027662e-05
9.322333071e-05
9.572992232e-05
8.782349922e-05
9.366646028e-05
8.59384478e-05
8.839484702e-05
9.058470007e-05
8.332578201e-05
8.55173637e-05
9.41413666e-05
0.0001054578559
0.0001014240211
9.114876392e-05
9.033039965e-05
8.931084313e-05
8.556929118e-05
8.753565573e-05
9.255536571e-05
9.154298312e-05
8.791683766e-05
9.05255929e-05
9.047882504e-05
9.732071476e-05
9.027795625e-05
9.008983839e-05
8.303330646e-05
9.658907948e-05
9.639130497e-05
8.917279206e-05
8.210067568e-05
8.854309102e-05
9.505603338e-05
8.780607904e-05
8.748382029e-05
8.696783766e-05
9.326314287e-05
9.265317125e-05
9.879980961e-05
9.155468235e-05
9.10716082e-05
9.03704075e-05
9.626472481e-05
8.9108825e-05
9.487322742e-05
7.523876242e-05
8.718427545e-05
9.872941843e-05
9.801563106e-05
0.0001031492311
0.0001083795455
8.942299321e-05
8.87006195e-05
9.364733079e-05
7.54444438e-05
8.613643197e-05
9.676000241e-05
9.008746298e-05
9.484175929e-05
9.379852397e-05
9.837691562e-05
8.646663348e-05
0.0001016799907
8.465116527e-05
8.904453963e-05
9.319574852e-05
9.737039304e-05
8.104065435e-05
0.0001052611928
0.0001040236015
8.822245217e-05
0.0001065493546
0.0001006216206
8.52160742e-05
0.0001030355566
0.0001064208083
9.154325846e-05
8.591093646e-05
9.392994543e-05
9.27840478e-05
8.741291019e-05
9.929323412e-05
8.968359377e-05
9.279948225e-05
8.763192752e-05
8.655260426e-05
8.970761507e-05
9.665620276e-05
9.164826853e-05
9.051811485e-05
8.9567707e-05
9.231040029e-05
9.13502539e-05
9.398615616e-05
9.301877993e-05
8.82026853e-05
9.094288347e-05
9.342465665e-05
8.892846672e-05
8.433268668e-05
0.000100890957
9.623334249e-05
9.529142323e-05
8.405885563e-05
9.656717825e-05
9.212483031e-05
9.450724494e-05
9.660955331e-05
9.570371156e-05
8.512416125e-05
8.43375824e-05
9.262226874e-05
9.483802431e-05
0.0001028246509
0.0001019014625
8.889691895e-05
9.104675867e-05
9.87456471e-05
9.788284295e-05
9.111549274e-05
9.315210292e-05
9.695112348e-05
8.305812232e-05
8.987101784e-05
9.668655303e-05
0.0001033776371
8.945778672e-05
8.919727528e-05
8.901485655e-05
8.868444189e-05
0.0001020641403
8.805985782e-05
9.453762129e-05
8.061118862e-05
8.700868434e-05
9.315088189e-05
0.0001060102752
9.215433933e-05
9.171725986e-05
9.756907224e-05
9.058460618e-05
7.704804414e-05
8.298598075e-05
8.863748458e-05
0.0001006636473
8.108035292e-05
9.292167873e-05
8.593739771e-05
8.531687093e-05
7.847007452e-05
7.786923358e-05
0.0001008246774
8.236213048e-05
0.0001048152284
0.0001097029129
8.569980895e-05
7.928154774e-05
8.403206786e-05
9.991637668e-05
8.235008018e-05
9.244836546e-05
8.60379852e-05
9.052660684e-05
7.896989101e-05
8.339483951e-05
8.243584672e-05
0.000101995041
9.072828043e-05
9.477476052e-05
0.0001035221355
9.267531543e-05
9.639908182e-05
9.060300694e-05
7.538699479e-05
0.0001025455019
8.749670233e-05
9.566584251e-05
9.900749263e-05
9.348808323e-05
9.674701714e-05
8.265354797e-05
8.593937967e-05
9.776719282e-05
9.236865183e-05
8.722528258e-05
9.025480829e-05
9.335165547e-05
8.819315143e-05
9.519231109e-05
9.401963422e-05
8.91561684e-05
9.188726378e-05
9.472035017e-05
8.981397314e-05
9.259324919e-05
9.511650115e-05
9.052747496e-05
8.942158185e-05
9.206359261e-05
9.094388455e-05
9.350459616e-05
8.89521976e-05
8.808142849e-05
9.036961185e-05
9.612672048e-05
9.825475192e-05
9.731984589e-05
8.334572279e-05
8.89152365e-05
8.15962411e-05
0.0001026073917
9.219742171e-05
0.0001004934804
8.730003016e-05
9.546618594e-05
9.143637431e-05
9.939714192e-05
9.828849022e-05
9.169867481e-05
9.069197643e-05
9.552905023e-05
9.641905179e-05
8.948591807e-05
8.937826391e-05
0.0001030248924
9.595761006e-05
0.0001026556638
8.871007211e-05
8.85288666e-05
8.141668747e-05
8.797407783e-05
9.431893756e-05
0.0001074569521
9.353793845e-05
8.653868157e-05
8.603172267e-05
9.226026006e-05
9.166084994e-05
9.122666913e-05
9.05794741e-05
7.723095849e-05
7.664010499e-05
8.889700881e-05
8.817110423e-05
0.0001063932261
8.686087231e-05
9.243674856e-05
9.770426924e-05
9.699965262e-05
7.80655397e-05
8.938675158e-05
8.85076173e-05
8.194135973e-05
9.269571278e-05
0.0001034020138
9.095209606e-05
9.578582802e-05
9.475957948e-05
9.389393439e-05
9.286631327e-05
0.0001190456163
9.096441377e-05
7.948307129e-05
8.382201625e-05
8.298708035e-05
9.228933599e-05
8.627481985e-05
9.02900985e-05
8.935356882e-05
8.830755534e-05
9.223122853e-05
0.0001055334913
9.49174247e-05
9.3787232e-05
8.350370722e-05
0.0001008346658
9.521554304e-05
8.958504834e-05
9.305035876e-05
8.316467911e-05
9.525820924e-05
9.8371636e-05
9.731374288e-05
8.358345751e-05
9.09567939e-05
9.800653165e-05
8.888197762e-05
9.576930628e-05
9.475568875e-05
9.358955439e-05
9.260702016e-05
9.146798874e-05
9.051663942e-05
9.313020339e-05
8.848473029e-05
9.104236675e-05
8.651121043e-05
9.613672418e-05
8.812059003e-05
9.05311393e-05
8.963270963e-05
9.876570111e-05
8.768162663e-05
8.995941753e-05
9.569026246e-05
8.150701723e-05
0.0001033361408
8.934869566e-05
9.483291779e-05
9.372056109e-05
8.047379494e-05
9.177645434e-05
9.094053079e-05
8.69003746e-05
9.502915144e-05
9.101649106e-05
9.894077798e-05
8.632548244e-05
9.698101466e-05
8.745136717e-05
8.390058499e-05
8.90433034e-05
8.899759205e-05
8.205312364e-05
0.0001024632408
8.861837849e-05
0.0001020969531
8.14413806e-05
8.127521955e-05
0.0001079675252
9.422837979e-05
0.0001072111315
9.351757781e-05
7.974424998e-05
0.0001059368975
7.898878331e-05
9.832163957e-05
9.768494753e-05
9.074129876e-05
9.653530647e-05
0.0001088316469
8.894253998e-05
8.211307933e-05
8.770960606e-05
9.338576475e-05
9.875335822e-05
9.808731041e-05
9.112465953e-05
0.0001025307411
8.961363977e-05
8.892912179e-05
8.805692123e-05
8.734807113e-05
0.0001095197046
8.001798863e-05
0.0001018076508
9.530605994e-05
9.428756507e-05
8.243566841e-05
8.153569598e-05
8.615129425e-05
9.051789539e-05
8.963939046e-05
9.905353497e-05
9.290620041e-05
0.0001122522005
0.0001060597876
0.0001148161645
0.0001037454595
7.812081496e-05
8.696025221e-05
8.593591847e-05
8.97441897e-05
9.801217862e-05
0.0001015792453
0.0001003618368
8.123096814e-05
9.362558042e-05
0.0001058476733
8.713550725e-05
9.481644604e-05
8.514541107e-05
0.0001010759789
8.735893245e-05
9.053860148e-05
8.536274816e-05
8.445324867e-05
9.533193364e-05
9.432305347e-05
8.539977538e-05
9.218539131e-05
9.105252258e-05
9.010551162e-05
9.270804701e-05
9.17537618e-05
0.0001015059618
9.329625747e-05
8.861306065e-05
9.473990171e-05
9.012212358e-05
9.952314883e-05
8.475823871e-05
9.399970222e-05
9.950325577e-05
9.525774995e-05
8.113843842e-05
9.322477135e-05
9.529730978e-05
0.0001006969988
9.640535422e-05
9.243316699e-05
9.744993462e-05
8.750957337e-05
9.24701796e-05
9.45961001e-05
9.060044645e-05
8.97984162e-05
8.592949304e-05
8.801839444e-05
9.547268676e-05
9.186586128e-05
8.855993563e-05
8.170575389e-05
0.0001020101429
8.152614385e-05
8.813851567e-05
0.0001015442911
8.100134779e-05
8.757263476e-05
9.396257846e-05
8.702661426e-05
8.664129598e-05
8.637178303e-05
8.592754725e-05
8.561374635e-05
9.166289527e-05
9.127871631e-05
9.068955903e-05
9.026106588e-05
8.322304903e-05
8.915435739e-05
8.847655852e-05
0.0001005335125
8.725291381e-05
7.432020392e-05
9.210233342e-05
9.148191558e-05
9.670019038e-05
7.200339022e-05
8.915637149e-05
8.257774368e-05
0.0001051329503
9.849385389e-05
8.029283532e-05
7.961626332e-05
8.44161008e-05
0.0001059876709
8.278255565e-05
9.843338826e-05
0.0001027703849
7.501213674e-05
9.007573926e-05
9.969665684e-05
0.0001037611907
0.0001027292607
9.647818414e-05
0.0001005235722
9.936256737e-05
8.358322749e-05
9.232763475e-05
9.616389635e-05
8.077844865e-05
9.402195555e-05
8.8261445e-05
9.191173954e-05
9.989342145e-05
8.983575511e-05
0.0001020662605
8.779723111e-05
9.974295035e-05
0.0001029586487
0.0001017046835
8.803505483e-05
9.938163591e-05
9.422079313e-05
9.306606771e-05
8.807139932e-05
8.699032626e-05
8.998208627e-05
8.88768796e-05
9.176758431e-05
9.064081361e-05
8.969810163e-05
8.859811258e-05
8.768611267e-05
9.383087197e-05
9.644800857e-05
8.468568784e-05
9.780653077e-05
8.971678707e-05
9.224262996e-05
9.450234158e-05
9.023484445e-05
9.575381091e-05
8.501921973e-05
0.0001066205951
8.640463666e-05
9.170552202e-05
8.771263908e-05
8.668266623e-05
8.281418345e-05
8.791441629e-05
9.91292502e-05
8.31425642e-05
8.533882356e-05
9.600678088e-05
9.227341891e-05
9.979330665e-05
9.044296694e-05
9.503502064e-05
8.867391166e-05
8.80817874e-05
8.803675621e-05
0.0001014598824
8.784369608e-05
0.0001011505635
9.426440813e-05
8.727988151e-05
8.710222367e-05
8.010773823e-05
9.321899405e-05
9.280766288e-05
8.591078927e-05
9.204505337e-05
8.515865369e-05
8.46647358e-05
0.0001037665541
8.376790701e-05
0.0001090257228
0.0001018914315
0.0001013572478
0.0001005890678
8.75089926e-05
0.000105401157
8.009713161e-05
9.773687817e-05
9.101185836e-05
8.418011907e-05
0.0001074538934
8.279016302e-05
8.802777717e-05
9.298043774e-05
9.799826514e-05
0.0001027170046
9.053548748e-05
8.959648188e-05
8.325952854e-05
0.00010434074
0.0001033903929
8.073726141e-05
0.000101304621
8.436506519e-05
9.399112499e-05
8.26083071e-05
0.0001022342273
9.601576176e-05
7.002973066e-05
9.39450619e-05
9.297242073e-05
9.189097157e-05
8.135317964e-05
8.039879901e-05
0.0001076176063
9.24727304e-05
9.148275288e-05
9.490984193e-05
8.941878591e-05
8.834314624e-05
9.613103085e-05
9.496761436e-05
9.82153306e-05
8.014767972e-05
9.180531534e-05
9.48066317e-05
9.379154096e-05
9.264347469e-05
9.165670324e-05
7.872422051e-05
9.346952762e-05
9.232260339e-05
9.135354743e-05
9.02328111e-05
9.301495754e-05
8.820010832e-05
9.09293599e-05
9.700271037e-05
9.957148319e-05
9.835731272e-05
9.736823829e-05
9.618547115e-05
9.182951038e-05
9.407927793e-05
8.983077051e-05
9.203794678e-05
9.440434939e-05
9.649342987e-05
9.876060449e-05
8.499789687e-05
8.731896989e-05
9.553874792e-05
9.160210469e-05
9.657205957e-05
8.373077641e-05
9.459096906e-05
8.788287288e-05
9.557190096e-05
9.472600334e-05
8.231003683e-05
9.284550553e-05
9.738374152e-05
9.930318612e-05
8.086963813e-05
8.082837835e-05
9.418782473e-05
9.409347506e-05
9.390146075e-05
9.375960962e-05
8.681334438e-05
9.996558389e-05
8.632078535e-05
9.272236748e-05
8.572070908e-05
7.888125261e-05
7.847825026e-05
0.0001107724886
7.77403165e-05
0.000103220386
0.0001025584423
9.569538181e-05
8.235507706e-05
0.000107131193
9.381331257e-05
8.705590272e-05
0.0001048580034
9.194422424e-05
9.723644504e-05
9.658304745e-05
8.973425519e-05
8.315089913e-05
8.825569322e-05
8.174499389e-05
9.829622005e-05
8.60361518e-05
9.084934152e-05
7.882479344e-05
0.0001114419326
8.837192028e-05
8.743465479e-05
9.205400483e-05
0.0001017689141
9.550600723e-05
8.920426053e-05
0.0001039302361
8.734972994e-05
0.0001017439419
9.555775105e-05
8.463106234e-05
9.349994317e-05
8.279223337e-05
9.145841934e-05
8.097067836e-05
9.414435447e-05
8.848606331e-05
8.744057779e-05
9.561063971e-05
8.5473734e-05
8.900566952e-05
9.233363512e-05
9.133969707e-05
9.023599215e-05
8.926470326e-05
9.237974827e-05
9.138727255e-05
8.616981886e-05
9.742558145e-05
8.821493248e-05
9.52096057e-05
9.404346121e-05
9.304853124e-05
9.190787487e-05
9.473253111e-05
9.357131794e-05
9.259816162e-05
9.146423326e-05
9.05226895e-05
8.941627042e-05
8.850608636e-05
9.092441902e-05
9.001000956e-05
9.233683775e-05
8.803414602e-05
8.696998635e-05
8.943029934e-05
8.508279892e-05
8.750174679e-05
8.645662988e-05
9.197663836e-05
8.461821314e-05
9.624262062e-05
8.89750508e-05
9.11921525e-05
9.31346821e-05
9.824015647e-05
9.416572294e-05
9.62365675e-05
9.225788413e-05
8.858384279e-05
9.606476344e-05
9.52263092e-05
9.694137058e-05
9.610645398e-05
9.384395466e-05
0.0001004958987
8.699338317e-05
8.690635682e-05
0.0001000726268
7.993730471e-05
7.970932457e-05
9.943430966e-05
0.0001188873598
7.905514666e-05
9.182676782e-05
9.15421324e-05
0.0001105922761
9.074458654e-05
9.022169924e-05
8.34274489e-05
0.0001084000327
8.25039328e-05
9.45321291e-05
8.776857125e-05
9.955137926e-05
9.279372916e-05
8.591093341e-05
8.537531332e-05
8.464847163e-05
0.0001020975666
9.523217954e-05
9.454952607e-05
8.195800101e-05
8.133488576e-05
8.054584635e-05
8.560755919e-05
8.474923559e-05
8.96399204e-05
9.425965376e-05
7.144960929e-05
7.069370375e-05
8.621669147e-05
9.594517496e-05
9.50437344e-05
9.399686226e-05
9.82592e-05
9.204582111e-05
8.606958614e-05
0.0001001095675
9.909395692e-05
0.0001028547091
8.724951961e-05
0.000110194114
9.955452347e-05
0.000107761908
0.0001066164883
8.703584348e-05
8.610484782e-05
8.508031396e-05
9.745598807e-05
9.628758208e-05
9.958103501e-05
8.55474862e-05
9.308962086e-05
9.196075554e-05
9.92432942e-05
8.986539985e-05
9.294466421e-05
9.580142449e-05
9.47813222e-05
8.972077233e-05
9.263131028e-05
9.530922473e-05
9.053658174e-05
8.942772704e-05
9.218508433e-05
8.741473186e-05
9.37244261e-05
9.614028465e-05
9.516160047e-05
9.052066555e-05
8.27171427e-05
9.53317755e-05
9.10142739e-05
8.325394062e-05
9.233091568e-05
8.796306345e-05
9.033968666e-05
8.607261481e-05
7.893792064e-05
8.7361977e-05
9.581451029e-05
9.4687583e-05
8.775965821e-05
8.374612745e-05
0.0001007652474
0.0001025328098
9.290265681e-05
8.323338704e-05
8.818625345e-05
9.000662424e-05
9.200934749e-05
9.098854328e-05
9.567210553e-05
9.33453533e-05
9.329791981e-05
9.318787535e-05
9.974440247e-05
9.290607971e-05
8.613991313e-05
7.92877611e-05
9.890865257e-05
8.541022903e-05
9.174482171e-05
9.134405481e-05
9.756561731e-05
0.0001035417979
0.0001031654762
8.9751319e-05
9.576104834e-05
8.246406049e-05
8.207634648e-05
0.0001003138747
8.107929757e-05
8.666045719e-05
9.231820105e-05
8.547273321e-05
9.100767006e-05
0.0001082821465
8.963022997e-05
0.0001065967848
0.0001058335641
9.319789939e-05
9.249013948e-05
9.731999297e-05
0.0001022198586
7.870928344e-05
8.91987483e-05
9.379822708e-05
9.297754945e-05
9.740786256e-05
9.116081889e-05
7.9568505e-05
8.407636892e-05
8.834948324e-05
9.778921508e-05
9.669722762e-05
9.069961027e-05
8.469106029e-05
8.87637709e-05
8.287253138e-05
9.166501955e-05
8.58367115e-05
9.437219508e-05
9.327172249e-05
0.0001015088434
9.575429538e-05
0.0001037524112
9.360528837e-05
9.260032271e-05
8.713520588e-05
9.050773832e-05
8.941745827e-05
9.266769798e-05
9.570670757e-05
9.467898296e-05
9.352774671e-05
8.85040249e-05
9.537225707e-05
9.435687457e-05
9.320365628e-05
9.221781418e-05
9.108949646e-05
9.013355404e-05
9.274015467e-05
9.177567611e-05
8.702726541e-05
8.613135808e-05
9.571479704e-05
8.421367978e-05
8.665430962e-05
8.921400169e-05
9.491058531e-05
9.061205975e-05
9.614796011e-05
8.86399743e-05
9.730486473e-05
9.315253897e-05
9.203955129e-05
8.487585252e-05
8.697518853e-05
8.923598584e-05
9.122677031e-05
9.33959305e-05
9.528450778e-05
8.556482479e-05
9.332659898e-05
8.092763651e-05
0.0001000051635
9.912024517e-05
9.520319402e-05
8.326990084e-05
9.60685771e-05
9.252047501e-05
9.285202216e-05
9.280493306e-05
8.607469058e-05
9.260333404e-05
8.581509945e-05
9.227714032e-05
9.858829158e-05
9.182928906e-05
0.0001111043066
9.778257619e-05
9.735684675e-05
8.411499503e-05
8.368947139e-05
7.697137661e-05
8.928581807e-05
9.526485168e-05
0.0001009703608
9.42151954e-05
9.97988222e-05
8.686840191e-05
9.853488198e-05
9.184752185e-05
9.718740631e-05
9.05465116e-05
9.576542832e-05
9.512422623e-05
8.249326725e-05
8.775354947e-05
9.853005886e-05
9.778265425e-05
7.405344091e-05
8.476305792e-05
8.391761498e-05
9.985713466e-05
9.3341296e-05
8.164008932e-05
0.00011309286
8.538418293e-05
8.974459003e-05
8.367332009e-05
8.792820832e-05
9.220140448e-05
0.0001013045842
9.528585577e-05
8.925116819e-05
0.0001030714215
8.733745928e-05
7.683145444e-05
9.018485591e-05
8.454118809e-05
9.284144489e-05
9.644827462e-05
8.623751207e-05
9.878672891e-05
9.317837032e-05
9.217835604e-05
9.107685978e-05
9.009741654e-05
8.053623633e-05
9.224958251e-05
9.527652746e-05
9.835165029e-05
8.906086361e-05
9.211294411e-05
9.099079608e-05
9.393621148e-05
8.892313033e-05
9.180799328e-05
9.446432122e-05
8.973409862e-05
8.863688234e-05
9.136988831e-05
9.386348692e-05
9.647015194e-05
8.470494133e-05
9.432289139e-05
8.627290502e-05
9.223745624e-05
8.774359334e-05
9.355462141e-05
9.2424236e-05
0.0001045926246
0.0001001060186
8.954459259e-05
8.847453343e-05
9.07614849e-05
9.896206846e-05
8.5779007e-05
7.871411968e-05
8.998402044e-05
9.189845334e-05
9.106111212e-05
8.420206213e-05
8.344611367e-05
9.67156556e-05
9.58599142e-05
9.756577226e-05
9.118811575e-05
8.47079849e-05
8.939707657e-05
9.8961298e-05
9.231712881e-05
9.220893494e-05
8.553726422e-05
9.849812136e-05
8.523667936e-05
0.0001046104952
7.829906975e-05
9.102011933e-05
9.727250665e-05
0.0001033070806
9.011446334e-05
0.000102468645
9.571602097e-05
0.0001078590754
8.213726796e-05
0.0001130083576
9.373192332e-05
9.308346719e-05
8.642520614e-05
9.803437823e-05
9.138161777e-05
9.065315141e-05
7.807800275e-05
7.741900596e-05
0.0001123941396
8.794506944e-05
7.567460525e-05
0.0001095766083
8.012888503e-05
9.636296597e-05
9.559329471e-05
9.464228115e-05
9.937046785e-05
8.19607016e-05
8.66613603e-05
8.575124187e-05
9.559566982e-05
0.000105077271
8.847874945e-05
9.265863372e-05
8.666654165e-05
0.0001109098715
9.48374936e-05
7.896301957e-05
9.281921285e-05
8.693134467e-05
8.603399066e-05
9.921746246e-05
9.350115024e-05
8.779436299e-05
9.600584089e-05
9.488000415e-05
8.49266912e-05
9.275532879e-05
9.612975179e-05
9.498290802e-05
9.39617888e-05
8.861364079e-05
9.183522316e-05
9.072627555e-05
9.383215091e-05
8.866397348e-05
9.568971256e-05
9.452535522e-05
9.351928257e-05
8.852960423e-05
9.140179879e-05
9.028556365e-05
8.933816821e-05
9.560057239e-05
9.460638003e-05
9.704536498e-05
8.893174428e-05
9.487502116e-05
9.04309433e-05
8.589484318e-05
9.183317829e-05
8.399935039e-05
9.647140313e-05
9.859235814e-05
8.786349561e-05
9.645246953e-05
9.233628055e-05
9.123267744e-05
9.03635376e-05
8.929078897e-05
9.150264233e-05
9.645305529e-05
9.25746718e-05
9.149363792e-05
9.358445745e-05
9.828369166e-05
8.88070917e-05
8.77913317e-05
8.701461485e-05
9.158173727e-05
8.803197372e-05
8.433006123e-05
9.439230126e-05
8.53179227e-05
9.183442577e-05
9.827907565e-05
0.0001047266902
7.838739108e-05
7.826965724e-05
9.105764196e-05
9.087354003e-05
9.054753329e-05
9.031654885e-05
7.707933705e-05
0.0001088587936
0.0001019403675
9.522295398e-05
0.0001073054008
0.0001005735752
8.12001806e-05
9.947048936e-05
9.878442287e-05
9.827029681e-05
9.753893335e-05
0.0001091044998
0.0001022240959
8.366220317e-05
9.480923017e-05
8.240392777e-05
9.917671464e-05
8.68844798e-05
9.182042815e-05
8.543013567e-05
9.589147635e-05
9.512639631e-05
8.864230046e-05
8.790090817e-05
8.700297451e-05
8.624401743e-05
0.0001066755859
7.928212317e-05
9.411972443e-05
9.841846249e-05
0.0001075911494
9.640585459e-05
8.53010756e-05
7.948912097e-05
8.35073232e-05
8.266239787e-05
9.133615548e-05
9.039387847e-05
8.465242482e-05
0.0001070323743
9.199269045e-05
8.191495521e-05
0.0001079415067
8.899063628e-05
9.673306889e-05
8.699605292e-05
9.885383089e-05
9.779143722e-05
8.821712724e-05
9.142456954e-05
9.032211459e-05
8.935289507e-05
9.629520552e-05
9.526536768e-05
9.41075197e-05
9.310603831e-05
9.197170003e-05
9.09991828e-05
8.988889535e-05
8.894571635e-05
9.518156107e-05
9.056898353e-05
8.588520498e-05
9.208441587e-05
9.446063506e-05
8.657299732e-05
8.209927713e-05
9.820520128e-05
9.701437655e-05
8.942646801e-05
9.81625299e-05
9.720037271e-05
8.962972459e-05
8.876337192e-05
9.709897235e-05
0.0001054809724
8.583510344e-05
9.717624763e-05
9.603092166e-05
9.811585007e-05
9.696930062e-05
9.317398027e-05
8.633960999e-05
8.556447999e-05
9.586265669e-05
9.222005049e-05
9.393943187e-05
9.038141417e-05
9.208022008e-05
8.591842278e-05
9.140282757e-05
9.135674434e-05
9.125034829e-05
0.0001106938672
9.097731119e-05
8.435219104e-05
9.705646798e-05
0.0001033178142
0.0001029483764
0.0001091039226
8.946290794e-05
8.281665687e-05
8.874032048e-05
0.0001010506036
9.419768956e-05
8.755286646e-05
8.700187222e-05
9.896544174e-05
8.599930256e-05
9.777399365e-05
0.0001091795299
9.046384722e-05
8.974686492e-05
9.513670182e-05
8.25459741e-05
7.613841485e-05
8.127183681e-05
9.798388407e-05
9.137027521e-05
9.067949605e-05
0.0001010377886
9.46640366e-05
9.924041026e-05
9.841122785e-05
0.0001082315634
8.046625778e-05
9.555031371e-05
8.416513488e-05
9.367416385e-05
9.795334897e-05
0.0001070853601
9.090321269e-05
9.988567344e-05
9.889822074e-05
0.0001026777255
7.259965127e-05
9.091536049e-05
8.997796305e-05
8.894627423e-05
8.801373577e-05
8.24166956e-05
7.248231626e-05
8.954431811e-05
0.0001018766881
7.878914228e-05
9.093521898e-05
9.413259173e-05
9.312125875e-05
9.61883508e-05
9.101757216e-05
8.583419585e-05
9.300033312e-05
9.187528948e-05
9.089290436e-05
8.978947181e-05
8.497172758e-05
9.156825347e-05
9.060009822e-05
9.32246847e-05
8.85566974e-05
8.747649851e-05
9.378072436e-05
8.907411476e-05
9.168334214e-05
9.753318094e-05
8.964432727e-05
9.196045939e-05
9.103516173e-05
9.326239589e-05
8.90381353e-05
9.122067099e-05
8.710050257e-05
9.561487869e-05
9.153420296e-05
9.667705723e-05
9.266691816e-05
8.85138913e-05
9.070630236e-05
9.262457734e-05
8.880748098e-05
9.362024567e-05
9.566605971e-05
8.88270423e-05
8.802958545e-05
8.421333073e-05
8.346838696e-05
8.802409489e-05
9.271016168e-05
9.167303853e-05
9.088486805e-05
8.443478021e-05
9.088400657e-05
8.429431241e-05
9.068838048e-05
8.404274133e-05
8.3916795e-05
9.655638376e-05
0.000109209798
8.961693221e-05
0.0001085435659
9.536214173e-05
8.239273865e-05
0.0001008999869
8.168498379e-05
9.371905708e-05
9.333044288e-05
7.419590713e-05
8.615730973e-05
9.779043766e-05
8.512234356e-05
9.65629165e-05
9.001184047e-05
0.0001012072143
0.0001064972224
8.213794587e-05
8.741843412e-05
8.664931248e-05
0.000103238946
8.524173236e-05
0.0001071574566
8.937619252e-05
9.420614972e-05
7.681556782e-05
9.793851928e-05
9.694295886e-05
9.609893512e-05
9.509694369e-05
8.900188954e-05
9.323280193e-05
8.723023082e-05
7.613164574e-05
0.0001005317421
0.0001193057939
8.367343775e-05
9.247007066e-05
9.635334189e-05
9.049842501e-05
9.427984997e-05
9.78610383e-05
0.000101446752
8.204338262e-05
9.019291792e-05
8.914104596e-05
8.378034038e-05
0.0001002240798
9.052825781e-05
8.945343021e-05
8.849267109e-05
9.159820604e-05
7.825770298e-05
9.766309072e-05
9.661557948e-05
9.544826997e-05
9.049337487e-05
9.328283343e-05
9.229041012e-05
9.1168331e-05
9.020449879e-05
9.281867105e-05
8.817106651e-05
9.072544391e-05
8.619071755e-05
8.514033947e-05
9.128574702e-05
9.364262832e-05
8.925612883e-05
9.156270286e-05
8.728424556e-05
8.95428523e-05
9.522006146e-05
9.4070219e-05
8.993595214e-05
0.0001015482826
8.799566468e-05
9.625879287e-05
9.226589137e-05
9.116947262e-05
9.633419489e-05
0.0001011474959
9.726431934e-05
9.612613779e-05
8.947736779e-05
9.414569155e-05
9.895506575e-05
9.781941291e-05
8.86438201e-05
9.58540881e-05
9.773330238e-05
9.395383763e-05
9.314628485e-05
7.753848909e-05
9.687443153e-05
9.031148715e-05
9.666637853e-05
0.0001157691213
9.632985069e-05
7.68491412e-05
8.308545659e-05
8.915876817e-05
9.528435501e-05
8.222601562e-05
8.827876421e-05
9.411348716e-05
8.752218413e-05
9.946161495e-05
9.285905347e-05
9.227822012e-05
0.0001040937388
9.730090873e-05
7.864697433e-05
8.407192189e-05
8.95643282e-05
9.478242121e-05
7.653454564e-05
9.341020755e-05
0.0001043869319
9.197422618e-05
9.702770236e-05
9.04830821e-05
8.980050133e-05
8.894521427e-05
9.92675341e-05
8.190825774e-05
9.205531187e-05
9.648193761e-05
9.564273378e-05
0.0001104224983
8.33715923e-05
7.732964968e-05
8.682185141e-05
0.0001010361096
0.0001000643023
9.896161064e-05
8.818622552e-05
7.751173688e-05
9.111568113e-05
7.586130205e-05
8.446500913e-05
0.0001020560109
9.180642414e-05
9.528567566e-05
8.978663409e-05
8.430432039e-05
9.218455081e-05
9.977716605e-05
9.012492296e-05
8.905657562e-05
0.0001006861453
9.11937668e-05
8.611370012e-05
9.31823588e-05
9.619109612e-05
9.503036446e-05
9.401461811e-05
8.900605823e-05
9.188793146e-05
9.077188665e-05
9.355451986e-05
8.871953146e-05
9.510451124e-05
8.671964223e-05
0.0001001208443
9.183712509e-05
8.739575523e-05
0.0001001455011
8.887127803e-05
9.116837235e-05
8.690826923e-05
9.245958287e-05
8.827150074e-05
9.043555892e-05
8.954881898e-05
8.215281519e-05
8.76167695e-05
9.275238588e-05
8.574376589e-05
8.169864475e-05
9.292116055e-05
8.886225323e-05
9.0974735e-05
8.700911922e-05
8.909000214e-05
9.089662136e-05
9.008059374e-05
8.626297223e-05
9.377421076e-05
9.543551034e-05
9.4603699e-05
9.35420131e-05
9.008856066e-05
8.356973356e-05
8.35278397e-05
8.984926435e-05
7.693739949e-05
8.318373533e-05
7.667016858e-05
9.557151776e-05
0.0001017377245
8.870526501e-05
0.000101119948
8.810212127e-05
9.410514216e-05
8.115300994e-05
9.330045968e-05
9.896131983e-05
8.007341496e-05
7.957406517e-05
9.138807087e-05
9.076524043e-05
0.0001083540528
8.963084909e-05
8.912124372e-05
9.431563707e-05
9.95914521e-05
7.552431005e-05
9.810584624e-05
8.580648073e-05
0.0001022363743
9.004591522e-05
0.0001005382839
9.958316907e-05
8.781509399e-05
9.782145402e-05
0.0001023958515
9.602528046e-05
8.990246315e-05
8.896948989e-05
8.298040606e-05
8.723119233e-05
8.641727794e-05
9.051096702e-05
8.964107028e-05
7.880476899e-05
0.0001024109434
9.16241911e-05
8.115220567e-05
9.911549287e-05
9.809527556e-05
0.0001015951345
0.0001005315283
9.485794647e-05
9.832239357e-05
8.392803639e-05
9.614364278e-05
9.501534116e-05
8.972516616e-05
9.710734355e-05
8.7711546e-05
9.079288336e-05
8.981803557e-05
9.277452383e-05
9.577032641e-05
8.278908966e-05
9.360496811e-05
9.247247544e-05
9.148894797e-05
9.414466171e-05
9.314955663e-05
9.937853472e-05
9.105186811e-05
9.354161293e-05
9.612925597e-05
9.14423066e-05
9.050081311e-05
9.283866743e-05
9.189318297e-05
9.077742378e-05
9.984867466e-05
9.206333718e-05
9.440371384e-05
0.0001029120561
9.871839772e-05
8.494687598e-05
9.347263205e-05
9.851151328e-05
8.842502265e-05
9.641221156e-05
9.252202836e-05
8.258136372e-05
0.0001022715294
8.952190466e-05
9.72904253e-05
9.333212055e-05
9.809994387e-05
8.865977919e-05
9.611402929e-05
9.502057239e-05
9.419251525e-05
9.047281785e-05
9.497182967e-05
8.953950197e-05
8.310222091e-05
8.939174886e-05
9.568215632e-05
8.912699796e-05
8.263716396e-05
8.87474753e-05
9.489535637e-05
8.825635196e-05
0.0001006084776
9.391894136e-05
8.738867778e-05
8.695630372e-05
8.045431729e-05
9.231190549e-05
9.193041703e-05
8.526825144e-05
0.0001091199562
9.633640833e-05
9.583791886e-05
9.513497382e-05
7.685818542e-05
9.385342803e-05
8.161512863e-05
9.250024039e-05
9.762872107e-05
9.677667488e-05
8.478529607e-05
7.841133331e-05
0.0001000556819
9.360158343e-05
9.832096204e-05
9.19486961e-05
9.118351747e-05
9.026331876e-05
7.368915787e-05
0.0001093893328
9.291698284e-05
0.0001021481367
8.095666584e-05
9.509851031e-05
9.91423431e-05
0.0001127626618
8.737910223e-05
9.600739814e-05
9.028715102e-05
9.396868616e-05
6.510138779e-05
0.000101138402
0.0001046291759
8.993718115e-05
9.788344422e-05
8.795273313e-05
8.266452456e-05
8.599581735e-05
0.0001020902171
9.247682951e-05
9.564290646e-05
8.628662224e-05
9.348996665e-05
9.638634081e-05
9.138017091e-05
9.028021003e-05
9.319887256e-05
9.207255337e-05
9.109341433e-05
9.373880455e-05
9.645800754e-05
9.162157573e-05
8.703406529e-05
9.314041796e-05
8.862683238e-05
8.754891184e-05
8.664748704e-05
8.559429779e-05
9.82781531e-05
9.708535559e-05
9.942225077e-05
9.494441877e-05
9.40007667e-05
9.286612626e-05
8.878446589e-05
9.398259368e-05
8.997113733e-05
9.196009986e-05
9.715559461e-05
0.0001019999529
8.321086097e-05
8.5164383e-05
8.437627392e-05
8.913771228e-05
9.972205237e-05
8.729842861e-05
8.930550971e-05
9.103590317e-05
9.296512313e-05
9.190610622e-05
9.378489035e-05
9.272910071e-05
9.19327357e-05
8.272223222e-05
8.268091764e-05
0.0001016444219
8.250451985e-05
0.0001013441373
8.22192488e-05
9.460653997e-05
9.441647853e-05
8.153967684e-05
8.133300114e-05
9.344753306e-05
9.316106963e-05
9.270155513e-05
9.236803211e-05
9.185219832e-05
9.147302927e-05
7.878518878e-05
9.651522831e-05
7.189596994e-05
8.344509384e-05
8.28347903e-05
8.236489131e-05
8.172126126e-05
8.701893902e-05
0.0001035583571
8.001100002e-05
9.631053901e-05
9.000274455e-05
8.361012483e-05
9.404559703e-05
9.863647022e-05
8.698170085e-05
9.689781309e-05
8.54153254e-05
8.984010111e-05
8.382200269e-05
9.332568554e-05
9.762312107e-05
9.659196353e-05
0.0001057650645
9.964391179e-05
9.375332e-05
9.760713527e-05
9.664561749e-05
9.079364681e-05
9.46089588e-05
9.354551089e-05
9.258369e-05
0.000105262383
8.15176397e-05
9.401390583e-05
9.744839673e-05
8.756363817e-05
8.229916157e-05
0.0001027408939
9.740631202e-05
9.207195046e-05
9.108428502e-05
8.591061618e-05
9.308283683e-05
8.797079823e-05
9.493973467e-05
8.989005675e-05
9.27962854e-05
9.167607553e-05
9.070128599e-05
9.333643166e-05
9.235005753e-05
9.122937641e-05
9.027245154e-05
9.27426497e-05
9.530822319e-05
9.414979652e-05
9.663151386e-05
8.863919394e-05
8.436190763e-05
9.667257397e-05
9.239949007e-05
9.454098199e-05
9.682887391e-05
9.247158282e-05
9.787935762e-05
8.422487404e-05
9.885647065e-05
9.156901101e-05
9.371910014e-05
8.961675978e-05
9.173396293e-05
9.064955032e-05
8.981061015e-05
8.875680341e-05
8.794777101e-05
9.533650507e-05
0.0001000383166
9.613842283e-05
8.712074584e-05
9.420142767e-05
9.071275607e-05
9.232791997e-05
9.153521588e-05
7.597374929e-05
9.491984375e-05
0.0001011320629
9.47177741e-05
9.453190846e-05
9.439100695e-05
9.413132185e-05
0.0001002052369
8.113116164e-05
8.715079067e-05
0.0001053782779
0.0001050555813
9.224027868e-05
7.965426946e-05
9.749018355e-05
9.708818168e-05
9.64881073e-05
8.403471389e-05
9.539084156e-05
0.0001008294995
9.420624519e-05
8.781790945e-05
9.294246881e-05
0.0001039166698
9.16078313e-05
0.0001023758039
9.021070306e-05
0.0001063667533
8.3211936e-05
7.708107964e-05
8.180819899e-05
9.739227166e-05
9.108458591e-05
9.032808054e-05
9.468088266e-05
7.821702909e-05
7.741094412e-05
9.717142371e-05
8.602655732e-05
9.525244123e-05
8.431008291e-05
8.350163536e-05
8.25892686e-05
8.658661932e-05
9.038399565e-05
9.418268742e-05
8.381351696e-05
9.677760044e-05
9.568091298e-05
9.017203881e-05
8.914046974e-05
8.819745392e-05
8.717797069e-05
9.918691175e-05
8.098020534e-05
9.697993173e-05
9.167060122e-05
9.480969832e-05
8.961110493e-05
9.267923758e-05
8.759076285e-05
9.452981811e-05
8.950326112e-05
9.239716135e-05
9.128299764e-05
9.407554078e-05
9.293749838e-05
9.195543254e-05
9.447414133e-05
8.629221683e-05
8.524455178e-05
9.138801988e-05
9.027796022e-05
9.278487703e-05
8.826352963e-05
9.744501901e-05
9.958271128e-05
9.200822141e-05
8.76484793e-05
8.999113545e-05
9.843074853e-05
0.0001037532384
9.008093429e-05
9.228564163e-05
9.422060902e-05
8.730132872e-05
9.518593109e-05
8.839833211e-05
9.317637078e-05
9.808359593e-05
8.837913614e-05
8.192360458e-05
9.21377913e-05
9.131063913e-05
9.025704028e-05
9.216987775e-05
9.379712879e-05
9.29801339e-05
8.930361857e-05
9.114111903e-05
8.819111295e-05
9.444345894e-05
0.0001069138961
0.0001005256922
8.778791297e-05
7.513474381e-05
0.0001061489679
9.347307757e-05
8.072671937e-05
8.052252563e-05
0.0001048546085
0.0001106829012
9.790247474e-05
9.145405714e-05
9.094638439e-05
8.453365504e-05
9.001361569e-05
7.764963466e-05
0.0001008577965
8.263101355e-05
9.374864768e-05
8.739189485e-05
8.093189005e-05
0.0001091607993
0.0001082620629
0.000107545354
8.416906757e-05
9.471694954e-05
9.385985816e-05
7.671632909e-05
8.685120149e-05
0.0001023197231
0.0001013243096
0.0001110607889
9.424107662e-05
8.823490275e-05
7.705380959e-05
9.163315616e-05
7.555797534e-05
0.0001047974103
8.886321072e-05
8.801174243e-05
9.672456381e-05
0.0001053503539
8.997802449e-05
8.438421604e-05
0.0001066170664
8.717037769e-05
9.979251606e-05
8.079524527e-05
9.762212236e-05
8.780891007e-05
9.981503844e-05
9.875236391e-05
8.487050344e-05
9.235912591e-05
9.542149654e-05
9.43985146e-05
9.327962154e-05
9.227912316e-05
9.514254204e-05
9.412342608e-05
8.911977998e-05
9.200145593e-05
9.468049599e-05
8.992707078e-05
8.884028235e-05
9.156416578e-05
9.045496546e-05
9.666676678e-05
8.842040306e-05
8.750101518e-05
8.989640615e-05
9.581466124e-05
9.127146058e-05
9.034174552e-05
9.585745219e-05
9.162025245e-05
9.374430742e-05
9.921315184e-05
8.85306593e-05
8.453130376e-05
8.970134131e-05
8.577020591e-05
9.079672852e-05
9.892385406e-05
9.774607608e-05
9.095920896e-05
8.698347439e-05
9.479616019e-05
9.368238985e-05
9.001539873e-05
9.174644528e-05
8.816757407e-05
8.442576191e-05
9.717600215e-05
8.805935486e-05
9.258291268e-05
9.153588308e-05
9.334326974e-05
9.40185317e-05
8.144225442e-05
9.38650184e-05
7.501811036e-05
8.735044853e-05
8.099048621e-05
9.319506556e-05
9.300841172e-05
9.268418009e-05
9.861331086e-05
8.592386198e-05
9.177995068e-05
9.133136177e-05
0.0001031376616
8.446680122e-05
9.012777246e-05
8.957396785e-05
8.32146738e-05
8.855967782e-05
9.397702977e-05
8.163353989e-05
9.276799317e-05
8.629595952e-05
8.576594107e-05
9.073247696e-05
9.013246451e-05
9.493868998e-05
8.872277075e-05
8.792195106e-05
8.726287349e-05
9.184693614e-05
9.112090762e-05
8.492853259e-05
9.475257702e-05
9.901674525e-05
9.299396532e-05
9.203994623e-05
9.628045389e-05
0.0001002844503
8.941730818e-05
9.337508136e-05
8.761362326e-05
9.147477454e-05
9.534264669e-05
9.429019365e-05
8.400740889e-05
9.22985488e-05
0.0001004861967
9.935181235e-05
9.384529953e-05
9.719352475e-05
0.0001005373408
7.777506474e-05
8.549704961e-05
9.295210656e-05
9.613827243e-05
9.087830909e-05
8.581776187e-05
9.28783878e-05
9.188244863e-05
9.473504539e-05
8.981549194e-05
9.259781312e-05
9.160912539e-05
9.050686824e-05
8.954489857e-05
9.214977569e-05
8.752916598e-05
9.00726694e-05
9.269315033e-05
8.804756895e-05
9.410263781e-05
8.951806372e-05
9.881894166e-05
8.75216734e-05
9.329396436e-05
9.545502435e-05
9.775236604e-05
8.691298515e-05
9.242279903e-05
8.815926876e-05
9.35295514e-05
9.548527433e-05
9.456128634e-05
9.644314854e-05
9.253813479e-05
9.143604547e-05
8.765488918e-05
8.372997143e-05
9.153641444e-05
8.763336225e-05
9.243668154e-05
9.13584096e-05
9.053826294e-05
9.220325191e-05
9.67638943e-05
8.768463336e-05
9.218907097e-05
9.114493876e-05
9.036301892e-05
8.731452446e-05
9.350489208e-05
9.339892146e-05
9.330710801e-05
9.31257026e-05
0.0001053856414
8.655162792e-05
8.637845332e-05
9.837515369e-05
8.586096978e-05
0.0001038227302
9.132863302e-05
0.0001030013993
9.659519188e-05
0.0001020660298
8.370889667e-05
9.508116673e-05
0.0001064708052
7.638051697e-05
9.35230445e-05
9.864957706e-05
7.50118602e-05
8.588316698e-05
0.0001024275066
0.0001015886737
8.970452305e-05
0.0001000482889
8.278515462e-05
9.297844591e-05
0.0001031389037
9.141850526e-05
8.002639278e-05
7.925157343e-05
9.955396724e-05
0.000103748455
8.74241075e-05
9.161920314e-05
8.575253456e-05
8.984619566e-05
0.0001087924115
0.0001076308784
9.691009959e-05
9.10649194e-05
0.0001044077051
9.856397039e-05
8.828028262e-05
8.729573716e-05
8.640010757e-05
9.8914984e-05
9.343313214e-05
9.67686741e-05
0.0001044504033
9.464519477e-05
8.938201859e-05
8.834334005e-05
9.572289749e-05
9.048727665e-05
9.765574418e-05
9.650148627e-05
9.546695982e-05
9.040056513e-05
9.332103535e-05
9.220444403e-05
9.122012676e-05
9.012373184e-05
9.288120929e-05
9.543133669e-05
9.44231984e-05
9.328133484e-05
9.23030951e-05
8.767786582e-05
8.67662271e-05
8.914289258e-05
9.161823506e-05
9.385966391e-05
9.290348884e-05
9.833375309e-05
9.085404809e-05
8.334429769e-05
8.568920202e-05
9.719715776e-05
9.313872571e-05
9.201897162e-05
9.41660339e-05
9.003736375e-05
9.809629606e-05
9.692765497e-05
8.728783743e-05
8.912915481e-05
9.115252676e-05
9.289518661e-05
9.483761653e-05
8.82168654e-05
9.562101206e-05
9.451423106e-05
9.100219667e-05
9.260478975e-05
9.179856581e-05
9.33503859e-05
9.254975641e-05
0.0001055004611
8.063689363e-05
9.913325926e-05
9.284617743e-05
9.266621831e-05
9.252867008e-05
0.0001045808838
9.823232326e-05
9.789197538e-05
8.543947191e-05
9.723705393e-05
9.694051441e-05
8.441083712e-05
9.011651262e-05
8.364596171e-05
0.000101153064
8.27936028e-05
8.829694663e-05
8.770717672e-05
0.0001047076024
8.662701083e-05
0.0001033659541
9.117259178e-05
8.495046527e-05
8.425658728e-05
8.370058692e-05
9.404563155e-05
0.0001043687701
8.165639877e-05
8.104553536e-05
9.099405276e-05
7.965545561e-05
9.466326079e-05
8.344891431e-05
8.261852185e-05
8.702427215e-05
0.0001064026708
9.540567432e-05
8.447119685e-05
0.0001083014732
7.79255421e-05
0.0001061232252
9.065872061e-05
8.031934244e-05
8.410898059e-05
0.0001017668676
8.691126961e-05
8.602005485e-05
9.848198011e-05
9.302456937e-05
9.634752149e-05
9.966308344e-05
8.566868548e-05
8.8995507e-05
0.0001005291122
7.459129287e-05
9.009959488e-05
8.913451891e-05
8.00749454e-05
9.506008e-05
9.393043503e-05
8.905307558e-05
9.181440299e-05
9.083441775e-05
8.974382558e-05
9.988899407e-05
9.503030573e-05
9.402649526e-05
9.289039799e-05
9.898679413e-05
9.080370458e-05
8.985957915e-05
8.535658942e-05
9.461495215e-05
9.013034478e-05
8.921211588e-05
9.792436663e-05
9.047573163e-05
9.576636882e-05
9.165351655e-05
8.74257579e-05
8.347603741e-05
8.858151759e-05
9.37740719e-05
9.862866713e-05
9.176722178e-05
9.067364956e-05
8.982130846e-05
9.734637782e-05
8.509860519e-05
9.250652533e-05
8.888544834e-05
9.333731792e-05
9.249941489e-05
9.411672192e-05
9.595007652e-05
9.484873856e-05
8.8799602e-05
9.295506869e-05
9.21580376e-05
8.027981968e-05
9.258479636e-05
9.248047776e-05
8.623045984e-05
9.835866237e-05
0.0001043511136
9.794676137e-05
9.164172579e-05
8.523683019e-05
9.109509875e-05
9.071555599e-05
9.646846278e-05
0.0001080012999
7.77220743e-05
0.000101078959
9.474294449e-05
0.000100051143
7.615603278e-05
8.72870515e-05
8.683885007e-05
8.621424851e-05
9.715883361e-05
8.506931709e-05
9.018508277e-05
9.50410168e-05
8.886071644e-05
0.0001046177702
9.294611104e-05
0.0001029503084
0.0001021809223
9.59013778e-05
9.514552957e-05
9.946358655e-05
8.306644716e-05
9.252196632e-05
9.172384671e-05
9.07891525e-05
8.997557552e-05
8.903764056e-05
8.821222831e-05
9.697152967e-05
9.604509665e-05
8.075548426e-05
0.0001034817759
9.304206907e-05
0.0001013184475
9.563861308e-05
9.015087474e-05
8.913886425e-05
9.261956417e-05
9.156956343e-05
9.060279435e-05
9.809441873e-05
9.283195825e-05
8.758586755e-05
7.427177481e-05
8.971522089e-05
9.682313441e-05
9.568187809e-05
9.071262646e-05
9.35332335e-05
9.253220955e-05
9.142764793e-05
9.045195682e-05
9.30907383e-05
9.210169422e-05
9.463263118e-05
8.64305645e-05
8.894492717e-05
8.80122602e-05
9.390351177e-05
9.292717115e-05
9.180197924e-05
9.422169769e-05
8.310767342e-05
8.226094844e-05
8.776653731e-05
0.0001029720602
0.0001017275266
9.127365775e-05
9.328238655e-05
8.928789878e-05
9.125630742e-05
9.338535942e-05
9.226694849e-05
9.433451563e-05
8.738438657e-05
9.521916737e-05
8.838792332e-05
8.756950795e-05
8.932955414e-05
9.128117211e-05
9.021374988e-05
9.211310063e-05
9.372254248e-05
9.024004175e-05
8.920297948e-05
9.362817979e-05
8.99918887e-05
9.176962072e-05
9.21769665e-05
8.598940524e-05
0.000104298396
0.0001041962237
0.000103995482
9.773310977e-05
8.528551434e-05
0.0001033543853
8.482225437e-05
9.065225407e-05
8.425730277e-05
0.0001020010478
9.553730885e-05
9.51960981e-05
8.284092232e-05
0.0001001803922
8.785750037e-05
9.328192905e-05
9.84537229e-05
9.218703014e-05
9.724612115e-05
8.532235301e-05
0.0001016017789
7.854032736e-05
0.000111288767
9.95003305e-05
8.768867575e-05
8.707171714e-05
9.168693552e-05
7.49431599e-05
9.015686327e-05
7.89238027e-05
8.337602966e-05
8.785543676e-05
7.163484538e-05
0.0001014534987
0.0001004219353
9.454664768e-05
8.371441835e-05
8.293895864e-05
0.0001013670071
9.08374421e-05
8.512777715e-05
0.0001030249427
8.800167126e-05
9.628878173e-05
9.068674254e-05
8.975778157e-05
9.318964445e-05
9.221807026e-05
9.551611889e-05
9.021225639e-05
8.493347203e-05
9.663551433e-05
8.305903004e-05
9.038942298e-05
8.933411252e-05
9.239495891e-05
9.527727275e-05
8.640191738e-05
9.313937711e-05
9.214277646e-05
9.10441375e-05
9.007270311e-05
8.899354142e-05
9.538549571e-05
9.423827106e-05
9.324300574e-05
8.857526245e-05
9.816410175e-05
9.005063899e-05
9.596932355e-05
9.81940145e-05
9.048056663e-05
0.0001125592941
9.175143079e-05
9.064135314e-05
9.61376491e-05
9.181015116e-05
9.716568873e-05
9.28975204e-05
9.8117977e-05
9.390901977e-05
9.899984695e-05
8.892183717e-05
9.394482296e-05
8.992386226e-05
9.195189071e-05
9.654016122e-05
9.283306637e-05
8.895891243e-05
9.641163153e-05
8.983854427e-05
9.172999974e-05
9.333165107e-05
9.250678261e-05
9.405502352e-05
9.064665104e-05
9.217439438e-05
9.138446421e-05
9.78429787e-05
8.557045637e-05
9.15799213e-05
8.539095624e-05
8.522693563e-05
9.725807002e-05
7.880940618e-05
8.470251919e-05
7.838228531e-05
0.0001022421868
0.000101818726
9.553801843e-05
9.5077923e-05
7.697519109e-05
9.422192662e-05
7.624196982e-05
9.909709498e-05
9.863998114e-05
9.222267851e-05
8.028136748e-05
0.0001138672172
9.058149482e-05
8.988879667e-05
8.933964689e-05
0.0001107694651
9.9036716e-05
8.182686025e-05
8.666851074e-05
9.663286075e-05
9.591212176e-05
8.974401899e-05
8.38005264e-05
9.337132385e-05
8.74564309e-05
8.659206711e-05
9.594599091e-05
0.0001049696748
8.916907199e-05
7.843867427e-05
9.228376685e-05
8.169546127e-05
9.519539884e-05
8.946157954e-05
8.392264796e-05
8.300536439e-05
9.130305369e-05
0.0001083510584
7.596288635e-05
9.278699132e-05
8.307527625e-05
7.349082632e-05
8.554768645e-05
9.725616392e-05
0.0001004065965
8.270597528e-05
9.000552125e-05
9.299969326e-05
8.800421871e-05
9.487607487e-05
9.385998727e-05
9.274882376e-05
9.175660758e-05
9.066383105e-05
8.969661645e-05
9.231571271e-05
9.498856075e-05
0.0001010661983
9.285613707e-05
8.820865774e-05
9.426651024e-05
8.967877092e-05
8.87463841e-05
9.104518013e-05
9.010759659e-05
7.912658676e-05
0.0001011637777
9.026864694e-05
9.89336798e-05
9.773857233e-05
9.364480187e-05
9.559967754e-05
8.855396342e-05
9.653992684e-05
9.859284678e-05
9.741172358e-05
9.648203467e-05
8.666477371e-05
8.298820219e-05
9.048662593e-05
9.245016405e-05
8.582285452e-05
9.052674929e-05
8.404423786e-05
9.672360598e-05
9.559954978e-05
9.2122622e-05
9.106137321e-05
9.284819343e-05
9.178895397e-05
9.100252718e-05
9.73685066e-05
9.123811075e-05
0.00010328768
7.890749708e-05
0.0001029891118
9.678762587e-05
9.049480609e-05
8.429364812e-05
8.400508469e-05
7.78087763e-05
8.940860728e-05
8.319455778e-05
8.279506713e-05
9.42856698e-05
8.20512312e-05
7.587889572e-05
9.282528156e-05
8.084784915e-05
0.0001147339773
8.561002496e-05
9.066584514e-05
7.325216068e-05
8.946886167e-05
0.000100038201
9.92294884e-05
8.214783485e-05
0.0001031688692
9.705264909e-05
0.000106877269
9.547281377e-05
0.0001050999276
9.906025978e-05
9.811228355e-05
8.193979569e-05
8.620250186e-05
9.048795537e-05
9.454811535e-05
9.370295223e-05
9.761303462e-05
8.70391983e-05
0.000105257219
9.477616298e-05
0.0001031331372
8.355540349e-05
0.0001010092114
8.63606901e-05
0.0001033870319
9.78799696e-05
9.678722197e-05
9.577902737e-05
9.90034396e-05
9.3700299e-05
7.578969344e-05
8.748231988e-05
9.059150017e-05
8.962486675e-05
8.455509452e-05
9.161714979e-05
9.447824159e-05
9.346666176e-05
9.236153208e-05
9.137366204e-05
9.028668859e-05
9.304547639e-05
9.561033998e-05
8.731838371e-05
9.705391937e-05
9.247246541e-05
9.135887822e-05
9.040104512e-05
8.587496299e-05
9.178070847e-05
9.402964206e-05
8.641407067e-05
9.521936759e-05
9.099913549e-05
8.66883149e-05
8.899345581e-05
8.477874598e-05
9.015274129e-05
9.827971995e-05
9.42736744e-05
0.0001021538205
9.818917936e-05
9.113316301e-05
8.735157872e-05
8.343241379e-05
8.834766831e-05
9.574718901e-05
8.928039508e-05
9.098386703e-05
9.015419502e-05
9.179734064e-05
8.829759439e-05
9.255956915e-05
9.174163886e-05
8.809256653e-05
8.989463524e-05
9.140672369e-05
9.56584233e-05
8.478628727e-05
9.079787937e-05
0.0001088360815
8.456764116e-05
9.043517255e-05
0.0001023418179
9.60638962e-05
9.587280623e-05
7.763077767e-05
8.934918255e-05
0.0001067775436
8.871126657e-05
8.240074381e-05
8.79721452e-05
9.916100575e-05
9.294678554e-05
8.083852818e-05
9.196160715e-05
8.564604269e-05
9.656918975e-05
8.460179835e-05
8.412701756e-05
7.792122806e-05
9.957365415e-05
9.877073947e-05
0.0001035735689
9.188480286e-05
9.124027287e-05
7.447243411e-05
0.0001003173735
8.89295704e-05
0.0001089916552
9.766997184e-05
7.647281833e-05
0.0001060085264
9.008335959e-05
8.91733687e-05
8.837689833e-05
8.746341715e-05
8.665509048e-05
9.050476885e-05
9.436060352e-05
9.334831244e-05
0.0001016783278
7.314272937e-05
8.598674586e-05
8.503863542e-05
7.973892444e-05
8.32308882e-05
9.103420549e-05
9.00094125e-05
8.906058533e-05
9.223941352e-05
9.126022114e-05
9.431011326e-05
9.330411928e-05
9.622905843e-05
8.32998194e-05
9.408373076e-05
9.3076619e-05
9.197746139e-05
9.099389966e-05
8.99126708e-05
9.636660248e-05
9.15534855e-05
9.058126903e-05
8.949487316e-05
8.854995315e-05
8.748447764e-05
9.349269568e-05
8.552324344e-05
9.47901783e-05
9.030075683e-05
8.275074594e-05
0.0001013706872
9.386429499e-05
8.953235466e-05
8.863044474e-05
9.381465384e-05
8.668915443e-05
0.0001039966428
9.086068489e-05
9.575283938e-05
9.482550683e-05
9.661697557e-05
8.989498783e-05
9.168737718e-05
8.798678275e-05
9.255099244e-05
9.44723566e-05
9.610257844e-05
8.434319796e-05
9.679791574e-05
9.059958139e-05
9.481196439e-05
8.614300571e-05
8.772854687e-05
9.208109533e-05
9.10276636e-05
9.024815146e-05
7.835200344e-05
0.000102410126
0.000102296365
8.416190867e-05
8.400167367e-05
9.586026018e-05
0.000101579714
0.0001073412448
0.0001129190491
7.706669577e-05
9.446189931e-05
9.41755252e-05
8.78680272e-05
8.755546002e-05
9.869283648e-05
9.250833686e-05
8.620557986e-05
8.58091562e-05
9.092841215e-05
9.046394495e-05
9.543580828e-05
9.490077799e-05
0.0001052607762
9.360710167e-05
9.831621272e-05
8.681905537e-05
9.684476275e-05
0.0001121937997
8.47244414e-05
7.883846767e-05
8.852786456e-05
9.300011023e-05
8.699672186e-05
9.64315568e-05
8.040827591e-05
8.968236582e-05
6.411771115e-05
9.776229599e-05
9.675391201e-05
0.0001054464375
9.010906649e-05
9.39486723e-05
9.758992089e-05
7.822878027e-05
8.648202003e-05
8.561602604e-05
9.804329031e-05
7.939719181e-05
8.287586671e-05
9.064630982e-05
9.389562947e-05
9.290621135e-05
9.602530378e-05
9.913698302e-05
8.574782244e-05
8.887313599e-05
8.784151686e-05
9.48024282e-05
8.978864672e-05
8.882774232e-05
9.159657166e-05
9.061728092e-05
9.327264479e-05
9.227809058e-05
9.847123844e-05
9.381733301e-05
8.91280383e-05
9.524203877e-05
9.758204783e-05
8.966199473e-05
8.517439322e-05
9.103198754e-05
8.660223638e-05
9.560001463e-05
9.770180593e-05
9.348261486e-05
9.553788697e-05
9.457541052e-05
9.966273952e-05
8.942063477e-05
9.44356079e-05
8.747540805e-05
8.940383337e-05
8.853789123e-05
8.747676805e-05
8.375356332e-05
8.560730588e-05
9.045557007e-05
8.938083527e-05
9.962201175e-05
9.571034419e-05
8.670856789e-05
9.64019141e-05
9.022894128e-05
8.917729484e-05
9.098904861e-05
9.250678934e-05
9.170227996e-05
9.568794188e-05
9.486872515e-05
8.39757667e-05
9.59253757e-05
7.785303053e-05
8.376005079e-05
7.762954135e-05
0.0001013659103
0.0001010961859
8.309038098e-05
0.0001005530956
8.850108273e-05
8.226286359e-05
8.201371139e-05
6.996279339e-05
0.0001103807578
8.667270634e-05
8.05647546e-05
9.152241123e-05
7.97142175e-05
9.616158937e-05
9.004319138e-05
8.94058472e-05
9.446170359e-05
8.82322731e-05
8.221448716e-05
7.611788343e-05
8.642192985e-05
8.569225514e-05
0.0001010471643
9.488366029e-05
0.0001046430095
9.331387571e-05
8.22956308e-05
0.0001018917955
9.600141563e-05
8.505455719e-05
8.432465249e-05
8.838685378e-05
9.733186222e-05
9.632999692e-05
9.066900949e-05
9.443874655e-05
8.418628982e-05
0.0001017948353
8.705452181e-05
7.704603338e-05
8.97352517e-05
0.0001020618753
8.345050775e-05
9.555394438e-05
9.885805868e-05
8.924910489e-05
9.671938411e-05
9.562191136e-05
9.049414335e-05
8.945559557e-05
9.252479699e-05
8.747612875e-05
8.654100239e-05
9.330451134e-05
9.230621871e-05
9.121882354e-05
9.400392388e-05
9.288943246e-05
9.925105489e-05
0.0001017001913
9.702690499e-05
9.231476637e-05
8.782715478e-05
9.371385886e-05
9.960048051e-05
8.822151247e-05
9.402004822e-05
8.293371132e-05
8.864596609e-05
9.081909862e-05
8.347257522e-05
9.832311696e-05
9.419275203e-05
8.995419349e-05
9.213002318e-05
8.495187256e-05
9.313009779e-05
8.904232718e-05
8.524046385e-05
9.583509075e-05
9.204367648e-05
9.947061606e-05
9.571963503e-05
8.623640055e-05
9.094962874e-05
8.987436731e-05
8.905470635e-05
9.067529828e-05
9.514728145e-05
9.403724983e-05
9.320643247e-05
9.212766234e-05
9.132656867e-05
9.027889751e-05
9.696502821e-05
8.357628993e-05
9.546913212e-05
7.748298057e-05
7.740758282e-05
0.0001010336941
0.0001008849029
8.877991693e-05
8.269688968e-05
8.830402248e-05
0.0001115718531
8.187525277e-05
7.579697361e-05
9.284570585e-05
9.251607515e-05
8.051617092e-05
8.59159997e-05
9.109621072e-05
0.000102012907
9.571591064e-05
0.000112032917
9.455569406e-05
9.402667339e-05
9.880609305e-05
9.274968086e-05
0.0001028317944
7.527486823e-05
9.063531964e-05
9.529562863e-05
8.920864309e-05
8.854648441e-05
8.773524271e-05
8.704830287e-05
0.0001065105033
9.557509478e-05
7.969757474e-05
9.876777065e-05
9.288759722e-05
0.0001017504622
0.0001055007583
9.977664928e-05
9.402942343e-05
9.313550619e-05
8.29279799e-05
9.580434946e-05
9.025442888e-05
9.828684598e-05
8.83718898e-05
8.746937681e-05
9.514980659e-05
9.416036832e-05
9.310583076e-05
0.0001005005127
8.694172928e-05
9.83082626e-05
8.908326451e-05
9.21399975e-05
9.503320125e-05
9.401756669e-05
9.29197219e-05
9.192578133e-05
9.462935242e-05
9.361804111e-05
8.880898187e-05
8.786232878e-05
9.043345665e-05
8.947349016e-05
8.840331703e-05
9.446777555e-05
9.679065936e-05
8.893493019e-05
9.12439744e-05
9.363965693e-05
8.920667051e-05
9.155786123e-05
9.691373941e-05
9.272849163e-05
8.84501654e-05
9.381317758e-05
9.268134842e-05
9.175895477e-05
9.971874411e-05
8.677084959e-05
9.755210601e-05
9.075206004e-05
9.544887484e-05
9.167264353e-05
9.623875479e-05
8.972552442e-05
8.865853493e-05
9.33269864e-05
8.951052295e-05
8.869414555e-05
9.296345356e-05
9.476119577e-05
9.365462092e-05
9.282723988e-05
9.175163025e-05
9.095392345e-05
9.490406572e-05
9.409195879e-05
0.0001010050092
0.000106894359
9.491253144e-05
0.0001007465401
0.000100556387
0.000100408439
0.0001119243161
8.818618686e-05
8.202942514e-05
9.93581227e-05
8.731208309e-05
9.28513473e-05
9.818751777e-05
9.783925737e-05
8.014133868e-05
9.121746349e-05
9.067396125e-05
9.589938148e-05
7.846122449e-05
8.921331773e-05
0.0001051948371
8.258438096e-05
8.19625292e-05
9.775782417e-05
8.081449213e-05
9.634328903e-05
9.022634268e-05
7.905522413e-05
9.403259443e-05
6.740881867e-05
8.734423054e-05
8.156327138e-05
8.584096258e-05
7.512042914e-05
0.0001091020077
0.0001032506088
0.0001022164404
7.718581302e-05
8.116923182e-05
9.934396829e-05
8.894245157e-05
0.000106644306
9.633441167e-05
9.993666291e-05
8.986977248e-05
8.897136985e-05
9.679727395e-05
9.580919987e-05
9.474907293e-05
8.950220628e-05
0.0001011446106
8.756999949e-05
8.657953907e-05
9.381994825e-05
8.468156456e-05
9.175838543e-05
9.069777823e-05
9.362998919e-05
9.253809318e-05
9.154846701e-05
9.424228951e-05
9.323531345e-05
8.844708232e-05
9.115045543e-05
9.727147303e-05
8.911022732e-05
9.156717249e-05
9.060070313e-05
0.0001032854564
0.0001090163715
9.087628865e-05
8.326993862e-05
9.542916461e-05
8.793278956e-05
9.00894908e-05
8.917128555e-05
8.809522591e-05
9.032209505e-05
9.538662827e-05
9.139086345e-05
9.028988304e-05
9.834319686e-05
8.832801499e-05
9.038794893e-05
8.3542637e-05
9.701112674e-05
9.021368856e-05
9.215755607e-05
9.106117444e-05
9.568520623e-05
8.374660584e-05
9.636708285e-05
8.99423855e-05
9.437823072e-05
9.327509314e-05
9.245112014e-05
9.137865535e-05
9.310053767e-05
8.954234918e-05
9.124231758e-05
9.461557821e-05
9.456954228e-05
9.446564278e-05
7.667880773e-05
9.419629982e-05
8.817922446e-05
9.380972439e-05
0.0001053269781
0.0001108044612
0.0001047104367
9.849179139e-05
9.819432809e-05
9.773076251e-05
9.738445287e-05
8.546783596e-05
0.00010781923
9.025560815e-05
8.422707572e-05
8.36795584e-05
0.000105454858
8.266911566e-05
8.768802268e-05
9.790807655e-05
8.109513975e-05
0.0001019024707
0.0001012368171
8.453744943e-05
8.919405199e-05
8.841205225e-05
8.775703784e-05
8.184158888e-05
9.642732518e-05
0.0001005441218
9.473371225e-05
9.381170057e-05
9.300865812e-05
0.0001017715485
0.0001008661564
8.55722254e-05
8.007406682e-05
8.389919737e-05
9.695311069e-05
7.765199832e-05
9.951052982e-05
8.948838092e-05
8.859428523e-05
9.200762782e-05
9.97421303e-05
9.006298692e-05
9.76155371e-05
8.393564358e-05
9.135774127e-05
8.211462289e-05
8.530662214e-05
9.236363406e-05
9.137992134e-05
9.425233983e-05
9.324559407e-05
9.21595864e-05
9.117423744e-05
9.010404491e-05
9.285570237e-05
9.175845865e-05
9.07806765e-05
8.970187201e-05
9.229989834e-05
9.119789793e-05
9.370599944e-05
9.60120039e-05
8.821956226e-05
9.386383412e-05
9.288803428e-05
8.849189047e-05
9.082420905e-05
9.934289379e-05
8.564254577e-05
0.0001002778556
9.616523732e-05
9.807029519e-05
9.709409442e-05
0.000101919835
9.498212412e-05
9.384014877e-05
9.002674788e-05
9.755497092e-05
8.525576229e-05
9.26605338e-05
8.900716848e-05
9.34445535e-05
8.713290522e-05
8.879160111e-05
9.064782502e-05
9.221507054e-05
9.138728338e-05
9.289862897e-05
9.207803604e-05
9.353671995e-05
9.021768232e-05
9.165574592e-05
9.087181416e-05
8.828608152e-05
0.0001058918345
0.0001057758105
7.631954201e-05
0.0001054748919
9.946888632e-05
8.753580516e-05
8.736264005e-05
9.867885424e-05
8.106213179e-05
0.0001095676138
8.623974151e-05
9.155598786e-05
0.0001083378403
8.507362233e-05
0.0001016738001
8.984109772e-05
0.000100608755
9.440332153e-05
0.000104973339
8.777933567e-05
0.0001036565082
9.205043073e-05
9.149260218e-05
9.610491735e-05
8.486910543e-05
7.889943739e-05
7.83492108e-05
0.0001035518447
9.764610756e-05
8.148006554e-05
9.600205016e-05
8.508736702e-05
8.935441758e-05
8.84866173e-05
8.772978014e-05
8.202946261e-05
9.086500529e-05
9.467084335e-05
9.848976741e-05
8.818134669e-05
8.734472176e-05
8.641851422e-05
9.458401469e-05
8.465470215e-05
9.263140267e-05
8.725822133e-05
9.068680044e-05
8.968684527e-05
8.875538165e-05
8.35870317e-05
9.511404883e-05
8.995290534e-05
9.304538701e-05
8.798463851e-05
8.309112586e-05
9.386670153e-05
8.899499469e-05
9.178416341e-05
9.458651557e-05
8.973848242e-05
8.878000316e-05
9.138756271e-05
9.764699654e-05
9.291412059e-05
9.192817864e-05
9.083158984e-05
8.987304448e-05
8.538156733e-05
8.786617667e-05
9.348861515e-05
9.251672968e-05
9.140317798e-05
9.369255208e-05
9.256335209e-05
9.161984718e-05
9.363624089e-05
9.578234314e-05
8.852259417e-05
9.670770121e-05
8.658580109e-05
9.164779951e-05
8.762507225e-05
8.388336265e-05
8.859300377e-05
9.340781801e-05
8.949446754e-05
8.865228677e-05
9.307150555e-05
8.949702509e-05
9.111634602e-05
9.294066598e-05
9.446953314e-05
8.581971968e-05
9.252519144e-05
9.170795098e-05
9.064172915e-05
8.985401345e-05
8.881772197e-05
9.295036991e-05
8.787394265e-05
9.368674756e-05
8.773534924e-05
9.933705089e-05
8.748630577e-05
7.571022058e-05
8.13202262e-05
0.0001101450368
9.822116033e-05
7.492302058e-05
9.184075555e-05
9.72866341e-05
8.543813211e-05
0.0001078388722
8.468302856e-05
8.433948783e-05
8.38409787e-05
0.000100149255
8.844588747e-05
9.349659767e-05
9.284328243e-05
9.232589721e-05
9.163589012e-05
8.572340163e-05
9.035928909e-05
0.0001003313756
8.378471653e-05
9.360109438e-05
8.247488175e-05
0.0001125643506
9.126193738e-05
9.558050988e-05
9.468203993e-05
8.402206555e-05
8.320778306e-05
0.0001019076586
8.167551462e-05
9.523532295e-05
9.897819423e-05
8.405841597e-05
9.242700861e-05
8.697315094e-05
9.05817112e-05
0.0001031540316
9.317198877e-05
7.467218084e-05
9.992719147e-05
9.03078923e-05
9.356687206e-05
8.838662365e-05
9.156543401e-05
9.472100721e-05
8.958279639e-05
9.669170364e-05
7.965856993e-05
9.063228253e-05
9.348420608e-05
9.248619545e-05
9.141178666e-05
9.043488246e-05
8.937587419e-05
8.842145176e-05
9.101965309e-05
9.005004691e-05
9.254131023e-05
8.451640706e-05
8.350911935e-05
8.607075073e-05
9.524577663e-05
0.0001043455361
8.646521382e-05
7.898432719e-05
9.75427488e-05
9.332015736e-05
9.219596897e-05
9.440293101e-05
9.326496003e-05
8.924748686e-05
0.0001003334116
8.729396137e-05
9.516437935e-05
9.128456849e-05
9.600555792e-05
8.355081252e-05
9.962765528e-05
9.303726107e-05
9.192473854e-05
9.38189877e-05
8.997491183e-05
8.914109543e-05
9.075335181e-05
9.521523653e-05
8.886496525e-05
9.324768553e-05
9.215474421e-05
9.641531944e-05
9.027770538e-05
8.949326472e-05
9.091700506e-05
9.013976152e-05
0.0001049587606
8.159506431e-05
9.897174198e-05
8.724348057e-05
7.546990976e-05
9.854675404e-05
7.516217752e-05
9.809491037e-05
9.201665184e-05
8.031399625e-05
7.427710507e-05
8.544622156e-05
8.504615556e-05
9.039535085e-05
0.0001123946734
0.0001007452304
9.458735726e-05
8.861682952e-05
8.254242439e-05
7.664880169e-05
0.0001087350907
7.569081359e-05
0.000112689788
9.600703523e-05
0.0001058311143
8.937052223e-05
7.820001997e-05
8.800978897e-05
0.0001026393975
9.678702116e-05
8.581442413e-05
0.0001001712161
9.923163284e-05
0.0001033410582
9.746824741e-05
9.18041442e-05
8.610840847e-05
7.586144554e-05
9.386251607e-05
9.300012462e-05
8.283141214e-05
8.204658451e-05
9.921979422e-05
9.378758426e-05
9.719972322e-05
9.623016571e-05
9.518436364e-05
9.421462003e-05
8.470848522e-05
9.221238944e-05
9.947810852e-05
9.433120057e-05
8.516046054e-05
9.228351033e-05
8.726715273e-05
9.418751178e-05
9.310481523e-05
9.211111578e-05
9.104241924e-05
9.006968353e-05
9.643419996e-05
9.907400794e-05
9.428088162e-05
9.327668966e-05
8.862642275e-05
8.768620157e-05
9.70390952e-05
9.258609572e-05
9.486723094e-05
9.387304924e-05
9.937189868e-05
9.83388806e-05
9.391804947e-05
8.974551425e-05
9.816469684e-05
9.089536192e-05
8.980005817e-05
9.502562978e-05
8.782374728e-05
8.694931163e-05
9.18266442e-05
8.799116645e-05
9.562655262e-05
9.469963201e-05
9.639882616e-05
9.547780327e-05
8.601204168e-05
9.069941295e-05
8.418713266e-05
9.685962068e-05
9.305186302e-05
9.22030107e-05
9.371809963e-05
9.287683216e-05
9.178725151e-05
9.350376322e-05
8.99165938e-05
9.903933456e-05
9.789414311e-05
8.735170422e-05
8.706110184e-05
8.701901435e-05
0.0001043093172
8.105102301e-05
8.66787687e-05
9.809206984e-05
8.632608009e-05
0.0001033869146
9.15937814e-05
9.136580936e-05
9.099907001e-05
9.072524009e-05
7.901390863e-05
8.43588936e-05
8.950666985e-05
7.800121537e-05
0.0001052363691
8.821576255e-05
9.312624549e-05
9.265430336e-05
9.742248724e-05
9.149837534e-05
0.0001068446
9.557909296e-05
9.482525065e-05
9.420819787e-05
8.823559959e-05
8.762199224e-05
9.197025967e-05
0.0001065066083
8.041440863e-05
8.976167848e-05
0.0001037418041
9.79943371e-05
0.0001067534928
9.622057127e-05
9.050337474e-05
9.442178063e-05
9.346350673e-05
0.0001064961972
9.164610898e-05
9.985616289e-05
9.880323348e-05
0.0001022890802
0.0001055935746
9.582911539e-05
0.0001034067271
9.808897207e-05
0.0001012309008
8.765822453e-05
8.668627488e-05
8.986004177e-05
9.289035168e-05
9.590319832e-05
9.481394201e-05
8.59882227e-05
8.886480419e-05
9.17390661e-05
9.067602481e-05
9.718304079e-05
8.865937847e-05
9.13676747e-05
9.029264969e-05
9.290432742e-05
8.474270151e-05
0.0001048047339
8.975011125e-05
8.538770318e-05
8.436757351e-05
9.016214375e-05
9.568005643e-05
8.48903859e-05
0.0001032250691
9.577673658e-05
9.462401654e-05
8.741541975e-05
9.561553396e-05
9.159845727e-05
9.049494349e-05
9.25802949e-05
8.851515155e-05
8.180215913e-05
8.659138907e-05
8.861035755e-05
9.037130378e-05
8.950777984e-05
9.39641894e-05
9.03420585e-05
9.197002152e-05
9.111759145e-05
9.00359715e-05
8.921459792e-05
9.334684793e-05
9.250891692e-05
9.142267812e-05
9.061533273e-05
8.95583596e-05
9.124651001e-05
9.019007743e-05
8.941940927e-05
0.0001039923535
8.661846718e-05
7.498795837e-05
8.644099085e-05
9.203260258e-05
9.764156209e-05
8.59302346e-05
8.576084563e-05
9.117477985e-05
9.094805001e-05
7.926098788e-05
7.337821516e-05
8.427289432e-05
8.957403699e-05
8.910130624e-05
8.874086046e-05
9.373422075e-05
9.330695391e-05
9.270819728e-05
9.223882174e-05
8.082276301e-05
0.0001071648852
7.445889443e-05
0.0001004413348
9.440623458e-05
9.379248545e-05
9.301547256e-05
0.0001026324683
9.156860084e-05
8.584366467e-05
7.506127238e-05
8.44075158e-05
8.361918576e-05
8.293644291e-05
0.0001062958707
9.101831892e-05
9.011785321e-05
8.931918956e-05
7.445430032e-05
9.221398978e-05
9.582361594e-05
8.58771677e-05
9.839015587e-05
9.300445427e-05
7.886607383e-05
9.109360342e-05
9.439789861e-05
8.918993057e-05
9.241380869e-05
9.561265225e-05
9.044317582e-05
9.762900915e-05
9.653511313e-05
9.153400915e-05
9.443048076e-05
9.342624487e-05
9.235519734e-05
9.137000985e-05
9.031256763e-05
9.307089934e-05
9.566420644e-05
9.100308989e-05
9.35308252e-05
9.253492631e-05
8.792366934e-05
9.047076571e-05
9.283360015e-05
9.185424707e-05
8.403490656e-05
8.980667238e-05
9.20172658e-05
9.756506647e-05
8.675406984e-05
8.904050742e-05
8.796934892e-05
8.396277938e-05
9.216857594e-05
9.428077928e-05
9.014053255e-05
9.221763758e-05
9.404644761e-05
8.730188491e-05
9.487744898e-05
9.111039634e-05
9.845620213e-05
9.472917538e-05
7.983146201e-05
9.544129736e-05
8.891425963e-05
9.609828281e-05
9.231920932e-05
9.40906003e-05
8.781305229e-05
8.702479922e-05
9.359046133e-05
9.025688935e-05
9.168082879e-05
9.08845305e-05
8.983095537e-05
9.147065602e-05
9.201403828e-05
9.771780262e-05
0.0001090959299
0.0001089906586
0.0001202404044
9.147781037e-05
9.124053635e-05
9.675213732e-05
9.643206899e-05
9.053409358e-05
0.0001127158398
8.990181255e-05
8.948428037e-05
0.0001003150704
9.424332262e-05
8.281978974e-05
0.0001042914446
9.28884483e-05
9.772293767e-05
0.000102630232
9.655601439e-05
9.068555593e-05
9.001440391e-05
8.4208491e-05
9.92126223e-05
8.819262431e-05
9.775352956e-05
8.68565617e-05
9.117043507e-05
0.0001005540691
8.968423826e-05
8.404328384e-05
8.815767156e-05
9.229616161e-05
9.140913408e-05
9.540045228e-05
9.918145506e-05
8.425981788e-05
0.0001019431373
9.182588532e-05
9.542220888e-05
9.451984219e-05
9.352685798e-05
8.820740311e-05
9.162963916e-05
9.935682225e-05
9.400951969e-05
8.882340238e-05
8.785230091e-05
8.280165032e-05
9.416950441e-05
8.912945704e-05
8.813232353e-05
9.512744925e-05
9.013135419e-05
9.305020753e-05
9.198489681e-05
9.100391106e-05
9.370001302e-05
0.0001001155186
9.528380244e-05
9.426705925e-05
9.31602546e-05
8.862351073e-05
9.107951365e-05
9.011360447e-05
8.90433201e-05
9.826987727e-05
9.37494351e-05
9.608021466e-05
8.183628259e-05
9.070386106e-05
9.601629368e-05
8.235698849e-05
9.701411893e-05
9.292744705e-05
0.0001040499966
8.1794946e-05
8.978888678e-05
9.482096556e-05
9.660710576e-05
9.275869651e-05
8.877956714e-05
9.075483353e-05
8.966566012e-05
8.880870274e-05
9.322970683e-05
9.778443423e-05
9.125006974e-05
9.306313772e-05
8.932984364e-05
9.372160225e-05
9.261309915e-05
9.178176231e-05
9.322165545e-05
9.239852807e-05
9.131845322e-05
9.052541163e-05
9.189291654e-05
9.110805967e-05
8.586965042e-05
9.155022317e-05
9.14514944e-05
0.0001027837555
8.549503356e-05
7.967881591e-05
9.082595785e-05
8.498177501e-05
9.034817298e-05
0.0001013893744
8.415475867e-05
7.830871874e-05
9.464871012e-05
9.431548292e-05
8.278265173e-05
8.244838408e-05
0.0001038253173
9.247368013e-05
9.188326051e-05
0.0001075516915
9.612853216e-05
9.559539291e-05
8.961795912e-05
8.907797347e-05
8.838036923e-05
9.297197082e-05
9.732780108e-05
8.647883948e-05
9.581881235e-05
9.511341343e-05
9.922033346e-05
8.86046631e-05
9.753403846e-05
9.673899637e-05
9.581117878e-05
8.549605183e-05
8.935658026e-05
8.856583866e-05
9.690090548e-05
9.144103402e-05
8.597423166e-05
9.860831875e-05
8.426869353e-05
9.223429432e-05
8.690666432e-05
9.034369323e-05
9.787997454e-05
8.003512444e-05
8.749436149e-05
8.65878614e-05
9.78656323e-05
9.280353794e-05
9.575674348e-05
9.079658438e-05
9.367278872e-05
9.267718512e-05
9.161755388e-05
9.06407343e-05
8.959432482e-05
8.863791424e-05
8.760591856e-05
9.028257998e-05
8.922366232e-05
9.533582376e-05
9.769980983e-05
8.630697321e-05
9.210539357e-05
9.788453511e-05
0.0001000528577
8.250377103e-05
9.129882289e-05
9.680333532e-05
8.926597464e-05
8.834649078e-05
8.728463784e-05
9.256575466e-05
9.450025798e-05
9.354751487e-05
9.242130642e-05
9.150078032e-05
9.914786574e-05
8.95107624e-05
9.128726355e-05
9.887722593e-05
8.652579979e-05
9.122771959e-05
8.740400438e-05
9.469800819e-05
8.822094238e-05
9.005166348e-05
9.421508854e-05
9.076227914e-05
9.225053353e-05
9.142245501e-05
9.285574482e-05
9.452335659e-05
9.341728049e-05
8.773211638e-05
9.634726838e-05
8.836021282e-05
9.687700901e-05
9.113455882e-05
8.534674905e-05
9.094886427e-05
9.078144791e-05
9.064896939e-05
0.0001017170211
9.587719345e-05
9.556174386e-05
0.0001009320566
9.494622e-05
9.466152236e-05
8.313901279e-05
8.836967354e-05
8.790695017e-05
9.302433398e-05
9.792316242e-05
8.123170551e-05
9.147627308e-05
9.101443741e-05
9.038788408e-05
7.931210348e-05
8.922499109e-05
8.347093854e-05
8.799494137e-05
9.770968877e-05
7.65045511e-05
0.0001114292084
8.53630463e-05
8.971959424e-05
8.891566936e-05
0.0001029298565
8.255087516e-05
8.66948997e-05
7.632454249e-05
8.986448565e-05
9.366394384e-05
9.28356934e-05
9.649586722e-05
0.0001001653347
8.561707613e-05
8.927206585e-05
9.275450894e-05
8.747997888e-05
9.953245176e-05
9.425779448e-05
9.748055604e-05
9.648972033e-05
9.128881872e-05
8.623685895e-05
8.934809414e-05
9.644798855e-05
9.537224679e-05
9.436414935e-05
9.329848416e-05
8.846101064e-05
9.505534714e-05
9.404212994e-05
8.923947051e-05
8.828705619e-05
0.000101803691
8.992658659e-05
9.598277081e-05
9.847830541e-05
9.036579773e-05
9.628518924e-05
9.514354132e-05
9.414005827e-05
8.637456093e-05
9.204417121e-05
9.743977727e-05
9.642691276e-05
8.574375847e-05
9.114650679e-05
9.315671133e-05
8.913330469e-05
8.198790265e-05
9.017917093e-05
9.20635544e-05
8.232588442e-05
9.004964903e-05
9.491677317e-05
9.093386058e-05
9.568021711e-05
9.453163523e-05
9.362798975e-05
9.794818328e-05
9.163552575e-05
9.586726109e-05
8.970187468e-05
9.124160863e-05
9.040910399e-05
9.189079561e-05
9.359555968e-05
9.249269548e-05
9.415383945e-05
9.305093746e-05
9.224307043e-05
9.356895412e-05
9.51488666e-05
0.00010778485
8.505248613e-05
8.496123659e-05
8.48795005e-05
9.037192183e-05
9.024015583e-05
0.0001012590018
8.421673146e-05
0.0001007284723
9.489668763e-05
0.0001000809444
9.423771537e-05
8.828565606e-05
7.697846094e-05
9.298565996e-05
8.171547734e-05
9.207329913e-05
8.62636778e-05
9.107287517e-05
9.594370677e-05
9.528482359e-05
8.422875115e-05
8.360983932e-05
9.868954606e-05
7.215176757e-05
0.0001024063197
0.0001015656554
0.0001008625481
7.499703852e-05
0.0001141503656
9.837367072e-05
8.784974917e-05
9.67068376e-05
0.0001055118013
7.125269653e-05
9.419615591e-05
8.860806131e-05
9.706983582e-05
9.151828659e-05
8.614688225e-05
9.872543505e-05
0.0001022387696
9.237309833e-05
8.712074745e-05
9.91255932e-05
9.813993676e-05
8.442120357e-05
8.774167277e-05
9.505260611e-05
9.406856605e-05
9.303388784e-05
9.205811259e-05
9.499082553e-05
9.398707457e-05
9.292715904e-05
9.194004124e-05
9.089160021e-05
8.992300809e-05
8.888741604e-05
9.526721188e-05
9.053896957e-05
9.673926078e-05
8.498395782e-05
9.809287152e-05
8.6551075e-05
9.590952294e-05
9.138852249e-05
8.372659174e-05
9.927607917e-05
9.49614465e-05
8.412068957e-05
9.285162612e-05
9.173902643e-05
8.766320935e-05
8.970373563e-05
9.797413474e-05
9.377108332e-05
9.581994146e-05
8.579187996e-05
8.200837095e-05
9.548972745e-05
9.741591504e-05
9.341390782e-05
9.25078725e-05
9.693645653e-05
8.778032485e-05
9.214926286e-05
8.859670937e-05
9.019103128e-05
9.198287489e-05
9.348477645e-05
9.263177151e-05
9.153385244e-05
9.071221452e-05
8.964240714e-05
9.131911593e-05
9.756574367e-05
9.671879317e-05
9.559201953e-05
8.766791314e-05
9.035772728e-05
9.031445162e-05
9.021780394e-05
8.449790301e-05
7.872031475e-05
9.544970141e-05
9.520480622e-05
8.383935199e-05
0.0001058489866
9.44724819e-05
9.963461391e-05
9.38176863e-05
8.239989245e-05
9.853267184e-05
0.0001034649083
9.220107376e-05
0.0001078437944
9.661903019e-05
9.600672653e-05
0.0001008297378
9.486849888e-05
9.958512982e-05
9.365220419e-05
0.0001137760165
9.749691694e-05
7.647313982e-05
8.595967497e-05
8.03436524e-05
8.96118067e-05
8.895382519e-05
0.0001028535216
9.233693431e-05
7.703878133e-05
9.073964095e-05
9.93351319e-05
9.380145217e-05
8.359435407e-05
8.285621899e-05
8.658197278e-05
9.482087495e-05
8.044256266e-05
9.739127685e-05
9.637551693e-05
9.544089972e-05
8.155299562e-05
9.349130073e-05
9.248744455e-05
8.738692756e-05
9.055391952e-05
8.961681413e-05
8.863265415e-05
9.567638875e-05
9.067025782e-05
9.361300135e-05
9.255877794e-05
8.776018887e-05
9.053292055e-05
8.956839058e-05
9.222721708e-05
9.124334115e-05
9.018458264e-05
9.279187447e-05
9.17068782e-05
9.073112561e-05
9.656034817e-05
9.21247489e-05
9.103425537e-05
8.673817875e-05
9.229938237e-05
0.0001011180354
9.668780381e-05
9.249335618e-05
8.193196067e-05
9.044428525e-05
9.552132529e-05
0.0001006471135
8.135770607e-05
9.246875762e-05
9.43032727e-05
8.752853275e-05
9.224047504e-05
8.84791866e-05
8.74153504e-05
8.935990777e-05
9.932278907e-05
9.017539209e-05
9.449450138e-05
9.360453131e-05
9.512836953e-05
9.162833893e-05
9.31238498e-05
9.227410528e-05
9.117967158e-05
9.287125034e-05
9.425545416e-05
9.342340518e-05
8.989715143e-05
9.152543901e-05
9.521881796e-05
8.732581553e-05
8.433086706e-05
9.552927752e-05
8.981393739e-05
0.000106551647
9.516159603e-05
7.825430546e-05
8.362935615e-05
9.459405148e-05
8.873912344e-05
8.851957822e-05
8.817088596e-05
8.241298664e-05
8.750425456e-05
9.264709602e-05
9.758721375e-05
9.719458299e-05
8.589620468e-05
8.016264548e-05
8.496626787e-05
9.510578723e-05
8.920825217e-05
9.915241112e-05
9.84272604e-05
9.268708563e-05
9.707722258e-05
9.644956181e-05
9.062652718e-05
9.500027017e-05
9.914493447e-05
8.36549428e-05
9.754133513e-05
0.0001016255221
9.589354997e-05
0.0001046258393
0.0001036304635
8.87395403e-05
9.712166048e-05
6.417646322e-05
9.076268302e-05
9.892669154e-05
8.456319479e-05
9.258350644e-05
0.0001003452878
9.505216983e-05
8.977205439e-05
8.464791792e-05
9.630162286e-05
9.946861637e-05
9.019088923e-05
9.331507518e-05
9.630459666e-05
9.132456676e-05
9.423706287e-05
9.324189397e-05
9.219330596e-05
9.121453115e-05
9.017706063e-05
9.293391563e-05
9.186622406e-05
9.452186487e-05
9.701959589e-05
9.243026428e-05
9.135059216e-05
9.037877153e-05
9.618641115e-05
8.836927955e-05
0.0001007585825
9.637292035e-05
8.537643314e-05
0.0001007285823
9.631615276e-05
9.849217422e-05
9.731325706e-05
8.699041595e-05
8.901622739e-05
9.722315635e-05
9.605478739e-05
9.211467952e-05
0.0001027495287
9.881934282e-05
9.475905852e-05
9.098383645e-05
9.550799842e-05
8.067242729e-05
9.069724036e-05
8.982999061e-05
9.682175943e-05
9.058146838e-05
8.686624703e-05
9.127652549e-05
9.276569936e-05
9.191919044e-05
9.082822109e-05
9.251328338e-05
8.894956231e-05
9.061341049e-05
9.438918308e-05
8.87715629e-05
9.010609315e-05
9.168834376e-05
8.95517333e-05
8.950897285e-05
0.0001061787338
9.491089768e-05
8.35923906e-05
9.460026558e-05
9.990936316e-05
9.417393582e-05
9.386738747e-05
8.81273857e-05
0.000104240112
9.298876164e-05
9.256363787e-05
7.596167883e-05
8.636340884e-05
9.676827248e-05
9.086572904e-05
8.513335246e-05
0.0001057455881
7.891024336e-05
9.404666913e-05
8.833149597e-05
9.800310382e-05
9.741528725e-05
8.648627067e-05
9.098214766e-05
9.024024911e-05
7.965972603e-05
8.885230759e-05
8.82010174e-05
8.256086283e-05
8.67411935e-05
8.116821222e-05
8.998090336e-05
9.381742797e-05
9.767297988e-05
0.0001013256365
8.673691114e-05
9.942849495e-05
8.956417283e-05
8.4217643e-05
9.220572072e-05
9.124745766e-05
9.03635667e-05
8.940953895e-05
8.430652046e-05
0.0001000851721
9.081387719e-05
8.166432553e-05
9.29428383e-05
9.192533435e-05
9.491703681e-05
9.38646497e-05
8.513424088e-05
9.18307088e-05
9.464172192e-05
9.356665348e-05
8.886748066e-05
9.1508046e-05
0.0001013961285
0.0001038015177
8.853025147e-05
9.449695085e-05
9.349180297e-05
9.239338204e-05
8.12570648e-05
9.702529745e-05
8.607101278e-05
9.48621571e-05
8.739474757e-05
9.914559283e-05
9.495004877e-05
8.443272158e-05
8.665787708e-05
9.784983182e-05
9.07987199e-05
8.372738739e-05
0.0001006436223
9.065982036e-05
8.975646717e-05
9.439790127e-05
9.063698387e-05
9.234554405e-05
9.144960262e-05
9.582708415e-05
9.219895912e-05
9.109357464e-05
9.288946885e-05
9.177853687e-05
9.092740335e-05
8.984334064e-05
9.156699537e-05
9.299278812e-05
8.966730683e-05
8.860714068e-05
9.026463225e-05
9.402474534e-05
8.84289167e-05
8.739500752e-05
8.899144811e-05
0.0001058704991
7.240317285e-05
8.345339593e-05
9.448987986e-05
8.322197911e-05
8.864112197e-05
8.841550511e-05
9.375753534e-05
8.245865735e-05
7.128765566e-05
0.0001092435477
8.71338994e-05
9.757863429e-05
9.723689272e-05
8.061183384e-05
9.634568535e-05
0.0001064355459
9.535852272e-05
0.0001052873476
8.9044467e-05
9.884335246e-05
9.829815807e-05
0.0001078544385
9.189266723e-05
0.0001114457257
9.059436034e-05
7.987311105e-05
9.419500655e-05
8.847736548e-05
8.782937157e-05
9.188681778e-05
9.597540673e-05
9.03391361e-05
9.432239264e-05
9.342859373e-05
9.263694134e-05
9.632150079e-05
9.547280038e-05
9.001945427e-05
8.919800838e-05
9.711830964e-05
9.183100556e-05
9.520585466e-05
0.0001028554179
9.329041284e-05
9.656304562e-05
9.137784459e-05
8.222828266e-05
8.947349151e-05
9.257355935e-05
9.156166399e-05
9.060261873e-05
9.349516841e-05
8.865391862e-05
9.147095266e-05
9.427123082e-05
9.320173756e-05
8.852112335e-05
9.47987561e-05
8.657362167e-05
8.913787429e-05
8.818791699e-05
9.064626117e-05
0.0001000301576
9.544715892e-05
9.443572126e-05
9.332062376e-05
9.233674562e-05
0.0001010167578
9.028519344e-05
8.920926621e-05
0.0001008937327
9.345689209e-05
9.557728568e-05
9.443153447e-05
8.140804001e-05
8.638817419e-05
8.256802259e-05
9.031554999e-05
9.806867303e-05
9.118980513e-05
8.74711169e-05
8.920711053e-05
9.93842249e-05
9.273540274e-05
9.184849152e-05
9.341606374e-05
8.989213264e-05
9.404114423e-05
9.316896864e-05
9.205759999e-05
9.121748891e-05
9.013338589e-05
9.180556471e-05
9.562295742e-05
8.748829815e-05
8.885987451e-05
9.046968669e-05
9.411649508e-05
9.09810515e-05
0.0001054024895
8.871773456e-05
8.30847614e-05
8.300521831e-05
9.942580302e-05
8.825017898e-05
0.0001100326839
8.785393033e-05
9.304254261e-05
8.189375148e-05
0.0001087648934
8.133031464e-05
0.0001079471846
8.067708903e-05
0.0001016639986
0.0001012560382
9.007812719e-05
0.0001054951452
9.959140832e-05
9.909132836e-05
8.287907184e-05
0.0001081793202
8.182371703e-05
9.658390643e-05
9.079535649e-05
8.519820553e-05
9.444845964e-05
9.379747246e-05
7.342131205e-05
8.746084456e-05
8.668701866e-05
8.601756962e-05
8.04941054e-05
9.862788072e-05
8.839082084e-05
0.0001060934454
8.679050252e-05
9.508171886e-05
9.413500514e-05
9.3276567e-05
9.672467076e-05
0.0001001697355
9.051214866e-05
9.390475033e-05
9.291670781e-05
8.781351693e-05
9.101387091e-05
8.599617539e-05
9.316992161e-05
8.819819437e-05
9.516611454e-05
9.024590828e-05
9.312858451e-05
9.214601841e-05
9.111400428e-05
9.390362911e-05
9.283965698e-05
9.919963731e-05
9.806400439e-05
8.983217163e-05
9.944967199e-05
9.136214863e-05
8.335214117e-05
8.933794059e-05
8.829022216e-05
9.071452386e-05
8.96442338e-05
9.526949698e-05
9.41396998e-05
8.672924052e-05
9.204420871e-05
9.108750405e-05
8.689553554e-05
8.600036868e-05
9.103913791e-05
9.912171794e-05
9.496407319e-05
9.400622486e-05
9.86810345e-05
8.907722238e-05
9.08448807e-05
8.432920539e-05
8.88696002e-05
8.800721365e-05
8.966713086e-05
9.419187466e-05
9.040311871e-05
9.481911279e-05
9.368423747e-05
9.28153135e-05
9.170758869e-05
9.591900932e-05
8.978993972e-05
9.145575039e-05
9.037265019e-05
8.715412126e-05
9.091183115e-05
9.486648531e-05
9.141083641e-05
9.295536588e-05
9.389243115e-05
8.280687947e-05
0.0001047778677
9.916830139e-05
8.249091774e-05
8.237125246e-05
7.668517795e-05
8.746887954e-05
7.628808563e-05
9.240709791e-05
0.0001028758945
9.177248023e-05
9.135611523e-05
8.032650773e-05
7.99133089e-05
0.0001008176816
8.441357574e-05
9.978831544e-05
9.394441076e-05
9.347310194e-05
8.768248635e-05
8.719970964e-05
0.0001018445139
9.617351491e-05
9.543396662e-05
9.481909776e-05
8.910092267e-05
9.340327973e-05
9.261116692e-05
9.193403044e-05
7.193866123e-05
9.517807378e-05
9.90227002e-05
8.418912018e-05
8.802748934e-05
9.647035885e-05
9.553441797e-05
9.469382822e-05
9.375271376e-05
9.732204741e-05
8.757655454e-05
9.976593733e-05
9.873453186e-05
9.777969981e-05
9.254598484e-05
8.746358612e-05
8.241162297e-05
9.381303162e-05
9.683718153e-05
9.184373532e-05
9.084288792e-05
8.989199561e-05
9.276486404e-05
9.178642861e-05
9.075983092e-05
8.979732779e-05
9.987880911e-05
8.783644556e-05
8.683207307e-05
8.948617334e-05
9.199160185e-05
9.451202001e-05
9.341242769e-05
9.584217346e-05
0.0001014848392
8.367471106e-05
8.930333585e-05
9.163461788e-05
8.731481781e-05
9.280029369e-05
9.485768717e-05
9.700081009e-05
9.584219019e-05
9.485484284e-05
9.371871775e-05
9.276286539e-05
8.278023737e-05
9.657830515e-05
9.830912903e-05
9.44666949e-05
9.050255577e-05
8.961211417e-05
8.023451219e-05
9.589498507e-05
9.203587888e-05
9.383653302e-05
9.271067748e-05
8.921320952e-05
9.333002955e-05
8.989587935e-05
9.136022885e-05
9.052641965e-05
9.19337982e-05
8.864619744e-05
9.002872218e-05
8.682248755e-05
9.056483873e-05
9.214189249e-05
9.339568379e-05
8.79695985e-05
8.798212623e-05
0.000109925453
8.235717689e-05
8.227847941e-05
8.213018249e-05
8.201113861e-05
8.725762912e-05
8.708718927e-05
9.765748362e-05
9.741685859e-05
9.7038053e-05
0.0001021239863
9.631120076e-05
0.0001066386135
0.0001060914221
0.0001003831041
9.455724158e-05
9.935995244e-05
8.834572678e-05
9.307365206e-05
7.703749863e-05
9.193644554e-05
9.127176135e-05
9.072624903e-05
9.003013434e-05
8.945058207e-05
8.379820722e-05
9.790777514e-05
0.0001067871299
0.0001011884898
8.596875633e-05
9.952357249e-05
8.922299786e-05
9.781674891e-05
0.0001015093114
8.235089092e-05
8.608418723e-05
8.53272715e-05
9.781987272e-05
9.692898734e-05
8.722444454e-05
8.640467969e-05
8.978859576e-05
8.468642834e-05
9.217820835e-05
9.54132363e-05
8.619025553e-05
8.937999555e-05
8.841854139e-05
9.148312166e-05
9.048771523e-05
9.343392828e-05
9.24039736e-05
9.523920251e-05
9.417541702e-05
8.944988131e-05
8.843891582e-05
9.843532106e-05
9.010283493e-05
8.914283012e-05
9.163979135e-05
9.415074584e-05
9.305643083e-05
9.888695524e-05
8.761939067e-05
9.002547892e-05
8.567002003e-05
0.0001010683513
8.698484197e-05
9.882546544e-05
9.764994445e-05
9.040048328e-05
8.008112944e-05
9.754601452e-05
8.734269556e-05
9.241403312e-05
8.835992656e-05
9.038419961e-05
9.217883885e-05
9.126005774e-05
8.734521355e-05
9.206548529e-05
9.095850195e-05
9.280524043e-05
9.708359249e-05
9.615482988e-05
9.236196411e-05
9.149162568e-05
9.039575414e-05
9.211599706e-05
9.101549048e-05
9.268993013e-05
8.911084003e-05
8.831097616e-05
9.211138584e-05
9.129855522e-05
9.259470833e-05
8.943801298e-05
9.536538778e-05
8.99403395e-05
9.307317693e-05
9.302906042e-05
8.74646853e-05
9.284250946e-05
8.177258851e-05
8.709777043e-05
9.773817799e-05
9.212811668e-05
9.183210244e-05
0.0001077717781
0.0001019860823
8.562743493e-05
9.056845203e-05
0.0001008702489
8.979035725e-05
9.469161198e-05
8.892199611e-05
9.372813291e-05
8.796941019e-05
9.782635733e-05
9.205306872e-05
9.663306312e-05
9.088673628e-05
0.0001003822173
9.463302548e-05
8.907571375e-05
9.817469015e-05
9.262475119e-05
8.700871566e-05
8.637358866e-05
9.988308192e-05
9.439387965e-05
9.821042973e-05
8.813843562e-05
9.190496227e-05
0.0001002413556
0.0001037848649
9.840020101e-05
9.299737109e-05
9.215094902e-05
8.687515458e-05
8.605915611e-05
9.794839154e-05
9.700218898e-05
9.598667717e-05
9.503602743e-05
9.811542727e-05
8.902857229e-05
9.207568876e-05
9.112532874e-05
9.405423547e-05
8.919243299e-05
9.204588028e-05
9.487042015e-05
9.005968082e-05
8.910511317e-05
9.177010058e-05
9.44258011e-05
8.97582497e-05
8.525002707e-05
9.831302009e-05
9.726600914e-05
9.270313709e-05
9.171776403e-05
9.064500564e-05
8.304154348e-05
9.191182458e-05
8.769512009e-05
8.98668823e-05
8.892568699e-05
8.473040415e-05
9.937748375e-05
9.819170068e-05
9.414323957e-05
9.601711669e-05
8.909788506e-05
9.389785128e-05
8.71411709e-05
8.322459654e-05
9.375982876e-05
9.824673665e-05
9.450050059e-05
8.512621376e-05
9.517732309e-05
8.597348644e-05
9.313383274e-05
9.464488884e-05
9.375296278e-05
8.748350043e-05
9.177027575e-05
9.067334399e-05
9.23414579e-05
9.370707934e-05
9.286596291e-05
9.41783174e-05
9.334729563e-05
8.98787401e-05
9.847820763e-05
8.805153807e-05
8.959870628e-05
9.266888781e-05
8.71764951e-05
9.797066985e-05
7.612673203e-05
8.684596796e-05
8.672029354e-05
9.190881504e-05
9.172957304e-05
9.681415512e-05
9.121065411e-05
7.482404891e-05
9.058760564e-05
9.54843797e-05
8.98651846e-05
9.466551444e-05
6.809611602e-05
8.333476325e-05
0.0001036991217
9.274900862e-05
0.0001025387862
9.675691765e-05
9.116106291e-05
0.0001005610511
9.496300235e-05
9.919744772e-05
8.870397431e-05
0.0001026550077
9.224033358e-05
0.0001010906633
8.123842168e-05
8.526229879e-05
0.0001034072694
0.0001024668556
0.0001108786858
0.0001052615558
9.983494474e-05
8.988344774e-05
8.463949518e-05
9.703492402e-05
9.615231572e-05
9.085508348e-05
9.00022042e-05
9.331825828e-05
8.821648233e-05
9.560823527e-05
9.466178935e-05
9.773074565e-05
8.867990166e-05
9.171663386e-05
9.077032359e-05
8.588191367e-05
9.270961981e-05
9.169055168e-05
9.450448276e-05
8.971364109e-05
9.615990855e-05
8.77622757e-05
9.04469376e-05
8.583963845e-05
8.492542808e-05
9.444203496e-05
0.0001003576368
8.551158871e-05
9.475511611e-05
0.0001003369342
9.596510586e-05
8.829602288e-05
9.383697955e-05
9.912228911e-05
9.175619023e-05
8.753966552e-05
9.591159327e-05
9.782477421e-05
9.076589693e-05
8.669077054e-05
9.172418047e-05
8.77010106e-05
8.971007694e-05
9.721004406e-05
9.341034786e-05
8.389770703e-05
9.691736532e-05
9.575203441e-05
9.753171967e-05
9.368281094e-05
9.543745496e-05
9.167234832e-05
8.821383816e-05
9.228329612e-05
9.142713981e-05
9.284303138e-05
8.950922858e-05
9.581209686e-05
9.495208936e-05
9.382395209e-05
9.299610501e-05
9.660848814e-05
8.876320379e-05
9.002656021e-05
9.154836779e-05
8.684056073e-05
8.679951624e-05
8.128938368e-05
8.121192242e-05
9.727999401e-05
9.174270412e-05
0.0001022790043
8.596184727e-05
7.497616728e-05
0.0001015032471
0.0001011115307
0.0001008111135
8.979425504e-05
8.421773965e-05
8.378875506e-05
0.0001043174356
9.335391839e-05
0.0001032596305
9.235727312e-05
9.70008344e-05
9.635015621e-05
9.582149205e-05
9.012634984e-05
8.9589071e-05
8.890618399e-05
8.342780669e-05
8.762583179e-05
9.669378279e-05
8.14984949e-05
8.566364579e-05
9.434822916e-05
9.830362735e-05
9.277273975e-05
9.202358302e-05
9.116163133e-05
9.039255999e-05
8.952211552e-05
0.0001020470636
8.786104988e-05
8.706238979e-05
8.618490038e-05
8.537633345e-05
8.449971398e-05
9.205273057e-05
9.937332081e-05
9.42904871e-05
8.92366463e-05
9.234913103e-05
9.533255831e-05
9.434929435e-05
9.332730532e-05
9.235166049e-05
9.514370408e-05
9.037570323e-05
9.681777125e-05
9.2107801e-05
9.107064951e-05
9.010247949e-05
8.907692611e-05
9.517870307e-05
0.0001045388333
8.963577727e-05
9.200453676e-05
9.439822283e-05
8.663204179e-05
9.230803266e-05
8.796528283e-05
9.670919611e-05
8.919525587e-05
0.0001008699115
8.721321681e-05
9.555393662e-05
9.441493671e-05
9.042796812e-05
0.0001042377772
8.843525999e-05
9.61127466e-05
8.649365081e-05
8.545510879e-05
9.306346259e-05
8.637246369e-05
8.828113925e-05
8.721964587e-05
9.447032304e-05
9.33347271e-05
9.244157866e-05
8.872191958e-05
9.047054412e-05
9.193958312e-05
9.108656032e-05
9.499652788e-05
8.917522574e-05
9.545383799e-05
9.702261514e-05
9.586896772e-05
8.789639072e-05
9.389785133e-05
9.075669825e-05
9.888568575e-05
9.804349202e-05
9.727491776e-05
9.722900666e-05
9.712749501e-05
9.703502601e-05
0.0001022431157
7.52281873e-05
8.040014981e-05
9.62923146e-05
9.065275232e-05
7.979125573e-05
7.94840964e-05
8.981454188e-05
0.0001209693103
8.910077711e-05
9.907719302e-05
8.829408491e-05
9.295958783e-05
0.0001028238489
8.685945318e-05
8.642556248e-05
9.594680047e-05
7.031006103e-05
0.0001047093926
8.921632022e-05
8.853774429e-05
0.0001075185548
9.696073226e-05
0.0001059253594
9.071321097e-05
9.005264589e-05
8.45673574e-05
8.39173698e-05
8.777702006e-05
9.1651298e-05
0.0001089533481
9.002902706e-05
8.470549295e-05
8.838180819e-05
9.188690563e-05
0.0001040596274
8.155167672e-05
9.354286631e-05
9.258401248e-05
9.169105845e-05
9.486023381e-05
9.800565524e-05
9.697036134e-05
9.19902667e-05
8.705003997e-05
9.006854728e-05
8.522070128e-05
9.199645477e-05
9.098806157e-05
9.378101217e-05
9.64486016e-05
9.542712031e-05
9.072490709e-05
9.33510605e-05
8.874012842e-05
9.833085471e-05
0.0001041450612
9.273285275e-05
9.505395428e-05
8.732657878e-05
9.294691744e-05
9.19627043e-05
9.088282654e-05
9.634836755e-05
9.521056417e-05
8.793262571e-05
9.30955648e-05
9.826987095e-05
8.496170123e-05
9.009254626e-05
9.79172647e-05
8.810762974e-05
9.575703414e-05
8.904593559e-05
8.797697214e-05
8.990947312e-05
8.605301076e-05
8.795455031e-05
8.418144913e-05
9.143158306e-05
9.033238547e-05
9.473070489e-05
9.359275287e-05
9.271052184e-05
9.414282154e-05
9.326930075e-05
9.46433983e-05
9.624734849e-05
9.509824833e-05
8.941159611e-05
8.834761518e-05
8.756817707e-05
9.120751896e-05
9.505364605e-05
8.935002601e-05
9.313223933e-05
8.609583346e-05
8.067680224e-05
9.133847531e-05
9.661933743e-05
9.108919462e-05
7.490633717e-05
9.606801265e-05
8.522763871e-05
8.495655376e-05
9.004479629e-05
8.969902408e-05
9.469369789e-05
8.379593584e-05
8.350440409e-05
8.827366594e-05
7.240595805e-05
9.771127319e-05
9.727214352e-05
8.140768551e-05
9.618912749e-05
8.046046975e-05
0.000100024673
9.434405783e-05
8.884665838e-05
9.796927301e-05
9.734126926e-05
9.173458758e-05
9.590104267e-05
0.0001046075879
0.0001085667447
9.358235291e-05
9.750681136e-05
8.742281919e-05
0.0001004102143
9.947325091e-05
8.070156583e-05
9.768890661e-05
9.243135803e-05
9.152262039e-05
7.773575607e-05
9.405608117e-05
8.893947404e-05
8.802933252e-05
8.718075278e-05
9.038231786e-05
8.948887676e-05
9.256981452e-05
9.561827544e-05
9.065607673e-05
9.362265675e-05
9.261152564e-05
9.164397097e-05
9.064083772e-05
9.342341489e-05
9.238676593e-05
9.140855622e-05
9.038177991e-05
8.584451979e-05
9.547833742e-05
8.746489062e-05
8.646187038e-05
9.922836269e-05
8.793429842e-05
9.034628274e-05
9.590755e-05
9.816423223e-05
9.377867566e-05
9.918989558e-05
8.853359387e-05
9.386412409e-05
8.96592685e-05
9.484656634e-05
9.069399951e-05
9.574357712e-05
9.164340615e-05
9.656065992e-05
8.094880178e-05
8.871753889e-05
9.330775494e-05
8.677873603e-05
8.850158673e-05
9.858416495e-05
9.46932571e-05
9.109449911e-05
9.52932982e-05
9.175953956e-05
9.324722002e-05
9.236817402e-05
9.379477528e-05
9.292442834e-05
8.933010097e-05
9.343212279e-05
9.231593154e-05
9.148731577e-05
9.039778884e-05
9.903191971e-05
9.319711973e-05
9.007960261e-05
9.129800786e-05
8.599471952e-05
9.108625431e-05
0.0001124653573
0.0001069985664
9.086235101e-05
0.0001067071097
9.057020695e-05
9.565935214e-05
0.000106081522
0.0001004576993
7.911421063e-05
9.457339176e-05
7.857755377e-05
0.0001043028974
9.874329538e-05
8.790246543e-05
9.785233251e-05
9.730199462e-05
0.0001121595507
8.613491306e-05
7.562237929e-05
9.51501364e-05
8.964888378e-05
8.900933063e-05
9.339560542e-05
8.293162017e-05
9.694170519e-05
9.616796944e-05
0.0001002850035
8.524007378e-05
8.932147791e-05
8.854385577e-05
8.323990959e-05
8.248875669e-05
9.546147659e-05
8.106201901e-05
9.377619654e-05
8.403257476e-05
0.0001052168558
9.116121216e-05
9.463572337e-05
9.368682734e-05
8.859078591e-05
9.603674135e-05
9.511145434e-05
9.003150453e-05
8.914194719e-05
9.221247962e-05
9.524957288e-05
9.030798727e-05
9.326351903e-05
9.225773736e-05
9.129417795e-05
9.029625392e-05
9.306853436e-05
9.2037158e-05
9.470541607e-05
8.643958887e-05
9.264805612e-05
9.159708088e-05
9.062232861e-05
8.613862493e-05
8.522203836e-05
8.760667042e-05
9.667718973e-05
9.555131595e-05
9.45397321e-05
9.020953318e-05
7.969560687e-05
9.135666014e-05
9.975178953e-05
0.0001047300999
9.144851044e-05
9.638408739e-05
9.241008301e-05
9.130642387e-05
8.454427845e-05
9.217304254e-05
8.839155551e-05
9.014801334e-05
8.367099513e-05
9.093218333e-05
9.276535385e-05
9.164992936e-05
9.342930008e-05
9.23058244e-05
9.142228023e-05
9.290422912e-05
9.202834525e-05
9.344929299e-05
9.00798781e-05
9.14727214e-05
0.000100436342
9.439495819e-05
8.875036762e-05
8.769262119e-05
9.16173757e-05
9.517192789e-05
8.974482935e-05
9.09575221e-05
9.243791122e-05
9.069900653e-05
0.0001013218344
9.588959856e-05
0.0001064428379
9.03161858e-05
8.488094705e-05
9.525415368e-05
8.978748243e-05
9.476821021e-05
9.978797279e-05
8.894280598e-05
9.389580689e-05
8.828490152e-05
8.797824183e-05
8.753437373e-05
7.692859862e-05
9.179633407e-05
8.123063792e-05
0.0001009143024
0.0001004114659
8.478235078e-05
7.935879589e-05
8.371850088e-05
0.0001076978823
8.745052257e-05
9.171813756e-05
8.619878658e-05
0.0001046333149
9.90440953e-05
8.896032836e-05
8.354592955e-05
9.211696091e-05
9.128728893e-05
8.602468437e-05
9.419599115e-05
9.785133978e-05
9.251064696e-05
9.170103637e-05
8.215477585e-05
9.426402121e-05
9.332046146e-05
9.664908987e-05
9.566333078e-05
9.474211792e-05
9.375992235e-05
8.476143822e-05
9.58517143e-05
9.093021521e-05
9.387397637e-05
9.29071261e-05
9.190664183e-05
9.0947045e-05
8.995428016e-05
9.642499333e-05
9.169018605e-05
9.071984821e-05
8.970325346e-05
8.875049005e-05
9.125463884e-05
9.375617121e-05
8.238507595e-05
0.0001018857178
9.399543432e-05
8.967580905e-05
9.519771847e-05
9.094204981e-05
8.666673463e-05
9.210579639e-05
8.474304488e-05
9.006726697e-05
8.900039067e-05
9.414959219e-05
9.302956796e-05
9.20710813e-05
9.390648852e-05
0.0001016623351
9.183565688e-05
8.806795894e-05
8.701139133e-05
9.170130804e-05
9.334499786e-05
8.698912263e-05
9.131459522e-05
9.042773306e-05
8.934022576e-05
9.368999073e-05
9.256375221e-05
9.423798026e-05
9.310634646e-05
9.224227856e-05
9.113644098e-05
9.762641598e-05
8.922426628e-05
9.081322919e-05
9.209138804e-05
9.361954612e-05
9.250676935e-05
8.941253518e-05
9.061956651e-05
9.209461507e-05
7.968973899e-05
9.558280376e-05
9.548394878e-05
9.539336976e-05
8.464431114e-05
0.0001003703515
9.485237345e-05
9.992758402e-05
8.912661237e-05
7.321865467e-05
8.85694584e-05
7.791823543e-05
8.274396078e-05
8.761032256e-05
8.716935194e-05
9.703686281e-05
9.141502546e-05
8.089351516e-05
8.039751575e-05
0.0001049963779
0.0001042999187
8.397192734e-05
9.318434691e-05
9.750647469e-05
9.67711387e-05
8.172948701e-05
9.538806495e-05
8.999920816e-05
9.394731944e-05
9.792862303e-05
9.245657195e-05
8.257329998e-05
9.546949575e-05
8.56822101e-05
9.829035387e-05
8.860367292e-05
8.775817254e-05
7.394205561e-05
9.044689146e-05
9.389522751e-05
8.87316339e-05
9.627312407e-05
8.700648121e-05
9.847892747e-05
8.527716739e-05
9.649755905e-05
9.150602266e-05
9.452063276e-05
9.351627813e-05
9.255344661e-05
9.155820842e-05
9.06025419e-05
9.708279414e-05
8.867212864e-05
8.769198757e-05
9.037937135e-05
8.93677964e-05
8.841880857e-05
8.741802668e-05
9.340715759e-05
9.233927761e-05
8.797343869e-05
9.364781392e-05
8.934429018e-05
0.0001013878821
9.384280652e-05
8.954614246e-05
9.809596897e-05
9.381354044e-05
9.283129234e-05
8.867456988e-05
8.472703564e-05
9.268955499e-05
9.469373699e-05
8.479210816e-05
8.392699566e-05
9.436012999e-05
8.491618362e-05
8.669422394e-05
9.413567348e-05
9.026935477e-05
8.938050618e-05
8.830577349e-05
9.274793807e-05
9.425046858e-05
9.075514481e-05
9.222576176e-05
9.135613443e-05
9.276590786e-05
9.190494564e-05
9.080262403e-05
9.24053564e-05
9.370199393e-05
8.809884734e-05
8.939989661e-05
9.560698399e-05
8.986127991e-05
8.679852107e-05
9.254121581e-05
9.175385934e-05
9.522455912e-05
7.931660531e-05
9.508171665e-05
8.971428744e-05
0.0001106282304
0.0001052085897
8.920652571e-05
8.903347878e-05
8.353230368e-05
8.332790982e-05
9.857561229e-05
7.759270802e-05
8.239914753e-05
8.724546771e-05
0.0001123389388
0.0001017202144
6.574885167e-05
8.559412777e-05
7.506219435e-05
7.966803975e-05
8.408704705e-05
9.346656029e-05
9.280408656e-05
7.768723997e-05
9.15593342e-05
9.576245503e-05
9.025269534e-05
8.963623238e-05
8.421298623e-05
9.753584877e-05
8.748294136e-05
0.0001050895338
9.961848634e-05
9.432586787e-05
9.345217824e-05
8.384164067e-05
9.178437745e-05
9.098216512e-05
9.4384099e-05
8.927797606e-05
9.259625912e-05
9.590007195e-05
8.66707926e-05
8.992450645e-05
8.899521637e-05
9.61277592e-05
8.323015636e-05
9.416033065e-05
9.316129549e-05
9.220244968e-05
9.881344089e-05
9.026063887e-05
8.927804504e-05
9.20198872e-05
9.828435428e-05
9.364309822e-05
8.903483896e-05
8.8089597e-05
9.406112456e-05
8.961403897e-05
8.859055871e-05
9.101943266e-05
9.330275524e-05
8.571835368e-05
9.123975431e-05
8.060188169e-05
8.603173212e-05
9.143107757e-05
9.035497799e-05
0.0001048243206
9.139771652e-05
9.346278667e-05
9.533111576e-05
8.845208243e-05
9.031018423e-05
9.227224518e-05
9.116824141e-05
8.742782216e-05
9.473865332e-05
9.3793714e-05
9.266705253e-05
9.445317988e-05
8.798502232e-05
9.241097031e-05
8.869080606e-05
9.042521504e-05
9.444273704e-05
9.102369819e-05
8.992989708e-05
8.909520421e-05
9.047124358e-05
8.964525288e-05
9.335931319e-05
9.25213456e-05
9.376015132e-05
8.828653216e-05
9.18265712e-05
8.875527481e-05
9.21999122e-05
8.472666845e-05
8.428872537e-05
9.478043095e-05
8.416254148e-05
9.459319729e-05
8.393502425e-05
8.90527158e-05
7.315691923e-05
9.387657105e-05
9.878060992e-05
0.0001037253526
0.0001033318682
8.757254118e-05
8.718577094e-05
0.0001073268484
9.153356374e-05
9.62348725e-05
8.058829631e-05
0.0001002844941
0.0001046559711
9.91769219e-05
7.881755707e-05
9.30852793e-05
0.0001021560662
8.220762402e-05
0.0001007879583
9.060693539e-05
8.988967303e-05
8.927617268e-05
0.0001025152358
8.326818225e-05
8.713493037e-05
9.557016275e-05
8.569384531e-05
9.3953312e-05
0.0001019498652
9.669856653e-05
9.142550224e-05
9.062693958e-05
9.401718676e-05
8.893140135e-05
9.223835673e-05
8.722295198e-05
9.044900264e-05
8.957933309e-05
9.268484386e-05
9.576078284e-05
9.0810308e-05
9.380276498e-05
9.280899765e-05
9.185410492e-05
9.086920778e-05
8.99213066e-05
8.894372592e-05
9.900961546e-05
9.429138296e-05
8.970602749e-05
9.225252743e-05
8.425231475e-05
9.371337083e-05
8.928291001e-05
9.16590132e-05
9.068431877e-05
8.964022183e-05
8.868855193e-05
9.415245589e-05
9.636835956e-05
8.889243751e-05
9.109741161e-05
9.623463351e-05
9.215527337e-05
8.803003304e-05
9.913107158e-05
9.201693121e-05
7.344261051e-05
8.708024315e-05
9.481089064e-05
9.651554322e-05
9.554134996e-05
9.439581845e-05
9.070557612e-05
9.233175933e-05
8.873355434e-05
9.032315624e-05
8.681493121e-05
9.356783707e-05
9.267189472e-05
9.155713207e-05
9.069367258e-05
9.209244521e-05
9.616939154e-05
8.770599541e-05
8.931925761e-05
9.063402388e-05
8.745682303e-05
8.87467853e-05
9.027893032e-05
0.0001029264857
8.61628125e-05
8.962060184e-05
9.107985723e-05
8.918239202e-05
9.438427509e-05
9.952551925e-05
9.94313531e-05
9.403292236e-05
7.824816643e-05
8.325965785e-05
9.867933142e-05
9.319267954e-05
8.780026409e-05
8.746798779e-05
9.746967768e-05
0.0001021475891
0.0001017938816
8.609232675e-05
8.575053041e-05
8.527376848e-05
8.489240052e-05
8.933862223e-05
0.000103710732
8.3403055e-05
8.294845469e-05
8.236303241e-05
9.632384104e-05
9.082185816e-05
9.97417039e-05
0.0001036658056
8.891899405e-05
6.497703523e-05
0.0001059748845
0.0001004933105
7.706021324e-05
8.984865769e-05
8.467095535e-05
9.272002025e-05
9.194212461e-05
8.673278333e-05
9.887204633e-05
0.0001021670358
9.702441244e-05
9.18832104e-05
9.516257434e-05
9.010270426e-05
9.734923581e-05
9.634637452e-05
8.744688127e-05
9.046640276e-05
8.955424199e-05
8.860688117e-05
9.150838237e-05
9.052858157e-05
8.958451618e-05
8.861190131e-05
9.133381966e-05
8.671494786e-05
8.9373104e-05
9.544641698e-05
8.743847407e-05
8.991009828e-05
8.895421912e-05
9.470494531e-05
8.365894765e-05
9.262021057e-05
9.490978135e-05
9.057432013e-05
8.961590531e-05
9.805870307e-05
9.389604014e-05
0.0001020716225
9.488164078e-05
8.771126554e-05
9.278592883e-05
9.168426687e-05
9.073958695e-05
9.5442403e-05
9.446851909e-05
9.051045682e-05
8.959682489e-05
9.40554559e-05
9.311719454e-05
9.199888374e-05
9.64511758e-05
8.999744353e-05
8.650179434e-05
9.06404878e-05
9.233742865e-05
9.122643974e-05
9.036603148e-05
9.175936753e-05
9.336455175e-05
8.738823529e-05
9.140091187e-05
9.743430964e-05
9.184954004e-05
8.609685312e-05
0.0001014825107
9.343521055e-05
9.036677621e-05
8.929249006e-05
8.631989461e-05
7.83627621e-05
8.87696717e-05
8.346231079e-05
8.859487389e-05
9.36422164e-05
7.272825479e-05
8.809644065e-05
0.0001034422616
8.249506525e-05
8.743700938e-05
7.173508906e-05
8.684987617e-05
8.646809647e-05
0.00010137519
9.078269127e-05
9.54460301e-05
8.492534289e-05
7.957254966e-05
9.391817052e-05
0.0001032891515
9.283759315e-05
8.261281887e-05
0.0001013324066
0.0001007327782
9.521848142e-05
9.934212761e-05
9.386559955e-05
8.856466206e-05
0.0001017015456
9.637620542e-05
0.0001046465491
9.481687397e-05
8.949605706e-05
9.321695989e-05
0.0001011542482
8.722274825e-05
7.775666201e-05
8.992474554e-05
0.000101772932
9.244846505e-05
9.153078844e-05
9.479806291e-05
8.975904748e-05
8.48561084e-05
8.798251269e-05
9.107537337e-05
9.012509247e-05
9.309571917e-05
9.595034942e-05
9.116525254e-05
9.019049952e-05
9.296899914e-05
9.19609827e-05
9.463439226e-05
0.0001007931029
8.548093681e-05
8.452866055e-05
9.060116929e-05
8.613474151e-05
9.544547328e-05
9.098869852e-05
9.002143978e-05
8.569105014e-05
8.47815406e-05
9.346827361e-05
8.929039044e-05
8.824820775e-05
8.420027534e-05
8.937502353e-05
8.843939477e-05
9.040841203e-05
9.245116301e-05
9.43009024e-05
9.332924805e-05
9.798081589e-05
9.698099348e-05
8.173025703e-05
9.206454684e-05
9.647393722e-05
9.005368193e-05
9.706065851e-05
9.34350462e-05
9.494901684e-05
9.14145997e-05
9.28950227e-05
9.200536817e-05
9.342307563e-05
9.254188106e-05
8.895764481e-05
9.057993097e-05
9.191014543e-05
8.86743286e-05
9.234614652e-05
9.386387955e-05
8.578464352e-05
9.651844071e-05
8.855420426e-05
9.003826108e-05
9.563927993e-05
9.482620624e-05
8.8442947e-05
8.840171506e-05
9.87008993e-05
8.303804058e-05
8.807392467e-05
9.31209396e-05
9.289326329e-05
8.241208007e-05
8.728970852e-05
8.707674805e-05
0.0001020573754
8.140517454e-05
8.611367176e-05
8.581593926e-05
9.041185586e-05
8.505049783e-05
8.955503262e-05
7.92490218e-05
8.861454183e-05
9.307374792e-05
9.732953034e-05
9.679986856e-05
8.650760355e-05
8.599610559e-05
9.483807094e-05
0.000103657442
9.349254667e-05
8.82131428e-05
0.000105904049
9.142453449e-05
0.00010423517
8.994730018e-05
0.000102518145
9.727467124e-05
9.199924537e-05
9.991684919e-05
9.466863974e-05
8.957771332e-05
8.870912486e-05
9.209371398e-05
8.703646598e-05
9.854226081e-05
9.754691149e-05
9.66103978e-05
9.163414021e-05
9.467647498e-05
8.978634789e-05
9.274617832e-05
9.176791175e-05
9.082468638e-05
8.985493323e-05
8.891844755e-05
8.795562476e-05
9.065790656e-05
8.607559433e-05
9.581178508e-05
9.825474944e-05
9.374065868e-05
9.955095142e-05
9.509666345e-05
9.065720437e-05
0.000106303551
9.851526377e-05
9.097178833e-05
9.634127359e-05
8.261242949e-05
8.792958192e-05
9.943268141e-05
9.519467031e-05
9.115950642e-05
9.608894512e-05
8.617565548e-05
7.928079885e-05
9.008817775e-05
9.762957125e-05
9.094898505e-05
8.986209616e-05
9.173474791e-05
9.063551089e-05
8.701210772e-05
9.134028154e-05
9.576054359e-05
9.198104477e-05
9.108723365e-05
9.2562231e-05
9.42222343e-05
9.057217017e-05
9.470212241e-05
9.356256092e-05
9.513325397e-05
9.157954912e-05
9.313130861e-05
9.201329345e-05
8.651114227e-05
9.471519706e-05
9.159023799e-05
9.275814252e-05
8.522651955e-05
8.421125056e-05
8.788996896e-05
0.0001036209456
9.321543131e-05
0.0001034670447
0.0001033693996
0.0001083488752
8.758523739e-05
8.737160643e-05
9.233230675e-05
8.181776615e-05
8.161829955e-05
9.147555208e-05
8.613904066e-05
0.0001008966361
9.552065251e-05
9.504648429e-05
9.965264729e-05
9.414719553e-05
8.879412836e-05
8.335372502e-05
0.0001024561898
8.239767972e-05
8.677019684e-05
0.0001053086808
7.613564113e-05
8.501461915e-05
9.855250318e-05
0.0001024346921
9.248884518e-05
8.71414882e-05
0.0001001715616
8.125592287e-05
9.407536724e-05
7.991918422e-05
9.249206024e-05
9.164304395e-05
9.087571794e-05
9.430418713e-05
8.92333493e-05
8.836955396e-05
0.0001000818273
9.083399314e-05
9.407735373e-05
9.31286087e-05
9.223495314e-05
8.335099003e-05
9.039045546e-05
9.333927671e-05
9.239925246e-05
9.52354731e-05
9.048665525e-05
8.952185473e-05
8.858911368e-05
9.493371161e-05
9.754958276e-05
9.290606007e-05
9.546011687e-05
9.090284958e-05
0.0001003163823
9.23476948e-05
9.813433646e-05
9.032811687e-05
8.605824877e-05
9.81588368e-05
8.740553427e-05
9.919354682e-05
7.598263183e-05
9.387133784e-05
8.978675079e-05
8.567367094e-05
8.780460401e-05
9.57447346e-05
0.000100671616
9.947802367e-05
9.845299706e-05
8.583603169e-05
8.779207656e-05
8.954138673e-05
9.417722168e-05
9.578567101e-05
9.212051811e-05
9.101450393e-05
9.541892317e-05
8.90342491e-05
9.335540973e-05
9.223181521e-05
9.134836092e-05
9.024854209e-05
8.939715958e-05
9.568116156e-05
8.993164838e-05
9.365267316e-05
9.041806911e-05
8.463030575e-05
9.551941071e-05
8.746877826e-05
8.897902875e-05
9.016904873e-05
9.162305333e-05
9.494659417e-05
9.632901675e-05
7.739617341e-05
9.283222352e-05
9.273773545e-05
0.000102944766
9.762763587e-05
8.20949588e-05
9.213209343e-05
9.706271033e-05
0.0001018540876
0.0001016059515
8.09800298e-05
9.588067077e-05
8.038914634e-05
8.511859955e-05
9.964355585e-05
9.428672017e-05
9.376717173e-05
8.352290703e-05
0.000102552455
0.0001069039995
9.172296873e-05
0.0001008271925
9.058613998e-05
9.953045702e-05
8.938198161e-05
7.946478348e-05
0.0001020307932
8.751840958e-05
9.593653794e-05
9.977923268e-05
9.442881835e-05
0.0001070959384
8.845466682e-05
9.213382191e-05
9.128959017e-05
0.0001034579716
9.394252988e-05
9.735749166e-05
9.222460013e-05
8.723812109e-05
9.460272053e-05
8.557143274e-05
9.277742921e-05
9.188757815e-05
9.490101537e-05
9.396714276e-05
9.299106883e-05
9.205491233e-05
9.488201474e-05
9.390742807e-05
9.290753797e-05
8.826221038e-05
9.094687266e-05
9.719127805e-05
9.968653305e-05
9.158839036e-05
9.405510053e-05
8.961127194e-05
9.201247255e-05
9.440663675e-05
8.000125326e-05
8.574712828e-05
9.780497963e-05
8.709055921e-05
9.564873448e-05
9.46370158e-05
0.0001028883232
8.946495731e-05
8.841609741e-05
9.050753136e-05
9.838432451e-05
8.851084268e-05
9.037731994e-05
8.656069807e-05
8.553051449e-05
9.030148613e-05
8.922295833e-05
8.832212187e-05
8.999119565e-05
8.639342782e-05
8.802365834e-05
8.715642055e-05
9.132709516e-05
9.302347085e-05
9.190374997e-05
9.102336352e-05
8.992721852e-05
8.907880268e-05
9.045080656e-05
9.687672919e-05
9.331821512e-05
9.483698447e-05
8.901230513e-05
9.05347782e-05
8.944855996e-05
9.093321171e-05
8.984469902e-05
8.906689231e-05
9.240390737e-05
9.16187923e-05
9.249510533e-05
8.731592281e-05
7.183420363e-05
9.73974266e-05
9.211132938e-05
0.0001021993961
8.156103751e-05
0.0001068422501
9.636740385e-05
9.613280117e-05
8.065115093e-05
0.0001005173489
0.0001100875068
9.47475933e-05
0.0001042035252
9.884896487e-05
0.0001032207513
0.0001027609182
0.0001070057562
9.195688341e-05
9.135735127e-05
9.5643535e-05
8.072919583e-05
0.0001038567997
9.840060403e-05
0.0001024313007
8.777142154e-05
0.0001009396247
7.735951256e-05
8.583678791e-05
9.854107295e-05
0.0001022354034
0.0001013298369
9.614874544e-05
8.660843082e-05
9.447262831e-05
9.783743759e-05
9.276928958e-05
9.605035696e-05
9.104561024e-05
9.014772665e-05
9.742697775e-05
9.644753561e-05
9.552293207e-05
8.272812288e-05
8.971576229e-05
8.878522226e-05
9.171312915e-05
9.074992353e-05
8.981808571e-05
9.256567837e-05
0.0001025939959
8.698923657e-05
9.32490923e-05
8.51340481e-05
9.125467348e-05
9.02427127e-05
8.928609559e-05
0.0001052618493
9.070588766e-05
9.299843029e-05
9.529650876e-05
9.09567536e-05
8.35638518e-05
8.259869387e-05
8.801163985e-05
9.630743598e-05
9.836740655e-05
8.202507991e-05
9.018502858e-05
8.615144109e-05
9.701564862e-05
9.586647385e-05
8.337819337e-05
9.090897541e-05
0.0001012288295
9.446346087e-05
9.350966165e-05
9.238980842e-05
9.146783638e-05
9.30278083e-05
9.47429428e-05
8.840349228e-05
9.269388411e-05
9.15780103e-05
9.070067047e-05
9.20972909e-05
9.122833586e-05
9.500134083e-05
9.894583121e-05
9.537039739e-05
9.44994736e-05
9.102897708e-05
9.483820173e-05
8.684347912e-05
9.060822085e-05
8.728460754e-05
9.096643718e-05
0.0001008404192
9.346310363e-05
0.0001125885498
0.0001074210469
9.198188105e-05
0.0001072111738
8.154346385e-05
9.160515559e-05
8.122959669e-05
0.0001013411597
9.092521869e-05
0.0001058213578
0.0001004061657
7.508324124e-05
9.967595212e-05
0.0001092655904
0.0001136689688
8.860676878e-05
8.812066186e-05
9.260219701e-05
0.0001017345361
9.1590528e-05
9.099463702e-05
0.0001000274155
8.514018665e-05
9.874472881e-05
0.0001026809814
9.275364339e-05
9.663100005e-05
9.140477238e-05
9.518988057e-05
8.550321506e-05
9.369788808e-05
9.741243897e-05
9.216245558e-05
9.57792067e-05
8.196310415e-05
9.41115638e-05
0.0001017026987
8.821596219e-05
8.320596416e-05
9.070152376e-05
8.980846742e-05
8.89724052e-05
8.807934955e-05
9.120061916e-05
9.419447685e-05
8.93821787e-05
9.230238941e-05
9.137387455e-05
9.041559458e-05
9.321613766e-05
8.853727233e-05
9.856753715e-05
9.389445978e-05
8.933565508e-05
8.835912515e-05
9.092337967e-05
8.645791028e-05
9.238493494e-05
8.796597003e-05
9.037917481e-05
8.604558934e-05
9.82287548e-05
9.06312067e-05
0.0001056823419
8.863500875e-05
7.830147741e-05
9.286902795e-05
9.189128368e-05
7.870662967e-05
9.286030984e-05
9.472674212e-05
9.374237547e-05
9.552725071e-05
9.7407829e-05
9.341855443e-05
8.686116843e-05
9.136137444e-05
9.866056025e-05
9.206373329e-05
9.114495151e-05
9.005096666e-05
9.178607238e-05
9.327330366e-05
9.236662462e-05
9.125457154e-05
9.038025733e-05
9.177170346e-05
9.336266769e-05
9.466504027e-05
8.897643883e-05
9.740802586e-05
8.945613869e-05
8.837975195e-05
9.450122789e-05
9.336581524e-05
9.479982194e-05
9.812324496e-05
9.285241758e-05
8.955751737e-05
9.096265184e-05
8.664689146e-05
9.170127422e-05
9.160855552e-05
9.152238865e-05
9.644030996e-05
9.630243812e-05
0.0001011260484
0.0001059776974
0.0001006199918
8.531907343e-05
9.500159427e-05
9.970790008e-05
9.927559477e-05
0.0001137736721
9.352455883e-05
8.825232768e-05
9.264528762e-05
9.223319441e-05
9.650519028e-05
8.162422959e-05
0.0001001752959
9.014347896e-05
9.42278449e-05
8.898921295e-05
8.368264738e-05
7.853216638e-05
0.0001054215289
9.560149216e-05
8.127505142e-05
9.862047081e-05
8.444744517e-05
9.70374023e-05
9.180909505e-05
9.541249766e-05
9.884020039e-05
9.801475998e-05
8.865246632e-05
8.369711337e-05
9.532610151e-05
8.214548026e-05
9.353864996e-05
9.266831843e-05
9.57282826e-05
9.481145442e-05
9.38451381e-05
9.292285211e-05
9.196186079e-05
9.483033391e-05
9.759069663e-05
8.91593233e-05
9.188945142e-05
9.093314338e-05
9.355308049e-05
8.545065303e-05
9.860399654e-05
8.362567628e-05
0.0001068213435
8.864277179e-05
9.102125078e-05
9.005480708e-05
8.57377125e-05
8.482711927e-05
9.030798184e-05
8.615910892e-05
9.462839509e-05
9.674867709e-05
9.253966429e-05
9.766981433e-05
9.351046305e-05
7.462239101e-05
9.144244842e-05
9.34113253e-05
8.942130343e-05
9.135468569e-05
9.591045744e-05
9.493155065e-05
9.379868839e-05
9.285149879e-05
8.634348398e-05
9.08243382e-05
9.23735495e-05
9.407647281e-05
8.77816097e-05
9.20416678e-05
9.093340941e-05
9.256382503e-05
9.391998862e-05
8.813719278e-05
8.949361935e-05
9.585138267e-05
9.232902231e-05
9.383160784e-05
9.501947963e-05
9.416664021e-05
9.076532298e-05
8.996515866e-05
9.110763868e-05
9.692788475e-05
8.923782946e-05
9.279614315e-05
9.644891603e-05
8.625647938e-05
7.603187346e-05
8.608847187e-05
8.088499076e-05
0.0001009617991
9.064657259e-05
0.0001005244255
0.0001002152454
8.997460866e-05
8.96403929e-05
9.434264258e-05
9.393451866e-05
9.853808925e-05
0.0001029571008
9.278408376e-05
7.770717328e-05
8.219689769e-05
9.612339125e-05
0.0001052138483
9.502924306e-05
8.506305138e-05
0.0001079371626
8.86407082e-05
8.798704773e-05
8.742921494e-05
8.674929729e-05
9.976567271e-05
9.445475566e-05
9.824017467e-05
9.297818648e-05
9.227136767e-05
9.581359733e-05
8.640780539e-05
0.0001027458574
9.339765166e-05
0.0001009344229
0.000100057709
9.083900843e-05
9.411296259e-05
8.913755229e-05
9.232262991e-05
9.5372664e-05
9.052385548e-05
9.349838095e-05
8.872239862e-05
9.162383553e-05
9.070283962e-05
9.349403413e-05
8.883355258e-05
9.155502952e-05
8.697837237e-05
9.679933512e-05
9.2236444e-05
9.473948705e-05
9.026795647e-05
9.270376358e-05
8.153037587e-05
9.741376292e-05
9.305619485e-05
8.871787836e-05
8.777577577e-05
8.677323091e-05
8.903277946e-05
8.800689556e-05
9.329609754e-05
9.836013716e-05
9.124192073e-05
9.318074776e-05
9.517990865e-05
9.69993978e-05
9.308260509e-05
8.910711005e-05
8.818888378e-05
9.276287794e-05
8.903375869e-05
9.346979852e-05
8.708318071e-05
9.410721725e-05
9.582985333e-05
9.4679855e-05
9.37467417e-05
9.004670081e-05
9.171898943e-05
9.061449995e-05
8.974617484e-05
8.866448395e-05
9.026739017e-05
9.158928747e-05
9.073868644e-05
8.728578473e-05
8.882614243e-05
9.46842408e-05
9.15457692e-05
8.818322395e-05
9.188821436e-05
8.857030375e-05
9.6584262e-05
8.675162514e-05
9.246621983e-05
9.606034504e-05
8.590902175e-05
7.067738418e-05
0.000100872876
9.566467476e-05
0.0001055836958
8.025124214e-05
9.010887783e-05
7.985099374e-05
8.961428418e-05
9.92024019e-05
8.902024543e-05
9.356022903e-05
9.81457007e-05
9.278172823e-05
8.75518849e-05
8.707467899e-05
9.15039419e-05
9.574460131e-05
9.527238907e-05
9.465639135e-05
9.414405729e-05
9.816643758e-05
0.000102236226
9.225799045e-05
9.167351623e-05
0.0001000581525
9.938040008e-05
0.0001030525237
9.341449114e-05
7.939068505e-05
8.316466343e-05
9.544903349e-05
9.468743965e-05
8.956244412e-05
8.458612904e-05
9.636484544e-05
9.552832363e-05
9.87262817e-05
8.968469415e-05
9.687909795e-05
9.197951091e-05
9.106052454e-05
9.411049692e-05
8.927275287e-05
9.223945858e-05
9.128828615e-05
9.037100462e-05
8.942722644e-05
9.219807687e-05
9.122303299e-05
8.666322746e-05
9.287771522e-05
8.83690043e-05
9.789527354e-05
9.686252759e-05
9.579315917e-05
9.477854854e-05
0.0001004135736
8.941300672e-05
8.840269538e-05
9.718231142e-05
9.287084243e-05
8.554913263e-05
8.769616553e-05
8.676899876e-05
9.49508261e-05
9.395135771e-05
0.0001048344268
8.891767777e-05
9.95883048e-05
9.56548213e-05
8.879511685e-05
9.638461866e-05
9.80408112e-05
9.704009117e-05
9.04037009e-05
9.491437536e-05
9.109917318e-05
9.01898311e-05
9.434924142e-05
9.341931389e-05
8.973219231e-05
9.39374147e-05
9.029781955e-05
9.191669329e-05
9.080860858e-05
8.995155788e-05
9.126847244e-05
9.042080235e-05
9.873352398e-05
8.851446019e-05
8.744760118e-05
9.350452264e-05
9.463188408e-05
9.379771799e-05
8.605090055e-05
8.968103974e-05
7.996083728e-05
9.213863419e-05
9.567489241e-05
0.0001056971409
9.553468398e-05
9.042161913e-05
8.023706698e-05
9.514559046e-05
8.492598644e-05
8.476263809e-05
9.444467112e-05
0.0001041329732
8.398640553e-05
9.851787892e-05
8.828423084e-05
9.286860359e-05
8.755078779e-05
0.0001017401192
0.0001011867668
9.114362306e-05
9.060034577e-05
9.015383964e-05
0.0001037150994
9.846533086e-05
8.847173332e-05
0.0001064679975
9.649586412e-05
8.675309042e-05
9.061158393e-05
9.899809168e-05
9.819427416e-05
9.748831396e-05
9.666324045e-05
0.0001002898493
8.644293947e-05
8.575366126e-05
8.497602641e-05
9.269448918e-05
8.348138945e-05
9.517070715e-05
9.425996863e-05
9.341219841e-05
8.043326089e-05
9.163893288e-05
9.466929481e-05
8.595023304e-05
9.281249786e-05
9.190151748e-05
9.474498492e-05
9.004158879e-05
9.281516129e-05
9.186364702e-05
8.72576981e-05
8.994828959e-05
8.542493174e-05
9.509553293e-05
9.754471885e-05
8.617491818e-05
9.545153618e-05
8.76949825e-05
9.005115764e-05
9.899502759e-05
0.0001044026595
9.038253845e-05
9.254313636e-05
8.840468194e-05
9.05086085e-05
9.263978784e-05
9.46176244e-05
9.362172671e-05
9.551302579e-05
9.155993235e-05
9.632145366e-05
9.532055868e-05
9.419402989e-05
8.474850781e-05
8.932493702e-05
9.393897186e-05
9.827882449e-05
8.917904925e-05
9.078212897e-05
8.987589052e-05
9.402092875e-05
9.309416533e-05
9.197472666e-05
9.361038325e-05
9.248288227e-05
8.912092745e-05
8.80463222e-05
9.448322139e-05
9.334331538e-05
9.010513776e-05
8.667542285e-05
9.052614072e-05
8.9434429e-05
9.544955168e-05
9.20543419e-05
8.679206231e-05
9.234389647e-05
0.0001002635594
9.044578576e-05
8.967816702e-05
0.0001003079166
9.023552168e-05
8.513701384e-05
8.005382809e-05
9.490141633e-05
9.47661263e-05
8.956349368e-05
8.442515606e-05
9.902031052e-05
9.878024939e-05
9.841580094e-05
9.322111799e-05
9.282052733e-05
9.250171349e-05
8.720583603e-05
0.000101339552
0.0001007895513
0.0001003425656
9.974570287e-05
8.507527816e-05
8.452745729e-05
9.341181266e-05
8.812889148e-05
7.838913106e-05
9.154641031e-05
9.551566456e-05
9.929028988e-05
9.413604463e-05
9.337311386e-05
9.711668281e-05
7.878782426e-05
8.253400963e-05
8.611651435e-05
0.0001025163472
9.312259225e-05
9.654444817e-05
9.980352902e-05
9.069333394e-05
8.574379502e-05
8.901937977e-05
9.215657416e-05
9.527047065e-05
9.432148641e-05
9.341982796e-05
9.247331614e-05
9.15660436e-05
9.062450696e-05
8.971456578e-05
9.617858488e-05
9.153163455e-05
8.694356277e-05
0.000100379696
8.866541448e-05
8.773610898e-05
8.331142785e-05
9.273705527e-05
8.83186025e-05
8.738354074e-05
9.970263574e-05
8.549213068e-05
9.753222268e-05
9.64969817e-05
9.539765676e-05
9.753258171e-05
0.0001026314638
9.846942246e-05
9.124524491e-05
9.028490387e-05
9.517977463e-05
8.53540243e-05
9.59860229e-05
9.786706721e-05
9.386651917e-05
8.44538275e-05
9.457815123e-05
9.085939379e-05
9.521731805e-05
9.425559902e-05
9.046728387e-05
8.956412793e-05
9.109225713e-05
9.01942925e-05
9.165571255e-05
9.328562095e-05
9.216191566e-05
8.881155942e-05
9.017769749e-05
8.691224841e-05
9.06335379e-05
8.979166951e-05
8.870784888e-05
8.789761195e-05
9.140738416e-05
9.285165121e-05
8.725746826e-05
9.757663803e-05
9.421083177e-05
9.339586144e-05
9.22733643e-05
9.149037726e-05
0.0001049040557
0.0001098489038
8.978648006e-05
0.0001046527605
9.452433619e-05
9.438967691e-05
7.434016344e-05
9.398333317e-05
0.0001084911369
8.855042122e-05
9.802715986e-05
9.28531786e-05
8.758899034e-05
9.213771089e-05
8.203783673e-05
0.0001009421266
0.0001051761776
9.04314319e-05
0.0001040885278
8.474425185e-05
9.35551868e-05
9.770244256e-05
8.31682388e-05
9.646025591e-05
0.0001003141928
9.061825591e-05
8.991887383e-05
8.484556379e-05
8.415918873e-05
9.674787426e-05
9.593199524e-05
8.222225597e-05
9.866142704e-05
9.787574907e-05
9.27741822e-05
9.618373698e-05
9.528916763e-05
9.035634067e-05
9.356236387e-05
8.869041057e-05
9.580947467e-05
9.096528767e-05
9.39762243e-05
8.920001944e-05
9.213660446e-05
9.123301001e-05
9.029622412e-05
9.311448918e-05
9.583191921e-05
9.120201336e-05
8.663168115e-05
9.287562657e-05
9.188275458e-05
9.441689267e-05
8.993315293e-05
8.898505499e-05
8.462102528e-05
9.712133826e-05
9.6039231e-05
9.502040877e-05
9.39497335e-05
8.974740023e-05
0.0001014009531
9.405576899e-05
9.29753601e-05
9.199264752e-05
9.092727847e-05
8.397232108e-05
8.299273574e-05
0.0001026553456
9.275434692e-05
9.465899321e-05
9.637586223e-05
9.538268127e-05
8.593458775e-05
9.877627495e-05
9.759915955e-05
9.392962829e-05
9.545782773e-05
9.187965373e-05
9.337111072e-05
9.245061139e-05
9.133890379e-05
9.296310426e-05
8.936092139e-05
9.342123911e-05
8.98655181e-05
9.142305371e-05
9.031937197e-05
8.948037476e-05
8.839984966e-05
9.681265341e-05
8.881214262e-05
9.704221382e-05
9.141232519e-05
9.060665985e-05
8.951484487e-05
8.657617652e-05
8.125792532e-05
9.11696575e-05
9.951249874e-05
8.952007753e-05
7.949398069e-05
9.92744595e-05
0.0001139713441
9.401620651e-05
9.37921345e-05
9.361209516e-05
0.0001031513632
9.310146862e-05
0.000102523655
9.248813227e-05
9.69394003e-05
9.660690718e-05
7.691024306e-05
9.57598154e-05
0.0001000044033
8.059744186e-05
9.425883195e-05
8.910555779e-05
0.000107172859
9.269087079e-05
9.665649872e-05
0.0001006654499
9.538800904e-05
9.478547461e-05
8.957647539e-05
0.000102317187
7.942772371e-05
9.638185627e-05
8.688227803e-05
9.053525371e-05
8.974455478e-05
9.750942819e-05
9.662965905e-05
9.582571115e-05
8.668062732e-05
9.00218425e-05
8.916448809e-05
8.836386381e-05
8.750331608e-05
9.063216549e-05
9.363348062e-05
9.273922267e-05
9.180233593e-05
9.090239018e-05
9.746783701e-05
8.906759468e-05
9.181513808e-05
9.087475769e-05
8.632202908e-05
9.25439218e-05
9.859857682e-05
8.711221474e-05
9.650795838e-05
9.890116187e-05
9.106823464e-05
9.010444857e-05
8.910152471e-05
9.468657257e-05
9.362064021e-05
9.262720851e-05
8.210060256e-05
9.372747645e-05
9.574004795e-05
8.556095896e-05
9.967267243e-05
9.563516635e-05
9.452020036e-05
9.060830138e-05
9.243357243e-05
0.0001000487115
9.321828302e-05
8.946194371e-05
9.11632598e-05
9.023261297e-05
8.915760351e-05
8.825699562e-05
8.98441001e-05
9.156313635e-05
9.304955848e-05
9.213215956e-05
9.355272974e-05
9.264280995e-05
9.152661996e-05
8.819922243e-05
9.197591139e-05
9.110759292e-05
8.763876135e-05
8.682461964e-05
9.504876986e-05
9.418056239e-05
8.850423558e-05
9.445680513e-05
9.331648445e-05
9.029183734e-05
9.35543091e-05
9.490205747e-05
8.52357328e-05
9.085117844e-05
8.425157648e-05
9.412029264e-05
8.907778448e-05
8.405032835e-05
7.403612745e-05
0.0001035031199
9.342299075e-05
8.342864384e-05
9.785353593e-05
8.785510209e-05
9.725901393e-05
9.212594502e-05
0.0001013887168
9.62297188e-05
0.0001005516162
7.630975582e-05
7.589820857e-05
8.500763794e-05
7.981038181e-05
9.81048456e-05
8.355165788e-05
9.233455692e-05
8.711612553e-05
9.572207479e-05
9.049938611e-05
8.992814311e-05
8.031300721e-05
8.420266835e-05
8.352396768e-05
8.292515221e-05
9.521173052e-05
7.731072107e-05
9.792464481e-05
9.714583916e-05
8.789943778e-05
9.131945641e-05
9.0472888e-05
8.968981181e-05
9.691305287e-05
9.204151796e-05
9.510941828e-05
9.422762529e-05
8.94060101e-05
9.240262541e-05
9.147048407e-05
9.057415798e-05
9.33820232e-05
9.244541224e-05
9.148656858e-05
8.692784848e-05
8.959852368e-05
9.221457797e-05
9.12312064e-05
9.027572655e-05
8.929816231e-05
9.855224185e-05
8.40259534e-05
8.978782319e-05
9.536640937e-05
8.784782743e-05
0.0001029449318
9.23040236e-05
9.754857358e-05
7.472117414e-05
8.925253118e-05
9.439963527e-05
9.330787935e-05
9.828252997e-05
9.419382941e-05
9.02954718e-05
8.923641494e-05
9.400654755e-05
9.28975109e-05
8.636802043e-05
9.635599018e-05
9.537229995e-05
8.346649314e-05
9.328440433e-05
9.480252363e-05
9.385590059e-05
9.015437411e-05
9.181589405e-05
9.071181147e-05
8.982945257e-05
9.121224527e-05
9.277933227e-05
9.64838908e-05
9.318362542e-05
8.969752914e-05
9.120274796e-05
8.547995428e-05
9.156662437e-05
8.819845616e-05
8.964805979e-05
8.856507485e-05
9.436842406e-05
8.672508572e-05
9.457262389e-05
9.130930617e-05
8.842945353e-05
8.885663694e-05
8.388167306e-05
9.858623952e-05
9.356939323e-05
9.341086343e-05
9.327806232e-05
9.305674133e-05
7.821334618e-05
9.259716264e-05
8.751152137e-05
9.203546588e-05
8.210694302e-05
8.175717566e-05
0.0001006482376
0.0001049311872
9.50174628e-05
8.505548001e-05
8.467936317e-05
9.353310631e-05
9.772752591e-05
8.32313788e-05
8.278287478e-05
8.678368984e-05
9.08163856e-05
8.564789601e-05
9.854571482e-05
8.889944223e-05
0.000101544831
9.196888056e-05
9.565806625e-05
9.485563884e-05
8.985896417e-05
9.331860994e-05
0.0001009929929
0.0001000848229
9.098204882e-05
9.013996807e-05
8.529839315e-05
9.655837038e-05
9.170511007e-05
8.291781091e-05
9.388506513e-05
9.295543915e-05
9.206846268e-05
9.114102276e-05
9.400863293e-05
8.932549247e-05
9.211446661e-05
9.116034233e-05
9.022724179e-05
9.285176185e-05
8.835343264e-05
9.090888521e-05
8.995701614e-05
8.898401778e-05
9.143296306e-05
8.708080676e-05
9.278724544e-05
8.520246747e-05
9.40258883e-05
9.296932213e-05
0.0001014985777
8.780287803e-05
8.99751283e-05
9.507800532e-05
9.40733374e-05
9.598564049e-05
9.497565849e-05
9.680313284e-05
9.288753022e-05
9.179863377e-05
9.368368591e-05
9.53843612e-05
9.440136024e-05
9.053875381e-05
8.961442043e-05
9.391385448e-05
8.234052167e-05
9.185383857e-05
9.353478762e-05
9.241305274e-05
9.150179243e-05
9.291263558e-05
8.952207301e-05
9.090002281e-05
9.246167547e-05
9.374948084e-05
9.286429342e-05
8.703744437e-05
9.322032397e-05
8.748855241e-05
8.897065223e-05
9.465591949e-05
8.710591282e-05
9.04659174e-05
8.966871034e-05
9.07462483e-05
8.139381459e-05
8.887631185e-05
9.02208492e-05
9.342560961e-05
9.338281831e-05
7.856016794e-05
9.810850005e-05
8.814838033e-05
8.31329703e-05
8.293615736e-05
9.251577188e-05
0.0001067999273
7.748499334e-05
8.685253157e-05
9.62210678e-05
0.0001006026586
0.0001050325206
9.977457349e-05
8.99180567e-05
0.0001035564645
9.841254972e-05
9.7833139e-05
9.735309752e-05
0.0001059450863
9.621158898e-05
8.645378166e-05
8.142437658e-05
0.000103286761
9.371088522e-05
9.742122394e-05
7.917105068e-05
9.162439695e-05
9.096840377e-05
9.879775539e-05
9.378767007e-05
9.297275112e-05
8.384933503e-05
9.971588564e-05
9.888777312e-05
9.389173881e-05
9.308000102e-05
9.620627455e-05
9.534381114e-05
9.441951796e-05
8.574957111e-05
9.262008763e-05
9.173670815e-05
9.081392626e-05
8.99247537e-05
8.900653686e-05
9.178588205e-05
9.083643436e-05
8.99069319e-05
9.964058256e-05
8.804122402e-05
9.407301943e-05
9.653597495e-05
8.867207577e-05
8.436356547e-05
8.67767601e-05
9.246346826e-05
9.143733038e-05
9.369899164e-05
9.584177557e-05
0.0001043077344
8.749947839e-05
0.000105123701
9.780687039e-05
9.374928751e-05
9.266651098e-05
9.169151311e-05
9.062443391e-05
9.835459517e-05
8.86255361e-05
9.902140011e-05
9.226254421e-05
9.96127677e-05
9.022969845e-05
9.201480766e-05
9.359354569e-05
9.000089901e-05
8.89252578e-05
9.321586444e-05
9.209805426e-05
9.118983257e-05
9.259586198e-05
9.169503403e-05
9.303830705e-05
9.942088536e-05
9.582499409e-05
9.492014626e-05
8.908419046e-05
8.593394575e-05
9.636673161e-05
9.548640465e-05
9.433113046e-05
8.903285391e-05
8.575699344e-05
9.153988202e-05
9.043332963e-05
9.39205708e-05
9.489528294e-05
9.409076496e-05
8.32650795e-05
9.791410323e-05
9.292633207e-05
8.306702297e-05
7.317079619e-05
8.768029125e-05
7.289430821e-05
8.730569842e-05
8.704254397e-05
7.718431942e-05
0.0001009355602
8.147134193e-05
7.635366286e-05
8.560405913e-05
9.465765563e-05
8.957220487e-05
9.847024205e-05
9.336706837e-05
8.81775469e-05
7.850885544e-05
0.0001009532712
8.671777122e-05
9.51923062e-05
0.000103648675
9.842364499e-05
8.891245991e-05
0.0001014674515
9.202021781e-05
9.562926931e-05
9.926075078e-05
8.987177836e-05
9.343997493e-05
0.0001010503053
0.0001002481679
9.93496584e-05
9.03146587e-05
9.761609992e-05
9.677264137e-05
9.585673719e-05
9.10396181e-05
8.623844855e-05
9.320736303e-05
9.228714707e-05
9.140733589e-05
9.425955125e-05
8.960353119e-05
9.23852614e-05
9.145963335e-05
8.689422724e-05
0.0001003395548
8.510524488e-05
9.124046265e-05
8.332710228e-05
8.589067216e-05
8.836231321e-05
0.0001008828609
9.645269415e-05
9.54327265e-05
8.786607118e-05
8.693474908e-05
8.27759345e-05
8.819793393e-05
9.342660889e-05
9.243690817e-05
8.833311678e-05
9.041367332e-05
9.532812582e-05
9.432518437e-05
9.031472297e-05
9.513560514e-05
9.402149477e-05
9.586410281e-05
8.358936804e-05
9.651588437e-05
9.264767754e-05
9.43988615e-05
9.594042624e-05
9.233301959e-05
8.341001348e-05
9.289910871e-05
9.178519588e-05
9.340443686e-05
8.978715344e-05
9.138340348e-05
9.272199939e-05
8.699953551e-05
0.0001002738544
8.986722374e-05
8.410798975e-05
9.027035014e-05
9.375123429e-05
9.062904831e-05
9.400856268e-05
9.316482684e-05
8.984579128e-05
9.339822878e-05
9.012256162e-05
8.508900406e-05
9.456821624e-05
8.751550373e-05
9.757807167e-05
9.753348528e-05
9.256529213e-05
7.30097183e-05
0.0001117598061
8.734009797e-05
0.000101656604
8.69675165e-05
8.18889553e-05
9.130208932e-05
9.097036617e-05
8.115721737e-05
9.032120033e-05
9.94874643e-05
8.486524142e-05
9.862153001e-05
8.875174005e-05
9.301064116e-05
9.2465232e-05
8.281095657e-05
8.685650159e-05
9.548309484e-05
0.0001038648931
8.081065375e-05
9.359705199e-05
0.0001018658249
9.669315324e-05
0.0001004079156
9.527373854e-05
9.029287609e-05
8.953938752e-05
8.886326425e-05
8.389878896e-05
9.571819925e-05
9.073726879e-05
8.589441181e-05
8.105068054e-05
9.240336328e-05
9.153015842e-05
9.071048106e-05
8.983373953e-05
9.287216774e-05
9.195659158e-05
9.108032034e-05
9.016672657e-05
9.300478689e-05
9.574002812e-05
9.842655138e-05
8.658765608e-05
8.927308669e-05
9.187358905e-05
8.74233797e-05
9.341526824e-05
9.586149519e-05
9.144142685e-05
0.0001005319022
9.943268327e-05
0.0001016607864
8.756254256e-05
9.305197028e-05
9.200916157e-05
9.417261306e-05
8.379539317e-05
8.290782024e-05
9.410193273e-05
8.710088195e-05
9.5002735e-05
9.400327716e-05
9.291057724e-05
9.768469849e-05
8.234406317e-05
8.991832394e-05
8.608248975e-05
9.06917897e-05
9.233356778e-05
9.139081765e-05
9.561542245e-05
9.202018915e-05
9.351854127e-05
9.00127068e-05
9.147445587e-05
9.308814692e-05
9.196875088e-05
9.107388394e-05
9.240783517e-05
9.152162347e-05
9.041628388e-05
8.720548565e-05
0.0001001211804
8.765700961e-05
8.887469045e-05
9.257879453e-05
9.145752217e-05
8.842603414e-05
8.735502971e-05
9.307924832e-05
8.767549543e-05
9.751733159e-05
8.796050324e-05
8.72150376e-05
9.720017612e-05
8.258244275e-05
8.250104185e-05
8.727264955e-05
8.712607143e-05
9.183600848e-05
0.000101264229
9.625771598e-05
7.677507069e-05
9.573739763e-05
9.062079015e-05
8.084550581e-05
9.944616198e-05
8.966775581e-05
7.9844361e-05
8.421008379e-05
7.44538504e-05
9.728977116e-05
8.290320482e-05
9.166364906e-05
9.563685389e-05
9.059330397e-05
9.447672004e-05
8.945249855e-05
0.0001021275579
9.266038808e-05
9.633318358e-05
0.0001000345801
9.060625785e-05
9.424261593e-05
8.496137744e-05
8.010422602e-05
9.195038745e-05
9.951424866e-05
8.218767945e-05
9.373230608e-05
9.690811019e-05
9.206872012e-05
9.516522717e-05
9.431344207e-05
8.951143054e-05
8.482776014e-05
9.162839562e-05
9.075563628e-05
8.984657372e-05
9.267491878e-05
9.540179129e-05
9.444660646e-05
9.347351059e-05
8.895950378e-05
9.155209535e-05
0.0001010565297
8.964205836e-05
8.87043647e-05
9.787414751e-05
9.016503919e-05
8.25742569e-05
8.496944293e-05
8.079731831e-05
9.273179899e-05
8.853165533e-05
8.759302531e-05
8.350881205e-05
8.568453659e-05
9.378101351e-05
9.279039569e-05
8.284461324e-05
9.953878212e-05
8.680800836e-05
9.162650405e-05
9.90440617e-05
0.0001008153992
8.579128285e-05
9.038497845e-05
9.47280978e-05
8.572422172e-05
8.99985791e-05
9.432974195e-05
9.32029617e-05
9.227201185e-05
9.116581279e-05
9.026658664e-05
8.91811167e-05
9.321960145e-05
9.20957927e-05
8.88121771e-05
9.011068407e-05
9.395749328e-05
0.0001021028684
9.425718261e-05
9.08445475e-05
8.551386246e-05
9.337000034e-05
9.473514431e-05
9.141055064e-05
8.844790721e-05
8.950738944e-05
9.295917759e-05
8.974654236e-05
9.105551462e-05
9.682519627e-05
8.710295245e-05
0.0001015201493
8.693625063e-05
0.0001012556428
8.666757e-05
0.0001008748714
9.109333821e-05
9.560057743e-05
9.060166318e-05
9.50251479e-05
9.474844653e-05
9.43490946e-05
7.992297153e-05
9.825596863e-05
8.855043028e-05
7.880727241e-05
9.692118325e-05
9.635509815e-05
0.0001004495299
0.0001043511566
9.927819504e-05
0.0001030870364
9.802969414e-05
9.732313844e-05
9.671140986e-05
9.597588417e-05
9.966401065e-05
9.457054922e-05
9.389527434e-05
9.734687326e-05
0.0001008132953
7.912168091e-05
8.675739111e-05
8.598357365e-05
9.33922654e-05
8.851145654e-05
9.173649207e-05
9.482320012e-05
9.005929534e-05
8.919142606e-05
8.836691823e-05
9.1302534e-05
9.420131132e-05
8.952868634e-05
9.234738234e-05
9.140955378e-05
0.0001013540148
8.956349789e-05
9.21940408e-05
9.474179934e-05
9.028671248e-05
8.933084918e-05
9.179650445e-05
9.417248203e-05
9.318144247e-05
9.874789947e-05
8.467702713e-05
9.984495304e-05
8.922713986e-05
0.0001071351692
9.352893424e-05
8.630656168e-05
0.0001006412738
8.140262726e-05
8.65089732e-05
9.435857226e-05
9.628369736e-05
8.651435087e-05
9.702386546e-05
9.306908096e-05
8.652013743e-05
9.653456077e-05
9.00802361e-05
9.44090977e-05
8.810537389e-05
9.233386577e-05
9.401229753e-05
8.772897678e-05
9.196162756e-05
9.085924549e-05
8.99629784e-05
9.135007693e-05
9.046109268e-05
8.937043342e-05
9.568996846e-05
9.217048899e-05
0.0001006640034
9.482041639e-05
8.706562324e-05
9.28010953e-05
9.643876368e-05
8.862282027e-05
8.782743015e-05
9.326949664e-05
9.029783115e-05
9.557458071e-05
9.685412084e-05
9.568041393e-05
9.280741357e-05
9.163044358e-05
8.19478043e-05
7.223590345e-05
7.697994232e-05
0.0001056704058
7.674237779e-05
0.0001004884964
9.074453799e-05
9.047337534e-05
8.075488948e-05
8.992963662e-05
9.438730744e-05
9.868982382e-05
0.0001030366439
9.32223934e-05
9.285789412e-05
9.698244052e-05
9.195750252e-05
0.0001005636131
9.097446055e-05
8.588011562e-05
9.441080636e-05
9.377181211e-05
8.878580274e-05
8.373969453e-05
0.0001007323816
8.258196741e-05
8.202727627e-05
8.565712072e-05
9.78027784e-05
9.277379601e-05
9.207459759e-05
8.71320662e-05
9.055841429e-05
8.975198912e-05
8.496297142e-05
9.621031632e-05
9.538085538e-05
9.448362278e-05
9.363881316e-05
9.273777545e-05
9.188089276e-05
9.476977284e-05
9.011316362e-05
9.29302505e-05
8.834126682e-05
9.108888172e-05
9.017750618e-05
8.925081878e-05
9.187245687e-05
8.392228713e-05
8.651270322e-05
9.586962363e-05
9.147914747e-05
9.049632256e-05
9.617707515e-05
9.18484303e-05
9.412353443e-05
9.950358176e-05
8.574643341e-05
9.106863081e-05
8.699635774e-05
8.908530465e-05
0.0001002995376
9.014099734e-05
9.8107891e-05
9.110101326e-05
9.595843634e-05
8.334858437e-05
9.385276727e-05
9.275588313e-05
8.066582675e-05
8.796360261e-05
9.249807335e-05
9.678058856e-05
9.313143936e-05
9.202422618e-05
9.36969825e-05
9.257814929e-05
9.16533244e-05
9.05547331e-05
9.464259487e-05
9.104385086e-05
9.259447579e-05
9.869993394e-05
9.060049399e-05
9.186105186e-05
9.33264995e-05
9.450168093e-05
8.905641007e-05
9.023282694e-05
9.16436219e-05
8.83238614e-05
9.190771497e-05
9.079242352e-05
8.784988691e-05
8.466719867e-05
8.393555379e-05
9.535512574e-05
9.249202722e-05
9.608384972e-05
9.123814409e-05
0.0001055406666
9.585685927e-05
9.091204795e-05
8.122724662e-05
0.00010010507
9.515620918e-05
8.538522276e-05
0.000104108518
9.430315615e-05
8.932746535e-05
7.022568046e-05
9.331503318e-05
9.751387056e-05
8.325672651e-05
0.0001012183213
9.161173613e-05
0.0001001866377
8.157036427e-05
8.55595136e-05
8.062175047e-05
8.007710406e-05
8.403335931e-05
8.782094418e-05
0.0001003601517
9.093876096e-05
9.03283478e-05
9.814483049e-05
9.320821597e-05
9.243567422e-05
9.173946536e-05
8.681616092e-05
8.202774988e-05
8.942830042e-05
9.67508163e-05
9.187079199e-05
8.711921322e-05
9.414646893e-05
8.941739234e-05
9.240859042e-05
9.918474963e-05
9.065771491e-05
8.979532637e-05
8.88996125e-05
8.803123804e-05
9.803208782e-05
8.986257149e-05
9.605554052e-05
9.15531086e-05
9.40856269e-05
8.621334597e-05
8.871486865e-05
9.116397725e-05
8.350519845e-05
8.923693594e-05
9.480340047e-05
0.0001002709215
9.596568081e-05
8.861939145e-05
8.762974528e-05
9.599046139e-05
8.878372619e-05
9.390192553e-05
8.983669952e-05
9.185092084e-05
8.786539326e-05
8.983928274e-05
9.166181997e-05
9.353744532e-05
8.964342904e-05
9.148429253e-05
9.314833558e-05
9.489971582e-05
9.109814271e-05
9.016788708e-05
8.909618049e-05
9.338377553e-05
8.970584977e-05
9.388450046e-05
9.025225501e-05
9.432639514e-05
8.828724747e-05
8.985649265e-05
9.11721829e-05
9.505006043e-05
9.155368548e-05
9.766487867e-05
9.418508114e-05
9.103385588e-05
9.217829679e-05
0.0001002469193
9.462893122e-05
9.159872003e-05
8.833204417e-05
9.182482099e-05
9.070974736e-05
8.992596552e-05
8.676838604e-05
9.62756117e-05
7.657393386e-05
8.132284573e-05
9.080137219e-05
7.639327655e-05
8.579931753e-05
9.043786335e-05
9.972455841e-05
9.479462113e-05
8.978693118e-05
0.0001084279857
9.394625892e-05
9.367322578e-05
9.328086047e-05
8.83149121e-05
9.714700935e-05
9.215968852e-05
0.0001008388573
0.0001003954162
9.073861633e-05
9.481033618e-05
0.0001031868325
9.370922789e-05
8.864509064e-05
8.812897127e-05
9.187210772e-05
9.564324241e-05
9.923424606e-05
8.14262299e-05
9.353501481e-05
0.0001013110294
9.628637212e-05
9.971646972e-05
9.474087501e-05
9.807818322e-05
9.315725345e-05
9.238678711e-05
9.552249964e-05
9.07540399e-05
9.381171271e-05
9.297376702e-05
9.208173411e-05
9.123171573e-05
9.033870885e-05
8.947972333e-05
9.227956159e-05
9.137851844e-05
9.769057946e-05
8.954982889e-05
8.50866862e-05
9.123597274e-05
9.723356466e-05
9.278933755e-05
9.521082637e-05
9.758067284e-05
9.653459031e-05
8.893179959e-05
8.79644053e-05
8.70352604e-05
8.607582107e-05
9.46270836e-05
9.669030466e-05
8.949375553e-05
0.0001006888975
9.660410231e-05
9.251893092e-05
0.0001004008767
9.340854222e-05
8.66495116e-05
9.135485804e-05
9.322423509e-05
9.213576907e-05
9.394148016e-05
9.010692002e-05
9.728532569e-05
9.34648594e-05
9.251040572e-05
9.402288244e-05
9.307265554e-05
9.196165831e-05
9.104287835e-05
8.995179092e-05
8.906428537e-05
9.532603136e-05
8.955721319e-05
8.84771419e-05
8.999663991e-05
9.592777267e-05
8.575113003e-05
9.616012233e-05
9.299809431e-05
8.962928957e-05
9.547111645e-05
9.431185069e-05
9.129179582e-05
9.232980468e-05
8.938818928e-05
8.830190059e-05
9.170752433e-05
8.853432646e-05
9.39091449e-05
9.058608076e-05
8.57794526e-05
9.521749972e-05
9.512910522e-05
8.547391879e-05
9.009495369e-05
8.042370415e-05
9.44357707e-05
8.473983206e-05
7.983966227e-05
8.423284763e-05
7.465617715e-05
8.363712387e-05
8.798305556e-05
9.678289815e-05
7.345160669e-05
8.67628332e-05
9.547434305e-05
9.944110255e-05
8.995989276e-05
8.939519731e-05
9.336233431e-05
0.0001015657601
0.0001009748145
0.0001002523128
9.529241083e-05
9.457280353e-05
8.966889224e-05
8.472259808e-05
8.832517848e-05
9.593798789e-05
8.279678807e-05
9.850419765e-05
9.772561967e-05
9.282368971e-05
9.205642166e-05
9.518226612e-05
8.649942349e-05
8.958435661e-05
9.26447739e-05
9.175718187e-05
9.091055514e-05
9.002193995e-05
8.916633102e-05
9.195762225e-05
9.106006577e-05
9.014022428e-05
0.0001070871067
8.832574498e-05
9.092102638e-05
9.343848111e-05
9.247046821e-05
9.149606819e-05
9.05401073e-05
0.0001061576947
9.847638099e-05
8.117186974e-05
8.99523877e-05
8.578451459e-05
9.745056603e-05
8.70386121e-05
9.534320552e-05
8.514573454e-05
8.725319038e-05
9.518317443e-05
9.12351022e-05
9.309610251e-05
9.211704862e-05
9.674056675e-05
8.446646856e-05
9.461150223e-05
9.087473589e-05
9.252859842e-05
9.157492271e-05
9.581584796e-05
9.483735553e-05
9.371071926e-05
9.276360173e-05
9.165648158e-05
9.578184425e-05
8.965332078e-05
8.876869781e-05
8.770122337e-05
8.925992069e-05
9.056666657e-05
8.969772137e-05
8.861315718e-05
9.470563483e-05
9.127629583e-05
9.268856065e-05
8.933053844e-05
8.851429598e-05
8.743896558e-05
9.315327687e-05
9.202076768e-05
9.969487181e-05
9.638706924e-05
9.347712943e-05
9.028838064e-05
9.562787075e-05
0.0001044921612
8.070734725e-05
9.485735284e-05
9.003088859e-05
8.515097891e-05
9.920249086e-05
8.483326977e-05
8.937564558e-05
8.911082503e-05
8.889672975e-05
9.324050781e-05
9.761836107e-05
9.258204226e-05
0.000101493739
8.723850559e-05
9.147190427e-05
0.0001046378742
9.964885063e-05
8.105930221e-05
9.410804931e-05
9.35184276e-05
7.972971389e-05
0.0001011924308
9.185587617e-05
9.119980204e-05
9.925978652e-05
8.137908996e-05
9.785159667e-05
9.707794635e-05
8.38147968e-05
9.143593669e-05
8.662361429e-05
9.406128335e-05
8.926094997e-05
8.847109289e-05
9.571660226e-05
9.08925957e-05
8.619282392e-05
9.314929158e-05
9.23181009e-05
9.143490945e-05
9.059164776e-05
9.344519246e-05
8.885512628e-05
8.797240458e-05
8.7114072e-05
9.70146515e-05
8.893082906e-05
8.802163382e-05
8.712331436e-05
9.656705873e-05
9.215378294e-05
9.118384223e-05
8.354755874e-05
9.257231457e-05
8.505634671e-05
8.413297265e-05
8.644634364e-05
9.816112478e-05
8.772313508e-05
9.60402433e-05
9.195758698e-05
9.092184698e-05
9.295818714e-05
9.486507673e-05
9.093027912e-05
9.568530053e-05
9.181001205e-05
9.35829066e-05
9.260406546e-05
9.429734268e-05
9.057299355e-05
9.222181202e-05
9.127128703e-05
9.549852776e-05
9.189759977e-05
8.821169859e-05
8.732011618e-05
9.135332362e-05
9.044051009e-05
9.183895883e-05
9.093270648e-05
8.741111906e-05
9.136904396e-05
8.551602432e-05
9.64587384e-05
9.529220528e-05
8.518288045e-05
9.552222179e-05
9.238108065e-05
9.125961659e-05
9.263122913e-05
9.586272019e-05
9.500236626e-05
8.744803475e-05
9.090596743e-05
9.188797764e-05
9.523490074e-05
8.794041628e-05
9.125162983e-05
9.46346999e-05
8.513267155e-05
8.97749241e-05
8.969170235e-05
8.954327402e-05
8.941687682e-05
9.390493765e-05
9.372615929e-05
0.0001074663815
8.390218185e-05
8.360243435e-05
9.262213476e-05
9.223654493e-05
9.651906012e-05
0.0001006372223
9.568843989e-05
9.97173467e-05
8.574157303e-05
0.000103193244
9.3760793e-05
9.761132568e-05
9.70893475e-05
8.767116167e-05
0.000100236008
9.086732561e-05
9.029848494e-05
9.815410519e-05
9.749699541e-05
9.672745418e-05
9.186382855e-05
9.938997732e-05
9.453311815e-05
9.372513057e-05
9.70280425e-05
9.617079396e-05
9.140272855e-05
9.450901873e-05
9.369642564e-05
8.895401108e-05
9.199372356e-05
9.111489289e-05
9.779788412e-05
9.311981267e-05
8.85460863e-05
9.132043587e-05
8.681258223e-05
8.951868798e-05
9.216950823e-05
9.122839402e-05
8.682462703e-05
9.280017698e-05
8.163489723e-05
8.750804586e-05
8.992471807e-05
8.237391477e-05
9.128910932e-05
9.674899503e-05
8.934578472e-05
9.467530785e-05
9.679572636e-05
9.571847948e-05
9.470461997e-05
9.363876898e-05
9.862508709e-05
9.454909809e-05
9.062748613e-05
8.958753148e-05
8.578595199e-05
9.044618517e-05
9.229706463e-05
8.845671771e-05
9.300880138e-05
9.191705326e-05
8.829408005e-05
9.253932178e-05
9.421120928e-05
9.050666559e-05
9.21516109e-05
9.105216446e-05
9.014230521e-05
9.648414043e-05
8.818336989e-05
9.196309032e-05
9.346425677e-05
8.99691402e-05
9.61404706e-05
8.802799112e-05
8.949084464e-05
8.840597515e-05
8.758413961e-05
9.317591994e-05
9.452269466e-05
9.337323183e-05
8.392729566e-05
9.140885869e-05
9.27108199e-05
9.366308575e-05
9.285410734e-05
8.764643927e-05
8.690463541e-05
8.956525603e-05
8.481292485e-05
8.94379124e-05
8.465216424e-05
0.0001079880221
8.908165157e-05
8.419800549e-05
7.936903709e-05
7.913484351e-05
9.752022971e-05
8.791801718e-05
8.766314372e-05
9.648829749e-05
9.158135068e-05
9.114929423e-05
9.079430979e-05
9.483316786e-05
9.441724699e-05
8.046276115e-05
9.786447524e-05
0.0001060948435
9.233689395e-05
8.29836942e-05
9.118624035e-05
9.053726452e-05
8.997086387e-05
8.079069693e-05
9.292126123e-05
9.21890714e-05
8.737314365e-05
9.903422516e-05
9.009974448e-05
8.933087746e-05
9.668297518e-05
9.58300995e-05
9.503932286e-05
9.417595399e-05
9.336665387e-05
9.249615981e-05
9.167161775e-05
9.458032145e-05
8.996049845e-05
8.908482334e-05
9.191582142e-05
9.100514261e-05
9.01178876e-05
8.564267809e-05
9.53859542e-05
9.791000912e-05
9.345021915e-05
8.905894025e-05
9.152687548e-05
9.392002635e-05
9.293941468e-05
8.537970175e-05
9.098116767e-05
8.99954399e-05
9.85861346e-05
0.0001006486597
9.335960877e-05
9.232148174e-05
8.829894209e-05
9.031650195e-05
9.233949676e-05
8.245581523e-05
9.906799686e-05
9.217119964e-05
9.405210227e-05
9.014729793e-05
8.920445343e-05
9.092008717e-05
8.997548068e-05
8.891976379e-05
8.800325129e-05
9.223486924e-05
9.390122647e-05
9.278654395e-05
9.184863365e-05
9.075298441e-05
8.984606037e-05
9.123550189e-05
9.521805702e-05
9.407301622e-05
9.076841147e-05
8.967332399e-05
9.114994024e-05
9.697390688e-05
8.690919669e-05
9.263337812e-05
8.729550772e-05
9.729072789e-05
9.640167484e-05
9.739307813e-05
9.222926203e-05
9.322468875e-05
9.660379437e-05
9.335191217e-05
9.254570027e-05
9.141741752e-05
9.467243853e-05
8.453375505e-05
0.000107966563
9.848272902e-05
9.370625234e-05
9.822940967e-05
7.940693778e-05
8.854414609e-05
9.767848934e-05
9.739086489e-05
0.0001017838404
9.681161843e-05
9.193441469e-05
9.613089035e-05
0.0001049286633
9.989397976e-05
8.593630006e-05
8.548568962e-05
8.95905375e-05
9.352906635e-05
7.534554802e-05
8.80895452e-05
8.323815672e-05
0.0001000887303
9.518150234e-05
9.450528743e-05
9.818328886e-05
9.321015534e-05
9.258694986e-05
8.768322463e-05
7.87688819e-05
9.456930186e-05
8.161709921e-05
9.305998184e-05
9.634035353e-05
9.151298498e-05
9.075825372e-05
8.993501069e-05
9.303919527e-05
9.217301658e-05
9.135175972e-05
9.048153328e-05
8.964821025e-05
9.617483614e-05
9.159834465e-05
9.069201902e-05
8.621582015e-05
8.534943767e-05
8.801820994e-05
9.757634521e-05
8.968268869e-05
9.558425805e-05
9.121660947e-05
8.691686394e-05
8.931763781e-05
8.836526533e-05
9.067529658e-05
9.289720461e-05
0.0001014254952
9.404304742e-05
8.684482585e-05
8.894709444e-05
0.0001031785186
9.001684214e-05
0.0001039084851
9.392341384e-05
9.002790984e-05
9.186696913e-05
9.942303591e-05
7.861908214e-05
9.724604628e-05
9.336725864e-05
9.511480245e-05
9.399923105e-05
9.303035227e-05
8.930577304e-05
9.359327684e-05
9.2482523e-05
9.154764213e-05
9.296842413e-05
9.20393051e-05
9.093673758e-05
9.003920249e-05
9.376489255e-05
8.570941277e-05
8.702735597e-05
9.08511606e-05
9.205316081e-05
9.346281129e-05
9.232915281e-05
8.92397661e-05
8.595130805e-05
9.826829288e-05
9.275779685e-05
9.406311532e-05
8.235805404e-05
9.628476187e-05
9.717803486e-05
9.838862412e-05
9.516335113e-05
8.632770542e-05
8.421858273e-05
9.821068051e-05
8.877142321e-05
9.335716488e-05
8.854343995e-05
8.376507051e-05
0.0001021437813
8.804743923e-05
8.778870647e-05
9.679706591e-05
9.186034554e-05
8.24349332e-05
8.665458587e-05
8.181520389e-05
8.595467018e-05
9.012668031e-05
9.413775775e-05
8.033607915e-05
9.762492205e-05
8.831831632e-05
8.776906973e-05
9.166569037e-05
9.972616105e-05
9.483707331e-05
0.0001027248958
9.782962645e-05
8.865398829e-05
9.644844613e-05
9.569100001e-05
9.501165762e-05
8.603901837e-05
8.946015201e-05
8.869915548e-05
8.800013901e-05
9.119107209e-05
9.437156082e-05
9.351681784e-05
9.271402559e-05
9.567929516e-05
9.482721458e-05
9.016814401e-05
8.93380827e-05
9.58434137e-05
8.763173133e-05
8.676580107e-05
0.0001002405895
9.214638172e-05
8.420942571e-05
9.724494775e-05
9.281598615e-05
8.845672483e-05
8.754146063e-05
8.66242583e-05
0.0001022048887
9.459262351e-05
9.037147522e-05
9.258693299e-05
9.792796671e-05
9.060573766e-05
9.273851947e-05
9.170902776e-05
8.468881914e-05
8.971916422e-05
8.581098822e-05
9.946452102e-05
8.97310869e-05
8.870334224e-05
9.060206422e-05
9.235401733e-05
9.138815508e-05
9.306129447e-05
9.209446036e-05
8.833783947e-05
9.272592834e-05
9.424999002e-05
9.328734045e-05
9.218048784e-05
9.12486169e-05
9.516939987e-05
8.925937404e-05
9.063992359e-05
9.217080461e-05
9.345878072e-05
9.254866691e-05
9.143189687e-05
9.055433329e-05
9.404600572e-05
8.634080606e-05
8.978236023e-05
8.894760376e-05
9.665278356e-05
8.923977142e-05
9.460318404e-05
9.16233692e-05
9.050610325e-05
8.970905813e-05
9.067493293e-05
9.397799147e-05
9.484838718e-05
8.80430826e-05
7.458289051e-05
9.318659478e-05
9.309672608e-05
8.836013527e-05
8.357220505e-05
7.881816407e-05
8.78884584e-05
9.233845586e-05
8.28609008e-05
8.266242097e-05
8.694558234e-05
0.0001049453568
9.087996286e-05
9.510030775e-05
9.465428796e-05
8.081688059e-05
0.0001071929866
9.783012696e-05
8.400557909e-05
0.000105596597
9.619600939e-05
9.13337346e-05
9.504593911e-05
9.019989495e-05
8.956131291e-05
8.476391542e-05
9.254345116e-05
8.356862932e-05
8.705909159e-05
9.055767123e-05
8.98169128e-05
9.319573753e-05
9.240420744e-05
9.566234398e-05
9.087141603e-05
9.404118634e-05
8.930775193e-05
9.239112091e-05
9.15334567e-05
9.071869347e-05
8.985691813e-05
8.903009345e-05
9.184064192e-05
9.460872238e-05
9.007219189e-05
9.276280706e-05
9.536505771e-05
9.441374309e-05
8.999323701e-05
8.222407739e-05
9.154937869e-05
9.060234556e-05
8.965413986e-05
9.529045487e-05
9.427653319e-05
0.000106153555
8.591467691e-05
8.815679625e-05
9.030520317e-05
0.0001016741698
9.445269919e-05
8.440895552e-05
9.538501184e-05
8.847750008e-05
9.330595614e-05
9.232125398e-05
9.982053995e-05
9.594909176e-05
9.205182139e-05
9.108915027e-05
9.275732903e-05
9.719328908e-05
8.804972424e-05
9.242349024e-05
9.394293998e-05
9.298339762e-05
8.677595133e-05
9.095153874e-05
9.236343474e-05
9.391161116e-05
9.034504087e-05
9.42885342e-05
9.554324215e-05
9.461276271e-05
9.113420754e-05
9.257378384e-05
8.459421195e-05
9.738299353e-05
9.172665788e-05
8.644091449e-05
8.976851082e-05
9.111759465e-05
9.429345463e-05
8.707579837e-05
8.601336059e-05
9.565297698e-05
9.24306746e-05
9.163264996e-05
9.25241076e-05
9.174152813e-05
8.823941615e-05
8.819969003e-05
9.739003532e-05
9.730007182e-05
9.714069116e-05
8.776551449e-05
0.0001059988202
9.199792702e-05
8.25558166e-05
8.693363907e-05
8.206692649e-05
9.092177237e-05
8.601967806e-05
8.121609672e-05
9.430858945e-05
8.499535771e-05
9.790258999e-05
9.304366894e-05
9.25115774e-05
8.767833914e-05
0.0001002053233
9.967123866e-05
8.609464885e-05
9.843544156e-05
9.773976463e-05
8.868381303e-05
8.802213274e-05
9.992541274e-05
8.261937639e-05
9.433859288e-05
8.136360359e-05
9.69049921e-05
8.807630547e-05
9.135495096e-05
9.449112329e-05
9.371311692e-05
8.899739229e-05
9.207045765e-05
9.121699353e-05
9.040543935e-05
8.954783333e-05
8.872422046e-05
9.152632161e-05
9.065893817e-05
8.976544462e-05
9.244722867e-05
0.0001020819848
8.712413137e-05
8.968965607e-05
9.560475971e-05
8.786259906e-05
9.364268727e-05
0.0001025920174
9.824692478e-05
8.748237258e-05
8.976989983e-05
9.197256623e-05
9.414051144e-05
8.379930023e-05
8.598393005e-05
0.0001002151108
9.614964056e-05
8.615868674e-05
0.0001028847557
9.881277808e-05
9.489445333e-05
9.665159769e-05
9.563555292e-05
9.453194808e-05
9.354337128e-05
9.51746176e-05
9.687687035e-05
9.574198068e-05
9.475510486e-05
9.363788407e-05
9.268142894e-05
9.158229753e-05
9.317462171e-05
8.957567012e-05
9.360698335e-05
9.248591039e-05
8.916308677e-05
8.571001319e-05
9.194817484e-05
9.549683245e-05
8.765962733e-05
9.799285687e-05
8.577980173e-05
9.142834952e-05
9.499665437e-05
8.72937735e-05
9.298318407e-05
9.1849707e-05
9.314225457e-05
8.991410775e-05
9.534018352e-05
9.212762269e-05
9.133229033e-05
9.422467281e-05
8.945218409e-05
)
;

boundaryField
{
    BCSymmetryPlane
    {
        type            symmetry;
    }
    BCWall
    {
        type            calculated;
        value           uniform 0;
    }
    inlet
    {
        type            calculated;
        value           uniform 0;
    }
    outlet
    {
        type            calculated;
        value           uniform 0;
    }
}


// ************************************************************************* //
